<annotation><filename>m1_s01_017_p_ic066.jpg</filename><folder>users/joselusava//santiago</folder><source><submittedBy>Jose Saca</submittedBy></source><imagesize><nrows>3200</nrows><ncols>4800</ncols></imagesize><object><name>m1_s01_017_p_ic066</name><deleted>0</deleted><verified>0</verified><occluded>no</occluded><attributes></attributes><parts><hasparts></hasparts><ispartof></ispartof></parts><date>10-09-20 22:44:59:278</date><id>0</id><type>bounding_box</type><polygon><username>anonymous</username><pt><x>1382</x><y>605</y><time>10-09-20 22:44:50:332</time></pt><pt><x>2725</x><y>605</y><time>10-09-20 22:44:52:304</time></pt><pt><x>2725</x><y>1688</y><time>undefined</time></pt><pt><x>1382</x><y>1688</y><time>undefined</time></pt><closed_date>10-09-20 22:44:52:305</closed_date></polygon></object></annotation>