<annotation><filename>m4_s06_089_p_ic059.jpg</filename><folder>users/joselusava//santiago_2</folder><source><submittedBy>Jose Saca</submittedBy></source><imagesize><nrows>2970</nrows><ncols>4451</ncols></imagesize><object><name>m4_s06_089_p_ic059</name><deleted>0</deleted><verified>0</verified><occluded>no</occluded><attributes></attributes><parts><hasparts></hasparts><ispartof></ispartof></parts><date>11-10-20 18:52:15:899</date><id>0</id><type>bounding_box</type><polygon><username>anonymous</username><pt><x>1535</x><y>548</y><time>11-10-20 18:52:12:010</time></pt><pt><x>2995</x><y>548</y><time>11-10-20 18:52:13:580</time></pt><pt><x>2995</x><y>2666</y><time>undefined</time></pt><pt><x>1535</x><y>2666</y><time>undefined</time></pt><closed_date>11-10-20 18:52:13:581</closed_date></polygon></object></annotation>