<annotation><filename>m2_s01_010_p_nic092.jpg</filename><folder>users/joselusava//santiago</folder><source><submittedBy>Jose Saca</submittedBy></source><imagesize><nrows>2850</nrows><ncols>4271</ncols></imagesize><object><name>m2_s01_010_p_nic092</name><deleted>0</deleted><verified>0</verified><occluded>no</occluded><attributes></attributes><parts><hasparts></hasparts><ispartof></ispartof></parts><date>22-09-20 21:51:48:181</date><id>0</id><type>bounding_box</type><polygon><username>anonymous</username><pt><x>1818</x><y>234</y><time>22-09-20 21:51:40:853</time></pt><pt><x>2997</x><y>234</y><time>22-09-20 21:51:42:149</time></pt><pt><x>2997</x><y>1536</y><time>undefined</time></pt><pt><x>1818</x><y>1536</y><time>undefined</time></pt><closed_date>22-09-20 21:51:42:150</closed_date></polygon></object></annotation>