<annotation><filename>m2_s01_001_p_ic007.jpg</filename><folder>users/joselusava//santiago</folder><source><submittedBy>Jose Saca</submittedBy></source><imagesize><nrows>2850</nrows><ncols>4271</ncols></imagesize><object><name>m2_s01_001_p_ic007</name><deleted>0</deleted><verified>0</verified><occluded>no</occluded><attributes></attributes><parts><hasparts></hasparts><ispartof></ispartof></parts><date>18-09-20 22:17:11:838</date><id>0</id><type>bounding_box</type><polygon><username>anonymous</username><pt><x>923</x><y>256</y><time>18-09-20 22:16:48:239</time></pt><pt><x>3244</x><y>256</y><time>18-09-20 22:16:51:310</time></pt><pt><x>3244</x><y>2600</y><time>undefined</time></pt><pt><x>923</x><y>2600</y><time>undefined</time></pt><closed_date>18-09-20 22:16:51:311</closed_date></polygon></object></annotation>