<annotation><filename>m1_s02_029_p_ic071.jpg</filename><folder>users/joselusava//valeria/sala2_029_ic</folder><source><submittedBy>Jose Saca</submittedBy></source><imagesize><nrows>3200</nrows><ncols>4800</ncols></imagesize><object><name>m1_s02_029_p_ic071</name><deleted>0</deleted><verified>0</verified><occluded>no</occluded><attributes></attributes><parts><hasparts></hasparts><ispartof></ispartof></parts><date>22-08-20 20:40:34:783</date><id>0</id><type>bounding_box</type><polygon><username>anonymous</username><pt><x>929</x><y>32</y><time>22-08-20 20:40:26:186</time></pt><pt><x>3828</x><y>32</y><time>22-08-20 20:40:30:969</time></pt><pt><x>3828</x><y>3082</y><time>undefined</time></pt><pt><x>929</x><y>3082</y><time>undefined</time></pt><closed_date>22-08-20 20:40:30:970</closed_date></polygon></object></annotation>