<annotation><filename>m4_s09_138_p_ic045.jpg</filename><folder>users/joselusava//santiago_2</folder><source><submittedBy>Jose Saca</submittedBy></source><imagesize><nrows>2970</nrows><ncols>4451</ncols></imagesize><object><name>m4_s09_138_p_ic045</name><deleted>0</deleted><verified>0</verified><occluded>no</occluded><attributes></attributes><parts><hasparts></hasparts><ispartof></ispartof></parts><date>22-10-20 16:37:59:262</date><id>0</id><type>bounding_box</type><polygon><username>anonymous</username><pt><x>86</x><y>625</y><time>22-10-20 16:37:54:806</time></pt><pt><x>4269</x><y>625</y><time>22-10-20 16:37:56:757</time></pt><pt><x>4269</x><y>2606</y><time>undefined</time></pt><pt><x>86</x><y>2606</y><time>undefined</time></pt><closed_date>22-10-20 16:37:56:757</closed_date></polygon></object></annotation>