<annotation><filename>m2_s01_001_p_nic066.jpg</filename><folder>users/joselusava//santiago</folder><source><submittedBy>Jose Saca</submittedBy></source><imagesize><nrows>2850</nrows><ncols>4271</ncols></imagesize><object><name>m2_s01_001_p_nic066</name><deleted>0</deleted><verified>0</verified><occluded>no</occluded><attributes></attributes><parts><hasparts></hasparts><ispartof></ispartof></parts><date>19-09-20 23:12:06:096</date><id>0</id><type>bounding_box</type><polygon><username>anonymous</username><pt><x>2267</x><y>680</y><time>19-09-20 23:11:58:660</time></pt><pt><x>3526</x><y>680</y><time>19-09-20 23:11:59:940</time></pt><pt><x>3526</x><y>1792</y><time>undefined</time></pt><pt><x>2267</x><y>1792</y><time>undefined</time></pt><closed_date>19-09-20 23:11:59:942</closed_date></polygon></object></annotation>