<annotation><filename>m2_s01_034_p_nic072.jpg</filename><folder>users/joselusava//kath</folder><source><submittedBy>Jose Saca</submittedBy></source><imagesize><nrows>2850</nrows><ncols>4271</ncols></imagesize><object><name>m2_s01_034_p_nic072</name><deleted>0</deleted><verified>0</verified><occluded>no</occluded><attributes></attributes><parts><hasparts></hasparts><ispartof></ispartof></parts><date>25-09-20 20:42:10:529</date><id>0</id><polygon><username>anonymous</username><pt><x>208</x><y>673</y><time>25-09-20 20:42:01:616</time></pt><pt><x>329</x><y>2141</y><time>25-09-20 20:42:03:490</time></pt><pt><x>1246</x><y>2141</y><time>25-09-20 20:42:04:805</time></pt><pt><x>1167</x><y>566</y><time>25-09-20 20:42:06:033</time></pt><closed_date>25-09-20 20:42:07:262</closed_date></polygon></object></annotation>