<annotation><filename>m1_s02_065_p_nic062.jpg</filename><folder>users/joselusava//valeria/sala2_065_nic</folder><source><submittedBy>Jose Saca</submittedBy></source><imagesize><nrows>2000</nrows><ncols>2992</ncols></imagesize><object><name>m1_s02_065_p_nic062</name><deleted>0</deleted><verified>0</verified><occluded>no</occluded><attributes></attributes><parts><hasparts></hasparts><ispartof></ispartof></parts><date>27-08-20 23:47:10:539</date><id>0</id><type>bounding_box</type><polygon><username>anonymous</username><pt><x>1634</x><y>795</y><time>27-08-20 23:47:04:108</time></pt><pt><x>128</x><y>795</y><time>27-08-20 23:47:06:931</time></pt><pt><x>128</x><y>305</y><time>undefined</time></pt><pt><x>1634</x><y>305</y><time>undefined</time></pt><closed_date>27-08-20 23:47:06:932</closed_date></polygon></object></annotation>