<annotation><filename>m1_s02_036_p_nic061.jpg</filename><folder>users/joselusava//valeria/sala2_036_nic</folder><source><submittedBy>Jose Saca</submittedBy></source><imagesize><nrows>3200</nrows><ncols>4800</ncols></imagesize><object><name>m1_s02_036_p_nic061</name><deleted>0</deleted><verified>0</verified><occluded>no</occluded><attributes></attributes><parts><hasparts></hasparts><ispartof></ispartof></parts><date>27-08-20 00:58:01:097</date><id>0</id><type>bounding_box</type><polygon><username>anonymous</username><pt><x>4156</x><y>32</y><time>27-08-20 00:57:38:415</time></pt><pt><x>2368</x><y>32</y><time>27-08-20 00:57:42:322</time></pt><pt><x>2368</x><y>2679</y><time>undefined</time></pt><pt><x>4156</x><y>2679</y><time>undefined</time></pt><closed_date>27-08-20 00:57:42:323</closed_date></polygon></object></annotation>