<annotation><filename>m1_s02_065_p_nic078.jpg</filename><folder>users/joselusava//valeria/sala2_065_nic</folder><source><submittedBy>Jose Saca</submittedBy></source><imagesize><nrows>2000</nrows><ncols>2992</ncols></imagesize><object><name>m1_s02_065_p_nic078</name><deleted>0</deleted><verified>0</verified><occluded>no</occluded><attributes></attributes><parts><hasparts></hasparts><ispartof></ispartof></parts><date>28-08-20 00:08:47:193</date><id>0</id><type>bounding_box</type><polygon><username>anonymous</username><pt><x>1698</x><y>1933</y><time>28-08-20 00:08:39:830</time></pt><pt><x>174</x><y>1933</y><time>28-08-20 00:08:42:210</time></pt><pt><x>174</x><y>1174</y><time>undefined</time></pt><pt><x>1698</x><y>1174</y><time>undefined</time></pt><closed_date>28-08-20 00:08:42:211</closed_date></polygon></object></annotation>