<annotation><filename>img_m1_s03-04_101_p_nic093.jpg</filename><folder>users/joselusava//valeria/sala3y4_101_nic</folder><source><submittedBy>Jose Saca</submittedBy></source><imagesize><nrows>3200</nrows><ncols>4800</ncols></imagesize><object><name>m1_s03_s04_101_p_nic093</name><deleted>0</deleted><verified>0</verified><occluded>no</occluded><attributes></attributes><parts><hasparts></hasparts><ispartof></ispartof></parts><date>30-08-20 01:30:04:392</date><id>0</id><type>bounding_box</type><polygon><username>anonymous</username><pt><x>3048</x><y>2539</y><time>30-08-20 01:29:56:936</time></pt><pt><x>61</x><y>2539</y><time>30-08-20 01:30:00:211</time></pt><pt><x>61</x><y>1394</y><time>undefined</time></pt><pt><x>3048</x><y>1394</y><time>undefined</time></pt><closed_date>30-08-20 01:30:00:212</closed_date></polygon></object></annotation>