<annotation><filename>m3_s01_018_p_nic012.jpg</filename><folder>users/joselusava//m4_js/18/nic</folder><source><submittedBy>Jose Saca</submittedBy></source><imagesize><nrows>2970</nrows><ncols>4451</ncols></imagesize><object><name>m3_s01_018_p_nic012</name><deleted>0</deleted><verified>0</verified><occluded>no</occluded><attributes></attributes><parts><hasparts></hasparts><ispartof></ispartof></parts><date>05-11-20 14:50:35:614</date><id>0</id><type>bounding_box</type><polygon><username>anonymous</username><pt><x>4241</x><y>2283</y><time>05-11-20 14:50:33:693</time></pt><pt><x>905</x><y>2283</y><time>05-11-20 14:50:34:863</time></pt><pt><x>905</x><y>21</y><time>undefined</time></pt><pt><x>4241</x><y>21</y><time>undefined</time></pt><closed_date>05-11-20 14:50:34:863</closed_date></polygon></object></annotation>