<annotation><filename>m2_s07_264_p_nic100.jpg</filename><folder>users/joselusava//valeria/sala7_264_nic</folder><source><submittedBy>Jose Saca</submittedBy></source><imagesize><nrows>2910</nrows><ncols>4361</ncols></imagesize><object><name>m2_s07_264_p_nic100</name><deleted>0</deleted><verified>0</verified><occluded>no</occluded><attributes></attributes><parts><hasparts></hasparts><ispartof></ispartof></parts><date>23-09-20 21:53:51:404</date><id>0</id><type>bounding_box</type><polygon><username>anonymous</username><pt><x>187</x><y>2612</y><time>23-09-20 21:53:46:359</time></pt><pt><x>1571</x><y>2612</y><time>23-09-20 21:53:48:817</time></pt><pt><x>1571</x><y>904</y><time>undefined</time></pt><pt><x>187</x><y>904</y><time>undefined</time></pt><closed_date>23-09-20 21:53:48:818</closed_date></polygon></object></annotation>