<annotation><filename>m1_s02_052_p_nic097.jpg</filename><folder>users/joselusava//valeria/sala2_052_nic</folder><source><submittedBy>Jose Saca</submittedBy></source><imagesize><nrows>3200</nrows><ncols>4800</ncols></imagesize><object><name>m1_s02_052_p_nic097</name><deleted>0</deleted><verified>0</verified><occluded>no</occluded><attributes></attributes><parts><hasparts></hasparts><ispartof></ispartof></parts><date>27-08-20 18:01:50:737</date><id>0</id><type>bounding_box</type><polygon><username>anonymous</username><pt><x>4209</x><y>107</y><time>27-08-20 18:01:44:437</time></pt><pt><x>2711</x><y>107</y><time>27-08-20 18:01:47:491</time></pt><pt><x>2711</x><y>1579</y><time>undefined</time></pt><pt><x>4209</x><y>1579</y><time>undefined</time></pt><closed_date>27-08-20 18:01:47:492</closed_date></polygon></object></annotation>