<annotation><filename>m1_s02_036_p_ic033.jpg</filename><folder>users/joselusava//valeria/sala2_036_ic</folder><source><submittedBy>Jose Saca</submittedBy></source><imagesize><nrows>3200</nrows><ncols>4800</ncols></imagesize><object><name>m1_s01_036_p_ic033</name><deleted>0</deleted><verified>0</verified><occluded>no</occluded><attributes></attributes><parts><hasparts></hasparts><ispartof></ispartof></parts><date>23-08-20 02:13:24:220</date><id>0</id><type>bounding_box</type><polygon><username>anonymous</username><pt><x>1058</x><y>172</y><time>23-08-20 02:13:13:211</time></pt><pt><x>3522</x><y>172</y><time>23-08-20 02:13:17:776</time></pt><pt><x>3522</x><y>3136</y><time>undefined</time></pt><pt><x>1058</x><y>3136</y><time>undefined</time></pt><closed_date>23-08-20 02:13:17:777</closed_date></polygon></object></annotation>