<annotation><filename>m1_s10_295_x.jpg</filename><folder>users/joselusava//santiago</folder><source><submittedBy>Jose Saca</submittedBy></source><imagesize><nrows>3200</nrows><ncols>4800</ncols></imagesize><object><name>m1_s10_295_x</name><deleted>0</deleted><verified>0</verified><occluded>no</occluded><attributes></attributes><parts><hasparts></hasparts><ispartof></ispartof></parts><date>28-08-20 16:41:53:354</date><id>0</id><type>bounding_box</type><polygon><username>anonymous</username><pt><x>1407</x><y>342</y><time>28-08-20 16:41:43:126</time></pt><pt><x>3312</x><y>342</y><time>28-08-20 16:41:45:116</time></pt><pt><x>3312</x><y>2779</y><time>undefined</time></pt><pt><x>1407</x><y>2779</y><time>undefined</time></pt><closed_date>28-08-20 16:41:45:118</closed_date></polygon></object></annotation>