<annotation><filename>m2_s07_264_p_nic049.jpg</filename><folder>users/joselusava//valeria/sala7_264_nic</folder><source><submittedBy>Jose Saca</submittedBy></source><imagesize><nrows>2910</nrows><ncols>4361</ncols></imagesize><object><name>m2_s07_264_p_nic049</name><deleted>0</deleted><verified>0</verified><occluded>no</occluded><attributes></attributes><parts><hasparts></hasparts><ispartof></ispartof></parts><date>23-09-20 20:41:00:448</date><id>0</id><type>bounding_box</type><polygon><username>anonymous</username><pt><x>2530</x><y>2100</y><time>23-09-20 20:40:54:695</time></pt><pt><x>3880</x><y>2100</y><time>23-09-20 20:40:57:194</time></pt><pt><x>3880</x><y>474</y><time>undefined</time></pt><pt><x>2530</x><y>474</y><time>undefined</time></pt><closed_date>23-09-20 20:40:57:195</closed_date></polygon></object></annotation>