<annotation><filename>m3_s01_002_p_ic005.jpg</filename><folder>users/joselusava//santiago_3</folder><source><submittedBy>Jose Saca</submittedBy></source><imagesize><nrows>2970</nrows><ncols>4451</ncols></imagesize><object><name>m3_s01_002_p_ic005</name><deleted>0</deleted><verified>0</verified><occluded>no</occluded><attributes></attributes><parts><hasparts></hasparts><ispartof></ispartof></parts><date>28-10-20 17:19:18:294</date><id>0</id><type>bounding_box</type><polygon><username>anonymous</username><pt><x>775</x><y>189</y><time>28-10-20 17:19:12:136</time></pt><pt><x>3623</x><y>189</y><time>28-10-20 17:19:14:801</time></pt><pt><x>3623</x><y>2510</y><time>undefined</time></pt><pt><x>775</x><y>2510</y><time>undefined</time></pt><closed_date>28-10-20 17:19:14:802</closed_date></polygon></object></annotation>