<annotation><filename>m4_s06_089_p_nic001.jpg</filename><folder>users/joselusava//santiago_2</folder><source><submittedBy>Jose Saca</submittedBy></source><imagesize><nrows>2970</nrows><ncols>4451</ncols></imagesize><object><name>m4_s06_089_p_nic001</name><deleted>0</deleted><verified>0</verified><occluded>no</occluded><attributes></attributes><parts><hasparts></hasparts><ispartof></ispartof></parts><date>12-10-20 20:21:58:960</date><id>0</id><type>bounding_box</type><polygon><username>anonymous</username><pt><x>488</x><y>501</y><time>12-10-20 20:21:43:999</time></pt><pt><x>1580</x><y>501</y><time>12-10-20 20:21:45:243</time></pt><pt><x>1580</x><y>2278</y><time>undefined</time></pt><pt><x>488</x><y>2278</y><time>undefined</time></pt><closed_date>12-10-20 20:21:45:243</closed_date></polygon></object></annotation>