<annotation><filename>m1_s02_036_p_ic025.jpg</filename><folder>users/joselusava//valeria/sala2_036_ic</folder><source><submittedBy>Jose Saca</submittedBy></source><imagesize><nrows>3200</nrows><ncols>4800</ncols></imagesize><object><name>m1_s01_036_p_ic025</name><deleted>0</deleted><verified>0</verified><occluded>no</occluded><attributes></attributes><parts><hasparts></hasparts><ispartof></ispartof></parts><date>23-08-20 01:58:07:849</date><id>0</id><type>bounding_box</type><polygon><username>anonymous</username><pt><x>1353</x><y>1272</y><time>23-08-20 01:57:58:181</time></pt><pt><x>3270</x><y>1272</y><time>23-08-20 01:58:02:621</time></pt><pt><x>3270</x><y>3173</y><time>undefined</time></pt><pt><x>1353</x><y>3173</y><time>undefined</time></pt><closed_date>23-08-20 01:58:02:623</closed_date></polygon></object></annotation>