<annotation><filename>m1_s06_141_p_nic091.jpg</filename><folder>users/joselusava//jacob_2/141nic</folder><source><submittedBy>Jose Saca</submittedBy></source><imagesize><nrows>2736</nrows><ncols>4100</ncols></imagesize><object><name>m1_s06_141_p_nic091</name><deleted>0</deleted><verified>0</verified><occluded>no</occluded><attributes></attributes><parts><hasparts></hasparts><ispartof></ispartof></parts><date>06-09-20 01:25:11:714</date><id>0</id><type>bounding_box</type><polygon><username>anonymous</username><pt><x>693</x><y>2421</y><time>06-09-20 01:25:09:055</time></pt><pt><x>2005</x><y>2421</y><time>06-09-20 01:25:11:016</time></pt><pt><x>2005</x><y>937</y><time>undefined</time></pt><pt><x>693</x><y>937</y><time>undefined</time></pt><closed_date>06-09-20 01:25:11:016</closed_date></polygon></object></annotation>