<annotation><filename>m2_s02_135_x.jpg</filename><folder>users/joselusava//m2_jsv</folder><source><submittedBy>Jose Saca</submittedBy></source><imagesize><nrows>2910</nrows><ncols>4361</ncols></imagesize><object><name>m2_s02_134_x</name><deleted>0</deleted><verified>0</verified><occluded>no</occluded><attributes></attributes><parts><hasparts></hasparts><ispartof></ispartof></parts><date>19-09-20 23:32:53:087</date><id>0</id><type>bounding_box</type><polygon><username>anonymous</username><pt><x>3647</x><y>2385</y><time>19-09-20 23:32:51:196</time></pt><pt><x>635</x><y>2385</y><time>19-09-20 23:32:52:058</time></pt><pt><x>635</x><y>540</y><time>undefined</time></pt><pt><x>3647</x><y>540</y><time>undefined</time></pt><closed_date>19-09-20 23:32:52:058</closed_date></polygon></object></annotation>