<annotation><filename>m4_s04_039_p_ic009.jpg</filename><folder>users/joselusava//santiago_2</folder><source><submittedBy>Jose Saca</submittedBy></source><imagesize><nrows>2970</nrows><ncols>4451</ncols></imagesize><object><name>m4_s04_039_p_ic009</name><deleted>0</deleted><verified>0</verified><occluded>no</occluded><attributes></attributes><parts><hasparts></hasparts><ispartof></ispartof></parts><date>20-10-20 13:54:19:382</date><id>0</id><type>bounding_box</type><polygon><username>anonymous</username><pt><x>1774</x><y>125</y><time>20-10-20 13:54:15:900</time></pt><pt><x>2570</x><y>125</y><time>20-10-20 13:54:17:520</time></pt><pt><x>2570</x><y>2824</y><time>undefined</time></pt><pt><x>1774</x><y>2824</y><time>undefined</time></pt><closed_date>20-10-20 13:54:17:520</closed_date></polygon></object></annotation>