<annotation><filename>m4_s02_021_p_ic079.jpg</filename><folder>users/joselusava//santiago_2</folder><source><submittedBy>Jose Saca</submittedBy></source><imagesize><nrows>2910</nrows><ncols>4361</ncols></imagesize><object><name>m4_s02_021_p_ic079</name><deleted>0</deleted><verified>0</verified><occluded>no</occluded><attributes></attributes><parts><hasparts></hasparts><ispartof></ispartof></parts><date>04-10-20 19:31:28:400</date><id>0</id><type>bounding_box</type><polygon><username>anonymous</username><pt><x>1310</x><y>263</y><time>04-10-20 19:31:24:102</time></pt><pt><x>2626</x><y>263</y><time>04-10-20 19:31:25:732</time></pt><pt><x>2626</x><y>2567</y><time>undefined</time></pt><pt><x>1310</x><y>2567</y><time>undefined</time></pt><closed_date>04-10-20 19:31:25:733</closed_date></polygon></object></annotation>