<annotation><filename>m2_s06_248_p_nic068.jpg</filename><folder>users/joselusava//museos2020</folder><source><submittedBy>Jose Saca</submittedBy></source><imagesize><nrows>2910</nrows><ncols>4361</ncols></imagesize><object><name>m2_s06_248_p_nic068</name><deleted>0</deleted><verified>0</verified><occluded>no</occluded><attributes></attributes><parts><hasparts></hasparts><ispartof></ispartof></parts><date>27-09-20 19:19:48:965</date><id>0</id><polygon><username>anonymous</username><pt><x>1413</x><y>1855</y><time>27-09-20 19:19:39:358</time></pt><pt><x>3505</x><y>1892</y><time>27-09-20 19:19:40:372</time></pt><pt><x>2929</x><y>2645</y><time>27-09-20 19:19:41:427</time></pt><pt><x>1209</x><y>2073</y><time>27-09-20 19:19:42:571</time></pt><closed_date>27-09-20 19:19:43:427</closed_date></polygon></object></annotation>