<annotation><filename>m2_s01_001_p_ic081.jpg</filename><folder>users/joselusava//santiago</folder><source><submittedBy>Jose Saca</submittedBy></source><imagesize><nrows>2850</nrows><ncols>4271</ncols></imagesize><object><name>m2_s01_001_p_ic081</name><deleted>0</deleted><verified>0</verified><occluded>no</occluded><attributes></attributes><parts><hasparts></hasparts><ispartof></ispartof></parts><date>19-09-20 10:30:01:223</date><id>0</id><type>bounding_box</type><polygon><username>anonymous</username><pt><x>1093</x><y>542</y><time>19-09-20 10:29:51:588</time></pt><pt><x>3328</x><y>542</y><time>19-09-20 10:29:54:209</time></pt><pt><x>3328</x><y>2635</y><time>undefined</time></pt><pt><x>1093</x><y>2635</y><time>undefined</time></pt><closed_date>19-09-20 10:29:54:210</closed_date></polygon></object></annotation>