<annotation><filename>m2_s03_252_p_ic009.jpg</filename><folder>users/joselusava//valeria/m2_sala03_252_ic</folder><source><submittedBy>Jose Saca</submittedBy></source><imagesize><nrows>2910</nrows><ncols>4361</ncols></imagesize><object><name>m2_s06_252_p_ic009</name><deleted>0</deleted><verified>0</verified><occluded>no</occluded><attributes></attributes><parts><hasparts></hasparts><ispartof></ispartof></parts><date>25-09-20 19:53:29:182</date><id>0</id><type>bounding_box</type><polygon><username>anonymous</username><pt><x>1080</x><y>838</y><time>25-09-20 19:53:23:971</time></pt><pt><x>3175</x><y>838</y><time>25-09-20 19:53:25:654</time></pt><pt><x>3175</x><y>2094</y><time>undefined</time></pt><pt><x>1080</x><y>2094</y><time>undefined</time></pt><closed_date>25-09-20 19:53:25:655</closed_date></polygon></object></annotation>