<annotation><filename>m4_s04_039_p_nic004.jpg</filename><folder>users/joselusava//santiago_2</folder><source><submittedBy>Jose Saca</submittedBy></source><imagesize><nrows>2970</nrows><ncols>4451</ncols></imagesize><object><name>m4_s04_039_p_nic004</name><deleted>0</deleted><verified>0</verified><occluded>no</occluded><attributes></attributes><parts><hasparts></hasparts><ispartof></ispartof></parts><date>21-10-20 16:18:57:628</date><id>0</id><type>bounding_box</type><polygon><username>anonymous</username><pt><x>3345</x><y>79</y><time>21-10-20 16:18:54:153</time></pt><pt><x>4302</x><y>79</y><time>21-10-20 16:18:55:356</time></pt><pt><x>4302</x><y>2709</y><time>undefined</time></pt><pt><x>3345</x><y>2709</y><time>undefined</time></pt><closed_date>21-10-20 16:18:55:357</closed_date></polygon></object></annotation>