<annotation><filename>m2_s02_085_p_ic036.jpg</filename><folder>users/joselusava//m2_jsv/85/ic</folder><source><submittedBy>Jose Saca</submittedBy></source><imagesize><nrows>2910</nrows><ncols>4361</ncols></imagesize><object><name>m2_s02_085_p_ic036</name><deleted>0</deleted><verified>0</verified><occluded>no</occluded><attributes></attributes><parts><hasparts></hasparts><ispartof></ispartof></parts><date>17-09-20 19:41:49:521</date><id>0</id><type>bounding_box</type><polygon><username>anonymous</username><pt><x>1523</x><y>905</y><time>17-09-20 19:41:47:278</time></pt><pt><x>2585</x><y>905</y><time>17-09-20 19:41:48:841</time></pt><pt><x>2585</x><y>2368</y><time>undefined</time></pt><pt><x>1523</x><y>2368</y><time>undefined</time></pt><closed_date>17-09-20 19:41:48:842</closed_date></polygon></object></annotation>