<annotation><filename>m4_s05_055_p_nic087.jpg</filename><folder>users/joselusava//valeria/m4_s05_055_nic</folder><source><submittedBy>Jose Saca</submittedBy></source><imagesize><nrows>2910</nrows><ncols>4361</ncols></imagesize><object><name>m4_s05_055_p_nic087</name><deleted>0</deleted><verified>0</verified><occluded>no</occluded><attributes></attributes><parts><hasparts></hasparts><ispartof></ispartof></parts><date>09-10-20 18:18:59:430</date><id>0</id><type>bounding_box</type><polygon><username>anonymous</username><pt><x>2998</x><y>496</y><time>09-10-20 18:18:52:568</time></pt><pt><x>4227</x><y>496</y><time>09-10-20 18:18:54:605</time></pt><pt><x>4227</x><y>1874</y><time>undefined</time></pt><pt><x>2998</x><y>1874</y><time>undefined</time></pt><closed_date>09-10-20 18:18:54:606</closed_date></polygon></object></annotation>