<annotation><filename>m2_s01_054_p_nic085.jpg</filename><folder>users/joselusava//kath_54</folder><source><submittedBy>Jose Saca</submittedBy></source><imagesize><nrows>2850</nrows><ncols>4271</ncols></imagesize><object><name>m2_s01_054_p_nic085</name><deleted>0</deleted><verified>0</verified><occluded>no</occluded><attributes></attributes><parts><hasparts></hasparts><ispartof></ispartof></parts><date>02-10-20 11:41:49:744</date><id>0</id><type>bounding_box</type><polygon><username>anonymous</username><pt><x>667</x><y>505</y><time>02-10-20 11:41:02:211</time></pt><pt><x>1615</x><y>505</y><time>02-10-20 11:41:04:585</time></pt><pt><x>1615</x><y>1980</y><time>undefined</time></pt><pt><x>667</x><y>1980</y><time>undefined</time></pt><closed_date>02-10-20 11:41:04:585</closed_date></polygon></object></annotation>