<annotation><filename>m3_s01_002_p_nic077.jpg</filename><folder>users/joselusava//santiago_3</folder><source><submittedBy>Jose Saca</submittedBy></source><imagesize><nrows>2970</nrows><ncols>4451</ncols></imagesize><object><name>m3_s01_002_p_nic077</name><deleted>0</deleted><verified>0</verified><occluded>no</occluded><attributes></attributes><parts><hasparts></hasparts><ispartof></ispartof></parts><date>29-10-20 21:04:09:225</date><id>0</id><type>bounding_box</type><polygon><username>anonymous</username><pt><x>468</x><y>1089</y><time>29-10-20 21:04:05:400</time></pt><pt><x>2252</x><y>1089</y><time>29-10-20 21:04:06:749</time></pt><pt><x>2252</x><y>2627</y><time>undefined</time></pt><pt><x>468</x><y>2627</y><time>undefined</time></pt><closed_date>29-10-20 21:04:06:751</closed_date></polygon></object></annotation>