<annotation><filename>m2_s01_001_p_nic063.jpg</filename><folder>users/joselusava//santiago</folder><source><submittedBy>Jose Saca</submittedBy></source><imagesize><nrows>2850</nrows><ncols>4271</ncols></imagesize><object><name>m2_s01_001_p_nic063</name><deleted>0</deleted><verified>0</verified><occluded>no</occluded><attributes></attributes><parts><hasparts></hasparts><ispartof></ispartof></parts><date>19-09-20 23:07:29:859</date><id>0</id><type>bounding_box</type><polygon><username>anonymous</username><pt><x>2106</x><y>1398</y><time>19-09-20 23:07:22:305</time></pt><pt><x>3427</x><y>1398</y><time>19-09-20 23:07:23:737</time></pt><pt><x>3427</x><y>2545</y><time>undefined</time></pt><pt><x>2106</x><y>2545</y><time>undefined</time></pt><closed_date>19-09-20 23:07:23:738</closed_date></polygon></object></annotation>