<annotation><filename>m2_s01_001_p_nic043.jpg</filename><folder>users/joselusava//santiago</folder><source><submittedBy>Jose Saca</submittedBy></source><imagesize><nrows>2850</nrows><ncols>4271</ncols></imagesize><object><name>m2_s01_001_p_nic043</name><deleted>0</deleted><verified>0</verified><occluded>no</occluded><attributes></attributes><parts><hasparts></hasparts><ispartof></ispartof></parts><date>19-09-20 22:39:12:006</date><id>0</id><type>bounding_box</type><polygon><username>anonymous</username><pt><x>1167</x><y>240</y><time>19-09-20 22:39:02:679</time></pt><pt><x>2485</x><y>240</y><time>19-09-20 22:39:04:263</time></pt><pt><x>2485</x><y>1478</y><time>undefined</time></pt><pt><x>1167</x><y>1478</y><time>undefined</time></pt><closed_date>19-09-20 22:39:04:264</closed_date></polygon></object></annotation>