<annotation><filename>m4_s04_037_p_ic031.jpg</filename><folder>users/joselusava//santiago_2</folder><source><submittedBy>Jose Saca</submittedBy></source><imagesize><nrows>2970</nrows><ncols>4451</ncols></imagesize><object><name>m4_s04_037_p_ic031</name><deleted>0</deleted><verified>0</verified><occluded>no</occluded><attributes></attributes><parts><hasparts></hasparts><ispartof></ispartof></parts><date>17-10-20 22:00:44:451</date><id>0</id><type>bounding_box</type><polygon><username>anonymous</username><pt><x>1717</x><y>346</y><time>17-10-20 22:00:41:130</time></pt><pt><x>3077</x><y>346</y><time>17-10-20 22:00:42:322</time></pt><pt><x>3077</x><y>2559</y><time>undefined</time></pt><pt><x>1717</x><y>2559</y><time>undefined</time></pt><closed_date>17-10-20 22:00:42:324</closed_date></polygon></object></annotation>