<annotation><filename>m2_s01_032_p_nic064.jpg</filename><folder>users/joselusava//santiago_2</folder><source><submittedBy>Jose Saca</submittedBy></source><imagesize><nrows>2850</nrows><ncols>4271</ncols></imagesize><object><name>m2_s01_032_p_nic064</name><deleted>0</deleted><verified>0</verified><occluded>no</occluded><attributes></attributes><parts><hasparts></hasparts><ispartof></ispartof></parts><date>30-09-20 21:05:15:947</date><id>0</id><type>bounding_box</type><polygon><username>anonymous</username><pt><x>387</x><y>1439</y><time>30-09-20 21:05:12:581</time></pt><pt><x>1252</x><y>1439</y><time>30-09-20 21:05:13:359</time></pt><pt><x>1252</x><y>2331</y><time>undefined</time></pt><pt><x>387</x><y>2331</y><time>undefined</time></pt><closed_date>30-09-20 21:05:13:360</closed_date></polygon></object></annotation>