<annotation><filename>m4_s12_185_p_ic094.jpg</filename><folder>users/joselusava//valeria/m04_s12_185_ic</folder><source><submittedBy>Jose Saca</submittedBy></source><imagesize><nrows>2910</nrows><ncols>4361</ncols></imagesize><object><name>m4_s12_185_p_ic094</name><deleted>0</deleted><verified>0</verified><occluded>no</occluded><attributes></attributes><parts><hasparts></hasparts><ispartof></ispartof></parts><date>17-10-20 18:57:21:680</date><id>0</id><type>bounding_box</type><polygon><username>anonymous</username><pt><x>1069</x><y>2574</y><time>17-10-20 18:57:14:944</time></pt><pt><x>3470</x><y>2574</y><time>17-10-20 18:57:18:512</time></pt><pt><x>3470</x><y>78</y><time>undefined</time></pt><pt><x>1069</x><y>78</y><time>undefined</time></pt><closed_date>17-10-20 18:57:18:513</closed_date></polygon></object></annotation>