<annotation><filename>m2_s01_058_p_ic064.jpg</filename><folder>users/joselusava//m2_jsv/58/ic</folder><source><submittedBy>Jose Saca</submittedBy></source><imagesize><nrows>2850</nrows><ncols>4271</ncols></imagesize><object><name>m2_s01_058_p_ic064</name><deleted>0</deleted><verified>0</verified><occluded>no</occluded><attributes></attributes><parts><hasparts></hasparts><ispartof></ispartof></parts><date>29-09-20 13:30:46:789</date><id>0</id><type>bounding_box</type><polygon><username>anonymous</username><pt><x>357</x><y>119</y><time>29-09-20 13:30:44:457</time></pt><pt><x>4025</x><y>119</y><time>29-09-20 13:30:46:004</time></pt><pt><x>4025</x><y>2828</y><time>undefined</time></pt><pt><x>357</x><y>2828</y><time>undefined</time></pt><closed_date>29-09-20 13:30:46:004</closed_date></polygon></object></annotation>