<annotation><filename>m1_s01_001_p_ic016.jpg</filename><folder>users/joselusava//juancarlos</folder><source><submittedBy>Jose Saca</submittedBy></source><imagesize><nrows>2000</nrows><ncols>2992</ncols></imagesize><object><name>m1_s01_001_p_ic016</name><deleted>0</deleted><verified>0</verified><occluded>no</occluded><attributes></attributes><parts><hasparts></hasparts><ispartof></ispartof></parts><date>24-08-20 11:43:47:387</date><id>0</id><type>bounding_box</type><polygon><username>anonymous</username><pt><x>811</x><y>553</y><time>24-08-20 11:43:21:018</time></pt><pt><x>2125</x><y>553</y><time>24-08-20 11:43:29:335</time></pt><pt><x>2125</x><y>1360</y><time>undefined</time></pt><pt><x>811</x><y>1360</y><time>undefined</time></pt><closed_date>24-08-20 11:43:29:336</closed_date></polygon></object></annotation>