<annotation><filename>m4_s10_157_p_ic093.jpg</filename><folder>users/joselusava//valeria/m04_s10_157_nic</folder><source><submittedBy>Jose Saca</submittedBy></source><imagesize><nrows>2970</nrows><ncols>4451</ncols></imagesize><object><name>m4_s10_157_p_nic093</name><deleted>0</deleted><verified>0</verified><occluded>no</occluded><attributes></attributes><parts><hasparts></hasparts><ispartof></ispartof></parts><date>12-10-20 22:11:50:850</date><id>0</id><type>bounding_box</type><polygon><username>anonymous</username><pt><x>4275</x><y>2599</y><time>12-10-20 22:11:44:073</time></pt><pt><x>2289</x><y>2599</y><time>12-10-20 22:11:46:609</time></pt><pt><x>2289</x><y>293</y><time>undefined</time></pt><pt><x>4275</x><y>293</y><time>undefined</time></pt><closed_date>12-10-20 22:11:46:610</closed_date></polygon></object></annotation>