<annotation><filename>m2_s01_034_p_nic087.jpg</filename><folder>users/joselusava//kath</folder><source><submittedBy>Jose Saca</submittedBy></source><imagesize><nrows>2850</nrows><ncols>4271</ncols></imagesize><object><name>m2_s01_034_p_nic087</name><deleted>0</deleted><verified>0</verified><occluded>no</occluded><attributes></attributes><parts><hasparts></hasparts><ispartof></ispartof></parts><date>25-09-20 20:59:27:421</date><id>0</id><type>bounding_box</type><polygon><username>anonymous</username><pt><x>2735</x><y>251</y><time>25-09-20 20:59:22:419</time></pt><pt><x>3480</x><y>251</y><time>25-09-20 20:59:24:812</time></pt><pt><x>3480</x><y>1489</y><time>undefined</time></pt><pt><x>2735</x><y>1489</y><time>undefined</time></pt><closed_date>25-09-20 20:59:24:812</closed_date></polygon></object></annotation>