<annotation><filename>m4_s09_138_p_nic070.jpg</filename><folder>users/joselusava//santiago_2</folder><source><submittedBy>Jose Saca</submittedBy></source><imagesize><nrows>2970</nrows><ncols>4451</ncols></imagesize><object><name>m4_s09_138_p_nic070</name><deleted>0</deleted><verified>0</verified><occluded>no</occluded><attributes></attributes><parts><hasparts></hasparts><ispartof></ispartof></parts><date>23-10-20 14:12:53:394</date><id>0</id><type>bounding_box</type><polygon><username>anonymous</username><pt><x>1067</x><y>203</y><time>23-10-20 14:12:50:572</time></pt><pt><x>3834</x><y>203</y><time>23-10-20 14:12:51:606</time></pt><pt><x>3834</x><y>1199</y><time>undefined</time></pt><pt><x>1067</x><y>1199</y><time>undefined</time></pt><closed_date>23-10-20 14:12:51:607</closed_date></polygon></object></annotation>