<annotation><filename>m1_s01_021_p_nic073.jpg</filename><folder>users/joselusava//santiago</folder><source><submittedBy>Jose Saca</submittedBy></source><imagesize><nrows>3200</nrows><ncols>4800</ncols></imagesize><object><name>m1_s01_021_p_nic073</name><deleted>0</deleted><verified>0</verified><occluded>no</occluded><attributes></attributes><parts><hasparts></hasparts><ispartof></ispartof></parts><date>16-09-20 18:29:58:254</date><id>0</id><type>bounding_box</type><polygon><username>anonymous</username><pt><x>706</x><y>1962</y><time>16-09-20 18:29:50:151</time></pt><pt><x>1191</x><y>1962</y><time>16-09-20 18:29:51:788</time></pt><pt><x>1191</x><y>2520</y><time>undefined</time></pt><pt><x>706</x><y>2520</y><time>undefined</time></pt><closed_date>16-09-20 18:29:51:790</closed_date></polygon></object></annotation>