<annotation><filename>m1_s02_052_p_nic036.jpg</filename><folder>users/joselusava//valeria/sala2_052_nic</folder><source><submittedBy>Jose Saca</submittedBy></source><imagesize><nrows>3200</nrows><ncols>4800</ncols></imagesize><object><name>m1_s02_052_p_nic036</name><deleted>0</deleted><verified>0</verified><occluded>no</occluded><attributes></attributes><parts><hasparts></hasparts><ispartof></ispartof></parts><date>27-08-20 15:20:41:846</date><id>0</id><type>bounding_box</type><polygon><username>anonymous</username><pt><x>4387</x><y>1170</y><time>27-08-20 15:20:35:391</time></pt><pt><x>3162</x><y>1170</y><time>27-08-20 15:20:38:221</time></pt><pt><x>3162</x><y>150</y><time>undefined</time></pt><pt><x>4387</x><y>150</y><time>undefined</time></pt><closed_date>27-08-20 15:20:38:222</closed_date></polygon></object></annotation>