<annotation><filename>m2_s05_242_x.jpg</filename><folder>users/joselusava//museos2020</folder><source><submittedBy>Jose Saca</submittedBy></source><imagesize><nrows>2910</nrows><ncols>4361</ncols></imagesize><object><name>m2_s05_242_x</name><deleted>0</deleted><verified>0</verified><occluded>no</occluded><attributes></attributes><parts><hasparts></hasparts><ispartof></ispartof></parts><date>21-09-20 19:24:27:679</date><id>0</id><type>bounding_box</type><polygon><username>anonymous</username><pt><x>1319</x><y>208</y><time>21-09-20 19:24:17:654</time></pt><pt><x>2724</x><y>208</y><time>21-09-20 19:24:19:114</time></pt><pt><x>2724</x><y>2745</y><time>undefined</time></pt><pt><x>1319</x><y>2745</y><time>undefined</time></pt><closed_date>21-09-20 19:24:19:116</closed_date></polygon></object></annotation>