<annotation><filename>m1_s02_065_p_ic015.jpg</filename><folder>users/joselusava//valeria/sala2_065_ic</folder><source><submittedBy>Jose Saca</submittedBy></source><imagesize><nrows>2000</nrows><ncols>2992</ncols></imagesize><object><name>m1_s02_065_p_ic015</name><deleted>0</deleted><verified>0</verified><occluded>no</occluded><attributes></attributes><parts><hasparts></hasparts><ispartof></ispartof></parts><date>25-08-20 21:40:31:430</date><id>0</id><type>bounding_box</type><polygon><username>anonymous</username><pt><x>37</x><y>211</y><time>25-08-20 21:40:22:327</time></pt><pt><x>2966</x><y>211</y><time>25-08-20 21:40:27:079</time></pt><pt><x>2966</x><y>1956</y><time>undefined</time></pt><pt><x>37</x><y>1956</y><time>undefined</time></pt><closed_date>25-08-20 21:40:27:080</closed_date></polygon></object></annotation>