<annotation><filename>m4_s05_052_p_nic022.jpg</filename><folder>users/joselusava//santiago_2</folder><source><submittedBy>Jose Saca</submittedBy></source><imagesize><nrows>2910</nrows><ncols>4361</ncols></imagesize><object><name>m4_s05_052_p_nic022</name><deleted>0</deleted><verified>0</verified><occluded>no</occluded><attributes></attributes><parts><hasparts></hasparts><ispartof></ispartof></parts><date>08-10-20 19:59:48:420</date><id>0</id><type>bounding_box</type><polygon><username>anonymous</username><pt><x>180</x><y>821</y><time>08-10-20 19:59:42:591</time></pt><pt><x>1684</x><y>821</y><time>08-10-20 19:59:45:306</time></pt><pt><x>1684</x><y>2422</y><time>undefined</time></pt><pt><x>180</x><y>2422</y><time>undefined</time></pt><closed_date>08-10-20 19:59:45:307</closed_date></polygon></object></annotation>