<annotation><filename>m4_s12_185_p_nic039.jpg</filename><folder>users/joselusava//valeria/m04_s12_185_nic</folder><source><submittedBy>Jose Saca</submittedBy></source><imagesize><nrows>2910</nrows><ncols>4361</ncols></imagesize><object><name>m4_s12_185_p_nic039</name><deleted>0</deleted><verified>0</verified><occluded>no</occluded><attributes></attributes><parts><hasparts></hasparts><ispartof></ispartof></parts><date>17-10-20 20:16:38:822</date><id>0</id><type>bounding_box</type><polygon><username>anonymous</username><pt><x>3363</x><y>2031</y><time>17-10-20 20:16:30:515</time></pt><pt><x>1080</x><y>2031</y><time>17-10-20 20:16:34:102</time></pt><pt><x>1080</x><y>90</y><time>undefined</time></pt><pt><x>3363</x><y>90</y><time>undefined</time></pt><closed_date>17-10-20 20:16:34:103</closed_date></polygon></object></annotation>