<annotation><filename>m2_s01_018_p_ic056.jpg</filename><folder>users/joselusava//santiago_2</folder><source><submittedBy>Jose Saca</submittedBy></source><imagesize><nrows>2850</nrows><ncols>4271</ncols></imagesize><object><name>m2_s01_018_p_ic056</name><deleted>0</deleted><verified>0</verified><occluded>no</occluded><attributes></attributes><parts><hasparts></hasparts><ispartof></ispartof></parts><date>28-09-20 17:39:28:067</date><id>0</id><type>bounding_box</type><polygon><username>anonymous</username><pt><x>1540</x><y>814</y><time>28-09-20 17:39:21:330</time></pt><pt><x>2721</x><y>814</y><time>28-09-20 17:39:22:891</time></pt><pt><x>2721</x><y>2097</y><time>undefined</time></pt><pt><x>1540</x><y>2097</y><time>undefined</time></pt><closed_date>28-09-20 17:39:22:891</closed_date></polygon></object></annotation>