<annotation><filename>m4_s04_037_p_nic086.jpg</filename><folder>users/joselusava//santiago_2</folder><source><submittedBy>Jose Saca</submittedBy></source><imagesize><nrows>2970</nrows><ncols>4451</ncols></imagesize><object><name>m4_s04_037_p_nic086</name><deleted>0</deleted><verified>0</verified><occluded>no</occluded><attributes></attributes><parts><hasparts></hasparts><ispartof></ispartof></parts><date>19-10-20 22:52:03:561</date><id>0</id><type>bounding_box</type><polygon><username>anonymous</username><pt><x>2838</x><y>896</y><time>19-10-20 22:52:00:194</time></pt><pt><x>4034</x><y>896</y><time>19-10-20 22:52:01:268</time></pt><pt><x>4034</x><y>2559</y><time>undefined</time></pt><pt><x>2838</x><y>2559</y><time>undefined</time></pt><closed_date>19-10-20 22:52:01:268</closed_date></polygon></object></annotation>