<annotation><filename>m4_s02_021_p_nic071.jpg</filename><folder>users/joselusava//santiago_2</folder><source><submittedBy>Jose Saca</submittedBy></source><imagesize><nrows>2910</nrows><ncols>4361</ncols></imagesize><object><name>m4_s02_021_p_nic071</name><deleted>0</deleted><verified>0</verified><occluded>no</occluded><attributes></attributes><parts><hasparts></hasparts><ispartof></ispartof></parts><date>05-10-20 11:40:44:788</date><id>0</id><type>bounding_box</type><polygon><username>anonymous</username><pt><x>811</x><y>807</y><time>05-10-20 11:40:41:059</time></pt><pt><x>1639</x><y>807</y><time>05-10-20 11:40:42:719</time></pt><pt><x>1639</x><y>2508</y><time>undefined</time></pt><pt><x>811</x><y>2508</y><time>undefined</time></pt><closed_date>05-10-20 11:40:42:720</closed_date></polygon></object></annotation>