<annotation><filename>m4_s09_138_p_ic043.jpg</filename><folder>users/joselusava//santiago_2</folder><source><submittedBy>Jose Saca</submittedBy></source><imagesize><nrows>2970</nrows><ncols>4451</ncols></imagesize><object><name>m4_s09_138_p_ic043</name><deleted>0</deleted><verified>0</verified><occluded>no</occluded><attributes></attributes><parts><hasparts></hasparts><ispartof></ispartof></parts><date>22-10-20 16:36:14:260</date><id>0</id><type>bounding_box</type><polygon><username>anonymous</username><pt><x>121</x><y>685</y><time>22-10-20 16:36:09:887</time></pt><pt><x>4326</x><y>685</y><time>22-10-20 16:36:11:905</time></pt><pt><x>4326</x><y>2670</y><time>undefined</time></pt><pt><x>121</x><y>2670</y><time>undefined</time></pt><closed_date>22-10-20 16:36:11:906</closed_date></polygon></object></annotation>