<annotation><filename>m2_s03_201_p_ic082.jpg</filename><folder>users/joselusava//eg</folder><source><submittedBy>Jose Saca</submittedBy></source><imagesize><nrows>2910</nrows><ncols>4361</ncols></imagesize><object><name>m2_s03_201_p_ic082</name><deleted>0</deleted><verified>0</verified><occluded>no</occluded><attributes></attributes><parts><hasparts></hasparts><ispartof></ispartof></parts><date>17-09-20 07:56:17:303</date><id>0</id><type>bounding_box</type><polygon><username>anonymous</username><pt><x>867</x><y>401</y><time>17-09-20 07:56:04:278</time></pt><pt><x>2960</x><y>401</y><time>17-09-20 07:56:05:747</time></pt><pt><x>2960</x><y>2401</y><time>undefined</time></pt><pt><x>867</x><y>2401</y><time>undefined</time></pt><closed_date>17-09-20 07:56:05:749</closed_date></polygon></object></annotation>