<annotation><filename>m4_s06_089_p_ic036.jpg</filename><folder>users/joselusava//santiago_2</folder><source><submittedBy>Jose Saca</submittedBy></source><imagesize><nrows>2970</nrows><ncols>4451</ncols></imagesize><object><name>m4_s06_089_p_ic036</name><deleted>0</deleted><verified>0</verified><occluded>no</occluded><attributes></attributes><parts><hasparts></hasparts><ispartof></ispartof></parts><date>11-10-20 18:03:01:709</date><id>0</id><type>bounding_box</type><polygon><username>anonymous</username><pt><x>1305</x><y>576</y><time>11-10-20 18:02:56:882</time></pt><pt><x>2974</x><y>576</y><time>11-10-20 18:02:59:147</time></pt><pt><x>2974</x><y>2662</y><time>undefined</time></pt><pt><x>1305</x><y>2662</y><time>undefined</time></pt><closed_date>11-10-20 18:02:59:148</closed_date></polygon></object></annotation>