<annotation><filename>m4_s10_164_p_nic086.jpg</filename><folder>users/joselusava//santiago_2</folder><source><submittedBy>Jose Saca</submittedBy></source><imagesize><nrows>2970</nrows><ncols>4451</ncols></imagesize><object><name>m4_s10_164_p_nic086</name><deleted>0</deleted><verified>0</verified><occluded>no</occluded><attributes></attributes><parts><hasparts></hasparts><ispartof></ispartof></parts><date>14-10-20 16:20:02:275</date><id>0</id><type>bounding_box</type><polygon><username>anonymous</username><pt><x>935</x><y>1981</y><time>14-10-20 16:19:59:326</time></pt><pt><x>1510</x><y>1981</y><time>14-10-20 16:20:00:127</time></pt><pt><x>1510</x><y>2674</y><time>undefined</time></pt><pt><x>935</x><y>2674</y><time>undefined</time></pt><closed_date>14-10-20 16:20:00:127</closed_date></polygon></object></annotation>