<annotation><filename>m2_s07_264_p_nic019.jpg</filename><folder>users/joselusava//valeria/sala7_264_nic</folder><source><submittedBy>Jose Saca</submittedBy></source><imagesize><nrows>2910</nrows><ncols>4361</ncols></imagesize><object><name>m2_s07_264_p_nic019</name><deleted>0</deleted><verified>0</verified><occluded>no</occluded><attributes></attributes><parts><hasparts></hasparts><ispartof></ispartof></parts><date>23-09-20 19:40:52:318</date><id>0</id><type>bounding_box</type><polygon><username>anonymous</username><pt><x>2756</x><y>2194</y><time>23-09-20 19:40:46:672</time></pt><pt><x>3985</x><y>2194</y><time>23-09-20 19:40:49:040</time></pt><pt><x>3985</x><y>446</y><time>undefined</time></pt><pt><x>2756</x><y>446</y><time>undefined</time></pt><closed_date>23-09-20 19:40:49:041</closed_date></polygon></object></annotation>