<annotation><filename>m2_s01_058_p_ic002.jpg</filename><folder>users/joselusava//m2_jsv/58/ic</folder><source><submittedBy>Jose Saca</submittedBy></source><imagesize><nrows>2850</nrows><ncols>4271</ncols></imagesize><object><name>m2_s01_058_p_ic002</name><deleted>0</deleted><verified>0</verified><occluded>no</occluded><attributes></attributes><parts><hasparts></hasparts><ispartof></ispartof></parts><date>29-09-20 12:58:42:488</date><id>0</id><type>bounding_box</type><polygon><username>anonymous</username><pt><x>340</x><y>238</y><time>29-09-20 12:58:38:561</time></pt><pt><x>4084</x><y>238</y><time>29-09-20 12:58:41:252</time></pt><pt><x>4084</x><y>2743</y><time>undefined</time></pt><pt><x>340</x><y>2743</y><time>undefined</time></pt><closed_date>29-09-20 12:58:41:252</closed_date></polygon></object></annotation>