<annotation><filename>m2_s03_252_p_nic009.jpg</filename><folder>users/joselusava//valeria/m2_sala03_252_nic</folder><source><submittedBy>Jose Saca</submittedBy></source><imagesize><nrows>2910</nrows><ncols>4361</ncols></imagesize><object><name>m2_s06_252_p_nic009</name><deleted>0</deleted><verified>0</verified><occluded>no</occluded><attributes></attributes><parts><hasparts></hasparts><ispartof></ispartof></parts><date>26-09-20 18:27:05:084</date><id>0</id><type>bounding_box</type><polygon><username>anonymous</username><pt><x>3930</x><y>1190</y><time>26-09-20 18:26:59:676</time></pt><pt><x>2331</x><y>1190</y><time>26-09-20 18:27:01:487</time></pt><pt><x>2331</x><y>226</y><time>undefined</time></pt><pt><x>3930</x><y>226</y><time>undefined</time></pt><closed_date>26-09-20 18:27:01:488</closed_date></polygon></object></annotation>