<annotation><filename>m1_s01_021_p_nic030.jpg</filename><folder>users/joselusava//santiago</folder><source><submittedBy>Jose Saca</submittedBy></source><imagesize><nrows>3200</nrows><ncols>4800</ncols></imagesize><object><name>m1_s01_021_p_nic030</name><deleted>0</deleted><verified>0</verified><occluded>no</occluded><attributes></attributes><parts><hasparts></hasparts><ispartof></ispartof></parts><date>15-09-20 15:43:12:122</date><id>0</id><type>bounding_box</type><polygon><username>anonymous</username><pt><x>3027</x><y>515</y><time>15-09-20 15:43:03:634</time></pt><pt><x>3535</x><y>515</y><time>15-09-20 15:43:04:932</time></pt><pt><x>3535</x><y>1181</y><time>undefined</time></pt><pt><x>3027</x><y>1181</y><time>undefined</time></pt><closed_date>15-09-20 15:43:04:933</closed_date></polygon></object></annotation>