<annotation><filename>m4_s10_164_p_ic080.jpg</filename><folder>users/joselusava//santiago_2</folder><source><submittedBy>Jose Saca</submittedBy></source><imagesize><nrows>2970</nrows><ncols>4451</ncols></imagesize><object><name>m4_s10_164_p_ic080</name><deleted>0</deleted><verified>0</verified><occluded>no</occluded><attributes></attributes><parts><hasparts></hasparts><ispartof></ispartof></parts><date>13-10-20 23:05:27:131</date><id>0</id><type>bounding_box</type><polygon><username>anonymous</username><pt><x>1549</x><y>928</y><time>13-10-20 23:05:24:782</time></pt><pt><x>2270</x><y>928</y><time>13-10-20 23:05:25:477</time></pt><pt><x>2270</x><y>1906</y><time>undefined</time></pt><pt><x>1549</x><y>1906</y><time>undefined</time></pt><closed_date>13-10-20 23:05:25:478</closed_date></polygon></object></annotation>