<annotation><filename>m1_s01_017_p_ic018.jpg</filename><folder>users/joselusava//santiago</folder><source><submittedBy>Jose Saca</submittedBy></source><imagesize><nrows>3200</nrows><ncols>4800</ncols></imagesize><object><name>m1_s01_017_p_ic018</name><deleted>0</deleted><verified>0</verified><occluded>no</occluded><attributes></attributes><parts><hasparts></hasparts><ispartof></ispartof></parts><date>10-09-20 14:19:44:548</date><id>0</id><type>bounding_box</type><polygon><username>anonymous</username><pt><x>1710</x><y>1101</y><time>10-09-20 14:19:33:990</time></pt><pt><x>3135</x><y>1101</y><time>10-09-20 14:19:36:212</time></pt><pt><x>3135</x><y>2077</y><time>undefined</time></pt><pt><x>1710</x><y>2077</y><time>undefined</time></pt><closed_date>10-09-20 14:19:36:212</closed_date></polygon></object></annotation>