<annotation><filename>img_m1_s03-04_101_p_ic038.jpg</filename><folder>users/joselusava//valeria/sala3y4_101_ic</folder><source><submittedBy>Jose Saca</submittedBy></source><imagesize><nrows>3200</nrows><ncols>4800</ncols></imagesize><object><name>m1_s03_s04_101_p_ic038</name><deleted>0</deleted><verified>0</verified><occluded>no</occluded><attributes></attributes><parts><hasparts></hasparts><ispartof></ispartof></parts><date>29-08-20 00:00:12:111</date><id>0</id><type>bounding_box</type><polygon><username>anonymous</username><pt><x>43</x><y>3152</y><time>29-08-20 00:00:05:019</time></pt><pt><x>4021</x><y>3152</y><time>29-08-20 00:00:07:944</time></pt><pt><x>4021</x><y>467</y><time>undefined</time></pt><pt><x>43</x><y>467</y><time>undefined</time></pt><closed_date>29-08-20 00:00:07:945</closed_date></polygon></object></annotation>