<annotation><filename>m4_s04_039_p_ic081.jpg</filename><folder>users/joselusava//santiago_2</folder><source><submittedBy>Jose Saca</submittedBy></source><imagesize><nrows>2970</nrows><ncols>4451</ncols></imagesize><object><name>m4_s04_039_p_ic081</name><deleted>0</deleted><verified>0</verified><occluded>no</occluded><attributes></attributes><parts><hasparts></hasparts><ispartof></ispartof></parts><date>21-10-20 15:59:47:356</date><id>0</id><type>bounding_box</type><polygon><username>anonymous</username><pt><x>1967</x><y>246</y><time>21-10-20 15:59:43:794</time></pt><pt><x>2627</x><y>246</y><time>21-10-20 15:59:45:372</time></pt><pt><x>2627</x><y>2784</y><time>undefined</time></pt><pt><x>1967</x><y>2784</y><time>undefined</time></pt><closed_date>21-10-20 15:59:45:372</closed_date></polygon></object></annotation>