<annotation><filename>m1_s02_029_p_ic018.jpg</filename><folder>users/joselusava//valeria/sala2_029_ic</folder><source><submittedBy>Jose Saca</submittedBy></source><imagesize><nrows>3200</nrows><ncols>4800</ncols></imagesize><object><name>m1_s02_029_p_ic018</name><deleted>0</deleted><verified>0</verified><occluded>no</occluded><attributes></attributes><parts><hasparts></hasparts><ispartof></ispartof></parts><date>22-08-20 18:00:32:620</date><id>0</id><type>bounding_box</type><polygon><username>anonymous</username><pt><x>1455</x><y>392</y><time>22-08-20 17:59:42:459</time></pt><pt><x>3785</x><y>392</y><time>22-08-20 17:59:48:728</time></pt><pt><x>3785</x><y>2867</y><time>undefined</time></pt><pt><x>1455</x><y>2867</y><time>undefined</time></pt><closed_date>22-08-20 17:59:48:729</closed_date></polygon></object></annotation>