<annotation><filename>m2_s03_252_p_ic046.jpg</filename><folder>users/joselusava//valeria/m2_sala03_252_ic</folder><source><submittedBy>Jose Saca</submittedBy></source><imagesize><nrows>2910</nrows><ncols>4361</ncols></imagesize><object><name>m2_s06_252_p_ic044</name><deleted>0</deleted><verified>0</verified><occluded>no</occluded><attributes/><parts><hasparts/><ispartof/></parts><date>25-09-20 22:49:58:438</date><id>0</id><type>bounding_box</type><polygon><username>anonymous</username><pt><x>595</x><y>369</y><time>25-09-20 22:49:48:713</time></pt><pt><x>3720</x><y>369</y><time>25-09-20 22:49:52:919</time></pt><pt><x>3720</x><y>2618</y><time>undefined</time></pt><pt><x>595</x><y>2618</y><time>undefined</time></pt><closed_date>25-09-20 22:49:52:921</closed_date></polygon></object><object><name>m2_s06_252_p_ic046</name><deleted>0</deleted><verified>0</verified><occluded>no</occluded><attributes></attributes><parts><hasparts></hasparts><ispartof></ispartof></parts><date>27-09-20 00:00:08:096</date><id>1</id><type>bounding_box</type><polygon><username>anonymous</username><pt><x>595</x><y>342</y><time>26-09-20 23:59:59:190</time></pt><pt><x>3726</x><y>342</y><time>27-09-20 00:00:02:089</time></pt><pt><x>3726</x><y>2612</y><time>undefined</time></pt><pt><x>595</x><y>2612</y><time>undefined</time></pt><closed_date>27-09-20 00:00:02:090</closed_date></polygon></object></annotation>