<annotation><filename>m4_s07_105_p_ic085.jpg</filename><folder>users/joselusava//kath/m4_105</folder><source><submittedBy>Jose Saca</submittedBy></source><imagesize><nrows>2970</nrows><ncols>4451</ncols></imagesize><object><name>m4_s07_105_p_ic085</name><deleted>0</deleted><verified>0</verified><occluded>no</occluded><attributes></attributes><parts><hasparts></hasparts><ispartof></ispartof></parts><date>29-10-20 09:05:55:469</date><id>0</id><type>bounding_box</type><polygon><username>anonymous</username><pt><x>1817</x><y>2499</y><time>29-10-20 09:05:50:461</time></pt><pt><x>2850</x><y>2499</y><time>29-10-20 09:05:53:060</time></pt><pt><x>2850</x><y>332</y><time>undefined</time></pt><pt><x>1817</x><y>332</y><time>undefined</time></pt><closed_date>29-10-20 09:05:53:060</closed_date></polygon></object></annotation>