<annotation><filename>m1_s01_021_p_nic058.jpg</filename><folder>users/joselusava//santiago</folder><source><submittedBy>Jose Saca</submittedBy></source><imagesize><nrows>3200</nrows><ncols>4800</ncols></imagesize><object><name>m1_s01_021_p_nic058</name><deleted>0</deleted><verified>0</verified><occluded>no</occluded><attributes></attributes><parts><hasparts></hasparts><ispartof></ispartof></parts><date>16-09-20 18:09:38:977</date><id>0</id><type>bounding_box</type><polygon><username>anonymous</username><pt><x>1706</x><y>587</y><time>16-09-20 18:09:31:631</time></pt><pt><x>2171</x><y>587</y><time>16-09-20 18:09:32:843</time></pt><pt><x>2171</x><y>1170</y><time>undefined</time></pt><pt><x>1706</x><y>1170</y><time>undefined</time></pt><closed_date>16-09-20 18:09:32:844</closed_date></polygon></object></annotation>