<annotation><filename>m4_s11_176_p_ic045.jpg</filename><folder>users/joselusava//m4_js/176/ic</folder><source><submittedBy>Jose Saca</submittedBy></source><imagesize><nrows>2970</nrows><ncols>4451</ncols></imagesize><object><name>m4_s11_176_p_ic045</name><deleted>0</deleted><verified>0</verified><occluded>no</occluded><attributes></attributes><parts><hasparts></hasparts><ispartof></ispartof></parts><date>15-10-20 09:42:31:534</date><id>0</id><type>bounding_box</type><polygon><username>anonymous</username><pt><x>2799</x><y>2443</y><time>15-10-20 09:42:29:780</time></pt><pt><x>977</x><y>2443</y><time>15-10-20 09:42:30:859</time></pt><pt><x>977</x><y>782</y><time>undefined</time></pt><pt><x>2799</x><y>782</y><time>undefined</time></pt><closed_date>15-10-20 09:42:30:860</closed_date></polygon></object></annotation>