<annotation><filename>m2_s01_032_p_ic057.jpg</filename><folder>users/joselusava//santiago_2</folder><source><submittedBy>Jose Saca</submittedBy></source><imagesize><nrows>2850</nrows><ncols>4271</ncols></imagesize><object><name>m2_s01_032_p_ic057</name><deleted>0</deleted><verified>0</verified><occluded>no</occluded><attributes></attributes><parts><hasparts></hasparts><ispartof></ispartof></parts><date>30-09-20 15:47:18:796</date><id>0</id><type>bounding_box</type><polygon><username>anonymous</username><pt><x>1112</x><y>103</y><time>30-09-20 15:47:15:870</time></pt><pt><x>3062</x><y>103</y><time>30-09-20 15:47:16:822</time></pt><pt><x>3062</x><y>2536</y><time>undefined</time></pt><pt><x>1112</x><y>2536</y><time>undefined</time></pt><closed_date>30-09-20 15:47:16:823</closed_date></polygon></object></annotation>