<annotation><filename>m2_s01_034_p_nic024.jpg</filename><folder>users/joselusava//kath</folder><source><submittedBy>Jose Saca</submittedBy></source><imagesize><nrows>2850</nrows><ncols>4271</ncols></imagesize><object><name>m2_s01_034_p_nic024</name><deleted>0</deleted><verified>0</verified><occluded>no</occluded><attributes></attributes><parts><hasparts></hasparts><ispartof></ispartof></parts><date>25-09-20 19:37:09:615</date><id>0</id><type>bounding_box</type><polygon><username>anonymous</username><pt><x>2778</x><y>308</y><time>25-09-20 19:37:04:088</time></pt><pt><x>3666</x><y>308</y><time>25-09-20 19:37:06:837</time></pt><pt><x>3666</x><y>1776</y><time>undefined</time></pt><pt><x>2778</x><y>1776</y><time>undefined</time></pt><closed_date>25-09-20 19:37:06:838</closed_date></polygon></object></annotation>