<annotation><filename>m4_s10_164_p_ic042.jpg</filename><folder>users/joselusava//santiago_2</folder><source><submittedBy>Jose Saca</submittedBy></source><imagesize><nrows>2970</nrows><ncols>4451</ncols></imagesize><object><name>m4_s10_164_p_ic042</name><deleted>0</deleted><verified>0</verified><occluded>no</occluded><attributes></attributes><parts><hasparts></hasparts><ispartof></ispartof></parts><date>13-10-20 22:31:53:099</date><id>0</id><type>bounding_box</type><polygon><username>anonymous</username><pt><x>1824</x><y>971</y><time>13-10-20 22:31:50:144</time></pt><pt><x>2356</x><y>971</y><time>13-10-20 22:31:50:815</time></pt><pt><x>2356</x><y>1828</y><time>undefined</time></pt><pt><x>1824</x><y>1828</y><time>undefined</time></pt><closed_date>13-10-20 22:31:50:816</closed_date></polygon></object></annotation>