<annotation><filename>m1_s01_005_p_ic011.jpg</filename><folder>users/joselusava//jacob/sala1/ic</folder><source><submittedBy>Jose Saca</submittedBy></source><imagesize><nrows>2000</nrows><ncols>2992</ncols></imagesize><object><name>m1_s01_005_p_ic011</name><deleted>0</deleted><verified>0</verified><occluded>no</occluded><attributes></attributes><parts><hasparts></hasparts><ispartof></ispartof></parts><date>14-09-20 17:27:23:590</date><id>0</id><type>bounding_box</type><polygon><username>anonymous</username><pt><x>2052</x><y>1648</y><time>14-09-20 17:27:21:580</time></pt><pt><x>1011</x><y>1648</y><time>14-09-20 17:27:22:963</time></pt><pt><x>1011</x><y>500</y><time>undefined</time></pt><pt><x>2052</x><y>500</y><time>undefined</time></pt><closed_date>14-09-20 17:27:22:964</closed_date></polygon></object></annotation>