<annotation><filename>m2_s01_056_p_ic089.jpg</filename><folder>users/joselusava//m2_jsv/56/ic</folder><source><submittedBy>Jose Saca</submittedBy></source><imagesize><nrows>2850</nrows><ncols>4271</ncols></imagesize><object><name>m2_s01_056_p_ic089</name><deleted>0</deleted><verified>0</verified><occluded>no</occluded><attributes></attributes><parts><hasparts></hasparts><ispartof></ispartof></parts><date>28-09-20 21:55:40:525</date><id>0</id><type>bounding_box</type><polygon><username>anonymous</username><pt><x>2658</x><y>2293</y><time>28-09-20 21:55:38:471</time></pt><pt><x>1401</x><y>2293</y><time>28-09-20 21:55:39:815</time></pt><pt><x>1401</x><y>535</y><time>undefined</time></pt><pt><x>2658</x><y>535</y><time>undefined</time></pt><closed_date>28-09-20 21:55:39:815</closed_date></polygon></object></annotation>