<annotation><filename>m4_s10_164_p_ic043.jpg</filename><folder>users/joselusava//santiago_2</folder><source><submittedBy>Jose Saca</submittedBy></source><imagesize><nrows>2970</nrows><ncols>4451</ncols></imagesize><object><name>m4_s10_164_p_ic043</name><deleted>0</deleted><verified>0</verified><occluded>no</occluded><attributes></attributes><parts><hasparts></hasparts><ispartof></ispartof></parts><date>13-10-20 22:35:09:349</date><id>0</id><type>bounding_box</type><polygon><username>anonymous</username><pt><x>1931</x><y>1025</y><time>13-10-20 22:35:04:640</time></pt><pt><x>2402</x><y>1025</y><time>13-10-20 22:35:06:089</time></pt><pt><x>2402</x><y>1824</y><time>undefined</time></pt><pt><x>1931</x><y>1824</y><time>undefined</time></pt><closed_date>13-10-20 22:35:06:090</closed_date></polygon></object></annotation>