<annotation><filename>m1_s01_017_p_ic027.jpg</filename><folder>users/joselusava//santiago</folder><source><submittedBy>Jose Saca</submittedBy></source><imagesize><nrows>3200</nrows><ncols>4800</ncols></imagesize><object><name>m1_s01_017_p_ic027</name><deleted>0</deleted><verified>0</verified><occluded>no</occluded><attributes></attributes><parts><hasparts></hasparts><ispartof></ispartof></parts><date>10-09-20 14:49:12:481</date><id>0</id><type>bounding_box</type><polygon><username>anonymous</username><pt><x>1598</x><y>1119</y><time>10-09-20 14:48:58:570</time></pt><pt><x>2984</x><y>1119</y><time>10-09-20 14:49:00:594</time></pt><pt><x>2984</x><y>2167</y><time>undefined</time></pt><pt><x>1598</x><y>2167</y><time>undefined</time></pt><closed_date>10-09-20 14:49:00:595</closed_date></polygon></object></annotation>