<annotation><filename>m4_s03_025_p_nic044.jpg</filename><folder>users/joselusava//santiago_3</folder><source><submittedBy>Jose Saca</submittedBy></source><imagesize><nrows>2910</nrows><ncols>4361</ncols></imagesize><object><name>m4_s03_025_p_nic044</name><deleted>0</deleted><verified>0</verified><occluded>no</occluded><attributes></attributes><parts><hasparts></hasparts><ispartof></ispartof></parts><date>08-11-20 13:36:50:475</date><id>0</id><type>bounding_box</type><polygon><username>anonymous</username><pt><x>535</x><y>455</y><time>08-11-20 13:36:46:611</time></pt><pt><x>3113</x><y>455</y><time>08-11-20 13:36:48:244</time></pt><pt><x>3113</x><y>1710</y><time>undefined</time></pt><pt><x>535</x><y>1710</y><time>undefined</time></pt><closed_date>08-11-20 13:36:48:245</closed_date></polygon></object></annotation>