<annotation><filename>m4_s06_089_p_nic046.jpg</filename><folder>users/joselusava//santiago_2</folder><source><submittedBy>Jose Saca</submittedBy></source><imagesize><nrows>2970</nrows><ncols>4451</ncols></imagesize><object><name>m4_s06_089_p_nic046</name><deleted>0</deleted><verified>0</verified><occluded>no</occluded><attributes></attributes><parts><hasparts></hasparts><ispartof></ispartof></parts><date>12-10-20 21:12:39:839</date><id>0</id><type>bounding_box</type><polygon><username>anonymous</username><pt><x>203</x><y>428</y><time>12-10-20 21:12:36:110</time></pt><pt><x>1710</x><y>428</y><time>12-10-20 21:12:37:718</time></pt><pt><x>1710</x><y>2463</y><time>undefined</time></pt><pt><x>203</x><y>2463</y><time>undefined</time></pt><closed_date>12-10-20 21:12:37:718</closed_date></polygon></object></annotation>