<annotation><filename>m2_s06_250_p_ic050.jpg</filename><folder>users/joselusava//valeria/m2_sala06_250_ic</folder><source><submittedBy>Jose Saca</submittedBy></source><imagesize><nrows>2910</nrows><ncols>4361</ncols></imagesize><object><name>m2_s06_250_p_ic050</name><deleted>0</deleted><verified>0</verified><occluded>no</occluded><attributes></attributes><parts><hasparts></hasparts><ispartof></ispartof></parts><date>30-09-20 23:38:08:895</date><id>0</id><type>bounding_box</type><polygon><username>anonymous</username><pt><x>3858</x><y>2034</y><time>30-09-20 23:38:02:628</time></pt><pt><x>728</x><y>2034</y><time>30-09-20 23:38:04:758</time></pt><pt><x>728</x><y>904</y><time>undefined</time></pt><pt><x>3858</x><y>904</y><time>undefined</time></pt><closed_date>30-09-20 23:38:04:759</closed_date></polygon></object></annotation>