<annotation><filename>m4_s05_055_p_nic052.jpg</filename><folder>users/joselusava//valeria/m4_s05_055_nic</folder><source><submittedBy>Jose Saca</submittedBy></source><imagesize><nrows>2910</nrows><ncols>4361</ncols></imagesize><object><name>m4_s05_055_p_nic052</name><deleted>0</deleted><verified>0</verified><occluded>no</occluded><attributes></attributes><parts><hasparts></hasparts><ispartof></ispartof></parts><date>09-10-20 17:41:07:208</date><id>0</id><type>bounding_box</type><polygon><username>anonymous</username><pt><x>309</x><y>342</y><time>09-10-20 17:41:01:494</time></pt><pt><x>1664</x><y>342</y><time>09-10-20 17:41:03:576</time></pt><pt><x>1664</x><y>2023</y><time>undefined</time></pt><pt><x>309</x><y>2023</y><time>undefined</time></pt><closed_date>09-10-20 17:41:03:577</closed_date></polygon></object></annotation>