<annotation><filename>m2_s01_024_p_nic058.jpg</filename><folder>users/joselusava//santiago</folder><source><submittedBy>Jose Saca</submittedBy></source><imagesize><nrows>2850</nrows><ncols>4271</ncols></imagesize><object><name>m2_s01_024_p_nic058</name><deleted>0</deleted><verified>0</verified><occluded>no</occluded><attributes></attributes><parts><hasparts></hasparts><ispartof></ispartof></parts><date>25-09-20 15:07:37:657</date><id>0</id><type>bounding_box</type><polygon><username>anonymous</username><pt><x>616</x><y>426</y><time>25-09-20 15:07:30:706</time></pt><pt><x>1244</x><y>426</y><time>25-09-20 15:07:31:912</time></pt><pt><x>1244</x><y>1648</y><time>undefined</time></pt><pt><x>616</x><y>1648</y><time>undefined</time></pt><closed_date>25-09-20 15:07:31:914</closed_date></polygon></object></annotation>