<annotation><filename>m4_s06_089_p_ic025.jpg</filename><folder>users/joselusava//santiago_2</folder><source><submittedBy>Jose Saca</submittedBy></source><imagesize><nrows>2970</nrows><ncols>4451</ncols></imagesize><object><name>m4_s06_089_p_ic025</name><deleted>0</deleted><verified>0</verified><occluded>no</occluded><attributes></attributes><parts><hasparts></hasparts><ispartof></ispartof></parts><date>11-10-20 17:52:53:126</date><id>0</id><type>bounding_box</type><polygon><username>anonymous</username><pt><x>1414</x><y>474</y><time>11-10-20 17:52:49:236</time></pt><pt><x>3126</x><y>474</y><time>11-10-20 17:52:50:881</time></pt><pt><x>3126</x><y>2553</y><time>undefined</time></pt><pt><x>1414</x><y>2553</y><time>undefined</time></pt><closed_date>11-10-20 17:52:50:882</closed_date></polygon></object></annotation>