<annotation><filename>m4_s12_185_p_nic069.jpg</filename><folder>users/joselusava//valeria/m04_s12_185_nic</folder><source><submittedBy>Jose Saca</submittedBy></source><imagesize><nrows>2910</nrows><ncols>4361</ncols></imagesize><object><name>m4_s12_185_p_nic069</name><deleted>0</deleted><verified>0</verified><occluded>no</occluded><attributes></attributes><parts><hasparts></hasparts><ispartof></ispartof></parts><date>17-10-20 23:36:25:981</date><id>0</id><type>bounding_box</type><polygon><username>anonymous</username><pt><x>2541</x><y>2843</y><time>17-10-20 23:36:19:653</time></pt><pt><x>4337</x><y>2843</y><time>17-10-20 23:36:22:387</time></pt><pt><x>4337</x><y>991</y><time>undefined</time></pt><pt><x>2541</x><y>991</y><time>undefined</time></pt><closed_date>17-10-20 23:36:22:388</closed_date></polygon></object></annotation>