<annotation><filename>m4_s12_185_p_nic034.jpg</filename><folder>users/joselusava//valeria/m04_s12_185_nic</folder><source><submittedBy>Jose Saca</submittedBy></source><imagesize><nrows>2910</nrows><ncols>4361</ncols></imagesize><object><name>m4_s12_185_p_nic034</name><deleted>0</deleted><verified>0</verified><occluded>no</occluded><attributes></attributes><parts><hasparts></hasparts><ispartof></ispartof></parts><date>17-10-20 20:09:09:193</date><id>0</id><type>bounding_box</type><polygon><username>anonymous</username><pt><x>2317</x><y>2636</y><time>17-10-20 20:09:02:156</time></pt><pt><x>6</x><y>2636</y><time>17-10-20 20:09:05:776</time></pt><pt><x>6</x><y>330</y><time>undefined</time></pt><pt><x>2317</x><y>330</y><time>undefined</time></pt><closed_date>17-10-20 20:09:05:776</closed_date></polygon></object></annotation>