<annotation><filename>m2_s01_058_p_nic034.jpg</filename><folder>users/joselusava//m2_jsv/58/nic</folder><source><submittedBy>Jose Saca</submittedBy></source><imagesize><nrows>2850</nrows><ncols>4271</ncols></imagesize><object><name>m2_s01_058_p_nic034</name><deleted>0</deleted><verified>0</verified><occluded>no</occluded><attributes></attributes><parts><hasparts></hasparts><ispartof></ispartof></parts><date>29-09-20 23:03:00:071</date><id>0</id><type>bounding_box</type><polygon><username>anonymous</username><pt><x>1731</x><y>1688</y><time>29-09-20 23:02:56:950</time></pt><pt><x>51</x><y>1688</y><time>29-09-20 23:02:57:876</time></pt><pt><x>51</x><y>358</y><time>undefined</time></pt><pt><x>1731</x><y>358</y><time>undefined</time></pt><closed_date>29-09-20 23:02:57:877</closed_date></polygon></object></annotation>