<annotation><filename>m2_s02_129_p_nic065.jpg</filename><folder>users/joselusava//m2_jsv/129/nic</folder><source><submittedBy>Jose Saca</submittedBy></source><imagesize><nrows>2910</nrows><ncols>4361</ncols></imagesize><object><name>m2_s02_129_p_nic065</name><deleted>0</deleted><verified>0</verified><occluded>no</occluded><attributes></attributes><parts><hasparts></hasparts><ispartof></ispartof></parts><date>25-09-20 08:08:56:226</date><id>0</id><type>bounding_box</type><polygon><username>anonymous</username><pt><x>3612</x><y>1697</y><time>25-09-20 08:08:53:361</time></pt><pt><x>2716</x><y>1697</y><time>25-09-20 08:08:55:398</time></pt><pt><x>2716</x><y>749</y><time>undefined</time></pt><pt><x>3612</x><y>749</y><time>undefined</time></pt><closed_date>25-09-20 08:08:55:398</closed_date></polygon></object></annotation>