<annotation><filename>m2_s01_054_p_ic030.jpg</filename><folder>users/joselusava//kath</folder><source><submittedBy>Jose Saca</submittedBy></source><imagesize><nrows>2850</nrows><ncols>4271</ncols></imagesize><object><name>m2_s01_054_p_ic030</name><deleted>0</deleted><verified>0</verified><occluded>no</occluded><attributes></attributes><parts><hasparts></hasparts><ispartof></ispartof></parts><date>29-09-20 21:57:33:522</date><id>0</id><type>bounding_box</type><polygon><username>anonymous</username><pt><x>2653</x><y>358</y><time>29-09-20 21:57:25:954</time></pt><pt><x>1327</x><y>358</y><time>29-09-20 21:57:30:471</time></pt><pt><x>1327</x><y>2604</y><time>undefined</time></pt><pt><x>2653</x><y>2604</y><time>undefined</time></pt><closed_date>29-09-20 21:57:30:471</closed_date></polygon></object></annotation>