<annotation><filename>m4_s09_138_p_ic007.jpg</filename><folder>users/joselusava//santiago_2</folder><source><submittedBy>Jose Saca</submittedBy></source><imagesize><nrows>2970</nrows><ncols>4451</ncols></imagesize><object><name>m4_s09_138_p_ic007</name><deleted>0</deleted><verified>0</verified><occluded>no</occluded><attributes></attributes><parts><hasparts></hasparts><ispartof></ispartof></parts><date>22-10-20 13:48:17:537</date><id>0</id><type>bounding_box</type><polygon><username>anonymous</username><pt><x>1253</x><y>503</y><time>22-10-20 13:48:13:372</time></pt><pt><x>3413</x><y>503</y><time>22-10-20 13:48:15:055</time></pt><pt><x>3413</x><y>2210</y><time>undefined</time></pt><pt><x>1253</x><y>2210</y><time>undefined</time></pt><closed_date>22-10-20 13:48:15:056</closed_date></polygon></object></annotation>