<annotation><filename>m3_s01_013_p_nic042.jpg</filename><folder>users/joselusava//valeria/m03_s01_13_nic</folder><source><submittedBy>Jose Saca</submittedBy></source><imagesize><nrows>2970</nrows><ncols>4451</ncols></imagesize><object><name>m3_s01_013_p_nic042</name><deleted>0</deleted><verified>0</verified><occluded>no</occluded><attributes></attributes><parts><hasparts></hasparts><ispartof></ispartof></parts><date>06-11-20 23:21:30:791</date><id>0</id><type>bounding_box</type><polygon><username>anonymous</username><pt><x>2799</x><y>2553</y><time>06-11-20 23:21:22:731</time></pt><pt><x>223</x><y>2553</y><time>06-11-20 23:21:26:296</time></pt><pt><x>223</x><y>485</y><time>undefined</time></pt><pt><x>2799</x><y>485</y><time>undefined</time></pt><closed_date>06-11-20 23:21:26:297</closed_date></polygon></object></annotation>