<annotation><filename>m4_s09_138_p_ic075.jpg</filename><folder>users/joselusava//santiago_2</folder><source><submittedBy>Jose Saca</submittedBy></source><imagesize><nrows>2970</nrows><ncols>4451</ncols></imagesize><object><name>m4_s09_138_p_ic075</name><deleted>0</deleted><verified>0</verified><occluded>no</occluded><attributes></attributes><parts><hasparts></hasparts><ispartof></ispartof></parts><date>22-10-20 20:49:21:816</date><id>0</id><type>bounding_box</type><polygon><username>anonymous</username><pt><x>825</x><y>514</y><time>22-10-20 20:49:18:410</time></pt><pt><x>3502</x><y>514</y><time>22-10-20 20:49:19:689</time></pt><pt><x>3502</x><y>2592</y><time>undefined</time></pt><pt><x>825</x><y>2592</y><time>undefined</time></pt><closed_date>22-10-20 20:49:19:689</closed_date></polygon></object></annotation>