<annotation><filename>m1_s02_052_p_nic043.jpg</filename><folder>users/joselusava//valeria/sala2_052_nic</folder><source><submittedBy>Jose Saca</submittedBy></source><imagesize><nrows>3200</nrows><ncols>4800</ncols></imagesize><object><name>m1_s02_052_p_nic043</name><deleted>0</deleted><verified>0</verified><occluded>no</occluded><attributes></attributes><parts><hasparts></hasparts><ispartof></ispartof></parts><date>27-08-20 16:16:35:012</date><id>0</id><type>bounding_box</type><polygon><username>anonymous</username><pt><x>1417</x><y>2266</y><time>27-08-20 16:16:29:756</time></pt><pt><x>365</x><y>2266</y><time>27-08-20 16:16:31:994</time></pt><pt><x>365</x><y>1289</y><time>undefined</time></pt><pt><x>1417</x><y>1289</y><time>undefined</time></pt><closed_date>27-08-20 16:16:31:995</closed_date></polygon></object></annotation>