<annotation><filename>m4_s10_157_p_ic022.jpg</filename><folder>users/joselusava//valeria/m04_s10_157_ic</folder><source><submittedBy>Jose Saca</submittedBy></source><imagesize><nrows>2970</nrows><ncols>4451</ncols></imagesize><object><name>m4_s10_157_p_ic022</name><deleted>0</deleted><verified>0</verified><occluded>no</occluded><attributes></attributes><parts><hasparts></hasparts><ispartof></ispartof></parts><date>12-10-20 16:00:58:325</date><id>0</id><type>bounding_box</type><polygon><username>anonymous</username><pt><x>973</x><y>2813</y><time>12-10-20 16:00:51:670</time></pt><pt><x>3251</x><y>2813</y><time>12-10-20 16:00:54:020</time></pt><pt><x>3251</x><y>281</y><time>undefined</time></pt><pt><x>973</x><y>281</y><time>undefined</time></pt><closed_date>12-10-20 16:00:54:021</closed_date></polygon></object></annotation>