<annotation><filename>img_m1_s03-04_101_p_ic036.jpg</filename><folder>users/joselusava//valeria/sala3y4_101_ic</folder><source><submittedBy>Jose Saca</submittedBy></source><imagesize><nrows>3200</nrows><ncols>4800</ncols></imagesize><object><name>m1_s03_s04_101_p_ic036</name><deleted>0</deleted><verified>0</verified><occluded>no</occluded><attributes></attributes><parts><hasparts></hasparts><ispartof></ispartof></parts><date>28-08-20 23:56:29:005</date><id>0</id><type>bounding_box</type><polygon><username>anonymous</username><pt><x>43</x><y>3162</y><time>28-08-20 23:56:21:415</time></pt><pt><x>3807</x><y>3162</y><time>28-08-20 23:56:24:789</time></pt><pt><x>3807</x><y>360</y><time>undefined</time></pt><pt><x>43</x><y>360</y><time>undefined</time></pt><closed_date>28-08-20 23:56:24:790</closed_date></polygon></object></annotation>