<annotation><filename>m1_s01_001_p_ic089.jpg</filename><folder>users/joselusava//juancarlos</folder><source><submittedBy>Jose Saca</submittedBy></source><imagesize><nrows>2000</nrows><ncols>2992</ncols></imagesize><object><name>m1_s01_001_p_ic089</name><deleted>0</deleted><verified>0</verified><occluded>no</occluded><attributes></attributes><parts><hasparts></hasparts><ispartof></ispartof></parts><date>01-09-20 16:16:02:279</date><id>0</id><type>bounding_box</type><polygon><username>anonymous</username><pt><x>1979</x><y>1463</y><time>01-09-20 16:15:44:520</time></pt><pt><x>558</x><y>1463</y><time>01-09-20 16:15:52:030</time></pt><pt><x>558</x><y>697</y><time>undefined</time></pt><pt><x>1979</x><y>697</y><time>undefined</time></pt><closed_date>01-09-20 16:15:52:032</closed_date></polygon></object></annotation>