<annotation><filename>m1_s01_005_p_ic071.jpg</filename><folder>users/joselusava//jacob/sala1/ic</folder><source><submittedBy>Jose Saca</submittedBy></source><imagesize><nrows>2000</nrows><ncols>2992</ncols></imagesize><object><name>m1_s01_005_p_ic071</name><deleted>0</deleted><verified>0</verified><occluded>no</occluded><attributes></attributes><parts><hasparts></hasparts><ispartof></ispartof></parts><date>14-09-20 20:46:52:632</date><id>0</id><type>bounding_box</type><polygon><username>anonymous</username><pt><x>928</x><y>506</y><time>14-09-20 20:46:50:604</time></pt><pt><x>1963</x><y>506</y><time>14-09-20 20:46:51:930</time></pt><pt><x>1963</x><y>1439</y><time>undefined</time></pt><pt><x>928</x><y>1439</y><time>undefined</time></pt><closed_date>14-09-20 20:46:51:930</closed_date></polygon></object></annotation>