<annotation><filename>m2_s01_018_p_ic021.jpg</filename><folder>users/joselusava//santiago_2</folder><source><submittedBy>Jose Saca</submittedBy></source><imagesize><nrows>3000</nrows><ncols>4496</ncols></imagesize><object><name>m2_s01_018_p_ic021</name><deleted>0</deleted><verified>0</verified><occluded>no</occluded><attributes></attributes><parts><hasparts></hasparts><ispartof></ispartof></parts><date>28-09-20 14:38:04:836</date><id>0</id><type>bounding_box</type><polygon><username>anonymous</username><pt><x>1451</x><y>820</y><time>28-09-20 14:37:35:811</time></pt><pt><x>2774</x><y>820</y><time>28-09-20 14:37:37:422</time></pt><pt><x>2774</x><y>2106</y><time>undefined</time></pt><pt><x>1451</x><y>2106</y><time>undefined</time></pt><closed_date>28-09-20 14:37:37:423</closed_date></polygon></object></annotation>