<annotation><filename>m4_s10_157_p_ic055.jpg</filename><folder>users/joselusava//valeria/m04_s10_157_ic</folder><source><submittedBy>Jose Saca</submittedBy></source><imagesize><nrows>2970</nrows><ncols>4451</ncols></imagesize><object><name>m4_s10_157_p_ic055</name><deleted>0</deleted><verified>0</verified><occluded>no</occluded><attributes></attributes><parts><hasparts></hasparts><ispartof></ispartof></parts><date>12-10-20 17:45:49:764</date><id>0</id><type>bounding_box</type><polygon><username>anonymous</username><pt><x>1159</x><y>2739</y><time>12-10-20 17:45:44:740</time></pt><pt><x>3223</x><y>2739</y><time>12-10-20 17:45:46:529</time></pt><pt><x>3223</x><y>332</y><time>undefined</time></pt><pt><x>1159</x><y>332</y><time>undefined</time></pt><closed_date>12-10-20 17:45:46:530</closed_date></polygon></object></annotation>