<annotation><filename>m2_s01_001_p_ic069.jpg</filename><folder>users/joselusava//santiago</folder><source><submittedBy>Jose Saca</submittedBy></source><imagesize><nrows>2850</nrows><ncols>4271</ncols></imagesize><object><name>m2_s01_001_p_ic069</name><deleted>0</deleted><verified>0</verified><occluded>no</occluded><attributes></attributes><parts><hasparts></hasparts><ispartof></ispartof></parts><date>19-09-20 09:15:13:817</date><id>0</id><type>bounding_box</type><polygon><username>anonymous</username><pt><x>898</x><y>442</y><time>19-09-20 09:15:04:884</time></pt><pt><x>3427</x><y>442</y><time>19-09-20 09:15:07:322</time></pt><pt><x>3427</x><y>2536</y><time>undefined</time></pt><pt><x>898</x><y>2536</y><time>undefined</time></pt><closed_date>19-09-20 09:15:07:323</closed_date></polygon></object></annotation>