<annotation><filename>m2_s03_248_p_nic001.jpg</filename><folder>users/joselusava//museos2020</folder><source><submittedBy>Jose Saca</submittedBy></source><imagesize><nrows>2910</nrows><ncols>4361</ncols></imagesize><object><name>m2_s03_248_p_nic001</name><deleted>0</deleted><verified>0</verified><occluded>no</occluded><attributes></attributes><parts><hasparts></hasparts><ispartof></ispartof></parts><date>27-09-20 09:51:53:975</date><id>0</id><polygon><username>anonymous</username><pt><x>1850</x><y>1678</y><time>27-09-20 09:51:27:298</time></pt><pt><x>3747</x><y>1627</y><time>27-09-20 09:51:28:305</time></pt><pt><x>4012</x><y>1878</y><time>27-09-20 09:51:28:962</time></pt><pt><x>2538</x><y>2589</y><time>27-09-20 09:51:29:794</time></pt><closed_date>27-09-20 09:51:30:490</closed_date></polygon></object></annotation>