<annotation><filename>m1_s01_021_p_ic014.jpg</filename><folder>users/joselusava//santiago</folder><source><submittedBy>Jose Saca</submittedBy></source><imagesize><nrows>3200</nrows><ncols>4800</ncols></imagesize><object><name>m1_s01_021_p_ic014</name><deleted>0</deleted><verified>0</verified><occluded>no</occluded><attributes></attributes><parts><hasparts></hasparts><ispartof></ispartof></parts><date>14-09-20 22:03:48:025</date><id>0</id><type>bounding_box</type><polygon><username>anonymous</username><pt><x>1760</x><y>882</y><time>14-09-20 22:03:39:960</time></pt><pt><x>3034</x><y>882</y><time>14-09-20 22:03:41:832</time></pt><pt><x>3034</x><y>2415</y><time>undefined</time></pt><pt><x>1760</x><y>2415</y><time>undefined</time></pt><closed_date>14-09-20 22:03:41:834</closed_date></polygon></object></annotation>