<annotation><filename>m4_s09_138_p_nic047.jpg</filename><folder>users/joselusava//santiago_2</folder><source><submittedBy>Jose Saca</submittedBy></source><imagesize><nrows>2970</nrows><ncols>4451</ncols></imagesize><object><name>m4_s09_138_p_nic047</name><deleted>0</deleted><verified>0</verified><occluded>no</occluded><attributes></attributes><parts><hasparts></hasparts><ispartof></ispartof></parts><date>23-10-20 13:52:56:133</date><id>0</id><type>bounding_box</type><polygon><username>anonymous</username><pt><x>1906</x><y>782</y><time>23-10-20 13:52:53:082</time></pt><pt><x>4062</x><y>782</y><time>23-10-20 13:52:53:972</time></pt><pt><x>4062</x><y>1842</y><time>undefined</time></pt><pt><x>1906</x><y>1842</y><time>undefined</time></pt><closed_date>23-10-20 13:52:53:973</closed_date></polygon></object></annotation>