<annotation><filename>m4_s05_052_p_ic079.jpg</filename><folder>users/joselusava//santiago_2</folder><source><submittedBy>Jose Saca</submittedBy></source><imagesize><nrows>2910</nrows><ncols>4361</ncols></imagesize><object><name>m4_s05_052_p_ic079</name><deleted>0</deleted><verified>0</verified><occluded>no</occluded><attributes></attributes><parts><hasparts></hasparts><ispartof></ispartof></parts><date>07-10-20 23:00:50:728</date><id>0</id><type>bounding_box</type><polygon><username>anonymous</username><pt><x>1562</x><y>523</y><time>07-10-20 23:00:47:082</time></pt><pt><x>3014</x><y>523</y><time>07-10-20 23:00:48:404</time></pt><pt><x>3014</x><y>2446</y><time>undefined</time></pt><pt><x>1562</x><y>2446</y><time>undefined</time></pt><closed_date>07-10-20 23:00:48:404</closed_date></polygon></object></annotation>