<annotation><filename>m3_s01_013_p_ic091.jpg</filename><folder>users/joselusava//valeria/m03_s01_13_ic</folder><source><submittedBy>Jose Saca</submittedBy></source><imagesize><nrows>2970</nrows><ncols>4451</ncols></imagesize><object><name>m3_s01_013_p_ic090</name><deleted>0</deleted><verified>0</verified><occluded>no</occluded><attributes></attributes><parts><hasparts></hasparts><ispartof></ispartof></parts><date>01-11-20 09:42:56:496</date><id>0</id><type>bounding_box</type><polygon><username>anonymous</username><pt><x>3867</x><y>2742</y><time>01-11-20 09:42:50:523</time></pt><pt><x>594</x><y>2742</y><time>01-11-20 09:42:53:793</time></pt><pt><x>594</x><y>109</y><time>undefined</time></pt><pt><x>3867</x><y>109</y><time>undefined</time></pt><closed_date>01-11-20 09:42:53:794</closed_date></polygon></object></annotation>