<annotation><filename>m1_s01_021_p_ic010.jpg</filename><folder>users/joselusava//santiago</folder><source><submittedBy>Jose Saca</submittedBy></source><imagesize><nrows>3200</nrows><ncols>4800</ncols></imagesize><object><name>m1_s01_021_p_ic010</name><deleted>0</deleted><verified>0</verified><occluded>no</occluded><attributes></attributes><parts><hasparts></hasparts><ispartof></ispartof></parts><date>14-09-20 21:59:10:647</date><id>0</id><type>bounding_box</type><polygon><username>anonymous</username><pt><x>1911</x><y>1044</y><time>14-09-20 21:59:02:696</time></pt><pt><x>3088</x><y>1044</y><time>14-09-20 21:59:04:610</time></pt><pt><x>3088</x><y>2574</y><time>undefined</time></pt><pt><x>1911</x><y>2574</y><time>undefined</time></pt><closed_date>14-09-20 21:59:04:610</closed_date></polygon></object></annotation>