<annotation><filename>m4_s04_039_p_nic007.jpg</filename><folder>users/joselusava//santiago_2</folder><source><submittedBy>Jose Saca</submittedBy></source><imagesize><nrows>2970</nrows><ncols>4451</ncols></imagesize><object><name>m4_s04_039_p_nic007</name><deleted>0</deleted><verified>0</verified><occluded>no</occluded><attributes></attributes><parts><hasparts></hasparts><ispartof></ispartof></parts><date>21-10-20 16:22:41:808</date><id>0</id><type>bounding_box</type><polygon><username>anonymous</username><pt><x>2285</x><y>121</y><time>21-10-20 16:22:38:937</time></pt><pt><x>3031</x><y>121</y><time>21-10-20 16:22:40:190</time></pt><pt><x>3031</x><y>2492</y><time>undefined</time></pt><pt><x>2285</x><y>2492</y><time>undefined</time></pt><closed_date>21-10-20 16:22:40:191</closed_date></polygon></object></annotation>