<annotation><filename>m4_s02_015_p_ic069.jpg</filename><folder>users/joselusava//m4_js/15ic</folder><source><submittedBy>Jose Saca</submittedBy></source><imagesize><nrows>2910</nrows><ncols>4361</ncols></imagesize><object><name>m4_s02_015_p_ic069</name><deleted>0</deleted><verified>0</verified><occluded>no</occluded><attributes></attributes><parts><hasparts></hasparts><ispartof></ispartof></parts><date>03-10-20 19:37:18:778</date><id>0</id><type>bounding_box</type><polygon><username>anonymous</username><pt><x>1410</x><y>2498</y><time>03-10-20 19:37:17:125</time></pt><pt><x>2698</x><y>2498</y><time>03-10-20 19:37:18:107</time></pt><pt><x>2698</x><y>836</y><time>undefined</time></pt><pt><x>1410</x><y>836</y><time>undefined</time></pt><closed_date>03-10-20 19:37:18:107</closed_date></polygon></object></annotation>