<annotation><filename>m1_s06_144_p_ic004.jpg</filename><folder>users/joselusava//jacob_2/144ic</folder><source><submittedBy>Jose Saca</submittedBy></source><imagesize><nrows>2736</nrows><ncols>4100</ncols></imagesize><object><name>m1_s06_144_p_ic004</name><deleted>0</deleted><verified>0</verified><occluded>no</occluded><attributes></attributes><parts><hasparts></hasparts><ispartof></ispartof></parts><date>07-09-20 02:15:46:561</date><id>0</id><type>bounding_box</type><polygon><username>anonymous</username><pt><x>974</x><y>2660</y><time>07-09-20 02:15:42:246</time></pt><pt><x>2971</x><y>2660</y><time>07-09-20 02:15:45:603</time></pt><pt><x>2971</x><y>41</y><time>undefined</time></pt><pt><x>974</x><y>41</y><time>undefined</time></pt><closed_date>07-09-20 02:15:45:604</closed_date></polygon></object></annotation>