<annotation><filename>m4_s11_180_x.jpg</filename><folder>users/joselusava//kath/m4_x</folder><source><submittedBy>Jose Saca</submittedBy></source><imagesize><nrows>2970</nrows><ncols>4451</ncols></imagesize><object><name>m4_s11_180_x</name><deleted>0</deleted><verified>0</verified><occluded>no</occluded><attributes></attributes><parts><hasparts></hasparts><ispartof></ispartof></parts><date>21-10-20 12:27:24:825</date><id>0</id><polygon><username>anonymous</username><pt><x>1288</x><y>519</y><time>21-10-20 12:27:16:864</time></pt><pt><x>1475</x><y>2307</y><time>21-10-20 12:27:18:123</time></pt><pt><x>2970</x><y>2398</y><time>21-10-20 12:27:19:738</time></pt><pt><x>3066</x><y>457</y><time>21-10-20 12:27:20:852</time></pt><closed_date>21-10-20 12:27:22:211</closed_date></polygon></object></annotation>