<annotation><filename>m3_s01_023_p_nic003.jpg</filename><folder>users/joselusava//santiago_3</folder><source><submittedBy>Jose Saca</submittedBy></source><imagesize><nrows>2970</nrows><ncols>4451</ncols></imagesize><object><name>m3_s01_023_p_nic003</name><deleted>0</deleted><verified>0</verified><occluded>no</occluded><attributes></attributes><parts><hasparts></hasparts><ispartof></ispartof></parts><date>06-11-20 08:44:31:035</date><id>0</id><type>bounding_box</type><polygon><username>anonymous</username><pt><x>1621</x><y>860</y><time>06-11-20 08:44:26:624</time></pt><pt><x>4144</x><y>860</y><time>06-11-20 08:44:28:481</time></pt><pt><x>4144</x><y>2431</y><time>undefined</time></pt><pt><x>1621</x><y>2431</y><time>undefined</time></pt><closed_date>06-11-20 08:44:28:482</closed_date></polygon></object></annotation>