<annotation><filename>m2_s01_018_p_nic050.jpg</filename><folder>users/joselusava//santiago_2</folder><source><submittedBy>Jose Saca</submittedBy></source><imagesize><nrows>2850</nrows><ncols>4271</ncols></imagesize><object><name>m2_s01_018_p_nic050</name><deleted>0</deleted><verified>0</verified><occluded>no</occluded><attributes></attributes><parts><hasparts></hasparts><ispartof></ispartof></parts><date>28-09-20 21:55:40:530</date><id>0</id><type>bounding_box</type><polygon><username>anonymous</username><pt><x>423</x><y>1443</y><time>28-09-20 21:55:37:918</time></pt><pt><x>914</x><y>1443</y><time>28-09-20 21:55:38:550</time></pt><pt><x>914</x><y>1940</y><time>undefined</time></pt><pt><x>423</x><y>1940</y><time>undefined</time></pt><closed_date>28-09-20 21:55:38:551</closed_date></polygon></object></annotation>