<annotation><filename>m1_s06_144_p_ic099.jpg</filename><folder>users/joselusava//jacob_2/144ic</folder><source><submittedBy>Jose Saca</submittedBy></source><imagesize><nrows>2736</nrows><ncols>4100</ncols></imagesize><object><name>m1_s06_144_p_ic099</name><deleted>0</deleted><verified>0</verified><occluded>no</occluded><attributes></attributes><parts><hasparts></hasparts><ispartof></ispartof></parts><date>08-09-20 01:47:50:781</date><id>0</id><type>bounding_box</type><polygon><username>anonymous</username><pt><x>606</x><y>2529</y><time>08-09-20 01:47:47:270</time></pt><pt><x>3052</x><y>2529</y><time>08-09-20 01:47:49:927</time></pt><pt><x>3052</x><y>115</y><time>undefined</time></pt><pt><x>606</x><y>115</y><time>undefined</time></pt><closed_date>08-09-20 01:47:49:927</closed_date></polygon></object></annotation>