<annotation><filename>m2_s03_201_p_ic100.jpg</filename><folder>users/joselusava//eg</folder><source><submittedBy>Jose Saca</submittedBy></source><imagesize><nrows>2910</nrows><ncols>4361</ncols></imagesize><object><name>m2_s03_201_p_ic100</name><deleted>0</deleted><verified>0</verified><occluded>no</occluded><attributes></attributes><parts><hasparts></hasparts><ispartof></ispartof></parts><date>17-09-20 09:00:48:954</date><id>0</id><type>bounding_box</type><polygon><username>anonymous</username><pt><x>860</x><y>229</y><time>17-09-20 09:00:38:256</time></pt><pt><x>3247</x><y>229</y><time>17-09-20 09:00:39:613</time></pt><pt><x>3247</x><y>2516</y><time>undefined</time></pt><pt><x>860</x><y>2516</y><time>undefined</time></pt><closed_date>17-09-20 09:00:39:615</closed_date></polygon></object></annotation>