<annotation><filename>m4_s10_154_p_nic022.jpg</filename><folder>users/joselusava//valeria/m04_s10_154_nic</folder><source><submittedBy>Jose Saca</submittedBy></source><imagesize><nrows>2970</nrows><ncols>4451</ncols></imagesize><object><name>m4_s10_154_p_nic022</name><deleted>0</deleted><verified>0</verified><occluded>no</occluded><attributes></attributes><parts><hasparts></hasparts><ispartof></ispartof></parts><date>14-10-20 12:38:02:831</date><id>0</id><type>bounding_box</type><polygon><username>anonymous</username><pt><x>451</x><y>2793</y><time>14-10-20 12:37:55:515</time></pt><pt><x>2182</x><y>2793</y><time>14-10-20 12:37:58:231</time></pt><pt><x>2182</x><y>1040</y><time>undefined</time></pt><pt><x>451</x><y>1040</y><time>undefined</time></pt><closed_date>14-10-20 12:37:58:232</closed_date></polygon></object></annotation>