<annotation><filename>m2_s01_032_p_nic071.jpg</filename><folder>users/joselusava//santiago_2</folder><source><submittedBy>Jose Saca</submittedBy></source><imagesize><nrows>2850</nrows><ncols>4271</ncols></imagesize><object><name>m2_s01_032_p_nic071</name><deleted>0</deleted><verified>0</verified><occluded>no</occluded><attributes></attributes><parts><hasparts></hasparts><ispartof></ispartof></parts><date>30-09-20 21:10:36:132</date><id>0</id><type>bounding_box</type><polygon><username>anonymous</username><pt><x>3149</x><y>662</y><time>30-09-20 21:10:33:629</time></pt><pt><x>3831</x><y>662</y><time>30-09-20 21:10:34:374</time></pt><pt><x>3831</x><y>1758</y><time>undefined</time></pt><pt><x>3149</x><y>1758</y><time>undefined</time></pt><closed_date>30-09-20 21:10:34:376</closed_date></polygon></object></annotation>