<annotation><filename>m4_s02_021_p_nic049.jpg</filename><folder>users/joselusava//santiago_2</folder><source><submittedBy>Jose Saca</submittedBy></source><imagesize><nrows>2910</nrows><ncols>4361</ncols></imagesize><object><name>m4_s02_021_p_nic049</name><deleted>0</deleted><verified>0</verified><occluded>no</occluded><attributes></attributes><parts><hasparts></hasparts><ispartof></ispartof></parts><date>05-10-20 11:08:45:441</date><id>0</id><type>bounding_box</type><polygon><username>anonymous</username><pt><x>326</x><y>579</y><time>05-10-20 11:08:41:835</time></pt><pt><x>1330</x><y>579</y><time>05-10-20 11:08:43:662</time></pt><pt><x>1330</x><y>2304</y><time>undefined</time></pt><pt><x>326</x><y>2304</y><time>undefined</time></pt><closed_date>05-10-20 11:08:43:664</closed_date></polygon></object></annotation>