<annotation><filename>m2_s03_252_p_nic072.jpg</filename><folder>users/joselusava//valeria/m2_sala03_252_nic</folder><source><submittedBy>Jose Saca</submittedBy></source><imagesize><nrows>2910</nrows><ncols>4361</ncols></imagesize><object><name>m2_s06_252_p_nic072</name><deleted>0</deleted><verified>0</verified><occluded>no</occluded><attributes></attributes><parts><hasparts></hasparts><ispartof></ispartof></parts><date>26-09-20 22:21:12:849</date><id>0</id><type>bounding_box</type><polygon><username>anonymous</username><pt><x>1124</x><y>1786</y><time>26-09-20 22:21:07:369</time></pt><pt><x>2772</x><y>1786</y><time>26-09-20 22:21:09:491</time></pt><pt><x>2772</x><y>2712</y><time>undefined</time></pt><pt><x>1124</x><y>2712</y><time>undefined</time></pt><closed_date>26-09-20 22:21:09:491</closed_date></polygon></object></annotation>