<annotation><filename>m1_s01_017_p_ic049.jpg</filename><folder>users/joselusava//santiago</folder><source><submittedBy>Jose Saca</submittedBy></source><imagesize><nrows>3200</nrows><ncols>4800</ncols></imagesize><object><name>m1_s01_017_p_ic049</name><deleted>0</deleted><verified>0</verified><occluded>no</occluded><attributes></attributes><parts><hasparts></hasparts><ispartof></ispartof></parts><date>10-09-20 22:23:42:527</date><id>0</id><type>bounding_box</type><polygon><username>anonymous</username><pt><x>1494</x><y>1137</y><time>10-09-20 22:23:33:654</time></pt><pt><x>3373</x><y>1137</y><time>10-09-20 22:23:36:801</time></pt><pt><x>3373</x><y>2192</y><time>undefined</time></pt><pt><x>1494</x><y>2192</y><time>undefined</time></pt><closed_date>10-09-20 22:23:36:802</closed_date></polygon></object></annotation>