<annotation><filename>m2_s06_244_p_ic075.jpg</filename><folder>users/joselusava//museos2020</folder><source><submittedBy>Jose Saca</submittedBy></source><imagesize><nrows>2910</nrows><ncols>4361</ncols></imagesize><object><name>m2_s06_244_p_ic075</name><deleted>0</deleted><verified>0</verified><occluded>no</occluded><attributes></attributes><parts><hasparts></hasparts><ispartof></ispartof></parts><date>22-09-20 15:04:39:560</date><id>0</id><type>bounding_box</type><polygon><username>anonymous</username><pt><x>588</x><y>1226</y><time>22-09-20 15:04:31:671</time></pt><pt><x>3734</x><y>1226</y><time>22-09-20 15:04:33:364</time></pt><pt><x>3734</x><y>2358</y><time>undefined</time></pt><pt><x>588</x><y>2358</y><time>undefined</time></pt><closed_date>22-09-20 15:04:33:365</closed_date></polygon></object></annotation>