<annotation><filename>m4_s06_089_p_ic099.jpg</filename><folder>users/joselusava//santiago_2</folder><source><submittedBy>Jose Saca</submittedBy></source><imagesize><nrows>2970</nrows><ncols>4451</ncols></imagesize><object><name>m4_s06_089_p_ic099</name><deleted>0</deleted><verified>0</verified><occluded>no</occluded><attributes></attributes><parts><hasparts></hasparts><ispartof></ispartof></parts><date>11-10-20 22:10:46:907</date><id>0</id><type>bounding_box</type><polygon><username>anonymous</username><pt><x>1354</x><y>354</y><time>11-10-20 22:10:43:636</time></pt><pt><x>3196</x><y>354</y><time>11-10-20 22:10:45:020</time></pt><pt><x>3196</x><y>2666</y><time>undefined</time></pt><pt><x>1354</x><y>2666</y><time>undefined</time></pt><closed_date>11-10-20 22:10:45:021</closed_date></polygon></object></annotation>