<annotation><filename>m2_s07_264_p_nic042.jpg</filename><folder>users/joselusava//valeria/sala7_264_nic</folder><source><submittedBy>Jose Saca</submittedBy></source><imagesize><nrows>2910</nrows><ncols>4361</ncols></imagesize><object><name>m2_s07_264_p_nic042</name><deleted>0</deleted><verified>0</verified><occluded>no</occluded><attributes></attributes><parts><hasparts></hasparts><ispartof></ispartof></parts><date>23-09-20 20:28:29:322</date><id>0</id><type>bounding_box</type><polygon><username>anonymous</username><pt><x>810</x><y>2739</y><time>23-09-20 20:28:23:910</time></pt><pt><x>2039</x><y>2739</y><time>23-09-20 20:28:25:973</time></pt><pt><x>2039</x><y>1003</y><time>undefined</time></pt><pt><x>810</x><y>1003</y><time>undefined</time></pt><closed_date>23-09-20 20:28:25:974</closed_date></polygon></object></annotation>