<annotation><filename>m2_s07_264_p_nic063.jpg</filename><folder>users/joselusava//valeria/sala7_264_nic</folder><source><submittedBy>Jose Saca</submittedBy></source><imagesize><nrows>2910</nrows><ncols>4361</ncols></imagesize><object><name>m2_s07_264_p_nic063</name><deleted>0</deleted><verified>0</verified><occluded>no</occluded><attributes></attributes><parts><hasparts></hasparts><ispartof></ispartof></parts><date>23-09-20 21:06:32:719</date><id>0</id><type>bounding_box</type><polygon><username>anonymous</username><pt><x>1742</x><y>1979</y><time>23-09-20 21:06:27:677</time></pt><pt><x>2893</x><y>1979</y><time>23-09-20 21:06:29:563</time></pt><pt><x>2893</x><y>231</y><time>undefined</time></pt><pt><x>1742</x><y>231</y><time>undefined</time></pt><closed_date>23-09-20 21:06:29:564</closed_date></polygon></object></annotation>