<annotation><filename>m4_s06_089_p_nic019.jpg</filename><folder>users/joselusava//santiago_2</folder><source><submittedBy>Jose Saca</submittedBy></source><imagesize><nrows>2970</nrows><ncols>4451</ncols></imagesize><object><name>m4_s06_089_p_nic019</name><deleted>0</deleted><verified>0</verified><occluded>no</occluded><attributes></attributes><parts><hasparts></hasparts><ispartof></ispartof></parts><date>12-10-20 20:48:39:064</date><id>0</id><type>bounding_box</type><polygon><username>anonymous</username><pt><x>2295</x><y>357</y><time>12-10-20 20:48:35:649</time></pt><pt><x>4087</x><y>357</y><time>12-10-20 20:48:36:907</time></pt><pt><x>4087</x><y>2313</y><time>undefined</time></pt><pt><x>2295</x><y>2313</y><time>undefined</time></pt><closed_date>12-10-20 20:48:36:908</closed_date></polygon></object></annotation>