<annotation><filename>m2_s06_250_p_ic073.jpg</filename><folder>users/joselusava//valeria/m2_sala06_250_ic</folder><source><submittedBy>Jose Saca</submittedBy></source><imagesize><nrows>2910</nrows><ncols>4361</ncols></imagesize><object><name>m2_s06_250_p_ic072</name><deleted>0</deleted><verified>0</verified><occluded>no</occluded><attributes></attributes><parts><hasparts></hasparts><ispartof></ispartof></parts><date>30-09-20 23:59:58:259</date><id>0</id><type>bounding_box</type><polygon><username>anonymous</username><pt><x>397</x><y>2006</y><time>30-09-20 23:59:52:536</time></pt><pt><x>4293</x><y>2006</y><time>30-09-20 23:59:55:098</time></pt><pt><x>4293</x><y>728</y><time>undefined</time></pt><pt><x>397</x><y>728</y><time>undefined</time></pt><closed_date>30-09-20 23:59:55:099</closed_date></polygon></object></annotation>