<annotation><filename>m4_s05_055_p_ic079.jpg</filename><folder>users/joselusava//valeria/m4_s05_055_ic</folder><source><submittedBy>Jose Saca</submittedBy></source><imagesize><nrows>2910</nrows><ncols>4361</ncols></imagesize><object><name>m4_s05_055_p_ic079</name><deleted>0</deleted><verified>0</verified><occluded>no</occluded><attributes></attributes><parts><hasparts></hasparts><ispartof></ispartof></parts><date>09-10-20 14:09:27:885</date><id>0</id><type>bounding_box</type><polygon><username>anonymous</username><pt><x>1301</x><y>573</y><time>09-10-20 14:09:22:379</time></pt><pt><x>3042</x><y>573</y><time>09-10-20 14:09:24:357</time></pt><pt><x>3042</x><y>2475</y><time>undefined</time></pt><pt><x>1301</x><y>2475</y><time>undefined</time></pt><closed_date>09-10-20 14:09:24:358</closed_date></polygon></object></annotation>