<annotation><filename>m1_s02_036_p_ic037.jpg</filename><folder>users/joselusava//valeria/sala2_036_ic</folder><source><submittedBy>Jose Saca</submittedBy></source><imagesize><nrows>3200</nrows><ncols>4800</ncols></imagesize><object><name>m1_s01_036_p_ic037</name><deleted>0</deleted><verified>0</verified><occluded>no</occluded><attributes></attributes><parts><hasparts></hasparts><ispartof></ispartof></parts><date>23-08-20 02:24:39:673</date><id>0</id><type>bounding_box</type><polygon><username>anonymous</username><pt><x>1423</x><y>354</y><time>23-08-20 02:24:31:380</time></pt><pt><x>3565</x><y>354</y><time>23-08-20 02:24:35:449</time></pt><pt><x>3565</x><y>3184</y><time>undefined</time></pt><pt><x>1423</x><y>3184</y><time>undefined</time></pt><closed_date>23-08-20 02:24:35:451</closed_date></polygon></object></annotation>