<annotation><filename>m2_s01_023_x.jpg</filename><folder>users/joselusava//santiago</folder><source><submittedBy>Jose Saca</submittedBy></source><imagesize><nrows>2850</nrows><ncols>4271</ncols></imagesize><object><name>m2_s01_023_x</name><deleted>0</deleted><verified>0</verified><occluded>no</occluded><attributes></attributes><parts><hasparts></hasparts><ispartof></ispartof></parts><date>21-09-20 13:49:23:001</date><id>0</id><type>bounding_box</type><polygon><username>anonymous</username><pt><x>1493</x><y>105</y><time>21-09-20 13:49:12:495</time></pt><pt><x>2775</x><y>105</y><time>21-09-20 13:49:16:832</time></pt><pt><x>2775</x><y>2643</y><time>undefined</time></pt><pt><x>1493</x><y>2643</y><time>undefined</time></pt><closed_date>21-09-20 13:49:16:833</closed_date></polygon></object></annotation>