<annotation><filename>m2_s07_278_x.jpg</filename><folder>users/joselusava//museos2020</folder><source><submittedBy>Jose Saca</submittedBy></source><imagesize><nrows>2910</nrows><ncols>4361</ncols></imagesize><object><name>m2_s07_278_x</name><deleted>0</deleted><verified>0</verified><occluded>no</occluded><attributes></attributes><parts><hasparts></hasparts><ispartof></ispartof></parts><date>27-09-20 22:19:14:825</date><id>0</id><type>bounding_box</type><polygon><username>anonymous</username><pt><x>302</x><y>693</y><time>27-09-20 22:19:08:149</time></pt><pt><x>3951</x><y>693</y><time>27-09-20 22:19:09:725</time></pt><pt><x>3951</x><y>2357</y><time>undefined</time></pt><pt><x>302</x><y>2357</y><time>undefined</time></pt><closed_date>27-09-20 22:19:09:726</closed_date></polygon></object></annotation>