<annotation><filename>m2_s01_010_p_nic018.jpg</filename><folder>users/joselusava//santiago</folder><source><submittedBy>Jose Saca</submittedBy></source><imagesize><nrows>2850</nrows><ncols>4271</ncols></imagesize><object><name>m2_s01_010_p_nic018</name><deleted>0</deleted><verified>0</verified><occluded>no</occluded><attributes></attributes><parts><hasparts></hasparts><ispartof></ispartof></parts><date>22-09-20 20:11:19:982</date><id>0</id><type>bounding_box</type><polygon><username>anonymous</username><pt><x>1237</x><y>1606</y><time>22-09-20 20:11:12:413</time></pt><pt><x>2148</x><y>1606</y><time>22-09-20 20:11:13:526</time></pt><pt><x>2148</x><y>2526</y><time>undefined</time></pt><pt><x>1237</x><y>2526</y><time>undefined</time></pt><closed_date>22-09-20 20:11:13:527</closed_date></polygon></object></annotation>