<annotation><filename>m4_s05_055_p_ic050.jpg</filename><folder>users/joselusava//valeria/m4_s05_055_ic</folder><source><submittedBy>Jose Saca</submittedBy></source><imagesize><nrows>2910</nrows><ncols>4361</ncols></imagesize><object><name>m4_s05_055_p_ic050</name><deleted>0</deleted><verified>0</verified><occluded>no</occluded><attributes></attributes><parts><hasparts></hasparts><ispartof></ispartof></parts><date>08-10-20 22:30:24:775</date><id>0</id><type>bounding_box</type><polygon><username>anonymous</username><pt><x>1312</x><y>441</y><time>08-10-20 22:30:19:972</time></pt><pt><x>3186</x><y>441</y><time>08-10-20 22:30:21:622</time></pt><pt><x>3186</x><y>2431</y><time>undefined</time></pt><pt><x>1312</x><y>2431</y><time>undefined</time></pt><closed_date>08-10-20 22:30:21:624</closed_date></polygon></object></annotation>