<annotation><filename>m2_s02_190_p_nic076.jpg</filename><folder>users/joselusava//m2_jsv/190/nic</folder><source><submittedBy>Jose Saca</submittedBy></source><imagesize><nrows>2910</nrows><ncols>4361</ncols></imagesize><object><name>m2_s02_190_p_nic076</name><deleted>0</deleted><verified>0</verified><occluded>no</occluded><attributes></attributes><parts><hasparts></hasparts><ispartof></ispartof></parts><date>21-09-20 15:21:08:261</date><id>0</id><type>bounding_box</type><polygon><username>anonymous</username><pt><x>1471</x><y>1454</y><time>21-09-20 15:21:05:749</time></pt><pt><x>583</x><y>1454</y><time>21-09-20 15:21:07:067</time></pt><pt><x>583</x><y>540</y><time>undefined</time></pt><pt><x>1471</x><y>540</y><time>undefined</time></pt><closed_date>21-09-20 15:21:07:067</closed_date></polygon></object></annotation>