<annotation><filename>m4_s12_186_p_nic047.jpg</filename><folder>users/joselusava//m4_js/186/nic</folder><source><submittedBy>Jose Saca</submittedBy></source><imagesize><nrows>3899</nrows><ncols>5844</ncols></imagesize><object><name>m4_s12_186_p_nic047</name><deleted>0</deleted><verified>0</verified><occluded>no</occluded><attributes></attributes><parts><hasparts></hasparts><ispartof></ispartof></parts><date>18-10-20 11:37:27:482</date><id>0</id><type>bounding_box</type><polygon><username>anonymous</username><pt><x>3628</x><y>2870</y><time>18-10-20 11:37:25:492</time></pt><pt><x>1411</x><y>2870</y><time>18-10-20 11:37:26:866</time></pt><pt><x>1411</x><y>35</y><time>undefined</time></pt><pt><x>3628</x><y>35</y><time>undefined</time></pt><closed_date>18-10-20 11:37:26:867</closed_date></polygon></object></annotation>