<annotation><filename>m1_s06_141_p_ic066.jpg</filename><folder>users/joselusava//jacob_2/141ic</folder><source><submittedBy>Jose Saca</submittedBy></source><imagesize><nrows>2736</nrows><ncols>4100</ncols></imagesize><object><name>m1_s06_141_p_ic067</name><deleted>0</deleted><verified>0</verified><occluded>no</occluded><attributes></attributes><parts><hasparts></hasparts><ispartof></ispartof></parts><date>04-09-20 23:03:31:759</date><id>0</id><type>bounding_box</type><polygon><username>anonymous</username><pt><x>1103</x><y>2666</y><time>04-09-20 23:03:24:079</time></pt><pt><x>2930</x><y>2666</y><time>04-09-20 23:03:26:176</time></pt><pt><x>2930</x><y>88</y><time>undefined</time></pt><pt><x>1103</x><y>88</y><time>undefined</time></pt><closed_date>04-09-20 23:03:26:177</closed_date></polygon></object></annotation>