<annotation><filename>m4_s04_037_p_ic089.jpg</filename><folder>users/joselusava//santiago_2</folder><source><submittedBy>Jose Saca</submittedBy></source><imagesize><nrows>2970</nrows><ncols>4451</ncols></imagesize><object><name>m4_s04_037_p_ic089</name><deleted>0</deleted><verified>0</verified><occluded>no</occluded><attributes></attributes><parts><hasparts></hasparts><ispartof></ispartof></parts><date>18-10-20 22:27:08:179</date><id>0</id><type>bounding_box</type><polygon><username>anonymous</username><pt><x>1471</x><y>275</y><time>18-10-20 22:27:05:051</time></pt><pt><x>2838</x><y>275</y><time>18-10-20 22:27:06:321</time></pt><pt><x>2838</x><y>2659</y><time>undefined</time></pt><pt><x>1471</x><y>2659</y><time>undefined</time></pt><closed_date>18-10-20 22:27:06:323</closed_date></polygon></object></annotation>