<annotation><filename>m2_s03_252_p_ic034.jpg</filename><folder>users/joselusava//valeria/m2_sala03_252_ic</folder><source><submittedBy>Jose Saca</submittedBy></source><imagesize><nrows>2910</nrows><ncols>4361</ncols></imagesize><object><name>m2_s06_252_p_ic033</name><deleted>0</deleted><verified>0</verified><occluded>no</occluded><attributes/><parts><hasparts/><ispartof/></parts><date>25-09-20 20:31:49:419</date><id>0</id><type>bounding_box</type><polygon><username>anonymous</username><pt><x>661</x><y>816</y><time>25-09-20 20:31:43:251</time></pt><pt><x>3434</x><y>816</y><time>25-09-20 20:31:45:618</time></pt><pt><x>3434</x><y>2475</y><time>undefined</time></pt><pt><x>661</x><y>2475</y><time>undefined</time></pt><closed_date>25-09-20 20:31:45:619</closed_date></polygon></object><object><name>m2_s06_252_p_ic034</name><deleted>0</deleted><verified>0</verified><occluded>no</occluded><attributes></attributes><parts><hasparts></hasparts><ispartof></ispartof></parts><date>26-09-20 23:32:13:542</date><id>1</id><type>bounding_box</type><polygon><username>anonymous</username><pt><x>667</x><y>799</y><time>26-09-20 23:32:08:134</time></pt><pt><x>3434</x><y>799</y><time>26-09-20 23:32:10:360</time></pt><pt><x>3434</x><y>2480</y><time>undefined</time></pt><pt><x>667</x><y>2480</y><time>undefined</time></pt><closed_date>26-09-20 23:32:10:361</closed_date></polygon></object></annotation>