<annotation><filename>m4_s11_178_p_nic069.jpg</filename><folder>users/joselusava//santiago_2</folder><source><submittedBy>Jose Saca</submittedBy></source><imagesize><nrows>2970</nrows><ncols>4451</ncols></imagesize><object><name>m4_s11_178_p_nic069</name><deleted>0</deleted><verified>0</verified><occluded>no</occluded><attributes></attributes><parts><hasparts></hasparts><ispartof></ispartof></parts><date>16-10-20 11:30:26:740</date><id>0</id><type>bounding_box</type><polygon><username>anonymous</username><pt><x>710</x><y>735</y><time>16-10-20 11:30:23:060</time></pt><pt><x>1621</x><y>735</y><time>16-10-20 11:30:24:364</time></pt><pt><x>1621</x><y>1913</y><time>undefined</time></pt><pt><x>710</x><y>1913</y><time>undefined</time></pt><closed_date>16-10-20 11:30:24:365</closed_date></polygon></object></annotation>