<annotation><filename>m4_s10_154_p_nic014.jpg</filename><folder>users/joselusava//valeria/m04_s10_154_nic</folder><source><submittedBy>Jose Saca</submittedBy></source><imagesize><nrows>2970</nrows><ncols>4451</ncols></imagesize><object><name>m4_s10_154_p_nic014</name><deleted>0</deleted><verified>0</verified><occluded>no</occluded><attributes></attributes><parts><hasparts></hasparts><ispartof></ispartof></parts><date>13-10-20 23:41:02:927</date><id>0</id><type>bounding_box</type><polygon><username>anonymous</username><pt><x>2861</x><y>1931</y><time>13-10-20 23:40:57:755</time></pt><pt><x>1211</x><y>1931</y><time>13-10-20 23:40:59:924</time></pt><pt><x>1211</x><y>188</y><time>undefined</time></pt><pt><x>2861</x><y>188</y><time>undefined</time></pt><closed_date>13-10-20 23:40:59:925</closed_date></polygon></object></annotation>