<annotation><filename>m2_s03_252_p_nic031.jpg</filename><folder>users/joselusava//valeria/m2_sala03_252_nic</folder><source><submittedBy>Jose Saca</submittedBy></source><imagesize><nrows>2910</nrows><ncols>4361</ncols></imagesize><object><name>m2_s06_252_p_nic030</name><deleted>0</deleted><verified>0</verified><occluded>no</occluded><attributes/><parts><hasparts/><ispartof/></parts><date>26-09-20 19:38:39:595</date><id>0</id><type>bounding_box</type><polygon><username>anonymous</username><pt><x>2160</x><y>650</y><time>26-09-20 19:38:31:267</time></pt><pt><x>336</x><y>650</y><time>26-09-20 19:38:36:205</time></pt><pt><x>336</x><y>1747</y><time>undefined</time></pt><pt><x>2160</x><y>1747</y><time>undefined</time></pt><closed_date>26-09-20 19:38:36:206</closed_date></polygon></object><object><name>m2_s06_252_p_nic031</name><deleted>0</deleted><verified>0</verified><occluded>no</occluded><attributes></attributes><parts><hasparts></hasparts><ispartof></ispartof></parts><date>26-09-20 20:01:46:543</date><id>1</id><type>bounding_box</type><polygon><username>anonymous</username><pt><x>325</x><y>628</y><time>26-09-20 20:01:41:027</time></pt><pt><x>2177</x><y>628</y><time>26-09-20 20:01:43:464</time></pt><pt><x>2177</x><y>1742</y><time>undefined</time></pt><pt><x>325</x><y>1742</y><time>undefined</time></pt><closed_date>26-09-20 20:01:43:465</closed_date></polygon></object></annotation>