<annotation><filename>m4_s07_105_p_ic049.jpg</filename><folder>users/joselusava//kath/m4_105</folder><source><submittedBy>Jose Saca</submittedBy></source><imagesize><nrows>2970</nrows><ncols>4451</ncols></imagesize><object><name>m4_s07_105_p_ic049</name><deleted>0</deleted><verified>0</verified><occluded>no</occluded><attributes></attributes><parts><hasparts></hasparts><ispartof></ispartof></parts><date>29-10-20 08:20:50:633</date><id>0</id><type>bounding_box</type><polygon><username>anonymous</username><pt><x>1528</x><y>2855</y><time>29-10-20 08:20:44:313</time></pt><pt><x>2749</x><y>2855</y><time>29-10-20 08:20:47:415</time></pt><pt><x>2749</x><y>533</y><time>undefined</time></pt><pt><x>1528</x><y>533</y><time>undefined</time></pt><closed_date>29-10-20 08:20:47:416</closed_date></polygon></object></annotation>