<annotation><filename>m4_s02_015_p_nic041.jpg</filename><folder>users/joselusava//m4_js/15nic</folder><source><submittedBy>Jose Saca</submittedBy></source><imagesize><nrows>2910</nrows><ncols>4361</ncols></imagesize><object><name>m4_s02_015_p_nic041</name><deleted>0</deleted><verified>0</verified><occluded>no</occluded><attributes></attributes><parts><hasparts></hasparts><ispartof></ispartof></parts><date>06-10-20 19:59:25:317</date><id>0</id><type>bounding_box</type><polygon><username>anonymous</username><pt><x>4100</x><y>1428</y><time>06-10-20 19:59:22:863</time></pt><pt><x>2768</x><y>1428</y><time>06-10-20 19:59:24:378</time></pt><pt><x>2768</x><y>26</y><time>undefined</time></pt><pt><x>4100</x><y>26</y><time>undefined</time></pt><closed_date>06-10-20 19:59:24:378</closed_date></polygon></object></annotation>