<annotation><filename>m4_s12_186_p_nic089.jpg</filename><folder>users/joselusava//m4_js/186/nic</folder><source><submittedBy>Jose Saca</submittedBy></source><imagesize><nrows>3899</nrows><ncols>5844</ncols></imagesize><object><name>m4_s12_186_p_nic088</name><deleted>0</deleted><verified>0</verified><occluded>no</occluded><attributes></attributes><parts><hasparts></hasparts><ispartof></ispartof></parts><date>18-10-20 12:19:49:011</date><id>0</id><type>bounding_box</type><polygon><username>anonymous</username><pt><x>5821</x><y>3161</y><time>18-10-20 12:19:46:401</time></pt><pt><x>3149</x><y>3161</y><time>18-10-20 12:19:48:245</time></pt><pt><x>3149</x><y>23</y><time>undefined</time></pt><pt><x>5821</x><y>23</y><time>undefined</time></pt><closed_date>18-10-20 12:19:48:246</closed_date></polygon></object></annotation>