<annotation><filename>m3_s01_018_p_ic007.jpg</filename><folder>users/joselusava//m4_js/18/ic</folder><source><submittedBy>Jose Saca</submittedBy></source><imagesize><nrows>2970</nrows><ncols>4451</ncols></imagesize><object><name>m3_s01_018_p_ic007</name><deleted>0</deleted><verified>0</verified><occluded>no</occluded><attributes></attributes><parts><hasparts></hasparts><ispartof></ispartof></parts><date>05-11-20 10:15:17:695</date><id>0</id><type>bounding_box</type><polygon><username>anonymous</username><pt><x>3956</x><y>2557</y><time>05-11-20 10:15:14:600</time></pt><pt><x>137</x><y>2557</y><time>05-11-20 10:15:16:924</time></pt><pt><x>137</x><y>147</y><time>undefined</time></pt><pt><x>3956</x><y>147</y><time>undefined</time></pt><closed_date>05-11-20 10:15:16:925</closed_date></polygon></object></annotation>