<annotation><filename>m4_s05_052_p_ic032.jpg</filename><folder>users/joselusava//santiago_2</folder><source><submittedBy>Jose Saca</submittedBy></source><imagesize><nrows>2910</nrows><ncols>4361</ncols></imagesize><object><name>m4_s05_052_p_ic032</name><deleted>0</deleted><verified>0</verified><occluded>no</occluded><attributes></attributes><parts><hasparts></hasparts><ispartof></ispartof></parts><date>07-10-20 22:00:17:534</date><id>0</id><type>bounding_box</type><polygon><username>anonymous</username><pt><x>1555</x><y>426</y><time>07-10-20 22:00:09:850</time></pt><pt><x>2864</x><y>426</y><time>07-10-20 22:00:11:456</time></pt><pt><x>2864</x><y>2707</y><time>undefined</time></pt><pt><x>1555</x><y>2707</y><time>undefined</time></pt><closed_date>07-10-20 22:00:11:457</closed_date></polygon></object></annotation>