<annotation><filename>m4_s07_105_p_ic009.jpg</filename><folder>users/joselusava//kath/m4_105</folder><source><submittedBy>Jose Saca</submittedBy></source><imagesize><nrows>2970</nrows><ncols>4451</ncols></imagesize><object><name>m4_s07_105_p_ic009</name><deleted>0</deleted><verified>0</verified><occluded>no</occluded><attributes></attributes><parts><hasparts></hasparts><ispartof></ispartof></parts><date>25-10-20 09:08:22:373</date><id>0</id><type>bounding_box</type><polygon><username>anonymous</username><pt><x>1873</x><y>317</y><time>25-10-20 09:08:14:892</time></pt><pt><x>2847</x><y>317</y><time>25-10-20 09:08:17:294</time></pt><pt><x>2847</x><y>2582</y><time>undefined</time></pt><pt><x>1873</x><y>2582</y><time>undefined</time></pt><closed_date>25-10-20 09:08:17:294</closed_date></polygon></object></annotation>