<annotation><filename>m2_s02_129_p_ic083.jpg</filename><folder>users/joselusava//m2_jsv/129/ic</folder><source><submittedBy>Jose Saca</submittedBy></source><imagesize><nrows>2910</nrows><ncols>4361</ncols></imagesize><object><name>m2_s02_129_p_ic083</name><deleted>0</deleted><verified>0</verified><occluded>no</occluded><attributes></attributes><parts><hasparts></hasparts><ispartof></ispartof></parts><date>24-09-20 19:35:01:364</date><id>0</id><type>bounding_box</type><polygon><username>anonymous</username><pt><x>2977</x><y>2376</y><time>24-09-20 19:34:59:547</time></pt><pt><x>1349</x><y>2376</y><time>24-09-20 19:35:00:640</time></pt><pt><x>1349</x><y>722</y><time>undefined</time></pt><pt><x>2977</x><y>722</y><time>undefined</time></pt><closed_date>24-09-20 19:35:00:640</closed_date></polygon></object></annotation>