<annotation><filename>m2_s01_018_p_nic051.jpg</filename><folder>users/joselusava//santiago_2</folder><source><submittedBy>Jose Saca</submittedBy></source><imagesize><nrows>2850</nrows><ncols>4271</ncols></imagesize><object><name>m2_s01_018_p_nic051</name><deleted>0</deleted><verified>0</verified><occluded>no</occluded><attributes></attributes><parts><hasparts></hasparts><ispartof></ispartof></parts><date>28-09-20 21:56:34:222</date><id>0</id><type>bounding_box</type><polygon><username>anonymous</username><pt><x>471</x><y>1228</y><time>28-09-20 21:56:31:092</time></pt><pt><x>1003</x><y>1228</y><time>28-09-20 21:56:31:886</time></pt><pt><x>1003</x><y>1798</y><time>undefined</time></pt><pt><x>471</x><y>1798</y><time>undefined</time></pt><closed_date>28-09-20 21:56:31:887</closed_date></polygon></object></annotation>