<annotation><filename>m1_s01_017_p_nic083.jpg</filename><folder>users/joselusava//santiago</folder><source><submittedBy>Jose Saca</submittedBy></source><imagesize><nrows>3200</nrows><ncols>4800</ncols></imagesize><object><name>m1_s01_017_p_nic083</name><deleted>0</deleted><verified>0</verified><occluded>no</occluded><attributes></attributes><parts><hasparts></hasparts><ispartof></ispartof></parts><date>11-09-20 19:56:30:453</date><id>0</id><type>bounding_box</type><polygon><username>anonymous</username><pt><x>641</x><y>1512</y><time>11-09-20 19:56:23:624</time></pt><pt><x>1199</x><y>1512</y><time>11-09-20 19:56:24:633</time></pt><pt><x>1199</x><y>1911</y><time>undefined</time></pt><pt><x>641</x><y>1911</y><time>undefined</time></pt><closed_date>11-09-20 19:56:24:634</closed_date></polygon></object></annotation>