<annotation><filename>m2_s01_032_p_ic053.jpg</filename><folder>users/joselusava//santiago_2</folder><source><submittedBy>Jose Saca</submittedBy></source><imagesize><nrows>2850</nrows><ncols>4271</ncols></imagesize><object><name>m2_s01_032_p_ic053</name><deleted>0</deleted><verified>0</verified><occluded>no</occluded><attributes></attributes><parts><hasparts></hasparts><ispartof></ispartof></parts><date>30-09-20 15:43:38:542</date><id>0</id><type>bounding_box</type><polygon><username>anonymous</username><pt><x>1199</x><y>99</y><time>30-09-20 15:43:34:374</time></pt><pt><x>2959</x><y>99</y><time>30-09-20 15:43:36:174</time></pt><pt><x>2959</x><y>2670</y><time>undefined</time></pt><pt><x>1199</x><y>2670</y><time>undefined</time></pt><closed_date>30-09-20 15:43:36:175</closed_date></polygon></object></annotation>