<annotation><filename>m1_s06_144_p_nic077.jpg</filename><folder>users/joselusava//jacob_2/144nic</folder><source><submittedBy>Jose Saca</submittedBy></source><imagesize><nrows>2736</nrows><ncols>4100</ncols></imagesize><object><name>m1_s06_144_p_nic077</name><deleted>0</deleted><verified>0</verified><occluded>no</occluded><attributes></attributes><parts><hasparts></hasparts><ispartof></ispartof></parts><date>08-09-20 13:57:36:826</date><id>0</id><type>bounding_box</type><polygon><username>anonymous</username><pt><x>3855</x><y>2168</y><time>08-09-20 13:57:33:091</time></pt><pt><x>2127</x><y>2168</y><time>08-09-20 13:57:36:192</time></pt><pt><x>2127</x><y>742</y><time>undefined</time></pt><pt><x>3855</x><y>742</y><time>undefined</time></pt><closed_date>08-09-20 13:57:36:192</closed_date></polygon></object></annotation>