<annotation><filename>m4_s04_039_p_nic092.jpg</filename><folder>users/joselusava//santiago_2</folder><source><submittedBy>Jose Saca</submittedBy></source><imagesize><nrows>2970</nrows><ncols>4451</ncols></imagesize><object><name>m4_s04_039_p_nic092</name><deleted>0</deleted><verified>0</verified><occluded>no</occluded><attributes></attributes><parts><hasparts></hasparts><ispartof></ispartof></parts><date>21-10-20 22:25:02:459</date><id>0</id><type>bounding_box</type><polygon><username>anonymous</username><pt><x>2128</x><y>1078</y><time>21-10-20 22:24:58:620</time></pt><pt><x>2774</x><y>1078</y><time>21-10-20 22:25:00:464</time></pt><pt><x>2774</x><y>2909</y><time>undefined</time></pt><pt><x>2128</x><y>2909</y><time>undefined</time></pt><closed_date>21-10-20 22:25:00:465</closed_date></polygon></object></annotation>