<annotation><filename>m1_s06_186_p_nic089.jpg</filename><folder>users/joselusava//jacob_2/186nic</folder><source><submittedBy>Jose Saca</submittedBy></source><imagesize><nrows>2736</nrows><ncols>4100</ncols></imagesize><object><name>m1_s06_186_p_nic089</name><deleted>0</deleted><verified>0</verified><occluded>no</occluded><attributes></attributes><parts><hasparts></hasparts><ispartof></ispartof></parts><date>09-09-20 23:35:08:476</date><id>0</id><type>bounding_box</type><polygon><username>anonymous</username><pt><x>3257</x><y>2447</y><time>09-09-20 23:35:06:443</time></pt><pt><x>2234</x><y>2447</y><time>09-09-20 23:35:07:882</time></pt><pt><x>2234</x><y>687</y><time>undefined</time></pt><pt><x>3257</x><y>687</y><time>undefined</time></pt><closed_date>09-09-20 23:35:07:883</closed_date></polygon></object></annotation>