<annotation><filename>m1_s02_052_p_ic086.jpg</filename><folder>users/joselusava//valeria/sala2_052_ic</folder><source><submittedBy>Jose Saca</submittedBy></source><imagesize><nrows>3200</nrows><ncols>4800</ncols></imagesize><object><name>m1_s02_052_p_ic086</name><deleted>0</deleted><verified>0</verified><occluded>no</occluded><attributes></attributes><parts><hasparts></hasparts><ispartof></ispartof></parts><date>25-08-20 19:54:26:206</date><id>0</id><type>bounding_box</type><polygon><username>anonymous</username><pt><x>601</x><y>16</y><time>25-08-20 19:54:20:486</time></pt><pt><x>4285</x><y>16</y><time>25-08-20 19:54:22:970</time></pt><pt><x>4285</x><y>3162</y><time>undefined</time></pt><pt><x>601</x><y>3162</y><time>undefined</time></pt><closed_date>25-08-20 19:54:22:970</closed_date></polygon></object></annotation>