<annotation><filename>m3_s01_018_p_nic041.jpg</filename><folder>users/joselusava//m4_js/18/nic</folder><source><submittedBy>Jose Saca</submittedBy></source><imagesize><nrows>2970</nrows><ncols>4451</ncols></imagesize><object><name>m3_s01_018_p_nic041</name><deleted>0</deleted><verified>0</verified><occluded>no</occluded><attributes></attributes><parts><hasparts></hasparts><ispartof></ispartof></parts><date>05-11-20 15:01:34:564</date><id>0</id><type>bounding_box</type><polygon><username>anonymous</username><pt><x>4440</x><y>2683</y><time>05-11-20 15:01:32:533</time></pt><pt><x>1820</x><y>2683</y><time>05-11-20 15:01:33:655</time></pt><pt><x>1820</x><y>179</y><time>undefined</time></pt><pt><x>4440</x><y>179</y><time>undefined</time></pt><closed_date>05-11-20 15:01:33:655</closed_date></polygon></object></annotation>