<annotation><filename>m2_s06_244_p_ic032.jpg</filename><folder>users/joselusava//museos2020</folder><source><submittedBy>Jose Saca</submittedBy></source><imagesize><nrows>2910</nrows><ncols>4361</ncols></imagesize><object><name>m2_s06_244_p_ic032</name><deleted>0</deleted><verified>0</verified><occluded>no</occluded><attributes></attributes><parts><hasparts></hasparts><ispartof></ispartof></parts><date>22-09-20 12:59:59:360</date><id>0</id><type>bounding_box</type><polygon><username>anonymous</username><pt><x>1018</x><y>953</y><time>22-09-20 12:59:42:488</time></pt><pt><x>3225</x><y>953</y><time>22-09-20 12:59:44:084</time></pt><pt><x>3225</x><y>2007</y><time>undefined</time></pt><pt><x>1018</x><y>2007</y><time>undefined</time></pt><closed_date>22-09-20 12:59:44:085</closed_date></polygon></object></annotation>