<annotation><filename>m4_s05_052_p_ic031.jpg</filename><folder>users/joselusava//santiago_2</folder><source><submittedBy>Jose Saca</submittedBy></source><imagesize><nrows>2910</nrows><ncols>4361</ncols></imagesize><object><name>m4_s05_052_p_ic031</name><deleted>0</deleted><verified>0</verified><occluded>no</occluded><attributes></attributes><parts><hasparts></hasparts><ispartof></ispartof></parts><date>07-10-20 16:42:28:466</date><id>0</id><type>bounding_box</type><polygon><username>anonymous</username><pt><x>1521</x><y>485</y><time>07-10-20 16:42:24:382</time></pt><pt><x>2789</x><y>485</y><time>07-10-20 16:42:25:698</time></pt><pt><x>2789</x><y>2446</y><time>undefined</time></pt><pt><x>1521</x><y>2446</y><time>undefined</time></pt><closed_date>07-10-20 16:42:25:699</closed_date></polygon></object></annotation>