<annotation><filename>m1_s02_036_p_nic024.jpg</filename><folder>users/joselusava//valeria/sala2_036_nic</folder><source><submittedBy>Jose Saca</submittedBy></source><imagesize><nrows>3200</nrows><ncols>4800</ncols></imagesize><object><name>m1_s02_036_p_nic024</name><deleted>0</deleted><verified>0</verified><occluded>no</occluded><attributes></attributes><parts><hasparts></hasparts><ispartof></ispartof></parts><date>26-08-20 22:51:00:091</date><id>0</id><type>bounding_box</type><polygon><username>anonymous</username><pt><x>3119</x><y>1095</y><time>26-08-20 22:50:54:425</time></pt><pt><x>4021</x><y>1095</y><time>26-08-20 22:50:56:898</time></pt><pt><x>4021</x><y>2217</y><time>undefined</time></pt><pt><x>3119</x><y>2217</y><time>undefined</time></pt><closed_date>26-08-20 22:50:56:899</closed_date></polygon></object></annotation>