<annotation><filename>m4_s05_060_p_ic027.jpg</filename><folder>users/joselusava//m4_js/60/ic</folder><source><submittedBy>Jose Saca</submittedBy></source><imagesize><nrows>2910</nrows><ncols>4361</ncols></imagesize><object><name>m4_s05_060_p_ic027</name><deleted>0</deleted><verified>0</verified><occluded>no</occluded><attributes></attributes><parts><hasparts></hasparts><ispartof></ispartof></parts><date>13-10-20 15:44:37:996</date><id>0</id><type>bounding_box</type><polygon><username>anonymous</username><pt><x>4187</x><y>2298</y><time>13-10-20 15:44:35:252</time></pt><pt><x>557</x><y>2298</y><time>13-10-20 15:44:37:202</time></pt><pt><x>557</x><y>635</y><time>undefined</time></pt><pt><x>4187</x><y>635</y><time>undefined</time></pt><closed_date>13-10-20 15:44:37:202</closed_date></polygon></object></annotation>