<annotation><filename>m4_s02_021_p_ic046.jpg</filename><folder>users/joselusava//santiago_2</folder><source><submittedBy>Jose Saca</submittedBy></source><imagesize><nrows>3000</nrows><ncols>4496</ncols></imagesize><object><name>m4_s02_021_p_ic046</name><deleted>0</deleted><verified>0</verified><occluded>no</occluded><attributes></attributes><parts><hasparts></hasparts><ispartof></ispartof></parts><date>03-10-20 18:10:03:794</date><id>0</id><type>bounding_box</type><polygon><username>anonymous</username><pt><x>1439</x><y>371</y><time>03-10-20 18:10:00:456</time></pt><pt><x>2714</x><y>371</y><time>03-10-20 18:10:01:636</time></pt><pt><x>2714</x><y>2493</y><time>undefined</time></pt><pt><x>1439</x><y>2493</y><time>undefined</time></pt><closed_date>03-10-20 18:10:01:636</closed_date></polygon></object></annotation>