<annotation><filename>m2_s01_032_p_ic071.jpg</filename><folder>users/joselusava//santiago_2</folder><source><submittedBy>Jose Saca</submittedBy></source><imagesize><nrows>2850</nrows><ncols>4271</ncols></imagesize><object><name>m2_s01_032_p_ic071</name><deleted>0</deleted><verified>0</verified><occluded>no</occluded><attributes></attributes><parts><hasparts></hasparts><ispartof></ispartof></parts><date>30-09-20 16:52:25:353</date><id>0</id><type>bounding_box</type><polygon><username>anonymous</username><pt><x>1074</x><y>119</y><time>30-09-20 16:52:22:127</time></pt><pt><x>3007</x><y>119</y><time>30-09-20 16:52:23:365</time></pt><pt><x>3007</x><y>2645</y><time>undefined</time></pt><pt><x>1074</x><y>2645</y><time>undefined</time></pt><closed_date>30-09-20 16:52:23:366</closed_date></polygon></object></annotation>