<annotation><filename>m1_s02_029_p_ic031.jpg</filename><folder>users/joselusava//valeria/sala2_029_ic</folder><source><submittedBy>Jose Saca</submittedBy></source><imagesize><nrows>3200</nrows><ncols>4800</ncols></imagesize><object><name>m1_s02_029_p_ic031</name><deleted>0</deleted><verified>0</verified><occluded>no</occluded><attributes></attributes><parts><hasparts></hasparts><ispartof></ispartof></parts><date>22-08-20 18:56:20:932</date><id>0</id><type>bounding_box</type><polygon><username>anonymous</username><pt><x>1380</x><y>166</y><time>22-08-20 18:56:03:524</time></pt><pt><x>3560</x><y>166</y><time>22-08-20 18:56:08:681</time></pt><pt><x>3560</x><y>2985</y><time>undefined</time></pt><pt><x>1380</x><y>2985</y><time>undefined</time></pt><closed_date>22-08-20 18:56:08:682</closed_date></polygon></object></annotation>