<annotation><filename>m4_s11_178_p_ic046.jpg</filename><folder>users/joselusava//santiago_2</folder><source><submittedBy>Jose Saca</submittedBy></source><imagesize><nrows>2970</nrows><ncols>4451</ncols></imagesize><object><name>m4_s11_178_p_ic046</name><deleted>0</deleted><verified>0</verified><occluded>no</occluded><attributes></attributes><parts><hasparts></hasparts><ispartof></ispartof></parts><date>15-10-20 21:44:56:176</date><id>0</id><type>bounding_box</type><polygon><username>anonymous</username><pt><x>1696</x><y>725</y><time>15-10-20 21:44:52:378</time></pt><pt><x>2595</x><y>725</y><time>15-10-20 21:44:54:069</time></pt><pt><x>2595</x><y>2085</y><time>undefined</time></pt><pt><x>1696</x><y>2085</y><time>undefined</time></pt><closed_date>15-10-20 21:44:54:070</closed_date></polygon></object></annotation>