<annotation><filename>m3_s01_013_p_ic003.jpg</filename><folder>users/joselusava//valeria/m03_s01_13_ic</folder><source><submittedBy>Jose Saca</submittedBy></source><imagesize><nrows>2970</nrows><ncols>4451</ncols></imagesize><object><name>m3_s01_013_p_ic003</name><deleted>0</deleted><verified>0</verified><occluded>no</occluded><attributes></attributes><parts><hasparts></hasparts><ispartof></ispartof></parts><date>28-10-20 22:17:55:158</date><id>0</id><type>bounding_box</type><polygon><username>anonymous</username><pt><x>805</x><y>2713</y><time>28-10-20 22:17:49:591</time></pt><pt><x>3313</x><y>2713</y><time>28-10-20 22:17:51:818</time></pt><pt><x>3313</x><y>263</y><time>undefined</time></pt><pt><x>805</x><y>263</y><time>undefined</time></pt><closed_date>28-10-20 22:17:51:820</closed_date></polygon></object></annotation>