<annotation><filename>m3_s01_002_p_ic080.jpg</filename><folder>users/joselusava//santiago_3</folder><source><submittedBy>Jose Saca</submittedBy></source><imagesize><nrows>2970</nrows><ncols>4451</ncols></imagesize><object><name>m3_s01_002_p_ic080</name><deleted>0</deleted><verified>0</verified><occluded>no</occluded><attributes></attributes><parts><hasparts></hasparts><ispartof></ispartof></parts><date>29-10-20 13:25:52:006</date><id>0</id><type>bounding_box</type><polygon><username>anonymous</username><pt><x>903</x><y>750</y><time>29-10-20 13:25:42:439</time></pt><pt><x>3563</x><y>750</y><time>29-10-20 13:25:43:744</time></pt><pt><x>3563</x><y>2302</y><time>undefined</time></pt><pt><x>903</x><y>2302</y><time>undefined</time></pt><closed_date>29-10-20 13:25:43:744</closed_date></polygon></object></annotation>