<annotation><filename>m2_s01_056_p_ic026.jpg</filename><folder>users/joselusava//m2_jsv/56/ic</folder><source><submittedBy>Jose Saca</submittedBy></source><imagesize><nrows>2850</nrows><ncols>4271</ncols></imagesize><object><name>m2_s01_056_p_ic026</name><deleted>0</deleted><verified>0</verified><occluded>no</occluded><attributes></attributes><parts><hasparts></hasparts><ispartof></ispartof></parts><date>28-09-20 21:33:43:393</date><id>0</id><type>bounding_box</type><polygon><username>anonymous</username><pt><x>909</x><y>51</y><time>28-09-20 21:33:39:838</time></pt><pt><x>3031</x><y>51</y><time>28-09-20 21:33:42:179</time></pt><pt><x>3031</x><y>2692</y><time>undefined</time></pt><pt><x>909</x><y>2692</y><time>undefined</time></pt><closed_date>28-09-20 21:33:42:179</closed_date></polygon></object></annotation>