<annotation><filename>m1_s06_168_p_nic038.jpg</filename><folder>users/joselusava//jacob_2/168nic</folder><source><submittedBy>Jose Saca</submittedBy></source><imagesize><nrows>2736</nrows><ncols>4100</ncols></imagesize><object><name>m1_s06_168_p_nic038</name><deleted>0</deleted><verified>0</verified><occluded>no</occluded><attributes></attributes><parts><hasparts></hasparts><ispartof></ispartof></parts><date>08-09-20 23:13:15:523</date><id>0</id><type>bounding_box</type><polygon><username>anonymous</username><pt><x>246</x><y>2250</y><time>08-09-20 23:13:12:624</time></pt><pt><x>1203</x><y>2250</y><time>08-09-20 23:13:14:553</time></pt><pt><x>1203</x><y>589</y><time>undefined</time></pt><pt><x>246</x><y>589</y><time>undefined</time></pt><closed_date>08-09-20 23:13:14:553</closed_date></polygon></object></annotation>