<annotation><filename>m4_s12_185_p_nic002.jpg</filename><folder>users/joselusava//valeria/m04_s12_185_nic</folder><source><submittedBy>Jose Saca</submittedBy></source><imagesize><nrows>2910</nrows><ncols>4361</ncols></imagesize><object><name>m4_s12_185_p_nic002</name><deleted>0</deleted><verified>0</verified><occluded>no</occluded><attributes></attributes><parts><hasparts></hasparts><ispartof></ispartof></parts><date>17-10-20 19:06:55:928</date><id>0</id><type>bounding_box</type><polygon><username>anonymous</username><pt><x>2177</x><y>2585</y><time>17-10-20 19:06:50:829</time></pt><pt><x>4175</x><y>2585</y><time>17-10-20 19:06:52:938</time></pt><pt><x>4175</x><y>358</y><time>undefined</time></pt><pt><x>2177</x><y>358</y><time>undefined</time></pt><closed_date>17-10-20 19:06:52:940</closed_date></polygon></object></annotation>