<annotation><filename>m1_s02_036_p_nic068.jpg</filename><folder>users/joselusava//valeria/sala2_036_nic</folder><source><submittedBy>Jose Saca</submittedBy></source><imagesize><nrows>3200</nrows><ncols>4800</ncols></imagesize><object><name>m1_s02_036_p_nic068</name><deleted>0</deleted><verified>0</verified><occluded>no</occluded><attributes></attributes><parts><hasparts></hasparts><ispartof></ispartof></parts><date>27-08-20 01:12:48:263</date><id>0</id><type>bounding_box</type><polygon><username>anonymous</username><pt><x>183</x><y>183</y><time>27-08-20 01:12:41:375</time></pt><pt><x>2835</x><y>183</y><time>27-08-20 01:12:44:221</time></pt><pt><x>2835</x><y>2540</y><time>undefined</time></pt><pt><x>183</x><y>2540</y><time>undefined</time></pt><closed_date>27-08-20 01:12:44:223</closed_date></polygon></object></annotation>