<annotation><filename>m1_s01_005_p_nic034.jpg</filename><folder>users/joselusava//museos2020</folder><source><submittedBy>Jose Saca</submittedBy></source><imagesize><nrows>2000</nrows><ncols>2992</ncols></imagesize><object><name>m1_s01_005_p_nic034</name><deleted>0</deleted><verified>0</verified><occluded>no</occluded><attributes></attributes><parts><hasparts></hasparts><ispartof></ispartof></parts><date>14-09-20 10:47:48:968</date><id>0</id><type>bounding_box</type><polygon><username>anonymous</username><pt><x>2268</x><y>1195</y><time>14-09-20 10:47:33:988</time></pt><pt><x>2575</x><y>1195</y><time>14-09-20 10:47:35:471</time></pt><pt><x>2575</x><y>1581</y><time>undefined</time></pt><pt><x>2268</x><y>1581</y><time>undefined</time></pt><closed_date>14-09-20 10:47:35:472</closed_date></polygon></object></annotation>