<annotation><filename>m4_s05_060_p_ic066.jpg</filename><folder>users/joselusava//m4_js/60/ic</folder><source><submittedBy>Jose Saca</submittedBy></source><imagesize><nrows>2910</nrows><ncols>4361</ncols></imagesize><object><name>m4_s05_060_p_ic066</name><deleted>0</deleted><verified>0</verified><occluded>no</occluded><attributes></attributes><parts><hasparts></hasparts><ispartof></ispartof></parts><date>13-10-20 15:57:54:885</date><id>0</id><type>bounding_box</type><polygon><username>anonymous</username><pt><x>35</x><y>2272</y><time>13-10-20 15:57:52:162</time></pt><pt><x>4352</x><y>2272</y><time>13-10-20 15:57:53:817</time></pt><pt><x>4352</x><y>252</y><time>undefined</time></pt><pt><x>35</x><y>252</y><time>undefined</time></pt><closed_date>13-10-20 15:57:53:818</closed_date></polygon></object></annotation>