<annotation><filename>m2_s01_032_p_nic007.jpg</filename><folder>users/joselusava//santiago_2</folder><source><submittedBy>Jose Saca</submittedBy></source><imagesize><nrows>2850</nrows><ncols>4271</ncols></imagesize><object><name>m2_s01_032_p_nic007</name><deleted>0</deleted><verified>0</verified><occluded>no</occluded><attributes></attributes><parts><hasparts></hasparts><ispartof></ispartof></parts><date>30-09-20 17:42:56:827</date><id>0</id><type>bounding_box</type><polygon><username>anonymous</username><pt><x>872</x><y>254</y><time>30-09-20 17:42:54:004</time></pt><pt><x>1883</x><y>254</y><time>30-09-20 17:42:54:961</time></pt><pt><x>1883</x><y>1452</y><time>undefined</time></pt><pt><x>872</x><y>1452</y><time>undefined</time></pt><closed_date>30-09-20 17:42:54:961</closed_date></polygon></object></annotation>