<annotation><filename>m2_s02_152_x.jpg</filename><folder>users/joselusava//m2_jsv</folder><source><submittedBy>Jose Saca</submittedBy></source><imagesize><nrows>2910</nrows><ncols>4361</ncols></imagesize><object><name>m2_s02_152_x</name><deleted>0</deleted><verified>0</verified><occluded>no</occluded><attributes></attributes><parts><hasparts></hasparts><ispartof></ispartof></parts><date>19-09-20 23:43:40:607</date><id>0</id><type>bounding_box</type><polygon><username>anonymous</username><pt><x>3499</x><y>2542</y><time>19-09-20 23:43:38:299</time></pt><pt><x>731</x><y>2542</y><time>19-09-20 23:43:39:955</time></pt><pt><x>731</x><y>435</y><time>undefined</time></pt><pt><x>3499</x><y>435</y><time>undefined</time></pt><closed_date>19-09-20 23:43:39:955</closed_date></polygon></object></annotation>