<annotation><filename>m1_s01_004_p_ic031.jpg</filename><folder>users/joselusava//valeria_apoyo/sala001_004ic_ok</folder><source><submittedBy>Jose Saca</submittedBy></source><imagesize><nrows>2000</nrows><ncols>2992</ncols></imagesize><object><name>m1_s01_004_p_ic031</name><deleted>0</deleted><verified>0</verified><occluded>no</occluded><attributes></attributes><parts><hasparts></hasparts><ispartof></ispartof></parts><date>15-09-20 22:58:55:137</date><id>0</id><type>bounding_box</type><polygon><username>anonymous</username><pt><x>11</x><y>1985</y><time>15-09-20 22:58:46:874</time></pt><pt><x>2977</x><y>1985</y><time>15-09-20 22:58:50:042</time></pt><pt><x>2977</x><y>398</y><time>undefined</time></pt><pt><x>11</x><y>398</y><time>undefined</time></pt><closed_date>15-09-20 22:58:50:043</closed_date></polygon></object></annotation>