<annotation><filename>m2_s01_032_p_nic079.jpg</filename><folder>users/joselusava//santiago_2</folder><source><submittedBy>Jose Saca</submittedBy></source><imagesize><nrows>2850</nrows><ncols>4271</ncols></imagesize><object><name>m2_s01_032_p_nic079</name><deleted>0</deleted><verified>0</verified><occluded>no</occluded><attributes></attributes><parts><hasparts></hasparts><ispartof></ispartof></parts><date>30-09-20 21:17:31:991</date><id>0</id><type>bounding_box</type><polygon><username>anonymous</username><pt><x>2775</x><y>658</y><time>30-09-20 21:17:28:717</time></pt><pt><x>3596</x><y>658</y><time>30-09-20 21:17:29:665</time></pt><pt><x>3596</x><y>1632</y><time>undefined</time></pt><pt><x>2775</x><y>1632</y><time>undefined</time></pt><closed_date>30-09-20 21:17:29:666</closed_date></polygon></object></annotation>