<annotation><filename>m1_s01_017_p_ic032.jpg</filename><folder>users/joselusava//santiago</folder><source><submittedBy>Jose Saca</submittedBy></source><imagesize><nrows>3200</nrows><ncols>4800</ncols></imagesize><object><name>m1_s01_017_p_ic032</name><deleted>0</deleted><verified>0</verified><occluded>no</occluded><attributes></attributes><parts><hasparts></hasparts><ispartof></ispartof></parts><date>10-09-20 14:59:33:802</date><id>0</id><type>bounding_box</type><polygon><username>anonymous</username><pt><x>1350</x><y>1134</y><time>10-09-20 14:59:24:446</time></pt><pt><x>3078</x><y>1134</y><time>10-09-20 14:59:26:472</time></pt><pt><x>3078</x><y>2127</y><time>undefined</time></pt><pt><x>1350</x><y>2127</y><time>undefined</time></pt><closed_date>10-09-20 14:59:26:473</closed_date></polygon></object></annotation>