<annotation><filename>m2_s07_264_p_ic003.jpg</filename><folder>users/joselusava//valeria/sala7_264_ic</folder><source><submittedBy>Jose Saca</submittedBy></source><imagesize><nrows>2910</nrows><ncols>4361</ncols></imagesize><object><name>m2_s07_264_p_ic003</name><deleted>0</deleted><verified>0</verified><occluded>no</occluded><attributes></attributes><parts><hasparts></hasparts><ispartof></ispartof></parts><date>22-09-20 17:45:30:227</date><id>0</id><type>bounding_box</type><polygon><username>anonymous</username><pt><x>1345</x><y>325</y><time>22-09-20 17:45:24:561</time></pt><pt><x>2888</x><y>325</y><time>22-09-20 17:45:26:526</time></pt><pt><x>2888</x><y>2651</y><time>undefined</time></pt><pt><x>1345</x><y>2651</y><time>undefined</time></pt><closed_date>22-09-20 17:45:26:527</closed_date></polygon></object></annotation>