<annotation><filename>m4_s07_108_x.jpg</filename><folder>users/joselusava//kath/m4_x</folder><source><submittedBy>Jose Saca</submittedBy></source><imagesize><nrows>2970</nrows><ncols>4451</ncols></imagesize><object><name>m4_s07_108_x</name><deleted>0</deleted><verified>0</verified><occluded>no</occluded><attributes></attributes><parts><hasparts></hasparts><ispartof></ispartof></parts><date>21-10-20 11:18:19:570</date><id>0</id><polygon><username>anonymous</username><pt><x>803</x><y>197</y><time>21-10-20 11:18:11:409</time></pt><pt><x>745</x><y>2840</y><time>21-10-20 11:18:12:405</time></pt><pt><x>3585</x><y>2658</y><time>21-10-20 11:18:13:685</time></pt><pt><x>3388</x><y>250</y><time>21-10-20 11:18:15:583</time></pt><closed_date>21-10-20 11:18:16:916</closed_date></polygon></object></annotation>