<annotation><filename>m2_s03_252_p_ic082.jpg</filename><folder>users/joselusava//valeria/m2_sala03_252_ic</folder><source><submittedBy>Jose Saca</submittedBy></source><imagesize><nrows>2910</nrows><ncols>4361</ncols></imagesize><object><name>m2_s06_252_p_ic082</name><deleted>0</deleted><verified>0</verified><occluded>no</occluded><attributes></attributes><parts><hasparts></hasparts><ispartof></ispartof></parts><date>27-09-20 13:20:43:203</date><id>0</id><type>bounding_box</type><polygon><username>anonymous</username><pt><x>441</x><y>2425</y><time>27-09-20 13:20:37:176</time></pt><pt><x>3726</x><y>2425</y><time>27-09-20 13:20:39:589</time></pt><pt><x>3726</x><y>529</y><time>undefined</time></pt><pt><x>441</x><y>529</y><time>undefined</time></pt><closed_date>27-09-20 13:20:39:589</closed_date></polygon></object></annotation>