<annotation><filename>img_m1_s03-04_101_p_ic017.jpg</filename><folder>users/joselusava//valeria/sala3y4_101_ic</folder><source><submittedBy>Jose Saca</submittedBy></source><imagesize><nrows>3200</nrows><ncols>4800</ncols></imagesize><object><name>m1_s03_s04_101_p_ic017</name><deleted>0</deleted><verified>0</verified><occluded>no</occluded><attributes></attributes><parts><hasparts></hasparts><ispartof></ispartof></parts><date>28-08-20 22:47:49:406</date><id>0</id><type>bounding_box</type><polygon><username>anonymous</username><pt><x>4580</x><y>2636</y><time>28-08-20 22:47:41:234</time></pt><pt><x>21</x><y>2636</y><time>28-08-20 22:47:44:602</time></pt><pt><x>21</x><y>601</y><time>undefined</time></pt><pt><x>4580</x><y>601</y><time>undefined</time></pt><closed_date>28-08-20 22:47:44:603</closed_date></polygon></object></annotation>