<annotation><filename>m1_s01_017_p_nic015.jpg</filename><folder>users/joselusava//santiago</folder><source><submittedBy>Jose Saca</submittedBy></source><imagesize><nrows>3200</nrows><ncols>4800</ncols></imagesize><object><name>m1_s01_017_p_nic015</name><deleted>0</deleted><verified>0</verified><occluded>no</occluded><attributes></attributes><parts><hasparts></hasparts><ispartof></ispartof></parts><date>11-09-20 18:33:01:787</date><id>0</id><type>bounding_box</type><polygon><username>anonymous</username><pt><x>1785</x><y>2530</y><time>11-09-20 18:32:54:475</time></pt><pt><x>2282</x><y>2530</y><time>11-09-20 18:32:56:065</time></pt><pt><x>2282</x><y>2898</y><time>undefined</time></pt><pt><x>1785</x><y>2898</y><time>undefined</time></pt><closed_date>11-09-20 18:32:56:066</closed_date></polygon></object></annotation>