<annotation><filename>m4_s12_185_p_nic048.jpg</filename><folder>users/joselusava//valeria/m04_s12_185_nic</folder><source><submittedBy>Jose Saca</submittedBy></source><imagesize><nrows>2910</nrows><ncols>4361</ncols></imagesize><object><name>m4_s12_185_p_nic048</name><deleted>0</deleted><verified>0</verified><occluded>no</occluded><attributes></attributes><parts><hasparts></hasparts><ispartof></ispartof></parts><date>17-10-20 23:16:36:894</date><id>0</id><type>bounding_box</type><polygon><username>anonymous</username><pt><x>2753</x><y>2848</y><time>17-10-20 23:16:29:959</time></pt><pt><x>414</x><y>2848</y><time>17-10-20 23:16:32:342</time></pt><pt><x>414</x><y>800</y><time>undefined</time></pt><pt><x>2753</x><y>800</y><time>undefined</time></pt><closed_date>17-10-20 23:16:32:343</closed_date></polygon></object></annotation>