<annotation><filename>m1_s01_017_p_ic055.jpg</filename><folder>users/joselusava//santiago</folder><source><submittedBy>Jose Saca</submittedBy></source><imagesize><nrows>3200</nrows><ncols>4800</ncols></imagesize><object><name>m1_s01_017_p_ic055</name><deleted>0</deleted><verified>0</verified><occluded>no</occluded><attributes></attributes><parts><hasparts></hasparts><ispartof></ispartof></parts><date>10-09-20 22:30:53:381</date><id>0</id><type>bounding_box</type><polygon><username>anonymous</username><pt><x>1825</x><y>1231</y><time>10-09-20 22:30:43:258</time></pt><pt><x>2955</x><y>1231</y><time>10-09-20 22:30:46:345</time></pt><pt><x>2955</x><y>2030</y><time>undefined</time></pt><pt><x>1825</x><y>2030</y><time>undefined</time></pt><closed_date>10-09-20 22:30:46:346</closed_date></polygon></object></annotation>