<annotation><filename>m2_s03_201_p_nic076.jpg</filename><folder>users/joselusava//valeria/m2_sala03_201_nic</folder><source><submittedBy>Jose Saca</submittedBy></source><imagesize><nrows>2910</nrows><ncols>4361</ncols></imagesize><object><name>m2_s03_201_p_nic076</name><deleted>0</deleted><verified>0</verified><occluded>no</occluded><attributes></attributes><parts><hasparts></hasparts><ispartof></ispartof></parts><date>29-09-20 23:53:18:602</date><id>0</id><type>bounding_box</type><polygon><username>anonymous</username><pt><x>2166</x><y>2166</y><time>29-09-20 23:53:13:341</time></pt><pt><x>479</x><y>2166</y><time>29-09-20 23:53:15:353</time></pt><pt><x>479</x><y>50</y><time>undefined</time></pt><pt><x>2166</x><y>50</y><time>undefined</time></pt><closed_date>29-09-20 23:53:15:354</closed_date></polygon></object></annotation>