<annotation><filename>m2_s03_201_p_nic074.jpg</filename><folder>users/joselusava//valeria/m2_sala03_201_nic</folder><source><submittedBy>Jose Saca</submittedBy></source><imagesize><nrows>2910</nrows><ncols>4361</ncols></imagesize><object><name>m2_s03_201_p_nic074</name><deleted>0</deleted><verified>0</verified><occluded>no</occluded><attributes></attributes><parts><hasparts></hasparts><ispartof></ispartof></parts><date>29-09-20 23:51:11:966</date><id>0</id><type>bounding_box</type><polygon><username>anonymous</username><pt><x>2436</x><y>2811</y><time>29-09-20 23:51:05:545</time></pt><pt><x>4227</x><y>2811</y><time>29-09-20 23:51:08:394</time></pt><pt><x>4227</x><y>722</y><time>undefined</time></pt><pt><x>2436</x><y>722</y><time>undefined</time></pt><closed_date>29-09-20 23:51:08:395</closed_date></polygon></object></annotation>