<annotation><filename>m2_s05_236_p_ic030.jpg</filename><folder>users/joselusava//museos2020</folder><source><submittedBy>Jose Saca</submittedBy></source><imagesize><nrows>2910</nrows><ncols>4361</ncols></imagesize><object><name>m2_s05_236_p_ic030</name><deleted>0</deleted><verified>0</verified><occluded>no</occluded><attributes></attributes><parts><hasparts></hasparts><ispartof></ispartof></parts><date>16-09-20 18:17:31:661</date><id>0</id><type>bounding_box</type><polygon><username>anonymous</username><pt><x>753</x><y>46</y><time>16-09-20 18:17:20:983</time></pt><pt><x>3644</x><y>46</y><time>16-09-20 18:17:24:649</time></pt><pt><x>3644</x><y>2887</y><time>undefined</time></pt><pt><x>753</x><y>2887</y><time>undefined</time></pt><closed_date>16-09-20 18:17:24:649</closed_date></polygon></object></annotation>