<annotation><filename>m4_s10_164_p_ic037.jpg</filename><folder>users/joselusava//santiago_2</folder><source><submittedBy>Jose Saca</submittedBy></source><imagesize><nrows>2970</nrows><ncols>4451</ncols></imagesize><object><name>m4_s10_164_p_ic037</name><deleted>0</deleted><verified>0</verified><occluded>no</occluded><attributes></attributes><parts><hasparts></hasparts><ispartof></ispartof></parts><date>13-10-20 22:28:45:551</date><id>0</id><type>bounding_box</type><polygon><username>anonymous</username><pt><x>1863</x><y>932</y><time>13-10-20 22:28:39:873</time></pt><pt><x>2538</x><y>932</y><time>13-10-20 22:28:40:869</time></pt><pt><x>2538</x><y>1863</y><time>undefined</time></pt><pt><x>1863</x><y>1863</y><time>undefined</time></pt><closed_date>13-10-20 22:28:40:871</closed_date></polygon></object></annotation>