<annotation><filename>m1_s01_005_p_nic078.jpg</filename><folder>users/joselusava//museos2020</folder><source><submittedBy>Jose Saca</submittedBy></source><imagesize><nrows>2000</nrows><ncols>2992</ncols></imagesize><object><name>m1_s01_005_p_nic078</name><deleted>0</deleted><verified>0</verified><occluded>no</occluded><attributes></attributes><parts><hasparts></hasparts><ispartof></ispartof></parts><date>14-09-20 11:39:57:068</date><id>0</id><type>bounding_box</type><polygon><username>anonymous</username><pt><x>1987</x><y>1179</y><time>14-09-20 11:39:39:724</time></pt><pt><x>2316</x><y>1179</y><time>14-09-20 11:39:40:457</time></pt><pt><x>2316</x><y>1550</y><time>undefined</time></pt><pt><x>1987</x><y>1550</y><time>undefined</time></pt><closed_date>14-09-20 11:39:40:458</closed_date></polygon></object></annotation>