<annotation><filename>m4_s08_120_x.jpg</filename><folder>users/joselusava//kath/m4_x</folder><source><submittedBy>Jose Saca</submittedBy></source><imagesize><nrows>2970</nrows><ncols>4451</ncols></imagesize><object><name>m4_s08_120_x</name><deleted>0</deleted><verified>0</verified><occluded>no</occluded><attributes></attributes><parts><hasparts></hasparts><ispartof></ispartof></parts><date>21-10-20 11:31:06:137</date><id>0</id><polygon><username>anonymous</username><pt><x>1644</x><y>163</y><time>21-10-20 11:30:59:318</time></pt><pt><x>1447</x><y>2465</y><time>21-10-20 11:31:00:244</time></pt><pt><x>3076</x><y>2638</y><time>21-10-20 11:31:01:434</time></pt><pt><x>2869</x><y>774</y><time>21-10-20 11:31:02:593</time></pt><closed_date>21-10-20 11:31:04:009</closed_date></polygon></object></annotation>