<annotation><filename>m1_s02_029_p_ic016.jpg</filename><folder>users/joselusava//valeria/sala2_029_ic</folder><source><submittedBy>Jose Saca</submittedBy></source><imagesize><nrows>3200</nrows><ncols>4800</ncols></imagesize><object><name>m1_s02_029_p_ic016</name><deleted>0</deleted><verified>0</verified><occluded>no</occluded><attributes></attributes><parts><hasparts></hasparts><ispartof></ispartof></parts><date>22-08-20 17:40:49:010</date><id>0</id><type>bounding_box</type><polygon><username>anonymous</username><pt><x>827</x><y>183</y><time>22-08-20 17:40:29:345</time></pt><pt><x>3125</x><y>183</y><time>22-08-20 17:40:35:733</time></pt><pt><x>3125</x><y>2701</y><time>undefined</time></pt><pt><x>827</x><y>2701</y><time>undefined</time></pt><closed_date>22-08-20 17:40:35:735</closed_date></polygon></object></annotation>