<annotation><filename>m2_s06_250_p_ic045.jpg</filename><folder>users/joselusava//valeria/m2_sala06_250_ic</folder><source><submittedBy>Jose Saca</submittedBy></source><imagesize><nrows>2910</nrows><ncols>4361</ncols></imagesize><object><name>m2_s06_250_p_ic045</name><deleted>0</deleted><verified>0</verified><occluded>no</occluded><attributes></attributes><parts><hasparts></hasparts><ispartof></ispartof></parts><date>30-09-20 23:33:30:638</date><id>0</id><type>bounding_box</type><polygon><username>anonymous</username><pt><x>3489</x><y>2607</y><time>30-09-20 23:33:23:240</time></pt><pt><x>17</x><y>2607</y><time>30-09-20 23:33:26:968</time></pt><pt><x>17</x><y>590</y><time>undefined</time></pt><pt><x>3489</x><y>590</y><time>undefined</time></pt><closed_date>30-09-20 23:33:26:969</closed_date></polygon></object></annotation>