<annotation><filename>m2_s01_001_p_nic011.jpg</filename><folder>users/joselusava//santiago</folder><source><submittedBy>Jose Saca</submittedBy></source><imagesize><nrows>2850</nrows><ncols>4271</ncols></imagesize><object><name>m2_s01_001_p_nic011</name><deleted>0</deleted><verified>0</verified><occluded>no</occluded><attributes></attributes><parts><hasparts></hasparts><ispartof></ispartof></parts><date>19-09-20 21:53:51:369</date><id>0</id><type>bounding_box</type><polygon><username>anonymous</username><pt><x>292</x><y>670</y><time>19-09-20 21:53:42:726</time></pt><pt><x>1914</x><y>670</y><time>19-09-20 21:53:44:817</time></pt><pt><x>1914</x><y>2167</y><time>undefined</time></pt><pt><x>292</x><y>2167</y><time>undefined</time></pt><closed_date>19-09-20 21:53:44:818</closed_date></polygon></object></annotation>