<annotation><filename>m4_s06_069_x.jpg</filename><folder>users/joselusava//kath/m4_x</folder><source><submittedBy>Jose Saca</submittedBy></source><imagesize><nrows>2970</nrows><ncols>4451</ncols></imagesize><object><name>m4_s06_069_x</name><deleted>0</deleted><verified>0</verified><occluded>no</occluded><attributes></attributes><parts><hasparts></hasparts><ispartof></ispartof></parts><date>20-10-20 09:36:34:876</date><id>0</id><polygon><username>anonymous</username><pt><x>937</x><y>159</y><time>20-10-20 09:36:27:908</time></pt><pt><x>855</x><y>2662</y><time>20-10-20 09:36:29:458</time></pt><pt><x>3566</x><y>2499</y><time>20-10-20 09:36:30:247</time></pt><pt><x>3244</x><y>67</y><time>20-10-20 09:36:31:453</time></pt><closed_date>20-10-20 09:36:32:533</closed_date></polygon></object></annotation>