<annotation><filename>m3_s01_018_p_ic017.jpg</filename><folder>users/joselusava//m4_js/18/ic</folder><source><submittedBy>Jose Saca</submittedBy></source><imagesize><nrows>2970</nrows><ncols>4451</ncols></imagesize><object><name>m3_s01_018_p_ic017</name><deleted>0</deleted><verified>0</verified><occluded>no</occluded><attributes></attributes><parts><hasparts></hasparts><ispartof></ispartof></parts><date>05-11-20 10:20:24:247</date><id>0</id><type>bounding_box</type><polygon><username>anonymous</username><pt><x>158</x><y>2831</y><time>05-11-20 10:20:21:633</time></pt><pt><x>3778</x><y>2831</y><time>05-11-20 10:20:23:608</time></pt><pt><x>3778</x><y>747</y><time>undefined</time></pt><pt><x>158</x><y>747</y><time>undefined</time></pt><closed_date>05-11-20 10:20:23:608</closed_date></polygon></object></annotation>