<annotation><filename>m2_s03_201_p_nic019.jpg</filename><folder>users/joselusava//valeria/m2_sala03_201_nic</folder><source><submittedBy>Jose Saca</submittedBy></source><imagesize><nrows>2910</nrows><ncols>4361</ncols></imagesize><object><name>m2_s03_201_p_nic019</name><deleted>0</deleted><verified>0</verified><occluded>no</occluded><attributes></attributes><parts><hasparts></hasparts><ispartof></ispartof></parts><date>29-09-20 22:54:55:423</date><id>0</id><type>bounding_box</type><polygon><username>anonymous</username><pt><x>1896</x><y>2860</y><time>29-09-20 22:54:49:408</time></pt><pt><x>3467</x><y>2860</y><time>29-09-20 22:54:51:292</time></pt><pt><x>3467</x><y>959</y><time>undefined</time></pt><pt><x>1896</x><y>959</y><time>undefined</time></pt><closed_date>29-09-20 22:54:51:293</closed_date></polygon></object></annotation>