<annotation><filename>m2_s01_018_p_nic099.jpg</filename><folder>users/joselusava//santiago_2</folder><source><submittedBy>Jose Saca</submittedBy></source><imagesize><nrows>2850</nrows><ncols>4271</ncols></imagesize><object><name>m2_s01_018_p_nic099</name><deleted>0</deleted><verified>0</verified><occluded>no</occluded><attributes></attributes><parts><hasparts></hasparts><ispartof></ispartof></parts><date>29-09-20 19:19:01:882</date><id>0</id><type>bounding_box</type><polygon><username>anonymous</username><pt><x>128</x><y>548</y><time>29-09-20 19:18:58:937</time></pt><pt><x>760</x><y>548</y><time>29-09-20 19:18:59:938</time></pt><pt><x>760</x><y>1234</y><time>undefined</time></pt><pt><x>128</x><y>1234</y><time>undefined</time></pt><closed_date>29-09-20 19:18:59:940</closed_date></polygon></object></annotation>