<annotation><filename>m1_s01_021_p_ic073.jpg</filename><folder>users/joselusava//santiago</folder><source><submittedBy>Jose Saca</submittedBy></source><imagesize><nrows>3200</nrows><ncols>4800</ncols></imagesize><object><name>m1_s01_021_p_ic073</name><deleted>0</deleted><verified>0</verified><occluded>no</occluded><attributes></attributes><parts><hasparts></hasparts><ispartof></ispartof></parts><date>14-09-20 23:52:27:936</date><id>0</id><type>bounding_box</type><polygon><username>anonymous</username><pt><x>1479</x><y>713</y><time>14-09-20 23:52:19:451</time></pt><pt><x>2638</x><y>713</y><time>14-09-20 23:52:21:562</time></pt><pt><x>2638</x><y>2063</y><time>undefined</time></pt><pt><x>1479</x><y>2063</y><time>undefined</time></pt><closed_date>14-09-20 23:52:21:563</closed_date></polygon></object></annotation>