<annotation><filename>m1_s01_004_p_ic007.jpg</filename><folder>users/joselusava//valeria_apoyo/sala001_004ic_ok</folder><source><submittedBy>Jose Saca</submittedBy></source><imagesize><nrows>2000</nrows><ncols>2992</ncols></imagesize><object><name>m1_s01_004_p_ic007</name><deleted>0</deleted><verified>0</verified><occluded>no</occluded><attributes></attributes><parts><hasparts></hasparts><ispartof></ispartof></parts><date>15-09-20 22:02:12:545</date><id>0</id><type>bounding_box</type><polygon><username>anonymous</username><pt><x>21</x><y>1667</y><time>15-09-20 22:02:00:124</time></pt><pt><x>2652</x><y>1667</y><time>15-09-20 22:02:06:987</time></pt><pt><x>2652</x><y>596</y><time>undefined</time></pt><pt><x>21</x><y>596</y><time>undefined</time></pt><closed_date>15-09-20 22:02:06:988</closed_date></polygon></object></annotation>