<annotation><filename>m4_s11_178_p_nic051.jpg</filename><folder>users/joselusava//santiago_2</folder><source><submittedBy>Jose Saca</submittedBy></source><imagesize><nrows>2970</nrows><ncols>4451</ncols></imagesize><object><name>m4_s11_178_p_nic051</name><deleted>0</deleted><verified>0</verified><occluded>no</occluded><attributes></attributes><parts><hasparts></hasparts><ispartof></ispartof></parts><date>16-10-20 09:33:35:782</date><id>0</id><type>bounding_box</type><polygon><username>anonymous</username><pt><x>411</x><y>900</y><time>16-10-20 09:33:18:499</time></pt><pt><x>1614</x><y>900</y><time>16-10-20 09:33:20:331</time></pt><pt><x>1614</x><y>2010</y><time>undefined</time></pt><pt><x>411</x><y>2010</y><time>undefined</time></pt><closed_date>16-10-20 09:33:20:333</closed_date></polygon></object></annotation>