<annotation><filename>m4_s05_055_p_nic081.jpg</filename><folder>users/joselusava//valeria/m4_s05_055_nic</folder><source><submittedBy>Jose Saca</submittedBy></source><imagesize><nrows>2910</nrows><ncols>4361</ncols></imagesize><object><name>m4_s05_055_p_nic081</name><deleted>0</deleted><verified>0</verified><occluded>no</occluded><attributes></attributes><parts><hasparts></hasparts><ispartof></ispartof></parts><date>09-10-20 18:12:56:491</date><id>0</id><type>bounding_box</type><polygon><username>anonymous</username><pt><x>391</x><y>562</y><time>09-10-20 18:12:52:051</time></pt><pt><x>1731</x><y>562</y><time>09-10-20 18:12:53:641</time></pt><pt><x>1731</x><y>2056</y><time>undefined</time></pt><pt><x>391</x><y>2056</y><time>undefined</time></pt><closed_date>09-10-20 18:12:53:643</closed_date></polygon></object></annotation>