<annotation><filename>m2_s02_085_p_ic004.jpg</filename><folder>users/joselusava//m2_jsv/85/ic</folder><source><submittedBy>Jose Saca</submittedBy></source><imagesize><nrows>2910</nrows><ncols>4361</ncols></imagesize><object><name>m2_s02_085_p_ic004</name><deleted>0</deleted><verified>0</verified><occluded>no</occluded><attributes></attributes><parts><hasparts></hasparts><ispartof></ispartof></parts><date>16-09-20 13:28:17:704</date><id>0</id><type>bounding_box</type><polygon><username>anonymous</username><pt><x>1680</x><y>775</y><time>16-09-20 13:28:13:508</time></pt><pt><x>2655</x><y>775</y><time>16-09-20 13:28:16:181</time></pt><pt><x>2655</x><y>1941</y><time>undefined</time></pt><pt><x>1680</x><y>1941</y><time>undefined</time></pt><closed_date>16-09-20 13:28:16:182</closed_date></polygon></object></annotation>