<annotation><filename>m4_s04_047_p_nic065.jpg</filename><folder>users/joselusava//kath/kath_m4_047/nic</folder><source><submittedBy>Jose Saca</submittedBy></source><imagesize><nrows>2970</nrows><ncols>4451</ncols></imagesize><object><name>m4_s04_047_p_nic065</name><deleted>0</deleted><verified>0</verified><occluded>no</occluded><attributes></attributes><parts><hasparts></hasparts><ispartof></ispartof></parts><date>24-10-20 19:22:06:108</date><id>0</id><type>bounding_box</type><polygon><username>anonymous</username><pt><x>794</x><y>1032</y><time>24-10-20 19:22:01:390</time></pt><pt><x>1611</x><y>1032</y><time>24-10-20 19:22:03:463</time></pt><pt><x>1611</x><y>2725</y><time>undefined</time></pt><pt><x>794</x><y>2725</y><time>undefined</time></pt><closed_date>24-10-20 19:22:03:464</closed_date></polygon></object></annotation>