<annotation><filename>m2_s06_244_p_nic068.jpg</filename><folder>users/joselusava//museos2020</folder><source><submittedBy>Jose Saca</submittedBy></source><imagesize><nrows>2910</nrows><ncols>4361</ncols></imagesize><object><name>m2_s06_244_p_ic068</name><deleted>0</deleted><verified>0</verified><occluded>no</occluded><attributes></attributes><parts><hasparts></hasparts><ispartof></ispartof></parts><date>25-09-20 19:29:37:281</date><id>0</id><type>bounding_box</type><polygon><username>anonymous</username><pt><x>288</x><y>628</y><time>25-09-20 19:29:31:197</time></pt><pt><x>2073</x><y>628</y><time>25-09-20 19:29:32:521</time></pt><pt><x>2073</x><y>1404</y><time>undefined</time></pt><pt><x>288</x><y>1404</y><time>undefined</time></pt><closed_date>25-09-20 19:29:32:523</closed_date></polygon></object></annotation>