<annotation><filename>m4_s05_052_p_ic017.jpg</filename><folder>users/joselusava//santiago_2</folder><source><submittedBy>Jose Saca</submittedBy></source><imagesize><nrows>2910</nrows><ncols>4361</ncols></imagesize><object><name>m4_s05_052_p_ic017</name><deleted>0</deleted><verified>0</verified><occluded>no</occluded><attributes></attributes><parts><hasparts></hasparts><ispartof></ispartof></parts><date>07-10-20 16:26:53:608</date><id>0</id><type>bounding_box</type><polygon><username>anonymous</username><pt><x>1472</x><y>568</y><time>07-10-20 16:26:50:502</time></pt><pt><x>3208</x><y>568</y><time>07-10-20 16:26:52:011</time></pt><pt><x>3208</x><y>2564</y><time>undefined</time></pt><pt><x>1472</x><y>2564</y><time>undefined</time></pt><closed_date>07-10-20 16:26:52:011</closed_date></polygon></object></annotation>