<annotation><filename>m1_s01_017_p_ic078.jpg</filename><folder>users/joselusava//santiago</folder><source><submittedBy>Jose Saca</submittedBy></source><imagesize><nrows>3200</nrows><ncols>4800</ncols></imagesize><object><name>m1_s01_017_p_ic078</name><deleted>0</deleted><verified>0</verified><occluded>no</occluded><attributes></attributes><parts><hasparts></hasparts><ispartof></ispartof></parts><date>10-09-20 23:01:47:241</date><id>0</id><type>bounding_box</type><polygon><username>anonymous</username><pt><x>1386</x><y>756</y><time>10-09-20 23:01:35:956</time></pt><pt><x>3070</x><y>756</y><time>10-09-20 23:01:39:062</time></pt><pt><x>3070</x><y>2351</y><time>undefined</time></pt><pt><x>1386</x><y>2351</y><time>undefined</time></pt><closed_date>10-09-20 23:01:39:063</closed_date></polygon></object></annotation>