<annotation><filename>m1_s06_142_x.jpg</filename><folder>users/joselusava//jacob_2/sala6</folder><source><submittedBy>Jose Saca</submittedBy></source><imagesize><nrows>2736</nrows><ncols>4100</ncols></imagesize><object><name>m1_s06_142_x</name><deleted>0</deleted><verified>0</verified><occluded>no</occluded><attributes></attributes><parts><hasparts></hasparts><ispartof></ispartof></parts><date>06-09-20 01:33:40:464</date><id>0</id><type>bounding_box</type><polygon><username>anonymous</username><pt><x>2853</x><y>2535</y><time>06-09-20 01:33:36:378</time></pt><pt><x>970</x><y>2535</y><time>06-09-20 01:33:38:564</time></pt><pt><x>970</x><y>98</y><time>undefined</time></pt><pt><x>2853</x><y>98</y><time>undefined</time></pt><closed_date>06-09-20 01:33:38:564</closed_date></polygon></object></annotation>