<annotation><filename>m1_s06_168_p_nic093.jpg</filename><folder>users/joselusava//jacob_2/168nic</folder><source><submittedBy>Jose Saca</submittedBy></source><imagesize><nrows>2736</nrows><ncols>4100</ncols></imagesize><object><name>m1_s06_168_p_nic093</name><deleted>0</deleted><verified>0</verified><occluded>no</occluded><attributes></attributes><parts><hasparts></hasparts><ispartof></ispartof></parts><date>09-09-20 11:02:03:020</date><id>0</id><type>bounding_box</type><polygon><username>anonymous</username><pt><x>450</x><y>2169</y><time>09-09-20 11:01:59:764</time></pt><pt><x>1841</x><y>2169</y><time>09-09-20 11:02:02:239</time></pt><pt><x>1841</x><y>458</y><time>undefined</time></pt><pt><x>450</x><y>458</y><time>undefined</time></pt><closed_date>09-09-20 11:02:02:240</closed_date></polygon></object></annotation>