<annotation><filename>m4_s09_138_p_nic060.jpg</filename><folder>users/joselusava//santiago_2</folder><source><submittedBy>Jose Saca</submittedBy></source><imagesize><nrows>2970</nrows><ncols>4451</ncols></imagesize><object><name>m4_s09_138_p_nic060</name><deleted>0</deleted><verified>0</verified><occluded>no</occluded><attributes></attributes><parts><hasparts></hasparts><ispartof></ispartof></parts><date>23-10-20 14:04:11:202</date><id>0</id><type>bounding_box</type><polygon><username>anonymous</username><pt><x>1489</x><y>1232</y><time>23-10-20 14:04:06:951</time></pt><pt><x>4287</x><y>1232</y><time>23-10-20 14:04:08:012</time></pt><pt><x>4287</x><y>2417</y><time>undefined</time></pt><pt><x>1489</x><y>2417</y><time>undefined</time></pt><closed_date>23-10-20 14:04:08:012</closed_date></polygon></object></annotation>