<annotation><filename>m1_s01_017_p_ic100.jpg</filename><folder>users/joselusava//santiago</folder><source><submittedBy>Jose Saca</submittedBy></source><imagesize><nrows>3200</nrows><ncols>4800</ncols></imagesize><object><name>m1_s01_017_p_ic100</name><deleted>0</deleted><verified>0</verified><occluded>no</occluded><attributes></attributes><parts><hasparts></hasparts><ispartof></ispartof></parts><date>10-09-20 23:29:00:835</date><id>0</id><type>bounding_box</type><polygon><username>anonymous</username><pt><x>1555</x><y>1238</y><time>10-09-20 23:28:55:301</time></pt><pt><x>3592</x><y>1238</y><time>10-09-20 23:28:56:909</time></pt><pt><x>3592</x><y>2588</y><time>undefined</time></pt><pt><x>1555</x><y>2588</y><time>undefined</time></pt><closed_date>10-09-20 23:28:56:909</closed_date></polygon></object></annotation>