<annotation><filename>m4_s05_060_p_nic087.jpg</filename><folder>users/joselusava//m4_js/60/nic</folder><source><submittedBy>Jose Saca</submittedBy></source><imagesize><nrows>2910</nrows><ncols>4361</ncols></imagesize><object><name>m4_s05_060_p_nic087</name><deleted>0</deleted><verified>0</verified><occluded>no</occluded><attributes></attributes><parts><hasparts></hasparts><ispartof></ispartof></parts><date>14-10-20 00:23:41:171</date><id>0</id><type>bounding_box</type><polygon><username>anonymous</username><pt><x>766</x><y>2864</y><time>14-10-20 00:23:38:839</time></pt><pt><x>4039</x><y>2864</y><time>14-10-20 00:23:40:607</time></pt><pt><x>4039</x><y>1105</y><time>undefined</time></pt><pt><x>766</x><y>1105</y><time>undefined</time></pt><closed_date>14-10-20 00:23:40:607</closed_date></polygon></object></annotation>