<annotation><filename>m1_s01_017_p_nic028.jpg</filename><folder>users/joselusava//santiago</folder><source><submittedBy>Jose Saca</submittedBy></source><imagesize><nrows>3200</nrows><ncols>4800</ncols></imagesize><object><name>m1_s01_017_p_nic028</name><deleted>0</deleted><verified>0</verified><occluded>no</occluded><attributes></attributes><parts><hasparts></hasparts><ispartof></ispartof></parts><date>11-09-20 18:49:35:747</date><id>0</id><type>bounding_box</type><polygon><username>anonymous</username><pt><x>709</x><y>533</y><time>11-09-20 18:49:28:912</time></pt><pt><x>1299</x><y>533</y><time>11-09-20 18:49:29:849</time></pt><pt><x>1299</x><y>971</y><time>undefined</time></pt><pt><x>709</x><y>971</y><time>undefined</time></pt><closed_date>11-09-20 18:49:29:850</closed_date></polygon></object></annotation>