<annotation><filename>m1_s02_036_p_nic094.jpg</filename><folder>users/joselusava//valeria/sala2_036_nic</folder><source><submittedBy>Jose Saca</submittedBy></source><imagesize><nrows>3200</nrows><ncols>4800</ncols></imagesize><object><name>m1_s02_036_p_nic094</name><deleted>0</deleted><verified>0</verified><occluded>no</occluded><attributes></attributes><parts><hasparts></hasparts><ispartof></ispartof></parts><date>27-08-20 13:10:07:399</date><id>0</id><type>bounding_box</type><polygon><username>anonymous</username><pt><x>1643</x><y>2153</y><time>27-08-20 13:09:59:989</time></pt><pt><x>333</x><y>2153</y><time>27-08-20 13:10:03:156</time></pt><pt><x>333</x><y>1133</y><time>undefined</time></pt><pt><x>1643</x><y>1133</y><time>undefined</time></pt><closed_date>27-08-20 13:10:03:157</closed_date></polygon></object></annotation>