<annotation><filename>m4_s05_052_p_ic038.jpg</filename><folder>users/joselusava//santiago_2</folder><source><submittedBy>Jose Saca</submittedBy></source><imagesize><nrows>2910</nrows><ncols>4361</ncols></imagesize><object><name>m4_s05_052_p_ic038</name><deleted>0</deleted><verified>0</verified><occluded>no</occluded><attributes></attributes><parts><hasparts></hasparts><ispartof></ispartof></parts><date>07-10-20 22:06:23:036</date><id>0</id><type>bounding_box</type><polygon><username>anonymous</username><pt><x>1396</x><y>405</y><time>07-10-20 22:06:17:993</time></pt><pt><x>3083</x><y>405</y><time>07-10-20 22:06:20:436</time></pt><pt><x>3083</x><y>2338</y><time>undefined</time></pt><pt><x>1396</x><y>2338</y><time>undefined</time></pt><closed_date>07-10-20 22:06:20:436</closed_date></polygon></object></annotation>