<annotation><filename>m2_s03_219_p_nic059.jpg</filename><folder>users/joselusava//valeria/m2_sala03_219_nic</folder><source><submittedBy>Jose Saca</submittedBy></source><imagesize><nrows>2910</nrows><ncols>4361</ncols></imagesize><object><name>m2_s03_219_p_nic059</name><deleted>0</deleted><verified>0</verified><occluded>no</occluded><attributes></attributes><parts><hasparts></hasparts><ispartof></ispartof></parts><date>29-09-20 18:18:53:031</date><id>0</id><type>bounding_box</type><polygon><username>anonymous</username><pt><x>314</x><y>2618</y><time>29-09-20 18:18:47:966</time></pt><pt><x>1587</x><y>2618</y><time>29-09-20 18:18:49:827</time></pt><pt><x>1587</x><y>1025</y><time>undefined</time></pt><pt><x>314</x><y>1025</y><time>undefined</time></pt><closed_date>29-09-20 18:18:49:828</closed_date></polygon></object></annotation>