<annotation><filename>m4_s03_025_p_nic055.jpg</filename><folder>users/joselusava//santiago_3</folder><source><submittedBy>Jose Saca</submittedBy></source><imagesize><nrows>2910</nrows><ncols>4361</ncols></imagesize><object><name>m4_s03_025_p_nic055</name><deleted>0</deleted><verified>0</verified><occluded>no</occluded><attributes></attributes><parts><hasparts></hasparts><ispartof></ispartof></parts><date>08-11-20 13:45:59:372</date><id>0</id><type>bounding_box</type><polygon><username>anonymous</username><pt><x>797</x><y>1434</y><time>08-11-20 13:45:54:494</time></pt><pt><x>3211</x><y>1434</y><time>08-11-20 13:45:56:990</time></pt><pt><x>3211</x><y>2746</y><time>undefined</time></pt><pt><x>797</x><y>2746</y><time>undefined</time></pt><closed_date>08-11-20 13:45:56:991</closed_date></polygon></object></annotation>