<annotation><filename>m1_s02_052_p_ic047.jpg</filename><folder>users/joselusava//valeria/sala2_052_ic</folder><source><submittedBy>Jose Saca</submittedBy></source><imagesize><nrows>3200</nrows><ncols>4800</ncols></imagesize><object><name>m1_s02_052_p_ic047</name><deleted>0</deleted><verified>0</verified><occluded>no</occluded><attributes></attributes><parts><hasparts></hasparts><ispartof></ispartof></parts><date>25-08-20 18:12:51:183</date><id>0</id><type>bounding_box</type><polygon><username>anonymous</username><pt><x>789</x><y>11</y><time>25-08-20 18:12:43:670</time></pt><pt><x>3909</x><y>11</y><time>25-08-20 18:12:47:736</time></pt><pt><x>3909</x><y>3179</y><time>undefined</time></pt><pt><x>789</x><y>3179</y><time>undefined</time></pt><closed_date>25-08-20 18:12:47:737</closed_date></polygon></object></annotation>