<annotation><filename>m4_s05_055_p_nic053.jpg</filename><folder>users/joselusava//valeria/m4_s05_055_nic</folder><source><submittedBy>Jose Saca</submittedBy></source><imagesize><nrows>2910</nrows><ncols>4361</ncols></imagesize><object><name>m4_s05_055_p_nic053</name><deleted>0</deleted><verified>0</verified><occluded>no</occluded><attributes></attributes><parts><hasparts></hasparts><ispartof></ispartof></parts><date>09-10-20 17:41:58:970</date><id>0</id><type>bounding_box</type><polygon><username>anonymous</username><pt><x>386</x><y>2232</y><time>09-10-20 17:41:52:682</time></pt><pt><x>1620</x><y>2232</y><time>09-10-20 17:41:55:982</time></pt><pt><x>1620</x><y>672</y><time>undefined</time></pt><pt><x>386</x><y>672</y><time>undefined</time></pt><closed_date>09-10-20 17:41:55:983</closed_date></polygon></object></annotation>