<annotation><filename>m3_s01_002_p_nic001.jpg</filename><folder>users/joselusava//santiago_3</folder><source><submittedBy>Jose Saca</submittedBy></source><imagesize><nrows>2970</nrows><ncols>4451</ncols></imagesize><object><name>m3_s01_002_p_nic001</name><deleted>0</deleted><verified>0</verified><occluded>no</occluded><attributes></attributes><parts><hasparts></hasparts><ispartof></ispartof></parts><date>29-10-20 15:24:21:765</date><id>0</id><type>bounding_box</type><polygon><username>anonymous</username><pt><x>1571</x><y>950</y><time>29-10-20 15:24:12:791</time></pt><pt><x>4291</x><y>950</y><time>29-10-20 15:24:14:510</time></pt><pt><x>4291</x><y>2774</y><time>undefined</time></pt><pt><x>1571</x><y>2774</y><time>undefined</time></pt><closed_date>29-10-20 15:24:14:511</closed_date></polygon></object></annotation>