<annotation><filename>m2_s01_010_p_nic030.jpg</filename><folder>users/joselusava//santiago</folder><source><submittedBy>Jose Saca</submittedBy></source><imagesize><nrows>2850</nrows><ncols>4271</ncols></imagesize><object><name>m2_s01_010_p_nic030</name><deleted>0</deleted><verified>0</verified><occluded>no</occluded><attributes></attributes><parts><hasparts></hasparts><ispartof></ispartof></parts><date>22-09-20 20:25:01:728</date><id>0</id><type>bounding_box</type><polygon><username>anonymous</username><pt><x>683</x><y>474</y><time>22-09-20 20:24:54:828</time></pt><pt><x>1750</x><y>474</y><time>22-09-20 20:24:55:938</time></pt><pt><x>1750</x><y>1324</y><time>undefined</time></pt><pt><x>683</x><y>1324</y><time>undefined</time></pt><closed_date>22-09-20 20:24:55:939</closed_date></polygon></object></annotation>