<annotation><filename>m1_s02_065_p_nic061.jpg</filename><folder>users/joselusava//valeria/sala2_065_nic</folder><source><submittedBy>Jose Saca</submittedBy></source><imagesize><nrows>2000</nrows><ncols>2992</ncols></imagesize><object><name>m1_s02_065_p_nic061</name><deleted>0</deleted><verified>0</verified><occluded>no</occluded><attributes></attributes><parts><hasparts></hasparts><ispartof></ispartof></parts><date>27-08-20 23:45:26:749</date><id>0</id><type>bounding_box</type><polygon><username>anonymous</username><pt><x>1755</x><y>819</y><time>27-08-20 23:45:19:332</time></pt><pt><x>426</x><y>819</y><time>27-08-20 23:45:23:004</time></pt><pt><x>426</x><y>292</y><time>undefined</time></pt><pt><x>1755</x><y>292</y><time>undefined</time></pt><closed_date>27-08-20 23:45:23:006</closed_date></polygon></object></annotation>