<annotation><filename>m4_s04_037_p_ic039.jpg</filename><folder>users/joselusava//santiago_2</folder><source><submittedBy>Jose Saca</submittedBy></source><imagesize><nrows>2970</nrows><ncols>4451</ncols></imagesize><object><name>m4_s04_037_p_ic039</name><deleted>0</deleted><verified>0</verified><occluded>no</occluded><attributes></attributes><parts><hasparts></hasparts><ispartof></ispartof></parts><date>17-10-20 22:09:15:925</date><id>0</id><type>bounding_box</type><polygon><username>anonymous</username><pt><x>1678</x><y>311</y><time>17-10-20 22:09:10:302</time></pt><pt><x>3099</x><y>311</y><time>17-10-20 22:09:11:487</time></pt><pt><x>3099</x><y>2656</y><time>undefined</time></pt><pt><x>1678</x><y>2656</y><time>undefined</time></pt><closed_date>17-10-20 22:09:11:487</closed_date></polygon></object></annotation>