<annotation><filename>m4_s09_138_p_ic017.jpg</filename><folder>users/joselusava//santiago_2</folder><source><submittedBy>Jose Saca</submittedBy></source><imagesize><nrows>2970</nrows><ncols>4451</ncols></imagesize><object><name>m4_s09_138_p_ic017</name><deleted>0</deleted><verified>0</verified><occluded>no</occluded><attributes></attributes><parts><hasparts></hasparts><ispartof></ispartof></parts><date>22-10-20 13:55:18:770</date><id>0</id><type>bounding_box</type><polygon><username>anonymous</username><pt><x>482</x><y>246</y><time>22-10-20 13:55:15:419</time></pt><pt><x>4187</x><y>246</y><time>22-10-20 13:55:16:998</time></pt><pt><x>4187</x><y>2285</y><time>undefined</time></pt><pt><x>482</x><y>2285</y><time>undefined</time></pt><closed_date>22-10-20 13:55:16:998</closed_date></polygon></object></annotation>