<annotation><filename>m2_s03_219_p_ic053.jpg</filename><folder>users/joselusava//valeria/m2_sala03_219_ic</folder><source><submittedBy>Jose Saca</submittedBy></source><imagesize><nrows>2910</nrows><ncols>4361</ncols></imagesize><object><name>m2_s03_219_p_ic053</name><deleted>0</deleted><verified>0</verified><occluded>no</occluded><attributes></attributes><parts><hasparts></hasparts><ispartof></ispartof></parts><date>29-09-20 00:37:17:367</date><id>0</id><type>bounding_box</type><polygon><username>anonymous</username><pt><x>3009</x><y>231</y><time>29-09-20 00:37:09:770</time></pt><pt><x>1229</x><y>231</y><time>29-09-20 00:37:12:287</time></pt><pt><x>1229</x><y>2728</y><time>undefined</time></pt><pt><x>3009</x><y>2728</y><time>undefined</time></pt><closed_date>29-09-20 00:37:12:289</closed_date></polygon></object></annotation>