<annotation><filename>m4_s05_052_p_ic030.jpg</filename><folder>users/joselusava//santiago_2</folder><source><submittedBy>Jose Saca</submittedBy></source><imagesize><nrows>2910</nrows><ncols>4361</ncols></imagesize><object><name>m4_s05_052_p_ic030</name><deleted>0</deleted><verified>0</verified><occluded>no</occluded><attributes></attributes><parts><hasparts></hasparts><ispartof></ispartof></parts><date>07-10-20 16:41:43:566</date><id>0</id><type>bounding_box</type><polygon><username>anonymous</username><pt><x>1559</x><y>426</y><time>07-10-20 16:41:38:963</time></pt><pt><x>2855</x><y>426</y><time>07-10-20 16:41:41:010</time></pt><pt><x>2855</x><y>2567</y><time>undefined</time></pt><pt><x>1559</x><y>2567</y><time>undefined</time></pt><closed_date>07-10-20 16:41:41:012</closed_date></polygon></object></annotation>