<annotation><filename>img_m1_s10_303_p_nic054.jpg</filename><folder>users/joselusava//santiago</folder><source><submittedBy>Jose Saca</submittedBy></source><imagesize><nrows>3200</nrows><ncols>4800</ncols></imagesize><object><name>m1_s10_303_p_nic054</name><deleted>0</deleted><verified>0</verified><occluded>no</occluded><attributes></attributes><parts><hasparts></hasparts><ispartof></ispartof></parts><date>01-09-20 22:03:05:945</date><id>0</id><type>bounding_box</type><polygon><username>anonymous</username><pt><x>986</x><y>576</y><time>01-09-20 22:02:58:163</time></pt><pt><x>1800</x><y>576</y><time>01-09-20 22:02:59:782</time></pt><pt><x>1800</x><y>1440</y><time>undefined</time></pt><pt><x>986</x><y>1440</y><time>undefined</time></pt><closed_date>01-09-20 22:02:59:784</closed_date></polygon></object></annotation>