<annotation><filename>m3_s01_002_p_ic013.jpg</filename><folder>users/joselusava//santiago_3</folder><source><submittedBy>Jose Saca</submittedBy></source><imagesize><nrows>2970</nrows><ncols>4451</ncols></imagesize><object><name>m3_s01_002_p_ic013</name><deleted>0</deleted><verified>0</verified><occluded>no</occluded><attributes></attributes><parts><hasparts></hasparts><ispartof></ispartof></parts><date>28-10-20 17:25:21:742</date><id>0</id><type>bounding_box</type><polygon><username>anonymous</username><pt><x>428</x><y>350</y><time>28-10-20 17:25:17:517</time></pt><pt><x>3955</x><y>350</y><time>28-10-20 17:25:19:629</time></pt><pt><x>3955</x><y>2592</y><time>undefined</time></pt><pt><x>428</x><y>2592</y><time>undefined</time></pt><closed_date>28-10-20 17:25:19:630</closed_date></polygon></object></annotation>