<annotation><filename>m4_s07_111_x.jpg</filename><folder>users/joselusava//kath/m4_x</folder><source><submittedBy>Jose Saca</submittedBy></source><imagesize><nrows>2970</nrows><ncols>4451</ncols></imagesize><object><name>m4_s07_111_x</name><deleted>0</deleted><verified>0</verified><occluded>no</occluded><attributes></attributes><parts><hasparts></hasparts><ispartof></ispartof></parts><date>21-10-20 11:20:33:854</date><id>0</id><type>bounding_box</type><polygon><username>anonymous</username><pt><x>822</x><y>274</y><time>21-10-20 11:20:24:584</time></pt><pt><x>3460</x><y>274</y><time>21-10-20 11:20:27:719</time></pt><pt><x>3460</x><y>2754</y><time>undefined</time></pt><pt><x>822</x><y>2754</y><time>undefined</time></pt><closed_date>21-10-20 11:20:27:721</closed_date></polygon></object></annotation>