<annotation><filename>m1_s06_141_p_nic010.jpg</filename><folder>users/joselusava//jacob_2/141nic</folder><source><submittedBy>Jose Saca</submittedBy></source><imagesize><nrows>2736</nrows><ncols>4100</ncols></imagesize><object><name>m1_s06_141_p_nic010</name><deleted>0</deleted><verified>0</verified><occluded>no</occluded><attributes></attributes><parts><hasparts></hasparts><ispartof></ispartof></parts><date>05-09-20 00:46:08:622</date><id>0</id><type>bounding_box</type><polygon><username>anonymous</username><pt><x>1373</x><y>1597</y><time>05-09-20 00:46:03:973</time></pt><pt><x>2463</x><y>1597</y><time>05-09-20 00:46:05:376</time></pt><pt><x>2463</x><y>196</y><time>undefined</time></pt><pt><x>1373</x><y>196</y><time>undefined</time></pt><closed_date>05-09-20 00:46:05:377</closed_date></polygon></object></annotation>