<annotation><filename>img_m1_s10_303_p_nic094.jpg</filename><folder>users/joselusava//santiago</folder><source><submittedBy>Jose Saca</submittedBy></source><imagesize><nrows>3200</nrows><ncols>4800</ncols></imagesize><object><name>m1_s10_303_p_nic094</name><deleted>0</deleted><verified>0</verified><occluded>no</occluded><attributes></attributes><parts><hasparts></hasparts><ispartof></ispartof></parts><date>01-09-20 23:16:36:892</date><id>0</id><type>bounding_box</type><polygon><username>anonymous</username><pt><x>2228</x><y>504</y><time>01-09-20 23:16:26:608</time></pt><pt><x>4255</x><y>504</y><time>01-09-20 23:16:28:021</time></pt><pt><x>4255</x><y>1425</y><time>undefined</time></pt><pt><x>2228</x><y>1425</y><time>undefined</time></pt><closed_date>01-09-20 23:16:28:022</closed_date></polygon></object></annotation>