<annotation><filename>m1_s02_065_p_ic079.jpg</filename><folder>users/joselusava//valeria/sala2_065_ic</folder><source><submittedBy>Jose Saca</submittedBy></source><imagesize><nrows>2000</nrows><ncols>2992</ncols></imagesize><object><name>m1_s02_065_p_ic079</name><deleted>0</deleted><verified>0</verified><occluded>no</occluded><attributes></attributes><parts><hasparts></hasparts><ispartof></ispartof></parts><date>26-08-20 01:01:40:608</date><id>0</id><type>bounding_box</type><polygon><username>anonymous</username><pt><x>154</x><y>198</y><time>26-08-20 01:01:33:642</time></pt><pt><x>2859</x><y>198</y><time>26-08-20 01:01:35:823</time></pt><pt><x>2859</x><y>1735</y><time>undefined</time></pt><pt><x>154</x><y>1735</y><time>undefined</time></pt><closed_date>26-08-20 01:01:35:824</closed_date></polygon></object></annotation>