<annotation><filename>m1_s02_065_p_ic070.jpg</filename><folder>users/joselusava//valeria/sala2_065_ic</folder><source><submittedBy>Jose Saca</submittedBy></source><imagesize><nrows>2000</nrows><ncols>2992</ncols></imagesize><object><name>m1_s02_065_p_ic070</name><deleted>0</deleted><verified>0</verified><occluded>no</occluded><attributes></attributes><parts><hasparts></hasparts><ispartof></ispartof></parts><date>26-08-20 00:48:31:189</date><id>0</id><type>bounding_box</type><polygon><username>anonymous</username><pt><x>25</x><y>332</y><time>26-08-20 00:48:23:549</time></pt><pt><x>2945</x><y>332</y><time>26-08-20 00:48:26:961</time></pt><pt><x>2945</x><y>1658</y><time>undefined</time></pt><pt><x>25</x><y>1658</y><time>undefined</time></pt><closed_date>26-08-20 00:48:26:962</closed_date></polygon></object></annotation>