<annotation><filename>m2_s03_219_p_ic022.jpg</filename><folder>users/joselusava//valeria/m2_sala03_219_ic</folder><source><submittedBy>Jose Saca</submittedBy></source><imagesize><nrows>2910</nrows><ncols>4361</ncols></imagesize><object><name>m2_s03_219_p_ic022</name><deleted>0</deleted><verified>0</verified><occluded>no</occluded><attributes></attributes><parts><hasparts></hasparts><ispartof></ispartof></parts><date>29-09-20 00:00:51:575</date><id>0</id><type>bounding_box</type><polygon><username>anonymous</username><pt><x>937</x><y>336</y><time>29-09-20 00:00:46:381</time></pt><pt><x>3290</x><y>336</y><time>29-09-20 00:00:48:263</time></pt><pt><x>3290</x><y>2618</y><time>undefined</time></pt><pt><x>937</x><y>2618</y><time>undefined</time></pt><closed_date>29-09-20 00:00:48:264</closed_date></polygon></object></annotation>