<annotation><filename>m1_s01_001_p_ic020.jpg</filename><folder>users/joselusava//juancarlos</folder><source><submittedBy>Jose Saca</submittedBy></source><imagesize><nrows>2000</nrows><ncols>2992</ncols></imagesize><object><name>m1_s01_001_p_ic020</name><deleted>0</deleted><verified>0</verified><occluded>no</occluded><attributes></attributes><parts><hasparts></hasparts><ispartof></ispartof></parts><date>26-08-20 15:43:07:514</date><id>0</id><type>bounding_box</type><polygon><username>anonymous</username><pt><x>833</x><y>492</y><time>26-08-20 15:42:54:594</time></pt><pt><x>2140</x><y>492</y><time>26-08-20 15:43:01:430</time></pt><pt><x>2140</x><y>1360</y><time>undefined</time></pt><pt><x>833</x><y>1360</y><time>undefined</time></pt><closed_date>26-08-20 15:43:01:431</closed_date></polygon></object></annotation>