<annotation><filename>m4_s04_047_p_nic064.jpg</filename><folder>users/joselusava//kath/kath_m4_047/nic</folder><source><submittedBy>Jose Saca</submittedBy></source><imagesize><nrows>2970</nrows><ncols>4451</ncols></imagesize><object><name>m4_s04_047_p_nic064</name><deleted>0</deleted><verified>0</verified><occluded>no</occluded><attributes></attributes><parts><hasparts></hasparts><ispartof></ispartof></parts><date>24-10-20 19:21:45:949</date><id>0</id><type>bounding_box</type><polygon><username>anonymous</username><pt><x>861</x><y>2710</y><time>24-10-20 19:21:41:463</time></pt><pt><x>1648</x><y>2710</y><time>24-10-20 19:21:43:549</time></pt><pt><x>1648</x><y>1188</y><time>undefined</time></pt><pt><x>861</x><y>1188</y><time>undefined</time></pt><closed_date>24-10-20 19:21:43:550</closed_date></polygon></object></annotation>