<annotation><filename>m1_s06_144_p_nic097.jpg</filename><folder>users/joselusava//jacob_2/144nic</folder><source><submittedBy>Jose Saca</submittedBy></source><imagesize><nrows>2736</nrows><ncols>4100</ncols></imagesize><object><name>m1_s06_144_p_nic097</name><deleted>0</deleted><verified>0</verified><occluded>no</occluded><attributes></attributes><parts><hasparts></hasparts><ispartof></ispartof></parts><date>08-09-20 14:04:59:049</date><id>0</id><type>bounding_box</type><polygon><username>anonymous</username><pt><x>318</x><y>2079</y><time>08-09-20 14:04:56:965</time></pt><pt><x>2184</x><y>2079</y><time>08-09-20 14:04:58:400</time></pt><pt><x>2184</x><y>538</y><time>undefined</time></pt><pt><x>318</x><y>538</y><time>undefined</time></pt><closed_date>08-09-20 14:04:58:400</closed_date></polygon></object></annotation>