<annotation><filename>m2_s05_236_p_nic091.jpg</filename><folder>users/joselusava//museos2020</folder><source><submittedBy>Jose Saca</submittedBy></source><imagesize><nrows>2910</nrows><ncols>4361</ncols></imagesize><object><name>m2_s05_236_p_nic091</name><deleted>0</deleted><verified>0</verified><occluded>no</occluded><attributes></attributes><parts><hasparts></hasparts><ispartof></ispartof></parts><date>17-09-20 13:35:20:888</date><id>0</id><type>bounding_box</type><polygon><username>anonymous</username><pt><x>390</x><y>739</y><time>17-09-20 13:35:05:470</time></pt><pt><x>2803</x><y>739</y><time>17-09-20 13:35:08:354</time></pt><pt><x>2803</x><y>2678</y><time>undefined</time></pt><pt><x>390</x><y>2678</y><time>undefined</time></pt><closed_date>17-09-20 13:35:08:356</closed_date></polygon></object></annotation>