<annotation><filename>m2_s06_244_p_nic017.jpg</filename><folder>users/joselusava//museos2020</folder><source><submittedBy>Jose Saca</submittedBy></source><imagesize><nrows>2910</nrows><ncols>4361</ncols></imagesize><object><name>m2_s06_244_p_nic017</name><deleted>0</deleted><verified>0</verified><occluded>no</occluded><attributes></attributes><parts><hasparts></hasparts><ispartof></ispartof></parts><date>24-09-20 19:58:22:382</date><id>0</id><type>bounding_box</type><polygon><username>anonymous</username><pt><x>279</x><y>1604</y><time>24-09-20 19:58:05:539</time></pt><pt><x>2004</x><y>1604</y><time>24-09-20 19:58:06:959</time></pt><pt><x>2004</x><y>2394</y><time>undefined</time></pt><pt><x>279</x><y>2394</y><time>undefined</time></pt><closed_date>24-09-20 19:58:06:961</closed_date></polygon></object></annotation>