<annotation><filename>m1_s06_141_p_nic011.jpg</filename><folder>users/joselusava//jacob_2/141nic</folder><source><submittedBy>Jose Saca</submittedBy></source><imagesize><nrows>2736</nrows><ncols>4100</ncols></imagesize><object><name>m1_s06_141_p_nic011</name><deleted>0</deleted><verified>0</verified><occluded>no</occluded><attributes></attributes><parts><hasparts></hasparts><ispartof></ispartof></parts><date>05-09-20 00:46:59:722</date><id>0</id><type>bounding_box</type><polygon><username>anonymous</username><pt><x>1103</x><y>1603</y><time>05-09-20 00:46:55:779</time></pt><pt><x>2226</x><y>1603</y><time>05-09-20 00:46:58:386</time></pt><pt><x>2226</x><y>149</y><time>undefined</time></pt><pt><x>1103</x><y>149</y><time>undefined</time></pt><closed_date>05-09-20 00:46:58:387</closed_date></polygon></object></annotation>