<annotation><filename>m4_s10_154_p_ic074.jpg</filename><folder>users/joselusava//valeria/m04_s10_154_ic</folder><source><submittedBy>Jose Saca</submittedBy></source><imagesize><nrows>2970</nrows><ncols>4451</ncols></imagesize><object><name>m4_s10_154_p_ic074</name><deleted>0</deleted><verified>0</verified><occluded>no</occluded><attributes></attributes><parts><hasparts></hasparts><ispartof></ispartof></parts><date>13-10-20 22:50:15:991</date><id>0</id><type>bounding_box</type><polygon><username>anonymous</username><pt><x>1262</x><y>2593</y><time>13-10-20 22:50:10:442</time></pt><pt><x>2782</x><y>2593</y><time>13-10-20 22:50:12:619</time></pt><pt><x>2782</x><y>257</y><time>undefined</time></pt><pt><x>1262</x><y>257</y><time>undefined</time></pt><closed_date>13-10-20 22:50:12:620</closed_date></polygon></object></annotation>