<annotation><filename>m2_s01_010_p_nic075.jpg</filename><folder>users/joselusava//santiago</folder><source><submittedBy>Jose Saca</submittedBy></source><imagesize><nrows>2850</nrows><ncols>4271</ncols></imagesize><object><name>m2_s01_010_p_nic075</name><deleted>0</deleted><verified>0</verified><occluded>no</occluded><attributes></attributes><parts><hasparts></hasparts><ispartof></ispartof></parts><date>22-09-20 21:29:47:808</date><id>0</id><type>bounding_box</type><polygon><username>anonymous</username><pt><x>2494</x><y>497</y><time>22-09-20 21:29:41:211</time></pt><pt><x>3174</x><y>497</y><time>22-09-20 21:29:42:226</time></pt><pt><x>3174</x><y>1186</y><time>undefined</time></pt><pt><x>2494</x><y>1186</y><time>undefined</time></pt><closed_date>22-09-20 21:29:42:228</closed_date></polygon></object></annotation>