<annotation><filename>m1_s02_036_p_ic053.jpg</filename><folder>users/joselusava//valeria/sala2_036_ic</folder><source><submittedBy>Jose Saca</submittedBy></source><imagesize><nrows>3200</nrows><ncols>4800</ncols></imagesize><object><name>m1_s01_036_p_ic053</name><deleted>0</deleted><verified>0</verified><occluded>no</occluded><attributes></attributes><parts><hasparts></hasparts><ispartof></ispartof></parts><date>23-08-20 22:02:30:325</date><id>0</id><type>bounding_box</type><polygon><username>anonymous</username><pt><x>472</x><y>123</y><time>23-08-20 22:02:20:044</time></pt><pt><x>3726</x><y>123</y><time>23-08-20 22:02:26:252</time></pt><pt><x>3726</x><y>2846</y><time>undefined</time></pt><pt><x>472</x><y>2846</y><time>undefined</time></pt><closed_date>23-08-20 22:02:26:253</closed_date></polygon></object></annotation>