<annotation><filename>m1_s01_005_p_nic062.jpg</filename><folder>users/joselusava//museos2020</folder><source><submittedBy>Jose Saca</submittedBy></source><imagesize><nrows>2000</nrows><ncols>2992</ncols></imagesize><object><name>m1_s01_005_p_nic062</name><deleted>0</deleted><verified>0</verified><occluded>no</occluded><attributes></attributes><parts><hasparts></hasparts><ispartof></ispartof></parts><date>14-09-20 11:25:34:352</date><id>0</id><type>bounding_box</type><polygon><username>anonymous</username><pt><x>2342</x><y>1013</y><time>14-09-20 11:25:26:037</time></pt><pt><x>2709</x><y>1013</y><time>14-09-20 11:25:26:990</time></pt><pt><x>2709</x><y>1396</y><time>undefined</time></pt><pt><x>2342</x><y>1396</y><time>undefined</time></pt><closed_date>14-09-20 11:25:26:991</closed_date></polygon></object></annotation>