<annotation><filename>m2_s01_034_p_ic019.jpg</filename><folder>users/joselusava//kath</folder><source><submittedBy>Jose Saca</submittedBy></source><imagesize><nrows>2850</nrows><ncols>4271</ncols></imagesize><object><name>m2_s01_034_p_ic019</name><deleted>0</deleted><verified>0</verified><occluded>no</occluded><attributes></attributes><parts><hasparts></hasparts><ispartof></ispartof></parts><date>23-09-20 22:49:30:920</date><id>0</id><type>bounding_box</type><polygon><username>anonymous</username><pt><x>1257</x><y>253</y><time>23-09-20 22:49:20:800</time></pt><pt><x>2878</x><y>253</y><time>23-09-20 22:49:27:575</time></pt><pt><x>2878</x><y>2682</y><time>undefined</time></pt><pt><x>1257</x><y>2682</y><time>undefined</time></pt><closed_date>23-09-20 22:49:27:576</closed_date></polygon></object></annotation>