<annotation><filename>m1_s06_144_p_nic050.jpg</filename><folder>users/joselusava//jacob_2/144nic</folder><source><submittedBy>Jose Saca</submittedBy></source><imagesize><nrows>2736</nrows><ncols>4100</ncols></imagesize><object><name>m1_s06_144_p_nic050</name><deleted>0</deleted><verified>0</verified><occluded>no</occluded><attributes></attributes><parts><hasparts></hasparts><ispartof></ispartof></parts><date>08-09-20 02:17:06:063</date><id>0</id><type>bounding_box</type><polygon><username>anonymous</username><pt><x>3764</x><y>1989</y><time>08-09-20 02:17:02:912</time></pt><pt><x>2103</x><y>1989</y><time>08-09-20 02:17:05:329</time></pt><pt><x>2103</x><y>458</y><time>undefined</time></pt><pt><x>3764</x><y>458</y><time>undefined</time></pt><closed_date>08-09-20 02:17:05:329</closed_date></polygon></object></annotation>