<annotation><filename>m4_s02_021_p_ic067.jpg</filename><folder>users/joselusava//santiago_2</folder><source><submittedBy>Jose Saca</submittedBy></source><imagesize><nrows>3000</nrows><ncols>4496</ncols></imagesize><object><name>m4_s02_021_p_ic067</name><deleted>0</deleted><verified>0</verified><occluded>no</occluded><attributes></attributes><parts><hasparts></hasparts><ispartof></ispartof></parts><date>04-10-20 19:13:02:057</date><id>0</id><type>bounding_box</type><polygon><username>anonymous</username><pt><x>1471</x><y>243</y><time>04-10-20 19:12:57:572</time></pt><pt><x>2707</x><y>243</y><time>04-10-20 19:12:59:179</time></pt><pt><x>2707</x><y>2504</y><time>undefined</time></pt><pt><x>1471</x><y>2504</y><time>undefined</time></pt><closed_date>04-10-20 19:12:59:179</closed_date></polygon></object></annotation>