<annotation><filename>m1_s06_143_x.jpg</filename><folder>users/joselusava//jacob_2/sala6</folder><source><submittedBy>Jose Saca</submittedBy></source><imagesize><nrows>2736</nrows><ncols>4100</ncols></imagesize><object><name>m1_s06_143_x</name><deleted>0</deleted><verified>0</verified><occluded>no</occluded><attributes></attributes><parts><hasparts></hasparts><ispartof></ispartof></parts><date>06-09-20 01:34:02:521</date><id>0</id><type>bounding_box</type><polygon><username>anonymous</username><pt><x>3195</x><y>2339</y><time>06-09-20 01:33:59:320</time></pt><pt><x>611</x><y>2339</y><time>06-09-20 01:34:01:500</time></pt><pt><x>611</x><y>285</y><time>undefined</time></pt><pt><x>3195</x><y>285</y><time>undefined</time></pt><closed_date>06-09-20 01:34:01:500</closed_date></polygon></object></annotation>