<annotation><filename>m1_s06_144_p_nic051.jpg</filename><folder>users/joselusava//jacob_2/144nic</folder><source><submittedBy>Jose Saca</submittedBy></source><imagesize><nrows>2736</nrows><ncols>4100</ncols></imagesize><object><name>m1_s06_144_p_nic051</name><deleted>0</deleted><verified>0</verified><occluded>no</occluded><attributes></attributes><parts><hasparts></hasparts><ispartof></ispartof></parts><date>08-09-20 02:17:27:401</date><id>0</id><type>bounding_box</type><polygon><username>anonymous</username><pt><x>3748</x><y>1866</y><time>08-09-20 02:17:25:041</time></pt><pt><x>2111</x><y>1866</y><time>08-09-20 02:17:26:805</time></pt><pt><x>2111</x><y>385</y><time>undefined</time></pt><pt><x>3748</x><y>385</y><time>undefined</time></pt><closed_date>08-09-20 02:17:26:805</closed_date></polygon></object></annotation>