<annotation><filename>m4_s05_060_p_nic007.jpg</filename><folder>users/joselusava//m4_js/60/nic</folder><source><submittedBy>Jose Saca</submittedBy></source><imagesize><nrows>2910</nrows><ncols>4361</ncols></imagesize><object><name>m4_s05_060_p_nic007</name><deleted>0</deleted><verified>0</verified><occluded>no</occluded><attributes></attributes><parts><hasparts></hasparts><ispartof></ispartof></parts><date>13-10-20 21:01:25:718</date><id>0</id><type>bounding_box</type><polygon><username>anonymous</username><pt><x>4335</x><y>1985</y><time>13-10-20 21:01:23:774</time></pt><pt><x>1201</x><y>1985</y><time>13-10-20 21:01:25:035</time></pt><pt><x>1201</x><y>270</y><time>undefined</time></pt><pt><x>4335</x><y>270</y><time>undefined</time></pt><closed_date>13-10-20 21:01:25:036</closed_date></polygon></object></annotation>