<annotation><filename>m3_s01_013_p_nic083.jpg</filename><folder>users/joselusava//valeria/m03_s01_13_nic</folder><source><submittedBy>Jose Saca</submittedBy></source><imagesize><nrows>2970</nrows><ncols>4451</ncols></imagesize><object><name>m3_s01_013_p_nic083</name><deleted>0</deleted><verified>0</verified><occluded>no</occluded><attributes></attributes><parts><hasparts></hasparts><ispartof></ispartof></parts><date>07-11-20 00:11:19:518</date><id>0</id><type>bounding_box</type><polygon><username>anonymous</username><pt><x>760</x><y>2353</y><time>07-11-20 00:11:14:123</time></pt><pt><x>2702</x><y>2353</y><time>07-11-20 00:11:16:259</time></pt><pt><x>2702</x><y>200</y><time>undefined</time></pt><pt><x>760</x><y>200</y><time>undefined</time></pt><closed_date>07-11-20 00:11:16:260</closed_date></polygon></object></annotation>