<annotation><filename>img_m1_s10_303_p_nic070.jpg</filename><folder>users/joselusava//santiago</folder><source><submittedBy>Jose Saca</submittedBy></source><imagesize><nrows>3200</nrows><ncols>4800</ncols></imagesize><object><name>m1_s10_303_p_nic070</name><deleted>0</deleted><verified>0</verified><occluded>no</occluded><attributes></attributes><parts><hasparts></hasparts><ispartof></ispartof></parts><date>01-09-20 22:24:12:799</date><id>0</id><type>bounding_box</type><polygon><username>anonymous</username><pt><x>2930</x><y>2199</y><time>01-09-20 22:23:54:594</time></pt><pt><x>3646</x><y>2199</y><time>01-09-20 22:23:57:364</time></pt><pt><x>3646</x><y>2973</y><time>undefined</time></pt><pt><x>2930</x><y>2973</y><time>undefined</time></pt><closed_date>01-09-20 22:23:57:366</closed_date></polygon></object></annotation>