<annotation><filename>m1_s06_144_p_ic038.jpg</filename><folder>users/joselusava//jacob_2/144ic</folder><source><submittedBy>Jose Saca</submittedBy></source><imagesize><nrows>2736</nrows><ncols>4100</ncols></imagesize><object><name>m1_s06_144_p_ic038</name><deleted>0</deleted><verified>0</verified><occluded>no</occluded><attributes></attributes><parts><hasparts></hasparts><ispartof></ispartof></parts><date>07-09-20 02:36:45:490</date><id>0</id><type>bounding_box</type><polygon><username>anonymous</username><pt><x>728</x><y>2684</y><time>07-09-20 02:36:42:362</time></pt><pt><x>3003</x><y>2684</y><time>07-09-20 02:36:44:458</time></pt><pt><x>3003</x><y>90</y><time>undefined</time></pt><pt><x>728</x><y>90</y><time>undefined</time></pt><closed_date>07-09-20 02:36:44:458</closed_date></polygon></object></annotation>