<annotation><filename>m1_s02_029_p_ic049.jpg</filename><folder>users/joselusava//valeria/sala2_029_ic</folder><source><submittedBy>Jose Saca</submittedBy></source><imagesize><nrows>3200</nrows><ncols>4800</ncols></imagesize><object><name>m1_s02_029_p_ic049</name><deleted>0</deleted><verified>0</verified><occluded>no</occluded><attributes></attributes><parts><hasparts></hasparts><ispartof></ispartof></parts><date>22-08-20 19:48:08:799</date><id>0</id><type>bounding_box</type><polygon><username>anonymous</username><pt><x>1412</x><y>290</y><time>22-08-20 19:47:59:590</time></pt><pt><x>3511</x><y>290</y><time>22-08-20 19:48:04:768</time></pt><pt><x>3511</x><y>2523</y><time>undefined</time></pt><pt><x>1412</x><y>2523</y><time>undefined</time></pt><closed_date>22-08-20 19:48:04:769</closed_date></polygon></object></annotation>