<annotation><filename>m2_s03_219_p_nic024.jpg</filename><folder>users/joselusava//valeria/m2_sala03_219_nic</folder><source><submittedBy>Jose Saca</submittedBy></source><imagesize><nrows>2910</nrows><ncols>4361</ncols></imagesize><object><name>m2_s03_219_p_nic024</name><deleted>0</deleted><verified>0</verified><occluded>no</occluded><attributes></attributes><parts><hasparts></hasparts><ispartof></ispartof></parts><date>29-09-20 17:29:50:291</date><id>0</id><type>bounding_box</type><polygon><username>anonymous</username><pt><x>3356</x><y>1797</y><time>29-09-20 17:29:45:245</time></pt><pt><x>2133</x><y>1797</y><time>29-09-20 17:29:47:149</time></pt><pt><x>2133</x><y>198</y><time>undefined</time></pt><pt><x>3356</x><y>198</y><time>undefined</time></pt><closed_date>29-09-20 17:29:47:150</closed_date></polygon></object></annotation>