<annotation><filename>m2_s02_190_p_nic073.jpg</filename><folder>users/joselusava//m2_jsv/190/nic</folder><source><submittedBy>Jose Saca</submittedBy></source><imagesize><nrows>2910</nrows><ncols>4361</ncols></imagesize><object><name>m2_s02_190_p_nic073</name><deleted>0</deleted><verified>0</verified><occluded>no</occluded><attributes></attributes><parts><hasparts></hasparts><ispartof></ispartof></parts><date>21-09-20 15:17:31:790</date><id>0</id><type>bounding_box</type><polygon><username>anonymous</username><pt><x>2655</x><y>1253</y><time>21-09-20 15:17:29:665</time></pt><pt><x>1732</x><y>1253</y><time>21-09-20 15:17:30:792</time></pt><pt><x>1732</x><y>313</y><time>undefined</time></pt><pt><x>2655</x><y>313</y><time>undefined</time></pt><closed_date>21-09-20 15:17:30:792</closed_date></polygon></object></annotation>