<annotation><filename>m4_s05_052_p_nic007.jpg</filename><folder>users/joselusava//santiago_2</folder><source><submittedBy>Jose Saca</submittedBy></source><imagesize><nrows>2910</nrows><ncols>4361</ncols></imagesize><object><name>m4_s05_052_p_nic007</name><deleted>0</deleted><verified>0</verified><occluded>no</occluded><attributes></attributes><parts><hasparts></hasparts><ispartof></ispartof></parts><date>07-10-20 23:44:20:323</date><id>0</id><type>bounding_box</type><polygon><username>anonymous</username><pt><x>2463</x><y>253</y><time>07-10-20 23:44:17:113</time></pt><pt><x>3963</x><y>253</y><time>07-10-20 23:44:18:488</time></pt><pt><x>3963</x><y>1708</y><time>undefined</time></pt><pt><x>2463</x><y>1708</y><time>undefined</time></pt><closed_date>07-10-20 23:44:18:489</closed_date></polygon></object></annotation>