<annotation><filename>m4_s02_021_p_nic078.jpg</filename><folder>users/joselusava//santiago_2</folder><source><submittedBy>Jose Saca</submittedBy></source><imagesize><nrows>2910</nrows><ncols>4361</ncols></imagesize><object><name>m4_s02_021_p_nic078</name><deleted>0</deleted><verified>0</verified><occluded>no</occluded><attributes></attributes><parts><hasparts></hasparts><ispartof></ispartof></parts><date>05-10-20 11:45:31:139</date><id>0</id><type>bounding_box</type><polygon><username>anonymous</username><pt><x>2290</x><y>1019</y><time>05-10-20 11:45:27:583</time></pt><pt><x>3069</x><y>1019</y><time>05-10-20 11:45:28:668</time></pt><pt><x>3069</x><y>2529</y><time>undefined</time></pt><pt><x>2290</x><y>2529</y><time>undefined</time></pt><closed_date>05-10-20 11:45:28:668</closed_date></polygon></object></annotation>