<annotation><filename>m4_s04_047_p_nic051.jpg</filename><folder>users/joselusava//kath/kath_m4_047/nic</folder><source><submittedBy>Jose Saca</submittedBy></source><imagesize><nrows>2970</nrows><ncols>4451</ncols></imagesize><object><name>m4_s04_047_p_nic051</name><deleted>0</deleted><verified>0</verified><occluded>no</occluded><attributes></attributes><parts><hasparts></hasparts><ispartof></ispartof></parts><date>24-10-20 19:07:40:533</date><id>0</id><type>bounding_box</type><polygon><username>anonymous</username><pt><x>566</x><y>127</y><time>24-10-20 19:07:33:982</time></pt><pt><x>1785</x><y>127</y><time>24-10-20 19:07:36:486</time></pt><pt><x>1785</x><y>2690</y><time>undefined</time></pt><pt><x>566</x><y>2690</y><time>undefined</time></pt><closed_date>24-10-20 19:07:36:488</closed_date></polygon></object></annotation>