<annotation><filename>m2_s01_024_p_ic079.jpg</filename><folder>users/joselusava//santiago</folder><source><submittedBy>Jose Saca</submittedBy></source><imagesize><nrows>2850</nrows><ncols>4271</ncols></imagesize><object><name>m2_s01_024_p_ic079</name><deleted>0</deleted><verified>0</verified><occluded>no</occluded><attributes></attributes><parts><hasparts></hasparts><ispartof></ispartof></parts><date>24-09-20 22:54:04:870</date><id>0</id><type>bounding_box</type><polygon><username>anonymous</username><pt><x>1151</x><y>189</y><time>24-09-20 22:53:56:050</time></pt><pt><x>2796</x><y>189</y><time>24-09-20 22:53:58:388</time></pt><pt><x>2796</x><y>2802</y><time>undefined</time></pt><pt><x>1151</x><y>2802</y><time>undefined</time></pt><closed_date>24-09-20 22:53:58:390</closed_date></polygon></object></annotation>