<annotation><filename>m1_s02_036_p_nic090.jpg</filename><folder>users/joselusava//valeria/sala2_036_nic</folder><source><submittedBy>Jose Saca</submittedBy></source><imagesize><nrows>3200</nrows><ncols>4800</ncols></imagesize><object><name>m1_s02_036_p_nic090</name><deleted>0</deleted><verified>0</verified><occluded>no</occluded><attributes></attributes><parts><hasparts></hasparts><ispartof></ispartof></parts><date>27-08-20 13:04:10:889</date><id>0</id><type>bounding_box</type><polygon><username>anonymous</username><pt><x>1707</x><y>2201</y><time>27-08-20 13:04:05:371</time></pt><pt><x>628</x><y>2201</y><time>27-08-20 13:04:07:969</time></pt><pt><x>628</x><y>1176</y><time>undefined</time></pt><pt><x>1707</x><y>1176</y><time>undefined</time></pt><closed_date>27-08-20 13:04:07:971</closed_date></polygon></object></annotation>