<annotation><filename>m1_s01_021_p_nic083.jpg</filename><folder>users/joselusava//santiago</folder><source><submittedBy>Jose Saca</submittedBy></source><imagesize><nrows>3200</nrows><ncols>4800</ncols></imagesize><object><name>m1_s01_021_p_nic083</name><deleted>0</deleted><verified>0</verified><occluded>no</occluded><attributes></attributes><parts><hasparts></hasparts><ispartof></ispartof></parts><date>16-09-20 22:10:41:320</date><id>0</id><type>bounding_box</type><polygon><username>anonymous</username><pt><x>864</x><y>1753</y><time>16-09-20 22:10:33:636</time></pt><pt><x>1494</x><y>1753</y><time>16-09-20 22:10:34:546</time></pt><pt><x>1494</x><y>2584</y><time>undefined</time></pt><pt><x>864</x><y>2584</y><time>undefined</time></pt><closed_date>16-09-20 22:10:34:548</closed_date></polygon></object></annotation>