<annotation><filename>m4_s04_039_p_ic067.jpg</filename><folder>users/joselusava//santiago_2</folder><source><submittedBy>Jose Saca</submittedBy></source><imagesize><nrows>2970</nrows><ncols>4451</ncols></imagesize><object><name>m4_s04_039_p_ic067</name><deleted>0</deleted><verified>0</verified><occluded>no</occluded><attributes></attributes><parts><hasparts></hasparts><ispartof></ispartof></parts><date>20-10-20 22:16:50:542</date><id>0</id><type>bounding_box</type><polygon><username>anonymous</username><pt><x>1681</x><y>214</y><time>20-10-20 22:16:42:663</time></pt><pt><x>2517</x><y>214</y><time>20-10-20 22:16:44:883</time></pt><pt><x>2517</x><y>2659</y><time>undefined</time></pt><pt><x>1681</x><y>2659</y><time>undefined</time></pt><closed_date>20-10-20 22:16:44:884</closed_date></polygon></object></annotation>