<annotation><filename>m4_s11_178_p_ic055.jpg</filename><folder>users/joselusava//santiago_2</folder><source><submittedBy>Jose Saca</submittedBy></source><imagesize><nrows>2970</nrows><ncols>4451</ncols></imagesize><object><name>m4_s11_178_p_ic055</name><deleted>0</deleted><verified>0</verified><occluded>no</occluded><attributes></attributes><parts><hasparts></hasparts><ispartof></ispartof></parts><date>15-10-20 21:52:08:659</date><id>0</id><type>bounding_box</type><polygon><username>anonymous</username><pt><x>1307</x><y>753</y><time>15-10-20 21:52:04:709</time></pt><pt><x>2899</x><y>753</y><time>15-10-20 21:52:06:640</time></pt><pt><x>2899</x><y>2435</y><time>undefined</time></pt><pt><x>1307</x><y>2435</y><time>undefined</time></pt><closed_date>15-10-20 21:52:06:642</closed_date></polygon></object></annotation>