<annotation><filename>m4_s12_185_p_ic012.jpg</filename><folder>users/joselusava//valeria/m04_s12_185_ic</folder><source><submittedBy>Jose Saca</submittedBy></source><imagesize><nrows>2910</nrows><ncols>4361</ncols></imagesize><object><name>m4_s12_185_p_ic012</name><deleted>0</deleted><verified>0</verified><occluded>no</occluded><attributes></attributes><parts><hasparts></hasparts><ispartof></ispartof></parts><date>17-10-20 14:38:43:071</date><id>0</id><type>bounding_box</type><polygon><username>anonymous</username><pt><x>694</x><y>2585</y><time>17-10-20 14:38:37:443</time></pt><pt><x>3486</x><y>2585</y><time>17-10-20 14:38:39:738</time></pt><pt><x>3486</x><y>235</y><time>undefined</time></pt><pt><x>694</x><y>235</y><time>undefined</time></pt><closed_date>17-10-20 14:38:39:740</closed_date></polygon></object></annotation>