<annotation><filename>m4_s02_021_p_ic081.jpg</filename><folder>users/joselusava//santiago_2</folder><source><submittedBy>Jose Saca</submittedBy></source><imagesize><nrows>2910</nrows><ncols>4361</ncols></imagesize><object><name>m4_s02_021_p_ic081</name><deleted>0</deleted><verified>0</verified><occluded>no</occluded><attributes></attributes><parts><hasparts></hasparts><ispartof></ispartof></parts><date>04-10-20 19:33:17:095</date><id>0</id><type>bounding_box</type><polygon><username>anonymous</username><pt><x>1348</x><y>243</y><time>04-10-20 19:33:12:185</time></pt><pt><x>2609</x><y>243</y><time>04-10-20 19:33:13:760</time></pt><pt><x>2609</x><y>2598</y><time>undefined</time></pt><pt><x>1348</x><y>2598</y><time>undefined</time></pt><closed_date>04-10-20 19:33:13:761</closed_date></polygon></object></annotation>