<annotation><filename>m1_s02_029_p_ic014.jpg</filename><folder>users/joselusava//valeria/sala2_029_ic</folder><source><submittedBy>Jose Saca</submittedBy></source><imagesize><nrows>3200</nrows><ncols>4800</ncols></imagesize><object><name>m1_s02_029_p_ic014</name><deleted>0</deleted><verified>0</verified><occluded>no</occluded><attributes></attributes><parts><hasparts></hasparts><ispartof></ispartof></parts><date>22-08-20 17:36:27:313</date><id>0</id><type>bounding_box</type><polygon><username>anonymous</username><pt><x>1031</x><y>387</y><time>22-08-20 17:36:09:727</time></pt><pt><x>3286</x><y>387</y><time>22-08-20 17:36:14:009</time></pt><pt><x>3286</x><y>2932</y><time>undefined</time></pt><pt><x>1031</x><y>2932</y><time>undefined</time></pt><closed_date>22-08-20 17:36:14:010</closed_date></polygon></object></annotation>