<annotation><filename>m1_s01_021_p_nic047.jpg</filename><folder>users/joselusava//santiago</folder><source><submittedBy>Jose Saca</submittedBy></source><imagesize><nrows>3200</nrows><ncols>4800</ncols></imagesize><object><name>m1_s01_021_p_nic047</name><deleted>0</deleted><verified>0</verified><occluded>no</occluded><attributes></attributes><parts><hasparts></hasparts><ispartof></ispartof></parts><date>15-09-20 16:39:00:190</date><id>0</id><type>bounding_box</type><polygon><username>anonymous</username><pt><x>3315</x><y>2271</y><time>15-09-20 16:38:51:394</time></pt><pt><x>3837</x><y>2271</y><time>15-09-20 16:38:53:054</time></pt><pt><x>3837</x><y>2952</y><time>undefined</time></pt><pt><x>3315</x><y>2952</y><time>undefined</time></pt><closed_date>15-09-20 16:38:53:055</closed_date></polygon></object></annotation>