<annotation><filename>m2_s03_248_p_nic014.jpg</filename><folder>users/joselusava//museos2020</folder><source><submittedBy>Jose Saca</submittedBy></source><imagesize><nrows>2910</nrows><ncols>4361</ncols></imagesize><object><name>m2_s03_248_p_nic014</name><deleted>0</deleted><verified>0</verified><occluded>no</occluded><attributes></attributes><parts><hasparts></hasparts><ispartof></ispartof></parts><date>27-09-20 10:00:54:565</date><id>0</id><polygon><username>anonymous</username><pt><x>163</x><y>390</y><time>27-09-20 10:00:39:793</time></pt><pt><x>2129</x><y>395</y><time>27-09-20 10:00:40:773</time></pt><pt><x>2348</x><y>651</y><time>27-09-20 10:00:41:493</time></pt><pt><x>995</x><y>1264</y><time>27-09-20 10:00:42:285</time></pt><closed_date>27-09-20 10:00:42:991</closed_date></polygon></object></annotation>