<annotation><filename>m1_s02_029_p_ic007.jpg</filename><folder>users/joselusava//valeria/sala2_029_ic</folder><source><submittedBy>Jose Saca</submittedBy></source><imagesize><nrows>2000</nrows><ncols>2992</ncols></imagesize><object><name>m1_s02_029_p_ic007</name><deleted>0</deleted><verified>0</verified><occluded>no</occluded><attributes></attributes><parts><hasparts></hasparts><ispartof></ispartof></parts><date>22-08-20 17:11:48:517</date><id>0</id><type>bounding_box</type><polygon><username>anonymous</username><pt><x>631</x><y>37</y><time>22-08-20 17:11:25:347</time></pt><pt><x>2258</x><y>37</y><time>22-08-20 17:11:31:143</time></pt><pt><x>2258</x><y>1842</y><time>undefined</time></pt><pt><x>631</x><y>1842</y><time>undefined</time></pt><closed_date>22-08-20 17:11:31:145</closed_date></polygon></object></annotation>