<annotation><filename>m1_s02_029_p_nic062.jpg</filename><folder>users/joselusava//valeria/sala2_029_nic</folder><source><submittedBy>Jose Saca</submittedBy></source><imagesize><nrows>3200</nrows><ncols>4800</ncols></imagesize><object><name>m1_s02_029_p_nic062</name><deleted>0</deleted><verified>0</verified><occluded>no</occluded><attributes></attributes><parts><hasparts></hasparts><ispartof></ispartof></parts><date>26-08-20 19:53:44:981</date><id>0</id><type>bounding_box</type><polygon><username>anonymous</username><pt><x>2974</x><y>1122</y><time>26-08-20 19:53:37:677</time></pt><pt><x>4306</x><y>1122</y><time>26-08-20 19:53:41:572</time></pt><pt><x>4306</x><y>2481</y><time>undefined</time></pt><pt><x>2974</x><y>2481</y><time>undefined</time></pt><closed_date>26-08-20 19:53:41:573</closed_date></polygon></object></annotation>