<annotation><filename>m2_s03_219_p_ic090.jpg</filename><folder>users/joselusava//valeria/m2_sala03_219_ic</folder><source><submittedBy>Jose Saca</submittedBy></source><imagesize><nrows>2910</nrows><ncols>4361</ncols></imagesize><object><name>m2_s03_219_p_ic090</name><deleted>0</deleted><verified>0</verified><occluded>no</occluded><attributes></attributes><parts><hasparts></hasparts><ispartof></ispartof></parts><date>29-09-20 01:21:36:061</date><id>0</id><type>bounding_box</type><polygon><username>anonymous</username><pt><x>2976</x><y>2535</y><time>29-09-20 01:21:30:328</time></pt><pt><x>728</x><y>2535</y><time>29-09-20 01:21:32:943</time></pt><pt><x>728</x><y>617</y><time>undefined</time></pt><pt><x>2976</x><y>617</y><time>undefined</time></pt><closed_date>29-09-20 01:21:32:945</closed_date></polygon></object></annotation>