<annotation><filename>m3_s01_018_p_nic024.jpg</filename><folder>users/joselusava//m4_js/18/nic</folder><source><submittedBy>Jose Saca</submittedBy></source><imagesize><nrows>2970</nrows><ncols>4451</ncols></imagesize><object><name>m3_s01_018_p_nic024</name><deleted>0</deleted><verified>0</verified><occluded>no</occluded><attributes></attributes><parts><hasparts></hasparts><ispartof></ispartof></parts><date>05-11-20 14:55:38:303</date><id>0</id><type>bounding_box</type><polygon><username>anonymous</username><pt><x>21</x><y>547</y><time>05-11-20 14:55:36:222</time></pt><pt><x>2946</x><y>547</y><time>05-11-20 14:55:37:642</time></pt><pt><x>2946</x><y>2757</y><time>undefined</time></pt><pt><x>21</x><y>2757</y><time>undefined</time></pt><closed_date>05-11-20 14:55:37:643</closed_date></polygon></object></annotation>