<annotation><filename>m3_s01_002_p_ic032.jpg</filename><folder>users/joselusava//santiago_3</folder><source><submittedBy>Jose Saca</submittedBy></source><imagesize><nrows>2970</nrows><ncols>4451</ncols></imagesize><object><name>m3_s01_002_p_ic032</name><deleted>0</deleted><verified>0</verified><occluded>no</occluded><attributes></attributes><parts><hasparts></hasparts><ispartof></ispartof></parts><date>28-10-20 18:47:45:722</date><id>0</id><type>bounding_box</type><polygon><username>anonymous</username><pt><x>228</x><y>314</y><time>28-10-20 18:47:40:025</time></pt><pt><x>4077</x><y>314</y><time>28-10-20 18:47:41:956</time></pt><pt><x>4077</x><y>2324</y><time>undefined</time></pt><pt><x>228</x><y>2324</y><time>undefined</time></pt><closed_date>28-10-20 18:47:41:957</closed_date></polygon></object></annotation>