<annotation><filename>img_m1_s03-04_101_p_nic003.jpg</filename><folder>users/joselusava//valeria/sala3y4_101_nic</folder><source><submittedBy>Jose Saca</submittedBy></source><imagesize><nrows>3200</nrows><ncols>4800</ncols></imagesize><object><name>m1_s03_s04_101_p_nic003</name><deleted>0</deleted><verified>0</verified><occluded>no</occluded><attributes></attributes><parts><hasparts></hasparts><ispartof></ispartof></parts><date>29-08-20 22:43:37:055</date><id>0</id><type>bounding_box</type><polygon><username>anonymous</username><pt><x>4339</x><y>2279</y><time>29-08-20 22:43:28:833</time></pt><pt><x>1285</x><y>2279</y><time>29-08-20 22:43:32:894</time></pt><pt><x>1285</x><y>994</y><time>undefined</time></pt><pt><x>4339</x><y>994</y><time>undefined</time></pt><closed_date>29-08-20 22:43:32:896</closed_date></polygon></object></annotation>