<annotation><filename>m2_s02_085_p_nic080.jpg</filename><folder>users/joselusava//m2_jsv/85/nic</folder><source><submittedBy>Jose Saca</submittedBy></source><imagesize><nrows>2910</nrows><ncols>4361</ncols></imagesize><object><name>m2_s02_085_p_nic080</name><deleted>0</deleted><verified>0</verified><occluded>no</occluded><attributes></attributes><parts><hasparts></hasparts><ispartof></ispartof></parts><date>19-09-20 22:56:10:409</date><id>0</id><type>bounding_box</type><polygon><username>anonymous</username><pt><x>3464</x><y>975</y><time>19-09-20 22:56:08:788</time></pt><pt><x>4143</x><y>975</y><time>19-09-20 22:56:09:705</time></pt><pt><x>4143</x><y>1776</y><time>undefined</time></pt><pt><x>3464</x><y>1776</y><time>undefined</time></pt><closed_date>19-09-20 22:56:09:706</closed_date></polygon></object></annotation>