<annotation><filename>m4_s04_037_p_nic019.jpg</filename><folder>users/joselusava//santiago_2</folder><source><submittedBy>Jose Saca</submittedBy></source><imagesize><nrows>2970</nrows><ncols>4451</ncols></imagesize><object><name>m4_s04_037_p_nic019</name><deleted>0</deleted><verified>0</verified><occluded>no</occluded><attributes></attributes><parts><hasparts></hasparts><ispartof></ispartof></parts><date>19-10-20 22:04:00:520</date><id>0</id><type>bounding_box</type><polygon><username>anonymous</username><pt><x>2974</x><y>1003</y><time>19-10-20 22:03:56:427</time></pt><pt><x>4034</x><y>1003</y><time>19-10-20 22:03:57:746</time></pt><pt><x>4034</x><y>2827</y><time>undefined</time></pt><pt><x>2974</x><y>2827</y><time>undefined</time></pt><closed_date>19-10-20 22:03:57:748</closed_date></polygon></object></annotation>