<annotation><filename>m1_s01_021_p_nic007.jpg</filename><folder>users/joselusava//santiago</folder><source><submittedBy>Jose Saca</submittedBy></source><imagesize><nrows>3200</nrows><ncols>4800</ncols></imagesize><object><name>m1_s01_021_p_nic007</name><deleted>0</deleted><verified>0</verified><occluded>no</occluded><attributes></attributes><parts><hasparts></hasparts><ispartof></ispartof></parts><date>15-09-20 00:40:52:919</date><id>0</id><type>bounding_box</type><polygon><username>anonymous</username><pt><x>3103</x><y>266</y><time>15-09-20 00:40:45:424</time></pt><pt><x>3708</x><y>266</y><time>15-09-20 00:40:46:604</time></pt><pt><x>3708</x><y>1033</y><time>undefined</time></pt><pt><x>3103</x><y>1033</y><time>undefined</time></pt><closed_date>15-09-20 00:40:46:605</closed_date></polygon></object></annotation>