<annotation><filename>m4_s02_021_p_ic034.jpg</filename><folder>users/joselusava//santiago_2</folder><source><submittedBy>Jose Saca</submittedBy></source><imagesize><nrows>3000</nrows><ncols>4496</ncols></imagesize><object><name>m4_s02_021_p_ic034</name><deleted>0</deleted><verified>0</verified><occluded>no</occluded><attributes></attributes><parts><hasparts></hasparts><ispartof></ispartof></parts><date>03-10-20 17:59:02:662</date><id>0</id><type>bounding_box</type><polygon><username>anonymous</username><pt><x>1775</x><y>471</y><time>03-10-20 17:58:58:884</time></pt><pt><x>2832</x><y>471</y><time>03-10-20 17:59:00:771</time></pt><pt><x>2832</x><y>2407</y><time>undefined</time></pt><pt><x>1775</x><y>2407</y><time>undefined</time></pt><closed_date>03-10-20 17:59:00:773</closed_date></polygon></object></annotation>