<annotation><filename>m4_s05_052_p_ic003.jpg</filename><folder>users/joselusava//santiago_2</folder><source><submittedBy>Jose Saca</submittedBy></source><imagesize><nrows>2910</nrows><ncols>4361</ncols></imagesize><object><name>m4_s05_052_p_ic003</name><deleted>0</deleted><verified>0</verified><occluded>no</occluded><attributes></attributes><parts><hasparts></hasparts><ispartof></ispartof></parts><date>07-10-20 16:16:35:550</date><id>0</id><type>bounding_box</type><polygon><username>anonymous</username><pt><x>1348</x><y>443</y><time>07-10-20 16:16:29:440</time></pt><pt><x>3239</x><y>443</y><time>07-10-20 16:16:33:143</time></pt><pt><x>3239</x><y>2577</y><time>undefined</time></pt><pt><x>1348</x><y>2577</y><time>undefined</time></pt><closed_date>07-10-20 16:16:33:144</closed_date></polygon></object></annotation>