<annotation><filename>m2_s06_244_p_nic096.jpg</filename><folder>users/joselusava//museos2020</folder><source><submittedBy>Jose Saca</submittedBy></source><imagesize><nrows>2910</nrows><ncols>4361</ncols></imagesize><object><name>m2_s06_244_p_ic096</name><deleted>0</deleted><verified>0</verified><occluded>no</occluded><attributes></attributes><parts><hasparts></hasparts><ispartof></ispartof></parts><date>26-09-20 22:06:28:234</date><id>0</id><type>bounding_box</type><polygon><username>anonymous</username><pt><x>470</x><y>1325</y><time>26-09-20 22:06:21:540</time></pt><pt><x>1985</x><y>1325</y><time>26-09-20 22:06:22:817</time></pt><pt><x>1985</x><y>2045</y><time>undefined</time></pt><pt><x>470</x><y>2045</y><time>undefined</time></pt><closed_date>26-09-20 22:06:22:818</closed_date></polygon></object></annotation>