<annotation><filename>m2_s03_252_p_ic066.jpg</filename><folder>users/joselusava//valeria/m2_sala03_252_ic</folder><source><submittedBy>Jose Saca</submittedBy></source><imagesize><nrows>2910</nrows><ncols>4361</ncols></imagesize><object><name>m2_s06_252_p_ic064</name><deleted>0</deleted><verified>0</verified><occluded>no</occluded><attributes/><parts><hasparts/><ispartof/></parts><date>25-09-20 23:24:15:962</date><id>0</id><type>bounding_box</type><polygon><username>anonymous</username><pt><x>3439</x><y>2442</y><time>25-09-20 23:24:09:085</time></pt><pt><x>799</x><y>2442</y><time>25-09-20 23:24:12:239</time></pt><pt><x>799</x><y>590</y><time>undefined</time></pt><pt><x>3439</x><y>590</y><time>undefined</time></pt><closed_date>25-09-20 23:24:12:240</closed_date></polygon></object><object><name>m2_s06_252_p_ic066</name><deleted>0</deleted><verified>0</verified><occluded>no</occluded><attributes></attributes><parts><hasparts></hasparts><ispartof></ispartof></parts><date>27-09-20 12:39:55:206</date><id>1</id><type>bounding_box</type><polygon><username>anonymous</username><pt><x>782</x><y>550</y><time>27-09-20 12:39:43:224</time></pt><pt><x>3450</x><y>550</y><time>27-09-20 12:39:45:753</time></pt><pt><x>3450</x><y>2466</y><time>undefined</time></pt><pt><x>782</x><y>2466</y><time>undefined</time></pt><closed_date>27-09-20 12:39:45:756</closed_date></polygon></object></annotation>