<annotation><filename>m4_s10_164_p_nic018.jpg</filename><folder>users/joselusava//santiago_2</folder><source><submittedBy>Jose Saca</submittedBy></source><imagesize><nrows>2970</nrows><ncols>4451</ncols></imagesize><object><name>m4_s10_164_p_nic018</name><deleted>0</deleted><verified>0</verified><occluded>no</occluded><attributes></attributes><parts><hasparts></hasparts><ispartof></ispartof></parts><date>13-10-20 23:46:31:672</date><id>0</id><type>bounding_box</type><polygon><username>anonymous</username><pt><x>546</x><y>1157</y><time>13-10-20 23:46:28:648</time></pt><pt><x>1139</x><y>1157</y><time>13-10-20 23:46:29:546</time></pt><pt><x>1139</x><y>1867</y><time>undefined</time></pt><pt><x>546</x><y>1867</y><time>undefined</time></pt><closed_date>13-10-20 23:46:29:546</closed_date></polygon></object></annotation>