<annotation><filename>m3_s01_002_p_ic050.jpg</filename><folder>users/joselusava//santiago_3</folder><source><submittedBy>Jose Saca</submittedBy></source><imagesize><nrows>2970</nrows><ncols>4451</ncols></imagesize><object><name>m3_s01_002_p_ic050</name><deleted>0</deleted><verified>0</verified><occluded>no</occluded><attributes></attributes><parts><hasparts></hasparts><ispartof></ispartof></parts><date>28-10-20 19:17:08:515</date><id>0</id><type>bounding_box</type><polygon><username>anonymous</username><pt><x>1160</x><y>571</y><time>28-10-20 19:16:50:560</time></pt><pt><x>3291</x><y>571</y><time>28-10-20 19:16:52:500</time></pt><pt><x>3291</x><y>2445</y><time>undefined</time></pt><pt><x>1160</x><y>2445</y><time>undefined</time></pt><closed_date>28-10-20 19:16:52:501</closed_date></polygon></object></annotation>