<annotation><filename>m2_s03_248_p_ic022.jpg</filename><folder>users/joselusava//museos2020</folder><source><submittedBy>Jose Saca</submittedBy></source><imagesize><nrows>2910</nrows><ncols>4361</ncols></imagesize><object><name>m2_s03_248_p_ic022</name><deleted>0</deleted><verified>0</verified><occluded>no</occluded><attributes></attributes><parts><hasparts></hasparts><ispartof></ispartof></parts><date>27-09-20 08:08:45:910</date><id>0</id><type>bounding_box</type><polygon><username>anonymous</username><pt><x>23</x><y>390</y><time>27-09-20 08:08:36:187</time></pt><pt><x>4346</x><y>390</y><time>27-09-20 08:08:38:533</time></pt><pt><x>4346</x><y>2064</y><time>undefined</time></pt><pt><x>23</x><y>2064</y><time>undefined</time></pt><closed_date>27-09-20 08:08:38:534</closed_date></polygon></object></annotation>