<annotation><filename>m2_s01_034_p_ic026.jpg</filename><folder>users/joselusava//kath</folder><source><submittedBy>Jose Saca</submittedBy></source><imagesize><nrows>2850</nrows><ncols>4271</ncols></imagesize><object><name>m2_s01_034_p_ic026</name><deleted>0</deleted><verified>0</verified><occluded>no</occluded><attributes></attributes><parts><hasparts></hasparts><ispartof></ispartof></parts><date>25-09-20 13:22:26:480</date><id>0</id><polygon><username>anonymous</username><pt><x>1523</x><y>138</y><time>25-09-20 13:22:15:752</time></pt><pt><x>1269</x><y>2567</y><time>25-09-20 13:22:17:306</time></pt><pt><x>3010</x><y>2553</y><time>25-09-20 13:22:19:311</time></pt><pt><x>2799</x><y>167</y><time>25-09-20 13:22:21:742</time></pt><closed_date>25-09-20 13:22:23:587</closed_date></polygon></object></annotation>