<annotation><filename>m4_s07_105_p_ic070.jpg</filename><folder>users/joselusava//kath/m4_105</folder><source><submittedBy>Jose Saca</submittedBy></source><imagesize><nrows>2970</nrows><ncols>4451</ncols></imagesize><object><name>m4_s07_105_p_ic068</name><deleted>0</deleted><verified>0</verified><occluded>no</occluded><attributes></attributes><parts><hasparts></hasparts><ispartof></ispartof></parts><date>29-10-20 08:43:37:541</date><id>0</id><type>bounding_box</type><polygon><username>anonymous</username><pt><x>1394</x><y>2783</y><time>29-10-20 08:43:31:792</time></pt><pt><x>2759</x><y>2783</y><time>29-10-20 08:43:34:643</time></pt><pt><x>2759</x><y>255</y><time>undefined</time></pt><pt><x>1394</x><y>255</y><time>undefined</time></pt><closed_date>29-10-20 08:43:34:644</closed_date></polygon></object></annotation>