<annotation><filename>m1_s02_065_p_ic009.jpg</filename><folder>users/joselusava//valeria/sala2_065_ic</folder><source><submittedBy>Jose Saca</submittedBy></source><imagesize><nrows>2000</nrows><ncols>2992</ncols></imagesize><object><name>m1_s02_065_p_ic009</name><deleted>0</deleted><verified>0</verified><occluded>no</occluded><attributes></attributes><parts><hasparts></hasparts><ispartof></ispartof></parts><date>25-08-20 21:31:06:378</date><id>0</id><type>bounding_box</type><polygon><username>anonymous</username><pt><x>121</x><y>57</y><time>25-08-20 21:31:00:540</time></pt><pt><x>2721</x><y>57</y><time>25-08-20 21:31:03:141</time></pt><pt><x>2721</x><y>1893</y><time>undefined</time></pt><pt><x>121</x><y>1893</y><time>undefined</time></pt><closed_date>25-08-20 21:31:03:142</closed_date></polygon></object></annotation>