<annotation><filename>m4_s02_015_p_nic023.jpg</filename><folder>users/joselusava//m4_js/caca</folder><source><submittedBy>Jose Saca</submittedBy></source><imagesize><nrows>2910</nrows><ncols>4361</ncols></imagesize><object><name>m4_s02_015_p_nic023</name><deleted>0</deleted><verified>0</verified><occluded>no</occluded><attributes></attributes><parts><hasparts></hasparts><ispartof></ispartof></parts><date>02-11-20 21:12:00:413</date><id>0</id><type>bounding_box</type><polygon><username>anonymous</username><pt><x>4126</x><y>1123</y><time>02-11-20 21:11:58:540</time></pt><pt><x>2768</x><y>1123</y><time>02-11-20 21:11:59:843</time></pt><pt><x>2768</x><y>2873</y><time>undefined</time></pt><pt><x>4126</x><y>2873</y><time>undefined</time></pt><closed_date>02-11-20 21:11:59:843</closed_date></polygon></object></annotation>