<annotation><filename>m4_s10_164_p_ic008.jpg</filename><folder>users/joselusava//santiago_2</folder><source><submittedBy>Jose Saca</submittedBy></source><imagesize><nrows>2970</nrows><ncols>4451</ncols></imagesize><object><name>m4_s10_164_p_ic008</name><deleted>0</deleted><verified>0</verified><occluded>no</occluded><attributes></attributes><parts><hasparts></hasparts><ispartof></ispartof></parts><date>13-10-20 22:04:42:518</date><id>0</id><type>bounding_box</type><polygon><username>anonymous</username><pt><x>1860</x><y>1096</y><time>13-10-20 22:04:38:438</time></pt><pt><x>2463</x><y>1096</y><time>13-10-20 22:04:39:518</time></pt><pt><x>2463</x><y>1846</y><time>undefined</time></pt><pt><x>1860</x><y>1846</y><time>undefined</time></pt><closed_date>13-10-20 22:04:39:519</closed_date></polygon></object></annotation>