<annotation><filename>m2_s06_244_p_ic093.jpg</filename><folder>users/joselusava//museos2020</folder><source><submittedBy>Jose Saca</submittedBy></source><imagesize><nrows>2910</nrows><ncols>4361</ncols></imagesize><object><name>m2_s06_244_p_ic093</name><deleted>0</deleted><verified>0</verified><occluded>no</occluded><attributes></attributes><parts><hasparts></hasparts><ispartof></ispartof></parts><date>23-09-20 09:27:24:608</date><id>0</id><type>bounding_box</type><polygon><username>anonymous</username><pt><x>86</x><y>624</y><time>23-09-20 09:27:12:453</time></pt><pt><x>4028</x><y>624</y><time>23-09-20 09:27:15:068</time></pt><pt><x>4028</x><y>2544</y><time>undefined</time></pt><pt><x>86</x><y>2544</y><time>undefined</time></pt><closed_date>23-09-20 09:27:15:069</closed_date></polygon></object></annotation>