<annotation><filename>m2_s06_250_p_ic044.jpg</filename><folder>users/joselusava//valeria/m2_sala06_250_ic</folder><source><submittedBy>Jose Saca</submittedBy></source><imagesize><nrows>2910</nrows><ncols>4361</ncols></imagesize><object><name>m2_s06_250_p_ic044</name><deleted>0</deleted><verified>0</verified><occluded>no</occluded><attributes></attributes><parts><hasparts></hasparts><ispartof></ispartof></parts><date>30-09-20 23:32:34:254</date><id>0</id><type>bounding_box</type><polygon><username>anonymous</username><pt><x>3290</x><y>2701</y><time>30-09-20 23:32:26:980</time></pt><pt><x>176</x><y>2701</y><time>30-09-20 23:32:29:698</time></pt><pt><x>176</x><y>502</y><time>undefined</time></pt><pt><x>3290</x><y>502</y><time>undefined</time></pt><closed_date>30-09-20 23:32:29:699</closed_date></polygon></object></annotation>