<annotation><filename>m1_s02_065_p_nic096.jpg</filename><folder>users/joselusava//valeria/sala2_065_nic</folder><source><submittedBy>Jose Saca</submittedBy></source><imagesize><nrows>2000</nrows><ncols>2992</ncols></imagesize><object><name>m1_s02_065_p_nic096</name><deleted>0</deleted><verified>0</verified><occluded>no</occluded><attributes></attributes><parts><hasparts></hasparts><ispartof></ispartof></parts><date>28-08-20 00:46:21:922</date><id>0</id><type>bounding_box</type><polygon><username>anonymous</username><pt><x>1624</x><y>1416</y><time>28-08-20 00:46:16:733</time></pt><pt><x>121</x><y>1416</y><time>28-08-20 00:46:19:001</time></pt><pt><x>121</x><y>668</y><time>undefined</time></pt><pt><x>1624</x><y>668</y><time>undefined</time></pt><closed_date>28-08-20 00:46:19:002</closed_date></polygon></object></annotation>