<annotation><filename>m1_s01_004_p_nic020.jpg</filename><folder>users/joselusava//valeria_apoyo/sala01_004_nic</folder><source><submittedBy>Jose Saca</submittedBy></source><imagesize><nrows>3200</nrows><ncols>4800</ncols></imagesize><object><name>m1_s01_004_p_nic020</name><deleted>0</deleted><verified>0</verified><occluded>no</occluded><attributes></attributes><parts><hasparts></hasparts><ispartof></ispartof></parts><date>16-09-20 18:10:38:679</date><id>0</id><type>bounding_box</type><polygon><username>anonymous</username><pt><x>4782</x><y>3164</y><time>16-09-20 18:10:30:881</time></pt><pt><x>12</x><y>3164</y><time>16-09-20 18:10:34:698</time></pt><pt><x>12</x><y>1800</y><time>undefined</time></pt><pt><x>4782</x><y>1800</y><time>undefined</time></pt><closed_date>16-09-20 18:10:34:700</closed_date></polygon></object></annotation>