<annotation><filename>m2_s02_129_p_nic004.jpg</filename><folder>users/joselusava//m2_jsv/129/nic</folder><source><submittedBy>Jose Saca</submittedBy></source><imagesize><nrows>2910</nrows><ncols>4361</ncols></imagesize><object><name>m2_s02_129_p_nic004</name><deleted>0</deleted><verified>0</verified><occluded>no</occluded><attributes></attributes><parts><hasparts></hasparts><ispartof></ispartof></parts><date>24-09-20 19:44:51:877</date><id>0</id><type>bounding_box</type><polygon><username>anonymous</username><pt><x>3900</x><y>1837</y><time>24-09-20 19:44:49:557</time></pt><pt><x>2829</x><y>1837</y><time>24-09-20 19:44:50:996</time></pt><pt><x>2829</x><y>714</y><time>undefined</time></pt><pt><x>3900</x><y>714</y><time>undefined</time></pt><closed_date>24-09-20 19:44:50:996</closed_date></polygon></object></annotation>