<annotation><filename>m1_s06_186_p_ic048.jpg</filename><folder>users/joselusava//jacob_2/186ic</folder><source><submittedBy>Jose Saca</submittedBy></source><imagesize><nrows>2736</nrows><ncols>4100</ncols></imagesize><object><name>s06_186_p_ic048</name><deleted>0</deleted><verified>0</verified><occluded>no</occluded><attributes></attributes><parts><hasparts></hasparts><ispartof></ispartof></parts><date>09-09-20 11:34:37:205</date><id>0</id><type>bounding_box</type><polygon><username>anonymous</username><pt><x>908</x><y>2594</y><time>09-09-20 11:34:34:995</time></pt><pt><x>2782</x><y>2594</y><time>09-09-20 11:34:36:473</time></pt><pt><x>2782</x><y>164</y><time>undefined</time></pt><pt><x>908</x><y>164</y><time>undefined</time></pt><closed_date>09-09-20 11:34:36:473</closed_date></polygon></object></annotation>