<annotation><filename>img_m1_s03-04_101_p_ic045.jpg</filename><folder>users/joselusava//valeria/sala3y4_101_ic</folder><source><submittedBy>Jose Saca</submittedBy></source><imagesize><nrows>3200</nrows><ncols>4800</ncols></imagesize><object><name>m1_s03_s04_101_p_ic045</name><deleted>0</deleted><verified>0</verified><occluded>no</occluded><attributes></attributes><parts><hasparts></hasparts><ispartof></ispartof></parts><date>29-08-20 00:11:46:255</date><id>0</id><type>bounding_box</type><polygon><username>anonymous</username><pt><x>4746</x><y>3179</y><time>29-08-20 00:11:38:089</time></pt><pt><x>569</x><y>3179</y><time>29-08-20 00:11:41:775</time></pt><pt><x>569</x><y>591</y><time>undefined</time></pt><pt><x>4746</x><y>591</y><time>undefined</time></pt><closed_date>29-08-20 00:11:41:776</closed_date></polygon></object></annotation>