<annotation><filename>m1_s02_052_p_ic081.jpg</filename><folder>users/joselusava//valeria/sala2_052_ic</folder><source><submittedBy>Jose Saca</submittedBy></source><imagesize><nrows>3200</nrows><ncols>4800</ncols></imagesize><object><name>m1_s02_052_p_ic081</name><deleted>0</deleted><verified>0</verified><occluded>no</occluded><attributes></attributes><parts><hasparts></hasparts><ispartof></ispartof></parts><date>25-08-20 19:46:27:668</date><id>0</id><type>bounding_box</type><polygon><username>anonymous</username><pt><x>607</x><y>5</y><time>25-08-20 19:46:08:278</time></pt><pt><x>4199</x><y>5</y><time>25-08-20 19:46:11:443</time></pt><pt><x>4199</x><y>3173</y><time>undefined</time></pt><pt><x>607</x><y>3173</y><time>undefined</time></pt><closed_date>25-08-20 19:46:11:445</closed_date></polygon></object></annotation>