<annotation><filename>m4_s11_178_p_nic068.jpg</filename><folder>users/joselusava//santiago_2</folder><source><submittedBy>Jose Saca</submittedBy></source><imagesize><nrows>2970</nrows><ncols>4451</ncols></imagesize><object><name>m4_s11_178_p_nic068</name><deleted>0</deleted><verified>0</verified><occluded>no</occluded><attributes></attributes><parts><hasparts></hasparts><ispartof></ispartof></parts><date>16-10-20 11:29:44:185</date><id>0</id><type>bounding_box</type><polygon><username>anonymous</username><pt><x>571</x><y>810</y><time>16-10-20 11:29:41:033</time></pt><pt><x>1574</x><y>810</y><time>16-10-20 11:29:42:385</time></pt><pt><x>1574</x><y>2028</y><time>undefined</time></pt><pt><x>571</x><y>2028</y><time>undefined</time></pt><closed_date>16-10-20 11:29:42:386</closed_date></polygon></object></annotation>