<annotation><filename>m4_s05_055_p_nic019.jpg</filename><folder>users/joselusava//valeria/m4_s05_055_nic</folder><source><submittedBy>Jose Saca</submittedBy></source><imagesize><nrows>2910</nrows><ncols>4361</ncols></imagesize><object><name>m4_s05_055_p_nic019</name><deleted>0</deleted><verified>0</verified><occluded>no</occluded><attributes></attributes><parts><hasparts></hasparts><ispartof></ispartof></parts><date>09-10-20 16:23:07:244</date><id>0</id><type>bounding_box</type><polygon><username>anonymous</username><pt><x>342</x><y>2838</y><time>09-10-20 16:22:58:604</time></pt><pt><x>1890</x><y>2838</y><time>09-10-20 16:23:01:767</time></pt><pt><x>1890</x><y>1218</y><time>undefined</time></pt><pt><x>342</x><y>1218</y><time>undefined</time></pt><closed_date>09-10-20 16:23:01:768</closed_date></polygon></object></annotation>