<annotation><filename>m4_s10_170_x.jpg</filename><folder>users/joselusava//kath/m4_x</folder><source><submittedBy>Jose Saca</submittedBy></source><imagesize><nrows>2970</nrows><ncols>4451</ncols></imagesize><object><name>m4_s10_170_x</name><deleted>0</deleted><verified>0</verified><occluded>no</occluded><attributes></attributes><parts><hasparts></hasparts><ispartof></ispartof></parts><date>21-10-20 12:21:19:345</date><id>0</id><type>bounding_box</type><polygon><username>anonymous</username><pt><x>1004</x><y>96</y><time>21-10-20 12:21:15:108</time></pt><pt><x>3085</x><y>96</y><time>21-10-20 12:21:16:982</time></pt><pt><x>3085</x><y>2735</y><time>undefined</time></pt><pt><x>1004</x><y>2735</y><time>undefined</time></pt><closed_date>21-10-20 12:21:16:984</closed_date></polygon></object></annotation>