<annotation><filename>m2_s06_244_p_nic080.jpg</filename><folder>users/joselusava//museos2020</folder><source><submittedBy>Jose Saca</submittedBy></source><imagesize><nrows>2910</nrows><ncols>4361</ncols></imagesize><object><name>m2_s06_244_p_ic080</name><deleted>0</deleted><verified>0</verified><occluded>no</occluded><attributes></attributes><parts><hasparts></hasparts><ispartof></ispartof></parts><date>26-09-20 21:54:48:186</date><id>0</id><type>bounding_box</type><polygon><username>anonymous</username><pt><x>2106</x><y>1692</y><time>26-09-20 21:54:39:539</time></pt><pt><x>3858</x><y>1692</y><time>26-09-20 21:54:41:697</time></pt><pt><x>3858</x><y>2543</y><time>undefined</time></pt><pt><x>2106</x><y>2543</y><time>undefined</time></pt><closed_date>26-09-20 21:54:41:698</closed_date></polygon></object></annotation>