<annotation><filename>m1_s01_005_p_nic058.jpg</filename><folder>users/joselusava//museos2020</folder><source><submittedBy>Jose Saca</submittedBy></source><imagesize><nrows>2000</nrows><ncols>2992</ncols></imagesize><object><name>m1_s01_005_p_nic058</name><deleted>0</deleted><verified>0</verified><occluded>no</occluded><attributes></attributes><parts><hasparts></hasparts><ispartof></ispartof></parts><date>14-09-20 11:20:08:231</date><id>0</id><type>bounding_box</type><polygon><username>anonymous</username><pt><x>1732</x><y>1502</y><time>14-09-20 11:19:58:896</time></pt><pt><x>2000</x><y>1502</y><time>14-09-20 11:20:00:685</time></pt><pt><x>2000</x><y>1859</y><time>undefined</time></pt><pt><x>1732</x><y>1859</y><time>undefined</time></pt><closed_date>14-09-20 11:20:00:686</closed_date></polygon></object></annotation>