<annotation><filename>m2_s06_250_p_ic006.jpg</filename><folder>users/joselusava//valeria/m2_sala06_250_ic</folder><source><submittedBy>Jose Saca</submittedBy></source><imagesize><nrows>2910</nrows><ncols>4361</ncols></imagesize><object><name>m2_s06_250_p_ic006</name><deleted>0</deleted><verified>0</verified><occluded>no</occluded><attributes></attributes><parts><hasparts></hasparts><ispartof></ispartof></parts><date>30-09-20 22:06:07:287</date><id>0</id><type>bounding_box</type><polygon><username>anonymous</username><pt><x>176</x><y>1637</y><time>30-09-20 22:06:01:634</time></pt><pt><x>4067</x><y>1637</y><time>30-09-20 22:06:03:456</time></pt><pt><x>4067</x><y>942</y><time>undefined</time></pt><pt><x>176</x><y>942</y><time>undefined</time></pt><closed_date>30-09-20 22:06:03:458</closed_date></polygon></object></annotation>