<annotation><filename>m3_s01_002_p_nic063.jpg</filename><folder>users/joselusava//santiago_3</folder><source><submittedBy>Jose Saca</submittedBy></source><imagesize><nrows>2970</nrows><ncols>4451</ncols></imagesize><object><name>m3_s01_002_p_nic063</name><deleted>0</deleted><verified>0</verified><occluded>no</occluded><attributes></attributes><parts><hasparts></hasparts><ispartof></ispartof></parts><date>29-10-20 20:55:39:559</date><id>0</id><type>bounding_box</type><polygon><username>anonymous</username><pt><x>1385</x><y>318</y><time>29-10-20 20:55:34:793</time></pt><pt><x>3116</x><y>318</y><time>29-10-20 20:55:35:844</time></pt><pt><x>3116</x><y>1921</y><time>undefined</time></pt><pt><x>1385</x><y>1921</y><time>undefined</time></pt><closed_date>29-10-20 20:55:35:845</closed_date></polygon></object></annotation>