<annotation><filename>m1_s01_001_p_ic063.jpg</filename><folder>users/joselusava//juancarlos</folder><source><submittedBy>Jose Saca</submittedBy></source><imagesize><nrows>2000</nrows><ncols>2992</ncols></imagesize><object><name>m1_s01_001_p_ic063</name><deleted>0</deleted><verified>0</verified><occluded>no</occluded><attributes></attributes><parts><hasparts></hasparts><ispartof></ispartof></parts><date>01-09-20 09:34:36:781</date><id>0</id><type>bounding_box</type><polygon><username>anonymous</username><pt><x>970</x><y>830</y><time>01-09-20 09:34:22:623</time></pt><pt><x>2061</x><y>830</y><time>01-09-20 09:34:27:474</time></pt><pt><x>2061</x><y>1481</y><time>undefined</time></pt><pt><x>970</x><y>1481</y><time>undefined</time></pt><closed_date>01-09-20 09:34:27:476</closed_date></polygon></object></annotation>