<annotation><filename>m4_s10_154_p_nic061.jpg</filename><folder>users/joselusava//valeria/m04_s10_154_nic</folder><source><submittedBy>Jose Saca</submittedBy></source><imagesize><nrows>2970</nrows><ncols>4451</ncols></imagesize><object><name>m4_s10_154_p_nic061</name><deleted>0</deleted><verified>0</verified><occluded>no</occluded><attributes></attributes><parts><hasparts></hasparts><ispartof></ispartof></parts><date>14-10-20 13:20:24:598</date><id>0</id><type>bounding_box</type><polygon><username>anonymous</username><pt><x>1970</x><y>1656</y><time>14-10-20 13:20:06:056</time></pt><pt><x>1182</x><y>1656</y><time>14-10-20 13:20:07:663</time></pt><pt><x>1182</x><y>183</y><time>undefined</time></pt><pt><x>1970</x><y>183</y><time>undefined</time></pt><closed_date>14-10-20 13:20:07:663</closed_date></polygon></object></annotation>