<annotation><filename>m4_s05_055_p_nic075.jpg</filename><folder>users/joselusava//valeria/m4_s05_055_nic</folder><source><submittedBy>Jose Saca</submittedBy></source><imagesize><nrows>2910</nrows><ncols>4361</ncols></imagesize><object><name>m4_s05_055_p_nic075</name><deleted>0</deleted><verified>0</verified><occluded>no</occluded><attributes></attributes><parts><hasparts></hasparts><ispartof></ispartof></parts><date>09-10-20 18:07:41:297</date><id>0</id><type>bounding_box</type><polygon><username>anonymous</username><pt><x>243</x><y>568</y><time>09-10-20 18:07:36:006</time></pt><pt><x>1582</x><y>568</y><time>09-10-20 18:07:38:159</time></pt><pt><x>1582</x><y>2133</y><time>undefined</time></pt><pt><x>243</x><y>2133</y><time>undefined</time></pt><closed_date>09-10-20 18:07:38:159</closed_date></polygon></object></annotation>