<annotation><filename>m4_s05_052_p_nic049.jpg</filename><folder>users/joselusava//santiago_2</folder><source><submittedBy>Jose Saca</submittedBy></source><imagesize><nrows>2910</nrows><ncols>4361</ncols></imagesize><object><name>m4_s05_052_p_nic049</name><deleted>0</deleted><verified>0</verified><occluded>no</occluded><attributes></attributes><parts><hasparts></hasparts><ispartof></ispartof></parts><date>08-10-20 21:30:13:654</date><id>0</id><type>bounding_box</type><polygon><username>anonymous</username><pt><x>2096</x><y>301</y><time>08-10-20 21:30:10:085</time></pt><pt><x>3236</x><y>301</y><time>08-10-20 21:30:11:343</time></pt><pt><x>3236</x><y>1711</y><time>undefined</time></pt><pt><x>2096</x><y>1711</y><time>undefined</time></pt><closed_date>08-10-20 21:30:11:344</closed_date></polygon></object></annotation>