<annotation><filename>m4_s04_047_p_nic054.jpg</filename><folder>users/joselusava//kath/kath_m4_047/nic</folder><source><submittedBy>Jose Saca</submittedBy></source><imagesize><nrows>2970</nrows><ncols>4451</ncols></imagesize><object><name>m4_s04_047_p_nic054</name><deleted>0</deleted><verified>0</verified><occluded>no</occluded><attributes></attributes><parts><hasparts></hasparts><ispartof></ispartof></parts><date>24-10-20 19:09:02:379</date><id>0</id><type>bounding_box</type><polygon><username>anonymous</username><pt><x>2650</x><y>1099</y><time>24-10-20 19:08:52:636</time></pt><pt><x>3423</x><y>1099</y><time>24-10-20 19:08:55:421</time></pt><pt><x>3423</x><y>2624</y><time>undefined</time></pt><pt><x>2650</x><y>2624</y><time>undefined</time></pt><closed_date>24-10-20 19:08:55:423</closed_date></polygon></object></annotation>