<annotation><filename>m2_s01_001_p_nic039.jpg</filename><folder>users/joselusava//santiago</folder><source><submittedBy>Jose Saca</submittedBy></source><imagesize><nrows>2850</nrows><ncols>4271</ncols></imagesize><object><name>m2_s01_001_p_nic039</name><deleted>0</deleted><verified>0</verified><occluded>no</occluded><attributes></attributes><parts><hasparts></hasparts><ispartof></ispartof></parts><date>19-09-20 22:34:01:471</date><id>0</id><type>bounding_box</type><polygon><username>anonymous</username><pt><x>2308</x><y>539</y><time>19-09-20 22:33:52:373</time></pt><pt><x>3873</x><y>539</y><time>19-09-20 22:33:53:928</time></pt><pt><x>3873</x><y>1949</y><time>undefined</time></pt><pt><x>2308</x><y>1949</y><time>undefined</time></pt><closed_date>19-09-20 22:33:53:930</closed_date></polygon></object></annotation>