<annotation><filename>m2_s03_201_p_nic044.jpg</filename><folder>users/joselusava//valeria/m2_sala03_201_nic</folder><source><submittedBy>Jose Saca</submittedBy></source><imagesize><nrows>2910</nrows><ncols>4361</ncols></imagesize><object><name>m2_s03_201_p_nic044</name><deleted>0</deleted><verified>0</verified><occluded>no</occluded><attributes></attributes><parts><hasparts></hasparts><ispartof></ispartof></parts><date>29-09-20 23:19:39:888</date><id>0</id><type>bounding_box</type><polygon><username>anonymous</username><pt><x>2293</x><y>1946</y><time>29-09-20 23:19:33:487</time></pt><pt><x>4056</x><y>1946</y><time>29-09-20 23:19:35:737</time></pt><pt><x>4056</x><y>72</y><time>undefined</time></pt><pt><x>2293</x><y>72</y><time>undefined</time></pt><closed_date>29-09-20 23:19:35:738</closed_date></polygon></object></annotation>