<annotation><filename>m4_s02_015_p_nic010.jpg</filename><folder>users/joselusava//m4_js/15nic</folder><source><submittedBy>Jose Saca</submittedBy></source><imagesize><nrows>2910</nrows><ncols>4361</ncols></imagesize><object><name>m4_s02_015_p_nic010</name><deleted>0</deleted><verified>0</verified><occluded>no</occluded><attributes></attributes><parts><hasparts></hasparts><ispartof></ispartof></parts><date>06-10-20 19:37:55:022</date><id>0</id><type>bounding_box</type><polygon><username>anonymous</username><pt><x>1027</x><y>1332</y><time>06-10-20 19:37:52:447</time></pt><pt><x>1976</x><y>1332</y><time>06-10-20 19:37:54:135</time></pt><pt><x>1976</x><y>148</y><time>undefined</time></pt><pt><x>1027</x><y>148</y><time>undefined</time></pt><closed_date>06-10-20 19:37:54:135</closed_date></polygon></object></annotation>