<annotation><filename>m1_s02_065_p_ic073.jpg</filename><folder>users/joselusava//valeria/sala2_065_ic</folder><source><submittedBy>Jose Saca</submittedBy></source><imagesize><nrows>2000</nrows><ncols>2992</ncols></imagesize><object><name>m1_s02_065_p_ic073</name><deleted>0</deleted><verified>0</verified><occluded>no</occluded><attributes></attributes><parts><hasparts></hasparts><ispartof></ispartof></parts><date>26-08-20 00:52:53:650</date><id>0</id><type>bounding_box</type><polygon><username>anonymous</username><pt><x>64</x><y>302</y><time>26-08-20 00:52:47:035</time></pt><pt><x>2695</x><y>302</y><time>26-08-20 00:52:49:757</time></pt><pt><x>2695</x><y>1779</y><time>undefined</time></pt><pt><x>64</x><y>1779</y><time>undefined</time></pt><closed_date>26-08-20 00:52:49:757</closed_date></polygon></object></annotation>