<annotation><filename>m3_s01_002_p_nic066.jpg</filename><folder>users/joselusava//santiago_3</folder><source><submittedBy>Jose Saca</submittedBy></source><imagesize><nrows>2970</nrows><ncols>4451</ncols></imagesize><object><name>m3_s01_002_p_nic066</name><deleted>0</deleted><verified>0</verified><occluded>no</occluded><attributes></attributes><parts><hasparts></hasparts><ispartof></ispartof></parts><date>29-10-20 20:57:26:839</date><id>0</id><type>bounding_box</type><polygon><username>anonymous</username><pt><x>732</x><y>428</y><time>29-10-20 20:57:23:843</time></pt><pt><x>2631</x><y>428</y><time>29-10-20 20:57:24:804</time></pt><pt><x>2631</x><y>1828</y><time>undefined</time></pt><pt><x>732</x><y>1828</y><time>undefined</time></pt><closed_date>29-10-20 20:57:24:805</closed_date></polygon></object></annotation>