<annotation><filename>m4_s05_048_x.jpg</filename><folder>users/joselusava//kath/m4_x</folder><source><submittedBy>Jose Saca</submittedBy></source><imagesize><nrows>2910</nrows><ncols>4361</ncols></imagesize><object><name>m4_s05_048_x</name><deleted>0</deleted><verified>0</verified><occluded>no</occluded><attributes></attributes><parts><hasparts></hasparts><ispartof></ispartof></parts><date>20-10-20 09:21:37:141</date><id>0</id><polygon><username>anonymous</username><pt><x>1003</x><y>165</y><time>20-10-20 09:21:25:607</time></pt><pt><x>3065</x><y>287</y><time>20-10-20 09:21:26:629</time></pt><pt><x>3155</x><y>2637</y><time>20-10-20 09:21:31:303</time></pt><pt><x>1158</x><y>2510</y><time>20-10-20 09:21:32:615</time></pt><closed_date>20-10-20 09:21:34:360</closed_date></polygon></object></annotation>