<annotation><filename>m1_s01_004_p_nic008.jpg</filename><folder>users/joselusava//valeria_apoyo/sala01_004_nic</folder><source><submittedBy>Jose Saca</submittedBy></source><imagesize><nrows>3200</nrows><ncols>4800</ncols></imagesize><object><name>m1_s01_004_p_nic008</name><deleted>0</deleted><verified>0</verified><occluded>no</occluded><attributes></attributes><parts><hasparts></hasparts><ispartof></ispartof></parts><date>16-09-20 17:49:06:465</date><id>0</id><type>bounding_box</type><polygon><username>anonymous</username><pt><x>3915</x><y>1085</y><time>16-09-20 17:48:59:658</time></pt><pt><x>782</x><y>1085</y><time>16-09-20 17:49:02:439</time></pt><pt><x>782</x><y>521</y><time>undefined</time></pt><pt><x>3915</x><y>521</y><time>undefined</time></pt><closed_date>16-09-20 17:49:02:440</closed_date></polygon></object></annotation>