<annotation><filename>img_m1_s10_303_p_nic017.jpg</filename><folder>users/joselusava//santiago</folder><source><submittedBy>Jose Saca</submittedBy></source><imagesize><nrows>3200</nrows><ncols>4800</ncols></imagesize><object><name>m1_s10_303_p_nic017</name><deleted>0</deleted><verified>0</verified><occluded>no</occluded><attributes></attributes><parts><hasparts></hasparts><ispartof></ispartof></parts><date>01-09-20 19:58:04:512</date><id>0</id><type>bounding_box</type><polygon><username>anonymous</username><pt><x>227</x><y>2120</y><time>01-09-20 19:57:55:121</time></pt><pt><x>1854</x><y>2120</y><time>01-09-20 19:57:57:092</time></pt><pt><x>1854</x><y>3024</y><time>undefined</time></pt><pt><x>227</x><y>3024</y><time>undefined</time></pt><closed_date>01-09-20 19:57:57:092</closed_date></polygon></object></annotation>