<annotation><filename>m1_s02_036_p_ic040.jpg</filename><folder>users/joselusava//valeria/sala2_036_ic</folder><source><submittedBy>Jose Saca</submittedBy></source><imagesize><nrows>3200</nrows><ncols>4800</ncols></imagesize><object><name>m1_s01_036_p_ic040</name><deleted>0</deleted><verified>0</verified><occluded>no</occluded><attributes></attributes><parts><hasparts></hasparts><ispartof></ispartof></parts><date>23-08-20 21:36:48:253</date><id>0</id><type>bounding_box</type><polygon><username>anonymous</username><pt><x>1283</x><y>279</y><time>23-08-20 21:35:59:061</time></pt><pt><x>3393</x><y>279</y><time>23-08-20 21:36:06:965</time></pt><pt><x>3393</x><y>3200</y><time>undefined</time></pt><pt><x>1283</x><y>3200</y><time>undefined</time></pt><closed_date>23-08-20 21:36:06:967</closed_date></polygon></object></annotation>