<annotation><filename>m2_s03_248_p_nic055.jpg</filename><folder>users/joselusava//museos2020</folder><source><submittedBy>Jose Saca</submittedBy></source><imagesize><nrows>2910</nrows><ncols>4361</ncols></imagesize><object><name>m2_s03_248_p_nic055</name><deleted>0</deleted><verified>0</verified><occluded>no</occluded><attributes></attributes><parts><hasparts></hasparts><ispartof></ispartof></parts><date>27-09-20 17:18:24:545</date><id>0</id><polygon><username>anonymous</username><pt><x>390</x><y>1232</y><time>27-09-20 17:18:12:793</time></pt><pt><x>2431</x><y>1223</y><time>27-09-20 17:18:13:749</time></pt><pt><x>1906</x><y>1901</y><time>27-09-20 17:18:14:686</time></pt><pt><x>191</x><y>1483</y><time>27-09-20 17:18:15:518</time></pt><closed_date>27-09-20 17:18:16:038</closed_date></polygon></object></annotation>