<annotation><filename>m2_s01_018_p_ic046.jpg</filename><folder>users/joselusava//santiago_2</folder><source><submittedBy>Jose Saca</submittedBy></source><imagesize><nrows>2850</nrows><ncols>4271</ncols></imagesize><object><name>m2_s01_018_p_ic046</name><deleted>0</deleted><verified>0</verified><occluded>no</occluded><attributes></attributes><parts><hasparts></hasparts><ispartof></ispartof></parts><date>28-09-20 16:32:55:397</date><id>0</id><type>bounding_box</type><polygon><username>anonymous</username><pt><x>1638</x><y>891</y><time>28-09-20 16:32:48:227</time></pt><pt><x>2693</x><y>891</y><time>28-09-20 16:32:49:614</time></pt><pt><x>2693</x><y>2154</y><time>undefined</time></pt><pt><x>1638</x><y>2154</y><time>undefined</time></pt><closed_date>28-09-20 16:32:49:615</closed_date></polygon></object></annotation>