<annotation><filename>m4_s11_178_p_nic055.jpg</filename><folder>users/joselusava//santiago_2</folder><source><submittedBy>Jose Saca</submittedBy></source><imagesize><nrows>2970</nrows><ncols>4451</ncols></imagesize><object><name>m4_s11_178_p_nic055</name><deleted>0</deleted><verified>0</verified><occluded>no</occluded><attributes></attributes><parts><hasparts></hasparts><ispartof></ispartof></parts><date>16-10-20 09:36:48:209</date><id>0</id><type>bounding_box</type><polygon><username>anonymous</username><pt><x>493</x><y>800</y><time>16-10-20 09:36:43:985</time></pt><pt><x>1663</x><y>800</y><time>16-10-20 09:36:46:062</time></pt><pt><x>1663</x><y>1913</y><time>undefined</time></pt><pt><x>493</x><y>1913</y><time>undefined</time></pt><closed_date>16-10-20 09:36:46:064</closed_date></polygon></object></annotation>