<annotation><filename>m1_s06_186_p_ic017.jpg</filename><folder>users/joselusava//jacob_2/186ic</folder><source><submittedBy>Jose Saca</submittedBy></source><imagesize><nrows>2736</nrows><ncols>4100</ncols></imagesize><object><name>s06_186_p_ic017</name><deleted>0</deleted><verified>0</verified><occluded>no</occluded><attributes></attributes><parts><hasparts></hasparts><ispartof></ispartof></parts><date>09-09-20 11:23:10:596</date><id>0</id><type>bounding_box</type><polygon><username>anonymous</username><pt><x>966</x><y>2701</y><time>09-09-20 11:23:08:178</time></pt><pt><x>3486</x><y>2701</y><time>09-09-20 11:23:09:820</time></pt><pt><x>3486</x><y>57</y><time>undefined</time></pt><pt><x>966</x><y>57</y><time>undefined</time></pt><closed_date>09-09-20 11:23:09:820</closed_date></polygon></object></annotation>