<annotation><filename>m1_s02_065_p_ic076.jpg</filename><folder>users/joselusava//valeria/sala2_065_ic</folder><source><submittedBy>Jose Saca</submittedBy></source><imagesize><nrows>2000</nrows><ncols>2992</ncols></imagesize><object><name>m1_s02_065_p_ic076</name><deleted>0</deleted><verified>0</verified><occluded>no</occluded><attributes></attributes><parts><hasparts></hasparts><ispartof></ispartof></parts><date>26-08-20 00:57:22:715</date><id>0</id><type>bounding_box</type><polygon><username>anonymous</username><pt><x>174</x><y>205</y><time>26-08-20 00:57:16:604</time></pt><pt><x>2745</x><y>205</y><time>26-08-20 00:57:18:613</time></pt><pt><x>2745</x><y>1789</y><time>undefined</time></pt><pt><x>174</x><y>1789</y><time>undefined</time></pt><closed_date>26-08-20 00:57:18:614</closed_date></polygon></object></annotation>