<annotation><filename>m2_s01_056_p_nic010.jpg</filename><folder>users/joselusava//m2_jsv/56/nic</folder><source><submittedBy>Jose Saca</submittedBy></source><imagesize><nrows>2850</nrows><ncols>4271</ncols></imagesize><object><name>m2_s01_056_p_nic010</name><deleted>0</deleted><verified>0</verified><occluded>no</occluded><attributes></attributes><parts><hasparts></hasparts><ispartof></ispartof></parts><date>28-09-20 22:03:37:759</date><id>0</id><type>bounding_box</type><polygon><username>anonymous</username><pt><x>2242</x><y>1647</y><time>28-09-20 22:03:34:801</time></pt><pt><x>688</x><y>1647</y><time>28-09-20 22:03:36:583</time></pt><pt><x>688</x><y>17</y><time>undefined</time></pt><pt><x>2242</x><y>17</y><time>undefined</time></pt><closed_date>28-09-20 22:03:36:583</closed_date></polygon></object></annotation>