<annotation><filename>m2_s07_264_p_nic036.jpg</filename><folder>users/joselusava//valeria/sala7_264_nic</folder><source><submittedBy>Jose Saca</submittedBy></source><imagesize><nrows>2910</nrows><ncols>4361</ncols></imagesize><object><name>m2_s07_264_p_nic036</name><deleted>0</deleted><verified>0</verified><occluded>no</occluded><attributes></attributes><parts><hasparts></hasparts><ispartof></ispartof></parts><date>23-09-20 20:02:08:295</date><id>0</id><type>bounding_box</type><polygon><username>anonymous</username><pt><x>165</x><y>2039</y><time>23-09-20 20:02:03:390</time></pt><pt><x>1554</x><y>2039</y><time>23-09-20 20:02:05:531</time></pt><pt><x>1554</x><y>353</y><time>undefined</time></pt><pt><x>165</x><y>353</y><time>undefined</time></pt><closed_date>23-09-20 20:02:05:532</closed_date></polygon></object></annotation>