<annotation><filename>m4_s05_055_p_nic009.jpg</filename><folder>users/joselusava//valeria/m4_s05_055_nic</folder><source><submittedBy>Jose Saca</submittedBy></source><imagesize><nrows>2910</nrows><ncols>4361</ncols></imagesize><object><name>m4_s05_055_p_nic009</name><deleted>0</deleted><verified>0</verified><occluded>no</occluded><attributes></attributes><parts><hasparts></hasparts><ispartof></ispartof></parts><date>09-10-20 15:36:03:753</date><id>0</id><type>bounding_box</type><polygon><username>anonymous</username><pt><x>3175</x><y>1670</y><time>09-10-20 15:35:56:974</time></pt><pt><x>1664</x><y>1670</y><time>09-10-20 15:35:59:465</time></pt><pt><x>1664</x><y>182</y><time>undefined</time></pt><pt><x>3175</x><y>182</y><time>undefined</time></pt><closed_date>09-10-20 15:35:59:467</closed_date></polygon></object></annotation>