<annotation><filename>m2_s02_190_p_ic002.jpg</filename><folder>users/joselusava//m2_jsv/190/ic</folder><source><submittedBy>Jose Saca</submittedBy></source><imagesize><nrows>2910</nrows><ncols>4361</ncols></imagesize><object><name>m2_s02_190_p_ic002</name><deleted>0</deleted><verified>0</verified><occluded>no</occluded><attributes></attributes><parts><hasparts></hasparts><ispartof></ispartof></parts><date>20-09-20 17:21:33:528</date><id>0</id><type>bounding_box</type><polygon><username>anonymous</username><pt><x>2620</x><y>2254</y><time>20-09-20 17:21:31:831</time></pt><pt><x>1697</x><y>2254</y><time>20-09-20 17:21:32:953</time></pt><pt><x>1697</x><y>757</y><time>undefined</time></pt><pt><x>2620</x><y>757</y><time>undefined</time></pt><closed_date>20-09-20 17:21:32:953</closed_date></polygon></object></annotation>