<annotation><filename>m4_s05_055_p_ic046.jpg</filename><folder>users/joselusava//valeria/m4_s05_055_ic</folder><source><submittedBy>Jose Saca</submittedBy></source><imagesize><nrows>2910</nrows><ncols>4361</ncols></imagesize><object><name>m4_s05_055_p_ic046</name><deleted>0</deleted><verified>0</verified><occluded>no</occluded><attributes></attributes><parts><hasparts></hasparts><ispartof></ispartof></parts><date>08-10-20 22:26:46:333</date><id>0</id><type>bounding_box</type><polygon><username>anonymous</username><pt><x>1290</x><y>474</y><time>08-10-20 22:26:40:372</time></pt><pt><x>2949</x><y>474</y><time>08-10-20 22:26:42:922</time></pt><pt><x>2949</x><y>2397</y><time>undefined</time></pt><pt><x>1290</x><y>2397</y><time>undefined</time></pt><closed_date>08-10-20 22:26:42:923</closed_date></polygon></object></annotation>