<annotation><filename>m4_s04_037_p_nic005.jpg</filename><folder>users/joselusava//santiago_2</folder><source><submittedBy>Jose Saca</submittedBy></source><imagesize><nrows>2970</nrows><ncols>4451</ncols></imagesize><object><name>m4_s04_037_p_nic005</name><deleted>0</deleted><verified>0</verified><occluded>no</occluded><attributes></attributes><parts><hasparts></hasparts><ispartof></ispartof></parts><date>19-10-20 13:50:07:872</date><id>0</id><type>bounding_box</type><polygon><username>anonymous</username><pt><x>1135</x><y>1178</y><time>19-10-20 13:50:04:978</time></pt><pt><x>2235</x><y>1178</y><time>19-10-20 13:50:06:260</time></pt><pt><x>2235</x><y>2759</y><time>undefined</time></pt><pt><x>1135</x><y>2759</y><time>undefined</time></pt><closed_date>19-10-20 13:50:06:261</closed_date></polygon></object></annotation>