<annotation><filename>m2_s01_018_p_ic037.jpg</filename><folder>users/joselusava//santiago_2</folder><source><submittedBy>Jose Saca</submittedBy></source><imagesize><nrows>2850</nrows><ncols>4271</ncols></imagesize><object><name>m2_s01_018_p_ic037</name><deleted>0</deleted><verified>0</verified><occluded>no</occluded><attributes></attributes><parts><hasparts></hasparts><ispartof></ispartof></parts><date>28-09-20 16:22:53:086</date><id>0</id><type>bounding_box</type><polygon><username>anonymous</username><pt><x>1330</x><y>914</y><time>28-09-20 16:22:43:120</time></pt><pt><x>2763</x><y>914</y><time>28-09-20 16:22:45:705</time></pt><pt><x>2763</x><y>2594</y><time>undefined</time></pt><pt><x>1330</x><y>2594</y><time>undefined</time></pt><closed_date>28-09-20 16:22:45:705</closed_date></polygon></object></annotation>