<annotation><filename>m2_s03_201_p_ic075.jpg</filename><folder>users/joselusava//eg</folder><source><submittedBy>Jose Saca</submittedBy></source><imagesize><nrows>2910</nrows><ncols>4361</ncols></imagesize><object><name>m2_s03_201_p_ic075</name><deleted>0</deleted><verified>0</verified><occluded>no</occluded><attributes></attributes><parts><hasparts></hasparts><ispartof></ispartof></parts><date>17-09-20 07:46:31:831</date><id>0</id><type>bounding_box</type><polygon><username>anonymous</username><pt><x>1046</x><y>237</y><time>17-09-20 07:46:18:100</time></pt><pt><x>2946</x><y>237</y><time>17-09-20 07:46:21:234</time></pt><pt><x>2946</x><y>2236</y><time>undefined</time></pt><pt><x>1046</x><y>2236</y><time>undefined</time></pt><closed_date>17-09-20 07:46:21:235</closed_date></polygon></object></annotation>