<annotation><filename>m2_s01_001_p_ic046.jpg</filename><folder>users/joselusava//santiago</folder><source><submittedBy>Jose Saca</submittedBy></source><imagesize><nrows>2850</nrows><ncols>4271</ncols></imagesize><object><name>m2_s01_001_p_ic046</name><deleted>0</deleted><verified>0</verified><occluded>no</occluded><attributes></attributes><parts><hasparts></hasparts><ispartof></ispartof></parts><date>19-09-20 08:40:49:401</date><id>0</id><type>bounding_box</type><polygon><username>anonymous</username><pt><x>1161</x><y>96</y><time>19-09-20 08:40:39:629</time></pt><pt><x>3203</x><y>96</y><time>19-09-20 08:40:42:954</time></pt><pt><x>3203</x><y>2735</y><time>undefined</time></pt><pt><x>1161</x><y>2735</y><time>undefined</time></pt><closed_date>19-09-20 08:40:42:955</closed_date></polygon></object></annotation>