<annotation><filename>m3_s01_018_p_nic100.jpg</filename><folder>users/joselusava//m4_js/18/nic</folder><source><submittedBy>Jose Saca</submittedBy></source><imagesize><nrows>2970</nrows><ncols>4451</ncols></imagesize><object><name>m3_s01_018_p_nic100</name><deleted>0</deleted><verified>0</verified><occluded>no</occluded><attributes></attributes><parts><hasparts></hasparts><ispartof></ispartof></parts><date>05-11-20 18:23:47:909</date><id>0</id><type>bounding_box</type><polygon><username>anonymous</username><pt><x>10</x><y>363</y><time>05-11-20 18:23:45:157</time></pt><pt><x>3413</x><y>363</y><time>05-11-20 18:23:46:634</time></pt><pt><x>3413</x><y>2843</y><time>undefined</time></pt><pt><x>10</x><y>2843</y><time>undefined</time></pt><closed_date>05-11-20 18:23:46:635</closed_date></polygon></object></annotation>