<annotation><filename>m2_s06_250_p_nic038.jpg</filename><folder>users/joselusava//m2_jsv/250</folder><source><submittedBy>Jose Saca</submittedBy></source><imagesize><nrows>2910</nrows><ncols>4361</ncols></imagesize><object><name>m2_s06_250_p_nic038</name><deleted>0</deleted><verified>0</verified><occluded>no</occluded><attributes></attributes><parts><hasparts></hasparts><ispartof></ispartof></parts><date>30-09-20 11:38:31:706</date><id>0</id><type>bounding_box</type><polygon><username>anonymous</username><pt><x>1654</x><y>749</y><time>30-09-20 11:38:28:866</time></pt><pt><x>4344</x><y>749</y><time>30-09-20 11:38:30:865</time></pt><pt><x>4344</x><y>2063</y><time>undefined</time></pt><pt><x>1654</x><y>2063</y><time>undefined</time></pt><closed_date>30-09-20 11:38:30:866</closed_date></polygon></object></annotation>