<annotation><filename>m1_s01_005_p_ic050.jpg</filename><folder>users/joselusava//jacob/sala1/ic</folder><source><submittedBy>Jose Saca</submittedBy></source><imagesize><nrows>2000</nrows><ncols>2992</ncols></imagesize><object><name>m1_s01_005_p_ic050</name><deleted>0</deleted><verified>0</verified><occluded>no</occluded><attributes></attributes><parts><hasparts></hasparts><ispartof></ispartof></parts><date>14-09-20 20:39:37:186</date><id>0</id><type>bounding_box</type><polygon><username>anonymous</username><pt><x>916</x><y>589</y><time>14-09-20 20:39:34:142</time></pt><pt><x>1886</x><y>589</y><time>14-09-20 20:39:35:875</time></pt><pt><x>1886</x><y>1541</y><time>undefined</time></pt><pt><x>916</x><y>1541</y><time>undefined</time></pt><closed_date>14-09-20 20:39:35:876</closed_date></polygon></object></annotation>