<annotation><filename>m2_s03_252_p_ic041.jpg</filename><folder>users/joselusava//valeria/m2_sala03_252_ic</folder><source><submittedBy>Jose Saca</submittedBy></source><imagesize><nrows>2910</nrows><ncols>4361</ncols></imagesize><object><name>m2_s06_252_p_ic039</name><deleted>0</deleted><verified>0</verified><occluded>no</occluded><attributes/><parts><hasparts/><ispartof/></parts><date>25-09-20 22:43:18:019</date><id>0</id><type>bounding_box</type><polygon><username>anonymous</username><pt><x>645</x><y>325</y><time>25-09-20 22:43:11:816</time></pt><pt><x>3676</x><y>325</y><time>25-09-20 22:43:14:935</time></pt><pt><x>3676</x><y>2656</y><time>undefined</time></pt><pt><x>645</x><y>2656</y><time>undefined</time></pt><closed_date>25-09-20 22:43:14:936</closed_date></polygon></object><object><name>m2_s06_252_p_ic041</name><deleted>0</deleted><verified>0</verified><occluded>no</occluded><attributes></attributes><parts><hasparts></hasparts><ispartof></ispartof></parts><date>26-09-20 23:50:18:986</date><id>1</id><type>bounding_box</type><polygon><username>anonymous</username><pt><x>661</x><y>303</y><time>26-09-20 23:50:11:719</time></pt><pt><x>3676</x><y>303</y><time>26-09-20 23:50:14:940</time></pt><pt><x>3676</x><y>2651</y><time>undefined</time></pt><pt><x>661</x><y>2651</y><time>undefined</time></pt><closed_date>26-09-20 23:50:14:942</closed_date></polygon></object></annotation>