<annotation><filename>m4_s03_025_p_nic100.jpg</filename><folder>users/joselusava//santiago_3</folder><source><submittedBy>Jose Saca</submittedBy></source><imagesize><nrows>2910</nrows><ncols>4361</ncols></imagesize><object><name>m4_s03_025_p_nic100</name><deleted>0</deleted><verified>0</verified><occluded>no</occluded><attributes></attributes><parts><hasparts></hasparts><ispartof></ispartof></parts><date>08-11-20 14:35:38:289</date><id>0</id><type>bounding_box</type><polygon><username>anonymous</username><pt><x>1280</x><y>839</y><time>08-11-20 14:35:34:916</time></pt><pt><x>3977</x><y>839</y><time>08-11-20 14:35:36:569</time></pt><pt><x>3977</x><y>2127</y><time>undefined</time></pt><pt><x>1280</x><y>2127</y><time>undefined</time></pt><closed_date>08-11-20 14:35:36:569</closed_date></polygon></object></annotation>