<annotation><filename>m4_s05_060_p_ic005.jpg</filename><folder>users/joselusava//m4_js/60/ic</folder><source><submittedBy>Jose Saca</submittedBy></source><imagesize><nrows>2910</nrows><ncols>4361</ncols></imagesize><object><name>m4_s05_060_p_ic005</name><deleted>0</deleted><verified>0</verified><occluded>no</occluded><attributes></attributes><parts><hasparts></hasparts><ispartof></ispartof></parts><date>13-10-20 15:37:05:267</date><id>0</id><type>bounding_box</type><polygon><username>anonymous</username><pt><x>4196</x><y>2376</y><time>13-10-20 15:37:02:573</time></pt><pt><x>366</x><y>2376</y><time>13-10-20 15:37:03:800</time></pt><pt><x>366</x><y>540</y><time>undefined</time></pt><pt><x>4196</x><y>540</y><time>undefined</time></pt><closed_date>13-10-20 15:37:03:801</closed_date></polygon></object></annotation>