<annotation><filename>m1_s02_065_p_nic075.jpg</filename><folder>users/joselusava//valeria/sala2_065_nic</folder><source><submittedBy>Jose Saca</submittedBy></source><imagesize><nrows>2000</nrows><ncols>2992</ncols></imagesize><object><name>m1_s02_065_p_nic075</name><deleted>0</deleted><verified>0</verified><occluded>no</occluded><attributes></attributes><parts><hasparts></hasparts><ispartof></ispartof></parts><date>28-08-20 00:04:27:039</date><id>0</id><type>bounding_box</type><polygon><username>anonymous</username><pt><x>2728</x><y>1453</y><time>28-08-20 00:04:21:293</time></pt><pt><x>1245</x><y>1453</y><time>28-08-20 00:04:22:779</time></pt><pt><x>1245</x><y>832</y><time>undefined</time></pt><pt><x>2728</x><y>832</y><time>undefined</time></pt><closed_date>28-08-20 00:04:22:780</closed_date></polygon></object></annotation>