<annotation><filename>m1_s01_001_p_ic059.jpg</filename><folder>users/joselusava//juancarlos</folder><source><submittedBy>Jose Saca</submittedBy></source><imagesize><nrows>2000</nrows><ncols>2992</ncols></imagesize><object><name>m1_s01_001_p_ic059</name><deleted>0</deleted><verified>0</verified><occluded>no</occluded><attributes></attributes><parts><hasparts></hasparts><ispartof></ispartof></parts><date>31-08-20 17:16:59:373</date><id>0</id><type>bounding_box</type><polygon><username>anonymous</username><pt><x>917</x><y>678</y><time>31-08-20 17:16:32:910</time></pt><pt><x>2117</x><y>678</y><time>31-08-20 17:16:37:563</time></pt><pt><x>2117</x><y>1519</y><time>undefined</time></pt><pt><x>917</x><y>1519</y><time>undefined</time></pt><closed_date>31-08-20 17:16:37:565</closed_date></polygon></object></annotation>