<annotation><filename>m1_s01_017_p_ic037.jpg</filename><folder>users/joselusava//santiago</folder><source><submittedBy>Jose Saca</submittedBy></source><imagesize><nrows>3200</nrows><ncols>4800</ncols></imagesize><object><name>m1_s01_017_p_ic037</name><deleted>0</deleted><verified>0</verified><occluded>no</occluded><attributes></attributes><parts><hasparts></hasparts><ispartof></ispartof></parts><date>10-09-20 16:59:53:519</date><id>0</id><type>bounding_box</type><polygon><username>anonymous</username><pt><x>1263</x><y>932</y><time>10-09-20 16:59:44:820</time></pt><pt><x>3283</x><y>932</y><time>10-09-20 16:59:47:036</time></pt><pt><x>3283</x><y>2077</y><time>undefined</time></pt><pt><x>1263</x><y>2077</y><time>undefined</time></pt><closed_date>10-09-20 16:59:47:038</closed_date></polygon></object></annotation>