<annotation><filename>m2_s02_190_p_nic035.jpg</filename><folder>users/joselusava//m2_jsv/190/nic</folder><source><submittedBy>Jose Saca</submittedBy></source><imagesize><nrows>2910</nrows><ncols>4361</ncols></imagesize><object><name>m2_s02_190_p_nic035</name><deleted>0</deleted><verified>0</verified><occluded>no</occluded><attributes></attributes><parts><hasparts></hasparts><ispartof></ispartof></parts><date>21-09-20 15:02:32:478</date><id>0</id><type>bounding_box</type><polygon><username>anonymous</username><pt><x>4161</x><y>2881</y><time>21-09-20 15:02:30:610</time></pt><pt><x>2977</x><y>2881</y><time>21-09-20 15:02:31:744</time></pt><pt><x>2977</x><y>1375</y><time>undefined</time></pt><pt><x>4161</x><y>1375</y><time>undefined</time></pt><closed_date>21-09-20 15:02:31:744</closed_date></polygon></object></annotation>