<annotation><filename>m1_s03-04_086_x.jpg</filename><folder>users/joselusava//valeria/sala03y04</folder><source><submittedBy>Jose Saca</submittedBy></source><imagesize><nrows>3200</nrows><ncols>4800</ncols></imagesize><object><name>m1_s03_s04_086_x</name><deleted>0</deleted><verified>0</verified><occluded>no</occluded><attributes></attributes><parts><hasparts></hasparts><ispartof></ispartof></parts><date>28-08-20 20:41:22:630</date><id>0</id><type>bounding_box</type><polygon><username>anonymous</username><pt><x>4451</x><y>2701</y><time>28-08-20 20:41:10:325</time></pt><pt><x>408</x><y>2701</y><time>28-08-20 20:41:15:050</time></pt><pt><x>408</x><y>43</y><time>undefined</time></pt><pt><x>4451</x><y>43</y><time>undefined</time></pt><closed_date>28-08-20 20:41:15:050</closed_date></polygon></object></annotation>