<annotation><filename>m4_s10_157_p_ic052.jpg</filename><folder>users/joselusava//valeria/m04_s10_157_ic</folder><source><submittedBy>Jose Saca</submittedBy></source><imagesize><nrows>2970</nrows><ncols>4451</ncols></imagesize><object><name>m4_s10_157_p_ic052</name><deleted>0</deleted><verified>0</verified><occluded>no</occluded><attributes></attributes><parts><hasparts></hasparts><ispartof></ispartof></parts><date>12-10-20 17:43:05:379</date><id>0</id><type>bounding_box</type><polygon><username>anonymous</username><pt><x>1277</x><y>2666</y><time>12-10-20 17:42:57:115</time></pt><pt><x>3313</x><y>2666</y><time>12-10-20 17:43:00:454</time></pt><pt><x>3313</x><y>315</y><time>undefined</time></pt><pt><x>1277</x><y>315</y><time>undefined</time></pt><closed_date>12-10-20 17:43:00:454</closed_date></polygon></object></annotation>