<annotation><filename>m3_s01_013_p_ic007.jpg</filename><folder>users/joselusava//valeria/m03_s01_13_ic</folder><source><submittedBy>Jose Saca</submittedBy></source><imagesize><nrows>2970</nrows><ncols>4451</ncols></imagesize><object><name>m3_s01_013_p_ic007</name><deleted>0</deleted><verified>0</verified><occluded>no</occluded><attributes></attributes><parts><hasparts></hasparts><ispartof></ispartof></parts><date>28-10-20 22:21:11:584</date><id>0</id><type>bounding_box</type><polygon><username>anonymous</username><pt><x>577</x><y>2679</y><time>28-10-20 22:21:04:945</time></pt><pt><x>3324</x><y>2679</y><time>28-10-20 22:21:07:882</time></pt><pt><x>3324</x><y>263</y><time>undefined</time></pt><pt><x>577</x><y>263</y><time>undefined</time></pt><closed_date>28-10-20 22:21:07:883</closed_date></polygon></object></annotation>