<annotation><filename>m2_s03_201_p_nic095.jpg</filename><folder>users/joselusava//valeria/m2_sala03_201_nic</folder><source><submittedBy>Jose Saca</submittedBy></source><imagesize><nrows>2910</nrows><ncols>4361</ncols></imagesize><object><name>m2_s03_201_p_nic095</name><deleted>0</deleted><verified>0</verified><occluded>no</occluded><attributes></attributes><parts><hasparts></hasparts><ispartof></ispartof></parts><date>30-09-20 18:49:19:041</date><id>0</id><type>bounding_box</type><polygon><username>anonymous</username><pt><x>2216</x><y>2006</y><time>30-09-20 18:49:12:997</time></pt><pt><x>4040</x><y>2006</y><time>30-09-20 18:49:15:413</time></pt><pt><x>4040</x><y>22</y><time>undefined</time></pt><pt><x>2216</x><y>22</y><time>undefined</time></pt><closed_date>30-09-20 18:49:15:414</closed_date></polygon></object></annotation>