<annotation><filename>img_m1_s03-04_101_p_ic100.jpg</filename><folder>users/joselusava//valeria/sala3y4_101_ic</folder><source><submittedBy>Jose Saca</submittedBy></source><imagesize><nrows>3200</nrows><ncols>4800</ncols></imagesize><object><name>m1_s03_s04_101_p_ic100</name><deleted>0</deleted><verified>0</verified><occluded>no</occluded><attributes></attributes><parts><hasparts></hasparts><ispartof></ispartof></parts><date>29-08-20 02:15:23:703</date><id>0</id><type>bounding_box</type><polygon><username>anonymous</username><pt><x>4764</x><y>3164</y><time>29-08-20 02:15:14:216</time></pt><pt><x>636</x><y>3164</y><time>29-08-20 02:15:18:366</time></pt><pt><x>636</x><y>867</y><time>undefined</time></pt><pt><x>4764</x><y>867</y><time>undefined</time></pt><closed_date>29-08-20 02:15:18:368</closed_date></polygon></object></annotation>