<annotation><filename>m1_s10_279_x.jpg</filename><folder>users/joselusava//santiago</folder><source><submittedBy>Jose Saca</submittedBy></source><imagesize><nrows>3200</nrows><ncols>4800</ncols></imagesize><object><name>m1_s10_279_x</name><deleted>0</deleted><verified>0</verified><occluded>no</occluded><attributes></attributes><parts><hasparts></hasparts><ispartof></ispartof></parts><date>28-08-20 16:02:06:017</date><id>0</id><type>bounding_box</type><polygon><username>anonymous</username><pt><x>1062</x><y>504</y><time>28-08-20 16:01:52:250</time></pt><pt><x>3848</x><y>504</y><time>28-08-20 16:01:56:621</time></pt><pt><x>3848</x><y>2743</y><time>undefined</time></pt><pt><x>1062</x><y>2743</y><time>undefined</time></pt><closed_date>28-08-20 16:01:56:622</closed_date></polygon></object></annotation>