<annotation><filename>m1_s01_005_p_nic004.jpg</filename><folder>users/joselusava//museos2020</folder><source><submittedBy>Jose Saca</submittedBy></source><imagesize><nrows>2000</nrows><ncols>2992</ncols></imagesize><object><name>m1_s01_005_p_nic004</name><deleted>0</deleted><verified>0</verified><occluded>no</occluded><attributes></attributes><parts><hasparts></hasparts><ispartof></ispartof></parts><date>13-09-20 22:35:38:247</date><id>0</id><type>bounding_box</type><polygon><username>anonymous</username><pt><x>1930</x><y>438</y><time>13-09-20 22:35:28:352</time></pt><pt><x>2553</x><y>438</y><time>13-09-20 22:35:30:600</time></pt><pt><x>2553</x><y>1102</y><time>undefined</time></pt><pt><x>1930</x><y>1102</y><time>undefined</time></pt><closed_date>13-09-20 22:35:30:601</closed_date></polygon></object></annotation>