<annotation><filename>m1_s06_141_p_nic002.jpg</filename><folder>users/joselusava//jacob_2/141nic</folder><source><submittedBy>Jose Saca</submittedBy></source><imagesize><nrows>2736</nrows><ncols>4100</ncols></imagesize><object><name>m1_s06_141_p_nic002</name><deleted>0</deleted><verified>0</verified><occluded>no</occluded><attributes></attributes><parts><hasparts></hasparts><ispartof></ispartof></parts><date>05-09-20 00:42:01:954</date><id>0</id><type>bounding_box</type><polygon><username>anonymous</username><pt><x>2436</x><y>2219</y><time>05-09-20 00:41:59:043</time></pt><pt><x>3511</x><y>2219</y><time>05-09-20 00:42:01:013</time></pt><pt><x>3511</x><y>819</y><time>undefined</time></pt><pt><x>2436</x><y>819</y><time>undefined</time></pt><closed_date>05-09-20 00:42:01:013</closed_date></polygon></object></annotation>