<annotation><filename>m4_s06_089_p_ic022.jpg</filename><folder>users/joselusava//santiago_2</folder><source><submittedBy>Jose Saca</submittedBy></source><imagesize><nrows>2970</nrows><ncols>4451</ncols></imagesize><object><name>m4_s06_089_p_ic022</name><deleted>0</deleted><verified>0</verified><occluded>no</occluded><attributes></attributes><parts><hasparts></hasparts><ispartof></ispartof></parts><date>11-10-20 17:49:38:687</date><id>0</id><type>bounding_box</type><polygon><username>anonymous</username><pt><x>1428</x><y>495</y><time>11-10-20 17:49:34:896</time></pt><pt><x>3129</x><y>495</y><time>11-10-20 17:49:36:175</time></pt><pt><x>3129</x><y>2429</y><time>undefined</time></pt><pt><x>1428</x><y>2429</y><time>undefined</time></pt><closed_date>11-10-20 17:49:36:175</closed_date></polygon></object></annotation>