<annotation><filename>m1_s06_141_p_nic050.jpg</filename><folder>users/joselusava//jacob_2/141nic</folder><source><submittedBy>Jose Saca</submittedBy></source><imagesize><nrows>2736</nrows><ncols>4100</ncols></imagesize><object><name>m1_s06_141_p_nic050</name><deleted>0</deleted><verified>0</verified><occluded>no</occluded><attributes></attributes><parts><hasparts></hasparts><ispartof></ispartof></parts><date>05-09-20 19:48:16:880</date><id>0</id><type>bounding_box</type><polygon><username>anonymous</username><pt><x>1369</x><y>929</y><time>05-09-20 19:48:14:065</time></pt><pt><x>293</x><y>929</y><time>05-09-20 19:48:16:138</time></pt><pt><x>293</x><y>2470</y><time>undefined</time></pt><pt><x>1369</x><y>2470</y><time>undefined</time></pt><closed_date>05-09-20 19:48:16:138</closed_date></polygon></object></annotation>