<annotation><filename>m4_s02_021_p_nic076.jpg</filename><folder>users/joselusava//santiago_2</folder><source><submittedBy>Jose Saca</submittedBy></source><imagesize><nrows>2910</nrows><ncols>4361</ncols></imagesize><object><name>m4_s02_021_p_nic076</name><deleted>0</deleted><verified>0</verified><occluded>no</occluded><attributes></attributes><parts><hasparts></hasparts><ispartof></ispartof></parts><date>05-10-20 11:44:23:595</date><id>0</id><type>bounding_box</type><polygon><username>anonymous</username><pt><x>1836</x><y>1022</y><time>05-10-20 11:44:18:981</time></pt><pt><x>2678</x><y>1022</y><time>05-10-20 11:44:21:428</time></pt><pt><x>2678</x><y>2543</y><time>undefined</time></pt><pt><x>1836</x><y>2543</y><time>undefined</time></pt><closed_date>05-10-20 11:44:21:428</closed_date></polygon></object></annotation>