<annotation><filename>m4_s03_025_p_ic016.jpg</filename><folder>users/joselusava//juancarlos</folder><source><submittedBy>Jose Saca</submittedBy></source><imagesize><nrows>2910</nrows><ncols>4361</ncols></imagesize><object><name>m4_s02_025_p_ic016</name><deleted>0</deleted><verified>0</verified><occluded>no</occluded><attributes></attributes><parts><hasparts></hasparts><ispartof></ispartof></parts><date>05-11-20 17:12:57:582</date><id>0</id><type>bounding_box</type><polygon><username>anonymous</username><pt><x>768</x><y>626</y><time>05-11-20 17:12:45:647</time></pt><pt><x>4111</x><y>626</y><time>05-11-20 17:12:47:407</time></pt><pt><x>4111</x><y>2359</y><time>undefined</time></pt><pt><x>768</x><y>2359</y><time>undefined</time></pt><closed_date>05-11-20 17:12:47:408</closed_date></polygon></object></annotation>