<annotation><filename>m4_s05_055_p_nic099.jpg</filename><folder>users/joselusava//valeria/m4_s05_055_nic</folder><source><submittedBy>Jose Saca</submittedBy></source><imagesize><nrows>2910</nrows><ncols>4361</ncols></imagesize><object><name>m4_s05_055_p_nic099</name><deleted>0</deleted><verified>0</verified><occluded>no</occluded><attributes></attributes><parts><hasparts></hasparts><ispartof></ispartof></parts><date>09-10-20 18:38:01:613</date><id>0</id><type>bounding_box</type><polygon><username>anonymous</username><pt><x>2701</x><y>628</y><time>09-10-20 18:37:56:627</time></pt><pt><x>3935</x><y>628</y><time>09-10-20 18:37:58:196</time></pt><pt><x>3935</x><y>1918</y><time>undefined</time></pt><pt><x>2701</x><y>1918</y><time>undefined</time></pt><closed_date>09-10-20 18:37:58:196</closed_date></polygon></object></annotation>