<annotation><filename>m4_s02_021_p_ic087.jpg</filename><folder>users/joselusava//santiago_2</folder><source><submittedBy>Jose Saca</submittedBy></source><imagesize><nrows>2910</nrows><ncols>4361</ncols></imagesize><object><name>m4_s02_021_p_ic087</name><deleted>0</deleted><verified>0</verified><occluded>no</occluded><attributes></attributes><parts><hasparts></hasparts><ispartof></ispartof></parts><date>04-10-20 19:38:43:017</date><id>0</id><type>bounding_box</type><polygon><username>anonymous</username><pt><x>1535</x><y>114</y><time>04-10-20 19:38:39:373</time></pt><pt><x>2792</x><y>114</y><time>04-10-20 19:38:40:925</time></pt><pt><x>2792</x><y>2377</y><time>undefined</time></pt><pt><x>1535</x><y>2377</y><time>undefined</time></pt><closed_date>04-10-20 19:38:40:927</closed_date></polygon></object></annotation>