<annotation><filename>m1_s02_052_p_nic079.jpg</filename><folder>users/joselusava//valeria/sala2_052_nic</folder><source><submittedBy>Jose Saca</submittedBy></source><imagesize><nrows>3200</nrows><ncols>4800</ncols></imagesize><object><name>m1_s02_052_p_nic079</name><deleted>0</deleted><verified>0</verified><occluded>no</occluded><attributes></attributes><parts><hasparts></hasparts><ispartof></ispartof></parts><date>27-08-20 17:16:00:948</date><id>0</id><type>bounding_box</type><polygon><username>anonymous</username><pt><x>2679</x><y>1804</y><time>27-08-20 17:15:56:322</time></pt><pt><x>1122</x><y>1804</y><time>27-08-20 17:15:57:949</time></pt><pt><x>1122</x><y>3157</y><time>undefined</time></pt><pt><x>2679</x><y>3157</y><time>undefined</time></pt><closed_date>27-08-20 17:15:57:949</closed_date></polygon></object></annotation>