<annotation><filename>m2_s01_024_p_ic047.jpg</filename><folder>users/joselusava//santiago</folder><source><submittedBy>Jose Saca</submittedBy></source><imagesize><nrows>2850</nrows><ncols>4271</ncols></imagesize><object><name>m2_s01_024_p_ic047</name><deleted>0</deleted><verified>0</verified><occluded>no</occluded><attributes></attributes><parts><hasparts></hasparts><ispartof></ispartof></parts><date>24-09-20 16:49:31:624</date><id>0</id><type>bounding_box</type><polygon><username>anonymous</username><pt><x>1202</x><y>80</y><time>24-09-20 16:49:24:093</time></pt><pt><x>2584</x><y>80</y><time>24-09-20 16:49:25:563</time></pt><pt><x>2584</x><y>2520</y><time>undefined</time></pt><pt><x>1202</x><y>2520</y><time>undefined</time></pt><closed_date>24-09-20 16:49:25:564</closed_date></polygon></object></annotation>