<annotation><filename>m2_s03_201_p_ic008.jpg</filename><folder>users/joselusava//eg</folder><source><submittedBy>Jose Saca</submittedBy></source><imagesize><nrows>3000</nrows><ncols>4496</ncols></imagesize><object><name>m2_s03_219_p_ic008</name><deleted>0</deleted><verified>0</verified><occluded>no</occluded><attributes></attributes><parts><hasparts></hasparts><ispartof></ispartof></parts><date>16-09-20 12:32:34:581</date><id>0</id><type>bounding_box</type><polygon><username>anonymous</username><pt><x>909</x><y>81</y><time>16-09-20 12:32:08:717</time></pt><pt><x>3820</x><y>81</y><time>16-09-20 12:32:09:952</time></pt><pt><x>3820</x><y>2808</y><time>undefined</time></pt><pt><x>909</x><y>2808</y><time>undefined</time></pt><closed_date>16-09-20 12:32:09:954</closed_date></polygon></object></annotation>