<annotation><filename>m4_s02_021_p.jpg</filename><folder>users/joselusava//santiago_2</folder><source><submittedBy>Jose Saca</submittedBy></source><imagesize><nrows>3000</nrows><ncols>4496</ncols></imagesize><object><name>m4_s01_021_p</name><deleted>0</deleted><verified>0</verified><occluded>no</occluded><attributes></attributes><parts><hasparts></hasparts><ispartof></ispartof></parts><date>02-10-20 15:03:14:825</date><id>0</id><type>bounding_box</type><polygon><username>anonymous</username><pt><x>1569</x><y>226</y><time>02-10-20 15:02:55:356</time></pt><pt><x>2835</x><y>226</y><time>02-10-20 15:02:58:999</time></pt><pt><x>2835</x><y>2771</y><time>undefined</time></pt><pt><x>1569</x><y>2771</y><time>undefined</time></pt><closed_date>02-10-20 15:02:59:000</closed_date></polygon></object></annotation>