<annotation><filename>m4_s11_176_p_ic038.jpg</filename><folder>users/joselusava//m4_js/176/ic</folder><source><submittedBy>Jose Saca</submittedBy></source><imagesize><nrows>2970</nrows><ncols>4451</ncols></imagesize><object><name>m4_s11_176_p_ic038</name><deleted>0</deleted><verified>0</verified><occluded>no</occluded><attributes></attributes><parts><hasparts></hasparts><ispartof></ispartof></parts><date>14-10-20 19:53:38:698</date><id>0</id><type>bounding_box</type><polygon><username>anonymous</username><pt><x>3003</x><y>2434</y><time>14-10-20 19:53:36:982</time></pt><pt><x>1137</x><y>2434</y><time>14-10-20 19:53:38:078</time></pt><pt><x>1137</x><y>551</y><time>undefined</time></pt><pt><x>3003</x><y>551</y><time>undefined</time></pt><closed_date>14-10-20 19:53:38:079</closed_date></polygon></object></annotation>