<annotation><filename>m2_s01_024_p_ic004.jpg</filename><folder>users/joselusava//santiago</folder><source><submittedBy>Jose Saca</submittedBy></source><imagesize><nrows>2850</nrows><ncols>4271</ncols></imagesize><object><name>m2_s01_024_p_ic004</name><deleted>0</deleted><verified>0</verified><occluded>no</occluded><attributes></attributes><parts><hasparts></hasparts><ispartof></ispartof></parts><date>24-09-20 01:09:30:162</date><id>0</id><type>bounding_box</type><polygon><username>anonymous</username><pt><x>1478</x><y>189</y><time>24-09-20 01:09:22:419</time></pt><pt><x>2741</x><y>189</y><time>24-09-20 01:09:24:368</time></pt><pt><x>2741</x><y>2436</y><time>undefined</time></pt><pt><x>1478</x><y>2436</y><time>undefined</time></pt><closed_date>24-09-20 01:09:24:369</closed_date></polygon></object></annotation>