<annotation><filename>m2_s01_032_p_nic037.jpg</filename><folder>users/joselusava//santiago_2</folder><source><submittedBy>Jose Saca</submittedBy></source><imagesize><nrows>2850</nrows><ncols>4271</ncols></imagesize><object><name>m2_s01_032_p_nic037</name><deleted>0</deleted><verified>0</verified><occluded>no</occluded><attributes></attributes><parts><hasparts></hasparts><ispartof></ispartof></parts><date>30-09-20 20:40:01:049</date><id>0</id><type>bounding_box</type><polygon><username>anonymous</username><pt><x>556</x><y>1327</y><time>30-09-20 20:39:56:236</time></pt><pt><x>1333</x><y>1327</y><time>30-09-20 20:39:57:811</time></pt><pt><x>1333</x><y>2243</y><time>undefined</time></pt><pt><x>556</x><y>2243</y><time>undefined</time></pt><closed_date>30-09-20 20:39:57:812</closed_date></polygon></object></annotation>