<annotation><filename>m1_s02_029_p_ic101.jpg</filename><folder>users/joselusava//valeria/sala2_029_ic</folder><source><submittedBy>Jose Saca</submittedBy></source><imagesize><nrows>3200</nrows><ncols>4800</ncols></imagesize><object><name>m1_s02_029_p_ic100</name><deleted>0</deleted><verified>0</verified><occluded>no</occluded><attributes></attributes><parts><hasparts></hasparts><ispartof></ispartof></parts><date>23-08-20 00:17:49:526</date><id>0</id><type>bounding_box</type><polygon><username>anonymous</username><pt><x>1144</x><y>387</y><time>23-08-20 00:17:32:375</time></pt><pt><x>3694</x><y>387</y><time>23-08-20 00:17:36:752</time></pt><pt><x>3694</x><y>2942</y><time>undefined</time></pt><pt><x>1144</x><y>2942</y><time>undefined</time></pt><closed_date>23-08-20 00:17:36:754</closed_date></polygon></object></annotation>