<annotation><filename>m3_s01_002_p_nic006.jpg</filename><folder>users/joselusava//santiago_3</folder><source><submittedBy>Jose Saca</submittedBy></source><imagesize><nrows>2970</nrows><ncols>4451</ncols></imagesize><object><name>m3_s01_002_p_nic006</name><deleted>0</deleted><verified>0</verified><occluded>no</occluded><attributes></attributes><parts><hasparts></hasparts><ispartof></ispartof></parts><date>29-10-20 15:27:50:510</date><id>0</id><type>bounding_box</type><polygon><username>anonymous</username><pt><x>1356</x><y>182</y><time>29-10-20 15:27:46:952</time></pt><pt><x>4202</x><y>182</y><time>29-10-20 15:27:48:114</time></pt><pt><x>4202</x><y>2067</y><time>undefined</time></pt><pt><x>1356</x><y>2067</y><time>undefined</time></pt><closed_date>29-10-20 15:27:48:115</closed_date></polygon></object></annotation>