<annotation><filename>m3_s01_002_p_ic056.jpg</filename><folder>users/joselusava//santiago_3</folder><source><submittedBy>Jose Saca</submittedBy></source><imagesize><nrows>2970</nrows><ncols>4451</ncols></imagesize><object><name>m3_s01_002_p_ic056</name><deleted>0</deleted><verified>0</verified><occluded>no</occluded><attributes></attributes><parts><hasparts></hasparts><ispartof></ispartof></parts><date>08-11-20 13:13:09:123</date><id>0</id><polygon><username>anonymous</username><pt><x>812</x><y>2201</y><time>08-11-20 13:13:00:791</time></pt><pt><x>3354</x><y>2614</y><time>08-11-20 13:13:02:130</time></pt><pt><x>2797</x><y>519</y><time>08-11-20 13:13:03:307</time></pt><pt><x>1211</x><y>245</y><time>08-11-20 13:13:04:626</time></pt><closed_date>08-11-20 13:13:06:153</closed_date></polygon></object></annotation>