<annotation><filename>m2_s01_032_p_ic073.jpg</filename><folder>users/joselusava//santiago_2</folder><source><submittedBy>Jose Saca</submittedBy></source><imagesize><nrows>2850</nrows><ncols>4271</ncols></imagesize><object><name>m2_s01_032_p_ic073</name><deleted>0</deleted><verified>0</verified><occluded>no</occluded><attributes></attributes><parts><hasparts></hasparts><ispartof></ispartof></parts><date>30-09-20 16:54:18:916</date><id>0</id><type>bounding_box</type><polygon><username>anonymous</username><pt><x>1061</x><y>99</y><time>30-09-20 16:54:12:886</time></pt><pt><x>2879</x><y>99</y><time>30-09-20 16:54:17:289</time></pt><pt><x>2879</x><y>2616</y><time>undefined</time></pt><pt><x>1061</x><y>2616</y><time>undefined</time></pt><closed_date>30-09-20 16:54:17:290</closed_date></polygon></object></annotation>