<annotation><filename>m1_s06_141_p_nic005.jpg</filename><folder>users/joselusava//jacob_2/141nic</folder><source><submittedBy>Jose Saca</submittedBy></source><imagesize><nrows>2736</nrows><ncols>4100</ncols></imagesize><object><name>m1_s06_141_p_nic005</name><deleted>0</deleted><verified>0</verified><occluded>no</occluded><attributes></attributes><parts><hasparts></hasparts><ispartof></ispartof></parts><date>05-09-20 00:43:26:494</date><id>0</id><type>bounding_box</type><polygon><username>anonymous</username><pt><x>2469</x><y>1827</y><time>05-09-20 00:43:23:637</time></pt><pt><x>3633</x><y>1827</y><time>05-09-20 00:43:25:225</time></pt><pt><x>3633</x><y>365</y><time>undefined</time></pt><pt><x>2469</x><y>365</y><time>undefined</time></pt><closed_date>05-09-20 00:43:25:225</closed_date></polygon></object></annotation>