<annotation><filename>m4_s10_154_p_nic054.jpg</filename><folder>users/joselusava//valeria/m04_s10_154_nic</folder><source><submittedBy>Jose Saca</submittedBy></source><imagesize><nrows>2970</nrows><ncols>4451</ncols></imagesize><object><name>m4_s10_154_p_nic054</name><deleted>0</deleted><verified>0</verified><occluded>no</occluded><attributes></attributes><parts><hasparts></hasparts><ispartof></ispartof></parts><date>14-10-20 13:12:12:893</date><id>0</id><type>bounding_box</type><polygon><username>anonymous</username><pt><x>3501</x><y>1833</y><time>14-10-20 13:12:08:256</time></pt><pt><x>2696</x><y>1833</y><time>14-10-20 13:12:09:733</time></pt><pt><x>2696</x><y>440</y><time>undefined</time></pt><pt><x>3501</x><y>440</y><time>undefined</time></pt><closed_date>14-10-20 13:12:09:734</closed_date></polygon></object></annotation>