<annotation><filename>m4_s05_055_p_ic057.jpg</filename><folder>users/joselusava//valeria/m4_s05_055_ic</folder><source><submittedBy>Jose Saca</submittedBy></source><imagesize><nrows>2910</nrows><ncols>4361</ncols></imagesize><object><name>m4_s05_055_p_ic057</name><deleted>0</deleted><verified>0</verified><occluded>no</occluded><attributes></attributes><parts><hasparts></hasparts><ispartof></ispartof></parts><date>08-10-20 22:36:55:538</date><id>0</id><type>bounding_box</type><polygon><username>anonymous</username><pt><x>1124</x><y>298</y><time>08-10-20 22:36:47:788</time></pt><pt><x>3180</x><y>298</y><time>08-10-20 22:36:51:406</time></pt><pt><x>3180</x><y>2497</y><time>undefined</time></pt><pt><x>1124</x><y>2497</y><time>undefined</time></pt><closed_date>08-10-20 22:36:51:406</closed_date></polygon></object></annotation>