<annotation><filename>m4_s07_105_p_nic034.jpg</filename><folder>users/joselusava//kath/m4_105/nic</folder><source><submittedBy>Jose Saca</submittedBy></source><imagesize><nrows>2970</nrows><ncols>4451</ncols></imagesize><object><name>m4_s07_105_p_nic034</name><deleted>0</deleted><verified>0</verified><occluded>no</occluded><attributes></attributes><parts><hasparts></hasparts><ispartof></ispartof></parts><date>03-11-20 08:40:57:317</date><id>0</id><type>bounding_box</type><polygon><username>anonymous</username><pt><x>1084</x><y>2736</y><time>03-11-20 08:40:51:192</time></pt><pt><x>1908</x><y>2736</y><time>03-11-20 08:40:53:629</time></pt><pt><x>1908</x><y>1203</y><time>undefined</time></pt><pt><x>1084</x><y>1203</y><time>undefined</time></pt><closed_date>03-11-20 08:40:53:631</closed_date></polygon></object></annotation>