<annotation><filename>m4_s02_021_p_ic056.jpg</filename><folder>users/joselusava//santiago_2</folder><source><submittedBy>Jose Saca</submittedBy></source><imagesize><nrows>3000</nrows><ncols>4496</ncols></imagesize><object><name>m4_s02_021_p_ic056</name><deleted>0</deleted><verified>0</verified><occluded>no</occluded><attributes></attributes><parts><hasparts></hasparts><ispartof></ispartof></parts><date>04-10-20 18:55:46:868</date><id>0</id><type>bounding_box</type><polygon><username>anonymous</username><pt><x>1532</x><y>379</y><time>04-10-20 18:55:43:387</time></pt><pt><x>2771</x><y>379</y><time>04-10-20 18:55:44:869</time></pt><pt><x>2771</x><y>2479</y><time>undefined</time></pt><pt><x>1532</x><y>2479</y><time>undefined</time></pt><closed_date>04-10-20 18:55:44:870</closed_date></polygon></object></annotation>