<annotation><filename>m4_s04_039_p_ic031.jpg</filename><folder>users/joselusava//santiago_2</folder><source><submittedBy>Jose Saca</submittedBy></source><imagesize><nrows>2970</nrows><ncols>4451</ncols></imagesize><object><name>m4_s04_039_p_ic031</name><deleted>0</deleted><verified>0</verified><occluded>no</occluded><attributes></attributes><parts><hasparts></hasparts><ispartof></ispartof></parts><date>20-10-20 21:39:22:918</date><id>0</id><type>bounding_box</type><polygon><username>anonymous</username><pt><x>1781</x><y>157</y><time>20-10-20 21:39:17:854</time></pt><pt><x>2734</x><y>157</y><time>20-10-20 21:39:20:533</time></pt><pt><x>2734</x><y>2884</y><time>undefined</time></pt><pt><x>1781</x><y>2884</y><time>undefined</time></pt><closed_date>20-10-20 21:39:20:535</closed_date></polygon></object></annotation>