<annotation><filename>m4_s02_021_p_ic033.jpg</filename><folder>users/joselusava//santiago_2</folder><source><submittedBy>Jose Saca</submittedBy></source><imagesize><nrows>3000</nrows><ncols>4496</ncols></imagesize><object><name>m4_s02_021_p_ic033</name><deleted>0</deleted><verified>0</verified><occluded>no</occluded><attributes></attributes><parts><hasparts></hasparts><ispartof></ispartof></parts><date>03-10-20 17:58:24:123</date><id>0</id><type>bounding_box</type><polygon><username>anonymous</username><pt><x>1618</x><y>382</y><time>03-10-20 17:58:20:606</time></pt><pt><x>3004</x><y>382</y><time>03-10-20 17:58:21:820</time></pt><pt><x>3004</x><y>2561</y><time>undefined</time></pt><pt><x>1618</x><y>2561</y><time>undefined</time></pt><closed_date>03-10-20 17:58:21:822</closed_date></polygon></object></annotation>