<annotation><filename>m2_s03_219_p_nic079.jpg</filename><folder>users/joselusava//valeria/m2_sala03_219_nic</folder><source><submittedBy>Jose Saca</submittedBy></source><imagesize><nrows>2910</nrows><ncols>4361</ncols></imagesize><object><name>m2_s03_219_p_nic079</name><deleted>0</deleted><verified>0</verified><occluded>no</occluded><attributes></attributes><parts><hasparts></hasparts><ispartof></ispartof></parts><date>29-09-20 19:20:50:061</date><id>0</id><type>bounding_box</type><polygon><username>anonymous</username><pt><x>2436</x><y>2039</y><time>29-09-20 19:20:44:952</time></pt><pt><x>4167</x><y>2039</y><time>29-09-20 19:20:46:789</time></pt><pt><x>4167</x><y>226</y><time>undefined</time></pt><pt><x>2436</x><y>226</y><time>undefined</time></pt><closed_date>29-09-20 19:20:46:790</closed_date></polygon></object></annotation>