<annotation><filename>m1_s06_144_p_nic021.jpg</filename><folder>users/joselusava//jacob_2/144nic</folder><source><submittedBy>Jose Saca</submittedBy></source><imagesize><nrows>2736</nrows><ncols>4100</ncols></imagesize><object><name>m1_s06_144_p_nic021</name><deleted>0</deleted><verified>0</verified><occluded>no</occluded><attributes></attributes><parts><hasparts></hasparts><ispartof></ispartof></parts><date>08-09-20 01:58:25:859</date><id>0</id><type>bounding_box</type><polygon><username>anonymous</username><pt><x>1915</x><y>2537</y><time>08-09-20 01:58:23:304</time></pt><pt><x>3666</x><y>2537</y><time>08-09-20 01:58:25:233</time></pt><pt><x>3666</x><y>1138</y><time>undefined</time></pt><pt><x>1915</x><y>1138</y><time>undefined</time></pt><closed_date>08-09-20 01:58:25:233</closed_date></polygon></object></annotation>