<annotation><filename>m1_s01_021_p_nic008.jpg</filename><folder>users/joselusava//santiago</folder><source><submittedBy>Jose Saca</submittedBy></source><imagesize><nrows>3200</nrows><ncols>4800</ncols></imagesize><object><name>m1_s01_021_p_nic008</name><deleted>0</deleted><verified>0</verified><occluded>no</occluded><attributes></attributes><parts><hasparts></hasparts><ispartof></ispartof></parts><date>15-09-20 00:41:59:314</date><id>0</id><type>bounding_box</type><polygon><username>anonymous</username><pt><x>2685</x><y>342</y><time>15-09-20 00:41:52:900</time></pt><pt><x>3232</x><y>342</y><time>15-09-20 00:41:53:871</time></pt><pt><x>3232</x><y>1076</y><time>undefined</time></pt><pt><x>2685</x><y>1076</y><time>undefined</time></pt><closed_date>15-09-20 00:41:53:871</closed_date></polygon></object></annotation>