<annotation><filename>m4_s04_037_p_nic080.jpg</filename><folder>users/joselusava//santiago_2</folder><source><submittedBy>Jose Saca</submittedBy></source><imagesize><nrows>2970</nrows><ncols>4451</ncols></imagesize><object><name>m4_s04_037_p_nic080</name><deleted>0</deleted><verified>0</verified><occluded>no</occluded><attributes></attributes><parts><hasparts></hasparts><ispartof></ispartof></parts><date>19-10-20 22:47:30:756</date><id>0</id><type>bounding_box</type><polygon><username>anonymous</username><pt><x>739</x><y>1556</y><time>19-10-20 22:47:28:324</time></pt><pt><x>1706</x><y>1556</y><time>19-10-20 22:47:29:149</time></pt><pt><x>1706</x><y>2866</y><time>undefined</time></pt><pt><x>739</x><y>2866</y><time>undefined</time></pt><closed_date>19-10-20 22:47:29:150</closed_date></polygon></object></annotation>