<annotation><filename>m3_s01_018_p_nic069.jpg</filename><folder>users/joselusava//m4_js/18/nic</folder><source><submittedBy>Jose Saca</submittedBy></source><imagesize><nrows>2970</nrows><ncols>4451</ncols></imagesize><object><name>m3_s01_018_p_nic069</name><deleted>0</deleted><verified>0</verified><occluded>no</occluded><attributes></attributes><parts><hasparts></hasparts><ispartof></ispartof></parts><date>05-11-20 18:13:14:293</date><id>0</id><type>bounding_box</type><polygon><username>anonymous</username><pt><x>3569</x><y>2957</y><time>05-11-20 18:13:12:268</time></pt><pt><x>394</x><y>2957</y><time>05-11-20 18:13:13:703</time></pt><pt><x>394</x><y>737</y><time>undefined</time></pt><pt><x>3569</x><y>737</y><time>undefined</time></pt><closed_date>05-11-20 18:13:13:703</closed_date></polygon></object></annotation>