<annotation><filename>m4_s06_089_p_nic087.jpg</filename><folder>users/joselusava//santiago_2</folder><source><submittedBy>Jose Saca</submittedBy></source><imagesize><nrows>2970</nrows><ncols>4451</ncols></imagesize><object><name>m4_s06_089_p_nic087</name><deleted>0</deleted><verified>0</verified><occluded>no</occluded><attributes></attributes><parts><hasparts></hasparts><ispartof></ispartof></parts><date>12-10-20 22:17:48:236</date><id>0</id><type>bounding_box</type><polygon><username>anonymous</username><pt><x>2645</x><y>161</y><time>12-10-20 22:17:44:893</time></pt><pt><x>3752</x><y>161</y><time>12-10-20 22:17:46:253</time></pt><pt><x>3752</x><y>2145</y><time>undefined</time></pt><pt><x>2645</x><y>2145</y><time>undefined</time></pt><closed_date>12-10-20 22:17:46:254</closed_date></polygon></object></annotation>