<annotation><filename>m4_s05_055_p_nic003.jpg</filename><folder>users/joselusava//valeria/m4_s05_055_nic</folder><source><submittedBy>Jose Saca</submittedBy></source><imagesize><nrows>2910</nrows><ncols>4361</ncols></imagesize><object><name>m4_s05_055_p_nic003</name><deleted>0</deleted><verified>0</verified><occluded>no</occluded><attributes></attributes><parts><hasparts></hasparts><ispartof></ispartof></parts><date>09-10-20 15:23:41:693</date><id>0</id><type>bounding_box</type><polygon><username>anonymous</username><pt><x>4238</x><y>2309</y><time>09-10-20 15:23:36:209</time></pt><pt><x>2695</x><y>2309</y><time>09-10-20 15:23:37:976</time></pt><pt><x>2695</x><y>772</y><time>undefined</time></pt><pt><x>4238</x><y>772</y><time>undefined</time></pt><closed_date>09-10-20 15:23:37:976</closed_date></polygon></object></annotation>