<annotation><filename>m4_s09_146_x.jpg</filename><folder>users/joselusava//kath/m4_x</folder><source><submittedBy>Jose Saca</submittedBy></source><imagesize><nrows>2970</nrows><ncols>4451</ncols></imagesize><object><name>m4_s09_146_x</name><deleted>0</deleted><verified>0</verified><occluded>no</occluded><attributes></attributes><parts><hasparts></hasparts><ispartof></ispartof></parts><date>21-10-20 11:57:06:597</date><id>0</id><type>bounding_box</type><polygon><username>anonymous</username><pt><x>1442</x><y>606</y><time>21-10-20 11:57:01:135</time></pt><pt><x>3085</x><y>606</y><time>21-10-20 11:57:03:149</time></pt><pt><x>3085</x><y>2513</y><time>undefined</time></pt><pt><x>1442</x><y>2513</y><time>undefined</time></pt><closed_date>21-10-20 11:57:03:151</closed_date></polygon></object></annotation>