<annotation><filename>m4_s04_039_p_nic011.jpg</filename><folder>users/joselusava//santiago_2</folder><source><submittedBy>Jose Saca</submittedBy></source><imagesize><nrows>2970</nrows><ncols>4451</ncols></imagesize><object><name>m4_s04_039_p_nic011</name><deleted>0</deleted><verified>0</verified><occluded>no</occluded><attributes></attributes><parts><hasparts></hasparts><ispartof></ispartof></parts><date>21-10-20 16:32:23:587</date><id>0</id><type>bounding_box</type><polygon><username>anonymous</username><pt><x>1149</x><y>161</y><time>21-10-20 16:32:19:172</time></pt><pt><x>1935</x><y>161</y><time>21-10-20 16:32:20:968</time></pt><pt><x>1935</x><y>2481</y><time>undefined</time></pt><pt><x>1149</x><y>2481</y><time>undefined</time></pt><closed_date>21-10-20 16:32:20:969</closed_date></polygon></object></annotation>