<annotation><filename>m4_s10_157_p_ic031.jpg</filename><folder>users/joselusava//valeria/m04_s10_157_nic</folder><source><submittedBy>Jose Saca</submittedBy></source><imagesize><nrows>2970</nrows><ncols>4451</ncols></imagesize><object><name>m4_s10_157_p_nic031</name><deleted>0</deleted><verified>0</verified><occluded>no</occluded><attributes></attributes><parts><hasparts></hasparts><ispartof></ispartof></parts><date>12-10-20 19:29:14:883</date><id>0</id><type>bounding_box</type><polygon><username>anonymous</username><pt><x>1209</x><y>2841</y><time>12-10-20 19:29:08:078</time></pt><pt><x>2858</x><y>2841</y><time>12-10-20 19:29:10:355</time></pt><pt><x>2858</x><y>799</y><time>undefined</time></pt><pt><x>1209</x><y>799</y><time>undefined</time></pt><closed_date>12-10-20 19:29:10:357</closed_date></polygon></object></annotation>