<annotation><filename>m1_s01_017_p_ic095.jpg</filename><folder>users/joselusava//santiago</folder><source><submittedBy>Jose Saca</submittedBy></source><imagesize><nrows>3200</nrows><ncols>4800</ncols></imagesize><object><name>m1_s01_017_p_ic095</name><deleted>0</deleted><verified>0</verified><occluded>no</occluded><attributes></attributes><parts><hasparts></hasparts><ispartof></ispartof></parts><date>10-09-20 23:22:09:015</date><id>0</id><type>bounding_box</type><polygon><username>anonymous</username><pt><x>1386</x><y>961</y><time>10-09-20 23:21:59:870</time></pt><pt><x>3243</x><y>961</y><time>10-09-20 23:22:02:425</time></pt><pt><x>3243</x><y>2599</y><time>undefined</time></pt><pt><x>1386</x><y>2599</y><time>undefined</time></pt><closed_date>10-09-20 23:22:02:426</closed_date></polygon></object></annotation>