<annotation><filename>m2_s02_129_p_nic098.jpg</filename><folder>users/joselusava//m2_jsv/129/nic</folder><source><submittedBy>Jose Saca</submittedBy></source><imagesize><nrows>2910</nrows><ncols>4361</ncols></imagesize><object><name>m2_s02_129_p_nic098</name><deleted>0</deleted><verified>0</verified><occluded>no</occluded><attributes></attributes><parts><hasparts></hasparts><ispartof></ispartof></parts><date>25-09-20 08:29:36:189</date><id>0</id><type>bounding_box</type><polygon><username>anonymous</username><pt><x>3847</x><y>1454</y><time>25-09-20 08:29:33:532</time></pt><pt><x>2646</x><y>1454</y><time>25-09-20 08:29:35:057</time></pt><pt><x>2646</x><y>165</y><time>undefined</time></pt><pt><x>3847</x><y>165</y><time>undefined</time></pt><closed_date>25-09-20 08:29:35:057</closed_date></polygon></object></annotation>