<annotation><filename>m2_s03_248_p_nic017.jpg</filename><folder>users/joselusava//museos2020</folder><source><submittedBy>Jose Saca</submittedBy></source><imagesize><nrows>2910</nrows><ncols>4361</ncols></imagesize><object><name>m2_s03_248_p_nic017</name><deleted>0</deleted><verified>0</verified><occluded>no</occluded><attributes></attributes><parts><hasparts></hasparts><ispartof></ispartof></parts><date>27-09-20 10:03:23:751</date><id>0</id><polygon><username>anonymous</username><pt><x>139</x><y>897</y><time>27-09-20 10:03:12:447</time></pt><pt><x>2087</x><y>897</y><time>27-09-20 10:03:13:525</time></pt><pt><x>2296</x><y>1144</y><time>27-09-20 10:03:14:187</time></pt><pt><x>906</x><y>1748</y><time>27-09-20 10:03:15:211</time></pt><closed_date>27-09-20 10:03:16:382</closed_date></polygon></object></annotation>