<annotation><filename>m1_s01_004_p_nic096.jpg</filename><folder>users/joselusava//valeria_apoyo/sala01_004_nic</folder><source><submittedBy>Jose Saca</submittedBy></source><imagesize><nrows>3200</nrows><ncols>4800</ncols></imagesize><object><name>m1_s01_004_p_nic096</name><deleted>0</deleted><verified>0</verified><occluded>no</occluded><attributes></attributes><parts><hasparts></hasparts><ispartof></ispartof></parts><date>17-09-20 20:40:53:562</date><id>0</id><type>bounding_box</type><polygon><username>anonymous</username><pt><x>376</x><y>1315</y><time>17-09-20 20:40:47:990</time></pt><pt><x>3255</x><y>1315</y><time>17-09-20 20:40:50:129</time></pt><pt><x>3255</x><y>430</y><time>undefined</time></pt><pt><x>376</x><y>430</y><time>undefined</time></pt><closed_date>17-09-20 20:40:50:131</closed_date></polygon></object></annotation>