<annotation><filename>m3_s01_023_p_nic097.jpg</filename><folder>users/joselusava//santiago_3</folder><source><submittedBy>Jose Saca</submittedBy></source><imagesize><nrows>2970</nrows><ncols>4451</ncols></imagesize><object><name>m3_s01_023_p_nic097</name><deleted>0</deleted><verified>0</verified><occluded>no</occluded><attributes></attributes><parts><hasparts></hasparts><ispartof></ispartof></parts><date>06-11-20 11:54:14:518</date><id>0</id><type>bounding_box</type><polygon><username>anonymous</username><pt><x>1731</x><y>1253</y><time>06-11-20 11:54:10:542</time></pt><pt><x>3427</x><y>1253</y><time>06-11-20 11:54:11:929</time></pt><pt><x>3427</x><y>2763</y><time>undefined</time></pt><pt><x>1731</x><y>2763</y><time>undefined</time></pt><closed_date>06-11-20 11:54:11:930</closed_date></polygon></object></annotation>