<annotation><filename>m4_s07_105_p_nic041.jpg</filename><folder>users/joselusava//kath/m4_105/nic</folder><source><submittedBy>Jose Saca</submittedBy></source><imagesize><nrows>2970</nrows><ncols>4451</ncols></imagesize><object><name>m4_s07_105_p_nic041</name><deleted>0</deleted><verified>0</verified><occluded>no</occluded><attributes></attributes><parts><hasparts></hasparts><ispartof></ispartof></parts><date>03-11-20 08:45:08:185</date><id>0</id><type>bounding_box</type><polygon><username>anonymous</username><pt><x>2529</x><y>2688</y><time>03-11-20 08:45:02:466</time></pt><pt><x>3415</x><y>2688</y><time>03-11-20 08:45:05:450</time></pt><pt><x>3415</x><y>1155</y><time>undefined</time></pt><pt><x>2529</x><y>1155</y><time>undefined</time></pt><closed_date>03-11-20 08:45:05:452</closed_date></polygon></object></annotation>