<annotation><filename>m4_s04_047_p_ic092.jpg</filename><folder>users/joselusava//kath/kath_m4_047</folder><source><submittedBy>Jose Saca</submittedBy></source><imagesize><nrows>2970</nrows><ncols>4451</ncols></imagesize><object><name>m4_s04_047_p_ic092</name><deleted>0</deleted><verified>0</verified><occluded>no</occluded><attributes></attributes><parts><hasparts></hasparts><ispartof></ispartof></parts><date>24-10-20 16:55:39:443</date><id>0</id><type>bounding_box</type><polygon><username>anonymous</username><pt><x>1767</x><y>275</y><time>24-10-20 16:55:31:800</time></pt><pt><x>2896</x><y>275</y><time>24-10-20 16:55:34:861</time></pt><pt><x>2896</x><y>2799</y><time>undefined</time></pt><pt><x>1767</x><y>2799</y><time>undefined</time></pt><closed_date>24-10-20 16:55:34:863</closed_date></polygon></object></annotation>