<annotation><filename>m1_s01_005_p_nic007.jpg</filename><folder>users/joselusava//museos2020</folder><source><submittedBy>Jose Saca</submittedBy></source><imagesize><nrows>2000</nrows><ncols>2992</ncols></imagesize><object><name>m1_s01_005_p_nic007</name><deleted>0</deleted><verified>0</verified><occluded>no</occluded><attributes></attributes><parts><hasparts></hasparts><ispartof></ispartof></parts><date>13-09-20 22:38:50:351</date><id>0</id><type>bounding_box</type><polygon><username>anonymous</username><pt><x>1284</x><y>252</y><time>13-09-20 22:38:43:027</time></pt><pt><x>1994</x><y>252</y><time>13-09-20 22:38:44:107</time></pt><pt><x>1994</x><y>907</y><time>undefined</time></pt><pt><x>1284</x><y>907</y><time>undefined</time></pt><closed_date>13-09-20 22:38:44:107</closed_date></polygon></object></annotation>