<annotation><filename>m1_s06_141_p_ic083.jpg</filename><folder>users/joselusava//jacob_2/141ic</folder><source><submittedBy>Jose Saca</submittedBy></source><imagesize><nrows>2736</nrows><ncols>4100</ncols></imagesize><object><name>m1_s06_141_p_ic083</name><deleted>0</deleted><verified>0</verified><occluded>no</occluded><attributes></attributes><parts><hasparts></hasparts><ispartof></ispartof></parts><date>04-09-20 23:50:52:272</date><id>0</id><type>bounding_box</type><polygon><username>anonymous</username><pt><x>2970</x><y>2537</y><time>04-09-20 23:50:48:577</time></pt><pt><x>1083</x><y>2537</y><time>04-09-20 23:50:51:058</time></pt><pt><x>1083</x><y>386</y><time>undefined</time></pt><pt><x>2970</x><y>386</y><time>undefined</time></pt><closed_date>04-09-20 23:50:51:058</closed_date></polygon></object></annotation>