<annotation><filename>m4_s04_037_p_ic020.jpg</filename><folder>users/joselusava//santiago_2</folder><source><submittedBy>Jose Saca</submittedBy></source><imagesize><nrows>2970</nrows><ncols>4451</ncols></imagesize><object><name>m4_s04_037_p_ic020</name><deleted>0</deleted><verified>0</verified><occluded>no</occluded><attributes></attributes><parts><hasparts></hasparts><ispartof></ispartof></parts><date>17-10-20 21:33:48:673</date><id>0</id><type>bounding_box</type><polygon><username>anonymous</username><pt><x>1710</x><y>450</y><time>17-10-20 21:33:43:535</time></pt><pt><x>3195</x><y>450</y><time>17-10-20 21:33:46:226</time></pt><pt><x>3195</x><y>2731</y><time>undefined</time></pt><pt><x>1710</x><y>2731</y><time>undefined</time></pt><closed_date>17-10-20 21:33:46:227</closed_date></polygon></object></annotation>