<annotation><filename>m4_s04_045_p_nic099.jpg</filename><folder>users/joselusava//valeria/m04_s04_45_nic</folder><source><submittedBy>Jose Saca</submittedBy></source><imagesize><nrows>2970</nrows><ncols>4451</ncols></imagesize><object><name>m4_s04_045_p_nic099</name><deleted>0</deleted><verified>0</verified><occluded>no</occluded><attributes></attributes><parts><hasparts></hasparts><ispartof></ispartof></parts><date>20-10-20 15:55:23:909</date><id>0</id><type>bounding_box</type><polygon><username>anonymous</username><pt><x>3284</x><y>1782</y><time>20-10-20 15:55:20:157</time></pt><pt><x>4038</x><y>1782</y><time>20-10-20 15:55:21:350</time></pt><pt><x>4038</x><y>937</y><time>undefined</time></pt><pt><x>3284</x><y>937</y><time>undefined</time></pt><closed_date>20-10-20 15:55:21:351</closed_date></polygon></object></annotation>