<annotation><filename>m4_s02_015_p_ic014.jpg</filename><folder>users/joselusava//m4_js/15ic</folder><source><submittedBy>Jose Saca</submittedBy></source><imagesize><nrows>2910</nrows><ncols>4361</ncols></imagesize><object><name>m4_s02_015_p_ic014</name><deleted>0</deleted><verified>0</verified><occluded>no</occluded><attributes></attributes><parts><hasparts></hasparts><ispartof></ispartof></parts><date>03-10-20 19:11:58:156</date><id>0</id><type>bounding_box</type><polygon><username>anonymous</username><pt><x>3090</x><y>2307</y><time>03-10-20 19:11:54:717</time></pt><pt><x>1523</x><y>2307</y><time>03-10-20 19:11:57:421</time></pt><pt><x>1523</x><y>444</y><time>undefined</time></pt><pt><x>3090</x><y>444</y><time>undefined</time></pt><closed_date>03-10-20 19:11:57:422</closed_date></polygon></object></annotation>