<annotation><filename>m2_s03_219_p_ic017.jpg</filename><folder>users/joselusava//valeria/m2_sala03_219_ic</folder><source><submittedBy>Jose Saca</submittedBy></source><imagesize><nrows>2910</nrows><ncols>4361</ncols></imagesize><object><name>m2_s03_219_p_ic017</name><deleted>0</deleted><verified>0</verified><occluded>no</occluded><attributes></attributes><parts><hasparts></hasparts><ispartof></ispartof></parts><date>28-09-20 23:52:13:232</date><id>0</id><type>bounding_box</type><polygon><username>anonymous</username><pt><x>1053</x><y>276</y><time>28-09-20 23:52:07:603</time></pt><pt><x>3345</x><y>276</y><time>28-09-20 23:52:09:477</time></pt><pt><x>3345</x><y>2623</y><time>undefined</time></pt><pt><x>1053</x><y>2623</y><time>undefined</time></pt><closed_date>28-09-20 23:52:09:478</closed_date></polygon></object></annotation>