<annotation><filename>m1_s01_001_p_nic012.jpg</filename><folder>users/joselusava//juancarlos</folder><source><submittedBy>Jose Saca</submittedBy></source><imagesize><nrows>3200</nrows><ncols>4800</ncols></imagesize><object><name>m1_s01_001_p_nic012</name><deleted>0</deleted><verified>0</verified><occluded>no</occluded><attributes></attributes><parts><hasparts></hasparts><ispartof></ispartof></parts><date>02-09-20 11:52:20:255</date><id>0</id><type>bounding_box</type><polygon><username>anonymous</username><pt><x>333</x><y>1097</y><time>02-09-20 11:52:00:776</time></pt><pt><x>1697</x><y>1097</y><time>02-09-20 11:52:06:287</time></pt><pt><x>1697</x><y>1855</y><time>undefined</time></pt><pt><x>333</x><y>1855</y><time>undefined</time></pt><closed_date>02-09-20 11:52:06:289</closed_date></polygon></object></annotation>