<annotation><filename>m4_s10_154_p_nic064.jpg</filename><folder>users/joselusava//valeria/m04_s10_154_nic</folder><source><submittedBy>Jose Saca</submittedBy></source><imagesize><nrows>2970</nrows><ncols>4451</ncols></imagesize><object><name>m4_s10_154_p_nic064</name><deleted>0</deleted><verified>0</verified><occluded>no</occluded><attributes></attributes><parts><hasparts></hasparts><ispartof></ispartof></parts><date>14-10-20 13:23:19:632</date><id>0</id><type>bounding_box</type><polygon><username>anonymous</username><pt><x>1079</x><y>2393</y><time>14-10-20 13:23:14:435</time></pt><pt><x>383</x><y>2393</y><time>14-10-20 13:23:16:919</time></pt><pt><x>383</x><y>828</y><time>undefined</time></pt><pt><x>1079</x><y>828</y><time>undefined</time></pt><closed_date>14-10-20 13:23:16:920</closed_date></polygon></object></annotation>