<annotation><filename>m4_s09_138_p_nic065.jpg</filename><folder>users/joselusava//santiago_2</folder><source><submittedBy>Jose Saca</submittedBy></source><imagesize><nrows>2970</nrows><ncols>4451</ncols></imagesize><object><name>m4_s09_138_p_nic065</name><deleted>0</deleted><verified>0</verified><occluded>no</occluded><attributes></attributes><parts><hasparts></hasparts><ispartof></ispartof></parts><date>23-10-20 14:09:30:790</date><id>0</id><type>bounding_box</type><polygon><username>anonymous</username><pt><x>1492</x><y>532</y><time>23-10-20 14:09:27:723</time></pt><pt><x>4330</x><y>532</y><time>23-10-20 14:09:28:619</time></pt><pt><x>4330</x><y>1649</y><time>undefined</time></pt><pt><x>1492</x><y>1649</y><time>undefined</time></pt><closed_date>23-10-20 14:09:28:619</closed_date></polygon></object></annotation>