<annotation><filename>m3_s01_010_p_ic044.jpg</filename><folder>users/joselusava//m4_js/m3/10/ic</folder><source><submittedBy>Jose Saca</submittedBy></source><imagesize><nrows>2970</nrows><ncols>4451</ncols></imagesize><object><name>m3_s01_010_p_ic044</name><deleted>0</deleted><verified>0</verified><occluded>no</occluded><attributes></attributes><parts><hasparts></hasparts><ispartof></ispartof></parts><date>29-10-20 12:44:33:216</date><id>0</id><type>bounding_box</type><polygon><username>anonymous</username><pt><x>3876</x><y>2673</y><time>29-10-20 12:44:29:989</time></pt><pt><x>319</x><y>2673</y><time>29-10-20 12:44:32:591</time></pt><pt><x>319</x><y>117</y><time>undefined</time></pt><pt><x>3876</x><y>117</y><time>undefined</time></pt><closed_date>29-10-20 12:44:32:591</closed_date></polygon></object></annotation>