<annotation><filename>m4_s04_037_p_nic097.jpg</filename><folder>users/joselusava//santiago_2</folder><source><submittedBy>Jose Saca</submittedBy></source><imagesize><nrows>2970</nrows><ncols>4451</ncols></imagesize><object><name>m4_s04_037_p_nic097</name><deleted>0</deleted><verified>0</verified><occluded>no</occluded><attributes></attributes><parts><hasparts></hasparts><ispartof></ispartof></parts><date>19-10-20 23:00:15:316</date><id>0</id><type>bounding_box</type><polygon><username>anonymous</username><pt><x>2927</x><y>1381</y><time>19-10-20 23:00:12:414</time></pt><pt><x>3791</x><y>1381</y><time>19-10-20 23:00:13:489</time></pt><pt><x>3791</x><y>2617</y><time>undefined</time></pt><pt><x>2927</x><y>2617</y><time>undefined</time></pt><closed_date>19-10-20 23:00:13:490</closed_date></polygon></object></annotation>