<annotation><filename>m2_s02_104_x.jpg</filename><folder>users/joselusava//m2_jsv</folder><source><submittedBy>Jose Saca</submittedBy></source><imagesize><nrows>2910</nrows><ncols>4361</ncols></imagesize><object><name>m2_s02_104_x</name><deleted>0</deleted><verified>0</verified><occluded>no</occluded><attributes></attributes><parts><hasparts></hasparts><ispartof></ispartof></parts><date>19-09-20 23:19:48:677</date><id>0</id><type>bounding_box</type><polygon><username>anonymous</username><pt><x>2855</x><y>2507</y><time>19-09-20 23:19:46:479</time></pt><pt><x>1297</x><y>2507</y><time>19-09-20 23:19:47:976</time></pt><pt><x>1297</x><y>348</y><time>undefined</time></pt><pt><x>2855</x><y>348</y><time>undefined</time></pt><closed_date>19-09-20 23:19:47:977</closed_date></polygon></object></annotation>