<annotation><filename>m2_s01_056_p_nic033.jpg</filename><folder>users/joselusava//m2_jsv/56/nic</folder><source><submittedBy>Jose Saca</submittedBy></source><imagesize><nrows>2850</nrows><ncols>4271</ncols></imagesize><object><name>m2_s01_056_p_nic033</name><deleted>0</deleted><verified>0</verified><occluded>no</occluded><attributes></attributes><parts><hasparts></hasparts><ispartof></ispartof></parts><date>28-09-20 22:18:35:908</date><id>0</id><type>bounding_box</type><polygon><username>anonymous</username><pt><x>4178</x><y>2802</y><time>28-09-20 22:18:33:418</time></pt><pt><x>2819</x><y>2802</y><time>28-09-20 22:18:34:889</time></pt><pt><x>2819</x><y>1231</y><time>undefined</time></pt><pt><x>4178</x><y>1231</y><time>undefined</time></pt><closed_date>28-09-20 22:18:34:890</closed_date></polygon></object></annotation>