<annotation><filename>m4_s02_015_p_nic052.jpg</filename><folder>users/joselusava//m4_js/caca</folder><source><submittedBy>Jose Saca</submittedBy></source><imagesize><nrows>2910</nrows><ncols>4361</ncols></imagesize><object><name>m4_s02_015_p_nic052</name><deleted>0</deleted><verified>0</verified><occluded>no</occluded><attributes></attributes><parts><hasparts></hasparts><ispartof></ispartof></parts><date>02-11-20 21:13:22:336</date><id>0</id><type>bounding_box</type><polygon><username>anonymous</username><pt><x>1584</x><y>1523</y><time>02-11-20 21:13:20:483</time></pt><pt><x>357</x><y>1523</y><time>02-11-20 21:13:21:443</time></pt><pt><x>357</x><y>87</y><time>undefined</time></pt><pt><x>1584</x><y>87</y><time>undefined</time></pt><closed_date>02-11-20 21:13:21:444</closed_date></polygon></object></annotation>