<annotation><filename>m1_s02_065_p_nic067.jpg</filename><folder>users/joselusava//valeria/sala2_065_nic</folder><source><submittedBy>Jose Saca</submittedBy></source><imagesize><nrows>2000</nrows><ncols>2992</ncols></imagesize><object><name>m1_s02_065_p_nic067</name><deleted>0</deleted><verified>0</verified><occluded>no</occluded><attributes></attributes><parts><hasparts></hasparts><ispartof></ispartof></parts><date>27-08-20 23:53:52:625</date><id>0</id><type>bounding_box</type><polygon><username>anonymous</username><pt><x>1836</x><y>1832</y><time>27-08-20 23:53:47:547</time></pt><pt><x>366</x><y>1832</y><time>27-08-20 23:53:49:569</time></pt><pt><x>366</x><y>1181</y><time>undefined</time></pt><pt><x>1836</x><y>1181</y><time>undefined</time></pt><closed_date>27-08-20 23:53:49:570</closed_date></polygon></object></annotation>