<annotation><filename>m4_s10_157_p_ic034.jpg</filename><folder>users/joselusava//valeria/m04_s10_157_nic</folder><source><submittedBy>Jose Saca</submittedBy></source><imagesize><nrows>2970</nrows><ncols>4451</ncols></imagesize><object><name>m4_s10_157_p_nic034</name><deleted>0</deleted><verified>0</verified><occluded>no</occluded><attributes></attributes><parts><hasparts></hasparts><ispartof></ispartof></parts><date>12-10-20 20:22:29:665</date><id>0</id><type>bounding_box</type><polygon><username>anonymous</username><pt><x>1463</x><y>2858</y><time>12-10-20 20:22:21:709</time></pt><pt><x>3111</x><y>2858</y><time>12-10-20 20:22:23:896</time></pt><pt><x>3111</x><y>731</y><time>undefined</time></pt><pt><x>1463</x><y>731</y><time>undefined</time></pt><closed_date>12-10-20 20:22:23:897</closed_date></polygon></object></annotation>