<annotation><filename>m2_s03_219_p_nic020.jpg</filename><folder>users/joselusava//valeria/m2_sala03_219_nic</folder><source><submittedBy>Jose Saca</submittedBy></source><imagesize><nrows>2910</nrows><ncols>4361</ncols></imagesize><object><name>m2_s03_219_p_nic020</name><deleted>0</deleted><verified>0</verified><occluded>no</occluded><attributes></attributes><parts><hasparts></hasparts><ispartof></ispartof></parts><date>29-09-20 17:25:02:124</date><id>0</id><type>bounding_box</type><polygon><username>anonymous</username><pt><x>3913</x><y>2039</y><time>29-09-20 17:24:56:602</time></pt><pt><x>2579</x><y>2039</y><time>29-09-20 17:24:59:179</time></pt><pt><x>2579</x><y>474</y><time>undefined</time></pt><pt><x>3913</x><y>474</y><time>undefined</time></pt><closed_date>29-09-20 17:24:59:180</closed_date></polygon></object></annotation>