<annotation><filename>m4_s02_015_p_nic017.jpg</filename><folder>users/joselusava//m4_js/caca</folder><source><submittedBy>Jose Saca</submittedBy></source><imagesize><nrows>2910</nrows><ncols>4361</ncols></imagesize><object><name>m4_s02_015_p_nic017</name><deleted>0</deleted><verified>0</verified><occluded>no</occluded><attributes></attributes><parts><hasparts></hasparts><ispartof></ispartof></parts><date>02-11-20 21:09:45:995</date><id>0</id><type>bounding_box</type><polygon><username>anonymous</username><pt><x>3882</x><y>174</y><time>02-11-20 21:09:40:837</time></pt><pt><x>2838</x><y>174</y><time>02-11-20 21:09:42:542</time></pt><pt><x>2838</x><y>1515</y><time>undefined</time></pt><pt><x>3882</x><y>1515</y><time>undefined</time></pt><closed_date>02-11-20 21:09:42:542</closed_date></polygon></object></annotation>