<annotation><filename>m4_s06_089_p_nic013.jpg</filename><folder>users/joselusava//santiago_2</folder><source><submittedBy>Jose Saca</submittedBy></source><imagesize><nrows>2970</nrows><ncols>4451</ncols></imagesize><object><name>m4_s06_089_p_nic013</name><deleted>0</deleted><verified>0</verified><occluded>no</occluded><attributes></attributes><parts><hasparts></hasparts><ispartof></ispartof></parts><date>12-10-20 20:43:25:921</date><id>0</id><type>bounding_box</type><polygon><username>anonymous</username><pt><x>443</x><y>468</y><time>12-10-20 20:43:22:163</time></pt><pt><x>1906</x><y>468</y><time>12-10-20 20:43:23:600</time></pt><pt><x>1906</x><y>2256</y><time>undefined</time></pt><pt><x>443</x><y>2256</y><time>undefined</time></pt><closed_date>12-10-20 20:43:23:602</closed_date></polygon></object></annotation>