<annotation><filename>m4_s05_060_p_nic098.jpg</filename><folder>users/joselusava//m4_js/60/nic</folder><source><submittedBy>Jose Saca</submittedBy></source><imagesize><nrows>2910</nrows><ncols>4361</ncols></imagesize><object><name>m4_s05_060_p_nic098</name><deleted>0</deleted><verified>0</verified><occluded>no</occluded><attributes></attributes><parts><hasparts></hasparts><ispartof></ispartof></parts><date>14-10-20 00:31:45:820</date><id>0</id><type>bounding_box</type><polygon><username>anonymous</username><pt><x>801</x><y>1950</y><time>14-10-20 00:31:43:934</time></pt><pt><x>4352</x><y>1950</y><time>14-10-20 00:31:45:026</time></pt><pt><x>4352</x><y>26</y><time>undefined</time></pt><pt><x>801</x><y>26</y><time>undefined</time></pt><closed_date>14-10-20 00:31:45:026</closed_date></polygon></object></annotation>