<annotation><filename>m4_s06_089_p_nic080.jpg</filename><folder>users/joselusava//santiago_2</folder><source><submittedBy>Jose Saca</submittedBy></source><imagesize><nrows>2970</nrows><ncols>4451</ncols></imagesize><object><name>m4_s06_089_p_nic080</name><deleted>0</deleted><verified>0</verified><occluded>no</occluded><attributes></attributes><parts><hasparts></hasparts><ispartof></ispartof></parts><date>12-10-20 22:11:27:719</date><id>0</id><type>bounding_box</type><polygon><username>anonymous</username><pt><x>2224</x><y>914</y><time>12-10-20 22:11:22:131</time></pt><pt><x>3170</x><y>914</y><time>12-10-20 22:11:23:549</time></pt><pt><x>3170</x><y>2663</y><time>undefined</time></pt><pt><x>2224</x><y>2663</y><time>undefined</time></pt><closed_date>12-10-20 22:11:23:550</closed_date></polygon></object></annotation>