<annotation><filename>m1_s02_052_p_nic026.jpg</filename><folder>users/joselusava//valeria/sala2_052_nic</folder><source><submittedBy>Jose Saca</submittedBy></source><imagesize><nrows>3200</nrows><ncols>4800</ncols></imagesize><object><name>m1_s02_052_p_nic026</name><deleted>0</deleted><verified>0</verified><occluded>no</occluded><attributes></attributes><parts><hasparts></hasparts><ispartof></ispartof></parts><date>27-08-20 14:55:25:990</date><id>0</id><type>bounding_box</type><polygon><username>anonymous</username><pt><x>3603</x><y>2201</y><time>27-08-20 14:55:19:658</time></pt><pt><x>1842</x><y>2201</y><time>27-08-20 14:55:22:655</time></pt><pt><x>1842</x><y>478</y><time>undefined</time></pt><pt><x>3603</x><y>478</y><time>undefined</time></pt><closed_date>27-08-20 14:55:22:657</closed_date></polygon></object></annotation>