<annotation><filename>m4_s02_015_p_nic072.jpg</filename><folder>users/joselusava//m4_js/15nic</folder><source><submittedBy>Jose Saca</submittedBy></source><imagesize><nrows>2910</nrows><ncols>4361</ncols></imagesize><object><name>m4_s02_015_p_nic072</name><deleted>0</deleted><verified>0</verified><occluded>no</occluded><attributes></attributes><parts><hasparts></hasparts><ispartof></ispartof></parts><date>06-10-20 20:11:23:651</date><id>0</id><type>bounding_box</type><polygon><username>anonymous</username><pt><x>1880</x><y>296</y><time>06-10-20 20:11:20:659</time></pt><pt><x>9</x><y>296</y><time>06-10-20 20:11:22:812</time></pt><pt><x>9</x><y>2089</y><time>undefined</time></pt><pt><x>1880</x><y>2089</y><time>undefined</time></pt><closed_date>06-10-20 20:11:22:813</closed_date></polygon></object></annotation>