<annotation><filename>m1_s02_036_p_nic050.jpg</filename><folder>users/joselusava//valeria/sala2_036_nic</folder><source><submittedBy>Jose Saca</submittedBy></source><imagesize><nrows>3200</nrows><ncols>4800</ncols></imagesize><object><name>m1_s02_036_p_nic049</name><deleted>0</deleted><verified>0</verified><occluded>no</occluded><attributes/><parts><hasparts/><ispartof/></parts><date>26-08-20 23:58:02:266</date><id>0</id><type>bounding_box</type><polygon><username>anonymous</username><pt><x>821</x><y>381</y><time>26-08-20 23:57:57:276</time></pt><pt><x>2110</x><y>381</y><time>26-08-20 23:57:59:053</time></pt><pt><x>2110</x><y>1536</y><time>undefined</time></pt><pt><x>821</x><y>1536</y><time>undefined</time></pt><closed_date>26-08-20 23:57:59:054</closed_date></polygon></object><object><name>m1_s02_036_p_nic046</name><deleted>0</deleted><verified>0</verified><occluded>no</occluded><attributes></attributes><parts><hasparts></hasparts><ispartof></ispartof></parts><date>27-08-20 00:23:23:467</date><id>1</id><type>bounding_box</type><polygon><username>anonymous</username><pt><x>795</x><y>338</y><time>27-08-20 00:23:17:857</time></pt><pt><x>2115</x><y>338</y><time>27-08-20 00:23:20:361</time></pt><pt><x>2115</x><y>1541</y><time>undefined</time></pt><pt><x>795</x><y>1541</y><time>undefined</time></pt><closed_date>27-08-20 00:23:20:362</closed_date></polygon></object></annotation>