<annotation><filename>m1_s06_168_p_ic083.jpg</filename><folder>users/joselusava//jacob_2/168ic</folder><source><submittedBy>Jose Saca</submittedBy></source><imagesize><nrows>2736</nrows><ncols>4100</ncols></imagesize><object><name>m1_s06_168_p_ic083</name><deleted>0</deleted><verified>0</verified><occluded>no</occluded><attributes></attributes><parts><hasparts></hasparts><ispartof></ispartof></parts><date>08-09-20 22:50:05:277</date><id>0</id><type>bounding_box</type><polygon><username>anonymous</username><pt><x>1015</x><y>2537</y><time>08-09-20 22:50:03:025</time></pt><pt><x>2897</x><y>2537</y><time>08-09-20 22:50:04:499</time></pt><pt><x>2897</x><y>450</y><time>undefined</time></pt><pt><x>1015</x><y>450</y><time>undefined</time></pt><closed_date>08-09-20 22:50:04:499</closed_date></polygon></object></annotation>