<annotation><filename>m1_s02_065_p_ic041.jpg</filename><folder>users/joselusava//valeria/sala2_065_ic</folder><source><submittedBy>Jose Saca</submittedBy></source><imagesize><nrows>2000</nrows><ncols>2992</ncols></imagesize><object><name>m1_s02_065_p_ic041</name><deleted>0</deleted><verified>0</verified><occluded>no</occluded><attributes></attributes><parts><hasparts></hasparts><ispartof></ispartof></parts><date>25-08-20 23:43:28:475</date><id>0</id><type>bounding_box</type><polygon><username>anonymous</username><pt><x>104</x><y>164</y><time>25-08-20 23:43:22:552</time></pt><pt><x>2916</x><y>164</y><time>25-08-20 23:43:25:008</time></pt><pt><x>2916</x><y>1775</y><time>undefined</time></pt><pt><x>104</x><y>1775</y><time>undefined</time></pt><closed_date>25-08-20 23:43:25:011</closed_date></polygon></object></annotation>