<annotation><filename>m4_s05_055_p_ic056.jpg</filename><folder>users/joselusava//valeria/m4_s05_055_ic</folder><source><submittedBy>Jose Saca</submittedBy></source><imagesize><nrows>2910</nrows><ncols>4361</ncols></imagesize><object><name>m4_s05_055_p_ic056</name><deleted>0</deleted><verified>0</verified><occluded>no</occluded><attributes></attributes><parts><hasparts></hasparts><ispartof></ispartof></parts><date>08-10-20 22:35:56:411</date><id>0</id><type>bounding_box</type><polygon><username>anonymous</username><pt><x>1141</x><y>303</y><time>08-10-20 22:35:47:252</time></pt><pt><x>3114</x><y>303</y><time>08-10-20 22:35:49:366</time></pt><pt><x>3114</x><y>2392</y><time>undefined</time></pt><pt><x>1141</x><y>2392</y><time>undefined</time></pt><closed_date>08-10-20 22:35:49:367</closed_date></polygon></object></annotation>