<annotation><filename>m1_s01_005_p_nic044.jpg</filename><folder>users/joselusava//museos2020</folder><source><submittedBy>Jose Saca</submittedBy></source><imagesize><nrows>2000</nrows><ncols>2992</ncols></imagesize><object><name>m1_s01_005_p_nic044</name><deleted>0</deleted><verified>0</verified><occluded>no</occluded><attributes></attributes><parts><hasparts></hasparts><ispartof></ispartof></parts><date>14-09-20 11:08:51:703</date><id>0</id><type>bounding_box</type><polygon><username>anonymous</username><pt><x>946</x><y>367</y><time>14-09-20 11:08:44:353</time></pt><pt><x>1288</x><y>367</y><time>14-09-20 11:08:45:373</time></pt><pt><x>1288</x><y>732</y><time>undefined</time></pt><pt><x>946</x><y>732</y><time>undefined</time></pt><closed_date>14-09-20 11:08:45:374</closed_date></polygon></object></annotation>