<annotation><filename>m2_s02_085_p_ic098.jpg</filename><folder>users/joselusava//m2_jsv/85/ic</folder><source><submittedBy>Jose Saca</submittedBy></source><imagesize><nrows>2910</nrows><ncols>4361</ncols></imagesize><object><name>m2_s02_085_p_ic098</name><deleted>0</deleted><verified>0</verified><occluded>no</occluded><attributes></attributes><parts><hasparts></hasparts><ispartof></ispartof></parts><date>17-09-20 20:12:36:137</date><id>0</id><type>bounding_box</type><polygon><username>anonymous</username><pt><x>1671</x><y>827</y><time>17-09-20 20:12:34:578</time></pt><pt><x>2690</x><y>827</y><time>17-09-20 20:12:35:539</time></pt><pt><x>2690</x><y>1924</y><time>undefined</time></pt><pt><x>1671</x><y>1924</y><time>undefined</time></pt><closed_date>17-09-20 20:12:35:540</closed_date></polygon></object></annotation>