<annotation><filename>m3_s01_010_p_ic047.jpg</filename><folder>users/joselusava//m4_js/m3/10/ic</folder><source><submittedBy>Jose Saca</submittedBy></source><imagesize><nrows>2970</nrows><ncols>4451</ncols></imagesize><object><name>m3_s01_010_p_ic047</name><deleted>0</deleted><verified>0</verified><occluded>no</occluded><attributes></attributes><parts><hasparts></hasparts><ispartof></ispartof></parts><date>29-10-20 13:07:50:980</date><id>0</id><type>bounding_box</type><polygon><username>anonymous</username><pt><x>3801</x><y>2715</y><time>29-10-20 13:07:48:012</time></pt><pt><x>500</x><y>2715</y><time>29-10-20 13:07:49:837</time></pt><pt><x>500</x><y>170</y><time>undefined</time></pt><pt><x>3801</x><y>170</y><time>undefined</time></pt><closed_date>29-10-20 13:07:49:838</closed_date></polygon></object></annotation>