<annotation><filename>m1_s02_029_p_nic034.jpg</filename><folder>users/joselusava//valeria/sala2_029_nic</folder><source><submittedBy>Jose Saca</submittedBy></source><imagesize><nrows>3200</nrows><ncols>4800</ncols></imagesize><object><name>m1_s02_029_p_nic034</name><deleted>0</deleted><verified>0</verified><occluded>no</occluded><attributes></attributes><parts><hasparts></hasparts><ispartof></ispartof></parts><date>26-08-20 18:37:02:252</date><id>0</id><type>bounding_box</type><polygon><username>anonymous</username><pt><x>3495</x><y>370</y><time>26-08-20 18:36:57:074</time></pt><pt><x>4505</x><y>370</y><time>26-08-20 18:36:59:209</time></pt><pt><x>4505</x><y>1632</y><time>undefined</time></pt><pt><x>3495</x><y>1632</y><time>undefined</time></pt><closed_date>26-08-20 18:36:59:210</closed_date></polygon></object></annotation>