<annotation><filename>m4_s11_176_p_nic002.jpg</filename><folder>users/joselusava//m4_js/176/nic</folder><source><submittedBy>Jose Saca</submittedBy></source><imagesize><nrows>2970</nrows><ncols>4451</ncols></imagesize><object><name>m4_s11_176_p_nic002</name><deleted>0</deleted><verified>0</verified><occluded>no</occluded><attributes></attributes><parts><hasparts></hasparts><ispartof></ispartof></parts><date>15-10-20 11:21:35:346</date><id>0</id><type>bounding_box</type><polygon><username>anonymous</username><pt><x>4442</x><y>2770</y><time>15-10-20 11:21:33:396</time></pt><pt><x>2354</x><y>2770</y><time>15-10-20 11:21:34:477</time></pt><pt><x>2354</x><y>805</y><time>undefined</time></pt><pt><x>4442</x><y>805</y><time>undefined</time></pt><closed_date>15-10-20 11:21:34:477</closed_date></polygon></object></annotation>