<annotation><filename>m2_s07_264_p_nic018.jpg</filename><folder>users/joselusava//valeria/sala7_264_nic</folder><source><submittedBy>Jose Saca</submittedBy></source><imagesize><nrows>2910</nrows><ncols>4361</ncols></imagesize><object><name>m2_s07_264_p_nic018</name><deleted>0</deleted><verified>0</verified><occluded>no</occluded><attributes></attributes><parts><hasparts></hasparts><ispartof></ispartof></parts><date>23-09-20 19:39:28:803</date><id>0</id><type>bounding_box</type><polygon><username>anonymous</username><pt><x>2695</x><y>1951</y><time>23-09-20 19:39:24:043</time></pt><pt><x>4034</x><y>1951</y><time>23-09-20 19:39:26:046</time></pt><pt><x>4034</x><y>254</y><time>undefined</time></pt><pt><x>2695</x><y>254</y><time>undefined</time></pt><closed_date>23-09-20 19:39:26:047</closed_date></polygon></object></annotation>