<annotation><filename>m4_s04_038_x.jpg</filename><folder>users/joselusava//kath/m4_x</folder><source><submittedBy>Jose Saca</submittedBy></source><imagesize><nrows>2970</nrows><ncols>4451</ncols></imagesize><object><name>m4_s04_038_x</name><deleted>0</deleted><verified>0</verified><occluded>no</occluded><attributes></attributes><parts><hasparts></hasparts><ispartof></ispartof></parts><date>20-10-20 07:11:44:664</date><id>0</id><polygon><username>anonymous</username><pt><x>14</x><y>0</y><time>20-10-20 07:11:30:160</time></pt><pt><x>437</x><y>2422</y><time>20-10-20 07:11:36:508</time></pt><pt><x>3239</x><y>1706</y><time>20-10-20 07:11:37:364</time></pt><pt><x>1374</x><y>62</y><time>20-10-20 07:11:39:208</time></pt><closed_date>20-10-20 07:11:40:855</closed_date></polygon></object></annotation>