<annotation><filename>m1_s06_144_p_ic083.jpg</filename><folder>users/joselusava//jacob_2/144ic</folder><source><submittedBy>Jose Saca</submittedBy></source><imagesize><nrows>2736</nrows><ncols>4100</ncols></imagesize><object><name>m1_s06_144_p_ic083</name><deleted>0</deleted><verified>0</verified><occluded>no</occluded><attributes></attributes><parts><hasparts></hasparts><ispartof></ispartof></parts><date>08-09-20 01:41:51:607</date><id>0</id><type>bounding_box</type><polygon><username>anonymous</username><pt><x>655</x><y>2529</y><time>08-09-20 01:41:49:611</time></pt><pt><x>3470</x><y>2529</y><time>08-09-20 01:41:50:988</time></pt><pt><x>3470</x><y>352</y><time>undefined</time></pt><pt><x>655</x><y>352</y><time>undefined</time></pt><closed_date>08-09-20 01:41:50:989</closed_date></polygon></object></annotation>