<annotation><filename>m4_s05_052_p_nic093.jpg</filename><folder>users/joselusava//santiago_2</folder><source><submittedBy>Jose Saca</submittedBy></source><imagesize><nrows>2910</nrows><ncols>4361</ncols></imagesize><object><name>m4_s05_052_p_nic093</name><deleted>0</deleted><verified>0</verified><occluded>no</occluded><attributes></attributes><parts><hasparts></hasparts><ispartof></ispartof></parts><date>08-10-20 22:44:55:007</date><id>0</id><type>bounding_box</type><polygon><username>anonymous</username><pt><x>2512</x><y>568</y><time>08-10-20 22:44:50:825</time></pt><pt><x>3852</x><y>568</y><time>08-10-20 22:44:52:415</time></pt><pt><x>3852</x><y>1985</y><time>undefined</time></pt><pt><x>2512</x><y>1985</y><time>undefined</time></pt><closed_date>08-10-20 22:44:52:417</closed_date></polygon></object></annotation>