<annotation><filename>m4_s05_055_p_nic063.jpg</filename><folder>users/joselusava//valeria/m4_s05_055_nic</folder><source><submittedBy>Jose Saca</submittedBy></source><imagesize><nrows>2910</nrows><ncols>4361</ncols></imagesize><object><name>m4_s05_055_p_nic063</name><deleted>0</deleted><verified>0</verified><occluded>no</occluded><attributes></attributes><parts><hasparts></hasparts><ispartof></ispartof></parts><date>09-10-20 17:55:38:506</date><id>0</id><type>bounding_box</type><polygon><username>anonymous</username><pt><x>2596</x><y>1190</y><time>09-10-20 17:55:32:147</time></pt><pt><x>3819</x><y>1190</y><time>09-10-20 17:55:35:713</time></pt><pt><x>3819</x><y>2745</y><time>undefined</time></pt><pt><x>2596</x><y>2745</y><time>undefined</time></pt><closed_date>09-10-20 17:55:35:714</closed_date></polygon></object></annotation>