<annotation><filename>m4_s12_185_p_nic057.jpg</filename><folder>users/joselusava//valeria/m04_s12_185_nic</folder><source><submittedBy>Jose Saca</submittedBy></source><imagesize><nrows>2910</nrows><ncols>4361</ncols></imagesize><object><name>m4_s12_185_p_nic057</name><deleted>0</deleted><verified>0</verified><occluded>no</occluded><attributes></attributes><parts><hasparts></hasparts><ispartof></ispartof></parts><date>17-10-20 23:24:48:633</date><id>0</id><type>bounding_box</type><polygon><username>anonymous</username><pt><x>1147</x><y>2099</y><time>17-10-20 23:24:43:213</time></pt><pt><x>2944</x><y>2099</y><time>17-10-20 23:24:45:719</time></pt><pt><x>2944</x><y>95</y><time>undefined</time></pt><pt><x>1147</x><y>95</y><time>undefined</time></pt><closed_date>17-10-20 23:24:45:720</closed_date></polygon></object></annotation>