<annotation><filename>m2_s05_236_p_nic002.jpg</filename><folder>users/joselusava//museos2020</folder><source><submittedBy>Jose Saca</submittedBy></source><imagesize><nrows>2910</nrows><ncols>4361</ncols></imagesize><object><name>m2_s05_236_p_nic002</name><deleted>0</deleted><verified>0</verified><occluded>no</occluded><attributes></attributes><parts><hasparts></hasparts><ispartof></ispartof></parts><date>16-09-20 20:15:55:222</date><id>0</id><type>bounding_box</type><polygon><username>anonymous</username><pt><x>1813</x><y>651</y><time>16-09-20 20:15:47:071</time></pt><pt><x>4212</x><y>651</y><time>16-09-20 20:15:48:673</time></pt><pt><x>4212</x><y>2385</y><time>undefined</time></pt><pt><x>1813</x><y>2385</y><time>undefined</time></pt><closed_date>16-09-20 20:15:48:674</closed_date></polygon></object></annotation>