<annotation><filename>m2_s01_001_p_ic093.jpg</filename><folder>users/joselusava//santiago</folder><source><submittedBy>Jose Saca</submittedBy></source><imagesize><nrows>2850</nrows><ncols>4271</ncols></imagesize><object><name>m2_s01_001_p_ic093</name><deleted>0</deleted><verified>0</verified><occluded>no</occluded><attributes></attributes><parts><hasparts></hasparts><ispartof></ispartof></parts><date>19-09-20 10:47:30:720</date><id>0</id><type>bounding_box</type><polygon><username>anonymous</username><pt><x>894</x><y>619</y><time>19-09-20 10:47:23:395</time></pt><pt><x>2975</x><y>619</y><time>19-09-20 10:47:25:054</time></pt><pt><x>2975</x><y>2558</y><time>undefined</time></pt><pt><x>894</x><y>2558</y><time>undefined</time></pt><closed_date>19-09-20 10:47:25:055</closed_date></polygon></object></annotation>