<annotation><filename>m4_s02_021_p_nic040.jpg</filename><folder>users/joselusava//santiago_2</folder><source><submittedBy>Jose Saca</submittedBy></source><imagesize><nrows>2910</nrows><ncols>4361</ncols></imagesize><object><name>m4_s02_021_p_nic040</name><deleted>0</deleted><verified>0</verified><occluded>no</occluded><attributes></attributes><parts><hasparts></hasparts><ispartof></ispartof></parts><date>04-10-20 22:27:08:026</date><id>0</id><type>bounding_box</type><polygon><username>anonymous</username><pt><x>2622</x><y>208</y><time>04-10-20 22:27:05:215</time></pt><pt><x>3669</x><y>208</y><time>04-10-20 22:27:06:217</time></pt><pt><x>3669</x><y>1826</y><time>undefined</time></pt><pt><x>2622</x><y>1826</y><time>undefined</time></pt><closed_date>04-10-20 22:27:06:218</closed_date></polygon></object></annotation>