<annotation><filename>m4_s12_185_p_ic096.jpg</filename><folder>users/joselusava//valeria/m04_s12_185_ic</folder><source><submittedBy>Jose Saca</submittedBy></source><imagesize><nrows>2910</nrows><ncols>4361</ncols></imagesize><object><name>m4_s12_185_p_ic096</name><deleted>0</deleted><verified>0</verified><occluded>no</occluded><attributes></attributes><parts><hasparts></hasparts><ispartof></ispartof></parts><date>17-10-20 18:59:57:738</date><id>0</id><type>bounding_box</type><polygon><username>anonymous</username><pt><x>1192</x><y>2832</y><time>17-10-20 18:59:46:947</time></pt><pt><x>3302</x><y>2832</y><time>17-10-20 18:59:50:697</time></pt><pt><x>3302</x><y>308</y><time>undefined</time></pt><pt><x>1192</x><y>308</y><time>undefined</time></pt><closed_date>17-10-20 18:59:50:698</closed_date></polygon></object></annotation>