<annotation><filename>m1_s06_186_p_nic065.jpg</filename><folder>users/joselusava//jacob_2/186nic</folder><source><submittedBy>Jose Saca</submittedBy></source><imagesize><nrows>2736</nrows><ncols>4100</ncols></imagesize><object><name>m1_s06_186_p_nic065</name><deleted>0</deleted><verified>0</verified><occluded>no</occluded><attributes></attributes><parts><hasparts></hasparts><ispartof></ispartof></parts><date>09-09-20 23:25:27:348</date><id>0</id><type>bounding_box</type><polygon><username>anonymous</username><pt><x>3748</x><y>2242</y><time>09-09-20 23:25:24:372</time></pt><pt><x>2676</x><y>2242</y><time>09-09-20 23:25:26:526</time></pt><pt><x>2676</x><y>319</y><time>undefined</time></pt><pt><x>3748</x><y>319</y><time>undefined</time></pt><closed_date>09-09-20 23:25:26:526</closed_date></polygon></object></annotation>