<annotation><filename>m3_s01_002_p_nic059.jpg</filename><folder>users/joselusava//santiago_3</folder><source><submittedBy>Jose Saca</submittedBy></source><imagesize><nrows>2970</nrows><ncols>4451</ncols></imagesize><object><name>m3_s01_002_p_nic059</name><deleted>0</deleted><verified>0</verified><occluded>no</occluded><attributes></attributes><parts><hasparts></hasparts><ispartof></ispartof></parts><date>29-10-20 20:52:46:553</date><id>0</id><type>bounding_box</type><polygon><username>anonymous</username><pt><x>2149</x><y>407</y><time>29-10-20 20:52:43:045</time></pt><pt><x>4087</x><y>407</y><time>29-10-20 20:52:44:335</time></pt><pt><x>4087</x><y>1974</y><time>undefined</time></pt><pt><x>2149</x><y>1974</y><time>undefined</time></pt><closed_date>29-10-20 20:52:44:336</closed_date></polygon></object></annotation>