<annotation><filename>m2_s03_248_p_nic049.jpg</filename><folder>users/joselusava//museos2020</folder><source><submittedBy>Jose Saca</submittedBy></source><imagesize><nrows>2910</nrows><ncols>4361</ncols></imagesize><object><name>m2_s03_248_p_nic049</name><deleted>0</deleted><verified>0</verified><occluded>no</occluded><attributes></attributes><parts><hasparts></hasparts><ispartof></ispartof></parts><date>27-09-20 17:15:14:926</date><id>0</id><polygon><username>anonymous</username><pt><x>377</x><y>730</y><time>27-09-20 17:15:01:535</time></pt><pt><x>2473</x><y>688</y><time>27-09-20 17:15:02:818</time></pt><pt><x>1925</x><y>1381</y><time>27-09-20 17:15:03:627</time></pt><pt><x>214</x><y>967</y><time>27-09-20 17:15:04:636</time></pt><closed_date>27-09-20 17:15:07:120</closed_date></polygon></object></annotation>