<annotation><filename>m2_s07_264_p_nic024.jpg</filename><folder>users/joselusava//valeria/sala7_264_nic</folder><source><submittedBy>Jose Saca</submittedBy></source><imagesize><nrows>2910</nrows><ncols>4361</ncols></imagesize><object><name>m2_s07_264_p_nic024</name><deleted>0</deleted><verified>0</verified><occluded>no</occluded><attributes></attributes><parts><hasparts></hasparts><ispartof></ispartof></parts><date>23-09-20 19:47:15:100</date><id>0</id><type>bounding_box</type><polygon><username>anonymous</username><pt><x>2149</x><y>2679</y><time>23-09-20 19:47:09:695</time></pt><pt><x>3571</x><y>2679</y><time>23-09-20 19:47:12:048</time></pt><pt><x>3571</x><y>1047</y><time>undefined</time></pt><pt><x>2149</x><y>1047</y><time>undefined</time></pt><closed_date>23-09-20 19:47:12:049</closed_date></polygon></object></annotation>