<annotation><filename>m3_s01_002_p_nic083.jpg</filename><folder>users/joselusava//santiago_3</folder><source><submittedBy>Jose Saca</submittedBy></source><imagesize><nrows>2970</nrows><ncols>4451</ncols></imagesize><object><name>m3_s01_002_p_nic083</name><deleted>0</deleted><verified>0</verified><occluded>no</occluded><attributes></attributes><parts><hasparts></hasparts><ispartof></ispartof></parts><date>29-10-20 21:09:38:431</date><id>0</id><type>bounding_box</type><polygon><username>anonymous</username><pt><x>1539</x><y>1099</y><time>29-10-20 21:09:35:190</time></pt><pt><x>3363</x><y>1099</y><time>29-10-20 21:09:36:405</time></pt><pt><x>3363</x><y>2663</y><time>undefined</time></pt><pt><x>1539</x><y>2663</y><time>undefined</time></pt><closed_date>29-10-20 21:09:36:406</closed_date></polygon></object></annotation>