<annotation><filename>m2_s06_244_p_nic054.jpg</filename><folder>users/joselusava//museos2020</folder><source><submittedBy>Jose Saca</submittedBy></source><imagesize><nrows>2910</nrows><ncols>4361</ncols></imagesize><object><name>m2_s06_244_p_ic054</name><deleted>0</deleted><verified>0</verified><occluded>no</occluded><attributes></attributes><parts><hasparts></hasparts><ispartof></ispartof></parts><date>25-09-20 19:06:34:371</date><id>0</id><type>bounding_box</type><polygon><username>anonymous</username><pt><x>1794</x><y>1859</y><time>25-09-20 19:06:25:270</time></pt><pt><x>3333</x><y>1859</y><time>25-09-20 19:06:26:408</time></pt><pt><x>3333</x><y>2557</y><time>undefined</time></pt><pt><x>1794</x><y>2557</y><time>undefined</time></pt><closed_date>25-09-20 19:06:26:409</closed_date></polygon></object></annotation>