<annotation><filename>m4_s10_157_p_ic006.jpg</filename><folder>users/joselusava//valeria/m04_s10_157_nic</folder><source><submittedBy>Jose Saca</submittedBy></source><imagesize><nrows>2970</nrows><ncols>4451</ncols></imagesize><object><name>m4_s10_157_p_nic006</name><deleted>0</deleted><verified>0</verified><occluded>no</occluded><attributes></attributes><parts><hasparts></hasparts><ispartof></ispartof></parts><date>12-10-20 19:00:03:899</date><id>0</id><type>bounding_box</type><polygon><username>anonymous</username><pt><x>2419</x><y>2391</y><time>12-10-20 18:59:58:505</time></pt><pt><x>4224</x><y>2391</y><time>12-10-20 19:00:00:953</time></pt><pt><x>4224</x><y>276</y><time>undefined</time></pt><pt><x>2419</x><y>276</y><time>undefined</time></pt><closed_date>12-10-20 19:00:00:954</closed_date></polygon></object></annotation>