<annotation><filename>m4_s10_154_p_ic006.jpg</filename><folder>users/joselusava//valeria/m04_s10_154_ic</folder><source><submittedBy>Jose Saca</submittedBy></source><imagesize><nrows>2970</nrows><ncols>4451</ncols></imagesize><object><name>m4_s10_154_p_ic006</name><deleted>0</deleted><verified>0</verified><occluded>no</occluded><attributes></attributes><parts><hasparts></hasparts><ispartof></ispartof></parts><date>13-10-20 17:08:33:300</date><id>0</id><type>bounding_box</type><polygon><username>anonymous</username><pt><x>1429</x><y>2571</y><time>13-10-20 17:08:27:124</time></pt><pt><x>2880</x><y>2571</y><time>13-10-20 17:08:29:641</time></pt><pt><x>2880</x><y>304</y><time>undefined</time></pt><pt><x>1429</x><y>304</y><time>undefined</time></pt><closed_date>13-10-20 17:08:29:642</closed_date></polygon></object></annotation>