<annotation><filename>m2_s03_201_p_ic026.jpg</filename><folder>users/joselusava//eg</folder><source><submittedBy>Jose Saca</submittedBy></source><imagesize><nrows>3000</nrows><ncols>4496</ncols></imagesize><object><name>m2_s03_219_p_ic026</name><deleted>0</deleted><verified>0</verified><occluded>no</occluded><attributes></attributes><parts><hasparts></hasparts><ispartof></ispartof></parts><date>16-09-20 13:17:02:942</date><id>0</id><type>bounding_box</type><polygon><username>anonymous</username><pt><x>635</x><y>74</y><time>16-09-20 13:16:58:788</time></pt><pt><x>3732</x><y>74</y><time>16-09-20 13:17:00:177</time></pt><pt><x>3732</x><y>2874</y><time>undefined</time></pt><pt><x>635</x><y>2874</y><time>undefined</time></pt><closed_date>16-09-20 13:17:00:179</closed_date></polygon></object></annotation>