<annotation><filename>m1_s02_065_p_nic070.jpg</filename><folder>users/joselusava//valeria/sala2_065_nic</folder><source><submittedBy>Jose Saca</submittedBy></source><imagesize><nrows>2000</nrows><ncols>2992</ncols></imagesize><object><name>m1_s02_065_p_nic070</name><deleted>0</deleted><verified>0</verified><occluded>no</occluded><attributes></attributes><parts><hasparts></hasparts><ispartof></ispartof></parts><date>27-08-20 23:57:51:824</date><id>0</id><type>bounding_box</type><polygon><username>anonymous</username><pt><x>2426</x><y>819</y><time>27-08-20 23:57:46:893</time></pt><pt><x>953</x><y>819</y><time>27-08-20 23:57:48:833</time></pt><pt><x>953</x><y>205</y><time>undefined</time></pt><pt><x>2426</x><y>205</y><time>undefined</time></pt><closed_date>27-08-20 23:57:48:834</closed_date></polygon></object></annotation>