<annotation><filename>m1_s01_001_p_nic063.jpg</filename><folder>users/joselusava//juancarlos</folder><source><submittedBy>Jose Saca</submittedBy></source><imagesize><nrows>3200</nrows><ncols>4800</ncols></imagesize><object><name>m1_s01_001_p_nic063</name><deleted>0</deleted><verified>0</verified><occluded>no</occluded><attributes></attributes><parts><hasparts></hasparts><ispartof></ispartof></parts><date>09-09-20 17:38:44:286</date><id>0</id><type>bounding_box</type><polygon><username>anonymous</username><pt><x>2921</x><y>2364</y><time>09-09-20 17:38:33:506</time></pt><pt><x>3976</x><y>2364</y><time>09-09-20 17:38:37:327</time></pt><pt><x>3976</x><y>2945</y><time>undefined</time></pt><pt><x>2921</x><y>2945</y><time>undefined</time></pt><closed_date>09-09-20 17:38:37:329</closed_date></polygon></object></annotation>