<annotation><filename>m3_s01_002_p_nic003.jpg</filename><folder>users/joselusava//santiago_3</folder><source><submittedBy>Jose Saca</submittedBy></source><imagesize><nrows>2970</nrows><ncols>4451</ncols></imagesize><object><name>m3_s01_002_p_nic003</name><deleted>0</deleted><verified>0</verified><occluded>no</occluded><attributes></attributes><parts><hasparts></hasparts><ispartof></ispartof></parts><date>29-10-20 15:25:46:220</date><id>0</id><type>bounding_box</type><polygon><username>anonymous</username><pt><x>1560</x><y>528</y><time>29-10-20 15:25:42:938</time></pt><pt><x>4319</x><y>528</y><time>29-10-20 15:25:44:187</time></pt><pt><x>4319</x><y>2502</y><time>undefined</time></pt><pt><x>1560</x><y>2502</y><time>undefined</time></pt><closed_date>29-10-20 15:25:44:187</closed_date></polygon></object></annotation>