<annotation><filename>m1_s02_036_p_nic020.jpg</filename><folder>users/joselusava//valeria/sala2_036_nic</folder><source><submittedBy>Jose Saca</submittedBy></source><imagesize><nrows>3200</nrows><ncols>4800</ncols></imagesize><object><name>m1_s02_036_p_nic020</name><deleted>0</deleted><verified>0</verified><occluded>no</occluded><attributes></attributes><parts><hasparts></hasparts><ispartof></ispartof></parts><date>26-08-20 22:34:30:641</date><id>0</id><type>bounding_box</type><polygon><username>anonymous</username><pt><x>3216</x><y>381</y><time>26-08-20 22:34:24:511</time></pt><pt><x>4091</x><y>381</y><time>26-08-20 22:34:27:215</time></pt><pt><x>4091</x><y>1514</y><time>undefined</time></pt><pt><x>3216</x><y>1514</y><time>undefined</time></pt><closed_date>26-08-20 22:34:27:216</closed_date></polygon></object></annotation>