<annotation><filename>m4_s03_025_p_nic034.jpg</filename><folder>users/joselusava//santiago_3</folder><source><submittedBy>Jose Saca</submittedBy></source><imagesize><nrows>2910</nrows><ncols>4361</ncols></imagesize><object><name>m4_s03_025_p_nic034</name><deleted>0</deleted><verified>0</verified><occluded>no</occluded><attributes></attributes><parts><hasparts></hasparts><ispartof></ispartof></parts><date>07-11-20 23:48:47:781</date><id>0</id><type>bounding_box</type><polygon><username>anonymous</username><pt><x>1630</x><y>1417</y><time>07-11-20 23:48:43:035</time></pt><pt><x>4089</x><y>1417</y><time>07-11-20 23:48:45:043</time></pt><pt><x>4089</x><y>2532</y><time>undefined</time></pt><pt><x>1630</x><y>2532</y><time>undefined</time></pt><closed_date>07-11-20 23:48:45:044</closed_date></polygon></object></annotation>