<annotation><filename>m1_s01_017_p_ic098.jpg</filename><folder>users/joselusava//santiago</folder><source><submittedBy>Jose Saca</submittedBy></source><imagesize><nrows>3200</nrows><ncols>4800</ncols></imagesize><object><name>m1_s01_017_p_ic098</name><deleted>0</deleted><verified>0</verified><occluded>no</occluded><attributes></attributes><parts><hasparts></hasparts><ispartof></ispartof></parts><date>10-09-20 23:26:18:003</date><id>0</id><type>bounding_box</type><polygon><username>anonymous</username><pt><x>1407</x><y>1062</y><time>10-09-20 23:26:10:381</time></pt><pt><x>3405</x><y>1062</y><time>10-09-20 23:26:12:459</time></pt><pt><x>3405</x><y>2599</y><time>undefined</time></pt><pt><x>1407</x><y>2599</y><time>undefined</time></pt><closed_date>10-09-20 23:26:12:460</closed_date></polygon></object></annotation>