<annotation><filename>m1_s06_144_p_nic092.jpg</filename><folder>users/joselusava//jacob_2/144nic</folder><source><submittedBy>Jose Saca</submittedBy></source><imagesize><nrows>2736</nrows><ncols>4100</ncols></imagesize><object><name>m1_s06_144_p_nic092</name><deleted>0</deleted><verified>0</verified><occluded>no</occluded><attributes></attributes><parts><hasparts></hasparts><ispartof></ispartof></parts><date>08-09-20 14:03:17:223</date><id>0</id><type>bounding_box</type><polygon><username>anonymous</username><pt><x>334</x><y>2127</y><time>08-09-20 14:03:14:967</time></pt><pt><x>2079</x><y>2127</y><time>08-09-20 14:03:16:605</time></pt><pt><x>2079</x><y>562</y><time>undefined</time></pt><pt><x>334</x><y>562</y><time>undefined</time></pt><closed_date>08-09-20 14:03:16:605</closed_date></polygon></object></annotation>