<annotation><filename>m1_s06_177_x.jpg</filename><folder>users/joselusava//jacob_2/sala6</folder><source><submittedBy>Jose Saca</submittedBy></source><imagesize><nrows>2736</nrows><ncols>4100</ncols></imagesize><object><name>m1_s06_177_x</name><deleted>0</deleted><verified>0</verified><occluded>no</occluded><attributes></attributes><parts><hasparts></hasparts><ispartof></ispartof></parts><date>06-09-20 01:50:15:105</date><id>0</id><type>bounding_box</type><polygon><username>anonymous</username><pt><x>913</x><y>2470</y><time>06-09-20 01:50:11:861</time></pt><pt><x>3187</x><y>2470</y><time>06-09-20 01:50:14:341</time></pt><pt><x>3187</x><y>187</y><time>undefined</time></pt><pt><x>913</x><y>187</y><time>undefined</time></pt><closed_date>06-09-20 01:50:14:342</closed_date></polygon></object></annotation>