<annotation><filename>m2_s01_054_p_nic090.jpg</filename><folder>users/joselusava//kath_54</folder><source><submittedBy>Jose Saca</submittedBy></source><imagesize><nrows>2850</nrows><ncols>4271</ncols></imagesize><object><name>m2_s01_054_p_nic090</name><deleted>0</deleted><verified>0</verified><occluded>no</occluded><attributes></attributes><parts><hasparts></hasparts><ispartof></ispartof></parts><date>02-10-20 11:47:34:234</date><id>0</id><type>bounding_box</type><polygon><username>anonymous</username><pt><x>2962</x><y>583</y><time>02-10-20 11:47:28:019</time></pt><pt><x>3784</x><y>583</y><time>02-10-20 11:47:31:375</time></pt><pt><x>3784</x><y>1966</y><time>undefined</time></pt><pt><x>2962</x><y>1966</y><time>undefined</time></pt><closed_date>02-10-20 11:47:31:376</closed_date></polygon></object></annotation>