<annotation><filename>m2_s02_190_p_ic017.jpg</filename><folder>users/joselusava//m2_jsv/190/ic</folder><source><submittedBy>Jose Saca</submittedBy></source><imagesize><nrows>2910</nrows><ncols>4361</ncols></imagesize><object><name>m2_s02_190_p_ic017</name><deleted>0</deleted><verified>0</verified><occluded>no</occluded><attributes></attributes><parts><hasparts></hasparts><ispartof></ispartof></parts><date>20-09-20 17:28:11:172</date><id>0</id><type>bounding_box</type><polygon><username>anonymous</username><pt><x>2777</x><y>2411</y><time>20-09-20 17:28:09:412</time></pt><pt><x>1584</x><y>2411</y><time>20-09-20 17:28:10:570</time></pt><pt><x>1584</x><y>496</y><time>undefined</time></pt><pt><x>2777</x><y>496</y><time>undefined</time></pt><closed_date>20-09-20 17:28:10:571</closed_date></polygon></object></annotation>