<annotation><filename>m3_s01_023_p_nic035.jpg</filename><folder>users/joselusava//santiago_3</folder><source><submittedBy>Jose Saca</submittedBy></source><imagesize><nrows>2970</nrows><ncols>4451</ncols></imagesize><object><name>m3_s01_023_p_nic035</name><deleted>0</deleted><verified>0</verified><occluded>no</occluded><attributes></attributes><parts><hasparts></hasparts><ispartof></ispartof></parts><date>06-11-20 09:24:08:420</date><id>0</id><type>bounding_box</type><polygon><username>anonymous</username><pt><x>2174</x><y>253</y><time>06-11-20 09:24:04:792</time></pt><pt><x>3816</x><y>253</y><time>06-11-20 09:24:06:009</time></pt><pt><x>3816</x><y>2056</y><time>undefined</time></pt><pt><x>2174</x><y>2056</y><time>undefined</time></pt><closed_date>06-11-20 09:24:06:010</closed_date></polygon></object></annotation>