<annotation><filename>m3_s01_010_p_ic006.jpg</filename><folder>users/joselusava//m4_js/m3/10/ic</folder><source><submittedBy>Jose Saca</submittedBy></source><imagesize><nrows>2970</nrows><ncols>4451</ncols></imagesize><object><name>m3_s01_010_p_ic006</name><deleted>0</deleted><verified>0</verified><occluded>no</occluded><attributes></attributes><parts><hasparts></hasparts><ispartof></ispartof></parts><date>29-10-20 09:42:11:681</date><id>0</id><type>bounding_box</type><polygon><username>anonymous</username><pt><x>3125</x><y>2641</y><time>29-10-20 09:42:09:240</time></pt><pt><x>1115</x><y>2641</y><time>29-10-20 09:42:10:824</time></pt><pt><x>1115</x><y>400</y><time>undefined</time></pt><pt><x>3125</x><y>400</y><time>undefined</time></pt><closed_date>29-10-20 09:42:10:825</closed_date></polygon></object></annotation>