<annotation><filename>m3_s01_018_p_ic063.jpg</filename><folder>users/joselusava//m4_js/18/ic</folder><source><submittedBy>Jose Saca</submittedBy></source><imagesize><nrows>2970</nrows><ncols>4451</ncols></imagesize><object><name>m3_s01_018_p_ic063</name><deleted>0</deleted><verified>0</verified><occluded>no</occluded><attributes></attributes><parts><hasparts></hasparts><ispartof></ispartof></parts><date>05-11-20 14:17:41:689</date><id>0</id><type>bounding_box</type><polygon><username>anonymous</username><pt><x>32</x><y>2610</y><time>05-11-20 14:17:38:905</time></pt><pt><x>4083</x><y>2610</y><time>05-11-20 14:17:41:035</time></pt><pt><x>4083</x><y>253</y><time>undefined</time></pt><pt><x>32</x><y>253</y><time>undefined</time></pt><closed_date>05-11-20 14:17:41:036</closed_date></polygon></object></annotation>