<annotation><filename>m4_s11_178_p_nic005.jpg</filename><folder>users/joselusava//santiago_2</folder><source><submittedBy>Jose Saca</submittedBy></source><imagesize><nrows>2970</nrows><ncols>4451</ncols></imagesize><object><name>m4_s11_178_p_nic005</name><deleted>0</deleted><verified>0</verified><occluded>no</occluded><attributes></attributes><parts><hasparts></hasparts><ispartof></ispartof></parts><date>15-10-20 22:58:51:139</date><id>0</id><type>bounding_box</type><polygon><username>anonymous</username><pt><x>2563</x><y>546</y><time>15-10-20 22:58:47:646</time></pt><pt><x>3991</x><y>546</y><time>15-10-20 22:58:49:327</time></pt><pt><x>3991</x><y>1956</y><time>undefined</time></pt><pt><x>2563</x><y>1956</y><time>undefined</time></pt><closed_date>15-10-20 22:58:49:327</closed_date></polygon></object></annotation>