<annotation><filename>m4_s04_045_p_nic009.jpg</filename><folder>users/joselusava//valeria/m04_s04_45_nic</folder><source><submittedBy>Jose Saca</submittedBy></source><imagesize><nrows>2970</nrows><ncols>4451</ncols></imagesize><object><name>m4_s04_045_p_nic009</name><deleted>0</deleted><verified>0</verified><occluded>no</occluded><attributes></attributes><parts><hasparts></hasparts><ispartof></ispartof></parts><date>20-10-20 00:12:03:051</date><id>0</id><type>bounding_box</type><polygon><username>anonymous</username><pt><x>2861</x><y>1542</y><time>20-10-20 00:11:58:413</time></pt><pt><x>3701</x><y>1542</y><time>20-10-20 00:12:00:124</time></pt><pt><x>3701</x><y>183</y><time>undefined</time></pt><pt><x>2861</x><y>183</y><time>undefined</time></pt><closed_date>20-10-20 00:12:00:125</closed_date></polygon></object></annotation>