<annotation><filename>m4_s05_052_p_ic096.jpg</filename><folder>users/joselusava//santiago_2</folder><source><submittedBy>Jose Saca</submittedBy></source><imagesize><nrows>2910</nrows><ncols>4361</ncols></imagesize><object><name>m4_s05_052_p_ic096</name><deleted>0</deleted><verified>0</verified><occluded>no</occluded><attributes></attributes><parts><hasparts></hasparts><ispartof></ispartof></parts><date>07-10-20 23:21:25:293</date><id>0</id><type>bounding_box</type><polygon><username>anonymous</username><pt><x>942</x><y>492</y><time>07-10-20 23:21:22:307</time></pt><pt><x>3038</x><y>492</y><time>07-10-20 23:21:23:470</time></pt><pt><x>3038</x><y>2622</y><time>undefined</time></pt><pt><x>942</x><y>2622</y><time>undefined</time></pt><closed_date>07-10-20 23:21:23:470</closed_date></polygon></object></annotation>