<annotation><filename>m2_s01_054_p_nic034.jpg</filename><folder>users/joselusava//kath</folder><source><submittedBy>Jose Saca</submittedBy></source><imagesize><nrows>2850</nrows><ncols>4271</ncols></imagesize><object><name>m2_s01_054_p_nic034</name><deleted>0</deleted><verified>0</verified><occluded>no</occluded><attributes></attributes><parts><hasparts></hasparts><ispartof></ispartof></parts><date>30-09-20 11:24:06:072</date><id>0</id><type>bounding_box</type><polygon><username>anonymous</username><pt><x>1292</x><y>541</y><time>30-09-20 11:24:01:405</time></pt><pt><x>583</x><y>541</y><time>30-09-20 11:24:03:630</time></pt><pt><x>583</x><y>1699</y><time>undefined</time></pt><pt><x>1292</x><y>1699</y><time>undefined</time></pt><closed_date>30-09-20 11:24:03:631</closed_date></polygon></object></annotation>