<annotation><filename>m3_s01_013_p_nic061.jpg</filename><folder>users/joselusava//valeria/m03_s01_13_nic</folder><source><submittedBy>Jose Saca</submittedBy></source><imagesize><nrows>2970</nrows><ncols>4451</ncols></imagesize><object><name>m3_s01_013_p_nic061</name><deleted>0</deleted><verified>0</verified><occluded>no</occluded><attributes></attributes><parts><hasparts></hasparts><ispartof></ispartof></parts><date>06-11-20 23:42:55:670</date><id>0</id><type>bounding_box</type><polygon><username>anonymous</username><pt><x>4267</x><y>2662</y><time>06-11-20 23:42:49:551</time></pt><pt><x>2193</x><y>2662</y><time>06-11-20 23:42:52:642</time></pt><pt><x>2193</x><y>314</y><time>undefined</time></pt><pt><x>4267</x><y>314</y><time>undefined</time></pt><closed_date>06-11-20 23:42:52:643</closed_date></polygon></object></annotation>