<annotation><filename>m4_s04_037_p_nic056.jpg</filename><folder>users/joselusava//santiago_2</folder><source><submittedBy>Jose Saca</submittedBy></source><imagesize><nrows>2970</nrows><ncols>4451</ncols></imagesize><object><name>m4_s04_037_p_nic056</name><deleted>0</deleted><verified>0</verified><occluded>no</occluded><attributes></attributes><parts><hasparts></hasparts><ispartof></ispartof></parts><date>19-10-20 22:31:13:415</date><id>0</id><type>bounding_box</type><polygon><username>anonymous</username><pt><x>178</x><y>1364</y><time>19-10-20 22:31:10:703</time></pt><pt><x>1167</x><y>1364</y><time>19-10-20 22:31:11:635</time></pt><pt><x>1167</x><y>2792</y><time>undefined</time></pt><pt><x>178</x><y>2792</y><time>undefined</time></pt><closed_date>19-10-20 22:31:11:636</closed_date></polygon></object></annotation>