<annotation><filename>m1_s02_058_x.jpg</filename><folder>users/joselusava//valeria/sala2</folder><source><submittedBy>Jose Saca</submittedBy></source><imagesize><nrows>3200</nrows><ncols>4800</ncols></imagesize><object><name>m1_s02_058_x</name><deleted>0</deleted><verified>0</verified><occluded>no</occluded><attributes></attributes><parts><hasparts></hasparts><ispartof></ispartof></parts><date>28-08-20 19:05:55:963</date><id>0</id><type>bounding_box</type><polygon><username>anonymous</username><pt><x>4365</x><y>2486</y><time>28-08-20 19:05:44:534</time></pt><pt><x>118</x><y>2486</y><time>28-08-20 19:05:48:849</time></pt><pt><x>118</x><y>301</y><time>undefined</time></pt><pt><x>4365</x><y>301</y><time>undefined</time></pt><closed_date>28-08-20 19:05:48:850</closed_date></polygon></object></annotation>