<annotation><filename>m4_s04_045_p_nic031.jpg</filename><folder>users/joselusava//valeria/m04_s04_45_nic</folder><source><submittedBy>Jose Saca</submittedBy></source><imagesize><nrows>2970</nrows><ncols>4451</ncols></imagesize><object><name>m4_s04_045_p_nic031</name><deleted>0</deleted><verified>0</verified><occluded>no</occluded><attributes></attributes><parts><hasparts></hasparts><ispartof></ispartof></parts><date>20-10-20 14:22:04:964</date><id>0</id><type>bounding_box</type><polygon><username>anonymous</username><pt><x>3119</x><y>2816</y><time>20-10-20 14:21:58:699</time></pt><pt><x>3815</x><y>2816</y><time>20-10-20 14:22:01:953</time></pt><pt><x>3815</x><y>1462</y><time>undefined</time></pt><pt><x>3119</x><y>1462</y><time>undefined</time></pt><closed_date>20-10-20 14:22:01:954</closed_date></polygon></object></annotation>