<annotation><filename>m4_s12_185_p_nic081.jpg</filename><folder>users/joselusava//valeria/m04_s12_185_nic</folder><source><submittedBy>Jose Saca</submittedBy></source><imagesize><nrows>2910</nrows><ncols>4361</ncols></imagesize><object><name>m4_s12_185_p_nic081</name><deleted>0</deleted><verified>0</verified><occluded>no</occluded><attributes></attributes><parts><hasparts></hasparts><ispartof></ispartof></parts><date>17-10-20 23:51:01:213</date><id>0</id><type>bounding_box</type><polygon><username>anonymous</username><pt><x>1063</x><y>2412</y><time>17-10-20 23:50:52:999</time></pt><pt><x>4259</x><y>2412</y><time>17-10-20 23:50:56:364</time></pt><pt><x>4259</x><y>151</y><time>undefined</time></pt><pt><x>1063</x><y>151</y><time>undefined</time></pt><closed_date>17-10-20 23:50:56:365</closed_date></polygon></object></annotation>