<annotation><filename>m4_s04_040_x.jpg</filename><folder>users/joselusava//kath/m4_x</folder><source><submittedBy>Jose Saca</submittedBy></source><imagesize><nrows>2970</nrows><ncols>4451</ncols></imagesize><object><name>m4_s04_040_x</name><deleted>0</deleted><verified>0</verified><occluded>no</occluded><attributes></attributes><parts><hasparts></hasparts><ispartof></ispartof></parts><date>20-10-20 07:12:46:520</date><id>0</id><polygon><username>anonymous</username><pt><x>1173</x><y>255</y><time>20-10-20 07:12:37:165</time></pt><pt><x>404</x><y>2350</y><time>20-10-20 07:12:40:118</time></pt><pt><x>3470</x><y>2802</y><time>20-10-20 07:12:41:591</time></pt><pt><x>3412</x><y>168</y><time>20-10-20 07:12:42:568</time></pt><closed_date>20-10-20 07:12:44:185</closed_date></polygon></object></annotation>