<annotation><filename>m4_s07_098_x.jpg</filename><folder>users/joselusava//kath/m4_x</folder><source><submittedBy>Jose Saca</submittedBy></source><imagesize><nrows>2970</nrows><ncols>4451</ncols></imagesize><object><name>m4_s07_098_x</name><deleted>0</deleted><verified>0</verified><occluded>no</occluded><attributes></attributes><parts><hasparts></hasparts><ispartof></ispartof></parts><date>21-10-20 11:01:01:837</date><id>0</id><polygon><username>anonymous</username><pt><x>735</x><y>139</y><time>21-10-20 11:00:52:598</time></pt><pt><x>687</x><y>2850</y><time>21-10-20 11:00:54:029</time></pt><pt><x>3821</x><y>2807</y><time>21-10-20 11:00:55:316</time></pt><pt><x>3643</x><y>163</y><time>21-10-20 11:00:57:114</time></pt><closed_date>21-10-20 11:00:58:506</closed_date></polygon></object></annotation>