<annotation><filename>m4_s04_047_p_nic066.jpg</filename><folder>users/joselusava//kath/kath_m4_047/nic</folder><source><submittedBy>Jose Saca</submittedBy></source><imagesize><nrows>2970</nrows><ncols>4451</ncols></imagesize><object><name>m4_s04_047_p_nic066</name><deleted>0</deleted><verified>0</verified><occluded>no</occluded><attributes></attributes><parts><hasparts></hasparts><ispartof></ispartof></parts><date>24-10-20 19:22:19:505</date><id>0</id><type>bounding_box</type><polygon><username>anonymous</username><pt><x>3081</x><y>342</y><time>24-10-20 19:22:14:254</time></pt><pt><x>3898</x><y>342</y><time>24-10-20 19:22:16:267</time></pt><pt><x>3898</x><y>1945</y><time>undefined</time></pt><pt><x>3081</x><y>1945</y><time>undefined</time></pt><closed_date>24-10-20 19:22:16:269</closed_date></polygon></object></annotation>