<annotation><filename>m2_s02_085_p_ic052.jpg</filename><folder>users/joselusava//m2_jsv/85/ic</folder><source><submittedBy>Jose Saca</submittedBy></source><imagesize><nrows>2910</nrows><ncols>4361</ncols></imagesize><object><name>m2_s02_085_p_ic052</name><deleted>0</deleted><verified>0</verified><occluded>no</occluded><attributes></attributes><parts><hasparts></hasparts><ispartof></ispartof></parts><date>17-09-20 19:55:14:793</date><id>0</id><type>bounding_box</type><polygon><username>anonymous</username><pt><x>1349</x><y>949</y><time>17-09-20 19:55:13:023</time></pt><pt><x>2820</x><y>949</y><time>17-09-20 19:55:14:006</time></pt><pt><x>2820</x><y>2446</y><time>undefined</time></pt><pt><x>1349</x><y>2446</y><time>undefined</time></pt><closed_date>17-09-20 19:55:14:006</closed_date></polygon></object></annotation>