<annotation><filename>m2_s06_244_p_nic048.jpg</filename><folder>users/joselusava//museos2020</folder><source><submittedBy>Jose Saca</submittedBy></source><imagesize><nrows>2910</nrows><ncols>4361</ncols></imagesize><object><name>m2_s06_244_p_ic048</name><deleted>0</deleted><verified>0</verified><occluded>no</occluded><attributes></attributes><parts><hasparts></hasparts><ispartof></ispartof></parts><date>25-09-20 19:00:05:693</date><id>0</id><type>bounding_box</type><polygon><username>anonymous</username><pt><x>437</x><y>1697</y><time>25-09-20 18:59:59:593</time></pt><pt><x>2055</x><y>1697</y><time>25-09-20 19:00:00:971</time></pt><pt><x>2055</x><y>2375</y><time>undefined</time></pt><pt><x>437</x><y>2375</y><time>undefined</time></pt><closed_date>25-09-20 19:00:00:971</closed_date></polygon></object></annotation>