<annotation><filename>m4_s04_039_p_ic076.jpg</filename><folder>users/joselusava//santiago_2</folder><source><submittedBy>Jose Saca</submittedBy></source><imagesize><nrows>2970</nrows><ncols>4451</ncols></imagesize><object><name>m4_s04_039_p_ic076</name><deleted>0</deleted><verified>0</verified><occluded>no</occluded><attributes></attributes><parts><hasparts></hasparts><ispartof></ispartof></parts><date>21-10-20 15:56:02:232</date><id>0</id><type>bounding_box</type><polygon><username>anonymous</username><pt><x>1881</x><y>314</y><time>21-10-20 15:55:59:251</time></pt><pt><x>2620</x><y>314</y><time>21-10-20 15:56:00:442</time></pt><pt><x>2620</x><y>2874</y><time>undefined</time></pt><pt><x>1881</x><y>2874</y><time>undefined</time></pt><closed_date>21-10-20 15:56:00:443</closed_date></polygon></object></annotation>