<annotation><filename>m3_s01_002_p_nic032.jpg</filename><folder>users/joselusava//santiago_3</folder><source><submittedBy>Jose Saca</submittedBy></source><imagesize><nrows>2970</nrows><ncols>4451</ncols></imagesize><object><name>m3_s01_002_p_nic032</name><deleted>0</deleted><verified>0</verified><occluded>no</occluded><attributes></attributes><parts><hasparts></hasparts><ispartof></ispartof></parts><date>29-10-20 15:56:22:042</date><id>0</id><type>bounding_box</type><polygon><username>anonymous</username><pt><x>2081</x><y>239</y><time>29-10-20 15:56:17:750</time></pt><pt><x>4112</x><y>239</y><time>29-10-20 15:56:19:136</time></pt><pt><x>4112</x><y>2038</y><time>undefined</time></pt><pt><x>2081</x><y>2038</y><time>undefined</time></pt><closed_date>29-10-20 15:56:19:137</closed_date></polygon></object></annotation>