<annotation><filename>m3_s01_013_p_ic010.jpg</filename><folder>users/joselusava//valeria/m03_s01_13_ic</folder><source><submittedBy>Jose Saca</submittedBy></source><imagesize><nrows>2970</nrows><ncols>4451</ncols></imagesize><object><name>m3_s01_013_p_ic010</name><deleted>0</deleted><verified>0</verified><occluded>no</occluded><attributes></attributes><parts><hasparts></hasparts><ispartof></ispartof></parts><date>28-10-20 22:23:36:756</date><id>0</id><type>bounding_box</type><polygon><username>anonymous</username><pt><x>680</x><y>2644</y><time>28-10-20 22:23:31:014</time></pt><pt><x>3558</x><y>2644</y><time>28-10-20 22:23:33:550</time></pt><pt><x>3558</x><y>274</y><time>undefined</time></pt><pt><x>680</x><y>274</y><time>undefined</time></pt><closed_date>28-10-20 22:23:33:551</closed_date></polygon></object></annotation>