<annotation><filename>m2_s01_010_p_ic061.jpg</filename><folder>users/joselusava//santiago</folder><source><submittedBy>Jose Saca</submittedBy></source><imagesize><nrows>2850</nrows><ncols>4271</ncols></imagesize><object><name>m2_s01_010_p_ic061</name><deleted>0</deleted><verified>0</verified><occluded>no</occluded><attributes></attributes><parts><hasparts></hasparts><ispartof></ispartof></parts><date>21-09-20 23:05:36:789</date><id>0</id><type>bounding_box</type><polygon><username>anonymous</username><pt><x>1436</x><y>654</y><time>21-09-20 23:05:27:891</time></pt><pt><x>3171</x><y>654</y><time>21-09-20 23:05:30:723</time></pt><pt><x>3171</x><y>2501</y><time>undefined</time></pt><pt><x>1436</x><y>2501</y><time>undefined</time></pt><closed_date>21-09-20 23:05:30:724</closed_date></polygon></object></annotation>