<annotation><filename>m2_s06_250_p_ic077.jpg</filename><folder>users/joselusava//valeria/m2_sala06_250_ic</folder><source><submittedBy>Jose Saca</submittedBy></source><imagesize><nrows>2910</nrows><ncols>4361</ncols></imagesize><object><name>m2_s06_250_p_ic076</name><deleted>0</deleted><verified>0</verified><occluded>no</occluded><attributes></attributes><parts><hasparts></hasparts><ispartof></ispartof></parts><date>01-10-20 00:04:58:626</date><id>0</id><type>bounding_box</type><polygon><username>anonymous</username><pt><x>248</x><y>1747</y><time>01-10-20 00:04:53:563</time></pt><pt><x>4183</x><y>1747</y><time>01-10-20 00:04:55:662</time></pt><pt><x>4183</x><y>678</y><time>undefined</time></pt><pt><x>248</x><y>678</y><time>undefined</time></pt><closed_date>01-10-20 00:04:55:663</closed_date></polygon></object></annotation>