<annotation><filename>m4_s05_055_p_nic013.jpg</filename><folder>users/joselusava//valeria/m4_s05_055_nic</folder><source><submittedBy>Jose Saca</submittedBy></source><imagesize><nrows>2910</nrows><ncols>4361</ncols></imagesize><object><name>m4_s05_055_p_nic013</name><deleted>0</deleted><verified>0</verified><occluded>no</occluded><attributes></attributes><parts><hasparts></hasparts><ispartof></ispartof></parts><date>09-10-20 15:45:09:740</date><id>0</id><type>bounding_box</type><polygon><username>anonymous</username><pt><x>1979</x><y>1709</y><time>09-10-20 15:45:02:386</time></pt><pt><x>397</x><y>1709</y><time>09-10-20 15:45:05:329</time></pt><pt><x>397</x><y>182</y><time>undefined</time></pt><pt><x>1979</x><y>182</y><time>undefined</time></pt><closed_date>09-10-20 15:45:05:330</closed_date></polygon></object></annotation>