<annotation><filename>m1_s06_186_p_ic098.jpg</filename><folder>users/joselusava//jacob_2/186ic</folder><source><submittedBy>Jose Saca</submittedBy></source><imagesize><nrows>2736</nrows><ncols>4100</ncols></imagesize><object><name>s06_186_p_ic098</name><deleted>0</deleted><verified>0</verified><occluded>no</occluded><attributes></attributes><parts><hasparts></hasparts><ispartof></ispartof></parts><date>09-09-20 22:56:19:303</date><id>0</id><type>bounding_box</type><polygon><username>anonymous</username><pt><x>2504</x><y>2676</y><time>09-09-20 22:56:16:101</time></pt><pt><x>1416</x><y>2676</y><time>09-09-20 22:56:18:341</time></pt><pt><x>1416</x><y>246</y><time>undefined</time></pt><pt><x>2504</x><y>246</y><time>undefined</time></pt><closed_date>09-09-20 22:56:18:341</closed_date></polygon></object></annotation>