<annotation><filename>m4_s04_037_p_nic043.jpg</filename><folder>users/joselusava//santiago_2</folder><source><submittedBy>Jose Saca</submittedBy></source><imagesize><nrows>2970</nrows><ncols>4451</ncols></imagesize><object><name>m4_s04_037_p_nic043</name><deleted>0</deleted><verified>0</verified><occluded>no</occluded><attributes></attributes><parts><hasparts></hasparts><ispartof></ispartof></parts><date>19-10-20 22:22:15:043</date><id>0</id><type>bounding_box</type><polygon><username>anonymous</username><pt><x>2995</x><y>646</y><time>19-10-20 22:22:11:306</time></pt><pt><x>3909</x><y>646</y><time>19-10-20 22:22:12:973</time></pt><pt><x>3909</x><y>1899</y><time>undefined</time></pt><pt><x>2995</x><y>1899</y><time>undefined</time></pt><closed_date>19-10-20 22:22:12:973</closed_date></polygon></object></annotation>