<annotation><filename>m3_s01_013_p_nic067.jpg</filename><folder>users/joselusava//valeria/m03_s01_13_nic</folder><source><submittedBy>Jose Saca</submittedBy></source><imagesize><nrows>2970</nrows><ncols>4451</ncols></imagesize><object><name>m3_s01_013_p_nic067</name><deleted>0</deleted><verified>0</verified><occluded>no</occluded><attributes></attributes><parts><hasparts></hasparts><ispartof></ispartof></parts><date>06-11-20 23:54:51:076</date><id>0</id><type>bounding_box</type><polygon><username>anonymous</username><pt><x>4209</x><y>2816</y><time>06-11-20 23:54:42:336</time></pt><pt><x>1793</x><y>2816</y><time>06-11-20 23:54:45:119</time></pt><pt><x>1793</x><y>188</y><time>undefined</time></pt><pt><x>4209</x><y>188</y><time>undefined</time></pt><closed_date>06-11-20 23:54:45:120</closed_date></polygon></object></annotation>