<annotation><filename>m4_s05_060_p_nic006.jpg</filename><folder>users/joselusava//m4_js/60/nic</folder><source><submittedBy>Jose Saca</submittedBy></source><imagesize><nrows>2910</nrows><ncols>4361</ncols></imagesize><object><name>m4_s05_060_p_nic006</name><deleted>0</deleted><verified>0</verified><occluded>no</occluded><attributes></attributes><parts><hasparts></hasparts><ispartof></ispartof></parts><date>13-10-20 21:01:04:914</date><id>0</id><type>bounding_box</type><polygon><username>anonymous</username><pt><x>4344</x><y>2080</y><time>13-10-20 21:01:02:748</time></pt><pt><x>1166</x><y>2080</y><time>13-10-20 21:01:04:201</time></pt><pt><x>1166</x><y>296</y><time>undefined</time></pt><pt><x>4344</x><y>296</y><time>undefined</time></pt><closed_date>13-10-20 21:01:04:201</closed_date></polygon></object></annotation>