<annotation><filename>m2_s01_058_p_ic037.jpg</filename><folder>users/joselusava//m2_jsv/58/ic</folder><source><submittedBy>Jose Saca</submittedBy></source><imagesize><nrows>2850</nrows><ncols>4271</ncols></imagesize><object><name>m2_s01_058_p_ic037</name><deleted>0</deleted><verified>0</verified><occluded>no</occluded><attributes></attributes><parts><hasparts></hasparts><ispartof></ispartof></parts><date>29-09-20 13:13:31:115</date><id>0</id><type>bounding_box</type><polygon><username>anonymous</username><pt><x>654</x><y>365</y><time>29-09-20 13:13:29:030</time></pt><pt><x>3660</x><y>365</y><time>29-09-20 13:13:30:461</time></pt><pt><x>3660</x><y>2403</y><time>undefined</time></pt><pt><x>654</x><y>2403</y><time>undefined</time></pt><closed_date>29-09-20 13:13:30:461</closed_date></polygon></object></annotation>