<annotation><filename>m1_s01_001_p_nic004.jpg</filename><folder>users/joselusava//juancarlos</folder><source><submittedBy>Jose Saca</submittedBy></source><imagesize><nrows>3200</nrows><ncols>4800</ncols></imagesize><object><name>m1_s01_001_p_nic004</name><deleted>0</deleted><verified>0</verified><occluded>no</occluded><attributes></attributes><parts><hasparts></hasparts><ispartof></ispartof></parts><date>02-09-20 11:22:40:853</date><id>0</id><type>bounding_box</type><polygon><username>anonymous</username><pt><x>2933</x><y>770</y><time>02-09-20 11:22:32:928</time></pt><pt><x>4170</x><y>770</y><time>02-09-20 11:22:34:880</time></pt><pt><x>4170</x><y>1624</y><time>undefined</time></pt><pt><x>2933</x><y>1624</y><time>undefined</time></pt><closed_date>02-09-20 11:22:34:882</closed_date></polygon></object></annotation>