<annotation><filename>m4_s12_185_p_nic093.jpg</filename><folder>users/joselusava//valeria/m04_s12_185_nic</folder><source><submittedBy>Jose Saca</submittedBy></source><imagesize><nrows>2910</nrows><ncols>4361</ncols></imagesize><object><name>m4_s12_185_p_nic093</name><deleted>0</deleted><verified>0</verified><occluded>no</occluded><attributes></attributes><parts><hasparts></hasparts><ispartof></ispartof></parts><date>18-10-20 00:02:51:477</date><id>0</id><type>bounding_box</type><polygon><username>anonymous</username><pt><x>1517</x><y>2720</y><time>18-10-20 00:02:45:390</time></pt><pt><x>4309</x><y>2720</y><time>18-10-20 00:02:47:995</time></pt><pt><x>4309</x><y>291</y><time>undefined</time></pt><pt><x>1517</x><y>291</y><time>undefined</time></pt><closed_date>18-10-20 00:02:47:997</closed_date></polygon></object></annotation>