<annotation><filename>m2_s01_010_p_nic048.jpg</filename><folder>users/joselusava//santiago</folder><source><submittedBy>Jose Saca</submittedBy></source><imagesize><nrows>2850</nrows><ncols>4271</ncols></imagesize><object><name>m2_s01_010_p_nic048</name><deleted>0</deleted><verified>0</verified><occluded>no</occluded><attributes></attributes><parts><hasparts></hasparts><ispartof></ispartof></parts><date>22-09-20 20:44:29:585</date><id>0</id><type>bounding_box</type><polygon><username>anonymous</username><pt><x>2324</x><y>567</y><time>22-09-20 20:44:21:921</time></pt><pt><x>3126</x><y>567</y><time>22-09-20 20:44:22:781</time></pt><pt><x>3126</x><y>1455</y><time>undefined</time></pt><pt><x>2324</x><y>1455</y><time>undefined</time></pt><closed_date>22-09-20 20:44:22:782</closed_date></polygon></object></annotation>