<annotation><filename>m2_s01_025_x.jpg</filename><folder>users/joselusava//santiago</folder><source><submittedBy>Jose Saca</submittedBy></source><imagesize><nrows>2850</nrows><ncols>4271</ncols></imagesize><object><name>m2_s01_025_x</name><deleted>0</deleted><verified>0</verified><occluded>no</occluded><attributes></attributes><parts><hasparts></hasparts><ispartof></ispartof></parts><date>24-09-20 00:28:05:135</date><id>0</id><type>bounding_box</type><polygon><username>anonymous</username><pt><x>1425</x><y>204</y><time>24-09-20 00:27:59:611</time></pt><pt><x>2680</x><y>204</y><time>24-09-20 00:28:01:947</time></pt><pt><x>2680</x><y>2741</y><time>undefined</time></pt><pt><x>1425</x><y>2741</y><time>undefined</time></pt><closed_date>24-09-20 00:28:01:948</closed_date></polygon></object></annotation>