<annotation><filename>m4_s11_178_p_nic008.jpg</filename><folder>users/joselusava//santiago_2</folder><source><submittedBy>Jose Saca</submittedBy></source><imagesize><nrows>2970</nrows><ncols>4451</ncols></imagesize><object><name>m4_s11_178_p_nic008</name><deleted>0</deleted><verified>0</verified><occluded>no</occluded><attributes></attributes><parts><hasparts></hasparts><ispartof></ispartof></parts><date>15-10-20 23:00:49:781</date><id>0</id><type>bounding_box</type><polygon><username>anonymous</username><pt><x>2335</x><y>211</y><time>15-10-20 23:00:46:791</time></pt><pt><x>3834</x><y>211</y><time>15-10-20 23:00:47:989</time></pt><pt><x>3834</x><y>1564</y><time>undefined</time></pt><pt><x>2335</x><y>1564</y><time>undefined</time></pt><closed_date>15-10-20 23:00:47:990</closed_date></polygon></object></annotation>