<annotation><filename>m3_s01_002_p_ic026.jpg</filename><folder>users/joselusava//santiago_3</folder><source><submittedBy>Jose Saca</submittedBy></source><imagesize><nrows>2970</nrows><ncols>4451</ncols></imagesize><object><name>m3_s01_002_p_ic026</name><deleted>0</deleted><verified>0</verified><occluded>no</occluded><attributes></attributes><parts><hasparts></hasparts><ispartof></ispartof></parts><date>28-10-20 18:40:28:391</date><id>0</id><type>bounding_box</type><polygon><username>anonymous</username><pt><x>275</x><y>146</y><time>28-10-20 18:40:22:599</time></pt><pt><x>4255</x><y>146</y><time>28-10-20 18:40:24:672</time></pt><pt><x>4255</x><y>2474</y><time>undefined</time></pt><pt><x>275</x><y>2474</y><time>undefined</time></pt><closed_date>28-10-20 18:40:24:674</closed_date></polygon></object></annotation>