<annotation><filename>img_m1_s03-04_101_p_ic046.jpg</filename><folder>users/joselusava//valeria/sala3y4_101_ic</folder><source><submittedBy>Jose Saca</submittedBy></source><imagesize><nrows>3200</nrows><ncols>4800</ncols></imagesize><object><name>m1_s03_s04_101_p_ic046</name><deleted>0</deleted><verified>0</verified><occluded>no</occluded><attributes></attributes><parts><hasparts></hasparts><ispartof></ispartof></parts><date>29-08-20 00:13:31:551</date><id>0</id><type>bounding_box</type><polygon><username>anonymous</username><pt><x>4773</x><y>3173</y><time>29-08-20 00:13:21:622</time></pt><pt><x>1208</x><y>3173</y><time>29-08-20 00:13:26:153</time></pt><pt><x>1208</x><y>698</y><time>undefined</time></pt><pt><x>4773</x><y>698</y><time>undefined</time></pt><closed_date>29-08-20 00:13:26:154</closed_date></polygon></object></annotation>