<annotation><filename>m1_s06_141_p_nic092.jpg</filename><folder>users/joselusava//jacob_2/141nic</folder><source><submittedBy>Jose Saca</submittedBy></source><imagesize><nrows>2736</nrows><ncols>4100</ncols></imagesize><object><name>m1_s06_141_p_nic092</name><deleted>0</deleted><verified>0</verified><occluded>no</occluded><attributes></attributes><parts><hasparts></hasparts><ispartof></ispartof></parts><date>06-09-20 01:25:33:422</date><id>0</id><type>bounding_box</type><polygon><username>anonymous</username><pt><x>750</x><y>2445</y><time>06-09-20 01:25:29:901</time></pt><pt><x>1989</x><y>2445</y><time>06-09-20 01:25:32:654</time></pt><pt><x>1989</x><y>1003</y><time>undefined</time></pt><pt><x>750</x><y>1003</y><time>undefined</time></pt><closed_date>06-09-20 01:25:32:654</closed_date></polygon></object></annotation>