<annotation><filename>m2_s01_032_p_ic064.jpg</filename><folder>users/joselusava//santiago_2</folder><source><submittedBy>Jose Saca</submittedBy></source><imagesize><nrows>2850</nrows><ncols>4271</ncols></imagesize><object><name>m2_s01_032_p_ic064</name><deleted>0</deleted><verified>0</verified><occluded>no</occluded><attributes></attributes><parts><hasparts></hasparts><ispartof></ispartof></parts><date>30-09-20 16:45:35:499</date><id>0</id><type>bounding_box</type><polygon><username>anonymous</username><pt><x>1334</x><y>183</y><time>30-09-20 16:45:28:559</time></pt><pt><x>2927</x><y>183</y><time>30-09-20 16:45:30:391</time></pt><pt><x>2927</x><y>2424</y><time>undefined</time></pt><pt><x>1334</x><y>2424</y><time>undefined</time></pt><closed_date>30-09-20 16:45:30:392</closed_date></polygon></object></annotation>