<annotation><filename>m4_s04_045_p_nic089.jpg</filename><folder>users/joselusava//valeria/m04_s04_45_nic</folder><source><submittedBy>Jose Saca</submittedBy></source><imagesize><nrows>2970</nrows><ncols>4451</ncols></imagesize><object><name>m4_s04_045_p_nic089</name><deleted>0</deleted><verified>0</verified><occluded>no</occluded><attributes></attributes><parts><hasparts></hasparts><ispartof></ispartof></parts><date>20-10-20 15:46:35:644</date><id>0</id><type>bounding_box</type><polygon><username>anonymous</username><pt><x>3541</x><y>1970</y><time>20-10-20 15:46:31:196</time></pt><pt><x>4152</x><y>1970</y><time>20-10-20 15:46:32:279</time></pt><pt><x>4152</x><y>1159</y><time>undefined</time></pt><pt><x>3541</x><y>1159</y><time>undefined</time></pt><closed_date>20-10-20 15:46:32:280</closed_date></polygon></object></annotation>