<annotation><filename>m1_s06_186_p_nic056.jpg</filename><folder>users/joselusava//jacob_2/186nic</folder><source><submittedBy>Jose Saca</submittedBy></source><imagesize><nrows>2736</nrows><ncols>4100</ncols></imagesize><object><name>m1_s06_186_p_nic056</name><deleted>0</deleted><verified>0</verified><occluded>no</occluded><attributes></attributes><parts><hasparts></hasparts><ispartof></ispartof></parts><date>09-09-20 23:21:41:289</date><id>0</id><type>bounding_box</type><polygon><username>anonymous</username><pt><x>1800</x><y>908</y><time>09-09-20 23:21:39:407</time></pt><pt><x>2791</x><y>908</y><time>09-09-20 23:21:40:793</time></pt><pt><x>2791</x><y>2471</y><time>undefined</time></pt><pt><x>1800</x><y>2471</y><time>undefined</time></pt><closed_date>09-09-20 23:21:40:793</closed_date></polygon></object></annotation>