<annotation><filename>m2_s03_208_x.jpg</filename><folder>users/joselusava//juancarlos</folder><source><submittedBy>Jose Saca</submittedBy></source><imagesize><nrows>2910</nrows><ncols>4361</ncols></imagesize><object><name>m2_s03_208_x</name><deleted>0</deleted><verified>0</verified><occluded>no</occluded><attributes></attributes><parts><hasparts></hasparts><ispartof></ispartof></parts><date>30-09-20 16:05:37:113</date><id>0</id><type>bounding_box</type><polygon><username>anonymous</username><pt><x>1367</x><y>302</y><time>30-09-20 16:05:26:193</time></pt><pt><x>3128</x><y>302</y><time>30-09-20 16:05:30:265</time></pt><pt><x>3128</x><y>2496</y><time>undefined</time></pt><pt><x>1367</x><y>2496</y><time>undefined</time></pt><closed_date>30-09-20 16:05:30:266</closed_date></polygon></object></annotation>