<annotation><filename>m1_s10_292_x.jpg</filename><folder>users/joselusava//santiago</folder><source><submittedBy>Jose Saca</submittedBy></source><imagesize><nrows>3200</nrows><ncols>4800</ncols></imagesize><object><name>m1_s10_292_x</name><deleted>0</deleted><verified>0</verified><occluded>no</occluded><attributes></attributes><parts><hasparts></hasparts><ispartof></ispartof></parts><date>28-08-20 16:34:02:521</date><id>0</id><type>bounding_box</type><polygon><username>anonymous</username><pt><x>853</x><y>439</y><time>28-08-20 16:33:51:628</time></pt><pt><x>4010</x><y>439</y><time>28-08-20 16:33:55:254</time></pt><pt><x>4010</x><y>2509</y><time>undefined</time></pt><pt><x>853</x><y>2509</y><time>undefined</time></pt><closed_date>28-08-20 16:33:55:256</closed_date></polygon></object></annotation>