<annotation><filename>m1_s01_005_p_ic078.jpg</filename><folder>users/joselusava//jacob/sala1/ic</folder><source><submittedBy>Jose Saca</submittedBy></source><imagesize><nrows>2000</nrows><ncols>2992</ncols></imagesize><object><name>m1_s01_005_p_ic078</name><deleted>0</deleted><verified>0</verified><occluded>no</occluded><attributes></attributes><parts><hasparts></hasparts><ispartof></ispartof></parts><date>14-09-20 20:49:52:760</date><id>0</id><type>bounding_box</type><polygon><username>anonymous</username><pt><x>1083</x><y>625</y><time>14-09-20 20:49:50:569</time></pt><pt><x>1921</x><y>625</y><time>14-09-20 20:49:51:857</time></pt><pt><x>1921</x><y>1338</y><time>undefined</time></pt><pt><x>1083</x><y>1338</y><time>undefined</time></pt><closed_date>14-09-20 20:49:51:858</closed_date></polygon></object></annotation>