<annotation><filename>m4_s04_047_p_nic049.jpg</filename><folder>users/joselusava//kath/kath_m4_047/nic</folder><source><submittedBy>Jose Saca</submittedBy></source><imagesize><nrows>2970</nrows><ncols>4451</ncols></imagesize><object><name>m4_s04_047_p_nic049</name><deleted>0</deleted><verified>0</verified><occluded>no</occluded><attributes></attributes><parts><hasparts></hasparts><ispartof></ispartof></parts><date>24-10-20 19:06:58:765</date><id>0</id><type>bounding_box</type><polygon><username>anonymous</username><pt><x>626</x><y>206</y><time>24-10-20 19:06:53:352</time></pt><pt><x>1944</x><y>206</y><time>24-10-20 19:06:55:088</time></pt><pt><x>1944</x><y>2650</y><time>undefined</time></pt><pt><x>626</x><y>2650</y><time>undefined</time></pt><closed_date>24-10-20 19:06:55:089</closed_date></polygon></object></annotation>