<annotation><filename>m3_s01_010_p_ic087.jpg</filename><folder>users/joselusava//m4_js/m3/10/ic</folder><source><submittedBy>Jose Saca</submittedBy></source><imagesize><nrows>2970</nrows><ncols>4451</ncols></imagesize><object><name>m3_s01_010_p_ic087</name><deleted>0</deleted><verified>0</verified><occluded>no</occluded><attributes></attributes><parts><hasparts></hasparts><ispartof></ispartof></parts><date>29-10-20 13:24:43:941</date><id>0</id><type>bounding_box</type><polygon><username>anonymous</username><pt><x>4089</x><y>2758</y><time>29-10-20 13:24:42:061</time></pt><pt><x>170</x><y>2758</y><time>29-10-20 13:24:43:056</time></pt><pt><x>170</x><y>394</y><time>undefined</time></pt><pt><x>4089</x><y>394</y><time>undefined</time></pt><closed_date>29-10-20 13:24:43:056</closed_date></polygon></object></annotation>