<annotation><filename>m1_s01_021_p_nic055.jpg</filename><folder>users/joselusava//santiago</folder><source><submittedBy>Jose Saca</submittedBy></source><imagesize><nrows>3200</nrows><ncols>4800</ncols></imagesize><object><name>m1_s01_021_p_nic055</name><deleted>0</deleted><verified>0</verified><occluded>no</occluded><attributes></attributes><parts><hasparts></hasparts><ispartof></ispartof></parts><date>16-09-20 18:06:28:867</date><id>0</id><type>bounding_box</type><polygon><username>anonymous</username><pt><x>3218</x><y>382</y><time>16-09-20 18:06:21:132</time></pt><pt><x>3661</x><y>382</y><time>16-09-20 18:06:22:514</time></pt><pt><x>3661</x><y>1047</y><time>undefined</time></pt><pt><x>3218</x><y>1047</y><time>undefined</time></pt><closed_date>16-09-20 18:06:22:515</closed_date></polygon></object></annotation>