<annotation><filename>m2_s03_252_p_ic023.jpg</filename><folder>users/joselusava//valeria/m2_sala03_252_ic</folder><source><submittedBy>Jose Saca</submittedBy></source><imagesize><nrows>2910</nrows><ncols>4361</ncols></imagesize><object><name>m2_s06_252_p_ic023</name><deleted>0</deleted><verified>0</verified><occluded>no</occluded><attributes></attributes><parts><hasparts></hasparts><ispartof></ispartof></parts><date>25-09-20 20:13:14:304</date><id>0</id><type>bounding_box</type><polygon><username>anonymous</username><pt><x>551</x><y>2734</y><time>25-09-20 20:13:08:736</time></pt><pt><x>3908</x><y>2734</y><time>25-09-20 20:13:11:032</time></pt><pt><x>3908</x><y>920</y><time>undefined</time></pt><pt><x>551</x><y>920</y><time>undefined</time></pt><closed_date>25-09-20 20:13:11:034</closed_date></polygon></object></annotation>