<annotation><filename>m4_s04_047_p_ic021.jpg</filename><folder>users/joselusava//kath/kath_m4_047</folder><source><submittedBy>Jose Saca</submittedBy></source><imagesize><nrows>2970</nrows><ncols>4451</ncols></imagesize><object><name>m4_s04_047_p_ic021</name><deleted>0</deleted><verified>0</verified><occluded>no</occluded><attributes></attributes><parts><hasparts></hasparts><ispartof></ispartof></parts><date>24-10-20 13:47:22:639</date><id>0</id><type>bounding_box</type><polygon><username>anonymous</username><pt><x>1685</x><y>260</y><time>24-10-20 13:47:18:034</time></pt><pt><x>2784</x><y>260</y><time>24-10-20 13:47:19:940</time></pt><pt><x>2784</x><y>2643</y><time>undefined</time></pt><pt><x>1685</x><y>2643</y><time>undefined</time></pt><closed_date>24-10-20 13:47:19:942</closed_date></polygon></object></annotation>