<annotation><filename>m4_s02_021_p_nic044.jpg</filename><folder>users/joselusava//santiago_2</folder><source><submittedBy>Jose Saca</submittedBy></source><imagesize><nrows>2910</nrows><ncols>4361</ncols></imagesize><object><name>m4_s02_021_p_nic044</name><deleted>0</deleted><verified>0</verified><occluded>no</occluded><attributes></attributes><parts><hasparts></hasparts><ispartof></ispartof></parts><date>04-10-20 22:29:48:162</date><id>0</id><type>bounding_box</type><polygon><username>anonymous</username><pt><x>1254</x><y>128</y><time>04-10-20 22:29:45:139</time></pt><pt><x>2231</x><y>128</y><time>04-10-20 22:29:46:133</time></pt><pt><x>2231</x><y>1795</y><time>undefined</time></pt><pt><x>1254</x><y>1795</y><time>undefined</time></pt><closed_date>04-10-20 22:29:46:134</closed_date></polygon></object></annotation>