<annotation><filename>m2_s02_189_x.jpg</filename><folder>users/joselusava//m2_jsv</folder><source><submittedBy>Jose Saca</submittedBy></source><imagesize><nrows>2910</nrows><ncols>4361</ncols></imagesize><object><name>m2_s02_189_x</name><deleted>0</deleted><verified>0</verified><occluded>no</occluded><attributes></attributes><parts><hasparts></hasparts><ispartof></ispartof></parts><date>20-09-20 16:59:34:433</date><id>0</id><type>bounding_box</type><polygon><username>anonymous</username><pt><x>3604</x><y>2194</y><time>20-09-20 16:59:32:295</time></pt><pt><x>540</x><y>2194</y><time>20-09-20 16:59:33:722</time></pt><pt><x>540</x><y>592</y><time>undefined</time></pt><pt><x>3604</x><y>592</y><time>undefined</time></pt><closed_date>20-09-20 16:59:33:722</closed_date></polygon></object></annotation>