<annotation><filename>m2_s01_056_p_nic097.jpg</filename><folder>users/joselusava//m2_jsv/56/nic</folder><source><submittedBy>Jose Saca</submittedBy></source><imagesize><nrows>2850</nrows><ncols>4271</ncols></imagesize><object><name>m2_s01_056_p_nic097</name><deleted>0</deleted><verified>0</verified><occluded>no</occluded><attributes></attributes><parts><hasparts></hasparts><ispartof></ispartof></parts><date>28-09-20 22:39:46:091</date><id>0</id><type>bounding_box</type><polygon><username>anonymous</username><pt><x>3762</x><y>1970</y><time>28-09-20 22:39:44:693</time></pt><pt><x>2632</x><y>1970</y><time>28-09-20 22:39:45:590</time></pt><pt><x>2632</x><y>569</y><time>undefined</time></pt><pt><x>3762</x><y>569</y><time>undefined</time></pt><closed_date>28-09-20 22:39:45:590</closed_date></polygon></object></annotation>