<annotation><filename>m4_s09_138_p_ic026.jpg</filename><folder>users/joselusava//santiago_2</folder><source><submittedBy>Jose Saca</submittedBy></source><imagesize><nrows>2970</nrows><ncols>4451</ncols></imagesize><object><name>m4_s09_138_p_ic026</name><deleted>0</deleted><verified>0</verified><occluded>no</occluded><attributes></attributes><parts><hasparts></hasparts><ispartof></ispartof></parts><date>22-10-20 14:01:06:918</date><id>0</id><type>bounding_box</type><polygon><username>anonymous</username><pt><x>261</x><y>400</y><time>22-10-20 14:01:02:713</time></pt><pt><x>4334</x><y>400</y><time>22-10-20 14:01:04:799</time></pt><pt><x>4334</x><y>2192</y><time>undefined</time></pt><pt><x>261</x><y>2192</y><time>undefined</time></pt><closed_date>22-10-20 14:01:04:799</closed_date></polygon></object></annotation>