<annotation><filename>m3_s01_023_p_ic039.jpg</filename><folder>users/joselusava//santiago_3</folder><source><submittedBy>Jose Saca</submittedBy></source><imagesize><nrows>2970</nrows><ncols>4451</ncols></imagesize><object><name>m3_s01_023_p_ic039</name><deleted>0</deleted><verified>0</verified><occluded>no</occluded><attributes></attributes><parts><hasparts></hasparts><ispartof></ispartof></parts><date>04-11-20 19:12:22:930</date><id>0</id><type>bounding_box</type><polygon><username>anonymous</username><pt><x>575</x><y>325</y><time>04-11-20 19:12:18:977</time></pt><pt><x>4205</x><y>325</y><time>04-11-20 19:12:20:817</time></pt><pt><x>4205</x><y>2392</y><time>undefined</time></pt><pt><x>575</x><y>2392</y><time>undefined</time></pt><closed_date>04-11-20 19:12:20:818</closed_date></polygon></object></annotation>