<annotation><filename>m2_s06_244_p_nic031.jpg</filename><folder>users/joselusava//museos2020</folder><source><submittedBy>Jose Saca</submittedBy></source><imagesize><nrows>2910</nrows><ncols>4361</ncols></imagesize><object><name>m2_s06_244_p_ic031</name><deleted>1</deleted><verified>0</verified><occluded>no</occluded><attributes/><parts><hasparts/><ispartof/></parts><date>25-09-20 18:44:30:621</date><id>0</id><type>bounding_box</type><polygon><username>anonymous</username><pt><x>2296</x><y>1715</y><time>25-09-20 18:44:15:904</time></pt><pt><x>3965</x><y>1715</y><time>25-09-20 18:44:17:173</time></pt><pt><x>3965</x><y>2389</y><time>undefined</time></pt><pt><x>2296</x><y>2389</y><time>undefined</time></pt><closed_date>25-09-20 18:44:17:173</closed_date></polygon></object><object><name>m2_s06_244_p_ic031</name><deleted>1</deleted><verified>0</verified><occluded>no</occluded><attributes/><parts><hasparts/><ispartof/></parts><date>25-09-20 18:45:10:787</date><id>1</id><type>bounding_box</type><polygon><username>anonymous</username><pt><x>2334</x><y>1701</y><time>25-09-20 18:45:05:845</time></pt><pt><x>3942</x><y>1701</y><time>25-09-20 18:45:07:610</time></pt><pt><x>3942</x><y>2399</y><time>undefined</time></pt><pt><x>2334</x><y>2399</y><time>undefined</time></pt><closed_date>25-09-20 18:45:07:610</closed_date></polygon></object><object><name>m2_s06_244_p_ic031</name><deleted>0</deleted><verified>0</verified><occluded>no</occluded><attributes></attributes><parts><hasparts></hasparts><ispartof></ispartof></parts><date>25-09-20 18:45:51:063</date><id>2</id><type>bounding_box</type><polygon><username>anonymous</username><pt><x>2310</x><y>1678</y><time>25-09-20 18:45:46:638</time></pt><pt><x>3933</x><y>1678</y><time>25-09-20 18:45:48:350</time></pt><pt><x>3933</x><y>2385</y><time>undefined</time></pt><pt><x>2310</x><y>2385</y><time>undefined</time></pt><closed_date>25-09-20 18:45:48:351</closed_date></polygon></object></annotation>