<annotation><filename>m1_s02_062_x.jpg</filename><folder>users/joselusava//valeria/sala2</folder><source><submittedBy>Jose Saca</submittedBy></source><imagesize><nrows>3200</nrows><ncols>4800</ncols></imagesize><object><name>m1_s02_062_x</name><deleted>0</deleted><verified>0</verified><occluded>no</occluded><attributes></attributes><parts><hasparts></hasparts><ispartof></ispartof></parts><date>28-08-20 19:13:02:523</date><id>0</id><type>bounding_box</type><polygon><username>anonymous</username><pt><x>956</x><y>634</y><time>28-08-20 19:12:56:429</time></pt><pt><x>4075</x><y>634</y><time>28-08-20 19:12:58:695</time></pt><pt><x>4075</x><y>2534</y><time>undefined</time></pt><pt><x>956</x><y>2534</y><time>undefined</time></pt><closed_date>28-08-20 19:12:58:696</closed_date></polygon></object></annotation>