<annotation><filename>m2_s01_010_p_nic067.jpg</filename><folder>users/joselusava//santiago</folder><source><submittedBy>Jose Saca</submittedBy></source><imagesize><nrows>2850</nrows><ncols>4271</ncols></imagesize><object><name>m2_s01_010_p_nic067</name><deleted>0</deleted><verified>0</verified><occluded>no</occluded><attributes></attributes><parts><hasparts></hasparts><ispartof></ispartof></parts><date>22-09-20 21:20:08:783</date><id>0</id><type>bounding_box</type><polygon><username>anonymous</username><pt><x>558</x><y>1600</y><time>22-09-20 21:20:00:880</time></pt><pt><x>1186</x><y>1600</y><time>22-09-20 21:20:01:946</time></pt><pt><x>1186</x><y>2302</y><time>undefined</time></pt><pt><x>558</x><y>2302</y><time>undefined</time></pt><closed_date>22-09-20 21:20:01:947</closed_date></polygon></object></annotation>