<annotation><filename>m1_s10_284_x.jpg</filename><folder>users/joselusava//santiago</folder><source><submittedBy>Jose Saca</submittedBy></source><imagesize><nrows>3200</nrows><ncols>4800</ncols></imagesize><object><name>m1_s10_284_x</name><deleted>0</deleted><verified>0</verified><occluded>no</occluded><attributes></attributes><parts><hasparts></hasparts><ispartof></ispartof></parts><date>28-08-20 16:14:07:609</date><id>0</id><type>bounding_box</type><polygon><username>anonymous</username><pt><x>914</x><y>408</y><time>28-08-20 16:13:56:967</time></pt><pt><x>3653</x><y>408</y><time>28-08-20 16:14:00:300</time></pt><pt><x>3653</x><y>2670</y><time>undefined</time></pt><pt><x>914</x><y>2670</y><time>undefined</time></pt><closed_date>28-08-20 16:14:00:301</closed_date></polygon></object></annotation>