<annotation><filename>m2_s06_250_p_ic009.jpg</filename><folder>users/joselusava//valeria/m2_sala06_250_ic</folder><source><submittedBy>Jose Saca</submittedBy></source><imagesize><nrows>2910</nrows><ncols>4361</ncols></imagesize><object><name>m2_s06_250_p_ic009</name><deleted>0</deleted><verified>0</verified><occluded>no</occluded><attributes></attributes><parts><hasparts></hasparts><ispartof></ispartof></parts><date>30-09-20 22:08:47:188</date><id>0</id><type>bounding_box</type><polygon><username>anonymous</username><pt><x>248</x><y>1901</y><time>30-09-20 22:08:42:230</time></pt><pt><x>3814</x><y>1901</y><time>30-09-20 22:08:44:277</time></pt><pt><x>3814</x><y>1102</y><time>undefined</time></pt><pt><x>248</x><y>1102</y><time>undefined</time></pt><closed_date>30-09-20 22:08:44:278</closed_date></polygon></object></annotation>