<annotation><filename>m2_s01_056_p_nic095.jpg</filename><folder>users/joselusava//m2_jsv/56/nic</folder><source><submittedBy>Jose Saca</submittedBy></source><imagesize><nrows>2850</nrows><ncols>4271</ncols></imagesize><object><name>m2_s01_056_p_nic095</name><deleted>0</deleted><verified>0</verified><occluded>no</occluded><attributes></attributes><parts><hasparts></hasparts><ispartof></ispartof></parts><date>28-09-20 22:39:15:543</date><id>0</id><type>bounding_box</type><polygon><username>anonymous</username><pt><x>3957</x><y>1961</y><time>28-09-20 22:39:13:739</time></pt><pt><x>2649</x><y>1961</y><time>28-09-20 22:39:14:796</time></pt><pt><x>2649</x><y>492</y><time>undefined</time></pt><pt><x>3957</x><y>492</y><time>undefined</time></pt><closed_date>28-09-20 22:39:14:797</closed_date></polygon></object></annotation>