<annotation><filename>m4_s02_015_p_nic049.jpg</filename><folder>users/joselusava//m4_js/15nic</folder><source><submittedBy>Jose Saca</submittedBy></source><imagesize><nrows>2910</nrows><ncols>4361</ncols></imagesize><object><name>m4_s02_015_p_nic049</name><deleted>0</deleted><verified>0</verified><occluded>no</occluded><attributes></attributes><parts><hasparts></hasparts><ispartof></ispartof></parts><date>06-10-20 20:02:44:910</date><id>0</id><type>bounding_box</type><polygon><username>anonymous</username><pt><x>2150</x><y>1523</y><time>06-10-20 20:02:38:597</time></pt><pt><x>879</x><y>1523</y><time>06-10-20 20:02:39:728</time></pt><pt><x>879</x><y>96</y><time>undefined</time></pt><pt><x>2150</x><y>96</y><time>undefined</time></pt><closed_date>06-10-20 20:02:39:729</closed_date></polygon></object></annotation>