<annotation><filename>m2_s02_085_p.jpg</filename><folder>users/joselusava//m2_jsv/85/ic</folder><source><submittedBy>Jose Saca</submittedBy></source><imagesize><nrows>2910</nrows><ncols>4361</ncols></imagesize><object><name>m2_s02_085_p</name><deleted>0</deleted><verified>0</verified><occluded>no</occluded><attributes></attributes><parts><hasparts></hasparts><ispartof></ispartof></parts><date>16-09-20 13:25:59:689</date><id>0</id><type>bounding_box</type><polygon><username>anonymous</username><pt><x>3047</x><y>2646</y><time>16-09-20 13:25:54:644</time></pt><pt><x>1166</x><y>2646</y><time>16-09-20 13:25:57:010</time></pt><pt><x>1166</x><y>209</y><time>undefined</time></pt><pt><x>3047</x><y>209</y><time>undefined</time></pt><closed_date>16-09-20 13:25:57:010</closed_date></polygon></object></annotation>