<annotation><filename>m2_s03_248_p_nic016.jpg</filename><folder>users/joselusava//museos2020</folder><source><submittedBy>Jose Saca</submittedBy></source><imagesize><nrows>2910</nrows><ncols>4361</ncols></imagesize><object><name>m2_s03_248_p_nic016</name><deleted>0</deleted><verified>0</verified><occluded>no</occluded><attributes></attributes><parts><hasparts></hasparts><ispartof></ispartof></parts><date>27-09-20 10:02:40:127</date><id>0</id><polygon><username>anonymous</username><pt><x>126</x><y>725</y><time>27-09-20 10:02:28:336</time></pt><pt><x>2087</x><y>730</y><time>27-09-20 10:02:29:318</time></pt><pt><x>2282</x><y>939</y><time>27-09-20 10:02:30:093</time></pt><pt><x>893</x><y>1576</y><time>27-09-20 10:02:31:171</time></pt><closed_date>27-09-20 10:02:32:294</closed_date></polygon></object></annotation>