<annotation><filename>m1_s06_141_p_ic003.jpg</filename><folder>users/joselusava//jacob_2/141ic</folder><source><submittedBy>Jose Saca</submittedBy></source><imagesize><nrows>2736</nrows><ncols>4100</ncols></imagesize><object><name>m1_s06_141_p_ic003</name><deleted>0</deleted><verified>0</verified><occluded>no</occluded><attributes></attributes><parts><hasparts></hasparts><ispartof></ispartof></parts><date>04-09-20 17:13:58:811</date><id>0</id><type>bounding_box</type><polygon><username>anonymous</username><pt><x>1514</x><y>2234</y><time>04-09-20 17:13:49:747</time></pt><pt><x>2447</x><y>2234</y><time>04-09-20 17:13:57:869</time></pt><pt><x>2447</x><y>393</y><time>undefined</time></pt><pt><x>1514</x><y>393</y><time>undefined</time></pt><closed_date>04-09-20 17:13:57:869</closed_date></polygon></object></annotation>