<annotation><filename>m1_s06_141_p_ic027.jpg</filename><folder>users/joselusava//jacob_2/141ic</folder><source><submittedBy>Jose Saca</submittedBy></source><imagesize><nrows>2736</nrows><ncols>4100</ncols></imagesize><object><name>m1_s06_141_p_ic027</name><deleted>0</deleted><verified>0</verified><occluded>no</occluded><attributes></attributes><parts><hasparts></hasparts><ispartof></ispartof></parts><date>04-09-20 17:22:43:544</date><id>0</id><type>bounding_box</type><polygon><username>anonymous</username><pt><x>2815</x><y>2561</y><time>04-09-20 17:22:41:178</time></pt><pt><x>1170</x><y>2561</y><time>04-09-20 17:22:42:657</time></pt><pt><x>1170</x><y>65</y><time>undefined</time></pt><pt><x>2815</x><y>65</y><time>undefined</time></pt><closed_date>04-09-20 17:22:42:657</closed_date></polygon></object></annotation>