<annotation><filename>m4_s11_178_p_ic067.jpg</filename><folder>users/joselusava//santiago_2</folder><source><submittedBy>Jose Saca</submittedBy></source><imagesize><nrows>2970</nrows><ncols>4451</ncols></imagesize><object><name>m4_s11_178_p_ic067</name><deleted>0</deleted><verified>0</verified><occluded>no</occluded><attributes></attributes><parts><hasparts></hasparts><ispartof></ispartof></parts><date>15-10-20 22:01:54:759</date><id>0</id><type>bounding_box</type><polygon><username>anonymous</username><pt><x>1214</x><y>700</y><time>15-10-20 22:01:50:837</time></pt><pt><x>3038</x><y>700</y><time>15-10-20 22:01:52:758</time></pt><pt><x>3038</x><y>2599</y><time>undefined</time></pt><pt><x>1214</x><y>2599</y><time>undefined</time></pt><closed_date>15-10-20 22:01:52:760</closed_date></polygon></object></annotation>