<annotation><filename>m4_s10_164_p_nic017.jpg</filename><folder>users/joselusava//santiago_2</folder><source><submittedBy>Jose Saca</submittedBy></source><imagesize><nrows>2970</nrows><ncols>4451</ncols></imagesize><object><name>m4_s10_164_p_nic017</name><deleted>0</deleted><verified>0</verified><occluded>no</occluded><attributes></attributes><parts><hasparts></hasparts><ispartof></ispartof></parts><date>13-10-20 23:45:52:148</date><id>0</id><type>bounding_box</type><polygon><username>anonymous</username><pt><x>510</x><y>1003</y><time>13-10-20 23:45:48:547</time></pt><pt><x>1064</x><y>1003</y><time>13-10-20 23:45:49:997</time></pt><pt><x>1064</x><y>1663</y><time>undefined</time></pt><pt><x>510</x><y>1663</y><time>undefined</time></pt><closed_date>13-10-20 23:45:49:998</closed_date></polygon></object></annotation>