<annotation><filename>m2_s01_047_x.jpg</filename><folder>users/joselusava//juancarlos</folder><source><submittedBy>Jose Saca</submittedBy></source><imagesize><nrows>2850</nrows><ncols>4271</ncols></imagesize><object><name>m2_s01_047_x</name><deleted>0</deleted><verified>0</verified><occluded>no</occluded><attributes></attributes><parts><hasparts></hasparts><ispartof></ispartof></parts><date>28-09-20 11:07:18:005</date><id>0</id><type>bounding_box</type><polygon><username>anonymous</username><pt><x>1571</x><y>105</y><time>28-09-20 11:07:09:804</time></pt><pt><x>2659</x><y>105</y><time>28-09-20 11:07:12:601</time></pt><pt><x>2659</x><y>2659</y><time>undefined</time></pt><pt><x>1571</x><y>2659</y><time>undefined</time></pt><closed_date>28-09-20 11:07:12:601</closed_date></polygon></object></annotation>