<annotation><filename>m2_s01_034_p.jpg</filename><folder>users/joselusava//kath</folder><source><submittedBy>Jose Saca</submittedBy></source><imagesize><nrows>2850</nrows><ncols>4271</ncols></imagesize><object><name>img_m2_s01_034_p</name><deleted>0</deleted><verified>0</verified><occluded>yes</occluded><attributes></attributes><parts><hasparts></hasparts><ispartof></ispartof></parts><date>23-09-20 21:33:19:802</date><id>0</id><type>bounding_box</type><polygon><username>anonymous</username><pt><x>1348</x><y>185</y><time>23-09-20 21:32:42:256</time></pt><pt><x>2888</x><y>185</y><time>23-09-20 21:32:49:370</time></pt><pt><x>2888</x><y>2569</y><time>undefined</time></pt><pt><x>1348</x><y>2569</y><time>undefined</time></pt><closed_date>23-09-20 21:32:49:372</closed_date></polygon></object></annotation>