<annotation><filename>m4_s05_052_p_ic018.jpg</filename><folder>users/joselusava//santiago_2</folder><source><submittedBy>Jose Saca</submittedBy></source><imagesize><nrows>2910</nrows><ncols>4361</ncols></imagesize><object><name>m4_s05_052_p_ic018</name><deleted>0</deleted><verified>0</verified><occluded>no</occluded><attributes></attributes><parts><hasparts></hasparts><ispartof></ispartof></parts><date>07-10-20 16:27:40:010</date><id>0</id><type>bounding_box</type><polygon><username>anonymous</username><pt><x>1410</x><y>617</y><time>07-10-20 16:27:34:775</time></pt><pt><x>3156</x><y>617</y><time>07-10-20 16:27:36:392</time></pt><pt><x>3156</x><y>2529</y><time>undefined</time></pt><pt><x>1410</x><y>2529</y><time>undefined</time></pt><closed_date>07-10-20 16:27:36:393</closed_date></polygon></object></annotation>