<annotation><filename>m4_s06_089_p_nic032.jpg</filename><folder>users/joselusava//santiago_2</folder><source><submittedBy>Jose Saca</submittedBy></source><imagesize><nrows>2970</nrows><ncols>4451</ncols></imagesize><object><name>m4_s06_089_p_nic032</name><deleted>0</deleted><verified>0</verified><occluded>no</occluded><attributes></attributes><parts><hasparts></hasparts><ispartof></ispartof></parts><date>12-10-20 20:57:39:794</date><id>0</id><type>bounding_box</type><polygon><username>anonymous</username><pt><x>2220</x><y>282</y><time>12-10-20 20:57:36:283</time></pt><pt><x>3688</x><y>282</y><time>12-10-20 20:57:37:522</time></pt><pt><x>3688</x><y>1988</y><time>undefined</time></pt><pt><x>2220</x><y>1988</y><time>undefined</time></pt><closed_date>12-10-20 20:57:37:523</closed_date></polygon></object></annotation>