<annotation><filename>m1_s02_065_p_nic038.jpg</filename><folder>users/joselusava//valeria/sala2_065_nic</folder><source><submittedBy>Jose Saca</submittedBy></source><imagesize><nrows>2000</nrows><ncols>2992</ncols></imagesize><object><name>m1_s02_065_p_nic038</name><deleted>0</deleted><verified>0</verified><occluded>no</occluded><attributes></attributes><parts><hasparts></hasparts><ispartof></ispartof></parts><date>27-08-20 22:56:31:212</date><id>0</id><type>bounding_box</type><polygon><username>anonymous</username><pt><x>2779</x><y>1188</y><time>27-08-20 22:56:22:963</time></pt><pt><x>1128</x><y>1188</y><time>27-08-20 22:56:24:808</time></pt><pt><x>1128</x><y>460</y><time>undefined</time></pt><pt><x>2779</x><y>460</y><time>undefined</time></pt><closed_date>27-08-20 22:56:24:809</closed_date></polygon></object></annotation>