<annotation><filename>m4_s10_157_p_ic017.jpg</filename><folder>users/joselusava//valeria/m04_s10_157_nic</folder><source><submittedBy>Jose Saca</submittedBy></source><imagesize><nrows>2970</nrows><ncols>4451</ncols></imagesize><object><name>m4_s10_157_p_nic017</name><deleted>0</deleted><verified>0</verified><occluded>no</occluded><attributes></attributes><parts><hasparts></hasparts><ispartof></ispartof></parts><date>12-10-20 19:14:35:159</date><id>0</id><type>bounding_box</type><polygon><username>anonymous</username><pt><x>1074</x><y>2289</y><time>12-10-20 19:14:29:839</time></pt><pt><x>2773</x><y>2289</y><time>12-10-20 19:14:31:717</time></pt><pt><x>2773</x><y>186</y><time>undefined</time></pt><pt><x>1074</x><y>186</y><time>undefined</time></pt><closed_date>12-10-20 19:14:31:718</closed_date></polygon></object></annotation>