<annotation><filename>m2_s01_056_p_nic048.jpg</filename><folder>users/joselusava//m2_jsv/56/nic</folder><source><submittedBy>Jose Saca</submittedBy></source><imagesize><nrows>2850</nrows><ncols>4271</ncols></imagesize><object><name>m2_s01_056_p_nic048</name><deleted>0</deleted><verified>0</verified><occluded>no</occluded><attributes></attributes><parts><hasparts></hasparts><ispartof></ispartof></parts><date>28-09-20 22:23:17:415</date><id>0</id><type>bounding_box</type><polygon><username>anonymous</username><pt><x>1749</x><y>2845</y><time>28-09-20 22:23:15:678</time></pt><pt><x>509</x><y>2845</y><time>28-09-20 22:23:16:787</time></pt><pt><x>509</x><y>1146</y><time>undefined</time></pt><pt><x>1749</x><y>1146</y><time>undefined</time></pt><closed_date>28-09-20 22:23:16:788</closed_date></polygon></object></annotation>