<annotation><filename>m1_s01_001_p_ic096.jpg</filename><folder>users/joselusava//juancarlos</folder><source><submittedBy>Jose Saca</submittedBy></source><imagesize><nrows>2000</nrows><ncols>2992</ncols></imagesize><object><name>m1_s01_001_p_ic096</name><deleted>0</deleted><verified>0</verified><occluded>no</occluded><attributes></attributes><parts><hasparts></hasparts><ispartof></ispartof></parts><date>01-09-20 16:29:00:140</date><id>0</id><type>bounding_box</type><polygon><username>anonymous</username><pt><x>832</x><y>704</y><time>01-09-20 16:28:51:557</time></pt><pt><x>2364</x><y>704</y><time>01-09-20 16:28:53:431</time></pt><pt><x>2364</x><y>1435</y><time>undefined</time></pt><pt><x>832</x><y>1435</y><time>undefined</time></pt><closed_date>01-09-20 16:28:53:433</closed_date></polygon></object></annotation>