<annotation><filename>m4_s11_178_p_ic069.jpg</filename><folder>users/joselusava//santiago_2</folder><source><submittedBy>Jose Saca</submittedBy></source><imagesize><nrows>2970</nrows><ncols>4451</ncols></imagesize><object><name>m4_s11_178_p_ic069</name><deleted>0</deleted><verified>0</verified><occluded>no</occluded><attributes></attributes><parts><hasparts></hasparts><ispartof></ispartof></parts><date>15-10-20 22:03:05:951</date><id>0</id><type>bounding_box</type><polygon><username>anonymous</username><pt><x>1135</x><y>728</y><time>15-10-20 22:02:58:437</time></pt><pt><x>3141</x><y>728</y><time>15-10-20 22:02:59:923</time></pt><pt><x>3141</x><y>2624</y><time>undefined</time></pt><pt><x>1135</x><y>2624</y><time>undefined</time></pt><closed_date>15-10-20 22:02:59:924</closed_date></polygon></object></annotation>