<annotation><filename>m4_s04_043_x.jpg</filename><folder>users/joselusava//kath/m4_x</folder><source><submittedBy>Jose Saca</submittedBy></source><imagesize><nrows>1767</nrows><ncols>2778</ncols></imagesize><object><name>m4_s04_043_x</name><deleted>0</deleted><verified>0</verified><occluded>no</occluded><attributes></attributes><parts><hasparts></hasparts><ispartof></ispartof></parts><date>20-10-20 07:15:12:028</date><id>0</id><polygon><username>anonymous</username><pt><x>1407</x><y>755</y><time>20-10-20 07:15:06:931</time></pt><pt><x>1118</x><y>838</y><time>20-10-20 07:15:07:342</time></pt><pt><x>1064</x><y>1421</y><time>20-10-20 07:15:08:026</time></pt><pt><x>1716</x><y>1367</y><time>20-10-20 07:15:08:640</time></pt><closed_date>20-10-20 07:15:09:585</closed_date></polygon></object></annotation>