<annotation><filename>m2_s01_010_p_nic055.jpg</filename><folder>users/joselusava//santiago</folder><source><submittedBy>Jose Saca</submittedBy></source><imagesize><nrows>2850</nrows><ncols>4271</ncols></imagesize><object><name>m2_s01_010_p_nic055</name><deleted>0</deleted><verified>0</verified><occluded>no</occluded><attributes></attributes><parts><hasparts></hasparts><ispartof></ispartof></parts><date>22-09-20 20:52:37:006</date><id>0</id><type>bounding_box</type><polygon><username>anonymous</username><pt><x>2315</x><y>1638</y><time>22-09-20 20:52:30:397</time></pt><pt><x>3196</x><y>1638</y><time>22-09-20 20:52:31:527</time></pt><pt><x>3196</x><y>2536</y><time>undefined</time></pt><pt><x>2315</x><y>2536</y><time>undefined</time></pt><closed_date>22-09-20 20:52:31:529</closed_date></polygon></object></annotation>