<annotation><filename>m4_s10_157_p_ic057.jpg</filename><folder>users/joselusava//valeria/m04_s10_157_nic</folder><source><submittedBy>Jose Saca</submittedBy></source><imagesize><nrows>2970</nrows><ncols>4451</ncols></imagesize><object><name>m4_s10_157_p_nic057</name><deleted>0</deleted><verified>0</verified><occluded>no</occluded><attributes></attributes><parts><hasparts></hasparts><ispartof></ispartof></parts><date>12-10-20 21:09:01:807</date><id>0</id><type>bounding_box</type><polygon><username>anonymous</username><pt><x>1536</x><y>2188</y><time>12-10-20 21:08:56:238</time></pt><pt><x>3291</x><y>2188</y><time>12-10-20 21:08:58:237</time></pt><pt><x>3291</x><y>90</y><time>undefined</time></pt><pt><x>1536</x><y>90</y><time>undefined</time></pt><closed_date>12-10-20 21:08:58:238</closed_date></polygon></object></annotation>