<annotation><filename>m2_s01_010_p_ic016.jpg</filename><folder>users/joselusava//santiago</folder><source><submittedBy>Jose Saca</submittedBy></source><imagesize><nrows>2850</nrows><ncols>4271</ncols></imagesize><object><name>m2_s01_010_p_ic016</name><deleted>0</deleted><verified>0</verified><occluded>no</occluded><attributes></attributes><parts><hasparts></hasparts><ispartof></ispartof></parts><date>21-09-20 15:18:54:644</date><id>0</id><type>bounding_box</type><polygon><username>anonymous</username><pt><x>1388</x><y>378</y><time>21-09-20 15:18:42:777</time></pt><pt><x>3203</x><y>378</y><time>21-09-20 15:18:45:465</time></pt><pt><x>3203</x><y>2343</y><time>undefined</time></pt><pt><x>1388</x><y>2343</y><time>undefined</time></pt><closed_date>21-09-20 15:18:45:466</closed_date></polygon></object></annotation>