<annotation><filename>m1_s01_017_p_nic098.jpg</filename><folder>users/joselusava//santiago</folder><source><submittedBy>Jose Saca</submittedBy></source><imagesize><nrows>3200</nrows><ncols>4800</ncols></imagesize><object><name>m1_s01_017_p_nic098</name><deleted>0</deleted><verified>0</verified><occluded>no</occluded><attributes></attributes><parts><hasparts></hasparts><ispartof></ispartof></parts><date>11-09-20 20:14:05:416</date><id>0</id><type>bounding_box</type><polygon><username>anonymous</username><pt><x>724</x><y>1364</y><time>11-09-20 20:13:57:974</time></pt><pt><x>1206</x><y>1364</y><time>11-09-20 20:13:58:926</time></pt><pt><x>1206</x><y>1710</y><time>undefined</time></pt><pt><x>724</x><y>1710</y><time>undefined</time></pt><closed_date>11-09-20 20:13:58:927</closed_date></polygon></object></annotation>