<annotation><filename>m4_s11_176_p_ic076.jpg</filename><folder>users/joselusava//m4_js/176/ic</folder><source><submittedBy>Jose Saca</submittedBy></source><imagesize><nrows>2970</nrows><ncols>4451</ncols></imagesize><object><name>m4_s11_176_p_ic076</name><deleted>0</deleted><verified>0</verified><occluded>no</occluded><attributes></attributes><parts><hasparts></hasparts><ispartof></ispartof></parts><date>15-10-20 09:59:08:294</date><id>0</id><type>bounding_box</type><polygon><username>anonymous</username><pt><x>2967</x><y>2239</y><time>15-10-20 09:59:06:434</time></pt><pt><x>1333</x><y>2239</y><time>15-10-20 09:59:07:651</time></pt><pt><x>1333</x><y>560</y><time>undefined</time></pt><pt><x>2967</x><y>560</y><time>undefined</time></pt><closed_date>15-10-20 09:59:07:651</closed_date></polygon></object></annotation>