<annotation><filename>m1_s01_004_p_nic074.jpg</filename><folder>users/joselusava//valeria_apoyo/sala01_004_nic</folder><source><submittedBy>Jose Saca</submittedBy></source><imagesize><nrows>3200</nrows><ncols>4800</ncols></imagesize><object><name>m1_s01_004_p_nic074</name><deleted>0</deleted><verified>0</verified><occluded>no</occluded><attributes></attributes><parts><hasparts></hasparts><ispartof></ispartof></parts><date>17-09-20 20:02:37:028</date><id>0</id><type>bounding_box</type><polygon><username>anonymous</username><pt><x>91</x><y>1848</y><time>17-09-20 20:02:28:745</time></pt><pt><x>2770</x><y>1848</y><time>17-09-20 20:02:33:701</time></pt><pt><x>2770</x><y>812</y><time>undefined</time></pt><pt><x>91</x><y>812</y><time>undefined</time></pt><closed_date>17-09-20 20:02:33:702</closed_date></polygon></object></annotation>