<annotation><filename>m3_s01_023_p_nic083.jpg</filename><folder>users/joselusava//santiago_3</folder><source><submittedBy>Jose Saca</submittedBy></source><imagesize><nrows>2970</nrows><ncols>4451</ncols></imagesize><object><name>m3_s01_023_p_nic083</name><deleted>0</deleted><verified>0</verified><occluded>no</occluded><attributes></attributes><parts><hasparts></hasparts><ispartof></ispartof></parts><date>06-11-20 11:42:26:803</date><id>0</id><type>bounding_box</type><polygon><username>anonymous</username><pt><x>104</x><y>450</y><time>06-11-20 11:42:22:972</time></pt><pt><x>1835</x><y>450</y><time>06-11-20 11:42:24:429</time></pt><pt><x>1835</x><y>2049</y><time>undefined</time></pt><pt><x>104</x><y>2049</y><time>undefined</time></pt><closed_date>06-11-20 11:42:24:431</closed_date></polygon></object></annotation>