<annotation><filename>m3_s01_013_p_nic022.jpg</filename><folder>users/joselusava//valeria/m03_s01_13_nic</folder><source><submittedBy>Jose Saca</submittedBy></source><imagesize><nrows>2970</nrows><ncols>4451</ncols></imagesize><object><name>m3_s01_013_p_nic022</name><deleted>0</deleted><verified>0</verified><occluded>no</occluded><attributes></attributes><parts><hasparts></hasparts><ispartof></ispartof></parts><date>06-11-20 21:11:54:787</date><id>0</id><type>bounding_box</type><polygon><username>anonymous</username><pt><x>954</x><y>2901</y><time>06-11-20 21:11:47:374</time></pt><pt><x>3718</x><y>2901</y><time>06-11-20 21:11:51:451</time></pt><pt><x>3718</x><y>805</y><time>undefined</time></pt><pt><x>954</x><y>805</y><time>undefined</time></pt><closed_date>06-11-20 21:11:51:452</closed_date></polygon></object></annotation>