<annotation><filename>m2_s01_054_p_ic045.jpg</filename><folder>users/joselusava//kath</folder><source><submittedBy>Jose Saca</submittedBy></source><imagesize><nrows>2850</nrows><ncols>4271</ncols></imagesize><object><name>m2_s01_054_p_ic045</name><deleted>0</deleted><verified>0</verified><occluded>no</occluded><attributes></attributes><parts><hasparts></hasparts><ispartof></ispartof></parts><date>29-09-20 23:23:31:999</date><id>0</id><type>bounding_box</type><polygon><username>anonymous</username><pt><x>1257</x><y>344</y><time>29-09-20 23:23:26:384</time></pt><pt><x>2899</x><y>344</y><time>29-09-20 23:23:29:144</time></pt><pt><x>2899</x><y>2604</y><time>undefined</time></pt><pt><x>1257</x><y>2604</y><time>undefined</time></pt><closed_date>29-09-20 23:23:29:144</closed_date></polygon></object></annotation>