<annotation><filename>m1_s01_001_p_nic006.jpg</filename><folder>users/joselusava//juancarlos</folder><source><submittedBy>Jose Saca</submittedBy></source><imagesize><nrows>3200</nrows><ncols>4800</ncols></imagesize><object><name>m1_s01_001_p_nic006</name><deleted>0</deleted><verified>0</verified><occluded>no</occluded><attributes></attributes><parts><hasparts></hasparts><ispartof></ispartof></parts><date>02-09-20 11:37:04:762</date><id>0</id><type>bounding_box</type><polygon><username>anonymous</username><pt><x>2030</x><y>455</y><time>02-09-20 11:36:49:611</time></pt><pt><x>3285</x><y>455</y><time>02-09-20 11:36:53:667</time></pt><pt><x>3285</x><y>1158</y><time>undefined</time></pt><pt><x>2030</x><y>1158</y><time>undefined</time></pt><closed_date>02-09-20 11:36:53:669</closed_date></polygon></object></annotation>