<annotation><filename>img_m1_s03-04_101_p_ic013.jpg</filename><folder>users/joselusava//valeria/sala3y4_101_ic</folder><source><submittedBy>Jose Saca</submittedBy></source><imagesize><nrows>3200</nrows><ncols>4800</ncols></imagesize><object><name>m1_s03_s04_101_p_ic013</name><deleted>0</deleted><verified>0</verified><occluded>no</occluded><attributes></attributes><parts><hasparts></hasparts><ispartof></ispartof></parts><date>28-08-20 22:34:11:858</date><id>0</id><type>bounding_box</type><polygon><username>anonymous</username><pt><x>4360</x><y>2958</y><time>28-08-20 22:34:02:463</time></pt><pt><x>757</x><y>2958</y><time>28-08-20 22:34:08:262</time></pt><pt><x>757</x><y>719</y><time>undefined</time></pt><pt><x>4360</x><y>719</y><time>undefined</time></pt><closed_date>28-08-20 22:34:08:263</closed_date></polygon></object></annotation>