<annotation><filename>m4_s04_037_p_ic024.jpg</filename><folder>users/joselusava//santiago_2</folder><source><submittedBy>Jose Saca</submittedBy></source><imagesize><nrows>2970</nrows><ncols>4451</ncols></imagesize><object><name>m4_s04_037_p_ic024</name><deleted>0</deleted><verified>0</verified><occluded>no</occluded><attributes></attributes><parts><hasparts></hasparts><ispartof></ispartof></parts><date>17-10-20 21:38:47:349</date><id>0</id><type>bounding_box</type><polygon><username>anonymous</username><pt><x>1567</x><y>371</y><time>17-10-20 21:38:43:716</time></pt><pt><x>2866</x><y>371</y><time>17-10-20 21:38:44:907</time></pt><pt><x>2866</x><y>2399</y><time>undefined</time></pt><pt><x>1567</x><y>2399</y><time>undefined</time></pt><closed_date>17-10-20 21:38:44:908</closed_date></polygon></object></annotation>