<annotation><filename>m2_s03_252_p_nic014.jpg</filename><folder>users/joselusava//valeria/m2_sala03_252_nic</folder><source><submittedBy>Jose Saca</submittedBy></source><imagesize><nrows>2910</nrows><ncols>4361</ncols></imagesize><object><name>m2_s06_252_p_nic014</name><deleted>0</deleted><verified>0</verified><occluded>no</occluded><attributes></attributes><parts><hasparts></hasparts><ispartof></ispartof></parts><date>26-09-20 18:37:19:018</date><id>0</id><type>bounding_box</type><polygon><username>anonymous</username><pt><x>2210</x><y>1653</y><time>26-09-20 18:37:13:940</time></pt><pt><x>518</x><y>1653</y><time>26-09-20 18:37:15:707</time></pt><pt><x>518</x><y>2651</y><time>undefined</time></pt><pt><x>2210</x><y>2651</y><time>undefined</time></pt><closed_date>26-09-20 18:37:15:707</closed_date></polygon></object></annotation>