<annotation><filename>m4_s11_178_p_nic072.jpg</filename><folder>users/joselusava//santiago_2</folder><source><submittedBy>Jose Saca</submittedBy></source><imagesize><nrows>2970</nrows><ncols>4451</ncols></imagesize><object><name>m4_s11_178_p_nic072</name><deleted>0</deleted><verified>0</verified><occluded>no</occluded><attributes></attributes><parts><hasparts></hasparts><ispartof></ispartof></parts><date>16-10-20 11:32:21:949</date><id>0</id><type>bounding_box</type><polygon><username>anonymous</username><pt><x>625</x><y>860</y><time>16-10-20 11:32:18:619</time></pt><pt><x>1481</x><y>860</y><time>16-10-20 11:32:19:883</time></pt><pt><x>1481</x><y>1945</y><time>undefined</time></pt><pt><x>625</x><y>1945</y><time>undefined</time></pt><closed_date>16-10-20 11:32:19:884</closed_date></polygon></object></annotation>