<annotation><filename>m2_s01_058_p_ic070.jpg</filename><folder>users/joselusava//m2_jsv/58/ic</folder><source><submittedBy>Jose Saca</submittedBy></source><imagesize><nrows>2850</nrows><ncols>4271</ncols></imagesize><object><name>m2_s01_058_p_ic070</name><deleted>0</deleted><verified>0</verified><occluded>no</occluded><attributes></attributes><parts><hasparts></hasparts><ispartof></ispartof></parts><date>29-09-20 13:36:32:765</date><id>0</id><type>bounding_box</type><polygon><username>anonymous</username><pt><x>3846</x><y>102</y><time>29-09-20 13:36:30:256</time></pt><pt><x>492</x><y>102</y><time>29-09-20 13:36:31:981</time></pt><pt><x>492</x><y>2683</y><time>undefined</time></pt><pt><x>3846</x><y>2683</y><time>undefined</time></pt><closed_date>29-09-20 13:36:31:981</closed_date></polygon></object></annotation>