<annotation><filename>m2_s03_252_p_ic085.jpg</filename><folder>users/joselusava//valeria/m2_sala03_252_ic</folder><source><submittedBy>Jose Saca</submittedBy></source><imagesize><nrows>2910</nrows><ncols>4361</ncols></imagesize><object><name>m2_s06_252_p_ic085</name><deleted>0</deleted><verified>0</verified><occluded>no</occluded><attributes></attributes><parts><hasparts></hasparts><ispartof></ispartof></parts><date>27-09-20 13:24:41:234</date><id>0</id><type>bounding_box</type><polygon><username>anonymous</username><pt><x>491</x><y>2287</y><time>27-09-20 13:24:32:613</time></pt><pt><x>3737</x><y>2287</y><time>27-09-20 13:24:36:970</time></pt><pt><x>3737</x><y>474</y><time>undefined</time></pt><pt><x>491</x><y>474</y><time>undefined</time></pt><closed_date>27-09-20 13:24:36:971</closed_date></polygon></object></annotation>