<annotation><filename>m1_s02_036_p_ic018.jpg</filename><folder>users/joselusava//valeria/sala2_036_ic</folder><source><submittedBy>Jose Saca</submittedBy></source><imagesize><nrows>3200</nrows><ncols>4800</ncols></imagesize><object><name>m1_s01_036_p_ic018</name><deleted>0</deleted><verified>0</verified><occluded>no</occluded><attributes></attributes><parts><hasparts></hasparts><ispartof></ispartof></parts><date>23-08-20 01:35:21:516</date><id>0</id><type>bounding_box</type><polygon><username>anonymous</username><pt><x>1267</x><y>848</y><time>23-08-20 01:35:15:079</time></pt><pt><x>3119</x><y>848</y><time>23-08-20 01:35:17:865</time></pt><pt><x>3119</x><y>2728</y><time>undefined</time></pt><pt><x>1267</x><y>2728</y><time>undefined</time></pt><closed_date>23-08-20 01:35:17:866</closed_date></polygon></object></annotation>