<annotation><filename>m4_s10_154_p_nic073.jpg</filename><folder>users/joselusava//valeria/m04_s10_154_nic</folder><source><submittedBy>Jose Saca</submittedBy></source><imagesize><nrows>2970</nrows><ncols>4451</ncols></imagesize><object><name>m4_s10_154_p_nic073</name><deleted>0</deleted><verified>0</verified><occluded>no</occluded><attributes></attributes><parts><hasparts></hasparts><ispartof></ispartof></parts><date>14-10-20 15:44:23:274</date><id>0</id><type>bounding_box</type><polygon><username>anonymous</username><pt><x>3079</x><y>2667</y><time>14-10-20 15:44:18:724</time></pt><pt><x>2290</x><y>2667</y><time>14-10-20 15:44:19:987</time></pt><pt><x>2290</x><y>1154</y><time>undefined</time></pt><pt><x>3079</x><y>1154</y><time>undefined</time></pt><closed_date>14-10-20 15:44:19:990</closed_date></polygon></object></annotation>