<annotation><filename>m2_s01_032_p_nic092.jpg</filename><folder>users/joselusava//santiago_2</folder><source><submittedBy>Jose Saca</submittedBy></source><imagesize><nrows>2850</nrows><ncols>4271</ncols></imagesize><object><name>m2_s01_032_p_nic092</name><deleted>0</deleted><verified>0</verified><occluded>no</occluded><attributes></attributes><parts><hasparts></hasparts><ispartof></ispartof></parts><date>30-09-20 21:28:12:040</date><id>0</id><type>bounding_box</type><polygon><username>anonymous</username><pt><x>2728</x><y>143</y><time>30-09-20 21:28:09:476</time></pt><pt><x>3569</x><y>143</y><time>30-09-20 21:28:10:287</time></pt><pt><x>3569</x><y>1116</y><time>undefined</time></pt><pt><x>2728</x><y>1116</y><time>undefined</time></pt><closed_date>30-09-20 21:28:10:289</closed_date></polygon></object></annotation>