<annotation><filename>m2_s03_201_p_ic004.jpg</filename><folder>users/joselusava//juancarlos</folder><source><submittedBy>Jose Saca</submittedBy></source><imagesize><nrows>2910</nrows><ncols>4361</ncols></imagesize><object><name>m2_s03_201_p_ic004</name><deleted>0</deleted><verified>0</verified><occluded>no</occluded><attributes></attributes><parts><hasparts></hasparts><ispartof></ispartof></parts><date>04-10-20 20:50:00:400</date><id>0</id><polygon><username>anonymous</username><pt><x>1562</x><y>418</y><time>04-10-20 20:49:49:394</time></pt><pt><x>1427</x><y>2222</y><time>04-10-20 20:49:50:319</time></pt><pt><x>3142</x><y>2348</y><time>04-10-20 20:49:51:213</time></pt><pt><x>2887</x><y>614</y><time>04-10-20 20:49:52:309</time></pt><closed_date>04-10-20 20:49:53:205</closed_date></polygon></object></annotation>