<annotation><filename>m4_s07_105_p_nic031.jpg</filename><folder>users/joselusava//kath/m4_105/nic</folder><source><submittedBy>Jose Saca</submittedBy></source><imagesize><nrows>2970</nrows><ncols>4451</ncols></imagesize><object><name>m4_s07_105_p_nic031</name><deleted>0</deleted><verified>0</verified><occluded>no</occluded><attributes></attributes><parts><hasparts></hasparts><ispartof></ispartof></parts><date>29-10-20 09:40:20:145</date><id>0</id><type>bounding_box</type><polygon><username>anonymous</username><pt><x>4027</x><y>2898</y><time>29-10-20 09:40:15:303</time></pt><pt><x>3037</x><y>2898</y><time>29-10-20 09:40:18:017</time></pt><pt><x>3037</x><y>1250</y><time>undefined</time></pt><pt><x>4027</x><y>1250</y><time>undefined</time></pt><closed_date>29-10-20 09:40:18:017</closed_date></polygon></object></annotation>