<annotation><filename>m4_s12_185_p_nic013.jpg</filename><folder>users/joselusava//valeria/m04_s12_185_nic</folder><source><submittedBy>Jose Saca</submittedBy></source><imagesize><nrows>2910</nrows><ncols>4361</ncols></imagesize><object><name>m4_s12_185_p_nic013</name><deleted>0</deleted><verified>0</verified><occluded>no</occluded><attributes></attributes><parts><hasparts></hasparts><ispartof></ispartof></parts><date>17-10-20 19:30:22:479</date><id>0</id><type>bounding_box</type><polygon><username>anonymous</username><pt><x>73</x><y>2681</y><time>17-10-20 19:30:15:711</time></pt><pt><x>2720</x><y>2681</y><time>17-10-20 19:30:18:397</time></pt><pt><x>2720</x><y>381</y><time>undefined</time></pt><pt><x>73</x><y>381</y><time>undefined</time></pt><closed_date>17-10-20 19:30:18:399</closed_date></polygon></object></annotation>