<annotation><filename>m1_s01_017_p_nic052.jpg</filename><folder>users/joselusava//santiago</folder><source><submittedBy>Jose Saca</submittedBy></source><imagesize><nrows>3200</nrows><ncols>4800</ncols></imagesize><object><name>m1_s01_017_p_nic052</name><deleted>0</deleted><verified>0</verified><occluded>no</occluded><attributes></attributes><parts><hasparts></hasparts><ispartof></ispartof></parts><date>11-09-20 19:19:30:488</date><id>0</id><type>bounding_box</type><polygon><username>anonymous</username><pt><x>929</x><y>1001</y><time>11-09-20 19:19:23:195</time></pt><pt><x>1400</x><y>1001</y><time>11-09-20 19:19:24:934</time></pt><pt><x>1400</x><y>1339</y><time>undefined</time></pt><pt><x>929</x><y>1339</y><time>undefined</time></pt><closed_date>11-09-20 19:19:24:935</closed_date></polygon></object></annotation>