<annotation><filename>m4_s04_045_p_nic005.jpg</filename><folder>users/joselusava//valeria/m04_s04_45_nic</folder><source><submittedBy>Jose Saca</submittedBy></source><imagesize><nrows>2970</nrows><ncols>4451</ncols></imagesize><object><name>m4_s04_045_p_nic005</name><deleted>0</deleted><verified>0</verified><occluded>no</occluded><attributes></attributes><parts><hasparts></hasparts><ispartof></ispartof></parts><date>20-10-20 00:08:37:841</date><id>0</id><type>bounding_box</type><polygon><username>anonymous</username><pt><x>3341</x><y>1970</y><time>20-10-20 00:08:32:557</time></pt><pt><x>4249</x><y>1970</y><time>20-10-20 00:08:34:972</time></pt><pt><x>4249</x><y>554</y><time>undefined</time></pt><pt><x>3341</x><y>554</y><time>undefined</time></pt><closed_date>20-10-20 00:08:34:974</closed_date></polygon></object></annotation>