<annotation><filename>m2_s01_056_p_nic031.jpg</filename><folder>users/joselusava//m2_jsv/56/nic</folder><source><submittedBy>Jose Saca</submittedBy></source><imagesize><nrows>2850</nrows><ncols>4271</ncols></imagesize><object><name>m2_s01_056_p_nic031</name><deleted>0</deleted><verified>0</verified><occluded>no</occluded><attributes></attributes><parts><hasparts></hasparts><ispartof></ispartof></parts><date>28-09-20 22:17:57:144</date><id>0</id><type>bounding_box</type><polygon><username>anonymous</username><pt><x>3829</x><y>2836</y><time>28-09-20 22:17:55:420</time></pt><pt><x>2666</x><y>2836</y><time>28-09-20 22:17:56:588</time></pt><pt><x>2666</x><y>1240</y><time>undefined</time></pt><pt><x>3829</x><y>1240</y><time>undefined</time></pt><closed_date>28-09-20 22:17:56:589</closed_date></polygon></object></annotation>