<annotation><filename>m4_s04_039_p_ic074.jpg</filename><folder>users/joselusava//santiago_2</folder><source><submittedBy>Jose Saca</submittedBy></source><imagesize><nrows>2970</nrows><ncols>4451</ncols></imagesize><object><name>m4_s04_039_p_ic074</name><deleted>0</deleted><verified>0</verified><occluded>no</occluded><attributes></attributes><parts><hasparts></hasparts><ispartof></ispartof></parts><date>21-10-20 15:54:31:173</date><id>0</id><type>bounding_box</type><polygon><username>anonymous</username><pt><x>1960</x><y>257</y><time>21-10-20 15:54:26:571</time></pt><pt><x>2656</x><y>257</y><time>21-10-20 15:54:28:345</time></pt><pt><x>2656</x><y>2916</y><time>undefined</time></pt><pt><x>1960</x><y>2916</y><time>undefined</time></pt><closed_date>21-10-20 15:54:28:346</closed_date></polygon></object></annotation>