<annotation><filename>m3_s01_023_p_ic063.jpg</filename><folder>users/joselusava//santiago_3</folder><source><submittedBy>Jose Saca</submittedBy></source><imagesize><nrows>2970</nrows><ncols>4451</ncols></imagesize><object><name>m3_s01_023_p_ic063</name><deleted>0</deleted><verified>0</verified><occluded>no</occluded><attributes></attributes><parts><hasparts></hasparts><ispartof></ispartof></parts><date>04-11-20 20:03:33:972</date><id>0</id><type>bounding_box</type><polygon><username>anonymous</username><pt><x>1046</x><y>293</y><time>04-11-20 20:03:30:818</time></pt><pt><x>2963</x><y>293</y><time>04-11-20 20:03:32:007</time></pt><pt><x>2963</x><y>2427</y><time>undefined</time></pt><pt><x>1046</x><y>2427</y><time>undefined</time></pt><closed_date>04-11-20 20:03:32:008</closed_date></polygon></object></annotation>