<annotation><filename>m1_s02_065_p_nic052.jpg</filename><folder>users/joselusava//valeria/sala2_065_nic</folder><source><submittedBy>Jose Saca</submittedBy></source><imagesize><nrows>2000</nrows><ncols>2992</ncols></imagesize><object><name>m1_s02_065_p_nic052</name><deleted>0</deleted><verified>0</verified><occluded>no</occluded><attributes></attributes><parts><hasparts></hasparts><ispartof></ispartof></parts><date>27-08-20 23:16:44:021</date><id>0</id><type>bounding_box</type><polygon><username>anonymous</username><pt><x>2644</x><y>1792</y><time>27-08-20 23:16:37:967</time></pt><pt><x>980</x><y>1792</y><time>27-08-20 23:16:40:430</time></pt><pt><x>980</x><y>1027</y><time>undefined</time></pt><pt><x>2644</x><y>1027</y><time>undefined</time></pt><closed_date>27-08-20 23:16:40:431</closed_date></polygon></object></annotation>