<annotation><filename>m4_s10_164_p_ic050.jpg</filename><folder>users/joselusava//santiago_2</folder><source><submittedBy>Jose Saca</submittedBy></source><imagesize><nrows>2970</nrows><ncols>4451</ncols></imagesize><object><name>m4_s10_164_p_ic050</name><deleted>0</deleted><verified>0</verified><occluded>no</occluded><attributes></attributes><parts><hasparts></hasparts><ispartof></ispartof></parts><date>13-10-20 22:44:34:464</date><id>0</id><type>bounding_box</type><polygon><username>anonymous</username><pt><x>1974</x><y>1110</y><time>13-10-20 22:44:31:365</time></pt><pt><x>2381</x><y>1110</y><time>13-10-20 22:44:32:246</time></pt><pt><x>2381</x><y>1828</y><time>undefined</time></pt><pt><x>1974</x><y>1828</y><time>undefined</time></pt><closed_date>13-10-20 22:44:32:246</closed_date></polygon></object></annotation>