<annotation><filename>m3_s01_013_p_ic045.jpg</filename><folder>users/joselusava//valeria/m03_s01_13_ic</folder><source><submittedBy>Jose Saca</submittedBy></source><imagesize><nrows>2970</nrows><ncols>4451</ncols></imagesize><object><name>m3_s01_013_p_ic044</name><deleted>0</deleted><verified>0</verified><occluded>no</occluded><attributes></attributes><parts><hasparts></hasparts><ispartof></ispartof></parts><date>29-10-20 13:50:42:007</date><id>0</id><type>bounding_box</type><polygon><username>anonymous</username><pt><x>3890</x><y>2810</y><time>29-10-20 13:50:36:120</time></pt><pt><x>474</x><y>2810</y><time>29-10-20 13:50:38:507</time></pt><pt><x>474</x><y>291</y><time>undefined</time></pt><pt><x>3890</x><y>291</y><time>undefined</time></pt><closed_date>29-10-20 13:50:38:508</closed_date></polygon></object></annotation>