<annotation><filename>m2_s03_219_p_nic008.jpg</filename><folder>users/joselusava//valeria/m2_sala03_219_nic</folder><source><submittedBy>Jose Saca</submittedBy></source><imagesize><nrows>2910</nrows><ncols>4361</ncols></imagesize><object><name>m2_s03_219_p_nic008</name><deleted>0</deleted><verified>0</verified><occluded>no</occluded><attributes></attributes><parts><hasparts></hasparts><ispartof></ispartof></parts><date>29-09-20 17:05:41:647</date><id>0</id><type>bounding_box</type><polygon><username>anonymous</username><pt><x>2177</x><y>1731</y><time>29-09-20 17:05:35:406</time></pt><pt><x>524</x><y>1731</y><time>29-09-20 17:05:38:434</time></pt><pt><x>524</x><y>182</y><time>undefined</time></pt><pt><x>2177</x><y>182</y><time>undefined</time></pt><closed_date>29-09-20 17:05:38:435</closed_date></polygon></object></annotation>