<annotation><filename>m3_s01_023_p_nic053.jpg</filename><folder>users/joselusava//santiago_3</folder><source><submittedBy>Jose Saca</submittedBy></source><imagesize><nrows>2970</nrows><ncols>4451</ncols></imagesize><object><name>m3_s01_023_p_nic053</name><deleted>0</deleted><verified>0</verified><occluded>no</occluded><attributes></attributes><parts><hasparts></hasparts><ispartof></ispartof></parts><date>06-11-20 09:37:48:244</date><id>0</id><type>bounding_box</type><polygon><username>anonymous</username><pt><x>168</x><y>378</y><time>06-11-20 09:37:43:719</time></pt><pt><x>2645</x><y>378</y><time>06-11-20 09:37:45:558</time></pt><pt><x>2645</x><y>2688</y><time>undefined</time></pt><pt><x>168</x><y>2688</y><time>undefined</time></pt><closed_date>06-11-20 09:37:45:560</closed_date></polygon></object></annotation>