<annotation><filename>m3_s01_013_p_ic008.jpg</filename><folder>users/joselusava//valeria/m03_s01_13_ic</folder><source><submittedBy>Jose Saca</submittedBy></source><imagesize><nrows>2970</nrows><ncols>4451</ncols></imagesize><object><name>m3_s01_013_p_ic008</name><deleted>0</deleted><verified>0</verified><occluded>no</occluded><attributes></attributes><parts><hasparts></hasparts><ispartof></ispartof></parts><date>28-10-20 22:21:59:280</date><id>0</id><type>bounding_box</type><polygon><username>anonymous</username><pt><x>600</x><y>2639</y><time>28-10-20 22:21:52:701</time></pt><pt><x>3313</x><y>2639</y><time>28-10-20 22:21:55:395</time></pt><pt><x>3313</x><y>177</y><time>undefined</time></pt><pt><x>600</x><y>177</y><time>undefined</time></pt><closed_date>28-10-20 22:21:55:396</closed_date></polygon></object></annotation>