<annotation><filename>m2_s06_250_p_nic040.jpg</filename><folder>users/joselusava//m2_jsv/250</folder><source><submittedBy>Jose Saca</submittedBy></source><imagesize><nrows>2910</nrows><ncols>4361</ncols></imagesize><object><name>m2_s06_250_p_nic040</name><deleted>0</deleted><verified>0</verified><occluded>no</occluded><attributes></attributes><parts><hasparts></hasparts><ispartof></ispartof></parts><date>30-09-20 11:39:56:862</date><id>0</id><type>bounding_box</type><polygon><username>anonymous</username><pt><x>1619</x><y>87</y><time>30-09-20 11:39:54:366</time></pt><pt><x>4361</x><y>87</y><time>30-09-20 11:39:56:138</time></pt><pt><x>4361</x><y>1271</y><time>undefined</time></pt><pt><x>1619</x><y>1271</y><time>undefined</time></pt><closed_date>30-09-20 11:39:56:138</closed_date></polygon></object></annotation>