<annotation><filename>m3_s01_018_p_nic028.jpg</filename><folder>users/joselusava//m4_js/18/nic</folder><source><submittedBy>Jose Saca</submittedBy></source><imagesize><nrows>2970</nrows><ncols>4451</ncols></imagesize><object><name>m3_s01_018_p_nic028</name><deleted>0</deleted><verified>0</verified><occluded>no</occluded><attributes></attributes><parts><hasparts></hasparts><ispartof></ispartof></parts><date>05-11-20 14:57:01:679</date><id>0</id><type>bounding_box</type><polygon><username>anonymous</username><pt><x>0</x><y>2946</y><time>05-11-20 14:56:59:196</time></pt><pt><x>3336</x><y>2946</y><time>05-11-20 14:57:01:108</time></pt><pt><x>3336</x><y>873</y><time>undefined</time></pt><pt><x>0</x><y>873</y><time>undefined</time></pt><closed_date>05-11-20 14:57:01:109</closed_date></polygon></object></annotation>