<annotation><filename>m2_s02_085_p_nic032.jpg</filename><folder>users/joselusava//m2_jsv/85/nic</folder><source><submittedBy>Jose Saca</submittedBy></source><imagesize><nrows>2910</nrows><ncols>4361</ncols></imagesize><object><name>m2_s02_085_p_nic032</name><deleted>0</deleted><verified>0</verified><occluded>no</occluded><attributes></attributes><parts><hasparts></hasparts><ispartof></ispartof></parts><date>19-09-20 22:36:13:796</date><id>0</id><type>bounding_box</type><polygon><username>anonymous</username><pt><x>4143</x><y>1906</y><time>19-09-20 22:36:11:559</time></pt><pt><x>3290</x><y>1906</y><time>19-09-20 22:36:12:882</time></pt><pt><x>3290</x><y>984</y><time>undefined</time></pt><pt><x>4143</x><y>984</y><time>undefined</time></pt><closed_date>19-09-20 22:36:12:883</closed_date></polygon></object></annotation>