<annotation><filename>m4_s07_105_p_ic022.jpg</filename><folder>users/joselusava//kath/m4_105</folder><source><submittedBy>Jose Saca</submittedBy></source><imagesize><nrows>2970</nrows><ncols>4451</ncols></imagesize><object><name>m4_s07_105_p_ic022</name><deleted>0</deleted><verified>0</verified><occluded>no</occluded><attributes></attributes><parts><hasparts></hasparts><ispartof></ispartof></parts><date>25-10-20 09:23:36:122</date><id>0</id><type>bounding_box</type><polygon><username>anonymous</username><pt><x>2874</x><y>2562</y><time>25-10-20 09:23:28:105</time></pt><pt><x>1567</x><y>2562</y><time>25-10-20 09:23:30:251</time></pt><pt><x>1567</x><y>389</y><time>undefined</time></pt><pt><x>2874</x><y>389</y><time>undefined</time></pt><closed_date>25-10-20 09:23:30:253</closed_date></polygon></object></annotation>