<annotation><filename>m4_s10_164_p_ic087.jpg</filename><folder>users/joselusava//santiago_2</folder><source><submittedBy>Jose Saca</submittedBy></source><imagesize><nrows>2970</nrows><ncols>4451</ncols></imagesize><object><name>m4_s10_164_p_ic087</name><deleted>0</deleted><verified>0</verified><occluded>no</occluded><attributes></attributes><parts><hasparts></hasparts><ispartof></ispartof></parts><date>13-10-20 23:10:32:540</date><id>0</id><type>bounding_box</type><polygon><username>anonymous</username><pt><x>2085</x><y>939</y><time>13-10-20 23:10:29:823</time></pt><pt><x>2581</x><y>939</y><time>13-10-20 23:10:30:636</time></pt><pt><x>2581</x><y>1721</y><time>undefined</time></pt><pt><x>2085</x><y>1721</y><time>undefined</time></pt><closed_date>13-10-20 23:10:30:637</closed_date></polygon></object></annotation>