<annotation><filename>m2_s03_209_x.jpg</filename><folder>users/joselusava//juancarlos</folder><source><submittedBy>Jose Saca</submittedBy></source><imagesize><nrows>2910</nrows><ncols>4361</ncols></imagesize><object><name>m2_s03_209_x</name><deleted>0</deleted><verified>0</verified><occluded>no</occluded><attributes></attributes><parts><hasparts></hasparts><ispartof></ispartof></parts><date>30-09-20 16:06:13:190</date><id>0</id><polygon><username>anonymous</username><pt><x>1278</x><y>530</y><time>30-09-20 16:06:03:534</time></pt><pt><x>1060</x><y>2626</y><time>30-09-20 16:06:04:410</time></pt><pt><x>3105</x><y>2478</y><time>30-09-20 16:06:05:331</time></pt><pt><x>2943</x><y>353</y><time>30-09-20 16:06:06:315</time></pt><closed_date>30-09-20 16:06:07:429</closed_date></polygon></object></annotation>