<annotation><filename>m4_s10_164_p_ic073.jpg</filename><folder>users/joselusava//santiago_2</folder><source><submittedBy>Jose Saca</submittedBy></source><imagesize><nrows>2970</nrows><ncols>4451</ncols></imagesize><object><name>m4_s10_164_p_ic073</name><deleted>0</deleted><verified>0</verified><occluded>no</occluded><attributes></attributes><parts><hasparts></hasparts><ispartof></ispartof></parts><date>13-10-20 23:00:34:060</date><id>0</id><type>bounding_box</type><polygon><username>anonymous</username><pt><x>1514</x><y>1021</y><time>13-10-20 23:00:30:614</time></pt><pt><x>2199</x><y>1021</y><time>13-10-20 23:00:32:148</time></pt><pt><x>2199</x><y>2042</y><time>undefined</time></pt><pt><x>1514</x><y>2042</y><time>undefined</time></pt><closed_date>13-10-20 23:00:32:149</closed_date></polygon></object></annotation>