<annotation><filename>m3_s01_018_p_nic017.jpg</filename><folder>users/joselusava//m4_js/18/nic</folder><source><submittedBy>Jose Saca</submittedBy></source><imagesize><nrows>2970</nrows><ncols>4451</ncols></imagesize><object><name>m3_s01_018_p_nic017</name><deleted>0</deleted><verified>0</verified><occluded>no</occluded><attributes></attributes><parts><hasparts></hasparts><ispartof></ispartof></parts><date>05-11-20 14:52:21:279</date><id>0</id><type>bounding_box</type><polygon><username>anonymous</username><pt><x>3788</x><y>2431</y><time>05-11-20 14:52:19:118</time></pt><pt><x>42</x><y>2431</y><time>05-11-20 14:52:20:491</time></pt><pt><x>42</x><y>21</y><time>undefined</time></pt><pt><x>3788</x><y>21</y><time>undefined</time></pt><closed_date>05-11-20 14:52:20:491</closed_date></polygon></object></annotation>