<annotation><filename>m1_s06_144_p_nic007.jpg</filename><folder>users/joselusava//jacob_2/144nic</folder><source><submittedBy>Jose Saca</submittedBy></source><imagesize><nrows>2736</nrows><ncols>4100</ncols></imagesize><object><name>m1_s06_144_p_nic007</name><deleted>0</deleted><verified>0</verified><occluded>no</occluded><attributes></attributes><parts><hasparts></hasparts><ispartof></ispartof></parts><date>08-09-20 01:52:19:948</date><id>0</id><type>bounding_box</type><polygon><username>anonymous</username><pt><x>2701</x><y>1579</y><time>08-09-20 01:52:17:099</time></pt><pt><x>1031</x><y>1579</y><time>08-09-20 01:52:18:847</time></pt><pt><x>1031</x><y>164</y><time>undefined</time></pt><pt><x>2701</x><y>164</y><time>undefined</time></pt><closed_date>08-09-20 01:52:18:847</closed_date></polygon></object></annotation>