<annotation><filename>m2_s03_219_p_ic003.jpg</filename><folder>users/joselusava//valeria/m2_sala03_219_ic</folder><source><submittedBy>Jose Saca</submittedBy></source><imagesize><nrows>2910</nrows><ncols>4361</ncols></imagesize><object><name>m2_s03_219_p_ic003</name><deleted>0</deleted><verified>0</verified><occluded>no</occluded><attributes></attributes><parts><hasparts></hasparts><ispartof></ispartof></parts><date>28-09-20 23:32:28:101</date><id>0</id><type>bounding_box</type><polygon><username>anonymous</username><pt><x>1378</x><y>99</y><time>28-09-20 23:32:22:080</time></pt><pt><x>3015</x><y>99</y><time>28-09-20 23:32:24:677</time></pt><pt><x>3015</x><y>2645</y><time>undefined</time></pt><pt><x>1378</x><y>2645</y><time>undefined</time></pt><closed_date>28-09-20 23:32:24:679</closed_date></polygon></object></annotation>