<annotation><filename>m4_s02_021_p_nic048.jpg</filename><folder>users/joselusava//santiago_2</folder><source><submittedBy>Jose Saca</submittedBy></source><imagesize><nrows>2910</nrows><ncols>4361</ncols></imagesize><object><name>m4_s02_021_p_nic048</name><deleted>0</deleted><verified>0</verified><occluded>no</occluded><attributes></attributes><parts><hasparts></hasparts><ispartof></ispartof></parts><date>05-10-20 11:08:05:463</date><id>0</id><type>bounding_box</type><polygon><username>anonymous</username><pt><x>373</x><y>494</y><time>05-10-20 11:08:00:191</time></pt><pt><x>1257</x><y>494</y><time>05-10-20 11:08:03:575</time></pt><pt><x>1257</x><y>2180</y><time>undefined</time></pt><pt><x>373</x><y>2180</y><time>undefined</time></pt><closed_date>05-10-20 11:08:03:575</closed_date></polygon></object></annotation>