<annotation><filename>m4_s06_089_p_ic049.jpg</filename><folder>users/joselusava//santiago_2</folder><source><submittedBy>Jose Saca</submittedBy></source><imagesize><nrows>2970</nrows><ncols>4451</ncols></imagesize><object><name>m4_s06_089_p_ic049</name><deleted>0</deleted><verified>0</verified><occluded>no</occluded><attributes></attributes><parts><hasparts></hasparts><ispartof></ispartof></parts><date>11-10-20 18:41:08:214</date><id>0</id><type>bounding_box</type><polygon><username>anonymous</username><pt><x>1580</x><y>520</y><time>11-10-20 18:41:03:760</time></pt><pt><x>2698</x><y>520</y><time>11-10-20 18:41:05:847</time></pt><pt><x>2698</x><y>2532</y><time>undefined</time></pt><pt><x>1580</x><y>2532</y><time>undefined</time></pt><closed_date>11-10-20 18:41:05:849</closed_date></polygon></object></annotation>