<annotation><filename>m2_s02_085_p_nic040.jpg</filename><folder>users/joselusava//m2_jsv/85/nic</folder><source><submittedBy>Jose Saca</submittedBy></source><imagesize><nrows>2910</nrows><ncols>4361</ncols></imagesize><object><name>m2_s02_085_p_nic040</name><deleted>0</deleted><verified>0</verified><occluded>no</occluded><attributes></attributes><parts><hasparts></hasparts><ispartof></ispartof></parts><date>19-09-20 22:39:25:168</date><id>0</id><type>bounding_box</type><polygon><username>anonymous</username><pt><x>183</x><y>940</y><time>19-09-20 22:39:23:350</time></pt><pt><x>1358</x><y>940</y><time>19-09-20 22:39:24:585</time></pt><pt><x>1358</x><y>2141</y><time>undefined</time></pt><pt><x>183</x><y>2141</y><time>undefined</time></pt><closed_date>19-09-20 22:39:24:586</closed_date></polygon></object></annotation>