<annotation><filename>m2_s02_129_p_nic059.jpg</filename><folder>users/joselusava//m2_jsv/129/nic</folder><source><submittedBy>Jose Saca</submittedBy></source><imagesize><nrows>2910</nrows><ncols>4361</ncols></imagesize><object><name>m2_s02_129_p_nic059</name><deleted>0</deleted><verified>0</verified><occluded>no</occluded><attributes></attributes><parts><hasparts></hasparts><ispartof></ispartof></parts><date>25-09-20 08:06:48:705</date><id>0</id><type>bounding_box</type><polygon><username>anonymous</username><pt><x>1306</x><y>2046</y><time>25-09-20 08:06:46:430</time></pt><pt><x>270</x><y>2046</y><time>25-09-20 08:06:47:929</time></pt><pt><x>270</x><y>949</y><time>undefined</time></pt><pt><x>1306</x><y>949</y><time>undefined</time></pt><closed_date>25-09-20 08:06:47:929</closed_date></polygon></object></annotation>