<annotation><filename>m3_s01_023_p_ic021.jpg</filename><folder>users/joselusava//santiago_3</folder><source><submittedBy>Jose Saca</submittedBy></source><imagesize><nrows>2970</nrows><ncols>4451</ncols></imagesize><object><name>m3_s01_023_p_ic021</name><deleted>0</deleted><verified>0</verified><occluded>no</occluded><attributes></attributes><parts><hasparts></hasparts><ispartof></ispartof></parts><date>04-11-20 18:54:06:868</date><id>0</id><type>bounding_box</type><polygon><username>anonymous</username><pt><x>318</x><y>382</y><time>04-11-20 18:54:02:181</time></pt><pt><x>3877</x><y>382</y><time>04-11-20 18:54:04:572</time></pt><pt><x>3877</x><y>2584</y><time>undefined</time></pt><pt><x>318</x><y>2584</y><time>undefined</time></pt><closed_date>04-11-20 18:54:04:573</closed_date></polygon></object></annotation>