<annotation><filename>m4_s11_176_p_nic062.jpg</filename><folder>users/joselusava//m4_js/176/nic</folder><source><submittedBy>Jose Saca</submittedBy></source><imagesize><nrows>2970</nrows><ncols>4451</ncols></imagesize><object><name>m4_s11_176_p_nic062</name><deleted>0</deleted><verified>0</verified><occluded>no</occluded><attributes></attributes><parts><hasparts></hasparts><ispartof></ispartof></parts><date>15-10-20 14:43:46:483</date><id>0</id><type>bounding_box</type><polygon><username>anonymous</username><pt><x>2674</x><y>2203</y><time>15-10-20 14:43:44:748</time></pt><pt><x>4424</x><y>2203</y><time>15-10-20 14:43:45:872</time></pt><pt><x>4424</x><y>631</y><time>undefined</time></pt><pt><x>2674</x><y>631</y><time>undefined</time></pt><closed_date>15-10-20 14:43:45:873</closed_date></polygon></object></annotation>