<annotation><filename>m4_s05_055_p_ic041.jpg</filename><folder>users/joselusava//valeria/m4_s05_055_ic</folder><source><submittedBy>Jose Saca</submittedBy></source><imagesize><nrows>2910</nrows><ncols>4361</ncols></imagesize><object><name>m4_s05_055_p_ic041</name><deleted>0</deleted><verified>0</verified><occluded>no</occluded><attributes></attributes><parts><hasparts></hasparts><ispartof></ispartof></parts><date>08-10-20 22:21:39:188</date><id>0</id><type>bounding_box</type><polygon><username>anonymous</username><pt><x>1367</x><y>507</y><time>08-10-20 22:21:33:486</time></pt><pt><x>2921</x><y>507</y><time>08-10-20 22:21:35:191</time></pt><pt><x>2921</x><y>2431</y><time>undefined</time></pt><pt><x>1367</x><y>2431</y><time>undefined</time></pt><closed_date>08-10-20 22:21:35:192</closed_date></polygon></object></annotation>