<annotation><filename>m4_s12_186_p_nic011.jpg</filename><folder>users/joselusava//m4_js/186/nic</folder><source><submittedBy>Jose Saca</submittedBy></source><imagesize><nrows>3899</nrows><ncols>5844</ncols></imagesize><object><name>m4_s12_186_p_nic011</name><deleted>0</deleted><verified>0</verified><occluded>no</occluded><attributes></attributes><parts><hasparts></hasparts><ispartof></ispartof></parts><date>18-10-20 11:23:21:568</date><id>0</id><type>bounding_box</type><polygon><username>anonymous</username><pt><x>2450</x><y>2974</y><time>18-10-20 11:23:19:914</time></pt><pt><x>117</x><y>2974</y><time>18-10-20 11:23:20:943</time></pt><pt><x>117</x><y>23</y><time>undefined</time></pt><pt><x>2450</x><y>23</y><time>undefined</time></pt><closed_date>18-10-20 11:23:20:944</closed_date></polygon></object></annotation>