<annotation><filename>m4_s07_105_p_nic019.jpg</filename><folder>users/joselusava//kath/m4_105/nic</folder><source><submittedBy>Jose Saca</submittedBy></source><imagesize><nrows>2970</nrows><ncols>4451</ncols></imagesize><object><name>m4_s07_105_p_nic019</name><deleted>0</deleted><verified>0</verified><occluded>no</occluded><attributes></attributes><parts><hasparts></hasparts><ispartof></ispartof></parts><date>29-10-20 09:32:11:465</date><id>0</id><type>bounding_box</type><polygon><username>anonymous</username><pt><x>654</x><y>1230</y><time>29-10-20 09:32:06:193</time></pt><pt><x>1509</x><y>1230</y><time>29-10-20 09:32:09:168</time></pt><pt><x>1509</x><y>2696</y><time>undefined</time></pt><pt><x>654</x><y>2696</y><time>undefined</time></pt><closed_date>29-10-20 09:32:09:168</closed_date></polygon></object></annotation>