<annotation><filename>m2_s02_117_x.jpg</filename><folder>users/joselusava//m2_jsv</folder><source><submittedBy>Jose Saca</submittedBy></source><imagesize><nrows>2910</nrows><ncols>4361</ncols></imagesize><object><name>m2_s02_116_x</name><deleted>0</deleted><verified>0</verified><occluded>no</occluded><attributes></attributes><parts><hasparts></hasparts><ispartof></ispartof></parts><date>19-09-20 23:26:18:754</date><id>0</id><type>bounding_box</type><polygon><username>anonymous</username><pt><x>2733</x><y>2315</y><time>19-09-20 23:26:17:196</time></pt><pt><x>1462</x><y>2315</y><time>19-09-20 23:26:18:046</time></pt><pt><x>1462</x><y>714</y><time>undefined</time></pt><pt><x>2733</x><y>714</y><time>undefined</time></pt><closed_date>19-09-20 23:26:18:046</closed_date></polygon></object></annotation>