<annotation><filename>m3_s01_002_p_nic088.jpg</filename><folder>users/joselusava//santiago_3</folder><source><submittedBy>Jose Saca</submittedBy></source><imagesize><nrows>2970</nrows><ncols>4451</ncols></imagesize><object><name>m3_s01_002_p_nic088</name><deleted>0</deleted><verified>0</verified><occluded>no</occluded><attributes></attributes><parts><hasparts></hasparts><ispartof></ispartof></parts><date>29-10-20 21:13:57:294</date><id>0</id><type>bounding_box</type><polygon><username>anonymous</username><pt><x>1806</x><y>646</y><time>29-10-20 21:13:53:551</time></pt><pt><x>4062</x><y>646</y><time>29-10-20 21:13:54:887</time></pt><pt><x>4062</x><y>2374</y><time>undefined</time></pt><pt><x>1806</x><y>2374</y><time>undefined</time></pt><closed_date>29-10-20 21:13:54:888</closed_date></polygon></object></annotation>