<annotation><filename>m4_s09_138_p_nic037.jpg</filename><folder>users/joselusava//santiago_2</folder><source><submittedBy>Jose Saca</submittedBy></source><imagesize><nrows>2970</nrows><ncols>4451</ncols></imagesize><object><name>m4_s09_138_p_nic037</name><deleted>0</deleted><verified>0</verified><occluded>no</occluded><attributes></attributes><parts><hasparts></hasparts><ispartof></ispartof></parts><date>23-10-20 13:46:31:246</date><id>0</id><type>bounding_box</type><polygon><username>anonymous</username><pt><x>1617</x><y>775</y><time>23-10-20 13:46:28:088</time></pt><pt><x>4366</x><y>775</y><time>23-10-20 13:46:29:108</time></pt><pt><x>4366</x><y>1970</y><time>undefined</time></pt><pt><x>1617</x><y>1970</y><time>undefined</time></pt><closed_date>23-10-20 13:46:29:108</closed_date></polygon></object></annotation>