<annotation><filename>m4_s09_138_p_nic078.jpg</filename><folder>users/joselusava//santiago_2</folder><source><submittedBy>Jose Saca</submittedBy></source><imagesize><nrows>2970</nrows><ncols>4451</ncols></imagesize><object><name>m4_s09_138_p_nic078</name><deleted>0</deleted><verified>0</verified><occluded>no</occluded><attributes></attributes><parts><hasparts></hasparts><ispartof></ispartof></parts><date>23-10-20 14:17:41:716</date><id>0</id><type>bounding_box</type><polygon><username>anonymous</username><pt><x>303</x><y>443</y><time>23-10-20 14:17:39:093</time></pt><pt><x>2999</x><y>443</y><time>23-10-20 14:17:39:965</time></pt><pt><x>2999</x><y>1621</y><time>undefined</time></pt><pt><x>303</x><y>1621</y><time>undefined</time></pt><closed_date>23-10-20 14:17:39:966</closed_date></polygon></object></annotation>