<annotation><filename>m4_s02_021_p_ic072.jpg</filename><folder>users/joselusava//santiago_2</folder><source><submittedBy>Jose Saca</submittedBy></source><imagesize><nrows>2910</nrows><ncols>4361</ncols></imagesize><object><name>m4_s02_021_p_ic072</name><deleted>0</deleted><verified>0</verified><occluded>no</occluded><attributes></attributes><parts><hasparts></hasparts><ispartof></ispartof></parts><date>04-10-20 19:23:26:367</date><id>0</id><type>bounding_box</type><polygon><username>anonymous</username><pt><x>1393</x><y>333</y><time>04-10-20 19:23:20:467</time></pt><pt><x>2605</x><y>333</y><time>04-10-20 19:23:22:209</time></pt><pt><x>2605</x><y>2647</y><time>undefined</time></pt><pt><x>1393</x><y>2647</y><time>undefined</time></pt><closed_date>04-10-20 19:23:22:211</closed_date></polygon></object></annotation>