<annotation><filename>m1_s10_302_x.jpg</filename><folder>users/joselusava//santiago</folder><source><submittedBy>Jose Saca</submittedBy></source><imagesize><nrows>3200</nrows><ncols>4800</ncols></imagesize><object><name>m1_s10_302_x</name><deleted>0</deleted><verified>0</verified><occluded>no</occluded><attributes></attributes><parts><hasparts></hasparts><ispartof></ispartof></parts><date>28-08-20 17:04:25:030</date><id>0</id><type>bounding_box</type><polygon><username>anonymous</username><pt><x>893</x><y>335</y><time>28-08-20 17:04:12:402</time></pt><pt><x>3913</x><y>335</y><time>28-08-20 17:04:14:832</time></pt><pt><x>3913</x><y>2721</y><time>undefined</time></pt><pt><x>893</x><y>2721</y><time>undefined</time></pt><closed_date>28-08-20 17:04:14:833</closed_date></polygon></object></annotation>