<annotation><filename>m2_s01_001_p_nic032.jpg</filename><folder>users/joselusava//santiago</folder><source><submittedBy>Jose Saca</submittedBy></source><imagesize><nrows>2850</nrows><ncols>4271</ncols></imagesize><object><name>m2_s01_001_p_nic032</name><deleted>0</deleted><verified>0</verified><occluded>no</occluded><attributes></attributes><parts><hasparts></hasparts><ispartof></ispartof></parts><date>19-09-20 22:21:29:014</date><id>0</id><type>bounding_box</type><polygon><username>anonymous</username><pt><x>1526</x><y>1244</y><time>19-09-20 22:21:20:383</time></pt><pt><x>2844</x><y>1244</y><time>19-09-20 22:21:21:897</time></pt><pt><x>2844</x><y>2549</y><time>undefined</time></pt><pt><x>1526</x><y>2549</y><time>undefined</time></pt><closed_date>19-09-20 22:21:21:899</closed_date></polygon></object></annotation>