<annotation><filename>m4_s02_015_p_nic004.jpg</filename><folder>users/joselusava//m4_js/15nic</folder><source><submittedBy>Jose Saca</submittedBy></source><imagesize><nrows>2910</nrows><ncols>4361</ncols></imagesize><object><name>m4_s02_015_p_nic004</name><deleted>0</deleted><verified>0</verified><occluded>no</occluded><attributes></attributes><parts><hasparts></hasparts><ispartof></ispartof></parts><date>06-10-20 19:20:52:955</date><id>0</id><type>bounding_box</type><polygon><username>anonymous</username><pt><x>251</x><y>2063</y><time>06-10-20 19:20:50:099</time></pt><pt><x>1361</x><y>2063</y><time>06-10-20 19:20:52:187</time></pt><pt><x>1361</x><y>858</y><time>undefined</time></pt><pt><x>251</x><y>858</y><time>undefined</time></pt><closed_date>06-10-20 19:20:52:187</closed_date></polygon></object></annotation>