<annotation><filename>m1_s02_029_p_ic051.jpg</filename><folder>users/joselusava//valeria/sala2_029_ic</folder><source><submittedBy>Jose Saca</submittedBy></source><imagesize><nrows>3200</nrows><ncols>4800</ncols></imagesize><object><name>m1_s02_029_p_ic051</name><deleted>0</deleted><verified>0</verified><occluded>no</occluded><attributes></attributes><parts><hasparts></hasparts><ispartof></ispartof></parts><date>22-08-20 19:51:42:178</date><id>0</id><type>bounding_box</type><polygon><username>anonymous</username><pt><x>1267</x><y>156</y><time>22-08-20 19:51:31:362</time></pt><pt><x>3232</x><y>156</y><time>22-08-20 19:51:36:063</time></pt><pt><x>3232</x><y>2545</y><time>undefined</time></pt><pt><x>1267</x><y>2545</y><time>undefined</time></pt><closed_date>22-08-20 19:51:36:064</closed_date></polygon></object></annotation>