<annotation><filename>m1_s02_052_p_ic088.jpg</filename><folder>users/joselusava//valeria/sala2_052_ic</folder><source><submittedBy>Jose Saca</submittedBy></source><imagesize><nrows>3200</nrows><ncols>4800</ncols></imagesize><object><name>m1_s02_052_p_ic088</name><deleted>0</deleted><verified>0</verified><occluded>no</occluded><attributes></attributes><parts><hasparts></hasparts><ispartof></ispartof></parts><date>25-08-20 20:09:53:063</date><id>0</id><type>bounding_box</type><polygon><username>anonymous</username><pt><x>542</x><y>5</y><time>25-08-20 20:09:35:302</time></pt><pt><x>4290</x><y>5</y><time>25-08-20 20:09:39:224</time></pt><pt><x>4290</x><y>3071</y><time>undefined</time></pt><pt><x>542</x><y>3071</y><time>undefined</time></pt><closed_date>25-08-20 20:09:39:225</closed_date></polygon></object></annotation>