<annotation><filename>m2_s06_244_p_nic067.jpg</filename><folder>users/joselusava//museos2020</folder><source><submittedBy>Jose Saca</submittedBy></source><imagesize><nrows>2910</nrows><ncols>4361</ncols></imagesize><object><name>m2_s06_244_p_ic067</name><deleted>0</deleted><verified>0</verified><occluded>no</occluded><attributes></attributes><parts><hasparts></hasparts><ispartof></ispartof></parts><date>25-09-20 19:28:04:649</date><id>0</id><type>bounding_box</type><polygon><username>anonymous</username><pt><x>409</x><y>465</y><time>25-09-20 19:27:58:997</time></pt><pt><x>2166</x><y>465</y><time>25-09-20 19:28:00:072</time></pt><pt><x>2166</x><y>1232</y><time>undefined</time></pt><pt><x>409</x><y>1232</y><time>undefined</time></pt><closed_date>25-09-20 19:28:00:072</closed_date></polygon></object></annotation>