<annotation><filename>m4_s11_176_p_ic087.jpg</filename><folder>users/joselusava//m4_js/176/ic</folder><source><submittedBy>Jose Saca</submittedBy></source><imagesize><nrows>2970</nrows><ncols>4451</ncols></imagesize><object><name>m4_s11_176_p_ic087</name><deleted>0</deleted><verified>0</verified><occluded>no</occluded><attributes></attributes><parts><hasparts></hasparts><ispartof></ispartof></parts><date>15-10-20 11:05:17:165</date><id>0</id><type>bounding_box</type><polygon><username>anonymous</username><pt><x>2994</x><y>2337</y><time>15-10-20 11:05:15:125</time></pt><pt><x>1155</x><y>2337</y><time>15-10-20 11:05:16:570</time></pt><pt><x>1155</x><y>533</y><time>undefined</time></pt><pt><x>2994</x><y>533</y><time>undefined</time></pt><closed_date>15-10-20 11:05:16:571</closed_date></polygon></object></annotation>