<annotation><filename>m2_s01_034_p_nic092.jpg</filename><folder>users/joselusava//kath</folder><source><submittedBy>Jose Saca</submittedBy></source><imagesize><nrows>2850</nrows><ncols>4271</ncols></imagesize><object><name>m2_s01_034_p_nic092</name><deleted>0</deleted><verified>0</verified><occluded>no</occluded><attributes></attributes><parts><hasparts></hasparts><ispartof></ispartof></parts><date>25-09-20 21:22:33:844</date><id>0</id><type>bounding_box</type><polygon><username>anonymous</username><pt><x>2642</x><y>1518</y><time>25-09-20 21:22:27:346</time></pt><pt><x>3430</x><y>1518</y><time>25-09-20 21:22:29:959</time></pt><pt><x>3430</x><y>329</y><time>undefined</time></pt><pt><x>2642</x><y>329</y><time>undefined</time></pt><closed_date>25-09-20 21:22:29:960</closed_date></polygon></object></annotation>