<annotation><filename>m4_s09_151_x.jpg</filename><folder>users/joselusava//kath/m4_x</folder><source><submittedBy>Jose Saca</submittedBy></source><imagesize><nrows>2970</nrows><ncols>4451</ncols></imagesize><object><name>m4_s09_151_x</name><deleted>0</deleted><verified>0</verified><occluded>no</occluded><attributes></attributes><parts><hasparts></hasparts><ispartof></ispartof></parts><date>21-10-20 12:00:12:925</date><id>0</id><type>bounding_box</type><polygon><username>anonymous</username><pt><x>1302</x><y>293</y><time>21-10-20 12:00:08:477</time></pt><pt><x>3369</x><y>293</y><time>21-10-20 12:00:10:405</time></pt><pt><x>3369</x><y>2658</y><time>undefined</time></pt><pt><x>1302</x><y>2658</y><time>undefined</time></pt><closed_date>21-10-20 12:00:10:407</closed_date></polygon></object></annotation>