<annotation><filename>m2_s01_032_p_ic039.jpg</filename><folder>users/joselusava//santiago_2</folder><source><submittedBy>Jose Saca</submittedBy></source><imagesize><nrows>2850</nrows><ncols>4271</ncols></imagesize><object><name>m2_s01_032_p_ic039</name><deleted>0</deleted><verified>0</verified><occluded>no</occluded><attributes></attributes><parts><hasparts></hasparts><ispartof></ispartof></parts><date>30-09-20 12:25:08:247</date><id>0</id><type>bounding_box</type><polygon><username>anonymous</username><pt><x>1199</x><y>250</y><time>30-09-20 12:25:03:228</time></pt><pt><x>2972</x><y>250</y><time>30-09-20 12:25:05:886</time></pt><pt><x>2972</x><y>2632</y><time>undefined</time></pt><pt><x>1199</x><y>2632</y><time>undefined</time></pt><closed_date>30-09-20 12:25:05:887</closed_date></polygon></object></annotation>