<annotation><filename>m2_s02_085_p_ic061.jpg</filename><folder>users/joselusava//m2_jsv/85/ic</folder><source><submittedBy>Jose Saca</submittedBy></source><imagesize><nrows>2910</nrows><ncols>4361</ncols></imagesize><object><name>m2_s02_085_p_ic061</name><deleted>0</deleted><verified>0</verified><occluded>no</occluded><attributes></attributes><parts><hasparts></hasparts><ispartof></ispartof></parts><date>17-09-20 19:57:57:317</date><id>0</id><type>bounding_box</type><polygon><username>anonymous</username><pt><x>1227</x><y>479</y><time>17-09-20 19:57:55:983</time></pt><pt><x>2986</x><y>479</y><time>17-09-20 19:57:56:769</time></pt><pt><x>2986</x><y>2751</y><time>undefined</time></pt><pt><x>1227</x><y>2751</y><time>undefined</time></pt><closed_date>17-09-20 19:57:56:769</closed_date></polygon></object></annotation>