<annotation><filename>m1_s02_065_p_nic009.jpg</filename><folder>users/joselusava//valeria/sala2_065_nic</folder><source><submittedBy>Jose Saca</submittedBy></source><imagesize><nrows>2000</nrows><ncols>2992</ncols></imagesize><object><name>m1_s02_065_p_nic009</name><deleted>0</deleted><verified>0</verified><occluded>no</occluded><attributes></attributes><parts><hasparts></hasparts><ispartof></ispartof></parts><date>27-08-20 21:50:24:700</date><id>0</id><type>bounding_box</type><polygon><username>anonymous</username><pt><x>1628</x><y>1711</y><time>27-08-20 21:50:17:944</time></pt><pt><x>-3</x><y>1711</y><time>27-08-20 21:50:21:180</time></pt><pt><x>-3</x><y>940</y><time>undefined</time></pt><pt><x>1628</x><y>940</y><time>undefined</time></pt><closed_date>27-08-20 21:50:21:181</closed_date></polygon></object></annotation>