<annotation><filename>m4_s12_185_p_ic014.jpg</filename><folder>users/joselusava//valeria/m04_s12_185_ic</folder><source><submittedBy>Jose Saca</submittedBy></source><imagesize><nrows>2910</nrows><ncols>4361</ncols></imagesize><object><name>m4_s12_185_p_ic014</name><deleted>0</deleted><verified>0</verified><occluded>no</occluded><attributes></attributes><parts><hasparts></hasparts><ispartof></ispartof></parts><date>17-10-20 14:41:00:065</date><id>0</id><type>bounding_box</type><polygon><username>anonymous</username><pt><x>610</x><y>2535</y><time>17-10-20 14:40:53:469</time></pt><pt><x>3408</x><y>2535</y><time>17-10-20 14:40:56:811</time></pt><pt><x>3408</x><y>291</y><time>undefined</time></pt><pt><x>610</x><y>291</y><time>undefined</time></pt><closed_date>17-10-20 14:40:56:813</closed_date></polygon></object></annotation>