<annotation><filename>m1_s06_141_p_ic081.jpg</filename><folder>users/joselusava//jacob_2/141ic</folder><source><submittedBy>Jose Saca</submittedBy></source><imagesize><nrows>2736</nrows><ncols>4100</ncols></imagesize><object><name>m1_s06_141_p_ic081</name><deleted>0</deleted><verified>0</verified><occluded>no</occluded><attributes></attributes><parts><hasparts></hasparts><ispartof></ispartof></parts><date>04-09-20 23:49:18:363</date><id>0</id><type>bounding_box</type><polygon><username>anonymous</username><pt><x>1076</x><y>2354</y><time>04-09-20 23:49:14:900</time></pt><pt><x>3017</x><y>2354</y><time>04-09-20 23:49:17:606</time></pt><pt><x>3017</x><y>217</y><time>undefined</time></pt><pt><x>1076</x><y>217</y><time>undefined</time></pt><closed_date>04-09-20 23:49:17:606</closed_date></polygon></object></annotation>