<annotation><filename>m2_s01_010_p_nic047.jpg</filename><folder>users/joselusava//santiago</folder><source><submittedBy>Jose Saca</submittedBy></source><imagesize><nrows>2850</nrows><ncols>4271</ncols></imagesize><object><name>m2_s01_010_p_nic047</name><deleted>0</deleted><verified>0</verified><occluded>no</occluded><attributes></attributes><parts><hasparts></hasparts><ispartof></ispartof></parts><date>22-09-20 20:43:13:656</date><id>0</id><type>bounding_box</type><polygon><username>anonymous</username><pt><x>2420</x><y>660</y><time>22-09-20 20:43:04:053</time></pt><pt><x>3206</x><y>660</y><time>22-09-20 20:43:05:140</time></pt><pt><x>3206</x><y>1411</y><time>undefined</time></pt><pt><x>2420</x><y>1411</y><time>undefined</time></pt><closed_date>22-09-20 20:43:05:141</closed_date></polygon></object></annotation>