<annotation><filename>m2_s06_244_p_nic057.jpg</filename><folder>users/joselusava//museos2020</folder><source><submittedBy>Jose Saca</submittedBy></source><imagesize><nrows>2910</nrows><ncols>4361</ncols></imagesize><object><name>m2_s06_244_p_ic057</name><deleted>0</deleted><verified>0</verified><occluded>no</occluded><attributes></attributes><parts><hasparts></hasparts><ispartof></ispartof></parts><date>25-09-20 19:08:30:215</date><id>0</id><type>bounding_box</type><polygon><username>anonymous</username><pt><x>1980</x><y>1706</y><time>25-09-20 19:08:23:235</time></pt><pt><x>3868</x><y>1706</y><time>25-09-20 19:08:25:133</time></pt><pt><x>3868</x><y>2650</y><time>undefined</time></pt><pt><x>1980</x><y>2650</y><time>undefined</time></pt><closed_date>25-09-20 19:08:25:134</closed_date></polygon></object></annotation>