<annotation><filename>m1_s03-04_104_x.jpg</filename><folder>users/joselusava//valeria/sala03y04</folder><source><submittedBy>Jose Saca</submittedBy></source><imagesize><nrows>3200</nrows><ncols>4800</ncols></imagesize><object><name>m1_s03_s04_104_x</name><deleted>0</deleted><verified>0</verified><occluded>no</occluded><attributes></attributes><parts><hasparts></hasparts><ispartof></ispartof></parts><date>28-08-20 21:45:45:671</date><id>0</id><type>bounding_box</type><polygon><username>anonymous</username><pt><x>4064</x><y>3125</y><time>28-08-20 21:45:34:178</time></pt><pt><x>1213</x><y>3125</y><time>28-08-20 21:45:39:024</time></pt><pt><x>1213</x><y>430</y><time>undefined</time></pt><pt><x>4064</x><y>430</y><time>undefined</time></pt><closed_date>28-08-20 21:45:39:025</closed_date></polygon></object></annotation>