<annotation><filename>m1_s01_021_p_ic096.jpg</filename><folder>users/joselusava//santiago</folder><source><submittedBy>Jose Saca</submittedBy></source><imagesize><nrows>3200</nrows><ncols>4800</ncols></imagesize><object><name>m1_s01_021_p_ic096</name><deleted>0</deleted><verified>0</verified><occluded>no</occluded><attributes></attributes><parts><hasparts></hasparts><ispartof></ispartof></parts><date>15-09-20 00:25:38:253</date><id>0</id><type>bounding_box</type><polygon><username>anonymous</username><pt><x>1785</x><y>115</y><time>15-09-20 00:25:29:432</time></pt><pt><x>2419</x><y>115</y><time>15-09-20 00:25:31:255</time></pt><pt><x>2419</x><y>990</y><time>undefined</time></pt><pt><x>1785</x><y>990</y><time>undefined</time></pt><closed_date>15-09-20 00:25:31:256</closed_date></polygon></object></annotation>