<annotation><filename>m3_s01_010_p_nic072.jpg</filename><folder>users/joselusava//m4_js/m3/10/nic</folder><source><submittedBy>Jose Saca</submittedBy></source><imagesize><nrows>2970</nrows><ncols>4451</ncols></imagesize><object><name>m3_s01_010_p_nic072</name><deleted>0</deleted><verified>0</verified><occluded>no</occluded><attributes></attributes><parts><hasparts></hasparts><ispartof></ispartof></parts><date>29-10-20 14:39:00:693</date><id>0</id><type>bounding_box</type><polygon><username>anonymous</username><pt><x>3488</x><y>2319</y><time>29-10-20 14:38:58:967</time></pt><pt><x>569</x><y>2319</y><time>29-10-20 14:39:00:106</time></pt><pt><x>569</x><y>0</y><time>undefined</time></pt><pt><x>3488</x><y>0</y><time>undefined</time></pt><closed_date>29-10-20 14:39:00:106</closed_date></polygon></object></annotation>