<annotation><filename>m3_s01_010_p_ic054.jpg</filename><folder>users/joselusava//m4_js/m3/10/ic</folder><source><submittedBy>Jose Saca</submittedBy></source><imagesize><nrows>2970</nrows><ncols>4451</ncols></imagesize><object><name>m3_s01_010_p_ic054</name><deleted>0</deleted><verified>0</verified><occluded>no</occluded><attributes></attributes><parts><hasparts></hasparts><ispartof></ispartof></parts><date>29-10-20 13:10:24:880</date><id>0</id><type>bounding_box</type><polygon><username>anonymous</username><pt><x>3386</x><y>2641</y><time>29-10-20 13:10:21:813</time></pt><pt><x>735</x><y>2641</y><time>29-10-20 13:10:24:103</time></pt><pt><x>735</x><y>149</y><time>undefined</time></pt><pt><x>3386</x><y>149</y><time>undefined</time></pt><closed_date>29-10-20 13:10:24:104</closed_date></polygon></object></annotation>