<annotation><filename>m2_s01_058_p_ic050.jpg</filename><folder>users/joselusava//m2_jsv/58/ic</folder><source><submittedBy>Jose Saca</submittedBy></source><imagesize><nrows>2850</nrows><ncols>4271</ncols></imagesize><object><name>m2_s01_058_p_ic050</name><deleted>0</deleted><verified>0</verified><occluded>no</occluded><attributes></attributes><parts><hasparts></hasparts><ispartof></ispartof></parts><date>29-09-20 13:17:44:435</date><id>0</id><type>bounding_box</type><polygon><username>anonymous</username><pt><x>1214</x><y>535</y><time>29-09-20 13:17:42:469</time></pt><pt><x>3167</x><y>535</y><time>29-09-20 13:17:43:871</time></pt><pt><x>3167</x><y>2276</y><time>undefined</time></pt><pt><x>1214</x><y>2276</y><time>undefined</time></pt><closed_date>29-09-20 13:17:43:871</closed_date></polygon></object></annotation>