<annotation><filename>m1_s01_005_p_nic056.jpg</filename><folder>users/joselusava//museos2020</folder><source><submittedBy>Jose Saca</submittedBy></source><imagesize><nrows>2000</nrows><ncols>2992</ncols></imagesize><object><name>m1_s01_005_p_nic056</name><deleted>0</deleted><verified>0</verified><occluded>no</occluded><attributes></attributes><parts><hasparts></hasparts><ispartof></ispartof></parts><date>14-09-20 11:18:29:513</date><id>0</id><type>bounding_box</type><polygon><username>anonymous</username><pt><x>1297</x><y>1498</y><time>14-09-20 11:18:21:667</time></pt><pt><x>1565</x><y>1498</y><time>14-09-20 11:18:22:887</time></pt><pt><x>1565</x><y>1859</y><time>undefined</time></pt><pt><x>1297</x><y>1859</y><time>undefined</time></pt><closed_date>14-09-20 11:18:22:888</closed_date></polygon></object></annotation>