<annotation><filename>m2_s01_018_p_nic022.jpg</filename><folder>users/joselusava//santiago_2</folder><source><submittedBy>Jose Saca</submittedBy></source><imagesize><nrows>2850</nrows><ncols>4271</ncols></imagesize><object><name>m2_s01_018_p_nic022</name><deleted>0</deleted><verified>0</verified><occluded>no</occluded><attributes></attributes><parts><hasparts></hasparts><ispartof></ispartof></parts><date>28-09-20 21:07:52:487</date><id>0</id><type>bounding_box</type><polygon><username>anonymous</username><pt><x>2430</x><y>1786</y><time>28-09-20 21:07:45:339</time></pt><pt><x>3039</x><y>1786</y><time>28-09-20 21:07:46:464</time></pt><pt><x>3039</x><y>2565</y><time>undefined</time></pt><pt><x>2430</x><y>2565</y><time>undefined</time></pt><closed_date>28-09-20 21:07:46:464</closed_date></polygon></object></annotation>