<annotation><filename>m2_s07_264_p_ic022.jpg</filename><folder>users/joselusava//valeria/sala7_264_ic</folder><source><submittedBy>Jose Saca</submittedBy></source><imagesize><nrows>2910</nrows><ncols>4361</ncols></imagesize><object><name>m2_s07_264_p_ic022</name><deleted>0</deleted><verified>0</verified><occluded>no</occluded><attributes></attributes><parts><hasparts></hasparts><ispartof></ispartof></parts><date>22-09-20 18:32:53:921</date><id>0</id><type>bounding_box</type><polygon><username>anonymous</username><pt><x>2855</x><y>2497</y><time>22-09-20 18:32:47:559</time></pt><pt><x>1268</x><y>2497</y><time>22-09-20 18:32:49:953</time></pt><pt><x>1268</x><y>562</y><time>undefined</time></pt><pt><x>2855</x><y>562</y><time>undefined</time></pt><closed_date>22-09-20 18:32:49:955</closed_date></polygon></object></annotation>