<annotation><filename>m4_s06_089_p_nic054.jpg</filename><folder>users/joselusava//santiago_2</folder><source><submittedBy>Jose Saca</submittedBy></source><imagesize><nrows>2970</nrows><ncols>4451</ncols></imagesize><object><name>m4_s06_089_p_nic054</name><deleted>0</deleted><verified>0</verified><occluded>no</occluded><attributes></attributes><parts><hasparts></hasparts><ispartof></ispartof></parts><date>12-10-20 21:19:31:002</date><id>0</id><type>bounding_box</type><polygon><username>anonymous</username><pt><x>1349</x><y>1003</y><time>12-10-20 21:19:26:824</time></pt><pt><x>2870</x><y>1003</y><time>12-10-20 21:19:28:096</time></pt><pt><x>2870</x><y>2809</y><time>undefined</time></pt><pt><x>1349</x><y>2809</y><time>undefined</time></pt><closed_date>12-10-20 21:19:28:097</closed_date></polygon></object></annotation>