<annotation><filename>m1_s02_065_p_nic032.jpg</filename><folder>users/joselusava//valeria/sala2_065_nic</folder><source><submittedBy>Jose Saca</submittedBy></source><imagesize><nrows>2000</nrows><ncols>2992</ncols></imagesize><object><name>m1_s02_065_p_nic032</name><deleted>0</deleted><verified>0</verified><occluded>no</occluded><attributes></attributes><parts><hasparts></hasparts><ispartof></ispartof></parts><date>27-08-20 22:38:35:802</date><id>0</id><type>bounding_box</type><polygon><username>anonymous</username><pt><x>2691</x><y>1252</y><time>27-08-20 22:38:29:808</time></pt><pt><x>1245</x><y>1252</y><time>27-08-20 22:38:32:837</time></pt><pt><x>1245</x><y>597</y><time>undefined</time></pt><pt><x>2691</x><y>597</y><time>undefined</time></pt><closed_date>27-08-20 22:38:32:838</closed_date></polygon></object></annotation>