<annotation><filename>m2_s06_244_p_nic050.jpg</filename><folder>users/joselusava//museos2020</folder><source><submittedBy>Jose Saca</submittedBy></source><imagesize><nrows>2910</nrows><ncols>4361</ncols></imagesize><object><name>m2_s06_244_p_ic050</name><deleted>0</deleted><verified>0</verified><occluded>no</occluded><attributes></attributes><parts><hasparts></hasparts><ispartof></ispartof></parts><date>25-09-20 19:01:19:724</date><id>0</id><type>bounding_box</type><polygon><username>anonymous</username><pt><x>860</x><y>1887</y><time>25-09-20 19:01:13:114</time></pt><pt><x>2389</x><y>1887</y><time>25-09-20 19:01:14:352</time></pt><pt><x>2389</x><y>2571</y><time>undefined</time></pt><pt><x>860</x><y>2571</y><time>undefined</time></pt><closed_date>25-09-20 19:01:14:353</closed_date></polygon></object></annotation>