<annotation><filename>m2_s01_032_p_ic100.jpg</filename><folder>users/joselusava//santiago_2</folder><source><submittedBy>Jose Saca</submittedBy></source><imagesize><nrows>2850</nrows><ncols>4271</ncols></imagesize><object><name>m2_s01_032_p_ic100</name><deleted>0</deleted><verified>0</verified><occluded>no</occluded><attributes></attributes><parts><hasparts></hasparts><ispartof></ispartof></parts><date>30-09-20 17:30:01:354</date><id>0</id><type>bounding_box</type><polygon><username>anonymous</username><pt><x>1238</x><y>251</y><time>30-09-20 17:29:54:185</time></pt><pt><x>2965</x><y>251</y><time>30-09-20 17:29:55:786</time></pt><pt><x>2965</x><y>2650</y><time>undefined</time></pt><pt><x>1238</x><y>2650</y><time>undefined</time></pt><closed_date>30-09-20 17:29:55:787</closed_date></polygon></object></annotation>