<annotation><filename>m2_s01_056_p_ic081.jpg</filename><folder>users/joselusava//m2_jsv/56/ic</folder><source><submittedBy>Jose Saca</submittedBy></source><imagesize><nrows>2850</nrows><ncols>4271</ncols></imagesize><object><name>m2_s01_056_p_ic081</name><deleted>0</deleted><verified>0</verified><occluded>no</occluded><attributes></attributes><parts><hasparts></hasparts><ispartof></ispartof></parts><date>28-09-20 21:53:10:673</date><id>0</id><type>bounding_box</type><polygon><username>anonymous</username><pt><x>3048</x><y>2428</y><time>28-09-20 21:53:08:527</time></pt><pt><x>1359</x><y>2428</y><time>28-09-20 21:53:09:985</time></pt><pt><x>1359</x><y>382</y><time>undefined</time></pt><pt><x>3048</x><y>382</y><time>undefined</time></pt><closed_date>28-09-20 21:53:09:985</closed_date></polygon></object></annotation>