<annotation><filename>m2_s03_248_p_nic024.jpg</filename><folder>users/joselusava//museos2020</folder><source><submittedBy>Jose Saca</submittedBy></source><imagesize><nrows>2910</nrows><ncols>4361</ncols></imagesize><object><name>m2_s03_248_p_nic024</name><deleted>0</deleted><verified>0</verified><occluded>no</occluded><attributes></attributes><parts><hasparts></hasparts><ispartof></ispartof></parts><date>27-09-20 16:48:03:604</date><id>0</id><polygon><username>anonymous</username><pt><x>535</x><y>1780</y><time>27-09-20 16:47:54:336</time></pt><pt><x>2334</x><y>1762</y><time>27-09-20 16:47:55:360</time></pt><pt><x>2538</x><y>1962</y><time>27-09-20 16:47:56:184</time></pt><pt><x>1185</x><y>2622</y><time>27-09-20 16:47:57:368</time></pt><closed_date>27-09-20 16:47:58:210</closed_date></polygon></object></annotation>