<annotation><filename>m1_s01_004_p_nic059.jpg</filename><folder>users/joselusava//valeria_apoyo/sala01_004_nic</folder><source><submittedBy>Jose Saca</submittedBy></source><imagesize><nrows>3200</nrows><ncols>4800</ncols></imagesize><object><name>m1_s01_004_p_nic059</name><deleted>0</deleted><verified>0</verified><occluded>no</occluded><attributes></attributes><parts><hasparts></hasparts><ispartof></ispartof></parts><date>17-09-20 15:45:28:255</date><id>0</id><type>bounding_box</type><polygon><username>anonymous</username><pt><x>2982</x><y>1564</y><time>17-09-20 15:45:20:656</time></pt><pt><x>194</x><y>1564</y><time>17-09-20 15:45:24:088</time></pt><pt><x>194</x><y>909</y><time>undefined</time></pt><pt><x>2982</x><y>909</y><time>undefined</time></pt><closed_date>17-09-20 15:45:24:091</closed_date></polygon></object></annotation>