<annotation><filename>m1_s01_005_p_ic051.jpg</filename><folder>users/joselusava//jacob/sala1/ic</folder><source><submittedBy>Jose Saca</submittedBy></source><imagesize><nrows>2000</nrows><ncols>2992</ncols></imagesize><object><name>m1_s01_005_p_ic051</name><deleted>0</deleted><verified>0</verified><occluded>no</occluded><attributes></attributes><parts><hasparts></hasparts><ispartof></ispartof></parts><date>14-09-20 20:39:57:938</date><id>0</id><type>bounding_box</type><polygon><username>anonymous</username><pt><x>1077</x><y>500</y><time>14-09-20 20:39:56:272</time></pt><pt><x>1856</x><y>500</y><time>14-09-20 20:39:57:339</time></pt><pt><x>1856</x><y>1445</y><time>undefined</time></pt><pt><x>1077</x><y>1445</y><time>undefined</time></pt><closed_date>14-09-20 20:39:57:339</closed_date></polygon></object></annotation>