<annotation><filename>m2_s02_116_x.jpg</filename><folder>users/joselusava//m2_jsv</folder><source><submittedBy>Jose Saca</submittedBy></source><imagesize><nrows>2910</nrows><ncols>4361</ncols></imagesize><object><name>m2_s02_116_x</name><deleted>0</deleted><verified>0</verified><occluded>no</occluded><attributes></attributes><parts><hasparts></hasparts><ispartof></ispartof></parts><date>19-09-20 23:25:29:546</date><id>0</id><type>bounding_box</type><polygon><username>anonymous</username><pt><x>3020</x><y>2220</y><time>19-09-20 23:25:27:791</time></pt><pt><x>1428</x><y>2220</y><time>19-09-20 23:25:28:742</time></pt><pt><x>1428</x><y>592</y><time>undefined</time></pt><pt><x>3020</x><y>592</y><time>undefined</time></pt><closed_date>19-09-20 23:25:28:742</closed_date></polygon></object></annotation>