<annotation><filename>m4_s04_037_p_ic016.jpg</filename><folder>users/joselusava//santiago_2</folder><source><submittedBy>Jose Saca</submittedBy></source><imagesize><nrows>2970</nrows><ncols>4451</ncols></imagesize><object><name>m4_s04_037_p_ic016</name><deleted>0</deleted><verified>0</verified><occluded>no</occluded><attributes></attributes><parts><hasparts></hasparts><ispartof></ispartof></parts><date>17-10-20 21:25:00:760</date><id>0</id><type>bounding_box</type><polygon><username>anonymous</username><pt><x>1628</x><y>328</y><time>17-10-20 21:24:56:242</time></pt><pt><x>3038</x><y>328</y><time>17-10-20 21:24:57:794</time></pt><pt><x>3038</x><y>2485</y><time>undefined</time></pt><pt><x>1628</x><y>2485</y><time>undefined</time></pt><closed_date>17-10-20 21:24:57:796</closed_date></polygon></object></annotation>