<annotation><filename>m2_s01_010_p_ic019.jpg</filename><folder>users/joselusava//santiago</folder><source><submittedBy>Jose Saca</submittedBy></source><imagesize><nrows>2850</nrows><ncols>4271</ncols></imagesize><object><name>m2_s01_010_p_ic019</name><deleted>0</deleted><verified>0</verified><occluded>no</occluded><attributes></attributes><parts><hasparts></hasparts><ispartof></ispartof></parts><date>21-09-20 15:22:20:159</date><id>0</id><type>bounding_box</type><polygon><username>anonymous</username><pt><x>1241</x><y>580</y><time>21-09-20 15:22:12:420</time></pt><pt><x>3110</x><y>580</y><time>21-09-20 15:22:14:173</time></pt><pt><x>3110</x><y>2411</y><time>undefined</time></pt><pt><x>1241</x><y>2411</y><time>undefined</time></pt><closed_date>21-09-20 15:22:14:173</closed_date></polygon></object></annotation>