<annotation><filename>m4_s02_021_p_ic001.jpg</filename><folder>users/joselusava//santiago_2</folder><source><submittedBy>Jose Saca</submittedBy></source><imagesize><nrows>3000</nrows><ncols>4496</ncols></imagesize><object><name>m4_s02_021_p_ic001</name><deleted>0</deleted><verified>0</verified><occluded>no</occluded><attributes></attributes><parts><hasparts></hasparts><ispartof></ispartof></parts><date>02-10-20 15:04:22:224</date><id>0</id><type>bounding_box</type><polygon><username>anonymous</username><pt><x>1668</x><y>325</y><time>02-10-20 15:04:11:923</time></pt><pt><x>2768</x><y>325</y><time>02-10-20 15:04:17:862</time></pt><pt><x>2768</x><y>2650</y><time>undefined</time></pt><pt><x>1668</x><y>2650</y><time>undefined</time></pt><closed_date>02-10-20 15:04:17:863</closed_date></polygon></object></annotation>