<annotation><filename>m4_s01_007_x.jpg</filename><folder>users/joselusava//kath/m4_x</folder><source><submittedBy>Jose Saca</submittedBy></source><imagesize><nrows>2910</nrows><ncols>4361</ncols></imagesize><object><name>m4_s01_007_x</name><deleted>0</deleted><verified>0</verified><occluded>no</occluded><attributes></attributes><parts><hasparts></hasparts><ispartof></ispartof></parts><date>20-10-20 06:37:29:221</date><id>0</id><polygon><username>anonymous</username><pt><x>26</x><y>2055</y><time>20-10-20 06:37:21:615</time></pt><pt><x>993</x><y>535</y><time>20-10-20 06:37:23:087</time></pt><pt><x>3169</x><y>514</y><time>20-10-20 06:37:24:099</time></pt><pt><x>4244</x><y>2068</y><time>20-10-20 06:37:25:452</time></pt><closed_date>20-10-20 06:37:26:794</closed_date></polygon></object></annotation>