<annotation><filename>m1_s01_017_p_ic006.jpg</filename><folder>users/joselusava//santiago</folder><source><submittedBy>Jose Saca</submittedBy></source><imagesize><nrows>3200</nrows><ncols>4800</ncols></imagesize><object><name>m1_s01_017_p_ic006</name><deleted>0</deleted><verified>0</verified><occluded>no</occluded><attributes></attributes><parts><hasparts></hasparts><ispartof></ispartof></parts><date>10-09-20 13:44:46:998</date><id>0</id><type>bounding_box</type><polygon><username>anonymous</username><pt><x>1724</x><y>1245</y><time>10-09-20 13:44:36:525</time></pt><pt><x>3052</x><y>1245</y><time>10-09-20 13:44:39:398</time></pt><pt><x>3052</x><y>2145</y><time>undefined</time></pt><pt><x>1724</x><y>2145</y><time>undefined</time></pt><closed_date>10-09-20 13:44:39:399</closed_date></polygon></object></annotation>