<annotation><filename>m2_s01_056_p_nic013.jpg</filename><folder>users/joselusava//m2_jsv/56/nic</folder><source><submittedBy>Jose Saca</submittedBy></source><imagesize><nrows>2850</nrows><ncols>4271</ncols></imagesize><object><name>m2_s01_056_p_nic013</name><deleted>0</deleted><verified>0</verified><occluded>no</occluded><attributes></attributes><parts><hasparts></hasparts><ispartof></ispartof></parts><date>28-09-20 22:04:35:754</date><id>0</id><type>bounding_box</type><polygon><username>anonymous</username><pt><x>1554</x><y>2029</y><time>28-09-20 22:04:33:729</time></pt><pt><x>0</x><y>2029</y><time>28-09-20 22:04:34:969</time></pt><pt><x>0</x><y>323</y><time>undefined</time></pt><pt><x>1554</x><y>323</y><time>undefined</time></pt><closed_date>28-09-20 22:04:34:970</closed_date></polygon></object></annotation>