<annotation><filename>m2_s07_264_p_nic008.jpg</filename><folder>users/joselusava//valeria/sala7_264_nic</folder><source><submittedBy>Jose Saca</submittedBy></source><imagesize><nrows>2910</nrows><ncols>4361</ncols></imagesize><object><name>m2_s07_264_p_nic008</name><deleted>0</deleted><verified>0</verified><occluded>no</occluded><attributes></attributes><parts><hasparts></hasparts><ispartof></ispartof></parts><date>23-09-20 19:24:00:594</date><id>0</id><type>bounding_box</type><polygon><username>anonymous</username><pt><x>810</x><y>1957</y><time>23-09-20 19:23:55:592</time></pt><pt><x>1984</x><y>1957</y><time>23-09-20 19:23:57:917</time></pt><pt><x>1984</x><y>303</y><time>undefined</time></pt><pt><x>810</x><y>303</y><time>undefined</time></pt><closed_date>23-09-20 19:23:57:918</closed_date></polygon></object></annotation>