<annotation><filename>m3_s01_013_p_nic004.jpg</filename><folder>users/joselusava//valeria/m03_s01_13_nic</folder><source><submittedBy>Jose Saca</submittedBy></source><imagesize><nrows>2970</nrows><ncols>4451</ncols></imagesize><object><name>m3_s01_013_p_nic004</name><deleted>0</deleted><verified>0</verified><occluded>no</occluded><attributes></attributes><parts><hasparts></hasparts><ispartof></ispartof></parts><date>01-11-20 17:21:10:221</date><id>0</id><type>bounding_box</type><polygon><username>anonymous</username><pt><x>1525</x><y>2382</y><time>01-11-20 17:21:04:641</time></pt><pt><x>4284</x><y>2382</y><time>01-11-20 17:21:07:131</time></pt><pt><x>4284</x><y>223</y><time>undefined</time></pt><pt><x>1525</x><y>223</y><time>undefined</time></pt><closed_date>01-11-20 17:21:07:132</closed_date></polygon></object></annotation>