<annotation><filename>m4_s05_052_p_nic006.jpg</filename><folder>users/joselusava//santiago_2</folder><source><submittedBy>Jose Saca</submittedBy></source><imagesize><nrows>2910</nrows><ncols>4361</ncols></imagesize><object><name>m4_s05_052_p_nic006</name><deleted>0</deleted><verified>0</verified><occluded>no</occluded><attributes></attributes><parts><hasparts></hasparts><ispartof></ispartof></parts><date>07-10-20 23:43:38:602</date><id>0</id><type>bounding_box</type><polygon><username>anonymous</username><pt><x>2505</x><y>416</y><time>07-10-20 23:43:35:014</time></pt><pt><x>3970</x><y>416</y><time>07-10-20 23:43:36:618</time></pt><pt><x>3970</x><y>1961</y><time>undefined</time></pt><pt><x>2505</x><y>1961</y><time>undefined</time></pt><closed_date>07-10-20 23:43:36:619</closed_date></polygon></object></annotation>