<annotation><filename>m2_s03_248_p_nic028.jpg</filename><folder>users/joselusava//museos2020</folder><source><submittedBy>Jose Saca</submittedBy></source><imagesize><nrows>2910</nrows><ncols>4361</ncols></imagesize><object><name>m2_s03_248_p_nic028</name><deleted>0</deleted><verified>0</verified><occluded>no</occluded><attributes></attributes><parts><hasparts></hasparts><ispartof></ispartof></parts><date>27-09-20 16:50:25:519</date><id>0</id><polygon><username>anonymous</username><pt><x>1506</x><y>1845</y><time>27-09-20 16:50:16:042</time></pt><pt><x>3198</x><y>1804</y><time>27-09-20 16:50:17:032</time></pt><pt><x>3403</x><y>2017</y><time>27-09-20 16:50:18:176</time></pt><pt><x>2092</x><y>2631</y><time>27-09-20 16:50:19:255</time></pt><closed_date>27-09-20 16:50:20:192</closed_date></polygon></object></annotation>