<annotation><filename>m4_s10_157_p_ic044.jpg</filename><folder>users/joselusava//valeria/m04_s10_157_ic</folder><source><submittedBy>Jose Saca</submittedBy></source><imagesize><nrows>2970</nrows><ncols>4451</ncols></imagesize><object><name>m4_s10_157_p_ic044</name><deleted>0</deleted><verified>0</verified><occluded>no</occluded><attributes></attributes><parts><hasparts></hasparts><ispartof></ispartof></parts><date>12-10-20 17:34:55:256</date><id>0</id><type>bounding_box</type><polygon><username>anonymous</username><pt><x>1013</x><y>2874</y><time>12-10-20 17:34:48:815</time></pt><pt><x>3263</x><y>2874</y><time>12-10-20 17:34:51:703</time></pt><pt><x>3263</x><y>152</y><time>undefined</time></pt><pt><x>1013</x><y>152</y><time>undefined</time></pt><closed_date>12-10-20 17:34:51:703</closed_date></polygon></object></annotation>