<annotation><filename>m1_s06_168_p_ic075.jpg</filename><folder>users/joselusava//jacob_2/168ic</folder><source><submittedBy>Jose Saca</submittedBy></source><imagesize><nrows>2736</nrows><ncols>4100</ncols></imagesize><object><name>m1_s06_168_p_ic075</name><deleted>0</deleted><verified>0</verified><occluded>no</occluded><attributes></attributes><parts><hasparts></hasparts><ispartof></ispartof></parts><date>08-09-20 22:46:37:476</date><id>0</id><type>bounding_box</type><polygon><username>anonymous</username><pt><x>1088</x><y>2668</y><time>08-09-20 22:46:33:867</time></pt><pt><x>2864</x><y>2668</y><time>08-09-20 22:46:36:664</time></pt><pt><x>2864</x><y>556</y><time>undefined</time></pt><pt><x>1088</x><y>556</y><time>undefined</time></pt><closed_date>08-09-20 22:46:36:665</closed_date></polygon></object></annotation>