<annotation><filename>m2_s06_244_p_ic085.jpg</filename><folder>users/joselusava//museos2020</folder><source><submittedBy>Jose Saca</submittedBy></source><imagesize><nrows>2910</nrows><ncols>4361</ncols></imagesize><object><name>m2_s06_244_p_ic085</name><deleted>0</deleted><verified>0</verified><occluded>no</occluded><attributes></attributes><parts><hasparts></hasparts><ispartof></ispartof></parts><date>23-09-20 09:16:54:810</date><id>0</id><type>bounding_box</type><polygon><username>anonymous</username><pt><x>609</x><y>1054</y><time>23-09-20 09:16:43:004</time></pt><pt><x>3756</x><y>1054</y><time>23-09-20 09:16:45:821</time></pt><pt><x>3756</x><y>2487</y><time>undefined</time></pt><pt><x>609</x><y>2487</y><time>undefined</time></pt><closed_date>23-09-20 09:16:45:822</closed_date></polygon></object></annotation>