<annotation><filename>m2_s01_018_p_nic023.jpg</filename><folder>users/joselusava//santiago_2</folder><source><submittedBy>Jose Saca</submittedBy></source><imagesize><nrows>2850</nrows><ncols>4271</ncols></imagesize><object><name>m2_s01_018_p_nic023</name><deleted>0</deleted><verified>0</verified><occluded>no</occluded><attributes></attributes><parts><hasparts></hasparts><ispartof></ispartof></parts><date>28-09-20 21:08:52:638</date><id>0</id><type>bounding_box</type><polygon><username>anonymous</username><pt><x>2693</x><y>1795</y><time>28-09-20 21:08:45:324</time></pt><pt><x>3360</x><y>1795</y><time>28-09-20 21:08:46:020</time></pt><pt><x>3360</x><y>2507</y><time>undefined</time></pt><pt><x>2693</x><y>2507</y><time>undefined</time></pt><closed_date>28-09-20 21:08:46:021</closed_date></polygon></object></annotation>