<annotation><filename>m1_s01_005_p_nic020.jpg</filename><folder>users/joselusava//museos2020</folder><source><submittedBy>Jose Saca</submittedBy></source><imagesize><nrows>2000</nrows><ncols>2992</ncols></imagesize><object><name>m1_s01_005_p_nic020</name><deleted>0</deleted><verified>0</verified><occluded>no</occluded><attributes></attributes><parts><hasparts></hasparts><ispartof></ispartof></parts><date>13-09-20 22:55:11:181</date><id>0</id><type>bounding_box</type><polygon><username>anonymous</username><pt><x>2112</x><y>594</y><time>13-09-20 22:55:03:002</time></pt><pt><x>2527</x><y>594</y><time>13-09-20 22:55:04:009</time></pt><pt><x>2527</x><y>1054</y><time>undefined</time></pt><pt><x>2112</x><y>1054</y><time>undefined</time></pt><closed_date>13-09-20 22:55:04:009</closed_date></polygon></object></annotation>