<annotation><filename>m2_s03_219_p_ic097.jpg</filename><folder>users/joselusava//valeria/m2_sala03_219_ic</folder><source><submittedBy>Jose Saca</submittedBy></source><imagesize><nrows>2910</nrows><ncols>4361</ncols></imagesize><object><name>m2_s03_219_p_ic097</name><deleted>0</deleted><verified>0</verified><occluded>no</occluded><attributes></attributes><parts><hasparts></hasparts><ispartof></ispartof></parts><date>29-09-20 01:29:17:182</date><id>0</id><type>bounding_box</type><polygon><username>anonymous</username><pt><x>3169</x><y>2524</y><time>29-09-20 01:29:11:380</time></pt><pt><x>948</x><y>2524</y><time>29-09-20 01:29:13:919</time></pt><pt><x>948</x><y>397</y><time>undefined</time></pt><pt><x>3169</x><y>397</y><time>undefined</time></pt><closed_date>29-09-20 01:29:13:920</closed_date></polygon></object></annotation>