<annotation><filename>m2_s06_244_p_nic039.jpg</filename><folder>users/joselusava//museos2020</folder><source><submittedBy>Jose Saca</submittedBy></source><imagesize><nrows>2910</nrows><ncols>4361</ncols></imagesize><object><name>m2_s06_244_p_ic039</name><deleted>0</deleted><verified>0</verified><occluded>no</occluded><attributes></attributes><parts><hasparts></hasparts><ispartof></ispartof></parts><date>25-09-20 18:51:01:523</date><id>0</id><type>bounding_box</type><polygon><username>anonymous</username><pt><x>2338</x><y>409</y><time>25-09-20 18:50:54:856</time></pt><pt><x>4007</x><y>409</y><time>25-09-20 18:50:56:208</time></pt><pt><x>4007</x><y>1041</y><time>undefined</time></pt><pt><x>2338</x><y>1041</y><time>undefined</time></pt><closed_date>25-09-20 18:50:56:209</closed_date></polygon></object></annotation>