<annotation><filename>m4_s11_178_p_ic023.jpg</filename><folder>users/joselusava//santiago_2</folder><source><submittedBy>Jose Saca</submittedBy></source><imagesize><nrows>2970</nrows><ncols>4451</ncols></imagesize><object><name>m4_s11_178_p_ic023</name><deleted>0</deleted><verified>0</verified><occluded>no</occluded><attributes></attributes><parts><hasparts></hasparts><ispartof></ispartof></parts><date>15-10-20 21:23:14:222</date><id>0</id><type>bounding_box</type><polygon><username>anonymous</username><pt><x>1424</x><y>743</y><time>15-10-20 21:23:10:615</time></pt><pt><x>2966</x><y>743</y><time>15-10-20 21:23:12:165</time></pt><pt><x>2966</x><y>2295</y><time>undefined</time></pt><pt><x>1424</x><y>2295</y><time>undefined</time></pt><closed_date>15-10-20 21:23:12:165</closed_date></polygon></object></annotation>