<annotation><filename>m4_s02_021_p_ic057.jpg</filename><folder>users/joselusava//santiago_2</folder><source><submittedBy>Jose Saca</submittedBy></source><imagesize><nrows>3000</nrows><ncols>4496</ncols></imagesize><object><name>m4_s02_021_p_ic057</name><deleted>0</deleted><verified>0</verified><occluded>no</occluded><attributes></attributes><parts><hasparts></hasparts><ispartof></ispartof></parts><date>04-10-20 18:59:09:043</date><id>0</id><type>bounding_box</type><polygon><username>anonymous</username><pt><x>1539</x><y>439</y><time>04-10-20 18:59:04:287</time></pt><pt><x>2721</x><y>439</y><time>04-10-20 18:59:05:791</time></pt><pt><x>2721</x><y>2493</y><time>undefined</time></pt><pt><x>1539</x><y>2493</y><time>undefined</time></pt><closed_date>04-10-20 18:59:05:792</closed_date></polygon></object></annotation>