<annotation><filename>m4_s05_052_p_nic056.jpg</filename><folder>users/joselusava//santiago_2</folder><source><submittedBy>Jose Saca</submittedBy></source><imagesize><nrows>2910</nrows><ncols>4361</ncols></imagesize><object><name>m4_s05_052_p_nic056</name><deleted>0</deleted><verified>0</verified><occluded>no</occluded><attributes></attributes><parts><hasparts></hasparts><ispartof></ispartof></parts><date>08-10-20 21:37:34:996</date><id>0</id><type>bounding_box</type><polygon><username>anonymous</username><pt><x>592</x><y>343</y><time>08-10-20 21:37:30:532</time></pt><pt><x>1815</x><y>343</y><time>08-10-20 21:37:31:848</time></pt><pt><x>1815</x><y>1774</y><time>undefined</time></pt><pt><x>592</x><y>1774</y><time>undefined</time></pt><closed_date>08-10-20 21:37:31:849</closed_date></polygon></object></annotation>