<annotation><filename>m3_s01_018_p_nic081.jpg</filename><folder>users/joselusava//m4_js/18/nic</folder><source><submittedBy>Jose Saca</submittedBy></source><imagesize><nrows>2970</nrows><ncols>4451</ncols></imagesize><object><name>m3_s01_018_p_nic081</name><deleted>0</deleted><verified>0</verified><occluded>no</occluded><attributes></attributes><parts><hasparts></hasparts><ispartof></ispartof></parts><date>05-11-20 18:17:35:286</date><id>0</id><type>bounding_box</type><polygon><username>anonymous</username><pt><x>4451</x><y>2812</y><time>05-11-20 18:17:33:247</time></pt><pt><x>1556</x><y>2812</y><time>05-11-20 18:17:34:570</time></pt><pt><x>1556</x><y>197</y><time>undefined</time></pt><pt><x>4451</x><y>197</y><time>undefined</time></pt><closed_date>05-11-20 18:17:34:570</closed_date></polygon></object></annotation>