<annotation><filename>m4_s06_089_p_nic028.jpg</filename><folder>users/joselusava//santiago_2</folder><source><submittedBy>Jose Saca</submittedBy></source><imagesize><nrows>2970</nrows><ncols>4451</ncols></imagesize><object><name>m4_s06_089_p_nic028</name><deleted>0</deleted><verified>0</verified><occluded>no</occluded><attributes></attributes><parts><hasparts></hasparts><ispartof></ispartof></parts><date>12-10-20 20:54:56:067</date><id>0</id><type>bounding_box</type><polygon><username>anonymous</username><pt><x>2406</x><y>357</y><time>12-10-20 20:54:52:666</time></pt><pt><x>3873</x><y>357</y><time>12-10-20 20:54:53:858</time></pt><pt><x>3873</x><y>2288</y><time>undefined</time></pt><pt><x>2406</x><y>2288</y><time>undefined</time></pt><closed_date>12-10-20 20:54:53:859</closed_date></polygon></object></annotation>