<annotation><filename>m2_s01_054_p_nic013.jpg</filename><folder>users/joselusava//kath</folder><source><submittedBy>Jose Saca</submittedBy></source><imagesize><nrows>2850</nrows><ncols>4271</ncols></imagesize><object><name>m2_s01_054_p_nic013</name><deleted>0</deleted><verified>0</verified><occluded>no</occluded><attributes></attributes><parts><hasparts></hasparts><ispartof></ispartof></parts><date>30-09-20 11:05:49:553</date><id>0</id><type>bounding_box</type><polygon><username>anonymous</username><pt><x>1116</x><y>653</y><time>30-09-20 11:05:43:922</time></pt><pt><x>302</x><y>653</y><time>30-09-20 11:05:46:738</time></pt><pt><x>302</x><y>1685</y><time>undefined</time></pt><pt><x>1116</x><y>1685</y><time>undefined</time></pt><closed_date>30-09-20 11:05:46:738</closed_date></polygon></object></annotation>