<annotation><filename>m2_s06_244_p_nic034.jpg</filename><folder>users/joselusava//museos2020</folder><source><submittedBy>Jose Saca</submittedBy></source><imagesize><nrows>2910</nrows><ncols>4361</ncols></imagesize><object><name>m2_s06_244_p_ic034</name><deleted>0</deleted><verified>0</verified><occluded>no</occluded><attributes></attributes><parts><hasparts></hasparts><ispartof></ispartof></parts><date>25-09-20 18:47:53:871</date><id>0</id><type>bounding_box</type><polygon><username>anonymous</username><pt><x>2334</x><y>1195</y><time>25-09-20 18:47:47:510</time></pt><pt><x>3933</x><y>1195</y><time>25-09-20 18:47:48:688</time></pt><pt><x>3933</x><y>1883</y><time>undefined</time></pt><pt><x>2334</x><y>1883</y><time>undefined</time></pt><closed_date>25-09-20 18:47:48:689</closed_date></polygon></object></annotation>