<annotation><filename>m2_s07_264_p_nic026.jpg</filename><folder>users/joselusava//valeria/sala7_264_nic</folder><source><submittedBy>Jose Saca</submittedBy></source><imagesize><nrows>2910</nrows><ncols>4361</ncols></imagesize><object><name>m2_s07_264_p_nic026</name><deleted>0</deleted><verified>0</verified><occluded>no</occluded><attributes></attributes><parts><hasparts></hasparts><ispartof></ispartof></parts><date>23-09-20 19:49:30:544</date><id>0</id><type>bounding_box</type><polygon><username>anonymous</username><pt><x>1626</x><y>2706</y><time>23-09-20 19:49:25:457</time></pt><pt><x>2998</x><y>2706</y><time>23-09-20 19:49:27:170</time></pt><pt><x>2998</x><y>1036</y><time>undefined</time></pt><pt><x>1626</x><y>1036</y><time>undefined</time></pt><closed_date>23-09-20 19:49:27:171</closed_date></polygon></object></annotation>