<annotation><filename>m1_s01_005_p_nic039.jpg</filename><folder>users/joselusava//museos2020</folder><source><submittedBy>Jose Saca</submittedBy></source><imagesize><nrows>2000</nrows><ncols>2992</ncols></imagesize><object><name>m1_s01_005_p_nic039</name><deleted>0</deleted><verified>0</verified><occluded>no</occluded><attributes></attributes><parts><hasparts></hasparts><ispartof></ispartof></parts><date>14-09-20 11:03:17:255</date><id>0</id><type>bounding_box</type><polygon><username>anonymous</username><pt><x>2038</x><y>182</y><time>14-09-20 11:03:06:742</time></pt><pt><x>2374</x><y>182</y><time>14-09-20 11:03:08:626</time></pt><pt><x>2374</x><y>604</y><time>undefined</time></pt><pt><x>2038</x><y>604</y><time>undefined</time></pt><closed_date>14-09-20 11:03:08:628</closed_date></polygon></object></annotation>