<annotation><filename>m1_s01_004_p_nic078.jpg</filename><folder>users/joselusava//valeria_apoyo/sala01_004_nic</folder><source><submittedBy>Jose Saca</submittedBy></source><imagesize><nrows>3200</nrows><ncols>4800</ncols></imagesize><object><name>m1_s01_004_p_nic078</name><deleted>0</deleted><verified>0</verified><occluded>no</occluded><attributes></attributes><parts><hasparts></hasparts><ispartof></ispartof></parts><date>17-09-20 20:09:16:853</date><id>0</id><type>bounding_box</type><polygon><username>anonymous</username><pt><x>291</x><y>2642</y><time>17-09-20 20:09:10:784</time></pt><pt><x>2958</x><y>2642</y><time>17-09-20 20:09:13:220</time></pt><pt><x>2958</x><y>1727</y><time>undefined</time></pt><pt><x>291</x><y>1727</y><time>undefined</time></pt><closed_date>17-09-20 20:09:13:221</closed_date></polygon></object></annotation>