<annotation><filename>m2_s01_034_p_nic050.jpg</filename><folder>users/joselusava//kath</folder><source><submittedBy>Jose Saca</submittedBy></source><imagesize><nrows>2850</nrows><ncols>4271</ncols></imagesize><object><name>m2_s01_034_p_nic050</name><deleted>0</deleted><verified>0</verified><occluded>no</occluded><attributes></attributes><parts><hasparts></hasparts><ispartof></ispartof></parts><date>25-09-20 20:07:34:580</date><id>0</id><type>bounding_box</type><polygon><username>anonymous</username><pt><x>2829</x><y>652</y><time>25-09-20 20:07:30:295</time></pt><pt><x>3810</x><y>652</y><time>25-09-20 20:07:31:976</time></pt><pt><x>3810</x><y>2012</y><time>undefined</time></pt><pt><x>2829</x><y>2012</y><time>undefined</time></pt><closed_date>25-09-20 20:07:31:976</closed_date></polygon></object></annotation>