<annotation><filename>m2_s01_024_p_nic030.jpg</filename><folder>users/joselusava//santiago</folder><source><submittedBy>Jose Saca</submittedBy></source><imagesize><nrows>2850</nrows><ncols>4271</ncols></imagesize><object><name>m2_s01_024_p_nic030</name><deleted>0</deleted><verified>0</verified><occluded>no</occluded><attributes></attributes><parts><hasparts></hasparts><ispartof></ispartof></parts><date>25-09-20 13:58:00:967</date><id>0</id><type>bounding_box</type><polygon><username>anonymous</username><pt><x>757</x><y>202</y><time>25-09-20 13:57:53:141</time></pt><pt><x>1654</x><y>202</y><time>25-09-20 13:57:54:981</time></pt><pt><x>1654</x><y>1622</y><time>undefined</time></pt><pt><x>757</x><y>1622</y><time>undefined</time></pt><closed_date>25-09-20 13:57:54:981</closed_date></polygon></object></annotation>