<annotation><filename>m2_s01_001_p_ic048.jpg</filename><folder>users/joselusava//santiago</folder><source><submittedBy>Jose Saca</submittedBy></source><imagesize><nrows>2850</nrows><ncols>4271</ncols></imagesize><object><name>m2_s01_001_p_ic048</name><deleted>0</deleted><verified>0</verified><occluded>no</occluded><attributes></attributes><parts><hasparts></hasparts><ispartof></ispartof></parts><date>19-09-20 08:43:03:659</date><id>0</id><type>bounding_box</type><polygon><username>anonymous</username><pt><x>1090</x><y>151</y><time>19-09-20 08:42:54:720</time></pt><pt><x>3132</x><y>151</y><time>19-09-20 08:42:57:389</time></pt><pt><x>3132</x><y>2757</y><time>undefined</time></pt><pt><x>1090</x><y>2757</y><time>undefined</time></pt><closed_date>19-09-20 08:42:57:391</closed_date></polygon></object></annotation>