<annotation><filename>m1_s02_029_p_nic024.jpg</filename><folder>users/joselusava//valeria/sala2_029_nic</folder><source><submittedBy>Jose Saca</submittedBy></source><imagesize><nrows>3200</nrows><ncols>4800</ncols></imagesize><object><name>m1_s02_029_p_nic024</name><deleted>0</deleted><verified>0</verified><occluded>no</occluded><attributes></attributes><parts><hasparts></hasparts><ispartof></ispartof></parts><date>26-08-20 18:20:50:356</date><id>0</id><type>bounding_box</type><polygon><username>anonymous</username><pt><x>360</x><y>762</y><time>26-08-20 18:20:44:144</time></pt><pt><x>1428</x><y>762</y><time>26-08-20 18:20:46:213</time></pt><pt><x>1428</x><y>2051</y><time>undefined</time></pt><pt><x>360</x><y>2051</y><time>undefined</time></pt><closed_date>26-08-20 18:20:46:215</closed_date></polygon></object></annotation>