<annotation><filename>m1_s06_186_p_ic022.jpg</filename><folder>users/joselusava//jacob_2/186ic</folder><source><submittedBy>Jose Saca</submittedBy></source><imagesize><nrows>2736</nrows><ncols>4100</ncols></imagesize><object><name>s06_186_p_ic022</name><deleted>0</deleted><verified>0</verified><occluded>no</occluded><attributes></attributes><parts><hasparts></hasparts><ispartof></ispartof></parts><date>09-09-20 11:24:57:500</date><id>0</id><type>bounding_box</type><polygon><username>anonymous</username><pt><x>3020</x><y>2635</y><time>09-09-20 11:24:55:270</time></pt><pt><x>851</x><y>2635</y><time>09-09-20 11:24:56:721</time></pt><pt><x>851</x><y>57</y><time>undefined</time></pt><pt><x>3020</x><y>57</y><time>undefined</time></pt><closed_date>09-09-20 11:24:56:721</closed_date></polygon></object></annotation>