<annotation><filename>m4_s03_026_x.jpg</filename><folder>users/joselusava//kath/m4_x</folder><source><submittedBy>Jose Saca</submittedBy></source><imagesize><nrows>3899</nrows><ncols>5844</ncols></imagesize><object><name>m4_s03_026_x</name><deleted>0</deleted><verified>0</verified><occluded>no</occluded><attributes></attributes><parts><hasparts></hasparts><ispartof></ispartof></parts><date>24-10-20 12:09:28:342</date><id>0</id><polygon><username>anonymous</username><pt><x>1628</x><y>95</y><time>24-10-20 12:09:14:860</time></pt><pt><x>826</x><y>3684</y><time>24-10-20 12:09:17:248</time></pt><pt><x>5060</x><y>3514</y><time>24-10-20 12:09:19:160</time></pt><pt><x>4177</x><y>189</y><time>24-10-20 12:09:24:022</time></pt><closed_date>24-10-20 12:09:25:781</closed_date></polygon></object></annotation>