<annotation><filename>m1_s02_029_p_ic044.jpg</filename><folder>users/joselusava//valeria/sala2_029_ic</folder><source><submittedBy>Jose Saca</submittedBy></source><imagesize><nrows>3200</nrows><ncols>4800</ncols></imagesize><object><name>m1_s02_029_p_ic044</name><deleted>0</deleted><verified>0</verified><occluded>no</occluded><attributes></attributes><parts><hasparts></hasparts><ispartof></ispartof></parts><date>22-08-20 19:37:30:249</date><id>0</id><type>bounding_box</type><polygon><username>anonymous</username><pt><x>1385</x><y>601</y><time>22-08-20 19:37:21:520</time></pt><pt><x>3350</x><y>601</y><time>22-08-20 19:37:25:773</time></pt><pt><x>3350</x><y>2593</y><time>undefined</time></pt><pt><x>1385</x><y>2593</y><time>undefined</time></pt><closed_date>22-08-20 19:37:25:774</closed_date></polygon></object></annotation>