<annotation><filename>m2_s05_236_p_nic047.jpg</filename><folder>users/joselusava//museos2020</folder><source><submittedBy>Jose Saca</submittedBy></source><imagesize><nrows>2910</nrows><ncols>4361</ncols></imagesize><object><name>m2_s05_236_p_nic047</name><deleted>0</deleted><verified>0</verified><occluded>no</occluded><attributes></attributes><parts><hasparts></hasparts><ispartof></ispartof></parts><date>17-09-20 07:54:37:840</date><id>0</id><type>bounding_box</type><polygon><username>anonymous</username><pt><x>102</x><y>879</y><time>17-09-20 07:54:30:860</time></pt><pt><x>2566</x><y>879</y><time>17-09-20 07:54:32:380</time></pt><pt><x>2566</x><y>2826</y><time>undefined</time></pt><pt><x>102</x><y>2826</y><time>undefined</time></pt><closed_date>17-09-20 07:54:32:380</closed_date></polygon></object></annotation>