<annotation><filename>m2_s01_024_p_ic070.jpg</filename><folder>users/joselusava//santiago</folder><source><submittedBy>Jose Saca</submittedBy></source><imagesize><nrows>2850</nrows><ncols>4271</ncols></imagesize><object><name>m2_s01_024_p_ic070</name><deleted>0</deleted><verified>0</verified><occluded>no</occluded><attributes></attributes><parts><hasparts></hasparts><ispartof></ispartof></parts><date>24-09-20 22:40:51:886</date><id>0</id><type>bounding_box</type><polygon><username>anonymous</username><pt><x>1093</x><y>77</y><time>24-09-20 22:40:42:901</time></pt><pt><x>2661</x><y>77</y><time>24-09-20 22:40:44:983</time></pt><pt><x>2661</x><y>2510</y><time>undefined</time></pt><pt><x>1093</x><y>2510</y><time>undefined</time></pt><closed_date>24-09-20 22:40:44:984</closed_date></polygon></object></annotation>