<annotation><filename>m4_s04_037_p_nic029.jpg</filename><folder>users/joselusava//santiago_2</folder><source><submittedBy>Jose Saca</submittedBy></source><imagesize><nrows>2970</nrows><ncols>4451</ncols></imagesize><object><name>m4_s04_037_p_nic029</name><deleted>0</deleted><verified>0</verified><occluded>no</occluded><attributes></attributes><parts><hasparts></hasparts><ispartof></ispartof></parts><date>19-10-20 22:10:51:472</date><id>0</id><type>bounding_box</type><polygon><username>anonymous</username><pt><x>2038</x><y>182</y><time>19-10-20 22:10:44:185</time></pt><pt><x>3088</x><y>182</y><time>19-10-20 22:10:44:999</time></pt><pt><x>3088</x><y>1574</y><time>undefined</time></pt><pt><x>2038</x><y>1574</y><time>undefined</time></pt><closed_date>19-10-20 22:10:45:000</closed_date></polygon></object></annotation>