<annotation><filename>m4_s04_045_p_nic084.jpg</filename><folder>users/joselusava//valeria/m04_s04_45_nic</folder><source><submittedBy>Jose Saca</submittedBy></source><imagesize><nrows>2970</nrows><ncols>4451</ncols></imagesize><object><name>m4_s04_045_p_nic084</name><deleted>0</deleted><verified>0</verified><occluded>no</occluded><attributes></attributes><parts><hasparts></hasparts><ispartof></ispartof></parts><date>20-10-20 15:42:36:730</date><id>0</id><type>bounding_box</type><polygon><username>anonymous</username><pt><x>3530</x><y>2045</y><time>20-10-20 15:42:32:351</time></pt><pt><x>4055</x><y>2045</y><time>20-10-20 15:42:33:756</time></pt><pt><x>4055</x><y>1342</y><time>undefined</time></pt><pt><x>3530</x><y>1342</y><time>undefined</time></pt><closed_date>20-10-20 15:42:33:757</closed_date></polygon></object></annotation>