<annotation><filename>m1_s01_021_p_nic032.jpg</filename><folder>users/joselusava//santiago</folder><source><submittedBy>Jose Saca</submittedBy></source><imagesize><nrows>3200</nrows><ncols>4800</ncols></imagesize><object><name>m1_s01_021_p_nic032</name><deleted>0</deleted><verified>0</verified><occluded>no</occluded><attributes></attributes><parts><hasparts></hasparts><ispartof></ispartof></parts><date>15-09-20 15:45:48:870</date><id>0</id><type>bounding_box</type><polygon><username>anonymous</username><pt><x>2185</x><y>443</y><time>15-09-20 15:45:41:124</time></pt><pt><x>2678</x><y>443</y><time>15-09-20 15:45:42:792</time></pt><pt><x>2678</x><y>1127</y><time>undefined</time></pt><pt><x>2185</x><y>1127</y><time>undefined</time></pt><closed_date>15-09-20 15:45:42:794</closed_date></polygon></object></annotation>