<annotation><filename>m2_s01_018_p_ic068.jpg</filename><folder>users/joselusava//santiago_2</folder><source><submittedBy>Jose Saca</submittedBy></source><imagesize><nrows>2850</nrows><ncols>4271</ncols></imagesize><object><name>m2_s01_018_p_ic068</name><deleted>0</deleted><verified>0</verified><occluded>no</occluded><attributes></attributes><parts><hasparts></hasparts><ispartof></ispartof></parts><date>28-09-20 17:58:19:134</date><id>0</id><type>bounding_box</type><polygon><username>anonymous</username><pt><x>1545</x><y>779</y><time>28-09-20 17:58:15:187</time></pt><pt><x>2629</x><y>779</y><time>28-09-20 17:58:16:042</time></pt><pt><x>2629</x><y>2081</y><time>undefined</time></pt><pt><x>1545</x><y>2081</y><time>undefined</time></pt><closed_date>28-09-20 17:58:16:043</closed_date></polygon></object></annotation>