<annotation><filename>m1_s01_001_p_ic018.jpg</filename><folder>users/joselusava//juancarlos</folder><source><submittedBy>Jose Saca</submittedBy></source><imagesize><nrows>2000</nrows><ncols>2992</ncols></imagesize><object><name>m1_s01_001_p_ic018</name><deleted>0</deleted><verified>0</verified><occluded>no</occluded><attributes></attributes><parts><hasparts></hasparts><ispartof></ispartof></parts><date>24-08-20 11:47:56:618</date><id>0</id><type>bounding_box</type><polygon><username>anonymous</username><pt><x>860</x><y>504</y><time>24-08-20 11:47:33:235</time></pt><pt><x>2121</x><y>504</y><time>24-08-20 11:47:40:415</time></pt><pt><x>2121</x><y>1303</y><time>undefined</time></pt><pt><x>860</x><y>1303</y><time>undefined</time></pt><closed_date>24-08-20 11:47:40:415</closed_date></polygon></object></annotation>