<annotation><filename>m2_s03_201_p_nic075.jpg</filename><folder>users/joselusava//valeria/m2_sala03_201_nic</folder><source><submittedBy>Jose Saca</submittedBy></source><imagesize><nrows>2910</nrows><ncols>4361</ncols></imagesize><object><name>m2_s03_201_p_nic075</name><deleted>0</deleted><verified>0</verified><occluded>no</occluded><attributes></attributes><parts><hasparts></hasparts><ispartof></ispartof></parts><date>29-09-20 23:52:11:792</date><id>0</id><type>bounding_box</type><polygon><username>anonymous</username><pt><x>276</x><y>2105</y><time>29-09-20 23:52:06:101</time></pt><pt><x>2089</x><y>2105</y><time>29-09-20 23:52:08:901</time></pt><pt><x>2089</x><y>11</y><time>undefined</time></pt><pt><x>276</x><y>11</y><time>undefined</time></pt><closed_date>29-09-20 23:52:08:901</closed_date></polygon></object></annotation>