<annotation><filename>m4_s07_112_x.jpg</filename><folder>users/joselusava//kath/m4_x</folder><source><submittedBy>Jose Saca</submittedBy></source><imagesize><nrows>2970</nrows><ncols>4451</ncols></imagesize><object><name>m4_s07_112_x</name><deleted>0</deleted><verified>0</verified><occluded>no</occluded><attributes></attributes><parts><hasparts></hasparts><ispartof></ispartof></parts><date>21-10-20 11:22:18:670</date><id>0</id><type>bounding_box</type><polygon><username>anonymous</username><pt><x>740</x><y>144</y><time>21-10-20 11:22:13:673</time></pt><pt><x>3691</x><y>144</y><time>21-10-20 11:22:16:126</time></pt><pt><x>3691</x><y>2715</y><time>undefined</time></pt><pt><x>740</x><y>2715</y><time>undefined</time></pt><closed_date>21-10-20 11:22:16:126</closed_date></polygon></object></annotation>