<annotation><filename>m2_s06_250_p_nic050.jpg</filename><folder>users/joselusava//m2_jsv/250</folder><source><submittedBy>Jose Saca</submittedBy></source><imagesize><nrows>2910</nrows><ncols>4361</ncols></imagesize><object><name>m2_s06_250_p_nic050</name><deleted>0</deleted><verified>0</verified><occluded>no</occluded><attributes></attributes><parts><hasparts></hasparts><ispartof></ispartof></parts><date>30-09-20 11:44:48:379</date><id>0</id><type>bounding_box</type><polygon><username>anonymous</username><pt><x>3569</x><y>1706</y><time>30-09-20 11:44:46:059</time></pt><pt><x>1158</x><y>1706</y><time>30-09-20 11:44:47:543</time></pt><pt><x>1158</x><y>2864</y><time>undefined</time></pt><pt><x>3569</x><y>2864</y><time>undefined</time></pt><closed_date>30-09-20 11:44:47:543</closed_date></polygon></object></annotation>