<annotation><filename>m2_s01_058_p_ic084.jpg</filename><folder>users/joselusava//juancarlos</folder><source><submittedBy>Jose Saca</submittedBy></source><imagesize><nrows>2850</nrows><ncols>4271</ncols></imagesize><object><name>m2_s01_058_p_ic084</name><deleted>0</deleted><verified>0</verified><occluded>no</occluded><attributes></attributes><parts><hasparts></hasparts><ispartof></ispartof></parts><date>04-10-20 19:06:06:479</date><id>0</id><type>bounding_box</type><polygon><username>anonymous</username><pt><x>1374</x><y>681</y><time>04-10-20 19:05:53:426</time></pt><pt><x>2782</x><y>681</y><time>04-10-20 19:05:57:727</time></pt><pt><x>2782</x><y>2102</y><time>undefined</time></pt><pt><x>1374</x><y>2102</y><time>undefined</time></pt><closed_date>04-10-20 19:05:57:729</closed_date></polygon></object></annotation>