<annotation><filename>m3_s01_018_p_nic011.jpg</filename><folder>users/joselusava//m4_js/18/nic</folder><source><submittedBy>Jose Saca</submittedBy></source><imagesize><nrows>2970</nrows><ncols>4451</ncols></imagesize><object><name>m3_s01_018_p_nic011</name><deleted>0</deleted><verified>0</verified><occluded>no</occluded><attributes></attributes><parts><hasparts></hasparts><ispartof></ispartof></parts><date>05-11-20 14:50:18:117</date><id>0</id><type>bounding_box</type><polygon><username>anonymous</username><pt><x>4356</x><y>2199</y><time>05-11-20 14:50:15:283</time></pt><pt><x>989</x><y>2199</y><time>05-11-20 14:50:17:288</time></pt><pt><x>989</x><y>21</y><time>undefined</time></pt><pt><x>4356</x><y>21</y><time>undefined</time></pt><closed_date>05-11-20 14:50:17:289</closed_date></polygon></object></annotation>