<annotation><filename>m2_s01_010_p_ic035.jpg</filename><folder>users/joselusava//santiago</folder><source><submittedBy>Jose Saca</submittedBy></source><imagesize><nrows>2850</nrows><ncols>4271</ncols></imagesize><object><name>m2_s01_010_p_ic035</name><deleted>0</deleted><verified>0</verified><occluded>no</occluded><attributes></attributes><parts><hasparts></hasparts><ispartof></ispartof></parts><date>21-09-20 15:39:46:128</date><id>0</id><type>bounding_box</type><polygon><username>anonymous</username><pt><x>1218</x><y>481</y><time>21-09-20 15:39:37:632</time></pt><pt><x>3164</x><y>481</y><time>21-09-20 15:39:39:521</time></pt><pt><x>3164</x><y>2485</y><time>undefined</time></pt><pt><x>1218</x><y>2485</y><time>undefined</time></pt><closed_date>21-09-20 15:39:39:522</closed_date></polygon></object></annotation>