<annotation><filename>m4_s10_152_x.jpg</filename><folder>users/joselusava//kath/m4_x</folder><source><submittedBy>Jose Saca</submittedBy></source><imagesize><nrows>2970</nrows><ncols>4451</ncols></imagesize><object><name>m4_s10_152_x</name><deleted>0</deleted><verified>0</verified><occluded>no</occluded><attributes></attributes><parts><hasparts></hasparts><ispartof></ispartof></parts><date>21-10-20 12:04:58:476</date><id>0</id><polygon><username>anonymous</username><pt><x>264</x><y>159</y><time>21-10-20 12:04:48:304</time></pt><pt><x>447</x><y>2874</y><time>21-10-20 12:04:49:555</time></pt><pt><x>3960</x><y>2831</y><time>21-10-20 12:04:52:800</time></pt><pt><x>4114</x><y>173</y><time>21-10-20 12:04:54:349</time></pt><closed_date>21-10-20 12:04:55:694</closed_date></polygon></object></annotation>