<annotation><filename>m4_s04_047_p_nic052.jpg</filename><folder>users/joselusava//kath/kath_m4_047/nic</folder><source><submittedBy>Jose Saca</submittedBy></source><imagesize><nrows>2970</nrows><ncols>4451</ncols></imagesize><object><name>m4_s04_047_p_nic052</name><deleted>0</deleted><verified>0</verified><occluded>no</occluded><attributes></attributes><parts><hasparts></hasparts><ispartof></ispartof></parts><date>24-10-20 19:08:23:747</date><id>0</id><type>bounding_box</type><polygon><username>anonymous</username><pt><x>546</x><y>127</y><time>24-10-20 19:08:16:340</time></pt><pt><x>1805</x><y>127</y><time>24-10-20 19:08:18:744</time></pt><pt><x>1805</x><y>2704</y><time>undefined</time></pt><pt><x>546</x><y>2704</y><time>undefined</time></pt><closed_date>24-10-20 19:08:18:745</closed_date></polygon></object></annotation>