<annotation><filename>m4_s11_178_p_ic002.jpg</filename><folder>users/joselusava//santiago_2</folder><source><submittedBy>Jose Saca</submittedBy></source><imagesize><nrows>2970</nrows><ncols>4451</ncols></imagesize><object><name>m4_s11_178_p_ic002</name><deleted>0</deleted><verified>0</verified><occluded>no</occluded><attributes></attributes><parts><hasparts></hasparts><ispartof></ispartof></parts><date>15-10-20 20:36:48:389</date><id>0</id><type>bounding_box</type><polygon><username>anonymous</username><pt><x>1489</x><y>710</y><time>15-10-20 20:36:45:108</time></pt><pt><x>2706</x><y>710</y><time>15-10-20 20:36:46:234</time></pt><pt><x>2706</x><y>2045</y><time>undefined</time></pt><pt><x>1489</x><y>2045</y><time>undefined</time></pt><closed_date>15-10-20 20:36:46:235</closed_date></polygon></object></annotation>