<annotation><filename>m2_s01_010_p_ic082.jpg</filename><folder>users/joselusava//santiago</folder><source><submittedBy>Jose Saca</submittedBy></source><imagesize><nrows>2850</nrows><ncols>4271</ncols></imagesize><object><name>m2_s01_010_p_ic082</name><deleted>0</deleted><verified>0</verified><occluded>no</occluded><attributes></attributes><parts><hasparts></hasparts><ispartof></ispartof></parts><date>21-09-20 23:31:27:502</date><id>0</id><type>bounding_box</type><polygon><username>anonymous</username><pt><x>1395</x><y>519</y><time>21-09-20 23:31:16:424</time></pt><pt><x>3139</x><y>519</y><time>21-09-20 23:31:19:538</time></pt><pt><x>3139</x><y>2398</y><time>undefined</time></pt><pt><x>1395</x><y>2398</y><time>undefined</time></pt><closed_date>21-09-20 23:31:19:540</closed_date></polygon></object></annotation>