<annotation><filename>m2_s01_024_p_nic028.jpg</filename><folder>users/joselusava//santiago</folder><source><submittedBy>Jose Saca</submittedBy></source><imagesize><nrows>2850</nrows><ncols>4271</ncols></imagesize><object><name>m2_s01_024_p_nic028</name><deleted>0</deleted><verified>0</verified><occluded>no</occluded><attributes></attributes><parts><hasparts></hasparts><ispartof></ispartof></parts><date>25-09-20 13:56:00:247</date><id>0</id><type>bounding_box</type><polygon><username>anonymous</username><pt><x>1423</x><y>109</y><time>25-09-20 13:55:53:502</time></pt><pt><x>2183</x><y>109</y><time>25-09-20 13:55:54:593</time></pt><pt><x>2183</x><y>1580</y><time>undefined</time></pt><pt><x>1423</x><y>1580</y><time>undefined</time></pt><closed_date>25-09-20 13:55:54:595</closed_date></polygon></object></annotation>