<annotation><filename>m1_s01_017_p_ic054.jpg</filename><folder>users/joselusava//santiago</folder><source><submittedBy>Jose Saca</submittedBy></source><imagesize><nrows>3200</nrows><ncols>4800</ncols></imagesize><object><name>m1_s01_017_p_ic054</name><deleted>0</deleted><verified>0</verified><occluded>no</occluded><attributes></attributes><parts><hasparts></hasparts><ispartof></ispartof></parts><date>10-09-20 22:29:40:427</date><id>0</id><type>bounding_box</type><polygon><username>anonymous</username><pt><x>1656</x><y>1224</y><time>10-09-20 22:29:31:608</time></pt><pt><x>2926</x><y>1224</y><time>10-09-20 22:29:34:007</time></pt><pt><x>2926</x><y>2027</y><time>undefined</time></pt><pt><x>1656</x><y>2027</y><time>undefined</time></pt><closed_date>10-09-20 22:29:34:008</closed_date></polygon></object></annotation>