<annotation><filename>m4_s04_037_p_nic075.jpg</filename><folder>users/joselusava//santiago_2</folder><source><submittedBy>Jose Saca</submittedBy></source><imagesize><nrows>2970</nrows><ncols>4451</ncols></imagesize><object><name>m4_s04_037_p_nic075</name><deleted>0</deleted><verified>0</verified><occluded>no</occluded><attributes></attributes><parts><hasparts></hasparts><ispartof></ispartof></parts><date>19-10-20 22:43:46:756</date><id>0</id><type>bounding_box</type><polygon><username>anonymous</username><pt><x>2866</x><y>1574</y><time>19-10-20 22:43:42:971</time></pt><pt><x>3780</x><y>1574</y><time>19-10-20 22:43:44:324</time></pt><pt><x>3780</x><y>2845</y><time>undefined</time></pt><pt><x>2866</x><y>2845</y><time>undefined</time></pt><closed_date>19-10-20 22:43:44:325</closed_date></polygon></object></annotation>