<annotation><filename>m3_s01_002_p_nic061.jpg</filename><folder>users/joselusava//santiago_3</folder><source><submittedBy>Jose Saca</submittedBy></source><imagesize><nrows>2970</nrows><ncols>4451</ncols></imagesize><object><name>m3_s01_002_p_nic061</name><deleted>0</deleted><verified>0</verified><occluded>no</occluded><attributes></attributes><parts><hasparts></hasparts><ispartof></ispartof></parts><date>29-10-20 20:54:22:169</date><id>0</id><type>bounding_box</type><polygon><username>anonymous</username><pt><x>1713</x><y>389</y><time>29-10-20 20:54:18:890</time></pt><pt><x>3605</x><y>389</y><time>29-10-20 20:54:20:143</time></pt><pt><x>3605</x><y>1970</y><time>undefined</time></pt><pt><x>1713</x><y>1970</y><time>undefined</time></pt><closed_date>29-10-20 20:54:20:144</closed_date></polygon></object></annotation>