<annotation><filename>m1_s02_065_p_ic064.jpg</filename><folder>users/joselusava//valeria/sala2_065_ic</folder><source><submittedBy>Jose Saca</submittedBy></source><imagesize><nrows>2000</nrows><ncols>2992</ncols></imagesize><object><name>m1_s02_065_p_ic064</name><deleted>0</deleted><verified>0</verified><occluded>no</occluded><attributes></attributes><parts><hasparts></hasparts><ispartof></ispartof></parts><date>26-08-20 00:30:26:732</date><id>0</id><type>bounding_box</type><polygon><username>anonymous</username><pt><x>242</x><y>255</y><time>26-08-20 00:30:10:345</time></pt><pt><x>2916</x><y>255</y><time>26-08-20 00:30:15:373</time></pt><pt><x>2916</x><y>1946</y><time>undefined</time></pt><pt><x>242</x><y>1946</y><time>undefined</time></pt><closed_date>26-08-20 00:30:15:373</closed_date></polygon></object></annotation>