<annotation><filename>img_m1_s10_303_p_nic084.jpg</filename><folder>users/joselusava//santiago</folder><source><submittedBy>Jose Saca</submittedBy></source><imagesize><nrows>3200</nrows><ncols>4800</ncols></imagesize><object><name>m1_s10_303_p_nic084</name><deleted>0</deleted><verified>0</verified><occluded>no</occluded><attributes></attributes><parts><hasparts></hasparts><ispartof></ispartof></parts><date>01-09-20 23:01:39:821</date><id>0</id><type>bounding_box</type><polygon><username>anonymous</username><pt><x>439</x><y>392</y><time>01-09-20 23:01:32:241</time></pt><pt><x>1843</x><y>392</y><time>01-09-20 23:01:33:180</time></pt><pt><x>1843</x><y>1209</y><time>undefined</time></pt><pt><x>439</x><y>1209</y><time>undefined</time></pt><closed_date>01-09-20 23:01:33:180</closed_date></polygon></object></annotation>