<annotation><filename>m1_s01_005_p_ic001.jpg</filename><folder>users/joselusava//jacob/sala1/ic</folder><source><submittedBy>Jose Saca</submittedBy></source><imagesize><nrows>2000</nrows><ncols>2992</ncols></imagesize><object><name>m1_s01_005_p_ic001</name><deleted>0</deleted><verified>0</verified><occluded>no</occluded><attributes></attributes><parts><hasparts></hasparts><ispartof></ispartof></parts><date>14-09-20 17:22:25:025</date><id>0</id><type>bounding_box</type><polygon><username>anonymous</username><pt><x>1963</x><y>1814</y><time>14-09-20 17:22:21:897</time></pt><pt><x>1190</x><y>1814</y><time>14-09-20 17:22:24:242</time></pt><pt><x>1190</x><y>868</y><time>undefined</time></pt><pt><x>1963</x><y>868</y><time>undefined</time></pt><closed_date>14-09-20 17:22:24:242</closed_date></polygon></object></annotation>