<annotation><filename>m2_s01_034_p_nic032.jpg</filename><folder>users/joselusava//kath</folder><source><submittedBy>Jose Saca</submittedBy></source><imagesize><nrows>2850</nrows><ncols>4271</ncols></imagesize><object><name>m2_s01_034_p_nic032</name><deleted>0</deleted><verified>0</verified><occluded>no</occluded><attributes></attributes><parts><hasparts></hasparts><ispartof></ispartof></parts><date>25-09-20 19:45:31:281</date><id>0</id><type>bounding_box</type><polygon><username>anonymous</username><pt><x>823</x><y>279</y><time>25-09-20 19:45:23:820</time></pt><pt><x>1898</x><y>279</y><time>25-09-20 19:45:29:241</time></pt><pt><x>1898</x><y>1704</y><time>undefined</time></pt><pt><x>823</x><y>1704</y><time>undefined</time></pt><closed_date>25-09-20 19:45:29:242</closed_date></polygon></object></annotation>