<annotation><filename>m2_s03_228_x.jpg</filename><folder>users/joselusava//museos2020</folder><source><submittedBy>Jose Saca</submittedBy></source><imagesize><nrows>2910</nrows><ncols>4361</ncols></imagesize><object><name>m2_s03_228_x</name><deleted>0</deleted><verified>0</verified><occluded>no</occluded><attributes></attributes><parts><hasparts></hasparts><ispartof></ispartof></parts><date>16-09-20 15:01:04:493</date><id>0</id><type>bounding_box</type><polygon><username>anonymous</username><pt><x>381</x><y>414</y><time>16-09-20 15:00:55:929</time></pt><pt><x>3961</x><y>414</y><time>16-09-20 15:00:58:292</time></pt><pt><x>3961</x><y>2566</y><time>undefined</time></pt><pt><x>381</x><y>2566</y><time>undefined</time></pt><closed_date>16-09-20 15:00:58:292</closed_date></polygon></object></annotation>