<annotation><filename>m4_s09_138_p_ic006.jpg</filename><folder>users/joselusava//santiago_2</folder><source><submittedBy>Jose Saca</submittedBy></source><imagesize><nrows>2970</nrows><ncols>4451</ncols></imagesize><object><name>m4_s09_138_p_ic006</name><deleted>0</deleted><verified>0</verified><occluded>no</occluded><attributes></attributes><parts><hasparts></hasparts><ispartof></ispartof></parts><date>22-10-20 13:47:41:547</date><id>0</id><type>bounding_box</type><polygon><username>anonymous</username><pt><x>1221</x><y>582</y><time>22-10-20 13:47:38:295</time></pt><pt><x>3413</x><y>582</y><time>22-10-20 13:47:39:759</time></pt><pt><x>3413</x><y>2356</y><time>undefined</time></pt><pt><x>1221</x><y>2356</y><time>undefined</time></pt><closed_date>22-10-20 13:47:39:761</closed_date></polygon></object></annotation>