<annotation><filename>m4_s02_021_p_ic094.jpg</filename><folder>users/joselusava//santiago_2</folder><source><submittedBy>Jose Saca</submittedBy></source><imagesize><nrows>2910</nrows><ncols>4361</ncols></imagesize><object><name>m4_s02_021_p_ic094</name><deleted>0</deleted><verified>0</verified><occluded>no</occluded><attributes></attributes><parts><hasparts></hasparts><ispartof></ispartof></parts><date>04-10-20 19:47:52:315</date><id>0</id><type>bounding_box</type><polygon><username>anonymous</username><pt><x>1531</x><y>135</y><time>04-10-20 19:47:45:426</time></pt><pt><x>2771</x><y>135</y><time>04-10-20 19:47:47:012</time></pt><pt><x>2771</x><y>2428</y><time>undefined</time></pt><pt><x>1531</x><y>2428</y><time>undefined</time></pt><closed_date>04-10-20 19:47:47:013</closed_date></polygon></object></annotation>