<annotation><filename>m2_s06_244_p_ic083.jpg</filename><folder>users/joselusava//museos2020</folder><source><submittedBy>Jose Saca</submittedBy></source><imagesize><nrows>2910</nrows><ncols>4361</ncols></imagesize><object><name>m2_s06_244_p_ic083</name><deleted>0</deleted><verified>0</verified><occluded>no</occluded><attributes></attributes><parts><hasparts></hasparts><ispartof></ispartof></parts><date>23-09-20 09:14:01:492</date><id>0</id><type>bounding_box</type><polygon><username>anonymous</username><pt><x>652</x><y>1011</y><time>23-09-20 09:13:51:858</time></pt><pt><x>3849</x><y>1011</y><time>23-09-20 09:13:54:039</time></pt><pt><x>3849</x><y>2401</y><time>undefined</time></pt><pt><x>652</x><y>2401</y><time>undefined</time></pt><closed_date>23-09-20 09:13:54:040</closed_date></polygon></object></annotation>