<annotation><filename>m2_s01_058_p_ic039.jpg</filename><folder>users/joselusava//m2_jsv/58/ic</folder><source><submittedBy>Jose Saca</submittedBy></source><imagesize><nrows>2850</nrows><ncols>4271</ncols></imagesize><object><name>m2_s01_058_p_ic039</name><deleted>0</deleted><verified>0</verified><occluded>no</occluded><attributes></attributes><parts><hasparts></hasparts><ispartof></ispartof></parts><date>29-09-20 13:14:08:967</date><id>0</id><type>bounding_box</type><polygon><username>anonymous</username><pt><x>518</x><y>433</y><time>29-09-20 13:14:07:160</time></pt><pt><x>3846</x><y>433</y><time>29-09-20 13:14:08:282</time></pt><pt><x>3846</x><y>2462</y><time>undefined</time></pt><pt><x>518</x><y>2462</y><time>undefined</time></pt><closed_date>29-09-20 13:14:08:282</closed_date></polygon></object></annotation>