<annotation><filename>m2_s01_074_x.jpg</filename><folder>users/joselusava//juancarlos</folder><source><submittedBy>Jose Saca</submittedBy></source><imagesize><nrows>2850</nrows><ncols>4271</ncols></imagesize><object><name>m2_s01_074_x</name><deleted>0</deleted><verified>0</verified><occluded>no</occluded><attributes></attributes><parts><hasparts></hasparts><ispartof></ispartof></parts><date>28-09-20 10:49:56:134</date><id>0</id><type>bounding_box</type><polygon><username>anonymous</username><pt><x>1152</x><y>282</y><time>28-09-20 10:49:46:331</time></pt><pt><x>3287</x><y>282</y><time>28-09-20 10:49:49:856</time></pt><pt><x>3287</x><y>2736</y><time>undefined</time></pt><pt><x>1152</x><y>2736</y><time>undefined</time></pt><closed_date>28-09-20 10:49:49:856</closed_date></polygon></object></annotation>