<annotation><filename>m2_s01_010_p_ic075.jpg</filename><folder>users/joselusava//santiago</folder><source><submittedBy>Jose Saca</submittedBy></source><imagesize><nrows>2850</nrows><ncols>4271</ncols></imagesize><object><name>m2_s01_010_p_ic075</name><deleted>0</deleted><verified>0</verified><occluded>no</occluded><attributes></attributes><parts><hasparts></hasparts><ispartof></ispartof></parts><date>21-09-20 23:23:10:330</date><id>0</id><type>bounding_box</type><polygon><username>anonymous</username><pt><x>1244</x><y>349</y><time>21-09-20 23:23:01:255</time></pt><pt><x>3376</x><y>349</y><time>21-09-20 23:23:04:121</time></pt><pt><x>3376</x><y>2561</y><time>undefined</time></pt><pt><x>1244</x><y>2561</y><time>undefined</time></pt><closed_date>21-09-20 23:23:04:121</closed_date></polygon></object></annotation>