<annotation><filename>m3_s01_025_x.jpg</filename><folder>users/joselusava//kath/m3_x</folder><source><submittedBy>Jose Saca</submittedBy></source><imagesize><nrows>2970</nrows><ncols>4451</ncols></imagesize><object><name>m3_s01_025_x</name><deleted>0</deleted><verified>0</verified><occluded>no</occluded><attributes></attributes><parts><hasparts></hasparts><ispartof></ispartof></parts><date>08-11-20 12:37:49:538</date><id>0</id><polygon><username>anonymous</username><pt><x>245</x><y>2941</y><time>08-11-20 12:37:10:278</time></pt><pt><x>3470</x><y>1802</y><time>08-11-20 12:37:11:744</time></pt><pt><x>2999</x><y>312</y><time>08-11-20 12:37:17:120</time></pt><pt><x>879</x><y>903</y><time>08-11-20 12:37:24:153</time></pt><closed_date>08-11-20 12:37:26:964</closed_date></polygon></object></annotation>