<annotation><filename>m2_s01_032_p_nic070.jpg</filename><folder>users/joselusava//santiago_2</folder><source><submittedBy>Jose Saca</submittedBy></source><imagesize><nrows>2850</nrows><ncols>4271</ncols></imagesize><object><name>m2_s01_032_p_nic070</name><deleted>0</deleted><verified>0</verified><occluded>no</occluded><attributes></attributes><parts><hasparts></hasparts><ispartof></ispartof></parts><date>30-09-20 21:09:50:060</date><id>0</id><type>bounding_box</type><polygon><username>anonymous</username><pt><x>2965</x><y>689</y><time>30-09-20 21:09:47:577</time></pt><pt><x>3814</x><y>689</y><time>30-09-20 21:09:48:349</time></pt><pt><x>3814</x><y>1822</y><time>undefined</time></pt><pt><x>2965</x><y>1822</y><time>undefined</time></pt><closed_date>30-09-20 21:09:48:350</closed_date></polygon></object></annotation>