<annotation><filename>m2_s06_248_p_nic099.jpg</filename><folder>users/joselusava//museos2020</folder><source><submittedBy>Jose Saca</submittedBy></source><imagesize><nrows>2910</nrows><ncols>4361</ncols></imagesize><object><name>m2_s06_248_p_nic099</name><deleted>0</deleted><verified>0</verified><occluded>no</occluded><attributes></attributes><parts><hasparts></hasparts><ispartof></ispartof></parts><date>27-09-20 21:44:32:483</date><id>0</id><polygon><username>anonymous</username><pt><x>1553</x><y>1655</y><time>27-09-20 21:44:22:844</time></pt><pt><x>3403</x><y>1316</y><time>27-09-20 21:44:23:849</time></pt><pt><x>3612</x><y>1567</y><time>27-09-20 21:44:24:648</time></pt><pt><x>2041</x><y>2515</y><time>27-09-20 21:44:25:913</time></pt><closed_date>27-09-20 21:44:26:953</closed_date></polygon></object></annotation>