<annotation><filename>m1_s02_029_p_nic042.jpg</filename><folder>users/joselusava//valeria/sala2_029_nic</folder><source><submittedBy>Jose Saca</submittedBy></source><imagesize><nrows>3200</nrows><ncols>4800</ncols></imagesize><object><name>m1_s02_029_p_nic042</name><deleted>0</deleted><verified>0</verified><occluded>no</occluded><attributes></attributes><parts><hasparts></hasparts><ispartof></ispartof></parts><date>26-08-20 19:02:49:951</date><id>0</id><type>bounding_box</type><polygon><username>anonymous</username><pt><x>1852</x><y>1546</y><time>26-08-20 19:02:44:573</time></pt><pt><x>3017</x><y>1546</y><time>26-08-20 19:02:46:765</time></pt><pt><x>3017</x><y>2856</y><time>undefined</time></pt><pt><x>1852</x><y>2856</y><time>undefined</time></pt><closed_date>26-08-20 19:02:46:766</closed_date></polygon></object></annotation>