<annotation><filename>m2_s01_016_x.jpg</filename><folder>users/joselusava//santiago</folder><source><submittedBy>Jose Saca</submittedBy></source><imagesize><nrows>2850</nrows><ncols>4271</ncols></imagesize><object><name>m2_s01_016_x</name><deleted>0</deleted><verified>0</verified><occluded>no</occluded><attributes></attributes><parts><hasparts></hasparts><ispartof></ispartof></parts><date>21-09-20 13:38:50:647</date><id>0</id><type>bounding_box</type><polygon><username>anonymous</username><pt><x>1199</x><y>394</y><time>21-09-20 13:38:41:353</time></pt><pt><x>3055</x><y>394</y><time>21-09-20 13:38:44:165</time></pt><pt><x>3055</x><y>2574</y><time>undefined</time></pt><pt><x>1199</x><y>2574</y><time>undefined</time></pt><closed_date>21-09-20 13:38:44:166</closed_date></polygon></object></annotation>