<annotation><filename>m2_s07_282_x.jpg</filename><folder>users/joselusava//museos2020</folder><source><submittedBy>Jose Saca</submittedBy></source><imagesize><nrows>2910</nrows><ncols>4361</ncols></imagesize><object><name>m2_s07_282_x</name><deleted>0</deleted><verified>0</verified><occluded>no</occluded><attributes></attributes><parts><hasparts></hasparts><ispartof></ispartof></parts><date>27-09-20 22:22:51:495</date><id>0</id><type>bounding_box</type><polygon><username>anonymous</username><pt><x>618</x><y>470</y><time>27-09-20 22:22:45:248</time></pt><pt><x>3435</x><y>470</y><time>27-09-20 22:22:46:317</time></pt><pt><x>3435</x><y>2287</y><time>undefined</time></pt><pt><x>618</x><y>2287</y><time>undefined</time></pt><closed_date>27-09-20 22:22:46:318</closed_date></polygon></object></annotation>