<annotation><filename>m4_s03_025_p_nic082.jpg</filename><folder>users/joselusava//santiago_3</folder><source><submittedBy>Jose Saca</submittedBy></source><imagesize><nrows>2910</nrows><ncols>4361</ncols></imagesize><object><name>m4_s03_025_p_nic082</name><deleted>0</deleted><verified>0</verified><occluded>no</occluded><attributes></attributes><parts><hasparts></hasparts><ispartof></ispartof></parts><date>08-11-20 14:22:20:264</date><id>0</id><type>bounding_box</type><polygon><username>anonymous</username><pt><x>234</x><y>658</y><time>08-11-20 14:22:16:088</time></pt><pt><x>2851</x><y>658</y><time>08-11-20 14:22:18:068</time></pt><pt><x>2851</x><y>2078</y><time>undefined</time></pt><pt><x>234</x><y>2078</y><time>undefined</time></pt><closed_date>08-11-20 14:22:18:069</closed_date></polygon></object></annotation>