<annotation><filename>m2_s02_190_p_nic021.jpg</filename><folder>users/joselusava//m2_jsv/190/nic</folder><source><submittedBy>Jose Saca</submittedBy></source><imagesize><nrows>2910</nrows><ncols>4361</ncols></imagesize><object><name>m2_s02_190_p_nic021</name><deleted>0</deleted><verified>0</verified><occluded>no</occluded><attributes></attributes><parts><hasparts></hasparts><ispartof></ispartof></parts><date>21-09-20 14:57:43:775</date><id>0</id><type>bounding_box</type><polygon><username>anonymous</username><pt><x>1784</x><y>2881</y><time>21-09-20 14:57:41:803</time></pt><pt><x>714</x><y>2881</y><time>21-09-20 14:57:43:227</time></pt><pt><x>714</x><y>1488</y><time>undefined</time></pt><pt><x>1784</x><y>1488</y><time>undefined</time></pt><closed_date>21-09-20 14:57:43:227</closed_date></polygon></object></annotation>