<annotation><filename>m2_s01_024_p_nic019.jpg</filename><folder>users/joselusava//santiago</folder><source><submittedBy>Jose Saca</submittedBy></source><imagesize><nrows>2850</nrows><ncols>4271</ncols></imagesize><object><name>m2_s01_024_p_nic019</name><deleted>0</deleted><verified>0</verified><occluded>no</occluded><attributes></attributes><parts><hasparts></hasparts><ispartof></ispartof></parts><date>25-09-20 13:46:27:983</date><id>0</id><type>bounding_box</type><polygon><username>anonymous</username><pt><x>2158</x><y>997</y><time>25-09-20 13:46:19:271</time></pt><pt><x>3155</x><y>997</y><time>25-09-20 13:46:21:357</time></pt><pt><x>3155</x><y>2638</y><time>undefined</time></pt><pt><x>2158</x><y>2638</y><time>undefined</time></pt><closed_date>25-09-20 13:46:21:357</closed_date></polygon></object></annotation>