<annotation><filename>m2_s01_010_p_ic045.jpg</filename><folder>users/joselusava//santiago</folder><source><submittedBy>Jose Saca</submittedBy></source><imagesize><nrows>2850</nrows><ncols>4271</ncols></imagesize><object><name>m2_s01_010_p_ic045</name><deleted>0</deleted><verified>0</verified><occluded>no</occluded><attributes></attributes><parts><hasparts></hasparts><ispartof></ispartof></parts><date>21-09-20 15:50:51:882</date><id>0</id><type>bounding_box</type><polygon><username>anonymous</username><pt><x>1071</x><y>516</y><time>21-09-20 15:50:41:953</time></pt><pt><x>2876</x><y>516</y><time>21-09-20 15:50:46:088</time></pt><pt><x>2876</x><y>2433</y><time>undefined</time></pt><pt><x>1071</x><y>2433</y><time>undefined</time></pt><closed_date>21-09-20 15:50:46:090</closed_date></polygon></object></annotation>