<annotation><filename>m1_s06_141_p_ic039.jpg</filename><folder>users/joselusava//jacob_2/141ic</folder><source><submittedBy>Jose Saca</submittedBy></source><imagesize><nrows>2736</nrows><ncols>4100</ncols></imagesize><object><name>m1_s06_141_p_ic039</name><deleted>0</deleted><verified>0</verified><occluded>no</occluded><attributes></attributes><parts><hasparts></hasparts><ispartof></ispartof></parts><date>04-09-20 22:37:10:420</date><id>0</id><type>bounding_box</type><polygon><username>anonymous</username><pt><x>1457</x><y>2431</y><time>04-09-20 22:37:08:088</time></pt><pt><x>2643</x><y>2431</y><time>04-09-20 22:37:09:660</time></pt><pt><x>2643</x><y>327</y><time>undefined</time></pt><pt><x>1457</x><y>327</y><time>undefined</time></pt><closed_date>04-09-20 22:37:09:660</closed_date></polygon></object></annotation>