<annotation><filename>m1_s01_017_p_ic057.jpg</filename><folder>users/joselusava//santiago</folder><source><submittedBy>Jose Saca</submittedBy></source><imagesize><nrows>3200</nrows><ncols>4800</ncols></imagesize><object><name>m1_s01_017_p_ic057</name><deleted>0</deleted><verified>0</verified><occluded>no</occluded><attributes></attributes><parts><hasparts></hasparts><ispartof></ispartof></parts><date>10-09-20 22:33:15:816</date><id>0</id><type>bounding_box</type><polygon><username>anonymous</username><pt><x>1695</x><y>1170</y><time>10-09-20 22:33:06:644</time></pt><pt><x>2815</x><y>1170</y><time>10-09-20 22:33:09:117</time></pt><pt><x>2815</x><y>2016</y><time>undefined</time></pt><pt><x>1695</x><y>2016</y><time>undefined</time></pt><closed_date>10-09-20 22:33:09:118</closed_date></polygon></object></annotation>