<annotation><filename>m2_s01_032_p_nic003.jpg</filename><folder>users/joselusava//santiago_2</folder><source><submittedBy>Jose Saca</submittedBy></source><imagesize><nrows>2850</nrows><ncols>4271</ncols></imagesize><object><name>m2_s01_032_p_nic003</name><deleted>0</deleted><verified>0</verified><occluded>no</occluded><attributes></attributes><parts><hasparts></hasparts><ispartof></ispartof></parts><date>30-09-20 17:40:17:454</date><id>0</id><type>bounding_box</type><polygon><username>anonymous</username><pt><x>2643</x><y>539</y><time>30-09-20 17:40:14:063</time></pt><pt><x>3654</x><y>539</y><time>30-09-20 17:40:15:675</time></pt><pt><x>3654</x><y>1808</y><time>undefined</time></pt><pt><x>2643</x><y>1808</y><time>undefined</time></pt><closed_date>30-09-20 17:40:15:677</closed_date></polygon></object></annotation>