<annotation><filename>m4_s12_185_p_nic023.jpg</filename><folder>users/joselusava//valeria/m04_s12_185_nic</folder><source><submittedBy>Jose Saca</submittedBy></source><imagesize><nrows>2910</nrows><ncols>4361</ncols></imagesize><object><name>m4_s12_185_p_nic023</name><deleted>0</deleted><verified>0</verified><occluded>no</occluded><attributes></attributes><parts><hasparts></hasparts><ispartof></ispartof></parts><date>17-10-20 19:46:22:388</date><id>0</id><type>bounding_box</type><polygon><username>anonymous</username><pt><x>28</x><y>2569</y><time>17-10-20 19:46:13:579</time></pt><pt><x>3022</x><y>2569</y><time>17-10-20 19:46:16:707</time></pt><pt><x>3022</x><y>218</y><time>undefined</time></pt><pt><x>28</x><y>218</y><time>undefined</time></pt><closed_date>17-10-20 19:46:16:708</closed_date></polygon></object></annotation>