<annotation><filename>m4_s04_037_p_nic042.jpg</filename><folder>users/joselusava//santiago_2</folder><source><submittedBy>Jose Saca</submittedBy></source><imagesize><nrows>2970</nrows><ncols>4451</ncols></imagesize><object><name>m4_s04_037_p_nic042</name><deleted>0</deleted><verified>0</verified><occluded>no</occluded><attributes></attributes><parts><hasparts></hasparts><ispartof></ispartof></parts><date>19-10-20 22:21:33:673</date><id>0</id><type>bounding_box</type><polygon><username>anonymous</username><pt><x>3099</x><y>960</y><time>19-10-20 22:21:31:284</time></pt><pt><x>3873</x><y>960</y><time>19-10-20 22:21:32:062</time></pt><pt><x>3873</x><y>2299</y><time>undefined</time></pt><pt><x>3099</x><y>2299</y><time>undefined</time></pt><closed_date>19-10-20 22:21:32:063</closed_date></polygon></object></annotation>