<annotation><filename>m2_s01_024_p_ic031.jpg</filename><folder>users/joselusava//santiago</folder><source><submittedBy>Jose Saca</submittedBy></source><imagesize><nrows>2850</nrows><ncols>4271</ncols></imagesize><object><name>m2_s01_024_p_ic031</name><deleted>0</deleted><verified>0</verified><occluded>no</occluded><attributes></attributes><parts><hasparts></hasparts><ispartof></ispartof></parts><date>24-09-20 12:23:23:289</date><id>0</id><type>bounding_box</type><polygon><username>anonymous</username><pt><x>1279</x><y>277</y><time>24-09-20 12:23:12:089</time></pt><pt><x>2830</x><y>277</y><time>24-09-20 12:23:13:804</time></pt><pt><x>2830</x><y>2697</y><time>undefined</time></pt><pt><x>1279</x><y>2697</y><time>undefined</time></pt><closed_date>24-09-20 12:23:13:806</closed_date></polygon></object></annotation>