<annotation><filename>m2_s01_010_p_nic084.jpg</filename><folder>users/joselusava//santiago</folder><source><submittedBy>Jose Saca</submittedBy></source><imagesize><nrows>2850</nrows><ncols>4271</ncols></imagesize><object><name>m2_s01_010_p_nic084</name><deleted>0</deleted><verified>0</verified><occluded>no</occluded><attributes></attributes><parts><hasparts></hasparts><ispartof></ispartof></parts><date>22-09-20 21:39:26:975</date><id>0</id><type>bounding_box</type><polygon><username>anonymous</username><pt><x>372</x><y>1362</y><time>22-09-20 21:39:23:139</time></pt><pt><x>1234</x><y>1362</y><time>22-09-20 21:39:23:876</time></pt><pt><x>1234</x><y>2119</y><time>undefined</time></pt><pt><x>372</x><y>2119</y><time>undefined</time></pt><closed_date>22-09-20 21:39:23:876</closed_date></polygon></object></annotation>