<annotation><filename>m3_s01_018_p_nic057.jpg</filename><folder>users/joselusava//m4_js/18/nic</folder><source><submittedBy>Jose Saca</submittedBy></source><imagesize><nrows>2970</nrows><ncols>4451</ncols></imagesize><object><name>m3_s01_018_p_nic057</name><deleted>0</deleted><verified>0</verified><occluded>no</occluded><attributes></attributes><parts><hasparts></hasparts><ispartof></ispartof></parts><date>05-11-20 18:09:11:419</date><id>0</id><type>bounding_box</type><polygon><username>anonymous</username><pt><x>2220</x><y>2272</y><time>05-11-20 18:09:09:115</time></pt><pt><x>228</x><y>2272</y><time>05-11-20 18:09:10:826</time></pt><pt><x>228</x><y>83</y><time>undefined</time></pt><pt><x>2220</x><y>83</y><time>undefined</time></pt><closed_date>05-11-20 18:09:10:826</closed_date></polygon></object></annotation>