<annotation><filename>m2_s01_032_p_nic046.jpg</filename><folder>users/joselusava//santiago_2</folder><source><submittedBy>Jose Saca</submittedBy></source><imagesize><nrows>2850</nrows><ncols>4271</ncols></imagesize><object><name>m2_s01_032_p_nic046</name><deleted>0</deleted><verified>0</verified><occluded>no</occluded><attributes></attributes><parts><hasparts></hasparts><ispartof></ispartof></parts><date>30-09-20 20:45:55:334</date><id>0</id><type>bounding_box</type><polygon><username>anonymous</username><pt><x>3088</x><y>1228</y><time>30-09-20 20:45:53:116</time></pt><pt><x>3766</x><y>1228</y><time>30-09-20 20:45:53:852</time></pt><pt><x>3766</x><y>2100</y><time>undefined</time></pt><pt><x>3088</x><y>2100</y><time>undefined</time></pt><closed_date>30-09-20 20:45:53:852</closed_date></polygon></object></annotation>