<annotation><filename>m4_s07_105_p_nic047.jpg</filename><folder>users/joselusava//kath/m4_105/nic</folder><source><submittedBy>Jose Saca</submittedBy></source><imagesize><nrows>2970</nrows><ncols>4451</ncols></imagesize><object><name>m4_s07_105_p_nic047</name><deleted>0</deleted><verified>0</verified><occluded>no</occluded><attributes></attributes><parts><hasparts></hasparts><ispartof></ispartof></parts><date>03-11-20 08:49:48:123</date><id>0</id><type>bounding_box</type><polygon><username>anonymous</username><pt><x>3311</x><y>2422</y><time>03-11-20 08:49:43:008</time></pt><pt><x>4181</x><y>2422</y><time>03-11-20 08:49:45:674</time></pt><pt><x>4181</x><y>889</y><time>undefined</time></pt><pt><x>3311</x><y>889</y><time>undefined</time></pt><closed_date>03-11-20 08:49:45:676</closed_date></polygon></object></annotation>