<annotation><filename>m1_s02_052_p_nic086.jpg</filename><folder>users/joselusava//valeria/sala2_052_nic</folder><source><submittedBy>Jose Saca</submittedBy></source><imagesize><nrows>3200</nrows><ncols>4800</ncols></imagesize><object><name>m1_s02_052_p_nic086</name><deleted>0</deleted><verified>0</verified><occluded>no</occluded><attributes></attributes><parts><hasparts></hasparts><ispartof></ispartof></parts><date>27-08-20 17:46:46:686</date><id>0</id><type>bounding_box</type><polygon><username>anonymous</username><pt><x>1434</x><y>596</y><time>27-08-20 17:46:40:552</time></pt><pt><x>16</x><y>596</y><time>27-08-20 17:46:43:589</time></pt><pt><x>16</x><y>1981</y><time>undefined</time></pt><pt><x>1434</x><y>1981</y><time>undefined</time></pt><closed_date>27-08-20 17:46:43:590</closed_date></polygon></object></annotation>