<annotation><filename>m2_s02_190_p_ic026.jpg</filename><folder>users/joselusava//m2_jsv/190/ic</folder><source><submittedBy>Jose Saca</submittedBy></source><imagesize><nrows>2910</nrows><ncols>4361</ncols></imagesize><object><name>m2_s02_190_p_ic026</name><deleted>0</deleted><verified>0</verified><occluded>no</occluded><attributes></attributes><parts><hasparts></hasparts><ispartof></ispartof></parts><date>21-09-20 14:16:20:599</date><id>0</id><type>bounding_box</type><polygon><username>anonymous</username><pt><x>1552</x><y>616</y><time>21-09-20 14:16:17:411</time></pt><pt><x>2774</x><y>616</y><time>21-09-20 14:16:19:576</time></pt><pt><x>2774</x><y>2410</y><time>undefined</time></pt><pt><x>1552</x><y>2410</y><time>undefined</time></pt><closed_date>21-09-20 14:16:19:576</closed_date></polygon></object></annotation>