<annotation><filename>m4_s10_157_p_ic095.jpg</filename><folder>users/joselusava//valeria/m04_s10_157_nic</folder><source><submittedBy>Jose Saca</submittedBy></source><imagesize><nrows>2970</nrows><ncols>4451</ncols></imagesize><object><name>m4_s10_157_p_nic095</name><deleted>0</deleted><verified>0</verified><occluded>no</occluded><attributes></attributes><parts><hasparts></hasparts><ispartof></ispartof></parts><date>12-10-20 22:13:50:750</date><id>0</id><type>bounding_box</type><polygon><username>anonymous</username><pt><x>4196</x><y>2610</y><time>12-10-20 22:13:44:831</time></pt><pt><x>2278</x><y>2610</y><time>12-10-20 22:13:47:702</time></pt><pt><x>2278</x><y>394</y><time>undefined</time></pt><pt><x>4196</x><y>394</y><time>undefined</time></pt><closed_date>12-10-20 22:13:47:703</closed_date></polygon></object></annotation>