<annotation><filename>m4_s11_176_p_nic079.jpg</filename><folder>users/joselusava//m4_js/176/nic</folder><source><submittedBy>Jose Saca</submittedBy></source><imagesize><nrows>2970</nrows><ncols>4451</ncols></imagesize><object><name>m4_s11_176_p_nic079</name><deleted>0</deleted><verified>0</verified><occluded>no</occluded><attributes></attributes><parts><hasparts></hasparts><ispartof></ispartof></parts><date>15-10-20 14:51:13:587</date><id>0</id><type>bounding_box</type><polygon><username>anonymous</username><pt><x>418</x><y>1732</y><time>15-10-20 14:51:11:122</time></pt><pt><x>2834</x><y>1732</y><time>15-10-20 14:51:12:142</time></pt><pt><x>2834</x><y>0</y><time>undefined</time></pt><pt><x>418</x><y>0</y><time>undefined</time></pt><closed_date>15-10-20 14:51:12:142</closed_date></polygon></object></annotation>