<annotation><filename>m2_s01_034_p_nic100.jpg</filename><folder>users/joselusava//kath</folder><source><submittedBy>Jose Saca</submittedBy></source><imagesize><nrows>2850</nrows><ncols>4271</ncols></imagesize><object><name>m2_s01_034_p_nic100</name><deleted>0</deleted><verified>0</verified><occluded>no</occluded><attributes></attributes><parts><hasparts></hasparts><ispartof></ispartof></parts><date>25-09-20 21:33:39:546</date><id>0</id><polygon><username>anonymous</username><pt><x>79</x><y>451</y><time>25-09-20 21:33:18:153</time></pt><pt><x>236</x><y>2055</y><time>25-09-20 21:33:23:439</time></pt><pt><x>1475</x><y>1618</y><time>25-09-20 21:33:26:005</time></pt><pt><x>917</x><y>186</y><time>25-09-20 21:33:28:393</time></pt><closed_date>25-09-20 21:33:29:538</closed_date></polygon></object></annotation>