<annotation><filename>m2_s02_085_p_ic077.jpg</filename><folder>users/joselusava//m2_jsv/85/ic</folder><source><submittedBy>Jose Saca</submittedBy></source><imagesize><nrows>2910</nrows><ncols>4361</ncols></imagesize><object><name>m2_s02_085_p_ic077</name><deleted>0</deleted><verified>0</verified><occluded>no</occluded><attributes></attributes><parts><hasparts></hasparts><ispartof></ispartof></parts><date>17-09-20 20:05:19:761</date><id>0</id><type>bounding_box</type><polygon><username>anonymous</username><pt><x>1227</x><y>566</y><time>17-09-20 20:05:18:072</time></pt><pt><x>3081</x><y>566</y><time>17-09-20 20:05:19:116</time></pt><pt><x>3081</x><y>2481</y><time>undefined</time></pt><pt><x>1227</x><y>2481</y><time>undefined</time></pt><closed_date>17-09-20 20:05:19:117</closed_date></polygon></object></annotation>