<annotation><filename>m1_s02_029_p_ic095.jpg</filename><folder>users/joselusava//valeria/sala2_029_ic</folder><source><submittedBy>Jose Saca</submittedBy></source><imagesize><nrows>3200</nrows><ncols>4800</ncols></imagesize><object><name>m1_s02_029_p_ic095</name><deleted>0</deleted><verified>0</verified><occluded>no</occluded><attributes></attributes><parts><hasparts></hasparts><ispartof></ispartof></parts><date>22-08-20 21:29:43:043</date><id>0</id><type>bounding_box</type><polygon><username>anonymous</username><pt><x>1466</x><y>118</y><time>22-08-20 21:29:34:960</time></pt><pt><x>3393</x><y>118</y><time>22-08-20 21:29:39:099</time></pt><pt><x>3393</x><y>2776</y><time>undefined</time></pt><pt><x>1466</x><y>2776</y><time>undefined</time></pt><closed_date>22-08-20 21:29:39:101</closed_date></polygon></object></annotation>