<annotation><filename>m2_s01_034_p_nic015.jpg</filename><folder>users/joselusava//kath</folder><source><submittedBy>Jose Saca</submittedBy></source><imagesize><nrows>2850</nrows><ncols>4271</ncols></imagesize><object><name>m2_s01_034_p_nic015</name><deleted>0</deleted><verified>0</verified><occluded>no</occluded><attributes></attributes><parts><hasparts></hasparts><ispartof></ispartof></parts><date>25-09-20 17:33:40:765</date><id>0</id><type>bounding_box</type><polygon><username>anonymous</username><pt><x>1060</x><y>1067</y><time>25-09-20 17:33:32:876</time></pt><pt><x>2163</x><y>1067</y><time>25-09-20 17:33:35:935</time></pt><pt><x>2163</x><y>2556</y><time>undefined</time></pt><pt><x>1060</x><y>2556</y><time>undefined</time></pt><closed_date>25-09-20 17:33:35:936</closed_date></polygon></object></annotation>