<annotation><filename>m2_s01_032_p_ic006.jpg</filename><folder>users/joselusava//santiago_2</folder><source><submittedBy>Jose Saca</submittedBy></source><imagesize><nrows>2850</nrows><ncols>4271</ncols></imagesize><object><name>m2_s01_032_p_ic006</name><deleted>0</deleted><verified>0</verified><occluded>no</occluded><attributes></attributes><parts><hasparts></hasparts><ispartof></ispartof></parts><date>29-09-20 22:06:48:381</date><id>0</id><type>bounding_box</type><polygon><username>anonymous</username><pt><x>975</x><y>311</y><time>29-09-20 22:06:44:343</time></pt><pt><x>2821</x><y>311</y><time>29-09-20 22:06:46:188</time></pt><pt><x>2821</x><y>2751</y><time>undefined</time></pt><pt><x>975</x><y>2751</y><time>undefined</time></pt><closed_date>29-09-20 22:06:46:188</closed_date></polygon></object></annotation>