<annotation><filename>m2_s06_254_x.jpg</filename><folder>users/joselusava//museos2020</folder><source><submittedBy>Jose Saca</submittedBy></source><imagesize><nrows>2910</nrows><ncols>4361</ncols></imagesize><object><name>m2_s06_254_x</name><deleted>0</deleted><verified>0</verified><occluded>no</occluded><attributes></attributes><parts><hasparts></hasparts><ispartof></ispartof></parts><date>27-09-20 21:58:57:689</date><id>0</id><polygon><username>anonymous</username><pt><x>1371</x><y>883</y><time>27-09-20 21:58:45:724</time></pt><pt><x>837</x><y>2143</y><time>27-09-20 21:58:46:967</time></pt><pt><x>3556</x><y>2371</y><time>27-09-20 21:58:48:382</time></pt><pt><x>3393</x><y>999</y><time>27-09-20 21:58:49:525</time></pt><closed_date>27-09-20 21:58:50:724</closed_date></polygon></object></annotation>