<annotation><filename>m3_s01_002_p_ic063.jpg</filename><folder>users/joselusava//santiago_3</folder><source><submittedBy>Jose Saca</submittedBy></source><imagesize><nrows>2970</nrows><ncols>4451</ncols></imagesize><object><name>m3_s01_002_p_ic063</name><deleted>0</deleted><verified>0</verified><occluded>no</occluded><attributes></attributes><parts><hasparts></hasparts><ispartof></ispartof></parts><date>28-10-20 21:43:38:732</date><id>0</id><type>bounding_box</type><polygon><username>anonymous</username><pt><x>296</x><y>250</y><time>28-10-20 21:43:35:216</time></pt><pt><x>3516</x><y>250</y><time>28-10-20 21:43:36:717</time></pt><pt><x>3516</x><y>2574</y><time>undefined</time></pt><pt><x>296</x><y>2574</y><time>undefined</time></pt><closed_date>28-10-20 21:43:36:718</closed_date></polygon></object></annotation>