<annotation><filename>m2_s01_018_p_ic088.jpg</filename><folder>users/joselusava//santiago_2</folder><source><submittedBy>Jose Saca</submittedBy></source><imagesize><nrows>2850</nrows><ncols>4271</ncols></imagesize><object><name>m2_s01_018_p_ic088</name><deleted>0</deleted><verified>0</verified><occluded>no</occluded><attributes></attributes><parts><hasparts></hasparts><ispartof></ispartof></parts><date>28-09-20 18:20:43:924</date><id>0</id><type>bounding_box</type><polygon><username>anonymous</username><pt><x>1606</x><y>853</y><time>28-09-20 18:20:37:680</time></pt><pt><x>2581</x><y>853</y><time>28-09-20 18:20:38:649</time></pt><pt><x>2581</x><y>1959</y><time>undefined</time></pt><pt><x>1606</x><y>1959</y><time>undefined</time></pt><closed_date>28-09-20 18:20:38:650</closed_date></polygon></object></annotation>