<annotation><filename>m2_s01_018_p_ic072.jpg</filename><folder>users/joselusava//santiago_2</folder><source><submittedBy>Jose Saca</submittedBy></source><imagesize><nrows>2850</nrows><ncols>4271</ncols></imagesize><object><name>m2_s01_018_p_ic072</name><deleted>0</deleted><verified>0</verified><occluded>no</occluded><attributes></attributes><parts><hasparts></hasparts><ispartof></ispartof></parts><date>28-09-20 18:02:08:775</date><id>0</id><type>bounding_box</type><polygon><username>anonymous</username><pt><x>1763</x><y>843</y><time>28-09-20 18:02:01:477</time></pt><pt><x>2850</x><y>843</y><time>28-09-20 18:02:03:086</time></pt><pt><x>2850</x><y>2164</y><time>undefined</time></pt><pt><x>1763</x><y>2164</y><time>undefined</time></pt><closed_date>28-09-20 18:02:03:087</closed_date></polygon></object></annotation>