<annotation><filename>m2_s03_252_p_nic019.jpg</filename><folder>users/joselusava//valeria/m2_sala03_252_nic</folder><source><submittedBy>Jose Saca</submittedBy></source><imagesize><nrows>2910</nrows><ncols>4361</ncols></imagesize><object><name>m2_s06_252_p_nic019</name><deleted>0</deleted><verified>0</verified><occluded>no</occluded><attributes></attributes><parts><hasparts></hasparts><ispartof></ispartof></parts><date>26-09-20 18:54:37:389</date><id>0</id><type>bounding_box</type><polygon><username>anonymous</username><pt><x>3516</x><y>1631</y><time>26-09-20 18:54:31:220</time></pt><pt><x>2061</x><y>1631</y><time>26-09-20 18:54:33:573</time></pt><pt><x>2061</x><y>2508</y><time>undefined</time></pt><pt><x>3516</x><y>2508</y><time>undefined</time></pt><closed_date>26-09-20 18:54:33:574</closed_date></polygon></object></annotation>