<annotation><filename>m2_s01_046_x.jpg</filename><folder>users/joselusava//juancarlos</folder><source><submittedBy>Jose Saca</submittedBy></source><imagesize><nrows>2850</nrows><ncols>4271</ncols></imagesize><object><name>m2_s01_046_x</name><deleted>0</deleted><verified>0</verified><occluded>no</occluded><attributes></attributes><parts><hasparts></hasparts><ispartof></ispartof></parts><date>28-09-20 11:06:43:143</date><id>0</id><type>bounding_box</type><polygon><username>anonymous</username><pt><x>1070</x><y>364</y><time>28-09-20 11:06:31:444</time></pt><pt><x>3046</x><y>364</y><time>28-09-20 11:06:36:733</time></pt><pt><x>3046</x><y>2458</y><time>undefined</time></pt><pt><x>1070</x><y>2458</y><time>undefined</time></pt><closed_date>28-09-20 11:06:36:734</closed_date></polygon></object></annotation>