<annotation><filename>m2_s05_236_p_ic094.jpg</filename><folder>users/joselusava//museos2020</folder><source><submittedBy>Jose Saca</submittedBy></source><imagesize><nrows>2910</nrows><ncols>4361</ncols></imagesize><object><name>m2_s05_236_p_ic094</name><deleted>0</deleted><verified>0</verified><occluded>no</occluded><attributes></attributes><parts><hasparts></hasparts><ispartof></ispartof></parts><date>16-09-20 19:33:03:905</date><id>0</id><type>bounding_box</type><polygon><username>anonymous</username><pt><x>897</x><y>474</y><time>16-09-20 19:32:56:366</time></pt><pt><x>3486</x><y>474</y><time>16-09-20 19:32:57:232</time></pt><pt><x>3486</x><y>2561</y><time>undefined</time></pt><pt><x>897</x><y>2561</y><time>undefined</time></pt><closed_date>16-09-20 19:32:57:233</closed_date></polygon></object></annotation>