<annotation><filename>m2_s06_244_p_nic085.jpg</filename><folder>users/joselusava//museos2020</folder><source><submittedBy>Jose Saca</submittedBy></source><imagesize><nrows>2910</nrows><ncols>4361</ncols></imagesize><object><name>m2_s06_244_p_ic085</name><deleted>0</deleted><verified>0</verified><occluded>no</occluded><attributes></attributes><parts><hasparts></hasparts><ispartof></ispartof></parts><date>26-09-20 21:59:04:416</date><id>0</id><type>bounding_box</type><polygon><username>anonymous</username><pt><x>2073</x><y>1539</y><time>26-09-20 21:58:56:073</time></pt><pt><x>3886</x><y>1539</y><time>26-09-20 21:58:57:599</time></pt><pt><x>3886</x><y>2259</y><time>undefined</time></pt><pt><x>2073</x><y>2259</y><time>undefined</time></pt><closed_date>26-09-20 21:58:57:600</closed_date></polygon></object></annotation>