<annotation><filename>m4_s10_164_p_nic084.jpg</filename><folder>users/joselusava//santiago_2</folder><source><submittedBy>Jose Saca</submittedBy></source><imagesize><nrows>2970</nrows><ncols>4451</ncols></imagesize><object><name>m4_s10_164_p_nic084</name><deleted>0</deleted><verified>0</verified><occluded>no</occluded><attributes></attributes><parts><hasparts></hasparts><ispartof></ispartof></parts><date>14-10-20 16:18:46:134</date><id>0</id><type>bounding_box</type><polygon><username>anonymous</username><pt><x>668</x><y>1496</y><time>14-10-20 16:18:43:371</time></pt><pt><x>1153</x><y>1496</y><time>14-10-20 16:18:44:106</time></pt><pt><x>1153</x><y>2178</y><time>undefined</time></pt><pt><x>668</x><y>2178</y><time>undefined</time></pt><closed_date>14-10-20 16:18:44:107</closed_date></polygon></object></annotation>