<annotation><filename>m4_s11_178_p_ic035.jpg</filename><folder>users/joselusava//santiago_2</folder><source><submittedBy>Jose Saca</submittedBy></source><imagesize><nrows>2970</nrows><ncols>4451</ncols></imagesize><object><name>m4_s11_178_p_ic035</name><deleted>0</deleted><verified>0</verified><occluded>no</occluded><attributes></attributes><parts><hasparts></hasparts><ispartof></ispartof></parts><date>15-10-20 21:35:23:079</date><id>0</id><type>bounding_box</type><polygon><username>anonymous</username><pt><x>1528</x><y>578</y><time>15-10-20 21:35:19:382</time></pt><pt><x>2749</x><y>578</y><time>15-10-20 21:35:21:252</time></pt><pt><x>2749</x><y>2192</y><time>undefined</time></pt><pt><x>1528</x><y>2192</y><time>undefined</time></pt><closed_date>15-10-20 21:35:21:253</closed_date></polygon></object></annotation>