<annotation><filename>m4_s04_039_p_ic057.jpg</filename><folder>users/joselusava//santiago_2</folder><source><submittedBy>Jose Saca</submittedBy></source><imagesize><nrows>2970</nrows><ncols>4451</ncols></imagesize><object><name>m4_s04_039_p_ic057</name><deleted>0</deleted><verified>0</verified><occluded>no</occluded><attributes></attributes><parts><hasparts></hasparts><ispartof></ispartof></parts><date>20-10-20 22:03:26:998</date><id>0</id><type>bounding_box</type><polygon><username>anonymous</username><pt><x>1738</x><y>228</y><time>20-10-20 22:03:22:761</time></pt><pt><x>2474</x><y>228</y><time>20-10-20 22:03:25:057</time></pt><pt><x>2474</x><y>2720</y><time>undefined</time></pt><pt><x>1738</x><y>2720</y><time>undefined</time></pt><closed_date>20-10-20 22:03:25:057</closed_date></polygon></object></annotation>