<annotation><filename>m2_s03_248_p_nic005.jpg</filename><folder>users/joselusava//museos2020</folder><source><submittedBy>Jose Saca</submittedBy></source><imagesize><nrows>2910</nrows><ncols>4361</ncols></imagesize><object><name>m2_s03_248_p_nic005</name><deleted>0</deleted><verified>0</verified><occluded>no</occluded><attributes></attributes><parts><hasparts></hasparts><ispartof></ispartof></parts><date>27-09-20 09:54:28:429</date><id>0</id><polygon><username>anonymous</username><pt><x>2055</x><y>1083</y><time>27-09-20 09:54:14:684</time></pt><pt><x>3770</x><y>1083</y><time>27-09-20 09:54:16:024</time></pt><pt><x>3998</x><y>1320</y><time>27-09-20 09:54:16:768</time></pt><pt><x>2622</x><y>1934</y><time>27-09-20 09:54:17:641</time></pt><closed_date>27-09-20 09:54:22:459</closed_date></polygon></object></annotation>