<annotation><filename>m4_s04_047_p_nic038.jpg</filename><folder>users/joselusava//kath/kath_m4_047/nic</folder><source><submittedBy>Jose Saca</submittedBy></source><imagesize><nrows>2970</nrows><ncols>4451</ncols></imagesize><object><name>m4_s04_047_p_nic038</name><deleted>0</deleted><verified>0</verified><occluded>no</occluded><attributes></attributes><parts><hasparts></hasparts><ispartof></ispartof></parts><date>24-10-20 18:54:50:815</date><id>0</id><type>bounding_box</type><polygon><username>anonymous</username><pt><x>460</x><y>200</y><time>24-10-20 18:54:42:533</time></pt><pt><x>1760</x><y>200</y><time>24-10-20 18:54:44:601</time></pt><pt><x>1760</x><y>2666</y><time>undefined</time></pt><pt><x>460</x><y>2666</y><time>undefined</time></pt><closed_date>24-10-20 18:54:44:603</closed_date></polygon></object></annotation>