<annotation><filename>m4_s11_178_p_ic001.jpg</filename><folder>users/joselusava//santiago_2</folder><source><submittedBy>Jose Saca</submittedBy></source><imagesize><nrows>2970</nrows><ncols>4451</ncols></imagesize><object><name>m4_s11_178_p_ic001</name><deleted>0</deleted><verified>0</verified><occluded>no</occluded><attributes></attributes><parts><hasparts></hasparts><ispartof></ispartof></parts><date>15-10-20 20:36:11:503</date><id>0</id><type>bounding_box</type><polygon><username>anonymous</username><pt><x>1656</x><y>771</y><time>15-10-20 20:36:07:030</time></pt><pt><x>2670</x><y>771</y><time>15-10-20 20:36:09:036</time></pt><pt><x>2670</x><y>2020</y><time>undefined</time></pt><pt><x>1656</x><y>2020</y><time>undefined</time></pt><closed_date>15-10-20 20:36:09:038</closed_date></polygon></object></annotation>