<annotation><filename>m3_s01_013_p_nic007.jpg</filename><folder>users/joselusava//valeria/m03_s01_13_nic</folder><source><submittedBy>Jose Saca</submittedBy></source><imagesize><nrows>2970</nrows><ncols>4451</ncols></imagesize><object><name>m3_s01_013_p_nic007</name><deleted>0</deleted><verified>0</verified><occluded>no</occluded><attributes></attributes><parts><hasparts></hasparts><ispartof></ispartof></parts><date>01-11-20 17:25:54:011</date><id>0</id><type>bounding_box</type><polygon><username>anonymous</username><pt><x>1171</x><y>2233</y><time>01-11-20 17:24:11:720</time></pt><pt><x>3861</x><y>2233</y><time>01-11-20 17:24:14:873</time></pt><pt><x>3861</x><y>149</y><time>undefined</time></pt><pt><x>1171</x><y>149</y><time>undefined</time></pt><closed_date>01-11-20 17:24:14:874</closed_date></polygon></object></annotation>