<annotation><filename>img_m1_s10_303_p_nic080.jpg</filename><folder>users/joselusava//santiago</folder><source><submittedBy>Jose Saca</submittedBy></source><imagesize><nrows>3200</nrows><ncols>4800</ncols></imagesize><object><name>m1_s10_303_p_nic080</name><deleted>0</deleted><verified>0</verified><occluded>no</occluded><attributes></attributes><parts><hasparts></hasparts><ispartof></ispartof></parts><date>01-09-20 22:40:07:936</date><id>0</id><type>bounding_box</type><polygon><username>anonymous</username><pt><x>634</x><y>443</y><time>01-09-20 22:39:59:016</time></pt><pt><x>2275</x><y>443</y><time>01-09-20 22:40:00:326</time></pt><pt><x>2275</x><y>1332</y><time>undefined</time></pt><pt><x>634</x><y>1332</y><time>undefined</time></pt><closed_date>01-09-20 22:40:00:326</closed_date></polygon></object></annotation>