<annotation><filename>m1_s02_065_p_nic017.jpg</filename><folder>users/joselusava//valeria/sala2_065_nic</folder><source><submittedBy>Jose Saca</submittedBy></source><imagesize><nrows>2000</nrows><ncols>2992</ncols></imagesize><object><name>m1_s02_065_p_nic017</name><deleted>0</deleted><verified>0</verified><occluded>no</occluded><attributes></attributes><parts><hasparts></hasparts><ispartof></ispartof></parts><date>27-08-20 22:08:30:520</date><id>0</id><type>bounding_box</type><polygon><username>anonymous</username><pt><x>678</x><y>916</y><time>27-08-20 22:08:23:751</time></pt><pt><x>2604</x><y>916</y><time>27-08-20 22:08:26:628</time></pt><pt><x>2604</x><y>1936</y><time>undefined</time></pt><pt><x>678</x><y>1936</y><time>undefined</time></pt><closed_date>27-08-20 22:08:26:629</closed_date></polygon></object></annotation>