<annotation><filename>m2_s01_001_p_ic019.jpg</filename><folder>users/joselusava//santiago</folder><source><submittedBy>Jose Saca</submittedBy></source><imagesize><nrows>2850</nrows><ncols>4271</ncols></imagesize><object><name>m2_s01_001_p_ic019</name><deleted>0</deleted><verified>0</verified><occluded>no</occluded><attributes></attributes><parts><hasparts></hasparts><ispartof></ispartof></parts><date>18-09-20 22:54:26:896</date><id>0</id><type>bounding_box</type><polygon><username>anonymous</username><pt><x>926</x><y>365</y><time>18-09-20 22:54:14:921</time></pt><pt><x>3542</x><y>365</y><time>18-09-20 22:54:18:858</time></pt><pt><x>3542</x><y>2571</y><time>undefined</time></pt><pt><x>926</x><y>2571</y><time>undefined</time></pt><closed_date>18-09-20 22:54:18:859</closed_date></polygon></object></annotation>