<annotation><filename>m1_s06_141_p_nic020.jpg</filename><folder>users/joselusava//jacob_2/141nic</folder><source><submittedBy>Jose Saca</submittedBy></source><imagesize><nrows>2736</nrows><ncols>4100</ncols></imagesize><object><name>m1_s06_141_p_nic020</name><deleted>0</deleted><verified>0</verified><occluded>no</occluded><attributes></attributes><parts><hasparts></hasparts><ispartof></ispartof></parts><date>05-09-20 00:53:45:326</date><id>0</id><type>bounding_box</type><polygon><username>anonymous</username><pt><x>940</x><y>2524</y><time>05-09-20 00:53:42:883</time></pt><pt><x>2124</x><y>2524</y><time>05-09-20 00:53:44:404</time></pt><pt><x>2124</x><y>1110</y><time>undefined</time></pt><pt><x>940</x><y>1110</y><time>undefined</time></pt><closed_date>05-09-20 00:53:44:404</closed_date></polygon></object></annotation>