<annotation><filename>m1_s06_168_p_nic078.jpg</filename><folder>users/joselusava//jacob_2/168nic</folder><source><submittedBy>Jose Saca</submittedBy></source><imagesize><nrows>2736</nrows><ncols>4100</ncols></imagesize><object><name>m1_s06_168_p_nic078</name><deleted>0</deleted><verified>0</verified><occluded>no</occluded><attributes></attributes><parts><hasparts></hasparts><ispartof></ispartof></parts><date>09-09-20 10:56:28:751</date><id>0</id><type>bounding_box</type><polygon><username>anonymous</username><pt><x>3584</x><y>1923</y><time>09-09-20 10:56:26:785</time></pt><pt><x>2725</x><y>1923</y><time>09-09-20 10:56:28:205</time></pt><pt><x>2725</x><y>573</y><time>undefined</time></pt><pt><x>3584</x><y>573</y><time>undefined</time></pt><closed_date>09-09-20 10:56:28:206</closed_date></polygon></object></annotation>