<annotation><filename>m1_s02_029_p_ic020.jpg</filename><folder>users/joselusava//valeria/sala2_029_ic</folder><source><submittedBy>Jose Saca</submittedBy></source><imagesize><nrows>3200</nrows><ncols>4800</ncols></imagesize><object><name>m1_s02_029_p_ic020</name><deleted>0</deleted><verified>0</verified><occluded>no</occluded><attributes></attributes><parts><hasparts></hasparts><ispartof></ispartof></parts><date>22-08-20 18:20:28:849</date><id>0</id><type>bounding_box</type><polygon><username>anonymous</username><pt><x>1466</x><y>328</y><time>22-08-20 18:20:09:136</time></pt><pt><x>3753</x><y>328</y><time>22-08-20 18:20:15:122</time></pt><pt><x>3753</x><y>2840</y><time>undefined</time></pt><pt><x>1466</x><y>2840</y><time>undefined</time></pt><closed_date>22-08-20 18:20:15:124</closed_date></polygon></object></annotation>