<annotation><filename>m2_s01_018_p_nic087.jpg</filename><folder>users/joselusava//santiago_2</folder><source><submittedBy>Jose Saca</submittedBy></source><imagesize><nrows>2850</nrows><ncols>4271</ncols></imagesize><object><name>m2_s01_018_p_nic087</name><deleted>0</deleted><verified>0</verified><occluded>no</occluded><attributes></attributes><parts><hasparts></hasparts><ispartof></ispartof></parts><date>29-09-20 19:06:58:173</date><id>0</id><type>bounding_box</type><polygon><username>anonymous</username><pt><x>2773</x><y>1715</y><time>29-09-20 19:06:54:982</time></pt><pt><x>3315</x><y>1715</y><time>29-09-20 19:06:55:885</time></pt><pt><x>3315</x><y>2465</y><time>undefined</time></pt><pt><x>2773</x><y>2465</y><time>undefined</time></pt><closed_date>29-09-20 19:06:55:886</closed_date></polygon></object></annotation>