<annotation><filename>m4_s06_089_p_ic052.jpg</filename><folder>users/joselusava//santiago_2</folder><source><submittedBy>Jose Saca</submittedBy></source><imagesize><nrows>2970</nrows><ncols>4451</ncols></imagesize><object><name>m4_s06_089_p_ic052</name><deleted>0</deleted><verified>0</verified><occluded>no</occluded><attributes></attributes><parts><hasparts></hasparts><ispartof></ispartof></parts><date>11-10-20 18:43:27:442</date><id>0</id><type>bounding_box</type><polygon><username>anonymous</username><pt><x>1704</x><y>555</y><time>11-10-20 18:43:24:001</time></pt><pt><x>2768</x><y>555</y><time>11-10-20 18:43:25:505</time></pt><pt><x>2768</x><y>2486</y><time>undefined</time></pt><pt><x>1704</x><y>2486</y><time>undefined</time></pt><closed_date>11-10-20 18:43:25:505</closed_date></polygon></object></annotation>