<annotation><filename>m1_s01_001_p_ic058.jpg</filename><folder>users/joselusava//juancarlos</folder><source><submittedBy>Jose Saca</submittedBy></source><imagesize><nrows>2000</nrows><ncols>2992</ncols></imagesize><object><name>m1_s01_001_p_ic058</name><deleted>0</deleted><verified>0</verified><occluded>no</occluded><attributes></attributes><parts><hasparts></hasparts><ispartof></ispartof></parts><date>31-08-20 17:15:18:667</date><id>0</id><type>bounding_box</type><polygon><username>anonymous</username><pt><x>996</x><y>731</y><time>31-08-20 17:15:08:477</time></pt><pt><x>2114</x><y>731</y><time>31-08-20 17:15:11:682</time></pt><pt><x>2114</x><y>1455</y><time>undefined</time></pt><pt><x>996</x><y>1455</y><time>undefined</time></pt><closed_date>31-08-20 17:15:11:684</closed_date></polygon></object></annotation>