<annotation><filename>m2_s01_001_p_ic001.jpg</filename><folder>users/joselusava//santiago</folder><source><submittedBy>Jose Saca</submittedBy></source><imagesize><nrows>2850</nrows><ncols>4271</ncols></imagesize><object><name>m2_s01_001_p_ic001</name><deleted>0</deleted><verified>0</verified><occluded>no</occluded><attributes></attributes><parts><hasparts></hasparts><ispartof></ispartof></parts><date>18-09-20 21:58:20:673</date><id>0</id><type>bounding_box</type><polygon><username>anonymous</username><pt><x>1080</x><y>381</y><time>18-09-20 21:58:04:816</time></pt><pt><x>3090</x><y>381</y><time>18-09-20 21:58:11:228</time></pt><pt><x>3090</x><y>2465</y><time>undefined</time></pt><pt><x>1080</x><y>2465</y><time>undefined</time></pt><closed_date>18-09-20 21:58:11:229</closed_date></polygon></object></annotation>