<annotation><filename>m3_s01_023_p_nic060.jpg</filename><folder>users/joselusava//santiago_3</folder><source><submittedBy>Jose Saca</submittedBy></source><imagesize><nrows>2970</nrows><ncols>4451</ncols></imagesize><object><name>m3_s01_023_p_nic060</name><deleted>0</deleted><verified>0</verified><occluded>no</occluded><attributes></attributes><parts><hasparts></hasparts><ispartof></ispartof></parts><date>06-11-20 09:42:32:530</date><id>0</id><type>bounding_box</type><polygon><username>anonymous</username><pt><x>1696</x><y>860</y><time>06-11-20 09:42:28:038</time></pt><pt><x>3616</x><y>860</y><time>06-11-20 09:42:29:276</time></pt><pt><x>3616</x><y>2310</y><time>undefined</time></pt><pt><x>1696</x><y>2310</y><time>undefined</time></pt><closed_date>06-11-20 09:42:29:277</closed_date></polygon></object></annotation>