<annotation><filename>m1_s01_021_p_ic022.jpg</filename><folder>users/joselusava//santiago</folder><source><submittedBy>Jose Saca</submittedBy></source><imagesize><nrows>3200</nrows><ncols>4800</ncols></imagesize><object><name>m1_s01_021_p_ic022</name><deleted>0</deleted><verified>0</verified><occluded>no</occluded><attributes></attributes><parts><hasparts></hasparts><ispartof></ispartof></parts><date>14-09-20 22:25:50:176</date><id>0</id><type>bounding_box</type><polygon><username>anonymous</username><pt><x>1728</x><y>637</y><time>14-09-20 22:25:40:669</time></pt><pt><x>3121</x><y>637</y><time>14-09-20 22:25:42:868</time></pt><pt><x>3121</x><y>2484</y><time>undefined</time></pt><pt><x>1728</x><y>2484</y><time>undefined</time></pt><closed_date>14-09-20 22:25:42:869</closed_date></polygon></object></annotation>