<annotation><filename>m4_s09_138_p_ic076.jpg</filename><folder>users/joselusava//santiago_2</folder><source><submittedBy>Jose Saca</submittedBy></source><imagesize><nrows>2970</nrows><ncols>4451</ncols></imagesize><object><name>m4_s09_138_p_ic076</name><deleted>0</deleted><verified>0</verified><occluded>no</occluded><attributes></attributes><parts><hasparts></hasparts><ispartof></ispartof></parts><date>22-10-20 20:49:56:067</date><id>0</id><type>bounding_box</type><polygon><username>anonymous</username><pt><x>646</x><y>532</y><time>22-10-20 20:49:52:805</time></pt><pt><x>3527</x><y>532</y><time>22-10-20 20:49:53:975</time></pt><pt><x>3527</x><y>2242</y><time>undefined</time></pt><pt><x>646</x><y>2242</y><time>undefined</time></pt><closed_date>22-10-20 20:49:53:976</closed_date></polygon></object></annotation>