<annotation><filename>m2_s01_056_p_ic003.jpg</filename><folder>users/joselusava//m2_jsv/56/ic</folder><source><submittedBy>Jose Saca</submittedBy></source><imagesize><nrows>2850</nrows><ncols>4271</ncols></imagesize><object><name>m2_s01_056_p_ic003</name><deleted>0</deleted><verified>0</verified><occluded>no</occluded><attributes></attributes><parts><hasparts></hasparts><ispartof></ispartof></parts><date>28-09-20 21:25:28:966</date><id>0</id><type>bounding_box</type><polygon><username>anonymous</username><pt><x>2861</x><y>2768</y><time>28-09-20 21:25:26:829</time></pt><pt><x>1231</x><y>2768</y><time>28-09-20 21:25:28:215</time></pt><pt><x>1231</x><y>229</y><time>undefined</time></pt><pt><x>2861</x><y>229</y><time>undefined</time></pt><closed_date>28-09-20 21:25:28:215</closed_date></polygon></object></annotation>