<annotation><filename>m4_s05_052_p_nic027.jpg</filename><folder>users/joselusava//santiago_2</folder><source><submittedBy>Jose Saca</submittedBy></source><imagesize><nrows>2910</nrows><ncols>4361</ncols></imagesize><object><name>m4_s05_052_p_nic027</name><deleted>0</deleted><verified>0</verified><occluded>no</occluded><attributes></attributes><parts><hasparts></hasparts><ispartof></ispartof></parts><date>08-10-20 20:03:53:407</date><id>0</id><type>bounding_box</type><polygon><username>anonymous</username><pt><x>665</x><y>1185</y><time>08-10-20 20:03:49:843</time></pt><pt><x>2120</x><y>1185</y><time>08-10-20 20:03:51:506</time></pt><pt><x>2120</x><y>2719</y><time>undefined</time></pt><pt><x>665</x><y>2719</y><time>undefined</time></pt><closed_date>08-10-20 20:03:51:506</closed_date></polygon></object></annotation>