<annotation><filename>m2_s03_252_p_ic050.jpg</filename><folder>users/joselusava//valeria/m2_sala03_252_ic</folder><source><submittedBy>Jose Saca</submittedBy></source><imagesize><nrows>2910</nrows><ncols>4361</ncols></imagesize><object><name>m2_s06_252_p_ic048</name><deleted>0</deleted><verified>0</verified><occluded>no</occluded><attributes/><parts><hasparts/><ispartof/></parts><date>25-09-20 22:58:49:084</date><id>0</id><type>bounding_box</type><polygon><username>anonymous</username><pt><x>661</x><y>441</y><time>25-09-20 22:58:43:189</time></pt><pt><x>3720</x><y>441</y><time>25-09-20 22:58:45:545</time></pt><pt><x>3720</x><y>2541</y><time>undefined</time></pt><pt><x>661</x><y>2541</y><time>undefined</time></pt><closed_date>25-09-20 22:58:45:546</closed_date></polygon></object><object><name>m2_s06_252_p_ic050</name><deleted>0</deleted><verified>0</verified><occluded>no</occluded><attributes></attributes><parts><hasparts></hasparts><ispartof></ispartof></parts><date>27-09-20 00:29:54:959</date><id>1</id><type>bounding_box</type><polygon><username>anonymous</username><pt><x>645</x><y>419</y><time>27-09-20 00:29:48:867</time></pt><pt><x>3731</x><y>419</y><time>27-09-20 00:29:51:267</time></pt><pt><x>3731</x><y>2535</y><time>undefined</time></pt><pt><x>645</x><y>2535</y><time>undefined</time></pt><closed_date>27-09-20 00:29:51:268</closed_date></polygon></object></annotation>