<annotation><filename>m2_s06_244_p_nic002.jpg</filename><folder>users/joselusava//museos2020</folder><source><submittedBy>Jose Saca</submittedBy></source><imagesize><nrows>2910</nrows><ncols>4361</ncols></imagesize><object><name>m2_s06_244_p_nic002</name><deleted>0</deleted><verified>0</verified><occluded>no</occluded><attributes></attributes><parts><hasparts></hasparts><ispartof></ispartof></parts><date>24-09-20 19:47:24:301</date><id>0</id><type>bounding_box</type><polygon><username>anonymous</username><pt><x>2041</x><y>1376</y><time>24-09-20 19:47:16:783</time></pt><pt><x>3798</x><y>1376</y><time>24-09-20 19:47:18:677</time></pt><pt><x>3798</x><y>2134</y><time>undefined</time></pt><pt><x>2041</x><y>2134</y><time>undefined</time></pt><closed_date>24-09-20 19:47:18:678</closed_date></polygon></object></annotation>