<annotation><filename>m2_s01_010_p_nic091.jpg</filename><folder>users/joselusava//santiago</folder><source><submittedBy>Jose Saca</submittedBy></source><imagesize><nrows>2850</nrows><ncols>4271</ncols></imagesize><object><name>m2_s01_010_p_nic091</name><deleted>0</deleted><verified>0</verified><occluded>no</occluded><attributes></attributes><parts><hasparts></hasparts><ispartof></ispartof></parts><date>22-09-20 21:47:54:676</date><id>0</id><type>bounding_box</type><polygon><username>anonymous</username><pt><x>959</x><y>224</y><time>22-09-20 21:47:46:224</time></pt><pt><x>2109</x><y>224</y><time>22-09-20 21:47:47:765</time></pt><pt><x>2109</x><y>1497</y><time>undefined</time></pt><pt><x>959</x><y>1497</y><time>undefined</time></pt><closed_date>22-09-20 21:47:47:766</closed_date></polygon></object></annotation>