<annotation><filename>m2_s03_201_p_nic036.jpg</filename><folder>users/joselusava//valeria/m2_sala03_201_nic</folder><source><submittedBy>Jose Saca</submittedBy></source><imagesize><nrows>2910</nrows><ncols>4361</ncols></imagesize><object><name>m2_s03_201_p_nic036</name><deleted>0</deleted><verified>0</verified><occluded>no</occluded><attributes></attributes><parts><hasparts></hasparts><ispartof></ispartof></parts><date>29-09-20 23:12:15:279</date><id>0</id><type>bounding_box</type><polygon><username>anonymous</username><pt><x>849</x><y>1923</y><time>29-09-20 23:12:10:679</time></pt><pt><x>2827</x><y>1923</y><time>29-09-20 23:12:12:489</time></pt><pt><x>2827</x><y>143</y><time>undefined</time></pt><pt><x>849</x><y>143</y><time>undefined</time></pt><closed_date>29-09-20 23:12:12:490</closed_date></polygon></object></annotation>