<annotation><filename>m4_s06_089_p_nic091.jpg</filename><folder>users/joselusava//santiago_2</folder><source><submittedBy>Jose Saca</submittedBy></source><imagesize><nrows>2970</nrows><ncols>4451</ncols></imagesize><object><name>m4_s06_089_p_nic091</name><deleted>0</deleted><verified>0</verified><occluded>no</occluded><attributes></attributes><parts><hasparts></hasparts><ispartof></ispartof></parts><date>12-10-20 22:22:01:456</date><id>0</id><type>bounding_box</type><polygon><username>anonymous</username><pt><x>1514</x><y>175</y><time>12-10-20 22:21:57:575</time></pt><pt><x>2549</x><y>175</y><time>12-10-20 22:21:58:926</time></pt><pt><x>2549</x><y>2053</y><time>undefined</time></pt><pt><x>1514</x><y>2053</y><time>undefined</time></pt><closed_date>12-10-20 22:21:58:927</closed_date></polygon></object></annotation>