<annotation><filename>m2_s02_141_x.jpg</filename><folder>users/joselusava//m2_jsv</folder><source><submittedBy>Jose Saca</submittedBy></source><imagesize><nrows>2910</nrows><ncols>4361</ncols></imagesize><object><name>m2_s02_140_x</name><deleted>0</deleted><verified>0</verified><occluded>no</occluded><attributes></attributes><parts><hasparts></hasparts><ispartof></ispartof></parts><date>19-09-20 23:34:54:570</date><id>0</id><type>bounding_box</type><polygon><username>anonymous</username><pt><x>3151</x><y>2498</y><time>19-09-20 23:34:52:806</time></pt><pt><x>1123</x><y>2498</y><time>19-09-20 23:34:53:988</time></pt><pt><x>1123</x><y>252</y><time>undefined</time></pt><pt><x>3151</x><y>252</y><time>undefined</time></pt><closed_date>19-09-20 23:34:53:989</closed_date></polygon></object></annotation>