<annotation><filename>m1_s02_036_p_nic021.jpg</filename><folder>users/joselusava//valeria/sala2_036_nic</folder><source><submittedBy>Jose Saca</submittedBy></source><imagesize><nrows>3200</nrows><ncols>4800</ncols></imagesize><object><name>m1_s02_036_p_nic021</name><deleted>0</deleted><verified>0</verified><occluded>no</occluded><attributes></attributes><parts><hasparts></hasparts><ispartof></ispartof></parts><date>26-08-20 22:46:09:562</date><id>0</id><type>bounding_box</type><polygon><username>anonymous</username><pt><x>3162</x><y>548</y><time>26-08-20 22:45:58:736</time></pt><pt><x>4043</x><y>548</y><time>26-08-20 22:46:01:311</time></pt><pt><x>4043</x><y>1659</y><time>undefined</time></pt><pt><x>3162</x><y>1659</y><time>undefined</time></pt><closed_date>26-08-20 22:46:01:313</closed_date></polygon></object></annotation>