<annotation><filename>m3_s01_013_p_nic084.jpg</filename><folder>users/joselusava//valeria/m03_s01_13_nic</folder><source><submittedBy>Jose Saca</submittedBy></source><imagesize><nrows>2970</nrows><ncols>4451</ncols></imagesize><object><name>m3_s01_013_p_nic084</name><deleted>0</deleted><verified>0</verified><occluded>no</occluded><attributes></attributes><parts><hasparts></hasparts><ispartof></ispartof></parts><date>07-11-20 00:12:15:420</date><id>0</id><type>bounding_box</type><polygon><username>anonymous</username><pt><x>634</x><y>2353</y><time>07-11-20 00:12:08:815</time></pt><pt><x>2593</x><y>2353</y><time>07-11-20 00:12:10:954</time></pt><pt><x>2593</x><y>171</y><time>undefined</time></pt><pt><x>634</x><y>171</y><time>undefined</time></pt><closed_date>07-11-20 00:12:10:954</closed_date></polygon></object></annotation>