<annotation><filename>m1_s02_035_x.jpg</filename><folder>users/joselusava//valeria/sala2</folder><source><submittedBy>Jose Saca</submittedBy></source><imagesize><nrows>3200</nrows><ncols>4800</ncols></imagesize><object><name>m1_s02_035_x</name><deleted>0</deleted><verified>0</verified><occluded>no</occluded><attributes></attributes><parts><hasparts></hasparts><ispartof></ispartof></parts><date>28-08-20 11:20:55:850</date><id>0</id><type>bounding_box</type><polygon><username>anonymous</username><pt><x>4311</x><y>2948</y><time>28-08-20 11:20:48:120</time></pt><pt><x>451</x><y>2948</y><time>28-08-20 11:20:52:369</time></pt><pt><x>451</x><y>166</y><time>undefined</time></pt><pt><x>4311</x><y>166</y><time>undefined</time></pt><closed_date>28-08-20 11:20:52:370</closed_date></polygon></object></annotation>