<annotation><filename>m4_s06_089_p_nic002.jpg</filename><folder>users/joselusava//santiago_2</folder><source><submittedBy>Jose Saca</submittedBy></source><imagesize><nrows>2970</nrows><ncols>4451</ncols></imagesize><object><name>m4_s06_089_p_nic002</name><deleted>0</deleted><verified>0</verified><occluded>no</occluded><attributes></attributes><parts><hasparts></hasparts><ispartof></ispartof></parts><date>12-10-20 20:22:50:711</date><id>0</id><type>bounding_box</type><polygon><username>anonymous</username><pt><x>589</x><y>500</y><time>12-10-20 20:22:47:175</time></pt><pt><x>1810</x><y>500</y><time>12-10-20 20:22:48:310</time></pt><pt><x>1810</x><y>2310</y><time>undefined</time></pt><pt><x>589</x><y>2310</y><time>undefined</time></pt><closed_date>12-10-20 20:22:48:311</closed_date></polygon></object></annotation>