<annotation><filename>m1_s01_005_p_nic027.jpg</filename><folder>users/joselusava//museos2020</folder><source><submittedBy>Jose Saca</submittedBy></source><imagesize><nrows>2000</nrows><ncols>2992</ncols></imagesize><object><name>m1_s01_005_p_nic027</name><deleted>0</deleted><verified>0</verified><occluded>no</occluded><attributes></attributes><parts><hasparts></hasparts><ispartof></ispartof></parts><date>14-09-20 10:41:09:494</date><id>0</id><type>bounding_box</type><polygon><username>anonymous</username><pt><x>252</x><y>240</y><time>14-09-20 10:40:58:156</time></pt><pt><x>633</x><y>240</y><time>14-09-20 10:41:01:342</time></pt><pt><x>633</x><y>639</y><time>undefined</time></pt><pt><x>252</x><y>639</y><time>undefined</time></pt><closed_date>14-09-20 10:41:01:343</closed_date></polygon></object></annotation>