<annotation><filename>m2_s01_018_p_nic084.jpg</filename><folder>users/joselusava//santiago_2</folder><source><submittedBy>Jose Saca</submittedBy></source><imagesize><nrows>2850</nrows><ncols>4271</ncols></imagesize><object><name>m2_s01_018_p_nic084</name><deleted>0</deleted><verified>0</verified><occluded>no</occluded><attributes></attributes><parts><hasparts></hasparts><ispartof></ispartof></parts><date>29-09-20 19:03:58:729</date><id>0</id><type>bounding_box</type><polygon><username>anonymous</username><pt><x>2571</x><y>843</y><time>29-09-20 19:03:55:897</time></pt><pt><x>3171</x><y>843</y><time>29-09-20 19:03:56:715</time></pt><pt><x>3171</x><y>1722</y><time>undefined</time></pt><pt><x>2571</x><y>1722</y><time>undefined</time></pt><closed_date>29-09-20 19:03:56:716</closed_date></polygon></object></annotation>