<annotation><filename>m2_s01_024_p_ic090.jpg</filename><folder>users/joselusava//santiago</folder><source><submittedBy>Jose Saca</submittedBy></source><imagesize><nrows>2850</nrows><ncols>4271</ncols></imagesize><object><name>m2_s01_024_p_ic090</name><deleted>0</deleted><verified>0</verified><occluded>no</occluded><attributes></attributes><parts><hasparts></hasparts><ispartof></ispartof></parts><date>24-09-20 23:08:04:053</date><id>0</id><type>bounding_box</type><polygon><username>anonymous</username><pt><x>1241</x><y>285</y><time>24-09-20 23:07:56:334</time></pt><pt><x>2837</x><y>285</y><time>24-09-20 23:07:58:742</time></pt><pt><x>2837</x><y>2779</y><time>undefined</time></pt><pt><x>1241</x><y>2779</y><time>undefined</time></pt><closed_date>24-09-20 23:07:58:743</closed_date></polygon></object></annotation>