<annotation><filename>m1_s06_144_p_ic059.jpg</filename><folder>users/joselusava//jacob_2/144ic</folder><source><submittedBy>Jose Saca</submittedBy></source><imagesize><nrows>2736</nrows><ncols>4100</ncols></imagesize><object><name>m1_s06_144_p_ic059</name><deleted>0</deleted><verified>0</verified><occluded>no</occluded><attributes></attributes><parts><hasparts></hasparts><ispartof></ispartof></parts><date>08-09-20 01:29:34:332</date><id>0</id><type>bounding_box</type><polygon><username>anonymous</username><pt><x>3216</x><y>25</y><time>08-09-20 01:29:31:745</time></pt><pt><x>671</x><y>25</y><time>08-09-20 01:29:33:574</time></pt><pt><x>671</x><y>2676</y><time>undefined</time></pt><pt><x>3216</x><y>2676</y><time>undefined</time></pt><closed_date>08-09-20 01:29:33:575</closed_date></polygon></object></annotation>