<annotation><filename>m4_s04_037_p_nic085.jpg</filename><folder>users/joselusava//santiago_2</folder><source><submittedBy>Jose Saca</submittedBy></source><imagesize><nrows>2970</nrows><ncols>4451</ncols></imagesize><object><name>m4_s04_037_p_nic085</name><deleted>0</deleted><verified>0</verified><occluded>no</occluded><attributes></attributes><parts><hasparts></hasparts><ispartof></ispartof></parts><date>19-10-20 22:51:21:340</date><id>0</id><type>bounding_box</type><polygon><username>anonymous</username><pt><x>3099</x><y>1014</y><time>19-10-20 22:51:18:210</time></pt><pt><x>3930</x><y>1014</y><time>19-10-20 22:51:19:230</time></pt><pt><x>3930</x><y>2270</y><time>undefined</time></pt><pt><x>3099</x><y>2270</y><time>undefined</time></pt><closed_date>19-10-20 22:51:19:231</closed_date></polygon></object></annotation>