<annotation><filename>m2_s02_190_p_nic032.jpg</filename><folder>users/joselusava//m2_jsv/190/nic</folder><source><submittedBy>Jose Saca</submittedBy></source><imagesize><nrows>2910</nrows><ncols>4361</ncols></imagesize><object><name>m2_s02_190_p_nic032</name><deleted>0</deleted><verified>0</verified><occluded>no</occluded><attributes></attributes><parts><hasparts></hasparts><ispartof></ispartof></parts><date>21-09-20 15:01:30:991</date><id>0</id><type>bounding_box</type><polygon><username>anonymous</username><pt><x>3604</x><y>2899</y><time>21-09-20 15:01:28:863</time></pt><pt><x>2490</x><y>2899</y><time>21-09-20 15:01:30:405</time></pt><pt><x>2490</x><y>1393</y><time>undefined</time></pt><pt><x>3604</x><y>1393</y><time>undefined</time></pt><closed_date>21-09-20 15:01:30:405</closed_date></polygon></object></annotation>