<annotation><filename>m4_s04_045_p_nic019.jpg</filename><folder>users/joselusava//valeria/m04_s04_45_nic</folder><source><submittedBy>Jose Saca</submittedBy></source><imagesize><nrows>2970</nrows><ncols>4451</ncols></imagesize><object><name>m4_s04_045_p_nic019</name><deleted>0</deleted><verified>0</verified><occluded>no</occluded><attributes></attributes><parts><hasparts></hasparts><ispartof></ispartof></parts><date>20-10-20 00:20:48:461</date><id>0</id><type>bounding_box</type><polygon><username>anonymous</username><pt><x>417</x><y>1759</y><time>20-10-20 00:20:44:309</time></pt><pt><x>1257</x><y>1759</y><time>20-10-20 00:20:45:837</time></pt><pt><x>1257</x><y>194</y><time>undefined</time></pt><pt><x>417</x><y>194</y><time>undefined</time></pt><closed_date>20-10-20 00:20:45:838</closed_date></polygon></object></annotation>