<annotation><filename>m1_s02_036_p_nic038.jpg</filename><folder>users/joselusava//valeria/sala2_036_nic</folder><source><submittedBy>Jose Saca</submittedBy></source><imagesize><nrows>3200</nrows><ncols>4800</ncols></imagesize><object><name>m1_s02_036_p_nic038</name><deleted>0</deleted><verified>0</verified><occluded>no</occluded><attributes></attributes><parts><hasparts></hasparts><ispartof></ispartof></parts><date>26-08-20 23:29:55:076</date><id>0</id><type>bounding_box</type><polygon><username>anonymous</username><pt><x>1256</x><y>1938</y><time>26-08-20 23:29:48:489</time></pt><pt><x>2395</x><y>1938</y><time>26-08-20 23:29:51:498</time></pt><pt><x>2395</x><y>3055</y><time>undefined</time></pt><pt><x>1256</x><y>3055</y><time>undefined</time></pt><closed_date>26-08-20 23:29:51:499</closed_date></polygon></object></annotation>