<annotation><filename>m4_s07_105_p_ic034.jpg</filename><folder>users/joselusava//kath/m4_105</folder><source><submittedBy>Jose Saca</submittedBy></source><imagesize><nrows>2970</nrows><ncols>4451</ncols></imagesize><object><name>m4_s07_105_p_ic034</name><deleted>0</deleted><verified>0</verified><occluded>no</occluded><attributes></attributes><parts><hasparts></hasparts><ispartof></ispartof></parts><date>29-10-20 08:09:44:108</date><id>0</id><type>bounding_box</type><polygon><username>anonymous</username><pt><x>1600</x><y>2696</y><time>29-10-20 08:09:37:532</time></pt><pt><x>2816</x><y>2696</y><time>29-10-20 08:09:40:715</time></pt><pt><x>2816</x><y>582</y><time>undefined</time></pt><pt><x>1600</x><y>582</y><time>undefined</time></pt><closed_date>29-10-20 08:09:40:715</closed_date></polygon></object></annotation>