<annotation><filename>m2_s01_058_p_nic091.jpg</filename><folder>users/joselusava//m2_jsv/58/nic</folder><source><submittedBy>Jose Saca</submittedBy></source><imagesize><nrows>2850</nrows><ncols>4271</ncols></imagesize><object><name>m2_s01_058_p_nic091</name><deleted>0</deleted><verified>0</verified><occluded>no</occluded><attributes></attributes><parts><hasparts></hasparts><ispartof></ispartof></parts><date>29-09-20 23:26:56:667</date><id>0</id><type>bounding_box</type><polygon><username>anonymous</username><pt><x>1577</x><y>1901</y><time>29-09-20 23:26:54:785</time></pt><pt><x>17</x><y>1901</y><time>29-09-20 23:26:56:041</time></pt><pt><x>17</x><y>563</y><time>undefined</time></pt><pt><x>1577</x><y>563</y><time>undefined</time></pt><closed_date>29-09-20 23:26:56:042</closed_date></polygon></object></annotation>