<annotation><filename>m1_s02_036_p_nic073.jpg</filename><folder>users/joselusava//valeria/sala2_036_nic</folder><source><submittedBy>Jose Saca</submittedBy></source><imagesize><nrows>3200</nrows><ncols>4800</ncols></imagesize><object><name>m1_s02_036_p_nic073</name><deleted>0</deleted><verified>0</verified><occluded>no</occluded><attributes></attributes><parts><hasparts></hasparts><ispartof></ispartof></parts><date>27-08-20 01:20:42:541</date><id>0</id><type>bounding_box</type><polygon><username>anonymous</username><pt><x>2293</x><y>2368</y><time>27-08-20 01:20:34:900</time></pt><pt><x>365</x><y>2368</y><time>27-08-20 01:20:39:076</time></pt><pt><x>365</x><y>322</y><time>undefined</time></pt><pt><x>2293</x><y>322</y><time>undefined</time></pt><closed_date>27-08-20 01:20:39:077</closed_date></polygon></object></annotation>