<annotation><filename>m1_s06_144_p_nic033.jpg</filename><folder>users/joselusava//jacob_2/144nic</folder><source><submittedBy>Jose Saca</submittedBy></source><imagesize><nrows>2736</nrows><ncols>4100</ncols></imagesize><object><name>m1_s06_144_p_nic033</name><deleted>0</deleted><verified>0</verified><occluded>no</occluded><attributes></attributes><parts><hasparts></hasparts><ispartof></ispartof></parts><date>08-09-20 02:06:41:805</date><id>0</id><type>bounding_box</type><polygon><username>anonymous</username><pt><x>254</x><y>2193</y><time>08-09-20 02:06:35:352</time></pt><pt><x>1784</x><y>2193</y><time>08-09-20 02:06:38:701</time></pt><pt><x>1784</x><y>483</y><time>undefined</time></pt><pt><x>254</x><y>483</y><time>undefined</time></pt><closed_date>08-09-20 02:06:38:701</closed_date></polygon></object></annotation>