<annotation><filename>m4_s02_021_p_nic069.jpg</filename><folder>users/joselusava//santiago_2</folder><source><submittedBy>Jose Saca</submittedBy></source><imagesize><nrows>2910</nrows><ncols>4361</ncols></imagesize><object><name>m4_s02_021_p_nic069</name><deleted>0</deleted><verified>0</verified><occluded>no</occluded><attributes></attributes><parts><hasparts></hasparts><ispartof></ispartof></parts><date>05-10-20 11:39:15:037</date><id>0</id><type>bounding_box</type><polygon><username>anonymous</username><pt><x>478</x><y>939</y><time>05-10-20 11:39:11:698</time></pt><pt><x>1299</x><y>939</y><time>05-10-20 11:39:13:250</time></pt><pt><x>1299</x><y>2536</y><time>undefined</time></pt><pt><x>478</x><y>2536</y><time>undefined</time></pt><closed_date>05-10-20 11:39:13:252</closed_date></polygon></object></annotation>