<annotation><filename>m2_s06_244_p_nic023.jpg</filename><folder>users/joselusava//museos2020</folder><source><submittedBy>Jose Saca</submittedBy></source><imagesize><nrows>2910</nrows><ncols>4361</ncols></imagesize><object><name>m2_s06_244_p_ic023</name><deleted>0</deleted><verified>0</verified><occluded>no</occluded><attributes></attributes><parts><hasparts></hasparts><ispartof></ispartof></parts><date>25-09-20 18:38:54:005</date><id>0</id><type>bounding_box</type><polygon><username>anonymous</username><pt><x>1343</x><y>1878</y><time>25-09-20 18:38:42:885</time></pt><pt><x>2984</x><y>1878</y><time>25-09-20 18:38:45:074</time></pt><pt><x>2984</x><y>2636</y><time>undefined</time></pt><pt><x>1343</x><y>2636</y><time>undefined</time></pt><closed_date>25-09-20 18:38:45:075</closed_date></polygon></object></annotation>