<annotation><filename>m2_s01_024_p_ic089.jpg</filename><folder>users/joselusava//santiago</folder><source><submittedBy>Jose Saca</submittedBy></source><imagesize><nrows>2850</nrows><ncols>4271</ncols></imagesize><object><name>m2_s01_024_p_ic089</name><deleted>0</deleted><verified>0</verified><occluded>no</occluded><attributes></attributes><parts><hasparts></hasparts><ispartof></ispartof></parts><date>24-09-20 23:07:04:429</date><id>0</id><type>bounding_box</type><polygon><username>anonymous</username><pt><x>1164</x><y>180</y><time>24-09-20 23:06:55:626</time></pt><pt><x>2754</x><y>180</y><time>24-09-20 23:06:58:074</time></pt><pt><x>2754</x><y>2805</y><time>undefined</time></pt><pt><x>1164</x><y>2805</y><time>undefined</time></pt><closed_date>24-09-20 23:06:58:075</closed_date></polygon></object></annotation>