<annotation><filename>m2_s01_032_p_ic080.jpg</filename><folder>users/joselusava//santiago_2</folder><source><submittedBy>Jose Saca</submittedBy></source><imagesize><nrows>2850</nrows><ncols>4271</ncols></imagesize><object><name>m2_s01_032_p_ic080</name><deleted>0</deleted><verified>0</verified><occluded>no</occluded><attributes></attributes><parts><hasparts></hasparts><ispartof></ispartof></parts><date>30-09-20 17:00:34:879</date><id>0</id><type>bounding_box</type><polygon><username>anonymous</username><pt><x>1093</x><y>196</y><time>30-09-20 17:00:30:392</time></pt><pt><x>3042</x><y>196</y><time>30-09-20 17:00:32:654</time></pt><pt><x>3042</x><y>2481</y><time>undefined</time></pt><pt><x>1093</x><y>2481</y><time>undefined</time></pt><closed_date>30-09-20 17:00:32:655</closed_date></polygon></object></annotation>