<annotation><filename>m1_s02_052_p_ic003.jpg</filename><folder>users/joselusava//valeria/sala2_052_ic</folder><source><submittedBy>Jose Saca</submittedBy></source><imagesize><nrows>3200</nrows><ncols>4800</ncols></imagesize><object><name>m1_s02_052_p_ic003</name><deleted>0</deleted><verified>0</verified><occluded>no</occluded><attributes></attributes><parts><hasparts></hasparts><ispartof></ispartof></parts><date>24-08-20 00:58:47:822</date><id>0</id><type>bounding_box</type><polygon><username>anonymous</username><pt><x>381</x><y>226</y><time>24-08-20 00:58:39:997</time></pt><pt><x>4537</x><y>226</y><time>24-08-20 00:58:43:495</time></pt><pt><x>4537</x><y>2905</y><time>undefined</time></pt><pt><x>381</x><y>2905</y><time>undefined</time></pt><closed_date>24-08-20 00:58:43:496</closed_date></polygon></object></annotation>