<annotation><filename>m1_s06_168_p_ic045.jpg</filename><folder>users/joselusava//jacob_2/168ic</folder><source><submittedBy>Jose Saca</submittedBy></source><imagesize><nrows>2736</nrows><ncols>4100</ncols></imagesize><object><name>m1_s06_168_p_ic045</name><deleted>0</deleted><verified>0</verified><occluded>no</occluded><attributes></attributes><parts><hasparts></hasparts><ispartof></ispartof></parts><date>08-09-20 19:53:58:699</date><id>0</id><type>bounding_box</type><polygon><username>anonymous</username><pt><x>1121</x><y>221</y><time>08-09-20 19:53:56:150</time></pt><pt><x>3077</x><y>221</y><time>08-09-20 19:53:57:853</time></pt><pt><x>3077</x><y>2651</y><time>undefined</time></pt><pt><x>1121</x><y>2651</y><time>undefined</time></pt><closed_date>08-09-20 19:53:57:853</closed_date></polygon></object></annotation>