<annotation><filename>img_m1_s10_303_p_nic089.jpg</filename><folder>users/joselusava//santiago</folder><source><submittedBy>Jose Saca</submittedBy></source><imagesize><nrows>3200</nrows><ncols>4800</ncols></imagesize><object><name>m1_s10_303_p_nic089</name><deleted>0</deleted><verified>0</verified><occluded>no</occluded><attributes></attributes><parts><hasparts></hasparts><ispartof></ispartof></parts><date>01-09-20 23:08:42:910</date><id>0</id><type>bounding_box</type><polygon><username>anonymous</username><pt><x>641</x><y>562</y><time>01-09-20 23:08:35:628</time></pt><pt><x>1577</x><y>562</y><time>01-09-20 23:08:36:816</time></pt><pt><x>1577</x><y>1253</y><time>undefined</time></pt><pt><x>641</x><y>1253</y><time>undefined</time></pt><closed_date>01-09-20 23:08:36:818</closed_date></polygon></object></annotation>