<annotation><filename>m2_s01_024_p_ic048.jpg</filename><folder>users/joselusava//santiago</folder><source><submittedBy>Jose Saca</submittedBy></source><imagesize><nrows>2850</nrows><ncols>4271</ncols></imagesize><object><name>m2_s01_024_p_ic048</name><deleted>0</deleted><verified>0</verified><occluded>no</occluded><attributes></attributes><parts><hasparts></hasparts><ispartof></ispartof></parts><date>24-09-20 16:52:29:732</date><id>0</id><type>bounding_box</type><polygon><username>anonymous</username><pt><x>1231</x><y>96</y><time>24-09-20 16:52:20:894</time></pt><pt><x>2590</x><y>96</y><time>24-09-20 16:52:22:548</time></pt><pt><x>2590</x><y>2549</y><time>undefined</time></pt><pt><x>1231</x><y>2549</y><time>undefined</time></pt><closed_date>24-09-20 16:52:22:550</closed_date></polygon></object></annotation>