<annotation><filename>m1_s01_017_p_nic078.jpg</filename><folder>users/joselusava//santiago</folder><source><submittedBy>Jose Saca</submittedBy></source><imagesize><nrows>3200</nrows><ncols>4800</ncols></imagesize><object><name>m1_s01_017_p_nic078</name><deleted>0</deleted><verified>0</verified><occluded>no</occluded><attributes></attributes><parts><hasparts></hasparts><ispartof></ispartof></parts><date>11-09-20 19:49:26:205</date><id>0</id><type>bounding_box</type><polygon><username>anonymous</username><pt><x>2789</x><y>1562</y><time>11-09-20 19:49:18:925</time></pt><pt><x>3322</x><y>1562</y><time>11-09-20 19:49:20:205</time></pt><pt><x>3322</x><y>1916</y><time>undefined</time></pt><pt><x>2789</x><y>1916</y><time>undefined</time></pt><closed_date>11-09-20 19:49:20:206</closed_date></polygon></object></annotation>