<annotation><filename>m1_s01_021_p_ic019.jpg</filename><folder>users/joselusava//santiago</folder><source><submittedBy>Jose Saca</submittedBy></source><imagesize><nrows>3200</nrows><ncols>4800</ncols></imagesize><object><name>m1_s01_021_p_ic019</name><deleted>0</deleted><verified>0</verified><occluded>no</occluded><attributes></attributes><parts><hasparts></hasparts><ispartof></ispartof></parts><date>14-09-20 22:21:25:490</date><id>0</id><type>bounding_box</type><polygon><username>anonymous</username><pt><x>1724</x><y>965</y><time>14-09-20 22:21:10:814</time></pt><pt><x>3013</x><y>965</y><time>14-09-20 22:21:16:263</time></pt><pt><x>3013</x><y>2682</y><time>undefined</time></pt><pt><x>1724</x><y>2682</y><time>undefined</time></pt><closed_date>14-09-20 22:21:16:264</closed_date></polygon></object></annotation>