<annotation><filename>m1_s02_065_p_ic055.jpg</filename><folder>users/joselusava//valeria/sala2_065_ic</folder><source><submittedBy>Jose Saca</submittedBy></source><imagesize><nrows>2000</nrows><ncols>2992</ncols></imagesize><object><name>m1_s02_065_p_ic055</name><deleted>0</deleted><verified>0</verified><occluded>no</occluded><attributes></attributes><parts><hasparts></hasparts><ispartof></ispartof></parts><date>26-08-20 00:07:54:656</date><id>0</id><type>bounding_box</type><polygon><username>anonymous</username><pt><x>275</x><y>141</y><time>26-08-20 00:07:48:624</time></pt><pt><x>2738</x><y>141</y><time>26-08-20 00:07:50:698</time></pt><pt><x>2738</x><y>1876</y><time>undefined</time></pt><pt><x>275</x><y>1876</y><time>undefined</time></pt><closed_date>26-08-20 00:07:50:699</closed_date></polygon></object></annotation>