<annotation><filename>m3_s01_023_p_ic068.jpg</filename><folder>users/joselusava//santiago_3</folder><source><submittedBy>Jose Saca</submittedBy></source><imagesize><nrows>2970</nrows><ncols>4451</ncols></imagesize><object><name>m3_s01_023_p_ic068</name><deleted>0</deleted><verified>0</verified><occluded>no</occluded><attributes></attributes><parts><hasparts></hasparts><ispartof></ispartof></parts><date>04-11-20 20:06:44:427</date><id>0</id><type>bounding_box</type><polygon><username>anonymous</username><pt><x>807</x><y>203</y><time>04-11-20 20:06:41:212</time></pt><pt><x>3177</x><y>203</y><time>04-11-20 20:06:42:681</time></pt><pt><x>3177</x><y>2485</y><time>undefined</time></pt><pt><x>807</x><y>2485</y><time>undefined</time></pt><closed_date>04-11-20 20:06:42:681</closed_date></polygon></object></annotation>