<annotation><filename>m2_s02_085_p_nic016.jpg</filename><folder>users/joselusava//m2_jsv/85/nic</folder><source><submittedBy>Jose Saca</submittedBy></source><imagesize><nrows>2910</nrows><ncols>4361</ncols></imagesize><object><name>m2_s02_085_p_nic016</name><deleted>0</deleted><verified>0</verified><occluded>no</occluded><attributes></attributes><parts><hasparts></hasparts><ispartof></ispartof></parts><date>19-09-20 22:29:26:140</date><id>0</id><type>bounding_box</type><polygon><username>anonymous</username><pt><x>1140</x><y>1880</y><time>19-09-20 22:29:24:270</time></pt><pt><x>52</x><y>1880</y><time>19-09-20 22:29:25:465</time></pt><pt><x>52</x><y>722</y><time>undefined</time></pt><pt><x>1140</x><y>722</y><time>undefined</time></pt><closed_date>19-09-20 22:29:25:465</closed_date></polygon></object></annotation>