<annotation><filename>img_m1_s10_303_p_nic059.jpg</filename><folder>users/joselusava//santiago</folder><source><submittedBy>Jose Saca</submittedBy></source><imagesize><nrows>3200</nrows><ncols>4800</ncols></imagesize><object><name>m1_s10_303_p_nic059</name><deleted>0</deleted><verified>0</verified><occluded>no</occluded><attributes></attributes><parts><hasparts></hasparts><ispartof></ispartof></parts><date>01-09-20 22:09:44:687</date><id>0</id><type>bounding_box</type><polygon><username>anonymous</username><pt><x>428</x><y>1310</y><time>01-09-20 22:09:35:443</time></pt><pt><x>1238</x><y>1310</y><time>01-09-20 22:09:37:408</time></pt><pt><x>1238</x><y>2131</y><time>undefined</time></pt><pt><x>428</x><y>2131</y><time>undefined</time></pt><closed_date>01-09-20 22:09:37:409</closed_date></polygon></object></annotation>