<annotation><filename>m4_s11_178_p_ic027.jpg</filename><folder>users/joselusava//santiago_2</folder><source><submittedBy>Jose Saca</submittedBy></source><imagesize><nrows>2970</nrows><ncols>4451</ncols></imagesize><object><name>m4_s11_178_p_ic027</name><deleted>0</deleted><verified>0</verified><occluded>no</occluded><attributes></attributes><parts><hasparts></hasparts><ispartof></ispartof></parts><date>15-10-20 21:26:47:391</date><id>0</id><type>bounding_box</type><polygon><username>anonymous</username><pt><x>1439</x><y>710</y><time>15-10-20 21:26:43:845</time></pt><pt><x>2834</x><y>710</y><time>15-10-20 21:26:45:364</time></pt><pt><x>2834</x><y>2245</y><time>undefined</time></pt><pt><x>1439</x><y>2245</y><time>undefined</time></pt><closed_date>15-10-20 21:26:45:364</closed_date></polygon></object></annotation>