<annotation><filename>m4_s11_178_p_ic044.jpg</filename><folder>users/joselusava//santiago_2</folder><source><submittedBy>Jose Saca</submittedBy></source><imagesize><nrows>2970</nrows><ncols>4451</ncols></imagesize><object><name>m4_s11_178_p_ic044</name><deleted>0</deleted><verified>0</verified><occluded>no</occluded><attributes></attributes><parts><hasparts></hasparts><ispartof></ispartof></parts><date>15-10-20 21:43:17:414</date><id>0</id><type>bounding_box</type><polygon><username>anonymous</username><pt><x>1724</x><y>750</y><time>15-10-20 21:43:14:173</time></pt><pt><x>2609</x><y>750</y><time>15-10-20 21:43:15:688</time></pt><pt><x>2609</x><y>2088</y><time>undefined</time></pt><pt><x>1724</x><y>2088</y><time>undefined</time></pt><closed_date>15-10-20 21:43:15:689</closed_date></polygon></object></annotation>