<annotation><filename>m2_s05_236_p_nic015.jpg</filename><folder>users/joselusava//museos2020</folder><source><submittedBy>Jose Saca</submittedBy></source><imagesize><nrows>2910</nrows><ncols>4361</ncols></imagesize><object><name>m2_s05_236_p_nic015</name><deleted>0</deleted><verified>0</verified><occluded>no</occluded><attributes></attributes><parts><hasparts></hasparts><ispartof></ispartof></parts><date>17-09-20 06:50:45:051</date><id>0</id><type>bounding_box</type><polygon><username>anonymous</username><pt><x>88</x><y>679</y><time>17-09-20 06:50:38:208</time></pt><pt><x>2538</x><y>679</y><time>17-09-20 06:50:39:778</time></pt><pt><x>2538</x><y>2450</y><time>undefined</time></pt><pt><x>88</x><y>2450</y><time>undefined</time></pt><closed_date>17-09-20 06:50:39:779</closed_date></polygon></object></annotation>