<annotation><filename>m1_s01_021_p_nic043.jpg</filename><folder>users/joselusava//santiago</folder><source><submittedBy>Jose Saca</submittedBy></source><imagesize><nrows>3200</nrows><ncols>4800</ncols></imagesize><object><name>m1_s01_021_p_nic043</name><deleted>0</deleted><verified>0</verified><occluded>no</occluded><attributes></attributes><parts><hasparts></hasparts><ispartof></ispartof></parts><date>15-09-20 16:31:32:946</date><id>0</id><type>bounding_box</type><polygon><username>anonymous</username><pt><x>1850</x><y>2340</y><time>15-09-20 16:31:24:798</time></pt><pt><x>2369</x><y>2340</y><time>15-09-20 16:31:26:602</time></pt><pt><x>2369</x><y>3031</y><time>undefined</time></pt><pt><x>1850</x><y>3031</y><time>undefined</time></pt><closed_date>15-09-20 16:31:26:603</closed_date></polygon></object></annotation>