<annotation><filename>m2_s02_085_p_nic034.jpg</filename><folder>users/joselusava//m2_jsv/85/nic</folder><source><submittedBy>Jose Saca</submittedBy></source><imagesize><nrows>2910</nrows><ncols>4361</ncols></imagesize><object><name>m2_s02_085_p_nic034</name><deleted>0</deleted><verified>0</verified><occluded>no</occluded><attributes></attributes><parts><hasparts></hasparts><ispartof></ispartof></parts><date>19-09-20 22:37:21:611</date><id>0</id><type>bounding_box</type><polygon><username>anonymous</username><pt><x>3108</x><y>1053</y><time>19-09-20 22:37:19:762</time></pt><pt><x>3934</x><y>1053</y><time>19-09-20 22:37:20:971</time></pt><pt><x>3934</x><y>2019</y><time>undefined</time></pt><pt><x>3108</x><y>2019</y><time>undefined</time></pt><closed_date>19-09-20 22:37:20:971</closed_date></polygon></object></annotation>