<annotation><filename>m4_s06_089_p_ic015.jpg</filename><folder>users/joselusava//santiago_2</folder><source><submittedBy>Jose Saca</submittedBy></source><imagesize><nrows>2970</nrows><ncols>4451</ncols></imagesize><object><name>m4_s06_089_p_ic015</name><deleted>0</deleted><verified>0</verified><occluded>no</occluded><attributes></attributes><parts><hasparts></hasparts><ispartof></ispartof></parts><date>10-10-20 22:42:20:331</date><id>0</id><type>bounding_box</type><polygon><username>anonymous</username><pt><x>1556</x><y>410</y><time>10-10-20 22:42:15:977</time></pt><pt><x>3214</x><y>410</y><time>10-10-20 22:42:17:613</time></pt><pt><x>3214</x><y>2549</y><time>undefined</time></pt><pt><x>1556</x><y>2549</y><time>undefined</time></pt><closed_date>10-10-20 22:42:17:614</closed_date></polygon></object></annotation>