<annotation><filename>m4_s10_164_p_nic022.jpg</filename><folder>users/joselusava//santiago_2</folder><source><submittedBy>Jose Saca</submittedBy></source><imagesize><nrows>2970</nrows><ncols>4451</ncols></imagesize><object><name>m4_s10_164_p_nic022</name><deleted>0</deleted><verified>0</verified><occluded>no</occluded><attributes></attributes><parts><hasparts></hasparts><ispartof></ispartof></parts><date>13-10-20 23:49:06:886</date><id>0</id><type>bounding_box</type><polygon><username>anonymous</username><pt><x>735</x><y>1938</y><time>13-10-20 23:49:04:414</time></pt><pt><x>1310</x><y>1938</y><time>13-10-20 23:49:05:122</time></pt><pt><x>1310</x><y>2552</y><time>undefined</time></pt><pt><x>735</x><y>2552</y><time>undefined</time></pt><closed_date>13-10-20 23:49:05:124</closed_date></polygon></object></annotation>