<annotation><filename>m4_s04_047_p_ic003.jpg</filename><folder>users/joselusava//kath/kath_m4_047</folder><source><submittedBy>Jose Saca</submittedBy></source><imagesize><nrows>2970</nrows><ncols>4451</ncols></imagesize><object><name>m4_s04_047_p_ic003</name><deleted>0</deleted><verified>0</verified><occluded>no</occluded><attributes></attributes><parts><hasparts></hasparts><ispartof></ispartof></parts><date>24-10-20 13:30:33:919</date><id>0</id><polygon><username>anonymous</username><pt><x>1619</x><y>438</y><time>24-10-20 13:30:25:418</time></pt><pt><x>1827</x><y>2688</y><time>24-10-20 13:30:26:896</time></pt><pt><x>2755</x><y>2450</y><time>24-10-20 13:30:28:487</time></pt><pt><x>2651</x><y>349</y><time>24-10-20 13:30:29:943</time></pt><closed_date>24-10-20 13:30:31:217</closed_date></polygon></object></annotation>