<annotation><filename>m4_s10_164_p_ic099.jpg</filename><folder>users/joselusava//santiago_2</folder><source><submittedBy>Jose Saca</submittedBy></source><imagesize><nrows>2970</nrows><ncols>4451</ncols></imagesize><object><name>m4_s10_164_p_ic099</name><deleted>0</deleted><verified>0</verified><occluded>no</occluded><attributes></attributes><parts><hasparts></hasparts><ispartof></ispartof></parts><date>13-10-20 23:18:44:869</date><id>0</id><type>bounding_box</type><polygon><username>anonymous</username><pt><x>2035</x><y>1032</y><time>13-10-20 23:18:41:909</time></pt><pt><x>2367</x><y>1032</y><time>13-10-20 23:18:42:759</time></pt><pt><x>2367</x><y>1596</y><time>undefined</time></pt><pt><x>2035</x><y>1596</y><time>undefined</time></pt><closed_date>13-10-20 23:18:42:759</closed_date></polygon></object></annotation>