<annotation><filename>m2_s01_054_p_ic023.jpg</filename><folder>users/joselusava//kath</folder><source><submittedBy>Jose Saca</submittedBy></source><imagesize><nrows>2850</nrows><ncols>4271</ncols></imagesize><object><name>m2_s01_054_p_ic023</name><deleted>0</deleted><verified>0</verified><occluded>no</occluded><attributes></attributes><parts><hasparts></hasparts><ispartof></ispartof></parts><date>29-09-20 21:45:22:737</date><id>0</id><type>bounding_box</type><polygon><username>anonymous</username><pt><x>1355</x><y>442</y><time>29-09-20 21:45:15:884</time></pt><pt><x>2766</x><y>442</y><time>29-09-20 21:45:19:098</time></pt><pt><x>2766</x><y>2576</y><time>undefined</time></pt><pt><x>1355</x><y>2576</y><time>undefined</time></pt><closed_date>29-09-20 21:45:19:099</closed_date></polygon></object></annotation>