<annotation><filename>m2_s01_010_p_ic072.jpg</filename><folder>users/joselusava//santiago</folder><source><submittedBy>Jose Saca</submittedBy></source><imagesize><nrows>2850</nrows><ncols>4271</ncols></imagesize><object><name>m2_s01_010_p_ic072</name><deleted>0</deleted><verified>0</verified><occluded>no</occluded><attributes></attributes><parts><hasparts></hasparts><ispartof></ispartof></parts><date>21-09-20 23:19:57:432</date><id>0</id><type>bounding_box</type><polygon><username>anonymous</username><pt><x>1045</x><y>305</y><time>21-09-20 23:19:47:298</time></pt><pt><x>3225</x><y>305</y><time>21-09-20 23:19:51:230</time></pt><pt><x>3225</x><y>2465</y><time>undefined</time></pt><pt><x>1045</x><y>2465</y><time>undefined</time></pt><closed_date>21-09-20 23:19:51:231</closed_date></polygon></object></annotation>