<annotation><filename>m1_s06_168_p_nic054.jpg</filename><folder>users/joselusava//jacob_2/168nic</folder><source><submittedBy>Jose Saca</submittedBy></source><imagesize><nrows>2736</nrows><ncols>4100</ncols></imagesize><object><name>m1_s06_168_p_nic054</name><deleted>0</deleted><verified>0</verified><occluded>no</occluded><attributes></attributes><parts><hasparts></hasparts><ispartof></ispartof></parts><date>08-09-20 23:19:36:337</date><id>0</id><type>bounding_box</type><polygon><username>anonymous</username><pt><x>2854</x><y>1697</y><time>08-09-20 23:19:33:602</time></pt><pt><x>2083</x><y>1697</y><time>08-09-20 23:19:35:439</time></pt><pt><x>2083</x><y>295</y><time>undefined</time></pt><pt><x>2854</x><y>295</y><time>undefined</time></pt><closed_date>08-09-20 23:19:35:439</closed_date></polygon></object></annotation>