<annotation><filename>m1_s01_001_p_nic073.jpg</filename><folder>users/joselusava//juancarlos</folder><source><submittedBy>Jose Saca</submittedBy></source><imagesize><nrows>3200</nrows><ncols>4800</ncols></imagesize><object><name>m1_s01_001_p_nic073</name><deleted>0</deleted><verified>0</verified><occluded>no</occluded><attributes></attributes><parts><hasparts></hasparts><ispartof></ispartof></parts><date>11-09-20 11:47:39:848</date><id>0</id><type>bounding_box</type><polygon><username>anonymous</username><pt><x>2379</x><y>1725</y><time>11-09-20 11:47:31:434</time></pt><pt><x>4348</x><y>1725</y><time>11-09-20 11:47:34:864</time></pt><pt><x>4348</x><y>2795</y><time>undefined</time></pt><pt><x>2379</x><y>2795</y><time>undefined</time></pt><closed_date>11-09-20 11:47:34:865</closed_date></polygon></object></annotation>