<annotation><filename>m2_s01_058_p_nic040.jpg</filename><folder>users/joselusava//m2_jsv/58/nic</folder><source><submittedBy>Jose Saca</submittedBy></source><imagesize><nrows>2850</nrows><ncols>4271</ncols></imagesize><object><name>m2_s01_058_p_nic040</name><deleted>0</deleted><verified>0</verified><occluded>no</occluded><attributes></attributes><parts><hasparts></hasparts><ispartof></ispartof></parts><date>29-09-20 23:05:01:487</date><id>0</id><type>bounding_box</type><polygon><username>anonymous</username><pt><x>3018</x><y>1381</y><time>29-09-20 23:04:59:054</time></pt><pt><x>1211</x><y>1381</y><time>29-09-20 23:05:00:709</time></pt><pt><x>1211</x><y>34</y><time>undefined</time></pt><pt><x>3018</x><y>34</y><time>undefined</time></pt><closed_date>29-09-20 23:05:00:709</closed_date></polygon></object></annotation>