<annotation><filename>m1_s02_029_p_nic005.jpg</filename><folder>users/joselusava//museos2020</folder><source><submittedBy>Jose Saca</submittedBy></source><imagesize><nrows>3200</nrows><ncols>4800</ncols></imagesize><object><name>m1_s02_029_p_nic005</name><deleted>0</deleted><verified>0</verified><occluded>no</occluded><attributes></attributes><parts><hasparts></hasparts><ispartof></ispartof></parts><date>27-08-20 18:17:36:416</date><id>0</id><type>bounding_box</type><polygon><username>anonymous</username><pt><x>3887</x><y>2894</y><time>27-08-20 18:17:30:991</time></pt><pt><x>2642</x><y>2894</y><time>27-08-20 18:17:33:505</time></pt><pt><x>2642</x><y>1675</y><time>undefined</time></pt><pt><x>3887</x><y>1675</y><time>undefined</time></pt><closed_date>27-08-20 18:17:33:505</closed_date></polygon></object></annotation>