<annotation><filename>m3_s01_002_p_nic025.jpg</filename><folder>users/joselusava//santiago_3</folder><source><submittedBy>Jose Saca</submittedBy></source><imagesize><nrows>2970</nrows><ncols>4451</ncols></imagesize><object><name>m3_s01_002_p_nic025</name><deleted>0</deleted><verified>0</verified><occluded>no</occluded><attributes></attributes><parts><hasparts></hasparts><ispartof></ispartof></parts><date>29-10-20 15:46:57:081</date><id>0</id><type>bounding_box</type><polygon><username>anonymous</username><pt><x>1303</x><y>1017</y><time>29-10-20 15:46:52:369</time></pt><pt><x>4016</x><y>1017</y><time>29-10-20 15:46:54:277</time></pt><pt><x>4016</x><y>2831</y><time>undefined</time></pt><pt><x>1303</x><y>2831</y><time>undefined</time></pt><closed_date>29-10-20 15:46:54:278</closed_date></polygon></object></annotation>