<annotation><filename>m2_s01_032_p_ic032.jpg</filename><folder>users/joselusava//santiago_2</folder><source><submittedBy>Jose Saca</submittedBy></source><imagesize><nrows>2850</nrows><ncols>4271</ncols></imagesize><object><name>m2_s01_032_p_ic032</name><deleted>0</deleted><verified>0</verified><occluded>no</occluded><attributes></attributes><parts><hasparts></hasparts><ispartof></ispartof></parts><date>30-09-20 12:17:46:856</date><id>0</id><type>bounding_box</type><polygon><username>anonymous</username><pt><x>1330</x><y>157</y><time>30-09-20 12:17:42:461</time></pt><pt><x>3023</x><y>157</y><time>30-09-20 12:17:44:622</time></pt><pt><x>3023</x><y>2693</y><time>undefined</time></pt><pt><x>1330</x><y>2693</y><time>undefined</time></pt><closed_date>30-09-20 12:17:44:624</closed_date></polygon></object></annotation>