<annotation><filename>m4_s10_164_p_nic071.jpg</filename><folder>users/joselusava//santiago_2</folder><source><submittedBy>Jose Saca</submittedBy></source><imagesize><nrows>2970</nrows><ncols>4451</ncols></imagesize><object><name>m4_s10_164_p_nic071</name><deleted>0</deleted><verified>0</verified><occluded>no</occluded><attributes></attributes><parts><hasparts></hasparts><ispartof></ispartof></parts><date>14-10-20 16:11:03:434</date><id>0</id><type>bounding_box</type><polygon><username>anonymous</username><pt><x>3352</x><y>339</y><time>14-10-20 16:11:00:631</time></pt><pt><x>3816</x><y>339</y><time>14-10-20 16:11:01:514</time></pt><pt><x>3816</x><y>900</y><time>undefined</time></pt><pt><x>3352</x><y>900</y><time>undefined</time></pt><closed_date>14-10-20 16:11:01:516</closed_date></polygon></object></annotation>