<annotation><filename>m1_s02_029_p_ic011.jpg</filename><folder>users/joselusava//valeria/sala2_029_ic</folder><source><submittedBy>Jose Saca</submittedBy></source><imagesize><nrows>2000</nrows><ncols>2992</ncols></imagesize><object><name>m1_s02_029_p_ic011</name><deleted>0</deleted><verified>0</verified><occluded>no</occluded><attributes></attributes><parts><hasparts></hasparts><ispartof></ispartof></parts><date>22-08-20 17:28:34:808</date><id>0</id><type>bounding_box</type><polygon><username>anonymous</username><pt><x>614</x><y>10</y><time>22-08-20 17:28:07:530</time></pt><pt><x>2453</x><y>10</y><time>22-08-20 17:28:13:128</time></pt><pt><x>2453</x><y>1943</y><time>undefined</time></pt><pt><x>614</x><y>1943</y><time>undefined</time></pt><closed_date>22-08-20 17:28:13:129</closed_date></polygon></object></annotation>