<annotation><filename>m1_s01_005_p_nic057.jpg</filename><folder>users/joselusava//museos2020</folder><source><submittedBy>Jose Saca</submittedBy></source><imagesize><nrows>2000</nrows><ncols>2992</ncols></imagesize><object><name>m1_s01_005_p_nic057</name><deleted>0</deleted><verified>0</verified><occluded>no</occluded><attributes></attributes><parts><hasparts></hasparts><ispartof></ispartof></parts><date>14-09-20 11:19:14:007</date><id>0</id><type>bounding_box</type><polygon><username>anonymous</username><pt><x>1476</x><y>1518</y><time>14-09-20 11:19:07:238</time></pt><pt><x>1773</x><y>1518</y><time>14-09-20 11:19:08:228</time></pt><pt><x>1773</x><y>1863</y><time>undefined</time></pt><pt><x>1476</x><y>1863</y><time>undefined</time></pt><closed_date>14-09-20 11:19:08:229</closed_date></polygon></object></annotation>