<annotation><filename>m1_s06_168_p_ic060.jpg</filename><folder>users/joselusava//jacob_2/168ic</folder><source><submittedBy>Jose Saca</submittedBy></source><imagesize><nrows>2736</nrows><ncols>4100</ncols></imagesize><object><name>m1_s06_168_p_ic060</name><deleted>0</deleted><verified>0</verified><occluded>no</occluded><attributes></attributes><parts><hasparts></hasparts><ispartof></ispartof></parts><date>08-09-20 20:14:18:321</date><id>0</id><type>bounding_box</type><polygon><username>anonymous</username><pt><x>2635</x><y>65</y><time>08-09-20 20:14:15:857</time></pt><pt><x>1506</x><y>65</y><time>08-09-20 20:14:17:677</time></pt><pt><x>1506</x><y>2431</y><time>undefined</time></pt><pt><x>2635</x><y>2431</y><time>undefined</time></pt><closed_date>08-09-20 20:14:17:678</closed_date></polygon></object></annotation>