<annotation><filename>m2_s01_018_p_ic067.jpg</filename><folder>users/joselusava//santiago_2</folder><source><submittedBy>Jose Saca</submittedBy></source><imagesize><nrows>2850</nrows><ncols>4271</ncols></imagesize><object><name>m2_s01_018_p_ic067</name><deleted>0</deleted><verified>0</verified><occluded>no</occluded><attributes></attributes><parts><hasparts></hasparts><ispartof></ispartof></parts><date>28-09-20 17:57:14:894</date><id>0</id><type>bounding_box</type><polygon><username>anonymous</username><pt><x>1619</x><y>840</y><time>28-09-20 17:57:08:171</time></pt><pt><x>2661</x><y>840</y><time>28-09-20 17:57:09:703</time></pt><pt><x>2661</x><y>2103</y><time>undefined</time></pt><pt><x>1619</x><y>2103</y><time>undefined</time></pt><closed_date>28-09-20 17:57:09:704</closed_date></polygon></object></annotation>