<annotation><filename>m4_s10_164_p_nic073.jpg</filename><folder>users/joselusava//santiago_2</folder><source><submittedBy>Jose Saca</submittedBy></source><imagesize><nrows>2970</nrows><ncols>4451</ncols></imagesize><object><name>m4_s10_164_p_nic073</name><deleted>0</deleted><verified>0</verified><occluded>no</occluded><attributes></attributes><parts><hasparts></hasparts><ispartof></ispartof></parts><date>14-10-20 16:12:15:756</date><id>0</id><type>bounding_box</type><polygon><username>anonymous</username><pt><x>2888</x><y>357</y><time>14-10-20 16:12:12:892</time></pt><pt><x>3381</x><y>357</y><time>14-10-20 16:12:13:704</time></pt><pt><x>3381</x><y>975</y><time>undefined</time></pt><pt><x>2888</x><y>975</y><time>undefined</time></pt><closed_date>14-10-20 16:12:13:705</closed_date></polygon></object></annotation>