<annotation><filename>m3_s01_002_p_nic030.jpg</filename><folder>users/joselusava//santiago_3</folder><source><submittedBy>Jose Saca</submittedBy></source><imagesize><nrows>2970</nrows><ncols>4451</ncols></imagesize><object><name>m3_s01_002_p_nic030</name><deleted>0</deleted><verified>0</verified><occluded>no</occluded><attributes></attributes><parts><hasparts></hasparts><ispartof></ispartof></parts><date>29-10-20 15:54:42:294</date><id>0</id><type>bounding_box</type><polygon><username>anonymous</username><pt><x>2099</x><y>510</y><time>29-10-20 15:54:38:549</time></pt><pt><x>4127</x><y>510</y><time>29-10-20 15:54:39:847</time></pt><pt><x>4127</x><y>2449</y><time>undefined</time></pt><pt><x>2099</x><y>2449</y><time>undefined</time></pt><closed_date>29-10-20 15:54:39:848</closed_date></polygon></object></annotation>