<annotation><filename>m2_s02_085_p_ic072.jpg</filename><folder>users/joselusava//m2_jsv/85/ic</folder><source><submittedBy>Jose Saca</submittedBy></source><imagesize><nrows>2910</nrows><ncols>4361</ncols></imagesize><object><name>m2_s02_085_p_ic072</name><deleted>0</deleted><verified>0</verified><occluded>no</occluded><attributes></attributes><parts><hasparts></hasparts><ispartof></ispartof></parts><date>17-09-20 20:01:36:730</date><id>0</id><type>bounding_box</type><polygon><username>anonymous</username><pt><x>1210</x><y>679</y><time>17-09-20 20:01:34:965</time></pt><pt><x>3012</x><y>679</y><time>17-09-20 20:01:36:199</time></pt><pt><x>3012</x><y>2550</y><time>undefined</time></pt><pt><x>1210</x><y>2550</y><time>undefined</time></pt><closed_date>17-09-20 20:01:36:200</closed_date></polygon></object></annotation>