<annotation><filename>m2_s01_010_p_nic068.jpg</filename><folder>users/joselusava//santiago</folder><source><submittedBy>Jose Saca</submittedBy></source><imagesize><nrows>2850</nrows><ncols>4271</ncols></imagesize><object><name>m2_s01_010_p_nic068</name><deleted>0</deleted><verified>0</verified><occluded>no</occluded><attributes></attributes><parts><hasparts></hasparts><ispartof></ispartof></parts><date>22-09-20 21:21:17:396</date><id>0</id><type>bounding_box</type><polygon><username>anonymous</username><pt><x>619</x><y>1558</y><time>22-09-20 21:21:10:343</time></pt><pt><x>1186</x><y>1558</y><time>22-09-20 21:21:11:249</time></pt><pt><x>1186</x><y>2283</y><time>undefined</time></pt><pt><x>619</x><y>2283</y><time>undefined</time></pt><closed_date>22-09-20 21:21:11:250</closed_date></polygon></object></annotation>