<annotation><filename>m4_s04_039_p_ic043.jpg</filename><folder>users/joselusava//santiago_2</folder><source><submittedBy>Jose Saca</submittedBy></source><imagesize><nrows>2970</nrows><ncols>4451</ncols></imagesize><object><name>m4_s04_039_p_ic043</name><deleted>0</deleted><verified>0</verified><occluded>no</occluded><attributes></attributes><parts><hasparts></hasparts><ispartof></ispartof></parts><date>20-10-20 21:49:03:690</date><id>0</id><type>bounding_box</type><polygon><username>anonymous</username><pt><x>1896</x><y>182</y><time>20-10-20 21:48:59:750</time></pt><pt><x>2752</x><y>182</y><time>20-10-20 21:49:01:343</time></pt><pt><x>2752</x><y>2856</y><time>undefined</time></pt><pt><x>1896</x><y>2856</y><time>undefined</time></pt><closed_date>20-10-20 21:49:01:344</closed_date></polygon></object></annotation>