<annotation><filename>m4_s10_154_p_nic056.jpg</filename><folder>users/joselusava//valeria/m04_s10_154_nic</folder><source><submittedBy>Jose Saca</submittedBy></source><imagesize><nrows>2970</nrows><ncols>4451</ncols></imagesize><object><name>m4_s10_154_p_nic056</name><deleted>0</deleted><verified>0</verified><occluded>no</occluded><attributes></attributes><parts><hasparts></hasparts><ispartof></ispartof></parts><date>14-10-20 13:14:05:250</date><id>0</id><type>bounding_box</type><polygon><username>anonymous</username><pt><x>3004</x><y>1719</y><time>14-10-20 13:13:59:715</time></pt><pt><x>2182</x><y>1719</y><time>14-10-20 13:14:01:731</time></pt><pt><x>2182</x><y>234</y><time>undefined</time></pt><pt><x>3004</x><y>234</y><time>undefined</time></pt><closed_date>14-10-20 13:14:01:732</closed_date></polygon></object></annotation>