<annotation><filename>m2_s06_244_p_ic073.jpg</filename><folder>users/joselusava//museos2020</folder><source><submittedBy>Jose Saca</submittedBy></source><imagesize><nrows>2910</nrows><ncols>4361</ncols></imagesize><object><name>m2_s06_244_p_ic073</name><deleted>0</deleted><verified>0</verified><occluded>no</occluded><attributes></attributes><parts><hasparts></hasparts><ispartof></ispartof></parts><date>22-09-20 15:02:49:006</date><id>0</id><type>bounding_box</type><polygon><username>anonymous</username><pt><x>495</x><y>1240</y><time>22-09-20 15:02:34:382</time></pt><pt><x>3806</x><y>1240</y><time>22-09-20 15:02:37:041</time></pt><pt><x>3806</x><y>2344</y><time>undefined</time></pt><pt><x>495</x><y>2344</y><time>undefined</time></pt><closed_date>22-09-20 15:02:37:043</closed_date></polygon></object></annotation>