<annotation><filename>m2_s01_010_p_ic099.jpg</filename><folder>users/joselusava//santiago</folder><source><submittedBy>Jose Saca</submittedBy></source><imagesize><nrows>2850</nrows><ncols>4271</ncols></imagesize><object><name>m2_s01_010_p_ic099</name><deleted>0</deleted><verified>0</verified><occluded>no</occluded><attributes></attributes><parts><hasparts></hasparts><ispartof></ispartof></parts><date>22-09-20 00:12:09:597</date><id>0</id><type>bounding_box</type><polygon><username>anonymous</username><pt><x>1183</x><y>365</y><time>22-09-20 00:11:54:836</time></pt><pt><x>3369</x><y>365</y><time>22-09-20 00:12:01:656</time></pt><pt><x>3369</x><y>2709</y><time>undefined</time></pt><pt><x>1183</x><y>2709</y><time>undefined</time></pt><closed_date>22-09-20 00:12:01:657</closed_date></polygon></object></annotation>