<annotation><filename>m4_s09_138_p_ic057.jpg</filename><folder>users/joselusava//santiago_2</folder><source><submittedBy>Jose Saca</submittedBy></source><imagesize><nrows>2970</nrows><ncols>4451</ncols></imagesize><object><name>m4_s09_138_p_ic057</name><deleted>0</deleted><verified>0</verified><occluded>no</occluded><attributes></attributes><parts><hasparts></hasparts><ispartof></ispartof></parts><date>22-10-20 16:47:08:919</date><id>0</id><type>bounding_box</type><polygon><username>anonymous</username><pt><x>175</x><y>603</y><time>22-10-20 16:47:05:169</time></pt><pt><x>4241</x><y>603</y><time>22-10-20 16:47:06:459</time></pt><pt><x>4241</x><y>2717</y><time>undefined</time></pt><pt><x>175</x><y>2717</y><time>undefined</time></pt><closed_date>22-10-20 16:47:06:459</closed_date></polygon></object></annotation>