<annotation><filename>m4_s04_039_p_nic038.jpg</filename><folder>users/joselusava//santiago_2</folder><source><submittedBy>Jose Saca</submittedBy></source><imagesize><nrows>2970</nrows><ncols>4451</ncols></imagesize><object><name>m4_s04_039_p_nic038</name><deleted>0</deleted><verified>0</verified><occluded>no</occluded><attributes></attributes><parts><hasparts></hasparts><ispartof></ispartof></parts><date>21-10-20 21:14:37:127</date><id>0</id><type>bounding_box</type><polygon><username>anonymous</username><pt><x>3270</x><y>264</y><time>21-10-20 21:14:33:664</time></pt><pt><x>3895</x><y>264</y><time>21-10-20 21:14:34:932</time></pt><pt><x>3895</x><y>2374</y><time>undefined</time></pt><pt><x>3270</x><y>2374</y><time>undefined</time></pt><closed_date>21-10-20 21:14:34:933</closed_date></polygon></object></annotation>