<annotation><filename>m1_s06_141_p_nic019.jpg</filename><folder>users/joselusava//jacob_2/141nic</folder><source><submittedBy>Jose Saca</submittedBy></source><imagesize><nrows>2736</nrows><ncols>4100</ncols></imagesize><object><name>m1_s06_141_p_nic019</name><deleted>0</deleted><verified>0</verified><occluded>no</occluded><attributes></attributes><parts><hasparts></hasparts><ispartof></ispartof></parts><date>05-09-20 00:53:14:812</date><id>0</id><type>bounding_box</type><polygon><username>anonymous</username><pt><x>534</x><y>2564</y><time>05-09-20 00:53:11:639</time></pt><pt><x>1833</x><y>2564</y><time>05-09-20 00:53:13:962</time></pt><pt><x>1833</x><y>1103</y><time>undefined</time></pt><pt><x>534</x><y>1103</y><time>undefined</time></pt><closed_date>05-09-20 00:53:13:962</closed_date></polygon></object></annotation>