<annotation><filename>img_m1_s10_303_p_nic041.jpg</filename><folder>users/joselusava//santiago</folder><source><submittedBy>Jose Saca</submittedBy></source><imagesize><nrows>3200</nrows><ncols>4800</ncols></imagesize><object><name>m1_s10_303_p_nic041</name><deleted>0</deleted><verified>0</verified><occluded>no</occluded><attributes></attributes><parts><hasparts></hasparts><ispartof></ispartof></parts><date>01-09-20 21:18:32:048</date><id>0</id><type>bounding_box</type><polygon><username>anonymous</username><pt><x>2174</x><y>2135</y><time>01-09-20 21:18:20:973</time></pt><pt><x>3369</x><y>2135</y><time>01-09-20 21:18:22:617</time></pt><pt><x>3369</x><y>3034</y><time>undefined</time></pt><pt><x>2174</x><y>3034</y><time>undefined</time></pt><closed_date>01-09-20 21:18:22:618</closed_date></polygon></object></annotation>