<annotation><filename>m4_s02_021_p_nic039.jpg</filename><folder>users/joselusava//santiago_2</folder><source><submittedBy>Jose Saca</submittedBy></source><imagesize><nrows>2910</nrows><ncols>4361</ncols></imagesize><object><name>m4_s02_021_p_nic039</name><deleted>0</deleted><verified>0</verified><occluded>no</occluded><attributes></attributes><parts><hasparts></hasparts><ispartof></ispartof></parts><date>04-10-20 22:26:32:603</date><id>0</id><type>bounding_box</type><polygon><username>anonymous</username><pt><x>2868</x><y>111</y><time>04-10-20 22:26:29:771</time></pt><pt><x>3939</x><y>111</y><time>04-10-20 22:26:30:611</time></pt><pt><x>3939</x><y>1788</y><time>undefined</time></pt><pt><x>2868</x><y>1788</y><time>undefined</time></pt><closed_date>04-10-20 22:26:30:612</closed_date></polygon></object></annotation>