<annotation><filename>m4_s11_176_p_ic039.jpg</filename><folder>users/joselusava//m4_js/176/ic</folder><source><submittedBy>Jose Saca</submittedBy></source><imagesize><nrows>2970</nrows><ncols>4451</ncols></imagesize><object><name>m4_s11_176_p_ic039</name><deleted>0</deleted><verified>0</verified><occluded>no</occluded><attributes></attributes><parts><hasparts></hasparts><ispartof></ispartof></parts><date>14-10-20 19:54:25:924</date><id>0</id><type>bounding_box</type><polygon><username>anonymous</username><pt><x>3127</x><y>2345</y><time>14-10-20 19:54:23:580</time></pt><pt><x>1128</x><y>2345</y><time>14-10-20 19:54:25:324</time></pt><pt><x>1128</x><y>542</y><time>undefined</time></pt><pt><x>3127</x><y>542</y><time>undefined</time></pt><closed_date>14-10-20 19:54:25:325</closed_date></polygon></object></annotation>