<annotation><filename>m2_s03_201_p_nic053.jpg</filename><folder>users/joselusava//valeria/m2_sala03_201_nic</folder><source><submittedBy>Jose Saca</submittedBy></source><imagesize><nrows>2910</nrows><ncols>4361</ncols></imagesize><object><name>m2_s03_201_p_nic053</name><deleted>0</deleted><verified>0</verified><occluded>no</occluded><attributes></attributes><parts><hasparts></hasparts><ispartof></ispartof></parts><date>29-09-20 23:28:16:903</date><id>0</id><type>bounding_box</type><polygon><username>anonymous</username><pt><x>2403</x><y>2414</y><time>29-09-20 23:28:10:847</time></pt><pt><x>4167</x><y>2414</y><time>29-09-20 23:28:13:675</time></pt><pt><x>4167</x><y>529</y><time>undefined</time></pt><pt><x>2403</x><y>529</y><time>undefined</time></pt><closed_date>29-09-20 23:28:13:676</closed_date></polygon></object></annotation>