<annotation><filename>m1_s02_029_p_nic090.jpg</filename><folder>users/joselusava//valeria/sala2_029_nic</folder><source><submittedBy>Jose Saca</submittedBy></source><imagesize><nrows>3200</nrows><ncols>4800</ncols></imagesize><object><name>m1_s02_029_p_nic090</name><deleted>0</deleted><verified>0</verified><occluded>no</occluded><attributes></attributes><parts><hasparts></hasparts><ispartof></ispartof></parts><date>26-08-20 21:05:10:948</date><id>0</id><type>bounding_box</type><polygon><username>anonymous</username><pt><x>2137</x><y>322</y><time>26-08-20 21:05:04:068</time></pt><pt><x>3130</x><y>322</y><time>26-08-20 21:05:07:272</time></pt><pt><x>3130</x><y>1482</y><time>undefined</time></pt><pt><x>2137</x><y>1482</y><time>undefined</time></pt><closed_date>26-08-20 21:05:07:273</closed_date></polygon></object></annotation>