<annotation><filename>m2_s02_129_p_nic032.jpg</filename><folder>users/joselusava//m2_jsv/129/nic</folder><source><submittedBy>Jose Saca</submittedBy></source><imagesize><nrows>2910</nrows><ncols>4361</ncols></imagesize><object><name>m2_s02_129_p_nic032</name><deleted>0</deleted><verified>0</verified><occluded>no</occluded><attributes></attributes><parts><hasparts></hasparts><ispartof></ispartof></parts><date>24-09-20 19:56:35:690</date><id>0</id><type>bounding_box</type><polygon><username>anonymous</username><pt><x>3229</x><y>2812</y><time>24-09-20 19:56:33:490</time></pt><pt><x>2254</x><y>2812</y><time>24-09-20 19:56:34:631</time></pt><pt><x>2254</x><y>1689</y><time>undefined</time></pt><pt><x>3229</x><y>1689</y><time>undefined</time></pt><closed_date>24-09-20 19:56:34:632</closed_date></polygon></object></annotation>