<annotation><filename>m4_s11_176_p_ic054.jpg</filename><folder>users/joselusava//m4_js/176/ic</folder><source><submittedBy>Jose Saca</submittedBy></source><imagesize><nrows>2970</nrows><ncols>4451</ncols></imagesize><object><name>m4_s11_176_p_ic054</name><deleted>0</deleted><verified>0</verified><occluded>no</occluded><attributes></attributes><parts><hasparts></hasparts><ispartof></ispartof></parts><date>15-10-20 09:48:08:796</date><id>0</id><type>bounding_box</type><polygon><username>anonymous</username><pt><x>3021</x><y>2594</y><time>15-10-20 09:48:06:629</time></pt><pt><x>1155</x><y>2594</y><time>15-10-20 09:48:08:052</time></pt><pt><x>1155</x><y>880</y><time>undefined</time></pt><pt><x>3021</x><y>880</y><time>undefined</time></pt><closed_date>15-10-20 09:48:08:052</closed_date></polygon></object></annotation>