<annotation><filename>m2_s05_236_p_ic037.jpg</filename><folder>users/joselusava//museos2020</folder><source><submittedBy>Jose Saca</submittedBy></source><imagesize><nrows>2910</nrows><ncols>4361</ncols></imagesize><object><name>m2_s05_236_p_ic037</name><deleted>0</deleted><verified>0</verified><occluded>no</occluded><attributes></attributes><parts><hasparts></hasparts><ispartof></ispartof></parts><date>16-09-20 18:23:18:204</date><id>0</id><type>bounding_box</type><polygon><username>anonymous</username><pt><x>530</x><y>153</y><time>16-09-20 18:23:08:971</time></pt><pt><x>3914</x><y>153</y><time>16-09-20 18:23:11:328</time></pt><pt><x>3914</x><y>2840</y><time>undefined</time></pt><pt><x>530</x><y>2840</y><time>undefined</time></pt><closed_date>16-09-20 18:23:11:328</closed_date></polygon></object></annotation>