<annotation><filename>m2_s06_250_p_nic065.jpg</filename><folder>users/joselusava//m2_jsv/250</folder><source><submittedBy>Jose Saca</submittedBy></source><imagesize><nrows>2910</nrows><ncols>4361</ncols></imagesize><object><name>m2_s06_250_p_nic065</name><deleted>0</deleted><verified>0</verified><occluded>no</occluded><attributes></attributes><parts><hasparts></hasparts><ispartof></ispartof></parts><date>30-09-20 11:50:22:569</date><id>0</id><type>bounding_box</type><polygon><username>anonymous</username><pt><x>2402</x><y>2220</y><time>30-09-20 11:50:19:798</time></pt><pt><x>0</x><y>2220</y><time>30-09-20 11:50:21:872</time></pt><pt><x>0</x><y>862</y><time>undefined</time></pt><pt><x>2402</x><y>862</y><time>undefined</time></pt><closed_date>30-09-20 11:50:21:872</closed_date></polygon></object></annotation>