<annotation><filename>m1_s01_004_p_ic084.jpg</filename><folder>users/joselusava//valeria_apoyo/sala001_004ic_ok</folder><source><submittedBy>Jose Saca</submittedBy></source><imagesize><nrows>2000</nrows><ncols>2992</ncols></imagesize><object><name>m1_s01_004_p_ic084</name><deleted>0</deleted><verified>0</verified><occluded>no</occluded><attributes></attributes><parts><hasparts></hasparts><ispartof></ispartof></parts><date>16-09-20 16:40:13:642</date><id>0</id><type>bounding_box</type><polygon><username>anonymous</username><pt><x>2989</x><y>1356</y><time>16-09-20 16:40:04:386</time></pt><pt><x>15</x><y>1356</y><time>16-09-20 16:40:08:930</time></pt><pt><x>15</x><y>648</y><time>undefined</time></pt><pt><x>2989</x><y>648</y><time>undefined</time></pt><closed_date>16-09-20 16:40:08:931</closed_date></polygon></object></annotation>