<annotation><filename>m2_s01_054_p_nic089.jpg</filename><folder>users/joselusava//kath_54</folder><source><submittedBy>Jose Saca</submittedBy></source><imagesize><nrows>2850</nrows><ncols>4271</ncols></imagesize><object><name>m2_s01_054_p_nic089</name><deleted>0</deleted><verified>0</verified><occluded>no</occluded><attributes></attributes><parts><hasparts></hasparts><ispartof></ispartof></parts><date>02-10-20 11:46:40:966</date><id>0</id><polygon><username>anonymous</username><pt><x>3018</x><y>562</y><time>02-10-20 11:46:16:273</time></pt><pt><x>2941</x><y>1692</y><time>02-10-20 11:46:23:903</time></pt><pt><x>3622</x><y>2008</y><time>02-10-20 11:46:33:129</time></pt><pt><x>4029</x><y>716</y><time>02-10-20 11:46:35:006</time></pt><closed_date>02-10-20 11:46:36:979</closed_date></polygon></object></annotation>