<annotation><filename>m2_s01_032_p_nic086.jpg</filename><folder>users/joselusava//santiago_2</folder><source><submittedBy>Jose Saca</submittedBy></source><imagesize><nrows>2850</nrows><ncols>4271</ncols></imagesize><object><name>m2_s01_032_p_nic086</name><deleted>0</deleted><verified>0</verified><occluded>no</occluded><attributes></attributes><parts><hasparts></hasparts><ispartof></ispartof></parts><date>30-09-20 21:23:35:423</date><id>0</id><type>bounding_box</type><polygon><username>anonymous</username><pt><x>556</x><y>299</y><time>30-09-20 21:23:32:266</time></pt><pt><x>1283</x><y>299</y><time>30-09-20 21:23:33:321</time></pt><pt><x>1283</x><y>1255</y><time>undefined</time></pt><pt><x>556</x><y>1255</y><time>undefined</time></pt><closed_date>30-09-20 21:23:33:322</closed_date></polygon></object></annotation>