<annotation><filename>m2_s02_190_p_nic001.jpg</filename><folder>users/joselusava//m2_jsv/190/nic</folder><source><submittedBy>Jose Saca</submittedBy></source><imagesize><nrows>2910</nrows><ncols>4361</ncols></imagesize><object><name>m2_s02_190_p_nic001</name><deleted>0</deleted><verified>0</verified><occluded>no</occluded><attributes></attributes><parts><hasparts></hasparts><ispartof></ispartof></parts><date>21-09-20 14:49:59:203</date><id>0</id><type>bounding_box</type><polygon><username>anonymous</username><pt><x>4006</x><y>2636</y><time>21-09-20 14:49:56:571</time></pt><pt><x>2878</x><y>2636</y><time>21-09-20 14:49:58:106</time></pt><pt><x>2878</x><y>1248</y><time>undefined</time></pt><pt><x>4006</x><y>1248</y><time>undefined</time></pt><closed_date>21-09-20 14:49:58:106</closed_date></polygon></object></annotation>