<annotation><filename>m2_s01_054_p_ic041.jpg</filename><folder>users/joselusava//kath</folder><source><submittedBy>Jose Saca</submittedBy></source><imagesize><nrows>2850</nrows><ncols>4271</ncols></imagesize><object><name>m2_s01_054_p_ic041</name><deleted>0</deleted><verified>0</verified><occluded>no</occluded><attributes></attributes><parts><hasparts></hasparts><ispartof></ispartof></parts><date>29-09-20 23:19:47:459</date><id>0</id><type>bounding_box</type><polygon><username>anonymous</username><pt><x>1299</x><y>519</y><time>29-09-20 23:19:41:832</time></pt><pt><x>2836</x><y>519</y><time>29-09-20 23:19:44:250</time></pt><pt><x>2836</x><y>2759</y><time>undefined</time></pt><pt><x>1299</x><y>2759</y><time>undefined</time></pt><closed_date>29-09-20 23:19:44:250</closed_date></polygon></object></annotation>