<annotation><filename>m2_s01_056_p_nic100.jpg</filename><folder>users/joselusava//m2_jsv/56/nic</folder><source><submittedBy>Jose Saca</submittedBy></source><imagesize><nrows>2850</nrows><ncols>4271</ncols></imagesize><object><name>m2_s01_056_p_nic100</name><deleted>0</deleted><verified>0</verified><occluded>no</occluded><attributes></attributes><parts><hasparts></hasparts><ispartof></ispartof></parts><date>28-09-20 22:40:46:696</date><id>0</id><type>bounding_box</type><polygon><username>anonymous</username><pt><x>3634</x><y>1817</y><time>28-09-20 22:40:44:672</time></pt><pt><x>2462</x><y>1817</y><time>28-09-20 22:40:45:896</time></pt><pt><x>2462</x><y>323</y><time>undefined</time></pt><pt><x>3634</x><y>323</y><time>undefined</time></pt><closed_date>28-09-20 22:40:45:896</closed_date></polygon></object></annotation>