<annotation><filename>m2_s02_190_p_ic086.jpg</filename><folder>users/joselusava//m2_jsv/190/ic</folder><source><submittedBy>Jose Saca</submittedBy></source><imagesize><nrows>2910</nrows><ncols>4361</ncols></imagesize><object><name>m2_s02_190_p_ic086</name><deleted>0</deleted><verified>0</verified><occluded>no</occluded><attributes></attributes><parts><hasparts></hasparts><ispartof></ispartof></parts><date>21-09-20 14:43:45:375</date><id>0</id><type>bounding_box</type><polygon><username>anonymous</username><pt><x>3139</x><y>2575</y><time>21-09-20 14:43:43:568</time></pt><pt><x>1474</x><y>2575</y><time>21-09-20 14:43:44:613</time></pt><pt><x>1474</x><y>147</y><time>undefined</time></pt><pt><x>3139</x><y>147</y><time>undefined</time></pt><closed_date>21-09-20 14:43:44:613</closed_date></polygon></object></annotation>