<annotation><filename>m4_s03_025_p_nic008.jpg</filename><folder>users/joselusava//santiago_3</folder><source><submittedBy>Jose Saca</submittedBy></source><imagesize><nrows>2910</nrows><ncols>4361</ncols></imagesize><object><name>m4_s03_025_p_nic008</name><deleted>0</deleted><verified>0</verified><occluded>no</occluded><attributes></attributes><parts><hasparts></hasparts><ispartof></ispartof></parts><date>07-11-20 23:03:26:822</date><id>0</id><type>bounding_box</type><polygon><username>anonymous</username><pt><x>1182</x><y>213</y><time>07-11-20 23:03:22:951</time></pt><pt><x>3452</x><y>213</y><time>07-11-20 23:03:24:459</time></pt><pt><x>3452</x><y>1532</y><time>undefined</time></pt><pt><x>1182</x><y>1532</y><time>undefined</time></pt><closed_date>07-11-20 23:03:24:460</closed_date></polygon></object></annotation>