<annotation><filename>m4_s05_055_p_nic079.jpg</filename><folder>users/joselusava//valeria/m4_s05_055_nic</folder><source><submittedBy>Jose Saca</submittedBy></source><imagesize><nrows>2910</nrows><ncols>4361</ncols></imagesize><object><name>m4_s05_055_p_nic079</name><deleted>0</deleted><verified>0</verified><occluded>no</occluded><attributes></attributes><parts><hasparts></hasparts><ispartof></ispartof></parts><date>09-10-20 18:10:56:063</date><id>0</id><type>bounding_box</type><polygon><username>anonymous</username><pt><x>243</x><y>518</y><time>09-10-20 18:10:50:058</time></pt><pt><x>1653</x><y>518</y><time>09-10-20 18:10:52:231</time></pt><pt><x>1653</x><y>2034</y><time>undefined</time></pt><pt><x>243</x><y>2034</y><time>undefined</time></pt><closed_date>09-10-20 18:10:52:231</closed_date></polygon></object></annotation>