<annotation><filename>m1_s06_141_p_nic093.jpg</filename><folder>users/joselusava//jacob_2/141nic</folder><source><submittedBy>Jose Saca</submittedBy></source><imagesize><nrows>2736</nrows><ncols>4100</ncols></imagesize><object><name>m1_s06_141_p_nic093</name><deleted>0</deleted><verified>0</verified><occluded>no</occluded><attributes></attributes><parts><hasparts></hasparts><ispartof></ispartof></parts><date>06-09-20 01:25:55:245</date><id>0</id><type>bounding_box</type><polygon><username>anonymous</username><pt><x>1060</x><y>2445</y><time>06-09-20 01:25:52:131</time></pt><pt><x>2290</x><y>2445</y><time>06-09-20 01:25:54:498</time></pt><pt><x>2290</x><y>994</y><time>undefined</time></pt><pt><x>1060</x><y>994</y><time>undefined</time></pt><closed_date>06-09-20 01:25:54:498</closed_date></polygon></object></annotation>