<annotation><filename>m2_s01_018_p_ic066.jpg</filename><folder>users/joselusava//santiago_2</folder><source><submittedBy>Jose Saca</submittedBy></source><imagesize><nrows>2850</nrows><ncols>4271</ncols></imagesize><object><name>m2_s01_018_p_ic066</name><deleted>0</deleted><verified>0</verified><occluded>no</occluded><attributes></attributes><parts><hasparts></hasparts><ispartof></ispartof></parts><date>28-09-20 17:56:20:764</date><id>0</id><type>bounding_box</type><polygon><username>anonymous</username><pt><x>1571</x><y>811</y><time>28-09-20 17:56:14:655</time></pt><pt><x>2581</x><y>811</y><time>28-09-20 17:56:15:586</time></pt><pt><x>2581</x><y>2199</y><time>undefined</time></pt><pt><x>1571</x><y>2199</y><time>undefined</time></pt><closed_date>28-09-20 17:56:15:588</closed_date></polygon></object></annotation>