<annotation><filename>m1_s06_141_p_nic051.jpg</filename><folder>users/joselusava//jacob_2/141nic</folder><source><submittedBy>Jose Saca</submittedBy></source><imagesize><nrows>2736</nrows><ncols>4100</ncols></imagesize><object><name>m1_s06_141_p_nic051</name><deleted>0</deleted><verified>0</verified><occluded>no</occluded><attributes></attributes><parts><hasparts></hasparts><ispartof></ispartof></parts><date>05-09-20 19:48:38:230</date><id>0</id><type>bounding_box</type><polygon><username>anonymous</username><pt><x>1549</x><y>1035</y><time>05-09-20 19:48:35:903</time></pt><pt><x>473</x><y>1035</y><time>05-09-20 19:48:37:546</time></pt><pt><x>473</x><y>2568</y><time>undefined</time></pt><pt><x>1549</x><y>2568</y><time>undefined</time></pt><closed_date>05-09-20 19:48:37:546</closed_date></polygon></object></annotation>