<annotation><filename>m2_s02_129_p_ic040.jpg</filename><folder>users/joselusava//m2_jsv/129/ic</folder><source><submittedBy>Jose Saca</submittedBy></source><imagesize><nrows>2910</nrows><ncols>4361</ncols></imagesize><object><name>m2_s02_129_p_ic040</name><deleted>0</deleted><verified>0</verified><occluded>no</occluded><attributes></attributes><parts><hasparts></hasparts><ispartof></ispartof></parts><date>24-09-20 19:17:18:444</date><id>0</id><type>bounding_box</type><polygon><username>anonymous</username><pt><x>2829</x><y>2524</y><time>24-09-20 19:17:16:118</time></pt><pt><x>1410</x><y>2524</y><time>24-09-20 19:17:17:538</time></pt><pt><x>1410</x><y>1158</y><time>undefined</time></pt><pt><x>2829</x><y>1158</y><time>undefined</time></pt><closed_date>24-09-20 19:17:17:538</closed_date></polygon></object></annotation>