<annotation><filename>img_m1_s03-04_108_p_ic084.jpg</filename><folder>users/joselusava//valeria/sala3y4_108_ic</folder><source><submittedBy>Jose Saca</submittedBy></source><imagesize><nrows>3200</nrows><ncols>4800</ncols></imagesize><object><name>m1_s03_s04_108_p_ic084</name><deleted>0</deleted><verified>0</verified><occluded>no</occluded><attributes></attributes><parts><hasparts></hasparts><ispartof></ispartof></parts><date>31-08-20 00:54:43:329</date><id>0</id><type>bounding_box</type><polygon><username>anonymous</username><pt><x>4564</x><y>2558</y><time>31-08-20 00:54:36:485</time></pt><pt><x>24</x><y>2558</y><time>31-08-20 00:54:39:125</time></pt><pt><x>24</x><y>915</y><time>undefined</time></pt><pt><x>4564</x><y>915</y><time>undefined</time></pt><closed_date>31-08-20 00:54:39:127</closed_date></polygon></object></annotation>