<annotation><filename>m2_s03_219_p_nic037.jpg</filename><folder>users/joselusava//valeria/m2_sala03_219_nic</folder><source><submittedBy>Jose Saca</submittedBy></source><imagesize><nrows>2910</nrows><ncols>4361</ncols></imagesize><object><name>m2_s03_219_p_nic037</name><deleted>0</deleted><verified>0</verified><occluded>no</occluded><attributes></attributes><parts><hasparts></hasparts><ispartof></ispartof></parts><date>29-09-20 17:52:08:840</date><id>0</id><type>bounding_box</type><polygon><username>anonymous</username><pt><x>1334</x><y>2524</y><time>29-09-20 17:52:04:003</time></pt><pt><x>165</x><y>2524</y><time>29-09-20 17:52:06:137</time></pt><pt><x>165</x><y>601</y><time>undefined</time></pt><pt><x>1334</x><y>601</y><time>undefined</time></pt><closed_date>29-09-20 17:52:06:137</closed_date></polygon></object></annotation>