<annotation><filename>m3_s01_013_p_nic001.jpg</filename><folder>users/joselusava//valeria/m03_s01_13_nic</folder><source><submittedBy>Jose Saca</submittedBy></source><imagesize><nrows>2970</nrows><ncols>4451</ncols></imagesize><object><name>m3_s01_013_p_nic001</name><deleted>0</deleted><verified>0</verified><occluded>no</occluded><attributes></attributes><parts><hasparts></hasparts><ispartof></ispartof></parts><date>01-11-20 17:18:09:841</date><id>0</id><type>bounding_box</type><polygon><username>anonymous</username><pt><x>1536</x><y>2730</y><time>01-11-20 17:16:50:257</time></pt><pt><x>4158</x><y>2730</y><time>01-11-20 17:16:52:985</time></pt><pt><x>4158</x><y>600</y><time>undefined</time></pt><pt><x>1536</x><y>600</y><time>undefined</time></pt><closed_date>01-11-20 17:16:52:987</closed_date></polygon></object></annotation>