<annotation><filename>m2_s01_007_x.jpg</filename><folder>users/joselusava//santiago</folder><source><submittedBy>Jose Saca</submittedBy></source><imagesize><nrows>2850</nrows><ncols>4271</ncols></imagesize><object><name>m2_s01_007_x</name><deleted>0</deleted><verified>0</verified><occluded>no</occluded><attributes></attributes><parts><hasparts></hasparts><ispartof></ispartof></parts><date>20-09-20 00:10:35:351</date><id>0</id><type>bounding_box</type><polygon><username>anonymous</username><pt><x>1055</x><y>853</y><time>20-09-20 00:10:23:423</time></pt><pt><x>3090</x><y>853</y><time>20-09-20 00:10:27:939</time></pt><pt><x>3090</x><y>2174</y><time>undefined</time></pt><pt><x>1055</x><y>2174</y><time>undefined</time></pt><closed_date>20-09-20 00:10:27:939</closed_date></polygon></object></annotation>