<annotation><filename>m1_s10_269_x.jpg</filename><folder>users/joselusava//santiago</folder><source><submittedBy>Jose Saca</submittedBy></source><imagesize><nrows>3200</nrows><ncols>4800</ncols></imagesize><object><name>m1_s10_269_x</name><deleted>0</deleted><verified>0</verified><occluded>no</occluded><attributes></attributes><parts><hasparts></hasparts><ispartof></ispartof></parts><date>25-08-20 16:37:49:564</date><id>0</id><type>bounding_box</type><polygon><username>anonymous</username><pt><x>666</x><y>320</y><time>25-08-20 16:37:30:383</time></pt><pt><x>3628</x><y>320</y><time>25-08-20 16:37:36:199</time></pt><pt><x>3628</x><y>3049</y><time>undefined</time></pt><pt><x>666</x><y>3049</y><time>undefined</time></pt><closed_date>25-08-20 16:37:36:199</closed_date></polygon></object></annotation>