<annotation><filename>m4_s11_178_p_ic006.jpg</filename><folder>users/joselusava//santiago_2</folder><source><submittedBy>Jose Saca</submittedBy></source><imagesize><nrows>2970</nrows><ncols>4451</ncols></imagesize><object><name>m4_s11_178_p_ic006</name><deleted>0</deleted><verified>0</verified><occluded>no</occluded><attributes></attributes><parts><hasparts></hasparts><ispartof></ispartof></parts><date>15-10-20 20:43:41:361</date><id>0</id><type>bounding_box</type><polygon><username>anonymous</username><pt><x>1596</x><y>707</y><time>15-10-20 20:43:37:710</time></pt><pt><x>2813</x><y>707</y><time>15-10-20 20:43:39:476</time></pt><pt><x>2813</x><y>2149</y><time>undefined</time></pt><pt><x>1596</x><y>2149</y><time>undefined</time></pt><closed_date>15-10-20 20:43:39:477</closed_date></polygon></object></annotation>