<annotation><filename>m2_s01_058_p_ic052.jpg</filename><folder>users/joselusava//m2_jsv/58/ic</folder><source><submittedBy>Jose Saca</submittedBy></source><imagesize><nrows>2850</nrows><ncols>4271</ncols></imagesize><object><name>m2_s01_058_p_ic052</name><deleted>0</deleted><verified>0</verified><occluded>no</occluded><attributes></attributes><parts><hasparts></hasparts><ispartof></ispartof></parts><date>29-09-20 13:25:40:276</date><id>0</id><type>bounding_box</type><polygon><username>anonymous</username><pt><x>1257</x><y>586</y><time>29-09-20 13:25:37:877</time></pt><pt><x>3184</x><y>586</y><time>29-09-20 13:25:39:509</time></pt><pt><x>3184</x><y>2199</y><time>undefined</time></pt><pt><x>1257</x><y>2199</y><time>undefined</time></pt><closed_date>29-09-20 13:25:39:509</closed_date></polygon></object></annotation>