<annotation><filename>m2_s01_010_p_nic023.jpg</filename><folder>users/joselusava//santiago</folder><source><submittedBy>Jose Saca</submittedBy></source><imagesize><nrows>2850</nrows><ncols>4271</ncols></imagesize><object><name>m2_s01_010_p_nic023</name><deleted>0</deleted><verified>0</verified><occluded>no</occluded><attributes></attributes><parts><hasparts></hasparts><ispartof></ispartof></parts><date>22-09-20 20:16:41:916</date><id>0</id><type>bounding_box</type><polygon><username>anonymous</username><pt><x>2578</x><y>1494</y><time>22-09-20 20:16:34:044</time></pt><pt><x>3597</x><y>1494</y><time>22-09-20 20:16:35:016</time></pt><pt><x>3597</x><y>2475</y><time>undefined</time></pt><pt><x>2578</x><y>2475</y><time>undefined</time></pt><closed_date>22-09-20 20:16:35:017</closed_date></polygon></object></annotation>