<annotation><filename>m2_s01_058_p_nic039.jpg</filename><folder>users/joselusava//m2_jsv/58/nic</folder><source><submittedBy>Jose Saca</submittedBy></source><imagesize><nrows>2850</nrows><ncols>4271</ncols></imagesize><object><name>m2_s01_058_p_nic039</name><deleted>0</deleted><verified>0</verified><occluded>no</occluded><attributes></attributes><parts><hasparts></hasparts><ispartof></ispartof></parts><date>29-09-20 23:04:43:290</date><id>0</id><type>bounding_box</type><polygon><username>anonymous</username><pt><x>2805</x><y>1321</y><time>29-09-20 23:04:41:150</time></pt><pt><x>1006</x><y>1321</y><time>29-09-20 23:04:42:531</time></pt><pt><x>1006</x><y>94</y><time>undefined</time></pt><pt><x>2805</x><y>94</y><time>undefined</time></pt><closed_date>29-09-20 23:04:42:532</closed_date></polygon></object></annotation>