<annotation><filename>m1_s02_029_p_nic020.jpg</filename><folder>users/joselusava//valeria/sala2_029_nic</folder><source><submittedBy>Jose Saca</submittedBy></source><imagesize><nrows>3200</nrows><ncols>4800</ncols></imagesize><object><name>m1_s02_029_p_nic020</name><deleted>0</deleted><verified>0</verified><occluded>no</occluded><attributes></attributes><parts><hasparts></hasparts><ispartof></ispartof></parts><date>26-08-20 18:14:48:218</date><id>0</id><type>bounding_box</type><polygon><username>anonymous</username><pt><x>972</x><y>1723</y><time>26-08-20 18:14:34:067</time></pt><pt><x>1928</x><y>1723</y><time>26-08-20 18:14:35:940</time></pt><pt><x>1928</x><y>2991</y><time>undefined</time></pt><pt><x>972</x><y>2991</y><time>undefined</time></pt><closed_date>26-08-20 18:14:35:941</closed_date></polygon></object></annotation>