<annotation><filename>m4_s12_185_p_ic073.jpg</filename><folder>users/joselusava//valeria/m04_s12_185_ic</folder><source><submittedBy>Jose Saca</submittedBy></source><imagesize><nrows>2910</nrows><ncols>4361</ncols></imagesize><object><name>m4_s12_185_p_ic073</name><deleted>0</deleted><verified>0</verified><occluded>no</occluded><attributes></attributes><parts><hasparts></hasparts><ispartof></ispartof></parts><date>17-10-20 18:33:28:471</date><id>0</id><type>bounding_box</type><polygon><username>anonymous</username><pt><x>716</x><y>2468</y><time>17-10-20 18:33:23:075</time></pt><pt><x>3514</x><y>2468</y><time>17-10-20 18:33:25:156</time></pt><pt><x>3514</x><y>151</y><time>undefined</time></pt><pt><x>716</x><y>151</y><time>undefined</time></pt><closed_date>17-10-20 18:33:25:158</closed_date></polygon></object></annotation>