<annotation><filename>m4_s05_055_p_nic089.jpg</filename><folder>users/joselusava//valeria/m4_s05_055_nic</folder><source><submittedBy>Jose Saca</submittedBy></source><imagesize><nrows>2910</nrows><ncols>4361</ncols></imagesize><object><name>m4_s05_055_p_nic089</name><deleted>0</deleted><verified>0</verified><occluded>no</occluded><attributes></attributes><parts><hasparts></hasparts><ispartof></ispartof></parts><date>09-10-20 18:21:26:003</date><id>0</id><type>bounding_box</type><polygon><username>anonymous</username><pt><x>2871</x><y>595</y><time>09-10-20 18:21:12:908</time></pt><pt><x>4067</x><y>595</y><time>09-10-20 18:21:14:987</time></pt><pt><x>4067</x><y>1868</y><time>undefined</time></pt><pt><x>2871</x><y>1868</y><time>undefined</time></pt><closed_date>09-10-20 18:21:15:001</closed_date></polygon></object></annotation>