<annotation><filename>m4_s02_021_p_nic092.jpg</filename><folder>users/joselusava//santiago_2</folder><source><submittedBy>Jose Saca</submittedBy></source><imagesize><nrows>2910</nrows><ncols>4361</ncols></imagesize><object><name>m4_s02_021_p_nic092</name><deleted>0</deleted><verified>0</verified><occluded>no</occluded><attributes></attributes><parts><hasparts></hasparts><ispartof></ispartof></parts><date>05-10-20 11:58:07:660</date><id>0</id><type>bounding_box</type><polygon><username>anonymous</username><pt><x>717</x><y>395</y><time>05-10-20 11:58:04:041</time></pt><pt><x>1864</x><y>395</y><time>05-10-20 11:58:05:684</time></pt><pt><x>1864</x><y>2335</y><time>undefined</time></pt><pt><x>717</x><y>2335</y><time>undefined</time></pt><closed_date>05-10-20 11:58:05:684</closed_date></polygon></object></annotation>