<annotation><filename>m4_s02_021_p_nic073.jpg</filename><folder>users/joselusava//santiago_2</folder><source><submittedBy>Jose Saca</submittedBy></source><imagesize><nrows>2910</nrows><ncols>4361</ncols></imagesize><object><name>m4_s02_021_p_nic073</name><deleted>0</deleted><verified>0</verified><occluded>no</occluded><attributes></attributes><parts><hasparts></hasparts><ispartof></ispartof></parts><date>05-10-20 11:42:31:583</date><id>0</id><type>bounding_box</type><polygon><username>anonymous</username><pt><x>1268</x><y>953</y><time>05-10-20 11:42:28:320</time></pt><pt><x>2068</x><y>953</y><time>05-10-20 11:42:29:774</time></pt><pt><x>2068</x><y>2536</y><time>undefined</time></pt><pt><x>1268</x><y>2536</y><time>undefined</time></pt><closed_date>05-10-20 11:42:29:774</closed_date></polygon></object></annotation>