<annotation><filename>m1_s06_169_x.jpg</filename><folder>users/joselusava//jacob_2/sala6</folder><source><submittedBy>Jose Saca</submittedBy></source><imagesize><nrows>2736</nrows><ncols>4100</ncols></imagesize><object><name>m1_s06_169_x</name><deleted>0</deleted><verified>0</verified><occluded>no</occluded><attributes></attributes><parts><hasparts></hasparts><ispartof></ispartof></parts><date>06-09-20 01:46:35:803</date><id>0</id><type>bounding_box</type><polygon><username>anonymous</username><pt><x>921</x><y>2617</y><time>06-09-20 01:46:33:208</time></pt><pt><x>3097</x><y>2617</y><time>06-09-20 01:46:35:043</time></pt><pt><x>3097</x><y>73</y><time>undefined</time></pt><pt><x>921</x><y>73</y><time>undefined</time></pt><closed_date>06-09-20 01:46:35:043</closed_date></polygon></object></annotation>