<annotation><filename>m4_s07_105_p_nic026.jpg</filename><folder>users/joselusava//kath/m4_105/nic</folder><source><submittedBy>Jose Saca</submittedBy></source><imagesize><nrows>2970</nrows><ncols>4451</ncols></imagesize><object><name>m4_s07_105_p_nic026</name><deleted>0</deleted><verified>0</verified><occluded>no</occluded><attributes></attributes><parts><hasparts></hasparts><ispartof></ispartof></parts><date>29-10-20 09:37:19:296</date><id>0</id><type>bounding_box</type><polygon><username>anonymous</username><pt><x>2225</x><y>1336</y><time>29-10-20 09:37:13:028</time></pt><pt><x>2960</x><y>1336</y><time>29-10-20 09:37:17:031</time></pt><pt><x>2960</x><y>2850</y><time>undefined</time></pt><pt><x>2225</x><y>2850</y><time>undefined</time></pt><closed_date>29-10-20 09:37:17:031</closed_date></polygon></object></annotation>