<annotation><filename>m4_s03_025_p_nic007.jpg</filename><folder>users/joselusava//santiago_3</folder><source><submittedBy>Jose Saca</submittedBy></source><imagesize><nrows>2910</nrows><ncols>4361</ncols></imagesize><object><name>m4_s03_025_p_nic007</name><deleted>0</deleted><verified>0</verified><occluded>no</occluded><attributes></attributes><parts><hasparts></hasparts><ispartof></ispartof></parts><date>07-11-20 23:02:39:016</date><id>0</id><type>bounding_box</type><polygon><username>anonymous</username><pt><x>1431</x><y>213</y><time>07-11-20 23:02:35:530</time></pt><pt><x>3739</x><y>213</y><time>07-11-20 23:02:36:663</time></pt><pt><x>3739</x><y>1472</y><time>undefined</time></pt><pt><x>1431</x><y>1472</y><time>undefined</time></pt><closed_date>07-11-20 23:02:36:663</closed_date></polygon></object></annotation>