<annotation><filename>m4_s04_045_p_nic010.jpg</filename><folder>users/joselusava//valeria/m04_s04_45_nic</folder><source><submittedBy>Jose Saca</submittedBy></source><imagesize><nrows>2970</nrows><ncols>4451</ncols></imagesize><object><name>m4_s04_045_p_nic010</name><deleted>0</deleted><verified>0</verified><occluded>no</occluded><attributes></attributes><parts><hasparts></hasparts><ispartof></ispartof></parts><date>20-10-20 00:12:54:901</date><id>0</id><type>bounding_box</type><polygon><username>anonymous</username><pt><x>2610</x><y>1548</y><time>20-10-20 00:12:50:469</time></pt><pt><x>3490</x><y>1548</y><time>20-10-20 00:12:51:916</time></pt><pt><x>3490</x><y>211</y><time>undefined</time></pt><pt><x>2610</x><y>211</y><time>undefined</time></pt><closed_date>20-10-20 00:12:51:917</closed_date></polygon></object></annotation>