<annotation><filename>m2_s01_032_p_ic010.jpg</filename><folder>users/joselusava//santiago_2</folder><source><submittedBy>Jose Saca</submittedBy></source><imagesize><nrows>2850</nrows><ncols>4271</ncols></imagesize><object><name>m2_s01_032_p_ic010</name><deleted>0</deleted><verified>0</verified><occluded>no</occluded><attributes></attributes><parts><hasparts></hasparts><ispartof></ispartof></parts><date>29-09-20 22:10:52:771</date><id>0</id><type>bounding_box</type><polygon><username>anonymous</username><pt><x>1215</x><y>433</y><time>29-09-20 22:10:46:389</time></pt><pt><x>2965</x><y>433</y><time>29-09-20 22:10:50:583</time></pt><pt><x>2965</x><y>2812</y><time>undefined</time></pt><pt><x>1215</x><y>2812</y><time>undefined</time></pt><closed_date>29-09-20 22:10:50:584</closed_date></polygon></object></annotation>