<annotation><filename>m1_s02_029_p_ic050.jpg</filename><folder>users/joselusava//valeria/sala2_029_ic</folder><source><submittedBy>Jose Saca</submittedBy></source><imagesize><nrows>3200</nrows><ncols>4800</ncols></imagesize><object><name>m1_s02_029_p_ic050</name><deleted>0</deleted><verified>0</verified><occluded>no</occluded><attributes></attributes><parts><hasparts></hasparts><ispartof></ispartof></parts><date>22-08-20 19:49:46:364</date><id>0</id><type>bounding_box</type><polygon><username>anonymous</username><pt><x>1063</x><y>64</y><time>22-08-20 19:49:37:892</time></pt><pt><x>3313</x><y>64</y><time>22-08-20 19:49:42:711</time></pt><pt><x>3313</x><y>2523</y><time>undefined</time></pt><pt><x>1063</x><y>2523</y><time>undefined</time></pt><closed_date>22-08-20 19:49:42:713</closed_date></polygon></object></annotation>