<annotation><filename>m4_s06_089_p_ic041.jpg</filename><folder>users/joselusava//santiago_2</folder><source><submittedBy>Jose Saca</submittedBy></source><imagesize><nrows>2970</nrows><ncols>4451</ncols></imagesize><object><name>m4_s06_089_p_ic041</name><deleted>0</deleted><verified>0</verified><occluded>no</occluded><attributes></attributes><parts><hasparts></hasparts><ispartof></ispartof></parts><date>11-10-20 18:32:53:451</date><id>0</id><type>bounding_box</type><polygon><username>anonymous</username><pt><x>1527</x><y>446</y><time>11-10-20 18:32:49:898</time></pt><pt><x>2768</x><y>446</y><time>11-10-20 18:32:51:600</time></pt><pt><x>2768</x><y>2440</y><time>undefined</time></pt><pt><x>1527</x><y>2440</y><time>undefined</time></pt><closed_date>11-10-20 18:32:51:600</closed_date></polygon></object></annotation>