<annotation><filename>m4_s10_164_p_ic021.jpg</filename><folder>users/joselusava//santiago_2</folder><source><submittedBy>Jose Saca</submittedBy></source><imagesize><nrows>2970</nrows><ncols>4451</ncols></imagesize><object><name>m4_s10_164_p_ic021</name><deleted>0</deleted><verified>0</verified><occluded>no</occluded><attributes></attributes><parts><hasparts></hasparts><ispartof></ispartof></parts><date>13-10-20 22:14:15:220</date><id>0</id><type>bounding_box</type><polygon><username>anonymous</username><pt><x>1846</x><y>975</y><time>13-10-20 22:14:11:275</time></pt><pt><x>2556</x><y>975</y><time>13-10-20 22:14:13:291</time></pt><pt><x>2556</x><y>1913</y><time>undefined</time></pt><pt><x>1846</x><y>1913</y><time>undefined</time></pt><closed_date>13-10-20 22:14:13:291</closed_date></polygon></object></annotation>