<annotation><filename>m1_s06_144_p_ic060.jpg</filename><folder>users/joselusava//jacob_2/144ic</folder><source><submittedBy>Jose Saca</submittedBy></source><imagesize><nrows>2736</nrows><ncols>4100</ncols></imagesize><object><name>m1_s06_144_p_ic060</name><deleted>0</deleted><verified>0</verified><occluded>no</occluded><attributes></attributes><parts><hasparts></hasparts><ispartof></ispartof></parts><date>08-09-20 01:29:54:544</date><id>0</id><type>bounding_box</type><polygon><username>anonymous</username><pt><x>3175</x><y>16</y><time>08-09-20 01:29:51:231</time></pt><pt><x>851</x><y>16</y><time>08-09-20 01:29:53:847</time></pt><pt><x>851</x><y>2676</y><time>undefined</time></pt><pt><x>3175</x><y>2676</y><time>undefined</time></pt><closed_date>08-09-20 01:29:53:847</closed_date></polygon></object></annotation>