<annotation><filename>m1_s06_144_p_nic098.jpg</filename><folder>users/joselusava//jacob_2/144nic</folder><source><submittedBy>Jose Saca</submittedBy></source><imagesize><nrows>2736</nrows><ncols>4100</ncols></imagesize><object><name>m1_s06_144_p_nic098</name><deleted>0</deleted><verified>0</verified><occluded>no</occluded><attributes></attributes><parts><hasparts></hasparts><ispartof></ispartof></parts><date>08-09-20 14:05:24:445</date><id>0</id><type>bounding_box</type><polygon><username>anonymous</username><pt><x>399</x><y>579</y><time>08-09-20 14:05:22:150</time></pt><pt><x>2201</x><y>579</y><time>08-09-20 14:05:23:775</time></pt><pt><x>2201</x><y>2079</y><time>undefined</time></pt><pt><x>399</x><y>2079</y><time>undefined</time></pt><closed_date>08-09-20 14:05:23:775</closed_date></polygon></object></annotation>