<annotation><filename>m2_s06_244_p_ic045.jpg</filename><folder>users/joselusava//museos2020</folder><source><submittedBy>Jose Saca</submittedBy></source><imagesize><nrows>2910</nrows><ncols>4361</ncols></imagesize><object><name>m2_s06_244_p_ic045</name><deleted>0</deleted><verified>0</verified><occluded>no</occluded><attributes></attributes><parts><hasparts></hasparts><ispartof></ispartof></parts><date>22-09-20 13:29:33:200</date><id>0</id><type>bounding_box</type><polygon><username>anonymous</username><pt><x>1355</x><y>968</y><time>22-09-20 13:29:21:295</time></pt><pt><x>3469</x><y>968</y><time>22-09-20 13:29:22:636</time></pt><pt><x>3469</x><y>2143</y><time>undefined</time></pt><pt><x>1355</x><y>2143</y><time>undefined</time></pt><closed_date>22-09-20 13:29:22:638</closed_date></polygon></object></annotation>