<annotation><filename>m3_s01_023_p_ic079.jpg</filename><folder>users/joselusava//santiago_3</folder><source><submittedBy>Jose Saca</submittedBy></source><imagesize><nrows>2970</nrows><ncols>4451</ncols></imagesize><object><name>m3_s01_023_p_ic079</name><deleted>0</deleted><verified>0</verified><occluded>no</occluded><attributes></attributes><parts><hasparts></hasparts><ispartof></ispartof></parts><date>04-11-20 20:16:07:194</date><id>0</id><type>bounding_box</type><polygon><username>anonymous</username><pt><x>785</x><y>382</y><time>04-11-20 20:16:04:455</time></pt><pt><x>3787</x><y>382</y><time>04-11-20 20:16:05:656</time></pt><pt><x>3787</x><y>2527</y><time>undefined</time></pt><pt><x>785</x><y>2527</y><time>undefined</time></pt><closed_date>04-11-20 20:16:05:657</closed_date></polygon></object></annotation>