<annotation><filename>m1_s02_065_p_nic073.jpg</filename><folder>users/joselusava//valeria/sala2_065_nic</folder><source><submittedBy>Jose Saca</submittedBy></source><imagesize><nrows>2000</nrows><ncols>2992</ncols></imagesize><object><name>m1_s02_065_p_nic073</name><deleted>0</deleted><verified>0</verified><occluded>no</occluded><attributes></attributes><parts><hasparts></hasparts><ispartof></ispartof></parts><date>28-08-20 00:01:53:371</date><id>0</id><type>bounding_box</type><polygon><username>anonymous</username><pt><x>2715</x><y>1215</y><time>28-08-20 00:01:47:949</time></pt><pt><x>1326</x><y>1215</y><time>28-08-20 00:01:50:298</time></pt><pt><x>1326</x><y>584</y><time>undefined</time></pt><pt><x>2715</x><y>584</y><time>undefined</time></pt><closed_date>28-08-20 00:01:50:299</closed_date></polygon></object></annotation>