<annotation><filename>m2_s03_219_p_ic075.jpg</filename><folder>users/joselusava//valeria/m2_sala03_219_ic</folder><source><submittedBy>Jose Saca</submittedBy></source><imagesize><nrows>2910</nrows><ncols>4361</ncols></imagesize><object><name>m2_s03_219_p_ic075</name><deleted>0</deleted><verified>0</verified><occluded>no</occluded><attributes></attributes><parts><hasparts></hasparts><ispartof></ispartof></parts><date>29-09-20 01:06:45:131</date><id>0</id><type>bounding_box</type><polygon><username>anonymous</username><pt><x>3158</x><y>231</y><time>29-09-20 01:06:39:962</time></pt><pt><x>1466</x><y>231</y><time>29-09-20 01:06:41:754</time></pt><pt><x>1466</x><y>2342</y><time>undefined</time></pt><pt><x>3158</x><y>2342</y><time>undefined</time></pt><closed_date>29-09-20 01:06:41:755</closed_date></polygon></object></annotation>