<annotation><filename>m4_s02_021_p_ic090.jpg</filename><folder>users/joselusava//santiago_2</folder><source><submittedBy>Jose Saca</submittedBy></source><imagesize><nrows>2910</nrows><ncols>4361</ncols></imagesize><object><name>m4_s02_021_p_ic090</name><deleted>0</deleted><verified>0</verified><occluded>no</occluded><attributes></attributes><parts><hasparts></hasparts><ispartof></ispartof></parts><date>04-10-20 19:44:39:912</date><id>0</id><type>bounding_box</type><polygon><username>anonymous</username><pt><x>1504</x><y>159</y><time>04-10-20 19:44:35:144</time></pt><pt><x>2785</x><y>159</y><time>04-10-20 19:44:37:241</time></pt><pt><x>2785</x><y>2383</y><time>undefined</time></pt><pt><x>1504</x><y>2383</y><time>undefined</time></pt><closed_date>04-10-20 19:44:37:241</closed_date></polygon></object></annotation>