<annotation><filename>m4_s04_039_p_ic080.jpg</filename><folder>users/joselusava//santiago_2</folder><source><submittedBy>Jose Saca</submittedBy></source><imagesize><nrows>2970</nrows><ncols>4451</ncols></imagesize><object><name>m4_s04_039_p_ic080</name><deleted>0</deleted><verified>0</verified><occluded>no</occluded><attributes></attributes><parts><hasparts></hasparts><ispartof></ispartof></parts><date>21-10-20 15:59:00:652</date><id>0</id><type>bounding_box</type><polygon><username>anonymous</username><pt><x>1970</x><y>211</y><time>21-10-20 15:58:56:484</time></pt><pt><x>2617</x><y>211</y><time>21-10-20 15:58:57:987</time></pt><pt><x>2617</x><y>2738</y><time>undefined</time></pt><pt><x>1970</x><y>2738</y><time>undefined</time></pt><closed_date>21-10-20 15:58:57:988</closed_date></polygon></object></annotation>