<annotation><filename>m1_s06_168_p_ic081.jpg</filename><folder>users/joselusava//jacob_2/168ic</folder><source><submittedBy>Jose Saca</submittedBy></source><imagesize><nrows>2736</nrows><ncols>4100</ncols></imagesize><object><name>m1_s06_168_p_ic081</name><deleted>0</deleted><verified>0</verified><occluded>no</occluded><attributes></attributes><parts><hasparts></hasparts><ispartof></ispartof></parts><date>08-09-20 22:49:13:406</date><id>0</id><type>bounding_box</type><polygon><username>anonymous</username><pt><x>867</x><y>2504</y><time>08-09-20 22:49:10:329</time></pt><pt><x>2823</x><y>2504</y><time>08-09-20 22:49:12:571</time></pt><pt><x>2823</x><y>385</y><time>undefined</time></pt><pt><x>867</x><y>385</y><time>undefined</time></pt><closed_date>08-09-20 22:49:12:572</closed_date></polygon></object></annotation>