<annotation><filename>img_m1_s10_303_p_nic021.jpg</filename><folder>users/joselusava//santiago</folder><source><submittedBy>Jose Saca</submittedBy></source><imagesize><nrows>3200</nrows><ncols>4800</ncols></imagesize><object><name>m1_s10_303_p_nic021</name><deleted>0</deleted><verified>0</verified><occluded>no</occluded><attributes></attributes><parts><hasparts></hasparts><ispartof></ispartof></parts><date>01-09-20 20:05:43:894</date><id>0</id><type>bounding_box</type><polygon><username>anonymous</username><pt><x>1580</x><y>2145</y><time>01-09-20 20:05:32:632</time></pt><pt><x>3150</x><y>2145</y><time>01-09-20 20:05:34:326</time></pt><pt><x>3150</x><y>2944</y><time>undefined</time></pt><pt><x>1580</x><y>2944</y><time>undefined</time></pt><closed_date>01-09-20 20:05:34:328</closed_date></polygon></object></annotation>