<annotation><filename>m4_s10_157_p_ic091.jpg</filename><folder>users/joselusava//valeria/m04_s10_157_ic</folder><source><submittedBy>Jose Saca</submittedBy></source><imagesize><nrows>2970</nrows><ncols>4451</ncols></imagesize><object><name>m4_s10_157_p_ic091</name><deleted>0</deleted><verified>0</verified><occluded>no</occluded><attributes></attributes><parts><hasparts></hasparts><ispartof></ispartof></parts><date>12-10-20 18:22:42:765</date><id>0</id><type>bounding_box</type><polygon><username>anonymous</username><pt><x>1243</x><y>2739</y><time>12-10-20 18:22:36:808</time></pt><pt><x>3437</x><y>2739</y><time>12-10-20 18:22:39:193</time></pt><pt><x>3437</x><y>422</y><time>undefined</time></pt><pt><x>1243</x><y>422</y><time>undefined</time></pt><closed_date>12-10-20 18:22:39:194</closed_date></polygon></object></annotation>