<annotation><filename>m1_s02_036_p_nic037.jpg</filename><folder>users/joselusava//valeria/sala2_036_nic</folder><source><submittedBy>Jose Saca</submittedBy></source><imagesize><nrows>3200</nrows><ncols>4800</ncols></imagesize><object><name>m1_s02_036_p_nic037</name><deleted>0</deleted><verified>0</verified><occluded>no</occluded><attributes></attributes><parts><hasparts></hasparts><ispartof></ispartof></parts><date>26-08-20 23:28:29:519</date><id>0</id><type>bounding_box</type><polygon><username>anonymous</username><pt><x>1509</x><y>1970</y><time>26-08-20 23:28:22:913</time></pt><pt><x>2695</x><y>1970</y><time>26-08-20 23:28:25:636</time></pt><pt><x>2695</x><y>3093</y><time>undefined</time></pt><pt><x>1509</x><y>3093</y><time>undefined</time></pt><closed_date>26-08-20 23:28:25:637</closed_date></polygon></object></annotation>