<annotation><filename>m2_s02_177_x.jpg</filename><folder>users/joselusava//m2_jsv</folder><source><submittedBy>Jose Saca</submittedBy></source><imagesize><nrows>2910</nrows><ncols>4361</ncols></imagesize><object><name>m2_s02_177_x</name><deleted>0</deleted><verified>0</verified><occluded>no</occluded><attributes></attributes><parts><hasparts></hasparts><ispartof></ispartof></parts><date>20-09-20 16:51:04:200</date><id>0</id><type>bounding_box</type><polygon><username>anonymous</username><pt><x>2977</x><y>2037</y><time>20-09-20 16:51:02:848</time></pt><pt><x>1219</x><y>2037</y><time>20-09-20 16:51:03:676</time></pt><pt><x>1219</x><y>766</y><time>undefined</time></pt><pt><x>2977</x><y>766</y><time>undefined</time></pt><closed_date>20-09-20 16:51:03:676</closed_date></polygon></object></annotation>