<annotation><filename>m1_s01_001_p_ic068.jpg</filename><folder>users/joselusava//juancarlos</folder><source><submittedBy>Jose Saca</submittedBy></source><imagesize><nrows>2000</nrows><ncols>2992</ncols></imagesize><object><name>m1_s01_001_p_ic068</name><deleted>0</deleted><verified>0</verified><occluded>no</occluded><attributes></attributes><parts><hasparts></hasparts><ispartof></ispartof></parts><date>01-09-20 09:58:46:240</date><id>0</id><type>bounding_box</type><polygon><username>anonymous</username><pt><x>617</x><y>746</y><time>01-09-20 09:58:29:588</time></pt><pt><x>2034</x><y>746</y><time>01-09-20 09:58:32:421</time></pt><pt><x>2034</x><y>1398</y><time>undefined</time></pt><pt><x>617</x><y>1398</y><time>undefined</time></pt><closed_date>01-09-20 09:58:32:423</closed_date></polygon></object></annotation>