<annotation><filename>m4_s09_138_p_ic051.jpg</filename><folder>users/joselusava//santiago_2</folder><source><submittedBy>Jose Saca</submittedBy></source><imagesize><nrows>2970</nrows><ncols>4451</ncols></imagesize><object><name>m4_s09_138_p_ic051</name><deleted>0</deleted><verified>0</verified><occluded>no</occluded><attributes></attributes><parts><hasparts></hasparts><ispartof></ispartof></parts><date>22-10-20 16:42:51:574</date><id>0</id><type>bounding_box</type><polygon><username>anonymous</username><pt><x>207</x><y>503</y><time>22-10-20 16:42:45:226</time></pt><pt><x>4248</x><y>503</y><time>22-10-20 16:42:47:993</time></pt><pt><x>4248</x><y>2617</y><time>undefined</time></pt><pt><x>207</x><y>2617</y><time>undefined</time></pt><closed_date>22-10-20 16:42:47:993</closed_date></polygon></object></annotation>