<annotation><filename>m3_s01_002_p_nic065.jpg</filename><folder>users/joselusava//santiago_3</folder><source><submittedBy>Jose Saca</submittedBy></source><imagesize><nrows>2970</nrows><ncols>4451</ncols></imagesize><object><name>m3_s01_002_p_nic065</name><deleted>0</deleted><verified>0</verified><occluded>no</occluded><attributes></attributes><parts><hasparts></hasparts><ispartof></ispartof></parts><date>29-10-20 20:56:53:187</date><id>0</id><type>bounding_box</type><polygon><username>anonymous</username><pt><x>903</x><y>264</y><time>29-10-20 20:56:49:875</time></pt><pt><x>2681</x><y>264</y><time>29-10-20 20:56:51:064</time></pt><pt><x>2681</x><y>2056</y><time>undefined</time></pt><pt><x>903</x><y>2056</y><time>undefined</time></pt><closed_date>29-10-20 20:56:51:065</closed_date></polygon></object></annotation>