<annotation><filename>m2_s06_250_p_ic088.jpg</filename><folder>users/joselusava//valeria/m2_sala06_250_ic</folder><source><submittedBy>Jose Saca</submittedBy></source><imagesize><nrows>2910</nrows><ncols>4361</ncols></imagesize><object><name>m2_s06_250_p_ic087</name><deleted>0</deleted><verified>0</verified><occluded>no</occluded><attributes></attributes><parts><hasparts></hasparts><ispartof></ispartof></parts><date>01-10-20 00:21:50:094</date><id>0</id><type>bounding_box</type><polygon><username>anonymous</username><pt><x>193</x><y>1769</y><time>01-10-20 00:21:44:189</time></pt><pt><x>4007</x><y>1769</y><time>01-10-20 00:21:46:518</time></pt><pt><x>4007</x><y>992</y><time>undefined</time></pt><pt><x>193</x><y>992</y><time>undefined</time></pt><closed_date>01-10-20 00:21:46:519</closed_date></polygon></object></annotation>