<annotation><filename>m2_s03_201_p_nic027.jpg</filename><folder>users/joselusava//valeria/m2_sala03_201_nic</folder><source><submittedBy>Jose Saca</submittedBy></source><imagesize><nrows>2910</nrows><ncols>4361</ncols></imagesize><object><name>m2_s03_201_p_nic027</name><deleted>0</deleted><verified>0</verified><occluded>no</occluded><attributes></attributes><parts><hasparts></hasparts><ispartof></ispartof></parts><date>29-09-20 23:02:02:956</date><id>0</id><type>bounding_box</type><polygon><username>anonymous</username><pt><x>386</x><y>2767</y><time>29-09-20 23:01:57:554</time></pt><pt><x>2337</x><y>2767</y><time>29-09-20 23:01:59:616</time></pt><pt><x>2337</x><y>871</y><time>undefined</time></pt><pt><x>386</x><y>871</y><time>undefined</time></pt><closed_date>29-09-20 23:01:59:617</closed_date></polygon></object></annotation>