<annotation><filename>m3_s01_010_p_ic089.jpg</filename><folder>users/joselusava//m4_js/m3/10/ic</folder><source><submittedBy>Jose Saca</submittedBy></source><imagesize><nrows>2970</nrows><ncols>4451</ncols></imagesize><object><name>m3_s01_010_p_ic089</name><deleted>0</deleted><verified>0</verified><occluded>no</occluded><attributes></attributes><parts><hasparts></hasparts><ispartof></ispartof></parts><date>29-10-20 13:25:23:276</date><id>0</id><type>bounding_box</type><polygon><username>anonymous</username><pt><x>4366</x><y>2566</y><time>29-10-20 13:25:20:380</time></pt><pt><x>426</x><y>2566</y><time>29-10-20 13:25:22:528</time></pt><pt><x>426</x><y>341</y><time>undefined</time></pt><pt><x>4366</x><y>341</y><time>undefined</time></pt><closed_date>29-10-20 13:25:22:528</closed_date></polygon></object></annotation>