<annotation><filename>m4_s02_015_p_nic047.jpg</filename><folder>users/joselusava//m4_js/15nic</folder><source><submittedBy>Jose Saca</submittedBy></source><imagesize><nrows>2910</nrows><ncols>4361</ncols></imagesize><object><name>m4_s02_015_p_nic047</name><deleted>0</deleted><verified>0</verified><occluded>no</occluded><attributes></attributes><parts><hasparts></hasparts><ispartof></ispartof></parts><date>06-10-20 20:02:00:670</date><id>0</id><type>bounding_box</type><polygon><username>anonymous</username><pt><x>2637</x><y>1593</y><time>06-10-20 20:01:58:777</time></pt><pt><x>1105</x><y>1593</y><time>06-10-20 20:01:59:816</time></pt><pt><x>1105</x><y>113</y><time>undefined</time></pt><pt><x>2637</x><y>113</y><time>undefined</time></pt><closed_date>06-10-20 20:01:59:816</closed_date></polygon></object></annotation>