<annotation><filename>m1_s06_147_x.jpg</filename><folder>users/joselusava//jacob_2/sala6</folder><source><submittedBy>Jose Saca</submittedBy></source><imagesize><nrows>2736</nrows><ncols>4100</ncols></imagesize><object><name>m1_s06_147_x</name><deleted>0</deleted><verified>0</verified><occluded>no</occluded><attributes></attributes><parts><hasparts></hasparts><ispartof></ispartof></parts><date>06-09-20 01:36:38:189</date><id>0</id><type>bounding_box</type><polygon><username>anonymous</username><pt><x>2975</x><y>2478</y><time>06-09-20 01:36:32:465</time></pt><pt><x>1051</x><y>2478</y><time>06-09-20 01:36:37:222</time></pt><pt><x>1051</x><y>187</y><time>undefined</time></pt><pt><x>2975</x><y>187</y><time>undefined</time></pt><closed_date>06-09-20 01:36:37:222</closed_date></polygon></object></annotation>