<annotation><filename>m1_s01_001_p_ic088.jpg</filename><folder>users/joselusava//juancarlos</folder><source><submittedBy>Jose Saca</submittedBy></source><imagesize><nrows>2000</nrows><ncols>2992</ncols></imagesize><object><name>m1_s01_001_p_ic088</name><deleted>0</deleted><verified>0</verified><occluded>no</occluded><attributes></attributes><parts><hasparts></hasparts><ispartof></ispartof></parts><date>01-09-20 16:11:55:885</date><id>0</id><type>bounding_box</type><polygon><username>anonymous</username><pt><x>485</x><y>624</y><time>01-09-20 16:11:45:555</time></pt><pt><x>2101</x><y>624</y><time>01-09-20 16:11:48:502</time></pt><pt><x>2101</x><y>1421</y><time>undefined</time></pt><pt><x>485</x><y>1421</y><time>undefined</time></pt><closed_date>01-09-20 16:11:48:504</closed_date></polygon></object></annotation>