<annotation><filename>m4_s04_045_p_ic077.jpg</filename><folder>users/joselusava//valeria/m04_s04_45_ic</folder><source><submittedBy>Jose Saca</submittedBy></source><imagesize><nrows>2970</nrows><ncols>4451</ncols></imagesize><object><name>m4_s04_045_p_ic077</name><deleted>0</deleted><verified>0</verified><occluded>no</occluded><attributes></attributes><parts><hasparts></hasparts><ispartof></ispartof></parts><date>19-10-20 23:35:23:484</date><id>0</id><type>bounding_box</type><polygon><username>anonymous</username><pt><x>1485</x><y>2884</y><time>19-10-20 23:35:18:030</time></pt><pt><x>2759</x><y>2884</y><time>19-10-20 23:35:20:166</time></pt><pt><x>2759</x><y>406</y><time>undefined</time></pt><pt><x>1485</x><y>406</y><time>undefined</time></pt><closed_date>19-10-20 23:35:20:167</closed_date></polygon></object></annotation>