<annotation><filename>m2_s01_010_p_nic034.jpg</filename><folder>users/joselusava//santiago</folder><source><submittedBy>Jose Saca</submittedBy></source><imagesize><nrows>2850</nrows><ncols>4271</ncols></imagesize><object><name>m2_s01_010_p_nic034</name><deleted>0</deleted><verified>0</verified><occluded>no</occluded><attributes></attributes><parts><hasparts></hasparts><ispartof></ispartof></parts><date>22-09-20 20:29:17:868</date><id>0</id><type>bounding_box</type><polygon><username>anonymous</username><pt><x>452</x><y>1350</y><time>22-09-20 20:29:10:578</time></pt><pt><x>1417</x><y>1350</y><time>22-09-20 20:29:12:144</time></pt><pt><x>1417</x><y>2199</y><time>undefined</time></pt><pt><x>452</x><y>2199</y><time>undefined</time></pt><closed_date>22-09-20 20:29:12:145</closed_date></polygon></object></annotation>