<annotation><filename>m2_s01_001_p_ic056.jpg</filename><folder>users/joselusava//santiago</folder><source><submittedBy>Jose Saca</submittedBy></source><imagesize><nrows>2850</nrows><ncols>4271</ncols></imagesize><object><name>m2_s01_001_p_ic056</name><deleted>0</deleted><verified>0</verified><occluded>no</occluded><attributes></attributes><parts><hasparts></hasparts><ispartof></ispartof></parts><date>19-09-20 08:54:40:365</date><id>0</id><type>bounding_box</type><polygon><username>anonymous</username><pt><x>760</x><y>285</y><time>19-09-20 08:54:31:736</time></pt><pt><x>3116</x><y>285</y><time>19-09-20 08:54:33:474</time></pt><pt><x>3116</x><y>2545</y><time>undefined</time></pt><pt><x>760</x><y>2545</y><time>undefined</time></pt><closed_date>19-09-20 08:54:33:474</closed_date></polygon></object></annotation>