<annotation><filename>m1_s02_052_p_nic066.jpg</filename><folder>users/joselusava//valeria/sala2_052_nic</folder><source><submittedBy>Jose Saca</submittedBy></source><imagesize><nrows>3200</nrows><ncols>4800</ncols></imagesize><object><name>m1_s02_052_p_nic066</name><deleted>0</deleted><verified>0</verified><occluded>no</occluded><attributes></attributes><parts><hasparts></hasparts><ispartof></ispartof></parts><date>27-08-20 16:55:03:153</date><id>0</id><type>bounding_box</type><polygon><username>anonymous</username><pt><x>4537</x><y>172</y><time>27-08-20 16:54:55:905</time></pt><pt><x>3125</x><y>172</y><time>27-08-20 16:54:59:220</time></pt><pt><x>3125</x><y>1664</y><time>undefined</time></pt><pt><x>4537</x><y>1664</y><time>undefined</time></pt><closed_date>27-08-20 16:54:59:221</closed_date></polygon></object></annotation>