<annotation><filename>m2_s03_252_p_nic033.jpg</filename><folder>users/joselusava//valeria/m2_sala03_252_nic</folder><source><submittedBy>Jose Saca</submittedBy></source><imagesize><nrows>2910</nrows><ncols>4361</ncols></imagesize><object><name>m2_s06_252_p_nic033</name><deleted>0</deleted><verified>0</verified><occluded>no</occluded><attributes></attributes><parts><hasparts></hasparts><ispartof></ispartof></parts><date>26-09-20 20:17:25:443</date><id>0</id><type>bounding_box</type><polygon><username>anonymous</username><pt><x>2166</x><y>656</y><time>26-09-20 20:17:21:001</time></pt><pt><x>314</x><y>656</y><time>26-09-20 20:17:22:570</time></pt><pt><x>314</x><y>1769</y><time>undefined</time></pt><pt><x>2166</x><y>1769</y><time>undefined</time></pt><closed_date>26-09-20 20:17:22:570</closed_date></polygon></object></annotation>