<annotation><filename>m2_s01_024_p_ic018.jpg</filename><folder>users/joselusava//santiago</folder><source><submittedBy>Jose Saca</submittedBy></source><imagesize><nrows>2850</nrows><ncols>4271</ncols></imagesize><object><name>m2_s01_024_p_ic018</name><deleted>0</deleted><verified>0</verified><occluded>no</occluded><attributes></attributes><parts><hasparts></hasparts><ispartof></ispartof></parts><date>24-09-20 01:24:13:123</date><id>0</id><type>bounding_box</type><polygon><username>anonymous</username><pt><x>1250</x><y>446</y><time>24-09-20 01:24:05:944</time></pt><pt><x>2901</x><y>446</y><time>24-09-20 01:24:07:335</time></pt><pt><x>2901</x><y>2677</y><time>undefined</time></pt><pt><x>1250</x><y>2677</y><time>undefined</time></pt><closed_date>24-09-20 01:24:07:339</closed_date></polygon></object></annotation>