<annotation><filename>m4_s04_047_p_nic079.jpg</filename><folder>users/joselusava//kath/kath_m4_047/nic</folder><source><submittedBy>Jose Saca</submittedBy></source><imagesize><nrows>2970</nrows><ncols>4451</ncols></imagesize><object><name>m4_s04_047_p_nic079</name><deleted>0</deleted><verified>0</verified><occluded>no</occluded><attributes></attributes><parts><hasparts></hasparts><ispartof></ispartof></parts><date>24-10-20 19:46:49:650</date><id>0</id><type>bounding_box</type><polygon><username>anonymous</username><pt><x>1195</x><y>1203</y><time>24-10-20 19:46:43:057</time></pt><pt><x>1997</x><y>1203</y><time>24-10-20 19:46:44:578</time></pt><pt><x>1997</x><y>2747</y><time>undefined</time></pt><pt><x>1195</x><y>2747</y><time>undefined</time></pt><closed_date>24-10-20 19:46:44:580</closed_date></polygon></object></annotation>