<annotation><filename>m4_s04_045_p_ic073.jpg</filename><folder>users/joselusava//valeria/m04_s04_45_ic</folder><source><submittedBy>Jose Saca</submittedBy></source><imagesize><nrows>2970</nrows><ncols>4451</ncols></imagesize><object><name>m4_s04_045_p_ic073</name><deleted>0</deleted><verified>0</verified><occluded>no</occluded><attributes></attributes><parts><hasparts></hasparts><ispartof></ispartof></parts><date>19-10-20 20:05:55:555</date><id>0</id><type>bounding_box</type><polygon><username>anonymous</username><pt><x>1485</x><y>2844</y><time>19-10-20 20:05:50:404</time></pt><pt><x>2799</x><y>2844</y><time>19-10-20 20:05:52:388</time></pt><pt><x>2799</x><y>371</y><time>undefined</time></pt><pt><x>1485</x><y>371</y><time>undefined</time></pt><closed_date>19-10-20 20:05:52:389</closed_date></polygon></object></annotation>