<annotation><filename>m4_s09_137_x.jpg</filename><folder>users/joselusava//kath/m4_x</folder><source><submittedBy>Jose Saca</submittedBy></source><imagesize><nrows>2970</nrows><ncols>4451</ncols></imagesize><object><name>m4_s09_137_x</name><deleted>0</deleted><verified>0</verified><occluded>no</occluded><attributes></attributes><parts><hasparts></hasparts><ispartof></ispartof></parts><date>21-10-20 11:41:48:397</date><id>0</id><type>bounding_box</type><polygon><username>anonymous</username><pt><x>1264</x><y>197</y><time>21-10-20 11:41:43:583</time></pt><pt><x>2999</x><y>197</y><time>21-10-20 11:41:44:942</time></pt><pt><x>2999</x><y>2735</y><time>undefined</time></pt><pt><x>1264</x><y>2735</y><time>undefined</time></pt><closed_date>21-10-20 11:41:44:943</closed_date></polygon></object></annotation>