<annotation><filename>m2_s01_010_p_nic088.jpg</filename><folder>users/joselusava//santiago</folder><source><submittedBy>Jose Saca</submittedBy></source><imagesize><nrows>2850</nrows><ncols>4271</ncols></imagesize><object><name>m2_s01_010_p_nic088</name><deleted>0</deleted><verified>0</verified><occluded>no</occluded><attributes></attributes><parts><hasparts></hasparts><ispartof></ispartof></parts><date>22-09-20 21:44:02:887</date><id>0</id><type>bounding_box</type><polygon><username>anonymous</username><pt><x>516</x><y>894</y><time>22-09-20 21:43:55:287</time></pt><pt><x>1722</x><y>894</y><time>22-09-20 21:43:56:713</time></pt><pt><x>1722</x><y>2058</y><time>undefined</time></pt><pt><x>516</x><y>2058</y><time>undefined</time></pt><closed_date>22-09-20 21:43:56:713</closed_date></polygon></object></annotation>