<annotation><filename>m1_s01_005_p_nic096.jpg</filename><folder>users/joselusava//museos2020</folder><source><submittedBy>Jose Saca</submittedBy></source><imagesize><nrows>2000</nrows><ncols>2992</ncols></imagesize><object><name>m1_s01_005_p_nic096</name><deleted>0</deleted><verified>0</verified><occluded>no</occluded><attributes></attributes><parts><hasparts></hasparts><ispartof></ispartof></parts><date>14-09-20 12:08:12:666</date><id>0</id><type>bounding_box</type><polygon><username>anonymous</username><pt><x>342</x><y>1316</y><time>14-09-20 12:08:03:083</time></pt><pt><x>674</x><y>1316</y><time>14-09-20 12:08:04:064</time></pt><pt><x>674</x><y>1728</y><time>undefined</time></pt><pt><x>342</x><y>1728</y><time>undefined</time></pt><closed_date>14-09-20 12:08:04:065</closed_date></polygon></object></annotation>