<annotation><filename>m4_s12_185_p_ic038.jpg</filename><folder>users/joselusava//valeria/m04_s12_185_ic</folder><source><submittedBy>Jose Saca</submittedBy></source><imagesize><nrows>2910</nrows><ncols>4361</ncols></imagesize><object><name>m4_s12_185_p_ic038</name><deleted>0</deleted><verified>0</verified><occluded>no</occluded><attributes></attributes><parts><hasparts></hasparts><ispartof></ispartof></parts><date>17-10-20 17:01:02:193</date><id>0</id><type>bounding_box</type><polygon><username>anonymous</username><pt><x>3705</x><y>2636</y><time>17-10-20 17:00:55:789</time></pt><pt><x>828</x><y>2636</y><time>17-10-20 17:00:58:596</time></pt><pt><x>828</x><y>280</y><time>undefined</time></pt><pt><x>3705</x><y>280</y><time>undefined</time></pt><closed_date>17-10-20 17:00:58:597</closed_date></polygon></object></annotation>