<annotation><filename>m4_s12_185_p_ic042.jpg</filename><folder>users/joselusava//valeria/m04_s12_185_ic</folder><source><submittedBy>Jose Saca</submittedBy></source><imagesize><nrows>2910</nrows><ncols>4361</ncols></imagesize><object><name>m4_s12_185_p_ic042</name><deleted>0</deleted><verified>0</verified><occluded>no</occluded><attributes></attributes><parts><hasparts></hasparts><ispartof></ispartof></parts><date>17-10-20 17:04:49:948</date><id>0</id><type>bounding_box</type><polygon><username>anonymous</username><pt><x>3638</x><y>2742</y><time>17-10-20 17:04:42:391</time></pt><pt><x>985</x><y>2742</y><time>17-10-20 17:04:45:531</time></pt><pt><x>985</x><y>241</y><time>undefined</time></pt><pt><x>3638</x><y>241</y><time>undefined</time></pt><closed_date>17-10-20 17:04:45:532</closed_date></polygon></object></annotation>