<annotation><filename>m2_s02_129_p_ic081.jpg</filename><folder>users/joselusava//m2_jsv/129/ic</folder><source><submittedBy>Jose Saca</submittedBy></source><imagesize><nrows>2910</nrows><ncols>4361</ncols></imagesize><object><name>m2_s02_129_p_ic081</name><deleted>0</deleted><verified>0</verified><occluded>no</occluded><attributes></attributes><parts><hasparts></hasparts><ispartof></ispartof></parts><date>24-09-20 19:34:22:798</date><id>0</id><type>bounding_box</type><polygon><username>anonymous</username><pt><x>3012</x><y>2333</y><time>24-09-20 19:34:21:108</time></pt><pt><x>1515</x><y>2333</y><time>24-09-20 19:34:22:158</time></pt><pt><x>1515</x><y>688</y><time>undefined</time></pt><pt><x>3012</x><y>688</y><time>undefined</time></pt><closed_date>24-09-20 19:34:22:158</closed_date></polygon></object></annotation>