<annotation><filename>m2_s01_018_p_ic063.jpg</filename><folder>users/joselusava//santiago_2</folder><source><submittedBy>Jose Saca</submittedBy></source><imagesize><nrows>2850</nrows><ncols>4271</ncols></imagesize><object><name>m2_s01_018_p_ic063</name><deleted>0</deleted><verified>0</verified><occluded>no</occluded><attributes></attributes><parts><hasparts></hasparts><ispartof></ispartof></parts><date>28-09-20 17:50:20:849</date><id>0</id><type>bounding_box</type><polygon><username>anonymous</username><pt><x>1507</x><y>763</y><time>28-09-20 17:50:14:475</time></pt><pt><x>2597</x><y>763</y><time>28-09-20 17:50:15:739</time></pt><pt><x>2597</x><y>1879</y><time>undefined</time></pt><pt><x>1507</x><y>1879</y><time>undefined</time></pt><closed_date>28-09-20 17:50:15:740</closed_date></polygon></object></annotation>