<annotation><filename>m2_s02_176_x.jpg</filename><folder>users/joselusava//m2_jsv</folder><source><submittedBy>Jose Saca</submittedBy></source><imagesize><nrows>2910</nrows><ncols>4361</ncols></imagesize><object><name>m2_s02_176_x</name><deleted>0</deleted><verified>0</verified><occluded>no</occluded><attributes></attributes><parts><hasparts></hasparts><ispartof></ispartof></parts><date>20-09-20 16:50:46:354</date><id>0</id><type>bounding_box</type><polygon><username>anonymous</username><pt><x>3108</x><y>2141</y><time>20-09-20 16:50:44:932</time></pt><pt><x>1149</x><y>2141</y><time>20-09-20 16:50:45:819</time></pt><pt><x>1149</x><y>749</y><time>undefined</time></pt><pt><x>3108</x><y>749</y><time>undefined</time></pt><closed_date>20-09-20 16:50:45:819</closed_date></polygon></object></annotation>