<annotation><filename>m3_s01_010_p_ic093.jpg</filename><folder>users/joselusava//m4_js/m3/10/ic</folder><source><submittedBy>Jose Saca</submittedBy></source><imagesize><nrows>2970</nrows><ncols>4451</ncols></imagesize><object><name>m3_s01_010_p_ic093</name><deleted>0</deleted><verified>0</verified><occluded>no</occluded><attributes></attributes><parts><hasparts></hasparts><ispartof></ispartof></parts><date>29-10-20 13:26:38:238</date><id>0</id><type>bounding_box</type><polygon><username>anonymous</username><pt><x>415</x><y>2715</y><time>29-10-20 13:26:35:847</time></pt><pt><x>4217</x><y>2715</y><time>29-10-20 13:26:37:313</time></pt><pt><x>4217</x><y>479</y><time>undefined</time></pt><pt><x>415</x><y>479</y><time>undefined</time></pt><closed_date>29-10-20 13:26:37:314</closed_date></polygon></object></annotation>