<annotation><filename>m2_s05_236_p_ic011.jpg</filename><folder>users/joselusava//museos2020</folder><source><submittedBy>Jose Saca</submittedBy></source><imagesize><nrows>2910</nrows><ncols>4361</ncols></imagesize><object><name>m2_s05_236_p_ic011</name><deleted>0</deleted><verified>0</verified><occluded>no</occluded><attributes></attributes><parts><hasparts></hasparts><ispartof></ispartof></parts><date>16-09-20 17:57:42:590</date><id>0</id><type>bounding_box</type><polygon><username>anonymous</username><pt><x>181</x><y>135</y><time>16-09-20 17:57:23:724</time></pt><pt><x>4314</x><y>135</y><time>16-09-20 17:57:26:753</time></pt><pt><x>4314</x><y>2794</y><time>undefined</time></pt><pt><x>181</x><y>2794</y><time>undefined</time></pt><closed_date>16-09-20 17:57:26:753</closed_date></polygon></object></annotation>