<annotation><filename>m4_s04_039_p_nic081.jpg</filename><folder>users/joselusava//santiago_2</folder><source><submittedBy>Jose Saca</submittedBy></source><imagesize><nrows>2970</nrows><ncols>4451</ncols></imagesize><object><name>m4_s04_039_p_nic081</name><deleted>0</deleted><verified>0</verified><occluded>no</occluded><attributes></attributes><parts><hasparts></hasparts><ispartof></ispartof></parts><date>21-10-20 22:15:24:802</date><id>0</id><type>bounding_box</type><polygon><username>anonymous</username><pt><x>2249</x><y>946</y><time>21-10-20 22:15:20:691</time></pt><pt><x>2866</x><y>946</y><time>21-10-20 22:15:22:160</time></pt><pt><x>2866</x><y>2902</y><time>undefined</time></pt><pt><x>2249</x><y>2902</y><time>undefined</time></pt><closed_date>21-10-20 22:15:22:161</closed_date></polygon></object></annotation>