<annotation><filename>m2_s06_250_p_nic021.jpg</filename><folder>users/joselusava//m2_jsv/250</folder><source><submittedBy>Jose Saca</submittedBy></source><imagesize><nrows>2910</nrows><ncols>4361</ncols></imagesize><object><name>m2_s06_250_p_nic021</name><deleted>0</deleted><verified>0</verified><occluded>no</occluded><attributes></attributes><parts><hasparts></hasparts><ispartof></ispartof></parts><date>30-09-20 11:28:14:408</date><id>0</id><type>bounding_box</type><polygon><username>anonymous</username><pt><x>3003</x><y>1750</y><time>30-09-20 11:28:11:715</time></pt><pt><x>9</x><y>1750</y><time>30-09-20 11:28:13:571</time></pt><pt><x>9</x><y>383</y><time>undefined</time></pt><pt><x>3003</x><y>383</y><time>undefined</time></pt><closed_date>30-09-20 11:28:13:571</closed_date></polygon></object></annotation>