<annotation><filename>m2_s01_018_p_ic019.jpg</filename><folder>users/joselusava//santiago_2</folder><source><submittedBy>Jose Saca</submittedBy></source><imagesize><nrows>3000</nrows><ncols>4496</ncols></imagesize><object><name>m2_s01_018_p_ic019</name><deleted>0</deleted><verified>0</verified><occluded>no</occluded><attributes></attributes><parts><hasparts></hasparts><ispartof></ispartof></parts><date>26-09-20 18:59:08:027</date><id>0</id><type>bounding_box</type><polygon><username>anonymous</username><pt><x>1593</x><y>904</y><time>26-09-20 18:58:59:086</time></pt><pt><x>2625</x><y>904</y><time>26-09-20 18:59:01:173</time></pt><pt><x>2625</x><y>2214</y><time>undefined</time></pt><pt><x>1593</x><y>2214</y><time>undefined</time></pt><closed_date>26-09-20 18:59:01:175</closed_date></polygon></object></annotation>