<annotation><filename>m4_s12_185_p_ic034.jpg</filename><folder>users/joselusava//valeria/m04_s12_185_ic</folder><source><submittedBy>Jose Saca</submittedBy></source><imagesize><nrows>2910</nrows><ncols>4361</ncols></imagesize><object><name>m4_s12_185_p_ic034</name><deleted>0</deleted><verified>0</verified><occluded>no</occluded><attributes></attributes><parts><hasparts></hasparts><ispartof></ispartof></parts><date>17-10-20 16:47:55:554</date><id>0</id><type>bounding_box</type><polygon><username>anonymous</username><pt><x>3828</x><y>2720</y><time>17-10-20 16:47:48:110</time></pt><pt><x>817</x><y>2720</y><time>17-10-20 16:47:50:054</time></pt><pt><x>817</x><y>448</y><time>undefined</time></pt><pt><x>3828</x><y>448</y><time>undefined</time></pt><closed_date>17-10-20 16:47:50:056</closed_date></polygon></object></annotation>