<annotation><filename>m4_s09_138_p_nic059.jpg</filename><folder>users/joselusava//santiago_2</folder><source><submittedBy>Jose Saca</submittedBy></source><imagesize><nrows>2970</nrows><ncols>4451</ncols></imagesize><object><name>m4_s09_138_p_nic059</name><deleted>0</deleted><verified>0</verified><occluded>no</occluded><attributes></attributes><parts><hasparts></hasparts><ispartof></ispartof></parts><date>23-10-20 14:03:00:460</date><id>0</id><type>bounding_box</type><polygon><username>anonymous</username><pt><x>2199</x><y>1389</y><time>23-10-20 14:02:57:379</time></pt><pt><x>4194</x><y>1389</y><time>23-10-20 14:02:58:346</time></pt><pt><x>4194</x><y>2570</y><time>undefined</time></pt><pt><x>2199</x><y>2570</y><time>undefined</time></pt><closed_date>23-10-20 14:02:58:347</closed_date></polygon></object></annotation>