<annotation><filename>m2_s01_018_p_ic005.jpg</filename><folder>users/joselusava//santiago_2</folder><source><submittedBy>Jose Saca</submittedBy></source><imagesize><nrows>3000</nrows><ncols>4496</ncols></imagesize><object><name>m2_s01_018_p_ic005</name><deleted>0</deleted><verified>0</verified><occluded>no</occluded><attributes></attributes><parts><hasparts></hasparts><ispartof></ispartof></parts><date>26-09-20 18:26:49:482</date><id>0</id><type>bounding_box</type><polygon><username>anonymous</username><pt><x>1582</x><y>943</y><time>26-09-20 18:26:38:410</time></pt><pt><x>2739</x><y>943</y><time>26-09-20 18:26:39:834</time></pt><pt><x>2739</x><y>2189</y><time>undefined</time></pt><pt><x>1582</x><y>2189</y><time>undefined</time></pt><closed_date>26-09-20 18:26:39:834</closed_date></polygon></object></annotation>