<annotation><filename>m4_s10_154_p_nic041.jpg</filename><folder>users/joselusava//valeria/m04_s10_154_nic</folder><source><submittedBy>Jose Saca</submittedBy></source><imagesize><nrows>2970</nrows><ncols>4451</ncols></imagesize><object><name>m4_s10_154_p_nic041</name><deleted>0</deleted><verified>0</verified><occluded>no</occluded><attributes></attributes><parts><hasparts></hasparts><ispartof></ispartof></parts><date>14-10-20 12:59:46:248</date><id>0</id><type>bounding_box</type><polygon><username>anonymous</username><pt><x>3044</x><y>2159</y><time>14-10-20 12:59:41:425</time></pt><pt><x>4164</x><y>2159</y><time>14-10-20 12:59:43:182</time></pt><pt><x>4164</x><y>360</y><time>undefined</time></pt><pt><x>3044</x><y>360</y><time>undefined</time></pt><closed_date>14-10-20 12:59:43:183</closed_date></polygon></object></annotation>