<annotation><filename>m4_s03_025_p_nic091.jpg</filename><folder>users/joselusava//santiago_3</folder><source><submittedBy>Jose Saca</submittedBy></source><imagesize><nrows>2910</nrows><ncols>4361</ncols></imagesize><object><name>m4_s03_025_p_nic091</name><deleted>0</deleted><verified>0</verified><occluded>no</occluded><attributes></attributes><parts><hasparts></hasparts><ispartof></ispartof></parts><date>08-11-20 14:29:02:327</date><id>0</id><type>bounding_box</type><polygon><username>anonymous</username><pt><x>1637</x><y>867</y><time>08-11-20 14:28:59:124</time></pt><pt><x>3924</x><y>867</y><time>08-11-20 14:29:00:563</time></pt><pt><x>3924</x><y>2081</y><time>undefined</time></pt><pt><x>1637</x><y>2081</y><time>undefined</time></pt><closed_date>08-11-20 14:29:00:563</closed_date></polygon></object></annotation>