<annotation><filename>m1_s02_052_p_ic002.jpg</filename><folder>users/joselusava//valeria/sala2_052_ic</folder><source><submittedBy>Jose Saca</submittedBy></source><imagesize><nrows>3200</nrows><ncols>4800</ncols></imagesize><object><name>m1_s02_052_p_ic002</name><deleted>0</deleted><verified>0</verified><occluded>no</occluded><attributes></attributes><parts><hasparts></hasparts><ispartof></ispartof></parts><date>24-08-20 00:57:07:787</date><id>0</id><type>bounding_box</type><polygon><username>anonymous</username><pt><x>1224</x><y>199</y><time>24-08-20 00:56:59:936</time></pt><pt><x>2937</x><y>199</y><time>24-08-20 00:57:04:105</time></pt><pt><x>2937</x><y>2964</y><time>undefined</time></pt><pt><x>1224</x><y>2964</y><time>undefined</time></pt><closed_date>24-08-20 00:57:04:106</closed_date></polygon></object></annotation>