<annotation><filename>m1_s01_021_p_ic011.jpg</filename><folder>users/joselusava//santiago</folder><source><submittedBy>Jose Saca</submittedBy></source><imagesize><nrows>3200</nrows><ncols>4800</ncols></imagesize><object><name>m1_s01_021_p_ic011</name><deleted>0</deleted><verified>0</verified><occluded>no</occluded><attributes></attributes><parts><hasparts></hasparts><ispartof></ispartof></parts><date>14-09-20 22:00:18:922</date><id>0</id><type>bounding_box</type><polygon><username>anonymous</username><pt><x>2030</x><y>990</y><time>14-09-20 22:00:09:159</time></pt><pt><x>3157</x><y>990</y><time>14-09-20 22:00:12:832</time></pt><pt><x>3157</x><y>2494</y><time>undefined</time></pt><pt><x>2030</x><y>2494</y><time>undefined</time></pt><closed_date>14-09-20 22:00:12:833</closed_date></polygon></object></annotation>