<annotation><filename>m1_s02_050_x.jpg</filename><folder>users/joselusava//valeria/sala2</folder><source><submittedBy>Jose Saca</submittedBy></source><imagesize><nrows>3200</nrows><ncols>4800</ncols></imagesize><object><name>m1_s02_049_x</name><deleted>0</deleted><verified>0</verified><occluded>no</occluded><attributes/><parts><hasparts/><ispartof/></parts><date>28-08-20 11:44:25:118</date><id>0</id><type>bounding_box</type><polygon><username>anonymous</username><pt><x>4392</x><y>3103</y><time>28-08-20 11:40:08:096</time></pt><pt><x>494</x><y>3103</y><time>28-08-20 11:40:11:138</time></pt><pt><x>494</x><y>107</y><time>undefined</time></pt><pt><x>4392</x><y>107</y><time>undefined</time></pt><closed_date>28-08-20 11:40:11:139</closed_date></polygon></object><object><name>m1_s02_050_x</name><deleted>0</deleted><verified>0</verified><occluded>no</occluded><attributes></attributes><parts><hasparts></hasparts><ispartof></ispartof></parts><date>28-08-20 18:33:19:401</date><id>1</id><type>bounding_box</type><polygon><username>anonymous</username><pt><x>462</x><y>91</y><time>28-08-20 18:33:07:562</time></pt><pt><x>4392</x><y>91</y><time>28-08-20 18:33:10:235</time></pt><pt><x>4392</x><y>3109</y><time>undefined</time></pt><pt><x>462</x><y>3109</y><time>undefined</time></pt><closed_date>28-08-20 18:33:10:236</closed_date></polygon></object></annotation>