<annotation><filename>m1_s06_141_p_nic041.jpg</filename><folder>users/joselusava//jacob_2/141nic</folder><source><submittedBy>Jose Saca</submittedBy></source><imagesize><nrows>2736</nrows><ncols>4100</ncols></imagesize><object><name>m1_s06_141_p_nic041</name><deleted>0</deleted><verified>0</verified><occluded>no</occluded><attributes></attributes><parts><hasparts></hasparts><ispartof></ispartof></parts><date>05-09-20 01:14:02:444</date><id>0</id><type>bounding_box</type><polygon><username>anonymous</username><pt><x>2212</x><y>1691</y><time>05-09-20 01:14:00:376</time></pt><pt><x>1238</x><y>1691</y><time>05-09-20 01:14:01:810</time></pt><pt><x>1238</x><y>142</y><time>undefined</time></pt><pt><x>2212</x><y>142</y><time>undefined</time></pt><closed_date>05-09-20 01:14:01:810</closed_date></polygon></object></annotation>