<annotation><filename>m2_s07_264_p_nic005.jpg</filename><folder>users/joselusava//valeria/sala7_264_nic</folder><source><submittedBy>Jose Saca</submittedBy></source><imagesize><nrows>2910</nrows><ncols>4361</ncols></imagesize><object><name>m2_s07_264_p_nic005</name><deleted>0</deleted><verified>0</verified><occluded>no</occluded><attributes></attributes><parts><hasparts></hasparts><ispartof></ispartof></parts><date>23-09-20 19:19:33:518</date><id>0</id><type>bounding_box</type><polygon><username>anonymous</username><pt><x>121</x><y>2105</y><time>23-09-20 19:19:28:018</time></pt><pt><x>1494</x><y>2105</y><time>23-09-20 19:19:29:835</time></pt><pt><x>1494</x><y>369</y><time>undefined</time></pt><pt><x>121</x><y>369</y><time>undefined</time></pt><closed_date>23-09-20 19:19:29:837</closed_date></polygon></object></annotation>