<annotation><filename>m4_s02_015_p_nic005.jpg</filename><folder>users/joselusava//m4_js/15nic</folder><source><submittedBy>Jose Saca</submittedBy></source><imagesize><nrows>2910</nrows><ncols>4361</ncols></imagesize><object><name>m4_s02_015_p_nic005</name><deleted>0</deleted><verified>0</verified><occluded>no</occluded><attributes></attributes><parts><hasparts></hasparts><ispartof></ispartof></parts><date>06-10-20 19:21:15:252</date><id>0</id><type>bounding_box</type><polygon><username>anonymous</username><pt><x>295</x><y>1907</y><time>06-10-20 19:21:12:242</time></pt><pt><x>1335</x><y>1907</y><time>06-10-20 19:21:14:519</time></pt><pt><x>1335</x><y>720</y><time>undefined</time></pt><pt><x>295</x><y>720</y><time>undefined</time></pt><closed_date>06-10-20 19:21:14:520</closed_date></polygon></object></annotation>