<annotation><filename>m2_s06_250_p_ic034.jpg</filename><folder>users/joselusava//valeria/m2_sala06_250_ic</folder><source><submittedBy>Jose Saca</submittedBy></source><imagesize><nrows>2910</nrows><ncols>4361</ncols></imagesize><object><name>m2_s06_250_p_ic034</name><deleted>0</deleted><verified>0</verified><occluded>no</occluded><attributes></attributes><parts><hasparts></hasparts><ispartof></ispartof></parts><date>30-09-20 22:32:08:340</date><id>0</id><type>bounding_box</type><polygon><username>anonymous</username><pt><x>474</x><y>2585</y><time>30-09-20 22:32:02:172</time></pt><pt><x>4266</x><y>2585</y><time>30-09-20 22:32:04:416</time></pt><pt><x>4266</x><y>849</y><time>undefined</time></pt><pt><x>474</x><y>849</y><time>undefined</time></pt><closed_date>30-09-20 22:32:04:418</closed_date></polygon></object></annotation>