<annotation><filename>m4_s02_015_p_ic054.jpg</filename><folder>users/joselusava//m4_js/15ic</folder><source><submittedBy>Jose Saca</submittedBy></source><imagesize><nrows>2910</nrows><ncols>4361</ncols></imagesize><object><name>m4_s02_015_p_ic054</name><deleted>0</deleted><verified>0</verified><occluded>no</occluded><attributes></attributes><parts><hasparts></hasparts><ispartof></ispartof></parts><date>03-10-20 19:27:43:096</date><id>0</id><type>bounding_box</type><polygon><username>anonymous</username><pt><x>3081</x><y>2533</y><time>03-10-20 19:27:41:435</time></pt><pt><x>1271</x><y>2533</y><time>03-10-20 19:27:42:395</time></pt><pt><x>1271</x><y>444</y><time>undefined</time></pt><pt><x>3081</x><y>444</y><time>undefined</time></pt><closed_date>03-10-20 19:27:42:396</closed_date></polygon></object></annotation>