<annotation><filename>m4_s10_157_p_ic048.jpg</filename><folder>users/joselusava//valeria/m04_s10_157_nic</folder><source><submittedBy>Jose Saca</submittedBy></source><imagesize><nrows>2970</nrows><ncols>4451</ncols></imagesize><object><name>m4_s10_157_p_nic048</name><deleted>0</deleted><verified>0</verified><occluded>no</occluded><attributes></attributes><parts><hasparts></hasparts><ispartof></ispartof></parts><date>12-10-20 21:00:17:449</date><id>0</id><type>bounding_box</type><polygon><username>anonymous</username><pt><x>2543</x><y>2278</y><time>12-10-20 21:00:07:490</time></pt><pt><x>4303</x><y>2278</y><time>12-10-20 21:00:11:915</time></pt><pt><x>4303</x><y>236</y><time>undefined</time></pt><pt><x>2543</x><y>236</y><time>undefined</time></pt><closed_date>12-10-20 21:00:12:080</closed_date></polygon></object></annotation>