<annotation><filename>m2_s01_054_p_ic093.jpg</filename><folder>users/joselusava//kath</folder><source><submittedBy>Jose Saca</submittedBy></source><imagesize><nrows>2850</nrows><ncols>4271</ncols></imagesize><object><name>m2_s01_054_p_ic093</name><deleted>0</deleted><verified>0</verified><occluded>no</occluded><attributes></attributes><parts><hasparts></hasparts><ispartof></ispartof></parts><date>30-09-20 10:49:49:005</date><id>0</id><type>bounding_box</type><polygon><username>anonymous</username><pt><x>1264</x><y>393</y><time>30-09-20 10:49:44:159</time></pt><pt><x>2794</x><y>393</y><time>30-09-20 10:49:46:336</time></pt><pt><x>2794</x><y>2738</y><time>undefined</time></pt><pt><x>1264</x><y>2738</y><time>undefined</time></pt><closed_date>30-09-20 10:49:46:337</closed_date></polygon></object></annotation>