<annotation><filename>m4_s02_022_x.jpg</filename><folder>users/joselusava//kath/m4_x</folder><source><submittedBy>Jose Saca</submittedBy></source><imagesize><nrows>2910</nrows><ncols>4361</ncols></imagesize><object><name>m4_s02_022_x</name><deleted>0</deleted><verified>0</verified><occluded>no</occluded><attributes></attributes><parts><hasparts></hasparts><ispartof></ispartof></parts><date>20-10-20 06:49:26:504</date><id>0</id><polygon><username>anonymous</username><pt><x>1441</x><y>235</y><time>20-10-20 06:49:17:224</time></pt><pt><x>1469</x><y>2576</y><time>20-10-20 06:49:18:551</time></pt><pt><x>2952</x><y>2547</y><time>20-10-20 06:49:20:222</time></pt><pt><x>2967</x><y>226</y><time>20-10-20 06:49:22:048</time></pt><closed_date>20-10-20 06:49:23:359</closed_date></polygon></object></annotation>