<annotation><filename>m1_s01_004_p_nic080.jpg</filename><folder>users/joselusava//valeria_apoyo/sala01_004_nic</folder><source><submittedBy>Jose Saca</submittedBy></source><imagesize><nrows>3200</nrows><ncols>4800</ncols></imagesize><object><name>m1_s01_004_p_nic080</name><deleted>0</deleted><verified>0</verified><occluded>no</occluded><attributes></attributes><parts><hasparts></hasparts><ispartof></ispartof></parts><date>17-09-20 20:12:06:377</date><id>0</id><type>bounding_box</type><polygon><username>anonymous</username><pt><x>1406</x><y>2036</y><time>17-09-20 20:12:00:468</time></pt><pt><x>4109</x><y>2036</y><time>17-09-20 20:12:02:862</time></pt><pt><x>4109</x><y>976</y><time>undefined</time></pt><pt><x>1406</x><y>976</y><time>undefined</time></pt><closed_date>17-09-20 20:12:02:864</closed_date></polygon></object></annotation>