<annotation><filename>m2_s02_190_p_nic036.jpg</filename><folder>users/joselusava//m2_jsv/190/nic</folder><source><submittedBy>Jose Saca</submittedBy></source><imagesize><nrows>2910</nrows><ncols>4361</ncols></imagesize><object><name>m2_s02_190_p_nic036</name><deleted>0</deleted><verified>0</verified><occluded>no</occluded><attributes></attributes><parts><hasparts></hasparts><ispartof></ispartof></parts><date>21-09-20 15:02:53:877</date><id>0</id><type>bounding_box</type><polygon><username>anonymous</username><pt><x>3908</x><y>2637</y><time>21-09-20 15:02:51:245</time></pt><pt><x>3073</x><y>2637</y><time>21-09-20 15:02:53:180</time></pt><pt><x>3073</x><y>1558</y><time>undefined</time></pt><pt><x>3908</x><y>1558</y><time>undefined</time></pt><closed_date>21-09-20 15:02:53:180</closed_date></polygon></object></annotation>