<annotation><filename>m4_s04_039_p_ic068.jpg</filename><folder>users/joselusava//santiago_2</folder><source><submittedBy>Jose Saca</submittedBy></source><imagesize><nrows>2970</nrows><ncols>4451</ncols></imagesize><object><name>m4_s04_039_p_ic068</name><deleted>0</deleted><verified>0</verified><occluded>no</occluded><attributes></attributes><parts><hasparts></hasparts><ispartof></ispartof></parts><date>20-10-20 22:17:22:226</date><id>0</id><type>bounding_box</type><polygon><username>anonymous</username><pt><x>1892</x><y>225</y><time>20-10-20 22:17:18:511</time></pt><pt><x>2595</x><y>225</y><time>20-10-20 22:17:20:274</time></pt><pt><x>2595</x><y>2688</y><time>undefined</time></pt><pt><x>1892</x><y>2688</y><time>undefined</time></pt><closed_date>20-10-20 22:17:20:276</closed_date></polygon></object></annotation>