<annotation><filename>m2_s06_250_p_nic007.jpg</filename><folder>users/joselusava//m2_jsv/250</folder><source><submittedBy>Jose Saca</submittedBy></source><imagesize><nrows>2910</nrows><ncols>4361</ncols></imagesize><object><name>m2_s06_250_p_nic007</name><deleted>0</deleted><verified>0</verified><occluded>no</occluded><attributes></attributes><parts><hasparts></hasparts><ispartof></ispartof></parts><date>30-09-20 11:23:36:935</date><id>0</id><type>bounding_box</type><polygon><username>anonymous</username><pt><x>4056</x><y>2463</y><time>30-09-20 11:23:34:725</time></pt><pt><x>313</x><y>2463</y><time>30-09-20 11:23:36:125</time></pt><pt><x>313</x><y>984</y><time>undefined</time></pt><pt><x>4056</x><y>984</y><time>undefined</time></pt><closed_date>30-09-20 11:23:36:125</closed_date></polygon></object></annotation>