<annotation><filename>m3_s01_013_p_nic008.jpg</filename><folder>users/joselusava//valeria/m03_s01_13_nic</folder><source><submittedBy>Jose Saca</submittedBy></source><imagesize><nrows>2970</nrows><ncols>4451</ncols></imagesize><object><name>m3_s01_013_p_nic008</name><deleted>0</deleted><verified>0</verified><occluded>no</occluded><attributes></attributes><parts><hasparts></hasparts><ispartof></ispartof></parts><date>01-11-20 17:27:03:091</date><id>0</id><type>bounding_box</type><polygon><username>anonymous</username><pt><x>960</x><y>2239</y><time>01-11-20 17:26:56:825</time></pt><pt><x>3713</x><y>2239</y><time>01-11-20 17:26:59:288</time></pt><pt><x>3713</x><y>171</y><time>undefined</time></pt><pt><x>960</x><y>171</y><time>undefined</time></pt><closed_date>01-11-20 17:26:59:289</closed_date></polygon></object></annotation>