<annotation><filename>m1_s01_021_p_ic053.jpg</filename><folder>users/joselusava//santiago</folder><source><submittedBy>Jose Saca</submittedBy></source><imagesize><nrows>3200</nrows><ncols>4800</ncols></imagesize><object><name>m1_s01_021_p_ic053</name><deleted>0</deleted><verified>0</verified><occluded>no</occluded><attributes></attributes><parts><hasparts></hasparts><ispartof></ispartof></parts><date>14-09-20 23:27:57:688</date><id>0</id><type>bounding_box</type><polygon><username>anonymous</username><pt><x>1785</x><y>993</y><time>14-09-20 23:27:49:562</time></pt><pt><x>3182</x><y>993</y><time>14-09-20 23:27:51:474</time></pt><pt><x>3182</x><y>2466</y><time>undefined</time></pt><pt><x>1785</x><y>2466</y><time>undefined</time></pt><closed_date>14-09-20 23:27:51:475</closed_date></polygon></object></annotation>