<annotation><filename>m4_s04_039_p_nic040.jpg</filename><folder>users/joselusava//santiago_2</folder><source><submittedBy>Jose Saca</submittedBy></source><imagesize><nrows>2970</nrows><ncols>4451</ncols></imagesize><object><name>m4_s04_039_p_nic040</name><deleted>0</deleted><verified>0</verified><occluded>no</occluded><attributes></attributes><parts><hasparts></hasparts><ispartof></ispartof></parts><date>21-10-20 21:16:01:113</date><id>0</id><type>bounding_box</type><polygon><username>anonymous</username><pt><x>3306</x><y>75</y><time>21-10-20 21:15:57:532</time></pt><pt><x>3955</x><y>75</y><time>21-10-20 21:15:59:134</time></pt><pt><x>3955</x><y>2713</y><time>undefined</time></pt><pt><x>3306</x><y>2713</y><time>undefined</time></pt><closed_date>21-10-20 21:15:59:136</closed_date></polygon></object></annotation>