<annotation><filename>m4_s07_105_p_nic072.jpg</filename><folder>users/joselusava//kath/m4_105/nic</folder><source><submittedBy>Jose Saca</submittedBy></source><imagesize><nrows>2970</nrows><ncols>4451</ncols></imagesize><object><name>m4_s07_105_p_nic072</name><deleted>0</deleted><verified>0</verified><occluded>no</occluded><attributes></attributes><parts><hasparts></hasparts><ispartof></ispartof></parts><date>03-11-20 09:07:03:787</date><id>0</id><type>bounding_box</type><polygon><username>anonymous</username><pt><x>3162</x><y>1831</y><time>03-11-20 09:07:00:296</time></pt><pt><x>4027</x><y>1831</y><time>03-11-20 09:07:01:348</time></pt><pt><x>4027</x><y>500</y><time>undefined</time></pt><pt><x>3162</x><y>500</y><time>undefined</time></pt><closed_date>03-11-20 09:07:01:349</closed_date></polygon></object></annotation>