<annotation><filename>m4_s02_021_p_nic055.jpg</filename><folder>users/joselusava//santiago_2</folder><source><submittedBy>Jose Saca</submittedBy></source><imagesize><nrows>2910</nrows><ncols>4361</ncols></imagesize><object><name>m4_s02_021_p_nic055</name><deleted>0</deleted><verified>0</verified><occluded>no</occluded><attributes></attributes><parts><hasparts></hasparts><ispartof></ispartof></parts><date>05-10-20 11:13:04:518</date><id>0</id><type>bounding_box</type><polygon><username>anonymous</username><pt><x>2224</x><y>887</y><time>05-10-20 11:13:01:520</time></pt><pt><x>3125</x><y>887</y><time>05-10-20 11:13:02:829</time></pt><pt><x>3125</x><y>2501</y><time>undefined</time></pt><pt><x>2224</x><y>2501</y><time>undefined</time></pt><closed_date>05-10-20 11:13:02:829</closed_date></polygon></object></annotation>