<annotation><filename>m4_s04_045_p_ic056.jpg</filename><folder>users/joselusava//valeria/m04_s04_45_ic</folder><source><submittedBy>Jose Saca</submittedBy></source><imagesize><nrows>2970</nrows><ncols>4451</ncols></imagesize><object><name>m4_s04_045_p_ic056</name><deleted>0</deleted><verified>0</verified><occluded>no</occluded><attributes></attributes><parts><hasparts></hasparts><ispartof></ispartof></parts><date>19-10-20 19:45:07:101</date><id>0</id><type>bounding_box</type><polygon><username>anonymous</username><pt><x>1565</x><y>2102</y><time>19-10-20 19:45:02:399</time></pt><pt><x>2496</x><y>2102</y><time>19-10-20 19:45:04:083</time></pt><pt><x>2496</x><y>423</y><time>undefined</time></pt><pt><x>1565</x><y>423</y><time>undefined</time></pt><closed_date>19-10-20 19:45:04:084</closed_date></polygon></object></annotation>