<annotation><filename>m1_s06_141_p_nic016.jpg</filename><folder>users/joselusava//jacob_2/141nic</folder><source><submittedBy>Jose Saca</submittedBy></source><imagesize><nrows>2736</nrows><ncols>4100</ncols></imagesize><object><name>m1_s06_141_p_nic016</name><deleted>0</deleted><verified>0</verified><occluded>no</occluded><attributes></attributes><parts><hasparts></hasparts><ispartof></ispartof></parts><date>05-09-20 00:50:35:621</date><id>0</id><type>bounding_box</type><polygon><username>anonymous</username><pt><x>196</x><y>2260</y><time>05-09-20 00:50:31:639</time></pt><pt><x>1509</x><y>2260</y><time>05-09-20 00:50:32:944</time></pt><pt><x>1509</x><y>778</y><time>undefined</time></pt><pt><x>196</x><y>778</y><time>undefined</time></pt><closed_date>05-09-20 00:50:32:945</closed_date></polygon></object></annotation>