<annotation><filename>m4_s11_176_p_nic066.jpg</filename><folder>users/joselusava//m4_js/176/nic</folder><source><submittedBy>Jose Saca</submittedBy></source><imagesize><nrows>2970</nrows><ncols>4451</ncols></imagesize><object><name>m4_s11_176_p_nic066</name><deleted>0</deleted><verified>0</verified><occluded>no</occluded><attributes></attributes><parts><hasparts></hasparts><ispartof></ispartof></parts><date>15-10-20 14:47:21:011</date><id>0</id><type>bounding_box</type><polygon><username>anonymous</username><pt><x>2479</x><y>2052</y><time>15-10-20 14:47:19:521</time></pt><pt><x>4424</x><y>2052</y><time>15-10-20 14:47:20:324</time></pt><pt><x>4424</x><y>542</y><time>undefined</time></pt><pt><x>2479</x><y>542</y><time>undefined</time></pt><closed_date>15-10-20 14:47:20:325</closed_date></polygon></object></annotation>