<annotation><filename>m2_s01_001_p_ic082.jpg</filename><folder>users/joselusava//santiago</folder><source><submittedBy>Jose Saca</submittedBy></source><imagesize><nrows>2850</nrows><ncols>4271</ncols></imagesize><object><name>m2_s01_001_p_ic082</name><deleted>0</deleted><verified>0</verified><occluded>no</occluded><attributes></attributes><parts><hasparts></hasparts><ispartof></ispartof></parts><date>19-09-20 10:31:25:846</date><id>0</id><type>bounding_box</type><polygon><username>anonymous</username><pt><x>1125</x><y>542</y><time>19-09-20 10:31:14:678</time></pt><pt><x>3283</x><y>542</y><time>19-09-20 10:31:18:974</time></pt><pt><x>3283</x><y>2600</y><time>undefined</time></pt><pt><x>1125</x><y>2600</y><time>undefined</time></pt><closed_date>19-09-20 10:31:18:976</closed_date></polygon></object></annotation>