<annotation><filename>m2_s01_010_p_ic091.jpg</filename><folder>users/joselusava//santiago</folder><source><submittedBy>Jose Saca</submittedBy></source><imagesize><nrows>2850</nrows><ncols>4271</ncols></imagesize><object><name>m2_s01_010_p_ic091</name><deleted>0</deleted><verified>0</verified><occluded>no</occluded><attributes></attributes><parts><hasparts></hasparts><ispartof></ispartof></parts><date>21-09-20 23:56:25:768</date><id>0</id><type>bounding_box</type><polygon><username>anonymous</username><pt><x>1202</x><y>362</y><time>21-09-20 23:56:15:746</time></pt><pt><x>3289</x><y>362</y><time>21-09-20 23:56:18:676</time></pt><pt><x>3289</x><y>2696</y><time>undefined</time></pt><pt><x>1202</x><y>2696</y><time>undefined</time></pt><closed_date>21-09-20 23:56:18:676</closed_date></polygon></object></annotation>