<annotation><filename>m1_s02_052_p_ic012.jpg</filename><folder>users/joselusava//valeria/sala2_052_ic</folder><source><submittedBy>Jose Saca</submittedBy></source><imagesize><nrows>3200</nrows><ncols>4800</ncols></imagesize><object><name>m1_s02_052_p_ic012</name><deleted>0</deleted><verified>0</verified><occluded>no</occluded><attributes></attributes><parts><hasparts></hasparts><ispartof></ispartof></parts><date>25-08-20 15:59:14:719</date><id>0</id><type>bounding_box</type><polygon><username>anonymous</username><pt><x>333</x><y>252</y><time>25-08-20 15:59:06:890</time></pt><pt><x>4397</x><y>252</y><time>25-08-20 15:59:10:320</time></pt><pt><x>4397</x><y>3157</y><time>undefined</time></pt><pt><x>333</x><y>3157</y><time>undefined</time></pt><closed_date>25-08-20 15:59:10:320</closed_date></polygon></object></annotation>