<annotation><filename>m1_s02_065_p_nic088.jpg</filename><folder>users/joselusava//valeria/sala2_065_nic</folder><source><submittedBy>Jose Saca</submittedBy></source><imagesize><nrows>2000</nrows><ncols>2992</ncols></imagesize><object><name>m1_s02_065_p_nic088</name><deleted>0</deleted><verified>0</verified><occluded>no</occluded><attributes></attributes><parts><hasparts></hasparts><ispartof></ispartof></parts><date>28-08-20 00:34:53:561</date><id>0</id><type>bounding_box</type><polygon><username>anonymous</username><pt><x>2359</x><y>1872</y><time>28-08-20 00:34:47:530</time></pt><pt><x>789</x><y>1872</y><time>28-08-20 00:34:49:842</time></pt><pt><x>789</x><y>1138</y><time>undefined</time></pt><pt><x>2359</x><y>1138</y><time>undefined</time></pt><closed_date>28-08-20 00:34:49:843</closed_date></polygon></object></annotation>