<annotation><filename>m4_s04_047_p_ic044.jpg</filename><folder>users/joselusava//kath/kath_m4_047</folder><source><submittedBy>Jose Saca</submittedBy></source><imagesize><nrows>2970</nrows><ncols>4451</ncols></imagesize><object><name>m4_s04_047_p_ic044</name><deleted>0</deleted><verified>0</verified><occluded>no</occluded><attributes></attributes><parts><hasparts></hasparts><ispartof></ispartof></parts><date>24-10-20 14:06:35:313</date><id>0</id><type>bounding_box</type><polygon><username>anonymous</username><pt><x>1752</x><y>297</y><time>24-10-20 14:06:28:958</time></pt><pt><x>2807</x><y>297</y><time>24-10-20 14:06:32:645</time></pt><pt><x>2807</x><y>2703</y><time>undefined</time></pt><pt><x>1752</x><y>2703</y><time>undefined</time></pt><closed_date>24-10-20 14:06:32:646</closed_date></polygon></object></annotation>