<annotation><filename>m4_s05_055_p_nic065.jpg</filename><folder>users/joselusava//valeria/m4_s05_055_nic</folder><source><submittedBy>Jose Saca</submittedBy></source><imagesize><nrows>2910</nrows><ncols>4361</ncols></imagesize><object><name>m4_s05_055_p_nic065</name><deleted>0</deleted><verified>0</verified><occluded>no</occluded><attributes></attributes><parts><hasparts></hasparts><ispartof></ispartof></parts><date>09-10-20 17:59:06:511</date><id>0</id><type>bounding_box</type><polygon><username>anonymous</username><pt><x>2706</x><y>623</y><time>09-10-20 17:59:01:782</time></pt><pt><x>3808</x><y>623</y><time>09-10-20 17:59:03:371</time></pt><pt><x>3808</x><y>1951</y><time>undefined</time></pt><pt><x>2706</x><y>1951</y><time>undefined</time></pt><closed_date>09-10-20 17:59:03:372</closed_date></polygon></object></annotation>