<annotation><filename>m1_s01_021_p_ic098.jpg</filename><folder>users/joselusava//santiago</folder><source><submittedBy>Jose Saca</submittedBy></source><imagesize><nrows>3200</nrows><ncols>4800</ncols></imagesize><object><name>m1_s01_021_p_ic098</name><deleted>0</deleted><verified>0</verified><occluded>no</occluded><attributes></attributes><parts><hasparts></hasparts><ispartof></ispartof></parts><date>15-09-20 00:27:52:564</date><id>0</id><type>bounding_box</type><polygon><username>anonymous</username><pt><x>212</x><y>1411</y><time>15-09-20 00:27:45:657</time></pt><pt><x>1019</x><y>1411</y><time>15-09-20 00:27:46:766</time></pt><pt><x>1019</x><y>2325</y><time>undefined</time></pt><pt><x>212</x><y>2325</y><time>undefined</time></pt><closed_date>15-09-20 00:27:46:767</closed_date></polygon></object></annotation>