<annotation><filename>m4_s10_154_p_nic077.jpg</filename><folder>users/joselusava//valeria/m04_s10_154_nic</folder><source><submittedBy>Jose Saca</submittedBy></source><imagesize><nrows>2970</nrows><ncols>4451</ncols></imagesize><object><name>m4_s10_154_p_nic077</name><deleted>0</deleted><verified>0</verified><occluded>no</occluded><attributes></attributes><parts><hasparts></hasparts><ispartof></ispartof></parts><date>14-10-20 15:47:48:107</date><id>0</id><type>bounding_box</type><polygon><username>anonymous</username><pt><x>3958</x><y>2170</y><time>14-10-20 15:47:43:184</time></pt><pt><x>2764</x><y>2170</y><time>14-10-20 15:47:45:044</time></pt><pt><x>2764</x><y>525</y><time>undefined</time></pt><pt><x>3958</x><y>525</y><time>undefined</time></pt><closed_date>14-10-20 15:47:45:045</closed_date></polygon></object></annotation>