<annotation><filename>m2_s01_024_p_nic079.jpg</filename><folder>users/joselusava//santiago</folder><source><submittedBy>Jose Saca</submittedBy></source><imagesize><nrows>2850</nrows><ncols>4271</ncols></imagesize><object><name>m2_s01_024_p_nic079</name><deleted>0</deleted><verified>0</verified><occluded>no</occluded><attributes></attributes><parts><hasparts></hasparts><ispartof></ispartof></parts><date>25-09-20 15:40:05:018</date><id>0</id><type>bounding_box</type><polygon><username>anonymous</username><pt><x>353</x><y>260</y><time>25-09-20 15:39:58:242</time></pt><pt><x>1189</x><y>260</y><time>25-09-20 15:39:59:125</time></pt><pt><x>1189</x><y>1455</y><time>undefined</time></pt><pt><x>353</x><y>1455</y><time>undefined</time></pt><closed_date>25-09-20 15:39:59:125</closed_date></polygon></object></annotation>