<annotation><filename>m1_s01_017_p_nic082.jpg</filename><folder>users/joselusava//santiago</folder><source><submittedBy>Jose Saca</submittedBy></source><imagesize><nrows>3200</nrows><ncols>4800</ncols></imagesize><object><name>m1_s01_017_p_nic082</name><deleted>0</deleted><verified>0</verified><occluded>no</occluded><attributes></attributes><parts><hasparts></hasparts><ispartof></ispartof></parts><date>11-09-20 19:55:18:553</date><id>0</id><type>bounding_box</type><polygon><username>anonymous</username><pt><x>634</x><y>1497</y><time>11-09-20 19:55:09:139</time></pt><pt><x>1310</x><y>1497</y><time>11-09-20 19:55:10:048</time></pt><pt><x>1310</x><y>1929</y><time>undefined</time></pt><pt><x>634</x><y>1929</y><time>undefined</time></pt><closed_date>11-09-20 19:55:10:050</closed_date></polygon></object></annotation>