<annotation><filename>m4_s02_021_p_nic027.jpg</filename><folder>users/joselusava//santiago_2</folder><source><submittedBy>Jose Saca</submittedBy></source><imagesize><nrows>2910</nrows><ncols>4361</ncols></imagesize><object><name>m4_s02_021_p_nic027</name><deleted>0</deleted><verified>0</verified><occluded>no</occluded><attributes></attributes><parts><hasparts></hasparts><ispartof></ispartof></parts><date>04-10-20 22:18:01:564</date><id>0</id><type>bounding_box</type><polygon><username>anonymous</username><pt><x>1743</x><y>908</y><time>04-10-20 22:17:58:607</time></pt><pt><x>2706</x><y>908</y><time>04-10-20 22:17:59:701</time></pt><pt><x>2706</x><y>2588</y><time>undefined</time></pt><pt><x>1743</x><y>2588</y><time>undefined</time></pt><closed_date>04-10-20 22:17:59:701</closed_date></polygon></object></annotation>