<annotation><filename>m2_s01_077_x.jpg</filename><folder>users/joselusava//juancarlos</folder><source><submittedBy>Jose Saca</submittedBy></source><imagesize><nrows>2850</nrows><ncols>4271</ncols></imagesize><object><name>m2_s01_077_x</name><deleted>0</deleted><verified>0</verified><occluded>no</occluded><attributes></attributes><parts><hasparts></hasparts><ispartof></ispartof></parts><date>28-09-20 10:51:59:712</date><id>0</id><type>bounding_box</type><polygon><username>anonymous</username><pt><x>1266</x><y>533</y><time>28-09-20 10:51:49:444</time></pt><pt><x>3105</x><y>533</y><time>28-09-20 10:51:52:878</time></pt><pt><x>3105</x><y>2317</y><time>undefined</time></pt><pt><x>1266</x><y>2317</y><time>undefined</time></pt><closed_date>28-09-20 10:51:52:879</closed_date></polygon></object></annotation>