<annotation><filename>m3_s01_002_p_nic096.jpg</filename><folder>users/joselusava//santiago_3</folder><source><submittedBy>Jose Saca</submittedBy></source><imagesize><nrows>2970</nrows><ncols>4451</ncols></imagesize><object><name>m3_s01_002_p_nic096</name><deleted>0</deleted><verified>0</verified><occluded>no</occluded><attributes></attributes><parts><hasparts></hasparts><ispartof></ispartof></parts><date>29-10-20 21:19:50:747</date><id>0</id><type>bounding_box</type><polygon><username>anonymous</username><pt><x>1464</x><y>211</y><time>29-10-20 21:19:47:418</time></pt><pt><x>4241</x><y>211</y><time>29-10-20 21:19:48:604</time></pt><pt><x>4241</x><y>2228</y><time>undefined</time></pt><pt><x>1464</x><y>2228</y><time>undefined</time></pt><closed_date>29-10-20 21:19:48:605</closed_date></polygon></object></annotation>