<annotation><filename>m4_s05_055_p_ic010.jpg</filename><folder>users/joselusava//valeria/m4_s05_055_ic</folder><source><submittedBy>Jose Saca</submittedBy></source><imagesize><nrows>2910</nrows><ncols>4361</ncols></imagesize><object><name>m4_s05_055_p_ic010</name><deleted>0</deleted><verified>0</verified><occluded>no</occluded><attributes></attributes><parts><hasparts></hasparts><ispartof></ispartof></parts><date>08-10-20 18:12:27:664</date><id>0</id><type>bounding_box</type><polygon><username>anonymous</username><pt><x>1246</x><y>485</y><time>08-10-20 18:12:22:428</time></pt><pt><x>3086</x><y>485</y><time>08-10-20 18:12:23:926</time></pt><pt><x>3086</x><y>2397</y><time>undefined</time></pt><pt><x>1246</x><y>2397</y><time>undefined</time></pt><closed_date>08-10-20 18:12:23:926</closed_date></polygon></object></annotation>