<annotation><filename>m2_s03_248_p_nic025.jpg</filename><folder>users/joselusava//museos2020</folder><source><submittedBy>Jose Saca</submittedBy></source><imagesize><nrows>2910</nrows><ncols>4361</ncols></imagesize><object><name>m2_s03_248_p_nic025</name><deleted>0</deleted><verified>0</verified><occluded>no</occluded><attributes></attributes><parts><hasparts></hasparts><ispartof></ispartof></parts><date>27-09-20 16:48:38:873</date><id>0</id><polygon><username>anonymous</username><pt><x>902</x><y>1790</y><time>27-09-20 16:48:29:942</time></pt><pt><x>2636</x><y>1771</y><time>27-09-20 16:48:30:959</time></pt><pt><x>2850</x><y>1999</y><time>27-09-20 16:48:31:606</time></pt><pt><x>1515</x><y>2640</y><time>27-09-20 16:48:32:494</time></pt><closed_date>27-09-20 16:48:33:397</closed_date></polygon></object></annotation>