<annotation><filename>m2_s07_264_p_ic070.jpg</filename><folder>users/joselusava//valeria/sala7_264_ic</folder><source><submittedBy>Jose Saca</submittedBy></source><imagesize><nrows>2910</nrows><ncols>4361</ncols></imagesize><object><name>m2_s07_264_p_ic070</name><deleted>0</deleted><verified>0</verified><occluded>no</occluded><attributes></attributes><parts><hasparts></hasparts><ispartof></ispartof></parts><date>23-09-20 11:47:56:315</date><id>0</id><type>bounding_box</type><polygon><username>anonymous</username><pt><x>1400</x><y>463</y><time>23-09-20 11:47:50:005</time></pt><pt><x>2871</x><y>463</y><time>23-09-20 11:47:53:037</time></pt><pt><x>2871</x><y>2557</y><time>undefined</time></pt><pt><x>1400</x><y>2557</y><time>undefined</time></pt><closed_date>23-09-20 11:47:53:037</closed_date></polygon></object></annotation>