<annotation><filename>m4_s10_164_p_ic062.jpg</filename><folder>users/joselusava//santiago_2</folder><source><submittedBy>Jose Saca</submittedBy></source><imagesize><nrows>2970</nrows><ncols>4451</ncols></imagesize><object><name>m4_s10_164_p_ic062</name><deleted>0</deleted><verified>0</verified><occluded>no</occluded><attributes></attributes><parts><hasparts></hasparts><ispartof></ispartof></parts><date>13-10-20 22:52:21:605</date><id>0</id><type>bounding_box</type><polygon><username>anonymous</username><pt><x>1599</x><y>1189</y><time>13-10-20 22:52:19:018</time></pt><pt><x>2281</x><y>1189</y><time>13-10-20 22:52:19:907</time></pt><pt><x>2281</x><y>1963</y><time>undefined</time></pt><pt><x>1599</x><y>1963</y><time>undefined</time></pt><closed_date>13-10-20 22:52:19:909</closed_date></polygon></object></annotation>