<annotation><filename>m4_s06_089_p_ic088.jpg</filename><folder>users/joselusava//santiago_2</folder><source><submittedBy>Jose Saca</submittedBy></source><imagesize><nrows>2970</nrows><ncols>4451</ncols></imagesize><object><name>m4_s06_089_p_ic088</name><deleted>0</deleted><verified>0</verified><occluded>no</occluded><attributes></attributes><parts><hasparts></hasparts><ispartof></ispartof></parts><date>11-10-20 21:59:50:156</date><id>0</id><type>bounding_box</type><polygon><username>anonymous</username><pt><x>1694</x><y>216</y><time>11-10-20 21:59:43:064</time></pt><pt><x>2712</x><y>216</y><time>11-10-20 21:59:45:077</time></pt><pt><x>2712</x><y>2634</y><time>undefined</time></pt><pt><x>1694</x><y>2634</y><time>undefined</time></pt><closed_date>11-10-20 21:59:45:077</closed_date></polygon></object></annotation>