<annotation><filename>m2_s06_244_p_nic058.jpg</filename><folder>users/joselusava//museos2020</folder><source><submittedBy>Jose Saca</submittedBy></source><imagesize><nrows>2910</nrows><ncols>4361</ncols></imagesize><object><name>m2_s06_244_p_ic058</name><deleted>0</deleted><verified>0</verified><occluded>no</occluded><attributes></attributes><parts><hasparts></hasparts><ispartof></ispartof></parts><date>25-09-20 19:09:13:430</date><id>0</id><type>bounding_box</type><polygon><username>anonymous</username><pt><x>2050</x><y>1390</y><time>25-09-20 19:09:06:002</time></pt><pt><x>3844</x><y>1390</y><time>25-09-20 19:09:07:651</time></pt><pt><x>3844</x><y>2301</y><time>undefined</time></pt><pt><x>2050</x><y>2301</y><time>undefined</time></pt><closed_date>25-09-20 19:09:07:653</closed_date></polygon></object></annotation>