<annotation><filename>m1_s01_001_p_nic062.jpg</filename><folder>users/joselusava//juancarlos</folder><source><submittedBy>Jose Saca</submittedBy></source><imagesize><nrows>3200</nrows><ncols>4800</ncols></imagesize><object><name>m1_s01_001_p_nic062</name><deleted>0</deleted><verified>0</verified><occluded>no</occluded><attributes></attributes><parts><hasparts></hasparts><ispartof></ispartof></parts><date>11-09-20 11:26:40:291</date><id>0</id><type>bounding_box</type><polygon><username>anonymous</username><pt><x>2196</x><y>2374</y><time>11-09-20 11:26:26:242</time></pt><pt><x>3217</x><y>2374</y><time>11-09-20 11:26:28:385</time></pt><pt><x>3217</x><y>2956</y><time>undefined</time></pt><pt><x>2196</x><y>2956</y><time>undefined</time></pt><closed_date>11-09-20 11:26:28:386</closed_date></polygon></object></annotation>