<annotation><filename>m1_s06_141_p_nic072.jpg</filename><folder>users/joselusava//jacob_2/141nic</folder><source><submittedBy>Jose Saca</submittedBy></source><imagesize><nrows>2736</nrows><ncols>4100</ncols></imagesize><object><name>m1_s06_141_p_nic072</name><deleted>0</deleted><verified>0</verified><occluded>no</occluded><attributes></attributes><parts><hasparts></hasparts><ispartof></ispartof></parts><date>05-09-20 19:58:59:596</date><id>0</id><type>bounding_box</type><polygon><username>anonymous</username><pt><x>489</x><y>196</y><time>05-09-20 19:58:55:498</time></pt><pt><x>1288</x><y>196</y><time>05-09-20 19:58:58:796</time></pt><pt><x>1288</x><y>1761</y><time>undefined</time></pt><pt><x>489</x><y>1761</y><time>undefined</time></pt><closed_date>05-09-20 19:58:58:796</closed_date></polygon></object></annotation>