<annotation><filename>m2_s05_236_p_nic069.jpg</filename><folder>users/joselusava//museos2020</folder><source><submittedBy>Jose Saca</submittedBy></source><imagesize><nrows>2910</nrows><ncols>4361</ncols></imagesize><object><name>m2_s05_236_p_nic069</name><deleted>0</deleted><verified>0</verified><occluded>no</occluded><attributes></attributes><parts><hasparts></hasparts><ispartof></ispartof></parts><date>17-09-20 08:55:16:153</date><id>0</id><type>bounding_box</type><polygon><username>anonymous</username><pt><x>1167</x><y>1023</y><time>17-09-20 08:55:03:909</time></pt><pt><x>3245</x><y>1023</y><time>17-09-20 08:55:07:111</time></pt><pt><x>3245</x><y>2798</y><time>undefined</time></pt><pt><x>1167</x><y>2798</y><time>undefined</time></pt><closed_date>17-09-20 08:55:07:112</closed_date></polygon></object></annotation>