<annotation><filename>m4_s05_060_p_nic043.jpg</filename><folder>users/joselusava//m4_js/60/nic</folder><source><submittedBy>Jose Saca</submittedBy></source><imagesize><nrows>2910</nrows><ncols>4361</ncols></imagesize><object><name>m4_s05_060_p_nic043</name><deleted>0</deleted><verified>0</verified><occluded>no</occluded><attributes></attributes><parts><hasparts></hasparts><ispartof></ispartof></parts><date>14-10-20 00:00:19:464</date><id>0</id><type>bounding_box</type><polygon><username>anonymous</username><pt><x>958</x><y>1871</y><time>14-10-20 00:00:16:923</time></pt><pt><x>4335</x><y>1871</y><time>14-10-20 00:00:18:473</time></pt><pt><x>4335</x><y>26</y><time>undefined</time></pt><pt><x>958</x><y>26</y><time>undefined</time></pt><closed_date>14-10-20 00:00:18:473</closed_date></polygon></object></annotation>