<annotation><filename>m2_s02_102_x.jpg</filename><folder>users/joselusava//m2_jsv</folder><source><submittedBy>Jose Saca</submittedBy></source><imagesize><nrows>2910</nrows><ncols>4361</ncols></imagesize><object><name>m2_s02_102_x</name><deleted>0</deleted><verified>0</verified><occluded>no</occluded><attributes></attributes><parts><hasparts></hasparts><ispartof></ispartof></parts><date>19-09-20 23:17:55:270</date><id>0</id><type>bounding_box</type><polygon><username>anonymous</username><pt><x>1471</x><y>287</y><time>19-09-20 23:17:52:800</time></pt><pt><x>2803</x><y>287</y><time>19-09-20 23:17:54:227</time></pt><pt><x>2803</x><y>2368</y><time>undefined</time></pt><pt><x>1471</x><y>2368</y><time>undefined</time></pt><closed_date>19-09-20 23:17:54:227</closed_date></polygon></object></annotation>