<annotation><filename>m3_s01_002_p_ic030.jpg</filename><folder>users/joselusava//santiago_3</folder><source><submittedBy>Jose Saca</submittedBy></source><imagesize><nrows>2970</nrows><ncols>4451</ncols></imagesize><object><name>m3_s01_002_p_ic030</name><deleted>0</deleted><verified>0</verified><occluded>no</occluded><attributes></attributes><parts><hasparts></hasparts><ispartof></ispartof></parts><date>28-10-20 18:44:41:853</date><id>0</id><type>bounding_box</type><polygon><username>anonymous</username><pt><x>136</x><y>186</y><time>28-10-20 18:44:34:927</time></pt><pt><x>4084</x><y>186</y><time>28-10-20 18:44:37:350</time></pt><pt><x>4084</x><y>2377</y><time>undefined</time></pt><pt><x>136</x><y>2377</y><time>undefined</time></pt><closed_date>28-10-20 18:44:37:352</closed_date></polygon></object></annotation>