<annotation><filename>m1_s02_029_p_ic034.jpg</filename><folder>users/joselusava//valeria/sala2_029_ic</folder><source><submittedBy>Jose Saca</submittedBy></source><imagesize><nrows>3200</nrows><ncols>4800</ncols></imagesize><object><name>m1_s02_029_p_ic034</name><deleted>0</deleted><verified>0</verified><occluded>no</occluded><attributes></attributes><parts><hasparts></hasparts><ispartof></ispartof></parts><date>22-08-20 19:05:30:058</date><id>0</id><type>bounding_box</type><polygon><username>anonymous</username><pt><x>1272</x><y>161</y><time>22-08-20 19:05:09:941</time></pt><pt><x>3447</x><y>161</y><time>22-08-20 19:05:15:850</time></pt><pt><x>3447</x><y>3082</y><time>undefined</time></pt><pt><x>1272</x><y>3082</y><time>undefined</time></pt><closed_date>22-08-20 19:05:15:852</closed_date></polygon></object></annotation>