<annotation><filename>m1_s01_001_p_ic090.jpg</filename><folder>users/joselusava//juancarlos</folder><source><submittedBy>Jose Saca</submittedBy></source><imagesize><nrows>2000</nrows><ncols>2992</ncols></imagesize><object><name>m1_s01_001_p_ic090</name><deleted>0</deleted><verified>0</verified><occluded>no</occluded><attributes></attributes><parts><hasparts></hasparts><ispartof></ispartof></parts><date>01-09-20 16:17:36:115</date><id>0</id><type>bounding_box</type><polygon><username>anonymous</username><pt><x>371</x><y>496</y><time>01-09-20 16:16:20:853</time></pt><pt><x>2045</x><y>496</y><time>01-09-20 16:16:27:487</time></pt><pt><x>2045</x><y>1425</y><time>undefined</time></pt><pt><x>371</x><y>1425</y><time>undefined</time></pt><closed_date>01-09-20 16:16:27:489</closed_date></polygon></object></annotation>