<annotation><filename>m2_s02_085_p_nic036.jpg</filename><folder>users/joselusava//m2_jsv/85/nic</folder><source><submittedBy>Jose Saca</submittedBy></source><imagesize><nrows>2910</nrows><ncols>4361</ncols></imagesize><object><name>m2_s02_085_p_nic036</name><deleted>0</deleted><verified>0</verified><occluded>no</occluded><attributes></attributes><parts><hasparts></hasparts><ispartof></ispartof></parts><date>19-09-20 22:37:58:763</date><id>0</id><type>bounding_box</type><polygon><username>anonymous</username><pt><x>3038</x><y>958</y><time>19-09-20 22:37:56:481</time></pt><pt><x>4022</x><y>958</y><time>19-09-20 22:37:57:982</time></pt><pt><x>4022</x><y>2046</y><time>undefined</time></pt><pt><x>3038</x><y>2046</y><time>undefined</time></pt><closed_date>19-09-20 22:37:57:982</closed_date></polygon></object></annotation>