<annotation><filename>m1_s02_052_p_nic042.jpg</filename><folder>users/joselusava//valeria/sala2_052_nic</folder><source><submittedBy>Jose Saca</submittedBy></source><imagesize><nrows>3200</nrows><ncols>4800</ncols></imagesize><object><name>m1_s02_052_p_nic042</name><deleted>0</deleted><verified>0</verified><occluded>no</occluded><attributes></attributes><parts><hasparts></hasparts><ispartof></ispartof></parts><date>27-08-20 16:14:02:751</date><id>0</id><type>bounding_box</type><polygon><username>anonymous</username><pt><x>1487</x><y>2717</y><time>27-08-20 16:13:53:812</time></pt><pt><x>408</x><y>2717</y><time>27-08-20 16:13:55:936</time></pt><pt><x>408</x><y>1686</y><time>undefined</time></pt><pt><x>1487</x><y>1686</y><time>undefined</time></pt><closed_date>27-08-20 16:13:55:937</closed_date></polygon></object></annotation>