<annotation><filename>m2_s03_252_p_ic049.jpg</filename><folder>users/joselusava//valeria/m2_sala03_252_ic</folder><source><submittedBy>Jose Saca</submittedBy></source><imagesize><nrows>2910</nrows><ncols>4361</ncols></imagesize><object><name>m2_s06_252_p_ic047</name><deleted>0</deleted><verified>0</verified><occluded>no</occluded><attributes/><parts><hasparts/><ispartof/></parts><date>25-09-20 22:53:56:619</date><id>0</id><type>bounding_box</type><polygon><username>anonymous</username><pt><x>557</x><y>331</y><time>25-09-20 22:53:49:546</time></pt><pt><x>3726</x><y>331</y><time>25-09-20 22:53:51:955</time></pt><pt><x>3726</x><y>2519</y><time>undefined</time></pt><pt><x>557</x><y>2519</y><time>undefined</time></pt><closed_date>25-09-20 22:53:51:956</closed_date></polygon></object><object><name>m2_s06_252_p_ic049</name><deleted>0</deleted><verified>0</verified><occluded>no</occluded><attributes></attributes><parts><hasparts></hasparts><ispartof></ispartof></parts><date>27-09-20 00:10:57:472</date><id>1</id><type>bounding_box</type><polygon><username>anonymous</username><pt><x>551</x><y>320</y><time>27-09-20 00:10:51:433</time></pt><pt><x>3654</x><y>320</y><time>27-09-20 00:10:53:528</time></pt><pt><x>3654</x><y>2491</y><time>undefined</time></pt><pt><x>551</x><y>2491</y><time>undefined</time></pt><closed_date>27-09-20 00:10:53:530</closed_date></polygon></object></annotation>