<annotation><filename>m2_s01_024_p_nic009.jpg</filename><folder>users/joselusava//santiago</folder><source><submittedBy>Jose Saca</submittedBy></source><imagesize><nrows>2850</nrows><ncols>4271</ncols></imagesize><object><name>m2_s01_024_p_nic009</name><deleted>0</deleted><verified>0</verified><occluded>no</occluded><attributes></attributes><parts><hasparts></hasparts><ispartof></ispartof></parts><date>25-09-20 13:32:50:694</date><id>0</id><type>bounding_box</type><polygon><username>anonymous</username><pt><x>417</x><y>141</y><time>25-09-20 13:32:43:988</time></pt><pt><x>1609</x><y>141</y><time>25-09-20 13:32:45:542</time></pt><pt><x>1609</x><y>1831</y><time>undefined</time></pt><pt><x>417</x><y>1831</y><time>undefined</time></pt><closed_date>25-09-20 13:32:45:544</closed_date></polygon></object></annotation>