<annotation><filename>m2_s01_032_p_nic080.jpg</filename><folder>users/joselusava//santiago_2</folder><source><submittedBy>Jose Saca</submittedBy></source><imagesize><nrows>2850</nrows><ncols>4271</ncols></imagesize><object><name>m2_s01_032_p_nic080</name><deleted>0</deleted><verified>0</verified><occluded>no</occluded><attributes></attributes><parts><hasparts></hasparts><ispartof></ispartof></parts><date>30-09-20 21:18:19:835</date><id>0</id><type>bounding_box</type><polygon><username>anonymous</username><pt><x>2416</x><y>655</y><time>30-09-20 21:18:14:800</time></pt><pt><x>3193</x><y>655</y><time>30-09-20 21:18:15:566</time></pt><pt><x>3193</x><y>1523</y><time>undefined</time></pt><pt><x>2416</x><y>1523</y><time>undefined</time></pt><closed_date>30-09-20 21:18:15:567</closed_date></polygon></object></annotation>