<annotation><filename>m2_s03_248_p_nic058.jpg</filename><folder>users/joselusava//museos2020</folder><source><submittedBy>Jose Saca</submittedBy></source><imagesize><nrows>2910</nrows><ncols>4361</ncols></imagesize><object><name>m2_s03_248_p_nic058</name><deleted>0</deleted><verified>0</verified><occluded>no</occluded><attributes></attributes><parts><hasparts></hasparts><ispartof></ispartof></parts><date>27-09-20 17:21:21:457</date><id>0</id><polygon><username>anonymous</username><pt><x>367</x><y>1753</y><time>27-09-20 17:21:09:843</time></pt><pt><x>2422</x><y>1762</y><time>27-09-20 17:21:10:806</time></pt><pt><x>1901</x><y>2450</y><time>27-09-20 17:21:11:671</time></pt><pt><x>158</x><y>1985</y><time>27-09-20 17:21:12:464</time></pt><closed_date>27-09-20 17:21:14:935</closed_date></polygon></object></annotation>