<annotation><filename>m2_s01_010_p_nic090.jpg</filename><folder>users/joselusava//santiago</folder><source><submittedBy>Jose Saca</submittedBy></source><imagesize><nrows>2850</nrows><ncols>4271</ncols></imagesize><object><name>m2_s01_010_p_nic090</name><deleted>0</deleted><verified>0</verified><occluded>no</occluded><attributes></attributes><parts><hasparts></hasparts><ispartof></ispartof></parts><date>22-09-20 21:46:41:247</date><id>0</id><type>bounding_box</type><polygon><username>anonymous</username><pt><x>548</x><y>269</y><time>22-09-20 21:46:33:484</time></pt><pt><x>1606</x><y>269</y><time>22-09-20 21:46:35:061</time></pt><pt><x>1606</x><y>1414</y><time>undefined</time></pt><pt><x>548</x><y>1414</y><time>undefined</time></pt><closed_date>22-09-20 21:46:35:061</closed_date></polygon></object></annotation>