<annotation><filename>m4_s04_037_p_ic083.jpg</filename><folder>users/joselusava//santiago_2</folder><source><submittedBy>Jose Saca</submittedBy></source><imagesize><nrows>2970</nrows><ncols>4451</ncols></imagesize><object><name>m4_s04_037_p_ic083</name><deleted>0</deleted><verified>0</verified><occluded>no</occluded><attributes></attributes><parts><hasparts></hasparts><ispartof></ispartof></parts><date>18-10-20 22:20:02:791</date><id>0</id><type>bounding_box</type><polygon><username>anonymous</username><pt><x>1767</x><y>460</y><time>18-10-20 22:19:55:120</time></pt><pt><x>3141</x><y>460</y><time>18-10-20 22:19:57:067</time></pt><pt><x>3141</x><y>2502</y><time>undefined</time></pt><pt><x>1767</x><y>2502</y><time>undefined</time></pt><closed_date>18-10-20 22:19:57:068</closed_date></polygon></object></annotation>