<annotation><filename>m3_s01_002_p_nic051.jpg</filename><folder>users/joselusava//santiago_3</folder><source><submittedBy>Jose Saca</submittedBy></source><imagesize><nrows>2970</nrows><ncols>4451</ncols></imagesize><object><name>m3_s01_002_p_nic051</name><deleted>0</deleted><verified>0</verified><occluded>no</occluded><attributes></attributes><parts><hasparts></hasparts><ispartof></ispartof></parts><date>29-10-20 20:47:08:985</date><id>0</id><type>bounding_box</type><polygon><username>anonymous</username><pt><x>1524</x><y>992</y><time>29-10-20 20:47:04:644</time></pt><pt><x>3359</x><y>992</y><time>29-10-20 20:47:06:625</time></pt><pt><x>3359</x><y>2820</y><time>undefined</time></pt><pt><x>1524</x><y>2820</y><time>undefined</time></pt><closed_date>29-10-20 20:47:06:626</closed_date></polygon></object></annotation>