<annotation><filename>img_m1_s10_303_p_nic033.jpg</filename><folder>users/joselusava//santiago</folder><source><submittedBy>Jose Saca</submittedBy></source><imagesize><nrows>3200</nrows><ncols>4800</ncols></imagesize><object><name>m1_s10_303_p_nic033</name><deleted>0</deleted><verified>0</verified><occluded>no</occluded><attributes></attributes><parts><hasparts></hasparts><ispartof></ispartof></parts><date>01-09-20 20:27:36:849</date><id>0</id><type>bounding_box</type><polygon><username>anonymous</username><pt><x>274</x><y>623</y><time>01-09-20 20:27:27:220</time></pt><pt><x>1573</x><y>623</y><time>01-09-20 20:27:29:960</time></pt><pt><x>1573</x><y>1494</y><time>undefined</time></pt><pt><x>274</x><y>1494</y><time>undefined</time></pt><closed_date>01-09-20 20:27:29:961</closed_date></polygon></object></annotation>