<annotation><filename>m2_s01_018_p_ic032.jpg</filename><folder>users/joselusava//santiago_2</folder><source><submittedBy>Jose Saca</submittedBy></source><imagesize><nrows>2850</nrows><ncols>4271</ncols></imagesize><object><name>m2_s01_018_p_ic032</name><deleted>0</deleted><verified>0</verified><occluded>no</occluded><attributes></attributes><parts><hasparts></hasparts><ispartof></ispartof></parts><date>28-09-20 16:17:05:301</date><id>0</id><type>bounding_box</type><polygon><username>anonymous</username><pt><x>1350</x><y>660</y><time>28-09-20 16:16:55:794</time></pt><pt><x>2844</x><y>660</y><time>28-09-20 16:16:58:817</time></pt><pt><x>2844</x><y>2459</y><time>undefined</time></pt><pt><x>1350</x><y>2459</y><time>undefined</time></pt><closed_date>28-09-20 16:16:58:817</closed_date></polygon></object></annotation>