<annotation><filename>m4_s10_154_p_nic044.jpg</filename><folder>users/joselusava//valeria/m04_s10_154_nic</folder><source><submittedBy>Jose Saca</submittedBy></source><imagesize><nrows>2970</nrows><ncols>4451</ncols></imagesize><object><name>m4_s10_154_p_nic044</name><deleted>0</deleted><verified>0</verified><occluded>no</occluded><attributes></attributes><parts><hasparts></hasparts><ispartof></ispartof></parts><date>14-10-20 13:02:25:910</date><id>0</id><type>bounding_box</type><polygon><username>anonymous</username><pt><x>2879</x><y>965</y><time>14-10-20 13:02:19:963</time></pt><pt><x>4015</x><y>965</y><time>14-10-20 13:02:21:850</time></pt><pt><x>4015</x><y>2776</y><time>undefined</time></pt><pt><x>2879</x><y>2776</y><time>undefined</time></pt><closed_date>14-10-20 13:02:21:851</closed_date></polygon></object></annotation>