<annotation><filename>m4_s10_154_p_ic034.jpg</filename><folder>users/joselusava//valeria/m04_s10_154_ic</folder><source><submittedBy>Jose Saca</submittedBy></source><imagesize><nrows>2970</nrows><ncols>4451</ncols></imagesize><object><name>m4_s10_154_p_ic034</name><deleted>0</deleted><verified>0</verified><occluded>no</occluded><attributes></attributes><parts><hasparts></hasparts><ispartof></ispartof></parts><date>13-10-20 21:53:44:265</date><id>0</id><type>bounding_box</type><polygon><username>anonymous</username><pt><x>2879</x><y>2616</y><time>13-10-20 21:53:38:669</time></pt><pt><x>1548</x><y>2616</y><time>13-10-20 21:53:40:945</time></pt><pt><x>1548</x><y>137</y><time>undefined</time></pt><pt><x>2879</x><y>137</y><time>undefined</time></pt><closed_date>13-10-20 21:53:40:946</closed_date></polygon></object></annotation>