<annotation><filename>m3_s01_023_p_ic050.jpg</filename><folder>users/joselusava//santiago_3</folder><source><submittedBy>Jose Saca</submittedBy></source><imagesize><nrows>2970</nrows><ncols>4451</ncols></imagesize><object><name>m3_s01_023_p_ic050</name><deleted>0</deleted><verified>0</verified><occluded>no</occluded><attributes></attributes><parts><hasparts></hasparts><ispartof></ispartof></parts><date>04-11-20 19:22:56:319</date><id>0</id><type>bounding_box</type><polygon><username>anonymous</username><pt><x>721</x><y>575</y><time>04-11-20 19:22:52:979</time></pt><pt><x>3623</x><y>575</y><time>04-11-20 19:22:54:059</time></pt><pt><x>3623</x><y>2531</y><time>undefined</time></pt><pt><x>721</x><y>2531</y><time>undefined</time></pt><closed_date>04-11-20 19:22:54:060</closed_date></polygon></object></annotation>