<annotation><filename>m2_s01_010_p_ic074.jpg</filename><folder>users/joselusava//santiago</folder><source><submittedBy>Jose Saca</submittedBy></source><imagesize><nrows>2850</nrows><ncols>4271</ncols></imagesize><object><name>m2_s01_010_p_ic074</name><deleted>0</deleted><verified>0</verified><occluded>no</occluded><attributes></attributes><parts><hasparts></hasparts><ispartof></ispartof></parts><date>21-09-20 23:22:05:814</date><id>0</id><type>bounding_box</type><polygon><username>anonymous</username><pt><x>975</x><y>333</y><time>21-09-20 23:21:56:867</time></pt><pt><x>3219</x><y>333</y><time>21-09-20 23:21:59:847</time></pt><pt><x>3219</x><y>2510</y><time>undefined</time></pt><pt><x>975</x><y>2510</y><time>undefined</time></pt><closed_date>21-09-20 23:21:59:848</closed_date></polygon></object></annotation>