<annotation><filename>m2_s01_010_p_nic079.jpg</filename><folder>users/joselusava//santiago</folder><source><submittedBy>Jose Saca</submittedBy></source><imagesize><nrows>2850</nrows><ncols>4271</ncols></imagesize><object><name>m2_s01_010_p_nic079</name><deleted>0</deleted><verified>0</verified><occluded>no</occluded><attributes></attributes><parts><hasparts></hasparts><ispartof></ispartof></parts><date>22-09-20 21:34:15:178</date><id>0</id><type>bounding_box</type><polygon><username>anonymous</username><pt><x>1039</x><y>452</y><time>22-09-20 21:34:07:210</time></pt><pt><x>1776</x><y>452</y><time>22-09-20 21:34:08:474</time></pt><pt><x>1776</x><y>1087</y><time>undefined</time></pt><pt><x>1039</x><y>1087</y><time>undefined</time></pt><closed_date>22-09-20 21:34:08:475</closed_date></polygon></object></annotation>