<annotation><filename>m4_s07_105_p_nic012.jpg</filename><folder>users/joselusava//kath/m4_105/nic</folder><source><submittedBy>Jose Saca</submittedBy></source><imagesize><nrows>2970</nrows><ncols>4451</ncols></imagesize><object><name>m4_s07_105_p_nic012</name><deleted>0</deleted><verified>0</verified><occluded>no</occluded><attributes></attributes><parts><hasparts></hasparts><ispartof></ispartof></parts><date>29-10-20 09:28:27:607</date><id>0</id><type>bounding_box</type><polygon><username>anonymous</username><pt><x>1225</x><y>1596</y><time>29-10-20 09:28:20:278</time></pt><pt><x>2091</x><y>1596</y><time>29-10-20 09:28:22:441</time></pt><pt><x>2091</x><y>58</y><time>undefined</time></pt><pt><x>1225</x><y>58</y><time>undefined</time></pt><closed_date>29-10-20 09:28:22:441</closed_date></polygon></object></annotation>