<annotation><filename>m4_s04_047_p_ic093.jpg</filename><folder>users/joselusava//kath/kath_m4_047</folder><source><submittedBy>Jose Saca</submittedBy></source><imagesize><nrows>2970</nrows><ncols>4451</ncols></imagesize><object><name>m4_s04_047_p_ic093</name><deleted>0</deleted><verified>0</verified><occluded>no</occluded><attributes></attributes><parts><hasparts></hasparts><ispartof></ispartof></parts><date>24-10-20 16:55:58:334</date><id>0</id><type>bounding_box</type><polygon><username>anonymous</username><pt><x>1648</x><y>230</y><time>24-10-20 16:55:47:430</time></pt><pt><x>2755</x><y>230</y><time>24-10-20 16:55:49:651</time></pt><pt><x>2755</x><y>2814</y><time>undefined</time></pt><pt><x>1648</x><y>2814</y><time>undefined</time></pt><closed_date>24-10-20 16:55:49:652</closed_date></polygon></object></annotation>