<annotation><filename>m2_s03_252_p_ic072.jpg</filename><folder>users/joselusava//valeria/m2_sala03_252_ic</folder><source><submittedBy>Jose Saca</submittedBy></source><imagesize><nrows>2910</nrows><ncols>4361</ncols></imagesize><object><name>m2_s06_252_p_ic072</name><deleted>0</deleted><verified>0</verified><occluded>no</occluded><attributes></attributes><parts><hasparts></hasparts><ispartof></ispartof></parts><date>27-09-20 13:02:28:795</date><id>0</id><type>bounding_box</type><polygon><username>anonymous</username><pt><x>3588</x><y>386</y><time>27-09-20 13:02:19:487</time></pt><pt><x>678</x><y>386</y><time>27-09-20 13:02:21:685</time></pt><pt><x>678</x><y>2513</y><time>undefined</time></pt><pt><x>3588</x><y>2513</y><time>undefined</time></pt><closed_date>27-09-20 13:02:21:686</closed_date></polygon></object></annotation>