<annotation><filename>m4_s06_089_p_nic050.jpg</filename><folder>users/joselusava//santiago_2</folder><source><submittedBy>Jose Saca</submittedBy></source><imagesize><nrows>2970</nrows><ncols>4451</ncols></imagesize><object><name>m4_s06_089_p_nic050</name><deleted>0</deleted><verified>0</verified><occluded>no</occluded><attributes></attributes><parts><hasparts></hasparts><ispartof></ispartof></parts><date>12-10-20 21:16:27:349</date><id>0</id><type>bounding_box</type><polygon><username>anonymous</username><pt><x>767</x><y>910</y><time>12-10-20 21:16:23:628</time></pt><pt><x>2178</x><y>910</y><time>12-10-20 21:16:25:065</time></pt><pt><x>2178</x><y>2674</y><time>undefined</time></pt><pt><x>767</x><y>2674</y><time>undefined</time></pt><closed_date>12-10-20 21:16:25:066</closed_date></polygon></object></annotation>