<annotation><filename>m2_s03_201_p_nic051.jpg</filename><folder>users/joselusava//valeria/m2_sala03_201_nic</folder><source><submittedBy>Jose Saca</submittedBy></source><imagesize><nrows>2910</nrows><ncols>4361</ncols></imagesize><object><name>m2_s03_201_p_nic051</name><deleted>0</deleted><verified>0</verified><occluded>no</occluded><attributes></attributes><parts><hasparts></hasparts><ispartof></ispartof></parts><date>29-09-20 23:26:19:614</date><id>0</id><type>bounding_box</type><polygon><username>anonymous</username><pt><x>2513</x><y>2816</y><time>29-09-20 23:26:12:886</time></pt><pt><x>4271</x><y>2816</y><time>29-09-20 23:26:15:676</time></pt><pt><x>4271</x><y>832</y><time>undefined</time></pt><pt><x>2513</x><y>832</y><time>undefined</time></pt><closed_date>29-09-20 23:26:15:677</closed_date></polygon></object></annotation>