<annotation><filename>m1_s01_001_p_nic039.jpg</filename><folder>users/joselusava//juancarlos</folder><source><submittedBy>Jose Saca</submittedBy></source><imagesize><nrows>3200</nrows><ncols>4800</ncols></imagesize><object><name>m1_s01_001_p_nic039</name><deleted>0</deleted><verified>0</verified><occluded>no</occluded><attributes></attributes><parts><hasparts></hasparts><ispartof></ispartof></parts><date>02-09-20 16:02:55:613</date><id>0</id><type>bounding_box</type><polygon><username>anonymous</username><pt><x>2418</x><y>1770</y><time>02-09-20 16:02:45:161</time></pt><pt><x>3855</x><y>1770</y><time>02-09-20 16:02:48:367</time></pt><pt><x>3855</x><y>2685</y><time>undefined</time></pt><pt><x>2418</x><y>2685</y><time>undefined</time></pt><closed_date>02-09-20 16:02:48:369</closed_date></polygon></object></annotation>