<annotation><filename>m2_s06_250_p_nic096.jpg</filename><folder>users/joselusava//m2_jsv/250</folder><source><submittedBy>Jose Saca</submittedBy></source><imagesize><nrows>2910</nrows><ncols>4361</ncols></imagesize><object><name>m2_s06_250_p_nic096</name><deleted>0</deleted><verified>0</verified><occluded>no</occluded><attributes></attributes><parts><hasparts></hasparts><ispartof></ispartof></parts><date>30-09-20 12:03:41:306</date><id>0</id><type>bounding_box</type><polygon><username>anonymous</username><pt><x>2646</x><y>548</y><time>30-09-20 12:03:38:041</time></pt><pt><x>17</x><y>548</y><time>30-09-20 12:03:40:606</time></pt><pt><x>17</x><y>2228</y><time>undefined</time></pt><pt><x>2646</x><y>2228</y><time>undefined</time></pt><closed_date>30-09-20 12:03:40:606</closed_date></polygon></object></annotation>