<annotation><filename>m4_s05_055_p_nic002.jpg</filename><folder>users/joselusava//valeria/m4_s05_055_nic</folder><source><submittedBy>Jose Saca</submittedBy></source><imagesize><nrows>2910</nrows><ncols>4361</ncols></imagesize><object><name>m4_s05_055_p_nic002</name><deleted>0</deleted><verified>0</verified><occluded>no</occluded><attributes></attributes><parts><hasparts></hasparts><ispartof></ispartof></parts><date>09-10-20 15:22:33:033</date><id>0</id><type>bounding_box</type><polygon><username>anonymous</username><pt><x>4200</x><y>2568</y><time>09-10-20 15:22:26:756</time></pt><pt><x>2656</x><y>2568</y><time>09-10-20 15:22:28:807</time></pt><pt><x>2656</x><y>926</y><time>undefined</time></pt><pt><x>4200</x><y>926</y><time>undefined</time></pt><closed_date>09-10-20 15:22:28:808</closed_date></polygon></object></annotation>