<annotation><filename>m4_s04_045_p_nic065.jpg</filename><folder>users/joselusava//valeria/m04_s04_45_nic</folder><source><submittedBy>Jose Saca</submittedBy></source><imagesize><nrows>2970</nrows><ncols>4451</ncols></imagesize><object><name>m4_s04_045_p_nic065</name><deleted>0</deleted><verified>0</verified><occluded>no</occluded><attributes></attributes><parts><hasparts></hasparts><ispartof></ispartof></parts><date>20-10-20 15:19:50:118</date><id>0</id><type>bounding_box</type><polygon><username>anonymous</username><pt><x>617</x><y>2667</y><time>20-10-20 15:19:44:578</time></pt><pt><x>1045</x><y>2667</y><time>20-10-20 15:19:45:945</time></pt><pt><x>1045</x><y>1908</y><time>undefined</time></pt><pt><x>617</x><y>1908</y><time>undefined</time></pt><closed_date>20-10-20 15:19:45:946</closed_date></polygon></object></annotation>