<annotation><filename>m2_s03_252_p_ic058.jpg</filename><folder>users/joselusava//valeria/m2_sala03_252_ic</folder><source><submittedBy>Jose Saca</submittedBy></source><imagesize><nrows>2910</nrows><ncols>4361</ncols></imagesize><object><name>m2_s06_252_p_ic056</name><deleted>0</deleted><verified>0</verified><occluded>no</occluded><attributes/><parts><hasparts/><ispartof/></parts><date>25-09-20 23:12:28:387</date><id>0</id><type>bounding_box</type><polygon><username>anonymous</username><pt><x>1036</x><y>573</y><time>25-09-20 23:12:21:491</time></pt><pt><x>3737</x><y>573</y><time>25-09-20 23:12:24:556</time></pt><pt><x>3737</x><y>2480</y><time>undefined</time></pt><pt><x>1036</x><y>2480</y><time>undefined</time></pt><closed_date>25-09-20 23:12:24:556</closed_date></polygon></object><object><name>m2_s06_252_p_ic058</name><deleted>0</deleted><verified>0</verified><occluded>no</occluded><attributes></attributes><parts><hasparts></hasparts><ispartof></ispartof></parts><date>27-09-20 00:43:34:089</date><id>1</id><type>bounding_box</type><polygon><username>anonymous</username><pt><x>998</x><y>524</y><time>27-09-20 00:43:27:662</time></pt><pt><x>3742</x><y>524</y><time>27-09-20 00:43:30:370</time></pt><pt><x>3742</x><y>2469</y><time>undefined</time></pt><pt><x>998</x><y>2469</y><time>undefined</time></pt><closed_date>27-09-20 00:43:30:371</closed_date></polygon></object></annotation>