<annotation><filename>m2_s03_248_p_ic008.jpg</filename><folder>users/joselusava//museos2020</folder><source><submittedBy>Jose Saca</submittedBy></source><imagesize><nrows>2910</nrows><ncols>4361</ncols></imagesize><object><name>m2_s03_248_p_ic008</name><deleted>0</deleted><verified>0</verified><occluded>no</occluded><attributes></attributes><parts><hasparts></hasparts><ispartof></ispartof></parts><date>26-09-20 22:19:06:528</date><id>0</id><polygon><username>anonymous</username><pt><x>381</x><y>730</y><time>26-09-20 22:18:56:626</time></pt><pt><x>1144</x><y>2162</y><time>26-09-20 22:18:57:455</time></pt><pt><x>4063</x><y>1144</y><time>26-09-20 22:18:58:358</time></pt><pt><x>3895</x><y>813</y><time>26-09-20 22:18:59:212</time></pt><closed_date>26-09-20 22:19:00:676</closed_date></polygon></object></annotation>