<annotation><filename>m2_s02_129_p_nic056.jpg</filename><folder>users/joselusava//m2_jsv/129/nic</folder><source><submittedBy>Jose Saca</submittedBy></source><imagesize><nrows>2910</nrows><ncols>4361</ncols></imagesize><object><name>m2_s02_129_p_nic056</name><deleted>0</deleted><verified>0</verified><occluded>no</occluded><attributes></attributes><parts><hasparts></hasparts><ispartof></ispartof></parts><date>25-09-20 08:05:50:421</date><id>0</id><type>bounding_box</type><polygon><username>anonymous</username><pt><x>1393</x><y>1889</y><time>25-09-20 08:05:48:439</time></pt><pt><x>261</x><y>1889</y><time>25-09-20 08:05:49:844</time></pt><pt><x>261</x><y>897</y><time>undefined</time></pt><pt><x>1393</x><y>897</y><time>undefined</time></pt><closed_date>25-09-20 08:05:49:844</closed_date></polygon></object></annotation>