<annotation><filename>m4_s12_185_p_nic092.jpg</filename><folder>users/joselusava//valeria/m04_s12_185_nic</folder><source><submittedBy>Jose Saca</submittedBy></source><imagesize><nrows>2910</nrows><ncols>4361</ncols></imagesize><object><name>m4_s12_185_p_nic092</name><deleted>0</deleted><verified>0</verified><occluded>no</occluded><attributes></attributes><parts><hasparts></hasparts><ispartof></ispartof></parts><date>18-10-20 00:01:49:191</date><id>0</id><type>bounding_box</type><polygon><username>anonymous</username><pt><x>1466</x><y>2653</y><time>18-10-20 00:01:43:156</time></pt><pt><x>4281</x><y>2653</y><time>18-10-20 00:01:45:395</time></pt><pt><x>4281</x><y>280</y><time>undefined</time></pt><pt><x>1466</x><y>280</y><time>undefined</time></pt><closed_date>18-10-20 00:01:45:396</closed_date></polygon></object></annotation>