<annotation><filename>m4_s05_052_p_ic077.jpg</filename><folder>users/joselusava//santiago_2</folder><source><submittedBy>Jose Saca</submittedBy></source><imagesize><nrows>2910</nrows><ncols>4361</ncols></imagesize><object><name>m4_s05_052_p_ic077</name><deleted>0</deleted><verified>0</verified><occluded>no</occluded><attributes></attributes><parts><hasparts></hasparts><ispartof></ispartof></parts><date>07-10-20 22:58:54:250</date><id>0</id><type>bounding_box</type><polygon><username>anonymous</username><pt><x>1400</x><y>440</y><time>07-10-20 22:58:48:871</time></pt><pt><x>3059</x><y>440</y><time>07-10-20 22:58:50:111</time></pt><pt><x>3059</x><y>2515</y><time>undefined</time></pt><pt><x>1400</x><y>2515</y><time>undefined</time></pt><closed_date>07-10-20 22:58:50:112</closed_date></polygon></object></annotation>