<annotation><filename>m2_s02_085_p_ic031.jpg</filename><folder>users/joselusava//m2_jsv/85/ic</folder><source><submittedBy>Jose Saca</submittedBy></source><imagesize><nrows>2910</nrows><ncols>4361</ncols></imagesize><object><name>m2_s02_085_p_ic031</name><deleted>0</deleted><verified>0</verified><occluded>no</occluded><attributes></attributes><parts><hasparts></hasparts><ispartof></ispartof></parts><date>16-09-20 13:40:45:661</date><id>0</id><type>bounding_box</type><polygon><username>anonymous</username><pt><x>1576</x><y>1132</y><time>16-09-20 13:40:43:084</time></pt><pt><x>2472</x><y>1132</y><time>16-09-20 13:40:44:956</time></pt><pt><x>2472</x><y>2307</y><time>undefined</time></pt><pt><x>1576</x><y>2307</y><time>undefined</time></pt><closed_date>16-09-20 13:40:44:956</closed_date></polygon></object></annotation>