<annotation><filename>m4_s04_045_p_nic077.jpg</filename><folder>users/joselusava//valeria/m04_s04_45_nic</folder><source><submittedBy>Jose Saca</submittedBy></source><imagesize><nrows>2970</nrows><ncols>4451</ncols></imagesize><object><name>m4_s04_045_p_nic077</name><deleted>0</deleted><verified>0</verified><occluded>no</occluded><attributes></attributes><parts><hasparts></hasparts><ispartof></ispartof></parts><date>20-10-20 15:36:37:325</date><id>0</id><type>bounding_box</type><polygon><username>anonymous</username><pt><x>3216</x><y>2010</y><time>20-10-20 15:36:32:995</time></pt><pt><x>3718</x><y>2010</y><time>20-10-20 15:36:34:434</time></pt><pt><x>3718</x><y>1314</y><time>undefined</time></pt><pt><x>3216</x><y>1314</y><time>undefined</time></pt><closed_date>20-10-20 15:36:34:435</closed_date></polygon></object></annotation>