<annotation><filename>m2_s02_085_p_nic002.jpg</filename><folder>users/joselusava//m2_jsv/85/nic</folder><source><submittedBy>Jose Saca</submittedBy></source><imagesize><nrows>2910</nrows><ncols>4361</ncols></imagesize><object><name>m2_s02_085_p_nic002</name><deleted>0</deleted><verified>0</verified><occluded>no</occluded><attributes></attributes><parts><hasparts></hasparts><ispartof></ispartof></parts><date>17-09-20 20:17:09:341</date><id>0</id><type>bounding_box</type><polygon><username>anonymous</username><pt><x>3151</x><y>1262</y><time>17-09-20 20:17:07:269</time></pt><pt><x>4161</x><y>1262</y><time>17-09-20 20:17:08:327</time></pt><pt><x>4161</x><y>2394</y><time>undefined</time></pt><pt><x>3151</x><y>2394</y><time>undefined</time></pt><closed_date>17-09-20 20:17:08:327</closed_date></polygon></object></annotation>