<annotation><filename>m4_s06_089_p_ic029.jpg</filename><folder>users/joselusava//santiago_2</folder><source><submittedBy>Jose Saca</submittedBy></source><imagesize><nrows>2970</nrows><ncols>4451</ncols></imagesize><object><name>m4_s06_089_p_ic029</name><deleted>0</deleted><verified>0</verified><occluded>no</occluded><attributes></attributes><parts><hasparts></hasparts><ispartof></ispartof></parts><date>11-10-20 17:56:28:885</date><id>0</id><type>bounding_box</type><polygon><username>anonymous</username><pt><x>1446</x><y>382</y><time>11-10-20 17:56:25:209</time></pt><pt><x>3150</x><y>382</y><time>11-10-20 17:56:26:557</time></pt><pt><x>3150</x><y>2394</y><time>undefined</time></pt><pt><x>1446</x><y>2394</y><time>undefined</time></pt><closed_date>11-10-20 17:56:26:558</closed_date></polygon></object></annotation>