<annotation><filename>m1_s01_004_p_ic080.jpg</filename><folder>users/joselusava//valeria_apoyo/sala001_004ic_ok</folder><source><submittedBy>Jose Saca</submittedBy></source><imagesize><nrows>2000</nrows><ncols>2992</ncols></imagesize><object><name>m1_s01_004_p_ic080</name><deleted>0</deleted><verified>0</verified><occluded>no</occluded><attributes></attributes><parts><hasparts></hasparts><ispartof></ispartof></parts><date>16-09-20 16:28:34:532</date><id>0</id><type>bounding_box</type><polygon><username>anonymous</username><pt><x>8</x><y>1557</y><time>16-09-20 16:28:27:667</time></pt><pt><x>2981</x><y>1557</y><time>16-09-20 16:28:31:028</time></pt><pt><x>2981</x><y>511</y><time>undefined</time></pt><pt><x>8</x><y>511</y><time>undefined</time></pt><closed_date>16-09-20 16:28:31:029</closed_date></polygon></object></annotation>