<annotation><filename>m4_s02_021_p_nic081.jpg</filename><folder>users/joselusava//santiago_2</folder><source><submittedBy>Jose Saca</submittedBy></source><imagesize><nrows>2910</nrows><ncols>4361</ncols></imagesize><object><name>m4_s02_021_p_nic081</name><deleted>0</deleted><verified>0</verified><occluded>no</occluded><attributes></attributes><parts><hasparts></hasparts><ispartof></ispartof></parts><date>05-10-20 11:49:32:868</date><id>0</id><type>bounding_box</type><polygon><username>anonymous</username><pt><x>2810</x><y>682</y><time>05-10-20 11:49:30:018</time></pt><pt><x>3617</x><y>682</y><time>05-10-20 11:49:31:055</time></pt><pt><x>3617</x><y>2099</y><time>undefined</time></pt><pt><x>2810</x><y>2099</y><time>undefined</time></pt><closed_date>05-10-20 11:49:31:056</closed_date></polygon></object></annotation>