<annotation><filename>m4_s12_185_p_ic004.jpg</filename><folder>users/joselusava//valeria/m04_s12_185_ic</folder><source><submittedBy>Jose Saca</submittedBy></source><imagesize><nrows>2910</nrows><ncols>4361</ncols></imagesize><object><name>m4_s12_185_p_ic004</name><deleted>0</deleted><verified>0</verified><occluded>no</occluded><attributes></attributes><parts><hasparts></hasparts><ispartof></ispartof></parts><date>17-10-20 14:29:23:885</date><id>0</id><type>bounding_box</type><polygon><username>anonymous</username><pt><x>1086</x><y>2658</y><time>17-10-20 14:29:18:520</time></pt><pt><x>3296</x><y>2658</y><time>17-10-20 14:29:20:692</time></pt><pt><x>3296</x><y>257</y><time>undefined</time></pt><pt><x>1086</x><y>257</y><time>undefined</time></pt><closed_date>17-10-20 14:29:20:693</closed_date></polygon></object></annotation>