<annotation><filename>m2_s01_018_p_ic042.jpg</filename><folder>users/joselusava//santiago_2</folder><source><submittedBy>Jose Saca</submittedBy></source><imagesize><nrows>2850</nrows><ncols>4271</ncols></imagesize><object><name>m2_s01_018_p_ic042</name><deleted>0</deleted><verified>0</verified><occluded>no</occluded><attributes></attributes><parts><hasparts></hasparts><ispartof></ispartof></parts><date>28-09-20 16:28:18:853</date><id>0</id><type>bounding_box</type><polygon><username>anonymous</username><pt><x>1327</x><y>907</y><time>28-09-20 16:28:14:657</time></pt><pt><x>2728</x><y>907</y><time>28-09-20 16:28:16:451</time></pt><pt><x>2728</x><y>2533</y><time>undefined</time></pt><pt><x>1327</x><y>2533</y><time>undefined</time></pt><closed_date>28-09-20 16:28:16:452</closed_date></polygon></object></annotation>