<annotation><filename>m1_s06_141_p_ic072.jpg</filename><folder>users/joselusava//jacob_2/141ic</folder><source><submittedBy>Jose Saca</submittedBy></source><imagesize><nrows>2736</nrows><ncols>4100</ncols></imagesize><object><name>m1_s06_141_p_ic072</name><deleted>0</deleted><verified>0</verified><occluded>no</occluded><attributes></attributes><parts><hasparts></hasparts><ispartof></ispartof></parts><date>04-09-20 23:34:22:378</date><id>0</id><type>bounding_box</type><polygon><username>anonymous</username><pt><x>893</x><y>2700</y><time>04-09-20 23:34:15:893</time></pt><pt><x>3058</x><y>2700</y><time>04-09-20 23:34:19:163</time></pt><pt><x>3058</x><y>291</y><time>undefined</time></pt><pt><x>893</x><y>291</y><time>undefined</time></pt><closed_date>04-09-20 23:34:19:163</closed_date></polygon></object></annotation>