<annotation><filename>m4_s07_105_p_nic064.jpg</filename><folder>users/joselusava//kath/m4_105/nic</folder><source><submittedBy>Jose Saca</submittedBy></source><imagesize><nrows>2970</nrows><ncols>4451</ncols></imagesize><object><name>m4_s07_105_p_nic064</name><deleted>0</deleted><verified>0</verified><occluded>no</occluded><attributes></attributes><parts><hasparts></hasparts><ispartof></ispartof></parts><date>03-11-20 09:01:56:911</date><id>0</id><type>bounding_box</type><polygon><username>anonymous</username><pt><x>457</x><y>2374</y><time>03-11-20 09:01:53:437</time></pt><pt><x>1413</x><y>2374</y><time>03-11-20 09:01:54:798</time></pt><pt><x>1413</x><y>851</y><time>undefined</time></pt><pt><x>457</x><y>851</y><time>undefined</time></pt><closed_date>03-11-20 09:01:54:798</closed_date></polygon></object></annotation>