<annotation><filename>m1_s01_021_p_nic004.jpg</filename><folder>users/joselusava//santiago</folder><source><submittedBy>Jose Saca</submittedBy></source><imagesize><nrows>3200</nrows><ncols>4800</ncols></imagesize><object><name>m1_s01_021_p_nic004</name><deleted>0</deleted><verified>0</verified><occluded>no</occluded><attributes></attributes><parts><hasparts></hasparts><ispartof></ispartof></parts><date>15-09-20 00:37:34:270</date><id>0</id><type>bounding_box</type><polygon><username>anonymous</username><pt><x>3776</x><y>688</y><time>15-09-20 00:37:27:206</time></pt><pt><x>4366</x><y>688</y><time>15-09-20 00:37:28:166</time></pt><pt><x>4366</x><y>1559</y><time>undefined</time></pt><pt><x>3776</x><y>1559</y><time>undefined</time></pt><closed_date>15-09-20 00:37:28:167</closed_date></polygon></object></annotation>