<annotation><filename>m2_s06_244_p_nic061.jpg</filename><folder>users/joselusava//museos2020</folder><source><submittedBy>Jose Saca</submittedBy></source><imagesize><nrows>2910</nrows><ncols>4361</ncols></imagesize><object><name>m2_s06_244_p_ic061</name><deleted>0</deleted><verified>0</verified><occluded>no</occluded><attributes></attributes><parts><hasparts></hasparts><ispartof></ispartof></parts><date>25-09-20 19:24:17:252</date><id>0</id><type>bounding_box</type><polygon><username>anonymous</username><pt><x>2050</x><y>958</y><time>25-09-20 19:24:08:349</time></pt><pt><x>3909</x><y>958</y><time>25-09-20 19:24:09:931</time></pt><pt><x>3909</x><y>1753</y><time>undefined</time></pt><pt><x>2050</x><y>1753</y><time>undefined</time></pt><closed_date>25-09-20 19:24:09:932</closed_date></polygon></object></annotation>