<annotation><filename>m4_s10_157_p_ic043.jpg</filename><folder>users/joselusava//valeria/m04_s10_157_nic</folder><source><submittedBy>Jose Saca</submittedBy></source><imagesize><nrows>2970</nrows><ncols>4451</ncols></imagesize><object><name>m4_s10_157_p_nic043</name><deleted>0</deleted><verified>0</verified><occluded>no</occluded><attributes></attributes><parts><hasparts></hasparts><ispartof></ispartof></parts><date>12-10-20 20:53:41:679</date><id>0</id><type>bounding_box</type><polygon><username>anonymous</username><pt><x>2391</x><y>2734</y><time>12-10-20 20:53:28:996</time></pt><pt><x>4163</x><y>2734</y><time>12-10-20 20:53:35:058</time></pt><pt><x>4163</x><y>692</y><time>undefined</time></pt><pt><x>2391</x><y>692</y><time>undefined</time></pt><closed_date>12-10-20 20:53:35:060</closed_date></polygon></object></annotation>