<annotation><filename>m3_s01_023_p_nic066.jpg</filename><folder>users/joselusava//santiago_3</folder><source><submittedBy>Jose Saca</submittedBy></source><imagesize><nrows>2970</nrows><ncols>4451</ncols></imagesize><object><name>m3_s01_023_p_nic066</name><deleted>0</deleted><verified>0</verified><occluded>no</occluded><attributes></attributes><parts><hasparts></hasparts><ispartof></ispartof></parts><date>06-11-20 11:19:49:790</date><id>0</id><type>bounding_box</type><polygon><username>anonymous</username><pt><x>2153</x><y>1089</y><time>06-11-20 11:19:46:539</time></pt><pt><x>4034</x><y>1089</y><time>06-11-20 11:19:47:775</time></pt><pt><x>4034</x><y>2663</y><time>undefined</time></pt><pt><x>2153</x><y>2663</y><time>undefined</time></pt><closed_date>06-11-20 11:19:47:775</closed_date></polygon></object></annotation>