<annotation><filename>m2_s03_219_p_nic049.jpg</filename><folder>users/joselusava//valeria/m2_sala03_219_nic</folder><source><submittedBy>Jose Saca</submittedBy></source><imagesize><nrows>2910</nrows><ncols>4361</ncols></imagesize><object><name>m2_s03_219_p_nic049</name><deleted>0</deleted><verified>0</verified><occluded>no</occluded><attributes></attributes><parts><hasparts></hasparts><ispartof></ispartof></parts><date>29-09-20 18:06:18:230</date><id>0</id><type>bounding_box</type><polygon><username>anonymous</username><pt><x>2469</x><y>1979</y><time>29-09-20 18:06:13:682</time></pt><pt><x>3527</x><y>1979</y><time>29-09-20 18:06:15:401</time></pt><pt><x>3527</x><y>187</y><time>undefined</time></pt><pt><x>2469</x><y>187</y><time>undefined</time></pt><closed_date>29-09-20 18:06:15:402</closed_date></polygon></object></annotation>