<annotation><filename>m4_s11_178_p_ic007.jpg</filename><folder>users/joselusava//santiago_2</folder><source><submittedBy>Jose Saca</submittedBy></source><imagesize><nrows>2970</nrows><ncols>4451</ncols></imagesize><object><name>m4_s11_178_p_ic007</name><deleted>0</deleted><verified>0</verified><occluded>no</occluded><attributes></attributes><parts><hasparts></hasparts><ispartof></ispartof></parts><date>15-10-20 20:44:22:307</date><id>0</id><type>bounding_box</type><polygon><username>anonymous</username><pt><x>1599</x><y>764</y><time>15-10-20 20:44:19:052</time></pt><pt><x>2809</x><y>764</y><time>15-10-20 20:44:20:322</time></pt><pt><x>2809</x><y>2228</y><time>undefined</time></pt><pt><x>1599</x><y>2228</y><time>undefined</time></pt><closed_date>15-10-20 20:44:20:322</closed_date></polygon></object></annotation>