<annotation><filename>m1_s02_036_p_ic022.jpg</filename><folder>users/joselusava//valeria/sala2_036_ic</folder><source><submittedBy>Jose Saca</submittedBy></source><imagesize><nrows>3200</nrows><ncols>4800</ncols></imagesize><object><name>m1_s01_036_p_ic022</name><deleted>0</deleted><verified>0</verified><occluded>no</occluded><attributes></attributes><parts><hasparts></hasparts><ispartof></ispartof></parts><date>23-08-20 01:50:14:490</date><id>0</id><type>bounding_box</type><polygon><username>anonymous</username><pt><x>1364</x><y>430</y><time>23-08-20 01:50:06:977</time></pt><pt><x>3195</x><y>430</y><time>23-08-20 01:50:09:619</time></pt><pt><x>3195</x><y>2346</y><time>undefined</time></pt><pt><x>1364</x><y>2346</y><time>undefined</time></pt><closed_date>23-08-20 01:50:09:620</closed_date></polygon></object></annotation>