<annotation><filename>m2_s01_001_p_nic042.jpg</filename><folder>users/joselusava//santiago</folder><source><submittedBy>Jose Saca</submittedBy></source><imagesize><nrows>2850</nrows><ncols>4271</ncols></imagesize><object><name>m2_s01_001_p_nic042</name><deleted>0</deleted><verified>0</verified><occluded>no</occluded><attributes></attributes><parts><hasparts></hasparts><ispartof></ispartof></parts><date>19-09-20 22:38:02:353</date><id>0</id><type>bounding_box</type><polygon><username>anonymous</username><pt><x>1664</x><y>160</y><time>19-09-20 22:37:52:101</time></pt><pt><x>3103</x><y>160</y><time>19-09-20 22:37:54:516</time></pt><pt><x>3103</x><y>1459</y><time>undefined</time></pt><pt><x>1664</x><y>1459</y><time>undefined</time></pt><closed_date>19-09-20 22:37:54:516</closed_date></polygon></object></annotation>