<annotation><filename>m1_s01_017_p_nic093.jpg</filename><folder>users/joselusava//santiago</folder><source><submittedBy>Jose Saca</submittedBy></source><imagesize><nrows>3200</nrows><ncols>4800</ncols></imagesize><object><name>m1_s01_017_p_nic093</name><deleted>0</deleted><verified>0</verified><occluded>no</occluded><attributes></attributes><parts><hasparts></hasparts><ispartof></ispartof></parts><date>11-09-20 20:08:17:414</date><id>0</id><type>bounding_box</type><polygon><username>anonymous</username><pt><x>666</x><y>1278</y><time>11-09-20 20:08:09:591</time></pt><pt><x>1199</x><y>1278</y><time>11-09-20 20:08:11:366</time></pt><pt><x>1199</x><y>1692</y><time>undefined</time></pt><pt><x>666</x><y>1692</y><time>undefined</time></pt><closed_date>11-09-20 20:08:11:367</closed_date></polygon></object></annotation>