<annotation><filename>m4_s10_157_p_ic018.jpg</filename><folder>users/joselusava//valeria/m04_s10_157_nic</folder><source><submittedBy>Jose Saca</submittedBy></source><imagesize><nrows>2970</nrows><ncols>4451</ncols></imagesize><object><name>m4_s10_157_p_nic018</name><deleted>0</deleted><verified>0</verified><occluded>no</occluded><attributes></attributes><parts><hasparts></hasparts><ispartof></ispartof></parts><date>12-10-20 19:15:27:017</date><id>0</id><type>bounding_box</type><polygon><username>anonymous</username><pt><x>866</x><y>2318</y><time>12-10-20 19:15:21:325</time></pt><pt><x>2554</x><y>2318</y><time>12-10-20 19:15:23:889</time></pt><pt><x>2554</x><y>174</y><time>undefined</time></pt><pt><x>866</x><y>174</y><time>undefined</time></pt><closed_date>12-10-20 19:15:23:890</closed_date></polygon></object></annotation>