<annotation><filename>m4_s11_178_p_nic022.jpg</filename><folder>users/joselusava//santiago_2</folder><source><submittedBy>Jose Saca</submittedBy></source><imagesize><nrows>2970</nrows><ncols>4451</ncols></imagesize><object><name>m4_s11_178_p_nic022</name><deleted>0</deleted><verified>0</verified><occluded>no</occluded><attributes></attributes><parts><hasparts></hasparts><ispartof></ispartof></parts><date>15-10-20 23:10:59:179</date><id>0</id><type>bounding_box</type><polygon><username>anonymous</username><pt><x>203</x><y>685</y><time>15-10-20 23:10:55:416</time></pt><pt><x>1556</x><y>685</y><time>15-10-20 23:10:57:001</time></pt><pt><x>1556</x><y>2038</y><time>undefined</time></pt><pt><x>203</x><y>2038</y><time>undefined</time></pt><closed_date>15-10-20 23:10:57:002</closed_date></polygon></object></annotation>