<annotation><filename>m4_s05_055_p_ic026.jpg</filename><folder>users/joselusava//valeria/m4_s05_055_ic</folder><source><submittedBy>Jose Saca</submittedBy></source><imagesize><nrows>2910</nrows><ncols>4361</ncols></imagesize><object><name>m4_s05_055_p_ic026</name><deleted>0</deleted><verified>0</verified><occluded>no</occluded><attributes></attributes><parts><hasparts></hasparts><ispartof></ispartof></parts><date>08-10-20 22:07:27:652</date><id>0</id><type>bounding_box</type><polygon><username>anonymous</username><pt><x>1273</x><y>375</y><time>08-10-20 22:07:22:982</time></pt><pt><x>3318</x><y>375</y><time>08-10-20 22:07:24:725</time></pt><pt><x>3318</x><y>2408</y><time>undefined</time></pt><pt><x>1273</x><y>2408</y><time>undefined</time></pt><closed_date>08-10-20 22:07:24:726</closed_date></polygon></object></annotation>