<annotation><filename>m1_s01_001_p_nic050.jpg</filename><folder>users/joselusava//juancarlos</folder><source><submittedBy>Jose Saca</submittedBy></source><imagesize><nrows>3200</nrows><ncols>4800</ncols></imagesize><object><name>m1_s01_001_p_nic050</name><deleted>0</deleted><verified>0</verified><occluded>no</occluded><attributes></attributes><parts><hasparts></hasparts><ispartof></ispartof></parts><date>09-09-20 17:04:25:299</date><id>0</id><type>bounding_box</type><polygon><username>anonymous</username><pt><x>1333</x><y>503</y><time>09-09-20 17:04:05:519</time></pt><pt><x>2333</x><y>503</y><time>09-09-20 17:04:09:816</time></pt><pt><x>2333</x><y>988</y><time>undefined</time></pt><pt><x>1333</x><y>988</y><time>undefined</time></pt><closed_date>09-09-20 17:04:09:818</closed_date></polygon></object></annotation>