<annotation><filename>m4_s10_172_x.jpg</filename><folder>users/joselusava//kath/m4_x</folder><source><submittedBy>Jose Saca</submittedBy></source><imagesize><nrows>2970</nrows><ncols>4451</ncols></imagesize><object><name>m4_s10_172_x</name><deleted>0</deleted><verified>0</verified><occluded>no</occluded><attributes></attributes><parts><hasparts></hasparts><ispartof></ispartof></parts><date>21-10-20 12:22:34:024</date><id>0</id><polygon><username>anonymous</username><pt><x>1086</x><y>5</y><time>21-10-20 12:22:24:246</time></pt><pt><x>1216</x><y>2932</y><time>21-10-20 12:22:25:852</time></pt><pt><x>2826</x><y>2917</y><time>21-10-20 12:22:27:958</time></pt><pt><x>2787</x><y>19</y><time>21-10-20 12:22:29:567</time></pt><closed_date>21-10-20 12:22:31:109</closed_date></polygon></object></annotation>