<annotation><filename>m2_s01_001_p_nic009.jpg</filename><folder>users/joselusava//santiago</folder><source><submittedBy>Jose Saca</submittedBy></source><imagesize><nrows>2850</nrows><ncols>4271</ncols></imagesize><object><name>m2_s01_001_p_nic009</name><deleted>0</deleted><verified>0</verified><occluded>no</occluded><attributes></attributes><parts><hasparts></hasparts><ispartof></ispartof></parts><date>19-09-20 21:51:37:998</date><id>0</id><type>bounding_box</type><polygon><username>anonymous</username><pt><x>587</x><y>340</y><time>19-09-20 21:51:30:342</time></pt><pt><x>2202</x><y>340</y><time>19-09-20 21:51:32:324</time></pt><pt><x>2202</x><y>1856</y><time>undefined</time></pt><pt><x>587</x><y>1856</y><time>undefined</time></pt><closed_date>19-09-20 21:51:32:325</closed_date></polygon></object></annotation>