<annotation><filename>m4_s05_055_p_nic084.jpg</filename><folder>users/joselusava//valeria/m4_s05_055_nic</folder><source><submittedBy>Jose Saca</submittedBy></source><imagesize><nrows>2910</nrows><ncols>4361</ncols></imagesize><object><name>m4_s05_055_p_nic084</name><deleted>0</deleted><verified>0</verified><occluded>no</occluded><attributes></attributes><parts><hasparts></hasparts><ispartof></ispartof></parts><date>09-10-20 18:16:17:732</date><id>0</id><type>bounding_box</type><polygon><username>anonymous</username><pt><x>270</x><y>606</y><time>09-10-20 18:16:12:485</time></pt><pt><x>1659</x><y>606</y><time>09-10-20 18:16:13:810</time></pt><pt><x>1659</x><y>2028</y><time>undefined</time></pt><pt><x>270</x><y>2028</y><time>undefined</time></pt><closed_date>09-10-20 18:16:13:811</closed_date></polygon></object></annotation>