<annotation><filename>m4_s04_039_p_ic050.jpg</filename><folder>users/joselusava//santiago_2</folder><source><submittedBy>Jose Saca</submittedBy></source><imagesize><nrows>2970</nrows><ncols>4451</ncols></imagesize><object><name>m4_s04_039_p_ic050</name><deleted>0</deleted><verified>0</verified><occluded>no</occluded><attributes></attributes><parts><hasparts></hasparts><ispartof></ispartof></parts><date>20-10-20 21:56:33:542</date><id>0</id><type>bounding_box</type><polygon><username>anonymous</username><pt><x>1978</x><y>246</y><time>20-10-20 21:56:29:688</time></pt><pt><x>2613</x><y>246</y><time>20-10-20 21:56:31:411</time></pt><pt><x>2613</x><y>2667</y><time>undefined</time></pt><pt><x>1978</x><y>2667</y><time>undefined</time></pt><closed_date>20-10-20 21:56:31:412</closed_date></polygon></object></annotation>