<annotation><filename>m3_s01_016_x.jpg</filename><folder>users/joselusava//kath/m3_x</folder><source><submittedBy>Jose Saca</submittedBy></source><imagesize><nrows>2970</nrows><ncols>4451</ncols></imagesize><object><name>m3_s01_016_x</name><deleted>0</deleted><verified>0</verified><occluded>no</occluded><attributes></attributes><parts><hasparts></hasparts><ispartof></ispartof></parts><date>08-11-20 12:43:43:719</date><id>0</id><type>bounding_box</type><polygon><username>anonymous</username><pt><x>543</x><y>2619</y><time>08-11-20 12:43:37:424</time></pt><pt><x>4008</x><y>2619</y><time>08-11-20 12:43:41:080</time></pt><pt><x>4008</x><y>543</y><time>undefined</time></pt><pt><x>543</x><y>543</y><time>undefined</time></pt><closed_date>08-11-20 12:43:41:081</closed_date></polygon></object></annotation>