<annotation><filename>m1_s01_004_p_nic091.jpg</filename><folder>users/joselusava//valeria_apoyo/sala01_004_nic</folder><source><submittedBy>Jose Saca</submittedBy></source><imagesize><nrows>3200</nrows><ncols>4800</ncols></imagesize><object><name>m1_s01_004_p_nic091</name><deleted>0</deleted><verified>0</verified><occluded>no</occluded><attributes></attributes><parts><hasparts></hasparts><ispartof></ispartof></parts><date>17-09-20 20:32:09:259</date><id>0</id><type>bounding_box</type><polygon><username>anonymous</username><pt><x>400</x><y>2333</y><time>17-09-20 20:32:02:937</time></pt><pt><x>3267</x><y>2333</y><time>17-09-20 20:32:05:373</time></pt><pt><x>3267</x><y>1467</y><time>undefined</time></pt><pt><x>400</x><y>1467</y><time>undefined</time></pt><closed_date>17-09-20 20:32:05:374</closed_date></polygon></object></annotation>