<annotation><filename>m2_s03_248_p_ic076.jpg</filename><folder>users/joselusava//museos2020</folder><source><submittedBy>Jose Saca</submittedBy></source><imagesize><nrows>2910</nrows><ncols>4361</ncols></imagesize><object><name>m2_s03_248_p_ic076</name><deleted>0</deleted><verified>0</verified><occluded>no</occluded><attributes></attributes><parts><hasparts></hasparts><ispartof></ispartof></parts><date>27-09-20 09:05:17:249</date><id>0</id><type>bounding_box</type><polygon><username>anonymous</username><pt><x>19</x><y>251</y><time>27-09-20 09:05:07:037</time></pt><pt><x>4346</x><y>251</y><time>27-09-20 09:05:09:515</time></pt><pt><x>4346</x><y>2408</y><time>undefined</time></pt><pt><x>19</x><y>2408</y><time>undefined</time></pt><closed_date>27-09-20 09:05:09:517</closed_date></polygon></object></annotation>