<annotation><filename>m4_s04_039_p_nic096.jpg</filename><folder>users/joselusava//santiago_2</folder><source><submittedBy>Jose Saca</submittedBy></source><imagesize><nrows>2970</nrows><ncols>4451</ncols></imagesize><object><name>m4_s04_039_p_nic096</name><deleted>0</deleted><verified>0</verified><occluded>no</occluded><attributes></attributes><parts><hasparts></hasparts><ispartof></ispartof></parts><date>21-10-20 22:27:51:542</date><id>0</id><type>bounding_box</type><polygon><username>anonymous</username><pt><x>1203</x><y>985</y><time>21-10-20 22:27:47:863</time></pt><pt><x>1767</x><y>985</y><time>21-10-20 22:27:49:008</time></pt><pt><x>1767</x><y>2870</y><time>undefined</time></pt><pt><x>1203</x><y>2870</y><time>undefined</time></pt><closed_date>21-10-20 22:27:49:009</closed_date></polygon></object></annotation>