<annotation><filename>m2_s01_001_p_ic098.jpg</filename><folder>users/joselusava//santiago</folder><source><submittedBy>Jose Saca</submittedBy></source><imagesize><nrows>2850</nrows><ncols>4271</ncols></imagesize><object><name>m2_s01_001_p_ic098</name><deleted>0</deleted><verified>0</verified><occluded>no</occluded><attributes></attributes><parts><hasparts></hasparts><ispartof></ispartof></parts><date>19-09-20 10:55:00:575</date><id>0</id><type>bounding_box</type><polygon><username>anonymous</username><pt><x>1058</x><y>708</y><time>19-09-20 10:54:53:311</time></pt><pt><x>3074</x><y>708</y><time>19-09-20 10:54:54:974</time></pt><pt><x>3074</x><y>2606</y><time>undefined</time></pt><pt><x>1058</x><y>2606</y><time>undefined</time></pt><closed_date>19-09-20 10:54:54:975</closed_date></polygon></object></annotation>