<annotation><filename>m2_s01_034_p_nic002.jpg</filename><folder>users/joselusava//kath</folder><source><submittedBy>Jose Saca</submittedBy></source><imagesize><nrows>2850</nrows><ncols>4271</ncols></imagesize><object><name>m2_s01_034_p_nic002</name><deleted>0</deleted><verified>0</verified><occluded>no</occluded><attributes></attributes><parts><hasparts></hasparts><ispartof></ispartof></parts><date>25-09-20 17:20:53:072</date><id>0</id><type>bounding_box</type><polygon><username>anonymous</username><pt><x>2649</x><y>2306</y><time>25-09-20 17:20:46:877</time></pt><pt><x>3731</x><y>2306</y><time>25-09-20 17:20:50:263</time></pt><pt><x>3731</x><y>795</y><time>undefined</time></pt><pt><x>2649</x><y>795</y><time>undefined</time></pt><closed_date>25-09-20 17:20:50:263</closed_date></polygon></object></annotation>