<annotation><filename>m3_s01_002_p_ic072.jpg</filename><folder>users/joselusava//santiago_3</folder><source><submittedBy>Jose Saca</submittedBy></source><imagesize><nrows>2970</nrows><ncols>4451</ncols></imagesize><object><name>m3_s01_002_p_ic072</name><deleted>0</deleted><verified>0</verified><occluded>no</occluded><attributes></attributes><parts><hasparts></hasparts><ispartof></ispartof></parts><date>29-10-20 13:18:21:863</date><id>0</id><type>bounding_box</type><polygon><username>anonymous</username><pt><x>682</x><y>539</y><time>29-10-20 13:18:18:749</time></pt><pt><x>3795</x><y>539</y><time>29-10-20 13:18:19:941</time></pt><pt><x>3795</x><y>2099</y><time>undefined</time></pt><pt><x>682</x><y>2099</y><time>undefined</time></pt><closed_date>29-10-20 13:18:19:942</closed_date></polygon></object></annotation>