<annotation><filename>m4_s10_154_p_ic054.jpg</filename><folder>users/joselusava//valeria/m04_s10_154_ic</folder><source><submittedBy>Jose Saca</submittedBy></source><imagesize><nrows>2970</nrows><ncols>4451</ncols></imagesize><object><name>m4_s10_154_p_ic054</name><deleted>0</deleted><verified>0</verified><occluded>no</occluded><attributes></attributes><parts><hasparts></hasparts><ispartof></ispartof></parts><date>13-10-20 22:31:04:889</date><id>0</id><type>bounding_box</type><polygon><username>anonymous</username><pt><x>931</x><y>131</y><time>13-10-20 22:30:58:977</time></pt><pt><x>3187</x><y>131</y><time>13-10-20 22:31:01:432</time></pt><pt><x>3187</x><y>2525</y><time>undefined</time></pt><pt><x>931</x><y>2525</y><time>undefined</time></pt><closed_date>13-10-20 22:31:01:433</closed_date></polygon></object></annotation>