<annotation><filename>m3_s01_002_p_ic071.jpg</filename><folder>users/joselusava//santiago_3</folder><source><submittedBy>Jose Saca</submittedBy></source><imagesize><nrows>2970</nrows><ncols>4451</ncols></imagesize><object><name>m3_s01_002_p_ic071</name><deleted>0</deleted><verified>0</verified><occluded>no</occluded><attributes></attributes><parts><hasparts></hasparts><ispartof></ispartof></parts><date>29-10-20 13:17:27:562</date><id>0</id><type>bounding_box</type><polygon><username>anonymous</username><pt><x>371</x><y>575</y><time>29-10-20 13:17:16:710</time></pt><pt><x>3695</x><y>575</y><time>29-10-20 13:17:18:393</time></pt><pt><x>3695</x><y>2115</y><time>undefined</time></pt><pt><x>371</x><y>2115</y><time>undefined</time></pt><closed_date>29-10-20 13:17:18:394</closed_date></polygon></object></annotation>