<annotation><filename>m2_s07_264_p_ic079.jpg</filename><folder>users/joselusava//valeria/sala7_264_ic</folder><source><submittedBy>Jose Saca</submittedBy></source><imagesize><nrows>2910</nrows><ncols>4361</ncols></imagesize><object><name>m2_s07_264_p_ic079</name><deleted>0</deleted><verified>0</verified><occluded>no</occluded><attributes></attributes><parts><hasparts></hasparts><ispartof></ispartof></parts><date>23-09-20 12:15:21:673</date><id>0</id><type>bounding_box</type><polygon><username>anonymous</username><pt><x>1582</x><y>320</y><time>23-09-20 12:15:16:398</time></pt><pt><x>2938</x><y>320</y><time>23-09-20 12:15:18:237</time></pt><pt><x>2938</x><y>2530</y><time>undefined</time></pt><pt><x>1582</x><y>2530</y><time>undefined</time></pt><closed_date>23-09-20 12:15:18:238</closed_date></polygon></object></annotation>