<annotation><filename>m1_s01_001_p_nic083.jpg</filename><folder>users/joselusava//juancarlos</folder><source><submittedBy>Jose Saca</submittedBy></source><imagesize><nrows>3200</nrows><ncols>4800</ncols></imagesize><object><name>m1_s01_001_p_nic083</name><deleted>0</deleted><verified>0</verified><occluded>no</occluded><attributes></attributes><parts><hasparts></hasparts><ispartof></ispartof></parts><date>11-09-20 16:55:57:129</date><id>0</id><type>bounding_box</type><polygon><username>anonymous</username><pt><x>2501</x><y>1675</y><time>11-09-20 16:55:42:866</time></pt><pt><x>3849</x><y>1675</y><time>11-09-20 16:55:46:204</time></pt><pt><x>3849</x><y>2529</y><time>undefined</time></pt><pt><x>2501</x><y>2529</y><time>undefined</time></pt><closed_date>11-09-20 16:55:46:207</closed_date></polygon></object></annotation>