<annotation><filename>m1_s01_004_p_nic066.jpg</filename><folder>users/joselusava//valeria_apoyo/sala01_004_nic</folder><source><submittedBy>Jose Saca</submittedBy></source><imagesize><nrows>3200</nrows><ncols>4800</ncols></imagesize><object><name>m1_s01_004_p_nic066</name><deleted>0</deleted><verified>0</verified><occluded>no</occluded><attributes></attributes><parts><hasparts></hasparts><ispartof></ispartof></parts><date>17-09-20 19:40:15:433</date><id>0</id><type>bounding_box</type><polygon><username>anonymous</username><pt><x>2958</x><y>1200</y><time>17-09-20 19:39:54:440</time></pt><pt><x>127</x><y>1200</y><time>17-09-20 19:40:00:469</time></pt><pt><x>127</x><y>539</y><time>undefined</time></pt><pt><x>2958</x><y>539</y><time>undefined</time></pt><closed_date>17-09-20 19:40:00:470</closed_date></polygon></object></annotation>