<annotation><filename>m2_s02_085_p_nic090.jpg</filename><folder>users/joselusava//m2_jsv/85/nic</folder><source><submittedBy>Jose Saca</submittedBy></source><imagesize><nrows>2910</nrows><ncols>4361</ncols></imagesize><object><name>m2_s02_085_p_nic090</name><deleted>0</deleted><verified>0</verified><occluded>no</occluded><attributes></attributes><parts><hasparts></hasparts><ispartof></ispartof></parts><date>19-09-20 23:03:49:918</date><id>0</id><type>bounding_box</type><polygon><username>anonymous</username><pt><x>1567</x><y>1114</y><time>19-09-20 23:03:47:943</time></pt><pt><x>818</x><y>1114</y><time>19-09-20 23:03:48:974</time></pt><pt><x>818</x><y>261</y><time>undefined</time></pt><pt><x>1567</x><y>261</y><time>undefined</time></pt><closed_date>19-09-20 23:03:48:974</closed_date></polygon></object></annotation>