<annotation><filename>m4_s03_031_x.jpg</filename><folder>users/joselusava//kath/m4_x</folder><source><submittedBy>Jose Saca</submittedBy></source><imagesize><nrows>3899</nrows><ncols>5844</ncols></imagesize><object><name>m4_s03_031_x</name><deleted>0</deleted><verified>0</verified><occluded>no</occluded><attributes></attributes><parts><hasparts></hasparts><ispartof></ispartof></parts><date>24-10-20 12:13:23:173</date><id>0</id><polygon><username>anonymous</username><pt><x>1628</x><y>486</y><time>24-10-20 12:13:15:514</time></pt><pt><x>1628</x><y>3413</y><time>24-10-20 12:13:16:607</time></pt><pt><x>4050</x><y>3420</y><time>24-10-20 12:13:18:367</time></pt><pt><x>4031</x><y>435</y><time>24-10-20 12:13:19:603</time></pt><closed_date>24-10-20 12:13:20:762</closed_date></polygon></object></annotation>