<annotation><filename>m1_s06_168_p_nic039.jpg</filename><folder>users/joselusava//jacob_2/168nic</folder><source><submittedBy>Jose Saca</submittedBy></source><imagesize><nrows>2736</nrows><ncols>4100</ncols></imagesize><object><name>m1_s06_168_p_nic039</name><deleted>0</deleted><verified>0</verified><occluded>no</occluded><attributes></attributes><parts><hasparts></hasparts><ispartof></ispartof></parts><date>08-09-20 23:14:10:711</date><id>0</id><type>bounding_box</type><polygon><username>anonymous</username><pt><x>246</x><y>2512</y><time>08-09-20 23:14:07:731</time></pt><pt><x>1187</x><y>2512</y><time>08-09-20 23:14:09:748</time></pt><pt><x>1187</x><y>835</y><time>undefined</time></pt><pt><x>246</x><y>835</y><time>undefined</time></pt><closed_date>08-09-20 23:14:09:749</closed_date></polygon></object></annotation>