<annotation><filename>m2_s01_001_p_nic100.jpg</filename><folder>users/joselusava//santiago</folder><source><submittedBy>Jose Saca</submittedBy></source><imagesize><nrows>2850</nrows><ncols>4271</ncols></imagesize><object><name>m2_s01_001_p_nic100</name><deleted>0</deleted><verified>0</verified><occluded>no</occluded><attributes></attributes><parts><hasparts></hasparts><ispartof></ispartof></parts><date>19-09-20 23:54:28:194</date><id>0</id><type>bounding_box</type><polygon><username>anonymous</username><pt><x>1584</x><y>305</y><time>19-09-20 23:54:18:393</time></pt><pt><x>3735</x><y>305</y><time>19-09-20 23:54:21:320</time></pt><pt><x>3735</x><y>2234</y><time>undefined</time></pt><pt><x>1584</x><y>2234</y><time>undefined</time></pt><closed_date>19-09-20 23:54:21:321</closed_date></polygon></object></annotation>