<annotation><filename>m1_s06_168_p_nic049.jpg</filename><folder>users/joselusava//jacob_2/168nic</folder><source><submittedBy>Jose Saca</submittedBy></source><imagesize><nrows>2736</nrows><ncols>4100</ncols></imagesize><object><name>m1_s06_168_p_nic049</name><deleted>0</deleted><verified>0</verified><occluded>no</occluded><attributes></attributes><parts><hasparts></hasparts><ispartof></ispartof></parts><date>08-09-20 23:17:50:935</date><id>0</id><type>bounding_box</type><polygon><username>anonymous</username><pt><x>3624</x><y>2214</y><time>08-09-20 23:17:49:194</time></pt><pt><x>2673</x><y>2214</y><time>08-09-20 23:17:50:314</time></pt><pt><x>2673</x><y>812</y><time>undefined</time></pt><pt><x>3624</x><y>812</y><time>undefined</time></pt><closed_date>08-09-20 23:17:50:314</closed_date></polygon></object></annotation>