<annotation><filename>m2_s07_264_p_ic044.jpg</filename><folder>users/joselusava//valeria/sala7_264_ic</folder><source><submittedBy>Jose Saca</submittedBy></source><imagesize><nrows>2910</nrows><ncols>4361</ncols></imagesize><object><name>m2_s07_264_p_ic044</name><deleted>0</deleted><verified>0</verified><occluded>no</occluded><attributes></attributes><parts><hasparts></hasparts><ispartof></ispartof></parts><date>22-09-20 22:24:54:823</date><id>0</id><type>bounding_box</type><polygon><username>anonymous</username><pt><x>1427</x><y>2585</y><time>22-09-20 22:24:49:251</time></pt><pt><x>2932</x><y>2585</y><time>22-09-20 22:24:51:500</time></pt><pt><x>2932</x><y>430</y><time>undefined</time></pt><pt><x>1427</x><y>430</y><time>undefined</time></pt><closed_date>22-09-20 22:24:51:502</closed_date></polygon></object></annotation>