<annotation><filename>m1_s06_144_p_nic058.jpg</filename><folder>users/joselusava//jacob_2/144nic</folder><source><submittedBy>Jose Saca</submittedBy></source><imagesize><nrows>2736</nrows><ncols>4100</ncols></imagesize><object><name>m1_s06_144_p_nic058</name><deleted>0</deleted><verified>0</verified><occluded>no</occluded><attributes></attributes><parts><hasparts></hasparts><ispartof></ispartof></parts><date>08-09-20 02:20:20:667</date><id>0</id><type>bounding_box</type><polygon><username>anonymous</username><pt><x>1841</x><y>1792</y><time>08-09-20 02:20:17:405</time></pt><pt><x>213</x><y>1792</y><time>08-09-20 02:20:19:674</time></pt><pt><x>213</x><y>376</y><time>undefined</time></pt><pt><x>1841</x><y>376</y><time>undefined</time></pt><closed_date>08-09-20 02:20:19:675</closed_date></polygon></object></annotation>