<annotation><filename>m4_s05_055_p_ic081.jpg</filename><folder>users/joselusava//valeria/m4_s05_055_ic</folder><source><submittedBy>Jose Saca</submittedBy></source><imagesize><nrows>2910</nrows><ncols>4361</ncols></imagesize><object><name>m4_s05_055_p_ic081</name><deleted>0</deleted><verified>0</verified><occluded>no</occluded><attributes></attributes><parts><hasparts></hasparts><ispartof></ispartof></parts><date>09-10-20 14:12:02:673</date><id>0</id><type>bounding_box</type><polygon><username>anonymous</username><pt><x>2904</x><y>479</y><time>09-10-20 14:11:57:058</time></pt><pt><x>1168</x><y>479</y><time>09-10-20 14:11:59:495</time></pt><pt><x>1168</x><y>2447</y><time>undefined</time></pt><pt><x>2904</x><y>2447</y><time>undefined</time></pt><closed_date>09-10-20 14:11:59:496</closed_date></polygon></object></annotation>