<annotation><filename>m4_s11_176_p_ic092.jpg</filename><folder>users/joselusava//m4_js/176/ic</folder><source><submittedBy>Jose Saca</submittedBy></source><imagesize><nrows>2970</nrows><ncols>4451</ncols></imagesize><object><name>m4_s11_176_p_ic092</name><deleted>0</deleted><verified>0</verified><occluded>no</occluded><attributes></attributes><parts><hasparts></hasparts><ispartof></ispartof></parts><date>15-10-20 11:17:57:483</date><id>0</id><type>bounding_box</type><polygon><username>anonymous</username><pt><x>3133</x><y>2265</y><time>15-10-20 11:17:55:401</time></pt><pt><x>1336</x><y>2265</y><time>15-10-20 11:17:56:793</time></pt><pt><x>1336</x><y>628</y><time>undefined</time></pt><pt><x>3133</x><y>628</y><time>undefined</time></pt><closed_date>15-10-20 11:17:56:793</closed_date></polygon></object></annotation>