<annotation><filename>m2_s01_054_p_ic036.jpg</filename><folder>users/joselusava//kath</folder><source><submittedBy>Jose Saca</submittedBy></source><imagesize><nrows>2850</nrows><ncols>4271</ncols></imagesize><object><name>m2_s01_054_p_ic036</name><deleted>0</deleted><verified>0</verified><occluded>no</occluded><attributes></attributes><parts><hasparts></hasparts><ispartof></ispartof></parts><date>29-09-20 23:02:09:407</date><id>0</id><type>bounding_box</type><polygon><username>anonymous</username><pt><x>1214</x><y>168</y><time>29-09-20 23:01:53:553</time></pt><pt><x>2836</x><y>168</y><time>29-09-20 23:01:56:131</time></pt><pt><x>2836</x><y>2604</y><time>undefined</time></pt><pt><x>1214</x><y>2604</y><time>undefined</time></pt><closed_date>29-09-20 23:01:56:132</closed_date></polygon></object></annotation>