<annotation><filename>m4_s10_154_p_nic026.jpg</filename><folder>users/joselusava//valeria/m04_s10_154_nic</folder><source><submittedBy>Jose Saca</submittedBy></source><imagesize><nrows>2970</nrows><ncols>4451</ncols></imagesize><object><name>m4_s10_154_p_nic026</name><deleted>0</deleted><verified>0</verified><occluded>no</occluded><attributes></attributes><parts><hasparts></hasparts><ispartof></ispartof></parts><date>14-10-20 12:42:36:154</date><id>0</id><type>bounding_box</type><polygon><username>anonymous</username><pt><x>1194</x><y>2799</y><time>14-10-20 12:41:38:856</time></pt><pt><x>2764</x><y>2799</y><time>14-10-20 12:41:40:671</time></pt><pt><x>2764</x><y>1028</y><time>undefined</time></pt><pt><x>1194</x><y>1028</y><time>undefined</time></pt><closed_date>14-10-20 12:41:40:673</closed_date></polygon></object></annotation>