<annotation><filename>m1_s02_036_p_ic080.jpg</filename><folder>users/joselusava//valeria/sala2_036_ic</folder><source><submittedBy>Jose Saca</submittedBy></source><imagesize><nrows>3200</nrows><ncols>4800</ncols></imagesize><object><name>m1_s01_036_p_ic080</name><deleted>0</deleted><verified>0</verified><occluded>no</occluded><attributes></attributes><parts><hasparts></hasparts><ispartof></ispartof></parts><date>23-08-20 23:22:40:138</date><id>0</id><type>bounding_box</type><polygon><username>anonymous</username><pt><x>666</x><y>0</y><time>23-08-20 23:22:21:814</time></pt><pt><x>4532</x><y>0</y><time>23-08-20 23:22:27:763</time></pt><pt><x>4532</x><y>3189</y><time>undefined</time></pt><pt><x>666</x><y>3189</y><time>undefined</time></pt><closed_date>23-08-20 23:22:27:858</closed_date></polygon></object></annotation>