<annotation><filename>m2_s02_085_p_ic023.jpg</filename><folder>users/joselusava//m2_jsv/85/ic</folder><source><submittedBy>Jose Saca</submittedBy></source><imagesize><nrows>2910</nrows><ncols>4361</ncols></imagesize><object><name>m2_s02_085_p_ic023</name><deleted>0</deleted><verified>0</verified><occluded>no</occluded><attributes></attributes><parts><hasparts></hasparts><ispartof></ispartof></parts><date>16-09-20 13:37:32:051</date><id>0</id><type>bounding_box</type><polygon><username>anonymous</username><pt><x>2524</x><y>2037</y><time>16-09-20 13:37:29:474</time></pt><pt><x>1689</x><y>2037</y><time>16-09-20 13:37:31:323</time></pt><pt><x>1689</x><y>705</y><time>undefined</time></pt><pt><x>2524</x><y>705</y><time>undefined</time></pt><closed_date>16-09-20 13:37:31:323</closed_date></polygon></object></annotation>