<annotation><filename>m2_s02_154_x.jpg</filename><folder>users/joselusava//m2_jsv</folder><source><submittedBy>Jose Saca</submittedBy></source><imagesize><nrows>2910</nrows><ncols>4361</ncols></imagesize><object><name>m2_s02_154_x</name><deleted>0</deleted><verified>0</verified><occluded>no</occluded><attributes></attributes><parts><hasparts></hasparts><ispartof></ispartof></parts><date>19-09-20 23:44:18:538</date><id>0</id><type>bounding_box</type><polygon><username>anonymous</username><pt><x>3386</x><y>2559</y><time>19-09-20 23:44:16:183</time></pt><pt><x>958</x><y>2559</y><time>19-09-20 23:44:17:876</time></pt><pt><x>958</x><y>453</y><time>undefined</time></pt><pt><x>3386</x><y>453</y><time>undefined</time></pt><closed_date>19-09-20 23:44:17:876</closed_date></polygon></object></annotation>