<annotation><filename>m2_s01_024_p_nic013.jpg</filename><folder>users/joselusava//santiago</folder><source><submittedBy>Jose Saca</submittedBy></source><imagesize><nrows>2850</nrows><ncols>4271</ncols></imagesize><object><name>m2_s01_024_p_nic013</name><deleted>0</deleted><verified>0</verified><occluded>no</occluded><attributes></attributes><parts><hasparts></hasparts><ispartof></ispartof></parts><date>25-09-20 13:37:08:895</date><id>0</id><type>bounding_box</type><polygon><username>anonymous</username><pt><x>263</x><y>1039</y><time>25-09-20 13:37:01:312</time></pt><pt><x>1270</x><y>1039</y><time>25-09-20 13:37:03:028</time></pt><pt><x>1270</x><y>2658</y><time>undefined</time></pt><pt><x>263</x><y>2658</y><time>undefined</time></pt><closed_date>25-09-20 13:37:03:029</closed_date></polygon></object></annotation>