<annotation><filename>m2_s01_056_p_nic019.jpg</filename><folder>users/joselusava//m2_jsv/56/nic</folder><source><submittedBy>Jose Saca</submittedBy></source><imagesize><nrows>2850</nrows><ncols>4271</ncols></imagesize><object><name>m2_s01_056_p_nic019</name><deleted>0</deleted><verified>0</verified><occluded>no</occluded><attributes></attributes><parts><hasparts></hasparts><ispartof></ispartof></parts><date>28-09-20 22:13:41:136</date><id>0</id><type>bounding_box</type><polygon><username>anonymous</username><pt><x>1656</x><y>2828</y><time>28-09-20 22:13:36:590</time></pt><pt><x>136</x><y>2828</y><time>28-09-20 22:13:37:796</time></pt><pt><x>136</x><y>1274</y><time>undefined</time></pt><pt><x>1656</x><y>1274</y><time>undefined</time></pt><closed_date>28-09-20 22:13:37:796</closed_date></polygon></object></annotation>