<annotation><filename>m2_s03_201_p_ic001.jpg</filename><folder>users/joselusava//eg</folder><source><submittedBy>Jose Saca</submittedBy></source><imagesize><nrows>3000</nrows><ncols>4496</ncols></imagesize><object><name>m2_s03_219_p_ic001</name><deleted>0</deleted><verified>0</verified><occluded>no</occluded><attributes></attributes><parts><hasparts></hasparts><ispartof></ispartof></parts><date>16-09-20 12:10:00:406</date><id>0</id><type>bounding_box</type><polygon><username>anonymous</username><pt><x>865</x><y>52</y><time>16-09-20 12:09:39:092</time></pt><pt><x>3680</x><y>52</y><time>16-09-20 12:09:43:944</time></pt><pt><x>3680</x><y>2926</y><time>undefined</time></pt><pt><x>865</x><y>2926</y><time>undefined</time></pt><closed_date>16-09-20 12:09:43:946</closed_date></polygon></object></annotation>