<annotation><filename>img_m1_s10_303_p_nic051.jpg</filename><folder>users/joselusava//santiago</folder><source><submittedBy>Jose Saca</submittedBy></source><imagesize><nrows>3200</nrows><ncols>4800</ncols></imagesize><object><name>m1_s10_303_p_nic051</name><deleted>0</deleted><verified>0</verified><occluded>no</occluded><attributes></attributes><parts><hasparts></hasparts><ispartof></ispartof></parts><date>01-09-20 21:58:56:459</date><id>0</id><type>bounding_box</type><polygon><username>anonymous</username><pt><x>1832</x><y>547</y><time>01-09-20 21:58:48:913</time></pt><pt><x>2592</x><y>547</y><time>01-09-20 21:58:50:206</time></pt><pt><x>2592</x><y>1364</y><time>undefined</time></pt><pt><x>1832</x><y>1364</y><time>undefined</time></pt><closed_date>01-09-20 21:58:50:206</closed_date></polygon></object></annotation>