<annotation><filename>m4_s10_154_p_nic100.jpg</filename><folder>users/joselusava//valeria/m04_s10_154_nic</folder><source><submittedBy>Jose Saca</submittedBy></source><imagesize><nrows>2970</nrows><ncols>4451</ncols></imagesize><object><name>m4_s10_154_p_nic100</name><deleted>0</deleted><verified>0</verified><occluded>no</occluded><attributes></attributes><parts><hasparts></hasparts><ispartof></ispartof></parts><date>14-10-20 16:18:37:788</date><id>0</id><type>bounding_box</type><polygon><username>anonymous</username><pt><x>520</x><y>2330</y><time>14-10-20 16:18:33:556</time></pt><pt><x>2085</x><y>2330</y><time>14-10-20 16:18:35:030</time></pt><pt><x>2085</x><y>411</y><time>undefined</time></pt><pt><x>520</x><y>411</y><time>undefined</time></pt><closed_date>14-10-20 16:18:35:031</closed_date></polygon></object></annotation>