<annotation><filename>m4_s05_052_p_nic047.jpg</filename><folder>users/joselusava//santiago_2</folder><source><submittedBy>Jose Saca</submittedBy></source><imagesize><nrows>2910</nrows><ncols>4361</ncols></imagesize><object><name>m4_s05_052_p_nic047</name><deleted>0</deleted><verified>0</verified><occluded>no</occluded><attributes></attributes><parts><hasparts></hasparts><ispartof></ispartof></parts><date>08-10-20 21:28:51:027</date><id>0</id><type>bounding_box</type><polygon><username>anonymous</username><pt><x>2612</x><y>263</y><time>08-10-20 21:28:47:465</time></pt><pt><x>3738</x><y>263</y><time>08-10-20 21:28:48:868</time></pt><pt><x>3738</x><y>1729</y><time>undefined</time></pt><pt><x>2612</x><y>1729</y><time>undefined</time></pt><closed_date>08-10-20 21:28:48:870</closed_date></polygon></object></annotation>