<annotation><filename>m4_s04_047_p_nic056.jpg</filename><folder>users/joselusava//kath/kath_m4_047/nic</folder><source><submittedBy>Jose Saca</submittedBy></source><imagesize><nrows>2970</nrows><ncols>4451</ncols></imagesize><object><name>m4_s04_047_p_nic056</name><deleted>0</deleted><verified>0</verified><occluded>no</occluded><attributes></attributes><parts><hasparts></hasparts><ispartof></ispartof></parts><date>24-10-20 19:09:49:012</date><id>0</id><type>bounding_box</type><polygon><username>anonymous</username><pt><x>2084</x><y>1139</y><time>24-10-20 19:09:43:774</time></pt><pt><x>2863</x><y>1139</y><time>24-10-20 19:09:45:871</time></pt><pt><x>2863</x><y>2684</y><time>undefined</time></pt><pt><x>2084</x><y>2684</y><time>undefined</time></pt><closed_date>24-10-20 19:09:45:873</closed_date></polygon></object></annotation>