<annotation><filename>m4_s10_154_p_ic023.jpg</filename><folder>users/joselusava//valeria/m04_s10_154_ic</folder><source><submittedBy>Jose Saca</submittedBy></source><imagesize><nrows>2970</nrows><ncols>4451</ncols></imagesize><object><name>m4_s10_154_p_ic023</name><deleted>0</deleted><verified>0</verified><occluded>no</occluded><attributes></attributes><parts><hasparts></hasparts><ispartof></ispartof></parts><date>13-10-20 18:04:21:462</date><id>0</id><type>bounding_box</type><polygon><username>anonymous</username><pt><x>3090</x><y>2702</y><time>13-10-20 18:04:14:302</time></pt><pt><x>1097</x><y>2702</y><time>13-10-20 18:04:18:142</time></pt><pt><x>1097</x><y>388</y><time>undefined</time></pt><pt><x>3090</x><y>388</y><time>undefined</time></pt><closed_date>13-10-20 18:04:18:143</closed_date></polygon></object></annotation>