<annotation><filename>m1_s06_168_p_ic067.jpg</filename><folder>users/joselusava//jacob_2/168ic</folder><source><submittedBy>Jose Saca</submittedBy></source><imagesize><nrows>2736</nrows><ncols>4100</ncols></imagesize><object><name>m1_s06_168_p_ic067</name><deleted>0</deleted><verified>0</verified><occluded>no</occluded><attributes></attributes><parts><hasparts></hasparts><ispartof></ispartof></parts><date>08-09-20 20:17:02:608</date><id>0</id><type>bounding_box</type><polygon><username>anonymous</username><pt><x>2611</x><y>2537</y><time>08-09-20 20:16:59:389</time></pt><pt><x>1391</x><y>2537</y><time>08-09-20 20:17:01:677</time></pt><pt><x>1391</x><y>327</y><time>undefined</time></pt><pt><x>2611</x><y>327</y><time>undefined</time></pt><closed_date>08-09-20 20:17:01:678</closed_date></polygon></object></annotation>