<annotation><filename>m2_s03_248_p_nic031.jpg</filename><folder>users/joselusava//museos2020</folder><source><submittedBy>Jose Saca</submittedBy></source><imagesize><nrows>2910</nrows><ncols>4361</ncols></imagesize><object><name>m2_s03_248_p_nic031</name><deleted>0</deleted><verified>0</verified><occluded>no</occluded><attributes></attributes><parts><hasparts></hasparts><ispartof></ispartof></parts><date>27-09-20 16:52:06:685</date><id>0</id><polygon><username>anonymous</username><pt><x>1897</x><y>1492</y><time>27-09-20 16:51:58:151</time></pt><pt><x>4035</x><y>1515</y><time>27-09-20 16:51:59:233</time></pt><pt><x>3454</x><y>2259</y><time>27-09-20 16:52:00:242</time></pt><pt><x>1715</x><y>1734</y><time>27-09-20 16:52:01:458</time></pt><closed_date>27-09-20 16:52:02:074</closed_date></polygon></object></annotation>