<annotation><filename>m4_s05_055_p_ic070.jpg</filename><folder>users/joselusava//valeria/m4_s05_055_ic</folder><source><submittedBy>Jose Saca</submittedBy></source><imagesize><nrows>2910</nrows><ncols>4361</ncols></imagesize><object><name>m4_s05_055_p_ic070</name><deleted>0</deleted><verified>0</verified><occluded>no</occluded><attributes></attributes><parts><hasparts></hasparts><ispartof></ispartof></parts><date>08-10-20 22:50:18:443</date><id>0</id><type>bounding_box</type><polygon><username>anonymous</username><pt><x>1119</x><y>320</y><time>08-10-20 22:50:13:514</time></pt><pt><x>2767</x><y>320</y><time>08-10-20 22:50:15:635</time></pt><pt><x>2767</x><y>2298</y><time>undefined</time></pt><pt><x>1119</x><y>2298</y><time>undefined</time></pt><closed_date>08-10-20 22:50:15:636</closed_date></polygon></object></annotation>