<annotation><filename>m4_s03_025_p_nic026.jpg</filename><folder>users/joselusava//santiago_3</folder><source><submittedBy>Jose Saca</submittedBy></source><imagesize><nrows>2910</nrows><ncols>4361</ncols></imagesize><object><name>m4_s03_025_p_nic026</name><deleted>0</deleted><verified>0</verified><occluded>no</occluded><attributes></attributes><parts><hasparts></hasparts><ispartof></ispartof></parts><date>07-11-20 23:38:48:179</date><id>0</id><type>bounding_box</type><polygon><username>anonymous</username><pt><x>469</x><y>1375</y><time>07-11-20 23:38:44:615</time></pt><pt><x>2588</x><y>1375</y><time>07-11-20 23:38:46:055</time></pt><pt><x>2588</x><y>2669</y><time>undefined</time></pt><pt><x>469</x><y>2669</y><time>undefined</time></pt><closed_date>07-11-20 23:38:46:056</closed_date></polygon></object></annotation>