<annotation><filename>m2_s03_225_x.jpg</filename><folder>users/joselusava//juancarlos</folder><source><submittedBy>Jose Saca</submittedBy></source><imagesize><nrows>2910</nrows><ncols>4361</ncols></imagesize><object><name>m2_s03_225_x</name><deleted>0</deleted><verified>0</verified><occluded>no</occluded><attributes></attributes><parts><hasparts></hasparts><ispartof></ispartof></parts><date>01-10-20 07:21:27:477</date><id>0</id><polygon><username>anonymous</username><pt><x>1334</x><y>149</y><time>01-10-20 07:21:18:459</time></pt><pt><x>1255</x><y>2636</y><time>01-10-20 07:21:19:447</time></pt><pt><x>3101</x><y>2752</y><time>01-10-20 07:21:20:384</time></pt><pt><x>3022</x><y>502</y><time>01-10-20 07:21:21:289</time></pt><closed_date>01-10-20 07:21:22:249</closed_date></polygon></object></annotation>