<annotation><filename>m4_s05_052_p_nic058.jpg</filename><folder>users/joselusava//santiago_2</folder><source><submittedBy>Jose Saca</submittedBy></source><imagesize><nrows>2910</nrows><ncols>4361</ncols></imagesize><object><name>m4_s05_052_p_nic058</name><deleted>0</deleted><verified>0</verified><occluded>no</occluded><attributes></attributes><parts><hasparts></hasparts><ispartof></ispartof></parts><date>08-10-20 21:38:49:781</date><id>0</id><type>bounding_box</type><polygon><username>anonymous</username><pt><x>288</x><y>378</y><time>08-10-20 21:38:47:034</time></pt><pt><x>1521</x><y>378</y><time>08-10-20 21:38:47:975</time></pt><pt><x>1521</x><y>1753</y><time>undefined</time></pt><pt><x>288</x><y>1753</y><time>undefined</time></pt><closed_date>08-10-20 21:38:47:976</closed_date></polygon></object></annotation>