<annotation><filename>m2_s07_264_p_nic043.jpg</filename><folder>users/joselusava//valeria/sala7_264_nic</folder><source><submittedBy>Jose Saca</submittedBy></source><imagesize><nrows>2910</nrows><ncols>4361</ncols></imagesize><object><name>m2_s07_264_p_nic043</name><deleted>0</deleted><verified>0</verified><occluded>no</occluded><attributes></attributes><parts><hasparts></hasparts><ispartof></ispartof></parts><date>23-09-20 20:29:46:359</date><id>0</id><type>bounding_box</type><polygon><username>anonymous</username><pt><x>1036</x><y>2761</y><time>23-09-20 20:29:37:659</time></pt><pt><x>2304</x><y>2761</y><time>23-09-20 20:29:39:549</time></pt><pt><x>2304</x><y>1058</y><time>undefined</time></pt><pt><x>1036</x><y>1058</y><time>undefined</time></pt><closed_date>23-09-20 20:29:39:550</closed_date></polygon></object></annotation>