<annotation><filename>m1_s06_144_p_ic089.jpg</filename><folder>users/joselusava//jacob_2/144ic</folder><source><submittedBy>Jose Saca</submittedBy></source><imagesize><nrows>2736</nrows><ncols>4100</ncols></imagesize><object><name>m1_s06_144_p_ic089</name><deleted>0</deleted><verified>0</verified><occluded>no</occluded><attributes></attributes><parts><hasparts></hasparts><ispartof></ispartof></parts><date>08-09-20 01:44:21:540</date><id>0</id><type>bounding_box</type><polygon><username>anonymous</username><pt><x>597</x><y>2651</y><time>08-09-20 01:44:19:122</time></pt><pt><x>3503</x><y>2651</y><time>08-09-20 01:44:20:825</time></pt><pt><x>3503</x><y>450</y><time>undefined</time></pt><pt><x>597</x><y>450</y><time>undefined</time></pt><closed_date>08-09-20 01:44:20:826</closed_date></polygon></object></annotation>