<annotation><filename>m1_s01_005_p_nic012.jpg</filename><folder>users/joselusava//museos2020</folder><source><submittedBy>Jose Saca</submittedBy></source><imagesize><nrows>2000</nrows><ncols>2992</ncols></imagesize><object><name>m1_s01_005_p_nic012</name><deleted>0</deleted><verified>0</verified><occluded>yes</occluded><attributes></attributes><parts><hasparts></hasparts><ispartof></ispartof></parts><date>13-09-20 22:44:06:989</date><id>0</id><type>bounding_box</type><polygon><username>anonymous</username><pt><x>89</x><y>629</y><time>13-09-20 22:43:50:385</time></pt><pt><x>850</x><y>629</y><time>13-09-20 22:43:51:288</time></pt><pt><x>850</x><y>1364</y><time>undefined</time></pt><pt><x>89</x><y>1364</y><time>undefined</time></pt><closed_date>13-09-20 22:43:51:288</closed_date></polygon></object></annotation>