<annotation><filename>m4_s10_157_p_ic0010.jpg</filename><folder>users/joselusava//valeria/m04_s10_157_nic</folder><source><submittedBy>Jose Saca</submittedBy></source><imagesize><nrows>2970</nrows><ncols>4451</ncols></imagesize><object><name>m4_s10_157_p_nic010</name><deleted>0</deleted><verified>0</verified><occluded>no</occluded><attributes></attributes><parts><hasparts></hasparts><ispartof></ispartof></parts><date>12-10-20 19:03:31:318</date><id>0</id><type>bounding_box</type><polygon><username>anonymous</username><pt><x>2036</x><y>2183</y><time>12-10-20 19:03:26:622</time></pt><pt><x>3791</x><y>2183</y><time>12-10-20 19:03:28:109</time></pt><pt><x>3791</x><y>101</y><time>undefined</time></pt><pt><x>2036</x><y>101</y><time>undefined</time></pt><closed_date>12-10-20 19:03:28:109</closed_date></polygon></object></annotation>