<annotation><filename>m2_s02_107_x.jpg</filename><folder>users/joselusava//m2_jsv</folder><source><submittedBy>Jose Saca</submittedBy></source><imagesize><nrows>2910</nrows><ncols>4361</ncols></imagesize><object><name>m2_s02_107_x</name><deleted>0</deleted><verified>0</verified><occluded>no</occluded><attributes></attributes><parts><hasparts></hasparts><ispartof></ispartof></parts><date>19-09-20 23:22:23:267</date><id>0</id><type>bounding_box</type><polygon><username>anonymous</username><pt><x>3256</x><y>2620</y><time>19-09-20 23:22:20:905</time></pt><pt><x>1166</x><y>2620</y><time>19-09-20 23:22:22:504</time></pt><pt><x>1166</x><y>348</y><time>undefined</time></pt><pt><x>3256</x><y>348</y><time>undefined</time></pt><closed_date>19-09-20 23:22:22:504</closed_date></polygon></object></annotation>