<annotation><filename>m3_s01_018_p_nic090.jpg</filename><folder>users/joselusava//m4_js/18/nic</folder><source><submittedBy>Jose Saca</submittedBy></source><imagesize><nrows>2970</nrows><ncols>4451</ncols></imagesize><object><name>m3_s01_018_p_nic090</name><deleted>0</deleted><verified>0</verified><occluded>no</occluded><attributes></attributes><parts><hasparts></hasparts><ispartof></ispartof></parts><date>05-11-20 18:20:29:654</date><id>0</id><type>bounding_box</type><polygon><username>anonymous</username><pt><x>10</x><y>21</y><time>05-11-20 18:20:27:119</time></pt><pt><x>2791</x><y>21</y><time>05-11-20 18:20:28:818</time></pt><pt><x>2791</x><y>2936</y><time>undefined</time></pt><pt><x>10</x><y>2936</y><time>undefined</time></pt><closed_date>05-11-20 18:20:28:818</closed_date></polygon></object></annotation>