<annotation><filename>m1_s02_065_p_nic015.jpg</filename><folder>users/joselusava//valeria/sala2_065_nic</folder><source><submittedBy>Jose Saca</submittedBy></source><imagesize><nrows>2000</nrows><ncols>2992</ncols></imagesize><object><name>m1_s02_065_p_nic015</name><deleted>0</deleted><verified>0</verified><occluded>no</occluded><attributes></attributes><parts><hasparts></hasparts><ispartof></ispartof></parts><date>27-08-20 22:05:31:074</date><id>0</id><type>bounding_box</type><polygon><username>anonymous</username><pt><x>1497</x><y>1336</y><time>27-08-20 22:05:24:982</time></pt><pt><x>17</x><y>1336</y><time>27-08-20 22:05:27:653</time></pt><pt><x>17</x><y>745</y><time>undefined</time></pt><pt><x>1497</x><y>745</y><time>undefined</time></pt><closed_date>27-08-20 22:05:27:654</closed_date></polygon></object></annotation>