<annotation><filename>m4_s11_176_p_ic061.jpg</filename><folder>users/joselusava//m4_js/176/ic</folder><source><submittedBy>Jose Saca</submittedBy></source><imagesize><nrows>2970</nrows><ncols>4451</ncols></imagesize><object><name>m4_s11_176_p_ic061</name><deleted>0</deleted><verified>0</verified><occluded>no</occluded><attributes></attributes><parts><hasparts></hasparts><ispartof></ispartof></parts><date>15-10-20 09:51:57:844</date><id>0</id><type>bounding_box</type><polygon><username>anonymous</username><pt><x>2941</x><y>2576</y><time>15-10-20 09:51:55:970</time></pt><pt><x>1119</x><y>2576</y><time>15-10-20 09:51:57:269</time></pt><pt><x>1119</x><y>906</y><time>undefined</time></pt><pt><x>2941</x><y>906</y><time>undefined</time></pt><closed_date>15-10-20 09:51:57:269</closed_date></polygon></object></annotation>