<annotation><filename>m2_s03_252_p_nic048.jpg</filename><folder>users/joselusava//valeria/m2_sala03_252_nic</folder><source><submittedBy>Jose Saca</submittedBy></source><imagesize><nrows>2910</nrows><ncols>4361</ncols></imagesize><object><name>m2_s06_252_p_nic048</name><deleted>0</deleted><verified>0</verified><occluded>no</occluded><attributes></attributes><parts><hasparts></hasparts><ispartof></ispartof></parts><date>26-09-20 21:40:55:717</date><id>0</id><type>bounding_box</type><polygon><username>anonymous</username><pt><x>198</x><y>606</y><time>26-09-20 21:40:50:391</time></pt><pt><x>2194</x><y>606</y><time>26-09-20 21:40:51:903</time></pt><pt><x>2194</x><y>1863</y><time>undefined</time></pt><pt><x>198</x><y>1863</y><time>undefined</time></pt><closed_date>26-09-20 21:40:51:904</closed_date></polygon></object></annotation>