<annotation><filename>m4_s04_037_p_nic052.jpg</filename><folder>users/joselusava//santiago_2</folder><source><submittedBy>Jose Saca</submittedBy></source><imagesize><nrows>2970</nrows><ncols>4451</ncols></imagesize><object><name>m4_s04_037_p_nic052</name><deleted>0</deleted><verified>0</verified><occluded>no</occluded><attributes></attributes><parts><hasparts></hasparts><ispartof></ispartof></parts><date>19-10-20 22:28:45:011</date><id>0</id><type>bounding_box</type><polygon><username>anonymous</username><pt><x>2891</x><y>1521</y><time>19-10-20 22:28:40:962</time></pt><pt><x>3745</x><y>1521</y><time>19-10-20 22:28:42:200</time></pt><pt><x>3745</x><y>2838</y><time>undefined</time></pt><pt><x>2891</x><y>2838</y><time>undefined</time></pt><closed_date>19-10-20 22:28:42:201</closed_date></polygon></object></annotation>