<annotation><filename>m4_s12_186_p_nic068.jpg</filename><folder>users/joselusava//m4_js/186/nic</folder><source><submittedBy>Jose Saca</submittedBy></source><imagesize><nrows>3899</nrows><ncols>5844</ncols></imagesize><object><name>m4_s12_186_p_nic067</name><deleted>0</deleted><verified>0</verified><occluded>no</occluded><attributes></attributes><parts><hasparts></hasparts><ispartof></ispartof></parts><date>18-10-20 12:12:03:335</date><id>0</id><type>bounding_box</type><polygon><username>anonymous</username><pt><x>2636</x><y>3733</y><time>18-10-20 12:12:01:298</time></pt><pt><x>35</x><y>3733</y><time>18-10-20 12:12:02:630</time></pt><pt><x>35</x><y>175</y><time>undefined</time></pt><pt><x>2636</x><y>175</y><time>undefined</time></pt><closed_date>18-10-20 12:12:02:630</closed_date></polygon></object></annotation>