<annotation><filename>m3_s01_013_p_ic060.jpg</filename><folder>users/joselusava//valeria/m03_s01_13_ic</folder><source><submittedBy>Jose Saca</submittedBy></source><imagesize><nrows>2970</nrows><ncols>4451</ncols></imagesize><object><name>m3_s01_013_p_ic059</name><deleted>0</deleted><verified>0</verified><occluded>no</occluded><attributes></attributes><parts><hasparts></hasparts><ispartof></ispartof></parts><date>01-11-20 09:11:12:769</date><id>0</id><type>bounding_box</type><polygon><username>anonymous</username><pt><x>3455</x><y>2833</y><time>01-11-20 09:11:05:338</time></pt><pt><x>1154</x><y>2833</y><time>01-11-20 09:11:09:427</time></pt><pt><x>1154</x><y>377</y><time>undefined</time></pt><pt><x>3455</x><y>377</y><time>undefined</time></pt><closed_date>01-11-20 09:11:09:428</closed_date></polygon></object></annotation>