<annotation><filename>m1_s06_186_p_nic052.jpg</filename><folder>users/joselusava//jacob_2/186nic</folder><source><submittedBy>Jose Saca</submittedBy></source><imagesize><nrows>2736</nrows><ncols>4100</ncols></imagesize><object><name>m1_s06_186_p_nic052</name><deleted>0</deleted><verified>0</verified><occluded>no</occluded><attributes></attributes><parts><hasparts></hasparts><ispartof></ispartof></parts><date>09-09-20 23:20:17:942</date><id>0</id><type>bounding_box</type><polygon><username>anonymous</username><pt><x>1097</x><y>2545</y><time>09-09-20 23:20:15:715</time></pt><pt><x>2079</x><y>2545</y><time>09-09-20 23:20:17:245</time></pt><pt><x>2079</x><y>933</y><time>undefined</time></pt><pt><x>1097</x><y>933</y><time>undefined</time></pt><closed_date>09-09-20 23:20:17:245</closed_date></polygon></object></annotation>