<annotation><filename>m3_s01_002_p_nic079.jpg</filename><folder>users/joselusava//santiago_3</folder><source><submittedBy>Jose Saca</submittedBy></source><imagesize><nrows>2970</nrows><ncols>4451</ncols></imagesize><object><name>m3_s01_002_p_nic079</name><deleted>0</deleted><verified>0</verified><occluded>no</occluded><attributes></attributes><parts><hasparts></hasparts><ispartof></ispartof></parts><date>29-10-20 21:05:31:979</date><id>0</id><type>bounding_box</type><polygon><username>anonymous</username><pt><x>982</x><y>1028</y><time>29-10-20 21:05:27:501</time></pt><pt><x>2692</x><y>1028</y><time>29-10-20 21:05:29:063</time></pt><pt><x>2692</x><y>2592</y><time>undefined</time></pt><pt><x>982</x><y>2592</y><time>undefined</time></pt><closed_date>29-10-20 21:05:29:064</closed_date></polygon></object></annotation>