<annotation><filename>m1_s01_017_p_ic088.jpg</filename><folder>users/joselusava//santiago</folder><source><submittedBy>Jose Saca</submittedBy></source><imagesize><nrows>3200</nrows><ncols>4800</ncols></imagesize><object><name>m1_s01_017_p_ic088</name><deleted>0</deleted><verified>0</verified><occluded>no</occluded><attributes></attributes><parts><hasparts></hasparts><ispartof></ispartof></parts><date>10-09-20 23:14:03:109</date><id>0</id><type>bounding_box</type><polygon><username>anonymous</username><pt><x>1771</x><y>1425</y><time>10-09-20 23:13:54:442</time></pt><pt><x>3088</x><y>1425</y><time>10-09-20 23:13:56:645</time></pt><pt><x>3088</x><y>2858</y><time>undefined</time></pt><pt><x>1771</x><y>2858</y><time>undefined</time></pt><closed_date>10-09-20 23:13:56:646</closed_date></polygon></object></annotation>