<annotation><filename>m3_s01_010_p_nic040.jpg</filename><folder>users/joselusava//m4_js/m3/10/nic</folder><source><submittedBy>Jose Saca</submittedBy></source><imagesize><nrows>2970</nrows><ncols>4451</ncols></imagesize><object><name>m3_s01_010_p_nic040</name><deleted>0</deleted><verified>0</verified><occluded>no</occluded><attributes></attributes><parts><hasparts></hasparts><ispartof></ispartof></parts><date>29-10-20 13:45:21:905</date><id>0</id><type>bounding_box</type><polygon><username>anonymous</username><pt><x>1129</x><y>2332</y><time>29-10-20 13:45:17:597</time></pt><pt><x>3354</x><y>2332</y><time>29-10-20 13:45:18:939</time></pt><pt><x>3354</x><y>64</y><time>undefined</time></pt><pt><x>1129</x><y>64</y><time>undefined</time></pt><closed_date>29-10-20 13:45:18:939</closed_date></polygon></object></annotation>