<annotation><filename>m2_s02_129_p_ic023.jpg</filename><folder>users/joselusava//m2_jsv/129/ic</folder><source><submittedBy>Jose Saca</submittedBy></source><imagesize><nrows>2910</nrows><ncols>4361</ncols></imagesize><object><name>m2_s02_129_p_ic023</name><deleted>0</deleted><verified>0</verified><occluded>no</occluded><attributes></attributes><parts><hasparts></hasparts><ispartof></ispartof></parts><date>24-09-20 15:19:08:735</date><id>0</id><type>bounding_box</type><polygon><username>anonymous</username><pt><x>2751</x><y>2011</y><time>24-09-20 15:19:06:830</time></pt><pt><x>1584</x><y>2011</y><time>24-09-20 15:19:08:173</time></pt><pt><x>1584</x><y>688</y><time>undefined</time></pt><pt><x>2751</x><y>688</y><time>undefined</time></pt><closed_date>24-09-20 15:19:08:173</closed_date></polygon></object></annotation>