<annotation><filename>m2_s01_034_p_ic074.jpg</filename><folder>users/joselusava//kath</folder><source><submittedBy>Jose Saca</submittedBy></source><imagesize><nrows>2850</nrows><ncols>4271</ncols></imagesize><object><name>m2_s01_034_p_ic074</name><deleted>0</deleted><verified>0</verified><occluded>no</occluded><attributes></attributes><parts><hasparts></hasparts><ispartof></ispartof></parts><date>25-09-20 16:45:00:097</date><id>0</id><type>bounding_box</type><polygon><username>anonymous</username><pt><x>1318</x><y>186</y><time>25-09-20 16:44:52:883</time></pt><pt><x>2943</x><y>186</y><time>25-09-20 16:44:57:015</time></pt><pt><x>2943</x><y>2649</y><time>undefined</time></pt><pt><x>1318</x><y>2649</y><time>undefined</time></pt><closed_date>25-09-20 16:44:57:016</closed_date></polygon></object></annotation>