<annotation><filename>m2_s06_244_p_ic071.jpg</filename><folder>users/joselusava//museos2020</folder><source><submittedBy>Jose Saca</submittedBy></source><imagesize><nrows>2910</nrows><ncols>4361</ncols></imagesize><object><name>m2_s06_244_p_ic071</name><deleted>0</deleted><verified>0</verified><occluded>no</occluded><attributes></attributes><parts><hasparts></hasparts><ispartof></ispartof></parts><date>22-09-20 14:59:52:888</date><id>0</id><type>bounding_box</type><polygon><username>anonymous</username><pt><x>538</x><y>1247</y><time>22-09-20 14:59:44:343</time></pt><pt><x>3806</x><y>1247</y><time>22-09-20 14:59:47:282</time></pt><pt><x>3806</x><y>2265</y><time>undefined</time></pt><pt><x>538</x><y>2265</y><time>undefined</time></pt><closed_date>22-09-20 14:59:47:284</closed_date></polygon></object></annotation>