<annotation><filename>m2_s01_034_p_ic063.jpg</filename><folder>users/joselusava//kath</folder><source><submittedBy>Jose Saca</submittedBy></source><imagesize><nrows>2850</nrows><ncols>4271</ncols></imagesize><object><name>m2_s01_034_p_ic063</name><deleted>0</deleted><verified>0</verified><occluded>no</occluded><attributes></attributes><parts><hasparts></hasparts><ispartof></ispartof></parts><date>25-09-20 16:32:14:795</date><id>0</id><type>bounding_box</type><polygon><username>anonymous</username><pt><x>1182</x><y>201</y><time>25-09-20 16:31:55:770</time></pt><pt><x>2850</x><y>201</y><time>25-09-20 16:32:00:373</time></pt><pt><x>2850</x><y>2743</y><time>undefined</time></pt><pt><x>1182</x><y>2743</y><time>undefined</time></pt><closed_date>25-09-20 16:32:00:374</closed_date></polygon></object></annotation>