<annotation><filename>m1_s06_186_p_ic068.jpg</filename><folder>users/joselusava//jacob_2/186ic</folder><source><submittedBy>Jose Saca</submittedBy></source><imagesize><nrows>2736</nrows><ncols>4100</ncols></imagesize><object><name>s06_186_p_ic068</name><deleted>0</deleted><verified>0</verified><occluded>no</occluded><attributes></attributes><parts><hasparts></hasparts><ispartof></ispartof></parts><date>09-09-20 22:31:42:865</date><id>0</id><type>bounding_box</type><polygon><username>anonymous</username><pt><x>2799</x><y>2341</y><time>09-09-20 22:31:38:664</time></pt><pt><x>1072</x><y>2341</y><time>09-09-20 22:31:41:566</time></pt><pt><x>1072</x><y>0</y><time>undefined</time></pt><pt><x>2799</x><y>0</y><time>undefined</time></pt><closed_date>09-09-20 22:31:41:566</closed_date></polygon></object></annotation>