<annotation><filename>m1_s01_004_p_nic063.jpg</filename><folder>users/joselusava//valeria_apoyo/sala01_004_nic</folder><source><submittedBy>Jose Saca</submittedBy></source><imagesize><nrows>3200</nrows><ncols>4800</ncols></imagesize><object><name>m1_s01_004_p_nic063</name><deleted>0</deleted><verified>0</verified><occluded>no</occluded><attributes></attributes><parts><hasparts></hasparts><ispartof></ispartof></parts><date>17-09-20 19:34:50:006</date><id>0</id><type>bounding_box</type><polygon><username>anonymous</username><pt><x>4315</x><y>1091</y><time>17-09-20 19:34:41:831</time></pt><pt><x>1515</x><y>1091</y><time>17-09-20 19:34:45:333</time></pt><pt><x>1515</x><y>436</y><time>undefined</time></pt><pt><x>4315</x><y>436</y><time>undefined</time></pt><closed_date>17-09-20 19:34:45:334</closed_date></polygon></object></annotation>