<annotation><filename>m3_s01_013_p_ic027.jpg</filename><folder>users/joselusava//valeria/m03_s01_13_ic</folder><source><submittedBy>Jose Saca</submittedBy></source><imagesize><nrows>2970</nrows><ncols>4451</ncols></imagesize><object><name>m3_s01_013_p_ic026</name><deleted>0</deleted><verified>0</verified><occluded>no</occluded><attributes></attributes><parts><hasparts></hasparts><ispartof></ispartof></parts><date>28-10-20 23:04:20:058</date><id>0</id><type>bounding_box</type><polygon><username>anonymous</username><pt><x>4038</x><y>2901</y><time>28-10-20 23:04:13:758</time></pt><pt><x>543</x><y>2901</y><time>28-10-20 23:04:16:091</time></pt><pt><x>543</x><y>308</y><time>undefined</time></pt><pt><x>4038</x><y>308</y><time>undefined</time></pt><closed_date>28-10-20 23:04:16:092</closed_date></polygon></object></annotation>