<annotation><filename>m2_s06_244_p_ic024.jpg</filename><folder>users/joselusava//museos2020</folder><source><submittedBy>Jose Saca</submittedBy></source><imagesize><nrows>2910</nrows><ncols>4361</ncols></imagesize><object><name>m2_s06_244_p_ic024</name><deleted>0</deleted><verified>0</verified><occluded>no</occluded><attributes></attributes><parts><hasparts></hasparts><ispartof></ispartof></parts><date>22-09-20 12:49:09:500</date><id>0</id><type>bounding_box</type><polygon><username>anonymous</username><pt><x>1147</x><y>1032</y><time>22-09-20 12:49:02:184</time></pt><pt><x>3190</x><y>1032</y><time>22-09-20 12:49:03:727</time></pt><pt><x>3190</x><y>1899</y><time>undefined</time></pt><pt><x>1147</x><y>1899</y><time>undefined</time></pt><closed_date>22-09-20 12:49:03:728</closed_date></polygon></object></annotation>