<annotation><filename>img_m1_s03-04_101_p_ic029.jpg</filename><folder>users/joselusava//valeria/sala3y4_101_ic</folder><source><submittedBy>Jose Saca</submittedBy></source><imagesize><nrows>3200</nrows><ncols>4800</ncols></imagesize><object><name>m1_s03_s04_101_p_ic029</name><deleted>0</deleted><verified>0</verified><occluded>no</occluded><attributes></attributes><parts><hasparts></hasparts><ispartof></ispartof></parts><date>28-08-20 23:45:09:277</date><id>0</id><type>bounding_box</type><polygon><username>anonymous</username><pt><x>21</x><y>2271</y><time>28-08-20 23:45:01:815</time></pt><pt><x>4784</x><y>2271</y><time>28-08-20 23:45:05:282</time></pt><pt><x>4784</x><y>784</y><time>undefined</time></pt><pt><x>21</x><y>784</y><time>undefined</time></pt><closed_date>28-08-20 23:45:05:283</closed_date></polygon></object></annotation>