<annotation><filename>m3_s01_002_p_nic099.jpg</filename><folder>users/joselusava//santiago_3</folder><source><submittedBy>Jose Saca</submittedBy></source><imagesize><nrows>2970</nrows><ncols>4451</ncols></imagesize><object><name>m3_s01_002_p_nic099</name><deleted>0</deleted><verified>0</verified><occluded>no</occluded><attributes></attributes><parts><hasparts></hasparts><ispartof></ispartof></parts><date>29-10-20 21:21:56:971</date><id>0</id><type>bounding_box</type><polygon><username>anonymous</username><pt><x>1421</x><y>218</y><time>29-10-20 21:21:50:083</time></pt><pt><x>4066</x><y>218</y><time>29-10-20 21:21:51:201</time></pt><pt><x>4066</x><y>2081</y><time>undefined</time></pt><pt><x>1421</x><y>2081</y><time>undefined</time></pt><closed_date>29-10-20 21:21:51:203</closed_date></polygon></object></annotation>