<annotation><filename>m2_s06_250_p_nic011.jpg</filename><folder>users/joselusava//m2_jsv/250</folder><source><submittedBy>Jose Saca</submittedBy></source><imagesize><nrows>2910</nrows><ncols>4361</ncols></imagesize><object><name>m2_s06_250_p_nic011</name><deleted>0</deleted><verified>0</verified><occluded>no</occluded><attributes></attributes><parts><hasparts></hasparts><ispartof></ispartof></parts><date>30-09-20 11:25:07:392</date><id>0</id><type>bounding_box</type><polygon><username>anonymous</username><pt><x>4230</x><y>2402</y><time>30-09-20 11:25:05:391</time></pt><pt><x>1323</x><y>2402</y><time>30-09-20 11:25:06:660</time></pt><pt><x>1323</x><y>1166</y><time>undefined</time></pt><pt><x>4230</x><y>1166</y><time>undefined</time></pt><closed_date>30-09-20 11:25:06:660</closed_date></polygon></object></annotation>