<annotation><filename>m1_s02_065_p_nic029.jpg</filename><folder>users/joselusava//valeria/sala2_065_nic</folder><source><submittedBy>Jose Saca</submittedBy></source><imagesize><nrows>2000</nrows><ncols>2992</ncols></imagesize><object><name>m1_s02_065_p_nic029</name><deleted>0</deleted><verified>0</verified><occluded>no</occluded><attributes></attributes><parts><hasparts></hasparts><ispartof></ispartof></parts><date>27-08-20 22:34:36:439</date><id>0</id><type>bounding_box</type><polygon><username>anonymous</username><pt><x>2805</x><y>1681</y><time>27-08-20 22:34:29:104</time></pt><pt><x>1292</x><y>1681</y><time>27-08-20 22:34:31:904</time></pt><pt><x>1292</x><y>946</y><time>undefined</time></pt><pt><x>2805</x><y>946</y><time>undefined</time></pt><closed_date>27-08-20 22:34:31:905</closed_date></polygon></object></annotation>