<annotation><filename>m4_s04_045_p_ic070.jpg</filename><folder>users/joselusava//valeria/m04_s04_45_ic</folder><source><submittedBy>Jose Saca</submittedBy></source><imagesize><nrows>2970</nrows><ncols>4451</ncols></imagesize><object><name>m4_s04_045_p_ic070</name><deleted>0</deleted><verified>0</verified><occluded>no</occluded><attributes></attributes><parts><hasparts></hasparts><ispartof></ispartof></parts><date>19-10-20 20:01:22:820</date><id>0</id><type>bounding_box</type><polygon><username>anonymous</username><pt><x>1531</x><y>2924</y><time>19-10-20 20:01:17:096</time></pt><pt><x>2850</x><y>2924</y><time>19-10-20 20:01:18:997</time></pt><pt><x>2850</x><y>440</y><time>undefined</time></pt><pt><x>1531</x><y>440</y><time>undefined</time></pt><closed_date>19-10-20 20:01:18:998</closed_date></polygon></object></annotation>