<annotation><filename>m2_s01_032_p_nic057.jpg</filename><folder>users/joselusava//santiago_2</folder><source><submittedBy>Jose Saca</submittedBy></source><imagesize><nrows>2850</nrows><ncols>4271</ncols></imagesize><object><name>m2_s01_032_p_nic057</name><deleted>0</deleted><verified>0</verified><occluded>no</occluded><attributes></attributes><parts><hasparts></hasparts><ispartof></ispartof></parts><date>30-09-20 21:00:23:628</date><id>0</id><type>bounding_box</type><polygon><username>anonymous</username><pt><x>336</x><y>716</y><time>30-09-20 21:00:20:331</time></pt><pt><x>1249</x><y>716</y><time>30-09-20 21:00:21:436</time></pt><pt><x>1249</x><y>1690</y><time>undefined</time></pt><pt><x>336</x><y>1690</y><time>undefined</time></pt><closed_date>30-09-20 21:00:21:437</closed_date></polygon></object></annotation>