<annotation><filename>m4_s06_089_p_ic060.jpg</filename><folder>users/joselusava//santiago_2</folder><source><submittedBy>Jose Saca</submittedBy></source><imagesize><nrows>2970</nrows><ncols>4451</ncols></imagesize><object><name>m4_s06_089_p_ic060</name><deleted>0</deleted><verified>0</verified><occluded>no</occluded><attributes></attributes><parts><hasparts></hasparts><ispartof></ispartof></parts><date>11-10-20 18:53:05:176</date><id>0</id><type>bounding_box</type><polygon><username>anonymous</username><pt><x>1754</x><y>414</y><time>11-10-20 18:53:00:966</time></pt><pt><x>2602</x><y>414</y><time>11-10-20 18:53:02:906</time></pt><pt><x>2602</x><y>2365</y><time>undefined</time></pt><pt><x>1754</x><y>2365</y><time>undefined</time></pt><closed_date>11-10-20 18:53:02:907</closed_date></polygon></object></annotation>