<annotation><filename>img_m1_s03-04_101_p_ic069.jpg</filename><folder>users/joselusava//valeria/sala3y4_101_ic</folder><source><submittedBy>Jose Saca</submittedBy></source><imagesize><nrows>3200</nrows><ncols>4800</ncols></imagesize><object><name>m1_s03_s04_101_p_ic069</name><deleted>0</deleted><verified>0</verified><occluded>no</occluded><attributes></attributes><parts><hasparts></hasparts><ispartof></ispartof></parts><date>29-08-20 01:18:26:142</date><id>0</id><type>bounding_box</type><polygon><username>anonymous</username><pt><x>4794</x><y>3127</y><time>29-08-20 01:18:18:787</time></pt><pt><x>24</x><y>3127</y><time>29-08-20 01:18:22:166</time></pt><pt><x>24</x><y>648</y><time>undefined</time></pt><pt><x>4794</x><y>648</y><time>undefined</time></pt><closed_date>29-08-20 01:18:22:168</closed_date></polygon></object></annotation>