<annotation><filename>m4_s10_164_p_ic003.jpg</filename><folder>users/joselusava//santiago_2</folder><source><submittedBy>Jose Saca</submittedBy></source><imagesize><nrows>2970</nrows><ncols>4451</ncols></imagesize><object><name>m4_s10_164_p_ic003</name><deleted>0</deleted><verified>0</verified><occluded>no</occluded><attributes></attributes><parts><hasparts></hasparts><ispartof></ispartof></parts><date>13-10-20 21:57:39:928</date><id>0</id><type>bounding_box</type><polygon><username>anonymous</username><pt><x>1810</x><y>878</y><time>13-10-20 21:57:36:619</time></pt><pt><x>2563</x><y>878</y><time>13-10-20 21:57:37:511</time></pt><pt><x>2563</x><y>1653</y><time>undefined</time></pt><pt><x>1810</x><y>1653</y><time>undefined</time></pt><closed_date>13-10-20 21:57:37:511</closed_date></polygon></object></annotation>