<annotation><filename>m2_s01_024_p_nic078.jpg</filename><folder>users/joselusava//santiago</folder><source><submittedBy>Jose Saca</submittedBy></source><imagesize><nrows>2850</nrows><ncols>4271</ncols></imagesize><object><name>m2_s01_024_p_nic078</name><deleted>0</deleted><verified>0</verified><occluded>no</occluded><attributes></attributes><parts><hasparts></hasparts><ispartof></ispartof></parts><date>25-09-20 15:39:04:226</date><id>0</id><type>bounding_box</type><polygon><username>anonymous</username><pt><x>269</x><y>212</y><time>25-09-20 15:38:58:011</time></pt><pt><x>1205</x><y>212</y><time>25-09-20 15:38:59:176</time></pt><pt><x>1205</x><y>1449</y><time>undefined</time></pt><pt><x>269</x><y>1449</y><time>undefined</time></pt><closed_date>25-09-20 15:38:59:177</closed_date></polygon></object></annotation>