<annotation><filename>m2_s01_018_p_nic011.jpg</filename><folder>users/joselusava//santiago_2</folder><source><submittedBy>Jose Saca</submittedBy></source><imagesize><nrows>3000</nrows><ncols>4496</ncols></imagesize><object><name>m2_s01_018_p_nic011</name><deleted>0</deleted><verified>0</verified><occluded>no</occluded><attributes></attributes><parts><hasparts></hasparts><ispartof></ispartof></parts><date>28-09-20 19:32:33:198</date><id>0</id><type>bounding_box</type><polygon><username>anonymous</username><pt><x>1053</x><y>560</y><time>28-09-20 19:32:26:162</time></pt><pt><x>1704</x><y>560</y><time>28-09-20 19:32:26:889</time></pt><pt><x>1704</x><y>1249</y><time>undefined</time></pt><pt><x>1053</x><y>1249</y><time>undefined</time></pt><closed_date>28-09-20 19:32:26:890</closed_date></polygon></object></annotation>