<annotation><filename>m2_s01_056_p_nic094.jpg</filename><folder>users/joselusava//m2_jsv/56/nic</folder><source><submittedBy>Jose Saca</submittedBy></source><imagesize><nrows>2850</nrows><ncols>4271</ncols></imagesize><object><name>m2_s01_056_p_nic094</name><deleted>0</deleted><verified>0</verified><occluded>no</occluded><attributes></attributes><parts><hasparts></hasparts><ispartof></ispartof></parts><date>28-09-20 22:38:58:578</date><id>0</id><type>bounding_box</type><polygon><username>anonymous</username><pt><x>3906</x><y>2029</y><time>28-09-20 22:38:55:967</time></pt><pt><x>2802</x><y>2029</y><time>28-09-20 22:38:58:042</time></pt><pt><x>2802</x><y>501</y><time>undefined</time></pt><pt><x>3906</x><y>501</y><time>undefined</time></pt><closed_date>28-09-20 22:38:58:042</closed_date></polygon></object></annotation>