<annotation><filename>m2_s01_056_p_ic006.jpg</filename><folder>users/joselusava//m2_jsv/56/ic</folder><source><submittedBy>Jose Saca</submittedBy></source><imagesize><nrows>2850</nrows><ncols>4271</ncols></imagesize><object><name>m2_s01_056_p_ic006</name><deleted>0</deleted><verified>0</verified><occluded>no</occluded><attributes></attributes><parts><hasparts></hasparts><ispartof></ispartof></parts><date>28-09-20 21:26:43:414</date><id>0</id><type>bounding_box</type><polygon><username>anonymous</username><pt><x>2870</x><y>2819</y><time>28-09-20 21:26:41:059</time></pt><pt><x>1231</x><y>2819</y><time>28-09-20 21:26:42:583</time></pt><pt><x>1231</x><y>110</y><time>undefined</time></pt><pt><x>2870</x><y>110</y><time>undefined</time></pt><closed_date>28-09-20 21:26:42:583</closed_date></polygon></object></annotation>