<annotation><filename>m4_s04_039_p_ic099.jpg</filename><folder>users/joselusava//santiago_2</folder><source><submittedBy>Jose Saca</submittedBy></source><imagesize><nrows>2970</nrows><ncols>4451</ncols></imagesize><object><name>m4_s04_039_p_ic099</name><deleted>0</deleted><verified>0</verified><occluded>no</occluded><attributes></attributes><parts><hasparts></hasparts><ispartof></ispartof></parts><date>21-10-20 16:12:38:943</date><id>0</id><type>bounding_box</type><polygon><username>anonymous</username><pt><x>1671</x><y>371</y><time>21-10-20 16:12:34:129</time></pt><pt><x>2467</x><y>371</y><time>21-10-20 16:12:36:024</time></pt><pt><x>2467</x><y>2934</y><time>undefined</time></pt><pt><x>1671</x><y>2934</y><time>undefined</time></pt><closed_date>21-10-20 16:12:36:026</closed_date></polygon></object></annotation>