<annotation><filename>m1_s01_005_p_nic026.jpg</filename><folder>users/joselusava//museos2020</folder><source><submittedBy>Jose Saca</submittedBy></source><imagesize><nrows>2000</nrows><ncols>2992</ncols></imagesize><object><name>m1_s01_005_p_nic026</name><deleted>0</deleted><verified>0</verified><occluded>no</occluded><attributes></attributes><parts><hasparts></hasparts><ispartof></ispartof></parts><date>14-09-20 10:39:58:759</date><id>0</id><type>bounding_box</type><polygon><username>anonymous</username><pt><x>601</x><y>284</y><time>14-09-20 10:39:47:725</time></pt><pt><x>978</x><y>284</y><time>14-09-20 10:39:49:989</time></pt><pt><x>978</x><y>665</y><time>undefined</time></pt><pt><x>601</x><y>665</y><time>undefined</time></pt><closed_date>14-09-20 10:39:49:991</closed_date></polygon></object></annotation>