<annotation><filename>m4_s04_037_p_ic086.jpg</filename><folder>users/joselusava//santiago_2</folder><source><submittedBy>Jose Saca</submittedBy></source><imagesize><nrows>2970</nrows><ncols>4451</ncols></imagesize><object><name>m4_s04_037_p_ic086</name><deleted>0</deleted><verified>0</verified><occluded>no</occluded><attributes></attributes><parts><hasparts></hasparts><ispartof></ispartof></parts><date>18-10-20 22:23:34:625</date><id>0</id><type>bounding_box</type><polygon><username>anonymous</username><pt><x>1574</x><y>286</y><time>18-10-20 22:23:29:625</time></pt><pt><x>2866</x><y>286</y><time>18-10-20 22:23:31:451</time></pt><pt><x>2866</x><y>2684</y><time>undefined</time></pt><pt><x>1574</x><y>2684</y><time>undefined</time></pt><closed_date>18-10-20 22:23:31:452</closed_date></polygon></object></annotation>