<annotation><filename>m1_s02_065_p_nic068.jpg</filename><folder>users/joselusava//valeria/sala2_065_nic</folder><source><submittedBy>Jose Saca</submittedBy></source><imagesize><nrows>2000</nrows><ncols>2992</ncols></imagesize><object><name>m1_s02_065_p_nic068</name><deleted>0</deleted><verified>0</verified><occluded>no</occluded><attributes></attributes><parts><hasparts></hasparts><ispartof></ispartof></parts><date>27-08-20 23:55:16:744</date><id>0</id><type>bounding_box</type><polygon><username>anonymous</username><pt><x>2191</x><y>1742</y><time>27-08-20 23:55:10:537</time></pt><pt><x>681</x><y>1742</y><time>27-08-20 23:55:12:878</time></pt><pt><x>681</x><y>1128</y><time>undefined</time></pt><pt><x>2191</x><y>1128</y><time>undefined</time></pt><closed_date>27-08-20 23:55:12:879</closed_date></polygon></object></annotation>