<annotation><filename>m3_s01_018_p_ic019.jpg</filename><folder>users/joselusava//m4_js/18/ic</folder><source><submittedBy>Jose Saca</submittedBy></source><imagesize><nrows>2970</nrows><ncols>4451</ncols></imagesize><object><name>m3_s01_018_p_ic019</name><deleted>0</deleted><verified>0</verified><occluded>no</occluded><attributes></attributes><parts><hasparts></hasparts><ispartof></ispartof></parts><date>05-11-20 10:21:06:442</date><id>0</id><type>bounding_box</type><polygon><username>anonymous</username><pt><x>42</x><y>2673</y><time>05-11-20 10:21:03:885</time></pt><pt><x>3620</x><y>2673</y><time>05-11-20 10:21:05:483</time></pt><pt><x>3620</x><y>600</y><time>undefined</time></pt><pt><x>42</x><y>600</y><time>undefined</time></pt><closed_date>05-11-20 10:21:05:483</closed_date></polygon></object></annotation>