<annotation><filename>m1_s01_004_p_ic094.jpg</filename><folder>users/joselusava//valeria_apoyo/sala001_004ic_ok</folder><source><submittedBy>Jose Saca</submittedBy></source><imagesize><nrows>2000</nrows><ncols>2992</ncols></imagesize><object><name>m1_s01_004_p_ic094</name><deleted>0</deleted><verified>0</verified><occluded>no</occluded><attributes></attributes><parts><hasparts></hasparts><ispartof></ispartof></parts><date>16-09-20 17:00:12:567</date><id>0</id><type>bounding_box</type><polygon><username>anonymous</username><pt><x>61</x><y>1674</y><time>16-09-20 17:00:06:328</time></pt><pt><x>2545</x><y>1674</y><time>16-09-20 17:00:09:067</time></pt><pt><x>2545</x><y>587</y><time>undefined</time></pt><pt><x>61</x><y>587</y><time>undefined</time></pt><closed_date>16-09-20 17:00:09:068</closed_date></polygon></object></annotation>