<annotation><filename>m3_s01_002_p_ic092.jpg</filename><folder>users/joselusava//santiago_3</folder><source><submittedBy>Jose Saca</submittedBy></source><imagesize><nrows>2970</nrows><ncols>4451</ncols></imagesize><object><name>m3_s01_002_p_ic092</name><deleted>0</deleted><verified>0</verified><occluded>no</occluded><attributes></attributes><parts><hasparts></hasparts><ispartof></ispartof></parts><date>29-10-20 13:35:20:692</date><id>0</id><type>bounding_box</type><polygon><username>anonymous</username><pt><x>286</x><y>271</y><time>29-10-20 13:35:16:830</time></pt><pt><x>3966</x><y>271</y><time>29-10-20 13:35:18:511</time></pt><pt><x>3966</x><y>2609</y><time>undefined</time></pt><pt><x>286</x><y>2609</y><time>undefined</time></pt><closed_date>29-10-20 13:35:18:512</closed_date></polygon></object></annotation>