<annotation><filename>m2_s01_034_p_nic040.jpg</filename><folder>users/joselusava//kath</folder><source><submittedBy>Jose Saca</submittedBy></source><imagesize><nrows>2850</nrows><ncols>4271</ncols></imagesize><object><name>m2_s01_034_p_nic040</name><deleted>0</deleted><verified>0</verified><occluded>no</occluded><attributes></attributes><parts><hasparts></hasparts><ispartof></ispartof></parts><date>25-09-20 19:54:11:377</date><id>0</id><type>bounding_box</type><polygon><username>anonymous</username><pt><x>838</x><y>1224</y><time>25-09-20 19:53:50:179</time></pt><pt><x>1819</x><y>1224</y><time>25-09-20 19:54:08:365</time></pt><pt><x>1819</x><y>2649</y><time>undefined</time></pt><pt><x>838</x><y>2649</y><time>undefined</time></pt><closed_date>25-09-20 19:54:08:365</closed_date></polygon></object></annotation>