<annotation><filename>m1_s01_001_p_ic093.jpg</filename><folder>users/joselusava//juancarlos</folder><source><submittedBy>Jose Saca</submittedBy></source><imagesize><nrows>2000</nrows><ncols>2992</ncols></imagesize><object><name>m1_s01_001_p_ic093</name><deleted>0</deleted><verified>0</verified><occluded>no</occluded><attributes></attributes><parts><hasparts></hasparts><ispartof></ispartof></parts><date>01-09-20 16:26:31:071</date><id>0</id><type>bounding_box</type><polygon><username>anonymous</username><pt><x>593</x><y>641</y><time>01-09-20 16:26:17:463</time></pt><pt><x>2243</x><y>641</y><time>01-09-20 16:26:21:340</time></pt><pt><x>2243</x><y>1442</y><time>undefined</time></pt><pt><x>593</x><y>1442</y><time>undefined</time></pt><closed_date>01-09-20 16:26:21:342</closed_date></polygon></object></annotation>