<annotation><filename>m4_s04_045_p_nic058.jpg</filename><folder>users/joselusava//valeria/m04_s04_45_nic</folder><source><submittedBy>Jose Saca</submittedBy></source><imagesize><nrows>2970</nrows><ncols>4451</ncols></imagesize><object><name>m4_s04_045_p_nic058</name><deleted>0</deleted><verified>0</verified><occluded>no</occluded><attributes></attributes><parts><hasparts></hasparts><ispartof></ispartof></parts><date>20-10-20 15:13:54:697</date><id>0</id><type>bounding_box</type><polygon><username>anonymous</username><pt><x>3535</x><y>1828</y><time>20-10-20 15:13:50:712</time></pt><pt><x>4072</x><y>1828</y><time>20-10-20 15:13:52:109</time></pt><pt><x>4072</x><y>1034</y><time>undefined</time></pt><pt><x>3535</x><y>1034</y><time>undefined</time></pt><closed_date>20-10-20 15:13:52:110</closed_date></polygon></object></annotation>