<annotation><filename>m4_s06_089_p_nic055.jpg</filename><folder>users/joselusava//santiago_2</folder><source><submittedBy>Jose Saca</submittedBy></source><imagesize><nrows>2970</nrows><ncols>4451</ncols></imagesize><object><name>m4_s06_089_p_nic055</name><deleted>0</deleted><verified>0</verified><occluded>no</occluded><attributes></attributes><parts><hasparts></hasparts><ispartof></ispartof></parts><date>12-10-20 21:20:16:600</date><id>0</id><type>bounding_box</type><polygon><username>anonymous</username><pt><x>1435</x><y>1028</y><time>12-10-20 21:20:12:690</time></pt><pt><x>2870</x><y>1028</y><time>12-10-20 21:20:13:876</time></pt><pt><x>2870</x><y>2834</y><time>undefined</time></pt><pt><x>1435</x><y>2834</y><time>undefined</time></pt><closed_date>12-10-20 21:20:13:876</closed_date></polygon></object></annotation>