<annotation><filename>m4_s07_105_p_nic023.jpg</filename><folder>users/joselusava//kath/m4_105/nic</folder><source><submittedBy>Jose Saca</submittedBy></source><imagesize><nrows>2970</nrows><ncols>4451</ncols></imagesize><object><name>m4_s07_105_p_nic023</name><deleted>0</deleted><verified>0</verified><occluded>no</occluded><attributes></attributes><parts><hasparts></hasparts><ispartof></ispartof></parts><date>29-10-20 09:35:27:957</date><id>0</id><type>bounding_box</type><polygon><username>anonymous</username><pt><x>2576</x><y>2768</y><time>29-10-20 09:35:21:428</time></pt><pt><x>1538</x><y>2768</y><time>29-10-20 09:35:23:932</time></pt><pt><x>1538</x><y>1312</y><time>undefined</time></pt><pt><x>2576</x><y>1312</y><time>undefined</time></pt><closed_date>29-10-20 09:35:23:932</closed_date></polygon></object></annotation>