<annotation><filename>m4_s03_025_p_ic012.jpg</filename><folder>users/joselusava//juancarlos</folder><source><submittedBy>Jose Saca</submittedBy></source><imagesize><nrows>2910</nrows><ncols>4361</ncols></imagesize><object><name>m4_s02_025_p_ic012</name><deleted>0</deleted><verified>0</verified><occluded>no</occluded><attributes></attributes><parts><hasparts></hasparts><ispartof></ispartof></parts><date>05-11-20 17:09:52:489</date><id>0</id><type>bounding_box</type><polygon><username>anonymous</username><pt><x>763</x><y>711</y><time>05-11-20 17:09:40:730</time></pt><pt><x>3984</x><y>711</y><time>05-11-20 17:09:42:533</time></pt><pt><x>3984</x><y>2321</y><time>undefined</time></pt><pt><x>763</x><y>2321</y><time>undefined</time></pt><closed_date>05-11-20 17:09:42:535</closed_date></polygon></object></annotation>