<annotation><filename>m4_s02_015_p_ic084.jpg</filename><folder>users/joselusava//m4_js/15ic</folder><source><submittedBy>Jose Saca</submittedBy></source><imagesize><nrows>2910</nrows><ncols>4361</ncols></imagesize><object><name>m4_s02_015_p_ic084</name><deleted>0</deleted><verified>0</verified><occluded>no</occluded><attributes></attributes><parts><hasparts></hasparts><ispartof></ispartof></parts><date>03-10-20 19:44:29:100</date><id>0</id><type>bounding_box</type><polygon><username>anonymous</username><pt><x>2864</x><y>444</y><time>03-10-20 19:44:26:661</time></pt><pt><x>1184</x><y>444</y><time>03-10-20 19:44:28:009</time></pt><pt><x>1184</x><y>2637</y><time>undefined</time></pt><pt><x>2864</x><y>2637</y><time>undefined</time></pt><closed_date>03-10-20 19:44:28:009</closed_date></polygon></object></annotation>