<annotation><filename>m2_s02_129_p_nic023.jpg</filename><folder>users/joselusava//m2_jsv/129/nic</folder><source><submittedBy>Jose Saca</submittedBy></source><imagesize><nrows>2910</nrows><ncols>4361</ncols></imagesize><object><name>m2_s02_129_p_nic023</name><deleted>0</deleted><verified>0</verified><occluded>no</occluded><attributes></attributes><parts><hasparts></hasparts><ispartof></ispartof></parts><date>24-09-20 19:52:39:709</date><id>0</id><type>bounding_box</type><polygon><username>anonymous</username><pt><x>1341</x><y>2533</y><time>24-09-20 19:52:34:409</time></pt><pt><x>261</x><y>2533</y><time>24-09-20 19:52:35:178</time></pt><pt><x>261</x><y>1541</y><time>undefined</time></pt><pt><x>1341</x><y>1541</y><time>undefined</time></pt><closed_date>24-09-20 19:52:35:178</closed_date></polygon></object></annotation>