<annotation><filename>m1_s03-04_107_x.jpg</filename><folder>users/joselusava//valeria/sala03y04</folder><source><submittedBy>Jose Saca</submittedBy></source><imagesize><nrows>3200</nrows><ncols>4800</ncols></imagesize><object><name>m1_s03_s04_107_x</name><deleted>0</deleted><verified>0</verified><occluded>no</occluded><attributes></attributes><parts><hasparts></hasparts><ispartof></ispartof></parts><date>28-08-20 21:51:30:753</date><id>0</id><type>bounding_box</type><polygon><username>anonymous</username><pt><x>4505</x><y>2099</y><time>28-08-20 21:51:24:277</time></pt><pt><x>274</x><y>2099</y><time>28-08-20 21:51:27:344</time></pt><pt><x>274</x><y>285</y><time>undefined</time></pt><pt><x>4505</x><y>285</y><time>undefined</time></pt><closed_date>28-08-20 21:51:27:345</closed_date></polygon></object></annotation>