<annotation><filename>m2_s03_252_p_nic067.jpg</filename><folder>users/joselusava//valeria/m2_sala03_252_nic</folder><source><submittedBy>Jose Saca</submittedBy></source><imagesize><nrows>2910</nrows><ncols>4361</ncols></imagesize><object><name>m2_s06_252_p_nic067</name><deleted>0</deleted><verified>0</verified><occluded>no</occluded><attributes></attributes><parts><hasparts></hasparts><ispartof></ispartof></parts><date>26-09-20 22:07:49:863</date><id>0</id><type>bounding_box</type><polygon><username>anonymous</username><pt><x>1306</x><y>138</y><time>26-09-20 22:07:45:458</time></pt><pt><x>2949</x><y>138</y><time>26-09-20 22:07:46:819</time></pt><pt><x>2949</x><y>1179</y><time>undefined</time></pt><pt><x>1306</x><y>1179</y><time>undefined</time></pt><closed_date>26-09-20 22:07:46:820</closed_date></polygon></object></annotation>