<annotation><filename>m4_s07_107_x.jpg</filename><folder>users/joselusava//kath/m4_x</folder><source><submittedBy>Jose Saca</submittedBy></source><imagesize><nrows>2970</nrows><ncols>4451</ncols></imagesize><object><name>m4_s07_107_x</name><deleted>0</deleted><verified>0</verified><occluded>no</occluded><attributes></attributes><parts><hasparts></hasparts><ispartof></ispartof></parts><date>21-10-20 11:15:53:516</date><id>0</id><polygon><username>anonymous</username><pt><x>976</x><y>630</y><time>21-10-20 11:15:44:784</time></pt><pt><x>202</x><y>2336</y><time>21-10-20 11:15:46:197</time></pt><pt><x>4258</x><y>2278</y><time>21-10-20 11:15:47:542</time></pt><pt><x>3335</x><y>577</y><time>21-10-20 11:15:49:239</time></pt><closed_date>21-10-20 11:15:50:784</closed_date></polygon></object></annotation>