<annotation><filename>m2_s01_034_p_nic069.jpg</filename><folder>users/joselusava//kath</folder><source><submittedBy>Jose Saca</submittedBy></source><imagesize><nrows>2850</nrows><ncols>4271</ncols></imagesize><object><name>m2_s01_034_p_nic069</name><deleted>0</deleted><verified>0</verified><occluded>no</occluded><attributes></attributes><parts><hasparts></hasparts><ispartof></ispartof></parts><date>25-09-20 20:38:04:940</date><id>0</id><type>bounding_box</type><polygon><username>anonymous</username><pt><x>272</x><y>695</y><time>25-09-20 20:38:00:544</time></pt><pt><x>1296</x><y>695</y><time>25-09-20 20:38:02:338</time></pt><pt><x>1296</x><y>2127</y><time>undefined</time></pt><pt><x>272</x><y>2127</y><time>undefined</time></pt><closed_date>25-09-20 20:38:02:339</closed_date></polygon></object></annotation>