<annotation><filename>img_m1_s03-04_101_p_ic064.jpg</filename><folder>users/joselusava//valeria/sala3y4_101_ic</folder><source><submittedBy>Jose Saca</submittedBy></source><imagesize><nrows>3200</nrows><ncols>4800</ncols></imagesize><object><name>m1_s03_s04_101_p_ic064</name><deleted>0</deleted><verified>0</verified><occluded>no</occluded><attributes></attributes><parts><hasparts></hasparts><ispartof></ispartof></parts><date>29-08-20 01:09:08:312</date><id>0</id><type>bounding_box</type><polygon><username>anonymous</username><pt><x>127</x><y>2715</y><time>29-08-20 01:09:00:296</time></pt><pt><x>4776</x><y>2715</y><time>29-08-20 01:09:04:367</time></pt><pt><x>4776</x><y>727</y><time>undefined</time></pt><pt><x>127</x><y>727</y><time>undefined</time></pt><closed_date>29-08-20 01:09:04:367</closed_date></polygon></object></annotation>