<annotation><filename>m2_s02_129_p_nic060.jpg</filename><folder>users/joselusava//m2_jsv/129/nic</folder><source><submittedBy>Jose Saca</submittedBy></source><imagesize><nrows>2910</nrows><ncols>4361</ncols></imagesize><object><name>m2_s02_129_p_nic060</name><deleted>0</deleted><verified>0</verified><occluded>no</occluded><attributes></attributes><parts><hasparts></hasparts><ispartof></ispartof></parts><date>25-09-20 08:07:08:920</date><id>0</id><type>bounding_box</type><polygon><username>anonymous</username><pt><x>1436</x><y>2394</y><time>25-09-20 08:07:07:195</time></pt><pt><x>383</x><y>2394</y><time>25-09-20 08:07:08:399</time></pt><pt><x>383</x><y>1384</y><time>undefined</time></pt><pt><x>1436</x><y>1384</y><time>undefined</time></pt><closed_date>25-09-20 08:07:08:400</closed_date></polygon></object></annotation>