<annotation><filename>m4_s10_157_p_ic086.jpg</filename><folder>users/joselusava//valeria/m04_s10_157_nic</folder><source><submittedBy>Jose Saca</submittedBy></source><imagesize><nrows>2970</nrows><ncols>4451</ncols></imagesize><object><name>m4_s10_157_p_nic086</name><deleted>0</deleted><verified>0</verified><occluded>no</occluded><attributes></attributes><parts><hasparts></hasparts><ispartof></ispartof></parts><date>12-10-20 22:02:16:198</date><id>0</id><type>bounding_box</type><polygon><username>anonymous</username><pt><x>186</x><y>2627</y><time>12-10-20 22:02:10:795</time></pt><pt><x>2115</x><y>2627</y><time>12-10-20 22:02:13:127</time></pt><pt><x>2115</x><y>399</y><time>undefined</time></pt><pt><x>186</x><y>399</y><time>undefined</time></pt><closed_date>12-10-20 22:02:13:128</closed_date></polygon></object></annotation>