<annotation><filename>m2_s03_201_p_ic034.jpg</filename><folder>users/joselusava//eg</folder><source><submittedBy>Jose Saca</submittedBy></source><imagesize><nrows>3000</nrows><ncols>4496</ncols></imagesize><object><name>m2_s03_201_p_ic034</name><deleted>0</deleted><verified>0</verified><occluded>no</occluded><attributes></attributes><parts><hasparts></hasparts><ispartof></ispartof></parts><date>17-09-20 06:48:58:008</date><id>0</id><type>bounding_box</type><polygon><username>anonymous</username><pt><x>1234</x><y>281</y><time>17-09-20 06:46:21:271</time></pt><pt><x>3185</x><y>281</y><time>17-09-20 06:46:23:858</time></pt><pt><x>3185</x><y>2860</y><time>undefined</time></pt><pt><x>1234</x><y>2860</y><time>undefined</time></pt><closed_date>17-09-20 06:46:23:859</closed_date></polygon></object></annotation>