<annotation><filename>m2_s01_001_p_nic077.jpg</filename><folder>users/joselusava//santiago</folder><source><submittedBy>Jose Saca</submittedBy></source><imagesize><nrows>2850</nrows><ncols>4271</ncols></imagesize><object><name>m2_s01_001_p_nic077</name><deleted>0</deleted><verified>0</verified><occluded>no</occluded><attributes></attributes><parts><hasparts></hasparts><ispartof></ispartof></parts><date>19-09-20 23:26:01:026</date><id>0</id><type>bounding_box</type><polygon><username>anonymous</username><pt><x>2093</x><y>837</y><time>19-09-20 23:25:50:667</time></pt><pt><x>3837</x><y>837</y><time>19-09-20 23:25:53:173</time></pt><pt><x>3837</x><y>2773</y><time>undefined</time></pt><pt><x>2093</x><y>2773</y><time>undefined</time></pt><closed_date>19-09-20 23:25:53:174</closed_date></polygon></object></annotation>