<annotation><filename>m3_s01_023_p_nic091.jpg</filename><folder>users/joselusava//santiago_3</folder><source><submittedBy>Jose Saca</submittedBy></source><imagesize><nrows>2970</nrows><ncols>4451</ncols></imagesize><object><name>m3_s01_023_p_nic091</name><deleted>0</deleted><verified>0</verified><occluded>no</occluded><attributes></attributes><parts><hasparts></hasparts><ispartof></ispartof></parts><date>06-11-20 11:48:13:349</date><id>0</id><type>bounding_box</type><polygon><username>anonymous</username><pt><x>682</x><y>957</y><time>06-11-20 11:48:09:391</time></pt><pt><x>2360</x><y>957</y><time>06-11-20 11:48:11:353</time></pt><pt><x>2360</x><y>2806</y><time>undefined</time></pt><pt><x>682</x><y>2806</y><time>undefined</time></pt><closed_date>06-11-20 11:48:11:354</closed_date></polygon></object></annotation>