<annotation><filename>m4_s12_185_p_nic006.jpg</filename><folder>users/joselusava//valeria/m04_s12_185_nic</folder><source><submittedBy>Jose Saca</submittedBy></source><imagesize><nrows>2910</nrows><ncols>4361</ncols></imagesize><object><name>m4_s12_185_p_nic006</name><deleted>0</deleted><verified>0</verified><occluded>no</occluded><attributes></attributes><parts><hasparts></hasparts><ispartof></ispartof></parts><date>17-10-20 19:22:56:903</date><id>0</id><type>bounding_box</type><polygon><username>anonymous</username><pt><x>190</x><y>2608</y><time>17-10-20 19:22:50:874</time></pt><pt><x>2160</x><y>2608</y><time>17-10-20 19:22:53:454</time></pt><pt><x>2160</x><y>554</y><time>undefined</time></pt><pt><x>190</x><y>554</y><time>undefined</time></pt><closed_date>17-10-20 19:22:53:455</closed_date></polygon></object></annotation>