<annotation><filename>m1_s02_029_p_ic043.jpg</filename><folder>users/joselusava//valeria/sala2_029_ic</folder><source><submittedBy>Jose Saca</submittedBy></source><imagesize><nrows>3200</nrows><ncols>4800</ncols></imagesize><object><name>m1_s02_029_p_ic043</name><deleted>0</deleted><verified>0</verified><occluded>no</occluded><attributes></attributes><parts><hasparts></hasparts><ispartof></ispartof></parts><date>22-08-20 19:35:34:338</date><id>0</id><type>bounding_box</type><polygon><username>anonymous</username><pt><x>1369</x><y>639</y><time>22-08-20 19:35:07:971</time></pt><pt><x>3340</x><y>639</y><time>22-08-20 19:35:13:814</time></pt><pt><x>3340</x><y>2636</y><time>undefined</time></pt><pt><x>1369</x><y>2636</y><time>undefined</time></pt><closed_date>22-08-20 19:35:13:815</closed_date></polygon></object></annotation>