<annotation><filename>m4_s10_154_p_nic075.jpg</filename><folder>users/joselusava//valeria/m04_s10_154_nic</folder><source><submittedBy>Jose Saca</submittedBy></source><imagesize><nrows>2970</nrows><ncols>4451</ncols></imagesize><object><name>m4_s10_154_p_nic075</name><deleted>0</deleted><verified>0</verified><occluded>no</occluded><attributes></attributes><parts><hasparts></hasparts><ispartof></ispartof></parts><date>14-10-20 15:45:58:930</date><id>0</id><type>bounding_box</type><polygon><username>anonymous</username><pt><x>3775</x><y>2010</y><time>14-10-20 15:45:54:610</time></pt><pt><x>2884</x><y>2010</y><time>14-10-20 15:45:56:187</time></pt><pt><x>2884</x><y>594</y><time>undefined</time></pt><pt><x>3775</x><y>594</y><time>undefined</time></pt><closed_date>14-10-20 15:45:56:188</closed_date></polygon></object></annotation>