<annotation><filename>m4_s04_039_p_ic075.jpg</filename><folder>users/joselusava//santiago_2</folder><source><submittedBy>Jose Saca</submittedBy></source><imagesize><nrows>2970</nrows><ncols>4451</ncols></imagesize><object><name>m4_s04_039_p_ic075</name><deleted>0</deleted><verified>0</verified><occluded>no</occluded><attributes></attributes><parts><hasparts></hasparts><ispartof></ispartof></parts><date>21-10-20 15:55:17:340</date><id>0</id><type>bounding_box</type><polygon><username>anonymous</username><pt><x>1917</x><y>346</y><time>21-10-20 15:55:14:001</time></pt><pt><x>2684</x><y>346</y><time>21-10-20 15:55:15:354</time></pt><pt><x>2684</x><y>2820</y><time>undefined</time></pt><pt><x>1917</x><y>2820</y><time>undefined</time></pt><closed_date>21-10-20 15:55:15:355</closed_date></polygon></object></annotation>