<annotation><filename>m2_s03_219_p_nic048.jpg</filename><folder>users/joselusava//valeria/m2_sala03_219_nic</folder><source><submittedBy>Jose Saca</submittedBy></source><imagesize><nrows>2910</nrows><ncols>4361</ncols></imagesize><object><name>m2_s03_219_p_nic048</name><deleted>0</deleted><verified>0</verified><occluded>no</occluded><attributes></attributes><parts><hasparts></hasparts><ispartof></ispartof></parts><date>29-09-20 18:05:27:394</date><id>0</id><type>bounding_box</type><polygon><username>anonymous</username><pt><x>2882</x><y>2067</y><time>29-09-20 18:05:20:764</time></pt><pt><x>3952</x><y>2067</y><time>29-09-20 18:05:23:398</time></pt><pt><x>3952</x><y>231</y><time>undefined</time></pt><pt><x>2882</x><y>231</y><time>undefined</time></pt><closed_date>29-09-20 18:05:23:399</closed_date></polygon></object></annotation>