<annotation><filename>m4_s05_052_p_ic014.jpg</filename><folder>users/joselusava//santiago_2</folder><source><submittedBy>Jose Saca</submittedBy></source><imagesize><nrows>2910</nrows><ncols>4361</ncols></imagesize><object><name>m4_s05_052_p_ic014</name><deleted>0</deleted><verified>0</verified><occluded>no</occluded><attributes></attributes><parts><hasparts></hasparts><ispartof></ispartof></parts><date>07-10-20 16:24:46:072</date><id>0</id><type>bounding_box</type><polygon><username>anonymous</username><pt><x>1282</x><y>534</y><time>07-10-20 16:24:41:392</time></pt><pt><x>3045</x><y>534</y><time>07-10-20 16:24:43:442</time></pt><pt><x>3045</x><y>2463</y><time>undefined</time></pt><pt><x>1282</x><y>2463</y><time>undefined</time></pt><closed_date>07-10-20 16:24:43:443</closed_date></polygon></object></annotation>