<annotation><filename>m2_s01_032_p_ic060.jpg</filename><folder>users/joselusava//santiago_2</folder><source><submittedBy>Jose Saca</submittedBy></source><imagesize><nrows>2850</nrows><ncols>4271</ncols></imagesize><object><name>m2_s01_032_p_ic060</name><deleted>0</deleted><verified>0</verified><occluded>no</occluded><attributes></attributes><parts><hasparts></hasparts><ispartof></ispartof></parts><date>30-09-20 16:41:29:591</date><id>0</id><type>bounding_box</type><polygon><username>anonymous</username><pt><x>1286</x><y>173</y><time>30-09-20 16:41:19:176</time></pt><pt><x>2937</x><y>173</y><time>30-09-20 16:41:20:916</time></pt><pt><x>2937</x><y>2501</y><time>undefined</time></pt><pt><x>1286</x><y>2501</y><time>undefined</time></pt><closed_date>30-09-20 16:41:20:918</closed_date></polygon></object></annotation>