<annotation><filename>m2_s01_010_p_ic100.jpg</filename><folder>users/joselusava//santiago</folder><source><submittedBy>Jose Saca</submittedBy></source><imagesize><nrows>2850</nrows><ncols>4271</ncols></imagesize><object><name>m2_s01_010_p_ic100</name><deleted>0</deleted><verified>0</verified><occluded>no</occluded><attributes></attributes><parts><hasparts></hasparts><ispartof></ispartof></parts><date>22-09-20 00:13:20:591</date><id>0</id><type>bounding_box</type><polygon><username>anonymous</username><pt><x>1292</x><y>401</y><time>22-09-20 00:13:10:069</time></pt><pt><x>3164</x><y>401</y><time>22-09-20 00:13:11:589</time></pt><pt><x>3164</x><y>2555</y><time>undefined</time></pt><pt><x>1292</x><y>2555</y><time>undefined</time></pt><closed_date>22-09-20 00:13:11:589</closed_date></polygon></object></annotation>