<annotation><filename>m2_s06_244_p_ic072.jpg</filename><folder>users/joselusava//museos2020</folder><source><submittedBy>Jose Saca</submittedBy></source><imagesize><nrows>2910</nrows><ncols>4361</ncols></imagesize><object><name>m2_s06_244_p_ic072</name><deleted>0</deleted><verified>0</verified><occluded>no</occluded><attributes></attributes><parts><hasparts></hasparts><ispartof></ispartof></parts><date>22-09-20 15:00:45:748</date><id>0</id><type>bounding_box</type><polygon><username>anonymous</username><pt><x>602</x><y>1190</y><time>22-09-20 15:00:36:211</time></pt><pt><x>3892</x><y>1190</y><time>22-09-20 15:00:38:880</time></pt><pt><x>3892</x><y>2401</y><time>undefined</time></pt><pt><x>602</x><y>2401</y><time>undefined</time></pt><closed_date>22-09-20 15:00:38:882</closed_date></polygon></object></annotation>