<annotation><filename>m2_s07_264_p_ic015.jpg</filename><folder>users/joselusava//valeria/sala7_264_ic</folder><source><submittedBy>Jose Saca</submittedBy></source><imagesize><nrows>2910</nrows><ncols>4361</ncols></imagesize><object><name>m2_s07_264_p_ic015</name><deleted>0</deleted><verified>0</verified><occluded>no</occluded><attributes></attributes><parts><hasparts></hasparts><ispartof></ispartof></parts><date>22-09-20 18:21:02:601</date><id>0</id><type>bounding_box</type><polygon><username>anonymous</username><pt><x>2965</x><y>2320</y><time>22-09-20 18:20:57:392</time></pt><pt><x>1505</x><y>2320</y><time>22-09-20 18:20:59:432</time></pt><pt><x>1505</x><y>513</y><time>undefined</time></pt><pt><x>2965</x><y>513</y><time>undefined</time></pt><closed_date>22-09-20 18:20:59:433</closed_date></polygon></object></annotation>