<annotation><filename>m4_s05_055_p_nic022.jpg</filename><folder>users/joselusava//valeria/m4_s05_055_nic</folder><source><submittedBy>Jose Saca</submittedBy></source><imagesize><nrows>2910</nrows><ncols>4361</ncols></imagesize><object><name>m4_s05_055_p_nic022</name><deleted>0</deleted><verified>0</verified><occluded>no</occluded><attributes></attributes><parts><hasparts></hasparts><ispartof></ispartof></parts><date>09-10-20 16:37:30:150</date><id>0</id><type>bounding_box</type><polygon><username>anonymous</username><pt><x>976</x><y>2816</y><time>09-10-20 16:37:23:983</time></pt><pt><x>2486</x><y>2816</y><time>09-10-20 16:37:26:810</time></pt><pt><x>2486</x><y>1251</y><time>undefined</time></pt><pt><x>976</x><y>1251</y><time>undefined</time></pt><closed_date>09-10-20 16:37:26:810</closed_date></polygon></object></annotation>