<annotation><filename>img_m1_s10_303_p_nic093.jpg</filename><folder>users/joselusava//santiago</folder><source><submittedBy>Jose Saca</submittedBy></source><imagesize><nrows>3200</nrows><ncols>4800</ncols></imagesize><object><name>m1_s10_303_p_nic093</name><deleted>0</deleted><verified>0</verified><occluded>no</occluded><attributes></attributes><parts><hasparts></hasparts><ispartof></ispartof></parts><date>01-09-20 23:15:18:284</date><id>0</id><type>bounding_box</type><polygon><username>anonymous</username><pt><x>2689</x><y>572</y><time>01-09-20 23:15:11:006</time></pt><pt><x>4233</x><y>572</y><time>01-09-20 23:15:12:226</time></pt><pt><x>4233</x><y>1278</y><time>undefined</time></pt><pt><x>2689</x><y>1278</y><time>undefined</time></pt><closed_date>01-09-20 23:15:12:227</closed_date></polygon></object></annotation>