<annotation><filename>m2_s07_264_p_ic094.jpg</filename><folder>users/joselusava//valeria/sala7_264_ic</folder><source><submittedBy>Jose Saca</submittedBy></source><imagesize><nrows>2910</nrows><ncols>4361</ncols></imagesize><object><name>m2_s07_264_p_ic094</name><deleted>0</deleted><verified>0</verified><occluded>no</occluded><attributes></attributes><parts><hasparts></hasparts><ispartof></ispartof></parts><date>23-09-20 19:00:53:611</date><id>0</id><type>bounding_box</type><polygon><username>anonymous</username><pt><x>1458</x><y>484</y><time>23-09-20 19:00:49:171</time></pt><pt><x>2920</x><y>484</y><time>23-09-20 19:00:50:733</time></pt><pt><x>2920</x><y>2431</y><time>undefined</time></pt><pt><x>1458</x><y>2431</y><time>undefined</time></pt><closed_date>23-09-20 19:00:50:734</closed_date></polygon></object></annotation>