<annotation><filename>m4_s04_039_p_ic094.jpg</filename><folder>users/joselusava//santiago_2</folder><source><submittedBy>Jose Saca</submittedBy></source><imagesize><nrows>2970</nrows><ncols>4451</ncols></imagesize><object><name>m4_s04_039_p_ic094</name><deleted>0</deleted><verified>0</verified><occluded>no</occluded><attributes></attributes><parts><hasparts></hasparts><ispartof></ispartof></parts><date>21-10-20 16:09:04:482</date><id>0</id><type>bounding_box</type><polygon><username>anonymous</username><pt><x>1767</x><y>485</y><time>21-10-20 16:09:00:045</time></pt><pt><x>2456</x><y>485</y><time>21-10-20 16:09:02:221</time></pt><pt><x>2456</x><y>2924</y><time>undefined</time></pt><pt><x>1767</x><y>2924</y><time>undefined</time></pt><closed_date>21-10-20 16:09:02:222</closed_date></polygon></object></annotation>