<annotation><filename>m2_s01_001_p_nic053.jpg</filename><folder>users/joselusava//santiago</folder><source><submittedBy>Jose Saca</submittedBy></source><imagesize><nrows>2850</nrows><ncols>4271</ncols></imagesize><object><name>m2_s01_001_p_nic053</name><deleted>0</deleted><verified>0</verified><occluded>no</occluded><attributes></attributes><parts><hasparts></hasparts><ispartof></ispartof></parts><date>19-09-20 22:51:53:751</date><id>0</id><type>bounding_box</type><polygon><username>anonymous</username><pt><x>2225</x><y>1161</y><time>19-09-20 22:51:46:134</time></pt><pt><x>3908</x><y>1161</y><time>19-09-20 22:51:47:537</time></pt><pt><x>3908</x><y>2501</y><time>undefined</time></pt><pt><x>2225</x><y>2501</y><time>undefined</time></pt><closed_date>19-09-20 22:51:47:537</closed_date></polygon></object></annotation>