<annotation><filename>m4_s10_164_p_nic098.jpg</filename><folder>users/joselusava//santiago_2</folder><source><submittedBy>Jose Saca</submittedBy></source><imagesize><nrows>2970</nrows><ncols>4451</ncols></imagesize><object><name>m4_s10_164_p_nic098</name><deleted>0</deleted><verified>0</verified><occluded>no</occluded><attributes></attributes><parts><hasparts></hasparts><ispartof></ispartof></parts><date>14-10-20 16:27:12:650</date><id>0</id><type>bounding_box</type><polygon><username>anonymous</username><pt><x>3120</x><y>2028</y><time>14-10-20 16:27:10:161</time></pt><pt><x>3534</x><y>2028</y><time>14-10-20 16:27:10:850</time></pt><pt><x>3534</x><y>2577</y><time>undefined</time></pt><pt><x>3120</x><y>2577</y><time>undefined</time></pt><closed_date>14-10-20 16:27:10:852</closed_date></polygon></object></annotation>