<annotation><filename>m2_s03_201_p_nic038.jpg</filename><folder>users/joselusava//valeria/m2_sala03_201_nic</folder><source><submittedBy>Jose Saca</submittedBy></source><imagesize><nrows>2910</nrows><ncols>4361</ncols></imagesize><object><name>m2_s03_201_p_nic038</name><deleted>0</deleted><verified>0</verified><occluded>no</occluded><attributes></attributes><parts><hasparts></hasparts><ispartof></ispartof></parts><date>29-09-20 23:14:13:571</date><id>0</id><type>bounding_box</type><polygon><username>anonymous</username><pt><x>1372</x><y>1907</y><time>29-09-20 23:14:07:397</time></pt><pt><x>3092</x><y>1907</y><time>29-09-20 23:14:09:793</time></pt><pt><x>3092</x><y>132</y><time>undefined</time></pt><pt><x>1372</x><y>132</y><time>undefined</time></pt><closed_date>29-09-20 23:14:09:795</closed_date></polygon></object></annotation>