<annotation><filename>m4_s04_037_p_ic053.jpg</filename><folder>users/joselusava//santiago_2</folder><source><submittedBy>Jose Saca</submittedBy></source><imagesize><nrows>2970</nrows><ncols>4451</ncols></imagesize><object><name>m4_s04_037_p_ic053</name><deleted>0</deleted><verified>0</verified><occluded>no</occluded><attributes></attributes><parts><hasparts></hasparts><ispartof></ispartof></parts><date>18-10-20 17:37:42:824</date><id>0</id><type>bounding_box</type><polygon><username>anonymous</username><pt><x>1481</x><y>250</y><time>18-10-20 17:37:38:908</time></pt><pt><x>2991</x><y>250</y><time>18-10-20 17:37:40:291</time></pt><pt><x>2991</x><y>2620</y><time>undefined</time></pt><pt><x>1481</x><y>2620</y><time>undefined</time></pt><closed_date>18-10-20 17:37:40:291</closed_date></polygon></object></annotation>