<annotation><filename>m2_s02_190_p_nic017.jpg</filename><folder>users/joselusava//m2_jsv/190/nic</folder><source><submittedBy>Jose Saca</submittedBy></source><imagesize><nrows>2910</nrows><ncols>4361</ncols></imagesize><object><name>m2_s02_190_p_nic017</name><deleted>0</deleted><verified>0</verified><occluded>no</occluded><attributes></attributes><parts><hasparts></hasparts><ispartof></ispartof></parts><date>21-09-20 14:56:21:404</date><id>0</id><type>bounding_box</type><polygon><username>anonymous</username><pt><x>1288</x><y>2272</y><time>21-09-20 14:56:18:418</time></pt><pt><x>17</x><y>2272</y><time>21-09-20 14:56:20:589</time></pt><pt><x>17</x><y>879</y><time>undefined</time></pt><pt><x>1288</x><y>879</y><time>undefined</time></pt><closed_date>21-09-20 14:56:20:589</closed_date></polygon></object></annotation>