<annotation><filename>m4_s11_176_p_ic071.jpg</filename><folder>users/joselusava//m4_js/176/ic</folder><source><submittedBy>Jose Saca</submittedBy></source><imagesize><nrows>2970</nrows><ncols>4451</ncols></imagesize><object><name>m4_s11_176_p_ic071</name><deleted>0</deleted><verified>0</verified><occluded>no</occluded><attributes></attributes><parts><hasparts></hasparts><ispartof></ispartof></parts><date>15-10-20 09:57:28:372</date><id>0</id><type>bounding_box</type><polygon><username>anonymous</username><pt><x>2896</x><y>2310</y><time>15-10-20 09:57:25:973</time></pt><pt><x>1386</x><y>2310</y><time>15-10-20 09:57:27:680</time></pt><pt><x>1386</x><y>595</y><time>undefined</time></pt><pt><x>2896</x><y>595</y><time>undefined</time></pt><closed_date>15-10-20 09:57:27:680</closed_date></polygon></object></annotation>