<annotation><filename>m3_s01_002_p_nic082.jpg</filename><folder>users/joselusava//santiago_3</folder><source><submittedBy>Jose Saca</submittedBy></source><imagesize><nrows>2970</nrows><ncols>4451</ncols></imagesize><object><name>m3_s01_002_p_nic082</name><deleted>0</deleted><verified>0</verified><occluded>no</occluded><attributes></attributes><parts><hasparts></hasparts><ispartof></ispartof></parts><date>29-10-20 21:08:41:893</date><id>0</id><type>bounding_box</type><polygon><username>anonymous</username><pt><x>1485</x><y>1021</y><time>29-10-20 21:08:34:279</time></pt><pt><x>3331</x><y>1021</y><time>29-10-20 21:08:35:397</time></pt><pt><x>3331</x><y>2634</y><time>undefined</time></pt><pt><x>1485</x><y>2634</y><time>undefined</time></pt><closed_date>29-10-20 21:08:35:397</closed_date></polygon></object></annotation>