<annotation><filename>m4_s09_138_p_ic032.jpg</filename><folder>users/joselusava//santiago_2</folder><source><submittedBy>Jose Saca</submittedBy></source><imagesize><nrows>2970</nrows><ncols>4451</ncols></imagesize><object><name>m4_s09_138_p_ic032</name><deleted>0</deleted><verified>0</verified><occluded>no</occluded><attributes></attributes><parts><hasparts></hasparts><ispartof></ispartof></parts><date>22-10-20 14:05:34:583</date><id>0</id><type>bounding_box</type><polygon><username>anonymous</username><pt><x>100</x><y>618</y><time>22-10-20 14:05:29:259</time></pt><pt><x>4373</x><y>618</y><time>22-10-20 14:05:31:499</time></pt><pt><x>4373</x><y>2513</y><time>undefined</time></pt><pt><x>100</x><y>2513</y><time>undefined</time></pt><closed_date>22-10-20 14:05:31:499</closed_date></polygon></object></annotation>