<annotation><filename>m1_s02_052_p_nic085.jpg</filename><folder>users/joselusava//valeria/sala2_052_nic</folder><source><submittedBy>Jose Saca</submittedBy></source><imagesize><nrows>3200</nrows><ncols>4800</ncols></imagesize><object><name>m1_s02_052_p_nic085</name><deleted>0</deleted><verified>0</verified><occluded>no</occluded><attributes></attributes><parts><hasparts></hasparts><ispartof></ispartof></parts><date>27-08-20 17:45:24:402</date><id>0</id><type>bounding_box</type><polygon><username>anonymous</username><pt><x>1514</x><y>881</y><time>27-08-20 17:45:18:145</time></pt><pt><x>86</x><y>881</y><time>27-08-20 17:45:21:269</time></pt><pt><x>86</x><y>2212</y><time>undefined</time></pt><pt><x>1514</x><y>2212</y><time>undefined</time></pt><closed_date>27-08-20 17:45:21:270</closed_date></polygon></object></annotation>