<annotation><filename>m2_s01_054_p_nic076.jpg</filename><folder>users/joselusava//kath</folder><source><submittedBy>Jose Saca</submittedBy></source><imagesize><nrows>2850</nrows><ncols>4271</ncols></imagesize><object><name>m2_s01_054_p_nic076</name><deleted>0</deleted><verified>0</verified><occluded>no</occluded><attributes></attributes><parts><hasparts></hasparts><ispartof></ispartof></parts><date>30-09-20 22:35:53:536</date><id>0</id><polygon><username>kath</username><pt><x>463</x><y>772</y><time>30-09-20 22:35:44:896</time></pt><pt><x>779</x><y>2239</y><time>30-09-20 22:35:46:016</time></pt><pt><x>1565</x><y>1930</y><time>30-09-20 22:35:47:211</time></pt><pt><x>1376</x><y>555</y><time>30-09-20 22:35:48:506</time></pt><closed_date>30-09-20 22:35:49:971</closed_date></polygon></object></annotation>