<annotation><filename>m4_s11_178_p.jpg</filename><folder>users/joselusava//santiago_2</folder><source><submittedBy>Jose Saca</submittedBy></source><imagesize><nrows>2970</nrows><ncols>4451</ncols></imagesize><object><name>m4_s11_178_p</name><deleted>0</deleted><verified>0</verified><occluded>no</occluded><attributes></attributes><parts><hasparts></hasparts><ispartof></ispartof></parts><date>15-10-20 20:34:15:034</date><id>0</id><type>bounding_box</type><polygon><username>anonymous</username><pt><x>1223</x><y>104</y><time>15-10-20 20:34:10:148</time></pt><pt><x>3398</x><y>104</y><time>15-10-20 20:34:12:673</time></pt><pt><x>3398</x><y>2559</y><time>undefined</time></pt><pt><x>1223</x><y>2559</y><time>undefined</time></pt><closed_date>15-10-20 20:34:12:673</closed_date></polygon></object></annotation>