<annotation><filename>m4_s03_025_p_nic074.jpg</filename><folder>users/joselusava//santiago_3</folder><source><submittedBy>Jose Saca</submittedBy></source><imagesize><nrows>2910</nrows><ncols>4361</ncols></imagesize><object><name>m4_s03_025_p_nic074</name><deleted>0</deleted><verified>0</verified><occluded>no</occluded><attributes></attributes><parts><hasparts></hasparts><ispartof></ispartof></parts><date>08-11-20 14:04:21:680</date><id>0</id><type>bounding_box</type><polygon><username>anonymous</username><pt><x>196</x><y>892</y><time>08-11-20 14:04:17:722</time></pt><pt><x>3064</x><y>892</y><time>08-11-20 14:04:19:369</time></pt><pt><x>3064</x><y>2392</y><time>undefined</time></pt><pt><x>196</x><y>2392</y><time>undefined</time></pt><closed_date>08-11-20 14:04:19:370</closed_date></polygon></object></annotation>