<annotation><filename>m4_s06_089_p_nic027.jpg</filename><folder>users/joselusava//santiago_2</folder><source><submittedBy>Jose Saca</submittedBy></source><imagesize><nrows>2970</nrows><ncols>4451</ncols></imagesize><object><name>m4_s06_089_p_nic027</name><deleted>0</deleted><verified>0</verified><occluded>no</occluded><attributes></attributes><parts><hasparts></hasparts><ispartof></ispartof></parts><date>12-10-20 20:54:15:733</date><id>0</id><type>bounding_box</type><polygon><username>anonymous</username><pt><x>2385</x><y>678</y><time>12-10-20 20:54:12:179</time></pt><pt><x>3845</x><y>678</y><time>12-10-20 20:54:13:282</time></pt><pt><x>3845</x><y>2374</y><time>undefined</time></pt><pt><x>2385</x><y>2374</y><time>undefined</time></pt><closed_date>12-10-20 20:54:13:283</closed_date></polygon></object></annotation>