<annotation><filename>m1_s01_005_p_nic030.jpg</filename><folder>users/joselusava//museos2020</folder><source><submittedBy>Jose Saca</submittedBy></source><imagesize><nrows>2000</nrows><ncols>2992</ncols></imagesize><object><name>m1_s01_005_p_nic030</name><deleted>0</deleted><verified>0</verified><occluded>no</occluded><attributes></attributes><parts><hasparts></hasparts><ispartof></ispartof></parts><date>14-09-20 10:43:52:968</date><id>0</id><type>bounding_box</type><polygon><username>anonymous</username><pt><x>240</x><y>863</y><time>14-09-20 10:43:42:077</time></pt><pt><x>636</x><y>863</y><time>14-09-20 10:43:44:996</time></pt><pt><x>636</x><y>1281</y><time>undefined</time></pt><pt><x>240</x><y>1281</y><time>undefined</time></pt><closed_date>14-09-20 10:43:44:997</closed_date></polygon></object></annotation>