<annotation><filename>m4_s11_178_p_ic087.jpg</filename><folder>users/joselusava//santiago_2</folder><source><submittedBy>Jose Saca</submittedBy></source><imagesize><nrows>2970</nrows><ncols>4451</ncols></imagesize><object><name>m4_s11_178_p_ic087</name><deleted>0</deleted><verified>0</verified><occluded>no</occluded><attributes></attributes><parts><hasparts></hasparts><ispartof></ispartof></parts><date>15-10-20 22:25:09:355</date><id>0</id><type>bounding_box</type><polygon><username>anonymous</username><pt><x>1360</x><y>678</y><time>15-10-20 22:25:04:886</time></pt><pt><x>3027</x><y>678</y><time>15-10-20 22:25:06:614</time></pt><pt><x>3027</x><y>2420</y><time>undefined</time></pt><pt><x>1360</x><y>2420</y><time>undefined</time></pt><closed_date>15-10-20 22:25:06:615</closed_date></polygon></object></annotation>