<annotation><filename>m2_s03_219_p_nic029.jpg</filename><folder>users/joselusava//valeria/m2_sala03_219_nic</folder><source><submittedBy>Jose Saca</submittedBy></source><imagesize><nrows>2910</nrows><ncols>4361</ncols></imagesize><object><name>m2_s03_219_p_nic029</name><deleted>0</deleted><verified>0</verified><occluded>no</occluded><attributes></attributes><parts><hasparts></hasparts><ispartof></ispartof></parts><date>29-09-20 17:34:37:766</date><id>0</id><type>bounding_box</type><polygon><username>anonymous</username><pt><x>2282</x><y>1879</y><time>29-09-20 17:34:32:907</time></pt><pt><x>1213</x><y>1879</y><time>29-09-20 17:34:35:157</time></pt><pt><x>1213</x><y>176</y><time>undefined</time></pt><pt><x>2282</x><y>176</y><time>undefined</time></pt><closed_date>29-09-20 17:34:35:158</closed_date></polygon></object></annotation>