<annotation><filename>m4_s06_089_p_ic039.jpg</filename><folder>users/joselusava//santiago_2</folder><source><submittedBy>Jose Saca</submittedBy></source><imagesize><nrows>2970</nrows><ncols>4451</ncols></imagesize><object><name>m4_s06_089_p_ic039</name><deleted>0</deleted><verified>0</verified><occluded>no</occluded><attributes></attributes><parts><hasparts></hasparts><ispartof></ispartof></parts><date>11-10-20 18:05:29:977</date><id>0</id><type>bounding_box</type><polygon><username>anonymous</username><pt><x>1379</x><y>449</y><time>11-10-20 18:05:26:309</time></pt><pt><x>2776</x><y>449</y><time>11-10-20 18:05:27:879</time></pt><pt><x>2776</x><y>2542</y><time>undefined</time></pt><pt><x>1379</x><y>2542</y><time>undefined</time></pt><closed_date>11-10-20 18:05:27:880</closed_date></polygon></object></annotation>