<annotation><filename>m1_s01_017_p_nic068.jpg</filename><folder>users/joselusava//santiago</folder><source><submittedBy>Jose Saca</submittedBy></source><imagesize><nrows>3200</nrows><ncols>4800</ncols></imagesize><object><name>m1_s01_017_p_nic068</name><deleted>0</deleted><verified>0</verified><occluded>no</occluded><attributes></attributes><parts><hasparts></hasparts><ispartof></ispartof></parts><date>11-09-20 19:37:04:894</date><id>0</id><type>bounding_box</type><polygon><username>anonymous</username><pt><x>3032</x><y>1410</y><time>11-09-20 19:36:57:855</time></pt><pt><x>3570</x><y>1410</y><time>11-09-20 19:36:58:737</time></pt><pt><x>3570</x><y>1817</y><time>undefined</time></pt><pt><x>3032</x><y>1817</y><time>undefined</time></pt><closed_date>11-09-20 19:36:58:739</closed_date></polygon></object></annotation>