<annotation><filename>m1_s03-04_087_x.jpg</filename><folder>users/joselusava//valeria/sala03y04</folder><source><submittedBy>Jose Saca</submittedBy></source><imagesize><nrows>3200</nrows><ncols>4800</ncols></imagesize><object><name>m1_s03_s04_087_x</name><deleted>0</deleted><verified>0</verified><occluded>no</occluded><attributes></attributes><parts><hasparts></hasparts><ispartof></ispartof></parts><date>28-08-20 21:08:54:199</date><id>0</id><type>bounding_box</type><polygon><username>anonymous</username><pt><x>4333</x><y>2991</y><time>28-08-20 21:08:40:548</time></pt><pt><x>784</x><y>2991</y><time>28-08-20 21:08:43:499</time></pt><pt><x>784</x><y>580</y><time>undefined</time></pt><pt><x>4333</x><y>580</y><time>undefined</time></pt><closed_date>28-08-20 21:08:43:501</closed_date></polygon></object></annotation>