<annotation><filename>m4_s04_039_p_nic066.jpg</filename><folder>users/joselusava//santiago_2</folder><source><submittedBy>Jose Saca</submittedBy></source><imagesize><nrows>2970</nrows><ncols>4451</ncols></imagesize><object><name>m4_s04_039_p_nic066</name><deleted>0</deleted><verified>0</verified><occluded>no</occluded><attributes></attributes><parts><hasparts></hasparts><ispartof></ispartof></parts><date>21-10-20 21:52:54:758</date><id>0</id><type>bounding_box</type><polygon><username>anonymous</username><pt><x>485</x><y>164</y><time>21-10-20 21:52:51:149</time></pt><pt><x>1196</x><y>164</y><time>21-10-20 21:52:52:829</time></pt><pt><x>1196</x><y>2417</y><time>undefined</time></pt><pt><x>485</x><y>2417</y><time>undefined</time></pt><closed_date>21-10-20 21:52:52:831</closed_date></polygon></object></annotation>