<annotation><filename>m3_s01_002_p_nic087.jpg</filename><folder>users/joselusava//santiago_3</folder><source><submittedBy>Jose Saca</submittedBy></source><imagesize><nrows>2970</nrows><ncols>4451</ncols></imagesize><object><name>m3_s01_002_p_nic087</name><deleted>0</deleted><verified>0</verified><occluded>no</occluded><attributes></attributes><parts><hasparts></hasparts><ispartof></ispartof></parts><date>29-10-20 21:12:48:261</date><id>0</id><type>bounding_box</type><polygon><username>anonymous</username><pt><x>2110</x><y>978</y><time>29-10-20 21:12:45:127</time></pt><pt><x>4069</x><y>978</y><time>29-10-20 21:12:46:260</time></pt><pt><x>4069</x><y>2699</y><time>undefined</time></pt><pt><x>2110</x><y>2699</y><time>undefined</time></pt><closed_date>29-10-20 21:12:46:260</closed_date></polygon></object></annotation>