<annotation><filename>m2_s01_054_p_ic097.jpg</filename><folder>users/joselusava//kath</folder><source><submittedBy>Jose Saca</submittedBy></source><imagesize><nrows>2850</nrows><ncols>4271</ncols></imagesize><object><name>m2_s01_054_p_ic097</name><deleted>1</deleted><verified>0</verified><occluded>no</occluded><attributes></attributes><parts><hasparts></hasparts><ispartof></ispartof></parts><date>30-09-20 10:52:50:375</date><id>0</id><type>bounding_box</type><polygon><username>anonymous</username><pt><x>2717</x><y>428</y><time>30-09-20 10:52:45:302</time></pt><pt><x>1411</x><y>428</y><time>30-09-20 10:52:47:633</time></pt><pt><x>1411</x><y>2660</y><time>undefined</time></pt><pt><x>2717</x><y>2660</y><time>undefined</time></pt><closed_date>30-09-20 10:52:47:633</closed_date></polygon></object><object><name>m2_s01_054_p_ic097</name><deleted>0</deleted><verified>0</verified><occluded>no</occluded><attributes></attributes><parts><hasparts></hasparts><ispartof></ispartof></parts><date>30-09-20 10:53:02:517</date><id>1</id><type>bounding_box</type><polygon><username>anonymous</username><pt><x>2689</x><y>379</y><time>30-09-20 10:52:56:236</time></pt><pt><x>1376</x><y>379</y><time>30-09-20 10:52:59:687</time></pt><pt><x>1376</x><y>2752</y><time>undefined</time></pt><pt><x>2689</x><y>2752</y><time>undefined</time></pt><closed_date>30-09-20 10:52:59:687</closed_date></polygon></object></annotation>