<annotation><filename>m1_s01_021_p_ic018.jpg</filename><folder>users/joselusava//santiago</folder><source><submittedBy>Jose Saca</submittedBy></source><imagesize><nrows>3200</nrows><ncols>4800</ncols></imagesize><object><name>m1_s01_021_p_ic018</name><deleted>0</deleted><verified>0</verified><occluded>no</occluded><attributes></attributes><parts><hasparts></hasparts><ispartof></ispartof></parts><date>14-09-20 22:09:11:760</date><id>0</id><type>bounding_box</type><polygon><username>anonymous</username><pt><x>1757</x><y>918</y><time>14-09-20 22:09:01:454</time></pt><pt><x>3063</x><y>918</y><time>14-09-20 22:09:04:806</time></pt><pt><x>3063</x><y>2696</y><time>undefined</time></pt><pt><x>1757</x><y>2696</y><time>undefined</time></pt><closed_date>14-09-20 22:09:04:806</closed_date></polygon></object></annotation>