<annotation><filename>m1_s01_004_p_ic047.jpg</filename><folder>users/joselusava//valeria_apoyo/sala001_004ic_ok</folder><source><submittedBy>Jose Saca</submittedBy></source><imagesize><nrows>2000</nrows><ncols>2992</ncols></imagesize><object><name>m1_s01_004_p_ic047</name><deleted>0</deleted><verified>0</verified><occluded>no</occluded><attributes></attributes><parts><hasparts></hasparts><ispartof></ispartof></parts><date>15-09-20 23:47:23:014</date><id>0</id><type>bounding_box</type><polygon><username>anonymous</username><pt><x>0</x><y>1633</y><time>15-09-20 23:47:12:807</time></pt><pt><x>2973</x><y>1633</y><time>15-09-20 23:47:17:075</time></pt><pt><x>2973</x><y>663</y><time>undefined</time></pt><pt><x>0</x><y>663</y><time>undefined</time></pt><closed_date>15-09-20 23:47:17:076</closed_date></polygon></object></annotation>