<annotation><filename>m1_s06_144_p_ic020.jpg</filename><folder>users/joselusava//jacob_2/144ic</folder><source><submittedBy>Jose Saca</submittedBy></source><imagesize><nrows>2736</nrows><ncols>4100</ncols></imagesize><object><name>m1_s06_144_p_ic020</name><deleted>0</deleted><verified>0</verified><occluded>no</occluded><attributes></attributes><parts><hasparts></hasparts><ispartof></ispartof></parts><date>07-09-20 02:28:52:726</date><id>0</id><type>bounding_box</type><polygon><username>anonymous</username><pt><x>3625</x><y>57</y><time>07-09-20 02:28:48:807</time></pt><pt><x>728</x><y>57</y><time>07-09-20 02:28:51:166</time></pt><pt><x>728</x><y>2561</y><time>undefined</time></pt><pt><x>3625</x><y>2561</y><time>undefined</time></pt><closed_date>07-09-20 02:28:51:166</closed_date></polygon></object></annotation>