<annotation><filename>m2_s01_010_p_ic077.jpg</filename><folder>users/joselusava//santiago</folder><source><submittedBy>Jose Saca</submittedBy></source><imagesize><nrows>2850</nrows><ncols>4271</ncols></imagesize><object><name>m2_s01_010_p_ic077</name><deleted>0</deleted><verified>0</verified><occluded>no</occluded><attributes></attributes><parts><hasparts></hasparts><ispartof></ispartof></parts><date>21-09-20 23:25:29:689</date><id>0</id><type>bounding_box</type><polygon><username>anonymous</username><pt><x>984</x><y>349</y><time>21-09-20 23:25:21:617</time></pt><pt><x>3046</x><y>349</y><time>21-09-20 23:25:23:351</time></pt><pt><x>3046</x><y>2369</y><time>undefined</time></pt><pt><x>984</x><y>2369</y><time>undefined</time></pt><closed_date>21-09-20 23:25:23:352</closed_date></polygon></object></annotation>