<annotation><filename>m4_s07_105_p_nic006.jpg</filename><folder>users/joselusava//kath/m4_105/nic</folder><source><submittedBy>Jose Saca</submittedBy></source><imagesize><nrows>2970</nrows><ncols>4451</ncols></imagesize><object><name>m4_s07_105_p_nic006</name><deleted>0</deleted><verified>0</verified><occluded>no</occluded><attributes></attributes><parts><hasparts></hasparts><ispartof></ispartof></parts><date>29-10-20 09:24:18:381</date><id>0</id><type>bounding_box</type><polygon><username>anonymous</username><pt><x>3047</x><y>2148</y><time>29-10-20 09:24:13:133</time></pt><pt><x>3898</x><y>2148</y><time>29-10-20 09:24:14:799</time></pt><pt><x>3898</x><y>476</y><time>undefined</time></pt><pt><x>3047</x><y>476</y><time>undefined</time></pt><closed_date>29-10-20 09:24:14:799</closed_date></polygon></object></annotation>