<annotation><filename>m1_s06_141_p_nic075.jpg</filename><folder>users/joselusava//jacob_2/141nic</folder><source><submittedBy>Jose Saca</submittedBy></source><imagesize><nrows>2736</nrows><ncols>4100</ncols></imagesize><object><name>m1_s06_141_p_nic075</name><deleted>0</deleted><verified>0</verified><occluded>no</occluded><attributes></attributes><parts><hasparts></hasparts><ispartof></ispartof></parts><date>05-09-20 20:00:10:261</date><id>0</id><type>bounding_box</type><polygon><username>anonymous</username><pt><x>619</x><y>2535</y><time>05-09-20 20:00:07:603</time></pt><pt><x>1475</x><y>2535</y><time>05-09-20 20:00:09:451</time></pt><pt><x>1475</x><y>1019</y><time>undefined</time></pt><pt><x>619</x><y>1019</y><time>undefined</time></pt><closed_date>05-09-20 20:00:09:451</closed_date></polygon></object></annotation>