<annotation><filename>m2_s01_034_p_nic091.jpg</filename><folder>users/joselusava//kath</folder><source><submittedBy>Jose Saca</submittedBy></source><imagesize><nrows>2850</nrows><ncols>4271</ncols></imagesize><object><name>m2_s01_034_p_nic091</name><deleted>0</deleted><verified>0</verified><occluded>no</occluded><attributes></attributes><parts><hasparts></hasparts><ispartof></ispartof></parts><date>25-09-20 21:21:13:132</date><id>0</id><type>bounding_box</type><polygon><username>anonymous</username><pt><x>2657</x><y>265</y><time>25-09-20 21:21:07:539</time></pt><pt><x>3437</x><y>265</y><time>25-09-20 21:21:10:546</time></pt><pt><x>3437</x><y>1511</y><time>undefined</time></pt><pt><x>2657</x><y>1511</y><time>undefined</time></pt><closed_date>25-09-20 21:21:10:548</closed_date></polygon></object></annotation>