<annotation><filename>m2_s01_018_p_ic016.jpg</filename><folder>users/joselusava//santiago_2</folder><source><submittedBy>Jose Saca</submittedBy></source><imagesize><nrows>3000</nrows><ncols>4496</ncols></imagesize><object><name>m2_s01_018_p_ic016</name><deleted>0</deleted><verified>0</verified><occluded>no</occluded><attributes></attributes><parts><hasparts></hasparts><ispartof></ispartof></parts><date>26-09-20 18:54:44:827</date><id>0</id><type>bounding_box</type><polygon><username>anonymous</username><pt><x>1485</x><y>793</y><time>26-09-20 18:54:37:435</time></pt><pt><x>2777</x><y>793</y><time>26-09-20 18:54:38:781</time></pt><pt><x>2777</x><y>2258</y><time>undefined</time></pt><pt><x>1485</x><y>2258</y><time>undefined</time></pt><closed_date>26-09-20 18:54:38:782</closed_date></polygon></object></annotation>