<annotation><filename>m2_s01_058_p_ic013.jpg</filename><folder>users/joselusava//m2_jsv/58/ic</folder><source><submittedBy>Jose Saca</submittedBy></source><imagesize><nrows>2850</nrows><ncols>4271</ncols></imagesize><object><name>m2_s01_058_p_ic013</name><deleted>0</deleted><verified>0</verified><occluded>no</occluded><attributes></attributes><parts><hasparts></hasparts><ispartof></ispartof></parts><date>29-09-20 13:02:55:748</date><id>0</id><type>bounding_box</type><polygon><username>anonymous</username><pt><x>255</x><y>93</y><time>29-09-20 13:02:53:685</time></pt><pt><x>4084</x><y>93</y><time>29-09-20 13:02:55:063</time></pt><pt><x>4084</x><y>2564</y><time>undefined</time></pt><pt><x>255</x><y>2564</y><time>undefined</time></pt><closed_date>29-09-20 13:02:55:064</closed_date></polygon></object></annotation>