<annotation><filename>img_m1_s03-04_101_p_nic005.jpg</filename><folder>users/joselusava//valeria/sala3y4_101_nic</folder><source><submittedBy>Jose Saca</submittedBy></source><imagesize><nrows>3200</nrows><ncols>4800</ncols></imagesize><object><name>m1_s03_s04_101_p_nic005</name><deleted>0</deleted><verified>0</verified><occluded>no</occluded><attributes></attributes><parts><hasparts></hasparts><ispartof></ispartof></parts><date>29-08-20 22:46:34:955</date><id>0</id><type>bounding_box</type><polygon><username>anonymous</username><pt><x>4788</x><y>1855</y><time>29-08-20 22:46:27:542</time></pt><pt><x>1133</x><y>1855</y><time>29-08-20 22:46:30:326</time></pt><pt><x>1133</x><y>739</y><time>undefined</time></pt><pt><x>4788</x><y>739</y><time>undefined</time></pt><closed_date>29-08-20 22:46:30:327</closed_date></polygon></object></annotation>