<annotation><filename>m3_s01_023_p_nic025.jpg</filename><folder>users/joselusava//santiago_3</folder><source><submittedBy>Jose Saca</submittedBy></source><imagesize><nrows>2970</nrows><ncols>4451</ncols></imagesize><object><name>m3_s01_023_p_nic025</name><deleted>0</deleted><verified>0</verified><occluded>no</occluded><attributes></attributes><parts><hasparts></hasparts><ispartof></ispartof></parts><date>06-11-20 09:05:44:952</date><id>0</id><type>bounding_box</type><polygon><username>anonymous</username><pt><x>464</x><y>257</y><time>06-11-20 09:05:40:692</time></pt><pt><x>2017</x><y>257</y><time>06-11-20 09:05:42:287</time></pt><pt><x>2017</x><y>2203</y><time>undefined</time></pt><pt><x>464</x><y>2203</y><time>undefined</time></pt><closed_date>06-11-20 09:05:42:288</closed_date></polygon></object></annotation>