<annotation><filename>m1_s01_005_p_nic069.jpg</filename><folder>users/joselusava//museos2020</folder><source><submittedBy>Jose Saca</submittedBy></source><imagesize><nrows>2000</nrows><ncols>2992</ncols></imagesize><object><name>m1_s01_005_p_nic069</name><deleted>0</deleted><verified>0</verified><occluded>no</occluded><attributes></attributes><parts><hasparts></hasparts><ispartof></ispartof></parts><date>14-09-20 11:31:38:396</date><id>0</id><type>bounding_box</type><polygon><username>anonymous</username><pt><x>796</x><y>345</y><time>14-09-20 11:31:26:487</time></pt><pt><x>1137</x><y>345</y><time>14-09-20 11:31:27:609</time></pt><pt><x>1137</x><y>719</y><time>undefined</time></pt><pt><x>796</x><y>719</y><time>undefined</time></pt><closed_date>14-09-20 11:31:27:609</closed_date></polygon></object></annotation>