<annotation><filename>m4_s05_052_p_ic025.jpg</filename><folder>users/joselusava//santiago_2</folder><source><submittedBy>Jose Saca</submittedBy></source><imagesize><nrows>2910</nrows><ncols>4361</ncols></imagesize><object><name>m4_s05_052_p_ic025</name><deleted>0</deleted><verified>0</verified><occluded>no</occluded><attributes></attributes><parts><hasparts></hasparts><ispartof></ispartof></parts><date>07-10-20 16:34:15:026</date><id>0</id><type>bounding_box</type><polygon><username>anonymous</username><pt><x>1497</x><y>610</y><time>07-10-20 16:34:11:538</time></pt><pt><x>2820</x><y>610</y><time>07-10-20 16:34:12:752</time></pt><pt><x>2820</x><y>2387</y><time>undefined</time></pt><pt><x>1497</x><y>2387</y><time>undefined</time></pt><closed_date>07-10-20 16:34:12:753</closed_date></polygon></object></annotation>