<annotation><filename>m1_s01_001_p_ic054.jpg</filename><folder>users/joselusava//juancarlos</folder><source><submittedBy>Jose Saca</submittedBy></source><imagesize><nrows>2000</nrows><ncols>2992</ncols></imagesize><object><name>m1_s01_001_p_ic054</name><deleted>0</deleted><verified>0</verified><occluded>no</occluded><attributes></attributes><parts><hasparts></hasparts><ispartof></ispartof></parts><date>31-08-20 17:03:39:181</date><id>0</id><type>bounding_box</type><polygon><username>anonymous</username><pt><x>928</x><y>652</y><time>31-08-20 17:03:14:510</time></pt><pt><x>2034</x><y>652</y><time>31-08-20 17:03:21:897</time></pt><pt><x>2034</x><y>1458</y><time>undefined</time></pt><pt><x>928</x><y>1458</y><time>undefined</time></pt><closed_date>31-08-20 17:03:21:899</closed_date></polygon></object></annotation>