<annotation><filename>m2_s01_032_p_ic087.jpg</filename><folder>users/joselusava//santiago_2</folder><source><submittedBy>Jose Saca</submittedBy></source><imagesize><nrows>2850</nrows><ncols>4271</ncols></imagesize><object><name>m2_s01_032_p_ic087</name><deleted>0</deleted><verified>0</verified><occluded>no</occluded><attributes></attributes><parts><hasparts></hasparts><ispartof></ispartof></parts><date>30-09-20 17:19:50:699</date><id>0</id><type>bounding_box</type><polygon><username>anonymous</username><pt><x>1074</x><y>218</y><time>30-09-20 17:19:46:140</time></pt><pt><x>2872</x><y>218</y><time>30-09-20 17:19:48:324</time></pt><pt><x>2872</x><y>2815</y><time>undefined</time></pt><pt><x>1074</x><y>2815</y><time>undefined</time></pt><closed_date>30-09-20 17:19:48:325</closed_date></polygon></object></annotation>