<annotation><filename>m4_s07_105_p.jpg</filename><folder>users/joselusava//kath/m4_105</folder><source><submittedBy>Jose Saca</submittedBy></source><imagesize><nrows>2970</nrows><ncols>4451</ncols></imagesize><object><name>m4_s07_105_p</name><deleted>0</deleted><verified>0</verified><occluded>no</occluded><attributes></attributes><parts><hasparts></hasparts><ispartof></ispartof></parts><date>25-10-20 09:05:34:994</date><id>0</id><type>bounding_box</type><polygon><username>anonymous</username><pt><x>1877</x><y>555</y><time>25-10-20 09:04:58:905</time></pt><pt><x>2891</x><y>555</y><time>25-10-20 09:05:04:120</time></pt><pt><x>2891</x><y>2772</y><time>undefined</time></pt><pt><x>1877</x><y>2772</y><time>undefined</time></pt><closed_date>25-10-20 09:05:04:122</closed_date></polygon></object></annotation>