<annotation><filename>m4_s05_060_p_nic083.jpg</filename><folder>users/joselusava//m4_js/60/nic</folder><source><submittedBy>Jose Saca</submittedBy></source><imagesize><nrows>2910</nrows><ncols>4361</ncols></imagesize><object><name>m4_s05_060_p_nic083</name><deleted>0</deleted><verified>0</verified><occluded>no</occluded><attributes></attributes><parts><hasparts></hasparts><ispartof></ispartof></parts><date>14-10-20 00:22:29:607</date><id>0</id><type>bounding_box</type><polygon><username>anonymous</username><pt><x>1271</x><y>2611</y><time>14-10-20 00:22:28:046</time></pt><pt><x>4317</x><y>2611</y><time>14-10-20 00:22:29:004</time></pt><pt><x>4317</x><y>792</y><time>undefined</time></pt><pt><x>1271</x><y>792</y><time>undefined</time></pt><closed_date>14-10-20 00:22:29:005</closed_date></polygon></object></annotation>