<annotation><filename>m1_s01_005_p_nic059.jpg</filename><folder>users/joselusava//museos2020</folder><source><submittedBy>Jose Saca</submittedBy></source><imagesize><nrows>2000</nrows><ncols>2992</ncols></imagesize><object><name>m1_s01_005_p_nic059</name><deleted>0</deleted><verified>0</verified><occluded>no</occluded><attributes></attributes><parts><hasparts></hasparts><ispartof></ispartof></parts><date>14-09-20 11:21:11:026</date><id>0</id><type>bounding_box</type><polygon><username>anonymous</username><pt><x>2016</x><y>1428</y><time>14-09-20 11:20:58:995</time></pt><pt><x>2304</x><y>1428</y><time>14-09-20 11:21:02:608</time></pt><pt><x>2304</x><y>1812</y><time>undefined</time></pt><pt><x>2016</x><y>1812</y><time>undefined</time></pt><closed_date>14-09-20 11:21:02:609</closed_date></polygon></object></annotation>