<annotation><filename>m2_s02_085_p_nic062.jpg</filename><folder>users/joselusava//m2_jsv/85/nic</folder><source><submittedBy>Jose Saca</submittedBy></source><imagesize><nrows>2910</nrows><ncols>4361</ncols></imagesize><object><name>m2_s02_085_p_nic062</name><deleted>0</deleted><verified>0</verified><occluded>no</occluded><attributes></attributes><parts><hasparts></hasparts><ispartof></ispartof></parts><date>19-09-20 22:49:35:422</date><id>0</id><type>bounding_box</type><polygon><username>anonymous</username><pt><x>1401</x><y>61</y><time>19-09-20 22:49:33:778</time></pt><pt><x>2254</x><y>61</y><time>19-09-20 22:49:34:846</time></pt><pt><x>2254</x><y>888</y><time>undefined</time></pt><pt><x>1401</x><y>888</y><time>undefined</time></pt><closed_date>19-09-20 22:49:34:847</closed_date></polygon></object></annotation>