<annotation><filename>m2_s02_085_p_nic023.jpg</filename><folder>users/joselusava//m2_jsv/85/nic</folder><source><submittedBy>Jose Saca</submittedBy></source><imagesize><nrows>2910</nrows><ncols>4361</ncols></imagesize><object><name>m2_s02_085_p_nic023</name><deleted>0</deleted><verified>0</verified><occluded>no</occluded><attributes></attributes><parts><hasparts></hasparts><ispartof></ispartof></parts><date>19-09-20 22:31:45:931</date><id>0</id><type>bounding_box</type><polygon><username>anonymous</username><pt><x>1567</x><y>1680</y><time>19-09-20 22:31:44:350</time></pt><pt><x>2603</x><y>1680</y><time>19-09-20 22:31:45:362</time></pt><pt><x>2603</x><y>2820</y><time>undefined</time></pt><pt><x>1567</x><y>2820</y><time>undefined</time></pt><closed_date>19-09-20 22:31:45:363</closed_date></polygon></object></annotation>