<annotation><filename>m1_s01_021_p_nic080.jpg</filename><folder>users/joselusava//santiago</folder><source><submittedBy>Jose Saca</submittedBy></source><imagesize><nrows>3200</nrows><ncols>4800</ncols></imagesize><object><name>m1_s01_021_p_nic080</name><deleted>0</deleted><verified>0</verified><occluded>no</occluded><attributes></attributes><parts><hasparts></hasparts><ispartof></ispartof></parts><date>16-09-20 18:38:32:032</date><id>0</id><type>bounding_box</type><polygon><username>anonymous</username><pt><x>954</x><y>1706</y><time>16-09-20 18:38:24:828</time></pt><pt><x>1742</x><y>1706</y><time>16-09-20 18:38:25:729</time></pt><pt><x>1742</x><y>2566</y><time>undefined</time></pt><pt><x>954</x><y>2566</y><time>undefined</time></pt><closed_date>16-09-20 18:38:25:730</closed_date></polygon></object></annotation>