<annotation><filename>m1_s02_029_p_nic016.jpg</filename><folder>users/joselusava//museos2020</folder><source><submittedBy>Jose Saca</submittedBy></source><imagesize><nrows>3200</nrows><ncols>4800</ncols></imagesize><object><name>m1_s02_029_p_nic016</name><deleted>0</deleted><verified>0</verified><occluded>no</occluded><attributes></attributes><parts><hasparts></hasparts><ispartof></ispartof></parts><date>27-08-20 18:34:03:065</date><id>0</id><type>bounding_box</type><polygon><username>anonymous</username><pt><x>3270</x><y>3012</y><time>27-08-20 18:33:56:022</time></pt><pt><x>2260</x><y>3012</y><time>27-08-20 18:33:58:587</time></pt><pt><x>2260</x><y>1890</y><time>undefined</time></pt><pt><x>3270</x><y>1890</y><time>undefined</time></pt><closed_date>27-08-20 18:33:58:588</closed_date></polygon></object></annotation>