<annotation><filename>m3_s01_013_p_ic043.jpg</filename><folder>users/joselusava//valeria/m03_s01_13_ic</folder><source><submittedBy>Jose Saca</submittedBy></source><imagesize><nrows>2970</nrows><ncols>4451</ncols></imagesize><object><name>m3_s01_013_p_ic042</name><deleted>0</deleted><verified>0</verified><occluded>no</occluded><attributes></attributes><parts><hasparts></hasparts><ispartof></ispartof></parts><date>29-10-20 13:48:57:057</date><id>0</id><type>bounding_box</type><polygon><username>anonymous</username><pt><x>3832</x><y>2719</y><time>29-10-20 13:48:51:019</time></pt><pt><x>371</x><y>2719</y><time>29-10-20 13:48:53:738</time></pt><pt><x>371</x><y>217</y><time>undefined</time></pt><pt><x>3832</x><y>217</y><time>undefined</time></pt><closed_date>29-10-20 13:48:53:739</closed_date></polygon></object></annotation>