<annotation><filename>m4_s09_138_p_nic074.jpg</filename><folder>users/joselusava//santiago_2</folder><source><submittedBy>Jose Saca</submittedBy></source><imagesize><nrows>2970</nrows><ncols>4451</ncols></imagesize><object><name>m4_s09_138_p_nic074</name><deleted>0</deleted><verified>0</verified><occluded>no</occluded><attributes></attributes><parts><hasparts></hasparts><ispartof></ispartof></parts><date>23-10-20 14:15:00:637</date><id>0</id><type>bounding_box</type><polygon><username>anonymous</username><pt><x>614</x><y>214</y><time>23-10-20 14:14:58:179</time></pt><pt><x>3220</x><y>214</y><time>23-10-20 14:14:58:940</time></pt><pt><x>3220</x><y>1267</y><time>undefined</time></pt><pt><x>614</x><y>1267</y><time>undefined</time></pt><closed_date>23-10-20 14:14:58:941</closed_date></polygon></object></annotation>