<annotation><filename>m3_s01_002_p_ic031.jpg</filename><folder>users/joselusava//santiago_3</folder><source><submittedBy>Jose Saca</submittedBy></source><imagesize><nrows>2970</nrows><ncols>4451</ncols></imagesize><object><name>m3_s01_002_p_ic031</name><deleted>0</deleted><verified>0</verified><occluded>no</occluded><attributes></attributes><parts><hasparts></hasparts><ispartof></ispartof></parts><date>28-10-20 18:46:49:151</date><id>0</id><type>bounding_box</type><polygon><username>anonymous</username><pt><x>182</x><y>207</y><time>28-10-20 18:46:42:685</time></pt><pt><x>4152</x><y>207</y><time>28-10-20 18:46:44:543</time></pt><pt><x>4152</x><y>2277</y><time>undefined</time></pt><pt><x>182</x><y>2277</y><time>undefined</time></pt><closed_date>28-10-20 18:46:44:544</closed_date></polygon></object></annotation>