<annotation><filename>m2_s02_085_p_nic029.jpg</filename><folder>users/joselusava//m2_jsv/85/nic</folder><source><submittedBy>Jose Saca</submittedBy></source><imagesize><nrows>2910</nrows><ncols>4361</ncols></imagesize><object><name>m2_s02_085_p_nic029</name><deleted>0</deleted><verified>0</verified><occluded>no</occluded><attributes></attributes><parts><hasparts></hasparts><ispartof></ispartof></parts><date>19-09-20 22:34:59:340</date><id>0</id><type>bounding_box</type><polygon><username>anonymous</username><pt><x>2925</x><y>1628</y><time>19-09-20 22:34:57:386</time></pt><pt><x>4048</x><y>1628</y><time>19-09-20 22:34:58:596</time></pt><pt><x>4048</x><y>2812</y><time>undefined</time></pt><pt><x>2925</x><y>2812</y><time>undefined</time></pt><closed_date>19-09-20 22:34:58:596</closed_date></polygon></object></annotation>