<annotation><filename>m2_s01_001_p_ic036.jpg</filename><folder>users/joselusava//santiago</folder><source><submittedBy>Jose Saca</submittedBy></source><imagesize><nrows>2850</nrows><ncols>4271</ncols></imagesize><object><name>m2_s01_001_p_ic036</name><deleted>0</deleted><verified>0</verified><occluded>no</occluded><attributes></attributes><parts><hasparts></hasparts><ispartof></ispartof></parts><date>19-09-20 08:26:13:716</date><id>0</id><type>bounding_box</type><polygon><username>anonymous</username><pt><x>962</x><y>157</y><time>19-09-20 08:26:04:280</time></pt><pt><x>3026</x><y>157</y><time>19-09-20 08:26:06:933</time></pt><pt><x>3026</x><y>2763</y><time>undefined</time></pt><pt><x>962</x><y>2763</y><time>undefined</time></pt><closed_date>19-09-20 08:26:06:934</closed_date></polygon></object></annotation>