<annotation><filename>m1_s02_029_p_nic030.jpg</filename><folder>users/joselusava//valeria/sala2_029_nic</folder><source><submittedBy>Jose Saca</submittedBy></source><imagesize><nrows>3200</nrows><ncols>4800</ncols></imagesize><object><name>m1_s02_029_p_nic030</name><deleted>0</deleted><verified>0</verified><occluded>no</occluded><attributes></attributes><parts><hasparts></hasparts><ispartof></ispartof></parts><date>26-08-20 18:30:23:475</date><id>0</id><type>bounding_box</type><polygon><username>anonymous</username><pt><x>2336</x><y>279</y><time>26-08-20 18:30:17:144</time></pt><pt><x>3270</x><y>279</y><time>26-08-20 18:30:20:041</time></pt><pt><x>3270</x><y>1509</y><time>undefined</time></pt><pt><x>2336</x><y>1509</y><time>undefined</time></pt><closed_date>26-08-20 18:30:20:041</closed_date></polygon></object></annotation>