<annotation><filename>m2_s02_085_p_nic095.jpg</filename><folder>users/joselusava//m2_jsv/85/nic</folder><source><submittedBy>Jose Saca</submittedBy></source><imagesize><nrows>2910</nrows><ncols>4361</ncols></imagesize><object><name>m2_s02_085_p_nic095</name><deleted>0</deleted><verified>0</verified><occluded>no</occluded><attributes></attributes><parts><hasparts></hasparts><ispartof></ispartof></parts><date>19-09-20 23:06:14:358</date><id>0</id><type>bounding_box</type><polygon><username>anonymous</username><pt><x>914</x><y>1776</y><time>19-09-20 23:06:12:404</time></pt><pt><x>1558</x><y>1776</y><time>19-09-20 23:06:13:779</time></pt><pt><x>1558</x><y>2629</y><time>undefined</time></pt><pt><x>914</x><y>2629</y><time>undefined</time></pt><closed_date>19-09-20 23:06:13:780</closed_date></polygon></object></annotation>