<annotation><filename>m2_s01_001_p_nic076.jpg</filename><folder>users/joselusava//santiago</folder><source><submittedBy>Jose Saca</submittedBy></source><imagesize><nrows>2850</nrows><ncols>4271</ncols></imagesize><object><name>m2_s01_001_p_nic076</name><deleted>0</deleted><verified>0</verified><occluded>no</occluded><attributes></attributes><parts><hasparts></hasparts><ispartof></ispartof></parts><date>19-09-20 23:23:44:741</date><id>0</id><type>bounding_box</type><polygon><username>anonymous</username><pt><x>234</x><y>1183</y><time>19-09-20 23:23:37:499</time></pt><pt><x>1500</x><y>1183</y><time>19-09-20 23:23:38:490</time></pt><pt><x>1500</x><y>2584</y><time>undefined</time></pt><pt><x>234</x><y>2584</y><time>undefined</time></pt><closed_date>19-09-20 23:23:38:490</closed_date></polygon></object></annotation>