<annotation><filename>m1_s06_186_p_nic049.jpg</filename><folder>users/joselusava//jacob_2/186nic</folder><source><submittedBy>Jose Saca</submittedBy></source><imagesize><nrows>2736</nrows><ncols>4100</ncols></imagesize><object><name>m1_s06_186_p_nic049</name><deleted>0</deleted><verified>0</verified><occluded>no</occluded><attributes></attributes><parts><hasparts></hasparts><ispartof></ispartof></parts><date>09-09-20 23:19:17:120</date><id>0</id><type>bounding_box</type><polygon><username>anonymous</username><pt><x>458</x><y>2488</y><time>09-09-20 23:19:13:887</time></pt><pt><x>1489</x><y>2488</y><time>09-09-20 23:19:16:305</time></pt><pt><x>1489</x><y>827</y><time>undefined</time></pt><pt><x>458</x><y>827</y><time>undefined</time></pt><closed_date>09-09-20 23:19:16:305</closed_date></polygon></object></annotation>