<annotation><filename>m1_s01_004_p_ic008.jpg</filename><folder>users/joselusava//valeria_apoyo/sala001_004ic_ok</folder><source><submittedBy>Jose Saca</submittedBy></source><imagesize><nrows>2000</nrows><ncols>2992</ncols></imagesize><object><name>m1_s01_004_p_ic008</name><deleted>0</deleted><verified>0</verified><occluded>no</occluded><attributes></attributes><parts><hasparts></hasparts><ispartof></ispartof></parts><date>15-09-20 22:04:13:414</date><id>0</id><type>bounding_box</type><polygon><username>anonymous</username><pt><x>2985</x><y>1561</y><time>15-09-20 22:04:05:982</time></pt><pt><x>11</x><y>1561</y><time>15-09-20 22:04:09:518</time></pt><pt><x>11</x><y>727</y><time>undefined</time></pt><pt><x>2985</x><y>727</y><time>undefined</time></pt><closed_date>15-09-20 22:04:09:520</closed_date></polygon></object></annotation>