<annotation><filename>m1_s02_036_p_nic048.jpg</filename><folder>users/joselusava//valeria/sala2_036_nic</folder><source><submittedBy>Jose Saca</submittedBy></source><imagesize><nrows>3200</nrows><ncols>4800</ncols></imagesize><object><name>m1_s02_036_p_nic047</name><deleted>0</deleted><verified>0</verified><occluded>no</occluded><attributes/><parts><hasparts/><ispartof/></parts><date>26-08-20 23:52:48:305</date><id>0</id><type>bounding_box</type><polygon><username>anonymous</username><pt><x>140</x><y>435</y><time>26-08-20 23:52:38:715</time></pt><pt><x>1493</x><y>435</y><time>26-08-20 23:52:40:928</time></pt><pt><x>1493</x><y>1568</y><time>undefined</time></pt><pt><x>140</x><y>1568</y><time>undefined</time></pt><closed_date>26-08-20 23:52:40:929</closed_date></polygon></object><object><name>m1_s02_036_p_nic048</name><deleted>0</deleted><verified>0</verified><occluded>no</occluded><attributes></attributes><parts><hasparts></hasparts><ispartof></ispartof></parts><date>27-08-20 00:22:06:895</date><id>1</id><type>bounding_box</type><polygon><username>anonymous</username><pt><x>123</x><y>376</y><time>27-08-20 00:21:57:993</time></pt><pt><x>1514</x><y>376</y><time>27-08-20 00:22:00:393</time></pt><pt><x>1514</x><y>1562</y><time>undefined</time></pt><pt><x>123</x><y>1562</y><time>undefined</time></pt><closed_date>27-08-20 00:22:00:394</closed_date></polygon></object></annotation>