<annotation><filename>m3_s01_013_p_ic048.jpg</filename><folder>users/joselusava//valeria/m03_s01_13_ic</folder><source><submittedBy>Jose Saca</submittedBy></source><imagesize><nrows>2970</nrows><ncols>4451</ncols></imagesize><object><name>m3_s01_013_p_ic047</name><deleted>0</deleted><verified>0</verified><occluded>no</occluded><attributes></attributes><parts><hasparts></hasparts><ispartof></ispartof></parts><date>29-10-20 13:53:20:460</date><id>0</id><type>bounding_box</type><polygon><username>anonymous</username><pt><x>3781</x><y>2764</y><time>29-10-20 13:53:12:928</time></pt><pt><x>434</x><y>2764</y><time>29-10-20 13:53:16:194</time></pt><pt><x>434</x><y>177</y><time>undefined</time></pt><pt><x>3781</x><y>177</y><time>undefined</time></pt><closed_date>29-10-20 13:53:16:195</closed_date></polygon></object></annotation>