<annotation><filename>m1_s02_036_p_nic075.jpg</filename><folder>users/joselusava//valeria/sala2_036_nic</folder><source><submittedBy>Jose Saca</submittedBy></source><imagesize><nrows>3200</nrows><ncols>4800</ncols></imagesize><object><name>m1_s02_036_p_nic075</name><deleted>0</deleted><verified>0</verified><occluded>no</occluded><attributes></attributes><parts><hasparts></hasparts><ispartof></ispartof></parts><date>27-08-20 01:23:31:458</date><id>0</id><type>bounding_box</type><polygon><username>anonymous</username><pt><x>1944</x><y>2395</y><time>27-08-20 01:23:23:088</time></pt><pt><x>462</x><y>2395</y><time>27-08-20 01:23:26:512</time></pt><pt><x>462</x><y>494</y><time>undefined</time></pt><pt><x>1944</x><y>494</y><time>undefined</time></pt><closed_date>27-08-20 01:23:26:513</closed_date></polygon></object></annotation>