<annotation><filename>m2_s07_264_p_nic098.jpg</filename><folder>users/joselusava//valeria/sala7_264_nic</folder><source><submittedBy>Jose Saca</submittedBy></source><imagesize><nrows>2910</nrows><ncols>4361</ncols></imagesize><object><name>m2_s07_264_p_nic098</name><deleted>0</deleted><verified>0</verified><occluded>no</occluded><attributes></attributes><parts><hasparts></hasparts><ispartof></ispartof></parts><date>23-09-20 21:51:25:665</date><id>0</id><type>bounding_box</type><polygon><username>anonymous</username><pt><x>3863</x><y>2260</y><time>23-09-20 21:51:20:119</time></pt><pt><x>2210</x><y>2260</y><time>23-09-20 21:51:22:528</time></pt><pt><x>2210</x><y>402</y><time>undefined</time></pt><pt><x>3863</x><y>402</y><time>undefined</time></pt><closed_date>23-09-20 21:51:22:529</closed_date></polygon></object></annotation>