<annotation><filename>m2_s01_010_p_nic058.jpg</filename><folder>users/joselusava//santiago</folder><source><submittedBy>Jose Saca</submittedBy></source><imagesize><nrows>2850</nrows><ncols>4271</ncols></imagesize><object><name>m2_s01_010_p_nic058</name><deleted>0</deleted><verified>0</verified><occluded>no</occluded><attributes></attributes><parts><hasparts></hasparts><ispartof></ispartof></parts><date>22-09-20 20:56:10:918</date><id>0</id><type>bounding_box</type><polygon><username>anonymous</username><pt><x>811</x><y>1568</y><time>22-09-20 20:56:04:975</time></pt><pt><x>1659</x><y>1568</y><time>22-09-20 20:56:06:993</time></pt><pt><x>1659</x><y>2409</y><time>undefined</time></pt><pt><x>811</x><y>2409</y><time>undefined</time></pt><closed_date>22-09-20 20:56:06:993</closed_date></polygon></object></annotation>