<annotation><filename>m2_s03_201_p_ic041.jpg</filename><folder>users/joselusava//eg</folder><source><submittedBy>Jose Saca</submittedBy></source><imagesize><nrows>2910</nrows><ncols>4361</ncols></imagesize><object><name>m2_s03_201_p_ic041</name><deleted>0</deleted><verified>0</verified><occluded>no</occluded><attributes></attributes><parts><hasparts></hasparts><ispartof></ispartof></parts><date>17-09-20 07:02:44:004</date><id>0</id><type>bounding_box</type><polygon><username>anonymous</username><pt><x>1018</x><y>143</y><time>17-09-20 07:02:24:577</time></pt><pt><x>3061</x><y>143</y><time>17-09-20 07:02:25:975</time></pt><pt><x>3061</x><y>2573</y><time>undefined</time></pt><pt><x>1018</x><y>2573</y><time>undefined</time></pt><closed_date>17-09-20 07:02:25:976</closed_date></polygon></object></annotation>