<annotation><filename>m4_s04_045_p_nic071.jpg</filename><folder>users/joselusava//valeria/m04_s04_45_nic</folder><source><submittedBy>Jose Saca</submittedBy></source><imagesize><nrows>2970</nrows><ncols>4451</ncols></imagesize><object><name>m4_s04_045_p_nic071</name><deleted>0</deleted><verified>0</verified><occluded>no</occluded><attributes></attributes><parts><hasparts></hasparts><ispartof></ispartof></parts><date>20-10-20 15:30:28:301</date><id>0</id><type>bounding_box</type><polygon><username>anonymous</username><pt><x>571</x><y>2467</y><time>20-10-20 15:30:24:813</time></pt><pt><x>1040</x><y>2467</y><time>20-10-20 15:30:25:958</time></pt><pt><x>1040</x><y>1673</y><time>undefined</time></pt><pt><x>571</x><y>1673</y><time>undefined</time></pt><closed_date>20-10-20 15:30:25:959</closed_date></polygon></object></annotation>