<annotation><filename>m2_s07_264_p_ic095.jpg</filename><folder>users/joselusava//valeria/sala7_264_ic</folder><source><submittedBy>Jose Saca</submittedBy></source><imagesize><nrows>2910</nrows><ncols>4361</ncols></imagesize><object><name>m2_s07_264_p_ic095</name><deleted>0</deleted><verified>0</verified><occluded>no</occluded><attributes></attributes><parts><hasparts></hasparts><ispartof></ispartof></parts><date>23-09-20 19:02:11:262</date><id>0</id><type>bounding_box</type><polygon><username>anonymous</username><pt><x>1499</x><y>496</y><time>23-09-20 19:02:06:423</time></pt><pt><x>2982</x><y>496</y><time>23-09-20 19:02:08:245</time></pt><pt><x>2982</x><y>2392</y><time>undefined</time></pt><pt><x>1499</x><y>2392</y><time>undefined</time></pt><closed_date>23-09-20 19:02:08:246</closed_date></polygon></object></annotation>