<annotation><filename>m1_s01_001_p_ic064.jpg</filename><folder>users/joselusava//juancarlos</folder><source><submittedBy>Jose Saca</submittedBy></source><imagesize><nrows>2000</nrows><ncols>2992</ncols></imagesize><object><name>m1_s01_001_p_ic064</name><deleted>0</deleted><verified>0</verified><occluded>no</occluded><attributes></attributes><parts><hasparts></hasparts><ispartof></ispartof></parts><date>01-09-20 09:45:47:120</date><id>0</id><type>bounding_box</type><polygon><username>anonymous</username><pt><x>1030</x><y>769</y><time>01-09-20 09:45:38:358</time></pt><pt><x>1970</x><y>769</y><time>01-09-20 09:45:41:345</time></pt><pt><x>1970</x><y>1424</y><time>undefined</time></pt><pt><x>1030</x><y>1424</y><time>undefined</time></pt><closed_date>01-09-20 09:45:41:345</closed_date></polygon></object></annotation>