<annotation><filename>m4_s02_021_p_nic006.jpg</filename><folder>users/joselusava//santiago_2</folder><source><submittedBy>Jose Saca</submittedBy></source><imagesize><nrows>2910</nrows><ncols>4361</ncols></imagesize><object><name>m4_s02_021_p_nic006</name><deleted>0</deleted><verified>0</verified><occluded>no</occluded><attributes></attributes><parts><hasparts></hasparts><ispartof></ispartof></parts><date>04-10-20 20:33:58:531</date><id>0</id><type>bounding_box</type><polygon><username>anonymous</username><pt><x>1892</x><y>146</y><time>04-10-20 20:33:54:552</time></pt><pt><x>2872</x><y>146</y><time>04-10-20 20:33:56:490</time></pt><pt><x>2872</x><y>1857</y><time>undefined</time></pt><pt><x>1892</x><y>1857</y><time>undefined</time></pt><closed_date>04-10-20 20:33:56:490</closed_date></polygon></object></annotation>