<annotation><filename>m3_s01_023_p_ic067.jpg</filename><folder>users/joselusava//santiago_3</folder><source><submittedBy>Jose Saca</submittedBy></source><imagesize><nrows>2970</nrows><ncols>4451</ncols></imagesize><object><name>m3_s01_023_p_ic067</name><deleted>0</deleted><verified>0</verified><occluded>no</occluded><attributes></attributes><parts><hasparts></hasparts><ispartof></ispartof></parts><date>04-11-20 20:06:01:002</date><id>0</id><type>bounding_box</type><polygon><username>anonymous</username><pt><x>907</x><y>221</y><time>04-11-20 20:05:57:710</time></pt><pt><x>3195</x><y>221</y><time>04-11-20 20:05:59:168</time></pt><pt><x>3195</x><y>2363</y><time>undefined</time></pt><pt><x>907</x><y>2363</y><time>undefined</time></pt><closed_date>04-11-20 20:05:59:169</closed_date></polygon></object></annotation>