<annotation><filename>m4_s10_154_p_ic083.jpg</filename><folder>users/joselusava//valeria/m04_s10_154_ic</folder><source><submittedBy>Jose Saca</submittedBy></source><imagesize><nrows>2970</nrows><ncols>4451</ncols></imagesize><object><name>m4_s10_154_p_ic083</name><deleted>0</deleted><verified>0</verified><occluded>no</occluded><attributes></attributes><parts><hasparts></hasparts><ispartof></ispartof></parts><date>13-10-20 23:08:48:663</date><id>0</id><type>bounding_box</type><polygon><username>anonymous</username><pt><x>902</x><y>2684</y><time>13-10-20 23:08:43:292</time></pt><pt><x>3067</x><y>2684</y><time>13-10-20 23:08:45:539</time></pt><pt><x>3067</x><y>480</y><time>undefined</time></pt><pt><x>902</x><y>480</y><time>undefined</time></pt><closed_date>13-10-20 23:08:45:540</closed_date></polygon></object></annotation>