<annotation><filename>m4_s10_157_p_ic046.jpg</filename><folder>users/joselusava//valeria/m04_s10_157_ic</folder><source><submittedBy>Jose Saca</submittedBy></source><imagesize><nrows>2970</nrows><ncols>4451</ncols></imagesize><object><name>m4_s10_157_p_ic046</name><deleted>0</deleted><verified>0</verified><occluded>no</occluded><attributes></attributes><parts><hasparts></hasparts><ispartof></ispartof></parts><date>12-10-20 17:36:45:145</date><id>0</id><type>bounding_box</type><polygon><username>anonymous</username><pt><x>923</x><y>2858</y><time>12-10-20 17:36:37:881</time></pt><pt><x>3257</x><y>2858</y><time>12-10-20 17:36:41:698</time></pt><pt><x>3257</x><y>197</y><time>undefined</time></pt><pt><x>923</x><y>197</y><time>undefined</time></pt><closed_date>12-10-20 17:36:41:699</closed_date></polygon></object></annotation>