<annotation><filename>m4_s09_138_p_ic095.jpg</filename><folder>users/joselusava//santiago_2</folder><source><submittedBy>Jose Saca</submittedBy></source><imagesize><nrows>2970</nrows><ncols>4451</ncols></imagesize><object><name>m4_s09_138_p_ic095</name><deleted>0</deleted><verified>0</verified><occluded>no</occluded><attributes></attributes><parts><hasparts></hasparts><ispartof></ispartof></parts><date>22-10-20 21:40:21:255</date><id>0</id><type>bounding_box</type><polygon><username>anonymous</username><pt><x>100</x><y>807</y><time>22-10-20 21:40:17:548</time></pt><pt><x>4219</x><y>807</y><time>22-10-20 21:40:18:821</time></pt><pt><x>4219</x><y>2817</y><time>undefined</time></pt><pt><x>100</x><y>2817</y><time>undefined</time></pt><closed_date>22-10-20 21:40:18:822</closed_date></polygon></object></annotation>