<annotation><filename>m1_s06_141_p_ic071.jpg</filename><folder>users/joselusava//jacob_2/141ic</folder><source><submittedBy>Jose Saca</submittedBy></source><imagesize><nrows>2736</nrows><ncols>4100</ncols></imagesize><object><name>m1_s06_141_p_ic071</name><deleted>0</deleted><verified>0</verified><occluded>no</occluded><attributes></attributes><parts><hasparts></hasparts><ispartof></ispartof></parts><date>04-09-20 23:29:27:641</date><id>0</id><type>bounding_box</type><polygon><username>anonymous</username><pt><x>995</x><y>2706</y><time>04-09-20 23:29:24:034</time></pt><pt><x>3004</x><y>2706</y><time>04-09-20 23:29:26:184</time></pt><pt><x>3004</x><y>298</y><time>undefined</time></pt><pt><x>995</x><y>298</y><time>undefined</time></pt><closed_date>04-09-20 23:29:26:184</closed_date></polygon></object></annotation>