<annotation><filename>m1_s06_144_p_nic084.jpg</filename><folder>users/joselusava//jacob_2/144nic</folder><source><submittedBy>Jose Saca</submittedBy></source><imagesize><nrows>2736</nrows><ncols>4100</ncols></imagesize><object><name>m1_s06_144_p_nic084</name><deleted>0</deleted><verified>0</verified><occluded>no</occluded><attributes></attributes><parts><hasparts></hasparts><ispartof></ispartof></parts><date>08-09-20 14:00:03:287</date><id>0</id><type>bounding_box</type><polygon><username>anonymous</username><pt><x>1940</x><y>1997</y><time>08-09-20 14:00:00:821</time></pt><pt><x>3668</x><y>1997</y><time>08-09-20 14:00:02:639</time></pt><pt><x>3668</x><y>514</y><time>undefined</time></pt><pt><x>1940</x><y>514</y><time>undefined</time></pt><closed_date>08-09-20 14:00:02:640</closed_date></polygon></object></annotation>