<annotation><filename>m1_s02_065_p_nic099.jpg</filename><folder>users/joselusava//valeria/sala2_065_nic</folder><source><submittedBy>Jose Saca</submittedBy></source><imagesize><nrows>2000</nrows><ncols>2992</ncols></imagesize><object><name>m1_s02_065_p_nic099</name><deleted>0</deleted><verified>0</verified><occluded>no</occluded><attributes></attributes><parts><hasparts></hasparts><ispartof></ispartof></parts><date>28-08-20 00:50:40:850</date><id>0</id><type>bounding_box</type><polygon><username>anonymous</username><pt><x>1607</x><y>1849</y><time>28-08-20 00:50:34:756</time></pt><pt><x>97</x><y>1849</y><time>28-08-20 00:50:37:158</time></pt><pt><x>97</x><y>1034</y><time>undefined</time></pt><pt><x>1607</x><y>1034</y><time>undefined</time></pt><closed_date>28-08-20 00:50:37:159</closed_date></polygon></object></annotation>