<annotation><filename>m1_s01_017_p_nic053.jpg</filename><folder>users/joselusava//santiago</folder><source><submittedBy>Jose Saca</submittedBy></source><imagesize><nrows>3200</nrows><ncols>4800</ncols></imagesize><object><name>m1_s01_017_p_nic053</name><deleted>0</deleted><verified>0</verified><occluded>no</occluded><attributes></attributes><parts><hasparts></hasparts><ispartof></ispartof></parts><date>11-09-20 19:20:34:984</date><id>0</id><type>bounding_box</type><polygon><username>anonymous</username><pt><x>673</x><y>925</y><time>11-09-20 19:20:27:270</time></pt><pt><x>1231</x><y>925</y><time>11-09-20 19:20:28:920</time></pt><pt><x>1231</x><y>1256</y><time>undefined</time></pt><pt><x>673</x><y>1256</y><time>undefined</time></pt><closed_date>11-09-20 19:20:28:923</closed_date></polygon></object></annotation>