<annotation><filename>m2_s01_054_p_nic084.jpg</filename><folder>users/joselusava//kath_54</folder><source><submittedBy>Jose Saca</submittedBy></source><imagesize><nrows>2850</nrows><ncols>4271</ncols></imagesize><object><name>m2_s01_054_p_nic084</name><deleted>0</deleted><verified>0</verified><occluded>no</occluded><attributes></attributes><parts><hasparts></hasparts><ispartof></ispartof></parts><date>02-10-20 11:40:26:998</date><id>0</id><type>bounding_box</type><polygon><username>anonymous</username><pt><x>723</x><y>653</y><time>02-10-20 11:40:11:793</time></pt><pt><x>1664</x><y>653</y><time>02-10-20 11:40:16:017</time></pt><pt><x>1664</x><y>1987</y><time>undefined</time></pt><pt><x>723</x><y>1987</y><time>undefined</time></pt><closed_date>02-10-20 11:40:16:020</closed_date></polygon></object></annotation>