<annotation><filename>m2_s07_264_p_ic068.jpg</filename><folder>users/joselusava//valeria/sala7_264_ic</folder><source><submittedBy>Jose Saca</submittedBy></source><imagesize><nrows>2910</nrows><ncols>4361</ncols></imagesize><object><name>m2_s07_264_p_ic068</name><deleted>0</deleted><verified>0</verified><occluded>no</occluded><attributes></attributes><parts><hasparts></hasparts><ispartof></ispartof></parts><date>23-09-20 11:45:32:621</date><id>0</id><type>bounding_box</type><polygon><username>anonymous</username><pt><x>1268</x><y>276</y><time>23-09-20 11:45:27:300</time></pt><pt><x>2745</x><y>276</y><time>23-09-20 11:45:29:428</time></pt><pt><x>2745</x><y>2447</y><time>undefined</time></pt><pt><x>1268</x><y>2447</y><time>undefined</time></pt><closed_date>23-09-20 11:45:29:429</closed_date></polygon></object></annotation>