<annotation><filename>m1_s06_186_p_nic010.jpg</filename><folder>users/joselusava//jacob_2/186nic</folder><source><submittedBy>Jose Saca</submittedBy></source><imagesize><nrows>2736</nrows><ncols>4100</ncols></imagesize><object><name>m1_s06_186_p_nic010</name><deleted>0</deleted><verified>0</verified><occluded>no</occluded><attributes></attributes><parts><hasparts></hasparts><ispartof></ispartof></parts><date>09-09-20 23:02:28:828</date><id>0</id><type>bounding_box</type><polygon><username>anonymous</username><pt><x>1669</x><y>1776</y><time>09-09-20 23:02:26:765</time></pt><pt><x>3110</x><y>1776</y><time>09-09-20 23:02:28:167</time></pt><pt><x>3110</x><y>123</y><time>undefined</time></pt><pt><x>1669</x><y>123</y><time>undefined</time></pt><closed_date>09-09-20 23:02:28:168</closed_date></polygon></object></annotation>