<annotation><filename>m1_s02_052_p_nic064.jpg</filename><folder>users/joselusava//valeria/sala2_052_nic</folder><source><submittedBy>Jose Saca</submittedBy></source><imagesize><nrows>3200</nrows><ncols>4800</ncols></imagesize><object><name>m1_s02_052_p_nic064</name><deleted>0</deleted><verified>0</verified><occluded>no</occluded><attributes></attributes><parts><hasparts></hasparts><ispartof></ispartof></parts><date>27-08-20 16:51:54:488</date><id>0</id><type>bounding_box</type><polygon><username>anonymous</username><pt><x>3232</x><y>1219</y><time>27-08-20 16:51:47:417</time></pt><pt><x>4435</x><y>1219</y><time>27-08-20 16:51:51:061</time></pt><pt><x>4435</x><y>2362</y><time>undefined</time></pt><pt><x>3232</x><y>2362</y><time>undefined</time></pt><closed_date>27-08-20 16:51:51:062</closed_date></polygon></object></annotation>