<annotation><filename>m1_s01_021_p_nic020.jpg</filename><folder>users/joselusava//santiago</folder><source><submittedBy>Jose Saca</submittedBy></source><imagesize><nrows>3200</nrows><ncols>4800</ncols></imagesize><object><name>m1_s01_021_p_nic020</name><deleted>0</deleted><verified>0</verified><occluded>no</occluded><attributes></attributes><parts><hasparts></hasparts><ispartof></ispartof></parts><date>15-09-20 15:28:12:434</date><id>0</id><type>bounding_box</type><polygon><username>anonymous</username><pt><x>1976</x><y>2264</y><time>15-09-20 15:28:04:890</time></pt><pt><x>2512</x><y>2264</y><time>15-09-20 15:28:06:360</time></pt><pt><x>2512</x><y>2973</y><time>undefined</time></pt><pt><x>1976</x><y>2973</y><time>undefined</time></pt><closed_date>15-09-20 15:28:06:361</closed_date></polygon></object></annotation>