<annotation><filename>m1_s02_065_p_ic020.jpg</filename><folder>users/joselusava//valeria/sala2_065_ic</folder><source><submittedBy>Jose Saca</submittedBy></source><imagesize><nrows>2000</nrows><ncols>2992</ncols></imagesize><object><name>m1_s02_065_p_ic020</name><deleted>0</deleted><verified>0</verified><occluded>no</occluded><attributes></attributes><parts><hasparts></hasparts><ispartof></ispartof></parts><date>25-08-20 22:05:38:980</date><id>0</id><type>bounding_box</type><polygon><username>anonymous</username><pt><x>81</x><y>245</y><time>25-08-20 22:05:22:309</time></pt><pt><x>2758</x><y>245</y><time>25-08-20 22:05:26:719</time></pt><pt><x>2758</x><y>1413</y><time>undefined</time></pt><pt><x>81</x><y>1413</y><time>undefined</time></pt><closed_date>25-08-20 22:05:26:721</closed_date></polygon></object></annotation>