<annotation><filename>m2_s06_248_p_nic087.jpg</filename><folder>users/joselusava//museos2020</folder><source><submittedBy>Jose Saca</submittedBy></source><imagesize><nrows>2910</nrows><ncols>4361</ncols></imagesize><object><name>m2_s06_248_p_nic087</name><deleted>0</deleted><verified>0</verified><occluded>no</occluded><attributes></attributes><parts><hasparts></hasparts><ispartof></ispartof></parts><date>27-09-20 21:36:10:563</date><id>0</id><polygon><username>anonymous</username><pt><x>1223</x><y>888</y><time>27-09-20 21:36:01:843</time></pt><pt><x>3189</x><y>558</y><time>27-09-20 21:36:03:016</time></pt><pt><x>3375</x><y>800</y><time>27-09-20 21:36:03:863</time></pt><pt><x>1790</x><y>1748</y><time>27-09-20 21:36:04:831</time></pt><closed_date>27-09-20 21:36:05:846</closed_date></polygon></object></annotation>