<annotation><filename>m4_s03_025_p.jpg</filename><folder>users/joselusava//juancarlos</folder><source><submittedBy>Jose Saca</submittedBy></source><imagesize><nrows>2910</nrows><ncols>4361</ncols></imagesize><object><name>m4_s02_025_p</name><deleted>0</deleted><verified>0</verified><occluded>no</occluded><attributes></attributes><parts><hasparts></hasparts><ispartof></ispartof></parts><date>05-11-20 16:58:50:519</date><id>0</id><type>bounding_box</type><polygon><username>anonymous</username><pt><x>307</x><y>1023</y><time>05-11-20 16:58:39:515</time></pt><pt><x>3471</x><y>1023</y><time>05-11-20 16:58:45:266</time></pt><pt><x>3471</x><y>2647</y><time>undefined</time></pt><pt><x>307</x><y>2647</y><time>undefined</time></pt><closed_date>05-11-20 16:58:45:268</closed_date></polygon></object></annotation>