<annotation><filename>m2_s01_001_p_nic051.jpg</filename><folder>users/joselusava//santiago</folder><source><submittedBy>Jose Saca</submittedBy></source><imagesize><nrows>2850</nrows><ncols>4271</ncols></imagesize><object><name>m2_s01_001_p_nic051</name><deleted>0</deleted><verified>0</verified><occluded>no</occluded><attributes></attributes><parts><hasparts></hasparts><ispartof></ispartof></parts><date>19-09-20 22:49:08:420</date><id>0</id><type>bounding_box</type><polygon><username>anonymous</username><pt><x>2446</x><y>1302</y><time>19-09-20 22:48:59:923</time></pt><pt><x>3828</x><y>1302</y><time>19-09-20 22:49:01:991</time></pt><pt><x>3828</x><y>2533</y><time>undefined</time></pt><pt><x>2446</x><y>2533</y><time>undefined</time></pt><closed_date>19-09-20 22:49:01:991</closed_date></polygon></object></annotation>