<annotation><filename>m1_s02_065_p_nic087.jpg</filename><folder>users/joselusava//valeria/sala2_065_nic</folder><source><submittedBy>Jose Saca</submittedBy></source><imagesize><nrows>2000</nrows><ncols>2992</ncols></imagesize><object><name>m1_s02_065_p_nic087</name><deleted>0</deleted><verified>0</verified><occluded>no</occluded><attributes></attributes><parts><hasparts></hasparts><ispartof></ispartof></parts><date>28-08-20 00:33:28:944</date><id>0</id><type>bounding_box</type><polygon><username>anonymous</username><pt><x>2587</x><y>1919</y><time>28-08-20 00:33:21:742</time></pt><pt><x>983</x><y>1919</y><time>28-08-20 00:33:24:464</time></pt><pt><x>983</x><y>1181</y><time>undefined</time></pt><pt><x>2587</x><y>1181</y><time>undefined</time></pt><closed_date>28-08-20 00:33:24:466</closed_date></polygon></object></annotation>