<annotation><filename>m2_s01_010_p_nic045.jpg</filename><folder>users/joselusava//santiago</folder><source><submittedBy>Jose Saca</submittedBy></source><imagesize><nrows>2850</nrows><ncols>4271</ncols></imagesize><object><name>m2_s01_010_p_nic045</name><deleted>0</deleted><verified>0</verified><occluded>no</occluded><attributes></attributes><parts><hasparts></hasparts><ispartof></ispartof></parts><date>22-09-20 20:40:55:459</date><id>0</id><type>bounding_box</type><polygon><username>anonymous</username><pt><x>2802</x><y>468</y><time>22-09-20 20:40:48:197</time></pt><pt><x>3667</x><y>468</y><time>22-09-20 20:40:49:200</time></pt><pt><x>3667</x><y>1330</y><time>undefined</time></pt><pt><x>2802</x><y>1330</y><time>undefined</time></pt><closed_date>22-09-20 20:40:49:201</closed_date></polygon></object></annotation>