<annotation><filename>m1_s02_065_p_nic054.jpg</filename><folder>users/joselusava//valeria/sala2_065_nic</folder><source><submittedBy>Jose Saca</submittedBy></source><imagesize><nrows>2000</nrows><ncols>2992</ncols></imagesize><object><name>m1_s02_065_p_nic054</name><deleted>0</deleted><verified>0</verified><occluded>no</occluded><attributes></attributes><parts><hasparts></hasparts><ispartof></ispartof></parts><date>27-08-20 23:19:49:185</date><id>0</id><type>bounding_box</type><polygon><username>anonymous</username><pt><x>2742</x><y>1413</y><time>27-08-20 23:19:43:772</time></pt><pt><x>993</x><y>1413</y><time>27-08-20 23:19:45:653</time></pt><pt><x>993</x><y>705</y><time>undefined</time></pt><pt><x>2742</x><y>705</y><time>undefined</time></pt><closed_date>27-08-20 23:19:45:654</closed_date></polygon></object></annotation>