<annotation><filename>m4_s04_039_p_nic097.jpg</filename><folder>users/joselusava//santiago_2</folder><source><submittedBy>Jose Saca</submittedBy></source><imagesize><nrows>2970</nrows><ncols>4451</ncols></imagesize><object><name>m4_s04_039_p_nic097</name><deleted>0</deleted><verified>0</verified><occluded>no</occluded><attributes></attributes><parts><hasparts></hasparts><ispartof></ispartof></parts><date>21-10-20 22:28:43:748</date><id>0</id><type>bounding_box</type><polygon><username>anonymous</username><pt><x>1014</x><y>1003</y><time>21-10-20 22:28:39:992</time></pt><pt><x>1688</x><y>1003</y><time>21-10-20 22:28:41:026</time></pt><pt><x>1688</x><y>2888</y><time>undefined</time></pt><pt><x>1014</x><y>2888</y><time>undefined</time></pt><closed_date>21-10-20 22:28:41:028</closed_date></polygon></object></annotation>