<annotation><filename>m1_s02_029_p_nic001.jpg</filename><folder>users/joselusava//museos2020</folder><source><submittedBy>Jose Saca</submittedBy></source><imagesize><nrows>3200</nrows><ncols>4800</ncols></imagesize><object><name>m1_s02_029_p_nic001</name><deleted>0</deleted><verified>0</verified><occluded>no</occluded><attributes></attributes><parts><hasparts></hasparts><ispartof></ispartof></parts><date>27-08-20 18:11:14:652</date><id>0</id><type>bounding_box</type><polygon><username>anonymous</username><pt><x>4199</x><y>3017</y><time>27-08-20 18:10:39:924</time></pt><pt><x>3028</x><y>3017</y><time>27-08-20 18:10:44:604</time></pt><pt><x>3028</x><y>1885</y><time>undefined</time></pt><pt><x>4199</x><y>1885</y><time>undefined</time></pt><closed_date>27-08-20 18:10:44:607</closed_date></polygon></object></annotation>