<annotation><filename>m1_s02_036_p_ic066.jpg</filename><folder>users/joselusava//valeria/sala2_036_ic</folder><source><submittedBy>Jose Saca</submittedBy></source><imagesize><nrows>3200</nrows><ncols>4800</ncols></imagesize><object><name>m1_s01_036_p_ic066</name><deleted>0</deleted><verified>0</verified><occluded>no</occluded><attributes></attributes><parts><hasparts></hasparts><ispartof></ispartof></parts><date>23-08-20 22:34:07:517</date><id>0</id><type>bounding_box</type><polygon><username>anonymous</username><pt><x>864</x><y>32</y><time>23-08-20 22:34:01:316</time></pt><pt><x>4059</x><y>32</y><time>23-08-20 22:34:03:515</time></pt><pt><x>4059</x><y>3023</y><time>undefined</time></pt><pt><x>864</x><y>3023</y><time>undefined</time></pt><closed_date>23-08-20 22:34:03:515</closed_date></polygon></object></annotation>