<annotation><filename>m2_s01_034_p_ic011.jpg</filename><folder>users/joselusava//kath</folder><source><submittedBy>Jose Saca</submittedBy></source><imagesize><nrows>2850</nrows><ncols>4271</ncols></imagesize><object><name>m2_s01_034_p_ic011</name><deleted>0</deleted><verified>0</verified><occluded>no</occluded><attributes></attributes><parts><hasparts></hasparts><ispartof></ispartof></parts><date>23-09-20 22:32:09:784</date><id>0</id><type>bounding_box</type><polygon><username>anonymous</username><pt><x>1242</x><y>190</y><time>23-09-20 22:31:55:248</time></pt><pt><x>2962</x><y>190</y><time>23-09-20 22:31:59:171</time></pt><pt><x>2962</x><y>2794</y><time>undefined</time></pt><pt><x>1242</x><y>2794</y><time>undefined</time></pt><closed_date>23-09-20 22:31:59:172</closed_date></polygon></object></annotation>