<annotation><filename>m2_s01_056_p_nic059.jpg</filename><folder>users/joselusava//m2_jsv/56/nic</folder><source><submittedBy>Jose Saca</submittedBy></source><imagesize><nrows>2850</nrows><ncols>4271</ncols></imagesize><object><name>m2_s01_056_p_nic059</name><deleted>0</deleted><verified>0</verified><occluded>no</occluded><attributes></attributes><parts><hasparts></hasparts><ispartof></ispartof></parts><date>28-09-20 22:27:09:968</date><id>0</id><type>bounding_box</type><polygon><username>anonymous</username><pt><x>4093</x><y>2021</y><time>28-09-20 22:27:08:291</time></pt><pt><x>2734</x><y>2021</y><time>28-09-20 22:27:09:231</time></pt><pt><x>2734</x><y>331</y><time>undefined</time></pt><pt><x>4093</x><y>331</y><time>undefined</time></pt><closed_date>28-09-20 22:27:09:232</closed_date></polygon></object></annotation>