<annotation><filename>m4_s12_186_p_ic071.jpg</filename><folder>users/joselusava//m4_js/186/ic</folder><source><submittedBy>Jose Saca</submittedBy></source><imagesize><nrows>3899</nrows><ncols>5844</ncols></imagesize><object><name>m4_s12_186_p_ic071</name><deleted>0</deleted><verified>0</verified><occluded>no</occluded><attributes></attributes><parts><hasparts></hasparts><ispartof></ispartof></parts><date>18-10-20 11:04:48:239</date><id>0</id><type>bounding_box</type><polygon><username>anonymous</username><pt><x>1983</x><y>432</y><time>18-10-20 11:04:46:225</time></pt><pt><x>3791</x><y>432</y><time>18-10-20 11:04:47:537</time></pt><pt><x>3791</x><y>3418</y><time>undefined</time></pt><pt><x>1983</x><y>3418</y><time>undefined</time></pt><closed_date>18-10-20 11:04:47:537</closed_date></polygon></object></annotation>