<annotation><filename>m4_s07_105_p_nic030.jpg</filename><folder>users/joselusava//kath/m4_105/nic</folder><source><submittedBy>Jose Saca</submittedBy></source><imagesize><nrows>2970</nrows><ncols>4451</ncols></imagesize><object><name>m4_s07_105_p_nic030</name><deleted>0</deleted><verified>0</verified><occluded>no</occluded><attributes></attributes><parts><hasparts></hasparts><ispartof></ispartof></parts><date>29-10-20 09:39:46:834</date><id>0</id><type>bounding_box</type><polygon><username>anonymous</username><pt><x>3926</x><y>2859</y><time>29-10-20 09:39:42:064</time></pt><pt><x>2893</x><y>2859</y><time>29-10-20 09:39:43:758</time></pt><pt><x>2893</x><y>1317</y><time>undefined</time></pt><pt><x>3926</x><y>1317</y><time>undefined</time></pt><closed_date>29-10-20 09:39:43:759</closed_date></polygon></object></annotation>