<annotation><filename>m3_s01_018_p_ic014.jpg</filename><folder>users/joselusava//m4_js/18/ic</folder><source><submittedBy>Jose Saca</submittedBy></source><imagesize><nrows>2970</nrows><ncols>4451</ncols></imagesize><object><name>m3_s01_018_p_ic014</name><deleted>0</deleted><verified>0</verified><occluded>no</occluded><attributes></attributes><parts><hasparts></hasparts><ispartof></ispartof></parts><date>05-11-20 10:19:22:370</date><id>0</id><type>bounding_box</type><polygon><username>anonymous</username><pt><x>3914</x><y>2767</y><time>05-11-20 10:19:19:930</time></pt><pt><x>95</x><y>2767</y><time>05-11-20 10:19:21:695</time></pt><pt><x>95</x><y>684</y><time>undefined</time></pt><pt><x>3914</x><y>684</y><time>undefined</time></pt><closed_date>05-11-20 10:19:21:695</closed_date></polygon></object></annotation>