<annotation><filename>m4_s10_157_p_ic074.jpg</filename><folder>users/joselusava//valeria/m04_s10_157_ic</folder><source><submittedBy>Jose Saca</submittedBy></source><imagesize><nrows>2970</nrows><ncols>4451</ncols></imagesize><object><name>m4_s10_157_p_ic074</name><deleted>0</deleted><verified>0</verified><occluded>no</occluded><attributes></attributes><parts><hasparts></hasparts><ispartof></ispartof></parts><date>12-10-20 18:05:48:500</date><id>0</id><type>bounding_box</type><polygon><username>anonymous</username><pt><x>1097</x><y>2700</y><time>12-10-20 18:05:43:324</time></pt><pt><x>3105</x><y>2700</y><time>12-10-20 18:05:45:268</time></pt><pt><x>3105</x><y>439</y><time>undefined</time></pt><pt><x>1097</x><y>439</y><time>undefined</time></pt><closed_date>12-10-20 18:05:45:269</closed_date></polygon></object></annotation>