<annotation><filename>m4_s02_015_p_ic095.jpg</filename><folder>users/joselusava//m4_js/15ic</folder><source><submittedBy>Jose Saca</submittedBy></source><imagesize><nrows>2910</nrows><ncols>4361</ncols></imagesize><object><name>m4_s02_015_p_ic095</name><deleted>0</deleted><verified>0</verified><occluded>no</occluded><attributes></attributes><parts><hasparts></hasparts><ispartof></ispartof></parts><date>03-10-20 19:48:04:106</date><id>0</id><type>bounding_box</type><polygon><username>anonymous</username><pt><x>984</x><y>296</y><time>03-10-20 19:48:02:161</time></pt><pt><x>3151</x><y>296</y><time>03-10-20 19:48:03:455</time></pt><pt><x>3151</x><y>2707</y><time>undefined</time></pt><pt><x>984</x><y>2707</y><time>undefined</time></pt><closed_date>03-10-20 19:48:03:455</closed_date></polygon></object></annotation>