<annotation><filename>m2_s02_129_p_nic087.jpg</filename><folder>users/joselusava//m2_jsv/129/nic</folder><source><submittedBy>Jose Saca</submittedBy></source><imagesize><nrows>2910</nrows><ncols>4361</ncols></imagesize><object><name>m2_s02_129_p_nic087</name><deleted>0</deleted><verified>0</verified><occluded>no</occluded><attributes></attributes><parts><hasparts></hasparts><ispartof></ispartof></parts><date>25-09-20 08:25:53:343</date><id>0</id><type>bounding_box</type><polygon><username>anonymous</username><pt><x>244</x><y>1384</y><time>25-09-20 08:25:50:624</time></pt><pt><x>1741</x><y>1384</y><time>25-09-20 08:25:52:630</time></pt><pt><x>1741</x><y>2446</y><time>undefined</time></pt><pt><x>244</x><y>2446</y><time>undefined</time></pt><closed_date>25-09-20 08:25:52:631</closed_date></polygon></object></annotation>