<annotation><filename>m3_s01_002_p_nic074.jpg</filename><folder>users/joselusava//santiago_3</folder><source><submittedBy>Jose Saca</submittedBy></source><imagesize><nrows>2970</nrows><ncols>4451</ncols></imagesize><object><name>m3_s01_002_p_nic074</name><deleted>0</deleted><verified>0</verified><occluded>no</occluded><attributes></attributes><parts><hasparts></hasparts><ispartof></ispartof></parts><date>29-10-20 21:02:11:727</date><id>0</id><type>bounding_box</type><polygon><username>anonymous</username><pt><x>89</x><y>614</y><time>29-10-20 21:02:08:001</time></pt><pt><x>2142</x><y>614</y><time>29-10-20 21:02:09:385</time></pt><pt><x>2142</x><y>2342</y><time>undefined</time></pt><pt><x>89</x><y>2342</y><time>undefined</time></pt><closed_date>29-10-20 21:02:09:386</closed_date></polygon></object></annotation>