<annotation><filename>m1_s01_004_p_ic042.jpg</filename><folder>users/joselusava//valeria_apoyo/sala001_004ic_ok</folder><source><submittedBy>Jose Saca</submittedBy></source><imagesize><nrows>2000</nrows><ncols>2992</ncols></imagesize><object><name>m1_s01_004_p_ic042</name><deleted>0</deleted><verified>0</verified><occluded>no</occluded><attributes></attributes><parts><hasparts></hasparts><ispartof></ispartof></parts><date>15-09-20 23:31:37:498</date><id>0</id><type>bounding_box</type><polygon><username>anonymous</username><pt><x>15</x><y>1867</y><time>15-09-20 23:31:30:527</time></pt><pt><x>2981</x><y>1867</y><time>15-09-20 23:31:33:871</time></pt><pt><x>2981</x><y>470</y><time>undefined</time></pt><pt><x>15</x><y>470</y><time>undefined</time></pt><closed_date>15-09-20 23:31:33:872</closed_date></polygon></object></annotation>