<annotation><filename>m4_s02_021_p_nic084.jpg</filename><folder>users/joselusava//santiago_2</folder><source><submittedBy>Jose Saca</submittedBy></source><imagesize><nrows>2910</nrows><ncols>4361</ncols></imagesize><object><name>m4_s02_021_p_nic084</name><deleted>0</deleted><verified>0</verified><occluded>no</occluded><attributes></attributes><parts><hasparts></hasparts><ispartof></ispartof></parts><date>05-10-20 11:51:38:499</date><id>0</id><type>bounding_box</type><polygon><username>anonymous</username><pt><x>2716</x><y>551</y><time>05-10-20 11:51:35:036</time></pt><pt><x>3745</x><y>551</y><time>05-10-20 11:51:36:295</time></pt><pt><x>3745</x><y>2148</y><time>undefined</time></pt><pt><x>2716</x><y>2148</y><time>undefined</time></pt><closed_date>05-10-20 11:51:36:295</closed_date></polygon></object></annotation>