<annotation><filename>m4_s04_047_p_nic036.jpg</filename><folder>users/joselusava//kath/kath_m4_047/nic</folder><source><submittedBy>Jose Saca</submittedBy></source><imagesize><nrows>2970</nrows><ncols>4451</ncols></imagesize><object><name>m4_s04_047_p_nic036</name><deleted>0</deleted><verified>0</verified><occluded>no</occluded><attributes></attributes><parts><hasparts></hasparts><ispartof></ispartof></parts><date>24-10-20 18:51:06:163</date><id>0</id><type>bounding_box</type><polygon><username>anonymous</username><pt><x>512</x><y>171</y><time>24-10-20 18:50:53:305</time></pt><pt><x>1737</x><y>171</y><time>24-10-20 18:50:55:978</time></pt><pt><x>1737</x><y>2614</y><time>undefined</time></pt><pt><x>512</x><y>2614</y><time>undefined</time></pt><closed_date>24-10-20 18:50:55:980</closed_date></polygon></object></annotation>