<annotation><filename>m1_s01_005_p_nic063.jpg</filename><folder>users/joselusava//museos2020</folder><source><submittedBy>Jose Saca</submittedBy></source><imagesize><nrows>2000</nrows><ncols>2992</ncols></imagesize><object><name>m1_s01_005_p_nic063</name><deleted>0</deleted><verified>0</verified><occluded>no</occluded><attributes></attributes><parts><hasparts></hasparts><ispartof></ispartof></parts><date>14-09-20 11:26:22:255</date><id>0</id><type>bounding_box</type><polygon><username>anonymous</username><pt><x>2351</x><y>776</y><time>14-09-20 11:26:11:183</time></pt><pt><x>2703</x><y>776</y><time>14-09-20 11:26:12:450</time></pt><pt><x>2703</x><y>1160</y><time>undefined</time></pt><pt><x>2351</x><y>1160</y><time>undefined</time></pt><closed_date>14-09-20 11:26:12:451</closed_date></polygon></object></annotation>