<annotation><filename>m3_s01_010_p_ic028.jpg</filename><folder>users/joselusava//m4_js/m3/10/ic</folder><source><submittedBy>Jose Saca</submittedBy></source><imagesize><nrows>2970</nrows><ncols>4451</ncols></imagesize><object><name>m3_s01_010_p_ic028</name><deleted>0</deleted><verified>0</verified><occluded>no</occluded><attributes></attributes><parts><hasparts></hasparts><ispartof></ispartof></parts><date>29-10-20 11:09:00:895</date><id>0</id><type>bounding_box</type><polygon><username>anonymous</username><pt><x>4259</x><y>2747</y><time>29-10-20 11:08:57:642</time></pt><pt><x>511</x><y>2747</y><time>29-10-20 11:08:59:881</time></pt><pt><x>511</x><y>224</y><time>undefined</time></pt><pt><x>4259</x><y>224</y><time>undefined</time></pt><closed_date>29-10-20 11:08:59:882</closed_date></polygon></object></annotation>