<annotation><filename>m2_s01_010_p_nic078.jpg</filename><folder>users/joselusava//santiago</folder><source><submittedBy>Jose Saca</submittedBy></source><imagesize><nrows>2850</nrows><ncols>4271</ncols></imagesize><object><name>m2_s01_010_p_nic078</name><deleted>0</deleted><verified>0</verified><occluded>no</occluded><attributes></attributes><parts><hasparts></hasparts><ispartof></ispartof></parts><date>22-09-20 21:33:09:795</date><id>0</id><type>bounding_box</type><polygon><username>anonymous</username><pt><x>1401</x><y>407</y><time>22-09-20 21:33:03:275</time></pt><pt><x>2113</x><y>407</y><time>22-09-20 21:33:04:065</time></pt><pt><x>2113</x><y>1064</y><time>undefined</time></pt><pt><x>1401</x><y>1064</y><time>undefined</time></pt><closed_date>22-09-20 21:33:04:066</closed_date></polygon></object></annotation>