<annotation><filename>m1_s02_029_p_nic014.jpg</filename><folder>users/joselusava//museos2020</folder><source><submittedBy>Jose Saca</submittedBy></source><imagesize><nrows>3200</nrows><ncols>4800</ncols></imagesize><object><name>m1_s02_029_p_nic014</name><deleted>0</deleted><verified>0</verified><occluded>no</occluded><attributes></attributes><parts><hasparts></hasparts><ispartof></ispartof></parts><date>27-08-20 18:30:59:072</date><id>0</id><type>bounding_box</type><polygon><username>anonymous</username><pt><x>2985</x><y>1761</y><time>27-08-20 18:30:53:552</time></pt><pt><x>4048</x><y>1761</y><time>27-08-20 18:30:55:219</time></pt><pt><x>4048</x><y>3017</y><time>undefined</time></pt><pt><x>2985</x><y>3017</y><time>undefined</time></pt><closed_date>27-08-20 18:30:55:220</closed_date></polygon></object></annotation>