<annotation><filename>m1_s01_021_p_ic095.jpg</filename><folder>users/joselusava//santiago</folder><source><submittedBy>Jose Saca</submittedBy></source><imagesize><nrows>3200</nrows><ncols>4800</ncols></imagesize><object><name>m1_s01_021_p_ic095</name><deleted>0</deleted><verified>0</verified><occluded>no</occluded><attributes></attributes><parts><hasparts></hasparts><ispartof></ispartof></parts><date>15-09-20 00:24:16:210</date><id>0</id><type>bounding_box</type><polygon><username>anonymous</username><pt><x>1706</x><y>493</y><time>15-09-20 00:24:08:554</time></pt><pt><x>2422</x><y>493</y><time>15-09-20 00:24:09:904</time></pt><pt><x>2422</x><y>1375</y><time>undefined</time></pt><pt><x>1706</x><y>1375</y><time>undefined</time></pt><closed_date>15-09-20 00:24:09:905</closed_date></polygon></object></annotation>