<annotation><filename>m4_s09_138_p_nic019.jpg</filename><folder>users/joselusava//santiago_2</folder><source><submittedBy>Jose Saca</submittedBy></source><imagesize><nrows>2970</nrows><ncols>4451</ncols></imagesize><object><name>m4_s09_138_p_nic019</name><deleted>0</deleted><verified>0</verified><occluded>no</occluded><attributes></attributes><parts><hasparts></hasparts><ispartof></ispartof></parts><date>22-10-20 23:17:33:934</date><id>0</id><type>bounding_box</type><polygon><username>anonymous</username><pt><x>1999</x><y>821</y><time>22-10-20 23:17:30:673</time></pt><pt><x>4066</x><y>821</y><time>22-10-20 23:17:32:006</time></pt><pt><x>4066</x><y>1867</y><time>undefined</time></pt><pt><x>1999</x><y>1867</y><time>undefined</time></pt><closed_date>22-10-20 23:17:32:007</closed_date></polygon></object></annotation>