<annotation><filename>m2_s02_190_p_nic046.jpg</filename><folder>users/joselusava//m2_jsv/190/nic</folder><source><submittedBy>Jose Saca</submittedBy></source><imagesize><nrows>2910</nrows><ncols>4361</ncols></imagesize><object><name>m2_s02_190_p_nic046</name><deleted>0</deleted><verified>0</verified><occluded>no</occluded><attributes></attributes><parts><hasparts></hasparts><ispartof></ispartof></parts><date>21-09-20 15:06:38:045</date><id>0</id><type>bounding_box</type><polygon><username>anonymous</username><pt><x>1445</x><y>2185</y><time>21-09-20 15:06:35:625</time></pt><pt><x>540</x><y>2185</y><time>21-09-20 15:06:37:405</time></pt><pt><x>540</x><y>1036</y><time>undefined</time></pt><pt><x>1445</x><y>1036</y><time>undefined</time></pt><closed_date>21-09-20 15:06:37:405</closed_date></polygon></object></annotation>