<annotation><filename>m1_s01_005_p_nic008.jpg</filename><folder>users/joselusava//museos2020</folder><source><submittedBy>Jose Saca</submittedBy></source><imagesize><nrows>2000</nrows><ncols>2992</ncols></imagesize><object><name>m1_s01_005_p_nic008</name><deleted>0</deleted><verified>0</verified><occluded>no</occluded><attributes></attributes><parts><hasparts></hasparts><ispartof></ispartof></parts><date>13-09-20 22:39:54:230</date><id>0</id><type>bounding_box</type><polygon><username>anonymous</username><pt><x>898</x><y>307</y><time>13-09-20 22:39:43:909</time></pt><pt><x>1575</x><y>307</y><time>13-09-20 22:39:46:965</time></pt><pt><x>1575</x><y>952</y><time>undefined</time></pt><pt><x>898</x><y>952</y><time>undefined</time></pt><closed_date>13-09-20 22:39:46:965</closed_date></polygon></object></annotation>