<annotation><filename>m1_s02_036_p_ic056.jpg</filename><folder>users/joselusava//valeria/sala2_036_ic</folder><source><submittedBy>Jose Saca</submittedBy></source><imagesize><nrows>3200</nrows><ncols>4800</ncols></imagesize><object><name>m1_s01_036_p_ic056</name><deleted>0</deleted><verified>0</verified><occluded>no</occluded><attributes></attributes><parts><hasparts></hasparts><ispartof></ispartof></parts><date>23-08-20 22:07:11:287</date><id>0</id><type>bounding_box</type><polygon><username>anonymous</username><pt><x>1310</x><y>413</y><time>23-08-20 22:07:02:363</time></pt><pt><x>3672</x><y>413</y><time>23-08-20 22:07:07:227</time></pt><pt><x>3672</x><y>2427</y><time>undefined</time></pt><pt><x>1310</x><y>2427</y><time>undefined</time></pt><closed_date>23-08-20 22:07:07:228</closed_date></polygon></object></annotation>