<annotation><filename>m1_s01_001_p_ic041.jpg</filename><folder>users/joselusava//juancarlos</folder><source><submittedBy>Jose Saca</submittedBy></source><imagesize><nrows>2000</nrows><ncols>2992</ncols></imagesize><object><name>m1_s01_001_p_ic041</name><deleted>0</deleted><verified>0</verified><occluded>no</occluded><attributes></attributes><parts><hasparts></hasparts><ispartof></ispartof></parts><date>31-08-20 11:51:27:391</date><id>0</id><type>bounding_box</type><polygon><username>anonymous</username><pt><x>1002</x><y>988</y><time>31-08-20 11:48:15:116</time></pt><pt><x>2038</x><y>988</y><time>31-08-20 11:48:17:653</time></pt><pt><x>2038</x><y>1744</y><time>undefined</time></pt><pt><x>1002</x><y>1744</y><time>undefined</time></pt><closed_date>31-08-20 11:48:17:655</closed_date></polygon></object></annotation>