<annotation><filename>m2_s07_264_p_ic027.jpg</filename><folder>users/joselusava//valeria/sala7_264_ic</folder><source><submittedBy>Jose Saca</submittedBy></source><imagesize><nrows>2910</nrows><ncols>4361</ncols></imagesize><object><name>m2_s07_264_p_ic027</name><deleted>0</deleted><verified>0</verified><occluded>no</occluded><attributes></attributes><parts><hasparts></hasparts><ispartof></ispartof></parts><date>22-09-20 19:27:31:250</date><id>0</id><type>bounding_box</type><polygon><username>anonymous</username><pt><x>2805</x><y>2436</y><time>22-09-20 19:27:26:191</time></pt><pt><x>1196</x><y>2436</y><time>22-09-20 19:27:28:391</time></pt><pt><x>1196</x><y>397</y><time>undefined</time></pt><pt><x>2805</x><y>397</y><time>undefined</time></pt><closed_date>22-09-20 19:27:28:392</closed_date></polygon></object></annotation>