<annotation><filename>m1_s01_004_p_nic076.jpg</filename><folder>users/joselusava//valeria_apoyo/sala01_004_nic</folder><source><submittedBy>Jose Saca</submittedBy></source><imagesize><nrows>3200</nrows><ncols>4800</ncols></imagesize><object><name>m1_s01_004_p_nic076</name><deleted>0</deleted><verified>0</verified><occluded>no</occluded><attributes></attributes><parts><hasparts></hasparts><ispartof></ispartof></parts><date>17-09-20 20:05:54:559</date><id>0</id><type>bounding_box</type><polygon><username>anonymous</username><pt><x>352</x><y>2158</y><time>17-09-20 20:05:48:950</time></pt><pt><x>3036</x><y>2158</y><time>17-09-20 20:05:51:100</time></pt><pt><x>3036</x><y>1424</y><time>undefined</time></pt><pt><x>352</x><y>1424</y><time>undefined</time></pt><closed_date>17-09-20 20:05:51:101</closed_date></polygon></object></annotation>