<annotation><filename>m1_s01_021_p_ic051.jpg</filename><folder>users/joselusava//santiago</folder><source><submittedBy>Jose Saca</submittedBy></source><imagesize><nrows>3200</nrows><ncols>4800</ncols></imagesize><object><name>m1_s01_021_p_ic051</name><deleted>0</deleted><verified>0</verified><occluded>no</occluded><attributes></attributes><parts><hasparts></hasparts><ispartof></ispartof></parts><date>14-09-20 23:25:34:716</date><id>0</id><type>bounding_box</type><polygon><username>anonymous</username><pt><x>1836</x><y>975</y><time>14-09-20 23:25:25:515</time></pt><pt><x>3117</x><y>975</y><time>14-09-20 23:25:27:916</time></pt><pt><x>3117</x><y>2512</y><time>undefined</time></pt><pt><x>1836</x><y>2512</y><time>undefined</time></pt><closed_date>14-09-20 23:25:27:918</closed_date></polygon></object></annotation>