<annotation><filename>m2_s07_266_x.jpg</filename><folder>users/joselusava//museos2020</folder><source><submittedBy>Jose Saca</submittedBy></source><imagesize><nrows>2910</nrows><ncols>4361</ncols></imagesize><object><name>m2_s07_266_x</name><deleted>0</deleted><verified>0</verified><occluded>no</occluded><attributes></attributes><parts><hasparts></hasparts><ispartof></ispartof></parts><date>27-09-20 22:10:23:193</date><id>0</id><type>bounding_box</type><polygon><username>anonymous</username><pt><x>753</x><y>302</y><time>27-09-20 22:10:16:618</time></pt><pt><x>3672</x><y>302</y><time>27-09-20 22:10:17:941</time></pt><pt><x>3672</x><y>2533</y><time>undefined</time></pt><pt><x>753</x><y>2533</y><time>undefined</time></pt><closed_date>27-09-20 22:10:17:941</closed_date></polygon></object></annotation>