<annotation><filename>m2_s05_236_p_ic048.jpg</filename><folder>users/joselusava//museos2020</folder><source><submittedBy>Jose Saca</submittedBy></source><imagesize><nrows>2910</nrows><ncols>4361</ncols></imagesize><object><name>m2_s05_236_p_ic048</name><deleted>0</deleted><verified>0</verified><occluded>no</occluded><attributes></attributes><parts><hasparts></hasparts><ispartof></ispartof></parts><date>16-09-20 18:40:44:147</date><id>0</id><type>bounding_box</type><polygon><username>anonymous</username><pt><x>414</x><y>102</y><time>16-09-20 18:40:35:701</time></pt><pt><x>4026</x><y>102</y><time>16-09-20 18:40:37:697</time></pt><pt><x>4026</x><y>2640</y><time>undefined</time></pt><pt><x>414</x><y>2640</y><time>undefined</time></pt><closed_date>16-09-20 18:40:37:699</closed_date></polygon></object></annotation>