<annotation><filename>m4_s10_157_p_ic013.jpg</filename><folder>users/joselusava//valeria/m04_s10_157_nic</folder><source><submittedBy>Jose Saca</submittedBy></source><imagesize><nrows>2970</nrows><ncols>4451</ncols></imagesize><object><name>m4_s10_157_p_nic013</name><deleted>0</deleted><verified>0</verified><occluded>no</occluded><attributes></attributes><parts><hasparts></hasparts><ispartof></ispartof></parts><date>12-10-20 19:07:20:787</date><id>0</id><type>bounding_box</type><polygon><username>anonymous</username><pt><x>1468</x><y>2205</y><time>12-10-20 19:07:14:253</time></pt><pt><x>3161</x><y>2205</y><time>12-10-20 19:07:16:970</time></pt><pt><x>3161</x><y>163</y><time>undefined</time></pt><pt><x>1468</x><y>163</y><time>undefined</time></pt><closed_date>12-10-20 19:07:16:972</closed_date></polygon></object></annotation>