<annotation><filename>m2_s03_201_p_nic064.jpg</filename><folder>users/joselusava//valeria/m2_sala03_201_nic</folder><source><submittedBy>Jose Saca</submittedBy></source><imagesize><nrows>2910</nrows><ncols>4361</ncols></imagesize><object><name>m2_s03_201_p_nic064</name><deleted>0</deleted><verified>0</verified><occluded>no</occluded><attributes></attributes><parts><hasparts></hasparts><ispartof></ispartof></parts><date>29-09-20 23:41:13:616</date><id>0</id><type>bounding_box</type><polygon><username>anonymous</username><pt><x>1830</x><y>2596</y><time>29-09-20 23:41:08:054</time></pt><pt><x>94</x><y>2596</y><time>29-09-20 23:41:10:323</time></pt><pt><x>94</x><y>435</y><time>undefined</time></pt><pt><x>1830</x><y>435</y><time>undefined</time></pt><closed_date>29-09-20 23:41:10:324</closed_date></polygon></object></annotation>