<annotation><filename>m3_s01_023_p_nic065.jpg</filename><folder>users/joselusava//santiago_3</folder><source><submittedBy>Jose Saca</submittedBy></source><imagesize><nrows>2970</nrows><ncols>4451</ncols></imagesize><object><name>m3_s01_023_p_nic065</name><deleted>0</deleted><verified>0</verified><occluded>no</occluded><attributes></attributes><parts><hasparts></hasparts><ispartof></ispartof></parts><date>06-11-20 11:19:16:038</date><id>0</id><type>bounding_box</type><polygon><username>anonymous</username><pt><x>1167</x><y>400</y><time>06-11-20 11:19:11:986</time></pt><pt><x>4334</x><y>400</y><time>06-11-20 11:19:13:278</time></pt><pt><x>4334</x><y>2406</y><time>undefined</time></pt><pt><x>1167</x><y>2406</y><time>undefined</time></pt><closed_date>06-11-20 11:19:13:279</closed_date></polygon></object></annotation>