<annotation><filename>m4_s02_021_p_ic048.jpg</filename><folder>users/joselusava//santiago_2</folder><source><submittedBy>Jose Saca</submittedBy></source><imagesize><nrows>3000</nrows><ncols>4496</ncols></imagesize><object><name>m4_s02_021_p_ic048</name><deleted>0</deleted><verified>0</verified><occluded>no</occluded><attributes></attributes><parts><hasparts></hasparts><ispartof></ispartof></parts><date>03-10-20 18:11:25:522</date><id>0</id><type>bounding_box</type><polygon><username>anonymous</username><pt><x>1407</x><y>357</y><time>03-10-20 18:11:22:015</time></pt><pt><x>2700</x><y>357</y><time>03-10-20 18:11:23:480</time></pt><pt><x>2700</x><y>2450</y><time>undefined</time></pt><pt><x>1407</x><y>2450</y><time>undefined</time></pt><closed_date>03-10-20 18:11:23:482</closed_date></polygon></object></annotation>