<annotation><filename>m2_s01_034_p_ic094.jpg</filename><folder>users/joselusava//kath</folder><source><submittedBy>Jose Saca</submittedBy></source><imagesize><nrows>2850</nrows><ncols>4271</ncols></imagesize><object><name>m2_s01_034_p_ic094</name><deleted>0</deleted><verified>0</verified><occluded>no</occluded><attributes></attributes><parts><hasparts></hasparts><ispartof></ispartof></parts><date>25-09-20 17:11:44:780</date><id>0</id><polygon><username>anonymous</username><pt><x>1253</x><y>229</y><time>25-09-20 17:11:35:047</time></pt><pt><x>3022</x><y>201</y><time>25-09-20 17:11:37:157</time></pt><pt><x>2886</x><y>2649</y><time>25-09-20 17:11:38:828</time></pt><pt><x>1368</x><y>2428</y><time>25-09-20 17:11:40:392</time></pt><closed_date>25-09-20 17:11:41:802</closed_date></polygon></object></annotation>