<annotation><filename>m1_s01_001_p_nic052.jpg</filename><folder>users/joselusava//juancarlos</folder><source><submittedBy>Jose Saca</submittedBy></source><imagesize><nrows>3200</nrows><ncols>4800</ncols></imagesize><object><name>m1_s01_001_p_nic052</name><deleted>0</deleted><verified>0</verified><occluded>no</occluded><attributes></attributes><parts><hasparts></hasparts><ispartof></ispartof></parts><date>09-09-20 17:05:36:483</date><id>0</id><type>bounding_box</type><polygon><username>anonymous</username><pt><x>970</x><y>442</y><time>09-09-20 17:05:25:104</time></pt><pt><x>2030</x><y>442</y><time>09-09-20 17:05:27:930</time></pt><pt><x>2030</x><y>1036</y><time>undefined</time></pt><pt><x>970</x><y>1036</y><time>undefined</time></pt><closed_date>09-09-20 17:05:27:931</closed_date></polygon></object></annotation>