<annotation><filename>m4_s09_138_p_ic022.jpg</filename><folder>users/joselusava//santiago_2</folder><source><submittedBy>Jose Saca</submittedBy></source><imagesize><nrows>2970</nrows><ncols>4451</ncols></imagesize><object><name>m4_s09_138_p_ic022</name><deleted>0</deleted><verified>0</verified><occluded>no</occluded><attributes></attributes><parts><hasparts></hasparts><ispartof></ispartof></parts><date>22-10-20 13:58:40:829</date><id>0</id><type>bounding_box</type><polygon><username>anonymous</username><pt><x>396</x><y>143</y><time>22-10-20 13:58:36:970</time></pt><pt><x>4344</x><y>143</y><time>22-10-20 13:58:38:773</time></pt><pt><x>4344</x><y>2149</y><time>undefined</time></pt><pt><x>396</x><y>2149</y><time>undefined</time></pt><closed_date>22-10-20 13:58:38:775</closed_date></polygon></object></annotation>