<annotation><filename>m1_s01_021_p_nic002.jpg</filename><folder>users/joselusava//santiago</folder><source><submittedBy>Jose Saca</submittedBy></source><imagesize><nrows>3200</nrows><ncols>4800</ncols></imagesize><object><name>m1_s01_021_p_nic002</name><deleted>0</deleted><verified>0</verified><occluded>no</occluded><attributes></attributes><parts><hasparts></hasparts><ispartof></ispartof></parts><date>15-09-20 00:34:20:140</date><id>0</id><type>bounding_box</type><polygon><username>anonymous</username><pt><x>3816</x><y>1559</y><time>15-09-20 00:34:11:327</time></pt><pt><x>4399</x><y>1559</y><time>15-09-20 00:34:12:514</time></pt><pt><x>4399</x><y>2351</y><time>undefined</time></pt><pt><x>3816</x><y>2351</y><time>undefined</time></pt><closed_date>15-09-20 00:34:12:515</closed_date></polygon></object></annotation>