<annotation><filename>m4_s04_047_p_ic026.jpg</filename><folder>users/joselusava//kath/kath_m4_047</folder><source><submittedBy>Jose Saca</submittedBy></source><imagesize><nrows>2970</nrows><ncols>4451</ncols></imagesize><object><name>m4_s04_047_p_ic026</name><deleted>0</deleted><verified>0</verified><occluded>no</occluded><attributes></attributes><parts><hasparts></hasparts><ispartof></ispartof></parts><date>24-10-20 13:50:55:035</date><id>0</id><type>bounding_box</type><polygon><username>anonymous</username><pt><x>1671</x><y>275</y><time>24-10-20 13:50:49:501</time></pt><pt><x>2784</x><y>275</y><time>24-10-20 13:50:52:234</time></pt><pt><x>2784</x><y>2628</y><time>undefined</time></pt><pt><x>1671</x><y>2628</y><time>undefined</time></pt><closed_date>24-10-20 13:50:52:235</closed_date></polygon></object></annotation>