<annotation><filename>m2_s01_018_p_nic069.jpg</filename><folder>users/joselusava//santiago_2</folder><source><submittedBy>Jose Saca</submittedBy></source><imagesize><nrows>2850</nrows><ncols>4271</ncols></imagesize><object><name>m2_s01_018_p_nic069</name><deleted>0</deleted><verified>0</verified><occluded>no</occluded><attributes></attributes><parts><hasparts></hasparts><ispartof></ispartof></parts><date>29-09-20 18:30:16:468</date><id>0</id><type>bounding_box</type><polygon><username>anonymous</username><pt><x>1276</x><y>478</y><time>29-09-20 18:30:12:903</time></pt><pt><x>1689</x><y>478</y><time>29-09-20 18:30:13:963</time></pt><pt><x>1689</x><y>971</y><time>undefined</time></pt><pt><x>1276</x><y>971</y><time>undefined</time></pt><closed_date>29-09-20 18:30:13:963</closed_date></polygon></object></annotation>