<annotation><filename>m4_s06_089_p_nic079.jpg</filename><folder>users/joselusava//santiago_2</folder><source><submittedBy>Jose Saca</submittedBy></source><imagesize><nrows>2970</nrows><ncols>4451</ncols></imagesize><object><name>m4_s06_089_p_nic079</name><deleted>0</deleted><verified>0</verified><occluded>no</occluded><attributes></attributes><parts><hasparts></hasparts><ispartof></ispartof></parts><date>12-10-20 22:07:28:353</date><id>0</id><type>bounding_box</type><polygon><username>anonymous</username><pt><x>1885</x><y>935</y><time>12-10-20 22:07:24:716</time></pt><pt><x>2824</x><y>935</y><time>12-10-20 22:07:26:286</time></pt><pt><x>2824</x><y>2727</y><time>undefined</time></pt><pt><x>1885</x><y>2727</y><time>undefined</time></pt><closed_date>12-10-20 22:07:26:287</closed_date></polygon></object></annotation>