<annotation><filename>m4_s04_047_p_nic053.jpg</filename><folder>users/joselusava//kath/kath_m4_047/nic</folder><source><submittedBy>Jose Saca</submittedBy></source><imagesize><nrows>2970</nrows><ncols>4451</ncols></imagesize><object><name>m4_s04_047_p_nic053</name><deleted>0</deleted><verified>0</verified><occluded>no</occluded><attributes></attributes><parts><hasparts></hasparts><ispartof></ispartof></parts><date>24-10-20 19:08:43:774</date><id>0</id><type>bounding_box</type><polygon><username>anonymous</username><pt><x>2890</x><y>1092</y><time>24-10-20 19:08:37:084</time></pt><pt><x>3669</x><y>1092</y><time>24-10-20 19:08:39:573</time></pt><pt><x>3669</x><y>2610</y><time>undefined</time></pt><pt><x>2890</x><y>2610</y><time>undefined</time></pt><closed_date>24-10-20 19:08:39:573</closed_date></polygon></object></annotation>