<annotation><filename>m1_s06_168_p_nic067.jpg</filename><folder>users/joselusava//jacob_2/168nic</folder><source><submittedBy>Jose Saca</submittedBy></source><imagesize><nrows>2736</nrows><ncols>4100</ncols></imagesize><object><name>m1_s06_168_p_nic067</name><deleted>0</deleted><verified>0</verified><occluded>no</occluded><attributes></attributes><parts><hasparts></hasparts><ispartof></ispartof></parts><date>08-09-20 23:25:01:307</date><id>0</id><type>bounding_box</type><polygon><username>anonymous</username><pt><x>221</x><y>2460</y><time>08-09-20 23:24:59:342</time></pt><pt><x>1058</x><y>2460</y><time>08-09-20 23:25:00:600</time></pt><pt><x>1058</x><y>1082</y><time>undefined</time></pt><pt><x>221</x><y>1082</y><time>undefined</time></pt><closed_date>08-09-20 23:25:00:601</closed_date></polygon></object></annotation>