<annotation><filename>m4_s02_015_p_nic090.jpg</filename><folder>users/joselusava//m4_js/15nic</folder><source><submittedBy>Jose Saca</submittedBy></source><imagesize><nrows>2910</nrows><ncols>4361</ncols></imagesize><object><name>m4_s02_015_p_nic090</name><deleted>0</deleted><verified>0</verified><occluded>no</occluded><attributes></attributes><parts><hasparts></hasparts><ispartof></ispartof></parts><date>06-10-20 20:18:34:603</date><id>0</id><type>bounding_box</type><polygon><username>anonymous</username><pt><x>252</x><y>270</y><time>06-10-20 20:18:32:626</time></pt><pt><x>1671</x><y>270</y><time>06-10-20 20:18:33:796</time></pt><pt><x>1671</x><y>1706</y><time>undefined</time></pt><pt><x>252</x><y>1706</y><time>undefined</time></pt><closed_date>06-10-20 20:18:33:796</closed_date></polygon></object></annotation>