<annotation><filename>m1_s06_168_p_nic033.jpg</filename><folder>users/joselusava//jacob_2/168nic</folder><source><submittedBy>Jose Saca</submittedBy></source><imagesize><nrows>2736</nrows><ncols>4100</ncols></imagesize><object><name>m1_s06_168_p_nic033</name><deleted>0</deleted><verified>0</verified><occluded>no</occluded><attributes></attributes><parts><hasparts></hasparts><ispartof></ispartof></parts><date>08-09-20 23:10:51:331</date><id>0</id><type>bounding_box</type><polygon><username>anonymous</username><pt><x>1268</x><y>344</y><time>08-09-20 23:10:49:382</time></pt><pt><x>2177</x><y>344</y><time>08-09-20 23:10:50:897</time></pt><pt><x>2177</x><y>1890</y><time>undefined</time></pt><pt><x>1268</x><y>1890</y><time>undefined</time></pt><closed_date>08-09-20 23:10:50:897</closed_date></polygon></object></annotation>