<annotation><filename>m4_s07_104_x.jpg</filename><folder>users/joselusava//kath/m4_x</folder><source><submittedBy>Jose Saca</submittedBy></source><imagesize><nrows>1948</nrows><ncols>2919</ncols></imagesize><object><name>m4_s07_104_x</name><deleted>0</deleted><verified>0</verified><occluded>no</occluded><attributes></attributes><parts><hasparts></hasparts><ispartof></ispartof></parts><date>21-10-20 11:14:02:035</date><id>0</id><polygon><username>anonymous</username><pt><x>1138</x><y>347</y><time>21-10-20 11:13:55:286</time></pt><pt><x>1078</x><y>1431</y><time>21-10-20 11:13:56:647</time></pt><pt><x>1904</x><y>1428</y><time>21-10-20 11:13:57:231</time></pt><pt><x>1661</x><y>337</y><time>21-10-20 11:13:58:729</time></pt><closed_date>21-10-20 11:13:59:687</closed_date></polygon></object></annotation>