<annotation><filename>m3_s01_013_p_nic088.jpg</filename><folder>users/joselusava//valeria/m03_s01_13_nic</folder><source><submittedBy>Jose Saca</submittedBy></source><imagesize><nrows>2970</nrows><ncols>4451</ncols></imagesize><object><name>m3_s01_013_p_nic088</name><deleted>0</deleted><verified>0</verified><occluded>no</occluded><attributes></attributes><parts><hasparts></hasparts><ispartof></ispartof></parts><date>07-11-20 00:18:24:536</date><id>0</id><type>bounding_box</type><polygon><username>anonymous</username><pt><x>80</x><y>2627</y><time>07-11-20 00:18:18:684</time></pt><pt><x>2130</x><y>2627</y><time>07-11-20 00:18:20:801</time></pt><pt><x>2130</x><y>508</y><time>undefined</time></pt><pt><x>80</x><y>508</y><time>undefined</time></pt><closed_date>07-11-20 00:18:20:801</closed_date></polygon></object></annotation>