<annotation><filename>m4_s04_039_p_nic005.jpg</filename><folder>users/joselusava//santiago_2</folder><source><submittedBy>Jose Saca</submittedBy></source><imagesize><nrows>2970</nrows><ncols>4451</ncols></imagesize><object><name>m4_s04_039_p_nic005</name><deleted>0</deleted><verified>0</verified><occluded>no</occluded><attributes></attributes><parts><hasparts></hasparts><ispartof></ispartof></parts><date>21-10-20 16:20:14:046</date><id>0</id><type>bounding_box</type><polygon><username>anonymous</username><pt><x>2824</x><y>104</y><time>21-10-20 16:20:10:843</time></pt><pt><x>3727</x><y>104</y><time>21-10-20 16:20:11:920</time></pt><pt><x>3727</x><y>2495</y><time>undefined</time></pt><pt><x>2824</x><y>2495</y><time>undefined</time></pt><closed_date>21-10-20 16:20:11:920</closed_date></polygon></object></annotation>