<annotation><filename>m3_s01_010_p_ic046.jpg</filename><folder>users/joselusava//m4_js/m3/10/ic</folder><source><submittedBy>Jose Saca</submittedBy></source><imagesize><nrows>2970</nrows><ncols>4451</ncols></imagesize><object><name>m3_s01_010_p_ic046</name><deleted>0</deleted><verified>0</verified><occluded>no</occluded><attributes></attributes><parts><hasparts></hasparts><ispartof></ispartof></parts><date>29-10-20 12:45:11:152</date><id>0</id><type>bounding_box</type><polygon><username>anonymous</username><pt><x>3908</x><y>2694</y><time>29-10-20 12:45:08:586</time></pt><pt><x>543</x><y>2694</y><time>29-10-20 12:45:10:427</time></pt><pt><x>543</x><y>149</y><time>undefined</time></pt><pt><x>3908</x><y>149</y><time>undefined</time></pt><closed_date>29-10-20 12:45:10:428</closed_date></polygon></object></annotation>