<annotation><filename>m2_s01_024_p_ic088.jpg</filename><folder>users/joselusava//santiago</folder><source><submittedBy>Jose Saca</submittedBy></source><imagesize><nrows>2850</nrows><ncols>4271</ncols></imagesize><object><name>m2_s01_024_p_ic088</name><deleted>0</deleted><verified>0</verified><occluded>no</occluded><attributes></attributes><parts><hasparts></hasparts><ispartof></ispartof></parts><date>24-09-20 23:06:00:597</date><id>0</id><type>bounding_box</type><polygon><username>anonymous</username><pt><x>1218</x><y>90</y><time>24-09-20 23:05:53:038</time></pt><pt><x>2927</x><y>90</y><time>24-09-20 23:05:55:218</time></pt><pt><x>2927</x><y>2805</y><time>undefined</time></pt><pt><x>1218</x><y>2805</y><time>undefined</time></pt><closed_date>24-09-20 23:05:55:219</closed_date></polygon></object></annotation>