<annotation><filename>m4_s11_178_p_ic010.jpg</filename><folder>users/joselusava//santiago_2</folder><source><submittedBy>Jose Saca</submittedBy></source><imagesize><nrows>2970</nrows><ncols>4451</ncols></imagesize><object><name>m4_s11_178_p_ic010</name><deleted>0</deleted><verified>0</verified><occluded>no</occluded><attributes></attributes><parts><hasparts></hasparts><ispartof></ispartof></parts><date>15-10-20 20:46:22:403</date><id>0</id><type>bounding_box</type><polygon><username>anonymous</username><pt><x>1410</x><y>771</y><time>15-10-20 20:46:18:451</time></pt><pt><x>2788</x><y>771</y><time>15-10-20 20:46:20:246</time></pt><pt><x>2788</x><y>2252</y><time>undefined</time></pt><pt><x>1410</x><y>2252</y><time>undefined</time></pt><closed_date>15-10-20 20:46:20:246</closed_date></polygon></object></annotation>