<annotation><filename>m1_s06_186_p_ic038.jpg</filename><folder>users/joselusava//jacob_2/186ic</folder><source><submittedBy>Jose Saca</submittedBy></source><imagesize><nrows>2736</nrows><ncols>4100</ncols></imagesize><object><name>s06_186_p_ic038</name><deleted>0</deleted><verified>0</verified><occluded>no</occluded><attributes></attributes><parts><hasparts></hasparts><ispartof></ispartof></parts><date>09-09-20 11:30:46:615</date><id>0</id><type>bounding_box</type><polygon><username>anonymous</username><pt><x>1268</x><y>2611</y><time>09-09-20 11:30:44:433</time></pt><pt><x>2733</x><y>2611</y><time>09-09-20 11:30:45:741</time></pt><pt><x>2733</x><y>33</y><time>undefined</time></pt><pt><x>1268</x><y>33</y><time>undefined</time></pt><closed_date>09-09-20 11:30:45:741</closed_date></polygon></object></annotation>