<annotation><filename>m4_s04_047_p_nic068.jpg</filename><folder>users/joselusava//kath/kath_m4_047/nic</folder><source><submittedBy>Jose Saca</submittedBy></source><imagesize><nrows>2970</nrows><ncols>4451</ncols></imagesize><object><name>m4_s04_047_p_nic068</name><deleted>0</deleted><verified>0</verified><occluded>no</occluded><attributes></attributes><parts><hasparts></hasparts><ispartof></ispartof></parts><date>24-10-20 19:24:59:815</date><id>0</id><type>bounding_box</type><polygon><username>anonymous</username><pt><x>2606</x><y>1745</y><time>24-10-20 19:24:53:876</time></pt><pt><x>3393</x><y>1745</y><time>24-10-20 19:24:55:855</time></pt><pt><x>3393</x><y>245</y><time>undefined</time></pt><pt><x>2606</x><y>245</y><time>undefined</time></pt><closed_date>24-10-20 19:24:55:856</closed_date></polygon></object></annotation>