<annotation><filename>m3_s01_002_p_ic061.jpg</filename><folder>users/joselusava//santiago_3</folder><source><submittedBy>Jose Saca</submittedBy></source><imagesize><nrows>2970</nrows><ncols>4451</ncols></imagesize><object><name>m3_s01_002_p_ic061</name><deleted>0</deleted><verified>0</verified><occluded>no</occluded><attributes></attributes><parts><hasparts></hasparts><ispartof></ispartof></parts><date>28-10-20 21:42:13:469</date><id>0</id><type>bounding_box</type><polygon><username>anonymous</username><pt><x>771</x><y>111</y><time>28-10-20 21:42:08:953</time></pt><pt><x>3798</x><y>111</y><time>28-10-20 21:42:10:838</time></pt><pt><x>3798</x><y>2024</y><time>undefined</time></pt><pt><x>771</x><y>2024</y><time>undefined</time></pt><closed_date>28-10-20 21:42:10:840</closed_date></polygon></object></annotation>