<annotation><filename>m2_s01_018_p_nic014.jpg</filename><folder>users/joselusava//santiago_2</folder><source><submittedBy>Jose Saca</submittedBy></source><imagesize><nrows>3000</nrows><ncols>4496</ncols></imagesize><object><name>m2_s01_018_p_nic014</name><deleted>0</deleted><verified>0</verified><occluded>no</occluded><attributes></attributes><parts><hasparts></hasparts><ispartof></ispartof></parts><date>28-09-20 19:37:00:478</date><id>0</id><type>bounding_box</type><polygon><username>anonymous</username><pt><x>371</x><y>1242</y><time>28-09-20 19:36:52:253</time></pt><pt><x>1114</x><y>1242</y><time>28-09-20 19:36:55:983</time></pt><pt><x>1114</x><y>1910</y><time>undefined</time></pt><pt><x>371</x><y>1910</y><time>undefined</time></pt><closed_date>28-09-20 19:36:55:985</closed_date></polygon></object></annotation>