<annotation><filename>m2_s06_250_p_ic001.jpg</filename><folder>users/joselusava//valeria/m2_sala06_250_ic</folder><source><submittedBy>Jose Saca</submittedBy></source><imagesize><nrows>2910</nrows><ncols>4361</ncols></imagesize><object><name>m2_s06_250_p_ic001</name><deleted>0</deleted><verified>0</verified><occluded>no</occluded><attributes></attributes><parts><hasparts></hasparts><ispartof></ispartof></parts><date>30-09-20 22:00:22:466</date><id>0</id><type>bounding_box</type><polygon><username>anonymous</username><pt><x>380</x><y>2056</y><time>30-09-20 22:00:14:964</time></pt><pt><x>4172</x><y>2056</y><time>30-09-20 22:00:18:426</time></pt><pt><x>4172</x><y>893</y><time>undefined</time></pt><pt><x>380</x><y>893</y><time>undefined</time></pt><closed_date>30-09-20 22:00:18:428</closed_date></polygon></object></annotation>