<annotation><filename>m4_s05_052_p_nic023.jpg</filename><folder>users/joselusava//santiago_2</folder><source><submittedBy>Jose Saca</submittedBy></source><imagesize><nrows>2910</nrows><ncols>4361</ncols></imagesize><object><name>m4_s05_052_p_nic023</name><deleted>0</deleted><verified>0</verified><occluded>no</occluded><attributes></attributes><parts><hasparts></hasparts><ispartof></ispartof></parts><date>08-10-20 20:00:37:388</date><id>0</id><type>bounding_box</type><polygon><username>anonymous</username><pt><x>208</x><y>998</y><time>08-10-20 20:00:33:773</time></pt><pt><x>1711</x><y>998</y><time>08-10-20 20:00:35:104</time></pt><pt><x>1711</x><y>2515</y><time>undefined</time></pt><pt><x>208</x><y>2515</y><time>undefined</time></pt><closed_date>08-10-20 20:00:35:105</closed_date></polygon></object></annotation>