<annotation><filename>m1_s02_036_p_nic079.jpg</filename><folder>users/joselusava//valeria/sala2_036_nic</folder><source><submittedBy>Jose Saca</submittedBy></source><imagesize><nrows>3200</nrows><ncols>4800</ncols></imagesize><object><name>m1_s02_036_p_nic079</name><deleted>0</deleted><verified>0</verified><occluded>no</occluded><attributes></attributes><parts><hasparts></hasparts><ispartof></ispartof></parts><date>27-08-20 01:33:07:805</date><id>0</id><type>bounding_box</type><polygon><username>anonymous</username><pt><x>1321</x><y>2024</y><time>27-08-20 01:33:00:353</time></pt><pt><x>628</x><y>2024</y><time>27-08-20 01:33:02:885</time></pt><pt><x>628</x><y>838</y><time>undefined</time></pt><pt><x>1321</x><y>838</y><time>undefined</time></pt><closed_date>27-08-20 01:33:02:886</closed_date></polygon></object></annotation>