<annotation><filename>m2_s06_244_p_nic047.jpg</filename><folder>users/joselusava//museos2020</folder><source><submittedBy>Jose Saca</submittedBy></source><imagesize><nrows>2910</nrows><ncols>4361</ncols></imagesize><object><name>m2_s06_244_p_ic047</name><deleted>0</deleted><verified>0</verified><occluded>no</occluded><attributes></attributes><parts><hasparts></hasparts><ispartof></ispartof></parts><date>25-09-20 18:59:14:767</date><id>0</id><type>bounding_box</type><polygon><username>anonymous</username><pt><x>414</x><y>1441</y><time>25-09-20 18:59:09:131</time></pt><pt><x>2055</x><y>1441</y><time>25-09-20 18:59:10:301</time></pt><pt><x>2055</x><y>2199</y><time>undefined</time></pt><pt><x>414</x><y>2199</y><time>undefined</time></pt><closed_date>25-09-20 18:59:10:301</closed_date></polygon></object></annotation>