<annotation><filename>m4_s04_037_p_ic026.jpg</filename><folder>users/joselusava//santiago_2</folder><source><submittedBy>Jose Saca</submittedBy></source><imagesize><nrows>2970</nrows><ncols>4451</ncols></imagesize><object><name>m4_s04_037_p_ic026</name><deleted>0</deleted><verified>0</verified><occluded>no</occluded><attributes></attributes><parts><hasparts></hasparts><ispartof></ispartof></parts><date>17-10-20 21:41:51:911</date><id>0</id><type>bounding_box</type><polygon><username>anonymous</username><pt><x>1556</x><y>157</y><time>17-10-20 21:41:47:496</time></pt><pt><x>2899</x><y>157</y><time>17-10-20 21:41:49:167</time></pt><pt><x>2899</x><y>2613</y><time>undefined</time></pt><pt><x>1556</x><y>2613</y><time>undefined</time></pt><closed_date>17-10-20 21:41:49:168</closed_date></polygon></object></annotation>