<annotation><filename>m4_s07_105_p_nic056.jpg</filename><folder>users/joselusava//kath/m4_105/nic</folder><source><submittedBy>Jose Saca</submittedBy></source><imagesize><nrows>2970</nrows><ncols>4451</ncols></imagesize><object><name>m4_s07_105_p_nic056</name><deleted>0</deleted><verified>0</verified><occluded>no</occluded><attributes></attributes><parts><hasparts></hasparts><ispartof></ispartof></parts><date>03-11-20 08:55:59:270</date><id>0</id><type>bounding_box</type><polygon><username>anonymous</username><pt><x>1360</x><y>2485</y><time>03-11-20 08:55:55:736</time></pt><pt><x>461</x><y>2485</y><time>03-11-20 08:55:56:839</time></pt><pt><x>461</x><y>812</y><time>undefined</time></pt><pt><x>1360</x><y>812</y><time>undefined</time></pt><closed_date>03-11-20 08:55:56:841</closed_date></polygon></object></annotation>