<annotation><filename>m4_s05_055_p_ic040.jpg</filename><folder>users/joselusava//valeria/m4_s05_055_ic</folder><source><submittedBy>Jose Saca</submittedBy></source><imagesize><nrows>2910</nrows><ncols>4361</ncols></imagesize><object><name>m4_s05_055_p_ic040</name><deleted>0</deleted><verified>0</verified><occluded>no</occluded><attributes></attributes><parts><hasparts></hasparts><ispartof></ispartof></parts><date>08-10-20 22:20:40:783</date><id>0</id><type>bounding_box</type><polygon><username>anonymous</username><pt><x>1383</x><y>386</y><time>08-10-20 22:20:35:883</time></pt><pt><x>2932</x><y>386</y><time>08-10-20 22:20:37:655</time></pt><pt><x>2932</x><y>2364</y><time>undefined</time></pt><pt><x>1383</x><y>2364</y><time>undefined</time></pt><closed_date>08-10-20 22:20:37:656</closed_date></polygon></object></annotation>