<annotation><filename>m3_s01_002_p_nic086.jpg</filename><folder>users/joselusava//santiago_3</folder><source><submittedBy>Jose Saca</submittedBy></source><imagesize><nrows>2970</nrows><ncols>4451</ncols></imagesize><object><name>m3_s01_002_p_nic086</name><deleted>0</deleted><verified>0</verified><occluded>no</occluded><attributes></attributes><parts><hasparts></hasparts><ispartof></ispartof></parts><date>29-10-20 21:12:09:420</date><id>0</id><type>bounding_box</type><polygon><username>anonymous</username><pt><x>1928</x><y>967</y><time>29-10-20 21:12:05:780</time></pt><pt><x>3745</x><y>967</y><time>29-10-20 21:12:07:029</time></pt><pt><x>3745</x><y>2817</y><time>undefined</time></pt><pt><x>1928</x><y>2817</y><time>undefined</time></pt><closed_date>29-10-20 21:12:07:031</closed_date></polygon></object></annotation>