<annotation><filename>m1_s01_005_p_ic086.jpg</filename><folder>users/joselusava//jacob/sala1/ic</folder><source><submittedBy>Jose Saca</submittedBy></source><imagesize><nrows>2000</nrows><ncols>2992</ncols></imagesize><object><name>m1_s01_005_p_ic086</name><deleted>0</deleted><verified>0</verified><occluded>no</occluded><attributes></attributes><parts><hasparts></hasparts><ispartof></ispartof></parts><date>14-09-20 20:53:01:454</date><id>0</id><type>bounding_box</type><polygon><username>anonymous</username><pt><x>1059</x><y>529</y><time>14-09-20 20:53:00:149</time></pt><pt><x>1999</x><y>529</y><time>14-09-20 20:53:00:906</time></pt><pt><x>1999</x><y>1356</y><time>undefined</time></pt><pt><x>1059</x><y>1356</y><time>undefined</time></pt><closed_date>14-09-20 20:53:00:906</closed_date></polygon></object></annotation>