<annotation><filename>m2_s01_054_p_ic083.jpg</filename><folder>users/joselusava//kath</folder><source><submittedBy>Jose Saca</submittedBy></source><imagesize><nrows>2850</nrows><ncols>4271</ncols></imagesize><object><name>m2_s01_054_p_ic083</name><deleted>0</deleted><verified>0</verified><occluded>no</occluded><attributes></attributes><parts><hasparts></hasparts><ispartof></ispartof></parts><date>30-09-20 00:00:44:277</date><id>0</id><type>bounding_box</type><polygon><username>anonymous</username><pt><x>1264</x><y>246</y><time>30-09-20 00:00:38:499</time></pt><pt><x>3004</x><y>246</y><time>30-09-20 00:00:41:324</time></pt><pt><x>3004</x><y>2794</y><time>undefined</time></pt><pt><x>1264</x><y>2794</y><time>undefined</time></pt><closed_date>30-09-20 00:00:41:325</closed_date></polygon></object></annotation>