<annotation><filename>m4_s09_130_x.jpg</filename><folder>users/joselusava//kath/m4_x</folder><source><submittedBy>Jose Saca</submittedBy></source><imagesize><nrows>2970</nrows><ncols>4451</ncols></imagesize><object><name>m4_s09_130_x</name><deleted>0</deleted><verified>0</verified><occluded>no</occluded><attributes></attributes><parts><hasparts></hasparts><ispartof></ispartof></parts><date>21-10-20 11:39:53:185</date><id>0</id><type>bounding_box</type><polygon><username>anonymous</username><pt><x>1077</x><y>284</y><time>21-10-20 11:39:47:792</time></pt><pt><x>3028</x><y>284</y><time>21-10-20 11:39:50:359</time></pt><pt><x>3028</x><y>2686</y><time>undefined</time></pt><pt><x>1077</x><y>2686</y><time>undefined</time></pt><closed_date>21-10-20 11:39:50:359</closed_date></polygon></object></annotation>