<annotation><filename>m2_s01_034_p_nic098.jpg</filename><folder>users/joselusava//kath</folder><source><submittedBy>Jose Saca</submittedBy></source><imagesize><nrows>2850</nrows><ncols>4271</ncols></imagesize><object><name>m2_s01_034_p_nic098</name><deleted>0</deleted><verified>0</verified><occluded>no</occluded><attributes></attributes><parts><hasparts></hasparts><ispartof></ispartof></parts><date>25-09-20 21:29:53:632</date><id>0</id><polygon><username>anonymous</username><pt><x>1038</x><y>215</y><time>25-09-20 21:29:43:721</time></pt><pt><x>1224</x><y>1647</y><time>25-09-20 21:29:44:928</time></pt><pt><x>394</x><y>1912</y><time>25-09-20 21:29:46:229</time></pt><pt><x>29</x><y>322</y><time>25-09-20 21:29:48:246</time></pt><closed_date>25-09-20 21:29:49:562</closed_date></polygon></object></annotation>