<annotation><filename>m4_s04_039_p_nic024.jpg</filename><folder>users/joselusava//santiago_2</folder><source><submittedBy>Jose Saca</submittedBy></source><imagesize><nrows>2970</nrows><ncols>4451</ncols></imagesize><object><name>m4_s04_039_p_nic024</name><deleted>0</deleted><verified>0</verified><occluded>no</occluded><attributes></attributes><parts><hasparts></hasparts><ispartof></ispartof></parts><date>21-10-20 21:04:50:031</date><id>0</id><type>bounding_box</type><polygon><username>anonymous</username><pt><x>1921</x><y>1064</y><time>21-10-20 21:04:47:007</time></pt><pt><x>2531</x><y>1064</y><time>21-10-20 21:04:48:367</time></pt><pt><x>2531</x><y>2866</y><time>undefined</time></pt><pt><x>1921</x><y>2866</y><time>undefined</time></pt><closed_date>21-10-20 21:04:48:368</closed_date></polygon></object></annotation>