<annotation><filename>m2_s02_119_x.jpg</filename><folder>users/joselusava//m2_jsv</folder><source><submittedBy>Jose Saca</submittedBy></source><imagesize><nrows>2910</nrows><ncols>4361</ncols></imagesize><object><name>m2_s02_119_x</name><deleted>0</deleted><verified>0</verified><occluded>no</occluded><attributes></attributes><parts><hasparts></hasparts><ispartof></ispartof></parts><date>19-09-20 23:27:16:890</date><id>0</id><type>bounding_box</type><polygon><username>anonymous</username><pt><x>2890</x><y>2202</y><time>19-09-20 23:27:14:865</time></pt><pt><x>1419</x><y>2202</y><time>19-09-20 23:27:16:309</time></pt><pt><x>1419</x><y>627</y><time>undefined</time></pt><pt><x>2890</x><y>627</y><time>undefined</time></pt><closed_date>19-09-20 23:27:16:309</closed_date></polygon></object></annotation>