<annotation><filename>m1_s10_301_x.jpg</filename><folder>users/joselusava//santiago</folder><source><submittedBy>Jose Saca</submittedBy></source><imagesize><nrows>3200</nrows><ncols>4800</ncols></imagesize><object><name>m1_s10_301_x</name><deleted>0</deleted><verified>0</verified><occluded>no</occluded><attributes></attributes><parts><hasparts></hasparts><ispartof></ispartof></parts><date>28-08-20 17:01:56:439</date><id>0</id><type>bounding_box</type><polygon><username>anonymous</username><pt><x>986</x><y>385</y><time>28-08-20 17:01:44:766</time></pt><pt><x>3852</x><y>385</y><time>28-08-20 17:01:46:864</time></pt><pt><x>3852</x><y>2862</y><time>undefined</time></pt><pt><x>986</x><y>2862</y><time>undefined</time></pt><closed_date>28-08-20 17:01:46:865</closed_date></polygon></object></annotation>