<annotation><filename>m2_s01_058_p_nic045.jpg</filename><folder>users/joselusava//m2_jsv/58/nic</folder><source><submittedBy>Jose Saca</submittedBy></source><imagesize><nrows>2850</nrows><ncols>4271</ncols></imagesize><object><name>m2_s01_058_p_nic045</name><deleted>0</deleted><verified>0</verified><occluded>no</occluded><attributes></attributes><parts><hasparts></hasparts><ispartof></ispartof></parts><date>29-09-20 23:06:48:369</date><id>0</id><type>bounding_box</type><polygon><username>anonymous</username><pt><x>4135</x><y>1560</y><time>29-09-20 23:06:46:422</time></pt><pt><x>2455</x><y>1560</y><time>29-09-20 23:06:47:500</time></pt><pt><x>2455</x><y>230</y><time>undefined</time></pt><pt><x>4135</x><y>230</y><time>undefined</time></pt><closed_date>29-09-20 23:06:47:501</closed_date></polygon></object></annotation>