<annotation><filename>m2_s01_032_p_nic095.jpg</filename><folder>users/joselusava//santiago_2</folder><source><submittedBy>Jose Saca</submittedBy></source><imagesize><nrows>2850</nrows><ncols>4271</ncols></imagesize><object><name>m2_s01_032_p_nic095</name><deleted>0</deleted><verified>0</verified><occluded>no</occluded><attributes></attributes><parts><hasparts></hasparts><ispartof></ispartof></parts><date>30-09-20 21:30:16:053</date><id>0</id><type>bounding_box</type><polygon><username>anonymous</username><pt><x>2653</x><y>295</y><time>30-09-20 21:30:12:365</time></pt><pt><x>3373</x><y>295</y><time>30-09-20 21:30:13:843</time></pt><pt><x>3373</x><y>1245</y><time>undefined</time></pt><pt><x>2653</x><y>1245</y><time>undefined</time></pt><closed_date>30-09-20 21:30:13:843</closed_date></polygon></object></annotation>