<annotation><filename>m4_s04_037_p_ic079.jpg</filename><folder>users/joselusava//santiago_2</folder><source><submittedBy>Jose Saca</submittedBy></source><imagesize><nrows>2970</nrows><ncols>4451</ncols></imagesize><object><name>m4_s04_037_p_ic079</name><deleted>0</deleted><verified>0</verified><occluded>no</occluded><attributes></attributes><parts><hasparts></hasparts><ispartof></ispartof></parts><date>18-10-20 22:09:10:855</date><id>0</id><type>bounding_box</type><polygon><username>anonymous</username><pt><x>1681</x><y>268</y><time>18-10-20 22:09:06:463</time></pt><pt><x>3066</x><y>268</y><time>18-10-20 22:09:08:264</time></pt><pt><x>3066</x><y>2631</y><time>undefined</time></pt><pt><x>1681</x><y>2631</y><time>undefined</time></pt><closed_date>18-10-20 22:09:08:265</closed_date></polygon></object></annotation>