<annotation><filename>m1_s02_052_p_ic068.jpg</filename><folder>users/joselusava//valeria/sala2_052_ic</folder><source><submittedBy>Jose Saca</submittedBy></source><imagesize><nrows>3200</nrows><ncols>4800</ncols></imagesize><object><name>m1_s02_052_p_ic068</name><deleted>0</deleted><verified>0</verified><occluded>no</occluded><attributes></attributes><parts><hasparts></hasparts><ispartof></ispartof></parts><date>25-08-20 19:16:00:448</date><id>0</id><type>bounding_box</type><polygon><username>anonymous</username><pt><x>950</x><y>0</y><time>25-08-20 19:15:44:888</time></pt><pt><x>4193</x><y>0</y><time>25-08-20 19:15:48:616</time></pt><pt><x>4193</x><y>2889</y><time>undefined</time></pt><pt><x>950</x><y>2889</y><time>undefined</time></pt><closed_date>25-08-20 19:15:48:639</closed_date></polygon></object></annotation>