<annotation><filename>m3_s01_002_p_ic097.jpg</filename><folder>users/joselusava//santiago_3</folder><source><submittedBy>Jose Saca</submittedBy></source><imagesize><nrows>2970</nrows><ncols>4451</ncols></imagesize><object><name>m3_s01_002_p_ic097</name><deleted>0</deleted><verified>0</verified><occluded>no</occluded><attributes></attributes><parts><hasparts></hasparts><ispartof></ispartof></parts><date>29-10-20 13:38:54:215</date><id>0</id><type>bounding_box</type><polygon><username>anonymous</username><pt><x>628</x><y>525</y><time>29-10-20 13:38:50:561</time></pt><pt><x>3670</x><y>525</y><time>29-10-20 13:38:52:064</time></pt><pt><x>3670</x><y>2399</y><time>undefined</time></pt><pt><x>628</x><y>2399</y><time>undefined</time></pt><closed_date>29-10-20 13:38:52:066</closed_date></polygon></object></annotation>