<annotation><filename>m4_s06_071_x.jpg</filename><folder>users/joselusava//kath/m4_x</folder><source><submittedBy>Jose Saca</submittedBy></source><imagesize><nrows>2970</nrows><ncols>4451</ncols></imagesize><object><name>m4_s06_071_x</name><deleted>0</deleted><verified>0</verified><occluded>no</occluded><attributes></attributes><parts><hasparts></hasparts><ispartof></ispartof></parts><date>20-10-20 09:38:17:898</date><id>0</id><polygon><username>anonymous</username><pt><x>1052</x><y>524</y><time>20-10-20 09:38:09:630</time></pt><pt><x>620</x><y>2384</y><time>20-10-20 09:38:10:745</time></pt><pt><x>3931</x><y>2326</y><time>20-10-20 09:38:11:756</time></pt><pt><x>3436</x><y>538</y><time>20-10-20 09:38:12:979</time></pt><closed_date>20-10-20 09:38:14:359</closed_date></polygon></object></annotation>