<annotation><filename>m2_s01_058_p_nic077.jpg</filename><folder>users/joselusava//m2_jsv/58/nic</folder><source><submittedBy>Jose Saca</submittedBy></source><imagesize><nrows>2850</nrows><ncols>4271</ncols></imagesize><object><name>m2_s01_058_p_nic077</name><deleted>0</deleted><verified>0</verified><occluded>no</occluded><attributes></attributes><parts><hasparts></hasparts><ispartof></ispartof></parts><date>29-09-20 23:22:32:194</date><id>0</id><type>bounding_box</type><polygon><username>anonymous</username><pt><x>1952</x><y>2711</y><time>29-09-20 23:22:30:515</time></pt><pt><x>835</x><y>2711</y><time>29-09-20 23:22:31:590</time></pt><pt><x>835</x><y>1645</y><time>undefined</time></pt><pt><x>1952</x><y>1645</y><time>undefined</time></pt><closed_date>29-09-20 23:22:31:591</closed_date></polygon></object></annotation>