<annotation><filename>m4_s06_089_p_ic031.jpg</filename><folder>users/joselusava//santiago_2</folder><source><submittedBy>Jose Saca</submittedBy></source><imagesize><nrows>2970</nrows><ncols>4451</ncols></imagesize><object><name>m4_s06_089_p_ic031</name><deleted>0</deleted><verified>0</verified><occluded>no</occluded><attributes></attributes><parts><hasparts></hasparts><ispartof></ispartof></parts><date>11-10-20 17:58:30:369</date><id>0</id><type>bounding_box</type><polygon><username>anonymous</username><pt><x>1418</x><y>548</y><time>11-10-20 17:58:27:107</time></pt><pt><x>3058</x><y>548</y><time>11-10-20 17:58:28:513</time></pt><pt><x>3058</x><y>2546</y><time>undefined</time></pt><pt><x>1418</x><y>2546</y><time>undefined</time></pt><closed_date>11-10-20 17:58:28:514</closed_date></polygon></object></annotation>