<annotation><filename>m4_s12_185_p_ic070.jpg</filename><folder>users/joselusava//valeria/m04_s12_185_ic</folder><source><submittedBy>Jose Saca</submittedBy></source><imagesize><nrows>2910</nrows><ncols>4361</ncols></imagesize><object><name>m4_s12_185_p_ic070</name><deleted>0</deleted><verified>0</verified><occluded>no</occluded><attributes></attributes><parts><hasparts></hasparts><ispartof></ispartof></parts><date>17-10-20 18:22:04:848</date><id>0</id><type>bounding_box</type><polygon><username>anonymous</username><pt><x>3761</x><y>2591</y><time>17-10-20 18:21:56:700</time></pt><pt><x>627</x><y>2591</y><time>17-10-20 18:21:58:707</time></pt><pt><x>627</x><y>341</y><time>undefined</time></pt><pt><x>3761</x><y>341</y><time>undefined</time></pt><closed_date>17-10-20 18:21:58:708</closed_date></polygon></object></annotation>