<annotation><filename>m4_s11_178_p_nic097.jpg</filename><folder>users/joselusava//santiago_2</folder><source><submittedBy>Jose Saca</submittedBy></source><imagesize><nrows>2970</nrows><ncols>4451</ncols></imagesize><object><name>m4_s11_178_p_nic097</name><deleted>0</deleted><verified>0</verified><occluded>no</occluded><attributes></attributes><parts><hasparts></hasparts><ispartof></ispartof></parts><date>16-10-20 11:54:16:826</date><id>0</id><type>bounding_box</type><polygon><username>anonymous</username><pt><x>2724</x><y>1528</y><time>16-10-20 11:54:13:932</time></pt><pt><x>3648</x><y>1528</y><time>16-10-20 11:54:14:990</time></pt><pt><x>3648</x><y>2581</y><time>undefined</time></pt><pt><x>2724</x><y>2581</y><time>undefined</time></pt><closed_date>16-10-20 11:54:14:991</closed_date></polygon></object></annotation>