<annotation><filename>m2_s03_219_p_nic027.jpg</filename><folder>users/joselusava//valeria/m2_sala03_219_nic</folder><source><submittedBy>Jose Saca</submittedBy></source><imagesize><nrows>2910</nrows><ncols>4361</ncols></imagesize><object><name>m2_s03_219_p_nic027</name><deleted>0</deleted><verified>0</verified><occluded>no</occluded><attributes></attributes><parts><hasparts></hasparts><ispartof></ispartof></parts><date>29-09-20 17:32:50:879</date><id>0</id><type>bounding_box</type><polygon><username>anonymous</username><pt><x>2734</x><y>1824</y><time>29-09-20 17:32:44:040</time></pt><pt><x>1554</x><y>1824</y><time>29-09-20 17:32:45:872</time></pt><pt><x>1554</x><y>149</y><time>undefined</time></pt><pt><x>2734</x><y>149</y><time>undefined</time></pt><closed_date>29-09-20 17:32:45:873</closed_date></polygon></object></annotation>