<annotation><filename>m2_s01_024_p_nic035.jpg</filename><folder>users/joselusava//santiago</folder><source><submittedBy>Jose Saca</submittedBy></source><imagesize><nrows>2850</nrows><ncols>4271</ncols></imagesize><object><name>m2_s01_024_p_nic035</name><deleted>0</deleted><verified>0</verified><occluded>no</occluded><attributes></attributes><parts><hasparts></hasparts><ispartof></ispartof></parts><date>25-09-20 14:02:59:730</date><id>0</id><type>bounding_box</type><polygon><username>anonymous</username><pt><x>478</x><y>1157</y><time>25-09-20 14:02:52:028</time></pt><pt><x>1350</x><y>1157</y><time>25-09-20 14:02:53:553</time></pt><pt><x>1350</x><y>2565</y><time>undefined</time></pt><pt><x>478</x><y>2565</y><time>undefined</time></pt><closed_date>25-09-20 14:02:53:554</closed_date></polygon></object></annotation>