<annotation><filename>m1_s02_065_p_nic020.jpg</filename><folder>users/joselusava//valeria/sala2_065_nic</folder><source><submittedBy>Jose Saca</submittedBy></source><imagesize><nrows>2000</nrows><ncols>2992</ncols></imagesize><object><name>m1_s02_065_p_nic020</name><deleted>0</deleted><verified>0</verified><occluded>no</occluded><attributes></attributes><parts><hasparts></hasparts><ispartof></ispartof></parts><date>27-08-20 22:19:07:271</date><id>0</id><type>bounding_box</type><polygon><username>anonymous</username><pt><x>2762</x><y>1899</y><time>27-08-20 22:18:56:748</time></pt><pt><x>1064</x><y>1899</y><time>27-08-20 22:18:59:228</time></pt><pt><x>1064</x><y>1037</y><time>undefined</time></pt><pt><x>2762</x><y>1037</y><time>undefined</time></pt><closed_date>27-08-20 22:18:59:229</closed_date></polygon></object></annotation>