<annotation><filename>m4_s04_047_p_nic025.jpg</filename><folder>users/joselusava//kath/kath_m4_047/nic</folder><source><submittedBy>Jose Saca</submittedBy></source><imagesize><nrows>2970</nrows><ncols>4451</ncols></imagesize><object><name>m4_s04_047_p_nic025</name><deleted>0</deleted><verified>0</verified><occluded>no</occluded><attributes></attributes><parts><hasparts></hasparts><ispartof></ispartof></parts><date>24-10-20 18:32:45:603</date><id>0</id><type>bounding_box</type><polygon><username>anonymous</username><pt><x>468</x><y>290</y><time>24-10-20 18:32:39:817</time></pt><pt><x>1648</x><y>290</y><time>24-10-20 18:32:41:641</time></pt><pt><x>1648</x><y>2658</y><time>undefined</time></pt><pt><x>468</x><y>2658</y><time>undefined</time></pt><closed_date>24-10-20 18:32:41:643</closed_date></polygon></object></annotation>