<annotation><filename>m4_s04_045_p_nic052.jpg</filename><folder>users/joselusava//valeria/m04_s04_45_nic</folder><source><submittedBy>Jose Saca</submittedBy></source><imagesize><nrows>2970</nrows><ncols>4451</ncols></imagesize><object><name>m4_s04_045_p_nic052</name><deleted>0</deleted><verified>0</verified><occluded>no</occluded><attributes></attributes><parts><hasparts></hasparts><ispartof></ispartof></parts><date>20-10-20 14:55:09:785</date><id>0</id><type>bounding_box</type><polygon><username>anonymous</username><pt><x>1188</x><y>1365</y><time>20-10-20 14:55:03:968</time></pt><pt><x>1725</x><y>1365</y><time>20-10-20 14:55:05:386</time></pt><pt><x>1725</x><y>251</y><time>undefined</time></pt><pt><x>1188</x><y>251</y><time>undefined</time></pt><closed_date>20-10-20 14:55:05:387</closed_date></polygon></object></annotation>