<annotation><filename>m1_s06_141_p_ic088.jpg</filename><folder>users/joselusava//jacob_2/141ic</folder><source><submittedBy>Jose Saca</submittedBy></source><imagesize><nrows>2736</nrows><ncols>4100</ncols></imagesize><object><name>m1_s06_141_p_ic088</name><deleted>0</deleted><verified>0</verified><occluded>no</occluded><attributes></attributes><parts><hasparts></hasparts><ispartof></ispartof></parts><date>05-09-20 00:02:38:304</date><id>0</id><type>bounding_box</type><polygon><username>anonymous</username><pt><x>1008</x><y>2449</y><time>05-09-20 00:02:34:284</time></pt><pt><x>2909</x><y>2449</y><time>05-09-20 00:02:36:781</time></pt><pt><x>2909</x><y>183</y><time>undefined</time></pt><pt><x>1008</x><y>183</y><time>undefined</time></pt><closed_date>05-09-20 00:02:36:782</closed_date></polygon></object></annotation>