<annotation><filename>m1_s06_144_p_nic040.jpg</filename><folder>users/joselusava//jacob_2/144nic</folder><source><submittedBy>Jose Saca</submittedBy></source><imagesize><nrows>2736</nrows><ncols>4100</ncols></imagesize><object><name>m1_s06_144_p_nic040</name><deleted>0</deleted><verified>0</verified><occluded>no</occluded><attributes></attributes><parts><hasparts></hasparts><ispartof></ispartof></parts><date>08-09-20 02:09:55:480</date><id>0</id><type>bounding_box</type><polygon><username>anonymous</username><pt><x>1162</x><y>2643</y><time>08-09-20 02:09:52:842</time></pt><pt><x>2537</x><y>2643</y><time>08-09-20 02:09:54:774</time></pt><pt><x>2537</x><y>1007</y><time>undefined</time></pt><pt><x>1162</x><y>1007</y><time>undefined</time></pt><closed_date>08-09-20 02:09:54:774</closed_date></polygon></object></annotation>