<annotation><filename>m4_s10_164_p_ic011.jpg</filename><folder>users/joselusava//santiago_2</folder><source><submittedBy>Jose Saca</submittedBy></source><imagesize><nrows>2970</nrows><ncols>4451</ncols></imagesize><object><name>m4_s10_164_p_ic011</name><deleted>0</deleted><verified>0</verified><occluded>no</occluded><attributes></attributes><parts><hasparts></hasparts><ispartof></ispartof></parts><date>13-10-20 22:06:25:904</date><id>0</id><type>bounding_box</type><polygon><username>anonymous</username><pt><x>1903</x><y>975</y><time>13-10-20 22:06:23:341</time></pt><pt><x>2581</x><y>975</y><time>13-10-20 22:06:24:103</time></pt><pt><x>2581</x><y>1721</y><time>undefined</time></pt><pt><x>1903</x><y>1721</y><time>undefined</time></pt><closed_date>13-10-20 22:06:24:104</closed_date></polygon></object></annotation>