<annotation><filename>m2_s05_236_p_ic067.jpg</filename><folder>users/joselusava//museos2020</folder><source><submittedBy>Jose Saca</submittedBy></source><imagesize><nrows>2910</nrows><ncols>4361</ncols></imagesize><object><name>m2_s05_236_p_ic067</name><deleted>0</deleted><verified>0</verified><occluded>no</occluded><attributes></attributes><parts><hasparts></hasparts><ispartof></ispartof></parts><date>16-09-20 19:08:10:939</date><id>0</id><type>bounding_box</type><polygon><username>anonymous</username><pt><x>186</x><y>265</y><time>16-09-20 19:08:03:361</time></pt><pt><x>3152</x><y>265</y><time>16-09-20 19:08:04:904</time></pt><pt><x>3152</x><y>2784</y><time>undefined</time></pt><pt><x>186</x><y>2784</y><time>undefined</time></pt><closed_date>16-09-20 19:08:04:904</closed_date></polygon></object></annotation>