<annotation><filename>m4_s05_060_p_nic089.jpg</filename><folder>users/joselusava//m4_js/60/nic</folder><source><submittedBy>Jose Saca</submittedBy></source><imagesize><nrows>2910</nrows><ncols>4361</ncols></imagesize><object><name>m4_s05_060_p_nic089</name><deleted>0</deleted><verified>0</verified><occluded>no</occluded><attributes></attributes><parts><hasparts></hasparts><ispartof></ispartof></parts><date>14-10-20 00:24:17:595</date><id>0</id><type>bounding_box</type><polygon><username>anonymous</username><pt><x>192</x><y>2881</y><time>14-10-20 00:24:15:229</time></pt><pt><x>3673</x><y>2881</y><time>14-10-20 00:24:16:902</time></pt><pt><x>3673</x><y>1071</y><time>undefined</time></pt><pt><x>192</x><y>1071</y><time>undefined</time></pt><closed_date>14-10-20 00:24:16:902</closed_date></polygon></object></annotation>