<annotation><filename>m1_s02_052_p_nic093.jpg</filename><folder>users/joselusava//valeria/sala2_052_nic</folder><source><submittedBy>Jose Saca</submittedBy></source><imagesize><nrows>3200</nrows><ncols>4800</ncols></imagesize><object><name>m1_s02_052_p_nic093</name><deleted>0</deleted><verified>0</verified><occluded>no</occluded><attributes></attributes><parts><hasparts></hasparts><ispartof></ispartof></parts><date>27-08-20 17:56:30:894</date><id>0</id><type>bounding_box</type><polygon><username>anonymous</username><pt><x>3184</x><y>91</y><time>27-08-20 17:56:25:181</time></pt><pt><x>1761</x><y>91</y><time>27-08-20 17:56:27:344</time></pt><pt><x>1761</x><y>1460</y><time>undefined</time></pt><pt><x>3184</x><y>1460</y><time>undefined</time></pt><closed_date>27-08-20 17:56:27:344</closed_date></polygon></object></annotation>