<annotation><filename>m2_s03_219_p_nic045.jpg</filename><folder>users/joselusava//valeria/m2_sala03_219_nic</folder><source><submittedBy>Jose Saca</submittedBy></source><imagesize><nrows>2910</nrows><ncols>4361</ncols></imagesize><object><name>m2_s03_219_p_nic045</name><deleted>0</deleted><verified>0</verified><occluded>no</occluded><attributes></attributes><parts><hasparts></hasparts><ispartof></ispartof></parts><date>29-09-20 18:00:47:483</date><id>0</id><type>bounding_box</type><polygon><username>anonymous</username><pt><x>3836</x><y>2656</y><time>29-09-20 18:00:42:593</time></pt><pt><x>2497</x><y>2656</y><time>29-09-20 18:00:44:193</time></pt><pt><x>2497</x><y>987</y><time>undefined</time></pt><pt><x>3836</x><y>987</y><time>undefined</time></pt><closed_date>29-09-20 18:00:44:194</closed_date></polygon></object></annotation>