<annotation><filename>m2_s01_056_p_nic034.jpg</filename><folder>users/joselusava//m2_jsv/56/nic</folder><source><submittedBy>Jose Saca</submittedBy></source><imagesize><nrows>2850</nrows><ncols>4271</ncols></imagesize><object><name>m2_s01_056_p_nic034</name><deleted>0</deleted><verified>0</verified><occluded>no</occluded><attributes></attributes><parts><hasparts></hasparts><ispartof></ispartof></parts><date>28-09-20 22:18:56:156</date><id>0</id><type>bounding_box</type><polygon><username>anonymous</username><pt><x>4203</x><y>2811</y><time>28-09-20 22:18:54:356</time></pt><pt><x>2887</x><y>2811</y><time>28-09-20 22:18:55:552</time></pt><pt><x>2887</x><y>1172</y><time>undefined</time></pt><pt><x>4203</x><y>1172</y><time>undefined</time></pt><closed_date>28-09-20 22:18:55:552</closed_date></polygon></object></annotation>