<annotation><filename>m4_s04_037_p_ic023.jpg</filename><folder>users/joselusava//santiago_2</folder><source><submittedBy>Jose Saca</submittedBy></source><imagesize><nrows>2970</nrows><ncols>4451</ncols></imagesize><object><name>m4_s04_037_p_ic023</name><deleted>0</deleted><verified>0</verified><occluded>no</occluded><attributes></attributes><parts><hasparts></hasparts><ispartof></ispartof></parts><date>17-10-20 21:37:39:998</date><id>0</id><type>bounding_box</type><polygon><username>anonymous</username><pt><x>1571</x><y>336</y><time>17-10-20 21:37:35:808</time></pt><pt><x>2831</x><y>336</y><time>17-10-20 21:37:37:558</time></pt><pt><x>2831</x><y>2399</y><time>undefined</time></pt><pt><x>1571</x><y>2399</y><time>undefined</time></pt><closed_date>17-10-20 21:37:37:559</closed_date></polygon></object></annotation>