<annotation><filename>m1_s01_001_p_ic023.jpg</filename><folder>users/joselusava//juancarlos</folder><source><submittedBy>Jose Saca</submittedBy></source><imagesize><nrows>2000</nrows><ncols>2992</ncols></imagesize><object><name>m1_s01_001_p_ic023</name><deleted>0</deleted><verified>0</verified><occluded>no</occluded><attributes></attributes><parts><hasparts></hasparts><ispartof></ispartof></parts><date>26-08-20 15:53:27:708</date><id>0</id><type>bounding_box</type><polygon><username>anonymous</username><pt><x>811</x><y>587</y><time>26-08-20 15:52:18:717</time></pt><pt><x>2144</x><y>587</y><time>26-08-20 15:52:26:128</time></pt><pt><x>2144</x><y>1345</y><time>undefined</time></pt><pt><x>811</x><y>1345</y><time>undefined</time></pt><closed_date>26-08-20 15:52:26:131</closed_date></polygon></object></annotation>