<annotation><filename>m4_s04_039_p_nic093.jpg</filename><folder>users/joselusava//santiago_2</folder><source><submittedBy>Jose Saca</submittedBy></source><imagesize><nrows>2970</nrows><ncols>4451</ncols></imagesize><object><name>m4_s04_039_p_nic093</name><deleted>0</deleted><verified>0</verified><occluded>no</occluded><attributes></attributes><parts><hasparts></hasparts><ispartof></ispartof></parts><date>21-10-20 22:25:39:100</date><id>0</id><type>bounding_box</type><polygon><username>anonymous</username><pt><x>1838</x><y>1074</y><time>21-10-20 22:25:36:324</time></pt><pt><x>2609</x><y>1074</y><time>21-10-20 22:25:37:402</time></pt><pt><x>2609</x><y>2877</y><time>undefined</time></pt><pt><x>1838</x><y>2877</y><time>undefined</time></pt><closed_date>21-10-20 22:25:37:404</closed_date></polygon></object></annotation>