<annotation><filename>m4_s10_164_p_ic047.jpg</filename><folder>users/joselusava//santiago_2</folder><source><submittedBy>Jose Saca</submittedBy></source><imagesize><nrows>2970</nrows><ncols>4451</ncols></imagesize><object><name>m4_s10_164_p_ic047</name><deleted>0</deleted><verified>0</verified><occluded>no</occluded><attributes></attributes><parts><hasparts></hasparts><ispartof></ispartof></parts><date>13-10-20 22:38:13:013</date><id>0</id><type>bounding_box</type><polygon><username>anonymous</username><pt><x>2049</x><y>1099</y><time>13-10-20 22:38:09:968</time></pt><pt><x>2595</x><y>1099</y><time>13-10-20 22:38:10:832</time></pt><pt><x>2595</x><y>1831</y><time>undefined</time></pt><pt><x>2049</x><y>1831</y><time>undefined</time></pt><closed_date>13-10-20 22:38:10:833</closed_date></polygon></object></annotation>