<annotation><filename>m2_s01_054_p_nic025.jpg</filename><folder>users/joselusava//kath</folder><source><submittedBy>Jose Saca</submittedBy></source><imagesize><nrows>2850</nrows><ncols>4271</ncols></imagesize><object><name>m2_s01_054_p_nic025</name><deleted>0</deleted><verified>0</verified><occluded>no</occluded><attributes></attributes><parts><hasparts></hasparts><ispartof></ispartof></parts><date>30-09-20 11:16:44:763</date><id>0</id><type>bounding_box</type><polygon><username>anonymous</username><pt><x>3524</x><y>969</y><time>30-09-20 11:16:38:762</time></pt><pt><x>2738</x><y>969</y><time>30-09-20 11:16:41:749</time></pt><pt><x>2738</x><y>2134</y><time>undefined</time></pt><pt><x>3524</x><y>2134</y><time>undefined</time></pt><closed_date>30-09-20 11:16:41:749</closed_date></polygon></object></annotation>