<annotation><filename>m4_s11_178_p_nic100.jpg</filename><folder>users/joselusava//santiago_2</folder><source><submittedBy>Jose Saca</submittedBy></source><imagesize><nrows>2970</nrows><ncols>4451</ncols></imagesize><object><name>m4_s11_178_p_nic100</name><deleted>0</deleted><verified>0</verified><occluded>no</occluded><attributes></attributes><parts><hasparts></hasparts><ispartof></ispartof></parts><date>16-10-20 11:57:41:474</date><id>0</id><type>bounding_box</type><polygon><username>anonymous</username><pt><x>321</x><y>1471</y><time>16-10-20 11:57:35:270</time></pt><pt><x>1253</x><y>1471</y><time>16-10-20 11:57:37:157</time></pt><pt><x>1253</x><y>2306</y><time>undefined</time></pt><pt><x>321</x><y>2306</y><time>undefined</time></pt><closed_date>16-10-20 11:57:37:158</closed_date></polygon></object></annotation>