<annotation><filename>m1_s02_052_p_ic052.jpg</filename><folder>users/joselusava//valeria/sala2_052_ic</folder><source><submittedBy>Jose Saca</submittedBy></source><imagesize><nrows>3200</nrows><ncols>4800</ncols></imagesize><object><name>m1_s02_052_p_ic052</name><deleted>0</deleted><verified>0</verified><occluded>no</occluded><attributes></attributes><parts><hasparts></hasparts><ispartof></ispartof></parts><date>25-08-20 18:35:49:255</date><id>0</id><type>bounding_box</type><polygon><username>anonymous</username><pt><x>639</x><y>11</y><time>25-08-20 18:35:42:834</time></pt><pt><x>4515</x><y>11</y><time>25-08-20 18:35:45:717</time></pt><pt><x>4515</x><y>3114</y><time>undefined</time></pt><pt><x>639</x><y>3114</y><time>undefined</time></pt><closed_date>25-08-20 18:35:45:718</closed_date></polygon></object></annotation>