<annotation><filename>m4_s05_052_p_nic063.jpg</filename><folder>users/joselusava//santiago_2</folder><source><submittedBy>Jose Saca</submittedBy></source><imagesize><nrows>2910</nrows><ncols>4361</ncols></imagesize><object><name>m4_s05_052_p_nic063</name><deleted>0</deleted><verified>0</verified><occluded>no</occluded><attributes></attributes><parts><hasparts></hasparts><ispartof></ispartof></parts><date>08-10-20 22:06:00:590</date><id>0</id><type>bounding_box</type><polygon><username>anonymous</username><pt><x>288</x><y>1178</y><time>08-10-20 22:05:57:492</time></pt><pt><x>1479</x><y>1178</y><time>08-10-20 22:05:58:698</time></pt><pt><x>1479</x><y>2591</y><time>undefined</time></pt><pt><x>288</x><y>2591</y><time>undefined</time></pt><closed_date>08-10-20 22:05:58:700</closed_date></polygon></object></annotation>