<annotation><filename>m4_s06_089_p_ic083.jpg</filename><folder>users/joselusava//santiago_2</folder><source><submittedBy>Jose Saca</submittedBy></source><imagesize><nrows>2970</nrows><ncols>4451</ncols></imagesize><object><name>m4_s06_089_p_ic083</name><deleted>0</deleted><verified>0</verified><occluded>no</occluded><attributes></attributes><parts><hasparts></hasparts><ispartof></ispartof></parts><date>11-10-20 21:53:11:163</date><id>0</id><type>bounding_box</type><polygon><username>anonymous</username><pt><x>1577</x><y>223</y><time>11-10-20 21:53:07:647</time></pt><pt><x>2822</x><y>223</y><time>11-10-20 21:53:09:213</time></pt><pt><x>2822</x><y>2645</y><time>undefined</time></pt><pt><x>1577</x><y>2645</y><time>undefined</time></pt><closed_date>11-10-20 21:53:09:213</closed_date></polygon></object></annotation>