<annotation><filename>m2_s03_219_p_ic031.jpg</filename><folder>users/joselusava//valeria/m2_sala03_219_ic</folder><source><submittedBy>Jose Saca</submittedBy></source><imagesize><nrows>2910</nrows><ncols>4361</ncols></imagesize><object><name>m2_s03_219_p_ic031</name><deleted>0</deleted><verified>0</verified><occluded>no</occluded><attributes></attributes><parts><hasparts></hasparts><ispartof></ispartof></parts><date>29-09-20 00:10:06:847</date><id>0</id><type>bounding_box</type><polygon><username>anonymous</username><pt><x>1025</x><y>226</y><time>29-09-20 00:10:01:936</time></pt><pt><x>3285</x><y>226</y><time>29-09-20 00:10:03:687</time></pt><pt><x>3285</x><y>2546</y><time>undefined</time></pt><pt><x>1025</x><y>2546</y><time>undefined</time></pt><closed_date>29-09-20 00:10:03:688</closed_date></polygon></object></annotation>