<annotation><filename>m2_s01_024_p_nic049.jpg</filename><folder>users/joselusava//santiago</folder><source><submittedBy>Jose Saca</submittedBy></source><imagesize><nrows>2850</nrows><ncols>4271</ncols></imagesize><object><name>m2_s01_024_p_nic049</name><deleted>0</deleted><verified>0</verified><occluded>no</occluded><attributes></attributes><parts><hasparts></hasparts><ispartof></ispartof></parts><date>25-09-20 14:41:13:747</date><id>0</id><type>bounding_box</type><polygon><username>anonymous</username><pt><x>401</x><y>593</y><time>25-09-20 14:41:06:895</time></pt><pt><x>1362</x><y>593</y><time>25-09-20 14:41:08:489</time></pt><pt><x>1362</x><y>1981</y><time>undefined</time></pt><pt><x>401</x><y>1981</y><time>undefined</time></pt><closed_date>25-09-20 14:41:08:489</closed_date></polygon></object></annotation>