<annotation><filename>m1_s01_017_p_ic021.jpg</filename><folder>users/joselusava//santiago</folder><source><submittedBy>Jose Saca</submittedBy></source><imagesize><nrows>3200</nrows><ncols>4800</ncols></imagesize><object><name>m1_s01_017_p_ic021</name><deleted>0</deleted><verified>0</verified><occluded>no</occluded><attributes></attributes><parts><hasparts></hasparts><ispartof></ispartof></parts><date>10-09-20 14:26:39:796</date><id>0</id><type>bounding_box</type><polygon><username>anonymous</username><pt><x>1692</x><y>1112</y><time>10-09-20 14:26:30:016</time></pt><pt><x>3124</x><y>1112</y><time>10-09-20 14:26:32:324</time></pt><pt><x>3124</x><y>2268</y><time>undefined</time></pt><pt><x>1692</x><y>2268</y><time>undefined</time></pt><closed_date>10-09-20 14:26:32:325</closed_date></polygon></object></annotation>