<annotation><filename>m4_s02_015_p_nic002.jpg</filename><folder>users/joselusava//m4_js/15nic</folder><source><submittedBy>Jose Saca</submittedBy></source><imagesize><nrows>2910</nrows><ncols>4361</ncols></imagesize><object><name>m4_s02_015_p_nic002</name><deleted>0</deleted><verified>0</verified><occluded>no</occluded><attributes></attributes><parts><hasparts></hasparts><ispartof></ispartof></parts><date>06-10-20 19:19:59:985</date><id>0</id><type>bounding_box</type><polygon><username>anonymous</username><pt><x>321</x><y>2428</y><time>06-10-20 19:19:57:277</time></pt><pt><x>1422</x><y>2428</y><time>06-10-20 19:19:59:363</time></pt><pt><x>1422</x><y>1240</y><time>undefined</time></pt><pt><x>321</x><y>1240</y><time>undefined</time></pt><closed_date>06-10-20 19:19:59:363</closed_date></polygon></object></annotation>