<annotation><filename>m3_s01_002_p_ic011.jpg</filename><folder>users/joselusava//santiago_3</folder><source><submittedBy>Jose Saca</submittedBy></source><imagesize><nrows>2970</nrows><ncols>4451</ncols></imagesize><object><name>m3_s01_002_p_ic011</name><deleted>0</deleted><verified>0</verified><occluded>no</occluded><attributes></attributes><parts><hasparts></hasparts><ispartof></ispartof></parts><date>28-10-20 17:24:01:266</date><id>0</id><type>bounding_box</type><polygon><username>anonymous</username><pt><x>339</x><y>246</y><time>28-10-20 17:23:56:735</time></pt><pt><x>3837</x><y>246</y><time>28-10-20 17:23:59:064</time></pt><pt><x>3837</x><y>2599</y><time>undefined</time></pt><pt><x>339</x><y>2599</y><time>undefined</time></pt><closed_date>28-10-20 17:23:59:064</closed_date></polygon></object></annotation>