<annotation><filename>m2_s01_032_p_ic024.jpg</filename><folder>users/joselusava//santiago_2</folder><source><submittedBy>Jose Saca</submittedBy></source><imagesize><nrows>2850</nrows><ncols>4271</ncols></imagesize><object><name>m2_s01_032_p_ic024</name><deleted>0</deleted><verified>0</verified><occluded>no</occluded><attributes></attributes><parts><hasparts></hasparts><ispartof></ispartof></parts><date>30-09-20 12:09:41:197</date><id>0</id><type>bounding_box</type><polygon><username>anonymous</username><pt><x>1452</x><y>461</y><time>30-09-20 12:09:33:245</time></pt><pt><x>2826</x><y>461</y><time>30-09-20 12:09:35:456</time></pt><pt><x>2826</x><y>2443</y><time>undefined</time></pt><pt><x>1452</x><y>2443</y><time>undefined</time></pt><closed_date>30-09-20 12:09:35:457</closed_date></polygon></object></annotation>