<annotation><filename>m2_s01_010_p_nic009.jpg</filename><folder>users/joselusava//santiago</folder><source><submittedBy>Jose Saca</submittedBy></source><imagesize><nrows>2850</nrows><ncols>4271</ncols></imagesize><object><name>m2_s01_010_p_nic009</name><deleted>0</deleted><verified>0</verified><occluded>no</occluded><attributes></attributes><parts><hasparts></hasparts><ispartof></ispartof></parts><date>22-09-20 19:45:25:932</date><id>0</id><type>bounding_box</type><polygon><username>anonymous</username><pt><x>1180</x><y>417</y><time>22-09-20 19:45:17:391</time></pt><pt><x>2113</x><y>417</y><time>22-09-20 19:45:19:110</time></pt><pt><x>2113</x><y>1340</y><time>undefined</time></pt><pt><x>1180</x><y>1340</y><time>undefined</time></pt><closed_date>22-09-20 19:45:19:112</closed_date></polygon></object></annotation>