<annotation><filename>m2_s03_201_p_ic011.jpg</filename><folder>users/joselusava//eg</folder><source><submittedBy>Jose Saca</submittedBy></source><imagesize><nrows>3000</nrows><ncols>4496</ncols></imagesize><object><name>m2_s03_219_p_ic011</name><deleted>0</deleted><verified>0</verified><occluded>no</occluded><attributes></attributes><parts><hasparts></hasparts><ispartof></ispartof></parts><date>16-09-20 12:36:32:024</date><id>0</id><type>bounding_box</type><polygon><username>anonymous</username><pt><x>702</x><y>96</y><time>16-09-20 12:36:10:195</time></pt><pt><x>3894</x><y>96</y><time>16-09-20 12:36:12:843</time></pt><pt><x>3894</x><y>2911</y><time>undefined</time></pt><pt><x>702</x><y>2911</y><time>undefined</time></pt><closed_date>16-09-20 12:36:12:845</closed_date></polygon></object></annotation>