<annotation><filename>m1_s02_036_p_nic084.jpg</filename><folder>users/joselusava//valeria/sala2_036_nic</folder><source><submittedBy>Jose Saca</submittedBy></source><imagesize><nrows>3200</nrows><ncols>4800</ncols></imagesize><object><name>m1_s02_036_p_nic084</name><deleted>0</deleted><verified>0</verified><occluded>no</occluded><attributes></attributes><parts><hasparts></hasparts><ispartof></ispartof></parts><date>27-08-20 12:53:15:341</date><id>0</id><type>bounding_box</type><polygon><username>anonymous</username><pt><x>1477</x><y>2072</y><time>27-08-20 12:53:06:557</time></pt><pt><x>607</x><y>2072</y><time>27-08-20 12:53:10:477</time></pt><pt><x>607</x><y>929</y><time>undefined</time></pt><pt><x>1477</x><y>929</y><time>undefined</time></pt><closed_date>27-08-20 12:53:10:477</closed_date></polygon></object></annotation>