<annotation><filename>m2_s01_024_p_ic086.jpg</filename><folder>users/joselusava//santiago</folder><source><submittedBy>Jose Saca</submittedBy></source><imagesize><nrows>2850</nrows><ncols>4271</ncols></imagesize><object><name>m2_s01_024_p_ic086</name><deleted>0</deleted><verified>0</verified><occluded>no</occluded><attributes></attributes><parts><hasparts></hasparts><ispartof></ispartof></parts><date>24-09-20 23:03:50:710</date><id>0</id><type>bounding_box</type><polygon><username>anonymous</username><pt><x>981</x><y>228</y><time>24-09-20 23:03:42:389</time></pt><pt><x>2725</x><y>228</y><time>24-09-20 23:03:44:428</time></pt><pt><x>2725</x><y>2779</y><time>undefined</time></pt><pt><x>981</x><y>2779</y><time>undefined</time></pt><closed_date>24-09-20 23:03:44:430</closed_date></polygon></object></annotation>