<annotation><filename>m4_s05_060_p_nic091.jpg</filename><folder>users/joselusava//m4_js/60/nic</folder><source><submittedBy>Jose Saca</submittedBy></source><imagesize><nrows>2910</nrows><ncols>4361</ncols></imagesize><object><name>m4_s05_060_p_nic091</name><deleted>0</deleted><verified>0</verified><occluded>no</occluded><attributes></attributes><parts><hasparts></hasparts><ispartof></ispartof></parts><date>14-10-20 00:25:15:357</date><id>0</id><type>bounding_box</type><polygon><username>anonymous</username><pt><x>3038</x><y>2907</y><time>14-10-20 00:25:12:898</time></pt><pt><x>17</x><y>2907</y><time>14-10-20 00:25:14:568</time></pt><pt><x>17</x><y>1219</y><time>undefined</time></pt><pt><x>3038</x><y>1219</y><time>undefined</time></pt><closed_date>14-10-20 00:25:14:568</closed_date></polygon></object></annotation>