<annotation><filename>m4_s05_060_p_ic058.jpg</filename><folder>users/joselusava//m4_js/60/ic</folder><source><submittedBy>Jose Saca</submittedBy></source><imagesize><nrows>2910</nrows><ncols>4361</ncols></imagesize><object><name>m4_s05_060_p_ic058</name><deleted>0</deleted><verified>0</verified><occluded>no</occluded><attributes></attributes><parts><hasparts></hasparts><ispartof></ispartof></parts><date>13-10-20 15:54:59:453</date><id>0</id><type>bounding_box</type><polygon><username>anonymous</username><pt><x>400</x><y>2603</y><time>13-10-20 15:54:57:496</time></pt><pt><x>3934</x><y>2603</y><time>13-10-20 15:54:58:735</time></pt><pt><x>3934</x><y>461</y><time>undefined</time></pt><pt><x>400</x><y>461</y><time>undefined</time></pt><closed_date>13-10-20 15:54:58:735</closed_date></polygon></object></annotation>