<annotation><filename>m1_s02_036_p_ic001.jpg</filename><folder>users/joselusava//valeria/sala2_036_ic</folder><source><submittedBy>Jose Saca</submittedBy></source><imagesize><nrows>3200</nrows><ncols>4800</ncols></imagesize><object><name>m1_s01_036_p_ic001</name><deleted>0</deleted><verified>0</verified><occluded>no</occluded><attributes></attributes><parts><hasparts></hasparts><ispartof></ispartof></parts><date>23-08-20 01:04:37:980</date><id>0</id><type>bounding_box</type><polygon><username>anonymous</username><pt><x>1332</x><y>370</y><time>23-08-20 01:04:23:268</time></pt><pt><x>4064</x><y>370</y><time>23-08-20 01:04:26:431</time></pt><pt><x>4064</x><y>2770</y><time>undefined</time></pt><pt><x>1332</x><y>2770</y><time>undefined</time></pt><closed_date>23-08-20 01:04:26:432</closed_date></polygon></object></annotation>