<annotation><filename>m1_s01_021_p_nic079.jpg</filename><folder>users/joselusava//santiago</folder><source><submittedBy>Jose Saca</submittedBy></source><imagesize><nrows>3200</nrows><ncols>4800</ncols></imagesize><object><name>m1_s01_021_p_nic079</name><deleted>0</deleted><verified>0</verified><occluded>no</occluded><attributes></attributes><parts><hasparts></hasparts><ispartof></ispartof></parts><date>16-09-20 18:37:26:750</date><id>0</id><type>bounding_box</type><polygon><username>anonymous</username><pt><x>947</x><y>1821</y><time>16-09-20 18:37:19:728</time></pt><pt><x>1631</x><y>1821</y><time>16-09-20 18:37:20:924</time></pt><pt><x>1631</x><y>2552</y><time>undefined</time></pt><pt><x>947</x><y>2552</y><time>undefined</time></pt><closed_date>16-09-20 18:37:20:926</closed_date></polygon></object></annotation>