<annotation><filename>m4_s08_122_x.jpg</filename><folder>users/joselusava//kath/m4_x</folder><source><submittedBy>Jose Saca</submittedBy></source><imagesize><nrows>2970</nrows><ncols>4451</ncols></imagesize><object><name>m4_s08_122_x</name><deleted>0</deleted><verified>0</verified><occluded>no</occluded><attributes></attributes><parts><hasparts></hasparts><ispartof></ispartof></parts><date>21-10-20 11:32:39:107</date><id>0</id><polygon><username>anonymous</username><pt><x>1264</x><y>317</y><time>21-10-20 11:32:31:103</time></pt><pt><x>1259</x><y>2600</y><time>21-10-20 11:32:32:176</time></pt><pt><x>3028</x><y>2581</y><time>21-10-20 11:32:33:663</time></pt><pt><x>2975</x><y>322</y><time>21-10-20 11:32:35:261</time></pt><closed_date>21-10-20 11:32:36:624</closed_date></polygon></object></annotation>