<annotation><filename>m4_s05_060_p_ic057.jpg</filename><folder>users/joselusava//m4_js/60/ic</folder><source><submittedBy>Jose Saca</submittedBy></source><imagesize><nrows>2910</nrows><ncols>4361</ncols></imagesize><object><name>m4_s05_060_p_ic057</name><deleted>0</deleted><verified>0</verified><occluded>no</occluded><attributes></attributes><parts><hasparts></hasparts><ispartof></ispartof></parts><date>13-10-20 15:54:40:264</date><id>0</id><type>bounding_box</type><polygon><username>anonymous</username><pt><x>339</x><y>2542</y><time>13-10-20 15:54:37:948</time></pt><pt><x>3847</x><y>2542</y><time>13-10-20 15:54:39:483</time></pt><pt><x>3847</x><y>531</y><time>undefined</time></pt><pt><x>339</x><y>531</y><time>undefined</time></pt><closed_date>13-10-20 15:54:39:483</closed_date></polygon></object></annotation>