<annotation><filename>m2_s02_129_p_ic019.jpg</filename><folder>users/joselusava//m2_jsv/129/ic</folder><source><submittedBy>Jose Saca</submittedBy></source><imagesize><nrows>2910</nrows><ncols>4361</ncols></imagesize><object><name>m2_s02_129_p_ic019</name><deleted>0</deleted><verified>0</verified><occluded>no</occluded><attributes></attributes><parts><hasparts></hasparts><ispartof></ispartof></parts><date>24-09-20 15:17:54:750</date><id>0</id><type>bounding_box</type><polygon><username>anonymous</username><pt><x>2855</x><y>2080</y><time>24-09-20 15:17:52:656</time></pt><pt><x>1610</x><y>2080</y><time>24-09-20 15:17:54:102</time></pt><pt><x>1610</x><y>670</y><time>undefined</time></pt><pt><x>2855</x><y>670</y><time>undefined</time></pt><closed_date>24-09-20 15:17:54:103</closed_date></polygon></object></annotation>