<annotation><filename>m4_s11_178_p_nic071.jpg</filename><folder>users/joselusava//santiago_2</folder><source><submittedBy>Jose Saca</submittedBy></source><imagesize><nrows>2970</nrows><ncols>4451</ncols></imagesize><object><name>m4_s11_178_p_nic071</name><deleted>0</deleted><verified>0</verified><occluded>no</occluded><attributes></attributes><parts><hasparts></hasparts><ispartof></ispartof></parts><date>16-10-20 11:31:47:955</date><id>0</id><type>bounding_box</type><polygon><username>anonymous</username><pt><x>689</x><y>821</y><time>16-10-20 11:31:44:610</time></pt><pt><x>1589</x><y>821</y><time>16-10-20 11:31:45:776</time></pt><pt><x>1589</x><y>1906</y><time>undefined</time></pt><pt><x>689</x><y>1906</y><time>undefined</time></pt><closed_date>16-10-20 11:31:45:777</closed_date></polygon></object></annotation>