<annotation><filename>m4_s05_052_p_nic096.jpg</filename><folder>users/joselusava//santiago_2</folder><source><submittedBy>Jose Saca</submittedBy></source><imagesize><nrows>2910</nrows><ncols>4361</ncols></imagesize><object><name>m4_s05_052_p_nic096</name><deleted>0</deleted><verified>0</verified><occluded>no</occluded><attributes></attributes><parts><hasparts></hasparts><ispartof></ispartof></parts><date>08-10-20 22:47:22:738</date><id>0</id><type>bounding_box</type><polygon><username>anonymous</username><pt><x>2463</x><y>724</y><time>08-10-20 22:47:19:456</time></pt><pt><x>3814</x><y>724</y><time>08-10-20 22:47:21:066</time></pt><pt><x>3814</x><y>2099</y><time>undefined</time></pt><pt><x>2463</x><y>2099</y><time>undefined</time></pt><closed_date>08-10-20 22:47:21:066</closed_date></polygon></object></annotation>