<annotation><filename>m2_s01_001_p_nic088.jpg</filename><folder>users/joselusava//santiago</folder><source><submittedBy>Jose Saca</submittedBy></source><imagesize><nrows>2850</nrows><ncols>4271</ncols></imagesize><object><name>m2_s01_001_p_nic088</name><deleted>0</deleted><verified>0</verified><occluded>no</occluded><attributes></attributes><parts><hasparts></hasparts><ispartof></ispartof></parts><date>19-09-20 23:39:42:832</date><id>0</id><type>bounding_box</type><polygon><username>anonymous</username><pt><x>407</x><y>971</y><time>19-09-20 23:39:35:238</time></pt><pt><x>2058</x><y>971</y><time>19-09-20 23:39:36:578</time></pt><pt><x>2058</x><y>2427</y><time>undefined</time></pt><pt><x>407</x><y>2427</y><time>undefined</time></pt><closed_date>19-09-20 23:39:36:578</closed_date></polygon></object></annotation>