<annotation><filename>m2_s01_018_p_nic037.jpg</filename><folder>users/joselusava//santiago_2</folder><source><submittedBy>Jose Saca</submittedBy></source><imagesize><nrows>2850</nrows><ncols>4271</ncols></imagesize><object><name>m2_s01_018_p_nic037</name><deleted>0</deleted><verified>0</verified><occluded>no</occluded><attributes></attributes><parts><hasparts></hasparts><ispartof></ispartof></parts><date>28-09-20 21:42:21:622</date><id>0</id><type>bounding_box</type><polygon><username>anonymous</username><pt><x>1465</x><y>1850</y><time>28-09-20 21:42:13:346</time></pt><pt><x>1946</x><y>1850</y><time>28-09-20 21:42:14:250</time></pt><pt><x>1946</x><y>2574</y><time>undefined</time></pt><pt><x>1465</x><y>2574</y><time>undefined</time></pt><closed_date>28-09-20 21:42:14:251</closed_date></polygon></object></annotation>