<annotation><filename>m4_s09_138_p_ic093.jpg</filename><folder>users/joselusava//santiago_2</folder><source><submittedBy>Jose Saca</submittedBy></source><imagesize><nrows>2970</nrows><ncols>4451</ncols></imagesize><object><name>m4_s09_138_p_ic093</name><deleted>0</deleted><verified>0</verified><occluded>no</occluded><attributes></attributes><parts><hasparts></hasparts><ispartof></ispartof></parts><date>22-10-20 21:39:01:016</date><id>0</id><type>bounding_box</type><polygon><username>anonymous</username><pt><x>111</x><y>864</y><time>22-10-20 21:38:55:407</time></pt><pt><x>4255</x><y>864</y><time>22-10-20 21:38:57:977</time></pt><pt><x>4255</x><y>2731</y><time>undefined</time></pt><pt><x>111</x><y>2731</y><time>undefined</time></pt><closed_date>22-10-20 21:38:57:978</closed_date></polygon></object></annotation>