<annotation><filename>m2_s01_024_p_nic096.jpg</filename><folder>users/joselusava//santiago</folder><source><submittedBy>Jose Saca</submittedBy></source><imagesize><nrows>2850</nrows><ncols>4271</ncols></imagesize><object><name>m2_s01_024_p_nic096</name><deleted>0</deleted><verified>0</verified><occluded>no</occluded><attributes></attributes><parts><hasparts></hasparts><ispartof></ispartof></parts><date>25-09-20 15:59:55:438</date><id>0</id><type>bounding_box</type><polygon><username>anonymous</username><pt><x>3007</x><y>196</y><time>25-09-20 15:59:47:873</time></pt><pt><x>3667</x><y>196</y><time>25-09-20 15:59:49:019</time></pt><pt><x>3667</x><y>1526</y><time>undefined</time></pt><pt><x>3007</x><y>1526</y><time>undefined</time></pt><closed_date>25-09-20 15:59:49:020</closed_date></polygon></object></annotation>