<annotation><filename>m2_s01_001_p_ic024.jpg</filename><folder>users/joselusava//santiago</folder><source><submittedBy>Jose Saca</submittedBy></source><imagesize><nrows>2850</nrows><ncols>4271</ncols></imagesize><object><name>m2_s01_001_p_ic024</name><deleted>0</deleted><verified>0</verified><occluded>no</occluded><attributes></attributes><parts><hasparts></hasparts><ispartof></ispartof></parts><date>18-09-20 23:14:20:287</date><id>0</id><type>bounding_box</type><polygon><username>anonymous</username><pt><x>513</x><y>77</y><time>18-09-20 23:14:08:712</time></pt><pt><x>3379</x><y>77</y><time>18-09-20 23:14:11:843</time></pt><pt><x>3379</x><y>2754</y><time>undefined</time></pt><pt><x>513</x><y>2754</y><time>undefined</time></pt><closed_date>18-09-20 23:14:11:843</closed_date></polygon></object></annotation>