<annotation><filename>m4_s12_185_p_ic079.jpg</filename><folder>users/joselusava//valeria/m04_s12_185_ic</folder><source><submittedBy>Jose Saca</submittedBy></source><imagesize><nrows>2910</nrows><ncols>4361</ncols></imagesize><object><name>m4_s12_185_p_ic079</name><deleted>0</deleted><verified>0</verified><occluded>no</occluded><attributes></attributes><parts><hasparts></hasparts><ispartof></ispartof></parts><date>17-10-20 18:39:56:945</date><id>0</id><type>bounding_box</type><polygon><username>anonymous</username><pt><x>554</x><y>2815</y><time>17-10-20 18:39:48:839</time></pt><pt><x>3705</x><y>2815</y><time>17-10-20 18:39:52:836</time></pt><pt><x>3705</x><y>269</y><time>undefined</time></pt><pt><x>554</x><y>269</y><time>undefined</time></pt><closed_date>17-10-20 18:39:52:837</closed_date></polygon></object></annotation>