<annotation><filename>img_m1_s10_303_p_nic095.jpg</filename><folder>users/joselusava//santiago</folder><source><submittedBy>Jose Saca</submittedBy></source><imagesize><nrows>3200</nrows><ncols>4800</ncols></imagesize><object><name>m1_s10_303_p_nic095</name><deleted>0</deleted><verified>0</verified><occluded>no</occluded><attributes></attributes><parts><hasparts></hasparts><ispartof></ispartof></parts><date>01-09-20 23:17:48:630</date><id>0</id><type>bounding_box</type><polygon><username>anonymous</username><pt><x>1983</x><y>526</y><time>01-09-20 23:17:40:396</time></pt><pt><x>4121</x><y>526</y><time>01-09-20 23:17:41:610</time></pt><pt><x>4121</x><y>1505</y><time>undefined</time></pt><pt><x>1983</x><y>1505</y><time>undefined</time></pt><closed_date>01-09-20 23:17:41:611</closed_date></polygon></object></annotation>