<annotation><filename>m2_s03_248_p_ic070.jpg</filename><folder>users/joselusava//museos2020</folder><source><submittedBy>Jose Saca</submittedBy></source><imagesize><nrows>2910</nrows><ncols>4361</ncols></imagesize><object><name>m2_s03_248_p_ic070</name><deleted>0</deleted><verified>0</verified><occluded>no</occluded><attributes></attributes><parts><hasparts></hasparts><ispartof></ispartof></parts><date>27-09-20 08:59:49:484</date><id>0</id><type>bounding_box</type><polygon><username>anonymous</username><pt><x>23</x><y>335</y><time>27-09-20 08:59:41:541</time></pt><pt><x>4323</x><y>335</y><time>27-09-20 08:59:43:586</time></pt><pt><x>4323</x><y>2301</y><time>undefined</time></pt><pt><x>23</x><y>2301</y><time>undefined</time></pt><closed_date>27-09-20 08:59:43:587</closed_date></polygon></object></annotation>