<annotation><filename>m4_s12_185_p_ic036.jpg</filename><folder>users/joselusava//valeria/m04_s12_185_ic</folder><source><submittedBy>Jose Saca</submittedBy></source><imagesize><nrows>2910</nrows><ncols>4361</ncols></imagesize><object><name>m4_s12_185_p_ic036</name><deleted>0</deleted><verified>0</verified><occluded>no</occluded><attributes></attributes><parts><hasparts></hasparts><ispartof></ispartof></parts><date>17-10-20 16:58:54:726</date><id>0</id><type>bounding_box</type><polygon><username>anonymous</username><pt><x>3710</x><y>2658</y><time>17-10-20 16:58:41:167</time></pt><pt><x>834</x><y>2658</y><time>17-10-20 16:58:45:052</time></pt><pt><x>834</x><y>246</y><time>undefined</time></pt><pt><x>3710</x><y>246</y><time>undefined</time></pt><closed_date>17-10-20 16:58:45:054</closed_date></polygon></object></annotation>