<annotation><filename>m2_s03_201_p_ic077.jpg</filename><folder>users/joselusava//eg</folder><source><submittedBy>Jose Saca</submittedBy></source><imagesize><nrows>2910</nrows><ncols>4361</ncols></imagesize><object><name>m2_s03_201_p_ic077</name><deleted>0</deleted><verified>0</verified><occluded>no</occluded><attributes></attributes><parts><hasparts></hasparts><ispartof></ispartof></parts><date>17-09-20 07:49:49:156</date><id>0</id><type>bounding_box</type><polygon><username>anonymous</username><pt><x>1003</x><y>480</y><time>17-09-20 07:49:23:716</time></pt><pt><x>2817</x><y>480</y><time>17-09-20 07:49:25:751</time></pt><pt><x>2817</x><y>2516</y><time>undefined</time></pt><pt><x>1003</x><y>2516</y><time>undefined</time></pt><closed_date>17-09-20 07:49:25:753</closed_date></polygon></object></annotation>