<annotation><filename>m3_s01_018_p_nic029.jpg</filename><folder>users/joselusava//m4_js/18/nic</folder><source><submittedBy>Jose Saca</submittedBy></source><imagesize><nrows>2970</nrows><ncols>4451</ncols></imagesize><object><name>m3_s01_018_p_nic029</name><deleted>0</deleted><verified>0</verified><occluded>no</occluded><attributes></attributes><parts><hasparts></hasparts><ispartof></ispartof></parts><date>05-11-20 14:57:22:327</date><id>0</id><type>bounding_box</type><polygon><username>anonymous</username><pt><x>32</x><y>2957</y><time>05-11-20 14:57:20:067</time></pt><pt><x>3430</x><y>2957</y><time>05-11-20 14:57:21:702</time></pt><pt><x>3430</x><y>915</y><time>undefined</time></pt><pt><x>32</x><y>915</y><time>undefined</time></pt><closed_date>05-11-20 14:57:21:702</closed_date></polygon></object></annotation>