<annotation><filename>m1_s02_036_p_nic026.jpg</filename><folder>users/joselusava//valeria/sala2_036_nic</folder><source><submittedBy>Jose Saca</submittedBy></source><imagesize><nrows>3200</nrows><ncols>4800</ncols></imagesize><object><name>m1_s02_036_p_nic026</name><deleted>0</deleted><verified>0</verified><occluded>no</occluded><attributes></attributes><parts><hasparts></hasparts><ispartof></ispartof></parts><date>26-08-20 22:53:39:915</date><id>0</id><type>bounding_box</type><polygon><username>anonymous</username><pt><x>3173</x><y>1557</y><time>26-08-20 22:53:32:404</time></pt><pt><x>4048</x><y>1557</y><time>26-08-20 22:53:35:849</time></pt><pt><x>4048</x><y>2690</y><time>undefined</time></pt><pt><x>3173</x><y>2690</y><time>undefined</time></pt><closed_date>26-08-20 22:53:35:850</closed_date></polygon></object></annotation>