<annotation><filename>m4_s09_138_p_nic018.jpg</filename><folder>users/joselusava//santiago_2</folder><source><submittedBy>Jose Saca</submittedBy></source><imagesize><nrows>2970</nrows><ncols>4451</ncols></imagesize><object><name>m4_s09_138_p_nic018</name><deleted>0</deleted><verified>0</verified><occluded>no</occluded><attributes></attributes><parts><hasparts></hasparts><ispartof></ispartof></parts><date>22-10-20 23:16:51:117</date><id>0</id><type>bounding_box</type><polygon><username>anonymous</username><pt><x>346</x><y>835</y><time>22-10-20 23:16:47:743</time></pt><pt><x>2599</x><y>835</y><time>22-10-20 23:16:48:980</time></pt><pt><x>2599</x><y>1935</y><time>undefined</time></pt><pt><x>346</x><y>1935</y><time>undefined</time></pt><closed_date>22-10-20 23:16:48:981</closed_date></polygon></object></annotation>