<annotation><filename>m4_s05_060_p_nic069.jpg</filename><folder>users/joselusava//m4_js/60/nic</folder><source><submittedBy>Jose Saca</submittedBy></source><imagesize><nrows>2910</nrows><ncols>4361</ncols></imagesize><object><name>m4_s05_060_p_nic069</name><deleted>0</deleted><verified>0</verified><occluded>no</occluded><attributes></attributes><parts><hasparts></hasparts><ispartof></ispartof></parts><date>14-10-20 00:18:14:189</date><id>0</id><type>bounding_box</type><polygon><username>anonymous</username><pt><x>3047</x><y>2002</y><time>14-10-20 00:18:12:375</time></pt><pt><x>70</x><y>2002</y><time>14-10-20 00:18:13:538</time></pt><pt><x>70</x><y>131</y><time>undefined</time></pt><pt><x>3047</x><y>131</y><time>undefined</time></pt><closed_date>14-10-20 00:18:13:539</closed_date></polygon></object></annotation>