<annotation><filename>m1_s06_183_x.jpg</filename><folder>users/joselusava//jacob_2/sala6</folder><source><submittedBy>Jose Saca</submittedBy></source><imagesize><nrows>2736</nrows><ncols>4100</ncols></imagesize><object><name>m1_s06_183_x</name><deleted>0</deleted><verified>0</verified><occluded>no</occluded><attributes></attributes><parts><hasparts></hasparts><ispartof></ispartof></parts><date>06-09-20 01:52:37:763</date><id>0</id><type>bounding_box</type><polygon><username>anonymous</username><pt><x>815</x><y>2682</y><time>06-09-20 01:52:34:553</time></pt><pt><x>3309</x><y>2682</y><time>06-09-20 01:52:36:987</time></pt><pt><x>3309</x><y>122</y><time>undefined</time></pt><pt><x>815</x><y>122</y><time>undefined</time></pt><closed_date>06-09-20 01:52:36:987</closed_date></polygon></object></annotation>