<annotation><filename>m2_s03_248_p_nic004.jpg</filename><folder>users/joselusava//museos2020</folder><source><submittedBy>Jose Saca</submittedBy></source><imagesize><nrows>2910</nrows><ncols>4361</ncols></imagesize><object><name>m2_s03_248_p_nic004</name><deleted>0</deleted><verified>0</verified><occluded>no</occluded><attributes></attributes><parts><hasparts></hasparts><ispartof></ispartof></parts><date>27-09-20 09:53:48:344</date><id>0</id><polygon><username>anonymous</username><pt><x>2045</x><y>1250</y><time>27-09-20 09:53:38:992</time></pt><pt><x>3784</x><y>1227</y><time>27-09-20 09:53:40:214</time></pt><pt><x>4026</x><y>1464</y><time>27-09-20 09:53:40:861</time></pt><pt><x>2701</x><y>2069</y><time>27-09-20 09:53:41:981</time></pt><closed_date>27-09-20 09:53:42:828</closed_date></polygon></object></annotation>