<annotation><filename>m2_s01_010_p_ic094.jpg</filename><folder>users/joselusava//santiago</folder><source><submittedBy>Jose Saca</submittedBy></source><imagesize><nrows>2850</nrows><ncols>4271</ncols></imagesize><object><name>m2_s01_010_p_ic094</name><deleted>0</deleted><verified>0</verified><occluded>no</occluded><attributes></attributes><parts><hasparts></hasparts><ispartof></ispartof></parts><date>22-09-20 00:03:25:000</date><id>0</id><type>bounding_box</type><polygon><username>anonymous</username><pt><x>1000</x><y>256</y><time>22-09-20 00:03:13:316</time></pt><pt><x>3292</x><y>256</y><time>22-09-20 00:03:15:483</time></pt><pt><x>3292</x><y>2658</y><time>undefined</time></pt><pt><x>1000</x><y>2658</y><time>undefined</time></pt><closed_date>22-09-20 00:03:15:485</closed_date></polygon></object></annotation>