<annotation><filename>m4_s05_060_p_ic065.jpg</filename><folder>users/joselusava//m4_js/60/ic</folder><source><submittedBy>Jose Saca</submittedBy></source><imagesize><nrows>2910</nrows><ncols>4361</ncols></imagesize><object><name>m4_s05_060_p_ic065</name><deleted>0</deleted><verified>0</verified><occluded>no</occluded><attributes></attributes><parts><hasparts></hasparts><ispartof></ispartof></parts><date>13-10-20 15:57:37:126</date><id>0</id><type>bounding_box</type><polygon><username>anonymous</username><pt><x>148</x><y>2394</y><time>13-10-20 15:57:34:657</time></pt><pt><x>4335</x><y>2394</y><time>13-10-20 15:57:36:385</time></pt><pt><x>4335</x><y>270</y><time>undefined</time></pt><pt><x>148</x><y>270</y><time>undefined</time></pt><closed_date>13-10-20 15:57:36:385</closed_date></polygon></object></annotation>