<annotation><filename>m2_s02_085_p_ic082.jpg</filename><folder>users/joselusava//m2_jsv/85/ic</folder><source><submittedBy>Jose Saca</submittedBy></source><imagesize><nrows>2910</nrows><ncols>4361</ncols></imagesize><object><name>m2_s02_085_p_ic082</name><deleted>0</deleted><verified>0</verified><occluded>no</occluded><attributes></attributes><parts><hasparts></hasparts><ispartof></ispartof></parts><date>17-09-20 20:07:46:231</date><id>0</id><type>bounding_box</type><polygon><username>anonymous</username><pt><x>1375</x><y>339</y><time>17-09-20 20:07:44:592</time></pt><pt><x>3029</x><y>339</y><time>17-09-20 20:07:45:681</time></pt><pt><x>3029</x><y>2394</y><time>undefined</time></pt><pt><x>1375</x><y>2394</y><time>undefined</time></pt><closed_date>17-09-20 20:07:45:682</closed_date></polygon></object></annotation>