<annotation><filename>m2_s06_250_p_ic063.jpg</filename><folder>users/joselusava//valeria/m2_sala06_250_ic</folder><source><submittedBy>Jose Saca</submittedBy></source><imagesize><nrows>2910</nrows><ncols>4361</ncols></imagesize><object><name>m2_s06_250_p_ic062</name><deleted>0</deleted><verified>0</verified><occluded>no</occluded><attributes></attributes><parts><hasparts></hasparts><ispartof></ispartof></parts><date>30-09-20 23:49:58:631</date><id>0</id><type>bounding_box</type><polygon><username>anonymous</username><pt><x>584</x><y>2645</y><time>30-09-20 23:49:52:114</time></pt><pt><x>3869</x><y>2645</y><time>30-09-20 23:49:54:147</time></pt><pt><x>3869</x><y>617</y><time>undefined</time></pt><pt><x>584</x><y>617</y><time>undefined</time></pt><closed_date>30-09-20 23:49:54:148</closed_date></polygon></object></annotation>