<annotation><filename>m3_s01_023_p_nic045.jpg</filename><folder>users/joselusava//santiago_3</folder><source><submittedBy>Jose Saca</submittedBy></source><imagesize><nrows>2970</nrows><ncols>4451</ncols></imagesize><object><name>m3_s01_023_p_nic045</name><deleted>0</deleted><verified>0</verified><occluded>no</occluded><attributes></attributes><parts><hasparts></hasparts><ispartof></ispartof></parts><date>06-11-20 09:32:29:064</date><id>0</id><type>bounding_box</type><polygon><username>anonymous</username><pt><x>625</x><y>414</y><time>06-11-20 09:32:25:684</time></pt><pt><x>2238</x><y>414</y><time>06-11-20 09:32:26:892</time></pt><pt><x>2238</x><y>2395</y><time>undefined</time></pt><pt><x>625</x><y>2395</y><time>undefined</time></pt><closed_date>06-11-20 09:32:26:893</closed_date></polygon></object></annotation>