<annotation><filename>m1_s01_001_p_ic010.jpg</filename><folder>users/joselusava//juancarlos</folder><source><submittedBy>Jose Saca</submittedBy></source><imagesize><nrows>2000</nrows><ncols>2992</ncols></imagesize><object><name>m1_s01_001_p_ic010</name><deleted>0</deleted><verified>0</verified><occluded>no</occluded><attributes></attributes><parts><hasparts></hasparts><ispartof></ispartof></parts><date>24-08-20 11:28:52:770</date><id>0</id><type>bounding_box</type><polygon><username>anonymous</username><pt><x>1886</x><y>644</y><time>24-08-20 11:28:29:678</time></pt><pt><x>780</x><y>644</y><time>24-08-20 11:28:38:029</time></pt><pt><x>780</x><y>1439</y><time>undefined</time></pt><pt><x>1886</x><y>1439</y><time>undefined</time></pt><closed_date>24-08-20 11:28:38:031</closed_date></polygon></object></annotation>