<annotation><filename>m2_s02_129_p_nic096.jpg</filename><folder>users/joselusava//m2_jsv/129/nic</folder><source><submittedBy>Jose Saca</submittedBy></source><imagesize><nrows>2910</nrows><ncols>4361</ncols></imagesize><object><name>m2_s02_129_p_nic096</name><deleted>0</deleted><verified>0</verified><occluded>no</occluded><attributes></attributes><parts><hasparts></hasparts><ispartof></ispartof></parts><date>25-09-20 08:28:55:962</date><id>0</id><type>bounding_box</type><polygon><username>anonymous</username><pt><x>3308</x><y>1314</y><time>25-09-20 08:28:53:097</time></pt><pt><x>2089</x><y>1314</y><time>25-09-20 08:28:55:026</time></pt><pt><x>2089</x><y>70</y><time>undefined</time></pt><pt><x>3308</x><y>70</y><time>undefined</time></pt><closed_date>25-09-20 08:28:55:027</closed_date></polygon></object></annotation>