<annotation><filename>m4_s05_055_p_nic023.jpg</filename><folder>users/joselusava//valeria/m4_s05_055_nic</folder><source><submittedBy>Jose Saca</submittedBy></source><imagesize><nrows>2910</nrows><ncols>4361</ncols></imagesize><object><name>m4_s05_055_p_nic023</name><deleted>0</deleted><verified>0</verified><occluded>no</occluded><attributes></attributes><parts><hasparts></hasparts><ispartof></ispartof></parts><date>09-10-20 16:40:14:262</date><id>0</id><type>bounding_box</type><polygon><username>anonymous</username><pt><x>1141</x><y>2805</y><time>09-10-20 16:40:06:250</time></pt><pt><x>2590</x><y>2805</y><time>09-10-20 16:40:09:830</time></pt><pt><x>2590</x><y>1251</y><time>undefined</time></pt><pt><x>1141</x><y>1251</y><time>undefined</time></pt><closed_date>09-10-20 16:40:09:831</closed_date></polygon></object></annotation>