<annotation><filename>m2_s03_248_p_ic054.jpg</filename><folder>users/joselusava//museos2020</folder><source><submittedBy>Jose Saca</submittedBy></source><imagesize><nrows>2910</nrows><ncols>4361</ncols></imagesize><object><name>m2_s03_248_p_ic054</name><deleted>0</deleted><verified>0</verified><occluded>no</occluded><attributes></attributes><parts><hasparts></hasparts><ispartof></ispartof></parts><date>27-09-20 08:44:40:957</date><id>0</id><type>bounding_box</type><polygon><username>anonymous</username><pt><x>19</x><y>488</y><time>27-09-20 08:44:32:794</time></pt><pt><x>4356</x><y>488</y><time>27-09-20 08:44:35:308</time></pt><pt><x>4356</x><y>2180</y><time>undefined</time></pt><pt><x>19</x><y>2180</y><time>undefined</time></pt><closed_date>27-09-20 08:44:35:309</closed_date></polygon></object></annotation>