<annotation><filename>m4_s10_154_p_ic025.jpg</filename><folder>users/joselusava//valeria/m04_s10_154_ic</folder><source><submittedBy>Jose Saca</submittedBy></source><imagesize><nrows>2970</nrows><ncols>4451</ncols></imagesize><object><name>m4_s10_154_p_ic025</name><deleted>0</deleted><verified>0</verified><occluded>no</occluded><attributes></attributes><parts><hasparts></hasparts><ispartof></ispartof></parts><date>13-10-20 18:06:09:822</date><id>0</id><type>bounding_box</type><polygon><username>anonymous</username><pt><x>3010</x><y>2713</y><time>13-10-20 18:06:03:719</time></pt><pt><x>1079</x><y>2713</y><time>13-10-20 18:06:06:319</time></pt><pt><x>1079</x><y>326</y><time>undefined</time></pt><pt><x>3010</x><y>326</y><time>undefined</time></pt><closed_date>13-10-20 18:06:06:320</closed_date></polygon></object></annotation>