<annotation><filename>img_m1_s10_303_p_nic056.jpg</filename><folder>users/joselusava//santiago</folder><source><submittedBy>Jose Saca</submittedBy></source><imagesize><nrows>3200</nrows><ncols>4800</ncols></imagesize><object><name>m1_s10_303_p_nic056</name><deleted>0</deleted><verified>0</verified><occluded>no</occluded><attributes></attributes><parts><hasparts></hasparts><ispartof></ispartof></parts><date>01-09-20 22:06:00:985</date><id>0</id><type>bounding_box</type><polygon><username>anonymous</username><pt><x>439</x><y>551</y><time>01-09-20 22:05:53:366</time></pt><pt><x>1303</x><y>551</y><time>01-09-20 22:05:55:128</time></pt><pt><x>1303</x><y>1476</y><time>undefined</time></pt><pt><x>439</x><y>1476</y><time>undefined</time></pt><closed_date>01-09-20 22:05:55:132</closed_date></polygon></object></annotation>