<annotation><filename>m2_s01_034_p_nic036.jpg</filename><folder>users/joselusava//kath</folder><source><submittedBy>Jose Saca</submittedBy></source><imagesize><nrows>2850</nrows><ncols>4271</ncols></imagesize><object><name>m2_s01_034_p_nic036</name><deleted>0</deleted><verified>0</verified><occluded>no</occluded><attributes></attributes><parts><hasparts></hasparts><ispartof></ispartof></parts><date>25-09-20 19:49:39:919</date><id>0</id><type>bounding_box</type><polygon><username>anonymous</username><pt><x>322</x><y>845</y><time>25-09-20 19:49:27:537</time></pt><pt><x>1353</x><y>845</y><time>25-09-20 19:49:29:666</time></pt><pt><x>1353</x><y>2327</y><time>undefined</time></pt><pt><x>322</x><y>2327</y><time>undefined</time></pt><closed_date>25-09-20 19:49:29:667</closed_date></polygon></object></annotation>