<annotation><filename>m4_s05_052_p_nic057.jpg</filename><folder>users/joselusava//santiago_2</folder><source><submittedBy>Jose Saca</submittedBy></source><imagesize><nrows>2910</nrows><ncols>4361</ncols></imagesize><object><name>m4_s05_052_p_nic057</name><deleted>0</deleted><verified>0</verified><occluded>no</occluded><attributes></attributes><parts><hasparts></hasparts><ispartof></ispartof></parts><date>08-10-20 21:38:14:057</date><id>0</id><type>bounding_box</type><polygon><username>anonymous</username><pt><x>450</x><y>367</y><time>08-10-20 21:38:10:566</time></pt><pt><x>1663</x><y>367</y><time>08-10-20 21:38:11:802</time></pt><pt><x>1663</x><y>1729</y><time>undefined</time></pt><pt><x>450</x><y>1729</y><time>undefined</time></pt><closed_date>08-10-20 21:38:11:802</closed_date></polygon></object></annotation>