<annotation><filename>m2_s02_085_p_nic082.jpg</filename><folder>users/joselusava//m2_jsv/85/nic</folder><source><submittedBy>Jose Saca</submittedBy></source><imagesize><nrows>2910</nrows><ncols>4361</ncols></imagesize><object><name>m2_s02_085_p_nic082</name><deleted>0</deleted><verified>0</verified><occluded>no</occluded><attributes></attributes><parts><hasparts></hasparts><ispartof></ispartof></parts><date>19-09-20 22:56:47:673</date><id>0</id><type>bounding_box</type><polygon><username>anonymous</username><pt><x>3795</x><y>1140</y><time>19-09-20 22:56:45:411</time></pt><pt><x>3134</x><y>1140</y><time>19-09-20 22:56:46:806</time></pt><pt><x>3134</x><y>305</y><time>undefined</time></pt><pt><x>3795</x><y>305</y><time>undefined</time></pt><closed_date>19-09-20 22:56:46:806</closed_date></polygon></object></annotation>