<annotation><filename>m1_s06_186_p_nic063.jpg</filename><folder>users/joselusava//jacob_2/186nic</folder><source><submittedBy>Jose Saca</submittedBy></source><imagesize><nrows>2736</nrows><ncols>4100</ncols></imagesize><object><name>m1_s06_186_p_nic063</name><deleted>0</deleted><verified>0</verified><occluded>no</occluded><attributes></attributes><parts><hasparts></hasparts><ispartof></ispartof></parts><date>09-09-20 23:24:48:463</date><id>0</id><type>bounding_box</type><polygon><username>anonymous</username><pt><x>3773</x><y>2512</y><time>09-09-20 23:24:45:861</time></pt><pt><x>2668</x><y>2512</y><time>09-09-20 23:24:47:684</time></pt><pt><x>2668</x><y>655</y><time>undefined</time></pt><pt><x>3773</x><y>655</y><time>undefined</time></pt><closed_date>09-09-20 23:24:47:684</closed_date></polygon></object></annotation>