<annotation><filename>m4_s02_023_x.jpg</filename><folder>users/joselusava//kath/m4_x</folder><source><submittedBy>Jose Saca</submittedBy></source><imagesize><nrows>2910</nrows><ncols>4361</ncols></imagesize><object><name>m4_s02_023_x</name><deleted>0</deleted><verified>0</verified><occluded>no</occluded><attributes></attributes><parts><hasparts></hasparts><ispartof></ispartof></parts><date>20-10-20 06:50:05:744</date><id>0</id><polygon><username>anonymous</username><pt><x>1107</x><y>315</y><time>20-10-20 06:49:58:957</time></pt><pt><x>1088</x><y>2514</y><time>20-10-20 06:49:59:985</time></pt><pt><x>3117</x><y>2595</y><time>20-10-20 06:50:00:921</time></pt><pt><x>3080</x><y>344</y><time>20-10-20 06:50:02:133</time></pt><closed_date>20-10-20 06:50:03:407</closed_date></polygon></object></annotation>