<annotation><filename>m2_s01_001_p_ic097.jpg</filename><folder>users/joselusava//santiago</folder><source><submittedBy>Jose Saca</submittedBy></source><imagesize><nrows>2850</nrows><ncols>4271</ncols></imagesize><object><name>m2_s01_001_p_ic097</name><deleted>0</deleted><verified>0</verified><occluded>no</occluded><attributes></attributes><parts><hasparts></hasparts><ispartof></ispartof></parts><date>19-09-20 10:53:54:002</date><id>0</id><type>bounding_box</type><polygon><username>anonymous</username><pt><x>1093</x><y>798</y><time>19-09-20 10:53:45:585</time></pt><pt><x>3087</x><y>798</y><time>19-09-20 10:53:47:318</time></pt><pt><x>3087</x><y>2651</y><time>undefined</time></pt><pt><x>1093</x><y>2651</y><time>undefined</time></pt><closed_date>19-09-20 10:53:47:319</closed_date></polygon></object></annotation>