<annotation><filename>m3_s01_002_p_ic051.jpg</filename><folder>users/joselusava//santiago_3</folder><source><submittedBy>Jose Saca</submittedBy></source><imagesize><nrows>2970</nrows><ncols>4451</ncols></imagesize><object><name>m3_s01_002_p_ic051</name><deleted>0</deleted><verified>0</verified><occluded>no</occluded><attributes></attributes><parts><hasparts></hasparts><ispartof></ispartof></parts><date>28-10-20 19:20:10:682</date><id>0</id><type>bounding_box</type><polygon><username>anonymous</username><pt><x>1074</x><y>721</y><time>28-10-20 19:20:06:795</time></pt><pt><x>3145</x><y>721</y><time>28-10-20 19:20:08:398</time></pt><pt><x>3145</x><y>2370</y><time>undefined</time></pt><pt><x>1074</x><y>2370</y><time>undefined</time></pt><closed_date>28-10-20 19:20:08:400</closed_date></polygon></object></annotation>