<annotation><filename>m4_s12_185_p_ic056.jpg</filename><folder>users/joselusava//valeria/m04_s12_185_ic</folder><source><submittedBy>Jose Saca</submittedBy></source><imagesize><nrows>2910</nrows><ncols>4361</ncols></imagesize><object><name>m4_s12_185_p_ic056</name><deleted>0</deleted><verified>0</verified><occluded>no</occluded><attributes></attributes><parts><hasparts></hasparts><ispartof></ispartof></parts><date>17-10-20 17:24:59:569</date><id>0</id><type>bounding_box</type><polygon><username>anonymous</username><pt><x>3587</x><y>2602</y><time>17-10-20 17:24:52:667</time></pt><pt><x>1080</x><y>2602</y><time>17-10-20 17:24:55:347</time></pt><pt><x>1080</x><y>269</y><time>undefined</time></pt><pt><x>3587</x><y>269</y><time>undefined</time></pt><closed_date>17-10-20 17:24:55:348</closed_date></polygon></object></annotation>