<annotation><filename>m2_s01_018_p_ic018.jpg</filename><folder>users/joselusava//santiago_2</folder><source><submittedBy>Jose Saca</submittedBy></source><imagesize><nrows>3000</nrows><ncols>4496</ncols></imagesize><object><name>m2_s01_018_p_ic018</name><deleted>0</deleted><verified>0</verified><occluded>no</occluded><attributes></attributes><parts><hasparts></hasparts><ispartof></ispartof></parts><date>26-09-20 18:56:35:216</date><id>0</id><type>bounding_box</type><polygon><username>anonymous</username><pt><x>1444</x><y>692</y><time>26-09-20 18:56:28:244</time></pt><pt><x>2686</x><y>692</y><time>26-09-20 18:56:29:292</time></pt><pt><x>2686</x><y>2301</y><time>undefined</time></pt><pt><x>1444</x><y>2301</y><time>undefined</time></pt><closed_date>26-09-20 18:56:29:294</closed_date></polygon></object></annotation>