<annotation><filename>m3_s01_018_p_ic091.jpg</filename><folder>users/joselusava//m4_js/18/ic</folder><source><submittedBy>Jose Saca</submittedBy></source><imagesize><nrows>2970</nrows><ncols>4451</ncols></imagesize><object><name>m3_s01_018_p_ic091</name><deleted>0</deleted><verified>0</verified><occluded>no</occluded><attributes></attributes><parts><hasparts></hasparts><ispartof></ispartof></parts><date>05-11-20 14:38:02:569</date><id>0</id><type>bounding_box</type><polygon><username>anonymous</username><pt><x>4146</x><y>2894</y><time>05-11-20 14:38:00:558</time></pt><pt><x>105</x><y>2894</y><time>05-11-20 14:38:01:806</time></pt><pt><x>105</x><y>210</y><time>undefined</time></pt><pt><x>4146</x><y>210</y><time>undefined</time></pt><closed_date>05-11-20 14:38:01:806</closed_date></polygon></object></annotation>