<annotation><filename>m4_s11_178_p_nic095.jpg</filename><folder>users/joselusava//santiago_2</folder><source><submittedBy>Jose Saca</submittedBy></source><imagesize><nrows>2970</nrows><ncols>4451</ncols></imagesize><object><name>m4_s11_178_p_nic095</name><deleted>0</deleted><verified>0</verified><occluded>no</occluded><attributes></attributes><parts><hasparts></hasparts><ispartof></ispartof></parts><date>16-10-20 11:53:00:292</date><id>0</id><type>bounding_box</type><polygon><username>anonymous</username><pt><x>2781</x><y>1574</y><time>16-10-20 11:52:56:884</time></pt><pt><x>3688</x><y>1574</y><time>16-10-20 11:52:57:837</time></pt><pt><x>3688</x><y>2595</y><time>undefined</time></pt><pt><x>2781</x><y>2595</y><time>undefined</time></pt><closed_date>16-10-20 11:52:57:838</closed_date></polygon></object></annotation>