<annotation><filename>m2_s01_009_x.jpg</filename><folder>users/joselusava//santiago</folder><source><submittedBy>Jose Saca</submittedBy></source><imagesize><nrows>2850</nrows><ncols>4271</ncols></imagesize><object><name>m2_s01_009_x</name><deleted>0</deleted><verified>0</verified><occluded>no</occluded><attributes></attributes><parts><hasparts></hasparts><ispartof></ispartof></parts><date>20-09-20 00:13:49:387</date><id>0</id><type>bounding_box</type><polygon><username>anonymous</username><pt><x>1026</x><y>991</y><time>20-09-20 00:13:39:452</time></pt><pt><x>2946</x><y>991</y><time>20-09-20 00:13:41:686</time></pt><pt><x>2946</x><y>2222</y><time>undefined</time></pt><pt><x>1026</x><y>2222</y><time>undefined</time></pt><closed_date>20-09-20 00:13:41:687</closed_date></polygon></object></annotation>