<annotation><filename>m2_s03_252_p_nic096.jpg</filename><folder>users/joselusava//valeria/m2_sala03_252_nic</folder><source><submittedBy>Jose Saca</submittedBy></source><imagesize><nrows>2910</nrows><ncols>4361</ncols></imagesize><object><name>m2_s06_252_p_nic096</name><deleted>0</deleted><verified>0</verified><occluded>no</occluded><attributes></attributes><parts><hasparts></hasparts><ispartof></ispartof></parts><date>26-09-20 22:52:03:081</date><id>0</id><type>bounding_box</type><polygon><username>anonymous</username><pt><x>1554</x><y>254</y><time>26-09-20 22:51:58:980</time></pt><pt><x>3180</x><y>254</y><time>26-09-20 22:52:00:329</time></pt><pt><x>3180</x><y>1207</y><time>undefined</time></pt><pt><x>1554</x><y>1207</y><time>undefined</time></pt><closed_date>26-09-20 22:52:00:329</closed_date></polygon></object></annotation>