<annotation><filename>m2_s06_244_p_ic005.jpg</filename><folder>users/joselusava//museos2020</folder><source><submittedBy>Jose Saca</submittedBy></source><imagesize><nrows>2910</nrows><ncols>4361</ncols></imagesize><object><name>m2_s06_244_p_ic005</name><deleted>0</deleted><verified>0</verified><occluded>no</occluded><attributes></attributes><parts><hasparts></hasparts><ispartof></ispartof></parts><date>22-09-20 11:52:29:383</date><id>0</id><type>bounding_box</type><polygon><username>anonymous</username><pt><x>1297</x><y>1025</y><time>22-09-20 11:52:21:621</time></pt><pt><x>3168</x><y>1025</y><time>22-09-20 11:52:23:521</time></pt><pt><x>3168</x><y>1971</y><time>undefined</time></pt><pt><x>1297</x><y>1971</y><time>undefined</time></pt><closed_date>22-09-20 11:52:23:523</closed_date></polygon></object></annotation>