<annotation><filename>m4_s03_025_p_nic017.jpg</filename><folder>users/joselusava//santiago_3</folder><source><submittedBy>Jose Saca</submittedBy></source><imagesize><nrows>2910</nrows><ncols>4361</ncols></imagesize><object><name>m4_s03_025_p_nic017</name><deleted>0</deleted><verified>0</verified><occluded>no</occluded><attributes></attributes><parts><hasparts></hasparts><ispartof></ispartof></parts><date>07-11-20 23:12:53:390</date><id>0</id><type>bounding_box</type><polygon><username>anonymous</username><pt><x>161</x><y>546</y><time>07-11-20 23:12:49:679</time></pt><pt><x>2459</x><y>546</y><time>07-11-20 23:12:51:237</time></pt><pt><x>2459</x><y>1917</y><time>undefined</time></pt><pt><x>161</x><y>1917</y><time>undefined</time></pt><closed_date>07-11-20 23:12:51:238</closed_date></polygon></object></annotation>