<annotation><filename>m1_s06_168_p_ic038.jpg</filename><folder>users/joselusava//jacob_2/168ic</folder><source><submittedBy>Jose Saca</submittedBy></source><imagesize><nrows>2736</nrows><ncols>4100</ncols></imagesize><object><name>m1_s06_168_p_ic038</name><deleted>0</deleted><verified>0</verified><occluded>no</occluded><attributes></attributes><parts><hasparts></hasparts><ispartof></ispartof></parts><date>08-09-20 19:51:29:273</date><id>0</id><type>bounding_box</type><polygon><username>anonymous</username><pt><x>1301</x><y>33</y><time>08-09-20 19:51:26:763</time></pt><pt><x>2881</x><y>33</y><time>08-09-20 19:51:28:600</time></pt><pt><x>2881</x><y>2578</y><time>undefined</time></pt><pt><x>1301</x><y>2578</y><time>undefined</time></pt><closed_date>08-09-20 19:51:28:600</closed_date></polygon></object></annotation>