<annotation><filename>m2_s01_001_p_nic021.jpg</filename><folder>users/joselusava//santiago</folder><source><submittedBy>Jose Saca</submittedBy></source><imagesize><nrows>2850</nrows><ncols>4271</ncols></imagesize><object><name>m2_s01_001_p_nic021</name><deleted>0</deleted><verified>0</verified><occluded>no</occluded><attributes></attributes><parts><hasparts></hasparts><ispartof></ispartof></parts><date>19-09-20 22:06:46:804</date><id>0</id><type>bounding_box</type><polygon><username>anonymous</username><pt><x>1648</x><y>170</y><time>19-09-20 22:06:38:965</time></pt><pt><x>2975</x><y>170</y><time>19-09-20 22:06:41:108</time></pt><pt><x>2975</x><y>1603</y><time>undefined</time></pt><pt><x>1648</x><y>1603</y><time>undefined</time></pt><closed_date>19-09-20 22:06:41:109</closed_date></polygon></object></annotation>