<annotation><filename>m2_s01_018_p_ic040.jpg</filename><folder>users/joselusava//santiago_2</folder><source><submittedBy>Jose Saca</submittedBy></source><imagesize><nrows>2850</nrows><ncols>4271</ncols></imagesize><object><name>m2_s01_018_p_ic040</name><deleted>0</deleted><verified>0</verified><occluded>no</occluded><attributes></attributes><parts><hasparts></hasparts><ispartof></ispartof></parts><date>28-09-20 16:26:13:424</date><id>0</id><type>bounding_box</type><polygon><username>anonymous</username><pt><x>1350</x><y>882</y><time>28-09-20 16:26:08:995</time></pt><pt><x>2715</x><y>882</y><time>28-09-20 16:26:11:150</time></pt><pt><x>2715</x><y>2501</y><time>undefined</time></pt><pt><x>1350</x><y>2501</y><time>undefined</time></pt><closed_date>28-09-20 16:26:11:152</closed_date></polygon></object></annotation>