<annotation><filename>m2_s01_034_p_nic020.jpg</filename><folder>users/joselusava//kath</folder><source><submittedBy>Jose Saca</submittedBy></source><imagesize><nrows>2850</nrows><ncols>4271</ncols></imagesize><object><name>m2_s01_034_p_nic020</name><deleted>0</deleted><verified>0</verified><occluded>no</occluded><attributes></attributes><parts><hasparts></hasparts><ispartof></ispartof></parts><date>25-09-20 17:40:25:472</date><id>0</id><type>bounding_box</type><polygon><username>anonymous</username><pt><x>2793</x><y>1088</y><time>25-09-20 17:40:20:422</time></pt><pt><x>3681</x><y>1088</y><time>25-09-20 17:40:22:813</time></pt><pt><x>3681</x><y>2513</y><time>undefined</time></pt><pt><x>2793</x><y>2513</y><time>undefined</time></pt><closed_date>25-09-20 17:40:22:815</closed_date></polygon></object></annotation>