<annotation><filename>m2_s03_248_p_ic014.jpg</filename><folder>users/joselusava//museos2020</folder><source><submittedBy>Jose Saca</submittedBy></source><imagesize><nrows>2910</nrows><ncols>4361</ncols></imagesize><object><name>m2_s03_248_p_ic014</name><deleted>0</deleted><verified>0</verified><occluded>no</occluded><attributes></attributes><parts><hasparts></hasparts><ispartof></ispartof></parts><date>27-09-20 08:00:47:699</date><id>0</id><polygon><username>anonymous</username><pt><x>246</x><y>493</y><time>27-09-20 08:00:35:768</time></pt><pt><x>307</x><y>2324</y><time>27-09-20 08:00:36:793</time></pt><pt><x>4342</x><y>1618</y><time>27-09-20 08:00:38:073</time></pt><pt><x>4337</x><y>474</y><time>27-09-20 08:00:39:152</time></pt><closed_date>27-09-20 08:00:40:350</closed_date></polygon></object></annotation>