<annotation><filename>m2_s02_190_p_nic008.jpg</filename><folder>users/joselusava//m2_jsv/190/nic</folder><source><submittedBy>Jose Saca</submittedBy></source><imagesize><nrows>2910</nrows><ncols>4361</ncols></imagesize><object><name>m2_s02_190_p_nic008</name><deleted>0</deleted><verified>0</verified><occluded>no</occluded><attributes></attributes><parts><hasparts></hasparts><ispartof></ispartof></parts><date>21-09-20 14:53:02:963</date><id>0</id><type>bounding_box</type><polygon><username>anonymous</username><pt><x>2368</x><y>1506</y><time>21-09-20 14:53:00:539</time></pt><pt><x>1341</x><y>1506</y><time>21-09-20 14:53:02:167</time></pt><pt><x>1341</x><y>96</y><time>undefined</time></pt><pt><x>2368</x><y>96</y><time>undefined</time></pt><closed_date>21-09-20 14:53:02:167</closed_date></polygon></object></annotation>