<annotation><filename>m1_s06_141_p_ic035.jpg</filename><folder>users/joselusava//jacob_2/141ic</folder><source><submittedBy>Jose Saca</submittedBy></source><imagesize><nrows>2736</nrows><ncols>4100</ncols></imagesize><object><name>m1_s06_141_p_ic035</name><deleted>0</deleted><verified>0</verified><occluded>no</occluded><attributes></attributes><parts><hasparts></hasparts><ispartof></ispartof></parts><date>04-09-20 17:25:43:447</date><id>0</id><type>bounding_box</type><polygon><username>anonymous</username><pt><x>2570</x><y>2709</y><time>04-09-20 17:25:40:419</time></pt><pt><x>1547</x><y>2709</y><time>04-09-20 17:25:42:173</time></pt><pt><x>1547</x><y>25</y><time>undefined</time></pt><pt><x>2570</x><y>25</y><time>undefined</time></pt><closed_date>04-09-20 17:25:42:174</closed_date></polygon></object></annotation>