<annotation><filename>m4_s04_047_p_nic028.jpg</filename><folder>users/joselusava//kath/kath_m4_047/nic</folder><source><submittedBy>Jose Saca</submittedBy></source><imagesize><nrows>2970</nrows><ncols>4451</ncols></imagesize><object><name>m4_s04_047_p_nic028</name><deleted>0</deleted><verified>0</verified><occluded>no</occluded><attributes></attributes><parts><hasparts></hasparts><ispartof></ispartof></parts><date>24-10-20 18:33:26:294</date><id>0</id><type>bounding_box</type><polygon><username>anonymous</username><pt><x>557</x><y>2517</y><time>24-10-20 18:33:18:813</time></pt><pt><x>1611</x><y>2517</y><time>24-10-20 18:33:21:709</time></pt><pt><x>1611</x><y>215</y><time>undefined</time></pt><pt><x>557</x><y>215</y><time>undefined</time></pt><closed_date>24-10-20 18:33:21:710</closed_date></polygon></object></annotation>