<annotation><filename>m4_s10_154_p_nic032.jpg</filename><folder>users/joselusava//valeria/m04_s10_154_nic</folder><source><submittedBy>Jose Saca</submittedBy></source><imagesize><nrows>2970</nrows><ncols>4451</ncols></imagesize><object><name>m4_s10_154_p_nic032</name><deleted>0</deleted><verified>0</verified><occluded>no</occluded><attributes></attributes><parts><hasparts></hasparts><ispartof></ispartof></parts><date>14-10-20 12:47:59:257</date><id>0</id><type>bounding_box</type><polygon><username>anonymous</username><pt><x>2279</x><y>2742</y><time>14-10-20 12:47:54:392</time></pt><pt><x>4044</x><y>2742</y><time>14-10-20 12:47:55:955</time></pt><pt><x>4044</x><y>965</y><time>undefined</time></pt><pt><x>2279</x><y>965</y><time>undefined</time></pt><closed_date>14-10-20 12:47:55:957</closed_date></polygon></object></annotation>