<annotation><filename>m4_s02_021_p_ic099.jpg</filename><folder>users/joselusava//santiago_2</folder><source><submittedBy>Jose Saca</submittedBy></source><imagesize><nrows>2910</nrows><ncols>4361</ncols></imagesize><object><name>m4_s02_021_p_ic099</name><deleted>0</deleted><verified>0</verified><occluded>no</occluded><attributes></attributes><parts><hasparts></hasparts><ispartof></ispartof></parts><date>04-10-20 19:52:42:290</date><id>0</id><type>bounding_box</type><polygon><username>anonymous</username><pt><x>1521</x><y>45</y><time>04-10-20 19:52:38:314</time></pt><pt><x>2747</x><y>45</y><time>04-10-20 19:52:40:305</time></pt><pt><x>2747</x><y>2321</y><time>undefined</time></pt><pt><x>1521</x><y>2321</y><time>undefined</time></pt><closed_date>04-10-20 19:52:40:307</closed_date></polygon></object></annotation>