<annotation><filename>m4_s07_105_p_nic060.jpg</filename><folder>users/joselusava//kath/m4_105/nic</folder><source><submittedBy>Jose Saca</submittedBy></source><imagesize><nrows>2970</nrows><ncols>4451</ncols></imagesize><object><name>m4_s07_105_p_nic060</name><deleted>0</deleted><verified>0</verified><occluded>no</occluded><attributes></attributes><parts><hasparts></hasparts><ispartof></ispartof></parts><date>03-11-20 08:59:31:726</date><id>0</id><type>bounding_box</type><polygon><username>anonymous</username><pt><x>312</x><y>2340</y><time>03-11-20 08:59:26:573</time></pt><pt><x>1346</x><y>2340</y><time>03-11-20 08:59:29:171</time></pt><pt><x>1346</x><y>798</y><time>undefined</time></pt><pt><x>312</x><y>798</y><time>undefined</time></pt><closed_date>03-11-20 08:59:29:172</closed_date></polygon></object></annotation>