<annotation><filename>m2_s05_236_p_nic079.jpg</filename><folder>users/joselusava//museos2020</folder><source><submittedBy>Jose Saca</submittedBy></source><imagesize><nrows>2910</nrows><ncols>4361</ncols></imagesize><object><name>m2_s05_236_p_nic079</name><deleted>0</deleted><verified>0</verified><occluded>no</occluded><attributes></attributes><parts><hasparts></hasparts><ispartof></ispartof></parts><date>17-09-20 09:08:08:233</date><id>0</id><type>bounding_box</type><polygon><username>anonymous</username><pt><x>1167</x><y>488</y><time>17-09-20 09:07:59:167</time></pt><pt><x>4174</x><y>488</y><time>17-09-20 09:08:01:101</time></pt><pt><x>4174</x><y>2626</y><time>undefined</time></pt><pt><x>1167</x><y>2626</y><time>undefined</time></pt><closed_date>17-09-20 09:08:01:101</closed_date></polygon></object></annotation>