<annotation><filename>m4_s04_045_p_ic046.jpg</filename><folder>users/joselusava//valeria/m04_s04_45_ic</folder><source><submittedBy>Jose Saca</submittedBy></source><imagesize><nrows>2970</nrows><ncols>4451</ncols></imagesize><object><name>m4_s04_045_p_ic046</name><deleted>0</deleted><verified>0</verified><occluded>no</occluded><attributes></attributes><parts><hasparts></hasparts><ispartof></ispartof></parts><date>19-10-20 19:29:41:100</date><id>0</id><type>bounding_box</type><polygon><username>anonymous</username><pt><x>1988</x><y>2473</y><time>19-10-20 19:29:36:373</time></pt><pt><x>3056</x><y>2473</y><time>19-10-20 19:29:37:632</time></pt><pt><x>3056</x><y>645</y><time>undefined</time></pt><pt><x>1988</x><y>645</y><time>undefined</time></pt><closed_date>19-10-20 19:29:37:634</closed_date></polygon></object></annotation>