<annotation><filename>m4_s04_037_p_ic013.jpg</filename><folder>users/joselusava//santiago_2</folder><source><submittedBy>Jose Saca</submittedBy></source><imagesize><nrows>2970</nrows><ncols>4451</ncols></imagesize><object><name>m4_s04_037_p_ic013</name><deleted>0</deleted><verified>0</verified><occluded>no</occluded><attributes></attributes><parts><hasparts></hasparts><ispartof></ispartof></parts><date>17-10-20 21:21:11:152</date><id>0</id><type>bounding_box</type><polygon><username>anonymous</username><pt><x>1717</x><y>375</y><time>17-10-20 21:21:05:805</time></pt><pt><x>3063</x><y>375</y><time>17-10-20 21:21:08:425</time></pt><pt><x>3063</x><y>2642</y><time>undefined</time></pt><pt><x>1717</x><y>2642</y><time>undefined</time></pt><closed_date>17-10-20 21:21:08:426</closed_date></polygon></object></annotation>