<annotation><filename>m4_s11_176_p_nic088.jpg</filename><folder>users/joselusava//m4_js/176/nic</folder><source><submittedBy>Jose Saca</submittedBy></source><imagesize><nrows>2970</nrows><ncols>4451</ncols></imagesize><object><name>m4_s11_176_p_nic088</name><deleted>0</deleted><verified>0</verified><occluded>no</occluded><attributes></attributes><parts><hasparts></hasparts><ispartof></ispartof></parts><date>15-10-20 14:56:21:732</date><id>0</id><type>bounding_box</type><polygon><username>anonymous</username><pt><x>2079</x><y>1803</y><time>15-10-20 14:56:18:898</time></pt><pt><x>9</x><y>1803</y><time>15-10-20 14:56:20:829</time></pt><pt><x>9</x><y>80</y><time>undefined</time></pt><pt><x>2079</x><y>80</y><time>undefined</time></pt><closed_date>15-10-20 14:56:20:830</closed_date></polygon></object></annotation>