<annotation><filename>m1_s01_001_p_ic002.jpg</filename><folder>users/joselusava//juancarlos</folder><source><submittedBy>Jose Saca</submittedBy></source><imagesize><nrows>2000</nrows><ncols>2992</ncols></imagesize><object><name>m1_s01_001_p_ic002</name><deleted>0</deleted><verified>0</verified><occluded>no</occluded><attributes></attributes><parts><hasparts></hasparts><ispartof></ispartof></parts><date>24-08-20 10:25:20:542</date><id>0</id><type>bounding_box</type><polygon><username>anonymous</username><pt><x>830</x><y>780</y><time>24-08-20 10:24:55:877</time></pt><pt><x>1894</x><y>780</y><time>24-08-20 10:25:03:210</time></pt><pt><x>1894</x><y>1458</y><time>undefined</time></pt><pt><x>830</x><y>1458</y><time>undefined</time></pt><closed_date>24-08-20 10:25:03:210</closed_date></polygon></object></annotation>