<annotation><filename>m2_s01_010_p_nic069.jpg</filename><folder>users/joselusava//santiago</folder><source><submittedBy>Jose Saca</submittedBy></source><imagesize><nrows>2850</nrows><ncols>4271</ncols></imagesize><object><name>m2_s01_010_p_nic069</name><deleted>0</deleted><verified>0</verified><occluded>no</occluded><attributes></attributes><parts><hasparts></hasparts><ispartof></ispartof></parts><date>22-09-20 21:23:18:840</date><id>0</id><type>bounding_box</type><polygon><username>anonymous</username><pt><x>3033</x><y>535</y><time>22-09-20 21:23:11:430</time></pt><pt><x>3488</x><y>535</y><time>22-09-20 21:23:12:806</time></pt><pt><x>3488</x><y>1093</y><time>undefined</time></pt><pt><x>3033</x><y>1093</y><time>undefined</time></pt><closed_date>22-09-20 21:23:12:806</closed_date></polygon></object></annotation>