<annotation><filename>m2_s01_010_p_ic017.jpg</filename><folder>users/joselusava//santiago</folder><source><submittedBy>Jose Saca</submittedBy></source><imagesize><nrows>2850</nrows><ncols>4271</ncols></imagesize><object><name>m2_s01_010_p_ic017</name><deleted>0</deleted><verified>0</verified><occluded>no</occluded><attributes></attributes><parts><hasparts></hasparts><ispartof></ispartof></parts><date>21-09-20 15:20:03:046</date><id>0</id><type>bounding_box</type><polygon><username>anonymous</username><pt><x>1270</x><y>507</y><time>21-09-20 15:19:53:007</time></pt><pt><x>3062</x><y>507</y><time>21-09-20 15:19:55:830</time></pt><pt><x>3062</x><y>2382</y><time>undefined</time></pt><pt><x>1270</x><y>2382</y><time>undefined</time></pt><closed_date>21-09-20 15:19:55:832</closed_date></polygon></object></annotation>