<annotation><filename>m1_s01_021_p_nic040.jpg</filename><folder>users/joselusava//santiago</folder><source><submittedBy>Jose Saca</submittedBy></source><imagesize><nrows>3200</nrows><ncols>4800</ncols></imagesize><object><name>m1_s01_021_p_nic040</name><deleted>0</deleted><verified>0</verified><occluded>no</occluded><attributes></attributes><parts><hasparts></hasparts><ispartof></ispartof></parts><date>15-09-20 16:27:45:042</date><id>0</id><type>bounding_box</type><polygon><username>anonymous</username><pt><x>659</x><y>2325</y><time>15-09-20 16:27:37:158</time></pt><pt><x>1253</x><y>2325</y><time>15-09-20 16:27:38:662</time></pt><pt><x>1253</x><y>3052</y><time>undefined</time></pt><pt><x>659</x><y>3052</y><time>undefined</time></pt><closed_date>15-09-20 16:27:38:663</closed_date></polygon></object></annotation>