<annotation><filename>m2_s01_024_p_ic082.jpg</filename><folder>users/joselusava//santiago</folder><source><submittedBy>Jose Saca</submittedBy></source><imagesize><nrows>2850</nrows><ncols>4271</ncols></imagesize><object><name>m2_s01_024_p_ic082</name><deleted>0</deleted><verified>0</verified><occluded>no</occluded><attributes></attributes><parts><hasparts></hasparts><ispartof></ispartof></parts><date>24-09-20 22:58:17:132</date><id>0</id><type>bounding_box</type><polygon><username>anonymous</username><pt><x>1292</x><y>221</y><time>24-09-20 22:58:09:406</time></pt><pt><x>2847</x><y>221</y><time>24-09-20 22:58:11:562</time></pt><pt><x>2847</x><y>2773</y><time>undefined</time></pt><pt><x>1292</x><y>2773</y><time>undefined</time></pt><closed_date>24-09-20 22:58:11:564</closed_date></polygon></object></annotation>