<annotation><filename>m1_s03-04_078_x.jpg</filename><folder>users/joselusava//valeria/sala03y04</folder><source><submittedBy>Jose Saca</submittedBy></source><imagesize><nrows>3200</nrows><ncols>4800</ncols></imagesize><object><name>m1_s03_s04_078_x</name><deleted>0</deleted><verified>0</verified><occluded>no</occluded><attributes></attributes><parts><hasparts></hasparts><ispartof></ispartof></parts><date>28-08-20 19:51:50:987</date><id>0</id><type>bounding_box</type><polygon><username>anonymous</username><pt><x>3903</x><y>3114</y><time>28-08-20 19:51:42:411</time></pt><pt><x>1117</x><y>3114</y><time>28-08-20 19:51:46:612</time></pt><pt><x>1117</x><y>102</y><time>undefined</time></pt><pt><x>3903</x><y>102</y><time>undefined</time></pt><closed_date>28-08-20 19:51:46:612</closed_date></polygon></object></annotation>