<annotation><filename>m1_s01_001_p_ic052.jpg</filename><folder>users/joselusava//juancarlos</folder><source><submittedBy>Jose Saca</submittedBy></source><imagesize><nrows>2000</nrows><ncols>2992</ncols></imagesize><object><name>m1_s01_001_p_ic052</name><deleted>0</deleted><verified>0</verified><occluded>no</occluded><attributes></attributes><parts><hasparts></hasparts><ispartof></ispartof></parts><date>31-08-20 16:53:37:809</date><id>0</id><type>bounding_box</type><polygon><username>anonymous</username><pt><x>860</x><y>705</y><time>31-08-20 16:53:23:400</time></pt><pt><x>2023</x><y>705</y><time>31-08-20 16:53:27:195</time></pt><pt><x>2023</x><y>1447</y><time>undefined</time></pt><pt><x>860</x><y>1447</y><time>undefined</time></pt><closed_date>31-08-20 16:53:27:196</closed_date></polygon></object></annotation>