<annotation><filename>m2_s03_219_p_nic032.jpg</filename><folder>users/joselusava//valeria/m2_sala03_219_nic</folder><source><submittedBy>Jose Saca</submittedBy></source><imagesize><nrows>2910</nrows><ncols>4361</ncols></imagesize><object><name>m2_s03_219_p_nic032</name><deleted>0</deleted><verified>0</verified><occluded>no</occluded><attributes></attributes><parts><hasparts></hasparts><ispartof></ispartof></parts><date>29-09-20 17:47:32:925</date><id>0</id><type>bounding_box</type><polygon><username>anonymous</username><pt><x>1664</x><y>1995</y><time>29-09-20 17:47:23:872</time></pt><pt><x>617</x><y>1995</y><time>29-09-20 17:47:27:261</time></pt><pt><x>617</x><y>171</y><time>undefined</time></pt><pt><x>1664</x><y>171</y><time>undefined</time></pt><closed_date>29-09-20 17:47:27:262</closed_date></polygon></object></annotation>