<annotation><filename>m4_s04_037_p_ic080.jpg</filename><folder>users/joselusava//santiago_2</folder><source><submittedBy>Jose Saca</submittedBy></source><imagesize><nrows>2970</nrows><ncols>4451</ncols></imagesize><object><name>m4_s04_037_p_ic080</name><deleted>0</deleted><verified>0</verified><occluded>no</occluded><attributes></attributes><parts><hasparts></hasparts><ispartof></ispartof></parts><date>18-10-20 22:11:03:894</date><id>0</id><type>bounding_box</type><polygon><username>anonymous</username><pt><x>1653</x><y>261</y><time>18-10-20 22:10:58:731</time></pt><pt><x>3184</x><y>261</y><time>18-10-20 22:11:00:124</time></pt><pt><x>3184</x><y>2545</y><time>undefined</time></pt><pt><x>1653</x><y>2545</y><time>undefined</time></pt><closed_date>18-10-20 22:11:00:124</closed_date></polygon></object></annotation>