<annotation><filename>m4_s02_021_p_ic049.jpg</filename><folder>users/joselusava//santiago_2</folder><source><submittedBy>Jose Saca</submittedBy></source><imagesize><nrows>3000</nrows><ncols>4496</ncols></imagesize><object><name>m4_s02_021_p_ic049</name><deleted>0</deleted><verified>0</verified><occluded>no</occluded><attributes></attributes><parts><hasparts></hasparts><ispartof></ispartof></parts><date>03-10-20 18:12:04:646</date><id>0</id><type>bounding_box</type><polygon><username>anonymous</username><pt><x>1475</x><y>400</y><time>03-10-20 18:12:01:813</time></pt><pt><x>2604</x><y>400</y><time>03-10-20 18:12:02:783</time></pt><pt><x>2604</x><y>2371</y><time>undefined</time></pt><pt><x>1475</x><y>2371</y><time>undefined</time></pt><closed_date>03-10-20 18:12:02:784</closed_date></polygon></object></annotation>