<annotation><filename>m4_s10_164_p_nic081.jpg</filename><folder>users/joselusava//santiago_2</folder><source><submittedBy>Jose Saca</submittedBy></source><imagesize><nrows>2970</nrows><ncols>4451</ncols></imagesize><object><name>m4_s10_164_p_nic081</name><deleted>0</deleted><verified>0</verified><occluded>no</occluded><attributes></attributes><parts><hasparts></hasparts><ispartof></ispartof></parts><date>14-10-20 16:16:55:597</date><id>0</id><type>bounding_box</type><polygon><username>anonymous</username><pt><x>607</x><y>575</y><time>14-10-20 16:16:52:766</time></pt><pt><x>1114</x><y>575</y><time>14-10-20 16:16:53:742</time></pt><pt><x>1114</x><y>1174</y><time>undefined</time></pt><pt><x>607</x><y>1174</y><time>undefined</time></pt><closed_date>14-10-20 16:16:53:743</closed_date></polygon></object></annotation>