<annotation><filename>m1_s02_029_p_nic049.jpg</filename><folder>users/joselusava//valeria/sala2_029_nic</folder><source><submittedBy>Jose Saca</submittedBy></source><imagesize><nrows>3200</nrows><ncols>4800</ncols></imagesize><object><name>m1_s02_029_p_nic049</name><deleted>0</deleted><verified>0</verified><occluded>no</occluded><attributes></attributes><parts><hasparts></hasparts><ispartof></ispartof></parts><date>26-08-20 19:12:35:779</date><id>0</id><type>bounding_box</type><polygon><username>anonymous</username><pt><x>279</x><y>226</y><time>26-08-20 19:12:31:119</time></pt><pt><x>1648</x><y>226</y><time>26-08-20 19:12:32:851</time></pt><pt><x>1648</x><y>1659</y><time>undefined</time></pt><pt><x>279</x><y>1659</y><time>undefined</time></pt><closed_date>26-08-20 19:12:32:852</closed_date></polygon></object></annotation>