<annotation><filename>m1_s01_001_p_nic053.jpg</filename><folder>users/joselusava//juancarlos</folder><source><submittedBy>Jose Saca</submittedBy></source><imagesize><nrows>3200</nrows><ncols>4800</ncols></imagesize><object><name>m1_s01_001_p_nic053</name><deleted>0</deleted><verified>0</verified><occluded>no</occluded><attributes></attributes><parts><hasparts></hasparts><ispartof></ispartof></parts><date>09-09-20 17:06:13:528</date><id>0</id><type>bounding_box</type><polygon><username>anonymous</username><pt><x>685</x><y>618</y><time>09-09-20 17:05:59:090</time></pt><pt><x>1824</x><y>618</y><time>09-09-20 17:06:04:291</time></pt><pt><x>1824</x><y>1145</y><time>undefined</time></pt><pt><x>685</x><y>1145</y><time>undefined</time></pt><closed_date>09-09-20 17:06:04:292</closed_date></polygon></object></annotation>