<annotation><filename>m4_s09_138_p_nic081.jpg</filename><folder>users/joselusava//santiago_2</folder><source><submittedBy>Jose Saca</submittedBy></source><imagesize><nrows>2970</nrows><ncols>4451</ncols></imagesize><object><name>m4_s09_138_p_nic081</name><deleted>0</deleted><verified>0</verified><occluded>no</occluded><attributes></attributes><parts><hasparts></hasparts><ispartof></ispartof></parts><date>23-10-20 14:26:55:958</date><id>0</id><type>bounding_box</type><polygon><username>anonymous</username><pt><x>327</x><y>929</y><time>23-10-20 14:26:52:738</time></pt><pt><x>2786</x><y>929</y><time>23-10-20 14:26:53:796</time></pt><pt><x>2786</x><y>2061</y><time>undefined</time></pt><pt><x>327</x><y>2061</y><time>undefined</time></pt><closed_date>23-10-20 14:26:53:798</closed_date></polygon></object></annotation>