<annotation><filename>m2_s01_058_p_ic071.jpg</filename><folder>users/joselusava//m2_jsv/58/ic</folder><source><submittedBy>Jose Saca</submittedBy></source><imagesize><nrows>2850</nrows><ncols>4271</ncols></imagesize><object><name>m2_s01_058_p_ic071</name><deleted>0</deleted><verified>0</verified><occluded>no</occluded><attributes></attributes><parts><hasparts></hasparts><ispartof></ispartof></parts><date>29-09-20 13:36:53:652</date><id>0</id><type>bounding_box</type><polygon><username>anonymous</username><pt><x>3821</x><y>42</y><time>29-09-20 13:36:51:246</time></pt><pt><x>442</x><y>42</y><time>29-09-20 13:36:52:674</time></pt><pt><x>442</x><y>2709</y><time>undefined</time></pt><pt><x>3821</x><y>2709</y><time>undefined</time></pt><closed_date>29-09-20 13:36:52:675</closed_date></polygon></object></annotation>