<annotation><filename>m2_s02_190_p_nic059.jpg</filename><folder>users/joselusava//m2_jsv/190/nic</folder><source><submittedBy>Jose Saca</submittedBy></source><imagesize><nrows>2910</nrows><ncols>4361</ncols></imagesize><object><name>m2_s02_190_p_nic059</name><deleted>0</deleted><verified>0</verified><occluded>no</occluded><attributes></attributes><parts><hasparts></hasparts><ispartof></ispartof></parts><date>21-09-20 15:11:17:854</date><id>0</id><type>bounding_box</type><polygon><username>anonymous</username><pt><x>2620</x><y>2603</y><time>21-09-20 15:11:15:728</time></pt><pt><x>1549</x><y>2603</y><time>21-09-20 15:11:17:358</time></pt><pt><x>1549</x><y>1663</y><time>undefined</time></pt><pt><x>2620</x><y>1663</y><time>undefined</time></pt><closed_date>21-09-20 15:11:17:358</closed_date></polygon></object></annotation>