<annotation><filename>m4_s04_039_p_ic096.jpg</filename><folder>users/joselusava//santiago_2</folder><source><submittedBy>Jose Saca</submittedBy></source><imagesize><nrows>2970</nrows><ncols>4451</ncols></imagesize><object><name>m4_s04_039_p_ic096</name><deleted>0</deleted><verified>0</verified><occluded>no</occluded><attributes></attributes><parts><hasparts></hasparts><ispartof></ispartof></parts><date>21-10-20 16:10:34:072</date><id>0</id><type>bounding_box</type><polygon><username>anonymous</username><pt><x>1649</x><y>325</y><time>21-10-20 16:10:29:949</time></pt><pt><x>2499</x><y>325</y><time>21-10-20 16:10:31:739</time></pt><pt><x>2499</x><y>2913</y><time>undefined</time></pt><pt><x>1649</x><y>2913</y><time>undefined</time></pt><closed_date>21-10-20 16:10:31:740</closed_date></polygon></object></annotation>