<annotation><filename>m4_s09_138_p.jpg</filename><folder>users/joselusava//santiago_2</folder><source><submittedBy>Jose Saca</submittedBy></source><imagesize><nrows>2970</nrows><ncols>4451</ncols></imagesize><object><name>m4_s09_138_p</name><deleted>0</deleted><verified>0</verified><occluded>no</occluded><attributes></attributes><parts><hasparts></hasparts><ispartof></ispartof></parts><date>22-10-20 13:43:44:466</date><id>0</id><type>bounding_box</type><polygon><username>anonymous</username><pt><x>528</x><y>698</y><time>22-10-20 13:43:30:207</time></pt><pt><x>3799</x><y>698</y><time>22-10-20 13:43:32:931</time></pt><pt><x>3799</x><y>2098</y><time>undefined</time></pt><pt><x>528</x><y>2098</y><time>undefined</time></pt><closed_date>22-10-20 13:43:32:931</closed_date></polygon></object></annotation>