<annotation><filename>m1_s02_052_p_nic089.jpg</filename><folder>users/joselusava//valeria/sala2_052_nic</folder><source><submittedBy>Jose Saca</submittedBy></source><imagesize><nrows>3200</nrows><ncols>4800</ncols></imagesize><object><name>m1_s02_052_p_nic089</name><deleted>0</deleted><verified>0</verified><occluded>no</occluded><attributes></attributes><parts><hasparts></hasparts><ispartof></ispartof></parts><date>27-08-20 17:51:20:703</date><id>0</id><type>bounding_box</type><polygon><username>anonymous</username><pt><x>1616</x><y>97</y><time>27-08-20 17:51:14:948</time></pt><pt><x>123</x><y>97</y><time>27-08-20 17:51:17:572</time></pt><pt><x>123</x><y>1466</y><time>undefined</time></pt><pt><x>1616</x><y>1466</y><time>undefined</time></pt><closed_date>27-08-20 17:51:17:573</closed_date></polygon></object></annotation>