<annotation><filename>m4_s07_105_p_ic002.jpg</filename><folder>users/joselusava//kath/m4_105</folder><source><submittedBy>Jose Saca</submittedBy></source><imagesize><nrows>2970</nrows><ncols>4451</ncols></imagesize><object><name>m4_s07_105_p_ic002</name><deleted>0</deleted><verified>0</verified><occluded>no</occluded><attributes></attributes><parts><hasparts></hasparts><ispartof></ispartof></parts><date>25-10-20 09:06:39:410</date><id>0</id><type>bounding_box</type><polygon><username>anonymous</username><pt><x>1758</x><y>568</y><time>25-10-20 09:06:27:402</time></pt><pt><x>2877</x><y>568</y><time>25-10-20 09:06:32:406</time></pt><pt><x>2877</x><y>2719</y><time>undefined</time></pt><pt><x>1758</x><y>2719</y><time>undefined</time></pt><closed_date>25-10-20 09:06:32:407</closed_date></polygon></object></annotation>