<annotation><filename>m4_s11_178_p_nic036.jpg</filename><folder>users/joselusava//santiago_2</folder><source><submittedBy>Jose Saca</submittedBy></source><imagesize><nrows>2970</nrows><ncols>4451</ncols></imagesize><object><name>m4_s11_178_p_nic036</name><deleted>0</deleted><verified>0</verified><occluded>no</occluded><attributes></attributes><parts><hasparts></hasparts><ispartof></ispartof></parts><date>15-10-20 23:20:39:034</date><id>0</id><type>bounding_box</type><polygon><username>anonymous</username><pt><x>1810</x><y>1349</y><time>15-10-20 23:20:35:731</time></pt><pt><x>3045</x><y>1349</y><time>15-10-20 23:20:37:167</time></pt><pt><x>3045</x><y>2752</y><time>undefined</time></pt><pt><x>1810</x><y>2752</y><time>undefined</time></pt><closed_date>15-10-20 23:20:37:167</closed_date></polygon></object></annotation>