<annotation><filename>m2_s03_252_p_nic059.jpg</filename><folder>users/joselusava//valeria/m2_sala03_252_nic</folder><source><submittedBy>Jose Saca</submittedBy></source><imagesize><nrows>2910</nrows><ncols>4361</ncols></imagesize><object><name>m2_s06_252_p_nic059</name><deleted>0</deleted><verified>0</verified><occluded>no</occluded><attributes></attributes><parts><hasparts></hasparts><ispartof></ispartof></parts><date>26-09-20 21:57:50:691</date><id>0</id><type>bounding_box</type><polygon><username>anonymous</username><pt><x>1433</x><y>1626</y><time>26-09-20 21:57:45:553</time></pt><pt><x>3009</x><y>1626</y><time>26-09-20 21:57:47:242</time></pt><pt><x>3009</x><y>2761</y><time>undefined</time></pt><pt><x>1433</x><y>2761</y><time>undefined</time></pt><closed_date>26-09-20 21:57:47:243</closed_date></polygon></object></annotation>