<annotation><filename>m4_s05_060_p_nic095.jpg</filename><folder>users/joselusava//m4_js/60/nic</folder><source><submittedBy>Jose Saca</submittedBy></source><imagesize><nrows>2910</nrows><ncols>4361</ncols></imagesize><object><name>m4_s05_060_p_nic095</name><deleted>0</deleted><verified>0</verified><occluded>no</occluded><attributes></attributes><parts><hasparts></hasparts><ispartof></ispartof></parts><date>14-10-20 00:30:57:170</date><id>0</id><type>bounding_box</type><polygon><username>anonymous</username><pt><x>3430</x><y>1767</y><time>14-10-20 00:30:55:142</time></pt><pt><x>26</x><y>1767</y><time>14-10-20 00:30:56:264</time></pt><pt><x>26</x><y>9</y><time>undefined</time></pt><pt><x>3430</x><y>9</y><time>undefined</time></pt><closed_date>14-10-20 00:30:56:264</closed_date></polygon></object></annotation>