<annotation><filename>m4_s06_089_p_nic077.jpg</filename><folder>users/joselusava//santiago_2</folder><source><submittedBy>Jose Saca</submittedBy></source><imagesize><nrows>2970</nrows><ncols>4451</ncols></imagesize><object><name>m4_s06_089_p_nic077</name><deleted>0</deleted><verified>0</verified><occluded>no</occluded><attributes></attributes><parts><hasparts></hasparts><ispartof></ispartof></parts><date>12-10-20 22:06:16:703</date><id>0</id><type>bounding_box</type><polygon><username>anonymous</username><pt><x>1324</x><y>1149</y><time>12-10-20 22:06:13:399</time></pt><pt><x>2117</x><y>1149</y><time>12-10-20 22:06:14:742</time></pt><pt><x>2117</x><y>2599</y><time>undefined</time></pt><pt><x>1324</x><y>2599</y><time>undefined</time></pt><closed_date>12-10-20 22:06:14:742</closed_date></polygon></object></annotation>