<annotation><filename>m4_s12_185_p_nic045.jpg</filename><folder>users/joselusava//valeria/m04_s12_185_nic</folder><source><submittedBy>Jose Saca</submittedBy></source><imagesize><nrows>2910</nrows><ncols>4361</ncols></imagesize><object><name>m4_s12_185_p_nic045</name><deleted>0</deleted><verified>0</verified><occluded>no</occluded><attributes></attributes><parts><hasparts></hasparts><ispartof></ispartof></parts><date>17-10-20 23:13:43:552</date><id>0</id><type>bounding_box</type><polygon><username>anonymous</username><pt><x>1864</x><y>2446</y><time>17-10-20 23:13:36:993</time></pt><pt><x>11</x><y>2446</y><time>17-10-20 23:13:39:806</time></pt><pt><x>11</x><y>297</y><time>undefined</time></pt><pt><x>1864</x><y>297</y><time>undefined</time></pt><closed_date>17-10-20 23:13:39:807</closed_date></polygon></object></annotation>