<annotation><filename>m4_s05_052_p_ic088.jpg</filename><folder>users/joselusava//santiago_2</folder><source><submittedBy>Jose Saca</submittedBy></source><imagesize><nrows>2910</nrows><ncols>4361</ncols></imagesize><object><name>m4_s05_052_p_ic088</name><deleted>0</deleted><verified>0</verified><occluded>no</occluded><attributes></attributes><parts><hasparts></hasparts><ispartof></ispartof></parts><date>07-10-20 23:12:59:843</date><id>0</id><type>bounding_box</type><polygon><username>anonymous</username><pt><x>1046</x><y>371</y><time>07-10-20 23:12:56:324</time></pt><pt><x>3121</x><y>371</y><time>07-10-20 23:12:57:895</time></pt><pt><x>3121</x><y>2612</y><time>undefined</time></pt><pt><x>1046</x><y>2612</y><time>undefined</time></pt><closed_date>07-10-20 23:12:57:896</closed_date></polygon></object></annotation>