<annotation><filename>m1_s02_029_p_nic076.jpg</filename><folder>users/joselusava//valeria/sala2_029_nic</folder><source><submittedBy>Jose Saca</submittedBy></source><imagesize><nrows>3200</nrows><ncols>4800</ncols></imagesize><object><name>m1_s02_029_p_nic076</name><deleted>0</deleted><verified>0</verified><occluded>no</occluded><attributes></attributes><parts><hasparts></hasparts><ispartof></ispartof></parts><date>26-08-20 20:26:10:152</date><id>0</id><type>bounding_box</type><polygon><username>anonymous</username><pt><x>800</x><y>1772</y><time>26-08-20 20:26:03:749</time></pt><pt><x>1793</x><y>1772</y><time>26-08-20 20:26:06:690</time></pt><pt><x>1793</x><y>2953</y><time>undefined</time></pt><pt><x>800</x><y>2953</y><time>undefined</time></pt><closed_date>26-08-20 20:26:06:691</closed_date></polygon></object></annotation>