<annotation><filename>m2_s01_031_x.jpg</filename><folder>users/joselusava//santiago</folder><source><submittedBy>Jose Saca</submittedBy></source><imagesize><nrows>2850</nrows><ncols>4271</ncols></imagesize><object><name>m2_s01_031_x</name><deleted>0</deleted><verified>0</verified><occluded>no</occluded><attributes></attributes><parts><hasparts></hasparts><ispartof></ispartof></parts><date>24-09-20 00:35:21:014</date><id>0</id><type>bounding_box</type><polygon><username>anonymous</username><pt><x>1048</x><y>135</y><time>24-09-20 00:35:10:517</time></pt><pt><x>3180</x><y>135</y><time>24-09-20 00:35:12:721</time></pt><pt><x>3180</x><y>2722</y><time>undefined</time></pt><pt><x>1048</x><y>2722</y><time>undefined</time></pt><closed_date>24-09-20 00:35:12:722</closed_date></polygon></object></annotation>