<annotation><filename>m2_s03_252_p_ic036.jpg</filename><folder>users/joselusava//valeria/m2_sala03_252_ic</folder><source><submittedBy>Jose Saca</submittedBy></source><imagesize><nrows>2910</nrows><ncols>4361</ncols></imagesize><object><name>m2_s06_252_p_ic034</name><deleted>0</deleted><verified>0</verified><occluded>no</occluded><attributes/><parts><hasparts/><ispartof/></parts><date>25-09-20 22:34:55:152</date><id>0</id><type>bounding_box</type><polygon><username>anonymous</username><pt><x>457</x><y>667</y><time>25-09-20 22:34:47:846</time></pt><pt><x>3412</x><y>667</y><time>25-09-20 22:34:49:861</time></pt><pt><x>3412</x><y>2508</y><time>undefined</time></pt><pt><x>457</x><y>2508</y><time>undefined</time></pt><closed_date>25-09-20 22:34:49:862</closed_date></polygon></object><object><name>m2_s06_252_p_ic036</name><deleted>0</deleted><verified>0</verified><occluded>no</occluded><attributes></attributes><parts><hasparts></hasparts><ispartof></ispartof></parts><date>26-09-20 23:41:22:542</date><id>1</id><type>bounding_box</type><polygon><username>anonymous</username><pt><x>441</x><y>661</y><time>26-09-20 23:41:16:587</time></pt><pt><x>3406</x><y>661</y><time>26-09-20 23:41:19:230</time></pt><pt><x>3406</x><y>2508</y><time>undefined</time></pt><pt><x>441</x><y>2508</y><time>undefined</time></pt><closed_date>26-09-20 23:41:19:230</closed_date></polygon></object></annotation>