<annotation><filename>m2_s01_034_p_ic006.jpg</filename><folder>users/joselusava//kath</folder><source><submittedBy>Jose Saca</submittedBy></source><imagesize><nrows>2850</nrows><ncols>4271</ncols></imagesize><object><name>m2_s01_034_p_ic006</name><deleted>0</deleted><verified>0</verified><occluded>no</occluded><attributes></attributes><parts><hasparts></hasparts><ispartof></ispartof></parts><date>23-09-20 22:02:43:339</date><id>0</id><type>bounding_box</type><polygon><username>anonymous</username><pt><x>1313</x><y>526</y><time>23-09-20 22:01:53:531</time></pt><pt><x>2927</x><y>526</y><time>23-09-20 22:02:19:252</time></pt><pt><x>2927</x><y>2794</y><time>undefined</time></pt><pt><x>1313</x><y>2794</y><time>undefined</time></pt><closed_date>23-09-20 22:02:19:253</closed_date></polygon></object></annotation>