<annotation><filename>m2_s01_010_p_ic027.jpg</filename><folder>users/joselusava//santiago</folder><source><submittedBy>Jose Saca</submittedBy></source><imagesize><nrows>2850</nrows><ncols>4271</ncols></imagesize><object><name>m2_s01_010_p_ic027</name><deleted>0</deleted><verified>0</verified><occluded>no</occluded><attributes></attributes><parts><hasparts></hasparts><ispartof></ispartof></parts><date>21-09-20 15:30:42:011</date><id>0</id><type>bounding_box</type><polygon><username>anonymous</username><pt><x>1212</x><y>301</y><time>21-09-20 15:30:33:750</time></pt><pt><x>2731</x><y>301</y><time>21-09-20 15:30:35:860</time></pt><pt><x>2731</x><y>2125</y><time>undefined</time></pt><pt><x>1212</x><y>2125</y><time>undefined</time></pt><closed_date>21-09-20 15:30:35:861</closed_date></polygon></object></annotation>