<annotation><filename>m2_s01_024_p_ic026.jpg</filename><folder>users/joselusava//santiago</folder><source><submittedBy>Jose Saca</submittedBy></source><imagesize><nrows>2850</nrows><ncols>4271</ncols></imagesize><object><name>m2_s01_024_p_ic026</name><deleted>0</deleted><verified>0</verified><occluded>no</occluded><attributes></attributes><parts><hasparts></hasparts><ispartof></ispartof></parts><date>24-09-20 12:12:00:021</date><id>0</id><type>bounding_box</type><polygon><username>anonymous</username><pt><x>1497</x><y>227</y><time>24-09-20 12:11:47:943</time></pt><pt><x>2875</x><y>227</y><time>24-09-20 12:11:51:126</time></pt><pt><x>2875</x><y>2727</y><time>undefined</time></pt><pt><x>1497</x><y>2727</y><time>undefined</time></pt><closed_date>24-09-20 12:11:51:128</closed_date></polygon></object></annotation>