<annotation><filename>m4_s04_037_p_ic066.jpg</filename><folder>users/joselusava//santiago_2</folder><source><submittedBy>Jose Saca</submittedBy></source><imagesize><nrows>2970</nrows><ncols>4451</ncols></imagesize><object><name>m4_s04_037_p_ic066</name><deleted>0</deleted><verified>0</verified><occluded>no</occluded><attributes></attributes><parts><hasparts></hasparts><ispartof></ispartof></parts><date>18-10-20 21:33:56:229</date><id>0</id><type>bounding_box</type><polygon><username>anonymous</username><pt><x>1542</x><y>382</y><time>18-10-20 21:33:47:398</time></pt><pt><x>3034</x><y>382</y><time>18-10-20 21:33:49:562</time></pt><pt><x>3034</x><y>2709</y><time>undefined</time></pt><pt><x>1542</x><y>2709</y><time>undefined</time></pt><closed_date>18-10-20 21:33:49:564</closed_date></polygon></object></annotation>