<annotation><filename>m3_s01_002_p_ic058.jpg</filename><folder>users/joselusava//santiago_3</folder><source><submittedBy>Jose Saca</submittedBy></source><imagesize><nrows>2970</nrows><ncols>4451</ncols></imagesize><object><name>m3_s01_002_p_ic058</name><deleted>0</deleted><verified>0</verified><occluded>no</occluded><attributes></attributes><parts><hasparts></hasparts><ispartof></ispartof></parts><date>28-10-20 21:39:58:343</date><id>0</id><type>bounding_box</type><polygon><username>anonymous</username><pt><x>760</x><y>118</y><time>28-10-20 21:39:47:679</time></pt><pt><x>3413</x><y>118</y><time>28-10-20 21:39:50:059</time></pt><pt><x>3413</x><y>2320</y><time>undefined</time></pt><pt><x>760</x><y>2320</y><time>undefined</time></pt><closed_date>28-10-20 21:39:50:059</closed_date></polygon></object></annotation>