<annotation><filename>m4_s10_164_p_nic043.jpg</filename><folder>users/joselusava//santiago_2</folder><source><submittedBy>Jose Saca</submittedBy></source><imagesize><nrows>2970</nrows><ncols>4451</ncols></imagesize><object><name>m4_s10_164_p_nic043</name><deleted>0</deleted><verified>0</verified><occluded>no</occluded><attributes></attributes><parts><hasparts></hasparts><ispartof></ispartof></parts><date>14-10-20 00:33:00:840</date><id>0</id><type>bounding_box</type><polygon><username>anonymous</username><pt><x>1717</x><y>293</y><time>14-10-20 00:32:57:532</time></pt><pt><x>2160</x><y>293</y><time>14-10-20 00:32:58:905</time></pt><pt><x>2160</x><y>978</y><time>undefined</time></pt><pt><x>1717</x><y>978</y><time>undefined</time></pt><closed_date>14-10-20 00:32:58:906</closed_date></polygon></object></annotation>