<annotation><filename>img_m1_s03-04_108_p_ic064.jpg</filename><folder>users/joselusava//valeria/sala3y4_108_ic</folder><source><submittedBy>Jose Saca</submittedBy></source><imagesize><nrows>3200</nrows><ncols>4800</ncols></imagesize><object><name>m1_s03_s04_108_p_ic064</name><deleted>0</deleted><verified>0</verified><occluded>no</occluded><attributes></attributes><parts><hasparts></hasparts><ispartof></ispartof></parts><date>31-08-20 00:09:38:129</date><id>0</id><type>bounding_box</type><polygon><username>anonymous</username><pt><x>4764</x><y>2752</y><time>31-08-20 00:09:31:250</time></pt><pt><x>12</x><y>2752</y><time>31-08-20 00:09:34:743</time></pt><pt><x>12</x><y>1006</y><time>undefined</time></pt><pt><x>4764</x><y>1006</y><time>undefined</time></pt><closed_date>31-08-20 00:09:34:744</closed_date></polygon></object></annotation>