<annotation><filename>m4_s11_178_p_ic091.jpg</filename><folder>users/joselusava//santiago_2</folder><source><submittedBy>Jose Saca</submittedBy></source><imagesize><nrows>2970</nrows><ncols>4451</ncols></imagesize><object><name>m4_s11_178_p_ic091</name><deleted>0</deleted><verified>0</verified><occluded>no</occluded><attributes></attributes><parts><hasparts></hasparts><ispartof></ispartof></parts><date>15-10-20 22:28:24:377</date><id>0</id><type>bounding_box</type><polygon><username>anonymous</username><pt><x>1592</x><y>714</y><time>15-10-20 22:28:19:835</time></pt><pt><x>3213</x><y>714</y><time>15-10-20 22:28:22:396</time></pt><pt><x>3213</x><y>2467</y><time>undefined</time></pt><pt><x>1592</x><y>2467</y><time>undefined</time></pt><closed_date>15-10-20 22:28:22:397</closed_date></polygon></object></annotation>