<annotation><filename>m1_s02_052_p_nic006.jpg</filename><folder>users/joselusava//valeria/sala2_052_nic</folder><source><submittedBy>Jose Saca</submittedBy></source><imagesize><nrows>3200</nrows><ncols>4800</ncols></imagesize><object><name>m1_s02_052_p_nic006</name><deleted>0</deleted><verified>0</verified><occluded>no</occluded><attributes></attributes><parts><hasparts></hasparts><ispartof></ispartof></parts><date>27-08-20 13:47:06:171</date><id>0</id><type>bounding_box</type><polygon><username>anonymous</username><pt><x>2529</x><y>1417</y><time>27-08-20 13:47:00:729</time></pt><pt><x>1509</x><y>1417</y><time>27-08-20 13:47:03:268</time></pt><pt><x>1509</x><y>387</y><time>undefined</time></pt><pt><x>2529</x><y>387</y><time>undefined</time></pt><closed_date>27-08-20 13:47:03:269</closed_date></polygon></object></annotation>