<annotation><filename>m1_s10_278_x.jpg</filename><folder>users/joselusava//santiago</folder><source><submittedBy>Jose Saca</submittedBy></source><imagesize><nrows>3200</nrows><ncols>4800</ncols></imagesize><object><name>m1_s10_278_x</name><deleted>0</deleted><verified>0</verified><occluded>no</occluded><attributes></attributes><parts><hasparts></hasparts><ispartof></ispartof></parts><date>28-08-20 15:59:41:327</date><id>0</id><type>bounding_box</type><polygon><username>anonymous</username><pt><x>932</x><y>529</y><time>28-08-20 15:59:22:457</time></pt><pt><x>3679</x><y>529</y><time>28-08-20 15:59:28:531</time></pt><pt><x>3679</x><y>2718</y><time>undefined</time></pt><pt><x>932</x><y>2718</y><time>undefined</time></pt><closed_date>28-08-20 15:59:28:532</closed_date></polygon></object></annotation>