<annotation><filename>m1_s02_052_p_nic088.jpg</filename><folder>users/joselusava//valeria/sala2_052_nic</folder><source><submittedBy>Jose Saca</submittedBy></source><imagesize><nrows>3200</nrows><ncols>4800</ncols></imagesize><object><name>m1_s02_052_p_nic088</name><deleted>0</deleted><verified>0</verified><occluded>no</occluded><attributes></attributes><parts><hasparts></hasparts><ispartof></ispartof></parts><date>27-08-20 17:49:22:734</date><id>0</id><type>bounding_box</type><polygon><username>anonymous</username><pt><x>1444</x><y>1434</y><time>27-08-20 17:49:15:147</time></pt><pt><x>-5</x><y>1434</y><time>27-08-20 17:49:19:597</time></pt><pt><x>-5</x><y>129</y><time>undefined</time></pt><pt><x>1444</x><y>129</y><time>undefined</time></pt><closed_date>27-08-20 17:49:19:598</closed_date></polygon></object></annotation>