<annotation><filename>m2_s01_034_p_ic066.jpg</filename><folder>users/joselusava//kath</folder><source><submittedBy>Jose Saca</submittedBy></source><imagesize><nrows>2850</nrows><ncols>4271</ncols></imagesize><object><name>m2_s01_034_p_ic066</name><deleted>0</deleted><verified>0</verified><occluded>no</occluded><attributes></attributes><parts><hasparts></hasparts><ispartof></ispartof></parts><date>25-09-20 16:35:35:539</date><id>0</id><polygon><username>anonymous</username><pt><x>1167</x><y>107</y><time>25-09-20 16:35:17:893</time></pt><pt><x>2521</x><y>79</y><time>25-09-20 16:35:20:351</time></pt><pt><x>3000</x><y>2599</y><time>25-09-20 16:35:28:095</time></pt><pt><x>1124</x><y>2513</y><time>25-09-20 16:35:30:287</time></pt><closed_date>25-09-20 16:35:32:589</closed_date></polygon></object></annotation>