<annotation><filename>m2_s01_056_p_nic099.jpg</filename><folder>users/joselusava//m2_jsv/56/nic</folder><source><submittedBy>Jose Saca</submittedBy></source><imagesize><nrows>2850</nrows><ncols>4271</ncols></imagesize><object><name>m2_s01_056_p_nic099</name><deleted>0</deleted><verified>0</verified><occluded>no</occluded><attributes></attributes><parts><hasparts></hasparts><ispartof></ispartof></parts><date>28-09-20 22:40:24:570</date><id>0</id><type>bounding_box</type><polygon><username>anonymous</username><pt><x>3787</x><y>1944</y><time>28-09-20 22:40:22:548</time></pt><pt><x>2547</x><y>1944</y><time>28-09-20 22:40:23:995</time></pt><pt><x>2547</x><y>442</y><time>undefined</time></pt><pt><x>3787</x><y>442</y><time>undefined</time></pt><closed_date>28-09-20 22:40:23:995</closed_date></polygon></object></annotation>