<annotation><filename>m2_s01_066_x.jpg</filename><folder>users/joselusava//juancarlos</folder><source><submittedBy>Jose Saca</submittedBy></source><imagesize><nrows>2850</nrows><ncols>4271</ncols></imagesize><object><name>m2_s01_066_x</name><deleted>0</deleted><verified>0</verified><occluded>no</occluded><attributes></attributes><parts><hasparts></hasparts><ispartof></ispartof></parts><date>28-09-20 10:44:25:500</date><id>0</id><type>bounding_box</type><polygon><username>anonymous</username><pt><x>1152</x><y>410</y><time>28-09-20 10:44:13:964</time></pt><pt><x>3009</x><y>410</y><time>28-09-20 10:44:17:163</time></pt><pt><x>3009</x><y>2590</y><time>undefined</time></pt><pt><x>1152</x><y>2590</y><time>undefined</time></pt><closed_date>28-09-20 10:44:17:164</closed_date></polygon></object></annotation>