<annotation><filename>m4_s04_047_p_ic087.jpg</filename><folder>users/joselusava//kath/kath_m4_047</folder><source><submittedBy>Jose Saca</submittedBy></source><imagesize><nrows>2970</nrows><ncols>4451</ncols></imagesize><object><name>m4_s04_047_p_ic087</name><deleted>0</deleted><verified>0</verified><occluded>no</occluded><attributes></attributes><parts><hasparts></hasparts><ispartof></ispartof></parts><date>24-10-20 16:54:23:682</date><id>0</id><polygon><username>anonymous</username><pt><x>1530</x><y>327</y><time>24-10-20 16:54:13:468</time></pt><pt><x>1678</x><y>2844</y><time>24-10-20 16:54:16:619</time></pt><pt><x>2643</x><y>2844</y><time>24-10-20 16:54:17:616</time></pt><pt><x>2762</x><y>364</y><time>24-10-20 16:54:19:162</time></pt><closed_date>24-10-20 16:54:20:734</closed_date></polygon></object></annotation>