<annotation><filename>m1_s02_065_p.jpg</filename><folder>users/joselusava//valeria/sala2_065_ic</folder><source><submittedBy>Jose Saca</submittedBy></source><imagesize><nrows>2000</nrows><ncols>2992</ncols></imagesize><object><name>m1_s02_065_p</name><deleted>0</deleted><verified>0</verified><occluded>no</occluded><attributes></attributes><parts><hasparts></hasparts><ispartof></ispartof></parts><date>25-08-20 21:00:31:970</date><id>0</id><type>bounding_box</type><polygon><username>anonymous</username><pt><x>174</x><y>188</y><time>25-08-20 20:59:42:210</time></pt><pt><x>2906</x><y>188</y><time>25-08-20 20:59:46:643</time></pt><pt><x>2906</x><y>1980</y><time>undefined</time></pt><pt><x>174</x><y>1980</y><time>undefined</time></pt><closed_date>25-08-20 20:59:46:644</closed_date></polygon></object></annotation>