<annotation><filename>m4_s10_157_p_ic078.jpg</filename><folder>users/joselusava//valeria/m04_s10_157_nic</folder><source><submittedBy>Jose Saca</submittedBy></source><imagesize><nrows>2970</nrows><ncols>4451</ncols></imagesize><object><name>m4_s10_157_p_nic078</name><deleted>0</deleted><verified>0</verified><occluded>no</occluded><attributes></attributes><parts><hasparts></hasparts><ispartof></ispartof></parts><date>12-10-20 21:42:16:956</date><id>0</id><type>bounding_box</type><polygon><username>anonymous</username><pt><x>2115</x><y>2835</y><time>12-10-20 21:42:11:324</time></pt><pt><x>3966</x><y>2835</y><time>12-10-20 21:42:13:420</time></pt><pt><x>3966</x><y>709</y><time>undefined</time></pt><pt><x>2115</x><y>709</y><time>undefined</time></pt><closed_date>12-10-20 21:42:13:420</closed_date></polygon></object></annotation>