<annotation><filename>m1_s01_021_p_ic042.jpg</filename><folder>users/joselusava//santiago</folder><source><submittedBy>Jose Saca</submittedBy></source><imagesize><nrows>3200</nrows><ncols>4800</ncols></imagesize><object><name>m1_s01_021_p_ic042</name><deleted>0</deleted><verified>0</verified><occluded>no</occluded><attributes></attributes><parts><hasparts></hasparts><ispartof></ispartof></parts><date>14-09-20 23:11:48:296</date><id>0</id><type>bounding_box</type><polygon><username>anonymous</username><pt><x>1847</x><y>878</y><time>14-09-20 23:11:39:346</time></pt><pt><x>3114</x><y>878</y><time>14-09-20 23:11:41:238</time></pt><pt><x>3114</x><y>2383</y><time>undefined</time></pt><pt><x>1847</x><y>2383</y><time>undefined</time></pt><closed_date>14-09-20 23:11:41:239</closed_date></polygon></object></annotation>