<annotation><filename>m2_s03_201_p_ic073.jpg</filename><folder>users/joselusava//eg</folder><source><submittedBy>Jose Saca</submittedBy></source><imagesize><nrows>2910</nrows><ncols>4361</ncols></imagesize><object><name>m2_s03_201_p_ic073</name><deleted>0</deleted><verified>0</verified><occluded>no</occluded><attributes></attributes><parts><hasparts></hasparts><ispartof></ispartof></parts><date>17-09-20 07:44:27:180</date><id>0</id><type>bounding_box</type><polygon><username>anonymous</username><pt><x>1168</x><y>122</y><time>17-09-20 07:44:21:875</time></pt><pt><x>3225</x><y>122</y><time>17-09-20 07:44:23:856</time></pt><pt><x>3225</x><y>2480</y><time>undefined</time></pt><pt><x>1168</x><y>2480</y><time>undefined</time></pt><closed_date>17-09-20 07:44:23:857</closed_date></polygon></object></annotation>