<annotation><filename>m2_s01_024_p_nic050.jpg</filename><folder>users/joselusava//santiago</folder><source><submittedBy>Jose Saca</submittedBy></source><imagesize><nrows>2850</nrows><ncols>4271</ncols></imagesize><object><name>m2_s01_024_p_nic050</name><deleted>0</deleted><verified>0</verified><occluded>no</occluded><attributes></attributes><parts><hasparts></hasparts><ispartof></ispartof></parts><date>25-09-20 14:53:24:145</date><id>0</id><type>bounding_box</type><polygon><username>anonymous</username><pt><x>484</x><y>561</y><time>25-09-20 14:53:16:554</time></pt><pt><x>1516</x><y>561</y><time>25-09-20 14:53:18:167</time></pt><pt><x>1516</x><y>1914</y><time>undefined</time></pt><pt><x>484</x><y>1914</y><time>undefined</time></pt><closed_date>25-09-20 14:53:18:169</closed_date></polygon></object></annotation>