<annotation><filename>m4_s10_157_p_ic059.jpg</filename><folder>users/joselusava//valeria/m04_s10_157_nic</folder><source><submittedBy>Jose Saca</submittedBy></source><imagesize><nrows>2970</nrows><ncols>4451</ncols></imagesize><object><name>m4_s10_157_p_nic059</name><deleted>0</deleted><verified>0</verified><occluded>no</occluded><attributes></attributes><parts><hasparts></hasparts><ispartof></ispartof></parts><date>12-10-20 21:10:43:704</date><id>0</id><type>bounding_box</type><polygon><username>anonymous</username><pt><x>1136</x><y>2273</y><time>12-10-20 21:10:38:619</time></pt><pt><x>2914</x><y>2273</y><time>12-10-20 21:10:40:710</time></pt><pt><x>2914</x><y>152</y><time>undefined</time></pt><pt><x>1136</x><y>152</y><time>undefined</time></pt><closed_date>12-10-20 21:10:40:710</closed_date></polygon></object></annotation>