<annotation><filename>m1_s06_141_p_ic047.jpg</filename><folder>users/joselusava//jacob_2/141ic</folder><source><submittedBy>Jose Saca</submittedBy></source><imagesize><nrows>2736</nrows><ncols>4100</ncols></imagesize><object><name>m1_s06_141_p_ic047</name><deleted>0</deleted><verified>0</verified><occluded>no</occluded><attributes></attributes><parts><hasparts></hasparts><ispartof></ispartof></parts><date>04-09-20 22:50:39:226</date><id>0</id><type>bounding_box</type><polygon><username>anonymous</username><pt><x>1203</x><y>2553</y><time>04-09-20 22:50:36:181</time></pt><pt><x>2995</x><y>2553</y><time>04-09-20 22:50:38:460</time></pt><pt><x>2995</x><y>188</y><time>undefined</time></pt><pt><x>1203</x><y>188</y><time>undefined</time></pt><closed_date>04-09-20 22:50:38:460</closed_date></polygon></object></annotation>