<annotation><filename>m2_s06_244_p_ic043.jpg</filename><folder>users/joselusava//museos2020</folder><source><submittedBy>Jose Saca</submittedBy></source><imagesize><nrows>2910</nrows><ncols>4361</ncols></imagesize><object><name>m2_s06_244_p_ic043</name><deleted>0</deleted><verified>0</verified><occluded>no</occluded><attributes></attributes><parts><hasparts></hasparts><ispartof></ispartof></parts><date>22-09-20 13:26:55:288</date><id>0</id><type>bounding_box</type><polygon><username>anonymous</username><pt><x>1290</x><y>853</y><time>22-09-20 13:26:34:785</time></pt><pt><x>3397</x><y>853</y><time>22-09-20 13:26:37:684</time></pt><pt><x>3397</x><y>2114</y><time>undefined</time></pt><pt><x>1290</x><y>2114</y><time>undefined</time></pt><closed_date>22-09-20 13:26:37:686</closed_date></polygon></object></annotation>