<annotation><filename>m2_s05_236_p_nic006.jpg</filename><folder>users/joselusava//museos2020</folder><source><submittedBy>Jose Saca</submittedBy></source><imagesize><nrows>2910</nrows><ncols>4361</ncols></imagesize><object><name>m2_s05_236_p_nic006</name><deleted>0</deleted><verified>0</verified><occluded>no</occluded><attributes></attributes><parts><hasparts></hasparts><ispartof></ispartof></parts><date>16-09-20 20:19:09:985</date><id>0</id><type>bounding_box</type><polygon><username>anonymous</username><pt><x>1450</x><y>79</y><time>16-09-20 20:19:02:923</time></pt><pt><x>3900</x><y>79</y><time>16-09-20 20:19:04:119</time></pt><pt><x>3900</x><y>1832</y><time>undefined</time></pt><pt><x>1450</x><y>1832</y><time>undefined</time></pt><closed_date>16-09-20 20:19:04:120</closed_date></polygon></object></annotation>