<annotation><filename>m3_s01_013_p_ic050.jpg</filename><folder>users/joselusava//valeria/m03_s01_13_ic</folder><source><submittedBy>Jose Saca</submittedBy></source><imagesize><nrows>2970</nrows><ncols>4451</ncols></imagesize><object><name>m3_s01_013_p_ic049</name><deleted>0</deleted><verified>0</verified><occluded>no</occluded><attributes></attributes><parts><hasparts></hasparts><ispartof></ispartof></parts><date>29-10-20 13:55:08:665</date><id>0</id><type>bounding_box</type><polygon><username>anonymous</username><pt><x>3507</x><y>2633</y><time>29-10-20 13:55:03:507</time></pt><pt><x>645</x><y>2633</y><time>29-10-20 13:55:05:878</time></pt><pt><x>645</x><y>177</y><time>undefined</time></pt><pt><x>3507</x><y>177</y><time>undefined</time></pt><closed_date>29-10-20 13:55:05:879</closed_date></polygon></object></annotation>