<annotation><filename>m2_s06_250_p_nic092.jpg</filename><folder>users/joselusava//m2_jsv/250</folder><source><submittedBy>Jose Saca</submittedBy></source><imagesize><nrows>2910</nrows><ncols>4361</ncols></imagesize><object><name>m2_s06_250_p_nic092</name><deleted>0</deleted><verified>0</verified><occluded>no</occluded><attributes></attributes><parts><hasparts></hasparts><ispartof></ispartof></parts><date>30-09-20 12:02:31:011</date><id>0</id><type>bounding_box</type><polygon><username>anonymous</username><pt><x>2037</x><y>679</y><time>30-09-20 12:02:29:085</time></pt><pt><x>17</x><y>679</y><time>30-09-20 12:02:30:401</time></pt><pt><x>17</x><y>2167</y><time>undefined</time></pt><pt><x>2037</x><y>2167</y><time>undefined</time></pt><closed_date>30-09-20 12:02:30:402</closed_date></polygon></object></annotation>