<annotation><filename>m4_s10_157_p_ic044.jpg</filename><folder>users/joselusava//valeria/m04_s10_157_nic</folder><source><submittedBy>Jose Saca</submittedBy></source><imagesize><nrows>2970</nrows><ncols>4451</ncols></imagesize><object><name>m4_s10_157_p_nic044</name><deleted>0</deleted><verified>0</verified><occluded>no</occluded><attributes></attributes><parts><hasparts></hasparts><ispartof></ispartof></parts><date>12-10-20 20:54:44:264</date><id>0</id><type>bounding_box</type><polygon><username>anonymous</username><pt><x>2368</x><y>2649</y><time>12-10-20 20:54:37:768</time></pt><pt><x>4202</x><y>2649</y><time>12-10-20 20:54:40:742</time></pt><pt><x>4202</x><y>540</y><time>undefined</time></pt><pt><x>2368</x><y>540</y><time>undefined</time></pt><closed_date>12-10-20 20:54:40:743</closed_date></polygon></object></annotation>