<annotation><filename>m2_s03_248_p_nic039.jpg</filename><folder>users/joselusava//museos2020</folder><source><submittedBy>Jose Saca</submittedBy></source><imagesize><nrows>2910</nrows><ncols>4361</ncols></imagesize><object><name>m2_s03_248_p_nic039</name><deleted>0</deleted><verified>0</verified><occluded>no</occluded><attributes></attributes><parts><hasparts></hasparts><ispartof></ispartof></parts><date>27-09-20 16:57:10:113</date><id>0</id><polygon><username>anonymous</username><pt><x>1794</x><y>446</y><time>27-09-20 16:57:01:781</time></pt><pt><x>4012</x><y>377</y><time>27-09-20 16:57:02:861</time></pt><pt><x>3338</x><y>1120</y><time>27-09-20 16:57:03:805</time></pt><pt><x>1646</x><y>693</y><time>27-09-20 16:57:04:990</time></pt><closed_date>27-09-20 16:57:05:663</closed_date></polygon></object></annotation>