<annotation><filename>m4_s09_138_p_ic074.jpg</filename><folder>users/joselusava//santiago_2</folder><source><submittedBy>Jose Saca</submittedBy></source><imagesize><nrows>2970</nrows><ncols>4451</ncols></imagesize><object><name>m4_s09_138_p_ic074</name><deleted>0</deleted><verified>0</verified><occluded>no</occluded><attributes></attributes><parts><hasparts></hasparts><ispartof></ispartof></parts><date>22-10-20 20:48:45:406</date><id>0</id><type>bounding_box</type><polygon><username>anonymous</username><pt><x>732</x><y>589</y><time>22-10-20 20:48:41:938</time></pt><pt><x>3698</x><y>589</y><time>22-10-20 20:48:43:357</time></pt><pt><x>3698</x><y>2570</y><time>undefined</time></pt><pt><x>732</x><y>2570</y><time>undefined</time></pt><closed_date>22-10-20 20:48:43:357</closed_date></polygon></object></annotation>