<annotation><filename>m2_s03_252_p_nic058.jpg</filename><folder>users/joselusava//valeria/m2_sala03_252_nic</folder><source><submittedBy>Jose Saca</submittedBy></source><imagesize><nrows>2910</nrows><ncols>4361</ncols></imagesize><object><name>m2_s06_252_p_nic058</name><deleted>0</deleted><verified>0</verified><occluded>no</occluded><attributes></attributes><parts><hasparts></hasparts><ispartof></ispartof></parts><date>26-09-20 21:56:39:197</date><id>0</id><type>bounding_box</type><polygon><username>anonymous</username><pt><x>1620</x><y>1637</y><time>26-09-20 21:56:33:599</time></pt><pt><x>3362</x><y>1637</y><time>26-09-20 21:56:35:170</time></pt><pt><x>3362</x><y>2778</y><time>undefined</time></pt><pt><x>1620</x><y>2778</y><time>undefined</time></pt><closed_date>26-09-20 21:56:35:172</closed_date></polygon></object></annotation>