<annotation><filename>m2_s01_032_p_ic067.jpg</filename><folder>users/joselusava//santiago_2</folder><source><submittedBy>Jose Saca</submittedBy></source><imagesize><nrows>2850</nrows><ncols>4271</ncols></imagesize><object><name>m2_s01_032_p_ic067</name><deleted>0</deleted><verified>0</verified><occluded>no</occluded><attributes></attributes><parts><hasparts></hasparts><ispartof></ispartof></parts><date>30-09-20 16:48:02:536</date><id>0</id><type>bounding_box</type><polygon><username>anonymous</username><pt><x>1282</x><y>308</y><time>30-09-20 16:47:59:436</time></pt><pt><x>2792</x><y>308</y><time>30-09-20 16:48:00:652</time></pt><pt><x>2792</x><y>2481</y><time>undefined</time></pt><pt><x>1282</x><y>2481</y><time>undefined</time></pt><closed_date>30-09-20 16:48:00:653</closed_date></polygon></object></annotation>