<annotation><filename>m2_s06_248_p_nic097.jpg</filename><folder>users/joselusava//museos2020</folder><source><submittedBy>Jose Saca</submittedBy></source><imagesize><nrows>2910</nrows><ncols>4361</ncols></imagesize><object><name>m2_s06_248_p_nic097</name><deleted>0</deleted><verified>0</verified><occluded>no</occluded><attributes></attributes><parts><hasparts></hasparts><ispartof></ispartof></parts><date>27-09-20 21:43:06:870</date><id>0</id><polygon><username>anonymous</username><pt><x>1051</x><y>1660</y><time>27-09-20 21:42:56:928</time></pt><pt><x>2956</x><y>1297</y><time>27-09-20 21:42:58:230</time></pt><pt><x>3133</x><y>1515</y><time>27-09-20 21:42:58:805</time></pt><pt><x>1585</x><y>2510</y><time>27-09-20 21:42:59:980</time></pt><closed_date>27-09-20 21:43:00:899</closed_date></polygon></object></annotation>