<annotation><filename>m2_s01_024_p_nic062.jpg</filename><folder>users/joselusava//santiago</folder><source><submittedBy>Jose Saca</submittedBy></source><imagesize><nrows>2850</nrows><ncols>4271</ncols></imagesize><object><name>m2_s01_024_p_nic062</name><deleted>0</deleted><verified>0</verified><occluded>no</occluded><attributes></attributes><parts><hasparts></hasparts><ispartof></ispartof></parts><date>25-09-20 15:16:31:235</date><id>0</id><type>bounding_box</type><polygon><username>anonymous</username><pt><x>2555</x><y>439</y><time>25-09-20 15:16:24:905</time></pt><pt><x>3475</x><y>439</y><time>25-09-20 15:16:25:759</time></pt><pt><x>3475</x><y>1988</y><time>undefined</time></pt><pt><x>2555</x><y>1988</y><time>undefined</time></pt><closed_date>25-09-20 15:16:25:760</closed_date></polygon></object></annotation>