<annotation><filename>m4_s05_052_p_ic027.jpg</filename><folder>users/joselusava//santiago_2</folder><source><submittedBy>Jose Saca</submittedBy></source><imagesize><nrows>2910</nrows><ncols>4361</ncols></imagesize><object><name>m4_s05_052_p_ic027</name><deleted>0</deleted><verified>0</verified><occluded>no</occluded><attributes></attributes><parts><hasparts></hasparts><ispartof></ispartof></parts><date>07-10-20 16:36:54:460</date><id>0</id><type>bounding_box</type><polygon><username>anonymous</username><pt><x>1393</x><y>270</y><time>07-10-20 16:36:49:138</time></pt><pt><x>2785</x><y>270</y><time>07-10-20 16:36:51:873</time></pt><pt><x>2785</x><y>2550</y><time>undefined</time></pt><pt><x>1393</x><y>2550</y><time>undefined</time></pt><closed_date>07-10-20 16:36:51:873</closed_date></polygon></object></annotation>