<annotation><filename>m4_s02_021_p_nic028.jpg</filename><folder>users/joselusava//santiago_2</folder><source><submittedBy>Jose Saca</submittedBy></source><imagesize><nrows>2910</nrows><ncols>4361</ncols></imagesize><object><name>m4_s02_021_p_nic028</name><deleted>0</deleted><verified>0</verified><occluded>no</occluded><attributes></attributes><parts><hasparts></hasparts><ispartof></ispartof></parts><date>04-10-20 22:18:39:182</date><id>0</id><type>bounding_box</type><polygon><username>anonymous</username><pt><x>1916</x><y>963</y><time>04-10-20 22:18:36:333</time></pt><pt><x>2837</x><y>963</y><time>04-10-20 22:18:37:373</time></pt><pt><x>2837</x><y>2501</y><time>undefined</time></pt><pt><x>1916</x><y>2501</y><time>undefined</time></pt><closed_date>04-10-20 22:18:37:374</closed_date></polygon></object></annotation>