<annotation><filename>m1_s02_065_p_ic067.jpg</filename><folder>users/joselusava//valeria/sala2_065_ic</folder><source><submittedBy>Jose Saca</submittedBy></source><imagesize><nrows>2000</nrows><ncols>2992</ncols></imagesize><object><name>m1_s02_065_p_ic067</name><deleted>0</deleted><verified>0</verified><occluded>no</occluded><attributes></attributes><parts><hasparts></hasparts><ispartof></ispartof></parts><date>26-08-20 00:36:50:577</date><id>0</id><type>bounding_box</type><polygon><username>anonymous</username><pt><x>416</x><y>326</y><time>26-08-20 00:36:38:775</time></pt><pt><x>2930</x><y>326</y><time>26-08-20 00:36:44:039</time></pt><pt><x>2930</x><y>1691</y><time>undefined</time></pt><pt><x>416</x><y>1691</y><time>undefined</time></pt><closed_date>26-08-20 00:36:44:040</closed_date></polygon></object></annotation>