<annotation><filename>m1_s01_017_p_ic016.jpg</filename><folder>users/joselusava//santiago</folder><source><submittedBy>Jose Saca</submittedBy></source><imagesize><nrows>3200</nrows><ncols>4800</ncols></imagesize><object><name>m1_s01_017_p_ic016</name><deleted>0</deleted><verified>0</verified><occluded>no</occluded><attributes></attributes><parts><hasparts></hasparts><ispartof></ispartof></parts><date>10-09-20 14:15:40:453</date><id>0</id><type>bounding_box</type><polygon><username>anonymous</username><pt><x>1749</x><y>1083</y><time>10-09-20 14:15:29:378</time></pt><pt><x>3067</x><y>1083</y><time>10-09-20 14:15:32:809</time></pt><pt><x>3067</x><y>2145</y><time>undefined</time></pt><pt><x>1749</x><y>2145</y><time>undefined</time></pt><closed_date>10-09-20 14:15:32:810</closed_date></polygon></object></annotation>