<annotation><filename>m4_s04_037_p_ic032.jpg</filename><folder>users/joselusava//santiago_2</folder><source><submittedBy>Jose Saca</submittedBy></source><imagesize><nrows>2970</nrows><ncols>4451</ncols></imagesize><object><name>m4_s04_037_p_ic032</name><deleted>0</deleted><verified>0</verified><occluded>no</occluded><attributes></attributes><parts><hasparts></hasparts><ispartof></ispartof></parts><date>17-10-20 22:01:56:528</date><id>0</id><type>bounding_box</type><polygon><username>anonymous</username><pt><x>1703</x><y>400</y><time>17-10-20 22:01:49:528</time></pt><pt><x>2995</x><y>400</y><time>17-10-20 22:01:50:929</time></pt><pt><x>2995</x><y>2617</y><time>undefined</time></pt><pt><x>1703</x><y>2617</y><time>undefined</time></pt><closed_date>17-10-20 22:01:50:930</closed_date></polygon></object></annotation>