<annotation><filename>m2_s01_056_p_ic032.jpg</filename><folder>users/joselusava//m2_jsv/56/ic</folder><source><submittedBy>Jose Saca</submittedBy></source><imagesize><nrows>2850</nrows><ncols>4271</ncols></imagesize><object><name>m2_s01_056_p_ic032</name><deleted>0</deleted><verified>0</verified><occluded>no</occluded><attributes></attributes><parts><hasparts></hasparts><ispartof></ispartof></parts><date>28-09-20 21:36:16:095</date><id>0</id><type>bounding_box</type><polygon><username>anonymous</username><pt><x>3099</x><y>2777</y><time>28-09-20 21:36:14:049</time></pt><pt><x>1078</x><y>2777</y><time>28-09-20 21:36:15:330</time></pt><pt><x>1078</x><y>85</y><time>undefined</time></pt><pt><x>3099</x><y>85</y><time>undefined</time></pt><closed_date>28-09-20 21:36:15:330</closed_date></polygon></object></annotation>