<annotation><filename>m1_s06_168_p_ic003.jpg</filename><folder>users/joselusava//jacob_2/168ic</folder><source><submittedBy>Jose Saca</submittedBy></source><imagesize><nrows>2736</nrows><ncols>4100</ncols></imagesize><object><name>m1_s06_168_p_ic003</name><deleted>0</deleted><verified>0</verified><occluded>no</occluded><attributes></attributes><parts><hasparts></hasparts><ispartof></ispartof></parts><date>08-09-20 19:37:21:511</date><id>0</id><type>bounding_box</type><polygon><username>anonymous</username><pt><x>1326</x><y>25</y><time>08-09-20 19:37:18:617</time></pt><pt><x>2799</x><y>25</y><time>08-09-20 19:37:20:744</time></pt><pt><x>2799</x><y>2578</y><time>undefined</time></pt><pt><x>1326</x><y>2578</y><time>undefined</time></pt><closed_date>08-09-20 19:37:20:744</closed_date></polygon></object></annotation>