<annotation><filename>m4_s10_157_p_ic099.jpg</filename><folder>users/joselusava//valeria/m04_s10_157_ic</folder><source><submittedBy>Jose Saca</submittedBy></source><imagesize><nrows>2970</nrows><ncols>4451</ncols></imagesize><object><name>m4_s10_157_p_ic099</name><deleted>0</deleted><verified>0</verified><occluded>no</occluded><attributes></attributes><parts><hasparts></hasparts><ispartof></ispartof></parts><date>12-10-20 18:33:08:330</date><id>0</id><type>bounding_box</type><polygon><username>anonymous</username><pt><x>1187</x><y>2784</y><time>12-10-20 18:33:01:249</time></pt><pt><x>3296</x><y>2784</y><time>12-10-20 18:33:03:962</time></pt><pt><x>3296</x><y>383</y><time>undefined</time></pt><pt><x>1187</x><y>383</y><time>undefined</time></pt><closed_date>12-10-20 18:33:03:964</closed_date></polygon></object></annotation>