<annotation><filename>m2_s03_248_p_ic088.jpg</filename><folder>users/joselusava//museos2020</folder><source><submittedBy>Jose Saca</submittedBy></source><imagesize><nrows>2910</nrows><ncols>4361</ncols></imagesize><object><name>m2_s03_248_p_ic088</name><deleted>0</deleted><verified>0</verified><occluded>no</occluded><attributes></attributes><parts><hasparts></hasparts><ispartof></ispartof></parts><date>27-09-20 09:18:18:622</date><id>0</id><polygon><username>anonymous</username><pt><x>14</x><y>632</y><time>27-09-20 09:18:08:247</time></pt><pt><x>3644</x><y>372</y><time>27-09-20 09:18:09:236</time></pt><pt><x>2533</x><y>2547</y><time>27-09-20 09:18:10:332</time></pt><pt><x>5</x><y>1316</y><time>27-09-20 09:18:11:749</time></pt><closed_date>27-09-20 09:18:12:712</closed_date></polygon></object></annotation>