<annotation><filename>m1_s02_052_p_nic034.jpg</filename><folder>users/joselusava//valeria/sala2_052_nic</folder><source><submittedBy>Jose Saca</submittedBy></source><imagesize><nrows>3200</nrows><ncols>4800</ncols></imagesize><object><name>m1_s02_052_p_nic034</name><deleted>0</deleted><verified>0</verified><occluded>no</occluded><attributes></attributes><parts><hasparts></hasparts><ispartof></ispartof></parts><date>27-08-20 15:16:38:880</date><id>0</id><type>bounding_box</type><polygon><username>anonymous</username><pt><x>3399</x><y>2808</y><time>27-08-20 15:16:31:237</time></pt><pt><x>1874</x><y>2808</y><time>27-08-20 15:16:35:289</time></pt><pt><x>1874</x><y>1632</y><time>undefined</time></pt><pt><x>3399</x><y>1632</y><time>undefined</time></pt><closed_date>27-08-20 15:16:35:291</closed_date></polygon></object></annotation>