<annotation><filename>m1_s02_036_p_ic069.jpg</filename><folder>users/joselusava//valeria/sala2_036_ic</folder><source><submittedBy>Jose Saca</submittedBy></source><imagesize><nrows>3200</nrows><ncols>4800</ncols></imagesize><object><name>m1_s01_036_p_ic069</name><deleted>0</deleted><verified>0</verified><occluded>no</occluded><attributes></attributes><parts><hasparts></hasparts><ispartof></ispartof></parts><date>23-08-20 22:38:48:767</date><id>0</id><type>bounding_box</type><polygon><username>anonymous</username><pt><x>972</x><y>16</y><time>23-08-20 22:38:43:186</time></pt><pt><x>3737</x><y>16</y><time>23-08-20 22:38:45:417</time></pt><pt><x>3737</x><y>3066</y><time>undefined</time></pt><pt><x>972</x><y>3066</y><time>undefined</time></pt><closed_date>23-08-20 22:38:45:419</closed_date></polygon></object></annotation>