<annotation><filename>m2_s01_032_p_ic014.jpg</filename><folder>users/joselusava//santiago_2</folder><source><submittedBy>Jose Saca</submittedBy></source><imagesize><nrows>2850</nrows><ncols>4271</ncols></imagesize><object><name>m2_s01_032_p_ic014</name><deleted>0</deleted><verified>0</verified><occluded>no</occluded><attributes></attributes><parts><hasparts></hasparts><ispartof></ispartof></parts><date>29-09-20 22:15:46:044</date><id>0</id><type>bounding_box</type><polygon><username>anonymous</username><pt><x>1388</x><y>378</y><time>29-09-20 22:15:41:841</time></pt><pt><x>3087</x><y>378</y><time>29-09-20 22:15:43:495</time></pt><pt><x>3087</x><y>2747</y><time>undefined</time></pt><pt><x>1388</x><y>2747</y><time>undefined</time></pt><closed_date>29-09-20 22:15:43:496</closed_date></polygon></object></annotation>