<annotation><filename>m2_s01_058_p_ic067.jpg</filename><folder>users/joselusava//m2_jsv/58/ic</folder><source><submittedBy>Jose Saca</submittedBy></source><imagesize><nrows>2850</nrows><ncols>4271</ncols></imagesize><object><name>m2_s01_058_p_ic067</name><deleted>0</deleted><verified>0</verified><occluded>no</occluded><attributes></attributes><parts><hasparts></hasparts><ispartof></ispartof></parts><date>29-09-20 13:31:56:388</date><id>0</id><type>bounding_box</type><polygon><username>anonymous</username><pt><x>425</x><y>212</y><time>29-09-20 13:31:54:238</time></pt><pt><x>3821</x><y>212</y><time>29-09-20 13:31:55:584</time></pt><pt><x>3821</x><y>2811</y><time>undefined</time></pt><pt><x>425</x><y>2811</y><time>undefined</time></pt><closed_date>29-09-20 13:31:55:585</closed_date></polygon></object></annotation>