<annotation><filename>m4_s06_089_p_nic047.jpg</filename><folder>users/joselusava//santiago_2</folder><source><submittedBy>Jose Saca</submittedBy></source><imagesize><nrows>2970</nrows><ncols>4451</ncols></imagesize><object><name>m4_s06_089_p_nic047</name><deleted>0</deleted><verified>0</verified><occluded>no</occluded><attributes></attributes><parts><hasparts></hasparts><ispartof></ispartof></parts><date>12-10-20 21:13:43:624</date><id>0</id><type>bounding_box</type><polygon><username>anonymous</username><pt><x>311</x><y>721</y><time>12-10-20 21:13:40:318</time></pt><pt><x>1771</x><y>721</y><time>12-10-20 21:13:41:592</time></pt><pt><x>1771</x><y>2659</y><time>undefined</time></pt><pt><x>311</x><y>2659</y><time>undefined</time></pt><closed_date>12-10-20 21:13:41:592</closed_date></polygon></object></annotation>