<annotation><filename>m1_s01_001_p_ic060.jpg</filename><folder>users/joselusava//juancarlos</folder><source><submittedBy>Jose Saca</submittedBy></source><imagesize><nrows>2000</nrows><ncols>2992</ncols></imagesize><object><name>m1_s01_001_p_ic060</name><deleted>0</deleted><verified>0</verified><occluded>no</occluded><attributes></attributes><parts><hasparts></hasparts><ispartof></ispartof></parts><date>31-08-20 17:18:48:093</date><id>0</id><type>bounding_box</type><polygon><username>anonymous</username><pt><x>966</x><y>754</y><time>31-08-20 17:18:35:832</time></pt><pt><x>2133</x><y>754</y><time>31-08-20 17:18:41:654</time></pt><pt><x>2133</x><y>1489</y><time>undefined</time></pt><pt><x>966</x><y>1489</y><time>undefined</time></pt><closed_date>31-08-20 17:18:41:656</closed_date></polygon></object></annotation>