<annotation><filename>m3_s01_002_p_ic022.jpg</filename><folder>users/joselusava//santiago_3</folder><source><submittedBy>Jose Saca</submittedBy></source><imagesize><nrows>2970</nrows><ncols>4451</ncols></imagesize><object><name>m3_s01_002_p_ic022</name><deleted>0</deleted><verified>0</verified><occluded>no</occluded><attributes></attributes><parts><hasparts></hasparts><ispartof></ispartof></parts><date>28-10-20 18:36:23:402</date><id>0</id><type>bounding_box</type><polygon><username>anonymous</username><pt><x>339</x><y>400</y><time>28-10-20 18:36:15:702</time></pt><pt><x>4262</x><y>400</y><time>28-10-20 18:36:18:876</time></pt><pt><x>4262</x><y>2427</y><time>undefined</time></pt><pt><x>339</x><y>2427</y><time>undefined</time></pt><closed_date>28-10-20 18:36:18:877</closed_date></polygon></object></annotation>