<annotation><filename>m1_s02_029_p_nic011.jpg</filename><folder>users/joselusava//museos2020</folder><source><submittedBy>Jose Saca</submittedBy></source><imagesize><nrows>3200</nrows><ncols>4800</ncols></imagesize><object><name>m1_s02_029_p_nic011</name><deleted>0</deleted><verified>0</verified><occluded>no</occluded><attributes></attributes><parts><hasparts></hasparts><ispartof></ispartof></parts><date>27-08-20 18:26:17:442</date><id>0</id><type>bounding_box</type><polygon><username>anonymous</username><pt><x>3146</x><y>1568</y><time>27-08-20 18:26:12:128</time></pt><pt><x>4328</x><y>1568</y><time>27-08-20 18:26:13:853</time></pt><pt><x>4328</x><y>2749</y><time>undefined</time></pt><pt><x>3146</x><y>2749</y><time>undefined</time></pt><closed_date>27-08-20 18:26:13:854</closed_date></polygon></object></annotation>