<annotation><filename>m4_s12_185_p_nic046.jpg</filename><folder>users/joselusava//valeria/m04_s12_185_nic</folder><source><submittedBy>Jose Saca</submittedBy></source><imagesize><nrows>2910</nrows><ncols>4361</ncols></imagesize><object><name>m4_s12_185_p_nic046</name><deleted>0</deleted><verified>0</verified><occluded>no</occluded><attributes></attributes><parts><hasparts></hasparts><ispartof></ispartof></parts><date>17-10-20 23:14:43:023</date><id>0</id><type>bounding_box</type><polygon><username>anonymous</username><pt><x>1897</x><y>2748</y><time>17-10-20 23:14:36:909</time></pt><pt><x>6</x><y>2748</y><time>17-10-20 23:14:39:245</time></pt><pt><x>6</x><y>632</y><time>undefined</time></pt><pt><x>1897</x><y>632</y><time>undefined</time></pt><closed_date>17-10-20 23:14:39:246</closed_date></polygon></object></annotation>