<annotation><filename>m1_s02_052_p_nic052.jpg</filename><folder>users/joselusava//valeria/sala2_052_nic</folder><source><submittedBy>Jose Saca</submittedBy></source><imagesize><nrows>3200</nrows><ncols>4800</ncols></imagesize><object><name>m1_s02_052_p_nic052</name><deleted>0</deleted><verified>0</verified><occluded>no</occluded><attributes></attributes><parts><hasparts></hasparts><ispartof></ispartof></parts><date>27-08-20 16:30:50:229</date><id>0</id><type>bounding_box</type><polygon><username>anonymous</username><pt><x>3205</x><y>1332</y><time>27-08-20 16:30:43:880</time></pt><pt><x>1960</x><y>1332</y><time>27-08-20 16:30:46:373</time></pt><pt><x>1960</x><y>252</y><time>undefined</time></pt><pt><x>3205</x><y>252</y><time>undefined</time></pt><closed_date>27-08-20 16:30:46:374</closed_date></polygon></object></annotation>