<annotation><filename>m3_s01_023_p_ic056.jpg</filename><folder>users/joselusava//santiago_3</folder><source><submittedBy>Jose Saca</submittedBy></source><imagesize><nrows>2970</nrows><ncols>4451</ncols></imagesize><object><name>m3_s01_023_p_ic056</name><deleted>0</deleted><verified>0</verified><occluded>no</occluded><attributes></attributes><parts><hasparts></hasparts><ispartof></ispartof></parts><date>04-11-20 19:26:42:000</date><id>0</id><type>bounding_box</type><polygon><username>anonymous</username><pt><x>903</x><y>743</y><time>04-11-20 19:26:38:934</time></pt><pt><x>3373</x><y>743</y><time>04-11-20 19:26:39:878</time></pt><pt><x>3373</x><y>2477</y><time>undefined</time></pt><pt><x>903</x><y>2477</y><time>undefined</time></pt><closed_date>04-11-20 19:26:39:879</closed_date></polygon></object></annotation>