<annotation><filename>m1_s01_005_p_nic010.jpg</filename><folder>users/joselusava//museos2020</folder><source><submittedBy>Jose Saca</submittedBy></source><imagesize><nrows>2000</nrows><ncols>2992</ncols></imagesize><object><name>m1_s01_005_p_nic010</name><deleted>0</deleted><verified>0</verified><occluded>no</occluded><attributes></attributes><parts><hasparts></hasparts><ispartof></ispartof></parts><date>13-09-20 22:42:17:190</date><id>0</id><type>bounding_box</type><polygon><username>anonymous</username><pt><x>246</x><y>262</y><time>13-09-20 22:42:06:729</time></pt><pt><x>994</x><y>262</y><time>13-09-20 22:42:07:744</time></pt><pt><x>994</x><y>958</y><time>undefined</time></pt><pt><x>246</x><y>958</y><time>undefined</time></pt><closed_date>13-09-20 22:42:07:745</closed_date></polygon></object></annotation>