<annotation><filename>m4_s05_060_p_ic087.jpg</filename><folder>users/joselusava//m4_js/60/ic</folder><source><submittedBy>Jose Saca</submittedBy></source><imagesize><nrows>2910</nrows><ncols>4361</ncols></imagesize><object><name>m4_s05_060_p_ic087</name><deleted>0</deleted><verified>0</verified><occluded>no</occluded><attributes></attributes><parts><hasparts></hasparts><ispartof></ispartof></parts><date>13-10-20 16:07:35:143</date><id>0</id><type>bounding_box</type><polygon><username>anonymous</username><pt><x>4213</x><y>2437</y><time>13-10-20 16:07:32:900</time></pt><pt><x>52</x><y>2437</y><time>13-10-20 16:07:34:487</time></pt><pt><x>52</x><y>540</y><time>undefined</time></pt><pt><x>4213</x><y>540</y><time>undefined</time></pt><closed_date>13-10-20 16:07:34:487</closed_date></polygon></object></annotation>