<annotation><filename>m2_s01_054_p_ic088.jpg</filename><folder>users/joselusava//kath</folder><source><submittedBy>Jose Saca</submittedBy></source><imagesize><nrows>2850</nrows><ncols>4271</ncols></imagesize><object><name>m2_s01_054_p_ic088</name><deleted>0</deleted><verified>0</verified><occluded>no</occluded><attributes></attributes><parts><hasparts></hasparts><ispartof></ispartof></parts><date>30-09-20 00:05:09:048</date><id>0</id><type>bounding_box</type><polygon><username>anonymous</username><pt><x>2934</x><y>358</y><time>30-09-20 00:05:02:373</time></pt><pt><x>1123</x><y>358</y><time>30-09-20 00:05:05:682</time></pt><pt><x>1123</x><y>2745</y><time>undefined</time></pt><pt><x>2934</x><y>2745</y><time>undefined</time></pt><closed_date>30-09-20 00:05:05:682</closed_date></polygon></object></annotation>