<annotation><filename>m2_s02_085_p_ic093.jpg</filename><folder>users/joselusava//m2_jsv/85/ic</folder><source><submittedBy>Jose Saca</submittedBy></source><imagesize><nrows>2910</nrows><ncols>4361</ncols></imagesize><object><name>m2_s02_085_p_ic093</name><deleted>0</deleted><verified>0</verified><occluded>no</occluded><attributes></attributes><parts><hasparts></hasparts><ispartof></ispartof></parts><date>17-09-20 20:11:01:491</date><id>0</id><type>bounding_box</type><polygon><username>anonymous</username><pt><x>1236</x><y>200</y><time>17-09-20 20:10:59:840</time></pt><pt><x>3177</x><y>200</y><time>17-09-20 20:11:00:768</time></pt><pt><x>3177</x><y>2324</y><time>undefined</time></pt><pt><x>1236</x><y>2324</y><time>undefined</time></pt><closed_date>17-09-20 20:11:00:768</closed_date></polygon></object></annotation>