<annotation><filename>m4_s04_045_p_nic006.jpg</filename><folder>users/joselusava//valeria/m04_s04_45_nic</folder><source><submittedBy>Jose Saca</submittedBy></source><imagesize><nrows>2970</nrows><ncols>4451</ncols></imagesize><object><name>m4_s04_045_p_nic006</name><deleted>0</deleted><verified>0</verified><occluded>no</occluded><attributes></attributes><parts><hasparts></hasparts><ispartof></ispartof></parts><date>20-10-20 00:09:31:000</date><id>0</id><type>bounding_box</type><polygon><username>anonymous</username><pt><x>3336</x><y>1822</y><time>20-10-20 00:09:25:902</time></pt><pt><x>4204</x><y>1822</y><time>20-10-20 00:09:28:125</time></pt><pt><x>4204</x><y>417</y><time>undefined</time></pt><pt><x>3336</x><y>417</y><time>undefined</time></pt><closed_date>20-10-20 00:09:28:126</closed_date></polygon></object></annotation>