<annotation><filename>m3_s01_013_p_nic070.jpg</filename><folder>users/joselusava//valeria/m03_s01_13_nic</folder><source><submittedBy>Jose Saca</submittedBy></source><imagesize><nrows>2970</nrows><ncols>4451</ncols></imagesize><object><name>m3_s01_013_p_nic070</name><deleted>0</deleted><verified>0</verified><occluded>no</occluded><attributes></attributes><parts><hasparts></hasparts><ispartof></ispartof></parts><date>06-11-20 23:57:52:622</date><id>0</id><type>bounding_box</type><polygon><username>anonymous</username><pt><x>1331</x><y>2930</y><time>06-11-20 23:57:45:582</time></pt><pt><x>4192</x><y>2930</y><time>06-11-20 23:57:48:685</time></pt><pt><x>4192</x><y>160</y><time>undefined</time></pt><pt><x>1331</x><y>160</y><time>undefined</time></pt><closed_date>06-11-20 23:57:48:686</closed_date></polygon></object></annotation>