<annotation><filename>m2_s03_248_p_ic090.jpg</filename><folder>users/joselusava//museos2020</folder><source><submittedBy>Jose Saca</submittedBy></source><imagesize><nrows>2910</nrows><ncols>4361</ncols></imagesize><object><name>m2_s03_248_p_ic090</name><deleted>0</deleted><verified>0</verified><occluded>no</occluded><attributes></attributes><parts><hasparts></hasparts><ispartof></ispartof></parts><date>27-09-20 09:19:35:625</date><id>0</id><polygon><username>anonymous</username><pt><x>748</x><y>925</y><time>27-09-20 09:19:26:291</time></pt><pt><x>3407</x><y>916</y><time>27-09-20 09:19:27:360</time></pt><pt><x>2687</x><y>1776</y><time>27-09-20 09:19:28:447</time></pt><pt><x>511</x><y>1246</y><time>27-09-20 09:19:29:668</time></pt><closed_date>27-09-20 09:19:30:503</closed_date></polygon></object></annotation>