<annotation><filename>m2_s06_250_p_nic071.jpg</filename><folder>users/joselusava//m2_jsv/250</folder><source><submittedBy>Jose Saca</submittedBy></source><imagesize><nrows>2910</nrows><ncols>4361</ncols></imagesize><object><name>m2_s06_250_p_nic071</name><deleted>0</deleted><verified>0</verified><occluded>no</occluded><attributes></attributes><parts><hasparts></hasparts><ispartof></ispartof></parts><date>30-09-20 11:54:22:221</date><id>0</id><type>bounding_box</type><polygon><username>anonymous</username><pt><x>1845</x><y>1697</y><time>30-09-20 11:54:20:254</time></pt><pt><x>4335</x><y>1697</y><time>30-09-20 11:54:21:431</time></pt><pt><x>4335</x><y>2899</y><time>undefined</time></pt><pt><x>1845</x><y>2899</y><time>undefined</time></pt><closed_date>30-09-20 11:54:21:431</closed_date></polygon></object></annotation>