<annotation><filename>m4_s02_021_p_nic035.jpg</filename><folder>users/joselusava//santiago_2</folder><source><submittedBy>Jose Saca</submittedBy></source><imagesize><nrows>2910</nrows><ncols>4361</ncols></imagesize><object><name>m4_s02_021_p_nic035</name><deleted>0</deleted><verified>0</verified><occluded>no</occluded><attributes></attributes><parts><hasparts></hasparts><ispartof></ispartof></parts><date>04-10-20 22:23:33:488</date><id>0</id><type>bounding_box</type><polygon><username>anonymous</username><pt><x>3031</x><y>786</y><time>04-10-20 22:23:30:650</time></pt><pt><x>4005</x><y>786</y><time>04-10-20 22:23:31:560</time></pt><pt><x>4005</x><y>2515</y><time>undefined</time></pt><pt><x>3031</x><y>2515</y><time>undefined</time></pt><closed_date>04-10-20 22:23:31:561</closed_date></polygon></object></annotation>