<annotation><filename>m2_s06_244_p_nic082.jpg</filename><folder>users/joselusava//museos2020</folder><source><submittedBy>Jose Saca</submittedBy></source><imagesize><nrows>2910</nrows><ncols>4361</ncols></imagesize><object><name>m2_s06_244_p_ic082</name><deleted>0</deleted><verified>0</verified><occluded>no</occluded><attributes></attributes><parts><hasparts></hasparts><ispartof></ispartof></parts><date>26-09-20 21:57:08:828</date><id>0</id><type>bounding_box</type><polygon><username>anonymous</username><pt><x>2087</x><y>1455</y><time>26-09-20 21:57:03:016</time></pt><pt><x>3803</x><y>1455</y><time>26-09-20 21:57:04:203</time></pt><pt><x>3803</x><y>2199</y><time>undefined</time></pt><pt><x>2087</x><y>2199</y><time>undefined</time></pt><closed_date>26-09-20 21:57:04:204</closed_date></polygon></object></annotation>