<annotation><filename>m2_s03_252_p_ic057.jpg</filename><folder>users/joselusava//valeria/m2_sala03_252_ic</folder><source><submittedBy>Jose Saca</submittedBy></source><imagesize><nrows>2910</nrows><ncols>4361</ncols></imagesize><object><name>m2_s06_252_p_ic055</name><deleted>0</deleted><verified>0</verified><occluded>no</occluded><attributes/><parts><hasparts/><ispartof/></parts><date>25-09-20 23:11:08:532</date><id>0</id><type>bounding_box</type><polygon><username>anonymous</username><pt><x>876</x><y>617</y><time>25-09-20 23:11:03:181</time></pt><pt><x>3781</x><y>617</y><time>25-09-20 23:11:05:368</time></pt><pt><x>3781</x><y>2408</y><time>undefined</time></pt><pt><x>876</x><y>2408</y><time>undefined</time></pt><closed_date>25-09-20 23:11:05:370</closed_date></polygon></object><object><name>m2_s06_252_p_ic057</name><deleted>0</deleted><verified>0</verified><occluded>no</occluded><attributes></attributes><parts><hasparts></hasparts><ispartof></ispartof></parts><date>27-09-20 00:42:12:102</date><id>1</id><type>bounding_box</type><polygon><username>anonymous</username><pt><x>843</x><y>590</y><time>27-09-20 00:42:05:833</time></pt><pt><x>3797</x><y>590</y><time>27-09-20 00:42:08:532</time></pt><pt><x>3797</x><y>2408</y><time>undefined</time></pt><pt><x>843</x><y>2408</y><time>undefined</time></pt><closed_date>27-09-20 00:42:08:532</closed_date></polygon></object></annotation>