<annotation><filename>m2_s01_010_p_ic042.jpg</filename><folder>users/joselusava//santiago</folder><source><submittedBy>Jose Saca</submittedBy></source><imagesize><nrows>2850</nrows><ncols>4271</ncols></imagesize><object><name>m2_s01_010_p_ic042</name><deleted>0</deleted><verified>0</verified><occluded>no</occluded><attributes></attributes><parts><hasparts></hasparts><ispartof></ispartof></parts><date>21-09-20 15:47:34:846</date><id>0</id><type>bounding_box</type><polygon><username>anonymous</username><pt><x>1209</x><y>407</y><time>21-09-20 15:47:27:576</time></pt><pt><x>3135</x><y>407</y><time>21-09-20 15:47:29:325</time></pt><pt><x>3135</x><y>2452</y><time>undefined</time></pt><pt><x>1209</x><y>2452</y><time>undefined</time></pt><closed_date>21-09-20 15:47:29:326</closed_date></polygon></object></annotation>