<annotation><filename>m3_s01_002_p_nic100.jpg</filename><folder>users/joselusava//santiago_3</folder><source><submittedBy>Jose Saca</submittedBy></source><imagesize><nrows>2970</nrows><ncols>4451</ncols></imagesize><object><name>m3_s01_002_p_nic100</name><deleted>0</deleted><verified>0</verified><occluded>no</occluded><attributes></attributes><parts><hasparts></hasparts><ispartof></ispartof></parts><date>29-10-20 21:22:38:021</date><id>0</id><type>bounding_box</type><polygon><username>anonymous</username><pt><x>1356</x><y>478</y><time>29-10-20 21:22:34:503</time></pt><pt><x>4198</x><y>478</y><time>29-10-20 21:22:35:687</time></pt><pt><x>4198</x><y>2342</y><time>undefined</time></pt><pt><x>1356</x><y>2342</y><time>undefined</time></pt><closed_date>29-10-20 21:22:35:688</closed_date></polygon></object></annotation>