<annotation><filename>m4_s03_025_p_ic011.jpg</filename><folder>users/joselusava//juancarlos</folder><source><submittedBy>Jose Saca</submittedBy></source><imagesize><nrows>2910</nrows><ncols>4361</ncols></imagesize><object><name>m4_s02_025_p_ic011</name><deleted>0</deleted><verified>0</verified><occluded>no</occluded><attributes></attributes><parts><hasparts></hasparts><ispartof></ispartof></parts><date>05-11-20 17:09:08:731</date><id>0</id><type>bounding_box</type><polygon><username>anonymous</username><pt><x>758</x><y>749</y><time>05-11-20 17:09:01:585</time></pt><pt><x>4045</x><y>749</y><time>05-11-20 17:09:02:926</time></pt><pt><x>4045</x><y>2368</y><time>undefined</time></pt><pt><x>758</x><y>2368</y><time>undefined</time></pt><closed_date>05-11-20 17:09:02:926</closed_date></polygon></object></annotation>