<annotation><filename>m1_s02_029_p_nic100.jpg</filename><folder>users/joselusava//valeria/sala2_029_nic</folder><source><submittedBy>Jose Saca</submittedBy></source><imagesize><nrows>3200</nrows><ncols>4800</ncols></imagesize><object><name>m1_s02_029_p_nic100</name><deleted>0</deleted><verified>0</verified><occluded>no</occluded><attributes></attributes><parts><hasparts></hasparts><ispartof></ispartof></parts><date>26-08-20 21:20:36:604</date><id>0</id><type>bounding_box</type><polygon><username>anonymous</username><pt><x>2781</x><y>1579</y><time>26-08-20 21:20:30:945</time></pt><pt><x>3936</x><y>1579</y><time>26-08-20 21:20:33:201</time></pt><pt><x>3936</x><y>2846</y><time>undefined</time></pt><pt><x>2781</x><y>2846</y><time>undefined</time></pt><closed_date>26-08-20 21:20:33:202</closed_date></polygon></object></annotation>