<annotation><filename>m1_s01_001_p_ic092.jpg</filename><folder>users/joselusava//juancarlos</folder><source><submittedBy>Jose Saca</submittedBy></source><imagesize><nrows>2000</nrows><ncols>2992</ncols></imagesize><object><name>m1_s01_001_p_ic092</name><deleted>0</deleted><verified>0</verified><occluded>no</occluded><attributes></attributes><parts><hasparts></hasparts><ispartof></ispartof></parts><date>01-09-20 16:20:15:085</date><id>0</id><type>bounding_box</type><polygon><username>anonymous</username><pt><x>548</x><y>610</y><time>01-09-20 16:19:59:469</time></pt><pt><x>2142</x><y>610</y><time>01-09-20 16:20:03:772</time></pt><pt><x>2142</x><y>1418</y><time>undefined</time></pt><pt><x>548</x><y>1418</y><time>undefined</time></pt><closed_date>01-09-20 16:20:03:775</closed_date></polygon></object></annotation>