<annotation><filename>m4_s10_157_p_ic033.jpg</filename><folder>users/joselusava//valeria/m04_s10_157_nic</folder><source><submittedBy>Jose Saca</submittedBy></source><imagesize><nrows>2970</nrows><ncols>4451</ncols></imagesize><object><name>m4_s10_157_p_nic033</name><deleted>0</deleted><verified>0</verified><occluded>no</occluded><attributes></attributes><parts><hasparts></hasparts><ispartof></ispartof></parts><date>12-10-20 20:21:09:722</date><id>0</id><type>bounding_box</type><polygon><username>anonymous</username><pt><x>1288</x><y>2869</y><time>12-10-20 20:21:03:873</time></pt><pt><x>3009</x><y>2869</y><time>12-10-20 20:21:05:878</time></pt><pt><x>3009</x><y>754</y><time>undefined</time></pt><pt><x>1288</x><y>754</y><time>undefined</time></pt><closed_date>12-10-20 20:21:05:896</closed_date></polygon></object></annotation>