<annotation><filename>m4_s04_044_x.jpg</filename><folder>users/joselusava//kath/m4_x</folder><source><submittedBy>Jose Saca</submittedBy></source><imagesize><nrows>2970</nrows><ncols>4451</ncols></imagesize><object><name>m4_s04_044_x</name><deleted>0</deleted><verified>0</verified><occluded>no</occluded><attributes></attributes><parts><hasparts></hasparts><ispartof></ispartof></parts><date>20-10-20 07:15:50:462</date><id>0</id><polygon><username>anonymous</username><pt><x>1663</x><y>524</y><time>20-10-20 07:15:44:940</time></pt><pt><x>1658</x><y>2259</y><time>20-10-20 07:15:45:824</time></pt><pt><x>2662</x><y>2254</y><time>20-10-20 07:15:46:286</time></pt><pt><x>2792</x><y>471</y><time>20-10-20 07:15:47:191</time></pt><closed_date>20-10-20 07:15:48:071</closed_date></polygon></object></annotation>