<annotation><filename>m4_s11_178_p_ic011.jpg</filename><folder>users/joselusava//santiago_2</folder><source><submittedBy>Jose Saca</submittedBy></source><imagesize><nrows>2970</nrows><ncols>4451</ncols></imagesize><object><name>m4_s11_178_p_ic011</name><deleted>0</deleted><verified>0</verified><occluded>no</occluded><attributes></attributes><parts><hasparts></hasparts><ispartof></ispartof></parts><date>15-10-20 20:47:07:101</date><id>0</id><type>bounding_box</type><polygon><username>anonymous</username><pt><x>1399</x><y>689</y><time>15-10-20 20:47:03:887</time></pt><pt><x>2759</x><y>689</y><time>15-10-20 20:47:05:417</time></pt><pt><x>2759</x><y>2245</y><time>undefined</time></pt><pt><x>1399</x><y>2245</y><time>undefined</time></pt><closed_date>15-10-20 20:47:05:417</closed_date></polygon></object></annotation>