<annotation><filename>m2_s01_018_p_nic024.jpg</filename><folder>users/joselusava//santiago_2</folder><source><submittedBy>Jose Saca</submittedBy></source><imagesize><nrows>2850</nrows><ncols>4271</ncols></imagesize><object><name>m2_s01_018_p_nic024</name><deleted>0</deleted><verified>0</verified><occluded>no</occluded><attributes></attributes><parts><hasparts></hasparts><ispartof></ispartof></parts><date>28-09-20 21:09:59:558</date><id>0</id><type>bounding_box</type><polygon><username>anonymous</username><pt><x>3055</x><y>1414</y><time>28-09-20 21:09:52:667</time></pt><pt><x>3587</x><y>1414</y><time>28-09-20 21:09:53:677</time></pt><pt><x>3587</x><y>2164</y><time>undefined</time></pt><pt><x>3055</x><y>2164</y><time>undefined</time></pt><closed_date>28-09-20 21:09:53:678</closed_date></polygon></object></annotation>