<annotation><filename>m4_s10_157_p_ic049.jpg</filename><folder>users/joselusava//valeria/m04_s10_157_nic</folder><source><submittedBy>Jose Saca</submittedBy></source><imagesize><nrows>2970</nrows><ncols>4451</ncols></imagesize><object><name>m4_s10_157_p_nic049</name><deleted>0</deleted><verified>0</verified><occluded>no</occluded><attributes></attributes><parts><hasparts></hasparts><ispartof></ispartof></parts><date>12-10-20 21:01:30:860</date><id>0</id><type>bounding_box</type><polygon><username>anonymous</username><pt><x>2447</x><y>2790</y><time>12-10-20 21:01:24:437</time></pt><pt><x>4326</x><y>2790</y><time>12-10-20 21:01:27:435</time></pt><pt><x>4326</x><y>636</y><time>undefined</time></pt><pt><x>2447</x><y>636</y><time>undefined</time></pt><closed_date>12-10-20 21:01:27:435</closed_date></polygon></object></annotation>