<annotation><filename>m1_s02_029_p_ic062.jpg</filename><folder>users/joselusava//valeria/sala2_029_ic</folder><source><submittedBy>Jose Saca</submittedBy></source><imagesize><nrows>3200</nrows><ncols>4800</ncols></imagesize><object><name>m1_s02_029_p_ic062</name><deleted>0</deleted><verified>0</verified><occluded>no</occluded><attributes></attributes><parts><hasparts></hasparts><ispartof></ispartof></parts><date>22-08-20 20:23:00:752</date><id>0</id><type>bounding_box</type><polygon><username>anonymous</username><pt><x>1176</x><y>145</y><time>22-08-20 20:22:49:794</time></pt><pt><x>3624</x><y>145</y><time>22-08-20 20:22:55:124</time></pt><pt><x>3624</x><y>2652</y><time>undefined</time></pt><pt><x>1176</x><y>2652</y><time>undefined</time></pt><closed_date>22-08-20 20:22:55:125</closed_date></polygon></object></annotation>