<annotation><filename>m2_s03_248_p_ic030.jpg</filename><folder>users/joselusava//museos2020</folder><source><submittedBy>Jose Saca</submittedBy></source><imagesize><nrows>2910</nrows><ncols>4361</ncols></imagesize><object><name>m2_s03_248_p_ic030</name><deleted>0</deleted><verified>0</verified><occluded>no</occluded><attributes></attributes><parts><hasparts></hasparts><ispartof></ispartof></parts><date>27-09-20 08:15:03:854</date><id>0</id><type>bounding_box</type><polygon><username>anonymous</username><pt><x>9</x><y>446</y><time>27-09-20 08:14:54:844</time></pt><pt><x>4342</x><y>446</y><time>27-09-20 08:14:58:147</time></pt><pt><x>4342</x><y>2143</y><time>undefined</time></pt><pt><x>9</x><y>2143</y><time>undefined</time></pt><closed_date>27-09-20 08:14:58:147</closed_date></polygon></object></annotation>