<annotation><filename>m2_s01_032_p_nic055.jpg</filename><folder>users/joselusava//santiago_2</folder><source><submittedBy>Jose Saca</submittedBy></source><imagesize><nrows>2850</nrows><ncols>4271</ncols></imagesize><object><name>m2_s01_032_p_nic055</name><deleted>0</deleted><verified>0</verified><occluded>no</occluded><attributes></attributes><parts><hasparts></hasparts><ispartof></ispartof></parts><date>30-09-20 20:59:00:189</date><id>0</id><type>bounding_box</type><polygon><username>anonymous</username><pt><x>1120</x><y>343</y><time>30-09-20 20:58:57:007</time></pt><pt><x>1927</x><y>343</y><time>30-09-20 20:58:58:354</time></pt><pt><x>1927</x><y>1401</y><time>undefined</time></pt><pt><x>1120</x><y>1401</y><time>undefined</time></pt><closed_date>30-09-20 20:58:58:355</closed_date></polygon></object></annotation>