<annotation><filename>m2_s02_085_p_ic065.jpg</filename><folder>users/joselusava//m2_jsv/85/ic</folder><source><submittedBy>Jose Saca</submittedBy></source><imagesize><nrows>2910</nrows><ncols>4361</ncols></imagesize><object><name>m2_s02_085_p_ic065</name><deleted>0</deleted><verified>0</verified><occluded>no</occluded><attributes></attributes><parts><hasparts></hasparts><ispartof></ispartof></parts><date>17-09-20 19:59:15:423</date><id>0</id><type>bounding_box</type><polygon><username>anonymous</username><pt><x>1236</x><y>514</y><time>17-09-20 19:59:13:972</time></pt><pt><x>3003</x><y>514</y><time>17-09-20 19:59:14:923</time></pt><pt><x>3003</x><y>2507</y><time>undefined</time></pt><pt><x>1236</x><y>2507</y><time>undefined</time></pt><closed_date>17-09-20 19:59:14:923</closed_date></polygon></object></annotation>