<annotation><filename>m1_s02_029_p_nic059.jpg</filename><folder>users/joselusava//valeria/sala2_029_nic</folder><source><submittedBy>Jose Saca</submittedBy></source><imagesize><nrows>3200</nrows><ncols>4800</ncols></imagesize><object><name>m1_s02_029_p_nic059</name><deleted>0</deleted><verified>0</verified><occluded>no</occluded><attributes></attributes><parts><hasparts></hasparts><ispartof></ispartof></parts><date>26-08-20 19:28:58:772</date><id>0</id><type>bounding_box</type><polygon><username>anonymous</username><pt><x>3055</x><y>494</y><time>26-08-20 19:28:53:001</time></pt><pt><x>4408</x><y>494</y><time>26-08-20 19:28:55:646</time></pt><pt><x>4408</x><y>1863</y><time>undefined</time></pt><pt><x>3055</x><y>1863</y><time>undefined</time></pt><closed_date>26-08-20 19:28:55:647</closed_date></polygon></object></annotation>