<annotation><filename>m4_s08_121_x.jpg</filename><folder>users/joselusava//kath/m4_x</folder><source><submittedBy>Jose Saca</submittedBy></source><imagesize><nrows>2970</nrows><ncols>4451</ncols></imagesize><object><name>m4_s08_121_x</name><deleted>0</deleted><verified>0</verified><occluded>no</occluded><attributes></attributes><parts><hasparts></hasparts><ispartof></ispartof></parts><date>21-10-20 11:32:00:924</date><id>0</id><polygon><username>anonymous</username><pt><x>2100</x><y>928</y><time>21-10-20 11:31:53:692</time></pt><pt><x>2095</x><y>2927</y><time>21-10-20 11:31:55:157</time></pt><pt><x>3085</x><y>2946</y><time>21-10-20 11:31:56:307</time></pt><pt><x>2951</x><y>889</y><time>21-10-20 11:31:57:577</time></pt><closed_date>21-10-20 11:31:58:714</closed_date></polygon></object></annotation>