<annotation><filename>m4_s10_156_x.jpg</filename><folder>users/joselusava//kath/m4_x</folder><source><submittedBy>Jose Saca</submittedBy></source><imagesize><nrows>2970</nrows><ncols>4451</ncols></imagesize><object><name>m4_s10_156_x</name><deleted>0</deleted><verified>0</verified><occluded>no</occluded><attributes></attributes><parts><hasparts></hasparts><ispartof></ispartof></parts><date>21-10-20 12:08:01:464</date><id>0</id><polygon><username>anonymous</username><pt><x>394</x><y>197</y><time>21-10-20 12:07:53:755</time></pt><pt><x>461</x><y>2855</y><time>21-10-20 12:07:54:930</time></pt><pt><x>3941</x><y>2816</y><time>21-10-20 12:07:56:168</time></pt><pt><x>4090</x><y>211</y><time>21-10-20 12:07:57:545</time></pt><closed_date>21-10-20 12:07:58:995</closed_date></polygon></object></annotation>