<annotation><filename>m1_s06_144_p_nic018.jpg</filename><folder>users/joselusava//jacob_2/144nic</folder><source><submittedBy>Jose Saca</submittedBy></source><imagesize><nrows>2736</nrows><ncols>4100</ncols></imagesize><object><name>m1_s06_144_p_nic018</name><deleted>0</deleted><verified>0</verified><occluded>no</occluded><attributes></attributes><parts><hasparts></hasparts><ispartof></ispartof></parts><date>08-09-20 01:57:22:875</date><id>0</id><type>bounding_box</type><polygon><username>anonymous</username><pt><x>1162</x><y>2668</y><time>08-09-20 01:57:20:714</time></pt><pt><x>2897</x><y>2668</y><time>08-09-20 01:57:22:271</time></pt><pt><x>2897</x><y>1236</y><time>undefined</time></pt><pt><x>1162</x><y>1236</y><time>undefined</time></pt><closed_date>08-09-20 01:57:22:271</closed_date></polygon></object></annotation>