<annotation><filename>m2_s03_201_p_nic083.jpg</filename><folder>users/joselusava//valeria/m2_sala03_201_nic</folder><source><submittedBy>Jose Saca</submittedBy></source><imagesize><nrows>2910</nrows><ncols>4361</ncols></imagesize><object><name>m2_s03_201_p_nic083</name><deleted>0</deleted><verified>0</verified><occluded>no</occluded><attributes></attributes><parts><hasparts></hasparts><ispartof></ispartof></parts><date>30-09-20 18:37:39:458</date><id>0</id><type>bounding_box</type><polygon><username>anonymous</username><pt><x>215</x><y>2116</y><time>30-09-20 18:37:31:425</time></pt><pt><x>2232</x><y>2116</y><time>30-09-20 18:37:35:460</time></pt><pt><x>2232</x><y>176</y><time>undefined</time></pt><pt><x>215</x><y>176</y><time>undefined</time></pt><closed_date>30-09-20 18:37:35:474</closed_date></polygon></object></annotation>