<annotation><filename>m3_s01_023_p_ic049.jpg</filename><folder>users/joselusava//santiago_3</folder><source><submittedBy>Jose Saca</submittedBy></source><imagesize><nrows>2970</nrows><ncols>4451</ncols></imagesize><object><name>m3_s01_023_p_ic049</name><deleted>0</deleted><verified>0</verified><occluded>no</occluded><attributes></attributes><parts><hasparts></hasparts><ispartof></ispartof></parts><date>04-11-20 19:22:20:470</date><id>0</id><type>bounding_box</type><polygon><username>anonymous</username><pt><x>418</x><y>650</y><time>04-11-20 19:22:16:334</time></pt><pt><x>3666</x><y>650</y><time>04-11-20 19:22:17:834</time></pt><pt><x>3666</x><y>2460</y><time>undefined</time></pt><pt><x>418</x><y>2460</y><time>undefined</time></pt><closed_date>04-11-20 19:22:17:835</closed_date></polygon></object></annotation>