<annotation><filename>m2_s07_264_p_nic055.jpg</filename><folder>users/joselusava//valeria/sala7_264_nic</folder><source><submittedBy>Jose Saca</submittedBy></source><imagesize><nrows>2910</nrows><ncols>4361</ncols></imagesize><object><name>m2_s07_264_p_nic055</name><deleted>0</deleted><verified>0</verified><occluded>no</occluded><attributes></attributes><parts><hasparts></hasparts><ispartof></ispartof></parts><date>23-09-20 20:50:40:217</date><id>0</id><type>bounding_box</type><polygon><username>anonymous</username><pt><x>1036</x><y>2034</y><time>23-09-20 20:50:32:767</time></pt><pt><x>2205</x><y>2034</y><time>23-09-20 20:50:34:628</time></pt><pt><x>2205</x><y>292</y><time>undefined</time></pt><pt><x>1036</x><y>292</y><time>undefined</time></pt><closed_date>23-09-20 20:50:34:629</closed_date></polygon></object></annotation>