<annotation><filename>m4_s10_157_p_ic071.jpg</filename><folder>users/joselusava//valeria/m04_s10_157_nic</folder><source><submittedBy>Jose Saca</submittedBy></source><imagesize><nrows>2970</nrows><ncols>4451</ncols></imagesize><object><name>m4_s10_157_p_nic071</name><deleted>0</deleted><verified>0</verified><occluded>no</occluded><attributes></attributes><parts><hasparts></hasparts><ispartof></ispartof></parts><date>12-10-20 21:35:35:976</date><id>0</id><type>bounding_box</type><polygon><username>anonymous</username><pt><x>990</x><y>2863</y><time>12-10-20 21:35:21:092</time></pt><pt><x>2773</x><y>2863</y><time>12-10-20 21:35:24:965</time></pt><pt><x>2773</x><y>726</y><time>undefined</time></pt><pt><x>990</x><y>726</y><time>undefined</time></pt><closed_date>12-10-20 21:35:24:966</closed_date></polygon></object></annotation>