<annotation><filename>img_m1_s10_303_p_nic069.jpg</filename><folder>users/joselusava//santiago</folder><source><submittedBy>Jose Saca</submittedBy></source><imagesize><nrows>3200</nrows><ncols>4800</ncols></imagesize><object><name>m1_s10_303_p_nic069</name><deleted>0</deleted><verified>0</verified><occluded>no</occluded><attributes></attributes><parts><hasparts></hasparts><ispartof></ispartof></parts><date>01-09-20 22:22:45:185</date><id>0</id><type>bounding_box</type><polygon><username>anonymous</username><pt><x>2563</x><y>2135</y><time>01-09-20 22:22:36:531</time></pt><pt><x>3276</x><y>2135</y><time>01-09-20 22:22:38:877</time></pt><pt><x>3276</x><y>2919</y><time>undefined</time></pt><pt><x>2563</x><y>2919</y><time>undefined</time></pt><closed_date>01-09-20 22:22:38:878</closed_date></polygon></object></annotation>