<annotation><filename>m1_s02_065_p_ic016.jpg</filename><folder>users/joselusava//valeria/sala2_065_ic</folder><source><submittedBy>Jose Saca</submittedBy></source><imagesize><nrows>2000</nrows><ncols>2992</ncols></imagesize><object><name>m1_s02_065_p_ic016</name><deleted>0</deleted><verified>0</verified><occluded>no</occluded><attributes></attributes><parts><hasparts></hasparts><ispartof></ispartof></parts><date>25-08-20 21:41:54:787</date><id>0</id><type>bounding_box</type><polygon><username>anonymous</username><pt><x>44</x><y>272</y><time>25-08-20 21:41:47:774</time></pt><pt><x>2970</x><y>272</y><time>25-08-20 21:41:50:807</time></pt><pt><x>2970</x><y>1943</y><time>undefined</time></pt><pt><x>44</x><y>1943</y><time>undefined</time></pt><closed_date>25-08-20 21:41:50:808</closed_date></polygon></object></annotation>