<annotation><filename>m3_s01_023_p_ic053.jpg</filename><folder>users/joselusava//santiago_3</folder><source><submittedBy>Jose Saca</submittedBy></source><imagesize><nrows>2970</nrows><ncols>4451</ncols></imagesize><object><name>m3_s01_023_p_ic053</name><deleted>0</deleted><verified>0</verified><occluded>no</occluded><attributes></attributes><parts><hasparts></hasparts><ispartof></ispartof></parts><date>04-11-20 19:24:56:562</date><id>0</id><type>bounding_box</type><polygon><username>anonymous</username><pt><x>718</x><y>696</y><time>04-11-20 19:24:53:313</time></pt><pt><x>3413</x><y>696</y><time>04-11-20 19:24:54:538</time></pt><pt><x>3413</x><y>2438</y><time>undefined</time></pt><pt><x>718</x><y>2438</y><time>undefined</time></pt><closed_date>04-11-20 19:24:54:539</closed_date></polygon></object></annotation>