<annotation><filename>m4_s05_059_x.jpg</filename><folder>users/joselusava//kath/m4_x</folder><source><submittedBy>Jose Saca</submittedBy></source><imagesize><nrows>2910</nrows><ncols>4361</ncols></imagesize><object><name>m4_s05_059_x</name><deleted>0</deleted><verified>0</verified><occluded>no</occluded><attributes></attributes><parts><hasparts></hasparts><ispartof></ispartof></parts><date>20-10-20 09:29:31:889</date><id>0</id><polygon><username>anonymous</username><pt><x>768</x><y>414</y><time>20-10-20 09:29:22:210</time></pt><pt><x>532</x><y>2637</y><time>20-10-20 09:29:26:222</time></pt><pt><x>3814</x><y>2566</y><time>20-10-20 09:29:27:599</time></pt><pt><x>3612</x><y>396</y><time>20-10-20 09:29:28:446</time></pt><closed_date>20-10-20 09:29:29:697</closed_date></polygon></object></annotation>