<annotation><filename>img_m1_s03-04_108_p_ic094.jpg</filename><folder>users/joselusava//valeria/sala3y4_108_ic</folder><source><submittedBy>Jose Saca</submittedBy></source><imagesize><nrows>3200</nrows><ncols>4800</ncols></imagesize><object><name>m1_s03_s04_108_p_ic094</name><deleted>0</deleted><verified>0</verified><occluded>no</occluded><attributes></attributes><parts><hasparts></hasparts><ispartof></ispartof></parts><date>31-08-20 01:09:03:744</date><id>0</id><type>bounding_box</type><polygon><username>anonymous</username><pt><x>4794</x><y>2485</y><time>31-08-20 01:08:55:725</time></pt><pt><x>491</x><y>2485</y><time>31-08-20 01:09:00:023</time></pt><pt><x>491</x><y>1091</y><time>undefined</time></pt><pt><x>4794</x><y>1091</y><time>undefined</time></pt><closed_date>31-08-20 01:09:00:024</closed_date></polygon></object></annotation>