<annotation><filename>m2_s02_129_p_nic008.jpg</filename><folder>users/joselusava//m2_jsv/129/nic</folder><source><submittedBy>Jose Saca</submittedBy></source><imagesize><nrows>2910</nrows><ncols>4361</ncols></imagesize><object><name>m2_s02_129_p_nic008</name><deleted>0</deleted><verified>0</verified><occluded>no</occluded><attributes></attributes><parts><hasparts></hasparts><ispartof></ispartof></parts><date>24-09-20 19:46:16:271</date><id>0</id><type>bounding_box</type><polygon><username>anonymous</username><pt><x>3551</x><y>1193</y><time>24-09-20 19:46:14:377</time></pt><pt><x>2524</x><y>1193</y><time>24-09-20 19:46:15:360</time></pt><pt><x>2524</x><y>26</y><time>undefined</time></pt><pt><x>3551</x><y>26</y><time>undefined</time></pt><closed_date>24-09-20 19:46:15:361</closed_date></polygon></object></annotation>