<annotation><filename>m3_s01_023_p_ic014.jpg</filename><folder>users/joselusava//santiago_3</folder><source><submittedBy>Jose Saca</submittedBy></source><imagesize><nrows>2970</nrows><ncols>4451</ncols></imagesize><object><name>m3_s01_023_p_ic014</name><deleted>0</deleted><verified>0</verified><occluded>no</occluded><attributes></attributes><parts><hasparts></hasparts><ispartof></ispartof></parts><date>04-11-20 18:46:58:934</date><id>0</id><type>bounding_box</type><polygon><username>anonymous</username><pt><x>357</x><y>243</y><time>04-11-20 18:46:54:806</time></pt><pt><x>3823</x><y>243</y><time>04-11-20 18:46:56:611</time></pt><pt><x>3823</x><y>2517</y><time>undefined</time></pt><pt><x>357</x><y>2517</y><time>undefined</time></pt><closed_date>04-11-20 18:46:56:612</closed_date></polygon></object></annotation>