<annotation><filename>m2_s01_003_x.jpg</filename><folder>users/joselusava//santiago</folder><source><submittedBy>Jose Saca</submittedBy></source><imagesize><nrows>2850</nrows><ncols>4271</ncols></imagesize><object><name>m2_s01_003_x</name><deleted>0</deleted><verified>0</verified><occluded>no</occluded><attributes></attributes><parts><hasparts></hasparts><ispartof></ispartof></parts><date>20-09-20 00:05:55:365</date><id>0</id><type>bounding_box</type><polygon><username>anonymous</username><pt><x>1318</x><y>609</y><time>20-09-20 00:05:46:093</time></pt><pt><x>2680</x><y>609</y><time>20-09-20 00:05:47:647</time></pt><pt><x>2680</x><y>2334</y><time>undefined</time></pt><pt><x>1318</x><y>2334</y><time>undefined</time></pt><closed_date>20-09-20 00:05:47:647</closed_date></polygon></object></annotation>