<annotation><filename>m3_s01_010_p_nic012.jpg</filename><folder>users/joselusava//m4_js/m3/10/nic</folder><source><submittedBy>Jose Saca</submittedBy></source><imagesize><nrows>2970</nrows><ncols>4451</ncols></imagesize><object><name>m3_s01_010_p_nic012</name><deleted>0</deleted><verified>0</verified><occluded>no</occluded><attributes></attributes><parts><hasparts></hasparts><ispartof></ispartof></parts><date>29-10-20 13:35:13:337</date><id>0</id><type>bounding_box</type><polygon><username>anonymous</username><pt><x>3940</x><y>2247</y><time>29-10-20 13:35:11:115</time></pt><pt><x>671</x><y>2247</y><time>29-10-20 13:35:12:442</time></pt><pt><x>671</x><y>32</y><time>undefined</time></pt><pt><x>3940</x><y>32</y><time>undefined</time></pt><closed_date>29-10-20 13:35:12:442</closed_date></polygon></object></annotation>