<annotation><filename>m1_s06_186_p_nic069.jpg</filename><folder>users/joselusava//jacob_2/186nic</folder><source><submittedBy>Jose Saca</submittedBy></source><imagesize><nrows>2736</nrows><ncols>4100</ncols></imagesize><object><name>m1_s06_186_p_nic069</name><deleted>0</deleted><verified>0</verified><occluded>no</occluded><attributes></attributes><parts><hasparts></hasparts><ispartof></ispartof></parts><date>09-09-20 23:26:53:366</date><id>0</id><type>bounding_box</type><polygon><username>anonymous</username><pt><x>3093</x><y>1956</y><time>09-09-20 23:26:51:563</time></pt><pt><x>2111</x><y>1956</y><time>09-09-20 23:26:52:785</time></pt><pt><x>2111</x><y>147</y><time>undefined</time></pt><pt><x>3093</x><y>147</y><time>undefined</time></pt><closed_date>09-09-20 23:26:52:785</closed_date></polygon></object></annotation>