<annotation><filename>m2_s01_054_p_nic082.jpg</filename><folder>users/joselusava//kath_54</folder><source><submittedBy>Jose Saca</submittedBy></source><imagesize><nrows>2850</nrows><ncols>4271</ncols></imagesize><object><name>m2_s01_054_p_nic082</name><deleted>0</deleted><verified>0</verified><occluded>no</occluded><attributes></attributes><parts><hasparts></hasparts><ispartof></ispartof></parts><date>02-10-20 11:38:14:270</date><id>0</id><type>bounding_box</type><polygon><username>anonymous</username><pt><x>519</x><y>533</y><time>02-10-20 11:38:07:337</time></pt><pt><x>1671</x><y>533</y><time>02-10-20 11:38:11:259</time></pt><pt><x>1671</x><y>2008</y><time>undefined</time></pt><pt><x>519</x><y>2008</y><time>undefined</time></pt><closed_date>02-10-20 11:38:11:261</closed_date></polygon></object></annotation>