<annotation><filename>m4_s04_037_p_nic072.jpg</filename><folder>users/joselusava//santiago_2</folder><source><submittedBy>Jose Saca</submittedBy></source><imagesize><nrows>2970</nrows><ncols>4451</ncols></imagesize><object><name>m4_s04_037_p_nic072</name><deleted>0</deleted><verified>0</verified><occluded>no</occluded><attributes></attributes><parts><hasparts></hasparts><ispartof></ispartof></parts><date>19-10-20 22:41:50:067</date><id>0</id><type>bounding_box</type><polygon><username>anonymous</username><pt><x>2956</x><y>764</y><time>19-10-20 22:41:47:311</time></pt><pt><x>4077</x><y>764</y><time>19-10-20 22:41:48:173</time></pt><pt><x>4077</x><y>2360</y><time>undefined</time></pt><pt><x>2956</x><y>2360</y><time>undefined</time></pt><closed_date>19-10-20 22:41:48:173</closed_date></polygon></object></annotation>