<annotation><filename>m4_s07_105_p_nic084.jpg</filename><folder>users/joselusava//kath/m4_105/nic</folder><source><submittedBy>Jose Saca</submittedBy></source><imagesize><nrows>2970</nrows><ncols>4451</ncols></imagesize><object><name>m4_s07_105_p_nic083</name><deleted>0</deleted><verified>0</verified><occluded>no</occluded><attributes></attributes><parts><hasparts></hasparts><ispartof></ispartof></parts><date>03-11-20 09:14:21:621</date><id>0</id><type>bounding_box</type><polygon><username>anonymous</username><pt><x>1879</x><y>2696</y><time>03-11-20 09:14:00:694</time></pt><pt><x>2489</x><y>2696</y><time>03-11-20 09:14:02:160</time></pt><pt><x>2489</x><y>1504</y><time>undefined</time></pt><pt><x>1879</x><y>1504</y><time>undefined</time></pt><closed_date>03-11-20 09:14:02:161</closed_date></polygon></object></annotation>