<annotation><filename>m1_s06_144_p_ic014.jpg</filename><folder>users/joselusava//jacob_2/144ic</folder><source><submittedBy>Jose Saca</submittedBy></source><imagesize><nrows>2736</nrows><ncols>4100</ncols></imagesize><object><name>m1_s06_144_p_ic014</name><deleted>0</deleted><verified>0</verified><occluded>no</occluded><attributes></attributes><parts><hasparts></hasparts><ispartof></ispartof></parts><date>07-09-20 02:24:15:754</date><id>0</id><type>bounding_box</type><polygon><username>anonymous</username><pt><x>802</x><y>188</y><time>07-09-20 02:24:11:896</time></pt><pt><x>3609</x><y>188</y><time>07-09-20 02:24:14:827</time></pt><pt><x>3609</x><y>2578</y><time>undefined</time></pt><pt><x>802</x><y>2578</y><time>undefined</time></pt><closed_date>07-09-20 02:24:14:827</closed_date></polygon></object></annotation>