<annotation><filename>m1_s01_005_p_nic003.jpg</filename><folder>users/joselusava//museos2020</folder><source><submittedBy>Jose Saca</submittedBy></source><imagesize><nrows>2000</nrows><ncols>2992</ncols></imagesize><object><name>m1_s01_005_p_nic003</name><deleted>0</deleted><verified>0</verified><occluded>no</occluded><attributes></attributes><parts><hasparts></hasparts><ispartof></ispartof></parts><date>13-09-20 22:34:50:783</date><id>0</id><type>bounding_box</type><polygon><username>anonymous</username><pt><x>1843</x><y>639</y><time>13-09-20 22:34:40:569</time></pt><pt><x>2502</x><y>639</y><time>13-09-20 22:34:41:568</time></pt><pt><x>2502</x><y>1307</y><time>undefined</time></pt><pt><x>1843</x><y>1307</y><time>undefined</time></pt><closed_date>13-09-20 22:34:41:568</closed_date></polygon></object></annotation>