<annotation><filename>m2_s02_129_p_nic075.jpg</filename><folder>users/joselusava//m2_jsv/129/nic</folder><source><submittedBy>Jose Saca</submittedBy></source><imagesize><nrows>2910</nrows><ncols>4361</ncols></imagesize><object><name>m2_s02_129_p_nic075</name><deleted>0</deleted><verified>0</verified><occluded>no</occluded><attributes></attributes><parts><hasparts></hasparts><ispartof></ispartof></parts><date>25-09-20 08:19:07:552</date><id>0</id><type>bounding_box</type><polygon><username>anonymous</username><pt><x>1497</x><y>2481</y><time>25-09-20 08:19:05:648</time></pt><pt><x>627</x><y>2481</y><time>25-09-20 08:19:07:002</time></pt><pt><x>627</x><y>1584</y><time>undefined</time></pt><pt><x>1497</x><y>1584</y><time>undefined</time></pt><closed_date>25-09-20 08:19:07:002</closed_date></polygon></object></annotation>