<annotation><filename>m4_s09_138_p_nic053.jpg</filename><folder>users/joselusava//santiago_2</folder><source><submittedBy>Jose Saca</submittedBy></source><imagesize><nrows>2970</nrows><ncols>4451</ncols></imagesize><object><name>m4_s09_138_p_nic053</name><deleted>0</deleted><verified>0</verified><occluded>no</occluded><attributes></attributes><parts><hasparts></hasparts><ispartof></ispartof></parts><date>23-10-20 13:56:39:956</date><id>0</id><type>bounding_box</type><polygon><username>anonymous</username><pt><x>1985</x><y>710</y><time>23-10-20 13:56:36:766</time></pt><pt><x>4177</x><y>710</y><time>23-10-20 13:56:37:605</time></pt><pt><x>4177</x><y>1753</y><time>undefined</time></pt><pt><x>1985</x><y>1753</y><time>undefined</time></pt><closed_date>23-10-20 13:56:37:606</closed_date></polygon></object></annotation>