<annotation><filename>m4_s03_036_x.jpg</filename><folder>users/joselusava//kath/m4_x</folder><source><submittedBy>Jose Saca</submittedBy></source><imagesize><nrows>3899</nrows><ncols>5844</ncols></imagesize><object><name>m4_s03_036_x</name><deleted>0</deleted><verified>0</verified><occluded>no</occluded><attributes></attributes><parts><hasparts></hasparts><ispartof></ispartof></parts><date>24-10-20 12:18:15:394</date><id>0</id><polygon><username>anonymous</username><pt><x>719</x><y>965</y><time>24-10-20 12:18:06:521</time></pt><pt><x>662</x><y>2871</y><time>24-10-20 12:18:07:446</time></pt><pt><x>5079</x><y>2858</y><time>24-10-20 12:18:08:747</time></pt><pt><x>5054</x><y>890</y><time>24-10-20 12:18:09:994</time></pt><closed_date>24-10-20 12:18:11:786</closed_date></polygon></object></annotation>