<annotation><filename>m4_s02_021_p_nic062.jpg</filename><folder>users/joselusava//santiago_2</folder><source><submittedBy>Jose Saca</submittedBy></source><imagesize><nrows>2910</nrows><ncols>4361</ncols></imagesize><object><name>m4_s02_021_p_nic062</name><deleted>0</deleted><verified>0</verified><occluded>no</occluded><attributes></attributes><parts><hasparts></hasparts><ispartof></ispartof></parts><date>05-10-20 11:17:31:139</date><id>0</id><type>bounding_box</type><polygon><username>anonymous</username><pt><x>2487</x><y>156</y><time>05-10-20 11:17:28:321</time></pt><pt><x>3319</x><y>156</y><time>05-10-20 11:17:29:639</time></pt><pt><x>3319</x><y>1895</y><time>undefined</time></pt><pt><x>2487</x><y>1895</y><time>undefined</time></pt><closed_date>05-10-20 11:17:29:640</closed_date></polygon></object></annotation>