<annotation><filename>m3_s01_023_p_ic002.jpg</filename><folder>users/joselusava//santiago_3</folder><source><submittedBy>Jose Saca</submittedBy></source><imagesize><nrows>2970</nrows><ncols>4451</ncols></imagesize><object><name>m3_s01_023_p_ic002</name><deleted>0</deleted><verified>0</verified><occluded>no</occluded><attributes></attributes><parts><hasparts></hasparts><ispartof></ispartof></parts><date>04-11-20 18:31:01:478</date><id>0</id><type>bounding_box</type><polygon><username>anonymous</username><pt><x>1332</x><y>332</y><time>04-11-20 18:30:57:260</time></pt><pt><x>3002</x><y>332</y><time>04-11-20 18:30:59:029</time></pt><pt><x>3002</x><y>2599</y><time>undefined</time></pt><pt><x>1332</x><y>2599</y><time>undefined</time></pt><closed_date>04-11-20 18:30:59:030</closed_date></polygon></object></annotation>