<annotation><filename>m1_s01_021_p_ic045.jpg</filename><folder>users/joselusava//santiago</folder><source><submittedBy>Jose Saca</submittedBy></source><imagesize><nrows>3200</nrows><ncols>4800</ncols></imagesize><object><name>m1_s01_021_p_ic045</name><deleted>0</deleted><verified>0</verified><occluded>no</occluded><attributes></attributes><parts><hasparts></hasparts><ispartof></ispartof></parts><date>14-09-20 23:15:24:252</date><id>0</id><type>bounding_box</type><polygon><username>anonymous</username><pt><x>1854</x><y>986</y><time>14-09-20 23:15:15:408</time></pt><pt><x>3067</x><y>986</y><time>14-09-20 23:15:17:238</time></pt><pt><x>3067</x><y>2512</y><time>undefined</time></pt><pt><x>1854</x><y>2512</y><time>undefined</time></pt><closed_date>14-09-20 23:15:17:239</closed_date></polygon></object></annotation>