<annotation><filename>m4_s07_105_p_nic043.jpg</filename><folder>users/joselusava//kath/m4_105/nic</folder><source><submittedBy>Jose Saca</submittedBy></source><imagesize><nrows>2970</nrows><ncols>4451</ncols></imagesize><object><name>m4_s07_105_p_nic043</name><deleted>0</deleted><verified>0</verified><occluded>no</occluded><attributes></attributes><parts><hasparts></hasparts><ispartof></ispartof></parts><date>03-11-20 08:46:11:714</date><id>0</id><type>bounding_box</type><polygon><username>anonymous</username><pt><x>3001</x><y>2714</y><time>03-11-20 08:46:06:458</time></pt><pt><x>3829</x><y>2714</y><time>03-11-20 08:46:09:440</time></pt><pt><x>3829</x><y>1168</y><time>undefined</time></pt><pt><x>3001</x><y>1168</y><time>undefined</time></pt><closed_date>03-11-20 08:46:09:440</closed_date></polygon></object></annotation>