<annotation><filename>m4_s10_154_p_nic015.jpg</filename><folder>users/joselusava//valeria/m04_s10_154_nic</folder><source><submittedBy>Jose Saca</submittedBy></source><imagesize><nrows>2970</nrows><ncols>4451</ncols></imagesize><object><name>m4_s10_154_p_nic015</name><deleted>0</deleted><verified>0</verified><occluded>no</occluded><attributes></attributes><parts><hasparts></hasparts><ispartof></ispartof></parts><date>14-10-20 12:26:55:811</date><id>0</id><type>bounding_box</type><polygon><username>anonymous</username><pt><x>921</x><y>1915</y><time>14-10-20 12:26:51:138</time></pt><pt><x>2532</x><y>1915</y><time>14-10-20 12:26:52:863</time></pt><pt><x>2532</x><y>118</y><time>undefined</time></pt><pt><x>921</x><y>118</y><time>undefined</time></pt><closed_date>14-10-20 12:26:52:864</closed_date></polygon></object></annotation>