<annotation><filename>m3_s01_013_p_nic049.jpg</filename><folder>users/joselusava//valeria/m03_s01_13_nic</folder><source><submittedBy>Jose Saca</submittedBy></source><imagesize><nrows>2970</nrows><ncols>4451</ncols></imagesize><object><name>m3_s01_013_p_nic049</name><deleted>0</deleted><verified>0</verified><occluded>no</occluded><attributes></attributes><parts><hasparts></hasparts><ispartof></ispartof></parts><date>06-11-20 23:29:42:750</date><id>0</id><type>bounding_box</type><polygon><username>anonymous</username><pt><x>3010</x><y>2667</y><time>06-11-20 23:29:36:435</time></pt><pt><x>286</x><y>2667</y><time>06-11-20 23:29:39:125</time></pt><pt><x>286</x><y>657</y><time>undefined</time></pt><pt><x>3010</x><y>657</y><time>undefined</time></pt><closed_date>06-11-20 23:29:39:125</closed_date></polygon></object></annotation>