<annotation><filename>m1_s01_021_p_ic047.jpg</filename><folder>users/joselusava//santiago</folder><source><submittedBy>Jose Saca</submittedBy></source><imagesize><nrows>3200</nrows><ncols>4800</ncols></imagesize><object><name>m1_s01_021_p_ic047</name><deleted>0</deleted><verified>0</verified><occluded>no</occluded><attributes></attributes><parts><hasparts></hasparts><ispartof></ispartof></parts><date>14-09-20 23:17:53:927</date><id>0</id><type>bounding_box</type><polygon><username>anonymous</username><pt><x>1872</x><y>1011</y><time>14-09-20 23:17:45:384</time></pt><pt><x>3139</x><y>1011</y><time>14-09-20 23:17:47:164</time></pt><pt><x>3139</x><y>2473</y><time>undefined</time></pt><pt><x>1872</x><y>2473</y><time>undefined</time></pt><closed_date>14-09-20 23:17:47:166</closed_date></polygon></object></annotation>