<annotation><filename>m1_s02_056_x.jpg</filename><folder>users/joselusava//valeria/sala2</folder><source><submittedBy>Jose Saca</submittedBy></source><imagesize><nrows>3200</nrows><ncols>4800</ncols></imagesize><object><name>m1_s02_056_x</name><deleted>0</deleted><verified>0</verified><occluded>no</occluded><attributes></attributes><parts><hasparts></hasparts><ispartof></ispartof></parts><date>28-08-20 19:01:41:076</date><id>0</id><type>bounding_box</type><polygon><username>anonymous</username><pt><x>3791</x><y>3146</y><time>28-08-20 19:01:33:026</time></pt><pt><x>1358</x><y>3146</y><time>28-08-20 19:01:36:356</time></pt><pt><x>1358</x><y>70</y><time>undefined</time></pt><pt><x>3791</x><y>70</y><time>undefined</time></pt><closed_date>28-08-20 19:01:36:357</closed_date></polygon></object></annotation>