<annotation><filename>m1_s06_144_p_nic087.jpg</filename><folder>users/joselusava//jacob_2/144nic</folder><source><submittedBy>Jose Saca</submittedBy></source><imagesize><nrows>2736</nrows><ncols>4100</ncols></imagesize><object><name>m1_s06_144_p_nic087</name><deleted>0</deleted><verified>0</verified><occluded>no</occluded><attributes></attributes><parts><hasparts></hasparts><ispartof></ispartof></parts><date>08-09-20 14:01:34:372</date><id>0</id><type>bounding_box</type><polygon><username>anonymous</username><pt><x>359</x><y>2013</y><time>08-09-20 14:01:30:989</time></pt><pt><x>1801</x><y>2013</y><time>08-09-20 14:01:33:441</time></pt><pt><x>1801</x><y>326</y><time>undefined</time></pt><pt><x>359</x><y>326</y><time>undefined</time></pt><closed_date>08-09-20 14:01:33:442</closed_date></polygon></object></annotation>