<annotation><filename>m4_s02_015_p_ic099.jpg</filename><folder>users/joselusava//m4_js/15ic</folder><source><submittedBy>Jose Saca</submittedBy></source><imagesize><nrows>2910</nrows><ncols>4361</ncols></imagesize><object><name>m4_s02_015_p_ic099</name><deleted>0</deleted><verified>0</verified><occluded>no</occluded><attributes></attributes><parts><hasparts></hasparts><ispartof></ispartof></parts><date>03-10-20 19:49:30:212</date><id>0</id><type>bounding_box</type><polygon><username>anonymous</username><pt><x>853</x><y>270</y><time>03-10-20 19:49:27:551</time></pt><pt><x>2960</x><y>270</y><time>03-10-20 19:49:29:085</time></pt><pt><x>2960</x><y>2620</y><time>undefined</time></pt><pt><x>853</x><y>2620</y><time>undefined</time></pt><closed_date>03-10-20 19:49:29:085</closed_date></polygon></object></annotation>