<annotation><filename>m2_s01_001_p_nic038.jpg</filename><folder>users/joselusava//santiago</folder><source><submittedBy>Jose Saca</submittedBy></source><imagesize><nrows>2850</nrows><ncols>4271</ncols></imagesize><object><name>m2_s01_001_p_nic038</name><deleted>0</deleted><verified>0</verified><occluded>no</occluded><attributes></attributes><parts><hasparts></hasparts><ispartof></ispartof></parts><date>19-09-20 22:32:50:827</date><id>0</id><type>bounding_box</type><polygon><username>anonymous</username><pt><x>2372</x><y>779</y><time>19-09-20 22:32:41:964</time></pt><pt><x>3748</x><y>779</y><time>19-09-20 22:32:44:339</time></pt><pt><x>3748</x><y>2049</y><time>undefined</time></pt><pt><x>2372</x><y>2049</y><time>undefined</time></pt><closed_date>19-09-20 22:32:44:339</closed_date></polygon></object></annotation>