<annotation><filename>m1_s06_168_p_nic046.jpg</filename><folder>users/joselusava//jacob_2/168nic</folder><source><submittedBy>Jose Saca</submittedBy></source><imagesize><nrows>2736</nrows><ncols>4100</ncols></imagesize><object><name>m1_s06_168_p_nic046</name><deleted>0</deleted><verified>0</verified><occluded>no</occluded><attributes></attributes><parts><hasparts></hasparts><ispartof></ispartof></parts><date>08-09-20 23:16:43:977</date><id>0</id><type>bounding_box</type><polygon><username>anonymous</username><pt><x>2476</x><y>1107</y><time>08-09-20 23:16:42:051</time></pt><pt><x>3469</x><y>1107</y><time>08-09-20 23:16:43:543</time></pt><pt><x>3469</x><y>2632</y><time>undefined</time></pt><pt><x>2476</x><y>2632</y><time>undefined</time></pt><closed_date>08-09-20 23:16:43:544</closed_date></polygon></object></annotation>