<annotation><filename>m1_s02_029_p_ic055.jpg</filename><folder>users/joselusava//valeria/sala2_029_ic</folder><source><submittedBy>Jose Saca</submittedBy></source><imagesize><nrows>3200</nrows><ncols>4800</ncols></imagesize><object><name>m1_s02_029_p_ic055</name><deleted>0</deleted><verified>0</verified><occluded>no</occluded><attributes></attributes><parts><hasparts></hasparts><ispartof></ispartof></parts><date>22-08-20 20:00:09:712</date><id>0</id><type>bounding_box</type><polygon><username>anonymous</username><pt><x>1648</x><y>123</y><time>22-08-20 20:00:00:773</time></pt><pt><x>3227</x><y>123</y><time>22-08-20 20:00:06:274</time></pt><pt><x>3227</x><y>2518</y><time>undefined</time></pt><pt><x>1648</x><y>2518</y><time>undefined</time></pt><closed_date>22-08-20 20:00:06:275</closed_date></polygon></object></annotation>