<annotation><filename>m4_s06_089_p_ic095.jpg</filename><folder>users/joselusava//santiago_2</folder><source><submittedBy>Jose Saca</submittedBy></source><imagesize><nrows>2970</nrows><ncols>4451</ncols></imagesize><object><name>m4_s06_089_p_ic095</name><deleted>0</deleted><verified>0</verified><occluded>no</occluded><attributes></attributes><parts><hasparts></hasparts><ispartof></ispartof></parts><date>11-10-20 22:06:59:297</date><id>0</id><type>bounding_box</type><polygon><username>anonymous</username><pt><x>1248</x><y>636</y><time>11-10-20 22:06:52:883</time></pt><pt><x>2800</x><y>636</y><time>11-10-20 22:06:55:343</time></pt><pt><x>2800</x><y>2641</y><time>undefined</time></pt><pt><x>1248</x><y>2641</y><time>undefined</time></pt><closed_date>11-10-20 22:06:55:344</closed_date></polygon></object></annotation>