<annotation><filename>m3_s01_014_x.jpg</filename><folder>users/joselusava//kath/m3_x</folder><source><submittedBy>Jose Saca</submittedBy></source><imagesize><nrows>2970</nrows><ncols>4451</ncols></imagesize><object><name>m3_s01_014_x</name><deleted>0</deleted><verified>0</verified><occluded>no</occluded><attributes></attributes><parts><hasparts></hasparts><ispartof></ispartof></parts><date>08-11-20 12:35:51:087</date><id>0</id><type>bounding_box</type><polygon><username>anonymous</username><pt><x>855</x><y>2504</y><time>08-11-20 12:35:44:204</time></pt><pt><x>3624</x><y>2504</y><time>08-11-20 12:35:48:339</time></pt><pt><x>3624</x><y>543</y><time>undefined</time></pt><pt><x>855</x><y>543</y><time>undefined</time></pt><closed_date>08-11-20 12:35:48:341</closed_date></polygon></object></annotation>