<annotation><filename>m4_s06_089_p_ic010.jpg</filename><folder>users/joselusava//santiago_2</folder><source><submittedBy>Jose Saca</submittedBy></source><imagesize><nrows>2970</nrows><ncols>4451</ncols></imagesize><object><name>m4_s06_089_p_ic010</name><deleted>0</deleted><verified>0</verified><occluded>no</occluded><attributes></attributes><parts><hasparts></hasparts><ispartof></ispartof></parts><date>10-10-20 22:37:59:484</date><id>0</id><type>bounding_box</type><polygon><username>anonymous</username><pt><x>1725</x><y>513</y><time>10-10-20 22:37:54:606</time></pt><pt><x>3069</x><y>513</y><time>10-10-20 22:37:57:040</time></pt><pt><x>3069</x><y>2553</y><time>undefined</time></pt><pt><x>1725</x><y>2553</y><time>undefined</time></pt><closed_date>10-10-20 22:37:57:040</closed_date></polygon></object></annotation>