<annotation><filename>m4_s04_047_p_nic035.jpg</filename><folder>users/joselusava//kath/kath_m4_047/nic</folder><source><submittedBy>Jose Saca</submittedBy></source><imagesize><nrows>2970</nrows><ncols>4451</ncols></imagesize><object><name>m4_s04_047_p_nic035</name><deleted>0</deleted><verified>0</verified><occluded>no</occluded><attributes></attributes><parts><hasparts></hasparts><ispartof></ispartof></parts><date>24-10-20 18:35:29:029</date><id>0</id><type>bounding_box</type><polygon><username>anonymous</username><pt><x>475</x><y>230</y><time>24-10-20 18:35:22:179</time></pt><pt><x>1886</x><y>230</y><time>24-10-20 18:35:24:953</time></pt><pt><x>1886</x><y>2643</y><time>undefined</time></pt><pt><x>475</x><y>2643</y><time>undefined</time></pt><closed_date>24-10-20 18:35:24:954</closed_date></polygon></object></annotation>