<annotation><filename>m4_s10_157_p_ic016.jpg</filename><folder>users/joselusava//valeria/m04_s10_157_nic</folder><source><submittedBy>Jose Saca</submittedBy></source><imagesize><nrows>2970</nrows><ncols>4451</ncols></imagesize><object><name>m4_s10_157_p_nic016</name><deleted>0</deleted><verified>0</verified><occluded>no</occluded><attributes></attributes><parts><hasparts></hasparts><ispartof></ispartof></parts><date>12-10-20 19:13:44:106</date><id>0</id><type>bounding_box</type><polygon><username>anonymous</username><pt><x>1153</x><y>2233</y><time>12-10-20 19:13:38:327</time></pt><pt><x>2869</x><y>2233</y><time>12-10-20 19:13:40:976</time></pt><pt><x>2869</x><y>180</y><time>undefined</time></pt><pt><x>1153</x><y>180</y><time>undefined</time></pt><closed_date>12-10-20 19:13:40:976</closed_date></polygon></object></annotation>