<annotation><filename>m3_s01_010_p_ic009.jpg</filename><folder>users/joselusava//m4_js/m3/10/ic</folder><source><submittedBy>Jose Saca</submittedBy></source><imagesize><nrows>2970</nrows><ncols>4451</ncols></imagesize><object><name>m3_s01_010_p_ic009</name><deleted>0</deleted><verified>0</verified><occluded>no</occluded><attributes></attributes><parts><hasparts></hasparts><ispartof></ispartof></parts><date>29-10-20 09:43:15:263</date><id>0</id><type>bounding_box</type><polygon><username>anonymous</username><pt><x>3188</x><y>2715</y><time>29-10-20 09:43:11:943</time></pt><pt><x>989</x><y>2715</y><time>29-10-20 09:43:14:190</time></pt><pt><x>989</x><y>421</y><time>undefined</time></pt><pt><x>3188</x><y>421</y><time>undefined</time></pt><closed_date>29-10-20 09:43:14:190</closed_date></polygon></object></annotation>