<annotation><filename>m2_s01_001_p_ic032.jpg</filename><folder>users/joselusava//santiago</folder><source><submittedBy>Jose Saca</submittedBy></source><imagesize><nrows>2850</nrows><ncols>4271</ncols></imagesize><object><name>m2_s01_001_p_ic032</name><deleted>0</deleted><verified>0</verified><occluded>no</occluded><attributes></attributes><parts><hasparts></hasparts><ispartof></ispartof></parts><date>19-09-20 08:20:44:852</date><id>0</id><type>bounding_box</type><polygon><username>anonymous</username><pt><x>741</x><y>90</y><time>19-09-20 08:20:32:340</time></pt><pt><x>3139</x><y>90</y><time>19-09-20 08:20:35:320</time></pt><pt><x>3139</x><y>2824</y><time>undefined</time></pt><pt><x>741</x><y>2824</y><time>undefined</time></pt><closed_date>19-09-20 08:20:35:322</closed_date></polygon></object></annotation>