<annotation><filename>m2_s02_097_x.jpg</filename><folder>users/joselusava//m2_jsv</folder><source><submittedBy>Jose Saca</submittedBy></source><imagesize><nrows>2910</nrows><ncols>4361</ncols></imagesize><object><name>m2_s02_097_x</name><deleted>0</deleted><verified>0</verified><occluded>no</occluded><attributes></attributes><parts><hasparts></hasparts><ispartof></ispartof></parts><date>19-09-20 23:15:59:121</date><id>0</id><type>bounding_box</type><polygon><username>anonymous</username><pt><x>1001</x><y>740</y><time>19-09-20 23:15:56:676</time></pt><pt><x>3221</x><y>740</y><time>19-09-20 23:15:58:160</time></pt><pt><x>3221</x><y>2220</y><time>undefined</time></pt><pt><x>1001</x><y>2220</y><time>undefined</time></pt><closed_date>19-09-20 23:15:58:160</closed_date></polygon></object></annotation>