<annotation><filename>m1_s01_005_p_nic061.jpg</filename><folder>users/joselusava//museos2020</folder><source><submittedBy>Jose Saca</submittedBy></source><imagesize><nrows>2000</nrows><ncols>2992</ncols></imagesize><object><name>m1_s01_005_p_nic061</name><deleted>0</deleted><verified>0</verified><occluded>no</occluded><attributes></attributes><parts><hasparts></hasparts><ispartof></ispartof></parts><date>14-09-20 11:24:51:258</date><id>0</id><type>bounding_box</type><polygon><username>anonymous</username><pt><x>2374</x><y>1220</y><time>14-09-20 11:24:36:758</time></pt><pt><x>2712</x><y>1220</y><time>14-09-20 11:24:37:899</time></pt><pt><x>2712</x><y>1607</y><time>undefined</time></pt><pt><x>2374</x><y>1607</y><time>undefined</time></pt><closed_date>14-09-20 11:24:37:900</closed_date></polygon></object></annotation>