<annotation><filename>m4_s04_047_p_ic055.jpg</filename><folder>users/joselusava//kath/kath_m4_047</folder><source><submittedBy>Jose Saca</submittedBy></source><imagesize><nrows>2970</nrows><ncols>4451</ncols></imagesize><object><name>m4_s04_047_p_ic055</name><deleted>0</deleted><verified>0</verified><occluded>no</occluded><attributes></attributes><parts><hasparts></hasparts><ispartof></ispartof></parts><date>24-10-20 14:16:14:069</date><id>0</id><type>bounding_box</type><polygon><username>anonymous</username><pt><x>1418</x><y>2866</y><time>24-10-20 14:16:07:407</time></pt><pt><x>2673</x><y>2866</y><time>24-10-20 14:16:10:857</time></pt><pt><x>2673</x><y>446</y><time>undefined</time></pt><pt><x>1418</x><y>446</y><time>undefined</time></pt><closed_date>24-10-20 14:16:10:857</closed_date></polygon></object></annotation>