<annotation><filename>m4_s10_164_p_nic068.jpg</filename><folder>users/joselusava//santiago_2</folder><source><submittedBy>Jose Saca</submittedBy></source><imagesize><nrows>2970</nrows><ncols>4451</ncols></imagesize><object><name>m4_s10_164_p_nic068</name><deleted>0</deleted><verified>0</verified><occluded>no</occluded><attributes></attributes><parts><hasparts></hasparts><ispartof></ispartof></parts><date>14-10-20 16:09:06:110</date><id>0</id><type>bounding_box</type><polygon><username>anonymous</username><pt><x>3374</x><y>949</y><time>14-10-20 16:09:02:417</time></pt><pt><x>3882</x><y>949</y><time>14-10-20 16:09:03:229</time></pt><pt><x>3882</x><y>1584</y><time>undefined</time></pt><pt><x>3374</x><y>1584</y><time>undefined</time></pt><closed_date>14-10-20 16:09:03:229</closed_date></polygon></object></annotation>