<annotation><filename>m1_s02_052_p_ic022.jpg</filename><folder>users/joselusava//valeria/sala2_052_ic</folder><source><submittedBy>Jose Saca</submittedBy></source><imagesize><nrows>3200</nrows><ncols>4800</ncols></imagesize><object><name>m1_s02_052_p_ic022</name><deleted>0</deleted><verified>0</verified><occluded>no</occluded><attributes></attributes><parts><hasparts></hasparts><ispartof></ispartof></parts><date>25-08-20 17:13:55:057</date><id>0</id><type>bounding_box</type><polygon><username>anonymous</username><pt><x>207</x><y>0</y><time>25-08-20 17:13:40:709</time></pt><pt><x>4396</x><y>0</y><time>25-08-20 17:13:43:929</time></pt><pt><x>4396</x><y>2934</y><time>undefined</time></pt><pt><x>207</x><y>2934</y><time>undefined</time></pt><closed_date>25-08-20 17:13:43:930</closed_date></polygon></object></annotation>