<annotation><filename>m4_s05_055_p_nic080.jpg</filename><folder>users/joselusava//valeria/m4_s05_055_nic</folder><source><submittedBy>Jose Saca</submittedBy></source><imagesize><nrows>2910</nrows><ncols>4361</ncols></imagesize><object><name>m4_s05_055_p_nic080</name><deleted>0</deleted><verified>0</verified><occluded>no</occluded><attributes></attributes><parts><hasparts></hasparts><ispartof></ispartof></parts><date>09-10-20 18:12:03:390</date><id>0</id><type>bounding_box</type><polygon><username>anonymous</username><pt><x>369</x><y>606</y><time>09-10-20 18:11:58:757</time></pt><pt><x>1736</x><y>606</y><time>09-10-20 18:12:00:511</time></pt><pt><x>1736</x><y>2056</y><time>undefined</time></pt><pt><x>369</x><y>2056</y><time>undefined</time></pt><closed_date>09-10-20 18:12:00:511</closed_date></polygon></object></annotation>