<annotation><filename>m1_s06_144_p_ic073.jpg</filename><folder>users/joselusava//jacob_2/144ic</folder><source><submittedBy>Jose Saca</submittedBy></source><imagesize><nrows>2736</nrows><ncols>4100</ncols></imagesize><object><name>m1_s06_144_p_ic073</name><deleted>0</deleted><verified>0</verified><occluded>no</occluded><attributes></attributes><parts><hasparts></hasparts><ispartof></ispartof></parts><date>08-09-20 01:37:29:314</date><id>0</id><type>bounding_box</type><polygon><username>anonymous</username><pt><x>434</x><y>2545</y><time>08-09-20 01:37:26:391</time></pt><pt><x>3102</x><y>2545</y><time>08-09-20 01:37:28:590</time></pt><pt><x>3102</x><y>164</y><time>undefined</time></pt><pt><x>434</x><y>164</y><time>undefined</time></pt><closed_date>08-09-20 01:37:28:591</closed_date></polygon></object></annotation>