<annotation><filename>m2_s02_085_p_ic063.jpg</filename><folder>users/joselusava//m2_jsv/85/ic</folder><source><submittedBy>Jose Saca</submittedBy></source><imagesize><nrows>2910</nrows><ncols>4361</ncols></imagesize><object><name>m2_s02_085_p_ic063</name><deleted>0</deleted><verified>0</verified><occluded>no</occluded><attributes></attributes><parts><hasparts></hasparts><ispartof></ispartof></parts><date>17-09-20 19:58:35:749</date><id>0</id><type>bounding_box</type><polygon><username>anonymous</username><pt><x>1358</x><y>531</y><time>17-09-20 19:58:34:437</time></pt><pt><x>2986</x><y>531</y><time>17-09-20 19:58:35:214</time></pt><pt><x>2986</x><y>2672</y><time>undefined</time></pt><pt><x>1358</x><y>2672</y><time>undefined</time></pt><closed_date>17-09-20 19:58:35:214</closed_date></polygon></object></annotation>