<annotation><filename>m4_s02_021_p_ic037.jpg</filename><folder>users/joselusava//santiago_2</folder><source><submittedBy>Jose Saca</submittedBy></source><imagesize><nrows>3000</nrows><ncols>4496</ncols></imagesize><object><name>m4_s02_021_p_ic037</name><deleted>0</deleted><verified>0</verified><occluded>no</occluded><attributes></attributes><parts><hasparts></hasparts><ispartof></ispartof></parts><date>03-10-20 18:01:10:678</date><id>0</id><type>bounding_box</type><polygon><username>anonymous</username><pt><x>1761</x><y>436</y><time>03-10-20 18:01:07:311</time></pt><pt><x>2961</x><y>436</y><time>03-10-20 18:01:08:910</time></pt><pt><x>2961</x><y>2421</y><time>undefined</time></pt><pt><x>1761</x><y>2421</y><time>undefined</time></pt><closed_date>03-10-20 18:01:08:911</closed_date></polygon></object></annotation>