<annotation><filename>m1_s01_017_p_nic038.jpg</filename><folder>users/joselusava//santiago</folder><source><submittedBy>Jose Saca</submittedBy></source><imagesize><nrows>3200</nrows><ncols>4800</ncols></imagesize><object><name>m1_s01_017_p_nic038</name><deleted>0</deleted><verified>0</verified><occluded>no</occluded><attributes></attributes><parts><hasparts></hasparts><ispartof></ispartof></parts><date>11-09-20 19:03:02:888</date><id>0</id><type>bounding_box</type><polygon><username>anonymous</username><pt><x>1991</x><y>2462</y><time>11-09-20 19:02:55:648</time></pt><pt><x>2494</x><y>2462</y><time>11-09-20 19:02:56:714</time></pt><pt><x>2494</x><y>2793</y><time>undefined</time></pt><pt><x>1991</x><y>2793</y><time>undefined</time></pt><closed_date>11-09-20 19:02:56:715</closed_date></polygon></object></annotation>