<annotation><filename>m2_s01_054_p_nic077.jpg</filename><folder>users/joselusava//kath</folder><source><submittedBy>Jose Saca</submittedBy></source><imagesize><nrows>2850</nrows><ncols>4271</ncols></imagesize><object><name>m2_s01_054_p_nic077</name><deleted>0</deleted><verified>0</verified><occluded>no</occluded><attributes></attributes><parts><hasparts></hasparts><ispartof></ispartof></parts><date>30-09-20 22:39:17:819</date><id>0</id><polygon><username>kath</username><pt><x>1572</x><y>702</y><time>30-09-20 22:39:10:140</time></pt><pt><x>1593</x><y>2050</y><time>30-09-20 22:39:11:125</time></pt><pt><x>786</x><y>2085</y><time>30-09-20 22:39:12:263</time></pt><pt><x>442</x><y>800</y><time>30-09-20 22:39:13:412</time></pt><closed_date>30-09-20 22:39:14:581</closed_date></polygon></object></annotation>