<annotation><filename>m2_s03_201_p_ic085.jpg</filename><folder>users/joselusava//eg</folder><source><submittedBy>Jose Saca</submittedBy></source><imagesize><nrows>2910</nrows><ncols>4361</ncols></imagesize><object><name>m2_s03_201_p_ic085</name><deleted>0</deleted><verified>0</verified><occluded>no</occluded><attributes></attributes><parts><hasparts></hasparts><ispartof></ispartof></parts><date>17-09-20 07:59:24:774</date><id>0</id><type>bounding_box</type><polygon><username>anonymous</username><pt><x>831</x><y>480</y><time>17-09-20 07:59:12:609</time></pt><pt><x>3025</x><y>480</y><time>17-09-20 07:59:14:257</time></pt><pt><x>3025</x><y>2516</y><time>undefined</time></pt><pt><x>831</x><y>2516</y><time>undefined</time></pt><closed_date>17-09-20 07:59:14:259</closed_date></polygon></object></annotation>