<annotation><filename>m4_s10_154_p_ic084.jpg</filename><folder>users/joselusava//valeria/m04_s10_154_ic</folder><source><submittedBy>Jose Saca</submittedBy></source><imagesize><nrows>2970</nrows><ncols>4451</ncols></imagesize><object><name>m4_s10_154_p_ic084</name><deleted>0</deleted><verified>0</verified><occluded>no</occluded><attributes></attributes><parts><hasparts></hasparts><ispartof></ispartof></parts><date>13-10-20 23:09:50:132</date><id>0</id><type>bounding_box</type><polygon><username>anonymous</username><pt><x>948</x><y>2759</y><time>13-10-20 23:09:44:601</time></pt><pt><x>3164</x><y>2759</y><time>13-10-20 23:09:46:373</time></pt><pt><x>3164</x><y>411</y><time>undefined</time></pt><pt><x>948</x><y>411</y><time>undefined</time></pt><closed_date>13-10-20 23:09:46:375</closed_date></polygon></object></annotation>