<annotation><filename>m2_s03_201_p_ic099.jpg</filename><folder>users/joselusava//eg</folder><source><submittedBy>Jose Saca</submittedBy></source><imagesize><nrows>2910</nrows><ncols>4361</ncols></imagesize><object><name>m2_s03_201_p_ic099</name><deleted>0</deleted><verified>0</verified><occluded>no</occluded><attributes></attributes><parts><hasparts></hasparts><ispartof></ispartof></parts><date>17-09-20 08:53:54:512</date><id>0</id><type>bounding_box</type><polygon><username>anonymous</username><pt><x>889</x><y>280</y><time>17-09-20 08:53:41:268</time></pt><pt><x>3197</x><y>280</y><time>17-09-20 08:53:42:954</time></pt><pt><x>3197</x><y>2344</y><time>undefined</time></pt><pt><x>889</x><y>2344</y><time>undefined</time></pt><closed_date>17-09-20 08:53:42:956</closed_date></polygon></object></annotation>