<annotation><filename>m3_s01_013_p_ic022.jpg</filename><folder>users/joselusava//valeria/m03_s01_13_ic</folder><source><submittedBy>Jose Saca</submittedBy></source><imagesize><nrows>2970</nrows><ncols>4451</ncols></imagesize><object><name>m3_s01_013_p_ic021</name><deleted>0</deleted><verified>0</verified><occluded>no</occluded><attributes></attributes><parts><hasparts></hasparts><ispartof></ispartof></parts><date>28-10-20 22:59:51:702</date><id>0</id><type>bounding_box</type><polygon><username>anonymous</username><pt><x>4032</x><y>2879</y><time>28-10-20 22:59:45:642</time></pt><pt><x>428</x><y>2879</y><time>28-10-20 22:59:48:039</time></pt><pt><x>428</x><y>257</y><time>undefined</time></pt><pt><x>4032</x><y>257</y><time>undefined</time></pt><closed_date>28-10-20 22:59:48:042</closed_date></polygon></object></annotation>