<annotation><filename>m2_s06_248_p_nic070.jpg</filename><folder>users/joselusava//museos2020</folder><source><submittedBy>Jose Saca</submittedBy></source><imagesize><nrows>2910</nrows><ncols>4361</ncols></imagesize><object><name>m2_s06_248_p_nic070</name><deleted>0</deleted><verified>0</verified><occluded>no</occluded><attributes></attributes><parts><hasparts></hasparts><ispartof></ispartof></parts><date>27-09-20 19:22:14:804</date><id>0</id><polygon><username>anonymous</username><pt><x>1664</x><y>1873</y><time>27-09-20 19:22:05:713</time></pt><pt><x>3761</x><y>1897</y><time>27-09-20 19:22:06:895</time></pt><pt><x>3226</x><y>2640</y><time>27-09-20 19:22:07:878</time></pt><pt><x>1483</x><y>2101</y><time>27-09-20 19:22:09:110</time></pt><closed_date>27-09-20 19:22:09:784</closed_date></polygon></object></annotation>