<annotation><filename>m1_s01_001_p_nic037.jpg</filename><folder>users/joselusava//juancarlos</folder><source><submittedBy>Jose Saca</submittedBy></source><imagesize><nrows>3200</nrows><ncols>4800</ncols></imagesize><object><name>m1_s01_001_p_nic037</name><deleted>0</deleted><verified>0</verified><occluded>no</occluded><attributes></attributes><parts><hasparts></hasparts><ispartof></ispartof></parts><date>02-09-20 16:02:00:280</date><id>0</id><type>bounding_box</type><polygon><username>anonymous</username><pt><x>1691</x><y>1836</y><time>02-09-20 16:01:49:207</time></pt><pt><x>3139</x><y>1836</y><time>02-09-20 16:01:52:495</time></pt><pt><x>3139</x><y>2745</y><time>undefined</time></pt><pt><x>1691</x><y>2745</y><time>undefined</time></pt><closed_date>02-09-20 16:01:52:497</closed_date></polygon></object></annotation>