<annotation><filename>m2_s01_032_p_nic061.jpg</filename><folder>users/joselusava//santiago_2</folder><source><submittedBy>Jose Saca</submittedBy></source><imagesize><nrows>2850</nrows><ncols>4271</ncols></imagesize><object><name>m2_s01_032_p_nic061</name><deleted>0</deleted><verified>0</verified><occluded>no</occluded><attributes></attributes><parts><hasparts></hasparts><ispartof></ispartof></parts><date>30-09-20 21:03:03:299</date><id>0</id><type>bounding_box</type><polygon><username>anonymous</username><pt><x>468</x><y>1595</y><time>30-09-20 21:02:58:572</time></pt><pt><x>1242</x><y>1595</y><time>30-09-20 21:02:59:456</time></pt><pt><x>1242</x><y>2514</y><time>undefined</time></pt><pt><x>468</x><y>2514</y><time>undefined</time></pt><closed_date>30-09-20 21:02:59:457</closed_date></polygon></object></annotation>