<annotation><filename>m1_s06_144_p_ic047.jpg</filename><folder>users/joselusava//jacob_2/144ic</folder><source><submittedBy>Jose Saca</submittedBy></source><imagesize><nrows>2736</nrows><ncols>4100</ncols></imagesize><object><name>m1_s06_144_p_ic047</name><deleted>0</deleted><verified>0</verified><occluded>no</occluded><attributes></attributes><parts><hasparts></hasparts><ispartof></ispartof></parts><date>07-09-20 02:40:34:956</date><id>0</id><type>bounding_box</type><polygon><username>anonymous</username><pt><x>704</x><y>155</y><time>07-09-20 02:40:31:769</time></pt><pt><x>3568</x><y>155</y><time>07-09-20 02:40:34:141</time></pt><pt><x>3568</x><y>2488</y><time>undefined</time></pt><pt><x>704</x><y>2488</y><time>undefined</time></pt><closed_date>07-09-20 02:40:34:141</closed_date></polygon></object></annotation>