<annotation><filename>m4_s10_154_p_ic022.jpg</filename><folder>users/joselusava//valeria/m04_s10_154_ic</folder><source><submittedBy>Jose Saca</submittedBy></source><imagesize><nrows>2970</nrows><ncols>4451</ncols></imagesize><object><name>m4_s10_154_p_ic022</name><deleted>0</deleted><verified>0</verified><occluded>no</occluded><attributes></attributes><parts><hasparts></hasparts><ispartof></ispartof></parts><date>13-10-20 18:03:22:980</date><id>0</id><type>bounding_box</type><polygon><username>anonymous</username><pt><x>2736</x><y>2576</y><time>13-10-20 18:03:17:283</time></pt><pt><x>1234</x><y>2576</y><time>13-10-20 18:03:20:182</time></pt><pt><x>1234</x><y>400</y><time>undefined</time></pt><pt><x>2736</x><y>400</y><time>undefined</time></pt><closed_date>13-10-20 18:03:20:184</closed_date></polygon></object></annotation>