<annotation><filename>m1_s06_186_p_nic083.jpg</filename><folder>users/joselusava//jacob_2/186nic</folder><source><submittedBy>Jose Saca</submittedBy></source><imagesize><nrows>2736</nrows><ncols>4100</ncols></imagesize><object><name>m1_s06_186_p_nic083</name><deleted>0</deleted><verified>0</verified><occluded>no</occluded><attributes></attributes><parts><hasparts></hasparts><ispartof></ispartof></parts><date>09-09-20 23:31:56:459</date><id>0</id><type>bounding_box</type><polygon><username>anonymous</username><pt><x>1866</x><y>843</y><time>09-09-20 23:31:51:750</time></pt><pt><x>900</x><y>843</y><time>09-09-20 23:31:53:306</time></pt><pt><x>900</x><y>2553</y><time>undefined</time></pt><pt><x>1866</x><y>2553</y><time>undefined</time></pt><closed_date>09-09-20 23:31:53:306</closed_date></polygon></object></annotation>