<annotation><filename>m2_s01_054_p_nic072.jpg</filename><folder>users/joselusava//kath</folder><source><submittedBy>Jose Saca</submittedBy></source><imagesize><nrows>2850</nrows><ncols>4271</ncols></imagesize><object><name>m2_s01_054_p_nic072</name><deleted>0</deleted><verified>0</verified><occluded>no</occluded><attributes></attributes><parts><hasparts></hasparts><ispartof></ispartof></parts><date>30-09-20 20:15:26:079</date><id>0</id><type>bounding_box</type><polygon><username>anonymous</username><pt><x>323</x><y>807</y><time>30-09-20 20:14:46:761</time></pt><pt><x>1053</x><y>807</y><time>30-09-20 20:14:49:293</time></pt><pt><x>1053</x><y>2015</y><time>undefined</time></pt><pt><x>323</x><y>2015</y><time>undefined</time></pt><closed_date>30-09-20 20:14:49:294</closed_date></polygon></object></annotation>