<annotation><filename>m2_s05_236_p_ic063.jpg</filename><folder>users/joselusava//museos2020</folder><source><submittedBy>Jose Saca</submittedBy></source><imagesize><nrows>2910</nrows><ncols>4361</ncols></imagesize><object><name>m2_s05_236_p_ic063</name><deleted>0</deleted><verified>0</verified><occluded>no</occluded><attributes></attributes><parts><hasparts></hasparts><ispartof></ispartof></parts><date>16-09-20 19:05:09:710</date><id>0</id><type>bounding_box</type><polygon><username>anonymous</username><pt><x>553</x><y>121</y><time>16-09-20 19:05:01:583</time></pt><pt><x>3380</x><y>121</y><time>16-09-20 19:05:04:108</time></pt><pt><x>3380</x><y>2771</y><time>undefined</time></pt><pt><x>553</x><y>2771</y><time>undefined</time></pt><closed_date>16-09-20 19:05:04:109</closed_date></polygon></object></annotation>