<annotation><filename>m2_s06_244_p_ic042.jpg</filename><folder>users/joselusava//museos2020</folder><source><submittedBy>Jose Saca</submittedBy></source><imagesize><nrows>2910</nrows><ncols>4361</ncols></imagesize><object><name>m2_s06_244_p_ic042</name><deleted>0</deleted><verified>0</verified><occluded>no</occluded><attributes></attributes><parts><hasparts></hasparts><ispartof></ispartof></parts><date>22-09-20 13:16:08:507</date><id>0</id><type>bounding_box</type><polygon><username>anonymous</username><pt><x>1304</x><y>796</y><time>22-09-20 13:16:00:450</time></pt><pt><x>3426</x><y>796</y><time>22-09-20 13:16:01:918</time></pt><pt><x>3426</x><y>2093</y><time>undefined</time></pt><pt><x>1304</x><y>2093</y><time>undefined</time></pt><closed_date>22-09-20 13:16:01:920</closed_date></polygon></object></annotation>