<annotation><filename>m1_s10_300_x.jpg</filename><folder>users/joselusava//santiago</folder><source><submittedBy>Jose Saca</submittedBy></source><imagesize><nrows>3200</nrows><ncols>4800</ncols></imagesize><object><name>m1_s10_300_x</name><deleted>0</deleted><verified>0</verified><occluded>no</occluded><attributes></attributes><parts><hasparts></hasparts><ispartof></ispartof></parts><date>28-08-20 16:58:59:609</date><id>0</id><type>bounding_box</type><polygon><username>anonymous</username><pt><x>950</x><y>356</y><time>28-08-20 16:58:50:215</time></pt><pt><x>3776</x><y>356</y><time>28-08-20 16:58:52:240</time></pt><pt><x>3776</x><y>2865</y><time>undefined</time></pt><pt><x>950</x><y>2865</y><time>undefined</time></pt><closed_date>28-08-20 16:58:52:242</closed_date></polygon></object></annotation>