<annotation><filename>m1_s06_186_p_ic032.jpg</filename><folder>users/joselusava//jacob_2/186ic</folder><source><submittedBy>Jose Saca</submittedBy></source><imagesize><nrows>2736</nrows><ncols>4100</ncols></imagesize><object><name>s06_186_p_ic032</name><deleted>0</deleted><verified>0</verified><occluded>no</occluded><attributes></attributes><parts><hasparts></hasparts><ispartof></ispartof></parts><date>09-09-20 11:28:44:881</date><id>0</id><type>bounding_box</type><polygon><username>anonymous</username><pt><x>2480</x><y>155</y><time>09-09-20 11:28:42:097</time></pt><pt><x>1408</x><y>155</y><time>09-09-20 11:28:44:089</time></pt><pt><x>1408</x><y>2578</y><time>undefined</time></pt><pt><x>2480</x><y>2578</y><time>undefined</time></pt><closed_date>09-09-20 11:28:44:089</closed_date></polygon></object></annotation>