<annotation><filename>m3_s01_013_p_nic077.jpg</filename><folder>users/joselusava//valeria/m03_s01_13_nic</folder><source><submittedBy>Jose Saca</submittedBy></source><imagesize><nrows>2970</nrows><ncols>4451</ncols></imagesize><object><name>m3_s01_013_p_nic077</name><deleted>0</deleted><verified>0</verified><occluded>no</occluded><attributes></attributes><parts><hasparts></hasparts><ispartof></ispartof></parts><date>07-11-20 00:05:36:198</date><id>0</id><type>bounding_box</type><polygon><username>anonymous</username><pt><x>2010</x><y>2416</y><time>07-11-20 00:05:30:087</time></pt><pt><x>3827</x><y>2416</y><time>07-11-20 00:05:33:032</time></pt><pt><x>3827</x><y>103</y><time>undefined</time></pt><pt><x>2010</x><y>103</y><time>undefined</time></pt><closed_date>07-11-20 00:05:33:033</closed_date></polygon></object></annotation>