<annotation><filename>m4_s11_178_p_nic024.jpg</filename><folder>users/joselusava//santiago_2</folder><source><submittedBy>Jose Saca</submittedBy></source><imagesize><nrows>2970</nrows><ncols>4451</ncols></imagesize><object><name>m4_s11_178_p_nic024</name><deleted>0</deleted><verified>0</verified><occluded>no</occluded><attributes></attributes><parts><hasparts></hasparts><ispartof></ispartof></parts><date>15-10-20 23:12:16:865</date><id>0</id><type>bounding_box</type><polygon><username>anonymous</username><pt><x>178</x><y>1014</y><time>15-10-20 23:12:13:249</time></pt><pt><x>1571</x><y>1014</y><time>15-10-20 23:12:14:826</time></pt><pt><x>1571</x><y>2367</y><time>undefined</time></pt><pt><x>178</x><y>2367</y><time>undefined</time></pt><closed_date>15-10-20 23:12:14:827</closed_date></polygon></object></annotation>