<annotation><filename>m4_s04_047_p_ic032.jpg</filename><folder>users/joselusava//kath/kath_m4_047</folder><source><submittedBy>Jose Saca</submittedBy></source><imagesize><nrows>2970</nrows><ncols>4451</ncols></imagesize><object><name>m4_s04_047_p_ic032</name><deleted>0</deleted><verified>0</verified><occluded>no</occluded><attributes></attributes><parts><hasparts></hasparts><ispartof></ispartof></parts><date>24-10-20 13:57:01:340</date><id>0</id><type>bounding_box</type><polygon><username>anonymous</username><pt><x>1626</x><y>193</y><time>24-10-20 13:56:55:404</time></pt><pt><x>2829</x><y>193</y><time>24-10-20 13:56:58:593</time></pt><pt><x>2829</x><y>2666</y><time>undefined</time></pt><pt><x>1626</x><y>2666</y><time>undefined</time></pt><closed_date>24-10-20 13:56:58:595</closed_date></polygon></object></annotation>