<annotation><filename>m4_s03_025_p_nic068.jpg</filename><folder>users/joselusava//santiago_3</folder><source><submittedBy>Jose Saca</submittedBy></source><imagesize><nrows>2910</nrows><ncols>4361</ncols></imagesize><object><name>m4_s03_025_p_nic068</name><deleted>0</deleted><verified>0</verified><occluded>no</occluded><attributes></attributes><parts><hasparts></hasparts><ispartof></ispartof></parts><date>08-11-20 13:57:34:936</date><id>0</id><type>bounding_box</type><polygon><username>anonymous</username><pt><x>1123</x><y>1088</y><time>08-11-20 13:57:31:317</time></pt><pt><x>4085</x><y>1088</y><time>08-11-20 13:57:32:745</time></pt><pt><x>4085</x><y>2539</y><time>undefined</time></pt><pt><x>1123</x><y>2539</y><time>undefined</time></pt><closed_date>08-11-20 13:57:32:746</closed_date></polygon></object></annotation>