<annotation><filename>m4_s04_037_p_ic044.jpg</filename><folder>users/joselusava//santiago_2</folder><source><submittedBy>Jose Saca</submittedBy></source><imagesize><nrows>2970</nrows><ncols>4451</ncols></imagesize><object><name>m4_s04_037_p_ic044</name><deleted>0</deleted><verified>0</verified><occluded>no</occluded><attributes></attributes><parts><hasparts></hasparts><ispartof></ispartof></parts><date>18-10-20 17:24:38:207</date><id>0</id><type>bounding_box</type><polygon><username>anonymous</username><pt><x>1846</x><y>782</y><time>18-10-20 17:24:33:571</time></pt><pt><x>3127</x><y>782</y><time>18-10-20 17:24:35:518</time></pt><pt><x>3127</x><y>2631</y><time>undefined</time></pt><pt><x>1846</x><y>2631</y><time>undefined</time></pt><closed_date>18-10-20 17:24:35:518</closed_date></polygon></object></annotation>