<annotation><filename>m1_s01_001_p_nic010.jpg</filename><folder>users/joselusava//juancarlos</folder><source><submittedBy>Jose Saca</submittedBy></source><imagesize><nrows>3200</nrows><ncols>4800</ncols></imagesize><object><name>m1_s01_001_p_nic010</name><deleted>0</deleted><verified>0</verified><occluded>no</occluded><attributes></attributes><parts><hasparts></hasparts><ispartof></ispartof></parts><date>02-09-20 11:50:03:949</date><id>0</id><type>bounding_box</type><polygon><username>anonymous</username><pt><x>697</x><y>594</y><time>02-09-20 11:49:50:906</time></pt><pt><x>2030</x><y>594</y><time>02-09-20 11:49:54:490</time></pt><pt><x>2030</x><y>1388</y><time>undefined</time></pt><pt><x>697</x><y>1388</y><time>undefined</time></pt><closed_date>02-09-20 11:49:54:494</closed_date></polygon></object></annotation>