<annotation><filename>m4_s10_154_p_nic016.jpg</filename><folder>users/joselusava//valeria/m04_s10_154_nic</folder><source><submittedBy>Jose Saca</submittedBy></source><imagesize><nrows>2970</nrows><ncols>4451</ncols></imagesize><object><name>m4_s10_154_p_nic016</name><deleted>0</deleted><verified>0</verified><occluded>no</occluded><attributes></attributes><parts><hasparts></hasparts><ispartof></ispartof></parts><date>14-10-20 12:32:34:220</date><id>0</id><type>bounding_box</type><polygon><username>anonymous</username><pt><x>623</x><y>1970</y><time>14-10-20 12:32:20:370</time></pt><pt><x>2296</x><y>1970</y><time>14-10-20 12:32:22:828</time></pt><pt><x>2296</x><y>120</y><time>undefined</time></pt><pt><x>623</x><y>120</y><time>undefined</time></pt><closed_date>14-10-20 12:32:22:829</closed_date></polygon></object></annotation>