<annotation><filename>m2_s07_264_p_nic079.jpg</filename><folder>users/joselusava//valeria/sala7_264_nic</folder><source><submittedBy>Jose Saca</submittedBy></source><imagesize><nrows>2910</nrows><ncols>4361</ncols></imagesize><object><name>m2_s07_264_p_nic079</name><deleted>0</deleted><verified>0</verified><occluded>no</occluded><attributes></attributes><parts><hasparts></hasparts><ispartof></ispartof></parts><date>23-09-20 21:28:25:800</date><id>0</id><type>bounding_box</type><polygon><username>anonymous</username><pt><x>1758</x><y>2668</y><time>23-09-20 21:28:20:438</time></pt><pt><x>3031</x><y>2668</y><time>23-09-20 21:28:22:816</time></pt><pt><x>3031</x><y>854</y><time>undefined</time></pt><pt><x>1758</x><y>854</y><time>undefined</time></pt><closed_date>23-09-20 21:28:22:817</closed_date></polygon></object></annotation>