<annotation><filename>m1_s03-04_069_x.jpg</filename><folder>users/joselusava//valeria/sala03y04</folder><source><submittedBy>Jose Saca</submittedBy></source><imagesize><nrows>3200</nrows><ncols>4800</ncols></imagesize><object><name>m1_s03_s04_069_x</name><deleted>0</deleted><verified>0</verified><occluded>no</occluded><attributes></attributes><parts><hasparts></hasparts><ispartof></ispartof></parts><date>28-08-20 19:37:39:380</date><id>0</id><type>bounding_box</type><polygon><username>anonymous</username><pt><x>123</x><y>736</y><time>28-08-20 19:37:31:199</time></pt><pt><x>4666</x><y>736</y><time>28-08-20 19:37:34:958</time></pt><pt><x>4666</x><y>3125</y><time>undefined</time></pt><pt><x>123</x><y>3125</y><time>undefined</time></pt><closed_date>28-08-20 19:37:34:960</closed_date></polygon></object></annotation>