<annotation><filename>m1_s02_065_p_ic006.jpg</filename><folder>users/joselusava//valeria/sala2_065_ic</folder><source><submittedBy>Jose Saca</submittedBy></source><imagesize><nrows>2000</nrows><ncols>2992</ncols></imagesize><object><name>m1_s02_065_p_ic006</name><deleted>0</deleted><verified>0</verified><occluded>no</occluded><attributes></attributes><parts><hasparts></hasparts><ispartof></ispartof></parts><date>25-08-20 21:21:30:553</date><id>0</id><type>bounding_box</type><polygon><username>anonymous</username><pt><x>185</x><y>329</y><time>25-08-20 21:21:23:874</time></pt><pt><x>2872</x><y>329</y><time>25-08-20 21:21:26:775</time></pt><pt><x>2872</x><y>1866</y><time>undefined</time></pt><pt><x>185</x><y>1866</y><time>undefined</time></pt><closed_date>25-08-20 21:21:26:777</closed_date></polygon></object></annotation>