<annotation><filename>m4_s05_055_p_ic032.jpg</filename><folder>users/joselusava//valeria/m4_s05_055_ic</folder><source><submittedBy>Jose Saca</submittedBy></source><imagesize><nrows>2910</nrows><ncols>4361</ncols></imagesize><object><name>m4_s05_055_p_ic032</name><deleted>0</deleted><verified>0</verified><occluded>no</occluded><attributes></attributes><parts><hasparts></hasparts><ispartof></ispartof></parts><date>08-10-20 22:13:30:460</date><id>0</id><type>bounding_box</type><polygon><username>anonymous</username><pt><x>3153</x><y>375</y><time>08-10-20 22:13:21:042</time></pt><pt><x>1235</x><y>375</y><time>08-10-20 22:13:26:949</time></pt><pt><x>1235</x><y>2596</y><time>undefined</time></pt><pt><x>3153</x><y>2596</y><time>undefined</time></pt><closed_date>08-10-20 22:13:26:950</closed_date></polygon></object></annotation>