<annotation><filename>m3_s01_023_p_ic005.jpg</filename><folder>users/joselusava//santiago_3</folder><source><submittedBy>Jose Saca</submittedBy></source><imagesize><nrows>2970</nrows><ncols>4451</ncols></imagesize><object><name>m3_s01_023_p_ic005</name><deleted>0</deleted><verified>0</verified><occluded>no</occluded><attributes></attributes><parts><hasparts></hasparts><ispartof></ispartof></parts><date>04-11-20 18:39:42:228</date><id>0</id><type>bounding_box</type><polygon><username>anonymous</username><pt><x>792</x><y>557</y><time>04-11-20 18:39:37:788</time></pt><pt><x>3366</x><y>557</y><time>04-11-20 18:39:39:600</time></pt><pt><x>3366</x><y>2606</y><time>undefined</time></pt><pt><x>792</x><y>2606</y><time>undefined</time></pt><closed_date>04-11-20 18:39:39:600</closed_date></polygon></object></annotation>