<annotation><filename>m1_s02_052_p_ic098.jpg</filename><folder>users/joselusava//valeria/sala2_052_ic</folder><source><submittedBy>Jose Saca</submittedBy></source><imagesize><nrows>3200</nrows><ncols>4800</ncols></imagesize><object><name>m1_s02_052_p_ic098</name><deleted>0</deleted><verified>0</verified><occluded>no</occluded><attributes></attributes><parts><hasparts></hasparts><ispartof></ispartof></parts><date>25-08-20 20:33:32:447</date><id>0</id><type>bounding_box</type><polygon><username>anonymous</username><pt><x>864</x><y>123</y><time>25-08-20 20:33:25:451</time></pt><pt><x>3195</x><y>123</y><time>25-08-20 20:33:28:635</time></pt><pt><x>3195</x><y>3162</y><time>undefined</time></pt><pt><x>864</x><y>3162</y><time>undefined</time></pt><closed_date>25-08-20 20:33:28:636</closed_date></polygon></object></annotation>