<annotation><filename>m4_s05_060_p_ic09.jpg</filename><folder>users/joselusava//m4_js/60/ic</folder><source><submittedBy>Jose Saca</submittedBy></source><imagesize><nrows>2910</nrows><ncols>4361</ncols></imagesize><object><name>m4_s05_060_p_ic009</name><deleted>0</deleted><verified>0</verified><occluded>no</occluded><attributes></attributes><parts><hasparts></hasparts><ispartof></ispartof></parts><date>13-10-20 15:38:35:556</date><id>0</id><type>bounding_box</type><polygon><username>anonymous</username><pt><x>4091</x><y>2324</y><time>13-10-20 15:38:33:403</time></pt><pt><x>400</x><y>2324</y><time>13-10-20 15:38:34:877</time></pt><pt><x>400</x><y>653</y><time>undefined</time></pt><pt><x>4091</x><y>653</y><time>undefined</time></pt><closed_date>13-10-20 15:38:34:878</closed_date></polygon></object></annotation>