<annotation><filename>m2_s01_045_x.jpg</filename><folder>users/joselusava//juancarlos</folder><source><submittedBy>Jose Saca</submittedBy></source><imagesize><nrows>2850</nrows><ncols>4271</ncols></imagesize><object><name>m2_s01_045_x</name><deleted>0</deleted><verified>0</verified><occluded>no</occluded><attributes></attributes><parts><hasparts></hasparts><ispartof></ispartof></parts><date>28-09-20 11:05:56:700</date><id>0</id><type>bounding_box</type><polygon><username>anonymous</username><pt><x>1402</x><y>387</y><time>28-09-20 11:05:42:338</time></pt><pt><x>2723</x><y>387</y><time>28-09-20 11:05:49:495</time></pt><pt><x>2723</x><y>2513</y><time>undefined</time></pt><pt><x>1402</x><y>2513</y><time>undefined</time></pt><closed_date>28-09-20 11:05:49:497</closed_date></polygon></object></annotation>