<annotation><filename>m2_s03_252_p_ic061.jpg</filename><folder>users/joselusava//valeria/m2_sala03_252_ic</folder><source><submittedBy>Jose Saca</submittedBy></source><imagesize><nrows>2910</nrows><ncols>4361</ncols></imagesize><object><name>m2_s06_252_p_ic059</name><deleted>0</deleted><verified>0</verified><occluded>no</occluded><attributes/><parts><hasparts/><ispartof/></parts><date>25-09-20 23:16:47:286</date><id>0</id><type>bounding_box</type><polygon><username>anonymous</username><pt><x>739</x><y>540</y><time>25-09-20 23:16:39:950</time></pt><pt><x>3241</x><y>540</y><time>25-09-20 23:16:42:439</time></pt><pt><x>3241</x><y>2475</y><time>undefined</time></pt><pt><x>739</x><y>2475</y><time>undefined</time></pt><closed_date>25-09-20 23:16:42:440</closed_date></polygon></object><object><name>m2_s06_252_p_ic061</name><deleted>0</deleted><verified>0</verified><occluded>no</occluded><attributes></attributes><parts><hasparts></hasparts><ispartof></ispartof></parts><date>27-09-20 00:47:51:286</date><id>1</id><type>bounding_box</type><polygon><username>anonymous</username><pt><x>700</x><y>546</y><time>27-09-20 00:47:45:449</time></pt><pt><x>3252</x><y>546</y><time>27-09-20 00:47:47:926</time></pt><pt><x>3252</x><y>2475</y><time>undefined</time></pt><pt><x>700</x><y>2475</y><time>undefined</time></pt><closed_date>27-09-20 00:47:47:926</closed_date></polygon></object></annotation>