<annotation><filename>m2_s03_248_p_nic057.jpg</filename><folder>users/joselusava//museos2020</folder><source><submittedBy>Jose Saca</submittedBy></source><imagesize><nrows>2910</nrows><ncols>4361</ncols></imagesize><object><name>m2_s03_248_p_nic057</name><deleted>0</deleted><verified>0</verified><occluded>no</occluded><attributes></attributes><parts><hasparts></hasparts><ispartof></ispartof></parts><date>27-09-20 17:20:42:446</date><id>0</id><polygon><username>anonymous</username><pt><x>404</x><y>1557</y><time>27-09-20 17:20:33:451</time></pt><pt><x>2478</x><y>1557</y><time>27-09-20 17:20:34:524</time></pt><pt><x>1948</x><y>2255</y><time>27-09-20 17:20:35:489</time></pt><pt><x>214</x><y>1813</y><time>27-09-20 17:20:36:602</time></pt><closed_date>27-09-20 17:20:37:135</closed_date></polygon></object></annotation>