<annotation><filename>m4_s06_089_p_ic061.jpg</filename><folder>users/joselusava//santiago_2</folder><source><submittedBy>Jose Saca</submittedBy></source><imagesize><nrows>2970</nrows><ncols>4451</ncols></imagesize><object><name>m4_s06_089_p_ic061</name><deleted>0</deleted><verified>0</verified><occluded>no</occluded><attributes></attributes><parts><hasparts></hasparts><ispartof></ispartof></parts><date>11-10-20 18:53:55:117</date><id>0</id><type>bounding_box</type><polygon><username>anonymous</username><pt><x>1326</x><y>385</y><time>11-10-20 18:53:51:105</time></pt><pt><x>3058</x><y>385</y><time>11-10-20 18:53:52:936</time></pt><pt><x>3058</x><y>2627</y><time>undefined</time></pt><pt><x>1326</x><y>2627</y><time>undefined</time></pt><closed_date>11-10-20 18:53:52:937</closed_date></polygon></object></annotation>