<annotation><filename>m2_s02_085_p_nic075.jpg</filename><folder>users/joselusava//m2_jsv/85/nic</folder><source><submittedBy>Jose Saca</submittedBy></source><imagesize><nrows>2910</nrows><ncols>4361</ncols></imagesize><object><name>m2_s02_085_p_nic075</name><deleted>0</deleted><verified>0</verified><occluded>no</occluded><attributes></attributes><parts><hasparts></hasparts><ispartof></ispartof></parts><date>19-09-20 22:54:18:840</date><id>0</id><type>bounding_box</type><polygon><username>anonymous</username><pt><x>2298</x><y>1767</y><time>19-09-20 22:54:17:089</time></pt><pt><x>2951</x><y>1767</y><time>19-09-20 22:54:18:254</time></pt><pt><x>2951</x><y>2550</y><time>undefined</time></pt><pt><x>2298</x><y>2550</y><time>undefined</time></pt><closed_date>19-09-20 22:54:18:254</closed_date></polygon></object></annotation>