<annotation><filename>m4_s06_089_p_nic012.jpg</filename><folder>users/joselusava//santiago_2</folder><source><submittedBy>Jose Saca</submittedBy></source><imagesize><nrows>2970</nrows><ncols>4451</ncols></imagesize><object><name>m4_s06_089_p_nic012</name><deleted>0</deleted><verified>0</verified><occluded>no</occluded><attributes></attributes><parts><hasparts></hasparts><ispartof></ispartof></parts><date>12-10-20 20:42:36:740</date><id>0</id><type>bounding_box</type><polygon><username>anonymous</username><pt><x>550</x><y>378</y><time>12-10-20 20:42:32:530</time></pt><pt><x>2056</x><y>378</y><time>12-10-20 20:42:34:458</time></pt><pt><x>2056</x><y>2313</y><time>undefined</time></pt><pt><x>550</x><y>2313</y><time>undefined</time></pt><closed_date>12-10-20 20:42:34:460</closed_date></polygon></object></annotation>