<annotation><filename>m4_s09_138_p_ic086.jpg</filename><folder>users/joselusava//santiago_2</folder><source><submittedBy>Jose Saca</submittedBy></source><imagesize><nrows>2970</nrows><ncols>4451</ncols></imagesize><object><name>m4_s09_138_p_ic086</name><deleted>0</deleted><verified>0</verified><occluded>no</occluded><attributes></attributes><parts><hasparts></hasparts><ispartof></ispartof></parts><date>22-10-20 21:33:18:322</date><id>0</id><type>bounding_box</type><polygon><username>anonymous</username><pt><x>239</x><y>760</y><time>22-10-20 21:33:14:008</time></pt><pt><x>3884</x><y>760</y><time>22-10-20 21:33:15:941</time></pt><pt><x>3884</x><y>2424</y><time>undefined</time></pt><pt><x>239</x><y>2424</y><time>undefined</time></pt><closed_date>22-10-20 21:33:15:942</closed_date></polygon></object></annotation>