<annotation><filename>m4_s04_047_p_ic040.jpg</filename><folder>users/joselusava//kath/kath_m4_047</folder><source><submittedBy>Jose Saca</submittedBy></source><imagesize><nrows>2970</nrows><ncols>4451</ncols></imagesize><object><name>m4_s04_047_p_ic039</name><deleted>0</deleted><verified>0</verified><occluded>no</occluded><attributes></attributes><parts><hasparts></hasparts><ispartof></ispartof></parts><date>24-10-20 14:02:29:379</date><id>0</id><type>bounding_box</type><polygon><username>anonymous</username><pt><x>1760</x><y>252</y><time>24-10-20 14:02:25:266</time></pt><pt><x>2925</x><y>252</y><time>24-10-20 14:02:27:216</time></pt><pt><x>2925</x><y>2680</y><time>undefined</time></pt><pt><x>1760</x><y>2680</y><time>undefined</time></pt><closed_date>24-10-20 14:02:27:217</closed_date></polygon></object></annotation>