<annotation><filename>m4_s10_164_p_ic078.jpg</filename><folder>users/joselusava//santiago_2</folder><source><submittedBy>Jose Saca</submittedBy></source><imagesize><nrows>2970</nrows><ncols>4451</ncols></imagesize><object><name>m4_s10_164_p_ic078</name><deleted>0</deleted><verified>0</verified><occluded>no</occluded><attributes></attributes><parts><hasparts></hasparts><ispartof></ispartof></parts><date>13-10-20 23:03:49:912</date><id>0</id><type>bounding_box</type><polygon><username>anonymous</username><pt><x>1799</x><y>939</y><time>13-10-20 23:03:46:943</time></pt><pt><x>2527</x><y>939</y><time>13-10-20 23:03:47:862</time></pt><pt><x>2527</x><y>1896</y><time>undefined</time></pt><pt><x>1799</x><y>1896</y><time>undefined</time></pt><closed_date>13-10-20 23:03:47:863</closed_date></polygon></object></annotation>