<annotation><filename>m2_s05_236_p_nic013.jpg</filename><folder>users/joselusava//museos2020</folder><source><submittedBy>Jose Saca</submittedBy></source><imagesize><nrows>2910</nrows><ncols>4361</ncols></imagesize><object><name>m2_s05_236_p_nic013</name><deleted>0</deleted><verified>0</verified><occluded>no</occluded><attributes></attributes><parts><hasparts></hasparts><ispartof></ispartof></parts><date>17-09-20 06:49:24:040</date><id>0</id><type>bounding_box</type><polygon><username>anonymous</username><pt><x>130</x><y>274</y><time>17-09-20 06:47:14:601</time></pt><pt><x>2557</x><y>274</y><time>17-09-20 06:47:16:358</time></pt><pt><x>2557</x><y>2027</y><time>undefined</time></pt><pt><x>130</x><y>2027</y><time>undefined</time></pt><closed_date>17-09-20 06:47:16:360</closed_date></polygon></object></annotation>