<annotation><filename>m2_s07_264_p_ic096.jpg</filename><folder>users/joselusava//valeria/sala7_264_ic</folder><source><submittedBy>Jose Saca</submittedBy></source><imagesize><nrows>2910</nrows><ncols>4361</ncols></imagesize><object><name>m2_s07_264_p_ic096</name><deleted>0</deleted><verified>0</verified><occluded>no</occluded><attributes></attributes><parts><hasparts></hasparts><ispartof></ispartof></parts><date>23-09-20 19:03:26:822</date><id>0</id><type>bounding_box</type><polygon><username>anonymous</username><pt><x>1494</x><y>485</y><time>23-09-20 19:03:21:598</time></pt><pt><x>2932</x><y>485</y><time>23-09-20 19:03:23:222</time></pt><pt><x>2932</x><y>2425</y><time>undefined</time></pt><pt><x>1494</x><y>2425</y><time>undefined</time></pt><closed_date>23-09-20 19:03:23:223</closed_date></polygon></object></annotation>