<annotation><filename>m1_s01_021_p_ic038.jpg</filename><folder>users/joselusava//santiago</folder><source><submittedBy>Jose Saca</submittedBy></source><imagesize><nrows>3200</nrows><ncols>4800</ncols></imagesize><object><name>m1_s01_021_p_ic038</name><deleted>0</deleted><verified>0</verified><occluded>no</occluded><attributes></attributes><parts><hasparts></hasparts><ispartof></ispartof></parts><date>14-09-20 23:06:06:552</date><id>0</id><type>bounding_box</type><polygon><username>anonymous</username><pt><x>1814</x><y>857</y><time>14-09-20 23:05:52:740</time></pt><pt><x>3027</x><y>857</y><time>14-09-20 23:05:56:575</time></pt><pt><x>3027</x><y>2437</y><time>undefined</time></pt><pt><x>1814</x><y>2437</y><time>undefined</time></pt><closed_date>14-09-20 23:05:56:576</closed_date></polygon></object></annotation>