<annotation><filename>m4_s07_105_p_ic029.jpg</filename><folder>users/joselusava//kath/m4_105</folder><source><submittedBy>Jose Saca</submittedBy></source><imagesize><nrows>2970</nrows><ncols>4451</ncols></imagesize><object><name>m4_s07_105_p_ic029</name><deleted>0</deleted><verified>0</verified><occluded>no</occluded><attributes></attributes><parts><hasparts></hasparts><ispartof></ispartof></parts><date>29-10-20 08:05:26:191</date><id>0</id><type>bounding_box</type><polygon><username>anonymous</username><pt><x>1586</x><y>466</y><time>29-10-20 08:05:17:818</time></pt><pt><x>2739</x><y>466</y><time>29-10-20 08:05:23:158</time></pt><pt><x>2739</x><y>2696</y><time>undefined</time></pt><pt><x>1586</x><y>2696</y><time>undefined</time></pt><closed_date>29-10-20 08:05:23:159</closed_date></polygon></object></annotation>