<annotation><filename>m1_s02_065_p_ic008.jpg</filename><folder>users/joselusava//valeria/sala2_065_ic</folder><source><submittedBy>Jose Saca</submittedBy></source><imagesize><nrows>2000</nrows><ncols>2992</ncols></imagesize><object><name>m1_s02_065_p_ic008</name><deleted>0</deleted><verified>0</verified><occluded>no</occluded><attributes></attributes><parts><hasparts></hasparts><ispartof></ispartof></parts><date>25-08-20 21:28:25:118</date><id>0</id><type>bounding_box</type><polygon><username>anonymous</username><pt><x>329</x><y>148</y><time>25-08-20 21:28:13:618</time></pt><pt><x>2866</x><y>148</y><time>25-08-20 21:28:18:530</time></pt><pt><x>2866</x><y>1869</y><time>undefined</time></pt><pt><x>329</x><y>1869</y><time>undefined</time></pt><closed_date>25-08-20 21:28:18:532</closed_date></polygon></object></annotation>