<annotation><filename>m2_s03_219_p_nic011.jpg</filename><folder>users/joselusava//valeria/m2_sala03_219_nic</folder><source><submittedBy>Jose Saca</submittedBy></source><imagesize><nrows>2910</nrows><ncols>4361</ncols></imagesize><object><name>m2_s03_219_p_nic011</name><deleted>0</deleted><verified>0</verified><occluded>no</occluded><attributes></attributes><parts><hasparts></hasparts><ispartof></ispartof></parts><date>29-09-20 17:14:08:875</date><id>0</id><type>bounding_box</type><polygon><username>anonymous</username><pt><x>1890</x><y>2353</y><time>29-09-20 17:14:01:847</time></pt><pt><x>154</x><y>2353</y><time>29-09-20 17:14:05:073</time></pt><pt><x>154</x><y>700</y><time>undefined</time></pt><pt><x>1890</x><y>700</y><time>undefined</time></pt><closed_date>29-09-20 17:14:05:074</closed_date></polygon></object></annotation>