<annotation><filename>m2_s01_018_p_ic041.jpg</filename><folder>users/joselusava//santiago_2</folder><source><submittedBy>Jose Saca</submittedBy></source><imagesize><nrows>2850</nrows><ncols>4271</ncols></imagesize><object><name>m2_s01_018_p_ic041</name><deleted>0</deleted><verified>0</verified><occluded>no</occluded><attributes></attributes><parts><hasparts></hasparts><ispartof></ispartof></parts><date>28-09-20 16:27:12:639</date><id>0</id><type>bounding_box</type><polygon><username>anonymous</username><pt><x>1263</x><y>827</y><time>28-09-20 16:27:04:914</time></pt><pt><x>2687</x><y>827</y><time>28-09-20 16:27:06:704</time></pt><pt><x>2687</x><y>2465</y><time>undefined</time></pt><pt><x>1263</x><y>2465</y><time>undefined</time></pt><closed_date>28-09-20 16:27:06:705</closed_date></polygon></object></annotation>