<annotation><filename>m1_s06_186_p_nic077.jpg</filename><folder>users/joselusava//jacob_2/186nic</folder><source><submittedBy>Jose Saca</submittedBy></source><imagesize><nrows>2736</nrows><ncols>4100</ncols></imagesize><object><name>m1_s06_186_p_nic077</name><deleted>0</deleted><verified>0</verified><occluded>no</occluded><attributes></attributes><parts><hasparts></hasparts><ispartof></ispartof></parts><date>09-09-20 23:29:56:710</date><id>0</id><type>bounding_box</type><polygon><username>anonymous</username><pt><x>1669</x><y>246</y><time>09-09-20 23:29:50:309</time></pt><pt><x>679</x><y>246</y><time>09-09-20 23:29:52:072</time></pt><pt><x>679</x><y>1972</y><time>undefined</time></pt><pt><x>1669</x><y>1972</y><time>undefined</time></pt><closed_date>09-09-20 23:29:52:072</closed_date></polygon></object></annotation>