<annotation><filename>m1_s01_001_p_ic047.jpg</filename><folder>users/joselusava//juancarlos</folder><source><submittedBy>Jose Saca</submittedBy></source><imagesize><nrows>2000</nrows><ncols>2992</ncols></imagesize><object><name>m1_s01_001_p_ic046</name><deleted>0</deleted><verified>0</verified><occluded>no</occluded><attributes/><parts><hasparts/><ispartof/></parts><date>31-08-20 12:07:21:997</date><id>0</id><type>bounding_box</type><polygon><username>anonymous</username><pt><x>1026</x><y>898</y><time>31-08-20 12:07:06:631</time></pt><pt><x>1802</x><y>898</y><time>31-08-20 12:07:11:580</time></pt><pt><x>1802</x><y>1664</y><time>undefined</time></pt><pt><x>1026</x><y>1664</y><time>undefined</time></pt><closed_date>31-08-20 12:07:11:582</closed_date></polygon></object></annotation>