<annotation><filename>m2_s01_034_p_ic025.jpg</filename><folder>users/joselusava//kath</folder><source><submittedBy>Jose Saca</submittedBy></source><imagesize><nrows>2850</nrows><ncols>4271</ncols></imagesize><object><name>m2_s01_034_p_ic025</name><deleted>0</deleted><verified>0</verified><occluded>no</occluded><attributes></attributes><parts><hasparts></hasparts><ispartof></ispartof></parts><date>25-09-20 13:20:57:094</date><id>0</id><type>bounding_box</type><polygon><username>anonymous</username><pt><x>1305</x><y>203</y><time>25-09-20 13:20:46:637</time></pt><pt><x>2944</x><y>203</y><time>25-09-20 13:20:54:336</time></pt><pt><x>2944</x><y>2574</y><time>undefined</time></pt><pt><x>1305</x><y>2574</y><time>undefined</time></pt><closed_date>25-09-20 13:20:54:338</closed_date></polygon></object></annotation>