<annotation><filename>m2_s07_264_p_nic016.jpg</filename><folder>users/joselusava//valeria/sala7_264_nic</folder><source><submittedBy>Jose Saca</submittedBy></source><imagesize><nrows>2910</nrows><ncols>4361</ncols></imagesize><object><name>m2_s07_264_p_nic016</name><deleted>0</deleted><verified>0</verified><occluded>no</occluded><attributes></attributes><parts><hasparts></hasparts><ispartof></ispartof></parts><date>23-09-20 19:36:30:585</date><id>0</id><type>bounding_box</type><polygon><username>anonymous</username><pt><x>2690</x><y>1879</y><time>23-09-20 19:36:25:537</time></pt><pt><x>3891</x><y>1879</y><time>23-09-20 19:36:27:702</time></pt><pt><x>3891</x><y>127</y><time>undefined</time></pt><pt><x>2690</x><y>127</y><time>undefined</time></pt><closed_date>23-09-20 19:36:27:704</closed_date></polygon></object></annotation>