<annotation><filename>m2_s01_032_p_nic084.jpg</filename><folder>users/joselusava//santiago_2</folder><source><submittedBy>Jose Saca</submittedBy></source><imagesize><nrows>2850</nrows><ncols>4271</ncols></imagesize><object><name>m2_s01_032_p_nic084</name><deleted>0</deleted><verified>0</verified><occluded>no</occluded><attributes></attributes><parts><hasparts></hasparts><ispartof></ispartof></parts><date>30-09-20 21:22:11:637</date><id>0</id><type>bounding_box</type><polygon><username>anonymous</username><pt><x>336</x><y>299</y><time>30-09-20 21:22:08:887</time></pt><pt><x>1194</x><y>299</y><time>30-09-20 21:22:09:691</time></pt><pt><x>1194</x><y>1194</y><time>undefined</time></pt><pt><x>336</x><y>1194</y><time>undefined</time></pt><closed_date>30-09-20 21:22:09:692</closed_date></polygon></object></annotation>