<annotation><filename>m1_s06_186_p_nic022.jpg</filename><folder>users/joselusava//jacob_2/186nic</folder><source><submittedBy>Jose Saca</submittedBy></source><imagesize><nrows>2736</nrows><ncols>4100</ncols></imagesize><object><name>m1_s06_186_p_nic022</name><deleted>0</deleted><verified>0</verified><occluded>no</occluded><attributes></attributes><parts><hasparts></hasparts><ispartof></ispartof></parts><date>09-09-20 23:09:44:147</date><id>0</id><type>bounding_box</type><polygon><username>anonymous</username><pt><x>164</x><y>2643</y><time>09-09-20 23:09:42:136</time></pt><pt><x>1759</x><y>2643</y><time>09-09-20 23:09:43:491</time></pt><pt><x>1759</x><y>876</y><time>undefined</time></pt><pt><x>164</x><y>876</y><time>undefined</time></pt><closed_date>09-09-20 23:09:43:491</closed_date></polygon></object></annotation>