<annotation><filename>m4_s04_047_p_ic020.jpg</filename><folder>users/joselusava//kath/kath_m4_047</folder><source><submittedBy>Jose Saca</submittedBy></source><imagesize><nrows>2970</nrows><ncols>4451</ncols></imagesize><object><name>m4_s04_047_p_ic020</name><deleted>0</deleted><verified>0</verified><occluded>no</occluded><attributes></attributes><parts><hasparts></hasparts><ispartof></ispartof></parts><date>24-10-20 13:46:48:806</date><id>0</id><type>bounding_box</type><polygon><username>anonymous</username><pt><x>1611</x><y>238</y><time>24-10-20 13:46:36:203</time></pt><pt><x>2836</x><y>238</y><time>24-10-20 13:46:39:838</time></pt><pt><x>2836</x><y>2666</y><time>undefined</time></pt><pt><x>1611</x><y>2666</y><time>undefined</time></pt><closed_date>24-10-20 13:46:39:840</closed_date></polygon></object></annotation>