<annotation><filename>m4_s10_154_p_ic075.jpg</filename><folder>users/joselusava//valeria/m04_s10_154_ic</folder><source><submittedBy>Jose Saca</submittedBy></source><imagesize><nrows>2970</nrows><ncols>4451</ncols></imagesize><object><name>m4_s10_154_p_ic075</name><deleted>0</deleted><verified>0</verified><occluded>no</occluded><attributes></attributes><parts><hasparts></hasparts><ispartof></ispartof></parts><date>13-10-20 22:51:26:734</date><id>0</id><type>bounding_box</type><polygon><username>anonymous</username><pt><x>1045</x><y>2479</y><time>13-10-20 22:51:19:583</time></pt><pt><x>2793</x><y>2479</y><time>13-10-20 22:51:22:085</time></pt><pt><x>2793</x><y>291</y><time>undefined</time></pt><pt><x>1045</x><y>291</y><time>undefined</time></pt><closed_date>13-10-20 22:51:22:086</closed_date></polygon></object></annotation>