<annotation><filename>m4_s09_142_x.jpg</filename><folder>users/joselusava//kath/m4_x</folder><source><submittedBy>Jose Saca</submittedBy></source><imagesize><nrows>2970</nrows><ncols>4451</ncols></imagesize><object><name>m4_s09_142_x</name><deleted>0</deleted><verified>0</verified><occluded>no</occluded><attributes></attributes><parts><hasparts></hasparts><ispartof></ispartof></parts><date>21-10-20 11:52:52:992</date><id>0</id><type>bounding_box</type><polygon><username>anonymous</username><pt><x>1336</x><y>274</y><time>21-10-20 11:52:47:085</time></pt><pt><x>3177</x><y>274</y><time>21-10-20 11:52:49:382</time></pt><pt><x>3177</x><y>2634</y><time>undefined</time></pt><pt><x>1336</x><y>2634</y><time>undefined</time></pt><closed_date>21-10-20 11:52:49:383</closed_date></polygon></object></annotation>