<annotation><filename>m4_s12_186_p_nic014.jpg</filename><folder>users/joselusava//m4_js/186/nic</folder><source><submittedBy>Jose Saca</submittedBy></source><imagesize><nrows>3899</nrows><ncols>5844</ncols></imagesize><object><name>m4_s12_186_p_nic014</name><deleted>0</deleted><verified>0</verified><occluded>no</occluded><attributes></attributes><parts><hasparts></hasparts><ispartof></ispartof></parts><date>18-10-20 11:24:18:166</date><id>0</id><type>bounding_box</type><polygon><username>anonymous</username><pt><x>2111</x><y>3581</y><time>18-10-20 11:24:15:677</time></pt><pt><x>35</x><y>3581</y><time>18-10-20 11:24:17:490</time></pt><pt><x>35</x><y>373</y><time>undefined</time></pt><pt><x>2111</x><y>373</y><time>undefined</time></pt><closed_date>18-10-20 11:24:17:490</closed_date></polygon></object></annotation>