<annotation><filename>m1_s06_168_p_ic013.jpg</filename><folder>users/joselusava//jacob_2/168ic</folder><source><submittedBy>Jose Saca</submittedBy></source><imagesize><nrows>2736</nrows><ncols>4100</ncols></imagesize><object><name>m1_s06_168_p_ic013</name><deleted>0</deleted><verified>0</verified><occluded>no</occluded><attributes></attributes><parts><hasparts></hasparts><ispartof></ispartof></parts><date>08-09-20 19:42:13:540</date><id>0</id><type>bounding_box</type><polygon><username>anonymous</username><pt><x>982</x><y>2480</y><time>08-09-20 19:42:10:883</time></pt><pt><x>2905</x><y>2480</y><time>08-09-20 19:42:12:386</time></pt><pt><x>2905</x><y>319</y><time>undefined</time></pt><pt><x>982</x><y>319</y><time>undefined</time></pt><closed_date>08-09-20 19:42:12:386</closed_date></polygon></object></annotation>