<annotation><filename>m1_s02_065_p_nic084.jpg</filename><folder>users/joselusava//valeria/sala2_065_nic</folder><source><submittedBy>Jose Saca</submittedBy></source><imagesize><nrows>2000</nrows><ncols>2992</ncols></imagesize><object><name>m1_s02_065_p_nic084</name><deleted>0</deleted><verified>0</verified><occluded>no</occluded><attributes></attributes><parts><hasparts></hasparts><ispartof></ispartof></parts><date>28-08-20 00:29:20:763</date><id>0</id><type>bounding_box</type><polygon><username>anonymous</username><pt><x>2826</x><y>1604</y><time>28-08-20 00:29:14:172</time></pt><pt><x>1295</x><y>1604</y><time>28-08-20 00:29:16:602</time></pt><pt><x>1295</x><y>896</y><time>undefined</time></pt><pt><x>2826</x><y>896</y><time>undefined</time></pt><closed_date>28-08-20 00:29:16:603</closed_date></polygon></object></annotation>