<annotation><filename>m2_s01_034_p_ic052.jpg</filename><folder>users/joselusava//kath</folder><source><submittedBy>Jose Saca</submittedBy></source><imagesize><nrows>2850</nrows><ncols>4271</ncols></imagesize><object><name>m2_s01_034_p_ic052</name><deleted>0</deleted><verified>0</verified><occluded>no</occluded><attributes></attributes><parts><hasparts></hasparts><ispartof></ispartof></parts><date>25-09-20 16:08:36:980</date><id>0</id><polygon><username>anonymous</username><pt><x>1289</x><y>122</y><time>25-09-20 16:08:21:836</time></pt><pt><x>2836</x><y>86</y><time>25-09-20 16:08:24:308</time></pt><pt><x>2936</x><y>2657</y><time>25-09-20 16:08:27:176</time></pt><pt><x>1389</x><y>2685</y><time>25-09-20 16:08:28:920</time></pt><closed_date>25-09-20 16:08:31:050</closed_date></polygon></object></annotation>