<annotation><filename>m1_s02_052_p_nic028.jpg</filename><folder>users/joselusava//valeria/sala2_052_nic</folder><source><submittedBy>Jose Saca</submittedBy></source><imagesize><nrows>3200</nrows><ncols>4800</ncols></imagesize><object><name>m1_s02_052_p_nic028</name><deleted>0</deleted><verified>0</verified><occluded>no</occluded><attributes></attributes><parts><hasparts></hasparts><ispartof></ispartof></parts><date>27-08-20 15:03:52:530</date><id>0</id><type>bounding_box</type><polygon><username>anonymous</username><pt><x>4193</x><y>2813</y><time>27-08-20 15:03:31:336</time></pt><pt><x>2599</x><y>2813</y><time>27-08-20 15:03:35:405</time></pt><pt><x>2599</x><y>1095</y><time>undefined</time></pt><pt><x>4193</x><y>1095</y><time>undefined</time></pt><closed_date>27-08-20 15:03:35:406</closed_date></polygon></object></annotation>