<annotation><filename>m2_s01_034_p_nic008.jpg</filename><folder>users/joselusava//kath</folder><source><submittedBy>Jose Saca</submittedBy></source><imagesize><nrows>2850</nrows><ncols>4271</ncols></imagesize><object><name>m2_s01_034_p_nic008</name><deleted>0</deleted><verified>0</verified><occluded>no</occluded><attributes></attributes><parts><hasparts></hasparts><ispartof></ispartof></parts><date>25-09-20 17:26:04:895</date><id>0</id><type>bounding_box</type><polygon><username>anonymous</username><pt><x>1446</x><y>279</y><time>25-09-20 17:25:59:425</time></pt><pt><x>2499</x><y>279</y><time>25-09-20 17:26:02:323</time></pt><pt><x>2499</x><y>1790</y><time>undefined</time></pt><pt><x>1446</x><y>1790</y><time>undefined</time></pt><closed_date>25-09-20 17:26:02:323</closed_date></polygon></object></annotation>