<annotation><filename>m2_s05_236_p_nic005.jpg</filename><folder>users/joselusava//museos2020</folder><source><submittedBy>Jose Saca</submittedBy></source><imagesize><nrows>2910</nrows><ncols>4361</ncols></imagesize><object><name>m2_s05_236_p_nic005</name><deleted>0</deleted><verified>0</verified><occluded>no</occluded><attributes></attributes><parts><hasparts></hasparts><ispartof></ispartof></parts><date>16-09-20 20:18:24:890</date><id>0</id><type>bounding_box</type><polygon><username>anonymous</username><pt><x>1711</x><y>135</y><time>16-09-20 20:18:11:864</time></pt><pt><x>4216</x><y>135</y><time>16-09-20 20:18:13:897</time></pt><pt><x>4216</x><y>1850</y><time>undefined</time></pt><pt><x>1711</x><y>1850</y><time>undefined</time></pt><closed_date>16-09-20 20:18:13:898</closed_date></polygon></object></annotation>