<annotation><filename>m3_s01_023_p_ic003.jpg</filename><folder>users/joselusava//santiago_3</folder><source><submittedBy>Jose Saca</submittedBy></source><imagesize><nrows>2970</nrows><ncols>4451</ncols></imagesize><object><name>m3_s01_023_p_ic003</name><deleted>0</deleted><verified>0</verified><occluded>no</occluded><attributes></attributes><parts><hasparts></hasparts><ispartof></ispartof></parts><date>04-11-20 18:31:53:067</date><id>0</id><type>bounding_box</type><polygon><username>anonymous</username><pt><x>1431</x><y>350</y><time>04-11-20 18:31:49:206</time></pt><pt><x>3006</x><y>350</y><time>04-11-20 18:31:50:816</time></pt><pt><x>3006</x><y>2577</y><time>undefined</time></pt><pt><x>1431</x><y>2577</y><time>undefined</time></pt><closed_date>04-11-20 18:31:50:818</closed_date></polygon></object></annotation>