<annotation><filename>m2_s03_252_p_ic042.jpg</filename><folder>users/joselusava//valeria/m2_sala03_252_ic</folder><source><submittedBy>Jose Saca</submittedBy></source><imagesize><nrows>2910</nrows><ncols>4361</ncols></imagesize><object><name>m2_s06_252_p_ic040</name><deleted>0</deleted><verified>0</verified><occluded>no</occluded><attributes/><parts><hasparts/><ispartof/></parts><date>25-09-20 22:44:44:767</date><id>0</id><type>bounding_box</type><polygon><username>anonymous</username><pt><x>590</x><y>254</y><time>25-09-20 22:44:36:746</time></pt><pt><x>3698</x><y>254</y><time>25-09-20 22:44:41:246</time></pt><pt><x>3698</x><y>2723</y><time>undefined</time></pt><pt><x>590</x><y>2723</y><time>undefined</time></pt><closed_date>25-09-20 22:44:41:248</closed_date></polygon></object><object><name>m2_s06_252_p_ic042</name><deleted>0</deleted><verified>0</verified><occluded>no</occluded><attributes></attributes><parts><hasparts></hasparts><ispartof></ispartof></parts><date>26-09-20 23:54:15:494</date><id>1</id><type>bounding_box</type><polygon><username>anonymous</username><pt><x>568</x><y>226</y><time>26-09-20 23:54:07:562</time></pt><pt><x>3720</x><y>226</y><time>26-09-20 23:54:09:709</time></pt><pt><x>3720</x><y>2723</y><time>undefined</time></pt><pt><x>568</x><y>2723</y><time>undefined</time></pt><closed_date>26-09-20 23:54:09:709</closed_date></polygon></object></annotation>