<annotation><filename>m2_s01_034_p_nic037.jpg</filename><folder>users/joselusava//kath</folder><source><submittedBy>Jose Saca</submittedBy></source><imagesize><nrows>2850</nrows><ncols>4271</ncols></imagesize><object><name>m2_s01_034_p_nic037</name><deleted>0</deleted><verified>0</verified><occluded>no</occluded><attributes></attributes><parts><hasparts></hasparts><ispartof></ispartof></parts><date>25-09-20 19:50:33:519</date><id>0</id><type>bounding_box</type><polygon><username>anonymous</username><pt><x>387</x><y>981</y><time>25-09-20 19:50:27:448</time></pt><pt><x>1389</x><y>981</y><time>25-09-20 19:50:30:601</time></pt><pt><x>1389</x><y>2470</y><time>undefined</time></pt><pt><x>387</x><y>2470</y><time>undefined</time></pt><closed_date>25-09-20 19:50:30:601</closed_date></polygon></object></annotation>