<annotation><filename>m4_s11_178_p_ic009.jpg</filename><folder>users/joselusava//santiago_2</folder><source><submittedBy>Jose Saca</submittedBy></source><imagesize><nrows>2970</nrows><ncols>4451</ncols></imagesize><object><name>m4_s11_178_p_ic009</name><deleted>0</deleted><verified>0</verified><occluded>no</occluded><attributes></attributes><parts><hasparts></hasparts><ispartof></ispartof></parts><date>15-10-20 20:45:43:905</date><id>0</id><type>bounding_box</type><polygon><username>anonymous</username><pt><x>1492</x><y>775</y><time>15-10-20 20:45:39:465</time></pt><pt><x>2817</x><y>775</y><time>15-10-20 20:45:41:440</time></pt><pt><x>2817</x><y>2224</y><time>undefined</time></pt><pt><x>1492</x><y>2224</y><time>undefined</time></pt><closed_date>15-10-20 20:45:41:441</closed_date></polygon></object></annotation>