<annotation><filename>m3_s01_013_p_ic037.jpg</filename><folder>users/joselusava//valeria/m03_s01_13_ic</folder><source><submittedBy>Jose Saca</submittedBy></source><imagesize><nrows>2970</nrows><ncols>4451</ncols></imagesize><object><name>m3_s01_013_p_ic036</name><deleted>0</deleted><verified>0</verified><occluded>no</occluded><attributes></attributes><parts><hasparts></hasparts><ispartof></ispartof></parts><date>29-10-20 13:36:03:945</date><id>0</id><type>bounding_box</type><polygon><username>anonymous</username><pt><x>3855</x><y>2782</y><time>29-10-20 13:35:57:372</time></pt><pt><x>491</x><y>2782</y><time>29-10-20 13:36:00:318</time></pt><pt><x>491</x><y>268</y><time>undefined</time></pt><pt><x>3855</x><y>268</y><time>undefined</time></pt><closed_date>29-10-20 13:36:00:319</closed_date></polygon></object></annotation>