<annotation><filename>m2_s01_018_p_ic076.jpg</filename><folder>users/joselusava//santiago_2</folder><source><submittedBy>Jose Saca</submittedBy></source><imagesize><nrows>2850</nrows><ncols>4271</ncols></imagesize><object><name>m2_s01_018_p_ic076</name><deleted>0</deleted><verified>0</verified><occluded>no</occluded><attributes></attributes><parts><hasparts></hasparts><ispartof></ispartof></parts><date>28-09-20 18:06:29:843</date><id>0</id><type>bounding_box</type><polygon><username>anonymous</username><pt><x>1503</x><y>814</y><time>28-09-20 18:06:26:580</time></pt><pt><x>2660</x><y>814</y><time>28-09-20 18:06:27:464</time></pt><pt><x>2660</x><y>2127</y><time>undefined</time></pt><pt><x>1503</x><y>2127</y><time>undefined</time></pt><closed_date>28-09-20 18:06:27:465</closed_date></polygon></object></annotation>