<annotation><filename>m1_s01_004_p_ic066.jpg</filename><folder>users/joselusava//valeria_apoyo/sala001_004ic_ok</folder><source><submittedBy>Jose Saca</submittedBy></source><imagesize><nrows>2000</nrows><ncols>2992</ncols></imagesize><object><name>m1_s01_004_p_ic066</name><deleted>0</deleted><verified>0</verified><occluded>no</occluded><attributes></attributes><parts><hasparts></hasparts><ispartof></ispartof></parts><date>16-09-20 00:58:04:007</date><id>0</id><type>bounding_box</type><polygon><username>anonymous</username><pt><x>2833</x><y>1576</y><time>16-09-20 00:57:57:113</time></pt><pt><x>273</x><y>1576</y><time>16-09-20 00:58:00:295</time></pt><pt><x>273</x><y>564</y><time>undefined</time></pt><pt><x>2833</x><y>564</y><time>undefined</time></pt><closed_date>16-09-20 00:58:00:296</closed_date></polygon></object></annotation>