<annotation><filename>m1_s10_297_x.jpg</filename><folder>users/joselusava//santiago</folder><source><submittedBy>Jose Saca</submittedBy></source><imagesize><nrows>3200</nrows><ncols>4800</ncols></imagesize><object><name>m1_s10_297_x</name><deleted>0</deleted><verified>0</verified><occluded>no</occluded><attributes></attributes><parts><hasparts></hasparts><ispartof></ispartof></parts><date>28-08-20 16:47:09:619</date><id>0</id><type>bounding_box</type><polygon><username>anonymous</username><pt><x>1422</x><y>317</y><time>28-08-20 16:47:00:342</time></pt><pt><x>3466</x><y>317</y><time>28-08-20 16:47:03:415</time></pt><pt><x>3466</x><y>2815</y><time>undefined</time></pt><pt><x>1422</x><y>2815</y><time>undefined</time></pt><closed_date>28-08-20 16:47:03:415</closed_date></polygon></object></annotation>