<annotation><filename>m4_s06_089_p_ic021.jpg</filename><folder>users/joselusava//santiago_2</folder><source><submittedBy>Jose Saca</submittedBy></source><imagesize><nrows>2970</nrows><ncols>4451</ncols></imagesize><object><name>m4_s06_089_p_ic021</name><deleted>0</deleted><verified>0</verified><occluded>no</occluded><attributes></attributes><parts><hasparts></hasparts><ispartof></ispartof></parts><date>11-10-20 17:48:55:001</date><id>0</id><type>bounding_box</type><polygon><username>anonymous</username><pt><x>1368</x><y>446</y><time>11-10-20 17:48:51:167</time></pt><pt><x>3299</x><y>446</y><time>11-10-20 17:48:52:382</time></pt><pt><x>3299</x><y>2613</y><time>undefined</time></pt><pt><x>1368</x><y>2613</y><time>undefined</time></pt><closed_date>11-10-20 17:48:52:383</closed_date></polygon></object></annotation>