<annotation><filename>m2_s06_244_p_nic040.jpg</filename><folder>users/joselusava//museos2020</folder><source><submittedBy>Jose Saca</submittedBy></source><imagesize><nrows>2910</nrows><ncols>4361</ncols></imagesize><object><name>m2_s06_244_p_ic040</name><deleted>0</deleted><verified>0</verified><occluded>no</occluded><attributes></attributes><parts><hasparts></hasparts><ispartof></ispartof></parts><date>25-09-20 18:51:35:112</date><id>0</id><type>bounding_box</type><polygon><username>anonymous</username><pt><x>2017</x><y>335</y><time>25-09-20 18:51:27:745</time></pt><pt><x>3617</x><y>335</y><time>25-09-20 18:51:29:229</time></pt><pt><x>3617</x><y>990</y><time>undefined</time></pt><pt><x>2017</x><y>990</y><time>undefined</time></pt><closed_date>25-09-20 18:51:29:230</closed_date></polygon></object></annotation>