<annotation><filename>m2_s05_236_p_ic023.jpg</filename><folder>users/joselusava//museos2020</folder><source><submittedBy>Jose Saca</submittedBy></source><imagesize><nrows>2910</nrows><ncols>4361</ncols></imagesize><object><name>m2_s05_236_p_ic023</name><deleted>0</deleted><verified>0</verified><occluded>no</occluded><attributes></attributes><parts><hasparts></hasparts><ispartof></ispartof></parts><date>16-09-20 18:10:36:389</date><id>0</id><type>bounding_box</type><polygon><username>anonymous</username><pt><x>4067</x><y>65</y><time>16-09-20 18:10:24:288</time></pt><pt><x>186</x><y>65</y><time>16-09-20 18:10:27:377</time></pt><pt><x>186</x><y>2831</y><time>undefined</time></pt><pt><x>4067</x><y>2831</y><time>undefined</time></pt><closed_date>16-09-20 18:10:27:378</closed_date></polygon></object></annotation>