<annotation><filename>m1_s01_017_p_ic063.jpg</filename><folder>users/joselusava//santiago</folder><source><submittedBy>Jose Saca</submittedBy></source><imagesize><nrows>3200</nrows><ncols>4800</ncols></imagesize><object><name>m1_s01_017_p_ic063</name><deleted>0</deleted><verified>0</verified><occluded>no</occluded><attributes></attributes><parts><hasparts></hasparts><ispartof></ispartof></parts><date>10-09-20 22:41:05:046</date><id>0</id><type>bounding_box</type><polygon><username>anonymous</username><pt><x>1587</x><y>1202</y><time>10-09-20 22:40:55:798</time></pt><pt><x>2905</x><y>1202</y><time>10-09-20 22:40:58:348</time></pt><pt><x>2905</x><y>2163</y><time>undefined</time></pt><pt><x>1587</x><y>2163</y><time>undefined</time></pt><closed_date>10-09-20 22:40:58:349</closed_date></polygon></object></annotation>