<annotation><filename>m1_s02_065_p_ic036.jpg</filename><folder>users/joselusava//valeria/sala2_065_ic</folder><source><submittedBy>Jose Saca</submittedBy></source><imagesize><nrows>2000</nrows><ncols>2992</ncols></imagesize><object><name>m1_s02_065_p_ic036</name><deleted>0</deleted><verified>0</verified><occluded>no</occluded><attributes></attributes><parts><hasparts></hasparts><ispartof></ispartof></parts><date>25-08-20 22:48:18:664</date><id>0</id><type>bounding_box</type><polygon><username>anonymous</username><pt><x>81</x><y>131</y><time>25-08-20 22:48:11:796</time></pt><pt><x>2628</x><y>131</y><time>25-08-20 22:48:15:479</time></pt><pt><x>2628</x><y>1718</y><time>undefined</time></pt><pt><x>81</x><y>1718</y><time>undefined</time></pt><closed_date>25-08-20 22:48:15:480</closed_date></polygon></object></annotation>