<annotation><filename>m1_s06_141_p_ic019.jpg</filename><folder>users/joselusava//jacob_2/141ic</folder><source><submittedBy>Jose Saca</submittedBy></source><imagesize><nrows>2736</nrows><ncols>4100</ncols></imagesize><object><name>m1_s06_141_p_ic019</name><deleted>0</deleted><verified>0</verified><occluded>no</occluded><attributes></attributes><parts><hasparts></hasparts><ispartof></ispartof></parts><date>04-09-20 17:19:42:815</date><id>0</id><type>bounding_box</type><polygon><username>anonymous</username><pt><x>1097</x><y>246</y><time>04-09-20 17:19:40:354</time></pt><pt><x>2881</x><y>246</y><time>04-09-20 17:19:42:145</time></pt><pt><x>2881</x><y>2447</y><time>undefined</time></pt><pt><x>1097</x><y>2447</y><time>undefined</time></pt><closed_date>04-09-20 17:19:42:145</closed_date></polygon></object></annotation>