<annotation><filename>m2_s06_244_p_ic067.jpg</filename><folder>users/joselusava//museos2020</folder><source><submittedBy>Jose Saca</submittedBy></source><imagesize><nrows>2910</nrows><ncols>4361</ncols></imagesize><object><name>m2_s06_244_p_ic067</name><deleted>0</deleted><verified>0</verified><occluded>no</occluded><attributes></attributes><parts><hasparts></hasparts><ispartof></ispartof></parts><date>22-09-20 14:44:37:778</date><id>0</id><type>bounding_box</type><polygon><username>anonymous</username><pt><x>817</x><y>1211</y><time>22-09-20 14:44:26:213</time></pt><pt><x>3770</x><y>1211</y><time>22-09-20 14:44:29:539</time></pt><pt><x>3770</x><y>2344</y><time>undefined</time></pt><pt><x>817</x><y>2344</y><time>undefined</time></pt><closed_date>22-09-20 14:44:29:541</closed_date></polygon></object></annotation>