<annotation><filename>m2_s02_190_p_ic044.jpg</filename><folder>users/joselusava//m2_jsv/190/ic</folder><source><submittedBy>Jose Saca</submittedBy></source><imagesize><nrows>2910</nrows><ncols>4361</ncols></imagesize><object><name>m2_s02_190_p_ic044</name><deleted>0</deleted><verified>0</verified><occluded>no</occluded><attributes></attributes><parts><hasparts></hasparts><ispartof></ispartof></parts><date>21-09-20 14:23:10:312</date><id>0</id><type>bounding_box</type><polygon><username>anonymous</username><pt><x>1361</x><y>642</y><time>21-09-20 14:23:08:084</time></pt><pt><x>3087</x><y>642</y><time>21-09-20 14:23:09:624</time></pt><pt><x>3087</x><y>2844</y><time>undefined</time></pt><pt><x>1361</x><y>2844</y><time>undefined</time></pt><closed_date>21-09-20 14:23:09:624</closed_date></polygon></object></annotation>