<annotation><filename>m3_s01_013_p_ic046.jpg</filename><folder>users/joselusava//valeria/m03_s01_13_ic</folder><source><submittedBy>Jose Saca</submittedBy></source><imagesize><nrows>2970</nrows><ncols>4451</ncols></imagesize><object><name>m3_s01_013_p_ic045</name><deleted>0</deleted><verified>0</verified><occluded>no</occluded><attributes></attributes><parts><hasparts></hasparts><ispartof></ispartof></parts><date>29-10-20 13:51:35:964</date><id>0</id><type>bounding_box</type><polygon><username>anonymous</username><pt><x>3861</x><y>2776</y><time>29-10-20 13:51:29:044</time></pt><pt><x>463</x><y>2776</y><time>29-10-20 13:51:32:338</time></pt><pt><x>463</x><y>291</y><time>undefined</time></pt><pt><x>3861</x><y>291</y><time>undefined</time></pt><closed_date>29-10-20 13:51:32:340</closed_date></polygon></object></annotation>