<annotation><filename>m2_s03_219_p_nic099.jpg</filename><folder>users/joselusava//valeria/m2_sala03_219_nic</folder><source><submittedBy>Jose Saca</submittedBy></source><imagesize><nrows>2910</nrows><ncols>4361</ncols></imagesize><object><name>m2_s03_219_p_nic099</name><deleted>0</deleted><verified>0</verified><occluded>no</occluded><attributes></attributes><parts><hasparts></hasparts><ispartof></ispartof></parts><date>29-09-20 19:59:20:775</date><id>0</id><type>bounding_box</type><polygon><username>anonymous</username><pt><x>777</x><y>2111</y><time>29-09-20 19:59:15:281</time></pt><pt><x>2359</x><y>2111</y><time>29-09-20 19:59:17:398</time></pt><pt><x>2359</x><y>457</y><time>undefined</time></pt><pt><x>777</x><y>457</y><time>undefined</time></pt><closed_date>29-09-20 19:59:17:398</closed_date></polygon></object></annotation>