<annotation><filename>m2_s01_019_x.jpg</filename><folder>users/joselusava//santiago</folder><source><submittedBy>Jose Saca</submittedBy></source><imagesize><nrows>2850</nrows><ncols>4271</ncols></imagesize><object><name>m2_s01_018_x</name><deleted>0</deleted><verified>0</verified><occluded>no</occluded><attributes></attributes><parts><hasparts></hasparts><ispartof></ispartof></parts><date>21-09-20 13:41:55:865</date><id>0</id><type>bounding_box</type><polygon><username>anonymous</username><pt><x>1513</x><y>167</y><time>21-09-20 13:41:44:088</time></pt><pt><x>2911</x><y>167</y><time>21-09-20 13:41:47:552</time></pt><pt><x>2911</x><y>2475</y><time>undefined</time></pt><pt><x>1513</x><y>2475</y><time>undefined</time></pt><closed_date>21-09-20 13:41:47:553</closed_date></polygon></object></annotation>