<annotation><filename>m2_s07_264_p_nic003.jpg</filename><folder>users/joselusava//valeria/sala7_264_nic</folder><source><submittedBy>Jose Saca</submittedBy></source><imagesize><nrows>2910</nrows><ncols>4361</ncols></imagesize><object><name>m2_s07_264_p_nic003</name><deleted>0</deleted><verified>0</verified><occluded>no</occluded><attributes></attributes><parts><hasparts></hasparts><ispartof></ispartof></parts><date>23-09-20 19:16:04:443</date><id>0</id><type>bounding_box</type><polygon><username>anonymous</username><pt><x>176</x><y>2304</y><time>23-09-20 19:15:58:723</time></pt><pt><x>1510</x><y>2304</y><time>23-09-20 19:16:01:667</time></pt><pt><x>1510</x><y>595</y><time>undefined</time></pt><pt><x>176</x><y>595</y><time>undefined</time></pt><closed_date>23-09-20 19:16:01:668</closed_date></polygon></object></annotation>