<annotation><filename>m4_s10_154_p_nic089.jpg</filename><folder>users/joselusava//valeria/m04_s10_154_nic</folder><source><submittedBy>Jose Saca</submittedBy></source><imagesize><nrows>2970</nrows><ncols>4451</ncols></imagesize><object><name>m4_s10_154_p_nic089</name><deleted>0</deleted><verified>0</verified><occluded>no</occluded><attributes></attributes><parts><hasparts></hasparts><ispartof></ispartof></parts><date>14-10-20 15:59:36:478</date><id>0</id><type>bounding_box</type><polygon><username>anonymous</username><pt><x>406</x><y>2365</y><time>14-10-20 15:59:31:133</time></pt><pt><x>1833</x><y>2365</y><time>14-10-20 15:59:33:421</time></pt><pt><x>1833</x><y>605</y><time>undefined</time></pt><pt><x>406</x><y>605</y><time>undefined</time></pt><closed_date>14-10-20 15:59:33:422</closed_date></polygon></object></annotation>