<annotation><filename>m1_s06_178_x.jpg</filename><folder>users/joselusava//jacob_2/sala6</folder><source><submittedBy>Jose Saca</submittedBy></source><imagesize><nrows>2736</nrows><ncols>4100</ncols></imagesize><object><name>m1_s06_178_x</name><deleted>0</deleted><verified>0</verified><occluded>no</occluded><attributes></attributes><parts><hasparts></hasparts><ispartof></ispartof></parts><date>06-09-20 01:50:37:653</date><id>0</id><type>bounding_box</type><polygon><username>anonymous</username><pt><x>897</x><y>2559</y><time>06-09-20 01:50:34:887</time></pt><pt><x>3179</x><y>2559</y><time>06-09-20 01:50:36:905</time></pt><pt><x>3179</x><y>139</y><time>undefined</time></pt><pt><x>897</x><y>139</y><time>undefined</time></pt><closed_date>06-09-20 01:50:36:906</closed_date></polygon></object></annotation>