<annotation><filename>m4_s10_157_p_ic069.jpg</filename><folder>users/joselusava//valeria/m04_s10_157_nic</folder><source><submittedBy>Jose Saca</submittedBy></source><imagesize><nrows>2970</nrows><ncols>4451</ncols></imagesize><object><name>m4_s10_157_p_nic069</name><deleted>0</deleted><verified>0</verified><occluded>no</occluded><attributes></attributes><parts><hasparts></hasparts><ispartof></ispartof></parts><date>12-10-20 21:33:29:778</date><id>0</id><type>bounding_box</type><polygon><username>anonymous</username><pt><x>298</x><y>2829</y><time>12-10-20 21:33:15:179</time></pt><pt><x>2183</x><y>2829</y><time>12-10-20 21:33:17:209</time></pt><pt><x>2183</x><y>765</y><time>undefined</time></pt><pt><x>298</x><y>765</y><time>undefined</time></pt><closed_date>12-10-20 21:33:17:210</closed_date></polygon></object></annotation>