<annotation><filename>m2_s06_250_p_nic033.jpg</filename><folder>users/joselusava//m2_jsv/250</folder><source><submittedBy>Jose Saca</submittedBy></source><imagesize><nrows>2910</nrows><ncols>4361</ncols></imagesize><object><name>m2_s06_250_p_nic033</name><deleted>0</deleted><verified>0</verified><occluded>no</occluded><attributes></attributes><parts><hasparts></hasparts><ispartof></ispartof></parts><date>30-09-20 11:36:39:292</date><id>0</id><type>bounding_box</type><polygon><username>anonymous</username><pt><x>4039</x><y>2907</y><time>30-09-20 11:36:37:256</time></pt><pt><x>1071</x><y>2907</y><time>30-09-20 11:36:38:573</time></pt><pt><x>1071</x><y>1506</y><time>undefined</time></pt><pt><x>4039</x><y>1506</y><time>undefined</time></pt><closed_date>30-09-20 11:36:38:574</closed_date></polygon></object></annotation>