<annotation><filename>m1_s01_005_p_nic050.jpg</filename><folder>users/joselusava//museos2020</folder><source><submittedBy>Jose Saca</submittedBy></source><imagesize><nrows>2000</nrows><ncols>2992</ncols></imagesize><object><name>m1_s01_005_p_nic050</name><deleted>0</deleted><verified>0</verified><occluded>no</occluded><attributes></attributes><parts><hasparts></hasparts><ispartof></ispartof></parts><date>14-09-20 11:13:44:195</date><id>0</id><type>bounding_box</type><polygon><username>anonymous</username><pt><x>310</x><y>1192</y><time>14-09-20 11:13:28:912</time></pt><pt><x>649</x><y>1192</y><time>14-09-20 11:13:30:116</time></pt><pt><x>649</x><y>1530</y><time>undefined</time></pt><pt><x>310</x><y>1530</y><time>undefined</time></pt><closed_date>14-09-20 11:13:30:116</closed_date></polygon></object></annotation>