<annotation><filename>m1_s06_141_p_ic002.jpg</filename><folder>users/joselusava//jacob_2/141ic</folder><source><submittedBy>Jose Saca</submittedBy></source><imagesize><nrows>2736</nrows><ncols>4100</ncols></imagesize><object><name>m1_s06_141_p_ic002</name><deleted>0</deleted><verified>0</verified><occluded>no</occluded><attributes></attributes><parts><hasparts></hasparts><ispartof></ispartof></parts><date>04-09-20 17:13:25:052</date><id>0</id><type>bounding_box</type><polygon><username>anonymous</username><pt><x>1522</x><y>2275</y><time>04-09-20 17:13:21:930</time></pt><pt><x>2406</x><y>2275</y><time>04-09-20 17:13:24:110</time></pt><pt><x>2406</x><y>352</y><time>undefined</time></pt><pt><x>1522</x><y>352</y><time>undefined</time></pt><closed_date>04-09-20 17:13:24:110</closed_date></polygon></object></annotation>