<annotation><filename>m1_s06_144_p_ic052.jpg</filename><folder>users/joselusava//jacob_2/144ic</folder><source><submittedBy>Jose Saca</submittedBy></source><imagesize><nrows>2736</nrows><ncols>4100</ncols></imagesize><object><name>m1_s06_144_p_ic052</name><deleted>0</deleted><verified>0</verified><occluded>no</occluded><attributes></attributes><parts><hasparts></hasparts><ispartof></ispartof></parts><date>07-09-20 02:42:43:736</date><id>0</id><type>bounding_box</type><polygon><username>anonymous</username><pt><x>499</x><y>98</y><time>07-09-20 02:42:40:206</time></pt><pt><x>3609</x><y>98</y><time>07-09-20 02:42:41:824</time></pt><pt><x>3609</x><y>2594</y><time>undefined</time></pt><pt><x>499</x><y>2594</y><time>undefined</time></pt><closed_date>07-09-20 02:42:41:824</closed_date></polygon></object></annotation>