<annotation><filename>m2_s02_190_p_nic086.jpg</filename><folder>users/joselusava//m2_jsv/190/nic</folder><source><submittedBy>Jose Saca</submittedBy></source><imagesize><nrows>2910</nrows><ncols>4361</ncols></imagesize><object><name>m2_s02_190_p_nic086</name><deleted>0</deleted><verified>0</verified><occluded>no</occluded><attributes></attributes><parts><hasparts></hasparts><ispartof></ispartof></parts><date>21-09-20 16:12:25:595</date><id>0</id><type>bounding_box</type><polygon><username>anonymous</username><pt><x>1341</x><y>2115</y><time>21-09-20 16:12:23:751</time></pt><pt><x>461</x><y>2115</y><time>21-09-20 16:12:25:014</time></pt><pt><x>461</x><y>897</y><time>undefined</time></pt><pt><x>1341</x><y>897</y><time>undefined</time></pt><closed_date>21-09-20 16:12:25:014</closed_date></polygon></object></annotation>