<annotation><filename>m3_s01_023_p_nic037.jpg</filename><folder>users/joselusava//santiago_3</folder><source><submittedBy>Jose Saca</submittedBy></source><imagesize><nrows>2970</nrows><ncols>4451</ncols></imagesize><object><name>m3_s01_023_p_nic037</name><deleted>0</deleted><verified>0</verified><occluded>no</occluded><attributes></attributes><parts><hasparts></hasparts><ispartof></ispartof></parts><date>06-11-20 09:26:59:538</date><id>0</id><type>bounding_box</type><polygon><username>anonymous</username><pt><x>1888</x><y>900</y><time>06-11-20 09:26:51:605</time></pt><pt><x>3602</x><y>900</y><time>06-11-20 09:26:53:474</time></pt><pt><x>3602</x><y>2802</y><time>undefined</time></pt><pt><x>1888</x><y>2802</y><time>undefined</time></pt><closed_date>06-11-20 09:26:53:476</closed_date></polygon></object></annotation>