<annotation><filename>m2_s05_236_p_ic100.jpg</filename><folder>users/joselusava//museos2020</folder><source><submittedBy>Jose Saca</submittedBy></source><imagesize><nrows>2910</nrows><ncols>4361</ncols></imagesize><object><name>m2_s05_236_p_ic100</name><deleted>0</deleted><verified>0</verified><occluded>no</occluded><attributes></attributes><parts><hasparts></hasparts><ispartof></ispartof></parts><date>16-09-20 19:37:23:457</date><id>0</id><type>bounding_box</type><polygon><username>anonymous</username><pt><x>753</x><y>470</y><time>16-09-20 19:37:17:390</time></pt><pt><x>3412</x><y>470</y><time>16-09-20 19:37:18:416</time></pt><pt><x>3412</x><y>2617</y><time>undefined</time></pt><pt><x>753</x><y>2617</y><time>undefined</time></pt><closed_date>16-09-20 19:37:18:418</closed_date></polygon></object></annotation>