<annotation><filename>m2_s03_252_p_ic096.jpg</filename><folder>users/joselusava//valeria/m2_sala03_252_ic</folder><source><submittedBy>Jose Saca</submittedBy></source><imagesize><nrows>2910</nrows><ncols>4361</ncols></imagesize><object><name>m2_s06_252_p_ic096</name><deleted>0</deleted><verified>0</verified><occluded>no</occluded><attributes></attributes><parts><hasparts></hasparts><ispartof></ispartof></parts><date>27-09-20 13:44:43:931</date><id>0</id><type>bounding_box</type><polygon><username>anonymous</username><pt><x>590</x><y>391</y><time>27-09-20 13:44:38:151</time></pt><pt><x>3775</x><y>391</y><time>27-09-20 13:44:40:273</time></pt><pt><x>3775</x><y>2486</y><time>undefined</time></pt><pt><x>590</x><y>2486</y><time>undefined</time></pt><closed_date>27-09-20 13:44:40:274</closed_date></polygon></object></annotation>