<annotation><filename>m4_s04_039_p_nic022.jpg</filename><folder>users/joselusava//santiago_2</folder><source><submittedBy>Jose Saca</submittedBy></source><imagesize><nrows>2970</nrows><ncols>4451</ncols></imagesize><object><name>m4_s04_039_p_nic022</name><deleted>0</deleted><verified>0</verified><occluded>no</occluded><attributes></attributes><parts><hasparts></hasparts><ispartof></ispartof></parts><date>21-10-20 21:03:32:851</date><id>0</id><type>bounding_box</type><polygon><username>anonymous</username><pt><x>746</x><y>485</y><time>21-10-20 21:03:28:271</time></pt><pt><x>1510</x><y>485</y><time>21-10-20 21:03:30:494</time></pt><pt><x>1510</x><y>2909</y><time>undefined</time></pt><pt><x>746</x><y>2909</y><time>undefined</time></pt><closed_date>21-10-20 21:03:30:494</closed_date></polygon></object></annotation>