<annotation><filename>m2_s06_248_p_nic086.jpg</filename><folder>users/joselusava//museos2020</folder><source><submittedBy>Jose Saca</submittedBy></source><imagesize><nrows>2910</nrows><ncols>4361</ncols></imagesize><object><name>m2_s06_248_p_nic086</name><deleted>0</deleted><verified>0</verified><occluded>no</occluded><attributes></attributes><parts><hasparts></hasparts><ispartof></ispartof></parts><date>27-09-20 21:35:33:181</date><id>0</id><polygon><username>anonymous</username><pt><x>1390</x><y>860</y><time>27-09-20 21:35:24:286</time></pt><pt><x>3300</x><y>544</y><time>27-09-20 21:35:25:449</time></pt><pt><x>3496</x><y>795</y><time>27-09-20 21:35:26:379</time></pt><pt><x>1943</x><y>1734</y><time>27-09-20 21:35:27:394</time></pt><closed_date>27-09-20 21:35:28:356</closed_date></polygon></object></annotation>