<annotation><filename>m4_s02_021_p_ic039.jpg</filename><folder>users/joselusava//santiago_2</folder><source><submittedBy>Jose Saca</submittedBy></source><imagesize><nrows>3000</nrows><ncols>4496</ncols></imagesize><object><name>m4_s02_021_p_ic039</name><deleted>0</deleted><verified>0</verified><occluded>no</occluded><attributes></attributes><parts><hasparts></hasparts><ispartof></ispartof></parts><date>03-10-20 18:02:31:842</date><id>0</id><type>bounding_box</type><polygon><username>anonymous</username><pt><x>1604</x><y>471</y><time>03-10-20 18:02:28:736</time></pt><pt><x>2868</x><y>471</y><time>03-10-20 18:02:30:195</time></pt><pt><x>2868</x><y>2496</y><time>undefined</time></pt><pt><x>1604</x><y>2496</y><time>undefined</time></pt><closed_date>03-10-20 18:02:30:197</closed_date></polygon></object></annotation>