<annotation><filename>m2_s05_236_p_ic005.jpg</filename><folder>users/joselusava//museos2020</folder><source><submittedBy>Jose Saca</submittedBy></source><imagesize><nrows>2910</nrows><ncols>4361</ncols></imagesize><object><name>m2_s05_236_p_ic005</name><deleted>0</deleted><verified>0</verified><occluded>no</occluded><attributes></attributes><parts><hasparts></hasparts><ispartof></ispartof></parts><date>16-09-20 17:51:31:384</date><id>0</id><type>bounding_box</type><polygon><username>anonymous</username><pt><x>553</x><y>46</y><time>16-09-20 17:51:22:041</time></pt><pt><x>4030</x><y>46</y><time>16-09-20 17:51:25:662</time></pt><pt><x>4030</x><y>2887</y><time>undefined</time></pt><pt><x>553</x><y>2887</y><time>undefined</time></pt><closed_date>16-09-20 17:51:25:663</closed_date></polygon></object></annotation>