<annotation><filename>m1_s02_036_p_ic021.jpg</filename><folder>users/joselusava//valeria/sala2_036_ic</folder><source><submittedBy>Jose Saca</submittedBy></source><imagesize><nrows>3200</nrows><ncols>4800</ncols></imagesize><object><name>m1_s01_036_p_ic021</name><deleted>0</deleted><verified>0</verified><occluded>no</occluded><attributes></attributes><parts><hasparts></hasparts><ispartof></ispartof></parts><date>23-08-20 01:48:49:340</date><id>0</id><type>bounding_box</type><polygon><username>anonymous</username><pt><x>1294</x><y>532</y><time>23-08-20 01:48:42:216</time></pt><pt><x>3205</x><y>532</y><time>23-08-20 01:48:45:163</time></pt><pt><x>3205</x><y>2475</y><time>undefined</time></pt><pt><x>1294</x><y>2475</y><time>undefined</time></pt><closed_date>23-08-20 01:48:45:164</closed_date></polygon></object></annotation>