<annotation><filename>m2_s06_244_p_nic091.jpg</filename><folder>users/joselusava//museos2020</folder><source><submittedBy>Jose Saca</submittedBy></source><imagesize><nrows>2910</nrows><ncols>4361</ncols></imagesize><object><name>m2_s06_244_p_ic091</name><deleted>0</deleted><verified>0</verified><occluded>no</occluded><attributes></attributes><parts><hasparts></hasparts><ispartof></ispartof></parts><date>26-09-20 22:03:06:132</date><id>0</id><type>bounding_box</type><polygon><username>anonymous</username><pt><x>284</x><y>1106</y><time>26-09-20 22:02:56:062</time></pt><pt><x>1832</x><y>1106</y><time>26-09-20 22:02:59:945</time></pt><pt><x>1832</x><y>1827</y><time>undefined</time></pt><pt><x>284</x><y>1827</y><time>undefined</time></pt><closed_date>26-09-20 22:02:59:945</closed_date></polygon></object></annotation>