<annotation><filename>m1_s06_141_p_ic042.jpg</filename><folder>users/joselusava//jacob_2/141ic</folder><source><submittedBy>Jose Saca</submittedBy></source><imagesize><nrows>2736</nrows><ncols>4100</ncols></imagesize><object><name>m1_s06_141_p_ic042</name><deleted>0</deleted><verified>0</verified><occluded>no</occluded><attributes></attributes><parts><hasparts></hasparts><ispartof></ispartof></parts><date>04-09-20 22:38:55:561</date><id>0</id><type>bounding_box</type><polygon><username>anonymous</username><pt><x>1260</x><y>2578</y><time>04-09-20 22:38:53:366</time></pt><pt><x>2717</x><y>2578</y><time>04-09-20 22:38:54:692</time></pt><pt><x>2717</x><y>319</y><time>undefined</time></pt><pt><x>1260</x><y>319</y><time>undefined</time></pt><closed_date>04-09-20 22:38:54:692</closed_date></polygon></object></annotation>