<annotation><filename>m2_s01_058_p_ic055.jpg</filename><folder>users/joselusava//m2_jsv/58/ic</folder><source><submittedBy>Jose Saca</submittedBy></source><imagesize><nrows>2850</nrows><ncols>4271</ncols></imagesize><object><name>m2_s01_058_p_ic055</name><deleted>0</deleted><verified>0</verified><occluded>no</occluded><attributes></attributes><parts><hasparts></hasparts><ispartof></ispartof></parts><date>29-09-20 13:27:20:645</date><id>0</id><type>bounding_box</type><polygon><username>anonymous</username><pt><x>645</x><y>144</y><time>29-09-20 13:27:18:411</time></pt><pt><x>3600</x><y>144</y><time>29-09-20 13:27:19:621</time></pt><pt><x>3600</x><y>2564</y><time>undefined</time></pt><pt><x>645</x><y>2564</y><time>undefined</time></pt><closed_date>29-09-20 13:27:19:621</closed_date></polygon></object></annotation>