<annotation><filename>m1_s06_168_p_ic080.jpg</filename><folder>users/joselusava//jacob_2/168ic</folder><source><submittedBy>Jose Saca</submittedBy></source><imagesize><nrows>2736</nrows><ncols>4100</ncols></imagesize><object><name>m1_s06_168_p_ic080</name><deleted>0</deleted><verified>0</verified><occluded>no</occluded><attributes></attributes><parts><hasparts></hasparts><ispartof></ispartof></parts><date>08-09-20 22:48:51:549</date><id>0</id><type>bounding_box</type><polygon><username>anonymous</username><pt><x>1105</x><y>2455</y><time>08-09-20 22:48:48:686</time></pt><pt><x>2897</x><y>2455</y><time>08-09-20 22:48:50:733</time></pt><pt><x>2897</x><y>434</y><time>undefined</time></pt><pt><x>1105</x><y>434</y><time>undefined</time></pt><closed_date>08-09-20 22:48:50:733</closed_date></polygon></object></annotation>