<annotation><filename>m2_s03_231_x.jpg</filename><folder>users/joselusava//museos2020</folder><source><submittedBy>Jose Saca</submittedBy></source><imagesize><nrows>2910</nrows><ncols>4361</ncols></imagesize><object><name>m2_s03_231_x</name><deleted>0</deleted><verified>0</verified><occluded>no</occluded><attributes></attributes><parts><hasparts></hasparts><ispartof></ispartof></parts><date>16-09-20 15:04:12:760</date><id>0</id><type>bounding_box</type><polygon><username>anonymous</username><pt><x>521</x><y>465</y><time>16-09-20 15:04:01:239</time></pt><pt><x>3696</x><y>465</y><time>16-09-20 15:04:04:445</time></pt><pt><x>3696</x><y>2533</y><time>undefined</time></pt><pt><x>521</x><y>2533</y><time>undefined</time></pt><closed_date>16-09-20 15:04:04:446</closed_date></polygon></object></annotation>