<annotation><filename>m2_s06_250_p_ic021.jpg</filename><folder>users/joselusava//valeria/m2_sala06_250_ic</folder><source><submittedBy>Jose Saca</submittedBy></source><imagesize><nrows>2910</nrows><ncols>4361</ncols></imagesize><object><name>m2_s06_250_p_ic021</name><deleted>0</deleted><verified>0</verified><occluded>no</occluded><attributes></attributes><parts><hasparts></hasparts><ispartof></ispartof></parts><date>30-09-20 22:19:25:196</date><id>0</id><type>bounding_box</type><polygon><username>anonymous</username><pt><x>193</x><y>2348</y><time>30-09-20 22:19:19:875</time></pt><pt><x>4145</x><y>2348</y><time>30-09-20 22:19:21:682</time></pt><pt><x>4145</x><y>1207</y><time>undefined</time></pt><pt><x>193</x><y>1207</y><time>undefined</time></pt><closed_date>30-09-20 22:19:21:683</closed_date></polygon></object></annotation>