<annotation><filename>m2_s01_018_p_nic090.jpg</filename><folder>users/joselusava//santiago_2</folder><source><submittedBy>Jose Saca</submittedBy></source><imagesize><nrows>2850</nrows><ncols>4271</ncols></imagesize><object><name>m2_s01_018_p_nic090</name><deleted>0</deleted><verified>0</verified><occluded>no</occluded><attributes></attributes><parts><hasparts></hasparts><ispartof></ispartof></parts><date>29-09-20 19:10:01:573</date><id>0</id><type>bounding_box</type><polygon><username>anonymous</username><pt><x>1215</x><y>1885</y><time>29-09-20 19:09:58:907</time></pt><pt><x>1818</x><y>1885</y><time>29-09-20 19:09:59:562</time></pt><pt><x>1818</x><y>2561</y><time>undefined</time></pt><pt><x>1215</x><y>2561</y><time>undefined</time></pt><closed_date>29-09-20 19:09:59:563</closed_date></polygon></object></annotation>