<annotation><filename>m3_s01_018_p_nic095.jpg</filename><folder>users/joselusava//m4_js/18/nic</folder><source><submittedBy>Jose Saca</submittedBy></source><imagesize><nrows>2970</nrows><ncols>4451</ncols></imagesize><object><name>m3_s01_018_p_nic095</name><deleted>0</deleted><verified>0</verified><occluded>no</occluded><attributes></attributes><parts><hasparts></hasparts><ispartof></ispartof></parts><date>05-11-20 18:22:03:110</date><id>0</id><type>bounding_box</type><polygon><username>anonymous</username><pt><x>21</x><y>73</y><time>05-11-20 18:22:00:383</time></pt><pt><x>3247</x><y>73</y><time>05-11-20 18:22:02:189</time></pt><pt><x>3247</x><y>2957</y><time>undefined</time></pt><pt><x>21</x><y>2957</y><time>undefined</time></pt><closed_date>05-11-20 18:22:02:189</closed_date></polygon></object></annotation>