<annotation><filename>m2_s01_054_p_nic068.jpg</filename><folder>users/joselusava//kath</folder><source><submittedBy>Jose Saca</submittedBy></source><imagesize><nrows>2850</nrows><ncols>4271</ncols></imagesize><object><name>m2_s01_054_p_nic068</name><deleted>0</deleted><verified>0</verified><occluded>no</occluded><attributes></attributes><parts><hasparts></hasparts><ispartof></ispartof></parts><date>30-09-20 20:04:24:850</date><id>0</id><type>bounding_box</type><polygon><username>anonymous</username><pt><x>2085</x><y>337</y><time>30-09-20 20:04:02:779</time></pt><pt><x>1334</x><y>337</y><time>30-09-20 20:04:05:872</time></pt><pt><x>1334</x><y>1495</y><time>undefined</time></pt><pt><x>2085</x><y>1495</y><time>undefined</time></pt><closed_date>30-09-20 20:04:05:874</closed_date></polygon></object></annotation>