<annotation><filename>m4_s04_045_p_ic005.jpg</filename><folder>users/joselusava//valeria/m04_s04_45_ic</folder><source><submittedBy>Jose Saca</submittedBy></source><imagesize><nrows>2970</nrows><ncols>4451</ncols></imagesize><object><name>m4_s04_045_p_ic005</name><deleted>0</deleted><verified>0</verified><occluded>no</occluded><attributes></attributes><parts><hasparts></hasparts><ispartof></ispartof></parts><date>19-10-20 18:54:02:925</date><id>0</id><type>bounding_box</type><polygon><username>anonymous</username><pt><x>1811</x><y>2130</y><time>19-10-20 18:53:57:844</time></pt><pt><x>2684</x><y>2130</y><time>19-10-20 18:53:59:830</time></pt><pt><x>2684</x><y>703</y><time>undefined</time></pt><pt><x>1811</x><y>703</y><time>undefined</time></pt><closed_date>19-10-20 18:53:59:831</closed_date></polygon></object></annotation>