<annotation><filename>m4_s07_100_x.jpg</filename><folder>users/joselusava//kath/m4_x</folder><source><submittedBy>Jose Saca</submittedBy></source><imagesize><nrows>2970</nrows><ncols>4451</ncols></imagesize><object><name>m4_s07_100_x</name><deleted>0</deleted><verified>0</verified><occluded>no</occluded><attributes></attributes><parts><hasparts></hasparts><ispartof></ispartof></parts><date>21-10-20 11:04:08:175</date><id>0</id><polygon><username>anonymous</username><pt><x>913</x><y>159</y><time>21-10-20 11:04:00:812</time></pt><pt><x>793</x><y>2768</y><time>21-10-20 11:04:01:907</time></pt><pt><x>3628</x><y>2735</y><time>21-10-20 11:04:02:927</time></pt><pt><x>3518</x><y>221</y><time>21-10-20 11:04:04:086</time></pt><closed_date>21-10-20 11:04:05:528</closed_date></polygon></object></annotation>