<annotation><filename>m4_s04_047_p_ic053.jpg</filename><folder>users/joselusava//kath/kath_m4_047</folder><source><submittedBy>Jose Saca</submittedBy></source><imagesize><nrows>2970</nrows><ncols>4451</ncols></imagesize><object><name>m4_s04_047_p_ic053</name><deleted>0</deleted><verified>0</verified><occluded>no</occluded><attributes></attributes><parts><hasparts></hasparts><ispartof></ispartof></parts><date>24-10-20 14:14:52:638</date><id>0</id><type>bounding_box</type><polygon><username>anonymous</username><pt><x>2822</x><y>2807</y><time>24-10-20 14:14:46:040</time></pt><pt><x>1537</x><y>2807</y><time>24-10-20 14:14:49:437</time></pt><pt><x>1537</x><y>319</y><time>undefined</time></pt><pt><x>2822</x><y>319</y><time>undefined</time></pt><closed_date>24-10-20 14:14:49:438</closed_date></polygon></object></annotation>