<annotation><filename>m4_s07_105_p_ic057.jpg</filename><folder>users/joselusava//kath/m4_105</folder><source><submittedBy>Jose Saca</submittedBy></source><imagesize><nrows>2970</nrows><ncols>4451</ncols></imagesize><object><name>m4_s07_105_p_ic057</name><deleted>0</deleted><verified>0</verified><occluded>no</occluded><attributes></attributes><parts><hasparts></hasparts><ispartof></ispartof></parts><date>29-10-20 08:26:35:995</date><id>0</id><type>bounding_box</type><polygon><username>anonymous</username><pt><x>1740</x><y>2686</y><time>29-10-20 08:26:30:666</time></pt><pt><x>2951</x><y>2686</y><time>29-10-20 08:26:32:337</time></pt><pt><x>2951</x><y>67</y><time>undefined</time></pt><pt><x>1740</x><y>67</y><time>undefined</time></pt><closed_date>29-10-20 08:26:32:338</closed_date></polygon></object></annotation>