<annotation><filename>m4_s11_178_p_nic029.jpg</filename><folder>users/joselusava//santiago_2</folder><source><submittedBy>Jose Saca</submittedBy></source><imagesize><nrows>2970</nrows><ncols>4451</ncols></imagesize><object><name>m4_s11_178_p_nic029</name><deleted>0</deleted><verified>0</verified><occluded>no</occluded><attributes></attributes><parts><hasparts></hasparts><ispartof></ispartof></parts><date>15-10-20 23:15:51:136</date><id>0</id><type>bounding_box</type><polygon><username>anonymous</username><pt><x>721</x><y>1353</y><time>15-10-20 23:15:46:917</time></pt><pt><x>2003</x><y>1353</y><time>15-10-20 23:15:49:115</time></pt><pt><x>2003</x><y>2717</y><time>undefined</time></pt><pt><x>721</x><y>2717</y><time>undefined</time></pt><closed_date>15-10-20 23:15:49:117</closed_date></polygon></object></annotation>