<annotation><filename>img_m1_s03-04_101_p_nic085.jpg</filename><folder>users/joselusava//valeria/sala3y4_101_nic</folder><source><submittedBy>Jose Saca</submittedBy></source><imagesize><nrows>3200</nrows><ncols>4800</ncols></imagesize><object><name>m1_s03_s04_101_p_nic085</name><deleted>0</deleted><verified>0</verified><occluded>no</occluded><attributes></attributes><parts><hasparts></hasparts><ispartof></ispartof></parts><date>30-08-20 01:16:12:236</date><id>0</id><type>bounding_box</type><polygon><username>anonymous</username><pt><x>3073</x><y>1661</y><time>30-08-20 01:16:05:641</time></pt><pt><x>0</x><y>1661</y><time>30-08-20 01:16:08:416</time></pt><pt><x>0</x><y>339</y><time>undefined</time></pt><pt><x>3073</x><y>339</y><time>undefined</time></pt><closed_date>30-08-20 01:16:08:417</closed_date></polygon></object></annotation>