<annotation><filename>m2_s01_058_p_nic004.jpg</filename><folder>users/joselusava//m2_jsv/58/nic</folder><source><submittedBy>Jose Saca</submittedBy></source><imagesize><nrows>2850</nrows><ncols>4271</ncols></imagesize><object><name>m2_s01_058_p_nic004</name><deleted>0</deleted><verified>0</verified><occluded>no</occluded><attributes></attributes><parts><hasparts></hasparts><ispartof></ispartof></parts><date>29-09-20 21:12:16:216</date><id>0</id><type>bounding_box</type><polygon><username>anonymous</username><pt><x>2464</x><y>384</y><time>29-09-20 21:12:14:553</time></pt><pt><x>4271</x><y>384</y><time>29-09-20 21:12:15:465</time></pt><pt><x>4271</x><y>1901</y><time>undefined</time></pt><pt><x>2464</x><y>1901</y><time>undefined</time></pt><closed_date>29-09-20 21:12:15:466</closed_date></polygon></object></annotation>