<annotation><filename>m4_s11_178_p_nic083.jpg</filename><folder>users/joselusava//santiago_2</folder><source><submittedBy>Jose Saca</submittedBy></source><imagesize><nrows>2970</nrows><ncols>4451</ncols></imagesize><object><name>m4_s11_178_p_nic083</name><deleted>0</deleted><verified>0</verified><occluded>no</occluded><attributes></attributes><parts><hasparts></hasparts><ispartof></ispartof></parts><date>16-10-20 11:42:37:722</date><id>0</id><type>bounding_box</type><polygon><username>anonymous</username><pt><x>2806</x><y>928</y><time>16-10-20 11:42:33:912</time></pt><pt><x>3837</x><y>928</y><time>16-10-20 11:42:35:112</time></pt><pt><x>3837</x><y>2060</y><time>undefined</time></pt><pt><x>2806</x><y>2060</y><time>undefined</time></pt><closed_date>16-10-20 11:42:35:113</closed_date></polygon></object></annotation>