<annotation><filename>m4_s07_099_x.jpg</filename><folder>users/joselusava//kath/m4_x</folder><source><submittedBy>Jose Saca</submittedBy></source><imagesize><nrows>2970</nrows><ncols>4451</ncols></imagesize><object><name>m4_s07_099_x</name><deleted>0</deleted><verified>0</verified><occluded>no</occluded><attributes></attributes><parts><hasparts></hasparts><ispartof></ispartof></parts><date>21-10-20 11:02:05:274</date><id>0</id><polygon><username>anonymous</username><pt><x>740</x><y>159</y><time>21-10-20 11:01:55:997</time></pt><pt><x>644</x><y>2802</y><time>21-10-20 11:01:58:429</time></pt><pt><x>3571</x><y>2662</y><time>21-10-20 11:02:00:195</time></pt><pt><x>3431</x><y>197</y><time>21-10-20 11:02:01:348</time></pt><closed_date>21-10-20 11:02:02:848</closed_date></polygon></object></annotation>