<annotation><filename>m2_s02_129_p_nic012.jpg</filename><folder>users/joselusava//m2_jsv/129/nic</folder><source><submittedBy>Jose Saca</submittedBy></source><imagesize><nrows>2910</nrows><ncols>4361</ncols></imagesize><object><name>m2_s02_129_p_nic012</name><deleted>0</deleted><verified>0</verified><occluded>no</occluded><attributes></attributes><parts><hasparts></hasparts><ispartof></ispartof></parts><date>24-09-20 19:47:34:557</date><id>0</id><type>bounding_box</type><polygon><username>anonymous</username><pt><x>2281</x><y>1114</y><time>24-09-20 19:47:32:496</time></pt><pt><x>1175</x><y>1114</y><time>24-09-20 19:47:33:458</time></pt><pt><x>1175</x><y>96</y><time>undefined</time></pt><pt><x>2281</x><y>96</y><time>undefined</time></pt><closed_date>24-09-20 19:47:33:459</closed_date></polygon></object></annotation>