<annotation><filename>m1_s01_021_p_nic036.jpg</filename><folder>users/joselusava//santiago</folder><source><submittedBy>Jose Saca</submittedBy></source><imagesize><nrows>3200</nrows><ncols>4800</ncols></imagesize><object><name>m1_s01_021_p_nic036</name><deleted>0</deleted><verified>0</verified><occluded>no</occluded><attributes></attributes><parts><hasparts></hasparts><ispartof></ispartof></parts><date>15-09-20 16:21:44:572</date><id>0</id><type>bounding_box</type><polygon><username>anonymous</username><pt><x>529</x><y>1141</y><time>15-09-20 16:21:36:118</time></pt><pt><x>1127</x><y>1141</y><time>15-09-20 16:21:38:166</time></pt><pt><x>1127</x><y>1829</y><time>undefined</time></pt><pt><x>529</x><y>1829</y><time>undefined</time></pt><closed_date>15-09-20 16:21:38:168</closed_date></polygon></object></annotation>