<annotation><filename>m2_s01_054_p_nic048.jpg</filename><folder>users/joselusava//kath</folder><source><submittedBy>Jose Saca</submittedBy></source><imagesize><nrows>2850</nrows><ncols>4271</ncols></imagesize><object><name>m2_s01_054_p_nic048</name><deleted>0</deleted><verified>0</verified><occluded>no</occluded><attributes></attributes><parts><hasparts></hasparts><ispartof></ispartof></parts><date>30-09-20 11:39:15:875</date><id>0</id><type>bounding_box</type><polygon><username>anonymous</username><pt><x>2808</x><y>1390</y><time>30-09-20 11:39:10:681</time></pt><pt><x>3608</x><y>1390</y><time>30-09-20 11:39:12:975</time></pt><pt><x>3608</x><y>2548</y><time>undefined</time></pt><pt><x>2808</x><y>2548</y><time>undefined</time></pt><closed_date>30-09-20 11:39:12:975</closed_date></polygon></object></annotation>