<annotation><filename>m1_s02_029_p_nic082.jpg</filename><folder>users/joselusava//valeria/sala2_029_nic</folder><source><submittedBy>Jose Saca</submittedBy></source><imagesize><nrows>3200</nrows><ncols>4800</ncols></imagesize><object><name>m1_s02_029_p_nic082</name><deleted>0</deleted><verified>0</verified><occluded>no</occluded><attributes></attributes><parts><hasparts></hasparts><ispartof></ispartof></parts><date>26-08-20 20:52:33:778</date><id>0</id><type>bounding_box</type><polygon><username>anonymous</username><pt><x>290</x><y>999</y><time>26-08-20 20:52:26:318</time></pt><pt><x>1348</x><y>999</y><time>26-08-20 20:52:30:075</time></pt><pt><x>1348</x><y>2158</y><time>undefined</time></pt><pt><x>290</x><y>2158</y><time>undefined</time></pt><closed_date>26-08-20 20:52:30:077</closed_date></polygon></object></annotation>