<annotation><filename>m2_s01_001_p_nic086.jpg</filename><folder>users/joselusava//santiago</folder><source><submittedBy>Jose Saca</submittedBy></source><imagesize><nrows>2850</nrows><ncols>4271</ncols></imagesize><object><name>m2_s01_001_p_nic086</name><deleted>0</deleted><verified>0</verified><occluded>no</occluded><attributes></attributes><parts><hasparts></hasparts><ispartof></ispartof></parts><date>19-09-20 23:37:04:382</date><id>0</id><type>bounding_box</type><polygon><username>anonymous</username><pt><x>1529</x><y>917</y><time>19-09-20 23:36:56:030</time></pt><pt><x>3360</x><y>917</y><time>19-09-20 23:36:57:821</time></pt><pt><x>3360</x><y>2549</y><time>undefined</time></pt><pt><x>1529</x><y>2549</y><time>undefined</time></pt><closed_date>19-09-20 23:36:57:822</closed_date></polygon></object></annotation>