<annotation><filename>m4_s09_138_p_ic055.jpg</filename><folder>users/joselusava//santiago_2</folder><source><submittedBy>Jose Saca</submittedBy></source><imagesize><nrows>2970</nrows><ncols>4451</ncols></imagesize><object><name>m4_s09_138_p_ic055</name><deleted>0</deleted><verified>0</verified><occluded>no</occluded><attributes></attributes><parts><hasparts></hasparts><ispartof></ispartof></parts><date>22-10-20 16:45:46:859</date><id>0</id><type>bounding_box</type><polygon><username>anonymous</username><pt><x>293</x><y>771</y><time>22-10-20 16:45:42:931</time></pt><pt><x>4230</x><y>771</y><time>22-10-20 16:45:44:475</time></pt><pt><x>4230</x><y>2656</y><time>undefined</time></pt><pt><x>293</x><y>2656</y><time>undefined</time></pt><closed_date>22-10-20 16:45:44:475</closed_date></polygon></object></annotation>