<annotation><filename>m4_s09_141_x.jpg</filename><folder>users/joselusava//kath/m4_x</folder><source><submittedBy>Jose Saca</submittedBy></source><imagesize><nrows>2970</nrows><ncols>4451</ncols></imagesize><object><name>m4_s09_141_x</name><deleted>0</deleted><verified>0</verified><occluded>no</occluded><attributes></attributes><parts><hasparts></hasparts><ispartof></ispartof></parts><date>21-10-20 11:51:47:940</date><id>0</id><polygon><username>anonymous</username><pt><x>1374</x><y>264</y><time>21-10-20 11:51:40:272</time></pt><pt><x>1370</x><y>2658</y><time>21-10-20 11:51:41:677</time></pt><pt><x>2879</x><y>2614</y><time>21-10-20 11:51:43:125</time></pt><pt><x>2821</x><y>269</y><time>21-10-20 11:51:44:378</time></pt><closed_date>21-10-20 11:51:45:588</closed_date></polygon></object></annotation>