<annotation><filename>m4_s05_055_p_ic089.jpg</filename><folder>users/joselusava//valeria/m4_s05_055_ic</folder><source><submittedBy>Jose Saca</submittedBy></source><imagesize><nrows>2910</nrows><ncols>4361</ncols></imagesize><object><name>m4_s05_055_p_ic089</name><deleted>0</deleted><verified>0</verified><occluded>no</occluded><attributes></attributes><parts><hasparts></hasparts><ispartof></ispartof></parts><date>09-10-20 14:26:28:821</date><id>0</id><type>bounding_box</type><polygon><username>anonymous</username><pt><x>2943</x><y>617</y><time>09-10-20 14:26:23:600</time></pt><pt><x>1213</x><y>617</y><time>09-10-20 14:26:26:047</time></pt><pt><x>1213</x><y>2557</y><time>undefined</time></pt><pt><x>2943</x><y>2557</y><time>undefined</time></pt><closed_date>09-10-20 14:26:26:047</closed_date></polygon></object></annotation>