<annotation><filename>m2_s01_018_p_ic082.jpg</filename><folder>users/joselusava//santiago_2</folder><source><submittedBy>Jose Saca</submittedBy></source><imagesize><nrows>2850</nrows><ncols>4271</ncols></imagesize><object><name>m2_s01_018_p_ic082</name><deleted>0</deleted><verified>0</verified><occluded>no</occluded><attributes></attributes><parts><hasparts></hasparts><ispartof></ispartof></parts><date>28-09-20 18:14:38:625</date><id>0</id><type>bounding_box</type><polygon><username>anonymous</username><pt><x>1613</x><y>747</y><time>28-09-20 18:14:35:537</time></pt><pt><x>2674</x><y>747</y><time>28-09-20 18:14:36:409</time></pt><pt><x>2674</x><y>2132</y><time>undefined</time></pt><pt><x>1613</x><y>2132</y><time>undefined</time></pt><closed_date>28-09-20 18:14:36:410</closed_date></polygon></object></annotation>