<annotation><filename>m2_s01_054_p_ic054.jpg</filename><folder>users/joselusava//kath</folder><source><submittedBy>Jose Saca</submittedBy></source><imagesize><nrows>2850</nrows><ncols>4271</ncols></imagesize><object><name>m2_s01_054_p_ic054</name><deleted>0</deleted><verified>0</verified><occluded>no</occluded><attributes></attributes><parts><hasparts></hasparts><ispartof></ispartof></parts><date>29-09-20 23:34:46:120</date><id>0</id><type>bounding_box</type><polygon><username>anonymous</username><pt><x>1228</x><y>183</y><time>29-09-20 23:34:39:674</time></pt><pt><x>2990</x><y>183</y><time>29-09-20 23:34:42:709</time></pt><pt><x>2990</x><y>2689</y><time>undefined</time></pt><pt><x>1228</x><y>2689</y><time>undefined</time></pt><closed_date>29-09-20 23:34:42:709</closed_date></polygon></object></annotation>