<annotation><filename>m2_s01_056_p_ic042.jpg</filename><folder>users/joselusava//m2_jsv/56/ic</folder><source><submittedBy>Jose Saca</submittedBy></source><imagesize><nrows>2850</nrows><ncols>4271</ncols></imagesize><object><name>m2_s01_056_p_ic042</name><deleted>0</deleted><verified>0</verified><occluded>no</occluded><attributes></attributes><parts><hasparts></hasparts><ispartof></ispartof></parts><date>28-09-20 21:39:45:901</date><id>0</id><type>bounding_box</type><polygon><username>anonymous</username><pt><x>3227</x><y>2751</y><time>28-09-20 21:39:43:740</time></pt><pt><x>1206</x><y>2751</y><time>28-09-20 21:39:45:054</time></pt><pt><x>1206</x><y>68</y><time>undefined</time></pt><pt><x>3227</x><y>68</y><time>undefined</time></pt><closed_date>28-09-20 21:39:45:055</closed_date></polygon></object></annotation>