<annotation><filename>m4_s02_021_p_ic043.jpg</filename><folder>users/joselusava//santiago_2</folder><source><submittedBy>Jose Saca</submittedBy></source><imagesize><nrows>2910</nrows><ncols>4361</ncols></imagesize><object><name>m4_s02_021_p_ic043</name><deleted>0</deleted><verified>0</verified><occluded>no</occluded><attributes></attributes><parts><hasparts></hasparts><ispartof></ispartof></parts><date>03-10-20 18:07:45:922</date><id>0</id><type>bounding_box</type><polygon><username>anonymous</username><pt><x>1521</x><y>468</y><time>03-10-20 18:07:41:877</time></pt><pt><x>2931</x><y>468</y><time>03-10-20 18:07:43:903</time></pt><pt><x>2931</x><y>2498</y><time>undefined</time></pt><pt><x>1521</x><y>2498</y><time>undefined</time></pt><closed_date>03-10-20 18:07:43:905</closed_date></polygon></object></annotation>