<annotation><filename>m2_s01_001_p_nic003.jpg</filename><folder>users/joselusava//santiago</folder><source><submittedBy>Jose Saca</submittedBy></source><imagesize><nrows>2850</nrows><ncols>4271</ncols></imagesize><object><name>m2_s01_001_p_nic003</name><deleted>0</deleted><verified>0</verified><occluded>no</occluded><attributes></attributes><parts><hasparts></hasparts><ispartof></ispartof></parts><date>19-09-20 21:43:12:421</date><id>0</id><type>bounding_box</type><polygon><username>anonymous</username><pt><x>2076</x><y>587</y><time>19-09-20 21:43:03:889</time></pt><pt><x>3691</x><y>587</y><time>19-09-20 21:43:06:231</time></pt><pt><x>3691</x><y>2304</y><time>undefined</time></pt><pt><x>2076</x><y>2304</y><time>undefined</time></pt><closed_date>19-09-20 21:43:06:232</closed_date></polygon></object></annotation>