<annotation><filename>m2_s01_054_p_ic059.jpg</filename><folder>users/joselusava//kath</folder><source><submittedBy>Jose Saca</submittedBy></source><imagesize><nrows>2850</nrows><ncols>4271</ncols></imagesize><object><name>m2_s01_054_p_ic059</name><deleted>0</deleted><verified>0</verified><occluded>no</occluded><attributes></attributes><parts><hasparts></hasparts><ispartof></ispartof></parts><date>29-09-20 23:39:04:201</date><id>0</id><type>bounding_box</type><polygon><username>anonymous</username><pt><x>2850</x><y>133</y><time>29-09-20 23:38:57:011</time></pt><pt><x>1278</x><y>133</y><time>29-09-20 23:39:01:002</time></pt><pt><x>1278</x><y>2436</y><time>undefined</time></pt><pt><x>2850</x><y>2436</y><time>undefined</time></pt><closed_date>29-09-20 23:39:01:003</closed_date></polygon></object></annotation>