<annotation><filename>m3_s01_010_p_ic026.jpg</filename><folder>users/joselusava//m4_js/m3/10/ic</folder><source><submittedBy>Jose Saca</submittedBy></source><imagesize><nrows>2970</nrows><ncols>4451</ncols></imagesize><object><name>m3_s01_010_p_ic026</name><deleted>0</deleted><verified>0</verified><occluded>no</occluded><attributes></attributes><parts><hasparts></hasparts><ispartof></ispartof></parts><date>29-10-20 11:07:49:152</date><id>0</id><type>bounding_box</type><polygon><username>anonymous</username><pt><x>4217</x><y>2662</y><time>29-10-20 11:07:46:604</time></pt><pt><x>447</x><y>2662</y><time>29-10-20 11:07:48:525</time></pt><pt><x>447</x><y>138</y><time>undefined</time></pt><pt><x>4217</x><y>138</y><time>undefined</time></pt><closed_date>29-10-20 11:07:48:525</closed_date></polygon></object></annotation>