<annotation><filename>m4_s02_021_p_ic074.jpg</filename><folder>users/joselusava//santiago_2</folder><source><submittedBy>Jose Saca</submittedBy></source><imagesize><nrows>3000</nrows><ncols>4496</ncols></imagesize><object><name>m4_s02_021_p_ic074</name><deleted>0</deleted><verified>0</verified><occluded>no</occluded><attributes></attributes><parts><hasparts></hasparts><ispartof></ispartof></parts><date>04-10-20 19:26:16:851</date><id>0</id><type>bounding_box</type><polygon><username>anonymous</username><pt><x>1511</x><y>146</y><time>04-10-20 19:26:08:099</time></pt><pt><x>2800</x><y>146</y><time>04-10-20 19:26:09:411</time></pt><pt><x>2800</x><y>2554</y><time>undefined</time></pt><pt><x>1511</x><y>2554</y><time>undefined</time></pt><closed_date>04-10-20 19:26:09:412</closed_date></polygon></object></annotation>