<annotation><filename>m3_s01_002_p_nic053.jpg</filename><folder>users/joselusava//santiago_3</folder><source><submittedBy>Jose Saca</submittedBy></source><imagesize><nrows>2970</nrows><ncols>4451</ncols></imagesize><object><name>m3_s01_002_p_nic053</name><deleted>0</deleted><verified>0</verified><occluded>no</occluded><attributes></attributes><parts><hasparts></hasparts><ispartof></ispartof></parts><date>29-10-20 20:49:11:675</date><id>0</id><type>bounding_box</type><polygon><username>anonymous</username><pt><x>1913</x><y>1110</y><time>29-10-20 20:49:07:824</time></pt><pt><x>3909</x><y>1110</y><time>29-10-20 20:49:09:051</time></pt><pt><x>3909</x><y>2845</y><time>undefined</time></pt><pt><x>1913</x><y>2845</y><time>undefined</time></pt><closed_date>29-10-20 20:49:09:052</closed_date></polygon></object></annotation>