<annotation><filename>m2_s01_001_p_nic036.jpg</filename><folder>users/joselusava//santiago</folder><source><submittedBy>Jose Saca</submittedBy></source><imagesize><nrows>2850</nrows><ncols>4271</ncols></imagesize><object><name>m2_s01_001_p_nic036</name><deleted>0</deleted><verified>0</verified><occluded>no</occluded><attributes></attributes><parts><hasparts></hasparts><ispartof></ispartof></parts><date>19-09-20 22:30:15:190</date><id>0</id><type>bounding_box</type><polygon><username>anonymous</username><pt><x>2226</x><y>1035</y><time>19-09-20 22:30:06:490</time></pt><pt><x>3817</x><y>1035</y><time>19-09-20 22:30:07:866</time></pt><pt><x>3817</x><y>2392</y><time>undefined</time></pt><pt><x>2226</x><y>2392</y><time>undefined</time></pt><closed_date>19-09-20 22:30:07:867</closed_date></polygon></object></annotation>