<annotation><filename>m1_s06_168_p_ic043.jpg</filename><folder>users/joselusava//jacob_2/168ic</folder><source><submittedBy>Jose Saca</submittedBy></source><imagesize><nrows>2736</nrows><ncols>4100</ncols></imagesize><object><name>m1_s06_168_p_ic043</name><deleted>0</deleted><verified>0</verified><occluded>no</occluded><attributes></attributes><parts><hasparts></hasparts><ispartof></ispartof></parts><date>08-09-20 19:53:10:285</date><id>0</id><type>bounding_box</type><polygon><username>anonymous</username><pt><x>1088</x><y>98</y><time>08-09-20 19:53:08:076</time></pt><pt><x>3036</x><y>98</y><time>08-09-20 19:53:09:639</time></pt><pt><x>3036</x><y>2627</y><time>undefined</time></pt><pt><x>1088</x><y>2627</y><time>undefined</time></pt><closed_date>08-09-20 19:53:09:639</closed_date></polygon></object></annotation>