<annotation><filename>m4_s04_045_p_ic065.jpg</filename><folder>users/joselusava//valeria/m04_s04_45_ic</folder><source><submittedBy>Jose Saca</submittedBy></source><imagesize><nrows>2970</nrows><ncols>4451</ncols></imagesize><object><name>m4_s04_045_p_ic065</name><deleted>0</deleted><verified>0</verified><occluded>no</occluded><attributes></attributes><parts><hasparts></hasparts><ispartof></ispartof></parts><date>19-10-20 19:53:16:232</date><id>0</id><type>bounding_box</type><polygon><username>anonymous</username><pt><x>1668</x><y>2119</y><time>19-10-20 19:53:10:633</time></pt><pt><x>2564</x><y>2119</y><time>19-10-20 19:53:12:895</time></pt><pt><x>2564</x><y>503</y><time>undefined</time></pt><pt><x>1668</x><y>503</y><time>undefined</time></pt><closed_date>19-10-20 19:53:12:896</closed_date></polygon></object></annotation>