<annotation><filename>m4_s05_060_p_nic038.jpg</filename><folder>users/joselusava//m4_js/60/nic</folder><source><submittedBy>Jose Saca</submittedBy></source><imagesize><nrows>2910</nrows><ncols>4361</ncols></imagesize><object><name>m4_s05_060_p_nic038</name><deleted>0</deleted><verified>0</verified><occluded>no</occluded><attributes></attributes><parts><hasparts></hasparts><ispartof></ispartof></parts><date>13-10-20 23:58:47:109</date><id>0</id><type>bounding_box</type><polygon><username>anonymous</username><pt><x>1158</x><y>2533</y><time>13-10-20 23:58:44:290</time></pt><pt><x>4361</x><y>2533</y><time>13-10-20 23:58:46:300</time></pt><pt><x>4361</x><y>583</y><time>undefined</time></pt><pt><x>1158</x><y>583</y><time>undefined</time></pt><closed_date>13-10-20 23:58:46:300</closed_date></polygon></object></annotation>