<annotation><filename>m4_s03_025_p_nic014.jpg</filename><folder>users/joselusava//santiago_3</folder><source><submittedBy>Jose Saca</submittedBy></source><imagesize><nrows>2910</nrows><ncols>4361</ncols></imagesize><object><name>m4_s03_025_p_nic014</name><deleted>0</deleted><verified>0</verified><occluded>no</occluded><attributes></attributes><parts><hasparts></hasparts><ispartof></ispartof></parts><date>07-11-20 23:10:10:266</date><id>0</id><type>bounding_box</type><polygon><username>anonymous</username><pt><x>220</x><y>203</y><time>07-11-20 23:10:06:167</time></pt><pt><x>2511</x><y>203</y><time>07-11-20 23:10:07:676</time></pt><pt><x>2511</x><y>1626</y><time>undefined</time></pt><pt><x>220</x><y>1626</y><time>undefined</time></pt><closed_date>07-11-20 23:10:07:678</closed_date></polygon></object></annotation>