<annotation><filename>m1_s06_168_p_nic009.jpg</filename><folder>users/joselusava//jacob_2/168nic</folder><source><submittedBy>Jose Saca</submittedBy></source><imagesize><nrows>2736</nrows><ncols>4100</ncols></imagesize><object><name>m1_s06_168_p_nic009</name><deleted>0</deleted><verified>0</verified><occluded>no</occluded><attributes></attributes><parts><hasparts></hasparts><ispartof></ispartof></parts><date>08-09-20 23:01:33:445</date><id>0</id><type>bounding_box</type><polygon><username>anonymous</username><pt><x>933</x><y>106</y><time>08-09-20 23:01:31:406</time></pt><pt><x>2070</x><y>106</y><time>08-09-20 23:01:32:869</time></pt><pt><x>2070</x><y>1563</y><time>undefined</time></pt><pt><x>933</x><y>1563</y><time>undefined</time></pt><closed_date>08-09-20 23:01:32:869</closed_date></polygon></object></annotation>