<annotation><filename>m4_s10_154_p_ic099.jpg</filename><folder>users/joselusava//valeria/m04_s10_154_ic</folder><source><submittedBy>Jose Saca</submittedBy></source><imagesize><nrows>2970</nrows><ncols>4451</ncols></imagesize><object><name>m4_s10_154_p_ic099</name><deleted>0</deleted><verified>0</verified><occluded>no</occluded><attributes></attributes><parts><hasparts></hasparts><ispartof></ispartof></parts><date>13-10-20 23:26:05:482</date><id>0</id><type>bounding_box</type><polygon><username>anonymous</username><pt><x>2850</x><y>2707</y><time>13-10-20 23:26:00:121</time></pt><pt><x>1108</x><y>2707</y><time>13-10-20 23:26:02:355</time></pt><pt><x>1108</x><y>314</y><time>undefined</time></pt><pt><x>2850</x><y>314</y><time>undefined</time></pt><closed_date>13-10-20 23:26:02:356</closed_date></polygon></object></annotation>