<annotation><filename>m4_s04_045_p_nic014.jpg</filename><folder>users/joselusava//valeria/m04_s04_45_nic</folder><source><submittedBy>Jose Saca</submittedBy></source><imagesize><nrows>2970</nrows><ncols>4451</ncols></imagesize><object><name>m4_s04_045_p_nic014</name><deleted>0</deleted><verified>0</verified><occluded>no</occluded><attributes></attributes><parts><hasparts></hasparts><ispartof></ispartof></parts><date>20-10-20 00:16:29:276</date><id>0</id><type>bounding_box</type><polygon><username>anonymous</username><pt><x>1742</x><y>1542</y><time>20-10-20 00:16:24:566</time></pt><pt><x>2650</x><y>1542</y><time>20-10-20 00:16:26:249</time></pt><pt><x>2650</x><y>126</y><time>undefined</time></pt><pt><x>1742</x><y>126</y><time>undefined</time></pt><closed_date>20-10-20 00:16:26:250</closed_date></polygon></object></annotation>