<annotation><filename>m3_s01_023_p_nic056.jpg</filename><folder>users/joselusava//santiago_3</folder><source><submittedBy>Jose Saca</submittedBy></source><imagesize><nrows>2970</nrows><ncols>4451</ncols></imagesize><object><name>m3_s01_023_p_nic056</name><deleted>0</deleted><verified>0</verified><occluded>no</occluded><attributes></attributes><parts><hasparts></hasparts><ispartof></ispartof></parts><date>06-11-20 09:39:59:213</date><id>0</id><type>bounding_box</type><polygon><username>anonymous</username><pt><x>86</x><y>450</y><time>06-11-20 09:39:55:411</time></pt><pt><x>3088</x><y>450</y><time>06-11-20 09:39:57:057</time></pt><pt><x>3088</x><y>2663</y><time>undefined</time></pt><pt><x>86</x><y>2663</y><time>undefined</time></pt><closed_date>06-11-20 09:39:57:057</closed_date></polygon></object></annotation>