<annotation><filename>m2_s07_264_p_nic096.jpg</filename><folder>users/joselusava//valeria/sala7_264_nic</folder><source><submittedBy>Jose Saca</submittedBy></source><imagesize><nrows>2910</nrows><ncols>4361</ncols></imagesize><object><name>m2_s07_264_p_nic096</name><deleted>0</deleted><verified>0</verified><occluded>no</occluded><attributes></attributes><parts><hasparts></hasparts><ispartof></ispartof></parts><date>23-09-20 21:49:07:465</date><id>0</id><type>bounding_box</type><polygon><username>anonymous</username><pt><x>3863</x><y>2320</y><time>23-09-20 21:49:02:314</time></pt><pt><x>2331</x><y>2320</y><time>23-09-20 21:49:04:352</time></pt><pt><x>2331</x><y>513</y><time>undefined</time></pt><pt><x>3863</x><y>513</y><time>undefined</time></pt><closed_date>23-09-20 21:49:04:353</closed_date></polygon></object></annotation>