<annotation><filename>m4_s09_138_p_nic073.jpg</filename><folder>users/joselusava//santiago_2</folder><source><submittedBy>Jose Saca</submittedBy></source><imagesize><nrows>2970</nrows><ncols>4451</ncols></imagesize><object><name>m4_s09_138_p_nic073</name><deleted>0</deleted><verified>0</verified><occluded>no</occluded><attributes></attributes><parts><hasparts></hasparts><ispartof></ispartof></parts><date>23-10-20 14:14:29:269</date><id>0</id><type>bounding_box</type><polygon><username>anonymous</username><pt><x>682</x><y>253</y><time>23-10-20 14:14:26:468</time></pt><pt><x>3413</x><y>253</y><time>23-10-20 14:14:27:299</time></pt><pt><x>3413</x><y>1324</y><time>undefined</time></pt><pt><x>682</x><y>1324</y><time>undefined</time></pt><closed_date>23-10-20 14:14:27:299</closed_date></polygon></object></annotation>