<annotation><filename>m2_s03_248_p_ic087.jpg</filename><folder>users/joselusava//museos2020</folder><source><submittedBy>Jose Saca</submittedBy></source><imagesize><nrows>2910</nrows><ncols>4361</ncols></imagesize><object><name>m2_s03_248_p_ic087</name><deleted>0</deleted><verified>0</verified><occluded>no</occluded><attributes></attributes><parts><hasparts></hasparts><ispartof></ispartof></parts><date>27-09-20 09:17:38:120</date><id>0</id><polygon><username>anonymous</username><pt><x>28</x><y>572</y><time>27-09-20 09:17:27:681</time></pt><pt><x>3542</x><y>256</y><time>27-09-20 09:17:28:638</time></pt><pt><x>2529</x><y>2636</y><time>27-09-20 09:17:29:860</time></pt><pt><x>19</x><y>1515</y><time>27-09-20 09:17:31:908</time></pt><closed_date>27-09-20 09:17:32:612</closed_date></polygon></object></annotation>