<annotation><filename>m4_s04_039_p_nic039.jpg</filename><folder>users/joselusava//santiago_2</folder><source><submittedBy>Jose Saca</submittedBy></source><imagesize><nrows>2970</nrows><ncols>4451</ncols></imagesize><object><name>m4_s04_039_p_nic039</name><deleted>0</deleted><verified>0</verified><occluded>no</occluded><attributes></attributes><parts><hasparts></hasparts><ispartof></ispartof></parts><date>21-10-20 21:15:21:181</date><id>0</id><type>bounding_box</type><polygon><username>anonymous</username><pt><x>3352</x><y>136</y><time>21-10-20 21:15:17:810</time></pt><pt><x>3937</x><y>136</y><time>21-10-20 21:15:19:054</time></pt><pt><x>3937</x><y>2342</y><time>undefined</time></pt><pt><x>3352</x><y>2342</y><time>undefined</time></pt><closed_date>21-10-20 21:15:19:055</closed_date></polygon></object></annotation>