<annotation><filename>m2_s01_010_p_nic002.jpg</filename><folder>users/joselusava//santiago</folder><source><submittedBy>Jose Saca</submittedBy></source><imagesize><nrows>2850</nrows><ncols>4271</ncols></imagesize><object><name>m2_s01_010_p_nic002</name><deleted>0</deleted><verified>0</verified><occluded>no</occluded><attributes></attributes><parts><hasparts></hasparts><ispartof></ispartof></parts><date>22-09-20 19:36:50:802</date><id>0</id><type>bounding_box</type><polygon><username>anonymous</username><pt><x>2930</x><y>1488</y><time>22-09-20 19:36:41:488</time></pt><pt><x>3831</x><y>1488</y><time>22-09-20 19:36:42:891</time></pt><pt><x>3831</x><y>2565</y><time>undefined</time></pt><pt><x>2930</x><y>2565</y><time>undefined</time></pt><closed_date>22-09-20 19:36:42:891</closed_date></polygon></object></annotation>