<annotation><filename>m1_s02_052_p_nic012.jpg</filename><folder>users/joselusava//valeria/sala2_052_nic</folder><source><submittedBy>Jose Saca</submittedBy></source><imagesize><nrows>3200</nrows><ncols>4800</ncols></imagesize><object><name>m1_s02_052_p_nic012</name><deleted>0</deleted><verified>0</verified><occluded>no</occluded><attributes></attributes><parts><hasparts></hasparts><ispartof></ispartof></parts><date>27-08-20 13:56:56:350</date><id>0</id><type>bounding_box</type><polygon><username>anonymous</username><pt><x>1852</x><y>1643</y><time>27-08-20 13:56:50:310</time></pt><pt><x>403</x><y>1643</y><time>27-08-20 13:56:52:950</time></pt><pt><x>403</x><y>102</y><time>undefined</time></pt><pt><x>1852</x><y>102</y><time>undefined</time></pt><closed_date>27-08-20 13:56:52:951</closed_date></polygon></object></annotation>