<annotation><filename>m1_s06_144_p_ic035.jpg</filename><folder>users/joselusava//jacob_2/144ic</folder><source><submittedBy>Jose Saca</submittedBy></source><imagesize><nrows>2736</nrows><ncols>4100</ncols></imagesize><object><name>m1_s06_144_p_ic035</name><deleted>0</deleted><verified>0</verified><occluded>no</occluded><attributes></attributes><parts><hasparts></hasparts><ispartof></ispartof></parts><date>07-09-20 02:35:37:304</date><id>0</id><type>bounding_box</type><polygon><username>anonymous</username><pt><x>917</x><y>2676</y><time>07-09-20 02:35:34:377</time></pt><pt><x>2979</x><y>2676</y><time>07-09-20 02:35:36:425</time></pt><pt><x>2979</x><y>82</y><time>undefined</time></pt><pt><x>917</x><y>82</y><time>undefined</time></pt><closed_date>07-09-20 02:35:36:425</closed_date></polygon></object></annotation>