<annotation><filename>m4_s10_157_p_ic059.jpg</filename><folder>users/joselusava//valeria/m04_s10_157_ic</folder><source><submittedBy>Jose Saca</submittedBy></source><imagesize><nrows>2970</nrows><ncols>4451</ncols></imagesize><object><name>m4_s10_157_p_ic059</name><deleted>0</deleted><verified>0</verified><occluded>no</occluded><attributes></attributes><parts><hasparts></hasparts><ispartof></ispartof></parts><date>12-10-20 17:49:28:364</date><id>0</id><type>bounding_box</type><polygon><username>anonymous</username><pt><x>1181</x><y>152</y><time>12-10-20 17:49:22:779</time></pt><pt><x>3111</x><y>152</y><time>12-10-20 17:49:24:868</time></pt><pt><x>3111</x><y>2723</y><time>undefined</time></pt><pt><x>1181</x><y>2723</y><time>undefined</time></pt><closed_date>12-10-20 17:49:24:869</closed_date></polygon></object></annotation>