<annotation><filename>m2_s01_054_p_ic094.jpg</filename><folder>users/joselusava//kath</folder><source><submittedBy>Jose Saca</submittedBy></source><imagesize><nrows>2850</nrows><ncols>4271</ncols></imagesize><object><name>m2_s01_054_p_ic094</name><deleted>0</deleted><verified>0</verified><occluded>no</occluded><attributes></attributes><parts><hasparts></hasparts><ispartof></ispartof></parts><date>30-09-20 10:50:32:953</date><id>0</id><type>bounding_box</type><polygon><username>anonymous</username><pt><x>1369</x><y>456</y><time>30-09-20 10:50:27:259</time></pt><pt><x>2787</x><y>456</y><time>30-09-20 10:50:30:313</time></pt><pt><x>2787</x><y>2773</y><time>undefined</time></pt><pt><x>1369</x><y>2773</y><time>undefined</time></pt><closed_date>30-09-20 10:50:30:313</closed_date></polygon></object></annotation>