<annotation><filename>m2_s01_032_p_nic089.jpg</filename><folder>users/joselusava//santiago_2</folder><source><submittedBy>Jose Saca</submittedBy></source><imagesize><nrows>2850</nrows><ncols>4271</ncols></imagesize><object><name>m2_s01_032_p_nic089</name><deleted>0</deleted><verified>0</verified><occluded>no</occluded><attributes></attributes><parts><hasparts></hasparts><ispartof></ispartof></parts><date>30-09-20 21:26:08:737</date><id>0</id><type>bounding_box</type><polygon><username>anonymous</username><pt><x>634</x><y>428</y><time>30-09-20 21:26:05:936</time></pt><pt><x>1357</x><y>428</y><time>30-09-20 21:26:06:731</time></pt><pt><x>1357</x><y>1269</y><time>undefined</time></pt><pt><x>634</x><y>1269</y><time>undefined</time></pt><closed_date>30-09-20 21:26:06:732</closed_date></polygon></object></annotation>