<annotation><filename>m4_s03_025_p_nic050.jpg</filename><folder>users/joselusava//santiago_3</folder><source><submittedBy>Jose Saca</submittedBy></source><imagesize><nrows>2910</nrows><ncols>4361</ncols></imagesize><object><name>m4_s03_025_p_nic050</name><deleted>0</deleted><verified>0</verified><occluded>no</occluded><attributes></attributes><parts><hasparts></hasparts><ispartof></ispartof></parts><date>08-11-20 13:42:21:508</date><id>0</id><type>bounding_box</type><polygon><username>anonymous</username><pt><x>178</x><y>1336</y><time>08-11-20 13:42:17:252</time></pt><pt><x>2749</x><y>1336</y><time>08-11-20 13:42:18:834</time></pt><pt><x>2749</x><y>2665</y><time>undefined</time></pt><pt><x>178</x><y>2665</y><time>undefined</time></pt><closed_date>08-11-20 13:42:18:834</closed_date></polygon></object></annotation>