<annotation><filename>m1_s01_017_p_nic030.jpg</filename><folder>users/joselusava//santiago</folder><source><submittedBy>Jose Saca</submittedBy></source><imagesize><nrows>3200</nrows><ncols>4800</ncols></imagesize><object><name>m1_s01_017_p_nic030</name><deleted>0</deleted><verified>0</verified><occluded>no</occluded><attributes></attributes><parts><hasparts></hasparts><ispartof></ispartof></parts><date>11-09-20 18:52:19:201</date><id>0</id><type>bounding_box</type><polygon><username>anonymous</username><pt><x>292</x><y>1368</y><time>11-09-20 18:52:10:836</time></pt><pt><x>929</x><y>1368</y><time>11-09-20 18:52:12:022</time></pt><pt><x>929</x><y>1764</y><time>undefined</time></pt><pt><x>292</x><y>1764</y><time>undefined</time></pt><closed_date>11-09-20 18:52:12:024</closed_date></polygon></object></annotation>