<annotation><filename>m4_s02_021_p_nic007.jpg</filename><folder>users/joselusava//santiago_2</folder><source><submittedBy>Jose Saca</submittedBy></source><imagesize><nrows>2910</nrows><ncols>4361</ncols></imagesize><object><name>m4_s02_021_p_nic007</name><deleted>0</deleted><verified>0</verified><occluded>no</occluded><attributes></attributes><parts><hasparts></hasparts><ispartof></ispartof></parts><date>04-10-20 20:34:51:901</date><id>0</id><type>bounding_box</type><polygon><username>anonymous</username><pt><x>1601</x><y>163</y><time>04-10-20 20:34:47:457</time></pt><pt><x>2744</x><y>163</y><time>04-10-20 20:34:49:618</time></pt><pt><x>2744</x><y>1878</y><time>undefined</time></pt><pt><x>1601</x><y>1878</y><time>undefined</time></pt><closed_date>04-10-20 20:34:49:620</closed_date></polygon></object></annotation>