<annotation><filename>m1_s06_141_p_ic007.jpg</filename><folder>users/joselusava//jacob_2/141ic</folder><source><submittedBy>Jose Saca</submittedBy></source><imagesize><nrows>2736</nrows><ncols>4100</ncols></imagesize><object><name>m1_s06_141_p_ic007</name><deleted>0</deleted><verified>0</verified><occluded>no</occluded><attributes></attributes><parts><hasparts></hasparts><ispartof></ispartof></parts><date>04-09-20 17:15:29:257</date><id>0</id><type>bounding_box</type><polygon><username>anonymous</username><pt><x>1334</x><y>360</y><time>04-09-20 17:15:26:031</time></pt><pt><x>2537</x><y>360</y><time>04-09-20 17:15:28:446</time></pt><pt><x>2537</x><y>2414</y><time>undefined</time></pt><pt><x>1334</x><y>2414</y><time>undefined</time></pt><closed_date>04-09-20 17:15:28:446</closed_date></polygon></object></annotation>