<annotation><filename>m1_s02_052_p_nic071.jpg</filename><folder>users/joselusava//valeria/sala2_052_nic</folder><source><submittedBy>Jose Saca</submittedBy></source><imagesize><nrows>3200</nrows><ncols>4800</ncols></imagesize><object><name>m1_s02_052_p_nic071</name><deleted>0</deleted><verified>0</verified><occluded>no</occluded><attributes></attributes><parts><hasparts></hasparts><ispartof></ispartof></parts><date>27-08-20 17:04:35:588</date><id>0</id><type>bounding_box</type><polygon><username>anonymous</username><pt><x>4440</x><y>1230</y><time>27-08-20 17:04:26:431</time></pt><pt><x>3028</x><y>1230</y><time>27-08-20 17:04:31:717</time></pt><pt><x>3028</x><y>2738</y><time>undefined</time></pt><pt><x>4440</x><y>2738</y><time>undefined</time></pt><closed_date>27-08-20 17:04:31:718</closed_date></polygon></object></annotation>