<annotation><filename>m4_s02_021_p_nic018.jpg</filename><folder>users/joselusava//santiago_2</folder><source><submittedBy>Jose Saca</submittedBy></source><imagesize><nrows>2910</nrows><ncols>4361</ncols></imagesize><object><name>m4_s02_021_p_nic018</name><deleted>0</deleted><verified>0</verified><occluded>no</occluded><attributes></attributes><parts><hasparts></hasparts><ispartof></ispartof></parts><date>04-10-20 22:11:37:669</date><id>0</id><type>bounding_box</type><polygon><username>anonymous</username><pt><x>256</x><y>748</y><time>04-10-20 22:11:31:969</time></pt><pt><x>1448</x><y>748</y><time>04-10-20 22:11:33:411</time></pt><pt><x>1448</x><y>2484</y><time>undefined</time></pt><pt><x>256</x><y>2484</y><time>undefined</time></pt><closed_date>04-10-20 22:11:33:412</closed_date></polygon></object></annotation>