<annotation><filename>m4_s10_154_p_ic060.jpg</filename><folder>users/joselusava//valeria/m04_s10_154_ic</folder><source><submittedBy>Jose Saca</submittedBy></source><imagesize><nrows>2970</nrows><ncols>4451</ncols></imagesize><object><name>m4_s10_154_p_ic060</name><deleted>0</deleted><verified>0</verified><occluded>no</occluded><attributes></attributes><parts><hasparts></hasparts><ispartof></ispartof></parts><date>13-10-20 22:36:32:261</date><id>0</id><type>bounding_box</type><polygon><username>anonymous</username><pt><x>3067</x><y>2753</y><time>13-10-20 22:36:25:748</time></pt><pt><x>1171</x><y>2753</y><time>13-10-20 22:36:28:103</time></pt><pt><x>1171</x><y>251</y><time>undefined</time></pt><pt><x>3067</x><y>251</y><time>undefined</time></pt><closed_date>13-10-20 22:36:28:104</closed_date></polygon></object></annotation>