<annotation><filename>m4_s10_154_p_ic061.jpg</filename><folder>users/joselusava//valeria/m04_s10_154_ic</folder><source><submittedBy>Jose Saca</submittedBy></source><imagesize><nrows>2970</nrows><ncols>4451</ncols></imagesize><object><name>m4_s10_154_p_ic061</name><deleted>0</deleted><verified>0</verified><occluded>no</occluded><attributes></attributes><parts><hasparts></hasparts><ispartof></ispartof></parts><date>13-10-20 22:37:23:427</date><id>0</id><type>bounding_box</type><polygon><username>anonymous</username><pt><x>3136</x><y>2816</y><time>13-10-20 22:37:16:471</time></pt><pt><x>1205</x><y>2816</y><time>13-10-20 22:37:19:590</time></pt><pt><x>1205</x><y>223</y><time>undefined</time></pt><pt><x>3136</x><y>223</y><time>undefined</time></pt><closed_date>13-10-20 22:37:19:591</closed_date></polygon></object></annotation>