<annotation><filename>m4_s02_017_x.jpg</filename><folder>users/joselusava//kath/m4_x</folder><source><submittedBy>Jose Saca</submittedBy></source><imagesize><nrows>2910</nrows><ncols>4361</ncols></imagesize><object><name>m4_s02_017_x</name><deleted>0</deleted><verified>0</verified><occluded>no</occluded><attributes></attributes><parts><hasparts></hasparts><ispartof></ispartof></parts><date>20-10-20 06:45:28:439</date><id>0</id><polygon><username>anonymous</username><pt><x>1544</x><y>325</y><time>20-10-20 06:45:18:000</time></pt><pt><x>1516</x><y>2670</y><time>20-10-20 06:45:22:507</time></pt><pt><x>2759</x><y>2547</y><time>20-10-20 06:45:23:620</time></pt><pt><x>2646</x><y>268</y><time>20-10-20 06:45:24:883</time></pt><closed_date>20-10-20 06:45:26:127</closed_date></polygon></object></annotation>