<annotation><filename>m1_s01_004_p_ic001.jpg</filename><folder>users/joselusava//valeria_apoyo/sala001_004ic_ok</folder><source><submittedBy>Jose Saca</submittedBy></source><imagesize><nrows>2000</nrows><ncols>2992</ncols></imagesize><object><name>m1_s01_004_p_ic001</name><deleted>0</deleted><verified>0</verified><occluded>no</occluded><attributes></attributes><parts><hasparts></hasparts><ispartof></ispartof></parts><date>15-09-20 20:02:25:747</date><id>0</id><type>bounding_box</type><polygon><username>anonymous</username><pt><x>2731</x><y>1580</y><time>15-09-20 20:02:14:872</time></pt><pt><x>106</x><y>1580</y><time>15-09-20 20:02:20:620</time></pt><pt><x>106</x><y>519</y><time>undefined</time></pt><pt><x>2731</x><y>519</y><time>undefined</time></pt><closed_date>15-09-20 20:02:20:621</closed_date></polygon></object></annotation>