<annotation><filename>m2_s01_018_p_ic100.jpg</filename><folder>users/joselusava//santiago_2</folder><source><submittedBy>Jose Saca</submittedBy></source><imagesize><nrows>2850</nrows><ncols>4271</ncols></imagesize><object><name>m2_s01_018_p_ic100</name><deleted>0</deleted><verified>0</verified><occluded>no</occluded><attributes></attributes><parts><hasparts></hasparts><ispartof></ispartof></parts><date>28-09-20 18:55:47:214</date><id>0</id><type>bounding_box</type><polygon><username>anonymous</username><pt><x>1661</x><y>917</y><time>28-09-20 18:55:39:837</time></pt><pt><x>2584</x><y>917</y><time>28-09-20 18:55:41:193</time></pt><pt><x>2584</x><y>2055</y><time>undefined</time></pt><pt><x>1661</x><y>2055</y><time>undefined</time></pt><closed_date>28-09-20 18:55:41:194</closed_date></polygon></object></annotation>