<annotation><filename>m2_s06_244_p_ic050.jpg</filename><folder>users/joselusava//museos2020</folder><source><submittedBy>Jose Saca</submittedBy></source><imagesize><nrows>2910</nrows><ncols>4361</ncols></imagesize><object><name>m2_s06_244_p_ic042</name><deleted>0</deleted><verified>0</verified><occluded>no</occluded><attributes></attributes><parts><hasparts></hasparts><ispartof></ispartof></parts><date>22-09-20 14:08:42:798</date><id>0</id><type>bounding_box</type><polygon><username>anonymous</username><pt><x>788</x><y>1111</y><time>22-09-20 14:08:32:190</time></pt><pt><x>3297</x><y>1111</y><time>22-09-20 14:08:33:824</time></pt><pt><x>3297</x><y>2329</y><time>undefined</time></pt><pt><x>788</x><y>2329</y><time>undefined</time></pt><closed_date>22-09-20 14:08:33:825</closed_date></polygon></object></annotation>