<annotation><filename>m1_s02_029_p_ic013.jpg</filename><folder>users/joselusava//valeria/sala2_029_ic</folder><source><submittedBy>Jose Saca</submittedBy></source><imagesize><nrows>2000</nrows><ncols>2992</ncols></imagesize><object><name>m1_s02_029_p_ic013</name><deleted>0</deleted><verified>0</verified><occluded>no</occluded><attributes></attributes><parts><hasparts></hasparts><ispartof></ispartof></parts><date>22-08-20 17:34:41:690</date><id>0</id><type>bounding_box</type><polygon><username>anonymous</username><pt><x>795</x><y>0</y><time>22-08-20 17:33:51:489</time></pt><pt><x>2104</x><y>0</y><time>22-08-20 17:34:00:117</time></pt><pt><x>2104</x><y>1993</y><time>undefined</time></pt><pt><x>795</x><y>1993</y><time>undefined</time></pt><closed_date>22-08-20 17:34:00:118</closed_date></polygon></object></annotation>