<annotation><filename>m2_s03_252_p_ic033.jpg</filename><folder>users/joselusava//valeria/m2_sala03_252_ic</folder><source><submittedBy>Jose Saca</submittedBy></source><imagesize><nrows>2910</nrows><ncols>4361</ncols></imagesize><object><name>m2_s06_252_p_ic032</name><deleted>0</deleted><verified>0</verified><occluded>no</occluded><attributes/><parts><hasparts/><ispartof/></parts><date>25-09-20 20:30:03:225</date><id>0</id><type>bounding_box</type><polygon><username>anonymous</username><pt><x>601</x><y>766</y><time>25-09-20 20:29:50:246</time></pt><pt><x>3312</x><y>766</y><time>25-09-20 20:29:53:206</time></pt><pt><x>3312</x><y>2436</y><time>undefined</time></pt><pt><x>601</x><y>2436</y><time>undefined</time></pt><closed_date>25-09-20 20:29:53:207</closed_date></polygon></object><object><name>m2_s06_252_p_ic033</name><deleted>0</deleted><verified>0</verified><occluded>no</occluded><attributes></attributes><parts><hasparts></hasparts><ispartof></ispartof></parts><date>26-09-20 23:26:21:461</date><id>1</id><type>bounding_box</type><polygon><username>anonymous</username><pt><x>601</x><y>750</y><time>26-09-20 23:25:42:669</time></pt><pt><x>3307</x><y>750</y><time>26-09-20 23:25:45:167</time></pt><pt><x>3307</x><y>2436</y><time>undefined</time></pt><pt><x>601</x><y>2436</y><time>undefined</time></pt><closed_date>26-09-20 23:25:45:169</closed_date></polygon></object></annotation>