<annotation><filename>m2_s03_223_x.jpg</filename><folder>users/joselusava//juancarlos</folder><source><submittedBy>Jose Saca</submittedBy></source><imagesize><nrows>2910</nrows><ncols>4361</ncols></imagesize><object><name>m2_s03_223_x</name><deleted>0</deleted><verified>0</verified><occluded>no</occluded><attributes></attributes><parts><hasparts></hasparts><ispartof></ispartof></parts><date>01-10-20 07:20:00:804</date><id>0</id><type>bounding_box</type><polygon><username>anonymous</username><pt><x>902</x><y>446</y><time>01-10-20 07:19:50:333</time></pt><pt><x>3640</x><y>446</y><time>01-10-20 07:19:52:184</time></pt><pt><x>3640</x><y>2385</y><time>undefined</time></pt><pt><x>902</x><y>2385</y><time>undefined</time></pt><closed_date>01-10-20 07:19:52:186</closed_date></polygon></object></annotation>