<annotation><filename>m4_s10_157_p_ic006.jpg</filename><folder>users/joselusava//valeria/m04_s10_157_ic</folder><source><submittedBy>Jose Saca</submittedBy></source><imagesize><nrows>2970</nrows><ncols>4451</ncols></imagesize><object><name>m4_s10_157_p_ic006</name><deleted>0</deleted><verified>0</verified><occluded>no</occluded><attributes></attributes><parts><hasparts></hasparts><ispartof></ispartof></parts><date>12-10-20 15:39:29:969</date><id>0</id><type>bounding_box</type><polygon><username>anonymous</username><pt><x>1170</x><y>2762</y><time>12-10-20 15:39:21:830</time></pt><pt><x>3234</x><y>2762</y><time>12-10-20 15:39:25:719</time></pt><pt><x>3234</x><y>304</y><time>undefined</time></pt><pt><x>1170</x><y>304</y><time>undefined</time></pt><closed_date>12-10-20 15:39:25:720</closed_date></polygon></object></annotation>