<annotation><filename>m2_s06_244_p_nic079.jpg</filename><folder>users/joselusava//museos2020</folder><source><submittedBy>Jose Saca</submittedBy></source><imagesize><nrows>2910</nrows><ncols>4361</ncols></imagesize><object><name>m2_s06_244_p_ic079</name><deleted>0</deleted><verified>0</verified><occluded>no</occluded><attributes></attributes><parts><hasparts></hasparts><ispartof></ispartof></parts><date>26-09-20 21:54:11:156</date><id>0</id><type>bounding_box</type><polygon><username>anonymous</username><pt><x>2148</x><y>1683</y><time>26-09-20 21:54:02:366</time></pt><pt><x>3826</x><y>1683</y><time>26-09-20 21:54:05:491</time></pt><pt><x>3826</x><y>2459</y><time>undefined</time></pt><pt><x>2148</x><y>2459</y><time>undefined</time></pt><closed_date>26-09-20 21:54:05:492</closed_date></polygon></object></annotation>