<annotation><filename>m2_s01_001_p_nic099.jpg</filename><folder>users/joselusava//santiago</folder><source><submittedBy>Jose Saca</submittedBy></source><imagesize><nrows>2850</nrows><ncols>4271</ncols></imagesize><object><name>m2_s01_001_p_nic099</name><deleted>0</deleted><verified>0</verified><occluded>no</occluded><attributes></attributes><parts><hasparts></hasparts><ispartof></ispartof></parts><date>19-09-20 23:53:11:091</date><id>0</id><type>bounding_box</type><polygon><username>anonymous</username><pt><x>208</x><y>750</y><time>19-09-20 23:53:04:014</time></pt><pt><x>1837</x><y>750</y><time>19-09-20 23:53:04:908</time></pt><pt><x>1837</x><y>2244</y><time>undefined</time></pt><pt><x>208</x><y>2244</y><time>undefined</time></pt><closed_date>19-09-20 23:53:04:909</closed_date></polygon></object></annotation>