<annotation><filename>m1_s06_141_p_nic015.jpg</filename><folder>users/joselusava//jacob_2/141nic</folder><source><submittedBy>Jose Saca</submittedBy></source><imagesize><nrows>2736</nrows><ncols>4100</ncols></imagesize><object><name>m1_s06_141_p_nic015</name><deleted>0</deleted><verified>0</verified><occluded>no</occluded><attributes></attributes><parts><hasparts></hasparts><ispartof></ispartof></parts><date>05-09-20 00:50:13:161</date><id>0</id><type>bounding_box</type><polygon><username>anonymous</username><pt><x>210</x><y>1942</y><time>05-09-20 00:50:07:958</time></pt><pt><x>1475</x><y>1942</y><time>05-09-20 00:50:12:326</time></pt><pt><x>1475</x><y>399</y><time>undefined</time></pt><pt><x>210</x><y>399</y><time>undefined</time></pt><closed_date>05-09-20 00:50:12:326</closed_date></polygon></object></annotation>