<annotation><filename>m2_s01_034_p_nic073.jpg</filename><folder>users/joselusava//kath</folder><source><submittedBy>Jose Saca</submittedBy></source><imagesize><nrows>2850</nrows><ncols>4271</ncols></imagesize><object><name>m2_s01_034_p_nic073</name><deleted>0</deleted><verified>0</verified><occluded>no</occluded><attributes></attributes><parts><hasparts></hasparts><ispartof></ispartof></parts><date>25-09-20 20:43:36:443</date><id>0</id><polygon><username>anonymous</username><pt><x>215</x><y>752</y><time>25-09-20 20:43:26:299</time></pt><pt><x>351</x><y>2277</y><time>25-09-20 20:43:27:973</time></pt><pt><x>1239</x><y>2134</y><time>25-09-20 20:43:29:883</time></pt><pt><x>1160</x><y>709</y><time>25-09-20 20:43:31:112</time></pt><closed_date>25-09-20 20:43:32:788</closed_date></polygon></object></annotation>