<annotation><filename>m1_s02_029_p_nic029.jpg</filename><folder>users/joselusava//valeria/sala2_029_nic</folder><source><submittedBy>Jose Saca</submittedBy></source><imagesize><nrows>3200</nrows><ncols>4800</ncols></imagesize><object><name>m1_s02_029_p_nic029</name><deleted>0</deleted><verified>0</verified><occluded>no</occluded><attributes></attributes><parts><hasparts></hasparts><ispartof></ispartof></parts><date>26-08-20 18:29:03:452</date><id>0</id><type>bounding_box</type><polygon><username>anonymous</username><pt><x>2003</x><y>328</y><time>26-08-20 18:28:57:347</time></pt><pt><x>2958</x><y>328</y><time>26-08-20 18:28:59:822</time></pt><pt><x>2958</x><y>1536</y><time>undefined</time></pt><pt><x>2003</x><y>1536</y><time>undefined</time></pt><closed_date>26-08-20 18:28:59:823</closed_date></polygon></object></annotation>