<annotation><filename>m3_s01_023_p_nic002.jpg</filename><folder>users/joselusava//santiago_3</folder><source><submittedBy>Jose Saca</submittedBy></source><imagesize><nrows>2970</nrows><ncols>4451</ncols></imagesize><object><name>m3_s01_023_p_nic002</name><deleted>0</deleted><verified>0</verified><occluded>no</occluded><attributes></attributes><parts><hasparts></hasparts><ispartof></ispartof></parts><date>06-11-20 08:43:19:784</date><id>0</id><type>bounding_box</type><polygon><username>anonymous</username><pt><x>1610</x><y>960</y><time>06-11-20 08:43:15:380</time></pt><pt><x>4055</x><y>960</y><time>06-11-20 08:43:16:831</time></pt><pt><x>4055</x><y>2527</y><time>undefined</time></pt><pt><x>1610</x><y>2527</y><time>undefined</time></pt><closed_date>06-11-20 08:43:16:833</closed_date></polygon></object></annotation>