<annotation><filename>m4_s05_052_p_nic041.jpg</filename><folder>users/joselusava//santiago_2</folder><source><submittedBy>Jose Saca</submittedBy></source><imagesize><nrows>2910</nrows><ncols>4361</ncols></imagesize><object><name>m4_s05_052_p_nic041</name><deleted>0</deleted><verified>0</verified><occluded>no</occluded><attributes></attributes><parts><hasparts></hasparts><ispartof></ispartof></parts><date>08-10-20 21:21:18:330</date><id>0</id><type>bounding_box</type><polygon><username>anonymous</username><pt><x>2765</x><y>1025</y><time>08-10-20 21:21:15:458</time></pt><pt><x>4008</x><y>1025</y><time>08-10-20 21:21:16:420</time></pt><pt><x>4008</x><y>2498</y><time>undefined</time></pt><pt><x>2765</x><y>2498</y><time>undefined</time></pt><closed_date>08-10-20 21:21:16:421</closed_date></polygon></object></annotation>