<annotation><filename>img_m1_s03-04_101_p_nic067.jpg</filename><folder>users/joselusava//valeria/sala3y4_101_nic</folder><source><submittedBy>Jose Saca</submittedBy></source><imagesize><nrows>3200</nrows><ncols>4800</ncols></imagesize><object><name>m1_s03_s04_101_p_nic067</name><deleted>0</deleted><verified>0</verified><occluded>no</occluded><attributes></attributes><parts><hasparts></hasparts><ispartof></ispartof></parts><date>30-08-20 00:34:03:001</date><id>0</id><type>bounding_box</type><polygon><username>anonymous</username><pt><x>4412</x><y>2739</y><time>30-08-20 00:33:56:895</time></pt><pt><x>2158</x><y>2739</y><time>30-08-20 00:33:59:677</time></pt><pt><x>2158</x><y>1552</y><time>undefined</time></pt><pt><x>4412</x><y>1552</y><time>undefined</time></pt><closed_date>30-08-20 00:33:59:678</closed_date></polygon></object></annotation>