<annotation><filename>m2_s01_034_p_nic084.jpg</filename><folder>users/joselusava//kath</folder><source><submittedBy>Jose Saca</submittedBy></source><imagesize><nrows>2850</nrows><ncols>4271</ncols></imagesize><object><name>m2_s01_034_p_nic084</name><deleted>0</deleted><verified>0</verified><occluded>no</occluded><attributes></attributes><parts><hasparts></hasparts><ispartof></ispartof></parts><date>25-09-20 20:56:42:536</date><id>0</id><type>bounding_box</type><polygon><username>anonymous</username><pt><x>2442</x><y>508</y><time>25-09-20 20:56:38:112</time></pt><pt><x>3136</x><y>508</y><time>25-09-20 20:56:39:970</time></pt><pt><x>3136</x><y>1604</y><time>undefined</time></pt><pt><x>2442</x><y>1604</y><time>undefined</time></pt><closed_date>25-09-20 20:56:39:971</closed_date></polygon></object></annotation>