<annotation><filename>m2_s03_201_p_nic066.jpg</filename><folder>users/joselusava//valeria/m2_sala03_201_nic</folder><source><submittedBy>Jose Saca</submittedBy></source><imagesize><nrows>2910</nrows><ncols>4361</ncols></imagesize><object><name>m2_s03_201_p_nic066</name><deleted>0</deleted><verified>0</verified><occluded>no</occluded><attributes></attributes><parts><hasparts></hasparts><ispartof></ispartof></parts><date>29-09-20 23:43:14:264</date><id>0</id><type>bounding_box</type><polygon><username>anonymous</username><pt><x>2133</x><y>2893</y><time>29-09-20 23:43:08:066</time></pt><pt><x>358</x><y>2893</y><time>29-09-20 23:43:10:172</time></pt><pt><x>358</x><y>750</y><time>undefined</time></pt><pt><x>2133</x><y>750</y><time>undefined</time></pt><closed_date>29-09-20 23:43:10:173</closed_date></polygon></object></annotation>