<annotation><filename>m4_s10_164_p_ic020.jpg</filename><folder>users/joselusava//santiago_2</folder><source><submittedBy>Jose Saca</submittedBy></source><imagesize><nrows>2970</nrows><ncols>4451</ncols></imagesize><object><name>m4_s10_164_p_ic020</name><deleted>0</deleted><verified>0</verified><occluded>no</occluded><attributes></attributes><parts><hasparts></hasparts><ispartof></ispartof></parts><date>13-10-20 22:13:36:372</date><id>0</id><type>bounding_box</type><polygon><username>anonymous</username><pt><x>1735</x><y>917</y><time>13-10-20 22:13:33:540</time></pt><pt><x>2552</x><y>917</y><time>13-10-20 22:13:34:256</time></pt><pt><x>2552</x><y>1878</y><time>undefined</time></pt><pt><x>1735</x><y>1878</y><time>undefined</time></pt><closed_date>13-10-20 22:13:34:257</closed_date></polygon></object></annotation>