<annotation><filename>m3_s01_017_x.jpg</filename><folder>users/joselusava//kath/m3_x</folder><source><submittedBy>Jose Saca</submittedBy></source><imagesize><nrows>2970</nrows><ncols>4451</ncols></imagesize><object><name>m3_s01_017_x</name><deleted>0</deleted><verified>0</verified><occluded>no</occluded><attributes></attributes><parts><hasparts></hasparts><ispartof></ispartof></parts><date>08-11-20 12:44:33:110</date><id>0</id><type>bounding_box</type><polygon><username>anonymous</username><pt><x>461</x><y>2513</y><time>08-11-20 12:44:18:519</time></pt><pt><x>3479</x><y>2513</y><time>08-11-20 12:44:20:726</time></pt><pt><x>3479</x><y>519</y><time>undefined</time></pt><pt><x>461</x><y>519</y><time>undefined</time></pt><closed_date>08-11-20 12:44:20:726</closed_date></polygon></object></annotation>