<annotation><filename>m2_s06_250_p_ic007.jpg</filename><folder>users/joselusava//valeria/m2_sala06_250_ic</folder><source><submittedBy>Jose Saca</submittedBy></source><imagesize><nrows>2910</nrows><ncols>4361</ncols></imagesize><object><name>m2_s06_250_p_ic007</name><deleted>0</deleted><verified>0</verified><occluded>no</occluded><attributes></attributes><parts><hasparts></hasparts><ispartof></ispartof></parts><date>30-09-20 22:06:58:781</date><id>0</id><type>bounding_box</type><polygon><username>anonymous</username><pt><x>243</x><y>1946</y><time>30-09-20 22:06:53:148</time></pt><pt><x>4139</x><y>1946</y><time>30-09-20 22:06:55:259</time></pt><pt><x>4139</x><y>1218</y><time>undefined</time></pt><pt><x>243</x><y>1218</y><time>undefined</time></pt><closed_date>30-09-20 22:06:55:260</closed_date></polygon></object></annotation>