<annotation><filename>m1_s01_004_p_ic098.jpg</filename><folder>users/joselusava//valeria_apoyo/sala001_004ic_ok</folder><source><submittedBy>Jose Saca</submittedBy></source><imagesize><nrows>2000</nrows><ncols>2992</ncols></imagesize><object><name>m1_s01_004_p_ic098</name><deleted>0</deleted><verified>0</verified><occluded>no</occluded><attributes></attributes><parts><hasparts></hasparts><ispartof></ispartof></parts><date>16-09-20 17:21:39:204</date><id>0</id><type>bounding_box</type><polygon><username>anonymous</username><pt><x>68</x><y>1542</y><time>16-09-20 17:21:32:953</time></pt><pt><x>2727</x><y>1542</y><time>16-09-20 17:21:35:333</time></pt><pt><x>2727</x><y>614</y><time>undefined</time></pt><pt><x>68</x><y>614</y><time>undefined</time></pt><closed_date>16-09-20 17:21:35:334</closed_date></polygon></object></annotation>