<annotation><filename>m4_s02_015_p_nic043.jpg</filename><folder>users/joselusava//m4_js/15nic</folder><source><submittedBy>Jose Saca</submittedBy></source><imagesize><nrows>2910</nrows><ncols>4361</ncols></imagesize><object><name>m4_s02_015_p_nic043</name><deleted>0</deleted><verified>0</verified><occluded>no</occluded><attributes></attributes><parts><hasparts></hasparts><ispartof></ispartof></parts><date>06-10-20 20:00:13:999</date><id>0</id><type>bounding_box</type><polygon><username>anonymous</username><pt><x>3673</x><y>1358</y><time>06-10-20 20:00:11:372</time></pt><pt><x>2368</x><y>1358</y><time>06-10-20 20:00:13:119</time></pt><pt><x>2368</x><y>0</y><time>undefined</time></pt><pt><x>3673</x><y>0</y><time>undefined</time></pt><closed_date>06-10-20 20:00:13:119</closed_date></polygon></object></annotation>