<annotation><filename>m4_s04_047_p_nic095.jpg</filename><folder>users/joselusava//kath/kath_m4_047/nic</folder><source><submittedBy>Jose Saca</submittedBy></source><imagesize><nrows>2970</nrows><ncols>4451</ncols></imagesize><object><name>m4_s04_047_p_nic095</name><deleted>0</deleted><verified>0</verified><occluded>no</occluded><attributes></attributes><parts><hasparts></hasparts><ispartof></ispartof></parts><date>24-10-20 20:08:49:680</date><id>0</id><type>bounding_box</type><polygon><username>anonymous</username><pt><x>2866</x><y>349</y><time>24-10-20 20:08:44:745</time></pt><pt><x>4002</x><y>349</y><time>24-10-20 20:08:46:667</time></pt><pt><x>4002</x><y>2576</y><time>undefined</time></pt><pt><x>2866</x><y>2576</y><time>undefined</time></pt><closed_date>24-10-20 20:08:46:668</closed_date></polygon></object></annotation>