<annotation><filename>m1_s01_001_p_nic043.jpg</filename><folder>users/joselusava//juancarlos</folder><source><submittedBy>Jose Saca</submittedBy></source><imagesize><nrows>3200</nrows><ncols>4800</ncols></imagesize><object><name>m1_s01_001_p_nic043</name><deleted>0</deleted><verified>0</verified><occluded>no</occluded><attributes></attributes><parts><hasparts></hasparts><ispartof></ispartof></parts><date>09-09-20 09:14:18:435</date><id>0</id><type>bounding_box</type><polygon><username>anonymous</username><pt><x>3222</x><y>1592</y><time>09-09-20 09:14:08:469</time></pt><pt><x>4320</x><y>1592</y><time>09-09-20 09:14:11:358</time></pt><pt><x>4320</x><y>2174</y><time>undefined</time></pt><pt><x>3222</x><y>2174</y><time>undefined</time></pt><closed_date>09-09-20 09:14:11:360</closed_date></polygon></object></annotation>