<annotation><filename>m4_s04_037_p_ic030.jpg</filename><folder>users/joselusava//santiago_2</folder><source><submittedBy>Jose Saca</submittedBy></source><imagesize><nrows>2970</nrows><ncols>4451</ncols></imagesize><object><name>m4_s04_037_p_ic030</name><deleted>0</deleted><verified>0</verified><occluded>no</occluded><attributes></attributes><parts><hasparts></hasparts><ispartof></ispartof></parts><date>17-10-20 21:58:44:311</date><id>0</id><type>bounding_box</type><polygon><username>anonymous</username><pt><x>1646</x><y>278</y><time>17-10-20 21:58:37:737</time></pt><pt><x>3181</x><y>278</y><time>17-10-20 21:58:39:991</time></pt><pt><x>3181</x><y>2577</y><time>undefined</time></pt><pt><x>1646</x><y>2577</y><time>undefined</time></pt><closed_date>17-10-20 21:58:39:993</closed_date></polygon></object></annotation>