<annotation><filename>m4_s11_178_p_ic057.jpg</filename><folder>users/joselusava//santiago_2</folder><source><submittedBy>Jose Saca</submittedBy></source><imagesize><nrows>2970</nrows><ncols>4451</ncols></imagesize><object><name>m4_s11_178_p_ic057</name><deleted>0</deleted><verified>0</verified><occluded>no</occluded><attributes></attributes><parts><hasparts></hasparts><ispartof></ispartof></parts><date>15-10-20 21:53:41:550</date><id>0</id><type>bounding_box</type><polygon><username>anonymous</username><pt><x>1356</x><y>803</y><time>15-10-20 21:53:37:707</time></pt><pt><x>3049</x><y>803</y><time>15-10-20 21:53:39:402</time></pt><pt><x>3049</x><y>2552</y><time>undefined</time></pt><pt><x>1356</x><y>2552</y><time>undefined</time></pt><closed_date>15-10-20 21:53:39:402</closed_date></polygon></object></annotation>