<annotation><filename>m4_s10_154_p_ic069.jpg</filename><folder>users/joselusava//valeria/m04_s10_154_ic</folder><source><submittedBy>Jose Saca</submittedBy></source><imagesize><nrows>2970</nrows><ncols>4451</ncols></imagesize><object><name>m4_s10_154_p_ic069</name><deleted>0</deleted><verified>0</verified><occluded>no</occluded><attributes></attributes><parts><hasparts></hasparts><ispartof></ispartof></parts><date>13-10-20 22:44:56:193</date><id>0</id><type>bounding_box</type><polygon><username>anonymous</username><pt><x>2924</x><y>2713</y><time>13-10-20 22:44:47:539</time></pt><pt><x>1554</x><y>2713</y><time>13-10-20 22:44:49:779</time></pt><pt><x>1554</x><y>177</y><time>undefined</time></pt><pt><x>2924</x><y>177</y><time>undefined</time></pt><closed_date>13-10-20 22:44:49:780</closed_date></polygon></object></annotation>