<annotation><filename>m4_s06_089_p_nic020.jpg</filename><folder>users/joselusava//santiago_2</folder><source><submittedBy>Jose Saca</submittedBy></source><imagesize><nrows>2970</nrows><ncols>4451</ncols></imagesize><object><name>m4_s06_089_p_nic020</name><deleted>0</deleted><verified>0</verified><occluded>no</occluded><attributes></attributes><parts><hasparts></hasparts><ispartof></ispartof></parts><date>12-10-20 20:49:19:842</date><id>0</id><type>bounding_box</type><polygon><username>anonymous</username><pt><x>2288</x><y>314</y><time>12-10-20 20:49:16:247</time></pt><pt><x>4037</x><y>314</y><time>12-10-20 20:49:17:570</time></pt><pt><x>4037</x><y>2363</y><time>undefined</time></pt><pt><x>2288</x><y>2363</y><time>undefined</time></pt><closed_date>12-10-20 20:49:17:572</closed_date></polygon></object></annotation>