<annotation><filename>m2_s01_001_p_ic100.jpg</filename><folder>users/joselusava//santiago</folder><source><submittedBy>Jose Saca</submittedBy></source><imagesize><nrows>2850</nrows><ncols>4271</ncols></imagesize><object><name>m2_s01_001_p_ic100</name><deleted>0</deleted><verified>0</verified><occluded>no</occluded><attributes></attributes><parts><hasparts></hasparts><ispartof></ispartof></parts><date>19-09-20 10:57:49:773</date><id>0</id><type>bounding_box</type><polygon><username>anonymous</username><pt><x>965</x><y>260</y><time>19-09-20 10:57:40:824</time></pt><pt><x>3257</x><y>260</y><time>19-09-20 10:57:42:708</time></pt><pt><x>3257</x><y>2683</y><time>undefined</time></pt><pt><x>965</x><y>2683</y><time>undefined</time></pt><closed_date>19-09-20 10:57:42:708</closed_date></polygon></object></annotation>