<annotation><filename>m4_s10_164_p_nic047.jpg</filename><folder>users/joselusava//santiago_2</folder><source><submittedBy>Jose Saca</submittedBy></source><imagesize><nrows>2970</nrows><ncols>4451</ncols></imagesize><object><name>m4_s10_164_p_nic047</name><deleted>0</deleted><verified>0</verified><occluded>no</occluded><attributes></attributes><parts><hasparts></hasparts><ispartof></ispartof></parts><date>14-10-20 00:37:40:088</date><id>0</id><type>bounding_box</type><polygon><username>anonymous</username><pt><x>436</x><y>889</y><time>14-10-20 00:37:36:105</time></pt><pt><x>792</x><y>889</y><time>14-10-20 00:37:37:076</time></pt><pt><x>792</x><y>1464</y><time>undefined</time></pt><pt><x>436</x><y>1464</y><time>undefined</time></pt><closed_date>14-10-20 00:37:37:078</closed_date></polygon></object></annotation>