<annotation><filename>m2_s01_024_p_nic073.jpg</filename><folder>users/joselusava//santiago</folder><source><submittedBy>Jose Saca</submittedBy></source><imagesize><nrows>2850</nrows><ncols>4271</ncols></imagesize><object><name>m2_s01_024_p_nic073</name><deleted>0</deleted><verified>0</verified><occluded>no</occluded><attributes></attributes><parts><hasparts></hasparts><ispartof></ispartof></parts><date>25-09-20 15:31:47:821</date><id>0</id><type>bounding_box</type><polygon><username>anonymous</username><pt><x>452</x><y>160</y><time>25-09-20 15:31:39:860</time></pt><pt><x>1071</x><y>160</y><time>25-09-20 15:31:40:741</time></pt><pt><x>1071</x><y>1327</y><time>undefined</time></pt><pt><x>452</x><y>1327</y><time>undefined</time></pt><closed_date>25-09-20 15:31:40:742</closed_date></polygon></object></annotation>