<annotation><filename>m1_s02_065_p_ic100.jpg</filename><folder>users/joselusava//valeria/sala2_065_ic</folder><source><submittedBy>Jose Saca</submittedBy></source><imagesize><nrows>2000</nrows><ncols>2992</ncols></imagesize><object><name>m1_s02_065_p_ic100</name><deleted>0</deleted><verified>0</verified><occluded>no</occluded><attributes></attributes><parts><hasparts></hasparts><ispartof></ispartof></parts><date>26-08-20 01:55:42:818</date><id>0</id><type>bounding_box</type><polygon><username>anonymous</username><pt><x>359</x><y>305</y><time>26-08-20 01:55:29:098</time></pt><pt><x>2607</x><y>305</y><time>26-08-20 01:55:32:826</time></pt><pt><x>2607</x><y>1752</y><time>undefined</time></pt><pt><x>359</x><y>1752</y><time>undefined</time></pt><closed_date>26-08-20 01:55:32:827</closed_date></polygon></object></annotation>