<annotation><filename>m4_s12_185_p_nic066.jpg</filename><folder>users/joselusava//valeria/m04_s12_185_nic</folder><source><submittedBy>Jose Saca</submittedBy></source><imagesize><nrows>2910</nrows><ncols>4361</ncols></imagesize><object><name>m4_s12_185_p_nic066</name><deleted>0</deleted><verified>0</verified><occluded>no</occluded><attributes></attributes><parts><hasparts></hasparts><ispartof></ispartof></parts><date>17-10-20 23:33:31:229</date><id>0</id><type>bounding_box</type><polygon><username>anonymous</username><pt><x>1399</x><y>2876</y><time>17-10-20 23:33:24:670</time></pt><pt><x>3167</x><y>2876</y><time>17-10-20 23:33:26:181</time></pt><pt><x>3167</x><y>946</y><time>undefined</time></pt><pt><x>1399</x><y>946</y><time>undefined</time></pt><closed_date>17-10-20 23:33:26:182</closed_date></polygon></object></annotation>