<annotation><filename>m3_s01_023_p_ic045.jpg</filename><folder>users/joselusava//santiago_3</folder><source><submittedBy>Jose Saca</submittedBy></source><imagesize><nrows>2970</nrows><ncols>4451</ncols></imagesize><object><name>m3_s01_023_p_ic045</name><deleted>0</deleted><verified>0</verified><occluded>no</occluded><attributes></attributes><parts><hasparts></hasparts><ispartof></ispartof></parts><date>04-11-20 19:19:41:522</date><id>0</id><type>bounding_box</type><polygon><username>anonymous</username><pt><x>378</x><y>453</y><time>04-11-20 19:19:37:930</time></pt><pt><x>3862</x><y>453</y><time>04-11-20 19:19:39:311</time></pt><pt><x>3862</x><y>2445</y><time>undefined</time></pt><pt><x>378</x><y>2445</y><time>undefined</time></pt><closed_date>04-11-20 19:19:39:312</closed_date></polygon></object></annotation>