<annotation><filename>m2_s01_001_p_nic060.jpg</filename><folder>users/joselusava//santiago</folder><source><submittedBy>Jose Saca</submittedBy></source><imagesize><nrows>2850</nrows><ncols>4271</ncols></imagesize><object><name>m2_s01_001_p_nic060</name><deleted>0</deleted><verified>0</verified><occluded>no</occluded><attributes></attributes><parts><hasparts></hasparts><ispartof></ispartof></parts><date>19-09-20 23:04:20:566</date><id>0</id><type>bounding_box</type><polygon><username>anonymous</username><pt><x>2119</x><y>984</y><time>19-09-20 23:04:12:705</time></pt><pt><x>3651</x><y>984</y><time>19-09-20 23:04:14:698</time></pt><pt><x>3651</x><y>2574</y><time>undefined</time></pt><pt><x>2119</x><y>2574</y><time>undefined</time></pt><closed_date>19-09-20 23:04:14:700</closed_date></polygon></object></annotation>