<annotation><filename>m4_s10_157_p_ic024.jpg</filename><folder>users/joselusava//valeria/m04_s10_157_nic</folder><source><submittedBy>Jose Saca</submittedBy></source><imagesize><nrows>2970</nrows><ncols>4451</ncols></imagesize><object><name>m4_s10_157_p_nic024</name><deleted>0</deleted><verified>0</verified><occluded>no</occluded><attributes></attributes><parts><hasparts></hasparts><ispartof></ispartof></parts><date>12-10-20 19:22:38:109</date><id>0</id><type>bounding_box</type><polygon><username>anonymous</username><pt><x>129</x><y>2588</y><time>12-10-20 19:22:32:462</time></pt><pt><x>1986</x><y>2588</y><time>12-10-20 19:22:34:349</time></pt><pt><x>1986</x><y>529</y><time>undefined</time></pt><pt><x>129</x><y>529</y><time>undefined</time></pt><closed_date>12-10-20 19:22:34:349</closed_date></polygon></object></annotation>