<annotation><filename>m1_s02_029_p_ic029.jpg</filename><folder>users/joselusava//valeria/sala2_029_ic</folder><source><submittedBy>Jose Saca</submittedBy></source><imagesize><nrows>3200</nrows><ncols>4800</ncols></imagesize><object><name>m1_s02_029_p_ic029</name><deleted>0</deleted><verified>0</verified><occluded>no</occluded><attributes></attributes><parts><hasparts></hasparts><ispartof></ispartof></parts><date>22-08-20 18:52:49:516</date><id>0</id><type>bounding_box</type><polygon><username>anonymous</username><pt><x>1283</x><y>258</y><time>22-08-20 18:49:52:711</time></pt><pt><x>3528</x><y>258</y><time>22-08-20 18:49:58:684</time></pt><pt><x>3528</x><y>2932</y><time>undefined</time></pt><pt><x>1283</x><y>2932</y><time>undefined</time></pt><closed_date>22-08-20 18:49:58:685</closed_date></polygon></object></annotation>