<annotation><filename>m4_s02_015_p_nic064.jpg</filename><folder>users/joselusava//m4_js/15nic</folder><source><submittedBy>Jose Saca</submittedBy></source><imagesize><nrows>2910</nrows><ncols>4361</ncols></imagesize><object><name>m4_s02_015_p_nic064</name><deleted>0</deleted><verified>0</verified><occluded>no</occluded><attributes></attributes><parts><hasparts></hasparts><ispartof></ispartof></parts><date>06-10-20 20:07:25:515</date><id>0</id><type>bounding_box</type><polygon><username>anonymous</username><pt><x>192</x><y>270</y><time>06-10-20 20:07:22:926</time></pt><pt><x>1732</x><y>270</y><time>06-10-20 20:07:24:639</time></pt><pt><x>1732</x><y>1993</y><time>undefined</time></pt><pt><x>192</x><y>1993</y><time>undefined</time></pt><closed_date>06-10-20 20:07:24:640</closed_date></polygon></object></annotation>