<annotation><filename>m2_s01_032_p_ic021.jpg</filename><folder>users/joselusava//santiago_2</folder><source><submittedBy>Jose Saca</submittedBy></source><imagesize><nrows>2850</nrows><ncols>4271</ncols></imagesize><object><name>m2_s01_032_p_ic021</name><deleted>0</deleted><verified>0</verified><occluded>no</occluded><attributes></attributes><parts><hasparts></hasparts><ispartof></ispartof></parts><date>30-09-20 12:06:26:136</date><id>0</id><type>bounding_box</type><polygon><username>anonymous</username><pt><x>1084</x><y>301</y><time>30-09-20 12:05:05:510</time></pt><pt><x>2818</x><y>301</y><time>30-09-20 12:05:10:396</time></pt><pt><x>2818</x><y>2722</y><time>undefined</time></pt><pt><x>1084</x><y>2722</y><time>undefined</time></pt><closed_date>30-09-20 12:05:10:397</closed_date></polygon></object></annotation>