<annotation><filename>img_m1_s03-04_101_p_ic051.jpg</filename><folder>users/joselusava//valeria/sala3y4_101_ic</folder><source><submittedBy>Jose Saca</submittedBy></source><imagesize><nrows>3200</nrows><ncols>4800</ncols></imagesize><object><name>m1_s03_s04_101_p_ic051</name><deleted>0</deleted><verified>0</verified><occluded>no</occluded><attributes></attributes><parts><hasparts></hasparts><ispartof></ispartof></parts><date>29-08-20 00:22:54:703</date><id>0</id><type>bounding_box</type><polygon><username>anonymous</username><pt><x>4768</x><y>3152</y><time>29-08-20 00:22:46:534</time></pt><pt><x>424</x><y>3152</y><time>29-08-20 00:22:50:471</time></pt><pt><x>424</x><y>591</y><time>undefined</time></pt><pt><x>4768</x><y>591</y><time>undefined</time></pt><closed_date>29-08-20 00:22:50:473</closed_date></polygon></object></annotation>