<annotation><filename>m2_s07_264_p_ic017.jpg</filename><folder>users/joselusava//valeria/sala7_264_ic</folder><source><submittedBy>Jose Saca</submittedBy></source><imagesize><nrows>2910</nrows><ncols>4361</ncols></imagesize><object><name>m2_s07_264_p_ic017</name><deleted>0</deleted><verified>0</verified><occluded>no</occluded><attributes></attributes><parts><hasparts></hasparts><ispartof></ispartof></parts><date>22-09-20 18:24:16:430</date><id>0</id><type>bounding_box</type><polygon><username>anonymous</username><pt><x>2904</x><y>2364</y><time>22-09-20 18:24:10:723</time></pt><pt><x>1284</x><y>2364</y><time>22-09-20 18:24:13:319</time></pt><pt><x>1284</x><y>551</y><time>undefined</time></pt><pt><x>2904</x><y>551</y><time>undefined</time></pt><closed_date>22-09-20 18:24:13:320</closed_date></polygon></object></annotation>