<annotation><filename>m2_s01_024_p_nic014.jpg</filename><folder>users/joselusava//santiago</folder><source><submittedBy>Jose Saca</submittedBy></source><imagesize><nrows>2850</nrows><ncols>4271</ncols></imagesize><object><name>m2_s01_024_p_nic014</name><deleted>0</deleted><verified>0</verified><occluded>no</occluded><attributes></attributes><parts><hasparts></hasparts><ispartof></ispartof></parts><date>25-09-20 13:38:06:909</date><id>0</id><type>bounding_box</type><polygon><username>anonymous</username><pt><x>564</x><y>1112</y><time>25-09-20 13:37:59:331</time></pt><pt><x>1600</x><y>1112</y><time>25-09-20 13:38:00:753</time></pt><pt><x>1600</x><y>2744</y><time>undefined</time></pt><pt><x>564</x><y>2744</y><time>undefined</time></pt><closed_date>25-09-20 13:38:00:753</closed_date></polygon></object></annotation>