<annotation><filename>m2_s03_219_p_ic073.jpg</filename><folder>users/joselusava//valeria/m2_sala03_219_ic</folder><source><submittedBy>Jose Saca</submittedBy></source><imagesize><nrows>2910</nrows><ncols>4361</ncols></imagesize><object><name>m2_s03_219_p_ic073</name><deleted>0</deleted><verified>0</verified><occluded>no</occluded><attributes></attributes><parts><hasparts></hasparts><ispartof></ispartof></parts><date>29-09-20 01:04:42:960</date><id>0</id><type>bounding_box</type><polygon><username>anonymous</username><pt><x>2916</x><y>259</y><time>29-09-20 01:04:37:294</time></pt><pt><x>1246</x><y>259</y><time>29-09-20 01:04:39:348</time></pt><pt><x>1246</x><y>2425</y><time>undefined</time></pt><pt><x>2916</x><y>2425</y><time>undefined</time></pt><closed_date>29-09-20 01:04:39:349</closed_date></polygon></object></annotation>