<annotation><filename>m1_s06_144_p_nic003.jpg</filename><folder>users/joselusava//jacob_2/144nic</folder><source><submittedBy>Jose Saca</submittedBy></source><imagesize><nrows>2736</nrows><ncols>4100</ncols></imagesize><object><name>m1_s06_144_p_nic003</name><deleted>0</deleted><verified>0</verified><occluded>no</occluded><attributes></attributes><parts><hasparts></hasparts><ispartof></ispartof></parts><date>08-09-20 01:50:50:649</date><id>0</id><type>bounding_box</type><polygon><username>anonymous</username><pt><x>3715</x><y>2005</y><time>08-09-20 01:50:48:137</time></pt><pt><x>1956</x><y>2005</y><time>08-09-20 01:50:49:757</time></pt><pt><x>1956</x><y>614</y><time>undefined</time></pt><pt><x>3715</x><y>614</y><time>undefined</time></pt><closed_date>08-09-20 01:50:49:757</closed_date></polygon></object></annotation>