<annotation><filename>m4_s05_060_p_nic068.jpg</filename><folder>users/joselusava//m4_js/60/nic</folder><source><submittedBy>Jose Saca</submittedBy></source><imagesize><nrows>2910</nrows><ncols>4361</ncols></imagesize><object><name>m4_s05_060_p_nic068</name><deleted>0</deleted><verified>0</verified><occluded>no</occluded><attributes></attributes><parts><hasparts></hasparts><ispartof></ispartof></parts><date>14-10-20 00:17:57:154</date><id>0</id><type>bounding_box</type><polygon><username>anonymous</username><pt><x>3125</x><y>2194</y><time>14-10-20 00:17:55:251</time></pt><pt><x>26</x><y>2194</y><time>14-10-20 00:17:56:455</time></pt><pt><x>26</x><y>200</y><time>undefined</time></pt><pt><x>3125</x><y>200</y><time>undefined</time></pt><closed_date>14-10-20 00:17:56:456</closed_date></polygon></object></annotation>