<annotation><filename>m1_s06_144_p_nic011.jpg</filename><folder>users/joselusava//jacob_2/144nic</folder><source><submittedBy>Jose Saca</submittedBy></source><imagesize><nrows>2736</nrows><ncols>4100</ncols></imagesize><object><name>m1_s06_144_p_nic011</name><deleted>0</deleted><verified>0</verified><occluded>no</occluded><attributes></attributes><parts><hasparts></hasparts><ispartof></ispartof></parts><date>08-09-20 01:54:11:318</date><id>0</id><type>bounding_box</type><polygon><username>anonymous</username><pt><x>147</x><y>597</y><time>08-09-20 01:54:08:062</time></pt><pt><x>1915</x><y>597</y><time>08-09-20 01:54:10:666</time></pt><pt><x>1915</x><y>2062</y><time>undefined</time></pt><pt><x>147</x><y>2062</y><time>undefined</time></pt><closed_date>08-09-20 01:54:10:666</closed_date></polygon></object></annotation>