<annotation><filename>m2_s06_248_p_nic091.jpg</filename><folder>users/joselusava//museos2020</folder><source><submittedBy>Jose Saca</submittedBy></source><imagesize><nrows>2910</nrows><ncols>4361</ncols></imagesize><object><name>m2_s06_248_p_nic091</name><deleted>0</deleted><verified>0</verified><occluded>no</occluded><attributes></attributes><parts><hasparts></hasparts><ispartof></ispartof></parts><date>27-09-20 21:38:56:882</date><id>0</id><polygon><username>anonymous</username><pt><x>404</x><y>916</y><time>27-09-20 21:38:46:139</time></pt><pt><x>2427</x><y>507</y><time>27-09-20 21:38:47:200</time></pt><pt><x>2612</x><y>716</y><time>27-09-20 21:38:47:871</time></pt><pt><x>1055</x><y>1757</y><time>27-09-20 21:38:48:895</time></pt><closed_date>27-09-20 21:38:51:673</closed_date></polygon></object></annotation>