<annotation><filename>m1_s06_186_p_ic042.jpg</filename><folder>users/joselusava//jacob_2/186ic</folder><source><submittedBy>Jose Saca</submittedBy></source><imagesize><nrows>2736</nrows><ncols>4100</ncols></imagesize><object><name>s06_186_p_ic042</name><deleted>0</deleted><verified>0</verified><occluded>no</occluded><attributes></attributes><parts><hasparts></hasparts><ispartof></ispartof></parts><date>09-09-20 11:32:06:856</date><id>0</id><type>bounding_box</type><polygon><username>anonymous</username><pt><x>933</x><y>2521</y><time>09-09-20 11:32:05:064</time></pt><pt><x>2660</x><y>2521</y><time>09-09-20 11:32:06:079</time></pt><pt><x>2660</x><y>180</y><time>undefined</time></pt><pt><x>933</x><y>180</y><time>undefined</time></pt><closed_date>09-09-20 11:32:06:080</closed_date></polygon></object></annotation>