<annotation><filename>m1_s06_144_p_ic030.jpg</filename><folder>users/joselusava//jacob_2/144ic</folder><source><submittedBy>Jose Saca</submittedBy></source><imagesize><nrows>2736</nrows><ncols>4100</ncols></imagesize><object><name>m1_s06_144_p_ic030</name><deleted>0</deleted><verified>0</verified><occluded>no</occluded><attributes></attributes><parts><hasparts></hasparts><ispartof></ispartof></parts><date>07-09-20 02:33:33:852</date><id>0</id><type>bounding_box</type><polygon><username>anonymous</username><pt><x>3388</x><y>2611</y><time>07-09-20 02:33:29:460</time></pt><pt><x>1039</x><y>2611</y><time>07-09-20 02:33:31:807</time></pt><pt><x>1039</x><y>8</y><time>undefined</time></pt><pt><x>3388</x><y>8</y><time>undefined</time></pt><closed_date>07-09-20 02:33:31:807</closed_date></polygon></object></annotation>