<annotation><filename>m4_s11_178_p_nic020.jpg</filename><folder>users/joselusava//santiago_2</folder><source><submittedBy>Jose Saca</submittedBy></source><imagesize><nrows>2970</nrows><ncols>4451</ncols></imagesize><object><name>m4_s11_178_p_nic020</name><deleted>0</deleted><verified>0</verified><occluded>no</occluded><attributes></attributes><parts><hasparts></hasparts><ispartof></ispartof></parts><date>15-10-20 23:09:05:772</date><id>0</id><type>bounding_box</type><polygon><username>anonymous</username><pt><x>314</x><y>371</y><time>15-10-20 23:09:01:727</time></pt><pt><x>1681</x><y>371</y><time>15-10-20 23:09:03:293</time></pt><pt><x>1681</x><y>1660</y><time>undefined</time></pt><pt><x>314</x><y>1660</y><time>undefined</time></pt><closed_date>15-10-20 23:09:03:293</closed_date></polygon></object></annotation>