<annotation><filename>m1_s01_001_p_nic097.jpg</filename><folder>users/joselusava//juancarlos</folder><source><submittedBy>Jose Saca</submittedBy></source><imagesize><nrows>3200</nrows><ncols>4800</ncols></imagesize><object><name>m1_s01_001_p_nic097</name><deleted>0</deleted><verified>0</verified><occluded>no</occluded><attributes></attributes><parts><hasparts></hasparts><ispartof></ispartof></parts><date>12-09-20 09:38:45:313</date><id>0</id><type>bounding_box</type><polygon><username>anonymous</username><pt><x>677</x><y>1697</y><time>12-09-20 09:38:31:622</time></pt><pt><x>1947</x><y>1697</y><time>12-09-20 09:38:34:237</time></pt><pt><x>1947</x><y>2590</y><time>undefined</time></pt><pt><x>677</x><y>2590</y><time>undefined</time></pt><closed_date>12-09-20 09:38:34:239</closed_date></polygon></object></annotation>