<annotation><filename>m1_s01_004_p_nic005.jpg</filename><folder>users/joselusava//valeria_apoyo/sala01_004_nic</folder><source><submittedBy>Jose Saca</submittedBy></source><imagesize><nrows>3200</nrows><ncols>4800</ncols></imagesize><object><name>m1_s01_004_p_nic005</name><deleted>0</deleted><verified>0</verified><occluded>no</occluded><attributes></attributes><parts><hasparts></hasparts><ispartof></ispartof></parts><date>16-09-20 17:36:09:000</date><id>0</id><type>bounding_box</type><polygon><username>anonymous</username><pt><x>3745</x><y>1515</y><time>16-09-20 17:36:02:120</time></pt><pt><x>61</x><y>1515</y><time>16-09-20 17:36:05:337</time></pt><pt><x>61</x><y>727</y><time>undefined</time></pt><pt><x>3745</x><y>727</y><time>undefined</time></pt><closed_date>16-09-20 17:36:05:338</closed_date></polygon></object></annotation>