<annotation><filename>m4_s02_021_p_ic055.jpg</filename><folder>users/joselusava//santiago_2</folder><source><submittedBy>Jose Saca</submittedBy></source><imagesize><nrows>3000</nrows><ncols>4496</ncols></imagesize><object><name>m4_s02_021_p_ic055</name><deleted>0</deleted><verified>0</verified><occluded>no</occluded><attributes></attributes><parts><hasparts></hasparts><ispartof></ispartof></parts><date>04-10-20 18:54:48:686</date><id>0</id><type>bounding_box</type><polygon><username>anonymous</username><pt><x>1654</x><y>375</y><time>04-10-20 18:54:44:816</time></pt><pt><x>2807</x><y>375</y><time>04-10-20 18:54:46:835</time></pt><pt><x>2807</x><y>2407</y><time>undefined</time></pt><pt><x>1654</x><y>2407</y><time>undefined</time></pt><closed_date>04-10-20 18:54:46:837</closed_date></polygon></object></annotation>