<annotation><filename>m4_s04_037_p_ic027.jpg</filename><folder>users/joselusava//santiago_2</folder><source><submittedBy>Jose Saca</submittedBy></source><imagesize><nrows>2970</nrows><ncols>4451</ncols></imagesize><object><name>m4_s04_037_p_ic027</name><deleted>0</deleted><verified>0</verified><occluded>no</occluded><attributes></attributes><parts><hasparts></hasparts><ispartof></ispartof></parts><date>17-10-20 21:42:54:972</date><id>0</id><type>bounding_box</type><polygon><username>anonymous</username><pt><x>1406</x><y>321</y><time>17-10-20 21:42:50:594</time></pt><pt><x>2988</x><y>321</y><time>17-10-20 21:42:52:079</time></pt><pt><x>2988</x><y>2677</y><time>undefined</time></pt><pt><x>1406</x><y>2677</y><time>undefined</time></pt><closed_date>17-10-20 21:42:52:080</closed_date></polygon></object></annotation>