<annotation><filename>m1_s02_052_p_nic045.jpg</filename><folder>users/joselusava//valeria/sala2_052_nic</folder><source><submittedBy>Jose Saca</submittedBy></source><imagesize><nrows>3200</nrows><ncols>4800</ncols></imagesize><object><name>m1_s02_052_p_nic045</name><deleted>0</deleted><verified>0</verified><occluded>no</occluded><attributes></attributes><parts><hasparts></hasparts><ispartof></ispartof></parts><date>27-08-20 16:19:41:144</date><id>0</id><type>bounding_box</type><polygon><username>anonymous</username><pt><x>1401</x><y>1401</y><time>27-08-20 16:19:36:234</time></pt><pt><x>209</x><y>1401</y><time>27-08-20 16:19:38:627</time></pt><pt><x>209</x><y>387</y><time>undefined</time></pt><pt><x>1401</x><y>387</y><time>undefined</time></pt><closed_date>27-08-20 16:19:38:628</closed_date></polygon></object></annotation>