<annotation><filename>m4_s04_037_p_nic039.jpg</filename><folder>users/joselusava//santiago_2</folder><source><submittedBy>Jose Saca</submittedBy></source><imagesize><nrows>2970</nrows><ncols>4451</ncols></imagesize><object><name>m4_s04_037_p_nic039</name><deleted>0</deleted><verified>0</verified><occluded>no</occluded><attributes></attributes><parts><hasparts></hasparts><ispartof></ispartof></parts><date>19-10-20 22:17:34:100</date><id>0</id><type>bounding_box</type><polygon><username>anonymous</username><pt><x>3099</x><y>1535</y><time>19-10-20 22:17:24:586</time></pt><pt><x>3991</x><y>1535</y><time>19-10-20 22:17:25:758</time></pt><pt><x>3991</x><y>2788</y><time>undefined</time></pt><pt><x>3099</x><y>2788</y><time>undefined</time></pt><closed_date>19-10-20 22:17:25:759</closed_date></polygon></object></annotation>