<annotation><filename>img_m1_s03-04_108_p_nic020.jpg</filename><folder>users/joselusava//valeria/sala3y4_108_nic</folder><source><submittedBy>Jose Saca</submittedBy></source><imagesize><nrows>3200</nrows><ncols>4800</ncols></imagesize><object><name>m1_s03_s04_108_p_nic020</name><deleted>0</deleted><verified>0</verified><occluded>no</occluded><attributes></attributes><parts><hasparts></hasparts><ispartof></ispartof></parts><date>02-09-20 17:14:37:195</date><id>0</id><type>bounding_box</type><polygon><username>anonymous</username><pt><x>4788</x><y>2788</y><time>02-09-20 17:14:29:221</time></pt><pt><x>1158</x><y>2788</y><time>02-09-20 17:14:33:465</time></pt><pt><x>1158</x><y>703</y><time>undefined</time></pt><pt><x>4788</x><y>703</y><time>undefined</time></pt><closed_date>02-09-20 17:14:33:466</closed_date></polygon></object></annotation>