<annotation><filename>m2_s06_250_p_ic0015.jpg</filename><folder>users/joselusava//valeria/m2_sala06_250_ic</folder><source><submittedBy>Jose Saca</submittedBy></source><imagesize><nrows>2910</nrows><ncols>4361</ncols></imagesize><object><name>m2_s06_250_p_ic015</name><deleted>0</deleted><verified>0</verified><occluded>no</occluded><attributes></attributes><parts><hasparts></hasparts><ispartof></ispartof></parts><date>30-09-20 22:14:07:343</date><id>0</id><type>bounding_box</type><polygon><username>anonymous</username><pt><x>424</x><y>2739</y><time>30-09-20 22:13:59:002</time></pt><pt><x>3880</x><y>2739</y><time>30-09-20 22:14:00:775</time></pt><pt><x>3880</x><y>606</y><time>undefined</time></pt><pt><x>424</x><y>606</y><time>undefined</time></pt><closed_date>30-09-20 22:14:00:776</closed_date></polygon></object></annotation>