<annotation><filename>m2_s06_250_p_ic070.jpg</filename><folder>users/joselusava//valeria/m2_sala06_250_ic</folder><source><submittedBy>Jose Saca</submittedBy></source><imagesize><nrows>2910</nrows><ncols>4361</ncols></imagesize><object><name>m2_s06_250_p_ic069</name><deleted>0</deleted><verified>0</verified><occluded>no</occluded><attributes></attributes><parts><hasparts></hasparts><ispartof></ispartof></parts><date>30-09-20 23:57:00:596</date><id>0</id><type>bounding_box</type><polygon><username>anonymous</username><pt><x>265</x><y>2282</y><time>30-09-20 23:56:45:934</time></pt><pt><x>4106</x><y>2282</y><time>30-09-20 23:56:48:199</time></pt><pt><x>4106</x><y>628</y><time>undefined</time></pt><pt><x>265</x><y>628</y><time>undefined</time></pt><closed_date>30-09-20 23:56:48:200</closed_date></polygon></object></annotation>