<annotation><filename>m4_s10_157_p_ic082.jpg</filename><folder>users/joselusava//valeria/m04_s10_157_ic</folder><source><submittedBy>Jose Saca</submittedBy></source><imagesize><nrows>2970</nrows><ncols>4451</ncols></imagesize><object><name>m4_s10_157_p_ic082</name><deleted>0</deleted><verified>0</verified><occluded>no</occluded><attributes></attributes><parts><hasparts></hasparts><ispartof></ispartof></parts><date>12-10-20 18:14:33:867</date><id>0</id><type>bounding_box</type><polygon><username>anonymous</username><pt><x>1164</x><y>2745</y><time>12-10-20 18:14:27:996</time></pt><pt><x>3336</x><y>2745</y><time>12-10-20 18:14:30:142</time></pt><pt><x>3336</x><y>354</y><time>undefined</time></pt><pt><x>1164</x><y>354</y><time>undefined</time></pt><closed_date>12-10-20 18:14:30:142</closed_date></polygon></object></annotation>