<annotation><filename>m2_s05_236_p_nic077.jpg</filename><folder>users/joselusava//museos2020</folder><source><submittedBy>Jose Saca</submittedBy></source><imagesize><nrows>2910</nrows><ncols>4361</ncols></imagesize><object><name>m2_s05_236_p_nic077</name><deleted>0</deleted><verified>0</verified><occluded>no</occluded><attributes></attributes><parts><hasparts></hasparts><ispartof></ispartof></parts><date>17-09-20 09:06:21:923</date><id>0</id><type>bounding_box</type><polygon><username>anonymous</username><pt><x>958</x><y>637</y><time>17-09-20 09:06:06:981</time></pt><pt><x>3905</x><y>637</y><time>17-09-20 09:06:08:517</time></pt><pt><x>3905</x><y>2659</y><time>undefined</time></pt><pt><x>958</x><y>2659</y><time>undefined</time></pt><closed_date>17-09-20 09:06:08:518</closed_date></polygon></object></annotation>