<annotation><filename>m2_s01_014_x.jpg</filename><folder>users/joselusava//santiago</folder><source><submittedBy>Jose Saca</submittedBy></source><imagesize><nrows>2850</nrows><ncols>4271</ncols></imagesize><object><name>m2_s01_014_x</name><deleted>0</deleted><verified>0</verified><occluded>no</occluded><attributes></attributes><parts><hasparts></hasparts><ispartof></ispartof></parts><date>21-09-20 13:36:10:199</date><id>0</id><type>bounding_box</type><polygon><username>anonymous</username><pt><x>1391</x><y>436</y><time>21-09-20 13:36:01:145</time></pt><pt><x>2783</x><y>436</y><time>21-09-20 13:36:03:922</time></pt><pt><x>2783</x><y>2026</y><time>undefined</time></pt><pt><x>1391</x><y>2026</y><time>undefined</time></pt><closed_date>21-09-20 13:36:03:923</closed_date></polygon></object></annotation>