<annotation><filename>m2_s02_190_p_ic028.jpg</filename><folder>users/joselusava//m2_jsv/190/ic</folder><source><submittedBy>Jose Saca</submittedBy></source><imagesize><nrows>2910</nrows><ncols>4361</ncols></imagesize><object><name>m2_s02_190_p_ic028</name><deleted>0</deleted><verified>0</verified><occluded>no</occluded><attributes></attributes><parts><hasparts></hasparts><ispartof></ispartof></parts><date>21-09-20 14:17:10:055</date><id>0</id><type>bounding_box</type><polygon><username>anonymous</username><pt><x>2653</x><y>2627</y><time>21-09-20 14:17:08:036</time></pt><pt><x>1587</x><y>2627</y><time>21-09-20 14:17:09:350</time></pt><pt><x>1587</x><y>720</y><time>undefined</time></pt><pt><x>2653</x><y>720</y><time>undefined</time></pt><closed_date>21-09-20 14:17:09:350</closed_date></polygon></object></annotation>