<annotation><filename>m1_s02_036_p_nic042.jpg</filename><folder>users/joselusava//valeria/sala2_036_nic</folder><source><submittedBy>Jose Saca</submittedBy></source><imagesize><nrows>3200</nrows><ncols>4800</ncols></imagesize><object><name>m1_s02_036_p_nic042</name><deleted>0</deleted><verified>0</verified><occluded>no</occluded><attributes></attributes><parts><hasparts></hasparts><ispartof></ispartof></parts><date>26-08-20 23:45:02:710</date><id>0</id><type>bounding_box</type><polygon><username>anonymous</username><pt><x>419</x><y>1659</y><time>26-08-20 23:44:57:182</time></pt><pt><x>1702</x><y>1659</y><time>26-08-20 23:44:59:671</time></pt><pt><x>1702</x><y>2803</y><time>undefined</time></pt><pt><x>419</x><y>2803</y><time>undefined</time></pt><closed_date>26-08-20 23:44:59:672</closed_date></polygon></object></annotation>