<annotation><filename>img_m1_s03-04_108_p_nic092.jpg</filename><folder>users/joselusava//valeria/sala3y4_108_nic</folder><source><submittedBy>Jose Saca</submittedBy></source><imagesize><nrows>3200</nrows><ncols>4800</ncols></imagesize><object><name>m1_s03_s04_108_p_nic092</name><deleted>0</deleted><verified>0</verified><occluded>no</occluded><attributes></attributes><parts><hasparts></hasparts><ispartof></ispartof></parts><date>02-09-20 21:43:11:903</date><id>0</id><type>bounding_box</type><polygon><username>anonymous</username><pt><x>4600</x><y>1400</y><time>02-09-20 21:43:04:568</time></pt><pt><x>1382</x><y>1400</y><time>02-09-20 21:43:08:064</time></pt><pt><x>1382</x><y>588</y><time>undefined</time></pt><pt><x>4600</x><y>588</y><time>undefined</time></pt><closed_date>02-09-20 21:43:08:065</closed_date></polygon></object></annotation>