<annotation><filename>m4_s10_154_p_nic091.jpg</filename><folder>users/joselusava//valeria/m04_s10_154_nic</folder><source><submittedBy>Jose Saca</submittedBy></source><imagesize><nrows>2970</nrows><ncols>4451</ncols></imagesize><object><name>m4_s10_154_p_nic091</name><deleted>0</deleted><verified>0</verified><occluded>no</occluded><attributes></attributes><parts><hasparts></hasparts><ispartof></ispartof></parts><date>14-10-20 16:01:17:192</date><id>0</id><type>bounding_box</type><polygon><username>anonymous</username><pt><x>274</x><y>2325</y><time>14-10-20 16:01:12:329</time></pt><pt><x>1982</x><y>2325</y><time>14-10-20 16:01:14:180</time></pt><pt><x>1982</x><y>388</y><time>undefined</time></pt><pt><x>274</x><y>388</y><time>undefined</time></pt><closed_date>14-10-20 16:01:14:182</closed_date></polygon></object></annotation>