<annotation><filename>m2_s05_236_p_ic008.jpg</filename><folder>users/joselusava//museos2020</folder><source><submittedBy>Jose Saca</submittedBy></source><imagesize><nrows>2910</nrows><ncols>4361</ncols></imagesize><object><name>m2_s05_236_p_ic008</name><deleted>0</deleted><verified>0</verified><occluded>no</occluded><attributes></attributes><parts><hasparts></hasparts><ispartof></ispartof></parts><date>16-09-20 17:54:05:231</date><id>0</id><type>bounding_box</type><polygon><username>anonymous</username><pt><x>311</x><y>98</y><time>16-09-20 17:53:53:579</time></pt><pt><x>4100</x><y>98</y><time>16-09-20 17:53:56:290</time></pt><pt><x>4100</x><y>2854</y><time>undefined</time></pt><pt><x>311</x><y>2854</y><time>undefined</time></pt><closed_date>16-09-20 17:53:56:290</closed_date></polygon></object></annotation>