<annotation><filename>m4_s10_154_p_ic035.jpg</filename><folder>users/joselusava//valeria/m04_s10_154_ic</folder><source><submittedBy>Jose Saca</submittedBy></source><imagesize><nrows>2970</nrows><ncols>4451</ncols></imagesize><object><name>m4_s10_154_p_ic035</name><deleted>0</deleted><verified>0</verified><occluded>no</occluded><attributes></attributes><parts><hasparts></hasparts><ispartof></ispartof></parts><date>13-10-20 21:54:37:326</date><id>0</id><type>bounding_box</type><polygon><username>anonymous</username><pt><x>2873</x><y>2730</y><time>13-10-20 21:54:29:869</time></pt><pt><x>1474</x><y>2730</y><time>13-10-20 21:54:33:480</time></pt><pt><x>1474</x><y>251</y><time>undefined</time></pt><pt><x>2873</x><y>251</y><time>undefined</time></pt><closed_date>13-10-20 21:54:33:481</closed_date></polygon></object></annotation>