<annotation><filename>m2_s01_018_p_ic023.jpg</filename><folder>users/joselusava//santiago_2</folder><source><submittedBy>Jose Saca</submittedBy></source><imagesize><nrows>2850</nrows><ncols>4271</ncols></imagesize><object><name>m2_s01_018_p_ic023</name><deleted>0</deleted><verified>0</verified><occluded>no</occluded><attributes></attributes><parts><hasparts></hasparts><ispartof></ispartof></parts><date>28-09-20 16:03:46:246</date><id>0</id><type>bounding_box</type><polygon><username>anonymous</username><pt><x>1446</x><y>914</y><time>28-09-20 16:03:34:729</time></pt><pt><x>2744</x><y>914</y><time>28-09-20 16:03:38:430</time></pt><pt><x>2744</x><y>2549</y><time>undefined</time></pt><pt><x>1446</x><y>2549</y><time>undefined</time></pt><closed_date>28-09-20 16:03:38:430</closed_date></polygon></object></annotation>