<annotation><filename>m4_s05_049_x.jpg</filename><folder>users/joselusava//kath/m4_x</folder><source><submittedBy>Jose Saca</submittedBy></source><imagesize><nrows>2910</nrows><ncols>4361</ncols></imagesize><object><name>m4_s05_049_x</name><deleted>0</deleted><verified>0</verified><occluded>no</occluded><attributes></attributes><parts><hasparts></hasparts><ispartof></ispartof></parts><date>20-10-20 09:22:30:609</date><id>0</id><polygon><username>anonymous</username><pt><x>2773</x><y>720</y><time>20-10-20 09:22:21:606</time></pt><pt><x>2764</x><y>2844</y><time>20-10-20 09:22:22:474</time></pt><pt><x>1215</x><y>2792</y><time>20-10-20 09:22:23:298</time></pt><pt><x>1135</x><y>673</y><time>20-10-20 09:22:26:843</time></pt><closed_date>20-10-20 09:22:27:739</closed_date></polygon></object></annotation>