<annotation><filename>m1_s06_168_p_ic005.jpg</filename><folder>users/joselusava//jacob_2/168ic</folder><source><submittedBy>Jose Saca</submittedBy></source><imagesize><nrows>2736</nrows><ncols>4100</ncols></imagesize><object><name>m1_s06_168_p_ic005</name><deleted>0</deleted><verified>0</verified><occluded>no</occluded><attributes></attributes><parts><hasparts></hasparts><ispartof></ispartof></parts><date>08-09-20 19:38:10:991</date><id>0</id><type>bounding_box</type><polygon><username>anonymous</username><pt><x>1072</x><y>2521</y><time>08-09-20 19:38:07:708</time></pt><pt><x>2758</x><y>2521</y><time>08-09-20 19:38:10:185</time></pt><pt><x>2758</x><y>229</y><time>undefined</time></pt><pt><x>1072</x><y>229</y><time>undefined</time></pt><closed_date>08-09-20 19:38:10:185</closed_date></polygon></object></annotation>