<annotation><filename>m4_s07_105_p_ic080.jpg</filename><folder>users/joselusava//kath/m4_105</folder><source><submittedBy>Jose Saca</submittedBy></source><imagesize><nrows>2970</nrows><ncols>4451</ncols></imagesize><object><name>m4_s07_105_p_ic080</name><deleted>0</deleted><verified>0</verified><occluded>no</occluded><attributes></attributes><parts><hasparts></hasparts><ispartof></ispartof></parts><date>29-10-20 09:02:25:782</date><id>0</id><type>bounding_box</type><polygon><username>anonymous</username><pt><x>1845</x><y>2557</y><time>29-10-20 09:02:20:520</time></pt><pt><x>2874</x><y>2557</y><time>29-10-20 09:02:23:407</time></pt><pt><x>2874</x><y>408</y><time>undefined</time></pt><pt><x>1845</x><y>408</y><time>undefined</time></pt><closed_date>29-10-20 09:02:23:408</closed_date></polygon></object></annotation>