<annotation><filename>m4_s04_039_p_ic071.jpg</filename><folder>users/joselusava//santiago_2</folder><source><submittedBy>Jose Saca</submittedBy></source><imagesize><nrows>2970</nrows><ncols>4451</ncols></imagesize><object><name>m4_s04_039_p_ic071</name><deleted>0</deleted><verified>0</verified><occluded>no</occluded><attributes></attributes><parts><hasparts></hasparts><ispartof></ispartof></parts><date>20-10-20 22:19:58:639</date><id>0</id><type>bounding_box</type><polygon><username>anonymous</username><pt><x>1817</x><y>175</y><time>20-10-20 22:19:55:102</time></pt><pt><x>2756</x><y>175</y><time>20-10-20 22:19:56:714</time></pt><pt><x>2756</x><y>2767</y><time>undefined</time></pt><pt><x>1817</x><y>2767</y><time>undefined</time></pt><closed_date>20-10-20 22:19:56:714</closed_date></polygon></object></annotation>