<annotation><filename>m4_s05_055_p_ic071.jpg</filename><folder>users/joselusava//valeria/m4_s05_055_ic</folder><source><submittedBy>Jose Saca</submittedBy></source><imagesize><nrows>2910</nrows><ncols>4361</ncols></imagesize><object><name>m4_s05_055_p_ic071</name><deleted>0</deleted><verified>0</verified><occluded>no</occluded><attributes></attributes><parts><hasparts></hasparts><ispartof></ispartof></parts><date>09-10-20 12:08:38:458</date><id>0</id><type>bounding_box</type><polygon><username>anonymous</username><pt><x>1119</x><y>375</y><time>09-10-20 12:08:27:859</time></pt><pt><x>2739</x><y>375</y><time>09-10-20 12:08:32:060</time></pt><pt><x>2739</x><y>2293</y><time>undefined</time></pt><pt><x>1119</x><y>2293</y><time>undefined</time></pt><closed_date>09-10-20 12:08:32:074</closed_date></polygon></object></annotation>