<annotation><filename>m2_s05_236_p_ic099.jpg</filename><folder>users/joselusava//museos2020</folder><source><submittedBy>Jose Saca</submittedBy></source><imagesize><nrows>2910</nrows><ncols>4361</ncols></imagesize><object><name>m2_s05_236_p_ic099</name><deleted>0</deleted><verified>0</verified><occluded>no</occluded><attributes></attributes><parts><hasparts></hasparts><ispartof></ispartof></parts><date>16-09-20 19:36:41:267</date><id>0</id><type>bounding_box</type><polygon><username>anonymous</username><pt><x>869</x><y>488</y><time>16-09-20 19:36:34:239</time></pt><pt><x>3375</x><y>488</y><time>16-09-20 19:36:35:465</time></pt><pt><x>3375</x><y>2510</y><time>undefined</time></pt><pt><x>869</x><y>2510</y><time>undefined</time></pt><closed_date>16-09-20 19:36:35:465</closed_date></polygon></object></annotation>