<annotation><filename>m1_s01_001_p_nic049.jpg</filename><folder>users/joselusava//juancarlos</folder><source><submittedBy>Jose Saca</submittedBy></source><imagesize><nrows>3200</nrows><ncols>4800</ncols></imagesize><object><name>m1_s01_001_p_nic049</name><deleted>0</deleted><verified>0</verified><occluded>no</occluded><attributes></attributes><parts><hasparts></hasparts><ispartof></ispartof></parts><date>09-09-20 16:55:17:001</date><id>0</id><type>bounding_box</type><polygon><username>anonymous</username><pt><x>1697</x><y>466</y><time>09-09-20 09:28:38:530</time></pt><pt><x>2723</x><y>466</y><time>09-09-20 09:28:41:172</time></pt><pt><x>2723</x><y>1004</y><time>undefined</time></pt><pt><x>1697</x><y>1004</y><time>undefined</time></pt><closed_date>09-09-20 09:28:41:173</closed_date></polygon></object></annotation>