<annotation><filename>img_m1_s03-04_101_p_ic008.jpg</filename><folder>users/joselusava//valeria/sala3y4_101_ic</folder><source><submittedBy>Jose Saca</submittedBy></source><imagesize><nrows>3200</nrows><ncols>4800</ncols></imagesize><object><name>m1_s03_s04_101_p_ic008</name><deleted>0</deleted><verified>0</verified><occluded>no</occluded><attributes></attributes><parts><hasparts></hasparts><ispartof></ispartof></parts><date>28-08-20 22:26:22:316</date><id>0</id><type>bounding_box</type><polygon><username>anonymous</username><pt><x>4757</x><y>2244</y><time>28-08-20 22:26:15:335</time></pt><pt><x>118</x><y>2244</y><time>28-08-20 22:26:18:308</time></pt><pt><x>118</x><y>795</y><time>undefined</time></pt><pt><x>4757</x><y>795</y><time>undefined</time></pt><closed_date>28-08-20 22:26:18:310</closed_date></polygon></object></annotation>