<annotation><filename>m3_s01_013_p_nic031.jpg</filename><folder>users/joselusava//valeria/m03_s01_13_nic</folder><source><submittedBy>Jose Saca</submittedBy></source><imagesize><nrows>2970</nrows><ncols>4451</ncols></imagesize><object><name>m3_s01_013_p_nic031</name><deleted>0</deleted><verified>0</verified><occluded>no</occluded><attributes></attributes><parts><hasparts></hasparts><ispartof></ispartof></parts><date>06-11-20 21:21:55:981</date><id>0</id><type>bounding_box</type><polygon><username>anonymous</username><pt><x>2410</x><y>2747</y><time>06-11-20 21:21:50:283</time></pt><pt><x>251</x><y>2747</y><time>06-11-20 21:21:52:187</time></pt><pt><x>251</x><y>348</y><time>undefined</time></pt><pt><x>2410</x><y>348</y><time>undefined</time></pt><closed_date>06-11-20 21:21:52:188</closed_date></polygon></object></annotation>