<annotation><filename>m2_s01_038_x.jpg</filename><folder>users/joselusava//juancarlos</folder><source><submittedBy>Jose Saca</submittedBy></source><imagesize><nrows>2850</nrows><ncols>4271</ncols></imagesize><object><name>m2_s01_038_x</name><deleted>0</deleted><verified>0</verified><occluded>no</occluded><attributes></attributes><parts><hasparts></hasparts><ispartof></ispartof></parts><date>28-09-20 11:00:52:752</date><id>0</id><type>bounding_box</type><polygon><username>anonymous</username><pt><x>738</x><y>856</y><time>28-09-20 11:00:45:198</time></pt><pt><x>3578</x><y>856</y><time>28-09-20 11:00:46:986</time></pt><pt><x>3578</x><y>2263</y><time>undefined</time></pt><pt><x>738</x><y>2263</y><time>undefined</time></pt><closed_date>28-09-20 11:00:46:988</closed_date></polygon></object></annotation>