<annotation><filename>m2_s01_027_x.jpg</filename><folder>users/joselusava//santiago</folder><source><submittedBy>Jose Saca</submittedBy></source><imagesize><nrows>2850</nrows><ncols>4271</ncols></imagesize><object><name>m2_s01_027_x</name><deleted>0</deleted><verified>0</verified><occluded>no</occluded><attributes></attributes><parts><hasparts></hasparts><ispartof></ispartof></parts><date>24-09-20 00:30:28:877</date><id>0</id><type>bounding_box</type><polygon><username>anonymous</username><pt><x>1295</x><y>103</y><time>24-09-20 00:30:20:553</time></pt><pt><x>2789</x><y>103</y><time>24-09-20 00:30:22:201</time></pt><pt><x>2789</x><y>2658</y><time>undefined</time></pt><pt><x>1295</x><y>2658</y><time>undefined</time></pt><closed_date>24-09-20 00:30:22:202</closed_date></polygon></object></annotation>