<annotation><filename>m2_s01_034_p_nic076.jpg</filename><folder>users/joselusava//kath</folder><source><submittedBy>Jose Saca</submittedBy></source><imagesize><nrows>2850</nrows><ncols>4271</ncols></imagesize><object><name>m2_s01_034_p_nic076</name><deleted>0</deleted><verified>0</verified><occluded>no</occluded><attributes></attributes><parts><hasparts></hasparts><ispartof></ispartof></parts><date>25-09-20 20:46:31:286</date><id>0</id><type>bounding_box</type><polygon><username>anonymous</username><pt><x>329</x><y>2027</y><time>25-09-20 20:46:25:186</time></pt><pt><x>1182</x><y>2027</y><time>25-09-20 20:46:28:714</time></pt><pt><x>1182</x><y>709</y><time>undefined</time></pt><pt><x>329</x><y>709</y><time>undefined</time></pt><closed_date>25-09-20 20:46:28:714</closed_date></polygon></object></annotation>