<annotation><filename>m2_s03_210_x.jpg</filename><folder>users/joselusava//juancarlos</folder><source><submittedBy>Jose Saca</submittedBy></source><imagesize><nrows>2910</nrows><ncols>4361</ncols></imagesize><object><name>m2_s03_210_x</name><deleted>0</deleted><verified>0</verified><occluded>no</occluded><attributes></attributes><parts><hasparts></hasparts><ispartof></ispartof></parts><date>30-09-20 16:06:54:269</date><id>0</id><polygon><username>anonymous</username><pt><x>1329</x><y>302</y><time>30-09-20 16:06:41:835</time></pt><pt><x>1255</x><y>2459</y><time>30-09-20 16:06:43:241</time></pt><pt><x>3147</x><y>2496</y><time>30-09-20 16:06:44:400</time></pt><pt><x>2891</x><y>525</y><time>30-09-20 16:06:45:329</time></pt><closed_date>30-09-20 16:06:46:617</closed_date></polygon></object></annotation>