<annotation><filename>m4_s04_039_p_ic033.jpg</filename><folder>users/joselusava//santiago_2</folder><source><submittedBy>Jose Saca</submittedBy></source><imagesize><nrows>2970</nrows><ncols>4451</ncols></imagesize><object><name>m4_s04_039_p_ic033</name><deleted>0</deleted><verified>0</verified><occluded>no</occluded><attributes></attributes><parts><hasparts></hasparts><ispartof></ispartof></parts><date>20-10-20 21:41:26:078</date><id>0</id><type>bounding_box</type><polygon><username>anonymous</username><pt><x>1835</x><y>189</y><time>20-10-20 21:41:22:307</time></pt><pt><x>2624</x><y>189</y><time>20-10-20 21:41:24:292</time></pt><pt><x>2624</x><y>2938</y><time>undefined</time></pt><pt><x>1835</x><y>2938</y><time>undefined</time></pt><closed_date>20-10-20 21:41:24:294</closed_date></polygon></object></annotation>