<annotation><filename>m1_s02_052_p_nic048.jpg</filename><folder>users/joselusava//valeria/sala2_052_nic</folder><source><submittedBy>Jose Saca</submittedBy></source><imagesize><nrows>3200</nrows><ncols>4800</ncols></imagesize><object><name>m1_s02_052_p_nic048</name><deleted>0</deleted><verified>0</verified><occluded>no</occluded><attributes></attributes><parts><hasparts></hasparts><ispartof></ispartof></parts><date>27-08-20 16:24:41:419</date><id>0</id><type>bounding_box</type><polygon><username>anonymous</username><pt><x>2550</x><y>1380</y><time>27-08-20 16:24:36:516</time></pt><pt><x>1358</x><y>1380</y><time>27-08-20 16:24:38:166</time></pt><pt><x>1358</x><y>247</y><time>undefined</time></pt><pt><x>2550</x><y>247</y><time>undefined</time></pt><closed_date>27-08-20 16:24:38:167</closed_date></polygon></object></annotation>