<annotation><filename>m2_s01_018_p_ic012.jpg</filename><folder>users/joselusava//santiago_2</folder><source><submittedBy>Jose Saca</submittedBy></source><imagesize><nrows>3000</nrows><ncols>4496</ncols></imagesize><object><name>m2_s01_018_p_ic012</name><deleted>0</deleted><verified>0</verified><occluded>no</occluded><attributes></attributes><parts><hasparts></hasparts><ispartof></ispartof></parts><date>26-09-20 18:50:00:661</date><id>0</id><type>bounding_box</type><polygon><username>anonymous</username><pt><x>1643</x><y>817</y><time>26-09-20 18:49:51:579</time></pt><pt><x>2892</x><y>817</y><time>26-09-20 18:49:53:151</time></pt><pt><x>2892</x><y>2423</y><time>undefined</time></pt><pt><x>1643</x><y>2423</y><time>undefined</time></pt><closed_date>26-09-20 18:49:53:153</closed_date></polygon></object></annotation>