<annotation><filename>m4_s02_015_p_ic083.jpg</filename><folder>users/joselusava//m4_js/15ic</folder><source><submittedBy>Jose Saca</submittedBy></source><imagesize><nrows>2910</nrows><ncols>4361</ncols></imagesize><object><name>m4_s02_015_p_ic083</name><deleted>0</deleted><verified>0</verified><occluded>no</occluded><attributes></attributes><parts><hasparts></hasparts><ispartof></ispartof></parts><date>03-10-20 19:43:52:461</date><id>0</id><type>bounding_box</type><polygon><username>anonymous</username><pt><x>2873</x><y>479</y><time>03-10-20 19:43:48:495</time></pt><pt><x>1306</x><y>479</y><time>03-10-20 19:43:50:114</time></pt><pt><x>1306</x><y>2603</y><time>undefined</time></pt><pt><x>2873</x><y>2603</y><time>undefined</time></pt><closed_date>03-10-20 19:43:50:115</closed_date></polygon></object></annotation>