<annotation><filename>m2_s06_250_p_ic013.jpg</filename><folder>users/joselusava//valeria/m2_sala06_250_ic</folder><source><submittedBy>Jose Saca</submittedBy></source><imagesize><nrows>2910</nrows><ncols>4361</ncols></imagesize><object><name>m2_s06_250_p_ic013</name><deleted>0</deleted><verified>0</verified><occluded>no</occluded><attributes></attributes><parts><hasparts></hasparts><ispartof></ispartof></parts><date>30-09-20 22:12:25:311</date><id>0</id><type>bounding_box</type><polygon><username>anonymous</username><pt><x>557</x><y>2712</y><time>30-09-20 22:12:18:711</time></pt><pt><x>3963</x><y>2712</y><time>30-09-20 22:12:21:310</time></pt><pt><x>3963</x><y>783</y><time>undefined</time></pt><pt><x>557</x><y>783</y><time>undefined</time></pt><closed_date>30-09-20 22:12:21:311</closed_date></polygon></object></annotation>