<annotation><filename>m2_s01_058_p_nic021.jpg</filename><folder>users/joselusava//m2_jsv/58/nic</folder><source><submittedBy>Jose Saca</submittedBy></source><imagesize><nrows>2850</nrows><ncols>4271</ncols></imagesize><object><name>m2_s01_058_p_nic021</name><deleted>0</deleted><verified>0</verified><occluded>no</occluded><attributes></attributes><parts><hasparts></hasparts><ispartof></ispartof></parts><date>29-09-20 22:58:33:329</date><id>0</id><type>bounding_box</type><polygon><username>anonymous</username><pt><x>2148</x><y>1458</y><time>29-09-20 22:58:31:514</time></pt><pt><x>469</x><y>1458</y><time>29-09-20 22:58:32:721</time></pt><pt><x>469</x><y>2771</y><time>undefined</time></pt><pt><x>2148</x><y>2771</y><time>undefined</time></pt><closed_date>29-09-20 22:58:32:722</closed_date></polygon></object></annotation>