<annotation><filename>m1_s02_065_p_ic094.jpg</filename><folder>users/joselusava//valeria/sala2_065_ic</folder><source><submittedBy>Jose Saca</submittedBy></source><imagesize><nrows>2000</nrows><ncols>2992</ncols></imagesize><object><name>m1_s02_065_p_ic094</name><deleted>0</deleted><verified>0</verified><occluded>no</occluded><attributes></attributes><parts><hasparts></hasparts><ispartof></ispartof></parts><date>26-08-20 01:43:08:541</date><id>0</id><type>bounding_box</type><polygon><username>anonymous</username><pt><x>305</x><y>379</y><time>26-08-20 01:43:02:314</time></pt><pt><x>2648</x><y>379</y><time>26-08-20 01:43:05:190</time></pt><pt><x>2648</x><y>1876</y><time>undefined</time></pt><pt><x>305</x><y>1876</y><time>undefined</time></pt><closed_date>26-08-20 01:43:05:191</closed_date></polygon></object></annotation>