<annotation><filename>m2_s06_244_p_nic018.jpg</filename><folder>users/joselusava//museos2020</folder><source><submittedBy>Jose Saca</submittedBy></source><imagesize><nrows>2910</nrows><ncols>4361</ncols></imagesize><object><name>m2_s06_244_p_nic018</name><deleted>0</deleted><verified>0</verified><occluded>no</occluded><attributes></attributes><parts><hasparts></hasparts><ispartof></ispartof></parts><date>24-09-20 19:59:00:744</date><id>0</id><type>bounding_box</type><polygon><username>anonymous</username><pt><x>311</x><y>1753</y><time>24-09-20 19:58:52:230</time></pt><pt><x>1962</x><y>1753</y><time>24-09-20 19:58:54:287</time></pt><pt><x>1962</x><y>2566</y><time>undefined</time></pt><pt><x>311</x><y>2566</y><time>undefined</time></pt><closed_date>24-09-20 19:58:54:289</closed_date></polygon></object></annotation>