<annotation><filename>m2_s02_129_p_nic038.jpg</filename><folder>users/joselusava//m2_jsv/129/nic</folder><source><submittedBy>Jose Saca</submittedBy></source><imagesize><nrows>2910</nrows><ncols>4361</ncols></imagesize><object><name>m2_s02_129_p_nic038</name><deleted>0</deleted><verified>0</verified><occluded>no</occluded><attributes></attributes><parts><hasparts></hasparts><ispartof></ispartof></parts><date>25-09-20 07:37:57:167</date><id>0</id><type>bounding_box</type><polygon><username>anonymous</username><pt><x>3917</x><y>2115</y><time>25-09-20 07:37:55:039</time></pt><pt><x>2977</x><y>2115</y><time>25-09-20 07:37:56:546</time></pt><pt><x>2977</x><y>1105</y><time>undefined</time></pt><pt><x>3917</x><y>1105</y><time>undefined</time></pt><closed_date>25-09-20 07:37:56:546</closed_date></polygon></object></annotation>