<annotation><filename>m2_s01_010_p_ic083.jpg</filename><folder>users/joselusava//santiago</folder><source><submittedBy>Jose Saca</submittedBy></source><imagesize><nrows>2850</nrows><ncols>4271</ncols></imagesize><object><name>m2_s01_010_p_ic083</name><deleted>0</deleted><verified>0</verified><occluded>no</occluded><attributes></attributes><parts><hasparts></hasparts><ispartof></ispartof></parts><date>21-09-20 23:32:30:103</date><id>0</id><type>bounding_box</type><polygon><username>anonymous</username><pt><x>1250</x><y>558</y><time>21-09-20 23:32:22:256</time></pt><pt><x>2856</x><y>558</y><time>21-09-20 23:32:24:039</time></pt><pt><x>2856</x><y>2366</y><time>undefined</time></pt><pt><x>1250</x><y>2366</y><time>undefined</time></pt><closed_date>21-09-20 23:32:24:040</closed_date></polygon></object></annotation>