<annotation><filename>m4_s04_037_p_nic026.jpg</filename><folder>users/joselusava//santiago_2</folder><source><submittedBy>Jose Saca</submittedBy></source><imagesize><nrows>2970</nrows><ncols>4451</ncols></imagesize><object><name>m4_s04_037_p_nic026</name><deleted>0</deleted><verified>0</verified><occluded>no</occluded><attributes></attributes><parts><hasparts></hasparts><ispartof></ispartof></parts><date>19-10-20 22:09:01:898</date><id>0</id><type>bounding_box</type><polygon><username>anonymous</username><pt><x>3152</x><y>835</y><time>19-10-20 22:08:54:646</time></pt><pt><x>4202</x><y>835</y><time>19-10-20 22:08:55:886</time></pt><pt><x>4202</x><y>2206</y><time>undefined</time></pt><pt><x>3152</x><y>2206</y><time>undefined</time></pt><closed_date>19-10-20 22:08:55:888</closed_date></polygon></object></annotation>