<annotation><filename>m4_s10_154_p_ic089.jpg</filename><folder>users/joselusava//valeria/m04_s10_154_ic</folder><source><submittedBy>Jose Saca</submittedBy></source><imagesize><nrows>2970</nrows><ncols>4451</ncols></imagesize><object><name>m4_s10_154_p_ic089</name><deleted>0</deleted><verified>0</verified><occluded>no</occluded><attributes></attributes><parts><hasparts></hasparts><ispartof></ispartof></parts><date>13-10-20 23:15:46:586</date><id>0</id><type>bounding_box</type><polygon><username>anonymous</username><pt><x>914</x><y>2713</y><time>13-10-20 23:15:41:971</time></pt><pt><x>3130</x><y>2713</y><time>13-10-20 23:15:43:560</time></pt><pt><x>3130</x><y>411</y><time>undefined</time></pt><pt><x>914</x><y>411</y><time>undefined</time></pt><closed_date>13-10-20 23:15:43:561</closed_date></polygon></object></annotation>