<annotation><filename>m2_s01_001_p_ic089.jpg</filename><folder>users/joselusava//santiago</folder><source><submittedBy>Jose Saca</submittedBy></source><imagesize><nrows>2850</nrows><ncols>4271</ncols></imagesize><object><name>m2_s01_001_p_ic089</name><deleted>0</deleted><verified>0</verified><occluded>no</occluded><attributes></attributes><parts><hasparts></hasparts><ispartof></ispartof></parts><date>19-09-20 10:41:16:488</date><id>0</id><type>bounding_box</type><polygon><username>anonymous</username><pt><x>1180</x><y>474</y><time>19-09-20 10:41:04:450</time></pt><pt><x>3260</x><y>474</y><time>19-09-20 10:41:06:532</time></pt><pt><x>3260</x><y>2603</y><time>undefined</time></pt><pt><x>1180</x><y>2603</y><time>undefined</time></pt><closed_date>19-09-20 10:41:06:533</closed_date></polygon></object></annotation>