<annotation><filename>m4_s02_021_p_ic007.jpg</filename><folder>users/joselusava//santiago_2</folder><source><submittedBy>Jose Saca</submittedBy></source><imagesize><nrows>3000</nrows><ncols>4496</ncols></imagesize><object><name>m4_s02_021_p_ic007</name><deleted>0</deleted><verified>0</verified><occluded>no</occluded><attributes></attributes><parts><hasparts></hasparts><ispartof></ispartof></parts><date>02-10-20 15:13:51:789</date><id>0</id><type>bounding_box</type><polygon><username>anonymous</username><pt><x>1732</x><y>229</y><time>02-10-20 15:13:44:532</time></pt><pt><x>2932</x><y>229</y><time>02-10-20 15:13:48:225</time></pt><pt><x>2932</x><y>2761</y><time>undefined</time></pt><pt><x>1732</x><y>2761</y><time>undefined</time></pt><closed_date>02-10-20 15:13:48:225</closed_date></polygon></object></annotation>