<annotation><filename>m1_s03-04_098_x.jpg</filename><folder>users/joselusava//valeria/sala03y04</folder><source><submittedBy>Jose Saca</submittedBy></source><imagesize><nrows>3200</nrows><ncols>4800</ncols></imagesize><object><name>m1_s03_s04_098_x</name><deleted>0</deleted><verified>0</verified><occluded>no</occluded><attributes></attributes><parts><hasparts></hasparts><ispartof></ispartof></parts><date>28-08-20 21:33:18:952</date><id>0</id><type>bounding_box</type><polygon><username>anonymous</username><pt><x>4768</x><y>2803</y><time>28-08-20 21:33:12:302</time></pt><pt><x>263</x><y>2803</y><time>28-08-20 21:33:15:271</time></pt><pt><x>263</x><y>440</y><time>undefined</time></pt><pt><x>4768</x><y>440</y><time>undefined</time></pt><closed_date>28-08-20 21:33:15:272</closed_date></polygon></object></annotation>