<annotation><filename>m2_s01_018_p_nic070.jpg</filename><folder>users/joselusava//santiago_2</folder><source><submittedBy>Jose Saca</submittedBy></source><imagesize><nrows>2850</nrows><ncols>4271</ncols></imagesize><object><name>m2_s01_018_p_nic070</name><deleted>0</deleted><verified>0</verified><occluded>no</occluded><attributes></attributes><parts><hasparts></hasparts><ispartof></ispartof></parts><date>29-09-20 18:31:17:783</date><id>0</id><type>bounding_box</type><polygon><username>anonymous</username><pt><x>901</x><y>478</y><time>29-09-20 18:31:09:830</time></pt><pt><x>1321</x><y>478</y><time>29-09-20 18:31:10:937</time></pt><pt><x>1321</x><y>1026</y><time>undefined</time></pt><pt><x>901</x><y>1026</y><time>undefined</time></pt><closed_date>29-09-20 18:31:10:938</closed_date></polygon></object></annotation>