<annotation><filename>m4_s02_015_p_nic053.jpg</filename><folder>users/joselusava//m4_js/caca</folder><source><submittedBy>Jose Saca</submittedBy></source><imagesize><nrows>2910</nrows><ncols>4361</ncols></imagesize><object><name>m4_s02_015_p_nic053</name><deleted>0</deleted><verified>0</verified><occluded>no</occluded><attributes></attributes><parts><hasparts></hasparts><ispartof></ispartof></parts><date>02-11-20 21:13:39:582</date><id>0</id><type>bounding_box</type><polygon><username>anonymous</username><pt><x>1654</x><y>2107</y><time>02-11-20 21:13:37:928</time></pt><pt><x>479</x><y>2107</y><time>02-11-20 21:13:38:960</time></pt><pt><x>479</x><y>583</y><time>undefined</time></pt><pt><x>1654</x><y>583</y><time>undefined</time></pt><closed_date>02-11-20 21:13:38:961</closed_date></polygon></object></annotation>