<annotation><filename>m4_s06_094_x.jpg</filename><folder>users/joselusava//kath/m4_x</folder><source><submittedBy>Jose Saca</submittedBy></source><imagesize><nrows>2970</nrows><ncols>4451</ncols></imagesize><object><name>m4_s06_094_x</name><deleted>0</deleted><verified>0</verified><occluded>no</occluded><attributes></attributes><parts><hasparts></hasparts><ispartof></ispartof></parts><date>21-10-20 10:52:23:673</date><id>0</id><polygon><username>anonymous</username><pt><x>1365</x><y>279</y><time>21-10-20 10:52:15:514</time></pt><pt><x>1201</x><y>2518</y><time>21-10-20 10:52:16:382</time></pt><pt><x>3446</x><y>2437</y><time>21-10-20 10:52:17:461</time></pt><pt><x>3143</x><y>226</y><time>21-10-20 10:52:18:443</time></pt><closed_date>21-10-20 10:52:19:939</closed_date></polygon></object></annotation>