<annotation><filename>m1_s01_001_p_ic004.jpg</filename><folder>users/joselusava//juancarlos</folder><source><submittedBy>Jose Saca</submittedBy></source><imagesize><nrows>2000</nrows><ncols>2992</ncols></imagesize><object><name>m1_s01_001_p_ic004</name><deleted>0</deleted><verified>0</verified><occluded>no</occluded><attributes></attributes><parts><hasparts></hasparts><ispartof></ispartof></parts><date>24-08-20 10:37:50:834</date><id>0</id><type>bounding_box</type><polygon><username>anonymous</username><pt><x>708</x><y>701</y><time>24-08-20 10:36:45:405</time></pt><pt><x>2061</x><y>701</y><time>24-08-20 10:36:54:305</time></pt><pt><x>2061</x><y>1447</y><time>undefined</time></pt><pt><x>708</x><y>1447</y><time>undefined</time></pt><closed_date>24-08-20 10:36:54:307</closed_date></polygon></object></annotation>