<annotation><filename>m4_s05_055_p_nic010.jpg</filename><folder>users/joselusava//valeria/m4_s05_055_nic</folder><source><submittedBy>Jose Saca</submittedBy></source><imagesize><nrows>2910</nrows><ncols>4361</ncols></imagesize><object><name>m4_s05_055_p_nic010</name><deleted>0</deleted><verified>0</verified><occluded>no</occluded><attributes></attributes><parts><hasparts></hasparts><ispartof></ispartof></parts><date>09-10-20 15:37:16:425</date><id>0</id><type>bounding_box</type><polygon><username>anonymous</username><pt><x>2976</x><y>132</y><time>09-10-20 15:37:08:824</time></pt><pt><x>1587</x><y>132</y><time>09-10-20 15:37:12:243</time></pt><pt><x>1587</x><y>1692</y><time>undefined</time></pt><pt><x>2976</x><y>1692</y><time>undefined</time></pt><closed_date>09-10-20 15:37:12:245</closed_date></polygon></object></annotation>