<annotation><filename>m3_s01_010_p_ic015.jpg</filename><folder>users/joselusava//m4_js/m3/10/ic</folder><source><submittedBy>Jose Saca</submittedBy></source><imagesize><nrows>2970</nrows><ncols>4451</ncols></imagesize><object><name>m3_s01_010_p_ic015</name><deleted>0</deleted><verified>0</verified><occluded>no</occluded><attributes></attributes><parts><hasparts></hasparts><ispartof></ispartof></parts><date>29-10-20 10:11:15:407</date><id>0</id><type>bounding_box</type><polygon><username>anonymous</username><pt><x>3540</x><y>2807</y><time>29-10-20 10:11:12:877</time></pt><pt><x>733</x><y>2807</y><time>29-10-20 10:11:14:600</time></pt><pt><x>733</x><y>304</y><time>undefined</time></pt><pt><x>3540</x><y>304</y><time>undefined</time></pt><closed_date>29-10-20 10:11:14:601</closed_date></polygon></object></annotation>