<annotation><filename>m1_s02_065_p_nic089.jpg</filename><folder>users/joselusava//valeria/sala2_065_nic</folder><source><submittedBy>Jose Saca</submittedBy></source><imagesize><nrows>2000</nrows><ncols>2992</ncols></imagesize><object><name>m1_s02_065_p_nic089</name><deleted>0</deleted><verified>0</verified><occluded>no</occluded><attributes></attributes><parts><hasparts></hasparts><ispartof></ispartof></parts><date>28-08-20 00:36:13:857</date><id>0</id><type>bounding_box</type><polygon><username>anonymous</username><pt><x>2117</x><y>1953</y><time>28-08-20 00:36:07:254</time></pt><pt><x>564</x><y>1953</y><time>28-08-20 00:36:09:873</time></pt><pt><x>564</x><y>1134</y><time>undefined</time></pt><pt><x>2117</x><y>1134</y><time>undefined</time></pt><closed_date>28-08-20 00:36:09:874</closed_date></polygon></object></annotation>