<annotation><filename>m4_s07_105_p_ic092.jpg</filename><folder>users/joselusava//kath/m4_105</folder><source><submittedBy>Jose Saca</submittedBy></source><imagesize><nrows>2970</nrows><ncols>4451</ncols></imagesize><object><name>m4_s07_105_p_ic092</name><deleted>0</deleted><verified>0</verified><occluded>no</occluded><attributes></attributes><parts><hasparts></hasparts><ispartof></ispartof></parts><date>29-10-20 09:10:20:485</date><id>0</id><type>bounding_box</type><polygon><username>anonymous</username><pt><x>1720</x><y>2513</y><time>29-10-20 09:10:16:661</time></pt><pt><x>2965</x><y>2513</y><time>29-10-20 09:10:18:227</time></pt><pt><x>2965</x><y>255</y><time>undefined</time></pt><pt><x>1720</x><y>255</y><time>undefined</time></pt><closed_date>29-10-20 09:10:18:228</closed_date></polygon></object></annotation>