<annotation><filename>m1_s01_021_p_nic092.jpg</filename><folder>users/joselusava//santiago</folder><source><submittedBy>Jose Saca</submittedBy></source><imagesize><nrows>3200</nrows><ncols>4800</ncols></imagesize><object><name>m1_s01_021_p_nic092</name><deleted>0</deleted><verified>0</verified><occluded>no</occluded><attributes></attributes><parts><hasparts></hasparts><ispartof></ispartof></parts><date>16-09-20 22:30:41:429</date><id>0</id><type>bounding_box</type><polygon><username>anonymous</username><pt><x>3474</x><y>1677</y><time>16-09-20 22:30:33:068</time></pt><pt><x>4251</x><y>1677</y><time>16-09-20 22:30:34:588</time></pt><pt><x>4251</x><y>2498</y><time>undefined</time></pt><pt><x>3474</x><y>2498</y><time>undefined</time></pt><closed_date>16-09-20 22:30:34:589</closed_date></polygon></object></annotation>