<annotation><filename>m4_s11_178_p_nic058.jpg</filename><folder>users/joselusava//santiago_2</folder><source><submittedBy>Jose Saca</submittedBy></source><imagesize><nrows>2970</nrows><ncols>4451</ncols></imagesize><object><name>m4_s11_178_p_nic058</name><deleted>0</deleted><verified>0</verified><occluded>no</occluded><attributes></attributes><parts><hasparts></hasparts><ispartof></ispartof></parts><date>16-10-20 09:38:57:294</date><id>0</id><type>bounding_box</type><polygon><username>anonymous</username><pt><x>382</x><y>835</y><time>16-10-20 09:38:51:896</time></pt><pt><x>1621</x><y>835</y><time>16-10-20 09:38:55:236</time></pt><pt><x>1621</x><y>1992</y><time>undefined</time></pt><pt><x>382</x><y>1992</y><time>undefined</time></pt><closed_date>16-10-20 09:38:55:237</closed_date></polygon></object></annotation>