<annotation><filename>m4_s10_157_p_ic054.jpg</filename><folder>users/joselusava//valeria/m04_s10_157_nic</folder><source><submittedBy>Jose Saca</submittedBy></source><imagesize><nrows>2970</nrows><ncols>4451</ncols></imagesize><object><name>m4_s10_157_p_nic054</name><deleted>0</deleted><verified>0</verified><occluded>no</occluded><attributes></attributes><parts><hasparts></hasparts><ispartof></ispartof></parts><date>12-10-20 21:06:23:677</date><id>0</id><type>bounding_box</type><polygon><username>anonymous</username><pt><x>2244</x><y>2261</y><time>12-10-20 21:06:17:705</time></pt><pt><x>4134</x><y>2261</y><time>12-10-20 21:06:20:491</time></pt><pt><x>4134</x><y>45</y><time>undefined</time></pt><pt><x>2244</x><y>45</y><time>undefined</time></pt><closed_date>12-10-20 21:06:20:492</closed_date></polygon></object></annotation>