<annotation><filename>m2_s03_212_x.jpg</filename><folder>users/joselusava//juancarlos</folder><source><submittedBy>Jose Saca</submittedBy></source><imagesize><nrows>2910</nrows><ncols>4361</ncols></imagesize><object><name>m2_s03_212_x</name><deleted>0</deleted><verified>0</verified><occluded>no</occluded><attributes></attributes><parts><hasparts></hasparts><ispartof></ispartof></parts><date>30-09-20 16:08:26:097</date><id>0</id><polygon><username>anonymous</username><pt><x>1515</x><y>525</y><time>30-09-20 16:08:15:791</time></pt><pt><x>1422</x><y>2083</y><time>30-09-20 16:08:16:684</time></pt><pt><x>2515</x><y>2162</y><time>30-09-20 16:08:17:967</time></pt><pt><x>2510</x><y>693</y><time>30-09-20 16:08:19:479</time></pt><closed_date>30-09-20 16:08:20:428</closed_date></polygon></object></annotation>