<annotation><filename>m2_s06_250_p_nic027.jpg</filename><folder>users/joselusava//m2_jsv/250</folder><source><submittedBy>Jose Saca</submittedBy></source><imagesize><nrows>2910</nrows><ncols>4361</ncols></imagesize><object><name>m2_s06_250_p_nic027</name><deleted>0</deleted><verified>0</verified><occluded>no</occluded><attributes></attributes><parts><hasparts></hasparts><ispartof></ispartof></parts><date>30-09-20 11:30:43:395</date><id>0</id><type>bounding_box</type><polygon><username>anonymous</username><pt><x>2603</x><y>2777</y><time>30-09-20 11:30:40:826</time></pt><pt><x>26</x><y>2777</y><time>30-09-20 11:30:42:690</time></pt><pt><x>26</x><y>1401</y><time>undefined</time></pt><pt><x>2603</x><y>1401</y><time>undefined</time></pt><closed_date>30-09-20 11:30:42:690</closed_date></polygon></object></annotation>