<annotation><filename>m2_s02_085_p_nic019.jpg</filename><folder>users/joselusava//m2_jsv/85/nic</folder><source><submittedBy>Jose Saca</submittedBy></source><imagesize><nrows>2910</nrows><ncols>4361</ncols></imagesize><object><name>m2_s02_085_p_nic019</name><deleted>0</deleted><verified>0</verified><occluded>no</occluded><attributes></attributes><parts><hasparts></hasparts><ispartof></ispartof></parts><date>19-09-20 22:30:28:810</date><id>0</id><type>bounding_box</type><polygon><username>anonymous</username><pt><x>1140</x><y>2881</y><time>19-09-20 22:30:27:236</time></pt><pt><x>96</x><y>2881</y><time>19-09-20 22:30:28:240</time></pt><pt><x>96</x><y>1628</y><time>undefined</time></pt><pt><x>1140</x><y>1628</y><time>undefined</time></pt><closed_date>19-09-20 22:30:28:240</closed_date></polygon></object></annotation>