<annotation><filename>m2_s03_201_p_nic085.jpg</filename><folder>users/joselusava//valeria/m2_sala03_201_nic</folder><source><submittedBy>Jose Saca</submittedBy></source><imagesize><nrows>2910</nrows><ncols>4361</ncols></imagesize><object><name>m2_s03_201_p_nic085</name><deleted>0</deleted><verified>0</verified><occluded>no</occluded><attributes></attributes><parts><hasparts></hasparts><ispartof></ispartof></parts><date>30-09-20 18:39:48:399</date><id>0</id><type>bounding_box</type><polygon><username>anonymous</username><pt><x>2414</x><y>2249</y><time>30-09-20 18:39:42:197</time></pt><pt><x>413</x><y>2249</y><time>30-09-20 18:39:44:670</time></pt><pt><x>413</x><y>154</y><time>undefined</time></pt><pt><x>2414</x><y>154</y><time>undefined</time></pt><closed_date>30-09-20 18:39:44:671</closed_date></polygon></object></annotation>