<annotation><filename>m4_s07_105_p_nic008.jpg</filename><folder>users/joselusava//kath/m4_105/nic</folder><source><submittedBy>Jose Saca</submittedBy></source><imagesize><nrows>2970</nrows><ncols>4451</ncols></imagesize><object><name>m4_s07_105_p_nic008</name><deleted>0</deleted><verified>0</verified><occluded>no</occluded><attributes></attributes><parts><hasparts></hasparts><ispartof></ispartof></parts><date>29-10-20 09:25:30:510</date><id>0</id><type>bounding_box</type><polygon><username>anonymous</username><pt><x>2874</x><y>1677</y><time>29-10-20 09:25:24:056</time></pt><pt><x>3652</x><y>1677</y><time>29-10-20 09:25:27:150</time></pt><pt><x>3652</x><y>139</y><time>undefined</time></pt><pt><x>2874</x><y>139</y><time>undefined</time></pt><closed_date>29-10-20 09:25:27:151</closed_date></polygon></object></annotation>