<annotation><filename>m2_s01_058_p_nic046.jpg</filename><folder>users/joselusava//m2_jsv/58/nic</folder><source><submittedBy>Jose Saca</submittedBy></source><imagesize><nrows>2850</nrows><ncols>4271</ncols></imagesize><object><name>m2_s01_058_p_nic046</name><deleted>0</deleted><verified>0</verified><occluded>no</occluded><attributes></attributes><parts><hasparts></hasparts><ispartof></ispartof></parts><date>29-09-20 23:07:07:239</date><id>0</id><type>bounding_box</type><polygon><username>anonymous</username><pt><x>4169</x><y>1901</y><time>29-09-20 23:07:05:607</time></pt><pt><x>2523</x><y>1901</y><time>29-09-20 23:07:06:565</time></pt><pt><x>2523</x><y>537</y><time>undefined</time></pt><pt><x>4169</x><y>537</y><time>undefined</time></pt><closed_date>29-09-20 23:07:06:566</closed_date></polygon></object></annotation>