<annotation><filename>m1_s01_021_p_ic064.jpg</filename><folder>users/joselusava//santiago</folder><source><submittedBy>Jose Saca</submittedBy></source><imagesize><nrows>3200</nrows><ncols>4800</ncols></imagesize><object><name>m1_s01_021_p_ic064</name><deleted>0</deleted><verified>0</verified><occluded>no</occluded><attributes></attributes><parts><hasparts></hasparts><ispartof></ispartof></parts><date>14-09-20 23:41:19:036</date><id>0</id><type>bounding_box</type><polygon><username>anonymous</username><pt><x>1724</x><y>716</y><time>14-09-20 23:41:09:579</time></pt><pt><x>3009</x><y>716</y><time>14-09-20 23:41:12:726</time></pt><pt><x>3009</x><y>2444</y><time>undefined</time></pt><pt><x>1724</x><y>2444</y><time>undefined</time></pt><closed_date>14-09-20 23:41:12:727</closed_date></polygon></object></annotation>