<annotation><filename>m4_s05_055_p_nic049.jpg</filename><folder>users/joselusava//valeria/m4_s05_055_nic</folder><source><submittedBy>Jose Saca</submittedBy></source><imagesize><nrows>2910</nrows><ncols>4361</ncols></imagesize><object><name>m4_s05_055_p_nic049</name><deleted>0</deleted><verified>0</verified><occluded>no</occluded><attributes></attributes><parts><hasparts></hasparts><ispartof></ispartof></parts><date>09-10-20 17:38:34:779</date><id>0</id><type>bounding_box</type><polygon><username>anonymous</username><pt><x>810</x><y>66</y><time>09-10-20 17:38:29:393</time></pt><pt><x>2078</x><y>66</y><time>09-10-20 17:38:31:841</time></pt><pt><x>2078</x><y>1675</y><time>undefined</time></pt><pt><x>810</x><y>1675</y><time>undefined</time></pt><closed_date>09-10-20 17:38:31:842</closed_date></polygon></object></annotation>