<annotation><filename>m2_s03_201_p_nic091.jpg</filename><folder>users/joselusava//valeria/m2_sala03_201_nic</folder><source><submittedBy>Jose Saca</submittedBy></source><imagesize><nrows>2910</nrows><ncols>4361</ncols></imagesize><object><name>m2_s03_201_p_nic091</name><deleted>0</deleted><verified>0</verified><occluded>no</occluded><attributes></attributes><parts><hasparts></hasparts><ispartof></ispartof></parts><date>30-09-20 18:45:36:196</date><id>0</id><type>bounding_box</type><polygon><username>anonymous</username><pt><x>4018</x><y>1923</y><time>30-09-20 18:45:28:261</time></pt><pt><x>2034</x><y>1923</y><time>30-09-20 18:45:31:321</time></pt><pt><x>2034</x><y>17</y><time>undefined</time></pt><pt><x>4018</x><y>17</y><time>undefined</time></pt><closed_date>30-09-20 18:45:31:322</closed_date></polygon></object></annotation>