<annotation><filename>m4_s04_039_p_ic008.jpg</filename><folder>users/joselusava//santiago_2</folder><source><submittedBy>Jose Saca</submittedBy></source><imagesize><nrows>2970</nrows><ncols>4451</ncols></imagesize><object><name>m4_s04_039_p_ic008</name><deleted>0</deleted><verified>0</verified><occluded>no</occluded><attributes></attributes><parts><hasparts></hasparts><ispartof></ispartof></parts><date>20-10-20 13:53:39:396</date><id>0</id><type>bounding_box</type><polygon><username>anonymous</username><pt><x>1717</x><y>114</y><time>20-10-20 13:53:36:444</time></pt><pt><x>2609</x><y>114</y><time>20-10-20 13:53:37:775</time></pt><pt><x>2609</x><y>2845</y><time>undefined</time></pt><pt><x>1717</x><y>2845</y><time>undefined</time></pt><closed_date>20-10-20 13:53:37:777</closed_date></polygon></object></annotation>