<annotation><filename>m1_s02_036_p_nic098.jpg</filename><folder>users/joselusava//valeria/sala2_036_nic</folder><source><submittedBy>Jose Saca</submittedBy></source><imagesize><nrows>3200</nrows><ncols>4800</ncols></imagesize><object><name>m1_s02_036_p_nic098</name><deleted>0</deleted><verified>0</verified><occluded>no</occluded><attributes></attributes><parts><hasparts></hasparts><ispartof></ispartof></parts><date>27-08-20 13:15:57:136</date><id>0</id><type>bounding_box</type><polygon><username>anonymous</username><pt><x>3957</x><y>2217</y><time>27-08-20 13:15:50:907</time></pt><pt><x>2626</x><y>2217</y><time>27-08-20 13:15:53:519</time></pt><pt><x>2626</x><y>1149</y><time>undefined</time></pt><pt><x>3957</x><y>1149</y><time>undefined</time></pt><closed_date>27-08-20 13:15:53:520</closed_date></polygon></object></annotation>