<annotation><filename>m2_s01_034_p_ic090.jpg</filename><folder>users/joselusava//kath</folder><source><submittedBy>Jose Saca</submittedBy></source><imagesize><nrows>2850</nrows><ncols>4271</ncols></imagesize><object><name>m2_s01_034_p_ic090</name><deleted>0</deleted><verified>0</verified><occluded>no</occluded><attributes></attributes><parts><hasparts></hasparts><ispartof></ispartof></parts><date>25-09-20 17:07:42:041</date><id>0</id><polygon><username>anonymous</username><pt><x>1260</x><y>279</y><time>25-09-20 17:07:31:980</time></pt><pt><x>2900</x><y>215</y><time>25-09-20 17:07:33:208</time></pt><pt><x>3079</x><y>2678</y><time>25-09-20 17:07:35:348</time></pt><pt><x>1275</x><y>2506</y><time>25-09-20 17:07:37:773</time></pt><closed_date>25-09-20 17:07:39:429</closed_date></polygon></object></annotation>