<annotation><filename>m4_s09_138_p_nic062.jpg</filename><folder>users/joselusava//santiago_2</folder><source><submittedBy>Jose Saca</submittedBy></source><imagesize><nrows>2970</nrows><ncols>4451</ncols></imagesize><object><name>m4_s09_138_p_nic062</name><deleted>0</deleted><verified>0</verified><occluded>no</occluded><attributes></attributes><parts><hasparts></hasparts><ispartof></ispartof></parts><date>23-10-20 14:07:39:240</date><id>0</id><type>bounding_box</type><polygon><username>anonymous</username><pt><x>1542</x><y>967</y><time>23-10-20 14:07:35:933</time></pt><pt><x>4312</x><y>967</y><time>23-10-20 14:07:37:277</time></pt><pt><x>4312</x><y>2160</y><time>undefined</time></pt><pt><x>1542</x><y>2160</y><time>undefined</time></pt><closed_date>23-10-20 14:07:37:277</closed_date></polygon></object></annotation>