<annotation><filename>m4_s05_058_x.jpg</filename><folder>users/joselusava//kath/m4_x</folder><source><submittedBy>Jose Saca</submittedBy></source><imagesize><nrows>2910</nrows><ncols>4361</ncols></imagesize><object><name>m4_s05_058_x</name><deleted>0</deleted><verified>0</verified><occluded>no</occluded><attributes></attributes><parts><hasparts></hasparts><ispartof></ispartof></parts><date>20-10-20 09:28:47:941</date><id>0</id><polygon><username>anonymous</username><pt><x>687</x><y>344</y><time>20-10-20 09:28:40:963</time></pt><pt><x>461</x><y>2613</y><time>20-10-20 09:28:41:972</time></pt><pt><x>3852</x><y>2623</y><time>20-10-20 09:28:43:079</time></pt><pt><x>3663</x><y>339</y><time>20-10-20 09:28:44:295</time></pt><closed_date>20-10-20 09:28:45:777</closed_date></polygon></object></annotation>