<annotation><filename>m1_s01_004_p_ic063.jpg</filename><folder>users/joselusava//valeria_apoyo/sala001_004ic_ok</folder><source><submittedBy>Jose Saca</submittedBy></source><imagesize><nrows>2000</nrows><ncols>2992</ncols></imagesize><object><name>m1_s01_004_p_ic063</name><deleted>0</deleted><verified>0</verified><occluded>no</occluded><attributes></attributes><parts><hasparts></hasparts><ispartof></ispartof></parts><date>16-09-20 00:54:09:869</date><id>0</id><type>bounding_box</type><polygon><username>anonymous</username><pt><x>2970</x><y>1644</y><time>16-09-20 00:54:01:632</time></pt><pt><x>402</x><y>1644</y><time>16-09-20 00:54:05:909</time></pt><pt><x>402</x><y>636</y><time>undefined</time></pt><pt><x>2970</x><y>636</y><time>undefined</time></pt><closed_date>16-09-20 00:54:05:910</closed_date></polygon></object></annotation>