<annotation><filename>m1_s01_001_p_nic044.jpg</filename><folder>users/joselusava//juancarlos</folder><source><submittedBy>Jose Saca</submittedBy></source><imagesize><nrows>3200</nrows><ncols>4800</ncols></imagesize><object><name>m1_s01_001_p_nic044</name><deleted>0</deleted><verified>0</verified><occluded>no</occluded><attributes></attributes><parts><hasparts></hasparts><ispartof></ispartof></parts><date>09-09-20 09:14:49:117</date><id>0</id><type>bounding_box</type><polygon><username>anonymous</username><pt><x>3211</x><y>1314</y><time>09-09-20 09:14:35:098</time></pt><pt><x>4287</x><y>1314</y><time>09-09-20 09:14:38:069</time></pt><pt><x>4287</x><y>1941</y><time>undefined</time></pt><pt><x>3211</x><y>1941</y><time>undefined</time></pt><closed_date>09-09-20 09:14:38:071</closed_date></polygon></object></annotation>