<annotation><filename>m2_s03_201_p_nic098.jpg</filename><folder>users/joselusava//valeria/m2_sala03_201_nic</folder><source><submittedBy>Jose Saca</submittedBy></source><imagesize><nrows>2910</nrows><ncols>4361</ncols></imagesize><object><name>m2_s03_201_p_nic098</name><deleted>0</deleted><verified>0</verified><occluded>no</occluded><attributes></attributes><parts><hasparts></hasparts><ispartof></ispartof></parts><date>30-09-20 18:52:27:306</date><id>0</id><type>bounding_box</type><polygon><username>anonymous</username><pt><x>2282</x><y>2127</y><time>30-09-20 18:52:21:585</time></pt><pt><x>4078</x><y>2127</y><time>30-09-20 18:52:24:107</time></pt><pt><x>4078</x><y>11</y><time>undefined</time></pt><pt><x>2282</x><y>11</y><time>undefined</time></pt><closed_date>30-09-20 18:52:24:108</closed_date></polygon></object></annotation>