<annotation><filename>m3_s01_013_p_ic088.jpg</filename><folder>users/joselusava//valeria/m03_s01_13_ic</folder><source><submittedBy>Jose Saca</submittedBy></source><imagesize><nrows>2970</nrows><ncols>4451</ncols></imagesize><object><name>m3_s01_013_p_ic087</name><deleted>0</deleted><verified>0</verified><occluded>no</occluded><attributes></attributes><parts><hasparts></hasparts><ispartof></ispartof></parts><date>01-11-20 09:39:40:826</date><id>0</id><type>bounding_box</type><polygon><username>anonymous</username><pt><x>3678</x><y>2867</y><time>01-11-20 09:39:33:750</time></pt><pt><x>297</x><y>2867</y><time>01-11-20 09:39:36:649</time></pt><pt><x>297</x><y>280</y><time>undefined</time></pt><pt><x>3678</x><y>280</y><time>undefined</time></pt><closed_date>01-11-20 09:39:36:650</closed_date></polygon></object></annotation>