<annotation><filename>m2_s01_058_p_nic049.jpg</filename><folder>users/joselusava//m2_jsv/58/nic</folder><source><submittedBy>Jose Saca</submittedBy></source><imagesize><nrows>2850</nrows><ncols>4271</ncols></imagesize><object><name>m2_s01_058_p_nic049</name><deleted>0</deleted><verified>0</verified><occluded>no</occluded><attributes></attributes><parts><hasparts></hasparts><ispartof></ispartof></parts><date>29-09-20 23:08:02:057</date><id>0</id><type>bounding_box</type><polygon><username>anonymous</username><pt><x>4109</x><y>2447</y><time>29-09-20 23:08:00:306</time></pt><pt><x>2378</x><y>2447</y><time>29-09-20 23:08:01:417</time></pt><pt><x>2378</x><y>1185</y><time>undefined</time></pt><pt><x>4109</x><y>1185</y><time>undefined</time></pt><closed_date>29-09-20 23:08:01:417</closed_date></polygon></object></annotation>