<annotation><filename>m2_s03_201_p_nic005.jpg</filename><folder>users/joselusava//eg</folder><source><submittedBy>Jose Saca</submittedBy></source><imagesize><nrows>2910</nrows><ncols>4361</ncols></imagesize><object><name>m2_s03_201_p_nic005</name><deleted>0</deleted><verified>0</verified><occluded>no</occluded><attributes></attributes><parts><hasparts></hasparts><ispartof></ispartof></parts><date>18-09-20 10:31:53:681</date><id>0</id><type>bounding_box</type><polygon><username>anonymous</username><pt><x>817</x><y>186</y><time>18-09-20 10:31:42:679</time></pt><pt><x>2430</x><y>186</y><time>18-09-20 10:31:44:171</time></pt><pt><x>2430</x><y>2107</y><time>undefined</time></pt><pt><x>817</x><y>2107</y><time>undefined</time></pt><closed_date>18-09-20 10:31:44:172</closed_date></polygon></object></annotation>