<annotation><filename>m4_s11_176_p_ic031.jpg</filename><folder>users/joselusava//m4_js/176/ic</folder><source><submittedBy>Jose Saca</submittedBy></source><imagesize><nrows>2970</nrows><ncols>4451</ncols></imagesize><object><name>m4_s11_176_p_ic031</name><deleted>0</deleted><verified>0</verified><occluded>no</occluded><attributes></attributes><parts><hasparts></hasparts><ispartof></ispartof></parts><date>14-10-20 16:41:34:639</date><id>0</id><type>bounding_box</type><polygon><username>anonymous</username><pt><x>2896</x><y>2106</y><time>14-10-20 16:41:32:353</time></pt><pt><x>1350</x><y>2106</y><time>14-10-20 16:41:34:028</time></pt><pt><x>1350</x><y>524</y><time>undefined</time></pt><pt><x>2896</x><y>524</y><time>undefined</time></pt><closed_date>14-10-20 16:41:34:029</closed_date></polygon></object></annotation>