<annotation><filename>m4_s12_185_p_ic022.jpg</filename><folder>users/joselusava//valeria/m04_s12_185_ic</folder><source><submittedBy>Jose Saca</submittedBy></source><imagesize><nrows>2910</nrows><ncols>4361</ncols></imagesize><object><name>m4_s12_185_p_ic022</name><deleted>0</deleted><verified>0</verified><occluded>no</occluded><attributes></attributes><parts><hasparts></hasparts><ispartof></ispartof></parts><date>17-10-20 15:56:39:586</date><id>0</id><type>bounding_box</type><polygon><username>anonymous</username><pt><x>560</x><y>2591</y><time>17-10-20 15:56:33:242</time></pt><pt><x>3526</x><y>2591</y><time>17-10-20 15:56:35:783</time></pt><pt><x>3526</x><y>246</y><time>undefined</time></pt><pt><x>560</x><y>246</y><time>undefined</time></pt><closed_date>17-10-20 15:56:35:783</closed_date></polygon></object></annotation>