<annotation><filename>m4_s10_157_p_ic062.jpg</filename><folder>users/joselusava//valeria/m04_s10_157_ic</folder><source><submittedBy>Jose Saca</submittedBy></source><imagesize><nrows>2970</nrows><ncols>4451</ncols></imagesize><object><name>m4_s10_157_p_ic062</name><deleted>0</deleted><verified>0</verified><occluded>no</occluded><attributes></attributes><parts><hasparts></hasparts><ispartof></ispartof></parts><date>12-10-20 17:54:49:997</date><id>0</id><type>bounding_box</type><polygon><username>anonymous</username><pt><x>1221</x><y>2633</y><time>12-10-20 17:54:44:202</time></pt><pt><x>3392</x><y>2633</y><time>12-10-20 17:54:46:675</time></pt><pt><x>3392</x><y>225</y><time>undefined</time></pt><pt><x>1221</x><y>225</y><time>undefined</time></pt><closed_date>12-10-20 17:54:46:676</closed_date></polygon></object></annotation>