<annotation><filename>m4_s02_021_p_ic075.jpg</filename><folder>users/joselusava//santiago_2</folder><source><submittedBy>Jose Saca</submittedBy></source><imagesize><nrows>3000</nrows><ncols>4496</ncols></imagesize><object><name>m4_s02_021_p_ic075</name><deleted>0</deleted><verified>0</verified><occluded>no</occluded><attributes></attributes><parts><hasparts></hasparts><ispartof></ispartof></parts><date>04-10-20 19:26:58:079</date><id>0</id><type>bounding_box</type><polygon><username>anonymous</username><pt><x>1507</x><y>125</y><time>04-10-20 19:26:50:148</time></pt><pt><x>2754</x><y>125</y><time>04-10-20 19:26:51:491</time></pt><pt><x>2754</x><y>2539</y><time>undefined</time></pt><pt><x>1507</x><y>2539</y><time>undefined</time></pt><closed_date>04-10-20 19:26:51:492</closed_date></polygon></object></annotation>