<annotation><filename>m2_s02_085_p_ic051.jpg</filename><folder>users/joselusava//m2_jsv/85/ic</folder><source><submittedBy>Jose Saca</submittedBy></source><imagesize><nrows>2910</nrows><ncols>4361</ncols></imagesize><object><name>m2_s02_085_p_ic051</name><deleted>0</deleted><verified>0</verified><occluded>no</occluded><attributes></attributes><parts><hasparts></hasparts><ispartof></ispartof></parts><date>17-09-20 19:54:43:803</date><id>0</id><type>bounding_box</type><polygon><username>anonymous</username><pt><x>1358</x><y>1088</y><time>17-09-20 19:54:42:151</time></pt><pt><x>2803</x><y>1088</y><time>17-09-20 19:54:43:249</time></pt><pt><x>2803</x><y>2568</y><time>undefined</time></pt><pt><x>1358</x><y>2568</y><time>undefined</time></pt><closed_date>17-09-20 19:54:43:250</closed_date></polygon></object></annotation>