<annotation><filename>m4_s09_138_p_ic081.jpg</filename><folder>users/joselusava//santiago_2</folder><source><submittedBy>Jose Saca</submittedBy></source><imagesize><nrows>2970</nrows><ncols>4451</ncols></imagesize><object><name>m4_s09_138_p_ic081</name><deleted>0</deleted><verified>0</verified><occluded>no</occluded><attributes></attributes><parts><hasparts></hasparts><ispartof></ispartof></parts><date>22-10-20 21:28:44:042</date><id>0</id><type>bounding_box</type><polygon><username>anonymous</username><pt><x>639</x><y>664</y><time>22-10-20 21:28:39:897</time></pt><pt><x>3827</x><y>664</y><time>22-10-20 21:28:41:270</time></pt><pt><x>3827</x><y>2549</y><time>undefined</time></pt><pt><x>639</x><y>2549</y><time>undefined</time></pt><closed_date>22-10-20 21:28:41:271</closed_date></polygon></object></annotation>