<annotation><filename>m2_s03_201_p_ic037.jpg</filename><folder>users/joselusava//eg</folder><source><submittedBy>Jose Saca</submittedBy></source><imagesize><nrows>3000</nrows><ncols>4496</ncols></imagesize><object><name>m2_s03_201_p_ic037</name><deleted>0</deleted><verified>0</verified><occluded>no</occluded><attributes></attributes><parts><hasparts></hasparts><ispartof></ispartof></parts><date>17-09-20 06:54:44:093</date><id>0</id><type>bounding_box</type><polygon><username>anonymous</username><pt><x>998</x><y>111</y><time>17-09-20 06:54:23:196</time></pt><pt><x>3214</x><y>111</y><time>17-09-20 06:54:24:713</time></pt><pt><x>3214</x><y>2682</y><time>undefined</time></pt><pt><x>998</x><y>2682</y><time>undefined</time></pt><closed_date>17-09-20 06:54:24:714</closed_date></polygon></object></annotation>