<annotation><filename>m4_s07_105_p_nic094.jpg</filename><folder>users/joselusava//kath/m4_105/nic</folder><source><submittedBy>Jose Saca</submittedBy></source><imagesize><nrows>2970</nrows><ncols>4451</ncols></imagesize><object><name>m4_s07_105_p_nic094</name><deleted>0</deleted><verified>0</verified><occluded>no</occluded><attributes></attributes><parts><hasparts></hasparts><ispartof></ispartof></parts><date>05-11-20 13:55:26:051</date><id>0</id><type>bounding_box</type><polygon><username>anonymous</username><pt><x>2821</x><y>2720</y><time>05-11-20 13:55:19:827</time></pt><pt><x>2071</x><y>2720</y><time>05-11-20 13:55:22:459</time></pt><pt><x>2071</x><y>1475</y><time>undefined</time></pt><pt><x>2821</x><y>1475</y><time>undefined</time></pt><closed_date>05-11-20 13:55:22:459</closed_date></polygon></object></annotation>