<annotation><filename>m1_s02_065_p_ic012.jpg</filename><folder>users/joselusava//valeria/sala2_065_ic</folder><source><submittedBy>Jose Saca</submittedBy></source><imagesize><nrows>2000</nrows><ncols>2992</ncols></imagesize><object><name>m1_s02_065_p_ic012</name><deleted>0</deleted><verified>0</verified><occluded>no</occluded><attributes></attributes><parts><hasparts></hasparts><ispartof></ispartof></parts><date>25-08-20 21:35:52:315</date><id>0</id><type>bounding_box</type><polygon><username>anonymous</username><pt><x>205</x><y>107</y><time>25-08-20 21:35:45:181</time></pt><pt><x>2654</x><y>107</y><time>25-08-20 21:35:48:522</time></pt><pt><x>2654</x><y>1990</y><time>undefined</time></pt><pt><x>205</x><y>1990</y><time>undefined</time></pt><closed_date>25-08-20 21:35:48:523</closed_date></polygon></object></annotation>