<annotation><filename>m2_s01_058_p_nic098.jpg</filename><folder>users/joselusava//m2_jsv/58/nic</folder><source><submittedBy>Jose Saca</submittedBy></source><imagesize><nrows>2850</nrows><ncols>4271</ncols></imagesize><object><name>m2_s01_058_p_nic098</name><deleted>0</deleted><verified>0</verified><occluded>no</occluded><attributes></attributes><parts><hasparts></hasparts><ispartof></ispartof></parts><date>29-09-20 23:29:33:076</date><id>0</id><type>bounding_box</type><polygon><username>anonymous</username><pt><x>1969</x><y>2003</y><time>29-09-20 23:29:30:567</time></pt><pt><x>281</x><y>2003</y><time>29-09-20 23:29:32:130</time></pt><pt><x>281</x><y>665</y><time>undefined</time></pt><pt><x>1969</x><y>665</y><time>undefined</time></pt><closed_date>29-09-20 23:29:32:130</closed_date></polygon></object></annotation>