<annotation><filename>m2_s01_010_p_nic085.jpg</filename><folder>users/joselusava//santiago</folder><source><submittedBy>Jose Saca</submittedBy></source><imagesize><nrows>2850</nrows><ncols>4271</ncols></imagesize><object><name>m2_s01_010_p_nic085</name><deleted>0</deleted><verified>0</verified><occluded>no</occluded><attributes></attributes><parts><hasparts></hasparts><ispartof></ispartof></parts><date>22-09-20 21:40:35:209</date><id>0</id><type>bounding_box</type><polygon><username>anonymous</username><pt><x>494</x><y>1308</y><time>22-09-20 21:40:31:185</time></pt><pt><x>1196</x><y>1308</y><time>22-09-20 21:40:32:095</time></pt><pt><x>1196</x><y>1946</y><time>undefined</time></pt><pt><x>494</x><y>1946</y><time>undefined</time></pt><closed_date>22-09-20 21:40:32:095</closed_date></polygon></object></annotation>