<annotation><filename>m4_s02_015_p_nic083.jpg</filename><folder>users/joselusava//m4_js/15nic</folder><source><submittedBy>Jose Saca</submittedBy></source><imagesize><nrows>2910</nrows><ncols>4361</ncols></imagesize><object><name>m4_s02_015_p_nic083</name><deleted>0</deleted><verified>0</verified><occluded>no</occluded><attributes></attributes><parts><hasparts></hasparts><ispartof></ispartof></parts><date>06-10-20 20:15:47:651</date><id>0</id><type>bounding_box</type><polygon><username>anonymous</username><pt><x>1654</x><y>122</y><time>06-10-20 20:15:45:319</time></pt><pt><x>17</x><y>122</y><time>06-10-20 20:15:46:985</time></pt><pt><x>17</x><y>1750</y><time>undefined</time></pt><pt><x>1654</x><y>1750</y><time>undefined</time></pt><closed_date>06-10-20 20:15:46:985</closed_date></polygon></object></annotation>