<annotation><filename>m1_s01_021_p_ic032.jpg</filename><folder>users/joselusava//santiago</folder><source><submittedBy>Jose Saca</submittedBy></source><imagesize><nrows>3200</nrows><ncols>4800</ncols></imagesize><object><name>m1_s01_021_p_ic032</name><deleted>0</deleted><verified>0</verified><occluded>no</occluded><attributes></attributes><parts><hasparts></hasparts><ispartof></ispartof></parts><date>14-09-20 22:58:36:831</date><id>0</id><type>bounding_box</type><polygon><username>anonymous</username><pt><x>1919</x><y>731</y><time>14-09-20 22:58:27:225</time></pt><pt><x>3178</x><y>731</y><time>14-09-20 22:58:30:077</time></pt><pt><x>3178</x><y>2347</y><time>undefined</time></pt><pt><x>1919</x><y>2347</y><time>undefined</time></pt><closed_date>14-09-20 22:58:30:078</closed_date></polygon></object></annotation>