<annotation><filename>m4_s12_183_x.jpg</filename><folder>users/joselusava//kath/m4_x</folder><source><submittedBy>Jose Saca</submittedBy></source><imagesize><nrows>2910</nrows><ncols>4361</ncols></imagesize><object><name>m4_s12_183_x</name><deleted>0</deleted><verified>0</verified><occluded>no</occluded><attributes></attributes><parts><hasparts></hasparts><ispartof></ispartof></parts><date>21-10-20 12:29:41:393</date><id>0</id><type>bounding_box</type><polygon><username>anonymous</username><pt><x>1248</x><y>207</y><time>21-10-20 12:29:37:002</time></pt><pt><x>3004</x><y>207</y><time>21-10-20 12:29:38:885</time></pt><pt><x>3004</x><y>2519</y><time>undefined</time></pt><pt><x>1248</x><y>2519</y><time>undefined</time></pt><closed_date>21-10-20 12:29:38:886</closed_date></polygon></object></annotation>