<annotation><filename>m1_s02_029_p_nic009.jpg</filename><folder>users/joselusava//museos2020</folder><source><submittedBy>Jose Saca</submittedBy></source><imagesize><nrows>3200</nrows><ncols>4800</ncols></imagesize><object><name>m1_s02_029_p_nic009</name><deleted>0</deleted><verified>0</verified><occluded>no</occluded><attributes></attributes><parts><hasparts></hasparts><ispartof></ispartof></parts><date>27-08-20 18:23:33:582</date><id>0</id><type>bounding_box</type><polygon><username>anonymous</username><pt><x>3044</x><y>1573</y><time>27-08-20 18:23:27:097</time></pt><pt><x>4199</x><y>1573</y><time>27-08-20 18:23:28:896</time></pt><pt><x>4199</x><y>2744</y><time>undefined</time></pt><pt><x>3044</x><y>2744</y><time>undefined</time></pt><closed_date>27-08-20 18:23:28:897</closed_date></polygon></object></annotation>