<annotation><filename>m4_s04_037_p_ic094.jpg</filename><folder>users/joselusava//santiago_2</folder><source><submittedBy>Jose Saca</submittedBy></source><imagesize><nrows>2970</nrows><ncols>4451</ncols></imagesize><object><name>m4_s04_037_p_ic094</name><deleted>0</deleted><verified>0</verified><occluded>no</occluded><attributes></attributes><parts><hasparts></hasparts><ispartof></ispartof></parts><date>18-10-20 22:30:31:255</date><id>0</id><type>bounding_box</type><polygon><username>anonymous</username><pt><x>1724</x><y>496</y><time>18-10-20 22:30:28:667</time></pt><pt><x>3049</x><y>496</y><time>18-10-20 22:30:29:503</time></pt><pt><x>3049</x><y>2552</y><time>undefined</time></pt><pt><x>1724</x><y>2552</y><time>undefined</time></pt><closed_date>18-10-20 22:30:29:503</closed_date></polygon></object></annotation>