<annotation><filename>m1_s02_052_p_nic022.jpg</filename><folder>users/joselusava//valeria/sala2_052_nic</folder><source><submittedBy>Jose Saca</submittedBy></source><imagesize><nrows>3200</nrows><ncols>4800</ncols></imagesize><object><name>m1_s02_052_p_nic022</name><deleted>0</deleted><verified>0</verified><occluded>no</occluded><attributes></attributes><parts><hasparts></hasparts><ispartof></ispartof></parts><date>27-08-20 14:47:41:045</date><id>0</id><type>bounding_box</type><polygon><username>anonymous</username><pt><x>2534</x><y>1783</y><time>27-08-20 14:47:34:303</time></pt><pt><x>596</x><y>1783</y><time>27-08-20 14:47:37:401</time></pt><pt><x>596</x><y>177</y><time>undefined</time></pt><pt><x>2534</x><y>177</y><time>undefined</time></pt><closed_date>27-08-20 14:47:37:402</closed_date></polygon></object></annotation>