<annotation><filename>m4_s05_055_p_ic093.jpg</filename><folder>users/joselusava//valeria/m4_s05_055_ic</folder><source><submittedBy>Jose Saca</submittedBy></source><imagesize><nrows>2910</nrows><ncols>4361</ncols></imagesize><object><name>m4_s05_055_p_ic093</name><deleted>0</deleted><verified>0</verified><occluded>no</occluded><attributes></attributes><parts><hasparts></hasparts><ispartof></ispartof></parts><date>09-10-20 15:05:02:172</date><id>0</id><type>bounding_box</type><polygon><username>anonymous</username><pt><x>3075</x><y>656</y><time>09-10-20 15:04:54:691</time></pt><pt><x>1279</x><y>656</y><time>09-10-20 15:04:58:214</time></pt><pt><x>1279</x><y>2541</y><time>undefined</time></pt><pt><x>3075</x><y>2541</y><time>undefined</time></pt><closed_date>09-10-20 15:04:58:215</closed_date></polygon></object></annotation>