<annotation><filename>m1_s01_001_p_ic046.jpg</filename><folder>users/joselusava//juancarlos</folder><source><submittedBy>Jose Saca</submittedBy></source><imagesize><nrows>2000</nrows><ncols>2992</ncols></imagesize><object><name>m1_s01_001_p_ic046</name><deleted>0</deleted><verified>0</verified><occluded>no</occluded><attributes></attributes><parts><hasparts></hasparts><ispartof></ispartof></parts><date>31-08-20 16:33:07:124</date><id>0</id><type>bounding_box</type><polygon><username>anonymous</username><pt><x>871</x><y>890</y><time>31-08-20 16:32:48:311</time></pt><pt><x>1833</x><y>890</y><time>31-08-20 16:32:52:849</time></pt><pt><x>1833</x><y>1682</y><time>undefined</time></pt><pt><x>871</x><y>1682</y><time>undefined</time></pt><closed_date>31-08-20 16:32:52:851</closed_date></polygon></object></annotation>