<annotation><filename>m1_s01_021_p_nic038.jpg</filename><folder>users/joselusava//santiago</folder><source><submittedBy>Jose Saca</submittedBy></source><imagesize><nrows>3200</nrows><ncols>4800</ncols></imagesize><object><name>m1_s01_021_p_nic038</name><deleted>0</deleted><verified>0</verified><occluded>no</occluded><attributes></attributes><parts><hasparts></hasparts><ispartof></ispartof></parts><date>15-09-20 16:24:05:005</date><id>0</id><type>bounding_box</type><polygon><username>anonymous</username><pt><x>601</x><y>1638</y><time>15-09-20 16:23:57:814</time></pt><pt><x>1152</x><y>1638</y><time>15-09-20 16:23:59:080</time></pt><pt><x>1152</x><y>2297</y><time>undefined</time></pt><pt><x>601</x><y>2297</y><time>undefined</time></pt><closed_date>15-09-20 16:23:59:082</closed_date></polygon></object></annotation>