<annotation><filename>m4_s12_186_p_ic055.jpg</filename><folder>users/joselusava//m4_js/186/ic</folder><source><submittedBy>Jose Saca</submittedBy></source><imagesize><nrows>3899</nrows><ncols>5844</ncols></imagesize><object><name>m4_s12_186_p_ic055</name><deleted>0</deleted><verified>0</verified><occluded>no</occluded><attributes></attributes><parts><hasparts></hasparts><ispartof></ispartof></parts><date>18-10-20 10:59:36:291</date><id>0</id><type>bounding_box</type><polygon><username>anonymous</username><pt><x>3744</x><y>3219</y><time>18-10-20 10:59:34:237</time></pt><pt><x>1831</x><y>3219</y><time>18-10-20 10:59:35:638</time></pt><pt><x>1831</x><y>268</y><time>undefined</time></pt><pt><x>3744</x><y>268</y><time>undefined</time></pt><closed_date>18-10-20 10:59:35:639</closed_date></polygon></object></annotation>