<annotation><filename>m4_s04_039_p_nic050.jpg</filename><folder>users/joselusava//santiago_2</folder><source><submittedBy>Jose Saca</submittedBy></source><imagesize><nrows>2970</nrows><ncols>4451</ncols></imagesize><object><name>m4_s04_039_p_nic050</name><deleted>0</deleted><verified>0</verified><occluded>no</occluded><attributes></attributes><parts><hasparts></hasparts><ispartof></ispartof></parts><date>21-10-20 21:40:29:647</date><id>0</id><type>bounding_box</type><polygon><username>anonymous</username><pt><x>2963</x><y>296</y><time>21-10-20 21:40:26:416</time></pt><pt><x>3862</x><y>296</y><time>21-10-20 21:40:27:621</time></pt><pt><x>3862</x><y>2770</y><time>undefined</time></pt><pt><x>2963</x><y>2770</y><time>undefined</time></pt><closed_date>21-10-20 21:40:27:623</closed_date></polygon></object></annotation>