<annotation><filename>m2_s03_219_p_nic075.jpg</filename><folder>users/joselusava//valeria/m2_sala03_219_nic</folder><source><submittedBy>Jose Saca</submittedBy></source><imagesize><nrows>2910</nrows><ncols>4361</ncols></imagesize><object><name>m2_s03_219_p_nic075</name><deleted>0</deleted><verified>0</verified><occluded>no</occluded><attributes></attributes><parts><hasparts></hasparts><ispartof></ispartof></parts><date>29-09-20 19:09:28:818</date><id>0</id><type>bounding_box</type><polygon><username>anonymous</username><pt><x>2590</x><y>2166</y><time>29-09-20 19:09:23:799</time></pt><pt><x>4189</x><y>2166</y><time>29-09-20 19:09:25:817</time></pt><pt><x>4189</x><y>215</y><time>undefined</time></pt><pt><x>2590</x><y>215</y><time>undefined</time></pt><closed_date>29-09-20 19:09:25:818</closed_date></polygon></object></annotation>