<annotation><filename>m2_s02_129_p_ic025.jpg</filename><folder>users/joselusava//m2_jsv/129/ic</folder><source><submittedBy>Jose Saca</submittedBy></source><imagesize><nrows>2910</nrows><ncols>4361</ncols></imagesize><object><name>m2_s02_129_p_ic025</name><deleted>0</deleted><verified>0</verified><occluded>no</occluded><attributes></attributes><parts><hasparts></hasparts><ispartof></ispartof></parts><date>24-09-20 15:19:49:542</date><id>0</id><type>bounding_box</type><polygon><username>anonymous</username><pt><x>2751</x><y>2019</y><time>24-09-20 15:19:47:208</time></pt><pt><x>1410</x><y>2019</y><time>24-09-20 15:19:48:966</time></pt><pt><x>1410</x><y>670</y><time>undefined</time></pt><pt><x>2751</x><y>670</y><time>undefined</time></pt><closed_date>24-09-20 15:19:48:967</closed_date></polygon></object></annotation>