<annotation><filename>m4_s11_178_p_ic040.jpg</filename><folder>users/joselusava//santiago_2</folder><source><submittedBy>Jose Saca</submittedBy></source><imagesize><nrows>2970</nrows><ncols>4451</ncols></imagesize><object><name>m4_s11_178_p_ic040</name><deleted>0</deleted><verified>0</verified><occluded>no</occluded><attributes></attributes><parts><hasparts></hasparts><ispartof></ispartof></parts><date>15-10-20 21:39:10:615</date><id>0</id><type>bounding_box</type><polygon><username>anonymous</username><pt><x>1646</x><y>760</y><time>15-10-20 21:39:07:205</time></pt><pt><x>2656</x><y>760</y><time>15-10-20 21:39:08:568</time></pt><pt><x>2656</x><y>2081</y><time>undefined</time></pt><pt><x>1646</x><y>2081</y><time>undefined</time></pt><closed_date>15-10-20 21:39:08:570</closed_date></polygon></object></annotation>