<annotation><filename>m1_s01_004_p_ic072.jpg</filename><folder>users/joselusava//valeria_apoyo/sala001_004ic_ok</folder><source><submittedBy>Jose Saca</submittedBy></source><imagesize><nrows>2000</nrows><ncols>2992</ncols></imagesize><object><name>m1_s01_004_p_ic072</name><deleted>0</deleted><verified>0</verified><occluded>no</occluded><attributes></attributes><parts><hasparts></hasparts><ispartof></ispartof></parts><date>16-09-20 01:13:51:967</date><id>0</id><type>bounding_box</type><polygon><username>anonymous</username><pt><x>2981</x><y>1617</y><time>16-09-20 01:13:43:570</time></pt><pt><x>23</x><y>1617</y><time>16-09-20 01:13:47:214</time></pt><pt><x>23</x><y>636</y><time>undefined</time></pt><pt><x>2981</x><y>636</y><time>undefined</time></pt><closed_date>16-09-20 01:13:47:215</closed_date></polygon></object></annotation>