<annotation><filename>m2_s01_058_p_nic050.jpg</filename><folder>users/joselusava//m2_jsv/58/nic</folder><source><submittedBy>Jose Saca</submittedBy></source><imagesize><nrows>2850</nrows><ncols>4271</ncols></imagesize><object><name>m2_s01_058_p_nic050</name><deleted>0</deleted><verified>0</verified><occluded>no</occluded><attributes></attributes><parts><hasparts></hasparts><ispartof></ispartof></parts><date>29-09-20 23:08:30:039</date><id>0</id><type>bounding_box</type><polygon><username>anonymous</username><pt><x>4177</x><y>2677</y><time>29-09-20 23:08:28:240</time></pt><pt><x>2353</x><y>2677</y><time>29-09-20 23:08:29:195</time></pt><pt><x>2353</x><y>1321</y><time>undefined</time></pt><pt><x>4177</x><y>1321</y><time>undefined</time></pt><closed_date>29-09-20 23:08:29:196</closed_date></polygon></object></annotation>