<annotation><filename>m1_s01_021_p_nic001.jpg</filename><folder>users/joselusava//santiago</folder><source><submittedBy>Jose Saca</submittedBy></source><imagesize><nrows>3200</nrows><ncols>4800</ncols></imagesize><object><name>m1_s01_021_p_nic001</name><deleted>0</deleted><verified>0</verified><occluded>no</occluded><attributes></attributes><parts><hasparts></hasparts><ispartof></ispartof></parts><date>15-09-20 00:32:01:141</date><id>0</id><type>bounding_box</type><polygon><username>anonymous</username><pt><x>3790</x><y>2102</y><time>15-09-20 00:31:53:076</time></pt><pt><x>4449</x><y>2102</y><time>15-09-20 00:31:54:192</time></pt><pt><x>4449</x><y>2930</y><time>undefined</time></pt><pt><x>3790</x><y>2930</y><time>undefined</time></pt><closed_date>15-09-20 00:31:54:193</closed_date></polygon></object></annotation>