<annotation><filename>m1_s01_001_p_nic009.jpg</filename><folder>users/joselusava//juancarlos</folder><source><submittedBy>Jose Saca</submittedBy></source><imagesize><nrows>3200</nrows><ncols>4800</ncols></imagesize><object><name>m1_s01_001_p_nic009</name><deleted>0</deleted><verified>0</verified><occluded>no</occluded><attributes></attributes><parts><hasparts></hasparts><ispartof></ispartof></parts><date>02-09-20 11:48:51:452</date><id>0</id><type>bounding_box</type><polygon><username>anonymous</username><pt><x>1012</x><y>582</y><time>02-09-20 11:48:40:767</time></pt><pt><x>2261</x><y>582</y><time>02-09-20 11:48:43:769</time></pt><pt><x>2261</x><y>1315</y><time>undefined</time></pt><pt><x>1012</x><y>1315</y><time>undefined</time></pt><closed_date>02-09-20 11:48:43:771</closed_date></polygon></object></annotation>