<annotation><filename>m3_s01_002_p_nic033.jpg</filename><folder>users/joselusava//santiago_3</folder><source><submittedBy>Jose Saca</submittedBy></source><imagesize><nrows>2970</nrows><ncols>4451</ncols></imagesize><object><name>m3_s01_002_p_nic033</name><deleted>0</deleted><verified>0</verified><occluded>no</occluded><attributes></attributes><parts><hasparts></hasparts><ispartof></ispartof></parts><date>29-10-20 15:57:20:500</date><id>0</id><type>bounding_box</type><polygon><username>anonymous</username><pt><x>1935</x><y>178</y><time>29-10-20 15:57:10:264</time></pt><pt><x>3820</x><y>178</y><time>29-10-20 15:57:12:259</time></pt><pt><x>3820</x><y>1999</y><time>undefined</time></pt><pt><x>1935</x><y>1999</y><time>undefined</time></pt><closed_date>29-10-20 15:57:12:260</closed_date></polygon></object></annotation>