<annotation><filename>m2_s01_058_p.jpg</filename><folder>users/joselusava//m2_jsv/58/ic</folder><source><submittedBy>Jose Saca</submittedBy></source><imagesize><nrows>2850</nrows><ncols>4271</ncols></imagesize><object><name>m2_s01_058_p</name><deleted>0</deleted><verified>0</verified><occluded>no</occluded><attributes></attributes><parts><hasparts></hasparts><ispartof></ispartof></parts><date>29-09-20 12:56:42:582</date><id>0</id><type>bounding_box</type><polygon><username>anonymous</username><pt><x>459</x><y>229</y><time>29-09-20 12:56:36:244</time></pt><pt><x>3872</x><y>229</y><time>29-09-20 12:56:38:715</time></pt><pt><x>3872</x><y>2785</y><time>undefined</time></pt><pt><x>459</x><y>2785</y><time>undefined</time></pt><closed_date>29-09-20 12:56:38:715</closed_date></polygon></object></annotation>