<annotation><filename>m1_s01_004_p_nic099.jpg</filename><folder>users/joselusava//valeria_apoyo/sala01_004_nic</folder><source><submittedBy>Jose Saca</submittedBy></source><imagesize><nrows>3200</nrows><ncols>4800</ncols></imagesize><object><name>m1_s01_004_p_nic099</name><deleted>0</deleted><verified>0</verified><occluded>no</occluded><attributes></attributes><parts><hasparts></hasparts><ispartof></ispartof></parts><date>17-09-20 20:49:26:487</date><id>0</id><type>bounding_box</type><polygon><username>anonymous</username><pt><x>1358</x><y>1739</y><time>17-09-20 20:49:20:975</time></pt><pt><x>4121</x><y>1739</y><time>17-09-20 20:49:22:983</time></pt><pt><x>4121</x><y>818</y><time>undefined</time></pt><pt><x>1358</x><y>818</y><time>undefined</time></pt><closed_date>17-09-20 20:49:22:984</closed_date></polygon></object></annotation>