<annotation><filename>m4_s04_037_p_nic014.jpg</filename><folder>users/joselusava//santiago_2</folder><source><submittedBy>Jose Saca</submittedBy></source><imagesize><nrows>2970</nrows><ncols>4451</ncols></imagesize><object><name>m4_s04_037_p_nic014</name><deleted>0</deleted><verified>0</verified><occluded>no</occluded><attributes></attributes><parts><hasparts></hasparts><ispartof></ispartof></parts><date>19-10-20 13:57:24:790</date><id>0</id><type>bounding_box</type><polygon><username>anonymous</username><pt><x>2777</x><y>1581</y><time>19-10-20 13:57:22:287</time></pt><pt><x>3552</x><y>1581</y><time>19-10-20 13:57:22:976</time></pt><pt><x>3552</x><y>2738</y><time>undefined</time></pt><pt><x>2777</x><y>2738</y><time>undefined</time></pt><closed_date>19-10-20 13:57:22:978</closed_date></polygon></object></annotation>