<annotation><filename>m4_s05_055_p_nic004.jpg</filename><folder>users/joselusava//valeria/m4_s05_055_nic</folder><source><submittedBy>Jose Saca</submittedBy></source><imagesize><nrows>2910</nrows><ncols>4361</ncols></imagesize><object><name>m4_s05_055_p_nic004</name><deleted>0</deleted><verified>0</verified><occluded>no</occluded><attributes></attributes><parts><hasparts></hasparts><ispartof></ispartof></parts><date>09-10-20 15:26:13:082</date><id>0</id><type>bounding_box</type><polygon><username>anonymous</username><pt><x>4222</x><y>1951</y><time>09-10-20 15:26:05:926</time></pt><pt><x>2712</x><y>1951</y><time>09-10-20 15:26:08:874</time></pt><pt><x>2712</x><y>408</y><time>undefined</time></pt><pt><x>4222</x><y>408</y><time>undefined</time></pt><closed_date>09-10-20 15:26:08:875</closed_date></polygon></object></annotation>