<annotation><filename>m4_s04_045_p_ic054.jpg</filename><folder>users/joselusava//valeria/m04_s04_45_ic</folder><source><submittedBy>Jose Saca</submittedBy></source><imagesize><nrows>2970</nrows><ncols>4451</ncols></imagesize><object><name>m4_s04_045_p_ic054</name><deleted>0</deleted><verified>0</verified><occluded>no</occluded><attributes></attributes><parts><hasparts></hasparts><ispartof></ispartof></parts><date>19-10-20 19:43:30:107</date><id>0</id><type>bounding_box</type><polygon><username>anonymous</username><pt><x>1771</x><y>2130</y><time>19-10-20 19:43:25:974</time></pt><pt><x>2696</x><y>2130</y><time>19-10-20 19:43:27:717</time></pt><pt><x>2696</x><y>417</y><time>undefined</time></pt><pt><x>1771</x><y>417</y><time>undefined</time></pt><closed_date>19-10-20 19:43:27:718</closed_date></polygon></object></annotation>