<annotation><filename>m1_s01_021_p_nic091.jpg</filename><folder>users/joselusava//santiago</folder><source><submittedBy>Jose Saca</submittedBy></source><imagesize><nrows>3200</nrows><ncols>4800</ncols></imagesize><object><name>m1_s01_021_p_nic091</name><deleted>0</deleted><verified>0</verified><occluded>no</occluded><attributes></attributes><parts><hasparts></hasparts><ispartof></ispartof></parts><date>16-09-20 22:29:14:215</date><id>0</id><type>bounding_box</type><polygon><username>anonymous</username><pt><x>3646</x><y>1685</y><time>16-09-20 22:29:06:249</time></pt><pt><x>4247</x><y>1685</y><time>16-09-20 22:29:07:121</time></pt><pt><x>4247</x><y>2491</y><time>undefined</time></pt><pt><x>3646</x><y>2491</y><time>undefined</time></pt><closed_date>16-09-20 22:29:07:122</closed_date></polygon></object></annotation>