<annotation><filename>m3_s01_013_p_ic034.jpg</filename><folder>users/joselusava//valeria/m03_s01_13_ic</folder><source><submittedBy>Jose Saca</submittedBy></source><imagesize><nrows>2970</nrows><ncols>4451</ncols></imagesize><object><name>m3_s01_013_p_ic033</name><deleted>0</deleted><verified>0</verified><occluded>no</occluded><attributes></attributes><parts><hasparts></hasparts><ispartof></ispartof></parts><date>29-10-20 13:32:46:223</date><id>0</id><type>bounding_box</type><polygon><username>anonymous</username><pt><x>3930</x><y>2844</y><time>29-10-20 13:32:40:597</time></pt><pt><x>497</x><y>2844</y><time>29-10-20 13:32:42:913</time></pt><pt><x>497</x><y>366</y><time>undefined</time></pt><pt><x>3930</x><y>366</y><time>undefined</time></pt><closed_date>29-10-20 13:32:42:914</closed_date></polygon></object></annotation>