<annotation><filename>m4_s04_039_p_nic033.jpg</filename><folder>users/joselusava//santiago_2</folder><source><submittedBy>Jose Saca</submittedBy></source><imagesize><nrows>2970</nrows><ncols>4451</ncols></imagesize><object><name>m4_s04_039_p_nic033</name><deleted>0</deleted><verified>0</verified><occluded>no</occluded><attributes></attributes><parts><hasparts></hasparts><ispartof></ispartof></parts><date>21-10-20 21:10:58:515</date><id>0</id><type>bounding_box</type><polygon><username>anonymous</username><pt><x>3063</x><y>693</y><time>21-10-20 21:10:54:863</time></pt><pt><x>3741</x><y>693</y><time>21-10-20 21:10:56:315</time></pt><pt><x>3741</x><y>2531</y><time>undefined</time></pt><pt><x>3063</x><y>2531</y><time>undefined</time></pt><closed_date>21-10-20 21:10:56:316</closed_date></polygon></object></annotation>