<annotation><filename>m1_s02_065_p_ic080.jpg</filename><folder>users/joselusava//valeria/sala2_065_ic</folder><source><submittedBy>Jose Saca</submittedBy></source><imagesize><nrows>2000</nrows><ncols>2992</ncols></imagesize><object><name>m1_s02_065_p_ic080</name><deleted>0</deleted><verified>0</verified><occluded>no</occluded><attributes></attributes><parts><hasparts></hasparts><ispartof></ispartof></parts><date>26-08-20 01:08:17:113</date><id>0</id><type>bounding_box</type><polygon><username>anonymous</username><pt><x>121</x><y>225</y><time>26-08-20 01:07:55:144</time></pt><pt><x>2940</x><y>225</y><time>26-08-20 01:07:59:290</time></pt><pt><x>2940</x><y>1849</y><time>undefined</time></pt><pt><x>121</x><y>1849</y><time>undefined</time></pt><closed_date>26-08-20 01:07:59:292</closed_date></polygon></object></annotation>