<annotation><filename>m4_s11_178_p_ic098.jpg</filename><folder>users/joselusava//santiago_2</folder><source><submittedBy>Jose Saca</submittedBy></source><imagesize><nrows>2970</nrows><ncols>4451</ncols></imagesize><object><name>m4_s11_178_p_ic098</name><deleted>0</deleted><verified>0</verified><occluded>no</occluded><attributes></attributes><parts><hasparts></hasparts><ispartof></ispartof></parts><date>15-10-20 22:34:10:315</date><id>0</id><type>bounding_box</type><polygon><username>anonymous</username><pt><x>1364</x><y>785</y><time>15-10-20 22:34:06:932</time></pt><pt><x>3016</x><y>785</y><time>15-10-20 22:34:08:507</time></pt><pt><x>3016</x><y>2499</y><time>undefined</time></pt><pt><x>1364</x><y>2499</y><time>undefined</time></pt><closed_date>15-10-20 22:34:08:507</closed_date></polygon></object></annotation>