<annotation><filename>m1_s06_141_p_nic036.jpg</filename><folder>users/joselusava//jacob_2/141nic</folder><source><submittedBy>Jose Saca</submittedBy></source><imagesize><nrows>2736</nrows><ncols>4100</ncols></imagesize><object><name>m1_s06_141_p_nic036</name><deleted>0</deleted><verified>0</verified><occluded>no</occluded><attributes></attributes><parts><hasparts></hasparts><ispartof></ispartof></parts><date>05-09-20 01:12:25:762</date><id>0</id><type>bounding_box</type><polygon><username>anonymous</username><pt><x>3126</x><y>1691</y><time>05-09-20 01:12:23:223</time></pt><pt><x>2097</x><y>1691</y><time>05-09-20 01:12:24:981</time></pt><pt><x>2097</x><y>47</y><time>undefined</time></pt><pt><x>3126</x><y>47</y><time>undefined</time></pt><closed_date>05-09-20 01:12:24:981</closed_date></polygon></object></annotation>