<annotation><filename>m4_s06_089_p_nic083.jpg</filename><folder>users/joselusava//santiago_2</folder><source><submittedBy>Jose Saca</submittedBy></source><imagesize><nrows>2970</nrows><ncols>4451</ncols></imagesize><object><name>m4_s06_089_p_nic083</name><deleted>0</deleted><verified>0</verified><occluded>no</occluded><attributes></attributes><parts><hasparts></hasparts><ispartof></ispartof></parts><date>12-10-20 22:14:01:509</date><id>0</id><type>bounding_box</type><polygon><username>anonymous</username><pt><x>2720</x><y>839</y><time>12-10-20 22:13:58:182</time></pt><pt><x>3795</x><y>839</y><time>12-10-20 22:13:59:376</time></pt><pt><x>3795</x><y>2684</y><time>undefined</time></pt><pt><x>2720</x><y>2684</y><time>undefined</time></pt><closed_date>12-10-20 22:13:59:378</closed_date></polygon></object></annotation>