<annotation><filename>m2_s02_190_p_nic088.jpg</filename><folder>users/joselusava//m2_jsv/190/nic</folder><source><submittedBy>Jose Saca</submittedBy></source><imagesize><nrows>2910</nrows><ncols>4361</ncols></imagesize><object><name>m2_s02_190_p_nic088</name><deleted>0</deleted><verified>0</verified><occluded>no</occluded><attributes></attributes><parts><hasparts></hasparts><ispartof></ispartof></parts><date>21-09-20 16:13:06:006</date><id>0</id><type>bounding_box</type><polygon><username>anonymous</username><pt><x>1253</x><y>2046</y><time>21-09-20 16:13:04:261</time></pt><pt><x>505</x><y>2046</y><time>21-09-20 16:13:05:464</time></pt><pt><x>505</x><y>966</y><time>undefined</time></pt><pt><x>1253</x><y>966</y><time>undefined</time></pt><closed_date>21-09-20 16:13:05:464</closed_date></polygon></object></annotation>