<annotation><filename>m1_s01_021_p_ic040.jpg</filename><folder>users/joselusava//santiago</folder><source><submittedBy>Jose Saca</submittedBy></source><imagesize><nrows>3200</nrows><ncols>4800</ncols></imagesize><object><name>m1_s01_021_p_ic040</name><deleted>0</deleted><verified>0</verified><occluded>no</occluded><attributes></attributes><parts><hasparts></hasparts><ispartof></ispartof></parts><date>14-09-20 23:09:20:562</date><id>0</id><type>bounding_box</type><polygon><username>anonymous</username><pt><x>1775</x><y>688</y><time>14-09-20 23:09:11:102</time></pt><pt><x>3128</x><y>688</y><time>14-09-20 23:09:13:727</time></pt><pt><x>3128</x><y>2419</y><time>undefined</time></pt><pt><x>1775</x><y>2419</y><time>undefined</time></pt><closed_date>14-09-20 23:09:13:728</closed_date></polygon></object></annotation>