<annotation><filename>m1_s01_004_p_nic071.jpg</filename><folder>users/joselusava//valeria_apoyo/sala01_004_nic</folder><source><submittedBy>Jose Saca</submittedBy></source><imagesize><nrows>3200</nrows><ncols>4800</ncols></imagesize><object><name>m1_s01_004_p_nic071</name><deleted>0</deleted><verified>0</verified><occluded>no</occluded><attributes></attributes><parts><hasparts></hasparts><ispartof></ispartof></parts><date>17-09-20 19:56:35:886</date><id>0</id><type>bounding_box</type><polygon><username>anonymous</username><pt><x>4661</x><y>2727</y><time>17-09-20 19:56:28:685</time></pt><pt><x>1715</x><y>2727</y><time>17-09-20 19:56:31:738</time></pt><pt><x>1715</x><y>1794</y><time>undefined</time></pt><pt><x>4661</x><y>1794</y><time>undefined</time></pt><closed_date>17-09-20 19:56:31:739</closed_date></polygon></object></annotation>