<annotation><filename>m4_s03_025_p_nic066.jpg</filename><folder>users/joselusava//santiago_3</folder><source><submittedBy>Jose Saca</submittedBy></source><imagesize><nrows>2910</nrows><ncols>4361</ncols></imagesize><object><name>m4_s03_025_p_nic066</name><deleted>0</deleted><verified>0</verified><occluded>no</occluded><attributes></attributes><parts><hasparts></hasparts><ispartof></ispartof></parts><date>08-11-20 13:54:14:016</date><id>0</id><type>bounding_box</type><polygon><username>anonymous</username><pt><x>1081</x><y>630</y><time>08-11-20 13:54:10:630</time></pt><pt><x>4117</x><y>630</y><time>08-11-20 13:54:11:978</time></pt><pt><x>4117</x><y>2029</y><time>undefined</time></pt><pt><x>1081</x><y>2029</y><time>undefined</time></pt><closed_date>08-11-20 13:54:11:978</closed_date></polygon></object></annotation>