<annotation><filename>m2_s05_236_p_ic034.jpg</filename><folder>users/joselusava//museos2020</folder><source><submittedBy>Jose Saca</submittedBy></source><imagesize><nrows>2910</nrows><ncols>4361</ncols></imagesize><object><name>m2_s05_236_p_ic034</name><deleted>0</deleted><verified>0</verified><occluded>no</occluded><attributes></attributes><parts><hasparts></hasparts><ispartof></ispartof></parts><date>16-09-20 18:20:49:011</date><id>0</id><type>bounding_box</type><polygon><username>anonymous</username><pt><x>623</x><y>163</y><time>16-09-20 18:20:33:594</time></pt><pt><x>3849</x><y>163</y><time>16-09-20 18:20:35:929</time></pt><pt><x>3849</x><y>2891</y><time>undefined</time></pt><pt><x>623</x><y>2891</y><time>undefined</time></pt><closed_date>16-09-20 18:20:35:930</closed_date></polygon></object></annotation>