<annotation><filename>m2_s03_201_p_nic001.jpg</filename><folder>users/joselusava//juancarlos</folder><source><submittedBy>Jose Saca</submittedBy></source><imagesize><nrows>2910</nrows><ncols>4361</ncols></imagesize><object><name>m2_s03_201_p_nic001</name><deleted>0</deleted><verified>0</verified><occluded>no</occluded><attributes></attributes><parts><hasparts></hasparts><ispartof></ispartof></parts><date>04-10-20 20:58:49:554</date><id>0</id><polygon><username>anonymous</username><pt><x>2673</x><y>590</y><time>04-10-20 20:58:30:574</time></pt><pt><x>2715</x><y>1813</y><time>04-10-20 20:58:31:605</time></pt><pt><x>3742</x><y>1590</y><time>04-10-20 20:58:32:542</time></pt><pt><x>3538</x><y>242</y><time>04-10-20 20:58:33:975</time></pt><closed_date>04-10-20 20:58:35:056</closed_date></polygon></object></annotation>