<annotation><filename>m4_s04_047_p_ic058.jpg</filename><folder>users/joselusava//kath/kath_m4_047</folder><source><submittedBy>Jose Saca</submittedBy></source><imagesize><nrows>2970</nrows><ncols>4451</ncols></imagesize><object><name>m4_s04_047_p_ic058</name><deleted>0</deleted><verified>0</verified><occluded>no</occluded><attributes></attributes><parts><hasparts></hasparts><ispartof></ispartof></parts><date>24-10-20 14:18:01:538</date><id>0</id><type>bounding_box</type><polygon><username>anonymous</username><pt><x>1463</x><y>438</y><time>24-10-20 14:17:55:375</time></pt><pt><x>2636</x><y>438</y><time>24-10-20 14:17:59:169</time></pt><pt><x>2636</x><y>2903</y><time>undefined</time></pt><pt><x>1463</x><y>2903</y><time>undefined</time></pt><closed_date>24-10-20 14:17:59:171</closed_date></polygon></object></annotation>