<annotation><filename>m3_s01_002_p_ic081.jpg</filename><folder>users/joselusava//santiago_3</folder><source><submittedBy>Jose Saca</submittedBy></source><imagesize><nrows>2970</nrows><ncols>4451</ncols></imagesize><object><name>m3_s01_002_p_ic081</name><deleted>0</deleted><verified>0</verified><occluded>no</occluded><attributes></attributes><parts><hasparts></hasparts><ispartof></ispartof></parts><date>29-10-20 13:26:30:371</date><id>0</id><type>bounding_box</type><polygon><username>anonymous</username><pt><x>389</x><y>389</y><time>29-10-20 13:26:26:709</time></pt><pt><x>3955</x><y>389</y><time>29-10-20 13:26:28:161</time></pt><pt><x>3955</x><y>2663</y><time>undefined</time></pt><pt><x>389</x><y>2663</y><time>undefined</time></pt><closed_date>29-10-20 13:26:28:162</closed_date></polygon></object></annotation>