<annotation><filename>m4_s05_055_p_ic018.jpg</filename><folder>users/joselusava//valeria/m4_s05_055_ic</folder><source><submittedBy>Jose Saca</submittedBy></source><imagesize><nrows>2910</nrows><ncols>4361</ncols></imagesize><object><name>m4_s05_055_p_ic018</name><deleted>0</deleted><verified>0</verified><occluded>no</occluded><attributes></attributes><parts><hasparts></hasparts><ispartof></ispartof></parts><date>08-10-20 21:49:42:645</date><id>0</id><type>bounding_box</type><polygon><username>anonymous</username><pt><x>1301</x><y>435</y><time>08-10-20 21:49:37:345</time></pt><pt><x>3169</x><y>435</y><time>08-10-20 21:49:39:626</time></pt><pt><x>3169</x><y>2397</y><time>undefined</time></pt><pt><x>1301</x><y>2397</y><time>undefined</time></pt><closed_date>08-10-20 21:49:39:627</closed_date></polygon></object></annotation>