<annotation><filename>m2_s06_250_p_ic005.jpg</filename><folder>users/joselusava//valeria/m2_sala06_250_ic</folder><source><submittedBy>Jose Saca</submittedBy></source><imagesize><nrows>2910</nrows><ncols>4361</ncols></imagesize><object><name>m2_s06_250_p_ic005</name><deleted>0</deleted><verified>0</verified><occluded>no</occluded><attributes></attributes><parts><hasparts></hasparts><ispartof></ispartof></parts><date>30-09-20 22:05:14:747</date><id>0</id><type>bounding_box</type><polygon><username>anonymous</username><pt><x>347</x><y>1863</y><time>30-09-20 22:05:05:926</time></pt><pt><x>4288</x><y>1863</y><time>30-09-20 22:05:11:319</time></pt><pt><x>4288</x><y>1047</y><time>undefined</time></pt><pt><x>347</x><y>1047</y><time>undefined</time></pt><closed_date>30-09-20 22:05:11:320</closed_date></polygon></object></annotation>