<annotation><filename>m2_s01_032_p_nic006.jpg</filename><folder>users/joselusava//santiago_2</folder><source><submittedBy>Jose Saca</submittedBy></source><imagesize><nrows>2850</nrows><ncols>4271</ncols></imagesize><object><name>m2_s01_032_p_nic006</name><deleted>0</deleted><verified>0</verified><occluded>no</occluded><attributes></attributes><parts><hasparts></hasparts><ispartof></ispartof></parts><date>30-09-20 17:42:19:195</date><id>0</id><type>bounding_box</type><polygon><username>anonymous</username><pt><x>1068</x><y>221</y><time>30-09-20 17:42:16:334</time></pt><pt><x>2174</x><y>221</y><time>30-09-20 17:42:17:331</time></pt><pt><x>2174</x><y>1468</y><time>undefined</time></pt><pt><x>1068</x><y>1468</y><time>undefined</time></pt><closed_date>30-09-20 17:42:17:333</closed_date></polygon></object></annotation>