<annotation><filename>m1_s01_004_p_ic033.jpg</filename><folder>users/joselusava//valeria_apoyo/sala001_004ic_ok</folder><source><submittedBy>Jose Saca</submittedBy></source><imagesize><nrows>2000</nrows><ncols>2992</ncols></imagesize><object><name>m1_s01_004_p_ic033</name><deleted>0</deleted><verified>0</verified><occluded>no</occluded><attributes></attributes><parts><hasparts></hasparts><ispartof></ispartof></parts><date>15-09-20 23:06:54:292</date><id>0</id><type>bounding_box</type><polygon><username>anonymous</username><pt><x>38</x><y>1742</y><time>15-09-20 23:06:42:777</time></pt><pt><x>2879</x><y>1742</y><time>15-09-20 23:06:46:732</time></pt><pt><x>2879</x><y>337</y><time>undefined</time></pt><pt><x>38</x><y>337</y><time>undefined</time></pt><closed_date>15-09-20 23:06:46:733</closed_date></polygon></object></annotation>