<annotation><filename>m2_s01_024_p_nic070.jpg</filename><folder>users/joselusava//santiago</folder><source><submittedBy>Jose Saca</submittedBy></source><imagesize><nrows>2850</nrows><ncols>4271</ncols></imagesize><object><name>m2_s01_024_p_nic070</name><deleted>0</deleted><verified>0</verified><occluded>no</occluded><attributes></attributes><parts><hasparts></hasparts><ispartof></ispartof></parts><date>25-09-20 15:28:29:627</date><id>0</id><type>bounding_box</type><polygon><username>anonymous</username><pt><x>2286</x><y>199</y><time>25-09-20 15:28:22:373</time></pt><pt><x>3395</x><y>199</y><time>25-09-20 15:28:23:285</time></pt><pt><x>3395</x><y>2254</y><time>undefined</time></pt><pt><x>2286</x><y>2254</y><time>undefined</time></pt><closed_date>25-09-20 15:28:23:287</closed_date></polygon></object></annotation>