<annotation><filename>m1_s06_168_p_ic011.jpg</filename><folder>users/joselusava//jacob_2/168ic</folder><source><submittedBy>Jose Saca</submittedBy></source><imagesize><nrows>2736</nrows><ncols>4100</ncols></imagesize><object><name>m1_s06_168_p_ic011</name><deleted>0</deleted><verified>0</verified><occluded>no</occluded><attributes></attributes><parts><hasparts></hasparts><ispartof></ispartof></parts><date>08-09-20 19:40:47:245</date><id>0</id><type>bounding_box</type><polygon><username>anonymous</username><pt><x>1097</x><y>2455</y><time>08-09-20 19:40:44:581</time></pt><pt><x>2938</x><y>2455</y><time>08-09-20 19:40:46:500</time></pt><pt><x>2938</x><y>254</y><time>undefined</time></pt><pt><x>1097</x><y>254</y><time>undefined</time></pt><closed_date>08-09-20 19:40:46:501</closed_date></polygon></object></annotation>