<annotation><filename>m4_s09_135_x.jpg</filename><folder>users/joselusava//kath/m4_x</folder><source><submittedBy>Jose Saca</submittedBy></source><imagesize><nrows>2970</nrows><ncols>4451</ncols></imagesize><object><name>m4_s09_135_x</name><deleted>0</deleted><verified>0</verified><occluded>no</occluded><attributes></attributes><parts><hasparts></hasparts><ispartof></ispartof></parts><date>21-10-20 11:44:56:210</date><id>0</id><polygon><username>anonymous</username><pt><x>1350</x><y>144</y><time>21-10-20 11:44:45:049</time></pt><pt><x>1312</x><y>2850</y><time>21-10-20 11:44:48:681</time></pt><pt><x>3057</x><y>2783</y><time>21-10-20 11:44:50:457</time></pt><pt><x>2912</x><y>163</y><time>21-10-20 11:44:52:199</time></pt><closed_date>21-10-20 11:44:54:010</closed_date></polygon></object></annotation>