<annotation><filename>m4_s07_097_x.jpg</filename><folder>users/joselusava//kath/m4_x</folder><source><submittedBy>Jose Saca</submittedBy></source><imagesize><nrows>2970</nrows><ncols>4451</ncols></imagesize><object><name>m4_s07_097_x</name><deleted>0</deleted><verified>0</verified><occluded>no</occluded><attributes></attributes><parts><hasparts></hasparts><ispartof></ispartof></parts><date>21-10-20 10:56:51:461</date><id>0</id><polygon><username>anonymous</username><pt><x>1077</x><y>735</y><time>21-10-20 10:56:39:808</time></pt><pt><x>120</x><y>2249</y><time>21-10-20 10:56:41:692</time></pt><pt><x>4258</x><y>2249</y><time>21-10-20 10:56:43:570</time></pt><pt><x>3239</x><y>774</y><time>21-10-20 10:56:46:069</time></pt><closed_date>21-10-20 10:56:47:978</closed_date></polygon></object></annotation>