<annotation><filename>m2_s01_056_p_nic009.jpg</filename><folder>users/joselusava//m2_jsv/56/nic</folder><source><submittedBy>Jose Saca</submittedBy></source><imagesize><nrows>2850</nrows><ncols>4271</ncols></imagesize><object><name>m2_s01_056_p_nic009</name><deleted>0</deleted><verified>0</verified><occluded>no</occluded><attributes></attributes><parts><hasparts></hasparts><ispartof></ispartof></parts><date>28-09-20 22:03:16:705</date><id>0</id><type>bounding_box</type><polygon><username>anonymous</username><pt><x>2700</x><y>1656</y><time>28-09-20 22:03:13:795</time></pt><pt><x>1223</x><y>1656</y><time>28-09-20 22:03:15:632</time></pt><pt><x>1223</x><y>-8</y><time>undefined</time></pt><pt><x>2700</x><y>-8</y><time>undefined</time></pt><closed_date>28-09-20 22:03:15:632</closed_date></polygon></object></annotation>