<annotation><filename>img_m1_s10_303_p_nic023.jpg</filename><folder>users/joselusava//santiago</folder><source><submittedBy>Jose Saca</submittedBy></source><imagesize><nrows>3200</nrows><ncols>4800</ncols></imagesize><object><name>m1_s10_303_p_nic023</name><deleted>0</deleted><verified>0</verified><occluded>no</occluded><attributes></attributes><parts><hasparts></hasparts><ispartof></ispartof></parts><date>01-09-20 20:08:28:238</date><id>0</id><type>bounding_box</type><polygon><username>anonymous</username><pt><x>2304</x><y>2160</y><time>01-09-20 20:08:20:533</time></pt><pt><x>3931</x><y>2160</y><time>01-09-20 20:08:22:068</time></pt><pt><x>3931</x><y>2962</y><time>undefined</time></pt><pt><x>2304</x><y>2962</y><time>undefined</time></pt><closed_date>01-09-20 20:08:22:069</closed_date></polygon></object></annotation>