<annotation><filename>m4_s04_037_p_nic041.jpg</filename><folder>users/joselusava//santiago_2</folder><source><submittedBy>Jose Saca</submittedBy></source><imagesize><nrows>2970</nrows><ncols>4451</ncols></imagesize><object><name>m4_s04_037_p_nic041</name><deleted>0</deleted><verified>0</verified><occluded>no</occluded><attributes></attributes><parts><hasparts></hasparts><ispartof></ispartof></parts><date>19-10-20 22:20:56:211</date><id>0</id><type>bounding_box</type><polygon><username>anonymous</username><pt><x>2713</x><y>1264</y><time>19-10-20 22:20:53:458</time></pt><pt><x>3609</x><y>1264</y><time>19-10-20 22:20:54:346</time></pt><pt><x>3609</x><y>2852</y><time>undefined</time></pt><pt><x>2713</x><y>2852</y><time>undefined</time></pt><closed_date>19-10-20 22:20:54:346</closed_date></polygon></object></annotation>