<annotation><filename>m4_s10_167_x.jpg</filename><folder>users/joselusava//kath/m4_x</folder><source><submittedBy>Jose Saca</submittedBy></source><imagesize><nrows>2970</nrows><ncols>4451</ncols></imagesize><object><name>m4_s10_167_x</name><deleted>0</deleted><verified>0</verified><occluded>no</occluded><attributes></attributes><parts><hasparts></hasparts><ispartof></ispartof></parts><date>21-10-20 12:18:20:680</date><id>0</id><polygon><username>anonymous</username><pt><x>952</x><y>159</y><time>21-10-20 12:18:10:731</time></pt><pt><x>908</x><y>2749</y><time>21-10-20 12:18:12:104</time></pt><pt><x>3878</x><y>2735</y><time>21-10-20 12:18:13:489</time></pt><pt><x>3220</x><y>125</y><time>21-10-20 12:18:14:808</time></pt><closed_date>21-10-20 12:18:16:663</closed_date></polygon></object></annotation>