<annotation><filename>m3_s01_002_p_nic047.jpg</filename><folder>users/joselusava//santiago_3</folder><source><submittedBy>Jose Saca</submittedBy></source><imagesize><nrows>2970</nrows><ncols>4451</ncols></imagesize><object><name>m3_s01_002_p_nic047</name><deleted>0</deleted><verified>0</verified><occluded>no</occluded><attributes></attributes><parts><hasparts></hasparts><ispartof></ispartof></parts><date>29-10-20 20:43:42:481</date><id>0</id><type>bounding_box</type><polygon><username>anonymous</username><pt><x>418</x><y>764</y><time>29-10-20 20:43:38:725</time></pt><pt><x>2402</x><y>764</y><time>29-10-20 20:43:40:221</time></pt><pt><x>2402</x><y>2841</y><time>undefined</time></pt><pt><x>418</x><y>2841</y><time>undefined</time></pt><closed_date>29-10-20 20:43:40:222</closed_date></polygon></object></annotation>