<annotation><filename>m4_s02_021_p_nic009.jpg</filename><folder>users/joselusava//santiago_2</folder><source><submittedBy>Jose Saca</submittedBy></source><imagesize><nrows>2910</nrows><ncols>4361</ncols></imagesize><object><name>m4_s02_021_p_nic009</name><deleted>0</deleted><verified>0</verified><occluded>no</occluded><attributes></attributes><parts><hasparts></hasparts><ispartof></ispartof></parts><date>04-10-20 20:36:35:163</date><id>0</id><type>bounding_box</type><polygon><username>anonymous</username><pt><x>1171</x><y>152</y><time>04-10-20 20:36:31:409</time></pt><pt><x>2338</x><y>152</y><time>04-10-20 20:36:33:018</time></pt><pt><x>2338</x><y>2047</y><time>undefined</time></pt><pt><x>1171</x><y>2047</y><time>undefined</time></pt><closed_date>04-10-20 20:36:33:020</closed_date></polygon></object></annotation>