<annotation><filename>m2_s01_018_p_nic058.jpg</filename><folder>users/joselusava//santiago_2</folder><source><submittedBy>Jose Saca</submittedBy></source><imagesize><nrows>2850</nrows><ncols>4271</ncols></imagesize><object><name>m2_s01_018_p_nic058</name><deleted>0</deleted><verified>0</verified><occluded>no</occluded><attributes></attributes><parts><hasparts></hasparts><ispartof></ispartof></parts><date>28-09-20 22:03:34:005</date><id>0</id><type>bounding_box</type><polygon><username>anonymous</username><pt><x>2545</x><y>516</y><time>28-09-20 22:03:31:732</time></pt><pt><x>2864</x><y>516</y><time>28-09-20 22:03:32:383</time></pt><pt><x>2864</x><y>981</y><time>undefined</time></pt><pt><x>2545</x><y>981</y><time>undefined</time></pt><closed_date>28-09-20 22:03:32:384</closed_date></polygon></object></annotation>