<annotation><filename>m2_s03_219_p_nic023.jpg</filename><folder>users/joselusava//valeria/m2_sala03_219_nic</folder><source><submittedBy>Jose Saca</submittedBy></source><imagesize><nrows>2910</nrows><ncols>4361</ncols></imagesize><object><name>m2_s03_219_p_nic023</name><deleted>0</deleted><verified>0</verified><occluded>no</occluded><attributes></attributes><parts><hasparts></hasparts><ispartof></ispartof></parts><date>29-09-20 17:28:57:125</date><id>0</id><type>bounding_box</type><polygon><username>anonymous</username><pt><x>3571</x><y>1808</y><time>29-09-20 17:28:51:654</time></pt><pt><x>2282</x><y>1808</y><time>29-09-20 17:28:53:501</time></pt><pt><x>2282</x><y>254</y><time>undefined</time></pt><pt><x>3571</x><y>254</y><time>undefined</time></pt><closed_date>29-09-20 17:28:53:502</closed_date></polygon></object></annotation>