<annotation><filename>m1_s06_186_p_ic067.jpg</filename><folder>users/joselusava//jacob_2/186ic</folder><source><submittedBy>Jose Saca</submittedBy></source><imagesize><nrows>2736</nrows><ncols>4100</ncols></imagesize><object><name>s06_186_p_ic067</name><deleted>0</deleted><verified>0</verified><occluded>no</occluded><attributes></attributes><parts><hasparts></hasparts><ispartof></ispartof></parts><date>09-09-20 22:31:19:040</date><id>0</id><type>bounding_box</type><polygon><username>anonymous</username><pt><x>1146</x><y>2381</y><time>09-09-20 22:31:15:442</time></pt><pt><x>3143</x><y>2381</y><time>09-09-20 22:31:17:929</time></pt><pt><x>3143</x><y>254</y><time>undefined</time></pt><pt><x>1146</x><y>254</y><time>undefined</time></pt><closed_date>09-09-20 22:31:17:930</closed_date></polygon></object></annotation>