<annotation><filename>m1_s01_004_p_nic002.jpg</filename><folder>users/joselusava//valeria_apoyo/sala01_004_nic</folder><source><submittedBy>Jose Saca</submittedBy></source><imagesize><nrows>3200</nrows><ncols>4800</ncols></imagesize><object><name>m1_s01_004_p_nic002</name><deleted>0</deleted><verified>0</verified><occluded>no</occluded><attributes></attributes><parts><hasparts></hasparts><ispartof></ispartof></parts><date>16-09-20 17:29:01:322</date><id>0</id><type>bounding_box</type><polygon><username>anonymous</username><pt><x>145</x><y>1818</y><time>16-09-20 17:28:55:244</time></pt><pt><x>3921</x><y>1818</y><time>16-09-20 17:28:57:441</time></pt><pt><x>3921</x><y>467</y><time>undefined</time></pt><pt><x>145</x><y>467</y><time>undefined</time></pt><closed_date>16-09-20 17:28:57:442</closed_date></polygon></object></annotation>