<annotation><filename>m1_s02_065_p_ic065.jpg</filename><folder>users/joselusava//valeria/sala2_065_ic</folder><source><submittedBy>Jose Saca</submittedBy></source><imagesize><nrows>2000</nrows><ncols>2992</ncols></imagesize><object><name>m1_s02_065_p_ic065</name><deleted>0</deleted><verified>0</verified><occluded>no</occluded><attributes></attributes><parts><hasparts></hasparts><ispartof></ispartof></parts><date>26-08-20 00:33:04:506</date><id>0</id><type>bounding_box</type><polygon><username>anonymous</username><pt><x>305</x><y>309</y><time>26-08-20 00:32:52:769</time></pt><pt><x>2933</x><y>309</y><time>26-08-20 00:32:57:606</time></pt><pt><x>2933</x><y>1913</y><time>undefined</time></pt><pt><x>305</x><y>1913</y><time>undefined</time></pt><closed_date>26-08-20 00:32:57:607</closed_date></polygon></object></annotation>