<annotation><filename>m2_s06_250_p_nic004.jpg</filename><folder>users/joselusava//m2_jsv/250</folder><source><submittedBy>Jose Saca</submittedBy></source><imagesize><nrows>2910</nrows><ncols>4361</ncols></imagesize><object><name>m2_s06_250_p_nic004</name><deleted>0</deleted><verified>0</verified><occluded>no</occluded><attributes></attributes><parts><hasparts></hasparts><ispartof></ispartof></parts><date>30-09-20 11:22:37:607</date><id>0</id><type>bounding_box</type><polygon><username>anonymous</username><pt><x>4196</x><y>2437</y><time>30-09-20 11:22:35:603</time></pt><pt><x>505</x><y>2437</y><time>30-09-20 11:22:36:941</time></pt><pt><x>505</x><y>1062</y><time>undefined</time></pt><pt><x>4196</x><y>1062</y><time>undefined</time></pt><closed_date>30-09-20 11:22:36:941</closed_date></polygon></object></annotation>