<annotation><filename>m1_s01_004_p_ic056.jpg</filename><folder>users/joselusava//valeria_apoyo/sala001_004ic_ok</folder><source><submittedBy>Jose Saca</submittedBy></source><imagesize><nrows>2000</nrows><ncols>2992</ncols></imagesize><object><name>m1_s01_004_p_ic056</name><deleted>0</deleted><verified>0</verified><occluded>no</occluded><attributes></attributes><parts><hasparts></hasparts><ispartof></ispartof></parts><date>16-09-20 00:40:37:772</date><id>0</id><type>bounding_box</type><polygon><username>anonymous</username><pt><x>2814</x><y>1606</y><time>16-09-20 00:40:30:090</time></pt><pt><x>27</x><y>1606</y><time>16-09-20 00:40:34:043</time></pt><pt><x>27</x><y>523</y><time>undefined</time></pt><pt><x>2814</x><y>523</y><time>undefined</time></pt><closed_date>16-09-20 00:40:34:044</closed_date></polygon></object></annotation>