<annotation><filename>m4_s04_045_p_nic027.jpg</filename><folder>users/joselusava//valeria/m04_s04_45_nic</folder><source><submittedBy>Jose Saca</submittedBy></source><imagesize><nrows>2970</nrows><ncols>4451</ncols></imagesize><object><name>m4_s04_045_p_nic027</name><deleted>0</deleted><verified>0</verified><occluded>no</occluded><attributes></attributes><parts><hasparts></hasparts><ispartof></ispartof></parts><date>20-10-20 14:18:04:011</date><id>0</id><type>bounding_box</type><polygon><username>anonymous</username><pt><x>2045</x><y>2861</y><time>20-10-20 14:17:56:243</time></pt><pt><x>2810</x><y>2861</y><time>20-10-20 14:17:58:864</time></pt><pt><x>2810</x><y>1514</y><time>undefined</time></pt><pt><x>2045</x><y>1514</y><time>undefined</time></pt><closed_date>20-10-20 14:17:58:866</closed_date></polygon></object></annotation>