<annotation><filename>m3_s01_023_p_nic063.jpg</filename><folder>users/joselusava//santiago_3</folder><source><submittedBy>Jose Saca</submittedBy></source><imagesize><nrows>2970</nrows><ncols>4451</ncols></imagesize><object><name>m3_s01_023_p_nic063</name><deleted>0</deleted><verified>0</verified><occluded>no</occluded><attributes></attributes><parts><hasparts></hasparts><ispartof></ispartof></parts><date>06-11-20 11:17:50:914</date><id>0</id><type>bounding_box</type><polygon><username>anonymous</username><pt><x>1614</x><y>596</y><time>06-11-20 11:17:47:244</time></pt><pt><x>4230</x><y>596</y><time>06-11-20 11:17:48:544</time></pt><pt><x>4230</x><y>2452</y><time>undefined</time></pt><pt><x>1614</x><y>2452</y><time>undefined</time></pt><closed_date>06-11-20 11:17:48:546</closed_date></polygon></object></annotation>