<annotation><filename>m4_s05_055_p_nic097.jpg</filename><folder>users/joselusava//valeria/m4_s05_055_nic</folder><source><submittedBy>Jose Saca</submittedBy></source><imagesize><nrows>2910</nrows><ncols>4361</ncols></imagesize><object><name>m4_s05_055_p_nic097</name><deleted>0</deleted><verified>0</verified><occluded>no</occluded><attributes></attributes><parts><hasparts></hasparts><ispartof></ispartof></parts><date>09-10-20 18:36:08:675</date><id>0</id><type>bounding_box</type><polygon><username>anonymous</username><pt><x>2745</x><y>694</y><time>09-10-20 18:35:11:719</time></pt><pt><x>3963</x><y>694</y><time>09-10-20 18:35:13:678</time></pt><pt><x>3963</x><y>1973</y><time>undefined</time></pt><pt><x>2745</x><y>1973</y><time>undefined</time></pt><closed_date>09-10-20 18:35:13:678</closed_date></polygon></object></annotation>