<annotation><filename>m1_s06_186_p_nic018.jpg</filename><folder>users/joselusava//jacob_2/186nic</folder><source><submittedBy>Jose Saca</submittedBy></source><imagesize><nrows>2736</nrows><ncols>4100</ncols></imagesize><object><name>m1_s06_186_p_nic018</name><deleted>0</deleted><verified>0</verified><occluded>no</occluded><attributes></attributes><parts><hasparts></hasparts><ispartof></ispartof></parts><date>09-09-20 23:08:20:415</date><id>0</id><type>bounding_box</type><polygon><username>anonymous</username><pt><x>139</x><y>2144</y><time>09-09-20 23:08:16:619</time></pt><pt><x>1678</x><y>2144</y><time>09-09-20 23:08:18:205</time></pt><pt><x>1678</x><y>385</y><time>undefined</time></pt><pt><x>139</x><y>385</y><time>undefined</time></pt><closed_date>09-09-20 23:08:18:205</closed_date></polygon></object></annotation>