<annotation><filename>m4_s07_105_p_ic097.jpg</filename><folder>users/joselusava//kath/m4_105</folder><source><submittedBy>Jose Saca</submittedBy></source><imagesize><nrows>2970</nrows><ncols>4451</ncols></imagesize><object><name>m4_s07_105_p_ic097</name><deleted>0</deleted><verified>0</verified><occluded>no</occluded><attributes></attributes><parts><hasparts></hasparts><ispartof></ispartof></parts><date>29-10-20 09:14:44:331</date><id>0</id><type>bounding_box</type><polygon><username>anonymous</username><pt><x>1658</x><y>139</y><time>29-10-20 09:14:37:362</time></pt><pt><x>2874</x><y>139</y><time>29-10-20 09:14:40:850</time></pt><pt><x>2874</x><y>2720</y><time>undefined</time></pt><pt><x>1658</x><y>2720</y><time>undefined</time></pt><closed_date>29-10-20 09:14:40:851</closed_date></polygon></object></annotation>