<annotation><filename>m2_s01_054_p_ic075.jpg</filename><folder>users/joselusava//kath</folder><source><submittedBy>Jose Saca</submittedBy></source><imagesize><nrows>2850</nrows><ncols>4271</ncols></imagesize><object><name>m2_s01_054_p_ic075</name><deleted>0</deleted><verified>0</verified><occluded>no</occluded><attributes></attributes><parts><hasparts></hasparts><ispartof></ispartof></parts><date>29-09-20 23:53:33:455</date><id>0</id><type>bounding_box</type><polygon><username>anonymous</username><pt><x>1320</x><y>7</y><time>29-09-20 23:53:27:362</time></pt><pt><x>2794</x><y>7</y><time>29-09-20 23:53:30:409</time></pt><pt><x>2794</x><y>2415</y><time>undefined</time></pt><pt><x>1320</x><y>2415</y><time>undefined</time></pt><closed_date>29-09-20 23:53:30:410</closed_date></polygon></object></annotation>