<annotation><filename>m3_s01_013_p_ic093.jpg</filename><folder>users/joselusava//valeria/m03_s01_13_ic</folder><source><submittedBy>Jose Saca</submittedBy></source><imagesize><nrows>2970</nrows><ncols>4451</ncols></imagesize><object><name>m3_s01_013_p_ic092</name><deleted>0</deleted><verified>0</verified><occluded>no</occluded><attributes></attributes><parts><hasparts></hasparts><ispartof></ispartof></parts><date>01-11-20 09:45:24:246</date><id>0</id><type>bounding_box</type><polygon><username>anonymous</username><pt><x>3901</x><y>2861</y><time>01-11-20 09:45:16:981</time></pt><pt><x>880</x><y>2861</y><time>01-11-20 09:45:20:312</time></pt><pt><x>880</x><y>251</y><time>undefined</time></pt><pt><x>3901</x><y>251</y><time>undefined</time></pt><closed_date>01-11-20 09:45:20:313</closed_date></polygon></object></annotation>