<annotation><filename>m4_s02_021_p_ic059.jpg</filename><folder>users/joselusava//santiago_2</folder><source><submittedBy>Jose Saca</submittedBy></source><imagesize><nrows>3000</nrows><ncols>4496</ncols></imagesize><object><name>m4_s02_021_p_ic059</name><deleted>0</deleted><verified>0</verified><occluded>no</occluded><attributes></attributes><parts><hasparts></hasparts><ispartof></ispartof></parts><date>04-10-20 19:00:57:733</date><id>0</id><type>bounding_box</type><polygon><username>anonymous</username><pt><x>1546</x><y>379</y><time>04-10-20 19:00:46:096</time></pt><pt><x>2732</x><y>379</y><time>04-10-20 19:00:50:074</time></pt><pt><x>2732</x><y>2436</y><time>undefined</time></pt><pt><x>1546</x><y>2436</y><time>undefined</time></pt><closed_date>04-10-20 19:00:50:076</closed_date></polygon></object></annotation>