<annotation><filename>m4_s11_178_p_nic073.jpg</filename><folder>users/joselusava//santiago_2</folder><source><submittedBy>Jose Saca</submittedBy></source><imagesize><nrows>2970</nrows><ncols>4451</ncols></imagesize><object><name>m4_s11_178_p_nic073</name><deleted>0</deleted><verified>0</verified><occluded>no</occluded><attributes></attributes><parts><hasparts></hasparts><ispartof></ispartof></parts><date>16-10-20 11:32:54:871</date><id>0</id><type>bounding_box</type><polygon><username>anonymous</username><pt><x>678</x><y>950</y><time>16-10-20 11:32:51:810</time></pt><pt><x>1503</x><y>950</y><time>16-10-20 11:32:53:055</time></pt><pt><x>1503</x><y>1910</y><time>undefined</time></pt><pt><x>678</x><y>1910</y><time>undefined</time></pt><closed_date>16-10-20 11:32:53:056</closed_date></polygon></object></annotation>