<annotation><filename>m1_s02_049_x.jpg</filename><folder>users/joselusava//valeria/sala2</folder><source><submittedBy>Jose Saca</submittedBy></source><imagesize><nrows>3200</nrows><ncols>4800</ncols></imagesize><object><name>m1_s02_042_x</name><deleted>0</deleted><verified>0</verified><occluded>no</occluded><attributes/><parts><hasparts/><ispartof/></parts><date>28-08-20 11:38:41:401</date><id>0</id><type>bounding_box</type><polygon><username>anonymous</username><pt><x>4091</x><y>3055</y><time>28-08-20 11:38:15:571</time></pt><pt><x>714</x><y>3055</y><time>28-08-20 11:38:18:851</time></pt><pt><x>714</x><y>204</y><time>undefined</time></pt><pt><x>4091</x><y>204</y><time>undefined</time></pt><closed_date>28-08-20 11:38:18:853</closed_date></polygon></object><object><name>m1_s02_049_x</name><deleted>0</deleted><verified>0</verified><occluded>no</occluded><attributes></attributes><parts><hasparts></hasparts><ispartof></ispartof></parts><date>28-08-20 18:32:11:020</date><id>1</id><type>bounding_box</type><polygon><username>anonymous</username><pt><x>709</x><y>183</y><time>28-08-20 18:31:49:107</time></pt><pt><x>4102</x><y>183</y><time>28-08-20 18:31:52:083</time></pt><pt><x>4102</x><y>3060</y><time>undefined</time></pt><pt><x>709</x><y>3060</y><time>undefined</time></pt><closed_date>28-08-20 18:31:52:084</closed_date></polygon></object></annotation>