<annotation><filename>m3_s01_023_p_nic081.jpg</filename><folder>users/joselusava//santiago_3</folder><source><submittedBy>Jose Saca</submittedBy></source><imagesize><nrows>2970</nrows><ncols>4451</ncols></imagesize><object><name>m3_s01_023_p_nic081</name><deleted>0</deleted><verified>0</verified><occluded>no</occluded><attributes></attributes><parts><hasparts></hasparts><ispartof></ispartof></parts><date>06-11-20 11:40:27:582</date><id>0</id><type>bounding_box</type><polygon><username>anonymous</username><pt><x>224</x><y>194</y><time>06-11-20 11:40:23:726</time></pt><pt><x>1944</x><y>194</y><time>06-11-20 11:40:25:215</time></pt><pt><x>1944</x><y>1787</y><time>undefined</time></pt><pt><x>224</x><y>1787</y><time>undefined</time></pt><closed_date>06-11-20 11:40:25:216</closed_date></polygon></object></annotation>