<annotation><filename>m4_s05_052_p_nic015.jpg</filename><folder>users/joselusava//santiago_2</folder><source><submittedBy>Jose Saca</submittedBy></source><imagesize><nrows>2910</nrows><ncols>4361</ncols></imagesize><object><name>m4_s05_052_p_nic015</name><deleted>0</deleted><verified>0</verified><occluded>no</occluded><attributes></attributes><parts><hasparts></hasparts><ispartof></ispartof></parts><date>07-10-20 23:49:54:039</date><id>0</id><type>bounding_box</type><polygon><username>anonymous</username><pt><x>925</x><y>229</y><time>07-10-20 23:49:51:114</time></pt><pt><x>2387</x><y>229</y><time>07-10-20 23:49:52:398</time></pt><pt><x>2387</x><y>1739</y><time>undefined</time></pt><pt><x>925</x><y>1739</y><time>undefined</time></pt><closed_date>07-10-20 23:49:52:399</closed_date></polygon></object></annotation>