<annotation><filename>m2_s01_054_p_ic035.jpg</filename><folder>users/joselusava//kath</folder><source><submittedBy>Jose Saca</submittedBy></source><imagesize><nrows>2850</nrows><ncols>4271</ncols></imagesize><object><name>m2_s01_054_p_ic035</name><deleted>0</deleted><verified>0</verified><occluded>no</occluded><attributes></attributes><parts><hasparts></hasparts><ispartof></ispartof></parts><date>29-09-20 22:02:16:253</date><id>0</id><type>bounding_box</type><polygon><username>anonymous</username><pt><x>1109</x><y>190</y><time>29-09-20 22:02:07:413</time></pt><pt><x>2731</x><y>190</y><time>29-09-20 22:02:11:918</time></pt><pt><x>2731</x><y>2583</y><time>undefined</time></pt><pt><x>1109</x><y>2583</y><time>undefined</time></pt><closed_date>29-09-20 22:02:11:918</closed_date></polygon></object></annotation>