<annotation><filename>m2_s06_248_p_nic089.jpg</filename><folder>users/joselusava//museos2020</folder><source><submittedBy>Jose Saca</submittedBy></source><imagesize><nrows>2910</nrows><ncols>4361</ncols></imagesize><object><name>m2_s06_248_p_nic089</name><deleted>0</deleted><verified>0</verified><occluded>no</occluded><attributes></attributes><parts><hasparts></hasparts><ispartof></ispartof></parts><date>27-09-20 21:37:33:773</date><id>0</id><polygon><username>anonymous</username><pt><x>995</x><y>888</y><time>27-09-20 21:37:21:162</time></pt><pt><x>2910</x><y>567</y><time>27-09-20 21:37:22:372</time></pt><pt><x>3096</x><y>800</y><time>27-09-20 21:37:23:267</time></pt><pt><x>1567</x><y>1739</y><time>27-09-20 21:37:24:449</time></pt><closed_date>27-09-20 21:37:28:417</closed_date></polygon></object></annotation>