<annotation><filename>m4_s10_154_p_ic042.jpg</filename><folder>users/joselusava//valeria/m04_s10_154_ic</folder><source><submittedBy>Jose Saca</submittedBy></source><imagesize><nrows>2970</nrows><ncols>4451</ncols></imagesize><object><name>m4_s10_154_p_ic042</name><deleted>0</deleted><verified>0</verified><occluded>no</occluded><attributes></attributes><parts><hasparts></hasparts><ispartof></ispartof></parts><date>13-10-20 22:04:23:699</date><id>0</id><type>bounding_box</type><polygon><username>anonymous</username><pt><x>1199</x><y>2673</y><time>13-10-20 22:04:18:428</time></pt><pt><x>2959</x><y>2673</y><time>13-10-20 22:04:20:277</time></pt><pt><x>2959</x><y>154</y><time>undefined</time></pt><pt><x>1199</x><y>154</y><time>undefined</time></pt><closed_date>13-10-20 22:04:20:278</closed_date></polygon></object></annotation>