<annotation><filename>m2_s01_032_p_nic019.jpg</filename><folder>users/joselusava//santiago_2</folder><source><submittedBy>Jose Saca</submittedBy></source><imagesize><nrows>2850</nrows><ncols>4271</ncols></imagesize><object><name>m2_s01_032_p_nic019</name><deleted>0</deleted><verified>0</verified><occluded>no</occluded><attributes></attributes><parts><hasparts></hasparts><ispartof></ispartof></parts><date>30-09-20 17:55:00:492</date><id>0</id><type>bounding_box</type><polygon><username>anonymous</username><pt><x>2521</x><y>1055</y><time>30-09-20 17:54:54:924</time></pt><pt><x>3379</x><y>1055</y><time>30-09-20 17:54:55:945</time></pt><pt><x>3379</x><y>2355</y><time>undefined</time></pt><pt><x>2521</x><y>2355</y><time>undefined</time></pt><closed_date>30-09-20 17:54:55:946</closed_date></polygon></object></annotation>