<annotation><filename>m4_s04_039_p_ic015.jpg</filename><folder>users/joselusava//santiago_2</folder><source><submittedBy>Jose Saca</submittedBy></source><imagesize><nrows>2970</nrows><ncols>4451</ncols></imagesize><object><name>m4_s04_039_p_ic015</name><deleted>0</deleted><verified>0</verified><occluded>no</occluded><attributes></attributes><parts><hasparts></hasparts><ispartof></ispartof></parts><date>20-10-20 14:00:03:451</date><id>0</id><type>bounding_box</type><polygon><username>anonymous</username><pt><x>1871</x><y>218</y><time>20-10-20 13:59:57:943</time></pt><pt><x>2684</x><y>218</y><time>20-10-20 14:00:00:180</time></pt><pt><x>2684</x><y>2934</y><time>undefined</time></pt><pt><x>1871</x><y>2934</y><time>undefined</time></pt><closed_date>20-10-20 14:00:00:181</closed_date></polygon></object></annotation>