<annotation><filename>m2_s01_001_p_nic019.jpg</filename><folder>users/joselusava//santiago</folder><source><submittedBy>Jose Saca</submittedBy></source><imagesize><nrows>2850</nrows><ncols>4271</ncols></imagesize><object><name>m2_s01_001_p_nic019</name><deleted>0</deleted><verified>0</verified><occluded>no</occluded><attributes></attributes><parts><hasparts></hasparts><ispartof></ispartof></parts><date>19-09-20 22:03:23:077</date><id>0</id><type>bounding_box</type><polygon><username>anonymous</username><pt><x>2347</x><y>58</y><time>19-09-20 22:03:14:655</time></pt><pt><x>3760</x><y>58</y><time>19-09-20 22:03:16:532</time></pt><pt><x>3760</x><y>1635</y><time>undefined</time></pt><pt><x>2347</x><y>1635</y><time>undefined</time></pt><closed_date>19-09-20 22:03:16:534</closed_date></polygon></object></annotation>