<annotation><filename>m2_s07_264_p_ic024.jpg</filename><folder>users/joselusava//valeria/sala7_264_ic</folder><source><submittedBy>Jose Saca</submittedBy></source><imagesize><nrows>2910</nrows><ncols>4361</ncols></imagesize><object><name>m2_s07_264_p_ic024</name><deleted>0</deleted><verified>0</verified><occluded>no</occluded><attributes></attributes><parts><hasparts></hasparts><ispartof></ispartof></parts><date>22-09-20 19:21:46:338</date><id>0</id><type>bounding_box</type><polygon><username>anonymous</username><pt><x>2849</x><y>2480</y><time>22-09-20 19:21:40:293</time></pt><pt><x>1334</x><y>2480</y><time>22-09-20 19:21:43:089</time></pt><pt><x>1334</x><y>529</y><time>undefined</time></pt><pt><x>2849</x><y>529</y><time>undefined</time></pt><closed_date>22-09-20 19:21:43:090</closed_date></polygon></object></annotation>