<annotation><filename>m2_s02_196_x.jpg</filename><folder>users/joselusava//m2_jsv</folder><source><submittedBy>Jose Saca</submittedBy></source><imagesize><nrows>2910</nrows><ncols>4361</ncols></imagesize><object><name>m2_s02_196_x</name><deleted>0</deleted><verified>0</verified><occluded>no</occluded><attributes></attributes><parts><hasparts></hasparts><ispartof></ispartof></parts><date>20-09-20 17:02:42:141</date><id>0</id><type>bounding_box</type><polygon><username>anonymous</username><pt><x>3003</x><y>2498</y><time>20-09-20 17:02:38:786</time></pt><pt><x>1219</x><y>2498</y><time>20-09-20 17:02:40:488</time></pt><pt><x>1219</x><y>653</y><time>undefined</time></pt><pt><x>3003</x><y>653</y><time>undefined</time></pt><closed_date>20-09-20 17:02:40:488</closed_date></polygon></object></annotation>