<annotation><filename>m4_s07_105_p_nic053.jpg</filename><folder>users/joselusava//kath/m4_105/nic</folder><source><submittedBy>Jose Saca</submittedBy></source><imagesize><nrows>2970</nrows><ncols>4451</ncols></imagesize><object><name>m4_s07_105_p_nic053</name><deleted>0</deleted><verified>0</verified><occluded>no</occluded><attributes></attributes><parts><hasparts></hasparts><ispartof></ispartof></parts><date>03-11-20 08:54:00:841</date><id>0</id><type>bounding_box</type><polygon><username>anonymous</username><pt><x>654</x><y>2350</y><time>03-11-20 08:53:54:813</time></pt><pt><x>1528</x><y>2350</y><time>03-11-20 08:53:56:396</time></pt><pt><x>1528</x><y>769</y><time>undefined</time></pt><pt><x>654</x><y>769</y><time>undefined</time></pt><closed_date>03-11-20 08:53:56:397</closed_date></polygon></object></annotation>