<annotation><filename>m4_s11_176_p_nic010.jpg</filename><folder>users/joselusava//m4_js/176/nic</folder><source><submittedBy>Jose Saca</submittedBy></source><imagesize><nrows>2970</nrows><ncols>4451</ncols></imagesize><object><name>m4_s11_176_p_nic010</name><deleted>0</deleted><verified>0</verified><occluded>no</occluded><attributes></attributes><parts><hasparts></hasparts><ispartof></ispartof></parts><date>15-10-20 11:24:32:724</date><id>0</id><type>bounding_box</type><polygon><username>anonymous</username><pt><x>1035</x><y>1894</y><time>15-10-20 11:24:30:455</time></pt><pt><x>3398</x><y>1894</y><time>15-10-20 11:24:31:854</time></pt><pt><x>3398</x><y>9</y><time>undefined</time></pt><pt><x>1035</x><y>9</y><time>undefined</time></pt><closed_date>15-10-20 11:24:31:854</closed_date></polygon></object></annotation>