<annotation><filename>m1_s06_141_p_nic018.jpg</filename><folder>users/joselusava//jacob_2/141nic</folder><source><submittedBy>Jose Saca</submittedBy></source><imagesize><nrows>2736</nrows><ncols>4100</ncols></imagesize><object><name>m1_s06_141_p_nic017</name><deleted>0</deleted><verified>0</verified><occluded>no</occluded><attributes></attributes><parts><hasparts></hasparts><ispartof></ispartof></parts><date>05-09-20 00:52:33:137</date><id>0</id><type>bounding_box</type><polygon><username>anonymous</username><pt><x>291</x><y>2524</y><time>05-09-20 00:52:23:906</time></pt><pt><x>1610</x><y>2524</y><time>05-09-20 00:52:26:343</time></pt><pt><x>1610</x><y>1055</y><time>undefined</time></pt><pt><x>291</x><y>1055</y><time>undefined</time></pt><closed_date>05-09-20 00:52:26:343</closed_date></polygon></object></annotation>