<annotation><filename>m4_s11_176_p_ic090.jpg</filename><folder>users/joselusava//m4_js/176/ic</folder><source><submittedBy>Jose Saca</submittedBy></source><imagesize><nrows>2970</nrows><ncols>4451</ncols></imagesize><object><name>m4_s11_176_p_ic090</name><deleted>0</deleted><verified>0</verified><occluded>no</occluded><attributes></attributes><parts><hasparts></hasparts><ispartof></ispartof></parts><date>15-10-20 11:06:29:980</date><id>0</id><type>bounding_box</type><polygon><username>anonymous</username><pt><x>3047</x><y>2301</y><time>15-10-20 11:06:27:720</time></pt><pt><x>1333</x><y>2301</y><time>15-10-20 11:06:29:358</time></pt><pt><x>1333</x><y>569</y><time>undefined</time></pt><pt><x>3047</x><y>569</y><time>undefined</time></pt><closed_date>15-10-20 11:06:29:358</closed_date></polygon></object></annotation>