<annotation><filename>m2_s03_252_p_nic034.jpg</filename><folder>users/joselusava//valeria/m2_sala03_252_nic</folder><source><submittedBy>Jose Saca</submittedBy></source><imagesize><nrows>2910</nrows><ncols>4361</ncols></imagesize><object><name>m2_s06_252_p_nic034</name><deleted>0</deleted><verified>0</verified><occluded>no</occluded><attributes></attributes><parts><hasparts></hasparts><ispartof></ispartof></parts><date>26-09-20 20:18:18:111</date><id>0</id><type>bounding_box</type><polygon><username>anonymous</username><pt><x>2149</x><y>667</y><time>26-09-20 20:18:12:688</time></pt><pt><x>369</x><y>667</y><time>26-09-20 20:18:14:440</time></pt><pt><x>369</x><y>1709</y><time>undefined</time></pt><pt><x>2149</x><y>1709</y><time>undefined</time></pt><closed_date>26-09-20 20:18:14:441</closed_date></polygon></object></annotation>