<annotation><filename>m4_s12_185_p_ic068.jpg</filename><folder>users/joselusava//valeria/m04_s12_185_ic</folder><source><submittedBy>Jose Saca</submittedBy></source><imagesize><nrows>2910</nrows><ncols>4361</ncols></imagesize><object><name>m4_s12_185_p_ic068</name><deleted>0</deleted><verified>0</verified><occluded>no</occluded><attributes></attributes><parts><hasparts></hasparts><ispartof></ispartof></parts><date>17-10-20 18:20:18:733</date><id>0</id><type>bounding_box</type><polygon><username>anonymous</username><pt><x>3761</x><y>2524</y><time>17-10-20 18:20:12:057</time></pt><pt><x>532</x><y>2524</y><time>17-10-20 18:20:14:456</time></pt><pt><x>532</x><y>151</y><time>undefined</time></pt><pt><x>3761</x><y>151</y><time>undefined</time></pt><closed_date>17-10-20 18:20:14:457</closed_date></polygon></object></annotation>