<annotation><filename>m2_s07_274_x.jpg</filename><folder>users/joselusava//museos2020</folder><source><submittedBy>Jose Saca</submittedBy></source><imagesize><nrows>2910</nrows><ncols>4361</ncols></imagesize><object><name>m2_s07_274_x</name><deleted>0</deleted><verified>0</verified><occluded>no</occluded><attributes></attributes><parts><hasparts></hasparts><ispartof></ispartof></parts><date>27-09-20 22:16:26:906</date><id>0</id><type>bounding_box</type><polygon><username>anonymous</username><pt><x>325</x><y>618</y><time>27-09-20 22:16:20:158</time></pt><pt><x>4119</x><y>618</y><time>27-09-20 22:16:21:336</time></pt><pt><x>4119</x><y>2496</y><time>undefined</time></pt><pt><x>325</x><y>2496</y><time>undefined</time></pt><closed_date>27-09-20 22:16:21:337</closed_date></polygon></object></annotation>