<annotation><filename>m1_s01_021_p_ic043.jpg</filename><folder>users/joselusava//santiago</folder><source><submittedBy>Jose Saca</submittedBy></source><imagesize><nrows>3200</nrows><ncols>4800</ncols></imagesize><object><name>m1_s01_021_p_ic043</name><deleted>0</deleted><verified>0</verified><occluded>no</occluded><attributes></attributes><parts><hasparts></hasparts><ispartof></ispartof></parts><date>14-09-20 23:12:55:908</date><id>0</id><type>bounding_box</type><polygon><username>anonymous</username><pt><x>1778</x><y>835</y><time>14-09-20 23:12:47:219</time></pt><pt><x>3168</x><y>835</y><time>14-09-20 23:12:49:036</time></pt><pt><x>3168</x><y>2394</y><time>undefined</time></pt><pt><x>1778</x><y>2394</y><time>undefined</time></pt><closed_date>14-09-20 23:12:49:037</closed_date></polygon></object></annotation>