<annotation><filename>m4_s07_105_p_ic026.jpg</filename><folder>users/joselusava//kath/m4_105</folder><source><submittedBy>Jose Saca</submittedBy></source><imagesize><nrows>2970</nrows><ncols>4451</ncols></imagesize><object><name>m4_s07_105_p_ic026</name><deleted>0</deleted><verified>0</verified><occluded>no</occluded><attributes></attributes><parts><hasparts></hasparts><ispartof></ispartof></parts><date>29-10-20 08:02:42:271</date><id>0</id><type>bounding_box</type><polygon><username>anonymous</username><pt><x>1648</x><y>432</y><time>29-10-20 08:01:48:047</time></pt><pt><x>2723</x><y>432</y><time>29-10-20 08:01:52:423</time></pt><pt><x>2723</x><y>2556</y><time>undefined</time></pt><pt><x>1648</x><y>2556</y><time>undefined</time></pt><closed_date>29-10-20 08:01:52:423</closed_date></polygon></object></annotation>