<annotation><filename>m2_s07_264_p_nic068.jpg</filename><folder>users/joselusava//valeria/sala7_264_nic</folder><source><submittedBy>Jose Saca</submittedBy></source><imagesize><nrows>2910</nrows><ncols>4361</ncols></imagesize><object><name>m2_s07_264_p_nic068</name><deleted>0</deleted><verified>0</verified><occluded>no</occluded><attributes></attributes><parts><hasparts></hasparts><ispartof></ispartof></parts><date>23-09-20 21:12:15:823</date><id>0</id><type>bounding_box</type><polygon><username>anonymous</username><pt><x>628</x><y>1912</y><time>23-09-20 21:12:11:422</time></pt><pt><x>1863</x><y>1912</y><time>23-09-20 21:12:13:284</time></pt><pt><x>1863</x><y>171</y><time>undefined</time></pt><pt><x>628</x><y>171</y><time>undefined</time></pt><closed_date>23-09-20 21:12:13:284</closed_date></polygon></object></annotation>