<annotation><filename>m2_s03_248_p_ic018.jpg</filename><folder>users/joselusava//museos2020</folder><source><submittedBy>Jose Saca</submittedBy></source><imagesize><nrows>2910</nrows><ncols>4361</ncols></imagesize><object><name>m2_s03_248_p_ic018</name><deleted>0</deleted><verified>0</verified><occluded>no</occluded><attributes></attributes><parts><hasparts></hasparts><ispartof></ispartof></parts><date>27-09-20 08:04:01:723</date><id>0</id><type>bounding_box</type><polygon><username>anonymous</username><pt><x>14</x><y>451</y><time>27-09-20 08:03:52:393</time></pt><pt><x>4356</x><y>451</y><time>27-09-20 08:03:55:409</time></pt><pt><x>4356</x><y>2138</y><time>undefined</time></pt><pt><x>14</x><y>2138</y><time>undefined</time></pt><closed_date>27-09-20 08:03:55:410</closed_date></polygon></object></annotation>