<annotation><filename>m1_s06_141_p_ic080.jpg</filename><folder>users/joselusava//jacob_2/141ic</folder><source><submittedBy>Jose Saca</submittedBy></source><imagesize><nrows>2736</nrows><ncols>4100</ncols></imagesize><object><name>m1_s06_141_p_ic080</name><deleted>0</deleted><verified>0</verified><occluded>no</occluded><attributes></attributes><parts><hasparts></hasparts><ispartof></ispartof></parts><date>04-09-20 23:48:49:854</date><id>0</id><type>bounding_box</type><polygon><username>anonymous</username><pt><x>1062</x><y>2483</y><time>04-09-20 23:48:46:242</time></pt><pt><x>2896</x><y>2483</y><time>04-09-20 23:48:48:823</time></pt><pt><x>2896</x><y>332</y><time>undefined</time></pt><pt><x>1062</x><y>332</y><time>undefined</time></pt><closed_date>04-09-20 23:48:48:824</closed_date></polygon></object></annotation>