<annotation><filename>m2_s03_201_p_nic007.jpg</filename><folder>users/joselusava//valeria/m2_sala03_201_nic</folder><source><submittedBy>Jose Saca</submittedBy></source><imagesize><nrows>2910</nrows><ncols>4361</ncols></imagesize><object><name>m2_s03_201_p_nic007</name><deleted>0</deleted><verified>0</verified><occluded>no</occluded><attributes></attributes><parts><hasparts></hasparts><ispartof></ispartof></parts><date>29-09-20 22:36:31:218</date><id>0</id><type>bounding_box</type><polygon><username>anonymous</username><pt><x>2072</x><y>1957</y><time>29-09-20 22:27:57:244</time></pt><pt><x>485</x><y>1957</y><time>29-09-20 22:27:59:478</time></pt><pt><x>485</x><y>198</y><time>undefined</time></pt><pt><x>2072</x><y>198</y><time>undefined</time></pt><closed_date>29-09-20 22:27:59:481</closed_date></polygon></object></annotation>