<annotation><filename>m3_s01_023_p_nic049.jpg</filename><folder>users/joselusava//santiago_3</folder><source><submittedBy>Jose Saca</submittedBy></source><imagesize><nrows>2970</nrows><ncols>4451</ncols></imagesize><object><name>m3_s01_023_p_nic049</name><deleted>0</deleted><verified>0</verified><occluded>no</occluded><attributes></attributes><parts><hasparts></hasparts><ispartof></ispartof></parts><date>06-11-20 09:35:10:270</date><id>0</id><type>bounding_box</type><polygon><username>anonymous</username><pt><x>364</x><y>432</y><time>06-11-20 09:35:06:813</time></pt><pt><x>2385</x><y>432</y><time>06-11-20 09:35:08:238</time></pt><pt><x>2385</x><y>2567</y><time>undefined</time></pt><pt><x>364</x><y>2567</y><time>undefined</time></pt><closed_date>06-11-20 09:35:08:240</closed_date></polygon></object></annotation>