<annotation><filename>m4_s11_178_p_ic086.jpg</filename><folder>users/joselusava//santiago_2</folder><source><submittedBy>Jose Saca</submittedBy></source><imagesize><nrows>2970</nrows><ncols>4451</ncols></imagesize><object><name>m4_s11_178_p_ic086</name><deleted>0</deleted><verified>0</verified><occluded>no</occluded><attributes></attributes><parts><hasparts></hasparts><ispartof></ispartof></parts><date>15-10-20 22:23:57:133</date><id>0</id><type>bounding_box</type><polygon><username>anonymous</username><pt><x>1417</x><y>643</y><time>15-10-20 22:23:54:378</time></pt><pt><x>2777</x><y>643</y><time>15-10-20 22:23:55:428</time></pt><pt><x>2777</x><y>2295</y><time>undefined</time></pt><pt><x>1417</x><y>2295</y><time>undefined</time></pt><closed_date>15-10-20 22:23:55:429</closed_date></polygon></object></annotation>