<annotation><filename>m4_s09_136_x.jpg</filename><folder>users/joselusava//kath/m4_x</folder><source><submittedBy>Jose Saca</submittedBy></source><imagesize><nrows>2970</nrows><ncols>4451</ncols></imagesize><object><name>m4_s09_136_x</name><deleted>0</deleted><verified>0</verified><occluded>no</occluded><attributes></attributes><parts><hasparts></hasparts><ispartof></ispartof></parts><date>21-10-20 11:45:28:768</date><id>0</id><polygon><username>anonymous</username><pt><x>1240</x><y>168</y><time>21-10-20 11:45:21:774</time></pt><pt><x>1274</x><y>2787</y><time>21-10-20 11:45:22:647</time></pt><pt><x>3008</x><y>2763</y><time>21-10-20 11:45:23:974</time></pt><pt><x>2816</x><y>211</y><time>21-10-20 11:45:25:229</time></pt><closed_date>21-10-20 11:45:26:603</closed_date></polygon></object></annotation>