<annotation><filename>m4_s10_164_p_nic072.jpg</filename><folder>users/joselusava//santiago_2</folder><source><submittedBy>Jose Saca</submittedBy></source><imagesize><nrows>2970</nrows><ncols>4451</ncols></imagesize><object><name>m4_s10_164_p_nic072</name><deleted>0</deleted><verified>0</verified><occluded>no</occluded><attributes></attributes><parts><hasparts></hasparts><ispartof></ispartof></parts><date>14-10-20 16:11:40:880</date><id>0</id><type>bounding_box</type><polygon><username>anonymous</username><pt><x>2949</x><y>250</y><time>14-10-20 16:11:38:219</time></pt><pt><x>3605</x><y>250</y><time>14-10-20 16:11:39:154</time></pt><pt><x>3605</x><y>935</y><time>undefined</time></pt><pt><x>2949</x><y>935</y><time>undefined</time></pt><closed_date>14-10-20 16:11:39:156</closed_date></polygon></object></annotation>