<annotation><filename>m2_s01_032_p_nic083.jpg</filename><folder>users/joselusava//santiago_2</folder><source><submittedBy>Jose Saca</submittedBy></source><imagesize><nrows>2850</nrows><ncols>4271</ncols></imagesize><object><name>m2_s01_032_p_nic083</name><deleted>0</deleted><verified>0</verified><occluded>no</occluded><attributes></attributes><parts><hasparts></hasparts><ispartof></ispartof></parts><date>30-09-20 21:21:20:539</date><id>0</id><type>bounding_box</type><polygon><username>anonymous</username><pt><x>421</x><y>285</y><time>30-09-20 21:21:17:988</time></pt><pt><x>1208</x><y>285</y><time>30-09-20 21:21:18:654</time></pt><pt><x>1208</x><y>1228</y><time>undefined</time></pt><pt><x>421</x><y>1228</y><time>undefined</time></pt><closed_date>30-09-20 21:21:18:655</closed_date></polygon></object></annotation>