<annotation><filename>m1_s01_005_p_nic017.jpg</filename><folder>users/joselusava//museos2020</folder><source><submittedBy>Jose Saca</submittedBy></source><imagesize><nrows>2000</nrows><ncols>2992</ncols></imagesize><object><name>m1_s01_005_p_nic017</name><deleted>0</deleted><verified>0</verified><occluded>no</occluded><attributes></attributes><parts><hasparts></hasparts><ispartof></ispartof></parts><date>13-09-20 22:52:24:429</date><id>0</id><type>bounding_box</type><polygon><username>anonymous</username><pt><x>2080</x><y>1128</y><time>13-09-20 22:52:11:398</time></pt><pt><x>2511</x><y>1128</y><time>13-09-20 22:52:16:268</time></pt><pt><x>2511</x><y>1613</y><time>undefined</time></pt><pt><x>2080</x><y>1613</y><time>undefined</time></pt><closed_date>13-09-20 22:52:16:268</closed_date></polygon></object></annotation>