<annotation><filename>m2_s06_244_p_nic073.jpg</filename><folder>users/joselusava//museos2020</folder><source><submittedBy>Jose Saca</submittedBy></source><imagesize><nrows>2910</nrows><ncols>4361</ncols></imagesize><object><name>m2_s06_244_p_ic073</name><deleted>0</deleted><verified>0</verified><occluded>no</occluded><attributes></attributes><parts><hasparts></hasparts><ispartof></ispartof></parts><date>26-09-20 21:49:50:479</date><id>0</id><type>bounding_box</type><polygon><username>anonymous</username><pt><x>825</x><y>1865</y><time>26-09-20 21:49:35:855</time></pt><pt><x>2586</x><y>1865</y><time>26-09-20 21:49:38:114</time></pt><pt><x>2586</x><y>2629</y><time>undefined</time></pt><pt><x>825</x><y>2629</y><time>undefined</time></pt><closed_date>26-09-20 21:49:38:114</closed_date></polygon></object></annotation>