<annotation><filename>m4_s04_037_p_nic061.jpg</filename><folder>users/joselusava//santiago_2</folder><source><submittedBy>Jose Saca</submittedBy></source><imagesize><nrows>2970</nrows><ncols>4451</ncols></imagesize><object><name>m4_s04_037_p_nic061</name><deleted>0</deleted><verified>0</verified><occluded>no</occluded><attributes></attributes><parts><hasparts></hasparts><ispartof></ispartof></parts><date>19-10-20 22:34:28:609</date><id>0</id><type>bounding_box</type><polygon><username>anonymous</username><pt><x>1917</x><y>18</y><time>19-10-20 22:34:24:523</time></pt><pt><x>2656</x><y>18</y><time>19-10-20 22:34:25:493</time></pt><pt><x>2656</x><y>1042</y><time>undefined</time></pt><pt><x>1917</x><y>1042</y><time>undefined</time></pt><closed_date>19-10-20 22:34:25:494</closed_date></polygon></object></annotation>