<annotation><filename>m4_s04_045_p_ic079.jpg</filename><folder>users/joselusava//valeria/m04_s04_45_ic</folder><source><submittedBy>Jose Saca</submittedBy></source><imagesize><nrows>2970</nrows><ncols>4451</ncols></imagesize><object><name>m4_s04_045_p_ic079</name><deleted>0</deleted><verified>0</verified><occluded>no</occluded><attributes></attributes><parts><hasparts></hasparts><ispartof></ispartof></parts><date>19-10-20 23:38:03:036</date><id>0</id><type>bounding_box</type><polygon><username>anonymous</username><pt><x>1634</x><y>2604</y><time>19-10-20 23:37:57:505</time></pt><pt><x>2981</x><y>2604</y><time>19-10-20 23:37:59:345</time></pt><pt><x>2981</x><y>188</y><time>undefined</time></pt><pt><x>1634</x><y>188</y><time>undefined</time></pt><closed_date>19-10-20 23:37:59:346</closed_date></polygon></object></annotation>