<annotation><filename>m2_s01_001_p_ic031.jpg</filename><folder>users/joselusava//santiago</folder><source><submittedBy>Jose Saca</submittedBy></source><imagesize><nrows>2850</nrows><ncols>4271</ncols></imagesize><object><name>m2_s01_001_p_ic031</name><deleted>0</deleted><verified>0</verified><occluded>no</occluded><attributes></attributes><parts><hasparts></hasparts><ispartof></ispartof></parts><date>19-09-20 08:19:00:707</date><id>0</id><type>bounding_box</type><polygon><username>anonymous</username><pt><x>696</x><y>32</y><time>19-09-20 08:18:48:592</time></pt><pt><x>3161</x><y>32</y><time>19-09-20 08:18:53:365</time></pt><pt><x>3161</x><y>2789</y><time>undefined</time></pt><pt><x>696</x><y>2789</y><time>undefined</time></pt><closed_date>19-09-20 08:18:53:366</closed_date></polygon></object></annotation>