<annotation><filename>m2_s01_018_p_nic034.jpg</filename><folder>users/joselusava//santiago_2</folder><source><submittedBy>Jose Saca</submittedBy></source><imagesize><nrows>2850</nrows><ncols>4271</ncols></imagesize><object><name>m2_s01_018_p_nic034</name><deleted>0</deleted><verified>0</verified><occluded>no</occluded><attributes></attributes><parts><hasparts></hasparts><ispartof></ispartof></parts><date>28-09-20 21:34:09:971</date><id>0</id><type>bounding_box</type><polygon><username>anonymous</username><pt><x>670</x><y>1561</y><time>28-09-20 21:34:03:385</time></pt><pt><x>1372</x><y>1561</y><time>28-09-20 21:34:04:137</time></pt><pt><x>1372</x><y>2376</y><time>undefined</time></pt><pt><x>670</x><y>2376</y><time>undefined</time></pt><closed_date>28-09-20 21:34:04:138</closed_date></polygon></object></annotation>