<annotation><filename>m4_s07_105_p_ic032.jpg</filename><folder>users/joselusava//kath/m4_105</folder><source><submittedBy>Jose Saca</submittedBy></source><imagesize><nrows>2970</nrows><ncols>4451</ncols></imagesize><object><name>m4_s07_105_p_ic032</name><deleted>0</deleted><verified>0</verified><occluded>no</occluded><attributes></attributes><parts><hasparts></hasparts><ispartof></ispartof></parts><date>29-10-20 08:08:21:681</date><id>0</id><type>bounding_box</type><polygon><username>anonymous</username><pt><x>1629</x><y>2792</y><time>29-10-20 08:08:16:024</time></pt><pt><x>2797</x><y>2792</y><time>29-10-20 08:08:18:877</time></pt><pt><x>2797</x><y>505</y><time>undefined</time></pt><pt><x>1629</x><y>505</y><time>undefined</time></pt><closed_date>29-10-20 08:08:18:877</closed_date></polygon></object></annotation>