<annotation><filename>m4_s05_055_p_ic100.jpg</filename><folder>users/joselusava//valeria/m4_s05_055_ic</folder><source><submittedBy>Jose Saca</submittedBy></source><imagesize><nrows>2910</nrows><ncols>4361</ncols></imagesize><object><name>m4_s05_055_p_ic100</name><deleted>0</deleted><verified>0</verified><occluded>no</occluded><attributes></attributes><parts><hasparts></hasparts><ispartof></ispartof></parts><date>09-10-20 15:17:06:778</date><id>0</id><type>bounding_box</type><polygon><username>anonymous</username><pt><x>3323</x><y>2221</y><time>09-10-20 15:16:59:109</time></pt><pt><x>1301</x><y>2221</y><time>09-10-20 15:17:02:580</time></pt><pt><x>1301</x><y>314</y><time>undefined</time></pt><pt><x>3323</x><y>314</y><time>undefined</time></pt><closed_date>09-10-20 15:17:02:581</closed_date></polygon></object></annotation>