<annotation><filename>m4_s02_021_p_nic052.jpg</filename><folder>users/joselusava//santiago_2</folder><source><submittedBy>Jose Saca</submittedBy></source><imagesize><nrows>2910</nrows><ncols>4361</ncols></imagesize><object><name>m4_s02_021_p_nic052</name><deleted>0</deleted><verified>0</verified><occluded>no</occluded><attributes></attributes><parts><hasparts></hasparts><ispartof></ispartof></parts><date>05-10-20 11:10:59:984</date><id>0</id><type>bounding_box</type><polygon><username>anonymous</username><pt><x>1303</x><y>908</y><time>05-10-20 11:10:54:950</time></pt><pt><x>2280</x><y>908</y><time>05-10-20 11:10:56:505</time></pt><pt><x>2280</x><y>2616</y><time>undefined</time></pt><pt><x>1303</x><y>2616</y><time>undefined</time></pt><closed_date>05-10-20 11:10:56:505</closed_date></polygon></object></annotation>