<annotation><filename>m2_s01_010_p_ic026.jpg</filename><folder>users/joselusava//santiago</folder><source><submittedBy>Jose Saca</submittedBy></source><imagesize><nrows>2850</nrows><ncols>4271</ncols></imagesize><object><name>m2_s01_010_p_ic026</name><deleted>0</deleted><verified>0</verified><occluded>no</occluded><attributes></attributes><parts><hasparts></hasparts><ispartof></ispartof></parts><date>21-09-20 15:29:41:386</date><id>0</id><type>bounding_box</type><polygon><username>anonymous</username><pt><x>1199</x><y>500</y><time>21-09-20 15:29:34:517</time></pt><pt><x>2876</x><y>500</y><time>21-09-20 15:29:36:115</time></pt><pt><x>2876</x><y>2206</y><time>undefined</time></pt><pt><x>1199</x><y>2206</y><time>undefined</time></pt><closed_date>21-09-20 15:29:36:116</closed_date></polygon></object></annotation>