<annotation><filename>m2_s05_236_p_ic069.jpg</filename><folder>users/joselusava//museos2020</folder><source><submittedBy>Jose Saca</submittedBy></source><imagesize><nrows>2910</nrows><ncols>4361</ncols></imagesize><object><name>m2_s05_236_p_ic069</name><deleted>0</deleted><verified>0</verified><occluded>no</occluded><attributes></attributes><parts><hasparts></hasparts><ispartof></ispartof></parts><date>16-09-20 19:10:32:597</date><id>0</id><type>bounding_box</type><polygon><username>anonymous</username><pt><x>265</x><y>302</y><time>16-09-20 19:10:26:434</time></pt><pt><x>3449</x><y>302</y><time>16-09-20 19:10:27:273</time></pt><pt><x>3449</x><y>2789</y><time>undefined</time></pt><pt><x>265</x><y>2789</y><time>undefined</time></pt><closed_date>16-09-20 19:10:27:273</closed_date></polygon></object></annotation>