<annotation><filename>m4_s04_047_p_nic070.jpg</filename><folder>users/joselusava//kath/kath_m4_047/nic</folder><source><submittedBy>Jose Saca</submittedBy></source><imagesize><nrows>2970</nrows><ncols>4451</ncols></imagesize><object><name>m4_s04_047_p_nic070</name><deleted>0</deleted><verified>0</verified><occluded>no</occluded><attributes></attributes><parts><hasparts></hasparts><ispartof></ispartof></parts><date>24-10-20 19:25:37:819</date><id>0</id><type>bounding_box</type><polygon><username>anonymous</username><pt><x>2213</x><y>1730</y><time>24-10-20 19:25:25:381</time></pt><pt><x>2977</x><y>1730</y><time>24-10-20 19:25:27:414</time></pt><pt><x>2977</x><y>171</y><time>undefined</time></pt><pt><x>2213</x><y>171</y><time>undefined</time></pt><closed_date>24-10-20 19:25:27:415</closed_date></polygon></object></annotation>