<annotation><filename>m1_s02_064_x.jpg</filename><folder>users/joselusava//valeria/sala2</folder><source><submittedBy>Jose Saca</submittedBy></source><imagesize><nrows>3200</nrows><ncols>4800</ncols></imagesize><object><name>m1_s02_064_x</name><deleted>0</deleted><verified>0</verified><occluded>no</occluded><attributes></attributes><parts><hasparts></hasparts><ispartof></ispartof></parts><date>28-08-20 19:15:49:060</date><id>0</id><type>bounding_box</type><polygon><username>anonymous</username><pt><x>4736</x><y>3168</y><time>28-08-20 19:15:40:666</time></pt><pt><x>360</x><y>3168</y><time>28-08-20 19:15:44:598</time></pt><pt><x>360</x><y>43</y><time>undefined</time></pt><pt><x>4736</x><y>43</y><time>undefined</time></pt><closed_date>28-08-20 19:15:44:599</closed_date></polygon></object></annotation>