<annotation><filename>m1_s01_021_p_nic095.jpg</filename><folder>users/joselusava//santiago</folder><source><submittedBy>Jose Saca</submittedBy></source><imagesize><nrows>3200</nrows><ncols>4800</ncols></imagesize><object><name>m1_s01_021_p_nic095</name><deleted>0</deleted><verified>0</verified><occluded>no</occluded><attributes></attributes><parts><hasparts></hasparts><ispartof></ispartof></parts><date>16-09-20 22:35:01:251</date><id>0</id><type>bounding_box</type><polygon><username>anonymous</username><pt><x>3441</x><y>1757</y><time>16-09-20 22:34:53:001</time></pt><pt><x>4114</x><y>1757</y><time>16-09-20 22:34:53:991</time></pt><pt><x>4114</x><y>2563</y><time>undefined</time></pt><pt><x>3441</x><y>2563</y><time>undefined</time></pt><closed_date>16-09-20 22:34:53:992</closed_date></polygon></object></annotation>