<annotation><filename>m2_s01_010_p_ic034.jpg</filename><folder>users/joselusava//santiago</folder><source><submittedBy>Jose Saca</submittedBy></source><imagesize><nrows>2850</nrows><ncols>4271</ncols></imagesize><object><name>m2_s01_010_p_ic034</name><deleted>0</deleted><verified>0</verified><occluded>no</occluded><attributes></attributes><parts><hasparts></hasparts><ispartof></ispartof></parts><date>21-09-20 15:38:31:681</date><id>0</id><type>bounding_box</type><polygon><username>anonymous</username><pt><x>1080</x><y>503</y><time>21-09-20 15:38:23:771</time></pt><pt><x>3180</x><y>503</y><time>21-09-20 15:38:25:698</time></pt><pt><x>3180</x><y>2517</y><time>undefined</time></pt><pt><x>1080</x><y>2517</y><time>undefined</time></pt><closed_date>21-09-20 15:38:25:699</closed_date></polygon></object></annotation>