<annotation><filename>m4_s11_178_p_ic033.jpg</filename><folder>users/joselusava//santiago_2</folder><source><submittedBy>Jose Saca</submittedBy></source><imagesize><nrows>2970</nrows><ncols>4451</ncols></imagesize><object><name>m4_s11_178_p_ic033</name><deleted>0</deleted><verified>0</verified><occluded>no</occluded><attributes></attributes><parts><hasparts></hasparts><ispartof></ispartof></parts><date>15-10-20 21:33:58:907</date><id>0</id><type>bounding_box</type><polygon><username>anonymous</username><pt><x>1556</x><y>732</y><time>15-10-20 21:33:54:852</time></pt><pt><x>2838</x><y>732</y><time>15-10-20 21:33:56:640</time></pt><pt><x>2838</x><y>2210</y><time>undefined</time></pt><pt><x>1556</x><y>2210</y><time>undefined</time></pt><closed_date>15-10-20 21:33:56:641</closed_date></polygon></object></annotation>