<annotation><filename>img_m1_s03-04_101_p_nic072.jpg</filename><folder>users/joselusava//valeria/sala3y4_101_nic</folder><source><submittedBy>Jose Saca</submittedBy></source><imagesize><nrows>3200</nrows><ncols>4800</ncols></imagesize><object><name>m1_s03_s04_101_p_nic072</name><deleted>0</deleted><verified>0</verified><occluded>no</occluded><attributes></attributes><parts><hasparts></hasparts><ispartof></ispartof></parts><date>30-08-20 00:43:40:263</date><id>0</id><type>bounding_box</type><polygon><username>anonymous</username><pt><x>2861</x><y>2527</y><time>30-08-20 00:43:34:211</time></pt><pt><x>273</x><y>2527</y><time>30-08-20 00:43:36:338</time></pt><pt><x>273</x><y>1485</y><time>undefined</time></pt><pt><x>2861</x><y>1485</y><time>undefined</time></pt><closed_date>30-08-20 00:43:36:339</closed_date></polygon></object></annotation>