<annotation><filename>m2_s02_190_p_nic006.jpg</filename><folder>users/joselusava//m2_jsv/190/nic</folder><source><submittedBy>Jose Saca</submittedBy></source><imagesize><nrows>2910</nrows><ncols>4361</ncols></imagesize><object><name>m2_s02_190_p_nic006</name><deleted>0</deleted><verified>0</verified><occluded>no</occluded><attributes></attributes><parts><hasparts></hasparts><ispartof></ispartof></parts><date>21-09-20 14:52:07:502</date><id>0</id><type>bounding_box</type><polygon><username>anonymous</username><pt><x>3256</x><y>1471</y><time>21-09-20 14:52:04:383</time></pt><pt><x>2080</x><y>1471</y><time>21-09-20 14:52:06:455</time></pt><pt><x>2080</x><y>9</y><time>undefined</time></pt><pt><x>3256</x><y>9</y><time>undefined</time></pt><closed_date>21-09-20 14:52:06:456</closed_date></polygon></object></annotation>