<annotation><filename>m1_s06_144_p_ic085.jpg</filename><folder>users/joselusava//jacob_2/144ic</folder><source><submittedBy>Jose Saca</submittedBy></source><imagesize><nrows>2736</nrows><ncols>4100</ncols></imagesize><object><name>m1_s06_144_p_ic085</name><deleted>0</deleted><verified>0</verified><occluded>no</occluded><attributes></attributes><parts><hasparts></hasparts><ispartof></ispartof></parts><date>08-09-20 01:42:33:377</date><id>0</id><type>bounding_box</type><polygon><username>anonymous</username><pt><x>556</x><y>2578</y><time>08-09-20 01:42:30:548</time></pt><pt><x>3486</x><y>2578</y><time>08-09-20 01:42:32:689</time></pt><pt><x>3486</x><y>385</y><time>undefined</time></pt><pt><x>556</x><y>385</y><time>undefined</time></pt><closed_date>08-09-20 01:42:32:689</closed_date></polygon></object></annotation>