<annotation><filename>m2_s01_032_p_ic077.jpg</filename><folder>users/joselusava//santiago_2</folder><source><submittedBy>Jose Saca</submittedBy></source><imagesize><nrows>2850</nrows><ncols>4271</ncols></imagesize><object><name>m2_s01_032_p_ic077</name><deleted>0</deleted><verified>0</verified><occluded>no</occluded><attributes></attributes><parts><hasparts></hasparts><ispartof></ispartof></parts><date>30-09-20 16:58:02:015</date><id>0</id><type>bounding_box</type><polygon><username>anonymous</username><pt><x>1161</x><y>54</y><time>30-09-20 16:57:57:654</time></pt><pt><x>3142</x><y>54</y><time>30-09-20 16:58:00:218</time></pt><pt><x>3142</x><y>2799</y><time>undefined</time></pt><pt><x>1161</x><y>2799</y><time>undefined</time></pt><closed_date>30-09-20 16:58:00:219</closed_date></polygon></object></annotation>