<annotation><filename>m1_s02_036_p_nic087.jpg</filename><folder>users/joselusava//valeria/sala2_036_nic</folder><source><submittedBy>Jose Saca</submittedBy></source><imagesize><nrows>3200</nrows><ncols>4800</ncols></imagesize><object><name>m1_s02_036_p_nic087</name><deleted>0</deleted><verified>0</verified><occluded>no</occluded><attributes></attributes><parts><hasparts></hasparts><ispartof></ispartof></parts><date>27-08-20 12:57:25:861</date><id>0</id><type>bounding_box</type><polygon><username>anonymous</username><pt><x>1605</x><y>2164</y><time>27-08-20 12:57:20:896</time></pt><pt><x>569</x><y>2164</y><time>27-08-20 12:57:22:814</time></pt><pt><x>569</x><y>1074</y><time>undefined</time></pt><pt><x>1605</x><y>1074</y><time>undefined</time></pt><closed_date>27-08-20 12:57:22:815</closed_date></polygon></object></annotation>