<annotation><filename>m3_s01_002_p_ic027.jpg</filename><folder>users/joselusava//santiago_3</folder><source><submittedBy>Jose Saca</submittedBy></source><imagesize><nrows>2970</nrows><ncols>4451</ncols></imagesize><object><name>m3_s01_002_p_ic027</name><deleted>0</deleted><verified>0</verified><occluded>no</occluded><attributes></attributes><parts><hasparts></hasparts><ispartof></ispartof></parts><date>28-10-20 18:41:30:976</date><id>0</id><type>bounding_box</type><polygon><username>anonymous</username><pt><x>286</x><y>193</y><time>28-10-20 18:41:23:893</time></pt><pt><x>4269</x><y>193</y><time>28-10-20 18:41:26:786</time></pt><pt><x>4269</x><y>2485</y><time>undefined</time></pt><pt><x>286</x><y>2485</y><time>undefined</time></pt><closed_date>28-10-20 18:41:26:788</closed_date></polygon></object></annotation>