<annotation><filename>m2_s01_032_p_ic036.jpg</filename><folder>users/joselusava//santiago_2</folder><source><submittedBy>Jose Saca</submittedBy></source><imagesize><nrows>2850</nrows><ncols>4271</ncols></imagesize><object><name>m2_s01_032_p_ic036</name><deleted>0</deleted><verified>0</verified><occluded>no</occluded><attributes></attributes><parts><hasparts></hasparts><ispartof></ispartof></parts><date>30-09-20 12:21:51:382</date><id>0</id><type>bounding_box</type><polygon><username>anonymous</username><pt><x>1106</x><y>180</y><time>30-09-20 12:21:48:242</time></pt><pt><x>2953</x><y>180</y><time>30-09-20 12:21:49:390</time></pt><pt><x>2953</x><y>2616</y><time>undefined</time></pt><pt><x>1106</x><y>2616</y><time>undefined</time></pt><closed_date>30-09-20 12:21:49:392</closed_date></polygon></object></annotation>