<annotation><filename>m2_s07_264_p_ic058.jpg</filename><folder>users/joselusava//valeria/sala7_264_ic</folder><source><submittedBy>Jose Saca</submittedBy></source><imagesize><nrows>2910</nrows><ncols>4361</ncols></imagesize><object><name>m2_s07_264_p_ic058</name><deleted>0</deleted><verified>0</verified><occluded>no</occluded><attributes></attributes><parts><hasparts></hasparts><ispartof></ispartof></parts><date>23-09-20 11:28:25:142</date><id>0</id><type>bounding_box</type><polygon><username>anonymous</username><pt><x>1378</x><y>336</y><time>23-09-20 11:28:08:167</time></pt><pt><x>2888</x><y>336</y><time>23-09-20 11:28:09:786</time></pt><pt><x>2888</x><y>2364</y><time>undefined</time></pt><pt><x>1378</x><y>2364</y><time>undefined</time></pt><closed_date>23-09-20 11:28:09:787</closed_date></polygon></object></annotation>