<annotation><filename>m4_s02_021_p_ic019.jpg</filename><folder>users/joselusava//santiago_2</folder><source><submittedBy>Jose Saca</submittedBy></source><imagesize><nrows>3000</nrows><ncols>4496</ncols></imagesize><object><name>m4_s02_021_p_ic019</name><deleted>0</deleted><verified>0</verified><occluded>no</occluded><attributes></attributes><parts><hasparts></hasparts><ispartof></ispartof></parts><date>02-10-20 15:21:22:261</date><id>0</id><type>bounding_box</type><polygon><username>anonymous</username><pt><x>1711</x><y>232</y><time>02-10-20 15:21:17:156</time></pt><pt><x>3071</x><y>232</y><time>02-10-20 15:21:19:588</time></pt><pt><x>3071</x><y>2896</y><time>undefined</time></pt><pt><x>1711</x><y>2896</y><time>undefined</time></pt><closed_date>02-10-20 15:21:19:589</closed_date></polygon></object></annotation>