<annotation><filename>m4_s10_164_p_nic032.jpg</filename><folder>users/joselusava//santiago_2</folder><source><submittedBy>Jose Saca</submittedBy></source><imagesize><nrows>2970</nrows><ncols>4451</ncols></imagesize><object><name>m4_s10_164_p_nic032</name><deleted>0</deleted><verified>0</verified><occluded>no</occluded><attributes></attributes><parts><hasparts></hasparts><ispartof></ispartof></parts><date>14-10-20 00:00:48:791</date><id>0</id><type>bounding_box</type><polygon><username>anonymous</username><pt><x>3013</x><y>1774</y><time>14-10-20 00:00:44:003</time></pt><pt><x>3534</x><y>1774</y><time>14-10-20 00:00:44:872</time></pt><pt><x>3534</x><y>2517</y><time>undefined</time></pt><pt><x>3013</x><y>2517</y><time>undefined</time></pt><closed_date>14-10-20 00:00:44:873</closed_date></polygon></object></annotation>