<annotation><filename>m3_s01_013_p_ic038.jpg</filename><folder>users/joselusava//valeria/m03_s01_13_ic</folder><source><submittedBy>Jose Saca</submittedBy></source><imagesize><nrows>2970</nrows><ncols>4451</ncols></imagesize><object><name>m3_s01_013_p_ic037</name><deleted>0</deleted><verified>0</verified><occluded>no</occluded><attributes></attributes><parts><hasparts></hasparts><ispartof></ispartof></parts><date>29-10-20 13:41:39:301</date><id>0</id><type>bounding_box</type><polygon><username>anonymous</username><pt><x>3987</x><y>2776</y><time>29-10-20 13:41:32:375</time></pt><pt><x>565</x><y>2776</y><time>29-10-20 13:41:35:318</time></pt><pt><x>565</x><y>280</y><time>undefined</time></pt><pt><x>3987</x><y>280</y><time>undefined</time></pt><closed_date>29-10-20 13:41:35:319</closed_date></polygon></object></annotation>