<annotation><filename>m2_s01_054_p_ic006.jpg</filename><folder>users/joselusava//kath</folder><source><submittedBy>Jose Saca</submittedBy></source><imagesize><nrows>2850</nrows><ncols>4271</ncols></imagesize><object><name>m2_s01_054_p_ic006</name><deleted>0</deleted><verified>0</verified><occluded>no</occluded><attributes></attributes><parts><hasparts></hasparts><ispartof></ispartof></parts><date>29-09-20 21:28:09:700</date><id>0</id><type>bounding_box</type><polygon><username>anonymous</username><pt><x>1160</x><y>428</y><time>29-09-20 21:28:03:652</time></pt><pt><x>2857</x><y>428</y><time>29-09-20 21:28:06:507</time></pt><pt><x>2857</x><y>2647</y><time>undefined</time></pt><pt><x>1160</x><y>2647</y><time>undefined</time></pt><closed_date>29-09-20 21:28:06:507</closed_date></polygon></object></annotation>