<annotation><filename>m2_s01_032_p_ic052.jpg</filename><folder>users/joselusava//santiago_2</folder><source><submittedBy>Jose Saca</submittedBy></source><imagesize><nrows>2850</nrows><ncols>4271</ncols></imagesize><object><name>m2_s01_032_p_ic052</name><deleted>0</deleted><verified>0</verified><occluded>no</occluded><attributes></attributes><parts><hasparts></hasparts><ispartof></ispartof></parts><date>30-09-20 15:42:34:324</date><id>0</id><type>bounding_box</type><polygon><username>anonymous</username><pt><x>1231</x><y>125</y><time>30-09-20 15:42:30:709</time></pt><pt><x>2946</x><y>125</y><time>30-09-20 15:42:32:450</time></pt><pt><x>2946</x><y>2594</y><time>undefined</time></pt><pt><x>1231</x><y>2594</y><time>undefined</time></pt><closed_date>30-09-20 15:42:32:450</closed_date></polygon></object></annotation>