<annotation><filename>m2_s01_034_p_ic076.jpg</filename><folder>users/joselusava//kath</folder><source><submittedBy>Jose Saca</submittedBy></source><imagesize><nrows>2850</nrows><ncols>4271</ncols></imagesize><object><name>m2_s01_034_p_ic076</name><deleted>0</deleted><verified>0</verified><occluded>no</occluded><attributes></attributes><parts><hasparts></hasparts><ispartof></ispartof></parts><date>25-09-20 16:50:11:959</date><id>0</id><polygon><username>anonymous</username><pt><x>1203</x><y>193</y><time>25-09-20 16:49:47:289</time></pt><pt><x>1253</x><y>2649</y><time>25-09-20 16:49:49:605</time></pt><pt><x>2728</x><y>2177</y><time>25-09-20 16:50:00:235</time></pt><pt><x>2685</x><y>229</y><time>25-09-20 16:50:02:547</time></pt><closed_date>25-09-20 16:50:07:391</closed_date></polygon></object></annotation>