<annotation><filename>m2_s03_248_p_nic056.jpg</filename><folder>users/joselusava//museos2020</folder><source><submittedBy>Jose Saca</submittedBy></source><imagesize><nrows>2910</nrows><ncols>4361</ncols></imagesize><object><name>m2_s03_248_p_nic056</name><deleted>0</deleted><verified>0</verified><occluded>no</occluded><attributes></attributes><parts><hasparts></hasparts><ispartof></ispartof></parts><date>27-09-20 17:19:58:437</date><id>0</id><polygon><username>anonymous</username><pt><x>400</x><y>1376</y><time>27-09-20 17:19:45:132</time></pt><pt><x>2431</x><y>1353</y><time>27-09-20 17:19:46:287</time></pt><pt><x>1925</x><y>2050</y><time>27-09-20 17:19:47:531</time></pt><pt><x>223</x><y>1613</y><time>27-09-20 17:19:48:771</time></pt><closed_date>27-09-20 17:19:49:514</closed_date></polygon></object></annotation>