<annotation><filename>m2_s01_024_p_nic063.jpg</filename><folder>users/joselusava//santiago</folder><source><submittedBy>Jose Saca</submittedBy></source><imagesize><nrows>2850</nrows><ncols>4271</ncols></imagesize><object><name>m2_s01_024_p_nic063</name><deleted>0</deleted><verified>0</verified><occluded>no</occluded><attributes></attributes><parts><hasparts></hasparts><ispartof></ispartof></parts><date>25-09-20 15:17:21:447</date><id>0</id><type>bounding_box</type><polygon><username>anonymous</username><pt><x>2517</x><y>266</y><time>25-09-20 15:17:14:862</time></pt><pt><x>3623</x><y>266</y><time>25-09-20 15:17:15:634</time></pt><pt><x>3623</x><y>2116</y><time>undefined</time></pt><pt><x>2517</x><y>2116</y><time>undefined</time></pt><closed_date>25-09-20 15:17:15:636</closed_date></polygon></object></annotation>