<annotation><filename>m1_s01_017_p_ic061.jpg</filename><folder>users/joselusava//santiago</folder><source><submittedBy>Jose Saca</submittedBy></source><imagesize><nrows>3200</nrows><ncols>4800</ncols></imagesize><object><name>m1_s01_017_p_ic061</name><deleted>0</deleted><verified>0</verified><occluded>no</occluded><attributes></attributes><parts><hasparts></hasparts><ispartof></ispartof></parts><date>10-09-20 22:38:29:514</date><id>0</id><type>bounding_box</type><polygon><username>anonymous</username><pt><x>1659</x><y>1292</y><time>10-09-20 22:38:20:256</time></pt><pt><x>2905</x><y>1292</y><time>10-09-20 22:38:23:450</time></pt><pt><x>2905</x><y>2149</y><time>undefined</time></pt><pt><x>1659</x><y>2149</y><time>undefined</time></pt><closed_date>10-09-20 22:38:23:451</closed_date></polygon></object></annotation>