<annotation><filename>m2_s06_248_p_nic088.jpg</filename><folder>users/joselusava//museos2020</folder><source><submittedBy>Jose Saca</submittedBy></source><imagesize><nrows>2910</nrows><ncols>4361</ncols></imagesize><object><name>m2_s06_248_p_nic088</name><deleted>0</deleted><verified>0</verified><occluded>no</occluded><attributes></attributes><parts><hasparts></hasparts><ispartof></ispartof></parts><date>27-09-20 21:36:56:208</date><id>0</id><polygon><username>anonymous</username><pt><x>1065</x><y>916</y><time>27-09-20 21:36:46:452</time></pt><pt><x>2984</x><y>604</y><time>27-09-20 21:36:47:700</time></pt><pt><x>3180</x><y>837</y><time>27-09-20 21:36:48:614</time></pt><pt><x>1650</x><y>1762</y><time>27-09-20 21:36:49:870</time></pt><closed_date>27-09-20 21:36:50:972</closed_date></polygon></object></annotation>