<annotation><filename>m4_s02_021_p_ic050.jpg</filename><folder>users/joselusava//santiago_2</folder><source><submittedBy>Jose Saca</submittedBy></source><imagesize><nrows>3000</nrows><ncols>4496</ncols></imagesize><object><name>m4_s02_021_p_ic050</name><deleted>0</deleted><verified>0</verified><occluded>no</occluded><attributes></attributes><parts><hasparts></hasparts><ispartof></ispartof></parts><date>03-10-20 18:12:46:466</date><id>0</id><type>bounding_box</type><polygon><username>anonymous</username><pt><x>1496</x><y>336</y><time>03-10-20 18:12:42:894</time></pt><pt><x>2839</x><y>336</y><time>03-10-20 18:12:44:552</time></pt><pt><x>2839</x><y>2386</y><time>undefined</time></pt><pt><x>1496</x><y>2386</y><time>undefined</time></pt><closed_date>03-10-20 18:12:44:553</closed_date></polygon></object></annotation>