<annotation><filename>m4_s11_178_p_ic053.jpg</filename><folder>users/joselusava//santiago_2</folder><source><submittedBy>Jose Saca</submittedBy></source><imagesize><nrows>2970</nrows><ncols>4451</ncols></imagesize><object><name>m4_s11_178_p_ic053</name><deleted>0</deleted><verified>0</verified><occluded>no</occluded><attributes></attributes><parts><hasparts></hasparts><ispartof></ispartof></parts><date>15-10-20 21:50:32:858</date><id>0</id><type>bounding_box</type><polygon><username>anonymous</username><pt><x>1460</x><y>757</y><time>15-10-20 21:50:29:492</time></pt><pt><x>2891</x><y>757</y><time>15-10-20 21:50:31:058</time></pt><pt><x>2891</x><y>2335</y><time>undefined</time></pt><pt><x>1460</x><y>2335</y><time>undefined</time></pt><closed_date>15-10-20 21:50:31:059</closed_date></polygon></object></annotation>