<annotation><filename>m3_s01_020_x.jpg</filename><folder>users/joselusava//kath/m3_x</folder><source><submittedBy>Jose Saca</submittedBy></source><imagesize><nrows>2970</nrows><ncols>4451</ncols></imagesize><object><name>m3_s01_020_x</name><deleted>0</deleted><verified>0</verified><occluded>no</occluded><attributes></attributes><parts><hasparts></hasparts><ispartof></ispartof></parts><date>08-11-20 12:40:18:965</date><id>0</id><type>bounding_box</type><polygon><username>anonymous</username><pt><x>509</x><y>2542</y><time>08-11-20 12:40:09:687</time></pt><pt><x>3777</x><y>2542</y><time>08-11-20 12:40:16:443</time></pt><pt><x>3777</x><y>399</y><time>undefined</time></pt><pt><x>509</x><y>399</y><time>undefined</time></pt><closed_date>08-11-20 12:40:16:443</closed_date></polygon></object></annotation>