<annotation><filename>m1_s01_004_p_nic036.jpg</filename><folder>users/joselusava//valeria_apoyo/sala01_004_nic</folder><source><submittedBy>Jose Saca</submittedBy></source><imagesize><nrows>3200</nrows><ncols>4800</ncols></imagesize><object><name>m1_s01_004_p_nic036</name><deleted>0</deleted><verified>0</verified><occluded>no</occluded><attributes></attributes><parts><hasparts></hasparts><ispartof></ispartof></parts><date>16-09-20 21:23:27:167</date><id>0</id><type>bounding_box</type><polygon><username>anonymous</username><pt><x>24</x><y>3115</y><time>16-09-20 21:23:18:866</time></pt><pt><x>4788</x><y>3115</y><time>16-09-20 21:23:23:580</time></pt><pt><x>4788</x><y>1830</y><time>undefined</time></pt><pt><x>24</x><y>1830</y><time>undefined</time></pt><closed_date>16-09-20 21:23:23:581</closed_date></polygon></object></annotation>