<annotation><filename>m1_s01_001_p_nic025.jpg</filename><folder>users/joselusava//juancarlos</folder><source><submittedBy>Jose Saca</submittedBy></source><imagesize><nrows>3200</nrows><ncols>4800</ncols></imagesize><object><name>m1_s01_001_p_nic025</name><deleted>0</deleted><verified>0</verified><occluded>no</occluded><attributes></attributes><parts><hasparts></hasparts><ispartof></ispartof></parts><date>02-09-20 14:16:10:851</date><id>0</id><type>bounding_box</type><polygon><username>anonymous</username><pt><x>2715</x><y>1188</y><time>02-09-20 14:15:51:887</time></pt><pt><x>4218</x><y>1188</y><time>02-09-20 14:16:01:036</time></pt><pt><x>4218</x><y>2103</y><time>undefined</time></pt><pt><x>2715</x><y>2103</y><time>undefined</time></pt><closed_date>02-09-20 14:16:01:038</closed_date></polygon></object></annotation>