<annotation><filename>m4_s02_015_p_nic048.jpg</filename><folder>users/joselusava//m4_js/15nic</folder><source><submittedBy>Jose Saca</submittedBy></source><imagesize><nrows>2910</nrows><ncols>4361</ncols></imagesize><object><name>m4_s02_015_p_nic048</name><deleted>0</deleted><verified>0</verified><occluded>no</occluded><attributes></attributes><parts><hasparts></hasparts><ispartof></ispartof></parts><date>06-10-20 20:02:20:776</date><id>0</id><type>bounding_box</type><polygon><username>anonymous</username><pt><x>2324</x><y>1523</y><time>06-10-20 20:02:18:615</time></pt><pt><x>984</x><y>1523</y><time>06-10-20 20:02:19:848</time></pt><pt><x>984</x><y>122</y><time>undefined</time></pt><pt><x>2324</x><y>122</y><time>undefined</time></pt><closed_date>06-10-20 20:02:19:848</closed_date></polygon></object></annotation>