<annotation><filename>m3_s01_010_p_nic037.jpg</filename><folder>users/joselusava//m4_js/m3/10/nic</folder><source><submittedBy>Jose Saca</submittedBy></source><imagesize><nrows>2970</nrows><ncols>4451</ncols></imagesize><object><name>m3_s01_010_p_nic037</name><deleted>0</deleted><verified>0</verified><occluded>no</occluded><attributes></attributes><parts><hasparts></hasparts><ispartof></ispartof></parts><date>29-10-20 13:44:14:961</date><id>0</id><type>bounding_box</type><polygon><username>anonymous</username><pt><x>2023</x><y>2417</y><time>29-10-20 13:44:12:508</time></pt><pt><x>4206</x><y>2417</y><time>29-10-20 13:44:14:339</time></pt><pt><x>4206</x><y>64</y><time>undefined</time></pt><pt><x>2023</x><y>64</y><time>undefined</time></pt><closed_date>29-10-20 13:44:14:340</closed_date></polygon></object></annotation>