<annotation><filename>m4_s04_047_p_nic075.jpg</filename><folder>users/joselusava//kath/kath_m4_047/nic</folder><source><submittedBy>Jose Saca</submittedBy></source><imagesize><nrows>2970</nrows><ncols>4451</ncols></imagesize><object><name>m4_s04_047_p_nic075</name><deleted>0</deleted><verified>0</verified><occluded>no</occluded><attributes></attributes><parts><hasparts></hasparts><ispartof></ispartof></parts><date>24-10-20 19:44:49:970</date><id>0</id><type>bounding_box</type><polygon><username>anonymous</username><pt><x>371</x><y>312</y><time>24-10-20 19:44:36:115</time></pt><pt><x>1225</x><y>312</y><time>24-10-20 19:44:42:839</time></pt><pt><x>1225</x><y>1901</y><time>undefined</time></pt><pt><x>371</x><y>1901</y><time>undefined</time></pt><closed_date>24-10-20 19:44:42:841</closed_date></polygon></object></annotation>