<annotation><filename>m1_s02_052_p_ic055.jpg</filename><folder>users/joselusava//valeria/sala2_052_ic</folder><source><submittedBy>Jose Saca</submittedBy></source><imagesize><nrows>3200</nrows><ncols>4800</ncols></imagesize><object><name>m1_s02_052_p_ic055</name><deleted>0</deleted><verified>0</verified><occluded>no</occluded><attributes></attributes><parts><hasparts></hasparts><ispartof></ispartof></parts><date>25-08-20 18:40:17:017</date><id>0</id><type>bounding_box</type><polygon><username>anonymous</username><pt><x>451</x><y>5</y><time>25-08-20 18:40:10:073</time></pt><pt><x>4408</x><y>5</y><time>25-08-20 18:40:13:153</time></pt><pt><x>4408</x><y>3103</y><time>undefined</time></pt><pt><x>451</x><y>3103</y><time>undefined</time></pt><closed_date>25-08-20 18:40:13:155</closed_date></polygon></object></annotation>