<annotation><filename>m2_s06_250_p_nic026.jpg</filename><folder>users/joselusava//m2_jsv/250</folder><source><submittedBy>Jose Saca</submittedBy></source><imagesize><nrows>2910</nrows><ncols>4361</ncols></imagesize><object><name>m2_s06_250_p_nic026</name><deleted>0</deleted><verified>0</verified><occluded>no</occluded><attributes></attributes><parts><hasparts></hasparts><ispartof></ispartof></parts><date>30-09-20 11:30:22:107</date><id>0</id><type>bounding_box</type><polygon><username>anonymous</username><pt><x>2655</x><y>2463</y><time>30-09-20 11:30:19:782</time></pt><pt><x>17</x><y>2463</y><time>30-09-20 11:30:21:356</time></pt><pt><x>17</x><y>1201</y><time>undefined</time></pt><pt><x>2655</x><y>1201</y><time>undefined</time></pt><closed_date>30-09-20 11:30:21:356</closed_date></polygon></object></annotation>