<annotation><filename>m2_s01_018_p_ic028.jpg</filename><folder>users/joselusava//santiago_2</folder><source><submittedBy>Jose Saca</submittedBy></source><imagesize><nrows>2850</nrows><ncols>4271</ncols></imagesize><object><name>m2_s01_018_p_ic028</name><deleted>0</deleted><verified>0</verified><occluded>no</occluded><attributes></attributes><parts><hasparts></hasparts><ispartof></ispartof></parts><date>28-09-20 16:10:32:017</date><id>0</id><type>bounding_box</type><polygon><username>anonymous</username><pt><x>1520</x><y>994</y><time>28-09-20 16:10:21:256</time></pt><pt><x>2796</x><y>994</y><time>28-09-20 16:10:25:887</time></pt><pt><x>2796</x><y>2545</y><time>undefined</time></pt><pt><x>1520</x><y>2545</y><time>undefined</time></pt><closed_date>28-09-20 16:10:25:888</closed_date></polygon></object></annotation>