<annotation><filename>img_m1_s03-04_108_p_nic018.jpg</filename><folder>users/joselusava//valeria/sala3y4_108_nic</folder><source><submittedBy>Jose Saca</submittedBy></source><imagesize><nrows>3200</nrows><ncols>4800</ncols></imagesize><object><name>m1_s03_s04_108_p_nic018</name><deleted>0</deleted><verified>0</verified><occluded>no</occluded><attributes></attributes><parts><hasparts></hasparts><ispartof></ispartof></parts><date>02-09-20 17:11:18:207</date><id>0</id><type>bounding_box</type><polygon><username>anonymous</username><pt><x>2436</x><y>1812</y><time>02-09-20 17:11:01:433</time></pt><pt><x>36</x><y>1812</y><time>02-09-20 17:11:04:185</time></pt><pt><x>36</x><y>933</y><time>undefined</time></pt><pt><x>2436</x><y>933</y><time>undefined</time></pt><closed_date>02-09-20 17:11:04:186</closed_date></polygon></object></annotation>