<annotation><filename>m1_s01_017_p_ic075.jpg</filename><folder>users/joselusava//santiago</folder><source><submittedBy>Jose Saca</submittedBy></source><imagesize><nrows>3200</nrows><ncols>4800</ncols></imagesize><object><name>m1_s01_017_p_ic075</name><deleted>0</deleted><verified>0</verified><occluded>no</occluded><attributes></attributes><parts><hasparts></hasparts><ispartof></ispartof></parts><date>10-09-20 22:57:43:648</date><id>0</id><type>bounding_box</type><polygon><username>anonymous</username><pt><x>1181</x><y>824</y><time>10-09-20 22:57:35:140</time></pt><pt><x>2941</x><y>824</y><time>10-09-20 22:57:37:308</time></pt><pt><x>2941</x><y>2282</y><time>undefined</time></pt><pt><x>1181</x><y>2282</y><time>undefined</time></pt><closed_date>10-09-20 22:57:37:309</closed_date></polygon></object></annotation>