<annotation><filename>m4_s03_025_p_nic058.jpg</filename><folder>users/joselusava//santiago_3</folder><source><submittedBy>Jose Saca</submittedBy></source><imagesize><nrows>2910</nrows><ncols>4361</ncols></imagesize><object><name>m4_s03_025_p_nic058</name><deleted>0</deleted><verified>0</verified><occluded>no</occluded><attributes></attributes><parts><hasparts></hasparts><ispartof></ispartof></parts><date>08-11-20 13:48:13:763</date><id>0</id><type>bounding_box</type><polygon><username>anonymous</username><pt><x>1605</x><y>1413</y><time>08-11-20 13:48:09:146</time></pt><pt><x>4236</x><y>1413</y><time>08-11-20 13:48:11:563</time></pt><pt><x>4236</x><y>2739</y><time>undefined</time></pt><pt><x>1605</x><y>2739</y><time>undefined</time></pt><closed_date>08-11-20 13:48:11:563</closed_date></polygon></object></annotation>