<annotation><filename>m4_s10_164_p_nic034.jpg</filename><folder>users/joselusava//santiago_2</folder><source><submittedBy>Jose Saca</submittedBy></source><imagesize><nrows>2970</nrows><ncols>4451</ncols></imagesize><object><name>m4_s10_164_p_nic034</name><deleted>0</deleted><verified>0</verified><occluded>no</occluded><attributes></attributes><parts><hasparts></hasparts><ispartof></ispartof></parts><date>14-10-20 00:02:18:144</date><id>0</id><type>bounding_box</type><polygon><username>anonymous</username><pt><x>3523</x><y>1953</y><time>14-10-20 00:02:14:423</time></pt><pt><x>4080</x><y>1953</y><time>14-10-20 00:02:15:387</time></pt><pt><x>4080</x><y>2634</y><time>undefined</time></pt><pt><x>3523</x><y>2634</y><time>undefined</time></pt><closed_date>14-10-20 00:02:15:388</closed_date></polygon></object></annotation>