<annotation><filename>img_m1_s03-04_101_p_ic028.jpg</filename><folder>users/joselusava//valeria/sala3y4_101_ic</folder><source><submittedBy>Jose Saca</submittedBy></source><imagesize><nrows>3200</nrows><ncols>4800</ncols></imagesize><object><name>m1_s03_s04_101_p_ic028</name><deleted>0</deleted><verified>0</verified><occluded>no</occluded><attributes></attributes><parts><hasparts></hasparts><ispartof></ispartof></parts><date>28-08-20 23:43:45:484</date><id>0</id><type>bounding_box</type><polygon><username>anonymous</username><pt><x>48</x><y>2373</y><time>28-08-20 23:43:35:732</time></pt><pt><x>4784</x><y>2373</y><time>28-08-20 23:43:41:123</time></pt><pt><x>4784</x><y>762</y><time>undefined</time></pt><pt><x>48</x><y>762</y><time>undefined</time></pt><closed_date>28-08-20 23:43:41:124</closed_date></polygon></object></annotation>