<annotation><filename>m2_s06_248_p_nic073.jpg</filename><folder>users/joselusava//museos2020</folder><source><submittedBy>Jose Saca</submittedBy></source><imagesize><nrows>2910</nrows><ncols>4361</ncols></imagesize><object><name>m2_s06_248_p_nic073</name><deleted>0</deleted><verified>0</verified><occluded>no</occluded><attributes></attributes><parts><hasparts></hasparts><ispartof></ispartof></parts><date>27-09-20 19:24:24:990</date><id>0</id><polygon><username>anonymous</username><pt><x>1915</x><y>1808</y><time>27-09-20 19:24:15:412</time></pt><pt><x>4100</x><y>1845</y><time>27-09-20 19:24:16:733</time></pt><pt><x>3528</x><y>2603</y><time>27-09-20 19:24:17:612</time></pt><pt><x>1734</x><y>2050</y><time>27-09-20 19:24:18:645</time></pt><closed_date>27-09-20 19:24:19:226</closed_date></polygon></object></annotation>