<annotation><filename>m2_s06_250_p_ic051.jpg</filename><folder>users/joselusava//valeria/m2_sala06_250_ic</folder><source><submittedBy>Jose Saca</submittedBy></source><imagesize><nrows>2910</nrows><ncols>4361</ncols></imagesize><object><name>m2_s06_250_p_ic051</name><deleted>0</deleted><verified>0</verified><occluded>no</occluded><attributes></attributes><parts><hasparts></hasparts><ispartof></ispartof></parts><date>30-09-20 23:39:03:730</date><id>0</id><type>bounding_box</type><polygon><username>anonymous</username><pt><x>3698</x><y>2083</y><time>30-09-20 23:38:58:065</time></pt><pt><x>634</x><y>2083</y><time>30-09-20 23:39:00:504</time></pt><pt><x>634</x><y>931</y><time>undefined</time></pt><pt><x>3698</x><y>931</y><time>undefined</time></pt><closed_date>30-09-20 23:39:00:505</closed_date></polygon></object></annotation>