<annotation><filename>m3_s01_002_p_nic049.jpg</filename><folder>users/joselusava//santiago_3</folder><source><submittedBy>Jose Saca</submittedBy></source><imagesize><nrows>2970</nrows><ncols>4451</ncols></imagesize><object><name>m3_s01_002_p_nic049</name><deleted>0</deleted><verified>0</verified><occluded>no</occluded><attributes></attributes><parts><hasparts></hasparts><ispartof></ispartof></parts><date>29-10-20 20:44:51:767</date><id>0</id><type>bounding_box</type><polygon><username>anonymous</username><pt><x>825</x><y>914</y><time>29-10-20 20:44:48:669</time></pt><pt><x>2774</x><y>914</y><time>29-10-20 20:44:49:891</time></pt><pt><x>2774</x><y>2838</y><time>undefined</time></pt><pt><x>825</x><y>2838</y><time>undefined</time></pt><closed_date>29-10-20 20:44:49:892</closed_date></polygon></object></annotation>