<annotation><filename>m1_s02_065_p_ic037.jpg</filename><folder>users/joselusava//valeria/sala2_065_ic</folder><source><submittedBy>Jose Saca</submittedBy></source><imagesize><nrows>2000</nrows><ncols>2992</ncols></imagesize><object><name>m1_s02_065_p_ic036</name><deleted>0</deleted><verified>0</verified><occluded>no</occluded><attributes></attributes><parts><hasparts></hasparts><ispartof></ispartof></parts><date>25-08-20 22:49:08:346</date><id>0</id><type>bounding_box</type><polygon><username>anonymous</username><pt><x>91</x><y>181</y><time>25-08-20 22:48:52:751</time></pt><pt><x>2862</x><y>181</y><time>25-08-20 22:48:57:508</time></pt><pt><x>2862</x><y>1950</y><time>undefined</time></pt><pt><x>91</x><y>1950</y><time>undefined</time></pt><closed_date>25-08-20 22:48:57:510</closed_date></polygon></object></annotation>