<annotation><filename>m4_s02_021_p_nic025.jpg</filename><folder>users/joselusava//santiago_2</folder><source><submittedBy>Jose Saca</submittedBy></source><imagesize><nrows>2910</nrows><ncols>4361</ncols></imagesize><object><name>m4_s02_021_p_nic025</name><deleted>0</deleted><verified>0</verified><occluded>no</occluded><attributes></attributes><parts><hasparts></hasparts><ispartof></ispartof></parts><date>04-10-20 22:16:44:733</date><id>0</id><type>bounding_box</type><polygon><username>anonymous</username><pt><x>1507</x><y>901</y><time>04-10-20 22:16:41:486</time></pt><pt><x>2456</x><y>901</y><time>04-10-20 22:16:42:887</time></pt><pt><x>2456</x><y>2602</y><time>undefined</time></pt><pt><x>1507</x><y>2602</y><time>undefined</time></pt><closed_date>04-10-20 22:16:42:888</closed_date></polygon></object></annotation>