<annotation><filename>m1_s01_021_p_ic087.jpg</filename><folder>users/joselusava//santiago</folder><source><submittedBy>Jose Saca</submittedBy></source><imagesize><nrows>3200</nrows><ncols>4800</ncols></imagesize><object><name>m1_s01_021_p_ic087</name><deleted>0</deleted><verified>0</verified><occluded>no</occluded><attributes></attributes><parts><hasparts></hasparts><ispartof></ispartof></parts><date>15-09-20 00:13:20:770</date><id>0</id><type>bounding_box</type><polygon><username>anonymous</username><pt><x>1443</x><y>842</y><time>15-09-20 00:13:12:512</time></pt><pt><x>2793</x><y>842</y><time>15-09-20 00:13:14:386</time></pt><pt><x>2793</x><y>2512</y><time>undefined</time></pt><pt><x>1443</x><y>2512</y><time>undefined</time></pt><closed_date>15-09-20 00:13:14:387</closed_date></polygon></object></annotation>