<annotation><filename>m2_s01_032_p_ic020.jpg</filename><folder>users/joselusava//santiago_2</folder><source><submittedBy>Jose Saca</submittedBy></source><imagesize><nrows>2850</nrows><ncols>4271</ncols></imagesize><object><name>m2_s01_032_p_ic020</name><deleted>0</deleted><verified>0</verified><occluded>no</occluded><attributes></attributes><parts><hasparts></hasparts><ispartof></ispartof></parts><date>29-09-20 22:24:18:454</date><id>0</id><type>bounding_box</type><polygon><username>anonymous</username><pt><x>1154</x><y>353</y><time>29-09-20 22:24:13:304</time></pt><pt><x>2946</x><y>353</y><time>29-09-20 22:24:15:257</time></pt><pt><x>2946</x><y>2738</y><time>undefined</time></pt><pt><x>1154</x><y>2738</y><time>undefined</time></pt><closed_date>29-09-20 22:24:15:258</closed_date></polygon></object></annotation>