<annotation><filename>m1_s01_005_p_nic022.jpg</filename><folder>users/joselusava//museos2020</folder><source><submittedBy>Jose Saca</submittedBy></source><imagesize><nrows>2000</nrows><ncols>2992</ncols></imagesize><object><name>m1_s01_005_p_nic022</name><deleted>0</deleted><verified>0</verified><occluded>no</occluded><attributes></attributes><parts><hasparts></hasparts><ispartof></ispartof></parts><date>14-09-20 10:36:27:898</date><id>0</id><type>bounding_box</type><polygon><username>anonymous</username><pt><x>2096</x><y>288</y><time>14-09-20 10:36:14:177</time></pt><pt><x>2518</x><y>288</y><time>14-09-20 10:36:17:740</time></pt><pt><x>2518</x><y>700</y><time>undefined</time></pt><pt><x>2096</x><y>700</y><time>undefined</time></pt><closed_date>14-09-20 10:36:17:740</closed_date></polygon></object></annotation>