<annotation><filename>m2_s01_010_p_ic041.jpg</filename><folder>users/joselusava//santiago</folder><source><submittedBy>Jose Saca</submittedBy></source><imagesize><nrows>2850</nrows><ncols>4271</ncols></imagesize><object><name>m2_s01_010_p_ic041</name><deleted>0</deleted><verified>0</verified><occluded>no</occluded><attributes></attributes><parts><hasparts></hasparts><ispartof></ispartof></parts><date>21-09-20 15:46:29:489</date><id>0</id><type>bounding_box</type><polygon><username>anonymous</username><pt><x>1071</x><y>340</y><time>21-09-20 15:46:22:442</time></pt><pt><x>3257</x><y>340</y><time>21-09-20 15:46:24:351</time></pt><pt><x>3257</x><y>2517</y><time>undefined</time></pt><pt><x>1071</x><y>2517</y><time>undefined</time></pt><closed_date>21-09-20 15:46:24:352</closed_date></polygon></object></annotation>