<annotation><filename>m2_s07_265_x.jpg</filename><folder>users/joselusava//museos2020</folder><source><submittedBy>Jose Saca</submittedBy></source><imagesize><nrows>2910</nrows><ncols>4361</ncols></imagesize><object><name>m2_s07_265_x</name><deleted>0</deleted><verified>0</verified><occluded>no</occluded><attributes></attributes><parts><hasparts></hasparts><ispartof></ispartof></parts><date>27-09-20 22:09:48:576</date><id>0</id><type>bounding_box</type><polygon><username>anonymous</username><pt><x>939</x><y>284</y><time>27-09-20 22:09:40:784</time></pt><pt><x>3821</x><y>284</y><time>27-09-20 22:09:43:134</time></pt><pt><x>3821</x><y>2487</y><time>undefined</time></pt><pt><x>939</x><y>2487</y><time>undefined</time></pt><closed_date>27-09-20 22:09:43:135</closed_date></polygon></object></annotation>