<annotation><filename>m1_s01_001_p_ic022.jpg</filename><folder>users/joselusava//juancarlos</folder><source><submittedBy>Jose Saca</submittedBy></source><imagesize><nrows>2000</nrows><ncols>2992</ncols></imagesize><object><name>m1_s01_001_p_ic022</name><deleted>0</deleted><verified>0</verified><occluded>no</occluded><attributes></attributes><parts><hasparts></hasparts><ispartof></ispartof></parts><date>26-08-20 15:53:31:557</date><id>0</id><type>bounding_box</type><polygon><username>anonymous</username><pt><x>761</x><y>549</y><time>26-08-20 15:51:53:919</time></pt><pt><x>2155</x><y>549</y><time>26-08-20 15:51:58:824</time></pt><pt><x>2155</x><y>1318</y><time>undefined</time></pt><pt><x>761</x><y>1318</y><time>undefined</time></pt><closed_date>26-08-20 15:51:58:827</closed_date></polygon></object></annotation>