<annotation><filename>m4_s10_154_p_nic068.jpg</filename><folder>users/joselusava//valeria/m04_s10_154_nic</folder><source><submittedBy>Jose Saca</submittedBy></source><imagesize><nrows>2970</nrows><ncols>4451</ncols></imagesize><object><name>m4_s10_154_p_nic068</name><deleted>0</deleted><verified>0</verified><occluded>no</occluded><attributes></attributes><parts><hasparts></hasparts><ispartof></ispartof></parts><date>14-10-20 13:35:34:038</date><id>0</id><type>bounding_box</type><polygon><username>anonymous</username><pt><x>2165</x><y>2667</y><time>14-10-20 13:35:29:250</time></pt><pt><x>1485</x><y>2667</y><time>14-10-20 13:35:30:773</time></pt><pt><x>1485</x><y>1239</y><time>undefined</time></pt><pt><x>2165</x><y>1239</y><time>undefined</time></pt><closed_date>14-10-20 13:35:30:775</closed_date></polygon></object></annotation>