<annotation><filename>m1_s01_005_p_ic062.jpg</filename><folder>users/joselusava//jacob/sala1/ic</folder><source><submittedBy>Jose Saca</submittedBy></source><imagesize><nrows>2000</nrows><ncols>2992</ncols></imagesize><object><name>m1_s01_005_p_ic062</name><deleted>0</deleted><verified>0</verified><occluded>no</occluded><attributes></attributes><parts><hasparts></hasparts><ispartof></ispartof></parts><date>14-09-20 20:43:55:252</date><id>0</id><type>bounding_box</type><polygon><username>anonymous</username><pt><x>827</x><y>494</y><time>14-09-20 20:43:52:758</time></pt><pt><x>1945</x><y>494</y><time>14-09-20 20:43:54:581</time></pt><pt><x>1945</x><y>1523</y><time>undefined</time></pt><pt><x>827</x><y>1523</y><time>undefined</time></pt><closed_date>14-09-20 20:43:54:581</closed_date></polygon></object></annotation>