<annotation><filename>m2_s07_264_p_ic045.jpg</filename><folder>users/joselusava//valeria/sala7_264_ic</folder><source><submittedBy>Jose Saca</submittedBy></source><imagesize><nrows>2910</nrows><ncols>4361</ncols></imagesize><object><name>m2_s07_264_p_ic045</name><deleted>0</deleted><verified>0</verified><occluded>no</occluded><attributes></attributes><parts><hasparts></hasparts><ispartof></ispartof></parts><date>22-09-20 22:26:05:707</date><id>0</id><type>bounding_box</type><polygon><username>anonymous</username><pt><x>1328</x><y>2557</y><time>22-09-20 22:26:00:531</time></pt><pt><x>2855</x><y>2557</y><time>22-09-20 22:26:02:578</time></pt><pt><x>2855</x><y>342</y><time>undefined</time></pt><pt><x>1328</x><y>342</y><time>undefined</time></pt><closed_date>22-09-20 22:26:02:578</closed_date></polygon></object></annotation>