<annotation><filename>m2_s05_238_x.jpg</filename><folder>users/joselusava//museos2020</folder><source><submittedBy>Jose Saca</submittedBy></source><imagesize><nrows>2910</nrows><ncols>4361</ncols></imagesize><object><name>m2_s05_238_x</name><deleted>0</deleted><verified>0</verified><occluded>no</occluded><attributes></attributes><parts><hasparts></hasparts><ispartof></ispartof></parts><date>19-09-20 10:22:19:333</date><id>0</id><type>bounding_box</type><polygon><username>anonymous</username><pt><x>298</x><y>386</y><time>19-09-20 10:21:58:541</time></pt><pt><x>3672</x><y>386</y><time>19-09-20 10:22:02:772</time></pt><pt><x>3672</x><y>2682</y><time>undefined</time></pt><pt><x>298</x><y>2682</y><time>undefined</time></pt><closed_date>19-09-20 10:22:02:773</closed_date></polygon></object></annotation>