<annotation><filename>m2_s01_010_p_nic033.jpg</filename><folder>users/joselusava//santiago</folder><source><submittedBy>Jose Saca</submittedBy></source><imagesize><nrows>2850</nrows><ncols>4271</ncols></imagesize><object><name>m2_s01_010_p_nic033</name><deleted>0</deleted><verified>0</verified><occluded>no</occluded><attributes></attributes><parts><hasparts></hasparts><ispartof></ispartof></parts><date>22-09-20 20:28:06:015</date><id>0</id><type>bounding_box</type><polygon><username>anonymous</username><pt><x>468</x><y>1093</y><time>22-09-20 20:27:58:645</time></pt><pt><x>1420</x><y>1093</y><time>22-09-20 20:28:00:390</time></pt><pt><x>1420</x><y>1927</y><time>undefined</time></pt><pt><x>468</x><y>1927</y><time>undefined</time></pt><closed_date>22-09-20 20:28:00:390</closed_date></polygon></object></annotation>