<annotation><filename>m2_s01_024_p_ic074.jpg</filename><folder>users/joselusava//santiago</folder><source><submittedBy>Jose Saca</submittedBy></source><imagesize><nrows>2850</nrows><ncols>4271</ncols></imagesize><object><name>m2_s01_024_p_ic074</name><deleted>0</deleted><verified>0</verified><occluded>no</occluded><attributes></attributes><parts><hasparts></hasparts><ispartof></ispartof></parts><date>24-09-20 22:45:51:726</date><id>0</id><type>bounding_box</type><polygon><username>anonymous</username><pt><x>1316</x><y>210</y><time>24-09-20 22:45:43:656</time></pt><pt><x>2864</x><y>210</y><time>24-09-20 22:45:45:105</time></pt><pt><x>2864</x><y>2687</y><time>undefined</time></pt><pt><x>1316</x><y>2687</y><time>undefined</time></pt><closed_date>24-09-20 22:45:45:106</closed_date></polygon></object></annotation>