<annotation><filename>m1_s01_021_p_nic072.jpg</filename><folder>users/joselusava//santiago</folder><source><submittedBy>Jose Saca</submittedBy></source><imagesize><nrows>3200</nrows><ncols>4800</ncols></imagesize><object><name>m1_s01_021_p_nic072</name><deleted>0</deleted><verified>0</verified><occluded>no</occluded><attributes></attributes><parts><hasparts></hasparts><ispartof></ispartof></parts><date>16-09-20 18:28:02:918</date><id>0</id><type>bounding_box</type><polygon><username>anonymous</username><pt><x>3708</x><y>2268</y><time>16-09-20 18:27:56:303</time></pt><pt><x>4273</x><y>2268</y><time>16-09-20 18:27:57:108</time></pt><pt><x>4273</x><y>2941</y><time>undefined</time></pt><pt><x>3708</x><y>2941</y><time>undefined</time></pt><closed_date>16-09-20 18:27:57:109</closed_date></polygon></object></annotation>