<annotation><filename>m2_s02_129_p_ic006.jpg</filename><folder>users/joselusava//m2_jsv/129/ic</folder><source><submittedBy>Jose Saca</submittedBy></source><imagesize><nrows>2910</nrows><ncols>4361</ncols></imagesize><object><name>m2_s02_129_p_ic006</name><deleted>0</deleted><verified>0</verified><occluded>no</occluded><attributes></attributes><parts><hasparts></hasparts><ispartof></ispartof></parts><date>24-09-20 15:09:30:234</date><id>0</id><type>bounding_box</type><polygon><username>anonymous</username><pt><x>2846</x><y>1871</y><time>24-09-20 15:09:28:359</time></pt><pt><x>1576</x><y>1871</y><time>24-09-20 15:09:29:706</time></pt><pt><x>1576</x><y>731</y><time>undefined</time></pt><pt><x>2846</x><y>731</y><time>undefined</time></pt><closed_date>24-09-20 15:09:29:706</closed_date></polygon></object></annotation>