<annotation><filename>m2_s03_248_p_nic059.jpg</filename><folder>users/joselusava//museos2020</folder><source><submittedBy>Jose Saca</submittedBy></source><imagesize><nrows>2910</nrows><ncols>4361</ncols></imagesize><object><name>m2_s03_248_p_nic059</name><deleted>0</deleted><verified>0</verified><occluded>no</occluded><attributes></attributes><parts><hasparts></hasparts><ispartof></ispartof></parts><date>27-09-20 17:21:55:710</date><id>0</id><polygon><username>anonymous</username><pt><x>381</x><y>1804</y><time>27-09-20 17:21:46:073</time></pt><pt><x>2454</x><y>1804</y><time>27-09-20 17:21:47:390</time></pt><pt><x>1915</x><y>2533</y><time>27-09-20 17:21:48:102</time></pt><pt><x>167</x><y>2073</y><time>27-09-20 17:21:49:078</time></pt><closed_date>27-09-20 17:21:49:999</closed_date></polygon></object></annotation>