<annotation><filename>m4_s02_021_p_ic017.jpg</filename><folder>users/joselusava//santiago_2</folder><source><submittedBy>Jose Saca</submittedBy></source><imagesize><nrows>2910</nrows><ncols>4361</ncols></imagesize><object><name>m4_s02_021_p_ic017</name><deleted>0</deleted><verified>0</verified><occluded>no</occluded><attributes></attributes><parts><hasparts></hasparts><ispartof></ispartof></parts><date>03-10-20 17:47:02:716</date><id>0</id><type>bounding_box</type><polygon><username>anonymous</username><pt><x>1687</x><y>180</y><time>03-10-20 17:46:57:999</time></pt><pt><x>3007</x><y>180</y><time>03-10-20 17:47:00:232</time></pt><pt><x>3007</x><y>2733</y><time>undefined</time></pt><pt><x>1687</x><y>2733</y><time>undefined</time></pt><closed_date>03-10-20 17:47:00:233</closed_date></polygon></object></annotation>