<annotation><filename>img_m1_s03-04_101_p_nic095.jpg</filename><folder>users/joselusava//valeria/sala3y4_101_nic</folder><source><submittedBy>Jose Saca</submittedBy></source><imagesize><nrows>3200</nrows><ncols>4800</ncols></imagesize><object><name>m1_s03_s04_101_p_nic095</name><deleted>0</deleted><verified>0</verified><occluded>no</occluded><attributes></attributes><parts><hasparts></hasparts><ispartof></ispartof></parts><date>30-08-20 01:32:55:781</date><id>0</id><type>bounding_box</type><polygon><username>anonymous</username><pt><x>3024</x><y>1558</y><time>30-08-20 01:32:48:141</time></pt><pt><x>36</x><y>1558</y><time>30-08-20 01:32:51:966</time></pt><pt><x>36</x><y>545</y><time>undefined</time></pt><pt><x>3024</x><y>545</y><time>undefined</time></pt><closed_date>30-08-20 01:32:51:967</closed_date></polygon></object></annotation>