<annotation><filename>m1_s01_017_p_ic031.jpg</filename><folder>users/joselusava//santiago</folder><source><submittedBy>Jose Saca</submittedBy></source><imagesize><nrows>3200</nrows><ncols>4800</ncols></imagesize><object><name>m1_s01_017_p_ic031</name><deleted>0</deleted><verified>0</verified><occluded>no</occluded><attributes></attributes><parts><hasparts></hasparts><ispartof></ispartof></parts><date>10-09-20 14:58:14:319</date><id>0</id><type>bounding_box</type><polygon><username>anonymous</username><pt><x>1289</x><y>1040</y><time>10-09-20 14:58:03:806</time></pt><pt><x>3060</x><y>1040</y><time>10-09-20 14:58:06:609</time></pt><pt><x>3060</x><y>2027</y><time>undefined</time></pt><pt><x>1289</x><y>2027</y><time>undefined</time></pt><closed_date>10-09-20 14:58:06:610</closed_date></polygon></object></annotation>