<annotation><filename>m2_s01_054_p_nic030.jpg</filename><folder>users/joselusava//kath</folder><source><submittedBy>Jose Saca</submittedBy></source><imagesize><nrows>2850</nrows><ncols>4271</ncols></imagesize><object><name>m2_s01_054_p_nic030</name><deleted>0</deleted><verified>0</verified><occluded>no</occluded><attributes></attributes><parts><hasparts></hasparts><ispartof></ispartof></parts><date>30-09-20 11:21:03:436</date><id>0</id><type>bounding_box</type><polygon><username>anonymous</username><pt><x>2555</x><y>323</y><time>30-09-20 11:20:49:815</time></pt><pt><x>1853</x><y>323</y><time>30-09-20 11:20:53:691</time></pt><pt><x>1853</x><y>1453</y><time>undefined</time></pt><pt><x>2555</x><y>1453</y><time>undefined</time></pt><closed_date>30-09-20 11:20:53:691</closed_date></polygon></object></annotation>