<annotation><filename>m3_s01_023_p_ic030.jpg</filename><folder>users/joselusava//santiago_3</folder><source><submittedBy>Jose Saca</submittedBy></source><imagesize><nrows>2970</nrows><ncols>4451</ncols></imagesize><object><name>m3_s01_023_p_ic030</name><deleted>0</deleted><verified>0</verified><occluded>no</occluded><attributes></attributes><parts><hasparts></hasparts><ispartof></ispartof></parts><date>04-11-20 19:05:31:880</date><id>0</id><type>bounding_box</type><polygon><username>anonymous</username><pt><x>514</x><y>693</y><time>04-11-20 19:05:28:064</time></pt><pt><x>4127</x><y>693</y><time>04-11-20 19:05:29:420</time></pt><pt><x>4127</x><y>2352</y><time>undefined</time></pt><pt><x>514</x><y>2352</y><time>undefined</time></pt><closed_date>04-11-20 19:05:29:421</closed_date></polygon></object></annotation>