<annotation><filename>m2_s06_250_p_ic002.jpg</filename><folder>users/joselusava//valeria/m2_sala06_250_ic</folder><source><submittedBy>Jose Saca</submittedBy></source><imagesize><nrows>2910</nrows><ncols>4361</ncols></imagesize><object><name>m2_s06_250_p_ic002</name><deleted>0</deleted><verified>0</verified><occluded>no</occluded><attributes></attributes><parts><hasparts></hasparts><ispartof></ispartof></parts><date>30-09-20 22:01:24:032</date><id>0</id><type>bounding_box</type><polygon><username>anonymous</username><pt><x>72</x><y>2381</y><time>30-09-20 22:01:17:568</time></pt><pt><x>4178</x><y>2381</y><time>30-09-20 22:01:20:042</time></pt><pt><x>4178</x><y>1047</y><time>undefined</time></pt><pt><x>72</x><y>1047</y><time>undefined</time></pt><closed_date>30-09-20 22:01:20:044</closed_date></polygon></object></annotation>