<annotation><filename>m4_s09_138_p_nic055.jpg</filename><folder>users/joselusava//santiago_2</folder><source><submittedBy>Jose Saca</submittedBy></source><imagesize><nrows>2970</nrows><ncols>4451</ncols></imagesize><object><name>m4_s09_138_p_nic055</name><deleted>0</deleted><verified>0</verified><occluded>no</occluded><attributes></attributes><parts><hasparts></hasparts><ispartof></ispartof></parts><date>23-10-20 14:00:47:682</date><id>0</id><type>bounding_box</type><polygon><username>anonymous</username><pt><x>2231</x><y>678</y><time>23-10-20 14:00:40:558</time></pt><pt><x>4223</x><y>678</y><time>23-10-20 14:00:43:406</time></pt><pt><x>4223</x><y>1685</y><time>undefined</time></pt><pt><x>2231</x><y>1685</y><time>undefined</time></pt><closed_date>23-10-20 14:00:43:408</closed_date></polygon></object></annotation>