<annotation><filename>m1_s02_036_p_nic054.jpg</filename><folder>users/joselusava//valeria/sala2_036_nic</folder><source><submittedBy>Jose Saca</submittedBy></source><imagesize><nrows>3200</nrows><ncols>4800</ncols></imagesize><object><name>m1_s02_036_p_nic053</name><deleted>0</deleted><verified>0</verified><occluded>no</occluded><attributes/><parts><hasparts/><ispartof/></parts><date>27-08-20 00:03:22:624</date><id>0</id><type>bounding_box</type><polygon><username>anonymous</username><pt><x>1976</x><y>360</y><time>27-08-20 00:03:17:004</time></pt><pt><x>3157</x><y>360</y><time>27-08-20 00:03:19:665</time></pt><pt><x>3157</x><y>1471</y><time>undefined</time></pt><pt><x>1976</x><y>1471</y><time>undefined</time></pt><closed_date>27-08-20 00:03:19:666</closed_date></polygon></object><object><name>m1_s02_036_p_nic054</name><deleted>0</deleted><verified>0</verified><occluded>no</occluded><attributes></attributes><parts><hasparts></hasparts><ispartof></ispartof></parts><date>27-08-20 00:26:11:717</date><id>1</id><type>bounding_box</type><polygon><username>anonymous</username><pt><x>1965</x><y>333</y><time>27-08-20 00:26:02:416</time></pt><pt><x>3152</x><y>333</y><time>27-08-20 00:26:05:439</time></pt><pt><x>3152</x><y>1482</y><time>undefined</time></pt><pt><x>1965</x><y>1482</y><time>undefined</time></pt><closed_date>27-08-20 00:26:05:440</closed_date></polygon></object></annotation>