<annotation><filename>m1_s06_141_p_nic025.jpg</filename><folder>users/joselusava//jacob_2/141nic</folder><source><submittedBy>Jose Saca</submittedBy></source><imagesize><nrows>2736</nrows><ncols>4100</ncols></imagesize><object><name>m1_s06_141_p_nic025</name><deleted>0</deleted><verified>0</verified><occluded>no</occluded><attributes></attributes><parts><hasparts></hasparts><ispartof></ispartof></parts><date>05-09-20 01:07:20:280</date><id>0</id><type>bounding_box</type><polygon><username>anonymous</username><pt><x>1840</x><y>2584</y><time>05-09-20 01:07:14:980</time></pt><pt><x>2963</x><y>2584</y><time>05-09-20 01:07:16:589</time></pt><pt><x>2963</x><y>1170</y><time>undefined</time></pt><pt><x>1840</x><y>1170</y><time>undefined</time></pt><closed_date>05-09-20 01:07:16:590</closed_date></polygon></object></annotation>