<annotation><filename>m2_s06_244_p_ic034.jpg</filename><folder>users/joselusava//museos2020</folder><source><submittedBy>Jose Saca</submittedBy></source><imagesize><nrows>2910</nrows><ncols>4361</ncols></imagesize><object><name>m2_s06_244_p_ic034</name><deleted>0</deleted><verified>0</verified><occluded>no</occluded><attributes></attributes><parts><hasparts></hasparts><ispartof></ispartof></parts><date>22-09-20 13:01:54:954</date><id>0</id><type>bounding_box</type><polygon><username>anonymous</username><pt><x>1089</x><y>932</y><time>22-09-20 13:01:46:427</time></pt><pt><x>3254</x><y>932</y><time>22-09-20 13:01:48:596</time></pt><pt><x>3254</x><y>2014</y><time>undefined</time></pt><pt><x>1089</x><y>2014</y><time>undefined</time></pt><closed_date>22-09-20 13:01:48:597</closed_date></polygon></object></annotation>