<annotation><filename>m3_s01_002_p_ic054.jpg</filename><folder>users/joselusava//santiago_3</folder><source><submittedBy>Jose Saca</submittedBy></source><imagesize><nrows>2970</nrows><ncols>4451</ncols></imagesize><object><name>m3_s01_002_p_ic054</name><deleted>0</deleted><verified>0</verified><occluded>no</occluded><attributes></attributes><parts><hasparts></hasparts><ispartof></ispartof></parts><date>08-11-20 13:11:30:101</date><id>0</id><polygon><username>anonymous</username><pt><x>764</x><y>2268</y><time>08-11-20 13:10:54:789</time></pt><pt><x>1105</x><y>168</y><time>08-11-20 13:10:55:743</time></pt><pt><x>2874</x><y>620</y><time>08-11-20 13:10:57:032</time></pt><pt><x>3335</x><y>2677</y><time>08-11-20 13:10:58:272</time></pt><closed_date>08-11-20 13:10:59:787</closed_date></polygon></object></annotation>