<annotation><filename>m4_s05_052_p_ic013.jpg</filename><folder>users/joselusava//santiago_2</folder><source><submittedBy>Jose Saca</submittedBy></source><imagesize><nrows>2910</nrows><ncols>4361</ncols></imagesize><object><name>m4_s05_052_p_ic013</name><deleted>0</deleted><verified>0</verified><occluded>no</occluded><attributes></attributes><parts><hasparts></hasparts><ispartof></ispartof></parts><date>07-10-20 16:24:02:220</date><id>0</id><type>bounding_box</type><polygon><username>anonymous</username><pt><x>1226</x><y>617</y><time>07-10-20 16:23:58:448</time></pt><pt><x>2983</x><y>617</y><time>07-10-20 16:23:59:851</time></pt><pt><x>2983</x><y>2411</y><time>undefined</time></pt><pt><x>1226</x><y>2411</y><time>undefined</time></pt><closed_date>07-10-20 16:23:59:852</closed_date></polygon></object></annotation>