<annotation><filename>m1_s02_029_p_ic077.jpg</filename><folder>users/joselusava//valeria/sala2_029_ic</folder><source><submittedBy>Jose Saca</submittedBy></source><imagesize><nrows>3200</nrows><ncols>4800</ncols></imagesize><object><name>m1_s02_029_p_ic077</name><deleted>0</deleted><verified>0</verified><occluded>no</occluded><attributes></attributes><parts><hasparts></hasparts><ispartof></ispartof></parts><date>22-08-20 20:58:04:323</date><id>0</id><type>bounding_box</type><polygon><username>anonymous</username><pt><x>875</x><y>16</y><time>22-08-20 20:57:49:330</time></pt><pt><x>3715</x><y>16</y><time>22-08-20 20:57:52:783</time></pt><pt><x>3715</x><y>3114</y><time>undefined</time></pt><pt><x>875</x><y>3114</y><time>undefined</time></pt><closed_date>22-08-20 20:57:52:784</closed_date></polygon></object></annotation>