<annotation><filename>m2_s06_250_p_ic029.jpg</filename><folder>users/joselusava//valeria/m2_sala06_250_ic</folder><source><submittedBy>Jose Saca</submittedBy></source><imagesize><nrows>2910</nrows><ncols>4361</ncols></imagesize><object><name>m2_s06_250_p_ic029</name><deleted>0</deleted><verified>0</verified><occluded>no</occluded><attributes></attributes><parts><hasparts></hasparts><ispartof></ispartof></parts><date>30-09-20 22:26:49:541</date><id>0</id><type>bounding_box</type><polygon><username>anonymous</username><pt><x>4222</x><y>2238</y><time>30-09-20 22:26:43:548</time></pt><pt><x>182</x><y>2238</y><time>30-09-20 22:26:46:176</time></pt><pt><x>182</x><y>777</y><time>undefined</time></pt><pt><x>4222</x><y>777</y><time>undefined</time></pt><closed_date>30-09-20 22:26:46:177</closed_date></polygon></object></annotation>