<annotation><filename>m1_s06_144_p_nic038.jpg</filename><folder>users/joselusava//jacob_2/144nic</folder><source><submittedBy>Jose Saca</submittedBy></source><imagesize><nrows>2736</nrows><ncols>4100</ncols></imagesize><object><name>m1_s06_144_p_nic038</name><deleted>0</deleted><verified>0</verified><occluded>no</occluded><attributes></attributes><parts><hasparts></hasparts><ispartof></ispartof></parts><date>08-09-20 02:08:53:358</date><id>0</id><type>bounding_box</type><polygon><username>anonymous</username><pt><x>761</x><y>2668</y><time>08-09-20 02:08:50:749</time></pt><pt><x>2210</x><y>2668</y><time>08-09-20 02:08:52:598</time></pt><pt><x>2210</x><y>974</y><time>undefined</time></pt><pt><x>761</x><y>974</y><time>undefined</time></pt><closed_date>08-09-20 02:08:52:598</closed_date></polygon></object></annotation>