<annotation><filename>m2_s05_236_p_ic057.jpg</filename><folder>users/joselusava//museos2020</folder><source><submittedBy>Jose Saca</submittedBy></source><imagesize><nrows>2910</nrows><ncols>4361</ncols></imagesize><object><name>m2_s05_236_p_ic057</name><deleted>0</deleted><verified>0</verified><occluded>no</occluded><attributes></attributes><parts><hasparts></hasparts><ispartof></ispartof></parts><date>16-09-20 18:48:24:285</date><id>0</id><type>bounding_box</type><polygon><username>anonymous</username><pt><x>270</x><y>270</y><time>16-09-20 18:48:16:858</time></pt><pt><x>3445</x><y>270</y><time>16-09-20 18:48:19:266</time></pt><pt><x>3445</x><y>2812</y><time>undefined</time></pt><pt><x>270</x><y>2812</y><time>undefined</time></pt><closed_date>16-09-20 18:48:19:267</closed_date></polygon></object></annotation>