<annotation><filename>m1_s06_168_p_ic001.jpg</filename><folder>users/joselusava//jacob_2/168ic</folder><source><submittedBy>Jose Saca</submittedBy></source><imagesize><nrows>2736</nrows><ncols>4100</ncols></imagesize><object><name>m1_s06_168_p_ic001</name><deleted>0</deleted><verified>0</verified><occluded>no</occluded><attributes></attributes><parts><hasparts></hasparts><ispartof></ispartof></parts><date>08-09-20 14:07:27:391</date><id>0</id><type>bounding_box</type><polygon><username>anonymous</username><pt><x>1516</x><y>90</y><time>08-09-20 14:07:24:901</time></pt><pt><x>2600</x><y>90</y><time>08-09-20 14:07:26:694</time></pt><pt><x>2600</x><y>2527</y><time>undefined</time></pt><pt><x>1516</x><y>2527</y><time>undefined</time></pt><closed_date>08-09-20 14:07:26:694</closed_date></polygon></object></annotation>