<annotation><filename>m1_s06_168_p_ic098.jpg</filename><folder>users/joselusava//jacob_2/168ic</folder><source><submittedBy>Jose Saca</submittedBy></source><imagesize><nrows>2736</nrows><ncols>4100</ncols></imagesize><object><name>m1_s06_168_p_ic098</name><deleted>0</deleted><verified>0</verified><occluded>no</occluded><attributes></attributes><parts><hasparts></hasparts><ispartof></ispartof></parts><date>08-09-20 22:55:31:162</date><id>0</id><type>bounding_box</type><polygon><username>anonymous</username><pt><x>1440</x><y>2480</y><time>08-09-20 22:55:28:512</time></pt><pt><x>2439</x><y>2480</y><time>08-09-20 22:55:30:486</time></pt><pt><x>2439</x><y>344</y><time>undefined</time></pt><pt><x>1440</x><y>344</y><time>undefined</time></pt><closed_date>08-09-20 22:55:30:486</closed_date></polygon></object></annotation>