<annotation><filename>m4_s05_052_p_nic014.jpg</filename><folder>users/joselusava//santiago_2</folder><source><submittedBy>Jose Saca</submittedBy></source><imagesize><nrows>2910</nrows><ncols>4361</ncols></imagesize><object><name>m4_s05_052_p_nic014</name><deleted>0</deleted><verified>0</verified><occluded>no</occluded><attributes></attributes><parts><hasparts></hasparts><ispartof></ispartof></parts><date>07-10-20 23:49:17:664</date><id>0</id><type>bounding_box</type><polygon><username>anonymous</username><pt><x>1029</x><y>201</y><time>07-10-20 23:49:15:018</time></pt><pt><x>2519</x><y>201</y><time>07-10-20 23:49:15:996</time></pt><pt><x>2519</x><y>1601</y><time>undefined</time></pt><pt><x>1029</x><y>1601</y><time>undefined</time></pt><closed_date>07-10-20 23:49:15:996</closed_date></polygon></object></annotation>