<annotation><filename>m1_s01_021_p_ic071.jpg</filename><folder>users/joselusava//santiago</folder><source><submittedBy>Jose Saca</submittedBy></source><imagesize><nrows>3200</nrows><ncols>4800</ncols></imagesize><object><name>m1_s01_021_p_ic071</name><deleted>0</deleted><verified>0</verified><occluded>no</occluded><attributes></attributes><parts><hasparts></hasparts><ispartof></ispartof></parts><date>14-09-20 23:49:48:077</date><id>0</id><type>bounding_box</type><polygon><username>anonymous</username><pt><x>1551</x><y>1083</y><time>14-09-20 23:49:39:789</time></pt><pt><x>2577</x><y>1083</y><time>14-09-20 23:49:41:323</time></pt><pt><x>2577</x><y>2250</y><time>undefined</time></pt><pt><x>1551</x><y>2250</y><time>undefined</time></pt><closed_date>14-09-20 23:49:41:324</closed_date></polygon></object></annotation>