<annotation><filename>m2_s01_018_p_ic057.jpg</filename><folder>users/joselusava//santiago_2</folder><source><submittedBy>Jose Saca</submittedBy></source><imagesize><nrows>2850</nrows><ncols>4271</ncols></imagesize><object><name>m2_s01_018_p_ic057</name><deleted>0</deleted><verified>0</verified><occluded>no</occluded><attributes></attributes><parts><hasparts></hasparts><ispartof></ispartof></parts><date>28-09-20 17:40:50:913</date><id>0</id><type>bounding_box</type><polygon><username>anonymous</username><pt><x>1615</x><y>662</y><time>28-09-20 17:40:42:581</time></pt><pt><x>2755</x><y>662</y><time>28-09-20 17:40:44:288</time></pt><pt><x>2755</x><y>2056</y><time>undefined</time></pt><pt><x>1615</x><y>2056</y><time>undefined</time></pt><closed_date>28-09-20 17:40:44:289</closed_date></polygon></object></annotation>