<annotation><filename>m1_s01_004_p_nic051.jpg</filename><folder>users/joselusava//valeria_apoyo/sala01_004_nic</folder><source><submittedBy>Jose Saca</submittedBy></source><imagesize><nrows>3200</nrows><ncols>4800</ncols></imagesize><object><name>m1_s01_004_p_nic051</name><deleted>0</deleted><verified>0</verified><occluded>no</occluded><attributes></attributes><parts><hasparts></hasparts><ispartof></ispartof></parts><date>17-09-20 14:55:52:392</date><id>0</id><type>bounding_box</type><polygon><username>anonymous</username><pt><x>97</x><y>2848</y><time>17-09-20 14:55:46:092</time></pt><pt><x>3109</x><y>2848</y><time>17-09-20 14:55:48:898</time></pt><pt><x>3109</x><y>1206</y><time>undefined</time></pt><pt><x>97</x><y>1206</y><time>undefined</time></pt><closed_date>17-09-20 14:55:48:899</closed_date></polygon></object></annotation>