<annotation><filename>m1_s02_065_p_ic082.jpg</filename><folder>users/joselusava//valeria/sala2_065_ic</folder><source><submittedBy>Jose Saca</submittedBy></source><imagesize><nrows>2000</nrows><ncols>2992</ncols></imagesize><object><name>m1_s02_065_p_ic082</name><deleted>0</deleted><verified>0</verified><occluded>no</occluded><attributes></attributes><parts><hasparts></hasparts><ispartof></ispartof></parts><date>26-08-20 01:11:23:568</date><id>0</id><type>bounding_box</type><polygon><username>anonymous</username><pt><x>104</x><y>265</y><time>26-08-20 01:11:17:734</time></pt><pt><x>2621</x><y>265</y><time>26-08-20 01:11:19:648</time></pt><pt><x>2621</x><y>1785</y><time>undefined</time></pt><pt><x>104</x><y>1785</y><time>undefined</time></pt><closed_date>26-08-20 01:11:19:649</closed_date></polygon></object></annotation>