<annotation><filename>m2_s01_024_p_nic006.jpg</filename><folder>users/joselusava//santiago</folder><source><submittedBy>Jose Saca</submittedBy></source><imagesize><nrows>2850</nrows><ncols>4271</ncols></imagesize><object><name>m2_s01_024_p_nic006</name><deleted>0</deleted><verified>0</verified><occluded>no</occluded><attributes></attributes><parts><hasparts></hasparts><ispartof></ispartof></parts><date>25-09-20 13:29:19:228</date><id>0</id><type>bounding_box</type><polygon><username>anonymous</username><pt><x>1747</x><y>93</y><time>25-09-20 13:29:09:718</time></pt><pt><x>2828</x><y>93</y><time>25-09-20 13:29:11:399</time></pt><pt><x>2828</x><y>1782</y><time>undefined</time></pt><pt><x>1747</x><y>1782</y><time>undefined</time></pt><closed_date>25-09-20 13:29:11:400</closed_date></polygon></object></annotation>