<annotation><filename>m3_s01_023_p_nic005.jpg</filename><folder>users/joselusava//santiago_3</folder><source><submittedBy>Jose Saca</submittedBy></source><imagesize><nrows>2970</nrows><ncols>4451</ncols></imagesize><object><name>m3_s01_023_p_nic005</name><deleted>0</deleted><verified>0</verified><occluded>no</occluded><attributes></attributes><parts><hasparts></hasparts><ispartof></ispartof></parts><date>06-11-20 08:46:34:910</date><id>0</id><type>bounding_box</type><polygon><username>anonymous</username><pt><x>1678</x><y>582</y><time>06-11-20 08:46:31:249</time></pt><pt><x>4184</x><y>582</y><time>06-11-20 08:46:32:635</time></pt><pt><x>4184</x><y>2206</y><time>undefined</time></pt><pt><x>1678</x><y>2206</y><time>undefined</time></pt><closed_date>06-11-20 08:46:32:635</closed_date></polygon></object></annotation>