<annotation><filename>m3_s01_023_p_ic080.jpg</filename><folder>users/joselusava//santiago_3</folder><source><submittedBy>Jose Saca</submittedBy></source><imagesize><nrows>2970</nrows><ncols>4451</ncols></imagesize><object><name>m3_s01_023_p_ic080</name><deleted>0</deleted><verified>0</verified><occluded>no</occluded><attributes></attributes><parts><hasparts></hasparts><ispartof></ispartof></parts><date>04-11-20 20:17:03:648</date><id>0</id><type>bounding_box</type><polygon><username>anonymous</username><pt><x>289</x><y>200</y><time>04-11-20 20:16:58:161</time></pt><pt><x>3762</x><y>200</y><time>04-11-20 20:17:00:071</time></pt><pt><x>3762</x><y>2506</y><time>undefined</time></pt><pt><x>289</x><y>2506</y><time>undefined</time></pt><closed_date>04-11-20 20:17:00:072</closed_date></polygon></object></annotation>