<annotation><filename>m2_s03_201_p_nic031.jpg</filename><folder>users/joselusava//valeria/m2_sala03_201_nic</folder><source><submittedBy>Jose Saca</submittedBy></source><imagesize><nrows>2910</nrows><ncols>4361</ncols></imagesize><object><name>m2_s03_201_p_nic031</name><deleted>0</deleted><verified>0</verified><occluded>no</occluded><attributes></attributes><parts><hasparts></hasparts><ispartof></ispartof></parts><date>29-09-20 23:07:45:328</date><id>0</id><type>bounding_box</type><polygon><username>anonymous</username><pt><x>72</x><y>2227</y><time>29-09-20 23:07:39:544</time></pt><pt><x>2039</x><y>2227</y><time>29-09-20 23:07:42:399</time></pt><pt><x>2039</x><y>397</y><time>undefined</time></pt><pt><x>72</x><y>397</y><time>undefined</time></pt><closed_date>29-09-20 23:07:42:401</closed_date></polygon></object></annotation>