<annotation><filename>m1_s06_144_p_ic081.jpg</filename><folder>users/joselusava//jacob_2/144ic</folder><source><submittedBy>Jose Saca</submittedBy></source><imagesize><nrows>2736</nrows><ncols>4100</ncols></imagesize><object><name>m1_s06_144_p_ic081</name><deleted>0</deleted><verified>0</verified><occluded>no</occluded><attributes></attributes><parts><hasparts></hasparts><ispartof></ispartof></parts><date>08-09-20 01:41:08:769</date><id>0</id><type>bounding_box</type><polygon><username>anonymous</username><pt><x>737</x><y>2611</y><time>08-09-20 01:41:05:953</time></pt><pt><x>3527</x><y>2611</y><time>08-09-20 01:41:08:086</time></pt><pt><x>3527</x><y>458</y><time>undefined</time></pt><pt><x>737</x><y>458</y><time>undefined</time></pt><closed_date>08-09-20 01:41:08:086</closed_date></polygon></object></annotation>