<annotation><filename>m3_s01_013_p_ic054.jpg</filename><folder>users/joselusava//valeria/m03_s01_13_ic</folder><source><submittedBy>Jose Saca</submittedBy></source><imagesize><nrows>2970</nrows><ncols>4451</ncols></imagesize><object><name>m3_s01_013_p_ic053</name><deleted>0</deleted><verified>0</verified><occluded>no</occluded><attributes></attributes><parts><hasparts></hasparts><ispartof></ispartof></parts><date>01-11-20 09:05:17:195</date><id>0</id><type>bounding_box</type><polygon><username>anonymous</username><pt><x>3587</x><y>2787</y><time>01-11-20 09:05:01:052</time></pt><pt><x>925</x><y>2787</y><time>01-11-20 09:05:05:248</time></pt><pt><x>925</x><y>371</y><time>undefined</time></pt><pt><x>3587</x><y>371</y><time>undefined</time></pt><closed_date>01-11-20 09:05:05:249</closed_date></polygon></object></annotation>