<annotation><filename>m4_s02_021_p_nic020.jpg</filename><folder>users/joselusava//santiago_2</folder><source><submittedBy>Jose Saca</submittedBy></source><imagesize><nrows>2910</nrows><ncols>4361</ncols></imagesize><object><name>m4_s02_021_p_nic020</name><deleted>0</deleted><verified>0</verified><occluded>no</occluded><attributes></attributes><parts><hasparts></hasparts><ispartof></ispartof></parts><date>04-10-20 22:12:58:249</date><id>0</id><type>bounding_box</type><polygon><username>anonymous</username><pt><x>322</x><y>755</y><time>04-10-20 22:12:54:598</time></pt><pt><x>1656</x><y>755</y><time>04-10-20 22:12:55:562</time></pt><pt><x>1656</x><y>2415</y><time>undefined</time></pt><pt><x>322</x><y>2415</y><time>undefined</time></pt><closed_date>04-10-20 22:12:55:563</closed_date></polygon></object></annotation>