<annotation><filename>m2_s01_001_p_ic061.jpg</filename><folder>users/joselusava//santiago</folder><source><submittedBy>Jose Saca</submittedBy></source><imagesize><nrows>2850</nrows><ncols>4271</ncols></imagesize><object><name>m2_s01_001_p_ic061</name><deleted>0</deleted><verified>0</verified><occluded>no</occluded><attributes></attributes><parts><hasparts></hasparts><ispartof></ispartof></parts><date>19-09-20 09:00:37:852</date><id>0</id><type>bounding_box</type><polygon><username>anonymous</username><pt><x>564</x><y>298</y><time>19-09-20 09:00:28:093</time></pt><pt><x>3312</x><y>298</y><time>19-09-20 09:00:30:513</time></pt><pt><x>3312</x><y>2773</y><time>undefined</time></pt><pt><x>564</x><y>2773</y><time>undefined</time></pt><closed_date>19-09-20 09:00:30:513</closed_date></polygon></object></annotation>