<annotation><filename>m4_s09_138_p_ic040.jpg</filename><folder>users/joselusava//santiago_2</folder><source><submittedBy>Jose Saca</submittedBy></source><imagesize><nrows>2970</nrows><ncols>4451</ncols></imagesize><object><name>m4_s09_138_p_ic040</name><deleted>0</deleted><verified>0</verified><occluded>no</occluded><attributes></attributes><parts><hasparts></hasparts><ispartof></ispartof></parts><date>22-10-20 16:33:48:373</date><id>0</id><type>bounding_box</type><polygon><username>anonymous</username><pt><x>193</x><y>535</y><time>22-10-20 16:33:41:857</time></pt><pt><x>4373</x><y>535</y><time>22-10-20 16:33:44:567</time></pt><pt><x>4373</x><y>2609</y><time>undefined</time></pt><pt><x>193</x><y>2609</y><time>undefined</time></pt><closed_date>22-10-20 16:33:44:568</closed_date></polygon></object></annotation>