<annotation><filename>m2_s01_056_p_ic066.jpg</filename><folder>users/joselusava//m2_jsv/56/ic</folder><source><submittedBy>Jose Saca</submittedBy></source><imagesize><nrows>2850</nrows><ncols>4271</ncols></imagesize><object><name>m2_s01_056_p_ic066</name><deleted>0</deleted><verified>0</verified><occluded>no</occluded><attributes></attributes><parts><hasparts></hasparts><ispartof></ispartof></parts><date>28-09-20 21:48:08:287</date><id>0</id><type>bounding_box</type><polygon><username>anonymous</username><pt><x>3405</x><y>2700</y><time>28-09-20 21:48:05:491</time></pt><pt><x>900</x><y>2700</y><time>28-09-20 21:48:07:527</time></pt><pt><x>900</x><y>25</y><time>undefined</time></pt><pt><x>3405</x><y>25</y><time>undefined</time></pt><closed_date>28-09-20 21:48:07:528</closed_date></polygon></object></annotation>