<annotation><filename>m1_s02_036_p_ic030.jpg</filename><folder>users/joselusava//valeria/sala2_036_ic</folder><source><submittedBy>Jose Saca</submittedBy></source><imagesize><nrows>3200</nrows><ncols>4800</ncols></imagesize><object><name>m1_s01_036_p_ic030</name><deleted>0</deleted><verified>0</verified><occluded>no</occluded><attributes></attributes><parts><hasparts></hasparts><ispartof></ispartof></parts><date>23-08-20 02:06:30:270</date><id>0</id><type>bounding_box</type><polygon><username>anonymous</username><pt><x>768</x><y>177</y><time>23-08-20 02:06:23:195</time></pt><pt><x>3592</x><y>177</y><time>23-08-20 02:06:25:893</time></pt><pt><x>3592</x><y>3093</y><time>undefined</time></pt><pt><x>768</x><y>3093</y><time>undefined</time></pt><closed_date>23-08-20 02:06:25:894</closed_date></polygon></object></annotation>