<annotation><filename>m1_s01_017_p_ic052.jpg</filename><folder>users/joselusava//santiago</folder><source><submittedBy>Jose Saca</submittedBy></source><imagesize><nrows>3200</nrows><ncols>4800</ncols></imagesize><object><name>m1_s01_017_p_ic052</name><deleted>0</deleted><verified>0</verified><occluded>no</occluded><attributes></attributes><parts><hasparts></hasparts><ispartof></ispartof></parts><date>10-09-20 22:27:19:455</date><id>0</id><type>bounding_box</type><polygon><username>anonymous</username><pt><x>1562</x><y>1199</y><time>10-09-20 22:27:11:048</time></pt><pt><x>2898</x><y>1199</y><time>10-09-20 22:27:13:191</time></pt><pt><x>2898</x><y>1958</y><time>undefined</time></pt><pt><x>1562</x><y>1958</y><time>undefined</time></pt><closed_date>10-09-20 22:27:13:192</closed_date></polygon></object></annotation>