<annotation><filename>m2_s06_250_p_ic061.jpg</filename><folder>users/joselusava//valeria/m2_sala06_250_ic</folder><source><submittedBy>Jose Saca</submittedBy></source><imagesize><nrows>2910</nrows><ncols>4361</ncols></imagesize><object><name>m2_s06_250_p_ic099</name><deleted>0</deleted><verified>0</verified><occluded>no</occluded><attributes></attributes><parts><hasparts></hasparts><ispartof></ispartof></parts><date>01-10-20 12:20:18:303</date><id>0</id><type>bounding_box</type><polygon><username>anonymous</username><pt><x>573</x><y>2690</y><time>01-10-20 12:20:11:917</time></pt><pt><x>3858</x><y>2690</y><time>01-10-20 12:20:13:950</time></pt><pt><x>3858</x><y>479</y><time>undefined</time></pt><pt><x>573</x><y>479</y><time>undefined</time></pt><closed_date>01-10-20 12:20:13:952</closed_date></polygon></object></annotation>