<annotation><filename>m4_s11_178_p_nic064.jpg</filename><folder>users/joselusava//santiago_2</folder><source><submittedBy>Jose Saca</submittedBy></source><imagesize><nrows>2970</nrows><ncols>4451</ncols></imagesize><object><name>m4_s11_178_p_nic064</name><deleted>0</deleted><verified>0</verified><occluded>no</occluded><attributes></attributes><parts><hasparts></hasparts><ispartof></ispartof></parts><date>16-10-20 11:26:10:082</date><id>0</id><type>bounding_box</type><polygon><username>anonymous</username><pt><x>478</x><y>707</y><time>16-10-20 11:25:54:401</time></pt><pt><x>1631</x><y>707</y><time>16-10-20 11:25:55:900</time></pt><pt><x>1631</x><y>1917</y><time>undefined</time></pt><pt><x>478</x><y>1917</y><time>undefined</time></pt><closed_date>16-10-20 11:25:55:901</closed_date></polygon></object></annotation>