<annotation><filename>m4_s04_045_p_ic013.jpg</filename><folder>users/joselusava//valeria/m04_s04_45_ic</folder><source><submittedBy>Jose Saca</submittedBy></source><imagesize><nrows>2970</nrows><ncols>4451</ncols></imagesize><object><name>m4_s04_045_p_ic013</name><deleted>0</deleted><verified>0</verified><occluded>no</occluded><attributes></attributes><parts><hasparts></hasparts><ispartof></ispartof></parts><date>19-10-20 19:01:13:963</date><id>0</id><type>bounding_box</type><polygon><username>anonymous</username><pt><x>1816</x><y>2410</y><time>19-10-20 19:01:09:612</time></pt><pt><x>2730</x><y>2410</y><time>19-10-20 19:01:11:069</time></pt><pt><x>2730</x><y>817</y><time>undefined</time></pt><pt><x>1816</x><y>817</y><time>undefined</time></pt><closed_date>19-10-20 19:01:11:070</closed_date></polygon></object></annotation>