<annotation><filename>img_m1_s10_303_p_nic048.jpg</filename><folder>users/joselusava//santiago</folder><source><submittedBy>Jose Saca</submittedBy></source><imagesize><nrows>3200</nrows><ncols>4800</ncols></imagesize><object><name>m1_s10_303_p_nic048</name><deleted>0</deleted><verified>0</verified><occluded>no</occluded><attributes></attributes><parts><hasparts></hasparts><ispartof></ispartof></parts><date>01-09-20 21:55:23:643</date><id>0</id><type>bounding_box</type><polygon><username>anonymous</username><pt><x>3017</x><y>293</y><time>01-09-20 21:55:15:516</time></pt><pt><x>3771</x><y>293</y><time>01-09-20 21:55:17:145</time></pt><pt><x>3771</x><y>1116</y><time>undefined</time></pt><pt><x>3017</x><y>1116</y><time>undefined</time></pt><closed_date>01-09-20 21:55:17:146</closed_date></polygon></object></annotation>