<annotation><filename>m1_s02_052_p_nic038.jpg</filename><folder>users/joselusava//valeria/sala2_052_nic</folder><source><submittedBy>Jose Saca</submittedBy></source><imagesize><nrows>3200</nrows><ncols>4800</ncols></imagesize><object><name>m1_s02_052_p_nic038</name><deleted>0</deleted><verified>0</verified><occluded>no</occluded><attributes></attributes><parts><hasparts></hasparts><ispartof></ispartof></parts><date>27-08-20 15:23:52:692</date><id>0</id><type>bounding_box</type><polygon><username>anonymous</username><pt><x>2115</x><y>215</y><time>27-08-20 15:23:46:840</time></pt><pt><x>3248</x><y>215</y><time>27-08-20 15:23:48:801</time></pt><pt><x>3248</x><y>1122</y><time>undefined</time></pt><pt><x>2115</x><y>1122</y><time>undefined</time></pt><closed_date>27-08-20 15:23:48:802</closed_date></polygon></object></annotation>