<annotation><filename>m1_s02_029_p_ic066.jpg</filename><folder>users/joselusava//valeria/sala2_029_ic</folder><source><submittedBy>Jose Saca</submittedBy></source><imagesize><nrows>3200</nrows><ncols>4800</ncols></imagesize><object><name>m1_s02_029_p_ic066</name><deleted>0</deleted><verified>0</verified><occluded>no</occluded><attributes></attributes><parts><hasparts></hasparts><ispartof></ispartof></parts><date>22-08-20 20:31:24:463</date><id>0</id><type>bounding_box</type><polygon><username>anonymous</username><pt><x>961</x><y>177</y><time>22-08-20 20:31:16:043</time></pt><pt><x>3560</x><y>177</y><time>22-08-20 20:31:20:500</time></pt><pt><x>3560</x><y>2626</y><time>undefined</time></pt><pt><x>961</x><y>2626</y><time>undefined</time></pt><closed_date>22-08-20 20:31:20:501</closed_date></polygon></object></annotation>