<annotation><filename>m4_s06_089_p_ic092.jpg</filename><folder>users/joselusava//santiago_2</folder><source><submittedBy>Jose Saca</submittedBy></source><imagesize><nrows>2970</nrows><ncols>4451</ncols></imagesize><object><name>m4_s06_089_p_ic092</name><deleted>0</deleted><verified>0</verified><occluded>no</occluded><attributes></attributes><parts><hasparts></hasparts><ispartof></ispartof></parts><date>11-10-20 22:02:58:183</date><id>0</id><type>bounding_box</type><polygon><username>anonymous</username><pt><x>1333</x><y>339</y><time>11-10-20 22:02:54:762</time></pt><pt><x>2959</x><y>339</y><time>11-10-20 22:02:56:212</time></pt><pt><x>2959</x><y>2645</y><time>undefined</time></pt><pt><x>1333</x><y>2645</y><time>undefined</time></pt><closed_date>11-10-20 22:02:56:213</closed_date></polygon></object></annotation>