<annotation><filename>m1_s01_008_x.jpg</filename><folder>users/joselusava//museos2020</folder><source><submittedBy>Jose Saca</submittedBy></source><imagesize><nrows>2000</nrows><ncols>2992</ncols></imagesize><object><name>m1_s01_008_x</name><deleted>0</deleted><verified>0</verified><occluded>no</occluded><attributes></attributes><parts><hasparts></hasparts><ispartof></ispartof></parts><date>13-09-20 21:52:30:897</date><id>0</id><type>bounding_box</type><polygon><username>anonymous</username><pt><x>1112</x><y>617</y><time>13-09-20 21:52:13:991</time></pt><pt><x>1805</x><y>617</y><time>13-09-20 21:52:17:597</time></pt><pt><x>1805</x><y>1345</y><time>undefined</time></pt><pt><x>1112</x><y>1345</y><time>undefined</time></pt><closed_date>13-09-20 21:52:17:597</closed_date></polygon></object></annotation>