<annotation><filename>m2_s02_190_p_ic057.jpg</filename><folder>users/joselusava//m2_jsv/190/ic</folder><source><submittedBy>Jose Saca</submittedBy></source><imagesize><nrows>2910</nrows><ncols>4361</ncols></imagesize><object><name>m2_s02_190_p_ic057</name><deleted>0</deleted><verified>0</verified><occluded>no</occluded><attributes></attributes><parts><hasparts></hasparts><ispartof></ispartof></parts><date>21-09-20 14:28:26:648</date><id>0</id><type>bounding_box</type><polygon><username>anonymous</username><pt><x>1110</x><y>433</y><time>21-09-20 14:28:24:463</time></pt><pt><x>3121</x><y>433</y><time>21-09-20 14:28:25:860</time></pt><pt><x>3121</x><y>2514</y><time>undefined</time></pt><pt><x>1110</x><y>2514</y><time>undefined</time></pt><closed_date>21-09-20 14:28:25:860</closed_date></polygon></object></annotation>