<annotation><filename>m4_s06_089_p_nic073.jpg</filename><folder>users/joselusava//santiago_2</folder><source><submittedBy>Jose Saca</submittedBy></source><imagesize><nrows>2970</nrows><ncols>4451</ncols></imagesize><object><name>m4_s06_089_p_nic073</name><deleted>0</deleted><verified>0</verified><occluded>no</occluded><attributes></attributes><parts><hasparts></hasparts><ispartof></ispartof></parts><date>12-10-20 22:02:13:340</date><id>0</id><type>bounding_box</type><polygon><username>anonymous</username><pt><x>646</x><y>514</y><time>12-10-20 22:02:10:365</time></pt><pt><x>1471</x><y>514</y><time>12-10-20 22:02:11:442</time></pt><pt><x>1471</x><y>2088</y><time>undefined</time></pt><pt><x>646</x><y>2088</y><time>undefined</time></pt><closed_date>12-10-20 22:02:11:442</closed_date></polygon></object></annotation>