<annotation><filename>m2_s06_250_p_nic067.jpg</filename><folder>users/joselusava//m2_jsv/250</folder><source><submittedBy>Jose Saca</submittedBy></source><imagesize><nrows>2910</nrows><ncols>4361</ncols></imagesize><object><name>m2_s06_250_p_nic067</name><deleted>0</deleted><verified>0</verified><occluded>no</occluded><attributes></attributes><parts><hasparts></hasparts><ispartof></ispartof></parts><date>30-09-20 11:50:59:248</date><id>0</id><type>bounding_box</type><polygon><username>anonymous</username><pt><x>2629</x><y>1906</y><time>30-09-20 11:50:56:947</time></pt><pt><x>17</x><y>1906</y><time>30-09-20 11:50:58:530</time></pt><pt><x>17</x><y>2899</y><time>undefined</time></pt><pt><x>2629</x><y>2899</y><time>undefined</time></pt><closed_date>30-09-20 11:50:58:531</closed_date></polygon></object></annotation>