<annotation><filename>m2_s06_244_p_nic072.jpg</filename><folder>users/joselusava//museos2020</folder><source><submittedBy>Jose Saca</submittedBy></source><imagesize><nrows>2910</nrows><ncols>4361</ncols></imagesize><object><name>m2_s06_244_p_ic072</name><deleted>0</deleted><verified>0</verified><occluded>no</occluded><attributes></attributes><parts><hasparts></hasparts><ispartof></ispartof></parts><date>25-09-20 19:40:47:826</date><id>0</id><type>bounding_box</type><polygon><username>anonymous</username><pt><x>418</x><y>1818</y><time>25-09-20 19:40:38:762</time></pt><pt><x>2171</x><y>1818</y><time>25-09-20 19:40:40:528</time></pt><pt><x>2171</x><y>2626</y><time>undefined</time></pt><pt><x>418</x><y>2626</y><time>undefined</time></pt><closed_date>25-09-20 19:40:40:528</closed_date></polygon></object></annotation>