<annotation><filename>img_m1_s03-04_101_p_ic091.jpg</filename><folder>users/joselusava//valeria/sala3y4_101_ic</folder><source><submittedBy>Jose Saca</submittedBy></source><imagesize><nrows>3200</nrows><ncols>4800</ncols></imagesize><object><name>m1_s03_s04_101_p_ic091</name><deleted>0</deleted><verified>0</verified><occluded>no</occluded><attributes></attributes><parts><hasparts></hasparts><ispartof></ispartof></parts><date>29-08-20 01:59:01:347</date><id>0</id><type>bounding_box</type><polygon><username>anonymous</username><pt><x>3818</x><y>3139</y><time>29-08-20 01:58:52:515</time></pt><pt><x>97</x><y>3139</y><time>29-08-20 01:58:56:421</time></pt><pt><x>97</x><y>127</y><time>undefined</time></pt><pt><x>3818</x><y>127</y><time>undefined</time></pt><closed_date>29-08-20 01:58:56:423</closed_date></polygon></object></annotation>