<annotation><filename>m2_s03_252_p_nic094.jpg</filename><folder>users/joselusava//valeria/m2_sala03_252_nic</folder><source><submittedBy>Jose Saca</submittedBy></source><imagesize><nrows>2910</nrows><ncols>4361</ncols></imagesize><object><name>m2_s06_252_p_nic094</name><deleted>0</deleted><verified>0</verified><occluded>no</occluded><attributes></attributes><parts><hasparts></hasparts><ispartof></ispartof></parts><date>26-09-20 22:49:22:799</date><id>0</id><type>bounding_box</type><polygon><username>anonymous</username><pt><x>2155</x><y>320</y><time>26-09-20 22:49:17:580</time></pt><pt><x>3897</x><y>320</y><time>26-09-20 22:49:19:397</time></pt><pt><x>3897</x><y>1433</y><time>undefined</time></pt><pt><x>2155</x><y>1433</y><time>undefined</time></pt><closed_date>26-09-20 22:49:19:398</closed_date></polygon></object></annotation>