<annotation><filename>img_m1_s03-04_108_p_ic085.jpg</filename><folder>users/joselusava//valeria/sala3y4_108_ic</folder><source><submittedBy>Jose Saca</submittedBy></source><imagesize><nrows>3200</nrows><ncols>4800</ncols></imagesize><object><name>m1_s03_s04_108_p_ic085</name><deleted>0</deleted><verified>0</verified><occluded>no</occluded><attributes></attributes><parts><hasparts></hasparts><ispartof></ispartof></parts><date>31-08-20 00:56:08:637</date><id>0</id><type>bounding_box</type><polygon><username>anonymous</username><pt><x>4527</x><y>2909</y><time>31-08-20 00:56:00:435</time></pt><pt><x>467</x><y>2909</y><time>31-08-20 00:56:05:209</time></pt><pt><x>467</x><y>1030</y><time>undefined</time></pt><pt><x>4527</x><y>1030</y><time>undefined</time></pt><closed_date>31-08-20 00:56:05:211</closed_date></polygon></object></annotation>