<annotation><filename>m3_s01_010_p_nic024.jpg</filename><folder>users/joselusava//m4_js/m3/10/nic</folder><source><submittedBy>Jose Saca</submittedBy></source><imagesize><nrows>2970</nrows><ncols>4451</ncols></imagesize><object><name>m3_s01_010_p_nic024</name><deleted>0</deleted><verified>0</verified><occluded>no</occluded><attributes></attributes><parts><hasparts></hasparts><ispartof></ispartof></parts><date>29-10-20 13:39:48:498</date><id>0</id><type>bounding_box</type><polygon><username>anonymous</username><pt><x>3024</x><y>2960</y><time>29-10-20 13:39:45:903</time></pt><pt><x>11</x><y>2960</y><time>29-10-20 13:39:47:813</time></pt><pt><x>11</x><y>458</y><time>undefined</time></pt><pt><x>3024</x><y>458</y><time>undefined</time></pt><closed_date>29-10-20 13:39:47:813</closed_date></polygon></object></annotation>