<annotation><filename>m2_s03_248_p_ic099.jpg</filename><folder>users/joselusava//museos2020</folder><source><submittedBy>Jose Saca</submittedBy></source><imagesize><nrows>2910</nrows><ncols>4361</ncols></imagesize><object><name>m2_s03_248_p_ic099</name><deleted>0</deleted><verified>0</verified><occluded>no</occluded><attributes></attributes><parts><hasparts></hasparts><ispartof></ispartof></parts><date>27-09-20 09:30:49:649</date><id>0</id><polygon><username>anonymous</username><pt><x>800</x><y>716</y><time>27-09-20 09:30:38:946</time></pt><pt><x>3393</x><y>744</y><time>27-09-20 09:30:40:633</time></pt><pt><x>3640</x><y>999</y><time>27-09-20 09:30:41:785</time></pt><pt><x>2180</x><y>2515</y><time>27-09-20 09:30:43:222</time></pt><closed_date>27-09-20 09:30:44:341</closed_date></polygon></object></annotation>