<annotation><filename>m4_s10_154_p_ic056.jpg</filename><folder>users/joselusava//valeria/m04_s10_154_ic</folder><source><submittedBy>Jose Saca</submittedBy></source><imagesize><nrows>2970</nrows><ncols>4451</ncols></imagesize><object><name>m4_s10_154_p_ic056</name><deleted>0</deleted><verified>0</verified><occluded>no</occluded><attributes></attributes><parts><hasparts></hasparts><ispartof></ispartof></parts><date>13-10-20 22:32:53:558</date><id>0</id><type>bounding_box</type><polygon><username>anonymous</username><pt><x>3158</x><y>2793</y><time>13-10-20 22:32:47:042</time></pt><pt><x>988</x><y>2793</y><time>13-10-20 22:32:49:110</time></pt><pt><x>988</x><y>268</y><time>undefined</time></pt><pt><x>3158</x><y>268</y><time>undefined</time></pt><closed_date>13-10-20 22:32:49:111</closed_date></polygon></object></annotation>