<annotation><filename>m4_s04_045_p_nic046.jpg</filename><folder>users/joselusava//valeria/m04_s04_45_nic</folder><source><submittedBy>Jose Saca</submittedBy></source><imagesize><nrows>2970</nrows><ncols>4451</ncols></imagesize><object><name>m4_s04_045_p_nic046</name><deleted>0</deleted><verified>0</verified><occluded>no</occluded><attributes></attributes><parts><hasparts></hasparts><ispartof></ispartof></parts><date>20-10-20 14:43:17:208</date><id>0</id><type>bounding_box</type><polygon><username>anonymous</username><pt><x>2559</x><y>1348</y><time>20-10-20 14:43:12:223</time></pt><pt><x>3233</x><y>1348</y><time>20-10-20 14:43:14:430</time></pt><pt><x>3233</x><y>240</y><time>undefined</time></pt><pt><x>2559</x><y>240</y><time>undefined</time></pt><closed_date>20-10-20 14:43:14:431</closed_date></polygon></object></annotation>