<annotation><filename>m4_s05_060_p_ic016.jpg</filename><folder>users/joselusava//m4_js/60/ic</folder><source><submittedBy>Jose Saca</submittedBy></source><imagesize><nrows>2910</nrows><ncols>4361</ncols></imagesize><object><name>m4_s05_060_p_ic016</name><deleted>0</deleted><verified>0</verified><occluded>no</occluded><attributes></attributes><parts><hasparts></hasparts><ispartof></ispartof></parts><date>13-10-20 15:41:00:738</date><id>0</id><type>bounding_box</type><polygon><username>anonymous</username><pt><x>4065</x><y>2211</y><time>13-10-20 15:40:58:235</time></pt><pt><x>470</x><y>2211</y><time>13-10-20 15:40:59:946</time></pt><pt><x>470</x><y>557</y><time>undefined</time></pt><pt><x>4065</x><y>557</y><time>undefined</time></pt><closed_date>13-10-20 15:40:59:946</closed_date></polygon></object></annotation>