<annotation><filename>m2_s06_244_p_nic016.jpg</filename><folder>users/joselusava//museos2020</folder><source><submittedBy>Jose Saca</submittedBy></source><imagesize><nrows>2910</nrows><ncols>4361</ncols></imagesize><object><name>m2_s06_244_p_nic016</name><deleted>0</deleted><verified>0</verified><occluded>no</occluded><attributes></attributes><parts><hasparts></hasparts><ispartof></ispartof></parts><date>24-09-20 19:57:29:963</date><id>0</id><type>bounding_box</type><polygon><username>anonymous</username><pt><x>284</x><y>1450</y><time>24-09-20 19:57:21:492</time></pt><pt><x>2031</x><y>1450</y><time>24-09-20 19:57:23:377</time></pt><pt><x>2031</x><y>2241</y><time>undefined</time></pt><pt><x>284</x><y>2241</y><time>undefined</time></pt><closed_date>24-09-20 19:57:23:378</closed_date></polygon></object></annotation>