<annotation><filename>m2_s06_244_p_nic088.jpg</filename><folder>users/joselusava//museos2020</folder><source><submittedBy>Jose Saca</submittedBy></source><imagesize><nrows>2910</nrows><ncols>4361</ncols></imagesize><object><name>m2_s06_244_p_ic088</name><deleted>0</deleted><verified>0</verified><occluded>no</occluded><attributes></attributes><parts><hasparts></hasparts><ispartof></ispartof></parts><date>26-09-20 22:01:06:826</date><id>0</id><type>bounding_box</type><polygon><username>anonymous</username><pt><x>251</x><y>1134</y><time>26-09-20 22:01:00:103</time></pt><pt><x>1822</x><y>1134</y><time>26-09-20 22:01:01:655</time></pt><pt><x>1822</x><y>1757</y><time>undefined</time></pt><pt><x>251</x><y>1757</y><time>undefined</time></pt><closed_date>26-09-20 22:01:01:657</closed_date></polygon></object></annotation>