<annotation><filename>m2_s02_129_p_nic047.jpg</filename><folder>users/joselusava//m2_jsv/129/nic</folder><source><submittedBy>Jose Saca</submittedBy></source><imagesize><nrows>2910</nrows><ncols>4361</ncols></imagesize><object><name>m2_s02_129_p_nic047</name><deleted>0</deleted><verified>0</verified><occluded>no</occluded><attributes></attributes><parts><hasparts></hasparts><ispartof></ispartof></parts><date>25-09-20 07:53:07:840</date><id>0</id><type>bounding_box</type><polygon><username>anonymous</username><pt><x>4022</x><y>1802</y><time>25-09-20 07:53:05:683</time></pt><pt><x>2838</x><y>1802</y><time>25-09-20 07:53:06:909</time></pt><pt><x>2838</x><y>618</y><time>undefined</time></pt><pt><x>4022</x><y>618</y><time>undefined</time></pt><closed_date>25-09-20 07:53:06:909</closed_date></polygon></object></annotation>