<annotation><filename>m4_s05_052_p_ic020.jpg</filename><folder>users/joselusava//santiago_2</folder><source><submittedBy>Jose Saca</submittedBy></source><imagesize><nrows>2910</nrows><ncols>4361</ncols></imagesize><object><name>m4_s05_052_p_ic020</name><deleted>0</deleted><verified>0</verified><occluded>no</occluded><attributes></attributes><parts><hasparts></hasparts><ispartof></ispartof></parts><date>07-10-20 16:29:06:097</date><id>0</id><type>bounding_box</type><polygon><username>anonymous</username><pt><x>1258</x><y>634</y><time>07-10-20 16:29:02:342</time></pt><pt><x>2858</x><y>634</y><time>07-10-20 16:29:03:543</time></pt><pt><x>2858</x><y>2439</y><time>undefined</time></pt><pt><x>1258</x><y>2439</y><time>undefined</time></pt><closed_date>07-10-20 16:29:03:544</closed_date></polygon></object></annotation>