<annotation><filename>m1_s01_021_p_ic050.jpg</filename><folder>users/joselusava//santiago</folder><source><submittedBy>Jose Saca</submittedBy></source><imagesize><nrows>3200</nrows><ncols>4800</ncols></imagesize><object><name>m1_s01_021_p_ic050</name><deleted>0</deleted><verified>0</verified><occluded>no</occluded><attributes></attributes><parts><hasparts></hasparts><ispartof></ispartof></parts><date>14-09-20 23:21:12:032</date><id>0</id><type>bounding_box</type><polygon><username>anonymous</username><pt><x>1789</x><y>975</y><time>14-09-20 23:21:03:200</time></pt><pt><x>3099</x><y>975</y><time>14-09-20 23:21:04:838</time></pt><pt><x>3099</x><y>2520</y><time>undefined</time></pt><pt><x>1789</x><y>2520</y><time>undefined</time></pt><closed_date>14-09-20 23:21:04:839</closed_date></polygon></object></annotation>