<annotation><filename>m4_s10_164_p_nic050.jpg</filename><folder>users/joselusava//santiago_2</folder><source><submittedBy>Jose Saca</submittedBy></source><imagesize><nrows>2970</nrows><ncols>4451</ncols></imagesize><object><name>m4_s10_164_p_nic050</name><deleted>0</deleted><verified>0</verified><occluded>no</occluded><attributes></attributes><parts><hasparts></hasparts><ispartof></ispartof></parts><date>14-10-20 11:26:18:862</date><id>0</id><type>bounding_box</type><polygon><username>anonymous</username><pt><x>403</x><y>1856</y><time>14-10-20 11:26:15:955</time></pt><pt><x>978</x><y>1856</y><time>14-10-20 11:26:16:671</time></pt><pt><x>978</x><y>2602</y><time>undefined</time></pt><pt><x>403</x><y>2602</y><time>undefined</time></pt><closed_date>14-10-20 11:26:16:672</closed_date></polygon></object></annotation>