<annotation><filename>m3_s01_023_p_ic099.jpg</filename><folder>users/joselusava//santiago_3</folder><source><submittedBy>Jose Saca</submittedBy></source><imagesize><nrows>2970</nrows><ncols>4451</ncols></imagesize><object><name>m3_s01_023_p_ic099</name><deleted>0</deleted><verified>0</verified><occluded>no</occluded><attributes></attributes><parts><hasparts></hasparts><ispartof></ispartof></parts><date>04-11-20 21:13:17:514</date><id>0</id><type>bounding_box</type><polygon><username>anonymous</username><pt><x>353</x><y>350</y><time>04-11-20 21:13:13:863</time></pt><pt><x>4027</x><y>350</y><time>04-11-20 21:13:15:395</time></pt><pt><x>4027</x><y>2302</y><time>undefined</time></pt><pt><x>353</x><y>2302</y><time>undefined</time></pt><closed_date>04-11-20 21:13:15:396</closed_date></polygon></object></annotation>