<annotation><filename>m4_s10_157_p_ic079.jpg</filename><folder>users/joselusava//valeria/m04_s10_157_ic</folder><source><submittedBy>Jose Saca</submittedBy></source><imagesize><nrows>2970</nrows><ncols>4451</ncols></imagesize><object><name>m4_s10_157_p_ic079</name><deleted>0</deleted><verified>0</verified><occluded>no</occluded><attributes></attributes><parts><hasparts>0</hasparts><ispartof>0</ispartof></parts><date>12-10-20 18:10:45:256</date><id>0</id><type>bounding_box</type><polygon><username>anonymous</username><pt><x>1164</x><y>2638</y><time>12-10-20 18:10:39:058</time></pt><pt><x>3274</x><y>2638</y><time>12-10-20 18:10:41:394</time></pt><pt><x>3274</x><y>315</y><time>undefined</time></pt><pt><x>1164</x><y>315</y><time>undefined</time></pt><closed_date>12-10-20 18:10:41:394</closed_date></polygon></object></annotation>