<annotation><filename>m2_s01_054_p_nic074.jpg</filename><folder>users/joselusava//kath</folder><source><submittedBy>Jose Saca</submittedBy></source><imagesize><nrows>2850</nrows><ncols>4271</ncols></imagesize><object><name>m2_s01_054_p_nic074</name><deleted>0</deleted><verified>0</verified><occluded>no</occluded><attributes></attributes><parts><hasparts></hasparts><ispartof></ispartof></parts><date>30-09-20 22:34:21:234</date><id>0</id><polygon><username>kath</username><pt><x>435</x><y>892</y><time>30-09-20 22:34:12:089</time></pt><pt><x>674</x><y>2239</y><time>30-09-20 22:34:13:629</time></pt><pt><x>1453</x><y>1987</y><time>30-09-20 22:34:14:822</time></pt><pt><x>1306</x><y>744</y><time>30-09-20 22:34:16:175</time></pt><closed_date>30-09-20 22:34:17:882</closed_date></polygon></object></annotation>