<annotation><filename>m2_s06_244_p_ic028.jpg</filename><folder>users/joselusava//museos2020</folder><source><submittedBy>Jose Saca</submittedBy></source><imagesize><nrows>2910</nrows><ncols>4361</ncols></imagesize><object><name>m2_s06_244_p_ic028</name><deleted>0</deleted><verified>0</verified><occluded>no</occluded><attributes></attributes><parts><hasparts></hasparts><ispartof></ispartof></parts><date>22-09-20 12:55:52:998</date><id>0</id><type>bounding_box</type><polygon><username>anonymous</username><pt><x>1190</x><y>1032</y><time>22-09-20 12:55:45:941</time></pt><pt><x>3139</x><y>1032</y><time>22-09-20 12:55:47:249</time></pt><pt><x>3139</x><y>1878</y><time>undefined</time></pt><pt><x>1190</x><y>1878</y><time>undefined</time></pt><closed_date>22-09-20 12:55:47:250</closed_date></polygon></object></annotation>