<annotation><filename>m3_s01_023_p_nic034.jpg</filename><folder>users/joselusava//santiago_3</folder><source><submittedBy>Jose Saca</submittedBy></source><imagesize><nrows>2970</nrows><ncols>4451</ncols></imagesize><object><name>m3_s01_023_p_nic034</name><deleted>0</deleted><verified>0</verified><occluded>no</occluded><attributes></attributes><parts><hasparts></hasparts><ispartof></ispartof></parts><date>06-11-20 09:22:00:366</date><id>0</id><type>bounding_box</type><polygon><username>anonymous</username><pt><x>1931</x><y>139</y><time>06-11-20 09:21:54:109</time></pt><pt><x>3652</x><y>139</y><time>06-11-20 09:21:55:832</time></pt><pt><x>3652</x><y>2042</y><time>undefined</time></pt><pt><x>1931</x><y>2042</y><time>undefined</time></pt><closed_date>06-11-20 09:21:55:833</closed_date></polygon></object></annotation>