<annotation><filename>m4_s06_089_p_nic084.jpg</filename><folder>users/joselusava//santiago_2</folder><source><submittedBy>Jose Saca</submittedBy></source><imagesize><nrows>2970</nrows><ncols>4451</ncols></imagesize><object><name>m4_s06_089_p_nic084</name><deleted>0</deleted><verified>0</verified><occluded>no</occluded><attributes></attributes><parts><hasparts></hasparts><ispartof></ispartof></parts><date>12-10-20 22:14:52:216</date><id>0</id><type>bounding_box</type><polygon><username>anonymous</username><pt><x>2799</x><y>607</y><time>12-10-20 22:14:48:411</time></pt><pt><x>3955</x><y>607</y><time>12-10-20 22:14:49:691</time></pt><pt><x>3955</x><y>2659</y><time>undefined</time></pt><pt><x>2799</x><y>2659</y><time>undefined</time></pt><closed_date>12-10-20 22:14:49:692</closed_date></polygon></object></annotation>