<annotation><filename>m2_s02_190_p_nic098.jpg</filename><folder>users/joselusava//m2_jsv/190/nic</folder><source><submittedBy>Jose Saca</submittedBy></source><imagesize><nrows>2910</nrows><ncols>4361</ncols></imagesize><object><name>m2_s02_190_p_nic097</name><deleted>0</deleted><verified>0</verified><occluded>no</occluded><attributes></attributes><parts><hasparts></hasparts><ispartof></ispartof></parts><date>21-09-20 16:17:01:692</date><id>0</id><type>bounding_box</type><polygon><username>anonymous</username><pt><x>3961</x><y>2359</y><time>21-09-20 16:17:00:012</time></pt><pt><x>2803</x><y>2359</y><time>21-09-20 16:17:01:073</time></pt><pt><x>2803</x><y>766</y><time>undefined</time></pt><pt><x>3961</x><y>766</y><time>undefined</time></pt><closed_date>21-09-20 16:17:01:073</closed_date></polygon></object></annotation>