<annotation><filename>m4_s09_143_x.jpg</filename><folder>users/joselusava//kath/m4_x</folder><source><submittedBy>Jose Saca</submittedBy></source><imagesize><nrows>2970</nrows><ncols>4451</ncols></imagesize><object><name>m4_s09_143_x</name><deleted>0</deleted><verified>0</verified><occluded>no</occluded><attributes></attributes><parts><hasparts></hasparts><ispartof></ispartof></parts><date>21-10-20 11:54:45:592</date><id>0</id><type>bounding_box</type><polygon><username>anonymous</username><pt><x>1389</x><y>255</y><time>21-10-20 11:54:33:172</time></pt><pt><x>3081</x><y>255</y><time>21-10-20 11:54:36:820</time></pt><pt><x>3081</x><y>2701</y><time>undefined</time></pt><pt><x>1389</x><y>2701</y><time>undefined</time></pt><closed_date>21-10-20 11:54:36:821</closed_date></polygon></object></annotation>