<annotation><filename>m4_s02_021_p_nic022.jpg</filename><folder>users/joselusava//santiago_2</folder><source><submittedBy>Jose Saca</submittedBy></source><imagesize><nrows>2910</nrows><ncols>4361</ncols></imagesize><object><name>m4_s02_021_p_nic022</name><deleted>0</deleted><verified>0</verified><occluded>no</occluded><attributes></attributes><parts><hasparts></hasparts><ispartof></ispartof></parts><date>04-10-20 22:14:24:644</date><id>0</id><type>bounding_box</type><polygon><username>anonymous</username><pt><x>942</x><y>842</y><time>04-10-20 22:14:19:507</time></pt><pt><x>1985</x><y>842</y><time>04-10-20 22:14:21:381</time></pt><pt><x>1985</x><y>2539</y><time>undefined</time></pt><pt><x>942</x><y>2539</y><time>undefined</time></pt><closed_date>04-10-20 22:14:21:383</closed_date></polygon></object></annotation>