<annotation><filename>m4_s04_039_p_nic013.jpg</filename><folder>users/joselusava//santiago_2</folder><source><submittedBy>Jose Saca</submittedBy></source><imagesize><nrows>2970</nrows><ncols>4451</ncols></imagesize><object><name>m4_s04_039_p_nic013</name><deleted>0</deleted><verified>0</verified><occluded>no</occluded><attributes></attributes><parts><hasparts></hasparts><ispartof></ispartof></parts><date>21-10-20 20:55:31:767</date><id>0</id><type>bounding_box</type><polygon><username>anonymous</username><pt><x>746</x><y>178</y><time>21-10-20 20:55:28:215</time></pt><pt><x>1485</x><y>178</y><time>21-10-20 20:55:29:886</time></pt><pt><x>1485</x><y>2584</y><time>undefined</time></pt><pt><x>746</x><y>2584</y><time>undefined</time></pt><closed_date>21-10-20 20:55:29:886</closed_date></polygon></object></annotation>