<annotation><filename>m2_s01_058_p_nic053.jpg</filename><folder>users/joselusava//m2_jsv/58/nic</folder><source><submittedBy>Jose Saca</submittedBy></source><imagesize><nrows>2850</nrows><ncols>4271</ncols></imagesize><object><name>m2_s01_058_p_nic053</name><deleted>0</deleted><verified>0</verified><occluded>no</occluded><attributes></attributes><parts><hasparts></hasparts><ispartof></ispartof></parts><date>29-09-20 23:09:29:386</date><id>0</id><type>bounding_box</type><polygon><username>anonymous</username><pt><x>2600</x><y>2481</y><time>29-09-20 23:09:27:384</time></pt><pt><x>733</x><y>2481</y><time>29-09-20 23:09:28:681</time></pt><pt><x>733</x><y>1219</y><time>undefined</time></pt><pt><x>2600</x><y>1219</y><time>undefined</time></pt><closed_date>29-09-20 23:09:28:682</closed_date></polygon></object></annotation>