<annotation><filename>m1_s01_021_p_nic075.jpg</filename><folder>users/joselusava//santiago</folder><source><submittedBy>Jose Saca</submittedBy></source><imagesize><nrows>3200</nrows><ncols>4800</ncols></imagesize><object><name>m1_s01_021_p_nic075</name><deleted>0</deleted><verified>0</verified><occluded>no</occluded><attributes></attributes><parts><hasparts></hasparts><ispartof></ispartof></parts><date>16-09-20 18:32:34:204</date><id>0</id><type>bounding_box</type><polygon><username>anonymous</username><pt><x>885</x><y>1983</y><time>16-09-20 18:32:26:842</time></pt><pt><x>1393</x><y>1983</y><time>16-09-20 18:32:27:888</time></pt><pt><x>1393</x><y>2584</y><time>undefined</time></pt><pt><x>885</x><y>2584</y><time>undefined</time></pt><closed_date>16-09-20 18:32:27:889</closed_date></polygon></object></annotation>