<annotation><filename>m2_s01_054_p_ic091.jpg</filename><folder>users/joselusava//kath</folder><source><submittedBy>Jose Saca</submittedBy></source><imagesize><nrows>2850</nrows><ncols>4271</ncols></imagesize><object><name>m2_s01_054_p_ic091</name><deleted>0</deleted><verified>0</verified><occluded>no</occluded><attributes></attributes><parts><hasparts></hasparts><ispartof></ispartof></parts><date>30-09-20 10:48:16:908</date><id>0</id><type>bounding_box</type><polygon><username>anonymous</username><pt><x>1348</x><y>173</y><time>30-09-20 10:48:01:694</time></pt><pt><x>2901</x><y>173</y><time>30-09-20 10:48:06:199</time></pt><pt><x>2901</x><y>2562</y><time>undefined</time></pt><pt><x>1348</x><y>2562</y><time>undefined</time></pt><closed_date>30-09-20 10:48:06:200</closed_date></polygon></object></annotation>