<annotation><filename>m3_s01_023_p_ic069.jpg</filename><folder>users/joselusava//santiago_3</folder><source><submittedBy>Jose Saca</submittedBy></source><imagesize><nrows>2970</nrows><ncols>4451</ncols></imagesize><object><name>m3_s01_023_p_ic069</name><deleted>0</deleted><verified>0</verified><occluded>no</occluded><attributes></attributes><parts><hasparts></hasparts><ispartof></ispartof></parts><date>04-11-20 20:07:18:174</date><id>0</id><type>bounding_box</type><polygon><username>anonymous</username><pt><x>875</x><y>303</y><time>04-11-20 20:07:15:239</time></pt><pt><x>3184</x><y>303</y><time>04-11-20 20:07:16:342</time></pt><pt><x>3184</x><y>2549</y><time>undefined</time></pt><pt><x>875</x><y>2549</y><time>undefined</time></pt><closed_date>04-11-20 20:07:16:343</closed_date></polygon></object></annotation>