<annotation><filename>m4_s11_176_p_ic098.jpg</filename><folder>users/joselusava//m4_js/176/ic</folder><source><submittedBy>Jose Saca</submittedBy></source><imagesize><nrows>2970</nrows><ncols>4451</ncols></imagesize><object><name>m4_s11_176_p_ic098</name><deleted>0</deleted><verified>0</verified><occluded>no</occluded><attributes></attributes><parts><hasparts></hasparts><ispartof></ispartof></parts><date>15-10-20 11:20:01:087</date><id>0</id><type>bounding_box</type><polygon><username>anonymous</username><pt><x>2982</x><y>2256</y><time>15-10-20 11:19:59:071</time></pt><pt><x>1354</x><y>2256</y><time>15-10-20 11:20:00:302</time></pt><pt><x>1354</x><y>513</y><time>undefined</time></pt><pt><x>2982</x><y>513</y><time>undefined</time></pt><closed_date>15-10-20 11:20:00:302</closed_date></polygon></object></annotation>