<annotation><filename>m2_s03_219_p_nic041.jpg</filename><folder>users/joselusava//valeria/m2_sala03_219_nic</folder><source><submittedBy>Jose Saca</submittedBy></source><imagesize><nrows>2910</nrows><ncols>4361</ncols></imagesize><object><name>m2_s03_219_p_nic041</name><deleted>0</deleted><verified>0</verified><occluded>no</occluded><attributes></attributes><parts><hasparts></hasparts><ispartof></ispartof></parts><date>29-09-20 17:57:05:846</date><id>0</id><type>bounding_box</type><polygon><username>anonymous</username><pt><x>2155</x><y>2756</y><time>29-09-20 17:56:59:973</time></pt><pt><x>1069</x><y>2756</y><time>29-09-20 17:57:01:824</time></pt><pt><x>1069</x><y>1020</y><time>undefined</time></pt><pt><x>2155</x><y>1020</y><time>undefined</time></pt><closed_date>29-09-20 17:57:01:825</closed_date></polygon></object></annotation>