<annotation><filename>m2_s02_129_p_nic063.jpg</filename><folder>users/joselusava//m2_jsv/129/nic</folder><source><submittedBy>Jose Saca</submittedBy></source><imagesize><nrows>2910</nrows><ncols>4361</ncols></imagesize><object><name>m2_s02_129_p_nic063</name><deleted>0</deleted><verified>0</verified><occluded>no</occluded><attributes></attributes><parts><hasparts></hasparts><ispartof></ispartof></parts><date>25-09-20 08:08:16:846</date><id>0</id><type>bounding_box</type><polygon><username>anonymous</username><pt><x>3421</x><y>2246</y><time>25-09-20 08:08:14:531</time></pt><pt><x>2533</x><y>2246</y><time>25-09-20 08:08:16:311</time></pt><pt><x>2533</x><y>1245</y><time>undefined</time></pt><pt><x>3421</x><y>1245</y><time>undefined</time></pt><closed_date>25-09-20 08:08:16:312</closed_date></polygon></object></annotation>