<annotation><filename>m2_s07_264_p_nic021.jpg</filename><folder>users/joselusava//valeria/sala7_264_nic</folder><source><submittedBy>Jose Saca</submittedBy></source><imagesize><nrows>2910</nrows><ncols>4361</ncols></imagesize><object><name>m2_s07_264_p_nic021</name><deleted>0</deleted><verified>0</verified><occluded>no</occluded><attributes></attributes><parts><hasparts></hasparts><ispartof></ispartof></parts><date>23-09-20 19:43:35:651</date><id>0</id><type>bounding_box</type><polygon><username>anonymous</username><pt><x>2618</x><y>2491</y><time>23-09-20 19:43:30:760</time></pt><pt><x>4056</x><y>2491</y><time>23-09-20 19:43:32:913</time></pt><pt><x>4056</x><y>777</y><time>undefined</time></pt><pt><x>2618</x><y>777</y><time>undefined</time></pt><closed_date>23-09-20 19:43:32:914</closed_date></polygon></object></annotation>