<annotation><filename>m4_s04_037_p_nic036.jpg</filename><folder>users/joselusava//santiago_2</folder><source><submittedBy>Jose Saca</submittedBy></source><imagesize><nrows>2970</nrows><ncols>4451</ncols></imagesize><object><name>m4_s04_037_p_nic036</name><deleted>0</deleted><verified>0</verified><occluded>no</occluded><attributes></attributes><parts><hasparts></hasparts><ispartof></ispartof></parts><date>19-10-20 22:15:48:667</date><id>0</id><type>bounding_box</type><polygon><username>anonymous</username><pt><x>3091</x><y>1553</y><time>19-10-20 22:15:45:889</time></pt><pt><x>4009</x><y>1553</y><time>19-10-20 22:15:46:946</time></pt><pt><x>4009</x><y>2784</y><time>undefined</time></pt><pt><x>3091</x><y>2784</y><time>undefined</time></pt><closed_date>19-10-20 22:15:46:946</closed_date></polygon></object></annotation>