<annotation><filename>m4_s06_089_p_ic076.jpg</filename><folder>users/joselusava//santiago_2</folder><source><submittedBy>Jose Saca</submittedBy></source><imagesize><nrows>2970</nrows><ncols>4451</ncols></imagesize><object><name>m4_s06_089_p_ic076</name><deleted>0</deleted><verified>0</verified><occluded>no</occluded><attributes></attributes><parts><hasparts></hasparts><ispartof></ispartof></parts><date>11-10-20 19:06:34:704</date><id>0</id><type>bounding_box</type><polygon><username>anonymous</username><pt><x>1517</x><y>71</y><time>11-10-20 19:06:30:376</time></pt><pt><x>3225</x><y>71</y><time>11-10-20 19:06:32:286</time></pt><pt><x>3225</x><y>2475</y><time>undefined</time></pt><pt><x>1517</x><y>2475</y><time>undefined</time></pt><closed_date>11-10-20 19:06:32:287</closed_date></polygon></object></annotation>