<annotation><filename>m4_s10_164_p_ic034.jpg</filename><folder>users/joselusava//santiago_2</folder><source><submittedBy>Jose Saca</submittedBy></source><imagesize><nrows>2970</nrows><ncols>4451</ncols></imagesize><object><name>m4_s10_164_p_ic034</name><deleted>0</deleted><verified>0</verified><occluded>no</occluded><attributes></attributes><parts><hasparts></hasparts><ispartof></ispartof></parts><date>13-10-20 22:23:56:603</date><id>0</id><type>bounding_box</type><polygon><username>anonymous</username><pt><x>1892</x><y>964</y><time>13-10-20 22:23:45:564</time></pt><pt><x>2481</x><y>964</y><time>13-10-20 22:23:46:380</time></pt><pt><x>2481</x><y>1842</y><time>undefined</time></pt><pt><x>1892</x><y>1842</y><time>undefined</time></pt><closed_date>13-10-20 22:23:46:381</closed_date></polygon></object></annotation>