<annotation><filename>m4_s06_089_p_ic079.jpg</filename><folder>users/joselusava//santiago_2</folder><source><submittedBy>Jose Saca</submittedBy></source><imagesize><nrows>2970</nrows><ncols>4451</ncols></imagesize><object><name>m4_s06_089_p_ic079</name><deleted>0</deleted><verified>0</verified><occluded>no</occluded><attributes></attributes><parts><hasparts></hasparts><ispartof></ispartof></parts><date>11-10-20 19:08:35:259</date><id>0</id><type>bounding_box</type><polygon><username>anonymous</username><pt><x>1397</x><y>156</y><time>11-10-20 19:08:31:018</time></pt><pt><x>2952</x><y>156</y><time>11-10-20 19:08:32:677</time></pt><pt><x>2952</x><y>2570</y><time>undefined</time></pt><pt><x>1397</x><y>2570</y><time>undefined</time></pt><closed_date>11-10-20 19:08:32:678</closed_date></polygon></object></annotation>