<annotation><filename>m2_s02_191_x.jpg</filename><folder>users/joselusava//m2_jsv</folder><source><submittedBy>Jose Saca</submittedBy></source><imagesize><nrows>2910</nrows><ncols>4361</ncols></imagesize><object><name>m2_s02_190_p</name><deleted>0</deleted><verified>0</verified><occluded>no</occluded><attributes></attributes><parts><hasparts></hasparts><ispartof></ispartof></parts><date>20-09-20 16:59:52:605</date><id>0</id><type>bounding_box</type><polygon><username>anonymous</username><pt><x>2942</x><y>2429</y><time>20-09-20 16:59:50:509</time></pt><pt><x>1410</x><y>2429</y><time>20-09-20 16:59:51:833</time></pt><pt><x>1410</x><y>461</y><time>undefined</time></pt><pt><x>2942</x><y>461</y><time>undefined</time></pt><closed_date>20-09-20 16:59:51:833</closed_date></polygon></object></annotation>