<annotation><filename>m2_s01_024_p_nic039.jpg</filename><folder>users/joselusava//santiago</folder><source><submittedBy>Jose Saca</submittedBy></source><imagesize><nrows>2850</nrows><ncols>4271</ncols></imagesize><object><name>m2_s01_024_p_nic039</name><deleted>0</deleted><verified>0</verified><occluded>no</occluded><attributes></attributes><parts><hasparts></hasparts><ispartof></ispartof></parts><date>25-09-20 14:14:21:266</date><id>0</id><type>bounding_box</type><polygon><username>anonymous</username><pt><x>1782</x><y>1343</y><time>25-09-20 14:14:14:953</time></pt><pt><x>2680</x><y>1343</y><time>25-09-20 14:14:16:374</time></pt><pt><x>2680</x><y>2600</y><time>undefined</time></pt><pt><x>1782</x><y>2600</y><time>undefined</time></pt><closed_date>25-09-20 14:14:16:374</closed_date></polygon></object></annotation>