<annotation><filename>m1_s03-04_097_x.jpg</filename><folder>users/joselusava//valeria/sala03y04</folder><source><submittedBy>Jose Saca</submittedBy></source><imagesize><nrows>3200</nrows><ncols>4800</ncols></imagesize><object><name>m1_s03_s04_097_x</name><deleted>0</deleted><verified>0</verified><occluded>no</occluded><attributes></attributes><parts><hasparts></hasparts><ispartof></ispartof></parts><date>28-08-20 21:30:53:900</date><id>0</id><type>bounding_box</type><polygon><username>anonymous</username><pt><x>4247</x><y>2964</y><time>28-08-20 21:30:30:196</time></pt><pt><x>693</x><y>2964</y><time>28-08-20 21:30:36:728</time></pt><pt><x>693</x><y>268</y><time>undefined</time></pt><pt><x>4247</x><y>268</y><time>undefined</time></pt><closed_date>28-08-20 21:30:36:729</closed_date></polygon></object></annotation>