<annotation><filename>m2_s06_250_p_nic083.jpg</filename><folder>users/joselusava//m2_jsv/250</folder><source><submittedBy>Jose Saca</submittedBy></source><imagesize><nrows>2910</nrows><ncols>4361</ncols></imagesize><object><name>m2_s06_250_p_nic083</name><deleted>0</deleted><verified>0</verified><occluded>no</occluded><attributes></attributes><parts><hasparts></hasparts><ispartof></ispartof></parts><date>30-09-20 11:59:26:851</date><id>0</id><type>bounding_box</type><polygon><username>anonymous</username><pt><x>3430</x><y>679</y><time>30-09-20 11:59:24:976</time></pt><pt><x>17</x><y>679</y><time>30-09-20 11:59:26:194</time></pt><pt><x>17</x><y>2220</y><time>undefined</time></pt><pt><x>3430</x><y>2220</y><time>undefined</time></pt><closed_date>30-09-20 11:59:26:195</closed_date></polygon></object></annotation>