<annotation><filename>m1_s01_004_p_ic002.jpg</filename><folder>users/joselusava//valeria_apoyo/sala001_004ic_ok</folder><source><submittedBy>Jose Saca</submittedBy></source><imagesize><nrows>2000</nrows><ncols>2992</ncols></imagesize><object><name>m1_s01_004_p_ic002</name><deleted>0</deleted><verified>0</verified><occluded>no</occluded><attributes></attributes><parts><hasparts></hasparts><ispartof></ispartof></parts><date>15-09-20 20:06:29:636</date><id>0</id><type>bounding_box</type><polygon><username>anonymous</username><pt><x>295</x><y>322</y><time>15-09-20 20:06:22:009</time></pt><pt><x>2769</x><y>322</y><time>15-09-20 20:06:24:722</time></pt><pt><x>2769</x><y>1598</y><time>undefined</time></pt><pt><x>295</x><y>1598</y><time>undefined</time></pt><closed_date>15-09-20 20:06:24:722</closed_date></polygon></object></annotation>