<annotation><filename>m2_s03_252_p_ic029.jpg</filename><folder>users/joselusava//valeria/m2_sala03_252_ic</folder><source><submittedBy>Jose Saca</submittedBy></source><imagesize><nrows>2910</nrows><ncols>4361</ncols></imagesize><object><name>m2_s06_252_p_ic029</name><deleted>0</deleted><verified>0</verified><occluded>no</occluded><attributes></attributes><parts><hasparts></hasparts><ispartof></ispartof></parts><date>25-09-20 20:21:03:328</date><id>0</id><type>bounding_box</type><polygon><username>anonymous</username><pt><x>722</x><y>2502</y><time>25-09-20 20:20:56:447</time></pt><pt><x>3610</x><y>2502</y><time>25-09-20 20:21:00:496</time></pt><pt><x>3610</x><y>948</y><time>undefined</time></pt><pt><x>722</x><y>948</y><time>undefined</time></pt><closed_date>25-09-20 20:21:00:497</closed_date></polygon></object></annotation>