<annotation><filename>m1_s06_141_p_nic042.jpg</filename><folder>users/joselusava//jacob_2/141nic</folder><source><submittedBy>Jose Saca</submittedBy></source><imagesize><nrows>2736</nrows><ncols>4100</ncols></imagesize><object><name>m1_s06_141_p_nic042</name><deleted>0</deleted><verified>0</verified><occluded>no</occluded><attributes></attributes><parts><hasparts></hasparts><ispartof></ispartof></parts><date>05-09-20 19:44:21:517</date><id>0</id><type>bounding_box</type><polygon><username>anonymous</username><pt><x>2016</x><y>1713</y><time>05-09-20 19:44:17:114</time></pt><pt><x>1038</x><y>1713</y><time>05-09-20 19:44:20:628</time></pt><pt><x>1038</x><y>162</y><time>undefined</time></pt><pt><x>2016</x><y>162</y><time>undefined</time></pt><closed_date>05-09-20 19:44:20:629</closed_date></polygon></object></annotation>