<annotation><filename>m2_s01_054_p_ic071.jpg</filename><folder>users/joselusava//kath</folder><source><submittedBy>Jose Saca</submittedBy></source><imagesize><nrows>2850</nrows><ncols>4271</ncols></imagesize><object><name>m2_s01_054_p_ic071</name><deleted>0</deleted><verified>0</verified><occluded>no</occluded><attributes></attributes><parts><hasparts></hasparts><ispartof></ispartof></parts><date>29-09-20 23:49:39:094</date><id>0</id><type>bounding_box</type><polygon><username>anonymous</username><pt><x>1390</x><y>14</y><time>29-09-20 23:49:29:930</time></pt><pt><x>2885</x><y>14</y><time>29-09-20 23:49:35:416</time></pt><pt><x>2885</x><y>2534</y><time>undefined</time></pt><pt><x>1390</x><y>2534</y><time>undefined</time></pt><closed_date>29-09-20 23:49:35:416</closed_date></polygon></object></annotation>