<annotation><filename>m2_s01_034_p_ic018.jpg</filename><folder>users/joselusava//kath</folder><source><submittedBy>Jose Saca</submittedBy></source><imagesize><nrows>2850</nrows><ncols>4271</ncols></imagesize><object><name>m2_s01_034_p_ic018</name><deleted>0</deleted><verified>0</verified><occluded>no</occluded><attributes></attributes><parts><hasparts></hasparts><ispartof></ispartof></parts><date>23-09-20 22:47:28:444</date><id>0</id><type>bounding_box</type><polygon><username>anonymous</username><pt><x>1250</x><y>246</y><time>23-09-20 22:47:13:907</time></pt><pt><x>2885</x><y>246</y><time>23-09-20 22:47:17:973</time></pt><pt><x>2885</x><y>2710</y><time>undefined</time></pt><pt><x>1250</x><y>2710</y><time>undefined</time></pt><closed_date>23-09-20 22:47:17:974</closed_date></polygon></object></annotation>