<annotation><filename>m1_s06_144_p_ic048.jpg</filename><folder>users/joselusava//jacob_2/144ic</folder><source><submittedBy>Jose Saca</submittedBy></source><imagesize><nrows>2736</nrows><ncols>4100</ncols></imagesize><object><name>m1_s06_144_p_ic048</name><deleted>0</deleted><verified>0</verified><occluded>no</occluded><attributes></attributes><parts><hasparts></hasparts><ispartof></ispartof></parts><date>07-09-20 02:40:55:517</date><id>0</id><type>bounding_box</type><polygon><username>anonymous</username><pt><x>573</x><y>82</y><time>07-09-20 02:40:53:026</time></pt><pt><x>3552</x><y>82</y><time>07-09-20 02:40:54:781</time></pt><pt><x>3552</x><y>2431</y><time>undefined</time></pt><pt><x>573</x><y>2431</y><time>undefined</time></pt><closed_date>07-09-20 02:40:54:781</closed_date></polygon></object></annotation>