<annotation><filename>m4_s11_178_p_nic048.jpg</filename><folder>users/joselusava//santiago_2</folder><source><submittedBy>Jose Saca</submittedBy></source><imagesize><nrows>2970</nrows><ncols>4451</ncols></imagesize><object><name>m4_s11_178_p_nic048</name><deleted>0</deleted><verified>0</verified><occluded>no</occluded><attributes></attributes><parts><hasparts></hasparts><ispartof></ispartof></parts><date>16-10-20 09:30:29:050</date><id>0</id><type>bounding_box</type><polygon><username>anonymous</username><pt><x>546</x><y>892</y><time>16-10-20 09:30:14:814</time></pt><pt><x>1724</x><y>892</y><time>16-10-20 09:30:16:519</time></pt><pt><x>1724</x><y>2078</y><time>undefined</time></pt><pt><x>546</x><y>2078</y><time>undefined</time></pt><closed_date>16-10-20 09:30:16:519</closed_date></polygon></object></annotation>