<annotation><filename>m4_s04_045_p_ic095.jpg</filename><folder>users/joselusava//valeria/m04_s04_45_ic</folder><source><submittedBy>Jose Saca</submittedBy></source><imagesize><nrows>2970</nrows><ncols>4451</ncols></imagesize><object><name>m4_s04_045_p_ic095</name><deleted>0</deleted><verified>0</verified><occluded>no</occluded><attributes></attributes><parts><hasparts></hasparts><ispartof></ispartof></parts><date>19-10-20 23:53:12:051</date><id>0</id><type>bounding_box</type><polygon><username>anonymous</username><pt><x>1519</x><y>2650</y><time>19-10-20 23:53:07:445</time></pt><pt><x>2822</x><y>2650</y><time>19-10-20 23:53:09:341</time></pt><pt><x>2822</x><y>257</y><time>undefined</time></pt><pt><x>1519</x><y>257</y><time>undefined</time></pt><closed_date>19-10-20 23:53:09:342</closed_date></polygon></object></annotation>