<annotation><filename>m2_s02_108_x.jpg</filename><folder>users/joselusava//m2_jsv</folder><source><submittedBy>Jose Saca</submittedBy></source><imagesize><nrows>2910</nrows><ncols>4361</ncols></imagesize><object><name>m2_s02_108_x</name><deleted>0</deleted><verified>0</verified><occluded>no</occluded><attributes></attributes><parts><hasparts></hasparts><ispartof></ispartof></parts><date>19-09-20 23:22:41:625</date><id>0</id><type>bounding_box</type><polygon><username>anonymous</username><pt><x>3012</x><y>2263</y><time>19-09-20 23:22:39:806</time></pt><pt><x>1384</x><y>2263</y><time>19-09-20 23:22:41:047</time></pt><pt><x>1384</x><y>653</y><time>undefined</time></pt><pt><x>3012</x><y>653</y><time>undefined</time></pt><closed_date>19-09-20 23:22:41:047</closed_date></polygon></object></annotation>