<annotation><filename>m2_s03_252_p_nic008.jpg</filename><folder>users/joselusava//valeria/m2_sala03_252_nic</folder><source><submittedBy>Jose Saca</submittedBy></source><imagesize><nrows>2910</nrows><ncols>4361</ncols></imagesize><object><name>m2_s06_252_p_nic008</name><deleted>0</deleted><verified>0</verified><occluded>no</occluded><attributes></attributes><parts><hasparts></hasparts><ispartof></ispartof></parts><date>26-09-20 18:25:51:459</date><id>0</id><type>bounding_box</type><polygon><username>anonymous</username><pt><x>3764</x><y>1196</y><time>26-09-20 18:25:45:682</time></pt><pt><x>2238</x><y>1196</y><time>26-09-20 18:25:48:299</time></pt><pt><x>2238</x><y>265</y><time>undefined</time></pt><pt><x>3764</x><y>265</y><time>undefined</time></pt><closed_date>26-09-20 18:25:48:300</closed_date></polygon></object></annotation>