<annotation><filename>m2_s01_054_p_nic039.jpg</filename><folder>users/joselusava//kath</folder><source><submittedBy>Jose Saca</submittedBy></source><imagesize><nrows>2850</nrows><ncols>4271</ncols></imagesize><object><name>m2_s01_054_p_nic039</name><deleted>0</deleted><verified>0</verified><occluded>no</occluded><attributes></attributes><parts><hasparts></hasparts><ispartof></ispartof></parts><date>30-09-20 11:27:49:618</date><id>0</id><type>bounding_box</type><polygon><username>anonymous</username><pt><x>1881</x><y>1551</y><time>30-09-20 11:27:42:703</time></pt><pt><x>1193</x><y>1551</y><time>30-09-20 11:27:46:401</time></pt><pt><x>1193</x><y>2611</y><time>undefined</time></pt><pt><x>1881</x><y>2611</y><time>undefined</time></pt><closed_date>30-09-20 11:27:46:401</closed_date></polygon></object></annotation>