<annotation><filename>m4_s09_138_p_nic015.jpg</filename><folder>users/joselusava//santiago_2</folder><source><submittedBy>Jose Saca</submittedBy></source><imagesize><nrows>2970</nrows><ncols>4451</ncols></imagesize><object><name>m4_s09_138_p_nic015</name><deleted>0</deleted><verified>0</verified><occluded>no</occluded><attributes></attributes><parts><hasparts></hasparts><ispartof></ispartof></parts><date>22-10-20 23:14:41:546</date><id>0</id><type>bounding_box</type><polygon><username>anonymous</username><pt><x>164</x><y>771</y><time>22-10-20 23:14:37:364</time></pt><pt><x>2542</x><y>771</y><time>22-10-20 23:14:38:688</time></pt><pt><x>2542</x><y>2070</y><time>undefined</time></pt><pt><x>164</x><y>2070</y><time>undefined</time></pt><closed_date>22-10-20 23:14:38:689</closed_date></polygon></object></annotation>