<annotation><filename>m2_s01_010_p_ic084.jpg</filename><folder>users/joselusava//santiago</folder><source><submittedBy>Jose Saca</submittedBy></source><imagesize><nrows>2850</nrows><ncols>4271</ncols></imagesize><object><name>m2_s01_010_p_ic084</name><deleted>0</deleted><verified>0</verified><occluded>no</occluded><attributes></attributes><parts><hasparts></hasparts><ispartof></ispartof></parts><date>21-09-20 23:33:35:947</date><id>0</id><type>bounding_box</type><polygon><username>anonymous</username><pt><x>1346</x><y>548</y><time>21-09-20 23:33:28:278</time></pt><pt><x>2972</x><y>548</y><time>21-09-20 23:33:29:837</time></pt><pt><x>2972</x><y>2424</y><time>undefined</time></pt><pt><x>1346</x><y>2424</y><time>undefined</time></pt><closed_date>21-09-20 23:33:29:838</closed_date></polygon></object></annotation>