<annotation><filename>m2_s01_032_p_ic015.jpg</filename><folder>users/joselusava//santiago_2</folder><source><submittedBy>Jose Saca</submittedBy></source><imagesize><nrows>2850</nrows><ncols>4271</ncols></imagesize><object><name>m2_s01_032_p_ic015</name><deleted>0</deleted><verified>0</verified><occluded>no</occluded><attributes></attributes><parts><hasparts></hasparts><ispartof></ispartof></parts><date>29-09-20 22:16:36:129</date><id>0</id><type>bounding_box</type><polygon><username>anonymous</username><pt><x>1199</x><y>269</y><time>29-09-20 22:16:32:329</time></pt><pt><x>3209</x><y>269</y><time>29-09-20 22:16:34:090</time></pt><pt><x>3209</x><y>2706</y><time>undefined</time></pt><pt><x>1199</x><y>2706</y><time>undefined</time></pt><closed_date>29-09-20 22:16:34:090</closed_date></polygon></object></annotation>