<annotation><filename>m1_s01_004_p_nic035.jpg</filename><folder>users/joselusava//valeria_apoyo/sala01_004_nic</folder><source><submittedBy>Jose Saca</submittedBy></source><imagesize><nrows>3200</nrows><ncols>4800</ncols></imagesize><object><name>m1_s01_004_p_nic035</name><deleted>0</deleted><verified>0</verified><occluded>no</occluded><attributes></attributes><parts><hasparts></hasparts><ispartof></ispartof></parts><date>16-09-20 21:21:28:756</date><id>0</id><type>bounding_box</type><polygon><username>anonymous</username><pt><x>4770</x><y>3055</y><time>16-09-20 21:21:18:922</time></pt><pt><x>18</x><y>3055</y><time>16-09-20 21:21:24:169</time></pt><pt><x>18</x><y>1945</y><time>undefined</time></pt><pt><x>4770</x><y>1945</y><time>undefined</time></pt><closed_date>16-09-20 21:21:24:170</closed_date></polygon></object></annotation>