<annotation><filename>m4_s04_045_p_ic050.jpg</filename><folder>users/joselusava//valeria/m04_s04_45_ic</folder><source><submittedBy>Jose Saca</submittedBy></source><imagesize><nrows>2970</nrows><ncols>4451</ncols></imagesize><object><name>m4_s04_045_p_ic050</name><deleted>0</deleted><verified>0</verified><occluded>no</occluded><attributes></attributes><parts><hasparts></hasparts><ispartof></ispartof></parts><date>19-10-20 19:40:05:172</date><id>0</id><type>bounding_box</type><polygon><username>anonymous</username><pt><x>1856</x><y>2370</y><time>19-10-20 19:39:59:441</time></pt><pt><x>2947</x><y>2370</y><time>19-10-20 19:40:01:923</time></pt><pt><x>2947</x><y>594</y><time>undefined</time></pt><pt><x>1856</x><y>594</y><time>undefined</time></pt><closed_date>19-10-20 19:40:01:924</closed_date></polygon></object></annotation>