<annotation><filename>m2_s01_001_p_ic012.jpg</filename><folder>users/joselusava//santiago</folder><source><submittedBy>Jose Saca</submittedBy></source><imagesize><nrows>2850</nrows><ncols>4271</ncols></imagesize><object><name>m2_s01_001_p_ic012</name><deleted>0</deleted><verified>0</verified><occluded>no</occluded><attributes></attributes><parts><hasparts></hasparts><ispartof></ispartof></parts><date>18-09-20 22:27:45:018</date><id>0</id><type>bounding_box</type><polygon><username>anonymous</username><pt><x>939</x><y>163</y><time>18-09-20 22:27:28:732</time></pt><pt><x>3459</x><y>163</y><time>18-09-20 22:27:32:375</time></pt><pt><x>3459</x><y>2667</y><time>undefined</time></pt><pt><x>939</x><y>2667</y><time>undefined</time></pt><closed_date>18-09-20 22:27:32:377</closed_date></polygon></object></annotation>