<annotation><filename>m2_s03_201_p_ic087.jpg</filename><folder>users/joselusava//eg</folder><source><submittedBy>Jose Saca</submittedBy></source><imagesize><nrows>2910</nrows><ncols>4361</ncols></imagesize><object><name>m2_s03_201_p_ic087</name><deleted>0</deleted><verified>0</verified><occluded>no</occluded><attributes></attributes><parts><hasparts></hasparts><ispartof></ispartof></parts><date>17-09-20 08:01:12:840</date><id>0</id><type>bounding_box</type><polygon><username>anonymous</username><pt><x>1111</x><y>401</y><time>17-09-20 08:00:58:335</time></pt><pt><x>3147</x><y>401</y><time>17-09-20 08:00:59:915</time></pt><pt><x>3147</x><y>2487</y><time>undefined</time></pt><pt><x>1111</x><y>2487</y><time>undefined</time></pt><closed_date>17-09-20 08:00:59:916</closed_date></polygon></object></annotation>