<annotation><filename>m1_s01_005_p_nic071.jpg</filename><folder>users/joselusava//museos2020</folder><source><submittedBy>Jose Saca</submittedBy></source><imagesize><nrows>2000</nrows><ncols>2992</ncols></imagesize><object><name>m1_s01_005_p_nic071</name><deleted>0</deleted><verified>0</verified><occluded>no</occluded><attributes></attributes><parts><hasparts></hasparts><ispartof></ispartof></parts><date>14-09-20 11:33:16:949</date><id>0</id><type>bounding_box</type><polygon><username>anonymous</username><pt><x>495</x><y>655</y><time>14-09-20 11:33:05:236</time></pt><pt><x>824</x><y>655</y><time>14-09-20 11:33:06:120</time></pt><pt><x>824</x><y>994</y><time>undefined</time></pt><pt><x>495</x><y>994</y><time>undefined</time></pt><closed_date>14-09-20 11:33:06:121</closed_date></polygon></object></annotation>