<annotation><filename>m4_s04_037_p_ic010.jpg</filename><folder>users/joselusava//santiago_2</folder><source><submittedBy>Jose Saca</submittedBy></source><imagesize><nrows>2970</nrows><ncols>4451</ncols></imagesize><object><name>m4_s04_037_p_ic010</name><deleted>0</deleted><verified>0</verified><occluded>no</occluded><attributes></attributes><parts><hasparts></hasparts><ispartof></ispartof></parts><date>17-10-20 18:10:45:984</date><id>0</id><type>bounding_box</type><polygon><username>anonymous</username><pt><x>1817</x><y>593</y><time>17-10-20 18:10:41:510</time></pt><pt><x>2970</x><y>593</y><time>17-10-20 18:10:44:155</time></pt><pt><x>2970</x><y>2203</y><time>undefined</time></pt><pt><x>1817</x><y>2203</y><time>undefined</time></pt><closed_date>17-10-20 18:10:44:156</closed_date></polygon></object></annotation>