<annotation><filename>m4_s06_089_p_nic022.jpg</filename><folder>users/joselusava//santiago_2</folder><source><submittedBy>Jose Saca</submittedBy></source><imagesize><nrows>2970</nrows><ncols>4451</ncols></imagesize><object><name>m4_s06_089_p_nic022</name><deleted>0</deleted><verified>0</verified><occluded>no</occluded><attributes></attributes><parts><hasparts></hasparts><ispartof></ispartof></parts><date>12-10-20 20:50:43:103</date><id>0</id><type>bounding_box</type><polygon><username>anonymous</username><pt><x>2285</x><y>271</y><time>12-10-20 20:50:39:679</time></pt><pt><x>3945</x><y>271</y><time>12-10-20 20:50:40:927</time></pt><pt><x>3945</x><y>2242</y><time>undefined</time></pt><pt><x>2285</x><y>2242</y><time>undefined</time></pt><closed_date>12-10-20 20:50:40:928</closed_date></polygon></object></annotation>