<annotation><filename>m4_s10_154_p_nic057.jpg</filename><folder>users/joselusava//valeria/m04_s10_154_nic</folder><source><submittedBy>Jose Saca</submittedBy></source><imagesize><nrows>2970</nrows><ncols>4451</ncols></imagesize><object><name>m4_s10_154_p_nic057</name><deleted>0</deleted><verified>0</verified><occluded>no</occluded><attributes></attributes><parts><hasparts></hasparts><ispartof></ispartof></parts><date>14-10-20 13:16:36:209</date><id>0</id><type>bounding_box</type><polygon><username>anonymous</username><pt><x>2753</x><y>1668</y><time>14-10-20 13:16:30:751</time></pt><pt><x>1993</x><y>1668</y><time>14-10-20 13:16:32:682</time></pt><pt><x>1993</x><y>217</y><time>undefined</time></pt><pt><x>2753</x><y>217</y><time>undefined</time></pt><closed_date>14-10-20 13:16:32:683</closed_date></polygon></object></annotation>