<annotation><filename>m4_s03_025_p_ic064.jpg</filename><folder>users/joselusava//m4_js/m3/25</folder><source><submittedBy>Jose Saca</submittedBy></source><imagesize><nrows>2910</nrows><ncols>4361</ncols></imagesize><object><name>m4_s03_025_p_ic064</name><deleted>0</deleted><verified>0</verified><occluded>no</occluded><attributes></attributes><parts><hasparts></hasparts><ispartof></ispartof></parts><date>09-11-20 11:13:11:360</date><id>0</id><type>bounding_box</type><polygon><username>anonymous</username><pt><x>627</x><y>418</y><time>09-11-20 11:13:09:350</time></pt><pt><x>3543</x><y>418</y><time>09-11-20 11:13:10:530</time></pt><pt><x>3543</x><y>2281</y><time>undefined</time></pt><pt><x>627</x><y>2281</y><time>undefined</time></pt><closed_date>09-11-20 11:13:10:531</closed_date></polygon></object></annotation>