<annotation><filename>m4_s10_164_p_nic002.jpg</filename><folder>users/joselusava//santiago_2</folder><source><submittedBy>Jose Saca</submittedBy></source><imagesize><nrows>2970</nrows><ncols>4451</ncols></imagesize><object><name>m4_s10_164_p_nic002</name><deleted>0</deleted><verified>0</verified><occluded>no</occluded><attributes></attributes><parts><hasparts></hasparts><ispartof></ispartof></parts><date>13-10-20 23:35:05:409</date><id>0</id><type>bounding_box</type><polygon><username>anonymous</username><pt><x>3184</x><y>1078</y><time>13-10-20 23:35:02:834</time></pt><pt><x>3780</x><y>1078</y><time>13-10-20 23:35:03:631</time></pt><pt><x>3780</x><y>1888</y><time>undefined</time></pt><pt><x>3184</x><y>1888</y><time>undefined</time></pt><closed_date>13-10-20 23:35:03:632</closed_date></polygon></object></annotation>