<annotation><filename>m4_s06_079_x.jpg</filename><folder>users/joselusava//kath/m4_x</folder><source><submittedBy>Jose Saca</submittedBy></source><imagesize><nrows>2970</nrows><ncols>4451</ncols></imagesize><object><name>m4_s06_079_x</name><deleted>0</deleted><verified>0</verified><occluded>no</occluded><attributes></attributes><parts><hasparts></hasparts><ispartof></ispartof></parts><date>20-10-20 09:43:52:012</date><id>0</id><polygon><username>anonymous</username><pt><x>1557</x><y>111</y><time>20-10-20 09:43:45:523</time></pt><pt><x>1413</x><y>2653</y><time>20-10-20 09:43:46:703</time></pt><pt><x>3114</x><y>2677</y><time>20-10-20 09:43:47:885</time></pt><pt><x>2879</x><y>437</y><time>20-10-20 09:43:48:878</time></pt><closed_date>20-10-20 09:43:49:990</closed_date></polygon></object></annotation>