<annotation><filename>m4_s10_164_p_nic037.jpg</filename><folder>users/joselusava//santiago_2</folder><source><submittedBy>Jose Saca</submittedBy></source><imagesize><nrows>2970</nrows><ncols>4451</ncols></imagesize><object><name>m4_s10_164_p_nic037</name><deleted>0</deleted><verified>0</verified><occluded>no</occluded><attributes></attributes><parts><hasparts></hasparts><ispartof></ispartof></parts><date>14-10-20 00:04:40:278</date><id>0</id><type>bounding_box</type><polygon><username>anonymous</username><pt><x>3084</x><y>989</y><time>14-10-20 00:04:37:591</time></pt><pt><x>3588</x><y>989</y><time>14-10-20 00:04:38:276</time></pt><pt><x>3588</x><y>2074</y><time>undefined</time></pt><pt><x>3084</x><y>2074</y><time>undefined</time></pt><closed_date>14-10-20 00:04:38:276</closed_date></polygon></object></annotation>