<annotation><filename>m2_s03_248_p_ic023.jpg</filename><folder>users/joselusava//museos2020</folder><source><submittedBy>Jose Saca</submittedBy></source><imagesize><nrows>2910</nrows><ncols>4361</ncols></imagesize><object><name>m2_s03_248_p_ic023</name><deleted>0</deleted><verified>0</verified><occluded>no</occluded><attributes></attributes><parts><hasparts></hasparts><ispartof></ispartof></parts><date>27-09-20 08:09:46:886</date><id>0</id><type>bounding_box</type><polygon><username>anonymous</username><pt><x>0</x><y>400</y><time>27-09-20 08:09:35:962</time></pt><pt><x>4342</x><y>400</y><time>27-09-20 08:09:39:393</time></pt><pt><x>4342</x><y>2087</y><time>undefined</time></pt><pt><x>0</x><y>2087</y><time>undefined</time></pt><closed_date>27-09-20 08:09:39:393</closed_date></polygon></object></annotation>