<annotation><filename>m4_s02_021_p_ic060.jpg</filename><folder>users/joselusava//santiago_2</folder><source><submittedBy>Jose Saca</submittedBy></source><imagesize><nrows>3000</nrows><ncols>4496</ncols></imagesize><object><name>m4_s02_021_p_ic060</name><deleted>0</deleted><verified>0</verified><occluded>no</occluded><attributes></attributes><parts><hasparts></hasparts><ispartof></ispartof></parts><date>04-10-20 19:01:48:170</date><id>0</id><type>bounding_box</type><polygon><username>anonymous</username><pt><x>1600</x><y>354</y><time>04-10-20 19:01:41:913</time></pt><pt><x>2804</x><y>354</y><time>04-10-20 19:01:43:293</time></pt><pt><x>2804</x><y>2368</y><time>undefined</time></pt><pt><x>1600</x><y>2368</y><time>undefined</time></pt><closed_date>04-10-20 19:01:43:293</closed_date></polygon></object></annotation>