<annotation><filename>m4_s05_055_p_nic035.jpg</filename><folder>users/joselusava//valeria/m4_s05_055_nic</folder><source><submittedBy>Jose Saca</submittedBy></source><imagesize><nrows>2910</nrows><ncols>4361</ncols></imagesize><object><name>m4_s05_055_p_nic035</name><deleted>0</deleted><verified>0</verified><occluded>no</occluded><attributes></attributes><parts><hasparts></hasparts><ispartof></ispartof></parts><date>09-10-20 17:20:23:222</date><id>0</id><type>bounding_box</type><polygon><username>anonymous</username><pt><x>2739</x><y>2304</y><time>09-10-20 17:20:18:026</time></pt><pt><x>4001</x><y>2304</y><time>09-10-20 17:20:20:066</time></pt><pt><x>4001</x><y>810</y><time>undefined</time></pt><pt><x>2739</x><y>810</y><time>undefined</time></pt><closed_date>09-10-20 17:20:20:067</closed_date></polygon></object></annotation>