<annotation><filename>m4_s05_060_p_nic081.jpg</filename><folder>users/joselusava//m4_js/60/nic</folder><source><submittedBy>Jose Saca</submittedBy></source><imagesize><nrows>2910</nrows><ncols>4361</ncols></imagesize><object><name>m4_s05_060_p_nic081</name><deleted>0</deleted><verified>0</verified><occluded>no</occluded><attributes></attributes><parts><hasparts></hasparts><ispartof></ispartof></parts><date>14-10-20 00:21:55:812</date><id>0</id><type>bounding_box</type><polygon><username>anonymous</username><pt><x>1349</x><y>2402</y><time>14-10-20 00:21:54:102</time></pt><pt><x>4335</x><y>2402</y><time>14-10-20 00:21:55:135</time></pt><pt><x>4335</x><y>435</y><time>undefined</time></pt><pt><x>1349</x><y>435</y><time>undefined</time></pt><closed_date>14-10-20 00:21:55:135</closed_date></polygon></object></annotation>