<annotation><filename>m2_s06_244_p_nic074.jpg</filename><folder>users/joselusava//museos2020</folder><source><submittedBy>Jose Saca</submittedBy></source><imagesize><nrows>2910</nrows><ncols>4361</ncols></imagesize><object><name>m2_s06_244_p_ic074</name><deleted>0</deleted><verified>0</verified><occluded>no</occluded><attributes></attributes><parts><hasparts></hasparts><ispartof></ispartof></parts><date>26-09-20 21:50:37:310</date><id>0</id><type>bounding_box</type><polygon><username>anonymous</username><pt><x>1171</x><y>1790</y><time>26-09-20 21:50:28:263</time></pt><pt><x>2947</x><y>1790</y><time>26-09-20 21:50:30:708</time></pt><pt><x>2947</x><y>2645</y><time>undefined</time></pt><pt><x>1171</x><y>2645</y><time>undefined</time></pt><closed_date>26-09-20 21:50:30:710</closed_date></polygon></object></annotation>