<annotation><filename>m4_s06_089_p_nic003.jpg</filename><folder>users/joselusava//santiago_2</folder><source><submittedBy>Jose Saca</submittedBy></source><imagesize><nrows>2970</nrows><ncols>4451</ncols></imagesize><object><name>m4_s06_089_p_nic003</name><deleted>0</deleted><verified>0</verified><occluded>no</occluded><attributes></attributes><parts><hasparts></hasparts><ispartof></ispartof></parts><date>12-10-20 20:23:27:996</date><id>0</id><type>bounding_box</type><polygon><username>anonymous</username><pt><x>657</x><y>439</y><time>12-10-20 20:23:24:574</time></pt><pt><x>1917</x><y>439</y><time>12-10-20 20:23:25:887</time></pt><pt><x>1917</x><y>2327</y><time>undefined</time></pt><pt><x>657</x><y>2327</y><time>undefined</time></pt><closed_date>12-10-20 20:23:25:888</closed_date></polygon></object></annotation>