<annotation><filename>m2_s03_248_p_nic048.jpg</filename><folder>users/joselusava//museos2020</folder><source><submittedBy>Jose Saca</submittedBy></source><imagesize><nrows>2910</nrows><ncols>4361</ncols></imagesize><object><name>m2_s03_248_p_nic048</name><deleted>0</deleted><verified>0</verified><occluded>no</occluded><attributes></attributes><parts><hasparts></hasparts><ispartof></ispartof></parts><date>27-09-20 17:14:35:312</date><id>0</id><polygon><username>anonymous</username><pt><x>363</x><y>581</y><time>27-09-20 17:14:21:928</time></pt><pt><x>2496</x><y>535</y><time>27-09-20 17:14:22:968</time></pt><pt><x>1952</x><y>1241</y><time>27-09-20 17:14:24:107</time></pt><pt><x>200</x><y>841</y><time>27-09-20 17:14:25:629</time></pt><closed_date>27-09-20 17:14:30:371</closed_date></polygon></object></annotation>