<annotation><filename>m2_s06_250_p_ic086.jpg</filename><folder>users/joselusava//valeria/m2_sala06_250_ic</folder><source><submittedBy>Jose Saca</submittedBy></source><imagesize><nrows>2910</nrows><ncols>4361</ncols></imagesize><object><name>m2_s06_250_p_ic085</name><deleted>0</deleted><verified>0</verified><occluded>no</occluded><attributes></attributes><parts><hasparts></hasparts><ispartof></ispartof></parts><date>01-10-20 00:20:04:277</date><id>0</id><type>bounding_box</type><polygon><username>anonymous</username><pt><x>336</x><y>1637</y><time>01-10-20 00:19:57:246</time></pt><pt><x>4167</x><y>1637</y><time>01-10-20 00:19:59:710</time></pt><pt><x>4167</x><y>898</y><time>undefined</time></pt><pt><x>336</x><y>898</y><time>undefined</time></pt><closed_date>01-10-20 00:19:59:712</closed_date></polygon></object></annotation>