<annotation><filename>m2_s01_010_p_ic036.jpg</filename><folder>users/joselusava//santiago</folder><source><submittedBy>Jose Saca</submittedBy></source><imagesize><nrows>2850</nrows><ncols>4271</ncols></imagesize><object><name>m2_s01_010_p_ic036</name><deleted>0</deleted><verified>0</verified><occluded>no</occluded><attributes></attributes><parts><hasparts></hasparts><ispartof></ispartof></parts><date>21-09-20 15:40:51:655</date><id>0</id><type>bounding_box</type><polygon><username>anonymous</username><pt><x>1128</x><y>478</y><time>21-09-20 15:40:43:503</time></pt><pt><x>3167</x><y>478</y><time>21-09-20 15:40:45:315</time></pt><pt><x>3167</x><y>2542</y><time>undefined</time></pt><pt><x>1128</x><y>2542</y><time>undefined</time></pt><closed_date>21-09-20 15:40:45:316</closed_date></polygon></object></annotation>