<annotation><filename>m1_s06_168_p_ic051.jpg</filename><folder>users/joselusava//jacob_2/168ic</folder><source><submittedBy>Jose Saca</submittedBy></source><imagesize><nrows>2736</nrows><ncols>4100</ncols></imagesize><object><name>m1_s06_168_p_ic051</name><deleted>0</deleted><verified>0</verified><occluded>no</occluded><attributes></attributes><parts><hasparts></hasparts><ispartof></ispartof></parts><date>08-09-20 19:56:12:185</date><id>0</id><type>bounding_box</type><polygon><username>anonymous</username><pt><x>1080</x><y>2496</y><time>08-09-20 19:56:09:433</time></pt><pt><x>3020</x><y>2496</y><time>08-09-20 19:56:11:082</time></pt><pt><x>3020</x><y>65</y><time>undefined</time></pt><pt><x>1080</x><y>65</y><time>undefined</time></pt><closed_date>08-09-20 19:56:11:083</closed_date></polygon></object></annotation>