<annotation><filename>m4_s05_052_p_ic066.jpg</filename><folder>users/joselusava//santiago_2</folder><source><submittedBy>Jose Saca</submittedBy></source><imagesize><nrows>2910</nrows><ncols>4361</ncols></imagesize><object><name>m4_s05_052_p_ic066</name><deleted>0</deleted><verified>0</verified><occluded>no</occluded><attributes></attributes><parts><hasparts></hasparts><ispartof></ispartof></parts><date>07-10-20 22:44:55:636</date><id>0</id><type>bounding_box</type><polygon><username>anonymous</username><pt><x>1452</x><y>696</y><time>07-10-20 22:44:51:586</time></pt><pt><x>3274</x><y>696</y><time>07-10-20 22:44:53:184</time></pt><pt><x>3274</x><y>2605</y><time>undefined</time></pt><pt><x>1452</x><y>2605</y><time>undefined</time></pt><closed_date>07-10-20 22:44:53:186</closed_date></polygon></object></annotation>