<annotation><filename>m1_s01_017_p_nic035.jpg</filename><folder>users/joselusava//santiago</folder><source><submittedBy>Jose Saca</submittedBy></source><imagesize><nrows>3200</nrows><ncols>4800</ncols></imagesize><object><name>m1_s01_017_p_nic035</name><deleted>0</deleted><verified>0</verified><occluded>no</occluded><attributes></attributes><parts><hasparts></hasparts><ispartof></ispartof></parts><date>11-09-20 18:59:13:628</date><id>0</id><type>bounding_box</type><polygon><username>anonymous</username><pt><x>760</x><y>2523</y><time>11-09-20 18:59:05:754</time></pt><pt><x>1382</x><y>2523</y><time>11-09-20 18:59:07:148</time></pt><pt><x>1382</x><y>2869</y><time>undefined</time></pt><pt><x>760</x><y>2869</y><time>undefined</time></pt><closed_date>11-09-20 18:59:07:149</closed_date></polygon></object></annotation>