<annotation><filename>m3_s01_013_p_nic079.jpg</filename><folder>users/joselusava//valeria/m03_s01_13_nic</folder><source><submittedBy>Jose Saca</submittedBy></source><imagesize><nrows>2970</nrows><ncols>4451</ncols></imagesize><object><name>m3_s01_013_p_nic079</name><deleted>0</deleted><verified>0</verified><occluded>no</occluded><attributes></attributes><parts><hasparts></hasparts><ispartof></ispartof></parts><date>07-11-20 00:07:18:318</date><id>0</id><type>bounding_box</type><polygon><username>anonymous</username><pt><x>1439</x><y>2393</y><time>07-11-20 00:07:13:533</time></pt><pt><x>3336</x><y>2393</y><time>07-11-20 00:07:15:567</time></pt><pt><x>3336</x><y>200</y><time>undefined</time></pt><pt><x>1439</x><y>200</y><time>undefined</time></pt><closed_date>07-11-20 00:07:15:568</closed_date></polygon></object></annotation>