<annotation><filename>m4_s12_185_p_nic062.jpg</filename><folder>users/joselusava//valeria/m04_s12_185_nic</folder><source><submittedBy>Jose Saca</submittedBy></source><imagesize><nrows>2910</nrows><ncols>4361</ncols></imagesize><object><name>m4_s12_185_p_nic062</name><deleted>0</deleted><verified>0</verified><occluded>no</occluded><attributes></attributes><parts><hasparts></hasparts><ispartof></ispartof></parts><date>17-10-20 23:29:51:780</date><id>0</id><type>bounding_box</type><polygon><username>anonymous</username><pt><x>56</x><y>2669</y><time>17-10-20 23:29:45:144</time></pt><pt><x>1975</x><y>2669</y><time>17-10-20 23:29:48:124</time></pt><pt><x>1975</x><y>655</y><time>undefined</time></pt><pt><x>56</x><y>655</y><time>undefined</time></pt><closed_date>17-10-20 23:29:48:125</closed_date></polygon></object></annotation>