<annotation><filename>m4_s05_052_p_ic010.jpg</filename><folder>users/joselusava//santiago_2</folder><source><submittedBy>Jose Saca</submittedBy></source><imagesize><nrows>2910</nrows><ncols>4361</ncols></imagesize><object><name>m4_s05_052_p_ic010</name><deleted>0</deleted><verified>0</verified><occluded>no</occluded><attributes></attributes><parts><hasparts></hasparts><ispartof></ispartof></parts><date>07-10-20 16:21:47:993</date><id>0</id><type>bounding_box</type><polygon><username>anonymous</username><pt><x>1306</x><y>561</y><time>07-10-20 16:21:42:907</time></pt><pt><x>3107</x><y>561</y><time>07-10-20 16:21:45:538</time></pt><pt><x>3107</x><y>2432</y><time>undefined</time></pt><pt><x>1306</x><y>2432</y><time>undefined</time></pt><closed_date>07-10-20 16:21:45:540</closed_date></polygon></object></annotation>