<annotation><filename>m2_s01_034_p_ic087.jpg</filename><folder>users/joselusava//kath</folder><source><submittedBy>Jose Saca</submittedBy></source><imagesize><nrows>2850</nrows><ncols>4271</ncols></imagesize><object><name>m2_s01_034_p_ic087</name><deleted>0</deleted><verified>0</verified><occluded>no</occluded><attributes></attributes><parts><hasparts></hasparts><ispartof></ispartof></parts><date>25-09-20 17:04:14:937</date><id>0</id><polygon><username>anonymous</username><pt><x>1275</x><y>215</y><time>25-09-20 17:03:58:867</time></pt><pt><x>2657</x><y>165</y><time>25-09-20 17:04:00:325</time></pt><pt><x>3151</x><y>2556</y><time>25-09-20 17:04:02:483</time></pt><pt><x>1325</x><y>2399</y><time>25-09-20 17:04:10:038</time></pt><closed_date>25-09-20 17:04:11:974</closed_date></polygon></object></annotation>