<annotation><filename>m4_s04_037_p_ic041.jpg</filename><folder>users/joselusava//santiago_2</folder><source><submittedBy>Jose Saca</submittedBy></source><imagesize><nrows>2970</nrows><ncols>4451</ncols></imagesize><object><name>m4_s04_037_p_ic041</name><deleted>0</deleted><verified>0</verified><occluded>no</occluded><attributes></attributes><parts><hasparts></hasparts><ispartof></ispartof></parts><date>18-10-20 17:19:44:969</date><id>0</id><type>bounding_box</type><polygon><username>anonymous</username><pt><x>1590</x><y>434</y><time>18-10-20 17:19:27:745</time></pt><pt><x>2960</x><y>434</y><time>18-10-20 17:19:31:373</time></pt><pt><x>2960</x><y>2633</y><time>undefined</time></pt><pt><x>1590</x><y>2633</y><time>undefined</time></pt><closed_date>18-10-20 17:19:31:375</closed_date></polygon></object></annotation>