<annotation><filename>m4_s04_037_p_ic069.jpg</filename><folder>users/joselusava//santiago_2</folder><source><submittedBy>Jose Saca</submittedBy></source><imagesize><nrows>2970</nrows><ncols>4451</ncols></imagesize><object><name>m4_s04_037_p_ic069</name><deleted>0</deleted><verified>0</verified><occluded>no</occluded><attributes></attributes><parts><hasparts></hasparts><ispartof></ispartof></parts><date>18-10-20 21:42:10:886</date><id>0</id><type>bounding_box</type><polygon><username>anonymous</username><pt><x>1771</x><y>678</y><time>18-10-20 21:41:59:383</time></pt><pt><x>3091</x><y>678</y><time>18-10-20 21:42:01:265</time></pt><pt><x>3091</x><y>2634</y><time>undefined</time></pt><pt><x>1771</x><y>2634</y><time>undefined</time></pt><closed_date>18-10-20 21:42:01:266</closed_date></polygon></object></annotation>