<annotation><filename>m2_s01_018_p_nic082.jpg</filename><folder>users/joselusava//santiago_2</folder><source><submittedBy>Jose Saca</submittedBy></source><imagesize><nrows>2850</nrows><ncols>4271</ncols></imagesize><object><name>m2_s01_018_p_nic082</name><deleted>0</deleted><verified>0</verified><occluded>no</occluded><attributes></attributes><parts><hasparts></hasparts><ispartof></ispartof></parts><date>29-09-20 19:02:07:601</date><id>0</id><type>bounding_box</type><polygon><username>anonymous</username><pt><x>2462</x><y>846</y><time>29-09-20 19:02:00:927</time></pt><pt><x>3023</x><y>846</y><time>29-09-20 19:02:02:303</time></pt><pt><x>3023</x><y>1638</y><time>undefined</time></pt><pt><x>2462</x><y>1638</y><time>undefined</time></pt><closed_date>29-09-20 19:02:02:303</closed_date></polygon></object></annotation>