<annotation><filename>m2_s01_001_p_nic027.jpg</filename><folder>users/joselusava//santiago</folder><source><submittedBy>Jose Saca</submittedBy></source><imagesize><nrows>2850</nrows><ncols>4271</ncols></imagesize><object><name>m2_s01_001_p_nic027</name><deleted>0</deleted><verified>0</verified><occluded>no</occluded><attributes></attributes><parts><hasparts></hasparts><ispartof></ispartof></parts><date>19-09-20 22:15:08:637</date><id>0</id><type>bounding_box</type><polygon><username>anonymous</username><pt><x>269</x><y>757</y><time>19-09-20 22:14:59:887</time></pt><pt><x>1757</x><y>757</y><time>19-09-20 22:15:02:101</time></pt><pt><x>1757</x><y>2196</y><time>undefined</time></pt><pt><x>269</x><y>2196</y><time>undefined</time></pt><closed_date>19-09-20 22:15:02:101</closed_date></polygon></object></annotation>