<annotation><filename>m2_s01_032_p_nic098.jpg</filename><folder>users/joselusava//santiago_2</folder><source><submittedBy>Jose Saca</submittedBy></source><imagesize><nrows>2850</nrows><ncols>4271</ncols></imagesize><object><name>m2_s01_032_p_nic098</name><deleted>0</deleted><verified>0</verified><occluded>no</occluded><attributes></attributes><parts><hasparts></hasparts><ispartof></ispartof></parts><date>30-09-20 21:32:19:637</date><id>0</id><type>bounding_box</type><polygon><username>anonymous</username><pt><x>2429</x><y>299</y><time>30-09-20 21:32:16:760</time></pt><pt><x>3094</x><y>299</y><time>30-09-20 21:32:17:370</time></pt><pt><x>3094</x><y>1160</y><time>undefined</time></pt><pt><x>2429</x><y>1160</y><time>undefined</time></pt><closed_date>30-09-20 21:32:17:372</closed_date></polygon></object></annotation>