<annotation><filename>m2_s03_201_p_ic076.jpg</filename><folder>users/joselusava//eg</folder><source><submittedBy>Jose Saca</submittedBy></source><imagesize><nrows>2910</nrows><ncols>4361</ncols></imagesize><object><name>m2_s03_201_p_ic075</name><deleted>0</deleted><verified>0</verified><occluded>no</occluded><attributes></attributes><parts><hasparts></hasparts><ispartof></ispartof></parts><date>17-09-20 07:47:34:620</date><id>0</id><type>bounding_box</type><polygon><username>anonymous</username><pt><x>1046</x><y>366</y><time>17-09-20 07:47:22:105</time></pt><pt><x>2932</x><y>366</y><time>17-09-20 07:47:26:304</time></pt><pt><x>2932</x><y>2415</y><time>undefined</time></pt><pt><x>1046</x><y>2415</y><time>undefined</time></pt><closed_date>17-09-20 07:47:26:305</closed_date></polygon></object></annotation>