<annotation><filename>m2_s01_010_p_nic096.jpg</filename><folder>users/joselusava//santiago</folder><source><submittedBy>Jose Saca</submittedBy></source><imagesize><nrows>2850</nrows><ncols>4271</ncols></imagesize><object><name>m2_s01_010_p_nic096</name><deleted>0</deleted><verified>0</verified><occluded>no</occluded><attributes></attributes><parts><hasparts></hasparts><ispartof></ispartof></parts><date>22-09-20 21:59:30:281</date><id>0</id><type>bounding_box</type><polygon><username>anonymous</username><pt><x>2786</x><y>1494</y><time>22-09-20 21:59:23:168</time></pt><pt><x>3783</x><y>1494</y><time>22-09-20 21:59:24:244</time></pt><pt><x>3783</x><y>2606</y><time>undefined</time></pt><pt><x>2786</x><y>2606</y><time>undefined</time></pt><closed_date>22-09-20 21:59:24:245</closed_date></polygon></object></annotation>