<annotation><filename>m2_s06_244_p_ic090.jpg</filename><folder>users/joselusava//museos2020</folder><source><submittedBy>Jose Saca</submittedBy></source><imagesize><nrows>2910</nrows><ncols>4361</ncols></imagesize><object><name>m2_s06_244_p_ic090</name><deleted>0</deleted><verified>0</verified><occluded>no</occluded><attributes></attributes><parts><hasparts></hasparts><ispartof></ispartof></parts><date>23-09-20 09:24:14:884</date><id>0</id><type>bounding_box</type><polygon><username>anonymous</username><pt><x>423</x><y>831</y><time>23-09-20 09:24:06:249</time></pt><pt><x>3534</x><y>831</y><time>23-09-20 09:24:08:198</time></pt><pt><x>3534</x><y>2609</y><time>undefined</time></pt><pt><x>423</x><y>2609</y><time>undefined</time></pt><closed_date>23-09-20 09:24:08:200</closed_date></polygon></object></annotation>