<annotation><filename>m2_s01_032_p_nic058.jpg</filename><folder>users/joselusava//santiago_2</folder><source><submittedBy>Jose Saca</submittedBy></source><imagesize><nrows>2850</nrows><ncols>4271</ncols></imagesize><object><name>m2_s01_032_p_nic058</name><deleted>0</deleted><verified>0</verified><occluded>no</occluded><attributes></attributes><parts><hasparts></hasparts><ispartof></ispartof></parts><date>30-09-20 21:01:00:010</date><id>0</id><type>bounding_box</type><polygon><username>anonymous</username><pt><x>366</x><y>953</y><time>30-09-20 21:00:56:844</time></pt><pt><x>1249</x><y>953</y><time>30-09-20 21:00:57:858</time></pt><pt><x>1249</x><y>1839</y><time>undefined</time></pt><pt><x>366</x><y>1839</y><time>undefined</time></pt><closed_date>30-09-20 21:00:57:860</closed_date></polygon></object></annotation>