<annotation><filename>m4_s06_089_p_nic005.jpg</filename><folder>users/joselusava//santiago_2</folder><source><submittedBy>Jose Saca</submittedBy></source><imagesize><nrows>2970</nrows><ncols>4451</ncols></imagesize><object><name>m4_s06_089_p_nic005</name><deleted>0</deleted><verified>0</verified><occluded>no</occluded><attributes></attributes><parts><hasparts></hasparts><ispartof></ispartof></parts><date>12-10-20 20:24:48:520</date><id>0</id><type>bounding_box</type><polygon><username>anonymous</username><pt><x>578</x><y>564</y><time>12-10-20 20:24:46:011</time></pt><pt><x>2031</x><y>564</y><time>12-10-20 20:24:46:877</time></pt><pt><x>2031</x><y>2338</y><time>undefined</time></pt><pt><x>578</x><y>2338</y><time>undefined</time></pt><closed_date>12-10-20 20:24:46:879</closed_date></polygon></object></annotation>