<annotation><filename>m4_s10_164_p_ic046.jpg</filename><folder>users/joselusava//santiago_2</folder><source><submittedBy>Jose Saca</submittedBy></source><imagesize><nrows>2970</nrows><ncols>4451</ncols></imagesize><object><name>m4_s10_164_p_ic046</name><deleted>0</deleted><verified>0</verified><occluded>no</occluded><attributes></attributes><parts><hasparts></hasparts><ispartof></ispartof></parts><date>13-10-20 22:37:28:001</date><id>0</id><type>bounding_box</type><polygon><username>anonymous</username><pt><x>1981</x><y>1085</y><time>13-10-20 22:37:25:213</time></pt><pt><x>2506</x><y>1085</y><time>13-10-20 22:37:26:202</time></pt><pt><x>2506</x><y>1846</y><time>undefined</time></pt><pt><x>1981</x><y>1846</y><time>undefined</time></pt><closed_date>13-10-20 22:37:26:202</closed_date></polygon></object></annotation>