<annotation><filename>m1_s02_029_p_ic094.jpg</filename><folder>users/joselusava//valeria/sala2_029_ic</folder><source><submittedBy>Jose Saca</submittedBy></source><imagesize><nrows>3200</nrows><ncols>4800</ncols></imagesize><object><name>m1_s02_029_p_ic094</name><deleted>0</deleted><verified>0</verified><occluded>no</occluded><attributes></attributes><parts><hasparts></hasparts><ispartof></ispartof></parts><date>22-08-20 21:28:00:758</date><id>0</id><type>bounding_box</type><polygon><username>anonymous</username><pt><x>1434</x><y>107</y><time>22-08-20 21:27:53:235</time></pt><pt><x>3452</x><y>107</y><time>22-08-20 21:27:57:012</time></pt><pt><x>3452</x><y>2846</y><time>undefined</time></pt><pt><x>1434</x><y>2846</y><time>undefined</time></pt><closed_date>22-08-20 21:27:57:013</closed_date></polygon></object></annotation>