<annotation><filename>m1_s01_005_p_ic093.jpg</filename><folder>users/joselusava//jacob/sala1/ic</folder><source><submittedBy>Jose Saca</submittedBy></source><imagesize><nrows>2000</nrows><ncols>2992</ncols></imagesize><object><name>m1_s01_005_p_ic093</name><deleted>0</deleted><verified>0</verified><occluded>no</occluded><attributes></attributes><parts><hasparts></hasparts><ispartof></ispartof></parts><date>14-09-20 20:55:15:107</date><id>0</id><type>bounding_box</type><polygon><username>anonymous</username><pt><x>993</x><y>535</y><time>14-09-20 20:55:13:488</time></pt><pt><x>1927</x><y>535</y><time>14-09-20 20:55:14:518</time></pt><pt><x>1927</x><y>1434</y><time>undefined</time></pt><pt><x>993</x><y>1434</y><time>undefined</time></pt><closed_date>14-09-20 20:55:14:518</closed_date></polygon></object></annotation>