<annotation><filename>m2_s01_001_p_nic069.jpg</filename><folder>users/joselusava//santiago</folder><source><submittedBy>Jose Saca</submittedBy></source><imagesize><nrows>2850</nrows><ncols>4271</ncols></imagesize><object><name>m2_s01_001_p_nic069</name><deleted>0</deleted><verified>0</verified><occluded>no</occluded><attributes></attributes><parts><hasparts></hasparts><ispartof></ispartof></parts><date>19-09-20 23:15:28:353</date><id>0</id><type>bounding_box</type><polygon><username>anonymous</username><pt><x>1827</x><y>199</y><time>19-09-20 23:15:21:816</time></pt><pt><x>3196</x><y>199</y><time>19-09-20 23:15:22:848</time></pt><pt><x>3196</x><y>1401</y><time>undefined</time></pt><pt><x>1827</x><y>1401</y><time>undefined</time></pt><closed_date>19-09-20 23:15:22:849</closed_date></polygon></object></annotation>