<annotation><filename>m2_s01_054_p_nic011.jpg</filename><folder>users/joselusava//kath</folder><source><submittedBy>Jose Saca</submittedBy></source><imagesize><nrows>2850</nrows><ncols>4271</ncols></imagesize><object><name>m2_s01_054_p_nic011</name><deleted>0</deleted><verified>0</verified><occluded>no</occluded><attributes></attributes><parts><hasparts></hasparts><ispartof></ispartof></parts><date>30-09-20 11:04:13:518</date><id>0</id><type>bounding_box</type><polygon><username>anonymous</username><pt><x>1544</x><y>330</y><time>30-09-20 11:04:09:108</time></pt><pt><x>772</x><y>330</y><time>30-09-20 11:04:10:970</time></pt><pt><x>772</x><y>1432</y><time>undefined</time></pt><pt><x>1544</x><y>1432</y><time>undefined</time></pt><closed_date>30-09-20 11:04:10:970</closed_date></polygon></object></annotation>