<annotation><filename>m2_s02_190_p_nic096.jpg</filename><folder>users/joselusava//m2_jsv/190/nic</folder><source><submittedBy>Jose Saca</submittedBy></source><imagesize><nrows>2910</nrows><ncols>4361</ncols></imagesize><object><name>m2_s02_190_p_nic096</name><deleted>0</deleted><verified>0</verified><occluded>no</occluded><attributes></attributes><parts><hasparts></hasparts><ispartof></ispartof></parts><date>21-09-20 16:16:24:454</date><id>0</id><type>bounding_box</type><polygon><username>anonymous</username><pt><x>3978</x><y>2298</y><time>21-09-20 16:16:22:669</time></pt><pt><x>3003</x><y>2298</y><time>21-09-20 16:16:23:831</time></pt><pt><x>3003</x><y>810</y><time>undefined</time></pt><pt><x>3978</x><y>810</y><time>undefined</time></pt><closed_date>21-09-20 16:16:23:831</closed_date></polygon></object></annotation>