<annotation><filename>m2_s01_018_p_ic017.jpg</filename><folder>users/joselusava//santiago_2</folder><source><submittedBy>Jose Saca</submittedBy></source><imagesize><nrows>3000</nrows><ncols>4496</ncols></imagesize><object><name>m2_s01_018_p_ic017</name><deleted>0</deleted><verified>0</verified><occluded>no</occluded><attributes></attributes><parts><hasparts></hasparts><ispartof></ispartof></parts><date>26-09-20 18:55:45:309</date><id>0</id><type>bounding_box</type><polygon><username>anonymous</username><pt><x>1515</x><y>783</y><time>26-09-20 18:55:38:054</time></pt><pt><x>2760</x><y>783</y><time>26-09-20 18:55:39:234</time></pt><pt><x>2760</x><y>2285</y><time>undefined</time></pt><pt><x>1515</x><y>2285</y><time>undefined</time></pt><closed_date>26-09-20 18:55:39:234</closed_date></polygon></object></annotation>