<annotation><filename>m4_s09_138_p_nic014.jpg</filename><folder>users/joselusava//santiago_2</folder><source><submittedBy>Jose Saca</submittedBy></source><imagesize><nrows>2970</nrows><ncols>4451</ncols></imagesize><object><name>m4_s09_138_p_nic014</name><deleted>0</deleted><verified>0</verified><occluded>no</occluded><attributes></attributes><parts><hasparts></hasparts><ispartof></ispartof></parts><date>22-10-20 23:13:58:677</date><id>0</id><type>bounding_box</type><polygon><username>anonymous</username><pt><x>271</x><y>800</y><time>22-10-20 23:13:55:561</time></pt><pt><x>2567</x><y>800</y><time>22-10-20 23:13:56:565</time></pt><pt><x>2567</x><y>1874</y><time>undefined</time></pt><pt><x>271</x><y>1874</y><time>undefined</time></pt><closed_date>22-10-20 23:13:56:567</closed_date></polygon></object></annotation>