<annotation><filename>m1_s03-04_070_x.jpg</filename><folder>users/joselusava//valeria/sala03y04</folder><source><submittedBy>Jose Saca</submittedBy></source><imagesize><nrows>3200</nrows><ncols>4800</ncols></imagesize><object><name>m1_s03_s04_070_x</name><deleted>0</deleted><verified>0</verified><occluded>no</occluded><attributes></attributes><parts><hasparts></hasparts><ispartof></ispartof></parts><date>28-08-20 19:39:09:300</date><id>0</id><type>bounding_box</type><polygon><username>anonymous</username><pt><x>864</x><y>693</y><time>28-08-20 19:39:02:017</time></pt><pt><x>4145</x><y>693</y><time>28-08-20 19:39:05:069</time></pt><pt><x>4145</x><y>2840</y><time>undefined</time></pt><pt><x>864</x><y>2840</y><time>undefined</time></pt><closed_date>28-08-20 19:39:05:070</closed_date></polygon></object></annotation>