<annotation><filename>m1_s02_065_p_ic099.jpg</filename><folder>users/joselusava//valeria/sala2_065_ic</folder><source><submittedBy>Jose Saca</submittedBy></source><imagesize><nrows>2000</nrows><ncols>2992</ncols></imagesize><object><name>m1_s02_065_p_ic099</name><deleted>0</deleted><verified>0</verified><occluded>no</occluded><attributes></attributes><parts><hasparts></hasparts><ispartof></ispartof></parts><date>26-08-20 01:50:59:327</date><id>0</id><type>bounding_box</type><polygon><username>anonymous</username><pt><x>37</x><y>315</y><time>26-08-20 01:50:50:036</time></pt><pt><x>2899</x><y>315</y><time>26-08-20 01:50:53:253</time></pt><pt><x>2899</x><y>1705</y><time>undefined</time></pt><pt><x>37</x><y>1705</y><time>undefined</time></pt><closed_date>26-08-20 01:50:53:254</closed_date></polygon></object></annotation>