<annotation><filename>m2_s02_190_p_ic051.jpg</filename><folder>users/joselusava//m2_jsv/190/ic</folder><source><submittedBy>Jose Saca</submittedBy></source><imagesize><nrows>2910</nrows><ncols>4361</ncols></imagesize><object><name>m2_s02_190_p_ic051</name><deleted>0</deleted><verified>0</verified><occluded>no</occluded><attributes></attributes><parts><hasparts></hasparts><ispartof></ispartof></parts><date>21-09-20 14:25:28:971</date><id>0</id><type>bounding_box</type><polygon><username>anonymous</username><pt><x>1405</x><y>789</y><time>21-09-20 14:25:26:637</time></pt><pt><x>2965</x><y>789</y><time>21-09-20 14:25:28:427</time></pt><pt><x>2965</x><y>2731</y><time>undefined</time></pt><pt><x>1405</x><y>2731</y><time>undefined</time></pt><closed_date>21-09-20 14:25:28:427</closed_date></polygon></object></annotation>