<annotation><filename>m4_s04_037_p_nic038.jpg</filename><folder>users/joselusava//santiago_2</folder><source><submittedBy>Jose Saca</submittedBy></source><imagesize><nrows>2970</nrows><ncols>4451</ncols></imagesize><object><name>m4_s04_037_p_nic038</name><deleted>0</deleted><verified>0</verified><occluded>no</occluded><attributes></attributes><parts><hasparts></hasparts><ispartof></ispartof></parts><date>19-10-20 22:16:59:934</date><id>0</id><type>bounding_box</type><polygon><username>anonymous</username><pt><x>2335</x><y>75</y><time>19-10-20 22:16:53:152</time></pt><pt><x>3298</x><y>75</y><time>19-10-20 22:16:54:422</time></pt><pt><x>3298</x><y>1292</y><time>undefined</time></pt><pt><x>2335</x><y>1292</y><time>undefined</time></pt><closed_date>19-10-20 22:16:54:423</closed_date></polygon></object></annotation>