<annotation><filename>m2_s01_010_p_nic026.jpg</filename><folder>users/joselusava//santiago</folder><source><submittedBy>Jose Saca</submittedBy></source><imagesize><nrows>2850</nrows><ncols>4271</ncols></imagesize><object><name>m2_s01_010_p_nic026</name><deleted>0</deleted><verified>0</verified><occluded>no</occluded><attributes></attributes><parts><hasparts></hasparts><ispartof></ispartof></parts><date>22-09-20 20:20:02:868</date><id>0</id><type>bounding_box</type><polygon><username>anonymous</username><pt><x>2606</x><y>670</y><time>22-09-20 20:19:56:505</time></pt><pt><x>3616</x><y>670</y><time>22-09-20 20:19:57:801</time></pt><pt><x>3616</x><y>1609</y><time>undefined</time></pt><pt><x>2606</x><y>1609</y><time>undefined</time></pt><closed_date>22-09-20 20:19:57:801</closed_date></polygon></object></annotation>