<annotation><filename>m4_s10_154_p_ic005.jpg</filename><folder>users/joselusava//valeria/m04_s10_154_ic</folder><source><submittedBy>Jose Saca</submittedBy></source><imagesize><nrows>2970</nrows><ncols>4451</ncols></imagesize><object><name>m4_s10_154_p_ic005</name><deleted>0</deleted><verified>0</verified><occluded>no</occluded><attributes></attributes><parts><hasparts></hasparts><ispartof></ispartof></parts><date>13-10-20 17:07:32:223</date><id>0</id><type>bounding_box</type><polygon><username>anonymous</username><pt><x>1451</x><y>2666</y><time>13-10-20 17:07:27:425</time></pt><pt><x>2846</x><y>2666</y><time>13-10-20 17:07:29:155</time></pt><pt><x>2846</x><y>326</y><time>undefined</time></pt><pt><x>1451</x><y>326</y><time>undefined</time></pt><closed_date>13-10-20 17:07:29:156</closed_date></polygon></object></annotation>