<annotation><filename>m4_s03_025_p_ic051.jpg</filename><folder>users/joselusava//m4_js/m3/25</folder><source><submittedBy>Jose Saca</submittedBy></source><imagesize><nrows>2910</nrows><ncols>4361</ncols></imagesize><object><name>m4_s03_025_p_ic051</name><deleted>0</deleted><verified>0</verified><occluded>no</occluded><attributes></attributes><parts><hasparts></hasparts><ispartof></ispartof></parts><date>09-11-20 11:09:00:727</date><id>0</id><type>bounding_box</type><polygon><username>anonymous</username><pt><x>670</x><y>470</y><time>09-11-20 11:08:58:634</time></pt><pt><x>3900</x><y>470</y><time>09-11-20 11:08:59:987</time></pt><pt><x>3900</x><y>2472</y><time>undefined</time></pt><pt><x>670</x><y>2472</y><time>undefined</time></pt><closed_date>09-11-20 11:08:59:988</closed_date></polygon></object></annotation>