<annotation><filename>m2_s01_010_p_nic076.jpg</filename><folder>users/joselusava//santiago</folder><source><submittedBy>Jose Saca</submittedBy></source><imagesize><nrows>2850</nrows><ncols>4271</ncols></imagesize><object><name>m2_s01_010_p_nic076</name><deleted>0</deleted><verified>0</verified><occluded>no</occluded><attributes></attributes><parts><hasparts></hasparts><ispartof></ispartof></parts><date>22-09-20 21:30:49:584</date><id>0</id><type>bounding_box</type><polygon><username>anonymous</username><pt><x>2334</x><y>401</y><time>22-09-20 21:30:45:814</time></pt><pt><x>2946</x><y>401</y><time>22-09-20 21:30:46:702</time></pt><pt><x>2946</x><y>1090</y><time>undefined</time></pt><pt><x>2334</x><y>1090</y><time>undefined</time></pt><closed_date>22-09-20 21:30:46:703</closed_date></polygon></object></annotation>