<annotation><filename>m2_s02_085_p_nic043.jpg</filename><folder>users/joselusava//m2_jsv/85/nic</folder><source><submittedBy>Jose Saca</submittedBy></source><imagesize><nrows>2910</nrows><ncols>4361</ncols></imagesize><object><name>m2_s02_085_p_nic043</name><deleted>0</deleted><verified>0</verified><occluded>no</occluded><attributes></attributes><parts><hasparts></hasparts><ispartof></ispartof></parts><date>19-09-20 22:41:49:972</date><id>0</id><type>bounding_box</type><polygon><username>anonymous</username><pt><x>479</x><y>827</y><time>19-09-20 22:41:48:226</time></pt><pt><x>1523</x><y>827</y><time>19-09-20 22:41:49:184</time></pt><pt><x>1523</x><y>2028</y><time>undefined</time></pt><pt><x>479</x><y>2028</y><time>undefined</time></pt><closed_date>19-09-20 22:41:49:184</closed_date></polygon></object></annotation>