<annotation><filename>m2_s03_248_p_ic009.jpg</filename><folder>users/joselusava//museos2020</folder><source><submittedBy>Jose Saca</submittedBy></source><imagesize><nrows>2910</nrows><ncols>4361</ncols></imagesize><object><name>m2_s03_248_p_ic009</name><deleted>0</deleted><verified>0</verified><occluded>no</occluded><attributes></attributes><parts><hasparts></hasparts><ispartof></ispartof></parts><date>26-09-20 22:19:42:886</date><id>0</id><polygon><username>anonymous</username><pt><x>321</x><y>669</y><time>26-09-20 22:19:31:975</time></pt><pt><x>1027</x><y>2124</y><time>26-09-20 22:19:32:948</time></pt><pt><x>4305</x><y>1106</y><time>26-09-20 22:19:34:259</time></pt><pt><x>4049</x><y>767</y><time>26-09-20 22:19:35:299</time></pt><closed_date>26-09-20 22:19:36:590</closed_date></polygon></object></annotation>