<annotation><filename>m3_s01_013_p_ic057.jpg</filename><folder>users/joselusava//valeria/m03_s01_13_ic</folder><source><submittedBy>Jose Saca</submittedBy></source><imagesize><nrows>2970</nrows><ncols>4451</ncols></imagesize><object><name>m3_s01_013_p_ic056</name><deleted>0</deleted><verified>0</verified><occluded>no</occluded><attributes></attributes><parts><hasparts></hasparts><ispartof></ispartof></parts><date>01-11-20 09:08:14:728</date><id>0</id><type>bounding_box</type><polygon><username>anonymous</username><pt><x>3478</x><y>2816</y><time>01-11-20 09:08:05:374</time></pt><pt><x>1057</x><y>2816</y><time>01-11-20 09:08:08:511</time></pt><pt><x>1057</x><y>366</y><time>undefined</time></pt><pt><x>3478</x><y>366</y><time>undefined</time></pt><closed_date>01-11-20 09:08:08:512</closed_date></polygon></object></annotation>