<annotation><filename>m2_s01_032_p_ic046.jpg</filename><folder>users/joselusava//museos2020/jc</folder><source><submittedBy>Jose Saca</submittedBy></source><imagesize><nrows>2850</nrows><ncols>4271</ncols></imagesize><object><name>m2_s01_032_p_ic046</name><deleted>0</deleted><verified>0</verified><occluded>no</occluded><attributes></attributes><parts><hasparts></hasparts><ispartof></ispartof></parts><date>30-09-20 15:32:46:876</date><id>0</id><type>bounding_box</type><polygon><username>anonymous</username><pt><x>1154</x><y>212</y><time>30-09-20 15:32:33:665</time></pt><pt><x>2821</x><y>212</y><time>30-09-20 15:32:36:071</time></pt><pt><x>2821</x><y>2469</y><time>undefined</time></pt><pt><x>1154</x><y>2469</y><time>undefined</time></pt><closed_date>30-09-20 15:32:36:072</closed_date></polygon></object></annotation>