<annotation><filename>m4_s10_154_p_nic023.jpg</filename><folder>users/joselusava//valeria/m04_s10_154_nic</folder><source><submittedBy>Jose Saca</submittedBy></source><imagesize><nrows>2970</nrows><ncols>4451</ncols></imagesize><object><name>m4_s10_154_p_nic023</name><deleted>0</deleted><verified>0</verified><occluded>no</occluded><attributes></attributes><parts><hasparts></hasparts><ispartof></ispartof></parts><date>14-10-20 12:38:55:919</date><id>0</id><type>bounding_box</type><polygon><username>anonymous</username><pt><x>634</x><y>2827</y><time>14-10-20 12:38:50:170</time></pt><pt><x>2279</x><y>2827</y><time>14-10-20 12:38:52:261</time></pt><pt><x>2279</x><y>954</y><time>undefined</time></pt><pt><x>634</x><y>954</y><time>undefined</time></pt><closed_date>14-10-20 12:38:52:262</closed_date></polygon></object></annotation>