<annotation><filename>m4_s10_157_p_ic007.jpg</filename><folder>users/joselusava//valeria/m04_s10_157_nic</folder><source><submittedBy>Jose Saca</submittedBy></source><imagesize><nrows>2970</nrows><ncols>4451</ncols></imagesize><object><name>m4_s10_157_p_nic007</name><deleted>0</deleted><verified>0</verified><occluded>no</occluded><attributes></attributes><parts><hasparts></hasparts><ispartof></ispartof></parts><date>12-10-20 19:00:53:252</date><id>0</id><type>bounding_box</type><polygon><username>anonymous</username><pt><x>2368</x><y>2233</y><time>12-10-20 19:00:48:886</time></pt><pt><x>4213</x><y>2233</y><time>12-10-20 19:00:50:754</time></pt><pt><x>4213</x><y>186</y><time>undefined</time></pt><pt><x>2368</x><y>186</y><time>undefined</time></pt><closed_date>12-10-20 19:00:50:755</closed_date></polygon></object></annotation>