<annotation><filename>m4_s04_037_p_ic015.jpg</filename><folder>users/joselusava//santiago_2</folder><source><submittedBy>Jose Saca</submittedBy></source><imagesize><nrows>2970</nrows><ncols>4451</ncols></imagesize><object><name>m4_s04_037_p_ic015</name><deleted>0</deleted><verified>0</verified><occluded>no</occluded><attributes></attributes><parts><hasparts></hasparts><ispartof></ispartof></parts><date>17-10-20 21:23:46:208</date><id>0</id><type>bounding_box</type><polygon><username>anonymous</username><pt><x>1553</x><y>418</y><time>17-10-20 21:23:40:704</time></pt><pt><x>2945</x><y>418</y><time>17-10-20 21:23:43:570</time></pt><pt><x>2945</x><y>2688</y><time>undefined</time></pt><pt><x>1553</x><y>2688</y><time>undefined</time></pt><closed_date>17-10-20 21:23:43:572</closed_date></polygon></object></annotation>