<annotation><filename>m4_s05_055_p_nic033.jpg</filename><folder>users/joselusava//valeria/m4_s05_055_nic</folder><source><submittedBy>Jose Saca</submittedBy></source><imagesize><nrows>2910</nrows><ncols>4361</ncols></imagesize><object><name>m4_s05_055_p_nic033</name><deleted>0</deleted><verified>0</verified><occluded>no</occluded><attributes></attributes><parts><hasparts></hasparts><ispartof></ispartof></parts><date>09-10-20 17:18:31:999</date><id>0</id><type>bounding_box</type><polygon><username>anonymous</username><pt><x>2772</x><y>2756</y><time>09-10-20 17:18:26:669</time></pt><pt><x>4034</x><y>2756</y><time>09-10-20 17:18:28:855</time></pt><pt><x>4034</x><y>1240</y><time>undefined</time></pt><pt><x>2772</x><y>1240</y><time>undefined</time></pt><closed_date>09-10-20 17:18:28:856</closed_date></polygon></object></annotation>