<annotation><filename>m2_s01_034_p_ic040.jpg</filename><folder>users/joselusava//kath</folder><source><submittedBy>Jose Saca</submittedBy></source><imagesize><nrows>2850</nrows><ncols>4271</ncols></imagesize><object><name>m2_s01_034_p_ic040</name><deleted>0</deleted><verified>0</verified><occluded>no</occluded><attributes></attributes><parts><hasparts></hasparts><ispartof></ispartof></parts><date>25-09-20 13:47:08:468</date><id>0</id><polygon><username>anonymous</username><pt><x>1096</x><y>301</y><time>25-09-20 13:46:53:279</time></pt><pt><x>1253</x><y>2635</y><time>25-09-20 13:46:55:009</time></pt><pt><x>2628</x><y>2642</y><time>25-09-20 13:46:56:678</time></pt><pt><x>2671</x><y>258</y><time>25-09-20 13:47:02:594</time></pt><closed_date>25-09-20 13:47:04:404</closed_date></polygon></object></annotation>