<annotation><filename>m4_s04_045_p_nic063.jpg</filename><folder>users/joselusava//valeria/m04_s04_45_nic</folder><source><submittedBy>Jose Saca</submittedBy></source><imagesize><nrows>2970</nrows><ncols>4451</ncols></imagesize><object><name>m4_s04_045_p_nic063</name><deleted>0</deleted><verified>0</verified><occluded>no</occluded><attributes></attributes><parts><hasparts></hasparts><ispartof></ispartof></parts><date>20-10-20 15:18:08:444</date><id>0</id><type>bounding_box</type><polygon><username>anonymous</username><pt><x>737</x><y>2564</y><time>20-10-20 15:18:04:589</time></pt><pt><x>1148</x><y>2564</y><time>20-10-20 15:18:05:832</time></pt><pt><x>1148</x><y>1822</y><time>undefined</time></pt><pt><x>737</x><y>1822</y><time>undefined</time></pt><closed_date>20-10-20 15:18:05:833</closed_date></polygon></object></annotation>