<annotation><filename>m4_s10_154_p_ic087.jpg</filename><folder>users/joselusava//valeria/m04_s10_154_ic</folder><source><submittedBy>Jose Saca</submittedBy></source><imagesize><nrows>2970</nrows><ncols>4451</ncols></imagesize><object><name>m4_s10_154_p_ic087</name><deleted>0</deleted><verified>0</verified><occluded>no</occluded><attributes></attributes><parts><hasparts></hasparts><ispartof></ispartof></parts><date>13-10-20 23:13:12:004</date><id>0</id><type>bounding_box</type><polygon><username>anonymous</username><pt><x>937</x><y>2730</y><time>13-10-20 23:13:07:701</time></pt><pt><x>3261</x><y>2730</y><time>13-10-20 23:13:09:096</time></pt><pt><x>3261</x><y>383</y><time>undefined</time></pt><pt><x>937</x><y>383</y><time>undefined</time></pt><closed_date>13-10-20 23:13:09:097</closed_date></polygon></object></annotation>