<annotation><filename>m1_s02_036_p_nic052.jpg</filename><folder>users/joselusava//valeria/sala2_036_nic</folder><source><submittedBy>Jose Saca</submittedBy></source><imagesize><nrows>3200</nrows><ncols>4800</ncols></imagesize><object><name>m1_s02_036_p_nic051</name><deleted>0</deleted><verified>0</verified><occluded>no</occluded><attributes/><parts><hasparts/><ispartof/></parts><date>27-08-20 00:00:42:089</date><id>0</id><type>bounding_box</type><polygon><username>anonymous</username><pt><x>1466</x><y>408</y><time>27-08-20 00:00:37:235</time></pt><pt><x>2695</x><y>408</y><time>27-08-20 00:00:39:080</time></pt><pt><x>2695</x><y>1514</y><time>undefined</time></pt><pt><x>1466</x><y>1514</y><time>undefined</time></pt><closed_date>27-08-20 00:00:39:081</closed_date></polygon></object><object><name>m1_s02_036_p_nic052</name><deleted>0</deleted><verified>0</verified><occluded>no</occluded><attributes></attributes><parts><hasparts></hasparts><ispartof></ispartof></parts><date>27-08-20 00:24:48:154</date><id>1</id><type>bounding_box</type><polygon><username>anonymous</username><pt><x>1482</x><y>392</y><time>27-08-20 00:24:38:284</time></pt><pt><x>2690</x><y>392</y><time>27-08-20 00:24:41:083</time></pt><pt><x>2690</x><y>1519</y><time>undefined</time></pt><pt><x>1482</x><y>1519</y><time>undefined</time></pt><closed_date>27-08-20 00:24:41:084</closed_date></polygon></object></annotation>