<annotation><filename>m1_s06_141_p_nic071.jpg</filename><folder>users/joselusava//jacob_2/141nic</folder><source><submittedBy>Jose Saca</submittedBy></source><imagesize><nrows>2736</nrows><ncols>4100</ncols></imagesize><object><name>m1_s06_141_p_nic071</name><deleted>0</deleted><verified>0</verified><occluded>no</occluded><attributes></attributes><parts><hasparts></hasparts><ispartof></ispartof></parts><date>05-09-20 19:58:36:656</date><id>0</id><type>bounding_box</type><polygon><username>anonymous</username><pt><x>897</x><y>253</y><time>05-09-20 19:58:34:545</time></pt><pt><x>1744</x><y>253</y><time>05-09-20 19:58:36:093</time></pt><pt><x>1744</x><y>1769</y><time>undefined</time></pt><pt><x>897</x><y>1769</y><time>undefined</time></pt><closed_date>05-09-20 19:58:36:093</closed_date></polygon></object></annotation>