<annotation><filename>m3_s01_002_p_ic036.jpg</filename><folder>users/joselusava//santiago_3</folder><source><submittedBy>Jose Saca</submittedBy></source><imagesize><nrows>2970</nrows><ncols>4451</ncols></imagesize><object><name>m3_s01_002_p_ic036</name><deleted>0</deleted><verified>0</verified><occluded>no</occluded><attributes></attributes><parts><hasparts></hasparts><ispartof></ispartof></parts><date>28-10-20 18:51:57:565</date><id>0</id><type>bounding_box</type><polygon><username>anonymous</username><pt><x>271</x><y>243</y><time>28-10-20 18:51:52:008</time></pt><pt><x>3852</x><y>243</y><time>28-10-20 18:51:53:695</time></pt><pt><x>3852</x><y>2288</y><time>undefined</time></pt><pt><x>271</x><y>2288</y><time>undefined</time></pt><closed_date>28-10-20 18:51:53:697</closed_date></polygon></object></annotation>