<annotation><filename>m2_s02_085_p_nic001.jpg</filename><folder>users/joselusava//m2_jsv/85/nic</folder><source><submittedBy>Jose Saca</submittedBy></source><imagesize><nrows>2910</nrows><ncols>4361</ncols></imagesize><object><name>m2_s02_085_p_nic001</name><deleted>0</deleted><verified>0</verified><occluded>no</occluded><attributes></attributes><parts><hasparts></hasparts><ispartof></ispartof></parts><date>17-09-20 20:15:11:247</date><id>0</id><type>bounding_box</type><polygon><username>anonymous</username><pt><x>4265</x><y>2794</y><time>17-09-20 20:15:08:476</time></pt><pt><x>3073</x><y>2794</y><time>17-09-20 20:15:09:781</time></pt><pt><x>3073</x><y>1576</y><time>undefined</time></pt><pt><x>4265</x><y>1576</y><time>undefined</time></pt><closed_date>17-09-20 20:15:09:782</closed_date></polygon></object></annotation>