<annotation><filename>m4_s04_037_p_ic043.jpg</filename><folder>users/joselusava//santiago_2</folder><source><submittedBy>Jose Saca</submittedBy></source><imagesize><nrows>2970</nrows><ncols>4451</ncols></imagesize><object><name>m4_s04_037_p_ic043</name><deleted>0</deleted><verified>0</verified><occluded>no</occluded><attributes></attributes><parts><hasparts></hasparts><ispartof></ispartof></parts><date>18-10-20 17:22:25:860</date><id>0</id><type>bounding_box</type><polygon><username>anonymous</username><pt><x>1746</x><y>839</y><time>18-10-20 17:22:14:725</time></pt><pt><x>3045</x><y>839</y><time>18-10-20 17:22:16:367</time></pt><pt><x>3045</x><y>2663</y><time>undefined</time></pt><pt><x>1746</x><y>2663</y><time>undefined</time></pt><closed_date>18-10-20 17:22:16:368</closed_date></polygon></object></annotation>