<annotation><filename>m2_s03_252_p_ic048.jpg</filename><folder>users/joselusava//valeria/m2_sala03_252_ic</folder><source><submittedBy>Jose Saca</submittedBy></source><imagesize><nrows>2910</nrows><ncols>4361</ncols></imagesize><object><name>m2_s06_252_p_ic046</name><deleted>0</deleted><verified>0</verified><occluded>no</occluded><attributes/><parts><hasparts/><ispartof/></parts><date>25-09-20 22:52:36:430</date><id>0</id><type>bounding_box</type><polygon><username>anonymous</username><pt><x>601</x><y>386</y><time>25-09-20 22:52:30:506</time></pt><pt><x>3638</x><y>386</y><time>25-09-20 22:52:32:955</time></pt><pt><x>3638</x><y>2513</y><time>undefined</time></pt><pt><x>601</x><y>2513</y><time>undefined</time></pt><closed_date>25-09-20 22:52:32:956</closed_date></polygon></object><object><name>m2_s06_252_p_ic048</name><deleted>0</deleted><verified>0</verified><occluded>no</occluded><attributes></attributes><parts><hasparts></hasparts><ispartof></ispartof></parts><date>27-09-20 00:03:02:262</date><id>1</id><type>bounding_box</type><polygon><username>anonymous</username><pt><x>584</x><y>347</y><time>27-09-20 00:02:56:261</time></pt><pt><x>3649</x><y>347</y><time>27-09-20 00:02:58:327</time></pt><pt><x>3649</x><y>2497</y><time>undefined</time></pt><pt><x>584</x><y>2497</y><time>undefined</time></pt><closed_date>27-09-20 00:02:58:328</closed_date></polygon></object></annotation>