<annotation><filename>m4_s05_055_p_ic053.jpg</filename><folder>users/joselusava//valeria/m4_s05_055_ic</folder><source><submittedBy>Jose Saca</submittedBy></source><imagesize><nrows>2910</nrows><ncols>4361</ncols></imagesize><object><name>m4_s05_055_p_ic053</name><deleted>0</deleted><verified>0</verified><occluded>no</occluded><attributes></attributes><parts><hasparts></hasparts><ispartof></ispartof></parts><date>08-10-20 22:33:09:099</date><id>0</id><type>bounding_box</type><polygon><username>anonymous</username><pt><x>1141</x><y>353</y><time>08-10-20 22:33:03:656</time></pt><pt><x>3037</x><y>353</y><time>08-10-20 22:33:05:614</time></pt><pt><x>3037</x><y>2425</y><time>undefined</time></pt><pt><x>1141</x><y>2425</y><time>undefined</time></pt><closed_date>08-10-20 22:33:05:615</closed_date></polygon></object></annotation>