<annotation><filename>m4_s10_164_p_ic059.jpg</filename><folder>users/joselusava//santiago_2</folder><source><submittedBy>Jose Saca</submittedBy></source><imagesize><nrows>2970</nrows><ncols>4451</ncols></imagesize><object><name>m4_s10_164_p_ic059</name><deleted>0</deleted><verified>0</verified><occluded>no</occluded><attributes></attributes><parts><hasparts></hasparts><ispartof></ispartof></parts><date>13-10-20 22:50:28:198</date><id>0</id><type>bounding_box</type><polygon><username>anonymous</username><pt><x>1838</x><y>1264</y><time>13-10-20 22:50:25:369</time></pt><pt><x>2488</x><y>1264</y><time>13-10-20 22:50:26:277</time></pt><pt><x>2488</x><y>2053</y><time>undefined</time></pt><pt><x>1838</x><y>2053</y><time>undefined</time></pt><closed_date>13-10-20 22:50:26:278</closed_date></polygon></object></annotation>