<annotation><filename>m4_s04_037_p_ic061.jpg</filename><folder>users/joselusava//santiago_2</folder><source><submittedBy>Jose Saca</submittedBy></source><imagesize><nrows>2970</nrows><ncols>4451</ncols></imagesize><object><name>m4_s04_037_p_ic061</name><deleted>0</deleted><verified>0</verified><occluded>no</occluded><attributes></attributes><parts><hasparts></hasparts><ispartof></ispartof></parts><date>18-10-20 17:53:54:027</date><id>0</id><type>bounding_box</type><polygon><username>anonymous</username><pt><x>1867</x><y>557</y><time>18-10-20 17:53:48:174</time></pt><pt><x>2974</x><y>557</y><time>18-10-20 17:53:50:743</time></pt><pt><x>2974</x><y>2206</y><time>undefined</time></pt><pt><x>1867</x><y>2206</y><time>undefined</time></pt><closed_date>18-10-20 17:53:50:744</closed_date></polygon></object></annotation>