<annotation><filename>m3_s01_010_p_nic041.jpg</filename><folder>users/joselusava//m4_js/m3/10/nic</folder><source><submittedBy>Jose Saca</submittedBy></source><imagesize><nrows>2970</nrows><ncols>4451</ncols></imagesize><object><name>m3_s01_010_p_nic041</name><deleted>0</deleted><verified>0</verified><occluded>no</occluded><attributes></attributes><parts><hasparts></hasparts><ispartof></ispartof></parts><date>29-10-20 13:45:38:728</date><id>0</id><type>bounding_box</type><polygon><username>anonymous</username><pt><x>820</x><y>2279</y><time>29-10-20 13:45:36:515</time></pt><pt><x>3099</x><y>2279</y><time>29-10-20 13:45:37:573</time></pt><pt><x>3099</x><y>0</y><time>undefined</time></pt><pt><x>820</x><y>0</y><time>undefined</time></pt><closed_date>29-10-20 13:45:37:573</closed_date></polygon></object></annotation>