<annotation><filename>img_m1_s10_303_p_nic076.jpg</filename><folder>users/joselusava//santiago</folder><source><submittedBy>Jose Saca</submittedBy></source><imagesize><nrows>3200</nrows><ncols>4800</ncols></imagesize><object><name>m1_s10_303_p_nic076</name><deleted>0</deleted><verified>0</verified><occluded>no</occluded><attributes></attributes><parts><hasparts></hasparts><ispartof></ispartof></parts><date>01-09-20 22:33:17:325</date><id>0</id><type>bounding_box</type><polygon><username>anonymous</username><pt><x>511</x><y>306</y><time>01-09-20 22:33:09:296</time></pt><pt><x>2271</x><y>306</y><time>01-09-20 22:33:11:164</time></pt><pt><x>2271</x><y>1314</y><time>undefined</time></pt><pt><x>511</x><y>1314</y><time>undefined</time></pt><closed_date>01-09-20 22:33:11:166</closed_date></polygon></object></annotation>