<annotation><filename>m2_s01_058_p_nic081.jpg</filename><folder>users/joselusava//m2_jsv/58/nic</folder><source><submittedBy>Jose Saca</submittedBy></source><imagesize><nrows>2850</nrows><ncols>4271</ncols></imagesize><object><name>m2_s01_058_p_nic081</name><deleted>0</deleted><verified>0</verified><occluded>no</occluded><attributes></attributes><parts><hasparts></hasparts><ispartof></ispartof></parts><date>29-09-20 23:23:38:268</date><id>0</id><type>bounding_box</type><polygon><username>anonymous</username><pt><x>3018</x><y>2702</y><time>29-09-20 23:23:37:080</time></pt><pt><x>1790</x><y>2702</y><time>29-09-20 23:23:37:820</time></pt><pt><x>1790</x><y>1637</y><time>undefined</time></pt><pt><x>3018</x><y>1637</y><time>undefined</time></pt><closed_date>29-09-20 23:23:37:821</closed_date></polygon></object></annotation>