<annotation><filename>m2_s01_056_p_ic046.jpg</filename><folder>users/joselusava//m2_jsv/56/ic</folder><source><submittedBy>Jose Saca</submittedBy></source><imagesize><nrows>2850</nrows><ncols>4271</ncols></imagesize><object><name>m2_s01_056_p_ic046</name><deleted>0</deleted><verified>0</verified><occluded>no</occluded><attributes></attributes><parts><hasparts></hasparts><ispartof></ispartof></parts><date>28-09-20 21:41:05:964</date><id>0</id><type>bounding_box</type><polygon><username>anonymous</username><pt><x>2989</x><y>2845</y><time>28-09-20 21:41:03:720</time></pt><pt><x>1129</x><y>2845</y><time>28-09-20 21:41:05:220</time></pt><pt><x>1129</x><y>8</y><time>undefined</time></pt><pt><x>2989</x><y>8</y><time>undefined</time></pt><closed_date>28-09-20 21:41:05:220</closed_date></polygon></object></annotation>