<annotation><filename>m4_s10_164_p_nic049.jpg</filename><folder>users/joselusava//santiago_2</folder><source><submittedBy>Jose Saca</submittedBy></source><imagesize><nrows>2970</nrows><ncols>4451</ncols></imagesize><object><name>m4_s10_164_p_nic049</name><deleted>0</deleted><verified>0</verified><occluded>no</occluded><attributes></attributes><parts><hasparts></hasparts><ispartof></ispartof></parts><date>14-10-20 11:25:24:951</date><id>0</id><type>bounding_box</type><polygon><username>anonymous</username><pt><x>374</x><y>1731</y><time>14-10-20 11:25:17:332</time></pt><pt><x>885</x><y>1731</y><time>14-10-20 11:25:18:303</time></pt><pt><x>885</x><y>2359</y><time>undefined</time></pt><pt><x>374</x><y>2359</y><time>undefined</time></pt><closed_date>14-10-20 11:25:18:305</closed_date></polygon></object></annotation>