<annotation><filename>m1_s01_004_p_nic031.jpg</filename><folder>users/joselusava//valeria_apoyo/sala01_004_nic</folder><source><submittedBy>Jose Saca</submittedBy></source><imagesize><nrows>3200</nrows><ncols>4800</ncols></imagesize><object><name>m1_s01_004_p_nic031</name><deleted>0</deleted><verified>0</verified><occluded>no</occluded><attributes></attributes><parts><hasparts></hasparts><ispartof></ispartof></parts><date>16-09-20 21:14:44:328</date><id>0</id><type>bounding_box</type><polygon><username>anonymous</username><pt><x>230</x><y>2848</y><time>16-09-20 20:10:24:365</time></pt><pt><x>4576</x><y>2848</y><time>16-09-20 20:10:26:628</time></pt><pt><x>4576</x><y>1576</y><time>undefined</time></pt><pt><x>230</x><y>1576</y><time>undefined</time></pt><closed_date>16-09-20 20:10:26:629</closed_date></polygon></object></annotation>