<annotation><filename>m2_s06_250_p_ic074.jpg</filename><folder>users/joselusava//valeria/m2_sala06_250_ic</folder><source><submittedBy>Jose Saca</submittedBy></source><imagesize><nrows>2910</nrows><ncols>4361</ncols></imagesize><object><name>m2_s06_250_p_ic073</name><deleted>0</deleted><verified>0</verified><occluded>no</occluded><attributes></attributes><parts><hasparts></hasparts><ispartof></ispartof></parts><date>01-10-20 00:00:55:578</date><id>0</id><type>bounding_box</type><polygon><username>anonymous</username><pt><x>303</x><y>1962</y><time>01-10-20 00:00:49:920</time></pt><pt><x>4128</x><y>1962</y><time>01-10-20 00:00:51:999</time></pt><pt><x>4128</x><y>700</y><time>undefined</time></pt><pt><x>303</x><y>700</y><time>undefined</time></pt><closed_date>01-10-20 00:00:52:000</closed_date></polygon></object></annotation>