<annotation><filename>m3_s01_002_p_nic031.jpg</filename><folder>users/joselusava//santiago_3</folder><source><submittedBy>Jose Saca</submittedBy></source><imagesize><nrows>2970</nrows><ncols>4451</ncols></imagesize><object><name>m3_s01_002_p_nic031</name><deleted>0</deleted><verified>0</verified><occluded>no</occluded><attributes></attributes><parts><hasparts></hasparts><ispartof></ispartof></parts><date>29-10-20 15:55:26:855</date><id>0</id><type>bounding_box</type><polygon><username>anonymous</username><pt><x>1931</x><y>311</y><time>29-10-20 15:55:23:810</time></pt><pt><x>4227</x><y>311</y><time>29-10-20 15:55:24:850</time></pt><pt><x>4227</x><y>2267</y><time>undefined</time></pt><pt><x>1931</x><y>2267</y><time>undefined</time></pt><closed_date>29-10-20 15:55:24:851</closed_date></polygon></object></annotation>