<annotation><filename>m2_s01_010_p_nic016.jpg</filename><folder>users/joselusava//santiago</folder><source><submittedBy>Jose Saca</submittedBy></source><imagesize><nrows>2850</nrows><ncols>4271</ncols></imagesize><object><name>m2_s01_010_p_nic016</name><deleted>0</deleted><verified>0</verified><occluded>no</occluded><attributes></attributes><parts><hasparts></hasparts><ispartof></ispartof></parts><date>22-09-20 20:04:37:514</date><id>0</id><type>bounding_box</type><polygon><username>anonymous</username><pt><x>622</x><y>1661</y><time>22-09-20 20:04:28:611</time></pt><pt><x>1491</x><y>1661</y><time>22-09-20 20:04:31:000</time></pt><pt><x>1491</x><y>2622</y><time>undefined</time></pt><pt><x>622</x><y>2622</y><time>undefined</time></pt><closed_date>22-09-20 20:04:31:000</closed_date></polygon></object></annotation>