<annotation><filename>m1_s02_036_p_ic028.jpg</filename><folder>users/joselusava//valeria/sala2_036_ic</folder><source><submittedBy>Jose Saca</submittedBy></source><imagesize><nrows>3200</nrows><ncols>4800</ncols></imagesize><object><name>m1_s01_036_p_ic028</name><deleted>0</deleted><verified>0</verified><occluded>no</occluded><attributes></attributes><parts><hasparts></hasparts><ispartof></ispartof></parts><date>23-08-20 02:02:54:486</date><id>0</id><type>bounding_box</type><polygon><username>anonymous</username><pt><x>462</x><y>274</y><time>23-08-20 02:02:46:743</time></pt><pt><x>3431</x><y>274</y><time>23-08-20 02:02:49:287</time></pt><pt><x>3431</x><y>3077</y><time>undefined</time></pt><pt><x>462</x><y>3077</y><time>undefined</time></pt><closed_date>23-08-20 02:02:49:288</closed_date></polygon></object></annotation>