<annotation><filename>m2_s01_018_p_nic083.jpg</filename><folder>users/joselusava//santiago_2</folder><source><submittedBy>Jose Saca</submittedBy></source><imagesize><nrows>2850</nrows><ncols>4271</ncols></imagesize><object><name>m2_s01_018_p_nic083</name><deleted>0</deleted><verified>0</verified><occluded>no</occluded><attributes></attributes><parts><hasparts></hasparts><ispartof></ispartof></parts><date>29-09-20 19:03:06:349</date><id>0</id><type>bounding_box</type><polygon><username>anonymous</username><pt><x>2347</x><y>962</y><time>29-09-20 19:03:03:091</time></pt><pt><x>2946</x><y>962</y><time>29-09-20 19:03:04:443</time></pt><pt><x>2946</x><y>1680</y><time>undefined</time></pt><pt><x>2347</x><y>1680</y><time>undefined</time></pt><closed_date>29-09-20 19:03:04:443</closed_date></polygon></object></annotation>