<annotation><filename>m2_s01_024_p_nic037.jpg</filename><folder>users/joselusava//santiago</folder><source><submittedBy>Jose Saca</submittedBy></source><imagesize><nrows>2850</nrows><ncols>4271</ncols></imagesize><object><name>m2_s01_024_p_nic037</name><deleted>0</deleted><verified>0</verified><occluded>no</occluded><attributes></attributes><parts><hasparts></hasparts><ispartof></ispartof></parts><date>25-09-20 14:12:40:661</date><id>0</id><type>bounding_box</type><polygon><username>anonymous</username><pt><x>1068</x><y>1334</y><time>25-09-20 14:12:33:580</time></pt><pt><x>1914</x><y>1334</y><time>25-09-20 14:12:34:900</time></pt><pt><x>1914</x><y>2731</y><time>undefined</time></pt><pt><x>1068</x><y>2731</y><time>undefined</time></pt><closed_date>25-09-20 14:12:34:901</closed_date></polygon></object></annotation>