<annotation><filename>m2_s01_058_p_nic014.jpg</filename><folder>users/joselusava//m2_jsv/58/nic</folder><source><submittedBy>Jose Saca</submittedBy></source><imagesize><nrows>2850</nrows><ncols>4271</ncols></imagesize><object><name>m2_s01_058_p_nic014</name><deleted>0</deleted><verified>0</verified><occluded>no</occluded><attributes></attributes><parts><hasparts></hasparts><ispartof></ispartof></parts><date>29-09-20 22:56:12:798</date><id>0</id><type>bounding_box</type><polygon><username>anonymous</username><pt><x>1637</x><y>2037</y><time>29-09-20 22:56:10:544</time></pt><pt><x>85</x><y>2037</y><time>29-09-20 22:56:12:085</time></pt><pt><x>85</x><y>784</y><time>undefined</time></pt><pt><x>1637</x><y>784</y><time>undefined</time></pt><closed_date>29-09-20 22:56:12:087</closed_date></polygon></object></annotation>