<annotation><filename>m4_s10_154_p_nic096.jpg</filename><folder>users/joselusava//valeria/m04_s10_154_nic</folder><source><submittedBy>Jose Saca</submittedBy></source><imagesize><nrows>2970</nrows><ncols>4451</ncols></imagesize><object><name>m4_s10_154_p_nic096</name><deleted>0</deleted><verified>0</verified><occluded>no</occluded><attributes></attributes><parts><hasparts></hasparts><ispartof></ispartof></parts><date>14-10-20 16:15:26:516</date><id>0</id><type>bounding_box</type><polygon><username>anonymous</username><pt><x>348</x><y>2405</y><time>14-10-20 16:15:18:934</time></pt><pt><x>2165</x><y>2405</y><time>14-10-20 16:15:21:622</time></pt><pt><x>2165</x><y>400</y><time>undefined</time></pt><pt><x>348</x><y>400</y><time>undefined</time></pt><closed_date>14-10-20 16:15:21:623</closed_date></polygon></object></annotation>