<annotation><filename>m1_s02_065_p_nic028.jpg</filename><folder>users/joselusava//valeria/sala2_065_nic</folder><source><submittedBy>Jose Saca</submittedBy></source><imagesize><nrows>2000</nrows><ncols>2992</ncols></imagesize><object><name>m1_s02_065_p_nic028</name><deleted>0</deleted><verified>0</verified><occluded>no</occluded><attributes></attributes><parts><hasparts></hasparts><ispartof></ispartof></parts><date>27-08-20 22:33:17:262</date><id>0</id><type>bounding_box</type><polygon><username>anonymous</username><pt><x>2829</x><y>1678</y><time>27-08-20 22:33:12:059</time></pt><pt><x>1356</x><y>1678</y><time>27-08-20 22:33:14:323</time></pt><pt><x>1356</x><y>1047</y><time>undefined</time></pt><pt><x>2829</x><y>1047</y><time>undefined</time></pt><closed_date>27-08-20 22:33:14:324</closed_date></polygon></object></annotation>