<annotation><filename>m2_s03_219_p_ic040.jpg</filename><folder>users/joselusava//valeria/m2_sala03_219_ic</folder><source><submittedBy>Jose Saca</submittedBy></source><imagesize><nrows>2910</nrows><ncols>4361</ncols></imagesize><object><name>m2_s03_219_p_ic040</name><deleted>0</deleted><verified>0</verified><occluded>no</occluded><attributes></attributes><parts><hasparts></hasparts><ispartof></ispartof></parts><date>29-09-20 00:20:03:773</date><id>1</id><type>bounding_box</type><polygon><username>anonymous</username><pt><x>3301</x><y>143</y><time>29-09-20 00:19:57:716</time></pt><pt><x>1025</x><y>143</y><time>29-09-20 00:20:00:879</time></pt><pt><x>1025</x><y>2513</y><time>undefined</time></pt><pt><x>3301</x><y>2513</y><time>undefined</time></pt><closed_date>29-09-20 00:20:00:880</closed_date></polygon></object></annotation>