<annotation><filename>m2_s05_240_x.jpg</filename><folder>users/joselusava//museos2020</folder><source><submittedBy>Jose Saca</submittedBy></source><imagesize><nrows>2910</nrows><ncols>4361</ncols></imagesize><object><name>m2_s05_240_x</name><deleted>0</deleted><verified>0</verified><occluded>no</occluded><attributes></attributes><parts><hasparts></hasparts><ispartof></ispartof></parts><date>21-09-20 19:21:56:239</date><id>0</id><type>bounding_box</type><polygon><username>anonymous</username><pt><x>352</x><y>346</y><time>21-09-20 19:21:13:913</time></pt><pt><x>3693</x><y>346</y><time>21-09-20 19:21:20:468</time></pt><pt><x>3693</x><y>2571</y><time>undefined</time></pt><pt><x>352</x><y>2571</y><time>undefined</time></pt><closed_date>21-09-20 19:21:20:469</closed_date></polygon></object></annotation>