<annotation><filename>m1_s01_001_p_ic040.jpg</filename><folder>users/joselusava//juancarlos</folder><source><submittedBy>Jose Saca</submittedBy></source><imagesize><nrows>2000</nrows><ncols>2992</ncols></imagesize><object><name>m1_s01_001_p_ic040</name><deleted>0</deleted><verified>0</verified><occluded>no</occluded><attributes></attributes><parts><hasparts></hasparts><ispartof></ispartof></parts><date>26-08-20 22:05:37:754</date><id>0</id><type>bounding_box</type><polygon><username>anonymous</username><pt><x>920</x><y>966</y><time>26-08-20 22:05:20:151</time></pt><pt><x>2144</x><y>966</y><time>26-08-20 22:05:24:561</time></pt><pt><x>2144</x><y>1739</y><time>undefined</time></pt><pt><x>920</x><y>1739</y><time>undefined</time></pt><closed_date>26-08-20 22:05:24:564</closed_date></polygon></object></annotation>