<annotation><filename>m4_s11_178_p_ic029.jpg</filename><folder>users/joselusava//santiago_2</folder><source><submittedBy>Jose Saca</submittedBy></source><imagesize><nrows>2970</nrows><ncols>4451</ncols></imagesize><object><name>m4_s11_178_p_ic029</name><deleted>0</deleted><verified>0</verified><occluded>no</occluded><attributes></attributes><parts><hasparts></hasparts><ispartof></ispartof></parts><date>15-10-20 21:28:03:635</date><id>0</id><type>bounding_box</type><polygon><username>anonymous</username><pt><x>1406</x><y>689</y><time>15-10-20 21:28:00:589</time></pt><pt><x>2945</x><y>689</y><time>15-10-20 21:28:01:797</time></pt><pt><x>2945</x><y>2163</y><time>undefined</time></pt><pt><x>1406</x><y>2163</y><time>undefined</time></pt><closed_date>15-10-20 21:28:01:798</closed_date></polygon></object></annotation>