<annotation><filename>m2_s01_034_p_ic059.jpg</filename><folder>users/joselusava//kath</folder><source><submittedBy>Jose Saca</submittedBy></source><imagesize><nrows>2850</nrows><ncols>4271</ncols></imagesize><object><name>m2_s01_034_p_ic059</name><deleted>0</deleted><verified>0</verified><occluded>no</occluded><attributes></attributes><parts><hasparts></hasparts><ispartof></ispartof></parts><date>25-09-20 16:24:58:532</date><id>0</id><polygon><username>anonymous</username><pt><x>1153</x><y>222</y><time>25-09-20 16:24:45:805</time></pt><pt><x>1246</x><y>2743</y><time>25-09-20 16:24:47:215</time></pt><pt><x>2993</x><y>2786</y><time>25-09-20 16:24:50:376</time></pt><pt><x>2814</x><y>100</y><time>25-09-20 16:24:52:168</time></pt><closed_date>25-09-20 16:24:54:100</closed_date></polygon></object></annotation>