<annotation><filename>m4_s07_105_p_nic091.jpg</filename><folder>users/joselusava//kath/m4_105/nic</folder><source><submittedBy>Jose Saca</submittedBy></source><imagesize><nrows>2970</nrows><ncols>4451</ncols></imagesize><object><name>m4_s07_105_p_nic091</name><deleted>0</deleted><verified>0</verified><occluded>no</occluded><attributes></attributes><parts><hasparts></hasparts><ispartof></ispartof></parts><date>05-11-20 13:53:32:460</date><id>0</id><type>bounding_box</type><polygon><username>anonymous</username><pt><x>2859</x><y>2807</y><time>05-11-20 13:53:27:252</time></pt><pt><x>2115</x><y>2807</y><time>05-11-20 13:53:29:410</time></pt><pt><x>2115</x><y>1581</y><time>undefined</time></pt><pt><x>2859</x><y>1581</y><time>undefined</time></pt><closed_date>05-11-20 13:53:29:411</closed_date></polygon></object></annotation>