<annotation><filename>m2_s01_032_p_nic036.jpg</filename><folder>users/joselusava//santiago_2</folder><source><submittedBy>Jose Saca</submittedBy></source><imagesize><nrows>2850</nrows><ncols>4271</ncols></imagesize><object><name>m2_s01_032_p_nic036</name><deleted>0</deleted><verified>0</verified><occluded>no</occluded><attributes></attributes><parts><hasparts></hasparts><ispartof></ispartof></parts><date>30-09-20 20:39:22:524</date><id>0</id><type>bounding_box</type><polygon><username>anonymous</username><pt><x>2904</x><y>1381</y><time>30-09-20 20:39:19:281</time></pt><pt><x>3773</x><y>1381</y><time>30-09-20 20:39:20:747</time></pt><pt><x>3773</x><y>2541</y><time>undefined</time></pt><pt><x>2904</x><y>2541</y><time>undefined</time></pt><closed_date>30-09-20 20:39:20:747</closed_date></polygon></object></annotation>