<annotation><filename>m4_s04_037_p_nic018.jpg</filename><folder>users/joselusava//santiago_2</folder><source><submittedBy>Jose Saca</submittedBy></source><imagesize><nrows>2970</nrows><ncols>4451</ncols></imagesize><object><name>m4_s04_037_p_nic018</name><deleted>0</deleted><verified>0</verified><occluded>no</occluded><attributes></attributes><parts><hasparts></hasparts><ispartof></ispartof></parts><date>19-10-20 22:02:38:732</date><id>0</id><type>bounding_box</type><polygon><username>anonymous</username><pt><x>3134</x><y>917</y><time>19-10-20 22:02:34:196</time></pt><pt><x>3937</x><y>917</y><time>19-10-20 22:02:35:544</time></pt><pt><x>3937</x><y>2124</y><time>undefined</time></pt><pt><x>3134</x><y>2124</y><time>undefined</time></pt><closed_date>19-10-20 22:02:35:545</closed_date></polygon></object></annotation>