<annotation><filename>m2_s01_056_p_ic019.jpg</filename><folder>users/joselusava//m2_jsv/56/ic</folder><source><submittedBy>Jose Saca</submittedBy></source><imagesize><nrows>2850</nrows><ncols>4271</ncols></imagesize><object><name>m2_s01_056_p_ic019</name><deleted>0</deleted><verified>0</verified><occluded>no</occluded><attributes></attributes><parts><hasparts></hasparts><ispartof></ispartof></parts><date>28-09-20 21:31:14:229</date><id>0</id><type>bounding_box</type><polygon><username>anonymous</username><pt><x>3006</x><y>2717</y><time>28-09-20 21:31:11:863</time></pt><pt><x>1070</x><y>2717</y><time>28-09-20 21:31:13:459</time></pt><pt><x>1070</x><y>59</y><time>undefined</time></pt><pt><x>3006</x><y>59</y><time>undefined</time></pt><closed_date>28-09-20 21:31:13:459</closed_date></polygon></object></annotation>