<annotation><filename>m4_s09_138_p_ic060.jpg</filename><folder>users/joselusava//santiago_2</folder><source><submittedBy>Jose Saca</submittedBy></source><imagesize><nrows>2970</nrows><ncols>4451</ncols></imagesize><object><name>m4_s09_138_p_ic060</name><deleted>0</deleted><verified>0</verified><occluded>no</occluded><attributes></attributes><parts><hasparts></hasparts><ispartof></ispartof></parts><date>22-10-20 20:37:26:354</date><id>0</id><type>bounding_box</type><polygon><username>anonymous</username><pt><x>301</x><y>514</y><time>22-10-20 20:37:22:565</time></pt><pt><x>4183</x><y>514</y><time>22-10-20 20:37:24:138</time></pt><pt><x>4183</x><y>2499</y><time>undefined</time></pt><pt><x>301</x><y>2499</y><time>undefined</time></pt><closed_date>22-10-20 20:37:24:139</closed_date></polygon></object></annotation>