<annotation><filename>m2_s03_219_p_nic043.jpg</filename><folder>users/joselusava//valeria/m2_sala03_219_nic</folder><source><submittedBy>Jose Saca</submittedBy></source><imagesize><nrows>2910</nrows><ncols>4361</ncols></imagesize><object><name>m2_s03_219_p_nic043</name><deleted>0</deleted><verified>0</verified><occluded>no</occluded><attributes></attributes><parts><hasparts></hasparts><ispartof></ispartof></parts><date>29-09-20 17:58:56:715</date><id>0</id><type>bounding_box</type><polygon><username>anonymous</username><pt><x>3197</x><y>2717</y><time>29-09-20 17:58:50:677</time></pt><pt><x>2045</x><y>2717</y><time>29-09-20 17:58:52:639</time></pt><pt><x>2045</x><y>1042</y><time>undefined</time></pt><pt><x>3197</x><y>1042</y><time>undefined</time></pt><closed_date>29-09-20 17:58:52:640</closed_date></polygon></object></annotation>