<annotation><filename>m2_s01_024_p_ic053.jpg</filename><folder>users/joselusava//santiago</folder><source><submittedBy>Jose Saca</submittedBy></source><imagesize><nrows>2850</nrows><ncols>4271</ncols></imagesize><object><name>m2_s01_024_p_ic053</name><deleted>0</deleted><verified>0</verified><occluded>no</occluded><attributes></attributes><parts><hasparts></hasparts><ispartof></ispartof></parts><date>24-09-20 22:16:58:928</date><id>0</id><type>bounding_box</type><polygon><username>anonymous</username><pt><x>1289</x><y>87</y><time>24-09-20 22:16:48:333</time></pt><pt><x>2754</x><y>87</y><time>24-09-20 22:16:51:917</time></pt><pt><x>2754</x><y>2661</y><time>undefined</time></pt><pt><x>1289</x><y>2661</y><time>undefined</time></pt><closed_date>24-09-20 22:16:51:917</closed_date></polygon></object></annotation>