<annotation><filename>m4_s04_037_p_nic027.jpg</filename><folder>users/joselusava//santiago_2</folder><source><submittedBy>Jose Saca</submittedBy></source><imagesize><nrows>2970</nrows><ncols>4451</ncols></imagesize><object><name>m4_s04_037_p_nic027</name><deleted>0</deleted><verified>0</verified><occluded>no</occluded><attributes></attributes><parts><hasparts></hasparts><ispartof></ispartof></parts><date>19-10-20 22:09:43:494</date><id>0</id><type>bounding_box</type><polygon><username>anonymous</username><pt><x>3056</x><y>735</y><time>19-10-20 22:09:34:595</time></pt><pt><x>4027</x><y>735</y><time>19-10-20 22:09:35:504</time></pt><pt><x>4027</x><y>2277</y><time>undefined</time></pt><pt><x>3056</x><y>2277</y><time>undefined</time></pt><closed_date>19-10-20 22:09:35:506</closed_date></polygon></object></annotation>