<annotation><filename>m2_s07_264_p_nic071.jpg</filename><folder>users/joselusava//valeria/sala7_264_nic</folder><source><submittedBy>Jose Saca</submittedBy></source><imagesize><nrows>2910</nrows><ncols>4361</ncols></imagesize><object><name>m2_s07_264_p_nic071</name><deleted>0</deleted><verified>0</verified><occluded>no</occluded><attributes></attributes><parts><hasparts></hasparts><ispartof></ispartof></parts><date>23-09-20 21:16:06:581</date><id>0</id><type>bounding_box</type><polygon><username>anonymous</username><pt><x>231</x><y>2188</y><time>23-09-20 21:16:01:652</time></pt><pt><x>1554</x><y>2188</y><time>23-09-20 21:16:03:431</time></pt><pt><x>1554</x><y>397</y><time>undefined</time></pt><pt><x>231</x><y>397</y><time>undefined</time></pt><closed_date>23-09-20 21:16:03:432</closed_date></polygon></object></annotation>