<annotation><filename>m4_s04_047_p_nic013.jpg</filename><folder>users/joselusava//kath/kath_m4_047/nic</folder><source><submittedBy>Jose Saca</submittedBy></source><imagesize><nrows>2970</nrows><ncols>4451</ncols></imagesize><object><name>m4_s04_047_p_nic013</name><deleted>0</deleted><verified>0</verified><occluded>no</occluded><attributes></attributes><parts><hasparts></hasparts><ispartof></ispartof></parts><date>24-10-20 18:02:18:692</date><id>0</id><type>bounding_box</type><polygon><username>anonymous</username><pt><x>2562</x><y>156</y><time>24-10-20 18:02:12:785</time></pt><pt><x>4165</x><y>156</y><time>24-10-20 18:02:14:998</time></pt><pt><x>4165</x><y>2896</y><time>undefined</time></pt><pt><x>2562</x><y>2896</y><time>undefined</time></pt><closed_date>24-10-20 18:02:14:999</closed_date></polygon></object></annotation>