<annotation><filename>m2_s01_054_p_ic058.jpg</filename><folder>users/joselusava//kath</folder><source><submittedBy>Jose Saca</submittedBy></source><imagesize><nrows>2850</nrows><ncols>4271</ncols></imagesize><object><name>m2_s01_054_p_ic058</name><deleted>0</deleted><verified>0</verified><occluded>no</occluded><attributes></attributes><parts><hasparts></hasparts><ispartof></ispartof></parts><date>29-09-20 23:37:58:629</date><id>0</id><type>bounding_box</type><polygon><username>anonymous</username><pt><x>1271</x><y>161</y><time>29-09-20 23:37:51:962</time></pt><pt><x>2794</x><y>161</y><time>29-09-20 23:37:55:557</time></pt><pt><x>2794</x><y>2471</y><time>undefined</time></pt><pt><x>1271</x><y>2471</y><time>undefined</time></pt><closed_date>29-09-20 23:37:55:558</closed_date></polygon></object></annotation>