<annotation><filename>m4_s07_105_p_nic086.jpg</filename><folder>users/joselusava//kath/m4_105/nic</folder><source><submittedBy>Jose Saca</submittedBy></source><imagesize><nrows>2970</nrows><ncols>4451</ncols></imagesize><object><name>m4_s07_105_p_nic085</name><deleted>0</deleted><verified>0</verified><occluded>no</occluded><attributes></attributes><parts><hasparts></hasparts><ispartof></ispartof></parts><date>03-11-20 09:15:34:145</date><id>0</id><type>bounding_box</type><polygon><username>anonymous</username><pt><x>1893</x><y>2735</y><time>03-11-20 09:15:30:781</time></pt><pt><x>2547</x><y>2735</y><time>03-11-20 09:15:31:968</time></pt><pt><x>2547</x><y>1490</y><time>undefined</time></pt><pt><x>1893</x><y>1490</y><time>undefined</time></pt><closed_date>03-11-20 09:15:31:969</closed_date></polygon></object></annotation>