<annotation><filename>m4_s05_052_p_ic012.jpg</filename><folder>users/joselusava//santiago_2</folder><source><submittedBy>Jose Saca</submittedBy></source><imagesize><nrows>2910</nrows><ncols>4361</ncols></imagesize><object><name>m4_s05_052_p_ic012</name><deleted>0</deleted><verified>0</verified><occluded>no</occluded><attributes></attributes><parts><hasparts></hasparts><ispartof></ispartof></parts><date>07-10-20 16:23:12:821</date><id>0</id><type>bounding_box</type><polygon><username>anonymous</username><pt><x>1271</x><y>613</y><time>07-10-20 16:23:09:016</time></pt><pt><x>3042</x><y>613</y><time>07-10-20 16:23:10:898</time></pt><pt><x>3042</x><y>2439</y><time>undefined</time></pt><pt><x>1271</x><y>2439</y><time>undefined</time></pt><closed_date>07-10-20 16:23:10:899</closed_date></polygon></object></annotation>