<annotation><filename>m4_s11_178_p_nic076.jpg</filename><folder>users/joselusava//santiago_2</folder><source><submittedBy>Jose Saca</submittedBy></source><imagesize><nrows>2970</nrows><ncols>4451</ncols></imagesize><object><name>m4_s11_178_p_nic076</name><deleted>0</deleted><verified>0</verified><occluded>no</occluded><attributes></attributes><parts><hasparts></hasparts><ispartof></ispartof></parts><date>16-10-20 11:36:04:761</date><id>0</id><type>bounding_box</type><polygon><username>anonymous</username><pt><x>593</x><y>917</y><time>16-10-20 11:36:01:571</time></pt><pt><x>1599</x><y>917</y><time>16-10-20 11:36:02:522</time></pt><pt><x>1599</x><y>1903</y><time>undefined</time></pt><pt><x>593</x><y>1903</y><time>undefined</time></pt><closed_date>16-10-20 11:36:02:523</closed_date></polygon></object></annotation>