<annotation><filename>m2_s03_248_p_nic032.jpg</filename><folder>users/joselusava//museos2020</folder><source><submittedBy>Jose Saca</submittedBy></source><imagesize><nrows>2910</nrows><ncols>4361</ncols></imagesize><object><name>m2_s03_248_p_nic032</name><deleted>0</deleted><verified>0</verified><occluded>no</occluded><attributes></attributes><parts><hasparts></hasparts><ispartof></ispartof></parts><date>27-09-20 16:52:43:754</date><id>0</id><polygon><username>anonymous</username><pt><x>1887</x><y>1376</y><time>27-09-20 16:52:35:200</time></pt><pt><x>4021</x><y>1367</y><time>27-09-20 16:52:36:335</time></pt><pt><x>3398</x><y>2110</y><time>27-09-20 16:52:37:328</time></pt><pt><x>1711</x><y>1594</y><time>27-09-20 16:52:38:464</time></pt><closed_date>27-09-20 16:52:39:254</closed_date></polygon></object></annotation>