<annotation><filename>m4_s05_052_p_nic085.jpg</filename><folder>users/joselusava//santiago_2</folder><source><submittedBy>Jose Saca</submittedBy></source><imagesize><nrows>2910</nrows><ncols>4361</ncols></imagesize><object><name>m4_s05_052_p_nic085</name><deleted>0</deleted><verified>0</verified><occluded>no</occluded><attributes></attributes><parts><hasparts></hasparts><ispartof></ispartof></parts><date>08-10-20 22:36:11:868</date><id>0</id><type>bounding_box</type><polygon><username>anonymous</username><pt><x>2744</x><y>579</y><time>08-10-20 22:36:07:434</time></pt><pt><x>4043</x><y>579</y><time>08-10-20 22:36:09:372</time></pt><pt><x>4043</x><y>2148</y><time>undefined</time></pt><pt><x>2744</x><y>2148</y><time>undefined</time></pt><closed_date>08-10-20 22:36:09:373</closed_date></polygon></object></annotation>