<annotation><filename>m1_s01_001_p_nic069.jpg</filename><folder>users/joselusava//juancarlos</folder><source><submittedBy>Jose Saca</submittedBy></source><imagesize><nrows>3200</nrows><ncols>4800</ncols></imagesize><object><name>m1_s01_001_p_nic069</name><deleted>0</deleted><verified>0</verified><occluded>no</occluded><attributes></attributes><parts><hasparts></hasparts><ispartof></ispartof></parts><date>11-09-20 11:42:03:662</date><id>0</id><type>bounding_box</type><polygon><username>anonymous</username><pt><x>2224</x><y>2130</y><time>11-09-20 11:41:52:529</time></pt><pt><x>3461</x><y>2130</y><time>11-09-20 11:41:55:091</time></pt><pt><x>3461</x><y>2784</y><time>undefined</time></pt><pt><x>2224</x><y>2784</y><time>undefined</time></pt><closed_date>11-09-20 11:41:55:092</closed_date></polygon></object></annotation>