<annotation><filename>m2_s02_115_x.jpg</filename><folder>users/joselusava//m2_jsv</folder><source><submittedBy>Jose Saca</submittedBy></source><imagesize><nrows>2910</nrows><ncols>4361</ncols></imagesize><object><name>m2_s02_115_x</name><deleted>0</deleted><verified>0</verified><occluded>no</occluded><attributes></attributes><parts><hasparts></hasparts><ispartof></ispartof></parts><date>19-09-20 23:25:11:903</date><id>0</id><type>bounding_box</type><polygon><username>anonymous</username><pt><x>3099</x><y>2350</y><time>19-09-20 23:25:09:680</time></pt><pt><x>1271</x><y>2350</y><time>19-09-20 23:25:11:109</time></pt><pt><x>1271</x><y>514</y><time>undefined</time></pt><pt><x>3099</x><y>514</y><time>undefined</time></pt><closed_date>19-09-20 23:25:11:109</closed_date></polygon></object></annotation>