<annotation><filename>m2_s01_054_p_nic058.jpg</filename><folder>users/joselusava//kath</folder><source><submittedBy>Jose Saca</submittedBy></source><imagesize><nrows>2850</nrows><ncols>4271</ncols></imagesize><object><name>m2_s01_054_p_nic058</name><deleted>0</deleted><verified>0</verified><occluded>no</occluded><attributes></attributes><parts><hasparts></hasparts><ispartof></ispartof></parts><date>30-09-20 11:47:30:381</date><id>0</id><polygon><username>anonymous</username><pt><x>2464</x><y>1622</y><time>30-09-20 11:47:20:902</time></pt><pt><x>3159</x><y>1425</y><time>30-09-20 11:47:22:330</time></pt><pt><x>3187</x><y>2527</y><time>30-09-20 11:47:23:631</time></pt><pt><x>2696</x><y>2675</y><time>30-09-20 11:47:24:875</time></pt><closed_date>30-09-20 11:47:27:108</closed_date></polygon></object></annotation>