<annotation><filename>m2_s03_201_p_ic093.jpg</filename><folder>users/joselusava//eg</folder><source><submittedBy>Jose Saca</submittedBy></source><imagesize><nrows>2910</nrows><ncols>4361</ncols></imagesize><object><name>m2_s03_201_p_ic093</name><deleted>0</deleted><verified>0</verified><occluded>no</occluded><attributes></attributes><parts><hasparts></hasparts><ispartof></ispartof></parts><date>17-09-20 08:41:43:373</date><id>0</id><type>bounding_box</type><polygon><username>anonymous</username><pt><x>760</x><y>545</y><time>17-09-20 08:41:28:078</time></pt><pt><x>3010</x><y>545</y><time>17-09-20 08:41:30:489</time></pt><pt><x>3010</x><y>2716</y><time>undefined</time></pt><pt><x>760</x><y>2716</y><time>undefined</time></pt><closed_date>17-09-20 08:41:30:490</closed_date></polygon></object></annotation>