<annotation><filename>m2_s06_248_p_nic079.jpg</filename><folder>users/joselusava//museos2020</folder><source><submittedBy>Jose Saca</submittedBy></source><imagesize><nrows>2910</nrows><ncols>4361</ncols></imagesize><object><name>m2_s06_248_p_nic079</name><deleted>0</deleted><verified>0</verified><occluded>no</occluded><attributes></attributes><parts><hasparts></hasparts><ispartof></ispartof></parts><date>27-09-20 19:29:32:282</date><id>0</id><polygon><username>anonymous</username><pt><x>1957</x><y>1325</y><time>27-09-20 19:29:22:876</time></pt><pt><x>3858</x><y>1009</y><time>27-09-20 19:29:23:665</time></pt><pt><x>4058</x><y>1283</y><time>27-09-20 19:29:24:262</time></pt><pt><x>2440</x><y>2273</y><time>27-09-20 19:29:25:344</time></pt><closed_date>27-09-20 19:29:26:231</closed_date></polygon></object></annotation>