<annotation><filename>m1_s01_004_p_nic010.jpg</filename><folder>users/joselusava//valeria_apoyo/sala01_004_nic</folder><source><submittedBy>Jose Saca</submittedBy></source><imagesize><nrows>3200</nrows><ncols>4800</ncols></imagesize><object><name>m1_s01_004_p_nic010</name><deleted>0</deleted><verified>0</verified><occluded>no</occluded><attributes></attributes><parts><hasparts></hasparts><ispartof></ispartof></parts><date>16-09-20 17:52:23:049</date><id>0</id><type>bounding_box</type><polygon><username>anonymous</username><pt><x>4758</x><y>2958</y><time>16-09-20 17:52:15:163</time></pt><pt><x>1327</x><y>2958</y><time>16-09-20 17:52:17:626</time></pt><pt><x>1327</x><y>1927</y><time>undefined</time></pt><pt><x>4758</x><y>1927</y><time>undefined</time></pt><closed_date>16-09-20 17:52:17:626</closed_date></polygon></object></annotation>