<annotation><filename>m4_s02_021_p_nic054.jpg</filename><folder>users/joselusava//santiago_2</folder><source><submittedBy>Jose Saca</submittedBy></source><imagesize><nrows>2910</nrows><ncols>4361</ncols></imagesize><object><name>m4_s02_021_p_nic054</name><deleted>0</deleted><verified>0</verified><occluded>no</occluded><attributes></attributes><parts><hasparts></hasparts><ispartof></ispartof></parts><date>05-10-20 11:12:24:481</date><id>0</id><type>bounding_box</type><polygon><username>anonymous</username><pt><x>1795</x><y>890</y><time>05-10-20 11:12:21:139</time></pt><pt><x>2730</x><y>890</y><time>05-10-20 11:12:22:580</time></pt><pt><x>2730</x><y>2505</y><time>undefined</time></pt><pt><x>1795</x><y>2505</y><time>undefined</time></pt><closed_date>05-10-20 11:12:22:581</closed_date></polygon></object></annotation>