<annotation><filename>m2_s03_248_p_nic019.jpg</filename><folder>users/joselusava//museos2020</folder><source><submittedBy>Jose Saca</submittedBy></source><imagesize><nrows>2910</nrows><ncols>4361</ncols></imagesize><object><name>m2_s03_248_p_nic019</name><deleted>0</deleted><verified>0</verified><occluded>no</occluded><attributes></attributes><parts><hasparts></hasparts><ispartof></ispartof></parts><date>27-09-20 10:04:42:473</date><id>0</id><polygon><username>anonymous</username><pt><x>195</x><y>1227</y><time>27-09-20 10:04:33:347</time></pt><pt><x>2097</x><y>1204</y><time>27-09-20 10:04:34:558</time></pt><pt><x>2278</x><y>1436</y><time>27-09-20 10:04:35:287</time></pt><pt><x>920</x><y>2055</y><time>27-09-20 10:04:36:295</time></pt><closed_date>27-09-20 10:04:37:311</closed_date></polygon></object></annotation>