<annotation><filename>m2_s06_250_p_nic049.jpg</filename><folder>users/joselusava//m2_jsv/250</folder><source><submittedBy>Jose Saca</submittedBy></source><imagesize><nrows>2910</nrows><ncols>4361</ncols></imagesize><object><name>m2_s06_250_p_nic049</name><deleted>0</deleted><verified>0</verified><occluded>no</occluded><attributes></attributes><parts><hasparts></hasparts><ispartof></ispartof></parts><date>30-09-20 11:44:26:751</date><id>0</id><type>bounding_box</type><polygon><username>anonymous</username><pt><x>3029</x><y>1671</y><time>30-09-20 11:44:24:651</time></pt><pt><x>305</x><y>1671</y><time>30-09-20 11:44:25:910</time></pt><pt><x>305</x><y>2890</y><time>undefined</time></pt><pt><x>3029</x><y>2890</y><time>undefined</time></pt><closed_date>30-09-20 11:44:25:910</closed_date></polygon></object></annotation>