<annotation><filename>m2_s01_032_p_nic012.jpg</filename><folder>users/joselusava//santiago_2</folder><source><submittedBy>Jose Saca</submittedBy></source><imagesize><nrows>2850</nrows><ncols>4271</ncols></imagesize><object><name>m2_s01_032_p_nic012</name><deleted>0</deleted><verified>0</verified><occluded>no</occluded><attributes></attributes><parts><hasparts></hasparts><ispartof></ispartof></parts><date>30-09-20 17:46:11:723</date><id>0</id><type>bounding_box</type><polygon><username>anonymous</username><pt><x>1174</x><y>1425</y><time>30-09-20 17:46:09:056</time></pt><pt><x>2199</x><y>1425</y><time>30-09-20 17:46:09:849</time></pt><pt><x>2199</x><y>2524</y><time>undefined</time></pt><pt><x>1174</x><y>2524</y><time>undefined</time></pt><closed_date>30-09-20 17:46:09:850</closed_date></polygon></object></annotation>