<annotation><filename>m2_s07_267_x.jpg</filename><folder>users/joselusava//museos2020</folder><source><submittedBy>Jose Saca</submittedBy></source><imagesize><nrows>2910</nrows><ncols>4361</ncols></imagesize><object><name>m2_s07_267_x</name><deleted>0</deleted><verified>0</verified><occluded>no</occluded><attributes></attributes><parts><hasparts></hasparts><ispartof></ispartof></parts><date>27-09-20 22:11:02:918</date><id>0</id><type>bounding_box</type><polygon><username>anonymous</username><pt><x>888</x><y>409</y><time>27-09-20 22:10:52:083</time></pt><pt><x>3640</x><y>409</y><time>27-09-20 22:10:55:491</time></pt><pt><x>3640</x><y>2515</y><time>undefined</time></pt><pt><x>888</x><y>2515</y><time>undefined</time></pt><closed_date>27-09-20 22:10:55:491</closed_date></polygon></object></annotation>