<annotation><filename>m2_s03_201_p_nic040.jpg</filename><folder>users/joselusava//valeria/m2_sala03_201_nic</folder><source><submittedBy>Jose Saca</submittedBy></source><imagesize><nrows>2910</nrows><ncols>4361</ncols></imagesize><object><name>m2_s03_201_p_nic040</name><deleted>0</deleted><verified>0</verified><occluded>no</occluded><attributes></attributes><parts><hasparts></hasparts><ispartof></ispartof></parts><date>29-09-20 23:16:06:853</date><id>0</id><type>bounding_box</type><polygon><username>anonymous</username><pt><x>1863</x><y>1896</y><time>29-09-20 23:16:01:953</time></pt><pt><x>3544</x><y>1896</y><time>29-09-20 23:16:03:992</time></pt><pt><x>3544</x><y>121</y><time>undefined</time></pt><pt><x>1863</x><y>121</y><time>undefined</time></pt><closed_date>29-09-20 23:16:03:993</closed_date></polygon></object></annotation>