<annotation><filename>m2_s07_264_p_ic011.jpg</filename><folder>users/joselusava//valeria/sala7_264_ic</folder><source><submittedBy>Jose Saca</submittedBy></source><imagesize><nrows>2910</nrows><ncols>4361</ncols></imagesize><object><name>m2_s07_264_p_ic011</name><deleted>0</deleted><verified>0</verified><occluded>no</occluded><attributes></attributes><parts><hasparts></hasparts><ispartof></ispartof></parts><date>22-09-20 17:56:57:106</date><id>0</id><type>bounding_box</type><polygon><username>anonymous</username><pt><x>1301</x><y>2408</y><time>22-09-20 17:56:51:848</time></pt><pt><x>2767</x><y>2408</y><time>22-09-20 17:56:53:791</time></pt><pt><x>2767</x><y>479</y><time>undefined</time></pt><pt><x>1301</x><y>479</y><time>undefined</time></pt><closed_date>22-09-20 17:56:53:793</closed_date></polygon></object></annotation>