<annotation><filename>m2_s03_252_p_ic068.jpg</filename><folder>users/joselusava//valeria/m2_sala03_252_ic</folder><source><submittedBy>Jose Saca</submittedBy></source><imagesize><nrows>2910</nrows><ncols>4361</ncols></imagesize><object><name>m2_s06_252_p_ic066</name><deleted>0</deleted><verified>0</verified><occluded>no</occluded><attributes/><parts><hasparts/><ispartof/></parts><date>25-09-20 23:28:54:617</date><id>0</id><type>bounding_box</type><polygon><username>anonymous</username><pt><x>755</x><y>435</y><time>25-09-20 23:28:48:325</time></pt><pt><x>3505</x><y>435</y><time>25-09-20 23:28:50:541</time></pt><pt><x>3505</x><y>2447</y><time>undefined</time></pt><pt><x>755</x><y>2447</y><time>undefined</time></pt><closed_date>25-09-20 23:28:50:541</closed_date></polygon></object><object><name>m2_s06_252_p_ic068</name><deleted>0</deleted><verified>0</verified><occluded>no</occluded><attributes></attributes><parts><hasparts></hasparts><ispartof></ispartof></parts><date>27-09-20 12:46:24:538</date><id>1</id><type>bounding_box</type><polygon><username>anonymous</username><pt><x>739</x><y>457</y><time>27-09-20 12:46:17:996</time></pt><pt><x>3505</x><y>457</y><time>27-09-20 12:46:20:319</time></pt><pt><x>3505</x><y>2436</y><time>undefined</time></pt><pt><x>739</x><y>2436</y><time>undefined</time></pt><closed_date>27-09-20 12:46:20:321</closed_date></polygon></object></annotation>