<annotation><filename>m2_s01_032_p_nic060.jpg</filename><folder>users/joselusava//santiago_2</folder><source><submittedBy>Jose Saca</submittedBy></source><imagesize><nrows>2850</nrows><ncols>4271</ncols></imagesize><object><name>m2_s01_032_p_nic060</name><deleted>0</deleted><verified>0</verified><occluded>no</occluded><attributes></attributes><parts><hasparts></hasparts><ispartof></ispartof></parts><date>30-09-20 21:02:21:090</date><id>0</id><type>bounding_box</type><polygon><username>anonymous</username><pt><x>478</x><y>1337</y><time>30-09-20 21:02:17:968</time></pt><pt><x>1245</x><y>1337</y><time>30-09-20 21:02:19:089</time></pt><pt><x>1245</x><y>2246</y><time>undefined</time></pt><pt><x>478</x><y>2246</y><time>undefined</time></pt><closed_date>30-09-20 21:02:19:090</closed_date></polygon></object></annotation>