<annotation><filename>m2_s01_024_p_ic042.jpg</filename><folder>users/joselusava//santiago</folder><source><submittedBy>Jose Saca</submittedBy></source><imagesize><nrows>2850</nrows><ncols>4271</ncols></imagesize><object><name>m2_s01_024_p_ic042</name><deleted>0</deleted><verified>0</verified><occluded>no</occluded><attributes></attributes><parts><hasparts></hasparts><ispartof></ispartof></parts><date>24-09-20 16:43:16:379</date><id>0</id><type>bounding_box</type><polygon><username>anonymous</username><pt><x>1382</x><y>54</y><time>24-09-20 16:43:06:658</time></pt><pt><x>2674</x><y>54</y><time>24-09-20 16:43:09:198</time></pt><pt><x>2674</x><y>2507</y><time>undefined</time></pt><pt><x>1382</x><y>2507</y><time>undefined</time></pt><closed_date>24-09-20 16:43:09:200</closed_date></polygon></object></annotation>