<annotation><filename>m3_s01_013_p_ic080.jpg</filename><folder>users/joselusava//valeria/m03_s01_13_ic</folder><source><submittedBy>Jose Saca</submittedBy></source><imagesize><nrows>2970</nrows><ncols>4451</ncols></imagesize><object><name>m3_s01_013_p_ic079</name><deleted>0</deleted><verified>0</verified><occluded>no</occluded><attributes></attributes><parts><hasparts></hasparts><ispartof></ispartof></parts><date>01-11-20 09:31:03:725</date><id>0</id><type>bounding_box</type><polygon><username>anonymous</username><pt><x>3907</x><y>2822</y><time>01-11-20 09:30:56:696</time></pt><pt><x>423</x><y>2822</y><time>01-11-20 09:30:59:350</time></pt><pt><x>423</x><y>337</y><time>undefined</time></pt><pt><x>3907</x><y>337</y><time>undefined</time></pt><closed_date>01-11-20 09:30:59:351</closed_date></polygon></object></annotation>