<annotation><filename>m2_s01_054_p_nic100.jpg</filename><folder>users/joselusava//kath</folder><source><submittedBy>Jose Saca</submittedBy></source><imagesize><nrows>2850</nrows><ncols>4271</ncols></imagesize><object><name>m2_s01_054_p_nic100</name><deleted>0</deleted><verified>0</verified><occluded>no</occluded><attributes></attributes><parts><hasparts></hasparts><ispartof></ispartof></parts><date>30-09-20 22:48:59:552</date><id>0</id><polygon><username>kath</username><pt><x>2660</x><y>667</y><time>30-09-20 22:48:50:997</time></pt><pt><x>3749</x><y>583</y><time>30-09-20 22:48:52:303</time></pt><pt><x>3664</x><y>2239</y><time>30-09-20 22:48:53:767</time></pt><pt><x>2639</x><y>2127</y><time>30-09-20 22:48:55:031</time></pt><closed_date>30-09-20 22:48:56:240</closed_date></polygon></object></annotation>