<annotation><filename>m1_s06_168_p_nic090.jpg</filename><folder>users/joselusava//jacob_2/168nic</folder><source><submittedBy>Jose Saca</submittedBy></source><imagesize><nrows>2736</nrows><ncols>4100</ncols></imagesize><object><name>m1_s06_168_p_nic090</name><deleted>0</deleted><verified>0</verified><occluded>no</occluded><attributes></attributes><parts><hasparts></hasparts><ispartof></ispartof></parts><date>09-09-20 11:00:56:848</date><id>0</id><type>bounding_box</type><polygon><username>anonymous</username><pt><x>401</x><y>2079</y><time>09-09-20 11:00:54:008</time></pt><pt><x>1588</x><y>2079</y><time>09-09-20 11:00:55:916</time></pt><pt><x>1588</x><y>344</y><time>undefined</time></pt><pt><x>401</x><y>344</y><time>undefined</time></pt><closed_date>09-09-20 11:00:55:916</closed_date></polygon></object></annotation>