<annotation><filename>m2_s02_190_p_ic039.jpg</filename><folder>users/joselusava//m2_jsv/190/ic</folder><source><submittedBy>Jose Saca</submittedBy></source><imagesize><nrows>2910</nrows><ncols>4361</ncols></imagesize><object><name>m2_s02_190_p_ic039</name><deleted>0</deleted><verified>0</verified><occluded>no</occluded><attributes></attributes><parts><hasparts></hasparts><ispartof></ispartof></parts><date>21-09-20 14:21:22:680</date><id>0</id><type>bounding_box</type><polygon><username>anonymous</username><pt><x>1379</x><y>477</y><time>21-09-20 14:21:20:517</time></pt><pt><x>2991</x><y>477</y><time>21-09-20 14:21:22:025</time></pt><pt><x>2991</x><y>2670</y><time>undefined</time></pt><pt><x>1379</x><y>2670</y><time>undefined</time></pt><closed_date>21-09-20 14:21:22:025</closed_date></polygon></object></annotation>