<annotation><filename>m2_s02_190_p_nic093.jpg</filename><folder>users/joselusava//m2_jsv/190/nic</folder><source><submittedBy>Jose Saca</submittedBy></source><imagesize><nrows>2910</nrows><ncols>4361</ncols></imagesize><object><name>m2_s02_190_p_nic093</name><deleted>0</deleted><verified>0</verified><occluded>no</occluded><attributes></attributes><parts><hasparts></hasparts><ispartof></ispartof></parts><date>21-09-20 16:14:56:127</date><id>0</id><type>bounding_box</type><polygon><username>anonymous</username><pt><x>4056</x><y>1941</y><time>21-09-20 16:14:54:556</time></pt><pt><x>3221</x><y>1941</y><time>21-09-20 16:14:55:638</time></pt><pt><x>3221</x><y>818</y><time>undefined</time></pt><pt><x>4056</x><y>818</y><time>undefined</time></pt><closed_date>21-09-20 16:14:55:638</closed_date></polygon></object></annotation>