<annotation><filename>m4_s04_039_p_ic093.jpg</filename><folder>users/joselusava//santiago_2</folder><source><submittedBy>Jose Saca</submittedBy></source><imagesize><nrows>2970</nrows><ncols>4451</ncols></imagesize><object><name>m4_s04_039_p_ic093</name><deleted>0</deleted><verified>0</verified><occluded>no</occluded><attributes></attributes><parts><hasparts></hasparts><ispartof></ispartof></parts><date>21-10-20 16:08:20:702</date><id>0</id><type>bounding_box</type><polygon><username>anonymous</username><pt><x>1660</x><y>361</y><time>21-10-20 16:08:16:672</time></pt><pt><x>2467</x><y>361</y><time>21-10-20 16:08:18:355</time></pt><pt><x>2467</x><y>2856</y><time>undefined</time></pt><pt><x>1660</x><y>2856</y><time>undefined</time></pt><closed_date>21-10-20 16:08:18:357</closed_date></polygon></object></annotation>