<annotation><filename>m2_s01_018_p_nic043.jpg</filename><folder>users/joselusava//santiago_2</folder><source><submittedBy>Jose Saca</submittedBy></source><imagesize><nrows>2850</nrows><ncols>4271</ncols></imagesize><object><name>m2_s01_018_p_nic043</name><deleted>0</deleted><verified>0</verified><occluded>no</occluded><attributes></attributes><parts><hasparts></hasparts><ispartof></ispartof></parts><date>28-09-20 21:48:38:782</date><id>0</id><type>bounding_box</type><polygon><username>anonymous</username><pt><x>2066</x><y>1931</y><time>28-09-20 21:48:31:563</time></pt><pt><x>2579</x><y>1931</y><time>28-09-20 21:48:32:596</time></pt><pt><x>2579</x><y>2463</y><time>undefined</time></pt><pt><x>2066</x><y>2463</y><time>undefined</time></pt><closed_date>28-09-20 21:48:32:598</closed_date></polygon></object></annotation>