<annotation><filename>m1_s01_001_p_nic042.jpg</filename><folder>users/joselusava//juancarlos</folder><source><submittedBy>Jose Saca</submittedBy></source><imagesize><nrows>3200</nrows><ncols>4800</ncols></imagesize><object><name>m1_s01_001_p_nic042</name><deleted>0</deleted><verified>0</verified><occluded>no</occluded><attributes></attributes><parts><hasparts></hasparts><ispartof></ispartof></parts><date>09-09-20 09:12:48:817</date><id>0</id><type>bounding_box</type><polygon><username>anonymous</username><pt><x>3267</x><y>1769</y><time>09-09-20 09:12:37:365</time></pt><pt><x>4337</x><y>1769</y><time>09-09-20 09:12:39:768</time></pt><pt><x>4337</x><y>2412</y><time>undefined</time></pt><pt><x>3267</x><y>2412</y><time>undefined</time></pt><closed_date>09-09-20 09:12:39:770</closed_date></polygon></object></annotation>