<annotation><filename>m4_s05_055_p_nic036.jpg</filename><folder>users/joselusava//valeria/m4_s05_055_nic</folder><source><submittedBy>Jose Saca</submittedBy></source><imagesize><nrows>2910</nrows><ncols>4361</ncols></imagesize><object><name>m4_s05_055_p_nic036</name><deleted>0</deleted><verified>0</verified><occluded>no</occluded><attributes></attributes><parts><hasparts></hasparts><ispartof></ispartof></parts><date>09-10-20 17:21:10:903</date><id>0</id><type>bounding_box</type><polygon><username>anonymous</username><pt><x>2745</x><y>2127</y><time>09-10-20 17:21:06:763</time></pt><pt><x>3979</x><y>2127</y><time>09-10-20 17:21:08:005</time></pt><pt><x>3979</x><y>645</y><time>undefined</time></pt><pt><x>2745</x><y>645</y><time>undefined</time></pt><closed_date>09-10-20 17:21:08:006</closed_date></polygon></object></annotation>