<annotation><filename>m2_s02_085_p_ic025.jpg</filename><folder>users/joselusava//m2_jsv/85/ic</folder><source><submittedBy>Jose Saca</submittedBy></source><imagesize><nrows>2910</nrows><ncols>4361</ncols></imagesize><object><name>m2_s02_085_p_ic025</name><deleted>0</deleted><verified>0</verified><occluded>no</occluded><attributes></attributes><parts><hasparts></hasparts><ispartof></ispartof></parts><date>16-09-20 13:38:37:632</date><id>0</id><type>bounding_box</type><polygon><username>anonymous</username><pt><x>2733</x><y>1993</y><time>16-09-20 13:38:35:607</time></pt><pt><x>1715</x><y>1993</y><time>16-09-20 13:38:37:053</time></pt><pt><x>1715</x><y>731</y><time>undefined</time></pt><pt><x>2733</x><y>731</y><time>undefined</time></pt><closed_date>16-09-20 13:38:37:053</closed_date></polygon></object></annotation>