<annotation><filename>m1_s01_021_p_ic061.jpg</filename><folder>users/joselusava//santiago</folder><source><submittedBy>Jose Saca</submittedBy></source><imagesize><nrows>3200</nrows><ncols>4800</ncols></imagesize><object><name>m1_s01_021_p_ic061</name><deleted>0</deleted><verified>0</verified><occluded>no</occluded><attributes></attributes><parts><hasparts></hasparts><ispartof></ispartof></parts><date>14-09-20 23:37:23:040</date><id>0</id><type>bounding_box</type><polygon><username>anonymous</username><pt><x>1850</x><y>770</y><time>14-09-20 23:37:15:447</time></pt><pt><x>3070</x><y>770</y><time>14-09-20 23:37:17:118</time></pt><pt><x>3070</x><y>2268</y><time>undefined</time></pt><pt><x>1850</x><y>2268</y><time>undefined</time></pt><closed_date>14-09-20 23:37:17:121</closed_date></polygon></object></annotation>