<annotation><filename>m4_s02_015_p_ic067.jpg</filename><folder>users/joselusava//m4_js/15ic</folder><source><submittedBy>Jose Saca</submittedBy></source><imagesize><nrows>2910</nrows><ncols>4361</ncols></imagesize><object><name>m4_s02_015_p_ic067</name><deleted>0</deleted><verified>0</verified><occluded>no</occluded><attributes></attributes><parts><hasparts></hasparts><ispartof></ispartof></parts><date>03-10-20 19:36:37:564</date><id>0</id><type>bounding_box</type><polygon><username>anonymous</username><pt><x>1323</x><y>2429</y><time>03-10-20 19:36:35:551</time></pt><pt><x>2655</x><y>2429</y><time>03-10-20 19:36:36:633</time></pt><pt><x>2655</x><y>801</y><time>undefined</time></pt><pt><x>1323</x><y>801</y><time>undefined</time></pt><closed_date>03-10-20 19:36:36:633</closed_date></polygon></object></annotation>