<annotation><filename>m4_s11_178_p_nic033.jpg</filename><folder>users/joselusava//santiago_2</folder><source><submittedBy>Jose Saca</submittedBy></source><imagesize><nrows>2970</nrows><ncols>4451</ncols></imagesize><object><name>m4_s11_178_p_nic033</name><deleted>0</deleted><verified>0</verified><occluded>no</occluded><attributes></attributes><parts><hasparts></hasparts><ispartof></ispartof></parts><date>15-10-20 23:18:31:421</date><id>0</id><type>bounding_box</type><polygon><username>anonymous</username><pt><x>1356</x><y>1356</y><time>15-10-20 23:18:28:470</time></pt><pt><x>2634</x><y>1356</y><time>15-10-20 23:18:29:767</time></pt><pt><x>2634</x><y>2706</y><time>undefined</time></pt><pt><x>1356</x><y>2706</y><time>undefined</time></pt><closed_date>15-10-20 23:18:29:769</closed_date></polygon></object></annotation>