<annotation><filename>m1_s06_141_p_nic047.jpg</filename><folder>users/joselusava//jacob_2/141nic</folder><source><submittedBy>Jose Saca</submittedBy></source><imagesize><nrows>2736</nrows><ncols>4100</ncols></imagesize><object><name>m1_s06_141_p_nic047</name><deleted>0</deleted><verified>0</verified><occluded>no</occluded><attributes></attributes><parts><hasparts></hasparts><ispartof></ispartof></parts><date>05-09-20 19:47:05:142</date><id>0</id><type>bounding_box</type><polygon><username>anonymous</username><pt><x>1337</x><y>2030</y><time>05-09-20 19:47:01:970</time></pt><pt><x>277</x><y>2030</y><time>05-09-20 19:47:04:232</time></pt><pt><x>277</x><y>456</y><time>undefined</time></pt><pt><x>1337</x><y>456</y><time>undefined</time></pt><closed_date>05-09-20 19:47:04:232</closed_date></polygon></object></annotation>