<annotation><filename>m1_s01_001_p_ic032.jpg</filename><folder>users/joselusava//juancarlos</folder><source><submittedBy>Jose Saca</submittedBy></source><imagesize><nrows>2000</nrows><ncols>2992</ncols></imagesize><object><name>m1_s01_001_p_ic032</name><deleted>0</deleted><verified>0</verified><occluded>no</occluded><attributes></attributes><parts><hasparts></hasparts><ispartof></ispartof></parts><date>26-08-20 20:18:06:756</date><id>0</id><type>bounding_box</type><polygon><username>anonymous</username><pt><x>1027</x><y>777</y><time>26-08-20 20:17:55:636</time></pt><pt><x>2167</x><y>777</y><time>26-08-20 20:17:59:162</time></pt><pt><x>2167</x><y>1648</y><time>undefined</time></pt><pt><x>1027</x><y>1648</y><time>undefined</time></pt><closed_date>26-08-20 20:17:59:163</closed_date></polygon></object></annotation>