<annotation><filename>m4_s06_089_p_nic034.jpg</filename><folder>users/joselusava//santiago_2</folder><source><submittedBy>Jose Saca</submittedBy></source><imagesize><nrows>2970</nrows><ncols>4451</ncols></imagesize><object><name>m4_s06_089_p_nic034</name><deleted>0</deleted><verified>0</verified><occluded>no</occluded><attributes></attributes><parts><hasparts></hasparts><ispartof></ispartof></parts><date>12-10-20 20:58:58:305</date><id>0</id><type>bounding_box</type><polygon><username>anonymous</username><pt><x>1949</x><y>246</y><time>12-10-20 20:58:54:807</time></pt><pt><x>3248</x><y>246</y><time>12-10-20 20:58:55:959</time></pt><pt><x>3248</x><y>1967</y><time>undefined</time></pt><pt><x>1949</x><y>1967</y><time>undefined</time></pt><closed_date>12-10-20 20:58:55:960</closed_date></polygon></object></annotation>