<annotation><filename>m2_s01_034_p_nic083.jpg</filename><folder>users/joselusava//kath</folder><source><submittedBy>Jose Saca</submittedBy></source><imagesize><nrows>2850</nrows><ncols>4271</ncols></imagesize><object><name>m2_s01_034_p_nic083</name><deleted>0</deleted><verified>0</verified><occluded>no</occluded><attributes></attributes><parts><hasparts></hasparts><ispartof></ispartof></parts><date>25-09-20 20:55:49:357</date><id>0</id><type>bounding_box</type><polygon><username>anonymous</username><pt><x>2642</x><y>537</y><time>25-09-20 20:55:43:866</time></pt><pt><x>3337</x><y>537</y><time>25-09-20 20:55:46:867</time></pt><pt><x>3337</x><y>1604</y><time>undefined</time></pt><pt><x>2642</x><y>1604</y><time>undefined</time></pt><closed_date>25-09-20 20:55:46:868</closed_date></polygon></object></annotation>