<annotation><filename>m2_s01_034_p_ic060.jpg</filename><folder>users/joselusava//kath</folder><source><submittedBy>Jose Saca</submittedBy></source><imagesize><nrows>2850</nrows><ncols>4271</ncols></imagesize><object><name>m2_s01_034_p_ic060</name><deleted>0</deleted><verified>0</verified><occluded>no</occluded><attributes></attributes><parts><hasparts></hasparts><ispartof></ispartof></parts><date>25-09-20 16:26:11:954</date><id>0</id><polygon><username>anonymous</username><pt><x>1103</x><y>279</y><time>25-09-20 16:25:45:934</time></pt><pt><x>2943</x><y>158</y><time>25-09-20 16:25:53:119</time></pt><pt><x>3051</x><y>2728</y><time>25-09-20 16:26:00:323</time></pt><pt><x>1146</x><y>2786</y><time>25-09-20 16:26:04:327</time></pt><closed_date>25-09-20 16:26:06:761</closed_date></polygon></object></annotation>