<annotation><filename>m1_s01_004_p_nic042.jpg</filename><folder>users/joselusava//valeria_apoyo/sala01_004_nic</folder><source><submittedBy>Jose Saca</submittedBy></source><imagesize><nrows>3200</nrows><ncols>4800</ncols></imagesize><object><name>m1_s01_004_p_nic042</name><deleted>0</deleted><verified>0</verified><occluded>no</occluded><attributes></attributes><parts><hasparts></hasparts><ispartof></ispartof></parts><date>16-09-20 21:41:07:126</date><id>0</id><type>bounding_box</type><polygon><username>anonymous</username><pt><x>42</x><y>3152</y><time>16-09-20 21:40:58:347</time></pt><pt><x>3794</x><y>3152</y><time>16-09-20 21:41:00:902</time></pt><pt><x>3794</x><y>1400</y><time>undefined</time></pt><pt><x>42</x><y>1400</y><time>undefined</time></pt><closed_date>16-09-20 21:41:00:903</closed_date></polygon></object></annotation>