<annotation><filename>m4_s02_021_p_nic008.jpg</filename><folder>users/joselusava//santiago_2</folder><source><submittedBy>Jose Saca</submittedBy></source><imagesize><nrows>2910</nrows><ncols>4361</ncols></imagesize><object><name>m4_s02_021_p_nic008</name><deleted>0</deleted><verified>0</verified><occluded>no</occluded><attributes></attributes><parts><hasparts></hasparts><ispartof></ispartof></parts><date>04-10-20 20:35:45:187</date><id>0</id><type>bounding_box</type><polygon><username>anonymous</username><pt><x>1486</x><y>173</y><time>04-10-20 20:35:40:580</time></pt><pt><x>2515</x><y>173</y><time>04-10-20 20:35:41:770</time></pt><pt><x>2515</x><y>2047</y><time>undefined</time></pt><pt><x>1486</x><y>2047</y><time>undefined</time></pt><closed_date>04-10-20 20:35:41:770</closed_date></polygon></object></annotation>