<annotation><filename>m4_s10_154_p_nic027.jpg</filename><folder>users/joselusava//valeria/m04_s10_154_nic</folder><source><submittedBy>Jose Saca</submittedBy></source><imagesize><nrows>2970</nrows><ncols>4451</ncols></imagesize><object><name>m4_s10_154_p_nic027</name><deleted>0</deleted><verified>0</verified><occluded>no</occluded><attributes></attributes><parts><hasparts></hasparts><ispartof></ispartof></parts><date>14-10-20 12:43:30:846</date><id>0</id><type>bounding_box</type><polygon><username>anonymous</username><pt><x>1331</x><y>2747</y><time>14-10-20 12:43:25:186</time></pt><pt><x>2919</x><y>2747</y><time>14-10-20 12:43:27:438</time></pt><pt><x>2919</x><y>1057</y><time>undefined</time></pt><pt><x>1331</x><y>1057</y><time>undefined</time></pt><closed_date>14-10-20 12:43:27:439</closed_date></polygon></object></annotation>