<annotation><filename>m4_s03_025_p_nic022.jpg</filename><folder>users/joselusava//santiago_3</folder><source><submittedBy>Jose Saca</submittedBy></source><imagesize><nrows>2910</nrows><ncols>4361</ncols></imagesize><object><name>m4_s03_025_p_nic022</name><deleted>0</deleted><verified>0</verified><occluded>no</occluded><attributes></attributes><parts><hasparts></hasparts><ispartof></ispartof></parts><date>07-11-20 23:34:26:991</date><id>0</id><type>bounding_box</type><polygon><username>anonymous</username><pt><x>266</x><y>1081</y><time>07-11-20 23:34:23:562</time></pt><pt><x>2466</x><y>1081</y><time>07-11-20 23:34:24:913</time></pt><pt><x>2466</x><y>2399</y><time>undefined</time></pt><pt><x>266</x><y>2399</y><time>undefined</time></pt><closed_date>07-11-20 23:34:24:914</closed_date></polygon></object></annotation>