<annotation><filename>m2_s06_250_p_nic035.jpg</filename><folder>users/joselusava//m2_jsv/250</folder><source><submittedBy>Jose Saca</submittedBy></source><imagesize><nrows>2910</nrows><ncols>4361</ncols></imagesize><object><name>m2_s06_250_p_nic035</name><deleted>0</deleted><verified>0</verified><occluded>no</occluded><attributes></attributes><parts><hasparts></hasparts><ispartof></ispartof></parts><date>30-09-20 11:37:15:996</date><id>0</id><type>bounding_box</type><polygon><username>anonymous</username><pt><x>1680</x><y>1663</y><time>30-09-20 11:37:13:717</time></pt><pt><x>4344</x><y>1663</y><time>30-09-20 11:37:15:217</time></pt><pt><x>4344</x><y>2890</y><time>undefined</time></pt><pt><x>1680</x><y>2890</y><time>undefined</time></pt><closed_date>30-09-20 11:37:15:217</closed_date></polygon></object></annotation>