<annotation><filename>m1_s02_036_p_nic004.jpg</filename><folder>users/joselusava//valeria/sala2_036_nic</folder><source><submittedBy>Jose Saca</submittedBy></source><imagesize><nrows>3200</nrows><ncols>4800</ncols></imagesize><object><name>m1_s02_036_p_nic004</name><deleted>0</deleted><verified>0</verified><occluded>no</occluded><attributes></attributes><parts><hasparts></hasparts><ispartof></ispartof></parts><date>26-08-20 21:56:40:509</date><id>0</id><type>bounding_box</type><polygon><username>anonymous</username><pt><x>344</x><y>1342</y><time>26-08-20 21:56:35:213</time></pt><pt><x>1111</x><y>1342</y><time>26-08-20 21:56:37:435</time></pt><pt><x>1111</x><y>2523</y><time>undefined</time></pt><pt><x>344</x><y>2523</y><time>undefined</time></pt><closed_date>26-08-20 21:56:37:436</closed_date></polygon></object></annotation>