<annotation><filename>m2_s01_001_p_nic079.jpg</filename><folder>users/joselusava//santiago</folder><source><submittedBy>Jose Saca</submittedBy></source><imagesize><nrows>2850</nrows><ncols>4271</ncols></imagesize><object><name>m2_s01_001_p_nic079</name><deleted>0</deleted><verified>0</verified><occluded>no</occluded><attributes></attributes><parts><hasparts></hasparts><ispartof></ispartof></parts><date>19-09-20 23:28:23:062</date><id>0</id><type>bounding_box</type><polygon><username>anonymous</username><pt><x>1334</x><y>67</y><time>19-09-20 23:28:15:613</time></pt><pt><x>3264</x><y>67</y><time>19-09-20 23:28:16:761</time></pt><pt><x>3264</x><y>2321</y><time>undefined</time></pt><pt><x>1334</x><y>2321</y><time>undefined</time></pt><closed_date>19-09-20 23:28:16:761</closed_date></polygon></object></annotation>