<annotation><filename>img_m1_s03-04_101_p_ic080.jpg</filename><folder>users/joselusava//valeria/sala3y4_101_ic</folder><source><submittedBy>Jose Saca</submittedBy></source><imagesize><nrows>3200</nrows><ncols>4800</ncols></imagesize><object><name>m1_s03_s04_101_p_ic080</name><deleted>0</deleted><verified>0</verified><occluded>no</occluded><attributes></attributes><parts><hasparts></hasparts><ispartof></ispartof></parts><date>29-08-20 01:42:49:604</date><id>0</id><type>bounding_box</type><polygon><username>anonymous</username><pt><x>18</x><y>3127</y><time>29-08-20 01:42:35:895</time></pt><pt><x>4279</x><y>3127</y><time>29-08-20 01:42:38:511</time></pt><pt><x>4279</x><y>970</y><time>undefined</time></pt><pt><x>18</x><y>970</y><time>undefined</time></pt><closed_date>29-08-20 01:42:38:512</closed_date></polygon></object></annotation>