<annotation><filename>m2_s01_024_p_ic050.jpg</filename><folder>users/joselusava//santiago</folder><source><submittedBy>Jose Saca</submittedBy></source><imagesize><nrows>2850</nrows><ncols>4271</ncols></imagesize><object><name>m2_s01_024_p_ic050</name><deleted>0</deleted><verified>0</verified><occluded>no</occluded><attributes></attributes><parts><hasparts></hasparts><ispartof></ispartof></parts><date>24-09-20 16:54:48:893</date><id>0</id><type>bounding_box</type><polygon><username>anonymous</username><pt><x>1238</x><y>85</y><time>24-09-20 16:54:41:038</time></pt><pt><x>2633</x><y>85</y><time>24-09-20 16:54:43:059</time></pt><pt><x>2633</x><y>2518</y><time>undefined</time></pt><pt><x>1238</x><y>2518</y><time>undefined</time></pt><closed_date>24-09-20 16:54:43:060</closed_date></polygon></object></annotation>