<annotation><filename>m4_s04_047_p_ic030.jpg</filename><folder>users/joselusava//kath/kath_m4_047</folder><source><submittedBy>Jose Saca</submittedBy></source><imagesize><nrows>2970</nrows><ncols>4451</ncols></imagesize><object><name>m4_s04_047_p_ic030</name><deleted>0</deleted><verified>0</verified><occluded>no</occluded><attributes></attributes><parts><hasparts></hasparts><ispartof></ispartof></parts><date>24-10-20 13:53:39:523</date><id>0</id><type>bounding_box</type><polygon><username>anonymous</username><pt><x>1604</x><y>193</y><time>24-10-20 13:53:33:646</time></pt><pt><x>2799</x><y>193</y><time>24-10-20 13:53:36:945</time></pt><pt><x>2799</x><y>2547</y><time>undefined</time></pt><pt><x>1604</x><y>2547</y><time>undefined</time></pt><closed_date>24-10-20 13:53:36:947</closed_date></polygon></object></annotation>