<annotation><filename>m1_s01_021_p_ic088.jpg</filename><folder>users/joselusava//santiago</folder><source><submittedBy>Jose Saca</submittedBy></source><imagesize><nrows>3200</nrows><ncols>4800</ncols></imagesize><object><name>m1_s01_021_p_ic088</name><deleted>0</deleted><verified>0</verified><occluded>no</occluded><attributes></attributes><parts><hasparts></hasparts><ispartof></ispartof></parts><date>15-09-20 00:14:28:820</date><id>0</id><type>bounding_box</type><polygon><username>anonymous</username><pt><x>1375</x><y>781</y><time>15-09-20 00:14:18:502</time></pt><pt><x>2786</x><y>781</y><time>15-09-20 00:14:22:450</time></pt><pt><x>2786</x><y>2433</y><time>undefined</time></pt><pt><x>1375</x><y>2433</y><time>undefined</time></pt><closed_date>15-09-20 00:14:22:452</closed_date></polygon></object></annotation>