<annotation><filename>m3_s01_002_p_nic039.jpg</filename><folder>users/joselusava//santiago_3</folder><source><submittedBy>Jose Saca</submittedBy></source><imagesize><nrows>2970</nrows><ncols>4451</ncols></imagesize><object><name>m3_s01_002_p_nic039</name><deleted>0</deleted><verified>0</verified><occluded>no</occluded><attributes></attributes><parts><hasparts></hasparts><ispartof></ispartof></parts><date>29-10-20 16:02:09:013</date><id>0</id><type>bounding_box</type><polygon><username>anonymous</username><pt><x>985</x><y>221</y><time>29-10-20 16:02:03:617</time></pt><pt><x>2838</x><y>221</y><time>29-10-20 16:02:04:763</time></pt><pt><x>2838</x><y>2124</y><time>undefined</time></pt><pt><x>985</x><y>2124</y><time>undefined</time></pt><closed_date>29-10-20 16:02:04:763</closed_date></polygon></object></annotation>