<annotation><filename>m1_s01_001_p_ic070.jpg</filename><folder>users/joselusava//juancarlos</folder><source><submittedBy>Jose Saca</submittedBy></source><imagesize><nrows>2000</nrows><ncols>2992</ncols></imagesize><object><name>m1_s01_001_p_ic070</name><deleted>0</deleted><verified>0</verified><occluded>no</occluded><attributes></attributes><parts><hasparts></hasparts><ispartof></ispartof></parts><date>01-09-20 10:03:45:579</date><id>0</id><type>bounding_box</type><polygon><username>anonymous</username><pt><x>716</x><y>758</y><time>01-09-20 10:03:34:018</time></pt><pt><x>2068</x><y>758</y><time>01-09-20 10:03:36:185</time></pt><pt><x>2068</x><y>1511</y><time>undefined</time></pt><pt><x>716</x><y>1511</y><time>undefined</time></pt><closed_date>01-09-20 10:03:36:187</closed_date></polygon></object></annotation>