<annotation><filename>m2_s06_250_p_ic008.jpg</filename><folder>users/joselusava//valeria/m2_sala06_250_ic</folder><source><submittedBy>Jose Saca</submittedBy></source><imagesize><nrows>2910</nrows><ncols>4361</ncols></imagesize><object><name>m2_s06_250_p_ic008</name><deleted>0</deleted><verified>0</verified><occluded>no</occluded><attributes></attributes><parts><hasparts></hasparts><ispartof></ispartof></parts><date>30-09-20 22:07:56:199</date><id>0</id><type>bounding_box</type><polygon><username>anonymous</username><pt><x>171</x><y>1890</y><time>30-09-20 22:07:50:602</time></pt><pt><x>3825</x><y>1890</y><time>30-09-20 22:07:52:684</time></pt><pt><x>3825</x><y>1168</y><time>undefined</time></pt><pt><x>171</x><y>1168</y><time>undefined</time></pt><closed_date>30-09-20 22:07:52:685</closed_date></polygon></object></annotation>