<annotation><filename>m2_s05_236_p_nic045.jpg</filename><folder>users/joselusava//museos2020</folder><source><submittedBy>Jose Saca</submittedBy></source><imagesize><nrows>2910</nrows><ncols>4361</ncols></imagesize><object><name>m2_s05_236_p_nic045</name><deleted>0</deleted><verified>0</verified><occluded>no</occluded><attributes></attributes><parts><hasparts></hasparts><ispartof></ispartof></parts><date>17-09-20 07:53:21:366</date><id>0</id><type>bounding_box</type><polygon><username>anonymous</username><pt><x>56</x><y>660</y><time>17-09-20 07:53:14:510</time></pt><pt><x>2594</x><y>660</y><time>17-09-20 07:53:15:709</time></pt><pt><x>2594</x><y>2626</y><time>undefined</time></pt><pt><x>56</x><y>2626</y><time>undefined</time></pt><closed_date>17-09-20 07:53:15:710</closed_date></polygon></object></annotation>