<annotation><filename>m4_s12_185_p_ic063.jpg</filename><folder>users/joselusava//valeria/m04_s12_185_ic</folder><source><submittedBy>Jose Saca</submittedBy></source><imagesize><nrows>2910</nrows><ncols>4361</ncols></imagesize><object><name>m4_s12_185_p_ic063</name><deleted>0</deleted><verified>0</verified><occluded>no</occluded><attributes></attributes><parts><hasparts></hasparts><ispartof></ispartof></parts><date>17-10-20 18:15:22:931</date><id>0</id><type>bounding_box</type><polygon><username>anonymous</username><pt><x>3721</x><y>2462</y><time>17-10-20 18:15:14:630</time></pt><pt><x>783</x><y>2462</y><time>17-10-20 18:15:18:383</time></pt><pt><x>783</x><y>50</y><time>undefined</time></pt><pt><x>3721</x><y>50</y><time>undefined</time></pt><closed_date>17-10-20 18:15:18:384</closed_date></polygon></object></annotation>