<annotation><filename>m2_s01_018_p_ic073.jpg</filename><folder>users/joselusava//santiago_2</folder><source><submittedBy>Jose Saca</submittedBy></source><imagesize><nrows>2850</nrows><ncols>4271</ncols></imagesize><object><name>m2_s01_018_p_ic073</name><deleted>0</deleted><verified>0</verified><occluded>no</occluded><attributes></attributes><parts><hasparts></hasparts><ispartof></ispartof></parts><date>28-09-20 18:03:10:399</date><id>0</id><type>bounding_box</type><polygon><username>anonymous</username><pt><x>1547</x><y>770</y><time>28-09-20 18:03:02:964</time></pt><pt><x>2704</x><y>770</y><time>28-09-20 18:03:04:141</time></pt><pt><x>2704</x><y>2097</y><time>undefined</time></pt><pt><x>1547</x><y>2097</y><time>undefined</time></pt><closed_date>28-09-20 18:03:04:142</closed_date></polygon></object></annotation>