<annotation><filename>m1_s01_017_p_ic073.jpg</filename><folder>users/joselusava//santiago</folder><source><submittedBy>Jose Saca</submittedBy></source><imagesize><nrows>3200</nrows><ncols>4800</ncols></imagesize><object><name>m1_s01_017_p_ic073</name><deleted>0</deleted><verified>0</verified><occluded>no</occluded><attributes></attributes><parts><hasparts></hasparts><ispartof></ispartof></parts><date>10-09-20 22:54:58:266</date><id>0</id><type>bounding_box</type><polygon><username>anonymous</username><pt><x>1321</x><y>709</y><time>10-09-20 22:54:47:980</time></pt><pt><x>3052</x><y>709</y><time>10-09-20 22:54:50:986</time></pt><pt><x>3052</x><y>2257</y><time>undefined</time></pt><pt><x>1321</x><y>2257</y><time>undefined</time></pt><closed_date>10-09-20 22:54:50:987</closed_date></polygon></object></annotation>