<annotation><filename>m2_s03_201_p_ic044.jpg</filename><folder>users/joselusava//eg</folder><source><submittedBy>Jose Saca</submittedBy></source><imagesize><nrows>2910</nrows><ncols>4361</ncols></imagesize><object><name>m2_s03_201_p_ic044</name><deleted>0</deleted><verified>0</verified><occluded>no</occluded><attributes></attributes><parts><hasparts></hasparts><ispartof></ispartof></parts><date>17-09-20 07:07:04:573</date><id>0</id><type>bounding_box</type><polygon><username>anonymous</username><pt><x>1011</x><y>158</y><time>17-09-20 07:06:41:565</time></pt><pt><x>3147</x><y>158</y><time>17-09-20 07:06:42:976</time></pt><pt><x>3147</x><y>2602</y><time>undefined</time></pt><pt><x>1011</x><y>2602</y><time>undefined</time></pt><closed_date>17-09-20 07:06:42:977</closed_date></polygon></object></annotation>