<annotation><filename>m2_s01_029_x.jpg</filename><folder>users/joselusava//santiago</folder><source><submittedBy>Jose Saca</submittedBy></source><imagesize><nrows>2850</nrows><ncols>4271</ncols></imagesize><object><name>m2_s01_029_x</name><deleted>0</deleted><verified>0</verified><occluded>no</occluded><attributes></attributes><parts><hasparts></hasparts><ispartof></ispartof></parts><date>24-09-20 00:33:03:788</date><id>0</id><type>bounding_box</type><polygon><username>anonymous</username><pt><x>1052</x><y>138</y><time>24-09-20 00:32:53:826</time></pt><pt><x>3078</x><y>138</y><time>24-09-20 00:32:57:259</time></pt><pt><x>3078</x><y>2712</y><time>undefined</time></pt><pt><x>1052</x><y>2712</y><time>undefined</time></pt><closed_date>24-09-20 00:32:57:260</closed_date></polygon></object></annotation>