<annotation><filename>m1_s06_144_p_ic078.jpg</filename><folder>users/joselusava//jacob_2/144ic</folder><source><submittedBy>Jose Saca</submittedBy></source><imagesize><nrows>2736</nrows><ncols>4100</ncols></imagesize><object><name>m1_s06_144_p_ic078</name><deleted>0</deleted><verified>0</verified><occluded>no</occluded><attributes></attributes><parts><hasparts></hasparts><ispartof></ispartof></parts><date>08-09-20 01:39:13:596</date><id>0</id><type>bounding_box</type><polygon><username>anonymous</username><pt><x>630</x><y>2504</y><time>08-09-20 01:39:10:793</time></pt><pt><x>3388</x><y>2504</y><time>08-09-20 01:39:12:915</time></pt><pt><x>3388</x><y>254</y><time>undefined</time></pt><pt><x>630</x><y>254</y><time>undefined</time></pt><closed_date>08-09-20 01:39:12:915</closed_date></polygon></object></annotation>