<annotation><filename>m2_s05_236_p_nic016.jpg</filename><folder>users/joselusava//museos2020</folder><source><submittedBy>Jose Saca</submittedBy></source><imagesize><nrows>2910</nrows><ncols>4361</ncols></imagesize><object><name>m2_s05_236_p_nic016</name><deleted>0</deleted><verified>0</verified><occluded>no</occluded><attributes></attributes><parts><hasparts></hasparts><ispartof></ispartof></parts><date>17-09-20 06:51:38:884</date><id>0</id><type>bounding_box</type><polygon><username>anonymous</username><pt><x>177</x><y>953</y><time>17-09-20 06:51:32:036</time></pt><pt><x>2529</x><y>953</y><time>17-09-20 06:51:33:467</time></pt><pt><x>2529</x><y>2729</y><time>undefined</time></pt><pt><x>177</x><y>2729</y><time>undefined</time></pt><closed_date>17-09-20 06:51:33:468</closed_date></polygon></object></annotation>