<annotation><filename>m1_s02_029_p_nic061.jpg</filename><folder>users/joselusava//valeria/sala2_029_nic</folder><source><submittedBy>Jose Saca</submittedBy></source><imagesize><nrows>3200</nrows><ncols>4800</ncols></imagesize><object><name>m1_s02_029_p_nic061</name><deleted>0</deleted><verified>0</verified><occluded>no</occluded><attributes></attributes><parts><hasparts></hasparts><ispartof></ispartof></parts><date>26-08-20 19:51:35:195</date><id>0</id><type>bounding_box</type><polygon><username>anonymous</username><pt><x>3044</x><y>913</y><time>26-08-20 19:51:15:591</time></pt><pt><x>4333</x><y>913</y><time>26-08-20 19:51:18:366</time></pt><pt><x>4333</x><y>2260</y><time>undefined</time></pt><pt><x>3044</x><y>2260</y><time>undefined</time></pt><closed_date>26-08-20 19:51:18:368</closed_date></polygon></object></annotation>