<annotation><filename>m3_s01_012_x.jpg</filename><folder>users/joselusava//kath/m3_x</folder><source><submittedBy>Jose Saca</submittedBy></source><imagesize><nrows>2970</nrows><ncols>4451</ncols></imagesize><object><name>m3_s01_012_x</name><deleted>0</deleted><verified>0</verified><occluded>no</occluded><attributes></attributes><parts><hasparts></hasparts><ispartof></ispartof></parts><date>08-11-20 12:31:52:872</date><id>0</id><type>bounding_box</type><polygon><username>anonymous</username><pt><x>524</x><y>2662</y><time>08-11-20 12:31:45:753</time></pt><pt><x>4258</x><y>2662</y><time>08-11-20 12:31:49:668</time></pt><pt><x>4258</x><y>639</y><time>undefined</time></pt><pt><x>524</x><y>639</y><time>undefined</time></pt><closed_date>08-11-20 12:31:49:668</closed_date></polygon></object></annotation>