<annotation><filename>m4_s04_039_p_nic034.jpg</filename><folder>users/joselusava//santiago_2</folder><source><submittedBy>Jose Saca</submittedBy></source><imagesize><nrows>2970</nrows><ncols>4451</ncols></imagesize><object><name>m4_s04_039_p_nic034</name><deleted>0</deleted><verified>0</verified><occluded>no</occluded><attributes></attributes><parts><hasparts></hasparts><ispartof></ispartof></parts><date>21-10-20 21:11:43:310</date><id>0</id><type>bounding_box</type><polygon><username>anonymous</username><pt><x>3002</x><y>521</y><time>21-10-20 21:11:40:007</time></pt><pt><x>3745</x><y>521</y><time>21-10-20 21:11:41:195</time></pt><pt><x>3745</x><y>2370</y><time>undefined</time></pt><pt><x>3002</x><y>2370</y><time>undefined</time></pt><closed_date>21-10-20 21:11:41:195</closed_date></polygon></object></annotation>