<annotation><filename>m2_s01_001_p_ic075.jpg</filename><folder>users/joselusava//santiago</folder><source><submittedBy>Jose Saca</submittedBy></source><imagesize><nrows>2850</nrows><ncols>4271</ncols></imagesize><object><name>m2_s01_001_p_ic075</name><deleted>0</deleted><verified>0</verified><occluded>no</occluded><attributes></attributes><parts><hasparts></hasparts><ispartof></ispartof></parts><date>19-09-20 09:23:23:254</date><id>0</id><type>bounding_box</type><polygon><username>anonymous</username><pt><x>994</x><y>558</y><time>19-09-20 09:23:15:481</time></pt><pt><x>3264</x><y>558</y><time>19-09-20 09:23:17:326</time></pt><pt><x>3264</x><y>2510</y><time>undefined</time></pt><pt><x>994</x><y>2510</y><time>undefined</time></pt><closed_date>19-09-20 09:23:17:326</closed_date></polygon></object></annotation>