<annotation><filename>m4_s09_138_p_nic045.jpg</filename><folder>users/joselusava//santiago_2</folder><source><submittedBy>Jose Saca</submittedBy></source><imagesize><nrows>2970</nrows><ncols>4451</ncols></imagesize><object><name>m4_s09_138_p_nic045</name><deleted>0</deleted><verified>0</verified><occluded>no</occluded><attributes></attributes><parts><hasparts></hasparts><ispartof></ispartof></parts><date>23-10-20 13:51:35:085</date><id>0</id><type>bounding_box</type><polygon><username>anonymous</username><pt><x>1888</x><y>875</y><time>23-10-20 13:51:31:668</time></pt><pt><x>4294</x><y>875</y><time>23-10-20 13:51:32:836</time></pt><pt><x>4294</x><y>1767</y><time>undefined</time></pt><pt><x>1888</x><y>1767</y><time>undefined</time></pt><closed_date>23-10-20 13:51:32:838</closed_date></polygon></object></annotation>