<annotation><filename>m4_s12_185_p_nic032.jpg</filename><folder>users/joselusava//valeria/m04_s12_185_nic</folder><source><submittedBy>Jose Saca</submittedBy></source><imagesize><nrows>2910</nrows><ncols>4361</ncols></imagesize><object><name>m4_s12_185_p_nic032</name><deleted>0</deleted><verified>0</verified><occluded>no</occluded><attributes></attributes><parts><hasparts></hasparts><ispartof></ispartof></parts><date>17-10-20 20:07:14:853</date><id>0</id><type>bounding_box</type><polygon><username>anonymous</username><pt><x>2569</x><y>2546</y><time>17-10-20 20:07:09:647</time></pt><pt><x>11</x><y>2546</y><time>17-10-20 20:07:11:651</time></pt><pt><x>11</x><y>263</y><time>undefined</time></pt><pt><x>2569</x><y>263</y><time>undefined</time></pt><closed_date>17-10-20 20:07:11:652</closed_date></polygon></object></annotation>