<annotation><filename>m2_s07_264_p_ic037.jpg</filename><folder>users/joselusava//valeria/sala7_264_ic</folder><source><submittedBy>Jose Saca</submittedBy></source><imagesize><nrows>2910</nrows><ncols>4361</ncols></imagesize><object><name>m2_s07_264_p_ic037</name><deleted>0</deleted><verified>0</verified><occluded>no</occluded><attributes></attributes><parts><hasparts></hasparts><ispartof></ispartof></parts><date>22-09-20 19:42:12:457</date><id>0</id><type>bounding_box</type><polygon><username>anonymous</username><pt><x>1383</x><y>2767</y><time>22-09-20 19:42:04:632</time></pt><pt><x>2976</x><y>2767</y><time>22-09-20 19:42:08:625</time></pt><pt><x>2976</x><y>226</y><time>undefined</time></pt><pt><x>1383</x><y>226</y><time>undefined</time></pt><closed_date>22-09-20 19:42:08:625</closed_date></polygon></object></annotation>