<annotation><filename>m4_s02_021_p_nic057.jpg</filename><folder>users/joselusava//santiago_2</folder><source><submittedBy>Jose Saca</submittedBy></source><imagesize><nrows>2910</nrows><ncols>4361</ncols></imagesize><object><name>m4_s02_021_p_nic057</name><deleted>0</deleted><verified>0</verified><occluded>no</occluded><attributes></attributes><parts><hasparts></hasparts><ispartof></ispartof></parts><date>05-10-20 11:14:22:613</date><id>0</id><type>bounding_box</type><polygon><username>anonymous</username><pt><x>2910</x><y>821</y><time>05-10-20 11:14:18:451</time></pt><pt><x>3901</x><y>821</y><time>05-10-20 11:14:19:985</time></pt><pt><x>3901</x><y>2515</y><time>undefined</time></pt><pt><x>2910</x><y>2515</y><time>undefined</time></pt><closed_date>05-10-20 11:14:19:985</closed_date></polygon></object></annotation>