<annotation><filename>m3_s01_010_p_ic082.jpg</filename><folder>users/joselusava//m4_js/m3/10/ic</folder><source><submittedBy>Jose Saca</submittedBy></source><imagesize><nrows>2970</nrows><ncols>4451</ncols></imagesize><object><name>m3_s01_010_p_ic082</name><deleted>0</deleted><verified>0</verified><occluded>no</occluded><attributes></attributes><parts><hasparts></hasparts><ispartof></ispartof></parts><date>29-10-20 13:23:17:585</date><id>0</id><type>bounding_box</type><polygon><username>anonymous</username><pt><x>3929</x><y>2875</y><time>29-10-20 13:23:15:750</time></pt><pt><x>309</x><y>2875</y><time>29-10-20 13:23:16:877</time></pt><pt><x>309</x><y>298</y><time>undefined</time></pt><pt><x>3929</x><y>298</y><time>undefined</time></pt><closed_date>29-10-20 13:23:16:878</closed_date></polygon></object></annotation>