<annotation><filename>m2_s01_010_p_nic029.jpg</filename><folder>users/joselusava//santiago</folder><source><submittedBy>Jose Saca</submittedBy></source><imagesize><nrows>2850</nrows><ncols>4271</ncols></imagesize><object><name>m2_s01_010_p_nic029</name><deleted>0</deleted><verified>0</verified><occluded>no</occluded><attributes></attributes><parts><hasparts></hasparts><ispartof></ispartof></parts><date>22-09-20 20:23:57:886</date><id>0</id><type>bounding_box</type><polygon><username>anonymous</username><pt><x>1013</x><y>426</y><time>22-09-20 20:23:50:053</time></pt><pt><x>1956</x><y>426</y><time>22-09-20 20:23:51:760</time></pt><pt><x>1956</x><y>1298</y><time>undefined</time></pt><pt><x>1013</x><y>1298</y><time>undefined</time></pt><closed_date>22-09-20 20:23:51:763</closed_date></polygon></object></annotation>