<annotation><filename>m4_s10_154_p_ic053.jpg</filename><folder>users/joselusava//valeria/m04_s10_154_ic</folder><source><submittedBy>Jose Saca</submittedBy></source><imagesize><nrows>2970</nrows><ncols>4451</ncols></imagesize><object><name>m4_s10_154_p_ic053</name><deleted>0</deleted><verified>0</verified><occluded>no</occluded><attributes></attributes><parts><hasparts></hasparts><ispartof></ispartof></parts><date>13-10-20 22:29:46:928</date><id>0</id><type>bounding_box</type><polygon><username>anonymous</username><pt><x>1085</x><y>97</y><time>13-10-20 22:29:40:701</time></pt><pt><x>3353</x><y>97</y><time>13-10-20 22:29:43:100</time></pt><pt><x>3353</x><y>2519</y><time>undefined</time></pt><pt><x>1085</x><y>2519</y><time>undefined</time></pt><closed_date>13-10-20 22:29:43:101</closed_date></polygon></object></annotation>