<annotation><filename>m1_s06_168_p_ic054.jpg</filename><folder>users/joselusava//jacob_2/168ic</folder><source><submittedBy>Jose Saca</submittedBy></source><imagesize><nrows>2736</nrows><ncols>4100</ncols></imagesize><object><name>m1_s06_168_p_ic054</name><deleted>0</deleted><verified>0</verified><occluded>no</occluded><attributes></attributes><parts><hasparts>0</hasparts><ispartof>0</ispartof></parts><date>08-09-20 20:10:08:012</date><id>0</id><type>bounding_box</type><polygon><username>anonymous</username><pt><x>3028</x><y>2611</y><time>08-09-20 20:10:02:483</time></pt><pt><x>1293</x><y>2611</y><time>08-09-20 20:10:04:821</time></pt><pt><x>1293</x><y>33</y><time>undefined</time></pt><pt><x>3028</x><y>33</y><time>undefined</time></pt><closed_date>08-09-20 20:10:04:821</closed_date></polygon></object></annotation>