<annotation><filename>m1_s01_017_p_ic065.jpg</filename><folder>users/joselusava//santiago</folder><source><submittedBy>Jose Saca</submittedBy></source><imagesize><nrows>3200</nrows><ncols>4800</ncols></imagesize><object><name>m1_s01_017_p_ic065</name><deleted>0</deleted><verified>0</verified><occluded>no</occluded><attributes></attributes><parts><hasparts></hasparts><ispartof></ispartof></parts><date>10-09-20 22:43:45:737</date><id>0</id><type>bounding_box</type><polygon><username>anonymous</username><pt><x>1706</x><y>1191</y><time>10-09-20 22:43:27:606</time></pt><pt><x>2919</x><y>1191</y><time>10-09-20 22:43:30:415</time></pt><pt><x>2919</x><y>2088</y><time>undefined</time></pt><pt><x>1706</x><y>2088</y><time>undefined</time></pt><closed_date>10-09-20 22:43:30:416</closed_date></polygon></object></annotation>