<annotation><filename>m4_s10_164_p_ic017.jpg</filename><folder>users/joselusava//santiago_2</folder><source><submittedBy>Jose Saca</submittedBy></source><imagesize><nrows>2970</nrows><ncols>4451</ncols></imagesize><object><name>m4_s10_164_p_ic017</name><deleted>0</deleted><verified>0</verified><occluded>no</occluded><attributes></attributes><parts><hasparts></hasparts><ispartof></ispartof></parts><date>13-10-20 22:11:31:552</date><id>0</id><type>bounding_box</type><polygon><username>anonymous</username><pt><x>1724</x><y>985</y><time>13-10-20 22:11:28:248</time></pt><pt><x>2438</x><y>985</y><time>13-10-20 22:11:29:141</time></pt><pt><x>2438</x><y>1813</y><time>undefined</time></pt><pt><x>1724</x><y>1813</y><time>undefined</time></pt><closed_date>13-10-20 22:11:29:143</closed_date></polygon></object></annotation>