<annotation><filename>m4_s10_157_p_ic051.jpg</filename><folder>users/joselusava//valeria/m04_s10_157_nic</folder><source><submittedBy>Jose Saca</submittedBy></source><imagesize><nrows>2970</nrows><ncols>4451</ncols></imagesize><object><name>m4_s10_157_p_nic051</name><deleted>0</deleted><verified>0</verified><occluded>no</occluded><attributes></attributes><parts><hasparts></hasparts><ispartof></ispartof></parts><date>12-10-20 21:03:38:058</date><id>0</id><type>bounding_box</type><polygon><username>anonymous</username><pt><x>4292</x><y>2514</y><time>12-10-20 21:03:32:309</time></pt><pt><x>2391</x><y>2514</y><time>12-10-20 21:03:34:991</time></pt><pt><x>2391</x><y>259</y><time>undefined</time></pt><pt><x>4292</x><y>259</y><time>undefined</time></pt><closed_date>12-10-20 21:03:34:991</closed_date></polygon></object></annotation>