<annotation><filename>m1_s02_036_p_nic039.jpg</filename><folder>users/joselusava//valeria/sala2_036_nic</folder><source><submittedBy>Jose Saca</submittedBy></source><imagesize><nrows>3200</nrows><ncols>4800</ncols></imagesize><object><name>m1_s02_036_p_nic039</name><deleted>0</deleted><verified>0</verified><occluded>no</occluded><attributes></attributes><parts><hasparts></hasparts><ispartof></ispartof></parts><date>26-08-20 23:31:12:659</date><id>0</id><type>bounding_box</type><polygon><username>anonymous</username><pt><x>940</x><y>1928</y><time>26-08-20 23:31:05:290</time></pt><pt><x>2099</x><y>1928</y><time>26-08-20 23:31:09:529</time></pt><pt><x>2099</x><y>3093</y><time>undefined</time></pt><pt><x>940</x><y>3093</y><time>undefined</time></pt><closed_date>26-08-20 23:31:09:530</closed_date></polygon></object></annotation>