<annotation><filename>m1_s02_029_p_nic073.jpg</filename><folder>users/joselusava//valeria/sala2_029_nic</folder><source><submittedBy>Jose Saca</submittedBy></source><imagesize><nrows>3200</nrows><ncols>4800</ncols></imagesize><object><name>m1_s02_029_p_nic073</name><deleted>0</deleted><verified>0</verified><occluded>no</occluded><attributes></attributes><parts><hasparts></hasparts><ispartof></ispartof></parts><date>26-08-20 20:21:43:641</date><id>0</id><type>bounding_box</type><polygon><username>anonymous</username><pt><x>1471</x><y>1826</y><time>26-08-20 20:21:37:065</time></pt><pt><x>2432</x><y>1826</y><time>26-08-20 20:21:40:170</time></pt><pt><x>2432</x><y>2942</y><time>undefined</time></pt><pt><x>1471</x><y>2942</y><time>undefined</time></pt><closed_date>26-08-20 20:21:40:171</closed_date></polygon></object></annotation>