<annotation><filename>m4_s04_047_p_ic028.jpg</filename><folder>users/joselusava//kath/kath_m4_047</folder><source><submittedBy>Jose Saca</submittedBy></source><imagesize><nrows>2970</nrows><ncols>4451</ncols></imagesize><object><name>m4_s04_047_p_ic028</name><deleted>0</deleted><verified>0</verified><occluded>no</occluded><attributes></attributes><parts><hasparts></hasparts><ispartof></ispartof></parts><date>24-10-20 13:52:11:101</date><id>0</id><type>bounding_box</type><polygon><username>anonymous</username><pt><x>1619</x><y>149</y><time>24-10-20 13:52:05:447</time></pt><pt><x>2799</x><y>149</y><time>24-10-20 13:52:08:312</time></pt><pt><x>2799</x><y>2628</y><time>undefined</time></pt><pt><x>1619</x><y>2628</y><time>undefined</time></pt><closed_date>24-10-20 13:52:08:313</closed_date></polygon></object></annotation>