<annotation><filename>m2_s01_024_p_nic061.jpg</filename><folder>users/joselusava//santiago</folder><source><submittedBy>Jose Saca</submittedBy></source><imagesize><nrows>2850</nrows><ncols>4271</ncols></imagesize><object><name>m2_s01_024_p_nic061</name><deleted>0</deleted><verified>0</verified><occluded>no</occluded><attributes></attributes><parts><hasparts></hasparts><ispartof></ispartof></parts><date>25-09-20 15:15:29:343</date><id>0</id><type>bounding_box</type><polygon><username>anonymous</username><pt><x>2581</x><y>308</y><time>25-09-20 15:15:22:297</time></pt><pt><x>3520</x><y>308</y><time>25-09-20 15:15:23:581</time></pt><pt><x>3520</x><y>1907</y><time>undefined</time></pt><pt><x>2581</x><y>1907</y><time>undefined</time></pt><closed_date>25-09-20 15:15:23:581</closed_date></polygon></object></annotation>