<annotation><filename>m4_s06_089_p_ic004.jpg</filename><folder>users/joselusava//santiago_2</folder><source><submittedBy>Jose Saca</submittedBy></source><imagesize><nrows>2970</nrows><ncols>4451</ncols></imagesize><object><name>m4_s06_089_p_ic004</name><deleted>0</deleted><verified>0</verified><occluded>no</occluded><attributes></attributes><parts><hasparts></hasparts><ispartof></ispartof></parts><date>10-10-20 22:22:25:735</date><id>0</id><type>bounding_box</type><polygon><username>anonymous</username><pt><x>1651</x><y>216</y><time>10-10-20 22:22:22:023</time></pt><pt><x>2723</x><y>216</y><time>10-10-20 22:22:23:915</time></pt><pt><x>2723</x><y>2281</y><time>undefined</time></pt><pt><x>1651</x><y>2281</y><time>undefined</time></pt><closed_date>10-10-20 22:22:23:916</closed_date></polygon></object></annotation>