<annotation><filename>m1_s06_144_p_nic020.jpg</filename><folder>users/joselusava//jacob_2/144nic</folder><source><submittedBy>Jose Saca</submittedBy></source><imagesize><nrows>2736</nrows><ncols>4100</ncols></imagesize><object><name>m1_s06_144_p_nic020</name><deleted>0</deleted><verified>0</verified><occluded>no</occluded><attributes></attributes><parts><hasparts></hasparts><ispartof></ispartof></parts><date>08-09-20 01:58:04:611</date><id>0</id><type>bounding_box</type><polygon><username>anonymous</username><pt><x>1555</x><y>1236</y><time>08-09-20 01:58:02:138</time></pt><pt><x>3265</x><y>1236</y><time>08-09-20 01:58:04:019</time></pt><pt><x>3265</x><y>2578</y><time>undefined</time></pt><pt><x>1555</x><y>2578</y><time>undefined</time></pt><closed_date>08-09-20 01:58:04:020</closed_date></polygon></object></annotation>