<annotation><filename>m1_s02_029_p_nic083.jpg</filename><folder>users/joselusava//valeria/sala2_029_nic</folder><source><submittedBy>Jose Saca</submittedBy></source><imagesize><nrows>3200</nrows><ncols>4800</ncols></imagesize><object><name>m1_s02_029_p_nic083</name><deleted>0</deleted><verified>0</verified><occluded>no</occluded><attributes></attributes><parts><hasparts></hasparts><ispartof></ispartof></parts><date>26-08-20 20:53:55:911</date><id>0</id><type>bounding_box</type><polygon><username>anonymous</username><pt><x>258</x><y>736</y><time>26-08-20 20:53:49:447</time></pt><pt><x>1337</x><y>736</y><time>26-08-20 20:53:51:714</time></pt><pt><x>1337</x><y>1933</y><time>undefined</time></pt><pt><x>258</x><y>1933</y><time>undefined</time></pt><closed_date>26-08-20 20:53:51:716</closed_date></polygon></object></annotation>