<annotation><filename>m2_s03_219_p_ic077.jpg</filename><folder>users/joselusava//valeria/m2_sala03_219_ic</folder><source><submittedBy>Jose Saca</submittedBy></source><imagesize><nrows>2910</nrows><ncols>4361</ncols></imagesize><object><name>m2_s03_219_p_ic077</name><deleted>0</deleted><verified>0</verified><occluded>no</occluded><attributes></attributes><parts><hasparts></hasparts><ispartof></ispartof></parts><date>29-09-20 01:08:21:588</date><id>0</id><type>bounding_box</type><polygon><username>anonymous</username><pt><x>3020</x><y>413</y><time>29-09-20 01:08:16:181</time></pt><pt><x>1290</x><y>413</y><time>29-09-20 01:08:18:134</time></pt><pt><x>1290</x><y>2568</y><time>undefined</time></pt><pt><x>3020</x><y>2568</y><time>undefined</time></pt><closed_date>29-09-20 01:08:18:136</closed_date></polygon></object></annotation>