<annotation><filename>m2_s06_250_p_nic045.jpg</filename><folder>users/joselusava//m2_jsv/250</folder><source><submittedBy>Jose Saca</submittedBy></source><imagesize><nrows>2910</nrows><ncols>4361</ncols></imagesize><object><name>m2_s06_250_p_nic045</name><deleted>0</deleted><verified>0</verified><occluded>no</occluded><attributes></attributes><parts><hasparts></hasparts><ispartof></ispartof></parts><date>30-09-20 11:41:29:897</date><id>0</id><type>bounding_box</type><polygon><username>anonymous</username><pt><x>2542</x><y>540</y><time>30-09-20 11:41:28:149</time></pt><pt><x>70</x><y>540</y><time>30-09-20 11:41:29:207</time></pt><pt><x>70</x><y>2028</y><time>undefined</time></pt><pt><x>2542</x><y>2028</y><time>undefined</time></pt><closed_date>30-09-20 11:41:29:207</closed_date></polygon></object></annotation>