<annotation><filename>m1_s06_168_p_nic065.jpg</filename><folder>users/joselusava//jacob_2/168nic</folder><source><submittedBy>Jose Saca</submittedBy></source><imagesize><nrows>2736</nrows><ncols>4100</ncols></imagesize><object><name>m1_s06_168_p_nic065</name><deleted>0</deleted><verified>0</verified><occluded>no</occluded><attributes></attributes><parts><hasparts></hasparts><ispartof></ispartof></parts><date>08-09-20 23:24:17:478</date><id>0</id><type>bounding_box</type><polygon><username>anonymous</username><pt><x>90</x><y>2230</y><time>08-09-20 23:24:15:188</time></pt><pt><x>959</x><y>2230</y><time>08-09-20 23:24:16:827</time></pt><pt><x>959</x><y>787</y><time>undefined</time></pt><pt><x>90</x><y>787</y><time>undefined</time></pt><closed_date>08-09-20 23:24:16:827</closed_date></polygon></object></annotation>