<annotation><filename>m2_s03_252_p_nic052.jpg</filename><folder>users/joselusava//valeria/m2_sala03_252_nic</folder><source><submittedBy>Jose Saca</submittedBy></source><imagesize><nrows>2910</nrows><ncols>4361</ncols></imagesize><object><name>m2_s06_252_p_nic052</name><deleted>0</deleted><verified>0</verified><occluded>no</occluded><attributes></attributes><parts><hasparts></hasparts><ispartof></ispartof></parts><date>26-09-20 21:46:02:840</date><id>0</id><type>bounding_box</type><polygon><username>anonymous</username><pt><x>2436</x><y>628</y><time>26-09-20 21:45:57:070</time></pt><pt><x>4156</x><y>628</y><time>26-09-20 21:45:59:140</time></pt><pt><x>4156</x><y>1797</y><time>undefined</time></pt><pt><x>2436</x><y>1797</y><time>undefined</time></pt><closed_date>26-09-20 21:45:59:141</closed_date></polygon></object></annotation>