<annotation><filename>m1_s06_141_p_nic040.jpg</filename><folder>users/joselusava//jacob_2/141nic</folder><source><submittedBy>Jose Saca</submittedBy></source><imagesize><nrows>2736</nrows><ncols>4100</ncols></imagesize><object><name>m1_s06_141_p_nic040</name><deleted>0</deleted><verified>0</verified><occluded>no</occluded><attributes></attributes><parts><hasparts></hasparts><ispartof></ispartof></parts><date>05-09-20 01:13:43:753</date><id>0</id><type>bounding_box</type><polygon><username>anonymous</username><pt><x>2361</x><y>95</y><time>05-09-20 01:13:41:439</time></pt><pt><x>1394</x><y>95</y><time>05-09-20 01:13:43:179</time></pt><pt><x>1394</x><y>1631</y><time>undefined</time></pt><pt><x>2361</x><y>1631</y><time>undefined</time></pt><closed_date>05-09-20 01:13:43:180</closed_date></polygon></object></annotation>