<annotation><filename>m4_s05_052_p_nic074.jpg</filename><folder>users/joselusava//santiago_2</folder><source><submittedBy>Jose Saca</submittedBy></source><imagesize><nrows>2910</nrows><ncols>4361</ncols></imagesize><object><name>m4_s05_052_p_nic074</name><deleted>0</deleted><verified>0</verified><occluded>no</occluded><attributes></attributes><parts><hasparts></hasparts><ispartof></ispartof></parts><date>08-10-20 22:13:28:628</date><id>0</id><type>bounding_box</type><polygon><username>anonymous</username><pt><x>1999</x><y>1344</y><time>08-10-20 22:13:24:800</time></pt><pt><x>3204</x><y>1344</y><time>08-10-20 22:13:26:435</time></pt><pt><x>3204</x><y>2778</y><time>undefined</time></pt><pt><x>1999</x><y>2778</y><time>undefined</time></pt><closed_date>08-10-20 22:13:26:436</closed_date></polygon></object></annotation>