<annotation><filename>m2_s01_018_p_nic027.jpg</filename><folder>users/joselusava//santiago_2</folder><source><submittedBy>Jose Saca</submittedBy></source><imagesize><nrows>2850</nrows><ncols>4271</ncols></imagesize><object><name>m2_s01_018_p_nic027</name><deleted>0</deleted><verified>0</verified><occluded>no</occluded><attributes></attributes><parts><hasparts></hasparts><ispartof></ispartof></parts><date>28-09-20 21:15:23:963</date><id>0</id><type>bounding_box</type><polygon><username>anonymous</username><pt><x>3155</x><y>202</y><time>28-09-20 21:15:20:894</time></pt><pt><x>3799</x><y>202</y><time>28-09-20 21:15:21:768</time></pt><pt><x>3799</x><y>978</y><time>undefined</time></pt><pt><x>3155</x><y>978</y><time>undefined</time></pt><closed_date>28-09-20 21:15:21:769</closed_date></polygon></object></annotation>