<annotation><filename>m4_s02_021_p_ic020.jpg</filename><folder>users/joselusava//santiago_2</folder><source><submittedBy>Jose Saca</submittedBy></source><imagesize><nrows>3000</nrows><ncols>4496</ncols></imagesize><object><name>m4_s02_021_p_ic020</name><deleted>0</deleted><verified>0</verified><occluded>no</occluded><attributes></attributes><parts><hasparts></hasparts><ispartof></ispartof></parts><date>03-10-20 17:48:24:270</date><id>0</id><type>bounding_box</type><polygon><username>anonymous</username><pt><x>1721</x><y>193</y><time>03-10-20 17:48:19:152</time></pt><pt><x>3146</x><y>193</y><time>03-10-20 17:48:20:939</time></pt><pt><x>3146</x><y>2907</y><time>undefined</time></pt><pt><x>1721</x><y>2907</y><time>undefined</time></pt><closed_date>03-10-20 17:48:20:940</closed_date></polygon></object></annotation>