<annotation><filename>m2_s01_032_p_nic087.jpg</filename><folder>users/joselusava//santiago_2</folder><source><submittedBy>Jose Saca</submittedBy></source><imagesize><nrows>2850</nrows><ncols>4271</ncols></imagesize><object><name>m2_s01_032_p_nic087</name><deleted>0</deleted><verified>0</verified><occluded>no</occluded><attributes></attributes><parts><hasparts></hasparts><ispartof></ispartof></parts><date>30-09-20 21:24:20:231</date><id>0</id><type>bounding_box</type><polygon><username>anonymous</username><pt><x>411</x><y>349</y><time>30-09-20 21:24:17:165</time></pt><pt><x>1388</x><y>349</y><time>30-09-20 21:24:18:329</time></pt><pt><x>1388</x><y>1249</y><time>undefined</time></pt><pt><x>411</x><y>1249</y><time>undefined</time></pt><closed_date>30-09-20 21:24:18:330</closed_date></polygon></object></annotation>