<annotation><filename>m1_s02_036_p_ic009.jpg</filename><folder>users/joselusava//valeria/sala2_036_ic</folder><source><submittedBy>Jose Saca</submittedBy></source><imagesize><nrows>3200</nrows><ncols>4800</ncols></imagesize><object><name>m1_s01_036_p_ic009</name><deleted>0</deleted><verified>0</verified><occluded>no</occluded><attributes></attributes><parts><hasparts></hasparts><ispartof></ispartof></parts><date>23-08-20 01:19:57:131</date><id>0</id><type>bounding_box</type><polygon><username>anonymous</username><pt><x>1004</x><y>392</y><time>23-08-20 01:19:50:565</time></pt><pt><x>3216</x><y>392</y><time>23-08-20 01:19:53:294</time></pt><pt><x>3216</x><y>2491</y><time>undefined</time></pt><pt><x>1004</x><y>2491</y><time>undefined</time></pt><closed_date>23-08-20 01:19:53:295</closed_date></polygon></object></annotation>