<annotation><filename>m1_s01_004_p_ic087.jpg</filename><folder>users/joselusava//valeria_apoyo/sala001_004ic_ok</folder><source><submittedBy>Jose Saca</submittedBy></source><imagesize><nrows>2000</nrows><ncols>2992</ncols></imagesize><object><name>m1_s01_004_p_ic087</name><deleted>0</deleted><verified>0</verified><occluded>no</occluded><attributes></attributes><parts><hasparts></hasparts><ispartof></ispartof></parts><date>16-09-20 16:46:07:745</date><id>0</id><type>bounding_box</type><polygon><username>anonymous</username><pt><x>23</x><y>1390</y><time>16-09-20 16:45:57:097</time></pt><pt><x>2973</x><y>1390</y><time>16-09-20 16:46:00:659</time></pt><pt><x>2973</x><y>523</y><time>undefined</time></pt><pt><x>23</x><y>523</y><time>undefined</time></pt><closed_date>16-09-20 16:46:00:660</closed_date></polygon></object></annotation>