<annotation><filename>m1_s01_001_p_ic011.jpg</filename><folder>users/joselusava//juancarlos</folder><source><submittedBy>Jose Saca</submittedBy></source><imagesize><nrows>2000</nrows><ncols>2992</ncols></imagesize><object><name>m1_s01_001_p_ic011</name><deleted>0</deleted><verified>0</verified><occluded>no</occluded><attributes></attributes><parts><hasparts></hasparts><ispartof></ispartof></parts><date>24-08-20 11:32:37:389</date><id>0</id><type>bounding_box</type><polygon><username>anonymous</username><pt><x>1902</x><y>1447</y><time>24-08-20 11:32:05:742</time></pt><pt><x>792</x><y>1447</y><time>24-08-20 11:32:17:099</time></pt><pt><x>792</x><y>689</y><time>undefined</time></pt><pt><x>1902</x><y>689</y><time>undefined</time></pt><closed_date>24-08-20 11:32:17:100</closed_date></polygon></object></annotation>