<annotation><filename>m3_s01_013_p_nic025.jpg</filename><folder>users/joselusava//valeria/m03_s01_13_nic</folder><source><submittedBy>Jose Saca</submittedBy></source><imagesize><nrows>2970</nrows><ncols>4451</ncols></imagesize><object><name>m3_s01_013_p_nic025</name><deleted>0</deleted><verified>0</verified><occluded>no</occluded><attributes></attributes><parts><hasparts></hasparts><ispartof></ispartof></parts><date>06-11-20 21:14:33:067</date><id>0</id><type>bounding_box</type><polygon><username>anonymous</username><pt><x>1502</x><y>2901</y><time>06-11-20 21:14:27:375</time></pt><pt><x>4335</x><y>2901</y><time>06-11-20 21:14:29:719</time></pt><pt><x>4335</x><y>743</y><time>undefined</time></pt><pt><x>1502</x><y>743</y><time>undefined</time></pt><closed_date>06-11-20 21:14:29:720</closed_date></polygon></object></annotation>