<annotation><filename>m2_s02_190_p_nic057.jpg</filename><folder>users/joselusava//m2_jsv/190/nic</folder><source><submittedBy>Jose Saca</submittedBy></source><imagesize><nrows>2910</nrows><ncols>4361</ncols></imagesize><object><name>m2_s02_190_p_nic057</name><deleted>0</deleted><verified>0</verified><occluded>no</occluded><attributes></attributes><parts><hasparts></hasparts><ispartof></ispartof></parts><date>21-09-20 15:10:40:888</date><id>0</id><type>bounding_box</type><polygon><username>anonymous</username><pt><x>1480</x><y>2725</y><time>21-09-20 15:10:38:493</time></pt><pt><x>627</x><y>2725</y><time>21-09-20 15:10:40:007</time></pt><pt><x>627</x><y>1880</y><time>undefined</time></pt><pt><x>1480</x><y>1880</y><time>undefined</time></pt><closed_date>21-09-20 15:10:40:007</closed_date></polygon></object></annotation>