<annotation><filename>m4_s10_154_p_nic038.jpg</filename><folder>users/joselusava//valeria/m04_s10_154_nic</folder><source><submittedBy>Jose Saca</submittedBy></source><imagesize><nrows>2970</nrows><ncols>4451</ncols></imagesize><object><name>m4_s10_154_p_nic038</name><deleted>0</deleted><verified>0</verified><occluded>no</occluded><attributes></attributes><parts><hasparts></hasparts><ispartof></ispartof></parts><date>14-10-20 12:54:48:647</date><id>0</id><type>bounding_box</type><polygon><username>anonymous</username><pt><x>1925</x><y>2108</y><time>14-10-20 12:54:43:596</time></pt><pt><x>3073</x><y>2108</y><time>14-10-20 12:54:45:825</time></pt><pt><x>3073</x><y>234</y><time>undefined</time></pt><pt><x>1925</x><y>234</y><time>undefined</time></pt><closed_date>14-10-20 12:54:45:826</closed_date></polygon></object></annotation>