<annotation><filename>m2_s02_129_p_ic096.jpg</filename><folder>users/joselusava//m2_jsv/129/ic</folder><source><submittedBy>Jose Saca</submittedBy></source><imagesize><nrows>2910</nrows><ncols>4361</ncols></imagesize><object><name>m2_s02_129_p_ic096</name><deleted>0</deleted><verified>0</verified><occluded>no</occluded><attributes></attributes><parts><hasparts></hasparts><ispartof></ispartof></parts><date>24-09-20 19:39:20:471</date><id>0</id><type>bounding_box</type><polygon><username>anonymous</username><pt><x>3134</x><y>2716</y><time>24-09-20 19:39:18:566</time></pt><pt><x>1201</x><y>2716</y><time>24-09-20 19:39:19:853</time></pt><pt><x>1201</x><y>766</y><time>undefined</time></pt><pt><x>3134</x><y>766</y><time>undefined</time></pt><closed_date>24-09-20 19:39:19:853</closed_date></polygon></object></annotation>