<annotation><filename>m4_s04_045_p_ic096.jpg</filename><folder>users/joselusava//valeria/m04_s04_45_ic</folder><source><submittedBy>Jose Saca</submittedBy></source><imagesize><nrows>2970</nrows><ncols>4451</ncols></imagesize><object><name>m4_s04_045_p_ic096</name><deleted>0</deleted><verified>0</verified><occluded>no</occluded><attributes></attributes><parts><hasparts></hasparts><ispartof></ispartof></parts><date>19-10-20 23:54:13:241</date><id>0</id><type>bounding_box</type><polygon><username>anonymous</username><pt><x>1565</x><y>2599</y><time>19-10-20 23:54:07:772</time></pt><pt><x>2747</x><y>2599</y><time>19-10-20 23:54:09:261</time></pt><pt><x>2747</x><y>354</y><time>undefined</time></pt><pt><x>1565</x><y>354</y><time>undefined</time></pt><closed_date>19-10-20 23:54:09:262</closed_date></polygon></object></annotation>