<annotation><filename>m3_s01_013_p_nic002.jpg</filename><folder>users/joselusava//valeria/m03_s01_13_nic</folder><source><submittedBy>Jose Saca</submittedBy></source><imagesize><nrows>2970</nrows><ncols>4451</ncols></imagesize><object><name>m3_s01_013_p_nic002</name><deleted>0</deleted><verified>0</verified><occluded>no</occluded><attributes></attributes><parts><hasparts></hasparts><ispartof></ispartof></parts><date>01-11-20 17:19:27:351</date><id>0</id><type>bounding_box</type><polygon><username>anonymous</username><pt><x>1496</x><y>2696</y><time>01-11-20 17:19:21:076</time></pt><pt><x>4232</x><y>2696</y><time>01-11-20 17:19:24:368</time></pt><pt><x>4232</x><y>480</y><time>undefined</time></pt><pt><x>1496</x><y>480</y><time>undefined</time></pt><closed_date>01-11-20 17:19:24:370</closed_date></polygon></object></annotation>