<annotation><filename>m4_s06_091_x.jpg</filename><folder>users/joselusava//kath/m4_x</folder><source><submittedBy>Jose Saca</submittedBy></source><imagesize><nrows>2970</nrows><ncols>4451</ncols></imagesize><object><name>m4_s06_091_x</name><deleted>0</deleted><verified>0</verified><occluded>no</occluded><attributes></attributes><parts><hasparts></hasparts><ispartof></ispartof></parts><date>21-10-20 10:49:54:499</date><id>0</id><polygon><username>anonymous</username><pt><x>1629</x><y>855</y><time>21-10-20 10:49:41:670</time></pt><pt><x>1624</x><y>2749</y><time>21-10-20 10:49:42:856</time></pt><pt><x>2768</x><y>2778</y><time>21-10-20 10:49:43:722</time></pt><pt><x>2509</x><y>841</y><time>21-10-20 10:49:45:124</time></pt><closed_date>21-10-20 10:49:46:356</closed_date></polygon></object></annotation>