<annotation><filename>m2_s01_071_x.jpg</filename><folder>users/joselusava//juancarlos</folder><source><submittedBy>Jose Saca</submittedBy></source><imagesize><nrows>2850</nrows><ncols>4271</ncols></imagesize><object><name>m2_s01_071_x</name><deleted>0</deleted><verified>0</verified><occluded>no</occluded><attributes></attributes><parts><hasparts></hasparts><ispartof></ispartof></parts><date>28-09-20 10:47:58:388</date><id>0</id><type>bounding_box</type><polygon><username>anonymous</username><pt><x>1175</x><y>423</y><time>28-09-20 10:47:50:292</time></pt><pt><x>2987</x><y>423</y><time>28-09-20 10:47:52:290</time></pt><pt><x>2987</x><y>2718</y><time>undefined</time></pt><pt><x>1175</x><y>2718</y><time>undefined</time></pt><closed_date>28-09-20 10:47:52:291</closed_date></polygon></object></annotation>