<annotation><filename>m4_s10_164_p_nic100.jpg</filename><folder>users/joselusava//santiago_2</folder><source><submittedBy>Jose Saca</submittedBy></source><imagesize><nrows>2970</nrows><ncols>4451</ncols></imagesize><object><name>m4_s10_164_p_nic100</name><deleted>0</deleted><verified>0</verified><occluded>no</occluded><attributes></attributes><parts><hasparts></hasparts><ispartof></ispartof></parts><date>14-10-20 16:28:16:996</date><id>0</id><type>bounding_box</type><polygon><username>anonymous</username><pt><x>3573</x><y>2106</y><time>14-10-20 16:28:14:665</time></pt><pt><x>3980</x><y>2106</y><time>14-10-20 16:28:15:434</time></pt><pt><x>3980</x><y>2724</y><time>undefined</time></pt><pt><x>3573</x><y>2724</y><time>undefined</time></pt><closed_date>14-10-20 16:28:15:436</closed_date></polygon></object></annotation>