<annotation><filename>m4_s10_154_p_nic078.jpg</filename><folder>users/joselusava//valeria/m04_s10_154_nic</folder><source><submittedBy>Jose Saca</submittedBy></source><imagesize><nrows>2970</nrows><ncols>4451</ncols></imagesize><object><name>m4_s10_154_p_nic078</name><deleted>0</deleted><verified>0</verified><occluded>no</occluded><attributes></attributes><parts><hasparts></hasparts><ispartof></ispartof></parts><date>14-10-20 15:48:39:460</date><id>0</id><type>bounding_box</type><polygon><username>anonymous</username><pt><x>3935</x><y>2188</y><time>14-10-20 15:48:34:743</time></pt><pt><x>2684</x><y>2188</y><time>14-10-20 15:48:36:551</time></pt><pt><x>2684</x><y>457</y><time>undefined</time></pt><pt><x>3935</x><y>457</y><time>undefined</time></pt><closed_date>14-10-20 15:48:36:552</closed_date></polygon></object></annotation>