<annotation><filename>m2_s07_264_p_nic007.jpg</filename><folder>users/joselusava//valeria/sala7_264_nic</folder><source><submittedBy>Jose Saca</submittedBy></source><imagesize><nrows>2910</nrows><ncols>4361</ncols></imagesize><object><name>m2_s07_264_p_nic007</name><deleted>0</deleted><verified>0</verified><occluded>no</occluded><attributes></attributes><parts><hasparts></hasparts><ispartof></ispartof></parts><date>23-09-20 19:22:18:806</date><id>0</id><type>bounding_box</type><polygon><username>anonymous</username><pt><x>617</x><y>2045</y><time>23-09-20 19:22:12:690</time></pt><pt><x>1824</x><y>2045</y><time>23-09-20 19:22:14:838</time></pt><pt><x>1824</x><y>314</y><time>undefined</time></pt><pt><x>617</x><y>314</y><time>undefined</time></pt><closed_date>23-09-20 19:22:14:839</closed_date></polygon></object></annotation>