<annotation><filename>m4_s05_052_p_nic026.jpg</filename><folder>users/joselusava//santiago_2</folder><source><submittedBy>Jose Saca</submittedBy></source><imagesize><nrows>2910</nrows><ncols>4361</ncols></imagesize><object><name>m4_s05_052_p_nic026</name><deleted>0</deleted><verified>0</verified><occluded>no</occluded><attributes></attributes><parts><hasparts></hasparts><ispartof></ispartof></parts><date>08-10-20 20:03:16:122</date><id>0</id><type>bounding_box</type><polygon><username>anonymous</username><pt><x>488</x><y>1174</y><time>08-10-20 20:03:12:322</time></pt><pt><x>1964</x><y>1174</y><time>08-10-20 20:03:13:817</time></pt><pt><x>1964</x><y>2726</y><time>undefined</time></pt><pt><x>488</x><y>2726</y><time>undefined</time></pt><closed_date>08-10-20 20:03:13:817</closed_date></polygon></object></annotation>