<annotation><filename>m4_s12_185_p_nic028.jpg</filename><folder>users/joselusava//valeria/m04_s12_185_nic</folder><source><submittedBy>Jose Saca</submittedBy></source><imagesize><nrows>2910</nrows><ncols>4361</ncols></imagesize><object><name>m4_s12_185_p_nic028</name><deleted>0</deleted><verified>0</verified><occluded>no</occluded><attributes></attributes><parts><hasparts></hasparts><ispartof></ispartof></parts><date>17-10-20 20:03:38:806</date><id>0</id><type>bounding_box</type><polygon><username>anonymous</username><pt><x>2837</x><y>2597</y><time>17-10-20 20:03:33:063</time></pt><pt><x>6</x><y>2597</y><time>17-10-20 20:03:35:644</time></pt><pt><x>6</x><y>274</y><time>undefined</time></pt><pt><x>2837</x><y>274</y><time>undefined</time></pt><closed_date>17-10-20 20:03:35:644</closed_date></polygon></object></annotation>