<annotation><filename>m2_s03_219_p_nic001.jpg</filename><folder>users/joselusava//valeria/m2_sala03_219_nic</folder><source><submittedBy>Jose Saca</submittedBy></source><imagesize><nrows>2910</nrows><ncols>4361</ncols></imagesize><object><name>m2_s03_219_p_nic001</name><deleted>0</deleted><verified>0</verified><occluded>no</occluded><attributes></attributes><parts><hasparts></hasparts><ispartof></ispartof></parts><date>29-09-20 16:57:08:392</date><id>0</id><type>bounding_box</type><polygon><username>anonymous</username><pt><x>2298</x><y>2767</y><time>29-09-20 16:56:21:790</time></pt><pt><x>4023</x><y>2767</y><time>29-09-20 16:56:24:356</time></pt><pt><x>4023</x><y>1080</y><time>undefined</time></pt><pt><x>2298</x><y>1080</y><time>undefined</time></pt><closed_date>29-09-20 16:56:24:358</closed_date></polygon></object></annotation>