<annotation><filename>m4_s07_105_p_nic055.jpg</filename><folder>users/joselusava//kath/m4_105/nic</folder><source><submittedBy>Jose Saca</submittedBy></source><imagesize><nrows>2970</nrows><ncols>4451</ncols></imagesize><object><name>m4_s07_105_p_nic055</name><deleted>0</deleted><verified>0</verified><occluded>no</occluded><attributes></attributes><parts><hasparts></hasparts><ispartof></ispartof></parts><date>03-11-20 08:55:06:350</date><id>0</id><type>bounding_box</type><polygon><username>anonymous</username><pt><x>1394</x><y>2446</y><time>03-11-20 08:55:02:394</time></pt><pt><x>529</x><y>2446</y><time>03-11-20 08:55:03:816</time></pt><pt><x>529</x><y>735</y><time>undefined</time></pt><pt><x>1394</x><y>735</y><time>undefined</time></pt><closed_date>03-11-20 08:55:03:817</closed_date></polygon></object></annotation>