<annotation><filename>m2_s07_264_p_nic038.jpg</filename><folder>users/joselusava//valeria/sala7_264_nic</folder><source><submittedBy>Jose Saca</submittedBy></source><imagesize><nrows>2910</nrows><ncols>4361</ncols></imagesize><object><name>m2_s07_264_p_nic038</name><deleted>0</deleted><verified>0</verified><occluded>no</occluded><attributes></attributes><parts><hasparts></hasparts><ispartof></ispartof></parts><date>23-09-20 20:04:45:277</date><id>0</id><type>bounding_box</type><polygon><username>anonymous</username><pt><x>204</x><y>2188</y><time>23-09-20 20:04:39:758</time></pt><pt><x>1554</x><y>2188</y><time>23-09-20 20:04:41:464</time></pt><pt><x>1554</x><y>386</y><time>undefined</time></pt><pt><x>204</x><y>386</y><time>undefined</time></pt><closed_date>23-09-20 20:04:41:465</closed_date></polygon></object></annotation>