<annotation><filename>m3_s01_013_p_nic038.jpg</filename><folder>users/joselusava//valeria/m03_s01_13_nic</folder><source><submittedBy>Jose Saca</submittedBy></source><imagesize><nrows>2970</nrows><ncols>4451</ncols></imagesize><object><name>m3_s01_013_p_nic038</name><deleted>0</deleted><verified>0</verified><occluded>no</occluded><attributes></attributes><parts><hasparts></hasparts><ispartof></ispartof></parts><date>06-11-20 23:17:22:514</date><id>0</id><type>bounding_box</type><polygon><username>anonymous</username><pt><x>2980</x><y>2898</y><time>06-11-20 23:17:14:282</time></pt><pt><x>62</x><y>2898</y><time>06-11-20 23:17:17:711</time></pt><pt><x>62</x><y>263</y><time>undefined</time></pt><pt><x>2980</x><y>263</y><time>undefined</time></pt><closed_date>06-11-20 23:17:17:713</closed_date></polygon></object></annotation>