<annotation><filename>m1_s01_021_p_nic046.jpg</filename><folder>users/joselusava//santiago</folder><source><submittedBy>Jose Saca</submittedBy></source><imagesize><nrows>3200</nrows><ncols>4800</ncols></imagesize><object><name>m1_s01_021_p_nic046</name><deleted>0</deleted><verified>0</verified><occluded>no</occluded><attributes></attributes><parts><hasparts></hasparts><ispartof></ispartof></parts><date>15-09-20 16:37:43:796</date><id>0</id><type>bounding_box</type><polygon><username>anonymous</username><pt><x>2984</x><y>2325</y><time>15-09-20 16:37:34:574</time></pt><pt><x>3488</x><y>2325</y><time>15-09-20 16:37:37:575</time></pt><pt><x>3488</x><y>2998</y><time>undefined</time></pt><pt><x>2984</x><y>2998</y><time>undefined</time></pt><closed_date>15-09-20 16:37:37:575</closed_date></polygon></object></annotation>