<annotation><filename>m4_s05_052_p_nic017.jpg</filename><folder>users/joselusava//santiago_2</folder><source><submittedBy>Jose Saca</submittedBy></source><imagesize><nrows>2910</nrows><ncols>4361</ncols></imagesize><object><name>m4_s05_052_p_nic017</name><deleted>0</deleted><verified>0</verified><occluded>no</occluded><attributes></attributes><parts><hasparts></hasparts><ispartof></ispartof></parts><date>07-10-20 23:51:24:516</date><id>0</id><type>bounding_box</type><polygon><username>anonymous</username><pt><x>502</x><y>270</y><time>07-10-20 23:51:20:864</time></pt><pt><x>2037</x><y>270</y><time>07-10-20 23:51:22:337</time></pt><pt><x>2037</x><y>1829</y><time>undefined</time></pt><pt><x>502</x><y>1829</y><time>undefined</time></pt><closed_date>07-10-20 23:51:22:339</closed_date></polygon></object></annotation>