<annotation><filename>m4_s12_186_p_ic057.jpg</filename><folder>users/joselusava//m4_js/186/ic</folder><source><submittedBy>Jose Saca</submittedBy></source><imagesize><nrows>3899</nrows><ncols>5844</ncols></imagesize><object><name>m4_s12_186_p_ic057</name><deleted>0</deleted><verified>0</verified><occluded>no</occluded><attributes></attributes><parts><hasparts></hasparts><ispartof></ispartof></parts><date>18-10-20 11:00:21:648</date><id>0</id><type>bounding_box</type><polygon><username>anonymous</username><pt><x>1726</x><y>548</y><time>18-10-20 11:00:19:045</time></pt><pt><x>3838</x><y>548</y><time>18-10-20 11:00:20:998</time></pt><pt><x>3838</x><y>3511</y><time>undefined</time></pt><pt><x>1726</x><y>3511</y><time>undefined</time></pt><closed_date>18-10-20 11:00:20:998</closed_date></polygon></object></annotation>