<annotation><filename>m2_s06_244_p_ic049.jpg</filename><folder>users/joselusava//museos2020</folder><source><submittedBy>Jose Saca</submittedBy></source><imagesize><nrows>2910</nrows><ncols>4361</ncols></imagesize><object><name>m2_s06_244_p_ic041</name><deleted>0</deleted><verified>0</verified><occluded>no</occluded><attributes></attributes><parts><hasparts></hasparts><ispartof></ispartof></parts><date>22-09-20 14:07:27:994</date><id>0</id><type>bounding_box</type><polygon><username>anonymous</username><pt><x>932</x><y>1068</y><time>22-09-20 14:07:10:423</time></pt><pt><x>3147</x><y>1068</y><time>22-09-20 14:07:12:604</time></pt><pt><x>3147</x><y>2301</y><time>undefined</time></pt><pt><x>932</x><y>2301</y><time>undefined</time></pt><closed_date>22-09-20 14:07:12:606</closed_date></polygon></object></annotation>