<annotation><filename>m2_s01_056_p_nic008.jpg</filename><folder>users/joselusava//m2_jsv/56/nic</folder><source><submittedBy>Jose Saca</submittedBy></source><imagesize><nrows>2850</nrows><ncols>4271</ncols></imagesize><object><name>m2_s01_056_p_nic008</name><deleted>0</deleted><verified>0</verified><occluded>no</occluded><attributes></attributes><parts><hasparts></hasparts><ispartof></ispartof></parts><date>28-09-20 22:02:57:619</date><id>0</id><type>bounding_box</type><polygon><username>anonymous</username><pt><x>2972</x><y>1605</y><time>28-09-20 22:02:55:268</time></pt><pt><x>1511</x><y>1605</y><time>28-09-20 22:02:56:527</time></pt><pt><x>1511</x><y>8</y><time>undefined</time></pt><pt><x>2972</x><y>8</y><time>undefined</time></pt><closed_date>28-09-20 22:02:56:527</closed_date></polygon></object></annotation>