<annotation><filename>m1_s02_036_p_ic016.jpg</filename><folder>users/joselusava//valeria/sala2_036_ic</folder><source><submittedBy>Jose Saca</submittedBy></source><imagesize><nrows>3200</nrows><ncols>4800</ncols></imagesize><object><name>m1_s01_036_p_ic016</name><deleted>0</deleted><verified>0</verified><occluded>no</occluded><attributes></attributes><parts><hasparts></hasparts><ispartof></ispartof></parts><date>23-08-20 01:31:59:701</date><id>0</id><type>bounding_box</type><polygon><username>anonymous</username><pt><x>1052</x><y>950</y><time>23-08-20 01:31:53:680</time></pt><pt><x>3012</x><y>950</y><time>23-08-20 01:31:55:839</time></pt><pt><x>3012</x><y>2792</y><time>undefined</time></pt><pt><x>1052</x><y>2792</y><time>undefined</time></pt><closed_date>23-08-20 01:31:55:840</closed_date></polygon></object></annotation>