<annotation><filename>m2_s01_010_p_ic022.jpg</filename><folder>users/joselusava//santiago</folder><source><submittedBy>Jose Saca</submittedBy></source><imagesize><nrows>2850</nrows><ncols>4271</ncols></imagesize><object><name>m2_s01_010_p_ic022</name><deleted>0</deleted><verified>0</verified><occluded>no</occluded><attributes></attributes><parts><hasparts></hasparts><ispartof></ispartof></parts><date>21-09-20 15:25:35:864</date><id>0</id><type>bounding_box</type><polygon><username>anonymous</username><pt><x>1401</x><y>468</y><time>21-09-20 15:25:25:529</time></pt><pt><x>3222</x><y>468</y><time>21-09-20 15:25:28:173</time></pt><pt><x>3222</x><y>2395</y><time>undefined</time></pt><pt><x>1401</x><y>2395</y><time>undefined</time></pt><closed_date>21-09-20 15:25:28:174</closed_date></polygon></object></annotation>