<annotation><filename>m2_s03_219_p_ic068.jpg</filename><folder>users/joselusava//valeria/m2_sala03_219_ic</folder><source><submittedBy>Jose Saca</submittedBy></source><imagesize><nrows>2910</nrows><ncols>4361</ncols></imagesize><object><name>m2_s03_219_p_ic068</name><deleted>0</deleted><verified>0</verified><occluded>no</occluded><attributes></attributes><parts><hasparts></hasparts><ispartof></ispartof></parts><date>29-09-20 00:53:49:567</date><id>0</id><type>bounding_box</type><polygon><username>anonymous</username><pt><x>2546</x><y>99</y><time>29-09-20 00:53:44:133</time></pt><pt><x>1047</x><y>99</y><time>29-09-20 00:53:46:403</time></pt><pt><x>1047</x><y>2690</y><time>undefined</time></pt><pt><x>2546</x><y>2690</y><time>undefined</time></pt><closed_date>29-09-20 00:53:46:403</closed_date></polygon></object></annotation>