<annotation><filename>m4_s11_178_p_ic025.jpg</filename><folder>users/joselusava//santiago_2</folder><source><submittedBy>Jose Saca</submittedBy></source><imagesize><nrows>2970</nrows><ncols>4451</ncols></imagesize><object><name>m4_s11_178_p_ic025</name><deleted>0</deleted><verified>0</verified><occluded>no</occluded><attributes></attributes><parts><hasparts></hasparts><ispartof></ispartof></parts><date>15-10-20 21:25:11:167</date><id>0</id><type>bounding_box</type><polygon><username>anonymous</username><pt><x>1485</x><y>771</y><time>15-10-20 21:25:06:971</time></pt><pt><x>2859</x><y>771</y><time>15-10-20 21:25:09:152</time></pt><pt><x>2859</x><y>2281</y><time>undefined</time></pt><pt><x>1485</x><y>2281</y><time>undefined</time></pt><closed_date>15-10-20 21:25:09:153</closed_date></polygon></object></annotation>