<annotation><filename>m4_s11_178_p_nic059.jpg</filename><folder>users/joselusava//santiago_2</folder><source><submittedBy>Jose Saca</submittedBy></source><imagesize><nrows>2970</nrows><ncols>4451</ncols></imagesize><object><name>m4_s11_178_p_nic059</name><deleted>0</deleted><verified>0</verified><occluded>no</occluded><attributes></attributes><parts><hasparts></hasparts><ispartof></ispartof></parts><date>16-10-20 09:39:38:916</date><id>0</id><type>bounding_box</type><polygon><username>anonymous</username><pt><x>411</x><y>796</y><time>16-10-20 09:39:35:238</time></pt><pt><x>1603</x><y>796</y><time>16-10-20 09:39:36:980</time></pt><pt><x>1603</x><y>1938</y><time>undefined</time></pt><pt><x>411</x><y>1938</y><time>undefined</time></pt><closed_date>16-10-20 09:39:36:980</closed_date></polygon></object></annotation>