<annotation><filename>m2_s06_248_p_nic071.jpg</filename><folder>users/joselusava//museos2020</folder><source><submittedBy>Jose Saca</submittedBy></source><imagesize><nrows>2910</nrows><ncols>4361</ncols></imagesize><object><name>m2_s06_248_p_nic071</name><deleted>0</deleted><verified>0</verified><occluded>no</occluded><attributes></attributes><parts><hasparts></hasparts><ispartof></ispartof></parts><date>27-09-20 19:23:02:818</date><id>0</id><polygon><username>anonymous</username><pt><x>1734</x><y>1864</y><time>27-09-20 19:22:47:394</time></pt><pt><x>3858</x><y>1883</y><time>27-09-20 19:22:48:631</time></pt><pt><x>3319</x><y>2622</y><time>27-09-20 19:22:49:559</time></pt><pt><x>1567</x><y>2092</y><time>27-09-20 19:22:50:598</time></pt><closed_date>27-09-20 19:22:51:692</closed_date></polygon></object></annotation>