<annotation><filename>m4_s11_178_p_ic072.jpg</filename><folder>users/joselusava//santiago_2</folder><source><submittedBy>Jose Saca</submittedBy></source><imagesize><nrows>2970</nrows><ncols>4451</ncols></imagesize><object><name>m4_s11_178_p_ic072</name><deleted>0</deleted><verified>0</verified><occluded>no</occluded><attributes></attributes><parts><hasparts></hasparts><ispartof></ispartof></parts><date>15-10-20 22:06:06:721</date><id>0</id><type>bounding_box</type><polygon><username>anonymous</username><pt><x>1303</x><y>985</y><time>15-10-20 22:06:01:561</time></pt><pt><x>2984</x><y>985</y><time>15-10-20 22:06:04:521</time></pt><pt><x>2984</x><y>2649</y><time>undefined</time></pt><pt><x>1303</x><y>2649</y><time>undefined</time></pt><closed_date>15-10-20 22:06:04:522</closed_date></polygon></object></annotation>