<annotation><filename>m4_s03_025_p_nic099.jpg</filename><folder>users/joselusava//santiago_3</folder><source><submittedBy>Jose Saca</submittedBy></source><imagesize><nrows>2910</nrows><ncols>4361</ncols></imagesize><object><name>m4_s03_025_p_nic099</name><deleted>0</deleted><verified>0</verified><occluded>no</occluded><attributes></attributes><parts><hasparts></hasparts><ispartof></ispartof></parts><date>08-11-20 14:34:46:675</date><id>0</id><type>bounding_box</type><polygon><username>anonymous</username><pt><x>1563</x><y>857</y><time>08-11-20 14:34:43:205</time></pt><pt><x>4106</x><y>857</y><time>08-11-20 14:34:44:607</time></pt><pt><x>4106</x><y>2064</y><time>undefined</time></pt><pt><x>1563</x><y>2064</y><time>undefined</time></pt><closed_date>08-11-20 14:34:44:607</closed_date></polygon></object></annotation>