<annotation><filename>m4_s07_105_p_ic018.jpg</filename><folder>users/joselusava//kath/m4_105</folder><source><submittedBy>Jose Saca</submittedBy></source><imagesize><nrows>2970</nrows><ncols>4451</ncols></imagesize><object><name>m4_s07_105_p_ic017</name><deleted>0</deleted><verified>0</verified><occluded>no</occluded><attributes></attributes><parts><hasparts></hasparts><ispartof></ispartof></parts><date>25-10-20 09:21:49:508</date><id>0</id><type>bounding_box</type><polygon><username>anonymous</username><pt><x>2874</x><y>2638</y><time>25-10-20 09:21:42:908</time></pt><pt><x>1716</x><y>2638</y><time>25-10-20 09:21:45:890</time></pt><pt><x>1716</x><y>389</y><time>undefined</time></pt><pt><x>2874</x><y>389</y><time>undefined</time></pt><closed_date>25-10-20 09:21:45:891</closed_date></polygon></object></annotation>