<annotation><filename>m1_s06_144_p_nic025.jpg</filename><folder>users/joselusava//jacob_2/144nic</folder><source><submittedBy>Jose Saca</submittedBy></source><imagesize><nrows>2736</nrows><ncols>4100</ncols></imagesize><object><name>m1_s06_144_p_nic025</name><deleted>0</deleted><verified>0</verified><occluded>no</occluded><attributes></attributes><parts><hasparts></hasparts><ispartof></ispartof></parts><date>08-09-20 01:59:51:582</date><id>0</id><type>bounding_box</type><polygon><username>anonymous</username><pt><x>2480</x><y>221</y><time>08-09-20 01:59:48:809</time></pt><pt><x>3863</x><y>221</y><time>08-09-20 01:59:50:996</time></pt><pt><x>3863</x><y>1825</y><time>undefined</time></pt><pt><x>2480</x><y>1825</y><time>undefined</time></pt><closed_date>08-09-20 01:59:50:996</closed_date></polygon></object></annotation>