<annotation><filename>m4_s09_138_p_ic014.jpg</filename><folder>users/joselusava//santiago_2</folder><source><submittedBy>Jose Saca</submittedBy></source><imagesize><nrows>2970</nrows><ncols>4451</ncols></imagesize><object><name>m4_s09_138_p_ic014</name><deleted>0</deleted><verified>0</verified><occluded>no</occluded><attributes></attributes><parts><hasparts></hasparts><ispartof></ispartof></parts><date>22-10-20 13:52:51:513</date><id>0</id><type>bounding_box</type><polygon><username>anonymous</username><pt><x>714</x><y>596</y><time>22-10-20 13:52:48:163</time></pt><pt><x>3798</x><y>596</y><time>22-10-20 13:52:49:393</time></pt><pt><x>3798</x><y>2377</y><time>undefined</time></pt><pt><x>714</x><y>2377</y><time>undefined</time></pt><closed_date>22-10-20 13:52:49:395</closed_date></polygon></object></annotation>