<annotation><filename>m1_s06_141_p_ic048.jpg</filename><folder>users/joselusava//jacob_2/141ic</folder><source><submittedBy>Jose Saca</submittedBy></source><imagesize><nrows>2736</nrows><ncols>4100</ncols></imagesize><object><name>m1_s06_141_p_ic048</name><deleted>0</deleted><verified>0</verified><occluded>no</occluded><attributes></attributes><parts><hasparts></hasparts><ispartof></ispartof></parts><date>04-09-20 22:51:08:568</date><id>0</id><type>bounding_box</type><polygon><username>anonymous</username><pt><x>1203</x><y>2512</y><time>04-09-20 22:51:04:282</time></pt><pt><x>3036</x><y>2512</y><time>04-09-20 22:51:07:824</time></pt><pt><x>3036</x><y>123</y><time>undefined</time></pt><pt><x>1203</x><y>123</y><time>undefined</time></pt><closed_date>04-09-20 22:51:07:825</closed_date></polygon></object></annotation>