<annotation><filename>m1_s02_052_p_ic069.jpg</filename><folder>users/joselusava//valeria/sala2_052_ic</folder><source><submittedBy>Jose Saca</submittedBy></source><imagesize><nrows>3200</nrows><ncols>4800</ncols></imagesize><object><name>m1_s02_052_p_ic069</name><deleted>0</deleted><verified>0</verified><occluded>no</occluded><attributes></attributes><parts><hasparts></hasparts><ispartof></ispartof></parts><date>25-08-20 19:17:44:841</date><id>0</id><type>bounding_box</type><polygon><username>anonymous</username><pt><x>983</x><y>5</y><time>25-08-20 19:17:38:800</time></pt><pt><x>4016</x><y>5</y><time>25-08-20 19:17:41:410</time></pt><pt><x>4016</x><y>2942</y><time>undefined</time></pt><pt><x>983</x><y>2942</y><time>undefined</time></pt><closed_date>25-08-20 19:17:41:411</closed_date></polygon></object></annotation>