<annotation><filename>m2_s03_219_p_nic093.jpg</filename><folder>users/joselusava//valeria/m2_sala03_219_nic</folder><source><submittedBy>Jose Saca</submittedBy></source><imagesize><nrows>2910</nrows><ncols>4361</ncols></imagesize><object><name>m2_s03_219_p_nic093</name><deleted>0</deleted><verified>0</verified><occluded>no</occluded><attributes></attributes><parts><hasparts></hasparts><ispartof></ispartof></parts><date>29-09-20 19:53:48:409</date><id>0</id><type>bounding_box</type><polygon><username>anonymous</username><pt><x>2260</x><y>2381</y><time>29-09-20 19:53:43:519</time></pt><pt><x>639</x><y>2381</y><time>29-09-20 19:53:45:515</time></pt><pt><x>639</x><y>617</y><time>undefined</time></pt><pt><x>2260</x><y>617</y><time>undefined</time></pt><closed_date>29-09-20 19:53:45:516</closed_date></polygon></object></annotation>