<annotation><filename>m2_s03_201_p_nic010.jpg</filename><folder>users/joselusava//valeria/m2_sala03_201_nic</folder><source><submittedBy>Jose Saca</submittedBy></source><imagesize><nrows>2910</nrows><ncols>4361</ncols></imagesize><object><name>m2_s03_201_p_nic010</name><deleted>0</deleted><verified>0</verified><occluded>no</occluded><attributes></attributes><parts><hasparts></hasparts><ispartof></ispartof></parts><date>29-09-20 22:40:08:917</date><id>0</id><type>bounding_box</type><polygon><username>anonymous</username><pt><x>1609</x><y>2039</y><time>29-09-20 22:40:02:829</time></pt><pt><x>22</x><y>2039</y><time>29-09-20 22:40:05:840</time></pt><pt><x>22</x><y>248</y><time>undefined</time></pt><pt><x>1609</x><y>248</y><time>undefined</time></pt><closed_date>29-09-20 22:40:05:841</closed_date></polygon></object></annotation>