<annotation><filename>m3_s01_010_p_nic007.jpg</filename><folder>users/joselusava//m4_js/m3/10/nic</folder><source><submittedBy>Jose Saca</submittedBy></source><imagesize><nrows>2970</nrows><ncols>4451</ncols></imagesize><object><name>m3_s01_010_p_nic007</name><deleted>0</deleted><verified>0</verified><occluded>no</occluded><attributes></attributes><parts><hasparts></hasparts><ispartof></ispartof></parts><date>29-10-20 13:33:39:807</date><id>0</id><type>bounding_box</type><polygon><username>anonymous</username><pt><x>4408</x><y>2268</y><time>29-10-20 13:33:37:765</time></pt><pt><x>1320</x><y>2268</y><time>29-10-20 13:33:38:905</time></pt><pt><x>1320</x><y>11</y><time>undefined</time></pt><pt><x>4408</x><y>11</y><time>undefined</time></pt><closed_date>29-10-20 13:33:38:905</closed_date></polygon></object></annotation>