<annotation><filename>m4_s12_186_p_ic045.jpg</filename><folder>users/joselusava//m4_js/186/ic</folder><source><submittedBy>Jose Saca</submittedBy></source><imagesize><nrows>3899</nrows><ncols>5844</ncols></imagesize><object><name>m4_s12_186_p_ic045</name><deleted>0</deleted><verified>0</verified><occluded>no</occluded><attributes></attributes><parts><hasparts></hasparts><ispartof></ispartof></parts><date>18-10-20 10:52:37:981</date><id>0</id><type>bounding_box</type><polygon><username>anonymous</username><pt><x>3803</x><y>3383</y><time>18-10-20 10:52:36:047</time></pt><pt><x>2018</x><y>3383</y><time>18-10-20 10:52:37:025</time></pt><pt><x>2018</x><y>408</y><time>undefined</time></pt><pt><x>3803</x><y>408</y><time>undefined</time></pt><closed_date>18-10-20 10:52:37:025</closed_date></polygon></object></annotation>