<annotation><filename>m1_s01_017_p_ic015.jpg</filename><folder>users/joselusava//santiago</folder><source><submittedBy>Jose Saca</submittedBy></source><imagesize><nrows>3200</nrows><ncols>4800</ncols></imagesize><object><name>m1_s01_017_p_ic015</name><deleted>0</deleted><verified>0</verified><occluded>no</occluded><attributes></attributes><parts><hasparts></hasparts><ispartof></ispartof></parts><date>10-09-20 14:11:58:695</date><id>0</id><type>bounding_box</type><polygon><username>anonymous</username><pt><x>1674</x><y>1177</y><time>10-09-20 14:11:49:243</time></pt><pt><x>3114</x><y>1177</y><time>10-09-20 14:11:51:665</time></pt><pt><x>3114</x><y>2106</y><time>undefined</time></pt><pt><x>1674</x><y>2106</y><time>undefined</time></pt><closed_date>10-09-20 14:11:51:666</closed_date></polygon></object></annotation>