<annotation><filename>m2_s03_226_x.jpg</filename><folder>users/joselusava//juancarlos</folder><source><submittedBy>Jose Saca</submittedBy></source><imagesize><nrows>2910</nrows><ncols>4361</ncols></imagesize><object><name>m2_s03_226_x</name><deleted>0</deleted><verified>0</verified><occluded>no</occluded><attributes></attributes><parts><hasparts></hasparts><ispartof></ispartof></parts><date>01-10-20 07:22:04:237</date><id>0</id><polygon><username>anonymous</username><pt><x>1460</x><y>191</y><time>01-10-20 07:21:52:828</time></pt><pt><x>1176</x><y>2403</y><time>01-10-20 07:21:53:600</time></pt><pt><x>3184</x><y>2719</y><time>01-10-20 07:21:54:775</time></pt><pt><x>2905</x><y>632</y><time>01-10-20 07:21:55:663</time></pt><closed_date>01-10-20 07:21:56:809</closed_date></polygon></object></annotation>