<annotation><filename>m4_s05_052_p_nic043.jpg</filename><folder>users/joselusava//santiago_2</folder><source><submittedBy>Jose Saca</submittedBy></source><imagesize><nrows>2910</nrows><ncols>4361</ncols></imagesize><object><name>m4_s05_052_p_nic043</name><deleted>0</deleted><verified>0</verified><occluded>no</occluded><attributes></attributes><parts><hasparts></hasparts><ispartof></ispartof></parts><date>08-10-20 21:23:02:076</date><id>0</id><type>bounding_box</type><polygon><username>anonymous</username><pt><x>2761</x><y>738</y><time>08-10-20 21:22:58:972</time></pt><pt><x>4012</x><y>738</y><time>08-10-20 21:22:59:980</time></pt><pt><x>4012</x><y>2092</y><time>undefined</time></pt><pt><x>2761</x><y>2092</y><time>undefined</time></pt><closed_date>08-10-20 21:22:59:982</closed_date></polygon></object></annotation>