<annotation><filename>m4_s04_039_p_ic089.jpg</filename><folder>users/joselusava//santiago_2</folder><source><submittedBy>Jose Saca</submittedBy></source><imagesize><nrows>2970</nrows><ncols>4451</ncols></imagesize><object><name>m4_s04_039_p_ic089</name><deleted>0</deleted><verified>0</verified><occluded>no</occluded><attributes></attributes><parts><hasparts></hasparts><ispartof></ispartof></parts><date>21-10-20 16:05:06:017</date><id>0</id><type>bounding_box</type><polygon><username>anonymous</username><pt><x>1660</x><y>104</y><time>21-10-20 16:04:59:915</time></pt><pt><x>2599</x><y>104</y><time>21-10-20 16:05:00:995</time></pt><pt><x>2599</x><y>2891</y><time>undefined</time></pt><pt><x>1660</x><y>2891</y><time>undefined</time></pt><closed_date>21-10-20 16:05:00:996</closed_date></polygon></object></annotation>