<annotation><filename>m1_s06_168_p_nic006.jpg</filename><folder>users/joselusava//jacob_2/168nic</folder><source><submittedBy>Jose Saca</submittedBy></source><imagesize><nrows>2736</nrows><ncols>4100</ncols></imagesize><object><name>m1_s06_168_p_nic006</name><deleted>0</deleted><verified>0</verified><occluded>no</occluded><attributes></attributes><parts><hasparts></hasparts><ispartof></ispartof></parts><date>08-09-20 22:59:13:356</date><id>0</id><type>bounding_box</type><polygon><username>anonymous</username><pt><x>1948</x><y>155</y><time>08-09-20 22:59:11:203</time></pt><pt><x>3167</x><y>155</y><time>08-09-20 22:59:12:845</time></pt><pt><x>3167</x><y>1629</y><time>undefined</time></pt><pt><x>1948</x><y>1629</y><time>undefined</time></pt><closed_date>08-09-20 22:59:12:845</closed_date></polygon></object></annotation>