<annotation><filename>m4_s02_015_p_ic062.jpg</filename><folder>users/joselusava//m4_js/15ic</folder><source><submittedBy>Jose Saca</submittedBy></source><imagesize><nrows>2910</nrows><ncols>4361</ncols></imagesize><object><name>m4_s02_015_p_ic062</name><deleted>0</deleted><verified>0</verified><occluded>no</occluded><attributes></attributes><parts><hasparts></hasparts><ispartof></ispartof></parts><date>03-10-20 19:34:37:590</date><id>0</id><type>bounding_box</type><polygon><username>anonymous</username><pt><x>1436</x><y>2463</y><time>03-10-20 19:34:35:312</time></pt><pt><x>3151</x><y>2463</y><time>03-10-20 19:34:36:874</time></pt><pt><x>3151</x><y>235</y><time>undefined</time></pt><pt><x>1436</x><y>235</y><time>undefined</time></pt><closed_date>03-10-20 19:34:36:874</closed_date></polygon></object></annotation>