<annotation><filename>m2_s05_236_p_nic054.jpg</filename><folder>users/joselusava//museos2020</folder><source><submittedBy>Jose Saca</submittedBy></source><imagesize><nrows>2910</nrows><ncols>4361</ncols></imagesize><object><name>m2_s05_236_p_nic054</name><deleted>0</deleted><verified>0</verified><occluded>no</occluded><attributes></attributes><parts><hasparts></hasparts><ispartof></ispartof></parts><date>17-09-20 07:59:14:143</date><id>0</id><type>bounding_box</type><polygon><username>anonymous</username><pt><x>1455</x><y>879</y><time>17-09-20 07:59:03:727</time></pt><pt><x>3895</x><y>879</y><time>17-09-20 07:59:05:469</time></pt><pt><x>3895</x><y>2794</y><time>undefined</time></pt><pt><x>1455</x><y>2794</y><time>undefined</time></pt><closed_date>17-09-20 07:59:05:471</closed_date></polygon></object></annotation>