<annotation><filename>m4_s03_025_p_ic020.jpg</filename><folder>users/joselusava//juancarlos</folder><source><submittedBy>Jose Saca</submittedBy></source><imagesize><nrows>2910</nrows><ncols>4361</ncols></imagesize><object><name>m4_s02_025_p_ic020</name><deleted>0</deleted><verified>0</verified><occluded>no</occluded><attributes></attributes><parts><hasparts></hasparts><ispartof></ispartof></parts><date>05-11-20 17:16:03:459</date><id>0</id><type>bounding_box</type><polygon><username>anonymous</username><pt><x>800</x><y>730</y><time>05-11-20 17:15:53:941</time></pt><pt><x>3791</x><y>730</y><time>05-11-20 17:15:57:534</time></pt><pt><x>3791</x><y>2255</y><time>undefined</time></pt><pt><x>800</x><y>2255</y><time>undefined</time></pt><closed_date>05-11-20 17:15:57:535</closed_date></polygon></object></annotation>