<annotation><filename>m2_s02_149_x.jpg</filename><folder>users/joselusava//m2_jsv</folder><source><submittedBy>Jose Saca</submittedBy></source><imagesize><nrows>2910</nrows><ncols>4361</ncols></imagesize><object><name>m2_s02_149_x</name><deleted>0</deleted><verified>0</verified><occluded>no</occluded><attributes></attributes><parts><hasparts></hasparts><ispartof></ispartof></parts><date>19-09-20 23:42:40:241</date><id>0</id><type>bounding_box</type><polygon><username>anonymous</username><pt><x>3229</x><y>2637</y><time>19-09-20 23:42:37:623</time></pt><pt><x>1097</x><y>2637</y><time>19-09-20 23:42:39:645</time></pt><pt><x>1097</x><y>322</y><time>undefined</time></pt><pt><x>3229</x><y>322</y><time>undefined</time></pt><closed_date>19-09-20 23:42:39:646</closed_date></polygon></object></annotation>