<annotation><filename>m2_s06_244_p_ic026.jpg</filename><folder>users/joselusava//museos2020</folder><source><submittedBy>Jose Saca</submittedBy></source><imagesize><nrows>2910</nrows><ncols>4361</ncols></imagesize><object><name>m2_s06_244_p_ic026</name><deleted>1</deleted><verified>0</verified><occluded>no</occluded><attributes></attributes><parts><hasparts></hasparts><ispartof></ispartof></parts><date>22-09-20 12:51:00:470</date><id>0</id><type>bounding_box</type><polygon><username>anonymous</username><pt><x>1168</x><y>1046</y><time>22-09-20 12:50:46:164</time></pt><pt><x>3154</x><y>1046</y><time>22-09-20 12:50:48:143</time></pt><pt><x>3154</x><y>1856</y><time>undefined</time></pt><pt><x>1168</x><y>1856</y><time>undefined</time></pt><closed_date>22-09-20 12:50:48:144</closed_date></polygon></object><object><name>m2_s06_244_p_ic026</name><deleted>1</deleted><verified>0</verified><occluded>no</occluded><attributes></attributes><parts><hasparts></hasparts><ispartof></ispartof></parts><date>22-09-20 12:52:25:519</date><id>1</id><type>bounding_box</type><polygon><username>anonymous</username><pt><x>1111</x><y>996</y><time>22-09-20 12:52:12:686</time></pt><pt><x>3190</x><y>996</y><time>22-09-20 12:52:15:556</time></pt><pt><x>3190</x><y>1914</y><time>undefined</time></pt><pt><x>1111</x><y>1914</y><time>undefined</time></pt><closed_date>22-09-20 12:52:15:557</closed_date></polygon></object><object><name>m2_s06_244_p_ic026</name><deleted>0</deleted><verified>0</verified><occluded>no</occluded><attributes></attributes><parts><hasparts></hasparts><ispartof></ispartof></parts><date>22-09-20 12:53:11:980</date><id>2</id><type>bounding_box</type><polygon><username>anonymous</username><pt><x>1168</x><y>939</y><time>22-09-20 12:53:07:756</time></pt><pt><x>3261</x><y>939</y><time>22-09-20 12:53:08:519</time></pt><pt><x>3261</x><y>1971</y><time>undefined</time></pt><pt><x>1168</x><y>1971</y><time>undefined</time></pt><closed_date>22-09-20 12:53:08:520</closed_date></polygon></object></annotation>