<annotation><filename>m2_s01_056_p_ic095.jpg</filename><folder>users/joselusava//m2_jsv/56/ic</folder><source><submittedBy>Jose Saca</submittedBy></source><imagesize><nrows>2850</nrows><ncols>4271</ncols></imagesize><object><name>m2_s01_056_p_ic095</name><deleted>0</deleted><verified>0</verified><occluded>no</occluded><attributes></attributes><parts><hasparts></hasparts><ispartof></ispartof></parts><date>28-09-20 21:57:38:899</date><id>0</id><type>bounding_box</type><polygon><username>anonymous</username><pt><x>2768</x><y>2318</y><time>28-09-20 21:57:37:365</time></pt><pt><x>1545</x><y>2318</y><time>28-09-20 21:57:38:336</time></pt><pt><x>1545</x><y>501</y><time>undefined</time></pt><pt><x>2768</x><y>501</y><time>undefined</time></pt><closed_date>28-09-20 21:57:38:336</closed_date></polygon></object></annotation>