<annotation><filename>m2_s03_248_p_ic049.jpg</filename><folder>users/joselusava//museos2020</folder><source><submittedBy>Jose Saca</submittedBy></source><imagesize><nrows>2910</nrows><ncols>4361</ncols></imagesize><object><name>m2_s03_248_p_ic049</name><deleted>0</deleted><verified>0</verified><occluded>no</occluded><attributes></attributes><parts><hasparts></hasparts><ispartof></ispartof></parts><date>27-09-20 08:41:25:005</date><id>0</id><type>bounding_box</type><polygon><username>anonymous</username><pt><x>0</x><y>358</y><time>27-09-20 08:41:14:814</time></pt><pt><x>4356</x><y>358</y><time>27-09-20 08:41:17:268</time></pt><pt><x>4356</x><y>2120</y><time>undefined</time></pt><pt><x>0</x><y>2120</y><time>undefined</time></pt><closed_date>27-09-20 08:41:17:269</closed_date></polygon></object></annotation>