<annotation><filename>m1_s02_065_p_ic046.jpg</filename><folder>users/joselusava//valeria/sala2_065_ic</folder><source><submittedBy>Jose Saca</submittedBy></source><imagesize><nrows>2000</nrows><ncols>2992</ncols></imagesize><object><name>m1_s02_065_p_ic046</name><deleted>0</deleted><verified>0</verified><occluded>no</occluded><attributes></attributes><parts><hasparts></hasparts><ispartof></ispartof></parts><date>25-08-20 23:52:26:142</date><id>0</id><type>bounding_box</type><polygon><username>anonymous</username><pt><x>144</x><y>171</y><time>25-08-20 23:52:19:431</time></pt><pt><x>2946</x><y>171</y><time>25-08-20 23:52:21:987</time></pt><pt><x>2946</x><y>1507</y><time>undefined</time></pt><pt><x>144</x><y>1507</y><time>undefined</time></pt><closed_date>25-08-20 23:52:21:988</closed_date></polygon></object></annotation>