<annotation><filename>m1_s01_021_p_ic086.jpg</filename><folder>users/joselusava//santiago</folder><source><submittedBy>Jose Saca</submittedBy></source><imagesize><nrows>3200</nrows><ncols>4800</ncols></imagesize><object><name>m1_s01_021_p_ic086</name><deleted>0</deleted><verified>0</verified><occluded>no</occluded><attributes></attributes><parts><hasparts></hasparts><ispartof></ispartof></parts><date>15-09-20 00:12:15:991</date><id>0</id><type>bounding_box</type><polygon><username>anonymous</username><pt><x>1271</x><y>788</y><time>15-09-20 00:12:06:764</time></pt><pt><x>2754</x><y>788</y><time>15-09-20 00:12:08:805</time></pt><pt><x>2754</x><y>2516</y><time>undefined</time></pt><pt><x>1271</x><y>2516</y><time>undefined</time></pt><closed_date>15-09-20 00:12:08:806</closed_date></polygon></object></annotation>