<annotation><filename>m1_s06_186_p_ic020.jpg</filename><folder>users/joselusava//jacob_2/186ic</folder><source><submittedBy>Jose Saca</submittedBy></source><imagesize><nrows>2736</nrows><ncols>4100</ncols></imagesize><object><name>s06_186_p_ic020</name><deleted>0</deleted><verified>0</verified><occluded>no</occluded><attributes></attributes><parts><hasparts></hasparts><ispartof></ispartof></parts><date>09-09-20 11:24:13:059</date><id>0</id><type>bounding_box</type><polygon><username>anonymous</username><pt><x>2881</x><y>2586</y><time>09-09-20 11:24:09:590</time></pt><pt><x>696</x><y>2586</y><time>09-09-20 11:24:12:361</time></pt><pt><x>696</x><y>131</y><time>undefined</time></pt><pt><x>2881</x><y>131</y><time>undefined</time></pt><closed_date>09-09-20 11:24:12:361</closed_date></polygon></object></annotation>