<annotation><filename>m4_s11_178_p_nic016.jpg</filename><folder>users/joselusava//santiago_2</folder><source><submittedBy>Jose Saca</submittedBy></source><imagesize><nrows>2970</nrows><ncols>4451</ncols></imagesize><object><name>m4_s11_178_p_nic016</name><deleted>0</deleted><verified>0</verified><occluded>no</occluded><attributes></attributes><parts><hasparts></hasparts><ispartof></ispartof></parts><date>15-10-20 23:06:33:854</date><id>0</id><type>bounding_box</type><polygon><username>anonymous</username><pt><x>921</x><y>250</y><time>15-10-20 23:06:19:419</time></pt><pt><x>2235</x><y>250</y><time>15-10-20 23:06:20:942</time></pt><pt><x>2235</x><y>1624</y><time>undefined</time></pt><pt><x>921</x><y>1624</y><time>undefined</time></pt><closed_date>15-10-20 23:06:20:942</closed_date></polygon></object></annotation>