<annotation><filename>m4_s09_138_p_ic065.jpg</filename><folder>users/joselusava//santiago_2</folder><source><submittedBy>Jose Saca</submittedBy></source><imagesize><nrows>2970</nrows><ncols>4451</ncols></imagesize><object><name>m4_s09_138_p_ic065</name><deleted>0</deleted><verified>0</verified><occluded>no</occluded><attributes></attributes><parts><hasparts></hasparts><ispartof></ispartof></parts><date>22-10-20 20:41:37:308</date><id>0</id><type>bounding_box</type><polygon><username>anonymous</username><pt><x>278</x><y>518</y><time>22-10-20 20:41:34:504</time></pt><pt><x>3977</x><y>518</y><time>22-10-20 20:41:35:777</time></pt><pt><x>3977</x><y>2588</y><time>undefined</time></pt><pt><x>278</x><y>2588</y><time>undefined</time></pt><closed_date>22-10-20 20:41:35:777</closed_date></polygon></object></annotation>