<annotation><filename>m2_s07_263_x.jpg</filename><folder>users/joselusava//museos2020</folder><source><submittedBy>Jose Saca</submittedBy></source><imagesize><nrows>2910</nrows><ncols>4361</ncols></imagesize><object><name>m2_s07_263_x</name><deleted>0</deleted><verified>0</verified><occluded>no</occluded><attributes></attributes><parts><hasparts></hasparts><ispartof></ispartof></parts><date>27-09-20 22:08:28:763</date><id>0</id><type>bounding_box</type><polygon><username>anonymous</username><pt><x>651</x><y>302</y><time>27-09-20 22:08:21:700</time></pt><pt><x>3631</x><y>302</y><time>27-09-20 22:08:23:786</time></pt><pt><x>3631</x><y>2612</y><time>undefined</time></pt><pt><x>651</x><y>2612</y><time>undefined</time></pt><closed_date>27-09-20 22:08:23:787</closed_date></polygon></object></annotation>