<annotation><filename>m1_s06_168_p_nic011.jpg</filename><folder>users/joselusava//jacob_2/168nic</folder><source><submittedBy>Jose Saca</submittedBy></source><imagesize><nrows>2736</nrows><ncols>4100</ncols></imagesize><object><name>m1_s06_168_p_nic011</name><deleted>0</deleted><verified>0</verified><occluded>no</occluded><attributes></attributes><parts><hasparts></hasparts><ispartof></ispartof></parts><date>08-09-20 23:02:14:967</date><id>0</id><type>bounding_box</type><polygon><username>anonymous</username><pt><x>434</x><y>139</y><time>08-09-20 23:02:12:973</time></pt><pt><x>1678</x><y>139</y><time>08-09-20 23:02:14:462</time></pt><pt><x>1678</x><y>1661</y><time>undefined</time></pt><pt><x>434</x><y>1661</y><time>undefined</time></pt><closed_date>08-09-20 23:02:14:463</closed_date></polygon></object></annotation>