<annotation><filename>m4_s05_055_p_nic017.jpg</filename><folder>users/joselusava//valeria/m4_s05_055_nic</folder><source><submittedBy>Jose Saca</submittedBy></source><imagesize><nrows>2910</nrows><ncols>4361</ncols></imagesize><object><name>m4_s05_055_p_nic017</name><deleted>0</deleted><verified>0</verified><occluded>no</occluded><attributes></attributes><parts><hasparts></hasparts><ispartof></ispartof></parts><date>09-10-20 16:18:12:879</date><id>0</id><type>bounding_box</type><polygon><username>anonymous</username><pt><x>1703</x><y>2701</y><time>09-10-20 16:17:43:792</time></pt><pt><x>165</x><y>2701</y><time>09-10-20 16:17:46:898</time></pt><pt><x>165</x><y>1075</y><time>undefined</time></pt><pt><x>1703</x><y>1075</y><time>undefined</time></pt><closed_date>09-10-20 16:17:46:900</closed_date></polygon></object></annotation>