<annotation><filename>m3_s01_023_p_nic096.jpg</filename><folder>users/joselusava//santiago_3</folder><source><submittedBy>Jose Saca</submittedBy></source><imagesize><nrows>2970</nrows><ncols>4451</ncols></imagesize><object><name>m3_s01_023_p_nic096</name><deleted>0</deleted><verified>0</verified><occluded>no</occluded><attributes></attributes><parts><hasparts></hasparts><ispartof></ispartof></parts><date>06-11-20 11:53:29:302</date><id>0</id><type>bounding_box</type><polygon><username>anonymous</username><pt><x>1460</x><y>1110</y><time>06-11-20 11:53:25:662</time></pt><pt><x>3163</x><y>1110</y><time>06-11-20 11:53:27:005</time></pt><pt><x>3163</x><y>2770</y><time>undefined</time></pt><pt><x>1460</x><y>2770</y><time>undefined</time></pt><closed_date>06-11-20 11:53:27:006</closed_date></polygon></object></annotation>