<annotation><filename>m2_s06_250_p_ic032.jpg</filename><folder>users/joselusava//valeria/m2_sala06_250_ic</folder><source><submittedBy>Jose Saca</submittedBy></source><imagesize><nrows>2910</nrows><ncols>4361</ncols></imagesize><object><name>m2_s06_250_p_ic032</name><deleted>0</deleted><verified>0</verified><occluded>no</occluded><attributes></attributes><parts><hasparts></hasparts><ispartof></ispartof></parts><date>30-09-20 22:29:38:813</date><id>0</id><type>bounding_box</type><polygon><username>anonymous</username><pt><x>292</x><y>2039</y><time>30-09-20 22:29:32:953</time></pt><pt><x>4233</x><y>2039</y><time>30-09-20 22:29:35:536</time></pt><pt><x>4233</x><y>893</y><time>undefined</time></pt><pt><x>292</x><y>893</y><time>undefined</time></pt><closed_date>30-09-20 22:29:35:537</closed_date></polygon></object></annotation>