<annotation><filename>m3_s01_002_p_ic049.jpg</filename><folder>users/joselusava//santiago_3</folder><source><submittedBy>Jose Saca</submittedBy></source><imagesize><nrows>2970</nrows><ncols>4451</ncols></imagesize><object><name>m3_s01_002_p_ic049</name><deleted>0</deleted><verified>0</verified><occluded>no</occluded><attributes></attributes><parts><hasparts></hasparts><ispartof></ispartof></parts><date>28-10-20 19:05:12:608</date><id>0</id><type>bounding_box</type><polygon><username>anonymous</username><pt><x>1189</x><y>500</y><time>28-10-20 19:05:08:583</time></pt><pt><x>3309</x><y>500</y><time>28-10-20 19:05:10:044</time></pt><pt><x>3309</x><y>2124</y><time>undefined</time></pt><pt><x>1189</x><y>2124</y><time>undefined</time></pt><closed_date>28-10-20 19:05:10:044</closed_date></polygon></object></annotation>