<annotation><filename>m2_s01_010_p_nic006.jpg</filename><folder>users/joselusava//santiago</folder><source><submittedBy>Jose Saca</submittedBy></source><imagesize><nrows>2850</nrows><ncols>4271</ncols></imagesize><object><name>m2_s01_010_p_nic006</name><deleted>0</deleted><verified>0</verified><occluded>no</occluded><attributes></attributes><parts><hasparts></hasparts><ispartof></ispartof></parts><date>22-09-20 19:42:02:244</date><id>0</id><type>bounding_box</type><polygon><username>anonymous</username><pt><x>2799</x><y>670</y><time>22-09-20 19:41:53:558</time></pt><pt><x>3751</x><y>670</y><time>22-09-20 19:41:55:767</time></pt><pt><x>3751</x><y>1661</y><time>undefined</time></pt><pt><x>2799</x><y>1661</y><time>undefined</time></pt><closed_date>22-09-20 19:41:55:768</closed_date></polygon></object></annotation>