<annotation><filename>m2_s01_034_p_nic019.jpg</filename><folder>users/joselusava//kath</folder><source><submittedBy>Jose Saca</submittedBy></source><imagesize><nrows>2850</nrows><ncols>4271</ncols></imagesize><object><name>m2_s01_034_p_nic019</name><deleted>0</deleted><verified>0</verified><occluded>no</occluded><attributes></attributes><parts><hasparts></hasparts><ispartof></ispartof></parts><date>25-09-20 17:37:35:395</date><id>0</id><type>bounding_box</type><polygon><username>anonymous</username><pt><x>2492</x><y>1067</y><time>25-09-20 17:37:29:804</time></pt><pt><x>3509</x><y>1067</y><time>25-09-20 17:37:32:480</time></pt><pt><x>3509</x><y>2492</y><time>undefined</time></pt><pt><x>2492</x><y>2492</y><time>undefined</time></pt><closed_date>25-09-20 17:37:32:481</closed_date></polygon></object></annotation>