<annotation><filename>m3_s01_002_p_nic090.jpg</filename><folder>users/joselusava//santiago_3</folder><source><submittedBy>Jose Saca</submittedBy></source><imagesize><nrows>2970</nrows><ncols>4451</ncols></imagesize><object><name>m3_s01_002_p_nic090</name><deleted>0</deleted><verified>0</verified><occluded>no</occluded><attributes></attributes><parts><hasparts></hasparts><ispartof></ispartof></parts><date>29-10-20 21:15:16:109</date><id>0</id><type>bounding_box</type><polygon><username>anonymous</username><pt><x>1688</x><y>553</y><time>29-10-20 21:15:12:885</time></pt><pt><x>4234</x><y>553</y><time>29-10-20 21:15:14:016</time></pt><pt><x>4234</x><y>2424</y><time>undefined</time></pt><pt><x>1688</x><y>2424</y><time>undefined</time></pt><closed_date>29-10-20 21:15:14:018</closed_date></polygon></object></annotation>