<annotation><filename>m4_s04_039_p_ic013.jpg</filename><folder>users/joselusava//santiago_2</folder><source><submittedBy>Jose Saca</submittedBy></source><imagesize><nrows>2970</nrows><ncols>4451</ncols></imagesize><object><name>m4_s04_039_p_ic013</name><deleted>0</deleted><verified>0</verified><occluded>no</occluded><attributes></attributes><parts><hasparts></hasparts><ispartof></ispartof></parts><date>20-10-20 13:56:45:898</date><id>0</id><type>bounding_box</type><polygon><username>anonymous</username><pt><x>1717</x><y>189</y><time>20-10-20 13:56:42:880</time></pt><pt><x>2659</x><y>189</y><time>20-10-20 13:56:44:093</time></pt><pt><x>2659</x><y>2849</y><time>undefined</time></pt><pt><x>1717</x><y>2849</y><time>undefined</time></pt><closed_date>20-10-20 13:56:44:093</closed_date></polygon></object></annotation>