<annotation><filename>m4_s10_164_p_nic063.jpg</filename><folder>users/joselusava//santiago_2</folder><source><submittedBy>Jose Saca</submittedBy></source><imagesize><nrows>2970</nrows><ncols>4451</ncols></imagesize><object><name>m4_s10_164_p_nic063</name><deleted>0</deleted><verified>0</verified><occluded>no</occluded><attributes></attributes><parts><hasparts></hasparts><ispartof></ispartof></parts><date>14-10-20 13:41:59:459</date><id>0</id><type>bounding_box</type><polygon><username>anonymous</username><pt><x>3138</x><y>2003</y><time>14-10-20 13:41:56:162</time></pt><pt><x>3655</x><y>2003</y><time>14-10-20 13:41:57:230</time></pt><pt><x>3655</x><y>2713</y><time>undefined</time></pt><pt><x>3138</x><y>2713</y><time>undefined</time></pt><closed_date>14-10-20 13:41:57:231</closed_date></polygon></object></annotation>