<annotation><filename>m1_s02_036_p_ic045.jpg</filename><folder>users/joselusava//valeria/sala2_036_ic</folder><source><submittedBy>Jose Saca</submittedBy></source><imagesize><nrows>3200</nrows><ncols>4800</ncols></imagesize><object><name>m1_s01_036_p_ic045</name><deleted>0</deleted><verified>0</verified><occluded>no</occluded><attributes></attributes><parts><hasparts></hasparts><ispartof></ispartof></parts><date>23-08-20 21:46:26:914</date><id>0</id><type>bounding_box</type><polygon><username>anonymous</username><pt><x>521</x><y>38</y><time>23-08-20 21:46:17:609</time></pt><pt><x>3415</x><y>38</y><time>23-08-20 21:46:21:237</time></pt><pt><x>3415</x><y>3136</y><time>undefined</time></pt><pt><x>521</x><y>3136</y><time>undefined</time></pt><closed_date>23-08-20 21:46:21:239</closed_date></polygon></object></annotation>