<annotation><filename>m3_s01_018_p_ic045.jpg</filename><folder>users/joselusava//m4_js/18/ic</folder><source><submittedBy>Jose Saca</submittedBy></source><imagesize><nrows>2970</nrows><ncols>4451</ncols></imagesize><object><name>m3_s01_018_p_ic045</name><deleted>0</deleted><verified>0</verified><occluded>no</occluded><attributes></attributes><parts><hasparts></hasparts><ispartof></ispartof></parts><date>05-11-20 14:05:58:013</date><id>0</id><type>bounding_box</type><polygon><username>anonymous</username><pt><x>4356</x><y>2704</y><time>05-11-20 14:05:55:348</time></pt><pt><x>21</x><y>2704</y><time>05-11-20 14:05:57:233</time></pt><pt><x>21</x><y>74</y><time>undefined</time></pt><pt><x>4356</x><y>74</y><time>undefined</time></pt><closed_date>05-11-20 14:05:57:233</closed_date></polygon></object></annotation>