<annotation><filename>m2_s03_235_x.jpg</filename><folder>users/joselusava//museos2020</folder><source><submittedBy>Jose Saca</submittedBy></source><imagesize><nrows>2910</nrows><ncols>4361</ncols></imagesize><object><name>m2_s03_235_x</name><deleted>0</deleted><verified>0</verified><occluded>no</occluded><attributes></attributes><parts><hasparts></hasparts><ispartof></ispartof></parts><date>16-09-20 15:07:34:060</date><id>0</id><type>bounding_box</type><polygon><username>anonymous</username><pt><x>1515</x><y>228</y><time>16-09-20 15:07:24:817</time></pt><pt><x>2887</x><y>228</y><time>16-09-20 15:07:27:572</time></pt><pt><x>2887</x><y>2794</y><time>undefined</time></pt><pt><x>1515</x><y>2794</y><time>undefined</time></pt><closed_date>16-09-20 15:07:27:573</closed_date></polygon></object></annotation>