<annotation><filename>m1_s01_021_p_nic005.jpg</filename><folder>users/joselusava//santiago</folder><source><submittedBy>Jose Saca</submittedBy></source><imagesize><nrows>3200</nrows><ncols>4800</ncols></imagesize><object><name>m1_s01_021_p_nic005</name><deleted>0</deleted><verified>0</verified><occluded>no</occluded><attributes></attributes><parts><hasparts></hasparts><ispartof></ispartof></parts><date>15-09-20 00:38:43:684</date><id>0</id><type>bounding_box</type><polygon><username>anonymous</username><pt><x>3693</x><y>454</y><time>15-09-20 00:38:34:538</time></pt><pt><x>4291</x><y>454</y><time>15-09-20 00:38:36:412</time></pt><pt><x>4291</x><y>1303</y><time>undefined</time></pt><pt><x>3693</x><y>1303</y><time>undefined</time></pt><closed_date>15-09-20 00:38:36:413</closed_date></polygon></object></annotation>