<annotation><filename>m2_s01_001_p_ic076.jpg</filename><folder>users/joselusava//santiago</folder><source><submittedBy>Jose Saca</submittedBy></source><imagesize><nrows>2850</nrows><ncols>4271</ncols></imagesize><object><name>m2_s01_001_p_ic076</name><deleted>0</deleted><verified>0</verified><occluded>no</occluded><attributes></attributes><parts><hasparts></hasparts><ispartof></ispartof></parts><date>19-09-20 10:21:29:422</date><id>0</id><type>bounding_box</type><polygon><username>anonymous</username><pt><x>1013</x><y>574</y><time>19-09-20 10:21:15:954</time></pt><pt><x>3225</x><y>574</y><time>19-09-20 10:21:18:799</time></pt><pt><x>3225</x><y>2565</y><time>undefined</time></pt><pt><x>1013</x><y>2565</y><time>undefined</time></pt><closed_date>19-09-20 10:21:18:799</closed_date></polygon></object></annotation>