<annotation><filename>m1_s01_001_p_ic082.jpg</filename><folder>users/joselusava//juancarlos</folder><source><submittedBy>Jose Saca</submittedBy></source><imagesize><nrows>2000</nrows><ncols>2992</ncols></imagesize><object><name>m1_s01_001_p_ic082</name><deleted>0</deleted><verified>0</verified><occluded>no</occluded><attributes></attributes><parts><hasparts></hasparts><ispartof></ispartof></parts><date>01-09-20 10:57:22:457</date><id>0</id><type>bounding_box</type><polygon><username>anonymous</username><pt><x>582</x><y>683</y><time>01-09-20 10:57:17:160</time></pt><pt><x>2049</x><y>683</y><time>01-09-20 10:57:19:165</time></pt><pt><x>2049</x><y>1705</y><time>undefined</time></pt><pt><x>582</x><y>1705</y><time>undefined</time></pt><closed_date>01-09-20 10:57:19:166</closed_date></polygon></object></annotation>