<annotation><filename>m2_s02_085_p_ic058.jpg</filename><folder>users/joselusava//m2_jsv/85/ic</folder><source><submittedBy>Jose Saca</submittedBy></source><imagesize><nrows>2910</nrows><ncols>4361</ncols></imagesize><object><name>m2_s02_085_p_ic058</name><deleted>0</deleted><verified>0</verified><occluded>no</occluded><attributes></attributes><parts><hasparts></hasparts><ispartof></ispartof></parts><date>17-09-20 19:57:07:203</date><id>0</id><type>bounding_box</type><polygon><username>anonymous</username><pt><x>1323</x><y>1210</y><time>17-09-20 19:57:04:484</time></pt><pt><x>2603</x><y>1210</y><time>17-09-20 19:57:06:306</time></pt><pt><x>2603</x><y>2324</y><time>undefined</time></pt><pt><x>1323</x><y>2324</y><time>undefined</time></pt><closed_date>17-09-20 19:57:06:307</closed_date></polygon></object></annotation>