<annotation><filename>m3_s01_013_p_ic002.jpg</filename><folder>users/joselusava//valeria/m03_s01_13_ic</folder><source><submittedBy>Jose Saca</submittedBy></source><imagesize><nrows>2970</nrows><ncols>4451</ncols></imagesize><object><name>m3_s01_013_p_ic002</name><deleted>0</deleted><verified>0</verified><occluded>no</occluded><attributes></attributes><parts><hasparts></hasparts><ispartof></ispartof></parts><date>28-10-20 22:14:07:078</date><id>0</id><type>bounding_box</type><polygon><username>anonymous</username><pt><x>942</x><y>2599</y><time>28-10-20 22:13:18:795</time></pt><pt><x>3210</x><y>2599</y><time>28-10-20 22:13:21:175</time></pt><pt><x>3210</x><y>240</y><time>undefined</time></pt><pt><x>942</x><y>240</y><time>undefined</time></pt><closed_date>28-10-20 22:13:21:176</closed_date></polygon></object></annotation>