<annotation><filename>m4_s06_089_p_ic048.jpg</filename><folder>users/joselusava//santiago_2</folder><source><submittedBy>Jose Saca</submittedBy></source><imagesize><nrows>2970</nrows><ncols>4451</ncols></imagesize><object><name>m4_s06_089_p_ic048</name><deleted>0</deleted><verified>0</verified><occluded>no</occluded><attributes></attributes><parts><hasparts></hasparts><ispartof></ispartof></parts><date>11-10-20 18:38:52:799</date><id>0</id><type>bounding_box</type><polygon><username>anonymous</username><pt><x>1658</x><y>339</y><time>11-10-20 18:38:48:426</time></pt><pt><x>2857</x><y>339</y><time>11-10-20 18:38:50:578</time></pt><pt><x>2857</x><y>2397</y><time>undefined</time></pt><pt><x>1658</x><y>2397</y><time>undefined</time></pt><closed_date>11-10-20 18:38:50:579</closed_date></polygon></object></annotation>