<annotation><filename>m4_s05_060_p_nic059.jpg</filename><folder>users/joselusava//m4_js/60/nic</folder><source><submittedBy>Jose Saca</submittedBy></source><imagesize><nrows>2910</nrows><ncols>4361</ncols></imagesize><object><name>m4_s05_060_p_nic059</name><deleted>0</deleted><verified>0</verified><occluded>no</occluded><attributes></attributes><parts><hasparts></hasparts><ispartof></ispartof></parts><date>14-10-20 00:07:04:714</date><id>0</id><type>bounding_box</type><polygon><username>anonymous</username><pt><x>3987</x><y>2899</y><time>14-10-20 00:07:02:688</time></pt><pt><x>540</x><y>2899</y><time>14-10-20 00:07:04:016</time></pt><pt><x>540</x><y>1036</y><time>undefined</time></pt><pt><x>3987</x><y>1036</y><time>undefined</time></pt><closed_date>14-10-20 00:07:04:017</closed_date></polygon></object></annotation>