<annotation><filename>m2_s07_264_p_ic036.jpg</filename><folder>users/joselusava//valeria/sala7_264_ic</folder><source><submittedBy>Jose Saca</submittedBy></source><imagesize><nrows>2910</nrows><ncols>4361</ncols></imagesize><object><name>m2_s07_264_p_ic036</name><deleted>0</deleted><verified>0</verified><occluded>no</occluded><attributes></attributes><parts><hasparts></hasparts><ispartof></ispartof></parts><date>22-09-20 19:40:52:316</date><id>0</id><type>bounding_box</type><polygon><username>anonymous</username><pt><x>1438</x><y>2805</y><time>22-09-20 19:40:45:188</time></pt><pt><x>3059</x><y>2805</y><time>22-09-20 19:40:48:849</time></pt><pt><x>3059</x><y>116</y><time>undefined</time></pt><pt><x>1438</x><y>116</y><time>undefined</time></pt><closed_date>22-09-20 19:40:48:850</closed_date></polygon></object></annotation>