<annotation><filename>m1_s01_001_p_nic074.jpg</filename><folder>users/joselusava//juancarlos</folder><source><submittedBy>Jose Saca</submittedBy></source><imagesize><nrows>3200</nrows><ncols>4800</ncols></imagesize><object><name>m1_s01_001_p_nic074</name><deleted>0</deleted><verified>0</verified><occluded>no</occluded><attributes></attributes><parts><hasparts></hasparts><ispartof></ispartof></parts><date>11-09-20 11:47:07:191</date><id>0</id><type>bounding_box</type><polygon><username>anonymous</username><pt><x>2351</x><y>1497</y><time>11-09-20 11:46:50:288</time></pt><pt><x>4304</x><y>1497</y><time>11-09-20 11:46:52:638</time></pt><pt><x>4304</x><y>2740</y><time>undefined</time></pt><pt><x>2351</x><y>2740</y><time>undefined</time></pt><closed_date>11-09-20 11:46:52:638</closed_date></polygon></object></annotation>