<annotation><filename>m1_s01_017_p_nic018.jpg</filename><folder>users/joselusava//santiago</folder><source><submittedBy>Jose Saca</submittedBy></source><imagesize><nrows>3200</nrows><ncols>4800</ncols></imagesize><object><name>m1_s01_017_p_nic018</name><deleted>0</deleted><verified>0</verified><occluded>no</occluded><attributes></attributes><parts><hasparts></hasparts><ispartof></ispartof></parts><date>11-09-20 18:37:59:367</date><id>0</id><type>bounding_box</type><polygon><username>anonymous</username><pt><x>3380</x><y>2476</y><time>11-09-20 18:37:52:057</time></pt><pt><x>3884</x><y>2476</y><time>11-09-20 18:37:53:131</time></pt><pt><x>3884</x><y>2844</y><time>undefined</time></pt><pt><x>3380</x><y>2844</y><time>undefined</time></pt><closed_date>11-09-20 18:37:53:132</closed_date></polygon></object></annotation>