<annotation><filename>m1_s06_168_p_ic014.jpg</filename><folder>users/joselusava//jacob_2/168ic</folder><source><submittedBy>Jose Saca</submittedBy></source><imagesize><nrows>2736</nrows><ncols>4100</ncols></imagesize><object><name>m1_s06_168_p_ic014</name><deleted>0</deleted><verified>0</verified><occluded>no</occluded><attributes></attributes><parts><hasparts></hasparts><ispartof></ispartof></parts><date>08-09-20 19:42:40:755</date><id>0</id><type>bounding_box</type><polygon><username>anonymous</username><pt><x>925</x><y>2488</y><time>08-09-20 19:42:36:841</time></pt><pt><x>2922</x><y>2488</y><time>08-09-20 19:42:39:917</time></pt><pt><x>2922</x><y>286</y><time>undefined</time></pt><pt><x>925</x><y>286</y><time>undefined</time></pt><closed_date>08-09-20 19:42:39:917</closed_date></polygon></object></annotation>