<annotation><filename>m2_s01_032_p_ic061.jpg</filename><folder>users/joselusava//santiago_2</folder><source><submittedBy>Jose Saca</submittedBy></source><imagesize><nrows>2850</nrows><ncols>4271</ncols></imagesize><object><name>m2_s01_032_p_ic061</name><deleted>0</deleted><verified>0</verified><occluded>no</occluded><attributes></attributes><parts><hasparts></hasparts><ispartof></ispartof></parts><date>30-09-20 16:42:44:922</date><id>0</id><type>bounding_box</type><polygon><username>anonymous</username><pt><x>1340</x><y>167</y><time>30-09-20 16:42:40:818</time></pt><pt><x>2921</x><y>167</y><time>30-09-20 16:42:43:250</time></pt><pt><x>2921</x><y>2446</y><time>undefined</time></pt><pt><x>1340</x><y>2446</y><time>undefined</time></pt><closed_date>30-09-20 16:42:43:251</closed_date></polygon></object></annotation>