<annotation><filename>m2_s01_032_p_ic007.jpg</filename><folder>users/joselusava//santiago_2</folder><source><submittedBy>Jose Saca</submittedBy></source><imagesize><nrows>2850</nrows><ncols>4271</ncols></imagesize><object><name>m2_s01_032_p_ic007</name><deleted>0</deleted><verified>0</verified><occluded>no</occluded><attributes></attributes><parts><hasparts></hasparts><ispartof></ispartof></parts><date>29-09-20 22:07:45:565</date><id>0</id><type>bounding_box</type><polygon><username>anonymous</username><pt><x>1167</x><y>375</y><time>29-09-20 22:07:41:668</time></pt><pt><x>2850</x><y>375</y><time>29-09-20 22:07:43:541</time></pt><pt><x>2850</x><y>2747</y><time>undefined</time></pt><pt><x>1167</x><y>2747</y><time>undefined</time></pt><closed_date>29-09-20 22:07:43:543</closed_date></polygon></object></annotation>