<annotation><filename>m2_s03_252_p.jpg</filename><folder>users/joselusava//valeria/m2_sala03_252_ic</folder><source><submittedBy>Jose Saca</submittedBy></source><imagesize><nrows>2910</nrows><ncols>4361</ncols></imagesize><object><name>m2_s06_252_p</name><deleted>0</deleted><verified>0</verified><occluded>no</occluded><attributes></attributes><parts><hasparts></hasparts><ispartof></ispartof></parts><date>25-09-20 19:38:28:545</date><id>0</id><type>bounding_box</type><polygon><username>anonymous</username><pt><x>363</x><y>2517</y><time>25-09-20 19:38:19:969</time></pt><pt><x>4060</x><y>2517</y><time>25-09-20 19:38:22:991</time></pt><pt><x>4060</x><y>388</y><time>undefined</time></pt><pt><x>363</x><y>388</y><time>undefined</time></pt><closed_date>25-09-20 19:38:22:992</closed_date></polygon></object></annotation>