<annotation><filename>m2_s01_054_p_ic086.jpg</filename><folder>users/joselusava//kath</folder><source><submittedBy>Jose Saca</submittedBy></source><imagesize><nrows>2850</nrows><ncols>4271</ncols></imagesize><object><name>m2_s01_054_p_ic086</name><deleted>0</deleted><verified>0</verified><occluded>no</occluded><attributes></attributes><parts><hasparts></hasparts><ispartof></ispartof></parts><date>30-09-20 00:03:22:049</date><id>0</id><type>bounding_box</type><polygon><username>anonymous</username><pt><x>2962</x><y>267</y><time>30-09-20 00:03:13:714</time></pt><pt><x>1242</x><y>267</y><time>30-09-20 00:03:16:930</time></pt><pt><x>1242</x><y>2731</y><time>undefined</time></pt><pt><x>2962</x><y>2731</y><time>undefined</time></pt><closed_date>30-09-20 00:03:16:931</closed_date></polygon></object></annotation>