<annotation><filename>m3_s01_002_p_nic036.jpg</filename><folder>users/joselusava//santiago_3</folder><source><submittedBy>Jose Saca</submittedBy></source><imagesize><nrows>2970</nrows><ncols>4451</ncols></imagesize><object><name>m3_s01_002_p_nic036</name><deleted>0</deleted><verified>0</verified><occluded>no</occluded><attributes></attributes><parts><hasparts></hasparts><ispartof></ispartof></parts><date>29-10-20 15:59:38:116</date><id>0</id><type>bounding_box</type><polygon><username>anonymous</username><pt><x>1439</x><y>303</y><time>29-10-20 15:59:34:891</time></pt><pt><x>3256</x><y>303</y><time>29-10-20 15:59:36:125</time></pt><pt><x>3256</x><y>2131</y><time>undefined</time></pt><pt><x>1439</x><y>2131</y><time>undefined</time></pt><closed_date>29-10-20 15:59:36:125</closed_date></polygon></object></annotation>