<annotation><filename>m4_s04_039_p_nic053.jpg</filename><folder>users/joselusava//santiago_2</folder><source><submittedBy>Jose Saca</submittedBy></source><imagesize><nrows>2970</nrows><ncols>4451</ncols></imagesize><object><name>m4_s04_039_p_nic053</name><deleted>0</deleted><verified>0</verified><occluded>no</occluded><attributes></attributes><parts><hasparts></hasparts><ispartof></ispartof></parts><date>21-10-20 21:42:31:837</date><id>0</id><type>bounding_box</type><polygon><username>anonymous</username><pt><x>3020</x><y>182</y><time>21-10-20 21:42:28:279</time></pt><pt><x>4005</x><y>182</y><time>21-10-20 21:42:29:942</time></pt><pt><x>4005</x><y>2888</y><time>undefined</time></pt><pt><x>3020</x><y>2888</y><time>undefined</time></pt><closed_date>21-10-20 21:42:29:944</closed_date></polygon></object></annotation>