<annotation><filename>m3_s01_023_p_nic010.jpg</filename><folder>users/joselusava//santiago_3</folder><source><submittedBy>Jose Saca</submittedBy></source><imagesize><nrows>2970</nrows><ncols>4451</ncols></imagesize><object><name>m3_s01_023_p_nic010</name><deleted>0</deleted><verified>0</verified><occluded>no</occluded><attributes></attributes><parts><hasparts></hasparts><ispartof></ispartof></parts><date>06-11-20 08:50:55:939</date><id>0</id><type>bounding_box</type><polygon><username>anonymous</username><pt><x>632</x><y>96</y><time>06-11-20 08:50:52:750</time></pt><pt><x>3123</x><y>96</y><time>06-11-20 08:50:53:931</time></pt><pt><x>3123</x><y>1953</y><time>undefined</time></pt><pt><x>632</x><y>1953</y><time>undefined</time></pt><closed_date>06-11-20 08:50:53:932</closed_date></polygon></object></annotation>