<annotation><filename>m1_s02_029_p_nic035.jpg</filename><folder>users/joselusava//valeria/sala2_029_nic</folder><source><submittedBy>Jose Saca</submittedBy></source><imagesize><nrows>3200</nrows><ncols>4800</ncols></imagesize><object><name>m1_s02_029_p_nic035</name><deleted>0</deleted><verified>0</verified><occluded>no</occluded><attributes></attributes><parts><hasparts></hasparts><ispartof></ispartof></parts><date>26-08-20 18:38:20:403</date><id>0</id><type>bounding_box</type><polygon><username>anonymous</username><pt><x>3447</x><y>677</y><time>26-08-20 18:38:15:166</time></pt><pt><x>4521</x><y>677</y><time>26-08-20 18:38:16:731</time></pt><pt><x>4521</x><y>1911</y><time>undefined</time></pt><pt><x>3447</x><y>1911</y><time>undefined</time></pt><closed_date>26-08-20 18:38:16:732</closed_date></polygon></object></annotation>