<annotation><filename>m2_s03_252_p_nic061.jpg</filename><folder>users/joselusava//valeria/m2_sala03_252_nic</folder><source><submittedBy>Jose Saca</submittedBy></source><imagesize><nrows>2910</nrows><ncols>4361</ncols></imagesize><object><name>m2_s06_252_p_nic061</name><deleted>0</deleted><verified>0</verified><occluded>no</occluded><attributes></attributes><parts><hasparts></hasparts><ispartof></ispartof></parts><date>26-09-20 22:00:17:559</date><id>0</id><type>bounding_box</type><polygon><username>anonymous</username><pt><x>226</x><y>948</y><time>26-09-20 22:00:13:023</time></pt><pt><x>1968</x><y>948</y><time>26-09-20 22:00:14:498</time></pt><pt><x>1968</x><y>2083</y><time>undefined</time></pt><pt><x>226</x><y>2083</y><time>undefined</time></pt><closed_date>26-09-20 22:00:14:499</closed_date></polygon></object></annotation>