<annotation><filename>m1_s01_004_p_ic034.jpg</filename><folder>users/joselusava//valeria_apoyo/sala001_004ic_ok</folder><source><submittedBy>Jose Saca</submittedBy></source><imagesize><nrows>2000</nrows><ncols>2992</ncols></imagesize><object><name>m1_s01_004_p_ic034</name><deleted>0</deleted><verified>0</verified><occluded>no</occluded><attributes></attributes><parts><hasparts></hasparts><ispartof></ispartof></parts><date>15-09-20 23:15:21:990</date><id>0</id><type>bounding_box</type><polygon><username>anonymous</username><pt><x>57</x><y>1686</y><time>15-09-20 23:15:16:117</time></pt><pt><x>2492</x><y>1686</y><time>15-09-20 23:15:18:613</time></pt><pt><x>2492</x><y>352</y><time>undefined</time></pt><pt><x>57</x><y>352</y><time>undefined</time></pt><closed_date>15-09-20 23:15:18:615</closed_date></polygon></object></annotation>