<annotation><filename>m2_s01_056_p_ic001.jpg</filename><folder>users/joselusava//m2_jsv/56/ic</folder><source><submittedBy>Jose Saca</submittedBy></source><imagesize><nrows>2850</nrows><ncols>4271</ncols></imagesize><object><name>m2_s01_056_p_ic001</name><deleted>0</deleted><verified>0</verified><occluded>no</occluded><attributes></attributes><parts><hasparts></hasparts><ispartof></ispartof></parts><date>28-09-20 21:24:49:734</date><id>0</id><type>bounding_box</type><polygon><username>anonymous</username><pt><x>2836</x><y>2675</y><time>28-09-20 21:24:47:630</time></pt><pt><x>1240</x><y>2675</y><time>28-09-20 21:24:48:957</time></pt><pt><x>1240</x><y>229</y><time>undefined</time></pt><pt><x>2836</x><y>229</y><time>undefined</time></pt><closed_date>28-09-20 21:24:48:957</closed_date></polygon></object></annotation>