<annotation><filename>img_m1_s10_303_p_nic004.jpg</filename><folder>users/joselusava//santiago</folder><source><submittedBy>Jose Saca</submittedBy></source><imagesize><nrows>3200</nrows><ncols>4800</ncols></imagesize><object><name>m1_s10_303_p_nic004</name><deleted>0</deleted><verified>0</verified><occluded>no</occluded><attributes></attributes><parts><hasparts></hasparts><ispartof></ispartof></parts><date>01-09-20 19:35:34:656</date><id>0</id><type>bounding_box</type><polygon><username>anonymous</username><pt><x>2894</x><y>1173</y><time>01-09-20 19:35:21:690</time></pt><pt><x>4499</x><y>1173</y><time>01-09-20 19:35:23:984</time></pt><pt><x>4499</x><y>1951</y><time>undefined</time></pt><pt><x>2894</x><y>1951</y><time>undefined</time></pt><closed_date>01-09-20 19:35:23:986</closed_date></polygon></object></annotation>