<annotation><filename>m2_s05_236_p_ic035.jpg</filename><folder>users/joselusava//museos2020</folder><source><submittedBy>Jose Saca</submittedBy></source><imagesize><nrows>2910</nrows><ncols>4361</ncols></imagesize><object><name>m2_s05_236_p_ic035</name><deleted>0</deleted><verified>0</verified><occluded>no</occluded><attributes></attributes><parts><hasparts></hasparts><ispartof></ispartof></parts><date>16-09-20 18:21:44:975</date><id>0</id><type>bounding_box</type><polygon><username>anonymous</username><pt><x>558</x><y>102</y><time>16-09-20 18:21:29:894</time></pt><pt><x>3784</x><y>102</y><time>16-09-20 18:21:33:395</time></pt><pt><x>3784</x><y>2798</y><time>undefined</time></pt><pt><x>558</x><y>2798</y><time>undefined</time></pt><closed_date>16-09-20 18:21:33:396</closed_date></polygon></object></annotation>