<annotation><filename>m4_s12_186_p_nic023.jpg</filename><folder>users/joselusava//m4_js/186/nic</folder><source><submittedBy>Jose Saca</submittedBy></source><imagesize><nrows>3899</nrows><ncols>5844</ncols></imagesize><object><name>m4_s12_186_p_nic023</name><deleted>0</deleted><verified>0</verified><occluded>no</occluded><attributes></attributes><parts><hasparts></hasparts><ispartof></ispartof></parts><date>18-10-20 11:27:08:698</date><id>0</id><type>bounding_box</type><polygon><username>anonymous</username><pt><x>4421</x><y>1015</y><time>18-10-20 11:27:06:690</time></pt><pt><x>1960</x><y>1015</y><time>18-10-20 11:27:08:016</time></pt><pt><x>1960</x><y>3873</y><time>undefined</time></pt><pt><x>4421</x><y>3873</y><time>undefined</time></pt><closed_date>18-10-20 11:27:08:016</closed_date></polygon></object></annotation>