<annotation><filename>m4_s07_105_p_ic004.jpg</filename><folder>users/joselusava//kath/m4_105</folder><source><submittedBy>Jose Saca</submittedBy></source><imagesize><nrows>2970</nrows><ncols>4451</ncols></imagesize><object><name>m4_s07_105_p_ic004</name><deleted>0</deleted><verified>0</verified><occluded>no</occluded><attributes></attributes><parts><hasparts></hasparts><ispartof></ispartof></parts><date>25-10-20 09:07:08:886</date><id>0</id><type>bounding_box</type><polygon><username>anonymous</username><pt><x>1776</x><y>366</y><time>25-10-20 09:07:01:125</time></pt><pt><x>2811</x><y>366</y><time>25-10-20 09:07:04:088</time></pt><pt><x>2811</x><y>2551</y><time>undefined</time></pt><pt><x>1776</x><y>2551</y><time>undefined</time></pt><closed_date>25-10-20 09:07:04:088</closed_date></polygon></object></annotation>