<annotation><filename>m1_s02_029_p_nic079.jpg</filename><folder>users/joselusava//valeria/sala2_029_nic</folder><source><submittedBy>Jose Saca</submittedBy></source><imagesize><nrows>3200</nrows><ncols>4800</ncols></imagesize><object><name>m1_s02_029_p_nic079</name><deleted>0</deleted><verified>0</verified><occluded>no</occluded><attributes></attributes><parts><hasparts></hasparts><ispartof></ispartof></parts><date>26-08-20 20:31:05:094</date><id>0</id><type>bounding_box</type><polygon><username>anonymous</username><pt><x>301</x><y>1713</y><time>26-08-20 20:30:59:548</time></pt><pt><x>1385</x><y>1713</y><time>26-08-20 20:31:02:145</time></pt><pt><x>1385</x><y>2878</y><time>undefined</time></pt><pt><x>301</x><y>2878</y><time>undefined</time></pt><closed_date>26-08-20 20:31:02:146</closed_date></polygon></object></annotation>