<annotation><filename>m2_s01_001_p_ic080.jpg</filename><folder>users/joselusava//santiago</folder><source><submittedBy>Jose Saca</submittedBy></source><imagesize><nrows>2850</nrows><ncols>4271</ncols></imagesize><object><name>m2_s01_001_p_ic080</name><deleted>0</deleted><verified>0</verified><occluded>no</occluded><attributes></attributes><parts><hasparts></hasparts><ispartof></ispartof></parts><date>19-09-20 10:28:36:265</date><id>0</id><type>bounding_box</type><polygon><username>anonymous</username><pt><x>984</x><y>513</y><time>19-09-20 10:28:25:160</time></pt><pt><x>3190</x><y>513</y><time>19-09-20 10:28:29:135</time></pt><pt><x>3190</x><y>2574</y><time>undefined</time></pt><pt><x>984</x><y>2574</y><time>undefined</time></pt><closed_date>19-09-20 10:28:29:137</closed_date></polygon></object></annotation>