<annotation><filename>m4_s12_185_p_ic072.jpg</filename><folder>users/joselusava//valeria/m04_s12_185_ic</folder><source><submittedBy>Jose Saca</submittedBy></source><imagesize><nrows>2910</nrows><ncols>4361</ncols></imagesize><object><name>m4_s12_185_p_ic072</name><deleted>0</deleted><verified>0</verified><occluded>no</occluded><attributes></attributes><parts><hasparts></hasparts><ispartof></ispartof></parts><date>17-10-20 18:29:40:596</date><id>0</id><type>bounding_box</type><polygon><username>anonymous</username><pt><x>1567</x><y>2390</y><time>17-10-20 18:29:31:345</time></pt><pt><x>2675</x><y>2390</y><time>17-10-20 18:29:34:041</time></pt><pt><x>2675</x><y>106</y><time>undefined</time></pt><pt><x>1567</x><y>106</y><time>undefined</time></pt><closed_date>17-10-20 18:29:34:042</closed_date></polygon></object></annotation>