<annotation><filename>m4_s09_138_p_ic003.jpg</filename><folder>users/joselusava//santiago_2</folder><source><submittedBy>Jose Saca</submittedBy></source><imagesize><nrows>2970</nrows><ncols>4451</ncols></imagesize><object><name>m4_s09_138_p_ic003</name><deleted>0</deleted><verified>0</verified><occluded>no</occluded><attributes></attributes><parts><hasparts></hasparts><ispartof></ispartof></parts><date>22-10-20 13:45:53:408</date><id>0</id><type>bounding_box</type><polygon><username>anonymous</username><pt><x>1439</x><y>610</y><time>22-10-20 13:45:49:998</time></pt><pt><x>3227</x><y>610</y><time>22-10-20 13:45:51:314</time></pt><pt><x>3227</x><y>2135</y><time>undefined</time></pt><pt><x>1439</x><y>2135</y><time>undefined</time></pt><closed_date>22-10-20 13:45:51:314</closed_date></polygon></object></annotation>