<annotation><filename>img_m1_s10_303_p_nic061.jpg</filename><folder>users/joselusava//santiago</folder><source><submittedBy>Jose Saca</submittedBy></source><imagesize><nrows>3200</nrows><ncols>4800</ncols></imagesize><object><name>m1_s10_303_p_nic061</name><deleted>0</deleted><verified>0</verified><occluded>no</occluded><attributes></attributes><parts><hasparts></hasparts><ispartof></ispartof></parts><date>01-09-20 22:12:04:535</date><id>0</id><type>bounding_box</type><polygon><username>anonymous</username><pt><x>299</x><y>1836</y><time>01-09-20 22:11:56:356</time></pt><pt><x>1217</x><y>1836</y><time>01-09-20 22:11:57:686</time></pt><pt><x>1217</x><y>2743</y><time>undefined</time></pt><pt><x>299</x><y>2743</y><time>undefined</time></pt><closed_date>01-09-20 22:11:57:688</closed_date></polygon></object></annotation>