<annotation><filename>m4_s09_138_p_nic016.jpg</filename><folder>users/joselusava//santiago_2</folder><source><submittedBy>Jose Saca</submittedBy></source><imagesize><nrows>2970</nrows><ncols>4451</ncols></imagesize><object><name>m4_s09_138_p_nic016</name><deleted>0</deleted><verified>0</verified><occluded>no</occluded><attributes></attributes><parts><hasparts></hasparts><ispartof></ispartof></parts><date>22-10-20 23:15:25:174</date><id>0</id><type>bounding_box</type><polygon><username>anonymous</username><pt><x>264</x><y>882</y><time>22-10-20 23:15:19:570</time></pt><pt><x>2656</x><y>882</y><time>22-10-20 23:15:20:812</time></pt><pt><x>2656</x><y>1921</y><time>undefined</time></pt><pt><x>264</x><y>1921</y><time>undefined</time></pt><closed_date>22-10-20 23:15:20:813</closed_date></polygon></object></annotation>