<annotation><filename>m2_s01_010_p_ic060.jpg</filename><folder>users/joselusava//santiago</folder><source><submittedBy>Jose Saca</submittedBy></source><imagesize><nrows>2850</nrows><ncols>4271</ncols></imagesize><object><name>m2_s01_010_p_ic060</name><deleted>0</deleted><verified>0</verified><occluded>no</occluded><attributes></attributes><parts><hasparts></hasparts><ispartof></ispartof></parts><date>21-09-20 23:04:23:791</date><id>0</id><type>bounding_box</type><polygon><username>anonymous</username><pt><x>1372</x><y>644</y><time>21-09-20 23:04:12:593</time></pt><pt><x>3129</x><y>644</y><time>21-09-20 23:04:16:820</time></pt><pt><x>3129</x><y>2481</y><time>undefined</time></pt><pt><x>1372</x><y>2481</y><time>undefined</time></pt><closed_date>21-09-20 23:04:16:821</closed_date></polygon></object></annotation>