<annotation><filename>m4_s09_138_p_nic050.jpg</filename><folder>users/joselusava//santiago_2</folder><source><submittedBy>Jose Saca</submittedBy></source><imagesize><nrows>2970</nrows><ncols>4451</ncols></imagesize><object><name>m4_s09_138_p_nic050</name><deleted>0</deleted><verified>0</verified><occluded>no</occluded><attributes></attributes><parts><hasparts></hasparts><ispartof></ispartof></parts><date>23-10-20 13:55:02:855</date><id>0</id><type>bounding_box</type><polygon><username>anonymous</username><pt><x>1849</x><y>739</y><time>23-10-20 13:54:59:160</time></pt><pt><x>4134</x><y>739</y><time>23-10-20 13:55:00:366</time></pt><pt><x>4134</x><y>1867</y><time>undefined</time></pt><pt><x>1849</x><y>1867</y><time>undefined</time></pt><closed_date>23-10-20 13:55:00:367</closed_date></polygon></object></annotation>