<annotation><filename>m4_s02_021_p_ic035.jpg</filename><folder>users/joselusava//santiago_2</folder><source><submittedBy>Jose Saca</submittedBy></source><imagesize><nrows>3000</nrows><ncols>4496</ncols></imagesize><object><name>m4_s02_021_p_ic035</name><deleted>0</deleted><verified>0</verified><occluded>no</occluded><attributes></attributes><parts><hasparts></hasparts><ispartof></ispartof></parts><date>03-10-20 17:59:49:698</date><id>0</id><type>bounding_box</type><polygon><username>anonymous</username><pt><x>1614</x><y>468</y><time>03-10-20 17:59:46:146</time></pt><pt><x>2864</x><y>468</y><time>03-10-20 17:59:47:538</time></pt><pt><x>2864</x><y>2454</y><time>undefined</time></pt><pt><x>1614</x><y>2454</y><time>undefined</time></pt><closed_date>03-10-20 17:59:47:539</closed_date></polygon></object></annotation>