<annotation><filename>m4_s11_178_p_nic032.jpg</filename><folder>users/joselusava//santiago_2</folder><source><submittedBy>Jose Saca</submittedBy></source><imagesize><nrows>2970</nrows><ncols>4451</ncols></imagesize><object><name>m4_s11_178_p_nic032</name><deleted>0</deleted><verified>0</verified><occluded>no</occluded><attributes></attributes><parts><hasparts></hasparts><ispartof></ispartof></parts><date>15-10-20 23:17:45:540</date><id>0</id><type>bounding_box</type><polygon><username>anonymous</username><pt><x>1239</x><y>1349</y><time>15-10-20 23:17:41:844</time></pt><pt><x>2452</x><y>1349</y><time>15-10-20 23:17:43:785</time></pt><pt><x>2452</x><y>2659</y><time>undefined</time></pt><pt><x>1239</x><y>2659</y><time>undefined</time></pt><closed_date>15-10-20 23:17:43:785</closed_date></polygon></object></annotation>