<annotation><filename>m2_s01_001_p_ic045.jpg</filename><folder>users/joselusava//santiago</folder><source><submittedBy>Jose Saca</submittedBy></source><imagesize><nrows>2850</nrows><ncols>4271</ncols></imagesize><object><name>m2_s01_001_p_ic045</name><deleted>0</deleted><verified>0</verified><occluded>no</occluded><attributes></attributes><parts><hasparts></hasparts><ispartof></ispartof></parts><date>19-09-20 08:39:33:053</date><id>0</id><type>bounding_box</type><polygon><username>anonymous</username><pt><x>1151</x><y>144</y><time>19-09-20 08:39:22:071</time></pt><pt><x>3158</x><y>144</y><time>19-09-20 08:39:24:697</time></pt><pt><x>3158</x><y>2786</y><time>undefined</time></pt><pt><x>1151</x><y>2786</y><time>undefined</time></pt><closed_date>19-09-20 08:39:24:699</closed_date></polygon></object></annotation>