<annotation><filename>m2_s01_034_p_nic067.jpg</filename><folder>users/joselusava//kath</folder><source><submittedBy>Jose Saca</submittedBy></source><imagesize><nrows>2850</nrows><ncols>4271</ncols></imagesize><object><name>m2_s01_034_p_nic067</name><deleted>0</deleted><verified>0</verified><occluded>no</occluded><attributes></attributes><parts><hasparts></hasparts><ispartof></ispartof></parts><date>25-09-20 20:34:53:981</date><id>0</id><polygon><username>anonymous</username><pt><x>129</x><y>723</y><time>25-09-20 20:34:44:473</time></pt><pt><x>1088</x><y>616</y><time>25-09-20 20:34:45:670</time></pt><pt><x>1382</x><y>2069</y><time>25-09-20 20:34:47:489</time></pt><pt><x>387</x><y>2227</y><time>25-09-20 20:34:49:392</time></pt><closed_date>25-09-20 20:34:50:791</closed_date></polygon></object></annotation>