<annotation><filename>m2_s01_010_p_nic056.jpg</filename><folder>users/joselusava//santiago</folder><source><submittedBy>Jose Saca</submittedBy></source><imagesize><nrows>2850</nrows><ncols>4271</ncols></imagesize><object><name>m2_s01_010_p_nic056</name><deleted>0</deleted><verified>0</verified><occluded>no</occluded><attributes></attributes><parts><hasparts></hasparts><ispartof></ispartof></parts><date>22-09-20 20:53:43:967</date><id>0</id><type>bounding_box</type><polygon><username>anonymous</username><pt><x>2494</x><y>1548</y><time>22-09-20 20:53:35:960</time></pt><pt><x>3443</x><y>1548</y><time>22-09-20 20:53:36:899</time></pt><pt><x>3443</x><y>2561</y><time>undefined</time></pt><pt><x>2494</x><y>2561</y><time>undefined</time></pt><closed_date>22-09-20 20:53:36:899</closed_date></polygon></object></annotation>