<annotation><filename>m1_s02_053_x.jpg</filename><folder>users/joselusava//valeria/sala2</folder><source><submittedBy>Jose Saca</submittedBy></source><imagesize><nrows>3200</nrows><ncols>4800</ncols></imagesize><object><name>m1_s02_053_x</name><deleted>0</deleted><verified>0</verified><occluded>no</occluded><attributes></attributes><parts><hasparts></hasparts><ispartof></ispartof></parts><date>28-08-20 18:56:47:293</date><id>0</id><type>bounding_box</type><polygon><username>anonymous</username><pt><x>4016</x><y>3066</y><time>28-08-20 18:56:21:475</time></pt><pt><x>848</x><y>3066</y><time>28-08-20 18:56:24:166</time></pt><pt><x>848</x><y>306</y><time>undefined</time></pt><pt><x>4016</x><y>306</y><time>undefined</time></pt><closed_date>28-08-20 18:56:24:168</closed_date></polygon></object></annotation>