<annotation><filename>img_m1_s03-04_108_p_nic082.jpg</filename><folder>users/joselusava//valeria/sala3y4_108_nic</folder><source><submittedBy>Jose Saca</submittedBy></source><imagesize><nrows>3200</nrows><ncols>4800</ncols></imagesize><object><name>m1_s03_s04_108_p_nic082</name><deleted>0</deleted><verified>0</verified><occluded>no</occluded><attributes></attributes><parts><hasparts></hasparts><ispartof></ispartof></parts><date>02-09-20 21:20:47:459</date><id>0</id><type>bounding_box</type><polygon><username>anonymous</username><pt><x>2588</x><y>1273</y><time>02-09-20 21:20:39:344</time></pt><pt><x>12</x><y>1273</y><time>02-09-20 21:20:44:032</time></pt><pt><x>12</x><y>473</y><time>undefined</time></pt><pt><x>2588</x><y>473</y><time>undefined</time></pt><closed_date>02-09-20 21:20:44:034</closed_date></polygon></object></annotation>