<annotation><filename>m2_s01_018_p_ic039.jpg</filename><folder>users/joselusava//santiago_2</folder><source><submittedBy>Jose Saca</submittedBy></source><imagesize><nrows>2850</nrows><ncols>4271</ncols></imagesize><object><name>m2_s01_018_p_ic039</name><deleted>0</deleted><verified>0</verified><occluded>no</occluded><attributes></attributes><parts><hasparts></hasparts><ispartof></ispartof></parts><date>28-09-20 16:25:03:940</date><id>0</id><type>bounding_box</type><polygon><username>anonymous</username><pt><x>1298</x><y>933</y><time>28-09-20 16:25:00:450</time></pt><pt><x>2677</x><y>933</y><time>28-09-20 16:25:02:003</time></pt><pt><x>2677</x><y>2526</y><time>undefined</time></pt><pt><x>1298</x><y>2526</y><time>undefined</time></pt><closed_date>28-09-20 16:25:02:004</closed_date></polygon></object></annotation>