<annotation><filename>m1_s10_276_x.jpg</filename><folder>users/joselusava//santiago</folder><source><submittedBy>Jose Saca</submittedBy></source><imagesize><nrows>3200</nrows><ncols>4800</ncols></imagesize><object><name>m1_s10_276_x</name><deleted>0</deleted><verified>0</verified><occluded>no</occluded><attributes></attributes><parts><hasparts></hasparts><ispartof></ispartof></parts><date>28-08-20 15:12:50:613</date><id>0</id><type>bounding_box</type><polygon><username>anonymous</username><pt><x>1137</x><y>306</y><time>28-08-20 15:12:41:519</time></pt><pt><x>3754</x><y>306</y><time>28-08-20 15:12:44:003</time></pt><pt><x>3754</x><y>2610</y><time>undefined</time></pt><pt><x>1137</x><y>2610</y><time>undefined</time></pt><closed_date>28-08-20 15:12:44:004</closed_date></polygon></object></annotation>