<annotation><filename>m4_s07_105_p_nic076.jpg</filename><folder>users/joselusava//kath/m4_105/nic</folder><source><submittedBy>Jose Saca</submittedBy></source><imagesize><nrows>2970</nrows><ncols>4451</ncols></imagesize><object><name>m4_s07_105_p_nic076</name><deleted>0</deleted><verified>0</verified><occluded>no</occluded><attributes></attributes><parts><hasparts></hasparts><ispartof></ispartof></parts><date>03-11-20 09:09:24:171</date><id>0</id><type>bounding_box</type><polygon><username>anonymous</username><pt><x>3335</x><y>1812</y><time>03-11-20 09:09:20:337</time></pt><pt><x>4176</x><y>1812</y><time>03-11-20 09:09:21:620</time></pt><pt><x>4176</x><y>308</y><time>undefined</time></pt><pt><x>3335</x><y>308</y><time>undefined</time></pt><closed_date>03-11-20 09:09:21:622</closed_date></polygon></object></annotation>