<annotation><filename>m2_s01_034_p_ic047.jpg</filename><folder>users/joselusava//kath</folder><source><submittedBy>Jose Saca</submittedBy></source><imagesize><nrows>2850</nrows><ncols>4271</ncols></imagesize><object><name>m2_s01_034_p_ic047</name><deleted>0</deleted><verified>0</verified><occluded>no</occluded><attributes></attributes><parts><hasparts></hasparts><ispartof></ispartof></parts><date>25-09-20 13:57:49:532</date><id>0</id><type>bounding_box</type><polygon><username>anonymous</username><pt><x>1418</x><y>265</y><time>25-09-20 13:57:40:614</time></pt><pt><x>2943</x><y>265</y><time>25-09-20 13:57:45:134</time></pt><pt><x>2943</x><y>2743</y><time>undefined</time></pt><pt><x>1418</x><y>2743</y><time>undefined</time></pt><closed_date>25-09-20 13:57:45:136</closed_date></polygon></object></annotation>