<annotation><filename>m2_s07_264_p_ic051.jpg</filename><folder>users/joselusava//valeria/sala7_264_ic</folder><source><submittedBy>Jose Saca</submittedBy></source><imagesize><nrows>2910</nrows><ncols>4361</ncols></imagesize><object><name>m2_s07_264_p_ic051</name><deleted>0</deleted><verified>0</verified><occluded>no</occluded><attributes></attributes><parts><hasparts></hasparts><ispartof></ispartof></parts><date>23-09-20 11:12:04:734</date><id>0</id><type>bounding_box</type><polygon><username>anonymous</username><pt><x>1284</x><y>364</y><time>23-09-20 11:11:58:386</time></pt><pt><x>2827</x><y>364</y><time>23-09-20 11:12:00:968</time></pt><pt><x>2827</x><y>2701</y><time>undefined</time></pt><pt><x>1284</x><y>2701</y><time>undefined</time></pt><closed_date>23-09-20 11:12:00:969</closed_date></polygon></object></annotation>