<annotation><filename>m4_s02_021_p_ic013.jpg</filename><folder>users/joselusava//santiago_2</folder><source><submittedBy>Jose Saca</submittedBy></source><imagesize><nrows>2910</nrows><ncols>4361</ncols></imagesize><object><name>m4_s02_021_p_ic013</name><deleted>0</deleted><verified>0</verified><occluded>no</occluded><attributes></attributes><parts><hasparts></hasparts><ispartof></ispartof></parts><date>03-10-20 17:43:19:096</date><id>0</id><type>bounding_box</type><polygon><username>anonymous</username><pt><x>1562</x><y>118</y><time>03-10-20 17:43:05:632</time></pt><pt><x>2976</x><y>118</y><time>03-10-20 17:43:07:470</time></pt><pt><x>2976</x><y>2726</y><time>undefined</time></pt><pt><x>1562</x><y>2726</y><time>undefined</time></pt><closed_date>03-10-20 17:43:07:470</closed_date></polygon></object></annotation>