<annotation><filename>m2_s05_236_p_ic051.jpg</filename><folder>users/joselusava//museos2020</folder><source><submittedBy>Jose Saca</submittedBy></source><imagesize><nrows>2910</nrows><ncols>4361</ncols></imagesize><object><name>m2_s05_236_p_ic051</name><deleted>0</deleted><verified>0</verified><occluded>no</occluded><attributes></attributes><parts><hasparts></hasparts><ispartof></ispartof></parts><date>16-09-20 18:44:02:542</date><id>0</id><type>bounding_box</type><polygon><username>anonymous</username><pt><x>242</x><y>186</y><time>16-09-20 18:43:54:709</time></pt><pt><x>3710</x><y>186</y><time>16-09-20 18:43:56:804</time></pt><pt><x>3710</x><y>2766</y><time>undefined</time></pt><pt><x>242</x><y>2766</y><time>undefined</time></pt><closed_date>16-09-20 18:43:56:805</closed_date></polygon></object></annotation>