<annotation><filename>m2_s01_024_p_nic056.jpg</filename><folder>users/joselusava//santiago</folder><source><submittedBy>Jose Saca</submittedBy></source><imagesize><nrows>2850</nrows><ncols>4271</ncols></imagesize><object><name>m2_s01_024_p_nic056</name><deleted>0</deleted><verified>0</verified><occluded>no</occluded><attributes></attributes><parts><hasparts></hasparts><ispartof></ispartof></parts><date>25-09-20 15:05:26:283</date><id>0</id><type>bounding_box</type><polygon><username>anonymous</username><pt><x>474</x><y>487</y><time>25-09-20 15:05:16:208</time></pt><pt><x>1302</x><y>487</y><time>25-09-20 15:05:18:196</time></pt><pt><x>1302</x><y>1706</y><time>undefined</time></pt><pt><x>474</x><y>1706</y><time>undefined</time></pt><closed_date>25-09-20 15:05:18:196</closed_date></polygon></object></annotation>