<annotation><filename>m2_s07_286_x.jpg</filename><folder>users/joselusava//museos2020</folder><source><submittedBy>Jose Saca</submittedBy></source><imagesize><nrows>2910</nrows><ncols>4361</ncols></imagesize><object><name>m2_s07_286_x</name><deleted>0</deleted><verified>0</verified><occluded>no</occluded><attributes></attributes><parts><hasparts></hasparts><ispartof></ispartof></parts><date>27-09-20 22:25:42:377</date><id>0</id><type>bounding_box</type><polygon><username>anonymous</username><pt><x>479</x><y>1190</y><time>27-09-20 22:25:34:330</time></pt><pt><x>4119</x><y>1190</y><time>27-09-20 22:25:35:704</time></pt><pt><x>4119</x><y>1841</y><time>undefined</time></pt><pt><x>479</x><y>1841</y><time>undefined</time></pt><closed_date>27-09-20 22:25:35:706</closed_date></polygon></object></annotation>