<annotation><filename>m2_s06_248_p_nic077.jpg</filename><folder>users/joselusava//museos2020</folder><source><submittedBy>Jose Saca</submittedBy></source><imagesize><nrows>2910</nrows><ncols>4361</ncols></imagesize><object><name>m2_s06_248_p_nic077</name><deleted>0</deleted><verified>0</verified><occluded>no</occluded><attributes></attributes><parts><hasparts></hasparts><ispartof></ispartof></parts><date>27-09-20 19:27:46:203</date><id>0</id><polygon><username>anonymous</username><pt><x>525</x><y>614</y><time>27-09-20 19:27:26:675</time></pt><pt><x>3942</x><y>572</y><time>27-09-20 19:27:27:801</time></pt><pt><x>3649</x><y>1288</y><time>27-09-20 19:27:28:823</time></pt><pt><x>349</x><y>897</y><time>27-09-20 19:27:30:207</time></pt><closed_date>27-09-20 19:27:33:702</closed_date></polygon></object></annotation>