<annotation><filename>m4_s10_154_p_nic067.jpg</filename><folder>users/joselusava//valeria/m04_s10_154_nic</folder><source><submittedBy>Jose Saca</submittedBy></source><imagesize><nrows>2970</nrows><ncols>4451</ncols></imagesize><object><name>m4_s10_154_p_nic067</name><deleted>0</deleted><verified>0</verified><occluded>no</occluded><attributes></attributes><parts><hasparts></hasparts><ispartof></ispartof></parts><date>14-10-20 13:25:58:629</date><id>0</id><type>bounding_box</type><polygon><username>anonymous</username><pt><x>1982</x><y>2719</y><time>14-10-20 13:25:54:625</time></pt><pt><x>1257</x><y>2719</y><time>14-10-20 13:25:55:826</time></pt><pt><x>1257</x><y>1228</y><time>undefined</time></pt><pt><x>1982</x><y>1228</y><time>undefined</time></pt><closed_date>14-10-20 13:25:55:827</closed_date></polygon></object></annotation>