<annotation><filename>m4_s04_047_p_ic005.jpg</filename><folder>users/joselusava//kath/kath_m4_047</folder><source><submittedBy>Jose Saca</submittedBy></source><imagesize><nrows>2970</nrows><ncols>4451</ncols></imagesize><object><name>m4_s04_047_p_ic005</name><deleted>0</deleted><verified>0</verified><occluded>no</occluded><attributes></attributes><parts><hasparts></hasparts><ispartof></ispartof></parts><date>24-10-20 13:32:26:011</date><id>0</id><polygon><username>anonymous</username><pt><x>1582</x><y>438</y><time>24-10-20 13:32:16:405</time></pt><pt><x>1789</x><y>2658</y><time>24-10-20 13:32:17:560</time></pt><pt><x>2762</x><y>2547</y><time>24-10-20 13:32:18:713</time></pt><pt><x>2695</x><y>379</y><time>24-10-20 13:32:19:822</time></pt><closed_date>24-10-20 13:32:21:103</closed_date></polygon></object></annotation>