<annotation><filename>m4_s07_102_x.jpg</filename><folder>users/joselusava//kath/m4_x</folder><source><submittedBy>Jose Saca</submittedBy></source><imagesize><nrows>2970</nrows><ncols>4451</ncols></imagesize><object><name>m4_s07_102_x</name><deleted>0</deleted><verified>0</verified><occluded>no</occluded><attributes></attributes><parts><hasparts></hasparts><ispartof></ispartof></parts><date>21-10-20 11:07:39:985</date><id>0</id><polygon><username>anonymous</username><pt><x>784</x><y>216</y><time>21-10-20 11:07:30:741</time></pt><pt><x>758</x><y>2847</y><time>21-10-20 11:07:31:623</time></pt><pt><x>3829</x><y>2736</y><time>21-10-20 11:07:33:057</time></pt><pt><x>3560</x><y>212</y><time>21-10-20 11:07:34:378</time></pt><closed_date>21-10-20 11:07:35:680</closed_date></polygon></object></annotation>