<annotation><filename>m4_s03_025_p_nic093.jpg</filename><folder>users/joselusava//santiago_3</folder><source><submittedBy>Jose Saca</submittedBy></source><imagesize><nrows>2910</nrows><ncols>4361</ncols></imagesize><object><name>m4_s03_025_p_nic093</name><deleted>0</deleted><verified>0</verified><occluded>no</occluded><attributes></attributes><parts><hasparts></hasparts><ispartof></ispartof></parts><date>08-11-20 14:30:22:821</date><id>0</id><type>bounding_box</type><polygon><username>anonymous</username><pt><x>1647</x><y>769</y><time>08-11-20 14:30:19:233</time></pt><pt><x>4043</x><y>769</y><time>08-11-20 14:30:20:597</time></pt><pt><x>4043</x><y>2053</y><time>undefined</time></pt><pt><x>1647</x><y>2053</y><time>undefined</time></pt><closed_date>08-11-20 14:30:20:597</closed_date></polygon></object></annotation>