<annotation><filename>m1_s01_017_p_nic006.jpg</filename><folder>users/joselusava//santiago</folder><source><submittedBy>Jose Saca</submittedBy></source><imagesize><nrows>3200</nrows><ncols>4800</ncols></imagesize><object><name>m1_s01_017_p_nic006</name><deleted>0</deleted><verified>0</verified><occluded>no</occluded><attributes></attributes><parts><hasparts></hasparts><ispartof></ispartof></parts><date>11-09-20 18:21:24:240</date><id>0</id><type>bounding_box</type><polygon><username>anonymous</username><pt><x>2526</x><y>545</y><time>11-09-20 18:21:16:839</time></pt><pt><x>3090</x><y>545</y><time>11-09-20 18:21:18:158</time></pt><pt><x>3090</x><y>884</y><time>undefined</time></pt><pt><x>2526</x><y>884</y><time>undefined</time></pt><closed_date>11-09-20 18:21:18:159</closed_date></polygon></object></annotation>