<annotation><filename>m2_s07_264_p_nic053.jpg</filename><folder>users/joselusava//valeria/sala7_264_nic</folder><source><submittedBy>Jose Saca</submittedBy></source><imagesize><nrows>2910</nrows><ncols>4361</ncols></imagesize><object><name>m2_s07_264_p_nic053</name><deleted>0</deleted><verified>0</verified><occluded>no</occluded><attributes></attributes><parts><hasparts></hasparts><ispartof></ispartof></parts><date>23-09-20 20:46:58:971</date><id>0</id><type>bounding_box</type><polygon><username>anonymous</username><pt><x>1472</x><y>1951</y><time>23-09-20 20:46:49:602</time></pt><pt><x>2673</x><y>1951</y><time>23-09-20 20:46:52:072</time></pt><pt><x>2673</x><y>276</y><time>undefined</time></pt><pt><x>1472</x><y>276</y><time>undefined</time></pt><closed_date>23-09-20 20:46:52:074</closed_date></polygon></object></annotation>