<annotation><filename>m4_s10_154_p_nic039.jpg</filename><folder>users/joselusava//valeria/m04_s10_154_nic</folder><source><submittedBy>Jose Saca</submittedBy></source><imagesize><nrows>2970</nrows><ncols>4451</ncols></imagesize><object><name>m4_s10_154_p_nic039</name><deleted>0</deleted><verified>0</verified><occluded>no</occluded><attributes></attributes><parts><hasparts></hasparts><ispartof></ispartof></parts><date>14-10-20 12:58:08:068</date><id>0</id><type>bounding_box</type><polygon><username>anonymous</username><pt><x>2433</x><y>137</y><time>14-10-20 12:58:02:739</time></pt><pt><x>3473</x><y>137</y><time>14-10-20 12:58:04:327</time></pt><pt><x>3473</x><y>2062</y><time>undefined</time></pt><pt><x>2433</x><y>2062</y><time>undefined</time></pt><closed_date>14-10-20 12:58:04:328</closed_date></polygon></object></annotation>