<annotation><filename>m4_s06_089_p_nic071.jpg</filename><folder>users/joselusava//santiago_2</folder><source><submittedBy>Jose Saca</submittedBy></source><imagesize><nrows>2970</nrows><ncols>4451</ncols></imagesize><object><name>m4_s06_089_p_nic071</name><deleted>0</deleted><verified>0</verified><occluded>no</occluded><attributes></attributes><parts><hasparts></hasparts><ispartof></ispartof></parts><date>12-10-20 22:00:46:907</date><id>0</id><type>bounding_box</type><polygon><username>anonymous</username><pt><x>682</x><y>214</y><time>12-10-20 22:00:42:813</time></pt><pt><x>1571</x><y>214</y><time>12-10-20 22:00:43:888</time></pt><pt><x>1571</x><y>1896</y><time>undefined</time></pt><pt><x>682</x><y>1896</y><time>undefined</time></pt><closed_date>12-10-20 22:00:43:889</closed_date></polygon></object></annotation>