<annotation><filename>m2_s01_032_p_ic072.jpg</filename><folder>users/joselusava//santiago_2</folder><source><submittedBy>Jose Saca</submittedBy></source><imagesize><nrows>2850</nrows><ncols>4271</ncols></imagesize><object><name>m2_s01_032_p_ic072</name><deleted>0</deleted><verified>0</verified><occluded>no</occluded><attributes></attributes><parts><hasparts></hasparts><ispartof></ispartof></parts><date>30-09-20 16:53:24:398</date><id>0</id><type>bounding_box</type><polygon><username>anonymous</username><pt><x>1253</x><y>154</y><time>30-09-20 16:53:20:536</time></pt><pt><x>2981</x><y>154</y><time>30-09-20 16:53:22:421</time></pt><pt><x>2981</x><y>2648</y><time>undefined</time></pt><pt><x>1253</x><y>2648</y><time>undefined</time></pt><closed_date>30-09-20 16:53:22:422</closed_date></polygon></object></annotation>