<annotation><filename>m2_s01_050_x.jpg</filename><folder>users/joselusava//juancarlos</folder><source><submittedBy>Jose Saca</submittedBy></source><imagesize><nrows>2850</nrows><ncols>4271</ncols></imagesize><object><name>m2_s01_050_x</name><deleted>0</deleted><verified>0</verified><occluded>no</occluded><attributes></attributes><parts><hasparts></hasparts><ispartof></ispartof></parts><date>28-09-20 11:09:39:719</date><id>0</id><type>bounding_box</type><polygon><username>anonymous</username><pt><x>1115</x><y>423</y><time>28-09-20 11:09:31:215</time></pt><pt><x>3201</x><y>423</y><time>28-09-20 11:09:34:413</time></pt><pt><x>3201</x><y>2518</y><time>undefined</time></pt><pt><x>1115</x><y>2518</y><time>undefined</time></pt><closed_date>28-09-20 11:09:34:415</closed_date></polygon></object></annotation>