<annotation><filename>m2_s02_085_p_nic030.jpg</filename><folder>users/joselusava//m2_jsv/85/nic</folder><source><submittedBy>Jose Saca</submittedBy></source><imagesize><nrows>2910</nrows><ncols>4361</ncols></imagesize><object><name>m2_s02_085_p_nic030</name><deleted>0</deleted><verified>0</verified><occluded>no</occluded><attributes></attributes><parts><hasparts></hasparts><ispartof></ispartof></parts><date>19-09-20 22:35:20:295</date><id>0</id><type>bounding_box</type><polygon><username>anonymous</username><pt><x>3108</x><y>1663</y><time>19-09-20 22:35:17:555</time></pt><pt><x>4196</x><y>1663</y><time>19-09-20 22:35:19:611</time></pt><pt><x>4196</x><y>2812</y><time>undefined</time></pt><pt><x>3108</x><y>2812</y><time>undefined</time></pt><closed_date>19-09-20 22:35:19:611</closed_date></polygon></object></annotation>