<annotation><filename>m3_s01_002_p_ic015.jpg</filename><folder>users/joselusava//santiago_3</folder><source><submittedBy>Jose Saca</submittedBy></source><imagesize><nrows>2970</nrows><ncols>4451</ncols></imagesize><object><name>m3_s01_002_p_ic015</name><deleted>0</deleted><verified>0</verified><occluded>no</occluded><attributes></attributes><parts><hasparts></hasparts><ispartof></ispartof></parts><date>28-10-20 17:26:49:372</date><id>0</id><type>bounding_box</type><polygon><username>anonymous</username><pt><x>243</x><y>239</y><time>28-10-20 17:26:45:260</time></pt><pt><x>3966</x><y>239</y><time>28-10-20 17:26:47:317</time></pt><pt><x>3966</x><y>2556</y><time>undefined</time></pt><pt><x>243</x><y>2556</y><time>undefined</time></pt><closed_date>28-10-20 17:26:47:318</closed_date></polygon></object></annotation>