<annotation><filename>m4_s10_169_x.jpg</filename><folder>users/joselusava//kath/m4_x</folder><source><submittedBy>Jose Saca</submittedBy></source><imagesize><nrows>2970</nrows><ncols>4451</ncols></imagesize><object><name>m4_s10_169_x</name><deleted>0</deleted><verified>0</verified><occluded>no</occluded><attributes></attributes><parts><hasparts></hasparts><ispartof></ispartof></parts><date>21-10-20 12:20:46:466</date><id>0</id><polygon><username>anonymous</username><pt><x>687</x><y>226</y><time>21-10-20 12:20:33:770</time></pt><pt><x>562</x><y>2586</y><time>21-10-20 12:20:35:434</time></pt><pt><x>3782</x><y>2581</y><time>21-10-20 12:20:36:620</time></pt><pt><x>3523</x><y>985</y><time>21-10-20 12:20:42:293</time></pt><closed_date>21-10-20 12:20:43:818</closed_date></polygon></object></annotation>