<annotation><filename>m4_s04_037_p_ic067.jpg</filename><folder>users/joselusava//santiago_2</folder><source><submittedBy>Jose Saca</submittedBy></source><imagesize><nrows>2970</nrows><ncols>4451</ncols></imagesize><object><name>m4_s04_037_p_ic067</name><deleted>0</deleted><verified>0</verified><occluded>no</occluded><attributes></attributes><parts><hasparts></hasparts><ispartof></ispartof></parts><date>18-10-20 21:38:38:529</date><id>0</id><type>bounding_box</type><polygon><username>anonymous</username><pt><x>1531</x><y>268</y><time>18-10-20 21:38:33:691</time></pt><pt><x>3452</x><y>268</y><time>18-10-20 21:38:35:335</time></pt><pt><x>3452</x><y>2609</y><time>undefined</time></pt><pt><x>1531</x><y>2609</y><time>undefined</time></pt><closed_date>18-10-20 21:38:35:337</closed_date></polygon></object></annotation>