<annotation><filename>m2_s02_129_p_ic065.jpg</filename><folder>users/joselusava//m2_jsv/129/ic</folder><source><submittedBy>Jose Saca</submittedBy></source><imagesize><nrows>2910</nrows><ncols>4361</ncols></imagesize><object><name>m2_s02_129_p_ic065</name><deleted>0</deleted><verified>0</verified><occluded>no</occluded><attributes></attributes><parts><hasparts></hasparts><ispartof></ispartof></parts><date>24-09-20 19:27:24:037</date><id>0</id><type>bounding_box</type><polygon><username>anonymous</username><pt><x>3055</x><y>2446</y><time>24-09-20 19:27:21:264</time></pt><pt><x>1410</x><y>2446</y><time>24-09-20 19:27:22:731</time></pt><pt><x>1410</x><y>757</y><time>undefined</time></pt><pt><x>3055</x><y>757</y><time>undefined</time></pt><closed_date>24-09-20 19:27:22:732</closed_date></polygon></object></annotation>