<annotation><filename>img_m1_s10_303_p_nic026.jpg</filename><folder>users/joselusava//santiago</folder><source><submittedBy>Jose Saca</submittedBy></source><imagesize><nrows>3200</nrows><ncols>4800</ncols></imagesize><object><name>m1_s10_303_p_nic026</name><deleted>0</deleted><verified>0</verified><occluded>no</occluded><attributes></attributes><parts><hasparts></hasparts><ispartof></ispartof></parts><date>01-09-20 20:14:44:672</date><id>0</id><type>bounding_box</type><polygon><username>anonymous</username><pt><x>3150</x><y>1508</y><time>01-09-20 20:14:34:416</time></pt><pt><x>4514</x><y>1508</y><time>01-09-20 20:14:36:382</time></pt><pt><x>4514</x><y>2448</y><time>undefined</time></pt><pt><x>3150</x><y>2448</y><time>undefined</time></pt><closed_date>01-09-20 20:14:36:383</closed_date></polygon></object></annotation>