<annotation><filename>m1_s02_052_p_ic001.jpg</filename><folder>users/joselusava//valeria/sala2_052_ic</folder><source><submittedBy>Jose Saca</submittedBy></source><imagesize><nrows>3200</nrows><ncols>4800</ncols></imagesize><object><name>m1_s02_052_p_ic001</name><deleted>0</deleted><verified>0</verified><occluded>no</occluded><attributes></attributes><parts><hasparts></hasparts><ispartof></ispartof></parts><date>24-08-20 00:55:27:226</date><id>0</id><type>bounding_box</type><polygon><username>anonymous</username><pt><x>1509</x><y>177</y><time>24-08-20 00:55:20:316</time></pt><pt><x>3028</x><y>177</y><time>24-08-20 00:55:23:500</time></pt><pt><x>3028</x><y>2846</y><time>undefined</time></pt><pt><x>1509</x><y>2846</y><time>undefined</time></pt><closed_date>24-08-20 00:55:23:501</closed_date></polygon></object></annotation>