<annotation><filename>m4_s12_185_p.jpg</filename><folder>users/joselusava//valeria/m04_s12_185_ic</folder><source><submittedBy>Jose Saca</submittedBy></source><imagesize><nrows>2910</nrows><ncols>4361</ncols></imagesize><object><name>m4_s12_185_p</name><deleted>0</deleted><verified>0</verified><occluded>no</occluded><attributes></attributes><parts><hasparts></hasparts><ispartof></ispartof></parts><date>17-10-20 14:23:56:702</date><id>0</id><type>bounding_box</type><polygon><username>anonymous</username><pt><x>644</x><y>2608</y><time>17-10-20 14:21:18:824</time></pt><pt><x>3929</x><y>2608</y><time>17-10-20 14:21:21:323</time></pt><pt><x>3929</x><y>201</y><time>undefined</time></pt><pt><x>644</x><y>201</y><time>undefined</time></pt><closed_date>17-10-20 14:21:21:325</closed_date></polygon></object></annotation>