<annotation><filename>img_m1_s10_303_p_nic008.jpg</filename><folder>users/joselusava//santiago</folder><source><submittedBy>Jose Saca</submittedBy></source><imagesize><nrows>3200</nrows><ncols>4800</ncols></imagesize><object><name>m1_s10_303_p_nic008</name><deleted>0</deleted><verified>0</verified><occluded>no</occluded><attributes></attributes><parts><hasparts></hasparts><ispartof></ispartof></parts><date>01-09-20 19:43:59:381</date><id>0</id><type>bounding_box</type><polygon><username>anonymous</username><pt><x>1976</x><y>403</y><time>01-09-20 19:43:47:662</time></pt><pt><x>3553</x><y>403</y><time>01-09-20 19:43:49:522</time></pt><pt><x>3553</x><y>1181</y><time>undefined</time></pt><pt><x>1976</x><y>1181</y><time>undefined</time></pt><closed_date>01-09-20 19:43:49:524</closed_date></polygon></object></annotation>