<annotation><filename>m4_s09_138_p_nic033.jpg</filename><folder>users/joselusava//santiago_2</folder><source><submittedBy>Jose Saca</submittedBy></source><imagesize><nrows>2970</nrows><ncols>4451</ncols></imagesize><object><name>m4_s09_138_p_nic033</name><deleted>0</deleted><verified>0</verified><occluded>no</occluded><attributes></attributes><parts><hasparts></hasparts><ispartof></ispartof></parts><date>23-10-20 13:44:16:010</date><id>0</id><type>bounding_box</type><polygon><username>anonymous</username><pt><x>1663</x><y>932</y><time>23-10-20 13:44:12:949</time></pt><pt><x>4326</x><y>932</y><time>23-10-20 13:44:14:244</time></pt><pt><x>4326</x><y>1967</y><time>undefined</time></pt><pt><x>1663</x><y>1967</y><time>undefined</time></pt><closed_date>23-10-20 13:44:14:245</closed_date></polygon></object></annotation>