<annotation><filename>img_m1_s03-04_108_p_nic052.jpg</filename><folder>users/joselusava//valeria/sala3y4_108_nic</folder><source><submittedBy>Jose Saca</submittedBy></source><imagesize><nrows>3200</nrows><ncols>4800</ncols></imagesize><object><name>m1_s03_s04_108_p_nic052</name><deleted>0</deleted><verified>0</verified><occluded>no</occluded><attributes></attributes><parts><hasparts></hasparts><ispartof></ispartof></parts><date>02-09-20 18:21:22:444</date><id>0</id><type>bounding_box</type><polygon><username>anonymous</username><pt><x>4794</x><y>1861</y><time>02-09-20 18:21:13:936</time></pt><pt><x>988</x><y>1861</y><time>02-09-20 18:21:17:946</time></pt><pt><x>988</x><y>570</y><time>undefined</time></pt><pt><x>4794</x><y>570</y><time>undefined</time></pt><closed_date>02-09-20 18:21:17:946</closed_date></polygon></object></annotation>