<annotation><filename>m2_s06_250_p_nic066.jpg</filename><folder>users/joselusava//m2_jsv/250</folder><source><submittedBy>Jose Saca</submittedBy></source><imagesize><nrows>2910</nrows><ncols>4361</ncols></imagesize><object><name>m2_s06_250_p_nic066</name><deleted>0</deleted><verified>0</verified><occluded>no</occluded><attributes></attributes><parts><hasparts></hasparts><ispartof></ispartof></parts><date>30-09-20 11:50:39:671</date><id>0</id><type>bounding_box</type><polygon><username>anonymous</username><pt><x>2516</x><y>2672</y><time>30-09-20 11:50:37:840</time></pt><pt><x>17</x><y>2672</y><time>30-09-20 11:50:39:054</time></pt><pt><x>17</x><y>1349</y><time>undefined</time></pt><pt><x>2516</x><y>1349</y><time>undefined</time></pt><closed_date>30-09-20 11:50:39:054</closed_date></polygon></object></annotation>