<annotation><filename>m2_s06_250_p_ic099.jpg</filename><folder>users/joselusava//valeria/m2_sala06_250_ic</folder><source><submittedBy>Jose Saca</submittedBy></source><imagesize><nrows>2910</nrows><ncols>4361</ncols></imagesize><object><name>m2_s06_250_p_ic100</name><deleted>0</deleted><verified>0</verified><occluded>no</occluded><attributes></attributes><parts><hasparts></hasparts><ispartof></ispartof></parts><date>01-10-20 15:33:52:550</date><id>0</id><type>bounding_box</type><polygon><username>anonymous</username><pt><x>3891</x><y>2166</y><time>01-10-20 15:33:36:980</time></pt><pt><x>518</x><y>2166</y><time>01-10-20 15:33:39:923</time></pt><pt><x>518</x><y>1108</y><time>undefined</time></pt><pt><x>3891</x><y>1108</y><time>undefined</time></pt><closed_date>01-10-20 15:33:39:924</closed_date></polygon></object></annotation>