<annotation><filename>m2_s02_129_p_nic076.jpg</filename><folder>users/joselusava//m2_jsv/129/nic</folder><source><submittedBy>Jose Saca</submittedBy></source><imagesize><nrows>2910</nrows><ncols>4361</ncols></imagesize><object><name>m2_s02_129_p_nic076</name><deleted>0</deleted><verified>0</verified><occluded>no</occluded><attributes></attributes><parts><hasparts></hasparts><ispartof></ispartof></parts><date>25-09-20 08:21:47:349</date><id>0</id><type>bounding_box</type><polygon><username>anonymous</username><pt><x>3665</x><y>2794</y><time>25-09-20 08:21:45:674</time></pt><pt><x>2455</x><y>2794</y><time>25-09-20 08:21:46:792</time></pt><pt><x>2455</x><y>1645</y><time>undefined</time></pt><pt><x>3665</x><y>1645</y><time>undefined</time></pt><closed_date>25-09-20 08:21:46:794</closed_date></polygon></object></annotation>