<annotation><filename>m2_s01_056_p_ic092.jpg</filename><folder>users/joselusava//m2_jsv/56/ic</folder><source><submittedBy>Jose Saca</submittedBy></source><imagesize><nrows>2850</nrows><ncols>4271</ncols></imagesize><object><name>m2_s01_056_p_ic092</name><deleted>0</deleted><verified>0</verified><occluded>no</occluded><attributes></attributes><parts><hasparts></hasparts><ispartof></ispartof></parts><date>28-09-20 21:56:40:619</date><id>0</id><type>bounding_box</type><polygon><username>anonymous</username><pt><x>2709</x><y>2233</y><time>28-09-20 21:56:38:228</time></pt><pt><x>1469</x><y>2233</y><time>28-09-20 21:56:39:969</time></pt><pt><x>1469</x><y>637</y><time>undefined</time></pt><pt><x>2709</x><y>637</y><time>undefined</time></pt><closed_date>28-09-20 21:56:39:969</closed_date></polygon></object></annotation>