<annotation><filename>m4_s04_037_p_ic049.jpg</filename><folder>users/joselusava//santiago_2</folder><source><submittedBy>Jose Saca</submittedBy></source><imagesize><nrows>2970</nrows><ncols>4451</ncols></imagesize><object><name>m4_s04_037_p_ic049</name><deleted>0</deleted><verified>0</verified><occluded>no</occluded><attributes></attributes><parts><hasparts></hasparts><ispartof></ispartof></parts><date>18-10-20 17:31:49:781</date><id>0</id><type>bounding_box</type><polygon><username>anonymous</username><pt><x>1514</x><y>339</y><time>18-10-20 17:31:46:091</time></pt><pt><x>2859</x><y>339</y><time>18-10-20 17:31:47:190</time></pt><pt><x>2859</x><y>2420</y><time>undefined</time></pt><pt><x>1514</x><y>2420</y><time>undefined</time></pt><closed_date>18-10-20 17:31:47:191</closed_date></polygon></object></annotation>