<annotation><filename>m2_s01_054_p_ic049.jpg</filename><folder>users/joselusava//kath</folder><source><submittedBy>Jose Saca</submittedBy></source><imagesize><nrows>2850</nrows><ncols>4271</ncols></imagesize><object><name>m2_s01_054_p_ic049</name><deleted>0</deleted><verified>0</verified><occluded>no</occluded><attributes></attributes><parts><hasparts></hasparts><ispartof></ispartof></parts><date>29-09-20 23:27:29:256</date><id>0</id><type>bounding_box</type><polygon><username>anonymous</username><pt><x>1095</x><y>246</y><time>29-09-20 23:27:23:938</time></pt><pt><x>2871</x><y>246</y><time>29-09-20 23:27:26:305</time></pt><pt><x>2871</x><y>2625</y><time>undefined</time></pt><pt><x>1095</x><y>2625</y><time>undefined</time></pt><closed_date>29-09-20 23:27:26:305</closed_date></polygon></object></annotation>