<annotation><filename>m2_s01_001_p_nic004.jpg</filename><folder>users/joselusava//santiago</folder><source><submittedBy>Jose Saca</submittedBy></source><imagesize><nrows>2850</nrows><ncols>4271</ncols></imagesize><object><name>m2_s01_001_p_nic004</name><deleted>0</deleted><verified>0</verified><occluded>no</occluded><attributes></attributes><parts><hasparts></hasparts><ispartof></ispartof></parts><date>19-09-20 21:44:44:767</date><id>0</id><type>bounding_box</type><polygon><username>anonymous</username><pt><x>2071</x><y>462</y><time>19-09-20 21:44:34:388</time></pt><pt><x>3671</x><y>462</y><time>19-09-20 21:44:36:847</time></pt><pt><x>3671</x><y>2023</y><time>undefined</time></pt><pt><x>2071</x><y>2023</y><time>undefined</time></pt><closed_date>19-09-20 21:44:36:849</closed_date></polygon></object></annotation>