<annotation><filename>m2_s06_244_p_ic089.jpg</filename><folder>users/joselusava//museos2020</folder><source><submittedBy>Jose Saca</submittedBy></source><imagesize><nrows>2910</nrows><ncols>4361</ncols></imagesize><object><name>m2_s06_244_p_ic089</name><deleted>0</deleted><verified>0</verified><occluded>no</occluded><attributes></attributes><parts><hasparts></hasparts><ispartof></ispartof></parts><date>23-09-20 09:23:13:998</date><id>0</id><type>bounding_box</type><polygon><username>anonymous</username><pt><x>530</x><y>781</y><time>23-09-20 09:23:03:228</time></pt><pt><x>3469</x><y>781</y><time>23-09-20 09:23:05:625</time></pt><pt><x>3469</x><y>2573</y><time>undefined</time></pt><pt><x>530</x><y>2573</y><time>undefined</time></pt><closed_date>23-09-20 09:23:05:627</closed_date></polygon></object></annotation>