<annotation><filename>m2_s01_054_p_nic088.jpg</filename><folder>users/joselusava//kath_54</folder><source><submittedBy>Jose Saca</submittedBy></source><imagesize><nrows>2850</nrows><ncols>4271</ncols></imagesize><object><name>m2_s01_054_p_nic088</name><deleted>0</deleted><verified>0</verified><occluded>no</occluded><attributes></attributes><parts><hasparts></hasparts><ispartof></ispartof></parts><date>02-10-20 11:44:57:856</date><id>0</id><type>bounding_box</type><polygon><username>anonymous</username><pt><x>758</x><y>562</y><time>02-10-20 11:44:37:081</time></pt><pt><x>1593</x><y>562</y><time>02-10-20 11:44:39:634</time></pt><pt><x>1593</x><y>1860</y><time>undefined</time></pt><pt><x>758</x><y>1860</y><time>undefined</time></pt><closed_date>02-10-20 11:44:39:635</closed_date></polygon></object></annotation>