<annotation><filename>m4_s10_157_p_ic016.jpg</filename><folder>users/joselusava//valeria/m04_s10_157_ic</folder><source><submittedBy>Jose Saca</submittedBy></source><imagesize><nrows>2970</nrows><ncols>4451</ncols></imagesize><object><name>m4_s10_157_p_ic016</name><deleted>0</deleted><verified>0</verified><occluded>no</occluded><attributes></attributes><parts><hasparts></hasparts><ispartof></ispartof></parts><date>12-10-20 15:52:57:193</date><id>0</id><type>bounding_box</type><polygon><username>anonymous</username><pt><x>1091</x><y>2846</y><time>12-10-20 15:52:50:391</time></pt><pt><x>3229</x><y>2846</y><time>12-10-20 15:52:53:601</time></pt><pt><x>3229</x><y>281</y><time>undefined</time></pt><pt><x>1091</x><y>281</y><time>undefined</time></pt><closed_date>12-10-20 15:52:53:602</closed_date></polygon></object></annotation>