<annotation><filename>m4_s10_164_p_ic091.jpg</filename><folder>users/joselusava//santiago_2</folder><source><submittedBy>Jose Saca</submittedBy></source><imagesize><nrows>2970</nrows><ncols>4451</ncols></imagesize><object><name>m4_s10_164_p_ic091</name><deleted>0</deleted><verified>0</verified><occluded>no</occluded><attributes></attributes><parts><hasparts></hasparts><ispartof></ispartof></parts><date>13-10-20 23:13:25:283</date><id>0</id><type>bounding_box</type><polygon><username>anonymous</username><pt><x>1988</x><y>1067</y><time>13-10-20 23:13:22:101</time></pt><pt><x>2377</x><y>1067</y><time>13-10-20 23:13:23:110</time></pt><pt><x>2377</x><y>1731</y><time>undefined</time></pt><pt><x>1988</x><y>1731</y><time>undefined</time></pt><closed_date>13-10-20 23:13:23:111</closed_date></polygon></object></annotation>