<annotation><filename>m1_s01_001_p_ic001.jpg</filename><folder>users/joselusava//juancarlos</folder><source><submittedBy>Jose Saca</submittedBy></source><imagesize><nrows>2000</nrows><ncols>2992</ncols></imagesize><object><name>m1_s01_001_p_ic001</name><deleted>0</deleted><verified>0</verified><occluded>no</occluded><attributes></attributes><parts><hasparts></hasparts><ispartof></ispartof></parts><date>24-08-20 10:23:40:297</date><id>0</id><type>bounding_box</type><polygon><username>anonymous</username><pt><x>769</x><y>837</y><time>24-08-20 10:23:02:017</time></pt><pt><x>1943</x><y>837</y><time>24-08-20 10:23:12:077</time></pt><pt><x>1943</x><y>1534</y><time>undefined</time></pt><pt><x>769</x><y>1534</y><time>undefined</time></pt><closed_date>24-08-20 10:23:12:078</closed_date></polygon></object></annotation>