<annotation><filename>m4_s05_052_p_nic080.jpg</filename><folder>users/joselusava//santiago_2</folder><source><submittedBy>Jose Saca</submittedBy></source><imagesize><nrows>2910</nrows><ncols>4361</ncols></imagesize><object><name>m4_s05_052_p_nic080</name><deleted>0</deleted><verified>0</verified><occluded>no</occluded><attributes></attributes><parts><hasparts></hasparts><ispartof></ispartof></parts><date>08-10-20 22:19:56:344</date><id>0</id><type>bounding_box</type><polygon><username>anonymous</username><pt><x>2910</x><y>662</y><time>08-10-20 22:19:52:899</time></pt><pt><x>4046</x><y>662</y><time>08-10-20 22:19:54:052</time></pt><pt><x>4046</x><y>2047</y><time>undefined</time></pt><pt><x>2910</x><y>2047</y><time>undefined</time></pt><closed_date>08-10-20 22:19:54:052</closed_date></polygon></object></annotation>