<annotation><filename>m4_s05_060_p_nic010.jpg</filename><folder>users/joselusava//m4_js/60/nic</folder><source><submittedBy>Jose Saca</submittedBy></source><imagesize><nrows>2910</nrows><ncols>4361</ncols></imagesize><object><name>m4_s05_060_p_nic010</name><deleted>0</deleted><verified>0</verified><occluded>no</occluded><attributes></attributes><parts><hasparts></hasparts><ispartof></ispartof></parts><date>13-10-20 23:49:57:462</date><id>0</id><type>bounding_box</type><polygon><username>anonymous</username><pt><x>4222</x><y>1915</y><time>13-10-20 23:49:55:055</time></pt><pt><x>548</x><y>1915</y><time>13-10-20 23:49:56:711</time></pt><pt><x>548</x><y>0</y><time>undefined</time></pt><pt><x>4222</x><y>0</y><time>undefined</time></pt><closed_date>13-10-20 23:49:56:711</closed_date></polygon></object></annotation>