<annotation><filename>m3_s01_002_p_ic094.jpg</filename><folder>users/joselusava//santiago_3</folder><source><submittedBy>Jose Saca</submittedBy></source><imagesize><nrows>2970</nrows><ncols>4451</ncols></imagesize><object><name>m3_s01_002_p_ic094</name><deleted>0</deleted><verified>0</verified><occluded>no</occluded><attributes></attributes><parts><hasparts></hasparts><ispartof></ispartof></parts><date>29-10-20 13:36:42:963</date><id>0</id><type>bounding_box</type><polygon><username>anonymous</username><pt><x>718</x><y>150</y><time>29-10-20 13:36:39:658</time></pt><pt><x>3673</x><y>150</y><time>29-10-20 13:36:40:789</time></pt><pt><x>3673</x><y>2363</y><time>undefined</time></pt><pt><x>718</x><y>2363</y><time>undefined</time></pt><closed_date>29-10-20 13:36:40:790</closed_date></polygon></object></annotation>