<annotation><filename>m1_s06_144_p_ic046.jpg</filename><folder>users/joselusava//jacob_2/144ic</folder><source><submittedBy>Jose Saca</submittedBy></source><imagesize><nrows>2736</nrows><ncols>4100</ncols></imagesize><object><name>m1_s06_144_p_ic046</name><deleted>0</deleted><verified>0</verified><occluded>no</occluded><attributes></attributes><parts><hasparts></hasparts><ispartof></ispartof></parts><date>07-09-20 02:40:08:672</date><id>0</id><type>bounding_box</type><polygon><username>anonymous</username><pt><x>614</x><y>139</y><time>07-09-20 02:40:05:006</time></pt><pt><x>3470</x><y>139</y><time>07-09-20 02:40:07:758</time></pt><pt><x>3470</x><y>2537</y><time>undefined</time></pt><pt><x>614</x><y>2537</y><time>undefined</time></pt><closed_date>07-09-20 02:40:07:758</closed_date></polygon></object></annotation>