<annotation><filename>m2_s06_244_p_ic041.jpg</filename><folder>users/joselusava//museos2020</folder><source><submittedBy>Jose Saca</submittedBy></source><imagesize><nrows>2910</nrows><ncols>4361</ncols></imagesize><object><name>m2_s06_244_p_ic041</name><deleted>0</deleted><verified>0</verified><occluded>no</occluded><attributes></attributes><parts><hasparts></hasparts><ispartof></ispartof></parts><date>22-09-20 13:15:38:061</date><id>0</id><type>bounding_box</type><polygon><username>anonymous</username><pt><x>1183</x><y>831</y><time>22-09-20 13:15:22:685</time></pt><pt><x>3175</x><y>831</y><time>22-09-20 13:15:27:744</time></pt><pt><x>3175</x><y>2107</y><time>undefined</time></pt><pt><x>1183</x><y>2107</y><time>undefined</time></pt><closed_date>22-09-20 13:15:27:745</closed_date></polygon></object></annotation>