<annotation><filename>m1_s02_052_p_ic063.jpg</filename><folder>users/joselusava//valeria/sala2_052_ic</folder><source><submittedBy>Jose Saca</submittedBy></source><imagesize><nrows>3200</nrows><ncols>4800</ncols></imagesize><object><name>m1_s02_052_p_ic063</name><deleted>0</deleted><verified>0</verified><occluded>no</occluded><attributes></attributes><parts><hasparts></hasparts><ispartof></ispartof></parts><date>25-08-20 18:53:27:938</date><id>0</id><type>bounding_box</type><polygon><username>anonymous</username><pt><x>623</x><y>301</y><time>25-08-20 18:53:20:942</time></pt><pt><x>4430</x><y>301</y><time>25-08-20 18:53:23:784</time></pt><pt><x>4430</x><y>3050</y><time>undefined</time></pt><pt><x>623</x><y>3050</y><time>undefined</time></pt><closed_date>25-08-20 18:53:23:784</closed_date></polygon></object></annotation>