<annotation><filename>m4_s04_037_p_nic074.jpg</filename><folder>users/joselusava//santiago_2</folder><source><submittedBy>Jose Saca</submittedBy></source><imagesize><nrows>2970</nrows><ncols>4451</ncols></imagesize><object><name>m4_s04_037_p_nic074</name><deleted>0</deleted><verified>0</verified><occluded>no</occluded><attributes></attributes><parts><hasparts></hasparts><ispartof></ispartof></parts><date>19-10-20 22:43:12:240</date><id>0</id><type>bounding_box</type><polygon><username>anonymous</username><pt><x>2913</x><y>1349</y><time>19-10-20 22:43:09:561</time></pt><pt><x>3852</x><y>1349</y><time>19-10-20 22:43:10:256</time></pt><pt><x>3852</x><y>2642</y><time>undefined</time></pt><pt><x>2913</x><y>2642</y><time>undefined</time></pt><closed_date>19-10-20 22:43:10:256</closed_date></polygon></object></annotation>