<annotation><filename>m1_s02_052_p_nic067.jpg</filename><folder>users/joselusava//valeria/sala2_052_nic</folder><source><submittedBy>Jose Saca</submittedBy></source><imagesize><nrows>3200</nrows><ncols>4800</ncols></imagesize><object><name>m1_s02_052_p_nic067</name><deleted>0</deleted><verified>0</verified><occluded>no</occluded><attributes></attributes><parts><hasparts></hasparts><ispartof></ispartof></parts><date>27-08-20 16:56:27:882</date><id>0</id><type>bounding_box</type><polygon><username>anonymous</username><pt><x>4542</x><y>413</y><time>27-08-20 16:56:21:178</time></pt><pt><x>3146</x><y>413</y><time>27-08-20 16:56:24:565</time></pt><pt><x>3146</x><y>1879</y><time>undefined</time></pt><pt><x>4542</x><y>1879</y><time>undefined</time></pt><closed_date>27-08-20 16:56:24:566</closed_date></polygon></object></annotation>