<annotation><filename>m4_s06_089_p_nic085.jpg</filename><folder>users/joselusava//santiago_2</folder><source><submittedBy>Jose Saca</submittedBy></source><imagesize><nrows>2970</nrows><ncols>4451</ncols></imagesize><object><name>m4_s06_089_p_nic085</name><deleted>0</deleted><verified>0</verified><occluded>no</occluded><attributes></attributes><parts><hasparts></hasparts><ispartof></ispartof></parts><date>12-10-20 22:15:43:874</date><id>0</id><type>bounding_box</type><polygon><username>anonymous</username><pt><x>2902</x><y>568</y><time>12-10-20 22:15:40:583</time></pt><pt><x>4044</x><y>568</y><time>12-10-20 22:15:41:841</time></pt><pt><x>4044</x><y>2285</y><time>undefined</time></pt><pt><x>2902</x><y>2285</y><time>undefined</time></pt><closed_date>12-10-20 22:15:41:842</closed_date></polygon></object></annotation>