<annotation><filename>m4_s12_186_p_ic095.jpg</filename><folder>users/joselusava//m4_js/186/ic</folder><source><submittedBy>Jose Saca</submittedBy></source><imagesize><nrows>3899</nrows><ncols>5844</ncols></imagesize><object><name>m4_s12_186_p_ic095</name><deleted>0</deleted><verified>0</verified><occluded>no</occluded><attributes></attributes><parts><hasparts></hasparts><ispartof></ispartof></parts><date>18-10-20 11:15:54:907</date><id>0</id><type>bounding_box</type><polygon><username>anonymous</username><pt><x>3814</x><y>3546</y><time>18-10-20 11:15:52:787</time></pt><pt><x>1913</x><y>3546</y><time>18-10-20 11:15:53:970</time></pt><pt><x>1913</x><y>502</y><time>undefined</time></pt><pt><x>3814</x><y>502</y><time>undefined</time></pt><closed_date>18-10-20 11:15:53:970</closed_date></polygon></object></annotation>