<annotation><filename>m2_s02_088_x.jpg</filename><folder>users/joselusava//m2_jsv</folder><source><submittedBy>Jose Saca</submittedBy></source><imagesize><nrows>2910</nrows><ncols>4361</ncols></imagesize><object><name>m2_s02_088_x</name><deleted>0</deleted><verified>0</verified><occluded>no</occluded><attributes></attributes><parts><hasparts></hasparts><ispartof></ispartof></parts><date>19-09-20 23:11:49:497</date><id>0</id><type>bounding_box</type><polygon><username>anonymous</username><pt><x>1271</x><y>827</y><time>19-09-20 23:11:47:478</time></pt><pt><x>2968</x><y>827</y><time>19-09-20 23:11:48:923</time></pt><pt><x>2968</x><y>2054</y><time>undefined</time></pt><pt><x>1271</x><y>2054</y><time>undefined</time></pt><closed_date>19-09-20 23:11:48:923</closed_date></polygon></object></annotation>