<annotation><filename>m2_s02_085_p_nic079.jpg</filename><folder>users/joselusava//m2_jsv/85/nic</folder><source><submittedBy>Jose Saca</submittedBy></source><imagesize><nrows>2910</nrows><ncols>4361</ncols></imagesize><object><name>m2_s02_085_p_nic079</name><deleted>0</deleted><verified>0</verified><occluded>no</occluded><attributes></attributes><parts><hasparts></hasparts><ispartof></ispartof></parts><date>19-09-20 22:55:48:392</date><id>0</id><type>bounding_box</type><polygon><username>anonymous</username><pt><x>3395</x><y>1488</y><time>19-09-20 22:55:45:915</time></pt><pt><x>4048</x><y>1488</y><time>19-09-20 22:55:47:493</time></pt><pt><x>4048</x><y>2263</y><time>undefined</time></pt><pt><x>3395</x><y>2263</y><time>undefined</time></pt><closed_date>19-09-20 22:55:47:493</closed_date></polygon></object></annotation>