<annotation><filename>m2_s01_034_p_ic062.jpg</filename><folder>users/joselusava//kath</folder><source><submittedBy>Jose Saca</submittedBy></source><imagesize><nrows>2850</nrows><ncols>4271</ncols></imagesize><object><name>m2_s01_034_p_ic062</name><deleted>0</deleted><verified>0</verified><occluded>no</occluded><attributes></attributes><parts><hasparts></hasparts><ispartof></ispartof></parts><date>25-09-20 16:29:52:782</date><id>0</id><type>bounding_box</type><polygon><username>anonymous</username><pt><x>1131</x><y>215</y><time>25-09-20 16:29:31:939</time></pt><pt><x>2857</x><y>215</y><time>25-09-20 16:29:38:900</time></pt><pt><x>2857</x><y>2800</y><time>undefined</time></pt><pt><x>1131</x><y>2800</y><time>undefined</time></pt><closed_date>25-09-20 16:29:38:901</closed_date></polygon></object></annotation>