<annotation><filename>m1_s01_005_p_ic004.jpg</filename><folder>users/joselusava//jacob/sala1/ic</folder><source><submittedBy>Jose Saca</submittedBy></source><imagesize><nrows>2000</nrows><ncols>2992</ncols></imagesize><object><name>m1_s01_005_p_ic004</name><deleted>0</deleted><verified>0</verified><occluded>no</occluded><attributes></attributes><parts><hasparts></hasparts><ispartof></ispartof></parts><date>14-09-20 17:24:27:371</date><id>0</id><type>bounding_box</type><polygon><username>anonymous</username><pt><x>1868</x><y>1445</y><time>14-09-20 17:24:24:962</time></pt><pt><x>1178</x><y>1445</y><time>14-09-20 17:24:26:832</time></pt><pt><x>1178</x><y>571</y><time>undefined</time></pt><pt><x>1868</x><y>571</y><time>undefined</time></pt><closed_date>14-09-20 17:24:26:833</closed_date></polygon></object></annotation>