<annotation><filename>m2_s01_058_p_ic043.jpg</filename><folder>users/joselusava//m2_jsv/58/ic</folder><source><submittedBy>Jose Saca</submittedBy></source><imagesize><nrows>2850</nrows><ncols>4271</ncols></imagesize><object><name>m2_s01_058_p_ic043</name><deleted>0</deleted><verified>0</verified><occluded>no</occluded><attributes></attributes><parts><hasparts></hasparts><ispartof></ispartof></parts><date>29-09-20 13:15:25:016</date><id>0</id><type>bounding_box</type><polygon><username>anonymous</username><pt><x>832</x><y>501</y><time>29-09-20 13:15:22:616</time></pt><pt><x>3447</x><y>501</y><time>29-09-20 13:15:24:337</time></pt><pt><x>3447</x><y>2310</y><time>undefined</time></pt><pt><x>832</x><y>2310</y><time>undefined</time></pt><closed_date>29-09-20 13:15:24:337</closed_date></polygon></object></annotation>