<annotation><filename>m2_s03_248_p_nic008.jpg</filename><folder>users/joselusava//museos2020</folder><source><submittedBy>Jose Saca</submittedBy></source><imagesize><nrows>2910</nrows><ncols>4361</ncols></imagesize><object><name>m2_s03_248_p_nic008</name><deleted>0</deleted><verified>0</verified><occluded>no</occluded><attributes></attributes><parts><hasparts></hasparts><ispartof></ispartof></parts><date>27-09-20 09:56:40:661</date><id>0</id><polygon><username>anonymous</username><pt><x>1906</x><y>507</y><time>27-09-20 09:56:26:789</time></pt><pt><x>3672</x><y>525</y><time>27-09-20 09:56:28:185</time></pt><pt><x>3900</x><y>753</y><time>27-09-20 09:56:28:913</time></pt><pt><x>2575</x><y>1306</y><time>27-09-20 09:56:30:280</time></pt><closed_date>27-09-20 09:56:31:032</closed_date></polygon></object></annotation>