<annotation><filename>m4_s05_060_p_ic062.jpg</filename><folder>users/joselusava//m4_js/60/ic</folder><source><submittedBy>Jose Saca</submittedBy></source><imagesize><nrows>2910</nrows><ncols>4361</ncols></imagesize><object><name>m4_s05_060_p_ic062</name><deleted>0</deleted><verified>0</verified><occluded>no</occluded><attributes></attributes><parts><hasparts></hasparts><ispartof></ispartof></parts><date>13-10-20 15:56:42:889</date><id>0</id><type>bounding_box</type><polygon><username>anonymous</username><pt><x>331</x><y>2350</y><time>13-10-20 15:56:39:809</time></pt><pt><x>4300</x><y>2350</y><time>13-10-20 15:56:42:036</time></pt><pt><x>4300</x><y>305</y><time>undefined</time></pt><pt><x>331</x><y>305</y><time>undefined</time></pt><closed_date>13-10-20 15:56:42:036</closed_date></polygon></object></annotation>