<annotation><filename>img_m1_s03-04_101_p_ic090.jpg</filename><folder>users/joselusava//valeria/sala3y4_101_ic</folder><source><submittedBy>Jose Saca</submittedBy></source><imagesize><nrows>3200</nrows><ncols>4800</ncols></imagesize><object><name>m1_s03_s04_101_p_ic090</name><deleted>0</deleted><verified>0</verified><occluded>no</occluded><attributes></attributes><parts><hasparts></hasparts><ispartof></ispartof></parts><date>29-08-20 01:57:32:358</date><id>0</id><type>bounding_box</type><polygon><username>anonymous</username><pt><x>3648</x><y>3121</y><time>29-08-20 01:57:23:834</time></pt><pt><x>133</x><y>3121</y><time>29-08-20 01:57:28:532</time></pt><pt><x>133</x><y>291</y><time>undefined</time></pt><pt><x>3648</x><y>291</y><time>undefined</time></pt><closed_date>29-08-20 01:57:28:534</closed_date></polygon></object></annotation>