<annotation><filename>m4_s02_021_p_nic087.jpg</filename><folder>users/joselusava//santiago_2</folder><source><submittedBy>Jose Saca</submittedBy></source><imagesize><nrows>2910</nrows><ncols>4361</ncols></imagesize><object><name>m4_s02_021_p_nic087</name><deleted>0</deleted><verified>0</verified><occluded>no</occluded><attributes></attributes><parts><hasparts></hasparts><ispartof></ispartof></parts><date>05-10-20 11:53:49:808</date><id>0</id><type>bounding_box</type><polygon><username>anonymous</username><pt><x>2626</x><y>419</y><time>05-10-20 11:53:46:188</time></pt><pt><x>3769</x><y>419</y><time>05-10-20 11:53:47:796</time></pt><pt><x>3769</x><y>2196</y><time>undefined</time></pt><pt><x>2626</x><y>2196</y><time>undefined</time></pt><closed_date>05-10-20 11:53:47:796</closed_date></polygon></object></annotation>