<annotation><filename>m1_s01_001_p_nic068.jpg</filename><folder>users/joselusava//juancarlos</folder><source><submittedBy>Jose Saca</submittedBy></source><imagesize><nrows>3200</nrows><ncols>4800</ncols></imagesize><object><name>m1_s01_001_p_nic068</name><deleted>0</deleted><verified>0</verified><occluded>no</occluded><attributes></attributes><parts><hasparts></hasparts><ispartof></ispartof></parts><date>09-09-20 17:46:04:382</date><id>0</id><type>bounding_box</type><polygon><username>anonymous</username><pt><x>2448</x><y>2115</y><time>09-09-20 17:45:50:920</time></pt><pt><x>3564</x><y>2115</y><time>09-09-20 17:45:53:990</time></pt><pt><x>3564</x><y>2642</y><time>undefined</time></pt><pt><x>2448</x><y>2642</y><time>undefined</time></pt><closed_date>09-09-20 17:45:53:991</closed_date></polygon></object></annotation>