<annotation><filename>m4_s12_185_p_ic051.jpg</filename><folder>users/joselusava//valeria/m04_s12_185_ic</folder><source><submittedBy>Jose Saca</submittedBy></source><imagesize><nrows>2910</nrows><ncols>4361</ncols></imagesize><object><name>m4_s12_185_p_ic051</name><deleted>0</deleted><verified>0</verified><occluded>no</occluded><attributes></attributes><parts><hasparts></hasparts><ispartof></ispartof></parts><date>17-10-20 17:18:02:218</date><id>0</id><type>bounding_box</type><polygon><username>anonymous</username><pt><x>3408</x><y>2765</y><time>17-10-20 17:17:55:939</time></pt><pt><x>1052</x><y>2765</y><time>17-10-20 17:17:58:316</time></pt><pt><x>1052</x><y>313</y><time>undefined</time></pt><pt><x>3408</x><y>313</y><time>undefined</time></pt><closed_date>17-10-20 17:17:58:318</closed_date></polygon></object></annotation>