<annotation><filename>m4_s10_157_p_ic096.jpg</filename><folder>users/joselusava//valeria/m04_s10_157_nic</folder><source><submittedBy>Jose Saca</submittedBy></source><imagesize><nrows>2970</nrows><ncols>4451</ncols></imagesize><object><name>m4_s10_157_p_nic096</name><deleted>0</deleted><verified>0</verified><occluded>no</occluded><attributes></attributes><parts><hasparts></hasparts><ispartof></ispartof></parts><date>12-10-20 22:14:42:224</date><id>0</id><type>bounding_box</type><polygon><username>anonymous</username><pt><x>4191</x><y>2672</y><time>12-10-20 22:14:35:954</time></pt><pt><x>2216</x><y>2672</y><time>12-10-20 22:14:38:408</time></pt><pt><x>2216</x><y>405</y><time>undefined</time></pt><pt><x>4191</x><y>405</y><time>undefined</time></pt><closed_date>12-10-20 22:14:38:410</closed_date></polygon></object></annotation>