<annotation><filename>m1_s02_029_p_ic068.jpg</filename><folder>users/joselusava//valeria/sala2_029_ic</folder><source><submittedBy>Jose Saca</submittedBy></source><imagesize><nrows>3200</nrows><ncols>4800</ncols></imagesize><object><name>m1_s02_029_p_ic068</name><deleted>0</deleted><verified>0</verified><occluded>no</occluded><attributes></attributes><parts><hasparts></hasparts><ispartof></ispartof></parts><date>22-08-20 20:34:58:868</date><id>0</id><type>bounding_box</type><polygon><username>anonymous</username><pt><x>634</x><y>21</y><time>22-08-20 20:34:50:197</time></pt><pt><x>3796</x><y>21</y><time>22-08-20 20:34:54:915</time></pt><pt><x>3796</x><y>3119</y><time>undefined</time></pt><pt><x>634</x><y>3119</y><time>undefined</time></pt><closed_date>22-08-20 20:34:54:916</closed_date></polygon></object></annotation>