<annotation><filename>m4_s10_157_p_ic076.jpg</filename><folder>users/joselusava//valeria/m04_s10_157_nic</folder><source><submittedBy>Jose Saca</submittedBy></source><imagesize><nrows>2970</nrows><ncols>4451</ncols></imagesize><object><name>m4_s10_157_p_nic076</name><deleted>0</deleted><verified>0</verified><occluded>no</occluded><attributes></attributes><parts><hasparts></hasparts><ispartof></ispartof></parts><date>12-10-20 21:40:01:562</date><id>0</id><type>bounding_box</type><polygon><username>anonymous</username><pt><x>1766</x><y>2796</y><time>12-10-20 21:39:55:429</time></pt><pt><x>3488</x><y>2796</y><time>12-10-20 21:39:57:633</time></pt><pt><x>3488</x><y>765</y><time>undefined</time></pt><pt><x>1766</x><y>765</y><time>undefined</time></pt><closed_date>12-10-20 21:39:57:633</closed_date></polygon></object></annotation>