<annotation><filename>m4_s10_154_p_ic003.jpg</filename><folder>users/joselusava//valeria/m04_s10_154_ic</folder><source><submittedBy>Jose Saca</submittedBy></source><imagesize><nrows>2970</nrows><ncols>4451</ncols></imagesize><object><name>m4_s10_154_p_ic003</name><deleted>0</deleted><verified>0</verified><occluded>no</occluded><attributes></attributes><parts><hasparts></hasparts><ispartof></ispartof></parts><date>13-10-20 17:05:30:081</date><id>0</id><type>bounding_box</type><polygon><username>anonymous</username><pt><x>1581</x><y>2554</y><time>13-10-20 17:05:21:818</time></pt><pt><x>2796</x><y>2554</y><time>13-10-20 17:05:25:251</time></pt><pt><x>2796</x><y>338</y><time>undefined</time></pt><pt><x>1581</x><y>338</y><time>undefined</time></pt><closed_date>13-10-20 17:05:25:253</closed_date></polygon></object></annotation>