<annotation><filename>m4_s10_157_p_ic053.jpg</filename><folder>users/joselusava//valeria/m04_s10_157_ic</folder><source><submittedBy>Jose Saca</submittedBy></source><imagesize><nrows>2970</nrows><ncols>4451</ncols></imagesize><object><name>m4_s10_157_p_ic053</name><deleted>0</deleted><verified>0</verified><occluded>no</occluded><attributes></attributes><parts><hasparts></hasparts><ispartof></ispartof></parts><date>12-10-20 17:44:01:117</date><id>0</id><type>bounding_box</type><polygon><username>anonymous</username><pt><x>1283</x><y>2655</y><time>12-10-20 17:43:55:734</time></pt><pt><x>3358</x><y>2655</y><time>12-10-20 17:43:57:910</time></pt><pt><x>3358</x><y>287</y><time>undefined</time></pt><pt><x>1283</x><y>287</y><time>undefined</time></pt><closed_date>12-10-20 17:43:57:911</closed_date></polygon></object></annotation>