<annotation><filename>m3_s01_023_p_nic041.jpg</filename><folder>users/joselusava//santiago_3</folder><source><submittedBy>Jose Saca</submittedBy></source><imagesize><nrows>2970</nrows><ncols>4451</ncols></imagesize><object><name>m3_s01_023_p_nic041</name><deleted>0</deleted><verified>0</verified><occluded>no</occluded><attributes></attributes><parts><hasparts></hasparts><ispartof></ispartof></parts><date>06-11-20 09:29:51:903</date><id>0</id><type>bounding_box</type><polygon><username>anonymous</username><pt><x>903</x><y>975</y><time>06-11-20 09:29:47:875</time></pt><pt><x>2510</x><y>975</y><time>06-11-20 09:29:49:579</time></pt><pt><x>2510</x><y>2866</y><time>undefined</time></pt><pt><x>903</x><y>2866</y><time>undefined</time></pt><closed_date>06-11-20 09:29:49:581</closed_date></polygon></object></annotation>