<annotation><filename>m4_s11_176_p_nic034.jpg</filename><folder>users/joselusava//m4_js/176/nic</folder><source><submittedBy>Jose Saca</submittedBy></source><imagesize><nrows>2970</nrows><ncols>4451</ncols></imagesize><object><name>m4_s11_176_p_nic034</name><deleted>0</deleted><verified>0</verified><occluded>no</occluded><attributes></attributes><parts><hasparts></hasparts><ispartof></ispartof></parts><date>15-10-20 11:43:07:999</date><id>0</id><type>bounding_box</type><polygon><username>anonymous</username><pt><x>4053</x><y>2956</y><time>15-10-20 11:43:05:487</time></pt><pt><x>1726</x><y>2956</y><time>15-10-20 11:43:07:105</time></pt><pt><x>1726</x><y>1133</y><time>undefined</time></pt><pt><x>4053</x><y>1133</y><time>undefined</time></pt><closed_date>15-10-20 11:43:07:105</closed_date></polygon></object></annotation>