<annotation><filename>m2_s06_244_p_nic036.jpg</filename><folder>users/joselusava//museos2020</folder><source><submittedBy>Jose Saca</submittedBy></source><imagesize><nrows>2910</nrows><ncols>4361</ncols></imagesize><object><name>m2_s06_244_p_ic036</name><deleted>0</deleted><verified>0</verified><occluded>no</occluded><attributes></attributes><parts><hasparts></hasparts><ispartof></ispartof></parts><date>25-09-20 18:49:04:867</date><id>0</id><type>bounding_box</type><polygon><username>anonymous</username><pt><x>2320</x><y>920</y><time>25-09-20 18:48:58:688</time></pt><pt><x>3951</x><y>920</y><time>25-09-20 18:49:00:065</time></pt><pt><x>3951</x><y>1585</y><time>undefined</time></pt><pt><x>2320</x><y>1585</y><time>undefined</time></pt><closed_date>25-09-20 18:49:00:065</closed_date></polygon></object></annotation>