<annotation><filename>m2_s01_010_p_ic068.jpg</filename><folder>users/joselusava//santiago</folder><source><submittedBy>Jose Saca</submittedBy></source><imagesize><nrows>2850</nrows><ncols>4271</ncols></imagesize><object><name>m2_s01_010_p_ic068</name><deleted>0</deleted><verified>0</verified><occluded>no</occluded><attributes></attributes><parts><hasparts></hasparts><ispartof></ispartof></parts><date>21-09-20 23:14:13:323</date><id>0</id><type>bounding_box</type><polygon><username>anonymous</username><pt><x>1215</x><y>599</y><time>21-09-20 23:14:03:349</time></pt><pt><x>3145</x><y>599</y><time>21-09-20 23:14:06:412</time></pt><pt><x>3145</x><y>2507</y><time>undefined</time></pt><pt><x>1215</x><y>2507</y><time>undefined</time></pt><closed_date>21-09-20 23:14:06:413</closed_date></polygon></object></annotation>