<annotation><filename>m4_s03_025_p_nic015.jpg</filename><folder>users/joselusava//santiago_3</folder><source><submittedBy>Jose Saca</submittedBy></source><imagesize><nrows>2910</nrows><ncols>4361</ncols></imagesize><object><name>m4_s03_025_p_nic015</name><deleted>0</deleted><verified>0</verified><occluded>no</occluded><attributes></attributes><parts><hasparts></hasparts><ispartof></ispartof></parts><date>07-11-20 23:11:01:772</date><id>0</id><type>bounding_box</type><polygon><username>anonymous</username><pt><x>196</x><y>350</y><time>07-11-20 23:10:58:656</time></pt><pt><x>2483</x><y>350</y><time>07-11-20 23:10:59:714</time></pt><pt><x>2483</x><y>1665</y><time>undefined</time></pt><pt><x>196</x><y>1665</y><time>undefined</time></pt><closed_date>07-11-20 23:10:59:716</closed_date></polygon></object></annotation>