<annotation><filename>m1_s06_144_p_nic071.jpg</filename><folder>users/joselusava//jacob_2/144nic</folder><source><submittedBy>Jose Saca</submittedBy></source><imagesize><nrows>2736</nrows><ncols>4100</ncols></imagesize><object><name>m1_s06_144_p_nic071</name><deleted>0</deleted><verified>0</verified><occluded>no</occluded><attributes></attributes><parts><hasparts></hasparts><ispartof></ispartof></parts><date>08-09-20 02:24:52:284</date><id>0</id><type>bounding_box</type><polygon><username>anonymous</username><pt><x>3175</x><y>2512</y><time>08-09-20 02:24:49:476</time></pt><pt><x>1563</x><y>2512</y><time>08-09-20 02:24:51:629</time></pt><pt><x>1563</x><y>1072</y><time>undefined</time></pt><pt><x>3175</x><y>1072</y><time>undefined</time></pt><closed_date>08-09-20 02:24:51:629</closed_date></polygon></object></annotation>