<annotation><filename>m4_s04_037_p_ic081.jpg</filename><folder>users/joselusava//santiago_2</folder><source><submittedBy>Jose Saca</submittedBy></source><imagesize><nrows>2970</nrows><ncols>4451</ncols></imagesize><object><name>m4_s04_037_p_ic081</name><deleted>0</deleted><verified>0</verified><occluded>no</occluded><attributes></attributes><parts><hasparts></hasparts><ispartof></ispartof></parts><date>18-10-20 22:13:41:726</date><id>0</id><type>bounding_box</type><polygon><username>anonymous</username><pt><x>1631</x><y>478</y><time>18-10-20 22:13:37:076</time></pt><pt><x>2970</x><y>478</y><time>18-10-20 22:13:38:438</time></pt><pt><x>2970</x><y>2634</y><time>undefined</time></pt><pt><x>1631</x><y>2634</y><time>undefined</time></pt><closed_date>18-10-20 22:13:38:438</closed_date></polygon></object></annotation>