<annotation><filename>m4_s10_154_p_nic066.jpg</filename><folder>users/joselusava//valeria/m04_s10_154_nic</folder><source><submittedBy>Jose Saca</submittedBy></source><imagesize><nrows>2970</nrows><ncols>4451</ncols></imagesize><object><name>m4_s10_154_p_nic066</name><deleted>0</deleted><verified>0</verified><occluded>no</occluded><attributes></attributes><parts><hasparts></hasparts><ispartof></ispartof></parts><date>14-10-20 13:25:03:483</date><id>0</id><type>bounding_box</type><polygon><username>anonymous</username><pt><x>1731</x><y>2724</y><time>14-10-20 13:24:58:828</time></pt><pt><x>977</x><y>2724</y><time>14-10-20 13:25:00:364</time></pt><pt><x>977</x><y>1302</y><time>undefined</time></pt><pt><x>1731</x><y>1302</y><time>undefined</time></pt><closed_date>14-10-20 13:25:00:365</closed_date></polygon></object></annotation>