<annotation><filename>m2_s01_010_p_nic004.jpg</filename><folder>users/joselusava//santiago</folder><source><submittedBy>Jose Saca</submittedBy></source><imagesize><nrows>2850</nrows><ncols>4271</ncols></imagesize><object><name>m2_s01_010_p_nic004</name><deleted>0</deleted><verified>0</verified><occluded>no</occluded><attributes></attributes><parts><hasparts></hasparts><ispartof></ispartof></parts><date>22-09-20 19:39:29:686</date><id>0</id><type>bounding_box</type><polygon><username>anonymous</username><pt><x>2860</x><y>1045</y><time>22-09-20 19:39:20:933</time></pt><pt><x>3863</x><y>1045</y><time>22-09-20 19:39:22:750</time></pt><pt><x>3863</x><y>2132</y><time>undefined</time></pt><pt><x>2860</x><y>2132</y><time>undefined</time></pt><closed_date>22-09-20 19:39:22:752</closed_date></polygon></object></annotation>