<annotation><filename>m2_s06_250_p_ic078.jpg</filename><folder>users/joselusava//valeria/m2_sala06_250_ic</folder><source><submittedBy>Jose Saca</submittedBy></source><imagesize><nrows>2910</nrows><ncols>4361</ncols></imagesize><object><name>m2_s06_250_p_ic077</name><deleted>0</deleted><verified>0</verified><occluded>no</occluded><attributes></attributes><parts><hasparts></hasparts><ispartof></ispartof></parts><date>01-10-20 00:07:50:314</date><id>0</id><type>bounding_box</type><polygon><username>anonymous</username><pt><x>336</x><y>1830</y><time>01-10-20 00:07:41:800</time></pt><pt><x>4194</x><y>1830</y><time>01-10-20 00:07:45:384</time></pt><pt><x>4194</x><y>661</y><time>undefined</time></pt><pt><x>336</x><y>661</y><time>undefined</time></pt><closed_date>01-10-20 00:07:45:386</closed_date></polygon></object></annotation>