<annotation><filename>m2_s07_264_p_ic092.jpg</filename><folder>users/joselusava//valeria/sala7_264_ic</folder><source><submittedBy>Jose Saca</submittedBy></source><imagesize><nrows>2910</nrows><ncols>4361</ncols></imagesize><object><name>m2_s07_264_p_ic092</name><deleted>0</deleted><verified>0</verified><occluded>no</occluded><attributes></attributes><parts><hasparts></hasparts><ispartof></ispartof></parts><date>23-09-20 12:40:21:235</date><id>0</id><type>bounding_box</type><polygon><username>anonymous</username><pt><x>1538</x><y>496</y><time>23-09-20 12:40:15:679</time></pt><pt><x>3026</x><y>496</y><time>23-09-20 12:40:17:526</time></pt><pt><x>3026</x><y>2513</y><time>undefined</time></pt><pt><x>1538</x><y>2513</y><time>undefined</time></pt><closed_date>23-09-20 12:40:17:528</closed_date></polygon></object></annotation>