<annotation><filename>m3_s01_023_p_nic036.jpg</filename><folder>users/joselusava//santiago_3</folder><source><submittedBy>Jose Saca</submittedBy></source><imagesize><nrows>2970</nrows><ncols>4451</ncols></imagesize><object><name>m3_s01_023_p_nic036</name><deleted>0</deleted><verified>0</verified><occluded>no</occluded><attributes></attributes><parts><hasparts></hasparts><ispartof></ispartof></parts><date>06-11-20 09:25:42:151</date><id>0</id><type>bounding_box</type><polygon><username>anonymous</username><pt><x>2295</x><y>300</y><time>06-11-20 09:25:37:501</time></pt><pt><x>3973</x><y>300</y><time>06-11-20 09:25:38:971</time></pt><pt><x>3973</x><y>1981</y><time>undefined</time></pt><pt><x>2295</x><y>1981</y><time>undefined</time></pt><closed_date>06-11-20 09:25:38:972</closed_date></polygon></object></annotation>