<annotation><filename>m2_s01_054_p_ic021.jpg</filename><folder>users/joselusava//kath</folder><source><submittedBy>Jose Saca</submittedBy></source><imagesize><nrows>2850</nrows><ncols>4271</ncols></imagesize><object><name>m2_s01_054_p_ic021</name><deleted>0</deleted><verified>0</verified><occluded>no</occluded><attributes></attributes><parts><hasparts></hasparts><ispartof></ispartof></parts><date>29-09-20 21:43:02:965</date><id>0</id><type>bounding_box</type><polygon><username>anonymous</username><pt><x>1228</x><y>351</y><time>29-09-20 21:42:39:321</time></pt><pt><x>2850</x><y>351</y><time>29-09-20 21:42:41:734</time></pt><pt><x>2850</x><y>2548</y><time>undefined</time></pt><pt><x>1228</x><y>2548</y><time>undefined</time></pt><closed_date>29-09-20 21:42:41:734</closed_date></polygon></object></annotation>