<annotation><filename>m1_s01_004_p_nic006.jpg</filename><folder>users/joselusava//valeria_apoyo/sala01_004_nic</folder><source><submittedBy>Jose Saca</submittedBy></source><imagesize><nrows>3200</nrows><ncols>4800</ncols></imagesize><object><name>m1_s01_004_p_nic006</name><deleted>0</deleted><verified>0</verified><occluded>no</occluded><attributes></attributes><parts><hasparts></hasparts><ispartof></ispartof></parts><date>16-09-20 17:38:20:412</date><id>0</id><type>bounding_box</type><polygon><username>anonymous</username><pt><x>3624</x><y>1230</y><time>16-09-20 17:38:13:103</time></pt><pt><x>12</x><y>1230</y><time>16-09-20 17:38:17:032</time></pt><pt><x>12</x><y>545</y><time>undefined</time></pt><pt><x>3624</x><y>545</y><time>undefined</time></pt><closed_date>16-09-20 17:38:17:033</closed_date></polygon></object></annotation>