<annotation><filename>m2_s02_190_p_ic006.jpg</filename><folder>users/joselusava//m2_jsv/190/ic</folder><source><submittedBy>Jose Saca</submittedBy></source><imagesize><nrows>2910</nrows><ncols>4361</ncols></imagesize><object><name>m2_s02_190_p_ic006</name><deleted>0</deleted><verified>0</verified><occluded>no</occluded><attributes></attributes><parts><hasparts></hasparts><ispartof></ispartof></parts><date>20-09-20 17:23:25:490</date><id>0</id><type>bounding_box</type><polygon><username>anonymous</username><pt><x>2542</x><y>2254</y><time>20-09-20 17:23:23:443</time></pt><pt><x>1549</x><y>2254</y><time>20-09-20 17:23:24:812</time></pt><pt><x>1549</x><y>601</y><time>undefined</time></pt><pt><x>2542</x><y>601</y><time>undefined</time></pt><closed_date>20-09-20 17:23:24:812</closed_date></polygon></object></annotation>