<annotation><filename>m2_s02_127_x.jpg</filename><folder>users/joselusava//m2_jsv</folder><source><submittedBy>Jose Saca</submittedBy></source><imagesize><nrows>2910</nrows><ncols>4361</ncols></imagesize><object><name>m2_s02_127_x</name><deleted>0</deleted><verified>0</verified><occluded>no</occluded><attributes></attributes><parts><hasparts></hasparts><ispartof></ispartof></parts><date>19-09-20 23:30:26:324</date><id>0</id><type>bounding_box</type><polygon><username>anonymous</username><pt><x>3081</x><y>2846</y><time>19-09-20 23:30:23:848</time></pt><pt><x>992</x><y>2846</y><time>19-09-20 23:30:25:455</time></pt><pt><x>992</x><y>113</y><time>undefined</time></pt><pt><x>3081</x><y>113</y><time>undefined</time></pt><closed_date>19-09-20 23:30:25:455</closed_date></polygon></object></annotation>