<annotation><filename>m1_s03-04_072_x.jpg</filename><folder>users/joselusava//valeria/sala03y04</folder><source><submittedBy>Jose Saca</submittedBy></source><imagesize><nrows>3200</nrows><ncols>4800</ncols></imagesize><object><name>m1_s03_s04_072_x</name><deleted>0</deleted><verified>0</verified><occluded>no</occluded><attributes></attributes><parts><hasparts></hasparts><ispartof></ispartof></parts><date>28-08-20 19:42:43:551</date><id>0</id><type>bounding_box</type><polygon><username>anonymous</username><pt><x>4698</x><y>2717</y><time>28-08-20 19:42:29:243</time></pt><pt><x>317</x><y>2717</y><time>28-08-20 19:42:32:804</time></pt><pt><x>317</x><y>1074</y><time>undefined</time></pt><pt><x>4698</x><y>1074</y><time>undefined</time></pt><closed_date>28-08-20 19:42:32:805</closed_date></polygon></object></annotation>