<annotation><filename>m3_s01_013_p_nic098.jpg</filename><folder>users/joselusava//valeria/m03_s01_13_nic</folder><source><submittedBy>Jose Saca</submittedBy></source><imagesize><nrows>2970</nrows><ncols>4451</ncols></imagesize><object><name>m3_s01_013_p_nic098</name><deleted>0</deleted><verified>0</verified><occluded>no</occluded><attributes></attributes><parts><hasparts></hasparts><ispartof></ispartof></parts><date>07-11-20 00:28:29:376</date><id>0</id><type>bounding_box</type><polygon><username>anonymous</username><pt><x>2119</x><y>2890</y><time>07-11-20 00:28:23:463</time></pt><pt><x>4004</x><y>2890</y><time>07-11-20 00:28:25:386</time></pt><pt><x>4004</x><y>651</y><time>undefined</time></pt><pt><x>2119</x><y>651</y><time>undefined</time></pt><closed_date>07-11-20 00:28:25:387</closed_date></polygon></object></annotation>