<annotation><filename>m4_s04_037_p_nic017.jpg</filename><folder>users/joselusava//santiago_2</folder><source><submittedBy>Jose Saca</submittedBy></source><imagesize><nrows>2970</nrows><ncols>4451</ncols></imagesize><object><name>m4_s04_037_p_nic017</name><deleted>0</deleted><verified>0</verified><occluded>no</occluded><attributes></attributes><parts><hasparts></hasparts><ispartof></ispartof></parts><date>19-10-20 22:01:05:764</date><id>0</id><type>bounding_box</type><polygon><username>anonymous</username><pt><x>389</x><y>178</y><time>19-10-20 22:01:02:212</time></pt><pt><x>1178</x><y>178</y><time>19-10-20 22:01:03:374</time></pt><pt><x>1178</x><y>1210</y><time>undefined</time></pt><pt><x>389</x><y>1210</y><time>undefined</time></pt><closed_date>19-10-20 22:01:03:375</closed_date></polygon></object></annotation>