<annotation><filename>m1_s02_036_p_nic072.jpg</filename><folder>users/joselusava//valeria/sala2_036_nic</folder><source><submittedBy>Jose Saca</submittedBy></source><imagesize><nrows>3200</nrows><ncols>4800</ncols></imagesize><object><name>m1_s02_036_p_nic072</name><deleted>0</deleted><verified>0</verified><occluded>no</occluded><attributes></attributes><parts><hasparts></hasparts><ispartof></ispartof></parts><date>27-08-20 01:19:03:657</date><id>0</id><type>bounding_box</type><polygon><username>anonymous</username><pt><x>2373</x><y>2459</y><time>27-08-20 01:18:56:323</time></pt><pt><x>370</x><y>2459</y><time>27-08-20 01:18:59:932</time></pt><pt><x>370</x><y>392</y><time>undefined</time></pt><pt><x>2373</x><y>392</y><time>undefined</time></pt><closed_date>27-08-20 01:18:59:933</closed_date></polygon></object></annotation>