<annotation><filename>m2_s02_190_p_ic072.jpg</filename><folder>users/joselusava//m2_jsv/190/ic</folder><source><submittedBy>Jose Saca</submittedBy></source><imagesize><nrows>2910</nrows><ncols>4361</ncols></imagesize><object><name>m2_s02_190_p_ic072</name><deleted>0</deleted><verified>0</verified><occluded>no</occluded><attributes></attributes><parts><hasparts></hasparts><ispartof></ispartof></parts><date>21-09-20 14:38:15:526</date><id>0</id><type>bounding_box</type><polygon><username>anonymous</username><pt><x>2852</x><y>2584</y><time>21-09-20 14:38:13:175</time></pt><pt><x>1344</x><y>2584</y><time>21-09-20 14:38:14:672</time></pt><pt><x>1344</x><y>390</y><time>undefined</time></pt><pt><x>2852</x><y>390</y><time>undefined</time></pt><closed_date>21-09-20 14:38:14:672</closed_date></polygon></object></annotation>