<annotation><filename>m4_s05_055_p_ic022.jpg</filename><folder>users/joselusava//valeria/m4_s05_055_ic</folder><source><submittedBy>Jose Saca</submittedBy></source><imagesize><nrows>2910</nrows><ncols>4361</ncols></imagesize><object><name>m4_s05_055_p_ic022</name><deleted>0</deleted><verified>0</verified><occluded>no</occluded><attributes></attributes><parts><hasparts></hasparts><ispartof></ispartof></parts><date>08-10-20 21:56:33:047</date><id>0</id><type>bounding_box</type><polygon><username>anonymous</username><pt><x>1235</x><y>474</y><time>08-10-20 21:56:27:838</time></pt><pt><x>3136</x><y>474</y><time>08-10-20 21:56:29:407</time></pt><pt><x>3136</x><y>2408</y><time>undefined</time></pt><pt><x>1235</x><y>2408</y><time>undefined</time></pt><closed_date>08-10-20 21:56:29:409</closed_date></polygon></object></annotation>