<annotation><filename>m2_s01_034_p_nic075.jpg</filename><folder>users/joselusava//kath</folder><source><submittedBy>Jose Saca</submittedBy></source><imagesize><nrows>2850</nrows><ncols>4271</ncols></imagesize><object><name>m2_s01_034_p_nic075</name><deleted>0</deleted><verified>0</verified><occluded>no</occluded><attributes></attributes><parts><hasparts></hasparts><ispartof></ispartof></parts><date>25-09-20 20:45:35:110</date><id>0</id><polygon><username>anonymous</username><pt><x>286</x><y>759</y><time>25-09-20 20:45:27:162</time></pt><pt><x>444</x><y>2134</y><time>25-09-20 20:45:28:672</time></pt><pt><x>1275</x><y>1998</y><time>25-09-20 20:45:29:781</time></pt><pt><x>1196</x><y>637</y><time>25-09-20 20:45:30:904</time></pt><closed_date>25-09-20 20:45:32:097</closed_date></polygon></object></annotation>