<annotation><filename>m2_s01_032_p_nic090.jpg</filename><folder>users/joselusava//santiago_2</folder><source><submittedBy>Jose Saca</submittedBy></source><imagesize><nrows>2850</nrows><ncols>4271</ncols></imagesize><object><name>m2_s01_032_p_nic090</name><deleted>0</deleted><verified>0</verified><occluded>no</occluded><attributes></attributes><parts><hasparts></hasparts><ispartof></ispartof></parts><date>30-09-20 21:26:46:545</date><id>0</id><type>bounding_box</type><polygon><username>anonymous</username><pt><x>3111</x><y>200</y><time>30-09-20 21:26:44:022</time></pt><pt><x>3698</x><y>200</y><time>30-09-20 21:26:44:639</time></pt><pt><x>3698</x><y>1059</y><time>undefined</time></pt><pt><x>3111</x><y>1059</y><time>undefined</time></pt><closed_date>30-09-20 21:26:44:640</closed_date></polygon></object></annotation>