<annotation><filename>m1_s01_001_p_nic095.jpg</filename><folder>users/joselusava//juancarlos</folder><source><submittedBy>Jose Saca</submittedBy></source><imagesize><nrows>3200</nrows><ncols>4800</ncols></imagesize><object><name>m1_s01_001_p_nic095</name><deleted>0</deleted><verified>0</verified><occluded>no</occluded><attributes></attributes><parts><hasparts></hasparts><ispartof></ispartof></parts><date>12-09-20 09:28:52:916</date><id>0</id><type>bounding_box</type><polygon><username>anonymous</username><pt><x>699</x><y>1952</y><time>12-09-20 09:28:35:727</time></pt><pt><x>1886</x><y>1952</y><time>12-09-20 09:28:39:398</time></pt><pt><x>1886</x><y>2795</y><time>undefined</time></pt><pt><x>699</x><y>2795</y><time>undefined</time></pt><closed_date>12-09-20 09:28:39:400</closed_date></polygon></object></annotation>