<annotation><filename>m4_s10_157_p_ic074.jpg</filename><folder>users/joselusava//valeria/m04_s10_157_nic</folder><source><submittedBy>Jose Saca</submittedBy></source><imagesize><nrows>2970</nrows><ncols>4451</ncols></imagesize><object><name>m4_s10_157_p_nic074</name><deleted>0</deleted><verified>0</verified><occluded>no</occluded><attributes></attributes><parts><hasparts></hasparts><ispartof></ispartof></parts><date>12-10-20 21:38:16:413</date><id>0</id><type>bounding_box</type><polygon><username>anonymous</username><pt><x>1524</x><y>2863</y><time>12-10-20 21:38:10:527</time></pt><pt><x>3251</x><y>2863</y><time>12-10-20 21:38:13:500</time></pt><pt><x>3251</x><y>743</y><time>undefined</time></pt><pt><x>1524</x><y>743</y><time>undefined</time></pt><closed_date>12-10-20 21:38:13:501</closed_date></polygon></object></annotation>