<annotation><filename>m4_s09_138_p_nic023.jpg</filename><folder>users/joselusava//santiago_2</folder><source><submittedBy>Jose Saca</submittedBy></source><imagesize><nrows>2970</nrows><ncols>4451</ncols></imagesize><object><name>m4_s09_138_p_nic023</name><deleted>0</deleted><verified>0</verified><occluded>no</occluded><attributes></attributes><parts><hasparts></hasparts><ispartof></ispartof></parts><date>23-10-20 13:37:13:940</date><id>0</id><type>bounding_box</type><polygon><username>anonymous</username><pt><x>1831</x><y>839</y><time>23-10-20 13:37:10:486</time></pt><pt><x>4319</x><y>839</y><time>23-10-20 13:37:11:426</time></pt><pt><x>4319</x><y>1910</y><time>undefined</time></pt><pt><x>1831</x><y>1910</y><time>undefined</time></pt><closed_date>23-10-20 13:37:11:427</closed_date></polygon></object></annotation>