<annotation><filename>m1_s06_168_p_ic076.jpg</filename><folder>users/joselusava//jacob_2/168ic</folder><source><submittedBy>Jose Saca</submittedBy></source><imagesize><nrows>2736</nrows><ncols>4100</ncols></imagesize><object><name>m1_s06_168_p_ic076</name><deleted>0</deleted><verified>0</verified><occluded>no</occluded><attributes></attributes><parts><hasparts></hasparts><ispartof></ispartof></parts><date>08-09-20 22:47:03:947</date><id>0</id><type>bounding_box</type><polygon><username>anonymous</username><pt><x>990</x><y>2733</y><time>08-09-20 22:46:59:146</time></pt><pt><x>2815</x><y>2733</y><time>08-09-20 22:47:02:930</time></pt><pt><x>2815</x><y>622</y><time>undefined</time></pt><pt><x>990</x><y>622</y><time>undefined</time></pt><closed_date>08-09-20 22:47:02:930</closed_date></polygon></object></annotation>