<annotation><filename>m4_s05_052_p_nic013.jpg</filename><folder>users/joselusava//santiago_2</folder><source><submittedBy>Jose Saca</submittedBy></source><imagesize><nrows>2910</nrows><ncols>4361</ncols></imagesize><object><name>m4_s05_052_p_nic013</name><deleted>0</deleted><verified>0</verified><occluded>no</occluded><attributes></attributes><parts><hasparts></hasparts><ispartof></ispartof></parts><date>07-10-20 23:48:41:832</date><id>0</id><type>bounding_box</type><polygon><username>anonymous</username><pt><x>1174</x><y>239</y><time>07-10-20 23:48:39:079</time></pt><pt><x>2612</x><y>239</y><time>07-10-20 23:48:40:220</time></pt><pt><x>2612</x><y>1701</y><time>undefined</time></pt><pt><x>1174</x><y>1701</y><time>undefined</time></pt><closed_date>07-10-20 23:48:40:221</closed_date></polygon></object></annotation>