<annotation><filename>m2_s01_032_p_nic015.jpg</filename><folder>users/joselusava//santiago_2</folder><source><submittedBy>Jose Saca</submittedBy></source><imagesize><nrows>2850</nrows><ncols>4271</ncols></imagesize><object><name>m2_s01_032_p_nic015</name><deleted>0</deleted><verified>0</verified><occluded>no</occluded><attributes></attributes><parts><hasparts></hasparts><ispartof></ispartof></parts><date>30-09-20 17:50:18:892</date><id>0</id><type>bounding_box</type><polygon><username>anonymous</username><pt><x>1788</x><y>1337</y><time>30-09-20 17:50:16:090</time></pt><pt><x>2782</x><y>1337</y><time>30-09-20 17:50:17:074</time></pt><pt><x>2782</x><y>2436</y><time>undefined</time></pt><pt><x>1788</x><y>2436</y><time>undefined</time></pt><closed_date>30-09-20 17:50:17:075</closed_date></polygon></object></annotation>