<annotation><filename>img_m1_s03-04_101_p_ic034.jpg</filename><folder>users/joselusava//valeria/sala3y4_101_ic</folder><source><submittedBy>Jose Saca</submittedBy></source><imagesize><nrows>3200</nrows><ncols>4800</ncols></imagesize><object><name>m1_s03_s04_101_p_ic034</name><deleted>0</deleted><verified>0</verified><occluded>no</occluded><attributes></attributes><parts><hasparts></hasparts><ispartof></ispartof></parts><date>28-08-20 23:53:46:625</date><id>0</id><type>bounding_box</type><polygon><username>anonymous</username><pt><x>38</x><y>3157</y><time>28-08-20 23:53:37:604</time></pt><pt><x>3925</x><y>3157</y><time>28-08-20 23:53:42:267</time></pt><pt><x>3925</x><y>462</y><time>undefined</time></pt><pt><x>38</x><y>462</y><time>undefined</time></pt><closed_date>28-08-20 23:53:42:268</closed_date></polygon></object></annotation>