<annotation><filename>m1_s01_004_p_ic027.jpg</filename><folder>users/joselusava//valeria_apoyo/sala001_004ic_ok</folder><source><submittedBy>Jose Saca</submittedBy></source><imagesize><nrows>2000</nrows><ncols>2992</ncols></imagesize><object><name>m1_s01_004_p_ic027</name><deleted>0</deleted><verified>0</verified><occluded>no</occluded><attributes></attributes><parts><hasparts></hasparts><ispartof></ispartof></parts><date>15-09-20 22:50:09:799</date><id>0</id><type>bounding_box</type><polygon><username>anonymous</username><pt><x>2466</x><y>481</y><time>15-09-20 22:50:03:555</time></pt><pt><x>299</x><y>481</y><time>15-09-20 22:50:06:437</time></pt><pt><x>299</x><y>1818</y><time>undefined</time></pt><pt><x>2466</x><y>1818</y><time>undefined</time></pt><closed_date>15-09-20 22:50:06:438</closed_date></polygon></object></annotation>