<annotation><filename>m4_s05_052_p_ic052.jpg</filename><folder>users/joselusava//santiago_2</folder><source><submittedBy>Jose Saca</submittedBy></source><imagesize><nrows>2910</nrows><ncols>4361</ncols></imagesize><object><name>m4_s05_052_p_ic052</name><deleted>0</deleted><verified>0</verified><occluded>no</occluded><attributes></attributes><parts><hasparts></hasparts><ispartof></ispartof></parts><date>07-10-20 22:30:03:593</date><id>0</id><type>bounding_box</type><polygon><username>anonymous</username><pt><x>1306</x><y>388</y><time>07-10-20 22:29:59:711</time></pt><pt><x>2959</x><y>388</y><time>07-10-20 22:30:01:233</time></pt><pt><x>2959</x><y>2328</y><time>undefined</time></pt><pt><x>1306</x><y>2328</y><time>undefined</time></pt><closed_date>07-10-20 22:30:01:234</closed_date></polygon></object></annotation>