<annotation><filename>m2_s07_264_p_ic091.jpg</filename><folder>users/joselusava//valeria/sala7_264_ic</folder><source><submittedBy>Jose Saca</submittedBy></source><imagesize><nrows>2910</nrows><ncols>4361</ncols></imagesize><object><name>m2_s07_264_p_ic091</name><deleted>0</deleted><verified>0</verified><occluded>no</occluded><attributes></attributes><parts><hasparts></hasparts><ispartof></ispartof></parts><date>23-09-20 12:38:59:666</date><id>0</id><type>bounding_box</type><polygon><username>anonymous</username><pt><x>1466</x><y>413</y><time>23-09-20 12:38:52:881</time></pt><pt><x>2921</x><y>413</y><time>23-09-20 12:38:55:356</time></pt><pt><x>2921</x><y>2414</y><time>undefined</time></pt><pt><x>1466</x><y>2414</y><time>undefined</time></pt><closed_date>23-09-20 12:38:55:357</closed_date></polygon></object></annotation>