<annotation><filename>m4_s10_164_p_ic094.jpg</filename><folder>users/joselusava//santiago_2</folder><source><submittedBy>Jose Saca</submittedBy></source><imagesize><nrows>2970</nrows><ncols>4451</ncols></imagesize><object><name>m4_s10_164_p_ic094</name><deleted>0</deleted><verified>0</verified><occluded>no</occluded><attributes></attributes><parts><hasparts></hasparts><ispartof></ispartof></parts><date>13-10-20 23:15:42:729</date><id>0</id><type>bounding_box</type><polygon><username>anonymous</username><pt><x>2035</x><y>1146</y><time>13-10-20 23:15:39:717</time></pt><pt><x>2488</x><y>1146</y><time>13-10-20 23:15:40:584</time></pt><pt><x>2488</x><y>1824</y><time>undefined</time></pt><pt><x>2035</x><y>1824</y><time>undefined</time></pt><closed_date>13-10-20 23:15:40:586</closed_date></polygon></object></annotation>