<annotation><filename>m1_s02_029_p_nic002.jpg</filename><folder>users/joselusava//museos2020</folder><source><submittedBy>Jose Saca</submittedBy></source><imagesize><nrows>3200</nrows><ncols>4800</ncols></imagesize><object><name>m1_s02_029_p_nic002</name><deleted>0</deleted><verified>0</verified><occluded>no</occluded><attributes></attributes><parts><hasparts></hasparts><ispartof></ispartof></parts><date>27-08-20 18:12:53:741</date><id>0</id><type>bounding_box</type><polygon><username>anonymous</username><pt><x>2776</x><y>1616</y><time>27-08-20 18:12:48:437</time></pt><pt><x>4038</x><y>1616</y><time>27-08-20 18:12:50:007</time></pt><pt><x>4038</x><y>2932</y><time>undefined</time></pt><pt><x>2776</x><y>2932</y><time>undefined</time></pt><closed_date>27-08-20 18:12:50:008</closed_date></polygon></object></annotation>