<annotation><filename>m2_s03_219_p_nic050.jpg</filename><folder>users/joselusava//valeria/m2_sala03_219_nic</folder><source><submittedBy>Jose Saca</submittedBy></source><imagesize><nrows>2910</nrows><ncols>4361</ncols></imagesize><object><name>m2_s03_219_p_nic050</name><deleted>0</deleted><verified>0</verified><occluded>no</occluded><attributes></attributes><parts><hasparts></hasparts><ispartof></ispartof></parts><date>29-09-20 18:10:40:375</date><id>0</id><type>bounding_box</type><polygon><username>anonymous</username><pt><x>2221</x><y>1923</y><time>29-09-20 18:10:35:686</time></pt><pt><x>3219</x><y>1923</y><time>29-09-20 18:10:37:547</time></pt><pt><x>3219</x><y>231</y><time>undefined</time></pt><pt><x>2221</x><y>231</y><time>undefined</time></pt><closed_date>29-09-20 18:10:37:547</closed_date></polygon></object></annotation>