<annotation><filename>m4_s06_089_p_ic045.jpg</filename><folder>users/joselusava//santiago_2</folder><source><submittedBy>Jose Saca</submittedBy></source><imagesize><nrows>2970</nrows><ncols>4451</ncols></imagesize><object><name>m4_s06_089_p_ic045</name><deleted>0</deleted><verified>0</verified><occluded>no</occluded><attributes></attributes><parts><hasparts></hasparts><ispartof></ispartof></parts><date>11-10-20 18:36:02:158</date><id>0</id><type>bounding_box</type><polygon><username>anonymous</username><pt><x>1347</x><y>396</y><time>11-10-20 18:35:58:099</time></pt><pt><x>3210</x><y>396</y><time>11-10-20 18:36:00:003</time></pt><pt><x>3210</x><y>2592</y><time>undefined</time></pt><pt><x>1347</x><y>2592</y><time>undefined</time></pt><closed_date>11-10-20 18:36:00:004</closed_date></polygon></object></annotation>