<annotation><filename>m1_s01_001_p_ic030.jpg</filename><folder>users/joselusava//juancarlos</folder><source><submittedBy>Jose Saca</submittedBy></source><imagesize><nrows>2000</nrows><ncols>2992</ncols></imagesize><object><name>m1_s01_001_p_ic030</name><deleted>0</deleted><verified>0</verified><occluded>no</occluded><attributes></attributes><parts><hasparts></hasparts><ispartof></ispartof></parts><date>26-08-20 20:16:17:635</date><id>0</id><type>bounding_box</type><polygon><username>anonymous</username><pt><x>989</x><y>799</y><time>26-08-20 20:16:06:122</time></pt><pt><x>2057</x><y>799</y><time>26-08-20 20:16:10:044</time></pt><pt><x>2057</x><y>1595</y><time>undefined</time></pt><pt><x>989</x><y>1595</y><time>undefined</time></pt><closed_date>26-08-20 20:16:10:046</closed_date></polygon></object></annotation>