<annotation><filename>m1_s02_052_p_nic095.jpg</filename><folder>users/joselusava//valeria/sala2_052_nic</folder><source><submittedBy>Jose Saca</submittedBy></source><imagesize><nrows>3200</nrows><ncols>4800</ncols></imagesize><object><name>m1_s02_052_p_nic095</name><deleted>0</deleted><verified>0</verified><occluded>no</occluded><attributes></attributes><parts><hasparts></hasparts><ispartof></ispartof></parts><date>27-08-20 17:59:05:795</date><id>0</id><type>bounding_box</type><polygon><username>anonymous</username><pt><x>3903</x><y>64</y><time>27-08-20 17:59:00:341</time></pt><pt><x>2368</x><y>64</y><time>27-08-20 17:59:03:141</time></pt><pt><x>2368</x><y>1450</y><time>undefined</time></pt><pt><x>3903</x><y>1450</y><time>undefined</time></pt><closed_date>27-08-20 17:59:03:142</closed_date></polygon></object></annotation>