<annotation><filename>m4_s12_185_p_ic008.jpg</filename><folder>users/joselusava//valeria/m04_s12_185_ic</folder><source><submittedBy>Jose Saca</submittedBy></source><imagesize><nrows>2910</nrows><ncols>4361</ncols></imagesize><object><name>m4_s12_185_p_ic008</name><deleted>0</deleted><verified>0</verified><occluded>no</occluded><attributes></attributes><parts><hasparts></hasparts><ispartof></ispartof></parts><date>17-10-20 14:34:11:385</date><id>0</id><type>bounding_box</type><polygon><username>anonymous</username><pt><x>867</x><y>2681</y><time>17-10-20 14:34:00:487</time></pt><pt><x>3447</x><y>2681</y><time>17-10-20 14:34:07:781</time></pt><pt><x>3447</x><y>369</y><time>undefined</time></pt><pt><x>867</x><y>369</y><time>undefined</time></pt><closed_date>17-10-20 14:34:07:782</closed_date></polygon></object></annotation>