<annotation><filename>m2_s01_054_p_ic078.jpg</filename><folder>users/joselusava//kath</folder><source><submittedBy>Jose Saca</submittedBy></source><imagesize><nrows>2850</nrows><ncols>4271</ncols></imagesize><object><name>m2_s01_054_p_ic078</name><deleted>0</deleted><verified>0</verified><occluded>no</occluded><attributes></attributes><parts><hasparts></hasparts><ispartof></ispartof></parts><date>29-09-20 23:56:09:150</date><id>0</id><type>bounding_box</type><polygon><username>anonymous</username><pt><x>2850</x><y>260</y><time>29-09-20 23:56:02:043</time></pt><pt><x>1193</x><y>260</y><time>29-09-20 23:56:05:891</time></pt><pt><x>1193</x><y>2745</y><time>undefined</time></pt><pt><x>2850</x><y>2745</y><time>undefined</time></pt><closed_date>29-09-20 23:56:05:891</closed_date></polygon></object></annotation>