<annotation><filename>m2_s01_034_p_nic033.jpg</filename><folder>users/joselusava//kath</folder><source><submittedBy>Jose Saca</submittedBy></source><imagesize><nrows>2850</nrows><ncols>4271</ncols></imagesize><object><name>m2_s01_034_p_nic033</name><deleted>0</deleted><verified>0</verified><occluded>no</occluded><attributes></attributes><parts><hasparts></hasparts><ispartof></ispartof></parts><date>25-09-20 19:46:30:515</date><id>0</id><type>bounding_box</type><polygon><username>anonymous</username><pt><x>544</x><y>308</y><time>25-09-20 19:46:19:319</time></pt><pt><x>1604</x><y>308</y><time>25-09-20 19:46:21:980</time></pt><pt><x>1604</x><y>1776</y><time>undefined</time></pt><pt><x>544</x><y>1776</y><time>undefined</time></pt><closed_date>25-09-20 19:46:21:981</closed_date></polygon></object></annotation>