<annotation><filename>m1_s02_052_p_ic029.jpg</filename><folder>users/joselusava//valeria/sala2_052_ic</folder><source><submittedBy>Jose Saca</submittedBy></source><imagesize><nrows>3200</nrows><ncols>4800</ncols></imagesize><object><name>m1_s02_052_p_ic029</name><deleted>0</deleted><verified>0</verified><occluded>no</occluded><attributes></attributes><parts><hasparts></hasparts><ispartof></ispartof></parts><date>25-08-20 17:37:54:931</date><id>0</id><type>bounding_box</type><polygon><username>anonymous</username><pt><x>317</x><y>38</y><time>25-08-20 17:37:47:432</time></pt><pt><x>4596</x><y>38</y><time>25-08-20 17:37:50:759</time></pt><pt><x>4596</x><y>3179</y><time>undefined</time></pt><pt><x>317</x><y>3179</y><time>undefined</time></pt><closed_date>25-08-20 17:37:50:760</closed_date></polygon></object></annotation>