<annotation><filename>m1_s06_186_p_ic021.jpg</filename><folder>users/joselusava//jacob_2/186ic</folder><source><submittedBy>Jose Saca</submittedBy></source><imagesize><nrows>2736</nrows><ncols>4100</ncols></imagesize><object><name>s06_186_p_ic021</name><deleted>0</deleted><verified>0</verified><occluded>no</occluded><attributes></attributes><parts><hasparts></hasparts><ispartof></ispartof></parts><date>09-09-20 11:24:33:924</date><id>0</id><type>bounding_box</type><polygon><username>anonymous</username><pt><x>3003</x><y>2619</y><time>09-09-20 11:24:31:532</time></pt><pt><x>818</x><y>2619</y><time>09-09-20 11:24:33:181</time></pt><pt><x>818</x><y>90</y><time>undefined</time></pt><pt><x>3003</x><y>90</y><time>undefined</time></pt><closed_date>09-09-20 11:24:33:181</closed_date></polygon></object></annotation>