<annotation><filename>m4_s04_045_p_nic061.jpg</filename><folder>users/joselusava//valeria/m04_s04_45_nic</folder><source><submittedBy>Jose Saca</submittedBy></source><imagesize><nrows>2970</nrows><ncols>4451</ncols></imagesize><object><name>m4_s04_045_p_nic061</name><deleted>0</deleted><verified>0</verified><occluded>no</occluded><attributes></attributes><parts><hasparts></hasparts><ispartof></ispartof></parts><date>20-10-20 15:16:23:229</date><id>0</id><type>bounding_box</type><polygon><username>anonymous</username><pt><x>782</x><y>2547</y><time>20-10-20 15:16:16:754</time></pt><pt><x>1234</x><y>2547</y><time>20-10-20 15:16:18:962</time></pt><pt><x>1234</x><y>1799</y><time>undefined</time></pt><pt><x>782</x><y>1799</y><time>undefined</time></pt><closed_date>20-10-20 15:16:18:963</closed_date></polygon></object></annotation>