<annotation><filename>m3_s01_002_p_nic097.jpg</filename><folder>users/joselusava//santiago_3</folder><source><submittedBy>Jose Saca</submittedBy></source><imagesize><nrows>2970</nrows><ncols>4451</ncols></imagesize><object><name>m3_s01_002_p_nic097</name><deleted>0</deleted><verified>0</verified><occluded>no</occluded><attributes></attributes><parts><hasparts></hasparts><ispartof></ispartof></parts><date>29-10-20 21:20:35:047</date><id>0</id><type>bounding_box</type><polygon><username>anonymous</username><pt><x>1414</x><y>343</y><time>29-10-20 21:20:31:803</time></pt><pt><x>4155</x><y>343</y><time>29-10-20 21:20:32:944</time></pt><pt><x>4155</x><y>2042</y><time>undefined</time></pt><pt><x>1414</x><y>2042</y><time>undefined</time></pt><closed_date>29-10-20 21:20:32:945</closed_date></polygon></object></annotation>