<annotation><filename>m2_s02_190_p_ic076.jpg</filename><folder>users/joselusava//m2_jsv/190/ic</folder><source><submittedBy>Jose Saca</submittedBy></source><imagesize><nrows>2910</nrows><ncols>4361</ncols></imagesize><object><name>m2_s02_190_p_ic076</name><deleted>0</deleted><verified>0</verified><occluded>no</occluded><attributes></attributes><parts><hasparts></hasparts><ispartof></ispartof></parts><date>21-09-20 14:39:55:821</date><id>0</id><type>bounding_box</type><polygon><username>anonymous</username><pt><x>3104</x><y>2870</y><time>21-09-20 14:39:52:607</time></pt><pt><x>1335</x><y>2870</y><time>21-09-20 14:39:54:732</time></pt><pt><x>1335</x><y>364</y><time>undefined</time></pt><pt><x>3104</x><y>364</y><time>undefined</time></pt><closed_date>21-09-20 14:39:54:732</closed_date></polygon></object></annotation>