<annotation><filename>m4_s10_157_p_ic083.jpg</filename><folder>users/joselusava//valeria/m04_s10_157_ic</folder><source><submittedBy>Jose Saca</submittedBy></source><imagesize><nrows>2970</nrows><ncols>4451</ncols></imagesize><object><name>m4_s10_157_p_ic083</name><deleted>0</deleted><verified>0</verified><occluded>no</occluded><attributes></attributes><parts><hasparts></hasparts><ispartof></ispartof></parts><date>12-10-20 18:15:23:814</date><id>0</id><type>bounding_box</type><polygon><username>anonymous</username><pt><x>1260</x><y>2751</y><time>12-10-20 18:15:18:488</time></pt><pt><x>3386</x><y>2751</y><time>12-10-20 18:15:20:230</time></pt><pt><x>3386</x><y>383</y><time>undefined</time></pt><pt><x>1260</x><y>383</y><time>undefined</time></pt><closed_date>12-10-20 18:15:20:231</closed_date></polygon></object></annotation>