<annotation><filename>m4_s04_037_p_ic001.jpg</filename><folder>users/joselusava//santiago_2</folder><source><submittedBy>Jose Saca</submittedBy></source><imagesize><nrows>2970</nrows><ncols>4451</ncols></imagesize><object><name>m4_s04_037_p_ic001</name><deleted>0</deleted><verified>0</verified><occluded>no</occluded><attributes></attributes><parts><hasparts></hasparts><ispartof></ispartof></parts><date>17-10-20 18:00:11:680</date><id>0</id><type>bounding_box</type><polygon><username>anonymous</username><pt><x>1456</x><y>221</y><time>17-10-20 18:00:07:814</time></pt><pt><x>2888</x><y>221</y><time>17-10-20 18:00:09:792</time></pt><pt><x>2888</x><y>2667</y><time>undefined</time></pt><pt><x>1456</x><y>2667</y><time>undefined</time></pt><closed_date>17-10-20 18:00:09:792</closed_date></polygon></object></annotation>