<annotation><filename>m2_s02_183_x.jpg</filename><folder>users/joselusava//m2_jsv</folder><source><submittedBy>Jose Saca</submittedBy></source><imagesize><nrows>2910</nrows><ncols>4361</ncols></imagesize><object><name>m2_s02_183_x</name><deleted>0</deleted><verified>0</verified><occluded>no</occluded><attributes></attributes><parts><hasparts></hasparts><ispartof></ispartof></parts><date>20-09-20 16:53:18:090</date><id>0</id><type>bounding_box</type><polygon><username>anonymous</username><pt><x>3595</x><y>2603</y><time>20-09-20 16:53:15:386</time></pt><pt><x>522</x><y>2603</y><time>20-09-20 16:53:17:287</time></pt><pt><x>522</x><y>1280</y><time>undefined</time></pt><pt><x>3595</x><y>1280</y><time>undefined</time></pt><closed_date>20-09-20 16:53:17:287</closed_date></polygon></object></annotation>