<annotation><filename>m1_s01_017_p_ic050.jpg</filename><folder>users/joselusava//santiago</folder><source><submittedBy>Jose Saca</submittedBy></source><imagesize><nrows>3200</nrows><ncols>4800</ncols></imagesize><object><name>m1_s01_017_p_ic050</name><deleted>0</deleted><verified>0</verified><occluded>no</occluded><attributes></attributes><parts><hasparts></hasparts><ispartof></ispartof></parts><date>10-09-20 22:24:55:676</date><id>0</id><type>bounding_box</type><polygon><username>anonymous</username><pt><x>1469</x><y>1022</y><time>10-09-20 22:24:46:589</time></pt><pt><x>3459</x><y>1022</y><time>10-09-20 22:24:50:015</time></pt><pt><x>3459</x><y>2113</y><time>undefined</time></pt><pt><x>1469</x><y>2113</y><time>undefined</time></pt><closed_date>10-09-20 22:24:50:015</closed_date></polygon></object></annotation>