<annotation><filename>m4_s05_060_p_ic004.jpg</filename><folder>users/joselusava//m4_js/60/ic</folder><source><submittedBy>Jose Saca</submittedBy></source><imagesize><nrows>2910</nrows><ncols>4361</ncols></imagesize><object><name>m4_s05_060_p_ic004</name><deleted>0</deleted><verified>0</verified><occluded>no</occluded><attributes></attributes><parts><hasparts></hasparts><ispartof></ispartof></parts><date>13-10-20 15:36:47:286</date><id>0</id><type>bounding_box</type><polygon><username>anonymous</username><pt><x>4091</x><y>2289</y><time>13-10-20 15:36:45:216</time></pt><pt><x>618</x><y>2289</y><time>13-10-20 15:36:46:595</time></pt><pt><x>618</x><y>487</y><time>undefined</time></pt><pt><x>4091</x><y>487</y><time>undefined</time></pt><closed_date>13-10-20 15:36:46:595</closed_date></polygon></object></annotation>