<annotation><filename>m2_s01_039_x.jpg</filename><folder>users/joselusava//juancarlos</folder><source><submittedBy>Jose Saca</submittedBy></source><imagesize><nrows>2850</nrows><ncols>4271</ncols></imagesize><object><name>m2_s01_039_x</name><deleted>0</deleted><verified>0</verified><occluded>no</occluded><attributes></attributes><parts><hasparts></hasparts><ispartof></ispartof></parts><date>28-09-20 11:01:35:944</date><id>0</id><type>bounding_box</type><polygon><username>anonymous</username><pt><x>865</x><y>879</y><time>28-09-20 11:01:24:959</time></pt><pt><x>3360</x><y>879</y><time>28-09-20 11:01:30:222</time></pt><pt><x>3360</x><y>2131</y><time>undefined</time></pt><pt><x>865</x><y>2131</y><time>undefined</time></pt><closed_date>28-09-20 11:01:30:222</closed_date></polygon></object></annotation>