<annotation><filename>m2_s05_236_p_nic011.jpg</filename><folder>users/joselusava//museos2020</folder><source><submittedBy>Jose Saca</submittedBy></source><imagesize><nrows>2910</nrows><ncols>4361</ncols></imagesize><object><name>m2_s05_236_p_nic011</name><deleted>0</deleted><verified>0</verified><occluded>no</occluded><attributes></attributes><parts><hasparts></hasparts><ispartof></ispartof></parts><date>17-09-20 06:44:26:699</date><id>0</id><type>bounding_box</type><polygon><username>anonymous</username><pt><x>414</x><y>167</y><time>17-09-20 06:44:19:157</time></pt><pt><x>2803</x><y>167</y><time>17-09-20 06:44:20:802</time></pt><pt><x>2803</x><y>1869</y><time>undefined</time></pt><pt><x>414</x><y>1869</y><time>undefined</time></pt><closed_date>17-09-20 06:44:20:803</closed_date></polygon></object></annotation>