<annotation><filename>m4_s05_060_p_ic050.jpg</filename><folder>users/joselusava//m4_js/60/ic</folder><source><submittedBy>Jose Saca</submittedBy></source><imagesize><nrows>2910</nrows><ncols>4361</ncols></imagesize><object><name>m4_s05_060_p_ic050</name><deleted>0</deleted><verified>0</verified><occluded>no</occluded><attributes></attributes><parts><hasparts></hasparts><ispartof></ispartof></parts><date>13-10-20 15:52:19:787</date><id>0</id><type>bounding_box</type><polygon><username>anonymous</username><pt><x>514</x><y>2359</y><time>13-10-20 15:52:17:628</time></pt><pt><x>3769</x><y>2359</y><time>13-10-20 15:52:19:165</time></pt><pt><x>3769</x><y>514</y><time>undefined</time></pt><pt><x>514</x><y>514</y><time>undefined</time></pt><closed_date>13-10-20 15:52:19:165</closed_date></polygon></object></annotation>