<annotation><filename>m4_s02_015_p_nic038.jpg</filename><folder>users/joselusava//m4_js/15nic</folder><source><submittedBy>Jose Saca</submittedBy></source><imagesize><nrows>2910</nrows><ncols>4361</ncols></imagesize><object><name>m4_s02_015_p_nic038</name><deleted>0</deleted><verified>0</verified><occluded>no</occluded><attributes></attributes><parts><hasparts></hasparts><ispartof></ispartof></parts><date>06-10-20 19:56:10:347</date><id>0</id><type>bounding_box</type><polygon><username>anonymous</username><pt><x>4344</x><y>2167</y><time>06-10-20 19:56:08:556</time></pt><pt><x>2864</x><y>2167</y><time>06-10-20 19:56:09:626</time></pt><pt><x>2864</x><y>670</y><time>undefined</time></pt><pt><x>4344</x><y>670</y><time>undefined</time></pt><closed_date>06-10-20 19:56:09:627</closed_date></polygon></object></annotation>