<annotation><filename>m2_s07_264_p_ic088.jpg</filename><folder>users/joselusava//valeria/sala7_264_ic</folder><source><submittedBy>Jose Saca</submittedBy></source><imagesize><nrows>2910</nrows><ncols>4361</ncols></imagesize><object><name>m2_s07_264_p_ic088</name><deleted>0</deleted><verified>0</verified><occluded>no</occluded><attributes></attributes><parts><hasparts></hasparts><ispartof></ispartof></parts><date>23-09-20 12:31:40:825</date><id>0</id><type>bounding_box</type><polygon><username>anonymous</username><pt><x>1560</x><y>468</y><time>23-09-20 12:31:33:199</time></pt><pt><x>2987</x><y>468</y><time>23-09-20 12:31:35:384</time></pt><pt><x>2987</x><y>2414</y><time>undefined</time></pt><pt><x>1560</x><y>2414</y><time>undefined</time></pt><closed_date>23-09-20 12:31:35:385</closed_date></polygon></object></annotation>