<annotation><filename>m2_s02_181_x.jpg</filename><folder>users/joselusava//m2_jsv</folder><source><submittedBy>Jose Saca</submittedBy></source><imagesize><nrows>2910</nrows><ncols>4361</ncols></imagesize><object><name>m2_s02_181_x</name><deleted>0</deleted><verified>0</verified><occluded>no</occluded><attributes></attributes><parts><hasparts></hasparts><ispartof></ispartof></parts><date>20-09-20 16:52:35:584</date><id>0</id><type>bounding_box</type><polygon><username>anonymous</username><pt><x>3917</x><y>2481</y><time>20-09-20 16:52:31:564</time></pt><pt><x>749</x><y>2481</y><time>20-09-20 16:52:33:902</time></pt><pt><x>749</x><y>1175</y><time>undefined</time></pt><pt><x>3917</x><y>1175</y><time>undefined</time></pt><closed_date>20-09-20 16:52:33:903</closed_date></polygon></object></annotation>