<annotation><filename>m2_s01_024_p_ic035.jpg</filename><folder>users/joselusava//santiago</folder><source><submittedBy>Jose Saca</submittedBy></source><imagesize><nrows>2850</nrows><ncols>4271</ncols></imagesize><object><name>m2_s01_024_p_ic035</name><deleted>0</deleted><verified>0</verified><occluded>no</occluded><attributes></attributes><parts><hasparts></hasparts><ispartof></ispartof></parts><date>24-09-20 12:29:54:915</date><id>0</id><type>bounding_box</type><polygon><username>anonymous</username><pt><x>1442</x><y>267</y><time>24-09-20 12:29:44:055</time></pt><pt><x>2835</x><y>267</y><time>24-09-20 12:29:47:000</time></pt><pt><x>2835</x><y>2633</y><time>undefined</time></pt><pt><x>1442</x><y>2633</y><time>undefined</time></pt><closed_date>24-09-20 12:29:47:002</closed_date></polygon></object></annotation>