<annotation><filename>m4_s04_037_p_nic011.jpg</filename><folder>users/joselusava//santiago_2</folder><source><submittedBy>Jose Saca</submittedBy></source><imagesize><nrows>2970</nrows><ncols>4451</ncols></imagesize><object><name>m4_s04_037_p_nic011</name><deleted>0</deleted><verified>0</verified><occluded>no</occluded><attributes></attributes><parts><hasparts></hasparts><ispartof></ispartof></parts><date>19-10-20 13:55:18:921</date><id>0</id><type>bounding_box</type><polygon><username>anonymous</username><pt><x>178</x><y>1210</y><time>19-10-20 13:55:16:278</time></pt><pt><x>1132</x><y>1210</y><time>19-10-20 13:55:17:223</time></pt><pt><x>1132</x><y>2620</y><time>undefined</time></pt><pt><x>178</x><y>2620</y><time>undefined</time></pt><closed_date>19-10-20 13:55:17:225</closed_date></polygon></object></annotation>