<annotation><filename>m2_s01_058_p_ic073.jpg</filename><folder>users/joselusava//m2_jsv/58/ic</folder><source><submittedBy>Jose Saca</submittedBy></source><imagesize><nrows>2850</nrows><ncols>4271</ncols></imagesize><object><name>m2_s01_058_p_ic073</name><deleted>0</deleted><verified>0</verified><occluded>no</occluded><attributes></attributes><parts><hasparts></hasparts><ispartof></ispartof></parts><date>29-09-20 13:37:32:630</date><id>0</id><type>bounding_box</type><polygon><username>anonymous</username><pt><x>4042</x><y>306</y><time>29-09-20 13:37:30:476</time></pt><pt><x>569</x><y>306</y><time>29-09-20 13:37:31:841</time></pt><pt><x>569</x><y>2811</y><time>undefined</time></pt><pt><x>4042</x><y>2811</y><time>undefined</time></pt><closed_date>29-09-20 13:37:31:841</closed_date></polygon></object></annotation>