<annotation><filename>m2_s06_244_p_ic036.jpg</filename><folder>users/joselusava//museos2020</folder><source><submittedBy>Jose Saca</submittedBy></source><imagesize><nrows>2910</nrows><ncols>4361</ncols></imagesize><object><name>m2_s06_244_p_ic036</name><deleted>0</deleted><verified>0</verified><occluded>no</occluded><attributes></attributes><parts><hasparts></hasparts><ispartof></ispartof></parts><date>22-09-20 13:03:33:804</date><id>0</id><type>bounding_box</type><polygon><username>anonymous</username><pt><x>1097</x><y>882</y><time>22-09-20 13:03:24:075</time></pt><pt><x>3240</x><y>882</y><time>22-09-20 13:03:25:441</time></pt><pt><x>3240</x><y>2007</y><time>undefined</time></pt><pt><x>1097</x><y>2007</y><time>undefined</time></pt><closed_date>22-09-20 13:03:25:442</closed_date></polygon></object></annotation>