<annotation><filename>m1_s02_065_p_ic078.jpg</filename><folder>users/joselusava//valeria/sala2_065_ic</folder><source><submittedBy>Jose Saca</submittedBy></source><imagesize><nrows>2000</nrows><ncols>2992</ncols></imagesize><object><name>m1_s02_065_p_ic078</name><deleted>0</deleted><verified>0</verified><occluded>no</occluded><attributes></attributes><parts><hasparts></hasparts><ispartof></ispartof></parts><date>26-08-20 01:00:22:552</date><id>0</id><type>bounding_box</type><polygon><username>anonymous</username><pt><x>164</x><y>215</y><time>26-08-20 01:00:17:300</time></pt><pt><x>2795</x><y>215</y><time>26-08-20 01:00:19:222</time></pt><pt><x>2795</x><y>1768</y><time>undefined</time></pt><pt><x>164</x><y>1768</y><time>undefined</time></pt><closed_date>26-08-20 01:00:19:223</closed_date></polygon></object></annotation>