<annotation><filename>m4_s04_037_p_nic088.jpg</filename><folder>users/joselusava//santiago_2</folder><source><submittedBy>Jose Saca</submittedBy></source><imagesize><nrows>2970</nrows><ncols>4451</ncols></imagesize><object><name>m4_s04_037_p_nic088</name><deleted>0</deleted><verified>0</verified><occluded>no</occluded><attributes></attributes><parts><hasparts></hasparts><ispartof></ispartof></parts><date>19-10-20 22:53:34:811</date><id>0</id><type>bounding_box</type><polygon><username>anonymous</username><pt><x>2959</x><y>775</y><time>19-10-20 22:53:32:067</time></pt><pt><x>3952</x><y>775</y><time>19-10-20 22:53:32:967</time></pt><pt><x>3952</x><y>2085</y><time>undefined</time></pt><pt><x>2959</x><y>2085</y><time>undefined</time></pt><closed_date>19-10-20 22:53:32:968</closed_date></polygon></object></annotation>