<annotation><filename>m2_s01_012_x.jpg</filename><folder>users/joselusava//santiago</folder><source><submittedBy>Jose Saca</submittedBy></source><imagesize><nrows>2850</nrows><ncols>4271</ncols></imagesize><object><name>m2_s01_012_x</name><deleted>0</deleted><verified>0</verified><occluded>no</occluded><attributes></attributes><parts><hasparts></hasparts><ispartof></ispartof></parts><date>21-09-20 13:32:35:476</date><id>0</id><type>bounding_box</type><polygon><username>anonymous</username><pt><x>1052</x><y>744</y><time>21-09-20 13:32:12:804</time></pt><pt><x>3049</x><y>744</y><time>21-09-20 13:32:17:561</time></pt><pt><x>3049</x><y>2279</y><time>undefined</time></pt><pt><x>1052</x><y>2279</y><time>undefined</time></pt><closed_date>21-09-20 13:32:17:562</closed_date></polygon></object></annotation>