<annotation><filename>m1_s10_274_x.jpg</filename><folder>users/joselusava//santiago</folder><source><submittedBy>Jose Saca</submittedBy></source><imagesize><nrows>3200</nrows><ncols>4800</ncols></imagesize><object><name>m1_s10_274_x</name><deleted>0</deleted><verified>0</verified><occluded>no</occluded><attributes></attributes><parts><hasparts></hasparts><ispartof></ispartof></parts><date>28-08-20 15:10:19:935</date><id>0</id><type>bounding_box</type><polygon><username>anonymous</username><pt><x>1001</x><y>616</y><time>28-08-20 15:10:09:349</time></pt><pt><x>3495</x><y>616</y><time>28-08-20 15:10:13:127</time></pt><pt><x>3495</x><y>2700</y><time>undefined</time></pt><pt><x>1001</x><y>2700</y><time>undefined</time></pt><closed_date>28-08-20 15:10:13:128</closed_date></polygon></object></annotation>