<annotation><filename>m3_s01_013_p_nic037.jpg</filename><folder>users/joselusava//valeria/m03_s01_13_nic</folder><source><submittedBy>Jose Saca</submittedBy></source><imagesize><nrows>2970</nrows><ncols>4451</ncols></imagesize><object><name>m3_s01_013_p_nic037</name><deleted>0</deleted><verified>0</verified><occluded>no</occluded><attributes></attributes><parts><hasparts></hasparts><ispartof></ispartof></parts><date>06-11-20 21:34:05:550</date><id>0</id><type>bounding_box</type><polygon><username>anonymous</username><pt><x>2907</x><y>2924</y><time>06-11-20 21:33:57:666</time></pt><pt><x>109</x><y>2924</y><time>06-11-20 21:34:01:002</time></pt><pt><x>109</x><y>257</y><time>undefined</time></pt><pt><x>2907</x><y>257</y><time>undefined</time></pt><closed_date>06-11-20 21:34:01:003</closed_date></polygon></object></annotation>