<annotation><filename>m4_s06_089_p_nic015.jpg</filename><folder>users/joselusava//santiago_2</folder><source><submittedBy>Jose Saca</submittedBy></source><imagesize><nrows>2970</nrows><ncols>4451</ncols></imagesize><object><name>m4_s06_089_p_nic015</name><deleted>0</deleted><verified>0</verified><occluded>no</occluded><attributes></attributes><parts><hasparts></hasparts><ispartof></ispartof></parts><date>12-10-20 20:45:12:262</date><id>0</id><type>bounding_box</type><polygon><username>anonymous</username><pt><x>2777</x><y>411</y><time>12-10-20 20:45:06:179</time></pt><pt><x>4044</x><y>411</y><time>12-10-20 20:45:07:468</time></pt><pt><x>4044</x><y>2128</y><time>undefined</time></pt><pt><x>2777</x><y>2128</y><time>undefined</time></pt><closed_date>12-10-20 20:45:07:470</closed_date></polygon></object></annotation>