<annotation><filename>m3_s01_018_p_ic096.jpg</filename><folder>users/joselusava//m4_js/18/ic</folder><source><submittedBy>Jose Saca</submittedBy></source><imagesize><nrows>2970</nrows><ncols>4451</ncols></imagesize><object><name>m3_s01_018_p_ic096</name><deleted>0</deleted><verified>0</verified><occluded>no</occluded><attributes></attributes><parts><hasparts></hasparts><ispartof></ispartof></parts><date>05-11-20 14:39:42:526</date><id>0</id><type>bounding_box</type><polygon><username>anonymous</username><pt><x>3967</x><y>2652</y><time>05-11-20 14:39:39:363</time></pt><pt><x>200</x><y>2652</y><time>05-11-20 14:39:41:779</time></pt><pt><x>200</x><y>32</y><time>undefined</time></pt><pt><x>3967</x><y>32</y><time>undefined</time></pt><closed_date>05-11-20 14:39:41:779</closed_date></polygon></object></annotation>