<annotation><filename>m1_s01_021_p_ic009.jpg</filename><folder>users/joselusava//santiago</folder><source><submittedBy>Jose Saca</submittedBy></source><imagesize><nrows>2000</nrows><ncols>2992</ncols></imagesize><object><name>m1_s01_021_p_ic009</name><deleted>0</deleted><verified>0</verified><occluded>no</occluded><attributes></attributes><parts><hasparts></hasparts><ispartof></ispartof></parts><date>14-09-20 21:57:52:141</date><id>0</id><type>bounding_box</type><polygon><username>anonymous</username><pt><x>943</x><y>272</y><time>14-09-20 21:57:43:236</time></pt><pt><x>2083</x><y>272</y><time>14-09-20 21:57:45:265</time></pt><pt><x>2083</x><y>1780</y><time>undefined</time></pt><pt><x>943</x><y>1780</y><time>undefined</time></pt><closed_date>14-09-20 21:57:45:266</closed_date></polygon></object></annotation>