<annotation><filename>m4_s06_089_p_nic004.jpg</filename><folder>users/joselusava//santiago_2</folder><source><submittedBy>Jose Saca</submittedBy></source><imagesize><nrows>2970</nrows><ncols>4451</ncols></imagesize><object><name>m4_s06_089_p_nic004</name><deleted>0</deleted><verified>0</verified><occluded>no</occluded><attributes></attributes><parts><hasparts></hasparts><ispartof></ispartof></parts><date>12-10-20 20:24:09:023</date><id>0</id><type>bounding_box</type><polygon><username>anonymous</username><pt><x>525</x><y>496</y><time>12-10-20 20:24:04:138</time></pt><pt><x>1981</x><y>496</y><time>12-10-20 20:24:05:567</time></pt><pt><x>1981</x><y>2338</y><time>undefined</time></pt><pt><x>525</x><y>2338</y><time>undefined</time></pt><closed_date>12-10-20 20:24:05:567</closed_date></polygon></object></annotation>