<annotation><filename>m2_s01_058_p_ic090.jpg</filename><folder>users/joselusava//m2_jsv/58/ic</folder><source><submittedBy>Jose Saca</submittedBy></source><imagesize><nrows>2850</nrows><ncols>4271</ncols></imagesize><object><name>m2_s01_058_p_ic090</name><deleted>0</deleted><verified>0</verified><occluded>no</occluded><attributes></attributes><parts><hasparts></hasparts><ispartof></ispartof></parts><date>29-09-20 20:57:33:209</date><id>0</id><type>bounding_box</type><polygon><username>anonymous</username><pt><x>3333</x><y>290</y><time>29-09-20 20:57:30:763</time></pt><pt><x>818</x><y>290</y><time>29-09-20 20:57:32:260</time></pt><pt><x>818</x><y>2617</y><time>undefined</time></pt><pt><x>3333</x><y>2617</y><time>undefined</time></pt><closed_date>29-09-20 20:57:32:261</closed_date></polygon></object></annotation>