<annotation><filename>m2_s02_190_p_nic019.jpg</filename><folder>users/joselusava//m2_jsv/190/nic</folder><source><submittedBy>Jose Saca</submittedBy></source><imagesize><nrows>2910</nrows><ncols>4361</ncols></imagesize><object><name>m2_s02_190_p_nic019</name><deleted>0</deleted><verified>0</verified><occluded>no</occluded><attributes></attributes><parts><hasparts></hasparts><ispartof></ispartof></parts><date>21-09-20 14:57:06:211</date><id>0</id><type>bounding_box</type><polygon><username>anonymous</username><pt><x>1480</x><y>2881</y><time>21-09-20 14:57:02:424</time></pt><pt><x>418</x><y>2881</y><time>21-09-20 14:57:05:522</time></pt><pt><x>418</x><y>1419</y><time>undefined</time></pt><pt><x>1480</x><y>1419</y><time>undefined</time></pt><closed_date>21-09-20 14:57:05:522</closed_date></polygon></object></annotation>