<annotation><filename>m2_s01_034_p_nic077.jpg</filename><folder>users/joselusava//kath</folder><source><submittedBy>Jose Saca</submittedBy></source><imagesize><nrows>2850</nrows><ncols>4271</ncols></imagesize><object><name>m2_s01_034_p_nic077</name><deleted>0</deleted><verified>0</verified><occluded>no</occluded><attributes></attributes><parts><hasparts></hasparts><ispartof></ispartof></parts><date>25-09-20 20:47:32:384</date><id>0</id><type>bounding_box</type><polygon><username>anonymous</username><pt><x>308</x><y>695</y><time>25-09-20 20:47:25:124</time></pt><pt><x>1275</x><y>695</y><time>25-09-20 20:47:27:310</time></pt><pt><x>1275</x><y>1955</y><time>undefined</time></pt><pt><x>308</x><y>1955</y><time>undefined</time></pt><closed_date>25-09-20 20:47:27:310</closed_date></polygon></object></annotation>