<annotation><filename>m2_s05_236_p_ic074.jpg</filename><folder>users/joselusava//museos2020</folder><source><submittedBy>Jose Saca</submittedBy></source><imagesize><nrows>2910</nrows><ncols>4361</ncols></imagesize><object><name>m2_s05_236_p_ic074</name><deleted>0</deleted><verified>0</verified><occluded>no</occluded><attributes></attributes><parts><hasparts></hasparts><ispartof></ispartof></parts><date>16-09-20 19:14:34:417</date><id>0</id><type>bounding_box</type><polygon><username>anonymous</username><pt><x>205</x><y>284</y><time>16-09-20 19:14:27:342</time></pt><pt><x>4063</x><y>284</y><time>16-09-20 19:14:28:637</time></pt><pt><x>4063</x><y>2780</y><time>undefined</time></pt><pt><x>205</x><y>2780</y><time>undefined</time></pt><closed_date>16-09-20 19:14:28:638</closed_date></polygon></object></annotation>