<annotation><filename>m2_s01_056_p_ic041.jpg</filename><folder>users/joselusava//m2_jsv/56/ic</folder><source><submittedBy>Jose Saca</submittedBy></source><imagesize><nrows>2850</nrows><ncols>4271</ncols></imagesize><object><name>m2_s01_056_p_ic041</name><deleted>0</deleted><verified>0</verified><occluded>no</occluded><attributes></attributes><parts><hasparts></hasparts><ispartof></ispartof></parts><date>28-09-20 21:39:22:996</date><id>0</id><type>bounding_box</type><polygon><username>anonymous</username><pt><x>3184</x><y>2819</y><time>28-09-20 21:39:20:559</time></pt><pt><x>1002</x><y>2819</y><time>28-09-20 21:39:22:222</time></pt><pt><x>1002</x><y>25</y><time>undefined</time></pt><pt><x>3184</x><y>25</y><time>undefined</time></pt><closed_date>28-09-20 21:39:22:222</closed_date></polygon></object></annotation>