<annotation><filename>m1_s02_052_p_nic099.jpg</filename><folder>users/joselusava//valeria/sala2_052_nic</folder><source><submittedBy>Jose Saca</submittedBy></source><imagesize><nrows>3200</nrows><ncols>4800</ncols></imagesize><object><name>m1_s02_052_p_nic099</name><deleted>0</deleted><verified>0</verified><occluded>no</occluded><attributes></attributes><parts><hasparts></hasparts><ispartof></ispartof></parts><date>27-08-20 18:04:58:558</date><id>0</id><type>bounding_box</type><polygon><username>anonymous</username><pt><x>4193</x><y>1965</y><time>27-08-20 18:04:53:124</time></pt><pt><x>2556</x><y>1965</y><time>27-08-20 18:04:55:627</time></pt><pt><x>2556</x><y>639</y><time>undefined</time></pt><pt><x>4193</x><y>639</y><time>undefined</time></pt><closed_date>27-08-20 18:04:55:628</closed_date></polygon></object></annotation>