<annotation><filename>m1_s06_141_p_nic099.jpg</filename><folder>users/joselusava//jacob_2/141nic</folder><source><submittedBy>Jose Saca</submittedBy></source><imagesize><nrows>2736</nrows><ncols>4100</ncols></imagesize><object><name>m1_s06_141_p_nic099</name><deleted>0</deleted><verified>0</verified><occluded>no</occluded><attributes></attributes><parts><hasparts></hasparts><ispartof></ispartof></parts><date>06-09-20 01:28:15:007</date><id>0</id><type>bounding_box</type><polygon><username>anonymous</username><pt><x>3554</x><y>2274</y><time>06-09-20 01:28:12:458</time></pt><pt><x>2421</x><y>2274</y><time>06-09-20 01:28:14:428</time></pt><pt><x>2421</x><y>465</y><time>undefined</time></pt><pt><x>3554</x><y>465</y><time>undefined</time></pt><closed_date>06-09-20 01:28:14:428</closed_date></polygon></object></annotation>