<annotation><filename>m1_s01_004_p_ic006.jpg</filename><folder>users/joselusava//valeria_apoyo/sala001_004ic_ok</folder><source><submittedBy>Jose Saca</submittedBy></source><imagesize><nrows>2000</nrows><ncols>2992</ncols></imagesize><object><name>m1_s01_004_p_ic006</name><deleted>0</deleted><verified>0</verified><occluded>no</occluded><attributes></attributes><parts><hasparts></hasparts><ispartof></ispartof></parts><date>15-09-20 20:15:00:316</date><id>0</id><type>bounding_box</type><polygon><username>anonymous</username><pt><x>2981</x><y>1758</y><time>15-09-20 20:14:49:298</time></pt><pt><x>34</x><y>1758</y><time>15-09-20 20:14:55:949</time></pt><pt><x>34</x><y>693</y><time>undefined</time></pt><pt><x>2981</x><y>693</y><time>undefined</time></pt><closed_date>15-09-20 20:14:55:950</closed_date></polygon></object></annotation>