<annotation><filename>m2_s03_201_p_ic091.jpg</filename><folder>users/joselusava//eg</folder><source><submittedBy>Jose Saca</submittedBy></source><imagesize><nrows>2910</nrows><ncols>4361</ncols></imagesize><object><name>m2_s03_201_p_ic091</name><deleted>0</deleted><verified>0</verified><occluded>no</occluded><attributes></attributes><parts><hasparts></hasparts><ispartof></ispartof></parts><date>17-09-20 08:07:23:875</date><id>0</id><type>bounding_box</type><polygon><username>anonymous</username><pt><x>946</x><y>480</y><time>17-09-20 08:07:10:034</time></pt><pt><x>3104</x><y>480</y><time>17-09-20 08:07:11:183</time></pt><pt><x>3104</x><y>2487</y><time>undefined</time></pt><pt><x>946</x><y>2487</y><time>undefined</time></pt><closed_date>17-09-20 08:07:11:184</closed_date></polygon></object></annotation>