<annotation><filename>m2_s07_264_p_nic059.jpg</filename><folder>users/joselusava//valeria/sala7_264_nic</folder><source><submittedBy>Jose Saca</submittedBy></source><imagesize><nrows>2910</nrows><ncols>4361</ncols></imagesize><object><name>m2_s07_264_p_nic059</name><deleted>0</deleted><verified>0</verified><occluded>no</occluded><attributes></attributes><parts><hasparts></hasparts><ispartof></ispartof></parts><date>23-09-20 21:01:40:536</date><id>0</id><type>bounding_box</type><polygon><username>anonymous</username><pt><x>2651</x><y>2408</y><time>23-09-20 21:01:35:385</time></pt><pt><x>4029</x><y>2408</y><time>23-09-20 21:01:37:594</time></pt><pt><x>4029</x><y>584</y><time>undefined</time></pt><pt><x>2651</x><y>584</y><time>undefined</time></pt><closed_date>23-09-20 21:01:37:595</closed_date></polygon></object></annotation>