<annotation><filename>m4_s07_105_p_ic010.jpg</filename><folder>users/joselusava//kath/m4_105</folder><source><submittedBy>Jose Saca</submittedBy></source><imagesize><nrows>2970</nrows><ncols>4451</ncols></imagesize><object><name>m4_s07_105_p_ic010</name><deleted>0</deleted><verified>0</verified><occluded>no</occluded><attributes></attributes><parts><hasparts></hasparts><ispartof></ispartof></parts><date>25-10-20 09:08:48:627</date><id>0</id><type>bounding_box</type><polygon><username>anonymous</username><pt><x>1815</x><y>308</y><time>25-10-20 09:08:30:894</time></pt><pt><x>2794</x><y>308</y><time>25-10-20 09:08:33:067</time></pt><pt><x>2794</x><y>2534</y><time>undefined</time></pt><pt><x>1815</x><y>2534</y><time>undefined</time></pt><closed_date>25-10-20 09:08:33:068</closed_date></polygon></object></annotation>