<annotation><filename>m2_s06_244_p_nic041.jpg</filename><folder>users/joselusava//museos2020</folder><source><submittedBy>Jose Saca</submittedBy></source><imagesize><nrows>2910</nrows><ncols>4361</ncols></imagesize><object><name>m2_s06_244_p_ic041</name><deleted>0</deleted><verified>0</verified><occluded>no</occluded><attributes></attributes><parts><hasparts></hasparts><ispartof></ispartof></parts><date>25-09-20 18:55:21:975</date><id>0</id><type>bounding_box</type><polygon><username>anonymous</username><pt><x>1460</x><y>298</y><time>25-09-20 18:55:02:582</time></pt><pt><x>3096</x><y>298</y><time>25-09-20 18:55:05:513</time></pt><pt><x>3096</x><y>958</y><time>undefined</time></pt><pt><x>1460</x><y>958</y><time>undefined</time></pt><closed_date>25-09-20 18:55:05:515</closed_date></polygon></object></annotation>