<annotation><filename>m4_s09_138_p_nic034.jpg</filename><folder>users/joselusava//santiago_2</folder><source><submittedBy>Jose Saca</submittedBy></source><imagesize><nrows>2970</nrows><ncols>4451</ncols></imagesize><object><name>m4_s09_138_p_nic034</name><deleted>0</deleted><verified>0</verified><occluded>no</occluded><attributes></attributes><parts><hasparts></hasparts><ispartof></ispartof></parts><date>23-10-20 13:44:51:894</date><id>0</id><type>bounding_box</type><polygon><username>anonymous</username><pt><x>1742</x><y>907</y><time>23-10-20 13:44:48:482</time></pt><pt><x>4419</x><y>907</y><time>23-10-20 13:44:49:680</time></pt><pt><x>4419</x><y>1992</y><time>undefined</time></pt><pt><x>1742</x><y>1992</y><time>undefined</time></pt><closed_date>23-10-20 13:44:49:681</closed_date></polygon></object></annotation>