<annotation><filename>m4_s02_015_p_ic094.jpg</filename><folder>users/joselusava//m4_js/15ic</folder><source><submittedBy>Jose Saca</submittedBy></source><imagesize><nrows>2910</nrows><ncols>4361</ncols></imagesize><object><name>m4_s02_015_p_ic094</name><deleted>0</deleted><verified>0</verified><occluded>no</occluded><attributes></attributes><parts><hasparts></hasparts><ispartof></ispartof></parts><date>03-10-20 19:47:43:396</date><id>0</id><type>bounding_box</type><polygon><username>anonymous</username><pt><x>975</x><y>218</y><time>03-10-20 19:47:40:043</time></pt><pt><x>3221</x><y>218</y><time>03-10-20 19:47:41:691</time></pt><pt><x>3221</x><y>2646</y><time>undefined</time></pt><pt><x>975</x><y>2646</y><time>undefined</time></pt><closed_date>03-10-20 19:47:41:691</closed_date></polygon></object></annotation>