<annotation><filename>m2_s01_056_p_ic002.jpg</filename><folder>users/joselusava//m2_jsv/56/ic</folder><source><submittedBy>Jose Saca</submittedBy></source><imagesize><nrows>2850</nrows><ncols>4271</ncols></imagesize><object><name>m2_s01_056_p_ic002</name><deleted>0</deleted><verified>0</verified><occluded>no</occluded><attributes></attributes><parts><hasparts></hasparts><ispartof></ispartof></parts><date>28-09-20 21:25:08:197</date><id>0</id><type>bounding_box</type><polygon><username>anonymous</username><pt><x>2912</x><y>2743</y><time>28-09-20 21:25:06:153</time></pt><pt><x>1206</x><y>2743</y><time>28-09-20 21:25:07:423</time></pt><pt><x>1206</x><y>297</y><time>undefined</time></pt><pt><x>2912</x><y>297</y><time>undefined</time></pt><closed_date>28-09-20 21:25:07:423</closed_date></polygon></object></annotation>