<annotation><filename>m3_s01_002_p_nic091.jpg</filename><folder>users/joselusava//santiago_3</folder><source><submittedBy>Jose Saca</submittedBy></source><imagesize><nrows>2970</nrows><ncols>4451</ncols></imagesize><object><name>m3_s01_002_p_nic091</name><deleted>0</deleted><verified>0</verified><occluded>no</occluded><attributes></attributes><parts><hasparts></hasparts><ispartof></ispartof></parts><date>29-10-20 21:15:50:847</date><id>0</id><type>bounding_box</type><polygon><username>anonymous</username><pt><x>1578</x><y>664</y><time>29-10-20 21:15:47:189</time></pt><pt><x>4202</x><y>664</y><time>29-10-20 21:15:48:462</time></pt><pt><x>4202</x><y>2381</y><time>undefined</time></pt><pt><x>1578</x><y>2381</y><time>undefined</time></pt><closed_date>29-10-20 21:15:48:463</closed_date></polygon></object></annotation>