<annotation><filename>m2_s03_219_p_nic067.jpg</filename><folder>users/joselusava//valeria/m2_sala03_219_nic</folder><source><submittedBy>Jose Saca</submittedBy></source><imagesize><nrows>2910</nrows><ncols>4361</ncols></imagesize><object><name>m2_s03_219_p_nic067</name><deleted>0</deleted><verified>0</verified><occluded>no</occluded><attributes></attributes><parts><hasparts></hasparts><ispartof></ispartof></parts><date>29-09-20 18:48:25:667</date><id>0</id><type>bounding_box</type><polygon><username>anonymous</username><pt><x>2508</x><y>2750</y><time>29-09-20 18:48:19:867</time></pt><pt><x>3516</x><y>2750</y><time>29-09-20 18:48:22:169</time></pt><pt><x>3516</x><y>1020</y><time>undefined</time></pt><pt><x>2508</x><y>1020</y><time>undefined</time></pt><closed_date>29-09-20 18:48:22:171</closed_date></polygon></object></annotation>