<annotation><filename>m4_s04_037_p_nic059.jpg</filename><folder>users/joselusava//santiago_2</folder><source><submittedBy>Jose Saca</submittedBy></source><imagesize><nrows>2970</nrows><ncols>4451</ncols></imagesize><object><name>m4_s04_037_p_nic059</name><deleted>0</deleted><verified>0</verified><occluded>no</occluded><attributes></attributes><parts><hasparts></hasparts><ispartof></ispartof></parts><date>19-10-20 22:33:08:320</date><id>0</id><type>bounding_box</type><polygon><username>anonymous</username><pt><x>892</x><y>1585</y><time>19-10-20 22:33:05:521</time></pt><pt><x>1749</x><y>1585</y><time>19-10-20 22:33:06:320</time></pt><pt><x>1749</x><y>2713</y><time>undefined</time></pt><pt><x>892</x><y>2713</y><time>undefined</time></pt><closed_date>19-10-20 22:33:06:321</closed_date></polygon></object></annotation>