<annotation><filename>m4_s12_186_p_ic064.jpg</filename><folder>users/joselusava//m4_js/186/ic</folder><source><submittedBy>Jose Saca</submittedBy></source><imagesize><nrows>3899</nrows><ncols>5844</ncols></imagesize><object><name>m4_s12_186_p_ic064</name><deleted>0</deleted><verified>0</verified><occluded>no</occluded><attributes></attributes><parts><hasparts></hasparts><ispartof></ispartof></parts><date>18-10-20 11:02:36:479</date><id>0</id><type>bounding_box</type><polygon><username>anonymous</username><pt><x>2030</x><y>292</y><time>18-10-20 11:02:34:341</time></pt><pt><x>4013</x><y>292</y><time>18-10-20 11:02:35:730</time></pt><pt><x>4013</x><y>3324</y><time>undefined</time></pt><pt><x>2030</x><y>3324</y><time>undefined</time></pt><closed_date>18-10-20 11:02:35:730</closed_date></polygon></object></annotation>