<annotation><filename>m1_s01_021_p_ic067.jpg</filename><folder>users/joselusava//santiago</folder><source><submittedBy>Jose Saca</submittedBy></source><imagesize><nrows>3200</nrows><ncols>4800</ncols></imagesize><object><name>m1_s01_021_p_ic067</name><deleted>0</deleted><verified>0</verified><occluded>no</occluded><attributes></attributes><parts><hasparts></hasparts><ispartof></ispartof></parts><date>14-09-20 23:44:55:004</date><id>0</id><type>bounding_box</type><polygon><username>anonymous</username><pt><x>1667</x><y>810</y><time>14-09-20 23:44:46:849</time></pt><pt><x>3099</x><y>810</y><time>14-09-20 23:44:48:704</time></pt><pt><x>3099</x><y>2347</y><time>undefined</time></pt><pt><x>1667</x><y>2347</y><time>undefined</time></pt><closed_date>14-09-20 23:44:48:705</closed_date></polygon></object></annotation>