<annotation><filename>m1_s01_019_x.jpg</filename><folder>users/joselusava//santiago</folder><source><submittedBy>Jose Saca</submittedBy></source><imagesize><nrows>3200</nrows><ncols>4800</ncols></imagesize><object><name>m1_s01_019_x</name><deleted>0</deleted><verified>0</verified><occluded>no</occluded><attributes></attributes><parts><hasparts></hasparts><ispartof></ispartof></parts><date>09-09-20 19:07:31:442</date><id>0</id><type>bounding_box</type><polygon><username>anonymous</username><pt><x>1721</x><y>706</y><time>09-09-20 19:07:19:692</time></pt><pt><x>3117</x><y>706</y><time>09-09-20 19:07:21:293</time></pt><pt><x>3117</x><y>2534</y><time>undefined</time></pt><pt><x>1721</x><y>2534</y><time>undefined</time></pt><closed_date>09-09-20 19:07:21:294</closed_date></polygon></object></annotation>