<annotation><filename>m2_s03_252_p_ic065.jpg</filename><folder>users/joselusava//valeria/m2_sala03_252_ic</folder><source><submittedBy>Jose Saca</submittedBy></source><imagesize><nrows>2910</nrows><ncols>4361</ncols></imagesize><object><name>m2_s06_252_p_ic063</name><deleted>0</deleted><verified>0</verified><occluded>no</occluded><attributes/><parts><hasparts/><ispartof/></parts><date>25-09-20 23:22:14:374</date><id>0</id><type>bounding_box</type><polygon><username>anonymous</username><pt><x>3406</x><y>2546</y><time>25-09-20 23:22:07:628</time></pt><pt><x>832</x><y>2546</y><time>25-09-20 23:22:10:805</time></pt><pt><x>832</x><y>568</y><time>undefined</time></pt><pt><x>3406</x><y>568</y><time>undefined</time></pt><closed_date>25-09-20 23:22:10:806</closed_date></polygon></object><object><name>m2_s06_252_p_ic065</name><deleted>0</deleted><verified>0</verified><occluded>no</occluded><attributes></attributes><parts><hasparts></hasparts><ispartof></ispartof></parts><date>27-09-20 00:54:19:098</date><id>1</id><type>bounding_box</type><polygon><username>anonymous</username><pt><x>827</x><y>529</y><time>27-09-20 00:54:13:035</time></pt><pt><x>3417</x><y>529</y><time>27-09-20 00:54:14:998</time></pt><pt><x>3417</x><y>2524</y><time>undefined</time></pt><pt><x>827</x><y>2524</y><time>undefined</time></pt><closed_date>27-09-20 00:54:14:999</closed_date></polygon></object></annotation>