<annotation><filename>m2_s01_058_p_nic008.jpg</filename><folder>users/joselusava//m2_jsv/58/nic</folder><source><submittedBy>Jose Saca</submittedBy></source><imagesize><nrows>2850</nrows><ncols>4271</ncols></imagesize><object><name>m2_s01_058_p_nic008</name><deleted>0</deleted><verified>0</verified><occluded>no</occluded><attributes></attributes><parts><hasparts></hasparts><ispartof></ispartof></parts><date>29-09-20 21:14:12:293</date><id>0</id><type>bounding_box</type><polygon><username>anonymous</username><pt><x>989</x><y>68</y><time>29-09-20 21:14:10:476</time></pt><pt><x>3171</x><y>68</y><time>29-09-20 21:14:11:467</time></pt><pt><x>3171</x><y>1449</y><time>undefined</time></pt><pt><x>989</x><y>1449</y><time>undefined</time></pt><closed_date>29-09-20 21:14:11:467</closed_date></polygon></object></annotation>