<annotation><filename>m1_s02_036_p_nic055.jpg</filename><folder>users/joselusava//valeria/sala2_036_nic</folder><source><submittedBy>Jose Saca</submittedBy></source><imagesize><nrows>3200</nrows><ncols>4800</ncols></imagesize><object><name>m1_s02_036_p_nic054</name><deleted>0</deleted><verified>0</verified><occluded>no</occluded><attributes/><parts><hasparts/><ispartof/></parts><date>27-08-20 00:04:46:289</date><id>0</id><type>bounding_box</type><polygon><username>anonymous</username><pt><x>2126</x><y>311</y><time>27-08-20 00:04:39:944</time></pt><pt><x>3399</x><y>311</y><time>27-08-20 00:04:43:027</time></pt><pt><x>3399</x><y>1417</y><time>undefined</time></pt><pt><x>2126</x><y>1417</y><time>undefined</time></pt><closed_date>27-08-20 00:04:43:028</closed_date></polygon></object><object><name>m1_s02_036_p_nic055</name><deleted>0</deleted><verified>0</verified><occluded>no</occluded><attributes></attributes><parts><hasparts></hasparts><ispartof></ispartof></parts><date>27-08-20 00:27:02:168</date><id>1</id><type>bounding_box</type><polygon><username>anonymous</username><pt><x>2105</x><y>274</y><time>27-08-20 00:26:52:424</time></pt><pt><x>3409</x><y>274</y><time>27-08-20 00:26:54:866</time></pt><pt><x>3409</x><y>1428</y><time>undefined</time></pt><pt><x>2105</x><y>1428</y><time>undefined</time></pt><closed_date>27-08-20 00:26:54:867</closed_date></polygon></object></annotation>