<annotation><filename>m2_s01_001_p_nic013.jpg</filename><folder>users/joselusava//santiago</folder><source><submittedBy>Jose Saca</submittedBy></source><imagesize><nrows>2850</nrows><ncols>4271</ncols></imagesize><object><name>m2_s01_001_p_nic013</name><deleted>0</deleted><verified>0</verified><occluded>no</occluded><attributes></attributes><parts><hasparts></hasparts><ispartof></ispartof></parts><date>19-09-20 21:56:15:804</date><id>0</id><type>bounding_box</type><polygon><username>anonymous</username><pt><x>330</x><y>1177</y><time>19-09-20 21:56:07:086</time></pt><pt><x>1898</x><y>1177</y><time>19-09-20 21:56:09:203</time></pt><pt><x>1898</x><y>2658</y><time>undefined</time></pt><pt><x>330</x><y>2658</y><time>undefined</time></pt><closed_date>19-09-20 21:56:09:204</closed_date></polygon></object></annotation>