<annotation><filename>m2_s01_034_p_ic077.jpg</filename><folder>users/joselusava//kath</folder><source><submittedBy>Jose Saca</submittedBy></source><imagesize><nrows>2850</nrows><ncols>4271</ncols></imagesize><object><name>m2_s01_034_p_ic077</name><deleted>0</deleted><verified>0</verified><occluded>no</occluded><attributes></attributes><parts><hasparts></hasparts><ispartof></ispartof></parts><date>25-09-20 16:51:41:202</date><id>0</id><polygon><username>anonymous</username><pt><x>1060</x><y>179</y><time>25-09-20 16:51:23:694</time></pt><pt><x>2671</x><y>165</y><time>25-09-20 16:51:25:641</time></pt><pt><x>2764</x><y>2420</y><time>25-09-20 16:51:28:339</time></pt><pt><x>1253</x><y>2513</y><time>25-09-20 16:51:35:078</time></pt><closed_date>25-09-20 16:51:36:851</closed_date></polygon></object></annotation>