<annotation><filename>m2_s01_032_p_nic094.jpg</filename><folder>users/joselusava//santiago_2</folder><source><submittedBy>Jose Saca</submittedBy></source><imagesize><nrows>2850</nrows><ncols>4271</ncols></imagesize><object><name>m2_s01_032_p_nic094</name><deleted>0</deleted><verified>0</verified><occluded>no</occluded><attributes></attributes><parts><hasparts></hasparts><ispartof></ispartof></parts><date>30-09-20 21:29:28:703</date><id>0</id><type>bounding_box</type><polygon><username>anonymous</username><pt><x>2660</x><y>132</y><time>30-09-20 21:29:26:025</time></pt><pt><x>3393</x><y>132</y><time>30-09-20 21:29:26:683</time></pt><pt><x>3393</x><y>1143</y><time>undefined</time></pt><pt><x>2660</x><y>1143</y><time>undefined</time></pt><closed_date>30-09-20 21:29:26:684</closed_date></polygon></object></annotation>