<annotation><filename>m2_s06_244_p_nic012.jpg</filename><folder>users/joselusava//museos2020</folder><source><submittedBy>Jose Saca</submittedBy></source><imagesize><nrows>2910</nrows><ncols>4361</ncols></imagesize><object><name>m2_s06_244_p_nic012</name><deleted>0</deleted><verified>0</verified><occluded>no</occluded><attributes></attributes><parts><hasparts></hasparts><ispartof></ispartof></parts><date>24-09-20 19:55:05:896</date><id>0</id><type>bounding_box</type><polygon><username>anonymous</username><pt><x>400</x><y>363</y><time>24-09-20 19:54:53:953</time></pt><pt><x>2138</x><y>363</y><time>24-09-20 19:54:55:438</time></pt><pt><x>2138</x><y>1083</y><time>undefined</time></pt><pt><x>400</x><y>1083</y><time>undefined</time></pt><closed_date>24-09-20 19:54:55:439</closed_date></polygon></object></annotation>