<annotation><filename>m4_s06_089_p_nic044.jpg</filename><folder>users/joselusava//santiago_2</folder><source><submittedBy>Jose Saca</submittedBy></source><imagesize><nrows>2970</nrows><ncols>4451</ncols></imagesize><object><name>m4_s06_089_p_nic044</name><deleted>0</deleted><verified>0</verified><occluded>no</occluded><attributes></attributes><parts><hasparts></hasparts><ispartof></ispartof></parts><date>12-10-20 21:10:50:870</date><id>0</id><type>bounding_box</type><polygon><username>anonymous</username><pt><x>236</x><y>168</y><time>12-10-20 21:10:46:981</time></pt><pt><x>1667</x><y>168</y><time>12-10-20 21:10:48:667</time></pt><pt><x>1667</x><y>2149</y><time>undefined</time></pt><pt><x>236</x><y>2149</y><time>undefined</time></pt><closed_date>12-10-20 21:10:48:667</closed_date></polygon></object></annotation>