<annotation><filename>m1_s06_141_p_ic010.jpg</filename><folder>users/joselusava//jacob_2/141ic</folder><source><submittedBy>Jose Saca</submittedBy></source><imagesize><nrows>2736</nrows><ncols>4100</ncols></imagesize><object><name>m1_s06_141_p_ic010</name><deleted>0</deleted><verified>0</verified><occluded>no</occluded><attributes></attributes><parts><hasparts></hasparts><ispartof></ispartof></parts><date>04-09-20 17:16:41:660</date><id>0</id><type>bounding_box</type><polygon><username>anonymous</username><pt><x>1268</x><y>327</y><time>04-09-20 17:16:39:126</time></pt><pt><x>2619</x><y>327</y><time>04-09-20 17:16:40:970</time></pt><pt><x>2619</x><y>2349</y><time>undefined</time></pt><pt><x>1268</x><y>2349</y><time>undefined</time></pt><closed_date>04-09-20 17:16:40:970</closed_date></polygon></object></annotation>