<annotation><filename>m1_s01_004_p_ic045.jpg</filename><folder>users/joselusava//valeria_apoyo/sala001_004ic_ok</folder><source><submittedBy>Jose Saca</submittedBy></source><imagesize><nrows>2000</nrows><ncols>2992</ncols></imagesize><object><name>m1_s01_004_p_ic045</name><deleted>0</deleted><verified>0</verified><occluded>no</occluded><attributes></attributes><parts><hasparts></hasparts><ispartof></ispartof></parts><date>15-09-20 23:43:57:284</date><id>0</id><type>bounding_box</type><polygon><username>anonymous</username><pt><x>4</x><y>1830</y><time>15-09-20 23:43:47:972</time></pt><pt><x>2985</x><y>1830</y><time>15-09-20 23:43:52:489</time></pt><pt><x>2985</x><y>462</y><time>undefined</time></pt><pt><x>4</x><y>462</y><time>undefined</time></pt><closed_date>15-09-20 23:43:52:491</closed_date></polygon></object></annotation>