<annotation><filename>m4_s02_015_p_nic061.jpg</filename><folder>users/joselusava//m4_js/15nic</folder><source><submittedBy>Jose Saca</submittedBy></source><imagesize><nrows>2910</nrows><ncols>4361</ncols></imagesize><object><name>m4_s02_015_p_nic061</name><deleted>0</deleted><verified>0</verified><occluded>no</occluded><attributes></attributes><parts><hasparts></hasparts><ispartof></ispartof></parts><date>06-10-20 20:06:10:775</date><id>0</id><type>bounding_box</type><polygon><username>anonymous</username><pt><x>2664</x><y>1375</y><time>06-10-20 20:06:08:828</time></pt><pt><x>4135</x><y>1375</y><time>06-10-20 20:06:09:933</time></pt><pt><x>4135</x><y>2768</y><time>undefined</time></pt><pt><x>2664</x><y>2768</y><time>undefined</time></pt><closed_date>06-10-20 20:06:09:934</closed_date></polygon></object></annotation>