<annotation><filename>m2_s01_056_p_nic064.jpg</filename><folder>users/joselusava//m2_jsv/56/nic</folder><source><submittedBy>Jose Saca</submittedBy></source><imagesize><nrows>2850</nrows><ncols>4271</ncols></imagesize><object><name>m2_s01_056_p_nic064</name><deleted>0</deleted><verified>0</verified><occluded>no</occluded><attributes></attributes><parts><hasparts></hasparts><ispartof></ispartof></parts><date>28-09-20 22:28:57:433</date><id>0</id><type>bounding_box</type><polygon><username>anonymous</username><pt><x>2997</x><y>1630</y><time>28-09-20 22:28:55:316</time></pt><pt><x>1528</x><y>1630</y><time>28-09-20 22:28:56:467</time></pt><pt><x>1528</x><y>17</y><time>undefined</time></pt><pt><x>2997</x><y>17</y><time>undefined</time></pt><closed_date>28-09-20 22:28:56:467</closed_date></polygon></object></annotation>