<annotation><filename>m2_s01_024_p_nic031.jpg</filename><folder>users/joselusava//santiago</folder><source><submittedBy>Jose Saca</submittedBy></source><imagesize><nrows>2850</nrows><ncols>4271</ncols></imagesize><object><name>m2_s01_024_p_nic031</name><deleted>0</deleted><verified>0</verified><occluded>no</occluded><attributes></attributes><parts><hasparts></hasparts><ispartof></ispartof></parts><date>25-09-20 13:59:00:720</date><id>0</id><type>bounding_box</type><polygon><username>anonymous</username><pt><x>545</x><y>205</y><time>25-09-20 13:58:53:265</time></pt><pt><x>1302</x><y>205</y><time>25-09-20 13:58:54:416</time></pt><pt><x>1302</x><y>1641</y><time>undefined</time></pt><pt><x>545</x><y>1641</y><time>undefined</time></pt><closed_date>25-09-20 13:58:54:418</closed_date></polygon></object></annotation>