<annotation><filename>m2_s01_010_p_ic020.jpg</filename><folder>users/joselusava//santiago</folder><source><submittedBy>Jose Saca</submittedBy></source><imagesize><nrows>2850</nrows><ncols>4271</ncols></imagesize><object><name>m2_s01_010_p_ic020</name><deleted>0</deleted><verified>0</verified><occluded>no</occluded><attributes></attributes><parts><hasparts></hasparts><ispartof></ispartof></parts><date>21-09-20 15:23:25:965</date><id>0</id><type>bounding_box</type><polygon><username>anonymous</username><pt><x>1270</x><y>651</y><time>21-09-20 15:23:16:578</time></pt><pt><x>3046</x><y>651</y><time>21-09-20 15:23:17:979</time></pt><pt><x>3046</x><y>2398</y><time>undefined</time></pt><pt><x>1270</x><y>2398</y><time>undefined</time></pt><closed_date>21-09-20 15:23:17:980</closed_date></polygon></object></annotation>