<annotation><filename>m4_s04_037_p_nic078.jpg</filename><folder>users/joselusava//santiago_2</folder><source><submittedBy>Jose Saca</submittedBy></source><imagesize><nrows>2970</nrows><ncols>4451</ncols></imagesize><object><name>m4_s04_037_p_nic078</name><deleted>0</deleted><verified>0</verified><occluded>no</occluded><attributes></attributes><parts><hasparts></hasparts><ispartof></ispartof></parts><date>19-10-20 22:46:08:323</date><id>0</id><type>bounding_box</type><polygon><username>anonymous</username><pt><x>236</x><y>1171</y><time>19-10-20 22:46:05:287</time></pt><pt><x>1192</x><y>1171</y><time>19-10-20 22:46:06:268</time></pt><pt><x>1192</x><y>2713</y><time>undefined</time></pt><pt><x>236</x><y>2713</y><time>undefined</time></pt><closed_date>19-10-20 22:46:06:269</closed_date></polygon></object></annotation>