<annotation><filename>m2_s02_085_p_nic097.jpg</filename><folder>users/joselusava//m2_jsv/85/nic</folder><source><submittedBy>Jose Saca</submittedBy></source><imagesize><nrows>2910</nrows><ncols>4361</ncols></imagesize><object><name>m2_s02_085_p_nic097</name><deleted>0</deleted><verified>0</verified><occluded>no</occluded><attributes></attributes><parts><hasparts></hasparts><ispartof></ispartof></parts><date>19-09-20 23:07:36:624</date><id>0</id><type>bounding_box</type><polygon><username>anonymous</username><pt><x>1619</x><y>1811</y><time>19-09-20 23:07:34:989</time></pt><pt><x>2315</x><y>1811</y><time>19-09-20 23:07:35:890</time></pt><pt><x>2315</x><y>2603</y><time>undefined</time></pt><pt><x>1619</x><y>2603</y><time>undefined</time></pt><closed_date>19-09-20 23:07:35:890</closed_date></polygon></object></annotation>