<annotation><filename>m2_s02_129_p_nic037.jpg</filename><folder>users/joselusava//m2_jsv/129/nic</folder><source><submittedBy>Jose Saca</submittedBy></source><imagesize><nrows>2910</nrows><ncols>4361</ncols></imagesize><object><name>m2_s02_129_p_nic037</name><deleted>0</deleted><verified>0</verified><occluded>no</occluded><attributes></attributes><parts><hasparts></hasparts><ispartof></ispartof></parts><date>25-09-20 07:30:34:652</date><id>0</id><type>bounding_box</type><polygon><username>anonymous</username><pt><x>4100</x><y>2846</y><time>25-09-20 07:30:32:438</time></pt><pt><x>3212</x><y>2846</y><time>25-09-20 07:30:33:879</time></pt><pt><x>3212</x><y>1793</y><time>undefined</time></pt><pt><x>4100</x><y>1793</y><time>undefined</time></pt><closed_date>25-09-20 07:30:33:879</closed_date></polygon></object></annotation>