<annotation><filename>m2_s01_034_p_ic008.jpg</filename><folder>users/joselusava//kath</folder><source><submittedBy>Jose Saca</submittedBy></source><imagesize><nrows>2850</nrows><ncols>4271</ncols></imagesize><object><name>m2_s01_034_p_ic008</name><deleted>0</deleted><verified>0</verified><occluded>no</occluded><attributes></attributes><parts><hasparts></hasparts><ispartof></ispartof></parts><date>23-09-20 22:09:55:476</date><id>0</id><type>bounding_box</type><polygon><username>anonymous</username><pt><x>1053</x><y>133</y><time>23-09-20 22:09:42:524</time></pt><pt><x>2934</x><y>133</y><time>23-09-20 22:09:46:953</time></pt><pt><x>2934</x><y>2801</y><time>undefined</time></pt><pt><x>1053</x><y>2801</y><time>undefined</time></pt><closed_date>23-09-20 22:09:46:954</closed_date></polygon></object></annotation>