<annotation><filename>m4_s06_089_p_ic093.jpg</filename><folder>users/joselusava//santiago_2</folder><source><submittedBy>Jose Saca</submittedBy></source><imagesize><nrows>2970</nrows><ncols>4451</ncols></imagesize><object><name>m4_s06_089_p_ic093</name><deleted>0</deleted><verified>0</verified><occluded>no</occluded><attributes></attributes><parts><hasparts></hasparts><ispartof></ispartof></parts><date>11-10-20 22:03:50:409</date><id>0</id><type>bounding_box</type><polygon><username>anonymous</username><pt><x>1291</x><y>438</y><time>11-10-20 22:03:46:507</time></pt><pt><x>2949</x><y>438</y><time>11-10-20 22:03:47:713</time></pt><pt><x>2949</x><y>2662</y><time>undefined</time></pt><pt><x>1291</x><y>2662</y><time>undefined</time></pt><closed_date>11-10-20 22:03:47:714</closed_date></polygon></object></annotation>