<annotation><filename>m4_s10_164_p_nic085.jpg</filename><folder>users/joselusava//santiago_2</folder><source><submittedBy>Jose Saca</submittedBy></source><imagesize><nrows>2970</nrows><ncols>4451</ncols></imagesize><object><name>m4_s10_164_p_nic085</name><deleted>0</deleted><verified>0</verified><occluded>no</occluded><attributes></attributes><parts><hasparts></hasparts><ispartof></ispartof></parts><date>14-10-20 16:19:23:375</date><id>0</id><type>bounding_box</type><polygon><username>anonymous</username><pt><x>700</x><y>1656</y><time>14-10-20 16:19:20:636</time></pt><pt><x>1124</x><y>1656</y><time>14-10-20 16:19:21:555</time></pt><pt><x>1124</x><y>2324</y><time>undefined</time></pt><pt><x>700</x><y>2324</y><time>undefined</time></pt><closed_date>14-10-20 16:19:21:556</closed_date></polygon></object></annotation>