<annotation><filename>m1_s01_001_p_ic076.jpg</filename><folder>users/joselusava//juancarlos</folder><source><submittedBy>Jose Saca</submittedBy></source><imagesize><nrows>2000</nrows><ncols>2992</ncols></imagesize><object><name>m1_s01_001_p_ic076</name><deleted>0</deleted><verified>0</verified><occluded>no</occluded><attributes></attributes><parts><hasparts></hasparts><ispartof></ispartof></parts><date>01-09-20 10:17:13:212</date><id>0</id><type>bounding_box</type><polygon><username>anonymous</username><pt><x>860</x><y>825</y><time>01-09-20 10:17:02:601</time></pt><pt><x>2101</x><y>825</y><time>01-09-20 10:17:06:575</time></pt><pt><x>2101</x><y>1504</y><time>undefined</time></pt><pt><x>860</x><y>1504</y><time>undefined</time></pt><closed_date>01-09-20 10:17:06:577</closed_date></polygon></object></annotation>