<annotation><filename>m4_s10_157_p_ic069.jpg</filename><folder>users/joselusava//valeria/m04_s10_157_ic</folder><source><submittedBy>Jose Saca</submittedBy></source><imagesize><nrows>2970</nrows><ncols>4451</ncols></imagesize><object><name>m4_s10_157_p_ic069</name><deleted>0</deleted><verified>0</verified><occluded>no</occluded><attributes></attributes><parts><hasparts></hasparts><ispartof></ispartof></parts><date>12-10-20 18:01:18:177</date><id>0</id><type>bounding_box</type><polygon><username>anonymous</username><pt><x>3364</x><y>287</y><time>12-10-20 18:01:12:783</time></pt><pt><x>1029</x><y>287</y><time>12-10-20 18:01:15:000</time></pt><pt><x>1029</x><y>2661</y><time>undefined</time></pt><pt><x>3364</x><y>2661</y><time>undefined</time></pt><closed_date>12-10-20 18:01:15:001</closed_date></polygon></object></annotation>