<annotation><filename>m1_s01_021_p_ic063.jpg</filename><folder>users/joselusava//santiago</folder><source><submittedBy>Jose Saca</submittedBy></source><imagesize><nrows>3200</nrows><ncols>4800</ncols></imagesize><object><name>m1_s01_021_p_ic063</name><deleted>0</deleted><verified>0</verified><occluded>no</occluded><attributes></attributes><parts><hasparts></hasparts><ispartof></ispartof></parts><date>14-09-20 23:39:47:085</date><id>0</id><type>bounding_box</type><polygon><username>anonymous</username><pt><x>1649</x><y>680</y><time>14-09-20 23:39:39:175</time></pt><pt><x>3049</x><y>680</y><time>14-09-20 23:39:41:381</time></pt><pt><x>3049</x><y>2422</y><time>undefined</time></pt><pt><x>1649</x><y>2422</y><time>undefined</time></pt><closed_date>14-09-20 23:39:41:382</closed_date></polygon></object></annotation>