<annotation><filename>m1_s01_017_p_nic044.jpg</filename><folder>users/joselusava//santiago</folder><source><submittedBy>Jose Saca</submittedBy></source><imagesize><nrows>3200</nrows><ncols>4800</ncols></imagesize><object><name>m1_s01_017_p_nic044</name><deleted>0</deleted><verified>0</verified><occluded>no</occluded><attributes></attributes><parts><hasparts></hasparts><ispartof></ispartof></parts><date>11-09-20 19:10:31:424</date><id>0</id><type>bounding_box</type><polygon><username>anonymous</username><pt><x>3672</x><y>1861</y><time>11-09-20 19:10:23:542</time></pt><pt><x>4175</x><y>1861</y><time>11-09-20 19:10:24:475</time></pt><pt><x>4175</x><y>2286</y><time>undefined</time></pt><pt><x>3672</x><y>2286</y><time>undefined</time></pt><closed_date>11-09-20 19:10:24:476</closed_date></polygon></object></annotation>