<annotation><filename>m2_s05_236_p_nic050.jpg</filename><folder>users/joselusava//museos2020</folder><source><submittedBy>Jose Saca</submittedBy></source><imagesize><nrows>2910</nrows><ncols>4361</ncols></imagesize><object><name>m2_s05_236_p_nic050</name><deleted>0</deleted><verified>0</verified><occluded>no</occluded><attributes></attributes><parts><hasparts></hasparts><ispartof></ispartof></parts><date>17-09-20 07:56:38:289</date><id>0</id><type>bounding_box</type><polygon><username>anonymous</username><pt><x>693</x><y>851</y><time>17-09-20 07:56:30:710</time></pt><pt><x>3073</x><y>851</y><time>17-09-20 07:56:32:215</time></pt><pt><x>3073</x><y>2738</y><time>undefined</time></pt><pt><x>693</x><y>2738</y><time>undefined</time></pt><closed_date>17-09-20 07:56:32:216</closed_date></polygon></object></annotation>