<annotation><filename>m2_s06_250_p_nic046.jpg</filename><folder>users/joselusava//m2_jsv/250</folder><source><submittedBy>Jose Saca</submittedBy></source><imagesize><nrows>2910</nrows><ncols>4361</ncols></imagesize><object><name>m2_s06_250_p_nic046</name><deleted>0</deleted><verified>0</verified><occluded>no</occluded><attributes></attributes><parts><hasparts></hasparts><ispartof></ispartof></parts><date>30-09-20 11:41:45:600</date><id>0</id><type>bounding_box</type><polygon><username>anonymous</username><pt><x>2733</x><y>905</y><time>30-09-20 11:41:43:773</time></pt><pt><x>44</x><y>905</y><time>30-09-20 11:41:44:999</time></pt><pt><x>44</x><y>2577</y><time>undefined</time></pt><pt><x>2733</x><y>2577</y><time>undefined</time></pt><closed_date>30-09-20 11:41:44:999</closed_date></polygon></object></annotation>