<annotation><filename>m4_s10_164_p_nic062.jpg</filename><folder>users/joselusava//santiago_2</folder><source><submittedBy>Jose Saca</submittedBy></source><imagesize><nrows>2970</nrows><ncols>4451</ncols></imagesize><object><name>m4_s10_164_p_nic062</name><deleted>0</deleted><verified>0</verified><occluded>no</occluded><attributes></attributes><parts><hasparts></hasparts><ispartof></ispartof></parts><date>14-10-20 13:40:51:069</date><id>0</id><type>bounding_box</type><polygon><username>anonymous</username><pt><x>3084</x><y>2056</y><time>14-10-20 13:40:47:453</time></pt><pt><x>3616</x><y>2056</y><time>14-10-20 13:40:48:711</time></pt><pt><x>3616</x><y>2684</y><time>undefined</time></pt><pt><x>3084</x><y>2684</y><time>undefined</time></pt><closed_date>14-10-20 13:40:48:712</closed_date></polygon></object></annotation>