<annotation><filename>m2_s01_032_p_ic009.jpg</filename><folder>users/joselusava//santiago_2</folder><source><submittedBy>Jose Saca</submittedBy></source><imagesize><nrows>2850</nrows><ncols>4271</ncols></imagesize><object><name>m2_s01_032_p_ic009</name><deleted>0</deleted><verified>0</verified><occluded>no</occluded><attributes></attributes><parts><hasparts></hasparts><ispartof></ispartof></parts><date>29-09-20 22:09:38:282</date><id>0</id><type>bounding_box</type><polygon><username>anonymous</username><pt><x>1164</x><y>385</y><time>29-09-20 22:09:34:481</time></pt><pt><x>3084</x><y>385</y><time>29-09-20 22:09:36:024</time></pt><pt><x>3084</x><y>2786</y><time>undefined</time></pt><pt><x>1164</x><y>2786</y><time>undefined</time></pt><closed_date>29-09-20 22:09:36:026</closed_date></polygon></object></annotation>