<annotation><filename>m4_s11_178_p_nic045.jpg</filename><folder>users/joselusava//santiago_2</folder><source><submittedBy>Jose Saca</submittedBy></source><imagesize><nrows>2970</nrows><ncols>4451</ncols></imagesize><object><name>m4_s11_178_p_nic045</name><deleted>0</deleted><verified>0</verified><occluded>no</occluded><attributes></attributes><parts><hasparts></hasparts><ispartof></ispartof></parts><date>16-10-20 09:25:53:712</date><id>0</id><type>bounding_box</type><polygon><username>anonymous</username><pt><x>568</x><y>1032</y><time>16-10-20 09:25:50:045</time></pt><pt><x>1717</x><y>1032</y><time>16-10-20 09:25:51:653</time></pt><pt><x>1717</x><y>2142</y><time>undefined</time></pt><pt><x>568</x><y>2142</y><time>undefined</time></pt><closed_date>16-10-20 09:25:51:654</closed_date></polygon></object></annotation>