<annotation><filename>m1_s02_029_p_nic022.jpg</filename><folder>users/joselusava//valeria/sala2_029_nic</folder><source><submittedBy>Jose Saca</submittedBy></source><imagesize><nrows>3200</nrows><ncols>4800</ncols></imagesize><object><name>m1_s02_029_p_nic022</name><deleted>0</deleted><verified>0</verified><occluded>no</occluded><attributes></attributes><parts><hasparts></hasparts><ispartof></ispartof></parts><date>26-08-20 18:18:11:275</date><id>0</id><type>bounding_box</type><polygon><username>anonymous</username><pt><x>435</x><y>1391</y><time>26-08-20 18:18:05:986</time></pt><pt><x>1417</x><y>1391</y><time>26-08-20 18:18:07:960</time></pt><pt><x>1417</x><y>2706</y><time>undefined</time></pt><pt><x>435</x><y>2706</y><time>undefined</time></pt><closed_date>26-08-20 18:18:07:961</closed_date></polygon></object></annotation>