<annotation><filename>m4_s06_089_p_nic038.jpg</filename><folder>users/joselusava//santiago_2</folder><source><submittedBy>Jose Saca</submittedBy></source><imagesize><nrows>2970</nrows><ncols>4451</ncols></imagesize><object><name>m4_s06_089_p_nic038</name><deleted>0</deleted><verified>0</verified><occluded>no</occluded><attributes></attributes><parts><hasparts></hasparts><ispartof></ispartof></parts><date>12-10-20 21:02:10:911</date><id>0</id><type>bounding_box</type><polygon><username>anonymous</username><pt><x>1310</x><y>61</y><time>12-10-20 21:02:07:476</time></pt><pt><x>2813</x><y>61</y><time>12-10-20 21:02:08:635</time></pt><pt><x>2813</x><y>2053</y><time>undefined</time></pt><pt><x>1310</x><y>2053</y><time>undefined</time></pt><closed_date>12-10-20 21:02:08:635</closed_date></polygon></object></annotation>