<annotation><filename>m4_s05_055_p_nic062.jpg</filename><folder>users/joselusava//valeria/m4_s05_055_nic</folder><source><submittedBy>Jose Saca</submittedBy></source><imagesize><nrows>2910</nrows><ncols>4361</ncols></imagesize><object><name>m4_s05_055_p_nic062</name><deleted>0</deleted><verified>0</verified><occluded>no</occluded><attributes></attributes><parts><hasparts></hasparts><ispartof></ispartof></parts><date>09-10-20 17:54:45:348</date><id>0</id><type>bounding_box</type><polygon><username>anonymous</username><pt><x>2436</x><y>1224</y><time>09-10-20 17:54:40:257</time></pt><pt><x>3753</x><y>1224</y><time>09-10-20 17:54:41:999</time></pt><pt><x>3753</x><y>2794</y><time>undefined</time></pt><pt><x>2436</x><y>2794</y><time>undefined</time></pt><closed_date>09-10-20 17:54:42:000</closed_date></polygon></object></annotation>