<annotation><filename>m3_s01_013_p_nic029.jpg</filename><folder>users/joselusava//valeria/m03_s01_13_nic</folder><source><submittedBy>Jose Saca</submittedBy></source><imagesize><nrows>2970</nrows><ncols>4451</ncols></imagesize><object><name>m3_s01_013_p_nic029</name><deleted>0</deleted><verified>0</verified><occluded>no</occluded><attributes></attributes><parts><hasparts></hasparts><ispartof></ispartof></parts><date>06-11-20 21:18:18:097</date><id>0</id><type>bounding_box</type><polygon><username>anonymous</username><pt><x>2302</x><y>2719</y><time>06-11-20 21:18:13:254</time></pt><pt><x>377</x><y>2719</y><time>06-11-20 21:18:15:265</time></pt><pt><x>377</x><y>394</y><time>undefined</time></pt><pt><x>2302</x><y>394</y><time>undefined</time></pt><closed_date>06-11-20 21:18:15:266</closed_date></polygon></object></annotation>