<annotation><filename>m2_s01_018_p_ic033.jpg</filename><folder>users/joselusava//santiago_2</folder><source><submittedBy>Jose Saca</submittedBy></source><imagesize><nrows>2850</nrows><ncols>4271</ncols></imagesize><object><name>m2_s01_018_p_ic033</name><deleted>0</deleted><verified>0</verified><occluded>no</occluded><attributes></attributes><parts><hasparts></hasparts><ispartof></ispartof></parts><date>28-09-20 16:18:07:709</date><id>0</id><type>bounding_box</type><polygon><username>anonymous</username><pt><x>1353</x><y>811</y><time>28-09-20 16:18:00:070</time></pt><pt><x>2908</x><y>811</y><time>28-09-20 16:18:02:418</time></pt><pt><x>2908</x><y>2619</y><time>undefined</time></pt><pt><x>1353</x><y>2619</y><time>undefined</time></pt><closed_date>28-09-20 16:18:02:419</closed_date></polygon></object></annotation>