<annotation><filename>m4_s10_154_p_nic029.jpg</filename><folder>users/joselusava//valeria/m04_s10_154_nic</folder><source><submittedBy>Jose Saca</submittedBy></source><imagesize><nrows>2970</nrows><ncols>4451</ncols></imagesize><object><name>m4_s10_154_p_nic029</name><deleted>0</deleted><verified>0</verified><occluded>no</occluded><attributes></attributes><parts><hasparts></hasparts><ispartof></ispartof></parts><date>14-10-20 12:45:17:429</date><id>0</id><type>bounding_box</type><polygon><username>anonymous</username><pt><x>1554</x><y>2770</y><time>14-10-20 12:45:13:110</time></pt><pt><x>3233</x><y>2770</y><time>14-10-20 12:45:14:448</time></pt><pt><x>3233</x><y>1022</y><time>undefined</time></pt><pt><x>1554</x><y>1022</y><time>undefined</time></pt><closed_date>14-10-20 12:45:14:450</closed_date></polygon></object></annotation>