<annotation><filename>m2_s01_024_p_nic038.jpg</filename><folder>users/joselusava//santiago</folder><source><submittedBy>Jose Saca</submittedBy></source><imagesize><nrows>2850</nrows><ncols>4271</ncols></imagesize><object><name>m2_s01_024_p_nic038</name><deleted>0</deleted><verified>0</verified><occluded>no</occluded><attributes></attributes><parts><hasparts></hasparts><ispartof></ispartof></parts><date>25-09-20 14:13:24:624</date><id>0</id><type>bounding_box</type><polygon><username>anonymous</username><pt><x>1359</x><y>1298</y><time>25-09-20 14:13:17:970</time></pt><pt><x>2238</x><y>1298</y><time>25-09-20 14:13:19:125</time></pt><pt><x>2238</x><y>2690</y><time>undefined</time></pt><pt><x>1359</x><y>2690</y><time>undefined</time></pt><closed_date>25-09-20 14:13:19:127</closed_date></polygon></object></annotation>