<annotation><filename>m2_s01_060_x.jpg</filename><folder>users/joselusava//juancarlos</folder><source><submittedBy>Jose Saca</submittedBy></source><imagesize><nrows>2850</nrows><ncols>4271</ncols></imagesize><object><name>m2_s01_060_x</name><deleted>0</deleted><verified>0</verified><occluded>no</occluded><attributes></attributes><parts><hasparts></hasparts><ispartof></ispartof></parts><date>28-09-20 10:39:19:374</date><id>0</id><type>bounding_box</type><polygon><username>anonymous</username><pt><x>1416</x><y>392</y><time>28-09-20 10:39:08:839</time></pt><pt><x>2868</x><y>392</y><time>28-09-20 10:39:11:781</time></pt><pt><x>2868</x><y>2659</y><time>undefined</time></pt><pt><x>1416</x><y>2659</y><time>undefined</time></pt><closed_date>28-09-20 10:39:11:783</closed_date></polygon></object></annotation>