<annotation><filename>m4_s05_055_p_nic026.jpg</filename><folder>users/joselusava//valeria/m4_s05_055_nic</folder><source><submittedBy>Jose Saca</submittedBy></source><imagesize><nrows>2910</nrows><ncols>4361</ncols></imagesize><object><name>m4_s05_055_p_nic026</name><deleted>0</deleted><verified>0</verified><occluded>no</occluded><attributes></attributes><parts><hasparts></hasparts><ispartof></ispartof></parts><date>09-10-20 16:44:14:894</date><id>0</id><type>bounding_box</type><polygon><username>anonymous</username><pt><x>1675</x><y>2844</y><time>09-10-20 16:44:09:369</time></pt><pt><x>3180</x><y>2844</y><time>09-10-20 16:44:11:430</time></pt><pt><x>3180</x><y>1328</y><time>undefined</time></pt><pt><x>1675</x><y>1328</y><time>undefined</time></pt><closed_date>09-10-20 16:44:11:431</closed_date></polygon></object></annotation>