<annotation><filename>m2_s03_219_p_ic030.jpg</filename><folder>users/joselusava//valeria/m2_sala03_219_ic</folder><source><submittedBy>Jose Saca</submittedBy></source><imagesize><nrows>2910</nrows><ncols>4361</ncols></imagesize><object><name>m2_s03_219_p_ic030</name><deleted>0</deleted><verified>0</verified><occluded>no</occluded><attributes></attributes><parts><hasparts></hasparts><ispartof></ispartof></parts><date>29-09-20 00:09:11:335</date><id>0</id><type>bounding_box</type><polygon><username>anonymous</username><pt><x>1113</x><y>265</y><time>29-09-20 00:09:05:454</time></pt><pt><x>3345</x><y>265</y><time>29-09-20 00:09:08:112</time></pt><pt><x>3345</x><y>2634</y><time>undefined</time></pt><pt><x>1113</x><y>2634</y><time>undefined</time></pt><closed_date>29-09-20 00:09:08:113</closed_date></polygon></object></annotation>