<annotation><filename>m1_s02_029_p_nic080.jpg</filename><folder>users/joselusava//valeria/sala2_029_nic</folder><source><submittedBy>Jose Saca</submittedBy></source><imagesize><nrows>3200</nrows><ncols>4800</ncols></imagesize><object><name>m1_s02_029_p_nic080</name><deleted>0</deleted><verified>0</verified><occluded>no</occluded><attributes></attributes><parts><hasparts></hasparts><ispartof></ispartof></parts><date>26-08-20 20:32:32:397</date><id>0</id><type>bounding_box</type><polygon><username>anonymous</username><pt><x>274</x><y>1396</y><time>26-08-20 20:32:26:666</time></pt><pt><x>1434</x><y>1396</y><time>26-08-20 20:32:29:309</time></pt><pt><x>1434</x><y>2615</y><time>undefined</time></pt><pt><x>274</x><y>2615</y><time>undefined</time></pt><closed_date>26-08-20 20:32:29:310</closed_date></polygon></object></annotation>