<annotation><filename>m1_s01_017_p_nic008.jpg</filename><folder>users/joselusava//santiago</folder><source><submittedBy>Jose Saca</submittedBy></source><imagesize><nrows>3200</nrows><ncols>4800</ncols></imagesize><object><name>m1_s01_017_p_nic008</name><deleted>0</deleted><verified>0</verified><occluded>no</occluded><attributes></attributes><parts><hasparts></hasparts><ispartof></ispartof></parts><date>11-09-20 18:23:58:672</date><id>0</id><type>bounding_box</type><polygon><username>anonymous</username><pt><x>1112</x><y>713</y><time>11-09-20 18:23:50:081</time></pt><pt><x>1623</x><y>713</y><time>11-09-20 18:23:52:067</time></pt><pt><x>1623</x><y>1062</y><time>undefined</time></pt><pt><x>1112</x><y>1062</y><time>undefined</time></pt><closed_date>11-09-20 18:23:52:069</closed_date></polygon></object></annotation>