<annotation><filename>m4_s04_039_p_ic097.jpg</filename><folder>users/joselusava//santiago_2</folder><source><submittedBy>Jose Saca</submittedBy></source><imagesize><nrows>2970</nrows><ncols>4451</ncols></imagesize><object><name>m4_s04_039_p_ic097</name><deleted>0</deleted><verified>0</verified><occluded>no</occluded><attributes></attributes><parts><hasparts></hasparts><ispartof></ispartof></parts><date>21-10-20 16:11:14:634</date><id>0</id><type>bounding_box</type><polygon><username>anonymous</username><pt><x>1799</x><y>361</y><time>21-10-20 16:11:10:789</time></pt><pt><x>2549</x><y>361</y><time>21-10-20 16:11:12:597</time></pt><pt><x>2549</x><y>2877</y><time>undefined</time></pt><pt><x>1799</x><y>2877</y><time>undefined</time></pt><closed_date>21-10-20 16:11:12:598</closed_date></polygon></object></annotation>