<annotation><filename>m4_s12_185_p_ic010.jpg</filename><folder>users/joselusava//valeria/m04_s12_185_ic</folder><source><submittedBy>Jose Saca</submittedBy></source><imagesize><nrows>2910</nrows><ncols>4361</ncols></imagesize><object><name>m4_s12_185_p_ic010</name><deleted>0</deleted><verified>0</verified><occluded>no</occluded><attributes></attributes><parts><hasparts></hasparts><ispartof></ispartof></parts><date>17-10-20 14:36:50:876</date><id>0</id><type>bounding_box</type><polygon><username>anonymous</username><pt><x>873</x><y>2608</y><time>17-10-20 14:36:44:664</time></pt><pt><x>3481</x><y>2608</y><time>17-10-20 14:36:47:486</time></pt><pt><x>3481</x><y>336</y><time>undefined</time></pt><pt><x>873</x><y>336</y><time>undefined</time></pt><closed_date>17-10-20 14:36:47:487</closed_date></polygon></object></annotation>