<annotation><filename>m4_s02_015_p_ic034.jpg</filename><folder>users/joselusava//m4_js/15ic</folder><source><submittedBy>Jose Saca</submittedBy></source><imagesize><nrows>2910</nrows><ncols>4361</ncols></imagesize><object><name>m4_s02_015_p_ic034</name><deleted>0</deleted><verified>0</verified><occluded>no</occluded><attributes></attributes><parts><hasparts></hasparts><ispartof></ispartof></parts><date>03-10-20 19:20:11:465</date><id>0</id><type>bounding_box</type><polygon><username>anonymous</username><pt><x>2864</x><y>2385</y><time>03-10-20 19:20:09:320</time></pt><pt><x>1410</x><y>2385</y><time>03-10-20 19:20:10:842</time></pt><pt><x>1410</x><y>305</y><time>undefined</time></pt><pt><x>2864</x><y>305</y><time>undefined</time></pt><closed_date>03-10-20 19:20:10:842</closed_date></polygon></object></annotation>