<annotation><filename>m1_s02_029_p_ic087.jpg</filename><folder>users/joselusava//valeria/sala2_029_ic</folder><source><submittedBy>Jose Saca</submittedBy></source><imagesize><nrows>3200</nrows><ncols>4800</ncols></imagesize><object><name>m1_s02_029_p_ic087</name><deleted>0</deleted><verified>0</verified><occluded>no</occluded><attributes></attributes><parts><hasparts></hasparts><ispartof></ispartof></parts><date>22-08-20 21:15:04:624</date><id>0</id><type>bounding_box</type><polygon><username>anonymous</username><pt><x>875</x><y>16</y><time>22-08-20 21:14:56:983</time></pt><pt><x>3968</x><y>16</y><time>22-08-20 21:14:59:834</time></pt><pt><x>3968</x><y>3125</y><time>undefined</time></pt><pt><x>875</x><y>3125</y><time>undefined</time></pt><closed_date>22-08-20 21:14:59:836</closed_date></polygon></object></annotation>