<annotation><filename>m2_s03_211_x.jpg</filename><folder>users/joselusava//juancarlos</folder><source><submittedBy>Jose Saca</submittedBy></source><imagesize><nrows>2910</nrows><ncols>4361</ncols></imagesize><object><name>m2_s03_211_x</name><deleted>0</deleted><verified>0</verified><occluded>no</occluded><attributes></attributes><parts><hasparts></hasparts><ispartof></ispartof></parts><date>30-09-20 16:07:49:371</date><id>0</id><polygon><username>anonymous</username><pt><x>1125</x><y>349</y><time>30-09-20 16:07:38:540</time></pt><pt><x>879</x><y>2515</y><time>30-09-20 16:07:39:794</time></pt><pt><x>3198</x><y>2478</y><time>30-09-20 16:07:40:914</time></pt><pt><x>2891</x><y>339</y><time>30-09-20 16:07:42:176</time></pt><closed_date>30-09-20 16:07:43:112</closed_date></polygon></object></annotation>