<annotation><filename>m4_s04_039_p_nic044.jpg</filename><folder>users/joselusava//santiago_2</folder><source><submittedBy>Jose Saca</submittedBy></source><imagesize><nrows>2970</nrows><ncols>4451</ncols></imagesize><object><name>m4_s04_039_p_nic044</name><deleted>0</deleted><verified>0</verified><occluded>no</occluded><attributes></attributes><parts><hasparts></hasparts><ispartof></ispartof></parts><date>21-10-20 21:35:56:215</date><id>0</id><type>bounding_box</type><polygon><username>anonymous</username><pt><x>3116</x><y>214</y><time>21-10-20 21:35:52:611</time></pt><pt><x>3927</x><y>214</y><time>21-10-20 21:35:54:027</time></pt><pt><x>3927</x><y>2809</y><time>undefined</time></pt><pt><x>3116</x><y>2809</y><time>undefined</time></pt><closed_date>21-10-20 21:35:54:028</closed_date></polygon></object></annotation>