<annotation><filename>m4_s09_138_p_nic069.jpg</filename><folder>users/joselusava//santiago_2</folder><source><submittedBy>Jose Saca</submittedBy></source><imagesize><nrows>2970</nrows><ncols>4451</ncols></imagesize><object><name>m4_s09_138_p_nic069</name><deleted>0</deleted><verified>0</verified><occluded>no</occluded><attributes></attributes><parts><hasparts></hasparts><ispartof></ispartof></parts><date>23-10-20 14:12:19:824</date><id>0</id><type>bounding_box</type><polygon><username>anonymous</username><pt><x>1278</x><y>307</y><time>23-10-20 14:12:17:338</time></pt><pt><x>3995</x><y>307</y><time>23-10-20 14:12:18:153</time></pt><pt><x>3995</x><y>1278</y><time>undefined</time></pt><pt><x>1278</x><y>1278</y><time>undefined</time></pt><closed_date>23-10-20 14:12:18:154</closed_date></polygon></object></annotation>