<annotation><filename>m4_s05_052_p_ic045.jpg</filename><folder>users/joselusava//santiago_2</folder><source><submittedBy>Jose Saca</submittedBy></source><imagesize><nrows>2910</nrows><ncols>4361</ncols></imagesize><object><name>m4_s05_052_p_ic045</name><deleted>0</deleted><verified>0</verified><occluded>no</occluded><attributes></attributes><parts><hasparts></hasparts><ispartof></ispartof></parts><date>07-10-20 22:23:37:591</date><id>0</id><type>bounding_box</type><polygon><username>anonymous</username><pt><x>1379</x><y>669</y><time>07-10-20 22:23:33:375</time></pt><pt><x>3021</x><y>669</y><time>07-10-20 22:23:35:108</time></pt><pt><x>3021</x><y>2494</y><time>undefined</time></pt><pt><x>1379</x><y>2494</y><time>undefined</time></pt><closed_date>07-10-20 22:23:35:109</closed_date></polygon></object></annotation>