<annotation><filename>m1_s06_186_p_ic015.jpg</filename><folder>users/joselusava//jacob_2/186ic</folder><source><submittedBy>Jose Saca</submittedBy></source><imagesize><nrows>2736</nrows><ncols>4100</ncols></imagesize><object><name>s06_186_p_ic015</name><deleted>0</deleted><verified>0</verified><occluded>no</occluded><attributes></attributes><parts><hasparts></hasparts><ispartof></ispartof></parts><date>09-09-20 11:22:29:344</date><id>1</id><type>bounding_box</type><polygon><username>anonymous</username><pt><x>900</x><y>2684</y><time>09-09-20 11:22:26:949</time></pt><pt><x>3388</x><y>2684</y><time>09-09-20 11:22:28:534</time></pt><pt><x>3388</x><y>82</y><time>undefined</time></pt><pt><x>900</x><y>82</y><time>undefined</time></pt><closed_date>09-09-20 11:22:28:534</closed_date></polygon></object></annotation>