<annotation><filename>m4_s06_089_p_nic025.jpg</filename><folder>users/joselusava//santiago_2</folder><source><submittedBy>Jose Saca</submittedBy></source><imagesize><nrows>2970</nrows><ncols>4451</ncols></imagesize><object><name>m4_s06_089_p_nic025</name><deleted>0</deleted><verified>0</verified><occluded>no</occluded><attributes></attributes><parts><hasparts></hasparts><ispartof></ispartof></parts><date>12-10-20 20:52:47:225</date><id>0</id><type>bounding_box</type><polygon><username>anonymous</username><pt><x>2406</x><y>403</y><time>12-10-20 20:52:43:234</time></pt><pt><x>3916</x><y>403</y><time>12-10-20 20:52:44:653</time></pt><pt><x>3916</x><y>2388</y><time>undefined</time></pt><pt><x>2406</x><y>2388</y><time>undefined</time></pt><closed_date>12-10-20 20:52:44:655</closed_date></polygon></object></annotation>