<annotation><filename>m2_s05_237_x.jpg</filename><folder>users/joselusava//museos2020</folder><source><submittedBy>Jose Saca</submittedBy></source><imagesize><nrows>2910</nrows><ncols>4361</ncols></imagesize><object><name>m2_s05_237_x</name><deleted>0</deleted><verified>0</verified><occluded>no</occluded><attributes></attributes><parts><hasparts></hasparts><ispartof></ispartof></parts><date>19-09-20 10:21:21:733</date><id>0</id><type>bounding_box</type><polygon><username>anonymous</username><pt><x>894</x><y>229</y><time>19-09-20 10:20:18:215</time></pt><pt><x>3411</x><y>229</y><time>19-09-20 10:20:23:068</time></pt><pt><x>3411</x><y>2634</y><time>undefined</time></pt><pt><x>894</x><y>2634</y><time>undefined</time></pt><closed_date>19-09-20 10:20:23:070</closed_date></polygon></object></annotation>