<annotation><filename>m2_s03_252_p_ic026.jpg</filename><folder>users/joselusava//valeria/m2_sala03_252_ic</folder><source><submittedBy>Jose Saca</submittedBy></source><imagesize><nrows>2910</nrows><ncols>4361</ncols></imagesize><object><name>m2_s06_252_p_ic026</name><deleted>0</deleted><verified>0</verified><occluded>no</occluded><attributes></attributes><parts><hasparts></hasparts><ispartof></ispartof></parts><date>25-09-20 20:17:10:199</date><id>0</id><type>bounding_box</type><polygon><username>anonymous</username><pt><x>3478</x><y>2320</y><time>25-09-20 20:17:04:195</time></pt><pt><x>160</x><y>2320</y><time>25-09-20 20:17:06:781</time></pt><pt><x>160</x><y>750</y><time>undefined</time></pt><pt><x>3478</x><y>750</y><time>undefined</time></pt><closed_date>25-09-20 20:17:06:782</closed_date></polygon></object></annotation>