<annotation><filename>m4_s10_154_p_ic096.jpg</filename><folder>users/joselusava//valeria/m04_s10_154_ic</folder><source><submittedBy>Jose Saca</submittedBy></source><imagesize><nrows>2970</nrows><ncols>4451</ncols></imagesize><object><name>m4_s10_154_p_ic096</name><deleted>0</deleted><verified>0</verified><occluded>no</occluded><attributes></attributes><parts><hasparts></hasparts><ispartof></ispartof></parts><date>13-10-20 23:23:23:336</date><id>0</id><type>bounding_box</type><polygon><username>anonymous</username><pt><x>3033</x><y>2782</y><time>13-10-20 23:23:15:654</time></pt><pt><x>1085</x><y>2782</y><time>13-10-20 23:23:18:071</time></pt><pt><x>1085</x><y>463</y><time>undefined</time></pt><pt><x>3033</x><y>463</y><time>undefined</time></pt><closed_date>13-10-20 23:23:18:072</closed_date></polygon></object></annotation>