<annotation><filename>m3_s01_023_p_ic073.jpg</filename><folder>users/joselusava//santiago_3</folder><source><submittedBy>Jose Saca</submittedBy></source><imagesize><nrows>2970</nrows><ncols>4451</ncols></imagesize><object><name>m3_s01_023_p_ic073</name><deleted>0</deleted><verified>0</verified><occluded>no</occluded><attributes></attributes><parts><hasparts></hasparts><ispartof></ispartof></parts><date>04-11-20 20:12:33:978</date><id>0</id><type>bounding_box</type><polygon><username>anonymous</username><pt><x>1167</x><y>236</y><time>04-11-20 20:12:31:068</time></pt><pt><x>3916</x><y>236</y><time>04-11-20 20:12:32:137</time></pt><pt><x>3916</x><y>2267</y><time>undefined</time></pt><pt><x>1167</x><y>2267</y><time>undefined</time></pt><closed_date>04-11-20 20:12:32:138</closed_date></polygon></object></annotation>