<annotation><filename>m4_s12_186_p_nic002.jpg</filename><folder>users/joselusava//m4_js/186/nic</folder><source><submittedBy>Jose Saca</submittedBy></source><imagesize><nrows>3899</nrows><ncols>5844</ncols></imagesize><object><name>m4_s12_186_p_nic002</name><deleted>0</deleted><verified>0</verified><occluded>no</occluded><attributes></attributes><parts><hasparts></hasparts><ispartof></ispartof></parts><date>18-10-20 11:20:25:367</date><id>0</id><type>bounding_box</type><polygon><username>anonymous</username><pt><x>5832</x><y>3803</y><time>18-10-20 11:20:23:344</time></pt><pt><x>3324</x><y>3803</y><time>18-10-20 11:20:24:445</time></pt><pt><x>3324</x><y>642</y><time>undefined</time></pt><pt><x>5832</x><y>642</y><time>undefined</time></pt><closed_date>18-10-20 11:20:24:446</closed_date></polygon></object></annotation>