<annotation><filename>m4_s10_157_p_ic015.jpg</filename><folder>users/joselusava//valeria/m04_s10_157_nic</folder><source><submittedBy>Jose Saca</submittedBy></source><imagesize><nrows>2970</nrows><ncols>4451</ncols></imagesize><object><name>m4_s10_157_p_nic015</name><deleted>0</deleted><verified>0</verified><occluded>no</occluded><attributes></attributes><parts><hasparts></hasparts><ispartof></ispartof></parts><date>12-10-20 19:12:53:150</date><id>0</id><type>bounding_box</type><polygon><username>anonymous</username><pt><x>1350</x><y>2261</y><time>12-10-20 19:12:47:699</time></pt><pt><x>3015</x><y>2261</y><time>12-10-20 19:12:49:675</time></pt><pt><x>3015</x><y>152</y><time>undefined</time></pt><pt><x>1350</x><y>152</y><time>undefined</time></pt><closed_date>12-10-20 19:12:49:676</closed_date></polygon></object></annotation>