<annotation><filename>m2_s05_236_p_ic095.jpg</filename><folder>users/joselusava//museos2020</folder><source><submittedBy>Jose Saca</submittedBy></source><imagesize><nrows>2910</nrows><ncols>4361</ncols></imagesize><object><name>m2_s05_236_p_ic095</name><deleted>0</deleted><verified>0</verified><occluded>no</occluded><attributes></attributes><parts><hasparts></hasparts><ispartof></ispartof></parts><date>16-09-20 19:33:43:855</date><id>0</id><type>bounding_box</type><polygon><username>anonymous</username><pt><x>679</x><y>637</y><time>16-09-20 19:33:35:192</time></pt><pt><x>3305</x><y>637</y><time>16-09-20 19:33:36:147</time></pt><pt><x>3305</x><y>2696</y><time>undefined</time></pt><pt><x>679</x><y>2696</y><time>undefined</time></pt><closed_date>16-09-20 19:33:36:147</closed_date></polygon></object></annotation>