<annotation><filename>m4_s02_021_p_nic090.jpg</filename><folder>users/joselusava//santiago_2</folder><source><submittedBy>Jose Saca</submittedBy></source><imagesize><nrows>2910</nrows><ncols>4361</ncols></imagesize><object><name>m4_s02_021_p_nic090</name><deleted>0</deleted><verified>0</verified><occluded>no</occluded><attributes></attributes><parts><hasparts></hasparts><ispartof></ispartof></parts><date>05-10-20 11:56:51:428</date><id>0</id><type>bounding_box</type><polygon><username>anonymous</username><pt><x>662</x><y>478</y><time>05-10-20 11:56:44:905</time></pt><pt><x>1770</x><y>478</y><time>05-10-20 11:56:46:083</time></pt><pt><x>1770</x><y>2252</y><time>undefined</time></pt><pt><x>662</x><y>2252</y><time>undefined</time></pt><closed_date>05-10-20 11:56:46:084</closed_date></polygon></object></annotation>