<annotation><filename>m1_s06_144_p_nic053.jpg</filename><folder>users/joselusava//jacob_2/144nic</folder><source><submittedBy>Jose Saca</submittedBy></source><imagesize><nrows>2736</nrows><ncols>4100</ncols></imagesize><object><name>m1_s06_144_p_nic053</name><deleted>0</deleted><verified>0</verified><occluded>no</occluded><attributes></attributes><parts><hasparts></hasparts><ispartof></ispartof></parts><date>08-09-20 02:18:15:824</date><id>0</id><type>bounding_box</type><polygon><username>anonymous</username><pt><x>3388</x><y>1694</y><time>08-09-20 02:18:13:118</time></pt><pt><x>1776</x><y>1694</y><time>08-09-20 02:18:14:775</time></pt><pt><x>1776</x><y>229</y><time>undefined</time></pt><pt><x>3388</x><y>229</y><time>undefined</time></pt><closed_date>08-09-20 02:18:14:775</closed_date></polygon></object></annotation>