<annotation><filename>m1_s06_168_p_ic037.jpg</filename><folder>users/joselusava//jacob_2/168ic</folder><source><submittedBy>Jose Saca</submittedBy></source><imagesize><nrows>2736</nrows><ncols>4100</ncols></imagesize><object><name>m1_s06_168_p_ic037</name><deleted>0</deleted><verified>0</verified><occluded>no</occluded><attributes></attributes><parts><hasparts></hasparts><ispartof></ispartof></parts><date>08-09-20 19:50:55:932</date><id>0</id><type>bounding_box</type><polygon><username>anonymous</username><pt><x>1416</x><y>8</y><time>08-09-20 19:50:53:561</time></pt><pt><x>2742</x><y>8</y><time>08-09-20 19:50:55:263</time></pt><pt><x>2742</x><y>2561</y><time>undefined</time></pt><pt><x>1416</x><y>2561</y><time>undefined</time></pt><closed_date>08-09-20 19:50:55:263</closed_date></polygon></object></annotation>