<annotation><filename>m3_s01_013_p_ic004.jpg</filename><folder>users/joselusava//valeria/m03_s01_13_ic</folder><source><submittedBy>Jose Saca</submittedBy></source><imagesize><nrows>2970</nrows><ncols>4451</ncols></imagesize><object><name>m3_s01_013_p_ic004</name><deleted>0</deleted><verified>0</verified><occluded>no</occluded><attributes></attributes><parts><hasparts></hasparts><ispartof></ispartof></parts><date>28-10-20 22:18:44:749</date><id>0</id><type>bounding_box</type><polygon><username>anonymous</username><pt><x>743</x><y>2810</y><time>28-10-20 22:18:39:048</time></pt><pt><x>3170</x><y>2810</y><time>28-10-20 22:18:41:503</time></pt><pt><x>3170</x><y>211</y><time>undefined</time></pt><pt><x>743</x><y>211</y><time>undefined</time></pt><closed_date>28-10-20 22:18:41:504</closed_date></polygon></object></annotation>