<annotation><filename>m1_s02_029_p_ic078.jpg</filename><folder>users/joselusava//valeria/sala2_029_ic</folder><source><submittedBy>Jose Saca</submittedBy></source><imagesize><nrows>3200</nrows><ncols>4800</ncols></imagesize><object><name>m1_s02_029_p_ic078</name><deleted>0</deleted><verified>0</verified><occluded>no</occluded><attributes></attributes><parts><hasparts></hasparts><ispartof></ispartof></parts><date>22-08-20 20:59:40:502</date><id>0</id><type>bounding_box</type><polygon><username>anonymous</username><pt><x>843</x><y>16</y><time>22-08-20 20:59:31:430</time></pt><pt><x>3554</x><y>16</y><time>22-08-20 20:59:36:287</time></pt><pt><x>3554</x><y>3007</y><time>undefined</time></pt><pt><x>843</x><y>3007</y><time>undefined</time></pt><closed_date>22-08-20 20:59:36:289</closed_date></polygon></object></annotation>