<annotation><filename>m2_s06_244_p_nic066.jpg</filename><folder>users/joselusava//museos2020</folder><source><submittedBy>Jose Saca</submittedBy></source><imagesize><nrows>2910</nrows><ncols>4361</ncols></imagesize><object><name>m2_s06_244_p_ic066</name><deleted>0</deleted><verified>0</verified><occluded>no</occluded><attributes></attributes><parts><hasparts></hasparts><ispartof></ispartof></parts><date>25-09-20 19:27:33:985</date><id>0</id><type>bounding_box</type><polygon><username>anonymous</username><pt><x>707</x><y>479</y><time>25-09-20 19:27:27:029</time></pt><pt><x>2445</x><y>479</y><time>25-09-20 19:27:28:357</time></pt><pt><x>2445</x><y>1195</y><time>undefined</time></pt><pt><x>707</x><y>1195</y><time>undefined</time></pt><closed_date>25-09-20 19:27:28:358</closed_date></polygon></object></annotation>