<annotation><filename>m1_s06_144_p_ic068.jpg</filename><folder>users/joselusava//jacob_2/144ic</folder><source><submittedBy>Jose Saca</submittedBy></source><imagesize><nrows>2736</nrows><ncols>4100</ncols></imagesize><object><name>m1_s06_144_p_ic068</name><deleted>0</deleted><verified>0</verified><occluded>no</occluded><attributes></attributes><parts><hasparts></hasparts><ispartof></ispartof></parts><date>08-09-20 01:34:58:749</date><id>0</id><type>bounding_box</type><polygon><username>anonymous</username><pt><x>671</x><y>2512</y><time>08-09-20 01:34:55:924</time></pt><pt><x>3110</x><y>2512</y><time>08-09-20 01:34:58:071</time></pt><pt><x>3110</x><y>90</y><time>undefined</time></pt><pt><x>671</x><y>90</y><time>undefined</time></pt><closed_date>08-09-20 01:34:58:071</closed_date></polygon></object></annotation>