<annotation><filename>m2_s06_250_p_ic041.jpg</filename><folder>users/joselusava//valeria/m2_sala06_250_ic</folder><source><submittedBy>Jose Saca</submittedBy></source><imagesize><nrows>2910</nrows><ncols>4361</ncols></imagesize><object><name>m2_s06_250_p_ic041</name><deleted>0</deleted><verified>0</verified><occluded>no</occluded><attributes></attributes><parts><hasparts></hasparts><ispartof></ispartof></parts><date>30-09-20 22:59:23:588</date><id>0</id><type>bounding_box</type><polygon><username>anonymous</username><pt><x>3621</x><y>2271</y><time>30-09-20 22:39:29:750</time></pt><pt><x>1009</x><y>2271</y><time>30-09-20 22:39:32:399</time></pt><pt><x>1009</x><y>854</y><time>undefined</time></pt><pt><x>3621</x><y>854</y><time>undefined</time></pt><closed_date>30-09-20 22:39:32:400</closed_date></polygon></object><object><name>m2_s06_250_p_ic041</name><deleted>1</deleted><verified>0</verified><occluded>no</occluded><attributes></attributes><parts><hasparts></hasparts><ispartof></ispartof></parts><date>30-09-20 22:59:48:300</date><id>1</id><type>bounding_box</type><polygon><username>anonymous</username><pt><x>3737</x><y>1835</y><time>30-09-20 22:59:29:840</time></pt><pt><x>3985</x><y>1835</y><time>30-09-20 22:59:30:299</time></pt><pt><x>3985</x><y>1510</y><time>undefined</time></pt><pt><x>3737</x><y>1510</y><time>undefined</time></pt><closed_date>30-09-20 22:59:30:299</closed_date></polygon></object></annotation>