<annotation><filename>m1_s06_144_p_ic065.jpg</filename><folder>users/joselusava//jacob_2/144ic</folder><source><submittedBy>Jose Saca</submittedBy></source><imagesize><nrows>2736</nrows><ncols>4100</ncols></imagesize><object><name>m1_s06_144_p_ic065</name><deleted>0</deleted><verified>0</verified><occluded>no</occluded><attributes></attributes><parts><hasparts></hasparts><ispartof></ispartof></parts><date>08-09-20 01:33:51:281</date><id>0</id><type>bounding_box</type><polygon><username>anonymous</username><pt><x>696</x><y>2529</y><time>08-09-20 01:33:47:313</time></pt><pt><x>2905</x><y>2529</y><time>08-09-20 01:33:50:329</time></pt><pt><x>2905</x><y>74</y><time>undefined</time></pt><pt><x>696</x><y>74</y><time>undefined</time></pt><closed_date>08-09-20 01:33:50:331</closed_date></polygon></object></annotation>