<annotation><filename>m4_s10_154_p_nic005.jpg</filename><folder>users/joselusava//valeria/m04_s10_154_nic</folder><source><submittedBy>Jose Saca</submittedBy></source><imagesize><nrows>2970</nrows><ncols>4451</ncols></imagesize><object><name>m4_s10_154_p_nic005</name><deleted>0</deleted><verified>0</verified><occluded>no</occluded><attributes></attributes><parts><hasparts></hasparts><ispartof></ispartof></parts><date>13-10-20 23:32:39:312</date><id>0</id><type>bounding_box</type><polygon><username>anonymous</username><pt><x>2507</x><y>2376</y><time>13-10-20 23:32:34:372</time></pt><pt><x>4124</x><y>2376</y><time>13-10-20 23:32:36:172</time></pt><pt><x>4124</x><y>497</y><time>undefined</time></pt><pt><x>2507</x><y>497</y><time>undefined</time></pt><closed_date>13-10-20 23:32:36:173</closed_date></polygon></object></annotation>