<annotation><filename>m4_s04_037_p_ic035.jpg</filename><folder>users/joselusava//santiago_2</folder><source><submittedBy>Jose Saca</submittedBy></source><imagesize><nrows>2970</nrows><ncols>4451</ncols></imagesize><object><name>m4_s04_037_p_ic035</name><deleted>0</deleted><verified>0</verified><occluded>no</occluded><attributes></attributes><parts><hasparts></hasparts><ispartof></ispartof></parts><date>17-10-20 22:04:40:761</date><id>0</id><type>bounding_box</type><polygon><username>anonymous</username><pt><x>1796</x><y>532</y><time>17-10-20 22:04:34:957</time></pt><pt><x>3152</x><y>532</y><time>17-10-20 22:04:36:150</time></pt><pt><x>3152</x><y>2363</y><time>undefined</time></pt><pt><x>1796</x><y>2363</y><time>undefined</time></pt><closed_date>17-10-20 22:04:36:151</closed_date></polygon></object></annotation>