<annotation><filename>m2_s03_248_p_ic082.jpg</filename><folder>users/joselusava//museos2020</folder><source><submittedBy>Jose Saca</submittedBy></source><imagesize><nrows>2910</nrows><ncols>4361</ncols></imagesize><object><name>m2_s03_248_p_ic082</name><deleted>0</deleted><verified>0</verified><occluded>no</occluded><attributes></attributes><parts><hasparts></hasparts><ispartof></ispartof></parts><date>27-09-20 09:13:04:728</date><id>0</id><type>bounding_box</type><polygon><username>anonymous</username><pt><x>19</x><y>251</y><time>27-09-20 09:12:56:070</time></pt><pt><x>3445</x><y>251</y><time>27-09-20 09:12:57:382</time></pt><pt><x>3445</x><y>2599</y><time>undefined</time></pt><pt><x>19</x><y>2599</y><time>undefined</time></pt><closed_date>27-09-20 09:12:57:383</closed_date></polygon></object></annotation>