<annotation><filename>m4_s09_138_p_nic031.jpg</filename><folder>users/joselusava//santiago_2</folder><source><submittedBy>Jose Saca</submittedBy></source><imagesize><nrows>2970</nrows><ncols>4451</ncols></imagesize><object><name>m4_s09_138_p_nic031</name><deleted>0</deleted><verified>0</verified><occluded>no</occluded><attributes></attributes><parts><hasparts></hasparts><ispartof></ispartof></parts><date>23-10-20 13:42:56:242</date><id>0</id><type>bounding_box</type><polygon><username>anonymous</username><pt><x>1414</x><y>875</y><time>23-10-20 13:42:53:392</time></pt><pt><x>4252</x><y>875</y><time>23-10-20 13:42:54:348</time></pt><pt><x>4252</x><y>1935</y><time>undefined</time></pt><pt><x>1414</x><y>1935</y><time>undefined</time></pt><closed_date>23-10-20 13:42:54:349</closed_date></polygon></object></annotation>