<annotation><filename>m2_s01_034_p_ic045.jpg</filename><folder>users/joselusava//kath</folder><source><submittedBy>Jose Saca</submittedBy></source><imagesize><nrows>2850</nrows><ncols>4271</ncols></imagesize><object><name>m2_s01_034_p_ic045</name><deleted>0</deleted><verified>0</verified><occluded>no</occluded><attributes></attributes><parts><hasparts></hasparts><ispartof></ispartof></parts><date>25-09-20 13:55:19:322</date><id>0</id><polygon><username>anonymous</username><pt><x>1289</x><y>193</y><time>25-09-20 13:55:00:828</time></pt><pt><x>2800</x><y>179</y><time>25-09-20 13:55:02:136</time></pt><pt><x>3158</x><y>2592</y><time>25-09-20 13:55:03:323</time></pt><pt><x>1389</x><y>2678</y><time>25-09-20 13:55:04:882</time></pt><closed_date>25-09-20 13:55:06:910</closed_date></polygon></object></annotation>