<annotation><filename>m2_s03_201_p_ic051.jpg</filename><folder>users/joselusava//eg</folder><source><submittedBy>Jose Saca</submittedBy></source><imagesize><nrows>2910</nrows><ncols>4361</ncols></imagesize><object><name>m2_s03_201_p_ic051</name><deleted>0</deleted><verified>0</verified><occluded>no</occluded><attributes></attributes><parts><hasparts></hasparts><ispartof></ispartof></parts><date>17-09-20 07:19:04:031</date><id>0</id><type>bounding_box</type><polygon><username>anonymous</username><pt><x>946</x><y>50</y><time>17-09-20 07:18:50:157</time></pt><pt><x>3211</x><y>50</y><time>17-09-20 07:18:52:994</time></pt><pt><x>3211</x><y>2380</y><time>undefined</time></pt><pt><x>946</x><y>2380</y><time>undefined</time></pt><closed_date>17-09-20 07:18:52:995</closed_date></polygon></object></annotation>