<annotation><filename>m4_s11_176_p_ic040.jpg</filename><folder>users/joselusava//m4_js/176/ic</folder><source><submittedBy>Jose Saca</submittedBy></source><imagesize><nrows>2970</nrows><ncols>4451</ncols></imagesize><object><name>m4_s11_176_p_ic040</name><deleted>0</deleted><verified>0</verified><occluded>no</occluded><attributes></attributes><parts><hasparts></hasparts><ispartof></ispartof></parts><date>14-10-20 19:54:43:693</date><id>0</id><type>bounding_box</type><polygon><username>anonymous</username><pt><x>3092</x><y>2408</y><time>14-10-20 19:54:41:589</time></pt><pt><x>1039</x><y>2408</y><time>14-10-20 19:54:43:005</time></pt><pt><x>1039</x><y>426</y><time>undefined</time></pt><pt><x>3092</x><y>426</y><time>undefined</time></pt><closed_date>14-10-20 19:54:43:005</closed_date></polygon></object></annotation>