<annotation><filename>m1_s02_036_p_nic008.jpg</filename><folder>users/joselusava//valeria/sala2_036_nic</folder><source><submittedBy>Jose Saca</submittedBy></source><imagesize><nrows>3200</nrows><ncols>4800</ncols></imagesize><object><name>m1_s02_036_p_nic008</name><deleted>0</deleted><verified>0</verified><occluded>no</occluded><attributes></attributes><parts><hasparts></hasparts><ispartof></ispartof></parts><date>26-08-20 22:02:55:828</date><id>0</id><type>bounding_box</type><polygon><username>anonymous</username><pt><x>515</x><y>505</y><time>26-08-20 22:02:47:607</time></pt><pt><x>1305</x><y>505</y><time>26-08-20 22:02:52:173</time></pt><pt><x>1305</x><y>1686</y><time>undefined</time></pt><pt><x>515</x><y>1686</y><time>undefined</time></pt><closed_date>26-08-20 22:02:52:174</closed_date></polygon></object></annotation>