<annotation><filename>m4_s10_157_p_ic070.jpg</filename><folder>users/joselusava//valeria/m04_s10_157_nic</folder><source><submittedBy>Jose Saca</submittedBy></source><imagesize><nrows>2970</nrows><ncols>4451</ncols></imagesize><object><name>m4_s10_157_p_nic070</name><deleted>0</deleted><verified>0</verified><occluded>no</occluded><attributes></attributes><parts><hasparts></hasparts><ispartof></ispartof></parts><date>12-10-20 21:34:30:597</date><id>0</id><type>bounding_box</type><polygon><username>anonymous</username><pt><x>776</x><y>2829</y><time>12-10-20 21:34:24:514</time></pt><pt><x>2526</x><y>2829</y><time>12-10-20 21:34:26:962</time></pt><pt><x>2526</x><y>788</y><time>undefined</time></pt><pt><x>776</x><y>788</y><time>undefined</time></pt><closed_date>12-10-20 21:34:26:964</closed_date></polygon></object></annotation>