<annotation><filename>m2_s03_204_x.jpg</filename><folder>users/joselusava//juancarlos</folder><source><submittedBy>Jose Saca</submittedBy></source><imagesize><nrows>2910</nrows><ncols>4361</ncols></imagesize><object><name>m2_s03_204_x</name><deleted>0</deleted><verified>0</verified><occluded>no</occluded><attributes></attributes><parts><hasparts></hasparts><ispartof></ispartof></parts><date>30-09-20 16:02:37:167</date><id>0</id><type>bounding_box</type><polygon><username>anonymous</username><pt><x>1422</x><y>172</y><time>30-09-20 16:02:25:106</time></pt><pt><x>3245</x><y>172</y><time>30-09-20 16:02:30:149</time></pt><pt><x>3245</x><y>2645</y><time>undefined</time></pt><pt><x>1422</x><y>2645</y><time>undefined</time></pt><closed_date>30-09-20 16:02:30:151</closed_date></polygon></object></annotation>