<annotation><filename>m4_s03_025_p_nic049.jpg</filename><folder>users/joselusava//santiago_3</folder><source><submittedBy>Jose Saca</submittedBy></source><imagesize><nrows>2910</nrows><ncols>4361</ncols></imagesize><object><name>m4_s03_025_p_nic049</name><deleted>0</deleted><verified>0</verified><occluded>no</occluded><attributes></attributes><parts><hasparts></hasparts><ispartof></ispartof></parts><date>08-11-20 13:41:41:871</date><id>0</id><type>bounding_box</type><polygon><username>anonymous</username><pt><x>196</x><y>1252</y><time>08-11-20 13:41:38:069</time></pt><pt><x>2749</x><y>1252</y><time>08-11-20 13:41:39:586</time></pt><pt><x>2749</x><y>2455</y><time>undefined</time></pt><pt><x>196</x><y>2455</y><time>undefined</time></pt><closed_date>08-11-20 13:41:39:587</closed_date></polygon></object></annotation>