<annotation><filename>m1_s02_065_p_ic024.jpg</filename><folder>users/joselusava//valeria/sala2_065_ic</folder><source><submittedBy>Jose Saca</submittedBy></source><imagesize><nrows>2000</nrows><ncols>2992</ncols></imagesize><object><name>m1_s02_065_p_ic024</name><deleted>0</deleted><verified>0</verified><occluded>no</occluded><attributes></attributes><parts><hasparts></hasparts><ispartof></ispartof></parts><date>25-08-20 22:13:52:190</date><id>0</id><type>bounding_box</type><polygon><username>anonymous</username><pt><x>121</x><y>221</y><time>25-08-20 22:13:41:878</time></pt><pt><x>2946</x><y>221</y><time>25-08-20 22:13:44:471</time></pt><pt><x>2946</x><y>1664</y><time>undefined</time></pt><pt><x>121</x><y>1664</y><time>undefined</time></pt><closed_date>25-08-20 22:13:44:472</closed_date></polygon></object></annotation>