<annotation><filename>m4_s04_039_p_nic002.jpg</filename><folder>users/joselusava//santiago_2</folder><source><submittedBy>Jose Saca</submittedBy></source><imagesize><nrows>2970</nrows><ncols>4451</ncols></imagesize><object><name>m4_s04_039_p_nic002</name><deleted>0</deleted><verified>0</verified><occluded>no</occluded><attributes></attributes><parts><hasparts></hasparts><ispartof></ispartof></parts><date>21-10-20 16:16:52:236</date><id>0</id><type>bounding_box</type><polygon><username>anonymous</username><pt><x>3252</x><y>550</y><time>21-10-20 16:16:49:035</time></pt><pt><x>4144</x><y>550</y><time>21-10-20 16:16:50:306</time></pt><pt><x>4144</x><y>2784</y><time>undefined</time></pt><pt><x>3252</x><y>2784</y><time>undefined</time></pt><closed_date>21-10-20 16:16:50:308</closed_date></polygon></object></annotation>