<annotation><filename>m4_s05_052_p_ic051.jpg</filename><folder>users/joselusava//santiago_2</folder><source><submittedBy>Jose Saca</submittedBy></source><imagesize><nrows>2910</nrows><ncols>4361</ncols></imagesize><object><name>m4_s05_052_p_ic051</name><deleted>0</deleted><verified>0</verified><occluded>no</occluded><attributes></attributes><parts><hasparts></hasparts><ispartof></ispartof></parts><date>07-10-20 22:29:15:373</date><id>0</id><type>bounding_box</type><polygon><username>anonymous</username><pt><x>1303</x><y>374</y><time>07-10-20 22:29:11:958</time></pt><pt><x>2997</x><y>374</y><time>07-10-20 22:29:13:413</time></pt><pt><x>2997</x><y>2380</y><time>undefined</time></pt><pt><x>1303</x><y>2380</y><time>undefined</time></pt><closed_date>07-10-20 22:29:13:413</closed_date></polygon></object></annotation>