<annotation><filename>m3_s01_023_p_ic100.jpg</filename><folder>users/joselusava//santiago_3</folder><source><submittedBy>Jose Saca</submittedBy></source><imagesize><nrows>2970</nrows><ncols>4451</ncols></imagesize><object><name>m3_s01_023_p_ic100</name><deleted>0</deleted><verified>0</verified><occluded>no</occluded><attributes></attributes><parts><hasparts></hasparts><ispartof></ispartof></parts><date>04-11-20 21:13:59:933</date><id>0</id><type>bounding_box</type><polygon><username>anonymous</username><pt><x>171</x><y>553</y><time>04-11-20 21:13:55:677</time></pt><pt><x>4094</x><y>553</y><time>04-11-20 21:13:57:673</time></pt><pt><x>4094</x><y>2588</y><time>undefined</time></pt><pt><x>171</x><y>2588</y><time>undefined</time></pt><closed_date>04-11-20 21:13:57:675</closed_date></polygon></object></annotation>