<annotation><filename>m4_s10_157_p_ic063.jpg</filename><folder>users/joselusava//valeria/m04_s10_157_ic</folder><source><submittedBy>Jose Saca</submittedBy></source><imagesize><nrows>2970</nrows><ncols>4451</ncols></imagesize><object><name>m4_s10_157_p_ic063</name><deleted>0</deleted><verified>0</verified><occluded>no</occluded><attributes></attributes><parts><hasparts></hasparts><ispartof></ispartof></parts><date>12-10-20 17:55:39:160</date><id>0</id><type>bounding_box</type><polygon><username>anonymous</username><pt><x>996</x><y>2683</y><time>12-10-20 17:55:33:050</time></pt><pt><x>3341</x><y>2683</y><time>12-10-20 17:55:35:300</time></pt><pt><x>3341</x><y>203</y><time>undefined</time></pt><pt><x>996</x><y>203</y><time>undefined</time></pt><closed_date>12-10-20 17:55:35:300</closed_date></polygon></object></annotation>