<annotation><filename>m2_s01_032_p_nic034.jpg</filename><folder>users/joselusava//santiago_2</folder><source><submittedBy>Jose Saca</submittedBy></source><imagesize><nrows>2850</nrows><ncols>4271</ncols></imagesize><object><name>m2_s01_032_p_nic034</name><deleted>0</deleted><verified>0</verified><occluded>no</occluded><attributes></attributes><parts><hasparts></hasparts><ispartof></ispartof></parts><date>30-09-20 20:38:05:487</date><id>0</id><type>bounding_box</type><polygon><username>anonymous</username><pt><x>2199</x><y>1401</y><time>30-09-20 20:38:02:573</time></pt><pt><x>3152</x><y>1401</y><time>30-09-20 20:38:03:506</time></pt><pt><x>3152</x><y>2565</y><time>undefined</time></pt><pt><x>2199</x><y>2565</y><time>undefined</time></pt><closed_date>30-09-20 20:38:03:508</closed_date></polygon></object></annotation>