<annotation><filename>m4_s04_047_p_nic042.jpg</filename><folder>users/joselusava//kath/kath_m4_047/nic</folder><source><submittedBy>Jose Saca</submittedBy></source><imagesize><nrows>2970</nrows><ncols>4451</ncols></imagesize><object><name>m4_s04_047_p_nic042</name><deleted>0</deleted><verified>0</verified><occluded>no</occluded><attributes></attributes><parts><hasparts></hasparts><ispartof></ispartof></parts><date>24-10-20 19:04:55:573</date><id>0</id><type>bounding_box</type><polygon><username>anonymous</username><pt><x>413</x><y>147</y><time>24-10-20 19:04:50:917</time></pt><pt><x>1745</x><y>147</y><time>24-10-20 19:04:53:046</time></pt><pt><x>1745</x><y>2644</y><time>undefined</time></pt><pt><x>413</x><y>2644</y><time>undefined</time></pt><closed_date>24-10-20 19:04:53:048</closed_date></polygon></object></annotation>