<annotation><filename>m2_s01_024_p_nic004.jpg</filename><folder>users/joselusava//santiago</folder><source><submittedBy>Jose Saca</submittedBy></source><imagesize><nrows>2850</nrows><ncols>4271</ncols></imagesize><object><name>m2_s01_024_p_nic004</name><deleted>0</deleted><verified>0</verified><occluded>no</occluded><attributes></attributes><parts><hasparts></hasparts><ispartof></ispartof></parts><date>25-09-20 13:25:14:788</date><id>0</id><type>bounding_box</type><polygon><username>anonymous</username><pt><x>2433</x><y>87</y><time>25-09-20 13:25:07:923</time></pt><pt><x>3530</x><y>87</y><time>25-09-20 13:25:09:667</time></pt><pt><x>3530</x><y>1786</y><time>undefined</time></pt><pt><x>2433</x><y>1786</y><time>undefined</time></pt><closed_date>25-09-20 13:25:09:667</closed_date></polygon></object></annotation>