<annotation><filename>m4_s11_176_p_nic061.jpg</filename><folder>users/joselusava//m4_js/176/nic</folder><source><submittedBy>Jose Saca</submittedBy></source><imagesize><nrows>2970</nrows><ncols>4451</ncols></imagesize><object><name>m4_s11_176_p_nic061</name><deleted>0</deleted><verified>0</verified><occluded>no</occluded><attributes></attributes><parts><hasparts></hasparts><ispartof></ispartof></parts><date>15-10-20 14:43:31:337</date><id>0</id><type>bounding_box</type><polygon><username>anonymous</username><pt><x>2514</x><y>2088</y><time>15-10-20 14:43:29:582</time></pt><pt><x>4433</x><y>2088</y><time>15-10-20 14:43:30:728</time></pt><pt><x>4433</x><y>675</y><time>undefined</time></pt><pt><x>2514</x><y>675</y><time>undefined</time></pt><closed_date>15-10-20 14:43:30:728</closed_date></polygon></object></annotation>