<annotation><filename>m2_s01_054_p_nic038.jpg</filename><folder>users/joselusava//kath</folder><source><submittedBy>Jose Saca</submittedBy></source><imagesize><nrows>2850</nrows><ncols>4271</ncols></imagesize><object><name>m2_s01_054_p_nic038</name><deleted>0</deleted><verified>0</verified><occluded>no</occluded><attributes></attributes><parts><hasparts></hasparts><ispartof></ispartof></parts><date>30-09-20 11:27:08:053</date><id>0</id><type>bounding_box</type><polygon><username>anonymous</username><pt><x>1671</x><y>1586</y><time>30-09-20 11:27:02:826</time></pt><pt><x>941</x><y>1586</y><time>30-09-20 11:27:04:566</time></pt><pt><x>941</x><y>2675</y><time>undefined</time></pt><pt><x>1671</x><y>2675</y><time>undefined</time></pt><closed_date>30-09-20 11:27:04:566</closed_date></polygon></object></annotation>