<annotation><filename>m2_s01_054_p_ic007.jpg</filename><folder>users/joselusava//kath</folder><source><submittedBy>Jose Saca</submittedBy></source><imagesize><nrows>2850</nrows><ncols>4271</ncols></imagesize><object><name>m2_s01_054_p_ic007</name><deleted>0</deleted><verified>0</verified><occluded>no</occluded><attributes></attributes><parts><hasparts></hasparts><ispartof></ispartof></parts><date>29-09-20 21:29:02:860</date><id>0</id><type>bounding_box</type><polygon><username>anonymous</username><pt><x>1146</x><y>609</y><time>29-09-20 21:28:56:476</time></pt><pt><x>2944</x><y>609</y><time>29-09-20 21:28:59:779</time></pt><pt><x>2944</x><y>2727</y><time>undefined</time></pt><pt><x>1146</x><y>2727</y><time>undefined</time></pt><closed_date>29-09-20 21:28:59:779</closed_date></polygon></object></annotation>