<annotation><filename>m2_s07_264_p_nic070.jpg</filename><folder>users/joselusava//valeria/sala7_264_nic</folder><source><submittedBy>Jose Saca</submittedBy></source><imagesize><nrows>2910</nrows><ncols>4361</ncols></imagesize><object><name>m2_s07_264_p_nic070</name><deleted>0</deleted><verified>0</verified><occluded>no</occluded><attributes></attributes><parts><hasparts></hasparts><ispartof></ispartof></parts><date>23-09-20 21:15:00:682</date><id>0</id><type>bounding_box</type><polygon><username>anonymous</username><pt><x>259</x><y>1968</y><time>23-09-20 21:14:56:010</time></pt><pt><x>1499</x><y>1968</y><time>23-09-20 21:14:57:759</time></pt><pt><x>1499</x><y>187</y><time>undefined</time></pt><pt><x>259</x><y>187</y><time>undefined</time></pt><closed_date>23-09-20 21:14:57:759</closed_date></polygon></object></annotation>