<annotation><filename>m4_s11_176_p_ic033.jpg</filename><folder>users/joselusava//m4_js/176/ic</folder><source><submittedBy>Jose Saca</submittedBy></source><imagesize><nrows>2970</nrows><ncols>4451</ncols></imagesize><object><name>m4_s11_176_p_ic033</name><deleted>0</deleted><verified>0</verified><occluded>no</occluded><attributes></attributes><parts><hasparts></hasparts><ispartof></ispartof></parts><date>14-10-20 16:48:22:411</date><id>0</id><type>bounding_box</type><polygon><username>anonymous</username><pt><x>2887</x><y>2159</y><time>14-10-20 16:48:17:471</time></pt><pt><x>1573</x><y>2159</y><time>14-10-20 16:48:19:461</time></pt><pt><x>1573</x><y>604</y><time>undefined</time></pt><pt><x>2887</x><y>604</y><time>undefined</time></pt><closed_date>14-10-20 16:48:19:462</closed_date></polygon></object></annotation>