<annotation><filename>m1_s06_144_p_ic095.jpg</filename><folder>users/joselusava//jacob_2/144ic</folder><source><submittedBy>Jose Saca</submittedBy></source><imagesize><nrows>2736</nrows><ncols>4100</ncols></imagesize><object><name>m1_s06_144_p_ic095</name><deleted>0</deleted><verified>0</verified><occluded>no</occluded><attributes></attributes><parts><hasparts></hasparts><ispartof></ispartof></parts><date>08-09-20 01:46:18:624</date><id>0</id><type>bounding_box</type><polygon><username>anonymous</username><pt><x>867</x><y>2611</y><time>08-09-20 01:46:16:231</time></pt><pt><x>3544</x><y>2611</y><time>08-09-20 01:46:17:967</time></pt><pt><x>3544</x><y>205</y><time>undefined</time></pt><pt><x>867</x><y>205</y><time>undefined</time></pt><closed_date>08-09-20 01:46:17:967</closed_date></polygon></object></annotation>