<annotation><filename>m2_s01_058_p_ic031.jpg</filename><folder>users/joselusava//m2_jsv/58/ic</folder><source><submittedBy>Jose Saca</submittedBy></source><imagesize><nrows>2850</nrows><ncols>4271</ncols></imagesize><object><name>m2_s01_058_p_ic031</name><deleted>0</deleted><verified>0</verified><occluded>no</occluded><attributes></attributes><parts><hasparts></hasparts><ispartof></ispartof></parts><date>29-09-20 13:11:38:103</date><id>0</id><type>bounding_box</type><polygon><username>anonymous</username><pt><x>433</x><y>272</y><time>29-09-20 13:11:36:242</time></pt><pt><x>3812</x><y>272</y><time>29-09-20 13:11:37:310</time></pt><pt><x>3812</x><y>2471</y><time>undefined</time></pt><pt><x>433</x><y>2471</y><time>undefined</time></pt><closed_date>29-09-20 13:11:37:310</closed_date></polygon></object></annotation>