<annotation><filename>m2_s01_001_p_ic072.jpg</filename><folder>users/joselusava//santiago</folder><source><submittedBy>Jose Saca</submittedBy></source><imagesize><nrows>2850</nrows><ncols>4271</ncols></imagesize><object><name>m2_s01_001_p_ic072</name><deleted>0</deleted><verified>0</verified><occluded>no</occluded><attributes></attributes><parts><hasparts></hasparts><ispartof></ispartof></parts><date>19-09-20 09:19:10:282</date><id>0</id><type>bounding_box</type><polygon><username>anonymous</username><pt><x>747</x><y>462</y><time>19-09-20 09:19:00:366</time></pt><pt><x>3305</x><y>462</y><time>19-09-20 09:19:02:473</time></pt><pt><x>3305</x><y>2616</y><time>undefined</time></pt><pt><x>747</x><y>2616</y><time>undefined</time></pt><closed_date>19-09-20 09:19:02:474</closed_date></polygon></object></annotation>