<annotation><filename>m1_s06_144_p_nic083.jpg</filename><folder>users/joselusava//jacob_2/144nic</folder><source><submittedBy>Jose Saca</submittedBy></source><imagesize><nrows>2736</nrows><ncols>4100</ncols></imagesize><object><name>m1_s06_144_p_nic083</name><deleted>0</deleted><verified>0</verified><occluded>no</occluded><attributes></attributes><parts><hasparts></hasparts><ispartof></ispartof></parts><date>08-09-20 13:59:44:547</date><id>0</id><type>bounding_box</type><polygon><username>anonymous</username><pt><x>1973</x><y>2038</y><time>08-09-20 13:59:42:469</time></pt><pt><x>3701</x><y>2038</y><time>08-09-20 13:59:43:930</time></pt><pt><x>3701</x><y>579</y><time>undefined</time></pt><pt><x>1973</x><y>579</y><time>undefined</time></pt><closed_date>08-09-20 13:59:43:930</closed_date></polygon></object></annotation>