<annotation><filename>m2_s05_236_p_ic002.jpg</filename><folder>users/joselusava//museos2020</folder><source><submittedBy>Jose Saca</submittedBy></source><imagesize><nrows>2910</nrows><ncols>4361</ncols></imagesize><object><name>m2_s05_236_p_ic002</name><deleted>0</deleted><verified>0</verified><occluded>no</occluded><attributes></attributes><parts><hasparts></hasparts><ispartof></ispartof></parts><date>16-09-20 17:49:11:659</date><id>0</id><type>bounding_box</type><polygon><username>anonymous</username><pt><x>800</x><y>79</y><time>16-09-20 17:48:55:475</time></pt><pt><x>3951</x><y>79</y><time>16-09-20 17:49:02:088</time></pt><pt><x>3951</x><y>2882</y><time>undefined</time></pt><pt><x>800</x><y>2882</y><time>undefined</time></pt><closed_date>16-09-20 17:49:02:088</closed_date></polygon></object></annotation>