<annotation><filename>m1_s01_004_p_ic049.jpg</filename><folder>users/joselusava//valeria_apoyo/sala001_004ic_ok</folder><source><submittedBy>Jose Saca</submittedBy></source><imagesize><nrows>2000</nrows><ncols>2992</ncols></imagesize><object><name>m1_s01_004_p_ic049</name><deleted>0</deleted><verified>0</verified><occluded>no</occluded><attributes></attributes><parts><hasparts></hasparts><ispartof></ispartof></parts><date>15-09-20 23:50:12:858</date><id>0</id><type>bounding_box</type><polygon><username>anonymous</username><pt><x>15</x><y>1496</y><time>15-09-20 23:50:06:152</time></pt><pt><x>2970</x><y>1496</y><time>15-09-20 23:50:09:247</time></pt><pt><x>2970</x><y>636</y><time>undefined</time></pt><pt><x>15</x><y>636</y><time>undefined</time></pt><closed_date>15-09-20 23:50:09:249</closed_date></polygon></object></annotation>