<annotation><filename>m4_s04_047_p_ic078.jpg</filename><folder>users/joselusava//kath/kath_m4_047</folder><source><submittedBy>Jose Saca</submittedBy></source><imagesize><nrows>2970</nrows><ncols>4451</ncols></imagesize><object><name>m4_s04_047_p_ic078</name><deleted>0</deleted><verified>0</verified><occluded>no</occluded><attributes></attributes><parts><hasparts></hasparts><ispartof></ispartof></parts><date>24-10-20 14:34:27:435</date><id>0</id><type>bounding_box</type><polygon><username>anonymous</username><pt><x>1604</x><y>304</y><time>24-10-20 14:34:22:583</time></pt><pt><x>2888</x><y>304</y><time>24-10-20 14:34:24:056</time></pt><pt><x>2888</x><y>2836</y><time>undefined</time></pt><pt><x>1604</x><y>2836</y><time>undefined</time></pt><closed_date>24-10-20 14:34:24:058</closed_date></polygon></object></annotation>