<annotation><filename>img_m1_s03-04_108_p_nic005.jpg</filename><folder>users/joselusava//valeria/sala3y4_108_nic</folder><source><submittedBy>Jose Saca</submittedBy></source><imagesize><nrows>3200</nrows><ncols>4800</ncols></imagesize><object><name>m1_s03_s04_108_p_nic005</name><deleted>0</deleted><verified>0</verified><occluded>no</occluded><attributes></attributes><parts><hasparts></hasparts><ispartof></ispartof></parts><date>02-09-20 14:57:41:726</date><id>0</id><type>bounding_box</type><polygon><username>anonymous</username><pt><x>4788</x><y>2691</y><time>02-09-20 14:56:19:722</time></pt><pt><x>1727</x><y>2691</y><time>02-09-20 14:56:23:475</time></pt><pt><x>1727</x><y>1709</y><time>undefined</time></pt><pt><x>4788</x><y>1709</y><time>undefined</time></pt><closed_date>02-09-20 14:56:23:476</closed_date></polygon></object></annotation>