<annotation><filename>m2_s01_058_p_ic011.jpg</filename><folder>users/joselusava//m2_jsv/58/ic</folder><source><submittedBy>Jose Saca</submittedBy></source><imagesize><nrows>2850</nrows><ncols>4271</ncols></imagesize><object><name>m2_s01_058_p_ic011</name><deleted>0</deleted><verified>0</verified><occluded>no</occluded><attributes></attributes><parts><hasparts></hasparts><ispartof></ispartof></parts><date>29-09-20 13:02:13:890</date><id>0</id><type>bounding_box</type><polygon><username>anonymous</username><pt><x>195</x><y>42</y><time>29-09-20 13:02:11:486</time></pt><pt><x>3617</x><y>42</y><time>29-09-20 13:02:13:154</time></pt><pt><x>3617</x><y>2539</y><time>undefined</time></pt><pt><x>195</x><y>2539</y><time>undefined</time></pt><closed_date>29-09-20 13:02:13:155</closed_date></polygon></object></annotation>