<annotation><filename>img_m1_s03-04_101_p_ic098.jpg</filename><folder>users/joselusava//valeria/sala3y4_101_ic</folder><source><submittedBy>Jose Saca</submittedBy></source><imagesize><nrows>3200</nrows><ncols>4800</ncols></imagesize><object><name>m1_s03_s04_101_p_ic098</name><deleted>0</deleted><verified>0</verified><occluded>no</occluded><attributes></attributes><parts><hasparts></hasparts><ispartof></ispartof></parts><date>29-08-20 02:10:33:598</date><id>0</id><type>bounding_box</type><polygon><username>anonymous</username><pt><x>4442</x><y>2958</y><time>29-08-20 02:10:27:421</time></pt><pt><x>655</x><y>2958</y><time>29-08-20 02:10:30:185</time></pt><pt><x>655</x><y>364</y><time>undefined</time></pt><pt><x>4442</x><y>364</y><time>undefined</time></pt><closed_date>29-08-20 02:10:30:186</closed_date></polygon></object></annotation>