<annotation><filename>m2_s03_219_p_nic063.jpg</filename><folder>users/joselusava//valeria/m2_sala03_219_nic</folder><source><submittedBy>Jose Saca</submittedBy></source><imagesize><nrows>2910</nrows><ncols>4361</ncols></imagesize><object><name>m2_s03_219_p_nic063</name><deleted>0</deleted><verified>0</verified><occluded>no</occluded><attributes></attributes><parts><hasparts></hasparts><ispartof></ispartof></parts><date>29-09-20 18:44:49:146</date><id>0</id><type>bounding_box</type><polygon><username>anonymous</username><pt><x>1345</x><y>2827</y><time>29-09-20 18:44:42:807</time></pt><pt><x>2403</x><y>2827</y><time>29-09-20 18:44:45:276</time></pt><pt><x>2403</x><y>1152</y><time>undefined</time></pt><pt><x>1345</x><y>1152</y><time>undefined</time></pt><closed_date>29-09-20 18:44:45:278</closed_date></polygon></object></annotation>