<annotation><filename>m2_s01_024_p_nic029.jpg</filename><folder>users/joselusava//santiago</folder><source><submittedBy>Jose Saca</submittedBy></source><imagesize><nrows>2850</nrows><ncols>4271</ncols></imagesize><object><name>m2_s01_024_p_nic029</name><deleted>0</deleted><verified>0</verified><occluded>no</occluded><attributes></attributes><parts><hasparts></hasparts><ispartof></ispartof></parts><date>25-09-20 13:57:02:465</date><id>0</id><type>bounding_box</type><polygon><username>anonymous</username><pt><x>1045</x><y>128</y><time>25-09-20 13:56:54:127</time></pt><pt><x>1994</x><y>128</y><time>25-09-20 13:56:56:244</time></pt><pt><x>1994</x><y>1584</y><time>undefined</time></pt><pt><x>1045</x><y>1584</y><time>undefined</time></pt><closed_date>25-09-20 13:56:56:245</closed_date></polygon></object></annotation>