<annotation><filename>m2_s03_201_p_ic024.jpg</filename><folder>users/joselusava//eg</folder><source><submittedBy>Jose Saca</submittedBy></source><imagesize><nrows>3000</nrows><ncols>4496</ncols></imagesize><object><name>m2_s03_219_p_ic024</name><deleted>0</deleted><verified>0</verified><occluded>no</occluded><attributes></attributes><parts><hasparts></hasparts><ispartof></ispartof></parts><date>16-09-20 13:14:21:014</date><id>0</id><type>bounding_box</type><polygon><username>anonymous</username><pt><x>635</x><y>118</y><time>16-09-20 13:14:10:627</time></pt><pt><x>3665</x><y>118</y><time>16-09-20 13:14:12:257</time></pt><pt><x>3665</x><y>2852</y><time>undefined</time></pt><pt><x>635</x><y>2852</y><time>undefined</time></pt><closed_date>16-09-20 13:14:12:258</closed_date></polygon></object></annotation>