<annotation><filename>m4_s05_060_p_nic049.jpg</filename><folder>users/joselusava//m4_js/60/nic</folder><source><submittedBy>Jose Saca</submittedBy></source><imagesize><nrows>2910</nrows><ncols>4361</ncols></imagesize><object><name>m4_s05_060_p_nic049</name><deleted>0</deleted><verified>0</verified><occluded>no</occluded><attributes></attributes><parts><hasparts></hasparts><ispartof></ispartof></parts><date>14-10-20 00:02:14:609</date><id>0</id><type>bounding_box</type><polygon><username>anonymous</username><pt><x>3064</x><y>1680</y><time>14-10-20 00:02:12:532</time></pt><pt><x>17</x><y>1680</y><time>14-10-20 00:02:13:804</time></pt><pt><x>17</x><y>17</y><time>undefined</time></pt><pt><x>3064</x><y>17</y><time>undefined</time></pt><closed_date>14-10-20 00:02:13:804</closed_date></polygon></object></annotation>