<annotation><filename>m3_s01_013_p_nic064.jpg</filename><folder>users/joselusava//valeria/m03_s01_13_nic</folder><source><submittedBy>Jose Saca</submittedBy></source><imagesize><nrows>2970</nrows><ncols>4451</ncols></imagesize><object><name>m3_s01_013_p_nic064</name><deleted>0</deleted><verified>0</verified><occluded>no</occluded><attributes></attributes><parts><hasparts></hasparts><ispartof></ispartof></parts><date>06-11-20 23:45:45:111</date><id>0</id><type>bounding_box</type><polygon><username>anonymous</username><pt><x>4198</x><y>2839</y><time>06-11-20 23:45:37:655</time></pt><pt><x>1999</x><y>2839</y><time>06-11-20 23:45:41:024</time></pt><pt><x>1999</x><y>286</y><time>undefined</time></pt><pt><x>4198</x><y>286</y><time>undefined</time></pt><closed_date>06-11-20 23:45:41:025</closed_date></polygon></object></annotation>