<annotation><filename>m4_s09_140_x.jpg</filename><folder>users/joselusava//kath/m4_x</folder><source><submittedBy>Jose Saca</submittedBy></source><imagesize><nrows>2970</nrows><ncols>4451</ncols></imagesize><object><name>m4_s09_140_x</name><deleted>0</deleted><verified>0</verified><occluded>no</occluded><attributes></attributes><parts><hasparts></hasparts><ispartof></ispartof></parts><date>21-10-20 11:51:00:182</date><id>0</id><polygon><username>anonymous</username><pt><x>1408</x><y>159</y><time>21-10-20 11:50:52:643</time></pt><pt><x>1418</x><y>2677</y><time>21-10-20 11:50:53:842</time></pt><pt><x>3090</x><y>2682</y><time>21-10-20 11:50:55:213</time></pt><pt><x>2898</x><y>149</y><time>21-10-20 11:50:56:297</time></pt><closed_date>21-10-20 11:50:58:023</closed_date></polygon></object></annotation>