<annotation><filename>m4_s02_021_p_nic038.jpg</filename><folder>users/joselusava//santiago_2</folder><source><submittedBy>Jose Saca</submittedBy></source><imagesize><nrows>2910</nrows><ncols>4361</ncols></imagesize><object><name>m4_s02_021_p_nic038</name><deleted>0</deleted><verified>0</verified><occluded>no</occluded><attributes></attributes><parts><hasparts></hasparts><ispartof></ispartof></parts><date>04-10-20 22:25:49:310</date><id>0</id><type>bounding_box</type><polygon><username>anonymous</username><pt><x>2931</x><y>243</y><time>04-10-20 22:25:44:008</time></pt><pt><x>3946</x><y>243</y><time>04-10-20 22:25:45:869</time></pt><pt><x>3946</x><y>1937</y><time>undefined</time></pt><pt><x>2931</x><y>1937</y><time>undefined</time></pt><closed_date>04-10-20 22:25:45:870</closed_date></polygon></object></annotation>