<annotation><filename>m2_s03_252_p_nic005.jpg</filename><folder>users/joselusava//valeria/m2_sala03_252_nic</folder><source><submittedBy>Jose Saca</submittedBy></source><imagesize><nrows>2910</nrows><ncols>4361</ncols></imagesize><object><name>m2_s06_252_p_nic005</name><deleted>0</deleted><verified>0</verified><occluded>no</occluded><attributes></attributes><parts><hasparts></hasparts><ispartof></ispartof></parts><date>26-09-20 16:44:53:121</date><id>0</id><type>bounding_box</type><polygon><username>anonymous</username><pt><x>3874</x><y>1301</y><time>26-09-20 16:44:48:271</time></pt><pt><x>2205</x><y>1301</y><time>26-09-20 16:44:50:537</time></pt><pt><x>2205</x><y>265</y><time>undefined</time></pt><pt><x>3874</x><y>265</y><time>undefined</time></pt><closed_date>26-09-20 16:44:50:538</closed_date></polygon></object></annotation>