<annotation><filename>m2_s03_219_p_nic056.jpg</filename><folder>users/joselusava//valeria/m2_sala03_219_nic</folder><source><submittedBy>Jose Saca</submittedBy></source><imagesize><nrows>2910</nrows><ncols>4361</ncols></imagesize><object><name>m2_s03_219_p_nic056</name><deleted>0</deleted><verified>0</verified><occluded>no</occluded><attributes></attributes><parts><hasparts></hasparts><ispartof></ispartof></parts><date>29-09-20 18:16:03:070</date><id>0</id><type>bounding_box</type><polygon><username>anonymous</username><pt><x>309</x><y>2116</y><time>29-09-20 18:15:58:140</time></pt><pt><x>1565</x><y>2116</y><time>29-09-20 18:15:59:977</time></pt><pt><x>1565</x><y>551</y><time>undefined</time></pt><pt><x>309</x><y>551</y><time>undefined</time></pt><closed_date>29-09-20 18:15:59:978</closed_date></polygon></object></annotation>