<annotation><filename>m2_s06_244_p_nic098.jpg</filename><folder>users/joselusava//museos2020</folder><source><submittedBy>Jose Saca</submittedBy></source><imagesize><nrows>2910</nrows><ncols>4361</ncols></imagesize><object><name>m2_s06_244_p_ic098</name><deleted>0</deleted><verified>0</verified><occluded>no</occluded><attributes></attributes><parts><hasparts></hasparts><ispartof></ispartof></parts><date>26-09-20 22:07:35:285</date><id>0</id><type>bounding_box</type><polygon><username>anonymous</username><pt><x>437</x><y>1302</y><time>26-09-20 22:07:28:597</time></pt><pt><x>1943</x><y>1302</y><time>26-09-20 22:07:29:802</time></pt><pt><x>1943</x><y>1934</y><time>undefined</time></pt><pt><x>437</x><y>1934</y><time>undefined</time></pt><closed_date>26-09-20 22:07:29:804</closed_date></polygon></object></annotation>