<annotation><filename>m2_s01_058_p_nic010.jpg</filename><folder>users/joselusava//m2_jsv/58/nic</folder><source><submittedBy>Jose Saca</submittedBy></source><imagesize><nrows>2850</nrows><ncols>4271</ncols></imagesize><object><name>m2_s01_058_p_nic010</name><deleted>0</deleted><verified>0</verified><occluded>no</occluded><attributes></attributes><parts><hasparts></hasparts><ispartof></ispartof></parts><date>29-09-20 21:14:57:938</date><id>0</id><type>bounding_box</type><polygon><username>anonymous</username><pt><x>580</x><y>128</y><time>29-09-20 21:14:56:128</time></pt><pt><x>2455</x><y>128</y><time>29-09-20 21:14:57:270</time></pt><pt><x>2455</x><y>1517</y><time>undefined</time></pt><pt><x>580</x><y>1517</y><time>undefined</time></pt><closed_date>29-09-20 21:14:57:270</closed_date></polygon></object></annotation>