<annotation><filename>m2_s05_236_p_ic047.jpg</filename><folder>users/joselusava//museos2020</folder><source><submittedBy>Jose Saca</submittedBy></source><imagesize><nrows>2910</nrows><ncols>4361</ncols></imagesize><object><name>m2_s05_236_p_ic047</name><deleted>0</deleted><verified>0</verified><occluded>no</occluded><attributes></attributes><parts><hasparts></hasparts><ispartof></ispartof></parts><date>16-09-20 18:40:00:027</date><id>0</id><type>bounding_box</type><polygon><username>anonymous</username><pt><x>549</x><y>37</y><time>16-09-20 18:39:51:510</time></pt><pt><x>4230</x><y>37</y><time>16-09-20 18:39:54:552</time></pt><pt><x>4230</x><y>2678</y><time>undefined</time></pt><pt><x>549</x><y>2678</y><time>undefined</time></pt><closed_date>16-09-20 18:39:54:553</closed_date></polygon></object></annotation>