<annotation><filename>m2_s01_024_p_nic017.jpg</filename><folder>users/joselusava//santiago</folder><source><submittedBy>Jose Saca</submittedBy></source><imagesize><nrows>2850</nrows><ncols>4271</ncols></imagesize><object><name>m2_s01_024_p_nic017</name><deleted>0</deleted><verified>0</verified><occluded>no</occluded><attributes></attributes><parts><hasparts></hasparts><ispartof></ispartof></parts><date>25-09-20 13:41:20:945</date><id>0</id><type>bounding_box</type><polygon><username>anonymous</username><pt><x>1664</x><y>981</y><time>25-09-20 13:41:12:062</time></pt><pt><x>2613</x><y>981</y><time>25-09-20 13:41:14:169</time></pt><pt><x>2613</x><y>2590</y><time>undefined</time></pt><pt><x>1664</x><y>2590</y><time>undefined</time></pt><closed_date>25-09-20 13:41:14:171</closed_date></polygon></object></annotation>