<annotation><filename>m4_s07_105_p_nic054.jpg</filename><folder>users/joselusava//kath/m4_105/nic</folder><source><submittedBy>Jose Saca</submittedBy></source><imagesize><nrows>2970</nrows><ncols>4451</ncols></imagesize><object><name>m4_s07_105_p_nic054</name><deleted>0</deleted><verified>0</verified><occluded>no</occluded><attributes></attributes><parts><hasparts></hasparts><ispartof></ispartof></parts><date>03-11-20 08:54:34:691</date><id>0</id><type>bounding_box</type><polygon><username>anonymous</username><pt><x>1528</x><y>2408</y><time>03-11-20 08:54:30:712</time></pt><pt><x>620</x><y>2408</y><time>03-11-20 08:54:32:148</time></pt><pt><x>620</x><y>730</y><time>undefined</time></pt><pt><x>1528</x><y>730</y><time>undefined</time></pt><closed_date>03-11-20 08:54:32:150</closed_date></polygon></object></annotation>