<annotation><filename>m2_s01_024_p_nic026.jpg</filename><folder>users/joselusava//santiago</folder><source><submittedBy>Jose Saca</submittedBy></source><imagesize><nrows>2850</nrows><ncols>4271</ncols></imagesize><object><name>m2_s01_024_p_nic026</name><deleted>0</deleted><verified>0</verified><occluded>no</occluded><attributes></attributes><parts><hasparts></hasparts><ispartof></ispartof></parts><date>25-09-20 13:53:56:543</date><id>0</id><type>bounding_box</type><polygon><username>anonymous</username><pt><x>2299</x><y>202</y><time>25-09-20 13:53:48:921</time></pt><pt><x>3203</x><y>202</y><time>25-09-20 13:53:50:665</time></pt><pt><x>3203</x><y>1629</y><time>undefined</time></pt><pt><x>2299</x><y>1629</y><time>undefined</time></pt><closed_date>25-09-20 13:53:50:665</closed_date></polygon></object></annotation>