<annotation><filename>m2_s01_032_p_ic062.jpg</filename><folder>users/joselusava//santiago_2</folder><source><submittedBy>Jose Saca</submittedBy></source><imagesize><nrows>2850</nrows><ncols>4271</ncols></imagesize><object><name>m2_s01_032_p_ic062</name><deleted>0</deleted><verified>0</verified><occluded>no</occluded><attributes></attributes><parts><hasparts></hasparts><ispartof></ispartof></parts><date>30-09-20 16:43:35:614</date><id>0</id><type>bounding_box</type><polygon><username>anonymous</username><pt><x>1116</x><y>170</y><time>30-09-20 16:43:31:214</time></pt><pt><x>3062</x><y>170</y><time>30-09-20 16:43:32:861</time></pt><pt><x>3062</x><y>2539</y><time>undefined</time></pt><pt><x>1116</x><y>2539</y><time>undefined</time></pt><closed_date>30-09-20 16:43:32:862</closed_date></polygon></object></annotation>