<annotation><filename>m1_s01_005_p_nic073.jpg</filename><folder>users/joselusava//museos2020</folder><source><submittedBy>Jose Saca</submittedBy></source><imagesize><nrows>2000</nrows><ncols>2992</ncols></imagesize><object><name>m1_s01_005_p_nic073</name><deleted>0</deleted><verified>0</verified><occluded>no</occluded><attributes></attributes><parts><hasparts></hasparts><ispartof></ispartof></parts><date>14-09-20 11:34:49:260</date><id>0</id><type>bounding_box</type><polygon><username>anonymous</username><pt><x>454</x><y>1118</y><time>14-09-20 11:34:31:201</time></pt><pt><x>783</x><y>1118</y><time>14-09-20 11:34:32:285</time></pt><pt><x>783</x><y>1489</y><time>undefined</time></pt><pt><x>454</x><y>1489</y><time>undefined</time></pt><closed_date>14-09-20 11:34:32:287</closed_date></polygon></object></annotation>