<annotation><filename>m1_s02_065_p_ic026.jpg</filename><folder>users/joselusava//valeria/sala2_065_ic</folder><source><submittedBy>Jose Saca</submittedBy></source><imagesize><nrows>2000</nrows><ncols>2992</ncols></imagesize><object><name>m1_s02_065_p_ic026</name><deleted>0</deleted><verified>0</verified><occluded>no</occluded><attributes></attributes><parts><hasparts></hasparts><ispartof></ispartof></parts><date>25-08-20 22:17:05:171</date><id>0</id><type>bounding_box</type><polygon><username>anonymous</username><pt><x>285</x><y>161</y><time>25-08-20 22:16:55:224</time></pt><pt><x>2916</x><y>161</y><time>25-08-20 22:17:00:805</time></pt><pt><x>2916</x><y>1933</y><time>undefined</time></pt><pt><x>285</x><y>1933</y><time>undefined</time></pt><closed_date>25-08-20 22:17:00:806</closed_date></polygon></object></annotation>