<annotation><filename>m4_s05_055_p_nic005.jpg</filename><folder>users/joselusava//valeria/m4_s05_055_nic</folder><source><submittedBy>Jose Saca</submittedBy></source><imagesize><nrows>2910</nrows><ncols>4361</ncols></imagesize><object><name>m4_s05_055_p_nic005</name><deleted>0</deleted><verified>0</verified><occluded>no</occluded><attributes></attributes><parts><hasparts></hasparts><ispartof></ispartof></parts><date>09-10-20 15:27:30:413</date><id>0</id><type>bounding_box</type><polygon><username>anonymous</username><pt><x>4183</x><y>1907</y><time>09-10-20 15:27:23:137</time></pt><pt><x>2645</x><y>1907</y><time>09-10-20 15:27:26:453</time></pt><pt><x>2645</x><y>303</y><time>undefined</time></pt><pt><x>4183</x><y>303</y><time>undefined</time></pt><closed_date>09-10-20 15:27:26:453</closed_date></polygon></object></annotation>