<annotation><filename>m2_s01_010_p_nic072.jpg</filename><folder>users/joselusava//santiago</folder><source><submittedBy>Jose Saca</submittedBy></source><imagesize><nrows>2850</nrows><ncols>4271</ncols></imagesize><object><name>m2_s01_010_p_nic072</name><deleted>0</deleted><verified>0</verified><occluded>no</occluded><attributes></attributes><parts><hasparts></hasparts><ispartof></ispartof></parts><date>22-09-20 21:26:35:073</date><id>0</id><type>bounding_box</type><polygon><username>anonymous</username><pt><x>2731</x><y>478</y><time>22-09-20 21:26:31:489</time></pt><pt><x>3312</x><y>478</y><time>22-09-20 21:26:32:370</time></pt><pt><x>3312</x><y>1100</y><time>undefined</time></pt><pt><x>2731</x><y>1100</y><time>undefined</time></pt><closed_date>22-09-20 21:26:32:371</closed_date></polygon></object></annotation>