<annotation><filename>m4_s12_186_p_nic044.jpg</filename><folder>users/joselusava//m4_js/186/nic</folder><source><submittedBy>Jose Saca</submittedBy></source><imagesize><nrows>3899</nrows><ncols>5844</ncols></imagesize><object><name>m4_s12_186_p_nic044</name><deleted>0</deleted><verified>0</verified><occluded>no</occluded><attributes></attributes><parts><hasparts></hasparts><ispartof></ispartof></parts><date>18-10-20 11:36:32:714</date><id>0</id><type>bounding_box</type><polygon><username>anonymous</username><pt><x>4503</x><y>2916</y><time>18-10-20 11:36:30:958</time></pt><pt><x>2123</x><y>2916</y><time>18-10-20 11:36:31:941</time></pt><pt><x>2123</x><y>12</y><time>undefined</time></pt><pt><x>4503</x><y>12</y><time>undefined</time></pt><closed_date>18-10-20 11:36:31:942</closed_date></polygon></object></annotation>