<annotation><filename>m1_s01_001_p_ic017.jpg</filename><folder>users/joselusava//juancarlos</folder><source><submittedBy>Jose Saca</submittedBy></source><imagesize><nrows>2000</nrows><ncols>2992</ncols></imagesize><object><name>m1_s01_001_p_ic017</name><deleted>0</deleted><verified>0</verified><occluded>no</occluded><attributes></attributes><parts><hasparts></hasparts><ispartof></ispartof></parts><date>24-08-20 11:45:14:752</date><id>0</id><type>bounding_box</type><polygon><username>anonymous</username><pt><x>833</x><y>583</y><time>24-08-20 11:44:57:954</time></pt><pt><x>2125</x><y>583</y><time>24-08-20 11:45:04:568</time></pt><pt><x>2125</x><y>1413</y><time>undefined</time></pt><pt><x>833</x><y>1413</y><time>undefined</time></pt><closed_date>24-08-20 11:45:04:569</closed_date></polygon></object></annotation>