<annotation><filename>m2_s01_034_p_nic001.jpg</filename><folder>users/joselusava//kath</folder><source><submittedBy>Jose Saca</submittedBy></source><imagesize><nrows>2850</nrows><ncols>4271</ncols></imagesize><object><name>m2_s01_034_p_nic001</name><deleted>0</deleted><verified>0</verified><occluded>no</occluded><attributes></attributes><parts><hasparts></hasparts><ispartof></ispartof></parts><date>25-09-20 17:19:44:790</date><id>0</id><type>bounding_box</type><polygon><username>anonymous</username><pt><x>2614</x><y>2549</y><time>25-09-20 17:19:33:726</time></pt><pt><x>3767</x><y>2549</y><time>25-09-20 17:19:40:569</time></pt><pt><x>3767</x><y>1053</y><time>undefined</time></pt><pt><x>2614</x><y>1053</y><time>undefined</time></pt><closed_date>25-09-20 17:19:40:570</closed_date></polygon></object></annotation>