<annotation><filename>m4_s07_105_p_nic048.jpg</filename><folder>users/joselusava//kath/m4_105/nic</folder><source><submittedBy>Jose Saca</submittedBy></source><imagesize><nrows>2970</nrows><ncols>4451</ncols></imagesize><object><name>m4_s07_105_p_nic048</name><deleted>0</deleted><verified>0</verified><occluded>no</occluded><attributes></attributes><parts><hasparts></hasparts><ispartof></ispartof></parts><date>03-11-20 08:50:22:326</date><id>0</id><type>bounding_box</type><polygon><username>anonymous</username><pt><x>3297</x><y>2033</y><time>03-11-20 08:50:12:887</time></pt><pt><x>4205</x><y>2033</y><time>03-11-20 08:50:14:875</time></pt><pt><x>4205</x><y>505</y><time>undefined</time></pt><pt><x>3297</x><y>505</y><time>undefined</time></pt><closed_date>03-11-20 08:50:14:875</closed_date></polygon></object></annotation>