<annotation><filename>m1_s03-04_082_x.jpg</filename><folder>users/joselusava//valeria/sala03y04</folder><source><submittedBy>Jose Saca</submittedBy></source><imagesize><nrows>3200</nrows><ncols>4800</ncols></imagesize><object><name>m1_s03_s04_082_x</name><deleted>0</deleted><verified>0</verified><occluded>no</occluded><attributes></attributes><parts><hasparts></hasparts><ispartof></ispartof></parts><date>28-08-20 20:32:06:881</date><id>0</id><type>bounding_box</type><polygon><username>anonymous</username><pt><x>3748</x><y>3093</y><time>28-08-20 20:31:46:004</time></pt><pt><x>1042</x><y>3093</y><time>28-08-20 20:31:53:637</time></pt><pt><x>1042</x><y>16</y><time>undefined</time></pt><pt><x>3748</x><y>16</y><time>undefined</time></pt><closed_date>28-08-20 20:31:53:639</closed_date></polygon></object></annotation>