<annotation><filename>m1_s01_003_x.jpg</filename><folder>users/joselusava//valeria_apoyo</folder><source><submittedBy>Jose Saca</submittedBy></source><imagesize><nrows>2000</nrows><ncols>2992</ncols></imagesize><object><name>m1_s01_003_x</name><deleted>0</deleted><verified>0</verified><occluded>no</occluded><attributes></attributes><parts><hasparts></hasparts><ispartof></ispartof></parts><date>17-09-20 20:59:10:562</date><id>0</id><type>bounding_box</type><polygon><username>anonymous</username><pt><x>867</x><y>496</y><time>17-09-20 20:59:04:135</time></pt><pt><x>2110</x><y>496</y><time>17-09-20 20:59:06:163</time></pt><pt><x>2110</x><y>1591</y><time>undefined</time></pt><pt><x>867</x><y>1591</y><time>undefined</time></pt><closed_date>17-09-20 20:59:06:165</closed_date></polygon></object></annotation>