<annotation><filename>m2_s01_056_p_nic085.jpg</filename><folder>users/joselusava//m2_jsv/56/nic</folder><source><submittedBy>Jose Saca</submittedBy></source><imagesize><nrows>2850</nrows><ncols>4271</ncols></imagesize><object><name>m2_s01_056_p_nic085</name><deleted>0</deleted><verified>0</verified><occluded>no</occluded><attributes></attributes><parts><hasparts></hasparts><ispartof></ispartof></parts><date>28-09-20 22:35:58:041</date><id>0</id><type>bounding_box</type><polygon><username>anonymous</username><pt><x>1783</x><y>2148</y><time>28-09-20 22:35:56:420</time></pt><pt><x>399</x><y>2148</y><time>28-09-20 22:35:57:498</time></pt><pt><x>399</x><y>399</y><time>undefined</time></pt><pt><x>1783</x><y>399</y><time>undefined</time></pt><closed_date>28-09-20 22:35:57:498</closed_date></polygon></object></annotation>