<annotation><filename>m1_s06_186_p_nic048.jpg</filename><folder>users/joselusava//jacob_2/186nic</folder><source><submittedBy>Jose Saca</submittedBy></source><imagesize><nrows>2736</nrows><ncols>4100</ncols></imagesize><object><name>m1_s06_186_p_nic048</name><deleted>0</deleted><verified>0</verified><occluded>no</occluded><attributes></attributes><parts><hasparts></hasparts><ispartof></ispartof></parts><date>09-09-20 23:18:54:330</date><id>0</id><type>bounding_box</type><polygon><username>anonymous</username><pt><x>409</x><y>2316</y><time>09-09-20 23:18:51:443</time></pt><pt><x>1416</x><y>2316</y><time>09-09-20 23:18:53:685</time></pt><pt><x>1416</x><y>647</y><time>undefined</time></pt><pt><x>409</x><y>647</y><time>undefined</time></pt><closed_date>09-09-20 23:18:53:686</closed_date></polygon></object></annotation>