<annotation><filename>m2_s01_054_p_ic014.jpg</filename><folder>users/joselusava//kath</folder><source><submittedBy>Jose Saca</submittedBy></source><imagesize><nrows>2850</nrows><ncols>4271</ncols></imagesize><object><name>m2_s01_054_p_ic014</name><deleted>0</deleted><verified>0</verified><occluded>no</occluded><attributes></attributes><parts><hasparts></hasparts><ispartof></ispartof></parts><date>29-09-20 21:35:42:736</date><id>0</id><type>bounding_box</type><polygon><username>anonymous</username><pt><x>1095</x><y>428</y><time>29-09-20 21:35:36:285</time></pt><pt><x>2901</x><y>428</y><time>29-09-20 21:35:39:864</time></pt><pt><x>2901</x><y>2538</y><time>undefined</time></pt><pt><x>1095</x><y>2538</y><time>undefined</time></pt><closed_date>29-09-20 21:35:39:865</closed_date></polygon></object></annotation>