<annotation><filename>m1_s02_029_p_ic067.jpg</filename><folder>users/joselusava//valeria/sala2_029_ic</folder><source><submittedBy>Jose Saca</submittedBy></source><imagesize><nrows>3200</nrows><ncols>4800</ncols></imagesize><object><name>m1_s02_029_p_ic067</name><deleted>0</deleted><verified>0</verified><occluded>no</occluded><attributes></attributes><parts><hasparts></hasparts><ispartof></ispartof></parts><date>22-08-20 20:32:59:499</date><id>0</id><type>bounding_box</type><polygon><username>anonymous</username><pt><x>1203</x><y>306</y><time>22-08-20 20:32:51:287</time></pt><pt><x>3576</x><y>306</y><time>22-08-20 20:32:56:144</time></pt><pt><x>3576</x><y>2647</y><time>undefined</time></pt><pt><x>1203</x><y>2647</y><time>undefined</time></pt><closed_date>22-08-20 20:32:56:145</closed_date></polygon></object></annotation>