<annotation><filename>m1_s01_004_p_ic038.jpg</filename><folder>users/joselusava//valeria_apoyo/sala001_004ic_ok</folder><source><submittedBy>Jose Saca</submittedBy></source><imagesize><nrows>2000</nrows><ncols>2992</ncols></imagesize><object><name>m1_s01_004_p_ic038</name><deleted>0</deleted><verified>0</verified><occluded>no</occluded><attributes></attributes><parts><hasparts></hasparts><ispartof></ispartof></parts><date>15-09-20 23:24:22:489</date><id>0</id><type>bounding_box</type><polygon><username>anonymous</username><pt><x>42</x><y>1814</y><time>15-09-20 23:24:15:609</time></pt><pt><x>2648</x><y>1814</y><time>15-09-20 23:24:18:921</time></pt><pt><x>2648</x><y>481</y><time>undefined</time></pt><pt><x>42</x><y>481</y><time>undefined</time></pt><closed_date>15-09-20 23:24:18:922</closed_date></polygon></object></annotation>