<annotation><filename>m2_s01_054_p_nic067.jpg</filename><folder>users/joselusava//kath</folder><source><submittedBy>Jose Saca</submittedBy></source><imagesize><nrows>2850</nrows><ncols>4271</ncols></imagesize><object><name>m2_s01_054_p_nic067</name><deleted>0</deleted><verified>0</verified><occluded>no</occluded><attributes></attributes><parts><hasparts></hasparts><ispartof></ispartof></parts><date>30-09-20 19:50:08:770</date><id>0</id><type>bounding_box</type><polygon><username>anonymous</username><pt><x>1643</x><y>330</y><time>30-09-20 19:49:55:737</time></pt><pt><x>2274</x><y>330</y><time>30-09-20 19:49:57:228</time></pt><pt><x>2274</x><y>1593</y><time>undefined</time></pt><pt><x>1643</x><y>1593</y><time>undefined</time></pt><closed_date>30-09-20 19:49:57:229</closed_date></polygon></object></annotation>