<annotation><filename>m2_s02_085_p_nic092.jpg</filename><folder>users/joselusava//m2_jsv/85/nic</folder><source><submittedBy>Jose Saca</submittedBy></source><imagesize><nrows>2910</nrows><ncols>4361</ncols></imagesize><object><name>m2_s02_085_p_nic092</name><deleted>0</deleted><verified>0</verified><occluded>no</occluded><attributes></attributes><parts><hasparts></hasparts><ispartof></ispartof></parts><date>19-09-20 23:05:10:994</date><id>0</id><type>bounding_box</type><polygon><username>anonymous</username><pt><x>383</x><y>522</y><time>19-09-20 23:05:09:045</time></pt><pt><x>1123</x><y>522</y><time>19-09-20 23:05:10:098</time></pt><pt><x>1123</x><y>1288</y><time>undefined</time></pt><pt><x>383</x><y>1288</y><time>undefined</time></pt><closed_date>19-09-20 23:05:10:098</closed_date></polygon></object></annotation>