<annotation><filename>m4_s07_105_p_ic025.jpg</filename><folder>users/joselusava//kath/m4_105</folder><source><submittedBy>Jose Saca</submittedBy></source><imagesize><nrows>2970</nrows><ncols>4451</ncols></imagesize><object><name>m4_s07_105_p_ic025</name><deleted>0</deleted><verified>0</verified><occluded>no</occluded><attributes></attributes><parts><hasparts></hasparts><ispartof></ispartof></parts><date>25-10-20 09:25:06:222</date><id>0</id><type>bounding_box</type><polygon><username>anonymous</username><pt><x>2999</x><y>2638</y><time>25-10-20 09:25:00:448</time></pt><pt><x>1567</x><y>2638</y><time>25-10-20 09:25:01:980</time></pt><pt><x>1567</x><y>356</y><time>undefined</time></pt><pt><x>2999</x><y>356</y><time>undefined</time></pt><closed_date>25-10-20 09:25:01:981</closed_date></polygon></object></annotation>