<annotation><filename>m2_s01_024_p_nic095.jpg</filename><folder>users/joselusava//santiago</folder><source><submittedBy>Jose Saca</submittedBy></source><imagesize><nrows>2850</nrows><ncols>4271</ncols></imagesize><object><name>m2_s01_024_p_nic095</name><deleted>0</deleted><verified>0</verified><occluded>no</occluded><attributes></attributes><parts><hasparts></hasparts><ispartof></ispartof></parts><date>25-09-20 15:58:49:183</date><id>0</id><type>bounding_box</type><polygon><username>anonymous</username><pt><x>3020</x><y>180</y><time>25-09-20 15:58:41:025</time></pt><pt><x>3796</x><y>180</y><time>25-09-20 15:58:42:910</time></pt><pt><x>3796</x><y>1494</y><time>undefined</time></pt><pt><x>3020</x><y>1494</y><time>undefined</time></pt><closed_date>25-09-20 15:58:42:911</closed_date></polygon></object></annotation>