<annotation><filename>m4_s07_105_p_nic014.jpg</filename><folder>users/joselusava//kath/m4_105/nic</folder><source><submittedBy>Jose Saca</submittedBy></source><imagesize><nrows>2970</nrows><ncols>4451</ncols></imagesize><object><name>m4_s07_105_p_nic014</name><deleted>0</deleted><verified>0</verified><occluded>no</occluded><attributes></attributes><parts><hasparts></hasparts><ispartof></ispartof></parts><date>29-10-20 09:29:32:442</date><id>0</id><type>bounding_box</type><polygon><username>anonymous</username><pt><x>1817</x><y>1735</y><time>29-10-20 09:29:28:124</time></pt><pt><x>759</x><y>1735</y><time>29-10-20 09:29:29:929</time></pt><pt><x>759</x><y>216</y><time>undefined</time></pt><pt><x>1817</x><y>216</y><time>undefined</time></pt><closed_date>29-10-20 09:29:29:929</closed_date></polygon></object></annotation>