<annotation><filename>m2_s05_236_p_ic082.jpg</filename><folder>users/joselusava//museos2020</folder><source><submittedBy>Jose Saca</submittedBy></source><imagesize><nrows>2910</nrows><ncols>4361</ncols></imagesize><object><name>m2_s05_236_p_ic082</name><deleted>0</deleted><verified>0</verified><occluded>no</occluded><attributes></attributes><parts><hasparts></hasparts><ispartof></ispartof></parts><date>16-09-20 19:23:15:557</date><id>0</id><type>bounding_box</type><polygon><username>anonymous</username><pt><x>256</x><y>186</y><time>16-09-20 19:23:05:273</time></pt><pt><x>4356</x><y>186</y><time>16-09-20 19:23:08:299</time></pt><pt><x>4356</x><y>2692</y><time>undefined</time></pt><pt><x>256</x><y>2692</y><time>undefined</time></pt><closed_date>16-09-20 19:23:08:300</closed_date></polygon></object></annotation>