<annotation><filename>m4_s08_116_x.jpg</filename><folder>users/joselusava//kath/m4_x</folder><source><submittedBy>Jose Saca</submittedBy></source><imagesize><nrows>2970</nrows><ncols>4451</ncols></imagesize><object><name>m4_s08_116_x</name><deleted>0</deleted><verified>0</verified><occluded>no</occluded><attributes></attributes><parts><hasparts></hasparts><ispartof></ispartof></parts><date>21-10-20 11:25:15:162</date><id>0</id><type>bounding_box</type><polygon><username>anonymous</username><pt><x>1274</x><y>274</y><time>21-10-20 11:25:09:908</time></pt><pt><x>3109</x><y>274</y><time>21-10-20 11:25:12:970</time></pt><pt><x>3109</x><y>2523</y><time>undefined</time></pt><pt><x>1274</x><y>2523</y><time>undefined</time></pt><closed_date>21-10-20 11:25:12:971</closed_date></polygon></object></annotation>