<annotation><filename>m4_s02_015_p_ic025.jpg</filename><folder>users/joselusava//m4_js/15ic</folder><source><submittedBy>Jose Saca</submittedBy></source><imagesize><nrows>2910</nrows><ncols>4361</ncols></imagesize><object><name>m4_s02_015_p_ic025</name><deleted>0</deleted><verified>0</verified><occluded>no</occluded><attributes></attributes><parts><hasparts></hasparts><ispartof></ispartof></parts><date>03-10-20 19:16:22:444</date><id>0</id><type>bounding_box</type><polygon><username>anonymous</username><pt><x>2951</x><y>2437</y><time>03-10-20 19:16:19:718</time></pt><pt><x>1628</x><y>2437</y><time>03-10-20 19:16:21:831</time></pt><pt><x>1628</x><y>583</y><time>undefined</time></pt><pt><x>2951</x><y>583</y><time>undefined</time></pt><closed_date>03-10-20 19:16:21:831</closed_date></polygon></object></annotation>