<annotation><filename>m1_s01_001_p_nic056.jpg</filename><folder>users/joselusava//juancarlos</folder><source><submittedBy>Jose Saca</submittedBy></source><imagesize><nrows>3200</nrows><ncols>4800</ncols></imagesize><object><name>m1_s01_001_p_nic056</name><deleted>0</deleted><verified>0</verified><occluded>no</occluded><attributes></attributes><parts><hasparts></hasparts><ispartof></ispartof></parts><date>09-09-20 17:07:43:985</date><id>0</id><type>bounding_box</type><polygon><username>anonymous</username><pt><x>521</x><y>1661</y><time>09-09-20 17:07:29:938</time></pt><pt><x>1642</x><y>1661</y><time>09-09-20 17:07:33:615</time></pt><pt><x>1642</x><y>2248</y><time>undefined</time></pt><pt><x>521</x><y>2248</y><time>undefined</time></pt><closed_date>09-09-20 17:07:33:617</closed_date></polygon></object></annotation>