<annotation><filename>m1_s06_141_p_nic030.jpg</filename><folder>users/joselusava//jacob_2/141nic</folder><source><submittedBy>Jose Saca</submittedBy></source><imagesize><nrows>2736</nrows><ncols>4100</ncols></imagesize><object><name>m1_s06_141_p_nic030</name><deleted>0</deleted><verified>0</verified><occluded>no</occluded><attributes></attributes><parts><hasparts></hasparts><ispartof></ispartof></parts><date>05-09-20 01:09:08:258</date><id>0</id><type>bounding_box</type><polygon><username>anonymous</username><pt><x>3538</x><y>2497</y><time>05-09-20 01:09:04:955</time></pt><pt><x>2456</x><y>2497</y><time>05-09-20 01:09:06:548</time></pt><pt><x>2456</x><y>873</y><time>undefined</time></pt><pt><x>3538</x><y>873</y><time>undefined</time></pt><closed_date>05-09-20 01:09:06:548</closed_date></polygon></object></annotation>