<annotation><filename>m1_s06_149_x.jpg</filename><folder>users/joselusava//jacob_2/sala6</folder><source><submittedBy>Jose Saca</submittedBy></source><imagesize><nrows>2736</nrows><ncols>4100</ncols></imagesize><object><name>m1_s06_149_x</name><deleted>0</deleted><verified>0</verified><occluded>no</occluded><attributes></attributes><parts><hasparts></hasparts><ispartof></ispartof></parts><date>06-09-20 01:37:42:031</date><id>0</id><type>bounding_box</type><polygon><username>anonymous</username><pt><x>1125</x><y>212</y><time>06-09-20 01:37:37:832</time></pt><pt><x>3008</x><y>212</y><time>06-09-20 01:37:41:026</time></pt><pt><x>3008</x><y>2665</y><time>undefined</time></pt><pt><x>1125</x><y>2665</y><time>undefined</time></pt><closed_date>06-09-20 01:37:41:027</closed_date></polygon></object></annotation>