<annotation><filename>m1_s06_168_p_nic079.jpg</filename><folder>users/joselusava//jacob_2/168nic</folder><source><submittedBy>Jose Saca</submittedBy></source><imagesize><nrows>2736</nrows><ncols>4100</ncols></imagesize><object><name>m1_s06_168_p_nic079</name><deleted>0</deleted><verified>0</verified><occluded>no</occluded><attributes></attributes><parts><hasparts></hasparts><ispartof></ispartof></parts><date>09-09-20 10:56:54:219</date><id>0</id><type>bounding_box</type><polygon><username>anonymous</username><pt><x>3658</x><y>1989</y><time>09-09-20 10:56:51:309</time></pt><pt><x>2668</x><y>1989</y><time>09-09-20 10:56:53:352</time></pt><pt><x>2668</x><y>516</y><time>undefined</time></pt><pt><x>3658</x><y>516</y><time>undefined</time></pt><closed_date>09-09-20 10:56:53:352</closed_date></polygon></object></annotation>