<annotation><filename>m2_s01_001_p_nic008.jpg</filename><folder>users/joselusava//santiago</folder><source><submittedBy>Jose Saca</submittedBy></source><imagesize><nrows>2850</nrows><ncols>4271</ncols></imagesize><object><name>m2_s01_001_p_nic008</name><deleted>0</deleted><verified>0</verified><occluded>no</occluded><attributes></attributes><parts><hasparts></hasparts><ispartof></ispartof></parts><date>19-09-20 21:50:29:117</date><id>0</id><type>bounding_box</type><polygon><username>anonymous</username><pt><x>955</x><y>305</y><time>19-09-20 21:50:20:551</time></pt><pt><x>2517</x><y>305</y><time>19-09-20 21:50:22:727</time></pt><pt><x>2517</x><y>1837</y><time>undefined</time></pt><pt><x>955</x><y>1837</y><time>undefined</time></pt><closed_date>19-09-20 21:50:22:728</closed_date></polygon></object></annotation>