<annotation><filename>m1_s01_001_p_nic033.jpg</filename><folder>users/joselusava//juancarlos</folder><source><submittedBy>Jose Saca</submittedBy></source><imagesize><nrows>3200</nrows><ncols>4800</ncols></imagesize><object><name>m1_s01_001_p_nic033</name><deleted>0</deleted><verified>0</verified><occluded>no</occluded><attributes></attributes><parts><hasparts></hasparts><ispartof></ispartof></parts><date>02-09-20 15:59:27:583</date><id>0</id><type>bounding_box</type><polygon><username>anonymous</username><pt><x>461</x><y>1242</y><time>02-09-20 15:59:17:956</time></pt><pt><x>1921</x><y>1242</y><time>02-09-20 15:59:21:436</time></pt><pt><x>1921</x><y>2085</y><time>undefined</time></pt><pt><x>461</x><y>2085</y><time>undefined</time></pt><closed_date>02-09-20 15:59:21:438</closed_date></polygon></object></annotation>