<annotation><filename>m1_s01_001_p_nic041.jpg</filename><folder>users/joselusava//juancarlos</folder><source><submittedBy>Jose Saca</submittedBy></source><imagesize><nrows>3200</nrows><ncols>4800</ncols></imagesize><object><name>m1_s01_001_p_nic041</name><deleted>0</deleted><verified>0</verified><occluded>no</occluded><attributes></attributes><parts><hasparts></hasparts><ispartof></ispartof></parts><date>09-09-20 09:12:17:727</date><id>0</id><type>bounding_box</type><polygon><username>anonymous</username><pt><x>3294</x><y>2252</y><time>09-09-20 08:59:32:021</time></pt><pt><x>4409</x><y>2252</y><time>09-09-20 08:59:35:403</time></pt><pt><x>4409</x><y>2884</y><time>undefined</time></pt><pt><x>3294</x><y>2884</y><time>undefined</time></pt><closed_date>09-09-20 08:59:35:405</closed_date></polygon></object></annotation>