<annotation><filename>m4_s10_157_p_ic020.jpg</filename><folder>users/joselusava//valeria/m04_s10_157_nic</folder><source><submittedBy>Jose Saca</submittedBy></source><imagesize><nrows>2970</nrows><ncols>4451</ncols></imagesize><object><name>m4_s10_157_p_nic020</name><deleted>0</deleted><verified>0</verified><occluded>no</occluded><attributes></attributes><parts><hasparts></hasparts><ispartof></ispartof></parts><date>12-10-20 19:17:04:428</date><id>0</id><type>bounding_box</type><polygon><username>anonymous</username><pt><x>534</x><y>2199</y><time>12-10-20 19:16:59:129</time></pt><pt><x>2374</x><y>2199</y><time>12-10-20 19:17:01:326</time></pt><pt><x>2374</x><y>135</y><time>undefined</time></pt><pt><x>534</x><y>135</y><time>undefined</time></pt><closed_date>12-10-20 19:17:01:329</closed_date></polygon></object></annotation>