<annotation><filename>m4_s06_089_p_ic077.jpg</filename><folder>users/joselusava//santiago_2</folder><source><submittedBy>Jose Saca</submittedBy></source><imagesize><nrows>2970</nrows><ncols>4451</ncols></imagesize><object><name>m4_s06_089_p_ic077</name><deleted>0</deleted><verified>0</verified><occluded>no</occluded><attributes></attributes><parts><hasparts></hasparts><ispartof></ispartof></parts><date>11-10-20 19:07:17:591</date><id>0</id><type>bounding_box</type><polygon><username>anonymous</username><pt><x>1492</x><y>110</y><time>11-10-20 19:07:14:178</time></pt><pt><x>3161</x><y>110</y><time>11-10-20 19:07:15:679</time></pt><pt><x>3161</x><y>2525</y><time>undefined</time></pt><pt><x>1492</x><y>2525</y><time>undefined</time></pt><closed_date>11-10-20 19:07:15:681</closed_date></polygon></object></annotation>