<annotation><filename>m2_s01_067_x.jpg</filename><folder>users/joselusava//juancarlos</folder><source><submittedBy>Jose Saca</submittedBy></source><imagesize><nrows>2850</nrows><ncols>4271</ncols></imagesize><object><name>m2_s01_067_x</name><deleted>0</deleted><verified>0</verified><occluded>no</occluded><attributes></attributes><parts><hasparts></hasparts><ispartof></ispartof></parts><date>28-09-20 10:45:10:930</date><id>0</id><type>bounding_box</type><polygon><username>anonymous</username><pt><x>915</x><y>478</y><time>28-09-20 10:44:56:576</time></pt><pt><x>3141</x><y>478</y><time>28-09-20 10:44:59:807</time></pt><pt><x>3141</x><y>2495</y><time>undefined</time></pt><pt><x>915</x><y>2495</y><time>undefined</time></pt><closed_date>28-09-20 10:44:59:808</closed_date></polygon></object></annotation>