<annotation><filename>m4_s02_021_p_nic094.jpg</filename><folder>users/joselusava//santiago_2</folder><source><submittedBy>Jose Saca</submittedBy></source><imagesize><nrows>2910</nrows><ncols>4361</ncols></imagesize><object><name>m4_s02_021_p_nic094</name><deleted>0</deleted><verified>0</verified><occluded>no</occluded><attributes></attributes><parts><hasparts></hasparts><ispartof></ispartof></parts><date>05-10-20 11:59:55:919</date><id>0</id><type>bounding_box</type><polygon><username>anonymous</username><pt><x>627</x><y>301</y><time>05-10-20 11:59:51:710</time></pt><pt><x>1684</x><y>301</y><time>05-10-20 11:59:53:707</time></pt><pt><x>1684</x><y>2224</y><time>undefined</time></pt><pt><x>627</x><y>2224</y><time>undefined</time></pt><closed_date>05-10-20 11:59:53:708</closed_date></polygon></object></annotation>