<annotation><filename>m4_s04_045_p_nic059.jpg</filename><folder>users/joselusava//valeria/m04_s04_45_nic</folder><source><submittedBy>Jose Saca</submittedBy></source><imagesize><nrows>2970</nrows><ncols>4451</ncols></imagesize><object><name>m4_s04_045_p_nic059</name><deleted>0</deleted><verified>0</verified><occluded>no</occluded><attributes></attributes><parts><hasparts></hasparts><ispartof></ispartof></parts><date>20-10-20 15:14:40:326</date><id>0</id><type>bounding_box</type><polygon><username>anonymous</username><pt><x>3610</x><y>1302</y><time>20-10-20 15:14:36:302</time></pt><pt><x>4084</x><y>1302</y><time>20-10-20 15:14:37:534</time></pt><pt><x>4084</x><y>508</y><time>undefined</time></pt><pt><x>3610</x><y>508</y><time>undefined</time></pt><closed_date>20-10-20 15:14:37:535</closed_date></polygon></object></annotation>