<annotation><filename>m4_s03_025_p_ic002.jpg</filename><folder>users/joselusava//juancarlos</folder><source><submittedBy>Jose Saca</submittedBy></source><imagesize><nrows>2910</nrows><ncols>4361</ncols></imagesize><object><name>m4_s02_025_p_ic002</name><deleted>0</deleted><verified>0</verified><occluded>no</occluded><attributes></attributes><parts><hasparts></hasparts><ispartof></ispartof></parts><date>05-11-20 17:02:12:080</date><id>0</id><type>bounding_box</type><polygon><username>anonymous</username><pt><x>838</x><y>631</y><time>05-11-20 17:02:01:359</time></pt><pt><x>3762</x><y>631</y><time>05-11-20 17:02:03:842</time></pt><pt><x>3762</x><y>2227</y><time>undefined</time></pt><pt><x>838</x><y>2227</y><time>undefined</time></pt><closed_date>05-11-20 17:02:03:842</closed_date></polygon></object></annotation>