<annotation><filename>m2_s01_034_p_nic082.jpg</filename><folder>users/joselusava//kath</folder><source><submittedBy>Jose Saca</submittedBy></source><imagesize><nrows>2850</nrows><ncols>4271</ncols></imagesize><object><name>m2_s01_034_p_nic082</name><deleted>0</deleted><verified>0</verified><occluded>no</occluded><attributes></attributes><parts><hasparts></hasparts><ispartof></ispartof></parts><date>25-09-20 20:54:54:594</date><id>0</id><type>bounding_box</type><polygon><username>anonymous</username><pt><x>222</x><y>637</y><time>25-09-20 20:54:47:508</time></pt><pt><x>1131</x><y>637</y><time>25-09-20 20:54:51:485</time></pt><pt><x>1131</x><y>1890</y><time>undefined</time></pt><pt><x>222</x><y>1890</y><time>undefined</time></pt><closed_date>25-09-20 20:54:51:485</closed_date></polygon></object></annotation>