<annotation><filename>m1_s02_065_p_ic062.jpg</filename><folder>users/joselusava//valeria/sala2_065_ic</folder><source><submittedBy>Jose Saca</submittedBy></source><imagesize><nrows>2000</nrows><ncols>2992</ncols></imagesize><object><name>m1_s02_065_p_ic062</name><deleted>0</deleted><verified>0</verified><occluded>no</occluded><attributes></attributes><parts><hasparts></hasparts><ispartof></ispartof></parts><date>26-08-20 00:26:05:485</date><id>0</id><type>bounding_box</type><polygon><username>anonymous</username><pt><x>171</x><y>299</y><time>26-08-20 00:25:58:691</time></pt><pt><x>2846</x><y>299</y><time>26-08-20 00:26:01:434</time></pt><pt><x>2846</x><y>1943</y><time>undefined</time></pt><pt><x>171</x><y>1943</y><time>undefined</time></pt><closed_date>26-08-20 00:26:01:435</closed_date></polygon></object></annotation>