<annotation><filename>m1_s02_065_p_nic065.jpg</filename><folder>users/joselusava//valeria/sala2_065_nic</folder><source><submittedBy>Jose Saca</submittedBy></source><imagesize><nrows>2000</nrows><ncols>2992</ncols></imagesize><object><name>m1_s02_065_p_nic065</name><deleted>0</deleted><verified>0</verified><occluded>no</occluded><attributes></attributes><parts><hasparts></hasparts><ispartof></ispartof></parts><date>27-08-20 23:51:10:002</date><id>0</id><type>bounding_box</type><polygon><username>anonymous</username><pt><x>1641</x><y>1574</y><time>27-08-20 23:51:02:729</time></pt><pt><x>144</x><y>1574</y><time>27-08-20 23:51:05:623</time></pt><pt><x>144</x><y>1034</y><time>undefined</time></pt><pt><x>1641</x><y>1034</y><time>undefined</time></pt><closed_date>27-08-20 23:51:05:624</closed_date></polygon></object></annotation>