<annotation><filename>m2_s01_018_p_ic015.jpg</filename><folder>users/joselusava//santiago_2</folder><source><submittedBy>Jose Saca</submittedBy></source><imagesize><nrows>3000</nrows><ncols>4496</ncols></imagesize><object><name>m2_s01_018_p_ic015</name><deleted>0</deleted><verified>0</verified><occluded>no</occluded><attributes></attributes><parts><hasparts></hasparts><ispartof></ispartof></parts><date>26-09-20 18:53:15:857</date><id>0</id><type>bounding_box</type><polygon><username>anonymous</username><pt><x>1529</x><y>732</y><time>26-09-20 18:53:08:972</time></pt><pt><x>2669</x><y>732</y><time>26-09-20 18:53:10:078</time></pt><pt><x>2669</x><y>2190</y><time>undefined</time></pt><pt><x>1529</x><y>2190</y><time>undefined</time></pt><closed_date>26-09-20 18:53:10:079</closed_date></polygon></object></annotation>