<annotation><filename>m2_s06_244_p_ic087.jpg</filename><folder>users/joselusava//museos2020</folder><source><submittedBy>Jose Saca</submittedBy></source><imagesize><nrows>2910</nrows><ncols>4361</ncols></imagesize><object><name>m2_s06_244_p_ic087</name><deleted>0</deleted><verified>0</verified><occluded>no</occluded><attributes></attributes><parts><hasparts></hasparts><ispartof></ispartof></parts><date>23-09-20 09:21:23:604</date><id>0</id><type>bounding_box</type><polygon><username>anonymous</username><pt><x>788</x><y>867</y><time>23-09-20 09:21:07:019</time></pt><pt><x>3340</x><y>867</y><time>23-09-20 09:21:14:791</time></pt><pt><x>3340</x><y>2415</y><time>undefined</time></pt><pt><x>788</x><y>2415</y><time>undefined</time></pt><closed_date>23-09-20 09:21:14:792</closed_date></polygon></object></annotation>