<annotation><filename>m2_s01_010_p_ic073.jpg</filename><folder>users/joselusava//santiago</folder><source><submittedBy>Jose Saca</submittedBy></source><imagesize><nrows>2850</nrows><ncols>4271</ncols></imagesize><object><name>m2_s01_010_p_ic073</name><deleted>0</deleted><verified>0</verified><occluded>no</occluded><attributes></attributes><parts><hasparts></hasparts><ispartof></ispartof></parts><date>21-09-20 23:21:00:505</date><id>0</id><type>bounding_box</type><polygon><username>anonymous</username><pt><x>1125</x><y>442</y><time>21-09-20 23:20:51:700</time></pt><pt><x>3235</x><y>442</y><time>21-09-20 23:20:54:159</time></pt><pt><x>3235</x><y>2440</y><time>undefined</time></pt><pt><x>1125</x><y>2440</y><time>undefined</time></pt><closed_date>21-09-20 23:20:54:161</closed_date></polygon></object></annotation>