<annotation><filename>m4_s02_015_p_nic025.jpg</filename><folder>users/joselusava//m4_js/15nic</folder><source><submittedBy>Jose Saca</submittedBy></source><imagesize><nrows>2910</nrows><ncols>4361</ncols></imagesize><object><name>m4_s02_015_p_nic025</name><deleted>0</deleted><verified>0</verified><occluded>no</occluded><attributes></attributes><parts><hasparts></hasparts><ispartof></ispartof></parts><date>06-10-20 19:42:35:497</date><id>0</id><type>bounding_box</type><polygon><username>anonymous</username><pt><x>2463</x><y>2777</y><time>06-10-20 19:42:33:699</time></pt><pt><x>3847</x><y>2777</y><time>06-10-20 19:42:34:851</time></pt><pt><x>3847</x><y>1349</y><time>undefined</time></pt><pt><x>2463</x><y>1349</y><time>undefined</time></pt><closed_date>06-10-20 19:42:34:851</closed_date></polygon></object></annotation>