<annotation><filename>m2_s01_034_p_nic060.jpg</filename><folder>users/joselusava//kath</folder><source><submittedBy>Jose Saca</submittedBy></source><imagesize><nrows>2850</nrows><ncols>4271</ncols></imagesize><object><name>m2_s01_034_p_nic060</name><deleted>0</deleted><verified>0</verified><occluded>no</occluded><attributes></attributes><parts><hasparts></hasparts><ispartof></ispartof></parts><date>25-09-20 20:24:36:796</date><id>0</id><type>bounding_box</type><polygon><username>anonymous</username><pt><x>2506</x><y>637</y><time>25-09-20 20:24:30:523</time></pt><pt><x>3373</x><y>637</y><time>25-09-20 20:24:33:588</time></pt><pt><x>3373</x><y>2105</y><time>undefined</time></pt><pt><x>2506</x><y>2105</y><time>undefined</time></pt><closed_date>25-09-20 20:24:33:589</closed_date></polygon></object></annotation>