<annotation><filename>m2_s01_054_p_ic096.jpg</filename><folder>users/joselusava//kath</folder><source><submittedBy>Jose Saca</submittedBy></source><imagesize><nrows>2850</nrows><ncols>4271</ncols></imagesize><object><name>m2_s01_054_p_ic096</name><deleted>0</deleted><verified>0</verified><occluded>no</occluded><attributes></attributes><parts><hasparts></hasparts><ispartof></ispartof></parts><date>30-09-20 10:52:12:203</date><id>0</id><type>bounding_box</type><polygon><username>anonymous</username><pt><x>2710</x><y>218</y><time>30-09-20 10:52:06:057</time></pt><pt><x>1306</x><y>218</y><time>30-09-20 10:52:09:231</time></pt><pt><x>1306</x><y>2611</y><time>undefined</time></pt><pt><x>2710</x><y>2611</y><time>undefined</time></pt><closed_date>30-09-20 10:52:09:231</closed_date></polygon></object></annotation>