<annotation><filename>m4_s07_105_p_ic007.jpg</filename><folder>users/joselusava//kath/m4_105</folder><source><submittedBy>Jose Saca</submittedBy></source><imagesize><nrows>2970</nrows><ncols>4451</ncols></imagesize><object><name>m4_s07_105_p_ic007</name><deleted>0</deleted><verified>0</verified><occluded>no</occluded><attributes></attributes><parts><hasparts></hasparts><ispartof></ispartof></parts><date>25-10-20 09:07:54:559</date><id>0</id><type>bounding_box</type><polygon><username>anonymous</username><pt><x>1824</x><y>454</y><time>25-10-20 09:07:46:466</time></pt><pt><x>2877</x><y>454</y><time>25-10-20 09:07:48:529</time></pt><pt><x>2877</x><y>2591</y><time>undefined</time></pt><pt><x>1824</x><y>2591</y><time>undefined</time></pt><closed_date>25-10-20 09:07:48:530</closed_date></polygon></object></annotation>