<annotation><filename>m3_s01_002_p_ic012.jpg</filename><folder>users/joselusava//santiago_3</folder><source><submittedBy>Jose Saca</submittedBy></source><imagesize><nrows>2970</nrows><ncols>4451</ncols></imagesize><object><name>m3_s01_002_p_ic012</name><deleted>0</deleted><verified>0</verified><occluded>no</occluded><attributes></attributes><parts><hasparts></hasparts><ispartof></ispartof></parts><date>28-10-20 17:24:42:472</date><id>0</id><type>bounding_box</type><polygon><username>anonymous</username><pt><x>200</x><y>168</y><time>28-10-20 17:24:38:826</time></pt><pt><x>3937</x><y>168</y><time>28-10-20 17:24:40:586</time></pt><pt><x>3937</x><y>2677</y><time>undefined</time></pt><pt><x>200</x><y>2677</y><time>undefined</time></pt><closed_date>28-10-20 17:24:40:588</closed_date></polygon></object></annotation>