<annotation><filename>m2_s01_056_p_ic037.jpg</filename><folder>users/joselusava//m2_jsv/56/ic</folder><source><submittedBy>Jose Saca</submittedBy></source><imagesize><nrows>2850</nrows><ncols>4271</ncols></imagesize><object><name>m2_s01_056_p_ic037</name><deleted>0</deleted><verified>0</verified><occluded>no</occluded><attributes></attributes><parts><hasparts></hasparts><ispartof></ispartof></parts><date>28-09-20 21:37:51:652</date><id>0</id><type>bounding_box</type><polygon><username>anonymous</username><pt><x>3108</x><y>2811</y><time>28-09-20 21:37:49:937</time></pt><pt><x>1061</x><y>2811</y><time>28-09-20 21:37:50:912</time></pt><pt><x>1061</x><y>8</y><time>undefined</time></pt><pt><x>3108</x><y>8</y><time>undefined</time></pt><closed_date>28-09-20 21:37:50:913</closed_date></polygon></object></annotation>