<annotation><filename>m1_s01_001_p_nic038.jpg</filename><folder>users/joselusava//juancarlos</folder><source><submittedBy>Jose Saca</submittedBy></source><imagesize><nrows>3200</nrows><ncols>4800</ncols></imagesize><object><name>m1_s01_001_p_nic038</name><deleted>0</deleted><verified>0</verified><occluded>no</occluded><attributes></attributes><parts><hasparts></hasparts><ispartof></ispartof></parts><date>02-09-20 16:02:27:206</date><id>0</id><type>bounding_box</type><polygon><username>anonymous</username><pt><x>2224</x><y>1758</y><time>02-09-20 16:02:17:009</time></pt><pt><x>3667</x><y>1758</y><time>02-09-20 16:02:19:497</time></pt><pt><x>3667</x><y>2727</y><time>undefined</time></pt><pt><x>2224</x><y>2727</y><time>undefined</time></pt><closed_date>02-09-20 16:02:19:499</closed_date></polygon></object></annotation>