<annotation><filename>m4_s06_089_p_nic100.jpg</filename><folder>users/joselusava//santiago_2</folder><source><submittedBy>Jose Saca</submittedBy></source><imagesize><nrows>2970</nrows><ncols>4451</ncols></imagesize><object><name>m4_s06_089_p_nic100</name><deleted>0</deleted><verified>0</verified><occluded>no</occluded><attributes></attributes><parts><hasparts></hasparts><ispartof></ispartof></parts><date>12-10-20 22:28:11:474</date><id>0</id><type>bounding_box</type><polygon><username>anonymous</username><pt><x>607</x><y>289</y><time>12-10-20 22:28:08:578</time></pt><pt><x>1599</x><y>289</y><time>12-10-20 22:28:09:619</time></pt><pt><x>1599</x><y>2135</y><time>undefined</time></pt><pt><x>607</x><y>2135</y><time>undefined</time></pt><closed_date>12-10-20 22:28:09:620</closed_date></polygon></object></annotation>