<annotation><filename>m2_s02_085_p_ic026.jpg</filename><folder>users/joselusava//m2_jsv/85/ic</folder><source><submittedBy>Jose Saca</submittedBy></source><imagesize><nrows>2910</nrows><ncols>4361</ncols></imagesize><object><name>m2_s02_085_p_ic026</name><deleted>0</deleted><verified>0</verified><occluded>no</occluded><attributes></attributes><parts><hasparts></hasparts><ispartof></ispartof></parts><date>16-09-20 13:39:02:386</date><id>0</id><type>bounding_box</type><polygon><username>anonymous</username><pt><x>1619</x><y>757</y><time>16-09-20 13:38:59:674</time></pt><pt><x>2803</x><y>757</y><time>16-09-20 13:39:01:775</time></pt><pt><x>2803</x><y>2011</y><time>undefined</time></pt><pt><x>1619</x><y>2011</y><time>undefined</time></pt><closed_date>16-09-20 13:39:01:775</closed_date></polygon></object></annotation>