<annotation><filename>m4_s03_025_p_nic002.jpg</filename><folder>users/joselusava//santiago_3</folder><source><submittedBy>Jose Saca</submittedBy></source><imagesize><nrows>2910</nrows><ncols>4361</ncols></imagesize><object><name>m4_s03_025_p_nic002</name><deleted>0</deleted><verified>0</verified><occluded>no</occluded><attributes></attributes><parts><hasparts></hasparts><ispartof></ispartof></parts><date>07-11-20 22:58:02:987</date><id>0</id><type>bounding_box</type><polygon><username>anonymous</username><pt><x>1917</x><y>1098</y><time>07-11-20 22:57:45:784</time></pt><pt><x>4152</x><y>1098</y><time>07-11-20 22:57:47:350</time></pt><pt><x>4152</x><y>2371</y><time>undefined</time></pt><pt><x>1917</x><y>2371</y><time>undefined</time></pt><closed_date>07-11-20 22:57:47:352</closed_date></polygon></object></annotation>