<annotation><filename>m2_s03_201_p_nic047.jpg</filename><folder>users/joselusava//valeria/m2_sala03_201_nic</folder><source><submittedBy>Jose Saca</submittedBy></source><imagesize><nrows>2910</nrows><ncols>4361</ncols></imagesize><object><name>m2_s03_201_p_nic047</name><deleted>0</deleted><verified>0</verified><occluded>no</occluded><attributes></attributes><parts><hasparts></hasparts><ispartof></ispartof></parts><date>29-09-20 23:22:16:724</date><id>0</id><type>bounding_box</type><polygon><username>anonymous</username><pt><x>2475</x><y>2353</y><time>29-09-20 23:22:11:649</time></pt><pt><x>4178</x><y>2353</y><time>29-09-20 23:22:13:762</time></pt><pt><x>4178</x><y>441</y><time>undefined</time></pt><pt><x>2475</x><y>441</y><time>undefined</time></pt><closed_date>29-09-20 23:22:13:763</closed_date></polygon></object></annotation>