<annotation><filename>m2_s01_024_p_nic077.jpg</filename><folder>users/joselusava//santiago</folder><source><submittedBy>Jose Saca</submittedBy></source><imagesize><nrows>2850</nrows><ncols>4271</ncols></imagesize><object><name>m2_s01_024_p_nic077</name><deleted>0</deleted><verified>0</verified><occluded>no</occluded><attributes></attributes><parts><hasparts></hasparts><ispartof></ispartof></parts><date>25-09-20 15:38:03:289</date><id>0</id><type>bounding_box</type><polygon><username>anonymous</username><pt><x>321</x><y>154</y><time>25-09-20 15:37:56:378</time></pt><pt><x>1119</x><y>154</y><time>25-09-20 15:37:57:292</time></pt><pt><x>1119</x><y>1414</y><time>undefined</time></pt><pt><x>321</x><y>1414</y><time>undefined</time></pt><closed_date>25-09-20 15:37:57:293</closed_date></polygon></object></annotation>