<annotation><filename>m4_s04_037_p_nic006.jpg</filename><folder>users/joselusava//santiago_2</folder><source><submittedBy>Jose Saca</submittedBy></source><imagesize><nrows>2970</nrows><ncols>4451</ncols></imagesize><object><name>m4_s04_037_p_nic006</name><deleted>0</deleted><verified>0</verified><occluded>no</occluded><attributes></attributes><parts><hasparts></hasparts><ispartof></ispartof></parts><date>19-10-20 13:51:47:618</date><id>0</id><type>bounding_box</type><polygon><username>anonymous</username><pt><x>532</x><y>1242</y><time>19-10-20 13:51:44:738</time></pt><pt><x>1692</x><y>1242</y><time>19-10-20 13:51:45:657</time></pt><pt><x>1692</x><y>2841</y><time>undefined</time></pt><pt><x>532</x><y>2841</y><time>undefined</time></pt><closed_date>19-10-20 13:51:45:658</closed_date></polygon></object></annotation>