<annotation><filename>m2_s06_248_p_nic076.jpg</filename><folder>users/joselusava//museos2020</folder><source><submittedBy>Jose Saca</submittedBy></source><imagesize><nrows>2910</nrows><ncols>4361</ncols></imagesize><object><name>m2_s06_248_p_nic076</name><deleted>0</deleted><verified>0</verified><occluded>no</occluded><attributes></attributes><parts><hasparts></hasparts><ispartof></ispartof></parts><date>27-09-20 19:26:38:730</date><id>0</id><polygon><username>anonymous</username><pt><x>456</x><y>302</y><time>27-09-20 19:26:27:258</time></pt><pt><x>3923</x><y>284</y><time>27-09-20 19:26:28:319</time></pt><pt><x>3589</x><y>1004</y><time>27-09-20 19:26:28:967</time></pt><pt><x>270</x><y>614</y><time>27-09-20 19:26:30:207</time></pt><closed_date>27-09-20 19:26:30:988</closed_date></polygon></object></annotation>