<annotation><filename>m1_s02_052_p_ic015.jpg</filename><folder>users/joselusava//valeria/sala2_052_ic</folder><source><submittedBy>Jose Saca</submittedBy></source><imagesize><nrows>3200</nrows><ncols>4800</ncols></imagesize><object><name>m1_s02_052_p_ic015</name><deleted>0</deleted><verified>0</verified><occluded>no</occluded><attributes></attributes><parts><hasparts></hasparts><ispartof></ispartof></parts><date>25-08-20 16:04:26:512</date><id>0</id><type>bounding_box</type><polygon><username>anonymous</username><pt><x>467</x><y>38</y><time>25-08-20 16:04:19:748</time></pt><pt><x>4279</x><y>38</y><time>25-08-20 16:04:22:477</time></pt><pt><x>4279</x><y>2915</y><time>undefined</time></pt><pt><x>467</x><y>2915</y><time>undefined</time></pt><closed_date>25-08-20 16:04:22:478</closed_date></polygon></object></annotation>