<annotation><filename>m1_s06_141_p_nic038.jpg</filename><folder>users/joselusava//jacob_2/141nic</folder><source><submittedBy>Jose Saca</submittedBy></source><imagesize><nrows>2736</nrows><ncols>4100</ncols></imagesize><object><name>m1_s06_141_p_nic038</name><deleted>0</deleted><verified>0</verified><occluded>no</occluded><attributes></attributes><parts><hasparts></hasparts><ispartof></ispartof></parts><date>05-09-20 01:13:02:516</date><id>0</id><type>bounding_box</type><polygon><username>anonymous</username><pt><x>2720</x><y>1617</y><time>05-09-20 01:12:59:869</time></pt><pt><x>1712</x><y>1617</y><time>05-09-20 01:13:01:912</time></pt><pt><x>1712</x><y>74</y><time>undefined</time></pt><pt><x>2720</x><y>74</y><time>undefined</time></pt><closed_date>05-09-20 01:13:01:912</closed_date></polygon></object></annotation>