<annotation><filename>m1_s02_052_p_nic092.jpg</filename><folder>users/joselusava//valeria/sala2_052_nic</folder><source><submittedBy>Jose Saca</submittedBy></source><imagesize><nrows>3200</nrows><ncols>4800</ncols></imagesize><object><name>m1_s02_052_p_nic092</name><deleted>0</deleted><verified>0</verified><occluded>no</occluded><attributes></attributes><parts><hasparts></hasparts><ispartof></ispartof></parts><date>27-08-20 17:55:15:967</date><id>0</id><type>bounding_box</type><polygon><username>anonymous</username><pt><x>2765</x><y>118</y><time>27-08-20 17:55:09:554</time></pt><pt><x>1315</x><y>118</y><time>27-08-20 17:55:12:882</time></pt><pt><x>1315</x><y>1482</y><time>undefined</time></pt><pt><x>2765</x><y>1482</y><time>undefined</time></pt><closed_date>27-08-20 17:55:12:883</closed_date></polygon></object></annotation>