<annotation><filename>m4_s05_057_x.jpg</filename><folder>users/joselusava//kath/m4_x</folder><source><submittedBy>Jose Saca</submittedBy></source><imagesize><nrows>2910</nrows><ncols>4361</ncols></imagesize><object><name>m4_s05_057_x</name><deleted>0</deleted><verified>0</verified><occluded>no</occluded><attributes></attributes><parts><hasparts></hasparts><ispartof></ispartof></parts><date>20-10-20 09:28:07:440</date><id>0</id><polygon><username>anonymous</username><pt><x>819</x><y>636</y><time>20-10-20 09:28:00:463</time></pt><pt><x>636</x><y>2510</y><time>20-10-20 09:28:01:466</time></pt><pt><x>3503</x><y>2571</y><time>20-10-20 09:28:02:656</time></pt><pt><x>3386</x><y>603</y><time>20-10-20 09:28:03:761</time></pt><closed_date>20-10-20 09:28:04:892</closed_date></polygon></object></annotation>