<annotation><filename>m2_s01_024_p_nic067.jpg</filename><folder>users/joselusava//santiago</folder><source><submittedBy>Jose Saca</submittedBy></source><imagesize><nrows>2850</nrows><ncols>4271</ncols></imagesize><object><name>m2_s01_024_p_nic067</name><deleted>0</deleted><verified>0</verified><occluded>no</occluded><attributes></attributes><parts><hasparts></hasparts><ispartof></ispartof></parts><date>25-09-20 15:25:28:656</date><id>0</id><type>bounding_box</type><polygon><username>anonymous</username><pt><x>2158</x><y>234</y><time>25-09-20 15:25:22:195</time></pt><pt><x>3475</x><y>234</y><time>25-09-20 15:25:23:148</time></pt><pt><x>3475</x><y>2190</y><time>undefined</time></pt><pt><x>2158</x><y>2190</y><time>undefined</time></pt><closed_date>25-09-20 15:25:23:148</closed_date></polygon></object></annotation>