<annotation><filename>m1_s01_017_p_nic081.jpg</filename><folder>users/joselusava//santiago</folder><source><submittedBy>Jose Saca</submittedBy></source><imagesize><nrows>3200</nrows><ncols>4800</ncols></imagesize><object><name>m1_s01_017_p_nic081</name><deleted>0</deleted><verified>0</verified><occluded>no</occluded><attributes></attributes><parts><hasparts></hasparts><ispartof></ispartof></parts><date>11-09-20 19:54:01:257</date><id>0</id><type>bounding_box</type><polygon><username>anonymous</username><pt><x>659</x><y>1469</y><time>11-09-20 19:53:53:452</time></pt><pt><x>1256</x><y>1469</y><time>11-09-20 19:53:54:385</time></pt><pt><x>1256</x><y>1857</y><time>undefined</time></pt><pt><x>659</x><y>1857</y><time>undefined</time></pt><closed_date>11-09-20 19:53:54:386</closed_date></polygon></object></annotation>