<annotation><filename>m1_s02_029_p_nic077.jpg</filename><folder>users/joselusava//valeria/sala2_029_nic</folder><source><submittedBy>Jose Saca</submittedBy></source><imagesize><nrows>3200</nrows><ncols>4800</ncols></imagesize><object><name>m1_s02_029_p_nic077</name><deleted>0</deleted><verified>0</verified><occluded>no</occluded><attributes></attributes><parts><hasparts></hasparts><ispartof></ispartof></parts><date>26-08-20 20:27:55:137</date><id>0</id><type>bounding_box</type><polygon><username>anonymous</username><pt><x>558</x><y>1788</y><time>26-08-20 20:27:45:339</time></pt><pt><x>1589</x><y>1788</y><time>26-08-20 20:27:50:665</time></pt><pt><x>1589</x><y>3007</y><time>undefined</time></pt><pt><x>558</x><y>3007</y><time>undefined</time></pt><closed_date>26-08-20 20:27:50:666</closed_date></polygon></object></annotation>