<annotation><filename>m1_s01_021_p.jpg</filename><folder>users/joselusava//santiago</folder><source><submittedBy>Jose Saca</submittedBy></source><imagesize><nrows>3200</nrows><ncols>4800</ncols></imagesize><object><name>m1_s01_021_p</name><deleted>0</deleted><verified>0</verified><occluded>no</occluded><attributes></attributes><parts><hasparts></hasparts><ispartof></ispartof></parts><date>14-09-20 21:44:45:995</date><id>0</id><type>bounding_box</type><polygon><username>anonymous</username><pt><x>1418</x><y>803</y><time>14-09-20 21:44:36:929</time></pt><pt><x>2790</x><y>803</y><time>14-09-20 21:44:39:011</time></pt><pt><x>2790</x><y>2408</y><time>undefined</time></pt><pt><x>1418</x><y>2408</y><time>undefined</time></pt><closed_date>14-09-20 21:44:39:012</closed_date></polygon></object></annotation>