<annotation><filename>m4_s10_154_p_nic082.jpg</filename><folder>users/joselusava//valeria/m04_s10_154_nic</folder><source><submittedBy>Jose Saca</submittedBy></source><imagesize><nrows>2970</nrows><ncols>4451</ncols></imagesize><object><name>m4_s10_154_p_nic082</name><deleted>0</deleted><verified>0</verified><occluded>no</occluded><attributes></attributes><parts><hasparts></hasparts><ispartof></ispartof></parts><date>14-10-20 15:53:14:718</date><id>0</id><type>bounding_box</type><polygon><username>anonymous</username><pt><x>3901</x><y>2439</y><time>14-10-20 15:52:57:993</time></pt><pt><x>2279</x><y>2439</y><time>14-10-20 15:53:00:181</time></pt><pt><x>2279</x><y>354</y><time>undefined</time></pt><pt><x>3901</x><y>354</y><time>undefined</time></pt><closed_date>14-10-20 15:53:00:182</closed_date></polygon></object></annotation>