<annotation><filename>m2_s01_024_p_nic007.jpg</filename><folder>users/joselusava//santiago</folder><source><submittedBy>Jose Saca</submittedBy></source><imagesize><nrows>2850</nrows><ncols>4271</ncols></imagesize><object><name>m2_s01_024_p_nic007</name><deleted>0</deleted><verified>0</verified><occluded>no</occluded><attributes></attributes><parts><hasparts></hasparts><ispartof></ispartof></parts><date>25-09-20 13:30:42:591</date><id>0</id><type>bounding_box</type><polygon><username>anonymous</username><pt><x>1161</x><y>131</y><time>25-09-20 13:30:30:135</time></pt><pt><x>2154</x><y>131</y><time>25-09-20 13:30:32:033</time></pt><pt><x>2154</x><y>1859</y><time>undefined</time></pt><pt><x>1161</x><y>1859</y><time>undefined</time></pt><closed_date>25-09-20 13:30:32:033</closed_date></polygon></object></annotation>