<annotation><filename>m3_s01_010_p_nic090.jpg</filename><folder>users/joselusava//m4_js/m3/10/nic</folder><source><submittedBy>Jose Saca</submittedBy></source><imagesize><nrows>2970</nrows><ncols>4451</ncols></imagesize><object><name>m3_s01_010_p_nic090</name><deleted>0</deleted><verified>0</verified><occluded>no</occluded><attributes></attributes><parts><hasparts></hasparts><ispartof></ispartof></parts><date>29-10-20 14:45:18:881</date><id>0</id><type>bounding_box</type><polygon><username>anonymous</username><pt><x>890</x><y>2929</y><time>29-10-20 14:45:16:876</time></pt><pt><x>4109</x><y>2929</y><time>29-10-20 14:45:18:342</time></pt><pt><x>4109</x><y>600</y><time>undefined</time></pt><pt><x>890</x><y>600</y><time>undefined</time></pt><closed_date>29-10-20 14:45:18:342</closed_date></polygon></object></annotation>