<annotation><filename>img_m1_s03-04_101_p_ic093.jpg</filename><folder>users/joselusava//valeria/sala3y4_101_ic</folder><source><submittedBy>Jose Saca</submittedBy></source><imagesize><nrows>3200</nrows><ncols>4800</ncols></imagesize><object><name>m1_s03_s04_101_p_ic093</name><deleted>0</deleted><verified>0</verified><occluded>no</occluded><attributes></attributes><parts><hasparts></hasparts><ispartof></ispartof></parts><date>29-08-20 02:02:20:418</date><id>0</id><type>bounding_box</type><polygon><username>anonymous</username><pt><x>315</x><y>2782</y><time>29-08-20 02:02:13:170</time></pt><pt><x>4503</x><y>2782</y><time>29-08-20 02:02:16:920</time></pt><pt><x>4503</x><y>85</y><time>undefined</time></pt><pt><x>315</x><y>85</y><time>undefined</time></pt><closed_date>29-08-20 02:02:16:921</closed_date></polygon></object></annotation>