<annotation><filename>m1_s01_004_p_ic068.jpg</filename><folder>users/joselusava//valeria_apoyo/sala001_004ic_ok</folder><source><submittedBy>Jose Saca</submittedBy></source><imagesize><nrows>2000</nrows><ncols>2992</ncols></imagesize><object><name>m1_s01_004_p_ic068</name><deleted>0</deleted><verified>0</verified><occluded>no</occluded><attributes></attributes><parts><hasparts></hasparts><ispartof></ispartof></parts><date>16-09-20 01:01:58:751</date><id>0</id><type>bounding_box</type><polygon><username>anonymous</username><pt><x>2390</x><y>1345</y><time>16-09-20 01:01:49:501</time></pt><pt><x>223</x><y>1345</y><time>16-09-20 01:01:55:033</time></pt><pt><x>223</x><y>341</y><time>undefined</time></pt><pt><x>2390</x><y>341</y><time>undefined</time></pt><closed_date>16-09-20 01:01:55:034</closed_date></polygon></object></annotation>