<annotation><filename>m2_s06_250_p_ic038.jpg</filename><folder>users/joselusava//valeria/m2_sala06_250_ic</folder><source><submittedBy>Jose Saca</submittedBy></source><imagesize><nrows>2910</nrows><ncols>4361</ncols></imagesize><object><name>m2_s06_250_p_ic038</name><deleted>0</deleted><verified>0</verified><occluded>no</occluded><attributes></attributes><parts><hasparts></hasparts><ispartof></ispartof></parts><date>30-09-20 22:36:50:299</date><id>0</id><type>bounding_box</type><polygon><username>anonymous</username><pt><x>3726</x><y>2260</y><time>30-09-20 22:36:44:054</time></pt><pt><x>865</x><y>2260</y><time>30-09-20 22:36:47:138</time></pt><pt><x>865</x><y>849</y><time>undefined</time></pt><pt><x>3726</x><y>849</y><time>undefined</time></pt><closed_date>30-09-20 22:36:47:139</closed_date></polygon></object></annotation>