<annotation><filename>m1_s01_021_p_ic025.jpg</filename><folder>users/joselusava//santiago</folder><source><submittedBy>Jose Saca</submittedBy></source><imagesize><nrows>3200</nrows><ncols>4800</ncols></imagesize><object><name>m1_s01_021_p_ic025</name><deleted>0</deleted><verified>0</verified><occluded>no</occluded><attributes></attributes><parts><hasparts></hasparts><ispartof></ispartof></parts><date>14-09-20 22:49:13:081</date><id>0</id><type>bounding_box</type><polygon><username>anonymous</username><pt><x>1688</x><y>594</y><time>14-09-20 22:49:03:960</time></pt><pt><x>3157</x><y>594</y><time>14-09-20 22:49:06:343</time></pt><pt><x>3157</x><y>2548</y><time>undefined</time></pt><pt><x>1688</x><y>2548</y><time>undefined</time></pt><closed_date>14-09-20 22:49:06:344</closed_date></polygon></object></annotation>