<annotation><filename>m4_s10_157_p_ic037.jpg</filename><folder>users/joselusava//valeria/m04_s10_157_nic</folder><source><submittedBy>Jose Saca</submittedBy></source><imagesize><nrows>2970</nrows><ncols>4451</ncols></imagesize><object><name>m4_s10_157_p_nic037</name><deleted>0</deleted><verified>0</verified><occluded>no</occluded><attributes></attributes><parts><hasparts></hasparts><ispartof></ispartof></parts><date>12-10-20 20:31:34:359</date><id>0</id><type>bounding_box</type><polygon><username>anonymous</username><pt><x>1794</x><y>2841</y><time>12-10-20 20:31:28:635</time></pt><pt><x>3578</x><y>2841</y><time>12-10-20 20:31:30:798</time></pt><pt><x>3578</x><y>804</y><time>undefined</time></pt><pt><x>1794</x><y>804</y><time>undefined</time></pt><closed_date>12-10-20 20:31:30:799</closed_date></polygon></object></annotation>