<annotation><filename>m1_s02_029_p_nic093.jpg</filename><folder>users/joselusava//valeria/sala2_029_nic</folder><source><submittedBy>Jose Saca</submittedBy></source><imagesize><nrows>3200</nrows><ncols>4800</ncols></imagesize><object><name>m1_s02_029_p_nic093</name><deleted>0</deleted><verified>0</verified><occluded>no</occluded><attributes></attributes><parts><hasparts></hasparts><ispartof></ispartof></parts><date>26-08-20 21:10:24:408</date><id>0</id><type>bounding_box</type><polygon><username>anonymous</username><pt><x>3195</x><y>204</y><time>26-08-20 21:10:17:987</time></pt><pt><x>4338</x><y>204</y><time>26-08-20 21:10:21:236</time></pt><pt><x>4338</x><y>1428</y><time>undefined</time></pt><pt><x>3195</x><y>1428</y><time>undefined</time></pt><closed_date>26-08-20 21:10:21:238</closed_date></polygon></object></annotation>