<annotation><filename>m4_s12_186_p_nic019.jpg</filename><folder>users/joselusava//m4_js/186/nic</folder><source><submittedBy>Jose Saca</submittedBy></source><imagesize><nrows>3899</nrows><ncols>5844</ncols></imagesize><object><name>m4_s12_186_p_nic019</name><deleted>0</deleted><verified>0</verified><occluded>no</occluded><attributes></attributes><parts><hasparts></hasparts><ispartof></ispartof></parts><date>18-10-20 11:25:54:885</date><id>0</id><type>bounding_box</type><polygon><username>anonymous</username><pt><x>3359</x><y>1038</y><time>18-10-20 11:25:53:132</time></pt><pt><x>1026</x><y>1038</y><time>18-10-20 11:25:54:302</time></pt><pt><x>1026</x><y>3861</y><time>undefined</time></pt><pt><x>3359</x><y>3861</y><time>undefined</time></pt><closed_date>18-10-20 11:25:54:302</closed_date></polygon></object></annotation>