<annotation><filename>m4_s12_185_p_ic059.jpg</filename><folder>users/joselusava//valeria/m04_s12_185_ic</folder><source><submittedBy>Jose Saca</submittedBy></source><imagesize><nrows>2910</nrows><ncols>4361</ncols></imagesize><object><name>m4_s12_185_p_ic059</name><deleted>0</deleted><verified>0</verified><occluded>no</occluded><attributes></attributes><parts><hasparts></hasparts><ispartof></ispartof></parts><date>17-10-20 18:10:44:666</date><id>0</id><type>bounding_box</type><polygon><username>anonymous</username><pt><x>3408</x><y>2457</y><time>17-10-20 18:10:31:510</time></pt><pt><x>811</x><y>2457</y><time>17-10-20 18:10:39:735</time></pt><pt><x>811</x><y>173</y><time>undefined</time></pt><pt><x>3408</x><y>173</y><time>undefined</time></pt><closed_date>17-10-20 18:10:39:737</closed_date></polygon></object></annotation>