<annotation><filename>m2_s01_032_p_nic001.jpg</filename><folder>users/joselusava//santiago_2</folder><source><submittedBy>Jose Saca</submittedBy></source><imagesize><nrows>2850</nrows><ncols>4271</ncols></imagesize><object><name>m2_s01_032_p_nic001</name><deleted>0</deleted><verified>0</verified><occluded>no</occluded><attributes></attributes><parts><hasparts></hasparts><ispartof></ispartof></parts><date>30-09-20 17:38:54:042</date><id>0</id><type>bounding_box</type><polygon><username>anonymous</username><pt><x>2664</x><y>1218</y><time>30-09-20 17:38:51:139</time></pt><pt><x>3655</x><y>1218</y><time>30-09-20 17:38:52:447</time></pt><pt><x>3655</x><y>2568</y><time>undefined</time></pt><pt><x>2664</x><y>2568</y><time>undefined</time></pt><closed_date>30-09-20 17:38:52:448</closed_date></polygon></object></annotation>