<annotation><filename>m1_s06_168_p_ic035.jpg</filename><folder>users/joselusava//jacob_2/168ic</folder><source><submittedBy>Jose Saca</submittedBy></source><imagesize><nrows>2736</nrows><ncols>4100</ncols></imagesize><object><name>m1_s06_168_p_ic035</name><deleted>0</deleted><verified>0</verified><occluded>no</occluded><attributes></attributes><parts><hasparts></hasparts><ispartof></ispartof></parts><date>08-09-20 19:50:05:684</date><id>0</id><type>bounding_box</type><polygon><username>anonymous</username><pt><x>1522</x><y>49</y><time>08-09-20 19:50:03:180</time></pt><pt><x>2602</x><y>49</y><time>08-09-20 19:50:05:066</time></pt><pt><x>2602</x><y>2553</y><time>undefined</time></pt><pt><x>1522</x><y>2553</y><time>undefined</time></pt><closed_date>08-09-20 19:50:05:067</closed_date></polygon></object></annotation>