<annotation><filename>m4_s09_138_p_nic063.jpg</filename><folder>users/joselusava//santiago_2</folder><source><submittedBy>Jose Saca</submittedBy></source><imagesize><nrows>2970</nrows><ncols>4451</ncols></imagesize><object><name>m4_s09_138_p_nic063</name><deleted>0</deleted><verified>0</verified><occluded>no</occluded><attributes></attributes><parts><hasparts></hasparts><ispartof></ispartof></parts><date>23-10-20 14:08:16:724</date><id>0</id><type>bounding_box</type><polygon><username>anonymous</username><pt><x>1574</x><y>900</y><time>23-10-20 14:08:13:183</time></pt><pt><x>4344</x><y>900</y><time>23-10-20 14:08:14:213</time></pt><pt><x>4344</x><y>2078</y><time>undefined</time></pt><pt><x>1574</x><y>2078</y><time>undefined</time></pt><closed_date>23-10-20 14:08:14:215</closed_date></polygon></object></annotation>