<annotation><filename>m2_s05_236_p_nic001.jpg</filename><folder>users/joselusava//museos2020</folder><source><submittedBy>Jose Saca</submittedBy></source><imagesize><nrows>2910</nrows><ncols>4361</ncols></imagesize><object><name>m2_s05_236_p_nic001</name><deleted>0</deleted><verified>0</verified><occluded>no</occluded><attributes></attributes><parts><hasparts></hasparts><ispartof></ispartof></parts><date>16-09-20 20:14:40:842</date><id>0</id><type>bounding_box</type><polygon><username>anonymous</username><pt><x>1753</x><y>1092</y><time>16-09-20 20:14:07:585</time></pt><pt><x>4257</x><y>1092</y><time>16-09-20 20:14:09:420</time></pt><pt><x>4257</x><y>2798</y><time>undefined</time></pt><pt><x>1753</x><y>2798</y><time>undefined</time></pt><closed_date>16-09-20 20:14:09:421</closed_date></polygon></object></annotation>