<annotation><filename>m3_s01_018_p_ic046.jpg</filename><folder>users/joselusava//m4_js/18/ic</folder><source><submittedBy>Jose Saca</submittedBy></source><imagesize><nrows>2970</nrows><ncols>4451</ncols></imagesize><object><name>m3_s01_018_p_ic046</name><deleted>0</deleted><verified>0</verified><occluded>no</occluded><attributes></attributes><parts><hasparts></hasparts><ispartof></ispartof></parts><date>05-11-20 14:08:56:127</date><id>0</id><type>bounding_box</type><polygon><username>anonymous</username><pt><x>4346</x><y>2725</y><time>05-11-20 14:08:52:991</time></pt><pt><x>21</x><y>2725</y><time>05-11-20 14:08:55:311</time></pt><pt><x>21</x><y>116</y><time>undefined</time></pt><pt><x>4346</x><y>116</y><time>undefined</time></pt><closed_date>05-11-20 14:08:55:312</closed_date></polygon></object></annotation>