<annotation><filename>m1_s01_004_p_nic100.jpg</filename><folder>users/joselusava//valeria_apoyo/sala01_004_nic</folder><source><submittedBy>Jose Saca</submittedBy></source><imagesize><nrows>3200</nrows><ncols>4800</ncols></imagesize><object><name>m1_s01_004_p_nic100</name><deleted>0</deleted><verified>0</verified><occluded>no</occluded><attributes></attributes><parts><hasparts></hasparts><ispartof></ispartof></parts><date>17-09-20 20:51:21:721</date><id>0</id><type>bounding_box</type><polygon><username>anonymous</username><pt><x>333</x><y>1776</y><time>17-09-20 20:51:11:558</time></pt><pt><x>4164</x><y>1776</y><time>17-09-20 20:51:18:141</time></pt><pt><x>4164</x><y>394</y><time>undefined</time></pt><pt><x>333</x><y>394</y><time>undefined</time></pt><closed_date>17-09-20 20:51:18:143</closed_date></polygon></object></annotation>