<annotation><filename>m4_s10_154_p_nic087.jpg</filename><folder>users/joselusava//valeria/m04_s10_154_nic</folder><source><submittedBy>Jose Saca</submittedBy></source><imagesize><nrows>2970</nrows><ncols>4451</ncols></imagesize><object><name>m4_s10_154_p_nic087</name><deleted>0</deleted><verified>0</verified><occluded>no</occluded><attributes></attributes><parts><hasparts></hasparts><ispartof></ispartof></parts><date>14-10-20 15:57:50:208</date><id>0</id><type>bounding_box</type><polygon><username>anonymous</username><pt><x>480</x><y>2330</y><time>14-10-20 15:57:45:149</time></pt><pt><x>1816</x><y>2330</y><time>14-10-20 15:57:47:381</time></pt><pt><x>1816</x><y>520</y><time>undefined</time></pt><pt><x>480</x><y>520</y><time>undefined</time></pt><closed_date>14-10-20 15:57:47:382</closed_date></polygon></object></annotation>