<annotation><filename>m4_s04_045_p_nic023.jpg</filename><folder>users/joselusava//valeria/m04_s04_45_nic</folder><source><submittedBy>Jose Saca</submittedBy></source><imagesize><nrows>2970</nrows><ncols>4451</ncols></imagesize><object><name>m4_s04_045_p_nic023</name><deleted>0</deleted><verified>0</verified><occluded>no</occluded><attributes></attributes><parts><hasparts></hasparts><ispartof></ispartof></parts><date>20-10-20 00:24:19:362</date><id>0</id><type>bounding_box</type><polygon><username>anonymous</username><pt><x>880</x><y>2924</y><time>20-10-20 00:24:14:223</time></pt><pt><x>1668</x><y>2924</y><time>20-10-20 00:24:16:156</time></pt><pt><x>1668</x><y>1616</y><time>undefined</time></pt><pt><x>880</x><y>1616</y><time>undefined</time></pt><closed_date>20-10-20 00:24:16:157</closed_date></polygon></object></annotation>