<annotation><filename>m4_s05_060_p_nic031.jpg</filename><folder>users/joselusava//m4_js/60/nic</folder><source><submittedBy>Jose Saca</submittedBy></source><imagesize><nrows>2910</nrows><ncols>4361</ncols></imagesize><object><name>m4_s05_060_p_nic031</name><deleted>0</deleted><verified>0</verified><occluded>no</occluded><attributes></attributes><parts><hasparts></hasparts><ispartof></ispartof></parts><date>13-10-20 23:56:34:709</date><id>0</id><type>bounding_box</type><polygon><username>anonymous</username><pt><x>4143</x><y>2881</y><time>13-10-20 23:56:32:965</time></pt><pt><x>409</x><y>2881</y><time>13-10-20 23:56:33:999</time></pt><pt><x>409</x><y>1027</y><time>undefined</time></pt><pt><x>4143</x><y>1027</y><time>undefined</time></pt><closed_date>13-10-20 23:56:33:999</closed_date></polygon></object></annotation>