<annotation><filename>m4_s04_047_p_nic057.jpg</filename><folder>users/joselusava//kath/kath_m4_047/nic</folder><source><submittedBy>Jose Saca</submittedBy></source><imagesize><nrows>2970</nrows><ncols>4451</ncols></imagesize><object><name>m4_s04_047_p_nic057</name><deleted>0</deleted><verified>0</verified><occluded>no</occluded><attributes></attributes><parts><hasparts></hasparts><ispartof></ispartof></parts><date>24-10-20 19:19:57:330</date><id>0</id><type>bounding_box</type><polygon><username>anonymous</username><pt><x>1797</x><y>2740</y><time>24-10-20 19:19:51:334</time></pt><pt><x>2725</x><y>2740</y><time>24-10-20 19:19:54:005</time></pt><pt><x>2725</x><y>1062</y><time>undefined</time></pt><pt><x>1797</x><y>1062</y><time>undefined</time></pt><closed_date>24-10-20 19:19:54:007</closed_date></polygon></object></annotation>