<annotation><filename>m4_s05_055_p_nic018.jpg</filename><folder>users/joselusava//valeria/m4_s05_055_nic</folder><source><submittedBy>Jose Saca</submittedBy></source><imagesize><nrows>2910</nrows><ncols>4361</ncols></imagesize><object><name>m4_s05_055_p_nic018</name><deleted>0</deleted><verified>0</verified><occluded>no</occluded><attributes></attributes><parts><hasparts></hasparts><ispartof></ispartof></parts><date>09-10-20 16:22:07:540</date><id>0</id><type>bounding_box</type><polygon><username>anonymous</username><pt><x>1709</x><y>2772</y><time>09-10-20 16:21:59:727</time></pt><pt><x>220</x><y>2772</y><time>09-10-20 16:22:02:941</time></pt><pt><x>220</x><y>1213</y><time>undefined</time></pt><pt><x>1709</x><y>1213</y><time>undefined</time></pt><closed_date>09-10-20 16:22:02:943</closed_date></polygon></object></annotation>