<annotation><filename>m4_s09_138_p_nic076.jpg</filename><folder>users/joselusava//santiago_2</folder><source><submittedBy>Jose Saca</submittedBy></source><imagesize><nrows>2970</nrows><ncols>4451</ncols></imagesize><object><name>m4_s09_138_p_nic076</name><deleted>0</deleted><verified>0</verified><occluded>no</occluded><attributes></attributes><parts><hasparts></hasparts><ispartof></ispartof></parts><date>23-10-20 14:16:29:400</date><id>0</id><type>bounding_box</type><polygon><username>anonymous</username><pt><x>332</x><y>261</y><time>23-10-20 14:16:26:199</time></pt><pt><x>2906</x><y>261</y><time>23-10-20 14:16:27:116</time></pt><pt><x>2906</x><y>1317</y><time>undefined</time></pt><pt><x>332</x><y>1317</y><time>undefined</time></pt><closed_date>23-10-20 14:16:27:118</closed_date></polygon></object></annotation>