<annotation><filename>m1_s01_021_p_ic030.jpg</filename><folder>users/joselusava//santiago</folder><source><submittedBy>Jose Saca</submittedBy></source><imagesize><nrows>3200</nrows><ncols>4800</ncols></imagesize><object><name>m1_s01_021_p_ic030</name><deleted>0</deleted><verified>0</verified><occluded>no</occluded><attributes></attributes><parts><hasparts></hasparts><ispartof></ispartof></parts><date>14-09-20 22:55:59:696</date><id>0</id><type>bounding_box</type><polygon><username>anonymous</username><pt><x>1807</x><y>785</y><time>14-09-20 22:55:36:898</time></pt><pt><x>3042</x><y>785</y><time>14-09-20 22:55:38:070</time></pt><pt><x>3042</x><y>2135</y><time>undefined</time></pt><pt><x>1807</x><y>2135</y><time>undefined</time></pt><closed_date>14-09-20 22:55:38:071</closed_date></polygon></object></annotation>