<annotation><filename>m2_s01_001_p_ic018.jpg</filename><folder>users/joselusava//santiago</folder><source><submittedBy>Jose Saca</submittedBy></source><imagesize><nrows>2850</nrows><ncols>4271</ncols></imagesize><object><name>m2_s01_001_p_ic018</name><deleted>0</deleted><verified>0</verified><occluded>no</occluded><attributes></attributes><parts><hasparts></hasparts><ispartof></ispartof></parts><date>18-09-20 22:51:45:081</date><id>0</id><type>bounding_box</type><polygon><username>anonymous</username><pt><x>827</x><y>410</y><time>18-09-20 22:51:35:999</time></pt><pt><x>3555</x><y>410</y><time>18-09-20 22:51:38:533</time></pt><pt><x>3555</x><y>2571</y><time>undefined</time></pt><pt><x>827</x><y>2571</y><time>undefined</time></pt><closed_date>18-09-20 22:51:38:533</closed_date></polygon></object></annotation>