<annotation><filename>m4_s05_052_p_nic009.jpg</filename><folder>users/joselusava//santiago_2</folder><source><submittedBy>Jose Saca</submittedBy></source><imagesize><nrows>2910</nrows><ncols>4361</ncols></imagesize><object><name>m4_s05_052_p_nic009</name><deleted>0</deleted><verified>0</verified><occluded>no</occluded><attributes></attributes><parts><hasparts></hasparts><ispartof></ispartof></parts><date>07-10-20 23:45:47:449</date><id>0</id><type>bounding_box</type><polygon><username>anonymous</username><pt><x>1982</x><y>222</y><time>07-10-20 23:45:44:432</time></pt><pt><x>3416</x><y>222</y><time>07-10-20 23:45:45:567</time></pt><pt><x>3416</x><y>1687</y><time>undefined</time></pt><pt><x>1982</x><y>1687</y><time>undefined</time></pt><closed_date>07-10-20 23:45:45:568</closed_date></polygon></object></annotation>