<annotation><filename>m2_s01_018_p_nic033.jpg</filename><folder>users/joselusava//santiago_2</folder><source><submittedBy>Jose Saca</submittedBy></source><imagesize><nrows>2850</nrows><ncols>4271</ncols></imagesize><object><name>m2_s01_018_p_nic033</name><deleted>0</deleted><verified>0</verified><occluded>no</occluded><attributes></attributes><parts><hasparts></hasparts><ispartof></ispartof></parts><date>28-09-20 21:32:44:500</date><id>0</id><type>bounding_box</type><polygon><username>anonymous</username><pt><x>779</x><y>971</y><time>28-09-20 21:32:35:956</time></pt><pt><x>1411</x><y>971</y><time>28-09-20 21:32:36:822</time></pt><pt><x>1411</x><y>1728</y><time>undefined</time></pt><pt><x>779</x><y>1728</y><time>undefined</time></pt><closed_date>28-09-20 21:32:36:822</closed_date></polygon></object></annotation>