<annotation><filename>m2_s03_201_p_nic086.jpg</filename><folder>users/joselusava//valeria/m2_sala03_201_nic</folder><source><submittedBy>Jose Saca</submittedBy></source><imagesize><nrows>2910</nrows><ncols>4361</ncols></imagesize><object><name>m2_s03_201_p_nic086</name><deleted>0</deleted><verified>0</verified><occluded>no</occluded><attributes></attributes><parts><hasparts></hasparts><ispartof></ispartof></parts><date>30-09-20 18:40:50:248</date><id>0</id><type>bounding_box</type><polygon><username>anonymous</username><pt><x>2408</x><y>2249</y><time>30-09-20 18:40:43:705</time></pt><pt><x>524</x><y>2249</y><time>30-09-20 18:40:47:163</time></pt><pt><x>524</x><y>276</y><time>undefined</time></pt><pt><x>2408</x><y>276</y><time>undefined</time></pt><closed_date>30-09-20 18:40:47:165</closed_date></polygon></object></annotation>