<annotation><filename>m2_s01_058_p_ic060.jpg</filename><folder>users/joselusava//m2_jsv/58/ic</folder><source><submittedBy>Jose Saca</submittedBy></source><imagesize><nrows>2850</nrows><ncols>4271</ncols></imagesize><object><name>m2_s01_058_p_ic060</name><deleted>0</deleted><verified>0</verified><occluded>no</occluded><attributes></attributes><parts><hasparts></hasparts><ispartof></ispartof></parts><date>29-09-20 13:29:21:308</date><id>0</id><type>bounding_box</type><polygon><username>anonymous</username><pt><x>391</x><y>17</y><time>29-09-20 13:29:18:715</time></pt><pt><x>3923</x><y>17</y><time>29-09-20 13:29:20:435</time></pt><pt><x>3923</x><y>2649</y><time>undefined</time></pt><pt><x>391</x><y>2649</y><time>undefined</time></pt><closed_date>29-09-20 13:29:20:435</closed_date></polygon></object></annotation>