<annotation><filename>m1_s06_186_p_nic014.jpg</filename><folder>users/joselusava//jacob_2/186nic</folder><source><submittedBy>Jose Saca</submittedBy></source><imagesize><nrows>2736</nrows><ncols>4100</ncols></imagesize><object><name>m1_s06_186_p_nic014</name><deleted>0</deleted><verified>0</verified><occluded>no</occluded><attributes></attributes><parts><hasparts></hasparts><ispartof></ispartof></parts><date>09-09-20 23:05:25:887</date><id>0</id><type>bounding_box</type><polygon><username>anonymous</username><pt><x>835</x><y>1825</y><time>09-09-20 23:05:23:165</time></pt><pt><x>2242</x><y>1825</y><time>09-09-20 23:05:25:014</time></pt><pt><x>2242</x><y>164</y><time>undefined</time></pt><pt><x>835</x><y>164</y><time>undefined</time></pt><closed_date>09-09-20 23:05:25:014</closed_date></polygon></object></annotation>