<annotation><filename>m1_s02_065_p_nic035.jpg</filename><folder>users/joselusava//valeria/sala2_065_nic</folder><source><submittedBy>Jose Saca</submittedBy></source><imagesize><nrows>2000</nrows><ncols>2992</ncols></imagesize><object><name>m1_s02_065_p_nic035</name><deleted>0</deleted><verified>0</verified><occluded>no</occluded><attributes></attributes><parts><hasparts></hasparts><ispartof></ispartof></parts><date>27-08-20 22:52:42:590</date><id>0</id><type>bounding_box</type><polygon><username>anonymous</username><pt><x>2674</x><y>1248</y><time>27-08-20 22:52:36:437</time></pt><pt><x>1218</x><y>1248</y><time>27-08-20 22:52:39:603</time></pt><pt><x>1218</x><y>443</y><time>undefined</time></pt><pt><x>2674</x><y>443</y><time>undefined</time></pt><closed_date>27-08-20 22:52:39:604</closed_date></polygon></object></annotation>