<annotation><filename>m2_s01_034_p_nic014.jpg</filename><folder>users/joselusava//kath</folder><source><submittedBy>Jose Saca</submittedBy></source><imagesize><nrows>2850</nrows><ncols>4271</ncols></imagesize><object><name>m2_s01_034_p_nic014</name><deleted>0</deleted><verified>0</verified><occluded>no</occluded><attributes></attributes><parts><hasparts></hasparts><ispartof></ispartof></parts><date>25-09-20 17:32:54:454</date><id>0</id><type>bounding_box</type><polygon><username>anonymous</username><pt><x>551</x><y>1182</y><time>25-09-20 17:32:47:584</time></pt><pt><x>1769</x><y>1182</y><time>25-09-20 17:32:51:313</time></pt><pt><x>1769</x><y>2671</y><time>undefined</time></pt><pt><x>551</x><y>2671</y><time>undefined</time></pt><closed_date>25-09-20 17:32:51:314</closed_date></polygon></object></annotation>