<annotation><filename>m2_s06_248_p_nic092.jpg</filename><folder>users/joselusava//museos2020</folder><source><submittedBy>Jose Saca</submittedBy></source><imagesize><nrows>2910</nrows><ncols>4361</ncols></imagesize><object><name>m2_s06_248_p_nic092</name><deleted>0</deleted><verified>0</verified><occluded>no</occluded><attributes></attributes><parts><hasparts></hasparts><ispartof></ispartof></parts><date>27-09-20 21:39:36:240</date><id>0</id><polygon><username>anonymous</username><pt><x>307</x><y>944</y><time>27-09-20 21:39:27:721</time></pt><pt><x>2315</x><y>539</y><time>27-09-20 21:39:28:655</time></pt><pt><x>2506</x><y>767</y><time>27-09-20 21:39:29:349</time></pt><pt><x>958</x><y>1780</y><time>27-09-20 21:39:30:222</time></pt><closed_date>27-09-20 21:39:31:015</closed_date></polygon></object></annotation>