<annotation><filename>m1_s10_282_x.jpg</filename><folder>users/joselusava//santiago</folder><source><submittedBy>Jose Saca</submittedBy></source><imagesize><nrows>3200</nrows><ncols>4800</ncols></imagesize><object><name>m1_s10_282_x</name><deleted>0</deleted><verified>0</verified><occluded>no</occluded><attributes></attributes><parts><hasparts></hasparts><ispartof></ispartof></parts><date>28-08-20 16:08:35:753</date><id>0</id><type>bounding_box</type><polygon><username>anonymous</username><pt><x>882</x><y>461</y><time>28-08-20 16:08:25:603</time></pt><pt><x>3722</x><y>461</y><time>28-08-20 16:08:28:023</time></pt><pt><x>3722</x><y>2793</y><time>undefined</time></pt><pt><x>882</x><y>2793</y><time>undefined</time></pt><closed_date>28-08-20 16:08:28:024</closed_date></polygon></object></annotation>