<annotation><filename>m2_s01_054_p_nic042.jpg</filename><folder>users/joselusava//kath</folder><source><submittedBy>Jose Saca</submittedBy></source><imagesize><nrows>2850</nrows><ncols>4271</ncols></imagesize><object><name>m2_s01_054_p_nic042</name><deleted>0</deleted><verified>0</verified><occluded>no</occluded><attributes></attributes><parts><hasparts></hasparts><ispartof></ispartof></parts><date>30-09-20 11:31:10:941</date><id>0</id><type>bounding_box</type><polygon><username>anonymous</username><pt><x>2464</x><y>1509</y><time>30-09-20 11:31:04:375</time></pt><pt><x>1762</x><y>1509</y><time>30-09-20 11:31:07:637</time></pt><pt><x>1762</x><y>2583</y><time>undefined</time></pt><pt><x>2464</x><y>2583</y><time>undefined</time></pt><closed_date>30-09-20 11:31:07:638</closed_date></polygon></object></annotation>