<annotation><filename>m2_s06_244_p_ic056.jpg</filename><folder>users/joselusava//museos2020</folder><source><submittedBy>Jose Saca</submittedBy></source><imagesize><nrows>2910</nrows><ncols>4361</ncols></imagesize><object><name>m2_s06_244_p_ic056</name><deleted>0</deleted><verified>0</verified><occluded>no</occluded><attributes></attributes><parts><hasparts></hasparts><ispartof></ispartof></parts><date>22-09-20 14:26:35:099</date><id>0</id><type>bounding_box</type><polygon><username>anonymous</username><pt><x>810</x><y>753</y><time>22-09-20 14:26:27:113</time></pt><pt><x>3197</x><y>753</y><time>22-09-20 14:26:28:884</time></pt><pt><x>3197</x><y>2308</y><time>undefined</time></pt><pt><x>810</x><y>2308</y><time>undefined</time></pt><closed_date>22-09-20 14:26:28:885</closed_date></polygon></object></annotation>