<annotation><filename>m1_s01_021_p_nic050.jpg</filename><folder>users/joselusava//santiago</folder><source><submittedBy>Jose Saca</submittedBy></source><imagesize><nrows>3200</nrows><ncols>4800</ncols></imagesize><object><name>m1_s01_021_p_nic050</name><deleted>0</deleted><verified>0</verified><occluded>no</occluded><attributes></attributes><parts><hasparts></hasparts><ispartof></ispartof></parts><date>15-09-20 16:45:05:560</date><id>0</id><type>bounding_box</type><polygon><username>anonymous</username><pt><x>3672</x><y>1703</y><time>15-09-20 16:44:58:366</time></pt><pt><x>4067</x><y>1703</y><time>15-09-20 16:44:59:734</time></pt><pt><x>4067</x><y>2264</y><time>undefined</time></pt><pt><x>3672</x><y>2264</y><time>undefined</time></pt><closed_date>15-09-20 16:44:59:735</closed_date></polygon></object></annotation>