<annotation><filename>m2_s03_248_p_ic086.jpg</filename><folder>users/joselusava//museos2020</folder><source><submittedBy>Jose Saca</submittedBy></source><imagesize><nrows>2910</nrows><ncols>4361</ncols></imagesize><object><name>m2_s03_248_p_ic086</name><deleted>0</deleted><verified>0</verified><occluded>no</occluded><attributes></attributes><parts><hasparts></hasparts><ispartof></ispartof></parts><date>27-09-20 09:16:54:531</date><id>0</id><polygon><username>anonymous</username><pt><x>19</x><y>516</y><time>27-09-20 09:16:39:852</time></pt><pt><x>3682</x><y>158</y><time>27-09-20 09:16:40:767</time></pt><pt><x>2729</x><y>2705</y><time>27-09-20 09:16:41:663</time></pt><pt><x>23</x><y>1692</y><time>27-09-20 09:16:42:744</time></pt><closed_date>27-09-20 09:16:43:661</closed_date></polygon></object></annotation>