<annotation><filename>m4_s12_185_p_nic022.jpg</filename><folder>users/joselusava//valeria/m04_s12_185_nic</folder><source><submittedBy>Jose Saca</submittedBy></source><imagesize><nrows>2910</nrows><ncols>4361</ncols></imagesize><object><name>m4_s12_185_p_nic022</name><deleted>0</deleted><verified>0</verified><occluded>no</occluded><attributes></attributes><parts><hasparts></hasparts><ispartof></ispartof></parts><date>17-10-20 19:45:19:979</date><id>0</id><type>bounding_box</type><polygon><username>anonymous</username><pt><x>6</x><y>2613</y><time>17-10-20 19:45:13:471</time></pt><pt><x>2972</x><y>2613</y><time>17-10-20 19:45:16:521</time></pt><pt><x>2972</x><y>246</y><time>undefined</time></pt><pt><x>6</x><y>246</y><time>undefined</time></pt><closed_date>17-10-20 19:45:16:522</closed_date></polygon></object></annotation>