<annotation><filename>m2_s02_085_p_ic096.jpg</filename><folder>users/joselusava//m2_jsv/85/ic</folder><source><submittedBy>Jose Saca</submittedBy></source><imagesize><nrows>2910</nrows><ncols>4361</ncols></imagesize><object><name>m2_s02_085_p_ic096</name><deleted>0</deleted><verified>0</verified><occluded>no</occluded><attributes></attributes><parts><hasparts></hasparts><ispartof></ispartof></parts><date>17-09-20 20:11:57:602</date><id>0</id><type>bounding_box</type><polygon><username>anonymous</username><pt><x>1558</x><y>827</y><time>17-09-20 20:11:56:096</time></pt><pt><x>2725</x><y>827</y><time>17-09-20 20:11:57:081</time></pt><pt><x>2725</x><y>2072</y><time>undefined</time></pt><pt><x>1558</x><y>2072</y><time>undefined</time></pt><closed_date>17-09-20 20:11:57:082</closed_date></polygon></object></annotation>