<annotation><filename>m2_s01_058_p_ic007.jpg</filename><folder>users/joselusava//m2_jsv/58/ic</folder><source><submittedBy>Jose Saca</submittedBy></source><imagesize><nrows>2850</nrows><ncols>4271</ncols></imagesize><object><name>m2_s01_058_p_ic007</name><deleted>0</deleted><verified>0</verified><occluded>no</occluded><attributes></attributes><parts><hasparts></hasparts><ispartof></ispartof></parts><date>29-09-20 13:00:42:443</date><id>0</id><type>bounding_box</type><polygon><username>anonymous</username><pt><x>42</x><y>204</y><time>29-09-20 13:00:39:728</time></pt><pt><x>4220</x><y>204</y><time>29-09-20 13:00:41:565</time></pt><pt><x>4220</x><y>2649</y><time>undefined</time></pt><pt><x>42</x><y>2649</y><time>undefined</time></pt><closed_date>29-09-20 13:00:41:565</closed_date></polygon></object></annotation>