<annotation><filename>m2_s03_248_p_ic095.jpg</filename><folder>users/joselusava//museos2020</folder><source><submittedBy>Jose Saca</submittedBy></source><imagesize><nrows>2910</nrows><ncols>4361</ncols></imagesize><object><name>m2_s03_248_p_ic095</name><deleted>0</deleted><verified>0</verified><occluded>no</occluded><attributes></attributes><parts><hasparts></hasparts><ispartof></ispartof></parts><date>27-09-20 09:24:11:650</date><id>0</id><polygon><username>anonymous</username><pt><x>1055</x><y>586</y><time>27-09-20 09:24:01:510</time></pt><pt><x>2882</x><y>721</y><time>27-09-20 09:24:03:069</time></pt><pt><x>3147</x><y>958</y><time>27-09-20 09:24:03:951</time></pt><pt><x>2631</x><y>2543</y><time>27-09-20 09:24:04:782</time></pt><closed_date>27-09-20 09:24:05:917</closed_date></polygon></object></annotation>