<annotation><filename>m4_s10_164_p_ic038.jpg</filename><folder>users/joselusava//santiago_2</folder><source><submittedBy>Jose Saca</submittedBy></source><imagesize><nrows>2970</nrows><ncols>4451</ncols></imagesize><object><name>m4_s10_164_p_ic038</name><deleted>0</deleted><verified>0</verified><occluded>no</occluded><attributes></attributes><parts><hasparts></hasparts><ispartof></ispartof></parts><date>13-10-20 22:29:23:947</date><id>0</id><type>bounding_box</type><polygon><username>anonymous</username><pt><x>1828</x><y>1053</y><time>13-10-20 22:29:21:054</time></pt><pt><x>2360</x><y>1053</y><time>13-10-20 22:29:22:127</time></pt><pt><x>2360</x><y>1931</y><time>undefined</time></pt><pt><x>1828</x><y>1931</y><time>undefined</time></pt><closed_date>13-10-20 22:29:22:128</closed_date></polygon></object></annotation>