<annotation><filename>m4_s07_105_p_nic069.jpg</filename><folder>users/joselusava//kath/m4_105/nic</folder><source><submittedBy>Jose Saca</submittedBy></source><imagesize><nrows>2970</nrows><ncols>4451</ncols></imagesize><object><name>m4_s07_105_p_nic069</name><deleted>0</deleted><verified>0</verified><occluded>no</occluded><attributes></attributes><parts><hasparts></hasparts><ispartof></ispartof></parts><date>03-11-20 09:05:38:795</date><id>0</id><type>bounding_box</type><polygon><username>anonymous</username><pt><x>3148</x><y>1706</y><time>03-11-20 09:05:35:521</time></pt><pt><x>4051</x><y>1706</y><time>03-11-20 09:05:36:576</time></pt><pt><x>4051</x><y>322</y><time>undefined</time></pt><pt><x>3148</x><y>322</y><time>undefined</time></pt><closed_date>03-11-20 09:05:36:576</closed_date></polygon></object></annotation>