<annotation><filename>m3_s01_002_p_nic064.jpg</filename><folder>users/joselusava//santiago_3</folder><source><submittedBy>Jose Saca</submittedBy></source><imagesize><nrows>2970</nrows><ncols>4451</ncols></imagesize><object><name>m3_s01_002_p_nic064</name><deleted>0</deleted><verified>0</verified><occluded>no</occluded><attributes></attributes><parts><hasparts></hasparts><ispartof></ispartof></parts><date>29-10-20 20:56:15:273</date><id>0</id><type>bounding_box</type><polygon><username>anonymous</username><pt><x>1114</x><y>353</y><time>29-10-20 20:56:12:088</time></pt><pt><x>2881</x><y>353</y><time>29-10-20 20:56:13:261</time></pt><pt><x>2881</x><y>1821</y><time>undefined</time></pt><pt><x>1114</x><y>1821</y><time>undefined</time></pt><closed_date>29-10-20 20:56:13:262</closed_date></polygon></object></annotation>