<annotation><filename>m2_s01_054_p_ic062.jpg</filename><folder>users/joselusava//kath</folder><source><submittedBy>Jose Saca</submittedBy></source><imagesize><nrows>2850</nrows><ncols>4271</ncols></imagesize><object><name>m2_s01_054_p_ic062</name><deleted>0</deleted><verified>0</verified><occluded>no</occluded><attributes></attributes><parts><hasparts></hasparts><ispartof></ispartof></parts><date>29-09-20 23:41:52:013</date><id>0</id><type>bounding_box</type><polygon><username>anonymous</username><pt><x>2906</x><y>386</y><time>29-09-20 23:41:43:754</time></pt><pt><x>1376</x><y>386</y><time>29-09-20 23:41:48:612</time></pt><pt><x>1376</x><y>2710</y><time>undefined</time></pt><pt><x>2906</x><y>2710</y><time>undefined</time></pt><closed_date>29-09-20 23:41:48:612</closed_date></polygon></object></annotation>