<annotation><filename>m1_s02_065_p_ic001.jpg</filename><folder>users/joselusava//valeria/sala2_065_ic</folder><source><submittedBy>Jose Saca</submittedBy></source><imagesize><nrows>2000</nrows><ncols>2992</ncols></imagesize><object><name>m1_s02_065_p_ic001</name><deleted>0</deleted><verified>0</verified><occluded>no</occluded><attributes></attributes><parts><hasparts></hasparts><ispartof></ispartof></parts><date>25-08-20 21:05:31:501</date><id>0</id><type>bounding_box</type><polygon><username>anonymous</username><pt><x>228</x><y>416</y><time>25-08-20 21:05:25:211</time></pt><pt><x>2728</x><y>416</y><time>25-08-20 21:05:27:782</time></pt><pt><x>2728</x><y>1926</y><time>undefined</time></pt><pt><x>228</x><y>1926</y><time>undefined</time></pt><closed_date>25-08-20 21:05:27:783</closed_date></polygon></object></annotation>