<annotation><filename>m2_s01_018_p_nic016.jpg</filename><folder>users/joselusava//santiago_2</folder><source><submittedBy>Jose Saca</submittedBy></source><imagesize><nrows>2850</nrows><ncols>4271</ncols></imagesize><object><name>m2_s01_018_p_nic016</name><deleted>0</deleted><verified>0</verified><occluded>no</occluded><attributes></attributes><parts><hasparts></hasparts><ispartof></ispartof></parts><date>28-09-20 19:44:32:828</date><id>0</id><type>bounding_box</type><polygon><username>anonymous</username><pt><x>487</x><y>1760</y><time>28-09-20 19:44:27:710</time></pt><pt><x>1061</x><y>1760</y><time>28-09-20 19:44:28:503</time></pt><pt><x>1061</x><y>2478</y><time>undefined</time></pt><pt><x>487</x><y>2478</y><time>undefined</time></pt><closed_date>28-09-20 19:44:28:505</closed_date></polygon></object></annotation>