<annotation><filename>m3_s01_002_p_nic016.jpg</filename><folder>users/joselusava//santiago_3</folder><source><submittedBy>Jose Saca</submittedBy></source><imagesize><nrows>2970</nrows><ncols>4451</ncols></imagesize><object><name>m3_s01_002_p_nic016</name><deleted>0</deleted><verified>0</verified><occluded>no</occluded><attributes></attributes><parts><hasparts></hasparts><ispartof></ispartof></parts><date>29-10-20 15:38:39:500</date><id>0</id><type>bounding_box</type><polygon><username>anonymous</username><pt><x>175</x><y>564</y><time>29-10-20 15:38:35:798</time></pt><pt><x>2866</x><y>564</y><time>29-10-20 15:38:37:359</time></pt><pt><x>2866</x><y>2385</y><time>undefined</time></pt><pt><x>175</x><y>2385</y><time>undefined</time></pt><closed_date>29-10-20 15:38:37:359</closed_date></polygon></object></annotation>