<annotation><filename>m1_s06_186_p_ic079.jpg</filename><folder>users/joselusava//jacob_2/186ic</folder><source><submittedBy>Jose Saca</submittedBy></source><imagesize><nrows>2736</nrows><ncols>4100</ncols></imagesize><object><name>s06_186_p_ic079</name><deleted>0</deleted><verified>0</verified><occluded>no</occluded><attributes></attributes><parts><hasparts></hasparts><ispartof></ispartof></parts><date>09-09-20 22:49:16:424</date><id>0</id><type>bounding_box</type><polygon><username>anonymous</username><pt><x>1228</x><y>2701</y><time>09-09-20 22:49:13:865</time></pt><pt><x>2725</x><y>2701</y><time>09-09-20 22:49:15:548</time></pt><pt><x>2725</x><y>16</y><time>undefined</time></pt><pt><x>1228</x><y>16</y><time>undefined</time></pt><closed_date>09-09-20 22:49:15:548</closed_date></polygon></object></annotation>