<annotation><filename>m2_s07_264_p_nic081.jpg</filename><folder>users/joselusava//valeria/sala7_264_nic</folder><source><submittedBy>Jose Saca</submittedBy></source><imagesize><nrows>2910</nrows><ncols>4361</ncols></imagesize><object><name>m2_s07_264_p_nic081</name><deleted>0</deleted><verified>0</verified><occluded>no</occluded><attributes></attributes><parts><hasparts></hasparts><ispartof></ispartof></parts><date>23-09-20 21:30:44:546</date><id>0</id><type>bounding_box</type><polygon><username>anonymous</username><pt><x>3742</x><y>2552</y><time>23-09-20 21:30:38:558</time></pt><pt><x>2403</x><y>2552</y><time>23-09-20 21:30:41:329</time></pt><pt><x>2403</x><y>799</y><time>undefined</time></pt><pt><x>3742</x><y>799</y><time>undefined</time></pt><closed_date>23-09-20 21:30:41:330</closed_date></polygon></object></annotation>