<annotation><filename>m4_s10_157_p_ic094.jpg</filename><folder>users/joselusava//valeria/m04_s10_157_ic</folder><source><submittedBy>Jose Saca</submittedBy></source><imagesize><nrows>2970</nrows><ncols>4451</ncols></imagesize><object><name>m4_s10_157_p_ic094</name><deleted>0</deleted><verified>0</verified><occluded>no</occluded><attributes></attributes><parts><hasparts></hasparts><ispartof></ispartof></parts><date>12-10-20 18:28:35:708</date><id>0</id><type>bounding_box</type><polygon><username>anonymous</username><pt><x>1283</x><y>2796</y><time>12-10-20 18:28:29:684</time></pt><pt><x>3403</x><y>2796</y><time>12-10-20 18:28:32:180</time></pt><pt><x>3403</x><y>405</y><time>undefined</time></pt><pt><x>1283</x><y>405</y><time>undefined</time></pt><closed_date>12-10-20 18:28:32:180</closed_date></polygon></object></annotation>