<annotation><filename>m1_s02_065_p_ic093.jpg</filename><folder>users/joselusava//valeria/sala2_065_ic</folder><source><submittedBy>Jose Saca</submittedBy></source><imagesize><nrows>2000</nrows><ncols>2992</ncols></imagesize><object><name>m1_s02_065_p_ic093</name><deleted>0</deleted><verified>0</verified><occluded>no</occluded><attributes></attributes><parts><hasparts></hasparts><ispartof></ispartof></parts><date>26-08-20 01:41:06:347</date><id>0</id><type>bounding_box</type><polygon><username>anonymous</username><pt><x>366</x><y>466</y><time>26-08-20 01:40:51:441</time></pt><pt><x>2493</x><y>466</y><time>26-08-20 01:40:54:889</time></pt><pt><x>2493</x><y>1611</y><time>undefined</time></pt><pt><x>366</x><y>1611</y><time>undefined</time></pt><closed_date>26-08-20 01:40:54:890</closed_date></polygon></object></annotation>