<annotation><filename>m4_s03_025_p_nic046.jpg</filename><folder>users/joselusava//santiago_3</folder><source><submittedBy>Jose Saca</submittedBy></source><imagesize><nrows>2910</nrows><ncols>4361</ncols></imagesize><object><name>m4_s03_025_p_nic046</name><deleted>0</deleted><verified>0</verified><occluded>no</occluded><attributes></attributes><parts><hasparts></hasparts><ispartof></ispartof></parts><date>08-11-20 13:38:09:124</date><id>0</id><type>bounding_box</type><polygon><username>anonymous</username><pt><x>87</x><y>762</y><time>08-11-20 13:38:05:095</time></pt><pt><x>2707</x><y>762</y><time>08-11-20 13:38:06:079</time></pt><pt><x>2707</x><y>2064</y><time>undefined</time></pt><pt><x>87</x><y>2064</y><time>undefined</time></pt><closed_date>08-11-20 13:38:06:079</closed_date></polygon></object></annotation>