<annotation><filename>m4_s05_052_p_ic053.jpg</filename><folder>users/joselusava//santiago_2</folder><source><submittedBy>Jose Saca</submittedBy></source><imagesize><nrows>2910</nrows><ncols>4361</ncols></imagesize><object><name>m4_s05_052_p_ic053</name><deleted>0</deleted><verified>0</verified><occluded>no</occluded><attributes></attributes><parts><hasparts></hasparts><ispartof></ispartof></parts><date>07-10-20 22:30:50:865</date><id>0</id><type>bounding_box</type><polygon><username>anonymous</username><pt><x>1431</x><y>468</y><time>07-10-20 22:30:47:493</time></pt><pt><x>3056</x><y>468</y><time>07-10-20 22:30:48:787</time></pt><pt><x>3056</x><y>2387</y><time>undefined</time></pt><pt><x>1431</x><y>2387</y><time>undefined</time></pt><closed_date>07-10-20 22:30:48:789</closed_date></polygon></object></annotation>