<annotation><filename>m4_s04_037_p_nic013.jpg</filename><folder>users/joselusava//santiago_2</folder><source><submittedBy>Jose Saca</submittedBy></source><imagesize><nrows>2970</nrows><ncols>4451</ncols></imagesize><object><name>m4_s04_037_p_nic013</name><deleted>0</deleted><verified>0</verified><occluded>no</occluded><attributes></attributes><parts><hasparts></hasparts><ispartof></ispartof></parts><date>19-10-20 13:56:38:839</date><id>0</id><type>bounding_box</type><polygon><username>anonymous</username><pt><x>942</x><y>1638</y><time>19-10-20 13:56:35:961</time></pt><pt><x>1810</x><y>1638</y><time>19-10-20 13:56:37:095</time></pt><pt><x>1810</x><y>2806</y><time>undefined</time></pt><pt><x>942</x><y>2806</y><time>undefined</time></pt><closed_date>19-10-20 13:56:37:095</closed_date></polygon></object></annotation>