<annotation><filename>m4_s12_185_p_ic045.jpg</filename><folder>users/joselusava//valeria/m04_s12_185_ic</folder><source><submittedBy>Jose Saca</submittedBy></source><imagesize><nrows>2910</nrows><ncols>4361</ncols></imagesize><object><name>m4_s12_185_p_ic045</name><deleted>0</deleted><verified>0</verified><occluded>no</occluded><attributes></attributes><parts><hasparts></hasparts><ispartof></ispartof></parts><date>17-10-20 17:07:41:154</date><id>0</id><type>bounding_box</type><polygon><username>anonymous</username><pt><x>3531</x><y>2714</y><time>17-10-20 17:07:33:988</time></pt><pt><x>1052</x><y>2714</y><time>17-10-20 17:07:36:555</time></pt><pt><x>1052</x><y>347</y><time>undefined</time></pt><pt><x>3531</x><y>347</y><time>undefined</time></pt><closed_date>17-10-20 17:07:36:557</closed_date></polygon></object></annotation>