<annotation><filename>m2_s01_032_p_nic002.jpg</filename><folder>users/joselusava//santiago_2</folder><source><submittedBy>Jose Saca</submittedBy></source><imagesize><nrows>2850</nrows><ncols>4271</ncols></imagesize><object><name>m2_s01_032_p_nic002</name><deleted>0</deleted><verified>0</verified><occluded>no</occluded><attributes></attributes><parts><hasparts></hasparts><ispartof></ispartof></parts><date>30-09-20 17:39:37:123</date><id>0</id><type>bounding_box</type><polygon><username>anonymous</username><pt><x>2599</x><y>824</y><time>30-09-20 17:39:34:052</time></pt><pt><x>3583</x><y>824</y><time>30-09-20 17:39:35:212</time></pt><pt><x>3583</x><y>2066</y><time>undefined</time></pt><pt><x>2599</x><y>2066</y><time>undefined</time></pt><closed_date>30-09-20 17:39:35:214</closed_date></polygon></object></annotation>