<annotation><filename>m2_s01_032_p_nic082.jpg</filename><folder>users/joselusava//santiago_2</folder><source><submittedBy>Jose Saca</submittedBy></source><imagesize><nrows>2850</nrows><ncols>4271</ncols></imagesize><object><name>m2_s01_032_p_nic082</name><deleted>0</deleted><verified>0</verified><occluded>no</occluded><attributes></attributes><parts><hasparts></hasparts><ispartof></ispartof></parts><date>30-09-20 21:19:53:976</date><id>0</id><type>bounding_box</type><polygon><username>anonymous</username><pt><x>339</x><y>248</y><time>30-09-20 21:19:48:516</time></pt><pt><x>1123</x><y>248</y><time>30-09-20 21:19:49:850</time></pt><pt><x>1123</x><y>1238</y><time>undefined</time></pt><pt><x>339</x><y>1238</y><time>undefined</time></pt><closed_date>30-09-20 21:19:49:851</closed_date></polygon></object></annotation>