<annotation><filename>m4_s09_129_x.jpg</filename><folder>users/joselusava//kath/m4_x</folder><source><submittedBy>Jose Saca</submittedBy></source><imagesize><nrows>2970</nrows><ncols>4451</ncols></imagesize><object><name>m4_s09_129_x</name><deleted>0</deleted><verified>0</verified><occluded>no</occluded><attributes></attributes><parts><hasparts></hasparts><ispartof></ispartof></parts><date>21-10-20 11:39:18:994</date><id>0</id><polygon><username>anonymous</username><pt><x>1485</x><y>159</y><time>21-10-20 11:39:11:555</time></pt><pt><x>1523</x><y>2898</y><time>21-10-20 11:39:12:524</time></pt><pt><x>2864</x><y>2831</y><time>21-10-20 11:39:13:716</time></pt><pt><x>2571</x><y>115</y><time>21-10-20 11:39:15:051</time></pt><closed_date>21-10-20 11:39:16:601</closed_date></polygon></object></annotation>