<annotation><filename>m2_s01_010_p_nic015.jpg</filename><folder>users/joselusava//santiago</folder><source><submittedBy>Jose Saca</submittedBy></source><imagesize><nrows>2850</nrows><ncols>4271</ncols></imagesize><object><name>m2_s01_010_p_nic015</name><deleted>0</deleted><verified>0</verified><occluded>no</occluded><attributes></attributes><parts><hasparts></hasparts><ispartof></ispartof></parts><date>22-09-20 20:03:25:207</date><id>0</id><type>bounding_box</type><polygon><username>anonymous</username><pt><x>609</x><y>1520</y><time>22-09-20 20:03:16:314</time></pt><pt><x>1536</x><y>1520</y><time>22-09-20 20:03:18:308</time></pt><pt><x>1536</x><y>2433</y><time>undefined</time></pt><pt><x>609</x><y>2433</y><time>undefined</time></pt><closed_date>22-09-20 20:03:18:309</closed_date></polygon></object></annotation>