<annotation><filename>m2_s01_010_p_ic078.jpg</filename><folder>users/joselusava//santiago</folder><source><submittedBy>Jose Saca</submittedBy></source><imagesize><nrows>2850</nrows><ncols>4271</ncols></imagesize><object><name>m2_s01_010_p_ic078</name><deleted>0</deleted><verified>0</verified><occluded>no</occluded><attributes></attributes><parts><hasparts></hasparts><ispartof></ispartof></parts><date>21-09-20 23:26:49:405</date><id>0</id><type>bounding_box</type><polygon><username>anonymous</username><pt><x>1106</x><y>333</y><time>21-09-20 23:26:41:099</time></pt><pt><x>3318</x><y>333</y><time>21-09-20 23:26:42:857</time></pt><pt><x>3318</x><y>2504</y><time>undefined</time></pt><pt><x>1106</x><y>2504</y><time>undefined</time></pt><closed_date>21-09-20 23:26:42:858</closed_date></polygon></object></annotation>