<annotation><filename>m2_s07_264_p_nic050.jpg</filename><folder>users/joselusava//valeria/sala7_264_nic</folder><source><submittedBy>Jose Saca</submittedBy></source><imagesize><nrows>2910</nrows><ncols>4361</ncols></imagesize><object><name>m2_s07_264_p_nic050</name><deleted>0</deleted><verified>0</verified><occluded>no</occluded><attributes></attributes><parts><hasparts></hasparts><ispartof></ispartof></parts><date>23-09-20 20:42:10:729</date><id>0</id><type>bounding_box</type><polygon><username>anonymous</username><pt><x>2309</x><y>1957</y><time>23-09-20 20:42:04:430</time></pt><pt><x>3472</x><y>1957</y><time>23-09-20 20:42:06:866</time></pt><pt><x>3472</x><y>176</y><time>undefined</time></pt><pt><x>2309</x><y>176</y><time>undefined</time></pt><closed_date>23-09-20 20:42:06:866</closed_date></polygon></object></annotation>