<annotation><filename>m2_s06_250_p_nic053.jpg</filename><folder>users/joselusava//m2_jsv/250</folder><source><submittedBy>Jose Saca</submittedBy></source><imagesize><nrows>2910</nrows><ncols>4361</ncols></imagesize><object><name>m2_s06_250_p_nic053</name><deleted>0</deleted><verified>0</verified><occluded>no</occluded><attributes></attributes><parts><hasparts></hasparts><ispartof></ispartof></parts><date>30-09-20 11:45:48:118</date><id>0</id><type>bounding_box</type><polygon><username>anonymous</username><pt><x>1863</x><y>1663</y><time>30-09-20 11:45:46:525</time></pt><pt><x>4335</x><y>1663</y><time>30-09-20 11:45:47:477</time></pt><pt><x>4335</x><y>2846</y><time>undefined</time></pt><pt><x>1863</x><y>2846</y><time>undefined</time></pt><closed_date>30-09-20 11:45:47:477</closed_date></polygon></object></annotation>