<annotation><filename>m4_s07_105_p_ic086.jpg</filename><folder>users/joselusava//kath/m4_105</folder><source><submittedBy>Jose Saca</submittedBy></source><imagesize><nrows>2970</nrows><ncols>4451</ncols></imagesize><object><name>m4_s07_105_p_ic086</name><deleted>0</deleted><verified>0</verified><occluded>no</occluded><attributes></attributes><parts><hasparts></hasparts><ispartof></ispartof></parts><date>29-10-20 09:06:27:866</date><id>0</id><type>bounding_box</type><polygon><username>anonymous</username><pt><x>1687</x><y>2537</y><time>29-10-20 09:06:22:890</time></pt><pt><x>2917</x><y>2537</y><time>29-10-20 09:06:25:137</time></pt><pt><x>2917</x><y>346</y><time>undefined</time></pt><pt><x>1687</x><y>346</y><time>undefined</time></pt><closed_date>29-10-20 09:06:25:138</closed_date></polygon></object></annotation>