<annotation><filename>m4_s12_186_p_ic013.jpg</filename><folder>users/joselusava//m4_js/186/ic</folder><source><submittedBy>Jose Saca</submittedBy></source><imagesize><nrows>3899</nrows><ncols>5844</ncols></imagesize><object><name>m4_s12_186_p_ic012</name><deleted>0</deleted><verified>0</verified><occluded>no</occluded><attributes></attributes><parts><hasparts></hasparts><ispartof></ispartof></parts><date>18-10-20 10:14:25:167</date><id>0</id><type>bounding_box</type><polygon><username>anonymous</username><pt><x>1901</x><y>350</y><time>18-10-20 10:14:22:706</time></pt><pt><x>3896</x><y>350</y><time>18-10-20 10:14:24:424</time></pt><pt><x>3896</x><y>3616</y><time>undefined</time></pt><pt><x>1901</x><y>3616</y><time>undefined</time></pt><closed_date>18-10-20 10:14:24:424</closed_date></polygon></object></annotation>