<annotation><filename>m2_s06_250_p_nic086.jpg</filename><folder>users/joselusava//m2_jsv/250</folder><source><submittedBy>Jose Saca</submittedBy></source><imagesize><nrows>2910</nrows><ncols>4361</ncols></imagesize><object><name>m2_s06_250_p_nic086</name><deleted>0</deleted><verified>0</verified><occluded>no</occluded><attributes></attributes><parts><hasparts></hasparts><ispartof></ispartof></parts><date>30-09-20 12:00:28:525</date><id>0</id><type>bounding_box</type><polygon><username>anonymous</username><pt><x>1193</x><y>514</y><time>30-09-20 12:00:26:397</time></pt><pt><x>4352</x><y>514</y><time>30-09-20 12:00:27:769</time></pt><pt><x>4352</x><y>2028</y><time>undefined</time></pt><pt><x>1193</x><y>2028</y><time>undefined</time></pt><closed_date>30-09-20 12:00:27:769</closed_date></polygon></object></annotation>