<annotation><filename>m4_s02_021_p_ic005.jpg</filename><folder>users/joselusava//santiago_2</folder><source><submittedBy>Jose Saca</submittedBy></source><imagesize><nrows>3000</nrows><ncols>4496</ncols></imagesize><object><name>m4_s02_021_p_ic005</name><deleted>0</deleted><verified>0</verified><occluded>no</occluded><attributes></attributes><parts><hasparts></hasparts><ispartof></ispartof></parts><date>02-10-20 15:11:49:985</date><id>0</id><type>bounding_box</type><polygon><username>anonymous</username><pt><x>1679</x><y>304</y><time>02-10-20 15:11:43:594</time></pt><pt><x>2929</x><y>304</y><time>02-10-20 15:11:47:142</time></pt><pt><x>2929</x><y>2725</y><time>undefined</time></pt><pt><x>1679</x><y>2725</y><time>undefined</time></pt><closed_date>02-10-20 15:11:47:143</closed_date></polygon></object></annotation>