<annotation><filename>m4_s09_138_p_nic099.jpg</filename><folder>users/joselusava//santiago_2</folder><source><submittedBy>Jose Saca</submittedBy></source><imagesize><nrows>2970</nrows><ncols>4451</ncols></imagesize><object><name>m4_s09_138_p_nic099</name><deleted>0</deleted><verified>0</verified><occluded>no</occluded><attributes></attributes><parts><hasparts></hasparts><ispartof></ispartof></parts><date>23-10-20 14:49:42:836</date><id>0</id><type>bounding_box</type><polygon><username>anonymous</username><pt><x>607</x><y>835</y><time>23-10-20 14:49:39:864</time></pt><pt><x>2570</x><y>835</y><time>23-10-20 14:49:41:020</time></pt><pt><x>2570</x><y>1856</y><time>undefined</time></pt><pt><x>607</x><y>1856</y><time>undefined</time></pt><closed_date>23-10-20 14:49:41:021</closed_date></polygon></object></annotation>