<annotation><filename>m2_s01_001_p_ic070.jpg</filename><folder>users/joselusava//santiago</folder><source><submittedBy>Jose Saca</submittedBy></source><imagesize><nrows>2850</nrows><ncols>4271</ncols></imagesize><object><name>m2_s01_001_p_ic070</name><deleted>0</deleted><verified>0</verified><occluded>no</occluded><attributes></attributes><parts><hasparts></hasparts><ispartof></ispartof></parts><date>19-09-20 09:16:21:190</date><id>0</id><type>bounding_box</type><polygon><username>anonymous</username><pt><x>827</x><y>696</y><time>19-09-20 09:16:11:646</time></pt><pt><x>3289</x><y>696</y><time>19-09-20 09:16:14:597</time></pt><pt><x>3289</x><y>2622</y><time>undefined</time></pt><pt><x>827</x><y>2622</y><time>undefined</time></pt><closed_date>19-09-20 09:16:14:598</closed_date></polygon></object></annotation>