<annotation><filename>m2_s01_056_p_nic060.jpg</filename><folder>users/joselusava//m2_jsv/56/nic</folder><source><submittedBy>Jose Saca</submittedBy></source><imagesize><nrows>2850</nrows><ncols>4271</ncols></imagesize><object><name>m2_s01_056_p_nic060</name><deleted>0</deleted><verified>0</verified><occluded>no</occluded><attributes></attributes><parts><hasparts></hasparts><ispartof></ispartof></parts><date>28-09-20 22:27:31:683</date><id>0</id><type>bounding_box</type><polygon><username>anonymous</username><pt><x>4118</x><y>1817</y><time>28-09-20 22:27:29:862</time></pt><pt><x>2709</x><y>1817</y><time>28-09-20 22:27:30:853</time></pt><pt><x>2709</x><y>195</y><time>undefined</time></pt><pt><x>4118</x><y>195</y><time>undefined</time></pt><closed_date>28-09-20 22:27:30:853</closed_date></polygon></object></annotation>