<annotation><filename>m3_s01_013_p_ic064.jpg</filename><folder>users/joselusava//valeria/m03_s01_13_ic</folder><source><submittedBy>Jose Saca</submittedBy></source><imagesize><nrows>2970</nrows><ncols>4451</ncols></imagesize><object><name>m3_s01_013_p_ic063</name><deleted>0</deleted><verified>0</verified><occluded>no</occluded><attributes></attributes><parts><hasparts></hasparts><ispartof></ispartof></parts><date>01-11-20 09:15:01:919</date><id>0</id><type>bounding_box</type><polygon><username>anonymous</username><pt><x>1028</x><y>2564</y><time>01-11-20 09:14:54:947</time></pt><pt><x>3233</x><y>2564</y><time>01-11-20 09:14:58:084</time></pt><pt><x>3233</x><y>291</y><time>undefined</time></pt><pt><x>1028</x><y>291</y><time>undefined</time></pt><closed_date>01-11-20 09:14:58:085</closed_date></polygon></object></annotation>