<annotation><filename>m3_s01_013_p_nic010.jpg</filename><folder>users/joselusava//valeria/m03_s01_13_nic</folder><source><submittedBy>Jose Saca</submittedBy></source><imagesize><nrows>2970</nrows><ncols>4451</ncols></imagesize><object><name>m3_s01_013_p_nic010</name><deleted>0</deleted><verified>0</verified><occluded>no</occluded><attributes></attributes><parts><hasparts></hasparts><ispartof></ispartof></parts><date>06-11-20 21:01:00:381</date><id>0</id><type>bounding_box</type><polygon><username>anonymous</username><pt><x>548</x><y>2273</y><time>06-11-20 21:00:53:615</time></pt><pt><x>3364</x><y>2273</y><time>06-11-20 21:00:57:310</time></pt><pt><x>3364</x><y>217</y><time>undefined</time></pt><pt><x>548</x><y>217</y><time>undefined</time></pt><closed_date>06-11-20 21:00:57:311</closed_date></polygon></object></annotation>