<annotation><filename>m2_s01_001_p_ic068.jpg</filename><folder>users/joselusava//santiago</folder><source><submittedBy>Jose Saca</submittedBy></source><imagesize><nrows>2850</nrows><ncols>4271</ncols></imagesize><object><name>m2_s01_001_p_ic068</name><deleted>0</deleted><verified>0</verified><occluded>no</occluded><attributes></attributes><parts><hasparts></hasparts><ispartof></ispartof></parts><date>19-09-20 09:14:06:462</date><id>0</id><type>bounding_box</type><polygon><username>anonymous</username><pt><x>811</x><y>529</y><time>19-09-20 09:13:58:123</time></pt><pt><x>3433</x><y>529</y><time>19-09-20 09:14:00:522</time></pt><pt><x>3433</x><y>2571</y><time>undefined</time></pt><pt><x>811</x><y>2571</y><time>undefined</time></pt><closed_date>19-09-20 09:14:00:523</closed_date></polygon></object></annotation>