<annotation><filename>m2_s03_252_p_ic028.jpg</filename><folder>users/joselusava//valeria/m2_sala03_252_ic</folder><source><submittedBy>Jose Saca</submittedBy></source><imagesize><nrows>2910</nrows><ncols>4361</ncols></imagesize><object><name>m2_s06_252_p_ic028</name><deleted>0</deleted><verified>0</verified><occluded>no</occluded><attributes></attributes><parts><hasparts></hasparts><ispartof></ispartof></parts><date>25-09-20 20:19:47:625</date><id>0</id><type>bounding_box</type><polygon><username>anonymous</username><pt><x>518</x><y>2486</y><time>25-09-20 20:19:41:128</time></pt><pt><x>3494</x><y>2486</y><time>25-09-20 20:19:43:322</time></pt><pt><x>3494</x><y>904</y><time>undefined</time></pt><pt><x>518</x><y>904</y><time>undefined</time></pt><closed_date>25-09-20 20:19:43:323</closed_date></polygon></object></annotation>