<annotation><filename>m4_s11_178_p_nic063.jpg</filename><folder>users/joselusava//santiago_2</folder><source><submittedBy>Jose Saca</submittedBy></source><imagesize><nrows>2970</nrows><ncols>4451</ncols></imagesize><object><name>m4_s11_178_p_nic063</name><deleted>0</deleted><verified>0</verified><occluded>no</occluded><attributes></attributes><parts><hasparts></hasparts><ispartof></ispartof></parts><date>16-10-20 11:25:12:569</date><id>0</id><type>bounding_box</type><polygon><username>anonymous</username><pt><x>368</x><y>721</y><time>16-10-20 11:25:09:260</time></pt><pt><x>1549</x><y>721</y><time>16-10-20 11:25:10:759</time></pt><pt><x>1549</x><y>1853</y><time>undefined</time></pt><pt><x>368</x><y>1853</y><time>undefined</time></pt><closed_date>16-10-20 11:25:10:761</closed_date></polygon></object></annotation>