<annotation><filename>m2_s02_085_p_ic034.jpg</filename><folder>users/joselusava//m2_jsv/85/ic</folder><source><submittedBy>Jose Saca</submittedBy></source><imagesize><nrows>2910</nrows><ncols>4361</ncols></imagesize><object><name>m2_s02_085_p_ic034</name><deleted>0</deleted><verified>0</verified><occluded>no</occluded><attributes></attributes><parts><hasparts></hasparts><ispartof></ispartof></parts><date>16-09-20 13:41:56:292</date><id>0</id><type>bounding_box</type><polygon><username>anonymous</username><pt><x>1636</x><y>949</y><time>16-09-20 13:41:54:605</time></pt><pt><x>2559</x><y>949</y><time>16-09-20 13:41:55:729</time></pt><pt><x>2559</x><y>2176</y><time>undefined</time></pt><pt><x>1636</x><y>2176</y><time>undefined</time></pt><closed_date>16-09-20 13:41:55:730</closed_date></polygon></object></annotation>