<annotation><filename>m1_s01_021_p_nic076.jpg</filename><folder>users/joselusava//santiago</folder><source><submittedBy>Jose Saca</submittedBy></source><imagesize><nrows>3200</nrows><ncols>4800</ncols></imagesize><object><name>m1_s01_021_p_nic076</name><deleted>0</deleted><verified>0</verified><occluded>no</occluded><attributes></attributes><parts><hasparts></hasparts><ispartof></ispartof></parts><date>16-09-20 18:33:41:384</date><id>0</id><type>bounding_box</type><polygon><username>anonymous</username><pt><x>871</x><y>1944</y><time>16-09-20 18:33:31:878</time></pt><pt><x>1404</x><y>1944</y><time>16-09-20 18:33:33:234</time></pt><pt><x>1404</x><y>2592</y><time>undefined</time></pt><pt><x>871</x><y>2592</y><time>undefined</time></pt><closed_date>16-09-20 18:33:33:235</closed_date></polygon></object></annotation>