<annotation><filename>m1_s01_001_p_nic081.jpg</filename><folder>users/joselusava//juancarlos</folder><source><submittedBy>Jose Saca</submittedBy></source><imagesize><nrows>3200</nrows><ncols>4800</ncols></imagesize><object><name>m1_s01_001_p_nic081</name><deleted>0</deleted><verified>0</verified><occluded>no</occluded><attributes></attributes><parts><hasparts></hasparts><ispartof></ispartof></parts><date>11-09-20 16:51:44:160</date><id>0</id><type>bounding_box</type><polygon><username>anonymous</username><pt><x>2324</x><y>1725</y><time>11-09-20 16:51:13:344</time></pt><pt><x>3782</x><y>1725</y><time>11-09-20 16:51:16:818</time></pt><pt><x>3782</x><y>2756</y><time>undefined</time></pt><pt><x>2324</x><y>2756</y><time>undefined</time></pt><closed_date>11-09-20 16:51:16:819</closed_date></polygon></object></annotation>