<annotation><filename>m2_s07_264_p_nic066.jpg</filename><folder>users/joselusava//valeria/sala7_264_nic</folder><source><submittedBy>Jose Saca</submittedBy></source><imagesize><nrows>2910</nrows><ncols>4361</ncols></imagesize><object><name>m2_s07_264_p_nic066</name><deleted>0</deleted><verified>0</verified><occluded>no</occluded><attributes></attributes><parts><hasparts></hasparts><ispartof></ispartof></parts><date>23-09-20 21:09:57:718</date><id>0</id><type>bounding_box</type><polygon><username>anonymous</username><pt><x>1091</x><y>1940</y><time>23-09-20 21:09:52:947</time></pt><pt><x>2397</x><y>1940</y><time>23-09-20 21:09:54:604</time></pt><pt><x>2397</x><y>204</y><time>undefined</time></pt><pt><x>1091</x><y>204</y><time>undefined</time></pt><closed_date>23-09-20 21:09:54:606</closed_date></polygon></object></annotation>