<annotation><filename>m1_s02_065_p_nic019.jpg</filename><folder>users/joselusava//valeria/sala2_065_nic</folder><source><submittedBy>Jose Saca</submittedBy></source><imagesize><nrows>2000</nrows><ncols>2992</ncols></imagesize><object><name>m1_s02_065_p_nic019</name><deleted>0</deleted><verified>0</verified><occluded>no</occluded><attributes></attributes><parts><hasparts></hasparts><ispartof></ispartof></parts><date>27-08-20 22:17:09:631</date><id>0</id><type>bounding_box</type><polygon><username>anonymous</username><pt><x>2728</x><y>1946</y><time>27-08-20 22:16:55:103</time></pt><pt><x>876</x><y>1946</y><time>27-08-20 22:16:57:714</time></pt><pt><x>876</x><y>936</y><time>undefined</time></pt><pt><x>2728</x><y>936</y><time>undefined</time></pt><closed_date>27-08-20 22:16:57:716</closed_date></polygon></object></annotation>