<annotation><filename>m2_s02_085_p_ic024.jpg</filename><folder>users/joselusava//m2_jsv/85/ic</folder><source><submittedBy>Jose Saca</submittedBy></source><imagesize><nrows>2910</nrows><ncols>4361</ncols></imagesize><object><name>m2_s02_085_p_ic024</name><deleted>0</deleted><verified>0</verified><occluded>no</occluded><attributes></attributes><parts><hasparts></hasparts><ispartof></ispartof></parts><date>16-09-20 13:38:12:092</date><id>0</id><type>bounding_box</type><polygon><username>anonymous</username><pt><x>2681</x><y>2011</y><time>16-09-20 13:38:05:685</time></pt><pt><x>1689</x><y>2011</y><time>16-09-20 13:38:07:319</time></pt><pt><x>1689</x><y>757</y><time>undefined</time></pt><pt><x>2681</x><y>757</y><time>undefined</time></pt><closed_date>16-09-20 13:38:07:319</closed_date></polygon></object></annotation>