<annotation><filename>m1_s06_168_p_nic023.jpg</filename><folder>users/joselusava//jacob_2/168nic</folder><source><submittedBy>Jose Saca</submittedBy></source><imagesize><nrows>2736</nrows><ncols>4100</ncols></imagesize><object><name>m1_s06_168_p_nic023</name><deleted>0</deleted><verified>0</verified><occluded>no</occluded><attributes></attributes><parts><hasparts></hasparts><ispartof></ispartof></parts><date>08-09-20 23:07:07:573</date><id>0</id><type>bounding_box</type><polygon><username>anonymous</username><pt><x>2422</x><y>2537</y><time>08-09-20 23:07:04:954</time></pt><pt><x>3715</x><y>2537</y><time>08-09-20 23:07:06:982</time></pt><pt><x>3715</x><y>1039</y><time>undefined</time></pt><pt><x>2422</x><y>1039</y><time>undefined</time></pt><closed_date>08-09-20 23:07:06:982</closed_date></polygon></object></annotation>