<annotation><filename>m1_s01_001_p_ic026.jpg</filename><folder>users/joselusava//juancarlos</folder><source><submittedBy>Jose Saca</submittedBy></source><imagesize><nrows>2000</nrows><ncols>2992</ncols></imagesize><object><name>m1_s01_001_p_ic026</name><deleted>0</deleted><verified>0</verified><occluded>no</occluded><attributes></attributes><parts><hasparts></hasparts><ispartof></ispartof></parts><date>26-08-20 16:11:46:782</date><id>0</id><type>bounding_box</type><polygon><username>anonymous</username><pt><x>1029</x><y>610</y><time>26-08-20 16:11:35:535</time></pt><pt><x>1997</x><y>610</y><time>26-08-20 16:11:38:443</time></pt><pt><x>1997</x><y>1227</y><time>undefined</time></pt><pt><x>1029</x><y>1227</y><time>undefined</time></pt><closed_date>26-08-20 16:11:38:445</closed_date></polygon></object></annotation>