<annotation><filename>m3_s01_023_p_ic055.jpg</filename><folder>users/joselusava//santiago_3</folder><source><submittedBy>Jose Saca</submittedBy></source><imagesize><nrows>2970</nrows><ncols>4451</ncols></imagesize><object><name>m3_s01_023_p_ic055</name><deleted>0</deleted><verified>0</verified><occluded>no</occluded><attributes></attributes><parts><hasparts></hasparts><ispartof></ispartof></parts><date>04-11-20 19:26:05:168</date><id>0</id><type>bounding_box</type><polygon><username>anonymous</username><pt><x>728</x><y>682</y><time>04-11-20 19:26:01:759</time></pt><pt><x>3423</x><y>682</y><time>04-11-20 19:26:03:174</time></pt><pt><x>3423</x><y>2485</y><time>undefined</time></pt><pt><x>728</x><y>2485</y><time>undefined</time></pt><closed_date>04-11-20 19:26:03:175</closed_date></polygon></object></annotation>