<annotation><filename>m1_s01_021_p_ic027.jpg</filename><folder>users/joselusava//santiago</folder><source><submittedBy>Jose Saca</submittedBy></source><imagesize><nrows>3200</nrows><ncols>4800</ncols></imagesize><object><name>m1_s01_021_p_ic027</name><deleted>0</deleted><verified>0</verified><occluded>no</occluded><attributes></attributes><parts><hasparts></hasparts><ispartof></ispartof></parts><date>14-09-20 22:51:58:471</date><id>0</id><type>bounding_box</type><polygon><username>anonymous</username><pt><x>1940</x><y>900</y><time>14-09-20 22:51:48:237</time></pt><pt><x>3114</x><y>900</y><time>14-09-20 22:51:51:260</time></pt><pt><x>3114</x><y>2167</y><time>undefined</time></pt><pt><x>1940</x><y>2167</y><time>undefined</time></pt><closed_date>14-09-20 22:51:51:261</closed_date></polygon></object></annotation>