<annotation><filename>m1_s01_004_p_nic047.jpg</filename><folder>users/joselusava//valeria_apoyo/sala01_004_nic</folder><source><submittedBy>Jose Saca</submittedBy></source><imagesize><nrows>3200</nrows><ncols>4800</ncols></imagesize><object><name>m1_s01_004_p_nic047</name><deleted>0</deleted><verified>0</verified><occluded>no</occluded><attributes></attributes><parts><hasparts></hasparts><ispartof></ispartof></parts><date>17-09-20 14:48:18:537</date><id>0</id><type>bounding_box</type><polygon><username>anonymous</username><pt><x>44</x><y>3045</y><time>17-09-20 14:48:02:023</time></pt><pt><x>3577</x><y>3045</y><time>17-09-20 14:48:04:740</time></pt><pt><x>3577</x><y>1847</y><time>undefined</time></pt><pt><x>44</x><y>1847</y><time>undefined</time></pt><closed_date>17-09-20 14:48:04:742</closed_date></polygon></object></annotation>