<annotation><filename>m1_s06_141_p_ic001.jpg</filename><folder>users/joselusava//jacob_2/141ic</folder><source><submittedBy>Jose Saca</submittedBy></source><imagesize><nrows>2736</nrows><ncols>4100</ncols></imagesize><object><name>m1_s06_141_p_ic001</name><deleted>0</deleted><verified>0</verified><occluded>no</occluded><attributes></attributes><parts><hasparts></hasparts><ispartof></ispartof></parts><date>04-09-20 17:12:59:287</date><id>0</id><type>bounding_box</type><polygon><username>anonymous</username><pt><x>1604</x><y>2250</y><time>04-09-20 17:12:55:126</time></pt><pt><x>2373</x><y>2250</y><time>04-09-20 17:12:57:811</time></pt><pt><x>2373</x><y>409</y><time>undefined</time></pt><pt><x>1604</x><y>409</y><time>undefined</time></pt><closed_date>04-09-20 17:12:57:812</closed_date></polygon></object></annotation>