<annotation><filename>m4_s12_186_p_nic010.jpg</filename><folder>users/joselusava//m4_js/186/nic</folder><source><submittedBy>Jose Saca</submittedBy></source><imagesize><nrows>3899</nrows><ncols>5844</ncols></imagesize><object><name>m4_s12_186_p_nic010</name><deleted>0</deleted><verified>0</verified><occluded>no</occluded><attributes></attributes><parts><hasparts></hasparts><ispartof></ispartof></parts><date>18-10-20 11:23:02:415</date><id>0</id><type>bounding_box</type><polygon><username>anonymous</username><pt><x>3313</x><y>3091</y><time>18-10-20 11:23:00:604</time></pt><pt><x>1096</x><y>3091</y><time>18-10-20 11:23:01:779</time></pt><pt><x>1096</x><y>23</y><time>undefined</time></pt><pt><x>3313</x><y>23</y><time>undefined</time></pt><closed_date>18-10-20 11:23:01:779</closed_date></polygon></object></annotation>