<annotation><filename>img_m1_s03-04_108_p_nic097.jpg</filename><folder>users/joselusava//valeria/sala3y4_108_nic</folder><source><submittedBy>Jose Saca</submittedBy></source><imagesize><nrows>3200</nrows><ncols>4800</ncols></imagesize><object><name>m1_s03_s04_108_p_nic097</name><deleted>0</deleted><verified>0</verified><occluded>no</occluded><attributes></attributes><parts><hasparts></hasparts><ispartof></ispartof></parts><date>02-09-20 21:51:25:135</date><id>0</id><type>bounding_box</type><polygon><username>anonymous</username><pt><x>4703</x><y>2970</y><time>02-09-20 21:51:17:677</time></pt><pt><x>1515</x><y>2970</y><time>02-09-20 21:51:20:279</time></pt><pt><x>1515</x><y>1855</y><time>undefined</time></pt><pt><x>4703</x><y>1855</y><time>undefined</time></pt><closed_date>02-09-20 21:51:20:280</closed_date></polygon></object></annotation>