<annotation><filename>m2_s01_032_p_ic098.jpg</filename><folder>users/joselusava//santiago_2</folder><source><submittedBy>Jose Saca</submittedBy></source><imagesize><nrows>2850</nrows><ncols>4271</ncols></imagesize><object><name>m2_s01_032_p_ic098</name><deleted>0</deleted><verified>0</verified><occluded>no</occluded><attributes></attributes><parts><hasparts></hasparts><ispartof></ispartof></parts><date>30-09-20 17:28:35:231</date><id>0</id><type>bounding_box</type><polygon><username>anonymous</username><pt><x>1272</x><y>238</y><time>30-09-20 17:28:31:956</time></pt><pt><x>2935</x><y>238</y><time>30-09-20 17:28:33:497</time></pt><pt><x>2935</x><y>2667</y><time>undefined</time></pt><pt><x>1272</x><y>2667</y><time>undefined</time></pt><closed_date>30-09-20 17:28:33:499</closed_date></polygon></object></annotation>