<annotation><filename>m4_s04_047_p_nic046.jpg</filename><folder>users/joselusava//kath/kath_m4_047/nic</folder><source><submittedBy>Jose Saca</submittedBy></source><imagesize><nrows>2970</nrows><ncols>4451</ncols></imagesize><object><name>m4_s04_047_p_nic046</name><deleted>0</deleted><verified>0</verified><occluded>no</occluded><attributes></attributes><parts><hasparts></hasparts><ispartof></ispartof></parts><date>24-10-20 19:05:57:822</date><id>0</id><type>bounding_box</type><polygon><username>anonymous</username><pt><x>579</x><y>153</y><time>24-10-20 19:05:50:809</time></pt><pt><x>1845</x><y>153</y><time>24-10-20 19:05:53:189</time></pt><pt><x>1845</x><y>2690</y><time>undefined</time></pt><pt><x>579</x><y>2690</y><time>undefined</time></pt><closed_date>24-10-20 19:05:53:190</closed_date></polygon></object></annotation>