<annotation><filename>m3_s01_013_p_ic006.jpg</filename><folder>users/joselusava//valeria/m03_s01_13_ic</folder><source><submittedBy>Jose Saca</submittedBy></source><imagesize><nrows>2970</nrows><ncols>4451</ncols></imagesize><object><name>m3_s01_013_p_ic006</name><deleted>0</deleted><verified>0</verified><occluded>no</occluded><attributes></attributes><parts><hasparts></hasparts><ispartof></ispartof></parts><date>28-10-20 22:20:23:938</date><id>0</id><type>bounding_box</type><polygon><username>anonymous</username><pt><x>560</x><y>2684</y><time>28-10-20 22:20:18:544</time></pt><pt><x>3404</x><y>2684</y><time>28-10-20 22:20:20:538</time></pt><pt><x>3404</x><y>194</y><time>undefined</time></pt><pt><x>560</x><y>194</y><time>undefined</time></pt><closed_date>28-10-20 22:20:20:540</closed_date></polygon></object></annotation>