<annotation><filename>m3_s01_023_p_ic024.jpg</filename><folder>users/joselusava//santiago_3</folder><source><submittedBy>Jose Saca</submittedBy></source><imagesize><nrows>2970</nrows><ncols>4451</ncols></imagesize><object><name>m3_s01_023_p_ic024</name><deleted>0</deleted><verified>0</verified><occluded>no</occluded><attributes></attributes><parts><hasparts></hasparts><ispartof></ispartof></parts><date>04-11-20 18:59:17:699</date><id>0</id><type>bounding_box</type><polygon><username>anonymous</username><pt><x>346</x><y>346</y><time>04-11-20 18:59:13:900</time></pt><pt><x>3884</x><y>346</y><time>04-11-20 18:59:15:757</time></pt><pt><x>3884</x><y>2556</y><time>undefined</time></pt><pt><x>346</x><y>2556</y><time>undefined</time></pt><closed_date>04-11-20 18:59:15:758</closed_date></polygon></object></annotation>