<annotation><filename>m1_s02_063_x.jpg</filename><folder>users/joselusava//valeria/sala2</folder><source><submittedBy>Jose Saca</submittedBy></source><imagesize><nrows>3200</nrows><ncols>4800</ncols></imagesize><object><name>m1_s02_063_x</name><deleted>0</deleted><verified>0</verified><occluded>no</occluded><attributes></attributes><parts><hasparts></hasparts><ispartof></ispartof></parts><date>28-08-20 19:14:22:292</date><id>0</id><type>bounding_box</type><polygon><username>anonymous</username><pt><x>4719</x><y>2588</y><time>28-08-20 19:14:14:505</time></pt><pt><x>607</x><y>2588</y><time>28-08-20 19:14:18:015</time></pt><pt><x>607</x><y>16</y><time>undefined</time></pt><pt><x>4719</x><y>16</y><time>undefined</time></pt><closed_date>28-08-20 19:14:18:015</closed_date></polygon></object></annotation>