<annotation><filename>m1_s02_052_p_ic091.jpg</filename><folder>users/joselusava//valeria/sala2_052_ic</folder><source><submittedBy>Jose Saca</submittedBy></source><imagesize><nrows>3200</nrows><ncols>4800</ncols></imagesize><object><name>m1_s02_052_p_ic091</name><deleted>0</deleted><verified>0</verified><occluded>no</occluded><attributes></attributes><parts><hasparts></hasparts><ispartof></ispartof></parts><date>25-08-20 20:16:35:542</date><id>0</id><type>bounding_box</type><polygon><username>anonymous</username><pt><x>574</x><y>54</y><time>25-08-20 20:16:28:009</time></pt><pt><x>4177</x><y>54</y><time>25-08-20 20:16:30:952</time></pt><pt><x>4177</x><y>3098</y><time>undefined</time></pt><pt><x>574</x><y>3098</y><time>undefined</time></pt><closed_date>25-08-20 20:16:30:954</closed_date></polygon></object></annotation>