<annotation><filename>m1_s03-04_092_x.jpg</filename><folder>users/joselusava//valeria/sala03y04</folder><source><submittedBy>Jose Saca</submittedBy></source><imagesize><nrows>3200</nrows><ncols>4800</ncols></imagesize><object><name>m1_s03_s04_092_x</name><deleted>0</deleted><verified>0</verified><occluded>no</occluded><attributes></attributes><parts><hasparts></hasparts><ispartof></ispartof></parts><date>28-08-20 21:18:08:466</date><id>0</id><type>bounding_box</type><polygon><username>anonymous</username><pt><x>3211</x><y>2620</y><time>28-08-20 21:18:02:238</time></pt><pt><x>1788</x><y>2620</y><time>28-08-20 21:18:04:005</time></pt><pt><x>1788</x><y>762</y><time>undefined</time></pt><pt><x>3211</x><y>762</y><time>undefined</time></pt><closed_date>28-08-20 21:18:04:006</closed_date></polygon></object></annotation>