<annotation><filename>m1_s06_168_p_nic029.jpg</filename><folder>users/joselusava//jacob_2/168nic</folder><source><submittedBy>Jose Saca</submittedBy></source><imagesize><nrows>2736</nrows><ncols>4100</ncols></imagesize><object><name>m1_s06_168_p_nic029</name><deleted>0</deleted><verified>0</verified><occluded>no</occluded><attributes></attributes><parts><hasparts></hasparts><ispartof></ispartof></parts><date>08-09-20 23:09:30:395</date><id>0</id><type>bounding_box</type><polygon><username>anonymous</username><pt><x>2177</x><y>139</y><time>08-09-20 23:09:28:466</time></pt><pt><x>3085</x><y>139</y><time>08-09-20 23:09:29:982</time></pt><pt><x>3085</x><y>1653</y><time>undefined</time></pt><pt><x>2177</x><y>1653</y><time>undefined</time></pt><closed_date>08-09-20 23:09:29:982</closed_date></polygon></object></annotation>