<annotation><filename>m2_s06_244_p_ic002.jpg</filename><folder>users/joselusava//museos2020</folder><source><submittedBy>Jose Saca</submittedBy></source><imagesize><nrows>2910</nrows><ncols>4361</ncols></imagesize><object><name>m2_s06_244_p_ic002</name><deleted>0</deleted><verified>0</verified><occluded>no</occluded><attributes></attributes><parts><hasparts></hasparts><ispartof></ispartof></parts><date>22-09-20 11:49:26:125</date><id>0</id><type>bounding_box</type><polygon><username>anonymous</username><pt><x>1283</x><y>910</y><time>22-09-20 11:49:11:687</time></pt><pt><x>3190</x><y>910</y><time>22-09-20 11:49:14:092</time></pt><pt><x>3190</x><y>1978</y><time>undefined</time></pt><pt><x>1283</x><y>1978</y><time>undefined</time></pt><closed_date>22-09-20 11:49:14:093</closed_date></polygon></object></annotation>