<annotation><filename>m4_s12_185_p_nic008.jpg</filename><folder>users/joselusava//valeria/m04_s12_185_nic</folder><source><submittedBy>Jose Saca</submittedBy></source><imagesize><nrows>2910</nrows><ncols>4361</ncols></imagesize><object><name>m4_s12_185_p_nic008</name><deleted>0</deleted><verified>0</verified><occluded>no</occluded><attributes></attributes><parts><hasparts></hasparts><ispartof></ispartof></parts><date>17-10-20 19:24:49:634</date><id>0</id><type>bounding_box</type><polygon><username>anonymous</username><pt><x>151</x><y>2608</y><time>17-10-20 19:24:44:745</time></pt><pt><x>2362</x><y>2608</y><time>17-10-20 19:24:46:733</time></pt><pt><x>2362</x><y>470</y><time>undefined</time></pt><pt><x>151</x><y>470</y><time>undefined</time></pt><closed_date>17-10-20 19:24:46:734</closed_date></polygon></object></annotation>