<annotation><filename>m4_s06_089_p_nic051.jpg</filename><folder>users/joselusava//santiago_2</folder><source><submittedBy>Jose Saca</submittedBy></source><imagesize><nrows>2970</nrows><ncols>4451</ncols></imagesize><object><name>m4_s06_089_p_nic051</name><deleted>0</deleted><verified>0</verified><occluded>no</occluded><attributes></attributes><parts><hasparts></hasparts><ispartof></ispartof></parts><date>12-10-20 21:17:19:705</date><id>0</id><type>bounding_box</type><polygon><username>anonymous</username><pt><x>942</x><y>935</y><time>12-10-20 21:17:16:068</time></pt><pt><x>2263</x><y>935</y><time>12-10-20 21:17:17:327</time></pt><pt><x>2263</x><y>2667</y><time>undefined</time></pt><pt><x>942</x><y>2667</y><time>undefined</time></pt><closed_date>12-10-20 21:17:17:328</closed_date></polygon></object></annotation>