<annotation><filename>m1_s02_036_p_ic064.jpg</filename><folder>users/joselusava//valeria/sala2_036_ic</folder><source><submittedBy>Jose Saca</submittedBy></source><imagesize><nrows>3200</nrows><ncols>4800</ncols></imagesize><object><name>m1_s01_036_p_ic064</name><deleted>0</deleted><verified>0</verified><occluded>no</occluded><attributes></attributes><parts><hasparts></hasparts><ispartof></ispartof></parts><date>23-08-20 22:29:23:418</date><id>0</id><type>bounding_box</type><polygon><username>anonymous</username><pt><x>897</x><y>38</y><time>23-08-20 22:29:16:681</time></pt><pt><x>4172</x><y>38</y><time>23-08-20 22:29:19:588</time></pt><pt><x>4172</x><y>3028</y><time>undefined</time></pt><pt><x>897</x><y>3028</y><time>undefined</time></pt><closed_date>23-08-20 22:29:19:589</closed_date></polygon></object></annotation>