<annotation><filename>m4_s02_021_p_ic032.jpg</filename><folder>users/joselusava//santiago_2</folder><source><submittedBy>Jose Saca</submittedBy></source><imagesize><nrows>3000</nrows><ncols>4496</ncols></imagesize><object><name>m4_s02_021_p_ic032</name><deleted>0</deleted><verified>0</verified><occluded>no</occluded><attributes></attributes><parts><hasparts></hasparts><ispartof></ispartof></parts><date>03-10-20 17:57:44:202</date><id>0</id><type>bounding_box</type><polygon><username>anonymous</username><pt><x>1671</x><y>525</y><time>03-10-20 17:57:41:052</time></pt><pt><x>2896</x><y>525</y><time>03-10-20 17:57:42:214</time></pt><pt><x>2896</x><y>2571</y><time>undefined</time></pt><pt><x>1671</x><y>2571</y><time>undefined</time></pt><closed_date>03-10-20 17:57:42:216</closed_date></polygon></object></annotation>