<annotation><filename>m2_s01_032_p_ic028.jpg</filename><folder>users/joselusava//santiago_2</folder><source><submittedBy>Jose Saca</submittedBy></source><imagesize><nrows>2850</nrows><ncols>4271</ncols></imagesize><object><name>m2_s01_032_p_ic028</name><deleted>0</deleted><verified>0</verified><occluded>no</occluded><attributes></attributes><parts><hasparts></hasparts><ispartof></ispartof></parts><date>30-09-20 12:13:47:504</date><id>0</id><type>bounding_box</type><polygon><username>anonymous</username><pt><x>1379</x><y>272</y><time>30-09-20 12:13:42:926</time></pt><pt><x>2975</x><y>272</y><time>30-09-20 12:13:45:177</time></pt><pt><x>2975</x><y>2616</y><time>undefined</time></pt><pt><x>1379</x><y>2616</y><time>undefined</time></pt><closed_date>30-09-20 12:13:45:178</closed_date></polygon></object></annotation>