<annotation><filename>m2_s02_087_x.jpg</filename><folder>users/joselusava//m2_jsv</folder><source><submittedBy>Jose Saca</submittedBy></source><imagesize><nrows>2910</nrows><ncols>4361</ncols></imagesize><object><name>m2_s02_087_x</name><deleted>0</deleted><verified>0</verified><occluded>no</occluded><attributes></attributes><parts><hasparts></hasparts><ispartof></ispartof></parts><date>19-09-20 23:11:29:845</date><id>0</id><type>bounding_box</type><polygon><username>anonymous</username><pt><x>1201</x><y>635</y><time>19-09-20 23:11:27:435</time></pt><pt><x>3003</x><y>635</y><time>19-09-20 23:11:29:172</time></pt><pt><x>3003</x><y>2211</y><time>undefined</time></pt><pt><x>1201</x><y>2211</y><time>undefined</time></pt><closed_date>19-09-20 23:11:29:173</closed_date></polygon></object></annotation>