<annotation><filename>m1_s06_186_p_nic021.jpg</filename><folder>users/joselusava//jacob_2/186nic</folder><source><submittedBy>Jose Saca</submittedBy></source><imagesize><nrows>2736</nrows><ncols>4100</ncols></imagesize><object><name>m1_s06_186_p_nic021</name><deleted>0</deleted><verified>0</verified><occluded>no</occluded><attributes></attributes><parts><hasparts></hasparts><ispartof></ispartof></parts><date>09-09-20 23:09:23:035</date><id>0</id><type>bounding_box</type><polygon><username>anonymous</username><pt><x>139</x><y>2561</y><time>09-09-20 23:09:19:266</time></pt><pt><x>1751</x><y>2561</y><time>09-09-20 23:09:20:505</time></pt><pt><x>1751</x><y>777</y><time>undefined</time></pt><pt><x>139</x><y>777</y><time>undefined</time></pt><closed_date>09-09-20 23:09:20:505</closed_date></polygon></object></annotation>