<annotation><filename>m1_s06_186_p_ic046.jpg</filename><folder>users/joselusava//jacob_2/186ic</folder><source><submittedBy>Jose Saca</submittedBy></source><imagesize><nrows>2736</nrows><ncols>4100</ncols></imagesize><object><name>s06_186_p_ic046</name><deleted>0</deleted><verified>0</verified><occluded>no</occluded><attributes></attributes><parts><hasparts></hasparts><ispartof></ispartof></parts><date>09-09-20 11:33:56:079</date><id>0</id><type>bounding_box</type><polygon><username>anonymous</username><pt><x>786</x><y>2635</y><time>09-09-20 11:33:53:855</time></pt><pt><x>2651</x><y>2635</y><time>09-09-20 11:33:55:255</time></pt><pt><x>2651</x><y>221</y><time>undefined</time></pt><pt><x>786</x><y>221</y><time>undefined</time></pt><closed_date>09-09-20 11:33:55:255</closed_date></polygon></object></annotation>