<annotation><filename>m3_s01_002_p_ic096.jpg</filename><folder>users/joselusava//santiago_3</folder><source><submittedBy>Jose Saca</submittedBy></source><imagesize><nrows>2970</nrows><ncols>4451</ncols></imagesize><object><name>m3_s01_002_p_ic096</name><deleted>0</deleted><verified>0</verified><occluded>no</occluded><attributes></attributes><parts><hasparts></hasparts><ispartof></ispartof></parts><date>29-10-20 13:38:00:159</date><id>0</id><type>bounding_box</type><polygon><username>anonymous</username><pt><x>835</x><y>603</y><time>29-10-20 13:37:56:954</time></pt><pt><x>3605</x><y>603</y><time>29-10-20 13:37:58:204</time></pt><pt><x>3605</x><y>2424</y><time>undefined</time></pt><pt><x>835</x><y>2424</y><time>undefined</time></pt><closed_date>29-10-20 13:37:58:204</closed_date></polygon></object></annotation>