<annotation><filename>m4_s07_105_p_ic065.jpg</filename><folder>users/joselusava//kath/m4_105</folder><source><submittedBy>Jose Saca</submittedBy></source><imagesize><nrows>2970</nrows><ncols>4451</ncols></imagesize><object><name>m4_s07_105_p_ic065</name><deleted>0</deleted><verified>0</verified><occluded>no</occluded><attributes></attributes><parts><hasparts></hasparts><ispartof></ispartof></parts><date>29-10-20 08:41:10:446</date><id>0</id><type>bounding_box</type><polygon><username>anonymous</username><pt><x>1499</x><y>2883</y><time>29-10-20 08:40:58:224</time></pt><pt><x>2759</x><y>2883</y><time>29-10-20 08:41:01:380</time></pt><pt><x>2759</x><y>384</y><time>undefined</time></pt><pt><x>1499</x><y>384</y><time>undefined</time></pt><closed_date>29-10-20 08:41:01:380</closed_date></polygon></object></annotation>