<annotation><filename>m3_s01_002_p_nic048.jpg</filename><folder>users/joselusava//santiago_3</folder><source><submittedBy>Jose Saca</submittedBy></source><imagesize><nrows>2970</nrows><ncols>4451</ncols></imagesize><object><name>m3_s01_002_p_nic048</name><deleted>0</deleted><verified>0</verified><occluded>no</occluded><attributes></attributes><parts><hasparts></hasparts><ispartof></ispartof></parts><date>29-10-20 20:44:16:945</date><id>0</id><type>bounding_box</type><polygon><username>anonymous</username><pt><x>671</x><y>878</y><time>29-10-20 20:44:13:190</time></pt><pt><x>2577</x><y>878</y><time>29-10-20 20:44:14:616</time></pt><pt><x>2577</x><y>2870</y><time>undefined</time></pt><pt><x>671</x><y>2870</y><time>undefined</time></pt><closed_date>29-10-20 20:44:14:617</closed_date></polygon></object></annotation>