<annotation><filename>m4_s09_138_p_nic092.jpg</filename><folder>users/joselusava//santiago_2</folder><source><submittedBy>Jose Saca</submittedBy></source><imagesize><nrows>2970</nrows><ncols>4451</ncols></imagesize><object><name>m4_s09_138_p_nic092</name><deleted>0</deleted><verified>0</verified><occluded>no</occluded><attributes></attributes><parts><hasparts></hasparts><ispartof></ispartof></parts><date>23-10-20 14:45:02:244</date><id>0</id><type>bounding_box</type><polygon><username>anonymous</username><pt><x>1246</x><y>1564</y><time>23-10-20 14:44:59:132</time></pt><pt><x>4023</x><y>1564</y><time>23-10-20 14:45:00:288</time></pt><pt><x>4023</x><y>2692</y><time>undefined</time></pt><pt><x>1246</x><y>2692</y><time>undefined</time></pt><closed_date>23-10-20 14:45:00:290</closed_date></polygon></object></annotation>