<annotation><filename>m2_s03_219_p_nic070.jpg</filename><folder>users/joselusava//valeria/m2_sala03_219_nic</folder><source><submittedBy>Jose Saca</submittedBy></source><imagesize><nrows>2910</nrows><ncols>4361</ncols></imagesize><object><name>m2_s03_219_p_nic070</name><deleted>0</deleted><verified>0</verified><occluded>no</occluded><attributes></attributes><parts><hasparts></hasparts><ispartof></ispartof></parts><date>29-09-20 18:53:02:831</date><id>0</id><type>bounding_box</type><polygon><username>anonymous</username><pt><x>2712</x><y>1940</y><time>29-09-20 18:52:56:964</time></pt><pt><x>3941</x><y>1940</y><time>29-09-20 18:52:59:839</time></pt><pt><x>3941</x><y>110</y><time>undefined</time></pt><pt><x>2712</x><y>110</y><time>undefined</time></pt><closed_date>29-09-20 18:52:59:840</closed_date></polygon></object></annotation>