<annotation><filename>m2_s07_264_p_ic074.jpg</filename><folder>users/joselusava//valeria/sala7_264_ic</folder><source><submittedBy>Jose Saca</submittedBy></source><imagesize><nrows>2910</nrows><ncols>4361</ncols></imagesize><object><name>m2_s07_264_p_ic074</name><deleted>0</deleted><verified>0</verified><occluded>no</occluded><attributes></attributes><parts><hasparts></hasparts><ispartof></ispartof></parts><date>23-09-20 11:52:53:943</date><id>0</id><type>bounding_box</type><polygon><username>anonymous</username><pt><x>1361</x><y>309</y><time>23-09-20 11:52:44:891</time></pt><pt><x>2893</x><y>309</y><time>23-09-20 11:52:46:764</time></pt><pt><x>2893</x><y>2552</y><time>undefined</time></pt><pt><x>1361</x><y>2552</y><time>undefined</time></pt><closed_date>23-09-20 11:52:46:765</closed_date></polygon></object></annotation>