<annotation><filename>m3_s01_010_p_ic060.jpg</filename><folder>users/joselusava//m4_js/m3/10/ic</folder><source><submittedBy>Jose Saca</submittedBy></source><imagesize><nrows>2970</nrows><ncols>4451</ncols></imagesize><object><name>m3_s01_013_p_ic031</name><deleted>0</deleted><verified>0</verified><occluded>no</occluded><attributes></attributes><parts><hasparts></hasparts><ispartof></ispartof></parts><date>29-10-20 13:12:22:766</date><id>0</id><type>bounding_box</type><polygon><username>anonymous</username><pt><x>2875</x><y>2758</y><time>29-10-20 13:12:20:867</time></pt><pt><x>1001</x><y>2758</y><time>29-10-20 13:12:22:019</time></pt><pt><x>1001</x><y>298</y><time>undefined</time></pt><pt><x>2875</x><y>298</y><time>undefined</time></pt><closed_date>29-10-20 13:12:22:020</closed_date></polygon></object></annotation>