<annotation><filename>m1_s06_163_x.jpg</filename><folder>users/joselusava//jacob_2/sala6</folder><source><submittedBy>Jose Saca</submittedBy></source><imagesize><nrows>2736</nrows><ncols>4100</ncols></imagesize><object><name>m1_s06_163_x</name><deleted>0</deleted><verified>0</verified><occluded>no</occluded><attributes></attributes><parts><hasparts></hasparts><ispartof></ispartof></parts><date>06-09-20 01:44:33:820</date><id>0</id><type>bounding_box</type><polygon><username>anonymous</username><pt><x>888</x><y>2665</y><time>06-09-20 01:44:30:881</time></pt><pt><x>3073</x><y>2665</y><time>06-09-20 01:44:33:004</time></pt><pt><x>3073</x><y>106</y><time>undefined</time></pt><pt><x>888</x><y>106</y><time>undefined</time></pt><closed_date>06-09-20 01:44:33:005</closed_date></polygon></object></annotation>