<annotation><filename>m3_s01_010_p_ic062.jpg</filename><folder>users/joselusava//m4_js/m3/10/ic</folder><source><submittedBy>Jose Saca</submittedBy></source><imagesize><nrows>2970</nrows><ncols>4451</ncols></imagesize><object><name>m3_s01_013_p_ic033</name><deleted>0</deleted><verified>0</verified><occluded>no</occluded><attributes></attributes><parts><hasparts></hasparts><ispartof></ispartof></parts><date>29-10-20 13:13:15:848</date><id>0</id><type>bounding_box</type><polygon><username>anonymous</username><pt><x>3035</x><y>2758</y><time>29-10-20 13:13:13:248</time></pt><pt><x>1129</x><y>2758</y><time>29-10-20 13:13:15:188</time></pt><pt><x>1129</x><y>330</y><time>undefined</time></pt><pt><x>3035</x><y>330</y><time>undefined</time></pt><closed_date>29-10-20 13:13:15:188</closed_date></polygon></object></annotation>