<annotation><filename>m1_s06_144_p_nic042.jpg</filename><folder>users/joselusava//jacob_2/144nic</folder><source><submittedBy>Jose Saca</submittedBy></source><imagesize><nrows>2736</nrows><ncols>4100</ncols></imagesize><object><name>m1_s06_144_p_nic042</name><deleted>0</deleted><verified>0</verified><occluded>no</occluded><attributes></attributes><parts><hasparts></hasparts><ispartof></ispartof></parts><date>08-09-20 02:12:31:695</date><id>0</id><type>bounding_box</type><polygon><username>anonymous</username><pt><x>1547</x><y>2619</y><time>08-09-20 02:12:27:766</time></pt><pt><x>2897</x><y>2619</y><time>08-09-20 02:12:30:915</time></pt><pt><x>2897</x><y>1039</y><time>undefined</time></pt><pt><x>1547</x><y>1039</y><time>undefined</time></pt><closed_date>08-09-20 02:12:30:916</closed_date></polygon></object></annotation>