<annotation><filename>m1_s01_001_p_nic098.jpg</filename><folder>users/joselusava//juancarlos</folder><source><submittedBy>Jose Saca</submittedBy></source><imagesize><nrows>3200</nrows><ncols>4800</ncols></imagesize><object><name>m1_s01_001_p_nic098</name><deleted>0</deleted><verified>0</verified><occluded>no</occluded><attributes></attributes><parts><hasparts></hasparts><ispartof></ispartof></parts><date>12-09-20 09:44:34:670</date><id>0</id><type>bounding_box</type><polygon><username>anonymous</username><pt><x>283</x><y>1875</y><time>12-09-20 09:44:24:054</time></pt><pt><x>1880</x><y>1875</y><time>12-09-20 09:44:27:926</time></pt><pt><x>1880</x><y>2790</y><time>undefined</time></pt><pt><x>283</x><y>2790</y><time>undefined</time></pt><closed_date>12-09-20 09:44:27:928</closed_date></polygon></object></annotation>