<annotation><filename>m4_s04_045_p_nic007.jpg</filename><folder>users/joselusava//valeria/m04_s04_45_nic</folder><source><submittedBy>Jose Saca</submittedBy></source><imagesize><nrows>2970</nrows><ncols>4451</ncols></imagesize><object><name>m4_s04_045_p_nic007</name><deleted>0</deleted><verified>0</verified><occluded>no</occluded><attributes></attributes><parts><hasparts></hasparts><ispartof></ispartof></parts><date>20-10-20 00:10:20:615</date><id>0</id><type>bounding_box</type><polygon><username>anonymous</username><pt><x>3347</x><y>1731</y><time>20-10-20 00:10:14:937</time></pt><pt><x>4227</x><y>1731</y><time>20-10-20 00:10:18:071</time></pt><pt><x>4227</x><y>326</y><time>undefined</time></pt><pt><x>3347</x><y>326</y><time>undefined</time></pt><closed_date>20-10-20 00:10:18:072</closed_date></polygon></object></annotation>