<annotation><filename>m2_s03_219_p_ic042.jpg</filename><folder>users/joselusava//valeria/m2_sala03_219_ic</folder><source><submittedBy>Jose Saca</submittedBy></source><imagesize><nrows>2910</nrows><ncols>4361</ncols></imagesize><object><name>m2_s03_219_p_ic042</name><deleted>0</deleted><verified>0</verified><occluded>no</occluded><attributes></attributes><parts><hasparts></hasparts><ispartof></ispartof></parts><date>29-09-20 00:26:24:874</date><id>1</id><type>bounding_box</type><polygon><username>anonymous</username><pt><x>3279</x><y>209</y><time>29-09-20 00:26:19:719</time></pt><pt><x>926</x><y>209</y><time>29-09-20 00:26:21:463</time></pt><pt><x>926</x><y>2640</y><time>undefined</time></pt><pt><x>3279</x><y>2640</y><time>undefined</time></pt><closed_date>29-09-20 00:26:21:465</closed_date></polygon></object></annotation>