<annotation><filename>m1_s02_065_p_nic033.jpg</filename><folder>users/joselusava//valeria/sala2_065_nic</folder><source><submittedBy>Jose Saca</submittedBy></source><imagesize><nrows>2000</nrows><ncols>2992</ncols></imagesize><object><name>m1_s02_065_p_nic033</name><deleted>0</deleted><verified>0</verified><occluded>no</occluded><attributes></attributes><parts><hasparts></hasparts><ispartof></ispartof></parts><date>27-08-20 22:49:34:574</date><id>0</id><type>bounding_box</type><polygon><username>anonymous</username><pt><x>2638</x><y>936</y><time>27-08-20 22:49:23:731</time></pt><pt><x>1198</x><y>936</y><time>27-08-20 22:49:27:934</time></pt><pt><x>1198</x><y>245</y><time>undefined</time></pt><pt><x>2638</x><y>245</y><time>undefined</time></pt><closed_date>27-08-20 22:49:27:935</closed_date></polygon></object></annotation>