<annotation><filename>m4_s05_055_p_ic067.jpg</filename><folder>users/joselusava//valeria/m4_s05_055_ic</folder><source><submittedBy>Jose Saca</submittedBy></source><imagesize><nrows>2910</nrows><ncols>4361</ncols></imagesize><object><name>m4_s05_055_p_ic067</name><deleted>0</deleted><verified>0</verified><occluded>no</occluded><attributes></attributes><parts><hasparts></hasparts><ispartof></ispartof></parts><date>08-10-20 22:47:12:273</date><id>0</id><type>bounding_box</type><polygon><username>anonymous</username><pt><x>1538</x><y>424</y><time>08-10-20 22:47:05:076</time></pt><pt><x>2932</x><y>424</y><time>08-10-20 22:47:08:427</time></pt><pt><x>2932</x><y>2386</y><time>undefined</time></pt><pt><x>1538</x><y>2386</y><time>undefined</time></pt><closed_date>08-10-20 22:47:08:427</closed_date></polygon></object></annotation>