<annotation><filename>m2_s01_001_p_ic054.jpg</filename><folder>users/joselusava//santiago</folder><source><submittedBy>Jose Saca</submittedBy></source><imagesize><nrows>2850</nrows><ncols>4271</ncols></imagesize><object><name>m2_s01_001_p_ic054</name><deleted>0</deleted><verified>0</verified><occluded>no</occluded><attributes></attributes><parts><hasparts></hasparts><ispartof></ispartof></parts><date>19-09-20 08:52:07:335</date><id>0</id><type>bounding_box</type><polygon><username>anonymous</username><pt><x>1052</x><y>186</y><time>19-09-20 08:51:53:683</time></pt><pt><x>3174</x><y>186</y><time>19-09-20 08:51:57:510</time></pt><pt><x>3174</x><y>2677</y><time>undefined</time></pt><pt><x>1052</x><y>2677</y><time>undefined</time></pt><closed_date>19-09-20 08:51:57:511</closed_date></polygon></object></annotation>