<annotation><filename>m3_s01_018_p_nic085.jpg</filename><folder>users/joselusava//m4_js/18/nic</folder><source><submittedBy>Jose Saca</submittedBy></source><imagesize><nrows>2970</nrows><ncols>4451</ncols></imagesize><object><name>m3_s01_018_p_nic085</name><deleted>0</deleted><verified>0</verified><occluded>no</occluded><attributes></attributes><parts><hasparts></hasparts><ispartof></ispartof></parts><date>05-11-20 18:18:52:688</date><id>0</id><type>bounding_box</type><polygon><username>anonymous</username><pt><x>4451</x><y>2936</y><time>05-11-20 18:18:50:862</time></pt><pt><x>1162</x><y>2936</y><time>05-11-20 18:18:52:073</time></pt><pt><x>1162</x><y>176</y><time>undefined</time></pt><pt><x>4451</x><y>176</y><time>undefined</time></pt><closed_date>05-11-20 18:18:52:073</closed_date></polygon></object></annotation>