<annotation><filename>m1_s06_144_p_ic053.jpg</filename><folder>users/joselusava//jacob_2/144ic</folder><source><submittedBy>Jose Saca</submittedBy></source><imagesize><nrows>2736</nrows><ncols>4100</ncols></imagesize><object><name>m1_s06_144_p_ic053</name><deleted>0</deleted><verified>0</verified><occluded>no</occluded><attributes></attributes><parts><hasparts></hasparts><ispartof></ispartof></parts><date>07-09-20 02:43:22:093</date><id>0</id><type>bounding_box</type><polygon><username>anonymous</username><pt><x>638</x><y>82</y><time>07-09-20 02:43:19:678</time></pt><pt><x>3715</x><y>82</y><time>07-09-20 02:43:21:364</time></pt><pt><x>3715</x><y>2611</y><time>undefined</time></pt><pt><x>638</x><y>2611</y><time>undefined</time></pt><closed_date>07-09-20 02:43:21:364</closed_date></polygon></object></annotation>