<annotation><filename>img_m1_s10_303_p_nic044.jpg</filename><folder>users/joselusava//santiago</folder><source><submittedBy>Jose Saca</submittedBy></source><imagesize><nrows>3200</nrows><ncols>4800</ncols></imagesize><object><name>m1_s10_303_p_nic044</name><deleted>0</deleted><verified>0</verified><occluded>no</occluded><attributes></attributes><parts><hasparts></hasparts><ispartof></ispartof></parts><date>01-09-20 21:22:24:018</date><id>0</id><type>bounding_box</type><polygon><username>anonymous</username><pt><x>3722</x><y>1141</y><time>01-09-20 21:22:16:586</time></pt><pt><x>4496</x><y>1141</y><time>01-09-20 21:22:17:883</time></pt><pt><x>4496</x><y>1929</y><time>undefined</time></pt><pt><x>3722</x><y>1929</y><time>undefined</time></pt><closed_date>01-09-20 21:22:17:885</closed_date></polygon></object></annotation>