<annotation><filename>m2_s01_010_p_ic025.jpg</filename><folder>users/joselusava//santiago</folder><source><submittedBy>Jose Saca</submittedBy></source><imagesize><nrows>2850</nrows><ncols>4271</ncols></imagesize><object><name>m2_s01_010_p_ic025</name><deleted>0</deleted><verified>0</verified><occluded>no</occluded><attributes></attributes><parts><hasparts></hasparts><ispartof></ispartof></parts><date>21-09-20 15:28:42:496</date><id>0</id><type>bounding_box</type><polygon><username>anonymous</username><pt><x>1407</x><y>510</y><time>21-09-20 15:28:34:302</time></pt><pt><x>2988</x><y>510</y><time>21-09-20 15:28:36:061</time></pt><pt><x>2988</x><y>2267</y><time>undefined</time></pt><pt><x>1407</x><y>2267</y><time>undefined</time></pt><closed_date>21-09-20 15:28:36:062</closed_date></polygon></object></annotation>