<annotation><filename>m2_s02_129_p_nic019.jpg</filename><folder>users/joselusava//m2_jsv/129/nic</folder><source><submittedBy>Jose Saca</submittedBy></source><imagesize><nrows>2910</nrows><ncols>4361</ncols></imagesize><object><name>m2_s02_129_p_nic019</name><deleted>0</deleted><verified>0</verified><occluded>no</occluded><attributes></attributes><parts><hasparts></hasparts><ispartof></ispartof></parts><date>24-09-20 19:50:23:779</date><id>0</id><type>bounding_box</type><polygon><username>anonymous</username><pt><x>1288</x><y>1900</y><time>24-09-20 19:50:19:817</time></pt><pt><x>173</x><y>1900</y><time>24-09-20 19:50:20:974</time></pt><pt><x>173</x><y>957</y><time>undefined</time></pt><pt><x>1288</x><y>957</y><time>undefined</time></pt><closed_date>24-09-20 19:50:20:975</closed_date></polygon></object></annotation>