<annotation><filename>m1_s01_001_p_nic001.jpg</filename><folder>users/joselusava//juancarlos</folder><source><submittedBy>Jose Saca</submittedBy></source><imagesize><nrows>3200</nrows><ncols>4800</ncols></imagesize><object><name>m1_s01_001_p_nic001</name><deleted>0</deleted><verified>0</verified><occluded>no</occluded><attributes></attributes><parts><hasparts></hasparts><ispartof></ispartof></parts><date>02-09-20 11:20:12:807</date><id>0</id><type>bounding_box</type><polygon><username>anonymous</username><pt><x>2806</x><y>2130</y><time>02-09-20 11:20:06:561</time></pt><pt><x>4054</x><y>2130</y><time>02-09-20 11:20:08:849</time></pt><pt><x>4054</x><y>2995</y><time>undefined</time></pt><pt><x>2806</x><y>2995</y><time>undefined</time></pt><closed_date>02-09-20 11:20:08:849</closed_date></polygon></object></annotation>