<annotation><filename>m2_s03_252_p_nic054.jpg</filename><folder>users/joselusava//valeria/m2_sala03_252_nic</folder><source><submittedBy>Jose Saca</submittedBy></source><imagesize><nrows>2910</nrows><ncols>4361</ncols></imagesize><object><name>m2_s06_252_p_nic054</name><deleted>0</deleted><verified>0</verified><occluded>no</occluded><attributes></attributes><parts><hasparts></hasparts><ispartof></ispartof></parts><date>26-09-20 21:48:27:905</date><id>0</id><type>bounding_box</type><polygon><username>anonymous</username><pt><x>2458</x><y>1108</y><time>26-09-20 21:48:23:754</time></pt><pt><x>4117</x><y>1108</y><time>26-09-20 21:48:25:272</time></pt><pt><x>4117</x><y>2221</y><time>undefined</time></pt><pt><x>2458</x><y>2221</y><time>undefined</time></pt><closed_date>26-09-20 21:48:25:273</closed_date></polygon></object></annotation>