<annotation><filename>m2_s01_034_p_nic086.jpg</filename><folder>users/joselusava//kath</folder><source><submittedBy>Jose Saca</submittedBy></source><imagesize><nrows>2850</nrows><ncols>4271</ncols></imagesize><object><name>m2_s01_034_p_nic086</name><deleted>0</deleted><verified>0</verified><occluded>no</occluded><attributes></attributes><parts><hasparts></hasparts><ispartof></ispartof></parts><date>25-09-20 20:58:33:397</date><id>0</id><type>bounding_box</type><polygon><username>anonymous</username><pt><x>2800</x><y>251</y><time>25-09-20 20:58:27:138</time></pt><pt><x>3588</x><y>251</y><time>25-09-20 20:58:29:373</time></pt><pt><x>3588</x><y>1489</y><time>undefined</time></pt><pt><x>2800</x><y>1489</y><time>undefined</time></pt><closed_date>25-09-20 20:58:29:374</closed_date></polygon></object></annotation>