<annotation><filename>m2_s03_219_p_ic065.jpg</filename><folder>users/joselusava//valeria/m2_sala03_219_ic</folder><source><submittedBy>Jose Saca</submittedBy></source><imagesize><nrows>2910</nrows><ncols>4361</ncols></imagesize><object><name>m2_s03_219_p_ic065</name><deleted>0</deleted><verified>0</verified><occluded>no</occluded><attributes></attributes><parts><hasparts></hasparts><ispartof></ispartof></parts><date>29-09-20 00:50:31:133</date><id>0</id><type>bounding_box</type><polygon><username>anonymous</username><pt><x>2717</x><y>127</y><time>29-09-20 00:50:25:377</time></pt><pt><x>1609</x><y>127</y><time>29-09-20 00:50:27:638</time></pt><pt><x>1609</x><y>2750</y><time>undefined</time></pt><pt><x>2717</x><y>2750</y><time>undefined</time></pt><closed_date>29-09-20 00:50:27:640</closed_date></polygon></object></annotation>