<annotation><filename>m3_s01_013_p_ic040.jpg</filename><folder>users/joselusava//valeria/m03_s01_13_ic</folder><source><submittedBy>Jose Saca</submittedBy></source><imagesize><nrows>2970</nrows><ncols>4451</ncols></imagesize><object><name>m3_s01_013_p_ic039</name><deleted>0</deleted><verified>0</verified><occluded>no</occluded><attributes></attributes><parts><hasparts></hasparts><ispartof></ispartof></parts><date>29-10-20 13:43:31:513</date><id>0</id><type>bounding_box</type><polygon><username>anonymous</username><pt><x>3884</x><y>2770</y><time>29-10-20 13:43:24:468</time></pt><pt><x>537</x><y>2770</y><time>29-10-20 13:43:27:892</time></pt><pt><x>537</x><y>303</y><time>undefined</time></pt><pt><x>3884</x><y>303</y><time>undefined</time></pt><closed_date>29-10-20 13:43:27:893</closed_date></polygon></object></annotation>