<annotation><filename>m1_s02_036_p_ic013.jpg</filename><folder>users/joselusava//valeria/sala2_036_ic</folder><source><submittedBy>Jose Saca</submittedBy></source><imagesize><nrows>3200</nrows><ncols>4800</ncols></imagesize><object><name>m1_s01_036_p_ic013</name><deleted>0</deleted><verified>0</verified><occluded>no</occluded><attributes></attributes><parts><hasparts></hasparts><ispartof></ispartof></parts><date>23-08-20 01:26:54:224</date><id>0</id><type>bounding_box</type><polygon><username>anonymous</username><pt><x>993</x><y>864</y><time>23-08-20 01:26:47:803</time></pt><pt><x>3066</x><y>864</y><time>23-08-20 01:26:50:385</time></pt><pt><x>3066</x><y>2792</y><time>undefined</time></pt><pt><x>993</x><y>2792</y><time>undefined</time></pt><closed_date>23-08-20 01:26:50:386</closed_date></polygon></object></annotation>