<annotation><filename>m1_s06_162_x.jpg</filename><folder>users/joselusava//jacob_2/sala6</folder><source><submittedBy>Jose Saca</submittedBy></source><imagesize><nrows>2736</nrows><ncols>4100</ncols></imagesize><object><name>m1_s06_162_x</name><deleted>0</deleted><verified>0</verified><occluded>no</occluded><attributes></attributes><parts><hasparts></hasparts><ispartof></ispartof></parts><date>06-09-20 01:43:20:640</date><id>0</id><type>bounding_box</type><polygon><username>anonymous</username><pt><x>913</x><y>2568</y><time>06-09-20 01:43:17:158</time></pt><pt><x>2951</x><y>2568</y><time>06-09-20 01:43:19:717</time></pt><pt><x>2951</x><y>155</y><time>undefined</time></pt><pt><x>913</x><y>155</y><time>undefined</time></pt><closed_date>06-09-20 01:43:19:717</closed_date></polygon></object></annotation>