<annotation><filename>m2_s01_010_p_nic028.jpg</filename><folder>users/joselusava//santiago</folder><source><submittedBy>Jose Saca</submittedBy></source><imagesize><nrows>2850</nrows><ncols>4271</ncols></imagesize><object><name>m2_s01_010_p_nic028</name><deleted>0</deleted><verified>0</verified><occluded>no</occluded><attributes></attributes><parts><hasparts></hasparts><ispartof></ispartof></parts><date>22-09-20 20:22:43:982</date><id>0</id><type>bounding_box</type><polygon><username>anonymous</username><pt><x>1568</x><y>484</y><time>22-09-20 20:22:36:538</time></pt><pt><x>2529</x><y>484</y><time>22-09-20 20:22:37:847</time></pt><pt><x>2529</x><y>1356</y><time>undefined</time></pt><pt><x>1568</x><y>1356</y><time>undefined</time></pt><closed_date>22-09-20 20:22:37:849</closed_date></polygon></object></annotation>