<annotation><filename>m4_s10_154_p_nic010.jpg</filename><folder>users/joselusava//valeria/m04_s10_154_nic</folder><source><submittedBy>Jose Saca</submittedBy></source><imagesize><nrows>2970</nrows><ncols>4451</ncols></imagesize><object><name>m4_s10_154_p_nic010</name><deleted>0</deleted><verified>0</verified><occluded>no</occluded><attributes></attributes><parts><hasparts></hasparts><ispartof></ispartof></parts><date>13-10-20 23:37:16:949</date><id>0</id><type>bounding_box</type><polygon><username>anonymous</username><pt><x>2062</x><y>1891</y><time>13-10-20 23:37:11:784</time></pt><pt><x>3730</x><y>1891</y><time>13-10-20 23:37:13:734</time></pt><pt><x>3730</x><y>143</y><time>undefined</time></pt><pt><x>2062</x><y>143</y><time>undefined</time></pt><closed_date>13-10-20 23:37:13:735</closed_date></polygon></object></annotation>