<annotation><filename>m4_s07_105_p_nic016.jpg</filename><folder>users/joselusava//kath/m4_105/nic</folder><source><submittedBy>Jose Saca</submittedBy></source><imagesize><nrows>2970</nrows><ncols>4451</ncols></imagesize><object><name>m4_s07_105_p_nic016</name><deleted>0</deleted><verified>0</verified><occluded>no</occluded><attributes></attributes><parts><hasparts></hasparts><ispartof></ispartof></parts><date>29-10-20 09:30:42:517</date><id>0</id><type>bounding_box</type><polygon><username>anonymous</username><pt><x>312</x><y>2215</y><time>29-10-20 09:30:35:800</time></pt><pt><x>1230</x><y>2215</y><time>29-10-20 09:30:40:044</time></pt><pt><x>1230</x><y>649</y><time>undefined</time></pt><pt><x>312</x><y>649</y><time>undefined</time></pt><closed_date>29-10-20 09:30:40:044</closed_date></polygon></object></annotation>