<annotation><filename>m1_s01_017_p_nic019.jpg</filename><folder>users/joselusava//santiago</folder><source><submittedBy>Jose Saca</submittedBy></source><imagesize><nrows>3200</nrows><ncols>4800</ncols></imagesize><object><name>m1_s01_017_p_nic019</name><deleted>0</deleted><verified>0</verified><occluded>no</occluded><attributes></attributes><parts><hasparts></hasparts><ispartof></ispartof></parts><date>11-09-20 18:39:29:371</date><id>0</id><type>bounding_box</type><polygon><username>anonymous</username><pt><x>3909</x><y>2412</y><time>11-09-20 18:39:21:269</time></pt><pt><x>4456</x><y>2412</y><time>11-09-20 18:39:23:079</time></pt><pt><x>4456</x><y>2908</y><time>undefined</time></pt><pt><x>3909</x><y>2908</y><time>undefined</time></pt><closed_date>11-09-20 18:39:23:080</closed_date></polygon></object></annotation>