<annotation><filename>m4_s11_178_p_ic030.jpg</filename><folder>users/joselusava//santiago_2</folder><source><submittedBy>Jose Saca</submittedBy></source><imagesize><nrows>2970</nrows><ncols>4451</ncols></imagesize><object><name>m4_s11_178_p_ic030</name><deleted>0</deleted><verified>0</verified><occluded>no</occluded><attributes></attributes><parts><hasparts></hasparts><ispartof></ispartof></parts><date>15-10-20 21:28:41:221</date><id>0</id><type>bounding_box</type><polygon><username>anonymous</username><pt><x>1439</x><y>828</y><time>15-10-20 21:28:37:677</time></pt><pt><x>2870</x><y>828</y><time>15-10-20 21:28:39:410</time></pt><pt><x>2870</x><y>2228</y><time>undefined</time></pt><pt><x>1439</x><y>2228</y><time>undefined</time></pt><closed_date>15-10-20 21:28:39:410</closed_date></polygon></object></annotation>