<annotation><filename>m1_s02_029_p_nic010.jpg</filename><folder>users/joselusava//museos2020</folder><source><submittedBy>Jose Saca</submittedBy></source><imagesize><nrows>3200</nrows><ncols>4800</ncols></imagesize><object><name>m1_s02_029_p_nic010</name><deleted>0</deleted><verified>0</verified><occluded>no</occluded><attributes></attributes><parts><hasparts></hasparts><ispartof></ispartof></parts><date>27-08-20 18:24:53:644</date><id>0</id><type>bounding_box</type><polygon><username>anonymous</username><pt><x>2980</x><y>1632</y><time>27-08-20 18:24:47:778</time></pt><pt><x>4209</x><y>1632</y><time>27-08-20 18:24:49:723</time></pt><pt><x>4209</x><y>2835</y><time>undefined</time></pt><pt><x>2980</x><y>2835</y><time>undefined</time></pt><closed_date>27-08-20 18:24:49:724</closed_date></polygon></object></annotation>