<annotation><filename>m1_s02_039_x.jpg</filename><folder>users/joselusava//valeria/sala2</folder><source><submittedBy>Jose Saca</submittedBy></source><imagesize><nrows>3200</nrows><ncols>4800</ncols></imagesize><object><name>m1_s02_038_x</name><deleted>0</deleted><verified>0</verified><occluded>no</occluded><attributes/><parts><hasparts/><ispartof/></parts><date>28-08-20 11:24:21:956</date><id>0</id><type>bounding_box</type><polygon><username>anonymous</username><pt><x>4365</x><y>3060</y><time>28-08-20 11:24:13:056</time></pt><pt><x>548</x><y>3060</y><time>28-08-20 11:24:16:966</time></pt><pt><x>548</x><y>263</y><time>undefined</time></pt><pt><x>4365</x><y>263</y><time>undefined</time></pt><closed_date>28-08-20 11:24:16:968</closed_date></polygon></object><object><name>m1_s02_039_x</name><deleted>0</deleted><verified>0</verified><occluded>no</occluded><attributes></attributes><parts><hasparts></hasparts><ispartof></ispartof></parts><date>28-08-20 18:27:27:789</date><id>1</id><type>bounding_box</type><polygon><username>anonymous</username><pt><x>548</x><y>247</y><time>28-08-20 18:24:52:796</time></pt><pt><x>4365</x><y>247</y><time>28-08-20 18:24:56:444</time></pt><pt><x>4365</x><y>3066</y><time>undefined</time></pt><pt><x>548</x><y>3066</y><time>undefined</time></pt><closed_date>28-08-20 18:24:56:446</closed_date></polygon></object></annotation>