<annotation><filename>m1_s01_005_p.jpg</filename><folder>users/joselusava//jacob/sala1/ic</folder><source><submittedBy>Jose Saca</submittedBy></source><imagesize><nrows>2000</nrows><ncols>2992</ncols></imagesize><object><name>m1_s01_005_p</name><deleted>0</deleted><verified>0</verified><occluded>no</occluded><attributes></attributes><parts><hasparts></hasparts><ispartof></ispartof></parts><date>14-09-20 17:20:45:214</date><id>0</id><type>bounding_box</type><polygon><username>anonymous</username><pt><x>2040</x><y>1689</y><time>14-09-20 17:20:39:053</time></pt><pt><x>761</x><y>1689</y><time>14-09-20 17:20:40:654</time></pt><pt><x>761</x><y>262</y><time>undefined</time></pt><pt><x>2040</x><y>262</y><time>undefined</time></pt><closed_date>14-09-20 17:20:40:656</closed_date></polygon></object></annotation>