<annotation><filename>m4_s04_045_p_ic076.jpg</filename><folder>users/joselusava//valeria/m04_s04_45_ic</folder><source><submittedBy>Jose Saca</submittedBy></source><imagesize><nrows>2970</nrows><ncols>4451</ncols></imagesize><object><name>m4_s04_045_p_ic076</name><deleted>0</deleted><verified>0</verified><occluded>no</occluded><attributes></attributes><parts><hasparts></hasparts><ispartof></ispartof></parts><date>19-10-20 23:34:23:845</date><id>0</id><type>bounding_box</type><polygon><username>anonymous</username><pt><x>1388</x><y>2890</y><time>19-10-20 23:34:17:736</time></pt><pt><x>2776</x><y>2890</y><time>19-10-20 23:34:20:065</time></pt><pt><x>2776</x><y>423</y><time>undefined</time></pt><pt><x>1388</x><y>423</y><time>undefined</time></pt><closed_date>19-10-20 23:34:20:067</closed_date></polygon></object></annotation>