<annotation><filename>m2_s05_236_p_ic091.jpg</filename><folder>users/joselusava//museos2020</folder><source><submittedBy>Jose Saca</submittedBy></source><imagesize><nrows>2910</nrows><ncols>4361</ncols></imagesize><object><name>m2_s05_236_p_ic091</name><deleted>0</deleted><verified>0</verified><occluded>no</occluded><attributes></attributes><parts><hasparts></hasparts><ispartof></ispartof></parts><date>16-09-20 19:30:40:247</date><id>0</id><type>bounding_box</type><polygon><username>anonymous</username><pt><x>628</x><y>149</y><time>16-09-20 19:30:30:376</time></pt><pt><x>4067</x><y>149</y><time>16-09-20 19:30:31:748</time></pt><pt><x>4067</x><y>2822</y><time>undefined</time></pt><pt><x>628</x><y>2822</y><time>undefined</time></pt><closed_date>16-09-20 19:30:31:750</closed_date></polygon></object></annotation>