<annotation><filename>m1_s06_168_p_nic100.jpg</filename><folder>users/joselusava//jacob_2/168nic</folder><source><submittedBy>Jose Saca</submittedBy></source><imagesize><nrows>2736</nrows><ncols>4100</ncols></imagesize><object><name>m1_s06_168_p_nic100</name><deleted>0</deleted><verified>0</verified><occluded>no</occluded><attributes></attributes><parts><hasparts></hasparts><ispartof></ispartof></parts><date>09-09-20 11:04:41:501</date><id>0</id><type>bounding_box</type><polygon><username>anonymous</username><pt><x>712</x><y>1989</y><time>09-09-20 11:04:38:967</time></pt><pt><x>1629</x><y>1989</y><time>09-09-20 11:04:40:499</time></pt><pt><x>1629</x><y>450</y><time>undefined</time></pt><pt><x>712</x><y>450</y><time>undefined</time></pt><closed_date>09-09-20 11:04:40:500</closed_date></polygon></object></annotation>