<annotation><filename>m4_s12_186_p_ic004.jpg</filename><folder>users/joselusava//m4_js/186/ic</folder><source><submittedBy>Jose Saca</submittedBy></source><imagesize><nrows>3899</nrows><ncols>5844</ncols></imagesize><object><name>m4_s12_186_p_ic004</name><deleted>0</deleted><verified>0</verified><occluded>no</occluded><attributes></attributes><parts><hasparts></hasparts><ispartof></ispartof></parts><date>18-10-20 10:11:42:313</date><id>0</id><type>bounding_box</type><polygon><username>anonymous</username><pt><x>1936</x><y>198</y><time>18-10-20 10:11:40:269</time></pt><pt><x>3884</x><y>198</y><time>18-10-20 10:11:41:589</time></pt><pt><x>3884</x><y>3674</y><time>undefined</time></pt><pt><x>1936</x><y>3674</y><time>undefined</time></pt><closed_date>18-10-20 10:11:41:590</closed_date></polygon></object></annotation>