<annotation><filename>m2_s01_024_p_nic023.jpg</filename><folder>users/joselusava//santiago</folder><source><submittedBy>Jose Saca</submittedBy></source><imagesize><nrows>2850</nrows><ncols>4271</ncols></imagesize><object><name>m2_s01_024_p_nic023</name><deleted>0</deleted><verified>0</verified><occluded>no</occluded><attributes></attributes><parts><hasparts></hasparts><ispartof></ispartof></parts><date>25-09-20 13:50:54:936</date><id>0</id><type>bounding_box</type><polygon><username>anonymous</username><pt><x>2558</x><y>962</y><time>25-09-20 13:50:48:614</time></pt><pt><x>3501</x><y>962</y><time>25-09-20 13:50:49:687</time></pt><pt><x>3501</x><y>2433</y><time>undefined</time></pt><pt><x>2558</x><y>2433</y><time>undefined</time></pt><closed_date>25-09-20 13:50:49:688</closed_date></polygon></object></annotation>