<annotation><filename>m4_s05_052_p_ic023.jpg</filename><folder>users/joselusava//santiago_2</folder><source><submittedBy>Jose Saca</submittedBy></source><imagesize><nrows>2910</nrows><ncols>4361</ncols></imagesize><object><name>m4_s05_052_p_ic023</name><deleted>0</deleted><verified>0</verified><occluded>no</occluded><attributes></attributes><parts><hasparts></hasparts><ispartof></ispartof></parts><date>07-10-20 16:32:00:248</date><id>0</id><type>bounding_box</type><polygon><username>anonymous</username><pt><x>1361</x><y>430</y><time>07-10-20 16:31:56:114</time></pt><pt><x>2803</x><y>430</y><time>07-10-20 16:31:57:652</time></pt><pt><x>2803</x><y>2422</y><time>undefined</time></pt><pt><x>1361</x><y>2422</y><time>undefined</time></pt><closed_date>07-10-20 16:31:57:653</closed_date></polygon></object></annotation>