<annotation><filename>m2_s02_085_p_nic066.jpg</filename><folder>users/joselusava//m2_jsv/85/nic</folder><source><submittedBy>Jose Saca</submittedBy></source><imagesize><nrows>2910</nrows><ncols>4361</ncols></imagesize><object><name>m2_s02_085_p_nic066</name><deleted>0</deleted><verified>0</verified><occluded>no</occluded><attributes></attributes><parts><hasparts></hasparts><ispartof></ispartof></parts><date>19-09-20 22:50:51:280</date><id>0</id><type>bounding_box</type><polygon><username>anonymous</username><pt><x>78</x><y>183</y><time>19-09-20 22:50:49:635</time></pt><pt><x>1027</x><y>183</y><time>19-09-20 22:50:50:742</time></pt><pt><x>1027</x><y>1105</y><time>undefined</time></pt><pt><x>78</x><y>1105</y><time>undefined</time></pt><closed_date>19-09-20 22:50:50:742</closed_date></polygon></object></annotation>