<annotation><filename>m2_s01_058_p_nic027.jpg</filename><folder>users/joselusava//m2_jsv/58/nic</folder><source><submittedBy>Jose Saca</submittedBy></source><imagesize><nrows>2850</nrows><ncols>4271</ncols></imagesize><object><name>m2_s01_058_p_nic027</name><deleted>0</deleted><verified>0</verified><occluded>no</occluded><attributes></attributes><parts><hasparts></hasparts><ispartof></ispartof></parts><date>29-09-20 23:00:38:566</date><id>0</id><type>bounding_box</type><polygon><username>anonymous</username><pt><x>3896</x><y>1381</y><time>29-09-20 23:00:36:498</time></pt><pt><x>2242</x><y>1381</y><time>29-09-20 23:00:37:770</time></pt><pt><x>2242</x><y>2762</y><time>undefined</time></pt><pt><x>3896</x><y>2762</y><time>undefined</time></pt><closed_date>29-09-20 23:00:37:771</closed_date></polygon></object></annotation>