<annotation><filename>m3_s01_003_x.jpg</filename><folder>users/joselusava//kath/m3_x</folder><source><submittedBy>Jose Saca</submittedBy></source><imagesize><nrows>2970</nrows><ncols>4451</ncols></imagesize><object><name>m3_s01_003_x</name><deleted>0</deleted><verified>0</verified><occluded>no</occluded><attributes></attributes><parts><hasparts></hasparts><ispartof></ispartof></parts><date>08-11-20 12:25:20:234</date><id>0</id><type>bounding_box</type><polygon><username>anonymous</username><pt><x>303</x><y>2480</y><time>08-11-20 12:25:10:402</time></pt><pt><x>3806</x><y>2480</y><time>08-11-20 12:25:16:826</time></pt><pt><x>3806</x><y>216</y><time>undefined</time></pt><pt><x>303</x><y>216</y><time>undefined</time></pt><closed_date>08-11-20 12:25:16:826</closed_date></polygon></object></annotation>