<annotation><filename>m4_s05_052_p_ic071.jpg</filename><folder>users/joselusava//santiago_2</folder><source><submittedBy>Jose Saca</submittedBy></source><imagesize><nrows>2910</nrows><ncols>4361</ncols></imagesize><object><name>m4_s05_052_p_ic071</name><deleted>0</deleted><verified>0</verified><occluded>no</occluded><attributes></attributes><parts><hasparts></hasparts><ispartof></ispartof></parts><date>07-10-20 22:51:15:790</date><id>0</id><type>bounding_box</type><polygon><username>anonymous</username><pt><x>1247</x><y>620</y><time>07-10-20 22:51:11:701</time></pt><pt><x>2993</x><y>620</y><time>07-10-20 22:51:13:470</time></pt><pt><x>2993</x><y>2470</y><time>undefined</time></pt><pt><x>1247</x><y>2470</y><time>undefined</time></pt><closed_date>07-10-20 22:51:13:471</closed_date></polygon></object></annotation>