<annotation><filename>m4_s01_001_x.jpg</filename><folder>users/joselusava//kath/m4_x</folder><source><submittedBy>Jose Saca</submittedBy></source><imagesize><nrows>2910</nrows><ncols>4361</ncols></imagesize><object><name>m4_s01_001_x</name><deleted>0</deleted><verified>0</verified><occluded>no</occluded><attributes></attributes><parts><hasparts></hasparts><ispartof></ispartof></parts><date>19-10-20 20:17:22:914</date><id>0</id><polygon><username>anonymous</username><pt><x>233</x><y>445</y><time>19-10-20 20:16:22:793</time></pt><pt><x>302</x><y>2379</y><time>19-10-20 20:16:24:442</time></pt><pt><x>3774</x><y>2293</y><time>19-10-20 20:16:26:820</time></pt><pt><x>3825</x><y>427</y><time>19-10-20 20:16:28:584</time></pt><closed_date>19-10-20 20:16:30:495</closed_date></polygon></object></annotation>