<annotation><filename>m4_s12_185_p_nic078.jpg</filename><folder>users/joselusava//valeria/m04_s12_185_nic</folder><source><submittedBy>Jose Saca</submittedBy></source><imagesize><nrows>2910</nrows><ncols>4361</ncols></imagesize><object><name>m4_s12_185_p_nic078</name><deleted>0</deleted><verified>0</verified><occluded>no</occluded><attributes></attributes><parts><hasparts></hasparts><ispartof></ispartof></parts><date>17-10-20 23:48:14:350</date><id>0</id><type>bounding_box</type><polygon><username>anonymous</username><pt><x>4169</x><y>2518</y><time>17-10-20 23:48:08:521</time></pt><pt><x>1287</x><y>2518</y><time>17-10-20 23:48:11:115</time></pt><pt><x>1287</x><y>179</y><time>undefined</time></pt><pt><x>4169</x><y>179</y><time>undefined</time></pt><closed_date>17-10-20 23:48:11:117</closed_date></polygon></object></annotation>