<annotation><filename>m1_s02_029_p_ic002.jpg</filename><folder>users/joselusava///valeria/sala2_029_ic</folder><source><sourceImage>The MIT-CSAIL database of objects and scenes</sourceImage><sourceAnnotation>LabelMe Webtool</sourceAnnotation></source><object><name>m1_s02_052_p_ic002</name><deleted>0</deleted><verified>0</verified><occluded>no</occluded><attributes></attributes><parts><hasparts></hasparts><ispartof></ispartof></parts><date>22-08-20 16:30:38:841</date><id>0</id><type>bounding_box</type><polygon><username>anonymous</username><pt><x>482</x><y>104</y><time>22-08-20 16:28:54:348</time></pt><pt><x>2437</x><y>104</y><time>22-08-20 16:29:05:999</time></pt><pt><x>2437</x><y>1993</y><time>undefined</time></pt><pt><x>482</x><y>1993</y><time>undefined</time></pt><closed_date>22-08-20 16:29:06:001</closed_date></polygon></object><imagesize><nrows></nrows><ncols></ncols></imagesize></annotation>