<annotation><filename>m4_s06_089_p_ic017.jpg</filename><folder>users/joselusava//santiago_2</folder><source><submittedBy>Jose Saca</submittedBy></source><imagesize><nrows>2970</nrows><ncols>4451</ncols></imagesize><object><name>m4_s06_089_p_ic017</name><deleted>0</deleted><verified>0</verified><occluded>no</occluded><attributes></attributes><parts><hasparts></hasparts><ispartof></ispartof></parts><date>10-10-20 22:44:44:884</date><id>0</id><type>bounding_box</type><polygon><username>anonymous</username><pt><x>1446</x><y>438</y><time>10-10-20 22:44:38:243</time></pt><pt><x>3189</x><y>438</y><time>10-10-20 22:44:39:405</time></pt><pt><x>3189</x><y>2475</y><time>undefined</time></pt><pt><x>1446</x><y>2475</y><time>undefined</time></pt><closed_date>10-10-20 22:44:39:406</closed_date></polygon></object></annotation>