<annotation><filename>m4_s02_021_p_nic093.jpg</filename><folder>users/joselusava//santiago_2</folder><source><submittedBy>Jose Saca</submittedBy></source><imagesize><nrows>2910</nrows><ncols>4361</ncols></imagesize><object><name>m4_s02_021_p_nic093</name><deleted>0</deleted><verified>0</verified><occluded>no</occluded><attributes></attributes><parts><hasparts></hasparts><ispartof></ispartof></parts><date>05-10-20 11:58:52:058</date><id>0</id><type>bounding_box</type><polygon><username>anonymous</username><pt><x>741</x><y>388</y><time>05-10-20 11:58:48:476</time></pt><pt><x>1763</x><y>388</y><time>05-10-20 11:58:50:171</time></pt><pt><x>1763</x><y>2269</y><time>undefined</time></pt><pt><x>741</x><y>2269</y><time>undefined</time></pt><closed_date>05-10-20 11:58:50:171</closed_date></polygon></object></annotation>