<annotation><filename>m2_s01_018_p_nic047.jpg</filename><folder>users/joselusava//santiago_2</folder><source><submittedBy>Jose Saca</submittedBy></source><imagesize><nrows>2850</nrows><ncols>4271</ncols></imagesize><object><name>m2_s01_018_p_nic047</name><deleted>0</deleted><verified>0</verified><occluded>no</occluded><attributes></attributes><parts><hasparts></hasparts><ispartof></ispartof></parts><date>28-09-20 21:51:58:613</date><id>0</id><type>bounding_box</type><polygon><username>anonymous</username><pt><x>1077</x><y>1988</y><time>28-09-20 21:51:53:155</time></pt><pt><x>1568</x><y>1988</y><time>28-09-20 21:51:53:789</time></pt><pt><x>1568</x><y>2568</y><time>undefined</time></pt><pt><x>1077</x><y>2568</y><time>undefined</time></pt><closed_date>28-09-20 21:51:53:790</closed_date></polygon></object></annotation>