<annotation><filename>img_m1_s10_303_p_nic065.jpg</filename><folder>users/joselusava//santiago</folder><source><submittedBy>Jose Saca</submittedBy></source><imagesize><nrows>3200</nrows><ncols>4800</ncols></imagesize><object><name>m1_s10_303_p_nic065</name><deleted>0</deleted><verified>0</verified><occluded>no</occluded><attributes></attributes><parts><hasparts></hasparts><ispartof></ispartof></parts><date>01-09-20 22:17:32:551</date><id>0</id><type>bounding_box</type><polygon><username>anonymous</username><pt><x>1263</x><y>2135</y><time>01-09-20 22:17:24:479</time></pt><pt><x>1987</x><y>2135</y><time>01-09-20 22:17:25:552</time></pt><pt><x>1987</x><y>2941</y><time>undefined</time></pt><pt><x>1263</x><y>2941</y><time>undefined</time></pt><closed_date>01-09-20 22:17:25:553</closed_date></polygon></object></annotation>