<annotation><filename>m2_s01_022_x.jpg</filename><folder>users/joselusava//santiago</folder><source><submittedBy>Jose Saca</submittedBy></source><imagesize><nrows>2850</nrows><ncols>4271</ncols></imagesize><object><name>m2_s01_022_x</name><deleted>0</deleted><verified>0</verified><occluded>no</occluded><attributes></attributes><parts><hasparts></hasparts><ispartof></ispartof></parts><date>21-09-20 13:48:04:802</date><id>0</id><type>bounding_box</type><polygon><username>anonymous</username><pt><x>853</x><y>199</y><time>21-09-20 13:47:51:517</time></pt><pt><x>3344</x><y>199</y><time>21-09-20 13:47:56:117</time></pt><pt><x>3344</x><y>2638</y><time>undefined</time></pt><pt><x>853</x><y>2638</y><time>undefined</time></pt><closed_date>21-09-20 13:47:56:119</closed_date></polygon></object></annotation>