<annotation><filename>m4_s05_052_p_ic022.jpg</filename><folder>users/joselusava//santiago_2</folder><source><submittedBy>Jose Saca</submittedBy></source><imagesize><nrows>2910</nrows><ncols>4361</ncols></imagesize><object><name>m4_s05_052_p_ic022</name><deleted>0</deleted><verified>0</verified><occluded>no</occluded><attributes></attributes><parts><hasparts></hasparts><ispartof></ispartof></parts><date>07-10-20 16:30:37:057</date><id>0</id><type>bounding_box</type><polygon><username>anonymous</username><pt><x>1278</x><y>544</y><time>07-10-20 16:30:33:547</time></pt><pt><x>2778</x><y>544</y><time>07-10-20 16:30:34:900</time></pt><pt><x>2778</x><y>2290</y><time>undefined</time></pt><pt><x>1278</x><y>2290</y><time>undefined</time></pt><closed_date>07-10-20 16:30:34:901</closed_date></polygon></object></annotation>