<annotation><filename>m2_s06_244_p_nic028.jpg</filename><folder>users/joselusava//museos2020</folder><source><submittedBy>Jose Saca</submittedBy></source><imagesize><nrows>2910</nrows><ncols>4361</ncols></imagesize><object><name>m2_s06_244_p_ic028</name><deleted>0</deleted><verified>0</verified><occluded>no</occluded><attributes></attributes><parts><hasparts></hasparts><ispartof></ispartof></parts><date>25-09-20 18:42:21:118</date><id>0</id><type>bounding_box</type><polygon><username>anonymous</username><pt><x>2389</x><y>1864</y><time>25-09-20 18:42:14:896</time></pt><pt><x>4123</x><y>1864</y><time>25-09-20 18:42:16:427</time></pt><pt><x>4123</x><y>2654</y><time>undefined</time></pt><pt><x>2389</x><y>2654</y><time>undefined</time></pt><closed_date>25-09-20 18:42:16:427</closed_date></polygon></object></annotation>