<annotation><filename>m4_s09_138_p_nic086.jpg</filename><folder>users/joselusava//santiago_2</folder><source><submittedBy>Jose Saca</submittedBy></source><imagesize><nrows>2970</nrows><ncols>4451</ncols></imagesize><object><name>m4_s09_138_p_nic086</name><deleted>0</deleted><verified>0</verified><occluded>no</occluded><attributes></attributes><parts><hasparts></hasparts><ispartof></ispartof></parts><date>23-10-20 14:31:47:014</date><id>0</id><type>bounding_box</type><polygon><username>anonymous</username><pt><x>171</x><y>1356</y><time>23-10-20 14:31:44:103</time></pt><pt><x>2888</x><y>1356</y><time>23-10-20 14:31:45:296</time></pt><pt><x>2888</x><y>2620</y><time>undefined</time></pt><pt><x>171</x><y>2620</y><time>undefined</time></pt><closed_date>23-10-20 14:31:45:298</closed_date></polygon></object></annotation>