<annotation><filename>m4_s05_052_p_nic081.jpg</filename><folder>users/joselusava//santiago_2</folder><source><submittedBy>Jose Saca</submittedBy></source><imagesize><nrows>2910</nrows><ncols>4361</ncols></imagesize><object><name>m4_s05_052_p_nic081</name><deleted>0</deleted><verified>0</verified><occluded>no</occluded><attributes></attributes><parts><hasparts></hasparts><ispartof></ispartof></parts><date>08-10-20 22:32:45:103</date><id>0</id><type>bounding_box</type><polygon><username>anonymous</username><pt><x>2875</x><y>561</y><time>08-10-20 22:32:40:966</time></pt><pt><x>4064</x><y>561</y><time>08-10-20 22:32:42:840</time></pt><pt><x>4064</x><y>2075</y><time>undefined</time></pt><pt><x>2875</x><y>2075</y><time>undefined</time></pt><closed_date>08-10-20 22:32:42:841</closed_date></polygon></object></annotation>