<annotation><filename>m4_s04_047_p_nic091.jpg</filename><folder>users/joselusava//kath/kath_m4_047/nic</folder><source><submittedBy>Jose Saca</submittedBy></source><imagesize><nrows>2970</nrows><ncols>4451</ncols></imagesize><object><name>m4_s04_047_p_nic091</name><deleted>0</deleted><verified>0</verified><occluded>no</occluded><attributes></attributes><parts><hasparts></hasparts><ispartof></ispartof></parts><date>24-10-20 20:07:55:766</date><id>0</id><type>bounding_box</type><polygon><username>anonymous</username><pt><x>579</x><y>2576</y><time>24-10-20 20:07:51:299</time></pt><pt><x>1574</x><y>2576</y><time>24-10-20 20:07:53:310</time></pt><pt><x>1574</x><y>349</y><time>undefined</time></pt><pt><x>579</x><y>349</y><time>undefined</time></pt><closed_date>24-10-20 20:07:53:311</closed_date></polygon></object></annotation>