<annotation><filename>m2_s02_145_x.jpg</filename><folder>users/joselusava//m2_jsv</folder><source><submittedBy>Jose Saca</submittedBy></source><imagesize><nrows>2910</nrows><ncols>4361</ncols></imagesize><object><name>m2_s02_144_x</name><deleted>0</deleted><verified>0</verified><occluded>no</occluded><attributes></attributes><parts><hasparts></hasparts><ispartof></ispartof></parts><date>19-09-20 23:36:06:756</date><id>0</id><type>bounding_box</type><polygon><username>anonymous</username><pt><x>992</x><y>331</y><time>19-09-20 23:36:04:719</time></pt><pt><x>3212</x><y>331</y><time>19-09-20 23:36:06:086</time></pt><pt><x>3212</x><y>2533</y><time>undefined</time></pt><pt><x>992</x><y>2533</y><time>undefined</time></pt><closed_date>19-09-20 23:36:06:087</closed_date></polygon></object></annotation>