<annotation><filename>m2_s03_219_p_nic017.jpg</filename><folder>users/joselusava//valeria/m2_sala03_219_nic</folder><source><submittedBy>Jose Saca</submittedBy></source><imagesize><nrows>2910</nrows><ncols>4361</ncols></imagesize><object><name>m2_s03_219_p_nic017</name><deleted>0</deleted><verified>0</verified><occluded>no</occluded><attributes></attributes><parts><hasparts></hasparts><ispartof></ispartof></parts><date>29-09-20 17:22:10:787</date><id>0</id><type>bounding_box</type><polygon><username>anonymous</username><pt><x>2353</x><y>2772</y><time>29-09-20 17:22:04:159</time></pt><pt><x>4001</x><y>2772</y><time>29-09-20 17:22:07:143</time></pt><pt><x>4001</x><y>1042</y><time>undefined</time></pt><pt><x>2353</x><y>1042</y><time>undefined</time></pt><closed_date>29-09-20 17:22:07:145</closed_date></polygon></object></annotation>