<annotation><filename>m2_s01_024_p_ic001.jpg</filename><folder>users/joselusava//santiago</folder><source><submittedBy>Jose Saca</submittedBy></source><imagesize><nrows>2850</nrows><ncols>4271</ncols></imagesize><object><name>m2_s01_024_p_ic001</name><deleted>0</deleted><verified>0</verified><occluded>no</occluded><attributes></attributes><parts><hasparts></hasparts><ispartof></ispartof></parts><date>24-09-20 01:06:03:032</date><id>0</id><type>bounding_box</type><polygon><username>anonymous</username><pt><x>1584</x><y>321</y><time>24-09-20 01:05:55:111</time></pt><pt><x>2590</x><y>321</y><time>24-09-20 01:05:56:505</time></pt><pt><x>2590</x><y>2228</y><time>undefined</time></pt><pt><x>1584</x><y>2228</y><time>undefined</time></pt><closed_date>24-09-20 01:05:56:506</closed_date></polygon></object></annotation>