<annotation><filename>m1_s06_141_p_ic079.jpg</filename><folder>users/joselusava//jacob_2/141ic</folder><source><submittedBy>Jose Saca</submittedBy></source><imagesize><nrows>2736</nrows><ncols>4100</ncols></imagesize><object><name>m1_s06_141_p_ic079</name><deleted>0</deleted><verified>0</verified><occluded>no</occluded><attributes></attributes><parts><hasparts></hasparts><ispartof></ispartof></parts><date>04-09-20 23:48:16:288</date><id>0</id><type>bounding_box</type><polygon><username>anonymous</username><pt><x>1177</x><y>2280</y><time>04-09-20 23:48:10:745</time></pt><pt><x>3017</x><y>2280</y><time>04-09-20 23:48:15:244</time></pt><pt><x>3017</x><y>162</y><time>undefined</time></pt><pt><x>1177</x><y>162</y><time>undefined</time></pt><closed_date>04-09-20 23:48:15:244</closed_date></polygon></object></annotation>