<annotation><filename>img_m1_s10_303_p_nic078.jpg</filename><folder>users/joselusava//santiago</folder><source><submittedBy>Jose Saca</submittedBy></source><imagesize><nrows>3200</nrows><ncols>4800</ncols></imagesize><object><name>m1_s10_303_p_nic078</name><deleted>0</deleted><verified>0</verified><occluded>no</occluded><attributes></attributes><parts><hasparts></hasparts><ispartof></ispartof></parts><date>01-09-20 22:36:07:387</date><id>0</id><type>bounding_box</type><polygon><username>anonymous</username><pt><x>634</x><y>400</y><time>01-09-20 22:35:57:684</time></pt><pt><x>2415</x><y>400</y><time>01-09-20 22:35:59:684</time></pt><pt><x>2415</x><y>1328</y><time>undefined</time></pt><pt><x>634</x><y>1328</y><time>undefined</time></pt><closed_date>01-09-20 22:35:59:686</closed_date></polygon></object></annotation>