<annotation><filename>m2_s01_032_p_ic025.jpg</filename><folder>users/joselusava//santiago_2</folder><source><submittedBy>Jose Saca</submittedBy></source><imagesize><nrows>2850</nrows><ncols>4271</ncols></imagesize><object><name>m2_s01_032_p_ic025</name><deleted>0</deleted><verified>0</verified><occluded>no</occluded><attributes></attributes><parts><hasparts></hasparts><ispartof></ispartof></parts><date>30-09-20 12:10:45:148</date><id>0</id><type>bounding_box</type><polygon><username>anonymous</username><pt><x>1436</x><y>468</y><time>30-09-20 12:10:40:571</time></pt><pt><x>2735</x><y>468</y><time>30-09-20 12:10:43:157</time></pt><pt><x>2735</x><y>2475</y><time>undefined</time></pt><pt><x>1436</x><y>2475</y><time>undefined</time></pt><closed_date>30-09-20 12:10:43:159</closed_date></polygon></object></annotation>