<annotation><filename>m3_s01_013_p_ic047.jpg</filename><folder>users/joselusava//valeria/m03_s01_13_ic</folder><source><submittedBy>Jose Saca</submittedBy></source><imagesize><nrows>2970</nrows><ncols>4451</ncols></imagesize><object><name>m3_s01_013_p_ic046</name><deleted>0</deleted><verified>0</verified><occluded>no</occluded><attributes></attributes><parts><hasparts></hasparts><ispartof></ispartof></parts><date>29-10-20 13:52:30:797</date><id>0</id><type>bounding_box</type><polygon><username>anonymous</username><pt><x>3924</x><y>2759</y><time>29-10-20 13:52:23:348</time></pt><pt><x>480</x><y>2759</y><time>29-10-20 13:52:27:238</time></pt><pt><x>480</x><y>246</y><time>undefined</time></pt><pt><x>3924</x><y>246</y><time>undefined</time></pt><closed_date>29-10-20 13:52:27:240</closed_date></polygon></object></annotation>