<annotation><filename>m3_s01_004_x.jpg</filename><folder>users/joselusava//kath/m3_x</folder><source><submittedBy>Jose Saca</submittedBy></source><imagesize><nrows>2970</nrows><ncols>4451</ncols></imagesize><object><name>m3_s01_004_x</name><deleted>0</deleted><verified>0</verified><occluded>no</occluded><attributes></attributes><parts><hasparts></hasparts><ispartof></ispartof></parts><date>08-11-20 12:25:58:791</date><id>0</id><type>bounding_box</type><polygon><username>anonymous</username><pt><x>91</x><y>2658</y><time>08-11-20 12:25:51:577</time></pt><pt><x>4114</x><y>2658</y><time>08-11-20 12:25:55:719</time></pt><pt><x>4114</x><y>211</y><time>undefined</time></pt><pt><x>91</x><y>211</y><time>undefined</time></pt><closed_date>08-11-20 12:25:55:720</closed_date></polygon></object></annotation>