<annotation><filename>m2_s01_010_p_ic071.jpg</filename><folder>users/joselusava//santiago</folder><source><submittedBy>Jose Saca</submittedBy></source><imagesize><nrows>2850</nrows><ncols>4271</ncols></imagesize><object><name>m2_s01_010_p_ic071</name><deleted>0</deleted><verified>0</verified><occluded>no</occluded><attributes></attributes><parts><hasparts></hasparts><ispartof></ispartof></parts><date>21-09-20 23:17:56:687</date><id>0</id><type>bounding_box</type><polygon><username>anonymous</username><pt><x>936</x><y>205</y><time>21-09-20 23:17:48:142</time></pt><pt><x>3158</x><y>205</y><time>21-09-20 23:17:50:567</time></pt><pt><x>3158</x><y>2494</y><time>undefined</time></pt><pt><x>936</x><y>2494</y><time>undefined</time></pt><closed_date>21-09-20 23:17:50:568</closed_date></polygon></object></annotation>