<annotation><filename>m1_s01_021_p_nic017.jpg</filename><folder>users/joselusava//santiago</folder><source><submittedBy>Jose Saca</submittedBy></source><imagesize><nrows>3200</nrows><ncols>4800</ncols></imagesize><object><name>m1_s01_021_p_nic017</name><deleted>0</deleted><verified>0</verified><occluded>no</occluded><attributes></attributes><parts><hasparts></hasparts><ispartof></ispartof></parts><date>15-09-20 15:24:55:098</date><id>0</id><type>bounding_box</type><polygon><username>anonymous</username><pt><x>900</x><y>2124</y><time>15-09-20 15:24:46:480</time></pt><pt><x>1505</x><y>2124</y><time>15-09-20 15:24:47:992</time></pt><pt><x>1505</x><y>2872</y><time>undefined</time></pt><pt><x>900</x><y>2872</y><time>undefined</time></pt><closed_date>15-09-20 15:24:47:993</closed_date></polygon></object></annotation>