<annotation><filename>m4_s11_178_p_ic063.jpg</filename><folder>users/joselusava//santiago_2</folder><source><submittedBy>Jose Saca</submittedBy></source><imagesize><nrows>2970</nrows><ncols>4451</ncols></imagesize><object><name>m4_s11_178_p_ic063</name><deleted>0</deleted><verified>0</verified><occluded>no</occluded><attributes></attributes><parts><hasparts></hasparts><ispartof></ispartof></parts><date>15-10-20 21:58:28:247</date><id>0</id><type>bounding_box</type><polygon><username>anonymous</username><pt><x>1356</x><y>939</y><time>15-10-20 21:58:22:051</time></pt><pt><x>3120</x><y>939</y><time>15-10-20 21:58:23:206</time></pt><pt><x>3120</x><y>2570</y><time>undefined</time></pt><pt><x>1356</x><y>2570</y><time>undefined</time></pt><closed_date>15-10-20 21:58:23:206</closed_date></polygon></object></annotation>