<annotation><filename>m4_s10_154_p_ic093.jpg</filename><folder>users/joselusava//valeria/m04_s10_154_ic</folder><source><submittedBy>Jose Saca</submittedBy></source><imagesize><nrows>2970</nrows><ncols>4451</ncols></imagesize><object><name>m4_s10_154_p_ic093</name><deleted>0</deleted><verified>0</verified><occluded>no</occluded><attributes></attributes><parts><hasparts></hasparts><ispartof></ispartof></parts><date>13-10-20 23:20:38:859</date><id>0</id><type>bounding_box</type><polygon><username>anonymous</username><pt><x>725</x><y>2747</y><time>13-10-20 23:20:32:821</time></pt><pt><x>2913</x><y>2747</y><time>13-10-20 23:20:34:866</time></pt><pt><x>2913</x><y>411</y><time>undefined</time></pt><pt><x>725</x><y>411</y><time>undefined</time></pt><closed_date>13-10-20 23:20:34:868</closed_date></polygon></object></annotation>