<annotation><filename>m2_s02_190_p_ic079.jpg</filename><folder>users/joselusava//m2_jsv/190/ic</folder><source><submittedBy>Jose Saca</submittedBy></source><imagesize><nrows>2910</nrows><ncols>4361</ncols></imagesize><object><name>m2_s02_190_p_ic079</name><deleted>0</deleted><verified>0</verified><occluded>no</occluded><attributes></attributes><parts><hasparts></hasparts><ispartof></ispartof></parts><date>21-09-20 14:41:13:566</date><id>0</id><type>bounding_box</type><polygon><username>anonymous</username><pt><x>3069</x><y>2904</y><time>21-09-20 14:41:11:165</time></pt><pt><x>1318</x><y>2904</y><time>21-09-20 14:41:12:776</time></pt><pt><x>1318</x><y>373</y><time>undefined</time></pt><pt><x>3069</x><y>373</y><time>undefined</time></pt><closed_date>21-09-20 14:41:12:777</closed_date></polygon></object></annotation>