<annotation><filename>m1_s01_005_p_ic072.jpg</filename><folder>users/joselusava//jacob/sala1/ic</folder><source><submittedBy>Jose Saca</submittedBy></source><imagesize><nrows>2000</nrows><ncols>2992</ncols></imagesize><object><name>m1_s01_005_p_ic072</name><deleted>0</deleted><verified>0</verified><occluded>no</occluded><attributes></attributes><parts><hasparts></hasparts><ispartof></ispartof></parts><date>14-09-20 20:47:11:443</date><id>0</id><type>bounding_box</type><polygon><username>anonymous</username><pt><x>916</x><y>654</y><time>14-09-20 20:47:09:134</time></pt><pt><x>1939</x><y>654</y><time>14-09-20 20:47:10:850</time></pt><pt><x>1939</x><y>1439</y><time>undefined</time></pt><pt><x>916</x><y>1439</y><time>undefined</time></pt><closed_date>14-09-20 20:47:10:850</closed_date></polygon></object></annotation>