<annotation><filename>m1_s02_029_p_nic008.jpg</filename><folder>users/joselusava//museos2020</folder><source><submittedBy>Jose Saca</submittedBy></source><imagesize><nrows>3200</nrows><ncols>4800</ncols></imagesize><object><name>m1_s02_029_p_nic008</name><deleted>0</deleted><verified>0</verified><occluded>no</occluded><attributes></attributes><parts><hasparts></hasparts><ispartof></ispartof></parts><date>27-08-20 18:22:17:488</date><id>0</id><type>bounding_box</type><polygon><username>anonymous</username><pt><x>2969</x><y>1632</y><time>27-08-20 18:22:11:616</time></pt><pt><x>4204</x><y>1632</y><time>27-08-20 18:22:14:181</time></pt><pt><x>4204</x><y>2824</y><time>undefined</time></pt><pt><x>2969</x><y>2824</y><time>undefined</time></pt><closed_date>27-08-20 18:22:14:182</closed_date></polygon></object></annotation>