<annotation><filename>m2_s01_010_p_nic025.jpg</filename><folder>users/joselusava//santiago</folder><source><submittedBy>Jose Saca</submittedBy></source><imagesize><nrows>2850</nrows><ncols>4271</ncols></imagesize><object><name>m2_s01_010_p_nic025</name><deleted>0</deleted><verified>0</verified><occluded>no</occluded><attributes></attributes><parts><hasparts></hasparts><ispartof></ispartof></parts><date>22-09-20 20:19:02:864</date><id>0</id><type>bounding_box</type><polygon><username>anonymous</username><pt><x>2571</x><y>1183</y><time>22-09-20 20:18:54:148</time></pt><pt><x>3520</x><y>1183</y><time>22-09-20 20:18:56:781</time></pt><pt><x>3520</x><y>2132</y><time>undefined</time></pt><pt><x>2571</x><y>2132</y><time>undefined</time></pt><closed_date>22-09-20 20:18:56:782</closed_date></polygon></object></annotation>