<annotation><filename>m4_s05_060_p_nic016.jpg</filename><folder>users/joselusava//m4_js/60/nic</folder><source><submittedBy>Jose Saca</submittedBy></source><imagesize><nrows>2910</nrows><ncols>4361</ncols></imagesize><object><name>m4_s05_060_p_nic016</name><deleted>0</deleted><verified>0</verified><occluded>no</occluded><attributes></attributes><parts><hasparts></hasparts><ispartof></ispartof></parts><date>13-10-20 23:51:48:863</date><id>0</id><type>bounding_box</type><polygon><username>anonymous</username><pt><x>3012</x><y>2202</y><time>13-10-20 23:51:45:309</time></pt><pt><x>17</x><y>2202</y><time>13-10-20 23:51:48:120</time></pt><pt><x>17</x><y>70</y><time>undefined</time></pt><pt><x>3012</x><y>70</y><time>undefined</time></pt><closed_date>13-10-20 23:51:48:120</closed_date></polygon></object></annotation>