<annotation><filename>m1_s01_017_p_ic007.jpg</filename><folder>users/joselusava//santiago</folder><source><submittedBy>Jose Saca</submittedBy></source><imagesize><nrows>3200</nrows><ncols>4800</ncols></imagesize><object><name>m1_s01_017_p_ic007</name><deleted>0</deleted><verified>0</verified><occluded>no</occluded><attributes></attributes><parts><hasparts></hasparts><ispartof></ispartof></parts><date>10-09-20 13:46:04:627</date><id>0</id><type>bounding_box</type><polygon><username>anonymous</username><pt><x>1771</x><y>1116</y><time>10-09-20 13:45:54:201</time></pt><pt><x>3020</x><y>1116</y><time>10-09-20 13:45:56:997</time></pt><pt><x>3020</x><y>2037</y><time>undefined</time></pt><pt><x>1771</x><y>2037</y><time>undefined</time></pt><closed_date>10-09-20 13:45:56:998</closed_date></polygon></object></annotation>