<annotation><filename>m1_s01_017_p_ic023.jpg</filename><folder>users/joselusava//museos2020</folder><source><submittedBy>Jose Saca</submittedBy></source><imagesize><nrows>3200</nrows><ncols>4800</ncols></imagesize><object><name>m1_s01_017_p_ic023</name><deleted>0</deleted><verified>0</verified><occluded>no</occluded><attributes></attributes><parts><hasparts></hasparts><ispartof></ispartof></parts><date>10-09-20 14:35:57:824</date><id>0</id><type>bounding_box</type><polygon><username>anonymous</username><pt><x>1685</x><y>1184</y><time>10-09-20 14:35:48:060</time></pt><pt><x>3106</x><y>1184</y><time>10-09-20 14:35:50:510</time></pt><pt><x>3106</x><y>2232</y><time>undefined</time></pt><pt><x>1685</x><y>2232</y><time>undefined</time></pt><closed_date>10-09-20 14:35:50:512</closed_date></polygon></object></annotation>