<annotation><filename>m1_s02_052_p_ic014.jpg</filename><folder>users/joselusava//valeria/sala2_052_ic</folder><source><submittedBy>Jose Saca</submittedBy></source><imagesize><nrows>3200</nrows><ncols>4800</ncols></imagesize><object><name>m1_s02_052_p_ic014</name><deleted>0</deleted><verified>0</verified><occluded>no</occluded><attributes></attributes><parts><hasparts></hasparts><ispartof></ispartof></parts><date>25-08-20 16:02:52:849</date><id>0</id><type>bounding_box</type><polygon><username>anonymous</username><pt><x>344</x><y>376</y><time>25-08-20 16:02:45:536</time></pt><pt><x>4413</x><y>376</y><time>25-08-20 16:02:49:035</time></pt><pt><x>4413</x><y>3200</y><time>undefined</time></pt><pt><x>344</x><y>3200</y><time>undefined</time></pt><closed_date>25-08-20 16:02:49:036</closed_date></polygon></object></annotation>