<annotation><filename>m2_s01_018_p_ic062.jpg</filename><folder>users/joselusava//santiago_2</folder><source><submittedBy>Jose Saca</submittedBy></source><imagesize><nrows>2850</nrows><ncols>4271</ncols></imagesize><object><name>m2_s01_018_p_ic062</name><deleted>0</deleted><verified>0</verified><occluded>no</occluded><attributes></attributes><parts><hasparts></hasparts><ispartof></ispartof></parts><date>28-09-20 17:49:24:795</date><id>0</id><type>bounding_box</type><polygon><username>anonymous</username><pt><x>1520</x><y>725</y><time>28-09-20 17:49:17:951</time></pt><pt><x>2610</x><y>725</y><time>28-09-20 17:49:19:314</time></pt><pt><x>2610</x><y>1946</y><time>undefined</time></pt><pt><x>1520</x><y>1946</y><time>undefined</time></pt><closed_date>28-09-20 17:49:19:315</closed_date></polygon></object></annotation>