<annotation><filename>m4_s09_132_x.jpg</filename><folder>users/joselusava//kath/m4_x</folder><source><submittedBy>Jose Saca</submittedBy></source><imagesize><nrows>2970</nrows><ncols>4451</ncols></imagesize><object><name>m4_s09_132_x</name><deleted>0</deleted><verified>0</verified><occluded>no</occluded><attributes></attributes><parts><hasparts></hasparts><ispartof></ispartof></parts><date>21-10-20 11:42:55:355</date><id>0</id><polygon><username>anonymous</username><pt><x>1144</x><y>111</y><time>21-10-20 11:42:41:432</time></pt><pt><x>1192</x><y>2768</y><time>21-10-20 11:42:42:539</time></pt><pt><x>2903</x><y>2600</y><time>21-10-20 11:42:43:409</time></pt><pt><x>2312</x><y>43</y><time>21-10-20 11:42:44:459</time></pt><closed_date>21-10-20 11:42:45:805</closed_date></polygon></object></annotation>