<annotation><filename>m2_s06_250_p_ic076.jpg</filename><folder>users/joselusava//valeria/m2_sala06_250_ic</folder><source><submittedBy>Jose Saca</submittedBy></source><imagesize><nrows>2910</nrows><ncols>4361</ncols></imagesize><object><name>m2_s06_250_p_ic075</name><deleted>0</deleted><verified>0</verified><occluded>no</occluded><attributes></attributes><parts><hasparts></hasparts><ispartof></ispartof></parts><date>01-10-20 00:04:04:055</date><id>0</id><type>bounding_box</type><polygon><username>anonymous</username><pt><x>292</x><y>1841</y><time>01-10-20 00:03:55:523</time></pt><pt><x>4172</x><y>1841</y><time>01-10-20 00:03:58:127</time></pt><pt><x>4172</x><y>739</y><time>undefined</time></pt><pt><x>292</x><y>739</y><time>undefined</time></pt><closed_date>01-10-20 00:03:58:128</closed_date></polygon></object></annotation>