<annotation><filename>m2_s03_219_p_ic069.jpg</filename><folder>users/joselusava//valeria/m2_sala03_219_ic</folder><source><submittedBy>Jose Saca</submittedBy></source><imagesize><nrows>2910</nrows><ncols>4361</ncols></imagesize><object><name>m2_s03_219_p_ic069</name><deleted>0</deleted><verified>0</verified><occluded>no</occluded><attributes></attributes><parts><hasparts></hasparts><ispartof></ispartof></parts><date>29-09-20 00:54:44:636</date><id>0</id><type>bounding_box</type><polygon><username>anonymous</username><pt><x>2783</x><y>121</y><time>29-09-20 00:54:39:876</time></pt><pt><x>987</x><y>121</y><time>29-09-20 00:54:41:631</time></pt><pt><x>987</x><y>2574</y><time>undefined</time></pt><pt><x>2783</x><y>2574</y><time>undefined</time></pt><closed_date>29-09-20 00:54:41:632</closed_date></polygon></object></annotation>