<annotation><filename>m2_s03_252_p_ic089.jpg</filename><folder>users/joselusava//valeria/m2_sala03_252_ic</folder><source><submittedBy>Jose Saca</submittedBy></source><imagesize><nrows>2910</nrows><ncols>4361</ncols></imagesize><object><name>m2_s06_252_p_ic089</name><deleted>0</deleted><verified>0</verified><occluded>no</occluded><attributes></attributes><parts><hasparts></hasparts><ispartof></ispartof></parts><date>27-09-20 13:35:15:411</date><id>0</id><type>bounding_box</type><polygon><username>anonymous</username><pt><x>3555</x><y>364</y><time>27-09-20 13:35:09:339</time></pt><pt><x>529</x><y>364</y><time>27-09-20 13:35:11:382</time></pt><pt><x>529</x><y>2309</y><time>undefined</time></pt><pt><x>3555</x><y>2309</y><time>undefined</time></pt><closed_date>27-09-20 13:35:11:383</closed_date></polygon></object></annotation>