<annotation><filename>m4_s04_037_p_nic024.jpg</filename><folder>users/joselusava//santiago_2</folder><source><submittedBy>Jose Saca</submittedBy></source><imagesize><nrows>2970</nrows><ncols>4451</ncols></imagesize><object><name>m4_s04_037_p_nic024</name><deleted>0</deleted><verified>0</verified><occluded>no</occluded><attributes></attributes><parts><hasparts></hasparts><ispartof></ispartof></parts><date>19-10-20 22:07:28:182</date><id>0</id><type>bounding_box</type><polygon><username>anonymous</username><pt><x>1210</x><y>1360</y><time>19-10-20 22:07:18:432</time></pt><pt><x>2156</x><y>1360</y><time>19-10-20 22:07:19:530</time></pt><pt><x>2156</x><y>2577</y><time>undefined</time></pt><pt><x>1210</x><y>2577</y><time>undefined</time></pt><closed_date>19-10-20 22:07:19:531</closed_date></polygon></object></annotation>