<annotation><filename>m2_s03_201_p_ic018.jpg</filename><folder>users/joselusava//eg</folder><source><submittedBy>Jose Saca</submittedBy></source><imagesize><nrows>3000</nrows><ncols>4496</ncols></imagesize><object><name>m2_s03_219_p_ic018</name><deleted>0</deleted><verified>0</verified><occluded>no</occluded><attributes></attributes><parts><hasparts></hasparts><ispartof></ispartof></parts><date>16-09-20 12:52:47:572</date><id>0</id><type>bounding_box</type><polygon><username>anonymous</username><pt><x>798</x><y>81</y><time>16-09-20 12:52:34:484</time></pt><pt><x>3783</x><y>81</y><time>16-09-20 12:52:35:943</time></pt><pt><x>3783</x><y>2860</y><time>undefined</time></pt><pt><x>798</x><y>2860</y><time>undefined</time></pt><closed_date>16-09-20 12:52:35:945</closed_date></polygon></object></annotation>