<annotation><filename>m1_s01_021_p_ic058.jpg</filename><folder>users/joselusava//santiago</folder><source><submittedBy>Jose Saca</submittedBy></source><imagesize><nrows>3200</nrows><ncols>4800</ncols></imagesize><object><name>m1_s01_021_p_ic058</name><deleted>0</deleted><verified>0</verified><occluded>no</occluded><attributes></attributes><parts><hasparts></hasparts><ispartof></ispartof></parts><date>14-09-20 23:34:00:544</date><id>0</id><type>bounding_box</type><polygon><username>anonymous</username><pt><x>1933</x><y>914</y><time>14-09-20 23:33:50:725</time></pt><pt><x>3056</x><y>914</y><time>14-09-20 23:33:52:530</time></pt><pt><x>3056</x><y>2512</y><time>undefined</time></pt><pt><x>1933</x><y>2512</y><time>undefined</time></pt><closed_date>14-09-20 23:33:52:531</closed_date></polygon></object></annotation>