<annotation><filename>m2_s01_010_p_ic064.jpg</filename><folder>users/joselusava//santiago</folder><source><submittedBy>Jose Saca</submittedBy></source><imagesize><nrows>2850</nrows><ncols>4271</ncols></imagesize><object><name>m2_s01_010_p_ic064</name><deleted>0</deleted><verified>0</verified><occluded>no</occluded><attributes></attributes><parts><hasparts></hasparts><ispartof></ispartof></parts><date>21-09-20 23:09:10:037</date><id>0</id><type>bounding_box</type><polygon><username>anonymous</username><pt><x>1327</x><y>779</y><time>21-09-20 23:09:01:663</time></pt><pt><x>3013</x><y>779</y><time>21-09-20 23:09:03:930</time></pt><pt><x>3013</x><y>2568</y><time>undefined</time></pt><pt><x>1327</x><y>2568</y><time>undefined</time></pt><closed_date>21-09-20 23:09:03:932</closed_date></polygon></object></annotation>