<annotation><filename>m4_s12_185_p_ic017.jpg</filename><folder>users/joselusava//valeria/m04_s12_185_ic</folder><source><submittedBy>Jose Saca</submittedBy></source><imagesize><nrows>2910</nrows><ncols>4361</ncols></imagesize><object><name>m4_s12_185_p_ic017</name><deleted>0</deleted><verified>0</verified><occluded>no</occluded><attributes></attributes><parts><hasparts></hasparts><ispartof></ispartof></parts><date>17-10-20 15:50:06:265</date><id>0</id><type>bounding_box</type><polygon><username>anonymous</username><pt><x>548</x><y>2552</y><time>17-10-20 15:49:57:528</time></pt><pt><x>3542</x><y>2552</y><time>17-10-20 15:49:59:782</time></pt><pt><x>3542</x><y>302</y><time>undefined</time></pt><pt><x>548</x><y>302</y><time>undefined</time></pt><closed_date>17-10-20 15:49:59:784</closed_date></polygon></object></annotation>