<annotation><filename>m4_s10_164_p_nic091.jpg</filename><folder>users/joselusava//santiago_2</folder><source><submittedBy>Jose Saca</submittedBy></source><imagesize><nrows>2970</nrows><ncols>4451</ncols></imagesize><object><name>m4_s10_164_p_nic091</name><deleted>0</deleted><verified>0</verified><occluded>no</occluded><attributes></attributes><parts><hasparts></hasparts><ispartof></ispartof></parts><date>14-10-20 16:22:51:957</date><id>0</id><type>bounding_box</type><polygon><username>anonymous</username><pt><x>2138</x><y>2070</y><time>14-10-20 16:22:50:060</time></pt><pt><x>2677</x><y>2070</y><time>14-10-20 16:22:50:568</time></pt><pt><x>2677</x><y>2595</y><time>undefined</time></pt><pt><x>2138</x><y>2595</y><time>undefined</time></pt><closed_date>14-10-20 16:22:50:569</closed_date></polygon></object></annotation>