<annotation><filename>m1_s02_061_x.jpg</filename><folder>users/joselusava//valeria/sala2</folder><source><submittedBy>Jose Saca</submittedBy></source><imagesize><nrows>3200</nrows><ncols>4800</ncols></imagesize><object><name>m1_s02_061_x</name><deleted>0</deleted><verified>0</verified><occluded>no</occluded><attributes></attributes><parts><hasparts></hasparts><ispartof></ispartof></parts><date>28-08-20 19:11:24:751</date><id>0</id><type>bounding_box</type><polygon><username>anonymous</username><pt><x>4585</x><y>338</y><time>28-08-20 19:11:15:156</time></pt><pt><x>258</x><y>338</y><time>28-08-20 19:11:17:417</time></pt><pt><x>258</x><y>2454</y><time>undefined</time></pt><pt><x>4585</x><y>2454</y><time>undefined</time></pt><closed_date>28-08-20 19:11:17:418</closed_date></polygon></object></annotation>