<annotation><filename>m4_s10_154_p_ic029.jpg</filename><folder>users/joselusava//valeria/m04_s10_154_ic</folder><source><submittedBy>Jose Saca</submittedBy></source><imagesize><nrows>2970</nrows><ncols>4451</ncols></imagesize><object><name>m4_s10_154_p_ic029</name><deleted>0</deleted><verified>0</verified><occluded>no</occluded><attributes></attributes><parts><hasparts></hasparts><ispartof></ispartof></parts><date>13-10-20 18:09:43:602</date><id>0</id><type>bounding_box</type><polygon><username>anonymous</username><pt><x>2947</x><y>2650</y><time>13-10-20 18:09:37:140</time></pt><pt><x>1177</x><y>2650</y><time>13-10-20 18:09:39:606</time></pt><pt><x>1177</x><y>297</y><time>undefined</time></pt><pt><x>2947</x><y>297</y><time>undefined</time></pt><closed_date>13-10-20 18:09:39:607</closed_date></polygon></object></annotation>