<annotation><filename>m1_s01_005_p_nic092.jpg</filename><folder>users/joselusava//museos2020</folder><source><submittedBy>Jose Saca</submittedBy></source><imagesize><nrows>2000</nrows><ncols>2992</ncols></imagesize><object><name>m1_s01_005_p_nic092</name><deleted>0</deleted><verified>0</verified><occluded>no</occluded><attributes></attributes><parts><hasparts></hasparts><ispartof></ispartof></parts><date>14-09-20 12:03:45:056</date><id>0</id><type>bounding_box</type><polygon><username>anonymous</username><pt><x>377</x><y>1240</y><time>14-09-20 12:03:36:532</time></pt><pt><x>690</x><y>1240</y><time>14-09-20 12:03:37:375</time></pt><pt><x>690</x><y>1604</y><time>undefined</time></pt><pt><x>377</x><y>1604</y><time>undefined</time></pt><closed_date>14-09-20 12:03:37:377</closed_date></polygon></object></annotation>