<annotation><filename>m4_s10_157_p_ic058.jpg</filename><folder>users/joselusava//valeria/m04_s10_157_nic</folder><source><submittedBy>Jose Saca</submittedBy></source><imagesize><nrows>2970</nrows><ncols>4451</ncols></imagesize><object><name>m4_s10_157_p_nic058</name><deleted>0</deleted><verified>0</verified><occluded>no</occluded><attributes></attributes><parts><hasparts></hasparts><ispartof></ispartof></parts><date>12-10-20 21:09:50:944</date><id>0</id><type>bounding_box</type><polygon><username>anonymous</username><pt><x>1299</x><y>2233</y><time>12-10-20 21:09:44:691</time></pt><pt><x>3043</x><y>2233</y><time>12-10-20 21:09:47:035</time></pt><pt><x>3043</x><y>174</y><time>undefined</time></pt><pt><x>1299</x><y>174</y><time>undefined</time></pt><closed_date>12-10-20 21:09:47:035</closed_date></polygon></object></annotation>