<annotation><filename>m4_s05_052_p_ic054.jpg</filename><folder>users/joselusava//santiago_2</folder><source><submittedBy>Jose Saca</submittedBy></source><imagesize><nrows>2910</nrows><ncols>4361</ncols></imagesize><object><name>m4_s05_052_p_ic054</name><deleted>0</deleted><verified>0</verified><occluded>no</occluded><attributes></attributes><parts><hasparts></hasparts><ispartof></ispartof></parts><date>07-10-20 22:31:34:521</date><id>0</id><type>bounding_box</type><polygon><username>anonymous</username><pt><x>1389</x><y>395</y><time>07-10-20 22:31:30:622</time></pt><pt><x>3024</x><y>395</y><time>07-10-20 22:31:32:595</time></pt><pt><x>3024</x><y>2325</y><time>undefined</time></pt><pt><x>1389</x><y>2325</y><time>undefined</time></pt><closed_date>07-10-20 22:31:32:596</closed_date></polygon></object></annotation>