<annotation><filename>m2_s03_219_p_nic039.jpg</filename><folder>users/joselusava//valeria/m2_sala03_219_nic</folder><source><submittedBy>Jose Saca</submittedBy></source><imagesize><nrows>2910</nrows><ncols>4361</ncols></imagesize><object><name>m2_s03_219_p_nic039</name><deleted>0</deleted><verified>0</verified><occluded>no</occluded><attributes></attributes><parts><hasparts></hasparts><ispartof></ispartof></parts><date>29-09-20 17:53:54:780</date><id>0</id><type>bounding_box</type><polygon><username>anonymous</username><pt><x>1411</x><y>2717</y><time>29-09-20 17:53:48:101</time></pt><pt><x>243</x><y>2717</y><time>29-09-20 17:53:51:235</time></pt><pt><x>243</x><y>788</y><time>undefined</time></pt><pt><x>1411</x><y>788</y><time>undefined</time></pt><closed_date>29-09-20 17:53:51:236</closed_date></polygon></object></annotation>