<annotation><filename>m2_s01_024_p_ic015.jpg</filename><folder>users/joselusava//santiago</folder><source><submittedBy>Jose Saca</submittedBy></source><imagesize><nrows>2850</nrows><ncols>4271</ncols></imagesize><object><name>m2_s01_024_p_ic015</name><deleted>0</deleted><verified>0</verified><occluded>no</occluded><attributes></attributes><parts><hasparts></hasparts><ispartof></ispartof></parts><date>24-09-20 01:21:21:003</date><id>0</id><type>bounding_box</type><polygon><username>anonymous</username><pt><x>1446</x><y>349</y><time>24-09-20 01:21:13:981</time></pt><pt><x>2693</x><y>349</y><time>24-09-20 01:21:15:056</time></pt><pt><x>2693</x><y>2494</y><time>undefined</time></pt><pt><x>1446</x><y>2494</y><time>undefined</time></pt><closed_date>24-09-20 01:21:15:057</closed_date></polygon></object></annotation>