<annotation><filename>m4_s02_021_p_nic100.jpg</filename><folder>users/joselusava//santiago_2</folder><source><submittedBy>Jose Saca</submittedBy></source><imagesize><nrows>2910</nrows><ncols>4361</ncols></imagesize><object><name>m4_s02_021_p_nic100</name><deleted>0</deleted><verified>0</verified><occluded>no</occluded><attributes></attributes><parts><hasparts></hasparts><ispartof></ispartof></parts><date>05-10-20 12:04:03:415</date><id>0</id><type>bounding_box</type><polygon><username>anonymous</username><pt><x>1136</x><y>229</y><time>05-10-20 12:04:00:329</time></pt><pt><x>2027</x><y>229</y><time>05-10-20 12:04:01:586</time></pt><pt><x>2027</x><y>1791</y><time>undefined</time></pt><pt><x>1136</x><y>1791</y><time>undefined</time></pt><closed_date>05-10-20 12:04:01:586</closed_date></polygon></object></annotation>