<annotation><filename>m3_s01_002_p_ic077.jpg</filename><folder>users/joselusava//santiago_3</folder><source><submittedBy>Jose Saca</submittedBy></source><imagesize><nrows>2970</nrows><ncols>4451</ncols></imagesize><object><name>m3_s01_002_p_ic077</name><deleted>0</deleted><verified>0</verified><occluded>no</occluded><attributes></attributes><parts><hasparts></hasparts><ispartof></ispartof></parts><date>29-10-20 13:22:29:723</date><id>0</id><type>bounding_box</type><polygon><username>anonymous</username><pt><x>750</x><y>803</y><time>29-10-20 13:22:26:165</time></pt><pt><x>3837</x><y>803</y><time>29-10-20 13:22:27:603</time></pt><pt><x>3837</x><y>2238</y><time>undefined</time></pt><pt><x>750</x><y>2238</y><time>undefined</time></pt><closed_date>29-10-20 13:22:27:604</closed_date></polygon></object></annotation>