<annotation><filename>m2_s01_018_p_nic002.jpg</filename><folder>users/joselusava//santiago_2</folder><source><submittedBy>Jose Saca</submittedBy></source><imagesize><nrows>3000</nrows><ncols>4496</ncols></imagesize><object><name>m2_s01_018_p_nic002</name><deleted>0</deleted><verified>0</verified><occluded>no</occluded><attributes></attributes><parts><hasparts></hasparts><ispartof></ispartof></parts><date>28-09-20 19:23:14:184</date><id>0</id><type>bounding_box</type><polygon><username>anonymous</username><pt><x>3125</x><y>1593</y><time>28-09-20 19:23:08:545</time></pt><pt><x>3699</x><y>1593</y><time>28-09-20 19:23:10:059</time></pt><pt><x>3699</x><y>2359</y><time>undefined</time></pt><pt><x>3125</x><y>2359</y><time>undefined</time></pt><closed_date>28-09-20 19:23:10:060</closed_date></polygon></object></annotation>