<annotation><filename>m4_s04_037_p_ic064.jpg</filename><folder>users/joselusava//santiago_2</folder><source><submittedBy>Jose Saca</submittedBy></source><imagesize><nrows>2970</nrows><ncols>4451</ncols></imagesize><object><name>m4_s04_037_p_ic064</name><deleted>0</deleted><verified>0</verified><occluded>no</occluded><attributes></attributes><parts><hasparts></hasparts><ispartof></ispartof></parts><date>18-10-20 21:28:26:350</date><id>0</id><type>bounding_box</type><polygon><username>anonymous</username><pt><x>1703</x><y>300</y><time>18-10-20 21:28:21:267</time></pt><pt><x>3145</x><y>300</y><time>18-10-20 21:28:23:464</time></pt><pt><x>3145</x><y>2667</y><time>undefined</time></pt><pt><x>1703</x><y>2667</y><time>undefined</time></pt><closed_date>18-10-20 21:28:23:466</closed_date></polygon></object></annotation>