<annotation><filename>m1_s06_144_p_nic057.jpg</filename><folder>users/joselusava//jacob_2/144nic</folder><source><submittedBy>Jose Saca</submittedBy></source><imagesize><nrows>2736</nrows><ncols>4100</ncols></imagesize><object><name>m1_s06_144_p_nic057</name><deleted>0</deleted><verified>0</verified><occluded>no</occluded><attributes></attributes><parts><hasparts></hasparts><ispartof></ispartof></parts><date>08-09-20 02:19:59:190</date><id>0</id><type>bounding_box</type><polygon><username>anonymous</username><pt><x>1915</x><y>1547</y><time>08-09-20 02:19:56:354</time></pt><pt><x>246</x><y>1547</y><time>08-09-20 02:19:58:101</time></pt><pt><x>246</x><y>106</y><time>undefined</time></pt><pt><x>1915</x><y>106</y><time>undefined</time></pt><closed_date>08-09-20 02:19:58:101</closed_date></polygon></object></annotation>