<annotation><filename>m2_s06_244_p_nic010.jpg</filename><folder>users/joselusava//museos2020</folder><source><submittedBy>Jose Saca</submittedBy></source><imagesize><nrows>2910</nrows><ncols>4361</ncols></imagesize><object><name>m2_s06_244_p_nic010</name><deleted>0</deleted><verified>0</verified><occluded>no</occluded><attributes></attributes><parts><hasparts></hasparts><ispartof></ispartof></parts><date>24-09-20 19:52:59:566</date><id>0</id><type>bounding_box</type><polygon><username>anonymous</username><pt><x>1074</x><y>288</y><time>24-09-20 19:52:51:898</time></pt><pt><x>2761</x><y>288</y><time>24-09-20 19:52:54:141</time></pt><pt><x>2761</x><y>976</y><time>undefined</time></pt><pt><x>1074</x><y>976</y><time>undefined</time></pt><closed_date>24-09-20 19:52:54:142</closed_date></polygon></object></annotation>