<annotation><filename>m2_s03_248_p_nic027.jpg</filename><folder>users/joselusava//museos2020</folder><source><submittedBy>Jose Saca</submittedBy></source><imagesize><nrows>2910</nrows><ncols>4361</ncols></imagesize><object><name>m2_s03_248_p_nic027</name><deleted>0</deleted><verified>0</verified><occluded>no</occluded><attributes></attributes><parts><hasparts></hasparts><ispartof></ispartof></parts><date>27-09-20 16:49:47:889</date><id>0</id><polygon><username>anonymous</username><pt><x>1260</x><y>1799</y><time>27-09-20 16:49:39:509</time></pt><pt><x>2994</x><y>1790</y><time>27-09-20 16:49:40:647</time></pt><pt><x>3184</x><y>2017</y><time>27-09-20 16:49:41:478</time></pt><pt><x>1873</x><y>2622</y><time>27-09-20 16:49:42:471</time></pt><closed_date>27-09-20 16:49:43:517</closed_date></polygon></object></annotation>