<annotation><filename>m4_s07_105_p_nic085.jpg</filename><folder>users/joselusava//kath/m4_105/nic</folder><source><submittedBy>Jose Saca</submittedBy></source><imagesize><nrows>2970</nrows><ncols>4451</ncols></imagesize><object><name>m4_s07_105_p_nic084</name><deleted>0</deleted><verified>0</verified><occluded>no</occluded><attributes></attributes><parts><hasparts></hasparts><ispartof></ispartof></parts><date>03-11-20 09:15:03:372</date><id>0</id><type>bounding_box</type><polygon><username>anonymous</username><pt><x>1836</x><y>2725</y><time>03-11-20 09:14:59:257</time></pt><pt><x>2518</x><y>2725</y><time>03-11-20 09:15:01:427</time></pt><pt><x>2518</x><y>1528</y><time>undefined</time></pt><pt><x>1836</x><y>1528</y><time>undefined</time></pt><closed_date>03-11-20 09:15:01:428</closed_date></polygon></object></annotation>