<annotation><filename>m4_s10_164_p_ic079.jpg</filename><folder>users/joselusava//santiago_2</folder><source><submittedBy>Jose Saca</submittedBy></source><imagesize><nrows>2970</nrows><ncols>4451</ncols></imagesize><object><name>m4_s10_164_p_ic079</name><deleted>0</deleted><verified>0</verified><occluded>no</occluded><attributes></attributes><parts><hasparts></hasparts><ispartof></ispartof></parts><date>13-10-20 23:04:30:240</date><id>0</id><type>bounding_box</type><polygon><username>anonymous</username><pt><x>1585</x><y>485</y><time>13-10-20 23:04:27:438</time></pt><pt><x>2231</x><y>485</y><time>13-10-20 23:04:28:237</time></pt><pt><x>2231</x><y>1346</y><time>undefined</time></pt><pt><x>1585</x><y>1346</y><time>undefined</time></pt><closed_date>13-10-20 23:04:28:237</closed_date></polygon></object></annotation>