<annotation><filename>m3_s01_002_p_nic018.jpg</filename><folder>users/joselusava//santiago_3</folder><source><submittedBy>Jose Saca</submittedBy></source><imagesize><nrows>2970</nrows><ncols>4451</ncols></imagesize><object><name>m3_s01_002_p_nic018</name><deleted>0</deleted><verified>0</verified><occluded>no</occluded><attributes></attributes><parts><hasparts></hasparts><ispartof></ispartof></parts><date>29-10-20 15:40:32:219</date><id>0</id><type>bounding_box</type><polygon><username>anonymous</username><pt><x>193</x><y>832</y><time>29-10-20 15:40:27:777</time></pt><pt><x>2938</x><y>832</y><time>29-10-20 15:40:29:711</time></pt><pt><x>2938</x><y>2756</y><time>undefined</time></pt><pt><x>193</x><y>2756</y><time>undefined</time></pt><closed_date>29-10-20 15:40:29:712</closed_date></polygon></object></annotation>