<annotation><filename>m2_s05_236_p_ic070.jpg</filename><folder>users/joselusava//museos2020</folder><source><submittedBy>Jose Saca</submittedBy></source><imagesize><nrows>2910</nrows><ncols>4361</ncols></imagesize><object><name>m2_s05_236_p_ic070</name><deleted>0</deleted><verified>0</verified><occluded>no</occluded><attributes></attributes><parts><hasparts></hasparts><ispartof></ispartof></parts><date>16-09-20 19:11:11:604</date><id>0</id><type>bounding_box</type><polygon><username>anonymous</username><pt><x>214</x><y>288</y><time>16-09-20 19:11:04:829</time></pt><pt><x>3552</x><y>288</y><time>16-09-20 19:11:06:135</time></pt><pt><x>3552</x><y>2757</y><time>undefined</time></pt><pt><x>214</x><y>2757</y><time>undefined</time></pt><closed_date>16-09-20 19:11:06:136</closed_date></polygon></object></annotation>