<annotation><filename>m2_s01_032_p_ic063.jpg</filename><folder>users/joselusava//santiago_2</folder><source><submittedBy>Jose Saca</submittedBy></source><imagesize><nrows>2850</nrows><ncols>4271</ncols></imagesize><object><name>m2_s01_032_p_ic063</name><deleted>0</deleted><verified>0</verified><occluded>no</occluded><attributes></attributes><parts><hasparts></hasparts><ispartof></ispartof></parts><date>30-09-20 16:44:30:035</date><id>0</id><type>bounding_box</type><polygon><username>anonymous</username><pt><x>1237</x><y>163</y><time>30-09-20 16:44:26:739</time></pt><pt><x>2994</x><y>163</y><time>30-09-20 16:44:28:278</time></pt><pt><x>2994</x><y>2379</y><time>undefined</time></pt><pt><x>1237</x><y>2379</y><time>undefined</time></pt><closed_date>30-09-20 16:44:28:279</closed_date></polygon></object></annotation>