<annotation><filename>m4_s10_164_p_ic035.jpg</filename><folder>users/joselusava//santiago_2</folder><source><submittedBy>Jose Saca</submittedBy></source><imagesize><nrows>2970</nrows><ncols>4451</ncols></imagesize><object><name>m4_s10_164_p_ic035</name><deleted>0</deleted><verified>0</verified><occluded>no</occluded><attributes></attributes><parts><hasparts></hasparts><ispartof></ispartof></parts><date>13-10-20 22:24:40:687</date><id>0</id><type>bounding_box</type><polygon><username>anonymous</username><pt><x>2020</x><y>1007</y><time>13-10-20 22:24:37:205</time></pt><pt><x>2549</x><y>1007</y><time>13-10-20 22:24:38:499</time></pt><pt><x>2549</x><y>1885</y><time>undefined</time></pt><pt><x>2020</x><y>1885</y><time>undefined</time></pt><closed_date>13-10-20 22:24:38:501</closed_date></polygon></object></annotation>