<annotation><filename>m2_s01_001_p_nic044.jpg</filename><folder>users/joselusava//santiago</folder><source><submittedBy>Jose Saca</submittedBy></source><imagesize><nrows>2850</nrows><ncols>4271</ncols></imagesize><object><name>m2_s01_001_p_nic044</name><deleted>0</deleted><verified>0</verified><occluded>no</occluded><attributes></attributes><parts><hasparts></hasparts><ispartof></ispartof></parts><date>19-09-20 22:40:24:403</date><id>0</id><type>bounding_box</type><polygon><username>anonymous</username><pt><x>726</x><y>197</y><time>19-09-20 22:40:16:017</time></pt><pt><x>2182</x><y>197</y><time>19-09-20 22:40:17:494</time></pt><pt><x>2182</x><y>1510</y><time>undefined</time></pt><pt><x>726</x><y>1510</y><time>undefined</time></pt><closed_date>19-09-20 22:40:17:495</closed_date></polygon></object></annotation>