<annotation><filename>img_m1_s03-04_108_p_nic047.jpg</filename><folder>users/joselusava//valeria/sala3y4_108_nic</folder><source><submittedBy>Jose Saca</submittedBy></source><imagesize><nrows>3200</nrows><ncols>4800</ncols></imagesize><object><name>m1_s03_s04_108_p_nic047</name><deleted>0</deleted><verified>0</verified><occluded>no</occluded><attributes></attributes><parts><hasparts></hasparts><ispartof></ispartof></parts><date>02-09-20 18:12:11:563</date><id>0</id><type>bounding_box</type><polygon><username>anonymous</username><pt><x>3479</x><y>3121</y><time>02-09-20 18:11:59:432</time></pt><pt><x>24</x><y>3121</y><time>02-09-20 18:12:02:226</time></pt><pt><x>24</x><y>1927</y><time>undefined</time></pt><pt><x>3479</x><y>1927</y><time>undefined</time></pt><closed_date>02-09-20 18:12:02:227</closed_date></polygon></object></annotation>