<annotation><filename>m4_s05_055_p_ic003.jpg</filename><folder>users/joselusava//valeria/m4_s05_055_ic</folder><source><submittedBy>Jose Saca</submittedBy></source><imagesize><nrows>2910</nrows><ncols>4361</ncols></imagesize><object><name>m4_s05_055_p_ic003</name><deleted>0</deleted><verified>0</verified><occluded>no</occluded><attributes></attributes><parts><hasparts></hasparts><ispartof></ispartof></parts><date>08-10-20 18:02:51:734</date><id>0</id><type>bounding_box</type><polygon><username>anonymous</username><pt><x>1356</x><y>496</y><time>08-10-20 18:02:46:540</time></pt><pt><x>2916</x><y>496</y><time>08-10-20 18:02:47:929</time></pt><pt><x>2916</x><y>2348</y><time>undefined</time></pt><pt><x>1356</x><y>2348</y><time>undefined</time></pt><closed_date>08-10-20 18:02:47:929</closed_date></polygon></object></annotation>