<annotation><filename>m3_s01_018_p_ic009.jpg</filename><folder>users/joselusava//m4_js/18/ic</folder><source><submittedBy>Jose Saca</submittedBy></source><imagesize><nrows>2970</nrows><ncols>4451</ncols></imagesize><object><name>m3_s01_018_p_ic009</name><deleted>0</deleted><verified>0</verified><occluded>no</occluded><attributes></attributes><parts><hasparts></hasparts><ispartof></ispartof></parts><date>05-11-20 10:17:52:666</date><id>0</id><type>bounding_box</type><polygon><username>anonymous</username><pt><x>4241</x><y>2620</y><time>05-11-20 10:17:50:075</time></pt><pt><x>221</x><y>2620</y><time>05-11-20 10:17:51:953</time></pt><pt><x>221</x><y>431</y><time>undefined</time></pt><pt><x>4241</x><y>431</y><time>undefined</time></pt><closed_date>05-11-20 10:17:51:954</closed_date></polygon></object></annotation>