<annotation><filename>m4_s12_186_p_ic040.jpg</filename><folder>users/joselusava//m4_js/186/ic</folder><source><submittedBy>Jose Saca</submittedBy></source><imagesize><nrows>3899</nrows><ncols>5844</ncols></imagesize><object><name>m4_s12_186_p_ic040</name><deleted>0</deleted><verified>0</verified><occluded>no</occluded><attributes></attributes><parts><hasparts></hasparts><ispartof></ispartof></parts><date>18-10-20 10:50:50:157</date><id>0</id><type>bounding_box</type><polygon><username>anonymous</username><pt><x>3884</x><y>3709</y><time>18-10-20 10:50:48:126</time></pt><pt><x>2076</x><y>3709</y><time>18-10-20 10:50:49:426</time></pt><pt><x>2076</x><y>397</y><time>undefined</time></pt><pt><x>3884</x><y>397</y><time>undefined</time></pt><closed_date>18-10-20 10:50:49:426</closed_date></polygon></object></annotation>