<annotation><filename>m1_s06_144_p_nic010.jpg</filename><folder>users/joselusava//jacob_2/144nic</folder><source><submittedBy>Jose Saca</submittedBy></source><imagesize><nrows>2736</nrows><ncols>4100</ncols></imagesize><object><name>m1_s06_144_p_nic010</name><deleted>0</deleted><verified>0</verified><occluded>no</occluded><attributes></attributes><parts><hasparts></hasparts><ispartof></ispartof></parts><date>08-09-20 01:53:46:485</date><id>0</id><type>bounding_box</type><polygon><username>anonymous</username><pt><x>139</x><y>401</y><time>08-09-20 01:53:44:482</time></pt><pt><x>1940</x><y>401</y><time>08-09-20 01:53:45:826</time></pt><pt><x>1940</x><y>1858</y><time>undefined</time></pt><pt><x>139</x><y>1858</y><time>undefined</time></pt><closed_date>08-09-20 01:53:45:827</closed_date></polygon></object></annotation>