<annotation><filename>m1_s02_029_p_ic025.jpg</filename><folder>users/joselusava//valeria/sala2_029_ic</folder><source><submittedBy>Jose Saca</submittedBy></source><imagesize><nrows>3200</nrows><ncols>4800</ncols></imagesize><object><name>m1_s02_029_p_ic025</name><deleted>0</deleted><verified>0</verified><occluded>no</occluded><attributes></attributes><parts><hasparts></hasparts><ispartof></ispartof></parts><date>22-08-20 18:41:17:029</date><id>0</id><type>bounding_box</type><polygon><username>anonymous</username><pt><x>1380</x><y>306</y><time>22-08-20 18:40:55:283</time></pt><pt><x>3613</x><y>306</y><time>22-08-20 18:41:03:484</time></pt><pt><x>3613</x><y>2835</y><time>undefined</time></pt><pt><x>1380</x><y>2835</y><time>undefined</time></pt><closed_date>22-08-20 18:41:03:485</closed_date></polygon></object></annotation>