<annotation><filename>m4_s05_052_p_nic082.jpg</filename><folder>users/joselusava//santiago_2</folder><source><submittedBy>Jose Saca</submittedBy></source><imagesize><nrows>2910</nrows><ncols>4361</ncols></imagesize><object><name>m4_s05_052_p_nic082</name><deleted>0</deleted><verified>0</verified><occluded>no</occluded><attributes></attributes><parts><hasparts></hasparts><ispartof></ispartof></parts><date>08-10-20 22:33:37:052</date><id>0</id><type>bounding_box</type><polygon><username>anonymous</username><pt><x>2792</x><y>589</y><time>08-10-20 22:33:31:914</time></pt><pt><x>4053</x><y>589</y><time>08-10-20 22:33:34:237</time></pt><pt><x>4053</x><y>2086</y><time>undefined</time></pt><pt><x>2792</x><y>2086</y><time>undefined</time></pt><closed_date>08-10-20 22:33:34:238</closed_date></polygon></object></annotation>