<annotation><filename>m4_s11_176_p_ic010.jpg</filename><folder>users/joselusava//m4_js/176/ic</folder><source><submittedBy>Jose Saca</submittedBy></source><imagesize><nrows>2970</nrows><ncols>4451</ncols></imagesize><object><name>m4_s11_176_p_ic010</name><deleted>0</deleted><verified>0</verified><occluded>no</occluded><attributes></attributes><parts><hasparts></hasparts><ispartof></ispartof></parts><date>14-10-20 16:32:14:577</date><id>0</id><type>bounding_box</type><polygon><username>anonymous</username><pt><x>3109</x><y>2319</y><time>14-10-20 16:32:12:810</time></pt><pt><x>1164</x><y>2319</y><time>14-10-20 16:32:13:888</time></pt><pt><x>1164</x><y>515</y><time>undefined</time></pt><pt><x>3109</x><y>515</y><time>undefined</time></pt><closed_date>14-10-20 16:32:13:888</closed_date></polygon></object></annotation>