<annotation><filename>m1_s02_052_p_ic059.jpg</filename><folder>users/joselusava//valeria/sala2_052_ic</folder><source><submittedBy>Jose Saca</submittedBy></source><imagesize><nrows>3200</nrows><ncols>4800</ncols></imagesize><object><name>m1_s02_052_p_ic059</name><deleted>0</deleted><verified>0</verified><occluded>no</occluded><attributes></attributes><parts><hasparts></hasparts><ispartof></ispartof></parts><date>25-08-20 18:47:00:783</date><id>0</id><type>bounding_box</type><polygon><username>anonymous</username><pt><x>408</x><y>5</y><time>25-08-20 18:46:54:087</time></pt><pt><x>4634</x><y>5</y><time>25-08-20 18:46:56:656</time></pt><pt><x>4634</x><y>3023</y><time>undefined</time></pt><pt><x>408</x><y>3023</y><time>undefined</time></pt><closed_date>25-08-20 18:46:56:659</closed_date></polygon></object></annotation>