<annotation><filename>m1_s06_154_x.jpg</filename><folder>users/joselusava//jacob_2/sala6</folder><source><submittedBy>Jose Saca</submittedBy></source><imagesize><nrows>2736</nrows><ncols>4100</ncols></imagesize><object><name>m1_s06_154_x</name><deleted>0</deleted><verified>0</verified><occluded>no</occluded><attributes></attributes><parts><hasparts></hasparts><ispartof></ispartof></parts><date>06-09-20 01:39:33:320</date><id>0</id><type>bounding_box</type><polygon><username>anonymous</username><pt><x>978</x><y>2543</y><time>06-09-20 01:39:31:145</time></pt><pt><x>3146</x><y>2543</y><time>06-09-20 01:39:32:677</time></pt><pt><x>3146</x><y>90</y><time>undefined</time></pt><pt><x>978</x><y>90</y><time>undefined</time></pt><closed_date>06-09-20 01:39:32:678</closed_date></polygon></object></annotation>