<annotation><filename>m2_s06_245_x.jpg</filename><folder>users/joselusava//museos2020</folder><source><submittedBy>Jose Saca</submittedBy></source><imagesize><nrows>2910</nrows><ncols>4361</ncols></imagesize><object><name>m2_s06_245_x</name><deleted>0</deleted><verified>0</verified><occluded>no</occluded><attributes></attributes><parts><hasparts></hasparts><ispartof></ispartof></parts><date>27-09-20 21:52:26:823</date><id>0</id><type>bounding_box</type><polygon><username>anonymous</username><pt><x>646</x><y>191</y><time>27-09-20 21:52:18:055</time></pt><pt><x>3710</x><y>191</y><time>27-09-20 21:52:20:486</time></pt><pt><x>3710</x><y>2664</y><time>undefined</time></pt><pt><x>646</x><y>2664</y><time>undefined</time></pt><closed_date>27-09-20 21:52:20:487</closed_date></polygon></object></annotation>