<annotation><filename>m2_s06_250_p_nic097.jpg</filename><folder>users/joselusava//m2_jsv/250</folder><source><submittedBy>Jose Saca</submittedBy></source><imagesize><nrows>2910</nrows><ncols>4361</ncols></imagesize><object><name>m2_s06_250_p_nic097</name><deleted>0</deleted><verified>0</verified><occluded>no</occluded><attributes></attributes><parts><hasparts></hasparts><ispartof></ispartof></parts><date>30-09-20 12:04:00:034</date><id>0</id><type>bounding_box</type><polygon><username>anonymous</username><pt><x>2829</x><y>583</y><time>30-09-20 12:03:58:308</time></pt><pt><x>9</x><y>583</y><time>30-09-20 12:03:59:463</time></pt><pt><x>9</x><y>2254</y><time>undefined</time></pt><pt><x>2829</x><y>2254</y><time>undefined</time></pt><closed_date>30-09-20 12:03:59:464</closed_date></polygon></object></annotation>