<annotation><filename>m1_s01_001_p_nic057.jpg</filename><folder>users/joselusava//juancarlos</folder><source><submittedBy>Jose Saca</submittedBy></source><imagesize><nrows>3200</nrows><ncols>4800</ncols></imagesize><object><name>m1_s01_001_p_nic057</name><deleted>0</deleted><verified>0</verified><occluded>no</occluded><attributes></attributes><parts><hasparts></hasparts><ispartof></ispartof></parts><date>09-09-20 17:08:17:001</date><id>0</id><type>bounding_box</type><polygon><username>anonymous</username><pt><x>497</x><y>2321</y><time>09-09-20 17:08:04:993</time></pt><pt><x>1606</x><y>2321</y><time>09-09-20 17:08:08:385</time></pt><pt><x>1606</x><y>2891</y><time>undefined</time></pt><pt><x>497</x><y>2891</y><time>undefined</time></pt><closed_date>09-09-20 17:08:08:387</closed_date></polygon></object></annotation>