<annotation><filename>m4_s05_060_p_ic085.jpg</filename><folder>users/joselusava//m4_js/60/ic</folder><source><submittedBy>Jose Saca</submittedBy></source><imagesize><nrows>2910</nrows><ncols>4361</ncols></imagesize><object><name>m4_s05_060_p_ic085</name><deleted>0</deleted><verified>0</verified><occluded>no</occluded><attributes></attributes><parts><hasparts></hasparts><ispartof></ispartof></parts><date>13-10-20 16:06:53:924</date><id>0</id><type>bounding_box</type><polygon><username>anonymous</username><pt><x>4187</x><y>2490</y><time>13-10-20 16:06:52:040</time></pt><pt><x>113</x><y>2490</y><time>13-10-20 16:06:53:187</time></pt><pt><x>113</x><y>444</y><time>undefined</time></pt><pt><x>4187</x><y>444</y><time>undefined</time></pt><closed_date>13-10-20 16:06:53:187</closed_date></polygon></object></annotation>