<annotation><filename>m3_s01_023_p_ic048.jpg</filename><folder>users/joselusava//santiago_3</folder><source><submittedBy>Jose Saca</submittedBy></source><imagesize><nrows>2970</nrows><ncols>4451</ncols></imagesize><object><name>m3_s01_023_p_ic048</name><deleted>0</deleted><verified>0</verified><occluded>no</occluded><attributes></attributes><parts><hasparts></hasparts><ispartof></ispartof></parts><date>04-11-20 19:21:42:720</date><id>0</id><type>bounding_box</type><polygon><username>anonymous</username><pt><x>564</x><y>700</y><time>04-11-20 19:21:39:648</time></pt><pt><x>3663</x><y>700</y><time>04-11-20 19:21:40:879</time></pt><pt><x>3663</x><y>2495</y><time>undefined</time></pt><pt><x>564</x><y>2495</y><time>undefined</time></pt><closed_date>04-11-20 19:21:40:879</closed_date></polygon></object></annotation>