<annotation><filename>m4_s03_025_p_nic069.jpg</filename><folder>users/joselusava//santiago_3</folder><source><submittedBy>Jose Saca</submittedBy></source><imagesize><nrows>2910</nrows><ncols>4361</ncols></imagesize><object><name>m4_s03_025_p_nic069</name><deleted>0</deleted><verified>0</verified><occluded>no</occluded><attributes></attributes><parts><hasparts></hasparts><ispartof></ispartof></parts><date>08-11-20 13:58:19:226</date><id>0</id><type>bounding_box</type><polygon><username>anonymous</username><pt><x>1021</x><y>1242</y><time>08-11-20 13:58:14:871</time></pt><pt><x>3949</x><y>1242</y><time>08-11-20 13:58:16:986</time></pt><pt><x>3949</x><y>2679</y><time>undefined</time></pt><pt><x>1021</x><y>2679</y><time>undefined</time></pt><closed_date>08-11-20 13:58:16:987</closed_date></polygon></object></annotation>