<annotation><filename>m2_s03_252_p_ic064.jpg</filename><folder>users/joselusava//valeria/m2_sala03_252_ic</folder><source><submittedBy>Jose Saca</submittedBy></source><imagesize><nrows>2910</nrows><ncols>4361</ncols></imagesize><object><name>m2_s06_252_p_ic062</name><deleted>0</deleted><verified>0</verified><occluded>no</occluded><attributes/><parts><hasparts/><ispartof/></parts><date>25-09-20 23:20:50:658</date><id>0</id><type>bounding_box</type><polygon><username>anonymous</username><pt><x>689</x><y>755</y><time>25-09-20 23:20:43:966</time></pt><pt><x>3307</x><y>755</y><time>25-09-20 23:20:47:225</time></pt><pt><x>3307</x><y>2822</y><time>undefined</time></pt><pt><x>689</x><y>2822</y><time>undefined</time></pt><closed_date>25-09-20 23:20:47:227</closed_date></polygon></object><object><name>m2_s06_252_p_ic064</name><deleted>0</deleted><verified>0</verified><occluded>no</occluded><attributes></attributes><parts><hasparts></hasparts><ispartof></ispartof></parts><date>27-09-20 00:52:57:471</date><id>1</id><type>bounding_box</type><polygon><username>anonymous</username><pt><x>650</x><y>750</y><time>27-09-20 00:52:51:765</time></pt><pt><x>3312</x><y>750</y><time>27-09-20 00:52:53:842</time></pt><pt><x>3312</x><y>2800</y><time>undefined</time></pt><pt><x>650</x><y>2800</y><time>undefined</time></pt><closed_date>27-09-20 00:52:53:843</closed_date></polygon></object></annotation>