<annotation><filename>m4_s06_089_p_nic052.jpg</filename><folder>users/joselusava//santiago_2</folder><source><submittedBy>Jose Saca</submittedBy></source><imagesize><nrows>2970</nrows><ncols>4451</ncols></imagesize><object><name>m4_s06_089_p_nic052</name><deleted>0</deleted><verified>0</verified><occluded>no</occluded><attributes></attributes><parts><hasparts></hasparts><ispartof></ispartof></parts><date>12-10-20 21:18:03:059</date><id>0</id><type>bounding_box</type><polygon><username>anonymous</username><pt><x>1060</x><y>892</y><time>12-10-20 21:17:59:221</time></pt><pt><x>2495</x><y>892</y><time>12-10-20 21:18:00:755</time></pt><pt><x>2495</x><y>2699</y><time>undefined</time></pt><pt><x>1060</x><y>2699</y><time>undefined</time></pt><closed_date>12-10-20 21:18:00:755</closed_date></polygon></object></annotation>