<annotation><filename>m3_s01_002_p_nic073.jpg</filename><folder>users/joselusava//santiago_3</folder><source><submittedBy>Jose Saca</submittedBy></source><imagesize><nrows>2970</nrows><ncols>4451</ncols></imagesize><object><name>m3_s01_002_p_nic073</name><deleted>0</deleted><verified>0</verified><occluded>no</occluded><attributes></attributes><parts><hasparts></hasparts><ispartof></ispartof></parts><date>29-10-20 21:01:37:309</date><id>0</id><type>bounding_box</type><polygon><username>anonymous</username><pt><x>168</x><y>450</y><time>29-10-20 21:01:33:607</time></pt><pt><x>1974</x><y>450</y><time>29-10-20 21:01:34:955</time></pt><pt><x>1974</x><y>2167</y><time>undefined</time></pt><pt><x>168</x><y>2167</y><time>undefined</time></pt><closed_date>29-10-20 21:01:34:956</closed_date></polygon></object></annotation>