<annotation><filename>m4_s06_068_x.jpg</filename><folder>users/joselusava//kath/m4_x</folder><source><submittedBy>Jose Saca</submittedBy></source><imagesize><nrows>2970</nrows><ncols>4451</ncols></imagesize><object><name>m4_s06_068_x</name><deleted>0</deleted><verified>0</verified><occluded>no</occluded><attributes></attributes><parts><hasparts></hasparts><ispartof></ispartof></parts><date>20-10-20 09:35:54:287</date><id>0</id><polygon><username>anonymous</username><pt><x>1461</x><y>288</y><time>20-10-20 09:35:46:612</time></pt><pt><x>1451</x><y>2893</y><time>20-10-20 09:35:47:311</time></pt><pt><x>2946</x><y>2864</y><time>20-10-20 09:35:48:110</time></pt><pt><x>2739</x><y>231</y><time>20-10-20 09:35:50:975</time></pt><closed_date>20-10-20 09:35:52:008</closed_date></polygon></object></annotation>