<annotation><filename>m1_s02_052_p_ic009.jpg</filename><folder>users/joselusava//valeria/sala2_052_ic</folder><source><submittedBy>Jose Saca</submittedBy></source><imagesize><nrows>3200</nrows><ncols>4800</ncols></imagesize><object><name>m1_s02_052_p_ic009</name><deleted>0</deleted><verified>0</verified><occluded>no</occluded><attributes></attributes><parts><hasparts></hasparts><ispartof></ispartof></parts><date>25-08-20 15:51:51:747</date><id>0</id><type>bounding_box</type><polygon><username>anonymous</username><pt><x>558</x><y>607</y><time>25-08-20 15:51:44:368</time></pt><pt><x>4585</x><y>607</y><time>25-08-20 15:51:48:170</time></pt><pt><x>4585</x><y>3173</y><time>undefined</time></pt><pt><x>558</x><y>3173</y><time>undefined</time></pt><closed_date>25-08-20 15:51:48:171</closed_date></polygon></object></annotation>