<annotation><filename>m2_s01_001_p_ic090.jpg</filename><folder>users/joselusava//santiago</folder><source><submittedBy>Jose Saca</submittedBy></source><imagesize><nrows>2850</nrows><ncols>4271</ncols></imagesize><object><name>m2_s01_001_p_ic090</name><deleted>0</deleted><verified>0</verified><occluded>no</occluded><attributes></attributes><parts><hasparts></hasparts><ispartof></ispartof></parts><date>19-09-20 10:42:25:862</date><id>0</id><type>bounding_box</type><polygon><username>anonymous</username><pt><x>1135</x><y>516</y><time>19-09-20 10:42:17:560</time></pt><pt><x>3215</x><y>516</y><time>19-09-20 10:42:19:797</time></pt><pt><x>3215</x><y>2616</y><time>undefined</time></pt><pt><x>1135</x><y>2616</y><time>undefined</time></pt><closed_date>19-09-20 10:42:19:798</closed_date></polygon></object></annotation>