<annotation><filename>m4_s09_138_p_nic022.jpg</filename><folder>users/joselusava//santiago_2</folder><source><submittedBy>Jose Saca</submittedBy></source><imagesize><nrows>2970</nrows><ncols>4451</ncols></imagesize><object><name>m4_s09_138_p_nic022</name><deleted>0</deleted><verified>0</verified><occluded>no</occluded><attributes></attributes><parts><hasparts></hasparts><ispartof></ispartof></parts><date>23-10-20 13:36:38:959</date><id>0</id><type>bounding_box</type><polygon><username>anonymous</username><pt><x>1713</x><y>817</y><time>23-10-20 13:36:35:869</time></pt><pt><x>4241</x><y>817</y><time>23-10-20 13:36:36:803</time></pt><pt><x>4241</x><y>2035</y><time>undefined</time></pt><pt><x>1713</x><y>2035</y><time>undefined</time></pt><closed_date>23-10-20 13:36:36:804</closed_date></polygon></object></annotation>