<annotation><filename>m2_s01_001_p_ic016.jpg</filename><folder>users/joselusava//santiago</folder><source><submittedBy>Jose Saca</submittedBy></source><imagesize><nrows>2850</nrows><ncols>4271</ncols></imagesize><object><name>m2_s01_001_p_ic016</name><deleted>0</deleted><verified>0</verified><occluded>no</occluded><attributes></attributes><parts><hasparts></hasparts><ispartof></ispartof></parts><date>18-09-20 22:42:04:680</date><id>0</id><type>bounding_box</type><polygon><username>anonymous</username><pt><x>946</x><y>176</y><time>18-09-20 22:41:39:493</time></pt><pt><x>3536</x><y>176</y><time>18-09-20 22:41:41:724</time></pt><pt><x>3536</x><y>2610</y><time>undefined</time></pt><pt><x>946</x><y>2610</y><time>undefined</time></pt><closed_date>18-09-20 22:41:41:726</closed_date></polygon></object></annotation>