<annotation><filename>m2_s06_250_p_nic095.jpg</filename><folder>users/joselusava//m2_jsv/250</folder><source><submittedBy>Jose Saca</submittedBy></source><imagesize><nrows>2910</nrows><ncols>4361</ncols></imagesize><object><name>m2_s06_250_p_nic095</name><deleted>0</deleted><verified>0</verified><occluded>no</occluded><attributes></attributes><parts><hasparts></hasparts><ispartof></ispartof></parts><date>30-09-20 12:03:22:432</date><id>0</id><type>bounding_box</type><polygon><username>anonymous</username><pt><x>2411</x><y>583</y><time>30-09-20 12:03:20:328</time></pt><pt><x>26</x><y>583</y><time>30-09-20 12:03:21:705</time></pt><pt><x>26</x><y>2141</y><time>undefined</time></pt><pt><x>2411</x><y>2141</y><time>undefined</time></pt><closed_date>30-09-20 12:03:21:705</closed_date></polygon></object></annotation>