<annotation><filename>m2_s01_058_p_nic097.jpg</filename><folder>users/joselusava//m2_jsv/58/nic</folder><source><submittedBy>Jose Saca</submittedBy></source><imagesize><nrows>2850</nrows><ncols>4271</ncols></imagesize><object><name>m2_s01_058_p_nic097</name><deleted>0</deleted><verified>0</verified><occluded>no</occluded><attributes></attributes><parts><hasparts></hasparts><ispartof></ispartof></parts><date>29-09-20 23:29:14:378</date><id>0</id><type>bounding_box</type><polygon><username>anonymous</username><pt><x>2089</x><y>2089</y><time>29-09-20 23:29:12:210</time></pt><pt><x>119</x><y>2089</y><time>29-09-20 23:29:13:811</time></pt><pt><x>119</x><y>631</y><time>undefined</time></pt><pt><x>2089</x><y>631</y><time>undefined</time></pt><closed_date>29-09-20 23:29:13:812</closed_date></polygon></object></annotation>