<annotation><filename>m4_s04_037_p_nic063.jpg</filename><folder>users/joselusava//santiago_2</folder><source><submittedBy>Jose Saca</submittedBy></source><imagesize><nrows>2970</nrows><ncols>4451</ncols></imagesize><object><name>m4_s04_037_p_nic063</name><deleted>0</deleted><verified>0</verified><occluded>no</occluded><attributes></attributes><parts><hasparts></hasparts><ispartof></ispartof></parts><date>19-10-20 22:35:51:904</date><id>0</id><type>bounding_box</type><polygon><username>anonymous</username><pt><x>2941</x><y>625</y><time>19-10-20 22:35:49:152</time></pt><pt><x>4098</x><y>625</y><time>19-10-20 22:35:50:134</time></pt><pt><x>4098</x><y>2324</y><time>undefined</time></pt><pt><x>2941</x><y>2324</y><time>undefined</time></pt><closed_date>19-10-20 22:35:50:135</closed_date></polygon></object></annotation>