<annotation><filename>m4_s12_185_p_nic056.jpg</filename><folder>users/joselusava//valeria/m04_s12_185_nic</folder><source><submittedBy>Jose Saca</submittedBy></source><imagesize><nrows>2910</nrows><ncols>4361</ncols></imagesize><object><name>m4_s12_185_p_nic056</name><deleted>0</deleted><verified>0</verified><occluded>no</occluded><attributes></attributes><parts><hasparts></hasparts><ispartof></ispartof></parts><date>17-10-20 23:23:59:085</date><id>0</id><type>bounding_box</type><polygon><username>anonymous</username><pt><x>1416</x><y>2121</y><time>17-10-20 23:23:53:232</time></pt><pt><x>3246</x><y>2121</y><time>17-10-20 23:23:55:033</time></pt><pt><x>3246</x><y>101</y><time>undefined</time></pt><pt><x>1416</x><y>101</y><time>undefined</time></pt><closed_date>17-10-20 23:23:55:034</closed_date></polygon></object></annotation>