<annotation><filename>m4_s03_025_p_nic047.jpg</filename><folder>users/joselusava//museos2020/jc</folder><source><submittedBy>Jose Saca</submittedBy></source><imagesize><nrows>2910</nrows><ncols>4361</ncols></imagesize><object><name>m4_s03_025_p_nic047</name><deleted>0</deleted><verified>0</verified><occluded>no</occluded><attributes></attributes><parts><hasparts></hasparts><ispartof></ispartof></parts><date>08-11-20 13:40:08:494</date><id>0</id><type>bounding_box</type><polygon><username>anonymous</username><pt><x>150</x><y>916</y><time>08-11-20 13:40:04:685</time></pt><pt><x>2665</x><y>916</y><time>08-11-20 13:40:06:532</time></pt><pt><x>2665</x><y>2172</y><time>undefined</time></pt><pt><x>150</x><y>2172</y><time>undefined</time></pt><closed_date>08-11-20 13:40:06:533</closed_date></polygon></object></annotation>