<annotation><filename>m2_s01_010_p_nic093.jpg</filename><folder>users/joselusava//santiago</folder><source><submittedBy>Jose Saca</submittedBy></source><imagesize><nrows>2850</nrows><ncols>4271</ncols></imagesize><object><name>m2_s01_010_p_nic093</name><deleted>0</deleted><verified>0</verified><occluded>no</occluded><attributes></attributes><parts><hasparts></hasparts><ispartof></ispartof></parts><date>22-09-20 21:53:04:131</date><id>0</id><type>bounding_box</type><polygon><username>anonymous</username><pt><x>2597</x><y>260</y><time>22-09-20 21:52:57:100</time></pt><pt><x>3616</x><y>260</y><time>22-09-20 21:52:58:016</time></pt><pt><x>3616</x><y>1488</y><time>undefined</time></pt><pt><x>2597</x><y>1488</y><time>undefined</time></pt><closed_date>22-09-20 21:52:58:016</closed_date></polygon></object></annotation>