<annotation><filename>m2_s01_043_x.jpg</filename><folder>users/joselusava//juancarlos</folder><source><submittedBy>Jose Saca</submittedBy></source><imagesize><nrows>2850</nrows><ncols>4271</ncols></imagesize><object><name>m2_s01_043_x</name><deleted>0</deleted><verified>0</verified><occluded>no</occluded><attributes></attributes><parts><hasparts></hasparts><ispartof></ispartof></parts><date>28-09-20 11:04:37:846</date><id>0</id><type>bounding_box</type><polygon><username>anonymous</username><pt><x>1348</x><y>323</y><time>28-09-20 11:04:30:128</time></pt><pt><x>2886</x><y>323</y><time>28-09-20 11:04:32:792</time></pt><pt><x>2886</x><y>2736</y><time>undefined</time></pt><pt><x>1348</x><y>2736</y><time>undefined</time></pt><closed_date>28-09-20 11:04:32:794</closed_date></polygon></object></annotation>