<annotation><filename>m3_s01_002_p_ic085.jpg</filename><folder>users/joselusava//santiago_3</folder><source><submittedBy>Jose Saca</submittedBy></source><imagesize><nrows>2970</nrows><ncols>4451</ncols></imagesize><object><name>m3_s01_002_p_ic085</name><deleted>0</deleted><verified>0</verified><occluded>no</occluded><attributes></attributes><parts><hasparts></hasparts><ispartof></ispartof></parts><date>29-10-20 13:29:07:997</date><id>0</id><type>bounding_box</type><polygon><username>anonymous</username><pt><x>582</x><y>207</y><time>29-10-20 13:29:03:988</time></pt><pt><x>4298</x><y>207</y><time>29-10-20 13:29:06:038</time></pt><pt><x>4298</x><y>2477</y><time>undefined</time></pt><pt><x>582</x><y>2477</y><time>undefined</time></pt><closed_date>29-10-20 13:29:06:040</closed_date></polygon></object></annotation>