<annotation><filename>img_m1_s03-04_101_p_ic033.jpg</filename><folder>users/joselusava//valeria/sala3y4_101_ic</folder><source><submittedBy>Jose Saca</submittedBy></source><imagesize><nrows>3200</nrows><ncols>4800</ncols></imagesize><object><name>m1_s03_s04_101_p_ic033</name><deleted>0</deleted><verified>0</verified><occluded>no</occluded><attributes></attributes><parts><hasparts></hasparts><ispartof></ispartof></parts><date>28-08-20 23:52:24:425</date><id>0</id><type>bounding_box</type><polygon><username>anonymous</username><pt><x>21</x><y>3136</y><time>28-08-20 23:52:14:624</time></pt><pt><x>4290</x><y>3136</y><time>28-08-20 23:52:17:689</time></pt><pt><x>4290</x><y>650</y><time>undefined</time></pt><pt><x>21</x><y>650</y><time>undefined</time></pt><closed_date>28-08-20 23:52:17:690</closed_date></polygon></object></annotation>