<annotation><filename>m1_s01_004_p_nic039.jpg</filename><folder>users/joselusava//valeria_apoyo/sala01_004_nic</folder><source><submittedBy>Jose Saca</submittedBy></source><imagesize><nrows>3200</nrows><ncols>4800</ncols></imagesize><object><name>m1_s01_004_p_nic039</name><deleted>0</deleted><verified>0</verified><occluded>no</occluded><attributes></attributes><parts><hasparts></hasparts><ispartof></ispartof></parts><date>16-09-20 21:36:20:504</date><id>0</id><type>bounding_box</type><polygon><username>anonymous</username><pt><x>145</x><y>3073</y><time>16-09-20 21:36:13:532</time></pt><pt><x>4776</x><y>3073</y><time>16-09-20 21:36:16:918</time></pt><pt><x>4776</x><y>1503</y><time>undefined</time></pt><pt><x>145</x><y>1503</y><time>undefined</time></pt><closed_date>16-09-20 21:36:16:920</closed_date></polygon></object></annotation>