<annotation><filename>m3_s01_002_p_ic048.jpg</filename><folder>users/joselusava//santiago_3</folder><source><submittedBy>Jose Saca</submittedBy></source><imagesize><nrows>2970</nrows><ncols>4451</ncols></imagesize><object><name>m3_s01_002_p_ic048</name><deleted>0</deleted><verified>0</verified><occluded>no</occluded><attributes></attributes><parts><hasparts></hasparts><ispartof></ispartof></parts><date>28-10-20 19:04:30:317</date><id>0</id><type>bounding_box</type><polygon><username>anonymous</username><pt><x>942</x><y>428</y><time>28-10-20 19:04:26:762</time></pt><pt><x>3338</x><y>428</y><time>28-10-20 19:04:28:466</time></pt><pt><x>3338</x><y>2245</y><time>undefined</time></pt><pt><x>942</x><y>2245</y><time>undefined</time></pt><closed_date>28-10-20 19:04:28:468</closed_date></polygon></object></annotation>