<annotation><filename>m2_s02_129_p_nic040.jpg</filename><folder>users/joselusava//m2_jsv/129/nic</folder><source><submittedBy>Jose Saca</submittedBy></source><imagesize><nrows>2910</nrows><ncols>4361</ncols></imagesize><object><name>m2_s02_129_p_nic040</name><deleted>0</deleted><verified>0</verified><occluded>no</occluded><attributes></attributes><parts><hasparts></hasparts><ispartof></ispartof></parts><date>25-09-20 07:49:54:391</date><id>0</id><type>bounding_box</type><polygon><username>anonymous</username><pt><x>4169</x><y>2063</y><time>25-09-20 07:49:52:499</time></pt><pt><x>3151</x><y>2063</y><time>25-09-20 07:49:53:797</time></pt><pt><x>3151</x><y>975</y><time>undefined</time></pt><pt><x>4169</x><y>975</y><time>undefined</time></pt><closed_date>25-09-20 07:49:53:798</closed_date></polygon></object></annotation>