<annotation><filename>m2_s01_032_p_ic068.jpg</filename><folder>users/joselusava//santiago_2</folder><source><submittedBy>Jose Saca</submittedBy></source><imagesize><nrows>2850</nrows><ncols>4271</ncols></imagesize><object><name>m2_s01_032_p_ic068</name><deleted>0</deleted><verified>0</verified><occluded>no</occluded><attributes></attributes><parts><hasparts></hasparts><ispartof></ispartof></parts><date>30-09-20 16:49:15:845</date><id>0</id><type>bounding_box</type><polygon><username>anonymous</username><pt><x>1330</x><y>234</y><time>30-09-20 16:49:11:850</time></pt><pt><x>2908</x><y>234</y><time>30-09-20 16:49:14:049</time></pt><pt><x>2908</x><y>2507</y><time>undefined</time></pt><pt><x>1330</x><y>2507</y><time>undefined</time></pt><closed_date>30-09-20 16:49:14:050</closed_date></polygon></object></annotation>