<annotation><filename>m4_s05_052_p_ic086.jpg</filename><folder>users/joselusava//santiago_2</folder><source><submittedBy>Jose Saca</submittedBy></source><imagesize><nrows>2910</nrows><ncols>4361</ncols></imagesize><object><name>m4_s05_052_p_ic086</name><deleted>0</deleted><verified>0</verified><occluded>no</occluded><attributes></attributes><parts><hasparts></hasparts><ispartof></ispartof></parts><date>07-10-20 23:11:27:973</date><id>0</id><type>bounding_box</type><polygon><username>anonymous</username><pt><x>1043</x><y>433</y><time>07-10-20 23:11:24:311</time></pt><pt><x>3107</x><y>433</y><time>07-10-20 23:11:26:033</time></pt><pt><x>3107</x><y>2612</y><time>undefined</time></pt><pt><x>1043</x><y>2612</y><time>undefined</time></pt><closed_date>07-10-20 23:11:26:034</closed_date></polygon></object></annotation>