<annotation><filename>m2_s01_056_p_ic084.jpg</filename><folder>users/joselusava//m2_jsv/56/ic</folder><source><submittedBy>Jose Saca</submittedBy></source><imagesize><nrows>2850</nrows><ncols>4271</ncols></imagesize><object><name>m2_s01_056_p_ic084</name><deleted>0</deleted><verified>0</verified><occluded>no</occluded><attributes></attributes><parts><hasparts></hasparts><ispartof></ispartof></parts><date>28-09-20 21:54:05:730</date><id>0</id><type>bounding_box</type><polygon><username>anonymous</username><pt><x>2734</x><y>2310</y><time>28-09-20 21:54:03:929</time></pt><pt><x>1410</x><y>2310</y><time>28-09-20 21:54:05:160</time></pt><pt><x>1410</x><y>509</y><time>undefined</time></pt><pt><x>2734</x><y>509</y><time>undefined</time></pt><closed_date>28-09-20 21:54:05:160</closed_date></polygon></object></annotation>