<annotation><filename>m4_s03_025_p_ic001.jpg</filename><folder>users/joselusava//juancarlos</folder><source><submittedBy>Jose Saca</submittedBy></source><imagesize><nrows>2910</nrows><ncols>4361</ncols></imagesize><object><name>m4_s02_025_p_ic001</name><deleted>0</deleted><verified>0</verified><occluded>no</occluded><attributes></attributes><parts><hasparts></hasparts><ispartof></ispartof></parts><date>05-11-20 17:01:13:618</date><id>0</id><type>bounding_box</type><polygon><username>anonymous</username><pt><x>499</x><y>739</y><time>05-11-20 17:00:54:009</time></pt><pt><x>3621</x><y>739</y><time>05-11-20 17:00:58:812</time></pt><pt><x>3621</x><y>2425</y><time>undefined</time></pt><pt><x>499</x><y>2425</y><time>undefined</time></pt><closed_date>05-11-20 17:00:58:813</closed_date></polygon></object></annotation>