<annotation><filename>m2_s05_236_p_ic093.jpg</filename><folder>users/joselusava//museos2020</folder><source><submittedBy>Jose Saca</submittedBy></source><imagesize><nrows>2910</nrows><ncols>4361</ncols></imagesize><object><name>m2_s05_236_p_ic093</name><deleted>0</deleted><verified>0</verified><occluded>no</occluded><attributes></attributes><parts><hasparts></hasparts><ispartof></ispartof></parts><date>16-09-20 19:32:24:870</date><id>0</id><type>bounding_box</type><polygon><username>anonymous</username><pt><x>790</x><y>172</y><time>16-09-20 19:32:17:319</time></pt><pt><x>3891</x><y>172</y><time>16-09-20 19:32:18:818</time></pt><pt><x>3891</x><y>2891</y><time>undefined</time></pt><pt><x>790</x><y>2891</y><time>undefined</time></pt><closed_date>16-09-20 19:32:18:819</closed_date></polygon></object></annotation>