<annotation><filename>m4_s05_060_p_ic019.jpg</filename><folder>users/joselusava//m4_js/60/ic</folder><source><submittedBy>Jose Saca</submittedBy></source><imagesize><nrows>2910</nrows><ncols>4361</ncols></imagesize><object><name>m4_s05_060_p_ic019</name><deleted>0</deleted><verified>0</verified><occluded>no</occluded><attributes></attributes><parts><hasparts></hasparts><ispartof></ispartof></parts><date>13-10-20 15:42:00:657</date><id>0</id><type>bounding_box</type><polygon><username>anonymous</username><pt><x>4161</x><y>2350</y><time>13-10-20 15:41:58:469</time></pt><pt><x>427</x><y>2350</y><time>13-10-20 15:41:59:990</time></pt><pt><x>427</x><y>627</y><time>undefined</time></pt><pt><x>4161</x><y>627</y><time>undefined</time></pt><closed_date>13-10-20 15:41:59:991</closed_date></polygon></object></annotation>