<annotation><filename>m2_s01_034_p_ic012.jpg</filename><folder>users/joselusava//kath</folder><source><submittedBy>Jose Saca</submittedBy></source><imagesize><nrows>2850</nrows><ncols>4271</ncols></imagesize><object><name>m2_s01_034_p_ic011</name><deleted>0</deleted><verified>0</verified><occluded>no</occluded><attributes></attributes><parts><hasparts></hasparts><ispartof></ispartof></parts><date>23-09-20 22:26:49:547</date><id>0</id><type>bounding_box</type><polygon><username>anonymous</username><pt><x>1137</x><y>197</y><time>23-09-20 22:26:30:491</time></pt><pt><x>2983</x><y>197</y><time>23-09-20 22:26:36:961</time></pt><pt><x>2983</x><y>2808</y><time>undefined</time></pt><pt><x>1137</x><y>2808</y><time>undefined</time></pt><closed_date>23-09-20 22:26:36:962</closed_date></polygon></object></annotation>