<annotation><filename>m2_s01_010_p_nic086.jpg</filename><folder>users/joselusava//santiago</folder><source><submittedBy>Jose Saca</submittedBy></source><imagesize><nrows>2850</nrows><ncols>4271</ncols></imagesize><object><name>m2_s01_010_p_nic086</name><deleted>0</deleted><verified>0</verified><occluded>no</occluded><attributes></attributes><parts><hasparts></hasparts><ispartof></ispartof></parts><date>22-09-20 21:41:47:383</date><id>0</id><type>bounding_box</type><polygon><username>anonymous</username><pt><x>526</x><y>1257</y><time>22-09-20 21:41:40:050</time></pt><pt><x>1276</x><y>1257</y><time>22-09-20 21:41:41:151</time></pt><pt><x>1276</x><y>1952</y><time>undefined</time></pt><pt><x>526</x><y>1952</y><time>undefined</time></pt><closed_date>22-09-20 21:41:41:152</closed_date></polygon></object></annotation>