<annotation><filename>m2_s07_264_p_nic002.jpg</filename><folder>users/joselusava//valeria/sala7_264_nic</folder><source><submittedBy>Jose Saca</submittedBy></source><imagesize><nrows>2910</nrows><ncols>4361</ncols></imagesize><object><name>m2_s07_264_p_nic002</name><deleted>0</deleted><verified>0</verified><occluded>no</occluded><attributes></attributes><parts><hasparts></hasparts><ispartof></ispartof></parts><date>23-09-20 19:14:53:642</date><id>0</id><type>bounding_box</type><polygon><username>anonymous</username><pt><x>121</x><y>2408</y><time>23-09-20 19:14:48:135</time></pt><pt><x>1488</x><y>2408</y><time>23-09-20 19:14:50:248</time></pt><pt><x>1488</x><y>689</y><time>undefined</time></pt><pt><x>121</x><y>689</y><time>undefined</time></pt><closed_date>23-09-20 19:14:50:250</closed_date></polygon></object></annotation>