<annotation><filename>m2_s07_264_p_nic048.jpg</filename><folder>users/joselusava//valeria/sala7_264_nic</folder><source><submittedBy>Jose Saca</submittedBy></source><imagesize><nrows>2910</nrows><ncols>4361</ncols></imagesize><object><name>m2_s07_264_p_nic048</name><deleted>0</deleted><verified>0</verified><occluded>no</occluded><attributes></attributes><parts><hasparts></hasparts><ispartof></ispartof></parts><date>23-09-20 20:39:41:739</date><id>0</id><type>bounding_box</type><polygon><username>anonymous</username><pt><x>2629</x><y>2353</y><time>23-09-20 20:39:35:516</time></pt><pt><x>3886</x><y>2353</y><time>23-09-20 20:39:37:810</time></pt><pt><x>3886</x><y>568</y><time>undefined</time></pt><pt><x>2629</x><y>568</y><time>undefined</time></pt><closed_date>23-09-20 20:39:37:811</closed_date></polygon></object></annotation>