<annotation><filename>m1_s01_001_p_ic053.jpg</filename><folder>users/joselusava//juancarlos</folder><source><submittedBy>Jose Saca</submittedBy></source><imagesize><nrows>2000</nrows><ncols>2992</ncols></imagesize><object><name>m1_s01_001_p_ic053</name><deleted>0</deleted><verified>0</verified><occluded>no</occluded><attributes></attributes><parts><hasparts></hasparts><ispartof></ispartof></parts><date>31-08-20 16:55:58:925</date><id>0</id><type>bounding_box</type><polygon><username>anonymous</username><pt><x>871</x><y>648</y><time>31-08-20 16:54:42:565</time></pt><pt><x>2027</x><y>648</y><time>31-08-20 16:54:46:446</time></pt><pt><x>2027</x><y>1477</y><time>undefined</time></pt><pt><x>871</x><y>1477</y><time>undefined</time></pt><closed_date>31-08-20 16:54:46:448</closed_date></polygon></object></annotation>