<annotation><filename>m1_s02_036_p_nic030.jpg</filename><folder>users/joselusava//valeria/sala2_036_nic</folder><source><submittedBy>Jose Saca</submittedBy></source><imagesize><nrows>3200</nrows><ncols>4800</ncols></imagesize><object><name>m1_s02_036_p_nic030</name><deleted>0</deleted><verified>0</verified><occluded>no</occluded><attributes></attributes><parts><hasparts></hasparts><ispartof></ispartof></parts><date>26-08-20 23:16:50:789</date><id>0</id><type>bounding_box</type><polygon><username>anonymous</username><pt><x>2969</x><y>1863</y><time>26-08-20 23:16:45:077</time></pt><pt><x>4338</x><y>1863</y><time>26-08-20 23:16:47:287</time></pt><pt><x>4338</x><y>3017</y><time>undefined</time></pt><pt><x>2969</x><y>3017</y><time>undefined</time></pt><closed_date>26-08-20 23:16:47:287</closed_date></polygon></object></annotation>