<annotation><filename>m4_s03_025_p_ic086.jpg</filename><folder>users/joselusava//m4_js/m3/25</folder><source><submittedBy>Jose Saca</submittedBy></source><imagesize><nrows>2910</nrows><ncols>4361</ncols></imagesize><object><name>m4_s03_025_p_ic086</name><deleted>0</deleted><verified>0</verified><occluded>no</occluded><attributes></attributes><parts><hasparts></hasparts><ispartof></ispartof></parts><date>09-11-20 11:21:04:256</date><id>0</id><type>bounding_box</type><polygon><username>anonymous</username><pt><x>374</x><y>731</y><time>09-11-20 11:21:02:480</time></pt><pt><x>3917</x><y>731</y><time>09-11-20 11:21:03:636</time></pt><pt><x>3917</x><y>2498</y><time>undefined</time></pt><pt><x>374</x><y>2498</y><time>undefined</time></pt><closed_date>09-11-20 11:21:03:636</closed_date></polygon></object></annotation>