<annotation><filename>m4_s10_154_p_ic009.jpg</filename><folder>users/joselusava//valeria/m04_s10_154_ic</folder><source><submittedBy>Jose Saca</submittedBy></source><imagesize><nrows>2970</nrows><ncols>4451</ncols></imagesize><object><name>m4_s10_154_p_ic009</name><deleted>0</deleted><verified>0</verified><occluded>no</occluded><attributes></attributes><parts><hasparts></hasparts><ispartof></ispartof></parts><date>13-10-20 17:11:12:644</date><id>0</id><type>bounding_box</type><polygon><username>anonymous</username><pt><x>1193</x><y>2723</y><time>13-10-20 17:11:05:768</time></pt><pt><x>3038</x><y>2723</y><time>13-10-20 17:11:08:670</time></pt><pt><x>3038</x><y>332</y><time>undefined</time></pt><pt><x>1193</x><y>332</y><time>undefined</time></pt><closed_date>13-10-20 17:11:08:670</closed_date></polygon></object></annotation>