<annotation><filename>m4_s08_118_x.jpg</filename><folder>users/joselusava//kath/m4_x</folder><source><submittedBy>Jose Saca</submittedBy></source><imagesize><nrows>2970</nrows><ncols>4451</ncols></imagesize><object><name>m4_s08_118_x</name><deleted>0</deleted><verified>0</verified><occluded>no</occluded><attributes></attributes><parts><hasparts></hasparts><ispartof></ispartof></parts><date>21-10-20 11:27:56:103</date><id>0</id><type>bounding_box</type><polygon><username>anonymous</username><pt><x>1120</x><y>327</y><time>21-10-20 11:27:50:893</time></pt><pt><x>3153</x><y>327</y><time>21-10-20 11:27:53:112</time></pt><pt><x>3153</x><y>2562</y><time>undefined</time></pt><pt><x>1120</x><y>2562</y><time>undefined</time></pt><closed_date>21-10-20 11:27:53:113</closed_date></polygon></object></annotation>