<annotation><filename>m2_s01_001_p_ic030.jpg</filename><folder>users/joselusava//santiago</folder><source><submittedBy>Jose Saca</submittedBy></source><imagesize><nrows>2850</nrows><ncols>4271</ncols></imagesize><object><name>m2_s01_001_p_ic030</name><deleted>0</deleted><verified>0</verified><occluded>no</occluded><attributes></attributes><parts><hasparts></hasparts><ispartof></ispartof></parts><date>19-09-20 08:17:43:884</date><id>0</id><type>bounding_box</type><polygon><username>anonymous</username><pt><x>632</x><y>90</y><time>19-09-20 08:17:33:327</time></pt><pt><x>3180</x><y>90</y><time>19-09-20 08:17:35:939</time></pt><pt><x>3180</x><y>2786</y><time>undefined</time></pt><pt><x>632</x><y>2786</y><time>undefined</time></pt><closed_date>19-09-20 08:17:35:940</closed_date></polygon></object></annotation>