<annotation><filename>m2_s03_201_p_ic007.jpg</filename><folder>users/joselusava//juancarlos</folder><source><submittedBy>Jose Saca</submittedBy></source><imagesize><nrows>2910</nrows><ncols>4361</ncols></imagesize><object><name>m2_s03_201_p_ic007</name><deleted>0</deleted><verified>0</verified><occluded>no</occluded><attributes></attributes><parts><hasparts></hasparts><ispartof></ispartof></parts><date>04-10-20 20:51:50:054</date><id>0</id><polygon><username>anonymous</username><pt><x>1571</x><y>386</y><time>04-10-20 20:51:38:706</time></pt><pt><x>1413</x><y>2180</y><time>04-10-20 20:51:39:671</time></pt><pt><x>3180</x><y>2306</y><time>04-10-20 20:51:40:804</time></pt><pt><x>2933</x><y>539</y><time>04-10-20 20:51:41:820</time></pt><closed_date>04-10-20 20:51:42:655</closed_date></polygon></object></annotation>