<annotation><filename>m2_s01_024_p_nic098.jpg</filename><folder>users/joselusava//santiago</folder><source><submittedBy>Jose Saca</submittedBy></source><imagesize><nrows>2850</nrows><ncols>4271</ncols></imagesize><object><name>m2_s01_024_p_nic098</name><deleted>0</deleted><verified>0</verified><occluded>no</occluded><attributes></attributes><parts><hasparts></hasparts><ispartof></ispartof></parts><date>25-09-20 16:02:07:958</date><id>0</id><type>bounding_box</type><polygon><username>anonymous</username><pt><x>2943</x><y>240</y><time>25-09-20 16:02:02:050</time></pt><pt><x>3629</x><y>240</y><time>25-09-20 16:02:02:970</time></pt><pt><x>3629</x><y>1491</y><time>undefined</time></pt><pt><x>2943</x><y>1491</y><time>undefined</time></pt><closed_date>25-09-20 16:02:02:971</closed_date></polygon></object></annotation>