<annotation><filename>m1_s01_001_p_nic059.jpg</filename><folder>users/joselusava//juancarlos</folder><source><submittedBy>Jose Saca</submittedBy></source><imagesize><nrows>3200</nrows><ncols>4800</ncols></imagesize><object><name>m1_s01_001_p_nic059</name><deleted>0</deleted><verified>0</verified><occluded>no</occluded><attributes></attributes><parts><hasparts></hasparts><ispartof></ispartof></parts><date>09-09-20 17:09:36:361</date><id>0</id><type>bounding_box</type><polygon><username>anonymous</username><pt><x>1115</x><y>2467</y><time>09-09-20 17:09:23:764</time></pt><pt><x>2182</x><y>2467</y><time>09-09-20 17:09:27:043</time></pt><pt><x>2182</x><y>2994</y><time>undefined</time></pt><pt><x>1115</x><y>2994</y><time>undefined</time></pt><closed_date>09-09-20 17:09:27:044</closed_date></polygon></object></annotation>