<annotation><filename>m4_s02_021_p_ic031.jpg</filename><folder>users/joselusava//santiago_2</folder><source><submittedBy>Jose Saca</submittedBy></source><imagesize><nrows>3000</nrows><ncols>4496</ncols></imagesize><object><name>m4_s02_021_p_ic031</name><deleted>0</deleted><verified>0</verified><occluded>no</occluded><attributes></attributes><parts><hasparts></hasparts><ispartof></ispartof></parts><date>03-10-20 17:57:04:481</date><id>0</id><type>bounding_box</type><polygon><username>anonymous</username><pt><x>1746</x><y>464</y><time>03-10-20 17:57:00:453</time></pt><pt><x>2879</x><y>464</y><time>03-10-20 17:57:02:155</time></pt><pt><x>2879</x><y>2493</y><time>undefined</time></pt><pt><x>1746</x><y>2493</y><time>undefined</time></pt><closed_date>03-10-20 17:57:02:156</closed_date></polygon></object></annotation>