<annotation><filename>m4_s09_138_p_nic035.jpg</filename><folder>users/joselusava//santiago_2</folder><source><submittedBy>Jose Saca</submittedBy></source><imagesize><nrows>2970</nrows><ncols>4451</ncols></imagesize><object><name>m4_s09_138_p_nic035</name><deleted>0</deleted><verified>0</verified><occluded>no</occluded><attributes></attributes><parts><hasparts></hasparts><ispartof></ispartof></parts><date>23-10-20 13:45:24:498</date><id>0</id><type>bounding_box</type><polygon><username>anonymous</username><pt><x>1821</x><y>892</y><time>23-10-20 13:45:21:300</time></pt><pt><x>4362</x><y>892</y><time>23-10-20 13:45:22:414</time></pt><pt><x>4362</x><y>1978</y><time>undefined</time></pt><pt><x>1821</x><y>1978</y><time>undefined</time></pt><closed_date>23-10-20 13:45:22:415</closed_date></polygon></object></annotation>