<annotation><filename>m1_s02_065_p_nic050.jpg</filename><folder>users/joselusava//valeria/sala2_065_nic</folder><source><submittedBy>Jose Saca</submittedBy></source><imagesize><nrows>2000</nrows><ncols>2992</ncols></imagesize><object><name>m1_s02_065_p_nic050</name><deleted>0</deleted><verified>0</verified><occluded>no</occluded><attributes></attributes><parts><hasparts></hasparts><ispartof></ispartof></parts><date>27-08-20 23:13:11:041</date><id>0</id><type>bounding_box</type><polygon><username>anonymous</username><pt><x>1087</x><y>1748</y><time>27-08-20 23:13:04:363</time></pt><pt><x>2557</x><y>1748</y><time>27-08-20 23:13:08:035</time></pt><pt><x>2557</x><y>1138</y><time>undefined</time></pt><pt><x>1087</x><y>1138</y><time>undefined</time></pt><closed_date>27-08-20 23:13:08:035</closed_date></polygon></object></annotation>