<annotation><filename>img_m1_s10_303_p_nic082.jpg</filename><folder>users/joselusava//santiago</folder><source><submittedBy>Jose Saca</submittedBy></source><imagesize><nrows>3200</nrows><ncols>4800</ncols></imagesize><object><name>m1_s10_303_p_nic082</name><deleted>0</deleted><verified>0</verified><occluded>no</occluded><attributes></attributes><parts><hasparts></hasparts><ispartof></ispartof></parts><date>01-09-20 22:58:52:574</date><id>0</id><type>bounding_box</type><polygon><username>anonymous</username><pt><x>353</x><y>457</y><time>01-09-20 22:58:42:535</time></pt><pt><x>1980</x><y>457</y><time>01-09-20 22:58:43:898</time></pt><pt><x>1980</x><y>1375</y><time>undefined</time></pt><pt><x>353</x><y>1375</y><time>undefined</time></pt><closed_date>01-09-20 22:58:43:900</closed_date></polygon></object></annotation>