<annotation><filename>m2_s07_264_p_nic035.jpg</filename><folder>users/joselusava//valeria/sala7_264_nic</folder><source><submittedBy>Jose Saca</submittedBy></source><imagesize><nrows>2910</nrows><ncols>4361</ncols></imagesize><object><name>m2_s07_264_p_nic035</name><deleted>0</deleted><verified>0</verified><occluded>no</occluded><attributes></attributes><parts><hasparts></hasparts><ispartof></ispartof></parts><date>23-09-20 20:00:56:048</date><id>0</id><type>bounding_box</type><polygon><username>anonymous</username><pt><x>138</x><y>2243</y><time>23-09-20 20:00:49:947</time></pt><pt><x>1477</x><y>2243</y><time>23-09-20 20:00:52:266</time></pt><pt><x>1477</x><y>562</y><time>undefined</time></pt><pt><x>138</x><y>562</y><time>undefined</time></pt><closed_date>23-09-20 20:00:52:267</closed_date></polygon></object></annotation>