<annotation><filename>m4_s07_105_p_ic038.jpg</filename><folder>users/joselusava//kath/m4_105</folder><source><submittedBy>Jose Saca</submittedBy></source><imagesize><nrows>2970</nrows><ncols>4451</ncols></imagesize><object><name>m4_s07_105_p_ic038</name><deleted>0</deleted><verified>0</verified><occluded>no</occluded><attributes></attributes><parts><hasparts></hasparts><ispartof></ispartof></parts><date>29-10-20 08:12:39:392</date><id>0</id><type>bounding_box</type><polygon><username>anonymous</username><pt><x>1596</x><y>375</y><time>29-10-20 08:12:34:439</time></pt><pt><x>2840</x><y>375</y><time>29-10-20 08:12:36:688</time></pt><pt><x>2840</x><y>2691</y><time>undefined</time></pt><pt><x>1596</x><y>2691</y><time>undefined</time></pt><closed_date>29-10-20 08:12:36:688</closed_date></polygon></object></annotation>