<annotation><filename>m2_s01_018_p_nic067.jpg</filename><folder>users/joselusava//santiago_2</folder><source><submittedBy>Jose Saca</submittedBy></source><imagesize><nrows>2850</nrows><ncols>4271</ncols></imagesize><object><name>m2_s01_018_p_nic067</name><deleted>0</deleted><verified>0</verified><occluded>no</occluded><attributes></attributes><parts><hasparts></hasparts><ispartof></ispartof></parts><date>29-09-20 18:28:08:500</date><id>0</id><type>bounding_box</type><polygon><username>anonymous</username><pt><x>1943</x><y>458</y><time>29-09-20 18:28:04:917</time></pt><pt><x>2356</x><y>458</y><time>29-09-20 18:28:06:027</time></pt><pt><x>2356</x><y>946</y><time>undefined</time></pt><pt><x>1943</x><y>946</y><time>undefined</time></pt><closed_date>29-09-20 18:28:06:028</closed_date></polygon></object></annotation>