<annotation><filename>m2_s03_219_p_ic033.jpg</filename><folder>users/joselusava//valeria/m2_sala03_219_ic</folder><source><submittedBy>Jose Saca</submittedBy></source><imagesize><nrows>2910</nrows><ncols>4361</ncols></imagesize><object><name>m2_s03_219_p_ic033</name><deleted>0</deleted><verified>0</verified><occluded>no</occluded><attributes></attributes><parts><hasparts></hasparts><ispartof></ispartof></parts><date>29-09-20 00:12:03:375</date><id>0</id><type>bounding_box</type><polygon><username>anonymous</username><pt><x>1075</x><y>243</y><time>29-09-20 00:11:57:895</time></pt><pt><x>3401</x><y>243</y><time>29-09-20 00:11:59:679</time></pt><pt><x>3401</x><y>2568</y><time>undefined</time></pt><pt><x>1075</x><y>2568</y><time>undefined</time></pt><closed_date>29-09-20 00:11:59:680</closed_date></polygon></object></annotation>