<annotation><filename>m1_s01_017_p_nic046.jpg</filename><folder>users/joselusava//santiago</folder><source><submittedBy>Jose Saca</submittedBy></source><imagesize><nrows>3200</nrows><ncols>4800</ncols></imagesize><object><name>m1_s01_017_p_nic046</name><deleted>0</deleted><verified>0</verified><occluded>no</occluded><attributes></attributes><parts><hasparts></hasparts><ispartof></ispartof></parts><date>11-09-20 19:12:48:998</date><id>0</id><type>bounding_box</type><polygon><username>anonymous</username><pt><x>3614</x><y>1418</y><time>11-09-20 19:12:40:678</time></pt><pt><x>4118</x><y>1418</y><time>11-09-20 19:12:42:062</time></pt><pt><x>4118</x><y>1753</y><time>undefined</time></pt><pt><x>3614</x><y>1753</y><time>undefined</time></pt><closed_date>11-09-20 19:12:42:063</closed_date></polygon></object></annotation>