<annotation><filename>m4_s03_025_p_nic038.jpg</filename><folder>users/joselusava//santiago_3</folder><source><submittedBy>Jose Saca</submittedBy></source><imagesize><nrows>2910</nrows><ncols>4361</ncols></imagesize><object><name>m4_s03_025_p_nic038</name><deleted>0</deleted><verified>0</verified><occluded>no</occluded><attributes></attributes><parts><hasparts></hasparts><ispartof></ispartof></parts><date>07-11-20 23:53:25:209</date><id>0</id><type>bounding_box</type><polygon><username>anonymous</username><pt><x>1504</x><y>591</y><time>07-11-20 23:53:21:173</time></pt><pt><x>4001</x><y>591</y><time>07-11-20 23:53:22:244</time></pt><pt><x>4001</x><y>1784</y><time>undefined</time></pt><pt><x>1504</x><y>1784</y><time>undefined</time></pt><closed_date>07-11-20 23:53:22:245</closed_date></polygon></object></annotation>