<annotation><filename>m2_s02_148_x.jpg</filename><folder>users/joselusava//m2_jsv</folder><source><submittedBy>Jose Saca</submittedBy></source><imagesize><nrows>2910</nrows><ncols>4361</ncols></imagesize><object><name>m2_s02_148_x</name><deleted>0</deleted><verified>0</verified><occluded>no</occluded><attributes></attributes><parts><hasparts></hasparts><ispartof></ispartof></parts><date>19-09-20 23:42:19:888</date><id>0</id><type>bounding_box</type><polygon><username>anonymous</username><pt><x>3081</x><y>2368</y><time>19-09-20 23:42:18:316</time></pt><pt><x>1271</x><y>2368</y><time>19-09-20 23:42:19:204</time></pt><pt><x>1271</x><y>540</y><time>undefined</time></pt><pt><x>3081</x><y>540</y><time>undefined</time></pt><closed_date>19-09-20 23:42:19:205</closed_date></polygon></object></annotation>