<annotation><filename>m2_s03_201_p_ic084.jpg</filename><folder>users/joselusava//juancarlos</folder><source><submittedBy>Jose Saca</submittedBy></source><imagesize><nrows>2910</nrows><ncols>4361</ncols></imagesize><object><name>m2_s03_201_p_ic084</name><deleted>0</deleted><verified>0</verified><occluded>no</occluded><attributes></attributes><parts><hasparts></hasparts><ispartof></ispartof></parts><date>04-10-20 20:55:49:697</date><id>0</id><polygon><username>anonymous</username><pt><x>1632</x><y>841</y><time>04-10-20 20:55:37:571</time></pt><pt><x>1483</x><y>2180</y><time>04-10-20 20:55:38:303</time></pt><pt><x>2771</x><y>2008</y><time>04-10-20 20:55:39:014</time></pt><pt><x>2668</x><y>674</y><time>04-10-20 20:55:39:798</time></pt><closed_date>04-10-20 20:55:40:637</closed_date></polygon></object></annotation>