<annotation><filename>m2_s01_010_p_nic014.jpg</filename><folder>users/joselusava//santiago</folder><source><submittedBy>Jose Saca</submittedBy></source><imagesize><nrows>2850</nrows><ncols>4271</ncols></imagesize><object><name>m2_s01_010_p_nic014</name><deleted>0</deleted><verified>0</verified><occluded>no</occluded><attributes></attributes><parts><hasparts></hasparts><ispartof></ispartof></parts><date>22-09-20 20:00:16:340</date><id>0</id><type>bounding_box</type><polygon><username>anonymous</username><pt><x>430</x><y>1026</y><time>22-09-20 20:00:08:602</time></pt><pt><x>1366</x><y>1026</y><time>22-09-20 20:00:10:169</time></pt><pt><x>1366</x><y>1962</y><time>undefined</time></pt><pt><x>430</x><y>1962</y><time>undefined</time></pt><closed_date>22-09-20 20:00:10:170</closed_date></polygon></object></annotation>