<annotation><filename>m1_s06_186_p_ic024.jpg</filename><folder>users/joselusava//jacob_2/186ic</folder><source><submittedBy>Jose Saca</submittedBy></source><imagesize><nrows>2736</nrows><ncols>4100</ncols></imagesize><object><name>s06_186_p_ic024</name><deleted>0</deleted><verified>0</verified><occluded>no</occluded><attributes></attributes><parts><hasparts></hasparts><ispartof></ispartof></parts><date>09-09-20 11:25:44:118</date><id>0</id><type>bounding_box</type><polygon><username>anonymous</username><pt><x>3110</x><y>2643</y><time>09-09-20 11:25:39:989</time></pt><pt><x>917</x><y>2643</y><time>09-09-20 11:25:42:785</time></pt><pt><x>917</x><y>98</y><time>undefined</time></pt><pt><x>3110</x><y>98</y><time>undefined</time></pt><closed_date>09-09-20 11:25:42:786</closed_date></polygon></object></annotation>