<annotation><filename>m1_s02_036_p_nic086.jpg</filename><folder>users/joselusava//valeria/sala2_036_nic</folder><source><submittedBy>Jose Saca</submittedBy></source><imagesize><nrows>3200</nrows><ncols>4800</ncols></imagesize><object><name>m1_s02_036_p_nic086</name><deleted>0</deleted><verified>0</verified><occluded>no</occluded><attributes></attributes><parts><hasparts></hasparts><ispartof></ispartof></parts><date>27-08-20 12:56:03:381</date><id>0</id><type>bounding_box</type><polygon><username>anonymous</username><pt><x>1670</x><y>2110</y><time>27-08-20 12:55:58:274</time></pt><pt><x>623</x><y>2110</y><time>27-08-20 12:55:59:972</time></pt><pt><x>623</x><y>1068</y><time>undefined</time></pt><pt><x>1670</x><y>1068</y><time>undefined</time></pt><closed_date>27-08-20 12:55:59:973</closed_date></polygon></object></annotation>