<annotation><filename>m2_s01_034_p_ic001.jpg</filename><folder>users/joselusava//kath</folder><source><submittedBy>Jose Saca</submittedBy></source><imagesize><nrows>2850</nrows><ncols>4271</ncols></imagesize><object><name>m2_s01_034_p_ic001</name><deleted>0</deleted><verified>0</verified><occluded>no</occluded><attributes></attributes><parts><hasparts></hasparts><ispartof></ispartof></parts><date>23-09-20 21:40:44:064</date><id>0</id><type>bounding_box</type><polygon><username>anonymous</username><pt><x>1474</x><y>2703</y><time>23-09-20 21:40:18:099</time></pt><pt><x>2990</x><y>2703</y><time>23-09-20 21:40:24:045</time></pt><pt><x>2990</x><y>225</y><time>undefined</time></pt><pt><x>1474</x><y>225</y><time>undefined</time></pt><closed_date>23-09-20 21:40:24:046</closed_date></polygon></object></annotation>