<annotation><filename>m3_s01_002_p_nic098.jpg</filename><folder>users/joselusava//santiago_3</folder><source><submittedBy>Jose Saca</submittedBy></source><imagesize><nrows>2970</nrows><ncols>4451</ncols></imagesize><object><name>m3_s01_002_p_nic098</name><deleted>0</deleted><verified>0</verified><occluded>no</occluded><attributes></attributes><parts><hasparts></hasparts><ispartof></ispartof></parts><date>29-10-20 21:21:09:423</date><id>0</id><type>bounding_box</type><polygon><username>anonymous</username><pt><x>1456</x><y>232</y><time>29-10-20 21:21:06:295</time></pt><pt><x>4159</x><y>232</y><time>29-10-20 21:21:07:297</time></pt><pt><x>4159</x><y>2170</y><time>undefined</time></pt><pt><x>1456</x><y>2170</y><time>undefined</time></pt><closed_date>29-10-20 21:21:07:298</closed_date></polygon></object></annotation>