<annotation><filename>m3_s01_018_p_nic031.jpg</filename><folder>users/joselusava//m4_js/18/nic</folder><source><submittedBy>Jose Saca</submittedBy></source><imagesize><nrows>2970</nrows><ncols>4451</ncols></imagesize><object><name>m3_s01_018_p_nic031</name><deleted>0</deleted><verified>0</verified><occluded>no</occluded><attributes></attributes><parts><hasparts></hasparts><ispartof></ispartof></parts><date>05-11-20 14:58:02:628</date><id>0</id><type>bounding_box</type><polygon><username>anonymous</username><pt><x>274</x><y>2957</y><time>05-11-20 14:58:00:504</time></pt><pt><x>3851</x><y>2957</y><time>05-11-20 14:58:02:002</time></pt><pt><x>3851</x><y>936</y><time>undefined</time></pt><pt><x>274</x><y>936</y><time>undefined</time></pt><closed_date>05-11-20 14:58:02:002</closed_date></polygon></object></annotation>