<annotation><filename>m2_s01_032_p_ic005.jpg</filename><folder>users/joselusava//santiago_2</folder><source><submittedBy>Jose Saca</submittedBy></source><imagesize><nrows>2850</nrows><ncols>4271</ncols></imagesize><object><name>m2_s01_032_p_ic005</name><deleted>0</deleted><verified>0</verified><occluded>no</occluded><attributes></attributes><parts><hasparts></hasparts><ispartof></ispartof></parts><date>29-09-20 22:05:56:674</date><id>0</id><type>bounding_box</type><polygon><username>anonymous</username><pt><x>1164</x><y>356</y><time>29-09-20 22:05:52:403</time></pt><pt><x>2879</x><y>356</y><time>29-09-20 22:05:54:638</time></pt><pt><x>2879</x><y>2703</y><time>undefined</time></pt><pt><x>1164</x><y>2703</y><time>undefined</time></pt><closed_date>29-09-20 22:05:54:638</closed_date></polygon></object></annotation>