<annotation><filename>m4_s05_052_p_nic065.jpg</filename><folder>users/joselusava//santiago_2</folder><source><submittedBy>Jose Saca</submittedBy></source><imagesize><nrows>2910</nrows><ncols>4361</ncols></imagesize><object><name>m4_s05_052_p_nic065</name><deleted>0</deleted><verified>0</verified><occluded>no</occluded><attributes></attributes><parts><hasparts></hasparts><ispartof></ispartof></parts><date>08-10-20 22:07:29:366</date><id>0</id><type>bounding_box</type><polygon><username>anonymous</username><pt><x>492</x><y>1251</y><time>08-10-20 22:07:26:223</time></pt><pt><x>1646</x><y>1251</y><time>08-10-20 22:07:27:394</time></pt><pt><x>1646</x><y>2699</y><time>undefined</time></pt><pt><x>492</x><y>2699</y><time>undefined</time></pt><closed_date>08-10-20 22:07:27:395</closed_date></polygon></object></annotation>