<annotation><filename>m4_s11_176_p_nic059.jpg</filename><folder>users/joselusava//m4_js/176/nic</folder><source><submittedBy>Jose Saca</submittedBy></source><imagesize><nrows>2970</nrows><ncols>4451</ncols></imagesize><object><name>m4_s11_176_p_nic059</name><deleted>0</deleted><verified>0</verified><occluded>no</occluded><attributes></attributes><parts><hasparts></hasparts><ispartof></ispartof></parts><date>15-10-20 14:42:53:040</date><id>0</id><type>bounding_box</type><polygon><username>anonymous</username><pt><x>2248</x><y>2239</y><time>15-10-20 14:42:50:469</time></pt><pt><x>444</x><y>2239</y><time>15-10-20 14:42:52:451</time></pt><pt><x>444</x><y>808</y><time>undefined</time></pt><pt><x>2248</x><y>808</y><time>undefined</time></pt><closed_date>15-10-20 14:42:52:451</closed_date></polygon></object></annotation>