<annotation><filename>m4_s10_157_p_ic058.jpg</filename><folder>users/joselusava//valeria/m04_s10_157_ic</folder><source><submittedBy>Jose Saca</submittedBy></source><imagesize><nrows>2970</nrows><ncols>4451</ncols></imagesize><object><name>m4_s10_157_p_ic058</name><deleted>0</deleted><verified>0</verified><occluded>no</occluded><attributes></attributes><parts><hasparts></hasparts><ispartof></ispartof></parts><date>12-10-20 17:48:36:944</date><id>0</id><type>bounding_box</type><polygon><username>anonymous</username><pt><x>1187</x><y>2796</y><time>12-10-20 17:48:30:346</time></pt><pt><x>3218</x><y>2796</y><time>12-10-20 17:48:32:933</time></pt><pt><x>3218</x><y>293</y><time>undefined</time></pt><pt><x>1187</x><y>293</y><time>undefined</time></pt><closed_date>12-10-20 17:48:32:934</closed_date></polygon></object></annotation>