<annotation><filename>m3_s01_002_p_ic046.jpg</filename><folder>users/joselusava//santiago_3</folder><source><submittedBy>Jose Saca</submittedBy></source><imagesize><nrows>2970</nrows><ncols>4451</ncols></imagesize><object><name>m3_s01_002_p_ic046</name><deleted>0</deleted><verified>0</verified><occluded>no</occluded><attributes></attributes><parts><hasparts></hasparts><ispartof></ispartof></parts><date>28-10-20 19:02:53:246</date><id>0</id><type>bounding_box</type><polygon><username>anonymous</username><pt><x>775</x><y>393</y><time>28-10-20 19:02:48:580</time></pt><pt><x>3641</x><y>393</y><time>28-10-20 19:02:50:748</time></pt><pt><x>3641</x><y>2524</y><time>undefined</time></pt><pt><x>775</x><y>2524</y><time>undefined</time></pt><closed_date>28-10-20 19:02:50:750</closed_date></polygon></object></annotation>