<annotation><filename>m2_s07_264_p_nic046.jpg</filename><folder>users/joselusava//valeria/sala7_264_nic</folder><source><submittedBy>Jose Saca</submittedBy></source><imagesize><nrows>2910</nrows><ncols>4361</ncols></imagesize><object><name>m2_s07_264_p_nic046</name><deleted>0</deleted><verified>0</verified><occluded>no</occluded><attributes></attributes><parts><hasparts></hasparts><ispartof></ispartof></parts><date>23-09-20 20:33:17:696</date><id>0</id><type>bounding_box</type><polygon><username>anonymous</username><pt><x>2012</x><y>2712</y><time>23-09-20 20:33:12:370</time></pt><pt><x>3230</x><y>2712</y><time>23-09-20 20:33:14:132</time></pt><pt><x>3230</x><y>1003</y><time>undefined</time></pt><pt><x>2012</x><y>1003</y><time>undefined</time></pt><closed_date>23-09-20 20:33:14:134</closed_date></polygon></object></annotation>