<annotation><filename>m2_s01_018_p_nic005.jpg</filename><folder>users/joselusava//santiago_2</folder><source><submittedBy>Jose Saca</submittedBy></source><imagesize><nrows>3000</nrows><ncols>4496</ncols></imagesize><object><name>m2_s01_018_p_nic005</name><deleted>0</deleted><verified>0</verified><occluded>no</occluded><attributes></attributes><parts><hasparts></hasparts><ispartof></ispartof></parts><date>28-09-20 19:26:40:639</date><id>0</id><type>bounding_box</type><polygon><username>anonymous</username><pt><x>3223</x><y>584</y><time>28-09-20 19:26:37:143</time></pt><pt><x>3790</x><y>584</y><time>28-09-20 19:26:38:698</time></pt><pt><x>3790</x><y>1384</y><time>undefined</time></pt><pt><x>3223</x><y>1384</y><time>undefined</time></pt><closed_date>28-09-20 19:26:38:699</closed_date></polygon></object></annotation>