<annotation><filename>m3_s01_023_p_nic031.jpg</filename><folder>users/joselusava//santiago_3</folder><source><submittedBy>Jose Saca</submittedBy></source><imagesize><nrows>2970</nrows><ncols>4451</ncols></imagesize><object><name>m3_s01_023_p_nic031</name><deleted>0</deleted><verified>0</verified><occluded>no</occluded><attributes></attributes><parts><hasparts></hasparts><ispartof></ispartof></parts><date>06-11-20 09:17:03:252</date><id>0</id><type>bounding_box</type><polygon><username>anonymous</username><pt><x>1564</x><y>118</y><time>06-11-20 09:16:59:386</time></pt><pt><x>3270</x><y>118</y><time>06-11-20 09:17:00:675</time></pt><pt><x>3270</x><y>2049</y><time>undefined</time></pt><pt><x>1564</x><y>2049</y><time>undefined</time></pt><closed_date>06-11-20 09:17:00:677</closed_date></polygon></object></annotation>