<annotation><filename>m1_s03-04_100_x.jpg</filename><folder>users/joselusava//valeria/sala03y04</folder><source><submittedBy>Jose Saca</submittedBy></source><imagesize><nrows>3200</nrows><ncols>4800</ncols></imagesize><object><name>m1_s03_s04_100_x</name><deleted>0</deleted><verified>0</verified><occluded>no</occluded><attributes></attributes><parts><hasparts></hasparts><ispartof></ispartof></parts><date>28-08-20 21:37:23:832</date><id>0</id><type>bounding_box</type><polygon><username>anonymous</username><pt><x>4499</x><y>2647</y><time>28-08-20 21:37:16:740</time></pt><pt><x>301</x><y>2647</y><time>28-08-20 21:37:20:155</time></pt><pt><x>301</x><y>784</y><time>undefined</time></pt><pt><x>4499</x><y>784</y><time>undefined</time></pt><closed_date>28-08-20 21:37:20:156</closed_date></polygon></object></annotation>