<annotation><filename>m3_s01_002_p_nic017.jpg</filename><folder>users/joselusava//santiago_3</folder><source><submittedBy>Jose Saca</submittedBy></source><imagesize><nrows>2970</nrows><ncols>4451</ncols></imagesize><object><name>m3_s01_002_p_nic017</name><deleted>0</deleted><verified>0</verified><occluded>no</occluded><attributes></attributes><parts><hasparts></hasparts><ispartof></ispartof></parts><date>29-10-20 15:39:15:226</date><id>0</id><type>bounding_box</type><polygon><username>anonymous</username><pt><x>250</x><y>785</y><time>29-10-20 15:39:11:517</time></pt><pt><x>2913</x><y>785</y><time>29-10-20 15:39:12:915</time></pt><pt><x>2913</x><y>2649</y><time>undefined</time></pt><pt><x>250</x><y>2649</y><time>undefined</time></pt><closed_date>29-10-20 15:39:12:916</closed_date></polygon></object></annotation>