<annotation><filename>m4_s04_047_p_ic015.jpg</filename><folder>users/joselusava//kath/kath_m4_047</folder><source><submittedBy>Jose Saca</submittedBy></source><imagesize><nrows>2970</nrows><ncols>4451</ncols></imagesize><object><name>m4_s04_047_p_ic015</name><deleted>0</deleted><verified>0</verified><occluded>no</occluded><attributes></attributes><parts><hasparts></hasparts><ispartof></ispartof></parts><date>24-10-20 13:41:11:930</date><id>0</id><type>bounding_box</type><polygon><username>anonymous</username><pt><x>1634</x><y>297</y><time>24-10-20 13:41:07:510</time></pt><pt><x>2873</x><y>297</y><time>24-10-20 13:41:09:539</time></pt><pt><x>2873</x><y>2584</y><time>undefined</time></pt><pt><x>1634</x><y>2584</y><time>undefined</time></pt><closed_date>24-10-20 13:41:09:542</closed_date></polygon></object></annotation>