<annotation><filename>m1_s06_168_p_nic001.jpg</filename><folder>users/joselusava//jacob_2/168nic</folder><source><submittedBy>Jose Saca</submittedBy></source><imagesize><nrows>2736</nrows><ncols>4100</ncols></imagesize><object><name>m1_s06_168_p_nic001</name><deleted>0</deleted><verified>0</verified><occluded>no</occluded><attributes></attributes><parts><hasparts></hasparts><ispartof></ispartof></parts><date>08-09-20 22:57:20:534</date><id>0</id><type>bounding_box</type><polygon><username>anonymous</username><pt><x>2398</x><y>2561</y><time>08-09-20 22:57:17:411</time></pt><pt><x>3683</x><y>2561</y><time>08-09-20 22:57:19:306</time></pt><pt><x>3683</x><y>1007</y><time>undefined</time></pt><pt><x>2398</x><y>1007</y><time>undefined</time></pt><closed_date>08-09-20 22:57:19:306</closed_date></polygon></object></annotation>