<annotation><filename>m4_s11_178_p_nic070.jpg</filename><folder>users/joselusava//santiago_2</folder><source><submittedBy>Jose Saca</submittedBy></source><imagesize><nrows>2970</nrows><ncols>4451</ncols></imagesize><object><name>m4_s11_178_p_nic070</name><deleted>0</deleted><verified>0</verified><occluded>no</occluded><attributes></attributes><parts><hasparts></hasparts><ispartof></ispartof></parts><date>16-10-20 11:31:11:459</date><id>0</id><type>bounding_box</type><polygon><username>anonymous</username><pt><x>643</x><y>889</y><time>16-10-20 11:31:07:309</time></pt><pt><x>1553</x><y>889</y><time>16-10-20 11:31:09:084</time></pt><pt><x>1553</x><y>1888</y><time>undefined</time></pt><pt><x>643</x><y>1888</y><time>undefined</time></pt><closed_date>16-10-20 11:31:09:085</closed_date></polygon></object></annotation>