<annotation><filename>m4_s04_037_p_nic050.jpg</filename><folder>users/joselusava//santiago_2</folder><source><submittedBy>Jose Saca</submittedBy></source><imagesize><nrows>2970</nrows><ncols>4451</ncols></imagesize><object><name>m4_s04_037_p_nic050</name><deleted>0</deleted><verified>0</verified><occluded>no</occluded><attributes></attributes><parts><hasparts></hasparts><ispartof></ispartof></parts><date>19-10-20 22:27:12:213</date><id>0</id><type>bounding_box</type><polygon><username>anonymous</username><pt><x>2431</x><y>168</y><time>19-10-20 22:27:08:095</time></pt><pt><x>3445</x><y>168</y><time>19-10-20 22:27:09:733</time></pt><pt><x>3445</x><y>1617</y><time>undefined</time></pt><pt><x>2431</x><y>1617</y><time>undefined</time></pt><closed_date>19-10-20 22:27:09:735</closed_date></polygon></object></annotation>