<annotation><filename>m2_s01_001_p_nic029.jpg</filename><folder>users/joselusava//santiago</folder><source><submittedBy>Jose Saca</submittedBy></source><imagesize><nrows>2850</nrows><ncols>4271</ncols></imagesize><object><name>m2_s01_001_p_nic029</name><deleted>0</deleted><verified>0</verified><occluded>no</occluded><attributes></attributes><parts><hasparts></hasparts><ispartof></ispartof></parts><date>19-09-20 22:17:56:075</date><id>0</id><type>bounding_box</type><polygon><username>anonymous</username><pt><x>260</x><y>1241</y><time>19-09-20 22:17:47:557</time></pt><pt><x>1795</x><y>1241</y><time>19-09-20 22:17:49:401</time></pt><pt><x>1795</x><y>2658</y><time>undefined</time></pt><pt><x>260</x><y>2658</y><time>undefined</time></pt><closed_date>19-09-20 22:17:49:401</closed_date></polygon></object></annotation>