<annotation><filename>m2_s07_264_p_nic097.jpg</filename><folder>users/joselusava//valeria/sala7_264_nic</folder><source><submittedBy>Jose Saca</submittedBy></source><imagesize><nrows>2910</nrows><ncols>4361</ncols></imagesize><object><name>m2_s07_264_p_nic097</name><deleted>0</deleted><verified>0</verified><occluded>no</occluded><attributes></attributes><parts><hasparts></hasparts><ispartof></ispartof></parts><date>23-09-20 21:50:14:624</date><id>0</id><type>bounding_box</type><polygon><username>anonymous</username><pt><x>3836</x><y>2260</y><time>23-09-20 21:50:09:381</time></pt><pt><x>2205</x><y>2260</y><time>23-09-20 21:50:11:528</time></pt><pt><x>2205</x><y>502</y><time>undefined</time></pt><pt><x>3836</x><y>502</y><time>undefined</time></pt><closed_date>23-09-20 21:50:11:529</closed_date></polygon></object></annotation>