<annotation><filename>m4_s04_039_p_nic037.jpg</filename><folder>users/joselusava//santiago_2</folder><source><submittedBy>Jose Saca</submittedBy></source><imagesize><nrows>2970</nrows><ncols>4451</ncols></imagesize><object><name>m4_s04_039_p_nic037</name><deleted>0</deleted><verified>0</verified><occluded>no</occluded><attributes></attributes><parts><hasparts></hasparts><ispartof></ispartof></parts><date>21-10-20 21:13:56:180</date><id>0</id><type>bounding_box</type><polygon><username>anonymous</username><pt><x>3316</x><y>296</y><time>21-10-20 21:13:53:138</time></pt><pt><x>3920</x><y>296</y><time>21-10-20 21:13:54:696</time></pt><pt><x>3920</x><y>2335</y><time>undefined</time></pt><pt><x>3316</x><y>2335</y><time>undefined</time></pt><closed_date>21-10-20 21:13:54:697</closed_date></polygon></object></annotation>