<annotation><filename>m1_s01_004_p_nic026.jpg</filename><folder>users/joselusava//valeria_apoyo/sala01_004_nic</folder><source><submittedBy>Jose Saca</submittedBy></source><imagesize><nrows>3200</nrows><ncols>4800</ncols></imagesize><object><name>m1_s01_004_p_nic026</name><deleted>0</deleted><verified>0</verified><occluded>no</occluded><attributes></attributes><parts><hasparts></hasparts><ispartof></ispartof></parts><date>16-09-20 20:03:31:920</date><id>0</id><type>bounding_box</type><polygon><username>anonymous</username><pt><x>4509</x><y>3018</y><time>16-09-20 20:03:25:656</time></pt><pt><x>885</x><y>3018</y><time>16-09-20 20:03:28:658</time></pt><pt><x>885</x><y>1945</y><time>undefined</time></pt><pt><x>4509</x><y>1945</y><time>undefined</time></pt><closed_date>16-09-20 20:03:28:659</closed_date></polygon></object></annotation>