<annotation><filename>m2_s03_201_p_nic003.jpg</filename><folder>users/joselusava//eg</folder><source><submittedBy>Jose Saca</submittedBy></source><imagesize><nrows>2910</nrows><ncols>4361</ncols></imagesize><object><name>m2_s03_201_p_nic003</name><deleted>0</deleted><verified>0</verified><occluded>no</occluded><attributes></attributes><parts><hasparts></hasparts><ispartof></ispartof></parts><date>18-09-20 10:26:47:890</date><id>0</id><type>bounding_box</type><polygon><username>anonymous</username><pt><x>1376</x><y>229</y><time>18-09-20 10:26:19:391</time></pt><pt><x>2996</x><y>229</y><time>18-09-20 10:26:21:052</time></pt><pt><x>2996</x><y>2107</y><time>undefined</time></pt><pt><x>1376</x><y>2107</y><time>undefined</time></pt><closed_date>18-09-20 10:26:21:053</closed_date></polygon></object></annotation>