<annotation><filename>m1_s02_052_p_ic085.jpg</filename><folder>users/joselusava//valeria/sala2_052_ic</folder><source><submittedBy>Jose Saca</submittedBy></source><imagesize><nrows>3200</nrows><ncols>4800</ncols></imagesize><object><name>m1_s02_052_p_ic085</name><deleted>0</deleted><verified>0</verified><occluded>no</occluded><attributes></attributes><parts><hasparts></hasparts><ispartof></ispartof></parts><date>25-08-20 19:52:56:860</date><id>0</id><type>bounding_box</type><polygon><username>anonymous</username><pt><x>617</x><y>107</y><time>25-08-20 19:52:50:393</time></pt><pt><x>4231</x><y>107</y><time>25-08-20 19:52:53:165</time></pt><pt><x>4231</x><y>3189</y><time>undefined</time></pt><pt><x>617</x><y>3189</y><time>undefined</time></pt><closed_date>25-08-20 19:52:53:166</closed_date></polygon></object></annotation>