<annotation><filename>m4_s10_168_x.jpg</filename><folder>users/joselusava//kath/m4_x</folder><source><submittedBy>Jose Saca</submittedBy></source><imagesize><nrows>2970</nrows><ncols>4451</ncols></imagesize><object><name>m4_s10_168_x</name><deleted>0</deleted><verified>0</verified><occluded>no</occluded><attributes></attributes><parts><hasparts></hasparts><ispartof></ispartof></parts><date>21-10-20 12:20:04:778</date><id>0</id><polygon><username>anonymous</username><pt><x>625</x><y>178</y><time>21-10-20 12:19:57:406</time></pt><pt><x>783</x><y>2792</y><time>21-10-20 12:19:58:451</time></pt><pt><x>3830</x><y>2754</y><time>21-10-20 12:19:59:473</time></pt><pt><x>3821</x><y>139</y><time>21-10-20 12:20:00:479</time></pt><closed_date>21-10-20 12:20:01:981</closed_date></polygon></object></annotation>