<annotation><filename>m4_s04_037_p_ic090.jpg</filename><folder>users/joselusava//santiago_2</folder><source><submittedBy>Jose Saca</submittedBy></source><imagesize><nrows>2970</nrows><ncols>4451</ncols></imagesize><object><name>m4_s04_037_p_ic090</name><deleted>0</deleted><verified>0</verified><occluded>no</occluded><attributes></attributes><parts><hasparts></hasparts><ispartof></ispartof></parts><date>18-10-20 22:27:46:461</date><id>0</id><type>bounding_box</type><polygon><username>anonymous</username><pt><x>1817</x><y>300</y><time>18-10-20 22:27:43:447</time></pt><pt><x>3116</x><y>300</y><time>18-10-20 22:27:44:505</time></pt><pt><x>3116</x><y>2481</y><time>undefined</time></pt><pt><x>1817</x><y>2481</y><time>undefined</time></pt><closed_date>18-10-20 22:27:44:506</closed_date></polygon></object></annotation>