<annotation><filename>m1_s01_017_p_ic045.jpg</filename><folder>users/joselusava//santiago</folder><source><submittedBy>Jose Saca</submittedBy></source><imagesize><nrows>3200</nrows><ncols>4800</ncols></imagesize><object><name>m1_s01_017_p_ic045</name><deleted>0</deleted><verified>0</verified><occluded>no</occluded><attributes></attributes><parts><hasparts></hasparts><ispartof></ispartof></parts><date>10-09-20 22:19:04:761</date><id>0</id><type>bounding_box</type><polygon><username>anonymous</username><pt><x>1368</x><y>903</y><time>10-09-20 22:18:55:688</time></pt><pt><x>3405</x><y>903</y><time>10-09-20 22:18:58:197</time></pt><pt><x>3405</x><y>2142</y><time>undefined</time></pt><pt><x>1368</x><y>2142</y><time>undefined</time></pt><closed_date>10-09-20 22:18:58:198</closed_date></polygon></object></annotation>