<annotation><filename>m1_s01_005_p_nic070.jpg</filename><folder>users/joselusava//museos2020</folder><source><submittedBy>Jose Saca</submittedBy></source><imagesize><nrows>2000</nrows><ncols>2992</ncols></imagesize><object><name>m1_s01_005_p_nic070</name><deleted>0</deleted><verified>0</verified><occluded>no</occluded><attributes></attributes><parts><hasparts></hasparts><ispartof></ispartof></parts><date>14-09-20 11:32:27:340</date><id>0</id><type>bounding_box</type><polygon><username>anonymous</username><pt><x>489</x><y>438</y><time>14-09-20 11:32:18:879</time></pt><pt><x>847</x><y>438</y><time>14-09-20 11:32:19:793</time></pt><pt><x>847</x><y>789</y><time>undefined</time></pt><pt><x>489</x><y>789</y><time>undefined</time></pt><closed_date>14-09-20 11:32:19:794</closed_date></polygon></object></annotation>