<annotation><filename>m4_s10_164_p_nic065.jpg</filename><folder>users/joselusava//santiago_2</folder><source><submittedBy>Jose Saca</submittedBy></source><imagesize><nrows>2970</nrows><ncols>4451</ncols></imagesize><object><name>m4_s10_164_p_nic065</name><deleted>0</deleted><verified>0</verified><occluded>no</occluded><attributes></attributes><parts><hasparts></hasparts><ispartof></ispartof></parts><date>14-10-20 13:46:11:887</date><id>0</id><type>bounding_box</type><polygon><username>anonymous</username><pt><x>3334</x><y>1747</y><time>14-10-20 13:46:08:485</time></pt><pt><x>3829</x><y>1747</y><time>14-10-20 13:46:09:407</time></pt><pt><x>3829</x><y>2352</y><time>undefined</time></pt><pt><x>3334</x><y>2352</y><time>undefined</time></pt><closed_date>14-10-20 13:46:09:408</closed_date></polygon></object></annotation>