<annotation><filename>m1_s01_004_p_ic099.jpg</filename><folder>users/joselusava//valeria_apoyo/sala001_004ic_ok</folder><source><submittedBy>Jose Saca</submittedBy></source><imagesize><nrows>2000</nrows><ncols>2992</ncols></imagesize><object><name>m1_s01_004_p_ic099</name><deleted>0</deleted><verified>0</verified><occluded>no</occluded><attributes></attributes><parts><hasparts></hasparts><ispartof></ispartof></parts><date>16-09-20 17:23:08:647</date><id>0</id><type>bounding_box</type><polygon><username>anonymous</username><pt><x>27</x><y>1553</y><time>16-09-20 17:23:03:036</time></pt><pt><x>2655</x><y>1553</y><time>16-09-20 17:23:05:096</time></pt><pt><x>2655</x><y>598</y><time>undefined</time></pt><pt><x>27</x><y>598</y><time>undefined</time></pt><closed_date>16-09-20 17:23:05:097</closed_date></polygon></object></annotation>