<annotation><filename>m2_s05_236_p_nic038.jpg</filename><folder>users/joselusava//museos2020</folder><source><submittedBy>Jose Saca</submittedBy></source><imagesize><nrows>2910</nrows><ncols>4361</ncols></imagesize><object><name>m2_s05_236_p_nic038</name><deleted>0</deleted><verified>0</verified><occluded>no</occluded><attributes></attributes><parts><hasparts></hasparts><ispartof></ispartof></parts><date>17-09-20 07:11:56:452</date><id>0</id><type>bounding_box</type><polygon><username>anonymous</username><pt><x>400</x><y>70</y><time>17-09-20 07:11:48:919</time></pt><pt><x>2956</x><y>70</y><time>17-09-20 07:11:51:147</time></pt><pt><x>2956</x><y>1938</y><time>undefined</time></pt><pt><x>400</x><y>1938</y><time>undefined</time></pt><closed_date>17-09-20 07:11:51:148</closed_date></polygon></object></annotation>