<annotation><filename>m2_s01_010_p_nic022.jpg</filename><folder>users/joselusava//santiago</folder><source><submittedBy>Jose Saca</submittedBy></source><imagesize><nrows>2850</nrows><ncols>4271</ncols></imagesize><object><name>m2_s01_010_p_nic022</name><deleted>0</deleted><verified>0</verified><occluded>no</occluded><attributes></attributes><parts><hasparts></hasparts><ispartof></ispartof></parts><date>22-09-20 20:15:39:600</date><id>0</id><type>bounding_box</type><polygon><username>anonymous</username><pt><x>2388</x><y>1548</y><time>22-09-20 20:15:32:328</time></pt><pt><x>3337</x><y>1548</y><time>22-09-20 20:15:33:962</time></pt><pt><x>3337</x><y>2491</y><time>undefined</time></pt><pt><x>2388</x><y>2491</y><time>undefined</time></pt><closed_date>22-09-20 20:15:33:963</closed_date></polygon></object></annotation>