<annotation><filename>m4_s10_164_p_nic087.jpg</filename><folder>users/joselusava//santiago_2</folder><source><submittedBy>Jose Saca</submittedBy></source><imagesize><nrows>2970</nrows><ncols>4451</ncols></imagesize><object><name>m4_s10_164_p_nic087</name><deleted>0</deleted><verified>0</verified><occluded>no</occluded><attributes></attributes><parts><hasparts></hasparts><ispartof></ispartof></parts><date>14-10-20 16:20:35:434</date><id>0</id><type>bounding_box</type><polygon><username>anonymous</username><pt><x>1332</x><y>1871</y><time>14-10-20 16:20:33:080</time></pt><pt><x>1788</x><y>1871</y><time>14-10-20 16:20:33:709</time></pt><pt><x>1788</x><y>2574</y><time>undefined</time></pt><pt><x>1332</x><y>2574</y><time>undefined</time></pt><closed_date>14-10-20 16:20:33:710</closed_date></polygon></object></annotation>