<annotation><filename>m4_s10_164_p_nic099.jpg</filename><folder>users/joselusava//santiago_2</folder><source><submittedBy>Jose Saca</submittedBy></source><imagesize><nrows>2970</nrows><ncols>4451</ncols></imagesize><object><name>m4_s10_164_p_nic099</name><deleted>0</deleted><verified>0</verified><occluded>no</occluded><attributes></attributes><parts><hasparts></hasparts><ispartof></ispartof></parts><date>14-10-20 16:27:45:484</date><id>0</id><type>bounding_box</type><polygon><username>anonymous</username><pt><x>3281</x><y>2053</y><time>14-10-20 16:27:43:126</time></pt><pt><x>3663</x><y>2053</y><time>14-10-20 16:27:43:784</time></pt><pt><x>3663</x><y>2620</y><time>undefined</time></pt><pt><x>3281</x><y>2620</y><time>undefined</time></pt><closed_date>14-10-20 16:27:43:785</closed_date></polygon></object></annotation>