<annotation><filename>m1_s06_168_p_nic061.jpg</filename><folder>users/joselusava//jacob_2/168nic</folder><source><submittedBy>Jose Saca</submittedBy></source><imagesize><nrows>2736</nrows><ncols>4100</ncols></imagesize><object><name>m1_s06_168_p_nic061</name><deleted>0</deleted><verified>0</verified><occluded>no</occluded><attributes></attributes><parts><hasparts></hasparts><ispartof></ispartof></parts><date>08-09-20 23:22:09:740</date><id>0</id><type>bounding_box</type><polygon><username>anonymous</username><pt><x>1476</x><y>1550</y><time>08-09-20 23:22:06:544</time></pt><pt><x>722</x><y>1550</y><time>08-09-20 23:22:08:486</time></pt><pt><x>722</x><y>148</y><time>undefined</time></pt><pt><x>1476</x><y>148</y><time>undefined</time></pt><closed_date>08-09-20 23:22:08:487</closed_date></polygon></object></annotation>