<annotation><filename>m1_s10_281_x.jpg</filename><folder>users/joselusava//santiago</folder><source><submittedBy>Jose Saca</submittedBy></source><imagesize><nrows>3200</nrows><ncols>4800</ncols></imagesize><object><name>m1_s10_281_x</name><deleted>0</deleted><verified>0</verified><occluded>no</occluded><attributes></attributes><parts><hasparts></hasparts><ispartof></ispartof></parts><date>28-08-20 16:06:04:863</date><id>0</id><type>bounding_box</type><polygon><username>anonymous</username><pt><x>950</x><y>533</y><time>28-08-20 16:05:55:033</time></pt><pt><x>3614</x><y>533</y><time>28-08-20 16:05:57:688</time></pt><pt><x>3614</x><y>2750</y><time>undefined</time></pt><pt><x>950</x><y>2750</y><time>undefined</time></pt><closed_date>28-08-20 16:05:57:690</closed_date></polygon></object></annotation>