<annotation><filename>m3_s01_013_p_nic063.jpg</filename><folder>users/joselusava//valeria/m03_s01_13_nic</folder><source><submittedBy>Jose Saca</submittedBy></source><imagesize><nrows>2970</nrows><ncols>4451</ncols></imagesize><object><name>m3_s01_013_p_nic063</name><deleted>0</deleted><verified>0</verified><occluded>no</occluded><attributes></attributes><parts><hasparts></hasparts><ispartof></ispartof></parts><date>06-11-20 23:44:46:336</date><id>0</id><type>bounding_box</type><polygon><username>anonymous</username><pt><x>4209</x><y>2890</y><time>06-11-20 23:44:38:769</time></pt><pt><x>2079</x><y>2890</y><time>06-11-20 23:44:42:604</time></pt><pt><x>2079</x><y>337</y><time>undefined</time></pt><pt><x>4209</x><y>337</y><time>undefined</time></pt><closed_date>06-11-20 23:44:42:605</closed_date></polygon></object></annotation>