<annotation><filename>m2_s01_024_p_ic080.jpg</filename><folder>users/joselusava//santiago</folder><source><submittedBy>Jose Saca</submittedBy></source><imagesize><nrows>2850</nrows><ncols>4271</ncols></imagesize><object><name>m2_s01_024_p_ic080</name><deleted>0</deleted><verified>0</verified><occluded>no</occluded><attributes></attributes><parts><hasparts></hasparts><ispartof></ispartof></parts><date>24-09-20 22:55:34:911</date><id>0</id><type>bounding_box</type><polygon><username>anonymous</username><pt><x>1215</x><y>193</y><time>24-09-20 22:55:24:484</time></pt><pt><x>2867</x><y>193</y><time>24-09-20 22:55:28:410</time></pt><pt><x>2867</x><y>2816</y><time>undefined</time></pt><pt><x>1215</x><y>2816</y><time>undefined</time></pt><closed_date>24-09-20 22:55:28:410</closed_date></polygon></object></annotation>