<annotation><filename>m4_s05_055_p_ic087.jpg</filename><folder>users/joselusava//valeria/m4_s05_055_ic</folder><source><submittedBy>Jose Saca</submittedBy></source><imagesize><nrows>2910</nrows><ncols>4361</ncols></imagesize><object><name>m4_s05_055_p_ic087</name><deleted>0</deleted><verified>0</verified><occluded>no</occluded><attributes></attributes><parts><hasparts></hasparts><ispartof></ispartof></parts><date>09-10-20 14:24:48:717</date><id>0</id><type>bounding_box</type><polygon><username>anonymous</username><pt><x>3103</x><y>700</y><time>09-10-20 14:24:43:271</time></pt><pt><x>1268</x><y>700</y><time>09-10-20 14:24:45:236</time></pt><pt><x>1268</x><y>2645</y><time>undefined</time></pt><pt><x>3103</x><y>2645</y><time>undefined</time></pt><closed_date>09-10-20 14:24:45:236</closed_date></polygon></object></annotation>