<annotation><filename>m4_s06_089_p_nic081.jpg</filename><folder>users/joselusava//santiago_2</folder><source><submittedBy>Jose Saca</submittedBy></source><imagesize><nrows>2970</nrows><ncols>4451</ncols></imagesize><object><name>m4_s06_089_p_nic081</name><deleted>0</deleted><verified>0</verified><occluded>no</occluded><attributes></attributes><parts><hasparts></hasparts><ispartof></ispartof></parts><date>12-10-20 22:12:21:162</date><id>0</id><type>bounding_box</type><polygon><username>anonymous</username><pt><x>2467</x><y>810</y><time>12-10-20 22:12:17:466</time></pt><pt><x>3459</x><y>810</y><time>12-10-20 22:12:18:890</time></pt><pt><x>3459</x><y>2692</y><time>undefined</time></pt><pt><x>2467</x><y>2692</y><time>undefined</time></pt><closed_date>12-10-20 22:12:18:891</closed_date></polygon></object></annotation>