<annotation><filename>m3_s01_013_p_nic009.jpg</filename><folder>users/joselusava//valeria/m03_s01_13_nic</folder><source><submittedBy>Jose Saca</submittedBy></source><imagesize><nrows>2970</nrows><ncols>4451</ncols></imagesize><object><name>m3_s01_013_p_nic009</name><deleted>0</deleted><verified>0</verified><occluded>no</occluded><attributes></attributes><parts><hasparts></hasparts><ispartof></ispartof></parts><date>06-11-20 20:59:43:470</date><id>0</id><type>bounding_box</type><polygon><username>anonymous</username><pt><x>752</x><y>2285</y><time>06-11-20 20:59:34:342</time></pt><pt><x>3464</x><y>2285</y><time>06-11-20 20:59:38:246</time></pt><pt><x>3464</x><y>216</y><time>undefined</time></pt><pt><x>752</x><y>216</y><time>undefined</time></pt><closed_date>06-11-20 20:59:38:247</closed_date></polygon></object></annotation>