<annotation><filename>m1_s02_036_p_ic005.jpg</filename><folder>users/joselusava//valeria/sala2_036_ic</folder><source><submittedBy>Jose Saca</submittedBy></source><imagesize><nrows>3200</nrows><ncols>4800</ncols></imagesize><object><name>m1_s01_036_p_ic005</name><deleted>0</deleted><verified>0</verified><occluded>no</occluded><attributes></attributes><parts><hasparts></hasparts><ispartof></ispartof></parts><date>23-08-20 01:11:05:244</date><id>0</id><type>bounding_box</type><polygon><username>anonymous</username><pt><x>1095</x><y>483</y><time>23-08-20 01:10:57:077</time></pt><pt><x>3613</x><y>483</y><time>23-08-20 01:11:01:129</time></pt><pt><x>3613</x><y>2787</y><time>undefined</time></pt><pt><x>1095</x><y>2787</y><time>undefined</time></pt><closed_date>23-08-20 01:11:01:130</closed_date></polygon></object></annotation>