<annotation><filename>img_m1_s03-04_108_p_nic072.jpg</filename><folder>users/joselusava//valeria/sala3y4_108_nic</folder><source><submittedBy>Jose Saca</submittedBy></source><imagesize><nrows>3200</nrows><ncols>4800</ncols></imagesize><object><name>m1_s03_s04_108_p_nic072</name><deleted>0</deleted><verified>0</verified><occluded>no</occluded><attributes></attributes><parts><hasparts></hasparts><ispartof></ispartof></parts><date>02-09-20 21:03:26:583</date><id>1</id><type>bounding_box</type><polygon><username>anonymous</username><pt><x>4739</x><y>3048</y><time>02-09-20 21:03:18:642</time></pt><pt><x>1800</x><y>3048</y><time>02-09-20 21:03:22:691</time></pt><pt><x>1800</x><y>2158</y><time>undefined</time></pt><pt><x>4739</x><y>2158</y><time>undefined</time></pt><closed_date>02-09-20 21:03:22:693</closed_date></polygon></object></annotation>