<annotation><filename>m1_s02_065_p_ic045.jpg</filename><folder>users/joselusava//valeria/sala2_065_ic</folder><source><submittedBy>Jose Saca</submittedBy></source><imagesize><nrows>2000</nrows><ncols>2992</ncols></imagesize><object><name>m1_s02_065_p_ic045</name><deleted>0</deleted><verified>0</verified><occluded>no</occluded><attributes></attributes><parts><hasparts></hasparts><ispartof></ispartof></parts><date>25-08-20 23:50:04:939</date><id>0</id><type>bounding_box</type><polygon><username>anonymous</username><pt><x>148</x><y>164</y><time>25-08-20 23:49:57:022</time></pt><pt><x>2960</x><y>164</y><time>25-08-20 23:50:00:175</time></pt><pt><x>2960</x><y>1520</y><time>undefined</time></pt><pt><x>148</x><y>1520</y><time>undefined</time></pt><closed_date>25-08-20 23:50:00:177</closed_date></polygon></object></annotation>