<annotation><filename>m4_s09_138_p_nic083.jpg</filename><folder>users/joselusava//santiago_2</folder><source><submittedBy>Jose Saca</submittedBy></source><imagesize><nrows>2970</nrows><ncols>4451</ncols></imagesize><object><name>m4_s09_138_p_nic083</name><deleted>0</deleted><verified>0</verified><occluded>no</occluded><attributes></attributes><parts><hasparts></hasparts><ispartof></ispartof></parts><date>23-10-20 14:30:10:640</date><id>0</id><type>bounding_box</type><polygon><username>anonymous</username><pt><x>271</x><y>978</y><time>23-10-20 14:30:08:053</time></pt><pt><x>2845</x><y>978</y><time>23-10-20 14:30:08:963</time></pt><pt><x>2845</x><y>2302</y><time>undefined</time></pt><pt><x>271</x><y>2302</y><time>undefined</time></pt><closed_date>23-10-20 14:30:08:964</closed_date></polygon></object></annotation>