<annotation><filename>m4_s04_045_p_ic082.jpg</filename><folder>users/joselusava//valeria/m04_s04_45_ic</folder><source><submittedBy>Jose Saca</submittedBy></source><imagesize><nrows>2970</nrows><ncols>4451</ncols></imagesize><object><name>m4_s04_045_p_ic082</name><deleted>0</deleted><verified>0</verified><occluded>no</occluded><attributes></attributes><parts><hasparts></hasparts><ispartof></ispartof></parts><date>19-10-20 23:40:42:364</date><id>0</id><type>bounding_box</type><polygon><username>anonymous</username><pt><x>1662</x><y>2776</y><time>19-10-20 23:40:37:275</time></pt><pt><x>3021</x><y>2776</y><time>19-10-20 23:40:39:207</time></pt><pt><x>3021</x><y>234</y><time>undefined</time></pt><pt><x>1662</x><y>234</y><time>undefined</time></pt><closed_date>19-10-20 23:40:39:208</closed_date></polygon></object></annotation>