<annotation><filename>m4_s12_186_p.jpg</filename><folder>users/joselusava//m4_js/186/ic</folder><source><submittedBy>Jose Saca</submittedBy></source><imagesize><nrows>3899</nrows><ncols>5844</ncols></imagesize><object><name>m4_s12_186_p</name><deleted>0</deleted><verified>0</verified><occluded>no</occluded><attributes></attributes><parts><hasparts></hasparts><ispartof></ispartof></parts><date>18-10-20 10:08:44:244</date><id>0</id><type>bounding_box</type><polygon><username>anonymous</username><pt><x>3701</x><y>3486</y><time>18-10-20 10:08:35:132</time></pt><pt><x>1821</x><y>3486</y><time>18-10-20 10:08:37:125</time></pt><pt><x>1821</x><y>419</y><time>undefined</time></pt><pt><x>3701</x><y>419</y><time>undefined</time></pt><closed_date>18-10-20 10:08:37:126</closed_date></polygon></object></annotation>