<annotation><filename>m2_s05_236_p_nic052.jpg</filename><folder>users/joselusava//museos2020</folder><source><submittedBy>Jose Saca</submittedBy></source><imagesize><nrows>2910</nrows><ncols>4361</ncols></imagesize><object><name>m2_s05_236_p_nic052</name><deleted>0</deleted><verified>0</verified><occluded>no</occluded><attributes></attributes><parts><hasparts></hasparts><ispartof></ispartof></parts><date>17-09-20 07:57:52:452</date><id>0</id><type>bounding_box</type><polygon><username>anonymous</username><pt><x>1023</x><y>925</y><time>17-09-20 07:57:44:293</time></pt><pt><x>3356</x><y>925</y><time>17-09-20 07:57:47:073</time></pt><pt><x>3356</x><y>2817</y><time>undefined</time></pt><pt><x>1023</x><y>2817</y><time>undefined</time></pt><closed_date>17-09-20 07:57:47:074</closed_date></polygon></object></annotation>