<annotation><filename>m1_s02_052_p_ic006.jpg</filename><folder>users/joselusava//valeria/sala2_052_ic</folder><source><submittedBy>Jose Saca</submittedBy></source><imagesize><nrows>3200</nrows><ncols>4800</ncols></imagesize><object><name>m1_s02_052_p_ic006</name><deleted>0</deleted><verified>0</verified><occluded>no</occluded><attributes></attributes><parts><hasparts></hasparts><ispartof></ispartof></parts><date>24-08-20 01:04:17:233</date><id>0</id><type>bounding_box</type><polygon><username>anonymous</username><pt><x>333</x><y>311</y><time>24-08-20 01:04:10:290</time></pt><pt><x>4489</x><y>311</y><time>24-08-20 01:04:13:441</time></pt><pt><x>4489</x><y>3146</y><time>undefined</time></pt><pt><x>333</x><y>3146</y><time>undefined</time></pt><closed_date>24-08-20 01:04:13:442</closed_date></polygon></object></annotation>