<annotation><filename>m1_s02_029_p_ic010.jpg</filename><folder>users/joselusava//valeria/sala2_029_ic</folder><source><submittedBy>Jose Saca</submittedBy></source><imagesize><nrows>2000</nrows><ncols>2992</ncols></imagesize><object><name>m1_s02_029_p_ic010</name><deleted>0</deleted><verified>0</verified><occluded>no</occluded><attributes></attributes><parts><hasparts></hasparts><ispartof></ispartof></parts><date>22-08-20 17:26:13:426</date><id>0</id><type>bounding_box</type><polygon><username>anonymous</username><pt><x>550</x><y>10</y><time>22-08-20 17:25:27:324</time></pt><pt><x>2507</x><y>10</y><time>22-08-20 17:25:32:405</time></pt><pt><x>2507</x><y>1956</y><time>undefined</time></pt><pt><x>550</x><y>1956</y><time>undefined</time></pt><closed_date>22-08-20 17:25:32:406</closed_date></polygon></object></annotation>