<annotation><filename>m4_s04_037_p_ic054.jpg</filename><folder>users/joselusava//santiago_2</folder><source><submittedBy>Jose Saca</submittedBy></source><imagesize><nrows>2970</nrows><ncols>4451</ncols></imagesize><object><name>m4_s04_037_p_ic054</name><deleted>0</deleted><verified>0</verified><occluded>no</occluded><attributes></attributes><parts><hasparts></hasparts><ispartof></ispartof></parts><date>18-10-20 17:38:53:208</date><id>0</id><type>bounding_box</type><polygon><username>anonymous</username><pt><x>1606</x><y>343</y><time>18-10-20 17:38:47:409</time></pt><pt><x>3099</x><y>343</y><time>18-10-20 17:38:49:524</time></pt><pt><x>3099</x><y>2656</y><time>undefined</time></pt><pt><x>1606</x><y>2656</y><time>undefined</time></pt><closed_date>18-10-20 17:38:49:526</closed_date></polygon></object></annotation>