<annotation><filename>m2_s06_250_p_ic003.jpg</filename><folder>users/joselusava//valeria/m2_sala06_250_ic</folder><source><submittedBy>Jose Saca</submittedBy></source><imagesize><nrows>2910</nrows><ncols>4361</ncols></imagesize><object><name>m2_s06_250_p_ic003</name><deleted>0</deleted><verified>0</verified><occluded>no</occluded><attributes></attributes><parts><hasparts></hasparts><ispartof></ispartof></parts><date>30-09-20 22:02:19:107</date><id>0</id><type>bounding_box</type><polygon><username>anonymous</username><pt><x>231</x><y>2183</y><time>30-09-20 22:02:12:381</time></pt><pt><x>4321</x><y>2183</y><time>30-09-20 22:02:15:348</time></pt><pt><x>4321</x><y>1124</y><time>undefined</time></pt><pt><x>231</x><y>1124</y><time>undefined</time></pt><closed_date>30-09-20 22:02:15:350</closed_date></polygon></object></annotation>