<annotation><filename>m1_s02_032_x.jpg</filename><folder>users/joselusava//valeria/sala2</folder><source><submittedBy>Jose Saca</submittedBy></source><imagesize><nrows>3200</nrows><ncols>4800</ncols></imagesize><object><name>m1_s02_032_x</name><deleted>0</deleted><verified>0</verified><occluded>no</occluded><attributes></attributes><parts><hasparts></hasparts><ispartof></ispartof></parts><date>28-08-20 11:16:43:469</date><id>0</id><type>bounding_box</type><polygon><username>anonymous</username><pt><x>4693</x><y>2985</y><time>28-08-20 11:16:23:857</time></pt><pt><x>43</x><y>2985</y><time>28-08-20 11:16:28:859</time></pt><pt><x>43</x><y>462</y><time>undefined</time></pt><pt><x>4693</x><y>462</y><time>undefined</time></pt><closed_date>28-08-20 11:16:28:860</closed_date></polygon></object></annotation>