<annotation><filename>m4_s12_186_p_ic011.jpg</filename><folder>users/joselusava//m4_js/186/ic</folder><source><submittedBy>Jose Saca</submittedBy></source><imagesize><nrows>3899</nrows><ncols>5844</ncols></imagesize><object><name>m4_s12_186_p_ic010</name><deleted>0</deleted><verified>0</verified><occluded>no</occluded><attributes></attributes><parts><hasparts></hasparts><ispartof></ispartof></parts><date>18-10-20 10:13:39:035</date><id>0</id><type>bounding_box</type><polygon><username>anonymous</username><pt><x>1913</x><y>315</y><time>18-10-20 10:13:36:221</time></pt><pt><x>3896</x><y>315</y><time>18-10-20 10:13:37:952</time></pt><pt><x>3896</x><y>3604</y><time>undefined</time></pt><pt><x>1913</x><y>3604</y><time>undefined</time></pt><closed_date>18-10-20 10:13:37:952</closed_date></polygon></object></annotation>