<annotation><filename>m4_s09_138_p_nic011.jpg</filename><folder>users/joselusava//santiago_2</folder><source><submittedBy>Jose Saca</submittedBy></source><imagesize><nrows>2970</nrows><ncols>4451</ncols></imagesize><object><name>m4_s09_138_p_nic011</name><deleted>0</deleted><verified>0</verified><occluded>no</occluded><attributes></attributes><parts><hasparts></hasparts><ispartof></ispartof></parts><date>22-10-20 23:11:52:341</date><id>0</id><type>bounding_box</type><polygon><username>anonymous</username><pt><x>307</x><y>632</y><time>22-10-20 23:11:49:316</time></pt><pt><x>2706</x><y>632</y><time>22-10-20 23:11:50:310</time></pt><pt><x>2706</x><y>1835</y><time>undefined</time></pt><pt><x>307</x><y>1835</y><time>undefined</time></pt><closed_date>22-10-20 23:11:50:310</closed_date></polygon></object></annotation>