<annotation><filename>m4_s04_047_p_nic100.jpg</filename><folder>users/joselusava//kath/kath_m4_047/nic</folder><source><submittedBy>Jose Saca</submittedBy></source><imagesize><nrows>2970</nrows><ncols>4451</ncols></imagesize><object><name>m4_s04_047_p_nic100</name><deleted>0</deleted><verified>0</verified><occluded>no</occluded><attributes></attributes><parts><hasparts></hasparts><ispartof></ispartof></parts><date>24-10-20 20:10:35:707</date><id>0</id><type>bounding_box</type><polygon><username>anonymous</username><pt><x>2576</x><y>178</y><time>24-10-20 20:10:30:542</time></pt><pt><x>3891</x><y>178</y><time>24-10-20 20:10:31:852</time></pt><pt><x>3891</x><y>2784</y><time>undefined</time></pt><pt><x>2576</x><y>2784</y><time>undefined</time></pt><closed_date>24-10-20 20:10:31:853</closed_date></polygon></object></annotation>