<annotation><filename>m2_s02_129_p_nic013.jpg</filename><folder>users/joselusava//m2_jsv/129/nic</folder><source><submittedBy>Jose Saca</submittedBy></source><imagesize><nrows>2910</nrows><ncols>4361</ncols></imagesize><object><name>m2_s02_129_p_nic013</name><deleted>0</deleted><verified>0</verified><occluded>no</occluded><attributes></attributes><parts><hasparts></hasparts><ispartof></ispartof></parts><date>24-09-20 19:47:52:396</date><id>0</id><type>bounding_box</type><polygon><username>anonymous</username><pt><x>2063</x><y>1140</y><time>24-09-20 19:47:50:673</time></pt><pt><x>870</x><y>1140</y><time>24-09-20 19:47:51:744</time></pt><pt><x>870</x><y>104</y><time>undefined</time></pt><pt><x>2063</x><y>104</y><time>undefined</time></pt><closed_date>24-09-20 19:47:51:744</closed_date></polygon></object></annotation>