<annotation><filename>m2_s06_244_p_ic014.jpg</filename><folder>users/joselusava//museos2020</folder><source><submittedBy>Jose Saca</submittedBy></source><imagesize><nrows>2910</nrows><ncols>4361</ncols></imagesize><object><name>m2_s06_244_p_ic014</name><deleted>0</deleted><verified>0</verified><occluded>no</occluded><attributes></attributes><parts><hasparts></hasparts><ispartof></ispartof></parts><date>22-09-20 12:01:15:915</date><id>0</id><type>bounding_box</type><polygon><username>anonymous</username><pt><x>1390</x><y>1089</y><time>22-09-20 12:01:08:129</time></pt><pt><x>3168</x><y>1089</y><time>22-09-20 12:01:09:598</time></pt><pt><x>3168</x><y>1799</y><time>undefined</time></pt><pt><x>1390</x><y>1799</y><time>undefined</time></pt><closed_date>22-09-20 12:01:09:599</closed_date></polygon></object></annotation>