<annotation><filename>m2_s01_001_p_nic034.jpg</filename><folder>users/joselusava//santiago</folder><source><submittedBy>Jose Saca</submittedBy></source><imagesize><nrows>2850</nrows><ncols>4271</ncols></imagesize><object><name>m2_s01_001_p_nic034</name><deleted>0</deleted><verified>0</verified><occluded>no</occluded><attributes></attributes><parts><hasparts></hasparts><ispartof></ispartof></parts><date>19-09-20 22:24:04:450</date><id>0</id><type>bounding_box</type><polygon><username>anonymous</username><pt><x>2209</x><y>1141</y><time>19-09-20 22:23:56:823</time></pt><pt><x>3581</x><y>1141</y><time>19-09-20 22:23:58:256</time></pt><pt><x>3581</x><y>2610</y><time>undefined</time></pt><pt><x>2209</x><y>2610</y><time>undefined</time></pt><closed_date>19-09-20 22:23:58:256</closed_date></polygon></object></annotation>