<annotation><filename>m4_s05_055_p_ic061.jpg</filename><folder>users/joselusava//valeria/m4_s05_055_ic</folder><source><submittedBy>Jose Saca</submittedBy></source><imagesize><nrows>2910</nrows><ncols>4361</ncols></imagesize><object><name>m4_s05_055_p_ic061</name><deleted>0</deleted><verified>0</verified><occluded>no</occluded><attributes></attributes><parts><hasparts></hasparts><ispartof></ispartof></parts><date>08-10-20 22:41:04:742</date><id>0</id><type>bounding_box</type><polygon><username>anonymous</username><pt><x>1207</x><y>402</y><time>08-10-20 22:40:58:912</time></pt><pt><x>3257</x><y>402</y><time>08-10-20 22:41:01:071</time></pt><pt><x>3257</x><y>2552</y><time>undefined</time></pt><pt><x>1207</x><y>2552</y><time>undefined</time></pt><closed_date>08-10-20 22:41:01:072</closed_date></polygon></object></annotation>