<annotation><filename>m3_s01_002_p_nic004.jpg</filename><folder>users/joselusava//santiago_3</folder><source><submittedBy>Jose Saca</submittedBy></source><imagesize><nrows>2970</nrows><ncols>4451</ncols></imagesize><object><name>m3_s01_002_p_nic004</name><deleted>0</deleted><verified>0</verified><occluded>no</occluded><attributes></attributes><parts><hasparts></hasparts><ispartof></ispartof></parts><date>29-10-20 15:26:23:964</date><id>0</id><type>bounding_box</type><polygon><username>anonymous</username><pt><x>1421</x><y>371</y><time>29-10-20 15:26:20:056</time></pt><pt><x>4180</x><y>371</y><time>29-10-20 15:26:21:451</time></pt><pt><x>4180</x><y>2249</y><time>undefined</time></pt><pt><x>1421</x><y>2249</y><time>undefined</time></pt><closed_date>29-10-20 15:26:21:452</closed_date></polygon></object></annotation>