<annotation><filename>m4_s02_021_p_ic047.jpg</filename><folder>users/joselusava//santiago_2</folder><source><submittedBy>Jose Saca</submittedBy></source><imagesize><nrows>3000</nrows><ncols>4496</ncols></imagesize><object><name>m4_s02_021_p_ic047</name><deleted>0</deleted><verified>0</verified><occluded>no</occluded><attributes></attributes><parts><hasparts></hasparts><ispartof></ispartof></parts><date>03-10-20 18:10:46:394</date><id>0</id><type>bounding_box</type><polygon><username>anonymous</username><pt><x>1368</x><y>346</y><time>03-10-20 18:10:43:016</time></pt><pt><x>2789</x><y>346</y><time>03-10-20 18:10:44:240</time></pt><pt><x>2789</x><y>2407</y><time>undefined</time></pt><pt><x>1368</x><y>2407</y><time>undefined</time></pt><closed_date>03-10-20 18:10:44:241</closed_date></polygon></object></annotation>