<annotation><filename>img_m1_s10_303_p_nic091.jpg</filename><folder>users/joselusava//santiago</folder><source><submittedBy>Jose Saca</submittedBy></source><imagesize><nrows>3200</nrows><ncols>4800</ncols></imagesize><object><name>m1_s10_303_p_nic091</name><deleted>0</deleted><verified>0</verified><occluded>no</occluded><attributes></attributes><parts><hasparts></hasparts><ispartof></ispartof></parts><date>01-09-20 23:11:29:980</date><id>0</id><type>bounding_box</type><polygon><username>anonymous</username><pt><x>378</x><y>500</y><time>01-09-20 23:11:20:989</time></pt><pt><x>796</x><y>500</y><time>01-09-20 23:11:22:166</time></pt><pt><x>796</x><y>1137</y><time>undefined</time></pt><pt><x>378</x><y>1137</y><time>undefined</time></pt><closed_date>01-09-20 23:11:22:168</closed_date></polygon></object></annotation>