<annotation><filename>m4_s10_154_p_nic008.jpg</filename><folder>users/joselusava//valeria/m04_s10_154_nic</folder><source><submittedBy>Jose Saca</submittedBy></source><imagesize><nrows>2970</nrows><ncols>4451</ncols></imagesize><object><name>m4_s10_154_p_nic008</name><deleted>0</deleted><verified>0</verified><occluded>no</occluded><attributes></attributes><parts><hasparts></hasparts><ispartof></ispartof></parts><date>13-10-20 23:35:29:383</date><id>0</id><type>bounding_box</type><polygon><username>anonymous</username><pt><x>2530</x><y>2045</y><time>13-10-20 23:35:23:347</time></pt><pt><x>4232</x><y>2045</y><time>13-10-20 23:35:25:036</time></pt><pt><x>4232</x><y>257</y><time>undefined</time></pt><pt><x>2530</x><y>257</y><time>undefined</time></pt><closed_date>13-10-20 23:35:25:037</closed_date></polygon></object></annotation>