<annotation><filename>m1_s01_017_p_nic004.jpg</filename><folder>users/joselusava//santiago</folder><source><submittedBy>Jose Saca</submittedBy></source><imagesize><nrows>3200</nrows><ncols>4800</ncols></imagesize><object><name>m1_s01_017_p_nic004</name><deleted>0</deleted><verified>0</verified><occluded>no</occluded><attributes></attributes><parts><hasparts></hasparts><ispartof></ispartof></parts><date>11-09-20 18:18:51:628</date><id>0</id><type>bounding_box</type><polygon><username>anonymous</username><pt><x>3596</x><y>824</y><time>11-09-20 18:18:41:838</time></pt><pt><x>4143</x><y>824</y><time>11-09-20 18:18:44:996</time></pt><pt><x>4143</x><y>1177</y><time>undefined</time></pt><pt><x>3596</x><y>1177</y><time>undefined</time></pt><closed_date>11-09-20 18:18:44:996</closed_date></polygon></object></annotation>