<annotation><filename>m1_s01_017_p_nic057.jpg</filename><folder>users/joselusava//santiago</folder><source><submittedBy>Jose Saca</submittedBy></source><imagesize><nrows>3200</nrows><ncols>4800</ncols></imagesize><object><name>m1_s01_017_p_nic057</name><deleted>0</deleted><verified>0</verified><occluded>no</occluded><attributes></attributes><parts><hasparts></hasparts><ispartof></ispartof></parts><date>11-09-20 19:24:42:408</date><id>0</id><type>bounding_box</type><polygon><username>anonymous</username><pt><x>1339</x><y>2455</y><time>11-09-20 19:24:35:609</time></pt><pt><x>1854</x><y>2455</y><time>11-09-20 19:24:36:463</time></pt><pt><x>1854</x><y>2793</y><time>undefined</time></pt><pt><x>1339</x><y>2793</y><time>undefined</time></pt><closed_date>11-09-20 19:24:36:464</closed_date></polygon></object></annotation>