<annotation><filename>m1_s06_144_p_nic030.jpg</filename><folder>users/joselusava//jacob_2/144nic</folder><source><submittedBy>Jose Saca</submittedBy></source><imagesize><nrows>2736</nrows><ncols>4100</ncols></imagesize><object><name>m1_s06_144_p_nic030</name><deleted>0</deleted><verified>0</verified><occluded>no</occluded><attributes></attributes><parts><hasparts></hasparts><ispartof></ispartof></parts><date>08-09-20 02:01:30:602</date><id>0</id><type>bounding_box</type><polygon><username>anonymous</username><pt><x>908</x><y>155</y><time>08-09-20 02:01:27:047</time></pt><pt><x>2308</x><y>155</y><time>08-09-20 02:01:30:010</time></pt><pt><x>2308</x><y>1825</y><time>undefined</time></pt><pt><x>908</x><y>1825</y><time>undefined</time></pt><closed_date>08-09-20 02:01:30:010</closed_date></polygon></object></annotation>