<annotation><filename>m2_s06_244_p_ic076.jpg</filename><folder>users/joselusava//museos2020</folder><source><submittedBy>Jose Saca</submittedBy></source><imagesize><nrows>2910</nrows><ncols>4361</ncols></imagesize><object><name>m2_s06_244_p_ic076</name><deleted>0</deleted><verified>0</verified><occluded>no</occluded><attributes></attributes><parts><hasparts></hasparts><ispartof></ispartof></parts><date>22-09-20 15:05:26:542</date><id>0</id><type>bounding_box</type><polygon><username>anonymous</username><pt><x>545</x><y>1218</y><time>22-09-20 15:05:18:541</time></pt><pt><x>3885</x><y>1218</y><time>22-09-20 15:05:20:025</time></pt><pt><x>3885</x><y>2423</y><time>undefined</time></pt><pt><x>545</x><y>2423</y><time>undefined</time></pt><closed_date>22-09-20 15:05:20:026</closed_date></polygon></object></annotation>