<annotation><filename>m2_s02_085_p_ic094.jpg</filename><folder>users/joselusava//m2_jsv/85/ic</folder><source><submittedBy>Jose Saca</submittedBy></source><imagesize><nrows>2910</nrows><ncols>4361</ncols></imagesize><object><name>m2_s02_085_p_ic094</name><deleted>0</deleted><verified>0</verified><occluded>no</occluded><attributes></attributes><parts><hasparts></hasparts><ispartof></ispartof></parts><date>17-09-20 20:11:20:325</date><id>0</id><type>bounding_box</type><polygon><username>anonymous</username><pt><x>1584</x><y>888</y><time>17-09-20 20:11:17:809</time></pt><pt><x>2698</x><y>888</y><time>17-09-20 20:11:19:495</time></pt><pt><x>2698</x><y>2037</y><time>undefined</time></pt><pt><x>1584</x><y>2037</y><time>undefined</time></pt><closed_date>17-09-20 20:11:19:495</closed_date></polygon></object></annotation>