<annotation><filename>m4_s10_154_p_ic051.jpg</filename><folder>users/joselusava//valeria/m04_s10_154_ic</folder><source><submittedBy>Jose Saca</submittedBy></source><imagesize><nrows>2970</nrows><ncols>4451</ncols></imagesize><object><name>m4_s10_154_p_ic051</name><deleted>0</deleted><verified>0</verified><occluded>no</occluded><attributes></attributes><parts><hasparts></hasparts><ispartof></ispartof></parts><date>13-10-20 22:27:43:952</date><id>0</id><type>bounding_box</type><polygon><username>anonymous</username><pt><x>1050</x><y>67</y><time>13-10-20 22:27:36:927</time></pt><pt><x>3366</x><y>67</y><time>13-10-20 22:27:39:628</time></pt><pt><x>3366</x><y>2579</y><time>undefined</time></pt><pt><x>1050</x><y>2579</y><time>undefined</time></pt><closed_date>13-10-20 22:27:39:629</closed_date></polygon></object></annotation>