<annotation><filename>m1_s01_017_p_ic026.jpg</filename><folder>users/joselusava//santiago</folder><source><submittedBy>Jose Saca</submittedBy></source><imagesize><nrows>3200</nrows><ncols>4800</ncols></imagesize><object><name>m1_s01_017_p_ic026</name><deleted>0</deleted><verified>0</verified><occluded>no</occluded><attributes></attributes><parts><hasparts></hasparts><ispartof></ispartof></parts><date>10-09-20 14:41:42:088</date><id>0</id><type>bounding_box</type><polygon><username>anonymous</username><pt><x>1562</x><y>1116</y><time>10-09-20 14:41:32:370</time></pt><pt><x>3034</x><y>1116</y><time>10-09-20 14:41:35:590</time></pt><pt><x>3034</x><y>2239</y><time>undefined</time></pt><pt><x>1562</x><y>2239</y><time>undefined</time></pt><closed_date>10-09-20 14:41:35:591</closed_date></polygon></object></annotation>