<annotation><filename>m4_s04_037_p_nic092.jpg</filename><folder>users/joselusava//santiago_2</folder><source><submittedBy>Jose Saca</submittedBy></source><imagesize><nrows>2970</nrows><ncols>4451</ncols></imagesize><object><name>m4_s04_037_p_nic092</name><deleted>0</deleted><verified>0</verified><occluded>no</occluded><attributes></attributes><parts><hasparts></hasparts><ispartof></ispartof></parts><date>19-10-20 22:57:02:854</date><id>0</id><type>bounding_box</type><polygon><username>anonymous</username><pt><x>2035</x><y>1196</y><time>19-10-20 22:57:00:291</time></pt><pt><x>3127</x><y>1196</y><time>19-10-20 22:57:01:196</time></pt><pt><x>3127</x><y>2870</y><time>undefined</time></pt><pt><x>2035</x><y>2870</y><time>undefined</time></pt><closed_date>19-10-20 22:57:01:197</closed_date></polygon></object></annotation>