<annotation><filename>m1_s01_017_p_ic085.jpg</filename><folder>users/joselusava//santiago</folder><source><submittedBy>Jose Saca</submittedBy></source><imagesize><nrows>3200</nrows><ncols>4800</ncols></imagesize><object><name>m1_s01_017_p_ic085</name><deleted>0</deleted><verified>0</verified><occluded>no</occluded><attributes></attributes><parts><hasparts></hasparts><ispartof></ispartof></parts><date>10-09-20 23:10:25:616</date><id>0</id><type>bounding_box</type><polygon><username>anonymous</username><pt><x>1361</x><y>821</y><time>10-09-20 23:10:17:705</time></pt><pt><x>3049</x><y>821</y><time>10-09-20 23:10:19:255</time></pt><pt><x>3049</x><y>2232</y><time>undefined</time></pt><pt><x>1361</x><y>2232</y><time>undefined</time></pt><closed_date>10-09-20 23:10:19:257</closed_date></polygon></object></annotation>