<annotation><filename>img_m1_s10_303_p_nic011.jpg</filename><folder>users/joselusava//santiago</folder><source><submittedBy>Jose Saca</submittedBy></source><imagesize><nrows>3200</nrows><ncols>4800</ncols></imagesize><object><name>m1_s10_303_p_nic011</name><deleted>0</deleted><verified>0</verified><occluded>no</occluded><attributes></attributes><parts><hasparts></hasparts><ispartof></ispartof></parts><date>01-09-20 19:48:22:267</date><id>0</id><type>bounding_box</type><polygon><username>anonymous</username><pt><x>601</x><y>439</y><time>01-09-20 19:48:12:382</time></pt><pt><x>2253</x><y>439</y><time>01-09-20 19:48:15:211</time></pt><pt><x>2253</x><y>1317</y><time>undefined</time></pt><pt><x>601</x><y>1317</y><time>undefined</time></pt><closed_date>01-09-20 19:48:15:211</closed_date></polygon></object></annotation>