<annotation><filename>m2_s01_001_p_nic098.jpg</filename><folder>users/joselusava//santiago</folder><source><submittedBy>Jose Saca</submittedBy></source><imagesize><nrows>2850</nrows><ncols>4271</ncols></imagesize><object><name>m2_s01_001_p_nic098</name><deleted>0</deleted><verified>0</verified><occluded>no</occluded><attributes></attributes><parts><hasparts></hasparts><ispartof></ispartof></parts><date>19-09-20 23:52:05:459</date><id>0</id><type>bounding_box</type><polygon><username>anonymous</username><pt><x>372</x><y>824</y><time>19-09-20 23:51:58:049</time></pt><pt><x>1911</x><y>824</y><time>19-09-20 23:51:59:356</time></pt><pt><x>1911</x><y>2186</y><time>undefined</time></pt><pt><x>372</x><y>2186</y><time>undefined</time></pt><closed_date>19-09-20 23:51:59:357</closed_date></polygon></object></annotation>