<annotation><filename>m1_s06_141_p_ic018.jpg</filename><folder>users/joselusava//jacob_2/141ic</folder><source><submittedBy>Jose Saca</submittedBy></source><imagesize><nrows>2736</nrows><ncols>4100</ncols></imagesize><object><name>m1_s06_141_p_ic018</name><deleted>0</deleted><verified>0</verified><occluded>no</occluded><attributes></attributes><parts><hasparts></hasparts><ispartof></ispartof></parts><date>04-09-20 17:19:23:708</date><id>0</id><type>bounding_box</type><polygon><username>anonymous</username><pt><x>1097</x><y>155</y><time>04-09-20 17:19:21:558</time></pt><pt><x>2922</x><y>155</y><time>04-09-20 17:19:23:081</time></pt><pt><x>2922</x><y>2357</y><time>undefined</time></pt><pt><x>1097</x><y>2357</y><time>undefined</time></pt><closed_date>04-09-20 17:19:23:081</closed_date></polygon></object></annotation>