<annotation><filename>m2_s06_250_p_ic012.jpg</filename><folder>users/joselusava//valeria/m2_sala06_250_ic</folder><source><submittedBy>Jose Saca</submittedBy></source><imagesize><nrows>2910</nrows><ncols>4361</ncols></imagesize><object><name>m2_s06_250_p_ic012</name><deleted>0</deleted><verified>0</verified><occluded>no</occluded><attributes></attributes><parts><hasparts></hasparts><ispartof></ispartof></parts><date>30-09-20 22:11:35:610</date><id>0</id><type>bounding_box</type><polygon><username>anonymous</username><pt><x>386</x><y>1929</y><time>30-09-20 22:11:30:510</time></pt><pt><x>3841</x><y>1929</y><time>30-09-20 22:11:32:141</time></pt><pt><x>3841</x><y>1196</y><time>undefined</time></pt><pt><x>386</x><y>1196</y><time>undefined</time></pt><closed_date>30-09-20 22:11:32:143</closed_date></polygon></object></annotation>