<annotation><filename>m4_s04_037_p_nic057.jpg</filename><folder>users/joselusava//santiago_2</folder><source><submittedBy>Jose Saca</submittedBy></source><imagesize><nrows>2970</nrows><ncols>4451</ncols></imagesize><object><name>m4_s04_037_p_nic057</name><deleted>0</deleted><verified>0</verified><occluded>no</occluded><attributes></attributes><parts><hasparts></hasparts><ispartof></ispartof></parts><date>19-10-20 22:31:51:039</date><id>0</id><type>bounding_box</type><polygon><username>anonymous</username><pt><x>582</x><y>1496</y><time>19-10-20 22:31:48:324</time></pt><pt><x>1421</x><y>1496</y><time>19-10-20 22:31:49:263</time></pt><pt><x>1421</x><y>2820</y><time>undefined</time></pt><pt><x>582</x><y>2820</y><time>undefined</time></pt><closed_date>19-10-20 22:31:49:265</closed_date></polygon></object></annotation>