<annotation><filename>m2_s01_024_p_nic052.jpg</filename><folder>users/joselusava//santiago</folder><source><submittedBy>Jose Saca</submittedBy></source><imagesize><nrows>2850</nrows><ncols>4271</ncols></imagesize><object><name>m2_s01_024_p_nic052</name><deleted>0</deleted><verified>0</verified><occluded>no</occluded><attributes></attributes><parts><hasparts></hasparts><ispartof></ispartof></parts><date>25-09-20 14:57:49:160</date><id>0</id><type>bounding_box</type><polygon><username>anonymous</username><pt><x>667</x><y>599</y><time>25-09-20 14:57:35:919</time></pt><pt><x>1375</x><y>599</y><time>25-09-20 14:57:37:009</time></pt><pt><x>1375</x><y>1847</y><time>undefined</time></pt><pt><x>667</x><y>1847</y><time>undefined</time></pt><closed_date>25-09-20 14:57:37:009</closed_date></polygon></object></annotation>