<annotation><filename>m2_s01_034_p_ic010.jpg</filename><folder>users/joselusava//kath</folder><source><submittedBy>Jose Saca</submittedBy></source><imagesize><nrows>2850</nrows><ncols>4271</ncols></imagesize><object><name>m2_s01_034_p_ic010</name><deleted>0</deleted><verified>0</verified><occluded>no</occluded><attributes></attributes><parts><hasparts></hasparts><ispartof></ispartof></parts><date>23-09-20 22:24:31:982</date><id>0</id><type>bounding_box</type><polygon><username>anonymous</username><pt><x>1067</x><y>183</y><time>23-09-20 22:24:20:506</time></pt><pt><x>2976</x><y>183</y><time>23-09-20 22:24:28:442</time></pt><pt><x>2976</x><y>2766</y><time>undefined</time></pt><pt><x>1067</x><y>2766</y><time>undefined</time></pt><closed_date>23-09-20 22:24:28:443</closed_date></polygon></object></annotation>