<annotation><filename>m4_s04_037_p_ic022.jpg</filename><folder>users/joselusava//santiago_2</folder><source><submittedBy>Jose Saca</submittedBy></source><imagesize><nrows>2970</nrows><ncols>4451</ncols></imagesize><object><name>m4_s04_037_p_ic022</name><deleted>0</deleted><verified>0</verified><occluded>no</occluded><attributes></attributes><parts><hasparts></hasparts><ispartof></ispartof></parts><date>17-10-20 21:36:06:925</date><id>0</id><type>bounding_box</type><polygon><username>anonymous</username><pt><x>1506</x><y>178</y><time>17-10-20 21:36:02:937</time></pt><pt><x>2931</x><y>178</y><time>17-10-20 21:36:04:499</time></pt><pt><x>2931</x><y>2709</y><time>undefined</time></pt><pt><x>1506</x><y>2709</y><time>undefined</time></pt><closed_date>17-10-20 21:36:04:500</closed_date></polygon></object></annotation>