<annotation><filename>m4_s04_047_p_nic029.jpg</filename><folder>users/joselusava//kath/kath_m4_047/nic</folder><source><submittedBy>Jose Saca</submittedBy></source><imagesize><nrows>2970</nrows><ncols>4451</ncols></imagesize><object><name>m4_s04_047_p_nic029</name><deleted>0</deleted><verified>0</verified><occluded>no</occluded><attributes></attributes><parts><hasparts></hasparts><ispartof></ispartof></parts><date>24-10-20 18:33:56:524</date><id>0</id><type>bounding_box</type><polygon><username>anonymous</username><pt><x>505</x><y>223</y><time>24-10-20 18:33:42:942</time></pt><pt><x>1663</x><y>223</y><time>24-10-20 18:33:47:204</time></pt><pt><x>1663</x><y>2576</y><time>undefined</time></pt><pt><x>505</x><y>2576</y><time>undefined</time></pt><closed_date>24-10-20 18:33:47:205</closed_date></polygon></object></annotation>