<annotation><filename>m2_s03_219_p_nic047.jpg</filename><folder>users/joselusava//valeria/m2_sala03_219_nic</folder><source><submittedBy>Jose Saca</submittedBy></source><imagesize><nrows>2910</nrows><ncols>4361</ncols></imagesize><object><name>m2_s03_219_p_nic047</name><deleted>0</deleted><verified>0</verified><occluded>no</occluded><attributes></attributes><parts><hasparts></hasparts><ispartof></ispartof></parts><date>29-09-20 18:04:35:237</date><id>0</id><type>bounding_box</type><polygon><username>anonymous</username><pt><x>2838</x><y>2419</y><time>29-09-20 18:04:27:649</time></pt><pt><x>3924</x><y>2419</y><time>29-09-20 18:04:30:024</time></pt><pt><x>3924</x><y>612</y><time>undefined</time></pt><pt><x>2838</x><y>612</y><time>undefined</time></pt><closed_date>29-09-20 18:04:30:024</closed_date></polygon></object></annotation>