<annotation><filename>m2_s03_201_p_ic019.jpg</filename><folder>users/joselusava//eg</folder><source><submittedBy>Jose Saca</submittedBy></source><imagesize><nrows>3000</nrows><ncols>4496</ncols></imagesize><object><name>m2_s03_219_p_ic019</name><deleted>0</deleted><verified>0</verified><occluded>no</occluded><attributes></attributes><parts><hasparts></hasparts><ispartof></ispartof></parts><date>16-09-20 12:54:07:823</date><id>0</id><type>bounding_box</type><polygon><username>anonymous</username><pt><x>717</x><y>81</y><time>16-09-20 12:53:52:781</time></pt><pt><x>3820</x><y>81</y><time>16-09-20 12:53:54:299</time></pt><pt><x>3820</x><y>2815</y><time>undefined</time></pt><pt><x>717</x><y>2815</y><time>undefined</time></pt><closed_date>16-09-20 12:53:54:300</closed_date></polygon></object></annotation>