<annotation><filename>m2_s02_129_p_ic004.jpg</filename><folder>users/joselusava//m2_jsv/129/ic</folder><source><submittedBy>Jose Saca</submittedBy></source><imagesize><nrows>2910</nrows><ncols>4361</ncols></imagesize><object><name>m2_s02_129_p_ic004</name><deleted>0</deleted><verified>0</verified><occluded>no</occluded><attributes></attributes><parts><hasparts></hasparts><ispartof></ispartof></parts><date>24-09-20 15:08:06:835</date><id>0</id><type>bounding_box</type><polygon><username>anonymous</username><pt><x>2698</x><y>1959</y><time>24-09-20 15:08:04:919</time></pt><pt><x>1663</x><y>1959</y><time>24-09-20 15:08:06:218</time></pt><pt><x>1663</x><y>827</y><time>undefined</time></pt><pt><x>2698</x><y>827</y><time>undefined</time></pt><closed_date>24-09-20 15:08:06:218</closed_date></polygon></object></annotation>