<annotation><filename>m2_s01_001_p_nic055.jpg</filename><folder>users/joselusava//santiago</folder><source><submittedBy>Jose Saca</submittedBy></source><imagesize><nrows>2850</nrows><ncols>4271</ncols></imagesize><object><name>m2_s01_001_p_nic055</name><deleted>0</deleted><verified>0</verified><occluded>no</occluded><attributes></attributes><parts><hasparts></hasparts><ispartof></ispartof></parts><date>19-09-20 22:55:39:952</date><id>0</id><type>bounding_box</type><polygon><username>anonymous</username><pt><x>2238</x><y>1016</y><time>19-09-20 22:55:32:319</time></pt><pt><x>3818</x><y>1016</y><time>19-09-20 22:55:34:194</time></pt><pt><x>3818</x><y>2670</y><time>undefined</time></pt><pt><x>2238</x><y>2670</y><time>undefined</time></pt><closed_date>19-09-20 22:55:34:194</closed_date></polygon></object></annotation>