<annotation><filename>m1_s06_144_p_nic100.jpg</filename><folder>users/joselusava//jacob_2/144nic</folder><source><submittedBy>Jose Saca</submittedBy></source><imagesize><nrows>2736</nrows><ncols>4100</ncols></imagesize><object><name>m1_s06_144_p_nic100</name><deleted>0</deleted><verified>0</verified><occluded>no</occluded><attributes></attributes><parts><hasparts></hasparts><ispartof></ispartof></parts><date>08-09-20 14:06:08:361</date><id>0</id><type>bounding_box</type><polygon><username>anonymous</username><pt><x>342</x><y>546</y><time>08-09-20 14:06:06:444</time></pt><pt><x>2201</x><y>546</y><time>08-09-20 14:06:07:805</time></pt><pt><x>2201</x><y>2087</y><time>undefined</time></pt><pt><x>342</x><y>2087</y><time>undefined</time></pt><closed_date>08-09-20 14:06:07:805</closed_date></polygon></object></annotation>