<annotation><filename>m4_s11_176_p_nic090.jpg</filename><folder>users/joselusava//m4_js/176/nic</folder><source><submittedBy>Jose Saca</submittedBy></source><imagesize><nrows>2970</nrows><ncols>4451</ncols></imagesize><object><name>m4_s11_176_p_nic090</name><deleted>0</deleted><verified>0</verified><occluded>no</occluded><attributes></attributes><parts><hasparts></hasparts><ispartof></ispartof></parts><date>15-10-20 14:58:32:709</date><id>0</id><type>bounding_box</type><polygon><username>anonymous</username><pt><x>1768</x><y>1644</y><time>15-10-20 14:58:30:912</time></pt><pt><x>18</x><y>1644</y><time>15-10-20 14:58:31:947</time></pt><pt><x>18</x><y>9</y><time>undefined</time></pt><pt><x>1768</x><y>9</y><time>undefined</time></pt><closed_date>15-10-20 14:58:31:948</closed_date></polygon></object></annotation>