<annotation><filename>m2_s01_010_p_nic066.jpg</filename><folder>users/joselusava//santiago</folder><source><submittedBy>Jose Saca</submittedBy></source><imagesize><nrows>2850</nrows><ncols>4271</ncols></imagesize><object><name>m2_s01_010_p_nic066</name><deleted>0</deleted><verified>0</verified><occluded>no</occluded><attributes></attributes><parts><hasparts></hasparts><ispartof></ispartof></parts><date>22-09-20 21:18:47:399</date><id>0</id><type>bounding_box</type><polygon><username>anonymous</username><pt><x>539</x><y>1542</y><time>22-09-20 21:18:39:685</time></pt><pt><x>1106</x><y>1542</y><time>22-09-20 21:18:40:712</time></pt><pt><x>1106</x><y>2308</y><time>undefined</time></pt><pt><x>539</x><y>2308</y><time>undefined</time></pt><closed_date>22-09-20 21:18:40:713</closed_date></polygon></object></annotation>