<annotation><filename>m1_s01_021_p_nic019.jpg</filename><folder>users/joselusava//santiago</folder><source><submittedBy>Jose Saca</submittedBy></source><imagesize><nrows>3200</nrows><ncols>4800</ncols></imagesize><object><name>m1_s01_021_p_nic019</name><deleted>0</deleted><verified>0</verified><occluded>no</occluded><attributes></attributes><parts><hasparts></hasparts><ispartof></ispartof></parts><date>15-09-20 15:27:09:319</date><id>0</id><type>bounding_box</type><polygon><username>anonymous</username><pt><x>1620</x><y>2217</y><time>15-09-20 15:27:01:378</time></pt><pt><x>2239</x><y>2217</y><time>15-09-20 15:27:03:470</time></pt><pt><x>2239</x><y>3024</y><time>undefined</time></pt><pt><x>1620</x><y>3024</y><time>undefined</time></pt><closed_date>15-09-20 15:27:03:472</closed_date></polygon></object></annotation>