<annotation><filename>m1_s02_036_p_nic076.jpg</filename><folder>users/joselusava//valeria/sala2_036_nic</folder><source><submittedBy>Jose Saca</submittedBy></source><imagesize><nrows>3200</nrows><ncols>4800</ncols></imagesize><object><name>m1_s02_036_p_nic076</name><deleted>0</deleted><verified>0</verified><occluded>no</occluded><attributes></attributes><parts><hasparts></hasparts><ispartof></ispartof></parts><date>27-08-20 01:25:06:985</date><id>0</id><type>bounding_box</type><polygon><username>anonymous</username><pt><x>1858</x><y>2438</y><time>27-08-20 01:24:57:948</time></pt><pt><x>419</x><y>2438</y><time>27-08-20 01:25:03:023</time></pt><pt><x>419</x><y>440</y><time>undefined</time></pt><pt><x>1858</x><y>440</y><time>undefined</time></pt><closed_date>27-08-20 01:25:03:024</closed_date></polygon></object></annotation>