<annotation><filename>m4_s07_105_p_nic036.jpg</filename><folder>users/joselusava//kath/m4_105/nic</folder><source><submittedBy>Jose Saca</submittedBy></source><imagesize><nrows>2970</nrows><ncols>4451</ncols></imagesize><object><name>m4_s07_105_p_nic036</name><deleted>0</deleted><verified>0</verified><occluded>no</occluded><attributes></attributes><parts><hasparts></hasparts><ispartof></ispartof></parts><date>03-11-20 08:42:12:128</date><id>0</id><type>bounding_box</type><polygon><username>anonymous</username><pt><x>1595</x><y>2653</y><time>03-11-20 08:42:06:293</time></pt><pt><x>2380</x><y>2653</y><time>03-11-20 08:42:09:673</time></pt><pt><x>2380</x><y>1251</y><time>undefined</time></pt><pt><x>1595</x><y>1251</y><time>undefined</time></pt><closed_date>03-11-20 08:42:09:674</closed_date></polygon></object></annotation>