<annotation><filename>m1_s01_021_p_nic016.jpg</filename><folder>users/joselusava//santiago</folder><source><submittedBy>Jose Saca</submittedBy></source><imagesize><nrows>3200</nrows><ncols>4800</ncols></imagesize><object><name>m1_s01_021_p_nic016</name><deleted>0</deleted><verified>0</verified><occluded>no</occluded><attributes></attributes><parts><hasparts></hasparts><ispartof></ispartof></parts><date>15-09-20 15:23:44:805</date><id>0</id><type>bounding_box</type><polygon><username>anonymous</username><pt><x>504</x><y>2210</y><time>15-09-20 15:23:36:716</time></pt><pt><x>1141</x><y>2210</y><time>15-09-20 15:23:38:326</time></pt><pt><x>1141</x><y>2923</y><time>undefined</time></pt><pt><x>504</x><y>2923</y><time>undefined</time></pt><closed_date>15-09-20 15:23:38:328</closed_date></polygon></object></annotation>