<annotation><filename>m3_s01_010_p_ic051.jpg</filename><folder>users/joselusava//m4_js/m3/10/ic</folder><source><submittedBy>Jose Saca</submittedBy></source><imagesize><nrows>2970</nrows><ncols>4451</ncols></imagesize><object><name>m3_s01_010_p_ic051</name><deleted>0</deleted><verified>0</verified><occluded>no</occluded><attributes></attributes><parts><hasparts></hasparts><ispartof></ispartof></parts><date>29-10-20 13:09:24:176</date><id>0</id><type>bounding_box</type><polygon><username>anonymous</username><pt><x>3535</x><y>2801</y><time>29-10-20 13:09:21:040</time></pt><pt><x>820</x><y>2801</y><time>29-10-20 13:09:23:340</time></pt><pt><x>820</x><y>245</y><time>undefined</time></pt><pt><x>3535</x><y>245</y><time>undefined</time></pt><closed_date>29-10-20 13:09:23:340</closed_date></polygon></object></annotation>