<annotation><filename>m2_s01_032_p_ic091.jpg</filename><folder>users/joselusava//santiago_2</folder><source><submittedBy>Jose Saca</submittedBy></source><imagesize><nrows>2850</nrows><ncols>4271</ncols></imagesize><object><name>m2_s01_032_p_ic091</name><deleted>0</deleted><verified>0</verified><occluded>no</occluded><attributes></attributes><parts><hasparts></hasparts><ispartof></ispartof></parts><date>30-09-20 17:23:22:970</date><id>0</id><type>bounding_box</type><polygon><username>anonymous</username><pt><x>1120</x><y>163</y><time>30-09-20 17:23:19:776</time></pt><pt><x>2738</x><y>163</y><time>30-09-20 17:23:20:969</time></pt><pt><x>2738</x><y>2674</y><time>undefined</time></pt><pt><x>1120</x><y>2674</y><time>undefined</time></pt><closed_date>30-09-20 17:23:20:969</closed_date></polygon></object></annotation>