<annotation><filename>m2_s05_236_p_ic019.jpg</filename><folder>users/joselusava//museos2020</folder><source><submittedBy>Jose Saca</submittedBy></source><imagesize><nrows>2910</nrows><ncols>4361</ncols></imagesize><object><name>m2_s05_236_p_ic019</name><deleted>0</deleted><verified>0</verified><occluded>no</occluded><attributes></attributes><parts><hasparts></hasparts><ispartof></ispartof></parts><date>16-09-20 18:04:01:548</date><id>0</id><type>bounding_box</type><polygon><username>anonymous</username><pt><x>246</x><y>191</y><time>16-09-20 18:03:51:719</time></pt><pt><x>4100</x><y>191</y><time>16-09-20 18:03:54:089</time></pt><pt><x>4100</x><y>2780</y><time>undefined</time></pt><pt><x>246</x><y>2780</y><time>undefined</time></pt><closed_date>16-09-20 18:03:54:089</closed_date></polygon></object></annotation>