<annotation><filename>m2_s03_219_p_nic013.jpg</filename><folder>users/joselusava//valeria/m2_sala03_219_nic</folder><source><submittedBy>Jose Saca</submittedBy></source><imagesize><nrows>2910</nrows><ncols>4361</ncols></imagesize><object><name>m2_s03_219_p_nic013</name><deleted>0</deleted><verified>0</verified><occluded>no</occluded><attributes></attributes><parts><hasparts></hasparts><ispartof></ispartof></parts><date>29-09-20 17:17:58:485</date><id>0</id><type>bounding_box</type><polygon><username>anonymous</username><pt><x>2634</x><y>2734</y><time>29-09-20 17:17:51:608</time></pt><pt><x>976</x><y>2734</y><time>29-09-20 17:17:53:994</time></pt><pt><x>976</x><y>1196</y><time>undefined</time></pt><pt><x>2634</x><y>1196</y><time>undefined</time></pt><closed_date>29-09-20 17:17:53:995</closed_date></polygon></object></annotation>