<annotation><filename>m2_s03_219_p_ic036.jpg</filename><folder>users/joselusava//valeria/m2_sala03_219_ic</folder><source><submittedBy>Jose Saca</submittedBy></source><imagesize><nrows>2910</nrows><ncols>4361</ncols></imagesize><object><name>m2_s03_219_p_ic036</name><deleted>0</deleted><verified>0</verified><occluded>no</occluded><attributes></attributes><parts><hasparts></hasparts><ispartof></ispartof></parts><date>29-09-20 00:15:10:096</date><id>0</id><type>bounding_box</type><polygon><username>anonymous</username><pt><x>3373</x><y>88</y><time>29-09-20 00:15:04:608</time></pt><pt><x>893</x><y>88</y><time>29-09-20 00:15:06:722</time></pt><pt><x>893</x><y>2491</y><time>undefined</time></pt><pt><x>3373</x><y>2491</y><time>undefined</time></pt><closed_date>29-09-20 00:15:06:724</closed_date></polygon></object></annotation>