<annotation><filename>m2_s01_010_p_ic039.jpg</filename><folder>users/joselusava//santiago</folder><source><submittedBy>Jose Saca</submittedBy></source><imagesize><nrows>2850</nrows><ncols>4271</ncols></imagesize><object><name>m2_s01_010_p_ic039</name><deleted>0</deleted><verified>0</verified><occluded>no</occluded><attributes></attributes><parts><hasparts></hasparts><ispartof></ispartof></parts><date>21-09-20 15:44:16:330</date><id>0</id><type>bounding_box</type><polygon><username>anonymous</username><pt><x>1237</x><y>532</y><time>21-09-20 15:44:08:499</time></pt><pt><x>3116</x><y>532</y><time>21-09-20 15:44:10:998</time></pt><pt><x>3116</x><y>2536</y><time>undefined</time></pt><pt><x>1237</x><y>2536</y><time>undefined</time></pt><closed_date>21-09-20 15:44:11:000</closed_date></polygon></object></annotation>