<annotation><filename>m4_s10_154_p_nic036.jpg</filename><folder>users/joselusava//valeria/m04_s10_154_nic</folder><source><submittedBy>Jose Saca</submittedBy></source><imagesize><nrows>2970</nrows><ncols>4451</ncols></imagesize><object><name>m4_s10_154_p_nic036</name><deleted>0</deleted><verified>0</verified><occluded>no</occluded><attributes></attributes><parts><hasparts></hasparts><ispartof></ispartof></parts><date>14-10-20 12:53:14:962</date><id>0</id><type>bounding_box</type><polygon><username>anonymous</username><pt><x>1177</x><y>2039</y><time>14-10-20 12:53:10:258</time></pt><pt><x>2422</x><y>2039</y><time>14-10-20 12:53:11:674</time></pt><pt><x>2422</x><y>211</y><time>undefined</time></pt><pt><x>1177</x><y>211</y><time>undefined</time></pt><closed_date>14-10-20 12:53:11:676</closed_date></polygon></object></annotation>