<annotation><filename>m2_s05_236_p_nic100.jpg</filename><folder>users/joselusava//museos2020</folder><source><submittedBy>Jose Saca</submittedBy></source><imagesize><nrows>2910</nrows><ncols>4361</ncols></imagesize><object><name>m2_s05_236_p_nic100</name><deleted>0</deleted><verified>0</verified><occluded>no</occluded><attributes></attributes><parts><hasparts></hasparts><ispartof></ispartof></parts><date>17-09-20 13:46:12:522</date><id>0</id><type>bounding_box</type><polygon><username>anonymous</username><pt><x>423</x><y>530</y><time>17-09-20 13:46:05:276</time></pt><pt><x>2943</x><y>530</y><time>17-09-20 13:46:06:842</time></pt><pt><x>2943</x><y>2557</y><time>undefined</time></pt><pt><x>423</x><y>2557</y><time>undefined</time></pt><closed_date>17-09-20 13:46:06:842</closed_date></polygon></object></annotation>