<annotation><filename>m4_s04_045_p_ic037.jpg</filename><folder>users/joselusava//valeria/m04_s04_45_ic</folder><source><submittedBy>Jose Saca</submittedBy></source><imagesize><nrows>2970</nrows><ncols>4451</ncols></imagesize><object><name>m4_s04_045_p_ic037</name><deleted>0</deleted><verified>0</verified><occluded>no</occluded><attributes></attributes><parts><hasparts></hasparts><ispartof></ispartof></parts><date>19-10-20 19:21:33:516</date><id>0</id><type>bounding_box</type><polygon><username>anonymous</username><pt><x>1753</x><y>2353</y><time>19-10-20 19:21:28:605</time></pt><pt><x>2650</x><y>2353</y><time>19-10-20 19:21:30:243</time></pt><pt><x>2650</x><y>623</y><time>undefined</time></pt><pt><x>1753</x><y>623</y><time>undefined</time></pt><closed_date>19-10-20 19:21:30:244</closed_date></polygon></object></annotation>