<annotation><filename>m4_s11_178_p_ic083.jpg</filename><folder>users/joselusava//santiago_2</folder><source><submittedBy>Jose Saca</submittedBy></source><imagesize><nrows>2970</nrows><ncols>4451</ncols></imagesize><object><name>m4_s11_178_p_ic083</name><deleted>0</deleted><verified>0</verified><occluded>no</occluded><attributes></attributes><parts><hasparts></hasparts><ispartof></ispartof></parts><date>15-10-20 22:22:06:284</date><id>0</id><type>bounding_box</type><polygon><username>anonymous</username><pt><x>1546</x><y>707</y><time>15-10-20 22:22:02:644</time></pt><pt><x>2813</x><y>707</y><time>15-10-20 22:22:04:600</time></pt><pt><x>2813</x><y>2431</y><time>undefined</time></pt><pt><x>1546</x><y>2431</y><time>undefined</time></pt><closed_date>15-10-20 22:22:04:601</closed_date></polygon></object></annotation>