<annotation><filename>m4_s07_106_x.jpg</filename><folder>users/joselusava//kath/m4_x</folder><source><submittedBy>Jose Saca</submittedBy></source><imagesize><nrows>2970</nrows><ncols>4451</ncols></imagesize><object><name>m4_s07_106_x</name><deleted>0</deleted><verified>0</verified><occluded>no</occluded><attributes></attributes><parts><hasparts></hasparts><ispartof></ispartof></parts><date>21-10-20 11:15:05:650</date><id>0</id><polygon><username>anonymous</username><pt><x>875</x><y>125</y><time>21-10-20 11:14:57:998</time></pt><pt><x>755</x><y>2783</y><time>21-10-20 11:14:59:073</time></pt><pt><x>3744</x><y>2682</y><time>21-10-20 11:15:00:448</time></pt><pt><x>3427</x><y>168</y><time>21-10-20 11:15:01:959</time></pt><closed_date>21-10-20 11:15:03:498</closed_date></polygon></object></annotation>