<annotation><filename>m2_s01_018_p_ic070.jpg</filename><folder>users/joselusava//santiago_2</folder><source><submittedBy>Jose Saca</submittedBy></source><imagesize><nrows>2850</nrows><ncols>4271</ncols></imagesize><object><name>m2_s01_018_p_ic070</name><deleted>0</deleted><verified>0</verified><occluded>no</occluded><attributes></attributes><parts><hasparts></hasparts><ispartof></ispartof></parts><date>28-09-20 18:00:17:292</date><id>0</id><type>bounding_box</type><polygon><username>anonymous</username><pt><x>1709</x><y>830</y><time>28-09-20 18:00:10:662</time></pt><pt><x>2747</x><y>830</y><time>28-09-20 18:00:11:745</time></pt><pt><x>2747</x><y>2129</y><time>undefined</time></pt><pt><x>1709</x><y>2129</y><time>undefined</time></pt><closed_date>28-09-20 18:00:11:747</closed_date></polygon></object></annotation>