<annotation><filename>m4_s04_045_p_ic017.jpg</filename><folder>users/joselusava//valeria/m04_s04_45_ic</folder><source><submittedBy>Jose Saca</submittedBy></source><imagesize><nrows>2970</nrows><ncols>4451</ncols></imagesize><object><name>m4_s04_045_p_ic017</name><deleted>0</deleted><verified>0</verified><occluded>no</occluded><attributes></attributes><parts><hasparts></hasparts><ispartof></ispartof></parts><date>19-10-20 19:04:24:573</date><id>0</id><type>bounding_box</type><polygon><username>anonymous</username><pt><x>1776</x><y>2427</y><time>19-10-20 19:04:19:957</time></pt><pt><x>2707</x><y>2427</y><time>19-10-20 19:04:21:603</time></pt><pt><x>2707</x><y>834</y><time>undefined</time></pt><pt><x>1776</x><y>834</y><time>undefined</time></pt><closed_date>19-10-20 19:04:21:604</closed_date></polygon></object></annotation>