<annotation><filename>m4_s02_015_p_ic087.jpg</filename><folder>users/joselusava//m4_js/15ic</folder><source><submittedBy>Jose Saca</submittedBy></source><imagesize><nrows>2910</nrows><ncols>4361</ncols></imagesize><object><name>m4_s02_015_p_ic087</name><deleted>0</deleted><verified>0</verified><occluded>no</occluded><attributes></attributes><parts><hasparts></hasparts><ispartof></ispartof></parts><date>03-10-20 19:45:24:976</date><id>0</id><type>bounding_box</type><polygon><username>anonymous</username><pt><x>2916</x><y>479</y><time>03-10-20 19:45:22:977</time></pt><pt><x>1045</x><y>479</y><time>03-10-20 19:45:24:201</time></pt><pt><x>1045</x><y>2899</y><time>undefined</time></pt><pt><x>2916</x><y>2899</y><time>undefined</time></pt><closed_date>03-10-20 19:45:24:202</closed_date></polygon></object></annotation>