<annotation><filename>m4_s04_037_p_nic012.jpg</filename><folder>users/joselusava//santiago_2</folder><source><submittedBy>Jose Saca</submittedBy></source><imagesize><nrows>2970</nrows><ncols>4451</ncols></imagesize><object><name>m4_s04_037_p_nic012</name><deleted>0</deleted><verified>0</verified><occluded>no</occluded><attributes></attributes><parts><hasparts></hasparts><ispartof></ispartof></parts><date>19-10-20 13:56:01:837</date><id>0</id><type>bounding_box</type><polygon><username>anonymous</username><pt><x>321</x><y>1374</y><time>19-10-20 13:55:57:954</time></pt><pt><x>1171</x><y>1374</y><time>19-10-20 13:55:59:175</time></pt><pt><x>1171</x><y>2745</y><time>undefined</time></pt><pt><x>321</x><y>2745</y><time>undefined</time></pt><closed_date>19-10-20 13:55:59:177</closed_date></polygon></object></annotation>