<annotation><filename>m2_s03_201_p_ic016.jpg</filename><folder>users/joselusava//eg</folder><source><submittedBy>Jose Saca</submittedBy></source><imagesize><nrows>3000</nrows><ncols>4496</ncols></imagesize><object><name>m2_s03_219_p_ic016</name><deleted>0</deleted><verified>0</verified><occluded>no</occluded><attributes></attributes><parts><hasparts></hasparts><ispartof></ispartof></parts><date>16-09-20 12:45:46:329</date><id>0</id><type>bounding_box</type><polygon><username>anonymous</username><pt><x>687</x><y>192</y><time>16-09-20 12:45:35:759</time></pt><pt><x>3768</x><y>192</y><time>16-09-20 12:45:37:373</time></pt><pt><x>3768</x><y>2830</y><time>undefined</time></pt><pt><x>687</x><y>2830</y><time>undefined</time></pt><closed_date>16-09-20 12:45:37:373</closed_date></polygon></object></annotation>