<annotation><filename>m2_s02_085_p_nic069.jpg</filename><folder>users/joselusava//m2_jsv/85/nic</folder><source><submittedBy>Jose Saca</submittedBy></source><imagesize><nrows>2910</nrows><ncols>4361</ncols></imagesize><object><name>m2_s02_085_p_nic069</name><deleted>0</deleted><verified>0</verified><occluded>no</occluded><attributes></attributes><parts><hasparts></hasparts><ispartof></ispartof></parts><date>19-09-20 22:51:56:179</date><id>0</id><type>bounding_box</type><polygon><username>anonymous</username><pt><x>469</x><y>1419</y><time>19-09-20 22:51:54:414</time></pt><pt><x>1124</x><y>1419</y><time>19-09-20 22:51:55:408</time></pt><pt><x>1124</x><y>2243</y><time>undefined</time></pt><pt><x>469</x><y>2243</y><time>undefined</time></pt><closed_date>19-09-20 22:51:55:408</closed_date></polygon></object></annotation>