<annotation><filename>m2_s07_264_p_ic005.jpg</filename><folder>users/joselusava//valeria/sala7_264_ic</folder><source><submittedBy>Jose Saca</submittedBy></source><imagesize><nrows>2910</nrows><ncols>4361</ncols></imagesize><object><name>m2_s07_264_p_ic005</name><deleted>0</deleted><verified>0</verified><occluded>no</occluded><attributes></attributes><parts><hasparts></hasparts><ispartof></ispartof></parts><date>22-09-20 17:48:06:433</date><id>0</id><type>bounding_box</type><polygon><username>anonymous</username><pt><x>2965</x><y>2590</y><time>22-09-20 17:48:00:896</time></pt><pt><x>1207</x><y>2590</y><time>22-09-20 17:48:03:283</time></pt><pt><x>1207</x><y>364</y><time>undefined</time></pt><pt><x>2965</x><y>364</y><time>undefined</time></pt><closed_date>22-09-20 17:48:03:285</closed_date></polygon></object></annotation>