<annotation><filename>m2_s01_056_p_nic076.jpg</filename><folder>users/joselusava//m2_jsv/56/nic</folder><source><submittedBy>Jose Saca</submittedBy></source><imagesize><nrows>2850</nrows><ncols>4271</ncols></imagesize><object><name>m2_s01_056_p_nic076</name><deleted>0</deleted><verified>0</verified><occluded>no</occluded><attributes></attributes><parts><hasparts></hasparts><ispartof></ispartof></parts><date>28-09-20 22:33:03:581</date><id>0</id><type>bounding_box</type><polygon><username>anonymous</username><pt><x>2564</x><y>2777</y><time>28-09-20 22:33:01:642</time></pt><pt><x>1112</x><y>2777</y><time>28-09-20 22:33:02:736</time></pt><pt><x>1112</x><y>1223</y><time>undefined</time></pt><pt><x>2564</x><y>1223</y><time>undefined</time></pt><closed_date>28-09-20 22:33:02:737</closed_date></polygon></object></annotation>