<annotation><filename>m4_s07_105_p_nic002.jpg</filename><folder>users/joselusava//kath/m4_105/nic</folder><source><submittedBy>Jose Saca</submittedBy></source><imagesize><nrows>2970</nrows><ncols>4451</ncols></imagesize><object><name>m4_s07_105_p_nic002</name><deleted>0</deleted><verified>0</verified><occluded>no</occluded><attributes></attributes><parts><hasparts></hasparts><ispartof></ispartof></parts><date>29-10-20 09:21:58:327</date><id>0</id><type>bounding_box</type><polygon><username>anonymous</username><pt><x>2994</x><y>2850</y><time>29-10-20 09:21:53:250</time></pt><pt><x>3854</x><y>2850</y><time>29-10-20 09:21:55:929</time></pt><pt><x>3854</x><y>1216</y><time>undefined</time></pt><pt><x>2994</x><y>1216</y><time>undefined</time></pt><closed_date>29-10-20 09:21:55:931</closed_date></polygon></object></annotation>