<annotation><filename>m4_s12_185_p_ic071.jpg</filename><folder>users/joselusava//valeria/m04_s12_185_ic</folder><source><submittedBy>Jose Saca</submittedBy></source><imagesize><nrows>2910</nrows><ncols>4361</ncols></imagesize><object><name>m4_s12_185_p_ic071</name><deleted>0</deleted><verified>0</verified><occluded>no</occluded><attributes></attributes><parts><hasparts></hasparts><ispartof></ispartof></parts><date>17-10-20 18:23:03:134</date><id>0</id><type>bounding_box</type><polygon><username>anonymous</username><pt><x>666</x><y>2529</y><time>17-10-20 18:22:56:489</time></pt><pt><x>3744</x><y>2529</y><time>17-10-20 18:22:59:857</time></pt><pt><x>3744</x><y>179</y><time>undefined</time></pt><pt><x>666</x><y>179</y><time>undefined</time></pt><closed_date>17-10-20 18:22:59:860</closed_date></polygon></object></annotation>