<annotation><filename>m2_s01_010_p_nic010.jpg</filename><folder>users/joselusava//santiago</folder><source><submittedBy>Jose Saca</submittedBy></source><imagesize><nrows>2850</nrows><ncols>4271</ncols></imagesize><object><name>m2_s01_010_p_nic010</name><deleted>0</deleted><verified>0</verified><occluded>no</occluded><attributes></attributes><parts><hasparts></hasparts><ispartof></ispartof></parts><date>22-09-20 19:48:30:136</date><id>0</id><type>bounding_box</type><polygon><username>anonymous</username><pt><x>875</x><y>397</y><time>22-09-20 19:48:18:937</time></pt><pt><x>1812</x><y>397</y><time>22-09-20 19:48:20:968</time></pt><pt><x>1812</x><y>1333</y><time>undefined</time></pt><pt><x>875</x><y>1333</y><time>undefined</time></pt><closed_date>22-09-20 19:48:20:969</closed_date></polygon></object></annotation>