<annotation><filename>m3_s01_002_p_ic073.jpg</filename><folder>users/joselusava//santiago_3</folder><source><submittedBy>Jose Saca</submittedBy></source><imagesize><nrows>2970</nrows><ncols>4451</ncols></imagesize><object><name>m3_s01_002_p_ic073</name><deleted>0</deleted><verified>0</verified><occluded>no</occluded><attributes></attributes><parts><hasparts></hasparts><ispartof></ispartof></parts><date>29-10-20 13:19:52:081</date><id>0</id><type>bounding_box</type><polygon><username>anonymous</username><pt><x>743</x><y>668</y><time>29-10-20 13:19:47:967</time></pt><pt><x>3809</x><y>668</y><time>29-10-20 13:19:49:332</time></pt><pt><x>3809</x><y>2110</y><time>undefined</time></pt><pt><x>743</x><y>2110</y><time>undefined</time></pt><closed_date>29-10-20 13:19:49:333</closed_date></polygon></object></annotation>