<annotation><filename>m3_s01_023_p_ic043.jpg</filename><folder>users/joselusava//santiago_3</folder><source><submittedBy>Jose Saca</submittedBy></source><imagesize><nrows>2970</nrows><ncols>4451</ncols></imagesize><object><name>m3_s01_023_p_ic043</name><deleted>0</deleted><verified>0</verified><occluded>no</occluded><attributes></attributes><parts><hasparts></hasparts><ispartof></ispartof></parts><date>04-11-20 19:15:16:900</date><id>0</id><type>bounding_box</type><polygon><username>anonymous</username><pt><x>443</x><y>350</y><time>04-11-20 19:15:13:560</time></pt><pt><x>3998</x><y>350</y><time>04-11-20 19:15:14:920</time></pt><pt><x>3998</x><y>2402</y><time>undefined</time></pt><pt><x>443</x><y>2402</y><time>undefined</time></pt><closed_date>04-11-20 19:15:14:921</closed_date></polygon></object></annotation>