<annotation><filename>m1_s01_017_p_ic014.jpg</filename><folder>users/joselusava//santiago</folder><source><submittedBy>Jose Saca</submittedBy></source><imagesize><nrows>3200</nrows><ncols>4800</ncols></imagesize><object><name>m1_s01_017_p_ic014</name><deleted>0</deleted><verified>0</verified><occluded>no</occluded><attributes></attributes><parts><hasparts></hasparts><ispartof></ispartof></parts><date>10-09-20 14:07:21:229</date><id>0</id><type>bounding_box</type><polygon><username>anonymous</username><pt><x>1753</x><y>1170</y><time>10-09-20 14:07:02:578</time></pt><pt><x>3042</x><y>1170</y><time>10-09-20 14:07:06:338</time></pt><pt><x>3042</x><y>2160</y><time>undefined</time></pt><pt><x>1753</x><y>2160</y><time>undefined</time></pt><closed_date>10-09-20 14:07:06:339</closed_date></polygon></object></annotation>