<annotation><filename>m1_s02_036_p_ic004.jpg</filename><folder>users/joselusava//valeria/sala2_036_ic</folder><source><submittedBy>Jose Saca</submittedBy></source><imagesize><nrows>3200</nrows><ncols>4800</ncols></imagesize><object><name>m1_s01_036_p_ic004</name><deleted>0</deleted><verified>0</verified><occluded>no</occluded><attributes></attributes><parts><hasparts></hasparts><ispartof></ispartof></parts><date>23-08-20 01:09:18:469</date><id>0</id><type>bounding_box</type><polygon><username>anonymous</username><pt><x>1170</x><y>548</y><time>23-08-20 01:09:11:838</time></pt><pt><x>3715</x><y>548</y><time>23-08-20 01:09:14:630</time></pt><pt><x>3715</x><y>2867</y><time>undefined</time></pt><pt><x>1170</x><y>2867</y><time>undefined</time></pt><closed_date>23-08-20 01:09:14:632</closed_date></polygon></object></annotation>