<annotation><filename>m2_s03_248_p_ic066.jpg</filename><folder>users/joselusava//museos2020</folder><source><submittedBy>Jose Saca</submittedBy></source><imagesize><nrows>2910</nrows><ncols>4361</ncols></imagesize><object><name>m2_s03_248_p_ic066</name><deleted>0</deleted><verified>0</verified><occluded>no</occluded><attributes></attributes><parts><hasparts></hasparts><ispartof></ispartof></parts><date>27-09-20 08:57:02:208</date><id>0</id><type>bounding_box</type><polygon><username>anonymous</username><pt><x>14</x><y>349</y><time>27-09-20 08:56:55:467</time></pt><pt><x>4351</x><y>349</y><time>27-09-20 08:56:56:965</time></pt><pt><x>4351</x><y>2306</y><time>undefined</time></pt><pt><x>14</x><y>2306</y><time>undefined</time></pt><closed_date>27-09-20 08:56:56:966</closed_date></polygon></object></annotation>