<annotation><filename>m2_s01_058_p_ic059.jpg</filename><folder>users/joselusava//m2_jsv/58/ic</folder><source><submittedBy>Jose Saca</submittedBy></source><imagesize><nrows>2850</nrows><ncols>4271</ncols></imagesize><object><name>m2_s01_058_p_ic059</name><deleted>0</deleted><verified>0</verified><occluded>no</occluded><attributes></attributes><parts><hasparts></hasparts><ispartof></ispartof></parts><date>29-09-20 13:29:01:353</date><id>0</id><type>bounding_box</type><polygon><username>anonymous</username><pt><x>425</x><y>25</y><time>29-09-20 13:28:58:579</time></pt><pt><x>3957</x><y>25</y><time>29-09-20 13:29:00:332</time></pt><pt><x>3957</x><y>2726</y><time>undefined</time></pt><pt><x>425</x><y>2726</y><time>undefined</time></pt><closed_date>29-09-20 13:29:00:332</closed_date></polygon></object></annotation>