<annotation><filename>m3_s01_013_p_ic030.jpg</filename><folder>users/joselusava//valeria/m03_s01_13_ic</folder><source><submittedBy>Jose Saca</submittedBy></source><imagesize><nrows>2970</nrows><ncols>4451</ncols></imagesize><object><name>m3_s01_013_p_ic029</name><deleted>0</deleted><verified>0</verified><occluded>no</occluded><attributes></attributes><parts><hasparts></hasparts><ispartof></ispartof></parts><date>28-10-20 23:07:06:748</date><id>0</id><type>bounding_box</type><polygon><username>anonymous</username><pt><x>3884</x><y>2839</y><time>28-10-20 23:06:59:414</time></pt><pt><x>348</x><y>2839</y><time>28-10-20 23:07:02:278</time></pt><pt><x>348</x><y>337</y><time>undefined</time></pt><pt><x>3884</x><y>337</y><time>undefined</time></pt><closed_date>28-10-20 23:07:02:279</closed_date></polygon></object></annotation>