<annotation><filename>m1_s02_065_p_ic063.jpg</filename><folder>users/joselusava//valeria/sala2_065_ic</folder><source><submittedBy>Jose Saca</submittedBy></source><imagesize><nrows>2000</nrows><ncols>2992</ncols></imagesize><object><name>m1_s02_065_p_ic063</name><deleted>0</deleted><verified>0</verified><occluded>no</occluded><attributes></attributes><parts><hasparts></hasparts><ispartof></ispartof></parts><date>26-08-20 00:27:50:472</date><id>0</id><type>bounding_box</type><polygon><username>anonymous</username><pt><x>107</x><y>302</y><time>26-08-20 00:27:40:286</time></pt><pt><x>2856</x><y>302</y><time>26-08-20 00:27:43:176</time></pt><pt><x>2856</x><y>1859</y><time>undefined</time></pt><pt><x>107</x><y>1859</y><time>undefined</time></pt><closed_date>26-08-20 00:27:43:177</closed_date></polygon></object></annotation>