<annotation><filename>m4_s08_119_x.jpg</filename><folder>users/joselusava//kath/m4_x</folder><source><submittedBy>Jose Saca</submittedBy></source><imagesize><nrows>2970</nrows><ncols>4451</ncols></imagesize><object><name>m4_s08_119_x</name><deleted>0</deleted><verified>0</verified><occluded>no</occluded><attributes></attributes><parts><hasparts></hasparts><ispartof></ispartof></parts><date>21-10-20 11:30:05:432</date><id>0</id><polygon><username>anonymous</username><pt><x>1624</x><y>178</y><time>21-10-20 11:29:50:646</time></pt><pt><x>1331</x><y>2859</y><time>21-10-20 11:29:59:153</time></pt><pt><x>3100</x><y>2725</y><time>21-10-20 11:30:00:292</time></pt><pt><x>2480</x><y>178</y><time>21-10-20 11:30:01:877</time></pt><closed_date>21-10-20 11:30:03:289</closed_date></polygon></object></annotation>