<annotation><filename>m1_s02_036_p_nic064.jpg</filename><folder>users/joselusava//valeria/sala2_036_nic</folder><source><submittedBy>Jose Saca</submittedBy></source><imagesize><nrows>3200</nrows><ncols>4800</ncols></imagesize><object><name>m1_s02_036_p_nic064</name><deleted>0</deleted><verified>0</verified><occluded>no</occluded><attributes></attributes><parts><hasparts></hasparts><ispartof></ispartof></parts><date>27-08-20 01:06:37:510</date><id>0</id><type>bounding_box</type><polygon><username>anonymous</username><pt><x>4424</x><y>2690</y><time>27-08-20 01:06:29:363</time></pt><pt><x>2099</x><y>2690</y><time>27-08-20 01:06:33:809</time></pt><pt><x>2099</x><y>430</y><time>undefined</time></pt><pt><x>4424</x><y>430</y><time>undefined</time></pt><closed_date>27-08-20 01:06:33:810</closed_date></polygon></object></annotation>