<annotation><filename>m3_s01_023_p_ic058.jpg</filename><folder>users/joselusava//santiago_3</folder><source><submittedBy>Jose Saca</submittedBy></source><imagesize><nrows>2970</nrows><ncols>4451</ncols></imagesize><object><name>m3_s01_023_p_ic058</name><deleted>0</deleted><verified>0</verified><occluded>no</occluded><attributes></attributes><parts><hasparts></hasparts><ispartof></ispartof></parts><date>04-11-20 19:28:02:380</date><id>0</id><type>bounding_box</type><polygon><username>anonymous</username><pt><x>1085</x><y>760</y><time>04-11-20 19:27:59:280</time></pt><pt><x>3306</x><y>760</y><time>04-11-20 19:28:00:228</time></pt><pt><x>3306</x><y>2374</y><time>undefined</time></pt><pt><x>1085</x><y>2374</y><time>undefined</time></pt><closed_date>04-11-20 19:28:00:228</closed_date></polygon></object></annotation>