<annotation><filename>m1_s03-04_085_x.jpg</filename><folder>users/joselusava//valeria/sala03y04</folder><source><submittedBy>Jose Saca</submittedBy></source><imagesize><nrows>3200</nrows><ncols>4800</ncols></imagesize><object><name>m1_s03_s04_085_x</name><deleted>0</deleted><verified>0</verified><occluded>no</occluded><attributes></attributes><parts><hasparts></hasparts><ispartof></ispartof></parts><date>28-08-20 20:39:45:135</date><id>0</id><type>bounding_box</type><polygon><username>anonymous</username><pt><x>4247</x><y>3179</y><time>28-08-20 20:39:37:029</time></pt><pt><x>1460</x><y>3179</y><time>28-08-20 20:39:40:792</time></pt><pt><x>1460</x><y>32</y><time>undefined</time></pt><pt><x>4247</x><y>32</y><time>undefined</time></pt><closed_date>28-08-20 20:39:40:794</closed_date></polygon></object></annotation>