<annotation><filename>m2_s01_010_p_ic070.jpg</filename><folder>users/joselusava//santiago</folder><source><submittedBy>Jose Saca</submittedBy></source><imagesize><nrows>2850</nrows><ncols>4271</ncols></imagesize><object><name>m2_s01_010_p_ic070</name><deleted>0</deleted><verified>0</verified><occluded>no</occluded><attributes></attributes><parts><hasparts></hasparts><ispartof></ispartof></parts><date>21-09-20 23:16:36:085</date><id>0</id><type>bounding_box</type><polygon><username>anonymous</username><pt><x>1039</x><y>282</y><time>21-09-20 23:16:26:464</time></pt><pt><x>3116</x><y>282</y><time>21-09-20 23:16:28:854</time></pt><pt><x>3116</x><y>2430</y><time>undefined</time></pt><pt><x>1039</x><y>2430</y><time>undefined</time></pt><closed_date>21-09-20 23:16:28:856</closed_date></polygon></object></annotation>