<annotation><filename>m2_s02_085_p_ic030.jpg</filename><folder>users/joselusava//m2_jsv/85/ic</folder><source><submittedBy>Jose Saca</submittedBy></source><imagesize><nrows>2910</nrows><ncols>4361</ncols></imagesize><object><name>m2_s02_085_p_ic030</name><deleted>0</deleted><verified>0</verified><occluded>no</occluded><attributes></attributes><parts><hasparts></hasparts><ispartof></ispartof></parts><date>16-09-20 13:40:24:782</date><id>0</id><type>bounding_box</type><polygon><username>anonymous</username><pt><x>2490</x><y>2228</y><time>16-09-20 13:40:23:047</time></pt><pt><x>1549</x><y>2228</y><time>16-09-20 13:40:24:193</time></pt><pt><x>1549</x><y>1010</y><time>undefined</time></pt><pt><x>2490</x><y>1010</y><time>undefined</time></pt><closed_date>16-09-20 13:40:24:194</closed_date></polygon></object></annotation>