<annotation><filename>m1_s01_005_p_nic032.jpg</filename><folder>users/joselusava//museos2020</folder><source><submittedBy>Jose Saca</submittedBy></source><imagesize><nrows>2000</nrows><ncols>2992</ncols></imagesize><object><name>m1_s01_005_p_nic032</name><deleted>0</deleted><verified>0</verified><occluded>no</occluded><attributes></attributes><parts><hasparts></hasparts><ispartof></ispartof></parts><date>14-09-20 10:46:00:393</date><id>0</id><type>bounding_box</type><polygon><username>anonymous</username><pt><x>361</x><y>1415</y><time>14-09-20 10:45:20:335</time></pt><pt><x>719</x><y>1415</y><time>14-09-20 10:45:22:310</time></pt><pt><x>719</x><y>1812</y><time>undefined</time></pt><pt><x>361</x><y>1812</y><time>undefined</time></pt><closed_date>14-09-20 10:45:22:311</closed_date></polygon></object></annotation>