<annotation><filename>m2_s03_248_p_nic042.jpg</filename><folder>users/joselusava//museos2020</folder><source><submittedBy>Jose Saca</submittedBy></source><imagesize><nrows>2910</nrows><ncols>4361</ncols></imagesize><object><name>m2_s03_248_p_nic042</name><deleted>0</deleted><verified>0</verified><occluded>no</occluded><attributes></attributes><parts><hasparts></hasparts><ispartof></ispartof></parts><date>27-09-20 17:10:57:874</date><id>0</id><polygon><username>anonymous</username><pt><x>1116</x><y>456</y><time>27-09-20 17:10:49:570</time></pt><pt><x>3235</x><y>363</y><time>27-09-20 17:10:50:455</time></pt><pt><x>2645</x><y>1083</y><time>27-09-20 17:10:51:486</time></pt><pt><x>967</x><y>711</y><time>27-09-20 17:10:52:805</time></pt><closed_date>27-09-20 17:10:53:560</closed_date></polygon></object></annotation>