<annotation><filename>m2_s01_001_p_nic041.jpg</filename><folder>users/joselusava//santiago</folder><source><submittedBy>Jose Saca</submittedBy></source><imagesize><nrows>2850</nrows><ncols>4271</ncols></imagesize><object><name>m2_s01_001_p_nic041</name><deleted>0</deleted><verified>0</verified><occluded>no</occluded><attributes></attributes><parts><hasparts></hasparts><ispartof></ispartof></parts><date>19-09-20 22:36:40:354</date><id>0</id><type>bounding_box</type><polygon><username>anonymous</username><pt><x>2356</x><y>173</y><time>19-09-20 22:36:31:741</time></pt><pt><x>3844</x><y>173</y><time>19-09-20 22:36:33:517</time></pt><pt><x>3844</x><y>1471</y><time>undefined</time></pt><pt><x>2356</x><y>1471</y><time>undefined</time></pt><closed_date>19-09-20 22:36:33:518</closed_date></polygon></object></annotation>