<annotation><filename>m4_s10_154_p_nic017.jpg</filename><folder>users/joselusava//valeria/m04_s10_154_nic</folder><source><submittedBy>Jose Saca</submittedBy></source><imagesize><nrows>2970</nrows><ncols>4451</ncols></imagesize><object><name>m4_s10_154_p_nic017</name><deleted>0</deleted><verified>0</verified><occluded>no</occluded><attributes></attributes><parts><hasparts></hasparts><ispartof></ispartof></parts><date>14-10-20 12:33:38:685</date><id>0</id><type>bounding_box</type><polygon><username>anonymous</username><pt><x>251</x><y>2022</y><time>14-10-20 12:33:32:377</time></pt><pt><x>1965</x><y>2022</y><time>14-10-20 12:33:35:561</time></pt><pt><x>1965</x><y>171</y><time>undefined</time></pt><pt><x>251</x><y>171</y><time>undefined</time></pt><closed_date>14-10-20 12:33:35:562</closed_date></polygon></object></annotation>