<annotation><filename>m4_s12_186_p_nic055.jpg</filename><folder>users/joselusava//m4_js/186/nic</folder><source><submittedBy>Jose Saca</submittedBy></source><imagesize><nrows>3899</nrows><ncols>5844</ncols></imagesize><object><name>m4_s12_186_p_nic054</name><deleted>0</deleted><verified>0</verified><occluded>no</occluded><attributes></attributes><parts><hasparts></hasparts><ispartof></ispartof></parts><date>18-10-20 12:07:03:576</date><id>0</id><type>bounding_box</type><polygon><username>anonymous</username><pt><x>2321</x><y>3884</y><time>18-10-20 12:07:01:452</time></pt><pt><x>23</x><y>3884</y><time>18-10-20 12:07:02:549</time></pt><pt><x>23</x><y>257</y><time>undefined</time></pt><pt><x>2321</x><y>257</y><time>undefined</time></pt><closed_date>18-10-20 12:07:02:550</closed_date></polygon></object></annotation>