<annotation><filename>m1_s02_065_p_nic008.jpg</filename><folder>users/joselusava//valeria/sala2_065_nic</folder><source><submittedBy>Jose Saca</submittedBy></source><imagesize><nrows>2000</nrows><ncols>2992</ncols></imagesize><object><name>m1_s02_065_p_nic008</name><deleted>0</deleted><verified>0</verified><occluded>no</occluded><attributes></attributes><parts><hasparts></hasparts><ispartof></ispartof></parts><date>27-08-20 21:48:58:748</date><id>0</id><type>bounding_box</type><polygon><username>anonymous</username><pt><x>1591</x><y>1641</y><time>27-08-20 21:48:50:782</time></pt><pt><x>23</x><y>1641</y><time>27-08-20 21:48:54:359</time></pt><pt><x>23</x><y>886</y><time>undefined</time></pt><pt><x>1591</x><y>886</y><time>undefined</time></pt><closed_date>27-08-20 21:48:54:361</closed_date></polygon></object></annotation>