<annotation><filename>m2_s05_241_x.jpg</filename><folder>users/joselusava//museos2020</folder><source><submittedBy>Jose Saca</submittedBy></source><imagesize><nrows>2910</nrows><ncols>4361</ncols></imagesize><object><name>m2_s05_241_x</name><deleted>0</deleted><verified>0</verified><occluded>no</occluded><attributes></attributes><parts><hasparts></hasparts><ispartof></ispartof></parts><date>21-09-20 19:23:24:099</date><id>0</id><type>bounding_box</type><polygon><username>anonymous</username><pt><x>1469</x><y>122</y><time>21-09-20 19:23:12:274</time></pt><pt><x>2867</x><y>122</y><time>21-09-20 19:23:13:806</time></pt><pt><x>2867</x><y>2573</y><time>undefined</time></pt><pt><x>1469</x><y>2573</y><time>undefined</time></pt><closed_date>21-09-20 19:23:13:808</closed_date></polygon></object></annotation>