<annotation><filename>m4_s07_105_p_ic090.jpg</filename><folder>users/joselusava//kath/m4_105</folder><source><submittedBy>Jose Saca</submittedBy></source><imagesize><nrows>2970</nrows><ncols>4451</ncols></imagesize><object><name>m4_s07_105_p_ic090</name><deleted>0</deleted><verified>0</verified><occluded>no</occluded><attributes></attributes><parts><hasparts></hasparts><ispartof></ispartof></parts><date>29-10-20 09:09:07:072</date><id>0</id><type>bounding_box</type><polygon><username>anonymous</username><pt><x>1812</x><y>2461</y><time>29-10-20 09:09:01:454</time></pt><pt><x>2840</x><y>2461</y><time>29-10-20 09:09:04:103</time></pt><pt><x>2840</x><y>235</y><time>undefined</time></pt><pt><x>1812</x><y>235</y><time>undefined</time></pt><closed_date>29-10-20 09:09:04:104</closed_date></polygon></object></annotation>