<annotation><filename>m3_s01_002_p_nic024.jpg</filename><folder>users/joselusava//santiago_3</folder><source><submittedBy>Jose Saca</submittedBy></source><imagesize><nrows>2970</nrows><ncols>4451</ncols></imagesize><object><name>m3_s01_002_p_nic024</name><deleted>0</deleted><verified>0</verified><occluded>no</occluded><attributes></attributes><parts><hasparts></hasparts><ispartof></ispartof></parts><date>29-10-20 15:45:48:175</date><id>0</id><type>bounding_box</type><polygon><username>anonymous</username><pt><x>1007</x><y>1014</y><time>29-10-20 15:45:44:593</time></pt><pt><x>3784</x><y>1014</y><time>29-10-20 15:45:46:170</time></pt><pt><x>3784</x><y>2881</y><time>undefined</time></pt><pt><x>1007</x><y>2881</y><time>undefined</time></pt><closed_date>29-10-20 15:45:46:171</closed_date></polygon></object></annotation>