<annotation><filename>m1_s02_036_p_ic002.jpg</filename><folder>users/joselusava//valeria/sala2_036_ic</folder><source><submittedBy>Jose Saca</submittedBy></source><imagesize><nrows>3200</nrows><ncols>4800</ncols></imagesize><object><name>m1_s01_036_p_ic002</name><deleted>0</deleted><verified>0</verified><occluded>no</occluded><attributes></attributes><parts><hasparts></hasparts><ispartof></ispartof></parts><date>23-08-20 01:06:19:945</date><id>0</id><type>bounding_box</type><polygon><username>anonymous</username><pt><x>1170</x><y>440</y><time>23-08-20 01:06:12:868</time></pt><pt><x>3683</x><y>440</y><time>23-08-20 01:06:15:927</time></pt><pt><x>3683</x><y>2738</y><time>undefined</time></pt><pt><x>1170</x><y>2738</y><time>undefined</time></pt><closed_date>23-08-20 01:06:15:929</closed_date></polygon></object></annotation>