<annotation><filename>m4_s04_037_p_nic053.jpg</filename><folder>users/joselusava//santiago_2</folder><source><submittedBy>Jose Saca</submittedBy></source><imagesize><nrows>2970</nrows><ncols>4451</ncols></imagesize><object><name>m4_s04_037_p_nic053</name><deleted>0</deleted><verified>0</verified><occluded>no</occluded><attributes></attributes><parts><hasparts></hasparts><ispartof></ispartof></parts><date>19-10-20 22:29:21:219</date><id>0</id><type>bounding_box</type><polygon><username>anonymous</username><pt><x>2424</x><y>1535</y><time>19-10-20 22:29:18:070</time></pt><pt><x>3273</x><y>1535</y><time>19-10-20 22:29:19:184</time></pt><pt><x>3273</x><y>2838</y><time>undefined</time></pt><pt><x>2424</x><y>2838</y><time>undefined</time></pt><closed_date>19-10-20 22:29:19:185</closed_date></polygon></object></annotation>