<annotation><filename>m1_s01_004_p_nic085.jpg</filename><folder>users/joselusava//valeria_apoyo/sala01_004_nic</folder><source><submittedBy>Jose Saca</submittedBy></source><imagesize><nrows>3200</nrows><ncols>4800</ncols></imagesize><object><name>m1_s01_004_p_nic085</name><deleted>0</deleted><verified>0</verified><occluded>no</occluded><attributes></attributes><parts><hasparts></hasparts><ispartof></ispartof></parts><date>17-09-20 20:20:57:455</date><id>0</id><type>bounding_box</type><polygon><username>anonymous</username><pt><x>1352</x><y>3073</y><time>17-09-20 20:20:51:473</time></pt><pt><x>4139</x><y>3073</y><time>17-09-20 20:20:53:801</time></pt><pt><x>4139</x><y>2139</y><time>undefined</time></pt><pt><x>1352</x><y>2139</y><time>undefined</time></pt><closed_date>17-09-20 20:20:53:802</closed_date></polygon></object></annotation>