<annotation><filename>m2_s02_190_p_ic020.jpg</filename><folder>users/joselusava//m2_jsv/190/ic</folder><source><submittedBy>Jose Saca</submittedBy></source><imagesize><nrows>2910</nrows><ncols>4361</ncols></imagesize><object><name>m2_s02_190_p_ic020</name><deleted>0</deleted><verified>0</verified><occluded>no</occluded><attributes></attributes><parts><hasparts></hasparts><ispartof></ispartof></parts><date>20-09-20 17:29:19:274</date><id>0</id><type>bounding_box</type><polygon><username>anonymous</username><pt><x>2655</x><y>2463</y><time>20-09-20 17:29:17:288</time></pt><pt><x>1593</x><y>2463</y><time>20-09-20 17:29:18:570</time></pt><pt><x>1593</x><y>557</y><time>undefined</time></pt><pt><x>2655</x><y>557</y><time>undefined</time></pt><closed_date>20-09-20 17:29:18:571</closed_date></polygon></object></annotation>