<annotation><filename>m3_s01_013_p_ic068.jpg</filename><folder>users/joselusava//valeria/m03_s01_13_ic</folder><source><submittedBy>Jose Saca</submittedBy></source><imagesize><nrows>2970</nrows><ncols>4451</ncols></imagesize><object><name>m3_s01_013_p_ic067</name><deleted>0</deleted><verified>0</verified><occluded>no</occluded><attributes></attributes><parts><hasparts></hasparts><ispartof></ispartof></parts><date>01-11-20 09:18:55:096</date><id>0</id><type>bounding_box</type><polygon><username>anonymous</username><pt><x>3370</x><y>2679</y><time>01-11-20 09:18:47:529</time></pt><pt><x>982</x><y>2679</y><time>01-11-20 09:18:51:349</time></pt><pt><x>982</x><y>177</y><time>undefined</time></pt><pt><x>3370</x><y>177</y><time>undefined</time></pt><closed_date>01-11-20 09:18:51:350</closed_date></polygon></object></annotation>