<annotation><filename>m3_s01_010_p_ic059.jpg</filename><folder>users/joselusava//m4_js/m3/10/ic</folder><source><submittedBy>Jose Saca</submittedBy></source><imagesize><nrows>2970</nrows><ncols>4451</ncols></imagesize><object><name>m3_s01_010_p_ic059</name><deleted>0</deleted><verified>0</verified><occluded>no</occluded><attributes></attributes><parts><hasparts></hasparts><ispartof></ispartof></parts><date>29-10-20 13:12:01:476</date><id>0</id><type>bounding_box</type><polygon><username>anonymous</username><pt><x>3269</x><y>2864</y><time>29-10-20 13:11:59:015</time></pt><pt><x>1012</x><y>2864</y><time>29-10-20 13:12:00:657</time></pt><pt><x>1012</x><y>298</y><time>undefined</time></pt><pt><x>3269</x><y>298</y><time>undefined</time></pt><closed_date>29-10-20 13:12:00:658</closed_date></polygon></object></annotation>