<annotation><filename>img_m1_s10_303_p_nic031.jpg</filename><folder>users/joselusava//santiago</folder><source><submittedBy>Jose Saca</submittedBy></source><imagesize><nrows>3200</nrows><ncols>4800</ncols></imagesize><object><name>m1_s10_303_p_nic031</name><deleted>0</deleted><verified>0</verified><occluded>no</occluded><attributes></attributes><parts><hasparts></hasparts><ispartof></ispartof></parts><date>01-09-20 20:24:54:976</date><id>0</id><type>bounding_box</type><polygon><username>anonymous</username><pt><x>1397</x><y>594</y><time>01-09-20 20:24:47:614</time></pt><pt><x>2588</x><y>594</y><time>01-09-20 20:24:49:010</time></pt><pt><x>2588</x><y>1393</y><time>undefined</time></pt><pt><x>1397</x><y>1393</y><time>undefined</time></pt><closed_date>01-09-20 20:24:49:011</closed_date></polygon></object></annotation>