<annotation><filename>m1_s06_168_p_nic063.jpg</filename><folder>users/joselusava//jacob_2/168nic</folder><source><submittedBy>Jose Saca</submittedBy></source><imagesize><nrows>2736</nrows><ncols>4100</ncols></imagesize><object><name>m1_s06_168_p_nic063</name><deleted>0</deleted><verified>0</verified><occluded>no</occluded><attributes></attributes><parts><hasparts></hasparts><ispartof></ispartof></parts><date>08-09-20 23:23:35:834</date><id>0</id><type>bounding_box</type><polygon><username>anonymous</username><pt><x>279</x><y>1632</y><time>08-09-20 23:23:33:393</time></pt><pt><x>1050</x><y>1632</y><time>08-09-20 23:23:34:927</time></pt><pt><x>1050</x><y>197</y><time>undefined</time></pt><pt><x>279</x><y>197</y><time>undefined</time></pt><closed_date>08-09-20 23:23:34:928</closed_date></polygon></object></annotation>