<annotation><filename>m2_s02_085_p_nic013.jpg</filename><folder>users/joselusava//m2_jsv/85/nic</folder><source><submittedBy>Jose Saca</submittedBy></source><imagesize><nrows>2910</nrows><ncols>4361</ncols></imagesize><object><name>m2_s02_085_p_nic013</name><deleted>0</deleted><verified>0</verified><occluded>no</occluded><attributes></attributes><parts><hasparts></hasparts><ispartof></ispartof></parts><date>17-09-20 20:20:38:985</date><id>0</id><type>bounding_box</type><polygon><username>anonymous</username><pt><x>749</x><y>139</y><time>17-09-20 20:20:37:082</time></pt><pt><x>1906</x><y>139</y><time>17-09-20 20:20:37:930</time></pt><pt><x>1906</x><y>1227</y><time>undefined</time></pt><pt><x>749</x><y>1227</y><time>undefined</time></pt><closed_date>17-09-20 20:20:37:930</closed_date></polygon></object></annotation>