<annotation><filename>m1_s01_004_p_ic054.jpg</filename><folder>users/joselusava//valeria_apoyo/sala001_004ic_ok</folder><source><submittedBy>Jose Saca</submittedBy></source><imagesize><nrows>2000</nrows><ncols>2992</ncols></imagesize><object><name>m1_s01_004_p_ic054</name><deleted>0</deleted><verified>0</verified><occluded>no</occluded><attributes></attributes><parts><hasparts></hasparts><ispartof></ispartof></parts><date>16-09-20 00:12:55:760</date><id>0</id><type>bounding_box</type><polygon><username>anonymous</username><pt><x>2973</x><y>1655</y><time>16-09-20 00:12:47:627</time></pt><pt><x>45</x><y>1655</y><time>16-09-20 00:12:52:123</time></pt><pt><x>45</x><y>614</y><time>undefined</time></pt><pt><x>2973</x><y>614</y><time>undefined</time></pt><closed_date>16-09-20 00:12:52:124</closed_date></polygon></object></annotation>