<annotation><filename>m2_s07_259_x.jpg</filename><folder>users/joselusava//museos2020</folder><source><submittedBy>Jose Saca</submittedBy></source><imagesize><nrows>2910</nrows><ncols>4361</ncols></imagesize><object><name>m2_s07_259_x</name><deleted>0</deleted><verified>0</verified><occluded>no</occluded><attributes></attributes><parts><hasparts></hasparts><ispartof></ispartof></parts><date>27-09-20 22:05:06:174</date><id>0</id><type>bounding_box</type><polygon><username>anonymous</username><pt><x>539</x><y>214</y><time>27-09-20 22:04:59:403</time></pt><pt><x>3840</x><y>214</y><time>27-09-20 22:05:01:740</time></pt><pt><x>3840</x><y>2640</y><time>undefined</time></pt><pt><x>539</x><y>2640</y><time>undefined</time></pt><closed_date>27-09-20 22:05:01:741</closed_date></polygon></object></annotation>