<annotation><filename>m2_s01_001_p_ic057.jpg</filename><folder>users/joselusava//santiago</folder><source><submittedBy>Jose Saca</submittedBy></source><imagesize><nrows>2850</nrows><ncols>4271</ncols></imagesize><object><name>m2_s01_001_p_ic057</name><deleted>0</deleted><verified>0</verified><occluded>no</occluded><attributes></attributes><parts><hasparts></hasparts><ispartof></ispartof></parts><date>19-09-20 08:55:51:335</date><id>0</id><type>bounding_box</type><polygon><username>anonymous</username><pt><x>978</x><y>167</y><time>19-09-20 08:55:40:771</time></pt><pt><x>3494</x><y>167</y><time>19-09-20 08:55:44:544</time></pt><pt><x>3494</x><y>2568</y><time>undefined</time></pt><pt><x>978</x><y>2568</y><time>undefined</time></pt><closed_date>19-09-20 08:55:44:546</closed_date></polygon></object></annotation>