<annotation><filename>m2_s01_034_p_ic089.jpg</filename><folder>users/joselusava//kath</folder><source><submittedBy>Jose Saca</submittedBy></source><imagesize><nrows>2850</nrows><ncols>4271</ncols></imagesize><object><name>m2_s01_034_p_ic089</name><deleted>0</deleted><verified>0</verified><occluded>no</occluded><attributes></attributes><parts><hasparts></hasparts><ispartof></ispartof></parts><date>25-09-20 17:06:42:586</date><id>0</id><polygon><username>anonymous</username><pt><x>1267</x><y>229</y><time>25-09-20 17:06:30:762</time></pt><pt><x>1232</x><y>2542</y><time>25-09-20 17:06:33:639</time></pt><pt><x>3058</x><y>2578</y><time>25-09-20 17:06:35:607</time></pt><pt><x>2993</x><y>251</y><time>25-09-20 17:06:37:350</time></pt><closed_date>25-09-20 17:06:39:243</closed_date></polygon></object></annotation>