<annotation><filename>m4_s09_138_p_nic096.jpg</filename><folder>users/joselusava//santiago_2</folder><source><submittedBy>Jose Saca</submittedBy></source><imagesize><nrows>2970</nrows><ncols>4451</ncols></imagesize><object><name>m4_s09_138_p_nic096</name><deleted>0</deleted><verified>0</verified><occluded>no</occluded><attributes></attributes><parts><hasparts></hasparts><ispartof></ispartof></parts><date>23-10-20 14:47:43:261</date><id>0</id><type>bounding_box</type><polygon><username>anonymous</username><pt><x>817</x><y>721</y><time>23-10-20 14:47:40:079</time></pt><pt><x>2734</x><y>721</y><time>23-10-20 14:47:41:031</time></pt><pt><x>2734</x><y>2020</y><time>undefined</time></pt><pt><x>817</x><y>2020</y><time>undefined</time></pt><closed_date>23-10-20 14:47:41:031</closed_date></polygon></object></annotation>