<annotation><filename>m4_s04_039_p_ic077.jpg</filename><folder>users/joselusava//santiago_2</folder><source><submittedBy>Jose Saca</submittedBy></source><imagesize><nrows>2970</nrows><ncols>4451</ncols></imagesize><object><name>m4_s04_039_p_ic077</name><deleted>0</deleted><verified>0</verified><occluded>no</occluded><attributes></attributes><parts><hasparts></hasparts><ispartof></ispartof></parts><date>21-10-20 15:56:53:383</date><id>0</id><type>bounding_box</type><polygon><username>anonymous</username><pt><x>1888</x><y>328</y><time>21-10-20 15:56:49:639</time></pt><pt><x>2634</x><y>328</y><time>21-10-20 15:56:51:041</time></pt><pt><x>2634</x><y>2877</y><time>undefined</time></pt><pt><x>1888</x><y>2877</y><time>undefined</time></pt><closed_date>21-10-20 15:56:51:041</closed_date></polygon></object></annotation>