<annotation><filename>m1_s02_052_p_ic097.jpg</filename><folder>users/joselusava//valeria/sala2_052_ic</folder><source><submittedBy>Jose Saca</submittedBy></source><imagesize><nrows>3200</nrows><ncols>4800</ncols></imagesize><object><name>m1_s02_052_p_ic097</name><deleted>0</deleted><verified>0</verified><occluded>no</occluded><attributes></attributes><parts><hasparts></hasparts><ispartof></ispartof></parts><date>25-08-20 20:31:57:990</date><id>0</id><type>bounding_box</type><polygon><username>anonymous</username><pt><x>328</x><y>0</y><time>25-08-20 20:31:52:301</time></pt><pt><x>3952</x><y>0</y><time>25-08-20 20:31:54:566</time></pt><pt><x>3952</x><y>3184</y><time>undefined</time></pt><pt><x>328</x><y>3184</y><time>undefined</time></pt><closed_date>25-08-20 20:31:54:567</closed_date></polygon></object></annotation>