<annotation><filename>m2_s01_001_p_ic066.jpg</filename><folder>users/joselusava//santiago</folder><source><submittedBy>Jose Saca</submittedBy></source><imagesize><nrows>2850</nrows><ncols>4271</ncols></imagesize><object><name>m2_s01_001_p_ic066</name><deleted>0</deleted><verified>0</verified><occluded>no</occluded><attributes></attributes><parts><hasparts></hasparts><ispartof></ispartof></parts><date>19-09-20 09:11:52:045</date><id>0</id><type>bounding_box</type><polygon><username>anonymous</username><pt><x>850</x><y>266</y><time>19-09-20 09:11:42:391</time></pt><pt><x>3610</x><y>266</y><time>19-09-20 09:11:45:030</time></pt><pt><x>3610</x><y>2622</y><time>undefined</time></pt><pt><x>850</x><y>2622</y><time>undefined</time></pt><closed_date>19-09-20 09:11:45:031</closed_date></polygon></object></annotation>