<annotation><filename>m1_s01_021_p_nic086.jpg</filename><folder>users/joselusava//santiago</folder><source><submittedBy>Jose Saca</submittedBy></source><imagesize><nrows>3200</nrows><ncols>4800</ncols></imagesize><object><name>m1_s01_021_p_nic086</name><deleted>0</deleted><verified>0</verified><occluded>no</occluded><attributes></attributes><parts><hasparts></hasparts><ispartof></ispartof></parts><date>16-09-20 22:15:11:029</date><id>0</id><type>bounding_box</type><polygon><username>anonymous</username><pt><x>911</x><y>1739</y><time>16-09-20 22:15:03:988</time></pt><pt><x>1483</x><y>1739</y><time>16-09-20 22:15:04:641</time></pt><pt><x>1483</x><y>2462</y><time>undefined</time></pt><pt><x>911</x><y>2462</y><time>undefined</time></pt><closed_date>16-09-20 22:15:04:642</closed_date></polygon></object></annotation>