<annotation><filename>img_m1_s03-04_101_p_ic003.jpg</filename><folder>users/joselusava//valeria/sala3y4_101_ic</folder><source><submittedBy>Jose Saca</submittedBy></source><imagesize><nrows>3200</nrows><ncols>4800</ncols></imagesize><object><name>m1_s03_s04_101_p_ic003</name><deleted>0</deleted><verified>0</verified><occluded>no</occluded><attributes></attributes><parts><hasparts></hasparts><ispartof></ispartof></parts><date>28-08-20 22:19:05:041</date><id>0</id><type>bounding_box</type><polygon><username>anonymous</username><pt><x>4768</x><y>2969</y><time>28-08-20 22:18:57:647</time></pt><pt><x>328</x><y>2969</y><time>28-08-20 22:19:00:895</time></pt><pt><x>328</x><y>736</y><time>undefined</time></pt><pt><x>4768</x><y>736</y><time>undefined</time></pt><closed_date>28-08-20 22:19:00:896</closed_date></polygon></object></annotation>