<annotation><filename>m4_s02_021_p_nic056.jpg</filename><folder>users/joselusava//santiago_2</folder><source><submittedBy>Jose Saca</submittedBy></source><imagesize><nrows>2910</nrows><ncols>4361</ncols></imagesize><object><name>m4_s02_021_p_nic056</name><deleted>0</deleted><verified>0</verified><occluded>no</occluded><attributes></attributes><parts><hasparts></hasparts><ispartof></ispartof></parts><date>05-10-20 11:13:42:096</date><id>0</id><type>bounding_box</type><polygon><username>anonymous</username><pt><x>2584</x><y>838</y><time>05-10-20 11:13:38:440</time></pt><pt><x>3551</x><y>838</y><time>05-10-20 11:13:40:122</time></pt><pt><x>3551</x><y>2474</y><time>undefined</time></pt><pt><x>2584</x><y>2474</y><time>undefined</time></pt><closed_date>05-10-20 11:13:40:123</closed_date></polygon></object></annotation>