<annotation><filename>m2_s01_001_p_ic064.jpg</filename><folder>users/joselusava//santiago</folder><source><submittedBy>Jose Saca</submittedBy></source><imagesize><nrows>2850</nrows><ncols>4271</ncols></imagesize><object><name>m2_s01_001_p_ic064</name><deleted>0</deleted><verified>0</verified><occluded>no</occluded><attributes></attributes><parts><hasparts></hasparts><ispartof></ispartof></parts><date>19-09-20 09:08:58:195</date><id>0</id><type>bounding_box</type><polygon><username>anonymous</username><pt><x>609</x><y>279</y><time>19-09-20 09:08:48:634</time></pt><pt><x>3254</x><y>279</y><time>19-09-20 09:08:51:838</time></pt><pt><x>3254</x><y>2741</y><time>undefined</time></pt><pt><x>609</x><y>2741</y><time>undefined</time></pt><closed_date>19-09-20 09:08:51:838</closed_date></polygon></object></annotation>