<annotation><filename>m1_s01_004_p_ic004.jpg</filename><folder>users/joselusava//valeria_apoyo/sala001_004ic_ok</folder><source><submittedBy>Jose Saca</submittedBy></source><imagesize><nrows>2000</nrows><ncols>2992</ncols></imagesize><object><name>m1_s01_004_p_ic004</name><deleted>0</deleted><verified>0</verified><occluded>no</occluded><attributes></attributes><parts><hasparts></hasparts><ispartof></ispartof></parts><date>15-09-20 20:09:36:736</date><id>0</id><type>bounding_box</type><polygon><username>anonymous</username><pt><x>2924</x><y>1424</y><time>15-09-20 20:09:29:764</time></pt><pt><x>246</x><y>1424</y><time>15-09-20 20:09:32:541</time></pt><pt><x>246</x><y>686</y><time>undefined</time></pt><pt><x>2924</x><y>686</y><time>undefined</time></pt><closed_date>15-09-20 20:09:32:542</closed_date></polygon></object></annotation>