<annotation><filename>m1_s06_144_p_nic068.jpg</filename><folder>users/joselusava//jacob_2/144nic</folder><source><submittedBy>Jose Saca</submittedBy></source><imagesize><nrows>2736</nrows><ncols>4100</ncols></imagesize><object><name>m1_s06_144_p_nic068</name><deleted>0</deleted><verified>0</verified><occluded>no</occluded><attributes></attributes><parts><hasparts></hasparts><ispartof></ispartof></parts><date>08-09-20 02:23:49:383</date><id>0</id><type>bounding_box</type><polygon><username>anonymous</username><pt><x>2709</x><y>2529</y><time>08-09-20 02:23:47:078</time></pt><pt><x>1154</x><y>2529</y><time>08-09-20 02:23:48:551</time></pt><pt><x>1154</x><y>1121</y><time>undefined</time></pt><pt><x>2709</x><y>1121</y><time>undefined</time></pt><closed_date>08-09-20 02:23:48:551</closed_date></polygon></object></annotation>