<annotation><filename>img_m1_s10_303_p_nic079.jpg</filename><folder>users/joselusava//santiago</folder><source><submittedBy>Jose Saca</submittedBy></source><imagesize><nrows>3200</nrows><ncols>4800</ncols></imagesize><object><name>m1_s10_303_p_nic079</name><deleted>0</deleted><verified>0</verified><occluded>no</occluded><attributes></attributes><parts><hasparts></hasparts><ispartof></ispartof></parts><date>01-09-20 22:38:21:577</date><id>0</id><type>bounding_box</type><polygon><username>anonymous</username><pt><x>338</x><y>284</y><time>01-09-20 22:38:14:022</time></pt><pt><x>2131</x><y>284</y><time>01-09-20 22:38:15:466</time></pt><pt><x>2131</x><y>1274</y><time>undefined</time></pt><pt><x>338</x><y>1274</y><time>undefined</time></pt><closed_date>01-09-20 22:38:15:467</closed_date></polygon></object></annotation>