<annotation><filename>m3_s01_023_p_nic004.jpg</filename><folder>users/joselusava//santiago_3</folder><source><submittedBy>Jose Saca</submittedBy></source><imagesize><nrows>2970</nrows><ncols>4451</ncols></imagesize><object><name>m3_s01_023_p_nic004</name><deleted>0</deleted><verified>0</verified><occluded>no</occluded><attributes></attributes><parts><hasparts></hasparts><ispartof></ispartof></parts><date>06-11-20 08:45:21:133</date><id>0</id><type>bounding_box</type><polygon><username>anonymous</username><pt><x>1635</x><y>764</y><time>06-11-20 08:45:16:965</time></pt><pt><x>4194</x><y>764</y><time>06-11-20 08:45:18:684</time></pt><pt><x>4194</x><y>2324</y><time>undefined</time></pt><pt><x>1635</x><y>2324</y><time>undefined</time></pt><closed_date>06-11-20 08:45:18:685</closed_date></polygon></object></annotation>