<annotation><filename>m1_s01_021_p_ic089.jpg</filename><folder>users/joselusava//santiago</folder><source><submittedBy>Jose Saca</submittedBy></source><imagesize><nrows>3200</nrows><ncols>4800</ncols></imagesize><object><name>m1_s01_021_p_ic089</name><deleted>0</deleted><verified>0</verified><occluded>no</occluded><attributes></attributes><parts><hasparts></hasparts><ispartof></ispartof></parts><date>15-09-20 00:15:40:862</date><id>0</id><type>bounding_box</type><polygon><username>anonymous</username><pt><x>1299</x><y>1017</y><time>15-09-20 00:15:32:932</time></pt><pt><x>2690</x><y>1017</y><time>15-09-20 00:15:35:079</time></pt><pt><x>2690</x><y>2659</y><time>undefined</time></pt><pt><x>1299</x><y>2659</y><time>undefined</time></pt><closed_date>15-09-20 00:15:35:079</closed_date></polygon></object></annotation>