<annotation><filename>m4_s02_020_x.jpg</filename><folder>users/joselusava//kath/m4_x</folder><source><submittedBy>Jose Saca</submittedBy></source><imagesize><nrows>2910</nrows><ncols>4361</ncols></imagesize><object><name>m4_s02_020_x</name><deleted>0</deleted><verified>0</verified><occluded>no</occluded><attributes></attributes><parts><hasparts></hasparts><ispartof></ispartof></parts><date>20-10-20 06:48:25:518</date><id>0</id><polygon><username>anonymous</username><pt><x>1347</x><y>363</y><time>20-10-20 06:48:17:699</time></pt><pt><x>1318</x><y>2486</y><time>20-10-20 06:48:19:064</time></pt><pt><x>2929</x><y>2449</y><time>20-10-20 06:48:20:382</time></pt><pt><x>3004</x><y>325</y><time>20-10-20 06:48:21:774</time></pt><closed_date>20-10-20 06:48:22:970</closed_date></polygon></object></annotation>