<annotation><filename>m4_s05_055_p_nic007.jpg</filename><folder>users/joselusava//valeria/m4_s05_055_nic</folder><source><submittedBy>Jose Saca</submittedBy></source><imagesize><nrows>2910</nrows><ncols>4361</ncols></imagesize><object><name>m4_s05_055_p_nic007</name><deleted>0</deleted><verified>0</verified><occluded>no</occluded><attributes></attributes><parts><hasparts></hasparts><ispartof></ispartof></parts><date>09-10-20 15:29:24:065</date><id>0</id><type>bounding_box</type><polygon><username>anonymous</username><pt><x>3516</x><y>160</y><time>09-10-20 15:29:18:100</time></pt><pt><x>2028</x><y>160</y><time>09-10-20 15:29:20:597</time></pt><pt><x>2028</x><y>1775</y><time>undefined</time></pt><pt><x>3516</x><y>1775</y><time>undefined</time></pt><closed_date>09-10-20 15:29:20:598</closed_date></polygon></object></annotation>