<annotation><filename>m2_s01_032_p_nic054.jpg</filename><folder>users/joselusava//santiago_2</folder><source><submittedBy>Jose Saca</submittedBy></source><imagesize><nrows>2850</nrows><ncols>4271</ncols></imagesize><object><name>m2_s01_032_p_nic054</name><deleted>0</deleted><verified>0</verified><occluded>no</occluded><attributes></attributes><parts><hasparts></hasparts><ispartof></ispartof></parts><date>30-09-20 20:58:18:893</date><id>0</id><type>bounding_box</type><polygon><username>anonymous</username><pt><x>1476</x><y>288</y><time>30-09-20 20:58:15:831</time></pt><pt><x>2124</x><y>288</y><time>30-09-20 20:58:16:840</time></pt><pt><x>2124</x><y>1279</y><time>undefined</time></pt><pt><x>1476</x><y>1279</y><time>undefined</time></pt><closed_date>30-09-20 20:58:16:841</closed_date></polygon></object></annotation>