<annotation><filename>m4_s10_164_p_ic026.jpg</filename><folder>users/joselusava//santiago_2</folder><source><submittedBy>Jose Saca</submittedBy></source><imagesize><nrows>2970</nrows><ncols>4451</ncols></imagesize><object><name>m4_s10_164_p_ic026</name><deleted>0</deleted><verified>0</verified><occluded>no</occluded><attributes></attributes><parts><hasparts></hasparts><ispartof></ispartof></parts><date>13-10-20 22:17:20:885</date><id>0</id><type>bounding_box</type><polygon><username>anonymous</username><pt><x>1738</x><y>932</y><time>13-10-20 22:17:17:946</time></pt><pt><x>2395</x><y>932</y><time>13-10-20 22:17:18:840</time></pt><pt><x>2395</x><y>1849</y><time>undefined</time></pt><pt><x>1738</x><y>1849</y><time>undefined</time></pt><closed_date>13-10-20 22:17:18:841</closed_date></polygon></object></annotation>