<annotation><filename>m4_s07_105_p_nic093.jpg</filename><folder>users/joselusava//kath/m4_105/nic</folder><source><submittedBy>Jose Saca</submittedBy></source><imagesize><nrows>2970</nrows><ncols>4451</ncols></imagesize><object><name>m4_s07_105_p_nic093</name><deleted>0</deleted><verified>0</verified><occluded>no</occluded><attributes></attributes><parts><hasparts></hasparts><ispartof></ispartof></parts><date>05-11-20 13:54:42:388</date><id>0</id><type>bounding_box</type><polygon><username>anonymous</username><pt><x>2826</x><y>2768</y><time>05-11-20 13:54:36:254</time></pt><pt><x>2158</x><y>2768</y><time>05-11-20 13:54:38:199</time></pt><pt><x>2158</x><y>1538</y><time>undefined</time></pt><pt><x>2826</x><y>1538</y><time>undefined</time></pt><closed_date>05-11-20 13:54:38:200</closed_date></polygon></object></annotation>