<annotation><filename>m1_s06_141_p_ic011.jpg</filename><folder>users/joselusava//jacob_2/141ic</folder><source><submittedBy>Jose Saca</submittedBy></source><imagesize><nrows>2736</nrows><ncols>4100</ncols></imagesize><object><name>m1_s06_141_p_ic011</name><deleted>0</deleted><verified>0</verified><occluded>no</occluded><attributes></attributes><parts><hasparts></hasparts><ispartof></ispartof></parts><date>04-09-20 17:17:03:544</date><id>0</id><type>bounding_box</type><polygon><username>anonymous</username><pt><x>1211</x><y>286</y><time>04-09-20 17:17:01:277</time></pt><pt><x>2643</x><y>286</y><time>04-09-20 17:17:02:787</time></pt><pt><x>2643</x><y>2381</y><time>undefined</time></pt><pt><x>1211</x><y>2381</y><time>undefined</time></pt><closed_date>04-09-20 17:17:02:787</closed_date></polygon></object></annotation>