<annotation><filename>m4_s02_015_p_ic089.jpg</filename><folder>users/joselusava//m4_js/15ic</folder><source><submittedBy>Jose Saca</submittedBy></source><imagesize><nrows>2910</nrows><ncols>4361</ncols></imagesize><object><name>m4_s02_015_p_ic089</name><deleted>0</deleted><verified>0</verified><occluded>no</occluded><attributes></attributes><parts><hasparts></hasparts><ispartof></ispartof></parts><date>03-10-20 19:46:02:924</date><id>0</id><type>bounding_box</type><polygon><username>anonymous</username><pt><x>2864</x><y>444</y><time>03-10-20 19:46:01:186</time></pt><pt><x>923</x><y>444</y><time>03-10-20 19:46:02:277</time></pt><pt><x>923</x><y>2881</y><time>undefined</time></pt><pt><x>2864</x><y>2881</y><time>undefined</time></pt><closed_date>03-10-20 19:46:02:278</closed_date></polygon></object></annotation>