<annotation><filename>m2_s07_281_x.jpg</filename><folder>users/joselusava//museos2020</folder><source><submittedBy>Jose Saca</submittedBy></source><imagesize><nrows>2910</nrows><ncols>4361</ncols></imagesize><object><name>m2_s07_281_x</name><deleted>0</deleted><verified>0</verified><occluded>no</occluded><attributes></attributes><parts><hasparts></hasparts><ispartof></ispartof></parts><date>27-09-20 22:22:16:258</date><id>0</id><type>bounding_box</type><polygon><username>anonymous</username><pt><x>293</x><y>1306</y><time>27-09-20 22:22:07:875</time></pt><pt><x>4063</x><y>1306</y><time>27-09-20 22:22:09:864</time></pt><pt><x>4063</x><y>2004</y><time>undefined</time></pt><pt><x>293</x><y>2004</y><time>undefined</time></pt><closed_date>27-09-20 22:22:09:865</closed_date></polygon></object></annotation>