<annotation><filename>m1_s01_005_p_nic005.jpg</filename><folder>users/joselusava//museos2020</folder><source><submittedBy>Jose Saca</submittedBy></source><imagesize><nrows>2000</nrows><ncols>2992</ncols></imagesize><object><name>m1_s01_005_p_nic005</name><deleted>0</deleted><verified>0</verified><occluded>no</occluded><attributes></attributes><parts><hasparts></hasparts><ispartof></ispartof></parts><date>13-09-20 22:37:01:696</date><id>0</id><type>bounding_box</type><polygon><username>anonymous</username><pt><x>1962</x><y>211</y><time>13-09-20 22:36:45:499</time></pt><pt><x>2665</x><y>211</y><time>13-09-20 22:36:46:620</time></pt><pt><x>2665</x><y>920</y><time>undefined</time></pt><pt><x>1962</x><y>920</y><time>undefined</time></pt><closed_date>13-09-20 22:36:46:620</closed_date></polygon></object></annotation>