<annotation><filename>m1_s02_065_p_ic050.jpg</filename><folder>users/joselusava//valeria/sala2_065_ic</folder><source><submittedBy>Jose Saca</submittedBy></source><imagesize><nrows>2000</nrows><ncols>2992</ncols></imagesize><object><name>m1_s02_065_p_ic050</name><deleted>0</deleted><verified>0</verified><occluded>no</occluded><attributes></attributes><parts><hasparts></hasparts><ispartof></ispartof></parts><date>25-08-20 23:58:01:047</date><id>0</id><type>bounding_box</type><polygon><username>anonymous</username><pt><x>158</x><y>138</y><time>25-08-20 23:57:53:425</time></pt><pt><x>2879</x><y>138</y><time>25-08-20 23:57:56:335</time></pt><pt><x>2879</x><y>1691</y><time>undefined</time></pt><pt><x>158</x><y>1691</y><time>undefined</time></pt><closed_date>25-08-20 23:57:56:336</closed_date></polygon></object></annotation>