<annotation><filename>m2_s01_034_p_ic055.jpg</filename><folder>users/joselusava//kath</folder><source><submittedBy>Jose Saca</submittedBy></source><imagesize><nrows>2850</nrows><ncols>4271</ncols></imagesize><object><name>m2_s01_034_p_ic055</name><deleted>0</deleted><verified>0</verified><occluded>no</occluded><attributes></attributes><parts><hasparts></hasparts><ispartof></ispartof></parts><date>25-09-20 16:12:16:135</date><id>0</id><type>bounding_box</type><polygon><username>anonymous</username><pt><x>1339</x><y>258</y><time>25-09-20 16:12:07:302</time></pt><pt><x>2965</x><y>258</y><time>25-09-20 16:12:12:808</time></pt><pt><x>2965</x><y>2771</y><time>undefined</time></pt><pt><x>1339</x><y>2771</y><time>undefined</time></pt><closed_date>25-09-20 16:12:12:809</closed_date></polygon></object></annotation>