<annotation><filename>m2_s06_244_p_ic030.jpg</filename><folder>users/joselusava//museos2020</folder><source><submittedBy>Jose Saca</submittedBy></source><imagesize><nrows>2910</nrows><ncols>4361</ncols></imagesize><object><name>m2_s06_244_p_ic030</name><deleted>0</deleted><verified>0</verified><occluded>no</occluded><attributes></attributes><parts><hasparts></hasparts><ispartof></ispartof></parts><date>22-09-20 12:57:25:169</date><id>0</id><type>bounding_box</type><polygon><username>anonymous</username><pt><x>1118</x><y>989</y><time>22-09-20 12:57:18:232</time></pt><pt><x>3168</x><y>989</y><time>22-09-20 12:57:19:764</time></pt><pt><x>3168</x><y>1950</y><time>undefined</time></pt><pt><x>1118</x><y>1950</y><time>undefined</time></pt><closed_date>22-09-20 12:57:19:765</closed_date></polygon></object></annotation>