<annotation><filename>m4_s12_185_p_ic048.jpg</filename><folder>users/joselusava//valeria/m04_s12_185_ic</folder><source><submittedBy>Jose Saca</submittedBy></source><imagesize><nrows>2910</nrows><ncols>4361</ncols></imagesize><object><name>m4_s12_185_p_ic048</name><deleted>0</deleted><verified>0</verified><occluded>no</occluded><attributes></attributes><parts><hasparts></hasparts><ispartof></ispartof></parts><date>17-10-20 17:15:13:498</date><id>0</id><type>bounding_box</type><polygon><username>anonymous</username><pt><x>3402</x><y>2748</y><time>17-10-20 17:15:07:214</time></pt><pt><x>929</x><y>2748</y><time>17-10-20 17:15:09:985</time></pt><pt><x>929</x><y>285</y><time>undefined</time></pt><pt><x>3402</x><y>285</y><time>undefined</time></pt><closed_date>17-10-20 17:15:09:987</closed_date></polygon></object></annotation>