<annotation><filename>m4_s02_015_p_nic028.jpg</filename><folder>users/joselusava//m4_js/15nic</folder><source><submittedBy>Jose Saca</submittedBy></source><imagesize><nrows>2910</nrows><ncols>4361</ncols></imagesize><object><name>m4_s02_015_p_nic028</name><deleted>0</deleted><verified>0</verified><occluded>no</occluded><attributes></attributes><parts><hasparts></hasparts><ispartof></ispartof></parts><date>06-10-20 19:44:09:526</date><id>0</id><type>bounding_box</type><polygon><username>anonymous</username><pt><x>1689</x><y>2768</y><time>06-10-20 19:44:07:323</time></pt><pt><x>3055</x><y>2768</y><time>06-10-20 19:44:08:597</time></pt><pt><x>3055</x><y>1384</y><time>undefined</time></pt><pt><x>1689</x><y>1384</y><time>undefined</time></pt><closed_date>06-10-20 19:44:08:598</closed_date></polygon></object></annotation>