<annotation><filename>m2_s06_244_p_nic069.jpg</filename><folder>users/joselusava//museos2020</folder><source><submittedBy>Jose Saca</submittedBy></source><imagesize><nrows>2910</nrows><ncols>4361</ncols></imagesize><object><name>m2_s06_244_p_ic069</name><deleted>0</deleted><verified>0</verified><occluded>no</occluded><attributes></attributes><parts><hasparts></hasparts><ispartof></ispartof></parts><date>25-09-20 19:30:18:598</date><id>0</id><type>bounding_box</type><polygon><username>anonymous</username><pt><x>339</x><y>1232</y><time>25-09-20 19:30:11:714</time></pt><pt><x>2129</x><y>1232</y><time>25-09-20 19:30:12:479</time></pt><pt><x>2129</x><y>2050</y><time>undefined</time></pt><pt><x>339</x><y>2050</y><time>undefined</time></pt><closed_date>25-09-20 19:30:12:481</closed_date></polygon></object></annotation>