<annotation><filename>m4_s04_039_p_nic067.jpg</filename><folder>users/joselusava//santiago_2</folder><source><submittedBy>Jose Saca</submittedBy></source><imagesize><nrows>2970</nrows><ncols>4451</ncols></imagesize><object><name>m4_s04_039_p_nic067</name><deleted>0</deleted><verified>0</verified><occluded>no</occluded><attributes></attributes><parts><hasparts></hasparts><ispartof></ispartof></parts><date>21-10-20 21:53:37:700</date><id>0</id><type>bounding_box</type><polygon><username>anonymous</username><pt><x>328</x><y>182</y><time>21-10-20 21:53:32:893</time></pt><pt><x>1146</x><y>182</y><time>21-10-20 21:53:35:825</time></pt><pt><x>1146</x><y>2438</y><time>undefined</time></pt><pt><x>328</x><y>2438</y><time>undefined</time></pt><closed_date>21-10-20 21:53:35:827</closed_date></polygon></object></annotation>