<annotation><filename>m4_s10_154_p_ic079.jpg</filename><folder>users/joselusava//valeria/m04_s10_154_ic</folder><source><submittedBy>Jose Saca</submittedBy></source><imagesize><nrows>2970</nrows><ncols>4451</ncols></imagesize><object><name>m4_s10_154_p_ic079</name><deleted>0</deleted><verified>0</verified><occluded>no</occluded><attributes></attributes><parts><hasparts></hasparts><ispartof></ispartof></parts><date>13-10-20 22:59:38:784</date><id>0</id><type>bounding_box</type><polygon><username>anonymous</username><pt><x>937</x><y>2742</y><time>13-10-20 22:59:33:279</time></pt><pt><x>2964</x><y>2742</y><time>13-10-20 22:59:35:093</time></pt><pt><x>2964</x><y>406</y><time>undefined</time></pt><pt><x>937</x><y>406</y><time>undefined</time></pt><closed_date>13-10-20 22:59:35:094</closed_date></polygon></object></annotation>