<annotation><filename>m1_s01_021_p_nic099.jpg</filename><folder>users/joselusava//santiago</folder><source><submittedBy>Jose Saca</submittedBy></source><imagesize><nrows>3200</nrows><ncols>4800</ncols></imagesize><object><name>m1_s01_021_p_nic099</name><deleted>0</deleted><verified>0</verified><occluded>no</occluded><attributes></attributes><parts><hasparts></hasparts><ispartof></ispartof></parts><date>16-09-20 22:40:58:648</date><id>0</id><type>bounding_box</type><polygon><username>anonymous</username><pt><x>3211</x><y>1731</y><time>16-09-20 22:40:48:657</time></pt><pt><x>3668</x><y>1731</y><time>16-09-20 22:40:50:484</time></pt><pt><x>3668</x><y>2588</y><time>undefined</time></pt><pt><x>3211</x><y>2588</y><time>undefined</time></pt><closed_date>16-09-20 22:40:50:485</closed_date></polygon></object></annotation>