<annotation><filename>m2_s06_244_p_nic044.jpg</filename><folder>users/joselusava//museos2020</folder><source><submittedBy>Jose Saca</submittedBy></source><imagesize><nrows>2910</nrows><ncols>4361</ncols></imagesize><object><name>m2_s06_244_p_ic044</name><deleted>0</deleted><verified>0</verified><occluded>no</occluded><attributes></attributes><parts><hasparts></hasparts><ispartof></ispartof></parts><date>25-09-20 18:57:17:894</date><id>0</id><type>bounding_box</type><polygon><username>anonymous</username><pt><x>535</x><y>739</y><time>25-09-20 18:57:09:314</time></pt><pt><x>2115</x><y>739</y><time>25-09-20 18:57:10:930</time></pt><pt><x>2115</x><y>1409</y><time>undefined</time></pt><pt><x>535</x><y>1409</y><time>undefined</time></pt><closed_date>25-09-20 18:57:10:930</closed_date></polygon></object></annotation>