<annotation><filename>m2_s03_219_p_ic027.jpg</filename><folder>users/joselusava//valeria/m2_sala03_219_ic</folder><source><submittedBy>Jose Saca</submittedBy></source><imagesize><nrows>2910</nrows><ncols>4361</ncols></imagesize><object><name>m2_s03_219_p_ic027</name><deleted>0</deleted><verified>0</verified><occluded>no</occluded><attributes></attributes><parts><hasparts></hasparts><ispartof></ispartof></parts><date>29-09-20 00:05:38:853</date><id>0</id><type>bounding_box</type><polygon><username>anonymous</username><pt><x>1091</x><y>231</y><time>29-09-20 00:05:32:087</time></pt><pt><x>3345</x><y>231</y><time>29-09-20 00:05:34:125</time></pt><pt><x>3345</x><y>2502</y><time>undefined</time></pt><pt><x>1091</x><y>2502</y><time>undefined</time></pt><closed_date>29-09-20 00:05:34:126</closed_date></polygon></object></annotation>