<annotation><filename>m4_s05_052_p_nic084.jpg</filename><folder>users/joselusava//santiago_2</folder><source><submittedBy>Jose Saca</submittedBy></source><imagesize><nrows>2910</nrows><ncols>4361</ncols></imagesize><object><name>m4_s05_052_p_nic084</name><deleted>0</deleted><verified>0</verified><occluded>no</occluded><attributes></attributes><parts><hasparts></hasparts><ispartof></ispartof></parts><date>08-10-20 22:35:19:021</date><id>0</id><type>bounding_box</type><polygon><username>anonymous</username><pt><x>2778</x><y>710</y><time>08-10-20 22:35:15:320</time></pt><pt><x>4091</x><y>710</y><time>08-10-20 22:35:16:727</time></pt><pt><x>4091</x><y>2124</y><time>undefined</time></pt><pt><x>2778</x><y>2124</y><time>undefined</time></pt><closed_date>08-10-20 22:35:16:727</closed_date></polygon></object></annotation>