<annotation><filename>img_m1_s10_303_p_nic045.jpg</filename><folder>users/joselusava//santiago</folder><source><submittedBy>Jose Saca</submittedBy></source><imagesize><nrows>3200</nrows><ncols>4800</ncols></imagesize><object><name>m1_s10_303_p_nic045</name><deleted>0</deleted><verified>0</verified><occluded>no</occluded><attributes></attributes><parts><hasparts></hasparts><ispartof></ispartof></parts><date>01-09-20 21:23:50:406</date><id>0</id><type>bounding_box</type><polygon><username>anonymous</username><pt><x>3669</x><y>903</y><time>01-09-20 21:23:42:488</time></pt><pt><x>4434</x><y>903</y><time>01-09-20 21:23:43:699</time></pt><pt><x>4434</x><y>1684</y><time>undefined</time></pt><pt><x>3669</x><y>1684</y><time>undefined</time></pt><closed_date>01-09-20 21:23:43:701</closed_date></polygon></object></annotation>