<annotation><filename>m2_s01_058_p_ic081.jpg</filename><folder>users/joselusava//m2_jsv/58/ic</folder><source><submittedBy>Jose Saca</submittedBy></source><imagesize><nrows>2850</nrows><ncols>4271</ncols></imagesize><object><name>m2_s01_058_p_ic081</name><deleted>0</deleted><verified>0</verified><occluded>no</occluded><attributes></attributes><parts><hasparts></hasparts><ispartof></ispartof></parts><date>29-09-20 20:52:39:142</date><id>0</id><type>bounding_box</type><polygon><username>anonymous</username><pt><x>3768</x><y>26</y><time>29-09-20 20:52:36:956</time></pt><pt><x>315</x><y>26</y><time>29-09-20 20:52:38:442</time></pt><pt><x>315</x><y>2677</y><time>undefined</time></pt><pt><x>3768</x><y>2677</y><time>undefined</time></pt><closed_date>29-09-20 20:52:38:442</closed_date></polygon></object></annotation>