<annotation><filename>m2_s02_197_x.jpg</filename><folder>users/joselusava//m2_jsv</folder><source><submittedBy>Jose Saca</submittedBy></source><imagesize><nrows>2910</nrows><ncols>4361</ncols></imagesize><object><name>m2_s02_197_x</name><deleted>0</deleted><verified>0</verified><occluded>no</occluded><attributes></attributes><parts><hasparts></hasparts><ispartof></ispartof></parts><date>20-09-20 17:03:00:973</date><id>0</id><type>bounding_box</type><polygon><username>anonymous</username><pt><x>3308</x><y>2812</y><time>20-09-20 17:02:58:215</time></pt><pt><x>1132</x><y>2812</y><time>20-09-20 17:02:59:950</time></pt><pt><x>1132</x><y>209</y><time>undefined</time></pt><pt><x>3308</x><y>209</y><time>undefined</time></pt><closed_date>20-09-20 17:02:59:950</closed_date></polygon></object></annotation>