<annotation><filename>m2_s01_032_p_ic012.jpg</filename><folder>users/joselusava//santiago_2</folder><source><submittedBy>Jose Saca</submittedBy></source><imagesize><nrows>2850</nrows><ncols>4271</ncols></imagesize><object><name>m2_s01_032_p_ic012</name><deleted>0</deleted><verified>0</verified><occluded>no</occluded><attributes></attributes><parts><hasparts></hasparts><ispartof></ispartof></parts><date>29-09-20 22:13:42:961</date><id>0</id><type>bounding_box</type><polygon><username>anonymous</username><pt><x>1209</x><y>433</y><time>29-09-20 22:13:35:325</time></pt><pt><x>2962</x><y>433</y><time>29-09-20 22:13:38:867</time></pt><pt><x>2962</x><y>2757</y><time>undefined</time></pt><pt><x>1209</x><y>2757</y><time>undefined</time></pt><closed_date>29-09-20 22:13:38:869</closed_date></polygon></object></annotation>