<annotation><filename>m4_s12_185_p_nic060.jpg</filename><folder>users/joselusava//valeria/m04_s12_185_nic</folder><source><submittedBy>Jose Saca</submittedBy></source><imagesize><nrows>2910</nrows><ncols>4361</ncols></imagesize><object><name>m4_s12_185_p_nic060</name><deleted>0</deleted><verified>0</verified><occluded>no</occluded><attributes></attributes><parts><hasparts></hasparts><ispartof></ispartof></parts><date>17-10-20 23:28:01:928</date><id>0</id><type>bounding_box</type><polygon><username>anonymous</username><pt><x>78</x><y>2194</y><time>17-10-20 23:27:53:894</time></pt><pt><x>2043</x><y>2194</y><time>17-10-20 23:27:56:991</time></pt><pt><x>2043</x><y>190</y><time>undefined</time></pt><pt><x>78</x><y>190</y><time>undefined</time></pt><closed_date>17-10-20 23:27:56:993</closed_date></polygon></object></annotation>