<annotation><filename>m4_s07_103_x.jpg</filename><folder>users/joselusava//kath/m4_x</folder><source><submittedBy>Jose Saca</submittedBy></source><imagesize><nrows>1612</nrows><ncols>2416</ncols></imagesize><object><name>m4_s07_103_x</name><deleted>0</deleted><verified>0</verified><occluded>no</occluded><attributes></attributes><parts><hasparts></hasparts><ispartof></ispartof></parts><date>21-10-20 11:10:10:424</date><id>0</id><polygon><username>anonymous</username><pt><x>1831</x><y>34</y><time>21-10-20 11:09:17:265</time></pt><pt><x>1873</x><y>1547</y><time>21-10-20 11:09:18:650</time></pt><pt><x>676</x><y>1583</y><time>21-10-20 11:09:20:528</time></pt><pt><x>665</x><y>44</y><time>21-10-20 11:09:22:235</time></pt><closed_date>21-10-20 11:09:24:212</closed_date></polygon></object></annotation>