<annotation><filename>m1_s02_029_p_ic040.jpg</filename><folder>users/joselusava//valeria/sala2_029_ic</folder><source><submittedBy>Jose Saca</submittedBy></source><imagesize><nrows>3200</nrows><ncols>4800</ncols></imagesize><object><name>m1_s02_029_p_ic040</name><deleted>0</deleted><verified>0</verified><occluded>no</occluded><attributes></attributes><parts><hasparts></hasparts><ispartof></ispartof></parts><date>22-08-20 19:28:55:208</date><id>0</id><type>bounding_box</type><polygon><username>anonymous</username><pt><x>950</x><y>48</y><time>22-08-20 19:28:40:799</time></pt><pt><x>3871</x><y>48</y><time>22-08-20 19:28:47:288</time></pt><pt><x>3871</x><y>3077</y><time>undefined</time></pt><pt><x>950</x><y>3077</y><time>undefined</time></pt><closed_date>22-08-20 19:28:47:289</closed_date></polygon></object></annotation>