<annotation><filename>m2_s01_018_p_nic061.jpg</filename><folder>users/joselusava//santiago_2</folder><source><submittedBy>Jose Saca</submittedBy></source><imagesize><nrows>2850</nrows><ncols>4271</ncols></imagesize><object><name>m2_s01_018_p_nic061</name><deleted>0</deleted><verified>0</verified><occluded>no</occluded><attributes></attributes><parts><hasparts></hasparts><ispartof></ispartof></parts><date>29-09-20 18:21:12:103</date><id>0</id><type>bounding_box</type><polygon><username>anonymous</username><pt><x>3049</x><y>1010</y><time>29-09-20 18:20:25:889</time></pt><pt><x>3466</x><y>1010</y><time>29-09-20 18:20:28:316</time></pt><pt><x>3466</x><y>1632</y><time>undefined</time></pt><pt><x>3049</x><y>1632</y><time>undefined</time></pt><closed_date>29-09-20 18:20:28:317</closed_date></polygon></object></annotation>