<annotation><filename>m2_s01_024_p_nic066.jpg</filename><folder>users/joselusava//santiago</folder><source><submittedBy>Jose Saca</submittedBy></source><imagesize><nrows>2850</nrows><ncols>4271</ncols></imagesize><object><name>m2_s01_024_p_nic066</name><deleted>0</deleted><verified>0</verified><occluded>no</occluded><attributes></attributes><parts><hasparts></hasparts><ispartof></ispartof></parts><date>25-09-20 15:19:51:995</date><id>0</id><type>bounding_box</type><polygon><username>anonymous</username><pt><x>2257</x><y>176</y><time>25-09-20 15:19:45:086</time></pt><pt><x>3815</x><y>176</y><time>25-09-20 15:19:45:857</time></pt><pt><x>3815</x><y>2283</y><time>undefined</time></pt><pt><x>2257</x><y>2283</y><time>undefined</time></pt><closed_date>25-09-20 15:19:45:858</closed_date></polygon></object></annotation>