<annotation><filename>m1_s01_017_p_ic084.jpg</filename><folder>users/joselusava//santiago</folder><source><submittedBy>Jose Saca</submittedBy></source><imagesize><nrows>3200</nrows><ncols>4800</ncols></imagesize><object><name>m1_s01_017_p_ic084</name><deleted>0</deleted><verified>0</verified><occluded>no</occluded><attributes></attributes><parts><hasparts></hasparts><ispartof></ispartof></parts><date>10-09-20 23:09:05:677</date><id>0</id><type>bounding_box</type><polygon><username>anonymous</username><pt><x>1421</x><y>770</y><time>10-09-20 23:08:56:932</time></pt><pt><x>3025</x><y>770</y><time>10-09-20 23:08:59:247</time></pt><pt><x>3025</x><y>2350</y><time>undefined</time></pt><pt><x>1421</x><y>2350</y><time>undefined</time></pt><closed_date>10-09-20 23:08:59:248</closed_date></polygon></object></annotation>