<annotation><filename>m2_s05_236_p_nic071.jpg</filename><folder>users/joselusava//museos2020</folder><source><submittedBy>Jose Saca</submittedBy></source><imagesize><nrows>2910</nrows><ncols>4361</ncols></imagesize><object><name>m2_s05_236_p_nic071</name><deleted>0</deleted><verified>0</verified><occluded>no</occluded><attributes></attributes><parts><hasparts></hasparts><ispartof></ispartof></parts><date>17-09-20 08:58:58:301</date><id>0</id><type>bounding_box</type><polygon><username>anonymous</username><pt><x>1720</x><y>958</y><time>17-09-20 08:57:08:556</time></pt><pt><x>3886</x><y>958</y><time>17-09-20 08:57:10:609</time></pt><pt><x>3886</x><y>2808</y><time>undefined</time></pt><pt><x>1720</x><y>2808</y><time>undefined</time></pt><closed_date>17-09-20 08:57:10:610</closed_date></polygon></object></annotation>