<annotation><filename>m1_s02_065_p_nic018.jpg</filename><folder>users/joselusava//valeria/sala2_065_nic</folder><source><submittedBy>Jose Saca</submittedBy></source><imagesize><nrows>2000</nrows><ncols>2992</ncols></imagesize><object><name>m1_s02_065_p_nic018</name><deleted>0</deleted><verified>0</verified><occluded>no</occluded><attributes></attributes><parts><hasparts></hasparts><ispartof></ispartof></parts><date>27-08-20 22:15:31:610</date><id>0</id><type>bounding_box</type><polygon><username>anonymous</username><pt><x>2661</x><y>1886</y><time>27-08-20 22:15:15:510</time></pt><pt><x>758</x><y>1886</y><time>27-08-20 22:15:18:037</time></pt><pt><x>758</x><y>930</y><time>undefined</time></pt><pt><x>2661</x><y>930</y><time>undefined</time></pt><closed_date>27-08-20 22:15:18:039</closed_date></polygon></object></annotation>