<annotation><filename>m4_s04_047_p_nic083.jpg</filename><folder>users/joselusava//kath/kath_m4_047/nic</folder><source><submittedBy>Jose Saca</submittedBy></source><imagesize><nrows>2970</nrows><ncols>4451</ncols></imagesize><object><name>m4_s04_047_p_nic083</name><deleted>0</deleted><verified>0</verified><occluded>no</occluded><attributes></attributes><parts><hasparts></hasparts><ispartof></ispartof></parts><date>24-10-20 19:56:05:715</date><id>0</id><type>bounding_box</type><polygon><username>anonymous</username><pt><x>2317</x><y>1322</y><time>24-10-20 19:55:55:585</time></pt><pt><x>3081</x><y>1322</y><time>24-10-20 19:55:57:412</time></pt><pt><x>3081</x><y>2851</y><time>undefined</time></pt><pt><x>2317</x><y>2851</y><time>undefined</time></pt><closed_date>24-10-20 19:55:57:414</closed_date></polygon></object></annotation>