<annotation><filename>m1_s02_052_p_nic060.jpg</filename><folder>users/joselusava//valeria/sala2_052_nic</folder><source><submittedBy>Jose Saca</submittedBy></source><imagesize><nrows>3200</nrows><ncols>4800</ncols></imagesize><object><name>m1_s02_052_p_nic060</name><deleted>0</deleted><verified>0</verified><occluded>no</occluded><attributes></attributes><parts><hasparts></hasparts><ispartof></ispartof></parts><date>27-08-20 16:45:43:374</date><id>0</id><type>bounding_box</type><polygon><username>anonymous</username><pt><x>3238</x><y>548</y><time>27-08-20 16:45:37:003</time></pt><pt><x>4478</x><y>548</y><time>27-08-20 16:45:39:538</time></pt><pt><x>4478</x><y>1707</y><time>undefined</time></pt><pt><x>3238</x><y>1707</y><time>undefined</time></pt><closed_date>27-08-20 16:45:39:540</closed_date></polygon></object></annotation>