<annotation><filename>m4_s05_055_p_nic044.jpg</filename><folder>users/joselusava//valeria/m4_s05_055_nic</folder><source><submittedBy>Jose Saca</submittedBy></source><imagesize><nrows>2910</nrows><ncols>4361</ncols></imagesize><object><name>m4_s05_055_p_nic044</name><deleted>0</deleted><verified>0</verified><occluded>no</occluded><attributes></attributes><parts><hasparts></hasparts><ispartof></ispartof></parts><date>09-10-20 17:31:20:991</date><id>0</id><type>bounding_box</type><polygon><username>anonymous</username><pt><x>1543</x><y>105</y><time>09-10-20 17:31:02:955</time></pt><pt><x>2750</x><y>105</y><time>09-10-20 17:31:05:046</time></pt><pt><x>2750</x><y>1582</y><time>undefined</time></pt><pt><x>1543</x><y>1582</y><time>undefined</time></pt><closed_date>09-10-20 17:31:05:046</closed_date></polygon></object></annotation>