<annotation><filename>m4_s12_185_p_nic071.jpg</filename><folder>users/joselusava//valeria/m04_s12_185_nic</folder><source><submittedBy>Jose Saca</submittedBy></source><imagesize><nrows>2910</nrows><ncols>4361</ncols></imagesize><object><name>m4_s12_185_p_nic071</name><deleted>0</deleted><verified>0</verified><occluded>no</occluded><attributes></attributes><parts><hasparts></hasparts><ispartof></ispartof></parts><date>17-10-20 23:41:34:578</date><id>0</id><type>bounding_box</type><polygon><username>anonymous</username><pt><x>4102</x><y>2496</y><time>17-10-20 23:41:28:164</time></pt><pt><x>1869</x><y>2496</y><time>17-10-20 23:41:30:790</time></pt><pt><x>1869</x><y>392</y><time>undefined</time></pt><pt><x>4102</x><y>392</y><time>undefined</time></pt><closed_date>17-10-20 23:41:30:791</closed_date></polygon></object></annotation>