<annotation><filename>m4_s09_138_p_nic021.jpg</filename><folder>users/joselusava//santiago_2</folder><source><submittedBy>Jose Saca</submittedBy></source><imagesize><nrows>2970</nrows><ncols>4451</ncols></imagesize><object><name>m4_s09_138_p_nic021</name><deleted>0</deleted><verified>0</verified><occluded>no</occluded><attributes></attributes><parts><hasparts></hasparts><ispartof></ispartof></parts><date>23-10-20 13:36:00:287</date><id>0</id><type>bounding_box</type><polygon><username>anonymous</username><pt><x>2001</x><y>825</y><time>23-10-20 13:35:56:542</time></pt><pt><x>4159</x><y>825</y><time>23-10-20 13:35:57:805</time></pt><pt><x>4159</x><y>1998</y><time>undefined</time></pt><pt><x>2001</x><y>1998</y><time>undefined</time></pt><closed_date>23-10-20 13:35:57:807</closed_date></polygon></object></annotation>