<annotation><filename>m4_s10_164_p_ic049.jpg</filename><folder>users/joselusava//santiago_2</folder><source><submittedBy>Jose Saca</submittedBy></source><imagesize><nrows>2970</nrows><ncols>4451</ncols></imagesize><object><name>m4_s10_164_p_ic049</name><deleted>0</deleted><verified>0</verified><occluded>no</occluded><attributes></attributes><parts><hasparts></hasparts><ispartof></ispartof></parts><date>13-10-20 22:43:49:160</date><id>0</id><type>bounding_box</type><polygon><username>anonymous</username><pt><x>1938</x><y>1124</y><time>13-10-20 22:43:45:417</time></pt><pt><x>2370</x><y>1124</y><time>13-10-20 22:43:46:467</time></pt><pt><x>2370</x><y>1821</y><time>undefined</time></pt><pt><x>1938</x><y>1821</y><time>undefined</time></pt><closed_date>13-10-20 22:43:46:468</closed_date></polygon></object></annotation>