<annotation><filename>m2_s01_001_p_nic072.jpg</filename><folder>users/joselusava//santiago</folder><source><submittedBy>Jose Saca</submittedBy></source><imagesize><nrows>2850</nrows><ncols>4271</ncols></imagesize><object><name>m2_s01_001_p_nic072</name><deleted>0</deleted><verified>0</verified><occluded>no</occluded><attributes></attributes><parts><hasparts></hasparts><ispartof></ispartof></parts><date>19-09-20 23:18:57:009</date><id>0</id><type>bounding_box</type><polygon><username>anonymous</username><pt><x>696</x><y>330</y><time>19-09-20 23:18:48:939</time></pt><pt><x>1981</x><y>330</y><time>19-09-20 23:18:50:267</time></pt><pt><x>1981</x><y>1484</y><time>undefined</time></pt><pt><x>696</x><y>1484</y><time>undefined</time></pt><closed_date>19-09-20 23:18:50:268</closed_date></polygon></object></annotation>