<annotation><filename>m1_s02_041_x.jpg</filename><folder>users/joselusava//valeria/sala2</folder><source><submittedBy>Jose Saca</submittedBy></source><imagesize><nrows>3200</nrows><ncols>4800</ncols></imagesize><object><name>m1_s02_040_x</name><deleted>0</deleted><verified>0</verified><occluded>no</occluded><attributes/><parts><hasparts/><ispartof/></parts><date>28-08-20 11:30:33:502</date><id>0</id><type>bounding_box</type><polygon><username>anonymous</username><pt><x>4064</x><y>3093</y><time>28-08-20 11:30:22:915</time></pt><pt><x>886</x><y>3093</y><time>28-08-20 11:30:26:708</time></pt><pt><x>886</x><y>156</y><time>undefined</time></pt><pt><x>4064</x><y>156</y><time>undefined</time></pt><closed_date>28-08-20 11:30:26:709</closed_date></polygon></object><object><name>m1_s02_041_x</name><deleted>0</deleted><verified>0</verified><occluded>no</occluded><attributes></attributes><parts><hasparts></hasparts><ispartof></ispartof></parts><date>28-08-20 18:30:28:317</date><id>1</id><type>bounding_box</type><polygon><username>anonymous</username><pt><x>881</x><y>123</y><time>28-08-20 18:30:13:378</time></pt><pt><x>4043</x><y>123</y><time>28-08-20 18:30:17:730</time></pt><pt><x>4043</x><y>3082</y><time>undefined</time></pt><pt><x>881</x><y>3082</y><time>undefined</time></pt><closed_date>28-08-20 18:30:17:731</closed_date></polygon></object></annotation>