<annotation><filename>m1_s06_168_p_ic056.jpg</filename><folder>users/joselusava//jacob_2/168ic</folder><source><submittedBy>Jose Saca</submittedBy></source><imagesize><nrows>2736</nrows><ncols>4100</ncols></imagesize><object><name>m1_s06_168_p_ic056</name><deleted>0</deleted><verified>0</verified><occluded>no</occluded><attributes></attributes><parts><hasparts></hasparts><ispartof></ispartof></parts><date>08-09-20 20:11:40:322</date><id>0</id><type>bounding_box</type><polygon><username>anonymous</username><pt><x>2995</x><y>2578</y><time>08-09-20 20:11:37:565</time></pt><pt><x>1277</x><y>2578</y><time>08-09-20 20:11:39:547</time></pt><pt><x>1277</x><y>8</y><time>undefined</time></pt><pt><x>2995</x><y>8</y><time>undefined</time></pt><closed_date>08-09-20 20:11:39:547</closed_date></polygon></object></annotation>