<annotation><filename>m2_s01_018_p_ic007.jpg</filename><folder>users/joselusava//santiago_2</folder><source><submittedBy>Jose Saca</submittedBy></source><imagesize><nrows>3000</nrows><ncols>4496</ncols></imagesize><object><name>m2_s01_018_p_ic007</name><deleted>0</deleted><verified>0</verified><occluded>no</occluded><attributes></attributes><parts><hasparts></hasparts><ispartof></ispartof></parts><date>26-09-20 18:33:21:683</date><id>0</id><type>bounding_box</type><polygon><username>anonymous</username><pt><x>1654</x><y>894</y><time>26-09-20 18:33:10:185</time></pt><pt><x>2767</x><y>894</y><time>26-09-20 18:33:12:396</time></pt><pt><x>2767</x><y>2251</y><time>undefined</time></pt><pt><x>1654</x><y>2251</y><time>undefined</time></pt><closed_date>26-09-20 18:33:12:396</closed_date></polygon></object></annotation>