<annotation><filename>m4_s05_055_p_ic083.jpg</filename><folder>users/joselusava//valeria/m4_s05_055_ic</folder><source><submittedBy>Jose Saca</submittedBy></source><imagesize><nrows>2910</nrows><ncols>4361</ncols></imagesize><object><name>m4_s05_055_p_ic083</name><deleted>0</deleted><verified>0</verified><occluded>no</occluded><attributes></attributes><parts><hasparts></hasparts><ispartof></ispartof></parts><date>09-10-20 14:15:13:156</date><id>0</id><type>bounding_box</type><polygon><username>anonymous</username><pt><x>2789</x><y>540</y><time>09-10-20 14:15:06:687</time></pt><pt><x>1102</x><y>540</y><time>09-10-20 14:15:09:780</time></pt><pt><x>1102</x><y>2535</y><time>undefined</time></pt><pt><x>2789</x><y>2535</y><time>undefined</time></pt><closed_date>09-10-20 14:15:09:780</closed_date></polygon></object></annotation>