<annotation><filename>m2_s01_056_p_ic098.jpg</filename><folder>users/joselusava//m2_jsv/56/ic</folder><source><submittedBy>Jose Saca</submittedBy></source><imagesize><nrows>2850</nrows><ncols>4271</ncols></imagesize><object><name>m2_s01_056_p_ic098</name><deleted>0</deleted><verified>0</verified><occluded>no</occluded><attributes></attributes><parts><hasparts></hasparts><ispartof></ispartof></parts><date>28-09-20 21:58:42:059</date><id>0</id><type>bounding_box</type><polygon><username>anonymous</username><pt><x>3031</x><y>2225</y><time>28-09-20 21:58:40:201</time></pt><pt><x>1376</x><y>2225</y><time>28-09-20 21:58:41:291</time></pt><pt><x>1376</x><y>543</y><time>undefined</time></pt><pt><x>3031</x><y>543</y><time>undefined</time></pt><closed_date>28-09-20 21:58:41:291</closed_date></polygon></object></annotation>