<annotation><filename>m1_s01_001_p.jpg</filename><folder>users/joselusava//juancarlos</folder><source><submittedBy>Jose Saca</submittedBy></source><imagesize><nrows>2000</nrows><ncols>2992</ncols></imagesize><object><name>m1_s01_001_p</name><deleted>0</deleted><verified>0</verified><occluded>no</occluded><attributes></attributes><parts><hasparts></hasparts><ispartof></ispartof></parts><date>24-08-20 10:19:10:216</date><id>0</id><type>bounding_box</type><polygon><username>anonymous</username><pt><x>852</x><y>784</y><time>24-08-20 10:18:35:290</time></pt><pt><x>1902</x><y>784</y><time>24-08-20 10:18:44:446</time></pt><pt><x>1902</x><y>1436</y><time>undefined</time></pt><pt><x>852</x><y>1436</y><time>undefined</time></pt><closed_date>24-08-20 10:18:44:446</closed_date></polygon></object></annotation>