<annotation><filename>m4_s06_089_p_ic085.jpg</filename><folder>users/joselusava//santiago_2</folder><source><submittedBy>Jose Saca</submittedBy></source><imagesize><nrows>2970</nrows><ncols>4451</ncols></imagesize><object><name>m4_s06_089_p_ic085</name><deleted>0</deleted><verified>0</verified><occluded>no</occluded><attributes></attributes><parts><hasparts></hasparts><ispartof></ispartof></parts><date>11-10-20 21:54:55:878</date><id>0</id><type>bounding_box</type><polygon><username>anonymous</username><pt><x>1612</x><y>60</y><time>11-10-20 21:54:52:158</time></pt><pt><x>2747</x><y>60</y><time>11-10-20 21:54:53:699</time></pt><pt><x>2747</x><y>2408</y><time>undefined</time></pt><pt><x>1612</x><y>2408</y><time>undefined</time></pt><closed_date>11-10-20 21:54:53:700</closed_date></polygon></object></annotation>