<annotation><filename>m2_s01_001_p_ic096.jpg</filename><folder>users/joselusava//santiago</folder><source><submittedBy>Jose Saca</submittedBy></source><imagesize><nrows>2850</nrows><ncols>4271</ncols></imagesize><object><name>m2_s01_001_p_ic096</name><deleted>0</deleted><verified>0</verified><occluded>no</occluded><attributes></attributes><parts><hasparts></hasparts><ispartof></ispartof></parts><date>19-09-20 10:52:36:273</date><id>0</id><type>bounding_box</type><polygon><username>anonymous</username><pt><x>1164</x><y>414</y><time>19-09-20 10:52:26:921</time></pt><pt><x>3116</x><y>414</y><time>19-09-20 10:52:28:826</time></pt><pt><x>3116</x><y>2594</y><time>undefined</time></pt><pt><x>1164</x><y>2594</y><time>undefined</time></pt><closed_date>19-09-20 10:52:28:827</closed_date></polygon></object></annotation>