<annotation><filename>m4_s04_037_p_nic045.jpg</filename><folder>users/joselusava//santiago_2</folder><source><submittedBy>Jose Saca</submittedBy></source><imagesize><nrows>2970</nrows><ncols>4451</ncols></imagesize><object><name>m4_s04_037_p_nic045</name><deleted>0</deleted><verified>0</verified><occluded>no</occluded><attributes></attributes><parts><hasparts></hasparts><ispartof></ispartof></parts><date>19-10-20 22:23:26:482</date><id>0</id><type>bounding_box</type><polygon><username>anonymous</username><pt><x>1992</x><y>1581</y><time>19-10-20 22:23:23:669</time></pt><pt><x>2863</x><y>1581</y><time>19-10-20 22:23:24:452</time></pt><pt><x>2863</x><y>2795</y><time>undefined</time></pt><pt><x>1992</x><y>2795</y><time>undefined</time></pt><closed_date>19-10-20 22:23:24:453</closed_date></polygon></object></annotation>