<annotation><filename>m4_s08_126_x.jpg</filename><folder>users/joselusava//kath/m4_x</folder><source><submittedBy>Jose Saca</submittedBy></source><imagesize><nrows>2970</nrows><ncols>4451</ncols></imagesize><object><name>m4_s08_126_x</name><deleted>0</deleted><verified>0</verified><occluded>no</occluded><attributes></attributes><parts><hasparts></hasparts><ispartof></ispartof></parts><date>21-10-20 11:37:31:266</date><id>0</id><polygon><username>anonymous</username><pt><x>1221</x><y>183</y><time>21-10-20 11:37:24:030</time></pt><pt><x>1278</x><y>2759</y><time>21-10-20 11:37:25:090</time></pt><pt><x>3129</x><y>2677</y><time>21-10-20 11:37:26:273</time></pt><pt><x>3066</x><y>187</y><time>21-10-20 11:37:27:521</time></pt><closed_date>21-10-20 11:37:28:647</closed_date></polygon></object></annotation>