<annotation><filename>m1_s06_141_p_ic070.jpg</filename><folder>users/joselusava//jacob_2/141ic</folder><source><submittedBy>Jose Saca</submittedBy></source><imagesize><nrows>2736</nrows><ncols>4100</ncols></imagesize><object><name>m1_s06_141_p_ic070</name><deleted>0</deleted><verified>0</verified><occluded>no</occluded><attributes></attributes><parts><hasparts></hasparts><ispartof></ispartof></parts><date>04-09-20 23:29:08:977</date><id>0</id><type>bounding_box</type><polygon><username>anonymous</username><pt><x>1110</x><y>2706</y><time>04-09-20 23:29:05:323</time></pt><pt><x>3078</x><y>2706</y><time>04-09-20 23:29:07:420</time></pt><pt><x>3078</x><y>176</y><time>undefined</time></pt><pt><x>1110</x><y>176</y><time>undefined</time></pt><closed_date>04-09-20 23:29:07:422</closed_date></polygon></object></annotation>