<annotation><filename>m1_s02_036_p_nic088.jpg</filename><folder>users/joselusava//valeria/sala2_036_nic</folder><source><submittedBy>Jose Saca</submittedBy></source><imagesize><nrows>3200</nrows><ncols>4800</ncols></imagesize><object><name>m1_s02_036_p_nic088</name><deleted>0</deleted><verified>0</verified><occluded>no</occluded><attributes></attributes><parts><hasparts></hasparts><ispartof></ispartof></parts><date>27-08-20 12:59:01:784</date><id>0</id><type>bounding_box</type><polygon><username>anonymous</username><pt><x>1579</x><y>2212</y><time>27-08-20 12:58:56:689</time></pt><pt><x>408</x><y>2212</y><time>27-08-20 12:58:58:540</time></pt><pt><x>408</x><y>1085</y><time>undefined</time></pt><pt><x>1579</x><y>1085</y><time>undefined</time></pt><closed_date>27-08-20 12:58:58:541</closed_date></polygon></object></annotation>