<annotation><filename>m3_s01_018_p_ic018.jpg</filename><folder>users/joselusava//m4_js/18/ic</folder><source><submittedBy>Jose Saca</submittedBy></source><imagesize><nrows>2970</nrows><ncols>4451</ncols></imagesize><object><name>m3_s01_018_p_ic018</name><deleted>0</deleted><verified>0</verified><occluded>no</occluded><attributes></attributes><parts><hasparts></hasparts><ispartof></ispartof></parts><date>05-11-20 10:20:47:466</date><id>0</id><type>bounding_box</type><polygon><username>anonymous</username><pt><x>74</x><y>2652</y><time>05-11-20 10:20:44:738</time></pt><pt><x>3672</x><y>2652</y><time>05-11-20 10:20:46:703</time></pt><pt><x>3672</x><y>579</y><time>undefined</time></pt><pt><x>74</x><y>579</y><time>undefined</time></pt><closed_date>05-11-20 10:20:46:703</closed_date></polygon></object></annotation>