<annotation><filename>m2_s02_190_p_ic060.jpg</filename><folder>users/joselusava//m2_jsv/190/ic</folder><source><submittedBy>Jose Saca</submittedBy></source><imagesize><nrows>2910</nrows><ncols>4361</ncols></imagesize><object><name>m2_s02_190_p_ic060</name><deleted>0</deleted><verified>0</verified><occluded>no</occluded><attributes></attributes><parts><hasparts></hasparts><ispartof></ispartof></parts><date>21-09-20 14:29:33:822</date><id>0</id><type>bounding_box</type><polygon><username>anonymous</username><pt><x>1526</x><y>633</y><time>21-09-20 14:29:31:504</time></pt><pt><x>3139</x><y>633</y><time>21-09-20 14:29:33:257</time></pt><pt><x>3139</x><y>2532</y><time>undefined</time></pt><pt><x>1526</x><y>2532</y><time>undefined</time></pt><closed_date>21-09-20 14:29:33:257</closed_date></polygon></object></annotation>