<annotation><filename>m1_s06_141_p_nic060.jpg</filename><folder>users/joselusava//jacob_2/141nic</folder><source><submittedBy>Jose Saca</submittedBy></source><imagesize><nrows>2736</nrows><ncols>4100</ncols></imagesize><object><name>m1_s06_141_p_nic060</name><deleted>0</deleted><verified>0</verified><occluded>no</occluded><attributes></attributes><parts><hasparts></hasparts><ispartof></ispartof></parts><date>05-09-20 19:53:37:028</date><id>0</id><type>bounding_box</type><polygon><username>anonymous</username><pt><x>3554</x><y>2543</y><time>05-09-20 19:53:33:635</time></pt><pt><x>2462</x><y>2543</y><time>05-09-20 19:53:36:263</time></pt><pt><x>2462</x><y>905</y><time>undefined</time></pt><pt><x>3554</x><y>905</y><time>undefined</time></pt><closed_date>05-09-20 19:53:36:264</closed_date></polygon></object></annotation>