<annotation><filename>m4_s05_060_p_nic074.jpg</filename><folder>users/joselusava//m4_js/60/nic</folder><source><submittedBy>Jose Saca</submittedBy></source><imagesize><nrows>2910</nrows><ncols>4361</ncols></imagesize><object><name>m4_s05_060_p_nic074</name><deleted>0</deleted><verified>0</verified><occluded>no</occluded><attributes></attributes><parts><hasparts></hasparts><ispartof></ispartof></parts><date>14-10-20 00:19:40:467</date><id>0</id><type>bounding_box</type><polygon><username>anonymous</username><pt><x>3908</x><y>1793</y><time>14-10-20 00:19:38:373</time></pt><pt><x>609</x><y>1793</y><time>14-10-20 00:19:39:613</time></pt><pt><x>609</x><y>17</y><time>undefined</time></pt><pt><x>3908</x><y>17</y><time>undefined</time></pt><closed_date>14-10-20 00:19:39:613</closed_date></polygon></object></annotation>