<annotation><filename>m3_s01_010_p_ic022.jpg</filename><folder>users/joselusava//m4_js/m3/10/ic</folder><source><submittedBy>Jose Saca</submittedBy></source><imagesize><nrows>2970</nrows><ncols>4451</ncols></imagesize><object><name>m3_s01_010_p_ic022</name><deleted>0</deleted><verified>0</verified><occluded>no</occluded><attributes></attributes><parts><hasparts></hasparts><ispartof></ispartof></parts><date>29-10-20 10:27:00:789</date><id>0</id><type>bounding_box</type><polygon><username>anonymous</username><pt><x>4043</x><y>2712</y><time>29-10-20 10:26:58:367</time></pt><pt><x>346</x><y>2712</y><time>29-10-20 10:26:59:828</time></pt><pt><x>346</x><y>157</y><time>undefined</time></pt><pt><x>4043</x><y>157</y><time>undefined</time></pt><closed_date>29-10-20 10:26:59:829</closed_date></polygon></object></annotation>