<annotation><filename>m3_s01_023_p_nic038.jpg</filename><folder>users/joselusava//santiago_3</folder><source><submittedBy>Jose Saca</submittedBy></source><imagesize><nrows>2970</nrows><ncols>4451</ncols></imagesize><object><name>m3_s01_023_p_nic038</name><deleted>0</deleted><verified>0</verified><occluded>no</occluded><attributes></attributes><parts><hasparts></hasparts><ispartof></ispartof></parts><date>06-11-20 09:27:56:698</date><id>0</id><type>bounding_box</type><polygon><username>anonymous</username><pt><x>1671</x><y>989</y><time>06-11-20 09:27:52:730</time></pt><pt><x>3391</x><y>989</y><time>06-11-20 09:27:54:057</time></pt><pt><x>3391</x><y>2806</y><time>undefined</time></pt><pt><x>1671</x><y>2806</y><time>undefined</time></pt><closed_date>06-11-20 09:27:54:057</closed_date></polygon></object></annotation>