<annotation><filename>m2_s03_219_p_nic100.jpg</filename><folder>users/joselusava//valeria/m2_sala03_219_nic</folder><source><submittedBy>Jose Saca</submittedBy></source><imagesize><nrows>2910</nrows><ncols>4361</ncols></imagesize><object><name>m2_s03_219_p_nic100</name><deleted>0</deleted><verified>0</verified><occluded>no</occluded><attributes></attributes><parts><hasparts></hasparts><ispartof></ispartof></parts><date>29-09-20 20:02:14:515</date><id>0</id><type>bounding_box</type><polygon><username>anonymous</username><pt><x>2304</x><y>2519</y><time>29-09-20 20:02:08:715</time></pt><pt><x>3880</x><y>2519</y><time>29-09-20 20:02:11:283</time></pt><pt><x>3880</x><y>700</y><time>undefined</time></pt><pt><x>2304</x><y>700</y><time>undefined</time></pt><closed_date>29-09-20 20:02:11:285</closed_date></polygon></object></annotation>