<annotation><filename>m1_s01_005_p_nic040.jpg</filename><folder>users/joselusava//museos2020</folder><source><submittedBy>Jose Saca</submittedBy></source><imagesize><nrows>2000</nrows><ncols>2992</ncols></imagesize><object><name>m1_s01_005_p_nic040</name><deleted>0</deleted><verified>0</verified><occluded>no</occluded><attributes></attributes><parts><hasparts></hasparts><ispartof></ispartof></parts><date>14-09-20 11:04:03:425</date><id>0</id><type>bounding_box</type><polygon><username>anonymous</username><pt><x>1770</x><y>262</y><time>14-09-20 11:03:54:839</time></pt><pt><x>2109</x><y>262</y><time>14-09-20 11:03:56:051</time></pt><pt><x>2109</x><y>661</y><time>undefined</time></pt><pt><x>1770</x><y>661</y><time>undefined</time></pt><closed_date>14-09-20 11:03:56:052</closed_date></polygon></object></annotation>