<annotation><filename>m3_s01_010_p_nic089.jpg</filename><folder>users/joselusava//m4_js/m3/10/nic</folder><source><submittedBy>Jose Saca</submittedBy></source><imagesize><nrows>2970</nrows><ncols>4451</ncols></imagesize><object><name>m3_s01_010_p_nic089</name><deleted>0</deleted><verified>0</verified><occluded>no</occluded><attributes></attributes><parts><hasparts></hasparts><ispartof></ispartof></parts><date>29-10-20 14:45:02:690</date><id>0</id><type>bounding_box</type><polygon><username>anonymous</username><pt><x>745</x><y>2960</y><time>29-10-20 14:45:00:859</time></pt><pt><x>4027</x><y>2960</y><time>29-10-20 14:45:02:122</time></pt><pt><x>4027</x><y>642</y><time>undefined</time></pt><pt><x>745</x><y>642</y><time>undefined</time></pt><closed_date>29-10-20 14:45:02:122</closed_date></polygon></object></annotation>