<annotation><filename>m2_s02_129_p_nic071.jpg</filename><folder>users/joselusava//m2_jsv/129/nic</folder><source><submittedBy>Jose Saca</submittedBy></source><imagesize><nrows>2910</nrows><ncols>4361</ncols></imagesize><object><name>m2_s02_129_p_nic071</name><deleted>0</deleted><verified>0</verified><occluded>no</occluded><attributes></attributes><parts><hasparts></hasparts><ispartof></ispartof></parts><date>25-09-20 08:17:47:226</date><id>0</id><type>bounding_box</type><polygon><username>anonymous</username><pt><x>1880</x><y>1158</y><time>25-09-20 08:17:45:081</time></pt><pt><x>949</x><y>1158</y><time>25-09-20 08:17:46:522</time></pt><pt><x>949</x><y>252</y><time>undefined</time></pt><pt><x>1880</x><y>252</y><time>undefined</time></pt><closed_date>25-09-20 08:17:46:522</closed_date></polygon></object></annotation>