<annotation><filename>m1_s06_168_p_nic072.jpg</filename><folder>users/joselusava//jacob_2/168nic</folder><source><submittedBy>Jose Saca</submittedBy></source><imagesize><nrows>2736</nrows><ncols>4100</ncols></imagesize><object><name>m1_s06_168_p_nic072</name><deleted>0</deleted><verified>0</verified><occluded>no</occluded><attributes></attributes><parts><hasparts></hasparts><ispartof></ispartof></parts><date>09-09-20 10:54:16:115</date><id>0</id><type>bounding_box</type><polygon><username>anonymous</username><pt><x>2349</x><y>2447</y><time>09-09-20 10:54:13:746</time></pt><pt><x>1579</x><y>2447</y><time>09-09-20 10:54:15:405</time></pt><pt><x>1579</x><y>1138</y><time>undefined</time></pt><pt><x>2349</x><y>1138</y><time>undefined</time></pt><closed_date>09-09-20 10:54:15:405</closed_date></polygon></object></annotation>