<annotation><filename>m3_s01_018_p_nic040.jpg</filename><folder>users/joselusava//m4_js/18/nic</folder><source><submittedBy>Jose Saca</submittedBy></source><imagesize><nrows>2970</nrows><ncols>4451</ncols></imagesize><object><name>m3_s01_018_p_nic040</name><deleted>0</deleted><verified>0</verified><occluded>no</occluded><attributes></attributes><parts><hasparts></hasparts><ispartof></ispartof></parts><date>05-11-20 15:01:18:350</date><id>0</id><type>bounding_box</type><polygon><username>anonymous</username><pt><x>4440</x><y>2809</y><time>05-11-20 15:01:16:611</time></pt><pt><x>1799</x><y>2809</y><time>05-11-20 15:01:17:735</time></pt><pt><x>1799</x><y>305</y><time>undefined</time></pt><pt><x>4440</x><y>305</y><time>undefined</time></pt><closed_date>05-11-20 15:01:17:736</closed_date></polygon></object></annotation>