<annotation><filename>m2_s02_085_p_nic037.jpg</filename><folder>users/joselusava//m2_jsv/85/nic</folder><source><submittedBy>Jose Saca</submittedBy></source><imagesize><nrows>2910</nrows><ncols>4361</ncols></imagesize><object><name>m2_s02_085_p_nic037</name><deleted>0</deleted><verified>0</verified><occluded>no</occluded><attributes></attributes><parts><hasparts></hasparts><ispartof></ispartof></parts><date>19-09-20 22:38:17:021</date><id>0</id><type>bounding_box</type><polygon><username>anonymous</username><pt><x>2637</x><y>966</y><time>19-09-20 22:38:15:290</time></pt><pt><x>3578</x><y>966</y><time>19-09-20 22:38:16:386</time></pt><pt><x>3578</x><y>2028</y><time>undefined</time></pt><pt><x>2637</x><y>2028</y><time>undefined</time></pt><closed_date>19-09-20 22:38:16:387</closed_date></polygon></object></annotation>