<annotation><filename>m3_s01_023_p_ic070.jpg</filename><folder>users/joselusava//santiago_3</folder><source><submittedBy>Jose Saca</submittedBy></source><imagesize><nrows>2970</nrows><ncols>4451</ncols></imagesize><object><name>m3_s01_023_p_ic070</name><deleted>0</deleted><verified>0</verified><occluded>no</occluded><attributes></attributes><parts><hasparts></hasparts><ispartof></ispartof></parts><date>04-11-20 20:07:51:192</date><id>0</id><type>bounding_box</type><polygon><username>anonymous</username><pt><x>960</x><y>293</y><time>04-11-20 20:07:47:950</time></pt><pt><x>3652</x><y>293</y><time>04-11-20 20:07:49:251</time></pt><pt><x>3652</x><y>2360</y><time>undefined</time></pt><pt><x>960</x><y>2360</y><time>undefined</time></pt><closed_date>04-11-20 20:07:49:252</closed_date></polygon></object></annotation>