<annotation><filename>m4_s03_025_p_nic032.jpg</filename><folder>users/joselusava//santiago_3</folder><source><submittedBy>Jose Saca</submittedBy></source><imagesize><nrows>2910</nrows><ncols>4361</ncols></imagesize><object><name>m4_s03_025_p_nic032</name><deleted>0</deleted><verified>0</verified><occluded>no</occluded><attributes></attributes><parts><hasparts></hasparts><ispartof></ispartof></parts><date>07-11-20 23:46:10:147</date><id>0</id><type>bounding_box</type><polygon><username>anonymous</username><pt><x>1647</x><y>1521</y><time>07-11-20 23:46:03:376</time></pt><pt><x>3854</x><y>1521</y><time>07-11-20 23:46:04:540</time></pt><pt><x>3854</x><y>2718</y><time>undefined</time></pt><pt><x>1647</x><y>2718</y><time>undefined</time></pt><closed_date>07-11-20 23:46:04:541</closed_date></polygon></object></annotation>