<annotation><filename>m1_s06_144_p_nic012.jpg</filename><folder>users/joselusava//jacob_2/144nic</folder><source><submittedBy>Jose Saca</submittedBy></source><imagesize><nrows>2736</nrows><ncols>4100</ncols></imagesize><object><name>m1_s06_144_p_nic012</name><deleted>0</deleted><verified>0</verified><occluded>no</occluded><attributes></attributes><parts><hasparts></hasparts><ispartof></ispartof></parts><date>08-09-20 01:54:32:847</date><id>0</id><type>bounding_box</type><polygon><username>anonymous</username><pt><x>98</x><y>2300</y><time>08-09-20 01:54:30:243</time></pt><pt><x>1890</x><y>2300</y><time>08-09-20 01:54:32:253</time></pt><pt><x>1890</x><y>851</y><time>undefined</time></pt><pt><x>98</x><y>851</y><time>undefined</time></pt><closed_date>08-09-20 01:54:32:253</closed_date></polygon></object></annotation>