<annotation><filename>m1_s02_052_p.jpg</filename><folder>users/joselusava//valeria/sala2_052_ic</folder><source><submittedBy>Jose Saca</submittedBy></source><imagesize><nrows>3200</nrows><ncols>4800</ncols></imagesize><object><name>m1_s02_052_p</name><deleted>0</deleted><verified>0</verified><occluded>no</occluded><attributes></attributes><parts><hasparts></hasparts><ispartof></ispartof></parts><date>24-08-20 00:52:31:371</date><id>0</id><type>bounding_box</type><polygon><username>anonymous</username><pt><x>542</x><y>5</y><time>24-08-20 00:51:50:643</time></pt><pt><x>4247</x><y>5</y><time>24-08-20 00:51:56:698</time></pt><pt><x>4247</x><y>3050</y><time>undefined</time></pt><pt><x>542</x><y>3050</y><time>undefined</time></pt><closed_date>24-08-20 00:51:56:700</closed_date></polygon></object></annotation>