<annotation><filename>m2_s03_248_p_nic060.jpg</filename><folder>users/joselusava//museos2020</folder><source><submittedBy>Jose Saca</submittedBy></source><imagesize><nrows>2910</nrows><ncols>4361</ncols></imagesize><object><name>m2_s03_248_p_nic060</name><deleted>0</deleted><verified>0</verified><occluded>no</occluded><attributes></attributes><parts><hasparts></hasparts><ispartof></ispartof></parts><date>27-09-20 17:22:31:477</date><id>0</id><polygon><username>anonymous</username><pt><x>423</x><y>1920</y><time>27-09-20 17:22:22:606</time></pt><pt><x>2501</x><y>1938</y><time>27-09-20 17:22:23:361</time></pt><pt><x>1980</x><y>2682</y><time>27-09-20 17:22:24:065</time></pt><pt><x>200</x><y>2157</y><time>27-09-20 17:22:24:921</time></pt><closed_date>27-09-20 17:22:25:512</closed_date></polygon></object></annotation>