<annotation><filename>m4_s11_175_x.jpg</filename><folder>users/joselusava//kath/m4_x</folder><source><submittedBy>Jose Saca</submittedBy></source><imagesize><nrows>2970</nrows><ncols>4451</ncols></imagesize><object><name>m4_s11_175_x</name><deleted>0</deleted><verified>0</verified><occluded>no</occluded><attributes></attributes><parts><hasparts></hasparts><ispartof></ispartof></parts><date>21-10-20 12:24:32:893</date><id>0</id><polygon><username>anonymous</username><pt><x>846</x><y>375</y><time>21-10-20 12:24:22:212</time></pt><pt><x>1283</x><y>2888</y><time>21-10-20 12:24:25:437</time></pt><pt><x>3652</x><y>2167</y><time>21-10-20 12:24:26:406</time></pt><pt><x>2759</x><y>216</y><time>21-10-20 12:24:27:862</time></pt><closed_date>21-10-20 12:24:29:327</closed_date></polygon></object></annotation>