<annotation><filename>m2_s01_054_p_nic097.jpg</filename><folder>users/joselusava//kath</folder><source><submittedBy>Jose Saca</submittedBy></source><imagesize><nrows>2850</nrows><ncols>4271</ncols></imagesize><object><name>m2_s01_054_p_nic097</name><deleted>0</deleted><verified>0</verified><occluded>no</occluded><attributes></attributes><parts><hasparts></hasparts><ispartof></ispartof></parts><date>30-09-20 22:44:48:720</date><id>0</id><polygon><username>kath</username><pt><x>2625</x><y>751</y><time>30-09-20 22:44:09:959</time></pt><pt><x>2703</x><y>2225</y><time>30-09-20 22:44:11:150</time></pt><pt><x>3587</x><y>2253</y><time>30-09-20 22:44:12:143</time></pt><pt><x>3903</x><y>688</y><time>30-09-20 22:44:13:269</time></pt><closed_date>30-09-20 22:44:14:383</closed_date></polygon></object></annotation>