<annotation><filename>m2_s01_058_p_ic021.jpg</filename><folder>users/joselusava//m2_jsv/58/ic</folder><source><submittedBy>Jose Saca</submittedBy></source><imagesize><nrows>2850</nrows><ncols>4271</ncols></imagesize><object><name>m2_s01_058_p_ic021</name><deleted>0</deleted><verified>0</verified><occluded>no</occluded><attributes></attributes><parts><hasparts></hasparts><ispartof></ispartof></parts><date>29-09-20 13:05:52:070</date><id>0</id><type>bounding_box</type><polygon><username>anonymous</username><pt><x>917</x><y>340</y><time>29-09-20 13:05:50:113</time></pt><pt><x>2938</x><y>340</y><time>29-09-20 13:05:51:390</time></pt><pt><x>2938</x><y>2259</y><time>undefined</time></pt><pt><x>917</x><y>2259</y><time>undefined</time></pt><closed_date>29-09-20 13:05:51:390</closed_date></polygon></object></annotation>