<annotation><filename>m1_s01_021_p_nic093.jpg</filename><folder>users/joselusava//santiago</folder><source><submittedBy>Jose Saca</submittedBy></source><imagesize><nrows>3200</nrows><ncols>4800</ncols></imagesize><object><name>m1_s01_021_p_nic093</name><deleted>0</deleted><verified>0</verified><occluded>no</occluded><attributes></attributes><parts><hasparts></hasparts><ispartof></ispartof></parts><date>16-09-20 22:31:48:548</date><id>0</id><type>bounding_box</type><polygon><username>anonymous</username><pt><x>3456</x><y>1703</y><time>16-09-20 22:31:41:885</time></pt><pt><x>4082</x><y>1703</y><time>16-09-20 22:31:42:873</time></pt><pt><x>4082</x><y>2484</y><time>undefined</time></pt><pt><x>3456</x><y>2484</y><time>undefined</time></pt><closed_date>16-09-20 22:31:42:874</closed_date></polygon></object></annotation>