<annotation><filename>m1_s06_168_p_nic096.jpg</filename><folder>users/joselusava//jacob_2/168nic</folder><source><submittedBy>Jose Saca</submittedBy></source><imagesize><nrows>2736</nrows><ncols>4100</ncols></imagesize><object><name>m1_s06_168_p_nic096</name><deleted>0</deleted><verified>0</verified><occluded>no</occluded><attributes></attributes><parts><hasparts></hasparts><ispartof></ispartof></parts><date>09-09-20 11:03:17:745</date><id>0</id><type>bounding_box</type><polygon><username>anonymous</username><pt><x>622</x><y>2111</y><time>09-09-20 11:03:15:762</time></pt><pt><x>1940</x><y>2111</y><time>09-09-20 11:03:17:078</time></pt><pt><x>1940</x><y>581</y><time>undefined</time></pt><pt><x>622</x><y>581</y><time>undefined</time></pt><closed_date>09-09-20 11:03:17:079</closed_date></polygon></object></annotation>