<annotation><filename>m2_s03_252_p_ic039.jpg</filename><folder>users/joselusava//valeria/m2_sala03_252_ic</folder><source><submittedBy>Jose Saca</submittedBy></source><imagesize><nrows>2910</nrows><ncols>4361</ncols></imagesize><object><name>m2_s06_252_p_ic037</name><deleted>0</deleted><verified>0</verified><occluded>no</occluded><attributes/><parts><hasparts/><ispartof/></parts><date>25-09-20 22:39:29:437</date><id>0</id><type>bounding_box</type><polygon><username>anonymous</username><pt><x>683</x><y>2756</y><time>25-09-20 22:39:23:359</time></pt><pt><x>3709</x><y>2756</y><time>25-09-20 22:39:25:711</time></pt><pt><x>3709</x><y>898</y><time>undefined</time></pt><pt><x>683</x><y>898</y><time>undefined</time></pt><closed_date>25-09-20 22:39:25:712</closed_date></polygon></object><object><name>m2_s06_252_p_ic039</name><deleted>0</deleted><verified>0</verified><occluded>no</occluded><attributes></attributes><parts><hasparts></hasparts><ispartof></ispartof></parts><date>26-09-20 23:46:42:332</date><id>1</id><type>bounding_box</type><polygon><username>anonymous</username><pt><x>689</x><y>882</y><time>26-09-20 23:46:35:580</time></pt><pt><x>3726</x><y>882</y><time>26-09-20 23:46:38:739</time></pt><pt><x>3726</x><y>2745</y><time>undefined</time></pt><pt><x>689</x><y>2745</y><time>undefined</time></pt><closed_date>26-09-20 23:46:38:740</closed_date></polygon></object></annotation>