<annotation><filename>m3_s01_023_p_nic069.jpg</filename><folder>users/joselusava//santiago_3</folder><source><submittedBy>Jose Saca</submittedBy></source><imagesize><nrows>2970</nrows><ncols>4451</ncols></imagesize><object><name>m3_s01_023_p_nic069</name><deleted>0</deleted><verified>0</verified><occluded>no</occluded><attributes></attributes><parts><hasparts></hasparts><ispartof></ispartof></parts><date>06-11-20 11:22:08:526</date><id>0</id><type>bounding_box</type><polygon><username>anonymous</username><pt><x>2235</x><y>596</y><time>06-11-20 11:22:05:483</time></pt><pt><x>4109</x><y>596</y><time>06-11-20 11:22:06:580</time></pt><pt><x>4109</x><y>2360</y><time>undefined</time></pt><pt><x>2235</x><y>2360</y><time>undefined</time></pt><closed_date>06-11-20 11:22:06:581</closed_date></polygon></object></annotation>