<annotation><filename>m4_s04_045_p_ic042.jpg</filename><folder>users/joselusava//valeria/m04_s04_45_ic</folder><source><submittedBy>Jose Saca</submittedBy></source><imagesize><nrows>2970</nrows><ncols>4451</ncols></imagesize><object><name>m4_s04_045_p_ic042</name><deleted>0</deleted><verified>0</verified><occluded>no</occluded><attributes></attributes><parts><hasparts></hasparts><ispartof></ispartof></parts><date>19-10-20 19:26:11:068</date><id>0</id><type>bounding_box</type><polygon><username>anonymous</username><pt><x>1599</x><y>2542</y><time>19-10-20 19:26:06:730</time></pt><pt><x>2884</x><y>2542</y><time>19-10-20 19:26:08:186</time></pt><pt><x>2884</x><y>697</y><time>undefined</time></pt><pt><x>1599</x><y>697</y><time>undefined</time></pt><closed_date>19-10-20 19:26:08:188</closed_date></polygon></object></annotation>