<annotation><filename>m2_s07_264_p_ic032.jpg</filename><folder>users/joselusava//valeria/sala7_264_ic</folder><source><submittedBy>Jose Saca</submittedBy></source><imagesize><nrows>2910</nrows><ncols>4361</ncols></imagesize><object><name>m2_s07_264_p_ic032</name><deleted>0</deleted><verified>0</verified><occluded>no</occluded><attributes></attributes><parts><hasparts></hasparts><ispartof></ispartof></parts><date>22-09-20 19:34:38:623</date><id>0</id><type>bounding_box</type><polygon><username>anonymous</username><pt><x>3147</x><y>2827</y><time>22-09-20 19:34:31:088</time></pt><pt><x>1009</x><y>2827</y><time>22-09-20 19:34:34:126</time></pt><pt><x>1009</x><y>61</y><time>undefined</time></pt><pt><x>3147</x><y>61</y><time>undefined</time></pt><closed_date>22-09-20 19:34:34:127</closed_date></polygon></object></annotation>