<annotation><filename>m2_s01_034_p_ic061.jpg</filename><folder>users/joselusava//kath</folder><source><submittedBy>Jose Saca</submittedBy></source><imagesize><nrows>2850</nrows><ncols>4271</ncols></imagesize><object><name>m2_s01_034_p_ic061</name><deleted>0</deleted><verified>0</verified><occluded>no</occluded><attributes></attributes><parts><hasparts></hasparts><ispartof></ispartof></parts><date>25-09-20 16:28:05:054</date><id>0</id><polygon><username>anonymous</username><pt><x>1160</x><y>222</y><time>25-09-20 16:27:50:814</time></pt><pt><x>1332</x><y>2800</y><time>25-09-20 16:27:52:507</time></pt><pt><x>2893</x><y>2778</y><time>25-09-20 16:27:55:415</time></pt><pt><x>2986</x><y>272</y><time>25-09-20 16:27:56:869</time></pt><closed_date>25-09-20 16:27:59:304</closed_date></polygon></object></annotation>