<annotation><filename>m3_s01_013_p_nic076.jpg</filename><folder>users/joselusava//valeria/m03_s01_13_nic</folder><source><submittedBy>Jose Saca</submittedBy></source><imagesize><nrows>2970</nrows><ncols>4451</ncols></imagesize><object><name>m3_s01_013_p_nic076</name><deleted>0</deleted><verified>0</verified><occluded>no</occluded><attributes></attributes><parts><hasparts></hasparts><ispartof></ispartof></parts><date>07-11-20 00:04:43:722</date><id>0</id><type>bounding_box</type><polygon><username>anonymous</username><pt><x>2228</x><y>2405</y><time>07-11-20 00:04:38:269</time></pt><pt><x>4089</x><y>2405</y><time>07-11-20 00:04:40:204</time></pt><pt><x>4089</x><y>131</y><time>undefined</time></pt><pt><x>2228</x><y>131</y><time>undefined</time></pt><closed_date>07-11-20 00:04:40:205</closed_date></polygon></object></annotation>