<annotation><filename>m2_s02_129_p_nic079.jpg</filename><folder>users/joselusava//m2_jsv/129/nic</folder><source><submittedBy>Jose Saca</submittedBy></source><imagesize><nrows>2910</nrows><ncols>4361</ncols></imagesize><object><name>m2_s02_129_p_nic079</name><deleted>0</deleted><verified>0</verified><occluded>no</occluded><attributes></attributes><parts><hasparts></hasparts><ispartof></ispartof></parts><date>25-09-20 08:22:45:072</date><id>0</id><type>bounding_box</type><polygon><username>anonymous</username><pt><x>3961</x><y>1480</y><time>25-09-20 08:22:42:645</time></pt><pt><x>2498</x><y>1480</y><time>25-09-20 08:22:44:153</time></pt><pt><x>2498</x><y>235</y><time>undefined</time></pt><pt><x>3961</x><y>235</y><time>undefined</time></pt><closed_date>25-09-20 08:22:44:153</closed_date></polygon></object></annotation>