<annotation><filename>m1_s01_004_p_ic090.jpg</filename><folder>users/joselusava//valeria_apoyo/sala001_004ic_ok</folder><source><submittedBy>Jose Saca</submittedBy></source><imagesize><nrows>2000</nrows><ncols>2992</ncols></imagesize><object><name>m1_s01_004_p_ic090</name><deleted>0</deleted><verified>0</verified><occluded>no</occluded><attributes></attributes><parts><hasparts></hasparts><ispartof></ispartof></parts><date>16-09-20 16:52:49:857</date><id>0</id><type>bounding_box</type><polygon><username>anonymous</username><pt><x>11</x><y>1617</y><time>16-09-20 16:52:42:755</time></pt><pt><x>2989</x><y>1617</y><time>16-09-20 16:52:46:468</time></pt><pt><x>2989</x><y>606</y><time>undefined</time></pt><pt><x>11</x><y>606</y><time>undefined</time></pt><closed_date>16-09-20 16:52:46:468</closed_date></polygon></object></annotation>