<annotation><filename>m3_s01_010_p_ic072.jpg</filename><folder>users/joselusava//m4_js/m3/10/ic</folder><source><submittedBy>Jose Saca</submittedBy></source><imagesize><nrows>2970</nrows><ncols>4451</ncols></imagesize><object><name>m3_s01_010_p_ic072</name><deleted>0</deleted><verified>0</verified><occluded>no</occluded><attributes></attributes><parts><hasparts></hasparts><ispartof></ispartof></parts><date>29-10-20 13:18:20:473</date><id>0</id><type>bounding_box</type><polygon><username>anonymous</username><pt><x>3333</x><y>2588</y><time>29-10-20 13:18:18:682</time></pt><pt><x>681</x><y>2588</y><time>29-10-20 13:18:19:698</time></pt><pt><x>681</x><y>160</y><time>undefined</time></pt><pt><x>3333</x><y>160</y><time>undefined</time></pt><closed_date>29-10-20 13:18:19:698</closed_date></polygon></object></annotation>