<annotation><filename>m2_s01_034_p_nic025.jpg</filename><folder>users/joselusava//kath</folder><source><submittedBy>Jose Saca</submittedBy></source><imagesize><nrows>2850</nrows><ncols>4271</ncols></imagesize><object><name>m2_s01_034_p_nic025</name><deleted>0</deleted><verified>0</verified><occluded>no</occluded><attributes></attributes><parts><hasparts></hasparts><ispartof></ispartof></parts><date>25-09-20 19:38:12:761</date><id>0</id><type>bounding_box</type><polygon><username>anonymous</username><pt><x>2728</x><y>150</y><time>25-09-20 19:37:52:524</time></pt><pt><x>3638</x><y>150</y><time>25-09-20 19:37:58:039</time></pt><pt><x>3638</x><y>1676</y><time>undefined</time></pt><pt><x>2728</x><y>1676</y><time>undefined</time></pt><closed_date>25-09-20 19:37:58:040</closed_date></polygon></object></annotation>