<annotation><filename>m4_s02_021_p_nic014.jpg</filename><folder>users/joselusava//santiago_2</folder><source><submittedBy>Jose Saca</submittedBy></source><imagesize><nrows>2910</nrows><ncols>4361</ncols></imagesize><object><name>m4_s02_021_p_nic014</name><deleted>0</deleted><verified>0</verified><occluded>no</occluded><attributes></attributes><parts><hasparts></hasparts><ispartof></ispartof></parts><date>04-10-20 22:08:16:092</date><id>0</id><type>bounding_box</type><polygon><username>anonymous</username><pt><x>437</x><y>197</y><time>04-10-20 22:08:12:669</time></pt><pt><x>1486</x><y>197</y><time>04-10-20 22:08:13:887</time></pt><pt><x>1486</x><y>1982</y><time>undefined</time></pt><pt><x>437</x><y>1982</y><time>undefined</time></pt><closed_date>04-10-20 22:08:13:887</closed_date></polygon></object></annotation>