<annotation><filename>m2_s01_001_p_nic007.jpg</filename><folder>users/joselusava//santiago</folder><source><submittedBy>Jose Saca</submittedBy></source><imagesize><nrows>2850</nrows><ncols>4271</ncols></imagesize><object><name>m2_s01_001_p_nic007</name><deleted>0</deleted><verified>0</verified><occluded>no</occluded><attributes></attributes><parts><hasparts></hasparts><ispartof></ispartof></parts><date>19-09-20 21:49:17:963</date><id>0</id><type>bounding_box</type><polygon><username>anonymous</username><pt><x>1362</x><y>289</y><time>19-09-20 21:49:06:760</time></pt><pt><x>2933</x><y>289</y><time>19-09-20 21:49:09:867</time></pt><pt><x>2933</x><y>1840</y><time>undefined</time></pt><pt><x>1362</x><y>1840</y><time>undefined</time></pt><closed_date>19-09-20 21:49:09:869</closed_date></polygon></object></annotation>