<annotation><filename>m2_s03_219_p_ic020.jpg</filename><folder>users/joselusava//valeria/m2_sala03_219_ic</folder><source><submittedBy>Jose Saca</submittedBy></source><imagesize><nrows>2910</nrows><ncols>4361</ncols></imagesize><object><name>m2_s03_219_p_ic020</name><deleted>0</deleted><verified>0</verified><occluded>no</occluded><attributes></attributes><parts><hasparts></hasparts><ispartof></ispartof></parts><date>28-09-20 23:57:19:456</date><id>0</id><type>bounding_box</type><polygon><username>anonymous</username><pt><x>1141</x><y>215</y><time>28-09-20 23:57:14:542</time></pt><pt><x>3494</x><y>215</y><time>28-09-20 23:57:16:479</time></pt><pt><x>3494</x><y>2541</y><time>undefined</time></pt><pt><x>1141</x><y>2541</y><time>undefined</time></pt><closed_date>28-09-20 23:57:16:480</closed_date></polygon></object></annotation>