<annotation><filename>m4_s10_164_p_ic081.jpg</filename><folder>users/joselusava//santiago_2</folder><source><submittedBy>Jose Saca</submittedBy></source><imagesize><nrows>2970</nrows><ncols>4451</ncols></imagesize><object><name>m4_s10_164_p_ic081</name><deleted>0</deleted><verified>0</verified><occluded>no</occluded><attributes></attributes><parts><hasparts></hasparts><ispartof></ispartof></parts><date>13-10-20 23:06:10:317</date><id>0</id><type>bounding_box</type><polygon><username>anonymous</username><pt><x>1464</x><y>867</y><time>13-10-20 23:06:07:700</time></pt><pt><x>2185</x><y>867</y><time>13-10-20 23:06:08:374</time></pt><pt><x>2185</x><y>1835</y><time>undefined</time></pt><pt><x>1464</x><y>1835</y><time>undefined</time></pt><closed_date>13-10-20 23:06:08:375</closed_date></polygon></object></annotation>