<annotation><filename>m3_s01_002_p_ic091.jpg</filename><folder>users/joselusava//santiago_3</folder><source><submittedBy>Jose Saca</submittedBy></source><imagesize><nrows>2970</nrows><ncols>4451</ncols></imagesize><object><name>m3_s01_002_p_ic091</name><deleted>0</deleted><verified>0</verified><occluded>no</occluded><attributes></attributes><parts><hasparts></hasparts><ispartof></ispartof></parts><date>29-10-20 13:34:29:799</date><id>0</id><type>bounding_box</type><polygon><username>anonymous</username><pt><x>343</x><y>221</y><time>29-10-20 13:34:25:079</time></pt><pt><x>4159</x><y>221</y><time>29-10-20 13:34:26:909</time></pt><pt><x>4159</x><y>2563</y><time>undefined</time></pt><pt><x>343</x><y>2563</y><time>undefined</time></pt><closed_date>29-10-20 13:34:26:910</closed_date></polygon></object></annotation>