<annotation><filename>m2_s02_190_p_nic074.jpg</filename><folder>users/joselusava//m2_jsv/190/nic</folder><source><submittedBy>Jose Saca</submittedBy></source><imagesize><nrows>2910</nrows><ncols>4361</ncols></imagesize><object><name>m2_s02_190_p_nic074</name><deleted>0</deleted><verified>0</verified><occluded>no</occluded><attributes></attributes><parts><hasparts></hasparts><ispartof></ispartof></parts><date>21-09-20 15:17:56:387</date><id>0</id><type>bounding_box</type><polygon><username>anonymous</username><pt><x>2228</x><y>1280</y><time>21-09-20 15:17:54:526</time></pt><pt><x>1436</x><y>1280</y><time>21-09-20 15:17:55:571</time></pt><pt><x>1436</x><y>409</y><time>undefined</time></pt><pt><x>2228</x><y>409</y><time>undefined</time></pt><closed_date>21-09-20 15:17:55:571</closed_date></polygon></object></annotation>