<annotation><filename>m2_s07_285_x.jpg</filename><folder>users/joselusava//museos2020</folder><source><submittedBy>Jose Saca</submittedBy></source><imagesize><nrows>2910</nrows><ncols>4361</ncols></imagesize><object><name>m2_s07_285_x</name><deleted>0</deleted><verified>0</verified><occluded>no</occluded><attributes></attributes><parts><hasparts></hasparts><ispartof></ispartof></parts><date>27-09-20 22:25:01:418</date><id>0</id><type>bounding_box</type><polygon><username>anonymous</username><pt><x>502</x><y>1311</y><time>27-09-20 22:24:54:086</time></pt><pt><x>3951</x><y>1311</y><time>27-09-20 22:24:56:110</time></pt><pt><x>3951</x><y>2013</y><time>undefined</time></pt><pt><x>502</x><y>2013</y><time>undefined</time></pt><closed_date>27-09-20 22:24:56:111</closed_date></polygon></object></annotation>