<annotation><filename>m4_s05_052_p_ic072.jpg</filename><folder>users/joselusava//santiago_2</folder><source><submittedBy>Jose Saca</submittedBy></source><imagesize><nrows>2910</nrows><ncols>4361</ncols></imagesize><object><name>m4_s05_052_p_ic072</name><deleted>0</deleted><verified>0</verified><occluded>no</occluded><attributes></attributes><parts><hasparts></hasparts><ispartof></ispartof></parts><date>07-10-20 22:52:27:120</date><id>0</id><type>bounding_box</type><polygon><username>anonymous</username><pt><x>1351</x><y>606</y><time>07-10-20 22:52:19:970</time></pt><pt><x>3035</x><y>606</y><time>07-10-20 22:52:21:474</time></pt><pt><x>3035</x><y>2418</y><time>undefined</time></pt><pt><x>1351</x><y>2418</y><time>undefined</time></pt><closed_date>07-10-20 22:52:21:474</closed_date></polygon></object></annotation>