<annotation><filename>m4_s12_186_p_nic098.jpg</filename><folder>users/joselusava//m4_js/186/nic</folder><source><submittedBy>Jose Saca</submittedBy></source><imagesize><nrows>3899</nrows><ncols>5844</ncols></imagesize><object><name>m4_s12_186_p_nic097</name><deleted>0</deleted><verified>0</verified><occluded>no</occluded><attributes></attributes><parts><hasparts></hasparts><ispartof></ispartof></parts><date>18-10-20 12:22:52:628</date><id>0</id><type>bounding_box</type><polygon><username>anonymous</username><pt><x>5797</x><y>3418</y><time>18-10-20 12:22:50:291</time></pt><pt><x>2776</x><y>3418</y><time>18-10-20 12:22:51:763</time></pt><pt><x>2776</x><y>23</y><time>undefined</time></pt><pt><x>5797</x><y>23</y><time>undefined</time></pt><closed_date>18-10-20 12:22:51:763</closed_date></polygon></object></annotation>