<annotation><filename>m2_s06_250_p_nic013.jpg</filename><folder>users/joselusava//m2_jsv/250</folder><source><submittedBy>Jose Saca</submittedBy></source><imagesize><nrows>2910</nrows><ncols>4361</ncols></imagesize><object><name>m2_s06_250_p_nic013</name><deleted>0</deleted><verified>0</verified><occluded>no</occluded><attributes></attributes><parts><hasparts></hasparts><ispartof></ispartof></parts><date>30-09-20 11:25:42:765</date><id>0</id><type>bounding_box</type><polygon><username>anonymous</username><pt><x>4283</x><y>1976</y><time>30-09-20 11:25:40:474</time></pt><pt><x>1393</x><y>1976</y><time>30-09-20 11:25:42:122</time></pt><pt><x>1393</x><y>679</y><time>undefined</time></pt><pt><x>4283</x><y>679</y><time>undefined</time></pt><closed_date>30-09-20 11:25:42:122</closed_date></polygon></object></annotation>