<annotation><filename>m2_s07_264_p_nic090.jpg</filename><folder>users/joselusava//valeria/sala7_264_nic</folder><source><submittedBy>Jose Saca</submittedBy></source><imagesize><nrows>2910</nrows><ncols>4361</ncols></imagesize><object><name>m2_s07_264_p_nic090</name><deleted>0</deleted><verified>0</verified><occluded>no</occluded><attributes></attributes><parts><hasparts></hasparts><ispartof></ispartof></parts><date>23-09-20 21:41:51:373</date><id>0</id><type>bounding_box</type><polygon><username>anonymous</username><pt><x>3764</x><y>2260</y><time>23-09-20 21:41:45:944</time></pt><pt><x>2056</x><y>2260</y><time>23-09-20 21:41:48:227</time></pt><pt><x>2056</x><y>529</y><time>undefined</time></pt><pt><x>3764</x><y>529</y><time>undefined</time></pt><closed_date>23-09-20 21:41:48:227</closed_date></polygon></object></annotation>