<annotation><filename>m4_s11_178_p_nic017.jpg</filename><folder>users/joselusava//santiago_2</folder><source><submittedBy>Jose Saca</submittedBy></source><imagesize><nrows>2970</nrows><ncols>4451</ncols></imagesize><object><name>m4_s11_178_p_nic017</name><deleted>0</deleted><verified>0</verified><occluded>no</occluded><attributes></attributes><parts><hasparts></hasparts><ispartof></ispartof></parts><date>15-10-20 23:07:10:501</date><id>0</id><type>bounding_box</type><polygon><username>anonymous</username><pt><x>778</x><y>250</y><time>15-10-20 23:07:05:781</time></pt><pt><x>2138</x><y>250</y><time>15-10-20 23:07:08:343</time></pt><pt><x>2138</x><y>1564</y><time>undefined</time></pt><pt><x>778</x><y>1564</y><time>undefined</time></pt><closed_date>15-10-20 23:07:08:343</closed_date></polygon></object></annotation>