<annotation><filename>m2_s01_058_p_nic016.jpg</filename><folder>users/joselusava//m2_jsv/58/nic</folder><source><submittedBy>Jose Saca</submittedBy></source><imagesize><nrows>2850</nrows><ncols>4271</ncols></imagesize><object><name>m2_s01_058_p_nic016</name><deleted>0</deleted><verified>0</verified><occluded>no</occluded><attributes></attributes><parts><hasparts></hasparts><ispartof></ispartof></parts><date>29-09-20 22:56:57:561</date><id>0</id><type>bounding_box</type><polygon><username>anonymous</username><pt><x>1696</x><y>1236</y><time>29-09-20 22:56:55:607</time></pt><pt><x>60</x><y>1236</y><time>29-09-20 22:56:56:841</time></pt><pt><x>60</x><y>2575</y><time>undefined</time></pt><pt><x>1696</x><y>2575</y><time>undefined</time></pt><closed_date>29-09-20 22:56:56:842</closed_date></polygon></object></annotation>