<annotation><filename>m3_s01_018_p_nic026.jpg</filename><folder>users/joselusava//m4_js/18/nic</folder><source><submittedBy>Jose Saca</submittedBy></source><imagesize><nrows>2970</nrows><ncols>4451</ncols></imagesize><object><name>m3_s01_018_p_nic026</name><deleted>0</deleted><verified>0</verified><occluded>no</occluded><attributes></attributes><parts><hasparts></hasparts><ispartof></ispartof></parts><date>05-11-20 14:56:22:803</date><id>0</id><type>bounding_box</type><polygon><username>anonymous</username><pt><x>11</x><y>2936</y><time>05-11-20 14:56:20:136</time></pt><pt><x>3157</x><y>2936</y><time>05-11-20 14:56:21:981</time></pt><pt><x>3157</x><y>716</y><time>undefined</time></pt><pt><x>11</x><y>716</y><time>undefined</time></pt><closed_date>05-11-20 14:56:21:981</closed_date></polygon></object></annotation>