<annotation><filename>m1_s02_029_p_nic023.jpg</filename><folder>users/joselusava//valeria/sala2_029_nic</folder><source><submittedBy>Jose Saca</submittedBy></source><imagesize><nrows>3200</nrows><ncols>4800</ncols></imagesize><object><name>m1_s02_029_p_nic023</name><deleted>0</deleted><verified>0</verified><occluded>no</occluded><attributes></attributes><parts><hasparts></hasparts><ispartof></ispartof></parts><date>26-08-20 18:19:30:851</date><id>0</id><type>bounding_box</type><polygon><username>anonymous</username><pt><x>419</x><y>1106</y><time>26-08-20 18:19:24:418</time></pt><pt><x>1428</x><y>1106</y><time>26-08-20 18:19:27:140</time></pt><pt><x>1428</x><y>2373</y><time>undefined</time></pt><pt><x>419</x><y>2373</y><time>undefined</time></pt><closed_date>26-08-20 18:19:27:141</closed_date></polygon></object></annotation>