<annotation><filename>m4_s04_039_p_nic061.jpg</filename><folder>users/joselusava//santiago_2</folder><source><submittedBy>Jose Saca</submittedBy></source><imagesize><nrows>2970</nrows><ncols>4451</ncols></imagesize><object><name>m4_s04_039_p_nic061</name><deleted>0</deleted><verified>0</verified><occluded>no</occluded><attributes></attributes><parts><hasparts></hasparts><ispartof></ispartof></parts><date>21-10-20 21:48:19:579</date><id>0</id><type>bounding_box</type><polygon><username>anonymous</username><pt><x>507</x><y>228</y><time>21-10-20 21:48:15:509</time></pt><pt><x>1114</x><y>228</y><time>21-10-20 21:48:17:603</time></pt><pt><x>1114</x><y>2427</y><time>undefined</time></pt><pt><x>507</x><y>2427</y><time>undefined</time></pt><closed_date>21-10-20 21:48:17:604</closed_date></polygon></object></annotation>