<annotation><filename>m1_s06_141_p_nic069.jpg</filename><folder>users/joselusava//jacob_2/141nic</folder><source><submittedBy>Jose Saca</submittedBy></source><imagesize><nrows>2736</nrows><ncols>4100</ncols></imagesize><object><name>m1_s06_141_p_nic069</name><deleted>0</deleted><verified>0</verified><occluded>no</occluded><attributes></attributes><parts><hasparts></hasparts><ispartof></ispartof></parts><date>05-09-20 19:57:50:318</date><id>0</id><type>bounding_box</type><polygon><username>anonymous</username><pt><x>1353</x><y>236</y><time>05-09-20 19:57:47:997</time></pt><pt><x>2087</x><y>236</y><time>05-09-20 19:57:49:780</time></pt><pt><x>2087</x><y>1704</y><time>undefined</time></pt><pt><x>1353</x><y>1704</y><time>undefined</time></pt><closed_date>05-09-20 19:57:49:780</closed_date></polygon></object></annotation>