<annotation><filename>m2_s01_010_p_ic063.jpg</filename><folder>users/joselusava//santiago</folder><source><submittedBy>Jose Saca</submittedBy></source><imagesize><nrows>2850</nrows><ncols>4271</ncols></imagesize><object><name>m2_s01_010_p_ic063</name><deleted>0</deleted><verified>0</verified><occluded>no</occluded><attributes></attributes><parts><hasparts></hasparts><ispartof></ispartof></parts><date>21-09-20 23:08:07:144</date><id>0</id><type>bounding_box</type><polygon><username>anonymous</username><pt><x>1391</x><y>616</y><time>21-09-20 23:07:58:757</time></pt><pt><x>3299</x><y>616</y><time>21-09-20 23:08:01:058</time></pt><pt><x>3299</x><y>2523</y><time>undefined</time></pt><pt><x>1391</x><y>2523</y><time>undefined</time></pt><closed_date>21-09-20 23:08:01:059</closed_date></polygon></object></annotation>