<annotation><filename>m4_s11_178_p_nic001.jpg</filename><folder>users/joselusava//santiago_2</folder><source><submittedBy>Jose Saca</submittedBy></source><imagesize><nrows>2970</nrows><ncols>4451</ncols></imagesize><object><name>m4_s11_178_p_nic001</name><deleted>0</deleted><verified>0</verified><occluded>no</occluded><attributes></attributes><parts><hasparts></hasparts><ispartof></ispartof></parts><date>15-10-20 22:54:13:129</date><id>0</id><type>bounding_box</type><polygon><username>anonymous</username><pt><x>2659</x><y>1236</y><time>15-10-20 22:53:56:190</time></pt><pt><x>3989</x><y>1236</y><time>15-10-20 22:53:58:345</time></pt><pt><x>3989</x><y>2703</y><time>undefined</time></pt><pt><x>2659</x><y>2703</y><time>undefined</time></pt><closed_date>15-10-20 22:53:58:345</closed_date></polygon></object></annotation>