<annotation><filename>m3_s01_002_p.jpg</filename><folder>users/joselusava//santiago_3</folder><source><submittedBy>Jose Saca</submittedBy></source><imagesize><nrows>2970</nrows><ncols>4451</ncols></imagesize><object><name>m3_s01_002_p</name><deleted>0</deleted><verified>0</verified><occluded>no</occluded><attributes></attributes><parts><hasparts></hasparts><ispartof></ispartof></parts><date>28-10-20 17:14:02:931</date><id>0</id><type>bounding_box</type><polygon><username>anonymous</username><pt><x>478</x><y>170</y><time>28-10-20 17:13:47:085</time></pt><pt><x>3869</x><y>170</y><time>28-10-20 17:13:53:962</time></pt><pt><x>3869</x><y>2466</y><time>undefined</time></pt><pt><x>478</x><y>2466</y><time>undefined</time></pt><closed_date>28-10-20 17:13:53:963</closed_date></polygon></object></annotation>