<annotation><filename>m2_s06_250_p_nic057.jpg</filename><folder>users/joselusava//m2_jsv/250</folder><source><submittedBy>Jose Saca</submittedBy></source><imagesize><nrows>2910</nrows><ncols>4361</ncols></imagesize><object><name>m2_s06_250_p_nic057</name><deleted>0</deleted><verified>0</verified><occluded>no</occluded><attributes></attributes><parts><hasparts></hasparts><ispartof></ispartof></parts><date>30-09-20 11:47:13:773</date><id>0</id><type>bounding_box</type><polygon><username>anonymous</username><pt><x>1576</x><y>575</y><time>30-09-20 11:47:11:557</time></pt><pt><x>4335</x><y>575</y><time>30-09-20 11:47:12:925</time></pt><pt><x>4335</x><y>1837</y><time>undefined</time></pt><pt><x>1576</x><y>1837</y><time>undefined</time></pt><closed_date>30-09-20 11:47:12:926</closed_date></polygon></object></annotation>