<annotation><filename>m1_s01_017_p_ic012.jpg</filename><folder>users/joselusava//santiago</folder><source><submittedBy>Jose Saca</submittedBy></source><imagesize><nrows>3200</nrows><ncols>4800</ncols></imagesize><object><name>m1_s01_017_p_ic012</name><deleted>0</deleted><verified>0</verified><occluded>no</occluded><attributes></attributes><parts><hasparts></hasparts><ispartof></ispartof></parts><date>10-09-20 14:01:08:507</date><id>0</id><type>bounding_box</type><polygon><username>anonymous</username><pt><x>1789</x><y>1209</y><time>10-09-20 14:00:56:916</time></pt><pt><x>3096</x><y>1209</y><time>10-09-20 14:00:59:513</time></pt><pt><x>3096</x><y>2084</y><time>undefined</time></pt><pt><x>1789</x><y>2084</y><time>undefined</time></pt><closed_date>10-09-20 14:00:59:515</closed_date></polygon></object></annotation>