<annotation><filename>m4_s12_185_p_ic074.jpg</filename><folder>users/joselusava//valeria/m04_s12_185_ic</folder><source><submittedBy>Jose Saca</submittedBy></source><imagesize><nrows>2910</nrows><ncols>4361</ncols></imagesize><object><name>m4_s12_185_p_ic074</name><deleted>0</deleted><verified>0</verified><occluded>no</occluded><attributes></attributes><parts><hasparts></hasparts><ispartof></ispartof></parts><date>17-10-20 18:34:19:315</date><id>0</id><type>bounding_box</type><polygon><username>anonymous</username><pt><x>755</x><y>2541</y><time>17-10-20 18:34:13:562</time></pt><pt><x>3968</x><y>2541</y><time>17-10-20 18:34:15:469</time></pt><pt><x>3968</x><y>84</y><time>undefined</time></pt><pt><x>755</x><y>84</y><time>undefined</time></pt><closed_date>17-10-20 18:34:15:470</closed_date></polygon></object></annotation>