<annotation><filename>img_m1_s10_303_p_nic034.jpg</filename><folder>users/joselusava//santiago</folder><source><submittedBy>Jose Saca</submittedBy></source><imagesize><nrows>3200</nrows><ncols>4800</ncols></imagesize><object><name>m1_s10_303_p_nic034</name><deleted>0</deleted><verified>0</verified><occluded>no</occluded><attributes></attributes><parts><hasparts></hasparts><ispartof></ispartof></parts><date>01-09-20 20:28:55:160</date><id>0</id><type>bounding_box</type><polygon><username>anonymous</username><pt><x>328</x><y>961</y><time>01-09-20 20:28:46:958</time></pt><pt><x>1562</x><y>961</y><time>01-09-20 20:28:48:455</time></pt><pt><x>1562</x><y>1839</y><time>undefined</time></pt><pt><x>328</x><y>1839</y><time>undefined</time></pt><closed_date>01-09-20 20:28:48:457</closed_date></polygon></object></annotation>