<annotation><filename>m2_s01_024_p_nic012.jpg</filename><folder>users/joselusava//santiago</folder><source><submittedBy>Jose Saca</submittedBy></source><imagesize><nrows>2850</nrows><ncols>4271</ncols></imagesize><object><name>m2_s01_024_p_nic012</name><deleted>0</deleted><verified>0</verified><occluded>no</occluded><attributes></attributes><parts><hasparts></hasparts><ispartof></ispartof></parts><date>25-09-20 13:36:02:057</date><id>0</id><type>bounding_box</type><polygon><username>anonymous</username><pt><x>209</x><y>757</y><time>25-09-20 13:35:54:562</time></pt><pt><x>1249</x><y>757</y><time>25-09-20 13:35:56:662</time></pt><pt><x>1249</x><y>2380</y><time>undefined</time></pt><pt><x>209</x><y>2380</y><time>undefined</time></pt><closed_date>25-09-20 13:35:56:664</closed_date></polygon></object></annotation>