<annotation><filename>m4_s04_045_p_nic088.jpg</filename><folder>users/joselusava//valeria/m04_s04_45_nic</folder><source><submittedBy>Jose Saca</submittedBy></source><imagesize><nrows>2970</nrows><ncols>4451</ncols></imagesize><object><name>m4_s04_045_p_nic088</name><deleted>0</deleted><verified>0</verified><occluded>no</occluded><attributes></attributes><parts><hasparts></hasparts><ispartof></ispartof></parts><date>20-10-20 15:45:46:687</date><id>0</id><type>bounding_box</type><polygon><username>anonymous</username><pt><x>3570</x><y>1891</y><time>20-10-20 15:45:43:040</time></pt><pt><x>4084</x><y>1891</y><time>20-10-20 15:45:44:169</time></pt><pt><x>4084</x><y>1228</y><time>undefined</time></pt><pt><x>3570</x><y>1228</y><time>undefined</time></pt><closed_date>20-10-20 15:45:44:169</closed_date></polygon></object></annotation>