<annotation><filename>m2_s01_018_p_ic097.jpg</filename><folder>users/joselusava//santiago_2</folder><source><submittedBy>Jose Saca</submittedBy></source><imagesize><nrows>2850</nrows><ncols>4271</ncols></imagesize><object><name>m2_s01_018_p_ic097</name><deleted>0</deleted><verified>0</verified><occluded>no</occluded><attributes></attributes><parts><hasparts></hasparts><ispartof></ispartof></parts><date>28-09-20 18:52:20:430</date><id>0</id><type>bounding_box</type><polygon><username>anonymous</username><pt><x>1484</x><y>805</y><time>28-09-20 18:52:12:994</time></pt><pt><x>2475</x><y>805</y><time>28-09-20 18:52:14:465</time></pt><pt><x>2475</x><y>1997</y><time>undefined</time></pt><pt><x>1484</x><y>1997</y><time>undefined</time></pt><closed_date>28-09-20 18:52:14:467</closed_date></polygon></object></annotation>