<annotation><filename>m1_s02_036_p_nic025.jpg</filename><folder>users/joselusava//valeria/sala2_036_nic</folder><source><submittedBy>Jose Saca</submittedBy></source><imagesize><nrows>3200</nrows><ncols>4800</ncols></imagesize><object><name>m1_s02_036_p_nic025</name><deleted>0</deleted><verified>0</verified><occluded>no</occluded><attributes></attributes><parts><hasparts></hasparts><ispartof></ispartof></parts><date>26-08-20 22:52:15:208</date><id>0</id><type>bounding_box</type><polygon><username>anonymous</username><pt><x>3189</x><y>1391</y><time>26-08-20 22:52:09:838</time></pt><pt><x>4059</x><y>1391</y><time>26-08-20 22:52:11:861</time></pt><pt><x>4059</x><y>2534</y><time>undefined</time></pt><pt><x>3189</x><y>2534</y><time>undefined</time></pt><closed_date>26-08-20 22:52:11:863</closed_date></polygon></object></annotation>