<annotation><filename>m1_s01_001_p_ic085.jpg</filename><folder>users/joselusava//juancarlos</folder><source><submittedBy>Jose Saca</submittedBy></source><imagesize><nrows>2000</nrows><ncols>2992</ncols></imagesize><object><name>m1_s01_001_p_ic085</name><deleted>0</deleted><verified>0</verified><occluded>no</occluded><attributes></attributes><parts><hasparts></hasparts><ispartof></ispartof></parts><date>01-09-20 16:07:37:546</date><id>0</id><type>bounding_box</type><polygon><username>anonymous</username><pt><x>347</x><y>634</y><time>01-09-20 16:07:25:910</time></pt><pt><x>1775</x><y>634</y><time>01-09-20 16:07:29:667</time></pt><pt><x>1775</x><y>1480</y><time>undefined</time></pt><pt><x>347</x><y>1480</y><time>undefined</time></pt><closed_date>01-09-20 16:07:29:677</closed_date></polygon></object></annotation>