<annotation><filename>img_m1_s03-04_101_p_ic083.jpg</filename><folder>users/joselusava//valeria/sala3y4_101_ic</folder><source><submittedBy>Jose Saca</submittedBy></source><imagesize><nrows>3200</nrows><ncols>4800</ncols></imagesize><object><name>m1_s03_s04_101_p_ic083</name><deleted>0</deleted><verified>0</verified><occluded>no</occluded><attributes></attributes><parts><hasparts></hasparts><ispartof></ispartof></parts><date>29-08-20 01:47:17:415</date><id>0</id><type>bounding_box</type><polygon><username>anonymous</username><pt><x>364</x><y>2836</y><time>29-08-20 01:47:09:402</time></pt><pt><x>4376</x><y>2836</y><time>29-08-20 01:47:13:144</time></pt><pt><x>4376</x><y>606</y><time>undefined</time></pt><pt><x>364</x><y>606</y><time>undefined</time></pt><closed_date>29-08-20 01:47:13:145</closed_date></polygon></object></annotation>