<annotation><filename>m1_s01_021_p_nic059.jpg</filename><folder>users/joselusava//santiago</folder><source><submittedBy>Jose Saca</submittedBy></source><imagesize><nrows>3200</nrows><ncols>4800</ncols></imagesize><object><name>m1_s01_021_p_nic059</name><deleted>0</deleted><verified>0</verified><occluded>no</occluded><attributes></attributes><parts><hasparts></hasparts><ispartof></ispartof></parts><date>16-09-20 18:10:42:371</date><id>0</id><type>bounding_box</type><polygon><username>anonymous</username><pt><x>1436</x><y>612</y><time>16-09-20 18:10:34:073</time></pt><pt><x>1865</x><y>612</y><time>16-09-20 18:10:35:425</time></pt><pt><x>1865</x><y>1238</y><time>undefined</time></pt><pt><x>1436</x><y>1238</y><time>undefined</time></pt><closed_date>16-09-20 18:10:35:426</closed_date></polygon></object></annotation>