<annotation><filename>m2_s06_248_p_nic095.jpg</filename><folder>users/joselusava//museos2020</folder><source><submittedBy>Jose Saca</submittedBy></source><imagesize><nrows>2910</nrows><ncols>4361</ncols></imagesize><object><name>m2_s06_248_p_nic095</name><deleted>0</deleted><verified>0</verified><occluded>no</occluded><attributes></attributes><parts><hasparts></hasparts><ispartof></ispartof></parts><date>27-09-20 21:41:38:826</date><id>0</id><polygon><username>anonymous</username><pt><x>377</x><y>1571</y><time>27-09-20 21:41:29:243</time></pt><pt><x>2361</x><y>1223</y><time>27-09-20 21:41:30:400</time></pt><pt><x>2524</x><y>1436</y><time>27-09-20 21:41:31:328</time></pt><pt><x>944</x><y>2408</y><time>27-09-20 21:41:32:598</time></pt><closed_date>27-09-20 21:41:33:518</closed_date></polygon></object></annotation>