<annotation><filename>m2_s01_001_p_ic071.jpg</filename><folder>users/joselusava//santiago</folder><source><submittedBy>Jose Saca</submittedBy></source><imagesize><nrows>2850</nrows><ncols>4271</ncols></imagesize><object><name>m2_s01_001_p_ic071</name><deleted>0</deleted><verified>0</verified><occluded>no</occluded><attributes></attributes><parts><hasparts></hasparts><ispartof></ispartof></parts><date>19-09-20 09:17:30:240</date><id>0</id><type>bounding_box</type><polygon><username>anonymous</username><pt><x>734</x><y>500</y><time>19-09-20 09:17:20:217</time></pt><pt><x>3315</x><y>500</y><time>19-09-20 09:17:22:991</time></pt><pt><x>3315</x><y>2687</y><time>undefined</time></pt><pt><x>734</x><y>2687</y><time>undefined</time></pt><closed_date>19-09-20 09:17:22:992</closed_date></polygon></object></annotation>