<annotation><filename>m4_s10_164_p_ic090.jpg</filename><folder>users/joselusava//santiago_2</folder><source><submittedBy>Jose Saca</submittedBy></source><imagesize><nrows>2970</nrows><ncols>4451</ncols></imagesize><object><name>m4_s10_164_p_ic090</name><deleted>0</deleted><verified>0</verified><occluded>no</occluded><attributes></attributes><parts><hasparts></hasparts><ispartof></ispartof></parts><date>13-10-20 23:12:43:029</date><id>0</id><type>bounding_box</type><polygon><username>anonymous</username><pt><x>1817</x><y>946</y><time>13-10-20 23:12:40:206</time></pt><pt><x>2370</x><y>946</y><time>13-10-20 23:12:41:115</time></pt><pt><x>2370</x><y>1710</y><time>undefined</time></pt><pt><x>1817</x><y>1710</y><time>undefined</time></pt><closed_date>13-10-20 23:12:41:115</closed_date></polygon></object></annotation>