<annotation><filename>m2_s02_190_p_nic014.jpg</filename><folder>users/joselusava//m2_jsv/190/nic</folder><source><submittedBy>Jose Saca</submittedBy></source><imagesize><nrows>2910</nrows><ncols>4361</ncols></imagesize><object><name>m2_s02_190_p_nic014</name><deleted>0</deleted><verified>0</verified><occluded>no</occluded><attributes></attributes><parts><hasparts></hasparts><ispartof></ispartof></parts><date>21-09-20 14:55:14:845</date><id>0</id><type>bounding_box</type><polygon><username>anonymous</username><pt><x>1262</x><y>1697</y><time>21-09-20 14:55:12:800</time></pt><pt><x>87</x><y>1697</y><time>21-09-20 14:55:13:988</time></pt><pt><x>87</x><y>392</y><time>undefined</time></pt><pt><x>1262</x><y>392</y><time>undefined</time></pt><closed_date>21-09-20 14:55:13:988</closed_date></polygon></object></annotation>