<annotation><filename>m1_s01_005_p_nic084.jpg</filename><folder>users/joselusava//museos2020</folder><source><submittedBy>Jose Saca</submittedBy></source><imagesize><nrows>2000</nrows><ncols>2992</ncols></imagesize><object><name>m1_s01_005_p_nic084</name><deleted>0</deleted><verified>0</verified><occluded>no</occluded><attributes></attributes><parts><hasparts></hasparts><ispartof></ispartof></parts><date>14-09-20 11:55:04:581</date><id>0</id><type>bounding_box</type><polygon><username>anonymous</username><pt><x>1796</x><y>1217</y><time>14-09-20 11:54:56:443</time></pt><pt><x>2137</x><y>1217</y><time>14-09-20 11:54:57:290</time></pt><pt><x>2137</x><y>1652</y><time>undefined</time></pt><pt><x>1796</x><y>1652</y><time>undefined</time></pt><closed_date>14-09-20 11:54:57:292</closed_date></polygon></object></annotation>