<annotation><filename>m2_s03_219_p_ic039.jpg</filename><folder>users/joselusava//valeria/m2_sala03_219_ic</folder><source><submittedBy>Jose Saca</submittedBy></source><imagesize><nrows>2910</nrows><ncols>4361</ncols></imagesize><object><name>m2_s03_219_p_ic039</name><deleted>0</deleted><verified>0</verified><occluded>no</occluded><attributes></attributes><parts><hasparts></hasparts><ispartof></ispartof></parts><date>29-09-20 00:19:07:594</date><id>0</id><type>bounding_box</type><polygon><username>anonymous</username><pt><x>3257</x><y>198</y><time>29-09-20 00:19:02:541</time></pt><pt><x>953</x><y>198</y><time>29-09-20 00:19:04:326</time></pt><pt><x>953</x><y>2557</y><time>undefined</time></pt><pt><x>3257</x><y>2557</y><time>undefined</time></pt><closed_date>29-09-20 00:19:04:327</closed_date></polygon></object></annotation>