<annotation><filename>m2_s03_201_p_nic012.jpg</filename><folder>users/joselusava//valeria/m2_sala03_201_nic</folder><source><submittedBy>Jose Saca</submittedBy></source><imagesize><nrows>2910</nrows><ncols>4361</ncols></imagesize><object><name>m2_s03_201_p_nic012</name><deleted>0</deleted><verified>0</verified><occluded>no</occluded><attributes></attributes><parts><hasparts></hasparts><ispartof></ispartof></parts><date>29-09-20 22:41:56:509</date><id>0</id><type>bounding_box</type><polygon><username>anonymous</username><pt><x>44</x><y>2607</y><time>29-09-20 22:41:50:989</time></pt><pt><x>1835</x><y>2607</y><time>29-09-20 22:41:52:882</time></pt><pt><x>1835</x><y>821</y><time>undefined</time></pt><pt><x>44</x><y>821</y><time>undefined</time></pt><closed_date>29-09-20 22:41:52:883</closed_date></polygon></object></annotation>