<annotation><filename>m4_s05_060_p_ic043.jpg</filename><folder>users/joselusava//m4_js/60/ic</folder><source><submittedBy>Jose Saca</submittedBy></source><imagesize><nrows>2910</nrows><ncols>4361</ncols></imagesize><object><name>m4_s05_060_p_ic043</name><deleted>0</deleted><verified>0</verified><occluded>no</occluded><attributes></attributes><parts><hasparts></hasparts><ispartof></ispartof></parts><date>13-10-20 15:50:08:369</date><id>0</id><type>bounding_box</type><polygon><username>anonymous</username><pt><x>3969</x><y>2298</y><time>13-10-20 15:50:06:200</time></pt><pt><x>609</x><y>2298</y><time>13-10-20 15:50:07:482</time></pt><pt><x>609</x><y>514</y><time>undefined</time></pt><pt><x>3969</x><y>514</y><time>undefined</time></pt><closed_date>13-10-20 15:50:07:483</closed_date></polygon></object></annotation>