<annotation><filename>m2_s06_244_p_ic088.jpg</filename><folder>users/joselusava//museos2020</folder><source><submittedBy>Jose Saca</submittedBy></source><imagesize><nrows>2910</nrows><ncols>4361</ncols></imagesize><object><name>m2_s06_244_p_ic088</name><deleted>0</deleted><verified>0</verified><occluded>no</occluded><attributes></attributes><parts><hasparts></hasparts><ispartof></ispartof></parts><date>23-09-20 09:22:18:146</date><id>0</id><type>bounding_box</type><polygon><username>anonymous</username><pt><x>674</x><y>824</y><time>23-09-20 09:22:05:857</time></pt><pt><x>3455</x><y>824</y><time>23-09-20 09:22:08:972</time></pt><pt><x>3455</x><y>2552</y><time>undefined</time></pt><pt><x>674</x><y>2552</y><time>undefined</time></pt><closed_date>23-09-20 09:22:08:973</closed_date></polygon></object></annotation>