<annotation><filename>m4_s05_052_p_nic051.jpg</filename><folder>users/joselusava//santiago_2</folder><source><submittedBy>Jose Saca</submittedBy></source><imagesize><nrows>2910</nrows><ncols>4361</ncols></imagesize><object><name>m4_s05_052_p_nic051</name><deleted>0</deleted><verified>0</verified><occluded>no</occluded><attributes></attributes><parts><hasparts></hasparts><ispartof></ispartof></parts><date>08-10-20 21:31:48:197</date><id>0</id><type>bounding_box</type><polygon><username>anonymous</username><pt><x>1576</x><y>315</y><time>08-10-20 21:31:45:242</time></pt><pt><x>2664</x><y>315</y><time>08-10-20 21:31:46:397</time></pt><pt><x>2664</x><y>1628</y><time>undefined</time></pt><pt><x>1576</x><y>1628</y><time>undefined</time></pt><closed_date>08-10-20 21:31:46:399</closed_date></polygon></object></annotation>