<annotation><filename>m4_s04_045_p_nic002.jpg</filename><folder>users/joselusava//valeria/m04_s04_45_nic</folder><source><submittedBy>Jose Saca</submittedBy></source><imagesize><nrows>2970</nrows><ncols>4451</ncols></imagesize><object><name>m4_s04_045_p_nic002</name><deleted>0</deleted><verified>0</verified><occluded>no</occluded><attributes></attributes><parts><hasparts></hasparts><ispartof></ispartof></parts><date>20-10-20 00:04:33:288</date><id>0</id><type>bounding_box</type><polygon><username>anonymous</username><pt><x>3204</x><y>2667</y><time>20-10-20 00:04:29:331</time></pt><pt><x>4272</x><y>2667</y><time>20-10-20 00:04:30:426</time></pt><pt><x>4272</x><y>1245</y><time>undefined</time></pt><pt><x>3204</x><y>1245</y><time>undefined</time></pt><closed_date>20-10-20 00:04:30:427</closed_date></polygon></object></annotation>