<annotation><filename>m1_s06_144_p_ic029.jpg</filename><folder>users/joselusava//jacob_2/144ic</folder><source><submittedBy>Jose Saca</submittedBy></source><imagesize><nrows>2736</nrows><ncols>4100</ncols></imagesize><object><name>m1_s06_144_p_ic029</name><deleted>0</deleted><verified>0</verified><occluded>no</occluded><attributes></attributes><parts><hasparts></hasparts><ispartof></ispartof></parts><date>07-09-20 02:33:11:406</date><id>0</id><type>bounding_box</type><polygon><username>anonymous</username><pt><x>3290</x><y>2627</y><time>07-09-20 02:33:05:152</time></pt><pt><x>949</x><y>2627</y><time>07-09-20 02:33:10:259</time></pt><pt><x>949</x><y>25</y><time>undefined</time></pt><pt><x>3290</x><y>25</y><time>undefined</time></pt><closed_date>07-09-20 02:33:10:259</closed_date></polygon></object></annotation>