<annotation><filename>m2_s06_248_p_nic065.jpg</filename><folder>users/joselusava//museos2020</folder><source><submittedBy>Jose Saca</submittedBy></source><imagesize><nrows>2910</nrows><ncols>4361</ncols></imagesize><object><name>m2_s06_248_p_nic065</name><deleted>0</deleted><verified>0</verified><occluded>no</occluded><attributes></attributes><parts><hasparts></hasparts><ispartof></ispartof></parts><date>27-09-20 19:17:43:227</date><id>0</id><polygon><username>anonymous</username><pt><x>1144</x><y>1827</y><time>27-09-20 19:17:32:494</time></pt><pt><x>3208</x><y>1883</y><time>27-09-20 19:17:33:658</time></pt><pt><x>2673</x><y>2603</y><time>27-09-20 19:17:34:820</time></pt><pt><x>958</x><y>2069</y><time>27-09-20 19:17:36:163</time></pt><closed_date>27-09-20 19:17:36:970</closed_date></polygon></object></annotation>