<annotation><filename>m3_s01_013_p_nic018.jpg</filename><folder>users/joselusava//valeria/m03_s01_13_nic</folder><source><submittedBy>Jose Saca</submittedBy></source><imagesize><nrows>2970</nrows><ncols>4451</ncols></imagesize><object><name>m3_s01_013_p_nic018</name><deleted>0</deleted><verified>0</verified><occluded>no</occluded><attributes></attributes><parts><hasparts></hasparts><ispartof></ispartof></parts><date>06-11-20 21:08:09:695</date><id>0</id><type>bounding_box</type><polygon><username>anonymous</username><pt><x>34</x><y>2867</y><time>06-11-20 21:08:03:721</time></pt><pt><x>2924</x><y>2867</y><time>06-11-20 21:08:06:472</time></pt><pt><x>2924</x><y>765</y><time>undefined</time></pt><pt><x>34</x><y>765</y><time>undefined</time></pt><closed_date>06-11-20 21:08:06:473</closed_date></polygon></object></annotation>