<annotation><filename>m4_s12_185_p_ic077.jpg</filename><folder>users/joselusava//valeria/m04_s12_185_ic</folder><source><submittedBy>Jose Saca</submittedBy></source><imagesize><nrows>2910</nrows><ncols>4361</ncols></imagesize><object><name>m4_s12_185_p_ic077</name><deleted>0</deleted><verified>0</verified><occluded>no</occluded><attributes></attributes><parts><hasparts></hasparts><ispartof></ispartof></parts><date>17-10-20 18:37:05:814</date><id>0</id><type>bounding_box</type><polygon><username>anonymous</username><pt><x>588</x><y>2703</y><time>17-10-20 18:36:59:522</time></pt><pt><x>3805</x><y>2703</y><time>17-10-20 18:37:02:006</time></pt><pt><x>3805</x><y>207</y><time>undefined</time></pt><pt><x>588</x><y>207</y><time>undefined</time></pt><closed_date>17-10-20 18:37:02:007</closed_date></polygon></object></annotation>