<annotation><filename>m4_s05_060_p_ic006.jpg</filename><folder>users/joselusava//m4_js/60/ic</folder><source><submittedBy>Jose Saca</submittedBy></source><imagesize><nrows>2910</nrows><ncols>4361</ncols></imagesize><object><name>m4_s05_060_p_ic006</name><deleted>0</deleted><verified>0</verified><occluded>no</occluded><attributes></attributes><parts><hasparts></hasparts><ispartof></ispartof></parts><date>13-10-20 15:37:25:850</date><id>0</id><type>bounding_box</type><polygon><username>anonymous</username><pt><x>4178</x><y>2350</y><time>13-10-20 15:37:23:252</time></pt><pt><x>270</x><y>2350</y><time>13-10-20 15:37:25:020</time></pt><pt><x>270</x><y>583</y><time>undefined</time></pt><pt><x>4178</x><y>583</y><time>undefined</time></pt><closed_date>13-10-20 15:37:25:021</closed_date></polygon></object></annotation>