<annotation><filename>m4_s04_037_p_ic087.jpg</filename><folder>users/joselusava//santiago_2</folder><source><submittedBy>Jose Saca</submittedBy></source><imagesize><nrows>2970</nrows><ncols>4451</ncols></imagesize><object><name>m4_s04_037_p_ic087</name><deleted>0</deleted><verified>0</verified><occluded>no</occluded><attributes></attributes><parts><hasparts></hasparts><ispartof></ispartof></parts><date>18-10-20 22:25:44:691</date><id>0</id><type>bounding_box</type><polygon><username>anonymous</username><pt><x>1749</x><y>318</y><time>18-10-20 22:25:41:115</time></pt><pt><x>3148</x><y>318</y><time>18-10-20 22:25:42:469</time></pt><pt><x>3148</x><y>2684</y><time>undefined</time></pt><pt><x>1749</x><y>2684</y><time>undefined</time></pt><closed_date>18-10-20 22:25:42:471</closed_date></polygon></object></annotation>