<annotation><filename>m4_s02_021_p_ic070.jpg</filename><folder>users/joselusava//santiago_2</folder><source><submittedBy>Jose Saca</submittedBy></source><imagesize><nrows>3000</nrows><ncols>4496</ncols></imagesize><object><name>m4_s02_021_p_ic070</name><deleted>0</deleted><verified>0</verified><occluded>no</occluded><attributes></attributes><parts><hasparts></hasparts><ispartof></ispartof></parts><date>04-10-20 19:19:29:072</date><id>0</id><type>bounding_box</type><polygon><username>anonymous</username><pt><x>1436</x><y>175</y><time>04-10-20 19:19:24:480</time></pt><pt><x>2679</x><y>175</y><time>04-10-20 19:19:26:205</time></pt><pt><x>2679</x><y>2514</y><time>undefined</time></pt><pt><x>1436</x><y>2514</y><time>undefined</time></pt><closed_date>04-10-20 19:19:26:207</closed_date></polygon></object></annotation>