<annotation><filename>m1_s02_036_p_ic058.jpg</filename><folder>users/joselusava//valeria/sala2_036_ic</folder><source><submittedBy>Jose Saca</submittedBy></source><imagesize><nrows>3200</nrows><ncols>4800</ncols></imagesize><object><name>m1_s01_036_p_ic058</name><deleted>0</deleted><verified>0</verified><occluded>no</occluded><attributes></attributes><parts><hasparts></hasparts><ispartof></ispartof></parts><date>23-08-20 22:11:04:396</date><id>0</id><type>bounding_box</type><polygon><username>anonymous</username><pt><x>408</x><y>11</y><time>23-08-20 22:10:54:883</time></pt><pt><x>4435</x><y>11</y><time>23-08-20 22:10:59:703</time></pt><pt><x>4435</x><y>3055</y><time>undefined</time></pt><pt><x>408</x><y>3055</y><time>undefined</time></pt><closed_date>23-08-20 22:10:59:705</closed_date></polygon></object></annotation>