<annotation><filename>m1_s02_052_p_ic048.jpg</filename><folder>users/joselusava//valeria/sala2_052_ic</folder><source><submittedBy>Jose Saca</submittedBy></source><imagesize><nrows>3200</nrows><ncols>4800</ncols></imagesize><object><name>m1_s02_052_p_ic048</name><deleted>0</deleted><verified>0</verified><occluded>no</occluded><attributes></attributes><parts><hasparts></hasparts><ispartof></ispartof></parts><date>25-08-20 18:28:54:945</date><id>0</id><type>bounding_box</type><polygon><username>anonymous</username><pt><x>789</x><y>5</y><time>25-08-20 18:28:37:605</time></pt><pt><x>4199</x><y>5</y><time>25-08-20 18:28:42:017</time></pt><pt><x>4199</x><y>3173</y><time>undefined</time></pt><pt><x>789</x><y>3173</y><time>undefined</time></pt><closed_date>25-08-20 18:28:42:018</closed_date></polygon></object></annotation>