<annotation><filename>m1_s01_021_p_ic081.jpg</filename><folder>users/joselusava//santiago</folder><source><submittedBy>Jose Saca</submittedBy></source><imagesize><nrows>3200</nrows><ncols>4800</ncols></imagesize><object><name>m1_s01_021_p_ic081</name><deleted>0</deleted><verified>0</verified><occluded>no</occluded><attributes></attributes><parts><hasparts></hasparts><ispartof></ispartof></parts><date>15-09-20 00:06:41:529</date><id>0</id><type>bounding_box</type><polygon><username>anonymous</username><pt><x>1375</x><y>947</y><time>15-09-20 00:06:33:385</time></pt><pt><x>2646</x><y>947</y><time>15-09-20 00:06:35:167</time></pt><pt><x>2646</x><y>2502</y><time>undefined</time></pt><pt><x>1375</x><y>2502</y><time>undefined</time></pt><closed_date>15-09-20 00:06:35:168</closed_date></polygon></object></annotation>