<annotation><filename>m2_s01_010_p_ic053.jpg</filename><folder>users/joselusava//santiago</folder><source><submittedBy>Jose Saca</submittedBy></source><imagesize><nrows>2850</nrows><ncols>4271</ncols></imagesize><object><name>m2_s01_010_p_ic053</name><deleted>0</deleted><verified>0</verified><occluded>no</occluded><attributes></attributes><parts><hasparts></hasparts><ispartof></ispartof></parts><date>21-09-20 15:59:41:766</date><id>0</id><type>bounding_box</type><polygon><username>anonymous</username><pt><x>1209</x><y>766</y><time>21-09-20 15:59:33:979</time></pt><pt><x>3132</x><y>766</y><time>21-09-20 15:59:35:838</time></pt><pt><x>3132</x><y>2606</y><time>undefined</time></pt><pt><x>1209</x><y>2606</y><time>undefined</time></pt><closed_date>21-09-20 15:59:35:839</closed_date></polygon></object></annotation>