<annotation><filename>m4_s04_039_p_nic020.jpg</filename><folder>users/joselusava//santiago_2</folder><source><submittedBy>Jose Saca</submittedBy></source><imagesize><nrows>2970</nrows><ncols>4451</ncols></imagesize><object><name>m4_s04_039_p_nic020</name><deleted>0</deleted><verified>0</verified><occluded>no</occluded><attributes></attributes><parts><hasparts></hasparts><ispartof></ispartof></parts><date>21-10-20 21:00:51:113</date><id>0</id><type>bounding_box</type><polygon><username>anonymous</username><pt><x>493</x><y>382</y><time>21-10-20 21:00:47:763</time></pt><pt><x>1210</x><y>382</y><time>21-10-20 21:00:49:199</time></pt><pt><x>1210</x><y>2784</y><time>undefined</time></pt><pt><x>493</x><y>2784</y><time>undefined</time></pt><closed_date>21-10-20 21:00:49:200</closed_date></polygon></object></annotation>