<annotation><filename>m2_s01_010_p_ic076.jpg</filename><folder>users/joselusava//santiago</folder><source><submittedBy>Jose Saca</submittedBy></source><imagesize><nrows>2850</nrows><ncols>4271</ncols></imagesize><object><name>m2_s01_010_p_ic076</name><deleted>0</deleted><verified>0</verified><occluded>no</occluded><attributes></attributes><parts><hasparts></hasparts><ispartof></ispartof></parts><date>21-09-20 23:24:16:879</date><id>0</id><type>bounding_box</type><polygon><username>anonymous</username><pt><x>1135</x><y>494</y><time>21-09-20 23:24:07:772</time></pt><pt><x>3148</x><y>494</y><time>21-09-20 23:24:09:825</time></pt><pt><x>3148</x><y>2436</y><time>undefined</time></pt><pt><x>1135</x><y>2436</y><time>undefined</time></pt><closed_date>21-09-20 23:24:09:826</closed_date></polygon></object></annotation>