<annotation><filename>m2_s01_010_p_ic080.jpg</filename><folder>users/joselusava//santiago</folder><source><submittedBy>Jose Saca</submittedBy></source><imagesize><nrows>2850</nrows><ncols>4271</ncols></imagesize><object><name>m2_s01_010_p_ic080</name><deleted>0</deleted><verified>0</verified><occluded>no</occluded><attributes></attributes><parts><hasparts></hasparts><ispartof></ispartof></parts><date>21-09-20 23:29:03:605</date><id>0</id><type>bounding_box</type><polygon><username>anonymous</username><pt><x>1116</x><y>365</y><time>21-09-20 23:28:55:274</time></pt><pt><x>3174</x><y>365</y><time>21-09-20 23:28:56:972</time></pt><pt><x>3174</x><y>2411</y><time>undefined</time></pt><pt><x>1116</x><y>2411</y><time>undefined</time></pt><closed_date>21-09-20 23:28:56:973</closed_date></polygon></object></annotation>