<annotation><filename>m4_s11_178_p_ic099.jpg</filename><folder>users/joselusava//santiago_2</folder><source><submittedBy>Jose Saca</submittedBy></source><imagesize><nrows>2970</nrows><ncols>4451</ncols></imagesize><object><name>m4_s11_178_p_ic099</name><deleted>0</deleted><verified>0</verified><occluded>no</occluded><attributes></attributes><parts><hasparts></hasparts><ispartof></ispartof></parts><date>15-10-20 22:34:53:922</date><id>0</id><type>bounding_box</type><polygon><username>anonymous</username><pt><x>1299</x><y>718</y><time>15-10-20 22:34:50:731</time></pt><pt><x>3020</x><y>718</y><time>15-10-20 22:34:52:179</time></pt><pt><x>3020</x><y>2438</y><time>undefined</time></pt><pt><x>1299</x><y>2438</y><time>undefined</time></pt><closed_date>15-10-20 22:34:52:180</closed_date></polygon></object></annotation>