<annotation><filename>m1_s03-04_068_x.jpg</filename><folder>users/joselusava//valeria/sala03y04</folder><source><submittedBy>Jose Saca</submittedBy></source><imagesize><nrows>3200</nrows><ncols>4800</ncols></imagesize><object><name>m1_s03_s04_068_x</name><deleted>0</deleted><verified>0</verified><occluded>no</occluded><attributes></attributes><parts><hasparts></hasparts><ispartof></ispartof></parts><date>28-08-20 19:35:58:253</date><id>0</id><type>bounding_box</type><polygon><username>anonymous</username><pt><x>3796</x><y>3157</y><time>28-08-20 19:35:52:098</time></pt><pt><x>1036</x><y>3157</y><time>28-08-20 19:35:54:397</time></pt><pt><x>1036</x><y>5</y><time>undefined</time></pt><pt><x>3796</x><y>5</y><time>undefined</time></pt><closed_date>28-08-20 19:35:54:398</closed_date></polygon></object></annotation>