<annotation><filename>m1_s02_036_p_ic076.jpg</filename><folder>users/joselusava//valeria/sala2_036_ic</folder><source><submittedBy>Jose Saca</submittedBy></source><imagesize><nrows>3200</nrows><ncols>4800</ncols></imagesize><object><name>m1_s01_036_p_ic076</name><deleted>0</deleted><verified>0</verified><occluded>no</occluded><attributes></attributes><parts><hasparts></hasparts><ispartof></ispartof></parts><date>23-08-20 23:04:40:028</date><id>0</id><type>bounding_box</type><polygon><username>anonymous</username><pt><x>795</x><y>118</y><time>23-08-20 23:04:32:635</time></pt><pt><x>4333</x><y>118</y><time>23-08-20 23:04:36:385</time></pt><pt><x>4333</x><y>3114</y><time>undefined</time></pt><pt><x>795</x><y>3114</y><time>undefined</time></pt><closed_date>23-08-20 23:04:36:386</closed_date></polygon></object></annotation>