<annotation><filename>m4_s04_042_x.jpg</filename><folder>users/joselusava//kath/m4_x</folder><source><submittedBy>Jose Saca</submittedBy></source><imagesize><nrows>2970</nrows><ncols>4451</ncols></imagesize><object><name>m4_s04_042_x</name><deleted>0</deleted><verified>0</verified><occluded>no</occluded><attributes></attributes><parts><hasparts></hasparts><ispartof></ispartof></parts><date>20-10-20 07:14:21:778</date><id>0</id><polygon><username>anonymous</username><pt><x>1360</x><y>312</y><time>20-10-20 07:14:15:591</time></pt><pt><x>1605</x><y>2778</y><time>20-10-20 07:14:16:444</time></pt><pt><x>3215</x><y>2321</y><time>20-10-20 07:14:17:172</time></pt><pt><x>2850</x><y>192</y><time>20-10-20 07:14:18:068</time></pt><closed_date>20-10-20 07:14:19:124</closed_date></polygon></object></annotation>