<annotation><filename>m4_s06_089_p_ic090.jpg</filename><folder>users/joselusava//santiago_2</folder><source><submittedBy>Jose Saca</submittedBy></source><imagesize><nrows>2970</nrows><ncols>4451</ncols></imagesize><object><name>m4_s06_089_p_ic090</name><deleted>0</deleted><verified>0</verified><occluded>no</occluded><attributes></attributes><parts><hasparts></hasparts><ispartof></ispartof></parts><date>11-10-20 22:01:32:789</date><id>0</id><type>bounding_box</type><polygon><username>anonymous</username><pt><x>1535</x><y>523</y><time>11-10-20 22:01:28:283</time></pt><pt><x>2822</x><y>523</y><time>11-10-20 22:01:30:064</time></pt><pt><x>2822</x><y>2765</y><time>undefined</time></pt><pt><x>1535</x><y>2765</y><time>undefined</time></pt><closed_date>11-10-20 22:01:30:065</closed_date></polygon></object></annotation>