<annotation><filename>m1_s02_036_p_nic003.jpg</filename><folder>users/joselusava//valeria/sala2_036_nic</folder><source><submittedBy>Jose Saca</submittedBy></source><imagesize><nrows>3200</nrows><ncols>4800</ncols></imagesize><object><name>m1_s02_036_p_nic003</name><deleted>0</deleted><verified>0</verified><occluded>no</occluded><attributes></attributes><parts><hasparts></hasparts><ispartof></ispartof></parts><date>26-08-20 21:55:14:293</date><id>0</id><type>bounding_box</type><polygon><username>anonymous</username><pt><x>349</x><y>1611</y><time>26-08-20 21:55:08:402</time></pt><pt><x>1101</x><y>1611</y><time>26-08-20 21:55:10:894</time></pt><pt><x>1101</x><y>2749</y><time>undefined</time></pt><pt><x>349</x><y>2749</y><time>undefined</time></pt><closed_date>26-08-20 21:55:10:896</closed_date></polygon></object></annotation>