<annotation><filename>m4_s12_185_p_ic011.jpg</filename><folder>users/joselusava//valeria/m04_s12_185_ic</folder><source><submittedBy>Jose Saca</submittedBy></source><imagesize><nrows>2910</nrows><ncols>4361</ncols></imagesize><object><name>m4_s12_185_p_ic011</name><deleted>0</deleted><verified>0</verified><occluded>no</occluded><attributes></attributes><parts><hasparts></hasparts><ispartof></ispartof></parts><date>17-10-20 14:37:47:127</date><id>0</id><type>bounding_box</type><polygon><username>anonymous</username><pt><x>890</x><y>2574</y><time>17-10-20 14:37:41:147</time></pt><pt><x>3414</x><y>2574</y><time>17-10-20 14:37:43:494</time></pt><pt><x>3414</x><y>313</y><time>undefined</time></pt><pt><x>890</x><y>313</y><time>undefined</time></pt><closed_date>17-10-20 14:37:43:495</closed_date></polygon></object></annotation>