<annotation><filename>m4_s04_045_p_nic026.jpg</filename><folder>users/joselusava//valeria/m04_s04_45_nic</folder><source><submittedBy>Jose Saca</submittedBy></source><imagesize><nrows>2970</nrows><ncols>4451</ncols></imagesize><object><name>m4_s04_045_p_nic026</name><deleted>0</deleted><verified>0</verified><occluded>no</occluded><attributes></attributes><parts><hasparts></hasparts><ispartof></ispartof></parts><date>20-10-20 00:26:59:595</date><id>0</id><type>bounding_box</type><polygon><username>anonymous</username><pt><x>1571</x><y>2884</y><time>20-10-20 00:26:54:577</time></pt><pt><x>2553</x><y>2884</y><time>20-10-20 00:26:55:940</time></pt><pt><x>2553</x><y>1525</y><time>undefined</time></pt><pt><x>1571</x><y>1525</y><time>undefined</time></pt><closed_date>20-10-20 00:26:55:941</closed_date></polygon></object></annotation>