<annotation><filename>m4_s04_039_p_ic088.jpg</filename><folder>users/joselusava//santiago_2</folder><source><submittedBy>Jose Saca</submittedBy></source><imagesize><nrows>2970</nrows><ncols>4451</ncols></imagesize><object><name>m4_s04_039_p_ic088</name><deleted>0</deleted><verified>0</verified><occluded>no</occluded><attributes></attributes><parts><hasparts></hasparts><ispartof></ispartof></parts><date>21-10-20 16:04:27:760</date><id>0</id><type>bounding_box</type><polygon><username>anonymous</username><pt><x>1763</x><y>161</y><time>21-10-20 16:04:21:096</time></pt><pt><x>2545</x><y>161</y><time>21-10-20 16:04:22:578</time></pt><pt><x>2545</x><y>2745</y><time>undefined</time></pt><pt><x>1763</x><y>2745</y><time>undefined</time></pt><closed_date>21-10-20 16:04:22:579</closed_date></polygon></object></annotation>