<annotation><filename>m1_s06_144_p_nic041.jpg</filename><folder>users/joselusava//jacob_2/144nic</folder><source><submittedBy>Jose Saca</submittedBy></source><imagesize><nrows>2736</nrows><ncols>4100</ncols></imagesize><object><name>m1_s06_144_p_nic041</name><deleted>0</deleted><verified>0</verified><occluded>no</occluded><attributes></attributes><parts><hasparts></hasparts><ispartof></ispartof></parts><date>08-09-20 02:10:17:538</date><id>0</id><type>bounding_box</type><polygon><username>anonymous</username><pt><x>1399</x><y>2643</y><time>08-09-20 02:10:14:918</time></pt><pt><x>2733</x><y>2643</y><time>08-09-20 02:10:16:908</time></pt><pt><x>2733</x><y>1056</y><time>undefined</time></pt><pt><x>1399</x><y>1056</y><time>undefined</time></pt><closed_date>08-09-20 02:10:16:908</closed_date></polygon></object></annotation>