<annotation><filename>m4_s02_015_p_ic011.jpg</filename><folder>users/joselusava//m4_js/15ic</folder><source><submittedBy>Jose Saca</submittedBy></source><imagesize><nrows>2910</nrows><ncols>4361</ncols></imagesize><object><name>m4_s02_015_p_ic011</name><deleted>0</deleted><verified>0</verified><occluded>no</occluded><attributes></attributes><parts><hasparts></hasparts><ispartof></ispartof></parts><date>03-10-20 19:09:57:284</date><id>0</id><type>bounding_box</type><polygon><username>anonymous</username><pt><x>3116</x><y>2394</y><time>03-10-20 19:09:54:844</time></pt><pt><x>1384</x><y>2394</y><time>03-10-20 19:09:56:587</time></pt><pt><x>1384</x><y>383</y><time>undefined</time></pt><pt><x>3116</x><y>383</y><time>undefined</time></pt><closed_date>03-10-20 19:09:56:587</closed_date></polygon></object></annotation>