<annotation><filename>m1_s01_021_p_ic068.jpg</filename><folder>users/joselusava//santiago</folder><source><submittedBy>Jose Saca</submittedBy></source><imagesize><nrows>3200</nrows><ncols>4800</ncols></imagesize><object><name>m1_s01_021_p_ic068</name><deleted>0</deleted><verified>0</verified><occluded>no</occluded><attributes></attributes><parts><hasparts></hasparts><ispartof></ispartof></parts><date>14-09-20 23:46:05:112</date><id>0</id><type>bounding_box</type><polygon><username>anonymous</username><pt><x>1595</x><y>594</y><time>14-09-20 23:45:55:587</time></pt><pt><x>3272</x><y>594</y><time>14-09-20 23:45:57:535</time></pt><pt><x>3272</x><y>2383</y><time>undefined</time></pt><pt><x>1595</x><y>2383</y><time>undefined</time></pt><closed_date>14-09-20 23:45:57:537</closed_date></polygon></object></annotation>