<annotation><filename>m1_s06_168_p.jpg</filename><folder>users/joselusava//jacob_2/168ic</folder><source><submittedBy>Jose Saca</submittedBy></source><imagesize><nrows>2736</nrows><ncols>4100</ncols></imagesize><object><name>m1_s06_168_p</name><deleted>0</deleted><verified>0</verified><occluded>no</occluded><attributes></attributes><parts><hasparts></hasparts><ispartof></ispartof></parts><date>08-09-20 14:06:58:965</date><id>0</id><type>bounding_box</type><polygon><username>anonymous</username><pt><x>1125</x><y>2364</y><time>08-09-20 14:06:50:328</time></pt><pt><x>2951</x><y>2364</y><time>08-09-20 14:06:53:898</time></pt><pt><x>2951</x><y>277</y><time>undefined</time></pt><pt><x>1125</x><y>277</y><time>undefined</time></pt><closed_date>08-09-20 14:06:53:898</closed_date></polygon></object></annotation>