<annotation><filename>m4_s05_060_p_nic077.jpg</filename><folder>users/joselusava//m4_js/60/nic</folder><source><submittedBy>Jose Saca</submittedBy></source><imagesize><nrows>2910</nrows><ncols>4361</ncols></imagesize><object><name>m4_s05_060_p_nic077</name><deleted>0</deleted><verified>0</verified><occluded>no</occluded><attributes></attributes><parts><hasparts></hasparts><ispartof></ispartof></parts><date>14-10-20 00:20:35:828</date><id>0</id><type>bounding_box</type><polygon><username>anonymous</username><pt><x>1027</x><y>1732</y><time>14-10-20 00:20:33:271</time></pt><pt><x>4317</x><y>1732</y><time>14-10-20 00:20:34:531</time></pt><pt><x>4317</x><y>26</y><time>undefined</time></pt><pt><x>1027</x><y>26</y><time>undefined</time></pt><closed_date>14-10-20 00:20:34:531</closed_date></polygon></object></annotation>