<annotation><filename>m2_s01_018_p_nic055.jpg</filename><folder>users/joselusava//santiago_2</folder><source><submittedBy>Jose Saca</submittedBy></source><imagesize><nrows>2850</nrows><ncols>4271</ncols></imagesize><object><name>m2_s01_018_p_nic055</name><deleted>0</deleted><verified>0</verified><occluded>no</occluded><attributes></attributes><parts><hasparts></hasparts><ispartof></ispartof></parts><date>28-09-20 22:01:27:678</date><id>0</id><type>bounding_box</type><polygon><username>anonymous</username><pt><x>926</x><y>519</y><time>28-09-20 22:01:21:004</time></pt><pt><x>1385</x><y>519</y><time>28-09-20 22:01:21:696</time></pt><pt><x>1385</x><y>1058</y><time>undefined</time></pt><pt><x>926</x><y>1058</y><time>undefined</time></pt><closed_date>28-09-20 22:01:21:698</closed_date></polygon></object></annotation>