<annotation><filename>m4_s05_052_p_ic063.jpg</filename><folder>users/joselusava//santiago_2</folder><source><submittedBy>Jose Saca</submittedBy></source><imagesize><nrows>2910</nrows><ncols>4361</ncols></imagesize><object><name>m4_s05_052_p_ic063</name><deleted>0</deleted><verified>0</verified><occluded>no</occluded><attributes></attributes><parts><hasparts></hasparts><ispartof></ispartof></parts><date>07-10-20 22:41:09:381</date><id>0</id><type>bounding_box</type><polygon><username>anonymous</username><pt><x>1109</x><y>575</y><time>07-10-20 22:41:05:541</time></pt><pt><x>2959</x><y>575</y><time>07-10-20 22:41:06:971</time></pt><pt><x>2959</x><y>2390</y><time>undefined</time></pt><pt><x>1109</x><y>2390</y><time>undefined</time></pt><closed_date>07-10-20 22:41:06:972</closed_date></polygon></object></annotation>