<annotation><filename>m4_s12_185_p_ic029.jpg</filename><folder>users/joselusava//valeria/m04_s12_185_ic</folder><source><submittedBy>Jose Saca</submittedBy></source><imagesize><nrows>2910</nrows><ncols>4361</ncols></imagesize><object><name>m4_s12_185_p_ic029</name><deleted>0</deleted><verified>0</verified><occluded>no</occluded><attributes></attributes><parts><hasparts></hasparts><ispartof></ispartof></parts><date>17-10-20 16:40:55:726</date><id>0</id><type>bounding_box</type><polygon><username>anonymous</username><pt><x>3766</x><y>2658</y><time>17-10-20 16:40:49:700</time></pt><pt><x>733</x><y>2658</y><time>17-10-20 16:40:52:410</time></pt><pt><x>733</x><y>364</y><time>undefined</time></pt><pt><x>3766</x><y>364</y><time>undefined</time></pt><closed_date>17-10-20 16:40:52:412</closed_date></polygon></object></annotation>