<annotation><filename>m3_s01_002_p_nic026.jpg</filename><folder>users/joselusava//santiago_3</folder><source><submittedBy>Jose Saca</submittedBy></source><imagesize><nrows>2970</nrows><ncols>4451</ncols></imagesize><object><name>m3_s01_002_p_nic026</name><deleted>0</deleted><verified>0</verified><occluded>no</occluded><attributes></attributes><parts><hasparts></hasparts><ispartof></ispartof></parts><date>29-10-20 15:47:40:784</date><id>0</id><type>bounding_box</type><polygon><username>anonymous</username><pt><x>1381</x><y>846</y><time>29-10-20 15:47:36:353</time></pt><pt><x>4166</x><y>846</y><time>29-10-20 15:47:38:116</time></pt><pt><x>4166</x><y>2859</y><time>undefined</time></pt><pt><x>1381</x><y>2859</y><time>undefined</time></pt><closed_date>29-10-20 15:47:38:117</closed_date></polygon></object></annotation>