<annotation><filename>m1_s01_004_p_nic041.jpg</filename><folder>users/joselusava//valeria_apoyo/sala01_004_nic</folder><source><submittedBy>Jose Saca</submittedBy></source><imagesize><nrows>3200</nrows><ncols>4800</ncols></imagesize><object><name>m1_s01_004_p_nic041</name><deleted>0</deleted><verified>0</verified><occluded>no</occluded><attributes></attributes><parts><hasparts></hasparts><ispartof></ispartof></parts><date>16-09-20 21:39:14:813</date><id>0</id><type>bounding_box</type><polygon><username>anonymous</username><pt><x>67</x><y>3164</y><time>16-09-20 21:39:07:036</time></pt><pt><x>3485</x><y>3164</y><time>16-09-20 21:39:10:255</time></pt><pt><x>3485</x><y>1406</y><time>undefined</time></pt><pt><x>67</x><y>1406</y><time>undefined</time></pt><closed_date>16-09-20 21:39:10:256</closed_date></polygon></object></annotation>