<annotation><filename>m1_s06_141_p_nic053.jpg</filename><folder>users/joselusava//jacob_2/141nic</folder><source><submittedBy>Jose Saca</submittedBy></source><imagesize><nrows>2736</nrows><ncols>4100</ncols></imagesize><object><name>m1_s06_141_p_nic053</name><deleted>0</deleted><verified>0</verified><occluded>no</occluded><attributes></attributes><parts><hasparts></hasparts><ispartof></ispartof></parts><date>05-09-20 19:49:18:868</date><id>0</id><type>bounding_box</type><polygon><username>anonymous</username><pt><x>2103</x><y>1060</y><time>05-09-20 19:49:14:573</time></pt><pt><x>1190</x><y>1060</y><time>05-09-20 19:49:16:497</time></pt><pt><x>1190</x><y>2600</y><time>undefined</time></pt><pt><x>2103</x><y>2600</y><time>undefined</time></pt><closed_date>05-09-20 19:49:16:497</closed_date></polygon></object></annotation>