<annotation><filename>m4_s10_154_p_nic076.jpg</filename><folder>users/joselusava//valeria/m04_s10_154_nic</folder><source><submittedBy>Jose Saca</submittedBy></source><imagesize><nrows>2970</nrows><ncols>4451</ncols></imagesize><object><name>m4_s10_154_p_nic076</name><deleted>0</deleted><verified>0</verified><occluded>no</occluded><attributes></attributes><parts><hasparts></hasparts><ispartof></ispartof></parts><date>14-10-20 15:46:58:853</date><id>0</id><type>bounding_box</type><polygon><username>anonymous</username><pt><x>3838</x><y>2085</y><time>14-10-20 15:46:52:670</time></pt><pt><x>2793</x><y>2085</y><time>14-10-20 15:46:54:838</time></pt><pt><x>2793</x><y>657</y><time>undefined</time></pt><pt><x>3838</x><y>657</y><time>undefined</time></pt><closed_date>14-10-20 15:46:54:840</closed_date></polygon></object></annotation>