<annotation><filename>m4_s07_105_p_nic029.jpg</filename><folder>users/joselusava//kath/m4_105/nic</folder><source><submittedBy>Jose Saca</submittedBy></source><imagesize><nrows>2970</nrows><ncols>4451</ncols></imagesize><object><name>m4_s07_105_p_nic029</name><deleted>0</deleted><verified>0</verified><occluded>no</occluded><attributes></attributes><parts><hasparts></hasparts><ispartof></ispartof></parts><date>29-10-20 09:39:13:116</date><id>0</id><type>bounding_box</type><polygon><username>anonymous</username><pt><x>3624</x><y>2859</y><time>29-10-20 09:39:07:652</time></pt><pt><x>2730</x><y>2859</y><time>29-10-20 09:39:09:439</time></pt><pt><x>2730</x><y>1322</y><time>undefined</time></pt><pt><x>3624</x><y>1322</y><time>undefined</time></pt><closed_date>29-10-20 09:39:09:440</closed_date></polygon></object></annotation>