<annotation><filename>m3_s01_018_p_nic030.jpg</filename><folder>users/joselusava//m4_js/18/nic</folder><source><submittedBy>Jose Saca</submittedBy></source><imagesize><nrows>2970</nrows><ncols>4451</ncols></imagesize><object><name>m3_s01_018_p_nic030</name><deleted>0</deleted><verified>0</verified><occluded>no</occluded><attributes></attributes><parts><hasparts></hasparts><ispartof></ispartof></parts><date>05-11-20 14:57:41:391</date><id>0</id><type>bounding_box</type><polygon><username>anonymous</username><pt><x>105</x><y>2957</y><time>05-11-20 14:57:38:883</time></pt><pt><x>3735</x><y>2957</y><time>05-11-20 14:57:40:818</time></pt><pt><x>3735</x><y>873</y><time>undefined</time></pt><pt><x>105</x><y>873</y><time>undefined</time></pt><closed_date>05-11-20 14:57:40:818</closed_date></polygon></object></annotation>