<annotation><filename>m3_s01_010_p_nic029.jpg</filename><folder>users/joselusava//m4_js/m3/10/nic</folder><source><submittedBy>Jose Saca</submittedBy></source><imagesize><nrows>2970</nrows><ncols>4451</ncols></imagesize><object><name>m3_s01_010_p_nic029</name><deleted>0</deleted><verified>0</verified><occluded>no</occluded><attributes></attributes><parts><hasparts></hasparts><ispartof></ispartof></parts><date>29-10-20 13:41:21:789</date><id>0</id><type>bounding_box</type><polygon><username>anonymous</username><pt><x>3610</x><y>2950</y><time>29-10-20 13:41:19:032</time></pt><pt><x>341</x><y>2950</y><time>29-10-20 13:41:21:150</time></pt><pt><x>341</x><y>841</y><time>undefined</time></pt><pt><x>3610</x><y>841</y><time>undefined</time></pt><closed_date>29-10-20 13:41:21:151</closed_date></polygon></object></annotation>