<annotation><filename>m1_s01_021_p_nic015.jpg</filename><folder>users/joselusava//santiago</folder><source><submittedBy>Jose Saca</submittedBy></source><imagesize><nrows>3200</nrows><ncols>4800</ncols></imagesize><object><name>m1_s01_021_p_nic015</name><deleted>0</deleted><verified>0</verified><occluded>no</occluded><attributes></attributes><parts><hasparts></hasparts><ispartof></ispartof></parts><date>15-09-20 15:22:32:881</date><id>0</id><type>bounding_box</type><polygon><username>anonymous</username><pt><x>475</x><y>1616</y><time>15-09-20 15:22:25:444</time></pt><pt><x>1148</x><y>1616</y><time>15-09-20 15:22:26:851</time></pt><pt><x>1148</x><y>2351</y><time>undefined</time></pt><pt><x>475</x><y>2351</y><time>undefined</time></pt><closed_date>15-09-20 15:22:26:852</closed_date></polygon></object></annotation>