<annotation><filename>m3_s01_018_p_ic012.jpg</filename><folder>users/joselusava//m4_js/18/ic</folder><source><submittedBy>Jose Saca</submittedBy></source><imagesize><nrows>2970</nrows><ncols>4451</ncols></imagesize><object><name>m3_s01_018_p_ic012</name><deleted>0</deleted><verified>0</verified><occluded>no</occluded><attributes></attributes><parts><hasparts></hasparts><ispartof></ispartof></parts><date>05-11-20 10:18:46:227</date><id>0</id><type>bounding_box</type><polygon><username>anonymous</username><pt><x>4051</x><y>2683</y><time>05-11-20 10:18:44:109</time></pt><pt><x>168</x><y>2683</y><time>05-11-20 10:18:45:582</time></pt><pt><x>168</x><y>589</y><time>undefined</time></pt><pt><x>4051</x><y>589</y><time>undefined</time></pt><closed_date>05-11-20 10:18:45:582</closed_date></polygon></object></annotation>