<annotation><filename>m1_s02_065_p_ic034.jpg</filename><folder>users/joselusava//valeria/sala2_065_ic</folder><source><submittedBy>Jose Saca</submittedBy></source><imagesize><nrows>2000</nrows><ncols>2992</ncols></imagesize><object><name>m1_s02_065_p_ic034</name><deleted>0</deleted><verified>0</verified><occluded>no</occluded><attributes></attributes><parts><hasparts></hasparts><ispartof></ispartof></parts><date>25-08-20 22:45:26:429</date><id>0</id><type>bounding_box</type><polygon><username>anonymous</username><pt><x>138</x><y>161</y><time>25-08-20 22:45:18:800</time></pt><pt><x>2792</x><y>161</y><time>25-08-20 22:45:21:982</time></pt><pt><x>2792</x><y>1836</y><time>undefined</time></pt><pt><x>138</x><y>1836</y><time>undefined</time></pt><closed_date>25-08-20 22:45:21:982</closed_date></polygon></object></annotation>