<annotation><filename>m4_s06_082_x.jpg</filename><folder>users/joselusava//kath/m4_x</folder><source><submittedBy>Jose Saca</submittedBy></source><imagesize><nrows>2970</nrows><ncols>4451</ncols></imagesize><object><name>m4_s06_082_x</name><deleted>0</deleted><verified>0</verified><occluded>no</occluded><attributes></attributes><parts><hasparts></hasparts><ispartof></ispartof></parts><date>20-10-20 09:46:39:972</date><id>0</id><polygon><username>anonymous</username><pt><x>1293</x><y>14</y><time>20-10-20 09:46:33:004</time></pt><pt><x>1355</x><y>2730</y><time>20-10-20 09:46:33:816</time></pt><pt><x>3181</x><y>2710</y><time>20-10-20 09:46:34:684</time></pt><pt><x>2980</x><y>34</y><time>20-10-20 09:46:36:117</time></pt><closed_date>20-10-20 09:46:37:473</closed_date></polygon></object></annotation>