<annotation><filename>m2_s01_058_p_nic100.jpg</filename><folder>users/joselusava//m2_jsv/58/nic</folder><source><submittedBy>Jose Saca</submittedBy></source><imagesize><nrows>2850</nrows><ncols>4271</ncols></imagesize><object><name>m2_s01_058_p_nic100</name><deleted>0</deleted><verified>0</verified><occluded>no</occluded><attributes></attributes><parts><hasparts></hasparts><ispartof></ispartof></parts><date>29-09-20 23:30:10:790</date><id>0</id><type>bounding_box</type><polygon><username>anonymous</username><pt><x>2003</x><y>1995</y><time>29-09-20 23:30:09:035</time></pt><pt><x>358</x><y>1995</y><time>29-09-20 23:30:10:207</time></pt><pt><x>358</x><y>520</y><time>undefined</time></pt><pt><x>2003</x><y>520</y><time>undefined</time></pt><closed_date>29-09-20 23:30:10:207</closed_date></polygon></object></annotation>