<annotation><filename>m2_s05_236_p_nic004.jpg</filename><folder>users/joselusava//museos2020</folder><source><submittedBy>Jose Saca</submittedBy></source><imagesize><nrows>2910</nrows><ncols>4361</ncols></imagesize><object><name>m2_s05_236_p_nic004</name><deleted>0</deleted><verified>0</verified><occluded>no</occluded><attributes></attributes><parts><hasparts></hasparts><ispartof></ispartof></parts><date>16-09-20 20:17:36:309</date><id>0</id><type>bounding_box</type><polygon><username>anonymous</username><pt><x>1692</x><y>139</y><time>16-09-20 20:17:22:598</time></pt><pt><x>4202</x><y>139</y><time>16-09-20 20:17:32:812</time></pt><pt><x>4202</x><y>1920</y><time>undefined</time></pt><pt><x>1692</x><y>1920</y><time>undefined</time></pt><closed_date>16-09-20 20:17:32:813</closed_date></polygon></object></annotation>