<annotation><filename>m3_s01_013_p_nic058.jpg</filename><folder>users/joselusava//valeria/m03_s01_13_nic</folder><source><submittedBy>Jose Saca</submittedBy></source><imagesize><nrows>2970</nrows><ncols>4451</ncols></imagesize><object><name>m3_s01_013_p_nic058</name><deleted>0</deleted><verified>0</verified><occluded>no</occluded><attributes></attributes><parts><hasparts></hasparts><ispartof></ispartof></parts><date>06-11-20 23:40:20:166</date><id>0</id><type>bounding_box</type><polygon><username>anonymous</username><pt><x>3981</x><y>2485</y><time>06-11-20 23:40:14:033</time></pt><pt><x>2165</x><y>2485</y><time>06-11-20 23:40:17:104</time></pt><pt><x>2165</x><y>280</y><time>undefined</time></pt><pt><x>3981</x><y>280</y><time>undefined</time></pt><closed_date>06-11-20 23:40:17:105</closed_date></polygon></object></annotation>