<annotation><filename>m2_s06_244_p_nic015.jpg</filename><folder>users/joselusava//museos2020</folder><source><submittedBy>Jose Saca</submittedBy></source><imagesize><nrows>2910</nrows><ncols>4361</ncols></imagesize><object><name>m2_s06_244_p_nic015</name><deleted>0</deleted><verified>0</verified><occluded>no</occluded><attributes></attributes><parts><hasparts></hasparts><ispartof></ispartof></parts><date>24-09-20 19:56:54:106</date><id>0</id><type>bounding_box</type><polygon><username>anonymous</username><pt><x>288</x><y>1250</y><time>24-09-20 19:56:44:218</time></pt><pt><x>2022</x><y>1250</y><time>24-09-20 19:56:45:319</time></pt><pt><x>2022</x><y>2055</y><time>undefined</time></pt><pt><x>288</x><y>2055</y><time>undefined</time></pt><closed_date>24-09-20 19:56:45:320</closed_date></polygon></object></annotation>