<annotation><filename>m2_s01_054_p_ic020.jpg</filename><folder>users/joselusava//kath</folder><source><submittedBy>Jose Saca</submittedBy></source><imagesize><nrows>2850</nrows><ncols>4271</ncols></imagesize><object><name>m2_s01_054_p_ic020</name><deleted>0</deleted><verified>0</verified><occluded>no</occluded><attributes></attributes><parts><hasparts></hasparts><ispartof></ispartof></parts><date>29-09-20 21:41:53:383</date><id>0</id><type>bounding_box</type><polygon><username>anonymous</username><pt><x>1214</x><y>386</y><time>29-09-20 21:41:42:940</time></pt><pt><x>2850</x><y>386</y><time>29-09-20 21:41:48:977</time></pt><pt><x>2850</x><y>2569</y><time>undefined</time></pt><pt><x>1214</x><y>2569</y><time>undefined</time></pt><closed_date>29-09-20 21:41:48:977</closed_date></polygon></object></annotation>