<annotation><filename>m4_s04_037_p_ic100.jpg</filename><folder>users/joselusava//santiago_2</folder><source><submittedBy>Jose Saca</submittedBy></source><imagesize><nrows>2970</nrows><ncols>4451</ncols></imagesize><object><name>m4_s04_037_p_ic100</name><deleted>0</deleted><verified>0</verified><occluded>no</occluded><attributes></attributes><parts><hasparts></hasparts><ispartof></ispartof></parts><date>18-10-20 22:36:16:185</date><id>0</id><type>bounding_box</type><polygon><username>anonymous</username><pt><x>1638</x><y>643</y><time>18-10-20 22:36:12:795</time></pt><pt><x>2899</x><y>643</y><time>18-10-20 22:36:14:025</time></pt><pt><x>2899</x><y>2381</y><time>undefined</time></pt><pt><x>1638</x><y>2381</y><time>undefined</time></pt><closed_date>18-10-20 22:36:14:026</closed_date></polygon></object></annotation>