<annotation><filename>m1_s02_052_p_nic009.jpg</filename><folder>users/joselusava//valeria/sala2_052_nic</folder><source><submittedBy>Jose Saca</submittedBy></source><imagesize><nrows>3200</nrows><ncols>4800</ncols></imagesize><object><name>m1_s02_052_p_nic009</name><deleted>0</deleted><verified>0</verified><occluded>no</occluded><attributes></attributes><parts><hasparts></hasparts><ispartof></ispartof></parts><date>27-08-20 13:51:36:505</date><id>0</id><type>bounding_box</type><polygon><username>anonymous</username><pt><x>1573</x><y>1686</y><time>27-08-20 13:51:29:254</time></pt><pt><x>762</x><y>1686</y><time>27-08-20 13:51:32:658</time></pt><pt><x>762</x><y>515</y><time>undefined</time></pt><pt><x>1573</x><y>515</y><time>undefined</time></pt><closed_date>27-08-20 13:51:32:660</closed_date></polygon></object></annotation>