<annotation><filename>m4_s11_178_p_nic066.jpg</filename><folder>users/joselusava//santiago_2</folder><source><submittedBy>Jose Saca</submittedBy></source><imagesize><nrows>2970</nrows><ncols>4451</ncols></imagesize><object><name>m4_s11_178_p_nic066</name><deleted>0</deleted><verified>0</verified><occluded>no</occluded><attributes></attributes><parts><hasparts></hasparts><ispartof></ispartof></parts><date>16-10-20 11:28:33:635</date><id>0</id><type>bounding_box</type><polygon><username>anonymous</username><pt><x>493</x><y>767</y><time>16-10-20 11:28:30:322</time></pt><pt><x>1606</x><y>767</y><time>16-10-20 11:28:31:631</time></pt><pt><x>1606</x><y>2035</y><time>undefined</time></pt><pt><x>493</x><y>2035</y><time>undefined</time></pt><closed_date>16-10-20 11:28:31:633</closed_date></polygon></object></annotation>