<annotation><filename>m4_s04_039_p_ic036.jpg</filename><folder>users/joselusava//santiago_2</folder><source><submittedBy>Jose Saca</submittedBy></source><imagesize><nrows>2970</nrows><ncols>4451</ncols></imagesize><object><name>m4_s04_039_p_ic036</name><deleted>0</deleted><verified>0</verified><occluded>no</occluded><attributes></attributes><parts><hasparts></hasparts><ispartof></ispartof></parts><date>20-10-20 21:43:20:757</date><id>0</id><type>bounding_box</type><polygon><username>anonymous</username><pt><x>1846</x><y>178</y><time>20-10-20 21:43:17:519</time></pt><pt><x>2702</x><y>178</y><time>20-10-20 21:43:18:889</time></pt><pt><x>2702</x><y>2899</y><time>undefined</time></pt><pt><x>1846</x><y>2899</y><time>undefined</time></pt><closed_date>20-10-20 21:43:18:889</closed_date></polygon></object></annotation>