<annotation><filename>m2_s01_010_p_nic020.jpg</filename><folder>users/joselusava//santiago</folder><source><submittedBy>Jose Saca</submittedBy></source><imagesize><nrows>2850</nrows><ncols>4271</ncols></imagesize><object><name>m2_s01_010_p_nic020</name><deleted>0</deleted><verified>0</verified><occluded>no</occluded><attributes></attributes><parts><hasparts></hasparts><ispartof></ispartof></parts><date>22-09-20 20:13:32:700</date><id>0</id><type>bounding_box</type><polygon><username>anonymous</username><pt><x>1882</x><y>1471</y><time>22-09-20 20:13:25:315</time></pt><pt><x>2757</x><y>1471</y><time>22-09-20 20:13:26:464</time></pt><pt><x>2757</x><y>2485</y><time>undefined</time></pt><pt><x>1882</x><y>2485</y><time>undefined</time></pt><closed_date>22-09-20 20:13:26:465</closed_date></polygon></object></annotation>