<annotation><filename>m1_s01_017_p_ic069.jpg</filename><folder>users/joselusava//santiago</folder><source><submittedBy>Jose Saca</submittedBy></source><imagesize><nrows>3200</nrows><ncols>4800</ncols></imagesize><object><name>m1_s01_017_p_ic069</name><deleted>0</deleted><verified>0</verified><occluded>no</occluded><attributes></attributes><parts><hasparts></hasparts><ispartof></ispartof></parts><date>10-09-20 22:48:34:852</date><id>0</id><type>bounding_box</type><polygon><username>anonymous</username><pt><x>1307</x><y>655</y><time>10-09-20 22:48:26:830</time></pt><pt><x>3272</x><y>655</y><time>10-09-20 22:48:28:968</time></pt><pt><x>3272</x><y>2175</y><time>undefined</time></pt><pt><x>1307</x><y>2175</y><time>undefined</time></pt><closed_date>10-09-20 22:48:28:969</closed_date></polygon></object></annotation>