<annotation><filename>m2_s06_250_p_ic004.jpg</filename><folder>users/joselusava//valeria/m2_sala06_250_ic</folder><source><submittedBy>Jose Saca</submittedBy></source><imagesize><nrows>2910</nrows><ncols>4361</ncols></imagesize><object><name>m2_s06_250_p_ic004</name><deleted>0</deleted><verified>0</verified><occluded>no</occluded><attributes></attributes><parts><hasparts></hasparts><ispartof></ispartof></parts><date>30-09-20 22:04:24:008</date><id>0</id><type>bounding_box</type><polygon><username>anonymous</username><pt><x>160</x><y>1890</y><time>30-09-20 22:04:18:395</time></pt><pt><x>4128</x><y>1890</y><time>30-09-20 22:04:20:286</time></pt><pt><x>4128</x><y>987</y><time>undefined</time></pt><pt><x>160</x><y>987</y><time>undefined</time></pt><closed_date>30-09-20 22:04:20:289</closed_date></polygon></object></annotation>