<annotation><filename>m2_s03_248_p_ic078.jpg</filename><folder>users/joselusava//museos2020</folder><source><submittedBy>Jose Saca</submittedBy></source><imagesize><nrows>2910</nrows><ncols>4361</ncols></imagesize><object><name>m2_s03_248_p_ic078</name><deleted>0</deleted><verified>0</verified><occluded>no</occluded><attributes></attributes><parts><hasparts></hasparts><ispartof></ispartof></parts><date>27-09-20 09:06:35:084</date><id>0</id><type>bounding_box</type><polygon><username>anonymous</username><pt><x>19</x><y>256</y><time>27-09-20 09:06:28:461</time></pt><pt><x>3882</x><y>256</y><time>27-09-20 09:06:29:787</time></pt><pt><x>3882</x><y>2403</y><time>undefined</time></pt><pt><x>19</x><y>2403</y><time>undefined</time></pt><closed_date>27-09-20 09:06:29:788</closed_date></polygon></object></annotation>