<annotation><filename>m4_s11_176_p_nic012.jpg</filename><folder>users/joselusava//m4_js/176/nic</folder><source><submittedBy>Jose Saca</submittedBy></source><imagesize><nrows>2970</nrows><ncols>4451</ncols></imagesize><object><name>m4_s11_176_p_nic012</name><deleted>0</deleted><verified>0</verified><occluded>no</occluded><attributes></attributes><parts><hasparts></hasparts><ispartof></ispartof></parts><date>15-10-20 11:26:50:284</date><id>0</id><type>bounding_box</type><polygon><username>anonymous</username><pt><x>3053</x><y>1894</y><time>15-10-20 11:26:48:442</time></pt><pt><x>814</x><y>1894</y><time>15-10-20 11:26:49:466</time></pt><pt><x>814</x><y>18</y><time>undefined</time></pt><pt><x>3053</x><y>18</y><time>undefined</time></pt><closed_date>15-10-20 11:26:49:467</closed_date></polygon></object></annotation>