<annotation><filename>m2_s03_201_p_ic052.jpg</filename><folder>users/joselusava//eg</folder><source><submittedBy>Jose Saca</submittedBy></source><imagesize><nrows>2910</nrows><ncols>4361</ncols></imagesize><object><name>m2_s03_201_p_ic052</name><deleted>0</deleted><verified>0</verified><occluded>no</occluded><attributes></attributes><parts><hasparts></hasparts><ispartof></ispartof></parts><date>17-09-20 07:20:09:771</date><id>0</id><type>bounding_box</type><polygon><username>anonymous</username><pt><x>925</x><y>222</y><time>17-09-20 07:19:53:666</time></pt><pt><x>3311</x><y>222</y><time>17-09-20 07:19:54:830</time></pt><pt><x>3311</x><y>2537</y><time>undefined</time></pt><pt><x>925</x><y>2537</y><time>undefined</time></pt><closed_date>17-09-20 07:19:54:831</closed_date></polygon></object></annotation>