<annotation><filename>m4_s10_154_p_ic013.jpg</filename><folder>users/joselusava//valeria/m04_s10_154_ic</folder><source><submittedBy>Jose Saca</submittedBy></source><imagesize><nrows>2970</nrows><ncols>4451</ncols></imagesize><object><name>m4_s10_154_p_ic013</name><deleted>0</deleted><verified>0</verified><occluded>no</occluded><attributes></attributes><parts><hasparts></hasparts><ispartof></ispartof></parts><date>13-10-20 17:16:05:827</date><id>0</id><type>bounding_box</type><polygon><username>anonymous</username><pt><x>1136</x><y>2694</y><time>13-10-20 17:15:59:117</time></pt><pt><x>3060</x><y>2694</y><time>13-10-20 17:16:02:176</time></pt><pt><x>3060</x><y>315</y><time>undefined</time></pt><pt><x>1136</x><y>315</y><time>undefined</time></pt><closed_date>13-10-20 17:16:02:177</closed_date></polygon></object></annotation>