<annotation><filename>m2_s01_058_p_ic096.jpg</filename><folder>users/joselusava//m2_jsv/58/ic</folder><source><submittedBy>Jose Saca</submittedBy></source><imagesize><nrows>2850</nrows><ncols>4271</ncols></imagesize><object><name>m2_s01_058_p_ic096</name><deleted>0</deleted><verified>0</verified><occluded>no</occluded><attributes></attributes><parts><hasparts></hasparts><ispartof></ispartof></parts><date>29-09-20 21:02:40:443</date><id>0</id><type>bounding_box</type><polygon><username>anonymous</username><pt><x>3563</x><y>435</y><time>29-09-20 21:02:38:312</time></pt><pt><x>153</x><y>435</y><time>29-09-20 21:02:39:475</time></pt><pt><x>153</x><y>2745</y><time>undefined</time></pt><pt><x>3563</x><y>2745</y><time>undefined</time></pt><closed_date>29-09-20 21:02:39:475</closed_date></polygon></object></annotation>