<annotation><filename>m1_s06_141_p_nic070.jpg</filename><folder>users/joselusava//jacob_2/141nic</folder><source><submittedBy>Jose Saca</submittedBy></source><imagesize><nrows>2736</nrows><ncols>4100</ncols></imagesize><object><name>m1_s06_141_p_nic070</name><deleted>0</deleted><verified>0</verified><occluded>no</occluded><attributes></attributes><parts><hasparts></hasparts><ispartof></ispartof></parts><date>05-09-20 19:58:14:612</date><id>0</id><type>bounding_box</type><polygon><username>anonymous</username><pt><x>1125</x><y>228</y><time>05-09-20 19:58:12:633</time></pt><pt><x>1891</x><y>228</y><time>05-09-20 19:58:14:080</time></pt><pt><x>1891</x><y>1712</y><time>undefined</time></pt><pt><x>1125</x><y>1712</y><time>undefined</time></pt><closed_date>05-09-20 19:58:14:081</closed_date></polygon></object></annotation>