<annotation><filename>m1_s06_168_p_ic099.jpg</filename><folder>users/joselusava//jacob_2/168ic</folder><source><submittedBy>Jose Saca</submittedBy></source><imagesize><nrows>2736</nrows><ncols>4100</ncols></imagesize><object><name>m1_s06_168_p_ic099</name><deleted>0</deleted><verified>0</verified><occluded>no</occluded><attributes></attributes><parts><hasparts></hasparts><ispartof></ispartof></parts><date>08-09-20 22:55:50:323</date><id>0</id><type>bounding_box</type><polygon><username>anonymous</username><pt><x>1498</x><y>2431</y><time>08-09-20 22:55:48:022</time></pt><pt><x>2373</x><y>2431</y><time>08-09-20 22:55:49:532</time></pt><pt><x>2373</x><y>385</y><time>undefined</time></pt><pt><x>1498</x><y>385</y><time>undefined</time></pt><closed_date>08-09-20 22:55:49:533</closed_date></polygon></object></annotation>