<annotation><filename>m3_s01_010_p_ic013.jpg</filename><folder>users/joselusava//m4_js/m3/10/ic</folder><source><submittedBy>Jose Saca</submittedBy></source><imagesize><nrows>2970</nrows><ncols>4451</ncols></imagesize><object><name>m3_s01_010_p_ic013</name><deleted>0</deleted><verified>0</verified><occluded>no</occluded><attributes></attributes><parts><hasparts></hasparts><ispartof></ispartof></parts><date>29-10-20 10:10:29:591</date><id>0</id><type>bounding_box</type><polygon><username>anonymous</username><pt><x>3215</x><y>2765</y><time>29-10-20 10:10:27:609</time></pt><pt><x>586</x><y>2765</y><time>29-10-20 10:10:28:792</time></pt><pt><x>586</x><y>272</y><time>undefined</time></pt><pt><x>3215</x><y>272</y><time>undefined</time></pt><closed_date>29-10-20 10:10:28:793</closed_date></polygon></object></annotation>