<annotation><filename>m1_s02_036_p_nic002.jpg</filename><folder>users/joselusava//valeria/sala2_036_nic</folder><source><submittedBy>Jose Saca</submittedBy></source><imagesize><nrows>3200</nrows><ncols>4800</ncols></imagesize><object><name>m1_s02_036_p_nic002</name><deleted>0</deleted><verified>0</verified><occluded>no</occluded><attributes></attributes><parts><hasparts></hasparts><ispartof></ispartof></parts><date>26-08-20 21:53:18:769</date><id>0</id><type>bounding_box</type><polygon><username>anonymous</username><pt><x>274</x><y>1756</y><time>26-08-20 21:53:02:982</time></pt><pt><x>1085</x><y>1756</y><time>26-08-20 21:53:06:466</time></pt><pt><x>1085</x><y>2974</y><time>undefined</time></pt><pt><x>274</x><y>2974</y><time>undefined</time></pt><closed_date>26-08-20 21:53:06:467</closed_date></polygon></object></annotation>