<annotation><filename>m4_s04_045_p_ic063.jpg</filename><folder>users/joselusava//valeria/m04_s04_45_ic</folder><source><submittedBy>Jose Saca</submittedBy></source><imagesize><nrows>2970</nrows><ncols>4451</ncols></imagesize><object><name>m4_s04_045_p_ic063</name><deleted>0</deleted><verified>0</verified><occluded>no</occluded><attributes></attributes><parts><hasparts></hasparts><ispartof></ispartof></parts><date>19-10-20 19:51:28:077</date><id>0</id><type>bounding_box</type><polygon><username>anonymous</username><pt><x>1731</x><y>2245</y><time>19-10-20 19:51:23:256</time></pt><pt><x>2804</x><y>2245</y><time>19-10-20 19:51:24:968</time></pt><pt><x>2804</x><y>548</y><time>undefined</time></pt><pt><x>1731</x><y>548</y><time>undefined</time></pt><closed_date>19-10-20 19:51:24:969</closed_date></polygon></object></annotation>