<annotation><filename>m4_s05_060_p_ic089.jpg</filename><folder>users/joselusava//m4_js/60/ic</folder><source><submittedBy>Jose Saca</submittedBy></source><imagesize><nrows>2910</nrows><ncols>4361</ncols></imagesize><object><name>m4_s05_060_p_ic089</name><deleted>0</deleted><verified>0</verified><occluded>no</occluded><attributes></attributes><parts><hasparts></hasparts><ispartof></ispartof></parts><date>13-10-20 16:08:12:575</date><id>0</id><type>bounding_box</type><polygon><username>anonymous</username><pt><x>4265</x><y>2472</y><time>13-10-20 16:08:09:306</time></pt><pt><x>61</x><y>2472</y><time>13-10-20 16:08:11:746</time></pt><pt><x>61</x><y>566</y><time>undefined</time></pt><pt><x>4265</x><y>566</y><time>undefined</time></pt><closed_date>13-10-20 16:08:11:746</closed_date></polygon></object></annotation>