<annotation><filename>m2_s03_219_p_nic096.jpg</filename><folder>users/joselusava//valeria/m2_sala03_219_nic</folder><source><submittedBy>Jose Saca</submittedBy></source><imagesize><nrows>2910</nrows><ncols>4361</ncols></imagesize><object><name>m2_s03_219_p_nic096</name><deleted>0</deleted><verified>0</verified><occluded>no</occluded><attributes></attributes><parts><hasparts></hasparts><ispartof></ispartof></parts><date>29-09-20 19:56:28:457</date><id>0</id><type>bounding_box</type><polygon><username>anonymous</username><pt><x>689</x><y>2188</y><time>29-09-20 19:56:23:632</time></pt><pt><x>2552</x><y>2188</y><time>29-09-20 19:56:25:184</time></pt><pt><x>2552</x><y>568</y><time>undefined</time></pt><pt><x>689</x><y>568</y><time>undefined</time></pt><closed_date>29-09-20 19:56:25:185</closed_date></polygon></object></annotation>