<annotation><filename>m4_s10_164_p_nic089.jpg</filename><folder>users/joselusava//santiago_2</folder><source><submittedBy>Jose Saca</submittedBy></source><imagesize><nrows>2970</nrows><ncols>4451</ncols></imagesize><object><name>m4_s10_164_p_nic089</name><deleted>0</deleted><verified>0</verified><occluded>no</occluded><attributes></attributes><parts><hasparts></hasparts><ispartof></ispartof></parts><date>14-10-20 16:21:45:204</date><id>0</id><type>bounding_box</type><polygon><username>anonymous</username><pt><x>1981</x><y>2045</y><time>14-10-20 16:21:43:139</time></pt><pt><x>2456</x><y>2045</y><time>14-10-20 16:21:43:714</time></pt><pt><x>2456</x><y>2552</y><time>undefined</time></pt><pt><x>1981</x><y>2552</y><time>undefined</time></pt><closed_date>14-10-20 16:21:43:716</closed_date></polygon></object></annotation>