<annotation><filename>m1_s02_036_p_nic028.jpg</filename><folder>users/joselusava//valeria/sala2_036_nic</folder><source><submittedBy>Jose Saca</submittedBy></source><imagesize><nrows>3200</nrows><ncols>4800</ncols></imagesize><object><name>m1_s02_036_p_nic028</name><deleted>0</deleted><verified>0</verified><occluded>no</occluded><attributes></attributes><parts><hasparts></hasparts><ispartof></ispartof></parts><date>26-08-20 22:56:24:502</date><id>0</id><type>bounding_box</type><polygon><username>anonymous</username><pt><x>3393</x><y>1820</y><time>26-08-20 22:56:16:565</time></pt><pt><x>4762</x><y>1820</y><time>26-08-20 22:56:20:977</time></pt><pt><x>4762</x><y>2991</y><time>undefined</time></pt><pt><x>3393</x><y>2991</y><time>undefined</time></pt><closed_date>26-08-20 22:56:20:979</closed_date></polygon></object></annotation>