<annotation><filename>m4_s02_015_p_nic016.jpg</filename><folder>users/joselusava//m4_js/15nic</folder><source><submittedBy>Jose Saca</submittedBy></source><imagesize><nrows>2910</nrows><ncols>4361</ncols></imagesize><object><name>m4_s02_015_p_nic016</name><deleted>0</deleted><verified>0</verified><occluded>no</occluded><attributes></attributes><parts><hasparts></hasparts><ispartof></ispartof></parts><date>06-10-20 19:41:55:039</date><id>0</id><type>bounding_box</type><polygon><username>anonymous</username><pt><x>2481</x><y>1462</y><time>06-10-20 19:41:52:637</time></pt><pt><x>3447</x><y>1462</y><time>06-10-20 19:41:54:114</time></pt><pt><x>3447</x><y>252</y><time>undefined</time></pt><pt><x>2481</x><y>252</y><time>undefined</time></pt><closed_date>06-10-20 19:41:54:115</closed_date></polygon></object></annotation>