<annotation><filename>m4_s12_185_p_nic083.jpg</filename><folder>users/joselusava//valeria/m04_s12_185_nic</folder><source><submittedBy>Jose Saca</submittedBy></source><imagesize><nrows>2910</nrows><ncols>4361</ncols></imagesize><object><name>m4_s12_185_p_nic083</name><deleted>0</deleted><verified>0</verified><occluded>no</occluded><attributes></attributes><parts><hasparts></hasparts><ispartof></ispartof></parts><date>17-10-20 23:52:57:248</date><id>0</id><type>bounding_box</type><polygon><username>anonymous</username><pt><x>1119</x><y>2429</y><time>17-10-20 23:52:48:253</time></pt><pt><x>4203</x><y>2429</y><time>17-10-20 23:52:52:844</time></pt><pt><x>4203</x><y>118</y><time>undefined</time></pt><pt><x>1119</x><y>118</y><time>undefined</time></pt><closed_date>17-10-20 23:52:52:845</closed_date></polygon></object></annotation>