<annotation><filename>m2_s01_034_p_ic071.jpg</filename><folder>users/joselusava//kath</folder><source><submittedBy>Jose Saca</submittedBy></source><imagesize><nrows>2850</nrows><ncols>4271</ncols></imagesize><object><name>m2_s01_034_p_ic071</name><deleted>0</deleted><verified>0</verified><occluded>no</occluded><attributes></attributes><parts><hasparts></hasparts><ispartof></ispartof></parts><date>25-09-20 16:41:13:487</date><id>0</id><type>bounding_box</type><polygon><username>anonymous</username><pt><x>1282</x><y>129</y><time>25-09-20 16:41:04:875</time></pt><pt><x>2850</x><y>129</y><time>25-09-20 16:41:09:655</time></pt><pt><x>2850</x><y>2628</y><time>undefined</time></pt><pt><x>1282</x><y>2628</y><time>undefined</time></pt><closed_date>25-09-20 16:41:09:657</closed_date></polygon></object></annotation>