<annotation><filename>m2_s06_250_p_ic097.jpg</filename><folder>users/joselusava//valeria/m2_sala06_250_ic</folder><source><submittedBy>Jose Saca</submittedBy></source><imagesize><nrows>2910</nrows><ncols>4361</ncols></imagesize><object><name>m2_s06_250_p_ic096</name><deleted>0</deleted><verified>0</verified><occluded>no</occluded><attributes></attributes><parts><hasparts></hasparts><ispartof></ispartof></parts><date>01-10-20 12:16:38:216</date><id>0</id><type>bounding_box</type><polygon><username>anonymous</username><pt><x>3836</x><y>2133</y><time>01-10-20 12:16:30:589</time></pt><pt><x>331</x><y>2133</y><time>01-10-20 12:16:33:781</time></pt><pt><x>331</x><y>1047</y><time>undefined</time></pt><pt><x>3836</x><y>1047</y><time>undefined</time></pt><closed_date>01-10-20 12:16:33:782</closed_date></polygon></object></annotation>