<annotation><filename>m4_s10_164_p_nic078.jpg</filename><folder>users/joselusava//santiago_2</folder><source><submittedBy>Jose Saca</submittedBy></source><imagesize><nrows>2970</nrows><ncols>4451</ncols></imagesize><object><name>m4_s10_164_p_nic078</name><deleted>0</deleted><verified>0</verified><occluded>no</occluded><attributes></attributes><parts><hasparts></hasparts><ispartof></ispartof></parts><date>14-10-20 16:15:08:228</date><id>0</id><type>bounding_box</type><polygon><username>anonymous</username><pt><x>1285</x><y>336</y><time>14-10-20 16:15:05:713</time></pt><pt><x>1781</x><y>336</y><time>14-10-20 16:15:06:408</time></pt><pt><x>1781</x><y>967</y><time>undefined</time></pt><pt><x>1285</x><y>967</y><time>undefined</time></pt><closed_date>14-10-20 16:15:06:409</closed_date></polygon></object></annotation>