<annotation><filename>m2_s06_250_p_ic056.jpg</filename><folder>users/joselusava//valeria/m2_sala06_250_ic</folder><source><submittedBy>Jose Saca</submittedBy></source><imagesize><nrows>2910</nrows><ncols>4361</ncols></imagesize><object><name>m2_s06_250_p_ic056</name><deleted>0</deleted><verified>0</verified><occluded>no</occluded><attributes></attributes><parts><hasparts></hasparts><ispartof></ispartof></parts><date>30-09-20 23:44:05:074</date><id>0</id><type>bounding_box</type><polygon><username>anonymous</username><pt><x>3753</x><y>2017</y><time>30-09-20 23:43:58:555</time></pt><pt><x>716</x><y>2017</y><time>30-09-20 23:44:01:178</time></pt><pt><x>716</x><y>777</y><time>undefined</time></pt><pt><x>3753</x><y>777</y><time>undefined</time></pt><closed_date>30-09-20 23:44:01:180</closed_date></polygon></object></annotation>