<annotation><filename>m4_s10_164_p_ic023.jpg</filename><folder>users/joselusava//santiago_2</folder><source><submittedBy>Jose Saca</submittedBy></source><imagesize><nrows>2970</nrows><ncols>4451</ncols></imagesize><object><name>m4_s10_164_p_ic023</name><deleted>0</deleted><verified>0</verified><occluded>no</occluded><attributes></attributes><parts><hasparts></hasparts><ispartof></ispartof></parts><date>13-10-20 22:15:27:709</date><id>0</id><type>bounding_box</type><polygon><username>anonymous</username><pt><x>1821</x><y>882</y><time>13-10-20 22:15:24:512</time></pt><pt><x>2592</x><y>882</y><time>13-10-20 22:15:25:372</time></pt><pt><x>2592</x><y>1842</y><time>undefined</time></pt><pt><x>1821</x><y>1842</y><time>undefined</time></pt><closed_date>13-10-20 22:15:25:374</closed_date></polygon></object></annotation>