<annotation><filename>m2_s03_219_p_nic052.jpg</filename><folder>users/joselusava//valeria/m2_sala03_219_nic</folder><source><submittedBy>Jose Saca</submittedBy></source><imagesize><nrows>2910</nrows><ncols>4361</ncols></imagesize><object><name>m2_s03_219_p_nic052</name><deleted>0</deleted><verified>0</verified><occluded>no</occluded><attributes></attributes><parts><hasparts></hasparts><ispartof></ispartof></parts><date>29-09-20 18:12:25:787</date><id>0</id><type>bounding_box</type><polygon><username>anonymous</username><pt><x>1240</x><y>1846</y><time>29-09-20 18:12:21:263</time></pt><pt><x>2320</x><y>1846</y><time>29-09-20 18:12:23:167</time></pt><pt><x>2320</x><y>193</y><time>undefined</time></pt><pt><x>1240</x><y>193</y><time>undefined</time></pt><closed_date>29-09-20 18:12:23:168</closed_date></polygon></object></annotation>