<annotation><filename>m1_s02_065_p_ic014.jpg</filename><folder>users/joselusava//valeria/sala2_065_ic</folder><source><submittedBy>Jose Saca</submittedBy></source><imagesize><nrows>2000</nrows><ncols>2992</ncols></imagesize><object><name>m1_s02_065_p_ic014</name><deleted>0</deleted><verified>0</verified><occluded>no</occluded><attributes></attributes><parts><hasparts></hasparts><ispartof></ispartof></parts><date>25-08-20 21:38:59:004</date><id>0</id><type>bounding_box</type><polygon><username>anonymous</username><pt><x>57</x><y>242</y><time>25-08-20 21:38:51:402</time></pt><pt><x>2879</x><y>242</y><time>25-08-20 21:38:54:372</time></pt><pt><x>2879</x><y>1906</y><time>undefined</time></pt><pt><x>57</x><y>1906</y><time>undefined</time></pt><closed_date>25-08-20 21:38:54:373</closed_date></polygon></object></annotation>