<annotation><filename>m2_s07_264_p_ic020.jpg</filename><folder>users/joselusava//valeria/sala7_264_ic</folder><source><submittedBy>Jose Saca</submittedBy></source><imagesize><nrows>2910</nrows><ncols>4361</ncols></imagesize><object><name>m2_s07_264_p_ic020</name><deleted>0</deleted><verified>0</verified><occluded>no</occluded><attributes></attributes><parts><hasparts></hasparts><ispartof></ispartof></parts><date>22-09-20 18:28:48:720</date><id>0</id><type>bounding_box</type><polygon><username>anonymous</username><pt><x>2904</x><y>2397</y><time>22-09-20 18:28:42:782</time></pt><pt><x>1378</x><y>2397</y><time>22-09-20 18:28:44:864</time></pt><pt><x>1378</x><y>584</y><time>undefined</time></pt><pt><x>2904</x><y>584</y><time>undefined</time></pt><closed_date>22-09-20 18:28:44:865</closed_date></polygon></object></annotation>