<annotation><filename>m2_s02_190_p_ic078.jpg</filename><folder>users/joselusava//m2_jsv/190/ic</folder><source><submittedBy>Jose Saca</submittedBy></source><imagesize><nrows>2910</nrows><ncols>4361</ncols></imagesize><object><name>m2_s02_190_p_ic078</name><deleted>0</deleted><verified>0</verified><occluded>no</occluded><attributes></attributes><parts><hasparts></hasparts><ispartof></ispartof></parts><date>21-09-20 14:40:54:551</date><id>0</id><type>bounding_box</type><polygon><username>anonymous</username><pt><x>2870</x><y>2861</y><time>21-09-20 14:40:50:291</time></pt><pt><x>1379</x><y>2861</y><time>21-09-20 14:40:53:767</time></pt><pt><x>1379</x><y>373</y><time>undefined</time></pt><pt><x>2870</x><y>373</y><time>undefined</time></pt><closed_date>21-09-20 14:40:53:767</closed_date></polygon></object></annotation>