<annotation><filename>m1_s06_144_p_nic035.jpg</filename><folder>users/joselusava//jacob_2/144nic</folder><source><submittedBy>Jose Saca</submittedBy></source><imagesize><nrows>2736</nrows><ncols>4100</ncols></imagesize><object><name>m1_s06_144_p_nic035</name><deleted>0</deleted><verified>0</verified><occluded>no</occluded><attributes></attributes><parts><hasparts></hasparts><ispartof></ispartof></parts><date>08-09-20 02:07:28:556</date><id>0</id><type>bounding_box</type><polygon><username>anonymous</username><pt><x>237</x><y>2504</y><time>08-09-20 02:07:25:418</time></pt><pt><x>1784</x><y>2504</y><time>08-09-20 02:07:27:761</time></pt><pt><x>1784</x><y>777</y><time>undefined</time></pt><pt><x>237</x><y>777</y><time>undefined</time></pt><closed_date>08-09-20 02:07:27:762</closed_date></polygon></object></annotation>