<annotation><filename>m1_s01_004_p_ic083.jpg</filename><folder>users/joselusava//valeria_apoyo/sala001_004ic_ok</folder><source><submittedBy>Jose Saca</submittedBy></source><imagesize><nrows>2000</nrows><ncols>2992</ncols></imagesize><object><name>m1_s01_004_p_ic083</name><deleted>0</deleted><verified>0</verified><occluded>no</occluded><attributes></attributes><parts><hasparts></hasparts><ispartof></ispartof></parts><date>16-09-20 16:38:23:472</date><id>0</id><type>bounding_box</type><polygon><username>anonymous</username><pt><x>2981</x><y>1333</y><time>16-09-20 16:38:13:344</time></pt><pt><x>11</x><y>1333</y><time>16-09-20 16:38:17:179</time></pt><pt><x>11</x><y>625</y><time>undefined</time></pt><pt><x>2981</x><y>625</y><time>undefined</time></pt><closed_date>16-09-20 16:38:17:180</closed_date></polygon></object></annotation>