<annotation><filename>m2_s01_010_p_nic027.jpg</filename><folder>users/joselusava//santiago</folder><source><submittedBy>Jose Saca</submittedBy></source><imagesize><nrows>2850</nrows><ncols>4271</ncols></imagesize><object><name>m2_s01_010_p_nic027</name><deleted>0</deleted><verified>0</verified><occluded>no</occluded><attributes></attributes><parts><hasparts></hasparts><ispartof></ispartof></parts><date>22-09-20 20:21:37:334</date><id>0</id><type>bounding_box</type><polygon><username>anonymous</username><pt><x>2404</x><y>500</y><time>22-09-20 20:21:30:264</time></pt><pt><x>3360</x><y>500</y><time>22-09-20 20:21:31:891</time></pt><pt><x>3360</x><y>1423</y><time>undefined</time></pt><pt><x>2404</x><y>1423</y><time>undefined</time></pt><closed_date>22-09-20 20:21:31:892</closed_date></polygon></object></annotation>