<annotation><filename>m2_s06_244_p_ic004.jpg</filename><folder>users/joselusava//museos2020</folder><source><submittedBy>Jose Saca</submittedBy></source><imagesize><nrows>2910</nrows><ncols>4361</ncols></imagesize><object><name>m2_s06_244_p_ic004</name><deleted>0</deleted><verified>0</verified><occluded>no</occluded><attributes></attributes><parts><hasparts></hasparts><ispartof></ispartof></parts><date>22-09-20 11:51:33:258</date><id>0</id><type>bounding_box</type><polygon><username>anonymous</username><pt><x>1247</x><y>989</y><time>22-09-20 11:51:26:527</time></pt><pt><x>3197</x><y>989</y><time>22-09-20 11:51:27:477</time></pt><pt><x>3197</x><y>2079</y><time>undefined</time></pt><pt><x>1247</x><y>2079</y><time>undefined</time></pt><closed_date>22-09-20 11:51:27:478</closed_date></polygon></object></annotation>