<annotation><filename>m1_s02_029_p_ic057.jpg</filename><folder>users/joselusava//valeria/sala2_029_ic</folder><source><submittedBy>Jose Saca</submittedBy></source><imagesize><nrows>3200</nrows><ncols>4800</ncols></imagesize><object><name>m1_s02_029_p_ic057</name><deleted>0</deleted><verified>0</verified><occluded>no</occluded><attributes></attributes><parts><hasparts></hasparts><ispartof></ispartof></parts><date>22-08-20 20:09:46:837</date><id>0</id><type>bounding_box</type><polygon><username>anonymous</username><pt><x>886</x><y>285</y><time>22-08-20 20:09:29:084</time></pt><pt><x>3565</x><y>285</y><time>22-08-20 20:09:34:740</time></pt><pt><x>3565</x><y>2921</y><time>undefined</time></pt><pt><x>886</x><y>2921</y><time>undefined</time></pt><closed_date>22-08-20 20:09:34:742</closed_date></polygon></object></annotation>