<annotation><filename>m1_s01_021_p_ic094.jpg</filename><folder>users/joselusava//santiago</folder><source><submittedBy>Jose Saca</submittedBy></source><imagesize><nrows>3200</nrows><ncols>4800</ncols></imagesize><object><name>m1_s01_021_p_ic094</name><deleted>0</deleted><verified>0</verified><occluded>no</occluded><attributes></attributes><parts><hasparts></hasparts><ispartof></ispartof></parts><date>15-09-20 00:22:58:957</date><id>0</id><type>bounding_box</type><polygon><username>anonymous</username><pt><x>1730</x><y>1768</y><time>15-09-20 00:22:49:460</time></pt><pt><x>2442</x><y>1768</y><time>15-09-20 00:22:51:056</time></pt><pt><x>2442</x><y>2541</y><time>undefined</time></pt><pt><x>1730</x><y>2541</y><time>undefined</time></pt><closed_date>15-09-20 00:22:51:058</closed_date></polygon></object></annotation>