<annotation><filename>m1_s02_036_p_ic036.jpg</filename><folder>users/joselusava//valeria/sala2_036_ic</folder><source><submittedBy>Jose Saca</submittedBy></source><imagesize><nrows>3200</nrows><ncols>4800</ncols></imagesize><object><name>m1_s01_036_p_ic036</name><deleted>0</deleted><verified>0</verified><occluded>no</occluded><attributes></attributes><parts><hasparts></hasparts><ispartof></ispartof></parts><date>23-08-20 02:22:56:539</date><id>0</id><type>bounding_box</type><polygon><username>anonymous</username><pt><x>1348</x><y>193</y><time>23-08-20 02:22:46:577</time></pt><pt><x>3533</x><y>193</y><time>23-08-20 02:22:51:723</time></pt><pt><x>3533</x><y>3168</y><time>undefined</time></pt><pt><x>1348</x><y>3168</y><time>undefined</time></pt><closed_date>23-08-20 02:22:51:724</closed_date></polygon></object></annotation>