<annotation><filename>m4_s03_025_p_nic076.jpg</filename><folder>users/joselusava//santiago_3</folder><source><submittedBy>Jose Saca</submittedBy></source><imagesize><nrows>2910</nrows><ncols>4361</ncols></imagesize><object><name>m4_s03_025_p_nic076</name><deleted>0</deleted><verified>0</verified><occluded>no</occluded><attributes></attributes><parts><hasparts></hasparts><ispartof></ispartof></parts><date>08-11-20 14:05:48:310</date><id>0</id><type>bounding_box</type><polygon><username>anonymous</username><pt><x>262</x><y>689</y><time>08-11-20 14:05:44:571</time></pt><pt><x>3165</x><y>689</y><time>08-11-20 14:05:46:010</time></pt><pt><x>3165</x><y>2245</y><time>undefined</time></pt><pt><x>262</x><y>2245</y><time>undefined</time></pt><closed_date>08-11-20 14:05:46:010</closed_date></polygon></object></annotation>