<annotation><filename>m1_s01_005_p_ic014.jpg</filename><folder>users/joselusava//jacob/sala1/ic</folder><source><submittedBy>Jose Saca</submittedBy></source><imagesize><nrows>2000</nrows><ncols>2992</ncols></imagesize><object><name>m1_s01_005_p_ic014</name><deleted>0</deleted><verified>0</verified><occluded>no</occluded><attributes></attributes><parts><hasparts></hasparts><ispartof></ispartof></parts><date>14-09-20 20:18:53:689</date><id>0</id><type>bounding_box</type><polygon><username>anonymous</username><pt><x>2034</x><y>1505</y><time>14-09-20 20:18:50:722</time></pt><pt><x>999</x><y>1505</y><time>14-09-20 20:18:52:532</time></pt><pt><x>999</x><y>280</y><time>undefined</time></pt><pt><x>2034</x><y>280</y><time>undefined</time></pt><closed_date>14-09-20 20:18:52:533</closed_date></polygon></object></annotation>