<annotation><filename>m2_s03_201_p_ic009.jpg</filename><folder>users/joselusava//eg</folder><source><submittedBy>Jose Saca</submittedBy></source><imagesize><nrows>3000</nrows><ncols>4496</ncols></imagesize><object><name>m2_s03_219_p_ic009</name><deleted>0</deleted><verified>0</verified><occluded>no</occluded><attributes></attributes><parts><hasparts></hasparts><ispartof></ispartof></parts><date>16-09-20 12:34:07:767</date><id>0</id><type>bounding_box</type><polygon><username>anonymous</username><pt><x>658</x><y>44</y><time>16-09-20 12:33:42:645</time></pt><pt><x>3828</x><y>44</y><time>16-09-20 12:33:44:282</time></pt><pt><x>3828</x><y>2874</y><time>undefined</time></pt><pt><x>658</x><y>2874</y><time>undefined</time></pt><closed_date>16-09-20 12:33:44:283</closed_date></polygon></object></annotation>