<annotation><filename>m4_s05_052_p_nic060.jpg</filename><folder>users/joselusava//santiago_2</folder><source><submittedBy>Jose Saca</submittedBy></source><imagesize><nrows>2910</nrows><ncols>4361</ncols></imagesize><object><name>m4_s05_052_p_nic060</name><deleted>0</deleted><verified>0</verified><occluded>no</occluded><attributes></attributes><parts><hasparts></hasparts><ispartof></ispartof></parts><date>08-10-20 21:40:15:144</date><id>0</id><type>bounding_box</type><polygon><username>anonymous</username><pt><x>239</x><y>759</y><time>08-10-20 21:40:10:500</time></pt><pt><x>1490</x><y>759</y><time>08-10-20 21:40:12:093</time></pt><pt><x>1490</x><y>2217</y><time>undefined</time></pt><pt><x>239</x><y>2217</y><time>undefined</time></pt><closed_date>08-10-20 21:40:12:093</closed_date></polygon></object></annotation>