<annotation><filename>m1_s01_004_p_nic097.jpg</filename><folder>users/joselusava//valeria_apoyo/sala01_004_nic</folder><source><submittedBy>Jose Saca</submittedBy></source><imagesize><nrows>3200</nrows><ncols>4800</ncols></imagesize><object><name>m1_s01_004_p_nic097</name><deleted>0</deleted><verified>0</verified><occluded>no</occluded><attributes></attributes><parts><hasparts></hasparts><ispartof></ispartof></parts><date>17-09-20 20:42:48:236</date><id>0</id><type>bounding_box</type><polygon><username>anonymous</username><pt><x>739</x><y>1448</y><time>17-09-20 20:42:42:821</time></pt><pt><x>3812</x><y>1448</y><time>17-09-20 20:42:45:110</time></pt><pt><x>3812</x><y>461</y><time>undefined</time></pt><pt><x>739</x><y>461</y><time>undefined</time></pt><closed_date>17-09-20 20:42:45:111</closed_date></polygon></object></annotation>