<annotation><filename>m4_s06_089_p_ic042.jpg</filename><folder>users/joselusava//santiago_2</folder><source><submittedBy>Jose Saca</submittedBy></source><imagesize><nrows>2970</nrows><ncols>4451</ncols></imagesize><object><name>m4_s06_089_p_ic042</name><deleted>0</deleted><verified>0</verified><occluded>no</occluded><attributes></attributes><parts><hasparts></hasparts><ispartof></ispartof></parts><date>11-10-20 18:33:36:296</date><id>0</id><type>bounding_box</type><polygon><username>anonymous</username><pt><x>1503</x><y>272</y><time>11-10-20 18:33:31:858</time></pt><pt><x>2811</x><y>272</y><time>11-10-20 18:33:33:505</time></pt><pt><x>2811</x><y>2337</y><time>undefined</time></pt><pt><x>1503</x><y>2337</y><time>undefined</time></pt><closed_date>11-10-20 18:33:33:506</closed_date></polygon></object></annotation>