<annotation><filename>m3_s01_015_x.jpg</filename><folder>users/joselusava//kath/m3_x</folder><source><submittedBy>Jose Saca</submittedBy></source><imagesize><nrows>2970</nrows><ncols>4451</ncols></imagesize><object><name>m3_s01_015_x</name><deleted>0</deleted><verified>0</verified><occluded>no</occluded><attributes></attributes><parts><hasparts></hasparts><ispartof></ispartof></parts><date>08-11-20 12:43:04:073</date><id>0</id><type>bounding_box</type><polygon><username>anonymous</username><pt><x>293</x><y>2542</y><time>08-11-20 12:42:57:859</time></pt><pt><x>4061</x><y>2542</y><time>08-11-20 12:43:00:694</time></pt><pt><x>4061</x><y>466</y><time>undefined</time></pt><pt><x>293</x><y>466</y><time>undefined</time></pt><closed_date>08-11-20 12:43:00:695</closed_date></polygon></object></annotation>