<annotation><filename>m2_s05_236_p_nic046.jpg</filename><folder>users/joselusava//museos2020</folder><source><submittedBy>Jose Saca</submittedBy></source><imagesize><nrows>2910</nrows><ncols>4361</ncols></imagesize><object><name>m2_s05_236_p_nic046</name><deleted>0</deleted><verified>0</verified><occluded>no</occluded><attributes></attributes><parts><hasparts></hasparts><ispartof></ispartof></parts><date>17-09-20 07:54:01:802</date><id>0</id><type>bounding_box</type><polygon><username>anonymous</username><pt><x>79</x><y>776</y><time>17-09-20 07:53:55:079</time></pt><pt><x>2543</x><y>776</y><time>17-09-20 07:53:56:206</time></pt><pt><x>2543</x><y>2761</y><time>undefined</time></pt><pt><x>79</x><y>2761</y><time>undefined</time></pt><closed_date>17-09-20 07:53:56:206</closed_date></polygon></object></annotation>