<annotation><filename>m2_s01_056_p_nic016.jpg</filename><folder>users/joselusava//m2_jsv/56/nic</folder><source><submittedBy>Jose Saca</submittedBy></source><imagesize><nrows>2850</nrows><ncols>4271</ncols></imagesize><object><name>m2_s01_056_p_nic016</name><deleted>0</deleted><verified>0</verified><occluded>no</occluded><attributes></attributes><parts><hasparts></hasparts><ispartof></ispartof></parts><date>28-09-20 22:05:42:538</date><id>0</id><type>bounding_box</type><polygon><username>anonymous</username><pt><x>1571</x><y>2675</y><time>28-09-20 22:05:40:034</time></pt><pt><x>17</x><y>2675</y><time>28-09-20 22:05:41:878</time></pt><pt><x>17</x><y>909</y><time>undefined</time></pt><pt><x>1571</x><y>909</y><time>undefined</time></pt><closed_date>28-09-20 22:05:41:878</closed_date></polygon></object></annotation>