<annotation><filename>m1_s02_036_p_nic058.jpg</filename><folder>users/joselusava//valeria/sala2_036_nic</folder><source><submittedBy>Jose Saca</submittedBy></source><imagesize><nrows>3200</nrows><ncols>4800</ncols></imagesize><object><name>m1_s02_036_p_nic057</name><deleted>0</deleted><verified>0</verified><occluded>no</occluded><attributes/><parts><hasparts/><ispartof/></parts><date>27-08-20 00:10:33:636</date><id>0</id><type>bounding_box</type><polygon><username>anonymous</username><pt><x>2717</x><y>102</y><time>27-08-20 00:10:27:507</time></pt><pt><x>3995</x><y>102</y><time>27-08-20 00:10:30:264</time></pt><pt><x>3995</x><y>1337</y><time>undefined</time></pt><pt><x>2717</x><y>1337</y><time>undefined</time></pt><closed_date>27-08-20 00:10:30:266</closed_date></polygon></object><object><name>m1_s02_036_p_nic058</name><deleted>0</deleted><verified>0</verified><occluded>no</occluded><attributes></attributes><parts><hasparts></hasparts><ispartof></ispartof></parts><date>27-08-20 00:39:55:942</date><id>1</id><type>bounding_box</type><polygon><username>anonymous</username><pt><x>2717</x><y>86</y><time>27-08-20 00:39:38:444</time></pt><pt><x>4005</x><y>86</y><time>27-08-20 00:39:40:872</time></pt><pt><x>4005</x><y>1342</y><time>undefined</time></pt><pt><x>2717</x><y>1342</y><time>undefined</time></pt><closed_date>27-08-20 00:39:40:874</closed_date></polygon></object></annotation>