<annotation><filename>img_m1_s03-04_101_p_ic024.jpg</filename><folder>users/joselusava//valeria/sala3y4_101_ic</folder><source><submittedBy>Jose Saca</submittedBy></source><imagesize><nrows>3200</nrows><ncols>4800</ncols></imagesize><object><name>m1_s03_s04_101_p_ic024</name><deleted>0</deleted><verified>0</verified><occluded>no</occluded><attributes></attributes><parts><hasparts></hasparts><ispartof></ispartof></parts><date>28-08-20 23:13:08:249</date><id>0</id><type>bounding_box</type><polygon><username>anonymous</username><pt><x>21</x><y>2953</y><time>28-08-20 23:12:59:781</time></pt><pt><x>4591</x><y>2953</y><time>28-08-20 23:13:03:731</time></pt><pt><x>4591</x><y>451</y><time>undefined</time></pt><pt><x>21</x><y>451</y><time>undefined</time></pt><closed_date>28-08-20 23:13:03:731</closed_date></polygon></object></annotation>