<annotation><filename>m2_s01_058_p_nic058.jpg</filename><folder>users/joselusava//m2_jsv/58/nic</folder><source><submittedBy>Jose Saca</submittedBy></source><imagesize><nrows>2850</nrows><ncols>4271</ncols></imagesize><object><name>m2_s01_058_p_nic058</name><deleted>0</deleted><verified>0</verified><occluded>no</occluded><attributes></attributes><parts><hasparts></hasparts><ispartof></ispartof></parts><date>29-09-20 23:14:57:314</date><id>0</id><type>bounding_box</type><polygon><username>anonymous</username><pt><x>3990</x><y>2285</y><time>29-09-20 23:14:55:608</time></pt><pt><x>2805</x><y>2285</y><time>29-09-20 23:14:56:717</time></pt><pt><x>2805</x><y>1338</y><time>undefined</time></pt><pt><x>3990</x><y>1338</y><time>undefined</time></pt><closed_date>29-09-20 23:14:56:717</closed_date></polygon></object></annotation>