<annotation><filename>m1_s01_004_p_ic019.jpg</filename><folder>users/joselusava//valeria_apoyo/sala001_004ic_ok</folder><source><submittedBy>Jose Saca</submittedBy></source><imagesize><nrows>2000</nrows><ncols>2992</ncols></imagesize><object><name>m1_s01_004_p_ic019</name><deleted>0</deleted><verified>0</verified><occluded>no</occluded><attributes></attributes><parts><hasparts></hasparts><ispartof></ispartof></parts><date>15-09-20 22:23:32:474</date><id>0</id><type>bounding_box</type><polygon><username>anonymous</username><pt><x>2981</x><y>1424</y><time>15-09-20 22:23:23:438</time></pt><pt><x>8</x><y>1424</y><time>15-09-20 22:23:27:952</time></pt><pt><x>8</x><y>602</y><time>undefined</time></pt><pt><x>2981</x><y>602</y><time>undefined</time></pt><closed_date>15-09-20 22:23:27:952</closed_date></polygon></object></annotation>