<annotation><filename>m2_s01_001_p_nic025.jpg</filename><folder>users/joselusava//santiago</folder><source><submittedBy>Jose Saca</submittedBy></source><imagesize><nrows>2850</nrows><ncols>4271</ncols></imagesize><object><name>m2_s01_001_p_nic025</name><deleted>0</deleted><verified>0</verified><occluded>no</occluded><attributes></attributes><parts><hasparts></hasparts><ispartof></ispartof></parts><date>19-09-20 22:12:15:314</date><id>0</id><type>bounding_box</type><polygon><username>anonymous</username><pt><x>218</x><y>212</y><time>19-09-20 22:12:06:800</time></pt><pt><x>1815</x><y>212</y><time>19-09-20 22:12:09:345</time></pt><pt><x>1815</x><y>1667</y><time>undefined</time></pt><pt><x>218</x><y>1667</y><time>undefined</time></pt><closed_date>19-09-20 22:12:09:345</closed_date></polygon></object></annotation>