<annotation><filename>m1_s06_186_p_ic055.jpg</filename><folder>users/joselusava//jacob_2/186ic</folder><source><submittedBy>Jose Saca</submittedBy></source><imagesize><nrows>2736</nrows><ncols>4100</ncols></imagesize><object><name>s06_186_p_ic055</name><deleted>0</deleted><verified>0</verified><occluded>no</occluded><attributes></attributes><parts><hasparts></hasparts><ispartof></ispartof></parts><date>09-09-20 11:48:13:746</date><id>0</id><type>bounding_box</type><polygon><username>anonymous</username><pt><x>908</x><y>2357</y><time>09-09-20 11:48:11:754</time></pt><pt><x>3159</x><y>2357</y><time>09-09-20 11:48:12:998</time></pt><pt><x>3159</x><y>172</y><time>undefined</time></pt><pt><x>908</x><y>172</y><time>undefined</time></pt><closed_date>09-09-20 11:48:12:999</closed_date></polygon></object></annotation>