<annotation><filename>m1_s01_001_p_nic016.jpg</filename><folder>users/joselusava//juancarlos</folder><source><submittedBy>Jose Saca</submittedBy></source><imagesize><nrows>3200</nrows><ncols>4800</ncols></imagesize><object><name>m1_s01_001_p_nic016</name><deleted>0</deleted><verified>0</verified><occluded>no</occluded><attributes></attributes><parts><hasparts></hasparts><ispartof></ispartof></parts><date>02-09-20 11:54:13:003</date><id>0</id><type>bounding_box</type><polygon><username>anonymous</username><pt><x>806</x><y>2085</y><time>02-09-20 11:54:00:272</time></pt><pt><x>2145</x><y>2085</y><time>02-09-20 11:54:03:869</time></pt><pt><x>2145</x><y>2885</y><time>undefined</time></pt><pt><x>806</x><y>2885</y><time>undefined</time></pt><closed_date>02-09-20 11:54:03:870</closed_date></polygon></object></annotation>