<annotation><filename>m2_s01_001_p_nic059.jpg</filename><folder>users/joselusava//santiago</folder><source><submittedBy>Jose Saca</submittedBy></source><imagesize><nrows>2850</nrows><ncols>4271</ncols></imagesize><object><name>m2_s01_001_p_nic059</name><deleted>0</deleted><verified>0</verified><occluded>no</occluded><attributes></attributes><parts><hasparts></hasparts><ispartof></ispartof></parts><date>19-09-20 23:03:08:820</date><id>0</id><type>bounding_box</type><polygon><username>anonymous</username><pt><x>2202</x><y>1042</y><time>19-09-20 23:03:00:277</time></pt><pt><x>3732</x><y>1042</y><time>19-09-20 23:03:02:400</time></pt><pt><x>3732</x><y>2568</y><time>undefined</time></pt><pt><x>2202</x><y>2568</y><time>undefined</time></pt><closed_date>19-09-20 23:03:02:401</closed_date></polygon></object></annotation>