<annotation><filename>m2_s01_001_p_ic033.jpg</filename><folder>users/joselusava//santiago</folder><source><submittedBy>Jose Saca</submittedBy></source><imagesize><nrows>2850</nrows><ncols>4271</ncols></imagesize><object><name>m2_s01_001_p_ic033</name><deleted>0</deleted><verified>0</verified><occluded>no</occluded><attributes></attributes><parts><hasparts></hasparts><ispartof></ispartof></parts><date>19-09-20 08:22:05:315</date><id>0</id><type>bounding_box</type><polygon><username>anonymous</username><pt><x>673</x><y>77</y><time>19-09-20 08:21:55:378</time></pt><pt><x>3013</x><y>77</y><time>19-09-20 08:21:58:394</time></pt><pt><x>3013</x><y>2831</y><time>undefined</time></pt><pt><x>673</x><y>2831</y><time>undefined</time></pt><closed_date>19-09-20 08:21:58:394</closed_date></polygon></object></annotation>