<annotation><filename>m1_s06_141_p_nic001.jpg</filename><folder>users/joselusava//jacob_2/141nic</folder><source><submittedBy>Jose Saca</submittedBy></source><imagesize><nrows>2736</nrows><ncols>4100</ncols></imagesize><object><name>m1_s06_141_p_nic001</name><deleted>0</deleted><verified>0</verified><occluded>no</occluded><attributes></attributes><parts><hasparts></hasparts><ispartof></ispartof></parts><date>05-09-20 00:41:35:026</date><id>0</id><type>bounding_box</type><polygon><username>anonymous</username><pt><x>2361</x><y>2469</y><time>05-09-20 00:41:30:765</time></pt><pt><x>3525</x><y>2469</y><time>05-09-20 00:41:33:327</time></pt><pt><x>3525</x><y>1028</y><time>undefined</time></pt><pt><x>2361</x><y>1028</y><time>undefined</time></pt><closed_date>05-09-20 00:41:33:327</closed_date></polygon></object></annotation>