<annotation><filename>m3_s01_018_p_ic005.jpg</filename><folder>users/joselusava//m4_js/18/ic</folder><source><submittedBy>Jose Saca</submittedBy></source><imagesize><nrows>2970</nrows><ncols>4451</ncols></imagesize><object><name>m3_s01_018_p_ic005</name><deleted>0</deleted><verified>0</verified><occluded>no</occluded><attributes></attributes><parts><hasparts></hasparts><ispartof></ispartof></parts><date>05-11-20 10:14:39:103</date><id>0</id><type>bounding_box</type><polygon><username>anonymous</username><pt><x>3430</x><y>2767</y><time>05-11-20 10:14:35:844</time></pt><pt><x>0</x><y>2767</y><time>05-11-20 10:14:38:208</time></pt><pt><x>0</x><y>210</y><time>undefined</time></pt><pt><x>3430</x><y>210</y><time>undefined</time></pt><closed_date>05-11-20 10:14:38:208</closed_date></polygon></object></annotation>