<annotation><filename>m4_s05_060_p_ic049.jpg</filename><folder>users/joselusava//m4_js/60/ic</folder><source><submittedBy>Jose Saca</submittedBy></source><imagesize><nrows>2910</nrows><ncols>4361</ncols></imagesize><object><name>m4_s05_060_p_ic049</name><deleted>0</deleted><verified>0</verified><occluded>no</occluded><attributes></attributes><parts><hasparts></hasparts><ispartof></ispartof></parts><date>13-10-20 15:52:03:227</date><id>0</id><type>bounding_box</type><polygon><username>anonymous</username><pt><x>496</x><y>2342</y><time>13-10-20 15:52:00:587</time></pt><pt><x>3673</x><y>2342</y><time>13-10-20 15:52:02:446</time></pt><pt><x>3673</x><y>635</y><time>undefined</time></pt><pt><x>496</x><y>635</y><time>undefined</time></pt><closed_date>13-10-20 15:52:02:446</closed_date></polygon></object></annotation>