<annotation><filename>m4_s05_055_p_ic005.jpg</filename><folder>users/joselusava//valeria/m4_s05_055_ic</folder><source><submittedBy>Jose Saca</submittedBy></source><imagesize><nrows>2910</nrows><ncols>4361</ncols></imagesize><object><name>m4_s05_055_p_ic005</name><deleted>0</deleted><verified>0</verified><occluded>no</occluded><attributes></attributes><parts><hasparts></hasparts><ispartof></ispartof></parts><date>08-10-20 18:04:39:397</date><id>0</id><type>bounding_box</type><polygon><username>anonymous</username><pt><x>1356</x><y>518</y><time>08-10-20 18:04:34:614</time></pt><pt><x>2899</x><y>518</y><time>08-10-20 18:04:36:173</time></pt><pt><x>2899</x><y>2315</y><time>undefined</time></pt><pt><x>1356</x><y>2315</y><time>undefined</time></pt><closed_date>08-10-20 18:04:36:173</closed_date></polygon></object></annotation>