<annotation><filename>m1_s02_052_p_ic020.jpg</filename><folder>users/joselusava//valeria/sala2_052_ic</folder><source><submittedBy>Jose Saca</submittedBy></source><imagesize><nrows>3200</nrows><ncols>4800</ncols></imagesize><object><name>m1_s02_052_p_ic020</name><deleted>0</deleted><verified>0</verified><occluded>no</occluded><attributes></attributes><parts><hasparts></hasparts><ispartof></ispartof></parts><date>25-08-20 16:12:30:297</date><id>0</id><type>bounding_box</type><polygon><username>anonymous</username><pt><x>113</x><y>0</y><time>25-08-20 16:12:23:564</time></pt><pt><x>4150</x><y>0</y><time>25-08-20 16:12:26:500</time></pt><pt><x>4150</x><y>3114</y><time>undefined</time></pt><pt><x>113</x><y>3114</y><time>undefined</time></pt><closed_date>25-08-20 16:12:26:501</closed_date></polygon></object></annotation>