<annotation><filename>m1_s01_013_x.jpg</filename><folder>users/joselusava//museos2020</folder><source><submittedBy>Jose Saca</submittedBy></source><imagesize><nrows>2000</nrows><ncols>2992</ncols></imagesize><object><name>m1_s01_013_x</name><deleted>0</deleted><verified>0</verified><occluded>no</occluded><attributes></attributes><parts><hasparts></hasparts><ispartof></ispartof></parts><date>13-09-20 22:04:37:479</date><id>0</id><type>bounding_box</type><polygon><username>anonymous</username><pt><x>610</x><y>565</y><time>13-09-20 22:04:17:747</time></pt><pt><x>2236</x><y>565</y><time>13-09-20 22:04:24:970</time></pt><pt><x>2236</x><y>1591</y><time>undefined</time></pt><pt><x>610</x><y>1591</y><time>undefined</time></pt><closed_date>13-09-20 22:04:24:971</closed_date></polygon></object></annotation>