<annotation><filename>m2_s01_054_p_ic085.jpg</filename><folder>users/joselusava//kath</folder><source><submittedBy>Jose Saca</submittedBy></source><imagesize><nrows>2850</nrows><ncols>4271</ncols></imagesize><object><name>m2_s01_054_p_ic085</name><deleted>0</deleted><verified>0</verified><occluded>no</occluded><attributes></attributes><parts><hasparts></hasparts><ispartof></ispartof></parts><date>30-09-20 00:02:31:268</date><id>0</id><type>bounding_box</type><polygon><username>anonymous</username><pt><x>2920</x><y>211</y><time>30-09-20 00:02:20:788</time></pt><pt><x>1158</x><y>211</y><time>30-09-20 00:02:23:587</time></pt><pt><x>1158</x><y>2618</y><time>undefined</time></pt><pt><x>2920</x><y>2618</y><time>undefined</time></pt><closed_date>30-09-20 00:02:23:587</closed_date></polygon></object></annotation>