<annotation><filename>m3_s01_023_p_nic046.jpg</filename><folder>users/joselusava//santiago_3</folder><source><submittedBy>Jose Saca</submittedBy></source><imagesize><nrows>2970</nrows><ncols>4451</ncols></imagesize><object><name>m3_s01_023_p_nic046</name><deleted>0</deleted><verified>0</verified><occluded>no</occluded><attributes></attributes><parts><hasparts></hasparts><ispartof></ispartof></parts><date>06-11-20 09:33:11:358</date><id>0</id><type>bounding_box</type><polygon><username>anonymous</username><pt><x>557</x><y>221</y><time>06-11-20 09:33:07:950</time></pt><pt><x>2381</x><y>221</y><time>06-11-20 09:33:09:439</time></pt><pt><x>2381</x><y>2363</y><time>undefined</time></pt><pt><x>557</x><y>2363</y><time>undefined</time></pt><closed_date>06-11-20 09:33:09:440</closed_date></polygon></object></annotation>