<annotation><filename>m2_s03_252_p_ic035.jpg</filename><folder>users/joselusava//valeria/m2_sala03_252_ic</folder><source><submittedBy>Jose Saca</submittedBy></source><imagesize><nrows>2910</nrows><ncols>4361</ncols></imagesize><object><name>m2_s06_252_p_ic034</name><deleted>0</deleted><verified>0</verified><occluded>no</occluded><attributes/><parts><hasparts/><ispartof/></parts><date>25-09-20 22:32:24:101</date><id>0</id><type>bounding_box</type><polygon><username>anonymous</username><pt><x>546</x><y>805</y><time>25-09-20 20:33:21:610</time></pt><pt><x>3384</x><y>805</y><time>25-09-20 20:33:23:634</time></pt><pt><x>3384</x><y>2623</y><time>undefined</time></pt><pt><x>546</x><y>2623</y><time>undefined</time></pt><closed_date>25-09-20 20:33:23:635</closed_date></polygon></object><object><name>m2_s06_252_p_ic035</name><deleted>0</deleted><verified>0</verified><occluded>no</occluded><attributes></attributes><parts><hasparts></hasparts><ispartof></ispartof></parts><date>26-09-20 23:38:49:070</date><id>1</id><type>bounding_box</type><polygon><username>anonymous</username><pt><x>535</x><y>805</y><time>26-09-20 23:38:40:915</time></pt><pt><x>3389</x><y>805</y><time>26-09-20 23:38:43:477</time></pt><pt><x>3389</x><y>2607</y><time>undefined</time></pt><pt><x>535</x><y>2607</y><time>undefined</time></pt><closed_date>26-09-20 23:38:43:478</closed_date></polygon></object></annotation>