<annotation><filename>m2_s01_058_p_ic058.jpg</filename><folder>users/joselusava//m2_jsv/58/ic</folder><source><submittedBy>Jose Saca</submittedBy></source><imagesize><nrows>2850</nrows><ncols>4271</ncols></imagesize><object><name>m2_s01_058_p_ic058</name><deleted>0</deleted><verified>0</verified><occluded>no</occluded><attributes></attributes><parts><hasparts></hasparts><ispartof></ispartof></parts><date>29-09-20 13:28:40:476</date><id>0</id><type>bounding_box</type><polygon><username>anonymous</username><pt><x>450</x><y>59</y><time>29-09-20 13:28:37:831</time></pt><pt><x>3846</x><y>59</y><time>29-09-20 13:28:39:485</time></pt><pt><x>3846</x><y>2675</y><time>undefined</time></pt><pt><x>450</x><y>2675</y><time>undefined</time></pt><closed_date>29-09-20 13:28:39:485</closed_date></polygon></object></annotation>