<annotation><filename>m1_s06_168_p_nic055.jpg</filename><folder>users/joselusava//jacob_2/168nic</folder><source><submittedBy>Jose Saca</submittedBy></source><imagesize><nrows>2736</nrows><ncols>4100</ncols></imagesize><object><name>m1_s06_168_p_nic055</name><deleted>0</deleted><verified>0</verified><occluded>no</occluded><attributes></attributes><parts><hasparts></hasparts><ispartof></ispartof></parts><date>08-09-20 23:20:00:377</date><id>0</id><type>bounding_box</type><polygon><username>anonymous</username><pt><x>2755</x><y>1665</y><time>08-09-20 23:19:57:318</time></pt><pt><x>2017</x><y>1665</y><time>08-09-20 23:19:59:477</time></pt><pt><x>2017</x><y>320</y><time>undefined</time></pt><pt><x>2755</x><y>320</y><time>undefined</time></pt><closed_date>08-09-20 23:19:59:477</closed_date></polygon></object></annotation>