<annotation><filename>m4_s06_089_p_ic037.jpg</filename><folder>users/joselusava//santiago_2</folder><source><submittedBy>Jose Saca</submittedBy></source><imagesize><nrows>2970</nrows><ncols>4451</ncols></imagesize><object><name>m4_s06_089_p_ic037</name><deleted>0</deleted><verified>0</verified><occluded>no</occluded><attributes></attributes><parts><hasparts></hasparts><ispartof></ispartof></parts><date>11-10-20 18:03:51:808</date><id>0</id><type>bounding_box</type><polygon><username>anonymous</username><pt><x>1400</x><y>672</y><time>11-10-20 18:03:48:136</time></pt><pt><x>2882</x><y>672</y><time>11-10-20 18:03:49:652</time></pt><pt><x>2882</x><y>2549</y><time>undefined</time></pt><pt><x>1400</x><y>2549</y><time>undefined</time></pt><closed_date>11-10-20 18:03:49:652</closed_date></polygon></object></annotation>