<annotation><filename>m3_s01_010_p_nic003.jpg</filename><folder>users/joselusava//m4_js/m3/10/nic</folder><source><submittedBy>Jose Saca</submittedBy></source><imagesize><nrows>2970</nrows><ncols>4451</ncols></imagesize><object><name>m3_s01_010_p_nic003</name><deleted>0</deleted><verified>0</verified><occluded>no</occluded><attributes></attributes><parts><hasparts></hasparts><ispartof></ispartof></parts><date>29-10-20 13:32:29:820</date><id>0</id><type>bounding_box</type><polygon><username>anonymous</username><pt><x>4440</x><y>2769</y><time>29-10-20 13:32:26:184</time></pt><pt><x>1374</x><y>2769</y><time>29-10-20 13:32:28:989</time></pt><pt><x>1374</x><y>394</y><time>undefined</time></pt><pt><x>4440</x><y>394</y><time>undefined</time></pt><closed_date>29-10-20 13:32:28:989</closed_date></polygon></object></annotation>