<annotation><filename>m2_s01_054_p_ic098.jpg</filename><folder>users/joselusava//kath</folder><source><submittedBy>Jose Saca</submittedBy></source><imagesize><nrows>2850</nrows><ncols>4271</ncols></imagesize><object><name>m2_s01_054_p_ic098</name><deleted>0</deleted><verified>0</verified><occluded>no</occluded><attributes></attributes><parts><hasparts></hasparts><ispartof></ispartof></parts><date>30-09-20 10:53:41:835</date><id>0</id><type>bounding_box</type><polygon><username>anonymous</username><pt><x>2766</x><y>365</y><time>30-09-20 10:53:36:013</time></pt><pt><x>1453</x><y>365</y><time>30-09-20 10:53:39:264</time></pt><pt><x>1453</x><y>2703</y><time>undefined</time></pt><pt><x>2766</x><y>2703</y><time>undefined</time></pt><closed_date>30-09-20 10:53:39:264</closed_date></polygon></object></annotation>