<annotation><filename>m2_s03_248_p_ic072.jpg</filename><folder>users/joselusava//museos2020</folder><source><submittedBy>Jose Saca</submittedBy></source><imagesize><nrows>2910</nrows><ncols>4361</ncols></imagesize><object><name>m2_s03_248_p_ic072</name><deleted>0</deleted><verified>0</verified><occluded>no</occluded><attributes></attributes><parts><hasparts></hasparts><ispartof></ispartof></parts><date>27-09-20 09:02:26:488</date><id>0</id><type>bounding_box</type><polygon><username>anonymous</username><pt><x>9</x><y>265</y><time>27-09-20 09:02:18:797</time></pt><pt><x>4346</x><y>265</y><time>27-09-20 09:02:21:126</time></pt><pt><x>4346</x><y>2329</y><time>undefined</time></pt><pt><x>9</x><y>2329</y><time>undefined</time></pt><closed_date>27-09-20 09:02:21:127</closed_date></polygon></object></annotation>