<annotation><filename>m2_s01_056_p_nic015.jpg</filename><folder>users/joselusava//m2_jsv/56/nic</folder><source><submittedBy>Jose Saca</submittedBy></source><imagesize><nrows>2850</nrows><ncols>4271</ncols></imagesize><object><name>m2_s01_056_p_nic015</name><deleted>0</deleted><verified>0</verified><occluded>no</occluded><attributes></attributes><parts><hasparts></hasparts><ispartof></ispartof></parts><date>28-09-20 22:05:22:824</date><id>0</id><type>bounding_box</type><polygon><username>anonymous</username><pt><x>1469</x><y>2471</y><time>28-09-20 22:05:20:736</time></pt><pt><x>0</x><y>2471</y><time>28-09-20 22:05:22:166</time></pt><pt><x>0</x><y>671</y><time>undefined</time></pt><pt><x>1469</x><y>671</y><time>undefined</time></pt><closed_date>28-09-20 22:05:22:167</closed_date></polygon></object></annotation>