<annotation><filename>m1_s06_186_p_ic003.jpg</filename><folder>users/joselusava//jacob_2/186ic</folder><source><submittedBy>Jose Saca</submittedBy></source><imagesize><nrows>2736</nrows><ncols>4100</ncols></imagesize><object><name>s06_186_p_ic003</name><deleted>0</deleted><verified>0</verified><occluded>no</occluded><attributes></attributes><parts><hasparts></hasparts><ispartof></ispartof></parts><date>09-09-20 11:08:03:336</date><id>0</id><type>bounding_box</type><polygon><username>anonymous</username><pt><x>1555</x><y>57</y><time>09-09-20 11:08:00:069</time></pt><pt><x>2635</x><y>57</y><time>09-09-20 11:08:02:409</time></pt><pt><x>2635</x><y>2463</y><time>undefined</time></pt><pt><x>1555</x><y>2463</y><time>undefined</time></pt><closed_date>09-09-20 11:08:02:409</closed_date></polygon></object></annotation>