<annotation><filename>m4_s12_185_p_nic064.jpg</filename><folder>users/joselusava//valeria/m04_s12_185_nic</folder><source><submittedBy>Jose Saca</submittedBy></source><imagesize><nrows>2910</nrows><ncols>4361</ncols></imagesize><object><name>m4_s12_185_p_nic064</name><deleted>0</deleted><verified>0</verified><occluded>no</occluded><attributes></attributes><parts><hasparts></hasparts><ispartof></ispartof></parts><date>17-10-20 23:31:42:975</date><id>0</id><type>bounding_box</type><polygon><username>anonymous</username><pt><x>666</x><y>2882</y><time>17-10-20 23:31:37:700</time></pt><pt><x>2552</x><y>2882</y><time>17-10-20 23:31:39:397</time></pt><pt><x>2552</x><y>912</y><time>undefined</time></pt><pt><x>666</x><y>912</y><time>undefined</time></pt><closed_date>17-10-20 23:31:39:398</closed_date></polygon></object></annotation>