<annotation><filename>m2_s02_190_p_ic099.jpg</filename><folder>users/joselusava//m2_jsv/190/ic</folder><source><submittedBy>Jose Saca</submittedBy></source><imagesize><nrows>2910</nrows><ncols>4361</ncols></imagesize><object><name>m2_s02_190_p_ic099</name><deleted>0</deleted><verified>0</verified><occluded>no</occluded><attributes></attributes><parts><hasparts></hasparts><ispartof></ispartof></parts><date>21-09-20 14:48:52:651</date><id>0</id><type>bounding_box</type><polygon><username>anonymous</username><pt><x>2861</x><y>2358</y><time>21-09-20 14:48:50:137</time></pt><pt><x>1448</x><y>2358</y><time>21-09-20 14:48:51:790</time></pt><pt><x>1448</x><y>520</y><time>undefined</time></pt><pt><x>2861</x><y>520</y><time>undefined</time></pt><closed_date>21-09-20 14:48:51:790</closed_date></polygon></object></annotation>