<annotation><filename>m2_s07_264_p_nic085.jpg</filename><folder>users/joselusava//valeria/sala7_264_nic</folder><source><submittedBy>Jose Saca</submittedBy></source><imagesize><nrows>2910</nrows><ncols>4361</ncols></imagesize><object><name>m2_s07_264_p_nic085</name><deleted>0</deleted><verified>0</verified><occluded>no</occluded><attributes></attributes><parts><hasparts></hasparts><ispartof></ispartof></parts><date>23-09-20 21:35:57:349</date><id>0</id><type>bounding_box</type><polygon><username>anonymous</username><pt><x>3974</x><y>2166</y><time>23-09-20 21:35:50:856</time></pt><pt><x>2519</x><y>2166</y><time>23-09-20 21:35:53:722</time></pt><pt><x>2519</x><y>243</y><time>undefined</time></pt><pt><x>3974</x><y>243</y><time>undefined</time></pt><closed_date>23-09-20 21:35:53:723</closed_date></polygon></object></annotation>