<annotation><filename>m4_s10_154_p_nic084.jpg</filename><folder>users/joselusava//valeria/m04_s10_154_nic</folder><source><submittedBy>Jose Saca</submittedBy></source><imagesize><nrows>2970</nrows><ncols>4451</ncols></imagesize><object><name>m4_s10_154_p_nic084</name><deleted>0</deleted><verified>0</verified><occluded>no</occluded><attributes></attributes><parts><hasparts></hasparts><ispartof></ispartof></parts><date>14-10-20 15:55:14:677</date><id>0</id><type>bounding_box</type><polygon><username>anonymous</username><pt><x>514</x><y>2302</y><time>14-10-20 15:55:09:560</time></pt><pt><x>1536</x><y>2302</y><time>14-10-20 15:55:11:369</time></pt><pt><x>1536</x><y>685</y><time>undefined</time></pt><pt><x>514</x><y>685</y><time>undefined</time></pt><closed_date>14-10-20 15:55:11:370</closed_date></polygon></object></annotation>