<annotation><filename>m4_s06_089_p_ic091.jpg</filename><folder>users/joselusava//santiago_2</folder><source><submittedBy>Jose Saca</submittedBy></source><imagesize><nrows>2970</nrows><ncols>4451</ncols></imagesize><object><name>m4_s06_089_p_ic091</name><deleted>0</deleted><verified>0</verified><occluded>no</occluded><attributes></attributes><parts><hasparts></hasparts><ispartof></ispartof></parts><date>11-10-20 22:02:15:403</date><id>0</id><type>bounding_box</type><polygon><username>anonymous</username><pt><x>1439</x><y>562</y><time>11-10-20 22:02:11:203</time></pt><pt><x>3041</x><y>562</y><time>11-10-20 22:02:12:836</time></pt><pt><x>3041</x><y>2776</y><time>undefined</time></pt><pt><x>1439</x><y>2776</y><time>undefined</time></pt><closed_date>11-10-20 22:02:12:837</closed_date></polygon></object></annotation>