<annotation><filename>m4_s08_124_x.jpg</filename><folder>users/joselusava//kath/m4_x</folder><source><submittedBy>Jose Saca</submittedBy></source><imagesize><nrows>2970</nrows><ncols>4451</ncols></imagesize><object><name>m4_s08_124_x</name><deleted>0</deleted><verified>0</verified><occluded>no</occluded><attributes></attributes><parts><hasparts></hasparts><ispartof></ispartof></parts><date>21-10-20 11:33:54:745</date><id>0</id><type>bounding_box</type><polygon><username>anonymous</username><pt><x>1264</x><y>197</y><time>21-10-20 11:33:50:052</time></pt><pt><x>3090</x><y>197</y><time>21-10-20 11:33:52:256</time></pt><pt><x>3090</x><y>2638</y><time>undefined</time></pt><pt><x>1264</x><y>2638</y><time>undefined</time></pt><closed_date>21-10-20 11:33:52:258</closed_date></polygon></object></annotation>