<annotation><filename>m1_s02_052_p_nic003.jpg</filename><folder>users/joselusava//valeria/sala2_052_nic</folder><source><submittedBy>Jose Saca</submittedBy></source><imagesize><nrows>3200</nrows><ncols>4800</ncols></imagesize><object><name>m1_s02_052_p_nic003</name><deleted>0</deleted><verified>0</verified><occluded>no</occluded><attributes></attributes><parts><hasparts></hasparts><ispartof></ispartof></parts><date>27-08-20 13:41:52:027</date><id>0</id><type>bounding_box</type><polygon><username>anonymous</username><pt><x>3592</x><y>1358</y><time>27-08-20 13:41:44:116</time></pt><pt><x>2266</x><y>1358</y><time>27-08-20 13:41:48:168</time></pt><pt><x>2266</x><y>226</y><time>undefined</time></pt><pt><x>3592</x><y>226</y><time>undefined</time></pt><closed_date>27-08-20 13:41:48:170</closed_date></polygon></object></annotation>