<annotation><filename>m4_s11_176_p_nic070.jpg</filename><folder>users/joselusava//m4_js/176/nic</folder><source><submittedBy>Jose Saca</submittedBy></source><imagesize><nrows>2970</nrows><ncols>4451</ncols></imagesize><object><name>m4_s11_176_p_nic070</name><deleted>0</deleted><verified>0</verified><occluded>no</occluded><attributes></attributes><parts><hasparts></hasparts><ispartof></ispartof></parts><date>15-10-20 14:48:30:508</date><id>0</id><type>bounding_box</type><polygon><username>anonymous</username><pt><x>2452</x><y>2079</y><time>15-10-20 14:48:28:010</time></pt><pt><x>4442</x><y>2079</y><time>15-10-20 14:48:29:829</time></pt><pt><x>4442</x><y>533</y><time>undefined</time></pt><pt><x>2452</x><y>533</y><time>undefined</time></pt><closed_date>15-10-20 14:48:29:830</closed_date></polygon></object></annotation>