<annotation><filename>m2_s01_034_p_ic084.jpg</filename><folder>users/joselusava//kath</folder><source><submittedBy>Jose Saca</submittedBy></source><imagesize><nrows>2850</nrows><ncols>4271</ncols></imagesize><object><name>m2_s01_034_p_ic084</name><deleted>0</deleted><verified>0</verified><occluded>no</occluded><attributes></attributes><parts><hasparts></hasparts><ispartof></ispartof></parts><date>25-09-20 17:00:20:700</date><id>0</id><polygon><username>anonymous</username><pt><x>1217</x><y>215</y><time>25-09-20 17:00:10:382</time></pt><pt><x>2757</x><y>186</y><time>25-09-20 17:00:11:928</time></pt><pt><x>2871</x><y>2506</y><time>25-09-20 17:00:14:226</time></pt><pt><x>1253</x><y>2521</y><time>25-09-20 17:00:15:849</time></pt><closed_date>25-09-20 17:00:17:770</closed_date></polygon></object></annotation>