<annotation><filename>m2_s02_129_p_nic074.jpg</filename><folder>users/joselusava//m2_jsv/129/nic</folder><source><submittedBy>Jose Saca</submittedBy></source><imagesize><nrows>2910</nrows><ncols>4361</ncols></imagesize><object><name>m2_s02_129_p_nic074</name><deleted>0</deleted><verified>0</verified><occluded>no</occluded><attributes></attributes><parts><hasparts></hasparts><ispartof></ispartof></parts><date>25-09-20 08:18:47:116</date><id>0</id><type>bounding_box</type><polygon><username>anonymous</username><pt><x>1271</x><y>1628</y><time>25-09-20 08:18:44:733</time></pt><pt><x>287</x><y>1628</y><time>25-09-20 08:18:46:069</time></pt><pt><x>287</x><y>688</y><time>undefined</time></pt><pt><x>1271</x><y>688</y><time>undefined</time></pt><closed_date>25-09-20 08:18:46:069</closed_date></polygon></object></annotation>