<annotation><filename>m1_s06_141_p_nic013.jpg</filename><folder>users/joselusava//jacob_2/141nic</folder><source><submittedBy>Jose Saca</submittedBy></source><imagesize><nrows>2736</nrows><ncols>4100</ncols></imagesize><object><name>m1_s06_141_p_nic013</name><deleted>0</deleted><verified>0</verified><occluded>no</occluded><attributes></attributes><parts><hasparts></hasparts><ispartof></ispartof></parts><date>05-09-20 00:47:41:696</date><id>0</id><type>bounding_box</type><polygon><username>anonymous</username><pt><x>595</x><y>1705</y><time>05-09-20 00:47:38:615</time></pt><pt><x>1813</x><y>1705</y><time>05-09-20 00:47:40:814</time></pt><pt><x>1813</x><y>183</y><time>undefined</time></pt><pt><x>595</x><y>183</y><time>undefined</time></pt><closed_date>05-09-20 00:47:40:814</closed_date></polygon></object></annotation>