<annotation><filename>m4_s04_037_p_nic064.jpg</filename><folder>users/joselusava//santiago_2</folder><source><submittedBy>Jose Saca</submittedBy></source><imagesize><nrows>2970</nrows><ncols>4451</ncols></imagesize><object><name>m4_s04_037_p_nic064</name><deleted>0</deleted><verified>0</verified><occluded>no</occluded><attributes></attributes><parts><hasparts></hasparts><ispartof></ispartof></parts><date>19-10-20 22:36:27:790</date><id>0</id><type>bounding_box</type><polygon><username>anonymous</username><pt><x>1767</x><y>1274</y><time>19-10-20 22:36:24:484</time></pt><pt><x>2752</x><y>1274</y><time>19-10-20 22:36:25:706</time></pt><pt><x>2752</x><y>2899</y><time>undefined</time></pt><pt><x>1767</x><y>2899</y><time>undefined</time></pt><closed_date>19-10-20 22:36:25:707</closed_date></polygon></object></annotation>