<annotation><filename>m3_s01_013_p_ic078.jpg</filename><folder>users/joselusava//valeria/m03_s01_13_ic</folder><source><submittedBy>Jose Saca</submittedBy></source><imagesize><nrows>2970</nrows><ncols>4451</ncols></imagesize><object><name>m3_s01_013_p_ic077</name><deleted>0</deleted><verified>0</verified><occluded>no</occluded><attributes></attributes><parts><hasparts></hasparts><ispartof></ispartof></parts><date>01-11-20 09:29:15:517</date><id>0</id><type>bounding_box</type><polygon><username>anonymous</username><pt><x>4095</x><y>2827</y><time>01-11-20 09:29:08:733</time></pt><pt><x>617</x><y>2827</y><time>01-11-20 09:29:11:711</time></pt><pt><x>617</x><y>320</y><time>undefined</time></pt><pt><x>4095</x><y>320</y><time>undefined</time></pt><closed_date>01-11-20 09:29:11:712</closed_date></polygon></object></annotation>