<annotation><filename>m2_s01_001_p_ic011.jpg</filename><folder>users/joselusava//santiago</folder><source><submittedBy>Jose Saca</submittedBy></source><imagesize><nrows>2850</nrows><ncols>4271</ncols></imagesize><object><name>m2_s01_001_p_ic011</name><deleted>0</deleted><verified>0</verified><occluded>no</occluded><attributes></attributes><parts><hasparts></hasparts><ispartof></ispartof></parts><date>18-09-20 22:26:06:459</date><id>0</id><type>bounding_box</type><polygon><username>anonymous</username><pt><x>896</x><y>278</y><time>18-09-20 22:25:53:983</time></pt><pt><x>3396</x><y>278</y><time>18-09-20 22:25:56:596</time></pt><pt><x>3396</x><y>2589</y><time>undefined</time></pt><pt><x>896</x><y>2589</y><time>undefined</time></pt><closed_date>18-09-20 22:25:56:597</closed_date></polygon></object></annotation>