<annotation><filename>m1_s02_036_p_nic014.jpg</filename><folder>users/joselusava//valeria/sala2_036_nic</folder><source><submittedBy>Jose Saca</submittedBy></source><imagesize><nrows>3200</nrows><ncols>4800</ncols></imagesize><object><name>m1_s02_036_p_nic014</name><deleted>0</deleted><verified>0</verified><occluded>no</occluded><attributes></attributes><parts><hasparts></hasparts><ispartof></ispartof></parts><date>26-08-20 22:25:58:702</date><id>0</id><type>bounding_box</type><polygon><username>anonymous</username><pt><x>1863</x><y>505</y><time>26-08-20 22:25:53:043</time></pt><pt><x>2642</x><y>505</y><time>26-08-20 22:25:55:604</time></pt><pt><x>2642</x><y>1627</y><time>undefined</time></pt><pt><x>1863</x><y>1627</y><time>undefined</time></pt><closed_date>26-08-20 22:25:55:605</closed_date></polygon></object></annotation>