<annotation><filename>m2_s01_018_p_ic084.jpg</filename><folder>users/joselusava//santiago_2</folder><source><submittedBy>Jose Saca</submittedBy></source><imagesize><nrows>2850</nrows><ncols>4271</ncols></imagesize><object><name>m2_s01_018_p_ic084</name><deleted>0</deleted><verified>0</verified><occluded>no</occluded><attributes></attributes><parts><hasparts></hasparts><ispartof></ispartof></parts><date>28-09-20 18:16:41:521</date><id>0</id><type>bounding_box</type><polygon><username>anonymous</username><pt><x>1651</x><y>776</y><time>28-09-20 18:16:38:201</time></pt><pt><x>2667</x><y>776</y><time>28-09-20 18:16:39:176</time></pt><pt><x>2667</x><y>2010</y><time>undefined</time></pt><pt><x>1651</x><y>2010</y><time>undefined</time></pt><closed_date>28-09-20 18:16:39:177</closed_date></polygon></object></annotation>