<annotation><filename>m2_s03_201_p_ic063.jpg</filename><folder>users/joselusava//eg</folder><source><submittedBy>Jose Saca</submittedBy></source><imagesize><nrows>2910</nrows><ncols>4361</ncols></imagesize><object><name>m2_s03_201_p_ic063</name><deleted>0</deleted><verified>0</verified><occluded>no</occluded><attributes></attributes><parts><hasparts></hasparts><ispartof></ispartof></parts><date>17-09-20 07:31:24:267</date><id>0</id><type>bounding_box</type><polygon><username>anonymous</username><pt><x>932</x><y>258</y><time>17-09-20 07:31:07:576</time></pt><pt><x>3182</x><y>258</y><time>17-09-20 07:31:09:515</time></pt><pt><x>3182</x><y>2466</y><time>undefined</time></pt><pt><x>932</x><y>2466</y><time>undefined</time></pt><closed_date>17-09-20 07:31:09:516</closed_date></polygon></object></annotation>