<annotation><filename>m4_s11_178_p_ic042.jpg</filename><folder>users/joselusava//santiago_2</folder><source><submittedBy>Jose Saca</submittedBy></source><imagesize><nrows>2970</nrows><ncols>4451</ncols></imagesize><object><name>m4_s11_178_p_ic042</name><deleted>0</deleted><verified>0</verified><occluded>no</occluded><attributes></attributes><parts><hasparts></hasparts><ispartof></ispartof></parts><date>15-10-20 21:41:20:685</date><id>0</id><type>bounding_box</type><polygon><username>anonymous</username><pt><x>1763</x><y>750</y><time>15-10-20 21:41:17:249</time></pt><pt><x>2634</x><y>750</y><time>15-10-20 21:41:18:915</time></pt><pt><x>2634</x><y>2074</y><time>undefined</time></pt><pt><x>1763</x><y>2074</y><time>undefined</time></pt><closed_date>15-10-20 21:41:18:917</closed_date></polygon></object></annotation>