<annotation><filename>m4_s05_055_p_nic039.jpg</filename><folder>users/joselusava//valeria/m4_s05_055_nic</folder><source><submittedBy>Jose Saca</submittedBy></source><imagesize><nrows>2910</nrows><ncols>4361</ncols></imagesize><object><name>m4_s05_055_p_nic039</name><deleted>0</deleted><verified>0</verified><occluded>no</occluded><attributes></attributes><parts><hasparts></hasparts><ispartof></ispartof></parts><date>09-10-20 17:23:42:595</date><id>0</id><type>bounding_box</type><polygon><username>anonymous</username><pt><x>2844</x><y>55</y><time>09-10-20 17:23:36:978</time></pt><pt><x>4040</x><y>55</y><time>09-10-20 17:23:39:013</time></pt><pt><x>4040</x><y>1637</y><time>undefined</time></pt><pt><x>2844</x><y>1637</y><time>undefined</time></pt><closed_date>09-10-20 17:23:39:014</closed_date></polygon></object></annotation>