<annotation><filename>m4_s07_105_p_ic027.jpg</filename><folder>users/joselusava//kath/m4_105</folder><source><submittedBy>Jose Saca</submittedBy></source><imagesize><nrows>2970</nrows><ncols>4451</ncols></imagesize><object><name>m4_s07_105_p_ic027</name><deleted>0</deleted><verified>0</verified><occluded>no</occluded><attributes></attributes><parts><hasparts></hasparts><ispartof></ispartof></parts><date>29-10-20 08:03:32:342</date><id>0</id><type>bounding_box</type><polygon><username>anonymous</username><pt><x>1596</x><y>96</y><time>29-10-20 08:03:17:049</time></pt><pt><x>2855</x><y>96</y><time>29-10-20 08:03:21:105</time></pt><pt><x>2855</x><y>2590</y><time>undefined</time></pt><pt><x>1596</x><y>2590</y><time>undefined</time></pt><closed_date>29-10-20 08:03:21:107</closed_date></polygon></object></annotation>