<annotation><filename>m3_s01_013_p_nic053.jpg</filename><folder>users/joselusava//valeria/m03_s01_13_nic</folder><source><submittedBy>Jose Saca</submittedBy></source><imagesize><nrows>2970</nrows><ncols>4451</ncols></imagesize><object><name>m3_s01_013_p_nic053</name><deleted>0</deleted><verified>0</verified><occluded>no</occluded><attributes></attributes><parts><hasparts></hasparts><ispartof></ispartof></parts><date>06-11-20 23:33:09:459</date><id>0</id><type>bounding_box</type><polygon><username>anonymous</username><pt><x>3010</x><y>2730</y><time>06-11-20 23:33:02:221</time></pt><pt><x>154</x><y>2730</y><time>06-11-20 23:33:05:936</time></pt><pt><x>154</x><y>588</y><time>undefined</time></pt><pt><x>3010</x><y>588</y><time>undefined</time></pt><closed_date>06-11-20 23:33:05:938</closed_date></polygon></object></annotation>