<annotation><filename>m1_s01_021_p_ic049.jpg</filename><folder>users/joselusava//santiago</folder><source><submittedBy>Jose Saca</submittedBy></source><imagesize><nrows>3200</nrows><ncols>4800</ncols></imagesize><object><name>m1_s01_021_p_ic049</name><deleted>0</deleted><verified>0</verified><occluded>no</occluded><attributes></attributes><parts><hasparts></hasparts><ispartof></ispartof></parts><date>14-09-20 23:20:06:717</date><id>0</id><type>bounding_box</type><polygon><username>anonymous</username><pt><x>1699</x><y>1029</y><time>14-09-20 23:19:58:526</time></pt><pt><x>3016</x><y>1029</y><time>14-09-20 23:20:00:110</time></pt><pt><x>3016</x><y>2588</y><time>undefined</time></pt><pt><x>1699</x><y>2588</y><time>undefined</time></pt><closed_date>14-09-20 23:20:00:112</closed_date></polygon></object></annotation>