<annotation><filename>m2_s01_010_p_ic079.jpg</filename><folder>users/joselusava//santiago</folder><source><submittedBy>Jose Saca</submittedBy></source><imagesize><nrows>2850</nrows><ncols>4271</ncols></imagesize><object><name>m2_s01_010_p_ic079</name><deleted>0</deleted><verified>0</verified><occluded>no</occluded><attributes></attributes><parts><hasparts></hasparts><ispartof></ispartof></parts><date>21-09-20 23:28:00:296</date><id>0</id><type>bounding_box</type><polygon><username>anonymous</username><pt><x>1144</x><y>433</y><time>21-09-20 23:27:51:881</time></pt><pt><x>3167</x><y>433</y><time>21-09-20 23:27:53:721</time></pt><pt><x>3167</x><y>2494</y><time>undefined</time></pt><pt><x>1144</x><y>2494</y><time>undefined</time></pt><closed_date>21-09-20 23:27:53:723</closed_date></polygon></object></annotation>