<annotation><filename>m4_s10_157_p_ic061.jpg</filename><folder>users/joselusava//valeria/m04_s10_157_nic</folder><source><submittedBy>Jose Saca</submittedBy></source><imagesize><nrows>2970</nrows><ncols>4451</ncols></imagesize><object><name>m4_s10_157_p_nic061</name><deleted>0</deleted><verified>0</verified><occluded>no</occluded><attributes></attributes><parts><hasparts></hasparts><ispartof></ispartof></parts><date>12-10-20 21:25:28:377</date><id>0</id><type>bounding_box</type><polygon><username>anonymous</username><pt><x>731</x><y>2295</y><time>12-10-20 21:25:21:329</time></pt><pt><x>2498</x><y>2295</y><time>12-10-20 21:25:24:687</time></pt><pt><x>2498</x><y>146</y><time>undefined</time></pt><pt><x>731</x><y>146</y><time>undefined</time></pt><closed_date>12-10-20 21:25:24:687</closed_date></polygon></object></annotation>