<annotation><filename>m4_s05_060_p_ic064.jpg</filename><folder>users/joselusava//m4_js/60/ic</folder><source><submittedBy>Jose Saca</submittedBy></source><imagesize><nrows>2910</nrows><ncols>4361</ncols></imagesize><object><name>m4_s05_060_p_ic064</name><deleted>0</deleted><verified>0</verified><occluded>no</occluded><attributes></attributes><parts><hasparts></hasparts><ispartof></ispartof></parts><date>13-10-20 15:57:20:683</date><id>0</id><type>bounding_box</type><polygon><username>anonymous</username><pt><x>131</x><y>2394</y><time>13-10-20 15:57:17:440</time></pt><pt><x>4335</x><y>2394</y><time>13-10-20 15:57:19:821</time></pt><pt><x>4335</x><y>296</y><time>undefined</time></pt><pt><x>131</x><y>296</y><time>undefined</time></pt><closed_date>13-10-20 15:57:19:822</closed_date></polygon></object></annotation>