<annotation><filename>m1_s01_021_p_nic037.jpg</filename><folder>users/joselusava//santiago</folder><source><submittedBy>Jose Saca</submittedBy></source><imagesize><nrows>3200</nrows><ncols>4800</ncols></imagesize><object><name>m1_s01_021_p_nic037</name><deleted>0</deleted><verified>0</verified><occluded>no</occluded><attributes></attributes><parts><hasparts></hasparts><ispartof></ispartof></parts><date>15-09-20 16:22:55:142</date><id>0</id><type>bounding_box</type><polygon><username>anonymous</username><pt><x>533</x><y>1404</y><time>15-09-20 16:22:47:428</time></pt><pt><x>1127</x><y>1404</y><time>15-09-20 16:22:48:910</time></pt><pt><x>1127</x><y>2106</y><time>undefined</time></pt><pt><x>533</x><y>2106</y><time>undefined</time></pt><closed_date>15-09-20 16:22:48:912</closed_date></polygon></object></annotation>