<annotation><filename>m2_s05_236_p_nic096.jpg</filename><folder>users/joselusava//museos2020</folder><source><submittedBy>Jose Saca</submittedBy></source><imagesize><nrows>2910</nrows><ncols>4361</ncols></imagesize><object><name>m2_s05_236_p_nic096</name><deleted>0</deleted><verified>0</verified><occluded>no</occluded><attributes></attributes><parts><hasparts></hasparts><ispartof></ispartof></parts><date>17-09-20 13:40:31:748</date><id>0</id><type>bounding_box</type><polygon><username>anonymous</username><pt><x>246</x><y>609</y><time>17-09-20 13:40:24:040</time></pt><pt><x>3059</x><y>609</y><time>17-09-20 13:40:26:290</time></pt><pt><x>3059</x><y>2636</y><time>undefined</time></pt><pt><x>246</x><y>2636</y><time>undefined</time></pt><closed_date>17-09-20 13:40:26:291</closed_date></polygon></object></annotation>