<annotation><filename>m4_s04_039_p_nic028.jpg</filename><folder>users/joselusava//santiago_2</folder><source><submittedBy>Jose Saca</submittedBy></source><imagesize><nrows>2970</nrows><ncols>4451</ncols></imagesize><object><name>m4_s04_039_p_nic028</name><deleted>0</deleted><verified>0</verified><occluded>no</occluded><attributes></attributes><parts><hasparts></hasparts><ispartof></ispartof></parts><date>21-10-20 21:07:10:659</date><id>0</id><type>bounding_box</type><polygon><username>anonymous</username><pt><x>2470</x><y>1114</y><time>21-10-20 21:07:07:839</time></pt><pt><x>3198</x><y>1114</y><time>21-10-20 21:07:08:940</time></pt><pt><x>3198</x><y>2874</y><time>undefined</time></pt><pt><x>2470</x><y>2874</y><time>undefined</time></pt><closed_date>21-10-20 21:07:08:940</closed_date></polygon></object></annotation>