<annotation><filename>m4_s09_138_p_ic001.jpg</filename><folder>users/joselusava//santiago_2</folder><source><submittedBy>Jose Saca</submittedBy></source><imagesize><nrows>2970</nrows><ncols>4451</ncols></imagesize><object><name>m4_s09_138_p_ic001</name><deleted>0</deleted><verified>0</verified><occluded>no</occluded><attributes></attributes><parts><hasparts></hasparts><ispartof></ispartof></parts><date>22-10-20 13:44:34:111</date><id>0</id><type>bounding_box</type><polygon><username>anonymous</username><pt><x>1553</x><y>682</y><time>22-10-20 13:44:22:761</time></pt><pt><x>3259</x><y>682</y><time>22-10-20 13:44:24:811</time></pt><pt><x>3259</x><y>2060</y><time>undefined</time></pt><pt><x>1553</x><y>2060</y><time>undefined</time></pt><closed_date>22-10-20 13:44:24:813</closed_date></polygon></object></annotation>