<annotation><filename>m2_s06_244_p_nic081.jpg</filename><folder>users/joselusava//museos2020</folder><source><submittedBy>Jose Saca</submittedBy></source><imagesize><nrows>2910</nrows><ncols>4361</ncols></imagesize><object><name>m2_s06_244_p_ic081</name><deleted>0</deleted><verified>0</verified><occluded>no</occluded><attributes></attributes><parts><hasparts></hasparts><ispartof></ispartof></parts><date>26-09-20 21:56:31:183</date><id>0</id><type>bounding_box</type><polygon><username>anonymous</username><pt><x>2045</x><y>1585</y><time>26-09-20 21:56:23:693</time></pt><pt><x>3747</x><y>1585</y><time>26-09-20 21:56:25:727</time></pt><pt><x>3747</x><y>2282</y><time>undefined</time></pt><pt><x>2045</x><y>2282</y><time>undefined</time></pt><closed_date>26-09-20 21:56:25:728</closed_date></polygon></object></annotation>