<annotation><filename>m3_s01_010_p_ic058.jpg</filename><folder>users/joselusava//m4_js/m3/10/ic</folder><source><submittedBy>Jose Saca</submittedBy></source><imagesize><nrows>2970</nrows><ncols>4451</ncols></imagesize><object><name>m3_s01_010_p_ic058</name><deleted>0</deleted><verified>0</verified><occluded>no</occluded><attributes></attributes><parts><hasparts></hasparts><ispartof></ispartof></parts><date>29-10-20 13:11:43:200</date><id>0</id><type>bounding_box</type><polygon><username>anonymous</username><pt><x>3226</x><y>2822</y><time>29-10-20 13:11:41:278</time></pt><pt><x>948</x><y>2822</y><time>29-10-20 13:11:42:544</time></pt><pt><x>948</x><y>330</y><time>undefined</time></pt><pt><x>3226</x><y>330</y><time>undefined</time></pt><closed_date>29-10-20 13:11:42:545</closed_date></polygon></object></annotation>