<annotation><filename>img_m1_s10_303_p_nic057.jpg</filename><folder>users/joselusava//santiago</folder><source><submittedBy>Jose Saca</submittedBy></source><imagesize><nrows>3200</nrows><ncols>4800</ncols></imagesize><object><name>m1_s10_303_p_nic057</name><deleted>0</deleted><verified>0</verified><occluded>no</occluded><attributes></attributes><parts><hasparts></hasparts><ispartof></ispartof></parts><date>01-09-20 22:07:22:431</date><id>0</id><type>bounding_box</type><polygon><username>anonymous</username><pt><x>360</x><y>885</y><time>01-09-20 22:07:12:105</time></pt><pt><x>1220</x><y>885</y><time>01-09-20 22:07:14:233</time></pt><pt><x>1220</x><y>1814</y><time>undefined</time></pt><pt><x>360</x><y>1814</y><time>undefined</time></pt><closed_date>01-09-20 22:07:14:234</closed_date></polygon></object></annotation>