<annotation><filename>m4_s05_052_p_ic029.jpg</filename><folder>users/joselusava//santiago_2</folder><source><submittedBy>Jose Saca</submittedBy></source><imagesize><nrows>2910</nrows><ncols>4361</ncols></imagesize><object><name>m4_s05_052_p_ic029</name><deleted>0</deleted><verified>0</verified><occluded>no</occluded><attributes></attributes><parts><hasparts></hasparts><ispartof></ispartof></parts><date>07-10-20 16:38:55:362</date><id>0</id><type>bounding_box</type><polygon><username>anonymous</username><pt><x>1493</x><y>568</y><time>07-10-20 16:38:50:272</time></pt><pt><x>2792</x><y>568</y><time>07-10-20 16:38:51:341</time></pt><pt><x>2792</x><y>2425</y><time>undefined</time></pt><pt><x>1493</x><y>2425</y><time>undefined</time></pt><closed_date>07-10-20 16:38:51:341</closed_date></polygon></object></annotation>