<annotation><filename>m4_s05_060_p_ic073.jpg</filename><folder>users/joselusava//m4_js/60/ic</folder><source><submittedBy>Jose Saca</submittedBy></source><imagesize><nrows>2910</nrows><ncols>4361</ncols></imagesize><object><name>m4_s05_060_p_ic073</name><deleted>0</deleted><verified>0</verified><occluded>no</occluded><attributes></attributes><parts><hasparts></hasparts><ispartof></ispartof></parts><date>13-10-20 16:01:11:769</date><id>0</id><type>bounding_box</type><polygon><username>anonymous</username><pt><x>52</x><y>2472</y><time>13-10-20 16:01:09:226</time></pt><pt><x>4361</x><y>2472</y><time>13-10-20 16:01:10:852</time></pt><pt><x>4361</x><y>557</y><time>undefined</time></pt><pt><x>52</x><y>557</y><time>undefined</time></pt><closed_date>13-10-20 16:01:10:852</closed_date></polygon></object></annotation>