<annotation><filename>m4_s03_027_x.jpg</filename><folder>users/joselusava//kath/m4_x</folder><source><submittedBy>Jose Saca</submittedBy></source><imagesize><nrows>3899</nrows><ncols>5844</ncols></imagesize><object><name>m4_s03_027_x</name><deleted>0</deleted><verified>0</verified><occluded>no</occluded><attributes></attributes><parts><hasparts></hasparts><ispartof></ispartof></parts><date>24-10-20 12:10:27:526</date><id>0</id><polygon><username>anonymous</username><pt><x>1823</x><y>271</y><time>24-10-20 12:10:10:906</time></pt><pt><x>1527</x><y>3237</y><time>24-10-20 12:10:11:981</time></pt><pt><x>4189</x><y>3211</y><time>24-10-20 12:10:15:990</time></pt><pt><x>3798</x><y>322</y><time>24-10-20 12:10:23:950</time></pt><closed_date>24-10-20 12:10:25:109</closed_date></polygon></object></annotation>