<annotation><filename>m3_s01_023_p_nic085.jpg</filename><folder>users/joselusava//santiago_3</folder><source><submittedBy>Jose Saca</submittedBy></source><imagesize><nrows>2970</nrows><ncols>4451</ncols></imagesize><object><name>m3_s01_023_p_nic085</name><deleted>0</deleted><verified>0</verified><occluded>no</occluded><attributes></attributes><parts><hasparts></hasparts><ispartof></ispartof></parts><date>06-11-20 11:43:45:133</date><id>0</id><type>bounding_box</type><polygon><username>anonymous</username><pt><x>129</x><y>782</y><time>06-11-20 11:43:42:043</time></pt><pt><x>1906</x><y>782</y><time>06-11-20 11:43:43:213</time></pt><pt><x>1906</x><y>2477</y><time>undefined</time></pt><pt><x>129</x><y>2477</y><time>undefined</time></pt><closed_date>06-11-20 11:43:43:213</closed_date></polygon></object></annotation>