<annotation><filename>m2_s03_234_x.jpg</filename><folder>users/joselusava//museos2020</folder><source><submittedBy>Jose Saca</submittedBy></source><imagesize><nrows>2910</nrows><ncols>4361</ncols></imagesize><object><name>m2_s03_234_x</name><deleted>0</deleted><verified>0</verified><occluded>no</occluded><attributes></attributes><parts><hasparts></hasparts><ispartof></ispartof></parts><date>16-09-20 15:06:50:887</date><id>0</id><type>bounding_box</type><polygon><username>anonymous</username><pt><x>586</x><y>446</y><time>16-09-20 15:06:41:077</time></pt><pt><x>3784</x><y>446</y><time>16-09-20 15:06:42:794</time></pt><pt><x>3784</x><y>2543</y><time>undefined</time></pt><pt><x>586</x><y>2543</y><time>undefined</time></pt><closed_date>16-09-20 15:06:42:795</closed_date></polygon></object></annotation>