<annotation><filename>m4_s11_178_p_nic030.jpg</filename><folder>users/joselusava//santiago_2</folder><source><submittedBy>Jose Saca</submittedBy></source><imagesize><nrows>2970</nrows><ncols>4451</ncols></imagesize><object><name>m4_s11_178_p_nic030</name><deleted>0</deleted><verified>0</verified><occluded>no</occluded><attributes></attributes><parts><hasparts></hasparts><ispartof></ispartof></parts><date>15-10-20 23:16:32:284</date><id>0</id><type>bounding_box</type><polygon><username>anonymous</username><pt><x>842</x><y>1367</y><time>15-10-20 23:16:28:495</time></pt><pt><x>2210</x><y>1367</y><time>15-10-20 23:16:29:901</time></pt><pt><x>2210</x><y>2738</y><time>undefined</time></pt><pt><x>842</x><y>2738</y><time>undefined</time></pt><closed_date>15-10-20 23:16:29:902</closed_date></polygon></object></annotation>