<annotation><filename>m4_s10_164_p_ic001.jpg</filename><folder>users/joselusava//santiago_2</folder><source><submittedBy>Jose Saca</submittedBy></source><imagesize><nrows>2970</nrows><ncols>4451</ncols></imagesize><object><name>m4_s10_164_p_ic001</name><deleted>0</deleted><verified>0</verified><occluded>no</occluded><attributes></attributes><parts><hasparts></hasparts><ispartof></ispartof></parts><date>13-10-20 21:24:54:021</date><id>0</id><type>bounding_box</type><polygon><username>anonymous</username><pt><x>1878</x><y>1000</y><time>13-10-20 21:24:50:260</time></pt><pt><x>2642</x><y>1000</y><time>13-10-20 21:24:51:129</time></pt><pt><x>2642</x><y>1767</y><time>undefined</time></pt><pt><x>1878</x><y>1767</y><time>undefined</time></pt><closed_date>13-10-20 21:24:51:131</closed_date></polygon></object></annotation>