<annotation><filename>m3_s01_023_p_nic039.jpg</filename><folder>users/joselusava//santiago_3</folder><source><submittedBy>Jose Saca</submittedBy></source><imagesize><nrows>2970</nrows><ncols>4451</ncols></imagesize><object><name>m3_s01_023_p_nic039</name><deleted>0</deleted><verified>0</verified><occluded>no</occluded><attributes></attributes><parts><hasparts></hasparts><ispartof></ispartof></parts><date>06-11-20 09:28:35:535</date><id>0</id><type>bounding_box</type><polygon><username>anonymous</username><pt><x>1492</x><y>996</y><time>06-11-20 09:28:32:022</time></pt><pt><x>3156</x><y>996</y><time>06-11-20 09:28:33:172</time></pt><pt><x>3156</x><y>2906</y><time>undefined</time></pt><pt><x>1492</x><y>2906</y><time>undefined</time></pt><closed_date>06-11-20 09:28:33:173</closed_date></polygon></object></annotation>