<annotation><filename>m3_s01_010_p_ic030.jpg</filename><folder>users/joselusava//m4_js/m3/10/ic</folder><source><submittedBy>Jose Saca</submittedBy></source><imagesize><nrows>2970</nrows><ncols>4451</ncols></imagesize><object><name>m3_s01_010_p_ic030</name><deleted>0</deleted><verified>0</verified><occluded>no</occluded><attributes></attributes><parts><hasparts></hasparts><ispartof></ispartof></parts><date>29-10-20 11:09:36:124</date><id>0</id><type>bounding_box</type><polygon><username>anonymous</username><pt><x>4281</x><y>2651</y><time>29-10-20 11:09:33:696</time></pt><pt><x>490</x><y>2651</y><time>29-10-20 11:09:35:424</time></pt><pt><x>490</x><y>192</y><time>undefined</time></pt><pt><x>4281</x><y>192</y><time>undefined</time></pt><closed_date>29-10-20 11:09:35:424</closed_date></polygon></object></annotation>