<annotation><filename>m1_s06_144_p_ic069.jpg</filename><folder>users/joselusava//jacob_2/144ic</folder><source><submittedBy>Jose Saca</submittedBy></source><imagesize><nrows>2736</nrows><ncols>4100</ncols></imagesize><object><name>m1_s06_144_p_ic069</name><deleted>0</deleted><verified>0</verified><occluded>no</occluded><attributes></attributes><parts><hasparts></hasparts><ispartof></ispartof></parts><date>08-09-20 01:35:17:672</date><id>0</id><type>bounding_box</type><polygon><username>anonymous</username><pt><x>704</x><y>2570</y><time>08-09-20 01:35:14:985</time></pt><pt><x>3151</x><y>2570</y><time>08-09-20 01:35:16:947</time></pt><pt><x>3151</x><y>155</y><time>undefined</time></pt><pt><x>704</x><y>155</y><time>undefined</time></pt><closed_date>08-09-20 01:35:16:948</closed_date></polygon></object></annotation>