<annotation><filename>m4_s09_150_x.jpg</filename><folder>users/joselusava//kath/m4_x</folder><source><submittedBy>Jose Saca</submittedBy></source><imagesize><nrows>2970</nrows><ncols>4451</ncols></imagesize><object><name>m4_s09_150_x</name><deleted>0</deleted><verified>0</verified><occluded>no</occluded><attributes></attributes><parts><hasparts></hasparts><ispartof></ispartof></parts><date>21-10-20 11:59:38:177</date><id>0</id><type>bounding_box</type><polygon><username>anonymous</username><pt><x>1067</x><y>192</y><time>21-10-20 11:59:32:002</time></pt><pt><x>3326</x><y>192</y><time>21-10-20 11:59:35:801</time></pt><pt><x>3326</x><y>2730</y><time>undefined</time></pt><pt><x>1067</x><y>2730</y><time>undefined</time></pt><closed_date>21-10-20 11:59:35:803</closed_date></polygon></object></annotation>