<annotation><filename>m4_s05_064_x.jpg</filename><folder>users/joselusava//kath/m4_x</folder><source><submittedBy>Jose Saca</submittedBy></source><imagesize><nrows>2910</nrows><ncols>4361</ncols></imagesize><object><name>m4_s05_064_x</name><deleted>0</deleted><verified>0</verified><occluded>no</occluded><attributes></attributes><parts><hasparts></hasparts><ispartof></ispartof></parts><date>20-10-20 09:32:54:418</date><id>0</id><polygon><username>anonymous</username><pt><x>819</x><y>589</y><time>20-10-20 09:32:48:332</time></pt><pt><x>612</x><y>2496</y><time>20-10-20 09:32:49:051</time></pt><pt><x>3574</x><y>2373</y><time>20-10-20 09:32:50:204</time></pt><pt><x>3301</x><y>542</y><time>20-10-20 09:32:51:115</time></pt><closed_date>20-10-20 09:32:52:291</closed_date></polygon></object></annotation>