<annotation><filename>m4_s10_157_p_ic002.jpg</filename><folder>users/joselusava//valeria/m04_s10_157_nic</folder><source><submittedBy>Jose Saca</submittedBy></source><imagesize><nrows>2970</nrows><ncols>4451</ncols></imagesize><object><name>m4_s10_157_p_nic002</name><deleted>0</deleted><verified>0</verified><occluded>no</occluded><attributes></attributes><parts><hasparts></hasparts><ispartof></ispartof></parts><date>12-10-20 18:56:14:713</date><id>0</id><type>bounding_box</type><polygon><username>anonymous</username><pt><x>2402</x><y>658</y><time>12-10-20 18:56:09:271</time></pt><pt><x>4275</x><y>658</y><time>12-10-20 18:56:11:175</time></pt><pt><x>4275</x><y>2683</y><time>undefined</time></pt><pt><x>2402</x><y>2683</y><time>undefined</time></pt><closed_date>12-10-20 18:56:11:176</closed_date></polygon></object></annotation>