<annotation><filename>m2_s01_001_p_nic058.jpg</filename><folder>users/joselusava//santiago</folder><source><submittedBy>Jose Saca</submittedBy></source><imagesize><nrows>2850</nrows><ncols>4271</ncols></imagesize><object><name>m2_s01_001_p_nic058</name><deleted>0</deleted><verified>0</verified><occluded>no</occluded><attributes></attributes><parts><hasparts></hasparts><ispartof></ispartof></parts><date>19-09-20 22:59:11:416</date><id>0</id><type>bounding_box</type><polygon><username>anonymous</username><pt><x>2180</x><y>1035</y><time>19-09-20 22:59:03:650</time></pt><pt><x>3722</x><y>1035</y><time>19-09-20 22:59:05:022</time></pt><pt><x>3722</x><y>2667</y><time>undefined</time></pt><pt><x>2180</x><y>2667</y><time>undefined</time></pt><closed_date>19-09-20 22:59:05:022</closed_date></polygon></object></annotation>