<annotation><filename>m2_s06_250_p_ic094.jpg</filename><folder>users/joselusava//valeria/m2_sala06_250_ic</folder><source><submittedBy>Jose Saca</submittedBy></source><imagesize><nrows>2910</nrows><ncols>4361</ncols></imagesize><object><name>m2_s06_250_p_ic093</name><deleted>0</deleted><verified>0</verified><occluded>no</occluded><attributes></attributes><parts><hasparts></hasparts><ispartof></ispartof></parts><date>01-10-20 12:13:36:480</date><id>0</id><type>bounding_box</type><polygon><username>anonymous</username><pt><x>463</x><y>1686</y><time>01-10-20 12:13:27:412</time></pt><pt><x>4161</x><y>1686</y><time>01-10-20 12:13:31:094</time></pt><pt><x>4161</x><y>909</y><time>undefined</time></pt><pt><x>463</x><y>909</y><time>undefined</time></pt><closed_date>01-10-20 12:13:31:124</closed_date></polygon></object></annotation>