<annotation><filename>m2_s01_018_p_ic087.jpg</filename><folder>users/joselusava//santiago_2</folder><source><submittedBy>Jose Saca</submittedBy></source><imagesize><nrows>2850</nrows><ncols>4271</ncols></imagesize><object><name>m2_s01_018_p_ic087</name><deleted>0</deleted><verified>0</verified><occluded>no</occluded><attributes></attributes><parts><hasparts></hasparts><ispartof></ispartof></parts><date>28-09-20 18:19:43:281</date><id>0</id><type>bounding_box</type><polygon><username>anonymous</username><pt><x>1449</x><y>734</y><time>28-09-20 18:19:37:709</time></pt><pt><x>2731</x><y>734</y><time>28-09-20 18:19:38:382</time></pt><pt><x>2731</x><y>1853</y><time>undefined</time></pt><pt><x>1449</x><y>1853</y><time>undefined</time></pt><closed_date>28-09-20 18:19:38:383</closed_date></polygon></object></annotation>