<annotation><filename>m4_s02_021_p_ic066.jpg</filename><folder>users/joselusava//santiago_2</folder><source><submittedBy>Jose Saca</submittedBy></source><imagesize><nrows>3000</nrows><ncols>4496</ncols></imagesize><object><name>m4_s02_021_p_ic066</name><deleted>0</deleted><verified>0</verified><occluded>no</occluded><attributes></attributes><parts><hasparts></hasparts><ispartof></ispartof></parts><date>04-10-20 19:12:01:098</date><id>0</id><type>bounding_box</type><polygon><username>anonymous</username><pt><x>1446</x><y>207</y><time>04-10-20 19:11:56:685</time></pt><pt><x>2611</x><y>207</y><time>04-10-20 19:11:58:659</time></pt><pt><x>2611</x><y>2350</y><time>undefined</time></pt><pt><x>1446</x><y>2350</y><time>undefined</time></pt><closed_date>04-10-20 19:11:58:660</closed_date></polygon></object></annotation>