<annotation><filename>m2_s01_018_p_nic042.jpg</filename><folder>users/joselusava//santiago_2</folder><source><submittedBy>Jose Saca</submittedBy></source><imagesize><nrows>2850</nrows><ncols>4271</ncols></imagesize><object><name>m2_s01_018_p_nic042</name><deleted>0</deleted><verified>0</verified><occluded>no</occluded><attributes></attributes><parts><hasparts></hasparts><ispartof></ispartof></parts><date>28-09-20 21:47:42:164</date><id>0</id><type>bounding_box</type><polygon><username>anonymous</username><pt><x>2327</x><y>1924</y><time>28-09-20 21:47:39:545</time></pt><pt><x>2799</x><y>1924</y><time>28-09-20 21:47:40:272</time></pt><pt><x>2799</x><y>2446</y><time>undefined</time></pt><pt><x>2327</x><y>2446</y><time>undefined</time></pt><closed_date>28-09-20 21:47:40:274</closed_date></polygon></object></annotation>