<annotation><filename>m2_s01_024_p_ic091.jpg</filename><folder>users/joselusava//santiago</folder><source><submittedBy>Jose Saca</submittedBy></source><imagesize><nrows>2850</nrows><ncols>4271</ncols></imagesize><object><name>m2_s01_024_p_ic091</name><deleted>0</deleted><verified>0</verified><occluded>no</occluded><attributes></attributes><parts><hasparts></hasparts><ispartof></ispartof></parts><date>24-09-20 23:08:58:606</date><id>0</id><type>bounding_box</type><polygon><username>anonymous</username><pt><x>1141</x><y>391</y><time>24-09-20 23:08:52:392</time></pt><pt><x>2747</x><y>391</y><time>24-09-20 23:08:53:966</time></pt><pt><x>2747</x><y>2821</y><time>undefined</time></pt><pt><x>1141</x><y>2821</y><time>undefined</time></pt><closed_date>24-09-20 23:08:53:968</closed_date></polygon></object></annotation>