<annotation><filename>m4_s04_037_p_nic054.jpg</filename><folder>users/joselusava//santiago_2</folder><source><submittedBy>Jose Saca</submittedBy></source><imagesize><nrows>2970</nrows><ncols>4451</ncols></imagesize><object><name>m4_s04_037_p_nic054</name><deleted>0</deleted><verified>0</verified><occluded>no</occluded><attributes></attributes><parts><hasparts></hasparts><ispartof></ispartof></parts><date>19-10-20 22:29:56:785</date><id>0</id><type>bounding_box</type><polygon><username>anonymous</username><pt><x>2070</x><y>196</y><time>19-10-20 22:29:53:548</time></pt><pt><x>2859</x><y>196</y><time>19-10-20 22:29:54:612</time></pt><pt><x>2859</x><y>1396</y><time>undefined</time></pt><pt><x>2070</x><y>1396</y><time>undefined</time></pt><closed_date>19-10-20 22:29:54:614</closed_date></polygon></object></annotation>