<annotation><filename>m1_s02_036_p_nic056.jpg</filename><folder>users/joselusava//valeria/sala2_036_nic</folder><source><submittedBy>Jose Saca</submittedBy></source><imagesize><nrows>3200</nrows><ncols>4800</ncols></imagesize><object><name>m1_s02_036_p_nic055</name><deleted>0</deleted><verified>0</verified><occluded>no</occluded><attributes/><parts><hasparts/><ispartof/></parts><date>27-08-20 00:06:15:373</date><id>0</id><type>bounding_box</type><polygon><username>anonymous</username><pt><x>2341</x><y>285</y><time>27-08-20 00:06:10:006</time></pt><pt><x>3608</x><y>285</y><time>27-08-20 00:06:11:974</time></pt><pt><x>3608</x><y>1396</y><time>undefined</time></pt><pt><x>2341</x><y>1396</y><time>undefined</time></pt><closed_date>27-08-20 00:06:11:975</closed_date></polygon></object><object><name>m1_s02_036_p_nic056</name><deleted>0</deleted><verified>0</verified><occluded>no</occluded><attributes></attributes><parts><hasparts></hasparts><ispartof></ispartof></parts><date>27-08-20 00:33:26:227</date><id>1</id><type>bounding_box</type><polygon><username>anonymous</username><pt><x>2334</x><y>266</y><time>27-08-20 00:33:11:445</time></pt><pt><x>3628</x><y>266</y><time>27-08-20 00:33:14:928</time></pt><pt><x>3628</x><y>1398</y><time>undefined</time></pt><pt><x>2334</x><y>1398</y><time>undefined</time></pt><closed_date>27-08-20 00:33:14:930</closed_date></polygon></object></annotation>