<annotation><filename>m1_s01_017_p_ic072.jpg</filename><folder>users/joselusava//santiago</folder><source><submittedBy>Jose Saca</submittedBy></source><imagesize><nrows>3200</nrows><ncols>4800</ncols></imagesize><object><name>m1_s01_017_p_ic072</name><deleted>0</deleted><verified>0</verified><occluded>no</occluded><attributes></attributes><parts><hasparts></hasparts><ispartof></ispartof></parts><date>10-09-20 22:53:34:636</date><id>0</id><type>bounding_box</type><polygon><username>anonymous</username><pt><x>1339</x><y>878</y><time>10-09-20 22:53:25:832</time></pt><pt><x>3045</x><y>878</y><time>10-09-20 22:53:28:546</time></pt><pt><x>3045</x><y>2333</y><time>undefined</time></pt><pt><x>1339</x><y>2333</y><time>undefined</time></pt><closed_date>10-09-20 22:53:28:547</closed_date></polygon></object></annotation>