<annotation><filename>m2_s03_219_p_ic067.jpg</filename><folder>users/joselusava//valeria/m2_sala03_219_ic</folder><source><submittedBy>Jose Saca</submittedBy></source><imagesize><nrows>2910</nrows><ncols>4361</ncols></imagesize><object><name>m2_s03_219_p_ic067</name><deleted>0</deleted><verified>0</verified><occluded>no</occluded><attributes></attributes><parts><hasparts></hasparts><ispartof></ispartof></parts><date>29-09-20 00:52:51:512</date><id>0</id><type>bounding_box</type><polygon><username>anonymous</username><pt><x>2712</x><y>88</y><time>29-09-20 00:52:45:933</time></pt><pt><x>1273</x><y>88</y><time>29-09-20 00:52:48:222</time></pt><pt><x>1273</x><y>2712</y><time>undefined</time></pt><pt><x>2712</x><y>2712</y><time>undefined</time></pt><closed_date>29-09-20 00:52:48:223</closed_date></polygon></object></annotation>