<annotation><filename>m1_s06_186_p_ic056.jpg</filename><folder>users/joselusava//jacob_2/186ic</folder><source><submittedBy>Jose Saca</submittedBy></source><imagesize><nrows>2736</nrows><ncols>4100</ncols></imagesize><object><name>s06_186_p_ic056</name><deleted>0</deleted><verified>0</verified><occluded>no</occluded><attributes></attributes><parts><hasparts></hasparts><ispartof></ispartof></parts><date>09-09-20 11:48:36:457</date><id>0</id><type>bounding_box</type><polygon><username>anonymous</username><pt><x>3126</x><y>2512</y><time>09-09-20 11:48:32:104</time></pt><pt><x>966</x><y>2512</y><time>09-09-20 11:48:35:752</time></pt><pt><x>966</x><y>344</y><time>undefined</time></pt><pt><x>3126</x><y>344</y><time>undefined</time></pt><closed_date>09-09-20 11:48:35:752</closed_date></polygon></object></annotation>