<annotation><filename>m2_s02_190_p_ic016.jpg</filename><folder>users/joselusava//m2_jsv/190/ic</folder><source><submittedBy>Jose Saca</submittedBy></source><imagesize><nrows>2910</nrows><ncols>4361</ncols></imagesize><object><name>m2_s02_190_p_ic016</name><deleted>0</deleted><verified>0</verified><occluded>no</occluded><attributes></attributes><parts><hasparts></hasparts><ispartof></ispartof></parts><date>20-09-20 17:27:51:434</date><id>0</id><type>bounding_box</type><polygon><username>anonymous</username><pt><x>2759</x><y>2376</y><time>20-09-20 17:27:49:113</time></pt><pt><x>1602</x><y>2376</y><time>20-09-20 17:27:50:637</time></pt><pt><x>1602</x><y>496</y><time>undefined</time></pt><pt><x>2759</x><y>496</y><time>undefined</time></pt><closed_date>20-09-20 17:27:50:637</closed_date></polygon></object></annotation>