<annotation><filename>m2_s01_001_p_ic002.jpg</filename><folder>users/joselusava//santiago</folder><source><submittedBy>Jose Saca</submittedBy></source><imagesize><nrows>2850</nrows><ncols>4271</ncols></imagesize><object><name>m2_s01_001_p_ic002</name><deleted>0</deleted><verified>0</verified><occluded>no</occluded><attributes></attributes><parts><hasparts></hasparts><ispartof></ispartof></parts><date>18-09-20 22:01:53:701</date><id>0</id><type>bounding_box</type><polygon><username>anonymous</username><pt><x>997</x><y>365</y><time>18-09-20 22:01:43:607</time></pt><pt><x>3132</x><y>365</y><time>18-09-20 22:01:47:650</time></pt><pt><x>3132</x><y>2555</y><time>undefined</time></pt><pt><x>997</x><y>2555</y><time>undefined</time></pt><closed_date>18-09-20 22:01:47:650</closed_date></polygon></object></annotation>