<annotation><filename>m4_s06_089_p_ic096.jpg</filename><folder>users/joselusava//santiago_2</folder><source><submittedBy>Jose Saca</submittedBy></source><imagesize><nrows>2970</nrows><ncols>4451</ncols></imagesize><object><name>m4_s06_089_p_ic096</name><deleted>0</deleted><verified>0</verified><occluded>no</occluded><attributes></attributes><parts><hasparts></hasparts><ispartof></ispartof></parts><date>11-10-20 22:07:44:253</date><id>0</id><type>bounding_box</type><polygon><username>anonymous</username><pt><x>1220</x><y>672</y><time>11-10-20 22:07:40:296</time></pt><pt><x>2708</x><y>672</y><time>11-10-20 22:07:41:573</time></pt><pt><x>2708</x><y>2602</y><time>undefined</time></pt><pt><x>1220</x><y>2602</y><time>undefined</time></pt><closed_date>11-10-20 22:07:41:574</closed_date></polygon></object></annotation>