<annotation><filename>m1_s02_052_p_ic016.jpg</filename><folder>users/joselusava//valeria/sala2_052_ic</folder><source><submittedBy>Jose Saca</submittedBy></source><imagesize><nrows>3200</nrows><ncols>4800</ncols></imagesize><object><name>m1_s02_052_p_ic016</name><deleted>0</deleted><verified>0</verified><occluded>no</occluded><attributes></attributes><parts><hasparts></hasparts><ispartof></ispartof></parts><date>25-08-20 16:05:49:953</date><id>0</id><type>bounding_box</type><polygon><username>anonymous</username><pt><x>494</x><y>209</y><time>25-08-20 16:05:43:168</time></pt><pt><x>4193</x><y>209</y><time>25-08-20 16:05:46:157</time></pt><pt><x>4193</x><y>3109</y><time>undefined</time></pt><pt><x>494</x><y>3109</y><time>undefined</time></pt><closed_date>25-08-20 16:05:46:158</closed_date></polygon></object></annotation>