<annotation><filename>m4_s12_185_p_nic040.jpg</filename><folder>users/joselusava//valeria/m04_s12_185_nic</folder><source><submittedBy>Jose Saca</submittedBy></source><imagesize><nrows>2910</nrows><ncols>4361</ncols></imagesize><object><name>m4_s12_185_p_nic040</name><deleted>0</deleted><verified>0</verified><occluded>no</occluded><attributes></attributes><parts><hasparts></hasparts><ispartof></ispartof></parts><date>17-10-20 23:08:40:216</date><id>0</id><type>bounding_box</type><polygon><username>anonymous</username><pt><x>3106</x><y>2132</y><time>17-10-20 23:08:33:041</time></pt><pt><x>923</x><y>2132</y><time>17-10-20 23:08:36:421</time></pt><pt><x>923</x><y>62</y><time>undefined</time></pt><pt><x>3106</x><y>62</y><time>undefined</time></pt><closed_date>17-10-20 23:08:36:423</closed_date></polygon></object></annotation>