<annotation><filename>m3_s01_010_p_nic026.jpg</filename><folder>users/joselusava//m4_js/m3/10/nic</folder><source><submittedBy>Jose Saca</submittedBy></source><imagesize><nrows>2970</nrows><ncols>4451</ncols></imagesize><object><name>m3_s01_010_p_nic026</name><deleted>0</deleted><verified>0</verified><occluded>no</occluded><attributes></attributes><parts><hasparts></hasparts><ispartof></ispartof></parts><date>29-10-20 13:40:26:618</date><id>0</id><type>bounding_box</type><polygon><username>anonymous</username><pt><x>3003</x><y>2971</y><time>29-10-20 13:40:24:270</time></pt><pt><x>0</x><y>2971</y><time>29-10-20 13:40:25:986</time></pt><pt><x>0</x><y>809</y><time>undefined</time></pt><pt><x>3003</x><y>809</y><time>undefined</time></pt><closed_date>29-10-20 13:40:25:986</closed_date></polygon></object></annotation>