<annotation><filename>m2_s01_001_p_nic087.jpg</filename><folder>users/joselusava//santiago</folder><source><submittedBy>Jose Saca</submittedBy></source><imagesize><nrows>2850</nrows><ncols>4271</ncols></imagesize><object><name>m2_s01_001_p_nic087</name><deleted>0</deleted><verified>0</verified><occluded>no</occluded><attributes></attributes><parts><hasparts></hasparts><ispartof></ispartof></parts><date>19-09-20 23:38:14:205</date><id>0</id><type>bounding_box</type><polygon><username>anonymous</username><pt><x>1936</x><y>1064</y><time>19-09-20 23:38:06:172</time></pt><pt><x>3760</x><y>1064</y><time>19-09-20 23:38:07:879</time></pt><pt><x>3760</x><y>2706</y><time>undefined</time></pt><pt><x>1936</x><y>2706</y><time>undefined</time></pt><closed_date>19-09-20 23:38:07:881</closed_date></polygon></object></annotation>