<annotation><filename>m1_s02_029_p_nic012.jpg</filename><folder>users/joselusava//museos2020</folder><source><submittedBy>Jose Saca</submittedBy></source><imagesize><nrows>3200</nrows><ncols>4800</ncols></imagesize><object><name>m1_s02_029_p_nic012</name><deleted>0</deleted><verified>0</verified><occluded>no</occluded><attributes></attributes><parts><hasparts></hasparts><ispartof></ispartof></parts><date>27-08-20 18:27:35:872</date><id>0</id><type>bounding_box</type><polygon><username>anonymous</username><pt><x>4736</x><y>3039</y><time>27-08-20 18:27:30:225</time></pt><pt><x>3576</x><y>3039</y><time>27-08-20 18:27:33:140</time></pt><pt><x>3576</x><y>1863</y><time>undefined</time></pt><pt><x>4736</x><y>1863</y><time>undefined</time></pt><closed_date>27-08-20 18:27:33:142</closed_date></polygon></object></annotation>