<annotation><filename>img_m1_s03-04_101_p_nic076.jpg</filename><folder>users/joselusava//valeria/sala3y4_101_nic</folder><source><submittedBy>Jose Saca</submittedBy></source><imagesize><nrows>3200</nrows><ncols>4800</ncols></imagesize><object><name>m1_s03_s04_101_p_nic076</name><deleted>0</deleted><verified>0</verified><occluded>no</occluded><attributes></attributes><parts><hasparts></hasparts><ispartof></ispartof></parts><date>30-08-20 00:49:49:613</date><id>0</id><type>bounding_box</type><polygon><username>anonymous</username><pt><x>4006</x><y>1467</y><time>30-08-20 00:49:44:360</time></pt><pt><x>1206</x><y>1467</y><time>30-08-20 00:49:46:191</time></pt><pt><x>1206</x><y>273</y><time>undefined</time></pt><pt><x>4006</x><y>273</y><time>undefined</time></pt><closed_date>30-08-20 00:49:46:193</closed_date></polygon></object></annotation>