<annotation><filename>m1_s06_144_p_nic094.jpg</filename><folder>users/joselusava//jacob_2/144nic</folder><source><submittedBy>Jose Saca</submittedBy></source><imagesize><nrows>2736</nrows><ncols>4100</ncols></imagesize><object><name>m1_s06_144_p_nic094</name><deleted>0</deleted><verified>0</verified><occluded>no</occluded><attributes></attributes><parts><hasparts></hasparts><ispartof></ispartof></parts><date>08-09-20 14:03:59:976</date><id>0</id><type>bounding_box</type><polygon><username>anonymous</username><pt><x>196</x><y>2119</y><time>08-09-20 14:03:57:487</time></pt><pt><x>2038</x><y>2119</y><time>08-09-20 14:03:59:362</time></pt><pt><x>2038</x><y>522</y><time>undefined</time></pt><pt><x>196</x><y>522</y><time>undefined</time></pt><closed_date>08-09-20 14:03:59:362</closed_date></polygon></object></annotation>