<annotation><filename>m4_s03_025_p_nic030.jpg</filename><folder>users/joselusava//santiago_3</folder><source><submittedBy>Jose Saca</submittedBy></source><imagesize><nrows>2910</nrows><ncols>4361</ncols></imagesize><object><name>m4_s03_025_p_nic030</name><deleted>0</deleted><verified>0</verified><occluded>no</occluded><attributes></attributes><parts><hasparts></hasparts><ispartof></ispartof></parts><date>07-11-20 23:44:34:889</date><id>0</id><type>bounding_box</type><polygon><username>anonymous</username><pt><x>1147</x><y>1483</y><time>07-11-20 23:44:31:451</time></pt><pt><x>3267</x><y>1483</y><time>07-11-20 23:44:32:956</time></pt><pt><x>3267</x><y>2784</y><time>undefined</time></pt><pt><x>1147</x><y>2784</y><time>undefined</time></pt><closed_date>07-11-20 23:44:32:957</closed_date></polygon></object></annotation>