<annotation><filename>m2_s02_129_p_nic066.jpg</filename><folder>users/joselusava//m2_jsv/129/nic</folder><source><submittedBy>Jose Saca</submittedBy></source><imagesize><nrows>2910</nrows><ncols>4361</ncols></imagesize><object><name>m2_s02_129_p_nic066</name><deleted>0</deleted><verified>0</verified><occluded>no</occluded><attributes></attributes><parts><hasparts></hasparts><ispartof></ispartof></parts><date>25-09-20 08:09:18:156</date><id>0</id><type>bounding_box</type><polygon><username>anonymous</username><pt><x>3665</x><y>1401</y><time>25-09-20 08:09:16:026</time></pt><pt><x>2768</x><y>1401</y><time>25-09-20 08:09:17:387</time></pt><pt><x>2768</x><y>409</y><time>undefined</time></pt><pt><x>3665</x><y>409</y><time>undefined</time></pt><closed_date>25-09-20 08:09:17:387</closed_date></polygon></object></annotation>