<annotation><filename>m2_s03_248_p_nic040.jpg</filename><folder>users/joselusava//museos2020</folder><source><submittedBy>Jose Saca</submittedBy></source><imagesize><nrows>2910</nrows><ncols>4361</ncols></imagesize><object><name>m2_s03_248_p_nic040</name><deleted>0</deleted><verified>0</verified><occluded>no</occluded><attributes></attributes><parts><hasparts></hasparts><ispartof></ispartof></parts><date>27-09-20 16:57:48:318</date><id>0</id><polygon><username>anonymous</username><pt><x>1581</x><y>400</y><time>27-09-20 16:57:39:200</time></pt><pt><x>3747</x><y>302</y><time>27-09-20 16:57:40:196</time></pt><pt><x>3096</x><y>1032</y><time>27-09-20 16:57:41:043</time></pt><pt><x>1399</x><y>628</y><time>27-09-20 16:57:42:029</time></pt><closed_date>27-09-20 16:57:42:866</closed_date></polygon></object></annotation>