<annotation><filename>m4_s04_045_p_nic054.jpg</filename><folder>users/joselusava//valeria/m04_s04_45_nic</folder><source><submittedBy>Jose Saca</submittedBy></source><imagesize><nrows>2970</nrows><ncols>4451</ncols></imagesize><object><name>m4_s04_045_p_nic054</name><deleted>0</deleted><verified>0</verified><occluded>no</occluded><attributes></attributes><parts><hasparts></hasparts><ispartof></ispartof></parts><date>20-10-20 15:08:38:501</date><id>0</id><type>bounding_box</type><polygon><username>anonymous</username><pt><x>3484</x><y>2290</y><time>20-10-20 15:08:32:424</time></pt><pt><x>4021</x><y>2290</y><time>20-10-20 15:08:34:314</time></pt><pt><x>4021</x><y>1502</y><time>undefined</time></pt><pt><x>3484</x><y>1502</y><time>undefined</time></pt><closed_date>20-10-20 15:08:34:315</closed_date></polygon></object></annotation>