<annotation><filename>m4_s12_186_p_nic030.jpg</filename><folder>users/joselusava//m4_js/186/nic</folder><source><submittedBy>Jose Saca</submittedBy></source><imagesize><nrows>3899</nrows><ncols>5844</ncols></imagesize><object><name>m4_s12_186_p_nic030</name><deleted>0</deleted><verified>0</verified><occluded>no</occluded><attributes></attributes><parts><hasparts></hasparts><ispartof></ispartof></parts><date>18-10-20 11:32:17:991</date><id>0</id><type>bounding_box</type><polygon><username>anonymous</username><pt><x>315</x><y>747</y><time>18-10-20 11:32:15:867</time></pt><pt><x>2683</x><y>747</y><time>18-10-20 11:32:17:387</time></pt><pt><x>2683</x><y>3849</y><time>undefined</time></pt><pt><x>315</x><y>3849</y><time>undefined</time></pt><closed_date>18-10-20 11:32:17:387</closed_date></polygon></object></annotation>