<annotation><filename>m3_s01_002_p_nic042.jpg</filename><folder>users/joselusava//santiago_3</folder><source><submittedBy>Jose Saca</submittedBy></source><imagesize><nrows>2970</nrows><ncols>4451</ncols></imagesize><object><name>m3_s01_002_p_nic042</name><deleted>0</deleted><verified>0</verified><occluded>no</occluded><attributes></attributes><parts><hasparts></hasparts><ispartof></ispartof></parts><date>29-10-20 20:40:06:103</date><id>0</id><type>bounding_box</type><polygon><username>anonymous</username><pt><x>296</x><y>157</y><time>29-10-20 20:40:01:849</time></pt><pt><x>2252</x><y>157</y><time>29-10-20 20:40:03:298</time></pt><pt><x>2252</x><y>2235</y><time>undefined</time></pt><pt><x>296</x><y>2235</y><time>undefined</time></pt><closed_date>29-10-20 20:40:03:299</closed_date></polygon></object></annotation>