<annotation><filename>m2_s03_219_p_ic048.jpg</filename><folder>users/joselusava//valeria/m2_sala03_219_ic</folder><source><submittedBy>Jose Saca</submittedBy></source><imagesize><nrows>2910</nrows><ncols>4361</ncols></imagesize><object><name>m2_s03_219_p_ic048</name><deleted>0</deleted><verified>0</verified><occluded>no</occluded><attributes></attributes><parts><hasparts></hasparts><ispartof></ispartof></parts><date>29-09-20 00:32:46:780</date><id>0</id><type>bounding_box</type><polygon><username>anonymous</username><pt><x>3092</x><y>149</y><time>29-09-20 00:32:40:763</time></pt><pt><x>1240</x><y>149</y><time>29-09-20 00:32:43:354</time></pt><pt><x>1240</x><y>2679</y><time>undefined</time></pt><pt><x>3092</x><y>2679</y><time>undefined</time></pt><closed_date>29-09-20 00:32:43:355</closed_date></polygon></object></annotation>