<annotation><filename>m4_s04_039_p_ic007.jpg</filename><folder>users/joselusava//santiago_2</folder><source><submittedBy>Jose Saca</submittedBy></source><imagesize><nrows>2970</nrows><ncols>4451</ncols></imagesize><object><name>m4_s04_039_p_ic007</name><deleted>0</deleted><verified>0</verified><occluded>no</occluded><attributes></attributes><parts><hasparts></hasparts><ispartof></ispartof></parts><date>20-10-20 13:53:06:996</date><id>0</id><type>bounding_box</type><polygon><username>anonymous</username><pt><x>1821</x><y>96</y><time>20-10-20 13:53:02:914</time></pt><pt><x>2595</x><y>96</y><time>20-10-20 13:53:04:857</time></pt><pt><x>2595</x><y>2838</y><time>undefined</time></pt><pt><x>1821</x><y>2838</y><time>undefined</time></pt><closed_date>20-10-20 13:53:04:858</closed_date></polygon></object></annotation>