<annotation><filename>m2_s03_252_p_ic007.jpg</filename><folder>users/joselusava//valeria/m2_sala03_252_ic</folder><source><submittedBy>Jose Saca</submittedBy></source><imagesize><nrows>2910</nrows><ncols>4361</ncols></imagesize><object><name>m2_s06_252_p_ic007</name><deleted>0</deleted><verified>0</verified><occluded>no</occluded><attributes></attributes><parts><hasparts></hasparts><ispartof></ispartof></parts><date>25-09-20 19:50:50:936</date><id>0</id><type>bounding_box</type><polygon><username>anonymous</username><pt><x>915</x><y>876</y><time>25-09-20 19:50:45:760</time></pt><pt><x>3224</x><y>876</y><time>25-09-20 19:50:47:607</time></pt><pt><x>3224</x><y>2183</y><time>undefined</time></pt><pt><x>915</x><y>2183</y><time>undefined</time></pt><closed_date>25-09-20 19:50:47:608</closed_date></polygon></object></annotation>