<annotation><filename>m4_s11_176_p_nic049.jpg</filename><folder>users/joselusava//m4_js/176/nic</folder><source><submittedBy>Jose Saca</submittedBy></source><imagesize><nrows>2970</nrows><ncols>4451</ncols></imagesize><object><name>m4_s11_176_p_nic049</name><deleted>0</deleted><verified>0</verified><occluded>no</occluded><attributes></attributes><parts><hasparts></hasparts><ispartof></ispartof></parts><date>15-10-20 11:49:00:184</date><id>0</id><type>bounding_box</type><polygon><username>anonymous</username><pt><x>2071</x><y>2203</y><time>15-10-20 11:48:58:493</time></pt><pt><x>0</x><y>2203</y><time>15-10-20 11:48:59:627</time></pt><pt><x>0</x><y>522</y><time>undefined</time></pt><pt><x>2071</x><y>522</y><time>undefined</time></pt><closed_date>15-10-20 11:48:59:627</closed_date></polygon></object></annotation>