<annotation><filename>m4_s12_185_p_ic086.jpg</filename><folder>users/joselusava//valeria/m04_s12_185_ic</folder><source><submittedBy>Jose Saca</submittedBy></source><imagesize><nrows>2910</nrows><ncols>4361</ncols></imagesize><object><name>m4_s12_185_p_ic086</name><deleted>0</deleted><verified>0</verified><occluded>no</occluded><attributes></attributes><parts><hasparts></hasparts><ispartof></ispartof></parts><date>17-10-20 18:46:30:320</date><id>0</id><type>bounding_box</type><polygon><username>anonymous</username><pt><x>823</x><y>2748</y><time>17-10-20 18:46:24:253</time></pt><pt><x>3693</x><y>2748</y><time>17-10-20 18:46:26:677</time></pt><pt><x>3693</x><y>274</y><time>undefined</time></pt><pt><x>823</x><y>274</y><time>undefined</time></pt><closed_date>17-10-20 18:46:26:678</closed_date></polygon></object></annotation>