<annotation><filename>m2_s01_056_p_nic002.jpg</filename><folder>users/joselusava//m2_jsv/56/nic</folder><source><submittedBy>Jose Saca</submittedBy></source><imagesize><nrows>2850</nrows><ncols>4271</ncols></imagesize><object><name>m2_s01_056_p_nic002</name><deleted>0</deleted><verified>0</verified><occluded>no</occluded><attributes></attributes><parts><hasparts></hasparts><ispartof></ispartof></parts><date>28-09-20 22:00:48:529</date><id>0</id><type>bounding_box</type><polygon><username>anonymous</username><pt><x>4229</x><y>2607</y><time>28-09-20 22:00:46:560</time></pt><pt><x>2692</x><y>2607</y><time>28-09-20 22:00:47:839</time></pt><pt><x>2692</x><y>696</y><time>undefined</time></pt><pt><x>4229</x><y>696</y><time>undefined</time></pt><closed_date>28-09-20 22:00:47:839</closed_date></polygon></object></annotation>