<annotation><filename>m2_s05_236_p_ic098.jpg</filename><folder>users/joselusava//museos2020</folder><source><submittedBy>Jose Saca</submittedBy></source><imagesize><nrows>2910</nrows><ncols>4361</ncols></imagesize><object><name>m2_s05_236_p_ic098</name><deleted>0</deleted><verified>0</verified><occluded>no</occluded><attributes></attributes><parts><hasparts></hasparts><ispartof></ispartof></parts><date>16-09-20 19:35:59:986</date><id>0</id><type>bounding_box</type><polygon><username>anonymous</username><pt><x>665</x><y>404</y><time>16-09-20 19:35:53:191</time></pt><pt><x>3352</x><y>404</y><time>16-09-20 19:35:54:247</time></pt><pt><x>3352</x><y>2552</y><time>undefined</time></pt><pt><x>665</x><y>2552</y><time>undefined</time></pt><closed_date>16-09-20 19:35:54:248</closed_date></polygon></object></annotation>