<annotation><filename>m4_s02_015_p_ic032.jpg</filename><folder>users/joselusava//m4_js/15ic</folder><source><submittedBy>Jose Saca</submittedBy></source><imagesize><nrows>2910</nrows><ncols>4361</ncols></imagesize><object><name>m4_s02_015_p_ic032</name><deleted>0</deleted><verified>0</verified><occluded>no</occluded><attributes></attributes><parts><hasparts></hasparts><ispartof></ispartof></parts><date>03-10-20 19:18:39:658</date><id>0</id><type>bounding_box</type><polygon><username>anonymous</username><pt><x>2925</x><y>2446</y><time>03-10-20 19:18:37:168</time></pt><pt><x>1567</x><y>2446</y><time>03-10-20 19:18:38:928</time></pt><pt><x>1567</x><y>418</y><time>undefined</time></pt><pt><x>2925</x><y>418</y><time>undefined</time></pt><closed_date>03-10-20 19:18:38:929</closed_date></polygon></object></annotation>