<annotation><filename>m4_s07_105_p_ic015.jpg</filename><folder>users/joselusava//kath/m4_105</folder><source><submittedBy>Jose Saca</submittedBy></source><imagesize><nrows>2970</nrows><ncols>4451</ncols></imagesize><object><name>m4_s07_105_p_ic015</name><deleted>0</deleted><verified>0</verified><occluded>no</occluded><attributes></attributes><parts><hasparts></hasparts><ispartof></ispartof></parts><date>25-10-20 09:20:35:530</date><id>0</id><type>bounding_box</type><polygon><username>anonymous</username><pt><x>1740</x><y>433</y><time>25-10-20 09:20:27:299</time></pt><pt><x>2759</x><y>433</y><time>25-10-20 09:20:28:873</time></pt><pt><x>2759</x><y>2605</y><time>undefined</time></pt><pt><x>1740</x><y>2605</y><time>undefined</time></pt><closed_date>25-10-20 09:20:28:874</closed_date></polygon></object></annotation>