<annotation><filename>m4_s10_154_p_nic072.jpg</filename><folder>users/joselusava//valeria/m04_s10_154_nic</folder><source><submittedBy>Jose Saca</submittedBy></source><imagesize><nrows>2970</nrows><ncols>4451</ncols></imagesize><object><name>m4_s10_154_p_nic072</name><deleted>0</deleted><verified>0</verified><occluded>no</occluded><attributes></attributes><parts><hasparts></hasparts><ispartof></ispartof></parts><date>14-10-20 13:43:54:395</date><id>0</id><type>bounding_box</type><polygon><username>anonymous</username><pt><x>2793</x><y>2622</y><time>14-10-20 13:43:50:102</time></pt><pt><x>2010</x><y>2622</y><time>14-10-20 13:43:51:395</time></pt><pt><x>2010</x><y>1159</y><time>undefined</time></pt><pt><x>2793</x><y>1159</y><time>undefined</time></pt><closed_date>14-10-20 13:43:51:396</closed_date></polygon></object></annotation>