<annotation><filename>m4_s04_039_p_nic056.jpg</filename><folder>users/joselusava//santiago_2</folder><source><submittedBy>Jose Saca</submittedBy></source><imagesize><nrows>2970</nrows><ncols>4451</ncols></imagesize><object><name>m4_s04_039_p_nic056</name><deleted>0</deleted><verified>0</verified><occluded>no</occluded><attributes></attributes><parts><hasparts></hasparts><ispartof></ispartof></parts><date>21-10-20 21:44:48:714</date><id>0</id><type>bounding_box</type><polygon><username>anonymous</username><pt><x>325</x><y>96</y><time>21-10-20 21:44:44:843</time></pt><pt><x>1157</x><y>96</y><time>21-10-20 21:44:46:823</time></pt><pt><x>1157</x><y>2534</y><time>undefined</time></pt><pt><x>325</x><y>2534</y><time>undefined</time></pt><closed_date>21-10-20 21:44:46:824</closed_date></polygon></object></annotation>