<annotation><filename>m4_s05_055_p_ic031.jpg</filename><folder>users/joselusava//valeria/m4_s05_055_ic</folder><source><submittedBy>Jose Saca</submittedBy></source><imagesize><nrows>2910</nrows><ncols>4361</ncols></imagesize><object><name>m4_s05_055_p_ic031</name><deleted>0</deleted><verified>0</verified><occluded>no</occluded><attributes></attributes><parts><hasparts></hasparts><ispartof></ispartof></parts><date>08-10-20 22:12:31:655</date><id>0</id><type>bounding_box</type><polygon><username>anonymous</username><pt><x>1185</x><y>468</y><time>08-10-20 22:12:25:714</time></pt><pt><x>3252</x><y>468</y><time>08-10-20 22:12:27:802</time></pt><pt><x>3252</x><y>2607</y><time>undefined</time></pt><pt><x>1185</x><y>2607</y><time>undefined</time></pt><closed_date>08-10-20 22:12:27:803</closed_date></polygon></object></annotation>