<annotation><filename>m2_s01_010_p_ic011.jpg</filename><folder>users/joselusava//santiago</folder><source><submittedBy>Jose Saca</submittedBy></source><imagesize><nrows>2850</nrows><ncols>4271</ncols></imagesize><object><name>m2_s01_010_p_ic011</name><deleted>0</deleted><verified>0</verified><occluded>no</occluded><attributes></attributes><parts><hasparts></hasparts><ispartof></ispartof></parts><date>21-09-20 15:09:09:745</date><id>0</id><type>bounding_box</type><polygon><username>anonymous</username><pt><x>1481</x><y>458</y><time>21-09-20 15:09:00:489</time></pt><pt><x>3129</x><y>458</y><time>21-09-20 15:09:03:370</time></pt><pt><x>3129</x><y>2302</y><time>undefined</time></pt><pt><x>1481</x><y>2302</y><time>undefined</time></pt><closed_date>21-09-20 15:09:03:372</closed_date></polygon></object></annotation>