<annotation><filename>m2_s03_219_p_ic035.jpg</filename><folder>users/joselusava//valeria/m2_sala03_219_ic</folder><source><submittedBy>Jose Saca</submittedBy></source><imagesize><nrows>2910</nrows><ncols>4361</ncols></imagesize><object><name>m2_s03_219_p_ic035</name><deleted>0</deleted><verified>0</verified><occluded>no</occluded><attributes></attributes><parts><hasparts></hasparts><ispartof></ispartof></parts><date>29-09-20 00:14:07:889</date><id>0</id><type>bounding_box</type><polygon><username>anonymous</username><pt><x>3373</x><y>143</y><time>29-09-20 00:14:02:349</time></pt><pt><x>909</x><y>143</y><time>29-09-20 00:14:04:751</time></pt><pt><x>909</x><y>2535</y><time>undefined</time></pt><pt><x>3373</x><y>2535</y><time>undefined</time></pt><closed_date>29-09-20 00:14:04:752</closed_date></polygon></object></annotation>