<annotation><filename>m1_s02_065_p_nic095.jpg</filename><folder>users/joselusava//valeria/sala2_065_nic</folder><source><submittedBy>Jose Saca</submittedBy></source><imagesize><nrows>2000</nrows><ncols>2992</ncols></imagesize><object><name>m1_s02_065_p_nic095</name><deleted>0</deleted><verified>0</verified><occluded>no</occluded><attributes></attributes><parts><hasparts></hasparts><ispartof></ispartof></parts><date>28-08-20 00:44:53:361</date><id>0</id><type>bounding_box</type><polygon><username>anonymous</username><pt><x>1671</x><y>1205</y><time>28-08-20 00:44:47:112</time></pt><pt><x>91</x><y>1205</y><time>28-08-20 00:44:49:757</time></pt><pt><x>91</x><y>503</y><time>undefined</time></pt><pt><x>1671</x><y>503</y><time>undefined</time></pt><closed_date>28-08-20 00:44:49:759</closed_date></polygon></object></annotation>