<annotation><filename>m1_s01_021_p_nic031.jpg</filename><folder>users/joselusava//santiago</folder><source><submittedBy>Jose Saca</submittedBy></source><imagesize><nrows>3200</nrows><ncols>4800</ncols></imagesize><object><name>m1_s01_021_p_nic031</name><deleted>0</deleted><verified>0</verified><occluded>no</occluded><attributes></attributes><parts><hasparts></hasparts><ispartof></ispartof></parts><date>15-09-20 15:44:41:366</date><id>0</id><type>bounding_box</type><polygon><username>anonymous</username><pt><x>2484</x><y>468</y><time>15-09-20 15:44:34:175</time></pt><pt><x>3099</x><y>468</y><time>15-09-20 15:44:35:131</time></pt><pt><x>3099</x><y>1177</y><time>undefined</time></pt><pt><x>2484</x><y>1177</y><time>undefined</time></pt><closed_date>15-09-20 15:44:35:132</closed_date></polygon></object></annotation>