<annotation><filename>m2_s01_054_p_nic049.jpg</filename><folder>users/joselusava//kath</folder><source><submittedBy>Jose Saca</submittedBy></source><imagesize><nrows>2850</nrows><ncols>4271</ncols></imagesize><object><name>m2_s01_054_p_nic049</name><deleted>0</deleted><verified>0</verified><occluded>no</occluded><attributes></attributes><parts><hasparts></hasparts><ispartof></ispartof></parts><date>30-09-20 11:40:00:870</date><id>0</id><type>bounding_box</type><polygon><username>anonymous</username><pt><x>548</x><y>379</y><time>30-09-20 11:39:55:993</time></pt><pt><x>1355</x><y>379</y><time>30-09-20 11:39:57:762</time></pt><pt><x>1355</x><y>1608</y><time>undefined</time></pt><pt><x>548</x><y>1608</y><time>undefined</time></pt><closed_date>30-09-20 11:39:57:763</closed_date></polygon></object></annotation>