<annotation><filename>m1_s06_186_p_ic030.jpg</filename><folder>users/joselusava//jacob_2/186ic</folder><source><submittedBy>Jose Saca</submittedBy></source><imagesize><nrows>2736</nrows><ncols>4100</ncols></imagesize><object><name>s06_186_p_ic030</name><deleted>0</deleted><verified>0</verified><occluded>no</occluded><attributes></attributes><parts><hasparts></hasparts><ispartof></ispartof></parts><date>09-09-20 11:27:57:218</date><id>0</id><type>bounding_box</type><polygon><username>anonymous</username><pt><x>2627</x><y>123</y><time>09-09-20 11:27:54:929</time></pt><pt><x>1162</x><y>123</y><time>09-09-20 11:27:56:409</time></pt><pt><x>1162</x><y>2594</y><time>undefined</time></pt><pt><x>2627</x><y>2594</y><time>undefined</time></pt><closed_date>09-09-20 11:27:56:409</closed_date></polygon></object></annotation>