<annotation><filename>img_m1_s10_303_p_nic046.jpg</filename><folder>users/joselusava//santiago</folder><source><submittedBy>Jose Saca</submittedBy></source><imagesize><nrows>3200</nrows><ncols>4800</ncols></imagesize><object><name>m1_s10_303_p_nic046</name><deleted>0</deleted><verified>0</verified><occluded>no</occluded><attributes></attributes><parts><hasparts></hasparts><ispartof></ispartof></parts><date>01-09-20 21:26:30:365</date><id>0</id><type>bounding_box</type><polygon><username>anonymous</username><pt><x>3643</x><y>454</y><time>01-09-20 21:26:22:825</time></pt><pt><x>4431</x><y>454</y><time>01-09-20 21:26:24:155</time></pt><pt><x>4431</x><y>1260</y><time>undefined</time></pt><pt><x>3643</x><y>1260</y><time>undefined</time></pt><closed_date>01-09-20 21:26:24:156</closed_date></polygon></object></annotation>