<annotation><filename>m1_s01_005_p_ic049.jpg</filename><folder>users/joselusava//jacob/sala1/ic</folder><source><submittedBy>Jose Saca</submittedBy></source><imagesize><nrows>2000</nrows><ncols>2992</ncols></imagesize><object><name>m1_s01_005_p_ic049</name><deleted>0</deleted><verified>0</verified><occluded>no</occluded><attributes></attributes><parts><hasparts></hasparts><ispartof></ispartof></parts><date>14-09-20 20:32:47:267</date><id>0</id><type>bounding_box</type><polygon><username>anonymous</username><pt><x>940</x><y>535</y><time>14-09-20 20:32:44:773</time></pt><pt><x>1844</x><y>535</y><time>14-09-20 20:32:45:893</time></pt><pt><x>1844</x><y>1588</y><time>undefined</time></pt><pt><x>940</x><y>1588</y><time>undefined</time></pt><closed_date>14-09-20 20:32:45:894</closed_date></polygon></object></annotation>