<annotation><filename>m2_s01_054_p_nic046.jpg</filename><folder>users/joselusava//kath</folder><source><submittedBy>Jose Saca</submittedBy></source><imagesize><nrows>2850</nrows><ncols>4271</ncols></imagesize><object><name>m2_s01_054_p_nic046</name><deleted>0</deleted><verified>0</verified><occluded>no</occluded><attributes></attributes><parts><hasparts></hasparts><ispartof></ispartof></parts><date>30-09-20 11:36:43:198</date><id>0</id><type>bounding_box</type><polygon><username>anonymous</username><pt><x>3243</x><y>1425</y><time>30-09-20 11:36:37:222</time></pt><pt><x>2527</x><y>1425</y><time>30-09-20 11:36:40:340</time></pt><pt><x>2527</x><y>2513</y><time>undefined</time></pt><pt><x>3243</x><y>2513</y><time>undefined</time></pt><closed_date>30-09-20 11:36:40:340</closed_date></polygon></object></annotation>