<annotation><filename>m2_s01_056_p_nic056.jpg</filename><folder>users/joselusava//m2_jsv/56/nic</folder><source><submittedBy>Jose Saca</submittedBy></source><imagesize><nrows>2850</nrows><ncols>4271</ncols></imagesize><object><name>m2_s01_056_p_nic056</name><deleted>0</deleted><verified>0</verified><occluded>no</occluded><attributes></attributes><parts><hasparts></hasparts><ispartof></ispartof></parts><date>28-09-20 22:26:06:886</date><id>0</id><type>bounding_box</type><polygon><username>anonymous</username><pt><x>4161</x><y>2734</y><time>28-09-20 22:26:04:895</time></pt><pt><x>2539</x><y>2734</y><time>28-09-20 22:26:06:226</time></pt><pt><x>2539</x><y>976</y><time>undefined</time></pt><pt><x>4161</x><y>976</y><time>undefined</time></pt><closed_date>28-09-20 22:26:06:226</closed_date></polygon></object></annotation>