<annotation><filename>m4_s10_164_p_ic092.jpg</filename><folder>users/joselusava//santiago_2</folder><source><submittedBy>Jose Saca</submittedBy></source><imagesize><nrows>2970</nrows><ncols>4451</ncols></imagesize><object><name>m4_s10_164_p_ic092</name><deleted>0</deleted><verified>0</verified><occluded>no</occluded><attributes></attributes><parts><hasparts></hasparts><ispartof></ispartof></parts><date>13-10-20 23:14:02:730</date><id>0</id><type>bounding_box</type><polygon><username>anonymous</username><pt><x>1849</x><y>914</y><time>13-10-20 23:13:59:854</time></pt><pt><x>2335</x><y>914</y><time>13-10-20 23:14:00:688</time></pt><pt><x>2335</x><y>1685</y><time>undefined</time></pt><pt><x>1849</x><y>1685</y><time>undefined</time></pt><closed_date>13-10-20 23:14:00:690</closed_date></polygon></object></annotation>