<annotation><filename>m1_s02_036_p_ic072.jpg</filename><folder>users/joselusava//valeria/sala2_036_ic</folder><source><submittedBy>Jose Saca</submittedBy></source><imagesize><nrows>3200</nrows><ncols>4800</ncols></imagesize><object><name>m1_s01_036_p_ic072</name><deleted>0</deleted><verified>0</verified><occluded>no</occluded><attributes></attributes><parts><hasparts></hasparts><ispartof></ispartof></parts><date>23-08-20 22:43:42:543</date><id>0</id><type>bounding_box</type><polygon><username>anonymous</username><pt><x>736</x><y>0</y><time>23-08-20 22:43:34:457</time></pt><pt><x>4430</x><y>0</y><time>23-08-20 22:43:38:270</time></pt><pt><x>4430</x><y>3179</y><time>undefined</time></pt><pt><x>736</x><y>3179</y><time>undefined</time></pt><closed_date>23-08-20 22:43:38:271</closed_date></polygon></object></annotation>