<annotation><filename>m4_s10_157_p_ic090.jpg</filename><folder>users/joselusava//valeria/m04_s10_157_nic</folder><source><submittedBy>Jose Saca</submittedBy></source><imagesize><nrows>2970</nrows><ncols>4451</ncols></imagesize><object><name>m4_s10_157_p_nic090</name><deleted>0</deleted><verified>0</verified><occluded>no</occluded><attributes></attributes><parts><hasparts></hasparts><ispartof></ispartof></parts><date>12-10-20 22:07:42:742</date><id>0</id><type>bounding_box</type><polygon><username>anonymous</username><pt><x>4208</x><y>2604</y><time>12-10-20 22:07:37:423</time></pt><pt><x>2267</x><y>2604</y><time>12-10-20 22:07:39:581</time></pt><pt><x>2267</x><y>349</y><time>undefined</time></pt><pt><x>4208</x><y>349</y><time>undefined</time></pt><closed_date>12-10-20 22:07:39:582</closed_date></polygon></object></annotation>