<annotation><filename>m4_s11_178_p_nic021.jpg</filename><folder>users/joselusava//santiago_2</folder><source><submittedBy>Jose Saca</submittedBy></source><imagesize><nrows>2970</nrows><ncols>4451</ncols></imagesize><object><name>m4_s11_178_p_nic021</name><deleted>0</deleted><verified>0</verified><occluded>no</occluded><attributes></attributes><parts><hasparts></hasparts><ispartof></ispartof></parts><date>15-10-20 23:10:11:905</date><id>0</id><type>bounding_box</type><polygon><username>anonymous</username><pt><x>150</x><y>457</y><time>15-10-20 23:10:05:019</time></pt><pt><x>1553</x><y>457</y><time>15-10-20 23:10:07:315</time></pt><pt><x>1553</x><y>1828</y><time>undefined</time></pt><pt><x>150</x><y>1828</y><time>undefined</time></pt><closed_date>15-10-20 23:10:07:317</closed_date></polygon></object></annotation>