<annotation><filename>m2_s05_236_p_nic058.jpg</filename><folder>users/joselusava//museos2020</folder><source><submittedBy>Jose Saca</submittedBy></source><imagesize><nrows>2910</nrows><ncols>4361</ncols></imagesize><object><name>m2_s05_236_p_nic058</name><deleted>0</deleted><verified>0</verified><occluded>no</occluded><attributes></attributes><parts><hasparts></hasparts><ispartof></ispartof></parts><date>17-09-20 08:07:03:458</date><id>0</id><type>bounding_box</type><polygon><username>anonymous</username><pt><x>1897</x><y>595</y><time>17-09-20 08:06:52:773</time></pt><pt><x>4109</x><y>595</y><time>17-09-20 08:06:54:754</time></pt><pt><x>4109</x><y>2496</y><time>undefined</time></pt><pt><x>1897</x><y>2496</y><time>undefined</time></pt><closed_date>17-09-20 08:06:54:756</closed_date></polygon></object></annotation>