<annotation><filename>m2_s02_129_p_ic018.jpg</filename><folder>users/joselusava//m2_jsv/129/ic</folder><source><submittedBy>Jose Saca</submittedBy></source><imagesize><nrows>2910</nrows><ncols>4361</ncols></imagesize><object><name>m2_s02_129_p_ic018</name><deleted>0</deleted><verified>0</verified><occluded>no</occluded><attributes></attributes><parts><hasparts></hasparts><ispartof></ispartof></parts><date>24-09-20 15:17:36:020</date><id>0</id><type>bounding_box</type><polygon><username>anonymous</username><pt><x>2812</x><y>2098</y><time>24-09-20 15:17:32:885</time></pt><pt><x>1602</x><y>2098</y><time>24-09-20 15:17:34:919</time></pt><pt><x>1602</x><y>653</y><time>undefined</time></pt><pt><x>2812</x><y>653</y><time>undefined</time></pt><closed_date>24-09-20 15:17:34:920</closed_date></polygon></object></annotation>