<annotation><filename>m1_s02_052_p_nic035.jpg</filename><folder>users/joselusava//valeria/sala2_052_nic</folder><source><submittedBy>Jose Saca</submittedBy></source><imagesize><nrows>3200</nrows><ncols>4800</ncols></imagesize><object><name>m1_s02_052_p_nic035</name><deleted>0</deleted><verified>0</verified><occluded>no</occluded><attributes></attributes><parts><hasparts></hasparts><ispartof></ispartof></parts><date>27-08-20 15:18:25:183</date><id>0</id><type>bounding_box</type><polygon><username>anonymous</username><pt><x>4558</x><y>2754</y><time>27-08-20 15:18:15:682</time></pt><pt><x>3152</x><y>2754</y><time>27-08-20 15:18:18:533</time></pt><pt><x>3152</x><y>1675</y><time>undefined</time></pt><pt><x>4558</x><y>1675</y><time>undefined</time></pt><closed_date>27-08-20 15:18:18:535</closed_date></polygon></object></annotation>