<annotation><filename>m1_s02_052_p_nic056.jpg</filename><folder>users/joselusava//valeria/sala2_052_nic</folder><source><submittedBy>Jose Saca</submittedBy></source><imagesize><nrows>3200</nrows><ncols>4800</ncols></imagesize><object><name>m1_s02_052_p_nic056</name><deleted>0</deleted><verified>0</verified><occluded>no</occluded><attributes></attributes><parts><hasparts></hasparts><ispartof></ispartof></parts><date>27-08-20 16:37:30:654</date><id>0</id><type>bounding_box</type><polygon><username>anonymous</username><pt><x>3952</x><y>1321</y><time>27-08-20 16:37:24:839</time></pt><pt><x>2717</x><y>1321</y><time>27-08-20 16:37:27:180</time></pt><pt><x>2717</x><y>236</y><time>undefined</time></pt><pt><x>3952</x><y>236</y><time>undefined</time></pt><closed_date>27-08-20 16:37:27:181</closed_date></polygon></object></annotation>