<annotation><filename>m4_s09_138_p_ic005.jpg</filename><folder>users/joselusava//santiago_2</folder><source><submittedBy>Jose Saca</submittedBy></source><imagesize><nrows>2970</nrows><ncols>4451</ncols></imagesize><object><name>m4_s09_138_p_ic005</name><deleted>0</deleted><verified>0</verified><occluded>no</occluded><attributes></attributes><parts><hasparts></hasparts><ispartof></ispartof></parts><date>22-10-20 13:47:03:961</date><id>0</id><type>bounding_box</type><polygon><username>anonymous</username><pt><x>1385</x><y>503</y><time>22-10-20 13:47:00:897</time></pt><pt><x>3270</x><y>503</y><time>22-10-20 13:47:02:122</time></pt><pt><x>3270</x><y>2238</y><time>undefined</time></pt><pt><x>1385</x><y>2238</y><time>undefined</time></pt><closed_date>22-10-20 13:47:02:123</closed_date></polygon></object></annotation>