<annotation><filename>m4_s07_105_p_nic083.jpg</filename><folder>users/joselusava//kath/m4_105/nic</folder><source><submittedBy>Jose Saca</submittedBy></source><imagesize><nrows>2970</nrows><ncols>4451</ncols></imagesize><object><name>m4_s07_105_p_nic082</name><deleted>0</deleted><verified>0</verified><occluded>no</occluded><attributes></attributes><parts><hasparts></hasparts><ispartof></ispartof></parts><date>03-11-20 09:13:26:423</date><id>0</id><type>bounding_box</type><polygon><username>anonymous</username><pt><x>3398</x><y>380</y><time>03-11-20 09:13:22:554</time></pt><pt><x>4176</x><y>380</y><time>03-11-20 09:13:23:903</time></pt><pt><x>4176</x><y>1898</y><time>undefined</time></pt><pt><x>3398</x><y>1898</y><time>undefined</time></pt><closed_date>03-11-20 09:13:23:903</closed_date></polygon></object></annotation>