<annotation><filename>m2_s03_201_p_nic048.jpg</filename><folder>users/joselusava//valeria/m2_sala03_201_nic</folder><source><submittedBy>Jose Saca</submittedBy></source><imagesize><nrows>2910</nrows><ncols>4361</ncols></imagesize><object><name>m2_s03_201_p_nic048</name><deleted>0</deleted><verified>0</verified><occluded>no</occluded><attributes></attributes><parts><hasparts></hasparts><ispartof></ispartof></parts><date>29-09-20 23:23:09:871</date><id>0</id><type>bounding_box</type><polygon><username>anonymous</username><pt><x>2475</x><y>2502</y><time>29-09-20 23:23:03:906</time></pt><pt><x>4271</x><y>2502</y><time>29-09-20 23:23:05:959</time></pt><pt><x>4271</x><y>474</y><time>undefined</time></pt><pt><x>2475</x><y>474</y><time>undefined</time></pt><closed_date>29-09-20 23:23:05:961</closed_date></polygon></object></annotation>