<annotation><filename>m1_s06_141_p_ic077.jpg</filename><folder>users/joselusava//jacob_2/141ic</folder><source><submittedBy>Jose Saca</submittedBy></source><imagesize><nrows>2736</nrows><ncols>4100</ncols></imagesize><object><name>m1_s06_141_p_ic077</name><deleted>0</deleted><verified>0</verified><occluded>no</occluded><attributes></attributes><parts><hasparts></hasparts><ispartof></ispartof></parts><date>04-09-20 23:47:20:490</date><id>0</id><type>bounding_box</type><polygon><username>anonymous</username><pt><x>825</x><y>2503</y><time>04-09-20 23:47:17:138</time></pt><pt><x>2625</x><y>2503</y><time>04-09-20 23:47:19:532</time></pt><pt><x>2625</x><y>284</y><time>undefined</time></pt><pt><x>825</x><y>284</y><time>undefined</time></pt><closed_date>04-09-20 23:47:19:533</closed_date></polygon></object></annotation>