<annotation><filename>m1_s01_017_p_ic029.jpg</filename><folder>users/joselusava//santiago</folder><source><submittedBy>Jose Saca</submittedBy></source><imagesize><nrows>3200</nrows><ncols>4800</ncols></imagesize><object><name>m1_s01_017_p_ic029</name><deleted>0</deleted><verified>0</verified><occluded>no</occluded><attributes></attributes><parts><hasparts></hasparts><ispartof></ispartof></parts><date>10-09-20 14:54:10:039</date><id>0</id><type>bounding_box</type><polygon><username>anonymous</username><pt><x>1562</x><y>1094</y><time>10-09-20 14:53:58:315</time></pt><pt><x>3103</x><y>1094</y><time>10-09-20 14:54:02:029</time></pt><pt><x>3103</x><y>2027</y><time>undefined</time></pt><pt><x>1562</x><y>2027</y><time>undefined</time></pt><closed_date>10-09-20 14:54:02:029</closed_date></polygon></object></annotation>