<annotation><filename>m4_s02_021_p_ic091.jpg</filename><folder>users/joselusava//santiago_2</folder><source><submittedBy>Jose Saca</submittedBy></source><imagesize><nrows>2910</nrows><ncols>4361</ncols></imagesize><object><name>m4_s02_021_p_ic091</name><deleted>0</deleted><verified>0</verified><occluded>no</occluded><attributes></attributes><parts><hasparts></hasparts><ispartof></ispartof></parts><date>04-10-20 19:45:39:872</date><id>0</id><type>bounding_box</type><polygon><username>anonymous</username><pt><x>1469</x><y>132</y><time>04-10-20 19:45:33:583</time></pt><pt><x>2775</x><y>132</y><time>04-10-20 19:45:34:791</time></pt><pt><x>2775</x><y>2280</y><time>undefined</time></pt><pt><x>1469</x><y>2280</y><time>undefined</time></pt><closed_date>04-10-20 19:45:34:792</closed_date></polygon></object></annotation>