<annotation><filename>m2_s05_236_p_nic057.jpg</filename><folder>users/joselusava//juancarlos</folder><source><submittedBy>Jose Saca</submittedBy></source><imagesize><nrows>2910</nrows><ncols>4361</ncols></imagesize><object><name>m2_s05_236_p_nic057</name><deleted>0</deleted><verified>0</verified><occluded>no</occluded><attributes></attributes><parts><hasparts></hasparts><ispartof></ispartof></parts><date>17-09-20 08:05:54:499</date><id>0</id><type>bounding_box</type><polygon><username>anonymous</username><pt><x>1897</x><y>800</y><time>17-09-20 08:05:47:362</time></pt><pt><x>4174</x><y>800</y><time>17-09-20 08:05:49:066</time></pt><pt><x>4174</x><y>2687</y><time>undefined</time></pt><pt><x>1897</x><y>2687</y><time>undefined</time></pt><closed_date>17-09-20 08:05:49:068</closed_date></polygon></object></annotation>