<annotation><filename>m3_s01_023_p_ic087.jpg</filename><folder>users/joselusava//santiago_3</folder><source><submittedBy>Jose Saca</submittedBy></source><imagesize><nrows>2970</nrows><ncols>4451</ncols></imagesize><object><name>m3_s01_023_p_ic087</name><deleted>0</deleted><verified>0</verified><occluded>no</occluded><attributes></attributes><parts><hasparts></hasparts><ispartof></ispartof></parts><date>04-11-20 21:03:37:698</date><id>0</id><type>bounding_box</type><polygon><username>anonymous</username><pt><x>350</x><y>589</y><time>04-11-20 21:03:26:414</time></pt><pt><x>4130</x><y>589</y><time>04-11-20 21:03:28:460</time></pt><pt><x>4130</x><y>2581</y><time>undefined</time></pt><pt><x>350</x><y>2581</y><time>undefined</time></pt><closed_date>04-11-20 21:03:28:461</closed_date></polygon></object></annotation>