<annotation><filename>m1_s01_021_p_nic042.jpg</filename><folder>users/joselusava//santiago</folder><source><submittedBy>Jose Saca</submittedBy></source><imagesize><nrows>3200</nrows><ncols>4800</ncols></imagesize><object><name>m1_s01_021_p_nic042</name><deleted>0</deleted><verified>0</verified><occluded>no</occluded><attributes></attributes><parts><hasparts></hasparts><ispartof></ispartof></parts><date>15-09-20 16:30:22:336</date><id>0</id><type>bounding_box</type><polygon><username>anonymous</username><pt><x>1328</x><y>2300</y><time>15-09-20 16:30:13:817</time></pt><pt><x>1865</x><y>2300</y><time>15-09-20 16:30:15:496</time></pt><pt><x>1865</x><y>3006</y><time>undefined</time></pt><pt><x>1328</x><y>3006</y><time>undefined</time></pt><closed_date>15-09-20 16:30:15:497</closed_date></polygon></object></annotation>