<annotation><filename>m4_s10_154_p_ic067.jpg</filename><folder>users/joselusava//valeria/m04_s10_154_ic</folder><source><submittedBy>Jose Saca</submittedBy></source><imagesize><nrows>2970</nrows><ncols>4451</ncols></imagesize><object><name>m4_s10_154_p_ic067</name><deleted>0</deleted><verified>0</verified><occluded>no</occluded><attributes></attributes><parts><hasparts></hasparts><ispartof></ispartof></parts><date>13-10-20 22:43:00:929</date><id>0</id><type>bounding_box</type><polygon><username>anonymous</username><pt><x>2981</x><y>2696</y><time>13-10-20 22:42:54:592</time></pt><pt><x>1405</x><y>2696</y><time>13-10-20 22:42:56:846</time></pt><pt><x>1405</x><y>166</y><time>undefined</time></pt><pt><x>2981</x><y>166</y><time>undefined</time></pt><closed_date>13-10-20 22:42:56:847</closed_date></polygon></object></annotation>