<annotation><filename>m3_s01_002_p_nic022.jpg</filename><folder>users/joselusava//santiago_3</folder><source><submittedBy>Jose Saca</submittedBy></source><imagesize><nrows>2970</nrows><ncols>4451</ncols></imagesize><object><name>m3_s01_002_p_nic022</name><deleted>0</deleted><verified>0</verified><occluded>no</occluded><attributes></attributes><parts><hasparts></hasparts><ispartof></ispartof></parts><date>29-10-20 15:44:21:813</date><id>0</id><type>bounding_box</type><polygon><username>anonymous</username><pt><x>475</x><y>1003</y><time>29-10-20 15:44:17:776</time></pt><pt><x>3323</x><y>1003</y><time>29-10-20 15:44:19:694</time></pt><pt><x>3323</x><y>2888</y><time>undefined</time></pt><pt><x>475</x><y>2888</y><time>undefined</time></pt><closed_date>29-10-20 15:44:19:695</closed_date></polygon></object></annotation>