<annotation><filename>m1_s06_141_p_ic092.jpg</filename><folder>users/joselusava//jacob_2/141ic</folder><source><submittedBy>Jose Saca</submittedBy></source><imagesize><nrows>2736</nrows><ncols>4100</ncols></imagesize><object><name>m1_s06_141_p_ic092</name><deleted>0</deleted><verified>0</verified><occluded>no</occluded><attributes></attributes><parts><hasparts></hasparts><ispartof></ispartof></parts><date>05-09-20 00:11:10:972</date><id>0</id><type>bounding_box</type><polygon><username>anonymous</username><pt><x>893</x><y>2605</y><time>05-09-20 00:11:07:772</time></pt><pt><x>2497</x><y>2605</y><time>05-09-20 00:11:09:965</time></pt><pt><x>2497</x><y>115</y><time>undefined</time></pt><pt><x>893</x><y>115</y><time>undefined</time></pt><closed_date>05-09-20 00:11:09:965</closed_date></polygon></object></annotation>