<annotation><filename>m4_s07_105_p_nic089.jpg</filename><folder>users/joselusava//kath/m4_105/nic</folder><source><submittedBy>Jose Saca</submittedBy></source><imagesize><nrows>2970</nrows><ncols>4451</ncols></imagesize><object><name>m4_s07_105_p_nic087</name><deleted>0</deleted><verified>0</verified><occluded>no</occluded><attributes></attributes><parts><hasparts></hasparts><ispartof></ispartof></parts><date>03-11-20 09:16:40:553</date><id>0</id><type>bounding_box</type><polygon><username>anonymous</username><pt><x>1889</x><y>2835</y><time>03-11-20 09:16:37:097</time></pt><pt><x>2557</x><y>2835</y><time>03-11-20 09:16:38:250</time></pt><pt><x>2557</x><y>1557</y><time>undefined</time></pt><pt><x>1889</x><y>1557</y><time>undefined</time></pt><closed_date>03-11-20 09:16:38:251</closed_date></polygon></object></annotation>