<annotation><filename>m4_s05_055_p_nic041.jpg</filename><folder>users/joselusava//valeria/m4_s05_055_nic</folder><source><submittedBy>Jose Saca</submittedBy></source><imagesize><nrows>2910</nrows><ncols>4361</ncols></imagesize><object><name>m4_s05_055_p_nic041</name><deleted>0</deleted><verified>0</verified><occluded>no</occluded><attributes></attributes><parts><hasparts></hasparts><ispartof></ispartof></parts><date>09-10-20 17:25:33:972</date><id>0</id><type>bounding_box</type><polygon><username>anonymous</username><pt><x>2320</x><y>1576</y><time>09-10-20 17:25:27:282</time></pt><pt><x>3533</x><y>1576</y><time>09-10-20 17:25:31:098</time></pt><pt><x>3533</x><y>83</y><time>undefined</time></pt><pt><x>2320</x><y>83</y><time>undefined</time></pt><closed_date>09-10-20 17:25:31:099</closed_date></polygon></object></annotation>