<annotation><filename>m4_s10_157_p_ic023.jpg</filename><folder>users/joselusava//valeria/m04_s10_157_nic</folder><source><submittedBy>Jose Saca</submittedBy></source><imagesize><nrows>2970</nrows><ncols>4451</ncols></imagesize><object><name>m4_s10_157_p_nic023</name><deleted>0</deleted><verified>0</verified><occluded>no</occluded><attributes></attributes><parts><hasparts></hasparts><ispartof></ispartof></parts><date>12-10-20 19:21:40:466</date><id>0</id><type>bounding_box</type><polygon><username>anonymous</username><pt><x>197</x><y>2593</y><time>12-10-20 19:21:35:872</time></pt><pt><x>1974</x><y>2593</y><time>12-10-20 19:21:37:641</time></pt><pt><x>1974</x><y>444</y><time>undefined</time></pt><pt><x>197</x><y>444</y><time>undefined</time></pt><closed_date>12-10-20 19:21:37:642</closed_date></polygon></object></annotation>