<annotation><filename>m4_s04_045_p_ic080.jpg</filename><folder>users/joselusava//valeria/m04_s04_45_ic</folder><source><submittedBy>Jose Saca</submittedBy></source><imagesize><nrows>2970</nrows><ncols>4451</ncols></imagesize><object><name>m4_s04_045_p_ic080</name><deleted>0</deleted><verified>0</verified><occluded>no</occluded><attributes></attributes><parts><hasparts></hasparts><ispartof></ispartof></parts><date>19-10-20 23:38:57:488</date><id>0</id><type>bounding_box</type><polygon><username>anonymous</username><pt><x>1588</x><y>2776</y><time>19-10-20 23:38:50:495</time></pt><pt><x>2770</x><y>2776</y><time>19-10-20 23:38:53:890</time></pt><pt><x>2770</x><y>348</y><time>undefined</time></pt><pt><x>1588</x><y>348</y><time>undefined</time></pt><closed_date>19-10-20 23:38:53:891</closed_date></polygon></object></annotation>