<annotation><filename>m2_s02_085_p_ic007.jpg</filename><folder>users/joselusava//m2_jsv/85/ic</folder><source><submittedBy>Jose Saca</submittedBy></source><imagesize><nrows>2910</nrows><ncols>4361</ncols></imagesize><object><name>m2_s02_085_p_ic007</name><deleted>0</deleted><verified>0</verified><occluded>no</occluded><attributes></attributes><parts><hasparts></hasparts><ispartof></ispartof></parts><date>16-09-20 13:29:38:786</date><id>0</id><type>bounding_box</type><polygon><username>anonymous</username><pt><x>1654</x><y>618</y><time>16-09-20 13:29:37:054</time></pt><pt><x>2873</x><y>618</y><time>16-09-20 13:29:38:269</time></pt><pt><x>2873</x><y>1915</y><time>undefined</time></pt><pt><x>1654</x><y>1915</y><time>undefined</time></pt><closed_date>16-09-20 13:29:38:270</closed_date></polygon></object></annotation>