<annotation><filename>m2_s05_239_x.jpg</filename><folder>users/joselusava//museos2020</folder><source><submittedBy>Jose Saca</submittedBy></source><imagesize><nrows>2910</nrows><ncols>4361</ncols></imagesize><object><name>m2_s05_239_x</name><deleted>0</deleted><verified>0</verified><occluded>no</occluded><attributes></attributes><parts><hasparts></hasparts><ispartof></ispartof></parts><date>19-09-20 10:23:07:733</date><id>0</id><type>bounding_box</type><polygon><username>anonymous</username><pt><x>553</x><y>470</y><time>19-09-20 10:22:59:548</time></pt><pt><x>3765</x><y>470</y><time>19-09-20 10:23:01:923</time></pt><pt><x>3765</x><y>2180</y><time>undefined</time></pt><pt><x>553</x><y>2180</y><time>undefined</time></pt><closed_date>19-09-20 10:23:01:924</closed_date></polygon></object></annotation>