<annotation><filename>m2_s06_250_p_ic030.jpg</filename><folder>users/joselusava//valeria/m2_sala06_250_ic</folder><source><submittedBy>Jose Saca</submittedBy></source><imagesize><nrows>2910</nrows><ncols>4361</ncols></imagesize><object><name>m2_s06_250_p_ic030</name><deleted>0</deleted><verified>0</verified><occluded>no</occluded><attributes></attributes><parts><hasparts></hasparts><ispartof></ispartof></parts><date>30-09-20 22:27:43:552</date><id>0</id><type>bounding_box</type><polygon><username>anonymous</username><pt><x>298</x><y>1907</y><time>30-09-20 22:27:37:580</time></pt><pt><x>4260</x><y>1907</y><time>30-09-20 22:27:40:077</time></pt><pt><x>4260</x><y>728</y><time>undefined</time></pt><pt><x>298</x><y>728</y><time>undefined</time></pt><closed_date>30-09-20 22:27:40:077</closed_date></polygon></object></annotation>