<annotation><filename>m1_s06_141_p_ic008.jpg</filename><folder>users/joselusava//jacob_2/141ic</folder><source><submittedBy>Jose Saca</submittedBy></source><imagesize><nrows>2736</nrows><ncols>4100</ncols></imagesize><object><name>m1_s06_141_p_ic008</name><deleted>0</deleted><verified>0</verified><occluded>no</occluded><attributes></attributes><parts><hasparts></hasparts><ispartof></ispartof></parts><date>04-09-20 17:15:59:548</date><id>0</id><type>bounding_box</type><polygon><username>anonymous</username><pt><x>1342</x><y>376</y><time>04-09-20 17:15:56:887</time></pt><pt><x>2570</x><y>376</y><time>04-09-20 17:15:58:723</time></pt><pt><x>2570</x><y>2398</y><time>undefined</time></pt><pt><x>1342</x><y>2398</y><time>undefined</time></pt><closed_date>04-09-20 17:15:58:723</closed_date></polygon></object></annotation>