<annotation><filename>m1_s01_006_x.jpg</filename><folder>users/joselusava//museos2020</folder><source><submittedBy>Jose Saca</submittedBy></source><imagesize><nrows>2000</nrows><ncols>2992</ncols></imagesize><object><name>m1_s01_006_x</name><deleted>0</deleted><verified>0</verified><occluded>no</occluded><attributes></attributes><parts><hasparts></hasparts><ispartof></ispartof></parts><date>13-09-20 21:44:22:139</date><id>0</id><type>bounding_box</type><polygon><username>anonymous</username><pt><x>1003</x><y>564</y><time>13-09-20 21:43:43:616</time></pt><pt><x>2047</x><y>564</y><time>13-09-20 21:43:59:587</time></pt><pt><x>2047</x><y>1472</y><time>undefined</time></pt><pt><x>1003</x><y>1472</y><time>undefined</time></pt><closed_date>13-09-20 21:43:59:588</closed_date></polygon></object></annotation>