<annotation><filename>m2_s01_024_p_nic065.jpg</filename><folder>users/joselusava//santiago</folder><source><submittedBy>Jose Saca</submittedBy></source><imagesize><nrows>2850</nrows><ncols>4271</ncols></imagesize><object><name>m2_s01_024_p_nic065</name><deleted>0</deleted><verified>0</verified><occluded>no</occluded><attributes></attributes><parts><hasparts></hasparts><ispartof></ispartof></parts><date>25-09-20 15:19:06:883</date><id>0</id><type>bounding_box</type><polygon><username>anonymous</username><pt><x>2324</x><y>186</y><time>25-09-20 15:19:00:479</time></pt><pt><x>3847</x><y>186</y><time>25-09-20 15:19:01:144</time></pt><pt><x>3847</x><y>2295</y><time>undefined</time></pt><pt><x>2324</x><y>2295</y><time>undefined</time></pt><closed_date>25-09-20 15:19:01:145</closed_date></polygon></object></annotation>