<annotation><filename>m1_s01_021_p_ic055.jpg</filename><folder>users/joselusava//santiago</folder><source><submittedBy>Jose Saca</submittedBy></source><imagesize><nrows>3200</nrows><ncols>4800</ncols></imagesize><object><name>m1_s01_021_p_ic055</name><deleted>0</deleted><verified>0</verified><occluded>no</occluded><attributes></attributes><parts><hasparts></hasparts><ispartof></ispartof></parts><date>14-09-20 23:30:14:768</date><id>0</id><type>bounding_box</type><polygon><username>anonymous</username><pt><x>1811</x><y>986</y><time>14-09-20 23:30:06:617</time></pt><pt><x>2980</x><y>986</y><time>14-09-20 23:30:08:876</time></pt><pt><x>2980</x><y>2433</y><time>undefined</time></pt><pt><x>1811</x><y>2433</y><time>undefined</time></pt><closed_date>14-09-20 23:30:08:877</closed_date></polygon></object></annotation>