<annotation><filename>m2_s06_244_p_ic078.jpg</filename><folder>users/joselusava//museos2020</folder><source><submittedBy>Jose Saca</submittedBy></source><imagesize><nrows>2910</nrows><ncols>4361</ncols></imagesize><object><name>m2_s06_244_p_ic078</name><deleted>0</deleted><verified>0</verified><occluded>no</occluded><attributes></attributes><parts><hasparts></hasparts><ispartof></ispartof></parts><date>22-09-20 15:07:24:670</date><id>0</id><type>bounding_box</type><polygon><username>anonymous</username><pt><x>0</x><y>1140</y><time>22-09-20 15:07:14:437</time></pt><pt><x>3068</x><y>1140</y><time>22-09-20 15:07:17:699</time></pt><pt><x>3068</x><y>2394</y><time>undefined</time></pt><pt><x>0</x><y>2394</y><time>undefined</time></pt><closed_date>22-09-20 15:07:17:701</closed_date></polygon></object></annotation>