<annotation><filename>m1_s02_052_p_nic017.jpg</filename><folder>users/joselusava//valeria/sala2_052_nic</folder><source><submittedBy>Jose Saca</submittedBy></source><imagesize><nrows>3200</nrows><ncols>4800</ncols></imagesize><object><name>m1_s02_052_p_nic017</name><deleted>0</deleted><verified>0</verified><occluded>no</occluded><attributes></attributes><parts><hasparts></hasparts><ispartof></ispartof></parts><date>27-08-20 14:39:18:404</date><id>0</id><type>bounding_box</type><polygon><username>anonymous</username><pt><x>1820</x><y>1541</y><time>27-08-20 14:39:10:689</time></pt><pt><x>515</x><y>1541</y><time>27-08-20 14:39:13:441</time></pt><pt><x>515</x><y>166</y><time>undefined</time></pt><pt><x>1820</x><y>166</y><time>undefined</time></pt><closed_date>27-08-20 14:39:13:443</closed_date></polygon></object></annotation>