<annotation><filename>m1_s06_168_p_ic042.jpg</filename><folder>users/joselusava//jacob_2/168ic</folder><source><submittedBy>Jose Saca</submittedBy></source><imagesize><nrows>2736</nrows><ncols>4100</ncols></imagesize><object><name>m1_s06_168_p_ic042</name><deleted>0</deleted><verified>0</verified><occluded>no</occluded><attributes></attributes><parts><hasparts></hasparts><ispartof></ispartof></parts><date>08-09-20 19:52:50:930</date><id>0</id><type>bounding_box</type><polygon><username>anonymous</username><pt><x>1138</x><y>74</y><time>08-09-20 19:52:47:016</time></pt><pt><x>2987</x><y>74</y><time>08-09-20 19:52:50:097</time></pt><pt><x>2987</x><y>2692</y><time>undefined</time></pt><pt><x>1138</x><y>2692</y><time>undefined</time></pt><closed_date>08-09-20 19:52:50:097</closed_date></polygon></object></annotation>