<annotation><filename>m4_s09_138_p_nic004.jpg</filename><folder>users/joselusava//santiago_2</folder><source><submittedBy>Jose Saca</submittedBy></source><imagesize><nrows>2970</nrows><ncols>4451</ncols></imagesize><object><name>m4_s09_138_p_nic004</name><deleted>0</deleted><verified>0</verified><occluded>no</occluded><attributes></attributes><parts><hasparts></hasparts><ispartof></ispartof></parts><date>22-10-20 23:06:42:761</date><id>0</id><type>bounding_box</type><polygon><username>anonymous</username><pt><x>475</x><y>760</y><time>22-10-20 23:06:39:247</time></pt><pt><x>2788</x><y>760</y><time>22-10-20 23:06:40:497</time></pt><pt><x>2788</x><y>1874</y><time>undefined</time></pt><pt><x>475</x><y>1874</y><time>undefined</time></pt><closed_date>22-10-20 23:06:40:498</closed_date></polygon></object></annotation>