<annotation><filename>m1_s01_005_p_nic095.jpg</filename><folder>users/joselusava//museos2020</folder><source><submittedBy>Jose Saca</submittedBy></source><imagesize><nrows>2000</nrows><ncols>2992</ncols></imagesize><object><name>m1_s01_005_p_nic095</name><deleted>0</deleted><verified>0</verified><occluded>no</occluded><attributes></attributes><parts><hasparts></hasparts><ispartof></ispartof></parts><date>14-09-20 12:07:28:178</date><id>0</id><type>bounding_box</type><polygon><username>anonymous</username><pt><x>364</x><y>1342</y><time>14-09-20 12:07:20:080</time></pt><pt><x>709</x><y>1342</y><time>14-09-20 12:07:21:427</time></pt><pt><x>709</x><y>1741</y><time>undefined</time></pt><pt><x>364</x><y>1741</y><time>undefined</time></pt><closed_date>14-09-20 12:07:21:428</closed_date></polygon></object></annotation>