<annotation><filename>m1_s06_141_p_ic050.jpg</filename><folder>users/joselusava//jacob_2/141ic</folder><source><submittedBy>Jose Saca</submittedBy></source><imagesize><nrows>2736</nrows><ncols>4100</ncols></imagesize><object><name>m1_s06_141_p_ic050</name><deleted>0</deleted><verified>0</verified><occluded>no</occluded><attributes></attributes><parts><hasparts></hasparts><ispartof></ispartof></parts><date>04-09-20 22:52:05:318</date><id>0</id><type>bounding_box</type><polygon><username>anonymous</username><pt><x>990</x><y>2627</y><time>04-09-20 22:52:02:437</time></pt><pt><x>3012</x><y>2627</y><time>04-09-20 22:52:04:459</time></pt><pt><x>3012</x><y>180</y><time>undefined</time></pt><pt><x>990</x><y>180</y><time>undefined</time></pt><closed_date>04-09-20 22:52:04:460</closed_date></polygon></object></annotation>