<annotation><filename>m3_s01_023_p_ic007.jpg</filename><folder>users/joselusava//santiago_3</folder><source><submittedBy>Jose Saca</submittedBy></source><imagesize><nrows>2970</nrows><ncols>4451</ncols></imagesize><object><name>m3_s01_023_p_ic007</name><deleted>0</deleted><verified>0</verified><occluded>no</occluded><attributes></attributes><parts><hasparts></hasparts><ispartof></ispartof></parts><date>04-11-20 18:41:24:776</date><id>0</id><type>bounding_box</type><polygon><username>anonymous</username><pt><x>735</x><y>368</y><time>04-11-20 18:41:20:128</time></pt><pt><x>3438</x><y>368</y><time>04-11-20 18:41:21:971</time></pt><pt><x>3438</x><y>2645</y><time>undefined</time></pt><pt><x>735</x><y>2645</y><time>undefined</time></pt><closed_date>04-11-20 18:41:21:973</closed_date></polygon></object></annotation>