<annotation><filename>m4_s02_021_p_ic058.jpg</filename><folder>users/joselusava//santiago_2</folder><source><submittedBy>Jose Saca</submittedBy></source><imagesize><nrows>3000</nrows><ncols>4496</ncols></imagesize><object><name>m4_s02_021_p_ic058</name><deleted>0</deleted><verified>0</verified><occluded>no</occluded><attributes></attributes><parts><hasparts></hasparts><ispartof></ispartof></parts><date>04-10-20 19:00:09:474</date><id>0</id><type>bounding_box</type><polygon><username>anonymous</username><pt><x>1489</x><y>329</y><time>04-10-20 19:00:05:313</time></pt><pt><x>2757</x><y>329</y><time>04-10-20 19:00:06:806</time></pt><pt><x>2757</x><y>2418</y><time>undefined</time></pt><pt><x>1489</x><y>2418</y><time>undefined</time></pt><closed_date>04-10-20 19:00:06:807</closed_date></polygon></object></annotation>