<annotation><filename>m2_s01_024_p_ic011.jpg</filename><folder>users/joselusava//santiago</folder><source><submittedBy>Jose Saca</submittedBy></source><imagesize><nrows>2850</nrows><ncols>4271</ncols></imagesize><object><name>m2_s01_024_p_ic011</name><deleted>0</deleted><verified>0</verified><occluded>no</occluded><attributes></attributes><parts><hasparts></hasparts><ispartof></ispartof></parts><date>24-09-20 01:17:20:415</date><id>0</id><type>bounding_box</type><polygon><username>anonymous</username><pt><x>1433</x><y>420</y><time>24-09-20 01:17:13:157</time></pt><pt><x>2747</x><y>420</y><time>24-09-20 01:17:15:117</time></pt><pt><x>2747</x><y>2452</y><time>undefined</time></pt><pt><x>1433</x><y>2452</y><time>undefined</time></pt><closed_date>24-09-20 01:17:15:117</closed_date></polygon></object></annotation>