<annotation><filename>m4_s11_176_p_ic065.jpg</filename><folder>users/joselusava//m4_js/176/ic</folder><source><submittedBy>Jose Saca</submittedBy></source><imagesize><nrows>2970</nrows><ncols>4451</ncols></imagesize><object><name>m4_s11_176_p_ic065</name><deleted>0</deleted><verified>0</verified><occluded>no</occluded><attributes></attributes><parts><hasparts></hasparts><ispartof></ispartof></parts><date>15-10-20 09:55:04:777</date><id>0</id><type>bounding_box</type><polygon><username>anonymous</username><pt><x>2932</x><y>2541</y><time>15-10-20 09:55:03:153</time></pt><pt><x>1253</x><y>2541</y><time>15-10-20 09:55:04:184</time></pt><pt><x>1253</x><y>826</y><time>undefined</time></pt><pt><x>2932</x><y>826</y><time>undefined</time></pt><closed_date>15-10-20 09:55:04:184</closed_date></polygon></object></annotation>