<annotation><filename>m3_s01_013_p_nic040.jpg</filename><folder>users/joselusava//valeria/m03_s01_13_nic</folder><source><submittedBy>Jose Saca</submittedBy></source><imagesize><nrows>2970</nrows><ncols>4451</ncols></imagesize><object><name>m3_s01_013_p_nic040</name><deleted>0</deleted><verified>0</verified><occluded>no</occluded><attributes></attributes><parts><hasparts></hasparts><ispartof></ispartof></parts><date>06-11-20 23:19:10:311</date><id>0</id><type>bounding_box</type><polygon><username>anonymous</username><pt><x>3021</x><y>2513</y><time>06-11-20 23:19:00:450</time></pt><pt><x>251</x><y>2513</y><time>06-11-20 23:19:06:831</time></pt><pt><x>251</x><y>474</y><time>undefined</time></pt><pt><x>3021</x><y>474</y><time>undefined</time></pt><closed_date>06-11-20 23:19:06:832</closed_date></polygon></object></annotation>