<annotation><filename>m4_s05_055_p_ic036.jpg</filename><folder>users/joselusava//valeria/m4_s05_055_ic</folder><source><submittedBy>Jose Saca</submittedBy></source><imagesize><nrows>2910</nrows><ncols>4361</ncols></imagesize><object><name>m4_s05_055_p_ic036</name><deleted>0</deleted><verified>0</verified><occluded>no</occluded><attributes></attributes><parts><hasparts></hasparts><ispartof></ispartof></parts><date>08-10-20 22:17:11:292</date><id>0</id><type>bounding_box</type><polygon><username>anonymous</username><pt><x>1527</x><y>518</y><time>08-10-20 22:17:04:839</time></pt><pt><x>3004</x><y>518</y><time>08-10-20 22:17:06:722</time></pt><pt><x>3004</x><y>2381</y><time>undefined</time></pt><pt><x>1527</x><y>2381</y><time>undefined</time></pt><closed_date>08-10-20 22:17:06:723</closed_date></polygon></object></annotation>