<annotation><filename>m4_s05_052_p_nic002.jpg</filename><folder>users/joselusava//santiago_2</folder><source><submittedBy>Jose Saca</submittedBy></source><imagesize><nrows>2910</nrows><ncols>4361</ncols></imagesize><object><name>m4_s05_052_p_nic002</name><deleted>0</deleted><verified>0</verified><occluded>no</occluded><attributes></attributes><parts><hasparts></hasparts><ispartof></ispartof></parts><date>07-10-20 23:40:38:327</date><id>0</id><type>bounding_box</type><polygon><username>anonymous</username><pt><x>2474</x><y>1001</y><time>07-10-20 23:40:34:626</time></pt><pt><x>3953</x><y>1001</y><time>07-10-20 23:40:35:891</time></pt><pt><x>3953</x><y>2494</y><time>undefined</time></pt><pt><x>2474</x><y>2494</y><time>undefined</time></pt><closed_date>07-10-20 23:40:35:892</closed_date></polygon></object></annotation>