<annotation><filename>m1_s10_298_x.jpg</filename><folder>users/joselusava//santiago</folder><source><submittedBy>Jose Saca</submittedBy></source><imagesize><nrows>3200</nrows><ncols>4800</ncols></imagesize><object><name>m1_s10_298_x</name><deleted>0</deleted><verified>0</verified><occluded>no</occluded><attributes></attributes><parts><hasparts></hasparts><ispartof></ispartof></parts><date>28-08-20 16:54:26:557</date><id>0</id><type>bounding_box</type><polygon><username>anonymous</username><pt><x>1476</x><y>493</y><time>28-08-20 16:54:16:934</time></pt><pt><x>3348</x><y>493</y><time>28-08-20 16:54:19:130</time></pt><pt><x>3348</x><y>2944</y><time>undefined</time></pt><pt><x>1476</x><y>2944</y><time>undefined</time></pt><closed_date>28-08-20 16:54:19:132</closed_date></polygon></object></annotation>