<annotation><filename>m2_s05_236_p_ic077.jpg</filename><folder>users/joselusava//museos2020</folder><source><submittedBy>Jose Saca</submittedBy></source><imagesize><nrows>2910</nrows><ncols>4361</ncols></imagesize><object><name>m2_s05_236_p_ic077</name><deleted>0</deleted><verified>0</verified><occluded>no</occluded><attributes></attributes><parts><hasparts></hasparts><ispartof></ispartof></parts><date>16-09-20 19:16:54:590</date><id>0</id><type>bounding_box</type><polygon><username>anonymous</username><pt><x>325</x><y>98</y><time>16-09-20 19:16:45:165</time></pt><pt><x>4249</x><y>98</y><time>16-09-20 19:16:48:486</time></pt><pt><x>4249</x><y>2622</y><time>undefined</time></pt><pt><x>325</x><y>2622</y><time>undefined</time></pt><closed_date>16-09-20 19:16:48:487</closed_date></polygon></object></annotation>