<annotation><filename>m4_s04_039_p_ic072.jpg</filename><folder>users/joselusava//santiago_2</folder><source><submittedBy>Jose Saca</submittedBy></source><imagesize><nrows>2970</nrows><ncols>4451</ncols></imagesize><object><name>m4_s04_039_p_ic072</name><deleted>0</deleted><verified>0</verified><occluded>no</occluded><attributes></attributes><parts><hasparts></hasparts><ispartof></ispartof></parts><date>21-10-20 15:52:57:620</date><id>0</id><type>bounding_box</type><polygon><username>anonymous</username><pt><x>1941</x><y>187</y><time>21-10-20 15:52:53:944</time></pt><pt><x>2666</x><y>187</y><time>21-10-20 15:52:55:465</time></pt><pt><x>2666</x><y>2910</y><time>undefined</time></pt><pt><x>1941</x><y>2910</y><time>undefined</time></pt><closed_date>21-10-20 15:52:55:465</closed_date></polygon></object></annotation>