<annotation><filename>m1_s01_021_p_nic012.jpg</filename><folder>users/joselusava//santiago</folder><source><submittedBy>Jose Saca</submittedBy></source><imagesize><nrows>3200</nrows><ncols>4800</ncols></imagesize><object><name>m1_s01_021_p_nic012</name><deleted>0</deleted><verified>0</verified><occluded>no</occluded><attributes></attributes><parts><hasparts></hasparts><ispartof></ispartof></parts><date>15-09-20 15:18:33:817</date><id>0</id><type>bounding_box</type><polygon><username>anonymous</username><pt><x>320</x><y>490</y><time>15-09-20 15:18:25:030</time></pt><pt><x>1001</x><y>490</y><time>15-09-20 15:18:27:209</time></pt><pt><x>1001</x><y>1260</y><time>undefined</time></pt><pt><x>320</x><y>1260</y><time>undefined</time></pt><closed_date>15-09-20 15:18:27:210</closed_date></polygon></object></annotation>