<annotation><filename>m4_s04_039_p_nic023.jpg</filename><folder>users/joselusava//santiago_2</folder><source><submittedBy>Jose Saca</submittedBy></source><imagesize><nrows>2970</nrows><ncols>4451</ncols></imagesize><object><name>m4_s04_039_p_nic023</name><deleted>0</deleted><verified>0</verified><occluded>no</occluded><attributes></attributes><parts><hasparts></hasparts><ispartof></ispartof></parts><date>21-10-20 21:04:13:416</date><id>0</id><type>bounding_box</type><polygon><username>anonymous</username><pt><x>1678</x><y>1078</y><time>21-10-20 21:04:09:658</time></pt><pt><x>2277</x><y>1078</y><time>21-10-20 21:04:10:994</time></pt><pt><x>2277</x><y>2870</y><time>undefined</time></pt><pt><x>1678</x><y>2870</y><time>undefined</time></pt><closed_date>21-10-20 21:04:10:996</closed_date></polygon></object></annotation>