<annotation><filename>m2_s02_085_p_nic018.jpg</filename><folder>users/joselusava//m2_jsv/85/nic</folder><source><submittedBy>Jose Saca</submittedBy></source><imagesize><nrows>2910</nrows><ncols>4361</ncols></imagesize><object><name>m2_s02_085_p_nic018</name><deleted>0</deleted><verified>0</verified><occluded>no</occluded><attributes></attributes><parts><hasparts></hasparts><ispartof></ispartof></parts><date>19-09-20 22:30:09:078</date><id>0</id><type>bounding_box</type><polygon><username>anonymous</username><pt><x>1149</x><y>2759</y><time>19-09-20 22:30:07:024</time></pt><pt><x>52</x><y>2759</y><time>19-09-20 22:30:08:392</time></pt><pt><x>52</x><y>1480</y><time>undefined</time></pt><pt><x>1149</x><y>1480</y><time>undefined</time></pt><closed_date>19-09-20 22:30:08:392</closed_date></polygon></object></annotation>