<annotation><filename>m3_s01_013_p_ic072.jpg</filename><folder>users/joselusava//valeria/m03_s01_13_ic</folder><source><submittedBy>Jose Saca</submittedBy></source><imagesize><nrows>2970</nrows><ncols>4451</ncols></imagesize><object><name>m3_s01_013_p_ic071</name><deleted>0</deleted><verified>0</verified><occluded>no</occluded><attributes></attributes><parts><hasparts></hasparts><ispartof></ispartof></parts><date>01-11-20 09:22:46:815</date><id>0</id><type>bounding_box</type><polygon><username>anonymous</username><pt><x>3604</x><y>2782</y><time>01-11-20 09:22:40:743</time></pt><pt><x>480</x><y>2782</y><time>01-11-20 09:22:43:193</time></pt><pt><x>480</x><y>74</y><time>undefined</time></pt><pt><x>3604</x><y>74</y><time>undefined</time></pt><closed_date>01-11-20 09:22:43:194</closed_date></polygon></object></annotation>