<annotation><filename>m4_s04_047_p_nic045.jpg</filename><folder>users/joselusava//kath/kath_m4_047/nic</folder><source><submittedBy>Jose Saca</submittedBy></source><imagesize><nrows>2970</nrows><ncols>4451</ncols></imagesize><object><name>m4_s04_047_p_nic045</name><deleted>0</deleted><verified>0</verified><occluded>no</occluded><attributes></attributes><parts><hasparts></hasparts><ispartof></ispartof></parts><date>24-10-20 19:05:43:416</date><id>0</id><type>bounding_box</type><polygon><username>anonymous</username><pt><x>533</x><y>147</y><time>24-10-20 19:05:36:789</time></pt><pt><x>1771</x><y>147</y><time>24-10-20 19:05:39:994</time></pt><pt><x>1771</x><y>2690</y><time>undefined</time></pt><pt><x>533</x><y>2690</y><time>undefined</time></pt><closed_date>24-10-20 19:05:39:996</closed_date></polygon></object></annotation>