<annotation><filename>m1_s02_052_p_nic069.jpg</filename><folder>users/joselusava//valeria/sala2_052_nic</folder><source><submittedBy>Jose Saca</submittedBy></source><imagesize><nrows>3200</nrows><ncols>4800</ncols></imagesize><object><name>m1_s02_052_p_nic069</name><deleted>0</deleted><verified>0</verified><occluded>no</occluded><attributes></attributes><parts><hasparts></hasparts><ispartof></ispartof></parts><date>27-08-20 17:00:01:089</date><id>0</id><type>bounding_box</type><polygon><username>anonymous</username><pt><x>4499</x><y>784</y><time>27-08-20 16:59:53:681</time></pt><pt><x>3093</x><y>784</y><time>27-08-20 16:59:57:240</time></pt><pt><x>3093</x><y>2303</y><time>undefined</time></pt><pt><x>4499</x><y>2303</y><time>undefined</time></pt><closed_date>27-08-20 16:59:57:241</closed_date></polygon></object></annotation>