<annotation><filename>m4_s02_021_p_ic040.jpg</filename><folder>users/joselusava//santiago_2</folder><source><submittedBy>Jose Saca</submittedBy></source><imagesize><nrows>3000</nrows><ncols>4496</ncols></imagesize><object><name>m4_s02_021_p_ic040</name><deleted>0</deleted><verified>0</verified><occluded>no</occluded><attributes></attributes><parts><hasparts></hasparts><ispartof></ispartof></parts><date>03-10-20 18:03:20:883</date><id>0</id><type>bounding_box</type><polygon><username>anonymous</username><pt><x>1618</x><y>461</y><time>03-10-20 18:03:11:983</time></pt><pt><x>2868</x><y>461</y><time>03-10-20 18:03:14:013</time></pt><pt><x>2868</x><y>2575</y><time>undefined</time></pt><pt><x>1618</x><y>2575</y><time>undefined</time></pt><closed_date>03-10-20 18:03:14:014</closed_date></polygon></object></annotation>