<annotation><filename>m2_s01_024_p_nic022.jpg</filename><folder>users/joselusava//santiago</folder><source><submittedBy>Jose Saca</submittedBy></source><imagesize><nrows>2850</nrows><ncols>4271</ncols></imagesize><object><name>m2_s01_024_p_nic022</name><deleted>0</deleted><verified>0</verified><occluded>no</occluded><attributes></attributes><parts><hasparts></hasparts><ispartof></ispartof></parts><date>25-09-20 13:49:53:825</date><id>0</id><type>bounding_box</type><polygon><username>anonymous</username><pt><x>2600</x><y>1225</y><time>25-09-20 13:49:46:035</time></pt><pt><x>3482</x><y>1225</y><time>25-09-20 13:49:47:487</time></pt><pt><x>3482</x><y>2590</y><time>undefined</time></pt><pt><x>2600</x><y>2590</y><time>undefined</time></pt><closed_date>25-09-20 13:49:47:487</closed_date></polygon></object></annotation>