<annotation><filename>m1_s06_168_p_nic003.jpg</filename><folder>users/joselusava//jacob_2/168nic</folder><source><submittedBy>Jose Saca</submittedBy></source><imagesize><nrows>2736</nrows><ncols>4100</ncols></imagesize><object><name>m1_s06_168_p_nic003</name><deleted>0</deleted><verified>0</verified><occluded>no</occluded><attributes></attributes><parts><hasparts></hasparts><ispartof></ispartof></parts><date>08-09-20 22:58:08:208</date><id>0</id><type>bounding_box</type><polygon><username>anonymous</username><pt><x>2381</x><y>704</y><time>08-09-20 22:58:05:709</time></pt><pt><x>3683</x><y>704</y><time>08-09-20 22:58:07:593</time></pt><pt><x>3683</x><y>2111</y><time>undefined</time></pt><pt><x>2381</x><y>2111</y><time>undefined</time></pt><closed_date>08-09-20 22:58:07:594</closed_date></polygon></object></annotation>