<annotation><filename>m2_s01_056_p_ic082.jpg</filename><folder>users/joselusava//m2_jsv/56/ic</folder><source><submittedBy>Jose Saca</submittedBy></source><imagesize><nrows>2850</nrows><ncols>4271</ncols></imagesize><object><name>m2_s01_056_p_ic082</name><deleted>0</deleted><verified>0</verified><occluded>no</occluded><attributes></attributes><parts><hasparts></hasparts><ispartof></ispartof></parts><date>28-09-20 21:53:29:957</date><id>0</id><type>bounding_box</type><polygon><username>anonymous</username><pt><x>2794</x><y>2301</y><time>28-09-20 21:53:27:005</time></pt><pt><x>1443</x><y>2301</y><time>28-09-20 21:53:28:675</time></pt><pt><x>1443</x><y>535</y><time>undefined</time></pt><pt><x>2794</x><y>535</y><time>undefined</time></pt><closed_date>28-09-20 21:53:28:675</closed_date></polygon></object></annotation>