<annotation><filename>m4_s07_105_p_nic028.jpg</filename><folder>users/joselusava//kath/m4_105/nic</folder><source><submittedBy>Jose Saca</submittedBy></source><imagesize><nrows>2970</nrows><ncols>4451</ncols></imagesize><object><name>m4_s07_105_p_nic028</name><deleted>0</deleted><verified>0</verified><occluded>no</occluded><attributes></attributes><parts><hasparts></hasparts><ispartof></ispartof></parts><date>29-10-20 09:38:21:646</date><id>0</id><type>bounding_box</type><polygon><username>anonymous</username><pt><x>2605</x><y>1259</y><time>29-10-20 09:38:17:594</time></pt><pt><x>3369</x><y>1259</y><time>29-10-20 09:38:19:644</time></pt><pt><x>3369</x><y>2811</y><time>undefined</time></pt><pt><x>2605</x><y>2811</y><time>undefined</time></pt><closed_date>29-10-20 09:38:19:644</closed_date></polygon></object></annotation>