<annotation><filename>m4_s04_047_p_nic041.jpg</filename><folder>users/joselusava//kath/kath_m4_047/nic</folder><source><submittedBy>Jose Saca</submittedBy></source><imagesize><nrows>2970</nrows><ncols>4451</ncols></imagesize><object><name>m4_s04_047_p_nic041</name><deleted>0</deleted><verified>0</verified><occluded>no</occluded><attributes></attributes><parts><hasparts></hasparts><ispartof></ispartof></parts><date>24-10-20 19:04:41:658</date><id>0</id><type>bounding_box</type><polygon><username>anonymous</username><pt><x>519</x><y>173</y><time>24-10-20 19:04:12:694</time></pt><pt><x>1718</x><y>173</y><time>24-10-20 19:04:33:939</time></pt><pt><x>1718</x><y>2664</y><time>undefined</time></pt><pt><x>519</x><y>2664</y><time>undefined</time></pt><closed_date>24-10-20 19:04:33:940</closed_date></polygon></object></annotation>