<annotation><filename>m4_s02_021_p_ic061.jpg</filename><folder>users/joselusava//santiago_2</folder><source><submittedBy>Jose Saca</submittedBy></source><imagesize><nrows>3000</nrows><ncols>4496</ncols></imagesize><object><name>m4_s02_021_p_ic061</name><deleted>0</deleted><verified>0</verified><occluded>no</occluded><attributes></attributes><parts><hasparts></hasparts><ispartof></ispartof></parts><date>04-10-20 19:02:42:276</date><id>0</id><type>bounding_box</type><polygon><username>anonymous</username><pt><x>1514</x><y>286</y><time>04-10-20 19:02:38:748</time></pt><pt><x>2786</x><y>286</y><time>04-10-20 19:02:40:177</time></pt><pt><x>2786</x><y>2486</y><time>undefined</time></pt><pt><x>1514</x><y>2486</y><time>undefined</time></pt><closed_date>04-10-20 19:02:40:181</closed_date></polygon></object></annotation>