<annotation><filename>m2_s01_018_p_ic074.jpg</filename><folder>users/joselusava//santiago_2</folder><source><submittedBy>Jose Saca</submittedBy></source><imagesize><nrows>2850</nrows><ncols>4271</ncols></imagesize><object><name>m2_s01_018_p_ic074</name><deleted>0</deleted><verified>0</verified><occluded>no</occluded><attributes></attributes><parts><hasparts></hasparts><ispartof></ispartof></parts><date>28-09-20 18:04:27:651</date><id>0</id><type>bounding_box</type><polygon><username>anonymous</username><pt><x>1590</x><y>917</y><time>28-09-20 18:04:20:676</time></pt><pt><x>2619</x><y>917</y><time>28-09-20 18:04:21:853</time></pt><pt><x>2619</x><y>2177</y><time>undefined</time></pt><pt><x>1590</x><y>2177</y><time>undefined</time></pt><closed_date>28-09-20 18:04:21:854</closed_date></polygon></object></annotation>