<annotation><filename>img_m1_s10_303_p_nic075.jpg</filename><folder>users/joselusava//santiago</folder><source><submittedBy>Jose Saca</submittedBy></source><imagesize><nrows>3200</nrows><ncols>4800</ncols></imagesize><object><name>m1_s10_303_p_nic075</name><deleted>0</deleted><verified>0</verified><occluded>no</occluded><attributes></attributes><parts><hasparts></hasparts><ispartof></ispartof></parts><date>01-09-20 22:31:09:101</date><id>0</id><type>bounding_box</type><polygon><username>anonymous</username><pt><x>612</x><y>371</y><time>01-09-20 22:30:59:969</time></pt><pt><x>2178</x><y>371</y><time>01-09-20 22:31:01:281</time></pt><pt><x>2178</x><y>1425</y><time>undefined</time></pt><pt><x>612</x><y>1425</y><time>undefined</time></pt><closed_date>01-09-20 22:31:01:282</closed_date></polygon></object></annotation>