<annotation><filename>m1_s02_036_p_nic005.jpg</filename><folder>users/joselusava//valeria/sala2_036_nic</folder><source><submittedBy>Jose Saca</submittedBy></source><imagesize><nrows>3200</nrows><ncols>4800</ncols></imagesize><object><name>m1_s02_036_p_nic005</name><deleted>0</deleted><verified>0</verified><occluded>no</occluded><attributes></attributes><parts><hasparts></hasparts><ispartof></ispartof></parts><date>26-08-20 21:57:59:801</date><id>0</id><type>bounding_box</type><polygon><username>anonymous</username><pt><x>301</x><y>1111</y><time>26-08-20 21:57:54:040</time></pt><pt><x>1101</x><y>1111</y><time>26-08-20 21:57:56:406</time></pt><pt><x>1101</x><y>2255</y><time>undefined</time></pt><pt><x>301</x><y>2255</y><time>undefined</time></pt><closed_date>26-08-20 21:57:56:407</closed_date></polygon></object></annotation>