<annotation><filename>m4_s03_025_p_nic011.jpg</filename><folder>users/joselusava//santiago_3</folder><source><submittedBy>Jose Saca</submittedBy></source><imagesize><nrows>2910</nrows><ncols>4361</ncols></imagesize><object><name>m4_s03_025_p_nic011</name><deleted>0</deleted><verified>0</verified><occluded>no</occluded><attributes></attributes><parts><hasparts></hasparts><ispartof></ispartof></parts><date>07-11-20 23:07:05:584</date><id>0</id><type>bounding_box</type><polygon><username>anonymous</username><pt><x>644</x><y>238</y><time>07-11-20 23:07:01:424</time></pt><pt><x>2903</x><y>238</y><time>07-11-20 23:07:03:107</time></pt><pt><x>2903</x><y>1588</y><time>undefined</time></pt><pt><x>644</x><y>1588</y><time>undefined</time></pt><closed_date>07-11-20 23:07:03:108</closed_date></polygon></object></annotation>