<annotation><filename>m2_s01_004_x.jpg</filename><folder>users/joselusava//santiago</folder><source><submittedBy>Jose Saca</submittedBy></source><imagesize><nrows>2850</nrows><ncols>4271</ncols></imagesize><object><name>m2_s01_004_x</name><deleted>0</deleted><verified>0</verified><occluded>no</occluded><attributes></attributes><parts><hasparts></hasparts><ispartof></ispartof></parts><date>20-09-20 00:07:08:990</date><id>0</id><type>bounding_box</type><polygon><username>anonymous</username><pt><x>1045</x><y>923</y><time>20-09-20 00:06:58:980</time></pt><pt><x>2965</x><y>923</y><time>20-09-20 00:07:00:805</time></pt><pt><x>2965</x><y>1936</y><time>undefined</time></pt><pt><x>1045</x><y>1936</y><time>undefined</time></pt><closed_date>20-09-20 00:07:00:806</closed_date></polygon></object></annotation>