<annotation><filename>m2_s07_264_p_nic045.jpg</filename><folder>users/joselusava//valeria/sala7_264_nic</folder><source><submittedBy>Jose Saca</submittedBy></source><imagesize><nrows>2910</nrows><ncols>4361</ncols></imagesize><object><name>m2_s07_264_p_nic045</name><deleted>0</deleted><verified>0</verified><occluded>no</occluded><attributes></attributes><parts><hasparts></hasparts><ispartof></ispartof></parts><date>23-09-20 20:32:08:580</date><id>0</id><type>bounding_box</type><polygon><username>anonymous</username><pt><x>1698</x><y>2701</y><time>23-09-20 20:32:02:896</time></pt><pt><x>2844</x><y>2701</y><time>23-09-20 20:32:04:858</time></pt><pt><x>2844</x><y>1064</y><time>undefined</time></pt><pt><x>1698</x><y>1064</y><time>undefined</time></pt><closed_date>23-09-20 20:32:04:859</closed_date></polygon></object></annotation>