<annotation><filename>m1_s01_021_p_nic041.jpg</filename><folder>users/joselusava//santiago</folder><source><submittedBy>Jose Saca</submittedBy></source><imagesize><nrows>3200</nrows><ncols>4800</ncols></imagesize><object><name>m1_s01_021_p_nic041</name><deleted>0</deleted><verified>0</verified><occluded>no</occluded><attributes></attributes><parts><hasparts></hasparts><ispartof></ispartof></parts><date>15-09-20 16:29:06:772</date><id>0</id><type>bounding_box</type><polygon><username>anonymous</username><pt><x>1026</x><y>2275</y><time>15-09-20 16:28:58:572</time></pt><pt><x>1602</x><y>2275</y><time>15-09-20 16:29:00:000</time></pt><pt><x>1602</x><y>3020</y><time>undefined</time></pt><pt><x>1026</x><y>3020</y><time>undefined</time></pt><closed_date>15-09-20 16:29:00:001</closed_date></polygon></object></annotation>