<annotation><filename>m1_s01_001_p_ic005.jpg</filename><folder>users/joselusava//juancarlos</folder><source><submittedBy>Jose Saca</submittedBy></source><imagesize><nrows>2000</nrows><ncols>2992</ncols></imagesize><object><name>m1_s01_001_p_ic005</name><deleted>0</deleted><verified>0</verified><occluded>no</occluded><attributes></attributes><parts><hasparts></hasparts><ispartof></ispartof></parts><date>24-08-20 10:48:34:876</date><id>0</id><type>bounding_box</type><polygon><username>anonymous</username><pt><x>689</x><y>788</y><time>24-08-20 10:48:08:648</time></pt><pt><x>1871</x><y>788</y><time>24-08-20 10:48:18:293</time></pt><pt><x>1871</x><y>1489</y><time>undefined</time></pt><pt><x>689</x><y>1489</y><time>undefined</time></pt><closed_date>24-08-20 10:48:18:295</closed_date></polygon></object></annotation>