<annotation><filename>m4_s10_154_p_nic065.jpg</filename><folder>users/joselusava//valeria/m04_s10_154_nic</folder><source><submittedBy>Jose Saca</submittedBy></source><imagesize><nrows>2970</nrows><ncols>4451</ncols></imagesize><object><name>m4_s10_154_p_nic065</name><deleted>0</deleted><verified>0</verified><occluded>no</occluded><attributes></attributes><parts><hasparts></hasparts><ispartof></ispartof></parts><date>14-10-20 13:24:08:719</date><id>0</id><type>bounding_box</type><polygon><username>anonymous</username><pt><x>1234</x><y>2713</y><time>14-10-20 13:24:03:467</time></pt><pt><x>457</x><y>2713</y><time>14-10-20 13:24:05:011</time></pt><pt><x>457</x><y>1251</y><time>undefined</time></pt><pt><x>1234</x><y>1251</y><time>undefined</time></pt><closed_date>14-10-20 13:24:05:012</closed_date></polygon></object></annotation>