<annotation><filename>m4_s05_052_p_ic087.jpg</filename><folder>users/joselusava//santiago_2</folder><source><submittedBy>Jose Saca</submittedBy></source><imagesize><nrows>2910</nrows><ncols>4361</ncols></imagesize><object><name>m4_s05_052_p_ic087</name><deleted>0</deleted><verified>0</verified><occluded>no</occluded><attributes></attributes><parts><hasparts></hasparts><ispartof></ispartof></parts><date>07-10-20 23:12:16:728</date><id>0</id><type>bounding_box</type><polygon><username>anonymous</username><pt><x>991</x><y>350</y><time>07-10-20 23:12:13:340</time></pt><pt><x>3062</x><y>350</y><time>07-10-20 23:12:15:014</time></pt><pt><x>3062</x><y>2470</y><time>undefined</time></pt><pt><x>991</x><y>2470</y><time>undefined</time></pt><closed_date>07-10-20 23:12:15:014</closed_date></polygon></object></annotation>