<annotation><filename>m1_s02_029_p_nic085.jpg</filename><folder>users/joselusava//valeria/sala2_029_nic</folder><source><submittedBy>Jose Saca</submittedBy></source><imagesize><nrows>3200</nrows><ncols>4800</ncols></imagesize><object><name>m1_s02_029_p_nic085</name><deleted>0</deleted><verified>0</verified><occluded>no</occluded><attributes></attributes><parts><hasparts></hasparts><ispartof></ispartof></parts><date>26-08-20 20:57:13:973</date><id>0</id><type>bounding_box</type><polygon><username>anonymous</username><pt><x>338</x><y>376</y><time>26-08-20 20:57:08:333</time></pt><pt><x>1509</x><y>376</y><time>26-08-20 20:57:10:417</time></pt><pt><x>1509</x><y>1579</y><time>undefined</time></pt><pt><x>338</x><y>1579</y><time>undefined</time></pt><closed_date>26-08-20 20:57:10:418</closed_date></polygon></object></annotation>