<annotation><filename>m2_s07_264_p_nic056.jpg</filename><folder>users/joselusava//valeria/sala7_264_nic</folder><source><submittedBy>Jose Saca</submittedBy></source><imagesize><nrows>2910</nrows><ncols>4361</ncols></imagesize><object><name>m2_s07_264_p_nic056</name><deleted>0</deleted><verified>0</verified><occluded>no</occluded><attributes></attributes><parts><hasparts></hasparts><ispartof></ispartof></parts><date>23-09-20 20:52:02:468</date><id>0</id><type>bounding_box</type><polygon><username>anonymous</username><pt><x>788</x><y>1995</y><time>23-09-20 20:51:57:560</time></pt><pt><x>2089</x><y>1995</y><time>23-09-20 20:51:59:854</time></pt><pt><x>2089</x><y>298</y><time>undefined</time></pt><pt><x>788</x><y>298</y><time>undefined</time></pt><closed_date>23-09-20 20:51:59:855</closed_date></polygon></object></annotation>