<annotation><filename>m2_s02_085_p_nic091.jpg</filename><folder>users/joselusava//m2_jsv/85/nic</folder><source><submittedBy>Jose Saca</submittedBy></source><imagesize><nrows>2910</nrows><ncols>4361</ncols></imagesize><object><name>m2_s02_085_p_nic091</name><deleted>0</deleted><verified>0</verified><occluded>no</occluded><attributes></attributes><parts><hasparts></hasparts><ispartof></ispartof></parts><date>19-09-20 23:04:09:102</date><id>0</id><type>bounding_box</type><polygon><username>anonymous</username><pt><x>1262</x><y>1036</y><time>19-09-20 23:04:07:151</time></pt><pt><x>444</x><y>1036</y><time>19-09-20 23:04:08:305</time></pt><pt><x>444</x><y>200</y><time>undefined</time></pt><pt><x>1262</x><y>200</y><time>undefined</time></pt><closed_date>19-09-20 23:04:08:305</closed_date></polygon></object></annotation>