<annotation><filename>img_m1_s03-04_101_p_ic037.jpg</filename><folder>users/joselusava//valeria/sala3y4_101_ic</folder><source><submittedBy>Jose Saca</submittedBy></source><imagesize><nrows>3200</nrows><ncols>4800</ncols></imagesize><object><name>m1_s03_s04_101_p_ic037</name><deleted>0</deleted><verified>0</verified><occluded>no</occluded><attributes></attributes><parts><hasparts></hasparts><ispartof></ispartof></parts><date>28-08-20 23:57:47:847</date><id>0</id><type>bounding_box</type><polygon><username>anonymous</username><pt><x>59</x><y>3173</y><time>28-08-20 23:57:41:230</time></pt><pt><x>3581</x><y>3173</y><time>28-08-20 23:57:44:115</time></pt><pt><x>3581</x><y>521</y><time>undefined</time></pt><pt><x>59</x><y>521</y><time>undefined</time></pt><closed_date>28-08-20 23:57:44:117</closed_date></polygon></object></annotation>