<annotation><filename>m2_s01_034_p_ic051.jpg</filename><folder>users/joselusava//kath</folder><source><submittedBy>Jose Saca</submittedBy></source><imagesize><nrows>2850</nrows><ncols>4271</ncols></imagesize><object><name>m2_s01_034_p_ic051</name><deleted>0</deleted><verified>0</verified><occluded>no</occluded><attributes></attributes><parts><hasparts></hasparts><ispartof></ispartof></parts><date>25-09-20 16:07:29:768</date><id>0</id><type>bounding_box</type><polygon><username>anonymous</username><pt><x>1303</x><y>129</y><time>25-09-20 16:07:21:208</time></pt><pt><x>2950</x><y>129</y><time>25-09-20 16:07:25:730</time></pt><pt><x>2950</x><y>2714</y><time>undefined</time></pt><pt><x>1303</x><y>2714</y><time>undefined</time></pt><closed_date>25-09-20 16:07:25:731</closed_date></polygon></object></annotation>