<annotation><filename>m1_s06_144_p_nic034.jpg</filename><folder>users/joselusava//jacob_2/144nic</folder><source><submittedBy>Jose Saca</submittedBy></source><imagesize><nrows>2736</nrows><ncols>4100</ncols></imagesize><object><name>m1_s06_144_p_nic034</name><deleted>0</deleted><verified>0</verified><occluded>no</occluded><attributes></attributes><parts><hasparts></hasparts><ispartof></ispartof></parts><date>08-09-20 02:07:06:956</date><id>0</id><type>bounding_box</type><polygon><username>anonymous</username><pt><x>270</x><y>2349</y><time>08-09-20 02:07:03:806</time></pt><pt><x>1735</x><y>2349</y><time>08-09-20 02:07:06:017</time></pt><pt><x>1735</x><y>614</y><time>undefined</time></pt><pt><x>270</x><y>614</y><time>undefined</time></pt><closed_date>08-09-20 02:07:06:017</closed_date></polygon></object></annotation>