<annotation><filename>m4_s02_021_p_nic067.jpg</filename><folder>users/joselusava//santiago_2</folder><source><submittedBy>Jose Saca</submittedBy></source><imagesize><nrows>2910</nrows><ncols>4361</ncols></imagesize><object><name>m4_s02_021_p_nic067</name><deleted>0</deleted><verified>0</verified><occluded>no</occluded><attributes></attributes><parts><hasparts></hasparts><ispartof></ispartof></parts><date>05-10-20 11:23:48:128</date><id>0</id><type>bounding_box</type><polygon><username>anonymous</username><pt><x>284</x><y>488</y><time>05-10-20 11:23:44:406</time></pt><pt><x>1209</x><y>488</y><time>05-10-20 11:23:45:896</time></pt><pt><x>1209</x><y>2207</y><time>undefined</time></pt><pt><x>284</x><y>2207</y><time>undefined</time></pt><closed_date>05-10-20 11:23:45:897</closed_date></polygon></object></annotation>