<annotation><filename>m1_s01_021_p_nic027.jpg</filename><folder>users/joselusava//santiago</folder><source><submittedBy>Jose Saca</submittedBy></source><imagesize><nrows>3200</nrows><ncols>4800</ncols></imagesize><object><name>m1_s01_021_p_nic027</name><deleted>0</deleted><verified>0</verified><occluded>no</occluded><attributes></attributes><parts><hasparts></hasparts><ispartof></ispartof></parts><date>15-09-20 15:37:47:006</date><id>0</id><type>bounding_box</type><polygon><username>anonymous</username><pt><x>3506</x><y>1285</y><time>15-09-20 15:37:38:500</time></pt><pt><x>4003</x><y>1285</y><time>15-09-20 15:37:39:848</time></pt><pt><x>4003</x><y>2001</y><time>undefined</time></pt><pt><x>3506</x><y>2001</y><time>undefined</time></pt><closed_date>15-09-20 15:37:39:849</closed_date></polygon></object></annotation>