<annotation><filename>m2_s05_236_p_ic043.jpg</filename><folder>users/joselusava//museos2020</folder><source><submittedBy>Jose Saca</submittedBy></source><imagesize><nrows>2910</nrows><ncols>4361</ncols></imagesize><object><name>m2_s05_236_p_ic043</name><deleted>0</deleted><verified>0</verified><occluded>no</occluded><attributes></attributes><parts><hasparts></hasparts><ispartof></ispartof></parts><date>16-09-20 18:36:28:374</date><id>0</id><type>bounding_box</type><polygon><username>anonymous</username><pt><x>284</x><y>42</y><time>16-09-20 18:36:11:290</time></pt><pt><x>3891</x><y>42</y><time>16-09-20 18:36:15:292</time></pt><pt><x>3891</x><y>2659</y><time>undefined</time></pt><pt><x>284</x><y>2659</y><time>undefined</time></pt><closed_date>16-09-20 18:36:15:294</closed_date></polygon></object></annotation>