<annotation><filename>m2_s03_248_p_nic035.jpg</filename><folder>users/joselusava//museos2020</folder><source><submittedBy>Jose Saca</submittedBy></source><imagesize><nrows>2910</nrows><ncols>4361</ncols></imagesize><object><name>m2_s03_248_p_nic035</name><deleted>0</deleted><verified>0</verified><occluded>no</occluded><attributes></attributes><parts><hasparts></hasparts><ispartof></ispartof></parts><date>27-09-20 16:54:35:483</date><id>0</id><polygon><username>anonymous</username><pt><x>1887</x><y>981</y><time>27-09-20 16:54:25:587</time></pt><pt><x>4026</x><y>948</y><time>27-09-20 16:54:26:904</time></pt><pt><x>3412</x><y>1655</y><time>27-09-20 16:54:28:121</time></pt><pt><x>1720</x><y>1181</y><time>27-09-20 16:54:29:471</time></pt><closed_date>27-09-20 16:54:30:313</closed_date></polygon></object></annotation>