<annotation><filename>m4_s02_015_p_nic046.jpg</filename><folder>users/joselusava//m4_js/15nic</folder><source><submittedBy>Jose Saca</submittedBy></source><imagesize><nrows>2910</nrows><ncols>4361</ncols></imagesize><object><name>m4_s02_015_p_nic046</name><deleted>0</deleted><verified>0</verified><occluded>no</occluded><attributes></attributes><parts><hasparts></hasparts><ispartof></ispartof></parts><date>06-10-20 20:01:27:142</date><id>0</id><type>bounding_box</type><polygon><username>anonymous</username><pt><x>1280</x><y>270</y><time>06-10-20 20:01:24:794</time></pt><pt><x>2768</x><y>270</y><time>06-10-20 20:01:26:249</time></pt><pt><x>2768</x><y>1593</y><time>undefined</time></pt><pt><x>1280</x><y>1593</y><time>undefined</time></pt><closed_date>06-10-20 20:01:26:250</closed_date></polygon></object></annotation>