<annotation><filename>m4_s05_055_p_ic047.jpg</filename><folder>users/joselusava//valeria/m4_s05_055_ic</folder><source><submittedBy>Jose Saca</submittedBy></source><imagesize><nrows>2910</nrows><ncols>4361</ncols></imagesize><object><name>m4_s05_055_p_ic047</name><deleted>0</deleted><verified>0</verified><occluded>no</occluded><attributes></attributes><parts><hasparts></hasparts><ispartof></ispartof></parts><date>08-10-20 22:27:40:397</date><id>0</id><type>bounding_box</type><polygon><username>anonymous</username><pt><x>1328</x><y>402</y><time>08-10-20 22:27:35:097</time></pt><pt><x>3114</x><y>402</y><time>08-10-20 22:27:37:359</time></pt><pt><x>3114</x><y>2364</y><time>undefined</time></pt><pt><x>1328</x><y>2364</y><time>undefined</time></pt><closed_date>08-10-20 22:27:37:360</closed_date></polygon></object></annotation>