<annotation><filename>m4_s02_015_p_ic043.jpg</filename><folder>users/joselusava//m4_js/15ic</folder><source><submittedBy>Jose Saca</submittedBy></source><imagesize><nrows>2910</nrows><ncols>4361</ncols></imagesize><object><name>m4_s02_015_p_ic043</name><deleted>0</deleted><verified>0</verified><occluded>no</occluded><attributes></attributes><parts><hasparts></hasparts><ispartof></ispartof></parts><date>03-10-20 19:23:02:710</date><id>0</id><type>bounding_box</type><polygon><username>anonymous</username><pt><x>3134</x><y>2315</y><time>03-10-20 19:23:00:701</time></pt><pt><x>1323</x><y>2315</y><time>03-10-20 19:23:02:059</time></pt><pt><x>1323</x><y>226</y><time>undefined</time></pt><pt><x>3134</x><y>226</y><time>undefined</time></pt><closed_date>03-10-20 19:23:02:059</closed_date></polygon></object></annotation>