<annotation><filename>m4_s10_157_p_ic083.jpg</filename><folder>users/joselusava//valeria/m04_s10_157_nic</folder><source><submittedBy>Jose Saca</submittedBy></source><imagesize><nrows>2970</nrows><ncols>4451</ncols></imagesize><object><name>m4_s10_157_p_nic083</name><deleted>0</deleted><verified>0</verified><occluded>no</occluded><attributes></attributes><parts><hasparts></hasparts><ispartof></ispartof></parts><date>12-10-20 21:47:58:491</date><id>0</id><type>bounding_box</type><polygon><username>anonymous</username><pt><x>158</x><y>2694</y><time>12-10-20 21:47:53:835</time></pt><pt><x>2042</x><y>2694</y><time>12-10-20 21:47:55:315</time></pt><pt><x>2042</x><y>383</y><time>undefined</time></pt><pt><x>158</x><y>383</y><time>undefined</time></pt><closed_date>12-10-20 21:47:55:316</closed_date></polygon></object></annotation>