<annotation><filename>m4_s05_060_p_nic030.jpg</filename><folder>users/joselusava//m4_js/60/nic</folder><source><submittedBy>Jose Saca</submittedBy></source><imagesize><nrows>2910</nrows><ncols>4361</ncols></imagesize><object><name>m4_s05_060_p_nic030</name><deleted>0</deleted><verified>0</verified><occluded>no</occluded><attributes></attributes><parts><hasparts></hasparts><ispartof></ispartof></parts><date>13-10-20 23:56:16:483</date><id>0</id><type>bounding_box</type><polygon><username>anonymous</username><pt><x>4030</x><y>2881</y><time>13-10-20 23:56:14:404</time></pt><pt><x>435</x><y>2881</y><time>13-10-20 23:56:15:691</time></pt><pt><x>435</x><y>1018</y><time>undefined</time></pt><pt><x>4030</x><y>1018</y><time>undefined</time></pt><closed_date>13-10-20 23:56:15:691</closed_date></polygon></object></annotation>