<annotation><filename>m4_s11_178_p_nic043.jpg</filename><folder>users/joselusava//santiago_2</folder><source><submittedBy>Jose Saca</submittedBy></source><imagesize><nrows>2970</nrows><ncols>4451</ncols></imagesize><object><name>m4_s11_178_p_nic043</name><deleted>0</deleted><verified>0</verified><occluded>no</occluded><attributes></attributes><parts><hasparts></hasparts><ispartof></ispartof></parts><date>16-10-20 09:24:33:738</date><id>0</id><type>bounding_box</type><polygon><username>anonymous</username><pt><x>807</x><y>989</y><time>16-10-20 09:24:30:100</time></pt><pt><x>1792</x><y>989</y><time>16-10-20 09:24:31:780</time></pt><pt><x>1792</x><y>2042</y><time>undefined</time></pt><pt><x>807</x><y>2042</y><time>undefined</time></pt><closed_date>16-10-20 09:24:31:781</closed_date></polygon></object></annotation>