<annotation><filename>m2_s01_024_p_nic100.jpg</filename><folder>users/joselusava//santiago</folder><source><submittedBy>Jose Saca</submittedBy></source><imagesize><nrows>2850</nrows><ncols>4271</ncols></imagesize><object><name>m2_s01_024_p_nic100</name><deleted>0</deleted><verified>0</verified><occluded>no</occluded><attributes></attributes><parts><hasparts></hasparts><ispartof></ispartof></parts><date>25-09-20 16:04:12:010</date><id>0</id><type>bounding_box</type><polygon><username>anonymous</username><pt><x>2965</x><y>333</y><time>25-09-20 16:04:09:060</time></pt><pt><x>3539</x><y>333</y><time>25-09-20 16:04:09:728</time></pt><pt><x>3539</x><y>1452</y><time>undefined</time></pt><pt><x>2965</x><y>1452</y><time>undefined</time></pt><closed_date>25-09-20 16:04:09:729</closed_date></polygon></object></annotation>