<annotation><filename>m1_s02_029_p_nic094.jpg</filename><folder>users/joselusava//valeria/sala2_029_nic</folder><source><submittedBy>Jose Saca</submittedBy></source><imagesize><nrows>3200</nrows><ncols>4800</ncols></imagesize><object><name>m1_s02_029_p_nic094</name><deleted>0</deleted><verified>0</verified><occluded>no</occluded><attributes></attributes><parts><hasparts></hasparts><ispartof></ispartof></parts><date>26-08-20 21:11:43:701</date><id>0</id><type>bounding_box</type><polygon><username>anonymous</username><pt><x>3238</x><y>542</y><time>26-08-20 21:11:38:194</time></pt><pt><x>4252</x><y>542</y><time>26-08-20 21:11:40:326</time></pt><pt><x>4252</x><y>1734</y><time>undefined</time></pt><pt><x>3238</x><y>1734</y><time>undefined</time></pt><closed_date>26-08-20 21:11:40:328</closed_date></polygon></object></annotation>