<annotation><filename>m3_s01_023_p_ic093.jpg</filename><folder>users/joselusava//santiago_3</folder><source><submittedBy>Jose Saca</submittedBy></source><imagesize><nrows>2970</nrows><ncols>4451</ncols></imagesize><object><name>m3_s01_023_p_ic093</name><deleted>0</deleted><verified>0</verified><occluded>no</occluded><attributes></attributes><parts><hasparts></hasparts><ispartof></ispartof></parts><date>04-11-20 21:07:56:696</date><id>0</id><type>bounding_box</type><polygon><username>anonymous</username><pt><x>250</x><y>707</y><time>04-11-20 21:07:52:704</time></pt><pt><x>3998</x><y>707</y><time>04-11-20 21:07:54:587</time></pt><pt><x>3998</x><y>2481</y><time>undefined</time></pt><pt><x>250</x><y>2481</y><time>undefined</time></pt><closed_date>04-11-20 21:07:54:588</closed_date></polygon></object></annotation>