<annotation><filename>m3_s01_013_p_nic027.jpg</filename><folder>users/joselusava//valeria/m03_s01_13_nic</folder><source><submittedBy>Jose Saca</submittedBy></source><imagesize><nrows>2970</nrows><ncols>4451</ncols></imagesize><object><name>m3_s01_013_p_nic027</name><deleted>0</deleted><verified>0</verified><occluded>no</occluded><attributes></attributes><parts><hasparts></hasparts><ispartof></ispartof></parts><date>06-11-20 21:16:22:237</date><id>0</id><type>bounding_box</type><polygon><username>anonymous</username><pt><x>2290</x><y>2690</y><time>06-11-20 21:16:17:073</time></pt><pt><x>537</x><y>2690</y><time>06-11-20 21:16:19:386</time></pt><pt><x>537</x><y>377</y><time>undefined</time></pt><pt><x>2290</x><y>377</y><time>undefined</time></pt><closed_date>06-11-20 21:16:19:387</closed_date></polygon></object></annotation>