<annotation><filename>m4_s02_021_p_ic053.jpg</filename><folder>users/joselusava//santiago_2</folder><source><submittedBy>Jose Saca</submittedBy></source><imagesize><nrows>3000</nrows><ncols>4496</ncols></imagesize><object><name>m4_s02_021_p_ic053</name><deleted>0</deleted><verified>0</verified><occluded>no</occluded><attributes></attributes><parts><hasparts></hasparts><ispartof></ispartof></parts><date>04-10-20 18:46:15:018</date><id>0</id><type>bounding_box</type><polygon><username>anonymous</username><pt><x>1593</x><y>351</y><time>04-10-20 18:46:08:157</time></pt><pt><x>2828</x><y>351</y><time>04-10-20 18:46:09:783</time></pt><pt><x>2828</x><y>2565</y><time>undefined</time></pt><pt><x>1593</x><y>2565</y><time>undefined</time></pt><closed_date>04-10-20 18:46:09:784</closed_date></polygon></object></annotation>