<annotation><filename>m1_s06_141_p_ic020.jpg</filename><folder>users/joselusava//jacob_2/141ic</folder><source><submittedBy>Jose Saca</submittedBy></source><imagesize><nrows>2736</nrows><ncols>4100</ncols></imagesize><object><name>m1_s06_141_p_ic020</name><deleted>0</deleted><verified>0</verified><occluded>no</occluded><attributes></attributes><parts><hasparts></hasparts><ispartof></ispartof></parts><date>04-09-20 17:20:07:991</date><id>0</id><type>bounding_box</type><polygon><username>anonymous</username><pt><x>2832</x><y>147</y><time>04-09-20 17:20:04:579</time></pt><pt><x>1056</x><y>147</y><time>04-09-20 17:20:06:815</time></pt><pt><x>1056</x><y>2480</y><time>undefined</time></pt><pt><x>2832</x><y>2480</y><time>undefined</time></pt><closed_date>04-09-20 17:20:06:815</closed_date></polygon></object></annotation>