<annotation><filename>m2_s01_056_p_ic009.jpg</filename><folder>users/joselusava//m2_jsv/56/ic</folder><source><submittedBy>Jose Saca</submittedBy></source><imagesize><nrows>2850</nrows><ncols>4271</ncols></imagesize><object><name>m2_s01_056_p_ic009</name><deleted>0</deleted><verified>0</verified><occluded>no</occluded><attributes></attributes><parts><hasparts></hasparts><ispartof></ispartof></parts><date>28-09-20 21:27:47:993</date><id>0</id><type>bounding_box</type><polygon><username>anonymous</username><pt><x>3176</x><y>2743</y><time>28-09-20 21:27:45:311</time></pt><pt><x>1223</x><y>2743</y><time>28-09-20 21:27:47:204</time></pt><pt><x>1223</x><y>59</y><time>undefined</time></pt><pt><x>3176</x><y>59</y><time>undefined</time></pt><closed_date>28-09-20 21:27:47:205</closed_date></polygon></object></annotation>