<annotation><filename>m1_s01_005_p_ic095.jpg</filename><folder>users/joselusava//jacob/sala1/ic</folder><source><submittedBy>Jose Saca</submittedBy></source><imagesize><nrows>2000</nrows><ncols>2992</ncols></imagesize><object><name>m1_s01_005_p_ic095</name><deleted>0</deleted><verified>0</verified><occluded>no</occluded><attributes></attributes><parts><hasparts></hasparts><ispartof></ispartof></parts><date>14-09-20 20:57:08:216</date><id>0</id><type>bounding_box</type><polygon><username>anonymous</username><pt><x>993</x><y>541</y><time>14-09-20 20:57:06:642</time></pt><pt><x>1915</x><y>541</y><time>14-09-20 20:57:07:667</time></pt><pt><x>1915</x><y>1422</y><time>undefined</time></pt><pt><x>993</x><y>1422</y><time>undefined</time></pt><closed_date>14-09-20 20:57:07:667</closed_date></polygon></object></annotation>