<annotation><filename>m3_s01_002_p_ic044.jpg</filename><folder>users/joselusava//santiago_3</folder><source><submittedBy>Jose Saca</submittedBy></source><imagesize><nrows>2970</nrows><ncols>4451</ncols></imagesize><object><name>m3_s01_002_p_ic044</name><deleted>0</deleted><verified>0</verified><occluded>no</occluded><attributes></attributes><parts><hasparts></hasparts><ispartof></ispartof></parts><date>28-10-20 19:01:19:210</date><id>0</id><type>bounding_box</type><polygon><username>anonymous</username><pt><x>782</x><y>314</y><time>28-10-20 19:01:15:707</time></pt><pt><x>3448</x><y>314</y><time>28-10-20 19:01:17:220</time></pt><pt><x>3448</x><y>2313</y><time>undefined</time></pt><pt><x>782</x><y>2313</y><time>undefined</time></pt><closed_date>28-10-20 19:01:17:222</closed_date></polygon></object></annotation>