<annotation><filename>m4_s10_154_p_nic045.jpg</filename><folder>users/joselusava//valeria/m04_s10_154_nic</folder><source><submittedBy>Jose Saca</submittedBy></source><imagesize><nrows>2970</nrows><ncols>4451</ncols></imagesize><object><name>m4_s10_154_p_nic045</name><deleted>0</deleted><verified>0</verified><occluded>no</occluded><attributes></attributes><parts><hasparts></hasparts><ispartof></ispartof></parts><date>14-10-20 13:03:51:082</date><id>0</id><type>bounding_box</type><polygon><username>anonymous</username><pt><x>1679</x><y>2793</y><time>14-10-20 13:03:46:043</time></pt><pt><x>2702</x><y>2793</y><time>14-10-20 13:03:47:359</time></pt><pt><x>2702</x><y>1040</y><time>undefined</time></pt><pt><x>1679</x><y>1040</y><time>undefined</time></pt><closed_date>14-10-20 13:03:47:360</closed_date></polygon></object></annotation>