<annotation><filename>m4_s10_154_p_ic039.jpg</filename><folder>users/joselusava//valeria/m04_s10_154_ic</folder><source><submittedBy>Jose Saca</submittedBy></source><imagesize><nrows>2970</nrows><ncols>4451</ncols></imagesize><object><name>m4_s10_154_p_ic039</name><deleted>0</deleted><verified>0</verified><occluded>no</occluded><attributes></attributes><parts><hasparts></hasparts><ispartof></ispartof></parts><date>13-10-20 22:01:12:201</date><id>0</id><type>bounding_box</type><polygon><username>anonymous</username><pt><x>1582</x><y>2690</y><time>13-10-20 22:01:03:767</time></pt><pt><x>2936</x><y>2690</y><time>13-10-20 22:01:07:602</time></pt><pt><x>2936</x><y>228</y><time>undefined</time></pt><pt><x>1582</x><y>228</y><time>undefined</time></pt><closed_date>13-10-20 22:01:07:604</closed_date></polygon></object></annotation>