<annotation><filename>m2_s01_032_p_nic033.jpg</filename><folder>users/joselusava//santiago_2</folder><source><submittedBy>Jose Saca</submittedBy></source><imagesize><nrows>2850</nrows><ncols>4271</ncols></imagesize><object><name>m2_s01_032_p_nic033</name><deleted>0</deleted><verified>0</verified><occluded>no</occluded><attributes></attributes><parts><hasparts></hasparts><ispartof></ispartof></parts><date>30-09-20 20:37:27:720</date><id>0</id><type>bounding_box</type><polygon><username>anonymous</username><pt><x>1316</x><y>1401</y><time>30-09-20 20:37:23:364</time></pt><pt><x>2253</x><y>1401</y><time>30-09-20 20:37:24:370</time></pt><pt><x>2253</x><y>2582</y><time>undefined</time></pt><pt><x>1316</x><y>2582</y><time>undefined</time></pt><closed_date>30-09-20 20:37:24:371</closed_date></polygon></object></annotation>