<annotation><filename>m2_s03_219_p_nic036.jpg</filename><folder>users/joselusava//valeria/m2_sala03_219_nic</folder><source><submittedBy>Jose Saca</submittedBy></source><imagesize><nrows>2910</nrows><ncols>4361</ncols></imagesize><object><name>m2_s03_219_p_nic036</name><deleted>0</deleted><verified>0</verified><occluded>no</occluded><attributes></attributes><parts><hasparts></hasparts><ispartof></ispartof></parts><date>29-09-20 17:51:13:489</date><id>0</id><type>bounding_box</type><polygon><username>anonymous</username><pt><x>1306</x><y>2442</y><time>29-09-20 17:51:07:578</time></pt><pt><x>132</x><y>2442</y><time>29-09-20 17:51:10:076</time></pt><pt><x>132</x><y>540</y><time>undefined</time></pt><pt><x>1306</x><y>540</y><time>undefined</time></pt><closed_date>29-09-20 17:51:10:077</closed_date></polygon></object></annotation>