<annotation><filename>m2_s01_024_p_ic076.jpg</filename><folder>users/joselusava//santiago</folder><source><submittedBy>Jose Saca</submittedBy></source><imagesize><nrows>2850</nrows><ncols>4271</ncols></imagesize><object><name>m2_s01_024_p_ic076</name><deleted>0</deleted><verified>0</verified><occluded>no</occluded><attributes></attributes><parts><hasparts></hasparts><ispartof></ispartof></parts><date>24-09-20 22:48:12:310</date><id>0</id><type>bounding_box</type><polygon><username>anonymous</username><pt><x>1350</x><y>199</y><time>24-09-20 22:48:03:401</time></pt><pt><x>2969</x><y>199</y><time>24-09-20 22:48:05:592</time></pt><pt><x>2969</x><y>2712</y><time>undefined</time></pt><pt><x>1350</x><y>2712</y><time>undefined</time></pt><closed_date>24-09-20 22:48:05:593</closed_date></polygon></object></annotation>