<annotation><filename>m2_s06_250_p_ic024.jpg</filename><folder>users/joselusava//valeria/m2_sala06_250_ic</folder><source><submittedBy>Jose Saca</submittedBy></source><imagesize><nrows>2910</nrows><ncols>4361</ncols></imagesize><object><name>m2_s06_250_p_ic024</name><deleted>0</deleted><verified>0</verified><occluded>no</occluded><attributes></attributes><parts><hasparts></hasparts><ispartof></ispartof></parts><date>30-09-20 22:22:09:413</date><id>0</id><type>bounding_box</type><polygon><username>anonymous</username><pt><x>3356</x><y>2585</y><time>30-09-20 22:22:02:317</time></pt><pt><x>83</x><y>2585</y><time>30-09-20 22:22:06:093</time></pt><pt><x>83</x><y>579</y><time>undefined</time></pt><pt><x>3356</x><y>579</y><time>undefined</time></pt><closed_date>30-09-20 22:22:06:094</closed_date></polygon></object></annotation>