<annotation><filename>m2_s05_236_p_nic063.jpg</filename><folder>users/joselusava//museos2020</folder><source><submittedBy>Jose Saca</submittedBy></source><imagesize><nrows>2910</nrows><ncols>4361</ncols></imagesize><object><name>m2_s05_236_p_nic063</name><deleted>0</deleted><verified>0</verified><occluded>no</occluded><attributes></attributes><parts><hasparts></hasparts><ispartof></ispartof></parts><date>17-09-20 08:50:18:587</date><id>0</id><type>bounding_box</type><polygon><username>anonymous</username><pt><x>181</x><y>153</y><time>17-09-20 08:50:05:101</time></pt><pt><x>2557</x><y>153</y><time>17-09-20 08:50:06:915</time></pt><pt><x>2557</x><y>1934</y><time>undefined</time></pt><pt><x>181</x><y>1934</y><time>undefined</time></pt><closed_date>17-09-20 08:50:06:916</closed_date></polygon></object></annotation>