<annotation><filename>m2_s06_244_p_nic100.jpg</filename><folder>users/joselusava//museos2020</folder><source><submittedBy>Jose Saca</submittedBy></source><imagesize><nrows>2910</nrows><ncols>4361</ncols></imagesize><object><name>m2_s06_244_p_ic100</name><deleted>0</deleted><verified>0</verified><occluded>no</occluded><attributes></attributes><parts><hasparts></hasparts><ispartof></ispartof></parts><date>26-09-20 22:09:00:840</date><id>0</id><type>bounding_box</type><polygon><username>anonymous</username><pt><x>567</x><y>1246</y><time>26-09-20 22:08:54:139</time></pt><pt><x>2083</x><y>1246</y><time>26-09-20 22:08:55:631</time></pt><pt><x>2083</x><y>1901</y><time>undefined</time></pt><pt><x>567</x><y>1901</y><time>undefined</time></pt><closed_date>26-09-20 22:08:55:632</closed_date></polygon></object></annotation>