<annotation><filename>m1_s02_065_p_nic091.jpg</filename><folder>users/joselusava//valeria/sala2_065_nic</folder><source><submittedBy>Jose Saca</submittedBy></source><imagesize><nrows>2000</nrows><ncols>2992</ncols></imagesize><object><name>m1_s02_065_p_nic091</name><deleted>0</deleted><verified>0</verified><occluded>no</occluded><attributes></attributes><parts><hasparts></hasparts><ispartof></ispartof></parts><date>28-08-20 00:39:00:524</date><id>0</id><type>bounding_box</type><polygon><username>anonymous</username><pt><x>2211</x><y>963</y><time>28-08-20 00:38:53:263</time></pt><pt><x>691</x><y>963</y><time>28-08-20 00:38:55:888</time></pt><pt><x>691</x><y>221</y><time>undefined</time></pt><pt><x>2211</x><y>221</y><time>undefined</time></pt><closed_date>28-08-20 00:38:55:890</closed_date></polygon></object></annotation>