<annotation><filename>m1_s01_021_p_ic099.jpg</filename><folder>users/joselusava//santiago</folder><source><submittedBy>Jose Saca</submittedBy></source><imagesize><nrows>3200</nrows><ncols>4800</ncols></imagesize><object><name>m1_s01_021_p_ic099</name><deleted>0</deleted><verified>0</verified><occluded>no</occluded><attributes></attributes><parts><hasparts></hasparts><ispartof></ispartof></parts><date>15-09-20 00:29:04:648</date><id>0</id><type>bounding_box</type><polygon><username>anonymous</username><pt><x>245</x><y>1209</y><time>15-09-20 00:28:57:442</time></pt><pt><x>1037</x><y>1209</y><time>15-09-20 00:28:58:488</time></pt><pt><x>1037</x><y>2063</y><time>undefined</time></pt><pt><x>245</x><y>2063</y><time>undefined</time></pt><closed_date>15-09-20 00:28:58:489</closed_date></polygon></object></annotation>