<annotation><filename>m2_s01_001_p_nic033.jpg</filename><folder>users/joselusava//santiago</folder><source><submittedBy>Jose Saca</submittedBy></source><imagesize><nrows>2850</nrows><ncols>4271</ncols></imagesize><object><name>m2_s01_001_p_nic033</name><deleted>0</deleted><verified>0</verified><occluded>no</occluded><attributes></attributes><parts><hasparts></hasparts><ispartof></ispartof></parts><date>19-09-20 22:22:54:667</date><id>0</id><type>bounding_box</type><polygon><username>anonymous</username><pt><x>1911</x><y>1148</y><time>19-09-20 22:22:45:281</time></pt><pt><x>3251</x><y>1148</y><time>19-09-20 22:22:47:237</time></pt><pt><x>3251</x><y>2590</y><time>undefined</time></pt><pt><x>1911</x><y>2590</y><time>undefined</time></pt><closed_date>19-09-20 22:22:47:238</closed_date></polygon></object></annotation>