<annotation><filename>m1_s01_017_p_nic032.jpg</filename><folder>users/joselusava//santiago</folder><source><submittedBy>Jose Saca</submittedBy></source><imagesize><nrows>3200</nrows><ncols>4800</ncols></imagesize><object><name>m1_s01_017_p_nic032</name><deleted>0</deleted><verified>0</verified><occluded>no</occluded><attributes></attributes><parts><hasparts></hasparts><ispartof></ispartof></parts><date>11-09-20 18:55:04:493</date><id>0</id><type>bounding_box</type><polygon><username>anonymous</username><pt><x>529</x><y>2030</y><time>11-09-20 18:54:56:660</time></pt><pt><x>1105</x><y>2030</y><time>11-09-20 18:54:57:980</time></pt><pt><x>1105</x><y>2340</y><time>undefined</time></pt><pt><x>529</x><y>2340</y><time>undefined</time></pt><closed_date>11-09-20 18:54:57:982</closed_date></polygon></object></annotation>