<annotation><filename>m4_s04_037_p_ic019.jpg</filename><folder>users/joselusava//santiago_2</folder><source><submittedBy>Jose Saca</submittedBy></source><imagesize><nrows>2970</nrows><ncols>4451</ncols></imagesize><object><name>m4_s04_037_p_ic019</name><deleted>0</deleted><verified>0</verified><occluded>no</occluded><attributes></attributes><parts><hasparts></hasparts><ispartof></ispartof></parts><date>17-10-20 21:32:26:785</date><id>0</id><type>bounding_box</type><polygon><username>anonymous</username><pt><x>1721</x><y>560</y><time>17-10-20 21:32:18:193</time></pt><pt><x>3088</x><y>560</y><time>17-10-20 21:32:20:604</time></pt><pt><x>3088</x><y>2634</y><time>undefined</time></pt><pt><x>1721</x><y>2634</y><time>undefined</time></pt><closed_date>17-10-20 21:32:20:606</closed_date></polygon></object></annotation>