<annotation><filename>m4_s02_015_p.jpg</filename><folder>users/joselusava//m4_js/15ic</folder><source><submittedBy>Jose Saca</submittedBy></source><imagesize><nrows>2910</nrows><ncols>4361</ncols></imagesize><object><name>m4_s02_015</name><deleted>0</deleted><verified>0</verified><occluded>no</occluded><attributes></attributes><parts><hasparts></hasparts><ispartof></ispartof></parts><date>03-10-20 19:05:50:542</date><id>0</id><type>bounding_box</type><polygon><username>anonymous</username><pt><x>3186</x><y>2446</y><time>03-10-20 19:05:36:244</time></pt><pt><x>1271</x><y>2446</y><time>03-10-20 19:05:38:153</time></pt><pt><x>1271</x><y>235</y><time>undefined</time></pt><pt><x>3186</x><y>235</y><time>undefined</time></pt><closed_date>03-10-20 19:05:38:153</closed_date></polygon></object></annotation>