<annotation><filename>m2_s03_219_p_nic092.jpg</filename><folder>users/joselusava//valeria/m2_sala03_219_nic</folder><source><submittedBy>Jose Saca</submittedBy></source><imagesize><nrows>2910</nrows><ncols>4361</ncols></imagesize><object><name>m2_s03_219_p_nic092</name><deleted>0</deleted><verified>0</verified><occluded>no</occluded><attributes></attributes><parts><hasparts></hasparts><ispartof></ispartof></parts><date>29-09-20 19:52:51:223</date><id>0</id><type>bounding_box</type><polygon><username>anonymous</username><pt><x>2205</x><y>2408</y><time>29-09-20 19:52:45:434</time></pt><pt><x>474</x><y>2408</y><time>29-09-20 19:52:47:668</time></pt><pt><x>474</x><y>568</y><time>undefined</time></pt><pt><x>2205</x><y>568</y><time>undefined</time></pt><closed_date>29-09-20 19:52:47:670</closed_date></polygon></object></annotation>