<annotation><filename>m3_s01_002_p_ic089.jpg</filename><folder>users/joselusava//santiago_3</folder><source><submittedBy>Jose Saca</submittedBy></source><imagesize><nrows>2970</nrows><ncols>4451</ncols></imagesize><object><name>m3_s01_002_p_ic089</name><deleted>0</deleted><verified>0</verified><occluded>no</occluded><attributes></attributes><parts><hasparts></hasparts><ispartof></ispartof></parts><date>29-10-20 13:32:17:615</date><id>0</id><type>bounding_box</type><polygon><username>anonymous</username><pt><x>278</x><y>286</y><time>29-10-20 13:32:13:802</time></pt><pt><x>4080</x><y>286</y><time>29-10-20 13:32:15:644</time></pt><pt><x>4080</x><y>2495</y><time>undefined</time></pt><pt><x>278</x><y>2495</y><time>undefined</time></pt><closed_date>29-10-20 13:32:15:644</closed_date></polygon></object></annotation>