<annotation><filename>m2_s01_024_p_nic008.jpg</filename><folder>users/joselusava//santiago</folder><source><submittedBy>Jose Saca</submittedBy></source><imagesize><nrows>2850</nrows><ncols>4271</ncols></imagesize><object><name>m2_s01_024_p_nic008</name><deleted>0</deleted><verified>0</verified><occluded>no</occluded><attributes></attributes><parts><hasparts></hasparts><ispartof></ispartof></parts><date>25-09-20 13:31:47:327</date><id>0</id><type>bounding_box</type><polygon><username>anonymous</username><pt><x>792</x><y>141</y><time>25-09-20 13:31:38:418</time></pt><pt><x>1872</x><y>141</y><time>25-09-20 13:31:39:882</time></pt><pt><x>1872</x><y>1818</y><time>undefined</time></pt><pt><x>792</x><y>1818</y><time>undefined</time></pt><closed_date>25-09-20 13:31:39:883</closed_date></polygon></object></annotation>