<annotation><filename>m2_s01_058_p_nic033.jpg</filename><folder>users/joselusava//m2_jsv/58/nic</folder><source><submittedBy>Jose Saca</submittedBy></source><imagesize><nrows>2850</nrows><ncols>4271</ncols></imagesize><object><name>m2_s01_058_p_nic033</name><deleted>0</deleted><verified>0</verified><occluded>no</occluded><attributes></attributes><parts><hasparts></hasparts><ispartof></ispartof></parts><date>29-09-20 23:02:37:768</date><id>0</id><type>bounding_box</type><polygon><username>anonymous</username><pt><x>1731</x><y>1782</y><time>29-09-20 23:02:35:211</time></pt><pt><x>102</x><y>1782</y><time>29-09-20 23:02:36:572</time></pt><pt><x>102</x><y>529</y><time>undefined</time></pt><pt><x>1731</x><y>529</y><time>undefined</time></pt><closed_date>29-09-20 23:02:36:572</closed_date></polygon></object></annotation>