<annotation><filename>m4_s04_039_p_ic051.jpg</filename><folder>users/joselusava//santiago_2</folder><source><submittedBy>Jose Saca</submittedBy></source><imagesize><nrows>2970</nrows><ncols>4451</ncols></imagesize><object><name>m4_s04_039_p_ic051</name><deleted>0</deleted><verified>0</verified><occluded>no</occluded><attributes></attributes><parts><hasparts></hasparts><ispartof></ispartof></parts><date>20-10-20 21:57:52:381</date><id>0</id><type>bounding_box</type><polygon><username>anonymous</username><pt><x>1881</x><y>214</y><time>20-10-20 21:57:47:719</time></pt><pt><x>2456</x><y>214</y><time>20-10-20 21:57:49:797</time></pt><pt><x>2456</x><y>2649</y><time>undefined</time></pt><pt><x>1881</x><y>2649</y><time>undefined</time></pt><closed_date>20-10-20 21:57:49:799</closed_date></polygon></object></annotation>