<annotation><filename>m4_s09_144_x.jpg</filename><folder>users/joselusava//kath/m4_x</folder><source><submittedBy>Jose Saca</submittedBy></source><imagesize><nrows>2970</nrows><ncols>4451</ncols></imagesize><object><name>m4_s09_144_x</name><deleted>0</deleted><verified>0</verified><occluded>no</occluded><attributes></attributes><parts><hasparts></hasparts><ispartof></ispartof></parts><date>21-10-20 11:55:22:236</date><id>0</id><polygon><username>anonymous</username><pt><x>1874</x><y>178</y><time>21-10-20 11:55:14:789</time></pt><pt><x>1182</x><y>2811</y><time>21-10-20 11:55:16:283</time></pt><pt><x>3143</x><y>2754</y><time>21-10-20 11:55:17:235</time></pt><pt><x>2576</x><y>163</y><time>21-10-20 11:55:18:468</time></pt><closed_date>21-10-20 11:55:19:756</closed_date></polygon></object></annotation>