<annotation><filename>m3_s01_023_p_ic023.jpg</filename><folder>users/joselusava//santiago_3</folder><source><submittedBy>Jose Saca</submittedBy></source><imagesize><nrows>2970</nrows><ncols>4451</ncols></imagesize><object><name>m3_s01_023_p_ic023</name><deleted>0</deleted><verified>0</verified><occluded>no</occluded><attributes></attributes><parts><hasparts></hasparts><ispartof></ispartof></parts><date>04-11-20 18:58:18:074</date><id>0</id><type>bounding_box</type><polygon><username>anonymous</username><pt><x>482</x><y>550</y><time>04-11-20 18:58:13:252</time></pt><pt><x>3887</x><y>550</y><time>04-11-20 18:58:15:360</time></pt><pt><x>3887</x><y>2563</y><time>undefined</time></pt><pt><x>482</x><y>2563</y><time>undefined</time></pt><closed_date>04-11-20 18:58:15:361</closed_date></polygon></object></annotation>