<annotation><filename>m4_s11_178_p_ic034.jpg</filename><folder>users/joselusava//santiago_2</folder><source><submittedBy>Jose Saca</submittedBy></source><imagesize><nrows>2970</nrows><ncols>4451</ncols></imagesize><object><name>m4_s11_178_p_ic034</name><deleted>0</deleted><verified>0</verified><occluded>no</occluded><attributes></attributes><parts><hasparts></hasparts><ispartof></ispartof></parts><date>15-10-20 21:34:36:876</date><id>0</id><type>bounding_box</type><polygon><username>anonymous</username><pt><x>1481</x><y>660</y><time>15-10-20 21:34:32:315</time></pt><pt><x>2763</x><y>660</y><time>15-10-20 21:34:34:477</time></pt><pt><x>2763</x><y>2192</y><time>undefined</time></pt><pt><x>1481</x><y>2192</y><time>undefined</time></pt><closed_date>15-10-20 21:34:34:477</closed_date></polygon></object></annotation>