<annotation><filename>m3_s01_002_p_ic095.jpg</filename><folder>users/joselusava//santiago_3</folder><source><submittedBy>Jose Saca</submittedBy></source><imagesize><nrows>2970</nrows><ncols>4451</ncols></imagesize><object><name>m3_s01_002_p_ic095</name><deleted>0</deleted><verified>0</verified><occluded>no</occluded><attributes></attributes><parts><hasparts></hasparts><ispartof></ispartof></parts><date>29-10-20 13:37:20:665</date><id>0</id><type>bounding_box</type><polygon><username>anonymous</username><pt><x>960</x><y>564</y><time>29-10-20 13:37:17:097</time></pt><pt><x>3852</x><y>564</y><time>29-10-20 13:37:18:853</time></pt><pt><x>3852</x><y>2481</y><time>undefined</time></pt><pt><x>960</x><y>2481</y><time>undefined</time></pt><closed_date>29-10-20 13:37:18:854</closed_date></polygon></object></annotation>