<annotation><filename>m4_s04_045_p_nic017.jpg</filename><folder>users/joselusava//valeria/m04_s04_45_nic</folder><source><submittedBy>Jose Saca</submittedBy></source><imagesize><nrows>2970</nrows><ncols>4451</ncols></imagesize><object><name>m4_s04_045_p_nic017</name><deleted>0</deleted><verified>0</verified><occluded>no</occluded><attributes></attributes><parts><hasparts></hasparts><ispartof></ispartof></parts><date>20-10-20 00:19:03:460</date><id>0</id><type>bounding_box</type><polygon><username>anonymous</username><pt><x>743</x><y>1793</y><time>20-10-20 00:18:58:998</time></pt><pt><x>1588</x><y>1793</y><time>20-10-20 00:19:00:690</time></pt><pt><x>1588</x><y>377</y><time>undefined</time></pt><pt><x>743</x><y>377</y><time>undefined</time></pt><closed_date>20-10-20 00:19:00:691</closed_date></polygon></object></annotation>