<annotation><filename>m1_s02_052_p_nic044.jpg</filename><folder>users/joselusava//valeria/sala2_052_nic</folder><source><submittedBy>Jose Saca</submittedBy></source><imagesize><nrows>3200</nrows><ncols>4800</ncols></imagesize><object><name>m1_s02_052_p_nic044</name><deleted>0</deleted><verified>0</verified><occluded>no</occluded><attributes></attributes><parts><hasparts></hasparts><ispartof></ispartof></parts><date>27-08-20 16:18:07:884</date><id>0</id><type>bounding_box</type><polygon><username>anonymous</username><pt><x>1401</x><y>1826</y><time>27-08-20 16:18:02:618</time></pt><pt><x>279</x><y>1826</y><time>27-08-20 16:18:04:918</time></pt><pt><x>279</x><y>843</y><time>undefined</time></pt><pt><x>1401</x><y>843</y><time>undefined</time></pt><closed_date>27-08-20 16:18:04:920</closed_date></polygon></object></annotation>