<annotation><filename>m1_s01_017_p_nic005.jpg</filename><folder>users/joselusava//santiago</folder><source><submittedBy>Jose Saca</submittedBy></source><imagesize><nrows>3200</nrows><ncols>4800</ncols></imagesize><object><name>m1_s01_017_p_nic005</name><deleted>0</deleted><verified>0</verified><occluded>no</occluded><attributes></attributes><parts><hasparts></hasparts><ispartof></ispartof></parts><date>11-09-20 18:20:08:698</date><id>0</id><type>bounding_box</type><polygon><username>anonymous</username><pt><x>3063</x><y>518</y><time>11-09-20 18:19:57:959</time></pt><pt><x>3607</x><y>518</y><time>11-09-20 18:20:01:408</time></pt><pt><x>3607</x><y>864</y><time>undefined</time></pt><pt><x>3063</x><y>864</y><time>undefined</time></pt><closed_date>11-09-20 18:20:01:409</closed_date></polygon></object></annotation>