<annotation><filename>m4_s02_015_p_ic030.jpg</filename><folder>users/joselusava//m4_js/15ic</folder><source><submittedBy>Jose Saca</submittedBy></source><imagesize><nrows>2910</nrows><ncols>4361</ncols></imagesize><object><name>m4_s02_015_p_ic030</name><deleted>0</deleted><verified>0</verified><occluded>no</occluded><attributes></attributes><parts><hasparts></hasparts><ispartof></ispartof></parts><date>03-10-20 19:18:00:512</date><id>0</id><type>bounding_box</type><polygon><username>anonymous</username><pt><x>2838</x><y>2342</y><time>03-10-20 19:17:58:364</time></pt><pt><x>1541</x><y>2342</y><time>03-10-20 19:17:59:769</time></pt><pt><x>1541</x><y>374</y><time>undefined</time></pt><pt><x>2838</x><y>374</y><time>undefined</time></pt><closed_date>03-10-20 19:17:59:769</closed_date></polygon></object></annotation>