<annotation><filename>m2_s02_126_x.jpg</filename><folder>users/joselusava//m2_jsv</folder><source><submittedBy>Jose Saca</submittedBy></source><imagesize><nrows>2910</nrows><ncols>4361</ncols></imagesize><object><name>m2_s02_126_x</name><deleted>0</deleted><verified>0</verified><occluded>no</occluded><attributes></attributes><parts><hasparts></hasparts><ispartof></ispartof></parts><date>19-09-20 23:30:08:778</date><id>0</id><type>bounding_box</type><polygon><username>anonymous</username><pt><x>3116</x><y>2141</y><time>19-09-20 23:30:06:767</time></pt><pt><x>1288</x><y>2141</y><time>19-09-20 23:30:08:164</time></pt><pt><x>1288</x><y>688</y><time>undefined</time></pt><pt><x>3116</x><y>688</y><time>undefined</time></pt><closed_date>19-09-20 23:30:08:164</closed_date></polygon></object></annotation>