<annotation><filename>m1_s01_005_p_nic066.jpg</filename><folder>users/joselusava//museos2020</folder><source><submittedBy>Jose Saca</submittedBy></source><imagesize><nrows>2000</nrows><ncols>2992</ncols></imagesize><object><name>m1_s01_005_p_nic066</name><deleted>0</deleted><verified>0</verified><occluded>no</occluded><attributes></attributes><parts><hasparts></hasparts><ispartof></ispartof></parts><date>14-09-20 11:28:40:066</date><id>0</id><type>bounding_box</type><polygon><username>anonymous</username><pt><x>1661</x><y>307</y><time>14-09-20 11:28:33:796</time></pt><pt><x>1994</x><y>307</y><time>14-09-20 11:28:34:632</time></pt><pt><x>1994</x><y>696</y><time>undefined</time></pt><pt><x>1661</x><y>696</y><time>undefined</time></pt><closed_date>14-09-20 11:28:34:633</closed_date></polygon></object></annotation>