<annotation><filename>m1_s01_005_p_nic080.jpg</filename><folder>users/joselusava//museos2020</folder><source><submittedBy>Jose Saca</submittedBy></source><imagesize><nrows>2000</nrows><ncols>2992</ncols></imagesize><object><name>m1_s01_005_p_nic080</name><deleted>0</deleted><verified>0</verified><occluded>no</occluded><attributes></attributes><parts><hasparts></hasparts><ispartof></ispartof></parts><date>14-09-20 11:41:24:136</date><id>0</id><type>bounding_box</type><polygon><username>anonymous</username><pt><x>1872</x><y>1243</y><time>14-09-20 11:41:15:764</time></pt><pt><x>2233</x><y>1243</y><time>14-09-20 11:41:16:624</time></pt><pt><x>2233</x><y>1610</y><time>undefined</time></pt><pt><x>1872</x><y>1610</y><time>undefined</time></pt><closed_date>14-09-20 11:41:16:625</closed_date></polygon></object></annotation>