<annotation><filename>m1_s06_186_p_nic004.jpg</filename><folder>users/joselusava//jacob_2/186nic</folder><source><submittedBy>Jose Saca</submittedBy></source><imagesize><nrows>2736</nrows><ncols>4100</ncols></imagesize><object><name>m1_s06_186_p_nic004</name><deleted>0</deleted><verified>0</verified><occluded>no</occluded><attributes></attributes><parts><hasparts></hasparts><ispartof></ispartof></parts><date>09-09-20 22:59:22:330</date><id>0</id><type>bounding_box</type><polygon><username>anonymous</username><pt><x>2291</x><y>2095</y><time>09-09-20 22:59:16:714</time></pt><pt><x>3773</x><y>2095</y><time>09-09-20 22:59:19:086</time></pt><pt><x>3773</x><y>368</y><time>undefined</time></pt><pt><x>2291</x><y>368</y><time>undefined</time></pt><closed_date>09-09-20 22:59:19:086</closed_date></polygon></object></annotation>