<annotation><filename>m2_s01_024_p_nic018.jpg</filename><folder>users/joselusava//santiago</folder><source><submittedBy>Jose Saca</submittedBy></source><imagesize><nrows>2850</nrows><ncols>4271</ncols></imagesize><object><name>m2_s01_024_p_nic018</name><deleted>0</deleted><verified>0</verified><occluded>no</occluded><attributes></attributes><parts><hasparts></hasparts><ispartof></ispartof></parts><date>25-09-20 13:45:20:616</date><id>0</id><type>bounding_box</type><polygon><username>anonymous</username><pt><x>1863</x><y>991</y><time>25-09-20 13:45:11:100</time></pt><pt><x>2872</x><y>991</y><time>25-09-20 13:45:12:575</time></pt><pt><x>2872</x><y>2619</y><time>undefined</time></pt><pt><x>1863</x><y>2619</y><time>undefined</time></pt><closed_date>25-09-20 13:45:12:575</closed_date></polygon></object></annotation>