<annotation><filename>m2_s01_010_p_ic001.jpg</filename><folder>users/joselusava//santiago</folder><source><submittedBy>Jose Saca</submittedBy></source><imagesize><nrows>2850</nrows><ncols>4271</ncols></imagesize><object><name>m2_s01_010_p_ic001</name><deleted>0</deleted><verified>0</verified><occluded>no</occluded><attributes></attributes><parts><hasparts></hasparts><ispartof></ispartof></parts><date>21-09-20 14:52:54:373</date><id>0</id><type>bounding_box</type><polygon><username>anonymous</username><pt><x>1330</x><y>519</y><time>21-09-20 14:52:43:618</time></pt><pt><x>2978</x><y>519</y><time>21-09-20 14:52:46:483</time></pt><pt><x>2978</x><y>2206</y><time>undefined</time></pt><pt><x>1330</x><y>2206</y><time>undefined</time></pt><closed_date>21-09-20 14:52:46:484</closed_date></polygon></object></annotation>