<annotation><filename>m2_s01_001_p_nic085.jpg</filename><folder>users/joselusava//santiago</folder><source><submittedBy>Jose Saca</submittedBy></source><imagesize><nrows>2850</nrows><ncols>4271</ncols></imagesize><object><name>m2_s01_001_p_nic085</name><deleted>0</deleted><verified>0</verified><occluded>no</occluded><attributes></attributes><parts><hasparts></hasparts><ispartof></ispartof></parts><date>19-09-20 23:36:02:813</date><id>0</id><type>bounding_box</type><polygon><username>anonymous</username><pt><x>1231</x><y>670</y><time>19-09-20 23:35:54:033</time></pt><pt><x>3049</x><y>670</y><time>19-09-20 23:35:56:015</time></pt><pt><x>3049</x><y>2533</y><time>undefined</time></pt><pt><x>1231</x><y>2533</y><time>undefined</time></pt><closed_date>19-09-20 23:35:56:017</closed_date></polygon></object></annotation>