<annotation><filename>m4_s11_176_p_ic035.jpg</filename><folder>users/joselusava//m4_js/176/ic</folder><source><submittedBy>Jose Saca</submittedBy></source><imagesize><nrows>2970</nrows><ncols>4451</ncols></imagesize><object><name>m4_s11_176_p_ic035</name><deleted>0</deleted><verified>0</verified><occluded>no</occluded><attributes></attributes><parts><hasparts></hasparts><ispartof></ispartof></parts><date>14-10-20 19:52:45:450</date><id>0</id><type>bounding_box</type><polygon><username>anonymous</username><pt><x>2878</x><y>2123</y><time>14-10-20 19:52:43:735</time></pt><pt><x>1466</x><y>2123</y><time>14-10-20 19:52:44:834</time></pt><pt><x>1466</x><y>684</y><time>undefined</time></pt><pt><x>2878</x><y>684</y><time>undefined</time></pt><closed_date>14-10-20 19:52:44:835</closed_date></polygon></object></annotation>