<annotation><filename>m2_s05_236_p_nic089.jpg</filename><folder>users/joselusava//juancarlos</folder><source><submittedBy>Jose Saca</submittedBy></source><imagesize><nrows>2910</nrows><ncols>4361</ncols></imagesize><object><name>m2_s05_236_p_nic089</name><deleted>0</deleted><verified>0</verified><occluded>no</occluded><attributes></attributes><parts><hasparts></hasparts><ispartof></ispartof></parts><date>02-10-20 17:07:44:268</date><id>0</id><type>bounding_box</type><polygon><username>anonymous</username><pt><x>205</x><y>893</y><time>02-10-20 17:07:27:652</time></pt><pt><x>2440</x><y>893</y><time>02-10-20 17:07:31:343</time></pt><pt><x>2440</x><y>2664</y><time>undefined</time></pt><pt><x>205</x><y>2664</y><time>undefined</time></pt><closed_date>02-10-20 17:07:31:344</closed_date></polygon></object></annotation>