<annotation><filename>m2_s01_010_p_ic087.jpg</filename><folder>users/joselusava//santiago</folder><source><submittedBy>Jose Saca</submittedBy></source><imagesize><nrows>2850</nrows><ncols>4271</ncols></imagesize><object><name>m2_s01_010_p_ic087</name><deleted>0</deleted><verified>0</verified><occluded>no</occluded><attributes></attributes><parts><hasparts></hasparts><ispartof></ispartof></parts><date>21-09-20 23:42:40:673</date><id>0</id><type>bounding_box</type><polygon><username>anonymous</username><pt><x>1337</x><y>404</y><time>21-09-20 23:42:32:139</time></pt><pt><x>2979</x><y>404</y><time>21-09-20 23:42:34:091</time></pt><pt><x>2979</x><y>2351</y><time>undefined</time></pt><pt><x>1337</x><y>2351</y><time>undefined</time></pt><closed_date>21-09-20 23:42:34:092</closed_date></polygon></object></annotation>