<annotation><filename>m4_s04_039_p_ic034.jpg</filename><folder>users/joselusava//santiago_2</folder><source><submittedBy>Jose Saca</submittedBy></source><imagesize><nrows>2970</nrows><ncols>4451</ncols></imagesize><object><name>m4_s04_039_p_ic034</name><deleted>0</deleted><verified>0</verified><occluded>no</occluded><attributes></attributes><parts><hasparts></hasparts><ispartof></ispartof></parts><date>20-10-20 21:42:11:240</date><id>0</id><type>bounding_box</type><polygon><username>anonymous</username><pt><x>1871</x><y>186</y><time>20-10-20 21:42:07:549</time></pt><pt><x>2631</x><y>186</y><time>20-10-20 21:42:09:385</time></pt><pt><x>2631</x><y>2931</y><time>undefined</time></pt><pt><x>1871</x><y>2931</y><time>undefined</time></pt><closed_date>20-10-20 21:42:09:386</closed_date></polygon></object></annotation>