<annotation><filename>m4_s04_045_p_nic050.jpg</filename><folder>users/joselusava//valeria/m04_s04_45_nic</folder><source><submittedBy>Jose Saca</submittedBy></source><imagesize><nrows>2970</nrows><ncols>4451</ncols></imagesize><object><name>m4_s04_045_p_nic050</name><deleted>0</deleted><verified>0</verified><occluded>no</occluded><attributes></attributes><parts><hasparts></hasparts><ispartof></ispartof></parts><date>20-10-20 14:46:50:567</date><id>0</id><type>bounding_box</type><polygon><username>anonymous</username><pt><x>1559</x><y>1262</y><time>20-10-20 14:46:46:531</time></pt><pt><x>2210</x><y>1262</y><time>20-10-20 14:46:47:883</time></pt><pt><x>2210</x><y>183</y><time>undefined</time></pt><pt><x>1559</x><y>183</y><time>undefined</time></pt><closed_date>20-10-20 14:46:47:884</closed_date></polygon></object></annotation>