<annotation><filename>m2_s01_024_p_nic021.jpg</filename><folder>users/joselusava//santiago</folder><source><submittedBy>Jose Saca</submittedBy></source><imagesize><nrows>2850</nrows><ncols>4271</ncols></imagesize><object><name>m2_s01_024_p_nic021</name><deleted>0</deleted><verified>0</verified><occluded>no</occluded><attributes></attributes><parts><hasparts></hasparts><ispartof></ispartof></parts><date>25-09-20 13:48:54:513</date><id>0</id><type>bounding_box</type><polygon><username>anonymous</username><pt><x>2715</x><y>1013</y><time>25-09-20 13:48:46:386</time></pt><pt><x>3754</x><y>1013</y><time>25-09-20 13:48:48:718</time></pt><pt><x>3754</x><y>2674</y><time>undefined</time></pt><pt><x>2715</x><y>2674</y><time>undefined</time></pt><closed_date>25-09-20 13:48:48:719</closed_date></polygon></object></annotation>