<annotation><filename>m4_s05_060_p_ic007.jpg</filename><folder>users/joselusava//m4_js/60/ic</folder><source><submittedBy>Jose Saca</submittedBy></source><imagesize><nrows>2910</nrows><ncols>4361</ncols></imagesize><object><name>m4_s05_060_p_ic007</name><deleted>0</deleted><verified>0</verified><occluded>no</occluded><attributes></attributes><parts><hasparts></hasparts><ispartof></ispartof></parts><date>13-10-20 15:37:53:495</date><id>0</id><type>bounding_box</type><polygon><username>anonymous</username><pt><x>4126</x><y>2394</y><time>13-10-20 15:37:50:353</time></pt><pt><x>435</x><y>2394</y><time>13-10-20 15:37:52:580</time></pt><pt><x>435</x><y>548</y><time>undefined</time></pt><pt><x>4126</x><y>548</y><time>undefined</time></pt><closed_date>13-10-20 15:37:52:581</closed_date></polygon></object></annotation>