<annotation><filename>m1_s02_029_p_ic085.jpg</filename><folder>users/joselusava//valeria/sala2_029_ic</folder><source><submittedBy>Jose Saca</submittedBy></source><imagesize><nrows>3200</nrows><ncols>4800</ncols></imagesize><object><name>m1_s02_029_p_ic085</name><deleted>0</deleted><verified>0</verified><occluded>no</occluded><attributes></attributes><parts><hasparts></hasparts><ispartof></ispartof></parts><date>22-08-20 21:11:45:097</date><id>0</id><type>bounding_box</type><polygon><username>anonymous</username><pt><x>1026</x><y>102</y><time>22-08-20 21:11:36:928</time></pt><pt><x>3887</x><y>102</y><time>22-08-20 21:11:40:986</time></pt><pt><x>3887</x><y>3168</y><time>undefined</time></pt><pt><x>1026</x><y>3168</y><time>undefined</time></pt><closed_date>22-08-20 21:11:40:988</closed_date></polygon></object></annotation>