<annotation><filename>m4_s07_105_p_ic020.jpg</filename><folder>users/joselusava//kath/m4_105</folder><source><submittedBy>Jose Saca</submittedBy></source><imagesize><nrows>2970</nrows><ncols>4451</ncols></imagesize><object><name>m4_s07_105_p_ic020</name><deleted>0</deleted><verified>0</verified><occluded>no</occluded><attributes></attributes><parts><hasparts></hasparts><ispartof></ispartof></parts><date>25-10-20 09:22:57:781</date><id>0</id><type>bounding_box</type><polygon><username>anonymous</username><pt><x>2787</x><y>2610</y><time>25-10-20 09:22:44:072</time></pt><pt><x>1682</x><y>2610</y><time>25-10-20 09:22:46:053</time></pt><pt><x>1682</x><y>322</y><time>undefined</time></pt><pt><x>2787</x><y>322</y><time>undefined</time></pt><closed_date>25-10-20 09:22:46:054</closed_date></polygon></object></annotation>