<annotation><filename>m2_s01_032_p_nic023.jpg</filename><folder>users/joselusava//santiago_2</folder><source><submittedBy>Jose Saca</submittedBy></source><imagesize><nrows>2850</nrows><ncols>4271</ncols></imagesize><object><name>m2_s01_032_p_nic023</name><deleted>0</deleted><verified>0</verified><occluded>no</occluded><attributes></attributes><parts><hasparts></hasparts><ispartof></ispartof></parts><date>30-09-20 18:04:47:512</date><id>0</id><type>bounding_box</type><polygon><username>anonymous</username><pt><x>2575</x><y>258</y><time>30-09-20 18:04:44:564</time></pt><pt><x>3457</x><y>258</y><time>30-09-20 18:04:45:684</time></pt><pt><x>3457</x><y>1513</y><time>undefined</time></pt><pt><x>2575</x><y>1513</y><time>undefined</time></pt><closed_date>30-09-20 18:04:45:685</closed_date></polygon></object></annotation>