<annotation><filename>m2_s01_032_p_ic082.jpg</filename><folder>users/joselusava//santiago_2</folder><source><submittedBy>Jose Saca</submittedBy></source><imagesize><nrows>2850</nrows><ncols>4271</ncols></imagesize><object><name>m2_s01_032_p_ic082</name><deleted>0</deleted><verified>0</verified><occluded>no</occluded><attributes></attributes><parts><hasparts></hasparts><ispartof></ispartof></parts><date>30-09-20 17:08:34:991</date><id>0</id><type>bounding_box</type><polygon><username>anonymous</username><pt><x>1303</x><y>112</y><time>30-09-20 17:08:29:232</time></pt><pt><x>2931</x><y>112</y><time>30-09-20 17:08:32:688</time></pt><pt><x>2931</x><y>2446</y><time>undefined</time></pt><pt><x>1303</x><y>2446</y><time>undefined</time></pt><closed_date>30-09-20 17:08:32:688</closed_date></polygon></object></annotation>