<annotation><filename>m4_s03_025_p_nic096.jpg</filename><folder>users/joselusava//santiago_3</folder><source><submittedBy>Jose Saca</submittedBy></source><imagesize><nrows>2910</nrows><ncols>4361</ncols></imagesize><object><name>m4_s03_025_p_nic096</name><deleted>0</deleted><verified>0</verified><occluded>no</occluded><attributes></attributes><parts><hasparts></hasparts><ispartof></ispartof></parts><date>08-11-20 14:32:40:610</date><id>0</id><type>bounding_box</type><polygon><username>anonymous</username><pt><x>1521</x><y>832</y><time>08-11-20 14:32:37:049</time></pt><pt><x>3903</x><y>832</y><time>08-11-20 14:32:38:540</time></pt><pt><x>3903</x><y>2029</y><time>undefined</time></pt><pt><x>1521</x><y>2029</y><time>undefined</time></pt><closed_date>08-11-20 14:32:38:541</closed_date></polygon></object></annotation>