<annotation><filename>m1_s01_001_p_ic048.jpg</filename><folder>users/joselusava//juancarlos</folder><source><submittedBy>Jose Saca</submittedBy></source><imagesize><nrows>2000</nrows><ncols>2992</ncols></imagesize><object><name>m1_s01_001_p_ic048</name><deleted>0</deleted><verified>0</verified><occluded>no</occluded><attributes></attributes><parts><hasparts></hasparts><ispartof></ispartof></parts><date>31-08-20 16:35:09:665</date><id>0</id><type>bounding_box</type><polygon><username>anonymous</username><pt><x>826</x><y>727</y><time>31-08-20 16:34:53:380</time></pt><pt><x>1898</x><y>727</y><time>31-08-20 16:34:56:118</time></pt><pt><x>1898</x><y>1606</y><time>undefined</time></pt><pt><x>826</x><y>1606</y><time>undefined</time></pt><closed_date>31-08-20 16:34:56:120</closed_date></polygon></object></annotation>