<annotation><filename>m3_s01_002_p_nic085.jpg</filename><folder>users/joselusava//santiago_3</folder><source><submittedBy>Jose Saca</submittedBy></source><imagesize><nrows>2970</nrows><ncols>4451</ncols></imagesize><object><name>m3_s01_002_p_nic085</name><deleted>0</deleted><verified>0</verified><occluded>no</occluded><attributes></attributes><parts><hasparts></hasparts><ispartof></ispartof></parts><date>29-10-20 21:11:27:111</date><id>0</id><type>bounding_box</type><polygon><username>anonymous</username><pt><x>1756</x><y>1074</y><time>29-10-20 21:11:23:150</time></pt><pt><x>3691</x><y>1074</y><time>29-10-20 21:11:24:550</time></pt><pt><x>3691</x><y>2763</y><time>undefined</time></pt><pt><x>1756</x><y>2763</y><time>undefined</time></pt><closed_date>29-10-20 21:11:24:551</closed_date></polygon></object></annotation>