<annotation><filename>m4_s10_164_p_ic085.jpg</filename><folder>users/joselusava//santiago_2</folder><source><submittedBy>Jose Saca</submittedBy></source><imagesize><nrows>2970</nrows><ncols>4451</ncols></imagesize><object><name>m4_s10_164_p_ic085</name><deleted>0</deleted><verified>0</verified><occluded>no</occluded><attributes></attributes><parts><hasparts></hasparts><ispartof></ispartof></parts><date>13-10-20 23:09:02:656</date><id>0</id><type>bounding_box</type><polygon><username>anonymous</username><pt><x>1853</x><y>939</y><time>13-10-20 23:08:59:616</time></pt><pt><x>2584</x><y>939</y><time>13-10-20 23:09:00:684</time></pt><pt><x>2584</x><y>1810</y><time>undefined</time></pt><pt><x>1853</x><y>1810</y><time>undefined</time></pt><closed_date>13-10-20 23:09:00:686</closed_date></polygon></object></annotation>