<annotation><filename>m4_s11_176_p_ic002.jpg</filename><folder>users/joselusava//m4_js/176/ic</folder><source><submittedBy>Jose Saca</submittedBy></source><imagesize><nrows>2970</nrows><ncols>4451</ncols></imagesize><object><name>m4_s11_176_p_ic002</name><deleted>0</deleted><verified>0</verified><occluded>no</occluded><attributes></attributes><parts><hasparts></hasparts><ispartof></ispartof></parts><date>14-10-20 16:29:30:089</date><id>0</id><type>bounding_box</type><polygon><username>anonymous</username><pt><x>1359</x><y>2434</y><time>14-10-20 16:29:27:428</time></pt><pt><x>3030</x><y>2434</y><time>14-10-20 16:29:29:350</time></pt><pt><x>3030</x><y>524</y><time>undefined</time></pt><pt><x>1359</x><y>524</y><time>undefined</time></pt><closed_date>14-10-20 16:29:29:350</closed_date></polygon></object></annotation>