<annotation><filename>m2_s01_058_p_ic019.jpg</filename><folder>users/joselusava//m2_jsv/58/ic</folder><source><submittedBy>Jose Saca</submittedBy></source><imagesize><nrows>2850</nrows><ncols>4271</ncols></imagesize><object><name>m2_s01_058_p_ic019</name><deleted>0</deleted><verified>0</verified><occluded>no</occluded><attributes></attributes><parts><hasparts></hasparts><ispartof></ispartof></parts><date>29-09-20 13:05:12:760</date><id>0</id><type>bounding_box</type><polygon><username>anonymous</username><pt><x>492</x><y>68</y><time>29-09-20 13:05:10:963</time></pt><pt><x>3779</x><y>68</y><time>29-09-20 13:05:12:081</time></pt><pt><x>3779</x><y>2437</y><time>undefined</time></pt><pt><x>492</x><y>2437</y><time>undefined</time></pt><closed_date>29-09-20 13:05:12:081</closed_date></polygon></object></annotation>