<annotation><filename>m1_s02_065_p_nic053.jpg</filename><folder>users/joselusava//valeria/sala2_065_nic</folder><source><submittedBy>Jose Saca</submittedBy></source><imagesize><nrows>2000</nrows><ncols>2992</ncols></imagesize><object><name>m1_s02_065_p_nic053</name><deleted>0</deleted><verified>0</verified><occluded>no</occluded><attributes></attributes><parts><hasparts></hasparts><ispartof></ispartof></parts><date>27-08-20 23:18:11:540</date><id>0</id><type>bounding_box</type><polygon><username>anonymous</username><pt><x>2668</x><y>1574</y><time>27-08-20 23:18:05:318</time></pt><pt><x>1027</x><y>1574</y><time>27-08-20 23:18:07:960</time></pt><pt><x>1027</x><y>872</y><time>undefined</time></pt><pt><x>2668</x><y>872</y><time>undefined</time></pt><closed_date>27-08-20 23:18:07:961</closed_date></polygon></object></annotation>