<annotation><filename>m3_s01_002_p_ic093.jpg</filename><folder>users/joselusava//santiago_3</folder><source><submittedBy>Jose Saca</submittedBy></source><imagesize><nrows>2970</nrows><ncols>4451</ncols></imagesize><object><name>m3_s01_002_p_ic093</name><deleted>0</deleted><verified>0</verified><occluded>no</occluded><attributes></attributes><parts><hasparts></hasparts><ispartof></ispartof></parts><date>29-10-20 13:36:01:831</date><id>0</id><type>bounding_box</type><polygon><username>anonymous</username><pt><x>578</x><y>368</y><time>29-10-20 13:35:58:596</time></pt><pt><x>3663</x><y>368</y><time>29-10-20 13:35:59:840</time></pt><pt><x>3663</x><y>2634</y><time>undefined</time></pt><pt><x>578</x><y>2634</y><time>undefined</time></pt><closed_date>29-10-20 13:35:59:841</closed_date></polygon></object></annotation>