<annotation><filename>m4_s07_105_p_ic006.jpg</filename><folder>users/joselusava//kath/m4_105</folder><source><submittedBy>Jose Saca</submittedBy></source><imagesize><nrows>2970</nrows><ncols>4451</ncols></imagesize><object><name>m4_s07_105_p_ic006</name><deleted>0</deleted><verified>0</verified><occluded>no</occluded><attributes></attributes><parts><hasparts></hasparts><ispartof></ispartof></parts><date>25-10-20 09:07:38:620</date><id>0</id><type>bounding_box</type><polygon><username>anonymous</username><pt><x>1890</x><y>410</y><time>25-10-20 09:07:29:925</time></pt><pt><x>2855</x><y>410</y><time>25-10-20 09:07:32:840</time></pt><pt><x>2855</x><y>2578</y><time>undefined</time></pt><pt><x>1890</x><y>2578</y><time>undefined</time></pt><closed_date>25-10-20 09:07:32:841</closed_date></polygon></object></annotation>