<annotation><filename>m2_s01_056_p_nic058.jpg</filename><folder>users/joselusava//m2_jsv/56/nic</folder><source><submittedBy>Jose Saca</submittedBy></source><imagesize><nrows>2850</nrows><ncols>4271</ncols></imagesize><object><name>m2_s01_056_p_nic058</name><deleted>0</deleted><verified>0</verified><occluded>no</occluded><attributes></attributes><parts><hasparts></hasparts><ispartof></ispartof></parts><date>28-09-20 22:26:51:116</date><id>0</id><type>bounding_box</type><polygon><username>anonymous</username><pt><x>4118</x><y>2344</y><time>28-09-20 22:26:49:065</time></pt><pt><x>2624</x><y>2344</y><time>28-09-20 22:26:50:494</time></pt><pt><x>2624</x><y>586</y><time>undefined</time></pt><pt><x>4118</x><y>586</y><time>undefined</time></pt><closed_date>28-09-20 22:26:50:494</closed_date></polygon></object></annotation>