<annotation><filename>m2_s01_034_p_ic058.jpg</filename><folder>users/joselusava//kath</folder><source><submittedBy>Jose Saca</submittedBy></source><imagesize><nrows>2850</nrows><ncols>4271</ncols></imagesize><object><name>m2_s01_034_p_ic058</name><deleted>0</deleted><verified>0</verified><occluded>no</occluded><attributes></attributes><parts><hasparts></hasparts><ispartof></ispartof></parts><date>25-09-20 16:24:01:302</date><id>0</id><polygon><username>anonymous</username><pt><x>1124</x><y>279</y><time>25-09-20 16:23:48:559</time></pt><pt><x>2692</x><y>172</y><time>25-09-20 16:23:50:365</time></pt><pt><x>3008</x><y>2728</y><time>25-09-20 16:23:54:172</time></pt><pt><x>1239</x><y>2750</y><time>25-09-20 16:23:56:322</time></pt><closed_date>25-09-20 16:23:58:105</closed_date></polygon></object></annotation>