<annotation><filename>m2_s01_058_p_nic037.jpg</filename><folder>users/joselusava//m2_jsv/58/nic</folder><source><submittedBy>Jose Saca</submittedBy></source><imagesize><nrows>2850</nrows><ncols>4271</ncols></imagesize><object><name>m2_s01_058_p_nic037</name><deleted>0</deleted><verified>0</verified><occluded>no</occluded><attributes></attributes><parts><hasparts></hasparts><ispartof></ispartof></parts><date>29-09-20 23:04:03:827</date><id>0</id><type>bounding_box</type><polygon><username>anonymous</username><pt><x>2216</x><y>1424</y><time>29-09-20 23:04:01:583</time></pt><pt><x>486</x><y>1424</y><time>29-09-20 23:04:02:958</time></pt><pt><x>486</x><y>179</y><time>undefined</time></pt><pt><x>2216</x><y>179</y><time>undefined</time></pt><closed_date>29-09-20 23:04:02:958</closed_date></polygon></object></annotation>