<annotation><filename>m2_s03_252_p_ic015.jpg</filename><folder>users/joselusava//valeria/m2_sala03_252_ic</folder><source><submittedBy>Jose Saca</submittedBy></source><imagesize><nrows>2910</nrows><ncols>4361</ncols></imagesize><object><name>m2_s06_252_p_ic015</name><deleted>0</deleted><verified>0</verified><occluded>no</occluded><attributes></attributes><parts><hasparts></hasparts><ispartof></ispartof></parts><date>25-09-20 20:01:38:435</date><id>0</id><type>bounding_box</type><polygon><username>anonymous</username><pt><x>1036</x><y>1896</y><time>25-09-20 20:01:34:006</time></pt><pt><x>2960</x><y>1896</y><time>25-09-20 20:01:35:564</time></pt><pt><x>2960</x><y>832</y><time>undefined</time></pt><pt><x>1036</x><y>832</y><time>undefined</time></pt><closed_date>25-09-20 20:01:35:565</closed_date></polygon></object></annotation>