<annotation><filename>m2_s01_054_p_nic015.jpg</filename><folder>users/joselusava//kath</folder><source><submittedBy>Jose Saca</submittedBy></source><imagesize><nrows>2850</nrows><ncols>4271</ncols></imagesize><object><name>m2_s01_054_p_nic015</name><deleted>0</deleted><verified>0</verified><occluded>no</occluded><attributes></attributes><parts><hasparts></hasparts><ispartof></ispartof></parts><date>30-09-20 11:07:13:350</date><id>0</id><type>bounding_box</type><polygon><username>anonymous</username><pt><x>1285</x><y>1383</y><time>30-09-20 11:07:08:523</time></pt><pt><x>470</x><y>1383</y><time>30-09-20 11:07:10:706</time></pt><pt><x>470</x><y>2443</y><time>undefined</time></pt><pt><x>1285</x><y>2443</y><time>undefined</time></pt><closed_date>30-09-20 11:07:10:707</closed_date></polygon></object></annotation>