<annotation><filename>m2_s01_001_p_ic005.jpg</filename><folder>users/joselusava//santiago</folder><source><submittedBy>Jose Saca</submittedBy></source><imagesize><nrows>2850</nrows><ncols>4271</ncols></imagesize><object><name>m2_s01_001_p_ic005</name><deleted>0</deleted><verified>0</verified><occluded>no</occluded><attributes></attributes><parts><hasparts></hasparts><ispartof></ispartof></parts><date>18-09-20 22:09:57:621</date><id>0</id><type>bounding_box</type><polygon><username>anonymous</username><pt><x>930</x><y>356</y><time>18-09-20 22:09:44:217</time></pt><pt><x>3257</x><y>356</y><time>18-09-20 22:09:47:044</time></pt><pt><x>3257</x><y>2584</y><time>undefined</time></pt><pt><x>930</x><y>2584</y><time>undefined</time></pt><closed_date>18-09-20 22:09:47:046</closed_date></polygon></object></annotation>