<annotation><filename>m3_s01_013_p_nic096.jpg</filename><folder>users/joselusava//valeria/m03_s01_13_nic</folder><source><submittedBy>Jose Saca</submittedBy></source><imagesize><nrows>2970</nrows><ncols>4451</ncols></imagesize><object><name>m3_s01_013_p_nic096</name><deleted>0</deleted><verified>0</verified><occluded>no</occluded><attributes></attributes><parts><hasparts></hasparts><ispartof></ispartof></parts><date>07-11-20 00:26:31:209</date><id>0</id><type>bounding_box</type><polygon><username>anonymous</username><pt><x>1799</x><y>2879</y><time>07-11-20 00:26:26:670</time></pt><pt><x>3667</x><y>2879</y><time>07-11-20 00:26:28:139</time></pt><pt><x>3667</x><y>680</y><time>undefined</time></pt><pt><x>1799</x><y>680</y><time>undefined</time></pt><closed_date>07-11-20 00:26:28:140</closed_date></polygon></object></annotation>