<annotation><filename>m4_s12_186_p_nic033.jpg</filename><folder>users/joselusava//m4_js/186/nic</folder><source><submittedBy>Jose Saca</submittedBy></source><imagesize><nrows>3899</nrows><ncols>5844</ncols></imagesize><object><name>m4_s12_186_p_nic033</name><deleted>0</deleted><verified>0</verified><occluded>no</occluded><attributes></attributes><parts><hasparts></hasparts><ispartof></ispartof></parts><date>18-10-20 11:33:08:987</date><id>0</id><type>bounding_box</type><polygon><username>anonymous</username><pt><x>1283</x><y>863</y><time>18-10-20 11:33:07:161</time></pt><pt><x>3464</x><y>863</y><time>18-10-20 11:33:08:319</time></pt><pt><x>3464</x><y>3884</y><time>undefined</time></pt><pt><x>1283</x><y>3884</y><time>undefined</time></pt><closed_date>18-10-20 11:33:08:319</closed_date></polygon></object></annotation>