<annotation><filename>m1_s02_036_p_nic006.jpg</filename><folder>users/joselusava//valeria/sala2_036_nic</folder><source><submittedBy>Jose Saca</submittedBy></source><imagesize><nrows>3200</nrows><ncols>4800</ncols></imagesize><object><name>m1_s02_036_p_nic006</name><deleted>0</deleted><verified>0</verified><occluded>no</occluded><attributes></attributes><parts><hasparts></hasparts><ispartof></ispartof></parts><date>26-08-20 21:59:27:077</date><id>0</id><type>bounding_box</type><polygon><username>anonymous</username><pt><x>204</x><y>859</y><time>26-08-20 21:59:20:332</time></pt><pt><x>1036</x><y>859</y><time>26-08-20 21:59:23:293</time></pt><pt><x>1036</x><y>1997</y><time>undefined</time></pt><pt><x>204</x><y>1997</y><time>undefined</time></pt><closed_date>26-08-20 21:59:23:295</closed_date></polygon></object></annotation>