<annotation><filename>m2_s01_056_p_ic022.jpg</filename><folder>users/joselusava//m2_jsv/56/ic</folder><source><submittedBy>Jose Saca</submittedBy></source><imagesize><nrows>2850</nrows><ncols>4271</ncols></imagesize><object><name>m2_s01_056_p_ic022</name><deleted>0</deleted><verified>0</verified><occluded>no</occluded><attributes></attributes><parts><hasparts></hasparts><ispartof></ispartof></parts><date>28-09-20 21:32:19:625</date><id>0</id><type>bounding_box</type><polygon><username>anonymous</username><pt><x>3014</x><y>2828</y><time>28-09-20 21:32:17:499</time></pt><pt><x>1206</x><y>2828</y><time>28-09-20 21:32:18:887</time></pt><pt><x>1206</x><y>178</y><time>undefined</time></pt><pt><x>3014</x><y>178</y><time>undefined</time></pt><closed_date>28-09-20 21:32:18:887</closed_date></polygon></object></annotation>