<annotation><filename>m2_s01_054_p_nic027.jpg</filename><folder>users/joselusava//kath</folder><source><submittedBy>Jose Saca</submittedBy></source><imagesize><nrows>2850</nrows><ncols>4271</ncols></imagesize><object><name>m2_s01_054_p_nic027</name><deleted>0</deleted><verified>0</verified><occluded>no</occluded><attributes></attributes><parts><hasparts></hasparts><ispartof></ispartof></parts><date>30-09-20 11:18:35:842</date><id>0</id><type>bounding_box</type><polygon><username>anonymous</username><pt><x>3559</x><y>337</y><time>30-09-20 11:18:30:976</time></pt><pt><x>2780</x><y>337</y><time>30-09-20 11:18:33:208</time></pt><pt><x>2780</x><y>1586</y><time>undefined</time></pt><pt><x>3559</x><y>1586</y><time>undefined</time></pt><closed_date>30-09-20 11:18:33:208</closed_date></polygon></object></annotation>