<annotation><filename>m4_s05_055_p_nic088.jpg</filename><folder>users/joselusava//valeria/m4_s05_055_nic</folder><source><submittedBy>Jose Saca</submittedBy></source><imagesize><nrows>2910</nrows><ncols>4361</ncols></imagesize><object><name>m4_s05_055_p_nic088</name><deleted>0</deleted><verified>0</verified><occluded>no</occluded><attributes></attributes><parts><hasparts></hasparts><ispartof></ispartof></parts><date>09-10-20 18:19:55:565</date><id>0</id><type>bounding_box</type><polygon><username>anonymous</username><pt><x>2882</x><y>612</y><time>09-10-20 18:19:51:296</time></pt><pt><x>4100</x><y>612</y><time>09-10-20 18:19:52:752</time></pt><pt><x>4100</x><y>1929</y><time>undefined</time></pt><pt><x>2882</x><y>1929</y><time>undefined</time></pt><closed_date>09-10-20 18:19:52:753</closed_date></polygon></object></annotation>