<annotation><filename>m2_s01_032_p_nic088.jpg</filename><folder>users/joselusava//santiago_2</folder><source><submittedBy>Jose Saca</submittedBy></source><imagesize><nrows>2850</nrows><ncols>4271</ncols></imagesize><object><name>m2_s01_032_p_nic088</name><deleted>0</deleted><verified>0</verified><occluded>no</occluded><attributes></attributes><parts><hasparts></hasparts><ispartof></ispartof></parts><date>30-09-20 21:25:22:232</date><id>0</id><type>bounding_box</type><polygon><username>anonymous</username><pt><x>607</x><y>316</y><time>30-09-20 21:25:18:791</time></pt><pt><x>1510</x><y>316</y><time>30-09-20 21:25:19:878</time></pt><pt><x>1510</x><y>1327</y><time>undefined</time></pt><pt><x>607</x><y>1327</y><time>undefined</time></pt><closed_date>30-09-20 21:25:19:879</closed_date></polygon></object></annotation>