<annotation><filename>m2_s02_085_p_ic078.jpg</filename><folder>users/joselusava//m2_jsv/85/ic</folder><source><submittedBy>Jose Saca</submittedBy></source><imagesize><nrows>2910</nrows><ncols>4361</ncols></imagesize><object><name>m2_s02_085_p_ic078</name><deleted>0</deleted><verified>0</verified><occluded>no</occluded><attributes></attributes><parts><hasparts></hasparts><ispartof></ispartof></parts><date>17-09-20 20:05:42:742</date><id>0</id><type>bounding_box</type><polygon><username>anonymous</username><pt><x>1367</x><y>514</y><time>17-09-20 20:05:41:099</time></pt><pt><x>3064</x><y>514</y><time>17-09-20 20:05:42:065</time></pt><pt><x>3064</x><y>2594</y><time>undefined</time></pt><pt><x>1367</x><y>2594</y><time>undefined</time></pt><closed_date>17-09-20 20:05:42:065</closed_date></polygon></object></annotation>