<annotation><filename>m3_s01_002_p_ic070.jpg</filename><folder>users/joselusava//santiago_3</folder><source><submittedBy>Jose Saca</submittedBy></source><imagesize><nrows>2970</nrows><ncols>4451</ncols></imagesize><object><name>m3_s01_002_p_ic070</name><deleted>0</deleted><verified>0</verified><occluded>no</occluded><attributes></attributes><parts><hasparts></hasparts><ispartof></ispartof></parts><date>28-10-20 22:18:54:871</date><id>0</id><type>bounding_box</type><polygon><username>anonymous</username><pt><x>457</x><y>585</y><time>28-10-20 22:18:50:709</time></pt><pt><x>3798</x><y>585</y><time>28-10-20 22:18:52:419</time></pt><pt><x>3798</x><y>2410</y><time>undefined</time></pt><pt><x>457</x><y>2410</y><time>undefined</time></pt><closed_date>28-10-20 22:18:52:420</closed_date></polygon></object></annotation>