<annotation><filename>m1_s02_065_p_nic043.jpg</filename><folder>users/joselusava//valeria/sala2_065_nic</folder><source><submittedBy>Jose Saca</submittedBy></source><imagesize><nrows>2000</nrows><ncols>2992</ncols></imagesize><object><name>m1_s02_065_p_nic043</name><deleted>0</deleted><verified>0</verified><occluded>no</occluded><attributes></attributes><parts><hasparts></hasparts><ispartof></ispartof></parts><date>27-08-20 23:03:40:970</date><id>0</id><type>bounding_box</type><polygon><username>anonymous</username><pt><x>2899</x><y>1644</y><time>27-08-20 23:03:34:786</time></pt><pt><x>960</x><y>1644</y><time>27-08-20 23:03:37:211</time></pt><pt><x>960</x><y>601</y><time>undefined</time></pt><pt><x>2899</x><y>601</y><time>undefined</time></pt><closed_date>27-08-20 23:03:37:212</closed_date></polygon></object></annotation>