<annotation><filename>m1_s01_004_p_ic097.jpg</filename><folder>users/joselusava//valeria_apoyo/sala001_004ic_ok</folder><source><submittedBy>Jose Saca</submittedBy></source><imagesize><nrows>2000</nrows><ncols>2992</ncols></imagesize><object><name>m1_s01_004_p_ic097</name><deleted>0</deleted><verified>0</verified><occluded>no</occluded><attributes></attributes><parts><hasparts></hasparts><ispartof></ispartof></parts><date>16-09-20 17:09:30:505</date><id>0</id><type>bounding_box</type><polygon><username>anonymous</username><pt><x>4</x><y>1780</y><time>16-09-20 17:09:23:950</time></pt><pt><x>2860</x><y>1780</y><time>16-09-20 17:09:26:611</time></pt><pt><x>2860</x><y>519</y><time>undefined</time></pt><pt><x>4</x><y>519</y><time>undefined</time></pt><closed_date>16-09-20 17:09:26:612</closed_date></polygon></object></annotation>