<annotation><filename>m4_s02_021_p_ic010.jpg</filename><folder>users/joselusava//santiago_2</folder><source><submittedBy>Jose Saca</submittedBy></source><imagesize><nrows>3000</nrows><ncols>4496</ncols></imagesize><object><name>m4_s02_021_p_ic010</name><deleted>0</deleted><verified>0</verified><occluded>no</occluded><attributes></attributes><parts><hasparts></hasparts><ispartof></ispartof></parts><date>02-10-20 15:16:21:773</date><id>0</id><type>bounding_box</type><polygon><username>anonymous</username><pt><x>1679</x><y>214</y><time>02-10-20 15:16:15:736</time></pt><pt><x>3118</x><y>214</y><time>02-10-20 15:16:18:204</time></pt><pt><x>3118</x><y>2821</y><time>undefined</time></pt><pt><x>1679</x><y>2821</y><time>undefined</time></pt><closed_date>02-10-20 15:16:18:205</closed_date></polygon></object></annotation>