<annotation><filename>m2_s07_264_p.jpg</filename><folder>users/joselusava//valeria/sala7_264_ic</folder><source><submittedBy>Jose Saca</submittedBy></source><imagesize><nrows>2910</nrows><ncols>4361</ncols></imagesize><object><name>m2_s07_264_p</name><deleted>0</deleted><verified>0</verified><occluded>no</occluded><attributes></attributes><parts><hasparts></hasparts><ispartof></ispartof></parts><date>22-09-20 17:39:43:699</date><id>0</id><type>bounding_box</type><polygon><username>anonymous</username><pt><x>2971</x><y>2508</y><time>22-09-20 17:39:06:799</time></pt><pt><x>1168</x><y>2508</y><time>22-09-20 17:39:09:240</time></pt><pt><x>1168</x><y>474</y><time>undefined</time></pt><pt><x>2971</x><y>474</y><time>undefined</time></pt><closed_date>22-09-20 17:39:09:242</closed_date></polygon></object></annotation>