<annotation><filename>m4_s10_164_p_nic039.jpg</filename><folder>users/joselusava//santiago_2</folder><source><submittedBy>Jose Saca</submittedBy></source><imagesize><nrows>2970</nrows><ncols>4451</ncols></imagesize><object><name>m4_s10_164_p_nic039</name><deleted>0</deleted><verified>0</verified><occluded>no</occluded><attributes></attributes><parts><hasparts></hasparts><ispartof></ispartof></parts><date>14-10-20 00:05:55:862</date><id>0</id><type>bounding_box</type><polygon><username>anonymous</username><pt><x>2981</x><y>553</y><time>14-10-20 00:05:52:850</time></pt><pt><x>3720</x><y>553</y><time>14-10-20 00:05:53:572</time></pt><pt><x>3720</x><y>1224</y><time>undefined</time></pt><pt><x>2981</x><y>1224</y><time>undefined</time></pt><closed_date>14-10-20 00:05:53:573</closed_date></polygon></object></annotation>