<annotation><filename>m4_s05_055_p_nic069.jpg</filename><folder>users/joselusava//valeria/m4_s05_055_nic</folder><source><submittedBy>Jose Saca</submittedBy></source><imagesize><nrows>2910</nrows><ncols>4361</ncols></imagesize><object><name>m4_s05_055_p_nic069</name><deleted>0</deleted><verified>0</verified><occluded>no</occluded><attributes></attributes><parts><hasparts></hasparts><ispartof></ispartof></parts><date>09-10-20 18:02:27:262</date><id>0</id><type>bounding_box</type><polygon><username>anonymous</username><pt><x>226</x><y>661</y><time>09-10-20 18:02:22:447</time></pt><pt><x>1483</x><y>661</y><time>09-10-20 18:02:23:863</time></pt><pt><x>1483</x><y>2183</y><time>undefined</time></pt><pt><x>226</x><y>2183</y><time>undefined</time></pt><closed_date>09-10-20 18:02:23:863</closed_date></polygon></object></annotation>