<annotation><filename>m4_s11_178_p_ic022.jpg</filename><folder>users/joselusava//santiago_2</folder><source><submittedBy>Jose Saca</submittedBy></source><imagesize><nrows>2970</nrows><ncols>4451</ncols></imagesize><object><name>m4_s11_178_p_ic022</name><deleted>0</deleted><verified>0</verified><occluded>no</occluded><attributes></attributes><parts><hasparts></hasparts><ispartof></ispartof></parts><date>15-10-20 21:22:36:856</date><id>0</id><type>bounding_box</type><polygon><username>anonymous</username><pt><x>1435</x><y>800</y><time>15-10-20 21:22:32:738</time></pt><pt><x>2913</x><y>800</y><time>15-10-20 21:22:34:851</time></pt><pt><x>2913</x><y>2285</y><time>undefined</time></pt><pt><x>1435</x><y>2285</y><time>undefined</time></pt><closed_date>15-10-20 21:22:34:853</closed_date></polygon></object></annotation>