<annotation><filename>m2_s01_054_p_ic032.jpg</filename><folder>users/joselusava//kath</folder><source><submittedBy>Jose Saca</submittedBy></source><imagesize><nrows>2850</nrows><ncols>4271</ncols></imagesize><object><name>m2_s01_054_p_ic032</name><deleted>0</deleted><verified>0</verified><occluded>no</occluded><attributes></attributes><parts><hasparts></hasparts><ispartof></ispartof></parts><date>29-09-20 21:59:23:079</date><id>0</id><type>bounding_box</type><polygon><username>anonymous</username><pt><x>1383</x><y>218</y><time>29-09-20 21:59:15:375</time></pt><pt><x>2710</x><y>218</y><time>29-09-20 21:59:19:625</time></pt><pt><x>2710</x><y>2569</y><time>undefined</time></pt><pt><x>1383</x><y>2569</y><time>undefined</time></pt><closed_date>29-09-20 21:59:19:626</closed_date></polygon></object></annotation>