<annotation><filename>m2_s01_001_p_nic002.jpg</filename><folder>users/joselusava//santiago</folder><source><submittedBy>Jose Saca</submittedBy></source><imagesize><nrows>2850</nrows><ncols>4271</ncols></imagesize><object><name>m2_s01_001_p_nic002</name><deleted>0</deleted><verified>0</verified><occluded>no</occluded><attributes></attributes><parts><hasparts></hasparts><ispartof></ispartof></parts><date>19-09-20 21:41:30:460</date><id>0</id><type>bounding_box</type><polygon><username>anonymous</username><pt><x>2065</x><y>894</y><time>19-09-20 21:41:12:964</time></pt><pt><x>3744</x><y>894</y><time>19-09-20 21:41:15:262</time></pt><pt><x>3744</x><y>2401</y><time>undefined</time></pt><pt><x>2065</x><y>2401</y><time>undefined</time></pt><closed_date>19-09-20 21:41:15:264</closed_date></polygon></object></annotation>