<annotation><filename>m4_s02_015_p_nic086.jpg</filename><folder>users/joselusava//m4_js/15nic</folder><source><submittedBy>Jose Saca</submittedBy></source><imagesize><nrows>2910</nrows><ncols>4361</ncols></imagesize><object><name>m4_s02_015_p_nic086</name><deleted>0</deleted><verified>0</verified><occluded>no</occluded><attributes></attributes><parts><hasparts></hasparts><ispartof></ispartof></parts><date>06-10-20 20:16:53:226</date><id>0</id><type>bounding_box</type><polygon><username>anonymous</username><pt><x>1715</x><y>131</y><time>06-10-20 20:16:51:071</time></pt><pt><x>157</x><y>131</y><time>06-10-20 20:16:52:577</time></pt><pt><x>157</x><y>1802</y><time>undefined</time></pt><pt><x>1715</x><y>1802</y><time>undefined</time></pt><closed_date>06-10-20 20:16:52:577</closed_date></polygon></object></annotation>