<annotation><filename>m2_s01_010_p_ic038.jpg</filename><folder>users/joselusava//santiago</folder><source><submittedBy>Jose Saca</submittedBy></source><imagesize><nrows>2850</nrows><ncols>4271</ncols></imagesize><object><name>m2_s01_010_p_ic038</name><deleted>0</deleted><verified>0</verified><occluded>no</occluded><attributes></attributes><parts><hasparts></hasparts><ispartof></ispartof></parts><date>21-09-20 15:43:10:959</date><id>0</id><type>bounding_box</type><polygon><username>anonymous</username><pt><x>1119</x><y>503</y><time>21-09-20 15:43:02:901</time></pt><pt><x>3135</x><y>503</y><time>21-09-20 15:43:04:814</time></pt><pt><x>3135</x><y>2542</y><time>undefined</time></pt><pt><x>1119</x><y>2542</y><time>undefined</time></pt><closed_date>21-09-20 15:43:04:815</closed_date></polygon></object></annotation>