<annotation><filename>m1_s01_001_p_nic088.jpg</filename><folder>users/joselusava//juancarlos</folder><source><submittedBy>Jose Saca</submittedBy></source><imagesize><nrows>3200</nrows><ncols>4800</ncols></imagesize><object><name>m1_s01_001_p_nic088</name><deleted>0</deleted><verified>0</verified><occluded>no</occluded><attributes></attributes><parts><hasparts></hasparts><ispartof></ispartof></parts><date>11-09-20 17:08:52:983</date><id>0</id><type>bounding_box</type><polygon><username>anonymous</username><pt><x>61</x><y>1619</y><time>11-09-20 17:08:36:496</time></pt><pt><x>1597</x><y>1619</y><time>11-09-20 17:08:39:306</time></pt><pt><x>1597</x><y>2867</y><time>undefined</time></pt><pt><x>61</x><y>2867</y><time>undefined</time></pt><closed_date>11-09-20 17:08:39:307</closed_date></polygon></object></annotation>