<annotation><filename>m4_s11_176_p_nic075.jpg</filename><folder>users/joselusava//m4_js/176/nic</folder><source><submittedBy>Jose Saca</submittedBy></source><imagesize><nrows>2970</nrows><ncols>4451</ncols></imagesize><object><name>m4_s11_176_p_nic075</name><deleted>0</deleted><verified>0</verified><occluded>no</occluded><attributes></attributes><parts><hasparts></hasparts><ispartof></ispartof></parts><date>15-10-20 14:50:03:901</date><id>0</id><type>bounding_box</type><polygon><username>anonymous</username><pt><x>2345</x><y>1688</y><time>15-10-20 14:50:01:558</time></pt><pt><x>4442</x><y>1688</y><time>15-10-20 14:50:02:788</time></pt><pt><x>4442</x><y>27</y><time>undefined</time></pt><pt><x>2345</x><y>27</y><time>undefined</time></pt><closed_date>15-10-20 14:50:02:788</closed_date></polygon></object></annotation>