<annotation><filename>m4_s04_045_p_ic006.jpg</filename><folder>users/joselusava//valeria/m04_s04_45_ic</folder><source><submittedBy>Jose Saca</submittedBy></source><imagesize><nrows>2970</nrows><ncols>4451</ncols></imagesize><object><name>m4_s04_045_p_ic006</name><deleted>0</deleted><verified>0</verified><occluded>no</occluded><attributes></attributes><parts><hasparts></hasparts><ispartof></ispartof></parts><date>19-10-20 18:55:07:870</date><id>0</id><type>bounding_box</type><polygon><username>anonymous</username><pt><x>1782</x><y>2153</y><time>19-10-20 18:54:52:602</time></pt><pt><x>2650</x><y>2153</y><time>19-10-20 18:54:56:897</time></pt><pt><x>2650</x><y>743</y><time>undefined</time></pt><pt><x>1782</x><y>743</y><time>undefined</time></pt><closed_date>19-10-20 18:54:56:898</closed_date></polygon></object></annotation>