<annotation><filename>m4_s04_039_p_ic011.jpg</filename><folder>users/joselusava//santiago_2</folder><source><submittedBy>Jose Saca</submittedBy></source><imagesize><nrows>2970</nrows><ncols>4451</ncols></imagesize><object><name>m4_s04_039_p_ic011</name><deleted>0</deleted><verified>0</verified><occluded>no</occluded><attributes></attributes><parts><hasparts></hasparts><ispartof></ispartof></parts><date>20-10-20 13:55:35:330</date><id>0</id><type>bounding_box</type><polygon><username>anonymous</username><pt><x>1678</x><y>143</y><time>20-10-20 13:55:32:047</time></pt><pt><x>2681</x><y>143</y><time>20-10-20 13:55:33:593</time></pt><pt><x>2681</x><y>2895</y><time>undefined</time></pt><pt><x>1678</x><y>2895</y><time>undefined</time></pt><closed_date>20-10-20 13:55:33:593</closed_date></polygon></object></annotation>