<annotation><filename>m4_s10_157_p_ic053.jpg</filename><folder>users/joselusava//valeria/m04_s10_157_nic</folder><source><submittedBy>Jose Saca</submittedBy></source><imagesize><nrows>2970</nrows><ncols>4451</ncols></imagesize><object><name>m4_s10_157_p_nic053</name><deleted>0</deleted><verified>0</verified><occluded>no</occluded><attributes></attributes><parts><hasparts></hasparts><ispartof></ispartof></parts><date>12-10-20 21:05:27:582</date><id>0</id><type>bounding_box</type><polygon><username>anonymous</username><pt><x>4292</x><y>2329</y><time>12-10-20 21:05:21:200</time></pt><pt><x>2430</x><y>2329</y><time>12-10-20 21:05:24:396</time></pt><pt><x>2430</x><y>84</y><time>undefined</time></pt><pt><x>4292</x><y>84</y><time>undefined</time></pt><closed_date>12-10-20 21:05:24:396</closed_date></polygon></object></annotation>