<annotation><filename>m4_s04_037_p_ic082.jpg</filename><folder>users/joselusava//santiago_2</folder><source><submittedBy>Jose Saca</submittedBy></source><imagesize><nrows>2970</nrows><ncols>4451</ncols></imagesize><object><name>m4_s04_037_p_ic082</name><deleted>0</deleted><verified>0</verified><occluded>no</occluded><attributes></attributes><parts><hasparts></hasparts><ispartof></ispartof></parts><date>18-10-20 22:17:48:589</date><id>0</id><type>bounding_box</type><polygon><username>anonymous</username><pt><x>1564</x><y>350</y><time>18-10-20 22:17:39:376</time></pt><pt><x>3152</x><y>350</y><time>18-10-20 22:17:42:085</time></pt><pt><x>3152</x><y>2577</y><time>undefined</time></pt><pt><x>1564</x><y>2577</y><time>undefined</time></pt><closed_date>18-10-20 22:17:42:087</closed_date></polygon></object></annotation>