<annotation><filename>m2_s03_248_p_nic011.jpg</filename><folder>users/joselusava//museos2020</folder><source><submittedBy>Jose Saca</submittedBy></source><imagesize><nrows>2910</nrows><ncols>4361</ncols></imagesize><object><name>m2_s03_248_p_nic011</name><deleted>0</deleted><verified>0</verified><occluded>no</occluded><attributes></attributes><parts><hasparts></hasparts><ispartof></ispartof></parts><date>27-09-20 09:58:49:784</date><id>0</id><polygon><username>anonymous</username><pt><x>1162</x><y>284</y><time>27-09-20 09:58:39:464</time></pt><pt><x>2961</x><y>325</y><time>27-09-20 09:58:40:399</time></pt><pt><x>3184</x><y>581</y><time>27-09-20 09:58:41:196</time></pt><pt><x>1864</x><y>1139</y><time>27-09-20 09:58:42:188</time></pt><closed_date>27-09-20 09:58:43:020</closed_date></polygon></object></annotation>