<annotation><filename>m3_s01_023_p_ic086.jpg</filename><folder>users/joselusava//santiago_3</folder><source><submittedBy>Jose Saca</submittedBy></source><imagesize><nrows>2970</nrows><ncols>4451</ncols></imagesize><object><name>m3_s01_023_p_ic086</name><deleted>0</deleted><verified>0</verified><occluded>no</occluded><attributes></attributes><parts><hasparts></hasparts><ispartof></ispartof></parts><date>04-11-20 21:02:49:278</date><id>0</id><type>bounding_box</type><polygon><username>anonymous</username><pt><x>375</x><y>685</y><time>04-11-20 21:02:45:779</time></pt><pt><x>4198</x><y>685</y><time>04-11-20 21:02:46:978</time></pt><pt><x>4198</x><y>2510</y><time>undefined</time></pt><pt><x>375</x><y>2510</y><time>undefined</time></pt><closed_date>04-11-20 21:02:46:979</closed_date></polygon></object></annotation>