<annotation><filename>m3_s01_010_p_ic045.jpg</filename><folder>users/joselusava//m4_js/m3/10/ic</folder><source><submittedBy>Jose Saca</submittedBy></source><imagesize><nrows>2970</nrows><ncols>4451</ncols></imagesize><object><name>m3_s01_010_p_ic045</name><deleted>0</deleted><verified>0</verified><occluded>no</occluded><attributes></attributes><parts><hasparts></hasparts><ispartof></ispartof></parts><date>29-10-20 12:44:51:979</date><id>0</id><type>bounding_box</type><polygon><username>anonymous</username><pt><x>3855</x><y>2630</y><time>29-10-20 12:44:48:542</time></pt><pt><x>426</x><y>2630</y><time>29-10-20 12:44:51:213</time></pt><pt><x>426</x><y>160</y><time>undefined</time></pt><pt><x>3855</x><y>160</y><time>undefined</time></pt><closed_date>29-10-20 12:44:51:213</closed_date></polygon></object></annotation>