<annotation><filename>img_m1_s10_303_p_nic068.jpg</filename><folder>users/joselusava//santiago</folder><source><submittedBy>Jose Saca</submittedBy></source><imagesize><nrows>3200</nrows><ncols>4800</ncols></imagesize><object><name>m1_s10_303_p_nic068</name><deleted>0</deleted><verified>0</verified><occluded>no</occluded><attributes></attributes><parts><hasparts></hasparts><ispartof></ispartof></parts><date>01-09-20 22:21:33:675</date><id>0</id><type>bounding_box</type><polygon><username>anonymous</username><pt><x>2404</x><y>2221</y><time>01-09-20 22:21:25:463</time></pt><pt><x>3096</x><y>2221</y><time>01-09-20 22:21:26:955</time></pt><pt><x>3096</x><y>2937</y><time>undefined</time></pt><pt><x>2404</x><y>2937</y><time>undefined</time></pt><closed_date>01-09-20 22:21:26:956</closed_date></polygon></object></annotation>