<annotation><filename>m4_s07_105_p_ic008.jpg</filename><folder>users/joselusava//kath/m4_105</folder><source><submittedBy>Jose Saca</submittedBy></source><imagesize><nrows>2970</nrows><ncols>4451</ncols></imagesize><object><name>m4_s07_105_p_ic008</name><deleted>0</deleted><verified>0</verified><occluded>no</occluded><attributes></attributes><parts><hasparts></hasparts><ispartof></ispartof></parts><date>25-10-20 09:08:06:490</date><id>0</id><type>bounding_box</type><polygon><username>anonymous</username><pt><x>1842</x><y>405</y><time>25-10-20 09:08:00:565</time></pt><pt><x>2829</x><y>405</y><time>25-10-20 09:08:02:079</time></pt><pt><x>2829</x><y>2622</y><time>undefined</time></pt><pt><x>1842</x><y>2622</y><time>undefined</time></pt><closed_date>25-10-20 09:08:02:080</closed_date></polygon></object></annotation>