<annotation><filename>m3_s01_023_p_ic095.jpg</filename><folder>users/joselusava//santiago_3</folder><source><submittedBy>Jose Saca</submittedBy></source><imagesize><nrows>2970</nrows><ncols>4451</ncols></imagesize><object><name>m3_s01_023_p_ic095</name><deleted>0</deleted><verified>0</verified><occluded>no</occluded><attributes></attributes><parts><hasparts></hasparts><ispartof></ispartof></parts><date>04-11-20 21:10:09:944</date><id>0</id><type>bounding_box</type><polygon><username>anonymous</username><pt><x>446</x><y>618</y><time>04-11-20 21:10:06:553</time></pt><pt><x>4137</x><y>618</y><time>04-11-20 21:10:08:055</time></pt><pt><x>4137</x><y>2263</y><time>undefined</time></pt><pt><x>446</x><y>2263</y><time>undefined</time></pt><closed_date>04-11-20 21:10:08:055</closed_date></polygon></object></annotation>