<annotation><filename>m2_s01_058_p_ic004.jpg</filename><folder>users/joselusava//m2_jsv/58/ic</folder><source><submittedBy>Jose Saca</submittedBy></source><imagesize><nrows>2850</nrows><ncols>4271</ncols></imagesize><object><name>m2_s01_058_p_ic004</name><deleted>0</deleted><verified>0</verified><occluded>no</occluded><attributes></attributes><parts><hasparts></hasparts><ispartof></ispartof></parts><date>29-09-20 12:59:35:933</date><id>0</id><type>bounding_box</type><polygon><username>anonymous</username><pt><x>161</x><y>204</y><time>29-09-20 12:59:33:011</time></pt><pt><x>4093</x><y>204</y><time>29-09-20 12:59:35:026</time></pt><pt><x>4093</x><y>2743</y><time>undefined</time></pt><pt><x>161</x><y>2743</y><time>undefined</time></pt><closed_date>29-09-20 12:59:35:026</closed_date></polygon></object></annotation>