<annotation><filename>m1_s01_020_x.jpg</filename><folder>users/joselusava//santiago</folder><source><submittedBy>Jose Saca</submittedBy></source><imagesize><nrows>3200</nrows><ncols>4800</ncols></imagesize><object><name>m1_s01_020_x</name><deleted>0</deleted><verified>0</verified><occluded>no</occluded><attributes></attributes><parts><hasparts></hasparts><ispartof></ispartof></parts><date>09-09-20 19:09:35:901</date><id>0</id><type>bounding_box</type><polygon><username>anonymous</username><pt><x>1584</x><y>1292</y><time>09-09-20 19:09:24:040</time></pt><pt><x>3178</x><y>1292</y><time>09-09-20 19:09:26:127</time></pt><pt><x>3178</x><y>2289</y><time>undefined</time></pt><pt><x>1584</x><y>2289</y><time>undefined</time></pt><closed_date>09-09-20 19:09:26:128</closed_date></polygon></object></annotation>