<annotation><filename>m4_s06_089_p_ic069.jpg</filename><folder>users/joselusava//santiago_2</folder><source><submittedBy>Jose Saca</submittedBy></source><imagesize><nrows>2970</nrows><ncols>4451</ncols></imagesize><object><name>m4_s06_089_p_ic069</name><deleted>0</deleted><verified>0</verified><occluded>no</occluded><attributes></attributes><parts><hasparts></hasparts><ispartof></ispartof></parts><date>11-10-20 19:01:28:025</date><id>0</id><type>bounding_box</type><polygon><username>anonymous</username><pt><x>1213</x><y>152</y><time>11-10-20 19:01:24:347</time></pt><pt><x>3065</x><y>152</y><time>11-10-20 19:01:26:069</time></pt><pt><x>3065</x><y>2461</y><time>undefined</time></pt><pt><x>1213</x><y>2461</y><time>undefined</time></pt><closed_date>11-10-20 19:01:26:070</closed_date></polygon></object></annotation>