<annotation><filename>m4_s03_025_p_nic089.jpg</filename><folder>users/joselusava//santiago_3</folder><source><submittedBy>Jose Saca</submittedBy></source><imagesize><nrows>2910</nrows><ncols>4361</ncols></imagesize><object><name>m4_s03_025_p_nic089</name><deleted>0</deleted><verified>0</verified><occluded>no</occluded><attributes></attributes><parts><hasparts></hasparts><ispartof></ispartof></parts><date>08-11-20 14:27:43:564</date><id>0</id><type>bounding_box</type><polygon><username>anonymous</username><pt><x>192</x><y>745</y><time>08-11-20 14:27:40:185</time></pt><pt><x>2725</x><y>745</y><time>08-11-20 14:27:41:663</time></pt><pt><x>2725</x><y>2071</y><time>undefined</time></pt><pt><x>192</x><y>2071</y><time>undefined</time></pt><closed_date>08-11-20 14:27:41:663</closed_date></polygon></object></annotation>