<annotation><filename>m4_s04_046_x.jpg</filename><folder>users/joselusava//kath/m4_x</folder><source><submittedBy>Jose Saca</submittedBy></source><imagesize><nrows>2970</nrows><ncols>4451</ncols></imagesize><object><name>m4_s04_046_x</name><deleted>0</deleted><verified>0</verified><occluded>no</occluded><attributes></attributes><parts><hasparts></hasparts><ispartof></ispartof></parts><date>20-10-20 09:20:05:867</date><id>0</id><polygon><username>anonymous</username><pt><x>1144</x><y>601</y><time>20-10-20 09:19:58:902</time></pt><pt><x>1278</x><y>2451</y><time>20-10-20 09:20:00:036</time></pt><pt><x>3105</x><y>2355</y><time>20-10-20 09:20:01:253</time></pt><pt><x>3278</x><y>582</y><time>20-10-20 09:20:02:035</time></pt><closed_date>20-10-20 09:20:03:482</closed_date></polygon></object></annotation>