<annotation><filename>m4_s07_105_p_ic055.jpg</filename><folder>users/joselusava//kath/m4_105</folder><source><submittedBy>Jose Saca</submittedBy></source><imagesize><nrows>2970</nrows><ncols>4451</ncols></imagesize><object><name>m4_s07_105_p_ic055</name><deleted>0</deleted><verified>0</verified><occluded>no</occluded><attributes></attributes><parts><hasparts></hasparts><ispartof></ispartof></parts><date>29-10-20 08:25:20:528</date><id>0</id><type>bounding_box</type><polygon><username>anonymous</username><pt><x>1701</x><y>2759</y><time>29-10-20 08:25:14:564</time></pt><pt><x>3013</x><y>2759</y><time>29-10-20 08:25:17:390</time></pt><pt><x>3013</x><y>279</y><time>undefined</time></pt><pt><x>1701</x><y>279</y><time>undefined</time></pt><closed_date>29-10-20 08:25:17:390</closed_date></polygon></object></annotation>