<annotation><filename>m4_s11_176_p_nic055.jpg</filename><folder>users/joselusava//m4_js/176/nic</folder><source><submittedBy>Jose Saca</submittedBy></source><imagesize><nrows>2970</nrows><ncols>4451</ncols></imagesize><object><name>m4_s11_176_p_nic055</name><deleted>0</deleted><verified>0</verified><occluded>no</occluded><attributes></attributes><parts><hasparts></hasparts><ispartof></ispartof></parts><date>15-10-20 11:50:59:071</date><id>0</id><type>bounding_box</type><polygon><username>anonymous</username><pt><x>2000</x><y>2212</y><time>15-10-20 11:50:57:405</time></pt><pt><x>9</x><y>2212</y><time>15-10-20 11:50:58:526</time></pt><pt><x>9</x><y>664</y><time>undefined</time></pt><pt><x>2000</x><y>664</y><time>undefined</time></pt><closed_date>15-10-20 11:50:58:526</closed_date></polygon></object></annotation>