<annotation><filename>m1_s01_017_p_ic017.jpg</filename><folder>users/joselusava//santiago</folder><source><submittedBy>Jose Saca</submittedBy></source><imagesize><nrows>3200</nrows><ncols>4800</ncols></imagesize><object><name>m1_s01_017_p_ic017</name><deleted>0</deleted><verified>0</verified><occluded>no</occluded><attributes></attributes><parts><hasparts></hasparts><ispartof></ispartof></parts><date>10-09-20 14:17:48:409</date><id>0</id><type>bounding_box</type><polygon><username>anonymous</username><pt><x>1728</x><y>1037</y><time>10-09-20 14:17:38:132</time></pt><pt><x>3175</x><y>1037</y><time>10-09-20 14:17:41:513</time></pt><pt><x>3175</x><y>2091</y><time>undefined</time></pt><pt><x>1728</x><y>2091</y><time>undefined</time></pt><closed_date>10-09-20 14:17:41:514</closed_date></polygon></object></annotation>