<annotation><filename>m4_s02_015_p_nic031.jpg</filename><folder>users/joselusava//m4_js/15nic</folder><source><submittedBy>Jose Saca</submittedBy></source><imagesize><nrows>2910</nrows><ncols>4361</ncols></imagesize><object><name>m4_s02_015_p_nic031</name><deleted>0</deleted><verified>0</verified><occluded>no</occluded><attributes></attributes><parts><hasparts></hasparts><ispartof></ispartof></parts><date>06-10-20 19:45:50:069</date><id>0</id><type>bounding_box</type><polygon><username>anonymous</username><pt><x>740</x><y>2820</y><time>06-10-20 19:45:48:017</time></pt><pt><x>2315</x><y>2820</y><time>06-10-20 19:45:49:473</time></pt><pt><x>2315</x><y>1393</y><time>undefined</time></pt><pt><x>740</x><y>1393</y><time>undefined</time></pt><closed_date>06-10-20 19:45:49:474</closed_date></polygon></object></annotation>