<annotation><filename>m1_s02_029_p_ic024.jpg</filename><folder>users/joselusava//valeria/sala2_029_ic</folder><source><submittedBy>Jose Saca</submittedBy></source><imagesize><nrows>3200</nrows><ncols>4800</ncols></imagesize><object><name>m1_s02_029_p_ic024</name><deleted>0</deleted><verified>0</verified><occluded>no</occluded><attributes></attributes><parts><hasparts></hasparts><ispartof></ispartof></parts><date>22-08-20 18:30:25:151</date><id>0</id><type>bounding_box</type><polygon><username>anonymous</username><pt><x>1407</x><y>231</y><time>22-08-20 18:30:01:705</time></pt><pt><x>3742</x><y>231</y><time>22-08-20 18:30:07:753</time></pt><pt><x>3742</x><y>2830</y><time>undefined</time></pt><pt><x>1407</x><y>2830</y><time>undefined</time></pt><closed_date>22-08-20 18:30:07:755</closed_date></polygon></object></annotation>