<annotation><filename>m4_s05_056_x.jpg</filename><folder>users/joselusava//kath/m4_x</folder><source><submittedBy>Jose Saca</submittedBy></source><imagesize><nrows>2910</nrows><ncols>4361</ncols></imagesize><object><name>m4_s05_056_x</name><deleted>0</deleted><verified>0</verified><occluded>no</occluded><attributes></attributes><parts><hasparts></hasparts><ispartof></ispartof></parts><date>20-10-20 09:26:42:900</date><id>0</id><polygon><username>anonymous</username><pt><x>786</x><y>556</y><time>20-10-20 09:26:35:607</time></pt><pt><x>612</x><y>2547</y><time>20-10-20 09:26:36:837</time></pt><pt><x>3663</x><y>2538</y><time>20-10-20 09:26:38:098</time></pt><pt><x>3442</x><y>480</y><time>20-10-20 09:26:39:175</time></pt><closed_date>20-10-20 09:26:40:418</closed_date></polygon></object></annotation>