<annotation><filename>m2_s06_244_p_ic091.jpg</filename><folder>users/joselusava//museos2020</folder><source><submittedBy>Jose Saca</submittedBy></source><imagesize><nrows>2910</nrows><ncols>4361</ncols></imagesize><object><name>m2_s06_244_p_ic091</name><deleted>0</deleted><verified>0</verified><occluded>no</occluded><attributes></attributes><parts><hasparts></hasparts><ispartof></ispartof></parts><date>23-09-20 09:25:11:321</date><id>0</id><type>bounding_box</type><polygon><username>anonymous</username><pt><x>373</x><y>767</y><time>23-09-20 09:25:02:208</time></pt><pt><x>3584</x><y>767</y><time>23-09-20 09:25:03:915</time></pt><pt><x>3584</x><y>2630</y><time>undefined</time></pt><pt><x>373</x><y>2630</y><time>undefined</time></pt><closed_date>23-09-20 09:25:03:917</closed_date></polygon></object></annotation>