<annotation><filename>m1_s01_005_p_nic018.jpg</filename><folder>users/joselusava//museos2020</folder><source><submittedBy>Jose Saca</submittedBy></source><imagesize><nrows>2000</nrows><ncols>2992</ncols></imagesize><object><name>m1_s01_005_p_nic018</name><deleted>0</deleted><verified>0</verified><occluded>no</occluded><attributes></attributes><parts><hasparts></hasparts><ispartof></ispartof></parts><date>13-09-20 22:53:24:342</date><id>0</id><type>bounding_box</type><polygon><username>anonymous</username><pt><x>2096</x><y>987</y><time>13-09-20 22:53:12:242</time></pt><pt><x>2524</x><y>987</y><time>13-09-20 22:53:13:233</time></pt><pt><x>2524</x><y>1412</y><time>undefined</time></pt><pt><x>2096</x><y>1412</y><time>undefined</time></pt><closed_date>13-09-20 22:53:13:233</closed_date></polygon></object></annotation>