<annotation><filename>m4_s11_178_p_nic044.jpg</filename><folder>users/joselusava//santiago_2</folder><source><submittedBy>Jose Saca</submittedBy></source><imagesize><nrows>2970</nrows><ncols>4451</ncols></imagesize><object><name>m4_s11_178_p_nic044</name><deleted>0</deleted><verified>0</verified><occluded>no</occluded><attributes></attributes><parts><hasparts></hasparts><ispartof></ispartof></parts><date>16-10-20 09:25:16:444</date><id>0</id><type>bounding_box</type><polygon><username>anonymous</username><pt><x>2749</x><y>1396</y><time>16-10-20 09:25:12:178</time></pt><pt><x>4034</x><y>1396</y><time>16-10-20 09:25:14:618</time></pt><pt><x>4034</x><y>2756</y><time>undefined</time></pt><pt><x>2749</x><y>2756</y><time>undefined</time></pt><closed_date>16-10-20 09:25:14:620</closed_date></polygon></object></annotation>