<annotation><filename>m2_s01_034_p_nic017.jpg</filename><folder>users/joselusava//kath</folder><source><submittedBy>Jose Saca</submittedBy></source><imagesize><nrows>2850</nrows><ncols>4271</ncols></imagesize><object><name>m2_s01_034_p_nic017</name><deleted>0</deleted><verified>0</verified><occluded>no</occluded><attributes></attributes><parts><hasparts></hasparts><ispartof></ispartof></parts><date>25-09-20 17:35:40:244</date><id>0</id><type>bounding_box</type><polygon><username>anonymous</username><pt><x>2170</x><y>1053</y><time>25-09-20 17:35:34:887</time></pt><pt><x>3136</x><y>1053</y><time>25-09-20 17:35:37:396</time></pt><pt><x>3136</x><y>2564</y><time>undefined</time></pt><pt><x>2170</x><y>2564</y><time>undefined</time></pt><closed_date>25-09-20 17:35:37:396</closed_date></polygon></object></annotation>