<annotation><filename>m2_s01_054_p_nic017.jpg</filename><folder>users/joselusava//kath</folder><source><submittedBy>Jose Saca</submittedBy></source><imagesize><nrows>2850</nrows><ncols>4271</ncols></imagesize><object><name>m2_s01_054_p_nic017</name><deleted>0</deleted><verified>0</verified><occluded>no</occluded><attributes></attributes><parts><hasparts></hasparts><ispartof></ispartof></parts><date>30-09-20 11:09:05:828</date><id>0</id><type>bounding_box</type><polygon><username>anonymous</username><pt><x>1558</x><y>1657</y><time>30-09-20 11:09:01:545</time></pt><pt><x>751</x><y>1657</y><time>30-09-20 11:09:03:237</time></pt><pt><x>751</x><y>2646</y><time>undefined</time></pt><pt><x>1558</x><y>2646</y><time>undefined</time></pt><closed_date>30-09-20 11:09:03:237</closed_date></polygon></object></annotation>