<annotation><filename>m4_s04_045_p_nic033.jpg</filename><folder>users/joselusava//valeria/m04_s04_45_nic</folder><source><submittedBy>Jose Saca</submittedBy></source><imagesize><nrows>2970</nrows><ncols>4451</ncols></imagesize><object><name>m4_s04_045_p_nic033</name><deleted>0</deleted><verified>0</verified><occluded>no</occluded><attributes></attributes><parts><hasparts></hasparts><ispartof></ispartof></parts><date>20-10-20 14:24:01:865</date><id>0</id><type>bounding_box</type><polygon><username>anonymous</username><pt><x>3444</x><y>2707</y><time>20-10-20 14:23:56:287</time></pt><pt><x>4244</x><y>2707</y><time>20-10-20 14:23:58:029</time></pt><pt><x>4244</x><y>1634</y><time>undefined</time></pt><pt><x>3444</x><y>1634</y><time>undefined</time></pt><closed_date>20-10-20 14:23:58:030</closed_date></polygon></object></annotation>