<annotation><filename>m4_s10_164_p_nic054.jpg</filename><folder>users/joselusava//santiago_2</folder><source><submittedBy>Jose Saca</submittedBy></source><imagesize><nrows>2970</nrows><ncols>4451</ncols></imagesize><object><name>m4_s10_164_p_nic054</name><deleted>0</deleted><verified>0</verified><occluded>no</occluded><attributes></attributes><parts><hasparts></hasparts><ispartof></ispartof></parts><date>14-10-20 11:29:42:379</date><id>0</id><type>bounding_box</type><polygon><username>anonymous</username><pt><x>1342</x><y>1863</y><time>14-10-20 11:29:38:788</time></pt><pt><x>1835</x><y>1863</y><time>14-10-20 11:29:39:710</time></pt><pt><x>1835</x><y>2534</y><time>undefined</time></pt><pt><x>1342</x><y>2534</y><time>undefined</time></pt><closed_date>14-10-20 11:29:39:710</closed_date></polygon></object></annotation>