<annotation><filename>m3_s01_002_p_nic067.jpg</filename><folder>users/joselusava//santiago_3</folder><source><submittedBy>Jose Saca</submittedBy></source><imagesize><nrows>2970</nrows><ncols>4451</ncols></imagesize><object><name>m3_s01_002_p_nic067</name><deleted>0</deleted><verified>0</verified><occluded>no</occluded><attributes></attributes><parts><hasparts></hasparts><ispartof></ispartof></parts><date>29-10-20 20:57:59:402</date><id>0</id><type>bounding_box</type><polygon><username>anonymous</username><pt><x>635</x><y>343</y><time>29-10-20 20:57:56:439</time></pt><pt><x>2463</x><y>343</y><time>29-10-20 20:57:57:414</time></pt><pt><x>2463</x><y>1938</y><time>undefined</time></pt><pt><x>635</x><y>1938</y><time>undefined</time></pt><closed_date>29-10-20 20:57:57:414</closed_date></polygon></object></annotation>