<annotation><filename>m4_s04_045_p_ic007.jpg</filename><folder>users/joselusava//valeria/m04_s04_45_ic</folder><source><submittedBy>Jose Saca</submittedBy></source><imagesize><nrows>2970</nrows><ncols>4451</ncols></imagesize><object><name>m4_s04_045_p_ic007</name><deleted>0</deleted><verified>0</verified><occluded>no</occluded><attributes></attributes><parts><hasparts></hasparts><ispartof></ispartof></parts><date>19-10-20 18:56:00:059</date><id>0</id><type>bounding_box</type><polygon><username>anonymous</username><pt><x>1828</x><y>2153</y><time>19-10-20 18:55:55:231</time></pt><pt><x>2667</x><y>2153</y><time>19-10-20 18:55:56:802</time></pt><pt><x>2667</x><y>651</y><time>undefined</time></pt><pt><x>1828</x><y>651</y><time>undefined</time></pt><closed_date>19-10-20 18:55:56:803</closed_date></polygon></object></annotation>