<annotation><filename>m1_s06_168_p_nic076.jpg</filename><folder>users/joselusava//jacob_2/168nic</folder><source><submittedBy>Jose Saca</submittedBy></source><imagesize><nrows>2736</nrows><ncols>4100</ncols></imagesize><object><name>m1_s06_168_p_nic076</name><deleted>0</deleted><verified>0</verified><occluded>no</occluded><attributes></attributes><parts><hasparts></hasparts><ispartof></ispartof></parts><date>09-09-20 10:55:43:836</date><id>0</id><type>bounding_box</type><polygon><username>anonymous</username><pt><x>3331</x><y>2414</y><time>09-09-20 10:55:40:548</time></pt><pt><x>2471</x><y>2414</y><time>09-09-20 10:55:42:932</time></pt><pt><x>2471</x><y>1007</y><time>undefined</time></pt><pt><x>3331</x><y>1007</y><time>undefined</time></pt><closed_date>09-09-20 10:55:42:933</closed_date></polygon></object></annotation>