<annotation><filename>m4_s09_138_p_ic004.jpg</filename><folder>users/joselusava//santiago_2</folder><source><submittedBy>Jose Saca</submittedBy></source><imagesize><nrows>2970</nrows><ncols>4451</ncols></imagesize><object><name>m4_s09_138_p_ic004</name><deleted>0</deleted><verified>0</verified><occluded>no</occluded><attributes></attributes><parts><hasparts></hasparts><ispartof></ispartof></parts><date>22-10-20 13:46:30:126</date><id>0</id><type>bounding_box</type><polygon><username>anonymous</username><pt><x>1456</x><y>603</y><time>22-10-20 13:46:26:919</time></pt><pt><x>3352</x><y>603</y><time>22-10-20 13:46:28:108</time></pt><pt><x>3352</x><y>2220</y><time>undefined</time></pt><pt><x>1456</x><y>2220</y><time>undefined</time></pt><closed_date>22-10-20 13:46:28:109</closed_date></polygon></object></annotation>