<annotation><filename>m1_s01_004_p_ic026.jpg</filename><folder>users/joselusava//valeria_apoyo/sala001_004ic_ok</folder><source><submittedBy>Jose Saca</submittedBy></source><imagesize><nrows>2000</nrows><ncols>2992</ncols></imagesize><object><name>m1_s01_004_p_ic026</name><deleted>0</deleted><verified>0</verified><occluded>no</occluded><attributes></attributes><parts><hasparts></hasparts><ispartof></ispartof></parts><date>15-09-20 22:48:44:563</date><id>0</id><type>bounding_box</type><polygon><username>anonymous</username><pt><x>2409</x><y>413</y><time>15-09-20 22:48:34:799</time></pt><pt><x>398</x><y>413</y><time>15-09-20 22:48:40:811</time></pt><pt><x>398</x><y>1811</y><time>undefined</time></pt><pt><x>2409</x><y>1811</y><time>undefined</time></pt><closed_date>15-09-20 22:48:40:812</closed_date></polygon></object></annotation>