<annotation><filename>m4_s06_089_p_nic068.jpg</filename><folder>users/joselusava//santiago_2</folder><source><submittedBy>Jose Saca</submittedBy></source><imagesize><nrows>2970</nrows><ncols>4451</ncols></imagesize><object><name>m4_s06_089_p_nic068</name><deleted>0</deleted><verified>0</verified><occluded>no</occluded><attributes></attributes><parts><hasparts></hasparts><ispartof></ispartof></parts><date>12-10-20 21:58:53:235</date><id>0</id><type>bounding_box</type><polygon><username>anonymous</username><pt><x>2099</x><y>282</y><time>12-10-20 21:58:49:091</time></pt><pt><x>3099</x><y>282</y><time>12-10-20 21:58:50:587</time></pt><pt><x>3099</x><y>2042</y><time>undefined</time></pt><pt><x>2099</x><y>2042</y><time>undefined</time></pt><closed_date>12-10-20 21:58:50:587</closed_date></polygon></object></annotation>