<annotation><filename>m1_s02_052_p_nic094.jpg</filename><folder>users/joselusava//valeria/sala2_052_nic</folder><source><submittedBy>Jose Saca</submittedBy></source><imagesize><nrows>3200</nrows><ncols>4800</ncols></imagesize><object><name>m1_s02_052_p_nic094</name><deleted>0</deleted><verified>0</verified><occluded>no</occluded><attributes></attributes><parts><hasparts></hasparts><ispartof></ispartof></parts><date>27-08-20 17:57:49:656</date><id>0</id><type>bounding_box</type><polygon><username>anonymous</username><pt><x>3372</x><y>75</y><time>27-08-20 17:57:43:700</time></pt><pt><x>2013</x><y>75</y><time>27-08-20 17:57:46:491</time></pt><pt><x>2013</x><y>1471</y><time>undefined</time></pt><pt><x>3372</x><y>1471</y><time>undefined</time></pt><closed_date>27-08-20 17:57:46:492</closed_date></polygon></object></annotation>