<annotation><filename>m4_s11_178_p_nic075.jpg</filename><folder>users/joselusava//santiago_2</folder><source><submittedBy>Jose Saca</submittedBy></source><imagesize><nrows>2970</nrows><ncols>4451</ncols></imagesize><object><name>m4_s11_178_p_nic075</name><deleted>0</deleted><verified>0</verified><occluded>no</occluded><attributes></attributes><parts><hasparts></hasparts><ispartof></ispartof></parts><date>16-10-20 11:35:19:541</date><id>0</id><type>bounding_box</type><polygon><username>anonymous</username><pt><x>685</x><y>721</y><time>16-10-20 11:35:07:527</time></pt><pt><x>1606</x><y>721</y><time>16-10-20 11:35:08:788</time></pt><pt><x>1606</x><y>1921</y><time>undefined</time></pt><pt><x>685</x><y>1921</y><time>undefined</time></pt><closed_date>16-10-20 11:35:08:788</closed_date></polygon></object></annotation>