<annotation><filename>img_m1_s10_303_p_nic071.jpg</filename><folder>users/joselusava//santiago</folder><source><submittedBy>Jose Saca</submittedBy></source><imagesize><nrows>3200</nrows><ncols>4800</ncols></imagesize><object><name>m1_s10_303_p_nic071</name><deleted>0</deleted><verified>0</verified><occluded>no</occluded><attributes></attributes><parts><hasparts></hasparts><ispartof></ispartof></parts><date>01-09-20 22:25:29:655</date><id>0</id><type>bounding_box</type><polygon><username>anonymous</username><pt><x>3488</x><y>2192</y><time>01-09-20 22:25:21:934</time></pt><pt><x>4208</x><y>2192</y><time>01-09-20 22:25:23:265</time></pt><pt><x>4208</x><y>2916</y><time>undefined</time></pt><pt><x>3488</x><y>2916</y><time>undefined</time></pt><closed_date>01-09-20 22:25:23:266</closed_date></polygon></object></annotation>