<annotation><filename>m2_s06_244_p_ic064.jpg</filename><folder>users/joselusava//museos2020</folder><source><submittedBy>Jose Saca</submittedBy></source><imagesize><nrows>2910</nrows><ncols>4361</ncols></imagesize><object><name>m2_s06_244_p_ic064</name><deleted>0</deleted><verified>0</verified><occluded>no</occluded><attributes></attributes><parts><hasparts></hasparts><ispartof></ispartof></parts><date>22-09-20 14:39:16:994</date><id>0</id><type>bounding_box</type><polygon><username>anonymous</username><pt><x>946</x><y>1025</y><time>22-09-20 14:39:06:930</time></pt><pt><x>3913</x><y>1025</y><time>22-09-20 14:39:08:829</time></pt><pt><x>3913</x><y>2258</y><time>undefined</time></pt><pt><x>946</x><y>2258</y><time>undefined</time></pt><closed_date>22-09-20 14:39:08:830</closed_date></polygon></object></annotation>