<annotation><filename>m4_s04_047_p_ic054.jpg</filename><folder>users/joselusava//kath/kath_m4_047</folder><source><submittedBy>Jose Saca</submittedBy></source><imagesize><nrows>2970</nrows><ncols>4451</ncols></imagesize><object><name>m4_s04_047_p_ic054</name><deleted>0</deleted><verified>0</verified><occluded>no</occluded><attributes></attributes><parts><hasparts></hasparts><ispartof></ispartof></parts><date>24-10-20 14:15:24:174</date><id>0</id><type>bounding_box</type><polygon><username>anonymous</username><pt><x>1515</x><y>297</y><time>24-10-20 14:15:19:745</time></pt><pt><x>2666</x><y>297</y><time>24-10-20 14:15:21:790</time></pt><pt><x>2666</x><y>2844</y><time>undefined</time></pt><pt><x>1515</x><y>2844</y><time>undefined</time></pt><closed_date>24-10-20 14:15:21:792</closed_date></polygon></object></annotation>