<annotation><filename>m4_s02_021_p_nic096.jpg</filename><folder>users/joselusava//santiago_2</folder><source><submittedBy>Jose Saca</submittedBy></source><imagesize><nrows>2910</nrows><ncols>4361</ncols></imagesize><object><name>m4_s02_021_p_nic096</name><deleted>0</deleted><verified>0</verified><occluded>no</occluded><attributes></attributes><parts><hasparts></hasparts><ispartof></ispartof></parts><date>05-10-20 12:01:15:923</date><id>0</id><type>bounding_box</type><polygon><username>anonymous</username><pt><x>658</x><y>381</y><time>05-10-20 12:01:12:263</time></pt><pt><x>1971</x><y>381</y><time>05-10-20 12:01:13:513</time></pt><pt><x>1971</x><y>2328</y><time>undefined</time></pt><pt><x>658</x><y>2328</y><time>undefined</time></pt><closed_date>05-10-20 12:01:13:513</closed_date></polygon></object></annotation>