<annotation><filename>img_m1_s03-04_101_p.jpg</filename><folder>users/joselusava//valeria/sala3y4_101_ic</folder><source><submittedBy>Jose Saca</submittedBy></source><imagesize><nrows>3200</nrows><ncols>4800</ncols></imagesize><object><name>m1_s03_s04_101_p</name><deleted>0</deleted><verified>0</verified><occluded>no</occluded><attributes></attributes><parts><hasparts></hasparts><ispartof></ispartof></parts><date>28-08-20 22:14:07:192</date><id>0</id><type>bounding_box</type><polygon><username>anonymous</username><pt><x>446</x><y>161</y><time>28-08-20 22:13:51:877</time></pt><pt><x>4703</x><y>161</y><time>28-08-20 22:13:56:673</time></pt><pt><x>4703</x><y>2985</y><time>undefined</time></pt><pt><x>446</x><y>2985</y><time>undefined</time></pt><closed_date>28-08-20 22:13:56:675</closed_date></polygon></object></annotation>