<annotation><filename>m2_s02_085_p_ic060.jpg</filename><folder>users/joselusava//juancarlos</folder><source><submittedBy>Jose Saca</submittedBy></source><imagesize><nrows>2910</nrows><ncols>4361</ncols></imagesize><object><name>m2_s02_085_p_ic060</name><deleted>0</deleted><verified>0</verified><occluded>no</occluded><attributes></attributes><parts><hasparts></hasparts><ispartof></ispartof></parts><date>01-10-20 07:41:13:591</date><id>0</id><type>bounding_box</type><polygon><username>anonymous</username><pt><x>1664</x><y>902</y><time>01-10-20 07:41:06:182</time></pt><pt><x>2608</x><y>902</y><time>01-10-20 07:41:08:213</time></pt><pt><x>2608</x><y>2380</y><time>undefined</time></pt><pt><x>1664</x><y>2380</y><time>undefined</time></pt><closed_date>01-10-20 07:41:08:214</closed_date></polygon></object></annotation>