<annotation><filename>m4_s09_138_p_nic089.jpg</filename><folder>users/joselusava//santiago_2</folder><source><submittedBy>Jose Saca</submittedBy></source><imagesize><nrows>2970</nrows><ncols>4451</ncols></imagesize><object><name>m4_s09_138_p_nic089</name><deleted>0</deleted><verified>0</verified><occluded>no</occluded><attributes></attributes><parts><hasparts></hasparts><ispartof></ispartof></parts><date>23-10-20 14:33:27:322</date><id>0</id><type>bounding_box</type><polygon><username>anonymous</username><pt><x>1007</x><y>1449</y><time>23-10-20 14:33:24:412</time></pt><pt><x>3673</x><y>1449</y><time>23-10-20 14:33:25:700</time></pt><pt><x>3673</x><y>2770</y><time>undefined</time></pt><pt><x>1007</x><y>2770</y><time>undefined</time></pt><closed_date>23-10-20 14:33:25:700</closed_date></polygon></object></annotation>