<annotation><filename>m4_s05_055_p_nic021.jpg</filename><folder>users/joselusava//valeria/m4_s05_055_nic</folder><source><submittedBy>Jose Saca</submittedBy></source><imagesize><nrows>2910</nrows><ncols>4361</ncols></imagesize><object><name>m4_s05_055_p_nic021</name><deleted>0</deleted><verified>0</verified><occluded>no</occluded><attributes></attributes><parts><hasparts></hasparts><ispartof></ispartof></parts><date>09-10-20 16:36:22:365</date><id>0</id><type>bounding_box</type><polygon><username>anonymous</username><pt><x>2375</x><y>2789</y><time>09-10-20 16:36:14:133</time></pt><pt><x>816</x><y>2789</y><time>09-10-20 16:36:16:355</time></pt><pt><x>816</x><y>1273</y><time>undefined</time></pt><pt><x>2375</x><y>1273</y><time>undefined</time></pt><closed_date>09-10-20 16:36:16:356</closed_date></polygon></object></annotation>