<annotation><filename>m3_s01_023_p_nic017.jpg</filename><folder>users/joselusava//santiago_3</folder><source><submittedBy>Jose Saca</submittedBy></source><imagesize><nrows>2970</nrows><ncols>4451</ncols></imagesize><object><name>m3_s01_023_p_nic017</name><deleted>0</deleted><verified>0</verified><occluded>no</occluded><attributes></attributes><parts><hasparts></hasparts><ispartof></ispartof></parts><date>06-11-20 08:57:24:985</date><id>0</id><type>bounding_box</type><polygon><username>anonymous</username><pt><x>225</x><y>989</y><time>06-11-20 08:57:21:764</time></pt><pt><x>2777</x><y>989</y><time>06-11-20 08:57:23:080</time></pt><pt><x>2777</x><y>2745</y><time>undefined</time></pt><pt><x>225</x><y>2745</y><time>undefined</time></pt><closed_date>06-11-20 08:57:23:082</closed_date></polygon></object></annotation>