<annotation><filename>m4_s02_015_p_nic060.jpg</filename><folder>users/joselusava//m4_js/15nic</folder><source><submittedBy>Jose Saca</submittedBy></source><imagesize><nrows>2910</nrows><ncols>4361</ncols></imagesize><object><name>m4_s02_015_p_nic060</name><deleted>0</deleted><verified>0</verified><occluded>no</occluded><attributes></attributes><parts><hasparts></hasparts><ispartof></ispartof></parts><date>06-10-20 20:05:50:544</date><id>0</id><type>bounding_box</type><polygon><username>anonymous</username><pt><x>2263</x><y>1428</y><time>06-10-20 20:05:48:398</time></pt><pt><x>3769</x><y>1428</y><time>06-10-20 20:05:49:824</time></pt><pt><x>3769</x><y>2742</y><time>undefined</time></pt><pt><x>2263</x><y>2742</y><time>undefined</time></pt><closed_date>06-10-20 20:05:49:824</closed_date></polygon></object></annotation>