<annotation><filename>m1_s02_052_p_nic030.jpg</filename><folder>users/joselusava//valeria/sala2_052_nic</folder><source><submittedBy>Jose Saca</submittedBy></source><imagesize><nrows>3200</nrows><ncols>4800</ncols></imagesize><object><name>m1_s02_052_p_nic030</name><deleted>0</deleted><verified>0</verified><occluded>no</occluded><attributes></attributes><parts><hasparts></hasparts><ispartof></ispartof></parts><date>27-08-20 15:09:57:255</date><id>0</id><type>bounding_box</type><polygon><username>anonymous</username><pt><x>4451</x><y>2749</y><time>27-08-20 15:09:47:711</time></pt><pt><x>2797</x><y>2749</y><time>27-08-20 15:09:52:766</time></pt><pt><x>2797</x><y>1181</y><time>undefined</time></pt><pt><x>4451</x><y>1181</y><time>undefined</time></pt><closed_date>27-08-20 15:09:52:767</closed_date></polygon></object></annotation>