<annotation><filename>m2_s06_244_p_nic090.jpg</filename><folder>users/joselusava//museos2020</folder><source><submittedBy>Jose Saca</submittedBy></source><imagesize><nrows>2910</nrows><ncols>4361</ncols></imagesize><object><name>m2_s06_244_p_ic090</name><deleted>0</deleted><verified>0</verified><occluded>no</occluded><attributes></attributes><parts><hasparts></hasparts><ispartof></ispartof></parts><date>26-09-20 22:02:28:488</date><id>0</id><type>bounding_box</type><polygon><username>anonymous</username><pt><x>325</x><y>1065</y><time>26-09-20 22:02:17:924</time></pt><pt><x>1938</x><y>1065</y><time>26-09-20 22:02:22:606</time></pt><pt><x>1938</x><y>1766</y><time>undefined</time></pt><pt><x>325</x><y>1766</y><time>undefined</time></pt><closed_date>26-09-20 22:02:22:607</closed_date></polygon></object></annotation>