<annotation><filename>m1_s06_144_p_ic045.jpg</filename><folder>users/joselusava//jacob_2/144ic</folder><source><submittedBy>Jose Saca</submittedBy></source><imagesize><nrows>2736</nrows><ncols>4100</ncols></imagesize><object><name>m1_s06_144_p_ic045</name><deleted>0</deleted><verified>0</verified><occluded>no</occluded><attributes></attributes><parts><hasparts></hasparts><ispartof></ispartof></parts><date>07-09-20 02:39:47:888</date><id>0</id><type>bounding_box</type><polygon><username>anonymous</username><pt><x>540</x><y>74</y><time>07-09-20 02:39:43:917</time></pt><pt><x>3396</x><y>74</y><time>07-09-20 02:39:46:950</time></pt><pt><x>3396</x><y>2521</y><time>undefined</time></pt><pt><x>540</x><y>2521</y><time>undefined</time></pt><closed_date>07-09-20 02:39:46:950</closed_date></polygon></object></annotation>