<annotation><filename>m4_s10_157_p_ic056.jpg</filename><folder>users/joselusava//valeria/m04_s10_157_ic</folder><source><submittedBy>Jose Saca</submittedBy></source><imagesize><nrows>2970</nrows><ncols>4451</ncols></imagesize><object><name>m4_s10_157_p_ic056</name><deleted>0</deleted><verified>0</verified><occluded>no</occluded><attributes></attributes><parts><hasparts></hasparts><ispartof></ispartof></parts><date>12-10-20 17:46:49:050</date><id>0</id><type>bounding_box</type><polygon><username>anonymous</username><pt><x>1148</x><y>2700</y><time>12-10-20 17:46:43:154</time></pt><pt><x>3234</x><y>2700</y><time>12-10-20 17:46:45:924</time></pt><pt><x>3234</x><y>281</y><time>undefined</time></pt><pt><x>1148</x><y>281</y><time>undefined</time></pt><closed_date>12-10-20 17:46:45:925</closed_date></polygon></object></annotation>