<annotation><filename>m4_s09_138_p_nic090.jpg</filename><folder>users/joselusava//santiago_2</folder><source><submittedBy>Jose Saca</submittedBy></source><imagesize><nrows>2970</nrows><ncols>4451</ncols></imagesize><object><name>m4_s09_138_p_nic090</name><deleted>0</deleted><verified>0</verified><occluded>no</occluded><attributes></attributes><parts><hasparts></hasparts><ispartof></ispartof></parts><date>23-10-20 14:43:31:258</date><id>0</id><type>bounding_box</type><polygon><username>anonymous</username><pt><x>978</x><y>1478</y><time>23-10-20 14:43:27:752</time></pt><pt><x>3663</x><y>1478</y><time>23-10-20 14:43:28:882</time></pt><pt><x>3663</x><y>2802</y><time>undefined</time></pt><pt><x>978</x><y>2802</y><time>undefined</time></pt><closed_date>23-10-20 14:43:28:882</closed_date></polygon></object></annotation>