<annotation><filename>m1_s06_144_p_nic009.jpg</filename><folder>users/joselusava//jacob_2/144nic</folder><source><submittedBy>Jose Saca</submittedBy></source><imagesize><nrows>2736</nrows><ncols>4100</ncols></imagesize><object><name>m1_s06_144_p_nic009</name><deleted>0</deleted><verified>0</verified><occluded>no</occluded><attributes></attributes><parts><hasparts></hasparts><ispartof></ispartof></parts><date>08-09-20 01:53:25:957</date><id>0</id><type>bounding_box</type><polygon><username>anonymous</username><pt><x>344</x><y>139</y><time>08-09-20 01:53:23:765</time></pt><pt><x>2103</x><y>139</y><time>08-09-20 01:53:25:247</time></pt><pt><x>2103</x><y>1637</y><time>undefined</time></pt><pt><x>344</x><y>1637</y><time>undefined</time></pt><closed_date>08-09-20 01:53:25:247</closed_date></polygon></object></annotation>