<annotation><filename>m4_s12_186_p_ic092.jpg</filename><folder>users/joselusava//m4_js/186/ic</folder><source><submittedBy>Jose Saca</submittedBy></source><imagesize><nrows>3899</nrows><ncols>5844</ncols></imagesize><object><name>m4_s12_186_p_ic092</name><deleted>0</deleted><verified>0</verified><occluded>no</occluded><attributes></attributes><parts><hasparts></hasparts><ispartof></ispartof></parts><date>18-10-20 11:14:55:251</date><id>0</id><type>bounding_box</type><polygon><username>anonymous</username><pt><x>3616</x><y>3336</y><time>18-10-20 11:14:53:294</time></pt><pt><x>1785</x><y>3336</y><time>18-10-20 11:14:54:375</time></pt><pt><x>1785</x><y>397</y><time>undefined</time></pt><pt><x>3616</x><y>397</y><time>undefined</time></pt><closed_date>18-10-20 11:14:54:376</closed_date></polygon></object></annotation>