<annotation><filename>m2_s06_244_p_nic053.jpg</filename><folder>users/joselusava//museos2020</folder><source><submittedBy>Jose Saca</submittedBy></source><imagesize><nrows>2910</nrows><ncols>4361</ncols></imagesize><object><name>m2_s06_244_p_ic053</name><deleted>0</deleted><verified>0</verified><occluded>no</occluded><attributes></attributes><parts><hasparts></hasparts><ispartof></ispartof></parts><date>25-09-20 19:04:02:777</date><id>0</id><type>bounding_box</type><polygon><username>anonymous</username><pt><x>1548</x><y>1878</y><time>25-09-20 19:03:55:958</time></pt><pt><x>3068</x><y>1878</y><time>25-09-20 19:03:57:088</time></pt><pt><x>3068</x><y>2552</y><time>undefined</time></pt><pt><x>1548</x><y>2552</y><time>undefined</time></pt><closed_date>25-09-20 19:03:57:088</closed_date></polygon></object></annotation>