<annotation><filename>m1_s01_004_p_ic46.jpg</filename><folder>users/joselusava//valeria_apoyo/sala001_004ic_ok</folder><source><submittedBy>Jose Saca</submittedBy></source><imagesize><nrows>2000</nrows><ncols>2992</ncols></imagesize><object><name>m1_s01_004_p_ic046</name><deleted>0</deleted><verified>0</verified><occluded>no</occluded><attributes></attributes><parts><hasparts></hasparts><ispartof></ispartof></parts><date>15-09-20 23:45:15:038</date><id>0</id><type>bounding_box</type><polygon><username>anonymous</username><pt><x>4</x><y>1814</y><time>15-09-20 23:45:06:806</time></pt><pt><x>2985</x><y>1814</y><time>15-09-20 23:45:11:255</time></pt><pt><x>2985</x><y>610</y><time>undefined</time></pt><pt><x>4</x><y>610</y><time>undefined</time></pt><closed_date>15-09-20 23:45:11:257</closed_date></polygon></object></annotation>