<annotation><filename>m1_s02_065_p_ic086.jpg</filename><folder>users/joselusava//valeria/sala2_065_ic</folder><source><submittedBy>Jose Saca</submittedBy></source><imagesize><nrows>2000</nrows><ncols>2992</ncols></imagesize><object><name>m1_s02_065_p_ic086</name><deleted>0</deleted><verified>0</verified><occluded>no</occluded><attributes></attributes><parts><hasparts></hasparts><ispartof></ispartof></parts><date>26-08-20 01:28:56:594</date><id>0</id><type>bounding_box</type><polygon><username>anonymous</username><pt><x>107</x><y>403</y><time>26-08-20 01:28:12:695</time></pt><pt><x>2930</x><y>403</y><time>26-08-20 01:28:15:923</time></pt><pt><x>2930</x><y>1883</y><time>undefined</time></pt><pt><x>107</x><y>1883</y><time>undefined</time></pt><closed_date>26-08-20 01:28:15:925</closed_date></polygon></object></annotation>