<annotation><filename>m4_s05_052_p_nic083.jpg</filename><folder>users/joselusava//santiago_2</folder><source><submittedBy>Jose Saca</submittedBy></source><imagesize><nrows>2910</nrows><ncols>4361</ncols></imagesize><object><name>m4_s05_052_p_nic083</name><deleted>0</deleted><verified>0</verified><occluded>no</occluded><attributes></attributes><parts><hasparts></hasparts><ispartof></ispartof></parts><date>08-10-20 22:34:31:319</date><id>0</id><type>bounding_box</type><polygon><username>anonymous</username><pt><x>2654</x><y>738</y><time>08-10-20 22:34:25:631</time></pt><pt><x>3939</x><y>738</y><time>08-10-20 22:34:26:635</time></pt><pt><x>3939</x><y>2137</y><time>undefined</time></pt><pt><x>2654</x><y>2137</y><time>undefined</time></pt><closed_date>08-10-20 22:34:26:637</closed_date></polygon></object></annotation>