<annotation><filename>m2_s03_201_p_nic060.jpg</filename><folder>users/joselusava//valeria/m2_sala03_201_nic</folder><source><submittedBy>Jose Saca</submittedBy></source><imagesize><nrows>2910</nrows><ncols>4361</ncols></imagesize><object><name>m2_s03_201_p_nic060</name><deleted>0</deleted><verified>0</verified><occluded>no</occluded><attributes></attributes><parts><hasparts></hasparts><ispartof></ispartof></parts><date>29-09-20 23:34:55:252</date><id>0</id><type>bounding_box</type><polygon><username>anonymous</username><pt><x>1036</x><y>1901</y><time>29-09-20 23:34:46:944</time></pt><pt><x>2800</x><y>1901</y><time>29-09-20 23:34:52:158</time></pt><pt><x>2800</x><y>50</y><time>undefined</time></pt><pt><x>1036</x><y>50</y><time>undefined</time></pt><closed_date>29-09-20 23:34:52:159</closed_date></polygon></object></annotation>