<annotation><filename>m4_s02_021_p_nic026.jpg</filename><folder>users/joselusava//santiago_2</folder><source><submittedBy>Jose Saca</submittedBy></source><imagesize><nrows>2910</nrows><ncols>4361</ncols></imagesize><object><name>m4_s02_021_p_nic026</name><deleted>0</deleted><verified>0</verified><occluded>no</occluded><attributes></attributes><parts><hasparts></hasparts><ispartof></ispartof></parts><date>04-10-20 22:17:25:116</date><id>0</id><type>bounding_box</type><polygon><username>anonymous</username><pt><x>1538</x><y>925</y><time>04-10-20 22:17:21:458</time></pt><pt><x>2719</x><y>925</y><time>04-10-20 22:17:23:078</time></pt><pt><x>2719</x><y>2605</y><time>undefined</time></pt><pt><x>1538</x><y>2605</y><time>undefined</time></pt><closed_date>04-10-20 22:17:23:079</closed_date></polygon></object></annotation>