<annotation><filename>m1_s06_144_p_ic005.jpg</filename><folder>users/joselusava//jacob_2/144ic</folder><source><submittedBy>Jose Saca</submittedBy></source><imagesize><nrows>2736</nrows><ncols>4100</ncols></imagesize><object><name>m1_s06_144_p_ic005</name><deleted>0</deleted><verified>0</verified><occluded>no</occluded><attributes></attributes><parts><hasparts></hasparts><ispartof></ispartof></parts><date>07-09-20 02:16:09:934</date><id>0</id><type>bounding_box</type><polygon><username>anonymous</username><pt><x>917</x><y>2692</y><time>07-09-20 02:16:06:413</time></pt><pt><x>3093</x><y>2692</y><time>07-09-20 02:16:09:063</time></pt><pt><x>3093</x><y>57</y><time>undefined</time></pt><pt><x>917</x><y>57</y><time>undefined</time></pt><closed_date>07-09-20 02:16:09:064</closed_date></polygon></object></annotation>