<annotation><filename>m4_s12_186_p_ic038.jpg</filename><folder>users/joselusava//m4_js/186/ic</folder><source><submittedBy>Jose Saca</submittedBy></source><imagesize><nrows>3899</nrows><ncols>5844</ncols></imagesize><object><name>m4_s12_186_p_ic038</name><deleted>0</deleted><verified>0</verified><occluded>no</occluded><attributes></attributes><parts><hasparts></hasparts><ispartof></ispartof></parts><date>18-10-20 10:50:01:930</date><id>0</id><type>bounding_box</type><polygon><username>anonymous</username><pt><x>3768</x><y>3639</y><time>18-10-20 10:49:59:383</time></pt><pt><x>2135</x><y>3639</y><time>18-10-20 10:50:01:224</time></pt><pt><x>2135</x><y>175</y><time>undefined</time></pt><pt><x>3768</x><y>175</y><time>undefined</time></pt><closed_date>18-10-20 10:50:01:224</closed_date></polygon></object></annotation>