<annotation><filename>m4_s10_154_p_ic037.jpg</filename><folder>users/joselusava//valeria/m04_s10_154_ic</folder><source><submittedBy>Jose Saca</submittedBy></source><imagesize><nrows>2970</nrows><ncols>4451</ncols></imagesize><object><name>m4_s10_154_p_ic037</name><deleted>0</deleted><verified>0</verified><occluded>no</occluded><attributes></attributes><parts><hasparts></hasparts><ispartof></ispartof></parts><date>13-10-20 21:57:04:067</date><id>0</id><type>bounding_box</type><polygon><username>anonymous</username><pt><x>1793</x><y>2656</y><time>13-10-20 21:56:55:063</time></pt><pt><x>3010</x><y>2656</y><time>13-10-20 21:57:00:842</time></pt><pt><x>3010</x><y>177</y><time>undefined</time></pt><pt><x>1793</x><y>177</y><time>undefined</time></pt><closed_date>13-10-20 21:57:00:843</closed_date></polygon></object></annotation>