<annotation><filename>m2_s01_024_p_ic069.jpg</filename><folder>users/joselusava//santiago</folder><source><submittedBy>Jose Saca</submittedBy></source><imagesize><nrows>2850</nrows><ncols>4271</ncols></imagesize><object><name>m2_s01_024_p_ic069</name><deleted>0</deleted><verified>0</verified><occluded>no</occluded><attributes></attributes><parts><hasparts></hasparts><ispartof></ispartof></parts><date>24-09-20 22:39:42:429</date><id>0</id><type>bounding_box</type><polygon><username>anonymous</username><pt><x>1273</x><y>58</y><time>24-09-20 22:39:32:680</time></pt><pt><x>2792</x><y>58</y><time>24-09-20 22:39:36:582</time></pt><pt><x>2792</x><y>2350</y><time>undefined</time></pt><pt><x>1273</x><y>2350</y><time>undefined</time></pt><closed_date>24-09-20 22:39:36:583</closed_date></polygon></object></annotation>