<annotation><filename>m2_s02_190_p_nic016.jpg</filename><folder>users/joselusava//m2_jsv/190/nic</folder><source><submittedBy>Jose Saca</submittedBy></source><imagesize><nrows>2910</nrows><ncols>4361</ncols></imagesize><object><name>m2_s02_190_p_nic016</name><deleted>0</deleted><verified>0</verified><occluded>no</occluded><attributes></attributes><parts><hasparts></hasparts><ispartof></ispartof></parts><date>21-09-20 14:56:00:939</date><id>0</id><type>bounding_box</type><polygon><username>anonymous</username><pt><x>1280</x><y>2185</y><time>21-09-20 14:55:57:907</time></pt><pt><x>35</x><y>2185</y><time>21-09-20 14:56:00:164</time></pt><pt><x>35</x><y>827</y><time>undefined</time></pt><pt><x>1280</x><y>827</y><time>undefined</time></pt><closed_date>21-09-20 14:56:00:164</closed_date></polygon></object></annotation>