<annotation><filename>m4_s09_138_p_nic094.jpg</filename><folder>users/joselusava//santiago_2</folder><source><submittedBy>Jose Saca</submittedBy></source><imagesize><nrows>2970</nrows><ncols>4451</ncols></imagesize><object><name>m4_s09_138_p_nic094</name><deleted>0</deleted><verified>0</verified><occluded>no</occluded><attributes></attributes><parts><hasparts></hasparts><ispartof></ispartof></parts><date>23-10-20 14:46:24:077</date><id>0</id><type>bounding_box</type><polygon><username>anonymous</username><pt><x>992</x><y>857</y><time>23-10-20 14:46:15:106</time></pt><pt><x>2420</x><y>857</y><time>23-10-20 14:46:16:346</time></pt><pt><x>2420</x><y>1988</y><time>undefined</time></pt><pt><x>992</x><y>1988</y><time>undefined</time></pt><closed_date>23-10-20 14:46:16:348</closed_date></polygon></object></annotation>