<annotation><filename>m4_s04_039_p_nic084.jpg</filename><folder>users/joselusava//santiago_2</folder><source><submittedBy>Jose Saca</submittedBy></source><imagesize><nrows>2970</nrows><ncols>4451</ncols></imagesize><object><name>m4_s04_039_p_nic084</name><deleted>0</deleted><verified>0</verified><occluded>no</occluded><attributes></attributes><parts><hasparts></hasparts><ispartof></ispartof></parts><date>21-10-20 22:17:29:542</date><id>0</id><type>bounding_box</type><polygon><username>anonymous</username><pt><x>1949</x><y>1060</y><time>21-10-20 22:17:26:229</time></pt><pt><x>2506</x><y>1060</y><time>21-10-20 22:17:27:311</time></pt><pt><x>2506</x><y>2863</y><time>undefined</time></pt><pt><x>1949</x><y>2863</y><time>undefined</time></pt><closed_date>21-10-20 22:17:27:313</closed_date></polygon></object></annotation>