<annotation><filename>m1_s01_021_p_nic071.jpg</filename><folder>users/joselusava//santiago</folder><source><submittedBy>Jose Saca</submittedBy></source><imagesize><nrows>3200</nrows><ncols>4800</ncols></imagesize><object><name>m1_s01_021_p_nic071</name><deleted>0</deleted><verified>0</verified><occluded>no</occluded><attributes></attributes><parts><hasparts></hasparts><ispartof></ispartof></parts><date>16-09-20 18:26:54:732</date><id>0</id><type>bounding_box</type><polygon><username>anonymous</username><pt><x>3301</x><y>2264</y><time>16-09-20 18:26:47:195</time></pt><pt><x>3816</x><y>2264</y><time>16-09-20 18:26:48:084</time></pt><pt><x>3816</x><y>2905</y><time>undefined</time></pt><pt><x>3301</x><y>2905</y><time>undefined</time></pt><closed_date>16-09-20 18:26:48:085</closed_date></polygon></object></annotation>