<annotation><filename>m1_s06_186_p_nic079.jpg</filename><folder>users/joselusava//jacob_2/186nic</folder><source><submittedBy>Jose Saca</submittedBy></source><imagesize><nrows>2736</nrows><ncols>4100</ncols></imagesize><object><name>m1_s06_186_p_nic079</name><deleted>0</deleted><verified>0</verified><occluded>no</occluded><attributes></attributes><parts><hasparts></hasparts><ispartof></ispartof></parts><date>09-09-20 23:30:38:013</date><id>0</id><type>bounding_box</type><polygon><username>anonymous</username><pt><x>1334</x><y>483</y><time>09-09-20 23:30:35:684</time></pt><pt><x>205</x><y>483</y><time>09-09-20 23:30:37:426</time></pt><pt><x>205</x><y>2185</y><time>undefined</time></pt><pt><x>1334</x><y>2185</y><time>undefined</time></pt><closed_date>09-09-20 23:30:37:426</closed_date></polygon></object></annotation>