<annotation><filename>m2_s02_129_p_nic010.jpg</filename><folder>users/joselusava//m2_jsv/129/nic</folder><source><submittedBy>Jose Saca</submittedBy></source><imagesize><nrows>2910</nrows><ncols>4361</ncols></imagesize><object><name>m2_s02_129_p_nic010</name><deleted>0</deleted><verified>0</verified><occluded>no</occluded><attributes></attributes><parts><hasparts></hasparts><ispartof></ispartof></parts><date>24-09-20 19:46:55:250</date><id>0</id><type>bounding_box</type><polygon><username>anonymous</username><pt><x>2986</x><y>1140</y><time>24-09-20 19:46:53:349</time></pt><pt><x>1932</x><y>1140</y><time>24-09-20 19:46:54:568</time></pt><pt><x>1932</x><y>61</y><time>undefined</time></pt><pt><x>2986</x><y>61</y><time>undefined</time></pt><closed_date>24-09-20 19:46:54:568</closed_date></polygon></object></annotation>