<annotation><filename>m4_s12_186_p_ic030.jpg</filename><folder>users/joselusava//m4_js/186/ic</folder><source><submittedBy>Jose Saca</submittedBy></source><imagesize><nrows>3899</nrows><ncols>5844</ncols></imagesize><object><name>m4_s12_186_p_ic030</name><deleted>0</deleted><verified>0</verified><occluded>no</occluded><attributes></attributes><parts><hasparts></hasparts><ispartof></ispartof></parts><date>18-10-20 10:45:07:710</date><id>0</id><type>bounding_box</type><polygon><username>anonymous</username><pt><x>3873</x><y>3604</y><time>18-10-20 10:45:05:780</time></pt><pt><x>2018</x><y>3604</y><time>18-10-20 10:45:07:005</time></pt><pt><x>2018</x><y>268</y><time>undefined</time></pt><pt><x>3873</x><y>268</y><time>undefined</time></pt><closed_date>18-10-20 10:45:07:005</closed_date></polygon></object></annotation>