<annotation><filename>m4_s04_045_p_nic021.jpg</filename><folder>users/joselusava//valeria/m04_s04_45_nic</folder><source><submittedBy>Jose Saca</submittedBy></source><imagesize><nrows>2970</nrows><ncols>4451</ncols></imagesize><object><name>m4_s04_045_p_nic021</name><deleted>0</deleted><verified>0</verified><occluded>no</occluded><attributes></attributes><parts><hasparts></hasparts><ispartof></ispartof></parts><date>20-10-20 00:22:30:146</date><id>0</id><type>bounding_box</type><polygon><username>anonymous</username><pt><x>171</x><y>2427</y><time>20-10-20 00:22:25:592</time></pt><pt><x>1074</x><y>2427</y><time>20-10-20 00:22:27:139</time></pt><pt><x>1074</x><y>868</y><time>undefined</time></pt><pt><x>171</x><y>868</y><time>undefined</time></pt><closed_date>20-10-20 00:22:27:141</closed_date></polygon></object></annotation>