<annotation><filename>m2_s06_244_p_ic013.jpg</filename><folder>users/joselusava//museos2020</folder><source><submittedBy>Jose Saca</submittedBy></source><imagesize><nrows>2910</nrows><ncols>4361</ncols></imagesize><object><name>m2_s06_244_p_ic013</name><deleted>0</deleted><verified>0</verified><occluded>no</occluded><attributes></attributes><parts><hasparts></hasparts><ispartof></ispartof></parts><date>22-09-20 12:00:28:220</date><id>0</id><type>bounding_box</type><polygon><username>anonymous</username><pt><x>1333</x><y>1111</y><time>22-09-20 12:00:20:179</time></pt><pt><x>3104</x><y>1111</y><time>22-09-20 12:00:22:423</time></pt><pt><x>3104</x><y>1942</y><time>undefined</time></pt><pt><x>1333</x><y>1942</y><time>undefined</time></pt><closed_date>22-09-20 12:00:22:424</closed_date></polygon></object></annotation>