<annotation><filename>m2_s01_034_p_ic081.jpg</filename><folder>users/joselusava//kath</folder><source><submittedBy>Jose Saca</submittedBy></source><imagesize><nrows>2850</nrows><ncols>4271</ncols></imagesize><object><name>m2_s01_034_p_ic081</name><deleted>0</deleted><verified>0</verified><occluded>no</occluded><attributes></attributes><parts><hasparts></hasparts><ispartof></ispartof></parts><date>25-09-20 16:56:57:026</date><id>0</id><type>bounding_box</type><polygon><username>anonymous</username><pt><x>1210</x><y>222</y><time>25-09-20 16:56:50:242</time></pt><pt><x>2836</x><y>222</y><time>25-09-20 16:56:54:082</time></pt><pt><x>2836</x><y>2478</y><time>undefined</time></pt><pt><x>1210</x><y>2478</y><time>undefined</time></pt><closed_date>25-09-20 16:56:54:082</closed_date></polygon></object></annotation>