<annotation><filename>m1_s06_144_p_ic061.jpg</filename><folder>users/joselusava//jacob_2/144ic</folder><source><submittedBy>Jose Saca</submittedBy></source><imagesize><nrows>2736</nrows><ncols>4100</ncols></imagesize><object><name>m1_s06_144_p_ic061</name><deleted>0</deleted><verified>0</verified><occluded>no</occluded><attributes></attributes><parts><hasparts></hasparts><ispartof></ispartof></parts><date>08-09-20 01:30:26:712</date><id>0</id><type>bounding_box</type><polygon><username>anonymous</username><pt><x>933</x><y>2586</y><time>08-09-20 01:30:21:490</time></pt><pt><x>2832</x><y>2586</y><time>08-09-20 01:30:25:442</time></pt><pt><x>2832</x><y>123</y><time>undefined</time></pt><pt><x>933</x><y>123</y><time>undefined</time></pt><closed_date>08-09-20 01:30:25:442</closed_date></polygon></object></annotation>