<annotation><filename>m4_s03_025_p_nic092.jpg</filename><folder>users/joselusava//santiago_3</folder><source><submittedBy>Jose Saca</submittedBy></source><imagesize><nrows>2910</nrows><ncols>4361</ncols></imagesize><object><name>m4_s03_025_p_nic092</name><deleted>0</deleted><verified>0</verified><occluded>no</occluded><attributes></attributes><parts><hasparts></hasparts><ispartof></ispartof></parts><date>08-11-20 14:29:41:391</date><id>0</id><type>bounding_box</type><polygon><username>anonymous</username><pt><x>1682</x><y>850</y><time>08-11-20 14:29:38:028</time></pt><pt><x>3994</x><y>850</y><time>08-11-20 14:29:39:539</time></pt><pt><x>3994</x><y>1903</y><time>undefined</time></pt><pt><x>1682</x><y>1903</y><time>undefined</time></pt><closed_date>08-11-20 14:29:39:539</closed_date></polygon></object></annotation>