<annotation><filename>m3_s01_002_p_nic012.jpg</filename><folder>users/joselusava//santiago_3</folder><source><submittedBy>Jose Saca</submittedBy></source><imagesize><nrows>2970</nrows><ncols>4451</ncols></imagesize><object><name>m3_s01_002_p_nic012</name><deleted>0</deleted><verified>0</verified><occluded>no</occluded><attributes></attributes><parts><hasparts></hasparts><ispartof></ispartof></parts><date>29-10-20 15:35:03:619</date><id>0</id><type>bounding_box</type><polygon><username>anonymous</username><pt><x>471</x><y>171</y><time>29-10-20 15:34:55:526</time></pt><pt><x>3181</x><y>171</y><time>29-10-20 15:34:57:496</time></pt><pt><x>3181</x><y>2006</y><time>undefined</time></pt><pt><x>471</x><y>2006</y><time>undefined</time></pt><closed_date>29-10-20 15:34:57:497</closed_date></polygon></object></annotation>