<annotation><filename>m2_s01_032_p_nic027.jpg</filename><folder>users/joselusava//santiago_2</folder><source><submittedBy>Jose Saca</submittedBy></source><imagesize><nrows>2850</nrows><ncols>4271</ncols></imagesize><object><name>m2_s01_032_p_nic027</name><deleted>0</deleted><verified>0</verified><occluded>no</occluded><attributes></attributes><parts><hasparts></hasparts><ispartof></ispartof></parts><date>30-09-20 18:07:29:450</date><id>0</id><type>bounding_box</type><polygon><username>anonymous</username><pt><x>1449</x><y>394</y><time>30-09-20 18:07:23:918</time></pt><pt><x>2290</x><y>394</y><time>30-09-20 18:07:25:273</time></pt><pt><x>2290</x><y>1635</y><time>undefined</time></pt><pt><x>1449</x><y>1635</y><time>undefined</time></pt><closed_date>30-09-20 18:07:25:274</closed_date></polygon></object></annotation>