<annotation><filename>m4_s10_154_p_nic011.jpg</filename><folder>users/joselusava//valeria/m04_s10_154_nic</folder><source><submittedBy>Jose Saca</submittedBy></source><imagesize><nrows>2970</nrows><ncols>4451</ncols></imagesize><object><name>m4_s10_154_p_nic011</name><deleted>0</deleted><verified>0</verified><occluded>no</occluded><attributes></attributes><parts><hasparts></hasparts><ispartof></ispartof></parts><date>13-10-20 23:38:12:495</date><id>0</id><type>bounding_box</type><polygon><username>anonymous</username><pt><x>3530</x><y>1953</y><time>13-10-20 23:38:06:245</time></pt><pt><x>1868</x><y>1953</y><time>13-10-20 23:38:08:540</time></pt><pt><x>1868</x><y>109</y><time>undefined</time></pt><pt><x>3530</x><y>109</y><time>undefined</time></pt><closed_date>13-10-20 23:38:08:541</closed_date></polygon></object></annotation>