<annotation><filename>m4_s09_138_p_nic079.jpg</filename><folder>users/joselusava//santiago_2</folder><source><submittedBy>Jose Saca</submittedBy></source><imagesize><nrows>2970</nrows><ncols>4451</ncols></imagesize><object><name>m4_s09_138_p_nic079</name><deleted>0</deleted><verified>0</verified><occluded>no</occluded><attributes></attributes><parts><hasparts></hasparts><ispartof></ispartof></parts><date>23-10-20 14:18:12:061</date><id>0</id><type>bounding_box</type><polygon><username>anonymous</username><pt><x>221</x><y>653</y><time>23-10-20 14:18:09:143</time></pt><pt><x>3027</x><y>653</y><time>23-10-20 14:18:10:100</time></pt><pt><x>3027</x><y>1731</y><time>undefined</time></pt><pt><x>221</x><y>1731</y><time>undefined</time></pt><closed_date>23-10-20 14:18:10:101</closed_date></polygon></object></annotation>