<annotation><filename>img_m1_s10_303_p_nic040.jpg</filename><folder>users/joselusava//santiago</folder><source><submittedBy>Jose Saca</submittedBy></source><imagesize><nrows>3200</nrows><ncols>4800</ncols></imagesize><object><name>m1_s10_303_p_nic040</name><deleted>0</deleted><verified>0</verified><occluded>no</occluded><attributes></attributes><parts><hasparts></hasparts><ispartof></ispartof></parts><date>01-09-20 20:37:24:246</date><id>0</id><type>bounding_box</type><polygon><username>anonymous</username><pt><x>1919</x><y>2099</y><time>01-09-20 20:37:13:977</time></pt><pt><x>3096</x><y>2099</y><time>01-09-20 20:37:15:431</time></pt><pt><x>3096</x><y>2948</y><time>undefined</time></pt><pt><x>1919</x><y>2948</y><time>undefined</time></pt><closed_date>01-09-20 20:37:15:433</closed_date></polygon></object></annotation>