<annotation><filename>m3_s01_010_p_nic050.jpg</filename><folder>users/joselusava//m4_js/m3/10/nic</folder><source><submittedBy>Jose Saca</submittedBy></source><imagesize><nrows>2970</nrows><ncols>4451</ncols></imagesize><object><name>m3_s01_010_p_nic050</name><deleted>0</deleted><verified>0</verified><occluded>no</occluded><attributes></attributes><parts><hasparts></hasparts><ispartof></ispartof></parts><date>29-10-20 14:15:50:367</date><id>0</id><type>bounding_box</type><polygon><username>anonymous</username><pt><x>41</x><y>2919</y><time>29-10-20 14:15:47:897</time></pt><pt><x>2360</x><y>2919</y><time>29-10-20 14:15:49:443</time></pt><pt><x>2360</x><y>652</y><time>undefined</time></pt><pt><x>41</x><y>652</y><time>undefined</time></pt><closed_date>29-10-20 14:15:49:444</closed_date></polygon></object></annotation>