<annotation><filename>m1_s06_186_p_nic099.jpg</filename><folder>users/joselusava//jacob_2/186nic</folder><source><submittedBy>Jose Saca</submittedBy></source><imagesize><nrows>2736</nrows><ncols>4100</ncols></imagesize><object><name>m1_s06_186_p_nic099</name><deleted>0</deleted><verified>0</verified><occluded>no</occluded><attributes></attributes><parts><hasparts></hasparts><ispartof></ispartof></parts><date>09-09-20 23:39:19:122</date><id>0</id><type>bounding_box</type><polygon><username>anonymous</username><pt><x>2701</x><y>2561</y><time>09-09-20 23:39:16:823</time></pt><pt><x>1260</x><y>2561</y><time>09-09-20 23:39:18:464</time></pt><pt><x>1260</x><y>843</y><time>undefined</time></pt><pt><x>2701</x><y>843</y><time>undefined</time></pt><closed_date>09-09-20 23:39:18:464</closed_date></polygon></object></annotation>