<annotation><filename>m1_s02_036_p_ic027.jpg</filename><folder>users/joselusava//valeria/sala2_036_ic</folder><source><submittedBy>Jose Saca</submittedBy></source><imagesize><nrows>3200</nrows><ncols>4800</ncols></imagesize><object><name>m1_s01_036_p_ic027</name><deleted>0</deleted><verified>0</verified><occluded>no</occluded><attributes></attributes><parts><hasparts></hasparts><ispartof></ispartof></parts><date>23-08-20 02:01:20:388</date><id>0</id><type>bounding_box</type><polygon><username>anonymous</username><pt><x>596</x><y>199</y><time>23-08-20 02:01:08:635</time></pt><pt><x>3608</x><y>199</y><time>23-08-20 02:01:16:117</time></pt><pt><x>3608</x><y>2996</y><time>undefined</time></pt><pt><x>596</x><y>2996</y><time>undefined</time></pt><closed_date>23-08-20 02:01:16:117</closed_date></polygon></object></annotation>