<annotation><filename>m1_s02_065_p_nic083.jpg</filename><folder>users/joselusava//valeria/sala2_065_nic</folder><source><submittedBy>Jose Saca</submittedBy></source><imagesize><nrows>2000</nrows><ncols>2992</ncols></imagesize><object><name>m1_s02_065_p_nic083</name><deleted>0</deleted><verified>0</verified><occluded>no</occluded><attributes></attributes><parts><hasparts></hasparts><ispartof></ispartof></parts><date>28-08-20 00:28:04:344</date><id>0</id><type>bounding_box</type><polygon><username>anonymous</username><pt><x>2836</x><y>1399</y><time>28-08-20 00:27:56:549</time></pt><pt><x>1292</x><y>1399</y><time>28-08-20 00:27:58:965</time></pt><pt><x>1292</x><y>698</y><time>undefined</time></pt><pt><x>2836</x><y>698</y><time>undefined</time></pt><closed_date>28-08-20 00:27:58:966</closed_date></polygon></object></annotation>