<annotation><filename>m4_s12_188_x.jpg</filename><folder>users/joselusava//kath/m4_x</folder><source><submittedBy>Jose Saca</submittedBy></source><imagesize><nrows>2910</nrows><ncols>4361</ncols></imagesize><object><name>m4_s12_188_x</name><deleted>0</deleted><verified>0</verified><occluded>no</occluded><attributes></attributes><parts><hasparts></hasparts><ispartof></ispartof></parts><date>21-10-20 12:32:17:360</date><id>0</id><type>bounding_box</type><polygon><username>anonymous</username><pt><x>1417</x><y>400</y><time>21-10-20 12:32:13:691</time></pt><pt><x>2722</x><y>400</y><time>21-10-20 12:32:15:248</time></pt><pt><x>2722</x><y>2510</y><time>undefined</time></pt><pt><x>1417</x><y>2510</y><time>undefined</time></pt><closed_date>21-10-20 12:32:15:250</closed_date></polygon></object></annotation>