<annotation><filename>m1_s06_141_p_nic063.jpg</filename><folder>users/joselusava//jacob_2/141nic</folder><source><submittedBy>Jose Saca</submittedBy></source><imagesize><nrows>2736</nrows><ncols>4100</ncols></imagesize><object><name>m1_s06_141_p_nic063</name><deleted>0</deleted><verified>0</verified><occluded>no</occluded><attributes></attributes><parts><hasparts></hasparts><ispartof></ispartof></parts><date>05-09-20 19:55:12:245</date><id>0</id><type>bounding_box</type><polygon><username>anonymous</username><pt><x>2853</x><y>350</y><time>05-09-20 19:55:08:284</time></pt><pt><x>3652</x><y>350</y><time>05-09-20 19:55:11:682</time></pt><pt><x>3652</x><y>1850</y><time>undefined</time></pt><pt><x>2853</x><y>1850</y><time>undefined</time></pt><closed_date>05-09-20 19:55:11:682</closed_date></polygon></object></annotation>