<annotation><filename>m1_s06_186_p_nic043.jpg</filename><folder>users/joselusava//jacob_2/186nic</folder><source><submittedBy>Jose Saca</submittedBy></source><imagesize><nrows>2736</nrows><ncols>4100</ncols></imagesize><object><name>m1_s06_186_p_nic043</name><deleted>0</deleted><verified>0</verified><occluded>no</occluded><attributes></attributes><parts><hasparts></hasparts><ispartof></ispartof></parts><date>09-09-20 23:16:50:352</date><id>0</id><type>bounding_box</type><polygon><username>anonymous</username><pt><x>1301</x><y>196</y><time>09-09-20 23:16:48:470</time></pt><pt><x>2250</x><y>196</y><time>09-09-20 23:16:49:822</time></pt><pt><x>2250</x><y>1751</y><time>undefined</time></pt><pt><x>1301</x><y>1751</y><time>undefined</time></pt><closed_date>09-09-20 23:16:49:823</closed_date></polygon></object></annotation>