<annotation><filename>m2_s02_139_x.jpg</filename><folder>users/joselusava//m2_jsv</folder><source><submittedBy>Jose Saca</submittedBy></source><imagesize><nrows>2910</nrows><ncols>4361</ncols></imagesize><object><name>m2_s02_138_x</name><deleted>0</deleted><verified>0</verified><occluded>no</occluded><attributes></attributes><parts><hasparts></hasparts><ispartof></ispartof></parts><date>19-09-20 23:34:16:242</date><id>0</id><type>bounding_box</type><polygon><username>anonymous</username><pt><x>2942</x><y>2472</y><time>19-09-20 23:34:12:325</time></pt><pt><x>1341</x><y>2472</y><time>19-09-20 23:34:13:655</time></pt><pt><x>1341</x><y>374</y><time>undefined</time></pt><pt><x>2942</x><y>374</y><time>undefined</time></pt><closed_date>19-09-20 23:34:13:655</closed_date></polygon></object></annotation>