<annotation><filename>m4_s05_055_p_nic032.jpg</filename><folder>users/joselusava//valeria/m4_s05_055_nic</folder><source><submittedBy>Jose Saca</submittedBy></source><imagesize><nrows>2910</nrows><ncols>4361</ncols></imagesize><object><name>m4_s05_055_p_nic032</name><deleted>0</deleted><verified>0</verified><occluded>no</occluded><attributes></attributes><parts><hasparts></hasparts><ispartof></ispartof></parts><date>09-10-20 17:17:10:219</date><id>0</id><type>bounding_box</type><polygon><username>anonymous</username><pt><x>2574</x><y>2579</y><time>09-10-20 17:17:01:096</time></pt><pt><x>4167</x><y>2579</y><time>09-10-20 17:17:06:716</time></pt><pt><x>4167</x><y>953</y><time>undefined</time></pt><pt><x>2574</x><y>953</y><time>undefined</time></pt><closed_date>09-10-20 17:17:06:717</closed_date></polygon></object></annotation>