<annotation><filename>m4_s06_073_x.jpg</filename><folder>users/joselusava//kath/m4_x</folder><source><submittedBy>Jose Saca</submittedBy></source><imagesize><nrows>2970</nrows><ncols>4451</ncols></imagesize><object><name>m4_s06_073_x</name><deleted>0</deleted><verified>0</verified><occluded>no</occluded><attributes></attributes><parts><hasparts></hasparts><ispartof></ispartof></parts><date>20-10-20 09:39:40:294</date><id>0</id><polygon><username>anonymous</username><pt><x>1447</x><y>53</y><time>20-10-20 09:39:34:799</time></pt><pt><x>1259</x><y>2811</y><time>20-10-20 09:39:35:574</time></pt><pt><x>3364</x><y>2802</y><time>20-10-20 09:39:36:363</time></pt><pt><x>2946</x><y>72</y><time>20-10-20 09:39:37:106</time></pt><closed_date>20-10-20 09:39:38:140</closed_date></polygon></object></annotation>