<annotation><filename>m2_s01_001_p_ic073.jpg</filename><folder>users/joselusava//santiago</folder><source><submittedBy>Jose Saca</submittedBy></source><imagesize><nrows>2850</nrows><ncols>4271</ncols></imagesize><object><name>m2_s01_001_p_ic073</name><deleted>0</deleted><verified>0</verified><occluded>no</occluded><attributes></attributes><parts><hasparts></hasparts><ispartof></ispartof></parts><date>19-09-20 09:21:02:238</date><id>0</id><type>bounding_box</type><polygon><username>anonymous</username><pt><x>808</x><y>398</y><time>19-09-20 09:20:53:404</time></pt><pt><x>3267</x><y>398</y><time>19-09-20 09:20:56:327</time></pt><pt><x>3267</x><y>2571</y><time>undefined</time></pt><pt><x>808</x><y>2571</y><time>undefined</time></pt><closed_date>19-09-20 09:20:56:328</closed_date></polygon></object></annotation>