<annotation><filename>m2_s03_252_p_nic002.jpg</filename><folder>users/joselusava//valeria/m2_sala03_252_nic</folder><source><submittedBy>Jose Saca</submittedBy></source><imagesize><nrows>2910</nrows><ncols>4361</ncols></imagesize><object><name>m2_s06_252_p_nic002</name><deleted>0</deleted><verified>0</verified><occluded>no</occluded><attributes></attributes><parts><hasparts></hasparts><ispartof></ispartof></parts><date>26-09-20 16:40:11:359</date><id>0</id><type>bounding_box</type><polygon><username>anonymous</username><pt><x>1560</x><y>149</y><time>26-09-20 16:40:05:268</time></pt><pt><x>2960</x><y>149</y><time>26-09-20 16:40:07:360</time></pt><pt><x>2960</x><y>1003</y><time>undefined</time></pt><pt><x>1560</x><y>1003</y><time>undefined</time></pt><closed_date>26-09-20 16:40:07:363</closed_date></polygon></object></annotation>