<annotation><filename>m2_s07_264_p_ic030.jpg</filename><folder>users/joselusava//valeria/sala7_264_ic</folder><source><submittedBy>Jose Saca</submittedBy></source><imagesize><nrows>2910</nrows><ncols>4361</ncols></imagesize><object><name>m2_s07_264_p_ic030</name><deleted>0</deleted><verified>0</verified><occluded>no</occluded><attributes></attributes><parts><hasparts></hasparts><ispartof></ispartof></parts><date>22-09-20 19:31:07:473</date><id>0</id><type>bounding_box</type><polygon><username>anonymous</username><pt><x>2927</x><y>2535</y><time>22-09-20 19:31:00:760</time></pt><pt><x>1328</x><y>2535</y><time>22-09-20 19:31:03:661</time></pt><pt><x>1328</x><y>243</y><time>undefined</time></pt><pt><x>2927</x><y>243</y><time>undefined</time></pt><closed_date>22-09-20 19:31:03:663</closed_date></polygon></object></annotation>