<annotation><filename>m4_s12_185_p_ic040.jpg</filename><folder>users/joselusava//valeria/m04_s12_185_ic</folder><source><submittedBy>Jose Saca</submittedBy></source><imagesize><nrows>2910</nrows><ncols>4361</ncols></imagesize><object><name>m4_s12_185_p_ic040</name><deleted>0</deleted><verified>0</verified><occluded>no</occluded><attributes></attributes><parts><hasparts></hasparts><ispartof></ispartof></parts><date>17-10-20 17:03:03:395</date><id>0</id><type>bounding_box</type><polygon><username>anonymous</username><pt><x>3649</x><y>2692</y><time>17-10-20 17:02:54:518</time></pt><pt><x>851</x><y>2692</y><time>17-10-20 17:02:57:739</time></pt><pt><x>851</x><y>291</y><time>undefined</time></pt><pt><x>3649</x><y>291</y><time>undefined</time></pt><closed_date>17-10-20 17:02:57:740</closed_date></polygon></object></annotation>