<annotation><filename>m1_s01_004_p_nic007.jpg</filename><folder>users/joselusava//valeria_apoyo/sala01_004_nic</folder><source><submittedBy>Jose Saca</submittedBy></source><imagesize><nrows>3200</nrows><ncols>4800</ncols></imagesize><object><name>m1_s01_004_p_nic007</name><deleted>0</deleted><verified>0</verified><occluded>no</occluded><attributes></attributes><parts><hasparts></hasparts><ispartof></ispartof></parts><date>16-09-20 17:47:14:781</date><id>0</id><type>bounding_box</type><polygon><username>anonymous</username><pt><x>3673</x><y>1055</y><time>16-09-20 17:47:08:927</time></pt><pt><x>285</x><y>1055</y><time>16-09-20 17:47:11:381</time></pt><pt><x>285</x><y>400</y><time>undefined</time></pt><pt><x>3673</x><y>400</y><time>undefined</time></pt><closed_date>16-09-20 17:47:11:382</closed_date></polygon></object></annotation>