<annotation><filename>m4_s11_178_p_ic090.jpg</filename><folder>users/joselusava//santiago_2</folder><source><submittedBy>Jose Saca</submittedBy></source><imagesize><nrows>2970</nrows><ncols>4451</ncols></imagesize><object><name>m4_s11_178_p_ic090</name><deleted>0</deleted><verified>0</verified><occluded>no</occluded><attributes></attributes><parts><hasparts></hasparts><ispartof></ispartof></parts><date>15-10-20 22:27:46:492</date><id>0</id><type>bounding_box</type><polygon><username>anonymous</username><pt><x>1524</x><y>735</y><time>15-10-20 22:27:42:606</time></pt><pt><x>3188</x><y>735</y><time>15-10-20 22:27:44:515</time></pt><pt><x>3188</x><y>2545</y><time>undefined</time></pt><pt><x>1524</x><y>2545</y><time>undefined</time></pt><closed_date>15-10-20 22:27:44:516</closed_date></polygon></object></annotation>