<annotation><filename>m1_s02_029_p_nic038.jpg</filename><folder>users/joselusava//valeria/sala2_029_nic</folder><source><submittedBy>Jose Saca</submittedBy></source><imagesize><nrows>3200</nrows><ncols>4800</ncols></imagesize><object><name>m1_s02_029_p_nic038</name><deleted>0</deleted><verified>0</verified><occluded>no</occluded><attributes></attributes><parts><hasparts></hasparts><ispartof></ispartof></parts><date>26-08-20 18:42:20:379</date><id>0</id><type>bounding_box</type><polygon><username>anonymous</username><pt><x>3468</x><y>1675</y><time>26-08-20 18:42:13:941</time></pt><pt><x>4526</x><y>1675</y><time>26-08-20 18:42:16:614</time></pt><pt><x>4526</x><y>2969</y><time>undefined</time></pt><pt><x>3468</x><y>2969</y><time>undefined</time></pt><closed_date>26-08-20 18:42:16:615</closed_date></polygon></object></annotation>