<annotation><filename>m4_s04_037_p_ic078.jpg</filename><folder>users/joselusava//santiago_2</folder><source><submittedBy>Jose Saca</submittedBy></source><imagesize><nrows>2970</nrows><ncols>4451</ncols></imagesize><object><name>m4_s04_037_p_ic078</name><deleted>0</deleted><verified>0</verified><occluded>no</occluded><attributes></attributes><parts><hasparts></hasparts><ispartof></ispartof></parts><date>18-10-20 22:08:07:103</date><id>0</id><type>bounding_box</type><polygon><username>anonymous</username><pt><x>1399</x><y>246</y><time>18-10-20 22:08:03:282</time></pt><pt><x>2995</x><y>246</y><time>18-10-20 22:08:04:642</time></pt><pt><x>2995</x><y>2659</y><time>undefined</time></pt><pt><x>1399</x><y>2659</y><time>undefined</time></pt><closed_date>18-10-20 22:08:04:643</closed_date></polygon></object></annotation>