<annotation><filename>m4_s12_185_p_nic047.jpg</filename><folder>users/joselusava//valeria/m04_s12_185_nic</folder><source><submittedBy>Jose Saca</submittedBy></source><imagesize><nrows>2910</nrows><ncols>4361</ncols></imagesize><object><name>m4_s12_185_p_nic047</name><deleted>0</deleted><verified>0</verified><occluded>no</occluded><attributes></attributes><parts><hasparts></hasparts><ispartof></ispartof></parts><date>17-10-20 23:15:45:264</date><id>0</id><type>bounding_box</type><polygon><username>anonymous</username><pt><x>2446</x><y>2860</y><time>17-10-20 23:15:30:833</time></pt><pt><x>118</x><y>2860</y><time>17-10-20 23:15:40:141</time></pt><pt><x>118</x><y>811</y><time>undefined</time></pt><pt><x>2446</x><y>811</y><time>undefined</time></pt><closed_date>17-10-20 23:15:40:142</closed_date></polygon></object></annotation>