<annotation><filename>m2_s01_034_p_nic043.jpg</filename><folder>users/joselusava//kath</folder><source><submittedBy>Jose Saca</submittedBy></source><imagesize><nrows>2850</nrows><ncols>4271</ncols></imagesize><object><name>m2_s01_034_p_nic043</name><deleted>0</deleted><verified>0</verified><occluded>no</occluded><attributes></attributes><parts><hasparts></hasparts><ispartof></ispartof></parts><date>25-09-20 19:58:00:347</date><id>0</id><type>bounding_box</type><polygon><username>anonymous</username><pt><x>1590</x><y>1224</y><time>25-09-20 19:57:52:994</time></pt><pt><x>2485</x><y>1224</y><time>25-09-20 19:57:56:527</time></pt><pt><x>2485</x><y>2614</y><time>undefined</time></pt><pt><x>1590</x><y>2614</y><time>undefined</time></pt><closed_date>25-09-20 19:57:56:528</closed_date></polygon></object></annotation>