<annotation><filename>m4_s09_145_x.jpg</filename><folder>users/joselusava//kath/m4_x</folder><source><submittedBy>Jose Saca</submittedBy></source><imagesize><nrows>2970</nrows><ncols>4451</ncols></imagesize><object><name>m4_s09_145_x</name><deleted>0</deleted><verified>0</verified><occluded>no</occluded><attributes></attributes><parts><hasparts></hasparts><ispartof></ispartof></parts><date>21-10-20 11:55:58:897</date><id>0</id><type>bounding_box</type><polygon><username>anonymous</username><pt><x>1230</x><y>264</y><time>21-10-20 11:55:52:901</time></pt><pt><x>3008</x><y>264</y><time>21-10-20 11:55:56:309</time></pt><pt><x>3008</x><y>2566</y><time>undefined</time></pt><pt><x>1230</x><y>2566</y><time>undefined</time></pt><closed_date>21-10-20 11:55:56:310</closed_date></polygon></object></annotation>