<annotation><filename>m2_s01_001_p_nic095.jpg</filename><folder>users/joselusava//santiago</folder><source><submittedBy>Jose Saca</submittedBy></source><imagesize><nrows>2850</nrows><ncols>4271</ncols></imagesize><object><name>m2_s01_001_p_nic095</name><deleted>0</deleted><verified>0</verified><occluded>no</occluded><attributes></attributes><parts><hasparts></hasparts><ispartof></ispartof></parts><date>19-09-20 23:48:32:979</date><id>0</id><type>bounding_box</type><polygon><username>anonymous</username><pt><x>431</x><y>774</y><time>19-09-20 23:48:24:710</time></pt><pt><x>2097</x><y>774</y><time>19-09-20 23:48:25:655</time></pt><pt><x>2097</x><y>2161</y><time>undefined</time></pt><pt><x>431</x><y>2161</y><time>undefined</time></pt><closed_date>19-09-20 23:48:25:656</closed_date></polygon></object></annotation>