<annotation><filename>m1_s01_001_p_nic028.jpg</filename><folder>users/joselusava//juancarlos</folder><source><submittedBy>Jose Saca</submittedBy></source><imagesize><nrows>3200</nrows><ncols>4800</ncols></imagesize><object><name>m1_s01_001_p_nic028</name><deleted>0</deleted><verified>0</verified><occluded>no</occluded><attributes></attributes><parts><hasparts></hasparts><ispartof></ispartof></parts><date>02-09-20 14:18:29:015</date><id>0</id><type>bounding_box</type><polygon><username>anonymous</username><pt><x>2030</x><y>139</y><time>02-09-20 14:18:13:912</time></pt><pt><x>3606</x><y>139</y><time>02-09-20 14:18:21:244</time></pt><pt><x>3606</x><y>1048</y><time>undefined</time></pt><pt><x>2030</x><y>1048</y><time>undefined</time></pt><closed_date>02-09-20 14:18:21:247</closed_date></polygon></object></annotation>