<annotation><filename>img_m1_s03-04_101_p_nic068.jpg</filename><folder>users/joselusava//valeria/sala3y4_101_nic</folder><source><submittedBy>Jose Saca</submittedBy></source><imagesize><nrows>3200</nrows><ncols>4800</ncols></imagesize><object><name>m1_s03_s04_101_p_nic068</name><deleted>0</deleted><verified>0</verified><occluded>no</occluded><attributes></attributes><parts><hasparts></hasparts><ispartof></ispartof></parts><date>30-08-20 00:35:28:362</date><id>0</id><type>bounding_box</type><polygon><username>anonymous</username><pt><x>4455</x><y>2927</y><time>30-08-20 00:35:23:223</time></pt><pt><x>2255</x><y>2927</y><time>30-08-20 00:35:25:424</time></pt><pt><x>2255</x><y>1752</y><time>undefined</time></pt><pt><x>4455</x><y>1752</y><time>undefined</time></pt><closed_date>30-08-20 00:35:25:425</closed_date></polygon></object></annotation>