<annotation><filename>m1_s06_141_p_ic055.jpg</filename><folder>users/joselusava//jacob_2/141ic</folder><source><submittedBy>Jose Saca</submittedBy></source><imagesize><nrows>2736</nrows><ncols>4100</ncols></imagesize><object><name>m1_s06_141_p_ic055</name><deleted>0</deleted><verified>0</verified><occluded>no</occluded><attributes></attributes><parts><hasparts></hasparts><ispartof></ispartof></parts><date>04-09-20 22:54:05:927</date><id>0</id><type>bounding_box</type><polygon><username>anonymous</username><pt><x>940</x><y>115</y><time>04-09-20 22:54:02:172</time></pt><pt><x>3038</x><y>115</y><time>04-09-20 22:54:04:165</time></pt><pt><x>3038</x><y>2706</y><time>undefined</time></pt><pt><x>940</x><y>2706</y><time>undefined</time></pt><closed_date>04-09-20 22:54:04:166</closed_date></polygon></object></annotation>