<annotation><filename>m1_s02_029_p_ic026.jpg</filename><folder>users/joselusava//valeria/sala2_029_ic</folder><source><submittedBy>Jose Saca</submittedBy></source><imagesize><nrows>3200</nrows><ncols>4800</ncols></imagesize><object><name>m1_s02_029_p_ic026</name><deleted>0</deleted><verified>0</verified><occluded>no</occluded><attributes></attributes><parts><hasparts></hasparts><ispartof></ispartof></parts><date>22-08-20 18:43:41:716</date><id>0</id><type>bounding_box</type><polygon><username>anonymous</username><pt><x>1337</x><y>285</y><time>22-08-20 18:43:04:879</time></pt><pt><x>3581</x><y>285</y><time>22-08-20 18:43:09:067</time></pt><pt><x>3581</x><y>2883</y><time>undefined</time></pt><pt><x>1337</x><y>2883</y><time>undefined</time></pt><closed_date>22-08-20 18:43:09:068</closed_date></polygon></object></annotation>