<annotation><filename>m1_s01_021_p_nic045.jpg</filename><folder>users/joselusava//santiago</folder><source><submittedBy>Jose Saca</submittedBy></source><imagesize><nrows>3200</nrows><ncols>4800</ncols></imagesize><object><name>m1_s01_021_p_nic045</name><deleted>0</deleted><verified>0</verified><occluded>no</occluded><attributes></attributes><parts><hasparts></hasparts><ispartof></ispartof></parts><date>15-09-20 16:35:05:164</date><id>0</id><type>bounding_box</type><polygon><username>anonymous</username><pt><x>2512</x><y>2257</y><time>15-09-20 16:34:54:622</time></pt><pt><x>2973</x><y>2257</y><time>15-09-20 16:34:56:842</time></pt><pt><x>2973</x><y>2977</y><time>undefined</time></pt><pt><x>2512</x><y>2977</y><time>undefined</time></pt><closed_date>15-09-20 16:34:56:843</closed_date></polygon></object></annotation>