<annotation><filename>m2_s01_042_x.jpg</filename><folder>users/joselusava//juancarlos</folder><source><submittedBy>Jose Saca</submittedBy></source><imagesize><nrows>2850</nrows><ncols>4271</ncols></imagesize><object><name>m2_s01_042_x</name><deleted>0</deleted><verified>0</verified><occluded>no</occluded><attributes></attributes><parts><hasparts></hasparts><ispartof></ispartof></parts><date>28-09-20 11:03:53:507</date><id>0</id><type>bounding_box</type><polygon><username>anonymous</username><pt><x>1416</x><y>273</y><time>28-09-20 11:03:42:682</time></pt><pt><x>2700</x><y>273</y><time>28-09-20 11:03:46:497</time></pt><pt><x>2700</x><y>2331</y><time>undefined</time></pt><pt><x>1416</x><y>2331</y><time>undefined</time></pt><closed_date>28-09-20 11:03:46:498</closed_date></polygon></object></annotation>