<annotation><filename>m2_s06_250_p_ic019.jpg</filename><folder>users/joselusava//valeria/m2_sala06_250_ic</folder><source><submittedBy>Jose Saca</submittedBy></source><imagesize><nrows>2910</nrows><ncols>4361</ncols></imagesize><object><name>m2_s06_250_p_ic019</name><deleted>0</deleted><verified>0</verified><occluded>no</occluded><attributes></attributes><parts><hasparts></hasparts><ispartof></ispartof></parts><date>30-09-20 22:17:46:291</date><id>0</id><type>bounding_box</type><polygon><username>anonymous</username><pt><x>584</x><y>2486</y><time>30-09-20 22:17:40:763</time></pt><pt><x>3952</x><y>2486</y><time>30-09-20 22:17:42:951</time></pt><pt><x>3952</x><y>992</y><time>undefined</time></pt><pt><x>584</x><y>992</y><time>undefined</time></pt><closed_date>30-09-20 22:17:42:952</closed_date></polygon></object></annotation>