<annotation><filename>m4_s10_157_p_ic079.jpg</filename><folder>users/joselusava//valeria/m04_s10_157_nic</folder><source><submittedBy>Jose Saca</submittedBy></source><imagesize><nrows>2970</nrows><ncols>4451</ncols></imagesize><object><name>m4_s10_157_p_nic079</name><deleted>0</deleted><verified>0</verified><occluded>no</occluded><attributes></attributes><parts><hasparts></hasparts><ispartof></ispartof></parts><date>12-10-20 21:43:26:426</date><id>0</id><type>bounding_box</type><polygon><username>anonymous</username><pt><x>2312</x><y>2829</y><time>12-10-20 21:43:05:057</time></pt><pt><x>4118</x><y>2829</y><time>12-10-20 21:43:06:986</time></pt><pt><x>4118</x><y>714</y><time>undefined</time></pt><pt><x>2312</x><y>714</y><time>undefined</time></pt><closed_date>12-10-20 21:43:06:987</closed_date></polygon></object></annotation>