<annotation><filename>m2_s01_024_p_ic033.jpg</filename><folder>users/joselusava//santiago</folder><source><submittedBy>Jose Saca</submittedBy></source><imagesize><nrows>2850</nrows><ncols>4271</ncols></imagesize><object><name>m2_s01_024_p_ic033</name><deleted>0</deleted><verified>0</verified><occluded>no</occluded><attributes></attributes><parts><hasparts></hasparts><ispartof></ispartof></parts><date>24-09-20 12:26:40:073</date><id>0</id><type>bounding_box</type><polygon><username>anonymous</username><pt><x>1442</x><y>222</y><time>24-09-20 12:26:27:584</time></pt><pt><x>2870</x><y>222</y><time>24-09-20 12:26:31:011</time></pt><pt><x>2870</x><y>2727</y><time>undefined</time></pt><pt><x>1442</x><y>2727</y><time>undefined</time></pt><closed_date>24-09-20 12:26:31:014</closed_date></polygon></object></annotation>