<annotation><filename>m4_s06_089_p_nic011.jpg</filename><folder>users/joselusava//santiago_2</folder><source><submittedBy>Jose Saca</submittedBy></source><imagesize><nrows>2970</nrows><ncols>4451</ncols></imagesize><object><name>m4_s06_089_p_nic011</name><deleted>0</deleted><verified>0</verified><occluded>no</occluded><attributes></attributes><parts><hasparts></hasparts><ispartof></ispartof></parts><date>12-10-20 20:41:48:071</date><id>0</id><type>bounding_box</type><polygon><username>anonymous</username><pt><x>496</x><y>532</y><time>12-10-20 20:41:44:903</time></pt><pt><x>1928</x><y>532</y><time>12-10-20 20:41:46:101</time></pt><pt><x>1928</x><y>2235</y><time>undefined</time></pt><pt><x>496</x><y>2235</y><time>undefined</time></pt><closed_date>12-10-20 20:41:46:101</closed_date></polygon></object></annotation>