<annotation><filename>m2_s06_244_p_nic025.jpg</filename><folder>users/joselusava//museos2020</folder><source><submittedBy>Jose Saca</submittedBy></source><imagesize><nrows>2910</nrows><ncols>4361</ncols></imagesize><object><name>m2_s06_244_p_ic025</name><deleted>0</deleted><verified>0</verified><occluded>no</occluded><attributes></attributes><parts><hasparts></hasparts><ispartof></ispartof></parts><date>25-09-20 18:40:29:372</date><id>0</id><type>bounding_box</type><polygon><username>anonymous</username><pt><x>1720</x><y>1864</y><time>25-09-20 18:40:20:525</time></pt><pt><x>3384</x><y>1864</y><time>25-09-20 18:40:21:833</time></pt><pt><x>3384</x><y>2645</y><time>undefined</time></pt><pt><x>1720</x><y>2645</y><time>undefined</time></pt><closed_date>25-09-20 18:40:21:835</closed_date></polygon></object></annotation>