<annotation><filename>m2_s01_054_p_nic026.jpg</filename><folder>users/joselusava//kath</folder><source><submittedBy>Jose Saca</submittedBy></source><imagesize><nrows>2850</nrows><ncols>4271</ncols></imagesize><object><name>m2_s01_054_p_nic026</name><deleted>0</deleted><verified>0</verified><occluded>no</occluded><attributes></attributes><parts><hasparts></hasparts><ispartof></ispartof></parts><date>30-09-20 11:17:45:787</date><id>0</id><type>bounding_box</type><polygon><username>anonymous</username><pt><x>2766</x><y>519</y><time>30-09-20 11:17:39:714</time></pt><pt><x>3552</x><y>519</y><time>30-09-20 11:17:42:687</time></pt><pt><x>3552</x><y>1741</y><time>undefined</time></pt><pt><x>2766</x><y>1741</y><time>undefined</time></pt><closed_date>30-09-20 11:17:42:687</closed_date></polygon></object></annotation>