<annotation><filename>m2_s01_034_p_nic054.jpg</filename><folder>users/joselusava//kath</folder><source><submittedBy>Jose Saca</submittedBy></source><imagesize><nrows>2850</nrows><ncols>4271</ncols></imagesize><object><name>m2_s01_034_p_nic054</name><deleted>0</deleted><verified>0</verified><occluded>no</occluded><attributes></attributes><parts><hasparts></hasparts><ispartof></ispartof></parts><date>25-09-20 20:14:12:346</date><id>0</id><type>bounding_box</type><polygon><username>anonymous</username><pt><x>2671</x><y>659</y><time>25-09-20 20:13:50:646</time></pt><pt><x>3602</x><y>659</y><time>25-09-20 20:13:53:493</time></pt><pt><x>3602</x><y>2112</y><time>undefined</time></pt><pt><x>2671</x><y>2112</y><time>undefined</time></pt><closed_date>25-09-20 20:13:53:494</closed_date></polygon></object></annotation>