<annotation><filename>m2_s01_020_x.jpg</filename><folder>users/joselusava//santiago</folder><source><submittedBy>Jose Saca</submittedBy></source><imagesize><nrows>2850</nrows><ncols>4271</ncols></imagesize><object><name>m2_s01_020_x</name><deleted>0</deleted><verified>0</verified><occluded>no</occluded><attributes></attributes><parts><hasparts></hasparts><ispartof></ispartof></parts><date>21-09-20 13:45:30:869</date><id>0</id><type>bounding_box</type><polygon><username>anonymous</username><pt><x>1324</x><y>218</y><time>21-09-20 13:45:21:071</time></pt><pt><x>2876</x><y>218</y><time>21-09-20 13:45:23:629</time></pt><pt><x>2876</x><y>2539</y><time>undefined</time></pt><pt><x>1324</x><y>2539</y><time>undefined</time></pt><closed_date>21-09-20 13:45:23:631</closed_date></polygon></object></annotation>