<annotation><filename>m4_s03_025_p_ic007.jpg</filename><folder>users/joselusava//juancarlos</folder><source><submittedBy>Jose Saca</submittedBy></source><imagesize><nrows>2910</nrows><ncols>4361</ncols></imagesize><object><name>m4_s02_025_p_ic007</name><deleted>0</deleted><verified>0</verified><occluded>no</occluded><attributes></attributes><parts><hasparts></hasparts><ispartof></ispartof></parts><date>05-11-20 17:06:14:170</date><id>0</id><type>bounding_box</type><polygon><username>anonymous</username><pt><x>739</x><y>805</y><time>05-11-20 17:06:07:457</time></pt><pt><x>3927</x><y>805</y><time>05-11-20 17:06:08:787</time></pt><pt><x>3927</x><y>2397</y><time>undefined</time></pt><pt><x>739</x><y>2397</y><time>undefined</time></pt><closed_date>05-11-20 17:06:08:787</closed_date></polygon></object></annotation>