<annotation><filename>m2_s02_085_p_ic011.jpg</filename><folder>users/joselusava//m2_jsv/85/ic</folder><source><submittedBy>Jose Saca</submittedBy></source><imagesize><nrows>2910</nrows><ncols>4361</ncols></imagesize><object><name>m2_s02_085_p_ic011</name><deleted>0</deleted><verified>0</verified><occluded>no</occluded><attributes></attributes><parts><hasparts></hasparts><ispartof></ispartof></parts><date>16-09-20 13:31:13:571</date><id>0</id><type>bounding_box</type><polygon><username>anonymous</username><pt><x>1375</x><y>740</y><time>16-09-20 13:31:10:816</time></pt><pt><x>2916</x><y>740</y><time>16-09-20 13:31:12:653</time></pt><pt><x>2916</x><y>2098</y><time>undefined</time></pt><pt><x>1375</x><y>2098</y><time>undefined</time></pt><closed_date>16-09-20 13:31:12:653</closed_date></polygon></object></annotation>