<annotation><filename>m2_s01_018_p_nic071.jpg</filename><folder>users/joselusava//santiago_2</folder><source><submittedBy>Jose Saca</submittedBy></source><imagesize><nrows>2850</nrows><ncols>4271</ncols></imagesize><object><name>m2_s01_018_p_nic071</name><deleted>0</deleted><verified>0</verified><occluded>no</occluded><attributes></attributes><parts><hasparts></hasparts><ispartof></ispartof></parts><date>29-09-20 18:32:12:231</date><id>0</id><type>bounding_box</type><polygon><username>anonymous</username><pt><x>465</x><y>519</y><time>29-09-20 18:32:09:427</time></pt><pt><x>1010</x><y>519</y><time>29-09-20 18:32:10:288</time></pt><pt><x>1010</x><y>1035</y><time>undefined</time></pt><pt><x>465</x><y>1035</y><time>undefined</time></pt><closed_date>29-09-20 18:32:10:289</closed_date></polygon></object></annotation>