<annotation><filename>m4_s05_052_p_ic044.jpg</filename><folder>users/joselusava//santiago_2</folder><source><submittedBy>Jose Saca</submittedBy></source><imagesize><nrows>2910</nrows><ncols>4361</ncols></imagesize><object><name>m4_s05_052_p_ic044</name><deleted>0</deleted><verified>0</verified><occluded>no</occluded><attributes></attributes><parts><hasparts></hasparts><ispartof></ispartof></parts><date>07-10-20 22:11:58:257</date><id>0</id><type>bounding_box</type><polygon><username>anonymous</username><pt><x>1403</x><y>662</y><time>07-10-20 22:11:52:279</time></pt><pt><x>3062</x><y>662</y><time>07-10-20 22:11:55:207</time></pt><pt><x>3062</x><y>2404</y><time>undefined</time></pt><pt><x>1403</x><y>2404</y><time>undefined</time></pt><closed_date>07-10-20 22:11:55:208</closed_date></polygon></object></annotation>