<annotation><filename>m4_s07_105_p_nic033.jpg</filename><folder>users/joselusava//kath/m4_105/nic</folder><source><submittedBy>Jose Saca</submittedBy></source><imagesize><nrows>2970</nrows><ncols>4451</ncols></imagesize><object><name>m4_s07_105_p_nic033</name><deleted>0</deleted><verified>0</verified><occluded>no</occluded><attributes></attributes><parts><hasparts></hasparts><ispartof></ispartof></parts><date>29-10-20 09:41:31:339</date><id>0</id><type>bounding_box</type><polygon><username>anonymous</username><pt><x>884</x><y>1139</y><time>29-10-20 09:41:27:826</time></pt><pt><x>1778</x><y>1139</y><time>29-10-20 09:41:28:825</time></pt><pt><x>1778</x><y>2754</y><time>undefined</time></pt><pt><x>884</x><y>2754</y><time>undefined</time></pt><closed_date>29-10-20 09:41:28:825</closed_date></polygon></object></annotation>