<annotation><filename>m2_s03_248_p_ic001.jpg</filename><folder>users/joselusava//museos2020</folder><source><submittedBy>Jose Saca</submittedBy></source><imagesize><nrows>2910</nrows><ncols>4361</ncols></imagesize><object><name>m2_s03_248_p_ic001</name><deleted>0</deleted><verified>0</verified><occluded>no</occluded><attributes></attributes><parts><hasparts></hasparts><ispartof></ispartof></parts><date>26-09-20 22:13:35:167</date><id>0</id><type>bounding_box</type><polygon><username>anonymous</username><pt><x>274</x><y>525</y><time>26-09-20 22:13:22:484</time></pt><pt><x>4323</x><y>525</y><time>26-09-20 22:13:28:324</time></pt><pt><x>4323</x><y>2371</y><time>undefined</time></pt><pt><x>274</x><y>2371</y><time>undefined</time></pt><closed_date>26-09-20 22:13:28:325</closed_date></polygon></object></annotation>