<annotation><filename>m1_s01_004_p_nic065.jpg</filename><folder>users/joselusava//valeria_apoyo/sala01_004_nic</folder><source><submittedBy>Jose Saca</submittedBy></source><imagesize><nrows>3200</nrows><ncols>4800</ncols></imagesize><object><name>m1_s01_004_p_nic065</name><deleted>0</deleted><verified>0</verified><occluded>no</occluded><attributes></attributes><parts><hasparts></hasparts><ispartof></ispartof></parts><date>17-09-20 19:37:51:342</date><id>0</id><type>bounding_box</type><polygon><username>anonymous</username><pt><x>4376</x><y>873</y><time>17-09-20 19:37:43:364</time></pt><pt><x>1606</x><y>873</y><time>17-09-20 19:37:47:090</time></pt><pt><x>1606</x><y>267</y><time>undefined</time></pt><pt><x>4376</x><y>267</y><time>undefined</time></pt><closed_date>17-09-20 19:37:47:091</closed_date></polygon></object></annotation>