<annotation><filename>m1_s01_001_p_nic092.jpg</filename><folder>users/joselusava//juancarlos</folder><source><submittedBy>Jose Saca</submittedBy></source><imagesize><nrows>3200</nrows><ncols>4800</ncols></imagesize><object><name>m1_s01_001_p_nic092</name><deleted>0</deleted><verified>0</verified><occluded>no</occluded><attributes></attributes><parts><hasparts></hasparts><ispartof></ispartof></parts><date>12-09-20 07:49:09:832</date><id>0</id><type>bounding_box</type><polygon><username>anonymous</username><pt><x>405</x><y>1814</y><time>12-09-20 07:48:55:088</time></pt><pt><x>2030</x><y>1814</y><time>12-09-20 07:48:59:201</time></pt><pt><x>2030</x><y>2795</y><time>undefined</time></pt><pt><x>405</x><y>2795</y><time>undefined</time></pt><closed_date>12-09-20 07:48:59:203</closed_date></polygon></object></annotation>