<annotation><filename>m4_s04_039_p_ic021.jpg</filename><folder>users/joselusava//santiago_2</folder><source><submittedBy>Jose Saca</submittedBy></source><imagesize><nrows>2970</nrows><ncols>4451</ncols></imagesize><object><name>m4_s04_039_p_ic021</name><deleted>0</deleted><verified>0</verified><occluded>no</occluded><attributes></attributes><parts><hasparts></hasparts><ispartof></ispartof></parts><date>20-10-20 18:30:39:938</date><id>0</id><type>bounding_box</type><polygon><username>anonymous</username><pt><x>1867</x><y>200</y><time>20-10-20 18:30:34:897</time></pt><pt><x>2563</x><y>200</y><time>20-10-20 18:30:37:529</time></pt><pt><x>2563</x><y>2949</y><time>undefined</time></pt><pt><x>1867</x><y>2949</y><time>undefined</time></pt><closed_date>20-10-20 18:30:37:530</closed_date></polygon></object></annotation>