<annotation><filename>m2_s05_236_p_ic024.jpg</filename><folder>users/joselusava//museos2020</folder><source><submittedBy>Jose Saca</submittedBy></source><imagesize><nrows>2910</nrows><ncols>4361</ncols></imagesize><object><name>m2_s05_236_p_ic024</name><deleted>0</deleted><verified>0</verified><occluded>no</occluded><attributes></attributes><parts><hasparts></hasparts><ispartof></ispartof></parts><date>16-09-20 18:11:26:838</date><id>0</id><type>bounding_box</type><polygon><username>anonymous</username><pt><x>3956</x><y>56</y><time>16-09-20 18:11:12:067</time></pt><pt><x>288</x><y>56</y><time>16-09-20 18:11:17:058</time></pt><pt><x>288</x><y>2840</y><time>undefined</time></pt><pt><x>3956</x><y>2840</y><time>undefined</time></pt><closed_date>16-09-20 18:11:17:059</closed_date></polygon></object></annotation>