<annotation><filename>m4_s07_105_p_nic088.jpg</filename><folder>users/joselusava//kath/m4_105/nic</folder><source><submittedBy>Jose Saca</submittedBy></source><imagesize><nrows>2970</nrows><ncols>4451</ncols></imagesize><object><name>m4_s07_105_p_nic086</name><deleted>0</deleted><verified>0</verified><occluded>no</occluded><attributes></attributes><parts><hasparts></hasparts><ispartof></ispartof></parts><date>03-11-20 09:16:06:973</date><id>0</id><type>bounding_box</type><polygon><username>anonymous</username><pt><x>1865</x><y>2879</y><time>03-11-20 09:16:02:338</time></pt><pt><x>2523</x><y>2879</y><time>03-11-20 09:16:04:565</time></pt><pt><x>2523</x><y>1600</y><time>undefined</time></pt><pt><x>1865</x><y>1600</y><time>undefined</time></pt><closed_date>03-11-20 09:16:04:565</closed_date></polygon></object></annotation>