<annotation><filename>m4_s02_021_p_ic089.jpg</filename><folder>users/joselusava//santiago_2</folder><source><submittedBy>Jose Saca</submittedBy></source><imagesize><nrows>2910</nrows><ncols>4361</ncols></imagesize><object><name>m4_s02_021_p_ic089</name><deleted>0</deleted><verified>0</verified><occluded>no</occluded><attributes></attributes><parts><hasparts></hasparts><ispartof></ispartof></parts><date>04-10-20 19:40:15:735</date><id>0</id><type>bounding_box</type><polygon><username>anonymous</username><pt><x>1531</x><y>142</y><time>04-10-20 19:40:12:014</time></pt><pt><x>2927</x><y>142</y><time>04-10-20 19:40:13:698</time></pt><pt><x>2927</x><y>2425</y><time>undefined</time></pt><pt><x>1531</x><y>2425</y><time>undefined</time></pt><closed_date>04-10-20 19:40:13:700</closed_date></polygon></object></annotation>