<annotation><filename>m4_s12_185_p_ic030.jpg</filename><folder>users/joselusava//valeria/m04_s12_185_ic</folder><source><submittedBy>Jose Saca</submittedBy></source><imagesize><nrows>2910</nrows><ncols>4361</ncols></imagesize><object><name>m4_s12_185_p_ic030</name><deleted>0</deleted><verified>0</verified><occluded>no</occluded><attributes></attributes><parts><hasparts></hasparts><ispartof></ispartof></parts><date>17-10-20 16:42:11:233</date><id>0</id><type>bounding_box</type><polygon><username>anonymous</username><pt><x>3777</x><y>2753</y><time>17-10-20 16:42:04:103</time></pt><pt><x>588</x><y>2753</y><time>17-10-20 16:42:06:550</time></pt><pt><x>588</x><y>397</y><time>undefined</time></pt><pt><x>3777</x><y>397</y><time>undefined</time></pt><closed_date>17-10-20 16:42:06:552</closed_date></polygon></object></annotation>