<annotation><filename>m2_s07_264_p_ic053.jpg</filename><folder>users/joselusava//valeria/sala7_264_ic</folder><source><submittedBy>Jose Saca</submittedBy></source><imagesize><nrows>2910</nrows><ncols>4361</ncols></imagesize><object><name>m2_s07_264_p_ic053</name><deleted>0</deleted><verified>0</verified><occluded>no</occluded><attributes></attributes><parts><hasparts></hasparts><ispartof></ispartof></parts><date>23-09-20 11:14:46:918</date><id>0</id><type>bounding_box</type><polygon><username>anonymous</username><pt><x>1290</x><y>457</y><time>23-09-20 11:14:41:790</time></pt><pt><x>2921</x><y>457</y><time>23-09-20 11:14:43:708</time></pt><pt><x>2921</x><y>2662</y><time>undefined</time></pt><pt><x>1290</x><y>2662</y><time>undefined</time></pt><closed_date>23-09-20 11:14:43:710</closed_date></polygon></object></annotation>