<annotation><filename>m2_s01_024_p_ic034.jpg</filename><folder>users/joselusava//santiago</folder><source><submittedBy>Jose Saca</submittedBy></source><imagesize><nrows>2850</nrows><ncols>4271</ncols></imagesize><object><name>m2_s01_024_p_ic034</name><deleted>0</deleted><verified>0</verified><occluded>no</occluded><attributes></attributes><parts><hasparts></hasparts><ispartof></ispartof></parts><date>24-09-20 12:28:17:943</date><id>0</id><type>bounding_box</type><polygon><username>anonymous</username><pt><x>1393</x><y>203</y><time>24-09-20 12:28:06:598</time></pt><pt><x>2934</x><y>203</y><time>24-09-20 12:28:09:084</time></pt><pt><x>2934</x><y>2707</y><time>undefined</time></pt><pt><x>1393</x><y>2707</y><time>undefined</time></pt><closed_date>24-09-20 12:28:09:086</closed_date></polygon></object></annotation>