<annotation><filename>m2_s02_089_x.jpg</filename><folder>users/joselusava//m2_jsv</folder><source><submittedBy>Jose Saca</submittedBy></source><imagesize><nrows>2910</nrows><ncols>4361</ncols></imagesize><object><name>m2_s02_089_x</name><deleted>0</deleted><verified>0</verified><occluded>no</occluded><attributes></attributes><parts><hasparts></hasparts><ispartof></ispartof></parts><date>19-09-20 23:12:11:221</date><id>0</id><type>bounding_box</type><polygon><username>anonymous</username><pt><x>1401</x><y>479</y><time>19-09-20 23:12:09:025</time></pt><pt><x>2733</x><y>479</y><time>19-09-20 23:12:10:558</time></pt><pt><x>2733</x><y>2411</y><time>undefined</time></pt><pt><x>1401</x><y>2411</y><time>undefined</time></pt><closed_date>19-09-20 23:12:10:558</closed_date></polygon></object></annotation>