<annotation><filename>m1_s03-04_103_x.jpg</filename><folder>users/joselusava//valeria/sala03y04</folder><source><submittedBy>Jose Saca</submittedBy></source><imagesize><nrows>3200</nrows><ncols>4800</ncols></imagesize><object><name>m1_s03_s04_103_x</name><deleted>0</deleted><verified>0</verified><occluded>no</occluded><attributes></attributes><parts><hasparts></hasparts><ispartof></ispartof></parts><date>28-08-20 21:42:39:395</date><id>0</id><type>bounding_box</type><polygon><username>anonymous</username><pt><x>4736</x><y>3173</y><time>28-08-20 21:42:32:399</time></pt><pt><x>285</x><y>3173</y><time>28-08-20 21:42:35:025</time></pt><pt><x>285</x><y>274</y><time>undefined</time></pt><pt><x>4736</x><y>274</y><time>undefined</time></pt><closed_date>28-08-20 21:42:35:026</closed_date></polygon></object></annotation>