<annotation><filename>m2_s06_250_p_ic058.jpg</filename><folder>users/joselusava//valeria/m2_sala06_250_ic</folder><source><submittedBy>Jose Saca</submittedBy></source><imagesize><nrows>2910</nrows><ncols>4361</ncols></imagesize><object><name>m2_s06_250_p_ic058</name><deleted>0</deleted><verified>0</verified><occluded>no</occluded><attributes></attributes><parts><hasparts></hasparts><ispartof></ispartof></parts><date>30-09-20 23:46:01:905</date><id>0</id><type>bounding_box</type><polygon><username>anonymous</username><pt><x>3968</x><y>1830</y><time>30-09-20 23:45:56:383</time></pt><pt><x>358</x><y>1830</y><time>30-09-20 23:45:58:419</time></pt><pt><x>358</x><y>882</y><time>undefined</time></pt><pt><x>3968</x><y>882</y><time>undefined</time></pt><closed_date>30-09-20 23:45:58:420</closed_date></polygon></object></annotation>