<annotation><filename>m1_s01_001_p_ic073.jpg</filename><folder>users/joselusava//juancarlos</folder><source><submittedBy>Jose Saca</submittedBy></source><imagesize><nrows>2000</nrows><ncols>2992</ncols></imagesize><object><name>m1_s01_001_p_ic073</name><deleted>0</deleted><verified>0</verified><occluded>no</occluded><attributes></attributes><parts><hasparts></hasparts><ispartof></ispartof></parts><date>01-09-20 10:13:19:845</date><id>0</id><type>bounding_box</type><polygon><username>anonymous</username><pt><x>873</x><y>884</y><time>01-09-20 10:13:01:783</time></pt><pt><x>2205</x><y>884</y><time>01-09-20 10:13:08:327</time></pt><pt><x>2205</x><y>1445</y><time>undefined</time></pt><pt><x>873</x><y>1445</y><time>undefined</time></pt><closed_date>01-09-20 10:13:08:330</closed_date></polygon></object></annotation>