<annotation><filename>m4_s04_047_p_nic040.jpg</filename><folder>users/joselusava//kath/kath_m4_047/nic</folder><source><submittedBy>Jose Saca</submittedBy></source><imagesize><nrows>2970</nrows><ncols>4451</ncols></imagesize><object><name>m4_s04_047_p_nic04_0</name><deleted>0</deleted><verified>0</verified><occluded>no</occluded><attributes></attributes><parts><hasparts></hasparts><ispartof></ispartof></parts><date>24-10-20 18:55:35:967</date><id>0</id><type>bounding_box</type><polygon><username>anonymous</username><pt><x>497</x><y>141</y><time>24-10-20 18:55:25:193</time></pt><pt><x>1767</x><y>141</y><time>24-10-20 18:55:27:522</time></pt><pt><x>1767</x><y>2643</y><time>undefined</time></pt><pt><x>497</x><y>2643</y><time>undefined</time></pt><closed_date>24-10-20 18:55:27:524</closed_date></polygon></object></annotation>