<annotation><filename>m2_s03_252_p_ic056.jpg</filename><folder>users/joselusava//valeria/m2_sala03_252_ic</folder><source><submittedBy>Jose Saca</submittedBy></source><imagesize><nrows>2910</nrows><ncols>4361</ncols></imagesize><object><name>m2_s06_252_p_ic054</name><deleted>0</deleted><verified>0</verified><occluded>no</occluded><attributes/><parts><hasparts/><ispartof/></parts><date>25-09-20 23:09:39:080</date><id>0</id><type>bounding_box</type><polygon><username>anonymous</username><pt><x>887</x><y>441</y><time>25-09-20 23:09:32:914</time></pt><pt><x>3803</x><y>441</y><time>25-09-20 23:09:35:235</time></pt><pt><x>3803</x><y>2502</y><time>undefined</time></pt><pt><x>887</x><y>2502</y><time>undefined</time></pt><closed_date>25-09-20 23:09:35:236</closed_date></polygon></object><object><name>m2_s06_252_p_ic056</name><deleted>0</deleted><verified>0</verified><occluded>no</occluded><attributes></attributes><parts><hasparts></hasparts><ispartof></ispartof></parts><date>27-09-20 00:38:19:278</date><id>1</id><type>bounding_box</type><polygon><username>anonymous</username><pt><x>860</x><y>391</y><time>27-09-20 00:38:14:055</time></pt><pt><x>3803</x><y>391</y><time>27-09-20 00:38:15:915</time></pt><pt><x>3803</x><y>2513</y><time>undefined</time></pt><pt><x>860</x><y>2513</y><time>undefined</time></pt><closed_date>27-09-20 00:38:15:915</closed_date></polygon></object></annotation>