<annotation><filename>m2_s03_248_p_ic084.jpg</filename><folder>users/joselusava//museos2020</folder><source><submittedBy>Jose Saca</submittedBy></source><imagesize><nrows>2910</nrows><ncols>4361</ncols></imagesize><object><name>m2_s03_248_p_ic084</name><deleted>0</deleted><verified>0</verified><occluded>no</occluded><attributes></attributes><parts><hasparts></hasparts><ispartof></ispartof></parts><date>27-09-20 09:14:34:973</date><id>0</id><polygon><username>anonymous</username><pt><x>28</x><y>372</y><time>27-09-20 09:14:23:440</time></pt><pt><x>3700</x><y>42</y><time>27-09-20 09:14:25:044</time></pt><pt><x>3194</x><y>2789</y><time>27-09-20 09:14:25:979</time></pt><pt><x>37</x><y>2143</y><time>27-09-20 09:14:27:755</time></pt><closed_date>27-09-20 09:14:28:887</closed_date></polygon></object></annotation>