<annotation><filename>m1_s06_186_p_ic053.jpg</filename><folder>users/joselusava//jacob_2/186ic</folder><source><submittedBy>Jose Saca</submittedBy></source><imagesize><nrows>2736</nrows><ncols>4100</ncols></imagesize><object><name>s06_186_p_ic053</name><deleted>0</deleted><verified>0</verified><occluded>no</occluded><attributes></attributes><parts><hasparts></hasparts><ispartof></ispartof></parts><date>09-09-20 11:47:33:405</date><id>0</id><type>bounding_box</type><polygon><username>anonymous</username><pt><x>769</x><y>2447</y><time>09-09-20 11:47:31:210</time></pt><pt><x>3052</x><y>2447</y><time>09-09-20 11:47:32:586</time></pt><pt><x>3052</x><y>221</y><time>undefined</time></pt><pt><x>769</x><y>221</y><time>undefined</time></pt><closed_date>09-09-20 11:47:32:586</closed_date></polygon></object></annotation>