<annotation><filename>m4_s02_015_p_ic039.jpg</filename><folder>users/joselusava//m4_js/15ic</folder><source><submittedBy>Jose Saca</submittedBy></source><imagesize><nrows>2910</nrows><ncols>4361</ncols></imagesize><object><name>m4_s02_015_p_ic039</name><deleted>0</deleted><verified>0</verified><occluded>no</occluded><attributes></attributes><parts><hasparts></hasparts><ispartof></ispartof></parts><date>03-10-20 19:21:49:717</date><id>0</id><type>bounding_box</type><polygon><username>anonymous</username><pt><x>2951</x><y>2368</y><time>03-10-20 19:21:47:609</time></pt><pt><x>1271</x><y>2368</y><time>03-10-20 19:21:48:991</time></pt><pt><x>1271</x><y>226</y><time>undefined</time></pt><pt><x>2951</x><y>226</y><time>undefined</time></pt><closed_date>03-10-20 19:21:48:992</closed_date></polygon></object></annotation>