<annotation><filename>m4_s09_134_x.jpg</filename><folder>users/joselusava//kath/m4_x</folder><source><submittedBy>Jose Saca</submittedBy></source><imagesize><nrows>2970</nrows><ncols>4451</ncols></imagesize><object><name>m4_s09_134_x</name><deleted>0</deleted><verified>0</verified><occluded>no</occluded><attributes></attributes><parts><hasparts></hasparts><ispartof></ispartof></parts><date>21-10-20 11:44:17:245</date><id>0</id><polygon><username>anonymous</username><pt><x>1259</x><y>178</y><time>21-10-20 11:44:09:948</time></pt><pt><x>1096</x><y>2908</y><time>21-10-20 11:44:10:915</time></pt><pt><x>3047</x><y>2850</y><time>21-10-20 11:44:11:947</time></pt><pt><x>2749</x><y>183</y><time>21-10-20 11:44:13:038</time></pt><closed_date>21-10-20 11:44:14:958</closed_date></polygon></object></annotation>