<annotation><filename>m2_s01_032_p_nic053.jpg</filename><folder>users/joselusava//santiago_2</folder><source><submittedBy>Jose Saca</submittedBy></source><imagesize><nrows>2850</nrows><ncols>4271</ncols></imagesize><object><name>m2_s01_032_p_nic053</name><deleted>0</deleted><verified>0</verified><occluded>no</occluded><attributes></attributes><parts><hasparts></hasparts><ispartof></ispartof></parts><date>30-09-20 20:50:58:904</date><id>0</id><type>bounding_box</type><polygon><username>anonymous</username><pt><x>1686</x><y>234</y><time>30-09-20 20:50:56:045</time></pt><pt><x>2463</x><y>234</y><time>30-09-20 20:50:57:039</time></pt><pt><x>2463</x><y>1269</y><time>undefined</time></pt><pt><x>1686</x><y>1269</y><time>undefined</time></pt><closed_date>30-09-20 20:50:57:040</closed_date></polygon></object></annotation>