<annotation><filename>m2_s05_236_p_nic092.jpg</filename><folder>users/joselusava//museos2020</folder><source><submittedBy>Jose Saca</submittedBy></source><imagesize><nrows>2910</nrows><ncols>4361</ncols></imagesize><object><name>m2_s05_236_p_nic092</name><deleted>0</deleted><verified>0</verified><occluded>no</occluded><attributes></attributes><parts><hasparts></hasparts><ispartof></ispartof></parts><date>17-09-20 13:36:10:534</date><id>0</id><type>bounding_box</type><polygon><username>anonymous</username><pt><x>251</x><y>688</y><time>17-09-20 13:36:00:743</time></pt><pt><x>2808</x><y>688</y><time>17-09-20 13:36:03:092</time></pt><pt><x>2808</x><y>2631</y><time>undefined</time></pt><pt><x>251</x><y>2631</y><time>undefined</time></pt><closed_date>17-09-20 13:36:03:093</closed_date></polygon></object></annotation>