<annotation><filename>m3_s01_002_p_ic062.jpg</filename><folder>users/joselusava//santiago_3</folder><source><submittedBy>Jose Saca</submittedBy></source><imagesize><nrows>2970</nrows><ncols>4451</ncols></imagesize><object><name>m3_s01_002_p_ic062</name><deleted>0</deleted><verified>0</verified><occluded>no</occluded><attributes></attributes><parts><hasparts></hasparts><ispartof></ispartof></parts><date>28-10-20 21:42:53:586</date><id>0</id><type>bounding_box</type><polygon><username>anonymous</username><pt><x>464</x><y>357</y><time>28-10-20 21:42:49:933</time></pt><pt><x>3705</x><y>357</y><time>28-10-20 21:42:51:550</time></pt><pt><x>3705</x><y>2420</y><time>undefined</time></pt><pt><x>464</x><y>2420</y><time>undefined</time></pt><closed_date>28-10-20 21:42:51:551</closed_date></polygon></object></annotation>