<annotation><filename>m1_s06_170_x.jpg</filename><folder>users/joselusava//jacob_2/sala6</folder><source><submittedBy>Jose Saca</submittedBy></source><imagesize><nrows>2736</nrows><ncols>4100</ncols></imagesize><object><name>m1_s06_170_x</name><deleted>0</deleted><verified>0</verified><occluded>no</occluded><attributes></attributes><parts><hasparts></hasparts><ispartof></ispartof></parts><date>06-09-20 01:47:01:124</date><id>0</id><type>bounding_box</type><polygon><username>anonymous</username><pt><x>962</x><y>2527</y><time>06-09-20 01:46:58:353</time></pt><pt><x>3171</x><y>2527</y><time>06-09-20 01:47:00:230</time></pt><pt><x>3171</x><y>106</y><time>undefined</time></pt><pt><x>962</x><y>106</y><time>undefined</time></pt><closed_date>06-09-20 01:47:00:230</closed_date></polygon></object></annotation>