<annotation><filename>m2_s01_058_p_ic046.jpg</filename><folder>users/joselusava//m2_jsv/58/ic</folder><source><submittedBy>Jose Saca</submittedBy></source><imagesize><nrows>2850</nrows><ncols>4271</ncols></imagesize><object><name>m2_s01_058_p_ic046</name><deleted>0</deleted><verified>0</verified><occluded>no</occluded><attributes></attributes><parts><hasparts></hasparts><ispartof></ispartof></parts><date>29-09-20 13:16:18:383</date><id>0</id><type>bounding_box</type><polygon><username>anonymous</username><pt><x>1010</x><y>467</y><time>29-09-20 13:16:16:471</time></pt><pt><x>3295</x><y>467</y><time>29-09-20 13:16:17:739</time></pt><pt><x>3295</x><y>2361</y><time>undefined</time></pt><pt><x>1010</x><y>2361</y><time>undefined</time></pt><closed_date>29-09-20 13:16:17:739</closed_date></polygon></object></annotation>