<annotation><filename>m2_s01_032_p_nic065.jpg</filename><folder>users/joselusava//santiago_2</folder><source><submittedBy>Jose Saca</submittedBy></source><imagesize><nrows>2850</nrows><ncols>4271</ncols></imagesize><object><name>m2_s01_032_p_nic065</name><deleted>0</deleted><verified>0</verified><occluded>no</occluded><attributes></attributes><parts><hasparts></hasparts><ispartof></ispartof></parts><date>30-09-20 21:06:10:675</date><id>0</id><type>bounding_box</type><polygon><username>anonymous</username><pt><x>302</x><y>1673</y><time>30-09-20 21:06:07:788</time></pt><pt><x>1235</x><y>1673</y><time>30-09-20 21:06:08:492</time></pt><pt><x>1235</x><y>2602</y><time>undefined</time></pt><pt><x>302</x><y>2602</y><time>undefined</time></pt><closed_date>30-09-20 21:06:08:493</closed_date></polygon></object></annotation>