<annotation><filename>m1_s06_141_p_nic032.jpg</filename><folder>users/joselusava//jacob_2/141nic</folder><source><submittedBy>Jose Saca</submittedBy></source><imagesize><nrows>2736</nrows><ncols>4100</ncols></imagesize><object><name>m1_s06_141_p_nic032</name><deleted>0</deleted><verified>0</verified><occluded>no</occluded><attributes></attributes><parts><hasparts></hasparts><ispartof></ispartof></parts><date>05-09-20 01:11:00:171</date><id>0</id><type>bounding_box</type><polygon><username>anonymous</username><pt><x>3532</x><y>2138</y><time>05-09-20 01:10:57:940</time></pt><pt><x>2463</x><y>2138</y><time>05-09-20 01:10:59:487</time></pt><pt><x>2463</x><y>480</y><time>undefined</time></pt><pt><x>3532</x><y>480</y><time>undefined</time></pt><closed_date>05-09-20 01:10:59:487</closed_date></polygon></object></annotation>