<annotation><filename>m4_s04_037_p_nic051.jpg</filename><folder>users/joselusava//santiago_2</folder><source><submittedBy>Jose Saca</submittedBy></source><imagesize><nrows>2970</nrows><ncols>4451</ncols></imagesize><object><name>m4_s04_037_p_nic051</name><deleted>0</deleted><verified>0</verified><occluded>no</occluded><attributes></attributes><parts><hasparts></hasparts><ispartof></ispartof></parts><date>19-10-20 22:27:52:718</date><id>0</id><type>bounding_box</type><polygon><username>anonymous</username><pt><x>3045</x><y>1506</y><time>19-10-20 22:27:49:569</time></pt><pt><x>3909</x><y>1506</y><time>19-10-20 22:27:50:475</time></pt><pt><x>3909</x><y>2577</y><time>undefined</time></pt><pt><x>3045</x><y>2577</y><time>undefined</time></pt><closed_date>19-10-20 22:27:50:476</closed_date></polygon></object></annotation>