<annotation><filename>m2_s01_017_x.jpg</filename><folder>users/joselusava//santiago</folder><source><submittedBy>Jose Saca</submittedBy></source><imagesize><nrows>2850</nrows><ncols>4271</ncols></imagesize><object><name>m2_s01_017_x</name><deleted>0</deleted><verified>0</verified><occluded>no</occluded><attributes></attributes><parts><hasparts></hasparts><ispartof></ispartof></parts><date>21-09-20 13:40:10:324</date><id>0</id><type>bounding_box</type><polygon><username>anonymous</username><pt><x>1741</x><y>363</y><time>21-09-20 13:40:01:705</time></pt><pt><x>2826</x><y>363</y><time>21-09-20 13:40:03:936</time></pt><pt><x>2826</x><y>2534</y><time>undefined</time></pt><pt><x>1741</x><y>2534</y><time>undefined</time></pt><closed_date>21-09-20 13:40:03:938</closed_date></polygon></object></annotation>