<annotation><filename>m1_s06_168_p_ic077.jpg</filename><folder>users/joselusava//jacob_2/168ic</folder><source><submittedBy>Jose Saca</submittedBy></source><imagesize><nrows>2736</nrows><ncols>4100</ncols></imagesize><object><name>m1_s06_168_p_ic077</name><deleted>0</deleted><verified>0</verified><occluded>no</occluded><attributes></attributes><parts><hasparts></hasparts><ispartof></ispartof></parts><date>08-09-20 22:47:32:972</date><id>0</id><type>bounding_box</type><polygon><username>anonymous</username><pt><x>982</x><y>2725</y><time>08-09-20 22:47:29:138</time></pt><pt><x>2848</x><y>2725</y><time>08-09-20 22:47:31:838</time></pt><pt><x>2848</x><y>638</y><time>undefined</time></pt><pt><x>982</x><y>638</y><time>undefined</time></pt><closed_date>08-09-20 22:47:31:838</closed_date></polygon></object></annotation>