<annotation><filename>m1_s01_017_p_ic040.jpg</filename><folder>users/joselusava//santiago</folder><source><submittedBy>Jose Saca</submittedBy></source><imagesize><nrows>3200</nrows><ncols>4800</ncols></imagesize><object><name>m1_s01_017_p_ic040</name><deleted>0</deleted><verified>0</verified><occluded>no</occluded><attributes></attributes><parts><hasparts></hasparts><ispartof></ispartof></parts><date>10-09-20 22:12:02:665</date><id>0</id><type>bounding_box</type><polygon><username>anonymous</username><pt><x>1476</x><y>914</y><time>10-09-20 22:11:52:093</time></pt><pt><x>3538</x><y>914</y><time>10-09-20 22:11:55:869</time></pt><pt><x>3538</x><y>2037</y><time>undefined</time></pt><pt><x>1476</x><y>2037</y><time>undefined</time></pt><closed_date>10-09-20 22:11:55:871</closed_date></polygon></object></annotation>