<annotation><filename>m3_s01_013_p.jpg</filename><folder>users/joselusava//valeria/m03_s01_13_ic</folder><source><submittedBy>Jose Saca</submittedBy></source><imagesize><nrows>2970</nrows><ncols>4451</ncols></imagesize><object><name>img_m3_s01_13_p</name><deleted>0</deleted><verified>0</verified><occluded>no</occluded><attributes></attributes><parts><hasparts></hasparts><ispartof></ispartof></parts><date>28-10-20 19:49:13:317</date><id>0</id><type>bounding_box</type><polygon><username>anonymous</username><pt><x>480</x><y>2302</y><time>28-10-20 19:47:31:674</time></pt><pt><x>3964</x><y>2302</y><time>28-10-20 19:47:34:226</time></pt><pt><x>3964</x><y>188</y><time>undefined</time></pt><pt><x>480</x><y>188</y><time>undefined</time></pt><closed_date>28-10-20 19:47:34:229</closed_date></polygon></object></annotation>