<annotation><filename>m4_s04_039_p_nic029.jpg</filename><folder>users/joselusava//santiago_2</folder><source><submittedBy>Jose Saca</submittedBy></source><imagesize><nrows>2970</nrows><ncols>4451</ncols></imagesize><object><name>m4_s04_039_p_nic029</name><deleted>0</deleted><verified>0</verified><occluded>no</occluded><attributes></attributes><parts><hasparts></hasparts><ispartof></ispartof></parts><date>21-10-20 21:07:45:811</date><id>0</id><type>bounding_box</type><polygon><username>anonymous</username><pt><x>2634</x><y>1146</y><time>21-10-20 21:07:42:049</time></pt><pt><x>3309</x><y>1146</y><time>21-10-20 21:07:43:521</time></pt><pt><x>3309</x><y>2895</y><time>undefined</time></pt><pt><x>2634</x><y>2895</y><time>undefined</time></pt><closed_date>21-10-20 21:07:43:522</closed_date></polygon></object></annotation>