<annotation><filename>m3_s01_010_p_nic078.jpg</filename><folder>users/joselusava//m4_js/m3/10/nic</folder><source><submittedBy>Jose Saca</submittedBy></source><imagesize><nrows>2970</nrows><ncols>4451</ncols></imagesize><object><name>m3_s01_010_p_nic078</name><deleted>0</deleted><verified>0</verified><occluded>no</occluded><attributes></attributes><parts><hasparts></hasparts><ispartof></ispartof></parts><date>29-10-20 14:41:25:548</date><id>0</id><type>bounding_box</type><polygon><username>anonymous</username><pt><x>10</x><y>238</y><time>29-10-20 14:41:23:004</time></pt><pt><x>2153</x><y>238</y><time>29-10-20 14:41:24:966</time></pt><pt><x>2153</x><y>2671</y><time>undefined</time></pt><pt><x>10</x><y>2671</y><time>undefined</time></pt><closed_date>29-10-20 14:41:24:966</closed_date></polygon></object></annotation>