<annotation><filename>m3_s01_018_p_nic094.jpg</filename><folder>users/joselusava//m4_js/18/nic</folder><source><submittedBy>Jose Saca</submittedBy></source><imagesize><nrows>2970</nrows><ncols>4451</ncols></imagesize><object><name>m3_s01_018_p_nic094</name><deleted>0</deleted><verified>0</verified><occluded>no</occluded><attributes></attributes><parts><hasparts></hasparts><ispartof></ispartof></parts><date>05-11-20 18:21:42:589</date><id>0</id><type>bounding_box</type><polygon><username>anonymous</username><pt><x>10</x><y>-10</y><time>05-11-20 18:21:40:139</time></pt><pt><x>3299</x><y>-10</y><time>05-11-20 18:21:42:018</time></pt><pt><x>3299</x><y>2812</y><time>undefined</time></pt><pt><x>10</x><y>2812</y><time>undefined</time></pt><closed_date>05-11-20 18:21:42:019</closed_date></polygon></object></annotation>