<annotation><filename>m4_s10_157_p_ic007.jpg</filename><folder>users/joselusava//valeria/m04_s10_157_ic</folder><source><submittedBy>Jose Saca</submittedBy></source><imagesize><nrows>2970</nrows><ncols>4451</ncols></imagesize><object><name>m4_s10_157_p_ic007</name><deleted>0</deleted><verified>0</verified><occluded>no</occluded><attributes></attributes><parts><hasparts></hasparts><ispartof></ispartof></parts><date>12-10-20 15:40:31:536</date><id>0</id><type>bounding_box</type><polygon><username>anonymous</username><pt><x>1159</x><y>2874</y><time>12-10-20 15:40:22:176</time></pt><pt><x>3240</x><y>2874</y><time>12-10-20 15:40:24:376</time></pt><pt><x>3240</x><y>270</y><time>undefined</time></pt><pt><x>1159</x><y>270</y><time>undefined</time></pt><closed_date>12-10-20 15:40:24:376</closed_date></polygon></object></annotation>