<annotation><filename>m2_s03_219_p_nic068.jpg</filename><folder>users/joselusava//valeria/m2_sala03_219_nic</folder><source><submittedBy>Jose Saca</submittedBy></source><imagesize><nrows>2910</nrows><ncols>4361</ncols></imagesize><object><name>m2_s03_219_p_nic068</name><deleted>0</deleted><verified>0</verified><occluded>no</occluded><attributes></attributes><parts><hasparts></hasparts><ispartof></ispartof></parts><date>29-09-20 18:51:13:092</date><id>0</id><type>bounding_box</type><polygon><username>anonymous</username><pt><x>3075</x><y>2789</y><time>29-09-20 18:51:06:300</time></pt><pt><x>4216</x><y>2789</y><time>29-09-20 18:51:09:417</time></pt><pt><x>4216</x><y>821</y><time>undefined</time></pt><pt><x>3075</x><y>821</y><time>undefined</time></pt><closed_date>29-09-20 18:51:09:419</closed_date></polygon></object></annotation>