<annotation><filename>m3_s01_002_p_ic041.jpg</filename><folder>users/joselusava//santiago_3</folder><source><submittedBy>Jose Saca</submittedBy></source><imagesize><nrows>2970</nrows><ncols>4451</ncols></imagesize><object><name>m3_s01_002_p_ic041</name><deleted>0</deleted><verified>0</verified><occluded>no</occluded><attributes></attributes><parts><hasparts></hasparts><ispartof></ispartof></parts><date>28-10-20 18:59:30:419</date><id>0</id><type>bounding_box</type><polygon><username>anonymous</username><pt><x>439</x><y>307</y><time>28-10-20 18:59:26:866</time></pt><pt><x>3552</x><y>307</y><time>28-10-20 18:59:28:441</time></pt><pt><x>3552</x><y>2185</y><time>undefined</time></pt><pt><x>439</x><y>2185</y><time>undefined</time></pt><closed_date>28-10-20 18:59:28:441</closed_date></polygon></object></annotation>