<annotation><filename>m2_s01_056_p_ic090.jpg</filename><folder>users/joselusava//m2_jsv/56/ic</folder><source><submittedBy>Jose Saca</submittedBy></source><imagesize><nrows>2850</nrows><ncols>4271</ncols></imagesize><object><name>m2_s01_056_p_ic090</name><deleted>0</deleted><verified>0</verified><occluded>no</occluded><attributes></attributes><parts><hasparts></hasparts><ispartof></ispartof></parts><date>28-09-20 21:56:02:323</date><id>0</id><type>bounding_box</type><polygon><username>anonymous</username><pt><x>2785</x><y>2225</y><time>28-09-20 21:56:00:566</time></pt><pt><x>1350</x><y>2225</y><time>28-09-20 21:56:01:666</time></pt><pt><x>1350</x><y>509</y><time>undefined</time></pt><pt><x>2785</x><y>509</y><time>undefined</time></pt><closed_date>28-09-20 21:56:01:666</closed_date></polygon></object></annotation>