<annotation><filename>img_m1_s03-04_108_p_nic055.jpg</filename><folder>users/joselusava//valeria/sala3y4_108_nic</folder><source><submittedBy>Jose Saca</submittedBy></source><imagesize><nrows>3200</nrows><ncols>4800</ncols></imagesize><object><name>m1_s03_s04_108_p_nic055</name><deleted>0</deleted><verified>0</verified><occluded>no</occluded><attributes></attributes><parts><hasparts></hasparts><ispartof></ispartof></parts><date>02-09-20 18:26:27:764</date><id>0</id><type>bounding_box</type><polygon><username>anonymous</username><pt><x>4770</x><y>2939</y><time>02-09-20 18:26:13:758</time></pt><pt><x>1588</x><y>2939</y><time>02-09-20 18:26:18:321</time></pt><pt><x>1588</x><y>2182</y><time>undefined</time></pt><pt><x>4770</x><y>2182</y><time>undefined</time></pt><closed_date>02-09-20 18:26:18:322</closed_date></polygon></object></annotation>