<annotation><filename>m2_s06_250_p_ic089.jpg</filename><folder>users/joselusava//valeria/m2_sala06_250_ic</folder><source><submittedBy>Jose Saca</submittedBy></source><imagesize><nrows>2910</nrows><ncols>4361</ncols></imagesize><object><name>m2_s06_250_p_ic088</name><deleted>0</deleted><verified>0</verified><occluded>no</occluded><attributes></attributes><parts><hasparts></hasparts><ispartof></ispartof></parts><date>01-10-20 00:22:40:816</date><id>0</id><type>bounding_box</type><polygon><username>anonymous</username><pt><x>237</x><y>1780</y><time>01-10-20 00:22:36:293</time></pt><pt><x>3990</x><y>1780</y><time>01-10-20 00:22:37:823</time></pt><pt><x>3990</x><y>976</y><time>undefined</time></pt><pt><x>237</x><y>976</y><time>undefined</time></pt><closed_date>01-10-20 00:22:37:824</closed_date></polygon></object></annotation>