<annotation><filename>m1_s02_054_x.jpg</filename><folder>users/joselusava//valeria/sala2</folder><source><submittedBy>Jose Saca</submittedBy></source><imagesize><nrows>3200</nrows><ncols>4800</ncols></imagesize><object><name>m1_s02_054_x</name><deleted>0</deleted><verified>0</verified><occluded>no</occluded><attributes></attributes><parts><hasparts></hasparts><ispartof></ispartof></parts><date>28-08-20 18:58:46:287</date><id>0</id><type>bounding_box</type><polygon><username>anonymous</username><pt><x>3936</x><y>3077</y><time>28-08-20 18:58:38:747</time></pt><pt><x>983</x><y>3077</y><time>28-08-20 18:58:42:068</time></pt><pt><x>983</x><y>172</y><time>undefined</time></pt><pt><x>3936</x><y>172</y><time>undefined</time></pt><closed_date>28-08-20 18:58:42:069</closed_date></polygon></object></annotation>