<annotation><filename>m1_s02_029_p_nic070.jpg</filename><folder>users/joselusava//valeria/sala2_029_nic</folder><source><submittedBy>Jose Saca</submittedBy></source><imagesize><nrows>3200</nrows><ncols>4800</ncols></imagesize><object><name>m1_s02_029_p_nic070</name><deleted>0</deleted><verified>0</verified><occluded>no</occluded><attributes></attributes><parts><hasparts></hasparts><ispartof></ispartof></parts><date>26-08-20 20:16:19:116</date><id>0</id><type>bounding_box</type><polygon><username>anonymous</username><pt><x>2008</x><y>1777</y><time>26-08-20 20:16:12:480</time></pt><pt><x>2991</x><y>1777</y><time>26-08-20 20:16:15:264</time></pt><pt><x>2991</x><y>2905</y><time>undefined</time></pt><pt><x>2008</x><y>2905</y><time>undefined</time></pt><closed_date>26-08-20 20:16:15:265</closed_date></polygon></object></annotation>