<annotation><filename>m2_s03_206_x.jpg</filename><folder>users/joselusava//juancarlos</folder><source><submittedBy>Jose Saca</submittedBy></source><imagesize><nrows>2910</nrows><ncols>4361</ncols></imagesize><object><name>m2_s03_206_x</name><deleted>0</deleted><verified>0</verified><occluded>no</occluded><attributes></attributes><parts><hasparts></hasparts><ispartof></ispartof></parts><date>30-09-20 16:04:02:386</date><id>0</id><type>bounding_box</type><polygon><username>anonymous</username><pt><x>1209</x><y>237</y><time>30-09-20 16:03:53:970</time></pt><pt><x>2915</x><y>237</y><time>30-09-20 16:03:55:799</time></pt><pt><x>2915</x><y>2566</y><time>undefined</time></pt><pt><x>1209</x><y>2566</y><time>undefined</time></pt><closed_date>30-09-20 16:03:55:799</closed_date></polygon></object></annotation>