<annotation><filename>m2_s03_219_p_nic021.jpg</filename><folder>users/joselusava//valeria/m2_sala03_219_nic</folder><source><submittedBy>Jose Saca</submittedBy></source><imagesize><nrows>2910</nrows><ncols>4361</ncols></imagesize><object><name>m2_s03_219_p_nic021</name><deleted>0</deleted><verified>0</verified><occluded>no</occluded><attributes></attributes><parts><hasparts></hasparts><ispartof></ispartof></parts><date>29-09-20 17:26:00:986</date><id>0</id><type>bounding_box</type><polygon><username>anonymous</username><pt><x>3946</x><y>1951</y><time>29-09-20 17:25:55:116</time></pt><pt><x>2596</x><y>1951</y><time>29-09-20 17:25:57:197</time></pt><pt><x>2596</x><y>364</y><time>undefined</time></pt><pt><x>3946</x><y>364</y><time>undefined</time></pt><closed_date>29-09-20 17:25:57:198</closed_date></polygon></object></annotation>