<annotation><filename>m1_s01_001_p_ic062.jpg</filename><folder>users/joselusava//juancarlos</folder><source><submittedBy>Jose Saca</submittedBy></source><imagesize><nrows>2000</nrows><ncols>2992</ncols></imagesize><object><name>m1_s01_001_p_ic062</name><deleted>1</deleted><verified>0</verified><occluded>no</occluded><attributes/><parts><hasparts/><ispartof/></parts><date>01-09-20 09:32:11:059</date><id>0</id><type>bounding_box</type><polygon><username>anonymous</username><pt><x>1030</x><y>769</y><time>01-09-20 09:32:01:102</time></pt><pt><x>2080</x><y>769</y><time>01-09-20 09:32:03:318</time></pt><pt><x>2080</x><y>1523</y><time>undefined</time></pt><pt><x>1030</x><y>1523</y><time>undefined</time></pt><closed_date>01-09-20 09:32:03:320</closed_date></polygon></object><object><name>m1_s01_001_p_ic062</name><deleted>1</deleted><verified>0</verified><occluded>no</occluded><attributes/><parts><hasparts/><ispartof/></parts><date>01-09-20 09:32:40:057</date><id>1</id><type>bounding_box</type><polygon><username>anonymous</username><pt><x>894</x><y>716</y><time>01-09-20 09:32:31:119</time></pt><pt><x>2098</x><y>716</y><time>01-09-20 09:32:34:881</time></pt><pt><x>2098</x><y>1496</y><time>undefined</time></pt><pt><x>894</x><y>1496</y><time>undefined</time></pt><closed_date>01-09-20 09:32:34:882</closed_date></polygon></object><object><name>m1_s01_001_p_ic062</name><deleted>1</deleted><verified>0</verified><occluded>no</occluded><attributes/><parts><hasparts/><ispartof/></parts><date>01-09-20 09:33:13:021</date><id>2</id><type>bounding_box</type><polygon><username>anonymous</username><pt><x>1011</x><y>750</y><time>01-09-20 09:33:06:339</time></pt><pt><x>2098</x><y>750</y><time>01-09-20 09:33:09:505</time></pt><pt><x>2098</x><y>1481</y><time>undefined</time></pt><pt><x>1011</x><y>1481</y><time>undefined</time></pt><closed_date>01-09-20 09:33:09:508</closed_date></polygon></object><object><name>m1_s01_001_p_ic062</name><deleted>0</deleted><verified>0</verified><occluded>no</occluded><attributes></attributes><parts><hasparts></hasparts><ispartof></ispartof></parts><date>01-09-20 09:33:49:937</date><id>3</id><type>bounding_box</type><polygon><username>anonymous</username><pt><x>996</x><y>754</y><time>01-09-20 09:33:43:715</time></pt><pt><x>2091</x><y>754</y><time>01-09-20 09:33:46:406</time></pt><pt><x>2091</x><y>1511</y><time>undefined</time></pt><pt><x>996</x><y>1511</y><time>undefined</time></pt><closed_date>01-09-20 09:33:46:408</closed_date></polygon></object></annotation>