<annotation><filename>m1_s06_144_p_ic058.jpg</filename><folder>users/joselusava//jacob_2/144ic</folder><source><submittedBy>Jose Saca</submittedBy></source><imagesize><nrows>2736</nrows><ncols>4100</ncols></imagesize><object><name>m1_s06_144_p_ic058</name><deleted>0</deleted><verified>0</verified><occluded>no</occluded><attributes></attributes><parts><hasparts></hasparts><ispartof></ispartof></parts><date>08-09-20 01:29:09:979</date><id>0</id><type>bounding_box</type><polygon><username>anonymous</username><pt><x>3306</x><y>106</y><time>08-09-20 01:29:06:765</time></pt><pt><x>679</x><y>106</y><time>08-09-20 01:29:09:093</time></pt><pt><x>679</x><y>2684</y><time>undefined</time></pt><pt><x>3306</x><y>2684</y><time>undefined</time></pt><closed_date>08-09-20 01:29:09:093</closed_date></polygon></object></annotation>