<annotation><filename>m1_s06_186_p_ic066.jpg</filename><folder>users/joselusava//jacob_2/186ic</folder><source><submittedBy>Jose Saca</submittedBy></source><imagesize><nrows>2736</nrows><ncols>4100</ncols></imagesize><object><name>s06_186_p_ic066</name><deleted>0</deleted><verified>0</verified><occluded>no</occluded><attributes></attributes><parts><hasparts></hasparts><ispartof></ispartof></parts><date>09-09-20 22:30:54:110</date><id>0</id><type>bounding_box</type><polygon><username>anonymous</username><pt><x>1080</x><y>2545</y><time>09-09-20 22:30:49:947</time></pt><pt><x>3093</x><y>2545</y><time>09-09-20 22:30:53:329</time></pt><pt><x>3093</x><y>393</y><time>undefined</time></pt><pt><x>1080</x><y>393</y><time>undefined</time></pt><closed_date>09-09-20 22:30:53:330</closed_date></polygon></object></annotation>