<annotation><filename>m1_s01_001_p_ic055.jpg</filename><folder>users/joselusava//juancarlos</folder><source><submittedBy>Jose Saca</submittedBy></source><imagesize><nrows>2000</nrows><ncols>2992</ncols></imagesize><object><name>m1_s01_001_p_ic055</name><deleted>0</deleted><verified>0</verified><occluded>no</occluded><attributes></attributes><parts><hasparts></hasparts><ispartof></ispartof></parts><date>31-08-20 17:07:46:257</date><id>0</id><type>bounding_box</type><polygon><username>anonymous</username><pt><x>920</x><y>686</y><time>31-08-20 17:07:37:979</time></pt><pt><x>2091</x><y>686</y><time>31-08-20 17:07:42:050</time></pt><pt><x>2091</x><y>1523</y><time>undefined</time></pt><pt><x>920</x><y>1523</y><time>undefined</time></pt><closed_date>31-08-20 17:07:42:051</closed_date></polygon></object></annotation>