<annotation><filename>m2_s02_178_x.jpg</filename><folder>users/joselusava//m2_jsv</folder><source><submittedBy>Jose Saca</submittedBy></source><imagesize><nrows>2910</nrows><ncols>4361</ncols></imagesize><object><name>m2_s02_178_x</name><deleted>0</deleted><verified>0</verified><occluded>no</occluded><attributes></attributes><parts><hasparts></hasparts><ispartof></ispartof></parts><date>20-09-20 16:51:24:282</date><id>0</id><type>bounding_box</type><polygon><username>anonymous</username><pt><x>3064</x><y>2220</y><time>20-09-20 16:51:22:765</time></pt><pt><x>1184</x><y>2220</y><time>20-09-20 16:51:23:640</time></pt><pt><x>1184</x><y>548</y><time>undefined</time></pt><pt><x>3064</x><y>548</y><time>undefined</time></pt><closed_date>20-09-20 16:51:23:640</closed_date></polygon></object></annotation>