<annotation><filename>m4_s10_157_p_ic021.jpg</filename><folder>users/joselusava//valeria/m04_s10_157_nic</folder><source><submittedBy>Jose Saca</submittedBy></source><imagesize><nrows>2970</nrows><ncols>4451</ncols></imagesize><object><name>m4_s10_157_p_nic021</name><deleted>0</deleted><verified>0</verified><occluded>no</occluded><attributes></attributes><parts><hasparts></hasparts><ispartof></ispartof></parts><date>12-10-20 19:19:59:010</date><id>0</id><type>bounding_box</type><polygon><username>anonymous</username><pt><x>422</x><y>2228</y><time>12-10-20 19:19:53:584</time></pt><pt><x>2278</x><y>2228</y><time>12-10-20 19:19:55:222</time></pt><pt><x>2278</x><y>101</y><time>undefined</time></pt><pt><x>422</x><y>101</y><time>undefined</time></pt><closed_date>12-10-20 19:19:55:223</closed_date></polygon></object></annotation>