<annotation><filename>m1_s06_144_p_ic028.jpg</filename><folder>users/joselusava//jacob_2/144ic</folder><source><submittedBy>Jose Saca</submittedBy></source><imagesize><nrows>2736</nrows><ncols>4100</ncols></imagesize><object><name>m1_s06_144_p_ic028</name><deleted>0</deleted><verified>0</verified><occluded>no</occluded><attributes></attributes><parts><hasparts></hasparts><ispartof></ispartof></parts><date>07-09-20 02:32:43:926</date><id>0</id><type>bounding_box</type><polygon><username>anonymous</username><pt><x>3061</x><y>2643</y><time>07-09-20 02:32:39:036</time></pt><pt><x>540</x><y>2643</y><time>07-09-20 02:32:42:973</time></pt><pt><x>540</x><y>49</y><time>undefined</time></pt><pt><x>3061</x><y>49</y><time>undefined</time></pt><closed_date>07-09-20 02:32:42:974</closed_date></polygon></object></annotation>