<annotation><filename>m2_s01_054_p_nic052.jpg</filename><folder>users/joselusava//kath</folder><source><submittedBy>Jose Saca</submittedBy></source><imagesize><nrows>2850</nrows><ncols>4271</ncols></imagesize><object><name>m2_s01_054_p_nic052</name><deleted>0</deleted><verified>0</verified><occluded>no</occluded><attributes></attributes><parts><hasparts></hasparts><ispartof></ispartof></parts><date>30-09-20 11:42:04:979</date><id>0</id><type>bounding_box</type><polygon><username>anonymous</username><pt><x>1804</x><y>1481</y><time>30-09-20 11:42:00:380</time></pt><pt><x>1060</x><y>1481</y><time>30-09-20 11:42:02:242</time></pt><pt><x>1060</x><y>2689</y><time>undefined</time></pt><pt><x>1804</x><y>2689</y><time>undefined</time></pt><closed_date>30-09-20 11:42:02:242</closed_date></polygon></object></annotation>