<annotation><filename>m2_s01_024_p_nic003.jpg</filename><folder>users/joselusava//santiago</folder><source><submittedBy>Jose Saca</submittedBy></source><imagesize><nrows>2850</nrows><ncols>4271</ncols></imagesize><object><name>m2_s01_024_p_nic003</name><deleted>0</deleted><verified>0</verified><occluded>no</occluded><attributes></attributes><parts><hasparts></hasparts><ispartof></ispartof></parts><date>25-09-20 13:24:08:722</date><id>0</id><type>bounding_box</type><polygon><username>anonymous</username><pt><x>2613</x><y>337</y><time>25-09-20 13:24:00:735</time></pt><pt><x>3953</x><y>337</y><time>25-09-20 13:24:02:467</time></pt><pt><x>3953</x><y>2068</y><time>undefined</time></pt><pt><x>2613</x><y>2068</y><time>undefined</time></pt><closed_date>25-09-20 13:24:02:468</closed_date></polygon></object></annotation>