<annotation><filename>m2_s07_264_p_ic038.jpg</filename><folder>users/joselusava//valeria/sala7_264_ic</folder><source><submittedBy>Jose Saca</submittedBy></source><imagesize><nrows>2910</nrows><ncols>4361</ncols></imagesize><object><name>m2_s07_264_p_ic038</name><deleted>0</deleted><verified>0</verified><occluded>no</occluded><attributes></attributes><parts><hasparts></hasparts><ispartof></ispartof></parts><date>22-09-20 19:44:28:910</date><id>0</id><type>bounding_box</type><polygon><username>anonymous</username><pt><x>1262</x><y>2783</y><time>22-09-20 19:44:20:712</time></pt><pt><x>2899</x><y>2783</y><time>22-09-20 19:44:24:523</time></pt><pt><x>2899</x><y>281</y><time>undefined</time></pt><pt><x>1262</x><y>281</y><time>undefined</time></pt><closed_date>22-09-20 19:44:24:524</closed_date></polygon></object></annotation>