<annotation><filename>m4_s05_055_p_nic025.jpg</filename><folder>users/joselusava//valeria/m4_s05_055_nic</folder><source><submittedBy>Jose Saca</submittedBy></source><imagesize><nrows>2910</nrows><ncols>4361</ncols></imagesize><object><name>m4_s05_055_p_nic025</name><deleted>0</deleted><verified>0</verified><occluded>no</occluded><attributes></attributes><parts><hasparts></hasparts><ispartof></ispartof></parts><date>09-10-20 16:43:15:849</date><id>0</id><type>bounding_box</type><polygon><username>anonymous</username><pt><x>1488</x><y>2805</y><time>09-10-20 16:43:09:883</time></pt><pt><x>2949</x><y>2805</y><time>09-10-20 16:43:11:847</time></pt><pt><x>2949</x><y>1317</y><time>undefined</time></pt><pt><x>1488</x><y>1317</y><time>undefined</time></pt><closed_date>09-10-20 16:43:11:848</closed_date></polygon></object></annotation>