<annotation><filename>m4_s10_157_p_ic036.jpg</filename><folder>users/joselusava//valeria/m04_s10_157_nic</folder><source><submittedBy>Jose Saca</submittedBy></source><imagesize><nrows>2970</nrows><ncols>4451</ncols></imagesize><object><name>m4_s10_157_p_nic036</name><deleted>0</deleted><verified>0</verified><occluded>no</occluded><attributes></attributes><parts><hasparts></hasparts><ispartof></ispartof></parts><date>12-10-20 20:30:28:929</date><id>0</id><type>bounding_box</type><polygon><username>anonymous</username><pt><x>1659</x><y>2841</y><time>12-10-20 20:30:15:207</time></pt><pt><x>3516</x><y>2841</y><time>12-10-20 20:30:17:546</time></pt><pt><x>3516</x><y>844</y><time>undefined</time></pt><pt><x>1659</x><y>844</y><time>undefined</time></pt><closed_date>12-10-20 20:30:17:546</closed_date></polygon></object></annotation>