<annotation><filename>m4_s05_055_p_ic007.jpg</filename><folder>users/joselusava//valeria/m4_s05_055_ic</folder><source><submittedBy>Jose Saca</submittedBy></source><imagesize><nrows>2910</nrows><ncols>4361</ncols></imagesize><object><name>m4_s05_055_p_ic007</name><deleted>0</deleted><verified>0</verified><occluded>no</occluded><attributes></attributes><parts><hasparts></hasparts><ispartof></ispartof></parts><date>08-10-20 18:06:25:340</date><id>0</id><type>bounding_box</type><polygon><username>anonymous</username><pt><x>1273</x><y>446</y><time>08-10-20 18:06:20:446</time></pt><pt><x>2866</x><y>446</y><time>08-10-20 18:06:22:094</time></pt><pt><x>2866</x><y>2419</y><time>undefined</time></pt><pt><x>1273</x><y>2419</y><time>undefined</time></pt><closed_date>08-10-20 18:06:22:095</closed_date></polygon></object></annotation>