<annotation><filename>m4_s12_185_p_nic021.jpg</filename><folder>users/joselusava//valeria/m04_s12_185_nic</folder><source><submittedBy>Jose Saca</submittedBy></source><imagesize><nrows>2910</nrows><ncols>4361</ncols></imagesize><object><name>m4_s12_185_p_nic021</name><deleted>0</deleted><verified>0</verified><occluded>no</occluded><attributes></attributes><parts><hasparts></hasparts><ispartof></ispartof></parts><date>17-10-20 19:44:05:484</date><id>0</id><type>bounding_box</type><polygon><username>anonymous</username><pt><x>22</x><y>2630</y><time>17-10-20 19:43:57:575</time></pt><pt><x>2949</x><y>2630</y><time>17-10-20 19:44:00:302</time></pt><pt><x>2949</x><y>213</y><time>undefined</time></pt><pt><x>22</x><y>213</y><time>undefined</time></pt><closed_date>17-10-20 19:44:00:303</closed_date></polygon></object></annotation>