<annotation><filename>m4_s05_052_p_ic024.jpg</filename><folder>users/joselusava//santiago_2</folder><source><submittedBy>Jose Saca</submittedBy></source><imagesize><nrows>2910</nrows><ncols>4361</ncols></imagesize><object><name>m4_s05_052_p_ic024</name><deleted>0</deleted><verified>0</verified><occluded>no</occluded><attributes></attributes><parts><hasparts></hasparts><ispartof></ispartof></parts><date>07-10-20 16:33:22:626</date><id>0</id><type>bounding_box</type><polygon><username>anonymous</username><pt><x>1441</x><y>513</y><time>07-10-20 16:33:18:804</time></pt><pt><x>2879</x><y>513</y><time>07-10-20 16:33:20:248</time></pt><pt><x>2879</x><y>2567</y><time>undefined</time></pt><pt><x>1441</x><y>2567</y><time>undefined</time></pt><closed_date>07-10-20 16:33:20:249</closed_date></polygon></object></annotation>