<annotation><filename>m2_s03_201_p_ic059.jpg</filename><folder>users/joselusava//eg</folder><source><submittedBy>Jose Saca</submittedBy></source><imagesize><nrows>2910</nrows><ncols>4361</ncols></imagesize><object><name>m2_s03_201_p_ic059</name><deleted>0</deleted><verified>0</verified><occluded>no</occluded><attributes></attributes><parts><hasparts></hasparts><ispartof></ispartof></parts><date>17-09-20 07:27:26:770</date><id>0</id><type>bounding_box</type><polygon><username>anonymous</username><pt><x>960</x><y>158</y><time>17-09-20 07:27:22:539</time></pt><pt><x>3233</x><y>158</y><time>17-09-20 07:27:24:367</time></pt><pt><x>3233</x><y>2372</y><time>undefined</time></pt><pt><x>960</x><y>2372</y><time>undefined</time></pt><closed_date>17-09-20 07:27:24:369</closed_date></polygon></object></annotation>