<annotation><filename>m4_s12_185_p_ic093.jpg</filename><folder>users/joselusava//valeria/m04_s12_185_ic</folder><source><submittedBy>Jose Saca</submittedBy></source><imagesize><nrows>2910</nrows><ncols>4361</ncols></imagesize><object><name>m4_s12_185_p_ic093</name><deleted>0</deleted><verified>0</verified><occluded>no</occluded><attributes></attributes><parts><hasparts></hasparts><ispartof></ispartof></parts><date>17-10-20 18:56:30:730</date><id>0</id><type>bounding_box</type><polygon><username>anonymous</username><pt><x>548</x><y>62</y><time>17-10-20 18:56:23:521</time></pt><pt><x>3386</x><y>62</y><time>17-10-20 18:56:27:278</time></pt><pt><x>3386</x><y>2574</y><time>undefined</time></pt><pt><x>548</x><y>2574</y><time>undefined</time></pt><closed_date>17-10-20 18:56:27:279</closed_date></polygon></object></annotation>