<annotation><filename>m1_s02_036_p_ic039.jpg</filename><folder>users/joselusava//valeria/sala2_036_ic</folder><source><submittedBy>Jose Saca</submittedBy></source><imagesize><nrows>3200</nrows><ncols>4800</ncols></imagesize><object><name>m1_s01_036_p_ic039</name><deleted>0</deleted><verified>0</verified><occluded>no</occluded><attributes></attributes><parts><hasparts></hasparts><ispartof></ispartof></parts><date>23-08-20 02:27:58:857</date><id>0</id><type>bounding_box</type><polygon><username>anonymous</username><pt><x>1272</x><y>290</y><time>23-08-20 02:27:49:111</time></pt><pt><x>3179</x><y>290</y><time>23-08-20 02:27:55:082</time></pt><pt><x>3179</x><y>3184</y><time>undefined</time></pt><pt><x>1272</x><y>3184</y><time>undefined</time></pt><closed_date>23-08-20 02:27:55:083</closed_date></polygon></object></annotation>