<annotation><filename>m4_s10_154_p_nic098.jpg</filename><folder>users/joselusava//valeria/m04_s10_154_nic</folder><source><submittedBy>Jose Saca</submittedBy></source><imagesize><nrows>2970</nrows><ncols>4451</ncols></imagesize><object><name>m4_s10_154_p_nic098</name><deleted>0</deleted><verified>0</verified><occluded>no</occluded><attributes></attributes><parts><hasparts></hasparts><ispartof></ispartof></parts><date>14-10-20 16:17:02:109</date><id>0</id><type>bounding_box</type><polygon><username>anonymous</username><pt><x>423</x><y>2290</y><time>14-10-20 16:16:57:128</time></pt><pt><x>2119</x><y>2290</y><time>14-10-20 16:16:59:157</time></pt><pt><x>2119</x><y>468</y><time>undefined</time></pt><pt><x>423</x><y>468</y><time>undefined</time></pt><closed_date>14-10-20 16:16:59:158</closed_date></polygon></object></annotation>