<annotation><filename>m2_s01_049_x.jpg</filename><folder>users/joselusava//juancarlos</folder><source><submittedBy>Jose Saca</submittedBy></source><imagesize><nrows>2850</nrows><ncols>4271</ncols></imagesize><object><name>m2_s01_049_x</name><deleted>0</deleted><verified>0</verified><occluded>no</occluded><attributes></attributes><parts><hasparts></hasparts><ispartof></ispartof></parts><date>28-09-20 11:08:49:762</date><id>0</id><type>bounding_box</type><polygon><username>anonymous</username><pt><x>1648</x><y>305</y><time>28-09-20 11:08:38:664</time></pt><pt><x>2686</x><y>305</y><time>28-09-20 11:08:40:581</time></pt><pt><x>2686</x><y>2559</y><time>undefined</time></pt><pt><x>1648</x><y>2559</y><time>undefined</time></pt><closed_date>28-09-20 11:08:40:582</closed_date></polygon></object></annotation>