<annotation><filename>m1_s06_186_p_ic060.jpg</filename><folder>users/joselusava//jacob_2/186ic</folder><source><submittedBy>Jose Saca</submittedBy></source><imagesize><nrows>2736</nrows><ncols>4100</ncols></imagesize><object><name>s06_186_p_ic060</name><deleted>0</deleted><verified>0</verified><occluded>no</occluded><attributes></attributes><parts><hasparts></hasparts><ispartof></ispartof></parts><date>09-09-20 22:18:54:489</date><id>0</id><type>bounding_box</type><polygon><username>anonymous</username><pt><x>3069</x><y>2365</y><time>09-09-20 22:18:50:083</time></pt><pt><x>966</x><y>2365</y><time>09-09-20 22:18:52:876</time></pt><pt><x>966</x><y>188</y><time>undefined</time></pt><pt><x>3069</x><y>188</y><time>undefined</time></pt><closed_date>09-09-20 22:18:52:876</closed_date></polygon></object></annotation>