<annotation><filename>m3_s01_002_p_ic065.jpg</filename><folder>users/joselusava//santiago_3</folder><source><submittedBy>Jose Saca</submittedBy></source><imagesize><nrows>2970</nrows><ncols>4451</ncols></imagesize><object><name>m3_s01_002_p_ic065</name><deleted>0</deleted><verified>0</verified><occluded>no</occluded><attributes></attributes><parts><hasparts></hasparts><ispartof></ispartof></parts><date>28-10-20 21:45:31:437</date><id>0</id><type>bounding_box</type><polygon><username>anonymous</username><pt><x>535</x><y>403</y><time>28-10-20 21:45:25:494</time></pt><pt><x>3920</x><y>403</y><time>28-10-20 21:45:27:335</time></pt><pt><x>3920</x><y>2331</y><time>undefined</time></pt><pt><x>535</x><y>2331</y><time>undefined</time></pt><closed_date>28-10-20 21:45:27:336</closed_date></polygon></object></annotation>