<annotation><filename>m4_s02_021_p_ic038.jpg</filename><folder>users/joselusava//santiago_2</folder><source><submittedBy>Jose Saca</submittedBy></source><imagesize><nrows>3000</nrows><ncols>4496</ncols></imagesize><object><name>m4_s02_021_p_ic038</name><deleted>0</deleted><verified>0</verified><occluded>no</occluded><attributes></attributes><parts><hasparts></hasparts><ispartof></ispartof></parts><date>03-10-20 18:01:54:168</date><id>0</id><type>bounding_box</type><polygon><username>anonymous</username><pt><x>1654</x><y>386</y><time>03-10-20 18:01:50:534</time></pt><pt><x>2975</x><y>386</y><time>03-10-20 18:01:52:073</time></pt><pt><x>2975</x><y>2468</y><time>undefined</time></pt><pt><x>1654</x><y>2468</y><time>undefined</time></pt><closed_date>03-10-20 18:01:52:074</closed_date></polygon></object></annotation>