<annotation><filename>m2_s05_236_p_nic010.jpg</filename><folder>users/joselusava//museos2020</folder><source><submittedBy>Jose Saca</submittedBy></source><imagesize><nrows>2910</nrows><ncols>4361</ncols></imagesize><object><name>m2_s05_236_p_nic010</name><deleted>0</deleted><verified>0</verified><occluded>no</occluded><attributes></attributes><parts><hasparts></hasparts><ispartof></ispartof></parts><date>17-09-20 06:43:43:072</date><id>0</id><type>bounding_box</type><polygon><username>anonymous</username><pt><x>576</x><y>163</y><time>17-09-20 06:43:35:736</time></pt><pt><x>3226</x><y>163</y><time>17-09-20 06:43:37:923</time></pt><pt><x>3226</x><y>1929</y><time>undefined</time></pt><pt><x>576</x><y>1929</y><time>undefined</time></pt><closed_date>17-09-20 06:43:37:924</closed_date></polygon></object></annotation>