<annotation><filename>m2_s03_201_p_nic023.jpg</filename><folder>users/joselusava//valeria/m2_sala03_201_nic</folder><source><submittedBy>Jose Saca</submittedBy></source><imagesize><nrows>2910</nrows><ncols>4361</ncols></imagesize><object><name>m2_s03_201_p_nic023</name><deleted>0</deleted><verified>0</verified><occluded>no</occluded><attributes></attributes><parts><hasparts></hasparts><ispartof></ispartof></parts><date>29-09-20 22:58:30:978</date><id>0</id><type>bounding_box</type><polygon><username>anonymous</username><pt><x>1907</x><y>2706</y><time>29-09-20 22:58:24:811</time></pt><pt><x>3786</x><y>2706</y><time>29-09-20 22:58:26:779</time></pt><pt><x>3786</x><y>876</y><time>undefined</time></pt><pt><x>1907</x><y>876</y><time>undefined</time></pt><closed_date>29-09-20 22:58:26:780</closed_date></polygon></object></annotation>