<annotation><filename>m2_s01_001_p_nic081.jpg</filename><folder>users/joselusava//santiago</folder><source><submittedBy>Jose Saca</submittedBy></source><imagesize><nrows>2850</nrows><ncols>4271</ncols></imagesize><object><name>m2_s01_001_p_nic081</name><deleted>0</deleted><verified>0</verified><occluded>no</occluded><attributes></attributes><parts><hasparts></hasparts><ispartof></ispartof></parts><date>19-09-20 23:31:00:176</date><id>0</id><type>bounding_box</type><polygon><username>anonymous</username><pt><x>183</x><y>183</y><time>19-09-20 23:30:50:409</time></pt><pt><x>2036</x><y>183</y><time>19-09-20 23:30:53:476</time></pt><pt><x>2036</x><y>2246</y><time>undefined</time></pt><pt><x>183</x><y>2246</y><time>undefined</time></pt><closed_date>19-09-20 23:30:53:477</closed_date></polygon></object></annotation>