<annotation><filename>m2_s01_058_p_ic025.jpg</filename><folder>users/joselusava//m2_jsv/58/ic</folder><source><submittedBy>Jose Saca</submittedBy></source><imagesize><nrows>2850</nrows><ncols>4271</ncols></imagesize><object><name>m2_s01_058_p_ic025</name><deleted>0</deleted><verified>0</verified><occluded>no</occluded><attributes></attributes><parts><hasparts></hasparts><ispartof></ispartof></parts><date>29-09-20 13:09:33:288</date><id>0</id><type>bounding_box</type><polygon><username>anonymous</username><pt><x>892</x><y>442</y><time>29-09-20 13:09:31:624</time></pt><pt><x>3125</x><y>442</y><time>29-09-20 13:09:32:756</time></pt><pt><x>3125</x><y>2284</y><time>undefined</time></pt><pt><x>892</x><y>2284</y><time>undefined</time></pt><closed_date>29-09-20 13:09:32:756</closed_date></polygon></object></annotation>