<annotation><filename>m1_s01_005_p_nic021.jpg</filename><folder>users/joselusava//museos2020</folder><source><submittedBy>Jose Saca</submittedBy></source><imagesize><nrows>2000</nrows><ncols>2992</ncols></imagesize><object><name>m1_s01_005_p_nic021</name><deleted>0</deleted><verified>0</verified><occluded>no</occluded><attributes></attributes><parts><hasparts></hasparts><ispartof></ispartof></parts><date>14-09-20 10:33:14:329</date><id>0</id><type>bounding_box</type><polygon><username>anonymous</username><pt><x>2151</x><y>383</y><time>14-09-20 10:32:57:176</time></pt><pt><x>2546</x><y>383</y><time>14-09-20 10:33:00:068</time></pt><pt><x>2546</x><y>819</y><time>undefined</time></pt><pt><x>2151</x><y>819</y><time>undefined</time></pt><closed_date>14-09-20 10:33:00:068</closed_date></polygon></object></annotation>