<annotation><filename>m4_s10_164_p_nic020.jpg</filename><folder>users/joselusava//santiago_2</folder><source><submittedBy>Jose Saca</submittedBy></source><imagesize><nrows>2970</nrows><ncols>4451</ncols></imagesize><object><name>m4_s10_164_p_nic020</name><deleted>0</deleted><verified>0</verified><occluded>no</occluded><attributes></attributes><parts><hasparts></hasparts><ispartof></ispartof></parts><date>13-10-20 23:47:52:770</date><id>0</id><type>bounding_box</type><polygon><username>anonymous</username><pt><x>357</x><y>1553</y><time>13-10-20 23:47:50:409</time></pt><pt><x>1039</x><y>1553</y><time>13-10-20 23:47:51:069</time></pt><pt><x>1039</x><y>2238</y><time>undefined</time></pt><pt><x>357</x><y>2238</y><time>undefined</time></pt><closed_date>13-10-20 23:47:51:070</closed_date></polygon></object></annotation>