<annotation><filename>m1_s02_052_p_nic075.jpg</filename><folder>users/joselusava//valeria/sala2_052_nic</folder><source><submittedBy>Jose Saca</submittedBy></source><imagesize><nrows>3200</nrows><ncols>4800</ncols></imagesize><object><name>m1_s02_052_p_nic075</name><deleted>0</deleted><verified>0</verified><occluded>no</occluded><attributes></attributes><parts><hasparts></hasparts><ispartof></ispartof></parts><date>27-08-20 17:10:47:399</date><id>0</id><type>bounding_box</type><polygon><username>anonymous</username><pt><x>3834</x><y>1697</y><time>27-08-20 17:10:40:923</time></pt><pt><x>2373</x><y>1697</y><time>27-08-20 17:10:43:898</time></pt><pt><x>2373</x><y>3098</y><time>undefined</time></pt><pt><x>3834</x><y>3098</y><time>undefined</time></pt><closed_date>27-08-20 17:10:43:900</closed_date></polygon></object></annotation>