<annotation><filename>m4_s03_025_p_nic004.jpg</filename><folder>users/joselusava//santiago_3</folder><source><submittedBy>Jose Saca</submittedBy></source><imagesize><nrows>2910</nrows><ncols>4361</ncols></imagesize><object><name>m4_s03_025_p_nic004</name><deleted>0</deleted><verified>0</verified><occluded>no</occluded><attributes></attributes><parts><hasparts></hasparts><ispartof></ispartof></parts><date>07-11-20 22:59:26:372</date><id>0</id><type>bounding_box</type><polygon><username>anonymous</username><pt><x>1836</x><y>455</y><time>07-11-20 22:59:23:084</time></pt><pt><x>4229</x><y>455</y><time>07-11-20 22:59:24:237</time></pt><pt><x>4229</x><y>2025</y><time>undefined</time></pt><pt><x>1836</x><y>2025</y><time>undefined</time></pt><closed_date>07-11-20 22:59:24:239</closed_date></polygon></object></annotation>