<annotation><filename>m2_s03_201_p_nic030.jpg</filename><folder>users/joselusava//valeria/m2_sala03_201_nic</folder><source><submittedBy>Jose Saca</submittedBy></source><imagesize><nrows>2910</nrows><ncols>4361</ncols></imagesize><object><name>m2_s03_201_p_nic030</name><deleted>0</deleted><verified>0</verified><occluded>no</occluded><attributes></attributes><parts><hasparts></hasparts><ispartof></ispartof></parts><date>29-09-20 23:04:50:143</date><id>0</id><type>bounding_box</type><polygon><username>anonymous</username><pt><x>1929</x><y>2535</y><time>29-09-20 23:04:44:287</time></pt><pt><x>72</x><y>2535</y><time>29-09-20 23:04:46:458</time></pt><pt><x>72</x><y>424</y><time>undefined</time></pt><pt><x>1929</x><y>424</y><time>undefined</time></pt><closed_date>29-09-20 23:04:46:459</closed_date></polygon></object></annotation>