<annotation><filename>m1_s01_005_p_nic072.jpg</filename><folder>users/joselusava//museos2020</folder><source><submittedBy>Jose Saca</submittedBy></source><imagesize><nrows>2000</nrows><ncols>2992</ncols></imagesize><object><name>m1_s01_005_p_nic072</name><deleted>0</deleted><verified>0</verified><occluded>no</occluded><attributes></attributes><parts><hasparts></hasparts><ispartof></ispartof></parts><date>14-09-20 11:33:59:209</date><id>0</id><type>bounding_box</type><polygon><username>anonymous</username><pt><x>473</x><y>911</y><time>14-09-20 11:33:51:751</time></pt><pt><x>818</x><y>911</y><time>14-09-20 11:33:53:224</time></pt><pt><x>818</x><y>1217</y><time>undefined</time></pt><pt><x>473</x><y>1217</y><time>undefined</time></pt><closed_date>14-09-20 11:33:53:225</closed_date></polygon></object></annotation>