<annotation><filename>m2_s03_216_x.jpg</filename><folder>users/joselusava//juancarlos</folder><source><submittedBy>Jose Saca</submittedBy></source><imagesize><nrows>2910</nrows><ncols>4361</ncols></imagesize><object><name>m2_s03_216_x</name><deleted>0</deleted><verified>0</verified><occluded>no</occluded><attributes></attributes><parts><hasparts></hasparts><ispartof></ispartof></parts><date>30-09-20 16:11:22:227</date><id>0</id><polygon><username>anonymous</username><pt><x>725</x><y>553</y><time>30-09-20 16:11:09:704</time></pt><pt><x>586</x><y>2324</y><time>30-09-20 16:11:10:916</time></pt><pt><x>3775</x><y>2375</y><time>30-09-20 16:11:12:139</time></pt><pt><x>3631</x><y>600</y><time>30-09-20 16:11:13:163</time></pt><closed_date>30-09-20 16:11:14:343</closed_date></polygon></object></annotation>