<annotation><filename>m4_s10_157_p_ic042.jpg</filename><folder>users/joselusava//valeria/m04_s10_157_ic</folder><source><submittedBy>Jose Saca</submittedBy></source><imagesize><nrows>2970</nrows><ncols>4451</ncols></imagesize><object><name>m4_s10_157_p_ic042</name><deleted>0</deleted><verified>0</verified><occluded>no</occluded><attributes></attributes><parts><hasparts></hasparts><ispartof></ispartof></parts><date>12-10-20 17:32:39:664</date><id>0</id><type>bounding_box</type><polygon><username>anonymous</username><pt><x>3302</x><y>146</y><time>12-10-20 17:32:33:300</time></pt><pt><x>1204</x><y>146</y><time>12-10-20 17:32:35:784</time></pt><pt><x>1204</x><y>2863</y><time>undefined</time></pt><pt><x>3302</x><y>2863</y><time>undefined</time></pt><closed_date>12-10-20 17:32:35:785</closed_date></polygon></object></annotation>