<annotation><filename>m2_s01_056_p_ic029.jpg</filename><folder>users/joselusava//m2_jsv/56/ic</folder><source><submittedBy>Jose Saca</submittedBy></source><imagesize><nrows>2850</nrows><ncols>4271</ncols></imagesize><object><name>m2_s01_056_p_ic029</name><deleted>0</deleted><verified>0</verified><occluded>no</occluded><attributes></attributes><parts><hasparts></hasparts><ispartof></ispartof></parts><date>28-09-20 21:35:12:744</date><id>0</id><type>bounding_box</type><polygon><username>anonymous</username><pt><x>3108</x><y>2641</y><time>28-09-20 21:35:09:793</time></pt><pt><x>985</x><y>2641</y><time>28-09-20 21:35:11:980</time></pt><pt><x>985</x><y>8</y><time>undefined</time></pt><pt><x>3108</x><y>8</y><time>undefined</time></pt><closed_date>28-09-20 21:35:11:981</closed_date></polygon></object></annotation>