<annotation><filename>m2_s01_018_p_nic076.jpg</filename><folder>users/joselusava//santiago_2</folder><source><submittedBy>Jose Saca</submittedBy></source><imagesize><nrows>2850</nrows><ncols>4271</ncols></imagesize><object><name>m2_s01_018_p_nic076</name><deleted>0</deleted><verified>0</verified><occluded>no</occluded><attributes></attributes><parts><hasparts></hasparts><ispartof></ispartof></parts><date>29-09-20 18:38:55:989</date><id>0</id><type>bounding_box</type><polygon><username>anonymous</username><pt><x>2837</x><y>715</y><time>29-09-20 18:38:51:988</time></pt><pt><x>3324</x><y>715</y><time>29-09-20 18:38:53:540</time></pt><pt><x>3324</x><y>1362</y><time>undefined</time></pt><pt><x>2837</x><y>1362</y><time>undefined</time></pt><closed_date>29-09-20 18:38:53:540</closed_date></polygon></object></annotation>