<annotation><filename>m1_s01_001_p_nic035.jpg</filename><folder>users/joselusava//juancarlos</folder><source><submittedBy>Jose Saca</submittedBy></source><imagesize><nrows>3200</nrows><ncols>4800</ncols></imagesize><object><name>m1_s01_001_p_nic035</name><deleted>0</deleted><verified>0</verified><occluded>no</occluded><attributes></attributes><parts><hasparts></hasparts><ispartof></ispartof></parts><date>02-09-20 16:00:55:837</date><id>0</id><type>bounding_box</type><polygon><username>anonymous</username><pt><x>455</x><y>1982</y><time>02-09-20 16:00:41:445</time></pt><pt><x>2036</x><y>1982</y><time>02-09-20 16:00:44:582</time></pt><pt><x>2036</x><y>2836</y><time>undefined</time></pt><pt><x>455</x><y>2836</y><time>undefined</time></pt><closed_date>02-09-20 16:00:44:583</closed_date></polygon></object></annotation>