<annotation><filename>m2_s03_201_p_ic058.jpg</filename><folder>users/joselusava//eg</folder><source><submittedBy>Jose Saca</submittedBy></source><imagesize><nrows>2910</nrows><ncols>4361</ncols></imagesize><object><name>m2_s03_201_p_ic058</name><deleted>0</deleted><verified>0</verified><occluded>no</occluded><attributes></attributes><parts><hasparts></hasparts><ispartof></ispartof></parts><date>17-09-20 07:26:32:221</date><id>0</id><type>bounding_box</type><polygon><username>anonymous</username><pt><x>925</x><y>108</y><time>17-09-20 07:26:15:838</time></pt><pt><x>3225</x><y>108</y><time>17-09-20 07:26:17:449</time></pt><pt><x>3225</x><y>2415</y><time>undefined</time></pt><pt><x>925</x><y>2415</y><time>undefined</time></pt><closed_date>17-09-20 07:26:17:449</closed_date></polygon></object></annotation>