<annotation><filename>m1_s06_141_p_ic005.jpg</filename><folder>users/joselusava//jacob_2/141ic</folder><source><submittedBy>Jose Saca</submittedBy></source><imagesize><nrows>2736</nrows><ncols>4100</ncols></imagesize><object><name>m1_s06_141_p_ic005</name><deleted>0</deleted><verified>0</verified><occluded>no</occluded><attributes></attributes><parts><hasparts></hasparts><ispartof></ispartof></parts><date>04-09-20 17:14:44:325</date><id>0</id><type>bounding_box</type><polygon><username>anonymous</username><pt><x>1457</x><y>2300</y><time>04-09-20 17:14:41:594</time></pt><pt><x>2496</x><y>2300</y><time>04-09-20 17:14:43:428</time></pt><pt><x>2496</x><y>376</y><time>undefined</time></pt><pt><x>1457</x><y>376</y><time>undefined</time></pt><closed_date>04-09-20 17:14:43:428</closed_date></polygon></object></annotation>