<annotation><filename>m2_s01_032_p_nic097.jpg</filename><folder>users/joselusava//santiago_2</folder><source><submittedBy>Jose Saca</submittedBy></source><imagesize><nrows>2850</nrows><ncols>4271</ncols></imagesize><object><name>m2_s01_032_p_nic097</name><deleted>0</deleted><verified>0</verified><occluded>no</occluded><attributes></attributes><parts><hasparts></hasparts><ispartof></ispartof></parts><date>30-09-20 21:31:34:408</date><id>0</id><type>bounding_box</type><polygon><username>anonymous</username><pt><x>2501</x><y>275</y><time>30-09-20 21:31:31:955</time></pt><pt><x>3176</x><y>275</y><time>30-09-20 21:31:32:700</time></pt><pt><x>3176</x><y>1194</y><time>undefined</time></pt><pt><x>2501</x><y>1194</y><time>undefined</time></pt><closed_date>30-09-20 21:31:32:702</closed_date></polygon></object></annotation>