<annotation><filename>m1_s02_029_p_nic003.jpg</filename><folder>users/joselusava//museos2020</folder><source><submittedBy>Jose Saca</submittedBy></source><imagesize><nrows>3200</nrows><ncols>4800</ncols></imagesize><object><name>m1_s02_029_p_nic003</name><deleted>0</deleted><verified>0</verified><occluded>no</occluded><attributes></attributes><parts><hasparts></hasparts><ispartof></ispartof></parts><date>27-08-20 18:14:08:899</date><id>0</id><type>bounding_box</type><polygon><username>anonymous</username><pt><x>3914</x><y>2883</y><time>27-08-20 18:14:02:437</time></pt><pt><x>2770</x><y>2883</y><time>27-08-20 18:14:04:891</time></pt><pt><x>2770</x><y>1654</y><time>undefined</time></pt><pt><x>3914</x><y>1654</y><time>undefined</time></pt><closed_date>27-08-20 18:14:04:892</closed_date></polygon></object></annotation>