<annotation><filename>m2_s02_085_p_nic058.jpg</filename><folder>users/joselusava//m2_jsv/85/nic</folder><source><submittedBy>Jose Saca</submittedBy></source><imagesize><nrows>2910</nrows><ncols>4361</ncols></imagesize><object><name>m2_s02_085_p_nic058</name><deleted>0</deleted><verified>0</verified><occluded>no</occluded><attributes></attributes><parts><hasparts></hasparts><ispartof></ispartof></parts><date>19-09-20 22:48:21:606</date><id>0</id><type>bounding_box</type><polygon><username>anonymous</username><pt><x>2637</x><y>244</y><time>19-09-20 22:48:19:780</time></pt><pt><x>3438</x><y>244</y><time>19-09-20 22:48:20:928</time></pt><pt><x>3438</x><y>1132</y><time>undefined</time></pt><pt><x>2637</x><y>1132</y><time>undefined</time></pt><closed_date>19-09-20 22:48:20:928</closed_date></polygon></object></annotation>