<annotation><filename>m4_s02_021_p_nic053.jpg</filename><folder>users/joselusava//santiago_2</folder><source><submittedBy>Jose Saca</submittedBy></source><imagesize><nrows>2910</nrows><ncols>4361</ncols></imagesize><object><name>m4_s02_021_p_nic053</name><deleted>0</deleted><verified>0</verified><occluded>no</occluded><attributes></attributes><parts><hasparts></hasparts><ispartof></ispartof></parts><date>05-10-20 11:11:42:175</date><id>0</id><type>bounding_box</type><polygon><username>anonymous</username><pt><x>1639</x><y>901</y><time>05-10-20 11:11:37:857</time></pt><pt><x>2442</x><y>901</y><time>05-10-20 11:11:40:233</time></pt><pt><x>2442</x><y>2505</y><time>undefined</time></pt><pt><x>1639</x><y>2505</y><time>undefined</time></pt><closed_date>05-10-20 11:11:40:234</closed_date></polygon></object></annotation>