<annotation><filename>m4_s09_138_p_nic002.jpg</filename><folder>users/joselusava//santiago_2</folder><source><submittedBy>Jose Saca</submittedBy></source><imagesize><nrows>2970</nrows><ncols>4451</ncols></imagesize><object><name>m4_s09_138_p_nic002</name><deleted>0</deleted><verified>0</verified><occluded>no</occluded><attributes></attributes><parts><hasparts></hasparts><ispartof></ispartof></parts><date>22-10-20 23:05:20:884</date><id>0</id><type>bounding_box</type><polygon><username>anonymous</username><pt><x>625</x><y>728</y><time>22-10-20 23:05:17:319</time></pt><pt><x>2688</x><y>728</y><time>22-10-20 23:05:18:611</time></pt><pt><x>2688</x><y>1885</y><time>undefined</time></pt><pt><x>625</x><y>1885</y><time>undefined</time></pt><closed_date>22-10-20 23:05:18:611</closed_date></polygon></object></annotation>