<annotation><filename>m4_s04_039_p_nic043.jpg</filename><folder>users/joselusava//santiago_2</folder><source><submittedBy>Jose Saca</submittedBy></source><imagesize><nrows>2970</nrows><ncols>4451</ncols></imagesize><object><name>m4_s04_039_p_nic043</name><deleted>0</deleted><verified>0</verified><occluded>no</occluded><attributes></attributes><parts><hasparts></hasparts><ispartof></ispartof></parts><date>21-10-20 21:33:39:981</date><id>0</id><type>bounding_box</type><polygon><username>anonymous</username><pt><x>3241</x><y>243</y><time>21-10-20 21:33:32:259</time></pt><pt><x>4091</x><y>243</y><time>21-10-20 21:33:34:603</time></pt><pt><x>4091</x><y>2938</y><time>undefined</time></pt><pt><x>3241</x><y>2938</y><time>undefined</time></pt><closed_date>21-10-20 21:33:34:604</closed_date></polygon></object></annotation>