<annotation><filename>m2_s03_219_p_nic054.jpg</filename><folder>users/joselusava//valeria/m2_sala03_219_nic</folder><source><submittedBy>Jose Saca</submittedBy></source><imagesize><nrows>2910</nrows><ncols>4361</ncols></imagesize><object><name>m2_s03_219_p_nic054</name><deleted>0</deleted><verified>0</verified><occluded>no</occluded><attributes></attributes><parts><hasparts></hasparts><ispartof></ispartof></parts><date>29-09-20 18:14:07:609</date><id>0</id><type>bounding_box</type><polygon><username>anonymous</username><pt><x>799</x><y>1830</y><time>29-09-20 18:14:02:845</time></pt><pt><x>1995</x><y>1830</y><time>29-09-20 18:14:04:852</time></pt><pt><x>1995</x><y>176</y><time>undefined</time></pt><pt><x>799</x><y>176</y><time>undefined</time></pt><closed_date>29-09-20 18:14:04:853</closed_date></polygon></object></annotation>