<annotation><filename>m1_s02_065_p_ic033.jpg</filename><folder>users/joselusava//valeria/sala2_065_ic</folder><source><submittedBy>Jose Saca</submittedBy></source><imagesize><nrows>2000</nrows><ncols>2992</ncols></imagesize><object><name>m1_s02_065_p_ic033</name><deleted>0</deleted><verified>0</verified><occluded>no</occluded><attributes></attributes><parts><hasparts></hasparts><ispartof></ispartof></parts><date>25-08-20 22:42:49:599</date><id>0</id><type>bounding_box</type><polygon><username>anonymous</username><pt><x>208</x><y>158</y><time>25-08-20 22:42:41:513</time></pt><pt><x>2879</x><y>158</y><time>25-08-20 22:42:45:872</time></pt><pt><x>2879</x><y>1755</y><time>undefined</time></pt><pt><x>208</x><y>1755</y><time>undefined</time></pt><closed_date>25-08-20 22:42:45:873</closed_date></polygon></object></annotation>