<annotation><filename>m2_s05_236_p_nic032.jpg</filename><folder>users/joselusava//museos2020</folder><source><submittedBy>Jose Saca</submittedBy></source><imagesize><nrows>2910</nrows><ncols>4361</ncols></imagesize><object><name>m2_s05_236_p_nic032</name><deleted>0</deleted><verified>0</verified><occluded>no</occluded><attributes></attributes><parts><hasparts></hasparts><ispartof></ispartof></parts><date>17-09-20 07:06:40:376</date><id>0</id><type>bounding_box</type><polygon><username>anonymous</username><pt><x>1692</x><y>79</y><time>17-09-20 07:06:34:179</time></pt><pt><x>4249</x><y>79</y><time>17-09-20 07:06:35:214</time></pt><pt><x>4249</x><y>1915</y><time>undefined</time></pt><pt><x>1692</x><y>1915</y><time>undefined</time></pt><closed_date>17-09-20 07:06:35:215</closed_date></polygon></object></annotation>