<annotation><filename>m1_s06_144_p_nic070.jpg</filename><folder>users/joselusava//jacob_2/144nic</folder><source><submittedBy>Jose Saca</submittedBy></source><imagesize><nrows>2736</nrows><ncols>4100</ncols></imagesize><object><name>m1_s06_144_p_nic070</name><deleted>0</deleted><verified>0</verified><occluded>no</occluded><attributes></attributes><parts><hasparts></hasparts><ispartof></ispartof></parts><date>08-09-20 02:24:30:194</date><id>0</id><type>bounding_box</type><polygon><username>anonymous</username><pt><x>2971</x><y>2521</y><time>08-09-20 02:24:28:196</time></pt><pt><x>1375</x><y>2521</y><time>08-09-20 02:24:29:517</time></pt><pt><x>1375</x><y>1105</y><time>undefined</time></pt><pt><x>2971</x><y>1105</y><time>undefined</time></pt><closed_date>08-09-20 02:24:29:517</closed_date></polygon></object></annotation>