<annotation><filename>m2_s06_244_p_ic081.jpg</filename><folder>users/joselusava//museos2020</folder><source><submittedBy>Jose Saca</submittedBy></source><imagesize><nrows>2910</nrows><ncols>4361</ncols></imagesize><object><name>m2_s06_244_p_ic081</name><deleted>0</deleted><verified>0</verified><occluded>no</occluded><attributes></attributes><parts><hasparts></hasparts><ispartof></ispartof></parts><date>23-09-20 09:10:30:849</date><id>0</id><type>bounding_box</type><polygon><username>anonymous</username><pt><x>626</x><y>985</y><time>23-09-20 09:09:28:389</time></pt><pt><x>3771</x><y>985</y><time>23-09-20 09:09:35:709</time></pt><pt><x>3771</x><y>2342</y><time>undefined</time></pt><pt><x>626</x><y>2342</y><time>undefined</time></pt><closed_date>23-09-20 09:09:35:710</closed_date></polygon></object></annotation>