<annotation><filename>m4_s04_039_p_ic045.jpg</filename><folder>users/joselusava//santiago_2</folder><source><submittedBy>Jose Saca</submittedBy></source><imagesize><nrows>2970</nrows><ncols>4451</ncols></imagesize><object><name>m4_s04_039_p_ic045</name><deleted>0</deleted><verified>0</verified><occluded>no</occluded><attributes></attributes><parts><hasparts></hasparts><ispartof></ispartof></parts><date>20-10-20 21:50:45:633</date><id>0</id><type>bounding_box</type><polygon><username>anonymous</username><pt><x>1942</x><y>132</y><time>20-10-20 21:50:42:484</time></pt><pt><x>2759</x><y>132</y><time>20-10-20 21:50:43:885</time></pt><pt><x>2759</x><y>2870</y><time>undefined</time></pt><pt><x>1942</x><y>2870</y><time>undefined</time></pt><closed_date>20-10-20 21:50:43:886</closed_date></polygon></object></annotation>