<annotation><filename>m1_s02_029_p_ic023.jpg</filename><folder>users/joselusava//valeria/sala2_029_ic</folder><source><submittedBy>Jose Saca</submittedBy></source><imagesize><nrows>3200</nrows><ncols>4800</ncols></imagesize><object><name>m1_s02_029_p_ic023</name><deleted>0</deleted><verified>0</verified><occluded>no</occluded><attributes></attributes><parts><hasparts></hasparts><ispartof></ispartof></parts><date>22-08-20 18:28:11:443</date><id>0</id><type>bounding_box</type><polygon><username>anonymous</username><pt><x>1412</x><y>268</y><time>22-08-20 18:27:50:585</time></pt><pt><x>3721</x><y>268</y><time>22-08-20 18:27:56:569</time></pt><pt><x>3721</x><y>2851</y><time>undefined</time></pt><pt><x>1412</x><y>2851</y><time>undefined</time></pt><closed_date>22-08-20 18:27:56:570</closed_date></polygon></object></annotation>