<annotation><filename>m4_s04_045_p_nic064.jpg</filename><folder>users/joselusava//valeria/m04_s04_45_nic</folder><source><submittedBy>Jose Saca</submittedBy></source><imagesize><nrows>2970</nrows><ncols>4451</ncols></imagesize><object><name>m4_s04_045_p_nic064</name><deleted>0</deleted><verified>0</verified><occluded>no</occluded><attributes></attributes><parts><hasparts></hasparts><ispartof></ispartof></parts><date>20-10-20 15:18:55:805</date><id>0</id><type>bounding_box</type><polygon><username>anonymous</username><pt><x>714</x><y>2576</y><time>20-10-20 15:18:50:925</time></pt><pt><x>1239</x><y>2576</y><time>20-10-20 15:18:52:298</time></pt><pt><x>1239</x><y>1868</y><time>undefined</time></pt><pt><x>714</x><y>1868</y><time>undefined</time></pt><closed_date>20-10-20 15:18:52:299</closed_date></polygon></object></annotation>