<annotation><filename>m4_s10_154_p_ic004.jpg</filename><folder>users/joselusava//valeria/m04_s10_154_ic</folder><source><submittedBy>Jose Saca</submittedBy></source><imagesize><nrows>2970</nrows><ncols>4451</ncols></imagesize><object><name>m4_s10_154_p_ic004</name><deleted>0</deleted><verified>0</verified><occluded>no</occluded><attributes></attributes><parts><hasparts></hasparts><ispartof></ispartof></parts><date>13-10-20 17:06:31:390</date><id>0</id><type>bounding_box</type><polygon><username>anonymous</username><pt><x>1508</x><y>2655</y><time>13-10-20 17:06:24:744</time></pt><pt><x>2931</x><y>2655</y><time>13-10-20 17:06:28:128</time></pt><pt><x>2931</x><y>338</y><time>undefined</time></pt><pt><x>1508</x><y>338</y><time>undefined</time></pt><closed_date>13-10-20 17:06:28:159</closed_date></polygon></object></annotation>