<annotation><filename>m2_s01_018_p_ic055.jpg</filename><folder>users/joselusava//santiago_2</folder><source><submittedBy>Jose Saca</submittedBy></source><imagesize><nrows>2850</nrows><ncols>4271</ncols></imagesize><object><name>m2_s01_018_p_ic055</name><deleted>0</deleted><verified>0</verified><occluded>no</occluded><attributes></attributes><parts><hasparts></hasparts><ispartof></ispartof></parts><date>28-09-20 17:38:26:695</date><id>0</id><type>bounding_box</type><polygon><username>anonymous</username><pt><x>1513</x><y>785</y><time>28-09-20 17:38:21:671</time></pt><pt><x>2699</x><y>785</y><time>28-09-20 17:38:23:410</time></pt><pt><x>2699</x><y>2090</y><time>undefined</time></pt><pt><x>1513</x><y>2090</y><time>undefined</time></pt><closed_date>28-09-20 17:38:23:412</closed_date></polygon></object></annotation>