<annotation><filename>m2_s02_194_x.jpg</filename><folder>users/joselusava//m2_jsv</folder><source><submittedBy>Jose Saca</submittedBy></source><imagesize><nrows>2910</nrows><ncols>4361</ncols></imagesize><object><name>m2_s02_194_x</name><deleted>0</deleted><verified>0</verified><occluded>no</occluded><attributes></attributes><parts><hasparts></hasparts><ispartof></ispartof></parts><date>20-09-20 17:02:05:594</date><id>0</id><type>bounding_box</type><polygon><username>anonymous</username><pt><x>3108</x><y>2385</y><time>20-09-20 17:02:03:944</time></pt><pt><x>1219</x><y>2385</y><time>20-09-20 17:02:04:859</time></pt><pt><x>1219</x><y>444</y><time>undefined</time></pt><pt><x>3108</x><y>444</y><time>undefined</time></pt><closed_date>20-09-20 17:02:04:859</closed_date></polygon></object></annotation>