<annotation><filename>m2_s01_032_p_ic029.jpg</filename><folder>users/joselusava//santiago_2</folder><source><submittedBy>Jose Saca</submittedBy></source><imagesize><nrows>2850</nrows><ncols>4271</ncols></imagesize><object><name>m2_s01_032_p_ic029</name><deleted>0</deleted><verified>0</verified><occluded>no</occluded><attributes></attributes><parts><hasparts></hasparts><ispartof></ispartof></parts><date>30-09-20 12:14:47:410</date><id>0</id><type>bounding_box</type><polygon><username>anonymous</username><pt><x>1334</x><y>180</y><time>30-09-20 12:14:41:745</time></pt><pt><x>3049</x><y>180</y><time>30-09-20 12:14:44:646</time></pt><pt><x>3049</x><y>2658</y><time>undefined</time></pt><pt><x>1334</x><y>2658</y><time>undefined</time></pt><closed_date>30-09-20 12:14:44:647</closed_date></polygon></object></annotation>