<annotation><filename>m2_s06_244_p_ic008.jpg</filename><folder>users/joselusava//museos2020</folder><source><submittedBy>Jose Saca</submittedBy></source><imagesize><nrows>2910</nrows><ncols>4361</ncols></imagesize><object><name>m2_s06_244_p_ic008</name><deleted>0</deleted><verified>0</verified><occluded>no</occluded><attributes></attributes><parts><hasparts></hasparts><ispartof></ispartof></parts><date>22-09-20 11:54:59:918</date><id>0</id><type>bounding_box</type><polygon><username>anonymous</username><pt><x>1340</x><y>968</y><time>22-09-20 11:54:51:814</time></pt><pt><x>3197</x><y>968</y><time>22-09-20 11:54:53:010</time></pt><pt><x>3197</x><y>1942</y><time>undefined</time></pt><pt><x>1340</x><y>1942</y><time>undefined</time></pt><closed_date>22-09-20 11:54:53:011</closed_date></polygon></object></annotation>