<annotation><filename>m4_s10_164_p_ic039.jpg</filename><folder>users/joselusava//santiago_2</folder><source><submittedBy>Jose Saca</submittedBy></source><imagesize><nrows>2970</nrows><ncols>4451</ncols></imagesize><object><name>m4_s10_164_p_ic039</name><deleted>0</deleted><verified>0</verified><occluded>no</occluded><attributes></attributes><parts><hasparts></hasparts><ispartof></ispartof></parts><date>13-10-20 22:29:59:505</date><id>0</id><type>bounding_box</type><polygon><username>anonymous</username><pt><x>1967</x><y>1003</y><time>13-10-20 22:29:56:865</time></pt><pt><x>2502</x><y>1003</y><time>13-10-20 22:29:57:841</time></pt><pt><x>2502</x><y>1817</y><time>undefined</time></pt><pt><x>1967</x><y>1817</y><time>undefined</time></pt><closed_date>13-10-20 22:29:57:843</closed_date></polygon></object></annotation>