<annotation><filename>m1_s02_037_x.jpg</filename><folder>users/joselusava//valeria/sala2</folder><source><submittedBy>Jose Saca</submittedBy></source><imagesize><nrows>3200</nrows><ncols>4800</ncols></imagesize><object><name>m1_s02_037_x</name><deleted>0</deleted><verified>0</verified><occluded>no</occluded><attributes></attributes><parts><hasparts></hasparts><ispartof></ispartof></parts><date>28-08-20 11:22:46:344</date><id>0</id><type>bounding_box</type><polygon><username>anonymous</username><pt><x>4161</x><y>3077</y><time>28-08-20 11:22:30:381</time></pt><pt><x>746</x><y>3077</y><time>28-08-20 11:22:34:436</time></pt><pt><x>746</x><y>140</y><time>undefined</time></pt><pt><x>4161</x><y>140</y><time>undefined</time></pt><closed_date>28-08-20 11:22:34:437</closed_date></polygon></object></annotation>