<annotation><filename>m2_s03_201_p_nic002.jpg</filename><folder>users/joselusava//eg</folder><source><submittedBy>Jose Saca</submittedBy></source><imagesize><nrows>2910</nrows><ncols>4361</ncols></imagesize><object><name>m2_s03_201_p_nic002</name><deleted>0</deleted><verified>0</verified><occluded>no</occluded><attributes></attributes><parts><hasparts></hasparts><ispartof></ispartof></parts><date>18-09-20 10:24:55:154</date><id>0</id><type>bounding_box</type><polygon><username>anonymous</username><pt><x>1736</x><y>228</y><time>18-09-20 10:24:31:623</time></pt><pt><x>3484</x><y>228</y><time>18-09-20 10:24:32:932</time></pt><pt><x>3484</x><y>2134</y><time>undefined</time></pt><pt><x>1736</x><y>2134</y><time>undefined</time></pt><closed_date>18-09-20 10:24:32:934</closed_date></polygon></object></annotation>