<annotation><filename>m4_s05_055_p_ic092.jpg</filename><folder>users/joselusava//valeria/m4_s05_055_ic</folder><source><submittedBy>Jose Saca</submittedBy></source><imagesize><nrows>2910</nrows><ncols>4361</ncols></imagesize><object><name>m4_s05_055_p_ic092</name><deleted>0</deleted><verified>0</verified><occluded>no</occluded><attributes></attributes><parts><hasparts></hasparts><ispartof></ispartof></parts><date>09-10-20 15:03:43:879</date><id>0</id><type>bounding_box</type><polygon><username>anonymous</username><pt><x>3004</x><y>601</y><time>09-10-20 15:03:35:953</time></pt><pt><x>1179</x><y>601</y><time>09-10-20 15:03:38:988</time></pt><pt><x>1179</x><y>2623</y><time>undefined</time></pt><pt><x>3004</x><y>2623</y><time>undefined</time></pt><closed_date>09-10-20 15:03:38:990</closed_date></polygon></object></annotation>