<annotation><filename>m4_s10_154_p_nic063.jpg</filename><folder>users/joselusava//valeria/m04_s10_154_nic</folder><source><submittedBy>Jose Saca</submittedBy></source><imagesize><nrows>2970</nrows><ncols>4451</ncols></imagesize><object><name>m4_s10_154_p_nic063</name><deleted>0</deleted><verified>0</verified><occluded>no</occluded><attributes></attributes><parts><hasparts></hasparts><ispartof></ispartof></parts><date>14-10-20 13:22:28:029</date><id>0</id><type>bounding_box</type><polygon><username>anonymous</username><pt><x>1182</x><y>1999</y><time>14-10-20 13:22:23:541</time></pt><pt><x>360</x><y>1999</y><time>14-10-20 13:22:24:871</time></pt><pt><x>360</x><y>457</y><time>undefined</time></pt><pt><x>1182</x><y>457</y><time>undefined</time></pt><closed_date>14-10-20 13:22:24:872</closed_date></polygon></object></annotation>