<annotation><filename>m4_s02_010_x.jpg</filename><folder>users/joselusava//kath/m4_x</folder><source><submittedBy>Jose Saca</submittedBy></source><imagesize><nrows>2910</nrows><ncols>4361</ncols></imagesize><object><name>m4_s2_010_x</name><deleted>0</deleted><verified>0</verified><occluded>no</occluded><attributes></attributes><parts><hasparts></hasparts><ispartof></ispartof></parts><date>20-10-20 06:40:14:362</date><id>0</id><polygon><username>anonymous</username><pt><x>998</x><y>254</y><time>20-10-20 06:40:05:423</time></pt><pt><x>946</x><y>2675</y><time>20-10-20 06:40:07:540</time></pt><pt><x>3225</x><y>2693</y><time>20-10-20 06:40:09:259</time></pt><pt><x>3070</x><y>193</y><time>20-10-20 06:40:10:627</time></pt><closed_date>20-10-20 06:40:11:889</closed_date></polygon></object></annotation>