<annotation><filename>m4_s10_157_p_ic014.jpg</filename><folder>users/joselusava//valeria/m04_s10_157_ic</folder><source><submittedBy>Jose Saca</submittedBy></source><imagesize><nrows>2970</nrows><ncols>4451</ncols></imagesize><object><name>m4_s10_157_p_ic014</name><deleted>0</deleted><verified>0</verified><occluded>no</occluded><attributes></attributes><parts><hasparts></hasparts><ispartof></ispartof></parts><date>12-10-20 15:50:29:213</date><id>0</id><type>bounding_box</type><polygon><username>anonymous</username><pt><x>1086</x><y>2829</y><time>12-10-20 15:50:22:107</time></pt><pt><x>3178</x><y>2829</y><time>12-10-20 15:50:24:949</time></pt><pt><x>3178</x><y>287</y><time>undefined</time></pt><pt><x>1086</x><y>287</y><time>undefined</time></pt><closed_date>12-10-20 15:50:24:949</closed_date></polygon></object></annotation>