<annotation><filename>m3_s01_023_p_nic028.jpg</filename><folder>users/joselusava//santiago_3</folder><source><submittedBy>Jose Saca</submittedBy></source><imagesize><nrows>2970</nrows><ncols>4451</ncols></imagesize><object><name>m3_s01_023_p_nic028</name><deleted>0</deleted><verified>0</verified><occluded>no</occluded><attributes></attributes><parts><hasparts></hasparts><ispartof></ispartof></parts><date>06-11-20 09:10:51:919</date><id>0</id><type>bounding_box</type><polygon><username>anonymous</username><pt><x>1189</x><y>104</y><time>06-11-20 09:10:47:694</time></pt><pt><x>2713</x><y>104</y><time>06-11-20 09:10:49:320</time></pt><pt><x>2713</x><y>2042</y><time>undefined</time></pt><pt><x>1189</x><y>2042</y><time>undefined</time></pt><closed_date>06-11-20 09:10:49:322</closed_date></polygon></object></annotation>