<annotation><filename>m4_s05_052_p_ic093.jpg</filename><folder>users/joselusava//santiago_2</folder><source><submittedBy>Jose Saca</submittedBy></source><imagesize><nrows>2910</nrows><ncols>4361</ncols></imagesize><object><name>m4_s05_052_p_ic093</name><deleted>0</deleted><verified>0</verified><occluded>no</occluded><attributes></attributes><parts><hasparts></hasparts><ispartof></ispartof></parts><date>07-10-20 23:19:05:493</date><id>0</id><type>bounding_box</type><polygon><username>anonymous</username><pt><x>1067</x><y>534</y><time>07-10-20 23:18:26:222</time></pt><pt><x>3142</x><y>534</y><time>07-10-20 23:18:27:481</time></pt><pt><x>3142</x><y>2629</y><time>undefined</time></pt><pt><x>1067</x><y>2629</y><time>undefined</time></pt><closed_date>07-10-20 23:18:27:483</closed_date></polygon></object></annotation>