<annotation><filename>m2_s02_129_p_nic088.jpg</filename><folder>users/joselusava//m2_jsv/129/nic</folder><source><submittedBy>Jose Saca</submittedBy></source><imagesize><nrows>2910</nrows><ncols>4361</ncols></imagesize><object><name>m2_s02_129_p_nic088</name><deleted>0</deleted><verified>0</verified><occluded>no</occluded><attributes></attributes><parts><hasparts></hasparts><ispartof></ispartof></parts><date>25-09-20 08:26:12:356</date><id>0</id><type>bounding_box</type><polygon><username>anonymous</username><pt><x>339</x><y>1593</y><time>25-09-20 08:26:09:781</time></pt><pt><x>1593</x><y>1593</y><time>25-09-20 08:26:11:202</time></pt><pt><x>1593</x><y>2690</y><time>undefined</time></pt><pt><x>339</x><y>2690</y><time>undefined</time></pt><closed_date>25-09-20 08:26:11:203</closed_date></polygon></object></annotation>