<annotation><filename>m1_s01_005_p_nic023.jpg</filename><folder>users/joselusava//museos2020</folder><source><submittedBy>Jose Saca</submittedBy></source><imagesize><nrows>2000</nrows><ncols>2992</ncols></imagesize><object><name>m1_s01_005_p_nic023</name><deleted>0</deleted><verified>0</verified><occluded>no</occluded><attributes></attributes><parts><hasparts></hasparts><ispartof></ispartof></parts><date>14-09-20 10:37:18:218</date><id>0</id><type>bounding_box</type><polygon><username>anonymous</username><pt><x>1802</x><y>227</y><time>14-09-20 10:37:09:379</time></pt><pt><x>2173</x><y>227</y><time>14-09-20 10:37:10:998</time></pt><pt><x>2173</x><y>668</y><time>undefined</time></pt><pt><x>1802</x><y>668</y><time>undefined</time></pt><closed_date>14-09-20 10:37:10:998</closed_date></polygon></object></annotation>