<annotation><filename>m1_s01_001_p_nic046.jpg</filename><folder>users/joselusava//juancarlos</folder><source><submittedBy>Jose Saca</submittedBy></source><imagesize><nrows>3200</nrows><ncols>4800</ncols></imagesize><object><name>m1_s01_001_p_nic046</name><deleted>0</deleted><verified>0</verified><occluded>no</occluded><attributes></attributes><parts><hasparts></hasparts><ispartof></ispartof></parts><date>09-09-20 09:15:49:366</date><id>0</id><type>bounding_box</type><polygon><username>anonymous</username><pt><x>3194</x><y>544</y><time>09-09-20 09:15:38:915</time></pt><pt><x>4254</x><y>544</y><time>09-09-20 09:15:42:183</time></pt><pt><x>4254</x><y>1120</y><time>undefined</time></pt><pt><x>3194</x><y>1120</y><time>undefined</time></pt><closed_date>09-09-20 09:15:42:185</closed_date></polygon></object></annotation>