<annotation><filename>m2_s06_250_p_ic057.jpg</filename><folder>users/joselusava//valeria/m2_sala06_250_ic</folder><source><submittedBy>Jose Saca</submittedBy></source><imagesize><nrows>2910</nrows><ncols>4361</ncols></imagesize><object><name>m2_s06_250_p_ic057</name><deleted>0</deleted><verified>0</verified><occluded>no</occluded><attributes></attributes><parts><hasparts></hasparts><ispartof></ispartof></parts><date>30-09-20 23:45:05:931</date><id>0</id><type>bounding_box</type><polygon><username>anonymous</username><pt><x>3941</x><y>1797</y><time>30-09-20 23:45:00:574</time></pt><pt><x>303</x><y>1797</y><time>30-09-20 23:45:02:958</time></pt><pt><x>303</x><y>976</y><time>undefined</time></pt><pt><x>3941</x><y>976</y><time>undefined</time></pt><closed_date>30-09-20 23:45:02:959</closed_date></polygon></object></annotation>