<annotation><filename>m4_s11_178_p_nic089.jpg</filename><folder>users/joselusava//santiago_2</folder><source><submittedBy>Jose Saca</submittedBy></source><imagesize><nrows>2970</nrows><ncols>4451</ncols></imagesize><object><name>m4_s11_178_p_nic089</name><deleted>0</deleted><verified>0</verified><occluded>no</occluded><attributes></attributes><parts><hasparts></hasparts><ispartof></ispartof></parts><date>16-10-20 11:47:28:624</date><id>0</id><type>bounding_box</type><polygon><username>anonymous</username><pt><x>2759</x><y>1000</y><time>16-10-20 11:47:25:089</time></pt><pt><x>3773</x><y>1000</y><time>16-10-20 11:47:26:509</time></pt><pt><x>3773</x><y>2067</y><time>undefined</time></pt><pt><x>2759</x><y>2067</y><time>undefined</time></pt><closed_date>16-10-20 11:47:26:510</closed_date></polygon></object></annotation>