<annotation><filename>m4_s10_164_p_ic028.jpg</filename><folder>users/joselusava//santiago_2</folder><source><submittedBy>Jose Saca</submittedBy></source><imagesize><nrows>2970</nrows><ncols>4451</ncols></imagesize><object><name>m4_s10_164_p_ic028</name><deleted>0</deleted><verified>0</verified><occluded>no</occluded><attributes></attributes><parts><hasparts></hasparts><ispartof></ispartof></parts><date>13-10-20 22:18:32:869</date><id>0</id><type>bounding_box</type><polygon><username>anonymous</username><pt><x>1924</x><y>1017</y><time>13-10-20 22:18:30:229</time></pt><pt><x>2574</x><y>1017</y><time>13-10-20 22:18:31:123</time></pt><pt><x>2574</x><y>1885</y><time>undefined</time></pt><pt><x>1924</x><y>1885</y><time>undefined</time></pt><closed_date>13-10-20 22:18:31:124</closed_date></polygon></object></annotation>