<annotation><filename>m2_s06_250_p_nic098.jpg</filename><folder>users/joselusava//m2_jsv/250</folder><source><submittedBy>Jose Saca</submittedBy></source><imagesize><nrows>2910</nrows><ncols>4361</ncols></imagesize><object><name>m2_s06_250_p_nic098</name><deleted>0</deleted><verified>0</verified><occluded>no</occluded><attributes></attributes><parts><hasparts></hasparts><ispartof></ispartof></parts><date>30-09-20 12:04:15:940</date><id>0</id><type>bounding_box</type><polygon><username>anonymous</username><pt><x>3073</x><y>479</y><time>30-09-20 12:04:14:216</time></pt><pt><x>0</x><y>479</y><time>30-09-20 12:04:15:145</time></pt><pt><x>0</x><y>2246</y><time>undefined</time></pt><pt><x>3073</x><y>2246</y><time>undefined</time></pt><closed_date>30-09-20 12:04:15:145</closed_date></polygon></object></annotation>