<annotation><filename>m2_s06_244_p_nic051.jpg</filename><folder>users/joselusava//museos2020</folder><source><submittedBy>Jose Saca</submittedBy></source><imagesize><nrows>2910</nrows><ncols>4361</ncols></imagesize><object><name>m2_s06_244_p_ic051</name><deleted>0</deleted><verified>0</verified><occluded>no</occluded><attributes></attributes><parts><hasparts></hasparts><ispartof></ispartof></parts><date>25-09-20 19:02:02:627</date><id>0</id><type>bounding_box</type><polygon><username>anonymous</username><pt><x>1069</x><y>1841</y><time>25-09-20 19:01:51:116</time></pt><pt><x>2622</x><y>1841</y><time>25-09-20 19:01:52:680</time></pt><pt><x>2622</x><y>2533</y><time>undefined</time></pt><pt><x>1069</x><y>2533</y><time>undefined</time></pt><closed_date>25-09-20 19:01:52:682</closed_date></polygon></object></annotation>