<annotation><filename>m2_s01_034_p_ic049.jpg</filename><folder>users/joselusava//kath</folder><source><submittedBy>Jose Saca</submittedBy></source><imagesize><nrows>2850</nrows><ncols>4271</ncols></imagesize><object><name>m2_s01_034_p_ic049</name><deleted>1</deleted><verified>0</verified><occluded>no</occluded><attributes></attributes><parts><hasparts></hasparts><ispartof></ispartof></parts><date>25-09-20 14:00:18:577</date><id>0</id><polygon><username>anonymous</username><pt><x>1267</x><y>186</y><time>25-09-20 13:59:47:625</time></pt><pt><x>2599</x><y>100</y><time>25-09-20 13:59:52:231</time></pt><pt><x>3008</x><y>2385</y><time>25-09-20 13:59:55:055</time></pt><pt><x>1561</x><y>2743</y><time>25-09-20 13:59:57:233</time></pt><closed_date>25-09-20 13:59:59:041</closed_date></polygon></object><object><name>m2_s01_034_p_ic049</name><deleted>0</deleted><verified>0</verified><occluded>no</occluded><attributes></attributes><parts><hasparts></hasparts><ispartof></ispartof></parts><date>25-09-20 14:03:22:806</date><id>1</id><polygon><username>anonymous</username><pt><x>1368</x><y>158</y><time>25-09-20 14:02:48:272</time></pt><pt><x>1246</x><y>2657</y><time>25-09-20 14:02:50:644</time></pt><pt><x>2922</x><y>2649</y><time>25-09-20 14:02:52:936</time></pt><pt><x>2907</x><y>165</y><time>25-09-20 14:02:55:049</time></pt><closed_date>25-09-20 14:02:57:376</closed_date></polygon></object></annotation>