<annotation><filename>m4_s04_037_p_ic046.jpg</filename><folder>users/joselusava//santiago_2</folder><source><submittedBy>Jose Saca</submittedBy></source><imagesize><nrows>2970</nrows><ncols>4451</ncols></imagesize><object><name>m4_s04_037_p_ic046</name><deleted>0</deleted><verified>0</verified><occluded>no</occluded><attributes></attributes><parts><hasparts></hasparts><ispartof></ispartof></parts><date>18-10-20 17:26:43:320</date><id>0</id><type>bounding_box</type><polygon><username>anonymous</username><pt><x>1696</x><y>500</y><time>18-10-20 17:26:38:441</time></pt><pt><x>3148</x><y>500</y><time>18-10-20 17:26:40:689</time></pt><pt><x>3148</x><y>2727</y><time>undefined</time></pt><pt><x>1696</x><y>2727</y><time>undefined</time></pt><closed_date>18-10-20 17:26:40:689</closed_date></polygon></object></annotation>