<annotation><filename>m1_s02_065_p_ic035.jpg</filename><folder>users/joselusava//valeria/sala2_065_ic</folder><source><submittedBy>Jose Saca</submittedBy></source><imagesize><nrows>2000</nrows><ncols>2992</ncols></imagesize><object><name>m1_s02_065_p_ic035</name><deleted>0</deleted><verified>0</verified><occluded>no</occluded><attributes></attributes><parts><hasparts></hasparts><ispartof></ispartof></parts><date>25-08-20 22:46:54:233</date><id>0</id><type>bounding_box</type><polygon><username>anonymous</username><pt><x>70</x><y>174</y><time>25-08-20 22:46:46:802</time></pt><pt><x>2688</x><y>174</y><time>25-08-20 22:46:50:688</time></pt><pt><x>2688</x><y>1768</y><time>undefined</time></pt><pt><x>70</x><y>1768</y><time>undefined</time></pt><closed_date>25-08-20 22:46:50:689</closed_date></polygon></object></annotation>