<annotation><filename>m4_s04_039_p_nic098.jpg</filename><folder>users/joselusava//santiago_2</folder><source><submittedBy>Jose Saca</submittedBy></source><imagesize><nrows>2970</nrows><ncols>4451</ncols></imagesize><object><name>m4_s04_039_p_nic098</name><deleted>0</deleted><verified>0</verified><occluded>no</occluded><attributes></attributes><parts><hasparts></hasparts><ispartof></ispartof></parts><date>21-10-20 22:29:34:881</date><id>0</id><type>bounding_box</type><polygon><username>anonymous</username><pt><x>835</x><y>975</y><time>21-10-20 22:29:31:409</time></pt><pt><x>1503</x><y>975</y><time>21-10-20 22:29:33:029</time></pt><pt><x>1503</x><y>2891</y><time>undefined</time></pt><pt><x>835</x><y>2891</y><time>undefined</time></pt><closed_date>21-10-20 22:29:33:031</closed_date></polygon></object></annotation>