<annotation><filename>m1_s01_004_p_ic018.jpg</filename><folder>users/joselusava//valeria_apoyo/sala001_004ic_ok</folder><source><submittedBy>Jose Saca</submittedBy></source><imagesize><nrows>2000</nrows><ncols>2992</ncols></imagesize><object><name>m1_s01_004_p_ic018</name><deleted>0</deleted><verified>0</verified><occluded>no</occluded><attributes></attributes><parts><hasparts></hasparts><ispartof></ispartof></parts><date>15-09-20 22:21:58:758</date><id>0</id><type>bounding_box</type><polygon><username>anonymous</username><pt><x>2985</x><y>1625</y><time>15-09-20 22:21:50:118</time></pt><pt><x>8</x><y>1625</y><time>15-09-20 22:21:53:822</time></pt><pt><x>8</x><y>678</y><time>undefined</time></pt><pt><x>2985</x><y>678</y><time>undefined</time></pt><closed_date>15-09-20 22:21:53:823</closed_date></polygon></object></annotation>