<annotation><filename>img_m1_s10_303_p_nic092.jpg</filename><folder>users/joselusava//santiago</folder><source><submittedBy>Jose Saca</submittedBy></source><imagesize><nrows>3200</nrows><ncols>4800</ncols></imagesize><object><name>m1_s10_303_p_nic092</name><deleted>0</deleted><verified>0</verified><occluded>no</occluded><attributes></attributes><parts><hasparts></hasparts><ispartof></ispartof></parts><date>01-09-20 23:13:42:033</date><id>0</id><type>bounding_box</type><polygon><username>anonymous</username><pt><x>2995</x><y>468</y><time>01-09-20 23:13:33:384</time></pt><pt><x>4125</x><y>468</y><time>01-09-20 23:13:34:537</time></pt><pt><x>4125</x><y>1263</y><time>undefined</time></pt><pt><x>2995</x><y>1263</y><time>undefined</time></pt><closed_date>01-09-20 23:13:34:538</closed_date></polygon></object></annotation>