<annotation><filename>m2_s01_001_p_ic047.jpg</filename><folder>users/joselusava//santiago</folder><source><submittedBy>Jose Saca</submittedBy></source><imagesize><nrows>2850</nrows><ncols>4271</ncols></imagesize><object><name>m2_s01_001_p_ic047</name><deleted>0</deleted><verified>0</verified><occluded>no</occluded><attributes></attributes><parts><hasparts></hasparts><ispartof></ispartof></parts><date>19-09-20 08:41:58:345</date><id>0</id><type>bounding_box</type><polygon><username>anonymous</username><pt><x>1218</x><y>115</y><time>19-09-20 08:41:48:099</time></pt><pt><x>3222</x><y>115</y><time>19-09-20 08:41:51:805</time></pt><pt><x>3222</x><y>2744</y><time>undefined</time></pt><pt><x>1218</x><y>2744</y><time>undefined</time></pt><closed_date>19-09-20 08:41:51:806</closed_date></polygon></object></annotation>