<annotation><filename>m2_s05_236_p_nic014.jpg</filename><folder>users/joselusava//museos2020</folder><source><submittedBy>Jose Saca</submittedBy></source><imagesize><nrows>2910</nrows><ncols>4361</ncols></imagesize><object><name>m2_s05_236_p_nic014</name><deleted>0</deleted><verified>0</verified><occluded>no</occluded><attributes></attributes><parts><hasparts></hasparts><ispartof></ispartof></parts><date>17-09-20 06:50:10:958</date><id>0</id><type>bounding_box</type><polygon><username>anonymous</username><pt><x>121</x><y>544</y><time>17-09-20 06:50:03:652</time></pt><pt><x>2501</x><y>544</y><time>17-09-20 06:50:05:354</time></pt><pt><x>2501</x><y>2296</y><time>undefined</time></pt><pt><x>121</x><y>2296</y><time>undefined</time></pt><closed_date>17-09-20 06:50:05:354</closed_date></polygon></object></annotation>