<annotation><filename>m4_s06_089_p_ic033.jpg</filename><folder>users/joselusava//santiago_2</folder><source><submittedBy>Jose Saca</submittedBy></source><imagesize><nrows>2970</nrows><ncols>4451</ncols></imagesize><object><name>m4_s06_089_p_ic033</name><deleted>0</deleted><verified>0</verified><occluded>no</occluded><attributes></attributes><parts><hasparts></hasparts><ispartof></ispartof></parts><date>11-10-20 18:00:24:858</date><id>0</id><type>bounding_box</type><polygon><username>anonymous</username><pt><x>1471</x><y>679</y><time>11-10-20 18:00:20:728</time></pt><pt><x>2906</x><y>679</y><time>11-10-20 18:00:22:735</time></pt><pt><x>2906</x><y>2567</y><time>undefined</time></pt><pt><x>1471</x><y>2567</y><time>undefined</time></pt><closed_date>11-10-20 18:00:22:736</closed_date></polygon></object></annotation>