<annotation><filename>img_m1_s03-04_101_p_nic020.jpg</filename><folder>users/joselusava//valeria/sala3y4_101_nic</folder><source><submittedBy>Jose Saca</submittedBy></source><imagesize><nrows>3200</nrows><ncols>4800</ncols></imagesize><object><name>m1_s03_s04_101_p_nic020</name><deleted>0</deleted><verified>0</verified><occluded>no</occluded><attributes></attributes><parts><hasparts></hasparts><ispartof></ispartof></parts><date>29-08-20 23:10:42:591</date><id>0</id><type>bounding_box</type><polygon><username>anonymous</username><pt><x>3885</x><y>1400</y><time>29-08-20 23:10:32:285</time></pt><pt><x>24</x><y>1400</y><time>29-08-20 23:10:38:431</time></pt><pt><x>24</x><y>309</y><time>undefined</time></pt><pt><x>3885</x><y>309</y><time>undefined</time></pt><closed_date>29-08-20 23:10:38:432</closed_date></polygon></object></annotation>