<annotation><filename>m1_s02_052_p_nic082.jpg</filename><folder>users/joselusava//valeria/sala2_052_nic</folder><source><submittedBy>Jose Saca</submittedBy></source><imagesize><nrows>3200</nrows><ncols>4800</ncols></imagesize><object><name>m1_s02_052_p_nic082</name><deleted>0</deleted><verified>0</verified><occluded>no</occluded><attributes></attributes><parts><hasparts></hasparts><ispartof></ispartof></parts><date>27-08-20 17:41:09:658</date><id>0</id><type>bounding_box</type><polygon><username>anonymous</username><pt><x>1600</x><y>1917</y><time>27-08-20 17:41:01:538</time></pt><pt><x>113</x><y>1917</y><time>27-08-20 17:41:06:123</time></pt><pt><x>113</x><y>3173</y><time>undefined</time></pt><pt><x>1600</x><y>3173</y><time>undefined</time></pt><closed_date>27-08-20 17:41:06:124</closed_date></polygon></object></annotation>