<annotation><filename>m1_s01_001_p_nic079.jpg</filename><folder>users/joselusava//juancarlos</folder><source><submittedBy>Jose Saca</submittedBy></source><imagesize><nrows>3200</nrows><ncols>4800</ncols></imagesize><object><name>m1_s01_001_p_nic079</name><deleted>0</deleted><verified>0</verified><occluded>no</occluded><attributes></attributes><parts><hasparts></hasparts><ispartof></ispartof></parts><date>11-09-20 12:20:02:942</date><id>0</id><type>bounding_box</type><polygon><username>anonymous</username><pt><x>2174</x><y>1619</y><time>11-09-20 12:19:49:702</time></pt><pt><x>3777</x><y>1619</y><time>11-09-20 12:19:53:776</time></pt><pt><x>3777</x><y>2629</y><time>undefined</time></pt><pt><x>2174</x><y>2629</y><time>undefined</time></pt><closed_date>11-09-20 12:19:53:776</closed_date></polygon></object></annotation>