<annotation><filename>m1_s01_004_p_ic082.jpg</filename><folder>users/joselusava//valeria_apoyo/sala001_004ic_ok</folder><source><submittedBy>Jose Saca</submittedBy></source><imagesize><nrows>2000</nrows><ncols>2992</ncols></imagesize><object><name>m1_s01_004_p_ic082</name><deleted>0</deleted><verified>0</verified><occluded>no</occluded><attributes></attributes><parts><hasparts></hasparts><ispartof></ispartof></parts><date>16-09-20 16:35:28:073</date><id>0</id><type>bounding_box</type><polygon><username>anonymous</username><pt><x>2977</x><y>1451</y><time>16-09-20 16:35:21:149</time></pt><pt><x>0</x><y>1451</y><time>16-09-20 16:35:24:345</time></pt><pt><x>0</x><y>591</y><time>undefined</time></pt><pt><x>2977</x><y>591</y><time>undefined</time></pt><closed_date>16-09-20 16:35:24:346</closed_date></polygon></object></annotation>