<annotation><filename>m4_s10_154_p_nic093.jpg</filename><folder>users/joselusava//valeria/m04_s10_154_nic</folder><source><submittedBy>Jose Saca</submittedBy></source><imagesize><nrows>2970</nrows><ncols>4451</ncols></imagesize><object><name>m4_s10_154_p_nic093</name><deleted>0</deleted><verified>0</verified><occluded>no</occluded><attributes></attributes><parts><hasparts></hasparts><ispartof></ispartof></parts><date>14-10-20 16:02:58:048</date><id>0</id><type>bounding_box</type><polygon><username>anonymous</username><pt><x>383</x><y>2347</y><time>14-10-20 16:02:53:373</time></pt><pt><x>2125</x><y>2347</y><time>14-10-20 16:02:54:821</time></pt><pt><x>2125</x><y>457</y><time>undefined</time></pt><pt><x>383</x><y>457</y><time>undefined</time></pt><closed_date>14-10-20 16:02:54:822</closed_date></polygon></object></annotation>