<annotation><filename>m1_s01_017_p_nic009.jpg</filename><folder>users/joselusava//santiago</folder><source><submittedBy>Jose Saca</submittedBy></source><imagesize><nrows>3200</nrows><ncols>4800</ncols></imagesize><object><name>m1_s01_017_p_nic009</name><deleted>0</deleted><verified>0</verified><occluded>no</occluded><attributes></attributes><parts><hasparts></hasparts><ispartof></ispartof></parts><date>11-09-20 18:25:16:772</date><id>0</id><type>bounding_box</type><polygon><username>anonymous</username><pt><x>763</x><y>688</y><time>11-09-20 18:25:08:229</time></pt><pt><x>1339</x><y>688</y><time>11-09-20 18:25:10:207</time></pt><pt><x>1339</x><y>1055</y><time>undefined</time></pt><pt><x>763</x><y>1055</y><time>undefined</time></pt><closed_date>11-09-20 18:25:10:209</closed_date></polygon></object></annotation>