<annotation><filename>m2_s01_024_p_ic066.jpg</filename><folder>users/joselusava//santiago</folder><source><submittedBy>Jose Saca</submittedBy></source><imagesize><nrows>2850</nrows><ncols>4271</ncols></imagesize><object><name>m2_s01_024_p_ic066</name><deleted>0</deleted><verified>0</verified><occluded>no</occluded><attributes></attributes><parts><hasparts></hasparts><ispartof></ispartof></parts><date>24-09-20 22:36:49:514</date><id>0</id><type>bounding_box</type><polygon><username>anonymous</username><pt><x>975</x><y>99</y><time>24-09-20 22:36:41:117</time></pt><pt><x>2658</x><y>99</y><time>24-09-20 22:36:42:948</time></pt><pt><x>2658</x><y>2558</y><time>undefined</time></pt><pt><x>975</x><y>2558</y><time>undefined</time></pt><closed_date>24-09-20 22:36:42:948</closed_date></polygon></object></annotation>