<annotation><filename>m4_s11_182_x.jpg</filename><folder>users/joselusava//kath/m4_x</folder><source><submittedBy>Jose Saca</submittedBy></source><imagesize><nrows>2970</nrows><ncols>4451</ncols></imagesize><object><name>m4_s11_182_x</name><deleted>0</deleted><verified>0</verified><occluded>no</occluded><attributes></attributes><parts><hasparts></hasparts><ispartof></ispartof></parts><date>21-10-20 12:28:31:106</date><id>0</id><polygon><username>anonymous</username><pt><x>1562</x><y>144</y><time>21-10-20 12:28:24:459</time></pt><pt><x>1591</x><y>2831</y><time>21-10-20 12:28:25:467</time></pt><pt><x>3258</x><y>2634</y><time>21-10-20 12:28:26:428</time></pt><pt><x>3412</x><y>336</y><time>21-10-20 12:28:27:556</time></pt><closed_date>21-10-20 12:28:28:614</closed_date></polygon></object></annotation>