<annotation><filename>m1_s02_036_p_ic006.jpg</filename><folder>users/joselusava//valeria/sala2_036_ic</folder><source><submittedBy>Jose Saca</submittedBy></source><imagesize><nrows>3200</nrows><ncols>4800</ncols></imagesize><object><name>m1_s01_036_p_ic006</name><deleted>0</deleted><verified>0</verified><occluded>no</occluded><attributes></attributes><parts><hasparts></hasparts><ispartof></ispartof></parts><date>23-08-20 01:15:05:449</date><id>0</id><type>bounding_box</type><polygon><username>anonymous</username><pt><x>1015</x><y>521</y><time>23-08-20 01:14:41:101</time></pt><pt><x>3581</x><y>521</y><time>23-08-20 01:14:45:311</time></pt><pt><x>3581</x><y>2835</y><time>undefined</time></pt><pt><x>1015</x><y>2835</y><time>undefined</time></pt><closed_date>23-08-20 01:14:45:312</closed_date></polygon></object></annotation>