<annotation><filename>img_m1_s10_303_p_nic027.jpg</filename><folder>users/joselusava//santiago</folder><source><submittedBy>Jose Saca</submittedBy></source><imagesize><nrows>3200</nrows><ncols>4800</ncols></imagesize><object><name>m1_s10_303_p_nic027</name><deleted>0</deleted><verified>0</verified><occluded>no</occluded><attributes></attributes><parts><hasparts></hasparts><ispartof></ispartof></parts><date>01-09-20 20:17:20:758</date><id>0</id><type>bounding_box</type><polygon><username>anonymous</username><pt><x>3132</x><y>911</y><time>01-09-20 20:16:54:503</time></pt><pt><x>4492</x><y>911</y><time>01-09-20 20:16:56:518</time></pt><pt><x>4492</x><y>1775</y><time>undefined</time></pt><pt><x>3132</x><y>1775</y><time>undefined</time></pt><closed_date>01-09-20 20:16:56:519</closed_date></polygon></object></annotation>