<annotation><filename>m2_s03_252_p_nic004.jpg</filename><folder>users/joselusava//valeria/m2_sala03_252_nic</folder><source><submittedBy>Jose Saca</submittedBy></source><imagesize><nrows>2910</nrows><ncols>4361</ncols></imagesize><object><name>m2_s06_252_p_nic004</name><deleted>0</deleted><verified>0</verified><occluded>no</occluded><attributes></attributes><parts><hasparts></hasparts><ispartof></ispartof></parts><date>26-09-20 16:43:19:035</date><id>0</id><type>bounding_box</type><polygon><username>anonymous</username><pt><x>3037</x><y>215</y><time>26-09-20 16:43:11:591</time></pt><pt><x>1334</x><y>215</y><time>26-09-20 16:43:16:029</time></pt><pt><x>1334</x><y>1284</y><time>undefined</time></pt><pt><x>3037</x><y>1284</y><time>undefined</time></pt><closed_date>26-09-20 16:43:16:030</closed_date></polygon></object></annotation>