<annotation><filename>m2_s02_129_p_nic044.jpg</filename><folder>users/joselusava//m2_jsv/129/nic</folder><source><submittedBy>Jose Saca</submittedBy></source><imagesize><nrows>2910</nrows><ncols>4361</ncols></imagesize><object><name>m2_s02_129_p_nic044</name><deleted>0</deleted><verified>0</verified><occluded>no</occluded><attributes></attributes><parts><hasparts></hasparts><ispartof></ispartof></parts><date>25-09-20 07:52:04:776</date><id>0</id><type>bounding_box</type><polygon><username>anonymous</username><pt><x>4004</x><y>1993</y><time>25-09-20 07:52:02:738</time></pt><pt><x>2812</x><y>1993</y><time>25-09-20 07:52:04:145</time></pt><pt><x>2812</x><y>792</y><time>undefined</time></pt><pt><x>4004</x><y>792</y><time>undefined</time></pt><closed_date>25-09-20 07:52:04:146</closed_date></polygon></object></annotation>