<annotation><filename>m2_s03_252_p_nic099.jpg</filename><folder>users/joselusava//valeria/m2_sala03_252_nic</folder><source><submittedBy>Jose Saca</submittedBy></source><imagesize><nrows>2910</nrows><ncols>4361</ncols></imagesize><object><name>m2_s06_252_p_nic099</name><deleted>0</deleted><verified>0</verified><occluded>no</occluded><attributes></attributes><parts><hasparts></hasparts><ispartof></ispartof></parts><date>26-09-20 22:56:01:510</date><id>0</id><type>bounding_box</type><polygon><username>anonymous</username><pt><x>953</x><y>320</y><time>26-09-20 22:55:56:908</time></pt><pt><x>2601</x><y>320</y><time>26-09-20 22:55:58:610</time></pt><pt><x>2601</x><y>1268</y><time>undefined</time></pt><pt><x>953</x><y>1268</y><time>undefined</time></pt><closed_date>26-09-20 22:55:58:611</closed_date></polygon></object></annotation>