<annotation><filename>m2_s03_219_p_nic031.jpg</filename><folder>users/joselusava//valeria/m2_sala03_219_nic</folder><source><submittedBy>Jose Saca</submittedBy></source><imagesize><nrows>2910</nrows><ncols>4361</ncols></imagesize><object><name>m2_s03_219_p_nic031</name><deleted>0</deleted><verified>0</verified><occluded>no</occluded><attributes></attributes><parts><hasparts></hasparts><ispartof></ispartof></parts><date>29-09-20 17:36:27:420</date><id>0</id><type>bounding_box</type><polygon><username>anonymous</username><pt><x>1907</x><y>1912</y><time>29-09-20 17:36:22:306</time></pt><pt><x>783</x><y>1912</y><time>29-09-20 17:36:24:265</time></pt><pt><x>783</x><y>176</y><time>undefined</time></pt><pt><x>1907</x><y>176</y><time>undefined</time></pt><closed_date>29-09-20 17:36:24:266</closed_date></polygon></object></annotation>