<annotation><filename>m4_s10_157_p_ic099.jpg</filename><folder>users/joselusava//valeria/m04_s10_157_nic</folder><source><submittedBy>Jose Saca</submittedBy></source><imagesize><nrows>2970</nrows><ncols>4451</ncols></imagesize><object><name>m4_s10_157_p_nic099</name><deleted>0</deleted><verified>0</verified><occluded>no</occluded><attributes></attributes><parts><hasparts></hasparts><ispartof></ispartof></parts><date>12-10-20 22:18:27:140</date><id>0</id><type>bounding_box</type><polygon><username>anonymous</username><pt><x>4253</x><y>2576</y><time>12-10-20 22:18:21:924</time></pt><pt><x>2261</x><y>2576</y><time>12-10-20 22:18:24:075</time></pt><pt><x>2261</x><y>309</y><time>undefined</time></pt><pt><x>4253</x><y>309</y><time>undefined</time></pt><closed_date>12-10-20 22:18:24:075</closed_date></polygon></object></annotation>