<annotation><filename>m1_s01_001_p_nic070.jpg</filename><folder>users/joselusava//juancarlos</folder><source><submittedBy>Jose Saca</submittedBy></source><imagesize><nrows>3200</nrows><ncols>4800</ncols></imagesize><object><name>m1_s01_001_p_nic070</name><deleted>0</deleted><verified>0</verified><occluded>no</occluded><attributes></attributes><parts><hasparts></hasparts><ispartof></ispartof></parts><date>11-09-20 11:43:12:726</date><id>0</id><type>bounding_box</type><polygon><username>anonymous</username><pt><x>2457</x><y>2141</y><time>11-09-20 11:43:01:671</time></pt><pt><x>3988</x><y>2141</y><time>11-09-20 11:43:04:002</time></pt><pt><x>3988</x><y>2945</y><time>undefined</time></pt><pt><x>2457</x><y>2945</y><time>undefined</time></pt><closed_date>11-09-20 11:43:04:002</closed_date></polygon></object></annotation>