<annotation><filename>m3_s01_002_p_nic027.jpg</filename><folder>users/joselusava//santiago_3</folder><source><submittedBy>Jose Saca</submittedBy></source><imagesize><nrows>2970</nrows><ncols>4451</ncols></imagesize><object><name>m3_s01_002_p_nic027</name><deleted>0</deleted><verified>0</verified><occluded>no</occluded><attributes></attributes><parts><hasparts></hasparts><ispartof></ispartof></parts><date>29-10-20 15:48:34:998</date><id>0</id><type>bounding_box</type><polygon><username>anonymous</username><pt><x>1439</x><y>932</y><time>29-10-20 15:48:30:855</time></pt><pt><x>4244</x><y>932</y><time>29-10-20 15:48:32:498</time></pt><pt><x>4244</x><y>2877</y><time>undefined</time></pt><pt><x>1439</x><y>2877</y><time>undefined</time></pt><closed_date>29-10-20 15:48:32:499</closed_date></polygon></object></annotation>