<annotation><filename>m1_s06_186_p_nic025.jpg</filename><folder>users/joselusava//jacob_2/186nic</folder><source><submittedBy>Jose Saca</submittedBy></source><imagesize><nrows>2736</nrows><ncols>4100</ncols></imagesize><object><name>m1_s06_186_p_nic025</name><deleted>0</deleted><verified>0</verified><occluded>no</occluded><attributes></attributes><parts><hasparts></hasparts><ispartof></ispartof></parts><date>09-09-20 23:10:46:276</date><id>0</id><type>bounding_box</type><polygon><username>anonymous</username><pt><x>982</x><y>2635</y><time>09-09-20 23:10:43:839</time></pt><pt><x>2471</x><y>2635</y><time>09-09-20 23:10:45:692</time></pt><pt><x>2471</x><y>941</y><time>undefined</time></pt><pt><x>982</x><y>941</y><time>undefined</time></pt><closed_date>09-09-20 23:10:45:692</closed_date></polygon></object></annotation>