<annotation><filename>m2_s02_129_p_nic031.jpg</filename><folder>users/joselusava//m2_jsv/129/nic</folder><source><submittedBy>Jose Saca</submittedBy></source><imagesize><nrows>2910</nrows><ncols>4361</ncols></imagesize><object><name>m2_s02_129_p_nic031</name><deleted>0</deleted><verified>0</verified><occluded>no</occluded><attributes></attributes><parts><hasparts></hasparts><ispartof></ispartof></parts><date>24-09-20 19:56:17:222</date><id>0</id><type>bounding_box</type><polygon><username>anonymous</username><pt><x>2986</x><y>2725</y><time>24-09-20 19:56:15:439</time></pt><pt><x>2072</x><y>2725</y><time>24-09-20 19:56:16:682</time></pt><pt><x>2072</x><y>1697</y><time>undefined</time></pt><pt><x>2986</x><y>1697</y><time>undefined</time></pt><closed_date>24-09-20 19:56:16:682</closed_date></polygon></object></annotation>