<annotation><filename>m1_s01_005_p_nic049.jpg</filename><folder>users/joselusava//museos2020</folder><source><submittedBy>Jose Saca</submittedBy></source><imagesize><nrows>2000</nrows><ncols>2992</ncols></imagesize><object><name>m1_s01_005_p_nic049</name><deleted>0</deleted><verified>0</verified><occluded>no</occluded><attributes></attributes><parts><hasparts></hasparts><ispartof></ispartof></parts><date>14-09-20 11:12:46:774</date><id>0</id><type>bounding_box</type><polygon><username>anonymous</username><pt><x>272</x><y>1029</y><time>14-09-20 11:12:38:975</time></pt><pt><x>658</x><y>1029</y><time>14-09-20 11:12:40:227</time></pt><pt><x>658</x><y>1393</y><time>undefined</time></pt><pt><x>272</x><y>1393</y><time>undefined</time></pt><closed_date>14-09-20 11:12:40:229</closed_date></polygon></object></annotation>