<annotation><filename>m2_s01_001_p_nic015.jpg</filename><folder>users/joselusava//santiago</folder><source><submittedBy>Jose Saca</submittedBy></source><imagesize><nrows>2850</nrows><ncols>4271</ncols></imagesize><object><name>m2_s01_001_p_nic015</name><deleted>0</deleted><verified>0</verified><occluded>no</occluded><attributes></attributes><parts><hasparts></hasparts><ispartof></ispartof></parts><date>19-09-20 21:58:42:675</date><id>0</id><type>bounding_box</type><polygon><username>anonymous</username><pt><x>2315</x><y>862</y><time>19-09-20 21:58:33:873</time></pt><pt><x>3744</x><y>862</y><time>19-09-20 21:58:36:121</time></pt><pt><x>3744</x><y>2299</y><time>undefined</time></pt><pt><x>2315</x><y>2299</y><time>undefined</time></pt><closed_date>19-09-20 21:58:36:121</closed_date></polygon></object></annotation>