<annotation><filename>m4_s05_055_p_ic045.jpg</filename><folder>users/joselusava//valeria/m4_s05_055_ic</folder><source><submittedBy>Jose Saca</submittedBy></source><imagesize><nrows>2910</nrows><ncols>4361</ncols></imagesize><object><name>m4_s05_055_p_ic045</name><deleted>0</deleted><verified>0</verified><occluded>no</occluded><attributes></attributes><parts><hasparts></hasparts><ispartof></ispartof></parts><date>08-10-20 22:25:46:675</date><id>0</id><type>bounding_box</type><polygon><username>anonymous</username><pt><x>1416</x><y>513</y><time>08-10-20 22:25:41:116</time></pt><pt><x>3037</x><y>513</y><time>08-10-20 22:25:43:745</time></pt><pt><x>3037</x><y>2370</y><time>undefined</time></pt><pt><x>1416</x><y>2370</y><time>undefined</time></pt><closed_date>08-10-20 22:25:43:746</closed_date></polygon></object></annotation>