<annotation><filename>m2_s05_236_p_ic080.jpg</filename><folder>users/joselusava//museos2020</folder><source><submittedBy>Jose Saca</submittedBy></source><imagesize><nrows>2910</nrows><ncols>4361</ncols></imagesize><object><name>m2_s05_236_p_ic080</name><deleted>0</deleted><verified>0</verified><occluded>no</occluded><attributes></attributes><parts><hasparts></hasparts><ispartof></ispartof></parts><date>16-09-20 19:18:58:336</date><id>0</id><type>bounding_box</type><polygon><username>anonymous</username><pt><x>302</x><y>284</y><time>16-09-20 19:18:47:089</time></pt><pt><x>4328</x><y>284</y><time>16-09-20 19:18:49:966</time></pt><pt><x>4328</x><y>2673</y><time>undefined</time></pt><pt><x>302</x><y>2673</y><time>undefined</time></pt><closed_date>16-09-20 19:18:49:968</closed_date></polygon></object></annotation>