<annotation><filename>img_m1_s10_303_p_nic074.jpg</filename><folder>users/joselusava//santiago</folder><source><submittedBy>Jose Saca</submittedBy></source><imagesize><nrows>3200</nrows><ncols>4800</ncols></imagesize><object><name>m1_s10_303_p_nic074</name><deleted>0</deleted><verified>0</verified><occluded>no</occluded><attributes></attributes><parts><hasparts></hasparts><ispartof></ispartof></parts><date>01-09-20 22:29:39:501</date><id>0</id><type>bounding_box</type><polygon><username>anonymous</username><pt><x>493</x><y>266</y><time>01-09-20 22:29:31:759</time></pt><pt><x>2091</x><y>266</y><time>01-09-20 22:29:33:128</time></pt><pt><x>2091</x><y>1472</y><time>undefined</time></pt><pt><x>493</x><y>1472</y><time>undefined</time></pt><closed_date>01-09-20 22:29:33:130</closed_date></polygon></object></annotation>