<annotation><filename>m1_s01_004_p_nic073.jpg</filename><folder>users/joselusava//valeria_apoyo/sala01_004_nic</folder><source><submittedBy>Jose Saca</submittedBy></source><imagesize><nrows>3200</nrows><ncols>4800</ncols></imagesize><object><name>m1_s01_004_p_nic073</name><deleted>0</deleted><verified>0</verified><occluded>no</occluded><attributes></attributes><parts><hasparts></hasparts><ispartof></ispartof></parts><date>17-09-20 20:01:11:470</date><id>0</id><type>bounding_box</type><polygon><username>anonymous</username><pt><x>4552</x><y>2921</y><time>17-09-20 20:01:06:002</time></pt><pt><x>1739</x><y>2921</y><time>17-09-20 20:01:08:188</time></pt><pt><x>1739</x><y>2145</y><time>undefined</time></pt><pt><x>4552</x><y>2145</y><time>undefined</time></pt><closed_date>17-09-20 20:01:08:189</closed_date></polygon></object></annotation>