<annotation><filename>m4_s06_067_x.jpg</filename><folder>users/joselusava//kath/m4_x</folder><source><submittedBy>Jose Saca</submittedBy></source><imagesize><nrows>2970</nrows><ncols>4451</ncols></imagesize><object><name>m4_s06_067_x</name><deleted>0</deleted><verified>0</verified><occluded>no</occluded><attributes></attributes><parts><hasparts></hasparts><ispartof></ispartof></parts><date>20-10-20 09:35:15:580</date><id>0</id><polygon><username>anonymous</username><pt><x>1048</x><y>384</y><time>20-10-20 09:34:59:006</time></pt><pt><x>591</x><y>2504</y><time>20-10-20 09:34:59:874</time></pt><pt><x>3849</x><y>2422</y><time>20-10-20 09:35:01:201</time></pt><pt><x>3427</x><y>538</y><time>20-10-20 09:35:02:286</time></pt><closed_date>20-10-20 09:35:07:553</closed_date></polygon></object></annotation>