<annotation><filename>m2_s06_250_p_nic080.jpg</filename><folder>users/joselusava//m2_jsv/250</folder><source><submittedBy>Jose Saca</submittedBy></source><imagesize><nrows>2910</nrows><ncols>4361</ncols></imagesize><object><name>m2_s06_250_p_nic080</name><deleted>0</deleted><verified>0</verified><occluded>no</occluded><attributes></attributes><parts><hasparts></hasparts><ispartof></ispartof></parts><date>30-09-20 11:57:26:151</date><id>0</id><type>bounding_box</type><polygon><username>anonymous</username><pt><x>2742</x><y>688</y><time>30-09-20 11:57:22:934</time></pt><pt><x>44</x><y>688</y><time>30-09-20 11:57:25:261</time></pt><pt><x>44</x><y>2080</y><time>undefined</time></pt><pt><x>2742</x><y>2080</y><time>undefined</time></pt><closed_date>30-09-20 11:57:25:261</closed_date></polygon></object></annotation>