<annotation><filename>m4_s05_052_p_nic052.jpg</filename><folder>users/joselusava//santiago_2</folder><source><submittedBy>Jose Saca</submittedBy></source><imagesize><nrows>2910</nrows><ncols>4361</ncols></imagesize><object><name>m4_s05_052_p_nic052</name><deleted>0</deleted><verified>0</verified><occluded>no</occluded><attributes></attributes><parts><hasparts></hasparts><ispartof></ispartof></parts><date>08-10-20 21:32:28:749</date><id>0</id><type>bounding_box</type><polygon><username>anonymous</username><pt><x>1431</x><y>430</y><time>08-10-20 21:32:25:272</time></pt><pt><x>2598</x><y>430</y><time>08-10-20 21:32:26:409</time></pt><pt><x>2598</x><y>1763</y><time>undefined</time></pt><pt><x>1431</x><y>1763</y><time>undefined</time></pt><closed_date>08-10-20 21:32:26:410</closed_date></polygon></object></annotation>