<annotation><filename>img_m1_s03-04_101_p_ic006.jpg</filename><folder>users/joselusava//valeria/sala3y4_101_ic</folder><source><submittedBy>Jose Saca</submittedBy></source><imagesize><nrows>3200</nrows><ncols>4800</ncols></imagesize><object><name>m1_s03_s04_101_p_ic006</name><deleted>0</deleted><verified>0</verified><occluded>no</occluded><attributes></attributes><parts><hasparts></hasparts><ispartof></ispartof></parts><date>28-08-20 22:23:27:939</date><id>0</id><type>bounding_box</type><polygon><username>anonymous</username><pt><x>4687</x><y>2470</y><time>28-08-20 22:23:21:986</time></pt><pt><x>70</x><y>2470</y><time>28-08-20 22:23:24:149</time></pt><pt><x>70</x><y>569</y><time>undefined</time></pt><pt><x>4687</x><y>569</y><time>undefined</time></pt><closed_date>28-08-20 22:23:24:150</closed_date></polygon></object></annotation>