<annotation><filename>m1_s02_029_p_nic056.jpg</filename><folder>users/joselusava//valeria/sala2_029_nic</folder><source><submittedBy>Jose Saca</submittedBy></source><imagesize><nrows>3200</nrows><ncols>4800</ncols></imagesize><object><name>m1_s02_029_p_nic056</name><deleted>0</deleted><verified>0</verified><occluded>no</occluded><attributes></attributes><parts><hasparts></hasparts><ispartof></ispartof></parts><date>26-08-20 19:23:15:525</date><id>0</id><type>bounding_box</type><polygon><username>anonymous</username><pt><x>2346</x><y>317</y><time>26-08-20 19:23:07:794</time></pt><pt><x>3608</x><y>317</y><time>26-08-20 19:23:10:608</time></pt><pt><x>3608</x><y>1643</y><time>undefined</time></pt><pt><x>2346</x><y>1643</y><time>undefined</time></pt><closed_date>26-08-20 19:23:10:609</closed_date></polygon></object></annotation>