<annotation><filename>m4_s09_138_p_nic029.jpg</filename><folder>users/joselusava//santiago_2</folder><source><submittedBy>Jose Saca</submittedBy></source><imagesize><nrows>2970</nrows><ncols>4451</ncols></imagesize><object><name>m4_s09_138_p_nic029</name><deleted>0</deleted><verified>0</verified><occluded>no</occluded><attributes></attributes><parts><hasparts></hasparts><ispartof></ispartof></parts><date>23-10-20 13:41:02:711</date><id>0</id><type>bounding_box</type><polygon><username>anonymous</username><pt><x>1828</x><y>885</y><time>23-10-20 13:40:59:219</time></pt><pt><x>4344</x><y>885</y><time>23-10-20 13:41:00:255</time></pt><pt><x>4344</x><y>2031</y><time>undefined</time></pt><pt><x>1828</x><y>2031</y><time>undefined</time></pt><closed_date>23-10-20 13:41:00:257</closed_date></polygon></object></annotation>