<annotation><filename>m4_s05_060_p_nic019.jpg</filename><folder>users/joselusava//m4_js/60/nic</folder><source><submittedBy>Jose Saca</submittedBy></source><imagesize><nrows>2910</nrows><ncols>4361</ncols></imagesize><object><name>m4_s05_060_p_nic019</name><deleted>0</deleted><verified>0</verified><occluded>no</occluded><attributes></attributes><parts><hasparts></hasparts><ispartof></ispartof></parts><date>13-10-20 23:52:46:510</date><id>0</id><type>bounding_box</type><polygon><username>anonymous</username><pt><x>3125</x><y>2368</y><time>13-10-20 23:52:43:440</time></pt><pt><x>17</x><y>2368</y><time>13-10-20 23:52:45:734</time></pt><pt><x>17</x><y>461</y><time>undefined</time></pt><pt><x>3125</x><y>461</y><time>undefined</time></pt><closed_date>13-10-20 23:52:45:734</closed_date></polygon></object></annotation>