<annotation><filename>m2_s07_264_p_nic077.jpg</filename><folder>users/joselusava//valeria/sala7_264_nic</folder><source><submittedBy>Jose Saca</submittedBy></source><imagesize><nrows>2910</nrows><ncols>4361</ncols></imagesize><object><name>m2_s07_264_p_nic077</name><deleted>0</deleted><verified>0</verified><occluded>no</occluded><attributes></attributes><parts><hasparts></hasparts><ispartof></ispartof></parts><date>23-09-20 21:24:27:373</date><id>0</id><type>bounding_box</type><polygon><username>anonymous</username><pt><x>1235</x><y>2679</y><time>23-09-20 21:24:21:369</time></pt><pt><x>2425</x><y>2679</y><time>23-09-20 21:24:24:319</time></pt><pt><x>2425</x><y>942</y><time>undefined</time></pt><pt><x>1235</x><y>942</y><time>undefined</time></pt><closed_date>23-09-20 21:24:24:321</closed_date></polygon></object></annotation>