<annotation><filename>m4_s09_138_p_ic039.jpg</filename><folder>users/joselusava//santiago_2</folder><source><submittedBy>Jose Saca</submittedBy></source><imagesize><nrows>2970</nrows><ncols>4451</ncols></imagesize><object><name>m4_s09_138_p_ic039</name><deleted>0</deleted><verified>0</verified><occluded>no</occluded><attributes></attributes><parts><hasparts></hasparts><ispartof></ispartof></parts><date>22-10-20 14:10:05:230</date><id>0</id><type>bounding_box</type><polygon><username>anonymous</username><pt><x>282</x><y>532</y><time>22-10-20 14:10:02:020</time></pt><pt><x>4398</x><y>532</y><time>22-10-20 14:10:03:347</time></pt><pt><x>4398</x><y>2602</y><time>undefined</time></pt><pt><x>282</x><y>2602</y><time>undefined</time></pt><closed_date>22-10-20 14:10:03:349</closed_date></polygon></object></annotation>