<annotation><filename>m4_s10_157_p_ic032.jpg</filename><folder>users/joselusava//valeria/m04_s10_157_nic</folder><source><submittedBy>Jose Saca</submittedBy></source><imagesize><nrows>2970</nrows><ncols>4451</ncols></imagesize><object><name>m4_s10_157_p_nic032</name><deleted>0</deleted><verified>0</verified><occluded>no</occluded><attributes></attributes><parts><hasparts></hasparts><ispartof></ispartof></parts><date>12-10-20 19:30:06:630</date><id>0</id><type>bounding_box</type><polygon><username>anonymous</username><pt><x>1153</x><y>2863</y><time>12-10-20 19:30:01:237</time></pt><pt><x>2953</x><y>2863</y><time>12-10-20 19:30:03:205</time></pt><pt><x>2953</x><y>827</y><time>undefined</time></pt><pt><x>1153</x><y>827</y><time>undefined</time></pt><closed_date>12-10-20 19:30:03:205</closed_date></polygon></object></annotation>