<annotation><filename>m3_s01_023_p_ic084.jpg</filename><folder>users/joselusava//santiago_3</folder><source><submittedBy>Jose Saca</submittedBy></source><imagesize><nrows>2970</nrows><ncols>4451</ncols></imagesize><object><name>m3_s01_023_p_ic084</name><deleted>0</deleted><verified>0</verified><occluded>no</occluded><attributes></attributes><parts><hasparts></hasparts><ispartof></ispartof></parts><date>04-11-20 20:56:22:888</date><id>0</id><type>bounding_box</type><polygon><username>anonymous</username><pt><x>353</x><y>250</y><time>04-11-20 20:56:15:784</time></pt><pt><x>4048</x><y>250</y><time>04-11-20 20:56:18:263</time></pt><pt><x>4048</x><y>2377</y><time>undefined</time></pt><pt><x>353</x><y>2377</y><time>undefined</time></pt><closed_date>04-11-20 20:56:18:263</closed_date></polygon></object></annotation>