<annotation><filename>m1_s01_017_p_nic090.jpg</filename><folder>users/joselusava//santiago</folder><source><submittedBy>Jose Saca</submittedBy></source><imagesize><nrows>3200</nrows><ncols>4800</ncols></imagesize><object><name>m1_s01_017_p_nic090</name><deleted>0</deleted><verified>0</verified><occluded>no</occluded><attributes></attributes><parts><hasparts></hasparts><ispartof></ispartof></parts><date>11-09-20 20:04:36:756</date><id>0</id><type>bounding_box</type><polygon><username>anonymous</username><pt><x>626</x><y>1397</y><time>11-09-20 20:04:29:019</time></pt><pt><x>1220</x><y>1397</y><time>11-09-20 20:04:29:752</time></pt><pt><x>1220</x><y>1829</y><time>undefined</time></pt><pt><x>626</x><y>1829</y><time>undefined</time></pt><closed_date>11-09-20 20:04:29:753</closed_date></polygon></object></annotation>