<annotation><filename>m1_s06_186_p_ic078.jpg</filename><folder>users/joselusava//jacob_2/186ic</folder><source><submittedBy>Jose Saca</submittedBy></source><imagesize><nrows>2736</nrows><ncols>4100</ncols></imagesize><object><name>s06_186_p_ic078</name><deleted>0</deleted><verified>0</verified><occluded>no</occluded><attributes></attributes><parts><hasparts></hasparts><ispartof></ispartof></parts><date>09-09-20 22:48:55:522</date><id>0</id><type>bounding_box</type><polygon><username>anonymous</username><pt><x>1244</x><y>2611</y><time>09-09-20 22:48:52:290</time></pt><pt><x>2471</x><y>2611</y><time>09-09-20 22:48:54:343</time></pt><pt><x>2471</x><y>-8</y><time>undefined</time></pt><pt><x>1244</x><y>-8</y><time>undefined</time></pt><closed_date>09-09-20 22:48:54:343</closed_date></polygon></object></annotation>