<annotation><filename>m4_s10_154_p_ic020.jpg</filename><folder>users/joselusava//valeria/m04_s10_154_ic</folder><source><submittedBy>Jose Saca</submittedBy></source><imagesize><nrows>2970</nrows><ncols>4451</ncols></imagesize><object><name>m4_s10_154_p_ic020</name><deleted>0</deleted><verified>0</verified><occluded>no</occluded><attributes></attributes><parts><hasparts></hasparts><ispartof></ispartof></parts><date>13-10-20 18:01:25:013</date><id>0</id><type>bounding_box</type><polygon><username>anonymous</username><pt><x>1148</x><y>2666</y><time>13-10-20 18:01:18:908</time></pt><pt><x>3135</x><y>2666</y><time>13-10-20 18:01:21:002</time></pt><pt><x>3135</x><y>319</y><time>undefined</time></pt><pt><x>1148</x><y>319</y><time>undefined</time></pt><closed_date>13-10-20 18:01:21:003</closed_date></polygon></object></annotation>