<annotation><filename>m1_s02_029_p_ic015.jpg</filename><folder>users/joselusava//valeria/sala2_029_ic</folder><source><submittedBy>Jose Saca</submittedBy></source><imagesize><nrows>3200</nrows><ncols>4800</ncols></imagesize><object><name>m1_s02_029_p_ic015</name><deleted>0</deleted><verified>0</verified><occluded>no</occluded><attributes></attributes><parts><hasparts></hasparts><ispartof></ispartof></parts><date>22-08-20 17:38:29:833</date><id>0</id><type>bounding_box</type><polygon><username>anonymous</username><pt><x>864</x><y>156</y><time>22-08-20 17:38:05:778</time></pt><pt><x>3356</x><y>156</y><time>22-08-20 17:38:16:098</time></pt><pt><x>3356</x><y>2674</y><time>undefined</time></pt><pt><x>864</x><y>2674</y><time>undefined</time></pt><closed_date>22-08-20 17:38:16:099</closed_date></polygon></object></annotation>