<annotation><filename>m1_s06_145_x.jpg</filename><folder>users/joselusava//jacob_2/sala6</folder><source><submittedBy>Jose Saca</submittedBy></source><imagesize><nrows>2736</nrows><ncols>4100</ncols></imagesize><object><name>m1_s06_144_p</name><deleted>0</deleted><verified>0</verified><occluded>no</occluded><attributes></attributes><parts><hasparts></hasparts><ispartof></ispartof></parts><date>06-09-20 01:34:15:373</date><id>0</id><type>bounding_box</type><polygon><username>anonymous</username><pt><x>2771</x><y>2323</y><time>06-09-20 01:34:12:435</time></pt><pt><x>1019</x><y>2323</y><time>06-09-20 01:34:14:459</time></pt><pt><x>1019</x><y>448</y><time>undefined</time></pt><pt><x>2771</x><y>448</y><time>undefined</time></pt><closed_date>06-09-20 01:34:14:459</closed_date></polygon></object></annotation>