<annotation><filename>m2_s01_054_p_nic099.jpg</filename><folder>users/joselusava//kath</folder><source><submittedBy>Jose Saca</submittedBy></source><imagesize><nrows>2850</nrows><ncols>4271</ncols></imagesize><object><name>m2_s01_054_p_nic099</name><deleted>0</deleted><verified>0</verified><occluded>no</occluded><attributes></attributes><parts><hasparts></hasparts><ispartof></ispartof></parts><date>30-09-20 22:48:07:425</date><id>0</id><polygon><username>kath</username><pt><x>2682</x><y>695</y><time>30-09-20 22:47:59:138</time></pt><pt><x>2766</x><y>2309</y><time>30-09-20 22:48:00:379</time></pt><pt><x>3587</x><y>2190</y><time>30-09-20 22:48:01:523</time></pt><pt><x>3777</x><y>688</y><time>30-09-20 22:48:02:668</time></pt><closed_date>30-09-20 22:48:04:131</closed_date></polygon></object></annotation>