<annotation><filename>m3_s01_010_p_nic069.jpg</filename><folder>users/joselusava//m4_js/m3/10/nic</folder><source><submittedBy>Jose Saca</submittedBy></source><imagesize><nrows>2970</nrows><ncols>4451</ncols></imagesize><object><name>m3_s01_010_p_nic069</name><deleted>0</deleted><verified>0</verified><occluded>no</occluded><attributes></attributes><parts><hasparts></hasparts><ispartof></ispartof></parts><date>29-10-20 14:38:08:172</date><id>0</id><type>bounding_box</type><polygon><username>anonymous</username><pt><x>4006</x><y>2267</y><time>29-10-20 14:38:06:257</time></pt><pt><x>1263</x><y>2267</y><time>29-10-20 14:38:07:473</time></pt><pt><x>1263</x><y>-10</y><time>undefined</time></pt><pt><x>4006</x><y>-10</y><time>undefined</time></pt><closed_date>29-10-20 14:38:07:474</closed_date></polygon></object></annotation>