<annotation><filename>m1_s02_036_p_nic036.jpg</filename><folder>users/joselusava//valeria/sala2_036_nic</folder><source><submittedBy>Jose Saca</submittedBy></source><imagesize><nrows>3200</nrows><ncols>4800</ncols></imagesize><object><name>m1_s02_036_p_nic036</name><deleted>0</deleted><verified>0</verified><occluded>no</occluded><attributes></attributes><parts><hasparts></hasparts><ispartof></ispartof></parts><date>26-08-20 23:26:01:433</date><id>0</id><type>bounding_box</type><polygon><username>anonymous</username><pt><x>1745</x><y>1965</y><time>26-08-20 23:25:55:170</time></pt><pt><x>2996</x><y>1965</y><time>26-08-20 23:25:57:317</time></pt><pt><x>2996</x><y>3114</y><time>undefined</time></pt><pt><x>1745</x><y>3114</y><time>undefined</time></pt><closed_date>26-08-20 23:25:57:318</closed_date></polygon></object></annotation>