<annotation><filename>m4_s05_052_p_ic070.jpg</filename><folder>users/joselusava//santiago_2</folder><source><submittedBy>Jose Saca</submittedBy></source><imagesize><nrows>2910</nrows><ncols>4361</ncols></imagesize><object><name>m4_s05_052_p_ic070</name><deleted>0</deleted><verified>0</verified><occluded>no</occluded><attributes></attributes><parts><hasparts></hasparts><ispartof></ispartof></parts><date>07-10-20 22:50:22:172</date><id>0</id><type>bounding_box</type><polygon><username>anonymous</username><pt><x>1341</x><y>734</y><time>07-10-20 22:50:17:595</time></pt><pt><x>3101</x><y>734</y><time>07-10-20 22:50:19:407</time></pt><pt><x>3101</x><y>2532</y><time>undefined</time></pt><pt><x>1341</x><y>2532</y><time>undefined</time></pt><closed_date>07-10-20 22:50:19:409</closed_date></polygon></object></annotation>