<annotation><filename>m4_s04_037_p_ic088.jpg</filename><folder>users/joselusava//santiago_2</folder><source><submittedBy>Jose Saca</submittedBy></source><imagesize><nrows>2970</nrows><ncols>4451</ncols></imagesize><object><name>m4_s04_037_p_ic088</name><deleted>0</deleted><verified>0</verified><occluded>no</occluded><attributes></attributes><parts><hasparts></hasparts><ispartof></ispartof></parts><date>18-10-20 22:26:28:713</date><id>0</id><type>bounding_box</type><polygon><username>anonymous</username><pt><x>1631</x><y>182</y><time>18-10-20 22:26:25:087</time></pt><pt><x>3177</x><y>182</y><time>18-10-20 22:26:26:831</time></pt><pt><x>3177</x><y>2652</y><time>undefined</time></pt><pt><x>1631</x><y>2652</y><time>undefined</time></pt><closed_date>18-10-20 22:26:26:832</closed_date></polygon></object></annotation>