<annotation><filename>img_m1_s03-04_101_p_ic065.jpg</filename><folder>users/joselusava//valeria/sala3y4_101_ic</folder><source><submittedBy>Jose Saca</submittedBy></source><imagesize><nrows>3200</nrows><ncols>4800</ncols></imagesize><object><name>m1_s03_s04_101_p_ic065</name><deleted>0</deleted><verified>0</verified><occluded>no</occluded><attributes></attributes><parts><hasparts></hasparts><ispartof></ispartof></parts><date>29-08-20 01:10:32:295</date><id>0</id><type>bounding_box</type><polygon><username>anonymous</username><pt><x>30</x><y>2479</y><time>29-08-20 01:10:24:935</time></pt><pt><x>4776</x><y>2479</y><time>29-08-20 01:10:28:921</time></pt><pt><x>4776</x><y>612</y><time>undefined</time></pt><pt><x>30</x><y>612</y><time>undefined</time></pt><closed_date>29-08-20 01:10:28:922</closed_date></polygon></object></annotation>