<annotation><filename>m2_s03_248_p_nic026.jpg</filename><folder>users/joselusava//museos2020</folder><source><submittedBy>Jose Saca</submittedBy></source><imagesize><nrows>2910</nrows><ncols>4361</ncols></imagesize><object><name>m2_s03_248_p_nic026</name><deleted>0</deleted><verified>0</verified><occluded>no</occluded><attributes></attributes><parts><hasparts></hasparts><ispartof></ispartof></parts><date>27-09-20 16:49:14:012</date><id>0</id><polygon><username>anonymous</username><pt><x>1088</x><y>1818</y><time>27-09-20 16:49:04:247</time></pt><pt><x>2798</x><y>1804</y><time>27-09-20 16:49:05:595</time></pt><pt><x>2998</x><y>2022</y><time>27-09-20 16:49:06:962</time></pt><pt><x>1683</x><y>2617</y><time>27-09-20 16:49:08:202</time></pt><closed_date>27-09-20 16:49:09:259</closed_date></polygon></object></annotation>