<annotation><filename>m2_s05_236_p_nic048.jpg</filename><folder>users/joselusava//museos2020</folder><source><submittedBy>Jose Saca</submittedBy></source><imagesize><nrows>2910</nrows><ncols>4361</ncols></imagesize><object><name>m2_s05_236_p_nic048</name><deleted>0</deleted><verified>0</verified><occluded>no</occluded><attributes></attributes><parts><hasparts></hasparts><ispartof></ispartof></parts><date>17-09-20 07:55:15:384</date><id>0</id><type>bounding_box</type><polygon><username>anonymous</username><pt><x>256</x><y>837</y><time>17-09-20 07:55:08:207</time></pt><pt><x>2766</x><y>837</y><time>17-09-20 07:55:10:001</time></pt><pt><x>2766</x><y>2826</y><time>undefined</time></pt><pt><x>256</x><y>2826</y><time>undefined</time></pt><closed_date>17-09-20 07:55:10:002</closed_date></polygon></object></annotation>