<annotation><filename>m1_s02_036_p_ic010.jpg</filename><folder>users/joselusava//valeria/sala2_036_ic</folder><source><submittedBy>Jose Saca</submittedBy></source><imagesize><nrows>3200</nrows><ncols>4800</ncols></imagesize><object><name>m1_s01_036_p_ic010</name><deleted>0</deleted><verified>0</verified><occluded>no</occluded><attributes></attributes><parts><hasparts></hasparts><ispartof></ispartof></parts><date>23-08-20 01:21:24:622</date><id>0</id><type>bounding_box</type><polygon><username>anonymous</username><pt><x>1052</x><y>553</y><time>23-08-20 01:21:14:912</time></pt><pt><x>3152</x><y>553</y><time>23-08-20 01:21:19:622</time></pt><pt><x>3152</x><y>2448</y><time>undefined</time></pt><pt><x>1052</x><y>2448</y><time>undefined</time></pt><closed_date>23-08-20 01:21:19:624</closed_date></polygon></object></annotation>