<annotation><filename>m2_s03_201_p_ic036.jpg</filename><folder>users/joselusava//juancarlos</folder><source><submittedBy>Jose Saca</submittedBy></source><imagesize><nrows>2910</nrows><ncols>4361</ncols></imagesize><object><name>m2_s03_201_p_ic036</name><deleted>0</deleted><verified>0</verified><occluded>no</occluded><attributes></attributes><parts><hasparts></hasparts><ispartof></ispartof></parts><date>04-10-20 20:52:39:278</date><id>0</id><polygon><username>anonymous</username><pt><x>1529</x><y>451</y><time>04-10-20 20:52:31:001</time></pt><pt><x>1404</x><y>2022</y><time>04-10-20 20:52:32:086</time></pt><pt><x>2608</x><y>2189</y><time>04-10-20 20:52:32:893</time></pt><pt><x>2515</x><y>730</y><time>04-10-20 20:52:33:779</time></pt><closed_date>04-10-20 20:52:34:726</closed_date></polygon></object></annotation>