<annotation><filename>m4_s09_138_p_ic064.jpg</filename><folder>users/joselusava//santiago_2</folder><source><submittedBy>Jose Saca</submittedBy></source><imagesize><nrows>2970</nrows><ncols>4451</ncols></imagesize><object><name>m4_s09_138_p_ic064</name><deleted>0</deleted><verified>0</verified><occluded>no</occluded><attributes></attributes><parts><hasparts></hasparts><ispartof></ispartof></parts><date>22-10-20 20:41:03:784</date><id>0</id><type>bounding_box</type><polygon><username>anonymous</username><pt><x>453</x><y>443</y><time>22-10-20 20:41:00:276</time></pt><pt><x>3905</x><y>443</y><time>22-10-20 20:41:01:836</time></pt><pt><x>3905</x><y>2595</y><time>undefined</time></pt><pt><x>453</x><y>2595</y><time>undefined</time></pt><closed_date>22-10-20 20:41:01:837</closed_date></polygon></object></annotation>