<annotation><filename>m2_s06_250_p_nic069.jpg</filename><folder>users/joselusava//m2_jsv/250</folder><source><submittedBy>Jose Saca</submittedBy></source><imagesize><nrows>2910</nrows><ncols>4361</ncols></imagesize><object><name>m2_s06_250_p_nic069</name><deleted>0</deleted><verified>0</verified><occluded>no</occluded><attributes></attributes><parts><hasparts></hasparts><ispartof></ispartof></parts><date>30-09-20 11:52:53:059</date><id>0</id><type>bounding_box</type><polygon><username>anonymous</username><pt><x>3212</x><y>1802</y><time>30-09-20 11:52:50:576</time></pt><pt><x>383</x><y>1802</y><time>30-09-20 11:52:52:112</time></pt><pt><x>383</x><y>2890</y><time>undefined</time></pt><pt><x>3212</x><y>2890</y><time>undefined</time></pt><closed_date>30-09-20 11:52:52:113</closed_date></polygon></object></annotation>