<annotation><filename>m1_s06_186_p_ic096.jpg</filename><folder>users/joselusava//jacob_2/186ic</folder><source><submittedBy>Jose Saca</submittedBy></source><imagesize><nrows>2736</nrows><ncols>4100</ncols></imagesize><object><name>s06_186_p_ic096</name><deleted>0</deleted><verified>0</verified><occluded>no</occluded><attributes></attributes><parts><hasparts></hasparts><ispartof></ispartof></parts><date>09-09-20 22:55:34:156</date><id>0</id><type>bounding_box</type><polygon><username>anonymous</username><pt><x>2701</x><y>2676</y><time>09-09-20 22:55:31:568</time></pt><pt><x>1440</x><y>2676</y><time>09-09-20 22:55:33:431</time></pt><pt><x>1440</x><y>188</y><time>undefined</time></pt><pt><x>2701</x><y>188</y><time>undefined</time></pt><closed_date>09-09-20 22:55:33:432</closed_date></polygon></object></annotation>