<annotation><filename>m2_s01_054_p_ic089.jpg</filename><folder>users/joselusava//kath</folder><source><submittedBy>Jose Saca</submittedBy></source><imagesize><nrows>2850</nrows><ncols>4271</ncols></imagesize><object><name>m2_s01_054_p_ic089</name><deleted>0</deleted><verified>0</verified><occluded>no</occluded><attributes></attributes><parts><hasparts></hasparts><ispartof></ispartof></parts><date>30-09-20 00:06:02:685</date><id>0</id><type>bounding_box</type><polygon><username>anonymous</username><pt><x>1278</x><y>337</y><time>30-09-20 00:05:49:439</time></pt><pt><x>2857</x><y>337</y><time>30-09-20 00:05:53:124</time></pt><pt><x>2857</x><y>2759</y><time>undefined</time></pt><pt><x>1278</x><y>2759</y><time>undefined</time></pt><closed_date>30-09-20 00:05:53:125</closed_date></polygon></object></annotation>