<annotation><filename>m2_s05_236_p_ic015.jpg</filename><folder>users/joselusava//museos2020</folder><source><submittedBy>Jose Saca</submittedBy></source><imagesize><nrows>2910</nrows><ncols>4361</ncols></imagesize><object><name>m2_s05_236_p_ic015</name><deleted>0</deleted><verified>0</verified><occluded>no</occluded><attributes></attributes><parts><hasparts></hasparts><ispartof></ispartof></parts><date>16-09-20 18:00:52:867</date><id>0</id><type>bounding_box</type><polygon><username>anonymous</username><pt><x>195</x><y>135</y><time>16-09-20 18:00:38:108</time></pt><pt><x>4202</x><y>135</y><time>16-09-20 18:00:42:769</time></pt><pt><x>4202</x><y>2757</y><time>undefined</time></pt><pt><x>195</x><y>2757</y><time>undefined</time></pt><closed_date>16-09-20 18:00:42:771</closed_date></polygon></object></annotation>