<annotation><filename>m2_s01_001_p_nic046.jpg</filename><folder>users/joselusava//santiago</folder><source><submittedBy>Jose Saca</submittedBy></source><imagesize><nrows>2850</nrows><ncols>4271</ncols></imagesize><object><name>m2_s01_001_p_nic046</name><deleted>0</deleted><verified>0</verified><occluded>no</occluded><attributes></attributes><parts><hasparts></hasparts><ispartof></ispartof></parts><date>19-09-20 22:42:51:076</date><id>0</id><type>bounding_box</type><polygon><username>anonymous</username><pt><x>231</x><y>583</y><time>19-09-20 22:42:43:416</time></pt><pt><x>1741</x><y>583</y><time>19-09-20 22:42:45:226</time></pt><pt><x>1741</x><y>1824</y><time>undefined</time></pt><pt><x>231</x><y>1824</y><time>undefined</time></pt><closed_date>19-09-20 22:42:45:226</closed_date></polygon></object></annotation>