<annotation><filename>m3_s01_013_p_nic050.jpg</filename><folder>users/joselusava//valeria/m03_s01_13_nic</folder><source><submittedBy>Jose Saca</submittedBy></source><imagesize><nrows>2970</nrows><ncols>4451</ncols></imagesize><object><name>m3_s01_013_p_nic050</name><deleted>0</deleted><verified>0</verified><occluded>no</occluded><attributes></attributes><parts><hasparts></hasparts><ispartof></ispartof></parts><date>06-11-20 23:30:34:088</date><id>0</id><type>bounding_box</type><polygon><username>anonymous</username><pt><x>2987</x><y>2730</y><time>06-11-20 23:30:28:470</time></pt><pt><x>257</x><y>2730</y><time>06-11-20 23:30:30:716</time></pt><pt><x>257</x><y>594</y><time>undefined</time></pt><pt><x>2987</x><y>594</y><time>undefined</time></pt><closed_date>06-11-20 23:30:30:718</closed_date></polygon></object></annotation>