<annotation><filename>m2_s02_190_p_ic097.jpg</filename><folder>users/joselusava//m2_jsv/190/ic</folder><source><submittedBy>Jose Saca</submittedBy></source><imagesize><nrows>2910</nrows><ncols>4361</ncols></imagesize><object><name>m2_s02_190_p_ic097</name><deleted>0</deleted><verified>0</verified><occluded>no</occluded><attributes></attributes><parts><hasparts></hasparts><ispartof></ispartof></parts><date>21-09-20 14:48:09:031</date><id>0</id><type>bounding_box</type><polygon><username>anonymous</username><pt><x>2835</x><y>2471</y><time>21-09-20 14:48:05:885</time></pt><pt><x>1431</x><y>2471</y><time>21-09-20 14:48:08:221</time></pt><pt><x>1431</x><y>425</y><time>undefined</time></pt><pt><x>2835</x><y>425</y><time>undefined</time></pt><closed_date>21-09-20 14:48:08:221</closed_date></polygon></object></annotation>