<annotation><filename>m2_s06_250_p_nic036.jpg</filename><folder>users/joselusava//m2_jsv/250</folder><source><submittedBy>Jose Saca</submittedBy></source><imagesize><nrows>2910</nrows><ncols>4361</ncols></imagesize><object><name>m2_s06_250_p_nic036</name><deleted>0</deleted><verified>0</verified><occluded>no</occluded><attributes></attributes><parts><hasparts></hasparts><ispartof></ispartof></parts><date>30-09-20 11:37:41:758</date><id>0</id><type>bounding_box</type><polygon><username>anonymous</username><pt><x>4326</x><y>1280</y><time>30-09-20 11:37:39:122</time></pt><pt><x>1619</x><y>1280</y><time>30-09-20 11:37:41:038</time></pt><pt><x>1619</x><y>2594</y><time>undefined</time></pt><pt><x>4326</x><y>2594</y><time>undefined</time></pt><closed_date>30-09-20 11:37:41:039</closed_date></polygon></object></annotation>