<annotation><filename>m2_s01_032_p_nic009.jpg</filename><folder>users/joselusava//santiago_2</folder><source><submittedBy>Jose Saca</submittedBy></source><imagesize><nrows>2850</nrows><ncols>4271</ncols></imagesize><object><name>m2_s01_032_p_nic009</name><deleted>0</deleted><verified>0</verified><occluded>no</occluded><attributes></attributes><parts><hasparts></hasparts><ispartof></ispartof></parts><date>30-09-20 17:44:18:325</date><id>0</id><type>bounding_box</type><polygon><username>anonymous</username><pt><x>424</x><y>930</y><time>30-09-20 17:44:15:486</time></pt><pt><x>1422</x><y>930</y><time>30-09-20 17:44:16:585</time></pt><pt><x>1422</x><y>2165</y><time>undefined</time></pt><pt><x>424</x><y>2165</y><time>undefined</time></pt><closed_date>30-09-20 17:44:16:585</closed_date></polygon></object></annotation>