<annotation><filename>m4_s06_089_p_ic008.jpg</filename><folder>users/joselusava//santiago_2</folder><source><submittedBy>Jose Saca</submittedBy></source><imagesize><nrows>2970</nrows><ncols>4451</ncols></imagesize><object><name>m4_s06_089_p_ic008</name><deleted>0</deleted><verified>0</verified><occluded>no</occluded><attributes></attributes><parts><hasparts></hasparts><ispartof></ispartof></parts><date>10-10-20 22:34:26:687</date><id>0</id><type>bounding_box</type><polygon><username>anonymous</username><pt><x>1704</x><y>435</y><time>10-10-20 22:34:23:291</time></pt><pt><x>2931</x><y>435</y><time>10-10-20 22:34:24:577</time></pt><pt><x>2931</x><y>2433</y><time>undefined</time></pt><pt><x>1704</x><y>2433</y><time>undefined</time></pt><closed_date>10-10-20 22:34:24:578</closed_date></polygon></object></annotation>