<annotation><filename>m4_s10_154_p_nic079.jpg</filename><folder>users/joselusava//valeria/m04_s10_154_nic</folder><source><submittedBy>Jose Saca</submittedBy></source><imagesize><nrows>2970</nrows><ncols>4451</ncols></imagesize><object><name>m4_s10_154_p_nic079</name><deleted>0</deleted><verified>0</verified><occluded>no</occluded><attributes></attributes><parts><hasparts></hasparts><ispartof></ispartof></parts><date>14-10-20 15:49:26:945</date><id>0</id><type>bounding_box</type><polygon><username>anonymous</username><pt><x>4027</x><y>2353</y><time>14-10-20 15:49:22:036</time></pt><pt><x>2622</x><y>2353</y><time>14-10-20 15:49:23:965</time></pt><pt><x>2622</x><y>457</y><time>undefined</time></pt><pt><x>4027</x><y>457</y><time>undefined</time></pt><closed_date>14-10-20 15:49:23:966</closed_date></polygon></object></annotation>