<annotation><filename>m2_s03_252_p_nic060.jpg</filename><folder>users/joselusava//valeria/m2_sala03_252_nic</folder><source><submittedBy>Jose Saca</submittedBy></source><imagesize><nrows>2910</nrows><ncols>4361</ncols></imagesize><object><name>m2_s06_252_p_nic060</name><deleted>0</deleted><verified>0</verified><occluded>no</occluded><attributes></attributes><parts><hasparts></hasparts><ispartof></ispartof></parts><date>26-09-20 21:59:05:762</date><id>0</id><type>bounding_box</type><polygon><username>anonymous</username><pt><x>386</x><y>1560</y><time>26-09-20 21:59:00:719</time></pt><pt><x>2083</x><y>1560</y><time>26-09-20 21:59:02:309</time></pt><pt><x>2083</x><y>2778</y><time>undefined</time></pt><pt><x>386</x><y>2778</y><time>undefined</time></pt><closed_date>26-09-20 21:59:02:310</closed_date></polygon></object></annotation>