<annotation><filename>m2_s02_085_p_nic088.jpg</filename><folder>users/joselusava//m2_jsv/85/nic</folder><source><submittedBy>Jose Saca</submittedBy></source><imagesize><nrows>2910</nrows><ncols>4361</ncols></imagesize><object><name>m2_s02_085_p_nic088</name><deleted>0</deleted><verified>0</verified><occluded>no</occluded><attributes></attributes><parts><hasparts></hasparts><ispartof></ispartof></parts><date>19-09-20 23:00:30:889</date><id>0</id><type>bounding_box</type><polygon><username>anonymous</username><pt><x>1297</x><y>113</y><time>19-09-20 23:00:28:356</time></pt><pt><x>2054</x><y>113</y><time>19-09-20 23:00:29:584</time></pt><pt><x>2054</x><y>862</y><time>undefined</time></pt><pt><x>1297</x><y>862</y><time>undefined</time></pt><closed_date>19-09-20 23:00:29:584</closed_date></polygon></object></annotation>