<annotation><filename>m1_s06_186_p_nic005.jpg</filename><folder>users/joselusava//jacob_2/186nic</folder><source><submittedBy>Jose Saca</submittedBy></source><imagesize><nrows>2736</nrows><ncols>4100</ncols></imagesize><object><name>m1_s06_186_p_nic005</name><deleted>0</deleted><verified>0</verified><occluded>no</occluded><attributes></attributes><parts><hasparts></hasparts><ispartof></ispartof></parts><date>09-09-20 23:00:31:065</date><id>0</id><type>bounding_box</type><polygon><username>anonymous</username><pt><x>2365</x><y>1956</y><time>09-09-20 23:00:28:359</time></pt><pt><x>3814</x><y>1956</y><time>09-09-20 23:00:30:095</time></pt><pt><x>3814</x><y>188</y><time>undefined</time></pt><pt><x>2365</x><y>188</y><time>undefined</time></pt><closed_date>09-09-20 23:00:30:096</closed_date></polygon></object></annotation>