<annotation><filename>m4_s07_105_p_ic040.jpg</filename><folder>users/joselusava//kath/m4_105</folder><source><submittedBy>Jose Saca</submittedBy></source><imagesize><nrows>2970</nrows><ncols>4451</ncols></imagesize><object><name>m4_s07_105_p_ic040</name><deleted>0</deleted><verified>0</verified><occluded>no</occluded><attributes></attributes><parts><hasparts></hasparts><ispartof></ispartof></parts><date>29-10-20 08:14:28:568</date><id>0</id><type>bounding_box</type><polygon><username>anonymous</username><pt><x>1567</x><y>2730</y><time>29-10-20 08:14:22:500</time></pt><pt><x>2744</x><y>2730</y><time>29-10-20 08:14:25:670</time></pt><pt><x>2744</x><y>447</y><time>undefined</time></pt><pt><x>1567</x><y>447</y><time>undefined</time></pt><closed_date>29-10-20 08:14:25:671</closed_date></polygon></object></annotation>