<annotation><filename>m2_s06_244_p_nic062.jpg</filename><folder>users/joselusava//museos2020</folder><source><submittedBy>Jose Saca</submittedBy></source><imagesize><nrows>2910</nrows><ncols>4361</ncols></imagesize><object><name>m2_s06_244_p_ic062</name><deleted>0</deleted><verified>0</verified><occluded>no</occluded><attributes></attributes><parts><hasparts></hasparts><ispartof></ispartof></parts><date>25-09-20 19:25:01:848</date><id>0</id><type>bounding_box</type><polygon><username>anonymous</username><pt><x>2129</x><y>818</y><time>25-09-20 19:24:52:350</time></pt><pt><x>3891</x><y>818</y><time>25-09-20 19:24:54:023</time></pt><pt><x>3891</x><y>1641</y><time>undefined</time></pt><pt><x>2129</x><y>1641</y><time>undefined</time></pt><closed_date>25-09-20 19:24:54:024</closed_date></polygon></object></annotation>