<annotation><filename>m1_s06_168_p_nic081.jpg</filename><folder>users/joselusava//jacob_2/168nic</folder><source><submittedBy>Jose Saca</submittedBy></source><imagesize><nrows>2736</nrows><ncols>4100</ncols></imagesize><object><name>m1_s06_168_p_nic081</name><deleted>0</deleted><verified>0</verified><occluded>no</occluded><attributes></attributes><parts><hasparts></hasparts><ispartof></ispartof></parts><date>09-09-20 10:57:36:677</date><id>0</id><type>bounding_box</type><polygon><username>anonymous</username><pt><x>3764</x><y>2070</y><time>09-09-20 10:57:34:656</time></pt><pt><x>2570</x><y>2070</y><time>09-09-20 10:57:36:120</time></pt><pt><x>2570</x><y>540</y><time>undefined</time></pt><pt><x>3764</x><y>540</y><time>undefined</time></pt><closed_date>09-09-20 10:57:36:120</closed_date></polygon></object></annotation>