<annotation><filename>m2_s01_034_p_nic044.jpg</filename><folder>users/joselusava//kath</folder><source><submittedBy>Jose Saca</submittedBy></source><imagesize><nrows>2850</nrows><ncols>4271</ncols></imagesize><object><name>m2_s01_034_p_nic044</name><deleted>0</deleted><verified>0</verified><occluded>no</occluded><attributes></attributes><parts><hasparts></hasparts><ispartof></ispartof></parts><date>25-09-20 20:00:13:706</date><id>0</id><type>bounding_box</type><polygon><username>anonymous</username><pt><x>1762</x><y>1224</y><time>25-09-20 19:59:43:256</time></pt><pt><x>2621</x><y>1224</y><time>25-09-20 19:59:46:166</time></pt><pt><x>2621</x><y>2592</y><time>undefined</time></pt><pt><x>1762</x><y>2592</y><time>undefined</time></pt><closed_date>25-09-20 19:59:46:167</closed_date></polygon></object></annotation>