<annotation><filename>m1_s02_052_p_ic018.jpg</filename><folder>users/joselusava//valeria/sala2_052_ic</folder><source><submittedBy>Jose Saca</submittedBy></source><imagesize><nrows>3200</nrows><ncols>4800</ncols></imagesize><object><name>m1_s02_052_p_ic018</name><deleted>0</deleted><verified>0</verified><occluded>no</occluded><attributes></attributes><parts><hasparts></hasparts><ispartof></ispartof></parts><date>25-08-20 16:09:16:385</date><id>0</id><type>bounding_box</type><polygon><username>anonymous</username><pt><x>580</x><y>424</y><time>25-08-20 16:09:06:394</time></pt><pt><x>4274</x><y>424</y><time>25-08-20 16:09:09:644</time></pt><pt><x>4274</x><y>3125</y><time>undefined</time></pt><pt><x>580</x><y>3125</y><time>undefined</time></pt><closed_date>25-08-20 16:09:09:645</closed_date></polygon></object></annotation>