<annotation><filename>m4_s11_178_p_nic034.jpg</filename><folder>users/joselusava//santiago_2</folder><source><submittedBy>Jose Saca</submittedBy></source><imagesize><nrows>2970</nrows><ncols>4451</ncols></imagesize><object><name>m4_s11_178_p_nic034</name><deleted>0</deleted><verified>0</verified><occluded>no</occluded><attributes></attributes><parts><hasparts></hasparts><ispartof></ispartof></parts><date>15-10-20 23:19:15:136</date><id>0</id><type>bounding_box</type><polygon><username>anonymous</username><pt><x>1517</x><y>1339</y><time>15-10-20 23:19:11:542</time></pt><pt><x>2742</x><y>1339</y><time>15-10-20 23:19:13:098</time></pt><pt><x>2742</x><y>2695</y><time>undefined</time></pt><pt><x>1517</x><y>2695</y><time>undefined</time></pt><closed_date>15-10-20 23:19:13:099</closed_date></polygon></object></annotation>