<annotation><filename>m4_s12_185_p_nic004.jpg</filename><folder>users/joselusava//valeria/m04_s12_185_nic</folder><source><submittedBy>Jose Saca</submittedBy></source><imagesize><nrows>2910</nrows><ncols>4361</ncols></imagesize><object><name>m4_s12_185_p_nic004</name><deleted>0</deleted><verified>0</verified><occluded>no</occluded><attributes></attributes><parts><hasparts></hasparts><ispartof></ispartof></parts><date>17-10-20 19:17:51:648</date><id>0</id><type>bounding_box</type><polygon><username>anonymous</username><pt><x>2149</x><y>2518</y><time>17-10-20 19:17:40:096</time></pt><pt><x>4096</x><y>2518</y><time>17-10-20 19:17:42:981</time></pt><pt><x>4096</x><y>431</y><time>undefined</time></pt><pt><x>2149</x><y>431</y><time>undefined</time></pt><closed_date>17-10-20 19:17:42:983</closed_date></polygon></object></annotation>