<annotation><filename>m4_s10_154_p_ic081.jpg</filename><folder>users/joselusava//valeria/m04_s10_154_ic</folder><source><submittedBy>Jose Saca</submittedBy></source><imagesize><nrows>2970</nrows><ncols>4451</ncols></imagesize><object><name>m4_s10_154_p_ic081</name><deleted>0</deleted><verified>0</verified><occluded>no</occluded><attributes></attributes><parts><hasparts></hasparts><ispartof></ispartof></parts><date>13-10-20 23:05:05:735</date><id>0</id><type>bounding_box</type><polygon><username>anonymous</username><pt><x>891</x><y>2850</y><time>13-10-20 23:05:00:111</time></pt><pt><x>2941</x><y>2850</y><time>13-10-20 23:05:02:130</time></pt><pt><x>2941</x><y>520</y><time>undefined</time></pt><pt><x>891</x><y>520</y><time>undefined</time></pt><closed_date>13-10-20 23:05:02:132</closed_date></polygon></object></annotation>