<annotation><filename>m3_s01_002_p_ic018.jpg</filename><folder>users/joselusava//santiago_3</folder><source><submittedBy>Jose Saca</submittedBy></source><imagesize><nrows>2970</nrows><ncols>4451</ncols></imagesize><object><name>m3_s01_002_p_ic018</name><deleted>0</deleted><verified>0</verified><occluded>no</occluded><attributes></attributes><parts><hasparts></hasparts><ispartof></ispartof></parts><date>28-10-20 17:29:17:214</date><id>0</id><type>bounding_box</type><polygon><username>anonymous</username><pt><x>250</x><y>228</y><time>28-10-20 17:29:12:175</time></pt><pt><x>4034</x><y>228</y><time>28-10-20 17:29:14:562</time></pt><pt><x>4034</x><y>2549</y><time>undefined</time></pt><pt><x>250</x><y>2549</y><time>undefined</time></pt><closed_date>28-10-20 17:29:14:563</closed_date></polygon></object></annotation>