<annotation><filename>m1_s02_036_p_nic066.jpg</filename><folder>users/joselusava//valeria/sala2_036_nic</folder><source><submittedBy>Jose Saca</submittedBy></source><imagesize><nrows>3200</nrows><ncols>4800</ncols></imagesize><object><name>m1_s02_036_p_nic066</name><deleted>0</deleted><verified>0</verified><occluded>no</occluded><attributes></attributes><parts><hasparts></hasparts><ispartof></ispartof></parts><date>27-08-20 01:09:52:885</date><id>0</id><type>bounding_box</type><polygon><username>anonymous</username><pt><x>4515</x><y>2722</y><time>27-08-20 01:09:45:917</time></pt><pt><x>1895</x><y>2722</y><time>27-08-20 01:09:49:196</time></pt><pt><x>1895</x><y>408</y><time>undefined</time></pt><pt><x>4515</x><y>408</y><time>undefined</time></pt><closed_date>27-08-20 01:09:49:197</closed_date></polygon></object></annotation>