<annotation><filename>m2_s02_190_p_nic080.jpg</filename><folder>users/joselusava//m2_jsv/190/nic</folder><source><submittedBy>Jose Saca</submittedBy></source><imagesize><nrows>2910</nrows><ncols>4361</ncols></imagesize><object><name>m2_s02_190_p_nic080</name><deleted>0</deleted><verified>0</verified><occluded>no</occluded><attributes></attributes><parts><hasparts></hasparts><ispartof></ispartof></parts><date>21-09-20 15:22:40:361</date><id>0</id><type>bounding_box</type><polygon><username>anonymous</username><pt><x>1288</x><y>2516</y><time>21-09-20 15:22:38:833</time></pt><pt><x>383</x><y>2516</y><time>21-09-20 15:22:39:763</time></pt><pt><x>383</x><y>1602</y><time>undefined</time></pt><pt><x>1288</x><y>1602</y><time>undefined</time></pt><closed_date>21-09-20 15:22:39:763</closed_date></polygon></object></annotation>