<annotation><filename>m4_s10_157_p_ic041.jpg</filename><folder>users/joselusava//valeria/m04_s10_157_nic</folder><source><submittedBy>Jose Saca</submittedBy></source><imagesize><nrows>2970</nrows><ncols>4451</ncols></imagesize><object><name>m4_s10_157_p_nic041</name><deleted>0</deleted><verified>0</verified><occluded>no</occluded><attributes></attributes><parts><hasparts></hasparts><ispartof></ispartof></parts><date>12-10-20 20:51:43:623</date><id>0</id><type>bounding_box</type><polygon><username>anonymous</username><pt><x>4073</x><y>2824</y><time>12-10-20 20:51:34:723</time></pt><pt><x>2216</x><y>2824</y><time>12-10-20 20:51:37:277</time></pt><pt><x>2216</x><y>771</y><time>undefined</time></pt><pt><x>4073</x><y>771</y><time>undefined</time></pt><closed_date>12-10-20 20:51:37:279</closed_date></polygon></object></annotation>