<annotation><filename>m2_s02_111_x.jpg</filename><folder>users/joselusava//m2_jsv</folder><source><submittedBy>Jose Saca</submittedBy></source><imagesize><nrows>2910</nrows><ncols>4361</ncols></imagesize><object><name>m2_s02_111_x</name><deleted>0</deleted><verified>0</verified><occluded>no</occluded><attributes></attributes><parts><hasparts></hasparts><ispartof></ispartof></parts><date>19-09-20 23:23:48:012</date><id>0</id><type>bounding_box</type><polygon><username>anonymous</username><pt><x>3142</x><y>2376</y><time>19-09-20 23:23:45:524</time></pt><pt><x>1132</x><y>2376</y><time>19-09-20 23:23:47:329</time></pt><pt><x>1132</x><y>383</y><time>undefined</time></pt><pt><x>3142</x><y>383</y><time>undefined</time></pt><closed_date>19-09-20 23:23:47:329</closed_date></polygon></object></annotation>