<annotation><filename>m1_s02_052_p_ic061.jpg</filename><folder>users/joselusava//valeria/sala2_052_ic</folder><source><submittedBy>Jose Saca</submittedBy></source><imagesize><nrows>3200</nrows><ncols>4800</ncols></imagesize><object><name>m1_s02_052_p_ic061</name><deleted>0</deleted><verified>0</verified><occluded>no</occluded><attributes></attributes><parts><hasparts></hasparts><ispartof></ispartof></parts><date>25-08-20 18:50:22:523</date><id>0</id><type>bounding_box</type><polygon><username>anonymous</username><pt><x>295</x><y>32</y><time>25-08-20 18:50:16:092</time></pt><pt><x>4714</x><y>32</y><time>25-08-20 18:50:17:801</time></pt><pt><x>4714</x><y>2867</y><time>undefined</time></pt><pt><x>295</x><y>2867</y><time>undefined</time></pt><closed_date>25-08-20 18:50:17:802</closed_date></polygon></object></annotation>