<annotation><filename>m4_s05_055_p_ic058.jpg</filename><folder>users/joselusava//valeria/m4_s05_055_ic</folder><source><submittedBy>Jose Saca</submittedBy></source><imagesize><nrows>2910</nrows><ncols>4361</ncols></imagesize><object><name>m4_s05_055_p_ic058</name><deleted>0</deleted><verified>0</verified><occluded>no</occluded><attributes></attributes><parts><hasparts></hasparts><ispartof></ispartof></parts><date>08-10-20 22:38:01:095</date><id>0</id><type>bounding_box</type><polygon><username>anonymous</username><pt><x>1213</x><y>243</y><time>08-10-20 22:37:55:934</time></pt><pt><x>3285</x><y>243</y><time>08-10-20 22:37:57:862</time></pt><pt><x>3285</x><y>2458</y><time>undefined</time></pt><pt><x>1213</x><y>2458</y><time>undefined</time></pt><closed_date>08-10-20 22:37:57:862</closed_date></polygon></object></annotation>