<annotation><filename>img_m1_s03-04_108_p.jpg</filename><folder>users/joselusava//valeria/sala3y4_108_ic</folder><source><submittedBy>Jose Saca</submittedBy></source><imagesize><nrows>3200</nrows><ncols>4800</ncols></imagesize><object><name>m1_s03_s04_108_p</name><deleted>0</deleted><verified>0</verified><occluded>no</occluded><attributes></attributes><parts><hasparts></hasparts><ispartof></ispartof></parts><date>30-08-20 21:12:07:038</date><id>0</id><type>bounding_box</type><polygon><username>anonymous</username><pt><x>4745</x><y>3030</y><time>30-08-20 21:11:48:465</time></pt><pt><x>267</x><y>3030</y><time>30-08-20 21:11:53:677</time></pt><pt><x>267</x><y>982</y><time>undefined</time></pt><pt><x>4745</x><y>982</y><time>undefined</time></pt><closed_date>30-08-20 21:11:53:677</closed_date></polygon></object></annotation>