<annotation><filename>m4_s06_089_p_ic023.jpg</filename><folder>users/joselusava//santiago_2</folder><source><submittedBy>Jose Saca</submittedBy></source><imagesize><nrows>2970</nrows><ncols>4451</ncols></imagesize><object><name>m4_s06_089_p_ic023</name><deleted>0</deleted><verified>0</verified><occluded>no</occluded><attributes></attributes><parts><hasparts></hasparts><ispartof></ispartof></parts><date>11-10-20 17:50:36:679</date><id>0</id><type>bounding_box</type><polygon><username>anonymous</username><pt><x>1467</x><y>506</y><time>11-10-20 17:50:33:149</time></pt><pt><x>3189</x><y>506</y><time>11-10-20 17:50:34:698</time></pt><pt><x>3189</x><y>2468</y><time>undefined</time></pt><pt><x>1467</x><y>2468</y><time>undefined</time></pt><closed_date>11-10-20 17:50:34:699</closed_date></polygon></object></annotation>