<annotation><filename>m2_s02_182_x.jpg</filename><folder>users/joselusava//m2_jsv</folder><source><submittedBy>Jose Saca</submittedBy></source><imagesize><nrows>2910</nrows><ncols>4361</ncols></imagesize><object><name>m2_s02_182_x</name><deleted>0</deleted><verified>0</verified><occluded>no</occluded><attributes></attributes><parts><hasparts></hasparts><ispartof></ispartof></parts><date>20-09-20 16:52:53:110</date><id>0</id><type>bounding_box</type><polygon><username>anonymous</username><pt><x>3290</x><y>2777</y><time>20-09-20 16:52:50:696</time></pt><pt><x>1175</x><y>2777</y><time>20-09-20 16:52:52:399</time></pt><pt><x>1175</x><y>1184</y><time>undefined</time></pt><pt><x>3290</x><y>1184</y><time>undefined</time></pt><closed_date>20-09-20 16:52:52:399</closed_date></polygon></object></annotation>