<annotation><filename>m4_s04_047_p_ic061.jpg</filename><folder>users/joselusava//kath/kath_m4_047</folder><source><submittedBy>Jose Saca</submittedBy></source><imagesize><nrows>2970</nrows><ncols>4451</ncols></imagesize><object><name>m4_s04_047_p_ic061</name><deleted>0</deleted><verified>0</verified><occluded>no</occluded><attributes></attributes><parts><hasparts></hasparts><ispartof></ispartof></parts><date>24-10-20 14:22:03:043</date><id>0</id><type>bounding_box</type><polygon><username>anonymous</username><pt><x>1418</x><y>416</y><time>24-10-20 14:21:51:564</time></pt><pt><x>2643</x><y>416</y><time>24-10-20 14:21:56:551</time></pt><pt><x>2643</x><y>2963</y><time>undefined</time></pt><pt><x>1418</x><y>2963</y><time>undefined</time></pt><closed_date>24-10-20 14:21:56:552</closed_date></polygon></object></annotation>