<annotation><filename>m4_s12_185_p_nic007.jpg</filename><folder>users/joselusava//valeria/m04_s12_185_nic</folder><source><submittedBy>Jose Saca</submittedBy></source><imagesize><nrows>2910</nrows><ncols>4361</ncols></imagesize><object><name>m4_s12_185_p_nic007</name><deleted>0</deleted><verified>0</verified><occluded>no</occluded><attributes></attributes><parts><hasparts></hasparts><ispartof></ispartof></parts><date>17-10-20 19:23:58:202</date><id>0</id><type>bounding_box</type><polygon><username>anonymous</username><pt><x>229</x><y>2546</y><time>17-10-20 19:23:53:150</time></pt><pt><x>2194</x><y>2546</y><time>17-10-20 19:23:54:986</time></pt><pt><x>2194</x><y>481</y><time>undefined</time></pt><pt><x>229</x><y>481</y><time>undefined</time></pt><closed_date>17-10-20 19:23:54:988</closed_date></polygon></object></annotation>