<annotation><filename>m4_s05_052_p_nic069.jpg</filename><folder>users/joselusava//santiago_2</folder><source><submittedBy>Jose Saca</submittedBy></source><imagesize><nrows>2910</nrows><ncols>4361</ncols></imagesize><object><name>m4_s05_052_p_nic069</name><deleted>0</deleted><verified>0</verified><occluded>no</occluded><attributes></attributes><parts><hasparts></hasparts><ispartof></ispartof></parts><date>08-10-20 22:10:00:209</date><id>0</id><type>bounding_box</type><polygon><username>anonymous</username><pt><x>1226</x><y>1310</y><time>08-10-20 22:09:57:070</time></pt><pt><x>2370</x><y>1310</y><time>08-10-20 22:09:58:395</time></pt><pt><x>2370</x><y>2695</y><time>undefined</time></pt><pt><x>1226</x><y>2695</y><time>undefined</time></pt><closed_date>08-10-20 22:09:58:397</closed_date></polygon></object></annotation>