<annotation><filename>m4_s10_164_p_ic065.jpg</filename><folder>users/joselusava//santiago_2</folder><source><submittedBy>Jose Saca</submittedBy></source><imagesize><nrows>2970</nrows><ncols>4451</ncols></imagesize><object><name>m4_s10_164_p_ic065</name><deleted>0</deleted><verified>0</verified><occluded>no</occluded><attributes></attributes><parts><hasparts></hasparts><ispartof></ispartof></parts><date>13-10-20 22:54:15:847</date><id>0</id><type>bounding_box</type><polygon><username>anonymous</username><pt><x>1678</x><y>1160</y><time>13-10-20 22:54:13:070</time></pt><pt><x>2313</x><y>1160</y><time>13-10-20 22:54:13:851</time></pt><pt><x>2313</x><y>2006</y><time>undefined</time></pt><pt><x>1678</x><y>2006</y><time>undefined</time></pt><closed_date>13-10-20 22:54:13:852</closed_date></polygon></object></annotation>