<annotation><filename>m4_s12_186_p_nic073.jpg</filename><folder>users/joselusava//m4_js/186/nic</folder><source><submittedBy>Jose Saca</submittedBy></source><imagesize><nrows>3899</nrows><ncols>5844</ncols></imagesize><object><name>m4_s12_186_p_nic072</name><deleted>0</deleted><verified>0</verified><occluded>no</occluded><attributes></attributes><parts><hasparts></hasparts><ispartof></ispartof></parts><date>18-10-20 12:13:40:248</date><id>0</id><type>bounding_box</type><polygon><username>anonymous</username><pt><x>2683</x><y>3768</y><time>18-10-20 12:13:38:106</time></pt><pt><x>35</x><y>3768</y><time>18-10-20 12:13:39:603</time></pt><pt><x>35</x><y>175</y><time>undefined</time></pt><pt><x>2683</x><y>175</y><time>undefined</time></pt><closed_date>18-10-20 12:13:39:604</closed_date></polygon></object></annotation>