<annotation><filename>m4_s10_162_x.jpg</filename><folder>users/joselusava//kath/m4_x</folder><source><submittedBy>Jose Saca</submittedBy></source><imagesize><nrows>2970</nrows><ncols>4451</ncols></imagesize><object><name>m4_s10_162_x</name><deleted>0</deleted><verified>0</verified><occluded>no</occluded><attributes></attributes><parts><hasparts></hasparts><ispartof></ispartof></parts><date>21-10-20 12:12:25:930</date><id>0</id><polygon><username>anonymous</username><pt><x>1067</x><y>178</y><time>21-10-20 12:12:17:801</time></pt><pt><x>860</x><y>2648</y><time>21-10-20 12:12:19:210</time></pt><pt><x>3585</x><y>2643</y><time>21-10-20 12:12:20:568</time></pt><pt><x>3066</x><y>202</y><time>21-10-20 12:12:21:783</time></pt><closed_date>21-10-20 12:12:23:538</closed_date></polygon></object></annotation>