<annotation><filename>m2_s01_024_p_nic024.jpg</filename><folder>users/joselusava//santiago</folder><source><submittedBy>Jose Saca</submittedBy></source><imagesize><nrows>2850</nrows><ncols>4271</ncols></imagesize><object><name>m2_s01_024_p_nic024</name><deleted>0</deleted><verified>0</verified><occluded>no</occluded><attributes></attributes><parts><hasparts></hasparts><ispartof></ispartof></parts><date>25-09-20 13:51:55:935</date><id>0</id><type>bounding_box</type><polygon><username>anonymous</username><pt><x>2667</x><y>741</y><time>25-09-20 13:51:49:139</time></pt><pt><x>3562</x><y>741</y><time>25-09-20 13:51:50:352</time></pt><pt><x>3562</x><y>2158</y><time>undefined</time></pt><pt><x>2667</x><y>2158</y><time>undefined</time></pt><closed_date>25-09-20 13:51:50:353</closed_date></polygon></object></annotation>