<annotation><filename>m1_s01_017_p_ic097.jpg</filename><folder>users/joselusava//santiago</folder><source><submittedBy>Jose Saca</submittedBy></source><imagesize><nrows>3200</nrows><ncols>4800</ncols></imagesize><object><name>m1_s01_017_p_ic097</name><deleted>0</deleted><verified>0</verified><occluded>no</occluded><attributes></attributes><parts><hasparts></hasparts><ispartof></ispartof></parts><date>10-09-20 23:24:18:375</date><id>0</id><type>bounding_box</type><polygon><username>anonymous</username><pt><x>1335</x><y>1029</y><time>10-09-20 23:24:10:683</time></pt><pt><x>3348</x><y>1029</y><time>10-09-20 23:24:12:651</time></pt><pt><x>3348</x><y>2494</y><time>undefined</time></pt><pt><x>1335</x><y>2494</y><time>undefined</time></pt><closed_date>10-09-20 23:24:12:652</closed_date></polygon></object></annotation>