<annotation><filename>img_m1_s03-04_108_p_ic018.jpg</filename><folder>users/joselusava//valeria/sala3y4_108_ic</folder><source><submittedBy>Jose Saca</submittedBy></source><imagesize><nrows>3200</nrows><ncols>4800</ncols></imagesize><object><name>m1_s03_s04_108_p_ic018</name><deleted>0</deleted><verified>0</verified><occluded>no</occluded><attributes></attributes><parts><hasparts></hasparts><ispartof></ispartof></parts><date>30-08-20 21:46:47:342</date><id>0</id><type>bounding_box</type><polygon><username>anonymous</username><pt><x>4770</x><y>3188</y><time>30-08-20 21:46:39:491</time></pt><pt><x>18</x><y>3188</y><time>30-08-20 21:46:43:423</time></pt><pt><x>18</x><y>103</y><time>undefined</time></pt><pt><x>4770</x><y>103</y><time>undefined</time></pt><closed_date>30-08-20 21:46:43:424</closed_date></polygon></object></annotation>