<annotation><filename>m1_s02_052_p_ic065.jpg</filename><folder>users/joselusava//valeria/sala2_052_ic</folder><source><submittedBy>Jose Saca</submittedBy></source><imagesize><nrows>3200</nrows><ncols>4800</ncols></imagesize><object><name>m1_s02_052_p_ic065</name><deleted>0</deleted><verified>0</verified><occluded>no</occluded><attributes></attributes><parts><hasparts></hasparts><ispartof></ispartof></parts><date>25-08-20 18:58:13:144</date><id>0</id><type>bounding_box</type><polygon><username>anonymous</username><pt><x>580</x><y>0</y><time>25-08-20 18:58:07:398</time></pt><pt><x>4301</x><y>0</y><time>25-08-20 18:58:09:904</time></pt><pt><x>4301</x><y>2824</y><time>undefined</time></pt><pt><x>580</x><y>2824</y><time>undefined</time></pt><closed_date>25-08-20 18:58:09:905</closed_date></polygon></object></annotation>