<annotation><filename>m4_s02_021_p_nic088.jpg</filename><folder>users/joselusava//santiago_2</folder><source><submittedBy>Jose Saca</submittedBy></source><imagesize><nrows>2910</nrows><ncols>4361</ncols></imagesize><object><name>m4_s02_021_p_nic088</name><deleted>0</deleted><verified>0</verified><occluded>no</occluded><attributes></attributes><parts><hasparts></hasparts><ispartof></ispartof></parts><date>05-10-20 11:55:03:482</date><id>0</id><type>bounding_box</type><polygon><username>anonymous</username><pt><x>786</x><y>534</y><time>05-10-20 11:55:00:008</time></pt><pt><x>1621</x><y>534</y><time>05-10-20 11:55:01:278</time></pt><pt><x>1621</x><y>2245</y><time>undefined</time></pt><pt><x>786</x><y>2245</y><time>undefined</time></pt><closed_date>05-10-20 11:55:01:278</closed_date></polygon></object></annotation>