<annotation><filename>m4_s05_055_p_ic006.jpg</filename><folder>users/joselusava//valeria/m4_s05_055_ic</folder><source><submittedBy>Jose Saca</submittedBy></source><imagesize><nrows>2910</nrows><ncols>4361</ncols></imagesize><object><name>m4_s05_055_p_ic006</name><deleted>0</deleted><verified>0</verified><occluded>no</occluded><attributes></attributes><parts><hasparts></hasparts><ispartof></ispartof></parts><date>08-10-20 18:05:28:887</date><id>0</id><type>bounding_box</type><polygon><username>anonymous</username><pt><x>1268</x><y>502</y><time>08-10-20 18:05:24:021</time></pt><pt><x>2987</x><y>502</y><time>08-10-20 18:05:25:934</time></pt><pt><x>2987</x><y>2392</y><time>undefined</time></pt><pt><x>1268</x><y>2392</y><time>undefined</time></pt><closed_date>08-10-20 18:05:25:934</closed_date></polygon></object></annotation>