<annotation><filename>m4_s04_039_p_ic003.jpg</filename><folder>users/joselusava//santiago_2</folder><source><submittedBy>Jose Saca</submittedBy></source><imagesize><nrows>2970</nrows><ncols>4451</ncols></imagesize><object><name>m4_s04_039_p_ic003</name><deleted>0</deleted><verified>0</verified><occluded>no</occluded><attributes></attributes><parts><hasparts></hasparts><ispartof></ispartof></parts><date>20-10-20 13:49:19:371</date><id>0</id><type>bounding_box</type><polygon><username>anonymous</username><pt><x>1741</x><y>170</y><time>20-10-20 13:49:13:111</time></pt><pt><x>2546</x><y>170</y><time>20-10-20 13:49:14:533</time></pt><pt><x>2546</x><y>2770</y><time>undefined</time></pt><pt><x>1741</x><y>2770</y><time>undefined</time></pt><closed_date>20-10-20 13:49:14:533</closed_date></polygon></object></annotation>