<annotation><filename>m4_s12_186_p_nic029.jpg</filename><folder>users/joselusava//m4_js/186/nic</folder><source><submittedBy>Jose Saca</submittedBy></source><imagesize><nrows>3899</nrows><ncols>5844</ncols></imagesize><object><name>m4_s12_186_p_nic029</name><deleted>0</deleted><verified>0</verified><occluded>no</occluded><attributes></attributes><parts><hasparts></hasparts><ispartof></ispartof></parts><date>18-10-20 11:31:57:995</date><id>0</id><type>bounding_box</type><polygon><username>anonymous</username><pt><x>12</x><y>677</y><time>18-10-20 11:31:56:420</time></pt><pt><x>2181</x><y>677</y><time>18-10-20 11:31:57:375</time></pt><pt><x>2181</x><y>3861</y><time>undefined</time></pt><pt><x>12</x><y>3861</y><time>undefined</time></pt><closed_date>18-10-20 11:31:57:375</closed_date></polygon></object></annotation>