<annotation><filename>m2_s05_236_p_nic084.jpg</filename><folder>users/joselusava//museos2020</folder><source><submittedBy>Jose Saca</submittedBy></source><imagesize><nrows>2910</nrows><ncols>4361</ncols></imagesize><object><name>m2_s05_236_p_nic084</name><deleted>0</deleted><verified>0</verified><occluded>no</occluded><attributes></attributes><parts><hasparts></hasparts><ispartof></ispartof></parts><date>17-09-20 13:25:12:983</date><id>0</id><type>bounding_box</type><polygon><username>anonymous</username><pt><x>1464</x><y>693</y><time>17-09-20 13:25:05:032</time></pt><pt><x>3886</x><y>693</y><time>17-09-20 13:25:06:595</time></pt><pt><x>3886</x><y>2617</y><time>undefined</time></pt><pt><x>1464</x><y>2617</y><time>undefined</time></pt><closed_date>17-09-20 13:25:06:595</closed_date></polygon></object></annotation>