<annotation><filename>m4_s06_092_x.jpg</filename><folder>users/joselusava//kath/m4_x</folder><source><submittedBy>Jose Saca</submittedBy></source><imagesize><nrows>2970</nrows><ncols>4451</ncols></imagesize><object><name>m4_s06_092_x</name><deleted>0</deleted><verified>0</verified><occluded>no</occluded><attributes></attributes><parts><hasparts></hasparts><ispartof></ispartof></parts><date>21-10-20 10:50:36:022</date><id>0</id><polygon><username>anonymous</username><pt><x>1283</x><y>183</y><time>21-10-20 10:50:27:627</time></pt><pt><x>1052</x><y>2807</y><time>21-10-20 10:50:29:086</time></pt><pt><x>3600</x><y>2759</y><time>21-10-20 10:50:30:759</time></pt><pt><x>3239</x><y>154</y><time>21-10-20 10:50:32:511</time></pt><closed_date>21-10-20 10:50:33:797</closed_date></polygon></object></annotation>