<annotation><filename>m4_s12_185_p_nic038.jpg</filename><folder>users/joselusava//valeria/m04_s12_185_nic</folder><source><submittedBy>Jose Saca</submittedBy></source><imagesize><nrows>2910</nrows><ncols>4361</ncols></imagesize><object><name>m4_s12_185_p_nic038</name><deleted>0</deleted><verified>0</verified><occluded>no</occluded><attributes></attributes><parts><hasparts></hasparts><ispartof></ispartof></parts><date>17-10-20 20:15:03:388</date><id>0</id><type>bounding_box</type><polygon><username>anonymous</username><pt><x>3721</x><y>2166</y><time>17-10-20 20:14:56:428</time></pt><pt><x>1461</x><y>2166</y><time>17-10-20 20:14:59:924</time></pt><pt><x>1461</x><y>73</y><time>undefined</time></pt><pt><x>3721</x><y>73</y><time>undefined</time></pt><closed_date>17-10-20 20:14:59:925</closed_date></polygon></object></annotation>