<annotation><filename>m2_s01_058_p_nic020.jpg</filename><folder>users/joselusava//m2_jsv/58/nic</folder><source><submittedBy>Jose Saca</submittedBy></source><imagesize><nrows>2850</nrows><ncols>4271</ncols></imagesize><object><name>m2_s01_058_p_nic020</name><deleted>0</deleted><verified>0</verified><occluded>no</occluded><attributes></attributes><parts><hasparts></hasparts><ispartof></ispartof></parts><date>29-09-20 22:58:13:014</date><id>0</id><type>bounding_box</type><polygon><username>anonymous</username><pt><x>1995</x><y>1696</y><time>29-09-20 22:58:11:121</time></pt><pt><x>418</x><y>1696</y><time>29-09-20 22:58:12:226</time></pt><pt><x>418</x><y>2822</y><time>undefined</time></pt><pt><x>1995</x><y>2822</y><time>undefined</time></pt><closed_date>29-09-20 22:58:12:227</closed_date></polygon></object></annotation>