<annotation><filename>m4_s04_037_p_ic006.jpg</filename><folder>users/joselusava//santiago_2</folder><source><submittedBy>Jose Saca</submittedBy></source><imagesize><nrows>2970</nrows><ncols>4451</ncols></imagesize><object><name>m4_s04_037_p_ic006</name><deleted>0</deleted><verified>0</verified><occluded>no</occluded><attributes></attributes><parts><hasparts></hasparts><ispartof></ispartof></parts><date>17-10-20 18:07:36:432</date><id>0</id><type>bounding_box</type><polygon><username>anonymous</username><pt><x>1721</x><y>332</y><time>17-10-20 18:07:22:088</time></pt><pt><x>3056</x><y>332</y><time>17-10-20 18:07:25:318</time></pt><pt><x>3056</x><y>2613</y><time>undefined</time></pt><pt><x>1721</x><y>2613</y><time>undefined</time></pt><closed_date>17-10-20 18:07:25:318</closed_date></polygon></object></annotation>