<annotation><filename>m2_s01_010_p_nic051.jpg</filename><folder>users/joselusava//santiago</folder><source><submittedBy>Jose Saca</submittedBy></source><imagesize><nrows>2850</nrows><ncols>4271</ncols></imagesize><object><name>m2_s01_010_p_nic051</name><deleted>0</deleted><verified>0</verified><occluded>no</occluded><attributes></attributes><parts><hasparts></hasparts><ispartof></ispartof></parts><date>22-09-20 20:48:08:687</date><id>0</id><type>bounding_box</type><polygon><username>anonymous</username><pt><x>2725</x><y>471</y><time>22-09-20 20:47:58:993</time></pt><pt><x>3546</x><y>471</y><time>22-09-20 20:48:00:285</time></pt><pt><x>3546</x><y>1443</y><time>undefined</time></pt><pt><x>2725</x><y>1443</y><time>undefined</time></pt><closed_date>22-09-20 20:48:00:287</closed_date></polygon></object></annotation>