<annotation><filename>m2_s01_024_p_nic053.jpg</filename><folder>users/joselusava//santiago</folder><source><submittedBy>Jose Saca</submittedBy></source><imagesize><nrows>2850</nrows><ncols>4271</ncols></imagesize><object><name>m2_s01_024_p_nic053</name><deleted>0</deleted><verified>0</verified><occluded>no</occluded><attributes></attributes><parts><hasparts></hasparts><ispartof></ispartof></parts><date>25-09-20 14:58:51:318</date><id>0</id><type>bounding_box</type><polygon><username>anonymous</username><pt><x>603</x><y>548</y><time>25-09-20 14:58:44:614</time></pt><pt><x>1395</x><y>548</y><time>25-09-20 14:58:45:477</time></pt><pt><x>1395</x><y>1843</y><time>undefined</time></pt><pt><x>603</x><y>1843</y><time>undefined</time></pt><closed_date>25-09-20 14:58:45:478</closed_date></polygon></object></annotation>