<annotation><filename>m4_s09_138_p_ic011.jpg</filename><folder>users/joselusava//santiago_2</folder><source><submittedBy>Jose Saca</submittedBy></source><imagesize><nrows>2970</nrows><ncols>4451</ncols></imagesize><object><name>m4_s09_138_p_ic011</name><deleted>0</deleted><verified>0</verified><occluded>no</occluded><attributes></attributes><parts><hasparts></hasparts><ispartof></ispartof></parts><date>22-10-20 13:50:54:360</date><id>0</id><type>bounding_box</type><polygon><username>anonymous</username><pt><x>932</x><y>589</y><time>22-10-20 13:50:50:591</time></pt><pt><x>3638</x><y>589</y><time>22-10-20 13:50:52:149</time></pt><pt><x>3638</x><y>2388</y><time>undefined</time></pt><pt><x>932</x><y>2388</y><time>undefined</time></pt><closed_date>22-10-20 13:50:52:149</closed_date></polygon></object></annotation>