<annotation><filename>m2_s01_032_p_nic073.jpg</filename><folder>users/joselusava//santiago_2</folder><source><submittedBy>Jose Saca</submittedBy></source><imagesize><nrows>2850</nrows><ncols>4271</ncols></imagesize><object><name>m2_s01_032_p_nic073</name><deleted>0</deleted><verified>0</verified><occluded>no</occluded><attributes></attributes><parts><hasparts></hasparts><ispartof></ispartof></parts><date>30-09-20 21:11:53:899</date><id>0</id><type>bounding_box</type><polygon><username>anonymous</username><pt><x>2857</x><y>604</y><time>30-09-20 21:11:51:745</time></pt><pt><x>3756</x><y>604</y><time>30-09-20 21:11:52:396</time></pt><pt><x>3756</x><y>1727</y><time>undefined</time></pt><pt><x>2857</x><y>1727</y><time>undefined</time></pt><closed_date>30-09-20 21:11:52:397</closed_date></polygon></object></annotation>