<annotation><filename>m4_s04_047_p_nic074.jpg</filename><folder>users/joselusava//kath/kath_m4_047/nic</folder><source><submittedBy>Jose Saca</submittedBy></source><imagesize><nrows>2970</nrows><ncols>4451</ncols></imagesize><object><name>m4_s04_047_p_nic074</name><deleted>0</deleted><verified>0</verified><occluded>no</occluded><attributes></attributes><parts><hasparts></hasparts><ispartof></ispartof></parts><date>24-10-20 19:44:23:988</date><id>0</id><type>bounding_box</type><polygon><username>anonymous</username><pt><x>906</x><y>282</y><time>24-10-20 19:44:17:951</time></pt><pt><x>1775</x><y>282</y><time>24-10-20 19:44:20:112</time></pt><pt><x>1775</x><y>1819</y><time>undefined</time></pt><pt><x>906</x><y>1819</y><time>undefined</time></pt><closed_date>24-10-20 19:44:20:113</closed_date></polygon></object></annotation>