<annotation><filename>m2_s01_018_p_ic034.jpg</filename><folder>users/joselusava//santiago_2</folder><source><submittedBy>Jose Saca</submittedBy></source><imagesize><nrows>2850</nrows><ncols>4271</ncols></imagesize><object><name>m2_s01_018_p_ic034</name><deleted>0</deleted><verified>0</verified><occluded>no</occluded><attributes></attributes><parts><hasparts></hasparts><ispartof></ispartof></parts><date>28-09-20 16:19:19:144</date><id>0</id><type>bounding_box</type><polygon><username>anonymous</username><pt><x>1311</x><y>846</y><time>28-09-20 16:19:14:620</time></pt><pt><x>2863</x><y>846</y><time>28-09-20 16:19:16:905</time></pt><pt><x>2863</x><y>2578</y><time>undefined</time></pt><pt><x>1311</x><y>2578</y><time>undefined</time></pt><closed_date>28-09-20 16:19:16:905</closed_date></polygon></object></annotation>