<annotation><filename>m2_s02_129_p_ic058.jpg</filename><folder>users/joselusava//m2_jsv/129/ic</folder><source><submittedBy>Jose Saca</submittedBy></source><imagesize><nrows>2910</nrows><ncols>4361</ncols></imagesize><object><name>m2_s02_129_p_ic058</name><deleted>0</deleted><verified>0</verified><occluded>no</occluded><attributes></attributes><parts><hasparts></hasparts><ispartof></ispartof></parts><date>24-09-20 19:25:07:025</date><id>0</id><type>bounding_box</type><polygon><username>anonymous</username><pt><x>2968</x><y>2507</y><time>24-09-20 19:25:04:785</time></pt><pt><x>1384</x><y>2507</y><time>24-09-20 19:25:06:341</time></pt><pt><x>1384</x><y>766</y><time>undefined</time></pt><pt><x>2968</x><y>766</y><time>undefined</time></pt><closed_date>24-09-20 19:25:06:341</closed_date></polygon></object></annotation>