<annotation><filename>m1_s02_029_p_ic091.jpg</filename><folder>users/joselusava//valeria/sala2_029_ic</folder><source><submittedBy>Jose Saca</submittedBy></source><imagesize><nrows>3200</nrows><ncols>4800</ncols></imagesize><object><name>m1_s02_029_p_ic091</name><deleted>0</deleted><verified>0</verified><occluded>no</occluded><attributes></attributes><parts><hasparts></hasparts><ispartof></ispartof></parts><date>22-08-20 21:22:58:368</date><id>0</id><type>bounding_box</type><polygon><username>anonymous</username><pt><x>961</x><y>5</y><time>22-08-20 21:22:45:765</time></pt><pt><x>3957</x><y>5</y><time>22-08-20 21:22:49:619</time></pt><pt><x>3957</x><y>2991</y><time>undefined</time></pt><pt><x>961</x><y>2991</y><time>undefined</time></pt><closed_date>22-08-20 21:22:49:621</closed_date></polygon></object></annotation>