<annotation><filename>m4_s04_037_p_ic095.jpg</filename><folder>users/joselusava//santiago_2</folder><source><submittedBy>Jose Saca</submittedBy></source><imagesize><nrows>2970</nrows><ncols>4451</ncols></imagesize><object><name>m4_s04_037_p_ic095</name><deleted>0</deleted><verified>0</verified><occluded>no</occluded><attributes></attributes><parts><hasparts></hasparts><ispartof></ispartof></parts><date>18-10-20 22:31:12:987</date><id>0</id><type>bounding_box</type><polygon><username>anonymous</username><pt><x>1524</x><y>482</y><time>18-10-20 22:31:05:760</time></pt><pt><x>2899</x><y>482</y><time>18-10-20 22:31:07:282</time></pt><pt><x>2899</x><y>2670</y><time>undefined</time></pt><pt><x>1524</x><y>2670</y><time>undefined</time></pt><closed_date>18-10-20 22:31:07:283</closed_date></polygon></object></annotation>