<annotation><filename>m4_s10_154_p_nic004.jpg</filename><folder>users/joselusava//valeria/m04_s10_154_nic</folder><source><submittedBy>Jose Saca</submittedBy></source><imagesize><nrows>2970</nrows><ncols>4451</ncols></imagesize><object><name>m4_s10_154_p_nic004</name><deleted>0</deleted><verified>0</verified><occluded>no</occluded><attributes></attributes><parts><hasparts></hasparts><ispartof></ispartof></parts><date>13-10-20 23:31:48:507</date><id>0</id><type>bounding_box</type><polygon><username>anonymous</username><pt><x>2473</x><y>2416</y><time>13-10-20 23:31:43:321</time></pt><pt><x>4209</x><y>2416</y><time>13-10-20 23:31:45:168</time></pt><pt><x>4209</x><y>605</y><time>undefined</time></pt><pt><x>2473</x><y>605</y><time>undefined</time></pt><closed_date>13-10-20 23:31:45:169</closed_date></polygon></object></annotation>