<annotation><filename>m4_s05_060_p_nic025.jpg</filename><folder>users/joselusava//m4_js/60/nic</folder><source><submittedBy>Jose Saca</submittedBy></source><imagesize><nrows>2910</nrows><ncols>4361</ncols></imagesize><object><name>m4_s05_060_p_nic025</name><deleted>0</deleted><verified>0</verified><occluded>no</occluded><attributes></attributes><parts><hasparts></hasparts><ispartof></ispartof></parts><date>13-10-20 23:54:38:292</date><id>0</id><type>bounding_box</type><polygon><username>anonymous</username><pt><x>3203</x><y>2907</y><time>13-10-20 23:54:36:141</time></pt><pt><x>17</x><y>2907</y><time>13-10-20 23:54:37:440</time></pt><pt><x>17</x><y>984</y><time>undefined</time></pt><pt><x>3203</x><y>984</y><time>undefined</time></pt><closed_date>13-10-20 23:54:37:440</closed_date></polygon></object></annotation>