<annotation><filename>m4_s06_089_p_ic062.jpg</filename><folder>users/joselusava//santiago_2</folder><source><submittedBy>Jose Saca</submittedBy></source><imagesize><nrows>2970</nrows><ncols>4451</ncols></imagesize><object><name>m4_s06_089_p_ic062</name><deleted>0</deleted><verified>0</verified><occluded>no</occluded><attributes></attributes><parts><hasparts></hasparts><ispartof></ispartof></parts><date>11-10-20 18:54:41:924</date><id>0</id><type>bounding_box</type><polygon><username>anonymous</username><pt><x>1333</x><y>286</y><time>11-10-20 18:54:38:334</time></pt><pt><x>3119</x><y>286</y><time>11-10-20 18:54:39:939</time></pt><pt><x>3119</x><y>2563</y><time>undefined</time></pt><pt><x>1333</x><y>2563</y><time>undefined</time></pt><closed_date>11-10-20 18:54:39:941</closed_date></polygon></object></annotation>