<annotation><filename>m1_s01_017_p_nic043.jpg</filename><folder>users/joselusava//santiago</folder><source><submittedBy>Jose Saca</submittedBy></source><imagesize><nrows>3200</nrows><ncols>4800</ncols></imagesize><object><name>m1_s01_017_p_nic043</name><deleted>0</deleted><verified>0</verified><occluded>no</occluded><attributes></attributes><parts><hasparts></hasparts><ispartof></ispartof></parts><date>11-09-20 19:09:11:130</date><id>0</id><type>bounding_box</type><polygon><username>anonymous</username><pt><x>3661</x><y>2149</y><time>11-09-20 19:09:03:423</time></pt><pt><x>4193</x><y>2149</y><time>11-09-20 19:09:04:476</time></pt><pt><x>4193</x><y>2527</y><time>undefined</time></pt><pt><x>3661</x><y>2527</y><time>undefined</time></pt><closed_date>11-09-20 19:09:04:477</closed_date></polygon></object></annotation>