<annotation><filename>m2_s01_032_p_nic028.jpg</filename><folder>users/joselusava//santiago_2</folder><source><submittedBy>Jose Saca</submittedBy></source><imagesize><nrows>2850</nrows><ncols>4271</ncols></imagesize><object><name>m2_s01_032_p_nic028</name><deleted>0</deleted><verified>0</verified><occluded>no</occluded><attributes></attributes><parts><hasparts></hasparts><ispartof></ispartof></parts><date>30-09-20 18:08:07:192</date><id>0</id><type>bounding_box</type><polygon><username>anonymous</username><pt><x>896</x><y>400</y><time>30-09-20 18:08:03:839</time></pt><pt><x>1829</x><y>400</y><time>30-09-20 18:08:04:814</time></pt><pt><x>1829</x><y>1659</y><time>undefined</time></pt><pt><x>896</x><y>1659</y><time>undefined</time></pt><closed_date>30-09-20 18:08:04:816</closed_date></polygon></object></annotation>