<annotation><filename>m2_s01_032_p_nic020.jpg</filename><folder>users/joselusava//santiago_2</folder><source><submittedBy>Jose Saca</submittedBy></source><imagesize><nrows>2850</nrows><ncols>4271</ncols></imagesize><object><name>m2_s01_032_p_nic020</name><deleted>0</deleted><verified>0</verified><occluded>no</occluded><attributes></attributes><parts><hasparts></hasparts><ispartof></ispartof></parts><date>30-09-20 17:55:39:468</date><id>0</id><type>bounding_box</type><polygon><username>anonymous</username><pt><x>2538</x><y>909</y><time>30-09-20 17:55:34:521</time></pt><pt><x>3440</x><y>909</y><time>30-09-20 17:55:35:220</time></pt><pt><x>3440</x><y>2182</y><time>undefined</time></pt><pt><x>2538</x><y>2182</y><time>undefined</time></pt><closed_date>30-09-20 17:55:35:221</closed_date></polygon></object></annotation>