<annotation><filename>m4_s05_052_p_ic085.jpg</filename><folder>users/joselusava//santiago_2</folder><source><submittedBy>Jose Saca</submittedBy></source><imagesize><nrows>2910</nrows><ncols>4361</ncols></imagesize><object><name>m4_s05_052_p_ic085</name><deleted>0</deleted><verified>0</verified><occluded>no</occluded><attributes></attributes><parts><hasparts></hasparts><ispartof></ispartof></parts><date>07-10-20 23:10:12:295</date><id>0</id><type>bounding_box</type><polygon><username>anonymous</username><pt><x>1098</x><y>450</y><time>07-10-20 23:10:08:415</time></pt><pt><x>3146</x><y>450</y><time>07-10-20 23:10:09:896</time></pt><pt><x>3146</x><y>2616</y><time>undefined</time></pt><pt><x>1098</x><y>2616</y><time>undefined</time></pt><closed_date>07-10-20 23:10:09:898</closed_date></polygon></object></annotation>