<annotation><filename>m1_s02_036_p_nic045.jpg</filename><folder>users/joselusava//valeria/sala2_036_nic</folder><source><submittedBy>Jose Saca</submittedBy></source><imagesize><nrows>3200</nrows><ncols>4800</ncols></imagesize><object><name>m1_s02_036_p_nic045</name><deleted>0</deleted><verified>0</verified><occluded>no</occluded><attributes></attributes><parts><hasparts></hasparts><ispartof></ispartof></parts><date>26-08-20 23:48:59:734</date><id>0</id><type>bounding_box</type><polygon><username>anonymous</username><pt><x>328</x><y>966</y><time>26-08-20 23:48:54:284</time></pt><pt><x>1659</x><y>966</y><time>26-08-20 23:48:56:201</time></pt><pt><x>1659</x><y>2158</y><time>undefined</time></pt><pt><x>328</x><y>2158</y><time>undefined</time></pt><closed_date>26-08-20 23:48:56:202</closed_date></polygon></object></annotation>