<annotation><filename>m2_s01_032_p.jpg</filename><folder>users/joselusava//santiago_2</folder><source><submittedBy>Jose Saca</submittedBy></source><imagesize><nrows>2850</nrows><ncols>4271</ncols></imagesize><object><name>m2_s01_032_p</name><deleted>0</deleted><verified>0</verified><occluded>no</occluded><attributes></attributes><parts><hasparts></hasparts><ispartof></ispartof></parts><date>29-09-20 21:59:17:399</date><id>0</id><type>bounding_box</type><polygon><username>anonymous</username><pt><x>1225</x><y>212</y><time>29-09-20 21:59:11:377</time></pt><pt><x>3065</x><y>212</y><time>29-09-20 21:59:14:800</time></pt><pt><x>3065</x><y>2565</y><time>undefined</time></pt><pt><x>1225</x><y>2565</y><time>undefined</time></pt><closed_date>29-09-20 21:59:14:801</closed_date></polygon></object></annotation>