<annotation><filename>m4_s07_105_p_ic016.jpg</filename><folder>users/joselusava//kath/m4_105</folder><source><submittedBy>Jose Saca</submittedBy></source><imagesize><nrows>2970</nrows><ncols>4451</ncols></imagesize><object><name>m4_s07_105_p_ic016</name><deleted>0</deleted><verified>0</verified><occluded>no</occluded><attributes></attributes><parts><hasparts></hasparts><ispartof></ispartof></parts><date>25-10-20 09:21:15:099</date><id>0</id><type>bounding_box</type><polygon><username>anonymous</username><pt><x>2816</x><y>2648</y><time>25-10-20 09:21:07:260</time></pt><pt><x>1740</x><y>2648</y><time>25-10-20 09:21:09:874</time></pt><pt><x>1740</x><y>288</y><time>undefined</time></pt><pt><x>2816</x><y>288</y><time>undefined</time></pt><closed_date>25-10-20 09:21:09:875</closed_date></polygon></object></annotation>