<annotation><filename>m2_s06_244_p_nic030.jpg</filename><folder>users/joselusava//museos2020</folder><source><submittedBy>Jose Saca</submittedBy></source><imagesize><nrows>2910</nrows><ncols>4361</ncols></imagesize><object><name>m2_s06_244_p_ic030</name><deleted>0</deleted><verified>0</verified><occluded>no</occluded><attributes></attributes><parts><hasparts></hasparts><ispartof></ispartof></parts><date>25-09-20 18:43:41:705</date><id>0</id><type>bounding_box</type><polygon><username>anonymous</username><pt><x>2338</x><y>1878</y><time>25-09-20 18:43:32:888</time></pt><pt><x>3965</x><y>1878</y><time>25-09-20 18:43:34:367</time></pt><pt><x>3965</x><y>2608</y><time>undefined</time></pt><pt><x>2338</x><y>2608</y><time>undefined</time></pt><closed_date>25-09-20 18:43:34:368</closed_date></polygon></object></annotation>