<annotation><filename>m2_s01_010_p_nic099.jpg</filename><folder>users/joselusava//santiago</folder><source><submittedBy>Jose Saca</submittedBy></source><imagesize><nrows>2850</nrows><ncols>4271</ncols></imagesize><object><name>m2_s01_010_p_nic099</name><deleted>0</deleted><verified>0</verified><occluded>no</occluded><attributes></attributes><parts><hasparts></hasparts><ispartof></ispartof></parts><date>22-09-20 22:04:10:045</date><id>0</id><type>bounding_box</type><polygon><username>anonymous</username><pt><x>1058</x><y>1375</y><time>22-09-20 22:04:01:084</time></pt><pt><x>2138</x><y>1375</y><time>22-09-20 22:04:02:715</time></pt><pt><x>2138</x><y>2398</y><time>undefined</time></pt><pt><x>1058</x><y>2398</y><time>undefined</time></pt><closed_date>22-09-20 22:04:02:716</closed_date></polygon></object></annotation>