<annotation><filename>m2_s03_252_p_nic001.jpg</filename><folder>users/joselusava//valeria/m2_sala03_252_nic</folder><source><submittedBy>Jose Saca</submittedBy></source><imagesize><nrows>2910</nrows><ncols>4361</ncols></imagesize><object><name>m2_s06_252_p_nic001</name><deleted>0</deleted><verified>0</verified><occluded>no</occluded><attributes></attributes><parts><hasparts></hasparts><ispartof></ispartof></parts><date>26-09-20 16:38:20:234</date><id>0</id><type>bounding_box</type><polygon><username>anonymous</username><pt><x>3880</x><y>2491</y><time>26-09-20 16:38:10:406</time></pt><pt><x>2183</x><y>2491</y><time>26-09-20 16:38:12:522</time></pt><pt><x>2183</x><y>1543</y><time>undefined</time></pt><pt><x>3880</x><y>1543</y><time>undefined</time></pt><closed_date>26-09-20 16:38:12:524</closed_date></polygon></object></annotation>