<annotation><filename>m2_s03_252_p_nic035.jpg</filename><folder>users/joselusava//valeria/m2_sala03_252_nic</folder><source><submittedBy>Jose Saca</submittedBy></source><imagesize><nrows>2910</nrows><ncols>4361</ncols></imagesize><object><name>m2_s06_252_p_nic035</name><deleted>0</deleted><verified>0</verified><occluded>no</occluded><attributes></attributes><parts><hasparts></hasparts><ispartof></ispartof></parts><date>26-09-20 20:19:52:079</date><id>0</id><type>bounding_box</type><polygon><username>anonymous</username><pt><x>2171</x><y>733</y><time>26-09-20 20:19:46:721</time></pt><pt><x>342</x><y>733</y><time>26-09-20 20:19:48:883</time></pt><pt><x>342</x><y>1841</y><time>undefined</time></pt><pt><x>2171</x><y>1841</y><time>undefined</time></pt><closed_date>26-09-20 20:19:48:884</closed_date></polygon></object></annotation>