<annotation><filename>m4_s10_164_p_nic041.jpg</filename><folder>users/joselusava//santiago_2</folder><source><submittedBy>Jose Saca</submittedBy></source><imagesize><nrows>2970</nrows><ncols>4451</ncols></imagesize><object><name>m4_s10_164_p_nic041</name><deleted>0</deleted><verified>0</verified><occluded>no</occluded><attributes></attributes><parts><hasparts></hasparts><ispartof></ispartof></parts><date>14-10-20 00:30:44:728</date><id>0</id><type>bounding_box</type><polygon><username>anonymous</username><pt><x>2156</x><y>232</y><time>14-10-20 00:30:41:215</time></pt><pt><x>2670</x><y>232</y><time>14-10-20 00:30:42:163</time></pt><pt><x>2670</x><y>985</y><time>undefined</time></pt><pt><x>2156</x><y>985</y><time>undefined</time></pt><closed_date>14-10-20 00:30:42:164</closed_date></polygon></object></annotation>