<annotation><filename>m2_s01_018_p_nic036.jpg</filename><folder>users/joselusava//santiago_2</folder><source><submittedBy>Jose Saca</submittedBy></source><imagesize><nrows>2850</nrows><ncols>4271</ncols></imagesize><object><name>m2_s01_018_p_nic036</name><deleted>0</deleted><verified>0</verified><occluded>no</occluded><attributes></attributes><parts><hasparts></hasparts><ispartof></ispartof></parts><date>28-09-20 21:38:42:212</date><id>0</id><type>bounding_box</type><polygon><username>anonymous</username><pt><x>1059</x><y>1788</y><time>28-09-20 21:38:31:813</time></pt><pt><x>1683</x><y>1788</y><time>28-09-20 21:38:32:992</time></pt><pt><x>1683</x><y>2629</y><time>undefined</time></pt><pt><x>1059</x><y>2629</y><time>undefined</time></pt><closed_date>28-09-20 21:38:32:994</closed_date></polygon></object></annotation>