<annotation><filename>m4_s11_178_p_nic054.jpg</filename><folder>users/joselusava//santiago_2</folder><source><submittedBy>Jose Saca</submittedBy></source><imagesize><nrows>2970</nrows><ncols>4451</ncols></imagesize><object><name>m4_s11_178_p_nic054</name><deleted>0</deleted><verified>0</verified><occluded>no</occluded><attributes></attributes><parts><hasparts></hasparts><ispartof></ispartof></parts><date>16-10-20 09:36:09:562</date><id>0</id><type>bounding_box</type><polygon><username>anonymous</username><pt><x>407</x><y>810</y><time>16-10-20 09:36:05:384</time></pt><pt><x>1631</x><y>810</y><time>16-10-20 09:36:06:958</time></pt><pt><x>1631</x><y>1974</y><time>undefined</time></pt><pt><x>407</x><y>1974</y><time>undefined</time></pt><closed_date>16-10-20 09:36:06:959</closed_date></polygon></object></annotation>