<annotation><filename>m1_s01_001_p_ic061.jpg</filename><folder>users/joselusava//juancarlos</folder><source><submittedBy>Jose Saca</submittedBy></source><imagesize><nrows>2000</nrows><ncols>2992</ncols></imagesize><object><name>m1_s01_001_p_ic061</name><deleted>0</deleted><verified>0</verified><occluded>no</occluded><attributes></attributes><parts><hasparts></hasparts><ispartof></ispartof></parts><date>31-08-20 17:20:05:034</date><id>0</id><type>bounding_box</type><polygon><username>anonymous</username><pt><x>883</x><y>674</y><time>31-08-20 17:19:52:622</time></pt><pt><x>2106</x><y>674</y><time>31-08-20 17:19:56:739</time></pt><pt><x>2106</x><y>1470</y><time>undefined</time></pt><pt><x>883</x><y>1470</y><time>undefined</time></pt><closed_date>31-08-20 17:19:56:741</closed_date></polygon></object></annotation>