<annotation><filename>m2_s03_219_p_ic078.jpg</filename><folder>users/joselusava//valeria/m2_sala03_219_ic</folder><source><submittedBy>Jose Saca</submittedBy></source><imagesize><nrows>2910</nrows><ncols>4361</ncols></imagesize><object><name>m2_s03_219_p_ic078</name><deleted>0</deleted><verified>0</verified><occluded>no</occluded><attributes></attributes><parts><hasparts></hasparts><ispartof></ispartof></parts><date>29-09-20 01:09:41:881</date><id>0</id><type>bounding_box</type><polygon><username>anonymous</username><pt><x>2789</x><y>391</y><time>29-09-20 01:09:36:772</time></pt><pt><x>987</x><y>391</y><time>29-09-20 01:09:38:871</time></pt><pt><x>987</x><y>2486</y><time>undefined</time></pt><pt><x>2789</x><y>2486</y><time>undefined</time></pt><closed_date>29-09-20 01:09:38:872</closed_date></polygon></object></annotation>