<annotation><filename>m2_s05_236_p_ic086.jpg</filename><folder>users/joselusava//museos2020</folder><source><submittedBy>Jose Saca</submittedBy></source><imagesize><nrows>2910</nrows><ncols>4361</ncols></imagesize><object><name>m2_s05_236_p_ic086</name><deleted>0</deleted><verified>0</verified><occluded>no</occluded><attributes></attributes><parts><hasparts></hasparts><ispartof></ispartof></parts><date>16-09-20 19:26:20:570</date><id>0</id><type>bounding_box</type><polygon><username>anonymous</username><pt><x>288</x><y>279</y><time>16-09-20 19:26:13:333</time></pt><pt><x>4212</x><y>279</y><time>16-09-20 19:26:15:423</time></pt><pt><x>4212</x><y>2868</y><time>undefined</time></pt><pt><x>288</x><y>2868</y><time>undefined</time></pt><closed_date>16-09-20 19:26:15:424</closed_date></polygon></object></annotation>