<annotation><filename>m4_s10_154_p_nic080.jpg</filename><folder>users/joselusava//valeria/m04_s10_154_nic</folder><source><submittedBy>Jose Saca</submittedBy></source><imagesize><nrows>2970</nrows><ncols>4451</ncols></imagesize><object><name>m4_s10_154_p_nic080</name><deleted>0</deleted><verified>0</verified><occluded>no</occluded><attributes></attributes><parts><hasparts></hasparts><ispartof></ispartof></parts><date>14-10-20 15:50:15:117</date><id>0</id><type>bounding_box</type><polygon><username>anonymous</username><pt><x>4049</x><y>2342</y><time>14-10-20 15:50:10:308</time></pt><pt><x>2547</x><y>2342</y><time>14-10-20 15:50:12:137</time></pt><pt><x>2547</x><y>423</y><time>undefined</time></pt><pt><x>4049</x><y>423</y><time>undefined</time></pt><closed_date>14-10-20 15:50:12:138</closed_date></polygon></object></annotation>