<annotation><filename>m4_s06_089_p_nic014.jpg</filename><folder>users/joselusava//santiago_2</folder><source><submittedBy>Jose Saca</submittedBy></source><imagesize><nrows>2970</nrows><ncols>4451</ncols></imagesize><object><name>m4_s06_089_p_nic014</name><deleted>0</deleted><verified>0</verified><occluded>no</occluded><attributes></attributes><parts><hasparts></hasparts><ispartof></ispartof></parts><date>12-10-20 20:44:18:804</date><id>0</id><type>bounding_box</type><polygon><username>anonymous</username><pt><x>2784</x><y>414</y><time>12-10-20 20:44:14:753</time></pt><pt><x>4112</x><y>414</y><time>12-10-20 20:44:16:304</time></pt><pt><x>4112</x><y>2124</y><time>undefined</time></pt><pt><x>2784</x><y>2124</y><time>undefined</time></pt><closed_date>12-10-20 20:44:16:306</closed_date></polygon></object></annotation>