<annotation><filename>m1_s02_029_p_nic015.jpg</filename><folder>users/joselusava//museos2020</folder><source><submittedBy>Jose Saca</submittedBy></source><imagesize><nrows>3200</nrows><ncols>4800</ncols></imagesize><object><name>m1_s02_029_p_nic015</name><deleted>0</deleted><verified>0</verified><occluded>no</occluded><attributes></attributes><parts><hasparts></hasparts><ispartof></ispartof></parts><date>27-08-20 18:32:33:373</date><id>0</id><type>bounding_box</type><polygon><username>anonymous</username><pt><x>3603</x><y>2974</y><time>27-08-20 18:32:27:442</time></pt><pt><x>2588</x><y>2974</y><time>27-08-20 18:32:29:988</time></pt><pt><x>2588</x><y>1842</y><time>undefined</time></pt><pt><x>3603</x><y>1842</y><time>undefined</time></pt><closed_date>27-08-20 18:32:29:989</closed_date></polygon></object></annotation>