<annotation><filename>m4_s04_045_p_nic022.jpg</filename><folder>users/joselusava//valeria/m04_s04_45_nic</folder><source><submittedBy>Jose Saca</submittedBy></source><imagesize><nrows>2970</nrows><ncols>4451</ncols></imagesize><object><name>m4_s04_045_p_nic022</name><deleted>0</deleted><verified>0</verified><occluded>no</occluded><attributes></attributes><parts><hasparts></hasparts><ispartof></ispartof></parts><date>20-10-20 00:23:28:554</date><id>0</id><type>bounding_box</type><polygon><username>anonymous</username><pt><x>337</x><y>2793</y><time>20-10-20 00:23:23:242</time></pt><pt><x>1199</x><y>2793</y><time>20-10-20 00:23:25:118</time></pt><pt><x>1199</x><y>1394</y><time>undefined</time></pt><pt><x>337</x><y>1394</y><time>undefined</time></pt><closed_date>20-10-20 00:23:25:119</closed_date></polygon></object></annotation>