<annotation><filename>m2_s03_248_p_nic045.jpg</filename><folder>users/joselusava//museos2020</folder><source><submittedBy>Jose Saca</submittedBy></source><imagesize><nrows>2910</nrows><ncols>4361</ncols></imagesize><object><name>m2_s03_248_p_nic045</name><deleted>0</deleted><verified>0</verified><occluded>no</occluded><attributes></attributes><parts><hasparts></hasparts><ispartof></ispartof></parts><date>27-09-20 17:12:38:184</date><id>0</id><polygon><username>anonymous</username><pt><x>721</x><y>423</y><time>27-09-20 17:12:28:645</time></pt><pt><x>2812</x><y>344</y><time>27-09-20 17:12:29:443</time></pt><pt><x>2255</x><y>1069</y><time>27-09-20 17:12:30:245</time></pt><pt><x>553</x><y>679</y><time>27-09-20 17:12:31:324</time></pt><closed_date>27-09-20 17:12:31:846</closed_date></polygon></object></annotation>