<annotation><filename>m1_s02_036_p_nic018.jpg</filename><folder>users/joselusava//valeria/sala2_036_nic</folder><source><submittedBy>Jose Saca</submittedBy></source><imagesize><nrows>3200</nrows><ncols>4800</ncols></imagesize><object><name>m1_s02_036_p_nic018</name><deleted>0</deleted><verified>0</verified><occluded>no</occluded><attributes></attributes><parts><hasparts></hasparts><ispartof></ispartof></parts><date>26-08-20 22:31:44:974</date><id>0</id><type>bounding_box</type><polygon><username>anonymous</username><pt><x>2674</x><y>413</y><time>26-08-20 22:31:38:687</time></pt><pt><x>3431</x><y>413</y><time>26-08-20 22:31:41:390</time></pt><pt><x>3431</x><y>1546</y><time>undefined</time></pt><pt><x>2674</x><y>1546</y><time>undefined</time></pt><closed_date>26-08-20 22:31:41:391</closed_date></polygon></object></annotation>