<annotation><filename>m1_s02_051_x.jpg</filename><folder>users/joselusava//valeria/sala2</folder><source><submittedBy>Jose Saca</submittedBy></source><imagesize><nrows>3200</nrows><ncols>4800</ncols></imagesize><object><name>m1_s02_050_x</name><deleted>0</deleted><verified>0</verified><occluded>no</occluded><attributes/><parts><hasparts/><ispartof/></parts><date>28-08-20 11:46:24:395</date><id>0</id><type>bounding_box</type><polygon><username>anonymous</username><pt><x>4129</x><y>3039</y><time>28-08-20 11:46:01:884</time></pt><pt><x>838</x><y>3039</y><time>28-08-20 11:46:06:514</time></pt><pt><x>838</x><y>54</y><time>undefined</time></pt><pt><x>4129</x><y>54</y><time>undefined</time></pt><closed_date>28-08-20 11:46:06:515</closed_date></polygon></object><object><name>m1_s02_051_x</name><deleted>0</deleted><verified>0</verified><occluded>no</occluded><attributes></attributes><parts><hasparts></hasparts><ispartof></ispartof></parts><date>28-08-20 18:34:24:869</date><id>1</id><type>bounding_box</type><polygon><username>anonymous</username><pt><x>816</x><y>59</y><time>28-08-20 18:34:14:494</time></pt><pt><x>4150</x><y>59</y><time>28-08-20 18:34:17:454</time></pt><pt><x>4150</x><y>3055</y><time>undefined</time></pt><pt><x>816</x><y>3055</y><time>undefined</time></pt><closed_date>28-08-20 18:34:17:454</closed_date></polygon></object></annotation>