<annotation><filename>img_m1_s03-04_101_p_nic017.jpg</filename><folder>users/joselusava//valeria/sala3y4_101_nic</folder><source><submittedBy>Jose Saca</submittedBy></source><imagesize><nrows>3200</nrows><ncols>4800</ncols></imagesize><object><name>m1_s03_s04_101_p_nic017</name><deleted>0</deleted><verified>0</verified><occluded>no</occluded><attributes></attributes><parts><hasparts></hasparts><ispartof></ispartof></parts><date>29-08-20 23:06:06:444</date><id>0</id><type>bounding_box</type><polygon><username>anonymous</username><pt><x>3648</x><y>1642</y><time>29-08-20 23:05:59:563</time></pt><pt><x>61</x><y>1642</y><time>29-08-20 23:06:02:617</time></pt><pt><x>61</x><y>188</y><time>undefined</time></pt><pt><x>3648</x><y>188</y><time>undefined</time></pt><closed_date>29-08-20 23:06:02:618</closed_date></polygon></object></annotation>