<annotation><filename>m2_s01_032_p_nic016.jpg</filename><folder>users/joselusava//santiago_2</folder><source><submittedBy>Jose Saca</submittedBy></source><imagesize><nrows>2850</nrows><ncols>4271</ncols></imagesize><object><name>m2_s01_032_p_nic016</name><deleted>0</deleted><verified>0</verified><occluded>no</occluded><attributes></attributes><parts><hasparts></hasparts><ispartof></ispartof></parts><date>30-09-20 17:50:56:163</date><id>0</id><type>bounding_box</type><polygon><username>anonymous</username><pt><x>2253</x><y>1279</y><time>30-09-20 17:50:53:624</time></pt><pt><x>3237</x><y>1279</y><time>30-09-20 17:50:54:326</time></pt><pt><x>3237</x><y>2477</y><time>undefined</time></pt><pt><x>2253</x><y>2477</y><time>undefined</time></pt><closed_date>30-09-20 17:50:54:328</closed_date></polygon></object></annotation>