<annotation><filename>m1_s06_186_p_nic097.jpg</filename><folder>users/joselusava//jacob_2/186nic</folder><source><submittedBy>Jose Saca</submittedBy></source><imagesize><nrows>2736</nrows><ncols>4100</ncols></imagesize><object><name>m1_s06_186_p_nic097</name><deleted>0</deleted><verified>0</verified><occluded>no</occluded><attributes></attributes><parts><hasparts></hasparts><ispartof></ispartof></parts><date>09-09-20 23:38:41:866</date><id>0</id><type>bounding_box</type><polygon><username>anonymous</username><pt><x>3838</x><y>2210</y><time>09-09-20 23:38:38:965</time></pt><pt><x>2406</x><y>2210</y><time>09-09-20 23:38:41:092</time></pt><pt><x>2406</x><y>450</y><time>undefined</time></pt><pt><x>3838</x><y>450</y><time>undefined</time></pt><closed_date>09-09-20 23:38:41:093</closed_date></polygon></object></annotation>