<annotation><filename>m2_s03_201_p_ic033.jpg</filename><folder>users/joselusava//eg</folder><source><submittedBy>Jose Saca</submittedBy></source><imagesize><nrows>3000</nrows><ncols>4496</ncols></imagesize><object><name>m2_s03_219_p_ic033</name><deleted>0</deleted><verified>0</verified><occluded>no</occluded><attributes></attributes><parts><hasparts></hasparts><ispartof></ispartof></parts><date>16-09-20 13:30:16:739</date><id>0</id><type>bounding_box</type><polygon><username>anonymous</username><pt><x>1101</x><y>310</y><time>16-09-20 13:30:01:284</time></pt><pt><x>3148</x><y>310</y><time>16-09-20 13:30:02:534</time></pt><pt><x>3148</x><y>2874</y><time>undefined</time></pt><pt><x>1101</x><y>2874</y><time>undefined</time></pt><closed_date>16-09-20 13:30:02:536</closed_date></polygon></object></annotation>