<annotation><filename>m4_s04_039_p_ic069.jpg</filename><folder>users/joselusava//santiago_2</folder><source><submittedBy>Jose Saca</submittedBy></source><imagesize><nrows>2970</nrows><ncols>4451</ncols></imagesize><object><name>m4_s04_039_p_ic069</name><deleted>0</deleted><verified>0</verified><occluded>no</occluded><attributes></attributes><parts><hasparts></hasparts><ispartof></ispartof></parts><date>20-10-20 22:17:55:255</date><id>0</id><type>bounding_box</type><polygon><username>anonymous</username><pt><x>1817</x><y>232</y><time>20-10-20 22:17:48:166</time></pt><pt><x>2627</x><y>232</y><time>20-10-20 22:17:49:551</time></pt><pt><x>2627</x><y>2742</y><time>undefined</time></pt><pt><x>1817</x><y>2742</y><time>undefined</time></pt><closed_date>20-10-20 22:17:49:553</closed_date></polygon></object></annotation>