<annotation><filename>m2_s01_032_p_ic054.jpg</filename><folder>users/joselusava//santiago_2</folder><source><submittedBy>Jose Saca</submittedBy></source><imagesize><nrows>2850</nrows><ncols>4271</ncols></imagesize><object><name>m2_s01_032_p_ic054</name><deleted>0</deleted><verified>0</verified><occluded>no</occluded><attributes></attributes><parts><hasparts></hasparts><ispartof></ispartof></parts><date>30-09-20 15:44:35:801</date><id>0</id><type>bounding_box</type><polygon><username>anonymous</username><pt><x>1048</x><y>103</y><time>30-09-20 15:44:31:576</time></pt><pt><x>3046</x><y>103</y><time>30-09-20 15:44:33:103</time></pt><pt><x>3046</x><y>2706</y><time>undefined</time></pt><pt><x>1048</x><y>2706</y><time>undefined</time></pt><closed_date>30-09-20 15:44:33:104</closed_date></polygon></object></annotation>