<annotation><filename>m4_s02_015_p_ic073.jpg</filename><folder>users/joselusava//m4_js/15ic</folder><source><submittedBy>Jose Saca</submittedBy></source><imagesize><nrows>2910</nrows><ncols>4361</ncols></imagesize><object><name>m4_s02_015_p_ic073</name><deleted>0</deleted><verified>0</verified><occluded>no</occluded><attributes></attributes><parts><hasparts></hasparts><ispartof></ispartof></parts><date>03-10-20 19:38:36:349</date><id>0</id><type>bounding_box</type><polygon><username>anonymous</username><pt><x>1471</x><y>2524</y><time>03-10-20 19:38:34:447</time></pt><pt><x>2664</x><y>2524</y><time>03-10-20 19:38:35:621</time></pt><pt><x>2664</x><y>792</y><time>undefined</time></pt><pt><x>1471</x><y>792</y><time>undefined</time></pt><closed_date>03-10-20 19:38:35:621</closed_date></polygon></object></annotation>