<annotation><filename>m2_s01_010_p_ic037.jpg</filename><folder>users/joselusava//santiago</folder><source><submittedBy>Jose Saca</submittedBy></source><imagesize><nrows>2850</nrows><ncols>4271</ncols></imagesize><object><name>m2_s01_010_p_ic037</name><deleted>0</deleted><verified>0</verified><occluded>no</occluded><attributes></attributes><parts><hasparts></hasparts><ispartof></ispartof></parts><date>21-09-20 15:42:06:497</date><id>0</id><type>bounding_box</type><polygon><username>anonymous</username><pt><x>1167</x><y>430</y><time>21-09-20 15:41:58:389</time></pt><pt><x>3142</x><y>430</y><time>21-09-20 15:42:00:993</time></pt><pt><x>3142</x><y>2424</y><time>undefined</time></pt><pt><x>1167</x><y>2424</y><time>undefined</time></pt><closed_date>21-09-20 15:42:00:993</closed_date></polygon></object></annotation>