<annotation><filename>m1_s01_001_p_ic027.jpg</filename><folder>users/joselusava//juancarlos</folder><source><submittedBy>Jose Saca</submittedBy></source><imagesize><nrows>2000</nrows><ncols>2992</ncols></imagesize><object><name>m1_s01_001_p_ic027</name><deleted>0</deleted><verified>0</verified><occluded>no</occluded><attributes></attributes><parts><hasparts></hasparts><ispartof></ispartof></parts><date>26-08-20 16:12:05:852</date><id>0</id><type>bounding_box</type><polygon><username>anonymous</username><pt><x>925</x><y>402</y><time>26-08-20 16:11:58:592</time></pt><pt><x>2132</x><y>402</y><time>26-08-20 16:12:00:729</time></pt><pt><x>2132</x><y>1317</y><time>undefined</time></pt><pt><x>925</x><y>1317</y><time>undefined</time></pt><closed_date>26-08-20 16:12:00:731</closed_date></polygon></object></annotation>