<annotation><filename>m1_s06_141_p_nic027.jpg</filename><folder>users/joselusava//jacob_2/141nic</folder><source><submittedBy>Jose Saca</submittedBy></source><imagesize><nrows>2736</nrows><ncols>4100</ncols></imagesize><object><name>m1_s06_141_p_nic027</name><deleted>0</deleted><verified>0</verified><occluded>no</occluded><attributes></attributes><parts><hasparts></hasparts><ispartof></ispartof></parts><date>05-09-20 01:08:09:834</date><id>0</id><type>bounding_box</type><polygon><username>anonymous</username><pt><x>2185</x><y>2551</y><time>05-09-20 01:08:07:742</time></pt><pt><x>3329</x><y>2551</y><time>05-09-20 01:08:08:866</time></pt><pt><x>3329</x><y>1137</y><time>undefined</time></pt><pt><x>2185</x><y>1137</y><time>undefined</time></pt><closed_date>05-09-20 01:08:08:866</closed_date></polygon></object></annotation>