<annotation><filename>m2_s01_010_p_nic017.jpg</filename><folder>users/joselusava//santiago</folder><source><submittedBy>Jose Saca</submittedBy></source><imagesize><nrows>2850</nrows><ncols>4271</ncols></imagesize><object><name>m2_s01_010_p_nic017</name><deleted>0</deleted><verified>0</verified><occluded>no</occluded><attributes></attributes><parts><hasparts></hasparts><ispartof></ispartof></parts><date>22-09-20 20:05:40:472</date><id>0</id><type>bounding_box</type><polygon><username>anonymous</username><pt><x>971</x><y>1635</y><time>22-09-20 20:05:32:677</time></pt><pt><x>1840</x><y>1635</y><time>22-09-20 20:05:33:965</time></pt><pt><x>1840</x><y>2629</y><time>undefined</time></pt><pt><x>971</x><y>2629</y><time>undefined</time></pt><closed_date>22-09-20 20:05:33:966</closed_date></polygon></object></annotation>