<annotation><filename>m2_s01_015_x.jpg</filename><folder>users/joselusava//santiago</folder><source><submittedBy>Jose Saca</submittedBy></source><imagesize><nrows>2850</nrows><ncols>4271</ncols></imagesize><object><name>m2_s01_015_x</name><deleted>0</deleted><verified>0</verified><occluded>no</occluded><attributes></attributes><parts><hasparts></hasparts><ispartof></ispartof></parts><date>21-09-20 13:37:28:863</date><id>0</id><type>bounding_box</type><polygon><username>anonymous</username><pt><x>1080</x><y>817</y><time>21-09-20 13:37:18:934</time></pt><pt><x>3334</x><y>817</y><time>21-09-20 13:37:21:181</time></pt><pt><x>3334</x><y>2379</y><time>undefined</time></pt><pt><x>1080</x><y>2379</y><time>undefined</time></pt><closed_date>21-09-20 13:37:21:183</closed_date></polygon></object></annotation>