<annotation><filename>m2_s01_010_p_ic007.jpg</filename><folder>users/joselusava//santiago</folder><source><submittedBy>Jose Saca</submittedBy></source><imagesize><nrows>2850</nrows><ncols>4271</ncols></imagesize><object><name>m2_s01_010_p_ic007</name><deleted>0</deleted><verified>0</verified><occluded>no</occluded><attributes></attributes><parts><hasparts></hasparts><ispartof></ispartof></parts><date>21-09-20 15:03:46:821</date><id>0</id><type>bounding_box</type><polygon><username>anonymous</username><pt><x>1491</x><y>641</y><time>21-09-20 15:03:35:731</time></pt><pt><x>2921</x><y>641</y><time>21-09-20 15:03:38:503</time></pt><pt><x>2921</x><y>2135</y><time>undefined</time></pt><pt><x>1491</x><y>2135</y><time>undefined</time></pt><closed_date>21-09-20 15:03:38:505</closed_date></polygon></object></annotation>