<annotation><filename>m1_s02_052_p_nic027.jpg</filename><folder>users/joselusava//valeria/sala2_052_nic</folder><source><submittedBy>Jose Saca</submittedBy></source><imagesize><nrows>3200</nrows><ncols>4800</ncols></imagesize><object><name>m1_s02_052_p_nic027</name><deleted>0</deleted><verified>0</verified><occluded>no</occluded><attributes></attributes><parts><hasparts></hasparts><ispartof></ispartof></parts><date>27-08-20 14:57:53:460</date><id>0</id><type>bounding_box</type><polygon><username>anonymous</username><pt><x>4113</x><y>2217</y><time>27-08-20 14:57:45:631</time></pt><pt><x>2475</x><y>2217</y><time>27-08-20 14:57:48:640</time></pt><pt><x>2475</x><y>499</y><time>undefined</time></pt><pt><x>4113</x><y>499</y><time>undefined</time></pt><closed_date>27-08-20 14:57:48:641</closed_date></polygon></object></annotation>