<annotation><filename>m4_s11_176_p_ic008.jpg</filename><folder>users/joselusava//m4_js/176/ic</folder><source><submittedBy>Jose Saca</submittedBy></source><imagesize><nrows>2970</nrows><ncols>4451</ncols></imagesize><object><name>m4_s11_176_p_ic008</name><deleted>0</deleted><verified>0</verified><occluded>no</occluded><attributes></attributes><parts><hasparts></hasparts><ispartof></ispartof></parts><date>14-10-20 16:31:38:967</date><id>0</id><type>bounding_box</type><polygon><username>anonymous</username><pt><x>3012</x><y>2248</y><time>14-10-20 16:31:36:452</time></pt><pt><x>1297</x><y>2248</y><time>14-10-20 16:31:38:092</time></pt><pt><x>1297</x><y>506</y><time>undefined</time></pt><pt><x>3012</x><y>506</y><time>undefined</time></pt><closed_date>14-10-20 16:31:38:092</closed_date></polygon></object></annotation>