<annotation><filename>m2_s02_129_p_nic062.jpg</filename><folder>users/joselusava//m2_jsv/129/nic</folder><source><submittedBy>Jose Saca</submittedBy></source><imagesize><nrows>2910</nrows><ncols>4361</ncols></imagesize><object><name>m2_s02_129_p_nic062</name><deleted>0</deleted><verified>0</verified><occluded>no</occluded><attributes></attributes><parts><hasparts></hasparts><ispartof></ispartof></parts><date>25-09-20 08:07:55:075</date><id>0</id><type>bounding_box</type><polygon><username>anonymous</username><pt><x>3525</x><y>2533</y><time>25-09-20 08:07:53:284</time></pt><pt><x>2664</x><y>2533</y><time>25-09-20 08:07:54:564</time></pt><pt><x>2664</x><y>1593</y><time>undefined</time></pt><pt><x>3525</x><y>1593</y><time>undefined</time></pt><closed_date>25-09-20 08:07:54:565</closed_date></polygon></object></annotation>