<annotation><filename>m4_s10_154_p_nic040.jpg</filename><folder>users/joselusava//valeria/m04_s10_154_nic</folder><source><submittedBy>Jose Saca</submittedBy></source><imagesize><nrows>2970</nrows><ncols>4451</ncols></imagesize><object><name>m4_s10_154_p_nic040</name><deleted>0</deleted><verified>0</verified><occluded>no</occluded><attributes></attributes><parts><hasparts></hasparts><ispartof></ispartof></parts><date>14-10-20 12:58:59:070</date><id>0</id><type>bounding_box</type><polygon><username>anonymous</username><pt><x>2861</x><y>1885</y><time>14-10-20 12:58:53:769</time></pt><pt><x>3890</x><y>1885</y><time>14-10-20 12:58:56:191</time></pt><pt><x>3890</x><y>69</y><time>undefined</time></pt><pt><x>2861</x><y>69</y><time>undefined</time></pt><closed_date>14-10-20 12:58:56:192</closed_date></polygon></object></annotation>