<annotation><filename>m1_s06_141_p_nic037.jpg</filename><folder>users/joselusava//jacob_2/141nic</folder><source><submittedBy>Jose Saca</submittedBy></source><imagesize><nrows>2736</nrows><ncols>4100</ncols></imagesize><object><name>m1_s06_141_p_nic037</name><deleted>0</deleted><verified>0</verified><occluded>no</occluded><attributes></attributes><parts><hasparts></hasparts><ispartof></ispartof></parts><date>05-09-20 01:12:44:454</date><id>0</id><type>bounding_box</type><polygon><username>anonymous</username><pt><x>2875</x><y>1671</y><time>05-09-20 01:12:42:164</time></pt><pt><x>1847</x><y>1671</y><time>05-09-20 01:12:43:799</time></pt><pt><x>1847</x><y>81</y><time>undefined</time></pt><pt><x>2875</x><y>81</y><time>undefined</time></pt><closed_date>05-09-20 01:12:43:800</closed_date></polygon></object></annotation>