<annotation><filename>m2_s05_236_p_nic029.jpg</filename><folder>users/joselusava//museos2020</folder><source><submittedBy>Jose Saca</submittedBy></source><imagesize><nrows>2910</nrows><ncols>4361</ncols></imagesize><object><name>m2_s05_236_p_nic029</name><deleted>0</deleted><verified>0</verified><occluded>no</occluded><attributes></attributes><parts><hasparts></hasparts><ispartof></ispartof></parts><date>17-09-20 07:04:38:300</date><id>0</id><type>bounding_box</type><polygon><username>anonymous</username><pt><x>1641</x><y>335</y><time>17-09-20 07:04:29:356</time></pt><pt><x>4267</x><y>335</y><time>17-09-20 07:04:31:814</time></pt><pt><x>4267</x><y>2245</y><time>undefined</time></pt><pt><x>1641</x><y>2245</y><time>undefined</time></pt><closed_date>17-09-20 07:04:31:815</closed_date></polygon></object></annotation>