<annotation><filename>m1_s02_029_p_ic003.jpg</filename><folder>users/joselusava///valeria/sala2_029_ic</folder><source><sourceImage>The MIT-CSAIL database of objects and scenes</sourceImage><sourceAnnotation>LabelMe Webtool</sourceAnnotation></source><object><name>m1_s02_052_p_ic003</name><deleted>0</deleted><verified>0</verified><occluded>no</occluded><attributes></attributes><parts><hasparts></hasparts><ispartof></ispartof></parts><date>22-08-20 16:45:56:679</date><id>0</id><type>bounding_box</type><polygon><username>anonymous</username><pt><x>480</x><y>157</y><time>22-08-20 16:45:26:663</time></pt><pt><x>2446</x><y>157</y><time>22-08-20 16:45:39:388</time></pt><pt><x>2446</x><y>1994</y><time>undefined</time></pt><pt><x>480</x><y>1994</y><time>undefined</time></pt><closed_date>22-08-20 16:45:39:389</closed_date></polygon></object><imagesize><nrows></nrows><ncols></ncols></imagesize></annotation>