<annotation><filename>m2_s01_034_p_nic053.jpg</filename><folder>users/joselusava//kath</folder><source><submittedBy>Jose Saca</submittedBy></source><imagesize><nrows>2850</nrows><ncols>4271</ncols></imagesize><object><name>m2_s01_034_p_nic053</name><deleted>0</deleted><verified>0</verified><occluded>no</occluded><attributes></attributes><parts><hasparts></hasparts><ispartof></ispartof></parts><date>25-09-20 20:10:41:523</date><id>0</id><type>bounding_box</type><polygon><username>anonymous</username><pt><x>2678</x><y>666</y><time>25-09-20 20:10:35:293</time></pt><pt><x>3681</x><y>666</y><time>25-09-20 20:10:38:736</time></pt><pt><x>3681</x><y>2127</y><time>undefined</time></pt><pt><x>2678</x><y>2127</y><time>undefined</time></pt><closed_date>25-09-20 20:10:38:736</closed_date></polygon></object></annotation>