<annotation><filename>m2_s03_219_p.jpg</filename><folder>users/joselusava//valeria/m2_sala03_219_ic</folder><source><submittedBy>Jose Saca</submittedBy></source><imagesize><nrows>2910</nrows><ncols>4361</ncols></imagesize><object><name>m2_s03_219_p</name><deleted>0</deleted><verified>0</verified><occluded>no</occluded><attributes></attributes><parts><hasparts></hasparts><ispartof></ispartof></parts><date>28-09-20 23:27:43:638</date><id>0</id><type>bounding_box</type><polygon><username>anonymous</username><pt><x>3676</x><y>2772</y><time>28-09-20 23:27:34:212</time></pt><pt><x>722</x><y>2772</y><time>28-09-20 23:27:38:367</time></pt><pt><x>722</x><y>88</y><time>undefined</time></pt><pt><x>3676</x><y>88</y><time>undefined</time></pt><closed_date>28-09-20 23:27:38:369</closed_date></polygon></object></annotation>