<annotation><filename>img_m1_s03-04_101_p_ic053.jpg</filename><folder>users/joselusava//valeria/sala3y4_101_ic</folder><source><submittedBy>Jose Saca</submittedBy></source><imagesize><nrows>3200</nrows><ncols>4800</ncols></imagesize><object><name>m1_s03_s04_101_p_ic053</name><deleted>0</deleted><verified>0</verified><occluded>no</occluded><attributes></attributes><parts><hasparts></hasparts><ispartof></ispartof></parts><date>29-08-20 00:26:34:013</date><id>0</id><type>bounding_box</type><polygon><username>anonymous</username><pt><x>4789</x><y>3168</y><time>29-08-20 00:26:26:161</time></pt><pt><x>456</x><y>3168</y><time>29-08-20 00:26:29:259</time></pt><pt><x>456</x><y>682</y><time>undefined</time></pt><pt><x>4789</x><y>682</y><time>undefined</time></pt><closed_date>29-08-20 00:26:29:260</closed_date></polygon></object></annotation>