<annotation><filename>m2_s01_054_p_ic010.jpg</filename><folder>users/joselusava//kath</folder><source><submittedBy>Jose Saca</submittedBy></source><imagesize><nrows>2850</nrows><ncols>4271</ncols></imagesize><object><name>m2_s01_054_p_ic010</name><deleted>0</deleted><verified>0</verified><occluded>no</occluded><attributes></attributes><parts><hasparts></hasparts><ispartof></ispartof></parts><date>29-09-20 21:32:07:201</date><id>0</id><type>bounding_box</type><polygon><username>anonymous</username><pt><x>1088</x><y>631</y><time>29-09-20 21:32:00:503</time></pt><pt><x>2908</x><y>631</y><time>29-09-20 21:32:03:557</time></pt><pt><x>2908</x><y>2719</y><time>undefined</time></pt><pt><x>1088</x><y>2719</y><time>undefined</time></pt><closed_date>29-09-20 21:32:03:557</closed_date></polygon></object></annotation>