<annotation><filename>m1_s06_168_p_nic016.jpg</filename><folder>users/joselusava//jacob_2/168nic</folder><source><submittedBy>Jose Saca</submittedBy></source><imagesize><nrows>2736</nrows><ncols>4100</ncols></imagesize><object><name>m1_s06_168_p_nic016</name><deleted>0</deleted><verified>0</verified><occluded>no</occluded><attributes></attributes><parts><hasparts></hasparts><ispartof></ispartof></parts><date>08-09-20 23:04:04:534</date><id>0</id><type>bounding_box</type><polygon><username>anonymous</username><pt><x>532</x><y>2594</y><time>08-09-20 23:04:02:770</time></pt><pt><x>1817</x><y>2594</y><time>08-09-20 23:04:03:972</time></pt><pt><x>1817</x><y>1088</y><time>undefined</time></pt><pt><x>532</x><y>1088</y><time>undefined</time></pt><closed_date>08-09-20 23:04:03:972</closed_date></polygon></object></annotation>