<annotation><filename>m2_s03_201_p_ic040.jpg</filename><folder>users/joselusava//eg</folder><source><submittedBy>Jose Saca</submittedBy></source><imagesize><nrows>3000</nrows><ncols>4496</ncols></imagesize><object><name>m2_s03_201_p_ic040</name><deleted>0</deleted><verified>0</verified><occluded>no</occluded><attributes></attributes><parts><hasparts></hasparts><ispartof></ispartof></parts><date>17-09-20 06:59:10:023</date><id>0</id><type>bounding_box</type><polygon><username>anonymous</username><pt><x>983</x><y>148</y><time>17-09-20 06:58:49:381</time></pt><pt><x>3133</x><y>148</y><time>17-09-20 06:58:51:986</time></pt><pt><x>3133</x><y>2712</y><time>undefined</time></pt><pt><x>983</x><y>2712</y><time>undefined</time></pt><closed_date>17-09-20 06:58:51:987</closed_date></polygon></object></annotation>