<annotation><filename>m2_s03_248_p_nic044.jpg</filename><folder>users/joselusava//museos2020</folder><source><submittedBy>Jose Saca</submittedBy></source><imagesize><nrows>2910</nrows><ncols>4361</ncols></imagesize><object><name>m2_s03_248_p_nic044</name><deleted>0</deleted><verified>0</verified><occluded>no</occluded><attributes></attributes><parts><hasparts></hasparts><ispartof></ispartof></parts><date>27-09-20 17:12:04:436</date><id>0</id><polygon><username>anonymous</username><pt><x>865</x><y>414</y><time>27-09-20 17:11:56:274</time></pt><pt><x>2952</x><y>339</y><time>27-09-20 17:11:57:210</time></pt><pt><x>2375</x><y>1069</y><time>27-09-20 17:11:58:111</time></pt><pt><x>688</x><y>679</y><time>27-09-20 17:11:59:189</time></pt><closed_date>27-09-20 17:11:59:917</closed_date></polygon></object></annotation>