<annotation><filename>m4_s12_185_p_nic076.jpg</filename><folder>users/joselusava//valeria/m04_s12_185_nic</folder><source><submittedBy>Jose Saca</submittedBy></source><imagesize><nrows>2910</nrows><ncols>4361</ncols></imagesize><object><name>m4_s12_185_p_nic076</name><deleted>0</deleted><verified>0</verified><occluded>no</occluded><attributes></attributes><parts><hasparts></hasparts><ispartof></ispartof></parts><date>17-10-20 23:46:21:027</date><id>0</id><type>bounding_box</type><polygon><username>anonymous</username><pt><x>4158</x><y>2451</y><time>17-10-20 23:46:14:379</time></pt><pt><x>1472</x><y>2451</y><time>17-10-20 23:46:17:714</time></pt><pt><x>1472</x><y>162</y><time>undefined</time></pt><pt><x>4158</x><y>162</y><time>undefined</time></pt><closed_date>17-10-20 23:46:17:715</closed_date></polygon></object></annotation>