<annotation><filename>m4_s02_015_p_nic057.jpg</filename><folder>users/joselusava//m4_js/15nic</folder><source><submittedBy>Jose Saca</submittedBy></source><imagesize><nrows>2910</nrows><ncols>4361</ncols></imagesize><object><name>m4_s02_015_p_nic053</name><deleted>0</deleted><verified>0</verified><occluded>no</occluded><attributes></attributes><parts><hasparts></hasparts><ispartof></ispartof></parts><date>06-10-20 20:04:13:625</date><id>0</id><type>bounding_box</type><polygon><username>anonymous</username><pt><x>888</x><y>1280</y><time>06-10-20 20:04:11:630</time></pt><pt><x>2281</x><y>1280</y><time>06-10-20 20:04:13:010</time></pt><pt><x>2281</x><y>2725</y><time>undefined</time></pt><pt><x>888</x><y>2725</y><time>undefined</time></pt><closed_date>06-10-20 20:04:13:011</closed_date></polygon></object></annotation>