<annotation><filename>m1_s06_168_p_ic066.jpg</filename><folder>users/joselusava//jacob_2/168ic</folder><source><submittedBy>Jose Saca</submittedBy></source><imagesize><nrows>2736</nrows><ncols>4100</ncols></imagesize><object><name>m1_s06_168_p_ic066</name><deleted>0</deleted><verified>0</verified><occluded>no</occluded><attributes></attributes><parts><hasparts></hasparts><ispartof></ispartof></parts><date>08-09-20 20:16:41:802</date><id>0</id><type>bounding_box</type><polygon><username>anonymous</username><pt><x>2578</x><y>2529</y><time>08-09-20 20:16:39:087</time></pt><pt><x>1432</x><y>2529</y><time>08-09-20 20:16:41:009</time></pt><pt><x>1432</x><y>311</y><time>undefined</time></pt><pt><x>2578</x><y>311</y><time>undefined</time></pt><closed_date>08-09-20 20:16:41:009</closed_date></polygon></object></annotation>