<annotation><filename>m1_s02_052_p_ic028.jpg</filename><folder>users/joselusava//valeria/sala2_052_ic</folder><source><submittedBy>Jose Saca</submittedBy></source><imagesize><nrows>3200</nrows><ncols>4800</ncols></imagesize><object><name>m1_s02_052_p_ic028</name><deleted>0</deleted><verified>0</verified><occluded>no</occluded><attributes></attributes><parts><hasparts></hasparts><ispartof></ispartof></parts><date>25-08-20 17:35:43:916</date><id>0</id><type>bounding_box</type><polygon><username>anonymous</username><pt><x>467</x><y>86</y><time>25-08-20 17:35:28:971</time></pt><pt><x>4623</x><y>86</y><time>25-08-20 17:35:32:647</time></pt><pt><x>4623</x><y>3189</y><time>undefined</time></pt><pt><x>467</x><y>3189</y><time>undefined</time></pt><closed_date>25-08-20 17:35:32:648</closed_date></polygon></object></annotation>