<annotation><filename>m2_s02_085_p_nic078.jpg</filename><folder>users/joselusava//m2_jsv/85/nic</folder><source><submittedBy>Jose Saca</submittedBy></source><imagesize><nrows>2910</nrows><ncols>4361</ncols></imagesize><object><name>m2_s02_085_p_nic078</name><deleted>0</deleted><verified>0</verified><occluded>no</occluded><attributes></attributes><parts><hasparts></hasparts><ispartof></ispartof></parts><date>19-09-20 22:55:12:828</date><id>0</id><type>bounding_box</type><polygon><username>anonymous</username><pt><x>2951</x><y>1663</y><time>19-09-20 22:55:11:217</time></pt><pt><x>3708</x><y>1663</y><time>19-09-20 22:55:12:123</time></pt><pt><x>3708</x><y>2420</y><time>undefined</time></pt><pt><x>2951</x><y>2420</y><time>undefined</time></pt><closed_date>19-09-20 22:55:12:124</closed_date></polygon></object></annotation>