<annotation><filename>m1_s02_052_p_ic100.jpg</filename><folder>users/joselusava//valeria/sala2_052_ic</folder><source><submittedBy>Jose Saca</submittedBy></source><imagesize><nrows>3200</nrows><ncols>4800</ncols></imagesize><object><name>m1_s02_052_p_ic100</name><deleted>0</deleted><verified>0</verified><occluded>no</occluded><attributes></attributes><parts><hasparts></hasparts><ispartof></ispartof></parts><date>25-08-20 20:36:27:250</date><id>0</id><type>bounding_box</type><polygon><username>anonymous</username><pt><x>252</x><y>397</y><time>25-08-20 20:36:10:647</time></pt><pt><x>4714</x><y>397</y><time>25-08-20 20:36:14:881</time></pt><pt><x>4714</x><y>3125</y><time>undefined</time></pt><pt><x>252</x><y>3125</y><time>undefined</time></pt><closed_date>25-08-20 20:36:14:882</closed_date></polygon></object></annotation>