<annotation><filename>m1_s01_004_p_nic024.jpg</filename><folder>users/joselusava//valeria_apoyo/sala01_004_nic</folder><source><submittedBy>Jose Saca</submittedBy></source><imagesize><nrows>3200</nrows><ncols>4800</ncols></imagesize><object><name>m1_s01_004_p_nic024</name><deleted>0</deleted><verified>0</verified><occluded>no</occluded><attributes></attributes><parts><hasparts></hasparts><ispartof></ispartof></parts><date>16-09-20 19:58:06:785</date><id>0</id><type>bounding_box</type><polygon><username>anonymous</username><pt><x>4776</x><y>2958</y><time>16-09-20 19:57:59:691</time></pt><pt><x>12</x><y>2958</y><time>16-09-20 19:58:03:183</time></pt><pt><x>12</x><y>1630</y><time>undefined</time></pt><pt><x>4776</x><y>1630</y><time>undefined</time></pt><closed_date>16-09-20 19:58:03:184</closed_date></polygon></object></annotation>