<annotation><filename>m1_s06_186_p_nic088.jpg</filename><folder>users/joselusava//jacob_2/186nic</folder><source><submittedBy>Jose Saca</submittedBy></source><imagesize><nrows>2736</nrows><ncols>4100</ncols></imagesize><object><name>_x_2922_/x_ _y_671_/y_</name><deleted>1</deleted><verified>0</verified><occluded>no</occluded><attributes></attributes><parts><hasparts></hasparts><ispartof></ispartof></parts><date>09-09-20 23:33:46:287</date><id>0</id><type>bounding_box</type><polygon><username>anonymous</username><pt><x>3110</x><y>2480</y><time>09-09-20 23:33:43:867</time></pt><pt><x>2111</x><y>2480</y><time>09-09-20 23:33:45:639</time></pt><pt><x>2111</x><y>712</y><time>undefined</time></pt><pt><x>3110</x><y>712</y><time>undefined</time></pt><closed_date>09-09-20 23:33:45:639</closed_date></polygon></object><object><name>m1_s06_186_p_nic088</name><deleted>0</deleted><verified>0</verified><occluded>no</occluded><attributes></attributes><parts><hasparts></hasparts><ispartof></ispartof></parts><date>09-09-20 23:33:56:175</date><id>1</id><type>bounding_box</type><polygon><username>anonymous</username><pt><x>3110</x><y>2447</y><time>09-09-20 23:33:53:683</time></pt><pt><x>2095</x><y>2447</y><time>09-09-20 23:33:55:327</time></pt><pt><x>2095</x><y>712</y><time>undefined</time></pt><pt><x>3110</x><y>712</y><time>undefined</time></pt><closed_date>09-09-20 23:33:55:327</closed_date></polygon></object></annotation>