<annotation><filename>m2_s03_201_p_nic015.jpg</filename><folder>users/joselusava//valeria/m2_sala03_201_nic</folder><source><submittedBy>Jose Saca</submittedBy></source><imagesize><nrows>2910</nrows><ncols>4361</ncols></imagesize><object><name>m2_s03_201_p_nic015</name><deleted>0</deleted><verified>0</verified><occluded>no</occluded><attributes></attributes><parts><hasparts></hasparts><ispartof></ispartof></parts><date>29-09-20 22:51:05:396</date><id>0</id><type>bounding_box</type><polygon><username>anonymous</username><pt><x>2364</x><y>2860</y><time>29-09-20 22:50:59:114</time></pt><pt><x>739</x><y>2860</y><time>29-09-20 22:51:01:699</time></pt><pt><x>739</x><y>1168</y><time>undefined</time></pt><pt><x>2364</x><y>1168</y><time>undefined</time></pt><closed_date>29-09-20 22:51:01:701</closed_date></polygon></object></annotation>