<annotation><filename>m1_s01_021_p_ic048.jpg</filename><folder>users/joselusava//santiago</folder><source><submittedBy>Jose Saca</submittedBy></source><imagesize><nrows>3200</nrows><ncols>4800</ncols></imagesize><object><name>m1_s01_021_p_ic048</name><deleted>0</deleted><verified>0</verified><occluded>no</occluded><attributes></attributes><parts><hasparts></hasparts><ispartof></ispartof></parts><date>14-09-20 23:19:00:063</date><id>0</id><type>bounding_box</type><polygon><username>anonymous</username><pt><x>1850</x><y>972</y><time>14-09-20 23:18:51:572</time></pt><pt><x>3034</x><y>972</y><time>14-09-20 23:18:53:840</time></pt><pt><x>3034</x><y>2433</y><time>undefined</time></pt><pt><x>1850</x><y>2433</y><time>undefined</time></pt><closed_date>14-09-20 23:18:53:842</closed_date></polygon></object></annotation>