<annotation><filename>m4_s04_047_p_ic081.jpg</filename><folder>users/joselusava//kath/kath_m4_047</folder><source><submittedBy>Jose Saca</submittedBy></source><imagesize><nrows>2970</nrows><ncols>4451</ncols></imagesize><object><name>m4_s04_047_p_ic081</name><deleted>0</deleted><verified>0</verified><occluded>no</occluded><attributes></attributes><parts><hasparts></hasparts><ispartof></ispartof></parts><date>24-10-20 16:50:16:042</date><id>0</id><type>bounding_box</type><polygon><username>anonymous</username><pt><x>1685</x><y>342</y><time>24-10-20 16:49:08:607</time></pt><pt><x>2807</x><y>342</y><time>24-10-20 16:49:11:820</time></pt><pt><x>2807</x><y>2851</y><time>undefined</time></pt><pt><x>1685</x><y>2851</y><time>undefined</time></pt><closed_date>24-10-20 16:49:11:822</closed_date></polygon></object></annotation>