<annotation><filename>m2_s01_001_p_nic023.jpg</filename><folder>users/joselusava//santiago</folder><source><submittedBy>Jose Saca</submittedBy></source><imagesize><nrows>2850</nrows><ncols>4271</ncols></imagesize><object><name>m2_s01_001_p_nic023</name><deleted>0</deleted><verified>0</verified><occluded>no</occluded><attributes></attributes><parts><hasparts></hasparts><ispartof></ispartof></parts><date>19-09-20 22:09:42:692</date><id>0</id><type>bounding_box</type><polygon><username>anonymous</username><pt><x>805</x><y>176</y><time>19-09-20 22:09:15:552</time></pt><pt><x>2247</x><y>176</y><time>19-09-20 22:09:18:257</time></pt><pt><x>2247</x><y>1673</y><time>undefined</time></pt><pt><x>805</x><y>1673</y><time>undefined</time></pt><closed_date>19-09-20 22:09:18:257</closed_date></polygon></object></annotation>