<annotation><filename>m4_s11_178_p_nic050.jpg</filename><folder>users/joselusava//santiago_2</folder><source><submittedBy>Jose Saca</submittedBy></source><imagesize><nrows>2970</nrows><ncols>4451</ncols></imagesize><object><name>m4_s11_178_p_nic050</name><deleted>0</deleted><verified>0</verified><occluded>no</occluded><attributes></attributes><parts><hasparts></hasparts><ispartof></ispartof></parts><date>16-10-20 09:32:07:149</date><id>0</id><type>bounding_box</type><polygon><username>anonymous</username><pt><x>507</x><y>842</y><time>16-10-20 09:32:01:684</time></pt><pt><x>1703</x><y>842</y><time>16-10-20 09:32:03:404</time></pt><pt><x>1703</x><y>2049</y><time>undefined</time></pt><pt><x>507</x><y>2049</y><time>undefined</time></pt><closed_date>16-10-20 09:32:03:406</closed_date></polygon></object></annotation>