<annotation><filename>m2_s06_250_p_nic002.jpg</filename><folder>users/joselusava//m2_jsv/250</folder><source><submittedBy>Jose Saca</submittedBy></source><imagesize><nrows>2910</nrows><ncols>4361</ncols></imagesize><object><name>m2_s06_250_p_nic002</name><deleted>0</deleted><verified>0</verified><occluded>no</occluded><attributes></attributes><parts><hasparts></hasparts><ispartof></ispartof></parts><date>30-09-20 11:21:58:844</date><id>0</id><type>bounding_box</type><polygon><username>anonymous</username><pt><x>4082</x><y>2359</y><time>30-09-20 11:21:56:448</time></pt><pt><x>174</x><y>2359</y><time>30-09-20 11:21:58:008</time></pt><pt><x>174</x><y>1001</y><time>undefined</time></pt><pt><x>4082</x><y>1001</y><time>undefined</time></pt><closed_date>30-09-20 11:21:58:008</closed_date></polygon></object></annotation>