<annotation><filename>img_m1_s03-04_108_p_ic077.jpg</filename><folder>users/joselusava//valeria/sala3y4_108_ic</folder><source><submittedBy>Jose Saca</submittedBy></source><imagesize><nrows>3200</nrows><ncols>4800</ncols></imagesize><object><name>m1_s03_s04_108_p_ic077</name><deleted>0</deleted><verified>0</verified><occluded>no</occluded><attributes></attributes><parts><hasparts></hasparts><ispartof></ispartof></parts><date>31-08-20 00:32:12:875</date><id>0</id><type>bounding_box</type><polygon><username>anonymous</username><pt><x>4788</x><y>2842</y><time>31-08-20 00:32:06:719</time></pt><pt><x>345</x><y>2842</y><time>31-08-20 00:32:09:389</time></pt><pt><x>345</x><y>727</y><time>undefined</time></pt><pt><x>4788</x><y>727</y><time>undefined</time></pt><closed_date>31-08-20 00:32:09:390</closed_date></polygon></object></annotation>