<annotation><filename>m2_s03_252_p_ic094.jpg</filename><folder>users/joselusava//valeria/m2_sala03_252_ic</folder><source><submittedBy>Jose Saca</submittedBy></source><imagesize><nrows>2910</nrows><ncols>4361</ncols></imagesize><object><name>m2_s06_252_p_ic094</name><deleted>0</deleted><verified>0</verified><occluded>no</occluded><attributes></attributes><parts><hasparts></hasparts><ispartof></ispartof></parts><date>27-09-20 13:42:06:339</date><id>0</id><type>bounding_box</type><polygon><username>anonymous</username><pt><x>843</x><y>468</y><time>27-09-20 13:42:00:719</time></pt><pt><x>3830</x><y>468</y><time>27-09-20 13:42:03:006</time></pt><pt><x>3830</x><y>2519</y><time>undefined</time></pt><pt><x>843</x><y>2519</y><time>undefined</time></pt><closed_date>27-09-20 13:42:03:007</closed_date></polygon></object></annotation>