<annotation><filename>m4_s10_164_p_ic036.jpg</filename><folder>users/joselusava//santiago_2</folder><source><submittedBy>Jose Saca</submittedBy></source><imagesize><nrows>2970</nrows><ncols>4451</ncols></imagesize><object><name>m4_s10_164_p_ic036</name><deleted>0</deleted><verified>0</verified><occluded>no</occluded><attributes></attributes><parts><hasparts></hasparts><ispartof></ispartof></parts><date>13-10-20 22:28:02:971</date><id>0</id><type>bounding_box</type><polygon><username>anonymous</username><pt><x>1995</x><y>1003</y><time>13-10-20 22:27:59:365</time></pt><pt><x>2559</x><y>1003</y><time>13-10-20 22:28:00:744</time></pt><pt><x>2559</x><y>1838</y><time>undefined</time></pt><pt><x>1995</x><y>1838</y><time>undefined</time></pt><closed_date>13-10-20 22:28:00:744</closed_date></polygon></object></annotation>