<annotation><filename>img_m1_s10_303_p_nic029.jpg</filename><folder>users/joselusava//santiago</folder><source><submittedBy>Jose Saca</submittedBy></source><imagesize><nrows>3200</nrows><ncols>4800</ncols></imagesize><object><name>m1_s10_303_p_nic029</name><deleted>0</deleted><verified>0</verified><occluded>no</occluded><attributes></attributes><parts><hasparts></hasparts><ispartof></ispartof></parts><date>01-09-20 20:21:27:896</date><id>0</id><type>bounding_box</type><polygon><username>anonymous</username><pt><x>2351</x><y>432</y><time>01-09-20 20:21:20:152</time></pt><pt><x>3585</x><y>432</y><time>01-09-20 20:21:21:650</time></pt><pt><x>3585</x><y>1447</y><time>undefined</time></pt><pt><x>2351</x><y>1447</y><time>undefined</time></pt><closed_date>01-09-20 20:21:21:651</closed_date></polygon></object></annotation>