<annotation><filename>m4_s11_178_p_ic050.jpg</filename><folder>users/joselusava//santiago_2</folder><source><submittedBy>Jose Saca</submittedBy></source><imagesize><nrows>2970</nrows><ncols>4451</ncols></imagesize><object><name>m4_s11_178_p_ic050</name><deleted>0</deleted><verified>0</verified><occluded>no</occluded><attributes></attributes><parts><hasparts></hasparts><ispartof></ispartof></parts><date>15-10-20 21:48:25:642</date><id>0</id><type>bounding_box</type><polygon><username>anonymous</username><pt><x>1556</x><y>800</y><time>15-10-20 21:48:22:142</time></pt><pt><x>2899</x><y>800</y><time>15-10-20 21:48:23:597</time></pt><pt><x>2899</x><y>2327</y><time>undefined</time></pt><pt><x>1556</x><y>2327</y><time>undefined</time></pt><closed_date>15-10-20 21:48:23:598</closed_date></polygon></object></annotation>