<annotation><filename>m4_s02_021_p_nic031.jpg</filename><folder>users/joselusava//santiago_2</folder><source><submittedBy>Jose Saca</submittedBy></source><imagesize><nrows>2910</nrows><ncols>4361</ncols></imagesize><object><name>m4_s02_021_p_nic031</name><deleted>0</deleted><verified>0</verified><occluded>no</occluded><attributes></attributes><parts><hasparts></hasparts><ispartof></ispartof></parts><date>04-10-20 22:20:36:761</date><id>0</id><type>bounding_box</type><polygon><username>anonymous</username><pt><x>2311</x><y>863</y><time>04-10-20 22:20:33:151</time></pt><pt><x>3416</x><y>863</y><time>04-10-20 22:20:34:293</time></pt><pt><x>3416</x><y>2629</y><time>undefined</time></pt><pt><x>2311</x><y>2629</y><time>undefined</time></pt><closed_date>04-10-20 22:20:34:293</closed_date></polygon></object></annotation>