<annotation><filename>m2_s01_010_p_nic077.jpg</filename><folder>users/joselusava//santiago</folder><source><submittedBy>Jose Saca</submittedBy></source><imagesize><nrows>2850</nrows><ncols>4271</ncols></imagesize><object><name>m2_s01_010_p_nic077</name><deleted>0</deleted><verified>0</verified><occluded>no</occluded><attributes></attributes><parts><hasparts></hasparts><ispartof></ispartof></parts><date>22-09-20 21:32:02:580</date><id>0</id><type>bounding_box</type><polygon><username>anonymous</username><pt><x>1911</x><y>385</y><time>22-09-20 21:31:58:896</time></pt><pt><x>2523</x><y>385</y><time>22-09-20 21:31:59:761</time></pt><pt><x>2523</x><y>1112</y><time>undefined</time></pt><pt><x>1911</x><y>1112</y><time>undefined</time></pt><closed_date>22-09-20 21:31:59:762</closed_date></polygon></object></annotation>