<annotation><filename>m2_s01_058_p_ic038.jpg</filename><folder>users/joselusava//m2_jsv/58/ic</folder><source><submittedBy>Jose Saca</submittedBy></source><imagesize><nrows>2850</nrows><ncols>4271</ncols></imagesize><object><name>m2_s01_058_p_ic038</name><deleted>0</deleted><verified>0</verified><occluded>no</occluded><attributes></attributes><parts><hasparts></hasparts><ispartof></ispartof></parts><date>29-09-20 13:13:49:435</date><id>0</id><type>bounding_box</type><polygon><username>anonymous</username><pt><x>543</x><y>382</y><time>29-09-20 13:13:47:348</time></pt><pt><x>3846</x><y>382</y><time>29-09-20 13:13:48:783</time></pt><pt><x>3846</x><y>2411</y><time>undefined</time></pt><pt><x>543</x><y>2411</y><time>undefined</time></pt><closed_date>29-09-20 13:13:48:783</closed_date></polygon></object></annotation>