<annotation><filename>m4_s02_021_p_ic078.jpg</filename><folder>users/joselusava//santiago_2</folder><source><submittedBy>Jose Saca</submittedBy></source><imagesize><nrows>2910</nrows><ncols>4361</ncols></imagesize><object><name>m4_s02_021_p_ic078</name><deleted>0</deleted><verified>0</verified><occluded>no</occluded><attributes></attributes><parts><hasparts></hasparts><ispartof></ispartof></parts><date>04-10-20 19:30:00:975</date><id>0</id><type>bounding_box</type><polygon><username>anonymous</username><pt><x>1261</x><y>156</y><time>04-10-20 19:29:50:805</time></pt><pt><x>2709</x><y>156</y><time>04-10-20 19:29:52:037</time></pt><pt><x>2709</x><y>2498</y><time>undefined</time></pt><pt><x>1261</x><y>2498</y><time>undefined</time></pt><closed_date>04-10-20 19:29:52:037</closed_date></polygon></object></annotation>