<annotation><filename>m1_s01_004_p_ic028.jpg</filename><folder>users/joselusava//valeria_apoyo/sala001_004ic_ok</folder><source><submittedBy>Jose Saca</submittedBy></source><imagesize><nrows>2000</nrows><ncols>2992</ncols></imagesize><object><name>m1_s01_004_p_ic028</name><deleted>0</deleted><verified>0</verified><occluded>no</occluded><attributes></attributes><parts><hasparts></hasparts><ispartof></ispartof></parts><date>15-09-20 22:51:59:213</date><id>0</id><type>bounding_box</type><polygon><username>anonymous</username><pt><x>2390</x><y>473</y><time>15-09-20 22:51:52:881</time></pt><pt><x>265</x><y>473</y><time>15-09-20 22:51:55:737</time></pt><pt><x>265</x><y>1739</y><time>undefined</time></pt><pt><x>2390</x><y>1739</y><time>undefined</time></pt><closed_date>15-09-20 22:51:55:739</closed_date></polygon></object></annotation>