<annotation><filename>m2_s03_219_p_ic037.jpg</filename><folder>users/joselusava//valeria/m2_sala03_219_ic</folder><source><submittedBy>Jose Saca</submittedBy></source><imagesize><nrows>2910</nrows><ncols>4361</ncols></imagesize><object><name>m2_s03_219_p_ic037</name><deleted>0</deleted><verified>0</verified><occluded>no</occluded><attributes></attributes><parts><hasparts></hasparts><ispartof></ispartof></parts><date>29-09-20 00:16:07:728</date><id>0</id><type>bounding_box</type><polygon><username>anonymous</username><pt><x>3439</x><y>110</y><time>29-09-20 00:16:02:346</time></pt><pt><x>1009</x><y>110</y><time>29-09-20 00:16:04:136</time></pt><pt><x>1009</x><y>2541</y><time>undefined</time></pt><pt><x>3439</x><y>2541</y><time>undefined</time></pt><closed_date>29-09-20 00:16:04:136</closed_date></polygon></object></annotation>