<annotation><filename>m2_s01_056_p_ic021.jpg</filename><folder>users/joselusava//m2_jsv/56/ic</folder><source><submittedBy>Jose Saca</submittedBy></source><imagesize><nrows>2850</nrows><ncols>4271</ncols></imagesize><object><name>m2_s01_056_p_ic021</name><deleted>0</deleted><verified>0</verified><occluded>no</occluded><attributes></attributes><parts><hasparts></hasparts><ispartof></ispartof></parts><date>28-09-20 21:31:59:045</date><id>0</id><type>bounding_box</type><polygon><username>anonymous</username><pt><x>3040</x><y>2802</y><time>28-09-20 21:31:56:476</time></pt><pt><x>1257</x><y>2802</y><time>28-09-20 21:31:58:291</time></pt><pt><x>1257</x><y>136</y><time>undefined</time></pt><pt><x>3040</x><y>136</y><time>undefined</time></pt><closed_date>28-09-20 21:31:58:291</closed_date></polygon></object></annotation>