<annotation><filename>m1_s06_186_p_nic011.jpg</filename><folder>users/joselusava//jacob_2/186nic</folder><source><submittedBy>Jose Saca</submittedBy></source><imagesize><nrows>2736</nrows><ncols>4100</ncols></imagesize><object><name>m1_s06_186_p_nic011</name><deleted>0</deleted><verified>0</verified><occluded>no</occluded><attributes></attributes><parts><hasparts></hasparts><ispartof></ispartof></parts><date>09-09-20 23:02:52:841</date><id>0</id><type>bounding_box</type><polygon><username>anonymous</username><pt><x>1228</x><y>1776</y><time>09-09-20 23:02:50:858</time></pt><pt><x>2668</x><y>1776</y><time>09-09-20 23:02:52:227</time></pt><pt><x>2668</x><y>164</y><time>undefined</time></pt><pt><x>1228</x><y>164</y><time>undefined</time></pt><closed_date>09-09-20 23:02:52:227</closed_date></polygon></object></annotation>