<annotation><filename>m1_s01_005_p_nic042.jpg</filename><folder>users/joselusava//museos2020</folder><source><submittedBy>Jose Saca</submittedBy></source><imagesize><nrows>2000</nrows><ncols>2992</ncols></imagesize><object><name>m1_s01_005_p_nic042</name><deleted>0</deleted><verified>0</verified><occluded>no</occluded><attributes></attributes><parts><hasparts></hasparts><ispartof></ispartof></parts><date>14-09-20 11:07:09:913</date><id>0</id><type>bounding_box</type><polygon><username>anonymous</username><pt><x>1399</x><y>358</y><time>14-09-20 11:07:00:927</time></pt><pt><x>1741</x><y>358</y><time>14-09-20 11:07:02:734</time></pt><pt><x>1741</x><y>712</y><time>undefined</time></pt><pt><x>1399</x><y>712</y><time>undefined</time></pt><closed_date>14-09-20 11:07:02:736</closed_date></polygon></object></annotation>