<annotation><filename>m2_s06_250_p_ic084.jpg</filename><folder>users/joselusava//valeria/m2_sala06_250_ic</folder><source><submittedBy>Jose Saca</submittedBy></source><imagesize><nrows>2910</nrows><ncols>4361</ncols></imagesize><object><name>m2_s06_250_p_ic083</name><deleted>0</deleted><verified>0</verified><occluded>no</occluded><attributes></attributes><parts><hasparts></hasparts><ispartof></ispartof></parts><date>01-10-20 00:18:12:898</date><id>0</id><type>bounding_box</type><polygon><username>anonymous</username><pt><x>281</x><y>1703</y><time>01-10-20 00:18:07:026</time></pt><pt><x>4161</x><y>1703</y><time>01-10-20 00:18:09:025</time></pt><pt><x>4161</x><y>838</y><time>undefined</time></pt><pt><x>281</x><y>838</y><time>undefined</time></pt><closed_date>01-10-20 00:18:09:026</closed_date></polygon></object></annotation>