<annotation><filename>m4_s02_015_p_ic040.jpg</filename><folder>users/joselusava//m4_js/15ic</folder><source><submittedBy>Jose Saca</submittedBy></source><imagesize><nrows>2910</nrows><ncols>4361</ncols></imagesize><object><name>m4_s02_015_p_ic040</name><deleted>0</deleted><verified>0</verified><occluded>no</occluded><attributes></attributes><parts><hasparts></hasparts><ispartof></ispartof></parts><date>03-10-20 19:22:06:672</date><id>0</id><type>bounding_box</type><polygon><username>anonymous</username><pt><x>2951</x><y>2289</y><time>03-10-20 19:22:04:242</time></pt><pt><x>1227</x><y>2289</y><time>03-10-20 19:22:05:843</time></pt><pt><x>1227</x><y>235</y><time>undefined</time></pt><pt><x>2951</x><y>235</y><time>undefined</time></pt><closed_date>03-10-20 19:22:05:844</closed_date></polygon></object></annotation>