<annotation><filename>m2_s01_032_p_ic058.jpg</filename><folder>users/joselusava//santiago_2</folder><source><submittedBy>Jose Saca</submittedBy></source><imagesize><nrows>2850</nrows><ncols>4271</ncols></imagesize><object><name>m2_s01_032_p_ic058</name><deleted>0</deleted><verified>0</verified><occluded>no</occluded><attributes></attributes><parts><hasparts></hasparts><ispartof></ispartof></parts><date>30-09-20 15:48:08:423</date><id>0</id><type>bounding_box</type><polygon><username>anonymous</username><pt><x>1167</x><y>115</y><time>30-09-20 15:48:04:660</time></pt><pt><x>2946</x><y>115</y><time>30-09-20 15:48:06:367</time></pt><pt><x>2946</x><y>2504</y><time>undefined</time></pt><pt><x>1167</x><y>2504</y><time>undefined</time></pt><closed_date>30-09-20 15:48:06:369</closed_date></polygon></object></annotation>