<annotation><filename>m4_s11_176_p_nic030.jpg</filename><folder>users/joselusava//m4_js/176/nic</folder><source><submittedBy>Jose Saca</submittedBy></source><imagesize><nrows>2970</nrows><ncols>4451</ncols></imagesize><object><name>m4_s11_176_p_nic030</name><deleted>0</deleted><verified>0</verified><occluded>no</occluded><attributes></attributes><parts><hasparts></hasparts><ispartof></ispartof></parts><date>15-10-20 11:34:31:901</date><id>0</id><type>bounding_box</type><polygon><username>anonymous</username><pt><x>3628</x><y>2964</y><time>15-10-20 11:34:29:869</time></pt><pt><x>1150</x><y>2964</y><time>15-10-20 11:34:31:293</time></pt><pt><x>1150</x><y>1062</y><time>undefined</time></pt><pt><x>3628</x><y>1062</y><time>undefined</time></pt><closed_date>15-10-20 11:34:31:293</closed_date></polygon></object></annotation>