<annotation><filename>m4_s10_164_p_nic038.jpg</filename><folder>users/joselusava//santiago_2</folder><source><submittedBy>Jose Saca</submittedBy></source><imagesize><nrows>2970</nrows><ncols>4451</ncols></imagesize><object><name>m4_s10_164_p_nic038</name><deleted>0</deleted><verified>0</verified><occluded>no</occluded><attributes></attributes><parts><hasparts></hasparts><ispartof></ispartof></parts><date>14-10-20 00:05:20:436</date><id>0</id><type>bounding_box</type><polygon><username>anonymous</username><pt><x>3181</x><y>850</y><time>14-10-20 00:05:16:580</time></pt><pt><x>3563</x><y>850</y><time>14-10-20 00:05:17:545</time></pt><pt><x>3563</x><y>1535</y><time>undefined</time></pt><pt><x>3181</x><y>1535</y><time>undefined</time></pt><closed_date>14-10-20 00:05:17:545</closed_date></polygon></object></annotation>