<annotation><filename>m2_s06_250_p_ic098.jpg</filename><folder>users/joselusava//valeria/m2_sala06_250_ic</folder><source><submittedBy>Jose Saca</submittedBy></source><imagesize><nrows>2910</nrows><ncols>4361</ncols></imagesize><object><name>m2_s06_250_p_ic097</name><deleted>0</deleted><verified>0</verified><occluded>no</occluded><attributes></attributes><parts><hasparts></hasparts><ispartof></ispartof></parts><date>01-10-20 12:17:30:996</date><id>0</id><type>bounding_box</type><polygon><username>anonymous</username><pt><x>3748</x><y>2205</y><time>01-10-20 12:17:23:658</time></pt><pt><x>518</x><y>2205</y><time>01-10-20 12:17:25:873</time></pt><pt><x>518</x><y>953</y><time>undefined</time></pt><pt><x>3748</x><y>953</y><time>undefined</time></pt><closed_date>01-10-20 12:17:25:874</closed_date></polygon></object></annotation>