<annotation><filename>m1_s02_029_p_nic069.jpg</filename><folder>users/joselusava//valeria/sala2_029_nic</folder><source><submittedBy>Jose Saca</submittedBy></source><imagesize><nrows>3200</nrows><ncols>4800</ncols></imagesize><object><name>m1_s02_029_p_nic069</name><deleted>0</deleted><verified>0</verified><occluded>no</occluded><attributes></attributes><parts><hasparts></hasparts><ispartof></ispartof></parts><date>26-08-20 20:13:33:922</date><id>0</id><type>bounding_box</type><polygon><username>anonymous</username><pt><x>2223</x><y>1756</y><time>26-08-20 20:13:28:274</time></pt><pt><x>3205</x><y>1756</y><time>26-08-20 20:13:30:773</time></pt><pt><x>3205</x><y>2867</y><time>undefined</time></pt><pt><x>2223</x><y>2867</y><time>undefined</time></pt><closed_date>26-08-20 20:13:30:774</closed_date></polygon></object></annotation>