<annotation><filename>m1_s06_141_p_ic025.jpg</filename><folder>users/joselusava//jacob_2/141ic</folder><source><submittedBy>Jose Saca</submittedBy></source><imagesize><nrows>2736</nrows><ncols>4100</ncols></imagesize><object><name>m1_s06_141_p_ic025</name><deleted>0</deleted><verified>0</verified><occluded>no</occluded><attributes></attributes><parts><hasparts></hasparts><ispartof></ispartof></parts><date>04-09-20 17:21:57:014</date><id>0</id><type>bounding_box</type><polygon><username>anonymous</username><pt><x>2840</x><y>2488</y><time>04-09-20 17:21:54:049</time></pt><pt><x>1129</x><y>2488</y><time>04-09-20 17:21:55:907</time></pt><pt><x>1129</x><y>82</y><time>undefined</time></pt><pt><x>2840</x><y>82</y><time>undefined</time></pt><closed_date>04-09-20 17:21:55:907</closed_date></polygon></object></annotation>