<annotation><filename>m3_s01_018_p_nic045.jpg</filename><folder>users/joselusava//m4_js/18/nic</folder><source><submittedBy>Jose Saca</submittedBy></source><imagesize><nrows>2970</nrows><ncols>4451</ncols></imagesize><object><name>m3_s01_018_p_nic045</name><deleted>0</deleted><verified>0</verified><occluded>no</occluded><attributes></attributes><parts><hasparts></hasparts><ispartof></ispartof></parts><date>05-11-20 15:02:49:937</date><id>0</id><type>bounding_box</type><polygon><username>anonymous</username><pt><x>4430</x><y>2399</y><time>05-11-20 15:02:47:893</time></pt><pt><x>1831</x><y>2399</y><time>05-11-20 15:02:49:326</time></pt><pt><x>1831</x><y>11</y><time>undefined</time></pt><pt><x>4430</x><y>11</y><time>undefined</time></pt><closed_date>05-11-20 15:02:49:326</closed_date></polygon></object></annotation>