<annotation><filename>m1_s01_001_p_ic019.jpg</filename><folder>users/joselusava//juancarlos</folder><source><submittedBy>Jose Saca</submittedBy></source><imagesize><nrows>2000</nrows><ncols>2992</ncols></imagesize><object><name>m1_s01_001_p_ic018</name><deleted>0</deleted><verified>0</verified><occluded>no</occluded><attributes></attributes><parts><hasparts></hasparts><ispartof></ispartof></parts><date>24-08-20 11:46:37:377</date><id>0</id><type>bounding_box</type><polygon><username>anonymous</username><pt><x>913</x><y>621</y><time>24-08-20 11:46:16:591</time></pt><pt><x>2076</x><y>621</y><time>24-08-20 11:46:23:200</time></pt><pt><x>2076</x><y>1318</y><time>undefined</time></pt><pt><x>913</x><y>1318</y><time>undefined</time></pt><closed_date>24-08-20 11:46:23:201</closed_date></polygon></object></annotation>