<annotation><filename>m4_s04_037_p_ic012.jpg</filename><folder>users/joselusava//santiago_2</folder><source><submittedBy>Jose Saca</submittedBy></source><imagesize><nrows>2970</nrows><ncols>4451</ncols></imagesize><object><name>m4_s04_037_p_ic012</name><deleted>0</deleted><verified>0</verified><occluded>no</occluded><attributes></attributes><parts><hasparts></hasparts><ispartof></ispartof></parts><date>17-10-20 21:19:28:356</date><id>0</id><type>bounding_box</type><polygon><username>anonymous</username><pt><x>1606</x><y>303</y><time>17-10-20 21:19:22:365</time></pt><pt><x>3013</x><y>303</y><time>17-10-20 21:19:25:014</time></pt><pt><x>3013</x><y>2706</y><time>undefined</time></pt><pt><x>1606</x><y>2706</y><time>undefined</time></pt><closed_date>17-10-20 21:19:25:014</closed_date></polygon></object></annotation>