<annotation><filename>m2_s05_236_p_ic073.jpg</filename><folder>users/joselusava//museos2020</folder><source><submittedBy>Jose Saca</submittedBy></source><imagesize><nrows>2910</nrows><ncols>4361</ncols></imagesize><object><name>m2_s05_236_p_ic073</name><deleted>0</deleted><verified>0</verified><occluded>no</occluded><attributes></attributes><parts><hasparts></hasparts><ispartof></ispartof></parts><date>16-09-20 19:13:47:266</date><id>0</id><type>bounding_box</type><polygon><username>anonymous</username><pt><x>372</x><y>363</y><time>16-09-20 19:13:39:051</time></pt><pt><x>4016</x><y>363</y><time>16-09-20 19:13:40:726</time></pt><pt><x>4016</x><y>2729</y><time>undefined</time></pt><pt><x>372</x><y>2729</y><time>undefined</time></pt><closed_date>16-09-20 19:13:40:726</closed_date></polygon></object></annotation>