<annotation><filename>m1_s01_004_p_ic012.jpg</filename><folder>users/joselusava//valeria_apoyo/sala001_004ic_ok</folder><source><submittedBy>Jose Saca</submittedBy></source><imagesize><nrows>2000</nrows><ncols>2992</ncols></imagesize><object><name>m1_s01_004_p_ic012</name><deleted>0</deleted><verified>0</verified><occluded>no</occluded><attributes></attributes><parts><hasparts></hasparts><ispartof></ispartof></parts><date>15-09-20 22:12:34:600</date><id>0</id><type>bounding_box</type><polygon><username>anonymous</username><pt><x>11</x><y>1409</y><time>15-09-20 22:12:26:547</time></pt><pt><x>2977</x><y>1409</y><time>15-09-20 22:12:30:543</time></pt><pt><x>2977</x><y>496</y><time>undefined</time></pt><pt><x>11</x><y>496</y><time>undefined</time></pt><closed_date>15-09-20 22:12:30:543</closed_date></polygon></object></annotation>