<annotation><filename>m4_s12_186_p_nic024.jpg</filename><folder>users/joselusava//m4_js/186/nic</folder><source><submittedBy>Jose Saca</submittedBy></source><imagesize><nrows>3899</nrows><ncols>5844</ncols></imagesize><object><name>m4_s12_186_p_nic024</name><deleted>0</deleted><verified>0</verified><occluded>no</occluded><attributes></attributes><parts><hasparts></hasparts><ispartof></ispartof></parts><date>18-10-20 11:30:09:017</date><id>0</id><type>bounding_box</type><polygon><username>anonymous</username><pt><x>2123</x><y>1108</y><time>18-10-20 11:30:07:080</time></pt><pt><x>4713</x><y>1108</y><time>18-10-20 11:30:08:415</time></pt><pt><x>4713</x><y>3861</y><time>undefined</time></pt><pt><x>2123</x><y>3861</y><time>undefined</time></pt><closed_date>18-10-20 11:30:08:415</closed_date></polygon></object></annotation>