<annotation><filename>m4_s04_039_p_nic012.jpg</filename><folder>users/joselusava//santiago_2</folder><source><submittedBy>Jose Saca</submittedBy></source><imagesize><nrows>2970</nrows><ncols>4451</ncols></imagesize><object><name>m4_s04_039_p_nic012</name><deleted>0</deleted><verified>0</verified><occluded>no</occluded><attributes></attributes><parts><hasparts></hasparts><ispartof></ispartof></parts><date>21-10-20 16:33:43:391</date><id>0</id><type>bounding_box</type><polygon><username>anonymous</username><pt><x>1042</x><y>125</y><time>21-10-20 16:33:40:183</time></pt><pt><x>1742</x><y>125</y><time>21-10-20 16:33:41:254</time></pt><pt><x>1742</x><y>2545</y><time>undefined</time></pt><pt><x>1042</x><y>2545</y><time>undefined</time></pt><closed_date>21-10-20 16:33:41:255</closed_date></polygon></object></annotation>