<annotation><filename>m4_s03_025_p_ic009.jpg</filename><folder>users/joselusava//juancarlos</folder><source><submittedBy>Jose Saca</submittedBy></source><imagesize><nrows>2910</nrows><ncols>4361</ncols></imagesize><object><name>m4_s02_025_p_ic009</name><deleted>0</deleted><verified>0</verified><occluded>no</occluded><attributes></attributes><parts><hasparts></hasparts><ispartof></ispartof></parts><date>05-11-20 17:07:36:718</date><id>0</id><type>bounding_box</type><polygon><username>anonymous</username><pt><x>749</x><y>777</y><time>05-11-20 17:07:29:095</time></pt><pt><x>3946</x><y>777</y><time>05-11-20 17:07:31:682</time></pt><pt><x>3946</x><y>2345</y><time>undefined</time></pt><pt><x>749</x><y>2345</y><time>undefined</time></pt><closed_date>05-11-20 17:07:31:684</closed_date></polygon></object></annotation>