<annotation><filename>m2_s03_201_p_nic034.jpg</filename><folder>users/joselusava//valeria/m2_sala03_201_nic</folder><source><submittedBy>Jose Saca</submittedBy></source><imagesize><nrows>2910</nrows><ncols>4361</ncols></imagesize><object><name>m2_s03_201_p_nic034</name><deleted>0</deleted><verified>0</verified><occluded>no</occluded><attributes></attributes><parts><hasparts></hasparts><ispartof></ispartof></parts><date>29-09-20 23:10:31:137</date><id>0</id><type>bounding_box</type><polygon><username>anonymous</username><pt><x>254</x><y>1951</y><time>29-09-20 23:10:26:316</time></pt><pt><x>2464</x><y>1951</y><time>29-09-20 23:10:28:041</time></pt><pt><x>2464</x><y>187</y><time>undefined</time></pt><pt><x>254</x><y>187</y><time>undefined</time></pt><closed_date>29-09-20 23:10:28:042</closed_date></polygon></object></annotation>