<annotation><filename>m1_s06_168_p_ic015.jpg</filename><folder>users/joselusava//jacob_2/168ic</folder><source><submittedBy>Jose Saca</submittedBy></source><imagesize><nrows>2736</nrows><ncols>4100</ncols></imagesize><object><name>m1_s06_168_p_ic015</name><deleted>0</deleted><verified>0</verified><occluded>no</occluded><attributes></attributes><parts><hasparts></hasparts><ispartof></ispartof></parts><date>08-09-20 19:43:23:238</date><id>0</id><type>bounding_box</type><polygon><username>anonymous</username><pt><x>1031</x><y>2545</y><time>08-09-20 19:43:20:463</time></pt><pt><x>2995</x><y>2545</y><time>08-09-20 19:43:22:383</time></pt><pt><x>2995</x><y>254</y><time>undefined</time></pt><pt><x>1031</x><y>254</y><time>undefined</time></pt><closed_date>08-09-20 19:43:22:383</closed_date></polygon></object></annotation>