<annotation><filename>m3_s01_011_x.jpg</filename><folder>users/joselusava//kath/m3_x</folder><source><submittedBy>Jose Saca</submittedBy></source><imagesize><nrows>2970</nrows><ncols>4451</ncols></imagesize><object><name>m3_s01_011_x</name><deleted>0</deleted><verified>0</verified><occluded>no</occluded><attributes></attributes><parts><hasparts></hasparts><ispartof></ispartof></parts><date>08-11-20 12:30:15:596</date><id>0</id><type>bounding_box</type><polygon><username>anonymous</username><pt><x>639</x><y>2562</y><time>08-11-20 12:30:11:045</time></pt><pt><x>3503</x><y>2562</y><time>08-11-20 12:30:12:805</time></pt><pt><x>3503</x><y>519</y><time>undefined</time></pt><pt><x>639</x><y>519</y><time>undefined</time></pt><closed_date>08-11-20 12:30:12:807</closed_date></polygon></object></annotation>