<annotation><filename>m4_s02_015_p_nic088.jpg</filename><folder>users/joselusava//m4_js/15nic</folder><source><submittedBy>Jose Saca</submittedBy></source><imagesize><nrows>2910</nrows><ncols>4361</ncols></imagesize><object><name>m4_s02_015_p_nic088</name><deleted>0</deleted><verified>0</verified><occluded>no</occluded><attributes></attributes><parts><hasparts></hasparts><ispartof></ispartof></parts><date>06-10-20 20:17:53:837</date><id>0</id><type>bounding_box</type><polygon><username>anonymous</username><pt><x>261</x><y>322</y><time>06-10-20 20:17:51:804</time></pt><pt><x>1671</x><y>322</y><time>06-10-20 20:17:53:200</time></pt><pt><x>1671</x><y>1706</y><time>undefined</time></pt><pt><x>261</x><y>1706</y><time>undefined</time></pt><closed_date>06-10-20 20:17:53:200</closed_date></polygon></object></annotation>