<annotation><filename>m2_s03_201_p_ic088.jpg</filename><folder>users/joselusava//eg</folder><source><submittedBy>Jose Saca</submittedBy></source><imagesize><nrows>2910</nrows><ncols>4361</ncols></imagesize><object><name>m2_s03_201_p_ic088</name><deleted>0</deleted><verified>0</verified><occluded>no</occluded><attributes></attributes><parts><hasparts></hasparts><ispartof></ispartof></parts><date>17-09-20 08:02:13:299</date><id>0</id><type>bounding_box</type><polygon><username>anonymous</username><pt><x>1097</x><y>330</y><time>17-09-20 08:02:09:659</time></pt><pt><x>3161</x><y>330</y><time>17-09-20 08:02:11:094</time></pt><pt><x>3161</x><y>2337</y><time>undefined</time></pt><pt><x>1097</x><y>2337</y><time>undefined</time></pt><closed_date>17-09-20 08:02:11:096</closed_date></polygon></object></annotation>