<annotation><filename>m1_s01_017_p_ic028.jpg</filename><folder>users/joselusava//santiago</folder><source><submittedBy>Jose Saca</submittedBy></source><imagesize><nrows>3200</nrows><ncols>4800</ncols></imagesize><object><name>m1_s01_017_p_ic028</name><deleted>0</deleted><verified>0</verified><occluded>no</occluded><attributes></attributes><parts><hasparts></hasparts><ispartof></ispartof></parts><date>10-09-20 14:51:45:090</date><id>0</id><type>bounding_box</type><polygon><username>anonymous</username><pt><x>1555</x><y>1116</y><time>10-09-20 14:51:34:656</time></pt><pt><x>2966</x><y>1116</y><time>10-09-20 14:51:37:050</time></pt><pt><x>2966</x><y>2138</y><time>undefined</time></pt><pt><x>1555</x><y>2138</y><time>undefined</time></pt><closed_date>10-09-20 14:51:37:051</closed_date></polygon></object></annotation>