<annotation><filename>m1_s06_144_p_ic090.jpg</filename><folder>users/joselusava//jacob_2/144ic</folder><source><submittedBy>Jose Saca</submittedBy></source><imagesize><nrows>2736</nrows><ncols>4100</ncols></imagesize><object><name>m1_s06_144_p_ic090</name><deleted>0</deleted><verified>0</verified><occluded>no</occluded><attributes></attributes><parts><hasparts></hasparts><ispartof></ispartof></parts><date>08-09-20 01:44:40:602</date><id>0</id><type>bounding_box</type><polygon><username>anonymous</username><pt><x>565</x><y>2545</y><time>08-09-20 01:44:38:371</time></pt><pt><x>3470</x><y>2545</y><time>08-09-20 01:44:39:901</time></pt><pt><x>3470</x><y>286</y><time>undefined</time></pt><pt><x>565</x><y>286</y><time>undefined</time></pt><closed_date>08-09-20 01:44:39:901</closed_date></polygon></object></annotation>