<annotation><filename>m4_s02_021_p_nic021.jpg</filename><folder>users/joselusava//santiago_2</folder><source><submittedBy>Jose Saca</submittedBy></source><imagesize><nrows>2910</nrows><ncols>4361</ncols></imagesize><object><name>m4_s02_021_p_nic021</name><deleted>0</deleted><verified>0</verified><occluded>no</occluded><attributes></attributes><parts><hasparts></hasparts><ispartof></ispartof></parts><date>04-10-20 22:13:42:052</date><id>0</id><type>bounding_box</type><polygon><username>anonymous</username><pt><x>658</x><y>790</y><time>04-10-20 22:13:37:222</time></pt><pt><x>1850</x><y>790</y><time>04-10-20 22:13:38:445</time></pt><pt><x>1850</x><y>2529</y><time>undefined</time></pt><pt><x>658</x><y>2529</y><time>undefined</time></pt><closed_date>04-10-20 22:13:38:446</closed_date></polygon></object></annotation>