<annotation><filename>m3_s01_013_p_ic087.jpg</filename><folder>users/joselusava//valeria/m03_s01_13_ic</folder><source><submittedBy>Jose Saca</submittedBy></source><imagesize><nrows>2970</nrows><ncols>4451</ncols></imagesize><object><name>m3_s01_013_p_ic086</name><deleted>0</deleted><verified>0</verified><occluded>no</occluded><attributes></attributes><parts><hasparts></hasparts><ispartof></ispartof></parts><date>01-11-20 09:37:22:154</date><id>0</id><type>bounding_box</type><polygon><username>anonymous</username><pt><x>3770</x><y>2901</y><time>01-11-20 09:37:15:402</time></pt><pt><x>234</x><y>2901</y><time>01-11-20 09:37:18:485</time></pt><pt><x>234</x><y>297</y><time>undefined</time></pt><pt><x>3770</x><y>297</y><time>undefined</time></pt><closed_date>01-11-20 09:37:18:486</closed_date></polygon></object></annotation>