<annotation><filename>m4_s02_021_p_ic025.jpg</filename><folder>users/joselusava//santiago_2</folder><source><submittedBy>Jose Saca</submittedBy></source><imagesize><nrows>3000</nrows><ncols>4496</ncols></imagesize><object><name>m4_s02_021_p_ic025</name><deleted>0</deleted><verified>0</verified><occluded>no</occluded><attributes></attributes><parts><hasparts></hasparts><ispartof></ispartof></parts><date>03-10-20 17:52:05:342</date><id>0</id><type>bounding_box</type><polygon><username>anonymous</username><pt><x>1571</x><y>254</y><time>03-10-20 17:52:00:097</time></pt><pt><x>2946</x><y>254</y><time>03-10-20 17:52:02:612</time></pt><pt><x>2946</x><y>2804</y><time>undefined</time></pt><pt><x>1571</x><y>2804</y><time>undefined</time></pt><closed_date>03-10-20 17:52:02:614</closed_date></polygon></object></annotation>