<annotation><filename>m4_s10_154_p_ic045.jpg</filename><folder>users/joselusava//valeria/m04_s10_154_ic</folder><source><submittedBy>Jose Saca</submittedBy></source><imagesize><nrows>2970</nrows><ncols>4451</ncols></imagesize><object><name>m4_s10_154_p_ic045</name><deleted>0</deleted><verified>0</verified><occluded>no</occluded><attributes></attributes><parts><hasparts></hasparts><ispartof></ispartof></parts><date>13-10-20 22:07:03:233</date><id>0</id><type>bounding_box</type><polygon><username>anonymous</username><pt><x>971</x><y>2673</y><time>13-10-20 22:06:57:652</time></pt><pt><x>3056</x><y>2673</y><time>13-10-20 22:06:59:919</time></pt><pt><x>3056</x><y>51</y><time>undefined</time></pt><pt><x>971</x><y>51</y><time>undefined</time></pt><closed_date>13-10-20 22:06:59:920</closed_date></polygon></object></annotation>