<annotation><filename>m2_s06_250_p_nic020.jpg</filename><folder>users/joselusava//m2_jsv/250</folder><source><submittedBy>Jose Saca</submittedBy></source><imagesize><nrows>2910</nrows><ncols>4361</ncols></imagesize><object><name>m2_s06_250_p_nic020</name><deleted>0</deleted><verified>0</verified><occluded>no</occluded><attributes></attributes><parts><hasparts></hasparts><ispartof></ispartof></parts><date>30-09-20 11:27:56:715</date><id>0</id><type>bounding_box</type><polygon><username>anonymous</username><pt><x>3229</x><y>1732</y><time>30-09-20 11:27:54:896</time></pt><pt><x>157</x><y>1732</y><time>30-09-20 11:27:55:960</time></pt><pt><x>157</x><y>287</y><time>undefined</time></pt><pt><x>3229</x><y>287</y><time>undefined</time></pt><closed_date>30-09-20 11:27:55:961</closed_date></polygon></object></annotation>