<annotation><filename>m4_s09_138_p_nic044.jpg</filename><folder>users/joselusava//santiago_2</folder><source><submittedBy>Jose Saca</submittedBy></source><imagesize><nrows>2970</nrows><ncols>4451</ncols></imagesize><object><name>m4_s09_138_p_nic044</name><deleted>0</deleted><verified>0</verified><occluded>no</occluded><attributes></attributes><parts><hasparts></hasparts><ispartof></ispartof></parts><date>23-10-20 13:50:55:965</date><id>0</id><type>bounding_box</type><polygon><username>anonymous</username><pt><x>1692</x><y>725</y><time>23-10-20 13:50:52:648</time></pt><pt><x>4259</x><y>725</y><time>23-10-20 13:50:53:494</time></pt><pt><x>4259</x><y>1849</y><time>undefined</time></pt><pt><x>1692</x><y>1849</y><time>undefined</time></pt><closed_date>23-10-20 13:50:53:495</closed_date></polygon></object></annotation>