<annotation><filename>m4_s05_055_p_ic008.jpg</filename><folder>users/joselusava//valeria/m4_s05_055_ic</folder><source><submittedBy>Jose Saca</submittedBy></source><imagesize><nrows>2910</nrows><ncols>4361</ncols></imagesize><object><name>m4_s05_055_p_ic008</name><deleted>0</deleted><verified>0</verified><occluded>no</occluded><attributes></attributes><parts><hasparts></hasparts><ispartof></ispartof></parts><date>08-10-20 18:07:30:060</date><id>0</id><type>bounding_box</type><polygon><username>anonymous</username><pt><x>1306</x><y>452</y><time>08-10-20 18:07:24:696</time></pt><pt><x>2916</x><y>452</y><time>08-10-20 18:07:26:419</time></pt><pt><x>2916</x><y>2447</y><time>undefined</time></pt><pt><x>1306</x><y>2447</y><time>undefined</time></pt><closed_date>08-10-20 18:07:26:420</closed_date></polygon></object></annotation>