<annotation><filename>m2_s02_190_p_nic094.jpg</filename><folder>users/joselusava//m2_jsv/190/nic</folder><source><submittedBy>Jose Saca</submittedBy></source><imagesize><nrows>2910</nrows><ncols>4361</ncols></imagesize><object><name>m2_s02_190_p_nic094</name><deleted>0</deleted><verified>0</verified><occluded>no</occluded><attributes></attributes><parts><hasparts></hasparts><ispartof></ispartof></parts><date>21-09-20 16:15:22:391</date><id>0</id><type>bounding_box</type><polygon><username>anonymous</username><pt><x>4100</x><y>2072</y><time>21-09-20 16:15:20:354</time></pt><pt><x>3229</x><y>2072</y><time>21-09-20 16:15:21:817</time></pt><pt><x>3229</x><y>757</y><time>undefined</time></pt><pt><x>4100</x><y>757</y><time>undefined</time></pt><closed_date>21-09-20 16:15:21:817</closed_date></polygon></object></annotation>