<annotation><filename>m3_s01_002_p_nic040.jpg</filename><folder>users/joselusava//santiago_3</folder><source><submittedBy>Jose Saca</submittedBy></source><imagesize><nrows>2970</nrows><ncols>4451</ncols></imagesize><object><name>m3_s01_002_p_nic040</name><deleted>0</deleted><verified>0</verified><occluded>no</occluded><attributes></attributes><parts><hasparts></hasparts><ispartof></ispartof></parts><date>29-10-20 16:02:52:942</date><id>0</id><type>bounding_box</type><polygon><username>anonymous</username><pt><x>860</x><y>225</y><time>29-10-20 16:02:48:878</time></pt><pt><x>2642</x><y>225</y><time>29-10-20 16:02:50:239</time></pt><pt><x>2642</x><y>2113</y><time>undefined</time></pt><pt><x>860</x><y>2113</y><time>undefined</time></pt><closed_date>29-10-20 16:02:50:239</closed_date></polygon></object></annotation>