<annotation><filename>m2_s01_034_p_nic022.jpg</filename><folder>users/joselusava//kath</folder><source><submittedBy>Jose Saca</submittedBy></source><imagesize><nrows>2850</nrows><ncols>4271</ncols></imagesize><object><name>m2_s01_034_p_nic022</name><deleted>0</deleted><verified>0</verified><occluded>no</occluded><attributes></attributes><parts><hasparts></hasparts><ispartof></ispartof></parts><date>25-09-20 19:35:24:383</date><id>0</id><type>bounding_box</type><polygon><username>anonymous</username><pt><x>2786</x><y>702</y><time>25-09-20 19:35:00:610</time></pt><pt><x>3738</x><y>702</y><time>25-09-20 19:35:03:210</time></pt><pt><x>3738</x><y>2141</y><time>undefined</time></pt><pt><x>2786</x><y>2141</y><time>undefined</time></pt><closed_date>25-09-20 19:35:03:210</closed_date></polygon></object></annotation>