<annotation><filename>m2_s01_018_p_nic026.jpg</filename><folder>users/joselusava//santiago_2</folder><source><submittedBy>Jose Saca</submittedBy></source><imagesize><nrows>2850</nrows><ncols>4271</ncols></imagesize><object><name>m2_s01_018_p_nic026</name><deleted>0</deleted><verified>0</verified><occluded>no</occluded><attributes></attributes><parts><hasparts></hasparts><ispartof></ispartof></parts><date>28-09-20 21:14:26:532</date><id>0</id><type>bounding_box</type><polygon><username>anonymous</username><pt><x>3122</x><y>519</y><time>28-09-20 21:14:23:674</time></pt><pt><x>3690</x><y>519</y><time>28-09-20 21:14:24:662</time></pt><pt><x>3690</x><y>1225</y><time>undefined</time></pt><pt><x>3122</x><y>1225</y><time>undefined</time></pt><closed_date>28-09-20 21:14:24:663</closed_date></polygon></object></annotation>