<annotation><filename>m2_s02_129_p_ic003.jpg</filename><folder>users/joselusava//m2_jsv/129/ic</folder><source><submittedBy>Jose Saca</submittedBy></source><imagesize><nrows>2910</nrows><ncols>4361</ncols></imagesize><object><name>m2_s02_129_p_ic003</name><deleted>0</deleted><verified>0</verified><occluded>no</occluded><attributes></attributes><parts><hasparts></hasparts><ispartof></ispartof></parts><date>24-09-20 15:07:45:245</date><id>0</id><type>bounding_box</type><polygon><username>anonymous</username><pt><x>2725</x><y>1976</y><time>24-09-20 15:07:42:912</time></pt><pt><x>1671</x><y>1976</y><time>24-09-20 15:07:44:339</time></pt><pt><x>1671</x><y>827</y><time>undefined</time></pt><pt><x>2725</x><y>827</y><time>undefined</time></pt><closed_date>24-09-20 15:07:44:339</closed_date></polygon></object></annotation>