<annotation><filename>m1_s01_005_p_ic091.jpg</filename><folder>users/joselusava//jacob/sala1/ic</folder><source><submittedBy>Jose Saca</submittedBy></source><imagesize><nrows>2000</nrows><ncols>2992</ncols></imagesize><object><name>m1_s01_005_p_ic091</name><deleted>0</deleted><verified>0</verified><occluded>no</occluded><attributes></attributes><parts><hasparts></hasparts><ispartof></ispartof></parts><date>14-09-20 20:54:34:136</date><id>0</id><type>bounding_box</type><polygon><username>anonymous</username><pt><x>928</x><y>535</y><time>14-09-20 20:54:32:521</time></pt><pt><x>1939</x><y>535</y><time>14-09-20 20:54:33:613</time></pt><pt><x>1939</x><y>1410</y><time>undefined</time></pt><pt><x>928</x><y>1410</y><time>undefined</time></pt><closed_date>14-09-20 20:54:33:613</closed_date></polygon></object></annotation>