<annotation><filename>m1_s02_036_p_ic081.jpg</filename><folder>users/joselusava//valeria/sala2_036_ic</folder><source><submittedBy>Jose Saca</submittedBy></source><imagesize><nrows>3200</nrows><ncols>4800</ncols></imagesize><object><name>m1_s01_036_p_ic081</name><deleted>0</deleted><verified>0</verified><occluded>no</occluded><attributes></attributes><parts><hasparts></hasparts><ispartof></ispartof></parts><date>23-08-20 23:24:19:861</date><id>0</id><type>bounding_box</type><polygon><username>anonymous</username><pt><x>693</x><y>5</y><time>23-08-20 23:24:12:023</time></pt><pt><x>4489</x><y>5</y><time>23-08-20 23:24:15:741</time></pt><pt><x>4489</x><y>3162</y><time>undefined</time></pt><pt><x>693</x><y>3162</y><time>undefined</time></pt><closed_date>23-08-20 23:24:15:742</closed_date></polygon></object></annotation>