<annotation><filename>m2_s01_010_p_nic044.jpg</filename><folder>users/joselusava//santiago</folder><source><submittedBy>Jose Saca</submittedBy></source><imagesize><nrows>2850</nrows><ncols>4271</ncols></imagesize><object><name>m2_s01_010_p_nic044</name><deleted>0</deleted><verified>0</verified><occluded>no</occluded><attributes></attributes><parts><hasparts></hasparts><ispartof></ispartof></parts><date>22-09-20 20:39:49:313</date><id>0</id><type>bounding_box</type><polygon><username>anonymous</username><pt><x>2962</x><y>1542</y><time>22-09-20 20:39:42:761</time></pt><pt><x>3988</x><y>1542</y><time>22-09-20 20:39:43:992</time></pt><pt><x>3988</x><y>2545</y><time>undefined</time></pt><pt><x>2962</x><y>2545</y><time>undefined</time></pt><closed_date>22-09-20 20:39:43:993</closed_date></polygon></object></annotation>