<annotation><filename>m4_s03_025_p_ic018.jpg</filename><folder>users/joselusava//juancarlos</folder><source><submittedBy>Jose Saca</submittedBy></source><imagesize><nrows>2910</nrows><ncols>4361</ncols></imagesize><object><name>m4_s02_025_p_ic018</name><deleted>0</deleted><verified>0</verified><occluded>no</occluded><attributes></attributes><parts><hasparts></hasparts><ispartof></ispartof></parts><date>05-11-20 17:14:33:955</date><id>0</id><type>bounding_box</type><polygon><username>anonymous</username><pt><x>786</x><y>612</y><time>05-11-20 17:14:24:874</time></pt><pt><x>3889</x><y>612</y><time>05-11-20 17:14:26:205</time></pt><pt><x>3889</x><y>2265</y><time>undefined</time></pt><pt><x>786</x><y>2265</y><time>undefined</time></pt><closed_date>05-11-20 17:14:26:206</closed_date></polygon></object></annotation>