<annotation><filename>m1_s01_017_p_nic085.jpg</filename><folder>users/joselusava//santiago</folder><source><submittedBy>Jose Saca</submittedBy></source><imagesize><nrows>3200</nrows><ncols>4800</ncols></imagesize><object><name>m1_s01_017_p_nic085</name><deleted>0</deleted><verified>0</verified><occluded>no</occluded><attributes></attributes><parts><hasparts></hasparts><ispartof></ispartof></parts><date>11-09-20 19:59:05:767</date><id>0</id><type>bounding_box</type><polygon><username>anonymous</username><pt><x>601</x><y>1623</y><time>11-09-20 19:58:58:550</time></pt><pt><x>1152</x><y>1623</y><time>11-09-20 19:58:59:486</time></pt><pt><x>1152</x><y>1929</y><time>undefined</time></pt><pt><x>601</x><y>1929</y><time>undefined</time></pt><closed_date>11-09-20 19:58:59:488</closed_date></polygon></object></annotation>