<annotation><filename>m4_s11_178_p_nic004.jpg</filename><folder>users/joselusava//santiago_2</folder><source><submittedBy>Jose Saca</submittedBy></source><imagesize><nrows>2970</nrows><ncols>4451</ncols></imagesize><object><name>m4_s11_178_p_nic004</name><deleted>0</deleted><verified>0</verified><occluded>no</occluded><attributes></attributes><parts><hasparts></hasparts><ispartof></ispartof></parts><date>15-10-20 22:58:16:159</date><id>0</id><type>bounding_box</type><polygon><username>anonymous</username><pt><x>2549</x><y>778</y><time>15-10-20 22:58:12:000</time></pt><pt><x>3920</x><y>778</y><time>15-10-20 22:58:13:445</time></pt><pt><x>3920</x><y>2110</y><time>undefined</time></pt><pt><x>2549</x><y>2110</y><time>undefined</time></pt><closed_date>15-10-20 22:58:13:446</closed_date></polygon></object></annotation>