<annotation><filename>m2_s05_236_p_nic061.jpg</filename><folder>users/joselusava//juancarlos</folder><source><submittedBy>Jose Saca</submittedBy></source><imagesize><nrows>2910</nrows><ncols>4361</ncols></imagesize><object><name>m2_s05_236_p_nic061</name><deleted>0</deleted><verified>0</verified><occluded>no</occluded><attributes></attributes><parts><hasparts></hasparts><ispartof></ispartof></parts><date>02-10-20 17:06:45:964</date><id>0</id><type>bounding_box</type><polygon><username>anonymous</username><pt><x>1223</x><y>237</y><time>02-10-20 17:06:33:523</time></pt><pt><x>3328</x><y>237</y><time>02-10-20 17:06:37:849</time></pt><pt><x>3328</x><y>2013</y><time>undefined</time></pt><pt><x>1223</x><y>2013</y><time>undefined</time></pt><closed_date>02-10-20 17:06:37:850</closed_date></polygon></object></annotation>