<annotation><filename>m2_s02_190_p_nic056.jpg</filename><folder>users/joselusava//m2_jsv/190/nic</folder><source><submittedBy>Jose Saca</submittedBy></source><imagesize><nrows>2910</nrows><ncols>4361</ncols></imagesize><object><name>m2_s02_190_p_nic056</name><deleted>0</deleted><verified>0</verified><occluded>no</occluded><attributes></attributes><parts><hasparts></hasparts><ispartof></ispartof></parts><date>21-09-20 15:10:17:935</date><id>0</id><type>bounding_box</type><polygon><username>anonymous</username><pt><x>1140</x><y>2794</y><time>21-09-20 15:10:16:078</time></pt><pt><x>183</x><y>2794</y><time>21-09-20 15:10:17:380</time></pt><pt><x>183</x><y>1837</y><time>undefined</time></pt><pt><x>1140</x><y>1837</y><time>undefined</time></pt><closed_date>21-09-20 15:10:17:380</closed_date></polygon></object></annotation>