<annotation><filename>m1_s01_009_x.jpg</filename><folder>users/joselusava//museos2020</folder><source><submittedBy>Jose Saca</submittedBy></source><imagesize><nrows>2000</nrows><ncols>2992</ncols></imagesize><object><name>m1_s01_009_x</name><deleted>0</deleted><verified>0</verified><occluded>no</occluded><attributes></attributes><parts><hasparts></hasparts><ispartof></ispartof></parts><date>13-09-20 21:54:16:618</date><id>0</id><type>bounding_box</type><polygon><username>anonymous</username><pt><x>866</x><y>629</y><time>13-09-20 21:53:53:353</time></pt><pt><x>2195</x><y>629</y><time>13-09-20 21:53:58:559</time></pt><pt><x>2195</x><y>1463</y><time>undefined</time></pt><pt><x>866</x><y>1463</y><time>undefined</time></pt><closed_date>13-09-20 21:53:58:559</closed_date></polygon></object></annotation>