<annotation><filename>m1_s02_052_p_nic046.jpg</filename><folder>users/joselusava//valeria/sala2_052_nic</folder><source><submittedBy>Jose Saca</submittedBy></source><imagesize><nrows>3200</nrows><ncols>4800</ncols></imagesize><object><name>m1_s02_052_p_nic046</name><deleted>0</deleted><verified>0</verified><occluded>no</occluded><attributes></attributes><parts><hasparts></hasparts><ispartof></ispartof></parts><date>27-08-20 16:21:14:997</date><id>0</id><type>bounding_box</type><polygon><username>anonymous</username><pt><x>1691</x><y>1444</y><time>27-08-20 16:21:08:555</time></pt><pt><x>424</x><y>1444</y><time>27-08-20 16:21:11:175</time></pt><pt><x>424</x><y>215</y><time>undefined</time></pt><pt><x>1691</x><y>215</y><time>undefined</time></pt><closed_date>27-08-20 16:21:11:176</closed_date></polygon></object></annotation>