<annotation><filename>m1_s06_141_p_nic100.jpg</filename><folder>users/joselusava//jacob_2/141nic</folder><source><submittedBy>Jose Saca</submittedBy></source><imagesize><nrows>2736</nrows><ncols>4100</ncols></imagesize><object><name>m1_s06_141_p_nic100</name><deleted>0</deleted><verified>0</verified><occluded>no</occluded><attributes></attributes><parts><hasparts></hasparts><ispartof></ispartof></parts><date>06-09-20 01:28:39:668</date><id>0</id><type>bounding_box</type><polygon><username>anonymous</username><pt><x>2853</x><y>155</y><time>06-09-20 01:28:37:221</time></pt><pt><x>1875</x><y>155</y><time>06-09-20 01:28:39:024</time></pt><pt><x>1875</x><y>1850</y><time>undefined</time></pt><pt><x>2853</x><y>1850</y><time>undefined</time></pt><closed_date>06-09-20 01:28:39:024</closed_date></polygon></object></annotation>