<annotation><filename>m4_s10_154_p_nic052.jpg</filename><folder>users/joselusava//valeria/m04_s10_154_nic</folder><source><submittedBy>Jose Saca</submittedBy></source><imagesize><nrows>2970</nrows><ncols>4451</ncols></imagesize><object><name>m4_s10_154_p_nic052</name><deleted>0</deleted><verified>0</verified><occluded>no</occluded><attributes></attributes><parts><hasparts></hasparts><ispartof></ispartof></parts><date>14-10-20 13:10:13:044</date><id>0</id><type>bounding_box</type><polygon><username>anonymous</username><pt><x>3724</x><y>2336</y><time>14-10-20 13:10:08:246</time></pt><pt><x>2764</x><y>2336</y><time>14-10-20 13:10:09:882</time></pt><pt><x>2764</x><y>897</y><time>undefined</time></pt><pt><x>3724</x><y>897</y><time>undefined</time></pt><closed_date>14-10-20 13:10:09:883</closed_date></polygon></object></annotation>