<annotation><filename>m4_s10_154_p_ic100.jpg</filename><folder>users/joselusava//valeria/m04_s10_154_ic</folder><source><submittedBy>Jose Saca</submittedBy></source><imagesize><nrows>2970</nrows><ncols>4451</ncols></imagesize><object><name>m4_s10_154_p_ic100</name><deleted>0</deleted><verified>0</verified><occluded>no</occluded><attributes></attributes><parts><hasparts></hasparts><ispartof></ispartof></parts><date>13-10-20 23:27:06:262</date><id>0</id><type>bounding_box</type><polygon><username>anonymous</username><pt><x>2833</x><y>2610</y><time>13-10-20 23:27:00:789</time></pt><pt><x>1142</x><y>2610</y><time>13-10-20 23:27:03:034</time></pt><pt><x>1142</x><y>394</y><time>undefined</time></pt><pt><x>2833</x><y>394</y><time>undefined</time></pt><closed_date>13-10-20 23:27:03:035</closed_date></polygon></object></annotation>