<annotation><filename>m2_s05_236_p_nic051.jpg</filename><folder>users/joselusava//museos2020</folder><source><submittedBy>Jose Saca</submittedBy></source><imagesize><nrows>2910</nrows><ncols>4361</ncols></imagesize><object><name>m2_s05_236_p_nic051</name><deleted>0</deleted><verified>0</verified><occluded>no</occluded><attributes></attributes><parts><hasparts></hasparts><ispartof></ispartof></parts><date>17-09-20 07:57:14:742</date><id>0</id><type>bounding_box</type><polygon><username>anonymous</username><pt><x>753</x><y>865</y><time>17-09-20 07:57:06:936</time></pt><pt><x>3226</x><y>865</y><time>17-09-20 07:57:08:884</time></pt><pt><x>3226</x><y>2798</y><time>undefined</time></pt><pt><x>753</x><y>2798</y><time>undefined</time></pt><closed_date>17-09-20 07:57:08:885</closed_date></polygon></object></annotation>