<annotation><filename>m2_s01_054_p_ic046.jpg</filename><folder>users/joselusava//kath</folder><source><submittedBy>Jose Saca</submittedBy></source><imagesize><nrows>2850</nrows><ncols>4271</ncols></imagesize><object><name>m2_s01_054_p_ic046</name><deleted>0</deleted><verified>0</verified><occluded>no</occluded><attributes></attributes><parts><hasparts></hasparts><ispartof></ispartof></parts><date>29-09-20 23:24:21:869</date><id>0</id><type>bounding_box</type><polygon><username>anonymous</username><pt><x>1137</x><y>302</y><time>29-09-20 23:24:16:171</time></pt><pt><x>2906</x><y>302</y><time>29-09-20 23:24:18:493</time></pt><pt><x>2906</x><y>2689</y><time>undefined</time></pt><pt><x>1137</x><y>2689</y><time>undefined</time></pt><closed_date>29-09-20 23:24:18:494</closed_date></polygon></object></annotation>