<annotation><filename>m2_s01_054_p_nic051.jpg</filename><folder>users/joselusava//kath</folder><source><submittedBy>Jose Saca</submittedBy></source><imagesize><nrows>2850</nrows><ncols>4271</ncols></imagesize><object><name>m2_s01_054_p_nic051</name><deleted>0</deleted><verified>0</verified><occluded>no</occluded><attributes></attributes><parts><hasparts></hasparts><ispartof></ispartof></parts><date>30-09-20 11:41:21:433</date><id>0</id><type>bounding_box</type><polygon><username>anonymous</username><pt><x>1334</x><y>1285</y><time>30-09-20 11:41:16:682</time></pt><pt><x>653</x><y>1285</y><time>30-09-20 11:41:19:227</time></pt><pt><x>653</x><y>2485</y><time>undefined</time></pt><pt><x>1334</x><y>2485</y><time>undefined</time></pt><closed_date>30-09-20 11:41:19:227</closed_date></polygon></object></annotation>