<annotation><filename>img_m1_s03-04_101_p_ic067.jpg</filename><folder>users/joselusava//valeria/sala3y4_101_ic</folder><source><submittedBy>Jose Saca</submittedBy></source><imagesize><nrows>3200</nrows><ncols>4800</ncols></imagesize><object><name>m1_s03_s04_101_p_ic067</name><deleted>0</deleted><verified>0</verified><occluded>no</occluded><attributes></attributes><parts><hasparts></hasparts><ispartof></ispartof></parts><date>29-08-20 01:13:22:488</date><id>0</id><type>bounding_box</type><polygon><username>anonymous</username><pt><x>170</x><y>2194</y><time>29-08-20 01:13:13:090</time></pt><pt><x>4770</x><y>2194</y><time>29-08-20 01:13:18:652</time></pt><pt><x>4770</x><y>624</y><time>undefined</time></pt><pt><x>170</x><y>624</y><time>undefined</time></pt><closed_date>29-08-20 01:13:18:654</closed_date></polygon></object></annotation>