<annotation><filename>m2_s01_034_p_nic004.jpg</filename><folder>users/joselusava//kath</folder><source><submittedBy>Jose Saca</submittedBy></source><imagesize><nrows>2850</nrows><ncols>4271</ncols></imagesize><object><name>m2_s01_034_p_nic004</name><deleted>0</deleted><verified>0</verified><occluded>no</occluded><attributes></attributes><parts><hasparts></hasparts><ispartof></ispartof></parts><date>25-09-20 17:22:45:408</date><id>0</id><type>bounding_box</type><polygon><username>anonymous</username><pt><x>2678</x><y>100</y><time>25-09-20 17:22:40:575</time></pt><pt><x>3681</x><y>100</y><time>25-09-20 17:22:42:997</time></pt><pt><x>3681</x><y>1640</y><time>undefined</time></pt><pt><x>2678</x><y>1640</y><time>undefined</time></pt><closed_date>25-09-20 17:22:42:998</closed_date></polygon></object></annotation>