<annotation><filename>img_m1_s03-04_101_p_ic056.jpg</filename><folder>users/joselusava//valeria/sala3y4_101_ic</folder><source><submittedBy>Jose Saca</submittedBy></source><imagesize><nrows>3200</nrows><ncols>4800</ncols></imagesize><object><name>m1_s03_s04_101_p_ic056</name><deleted>0</deleted><verified>0</verified><occluded>no</occluded><attributes></attributes><parts><hasparts></hasparts><ispartof></ispartof></parts><date>29-08-20 00:31:03:103</date><id>0</id><type>bounding_box</type><polygon><username>anonymous</username><pt><x>4789</x><y>3114</y><time>29-08-20 00:30:54:423</time></pt><pt><x>86</x><y>3114</y><time>29-08-20 00:30:58:129</time></pt><pt><x>86</x><y>945</y><time>undefined</time></pt><pt><x>4789</x><y>945</y><time>undefined</time></pt><closed_date>29-08-20 00:30:58:130</closed_date></polygon></object></annotation>