<annotation><filename>m2_s03_219_p_nic062.jpg</filename><folder>users/joselusava//valeria/m2_sala03_219_nic</folder><source><submittedBy>Jose Saca</submittedBy></source><imagesize><nrows>2910</nrows><ncols>4361</ncols></imagesize><object><name>m2_s03_219_p_nic062</name><deleted>0</deleted><verified>0</verified><occluded>no</occluded><attributes></attributes><parts><hasparts></hasparts><ispartof></ispartof></parts><date>29-09-20 18:43:55:492</date><id>0</id><type>bounding_box</type><polygon><username>anonymous</username><pt><x>1020</x><y>2805</y><time>29-09-20 18:43:50:782</time></pt><pt><x>2177</x><y>2805</y><time>29-09-20 18:43:52:449</time></pt><pt><x>2177</x><y>1124</y><time>undefined</time></pt><pt><x>1020</x><y>1124</y><time>undefined</time></pt><closed_date>29-09-20 18:43:52:451</closed_date></polygon></object></annotation>