<annotation><filename>m4_s04_039_p_nic025.jpg</filename><folder>users/joselusava//santiago_2</folder><source><submittedBy>Jose Saca</submittedBy></source><imagesize><nrows>2970</nrows><ncols>4451</ncols></imagesize><object><name>m4_s04_039_p_nic025</name><deleted>0</deleted><verified>0</verified><occluded>no</occluded><attributes></attributes><parts><hasparts></hasparts><ispartof></ispartof></parts><date>21-10-20 21:05:25:199</date><id>0</id><type>bounding_box</type><polygon><username>anonymous</username><pt><x>2163</x><y>1060</y><time>21-10-20 21:05:22:088</time></pt><pt><x>2717</x><y>1060</y><time>21-10-20 21:05:23:370</time></pt><pt><x>2717</x><y>2849</y><time>undefined</time></pt><pt><x>2163</x><y>2849</y><time>undefined</time></pt><closed_date>21-10-20 21:05:23:372</closed_date></polygon></object></annotation>