<annotation><filename>m1_s02_029_p_nic071.jpg</filename><folder>users/joselusava//valeria/sala2_029_nic</folder><source><submittedBy>Jose Saca</submittedBy></source><imagesize><nrows>3200</nrows><ncols>4800</ncols></imagesize><object><name>m1_s02_029_p_nic071</name><deleted>0</deleted><verified>0</verified><occluded>no</occluded><attributes></attributes><parts><hasparts></hasparts><ispartof></ispartof></parts><date>26-08-20 20:17:58:140</date><id>0</id><type>bounding_box</type><polygon><username>anonymous</username><pt><x>1842</x><y>1761</y><time>26-08-20 20:17:52:224</time></pt><pt><x>2808</x><y>1761</y><time>26-08-20 20:17:54:563</time></pt><pt><x>2808</x><y>2867</y><time>undefined</time></pt><pt><x>1842</x><y>2867</y><time>undefined</time></pt><closed_date>26-08-20 20:17:54:565</closed_date></polygon></object></annotation>