<annotation><filename>m2_s05_236_p_nic022.jpg</filename><folder>users/joselusava//museos2020</folder><source><submittedBy>Jose Saca</submittedBy></source><imagesize><nrows>2910</nrows><ncols>4361</ncols></imagesize><object><name>m2_s05_236_p_nic022</name><deleted>0</deleted><verified>0</verified><occluded>no</occluded><attributes></attributes><parts><hasparts></hasparts><ispartof></ispartof></parts><date>17-09-20 06:59:45:033</date><id>0</id><type>bounding_box</type><polygon><username>anonymous</username><pt><x>1381</x><y>1120</y><time>17-09-20 06:59:37:468</time></pt><pt><x>3654</x><y>1120</y><time>17-09-20 06:59:39:169</time></pt><pt><x>3654</x><y>2836</y><time>undefined</time></pt><pt><x>1381</x><y>2836</y><time>undefined</time></pt><closed_date>17-09-20 06:59:39:170</closed_date></polygon></object></annotation>