<annotation><filename>m1_s01_005_p_nic060.jpg</filename><folder>users/joselusava//museos2020</folder><source><submittedBy>Jose Saca</submittedBy></source><imagesize><nrows>2000</nrows><ncols>2992</ncols></imagesize><object><name>m1_s01_005_p_nic060</name><deleted>0</deleted><verified>0</verified><occluded>no</occluded><attributes></attributes><parts><hasparts></hasparts><ispartof></ispartof></parts><date>14-09-20 11:22:30:048</date><id>0</id><type>bounding_box</type><polygon><username>anonymous</username><pt><x>2422</x><y>1399</y><time>14-09-20 11:22:16:219</time></pt><pt><x>2767</x><y>1399</y><time>14-09-20 11:22:18:713</time></pt><pt><x>2767</x><y>1792</y><time>undefined</time></pt><pt><x>2422</x><y>1792</y><time>undefined</time></pt><closed_date>14-09-20 11:22:18:714</closed_date></polygon></object></annotation>