<annotation><filename>m4_s06_089_p_nic065.jpg</filename><folder>users/joselusava//santiago_2</folder><source><submittedBy>Jose Saca</submittedBy></source><imagesize><nrows>2970</nrows><ncols>4451</ncols></imagesize><object><name>m4_s06_089_p_nic065</name><deleted>0</deleted><verified>0</verified><occluded>no</occluded><attributes></attributes><parts><hasparts></hasparts><ispartof></ispartof></parts><date>12-10-20 21:56:42:297</date><id>0</id><type>bounding_box</type><polygon><username>anonymous</username><pt><x>2777</x><y>314</y><time>12-10-20 21:56:38:939</time></pt><pt><x>3787</x><y>314</y><time>12-10-20 21:56:40:462</time></pt><pt><x>3787</x><y>2174</y><time>undefined</time></pt><pt><x>2777</x><y>2174</y><time>undefined</time></pt><closed_date>12-10-20 21:56:40:463</closed_date></polygon></object></annotation>