<annotation><filename>m4_s12_185_p_nic054.jpg</filename><folder>users/joselusava//valeria/m04_s12_185_nic</folder><source><submittedBy>Jose Saca</submittedBy></source><imagesize><nrows>2910</nrows><ncols>4361</ncols></imagesize><object><name>m4_s12_185_p_nic054</name><deleted>0</deleted><verified>0</verified><occluded>no</occluded><attributes></attributes><parts><hasparts></hasparts><ispartof></ispartof></parts><date>17-10-20 23:22:12:822</date><id>0</id><type>bounding_box</type><polygon><username>anonymous</username><pt><x>1936</x><y>2155</y><time>17-10-20 23:22:05:798</time></pt><pt><x>3856</x><y>2155</y><time>17-10-20 23:22:09:394</time></pt><pt><x>3856</x><y>196</y><time>undefined</time></pt><pt><x>1936</x><y>196</y><time>undefined</time></pt><closed_date>17-10-20 23:22:09:396</closed_date></polygon></object></annotation>