<annotation><filename>m4_s03_028_x.jpg</filename><folder>users/joselusava//kath/m4_x</folder><source><submittedBy>Jose Saca</submittedBy></source><imagesize><nrows>3899</nrows><ncols>5844</ncols></imagesize><object><name>m4_s03_028_x</name><deleted>0</deleted><verified>0</verified><occluded>no</occluded><attributes></attributes><parts><hasparts></hasparts><ispartof></ispartof></parts><date>24-10-20 12:11:26:075</date><id>0</id><polygon><username>anonymous</username><pt><x>1394</x><y>334</y><time>24-10-20 12:11:18:950</time></pt><pt><x>1098</x><y>3306</y><time>24-10-20 12:11:19:954</time></pt><pt><x>4555</x><y>3218</y><time>24-10-20 12:11:21:090</time></pt><pt><x>4366</x><y>271</y><time>24-10-20 12:11:22:278</time></pt><closed_date>24-10-20 12:11:23:880</closed_date></polygon></object></annotation>