<annotation><filename>m4_s05_052_p_nic053.jpg</filename><folder>users/joselusava//santiago_2</folder><source><submittedBy>Jose Saca</submittedBy></source><imagesize><nrows>2910</nrows><ncols>4361</ncols></imagesize><object><name>m4_s05_052_p_nic053</name><deleted>0</deleted><verified>0</verified><occluded>no</occluded><attributes></attributes><parts><hasparts></hasparts><ispartof></ispartof></parts><date>08-10-20 21:33:04:670</date><id>0</id><type>bounding_box</type><polygon><username>anonymous</username><pt><x>1261</x><y>450</y><time>08-10-20 21:33:01:608</time></pt><pt><x>2390</x><y>450</y><time>08-10-20 21:33:02:842</time></pt><pt><x>2390</x><y>1743</y><time>undefined</time></pt><pt><x>1261</x><y>1743</y><time>undefined</time></pt><closed_date>08-10-20 21:33:02:844</closed_date></polygon></object></annotation>