<annotation><filename>m2_s01_018_p_nic040.jpg</filename><folder>users/joselusava//santiago_2</folder><source><submittedBy>Jose Saca</submittedBy></source><imagesize><nrows>2850</nrows><ncols>4271</ncols></imagesize><object><name>m2_s01_018_p_nic040</name><deleted>0</deleted><verified>0</verified><occluded>no</occluded><attributes></attributes><parts><hasparts></hasparts><ispartof></ispartof></parts><date>28-09-20 21:45:54:280</date><id>0</id><type>bounding_box</type><polygon><username>anonymous</username><pt><x>3203</x><y>1904</y><time>28-09-20 21:45:51:237</time></pt><pt><x>3629</x><y>1904</y><time>28-09-20 21:45:52:112</time></pt><pt><x>3629</x><y>2452</y><time>undefined</time></pt><pt><x>3203</x><y>2452</y><time>undefined</time></pt><closed_date>28-09-20 21:45:52:113</closed_date></polygon></object></annotation>