<annotation><filename>m1_s01_005_p_nic033.jpg</filename><folder>users/joselusava//museos2020</folder><source><submittedBy>Jose Saca</submittedBy></source><imagesize><nrows>2000</nrows><ncols>2992</ncols></imagesize><object><name>m1_s01_005_p_nic033</name><deleted>0</deleted><verified>0</verified><occluded>no</occluded><attributes></attributes><parts><hasparts></hasparts><ispartof></ispartof></parts><date>14-09-20 10:46:52:017</date><id>0</id><type>bounding_box</type><polygon><username>anonymous</username><pt><x>2316</x><y>1361</y><time>14-09-20 10:46:38:676</time></pt><pt><x>2655</x><y>1361</y><time>14-09-20 10:46:39:821</time></pt><pt><x>2655</x><y>1760</y><time>undefined</time></pt><pt><x>2316</x><y>1760</y><time>undefined</time></pt><closed_date>14-09-20 10:46:39:822</closed_date></polygon></object></annotation>