<annotation><filename>m3_s01_002_p_ic074.jpg</filename><folder>users/joselusava//santiago_3</folder><source><submittedBy>Jose Saca</submittedBy></source><imagesize><nrows>2970</nrows><ncols>4451</ncols></imagesize><object><name>m3_s01_002_p_ic074</name><deleted>0</deleted><verified>0</verified><occluded>no</occluded><attributes></attributes><parts><hasparts></hasparts><ispartof></ispartof></parts><date>29-10-20 13:20:28:105</date><id>0</id><type>bounding_box</type><polygon><username>anonymous</username><pt><x>532</x><y>603</y><time>29-10-20 13:20:24:501</time></pt><pt><x>3795</x><y>603</y><time>29-10-20 13:20:25:858</time></pt><pt><x>3795</x><y>1981</y><time>undefined</time></pt><pt><x>532</x><y>1981</y><time>undefined</time></pt><closed_date>29-10-20 13:20:25:860</closed_date></polygon></object></annotation>