<annotation><filename>m1_s02_065_p_nic098.jpg</filename><folder>users/joselusava//valeria/sala2_065_nic</folder><source><submittedBy>Jose Saca</submittedBy></source><imagesize><nrows>2000</nrows><ncols>2992</ncols></imagesize><object><name>m1_s02_065_p_nic098</name><deleted>0</deleted><verified>0</verified><occluded>no</occluded><attributes></attributes><parts><hasparts></hasparts><ispartof></ispartof></parts><date>28-08-20 00:49:08:211</date><id>0</id><type>bounding_box</type><polygon><username>anonymous</username><pt><x>1661</x><y>1624</y><time>28-08-20 00:49:02:917</time></pt><pt><x>97</x><y>1624</y><time>28-08-20 00:49:05:354</time></pt><pt><x>97</x><y>930</y><time>undefined</time></pt><pt><x>1661</x><y>930</y><time>undefined</time></pt><closed_date>28-08-20 00:49:05:355</closed_date></polygon></object></annotation>