<annotation><filename>m2_s02_171_x.jpg</filename><folder>users/joselusava//m2_jsv</folder><source><submittedBy>Jose Saca</submittedBy></source><imagesize><nrows>2910</nrows><ncols>4361</ncols></imagesize><object><name>m2_s02_171_x</name><deleted>0</deleted><verified>0</verified><occluded>no</occluded><attributes></attributes><parts><hasparts></hasparts><ispartof></ispartof></parts><date>20-09-20 16:49:08:044</date><id>0</id><type>bounding_box</type><polygon><username>anonymous</username><pt><x>3160</x><y>2672</y><time>20-09-20 16:49:06:195</time></pt><pt><x>1097</x><y>2672</y><time>20-09-20 16:49:07:291</time></pt><pt><x>1097</x><y>192</y><time>undefined</time></pt><pt><x>3160</x><y>192</y><time>undefined</time></pt><closed_date>20-09-20 16:49:07:292</closed_date></polygon></object></annotation>