<annotation><filename>m2_s06_250_p_nic089.jpg</filename><folder>users/joselusava//m2_jsv/250</folder><source><submittedBy>Jose Saca</submittedBy></source><imagesize><nrows>2910</nrows><ncols>4361</ncols></imagesize><object><name>m2_s06_250_p_nic089</name><deleted>0</deleted><verified>0</verified><occluded>no</occluded><attributes></attributes><parts><hasparts></hasparts><ispartof></ispartof></parts><date>30-09-20 12:01:19:934</date><id>0</id><type>bounding_box</type><polygon><username>anonymous</username><pt><x>1532</x><y>688</y><time>30-09-20 12:01:18:115</time></pt><pt><x>4352</x><y>688</y><time>30-09-20 12:01:19:313</time></pt><pt><x>4352</x><y>2176</y><time>undefined</time></pt><pt><x>1532</x><y>2176</y><time>undefined</time></pt><closed_date>30-09-20 12:01:19:314</closed_date></polygon></object></annotation>