<annotation><filename>m1_s01_001_p_nic008.jpg</filename><folder>users/joselusava//juancarlos</folder><source><submittedBy>Jose Saca</submittedBy></source><imagesize><nrows>3200</nrows><ncols>4800</ncols></imagesize><object><name>m1_s01_001_p_nic008</name><deleted>0</deleted><verified>0</verified><occluded>no</occluded><attributes></attributes><parts><hasparts></hasparts><ispartof></ispartof></parts><date>02-09-20 11:38:08:833</date><id>0</id><type>bounding_box</type><polygon><username>anonymous</username><pt><x>1412</x><y>576</y><time>02-09-20 11:37:53:544</time></pt><pt><x>2588</x><y>576</y><time>02-09-20 11:37:58:699</time></pt><pt><x>2588</x><y>1255</y><time>undefined</time></pt><pt><x>1412</x><y>1255</y><time>undefined</time></pt><closed_date>02-09-20 11:37:58:700</closed_date></polygon></object></annotation>