<annotation><filename>m3_s01_010_p_nic088.jpg</filename><folder>users/joselusava//m4_js/m3/10/nic</folder><source><submittedBy>Jose Saca</submittedBy></source><imagesize><nrows>2970</nrows><ncols>4451</ncols></imagesize><object><name>m3_s01_010_p_nic088</name><deleted>0</deleted><verified>0</verified><occluded>no</occluded><attributes></attributes><parts><hasparts></hasparts><ispartof></ispartof></parts><date>29-10-20 14:44:41:217</date><id>0</id><type>bounding_box</type><polygon><username>anonymous</username><pt><x>404</x><y>2950</y><time>29-10-20 14:44:39:162</time></pt><pt><x>3582</x><y>2950</y><time>29-10-20 14:44:40:616</time></pt><pt><x>3582</x><y>580</y><time>undefined</time></pt><pt><x>404</x><y>580</y><time>undefined</time></pt><closed_date>29-10-20 14:44:40:617</closed_date></polygon></object></annotation>