<annotation><filename>m4_s10_154_p_ic010.jpg</filename><folder>users/joselusava//valeria/m04_s10_154_ic</folder><source><submittedBy>Jose Saca</submittedBy></source><imagesize><nrows>2970</nrows><ncols>4451</ncols></imagesize><object><name>m4_s10_154_p_ic010</name><deleted>0</deleted><verified>0</verified><occluded>no</occluded><attributes></attributes><parts><hasparts></hasparts><ispartof></ispartof></parts><date>13-10-20 17:12:04:531</date><id>0</id><type>bounding_box</type><polygon><username>anonymous</username><pt><x>1271</x><y>2683</y><time>13-10-20 17:11:58:564</time></pt><pt><x>3032</x><y>2683</y><time>13-10-20 17:12:01:199</time></pt><pt><x>3032</x><y>399</y><time>undefined</time></pt><pt><x>1271</x><y>399</y><time>undefined</time></pt><closed_date>13-10-20 17:12:01:200</closed_date></polygon></object></annotation>