<annotation><filename>m4_s03_025_p_nic016.jpg</filename><folder>users/joselusava//santiago_3</folder><source><submittedBy>Jose Saca</submittedBy></source><imagesize><nrows>2910</nrows><ncols>4361</ncols></imagesize><object><name>m4_s03_025_p_nic016</name><deleted>0</deleted><verified>0</verified><occluded>no</occluded><attributes></attributes><parts><hasparts></hasparts><ispartof></ispartof></parts><date>07-11-20 23:12:06:606</date><id>0</id><type>bounding_box</type><polygon><username>anonymous</username><pt><x>189</x><y>444</y><time>07-11-20 23:11:57:374</time></pt><pt><x>2483</x><y>444</y><time>07-11-20 23:11:59:140</time></pt><pt><x>2483</x><y>1815</y><time>undefined</time></pt><pt><x>189</x><y>1815</y><time>undefined</time></pt><closed_date>07-11-20 23:11:59:141</closed_date></polygon></object></annotation>