<annotation><filename>m4_s10_154_p_nic050.jpg</filename><folder>users/joselusava//valeria/m04_s10_154_nic</folder><source><submittedBy>Jose Saca</submittedBy></source><imagesize><nrows>2970</nrows><ncols>4451</ncols></imagesize><object><name>m4_s10_154_p_nic050</name><deleted>0</deleted><verified>0</verified><occluded>no</occluded><attributes></attributes><parts><hasparts></hasparts><ispartof></ispartof></parts><date>14-10-20 13:08:32:861</date><id>0</id><type>bounding_box</type><polygon><username>anonymous</username><pt><x>4147</x><y>2822</y><time>14-10-20 13:08:27:739</time></pt><pt><x>3147</x><y>2822</y><time>14-10-20 13:08:29:281</time></pt><pt><x>3147</x><y>1125</y><time>undefined</time></pt><pt><x>4147</x><y>1125</y><time>undefined</time></pt><closed_date>14-10-20 13:08:29:282</closed_date></polygon></object></annotation>