<annotation><filename>m2_s06_244_p_ic003.jpg</filename><folder>users/joselusava//museos2020</folder><source><submittedBy>Jose Saca</submittedBy></source><imagesize><nrows>2910</nrows><ncols>4361</ncols></imagesize><object><name>m2_s06_244_p_ic003</name><deleted>0</deleted><verified>0</verified><occluded>no</occluded><attributes></attributes><parts><hasparts></hasparts><ispartof></ispartof></parts><date>22-09-20 11:50:30:429</date><id>0</id><type>bounding_box</type><polygon><username>anonymous</username><pt><x>1190</x><y>975</y><time>22-09-20 11:50:21:259</time></pt><pt><x>3161</x><y>975</y><time>22-09-20 11:50:23:871</time></pt><pt><x>3161</x><y>2057</y><time>undefined</time></pt><pt><x>1190</x><y>2057</y><time>undefined</time></pt><closed_date>22-09-20 11:50:23:873</closed_date></polygon></object></annotation>