<annotation><filename>m4_s03_025_p_nic080.jpg</filename><folder>users/joselusava//santiago_3</folder><source><submittedBy>Jose Saca</submittedBy></source><imagesize><nrows>2910</nrows><ncols>4361</ncols></imagesize><object><name>m4_s03_025_p_nic080</name><deleted>0</deleted><verified>0</verified><occluded>no</occluded><attributes></attributes><parts><hasparts></hasparts><ispartof></ispartof></parts><date>08-11-20 14:08:26:544</date><id>0</id><type>bounding_box</type><polygon><username>anonymous</username><pt><x>297</x><y>731</y><time>08-11-20 14:08:22:553</time></pt><pt><x>2969</x><y>731</y><time>08-11-20 14:08:24:009</time></pt><pt><x>2969</x><y>2046</y><time>undefined</time></pt><pt><x>297</x><y>2046</y><time>undefined</time></pt><closed_date>08-11-20 14:08:24:009</closed_date></polygon></object></annotation>