<annotation><filename>m2_s05_236_p_nic033.jpg</filename><folder>users/joselusava//museos2020</folder><source><submittedBy>Jose Saca</submittedBy></source><imagesize><nrows>2910</nrows><ncols>4361</ncols></imagesize><object><name>m2_s05_236_p_nic033</name><deleted>0</deleted><verified>0</verified><occluded>no</occluded><attributes></attributes><parts><hasparts></hasparts><ispartof></ispartof></parts><date>17-09-20 07:08:07:125</date><id>0</id><type>bounding_box</type><polygon><username>anonymous</username><pt><x>1506</x><y>107</y><time>17-09-20 07:07:58:574</time></pt><pt><x>4044</x><y>107</y><time>17-09-20 07:08:00:467</time></pt><pt><x>4044</x><y>1878</y><time>undefined</time></pt><pt><x>1506</x><y>1878</y><time>undefined</time></pt><closed_date>17-09-20 07:08:00:469</closed_date></polygon></object></annotation>