<annotation><filename>m2_s03_219_p_ic014.jpg</filename><folder>users/joselusava//valeria/m2_sala03_219_ic</folder><source><submittedBy>Jose Saca</submittedBy></source><imagesize><nrows>2910</nrows><ncols>4361</ncols></imagesize><object><name>m2_s03_219_p_ic014</name><deleted>0</deleted><verified>0</verified><occluded>no</occluded><attributes></attributes><parts><hasparts></hasparts><ispartof></ispartof></parts><date>28-09-20 23:49:23:852</date><id>0</id><type>bounding_box</type><polygon><username>anonymous</username><pt><x>998</x><y>204</y><time>28-09-20 23:49:18:495</time></pt><pt><x>3406</x><y>204</y><time>28-09-20 23:49:20:157</time></pt><pt><x>3406</x><y>2662</y><time>undefined</time></pt><pt><x>998</x><y>2662</y><time>undefined</time></pt><closed_date>28-09-20 23:49:20:158</closed_date></polygon></object></annotation>