<annotation><filename>m2_s01_010_p_ic028.jpg</filename><folder>users/joselusava//santiago</folder><source><submittedBy>Jose Saca</submittedBy></source><imagesize><nrows>2850</nrows><ncols>4271</ncols></imagesize><object><name>m2_s01_010_p_ic028</name><deleted>0</deleted><verified>0</verified><occluded>no</occluded><attributes></attributes><parts><hasparts></hasparts><ispartof></ispartof></parts><date>21-09-20 15:31:41:175</date><id>0</id><type>bounding_box</type><polygon><username>anonymous</username><pt><x>1122</x><y>414</y><time>21-09-20 15:31:33:644</time></pt><pt><x>3090</x><y>414</y><time>21-09-20 15:31:35:525</time></pt><pt><x>3090</x><y>2305</y><time>undefined</time></pt><pt><x>1122</x><y>2305</y><time>undefined</time></pt><closed_date>21-09-20 15:31:35:527</closed_date></polygon></object></annotation>