<annotation><filename>m2_s06_244_p_nic014.jpg</filename><folder>users/joselusava//museos2020</folder><source><submittedBy>Jose Saca</submittedBy></source><imagesize><nrows>2910</nrows><ncols>4361</ncols></imagesize><object><name>m2_s06_244_p_nic014</name><deleted>0</deleted><verified>0</verified><occluded>no</occluded><attributes></attributes><parts><hasparts></hasparts><ispartof></ispartof></parts><date>24-09-20 19:56:17:098</date><id>0</id><type>bounding_box</type><polygon><username>anonymous</username><pt><x>251</x><y>962</y><time>24-09-20 19:56:08:211</time></pt><pt><x>1957</x><y>962</y><time>24-09-20 19:56:11:113</time></pt><pt><x>1957</x><y>1734</y><time>undefined</time></pt><pt><x>251</x><y>1734</y><time>undefined</time></pt><closed_date>24-09-20 19:56:11:114</closed_date></polygon></object></annotation>