<annotation><filename>m2_s06_248_p_nic081.jpg</filename><folder>users/joselusava//museos2020</folder><source><submittedBy>Jose Saca</submittedBy></source><imagesize><nrows>2910</nrows><ncols>4361</ncols></imagesize><object><name>m2_s06_248_p_nic081</name><deleted>0</deleted><verified>0</verified><occluded>no</occluded><attributes></attributes><parts><hasparts></hasparts><ispartof></ispartof></parts><date>27-09-20 21:32:16:281</date><id>0</id><polygon><username>anonymous</username><pt><x>1725</x><y>841</y><time>27-09-20 21:31:59:908</time></pt><pt><x>3654</x><y>539</y><time>27-09-20 21:32:01:458</time></pt><pt><x>3863</x><y>809</y><time>27-09-20 21:32:02:265</time></pt><pt><x>2282</x><y>1799</y><time>27-09-20 21:32:03:425</time></pt><closed_date>27-09-20 21:32:04:707</closed_date></polygon></object></annotation>