<annotation><filename>m4_s06_089_p_nic018.jpg</filename><folder>users/joselusava//santiago_2</folder><source><submittedBy>Jose Saca</submittedBy></source><imagesize><nrows>2970</nrows><ncols>4451</ncols></imagesize><object><name>m4_s06_089_p_nic018</name><deleted>0</deleted><verified>0</verified><occluded>no</occluded><attributes></attributes><parts><hasparts></hasparts><ispartof></ispartof></parts><date>12-10-20 20:47:56:383</date><id>0</id><type>bounding_box</type><polygon><username>anonymous</username><pt><x>2492</x><y>336</y><time>12-10-20 20:47:52:362</time></pt><pt><x>4166</x><y>336</y><time>12-10-20 20:47:54:073</time></pt><pt><x>4166</x><y>2345</y><time>undefined</time></pt><pt><x>2492</x><y>2345</y><time>undefined</time></pt><closed_date>12-10-20 20:47:54:073</closed_date></polygon></object></annotation>