<annotation><filename>m4_s04_037_p_ic052.jpg</filename><folder>users/joselusava//santiago_2</folder><source><submittedBy>Jose Saca</submittedBy></source><imagesize><nrows>2970</nrows><ncols>4451</ncols></imagesize><object><name>m4_s04_037_p_ic052</name><deleted>0</deleted><verified>0</verified><occluded>no</occluded><attributes></attributes><parts><hasparts></hasparts><ispartof></ispartof></parts><date>18-10-20 17:36:43:596</date><id>0</id><type>bounding_box</type><polygon><username>anonymous</username><pt><x>1467</x><y>250</y><time>18-10-20 17:36:39:279</time></pt><pt><x>2945</x><y>250</y><time>18-10-20 17:36:40:748</time></pt><pt><x>2945</x><y>2677</y><time>undefined</time></pt><pt><x>1467</x><y>2677</y><time>undefined</time></pt><closed_date>18-10-20 17:36:40:749</closed_date></polygon></object></annotation>