<annotation><filename>m4_s10_164_p_nic025.jpg</filename><folder>users/joselusava//santiago_2</folder><source><submittedBy>Jose Saca</submittedBy></source><imagesize><nrows>2970</nrows><ncols>4451</ncols></imagesize><object><name>m4_s10_164_p_nic025</name><deleted>0</deleted><verified>0</verified><occluded>no</occluded><attributes></attributes><parts><hasparts></hasparts><ispartof></ispartof></parts><date>13-10-20 23:51:11:532</date><id>0</id><type>bounding_box</type><polygon><username>anonymous</username><pt><x>1567</x><y>1803</y><time>13-10-20 23:51:08:675</time></pt><pt><x>2124</x><y>1803</y><time>13-10-20 23:51:09:501</time></pt><pt><x>2124</x><y>2520</y><time>undefined</time></pt><pt><x>1567</x><y>2520</y><time>undefined</time></pt><closed_date>13-10-20 23:51:09:503</closed_date></polygon></object></annotation>