<annotation><filename>m1_s03-04_106_x.jpg</filename><folder>users/joselusava//valeria/sala03y04</folder><source><submittedBy>Jose Saca</submittedBy></source><imagesize><nrows>3200</nrows><ncols>4800</ncols></imagesize><object><name>m1_s03_s04_106_x</name><deleted>0</deleted><verified>0</verified><occluded>no</occluded><attributes></attributes><parts><hasparts></hasparts><ispartof></ispartof></parts><date>28-08-20 21:49:51:760</date><id>0</id><type>bounding_box</type><polygon><username>anonymous</username><pt><x>4451</x><y>2958</y><time>28-08-20 21:49:45:256</time></pt><pt><x>677</x><y>2958</y><time>28-08-20 21:49:47:937</time></pt><pt><x>677</x><y>166</y><time>undefined</time></pt><pt><x>4451</x><y>166</y><time>undefined</time></pt><closed_date>28-08-20 21:49:47:938</closed_date></polygon></object></annotation>