<annotation><filename>m4_s12_185_p_nic014.jpg</filename><folder>users/joselusava//valeria/m04_s12_185_nic</folder><source><submittedBy>Jose Saca</submittedBy></source><imagesize><nrows>2910</nrows><ncols>4361</ncols></imagesize><object><name>m4_s12_185_p_nic014</name><deleted>0</deleted><verified>0</verified><occluded>no</occluded><attributes></attributes><parts><hasparts></hasparts><ispartof></ispartof></parts><date>17-10-20 19:31:53:544</date><id>0</id><type>bounding_box</type><polygon><username>anonymous</username><pt><x>56</x><y>2496</y><time>17-10-20 19:31:46:483</time></pt><pt><x>2725</x><y>2496</y><time>17-10-20 19:31:49:378</time></pt><pt><x>2725</x><y>173</y><time>undefined</time></pt><pt><x>56</x><y>173</y><time>undefined</time></pt><closed_date>17-10-20 19:31:49:379</closed_date></polygon></object></annotation>