<annotation><filename>m4_s12_185_p_ic064.jpg</filename><folder>users/joselusava//valeria/m04_s12_185_ic</folder><source><submittedBy>Jose Saca</submittedBy></source><imagesize><nrows>2910</nrows><ncols>4361</ncols></imagesize><object><name>m4_s12_185_p_ic064</name><deleted>0</deleted><verified>0</verified><occluded>no</occluded><attributes></attributes><parts><hasparts></hasparts><ispartof></ispartof></parts><date>17-10-20 18:16:48:038</date><id>0</id><type>bounding_box</type><polygon><username>anonymous</username><pt><x>3749</x><y>2367</y><time>17-10-20 18:16:40:822</time></pt><pt><x>733</x><y>2367</y><time>17-10-20 18:16:44:336</time></pt><pt><x>733</x><y>11</y><time>undefined</time></pt><pt><x>3749</x><y>11</y><time>undefined</time></pt><closed_date>17-10-20 18:16:44:337</closed_date></polygon></object></annotation>