<annotation><filename>m1_s06_168_p_ic033.jpg</filename><folder>users/joselusava//jacob_2/168ic</folder><source><submittedBy>Jose Saca</submittedBy></source><imagesize><nrows>2736</nrows><ncols>4100</ncols></imagesize><object><name>m1_s06_168_p_ic033</name><deleted>0</deleted><verified>0</verified><occluded>no</occluded><attributes></attributes><parts><hasparts></hasparts><ispartof></ispartof></parts><date>08-09-20 19:49:26:403</date><id>0</id><type>bounding_box</type><polygon><username>anonymous</username><pt><x>1506</x><y>25</y><time>08-09-20 19:49:24:257</time></pt><pt><x>2471</x><y>25</y><time>08-09-20 19:49:25:792</time></pt><pt><x>2471</x><y>2431</y><time>undefined</time></pt><pt><x>1506</x><y>2431</y><time>undefined</time></pt><closed_date>08-09-20 19:49:25:793</closed_date></polygon></object></annotation>