<annotation><filename>m4_s05_052_p_ic080.jpg</filename><folder>users/joselusava//santiago_2</folder><source><submittedBy>Jose Saca</submittedBy></source><imagesize><nrows>2910</nrows><ncols>4361</ncols></imagesize><object><name>m4_s05_052_p_ic080</name><deleted>0</deleted><verified>0</verified><occluded>no</occluded><attributes></attributes><parts><hasparts></hasparts><ispartof></ispartof></parts><date>07-10-20 23:01:34:136</date><id>0</id><type>bounding_box</type><polygon><username>anonymous</username><pt><x>1528</x><y>537</y><time>07-10-20 23:01:31:037</time></pt><pt><x>2986</x><y>537</y><time>07-10-20 23:01:32:326</time></pt><pt><x>2986</x><y>2588</y><time>undefined</time></pt><pt><x>1528</x><y>2588</y><time>undefined</time></pt><closed_date>07-10-20 23:01:32:327</closed_date></polygon></object></annotation>