<annotation><filename>m4_s04_037_p_ic014.jpg</filename><folder>users/joselusava//santiago_2</folder><source><submittedBy>Jose Saca</submittedBy></source><imagesize><nrows>2970</nrows><ncols>4451</ncols></imagesize><object><name>m4_s04_037_p_ic014</name><deleted>0</deleted><verified>0</verified><occluded>no</occluded><attributes></attributes><parts><hasparts></hasparts><ispartof></ispartof></parts><date>17-10-20 21:22:21:511</date><id>0</id><type>bounding_box</type><polygon><username>anonymous</username><pt><x>1749</x><y>239</y><time>17-10-20 21:22:17:388</time></pt><pt><x>3095</x><y>239</y><time>17-10-20 21:22:18:941</time></pt><pt><x>3095</x><y>2599</y><time>undefined</time></pt><pt><x>1749</x><y>2599</y><time>undefined</time></pt><closed_date>17-10-20 21:22:18:942</closed_date></polygon></object></annotation>