<annotation><filename>m2_s05_236_p_nic080.jpg</filename><folder>users/joselusava//museos2020</folder><source><submittedBy>Jose Saca</submittedBy></source><imagesize><nrows>2910</nrows><ncols>4361</ncols></imagesize><object><name>m2_s05_236_p_nic080</name><deleted>0</deleted><verified>0</verified><occluded>no</occluded><attributes></attributes><parts><hasparts></hasparts><ispartof></ispartof></parts><date>17-09-20 09:09:07:681</date><id>0</id><type>bounding_box</type><polygon><username>anonymous</username><pt><x>1181</x><y>586</y><time>17-09-20 09:08:58:395</time></pt><pt><x>4072</x><y>586</y><time>17-09-20 09:09:00:651</time></pt><pt><x>4072</x><y>2612</y><time>undefined</time></pt><pt><x>1181</x><y>2612</y><time>undefined</time></pt><closed_date>17-09-20 09:09:00:651</closed_date></polygon></object></annotation>