<annotation><filename>m3_s01_013_p_nic069.jpg</filename><folder>users/joselusava//valeria/m03_s01_13_nic</folder><source><submittedBy>Jose Saca</submittedBy></source><imagesize><nrows>2970</nrows><ncols>4451</ncols></imagesize><object><name>m3_s01_013_p_nic069</name><deleted>0</deleted><verified>0</verified><occluded>no</occluded><attributes></attributes><parts><hasparts></hasparts><ispartof></ispartof></parts><date>06-11-20 23:56:46:398</date><id>0</id><type>bounding_box</type><polygon><username>anonymous</username><pt><x>4238</x><y>2776</y><time>06-11-20 23:56:37:527</time></pt><pt><x>1542</x><y>2776</y><time>06-11-20 23:56:41:596</time></pt><pt><x>1542</x><y>120</y><time>undefined</time></pt><pt><x>4238</x><y>120</y><time>undefined</time></pt><closed_date>06-11-20 23:56:41:596</closed_date></polygon></object></annotation>