<annotation><filename>m1_s01_004_p_nic043.jpg</filename><folder>users/joselusava//valeria_apoyo/sala01_004_nic</folder><source><submittedBy>Jose Saca</submittedBy></source><imagesize><nrows>3200</nrows><ncols>4800</ncols></imagesize><object><name>m1_s01_004_p_nic043</name><deleted>0</deleted><verified>0</verified><occluded>no</occluded><attributes></attributes><parts><hasparts></hasparts><ispartof></ispartof></parts><date>16-09-20 22:26:32:302</date><id>0</id><type>bounding_box</type><polygon><username>anonymous</username><pt><x>67</x><y>3152</y><time>16-09-20 22:26:25:072</time></pt><pt><x>3424</x><y>3152</y><time>16-09-20 22:26:27:118</time></pt><pt><x>3424</x><y>1594</y><time>undefined</time></pt><pt><x>67</x><y>1594</y><time>undefined</time></pt><closed_date>16-09-20 22:26:27:119</closed_date></polygon></object></annotation>