<annotation><filename>m4_s02_021_p_nic085.jpg</filename><folder>users/joselusava//santiago_2</folder><source><submittedBy>Jose Saca</submittedBy></source><imagesize><nrows>2910</nrows><ncols>4361</ncols></imagesize><object><name>m4_s02_021_p_nic085</name><deleted>0</deleted><verified>0</verified><occluded>no</occluded><attributes></attributes><parts><hasparts></hasparts><ispartof></ispartof></parts><date>05-10-20 11:52:18:365</date><id>0</id><type>bounding_box</type><polygon><username>anonymous</username><pt><x>2706</x><y>485</y><time>05-10-20 11:52:15:107</time></pt><pt><x>3793</x><y>485</y><time>05-10-20 11:52:16:367</time></pt><pt><x>3793</x><y>2377</y><time>undefined</time></pt><pt><x>2706</x><y>2377</y><time>undefined</time></pt><closed_date>05-10-20 11:52:16:367</closed_date></polygon></object></annotation>