<annotation><filename>m4_s04_047_p_nic055.jpg</filename><folder>users/joselusava//kath/kath_m4_047/nic</folder><source><submittedBy>Jose Saca</submittedBy></source><imagesize><nrows>2970</nrows><ncols>4451</ncols></imagesize><object><name>m4_s04_047_p_nic055</name><deleted>0</deleted><verified>0</verified><occluded>no</occluded><attributes></attributes><parts><hasparts></hasparts><ispartof></ispartof></parts><date>24-10-20 19:09:21:678</date><id>0</id><type>bounding_box</type><polygon><username>anonymous</username><pt><x>2511</x><y>1165</y><time>24-10-20 19:09:15:645</time></pt><pt><x>3310</x><y>1165</y><time>24-10-20 19:09:17:985</time></pt><pt><x>3310</x><y>2630</y><time>undefined</time></pt><pt><x>2511</x><y>2630</y><time>undefined</time></pt><closed_date>24-10-20 19:09:17:987</closed_date></polygon></object></annotation>