<annotation><filename>m2_s01_032_p_ic084.jpg</filename><folder>users/joselusava//santiago_2</folder><source><submittedBy>Jose Saca</submittedBy></source><imagesize><nrows>2850</nrows><ncols>4271</ncols></imagesize><object><name>m2_s01_032_p_ic084</name><deleted>0</deleted><verified>0</verified><occluded>no</occluded><attributes></attributes><parts><hasparts></hasparts><ispartof></ispartof></parts><date>30-09-20 17:16:34:659</date><id>0</id><type>bounding_box</type><polygon><username>anonymous</username><pt><x>1337</x><y>85</y><time>30-09-20 17:16:24:393</time></pt><pt><x>3152</x><y>85</y><time>30-09-20 17:16:27:062</time></pt><pt><x>3152</x><y>2534</y><time>undefined</time></pt><pt><x>1337</x><y>2534</y><time>undefined</time></pt><closed_date>30-09-20 17:16:27:062</closed_date></polygon></object></annotation>