<annotation><filename>m1_s01_021_p_ic060.jpg</filename><folder>users/joselusava//santiago</folder><source><submittedBy>Jose Saca</submittedBy></source><imagesize><nrows>3200</nrows><ncols>4800</ncols></imagesize><object><name>m1_s01_021_p_ic060</name><deleted>0</deleted><verified>0</verified><occluded>no</occluded><attributes></attributes><parts><hasparts></hasparts><ispartof></ispartof></parts><date>14-09-20 23:36:19:827</date><id>0</id><type>bounding_box</type><polygon><username>anonymous</username><pt><x>1742</x><y>688</y><time>14-09-20 23:36:10:771</time></pt><pt><x>2959</x><y>688</y><time>14-09-20 23:36:12:949</time></pt><pt><x>2959</x><y>2300</y><time>undefined</time></pt><pt><x>1742</x><y>2300</y><time>undefined</time></pt><closed_date>14-09-20 23:36:12:950</closed_date></polygon></object></annotation>