<annotation><filename>img_m1_s03-04_101_p_ic002.jpg</filename><folder>users/joselusava//valeria/sala3y4_101_ic</folder><source><submittedBy>Jose Saca</submittedBy></source><imagesize><nrows>3200</nrows><ncols>4800</ncols></imagesize><object><name>m1_s03_s04_101_p_ic002</name><deleted>0</deleted><verified>0</verified><occluded>no</occluded><attributes></attributes><parts><hasparts></hasparts><ispartof></ispartof></parts><date>28-08-20 22:17:37:265</date><id>0</id><type>bounding_box</type><polygon><username>anonymous</username><pt><x>4795</x><y>3119</y><time>28-08-20 22:17:29:714</time></pt><pt><x>526</x><y>3119</y><time>28-08-20 22:17:33:321</time></pt><pt><x>526</x><y>827</y><time>undefined</time></pt><pt><x>4795</x><y>827</y><time>undefined</time></pt><closed_date>28-08-20 22:17:33:321</closed_date></polygon></object></annotation>