<annotation><filename>m2_s06_246_x.jpg</filename><folder>users/joselusava//museos2020</folder><source><submittedBy>Jose Saca</submittedBy></source><imagesize><nrows>2910</nrows><ncols>4361</ncols></imagesize><object><name>m2_s06_246_x</name><deleted>0</deleted><verified>0</verified><occluded>no</occluded><attributes></attributes><parts><hasparts></hasparts><ispartof></ispartof></parts><date>27-09-20 21:53:18:493</date><id>0</id><type>bounding_box</type><polygon><username>anonymous</username><pt><x>669</x><y>674</y><time>27-09-20 21:53:07:582</time></pt><pt><x>3454</x><y>674</y><time>27-09-20 21:53:11:379</time></pt><pt><x>3454</x><y>2031</y><time>undefined</time></pt><pt><x>669</x><y>2031</y><time>undefined</time></pt><closed_date>27-09-20 21:53:11:380</closed_date></polygon></object></annotation>