<annotation><filename>m4_s10_153_x.jpg</filename><folder>users/joselusava//kath/m4_x</folder><source><submittedBy>Jose Saca</submittedBy></source><imagesize><nrows>2970</nrows><ncols>4451</ncols></imagesize><object><name>m4_s10_153_x</name><deleted>0</deleted><verified>0</verified><occluded>no</occluded><attributes></attributes><parts><hasparts></hasparts><ispartof></ispartof></parts><date>21-10-20 12:02:50:813</date><id>0</id><polygon><username>anonymous</username><pt><x>288</x><y>135</y><time>21-10-20 12:02:38:188</time></pt><pt><x>423</x><y>2869</y><time>21-10-20 12:02:39:372</time></pt><pt><x>4119</x><y>2855</y><time>21-10-20 12:02:40:968</time></pt><pt><x>4239</x><y>120</y><time>21-10-20 12:02:42:274</time></pt><closed_date>21-10-20 12:02:43:968</closed_date></polygon></object></annotation>