<annotation><filename>m2_s01_018_p_ic096.jpg</filename><folder>users/joselusava//santiago_2</folder><source><submittedBy>Jose Saca</submittedBy></source><imagesize><nrows>2850</nrows><ncols>4271</ncols></imagesize><object><name>m2_s01_018_p_ic096</name><deleted>0</deleted><verified>0</verified><occluded>no</occluded><attributes></attributes><parts><hasparts></hasparts><ispartof></ispartof></parts><date>28-09-20 18:51:17:459</date><id>0</id><type>bounding_box</type><polygon><username>anonymous</username><pt><x>1613</x><y>708</y><time>28-09-20 18:51:09:108</time></pt><pt><x>2645</x><y>708</y><time>28-09-20 18:51:10:226</time></pt><pt><x>2645</x><y>1933</y><time>undefined</time></pt><pt><x>1613</x><y>1933</y><time>undefined</time></pt><closed_date>28-09-20 18:51:10:227</closed_date></polygon></object></annotation>