<annotation><filename>m3_s01_013_p_nic017.jpg</filename><folder>users/joselusava//valeria/m03_s01_13_nic</folder><source><submittedBy>Jose Saca</submittedBy></source><imagesize><nrows>2970</nrows><ncols>4451</ncols></imagesize><object><name>m3_s01_013_p_nic017</name><deleted>0</deleted><verified>0</verified><occluded>no</occluded><attributes></attributes><parts><hasparts></hasparts><ispartof></ispartof></parts><date>06-11-20 21:07:19:365</date><id>0</id><type>bounding_box</type><polygon><username>anonymous</username><pt><x>17</x><y>2724</y><time>06-11-20 21:07:12:153</time></pt><pt><x>2833</x><y>2724</y><time>06-11-20 21:07:16:157</time></pt><pt><x>2833</x><y>685</y><time>undefined</time></pt><pt><x>17</x><y>685</y><time>undefined</time></pt><closed_date>06-11-20 21:07:16:158</closed_date></polygon></object></annotation>