<annotation><filename>m2_s01_054_p_nic005.jpg</filename><folder>users/joselusava//kath</folder><source><submittedBy>Jose Saca</submittedBy></source><imagesize><nrows>2850</nrows><ncols>4271</ncols></imagesize><object><name>m2_s01_054_p_nic005</name><deleted>0</deleted><verified>0</verified><occluded>no</occluded><attributes></attributes><parts><hasparts></hasparts><ispartof></ispartof></parts><date>30-09-20 10:59:24:296</date><id>0</id><type>bounding_box</type><polygon><username>anonymous</username><pt><x>2962</x><y>288</y><time>30-09-20 10:59:20:739</time></pt><pt><x>3770</x><y>288</y><time>30-09-20 10:59:22:061</time></pt><pt><x>3770</x><y>1383</y><time>undefined</time></pt><pt><x>2962</x><y>1383</y><time>undefined</time></pt><closed_date>30-09-20 10:59:22:061</closed_date></polygon></object></annotation>