<annotation><filename>m2_s07_264_p_nic072.jpg</filename><folder>users/joselusava//valeria/sala7_264_nic</folder><source><submittedBy>Jose Saca</submittedBy></source><imagesize><nrows>2910</nrows><ncols>4361</ncols></imagesize><object><name>m2_s07_264_p_nic072</name><deleted>0</deleted><verified>0</verified><occluded>no</occluded><attributes></attributes><parts><hasparts></hasparts><ispartof></ispartof></parts><date>23-09-20 21:17:16:496</date><id>0</id><type>bounding_box</type><polygon><username>anonymous</username><pt><x>176</x><y>2403</y><time>23-09-20 21:17:12:084</time></pt><pt><x>1538</x><y>2403</y><time>23-09-20 21:17:13:739</time></pt><pt><x>1538</x><y>678</y><time>undefined</time></pt><pt><x>176</x><y>678</y><time>undefined</time></pt><closed_date>23-09-20 21:17:13:740</closed_date></polygon></object></annotation>