<annotation><filename>m4_s10_157_p_ic035.jpg</filename><folder>users/joselusava//valeria/m04_s10_157_nic</folder><source><submittedBy>Jose Saca</submittedBy></source><imagesize><nrows>2970</nrows><ncols>4451</ncols></imagesize><object><name>m4_s10_157_p_nic035</name><deleted>0</deleted><verified>0</verified><occluded>no</occluded><attributes></attributes><parts><hasparts></hasparts><ispartof></ispartof></parts><date>12-10-20 20:24:31:428</date><id>0</id><type>bounding_box</type><polygon><username>anonymous</username><pt><x>1581</x><y>2818</y><time>12-10-20 20:24:23:711</time></pt><pt><x>3246</x><y>2818</y><time>12-10-20 20:24:26:347</time></pt><pt><x>3246</x><y>855</y><time>undefined</time></pt><pt><x>1581</x><y>855</y><time>undefined</time></pt><closed_date>12-10-20 20:24:26:348</closed_date></polygon></object></annotation>