<annotation><filename>m1_s06_141_p_nic066.jpg</filename><folder>users/joselusava//jacob_2/141nic</folder><source><submittedBy>Jose Saca</submittedBy></source><imagesize><nrows>2736</nrows><ncols>4100</ncols></imagesize><object><name>m1_s06_141_p_nic066</name><deleted>0</deleted><verified>0</verified><occluded>no</occluded><attributes></attributes><parts><hasparts></hasparts><ispartof></ispartof></parts><date>05-09-20 19:56:24:035</date><id>0</id><type>bounding_box</type><polygon><username>anonymous</username><pt><x>1842</x><y>228</y><time>05-09-20 19:56:21:063</time></pt><pt><x>2576</x><y>228</y><time>05-09-20 19:56:23:410</time></pt><pt><x>2576</x><y>1671</y><time>undefined</time></pt><pt><x>1842</x><y>1671</y><time>undefined</time></pt><closed_date>05-09-20 19:56:23:410</closed_date></polygon></object></annotation>