<annotation><filename>m1_s01_005_p_nic009.jpg</filename><folder>users/joselusava//museos2020</folder><source><submittedBy>Jose Saca</submittedBy></source><imagesize><nrows>2000</nrows><ncols>2992</ncols></imagesize><object><name>m1_s01_005_p_nic009</name><deleted>0</deleted><verified>0</verified><occluded>no</occluded><attributes></attributes><parts><hasparts></hasparts><ispartof></ispartof></parts><date>13-09-20 22:41:21:900</date><id>0</id><type>bounding_box</type><polygon><username>anonymous</username><pt><x>565</x><y>211</y><time>13-09-20 22:41:13:938</time></pt><pt><x>1284</x><y>211</y><time>13-09-20 22:41:14:936</time></pt><pt><x>1284</x><y>930</y><time>undefined</time></pt><pt><x>565</x><y>930</y><time>undefined</time></pt><closed_date>13-09-20 22:41:14:937</closed_date></polygon></object></annotation>