<annotation><filename>m4_s06_089_p_nic041.jpg</filename><folder>users/joselusava//santiago_2</folder><source><submittedBy>Jose Saca</submittedBy></source><imagesize><nrows>2970</nrows><ncols>4451</ncols></imagesize><object><name>m4_s06_089_p_nic041</name><deleted>0</deleted><verified>0</verified><occluded>no</occluded><attributes></attributes><parts><hasparts></hasparts><ispartof></ispartof></parts><date>12-10-20 21:08:09:859</date><id>0</id><type>bounding_box</type><polygon><username>anonymous</username><pt><x>945</x><y>184</y><time>12-10-20 21:08:04:855</time></pt><pt><x>2265</x><y>184</y><time>12-10-20 21:08:06:381</time></pt><pt><x>2265</x><y>1928</y><time>undefined</time></pt><pt><x>945</x><y>1928</y><time>undefined</time></pt><closed_date>12-10-20 21:08:06:381</closed_date></polygon></object></annotation>