<annotation><filename>m1_s02_029_p_nic075.jpg</filename><folder>users/joselusava//valeria/sala2_029_nic</folder><source><submittedBy>Jose Saca</submittedBy></source><imagesize><nrows>3200</nrows><ncols>4800</ncols></imagesize><object><name>m1_s02_029_p_nic075</name><deleted>0</deleted><verified>0</verified><occluded>no</occluded><attributes></attributes><parts><hasparts></hasparts><ispartof></ispartof></parts><date>26-08-20 20:24:44:749</date><id>0</id><type>bounding_box</type><polygon><username>anonymous</username><pt><x>1031</x><y>1820</y><time>26-08-20 20:24:38:220</time></pt><pt><x>2008</x><y>1820</y><time>26-08-20 20:24:41:697</time></pt><pt><x>2008</x><y>2969</y><time>undefined</time></pt><pt><x>1031</x><y>2969</y><time>undefined</time></pt><closed_date>26-08-20 20:24:41:698</closed_date></polygon></object></annotation>