<annotation><filename>m1_s01_004_p_ic029.jpg</filename><folder>users/joselusava//valeria_apoyo/sala001_004ic_ok</folder><source><submittedBy>Jose Saca</submittedBy></source><imagesize><nrows>2000</nrows><ncols>2992</ncols></imagesize><object><name>m1_s01_004_p_ic029</name><deleted>0</deleted><verified>0</verified><occluded>no</occluded><attributes></attributes><parts><hasparts></hasparts><ispartof></ispartof></parts><date>15-09-20 22:53:13:025</date><id>0</id><type>bounding_box</type><polygon><username>anonymous</username><pt><x>2356</x><y>409</y><time>15-09-20 22:53:07:537</time></pt><pt><x>208</x><y>409</y><time>15-09-20 22:53:09:635</time></pt><pt><x>208</x><y>1731</y><time>undefined</time></pt><pt><x>2356</x><y>1731</y><time>undefined</time></pt><closed_date>15-09-20 22:53:09:638</closed_date></polygon></object></annotation>