<annotation><filename>m1_s01_021_p_nic057.jpg</filename><folder>users/joselusava//santiago</folder><source><submittedBy>Jose Saca</submittedBy></source><imagesize><nrows>3200</nrows><ncols>4800</ncols></imagesize><object><name>m1_s01_021_p_nic057</name><deleted>0</deleted><verified>0</verified><occluded>no</occluded><attributes></attributes><parts><hasparts></hasparts><ispartof></ispartof></parts><date>16-09-20 18:08:37:767</date><id>0</id><type>bounding_box</type><polygon><username>anonymous</username><pt><x>2300</x><y>486</y><time>16-09-20 18:08:31:101</time></pt><pt><x>2707</x><y>486</y><time>16-09-20 18:08:32:073</time></pt><pt><x>2707</x><y>1123</y><time>undefined</time></pt><pt><x>2300</x><y>1123</y><time>undefined</time></pt><closed_date>16-09-20 18:08:32:074</closed_date></polygon></object></annotation>