<annotation><filename>m2_s07_271_x.jpg</filename><folder>users/joselusava//museos2020</folder><source><submittedBy>Jose Saca</submittedBy></source><imagesize><nrows>2910</nrows><ncols>4361</ncols></imagesize><object><name>m2_s07_271_x</name><deleted>0</deleted><verified>0</verified><occluded>no</occluded><attributes></attributes><parts><hasparts></hasparts><ispartof></ispartof></parts><date>27-09-20 22:14:28:144</date><id>0</id><type>bounding_box</type><polygon><username>anonymous</username><pt><x>697</x><y>358</y><time>27-09-20 22:14:19:700</time></pt><pt><x>3751</x><y>358</y><time>27-09-20 22:14:21:278</time></pt><pt><x>3751</x><y>2571</y><time>undefined</time></pt><pt><x>697</x><y>2571</y><time>undefined</time></pt><closed_date>27-09-20 22:14:21:279</closed_date></polygon></object></annotation>