<annotation><filename>m1_s02_065_p_nic094.jpg</filename><folder>users/joselusava//valeria/sala2_065_nic</folder><source><submittedBy>Jose Saca</submittedBy></source><imagesize><nrows>2000</nrows><ncols>2992</ncols></imagesize><object><name>m1_s02_065_p_nic094</name><deleted>0</deleted><verified>0</verified><occluded>no</occluded><attributes></attributes><parts><hasparts></hasparts><ispartof></ispartof></parts><date>28-08-20 00:43:30:688</date><id>0</id><type>bounding_box</type><polygon><username>anonymous</username><pt><x>1668</x><y>1077</y><time>28-08-20 00:43:25:187</time></pt><pt><x>117</x><y>1077</y><time>28-08-20 00:43:27:736</time></pt><pt><x>117</x><y>336</y><time>undefined</time></pt><pt><x>1668</x><y>336</y><time>undefined</time></pt><closed_date>28-08-20 00:43:27:737</closed_date></polygon></object></annotation>