<annotation><filename>m4_s04_045_p_nic013.jpg</filename><folder>users/joselusava//valeria/m04_s04_45_nic</folder><source><submittedBy>Jose Saca</submittedBy></source><imagesize><nrows>2970</nrows><ncols>4451</ncols></imagesize><object><name>m4_s04_045_p_nic013</name><deleted>0</deleted><verified>0</verified><occluded>no</occluded><attributes></attributes><parts><hasparts></hasparts><ispartof></ispartof></parts><date>20-10-20 00:15:39:534</date><id>0</id><type>bounding_box</type><polygon><username>anonymous</username><pt><x>1885</x><y>1536</y><time>20-10-20 00:15:34:239</time></pt><pt><x>2650</x><y>1536</y><time>20-10-20 00:15:36:227</time></pt><pt><x>2650</x><y>114</y><time>undefined</time></pt><pt><x>1885</x><y>114</y><time>undefined</time></pt><closed_date>20-10-20 00:15:36:228</closed_date></polygon></object></annotation>