<annotation><filename>m4_s04_045_p_ic089.jpg</filename><folder>users/joselusava//valeria/m04_s04_45_ic</folder><source><submittedBy>Jose Saca</submittedBy></source><imagesize><nrows>2970</nrows><ncols>4451</ncols></imagesize><object><name>m4_s04_045_p_ic089</name><deleted>0</deleted><verified>0</verified><occluded>no</occluded><attributes></attributes><parts><hasparts></hasparts><ispartof></ispartof></parts><date>19-10-20 23:47:05:812</date><id>0</id><type>bounding_box</type><polygon><username>anonymous</username><pt><x>1542</x><y>2519</y><time>19-10-20 23:46:59:415</time></pt><pt><x>2936</x><y>2519</y><time>19-10-20 23:47:01:999</time></pt><pt><x>2936</x><y>194</y><time>undefined</time></pt><pt><x>1542</x><y>194</y><time>undefined</time></pt><closed_date>19-10-20 23:47:02:000</closed_date></polygon></object></annotation>