<annotation><filename>m2_s01_018_p_ic038.jpg</filename><folder>users/joselusava//santiago_2</folder><source><submittedBy>Jose Saca</submittedBy></source><imagesize><nrows>2850</nrows><ncols>4271</ncols></imagesize><object><name>m2_s01_018_p_ic038</name><deleted>0</deleted><verified>0</verified><occluded>no</occluded><attributes></attributes><parts><hasparts></hasparts><ispartof></ispartof></parts><date>28-09-20 16:23:55:462</date><id>0</id><type>bounding_box</type><polygon><username>anonymous</username><pt><x>1270</x><y>971</y><time>28-09-20 16:23:51:486</time></pt><pt><x>2715</x><y>971</y><time>28-09-20 16:23:52:834</time></pt><pt><x>2715</x><y>2584</y><time>undefined</time></pt><pt><x>1270</x><y>2584</y><time>undefined</time></pt><closed_date>28-09-20 16:23:52:836</closed_date></polygon></object></annotation>