<annotation><filename>m4_s05_060_p_ic024.jpg</filename><folder>users/joselusava//m4_js/60/ic</folder><source><submittedBy>Jose Saca</submittedBy></source><imagesize><nrows>2910</nrows><ncols>4361</ncols></imagesize><object><name>m4_s05_060_p_ic024</name><deleted>0</deleted><verified>0</verified><occluded>no</occluded><attributes></attributes><parts><hasparts></hasparts><ispartof></ispartof></parts><date>13-10-20 15:43:33:813</date><id>0</id><type>bounding_box</type><polygon><username>anonymous</username><pt><x>4117</x><y>2237</y><time>13-10-20 15:43:31:112</time></pt><pt><x>575</x><y>2237</y><time>13-10-20 15:43:32:670</time></pt><pt><x>575</x><y>688</y><time>undefined</time></pt><pt><x>4117</x><y>688</y><time>undefined</time></pt><closed_date>13-10-20 15:43:32:671</closed_date></polygon></object></annotation>