<annotation><filename>m2_s01_010_p_nic087.jpg</filename><folder>users/joselusava//santiago</folder><source><submittedBy>Jose Saca</submittedBy></source><imagesize><nrows>2850</nrows><ncols>4271</ncols></imagesize><object><name>m2_s01_010_p_nic087</name><deleted>0</deleted><verified>0</verified><occluded>no</occluded><attributes></attributes><parts><hasparts></hasparts><ispartof></ispartof></parts><date>22-09-20 21:42:51:603</date><id>0</id><type>bounding_box</type><polygon><username>anonymous</username><pt><x>686</x><y>1215</y><time>22-09-20 21:42:47:754</time></pt><pt><x>1689</x><y>1215</y><time>22-09-20 21:42:48:615</time></pt><pt><x>1689</x><y>2308</y><time>undefined</time></pt><pt><x>686</x><y>2308</y><time>undefined</time></pt><closed_date>22-09-20 21:42:48:615</closed_date></polygon></object></annotation>