<annotation><filename>m4_s04_037_p_ic085.jpg</filename><folder>users/joselusava//santiago_2</folder><source><submittedBy>Jose Saca</submittedBy></source><imagesize><nrows>2970</nrows><ncols>4451</ncols></imagesize><object><name>m4_s04_037_p_ic085</name><deleted>0</deleted><verified>0</verified><occluded>no</occluded><attributes></attributes><parts><hasparts></hasparts><ispartof></ispartof></parts><date>18-10-20 22:22:37:698</date><id>0</id><type>bounding_box</type><polygon><username>anonymous</username><pt><x>1846</x><y>550</y><time>18-10-20 22:22:32:223</time></pt><pt><x>2966</x><y>550</y><time>18-10-20 22:22:34:136</time></pt><pt><x>2966</x><y>2281</y><time>undefined</time></pt><pt><x>1846</x><y>2281</y><time>undefined</time></pt><closed_date>18-10-20 22:22:34:136</closed_date></polygon></object></annotation>