<annotation><filename>m3_s01_010_p_nic033.jpg</filename><folder>users/joselusava//m4_js/m3/10/nic</folder><source><submittedBy>Jose Saca</submittedBy></source><imagesize><nrows>2970</nrows><ncols>4451</ncols></imagesize><object><name>m3_s01_010_p_nic033</name><deleted>0</deleted><verified>0</verified><occluded>no</occluded><attributes></attributes><parts><hasparts></hasparts><ispartof></ispartof></parts><date>29-10-20 13:42:41:942</date><id>0</id><type>bounding_box</type><polygon><username>anonymous</username><pt><x>4451</x><y>2960</y><time>29-10-20 13:42:40:207</time></pt><pt><x>1246</x><y>2960</y><time>29-10-20 13:42:41:216</time></pt><pt><x>1246</x><y>756</y><time>undefined</time></pt><pt><x>4451</x><y>756</y><time>undefined</time></pt><closed_date>29-10-20 13:42:41:216</closed_date></polygon></object></annotation>