<annotation><filename>m1_s06_144_p_nic082.jpg</filename><folder>users/joselusava//jacob_2/144nic</folder><source><submittedBy>Jose Saca</submittedBy></source><imagesize><nrows>2736</nrows><ncols>4100</ncols></imagesize><object><name>m1_s06_144_p_nic082</name><deleted>0</deleted><verified>0</verified><occluded>no</occluded><attributes></attributes><parts><hasparts></hasparts><ispartof></ispartof></parts><date>08-09-20 13:59:22:732</date><id>0</id><type>bounding_box</type><polygon><username>anonymous</username><pt><x>3701</x><y>2021</y><time>08-09-20 13:59:20:353</time></pt><pt><x>1973</x><y>2021</y><time>08-09-20 13:59:22:114</time></pt><pt><x>1973</x><y>579</y><time>undefined</time></pt><pt><x>3701</x><y>579</y><time>undefined</time></pt><closed_date>08-09-20 13:59:22:114</closed_date></polygon></object></annotation>