<annotation><filename>m4_s12_186_p_nic065.jpg</filename><folder>users/joselusava//m4_js/186/nic</folder><source><submittedBy>Jose Saca</submittedBy></source><imagesize><nrows>3899</nrows><ncols>5844</ncols></imagesize><object><name>m4_s12_186_p_nic064</name><deleted>0</deleted><verified>0</verified><occluded>no</occluded><attributes></attributes><parts><hasparts></hasparts><ispartof></ispartof></parts><date>18-10-20 12:10:57:201</date><id>0</id><type>bounding_box</type><polygon><username>anonymous</username><pt><x>2578</x><y>3616</y><time>18-10-20 12:10:54:266</time></pt><pt><x>0</x><y>3616</y><time>18-10-20 12:10:56:488</time></pt><pt><x>0</x><y>198</y><time>undefined</time></pt><pt><x>2578</x><y>198</y><time>undefined</time></pt><closed_date>18-10-20 12:10:56:488</closed_date></polygon></object></annotation>