<annotation><filename>m4_s11_178_p_ic020.jpg</filename><folder>users/joselusava//santiago_2</folder><source><submittedBy>Jose Saca</submittedBy></source><imagesize><nrows>2970</nrows><ncols>4451</ncols></imagesize><object><name>m4_s11_178_p_ic020</name><deleted>0</deleted><verified>0</verified><occluded>no</occluded><attributes></attributes><parts><hasparts></hasparts><ispartof></ispartof></parts><date>15-10-20 21:21:13:114</date><id>0</id><type>bounding_box</type><polygon><username>anonymous</username><pt><x>1523</x><y>765</y><time>15-10-20 21:21:09:211</time></pt><pt><x>2893</x><y>765</y><time>15-10-20 21:21:11:220</time></pt><pt><x>2893</x><y>2215</y><time>undefined</time></pt><pt><x>1523</x><y>2215</y><time>undefined</time></pt><closed_date>15-10-20 21:21:11:220</closed_date></polygon></object></annotation>