<annotation><filename>m2_s03_248_p_ic075.jpg</filename><folder>users/joselusava//museos2020</folder><source><submittedBy>Jose Saca</submittedBy></source><imagesize><nrows>2910</nrows><ncols>4361</ncols></imagesize><object><name>m2_s03_248_p_ic075</name><deleted>0</deleted><verified>0</verified><occluded>no</occluded><attributes></attributes><parts><hasparts></hasparts><ispartof></ispartof></parts><date>27-09-20 09:04:23:069</date><id>0</id><type>bounding_box</type><polygon><username>anonymous</username><pt><x>28</x><y>284</y><time>27-09-20 09:04:15:462</time></pt><pt><x>4356</x><y>284</y><time>27-09-20 09:04:17:418</time></pt><pt><x>4356</x><y>2478</y><time>undefined</time></pt><pt><x>28</x><y>2478</y><time>undefined</time></pt><closed_date>27-09-20 09:04:17:420</closed_date></polygon></object></annotation>