<annotation><filename>m2_s06_244_p_ic011.jpg</filename><folder>users/joselusava//museos2020</folder><source><submittedBy>Jose Saca</submittedBy></source><imagesize><nrows>2910</nrows><ncols>4361</ncols></imagesize><object><name>m2_s06_244_p_ic011</name><deleted>0</deleted><verified>0</verified><occluded>no</occluded><attributes></attributes><parts><hasparts></hasparts><ispartof></ispartof></parts><date>22-09-20 11:58:40:052</date><id>0</id><type>bounding_box</type><polygon><username>anonymous</username><pt><x>1426</x><y>1082</y><time>22-09-20 11:58:12:888</time></pt><pt><x>3247</x><y>1082</y><time>22-09-20 11:58:16:510</time></pt><pt><x>3247</x><y>1914</y><time>undefined</time></pt><pt><x>1426</x><y>1914</y><time>undefined</time></pt><closed_date>22-09-20 11:58:16:511</closed_date></polygon></object></annotation>