<annotation><filename>m1_s10_299_x.jpg</filename><folder>users/joselusava//santiago</folder><source><submittedBy>Jose Saca</submittedBy></source><imagesize><nrows>3200</nrows><ncols>4800</ncols></imagesize><object><name>m1_s10_299_x</name><deleted>0</deleted><verified>0</verified><occluded>no</occluded><attributes></attributes><parts><hasparts></hasparts><ispartof></ispartof></parts><date>28-08-20 16:56:06:598</date><id>0</id><type>bounding_box</type><polygon><username>anonymous</username><pt><x>1577</x><y>378</y><time>28-08-20 16:55:57:424</time></pt><pt><x>3564</x><y>378</y><time>28-08-20 16:55:59:384</time></pt><pt><x>3564</x><y>2844</y><time>undefined</time></pt><pt><x>1577</x><y>2844</y><time>undefined</time></pt><closed_date>28-08-20 16:55:59:385</closed_date></polygon></object></annotation>