<annotation><filename>m4_s06_089_p_nic009.jpg</filename><folder>users/joselusava//santiago_2</folder><source><submittedBy>Jose Saca</submittedBy></source><imagesize><nrows>2970</nrows><ncols>4451</ncols></imagesize><object><name>m4_s06_089_p_nic009</name><deleted>0</deleted><verified>0</verified><occluded>no</occluded><attributes></attributes><parts><hasparts></hasparts><ispartof></ispartof></parts><date>12-10-20 20:27:18:354</date><id>0</id><type>bounding_box</type><polygon><username>anonymous</username><pt><x>875</x><y>432</y><time>12-10-20 20:27:14:759</time></pt><pt><x>2170</x><y>432</y><time>12-10-20 20:27:16:173</time></pt><pt><x>2170</x><y>2149</y><time>undefined</time></pt><pt><x>875</x><y>2149</y><time>undefined</time></pt><closed_date>12-10-20 20:27:16:175</closed_date></polygon></object></annotation>