<annotation><filename>m2_s05_236_p_nic075.jpg</filename><folder>users/joselusava//museos2020</folder><source><submittedBy>Jose Saca</submittedBy></source><imagesize><nrows>2910</nrows><ncols>4361</ncols></imagesize><object><name>m2_s05_236_p_nic075</name><deleted>0</deleted><verified>0</verified><occluded>no</occluded><attributes></attributes><parts><hasparts></hasparts><ispartof></ispartof></parts><date>17-09-20 09:02:51:220</date><id>0</id><type>bounding_box</type><polygon><username>anonymous</username><pt><x>1102</x><y>739</y><time>17-09-20 09:02:43:064</time></pt><pt><x>3886</x><y>739</y><time>17-09-20 09:02:45:626</time></pt><pt><x>3886</x><y>2724</y><time>undefined</time></pt><pt><x>1102</x><y>2724</y><time>undefined</time></pt><closed_date>17-09-20 09:02:45:627</closed_date></polygon></object></annotation>