<annotation><filename>m4_s02_015_p_nic055.jpg</filename><folder>users/joselusava//m4_js/caca</folder><source><submittedBy>Jose Saca</submittedBy></source><imagesize><nrows>2910</nrows><ncols>4361</ncols></imagesize><object><name>m4_s02_015_p_nic055</name><deleted>0</deleted><verified>0</verified><occluded>no</occluded><attributes></attributes><parts><hasparts></hasparts><ispartof></ispartof></parts><date>02-11-20 21:14:14:429</date><id>0</id><type>bounding_box</type><polygon><username>anonymous</username><pt><x>1584</x><y>1175</y><time>02-11-20 21:14:12:618</time></pt><pt><x>157</x><y>1175</y><time>02-11-20 21:14:13:809</time></pt><pt><x>157</x><y>2751</y><time>undefined</time></pt><pt><x>1584</x><y>2751</y><time>undefined</time></pt><closed_date>02-11-20 21:14:13:809</closed_date></polygon></object></annotation>