<annotation><filename>m4_s05_060_p_nic045.jpg</filename><folder>users/joselusava//m4_js/60/nic</folder><source><submittedBy>Jose Saca</submittedBy></source><imagesize><nrows>2910</nrows><ncols>4361</ncols></imagesize><object><name>m4_s05_060_p_nic045</name><deleted>0</deleted><verified>0</verified><occluded>no</occluded><attributes></attributes><parts><hasparts></hasparts><ispartof></ispartof></parts><date>14-10-20 00:00:55:322</date><id>0</id><type>bounding_box</type><polygon><username>anonymous</username><pt><x>3151</x><y>1906</y><time>14-10-20 00:00:53:253</time></pt><pt><x>17</x><y>1906</y><time>14-10-20 00:00:54:632</time></pt><pt><x>17</x><y>0</y><time>undefined</time></pt><pt><x>3151</x><y>0</y><time>undefined</time></pt><closed_date>14-10-20 00:00:54:632</closed_date></polygon></object></annotation>