<annotation><filename>m1_s02_036_p_ic034.jpg</filename><folder>users/joselusava//valeria/sala2_036_ic</folder><source><submittedBy>Jose Saca</submittedBy></source><imagesize><nrows>3200</nrows><ncols>4800</ncols></imagesize><object><name>m1_s01_036_p_ic034</name><deleted>0</deleted><verified>0</verified><occluded>no</occluded><attributes></attributes><parts><hasparts></hasparts><ispartof></ispartof></parts><date>23-08-20 02:14:57:834</date><id>0</id><type>bounding_box</type><polygon><username>anonymous</username><pt><x>1256</x><y>129</y><time>23-08-20 02:14:50:268</time></pt><pt><x>3603</x><y>129</y><time>23-08-20 02:14:53:607</time></pt><pt><x>3603</x><y>3130</y><time>undefined</time></pt><pt><x>1256</x><y>3130</y><time>undefined</time></pt><closed_date>23-08-20 02:14:53:608</closed_date></polygon></object></annotation>