<annotation><filename>m2_s03_252_p_ic004.jpg</filename><folder>users/joselusava//valeria/m2_sala03_252_ic</folder><source><submittedBy>Jose Saca</submittedBy></source><imagesize><nrows>2910</nrows><ncols>4361</ncols></imagesize><object><name>m2_s06_252_p_ic004</name><deleted>0</deleted><verified>0</verified><occluded>no</occluded><attributes></attributes><parts><hasparts></hasparts><ispartof></ispartof></parts><date>25-09-20 19:47:05:835</date><id>0</id><type>bounding_box</type><polygon><username>anonymous</username><pt><x>976</x><y>805</y><time>25-09-20 19:47:00:445</time></pt><pt><x>3323</x><y>805</y><time>25-09-20 19:47:02:658</time></pt><pt><x>3323</x><y>2282</y><time>undefined</time></pt><pt><x>976</x><y>2282</y><time>undefined</time></pt><closed_date>25-09-20 19:47:02:658</closed_date></polygon></object></annotation>