<annotation><filename>m4_s02_015_p_nic079.jpg</filename><folder>users/joselusava//m4_js/15nic</folder><source><submittedBy>Jose Saca</submittedBy></source><imagesize><nrows>2910</nrows><ncols>4361</ncols></imagesize><object><name>m4_s02_015_p_nic079</name><deleted>0</deleted><verified>0</verified><occluded>no</occluded><attributes></attributes><parts><hasparts></hasparts><ispartof></ispartof></parts><date>06-10-20 20:13:52:038</date><id>0</id><type>bounding_box</type><polygon><username>anonymous</username><pt><x>1515</x><y>157</y><time>06-10-20 20:13:49:813</time></pt><pt><x>26</x><y>157</y><time>06-10-20 20:13:51:460</time></pt><pt><x>26</x><y>1732</y><time>undefined</time></pt><pt><x>1515</x><y>1732</y><time>undefined</time></pt><closed_date>06-10-20 20:13:51:460</closed_date></polygon></object></annotation>