<annotation><filename>m2_s02_133_x.jpg</filename><folder>users/joselusava//m2_jsv</folder><source><submittedBy>Jose Saca</submittedBy></source><imagesize><nrows>2910</nrows><ncols>4361</ncols></imagesize><object><name>m2_s02_132_x</name><deleted>0</deleted><verified>0</verified><occluded>no</occluded><attributes></attributes><parts><hasparts></hasparts><ispartof></ispartof></parts><date>19-09-20 23:31:58:831</date><id>0</id><type>bounding_box</type><polygon><username>anonymous</username><pt><x>2768</x><y>2107</y><time>19-09-20 23:31:57:673</time></pt><pt><x>1488</x><y>2107</y><time>19-09-20 23:31:58:337</time></pt><pt><x>1488</x><y>766</y><time>undefined</time></pt><pt><x>2768</x><y>766</y><time>undefined</time></pt><closed_date>19-09-20 23:31:58:337</closed_date></polygon></object></annotation>