<annotation><filename>m4_s04_037_p_nic001.jpg</filename><folder>users/joselusava//santiago_2</folder><source><submittedBy>Jose Saca</submittedBy></source><imagesize><nrows>2970</nrows><ncols>4451</ncols></imagesize><object><name>m4_s04_037_p_nic001</name><deleted>0</deleted><verified>0</verified><occluded>no</occluded><attributes></attributes><parts><hasparts></hasparts><ispartof></ispartof></parts><date>19-10-20 13:47:11:755</date><id>0</id><type>bounding_box</type><polygon><username>anonymous</username><pt><x>234</x><y>1129</y><time>19-10-20 13:47:04:924</time></pt><pt><x>1333</x><y>1129</y><time>19-10-20 13:47:06:344</time></pt><pt><x>1333</x><y>2750</y><time>undefined</time></pt><pt><x>234</x><y>2750</y><time>undefined</time></pt><closed_date>19-10-20 13:47:06:344</closed_date></polygon></object></annotation>