<annotation><filename>m1_s10_289_x.jpg</filename><folder>users/joselusava//santiago</folder><source><submittedBy>Jose Saca</submittedBy></source><imagesize><nrows>3200</nrows><ncols>4800</ncols></imagesize><object><name>m1_s10_289_x</name><deleted>0</deleted><verified>0</verified><occluded>no</occluded><attributes></attributes><parts><hasparts></hasparts><ispartof></ispartof></parts><date>28-08-20 16:26:17:424</date><id>0</id><type>bounding_box</type><polygon><username>anonymous</username><pt><x>763</x><y>475</y><time>28-08-20 16:26:03:763</time></pt><pt><x>4035</x><y>475</y><time>28-08-20 16:26:07:009</time></pt><pt><x>4035</x><y>2865</y><time>undefined</time></pt><pt><x>763</x><y>2865</y><time>undefined</time></pt><closed_date>28-08-20 16:26:07:010</closed_date></polygon></object></annotation>