<annotation><filename>m2_s01_056_p_ic024.jpg</filename><folder>users/joselusava//m2_jsv/56/ic</folder><source><submittedBy>Jose Saca</submittedBy></source><imagesize><nrows>2850</nrows><ncols>4271</ncols></imagesize><object><name>m2_s01_056_p_ic024</name><deleted>0</deleted><verified>0</verified><occluded>no</occluded><attributes></attributes><parts><hasparts></hasparts><ispartof></ispartof></parts><date>28-09-20 21:32:59:257</date><id>0</id><type>bounding_box</type><polygon><username>anonymous</username><pt><x>3116</x><y>2709</y><time>28-09-20 21:32:57:078</time></pt><pt><x>1248</x><y>2709</y><time>28-09-20 21:32:58:496</time></pt><pt><x>1248</x><y>59</y><time>undefined</time></pt><pt><x>3116</x><y>59</y><time>undefined</time></pt><closed_date>28-09-20 21:32:58:496</closed_date></polygon></object></annotation>