<annotation><filename>m3_s01_023_p_nic084.jpg</filename><folder>users/joselusava//santiago_3</folder><source><submittedBy>Jose Saca</submittedBy></source><imagesize><nrows>2970</nrows><ncols>4451</ncols></imagesize><object><name>m3_s01_023_p_nic084</name><deleted>0</deleted><verified>0</verified><occluded>no</occluded><attributes></attributes><parts><hasparts></hasparts><ispartof></ispartof></parts><date>06-11-20 11:43:09:325</date><id>0</id><type>bounding_box</type><polygon><username>anonymous</username><pt><x>43</x><y>478</y><time>06-11-20 11:43:05:959</time></pt><pt><x>1924</x><y>478</y><time>06-11-20 11:43:07:472</time></pt><pt><x>1924</x><y>2324</y><time>undefined</time></pt><pt><x>43</x><y>2324</y><time>undefined</time></pt><closed_date>06-11-20 11:43:07:473</closed_date></polygon></object></annotation>