<annotation><filename>img_m1_s10_303_p_nic096.jpg</filename><folder>users/joselusava//santiago</folder><source><submittedBy>Jose Saca</submittedBy></source><imagesize><nrows>3200</nrows><ncols>4800</ncols></imagesize><object><name>m1_s10_303_p_nic096</name><deleted>0</deleted><verified>0</verified><occluded>no</occluded><attributes></attributes><parts><hasparts></hasparts><ispartof></ispartof></parts><date>01-09-20 23:19:19:590</date><id>0</id><type>bounding_box</type><polygon><username>anonymous</username><pt><x>1980</x><y>234</y><time>01-09-20 23:19:11:668</time></pt><pt><x>4129</x><y>234</y><time>01-09-20 23:19:13:484</time></pt><pt><x>4129</x><y>1483</y><time>undefined</time></pt><pt><x>1980</x><y>1483</y><time>undefined</time></pt><closed_date>01-09-20 23:19:13:485</closed_date></polygon></object></annotation>