<annotation><filename>m4_s07_105_p_nic092.jpg</filename><folder>users/joselusava//kath/m4_105/nic</folder><source><submittedBy>Jose Saca</submittedBy></source><imagesize><nrows>2970</nrows><ncols>4451</ncols></imagesize><object><name>m4_s07_105_p_nic092</name><deleted>0</deleted><verified>0</verified><occluded>no</occluded><attributes></attributes><parts><hasparts></hasparts><ispartof></ispartof></parts><date>05-11-20 13:54:09:657</date><id>0</id><type>bounding_box</type><polygon><username>anonymous</username><pt><x>2893</x><y>2802</y><time>05-11-20 13:54:05:263</time></pt><pt><x>2187</x><y>2802</y><time>05-11-20 13:54:06:926</time></pt><pt><x>2187</x><y>1523</y><time>undefined</time></pt><pt><x>2893</x><y>1523</y><time>undefined</time></pt><closed_date>05-11-20 13:54:06:927</closed_date></polygon></object></annotation>