<annotation><filename>m4_s05_052_p_ic042.jpg</filename><folder>users/joselusava//santiago_2</folder><source><submittedBy>Jose Saca</submittedBy></source><imagesize><nrows>2910</nrows><ncols>4361</ncols></imagesize><object><name>m4_s05_052_p_ic042</name><deleted>0</deleted><verified>0</verified><occluded>no</occluded><attributes></attributes><parts><hasparts></hasparts><ispartof></ispartof></parts><date>07-10-20 22:09:28:621</date><id>0</id><type>bounding_box</type><polygon><username>anonymous</username><pt><x>1206</x><y>627</y><time>07-10-20 22:09:24:823</time></pt><pt><x>2865</x><y>627</y><time>07-10-20 22:09:26:261</time></pt><pt><x>2865</x><y>2422</y><time>undefined</time></pt><pt><x>1206</x><y>2422</y><time>undefined</time></pt><closed_date>07-10-20 22:09:26:263</closed_date></polygon></object></annotation>