<annotation><filename>m4_s05_055_p_ic044.jpg</filename><folder>users/joselusava//valeria/m4_s05_055_ic</folder><source><submittedBy>Jose Saca</submittedBy></source><imagesize><nrows>2910</nrows><ncols>4361</ncols></imagesize><object><name>m4_s05_055_p_ic044</name><deleted>0</deleted><verified>0</verified><occluded>no</occluded><attributes></attributes><parts><hasparts></hasparts><ispartof></ispartof></parts><date>08-10-20 22:24:30:350</date><id>0</id><type>bounding_box</type><polygon><username>anonymous</username><pt><x>1449</x><y>518</y><time>08-10-20 22:24:24:783</time></pt><pt><x>2998</x><y>518</y><time>08-10-20 22:24:26:855</time></pt><pt><x>2998</x><y>2359</y><time>undefined</time></pt><pt><x>1449</x><y>2359</y><time>undefined</time></pt><closed_date>08-10-20 22:24:26:855</closed_date></polygon></object></annotation>