<annotation><filename>m4_s06_089_p_ic072.jpg</filename><folder>users/joselusava//santiago_2</folder><source><submittedBy>Jose Saca</submittedBy></source><imagesize><nrows>2970</nrows><ncols>4451</ncols></imagesize><object><name>m4_s06_089_p_ic072</name><deleted>0</deleted><verified>0</verified><occluded>no</occluded><attributes></attributes><parts><hasparts></hasparts><ispartof></ispartof></parts><date>11-10-20 19:03:44:217</date><id>0</id><type>bounding_box</type><polygon><username>anonymous</username><pt><x>1372</x><y>223</y><time>11-10-20 19:03:39:053</time></pt><pt><x>3182</x><y>223</y><time>11-10-20 19:03:40:427</time></pt><pt><x>3182</x><y>2507</y><time>undefined</time></pt><pt><x>1372</x><y>2507</y><time>undefined</time></pt><closed_date>11-10-20 19:03:40:429</closed_date></polygon></object></annotation>