<annotation><filename>m2_s01_054_p_ic001.jpg</filename><folder>users/joselusava//kath</folder><source><submittedBy>Jose Saca</submittedBy></source><imagesize><nrows>2850</nrows><ncols>4271</ncols></imagesize><object><name>m2_s01_054_p_ic001</name><deleted>0</deleted><verified>0</verified><occluded>no</occluded><attributes></attributes><parts><hasparts></hasparts><ispartof></ispartof></parts><date>29-09-20 21:23:12:248</date><id>0</id><type>bounding_box</type><polygon><username>anonymous</username><pt><x>1385</x><y>290</y><time>29-09-20 21:23:00:267</time></pt><pt><x>2770</x><y>290</y><time>29-09-20 21:23:08:825</time></pt><pt><x>2770</x><y>2342</y><time>undefined</time></pt><pt><x>1385</x><y>2342</y><time>undefined</time></pt><closed_date>29-09-20 21:23:08:826</closed_date></polygon></object></annotation>