<annotation><filename>m2_s02_190_p_nic022.jpg</filename><folder>users/joselusava//m2_jsv/190/nic</folder><source><submittedBy>Jose Saca</submittedBy></source><imagesize><nrows>2910</nrows><ncols>4361</ncols></imagesize><object><name>m2_s02_190_p_nic022</name><deleted>0</deleted><verified>0</verified><occluded>no</occluded><attributes></attributes><parts><hasparts></hasparts><ispartof></ispartof></parts><date>21-09-20 14:58:01:751</date><id>0</id><type>bounding_box</type><polygon><username>anonymous</username><pt><x>1967</x><y>2890</y><time>21-09-20 14:57:59:521</time></pt><pt><x>879</x><y>2890</y><time>21-09-20 14:58:01:024</time></pt><pt><x>879</x><y>1497</y><time>undefined</time></pt><pt><x>1967</x><y>1497</y><time>undefined</time></pt><closed_date>21-09-20 14:58:01:024</closed_date></polygon></object></annotation>