<annotation><filename>m1_s06_144_p_ic056.jpg</filename><folder>users/joselusava//jacob_2/144ic</folder><source><submittedBy>Jose Saca</submittedBy></source><imagesize><nrows>2736</nrows><ncols>4100</ncols></imagesize><object><name>m1_s06_144_p_ic056</name><deleted>0</deleted><verified>0</verified><occluded>no</occluded><attributes></attributes><parts><hasparts></hasparts><ispartof></ispartof></parts><date>07-09-20 15:25:09:782</date><id>0</id><type>bounding_box</type><polygon><username>anonymous</username><pt><x>701</x><y>33</y><time>07-09-20 15:25:04:263</time></pt><pt><x>3815</x><y>33</y><time>07-09-20 15:25:08:824</time></pt><pt><x>3815</x><y>2633</y><time>undefined</time></pt><pt><x>701</x><y>2633</y><time>undefined</time></pt><closed_date>07-09-20 15:25:08:824</closed_date></polygon></object></annotation>