<annotation><filename>m1_s01_005_p_nic025.jpg</filename><folder>users/joselusava//museos2020</folder><source><submittedBy>Jose Saca</submittedBy></source><imagesize><nrows>2000</nrows><ncols>2992</ncols></imagesize><object><name>m1_s01_005_p_nic025</name><deleted>0</deleted><verified>0</verified><occluded>no</occluded><attributes></attributes><parts><hasparts></hasparts><ispartof></ispartof></parts><date>14-09-20 10:39:03:548</date><id>0</id><type>bounding_box</type><polygon><username>anonymous</username><pt><x>1176</x><y>313</y><time>14-09-20 10:38:46:602</time></pt><pt><x>1521</x><y>313</y><time>14-09-20 10:38:49:753</time></pt><pt><x>1521</x><y>690</y><time>undefined</time></pt><pt><x>1176</x><y>690</y><time>undefined</time></pt><closed_date>14-09-20 10:38:49:755</closed_date></polygon></object></annotation>