<annotation><filename>m2_s02_129_p_nic078.jpg</filename><folder>users/joselusava//m2_jsv/129/nic</folder><source><submittedBy>Jose Saca</submittedBy></source><imagesize><nrows>2910</nrows><ncols>4361</ncols></imagesize><object><name>m2_s02_129_p_nic078</name><deleted>0</deleted><verified>0</verified><occluded>no</occluded><attributes></attributes><parts><hasparts></hasparts><ispartof></ispartof></parts><date>25-09-20 08:22:26:415</date><id>0</id><type>bounding_box</type><polygon><username>anonymous</username><pt><x>3778</x><y>1924</y><time>25-09-20 08:22:24:621</time></pt><pt><x>2455</x><y>1924</y><time>25-09-20 08:22:25:700</time></pt><pt><x>2455</x><y>627</y><time>undefined</time></pt><pt><x>3778</x><y>627</y><time>undefined</time></pt><closed_date>25-09-20 08:22:25:701</closed_date></polygon></object></annotation>