<annotation><filename>m1_s02_065_p_ic066.jpg</filename><folder>users/joselusava//valeria/sala2_065_ic</folder><source><submittedBy>Jose Saca</submittedBy></source><imagesize><nrows>2000</nrows><ncols>2992</ncols></imagesize><object><name>m1_s02_065_p_ic066</name><deleted>0</deleted><verified>0</verified><occluded>no</occluded><attributes></attributes><parts><hasparts></hasparts><ispartof></ispartof></parts><date>26-08-20 00:34:50:842</date><id>0</id><type>bounding_box</type><polygon><username>anonymous</username><pt><x>225</x><y>305</y><time>26-08-20 00:34:23:242</time></pt><pt><x>2970</x><y>305</y><time>26-08-20 00:34:28:114</time></pt><pt><x>2970</x><y>1799</y><time>undefined</time></pt><pt><x>225</x><y>1799</y><time>undefined</time></pt><closed_date>26-08-20 00:34:28:115</closed_date></polygon></object></annotation>