<annotation><filename>m4_s12_185_p_ic092.jpg</filename><folder>users/joselusava//valeria/m04_s12_185_ic</folder><source><submittedBy>Jose Saca</submittedBy></source><imagesize><nrows>2910</nrows><ncols>4361</ncols></imagesize><object><name>m4_s12_185_p_ic092</name><deleted>0</deleted><verified>0</verified><occluded>no</occluded><attributes></attributes><parts><hasparts></hasparts><ispartof></ispartof></parts><date>17-10-20 18:55:14:100</date><id>0</id><type>bounding_box</type><polygon><username>anonymous</username><pt><x>923</x><y>2636</y><time>17-10-20 18:55:07:866</time></pt><pt><x>3548</x><y>2636</y><time>17-10-20 18:55:09:981</time></pt><pt><x>3548</x><y>129</y><time>undefined</time></pt><pt><x>923</x><y>129</y><time>undefined</time></pt><closed_date>17-10-20 18:55:09:982</closed_date></polygon></object></annotation>