<annotation><filename>m1_s02_036_p_ic019.jpg</filename><folder>users/joselusava//valeria/sala2_036_ic</folder><source><submittedBy>Jose Saca</submittedBy></source><imagesize><nrows>3200</nrows><ncols>4800</ncols></imagesize><object><name>m1_s01_036_p_ic019</name><deleted>0</deleted><verified>0</verified><occluded>no</occluded><attributes></attributes><parts><hasparts></hasparts><ispartof></ispartof></parts><date>23-08-20 01:36:51:867</date><id>0</id><type>bounding_box</type><polygon><username>anonymous</username><pt><x>1219</x><y>752</y><time>23-08-20 01:36:45:291</time></pt><pt><x>3157</x><y>752</y><time>23-08-20 01:36:48:025</time></pt><pt><x>3157</x><y>2717</y><time>undefined</time></pt><pt><x>1219</x><y>2717</y><time>undefined</time></pt><closed_date>23-08-20 01:36:48:026</closed_date></polygon></object></annotation>