<annotation><filename>m3_s01_010_p_ic011.jpg</filename><folder>users/joselusava//m4_js/m3/10/ic</folder><source><submittedBy>Jose Saca</submittedBy></source><imagesize><nrows>2970</nrows><ncols>4451</ncols></imagesize><object><name>m3_s01_010_p_ic011</name><deleted>0</deleted><verified>0</verified><occluded>no</occluded><attributes></attributes><parts><hasparts></hasparts><ispartof></ispartof></parts><date>29-10-20 09:44:01:194</date><id>0</id><type>bounding_box</type><polygon><username>anonymous</username><pt><x>3220</x><y>2746</y><time>29-10-20 09:43:58:332</time></pt><pt><x>852</x><y>2746</y><time>29-10-20 09:44:00:044</time></pt><pt><x>852</x><y>452</y><time>undefined</time></pt><pt><x>3220</x><y>452</y><time>undefined</time></pt><closed_date>29-10-20 09:44:00:044</closed_date></polygon></object></annotation>