<annotation><filename>m4_s02_021_p_ic003.jpg</filename><folder>users/joselusava//santiago_2</folder><source><submittedBy>Jose Saca</submittedBy></source><imagesize><nrows>3000</nrows><ncols>4496</ncols></imagesize><object><name>m4_s02_021_p_ic003</name><deleted>0</deleted><verified>0</verified><occluded>no</occluded><attributes></attributes><parts><hasparts></hasparts><ispartof></ispartof></parts><date>02-10-20 15:09:58:905</date><id>0</id><type>bounding_box</type><polygon><username>anonymous</username><pt><x>1682</x><y>239</y><time>02-10-20 15:09:50:833</time></pt><pt><x>2775</x><y>239</y><time>02-10-20 15:09:53:060</time></pt><pt><x>2775</x><y>2664</y><time>undefined</time></pt><pt><x>1682</x><y>2664</y><time>undefined</time></pt><closed_date>02-10-20 15:09:53:061</closed_date></polygon></object></annotation>