<annotation><filename>m4_s11_178_p_ic061.jpg</filename><folder>users/joselusava//santiago_2</folder><source><submittedBy>Jose Saca</submittedBy></source><imagesize><nrows>2970</nrows><ncols>4451</ncols></imagesize><object><name>m4_s11_178_p_ic061</name><deleted>0</deleted><verified>0</verified><occluded>no</occluded><attributes></attributes><parts><hasparts></hasparts><ispartof></ispartof></parts><date>15-10-20 21:56:51:254</date><id>0</id><type>bounding_box</type><polygon><username>anonymous</username><pt><x>1396</x><y>932</y><time>15-10-20 21:56:46:627</time></pt><pt><x>3131</x><y>932</y><time>15-10-20 21:56:49:019</time></pt><pt><x>3131</x><y>2667</y><time>undefined</time></pt><pt><x>1396</x><y>2667</y><time>undefined</time></pt><closed_date>15-10-20 21:56:49:020</closed_date></polygon></object></annotation>