<annotation><filename>m2_s01_032_p_ic035.jpg</filename><folder>users/joselusava//santiago_2</folder><source><submittedBy>Jose Saca</submittedBy></source><imagesize><nrows>2850</nrows><ncols>4271</ncols></imagesize><object><name>m2_s01_032_p_ic035</name><deleted>0</deleted><verified>0</verified><occluded>no</occluded><attributes></attributes><parts><hasparts></hasparts><ispartof></ispartof></parts><date>30-09-20 12:20:46:224</date><id>0</id><type>bounding_box</type><polygon><username>anonymous</username><pt><x>1364</x><y>207</y><time>30-09-20 12:20:42:514</time></pt><pt><x>3003</x><y>207</y><time>30-09-20 12:20:44:196</time></pt><pt><x>3003</x><y>2562</y><time>undefined</time></pt><pt><x>1364</x><y>2562</y><time>undefined</time></pt><closed_date>30-09-20 12:20:44:197</closed_date></polygon></object></annotation>