<annotation><filename>m4_s04_039_p_nic057.jpg</filename><folder>users/joselusava//santiago_2</folder><source><submittedBy>Jose Saca</submittedBy></source><imagesize><nrows>2970</nrows><ncols>4451</ncols></imagesize><object><name>m4_s04_039_p_nic057</name><deleted>0</deleted><verified>0</verified><occluded>no</occluded><attributes></attributes><parts><hasparts></hasparts><ispartof></ispartof></parts><date>21-10-20 21:45:29:129</date><id>0</id><type>bounding_box</type><polygon><username>anonymous</username><pt><x>525</x><y>118</y><time>21-10-20 21:45:26:078</time></pt><pt><x>1135</x><y>118</y><time>21-10-20 21:45:27:349</time></pt><pt><x>1135</x><y>2360</y><time>undefined</time></pt><pt><x>525</x><y>2360</y><time>undefined</time></pt><closed_date>21-10-20 21:45:27:349</closed_date></polygon></object></annotation>