<annotation><filename>m2_s01_024_p_ic051.jpg</filename><folder>users/joselusava//santiago</folder><source><submittedBy>Jose Saca</submittedBy></source><imagesize><nrows>2850</nrows><ncols>4271</ncols></imagesize><object><name>m2_s01_024_p_ic051</name><deleted>0</deleted><verified>0</verified><occluded>no</occluded><attributes></attributes><parts><hasparts></hasparts><ispartof></ispartof></parts><date>24-09-20 16:56:02:421</date><id>0</id><type>bounding_box</type><polygon><username>anonymous</username><pt><x>1276</x><y>67</y><time>24-09-20 16:55:54:499</time></pt><pt><x>2725</x><y>67</y><time>24-09-20 16:55:56:451</time></pt><pt><x>2725</x><y>2635</y><time>undefined</time></pt><pt><x>1276</x><y>2635</y><time>undefined</time></pt><closed_date>24-09-20 16:55:56:453</closed_date></polygon></object></annotation>