<annotation><filename>m2_s01_058_p_nic024.jpg</filename><folder>users/joselusava//m2_jsv/58/nic</folder><source><submittedBy>Jose Saca</submittedBy></source><imagesize><nrows>2850</nrows><ncols>4271</ncols></imagesize><object><name>m2_s01_058_p_nic024</name><deleted>0</deleted><verified>0</verified><occluded>no</occluded><attributes></attributes><parts><hasparts></hasparts><ispartof></ispartof></parts><date>29-09-20 22:59:42:463</date><id>0</id><type>bounding_box</type><polygon><username>anonymous</username><pt><x>3043</x><y>1390</y><time>29-09-20 22:59:40:864</time></pt><pt><x>1381</x><y>1390</y><time>29-09-20 22:59:41:841</time></pt><pt><x>1381</x><y>2694</y><time>undefined</time></pt><pt><x>3043</x><y>2694</y><time>undefined</time></pt><closed_date>29-09-20 22:59:41:841</closed_date></polygon></object></annotation>