<annotation><filename>m2_s01_054_p_nic021.jpg</filename><folder>users/joselusava//kath</folder><source><submittedBy>Jose Saca</submittedBy></source><imagesize><nrows>2850</nrows><ncols>4271</ncols></imagesize><object><name>m2_s01_054_p_nic021</name><deleted>0</deleted><verified>0</verified><occluded>no</occluded><attributes></attributes><parts><hasparts></hasparts><ispartof></ispartof></parts><date>30-09-20 11:13:19:819</date><id>0</id><type>bounding_box</type><polygon><username>anonymous</username><pt><x>2597</x><y>1699</y><time>30-09-20 11:13:13:456</time></pt><pt><x>1839</x><y>1699</y><time>30-09-20 11:13:16:201</time></pt><pt><x>1839</x><y>2667</y><time>undefined</time></pt><pt><x>2597</x><y>2667</y><time>undefined</time></pt><closed_date>30-09-20 11:13:16:201</closed_date></polygon></object></annotation>