<annotation><filename>m2_s02_085_p_nic038.jpg</filename><folder>users/joselusava//m2_jsv/85/nic</folder><source><submittedBy>Jose Saca</submittedBy></source><imagesize><nrows>2910</nrows><ncols>4361</ncols></imagesize><object><name>m2_s02_085_p_nic038</name><deleted>0</deleted><verified>0</verified><occluded>no</occluded><attributes></attributes><parts><hasparts></hasparts><ispartof></ispartof></parts><date>19-09-20 22:38:44:611</date><id>0</id><type>bounding_box</type><polygon><username>anonymous</username><pt><x>2820</x><y>966</y><time>19-09-20 22:38:43:045</time></pt><pt><x>3795</x><y>966</y><time>19-09-20 22:38:44:033</time></pt><pt><x>3795</x><y>2028</y><time>undefined</time></pt><pt><x>2820</x><y>2028</y><time>undefined</time></pt><closed_date>19-09-20 22:38:44:033</closed_date></polygon></object></annotation>