<annotation><filename>m3_s01_023_p_nic074.jpg</filename><folder>users/joselusava//santiago_3</folder><source><submittedBy>Jose Saca</submittedBy></source><imagesize><nrows>2970</nrows><ncols>4451</ncols></imagesize><object><name>m3_s01_023_p_nic074</name><deleted>0</deleted><verified>0</verified><occluded>no</occluded><attributes></attributes><parts><hasparts></hasparts><ispartof></ispartof></parts><date>06-11-20 11:25:21:863</date><id>0</id><type>bounding_box</type><polygon><username>anonymous</username><pt><x>1628</x><y>296</y><time>06-11-20 11:25:18:722</time></pt><pt><x>3288</x><y>296</y><time>06-11-20 11:25:19:857</time></pt><pt><x>3288</x><y>1913</y><time>undefined</time></pt><pt><x>1628</x><y>1913</y><time>undefined</time></pt><closed_date>06-11-20 11:25:19:858</closed_date></polygon></object></annotation>