<annotation><filename>m1_s10_288_x.jpg</filename><folder>users/joselusava//santiago</folder><source><submittedBy>Jose Saca</submittedBy></source><imagesize><nrows>3200</nrows><ncols>4800</ncols></imagesize><object><name>m1_s10_288_x</name><deleted>0</deleted><verified>0</verified><occluded>no</occluded><attributes></attributes><parts><hasparts></hasparts><ispartof></ispartof></parts><date>28-08-20 16:23:28:195</date><id>0</id><type>bounding_box</type><polygon><username>anonymous</username><pt><x>1051</x><y>367</y><time>28-08-20 16:23:19:018</time></pt><pt><x>3754</x><y>367</y><time>28-08-20 16:23:21:396</time></pt><pt><x>3754</x><y>2786</y><time>undefined</time></pt><pt><x>1051</x><y>2786</y><time>undefined</time></pt><closed_date>28-08-20 16:23:21:397</closed_date></polygon></object></annotation>