<annotation><filename>m4_s02_021_p_nic034.jpg</filename><folder>users/joselusava//santiago_2</folder><source><submittedBy>Jose Saca</submittedBy></source><imagesize><nrows>2910</nrows><ncols>4361</ncols></imagesize><object><name>m4_s02_021_p_nic034</name><deleted>0</deleted><verified>0</verified><occluded>no</occluded><attributes></attributes><parts><hasparts></hasparts><ispartof></ispartof></parts><date>04-10-20 22:22:50:628</date><id>0</id><type>bounding_box</type><polygon><username>anonymous</username><pt><x>2761</x><y>728</y><time>04-10-20 22:22:47:871</time></pt><pt><x>3894</x><y>728</y><time>04-10-20 22:22:48:679</time></pt><pt><x>3894</x><y>2643</y><time>undefined</time></pt><pt><x>2761</x><y>2643</y><time>undefined</time></pt><closed_date>04-10-20 22:22:48:680</closed_date></polygon></object></annotation>