<annotation><filename>m1_s06_141_p_ic006.jpg</filename><folder>users/joselusava//jacob_2/141ic</folder><source><submittedBy>Jose Saca</submittedBy></source><imagesize><nrows>2736</nrows><ncols>4100</ncols></imagesize><object><name>m1_s06_141_p_ic006</name><deleted>0</deleted><verified>0</verified><occluded>no</occluded><attributes></attributes><parts><hasparts></hasparts><ispartof></ispartof></parts><date>04-09-20 17:15:06:676</date><id>0</id><type>bounding_box</type><polygon><username>anonymous</username><pt><x>1342</x><y>2390</y><time>04-09-20 17:15:03:485</time></pt><pt><x>2537</x><y>2390</y><time>04-09-20 17:15:05:999</time></pt><pt><x>2537</x><y>360</y><time>undefined</time></pt><pt><x>1342</x><y>360</y><time>undefined</time></pt><closed_date>04-09-20 17:15:06:000</closed_date></polygon></object></annotation>