<annotation><filename>m4_s05_052_p_nic091.jpg</filename><folder>users/joselusava//santiago_2</folder><source><submittedBy>Jose Saca</submittedBy></source><imagesize><nrows>2910</nrows><ncols>4361</ncols></imagesize><object><name>m4_s05_052_p_nic091</name><deleted>0</deleted><verified>0</verified><occluded>no</occluded><attributes></attributes><parts><hasparts></hasparts><ispartof></ispartof></parts><date>08-10-20 22:43:04:336</date><id>0</id><type>bounding_box</type><polygon><username>anonymous</username><pt><x>2688</x><y>561</y><time>08-10-20 22:43:00:505</time></pt><pt><x>4053</x><y>561</y><time>08-10-20 22:43:01:965</time></pt><pt><x>4053</x><y>1982</y><time>undefined</time></pt><pt><x>2688</x><y>1982</y><time>undefined</time></pt><closed_date>08-10-20 22:43:01:967</closed_date></polygon></object></annotation>