<annotation><filename>m4_s09_138_p_nic080.jpg</filename><folder>users/joselusava//santiago_2</folder><source><submittedBy>Jose Saca</submittedBy></source><imagesize><nrows>2970</nrows><ncols>4451</ncols></imagesize><object><name>m4_s09_138_p_nic080</name><deleted>0</deleted><verified>0</verified><occluded>no</occluded><attributes></attributes><parts><hasparts></hasparts><ispartof></ispartof></parts><date>23-10-20 14:18:48:034</date><id>0</id><type>bounding_box</type><polygon><username>anonymous</username><pt><x>225</x><y>857</y><time>23-10-20 14:18:44:814</time></pt><pt><x>2834</x><y>857</y><time>23-10-20 14:18:46:096</time></pt><pt><x>2834</x><y>1846</y><time>undefined</time></pt><pt><x>225</x><y>1846</y><time>undefined</time></pt><closed_date>23-10-20 14:18:46:097</closed_date></polygon></object></annotation>