<annotation><filename>m2_s01_034_p_nic093.jpg</filename><folder>users/joselusava//kath</folder><source><submittedBy>Jose Saca</submittedBy></source><imagesize><nrows>2850</nrows><ncols>4271</ncols></imagesize><object><name>m2_s01_034_p_nic093</name><deleted>0</deleted><verified>0</verified><occluded>no</occluded><attributes></attributes><parts><hasparts></hasparts><ispartof></ispartof></parts><date>25-09-20 21:23:22:549</date><id>0</id><type>bounding_box</type><polygon><username>anonymous</username><pt><x>380</x><y>365</y><time>25-09-20 21:23:17:464</time></pt><pt><x>1303</x><y>365</y><time>25-09-20 21:23:19:668</time></pt><pt><x>1303</x><y>1654</y><time>undefined</time></pt><pt><x>380</x><y>1654</y><time>undefined</time></pt><closed_date>25-09-20 21:23:19:669</closed_date></polygon></object></annotation>