<annotation><filename>m4_s10_154_p_nic020.jpg</filename><folder>users/joselusava//valeria/m04_s10_154_nic</folder><source><submittedBy>Jose Saca</submittedBy></source><imagesize><nrows>2970</nrows><ncols>4451</ncols></imagesize><object><name>m4_s10_154_p_nic020</name><deleted>0</deleted><verified>0</verified><occluded>no</occluded><attributes></attributes><parts><hasparts></hasparts><ispartof></ispartof></parts><date>14-10-20 12:36:20:691</date><id>0</id><type>bounding_box</type><polygon><username>anonymous</username><pt><x>171</x><y>2724</y><time>14-10-20 12:36:11:921</time></pt><pt><x>1902</x><y>2724</y><time>14-10-20 12:36:14:254</time></pt><pt><x>1902</x><y>714</y><time>undefined</time></pt><pt><x>171</x><y>714</y><time>undefined</time></pt><closed_date>14-10-20 12:36:14:255</closed_date></polygon></object></annotation>