<annotation><filename>m3_s01_023_p_ic057.jpg</filename><folder>users/joselusava//santiago_3</folder><source><submittedBy>Jose Saca</submittedBy></source><imagesize><nrows>2970</nrows><ncols>4451</ncols></imagesize><object><name>m3_s01_023_p_ic057</name><deleted>0</deleted><verified>0</verified><occluded>no</occluded><attributes></attributes><parts><hasparts></hasparts><ispartof></ispartof></parts><date>04-11-20 19:27:21:579</date><id>0</id><type>bounding_box</type><polygon><username>anonymous</username><pt><x>978</x><y>371</y><time>04-11-20 19:27:17:702</time></pt><pt><x>3331</x><y>371</y><time>04-11-20 19:27:19:700</time></pt><pt><x>3331</x><y>2688</y><time>undefined</time></pt><pt><x>978</x><y>2688</y><time>undefined</time></pt><closed_date>04-11-20 19:27:19:702</closed_date></polygon></object></annotation>