<annotation><filename>m3_s01_013_p_ic017.jpg</filename><folder>users/joselusava//valeria/m03_s01_13_ic</folder><source><submittedBy>Jose Saca</submittedBy></source><imagesize><nrows>2970</nrows><ncols>4451</ncols></imagesize><object><name>m3_s01_013_p_ic016</name><deleted>0</deleted><verified>0</verified><occluded>no</occluded><attributes/><parts><hasparts/><ispartof/></parts><date>28-10-20 22:29:32:928</date><id>0</id><type>bounding_box</type><polygon><username>anonymous</username><pt><x>3992</x><y>2890</y><time>28-10-20 22:29:20:616</time></pt><pt><x>503</x><y>2890</y><time>28-10-20 22:29:24:737</time></pt><pt><x>503</x><y>211</y><time>undefined</time></pt><pt><x>3992</x><y>211</y><time>undefined</time></pt><closed_date>28-10-20 22:29:24:738</closed_date></polygon></object><object><name>m3_s01_013_p_ic100</name><deleted>0</deleted><verified>0</verified><occluded>no</occluded><attributes></attributes><parts><hasparts></hasparts><ispartof></ispartof></parts><date>01-11-20 14:17:39:570</date><id>1</id><type>bounding_box</type><polygon><username>anonymous</username><pt><x>474</x><y>166</y><time>01-11-20 14:17:32:747</time></pt><pt><x>4044</x><y>166</y><time>01-11-20 14:17:34:855</time></pt><pt><x>4044</x><y>2907</y><time>undefined</time></pt><pt><x>474</x><y>2907</y><time>undefined</time></pt><closed_date>01-11-20 14:17:34:857</closed_date></polygon></object></annotation>