<annotation><filename>m4_s04_047_p_nic005.jpg</filename><folder>users/joselusava//kath/kath_m4_047/nic</folder><source><submittedBy>Jose Saca</submittedBy></source><imagesize><nrows>2970</nrows><ncols>4451</ncols></imagesize><object><name>m4_s04_047_p_nic005</name><deleted>0</deleted><verified>0</verified><occluded>no</occluded><attributes></attributes><parts><hasparts></hasparts><ispartof></ispartof></parts><date>24-10-20 18:00:16:429</date><id>0</id><type>bounding_box</type><polygon><username>anonymous</username><pt><x>2747</x><y>215</y><time>24-10-20 18:00:09:603</time></pt><pt><x>4054</x><y>215</y><time>24-10-20 18:00:12:435</time></pt><pt><x>4054</x><y>2851</y><time>undefined</time></pt><pt><x>2747</x><y>2851</y><time>undefined</time></pt><closed_date>24-10-20 18:00:12:436</closed_date></polygon></object></annotation>