<annotation><filename>m2_s01_058_p_ic042.jpg</filename><folder>users/joselusava//m2_jsv/58/ic</folder><source><submittedBy>Jose Saca</submittedBy></source><imagesize><nrows>2850</nrows><ncols>4271</ncols></imagesize><object><name>m2_s01_058_p_ic042</name><deleted>0</deleted><verified>0</verified><occluded>no</occluded><attributes></attributes><parts><hasparts></hasparts><ispartof></ispartof></parts><date>29-09-20 13:15:07:208</date><id>0</id><type>bounding_box</type><polygon><username>anonymous</username><pt><x>832</x><y>552</y><time>29-09-20 13:15:05:135</time></pt><pt><x>3362</x><y>552</y><time>29-09-20 13:15:06:602</time></pt><pt><x>3362</x><y>2335</y><time>undefined</time></pt><pt><x>832</x><y>2335</y><time>undefined</time></pt><closed_date>29-09-20 13:15:06:602</closed_date></polygon></object></annotation>