<annotation><filename>m4_s04_045_p_nic004.jpg</filename><folder>users/joselusava//valeria/m04_s04_45_nic</folder><source><submittedBy>Jose Saca</submittedBy></source><imagesize><nrows>2970</nrows><ncols>4451</ncols></imagesize><object><name>m4_s04_045_p_nic004</name><deleted>0</deleted><verified>0</verified><occluded>no</occluded><attributes></attributes><parts><hasparts></hasparts><ispartof></ispartof></parts><date>20-10-20 00:07:49:364</date><id>0</id><type>bounding_box</type><polygon><username>anonymous</username><pt><x>3376</x><y>2130</y><time>20-10-20 00:07:44:314</time></pt><pt><x>4238</x><y>2130</y><time>20-10-20 00:07:46:461</time></pt><pt><x>4238</x><y>771</y><time>undefined</time></pt><pt><x>3376</x><y>771</y><time>undefined</time></pt><closed_date>20-10-20 00:07:46:463</closed_date></polygon></object></annotation>