<annotation><filename>m2_s06_244_p_ic009.jpg</filename><folder>users/joselusava//museos2020</folder><source><submittedBy>Jose Saca</submittedBy></source><imagesize><nrows>2910</nrows><ncols>4361</ncols></imagesize><object><name>m2_s06_244_p_ic009</name><deleted>0</deleted><verified>0</verified><occluded>no</occluded><attributes></attributes><parts><hasparts></hasparts><ispartof></ispartof></parts><date>22-09-20 11:55:59:492</date><id>0</id><type>bounding_box</type><polygon><username>anonymous</username><pt><x>1390</x><y>982</y><time>22-09-20 11:55:51:979</time></pt><pt><x>3240</x><y>982</y><time>22-09-20 11:55:53:334</time></pt><pt><x>3240</x><y>1892</y><time>undefined</time></pt><pt><x>1390</x><y>1892</y><time>undefined</time></pt><closed_date>22-09-20 11:55:53:335</closed_date></polygon></object></annotation>