<annotation><filename>m4_s03_025_p_ic024.jpg</filename><folder>users/joselusava//m4_js/m3/25</folder><source><submittedBy>Jose Saca</submittedBy></source><imagesize><nrows>2910</nrows><ncols>4361</ncols></imagesize><object><name>m4_s03_025_p_ic024</name><deleted>0</deleted><verified>0</verified><occluded>no</occluded><attributes></attributes><parts><hasparts></hasparts><ispartof></ispartof></parts><date>09-11-20 10:59:14:697</date><id>0</id><type>bounding_box</type><polygon><username>anonymous</username><pt><x>470</x><y>670</y><time>09-11-20 10:59:12:466</time></pt><pt><x>3839</x><y>670</y><time>09-11-20 10:59:14:032</time></pt><pt><x>3839</x><y>2394</y><time>undefined</time></pt><pt><x>470</x><y>2394</y><time>undefined</time></pt><closed_date>09-11-20 10:59:14:032</closed_date></polygon></object></annotation>