<annotation><filename>m4_s10_154_p_ic086.jpg</filename><folder>users/joselusava//valeria/m04_s10_154_ic</folder><source><submittedBy>Jose Saca</submittedBy></source><imagesize><nrows>2970</nrows><ncols>4451</ncols></imagesize><object><name>m4_s10_154_p_ic086</name><deleted>0</deleted><verified>0</verified><occluded>no</occluded><attributes></attributes><parts><hasparts></hasparts><ispartof></ispartof></parts><date>13-10-20 23:11:53:053</date><id>0</id><type>bounding_box</type><polygon><username>anonymous</username><pt><x>817</x><y>2736</y><time>13-10-20 23:11:47:634</time></pt><pt><x>3130</x><y>2736</y><time>13-10-20 23:11:49:251</time></pt><pt><x>3130</x><y>406</y><time>undefined</time></pt><pt><x>817</x><y>406</y><time>undefined</time></pt><closed_date>13-10-20 23:11:49:252</closed_date></polygon></object></annotation>