<annotation><filename>m2_s01_024_p_ic008.jpg</filename><folder>users/joselusava//santiago</folder><source><submittedBy>Jose Saca</submittedBy></source><imagesize><nrows>2850</nrows><ncols>4271</ncols></imagesize><object><name>m2_s01_024_p_ic008</name><deleted>0</deleted><verified>0</verified><occluded>no</occluded><attributes></attributes><parts><hasparts></hasparts><ispartof></ispartof></parts><date>24-09-20 01:13:53:917</date><id>0</id><type>bounding_box</type><polygon><username>anonymous</username><pt><x>1603</x><y>74</y><time>24-09-20 01:13:46:105</time></pt><pt><x>2908</x><y>74</y><time>24-09-20 01:13:47:945</time></pt><pt><x>2908</x><y>2254</y><time>undefined</time></pt><pt><x>1603</x><y>2254</y><time>undefined</time></pt><closed_date>24-09-20 01:13:47:947</closed_date></polygon></object></annotation>