<annotation><filename>m1_s01_017_p_ic003.jpg</filename><folder>users/joselusava//santiago</folder><source><submittedBy>Jose Saca</submittedBy></source><imagesize><nrows>3200</nrows><ncols>4800</ncols></imagesize><object><name>m1_s01_017_p_ic003</name><deleted>0</deleted><verified>0</verified><occluded>no</occluded><attributes></attributes><parts><hasparts></hasparts><ispartof></ispartof></parts><date>10-09-20 13:40:32:257</date><id>0</id><type>bounding_box</type><polygon><username>anonymous</username><pt><x>1472</x><y>979</y><time>10-09-20 13:40:21:580</time></pt><pt><x>3438</x><y>979</y><time>10-09-20 13:40:23:942</time></pt><pt><x>3438</x><y>2124</y><time>undefined</time></pt><pt><x>1472</x><y>2124</y><time>undefined</time></pt><closed_date>10-09-20 13:40:23:944</closed_date></polygon></object></annotation>