<annotation><filename>m3_s01_013_p_ic082.jpg</filename><folder>users/joselusava//valeria/m03_s01_13_ic</folder><source><submittedBy>Jose Saca</submittedBy></source><imagesize><nrows>2970</nrows><ncols>4451</ncols></imagesize><object><name>m3_s01_013_p_ic081</name><deleted>0</deleted><verified>0</verified><occluded>no</occluded><attributes></attributes><parts><hasparts></hasparts><ispartof></ispartof></parts><date>01-11-20 09:32:48:408</date><id>0</id><type>bounding_box</type><polygon><username>anonymous</username><pt><x>3810</x><y>2907</y><time>01-11-20 09:32:41:545</time></pt><pt><x>337</x><y>2907</y><time>01-11-20 09:32:44:397</time></pt><pt><x>337</x><y>343</y><time>undefined</time></pt><pt><x>3810</x><y>343</y><time>undefined</time></pt><closed_date>01-11-20 09:32:44:398</closed_date></polygon></object></annotation>