<annotation><filename>m1_s01_005_p_nic093.jpg</filename><folder>users/joselusava//museos2020</folder><source><submittedBy>Jose Saca</submittedBy></source><imagesize><nrows>2000</nrows><ncols>2992</ncols></imagesize><object><name>m1_s01_005_p_nic093</name><deleted>0</deleted><verified>0</verified><occluded>no</occluded><attributes></attributes><parts><hasparts></hasparts><ispartof></ispartof></parts><date>14-09-20 12:04:38:169</date><id>0</id><type>bounding_box</type><polygon><username>anonymous</username><pt><x>473</x><y>1236</y><time>14-09-20 12:04:22:367</time></pt><pt><x>821</x><y>1236</y><time>14-09-20 12:04:24:450</time></pt><pt><x>821</x><y>1607</y><time>undefined</time></pt><pt><x>473</x><y>1607</y><time>undefined</time></pt><closed_date>14-09-20 12:04:24:451</closed_date></polygon></object></annotation>