<annotation><filename>m2_s02_180_x.jpg</filename><folder>users/joselusava//m2_jsv</folder><source><submittedBy>Jose Saca</submittedBy></source><imagesize><nrows>2910</nrows><ncols>4361</ncols></imagesize><object><name>m2_s02_180_x</name><deleted>0</deleted><verified>0</verified><occluded>no</occluded><attributes></attributes><parts><hasparts></hasparts><ispartof></ispartof></parts><date>20-09-20 16:52:01:470</date><id>0</id><type>bounding_box</type><polygon><username>anonymous</username><pt><x>2994</x><y>2342</y><time>20-09-20 16:51:59:190</time></pt><pt><x>1271</x><y>2342</y><time>20-09-20 16:52:00:565</time></pt><pt><x>1271</x><y>348</y><time>undefined</time></pt><pt><x>2994</x><y>348</y><time>undefined</time></pt><closed_date>20-09-20 16:52:00:566</closed_date></polygon></object></annotation>