<annotation><filename>img_m1_s03-04_101_p_nic097.jpg</filename><folder>users/joselusava//valeria/sala3y4_101_nic</folder><source><submittedBy>Jose Saca</submittedBy></source><imagesize><nrows>3200</nrows><ncols>4800</ncols></imagesize><object><name>m1_s03_s04_101_p_nic097</name><deleted>0</deleted><verified>0</verified><occluded>no</occluded><attributes></attributes><parts><hasparts></hasparts><ispartof></ispartof></parts><date>30-08-20 01:35:48:229</date><id>0</id><type>bounding_box</type><polygon><username>anonymous</username><pt><x>4570</x><y>2812</y><time>30-08-20 01:35:42:913</time></pt><pt><x>1158</x><y>2812</y><time>30-08-20 01:35:45:404</time></pt><pt><x>1158</x><y>915</y><time>undefined</time></pt><pt><x>4570</x><y>915</y><time>undefined</time></pt><closed_date>30-08-20 01:35:45:406</closed_date></polygon></object></annotation>