<annotation><filename>m4_s05_052_p_ic059.jpg</filename><folder>users/joselusava//santiago_2</folder><source><submittedBy>Jose Saca</submittedBy></source><imagesize><nrows>2910</nrows><ncols>4361</ncols></imagesize><object><name>m4_s05_052_p_ic059</name><deleted>0</deleted><verified>0</verified><occluded>no</occluded><attributes></attributes><parts><hasparts></hasparts><ispartof></ispartof></parts><date>07-10-20 22:35:36:934</date><id>0</id><type>bounding_box</type><polygon><username>anonymous</username><pt><x>1400</x><y>540</y><time>07-10-20 22:35:32:978</time></pt><pt><x>2872</x><y>540</y><time>07-10-20 22:35:34:840</time></pt><pt><x>2872</x><y>2463</y><time>undefined</time></pt><pt><x>1400</x><y>2463</y><time>undefined</time></pt><closed_date>07-10-20 22:35:34:841</closed_date></polygon></object></annotation>