<annotation><filename>m1_s06_144_p_nic039.jpg</filename><folder>users/joselusava//jacob_2/144nic</folder><source><submittedBy>Jose Saca</submittedBy></source><imagesize><nrows>2736</nrows><ncols>4100</ncols></imagesize><object><name>m1_s06_144_p_nic039</name><deleted>0</deleted><verified>0</verified><occluded>no</occluded><attributes></attributes><parts><hasparts></hasparts><ispartof></ispartof></parts><date>08-09-20 02:09:24:342</date><id>0</id><type>bounding_box</type><polygon><username>anonymous</username><pt><x>990</x><y>2635</y><time>08-09-20 02:09:20:983</time></pt><pt><x>2398</x><y>2635</y><time>08-09-20 02:09:23:408</time></pt><pt><x>2398</x><y>1007</y><time>undefined</time></pt><pt><x>990</x><y>1007</y><time>undefined</time></pt><closed_date>08-09-20 02:09:23:409</closed_date></polygon></object></annotation>