<annotation><filename>m2_s01_018_p_nic032.jpg</filename><folder>users/joselusava//santiago_2</folder><source><submittedBy>Jose Saca</submittedBy></source><imagesize><nrows>2850</nrows><ncols>4271</ncols></imagesize><object><name>m2_s01_018_p_nic032</name><deleted>0</deleted><verified>0</verified><occluded>no</occluded><attributes></attributes><parts><hasparts></hasparts><ispartof></ispartof></parts><date>28-09-20 21:31:24:178</date><id>0</id><type>bounding_box</type><polygon><username>anonymous</username><pt><x>1007</x><y>407</y><time>28-09-20 21:31:09:040</time></pt><pt><x>1619</x><y>407</y><time>28-09-20 21:31:10:083</time></pt><pt><x>1619</x><y>1231</y><time>undefined</time></pt><pt><x>1007</x><y>1231</y><time>undefined</time></pt><closed_date>28-09-20 21:31:10:084</closed_date></polygon></object></annotation>