<annotation><filename>m2_s02_129_p_nic092.jpg</filename><folder>users/joselusava//m2_jsv/129/nic</folder><source><submittedBy>Jose Saca</submittedBy></source><imagesize><nrows>2910</nrows><ncols>4361</ncols></imagesize><object><name>m2_s02_129_p_nic092</name><deleted>0</deleted><verified>0</verified><occluded>no</occluded><attributes></attributes><parts><hasparts></hasparts><ispartof></ispartof></parts><date>25-09-20 08:27:41:288</date><id>0</id><type>bounding_box</type><polygon><username>anonymous</username><pt><x>2585</x><y>1140</y><time>25-09-20 08:27:38:415</time></pt><pt><x>1419</x><y>1140</y><time>25-09-20 08:27:40:467</time></pt><pt><x>1419</x><y>26</y><time>undefined</time></pt><pt><x>2585</x><y>26</y><time>undefined</time></pt><closed_date>25-09-20 08:27:40:467</closed_date></polygon></object></annotation>