<annotation><filename>m2_s01_010_p_nic046.jpg</filename><folder>users/joselusava//santiago</folder><source><submittedBy>Jose Saca</submittedBy></source><imagesize><nrows>2850</nrows><ncols>4271</ncols></imagesize><object><name>m2_s01_010_p_nic046</name><deleted>0</deleted><verified>0</verified><occluded>no</occluded><attributes></attributes><parts><hasparts></hasparts><ispartof></ispartof></parts><date>22-09-20 20:42:00:473</date><id>0</id><type>bounding_box</type><polygon><username>anonymous</username><pt><x>2638</x><y>539</y><time>22-09-20 20:41:53:422</time></pt><pt><x>3478</x><y>539</y><time>22-09-20 20:41:54:578</time></pt><pt><x>3478</x><y>1452</y><time>undefined</time></pt><pt><x>2638</x><y>1452</y><time>undefined</time></pt><closed_date>22-09-20 20:41:54:579</closed_date></polygon></object></annotation>