<annotation><filename>m2_s06_244_p_ic062.jpg</filename><folder>users/joselusava//museos2020</folder><source><submittedBy>Jose Saca</submittedBy></source><imagesize><nrows>2910</nrows><ncols>4361</ncols></imagesize><object><name>m2_s06_244_p_ic062</name><deleted>0</deleted><verified>0</verified><occluded>no</occluded><attributes></attributes><parts><hasparts></hasparts><ispartof></ispartof></parts><date>22-09-20 14:37:23:450</date><id>0</id><type>bounding_box</type><polygon><username>anonymous</username><pt><x>1075</x><y>1089</y><time>22-09-20 14:37:13:357</time></pt><pt><x>3806</x><y>1089</y><time>22-09-20 14:37:15:812</time></pt><pt><x>3806</x><y>2208</y><time>undefined</time></pt><pt><x>1075</x><y>2208</y><time>undefined</time></pt><closed_date>22-09-20 14:37:15:813</closed_date></polygon></object></annotation>