<annotation><filename>m1_s02_052_p_nic059.jpg</filename><folder>users/joselusava//valeria/sala2_052_nic</folder><source><submittedBy>Jose Saca</submittedBy></source><imagesize><nrows>3200</nrows><ncols>4800</ncols></imagesize><object><name>m1_s02_052_p_nic059</name><deleted>0</deleted><verified>0</verified><occluded>no</occluded><attributes></attributes><parts><hasparts></hasparts><ispartof></ispartof></parts><date>27-08-20 16:43:01:563</date><id>0</id><type>bounding_box</type><polygon><username>anonymous</username><pt><x>3264</x><y>328</y><time>27-08-20 16:42:55:957</time></pt><pt><x>4472</x><y>328</y><time>27-08-20 16:42:57:999</time></pt><pt><x>4472</x><y>1514</y><time>undefined</time></pt><pt><x>3264</x><y>1514</y><time>undefined</time></pt><closed_date>27-08-20 16:42:58:001</closed_date></polygon></object></annotation>