<annotation><filename>m4_s12_185_p_nic061.jpg</filename><folder>users/joselusava//valeria/m04_s12_185_nic</folder><source><submittedBy>Jose Saca</submittedBy></source><imagesize><nrows>2910</nrows><ncols>4361</ncols></imagesize><object><name>m4_s12_185_p_nic061</name><deleted>0</deleted><verified>0</verified><occluded>no</occluded><attributes></attributes><parts><hasparts></hasparts><ispartof></ispartof></parts><date>17-10-20 23:28:59:070</date><id>0</id><type>bounding_box</type><polygon><username>anonymous</username><pt><x>17</x><y>2529</y><time>17-10-20 23:28:53:605</time></pt><pt><x>2020</x><y>2529</y><time>17-10-20 23:28:55:762</time></pt><pt><x>2020</x><y>487</y><time>undefined</time></pt><pt><x>17</x><y>487</y><time>undefined</time></pt><closed_date>17-10-20 23:28:55:763</closed_date></polygon></object></annotation>