<annotation><filename>m4_s11_178_p_nic052.jpg</filename><folder>users/joselusava//santiago_2</folder><source><submittedBy>Jose Saca</submittedBy></source><imagesize><nrows>2970</nrows><ncols>4451</ncols></imagesize><object><name>m4_s11_178_p_nic052</name><deleted>0</deleted><verified>0</verified><occluded>no</occluded><attributes></attributes><parts><hasparts></hasparts><ispartof></ispartof></parts><date>16-10-20 09:34:46:974</date><id>0</id><type>bounding_box</type><polygon><username>anonymous</username><pt><x>446</x><y>842</y><time>16-10-20 09:34:41:351</time></pt><pt><x>1624</x><y>842</y><time>16-10-20 09:34:43:328</time></pt><pt><x>1624</x><y>1974</y><time>undefined</time></pt><pt><x>446</x><y>1974</y><time>undefined</time></pt><closed_date>16-10-20 09:34:43:329</closed_date></polygon></object></annotation>