<annotation><filename>m1_s01_017_p_nic092.jpg</filename><folder>users/joselusava//santiago</folder><source><submittedBy>Jose Saca</submittedBy></source><imagesize><nrows>3200</nrows><ncols>4800</ncols></imagesize><object><name>m1_s01_017_p_nic092</name><deleted>0</deleted><verified>0</verified><occluded>no</occluded><attributes></attributes><parts><hasparts></hasparts><ispartof></ispartof></parts><date>11-09-20 20:07:06:903</date><id>0</id><type>bounding_box</type><polygon><username>anonymous</username><pt><x>612</x><y>1281</y><time>11-09-20 20:06:59:962</time></pt><pt><x>1235</x><y>1281</y><time>11-09-20 20:07:00:732</time></pt><pt><x>1235</x><y>1685</y><time>undefined</time></pt><pt><x>612</x><y>1685</y><time>undefined</time></pt><closed_date>11-09-20 20:07:00:734</closed_date></polygon></object></annotation>