<annotation><filename>m3_s01_013_p_ic079.jpg</filename><folder>users/joselusava//valeria/m03_s01_13_ic</folder><source><submittedBy>Jose Saca</submittedBy></source><imagesize><nrows>2970</nrows><ncols>4451</ncols></imagesize><object><name>m3_s01_013_p_ic078</name><deleted>0</deleted><verified>0</verified><occluded>no</occluded><attributes></attributes><parts><hasparts></hasparts><ispartof></ispartof></parts><date>01-11-20 09:30:11:795</date><id>0</id><type>bounding_box</type><polygon><username>anonymous</username><pt><x>3964</x><y>2799</y><time>01-11-20 09:30:01:250</time></pt><pt><x>554</x><y>2799</y><time>01-11-20 09:30:06:959</time></pt><pt><x>554</x><y>263</y><time>undefined</time></pt><pt><x>3964</x><y>263</y><time>undefined</time></pt><closed_date>01-11-20 09:30:06:961</closed_date></polygon></object></annotation>