<annotation><filename>m2_s02_190_p_nic063.jpg</filename><folder>users/joselusava//m2_jsv/190/nic</folder><source><submittedBy>Jose Saca</submittedBy></source><imagesize><nrows>2910</nrows><ncols>4361</ncols></imagesize><object><name>m2_s02_190_p_nic063</name><deleted>0</deleted><verified>0</verified><occluded>no</occluded><attributes></attributes><parts><hasparts></hasparts><ispartof></ispartof></parts><date>21-09-20 15:12:38:284</date><id>0</id><type>bounding_box</type><polygon><username>anonymous</username><pt><x>4091</x><y>2742</y><time>21-09-20 15:12:36:235</time></pt><pt><x>2986</x><y>2742</y><time>21-09-20 15:12:37:798</time></pt><pt><x>2986</x><y>1758</y><time>undefined</time></pt><pt><x>4091</x><y>1758</y><time>undefined</time></pt><closed_date>21-09-20 15:12:37:798</closed_date></polygon></object></annotation>