<annotation><filename>m3_s01_013_p_ic086.jpg</filename><folder>users/joselusava//valeria/m03_s01_13_ic</folder><source><submittedBy>Jose Saca</submittedBy></source><imagesize><nrows>2970</nrows><ncols>4451</ncols></imagesize><object><name>m3_s01_013_p_ic085</name><deleted>0</deleted><verified>0</verified><occluded>no</occluded><attributes></attributes><parts><hasparts></hasparts><ispartof></ispartof></parts><date>01-11-20 09:36:34:615</date><id>0</id><type>bounding_box</type><polygon><username>anonymous</username><pt><x>3638</x><y>2776</y><time>01-11-20 09:36:28:397</time></pt><pt><x>314</x><y>2776</y><time>01-11-20 09:36:30:854</time></pt><pt><x>314</x><y>326</y><time>undefined</time></pt><pt><x>3638</x><y>326</y><time>undefined</time></pt><closed_date>01-11-20 09:36:30:855</closed_date></polygon></object></annotation>