<annotation><filename>m2_s01_024_p_ic077.jpg</filename><folder>users/joselusava//santiago</folder><source><submittedBy>Jose Saca</submittedBy></source><imagesize><nrows>2850</nrows><ncols>4271</ncols></imagesize><object><name>m2_s01_024_p_ic077</name><deleted>0</deleted><verified>0</verified><occluded>no</occluded><attributes></attributes><parts><hasparts></hasparts><ispartof></ispartof></parts><date>24-09-20 22:51:57:488</date><id>0</id><type>bounding_box</type><polygon><username>anonymous</username><pt><x>1302</x><y>157</y><time>24-09-20 22:51:48:842</time></pt><pt><x>2969</x><y>157</y><time>24-09-20 22:51:51:328</time></pt><pt><x>2969</x><y>2783</y><time>undefined</time></pt><pt><x>1302</x><y>2783</y><time>undefined</time></pt><closed_date>24-09-20 22:51:51:330</closed_date></polygon></object></annotation>