<annotation><filename>m2_s01_024_p_ic057.jpg</filename><folder>users/joselusava//santiago</folder><source><submittedBy>Jose Saca</submittedBy></source><imagesize><nrows>2850</nrows><ncols>4271</ncols></imagesize><object><name>m2_s01_024_p_ic057</name><deleted>0</deleted><verified>0</verified><occluded>no</occluded><attributes></attributes><parts><hasparts></hasparts><ispartof></ispartof></parts><date>24-09-20 22:23:21:439</date><id>0</id><type>bounding_box</type><polygon><username>anonymous</username><pt><x>1231</x><y>74</y><time>24-09-20 22:23:12:649</time></pt><pt><x>2767</x><y>74</y><time>24-09-20 22:23:15:031</time></pt><pt><x>2767</x><y>2754</y><time>undefined</time></pt><pt><x>1231</x><y>2754</y><time>undefined</time></pt><closed_date>24-09-20 22:23:15:032</closed_date></polygon></object></annotation>