<annotation><filename>img_m1_s03-04_101_p_nic024.jpg</filename><folder>users/joselusava//valeria/sala3y4_101_nic</folder><source><submittedBy>Jose Saca</submittedBy></source><imagesize><nrows>3200</nrows><ncols>4800</ncols></imagesize><object><name>m1_s03_s04_101_p_nic024</name><deleted>0</deleted><verified>0</verified><occluded>no</occluded><attributes></attributes><parts><hasparts></hasparts><ispartof></ispartof></parts><date>29-08-20 23:17:34:735</date><id>0</id><type>bounding_box</type><polygon><username>anonymous</username><pt><x>36</x><y>2048</y><time>29-08-20 23:17:27:506</time></pt><pt><x>3042</x><y>2048</y><time>29-08-20 23:17:31:214</time></pt><pt><x>3042</x><y>382</y><time>undefined</time></pt><pt><x>36</x><y>382</y><time>undefined</time></pt><closed_date>29-08-20 23:17:31:215</closed_date></polygon></object></annotation>