<annotation><filename>m2_s01_001_p_ic044.jpg</filename><folder>users/joselusava//santiago</folder><source><submittedBy>Jose Saca</submittedBy></source><imagesize><nrows>2850</nrows><ncols>4271</ncols></imagesize><object><name>m2_s01_001_p_ic044</name><deleted>0</deleted><verified>0</verified><occluded>no</occluded><attributes></attributes><parts><hasparts></hasparts><ispartof></ispartof></parts><date>19-09-20 08:38:24:313</date><id>0</id><type>bounding_box</type><polygon><username>anonymous</username><pt><x>1019</x><y>61</y><time>19-09-20 08:38:14:345</time></pt><pt><x>3126</x><y>61</y><time>19-09-20 08:38:17:193</time></pt><pt><x>3126</x><y>2818</y><time>undefined</time></pt><pt><x>1019</x><y>2818</y><time>undefined</time></pt><closed_date>19-09-20 08:38:17:195</closed_date></polygon></object></annotation>