<annotation><filename>m4_s11_178_p_ic082.jpg</filename><folder>users/joselusava//santiago_2</folder><source><submittedBy>Jose Saca</submittedBy></source><imagesize><nrows>2970</nrows><ncols>4451</ncols></imagesize><object><name>m4_s11_178_p_ic082</name><deleted>0</deleted><verified>0</verified><occluded>no</occluded><attributes></attributes><parts><hasparts></hasparts><ispartof></ispartof></parts><date>15-10-20 22:21:09:562</date><id>0</id><type>bounding_box</type><polygon><username>anonymous</username><pt><x>1435</x><y>660</y><time>15-10-20 22:21:05:692</time></pt><pt><x>2802</x><y>660</y><time>15-10-20 22:21:07:478</time></pt><pt><x>2802</x><y>2527</y><time>undefined</time></pt><pt><x>1435</x><y>2527</y><time>undefined</time></pt><closed_date>15-10-20 22:21:07:479</closed_date></polygon></object></annotation>