<annotation><filename>m1_s02_029_p_nic072.jpg</filename><folder>users/joselusava//valeria/sala2_029_nic</folder><source><submittedBy>Jose Saca</submittedBy></source><imagesize><nrows>3200</nrows><ncols>4800</ncols></imagesize><object><name>m1_s02_029_p_nic072</name><deleted>0</deleted><verified>0</verified><occluded>no</occluded><attributes></attributes><parts><hasparts></hasparts><ispartof></ispartof></parts><date>26-08-20 20:19:40:737</date><id>0</id><type>bounding_box</type><polygon><username>anonymous</username><pt><x>1659</x><y>1772</y><time>26-08-20 20:19:28:032</time></pt><pt><x>2642</x><y>1772</y><time>26-08-20 20:19:30:962</time></pt><pt><x>2642</x><y>2878</y><time>undefined</time></pt><pt><x>1659</x><y>2878</y><time>undefined</time></pt><closed_date>26-08-20 20:19:30:962</closed_date></polygon></object></annotation>