<annotation><filename>m1_s06_186_p_ic070.jpg</filename><folder>users/joselusava//jacob_2/186ic</folder><source><submittedBy>Jose Saca</submittedBy></source><imagesize><nrows>2736</nrows><ncols>4100</ncols></imagesize><object><name>s06_186_p_ic070</name><deleted>0</deleted><verified>0</verified><occluded>no</occluded><attributes></attributes><parts><hasparts></hasparts><ispartof></ispartof></parts><date>09-09-20 22:32:30:716</date><id>0</id><type>bounding_box</type><polygon><username>anonymous</username><pt><x>2832</x><y>2504</y><time>09-09-20 22:32:28:561</time></pt><pt><x>1162</x><y>2504</y><time>09-09-20 22:32:29:781</time></pt><pt><x>1162</x><y>115</y><time>undefined</time></pt><pt><x>2832</x><y>115</y><time>undefined</time></pt><closed_date>09-09-20 22:32:29:782</closed_date></polygon></object></annotation>