<annotation><filename>m4_s02_021_p_nic005.jpg</filename><folder>users/joselusava//santiago_2</folder><source><submittedBy>Jose Saca</submittedBy></source><imagesize><nrows>2910</nrows><ncols>4361</ncols></imagesize><object><name>m4_s02_021_p_nic005</name><deleted>0</deleted><verified>0</verified><occluded>no</occluded><attributes></attributes><parts><hasparts></hasparts><ispartof></ispartof></parts><date>04-10-20 20:33:00:538</date><id>0</id><type>bounding_box</type><polygon><username>anonymous</username><pt><x>2075</x><y>146</y><time>04-10-20 20:32:56:032</time></pt><pt><x>3260</x><y>146</y><time>04-10-20 20:32:57:839</time></pt><pt><x>3260</x><y>1857</y><time>undefined</time></pt><pt><x>2075</x><y>1857</y><time>undefined</time></pt><closed_date>04-10-20 20:32:57:840</closed_date></polygon></object></annotation>