<annotation><filename>m4_s05_060_p_nic029.jpg</filename><folder>users/joselusava//m4_js/60/nic</folder><source><submittedBy>Jose Saca</submittedBy></source><imagesize><nrows>2910</nrows><ncols>4361</ncols></imagesize><object><name>m4_s05_060_p_nic029</name><deleted>0</deleted><verified>0</verified><occluded>no</occluded><attributes></attributes><parts><hasparts></hasparts><ispartof></ispartof></parts><date>13-10-20 23:55:56:531</date><id>0</id><type>bounding_box</type><polygon><username>anonymous</username><pt><x>3865</x><y>2899</y><time>13-10-20 23:55:54:522</time></pt><pt><x>218</x><y>2899</y><time>13-10-20 23:55:55:877</time></pt><pt><x>218</x><y>966</y><time>undefined</time></pt><pt><x>3865</x><y>966</y><time>undefined</time></pt><closed_date>13-10-20 23:55:55:877</closed_date></polygon></object></annotation>