<annotation><filename>m1_s02_065_p_ic058.jpg</filename><folder>users/joselusava//valeria/sala2_065_ic</folder><source><submittedBy>Jose Saca</submittedBy></source><imagesize><nrows>2000</nrows><ncols>2992</ncols></imagesize><object><name>m1_s02_065_p_ic058</name><deleted>0</deleted><verified>0</verified><occluded>no</occluded><attributes></attributes><parts><hasparts></hasparts><ispartof></ispartof></parts><date>26-08-20 00:12:28:446</date><id>0</id><type>bounding_box</type><polygon><username>anonymous</username><pt><x>104</x><y>138</y><time>26-08-20 00:12:22:858</time></pt><pt><x>2530</x><y>138</y><time>26-08-20 00:12:24:862</time></pt><pt><x>2530</x><y>1849</y><time>undefined</time></pt><pt><x>104</x><y>1849</y><time>undefined</time></pt><closed_date>26-08-20 00:12:24:863</closed_date></polygon></object></annotation>