<annotation><filename>m4_s03_025_p_ic073.jpg</filename><folder>users/joselusava//m4_js/m3/25</folder><source><submittedBy>Jose Saca</submittedBy></source><imagesize><nrows>2910</nrows><ncols>4361</ncols></imagesize><object><name>m4_s03_025_p_ic073</name><deleted>0</deleted><verified>0</verified><occluded>no</occluded><attributes></attributes><parts><hasparts></hasparts><ispartof></ispartof></parts><date>09-11-20 11:17:08:794</date><id>0</id><type>bounding_box</type><polygon><username>anonymous</username><pt><x>4065</x><y>200</y><time>09-11-20 11:17:06:561</time></pt><pt><x>618</x><y>200</y><time>09-11-20 11:17:07:981</time></pt><pt><x>618</x><y>2498</y><time>undefined</time></pt><pt><x>4065</x><y>2498</y><time>undefined</time></pt><closed_date>09-11-20 11:17:07:982</closed_date></polygon></object></annotation>