<annotation><filename>m4_s03_025_p_nic042.jpg</filename><folder>users/joselusava//santiago_3</folder><source><submittedBy>Jose Saca</submittedBy></source><imagesize><nrows>2910</nrows><ncols>4361</ncols></imagesize><object><name>m4_s03_025_p_nic042</name><deleted>0</deleted><verified>0</verified><occluded>no</occluded><attributes></attributes><parts><hasparts></hasparts><ispartof></ispartof></parts><date>08-11-20 13:35:11:881</date><id>0</id><type>bounding_box</type><polygon><username>anonymous</username><pt><x>714</x><y>416</y><time>08-11-20 13:35:08:648</time></pt><pt><x>3232</x><y>416</y><time>08-11-20 13:35:09:841</time></pt><pt><x>3232</x><y>1700</y><time>undefined</time></pt><pt><x>714</x><y>1700</y><time>undefined</time></pt><closed_date>08-11-20 13:35:09:842</closed_date></polygon></object></annotation>