<annotation><filename>m4_s06_089_p_nic037.jpg</filename><folder>users/joselusava//santiago_2</folder><source><submittedBy>Jose Saca</submittedBy></source><imagesize><nrows>2970</nrows><ncols>4451</ncols></imagesize><object><name>m4_s06_089_p_nic037</name><deleted>0</deleted><verified>0</verified><occluded>no</occluded><attributes></attributes><parts><hasparts></hasparts><ispartof></ispartof></parts><date>12-10-20 21:01:18:067</date><id>0</id><type>bounding_box</type><polygon><username>anonymous</username><pt><x>1553</x><y>164</y><time>12-10-20 21:01:14:447</time></pt><pt><x>2945</x><y>164</y><time>12-10-20 21:01:15:852</time></pt><pt><x>2945</x><y>1881</y><time>undefined</time></pt><pt><x>1553</x><y>1881</y><time>undefined</time></pt><closed_date>12-10-20 21:01:15:853</closed_date></polygon></object></annotation>