<annotation><filename>m1_s02_052_p_ic036.jpg</filename><folder>users/joselusava//valeria/sala2_052_ic</folder><source><submittedBy>Jose Saca</submittedBy></source><imagesize><nrows>3200</nrows><ncols>4800</ncols></imagesize><object><name>m1_s02_052_p_ic036</name><deleted>0</deleted><verified>0</verified><occluded>no</occluded><attributes></attributes><parts><hasparts></hasparts><ispartof></ispartof></parts><date>25-08-20 17:51:13:442</date><id>0</id><type>bounding_box</type><polygon><username>anonymous</username><pt><x>209</x><y>11</y><time>25-08-20 17:51:07:080</time></pt><pt><x>4687</x><y>11</y><time>25-08-20 17:51:09:389</time></pt><pt><x>4687</x><y>3179</y><time>undefined</time></pt><pt><x>209</x><y>3179</y><time>undefined</time></pt><closed_date>25-08-20 17:51:09:390</closed_date></polygon></object></annotation>