<annotation><filename>m1_s06_186_p_ic076.jpg</filename><folder>users/joselusava//jacob_2/186ic</folder><source><submittedBy>Jose Saca</submittedBy></source><imagesize><nrows>2736</nrows><ncols>4100</ncols></imagesize><object><name>s06_186_p_ic076</name><deleted>0</deleted><verified>0</verified><occluded>no</occluded><attributes></attributes><parts><hasparts></hasparts><ispartof></ispartof></parts><date>09-09-20 22:48:10:639</date><id>0</id><type>bounding_box</type><polygon><username>anonymous</username><pt><x>2463</x><y>2570</y><time>09-09-20 22:48:06:573</time></pt><pt><x>1522</x><y>2570</y><time>09-09-20 22:48:09:544</time></pt><pt><x>1522</x><y>16</y><time>undefined</time></pt><pt><x>2463</x><y>16</y><time>undefined</time></pt><closed_date>09-09-20 22:48:09:545</closed_date></polygon></object></annotation>