<annotation><filename>m4_s11_178_p_ic100.jpg</filename><folder>users/joselusava//santiago_2</folder><source><submittedBy>Jose Saca</submittedBy></source><imagesize><nrows>2970</nrows><ncols>4451</ncols></imagesize><object><name>m4_s11_178_p_ic100</name><deleted>0</deleted><verified>0</verified><occluded>no</occluded><attributes></attributes><parts><hasparts></hasparts><ispartof></ispartof></parts><date>15-10-20 22:35:28:269</date><id>0</id><type>bounding_box</type><polygon><username>anonymous</username><pt><x>1378</x><y>532</y><time>15-10-20 22:35:24:893</time></pt><pt><x>3038</x><y>532</y><time>15-10-20 22:35:26:373</time></pt><pt><x>3038</x><y>2260</y><time>undefined</time></pt><pt><x>1378</x><y>2260</y><time>undefined</time></pt><closed_date>15-10-20 22:35:26:373</closed_date></polygon></object></annotation>