<annotation><filename>img_m1_s03-04_101_p_nic094.jpg</filename><folder>users/joselusava//valeria/sala3y4_101_nic</folder><source><submittedBy>Jose Saca</submittedBy></source><imagesize><nrows>3200</nrows><ncols>4800</ncols></imagesize><object><name>m1_s03_s04_101_p_nic094</name><deleted>0</deleted><verified>0</verified><occluded>no</occluded><attributes></attributes><parts><hasparts></hasparts><ispartof></ispartof></parts><date>30-08-20 01:31:37:678</date><id>0</id><type>bounding_box</type><polygon><username>anonymous</username><pt><x>2994</x><y>2030</y><time>30-08-20 01:31:31:556</time></pt><pt><x>12</x><y>2030</y><time>30-08-20 01:31:34:427</time></pt><pt><x>12</x><y>927</y><time>undefined</time></pt><pt><x>2994</x><y>927</y><time>undefined</time></pt><closed_date>30-08-20 01:31:34:428</closed_date></polygon></object></annotation>