<annotation><filename>m2_s01_058_p_ic028.jpg</filename><folder>users/joselusava//m2_jsv/58/ic</folder><source><submittedBy>Jose Saca</submittedBy></source><imagesize><nrows>2850</nrows><ncols>4271</ncols></imagesize><object><name>m2_s01_058_p_ic028</name><deleted>0</deleted><verified>0</verified><occluded>no</occluded><attributes></attributes><parts><hasparts></hasparts><ispartof></ispartof></parts><date>29-09-20 13:10:37:340</date><id>0</id><type>bounding_box</type><polygon><username>anonymous</username><pt><x>654</x><y>323</y><time>29-09-20 13:10:35:151</time></pt><pt><x>3456</x><y>323</y><time>29-09-20 13:10:36:687</time></pt><pt><x>3456</x><y>2369</y><time>undefined</time></pt><pt><x>654</x><y>2369</y><time>undefined</time></pt><closed_date>29-09-20 13:10:36:687</closed_date></polygon></object></annotation>