<annotation><filename>m2_s01_024_p_nic071.jpg</filename><folder>users/joselusava//santiago</folder><source><submittedBy>Jose Saca</submittedBy></source><imagesize><nrows>2850</nrows><ncols>4271</ncols></imagesize><object><name>m2_s01_024_p_nic071</name><deleted>0</deleted><verified>0</verified><occluded>no</occluded><attributes></attributes><parts><hasparts></hasparts><ispartof></ispartof></parts><date>25-09-20 15:29:15:995</date><id>0</id><type>bounding_box</type><polygon><username>anonymous</username><pt><x>2286</x><y>154</y><time>25-09-20 15:29:09:378</time></pt><pt><x>3405</x><y>154</y><time>25-09-20 15:29:10:337</time></pt><pt><x>3405</x><y>2276</y><time>undefined</time></pt><pt><x>2286</x><y>2276</y><time>undefined</time></pt><closed_date>25-09-20 15:29:10:338</closed_date></polygon></object></annotation>