<annotation><filename>m2_s01_001_p_nic018.jpg</filename><folder>users/joselusava//santiago</folder><source><submittedBy>Jose Saca</submittedBy></source><imagesize><nrows>2850</nrows><ncols>4271</ncols></imagesize><object><name>m2_s01_001_p_nic018</name><deleted>0</deleted><verified>0</verified><occluded>no</occluded><attributes></attributes><parts><hasparts></hasparts><ispartof></ispartof></parts><date>19-09-20 22:02:07:350</date><id>0</id><type>bounding_box</type><polygon><username>anonymous</username><pt><x>2337</x><y>305</y><time>19-09-20 22:01:59:084</time></pt><pt><x>3712</x><y>305</y><time>19-09-20 22:02:00:613</time></pt><pt><x>3712</x><y>1715</y><time>undefined</time></pt><pt><x>2337</x><y>1715</y><time>undefined</time></pt><closed_date>19-09-20 22:02:00:614</closed_date></polygon></object></annotation>