<annotation><filename>m4_s11_178_p_nic031.jpg</filename><folder>users/joselusava//santiago_2</folder><source><submittedBy>Jose Saca</submittedBy></source><imagesize><nrows>2970</nrows><ncols>4451</ncols></imagesize><object><name>m4_s11_178_p_nic031</name><deleted>0</deleted><verified>0</verified><occluded>no</occluded><attributes></attributes><parts><hasparts></hasparts><ispartof></ispartof></parts><date>15-10-20 23:17:08:178</date><id>0</id><type>bounding_box</type><polygon><username>anonymous</username><pt><x>1096</x><y>1353</y><time>15-10-20 23:17:04:814</time></pt><pt><x>2360</x><y>1353</y><time>15-10-20 23:17:06:090</time></pt><pt><x>2360</x><y>2659</y><time>undefined</time></pt><pt><x>1096</x><y>2659</y><time>undefined</time></pt><closed_date>15-10-20 23:17:06:091</closed_date></polygon></object></annotation>