<annotation><filename>m4_s03_025_p_ic044.jpg</filename><folder>users/joselusava//m4_js/m3/25</folder><source><submittedBy>Jose Saca</submittedBy></source><imagesize><nrows>2910</nrows><ncols>4361</ncols></imagesize><object><name>m4_s03_025_p_ic044</name><deleted>0</deleted><verified>0</verified><occluded>no</occluded><attributes></attributes><parts><hasparts></hasparts><ispartof></ispartof></parts><date>09-11-20 11:06:36:809</date><id>0</id><type>bounding_box</type><polygon><username>anonymous</username><pt><x>4082</x><y>400</y><time>09-11-20 11:06:34:919</time></pt><pt><x>305</x><y>400</y><time>09-11-20 11:06:36:167</time></pt><pt><x>305</x><y>2533</y><time>undefined</time></pt><pt><x>4082</x><y>2533</y><time>undefined</time></pt><closed_date>09-11-20 11:06:36:168</closed_date></polygon></object></annotation>