<annotation><filename>m2_s01_024_p_ic071.jpg</filename><folder>users/joselusava//santiago</folder><source><submittedBy>Jose Saca</submittedBy></source><imagesize><nrows>2850</nrows><ncols>4271</ncols></imagesize><object><name>m2_s01_024_p_ic071</name><deleted>0</deleted><verified>0</verified><occluded>no</occluded><attributes></attributes><parts><hasparts></hasparts><ispartof></ispartof></parts><date>24-09-20 22:42:08:419</date><id>0</id><type>bounding_box</type><polygon><username>anonymous</username><pt><x>1232</x><y>14</y><time>24-09-20 22:41:57:969</time></pt><pt><x>2721</x><y>14</y><time>24-09-20 22:42:00:659</time></pt><pt><x>2721</x><y>2283</y><time>undefined</time></pt><pt><x>1232</x><y>2283</y><time>undefined</time></pt><closed_date>24-09-20 22:42:00:661</closed_date></polygon></object></annotation>