<annotation><filename>m4_s11_176_p_ic085.jpg</filename><folder>users/joselusava//m4_js/176/ic</folder><source><submittedBy>Jose Saca</submittedBy></source><imagesize><nrows>2970</nrows><ncols>4451</ncols></imagesize><object><name>m4_s11_176_p_ic085</name><deleted>0</deleted><verified>0</verified><occluded>no</occluded><attributes></attributes><parts><hasparts></hasparts><ispartof></ispartof></parts><date>15-10-20 11:04:40:960</date><id>0</id><type>bounding_box</type><polygon><username>anonymous</username><pt><x>2861</x><y>2310</y><time>15-10-20 11:04:38:606</time></pt><pt><x>1315</x><y>2310</y><time>15-10-20 11:04:40:358</time></pt><pt><x>1315</x><y>613</y><time>undefined</time></pt><pt><x>2861</x><y>613</y><time>undefined</time></pt><closed_date>15-10-20 11:04:40:359</closed_date></polygon></object></annotation>