<annotation><filename>m1_s02_036_p_nic067.jpg</filename><folder>users/joselusava//valeria/sala2_036_nic</folder><source><submittedBy>Jose Saca</submittedBy></source><imagesize><nrows>3200</nrows><ncols>4800</ncols></imagesize><object><name>m1_s02_036_p_nic067</name><deleted>0</deleted><verified>0</verified><occluded>no</occluded><attributes></attributes><parts><hasparts></hasparts><ispartof></ispartof></parts><date>27-08-20 01:11:28:688</date><id>0</id><type>bounding_box</type><polygon><username>anonymous</username><pt><x>4709</x><y>2674</y><time>27-08-20 01:11:20:296</time></pt><pt><x>2035</x><y>2674</y><time>27-08-20 01:11:24:574</time></pt><pt><x>2035</x><y>354</y><time>undefined</time></pt><pt><x>4709</x><y>354</y><time>undefined</time></pt><closed_date>27-08-20 01:11:24:575</closed_date></polygon></object></annotation>