<annotation><filename>m2_s01_056_p_nic071.jpg</filename><folder>users/joselusava//m2_jsv/56/nic</folder><source><submittedBy>Jose Saca</submittedBy></source><imagesize><nrows>2850</nrows><ncols>4271</ncols></imagesize><object><name>m2_s01_056_p_nic071</name><deleted>0</deleted><verified>0</verified><occluded>no</occluded><attributes></attributes><parts><hasparts></hasparts><ispartof></ispartof></parts><date>28-09-20 22:31:09:330</date><id>0</id><type>bounding_box</type><polygon><username>anonymous</username><pt><x>1443</x><y>2352</y><time>28-09-20 22:31:07:413</time></pt><pt><x>17</x><y>2352</y><time>28-09-20 22:31:08:684</time></pt><pt><x>17</x><y>688</y><time>undefined</time></pt><pt><x>1443</x><y>688</y><time>undefined</time></pt><closed_date>28-09-20 22:31:08:684</closed_date></polygon></object></annotation>