<annotation><filename>m4_s05_052_p_nic099.jpg</filename><folder>users/joselusava//santiago_2</folder><source><submittedBy>Jose Saca</submittedBy></source><imagesize><nrows>2910</nrows><ncols>4361</ncols></imagesize><object><name>m4_s05_052_p_nic099</name><deleted>0</deleted><verified>0</verified><occluded>no</occluded><attributes></attributes><parts><hasparts></hasparts><ispartof></ispartof></parts><date>08-10-20 22:50:11:304</date><id>0</id><type>bounding_box</type><polygon><username>anonymous</username><pt><x>184</x><y>637</y><time>08-10-20 22:50:07:569</time></pt><pt><x>1587</x><y>637</y><time>08-10-20 22:50:09:288</time></pt><pt><x>1587</x><y>2124</y><time>undefined</time></pt><pt><x>184</x><y>2124</y><time>undefined</time></pt><closed_date>08-10-20 22:50:09:289</closed_date></polygon></object></annotation>