<annotation><filename>m2_s01_034_p_nic031.jpg</filename><folder>users/joselusava//kath</folder><source><submittedBy>Jose Saca</submittedBy></source><imagesize><nrows>2850</nrows><ncols>4271</ncols></imagesize><object><name>m2_s01_034_p_nic031</name><deleted>0</deleted><verified>0</verified><occluded>no</occluded><attributes></attributes><parts><hasparts></hasparts><ispartof></ispartof></parts><date>25-09-20 19:44:29:031</date><id>0</id><type>bounding_box</type><polygon><username>anonymous</username><pt><x>1117</x><y>222</y><time>25-09-20 19:44:12:708</time></pt><pt><x>2163</x><y>222</y><time>25-09-20 19:44:18:248</time></pt><pt><x>2163</x><y>1690</y><time>undefined</time></pt><pt><x>1117</x><y>1690</y><time>undefined</time></pt><closed_date>25-09-20 19:44:18:248</closed_date></polygon></object></annotation>