<annotation><filename>m4_s07_105_p_nic022.jpg</filename><folder>users/joselusava//kath/m4_105/nic</folder><source><submittedBy>Jose Saca</submittedBy></source><imagesize><nrows>2970</nrows><ncols>4451</ncols></imagesize><object><name>m4_s07_105_p_nic022</name><deleted>0</deleted><verified>0</verified><occluded>no</occluded><attributes></attributes><parts><hasparts></hasparts><ispartof></ispartof></parts><date>29-10-20 09:33:47:501</date><id>0</id><type>bounding_box</type><polygon><username>anonymous</username><pt><x>1283</x><y>1177</y><time>29-10-20 09:33:42:246</time></pt><pt><x>2110</x><y>1177</y><time>29-10-20 09:33:44:525</time></pt><pt><x>2110</x><y>2763</y><time>undefined</time></pt><pt><x>1283</x><y>2763</y><time>undefined</time></pt><closed_date>29-10-20 09:33:44:526</closed_date></polygon></object></annotation>