<annotation><filename>m1_s01_004_p_ic035.jpg</filename><folder>users/joselusava//valeria_apoyo/sala001_004ic_ok</folder><source><submittedBy>Jose Saca</submittedBy></source><imagesize><nrows>2000</nrows><ncols>2992</ncols></imagesize><object><name>m1_s01_004_p_ic035</name><deleted>0</deleted><verified>0</verified><occluded>no</occluded><attributes></attributes><parts><hasparts></hasparts><ispartof></ispartof></parts><date>15-09-20 23:16:52:419</date><id>0</id><type>bounding_box</type><polygon><username>anonymous</username><pt><x>45</x><y>1902</y><time>15-09-20 23:16:46:612</time></pt><pt><x>2428</x><y>1902</y><time>15-09-20 23:16:49:113</time></pt><pt><x>2428</x><y>436</y><time>undefined</time></pt><pt><x>45</x><y>436</y><time>undefined</time></pt><closed_date>15-09-20 23:16:49:114</closed_date></polygon></object></annotation>