<annotation><filename>m1_s06_180_x.jpg</filename><folder>users/joselusava//jacob_2/sala6</folder><source><submittedBy>Jose Saca</submittedBy></source><imagesize><nrows>2736</nrows><ncols>4100</ncols></imagesize><object><name>m1_s06_180_x</name><deleted>0</deleted><verified>0</verified><occluded>no</occluded><attributes></attributes><parts><hasparts></hasparts><ispartof></ispartof></parts><date>06-09-20 01:51:37:310</date><id>0</id><type>bounding_box</type><polygon><username>anonymous</username><pt><x>946</x><y>2527</y><time>06-09-20 01:51:35:218</time></pt><pt><x>3040</x><y>2527</y><time>06-09-20 01:51:36:649</time></pt><pt><x>3040</x><y>204</y><time>undefined</time></pt><pt><x>946</x><y>204</y><time>undefined</time></pt><closed_date>06-09-20 01:51:36:649</closed_date></polygon></object></annotation>