<annotation><filename>m4_s12_185_p_ic031.jpg</filename><folder>users/joselusava//valeria/m04_s12_185_ic</folder><source><submittedBy>Jose Saca</submittedBy></source><imagesize><nrows>2910</nrows><ncols>4361</ncols></imagesize><object><name>m4_s12_185_p_ic031</name><deleted>0</deleted><verified>0</verified><occluded>no</occluded><attributes></attributes><parts><hasparts></hasparts><ispartof></ispartof></parts><date>17-10-20 16:43:42:168</date><id>0</id><type>bounding_box</type><polygon><username>anonymous</username><pt><x>3811</x><y>2748</y><time>17-10-20 16:43:34:696</time></pt><pt><x>711</x><y>2748</y><time>17-10-20 16:43:37:562</time></pt><pt><x>711</x><y>347</y><time>undefined</time></pt><pt><x>3811</x><y>347</y><time>undefined</time></pt><closed_date>17-10-20 16:43:37:564</closed_date></polygon></object></annotation>