<annotation><filename>m1_s02_036_p_nic100.jpg</filename><folder>users/joselusava//valeria/sala2_036_nic</folder><source><submittedBy>Jose Saca</submittedBy></source><imagesize><nrows>3200</nrows><ncols>4800</ncols></imagesize><object><name>m1_s02_036_p_nic100</name><deleted>0</deleted><verified>0</verified><occluded>no</occluded><attributes></attributes><parts><hasparts></hasparts><ispartof></ispartof></parts><date>27-08-20 13:19:16:602</date><id>0</id><type>bounding_box</type><polygon><username>anonymous</username><pt><x>1063</x><y>3136</y><time>27-08-20 13:19:08:118</time></pt><pt><x>381</x><y>3136</y><time>27-08-20 13:19:12:148</time></pt><pt><x>381</x><y>1858</y><time>undefined</time></pt><pt><x>1063</x><y>1858</y><time>undefined</time></pt><closed_date>27-08-20 13:19:12:150</closed_date></polygon></object></annotation>