<annotation><filename>m4_s05_060_p_ic023.jpg</filename><folder>users/joselusava//m4_js/60/ic</folder><source><submittedBy>Jose Saca</submittedBy></source><imagesize><nrows>2910</nrows><ncols>4361</ncols></imagesize><object><name>m4_s05_060_p_ic023</name><deleted>0</deleted><verified>0</verified><occluded>no</occluded><attributes></attributes><parts><hasparts></hasparts><ispartof></ispartof></parts><date>13-10-20 15:43:12:566</date><id>0</id><type>bounding_box</type><polygon><username>anonymous</username><pt><x>4091</x><y>2289</y><time>13-10-20 15:43:10:180</time></pt><pt><x>592</x><y>2289</y><time>13-10-20 15:43:11:618</time></pt><pt><x>592</x><y>662</y><time>undefined</time></pt><pt><x>4091</x><y>662</y><time>undefined</time></pt><closed_date>13-10-20 15:43:11:618</closed_date></polygon></object></annotation>