<annotation><filename>m4_s11_178_p_nic037.jpg</filename><folder>users/joselusava//santiago_2</folder><source><submittedBy>Jose Saca</submittedBy></source><imagesize><nrows>2970</nrows><ncols>4451</ncols></imagesize><object><name>m4_s11_178_p_nic037</name><deleted>0</deleted><verified>0</verified><occluded>no</occluded><attributes></attributes><parts><hasparts></hasparts><ispartof></ispartof></parts><date>15-10-20 23:23:58:810</date><id>0</id><type>bounding_box</type><polygon><username>anonymous</username><pt><x>1956</x><y>1396</y><time>15-10-20 23:23:52:380</time></pt><pt><x>3141</x><y>1396</y><time>15-10-20 23:23:54:082</time></pt><pt><x>3141</x><y>2742</y><time>undefined</time></pt><pt><x>1956</x><y>2742</y><time>undefined</time></pt><closed_date>15-10-20 23:23:54:083</closed_date></polygon></object></annotation>