<annotation><filename>m2_s07_270_x.jpg</filename><folder>users/joselusava//museos2020</folder><source><submittedBy>Jose Saca</submittedBy></source><imagesize><nrows>2910</nrows><ncols>4361</ncols></imagesize><object><name>m2_s07_270_x</name><deleted>0</deleted><verified>0</verified><occluded>no</occluded><attributes></attributes><parts><hasparts></hasparts><ispartof></ispartof></parts><date>27-09-20 22:13:42:096</date><id>0</id><type>bounding_box</type><polygon><username>anonymous</username><pt><x>683</x><y>395</y><time>27-09-20 22:13:33:170</time></pt><pt><x>3733</x><y>395</y><time>27-09-20 22:13:34:703</time></pt><pt><x>3733</x><y>2496</y><time>undefined</time></pt><pt><x>683</x><y>2496</y><time>undefined</time></pt><closed_date>27-09-20 22:13:34:704</closed_date></polygon></object></annotation>