<annotation><filename>m1_s01_001_p_nic055.jpg</filename><folder>users/joselusava//juancarlos</folder><source><submittedBy>Jose Saca</submittedBy></source><imagesize><nrows>3200</nrows><ncols>4800</ncols></imagesize><object><name>m1_s01_001_p_nic055</name><deleted>0</deleted><verified>0</verified><occluded>no</occluded><attributes></attributes><parts><hasparts></hasparts><ispartof></ispartof></parts><date>09-09-20 17:07:14:469</date><id>0</id><type>bounding_box</type><polygon><username>anonymous</username><pt><x>642</x><y>1352</y><time>09-09-20 17:07:03:768</time></pt><pt><x>1685</x><y>1352</y><time>09-09-20 17:07:06:183</time></pt><pt><x>1685</x><y>1885</y><time>undefined</time></pt><pt><x>642</x><y>1885</y><time>undefined</time></pt><closed_date>09-09-20 17:07:06:185</closed_date></polygon></object></annotation>