<annotation><filename>m2_s02_190_p_nic078.jpg</filename><folder>users/joselusava//m2_jsv/190/nic</folder><source><submittedBy>Jose Saca</submittedBy></source><imagesize><nrows>2910</nrows><ncols>4361</ncols></imagesize><object><name>m2_s02_190_p_nic078</name><deleted>0</deleted><verified>0</verified><occluded>no</occluded><attributes></attributes><parts><hasparts></hasparts><ispartof></ispartof></parts><date>21-09-20 15:21:53:692</date><id>0</id><type>bounding_box</type><polygon><username>anonymous</username><pt><x>1219</x><y>2011</y><time>21-09-20 15:21:51:328</time></pt><pt><x>400</x><y>2011</y><time>21-09-20 15:21:52:878</time></pt><pt><x>400</x><y>1219</y><time>undefined</time></pt><pt><x>1219</x><y>1219</y><time>undefined</time></pt><closed_date>21-09-20 15:21:52:878</closed_date></polygon></object></annotation>