<annotation><filename>m2_s01_018_p_nic029.jpg</filename><folder>users/joselusava//santiago_2</folder><source><submittedBy>Jose Saca</submittedBy></source><imagesize><nrows>2850</nrows><ncols>4271</ncols></imagesize><object><name>m2_s01_018_p_nic029</name><deleted>0</deleted><verified>0</verified><occluded>no</occluded><attributes></attributes><parts><hasparts></hasparts><ispartof></ispartof></parts><date>28-09-20 21:17:40:692</date><id>0</id><type>bounding_box</type><polygon><username>anonymous</username><pt><x>2356</x><y>295</y><time>28-09-20 21:17:32:523</time></pt><pt><x>2946</x><y>295</y><time>28-09-20 21:17:33:424</time></pt><pt><x>2946</x><y>1055</y><time>undefined</time></pt><pt><x>2356</x><y>1055</y><time>undefined</time></pt><closed_date>28-09-20 21:17:33:425</closed_date></polygon></object></annotation>