<annotation><filename>m2_s02_129_p_nic073.jpg</filename><folder>users/joselusava//m2_jsv/129/nic</folder><source><submittedBy>Jose Saca</submittedBy></source><imagesize><nrows>2910</nrows><ncols>4361</ncols></imagesize><object><name>m2_s02_129_p_nic073</name><deleted>0</deleted><verified>0</verified><occluded>no</occluded><attributes></attributes><parts><hasparts></hasparts><ispartof></ispartof></parts><date>25-09-20 08:18:28:322</date><id>0</id><type>bounding_box</type><polygon><username>anonymous</username><pt><x>1393</x><y>1227</y><time>25-09-20 08:18:26:335</time></pt><pt><x>331</x><y>1227</y><time>25-09-20 08:18:27:492</time></pt><pt><x>331</x><y>279</y><time>undefined</time></pt><pt><x>1393</x><y>279</y><time>undefined</time></pt><closed_date>25-09-20 08:18:27:492</closed_date></polygon></object></annotation>