<annotation><filename>m2_s01_034_p_ic015.jpg</filename><folder>users/joselusava//kath</folder><source><submittedBy>Jose Saca</submittedBy></source><imagesize><nrows>2850</nrows><ncols>4271</ncols></imagesize><object><name>m2_s01_034_p_ic015</name><deleted>0</deleted><verified>0</verified><occluded>no</occluded><attributes></attributes><parts><hasparts></hasparts><ispartof></ispartof></parts><date>23-09-20 22:41:18:874</date><id>0</id><type>bounding_box</type><polygon><username>anonymous</username><pt><x>1200</x><y>246</y><time>23-09-20 22:41:02:871</time></pt><pt><x>2892</x><y>246</y><time>23-09-20 22:41:08:778</time></pt><pt><x>2892</x><y>2660</y><time>undefined</time></pt><pt><x>1200</x><y>2660</y><time>undefined</time></pt><closed_date>23-09-20 22:41:08:780</closed_date></polygon></object></annotation>