<annotation><filename>m3_s01_013_p_ic075.jpg</filename><folder>users/joselusava//valeria/m03_s01_13_ic</folder><source><submittedBy>Jose Saca</submittedBy></source><imagesize><nrows>2970</nrows><ncols>4451</ncols></imagesize><object><name>m3_s01_013_p_ic074</name><deleted>0</deleted><verified>0</verified><occluded>no</occluded><attributes></attributes><parts><hasparts></hasparts><ispartof></ispartof></parts><date>01-11-20 09:26:44:574</date><id>0</id><type>bounding_box</type><polygon><username>anonymous</username><pt><x>3775</x><y>2764</y><time>01-11-20 09:26:35:926</time></pt><pt><x>434</x><y>2764</y><time>01-11-20 09:26:39:146</time></pt><pt><x>434</x><y>69</y><time>undefined</time></pt><pt><x>3775</x><y>69</y><time>undefined</time></pt><closed_date>01-11-20 09:26:39:148</closed_date></polygon></object></annotation>