<annotation><filename>m1_s06_144_p_ic096.jpg</filename><folder>users/joselusava//jacob_2/144ic</folder><source><submittedBy>Jose Saca</submittedBy></source><imagesize><nrows>2736</nrows><ncols>4100</ncols></imagesize><object><name>m1_s06_144_p_ic096</name><deleted>0</deleted><verified>0</verified><occluded>no</occluded><attributes></attributes><parts><hasparts></hasparts><ispartof></ispartof></parts><date>08-09-20 01:46:44:138</date><id>0</id><type>bounding_box</type><polygon><username>anonymous</username><pt><x>647</x><y>2496</y><time>08-09-20 01:46:40:652</time></pt><pt><x>3257</x><y>2496</y><time>08-09-20 01:46:43:367</time></pt><pt><x>3257</x><y>25</y><time>undefined</time></pt><pt><x>647</x><y>25</y><time>undefined</time></pt><closed_date>08-09-20 01:46:43:367</closed_date></polygon></object></annotation>