<annotation><filename>m2_s01_034_p_ic079.jpg</filename><folder>users/joselusava//kath</folder><source><submittedBy>Jose Saca</submittedBy></source><imagesize><nrows>2850</nrows><ncols>4271</ncols></imagesize><object><name>m2_s01_034_p_ic079</name><deleted>0</deleted><verified>0</verified><occluded>no</occluded><attributes></attributes><parts><hasparts></hasparts><ispartof></ispartof></parts><date>25-09-20 16:54:44:738</date><id>0</id><type>bounding_box</type><polygon><username>anonymous</username><pt><x>1074</x><y>222</y><time>25-09-20 16:54:35:709</time></pt><pt><x>2814</x><y>222</y><time>25-09-20 16:54:40:384</time></pt><pt><x>2814</x><y>2492</y><time>undefined</time></pt><pt><x>1074</x><y>2492</y><time>undefined</time></pt><closed_date>25-09-20 16:54:40:384</closed_date></polygon></object></annotation>