<annotation><filename>m1_s02_052_p_nic090.jpg</filename><folder>users/joselusava//valeria/sala2_052_nic</folder><source><submittedBy>Jose Saca</submittedBy></source><imagesize><nrows>3200</nrows><ncols>4800</ncols></imagesize><object><name>m1_s02_052_p_nic090</name><deleted>0</deleted><verified>0</verified><occluded>no</occluded><attributes></attributes><parts><hasparts></hasparts><ispartof></ispartof></parts><date>27-08-20 17:52:42:776</date><id>0</id><type>bounding_box</type><polygon><username>anonymous</username><pt><x>2282</x><y>97</y><time>27-08-20 17:52:35:553</time></pt><pt><x>891</x><y>97</y><time>27-08-20 17:52:39:595</time></pt><pt><x>891</x><y>1498</y><time>undefined</time></pt><pt><x>2282</x><y>1498</y><time>undefined</time></pt><closed_date>27-08-20 17:52:39:596</closed_date></polygon></object></annotation>