<annotation><filename>m1_s01_004_p_nic048.jpg</filename><folder>users/joselusava//valeria_apoyo/sala01_004_nic</folder><source><submittedBy>Jose Saca</submittedBy></source><imagesize><nrows>3200</nrows><ncols>4800</ncols></imagesize><object><name>m1_s01_004_p_nic048</name><deleted>0</deleted><verified>0</verified><occluded>no</occluded><attributes></attributes><parts><hasparts></hasparts><ispartof></ispartof></parts><date>17-09-20 14:50:45:261</date><id>0</id><type>bounding_box</type><polygon><username>anonymous</username><pt><x>139</x><y>3115</y><time>17-09-20 14:50:34:641</time></pt><pt><x>3364</x><y>3115</y><time>17-09-20 14:50:39:360</time></pt><pt><x>3364</x><y>1818</y><time>undefined</time></pt><pt><x>139</x><y>1818</y><time>undefined</time></pt><closed_date>17-09-20 14:50:39:361</closed_date></polygon></object></annotation>