<annotation><filename>m1_s06_141_p_nic089.jpg</filename><folder>users/joselusava//jacob_2/141nic</folder><source><submittedBy>Jose Saca</submittedBy></source><imagesize><nrows>2736</nrows><ncols>4100</ncols></imagesize><object><name>m1_s06_141_p_nic089</name><deleted>0</deleted><verified>0</verified><occluded>no</occluded><attributes></attributes><parts><hasparts></hasparts><ispartof></ispartof></parts><date>06-09-20 01:24:27:810</date><id>0</id><type>bounding_box</type><polygon><username>anonymous</username><pt><x>1386</x><y>2551</y><time>06-09-20 01:24:25:760</time></pt><pt><x>2568</x><y>2551</y><time>06-09-20 01:24:27:137</time></pt><pt><x>2568</x><y>1019</y><time>undefined</time></pt><pt><x>1386</x><y>1019</y><time>undefined</time></pt><closed_date>06-09-20 01:24:27:137</closed_date></polygon></object></annotation>