<annotation><filename>m4_s12_186_p_ic044.jpg</filename><folder>users/joselusava//m4_js/186/ic</folder><source><submittedBy>Jose Saca</submittedBy></source><imagesize><nrows>3899</nrows><ncols>5844</ncols></imagesize><object><name>m4_s12_186_p_ic044</name><deleted>0</deleted><verified>0</verified><occluded>no</occluded><attributes></attributes><parts><hasparts></hasparts><ispartof></ispartof></parts><date>18-10-20 10:52:16:710</date><id>0</id><type>bounding_box</type><polygon><username>anonymous</username><pt><x>3686</x><y>3476</y><time>18-10-20 10:52:14:516</time></pt><pt><x>2275</x><y>3476</y><time>18-10-20 10:52:15:940</time></pt><pt><x>2275</x><y>408</y><time>undefined</time></pt><pt><x>3686</x><y>408</y><time>undefined</time></pt><closed_date>18-10-20 10:52:15:940</closed_date></polygon></object></annotation>