<annotation><filename>m4_s05_055_p_ic078.jpg</filename><folder>users/joselusava//valeria/m4_s05_055_ic</folder><source><submittedBy>Jose Saca</submittedBy></source><imagesize><nrows>2910</nrows><ncols>4361</ncols></imagesize><object><name>m4_s05_055_p_ic078</name><deleted>0</deleted><verified>0</verified><occluded>no</occluded><attributes></attributes><parts><hasparts></hasparts><ispartof></ispartof></parts><date>09-10-20 13:59:55:240</date><id>0</id><type>bounding_box</type><polygon><username>anonymous</username><pt><x>1301</x><y>529</y><time>09-10-20 13:59:49:896</time></pt><pt><x>3064</x><y>529</y><time>09-10-20 13:59:52:045</time></pt><pt><x>3064</x><y>2425</y><time>undefined</time></pt><pt><x>1301</x><y>2425</y><time>undefined</time></pt><closed_date>09-10-20 13:59:52:046</closed_date></polygon></object></annotation>