<annotation><filename>m1_s02_029_p_ic045.jpg</filename><folder>users/joselusava//valeria/sala2_029_ic</folder><source><submittedBy>Jose Saca</submittedBy></source><imagesize><nrows>3200</nrows><ncols>4800</ncols></imagesize><object><name>m1_s02_029_p_ic045</name><deleted>0</deleted><verified>0</verified><occluded>no</occluded><attributes></attributes><parts><hasparts></hasparts><ispartof></ispartof></parts><date>22-08-20 19:39:08:929</date><id>0</id><type>bounding_box</type><polygon><username>anonymous</username><pt><x>1423</x><y>515</y><time>22-08-20 19:38:59:460</time></pt><pt><x>3372</x><y>515</y><time>22-08-20 19:39:04:776</time></pt><pt><x>3372</x><y>2502</y><time>undefined</time></pt><pt><x>1423</x><y>2502</y><time>undefined</time></pt><closed_date>22-08-20 19:39:04:777</closed_date></polygon></object></annotation>