<annotation><filename>m2_s01_034_p_ic027.jpg</filename><folder>users/joselusava//kath</folder><source><submittedBy>Jose Saca</submittedBy></source><imagesize><nrows>2850</nrows><ncols>4271</ncols></imagesize><object><name>m2_s01_034_p_ic027</name><deleted>0</deleted><verified>0</verified><occluded>no</occluded><attributes></attributes><parts><hasparts></hasparts><ispartof></ispartof></parts><date>25-09-20 13:24:52:589</date><id>0</id><polygon><username>anonymous</username><pt><x>1508</x><y>210</y><time>25-09-20 13:24:36:160</time></pt><pt><x>1218</x><y>2560</y><time>25-09-20 13:24:37:984</time></pt><pt><x>3118</x><y>2582</y><time>25-09-20 13:24:45:118</time></pt><pt><x>2553</x><y>181</y><time>25-09-20 13:24:47:700</time></pt><closed_date>25-09-20 13:24:49:495</closed_date></polygon></object></annotation>