<annotation><filename>img_m1_s03-04_101_p_ic044.jpg</filename><folder>users/joselusava//valeria/sala3y4_101_ic</folder><source><submittedBy>Jose Saca</submittedBy></source><imagesize><nrows>3200</nrows><ncols>4800</ncols></imagesize><object><name>m1_s03_s04_101_p_ic044</name><deleted>0</deleted><verified>0</verified><occluded>no</occluded><attributes></attributes><parts><hasparts></hasparts><ispartof></ispartof></parts><date>29-08-20 00:10:15:453</date><id>0</id><type>bounding_box</type><polygon><username>anonymous</username><pt><x>4741</x><y>3173</y><time>29-08-20 00:10:08:703</time></pt><pt><x>505</x><y>3173</y><time>29-08-20 00:10:11:290</time></pt><pt><x>505</x><y>489</y><time>undefined</time></pt><pt><x>4741</x><y>489</y><time>undefined</time></pt><closed_date>29-08-20 00:10:11:292</closed_date></polygon></object></annotation>