<annotation><filename>m4_s06_089_p_ic002.jpg</filename><folder>users/joselusava//santiago_2</folder><source><submittedBy>Jose Saca</submittedBy></source><imagesize><nrows>2970</nrows><ncols>4451</ncols></imagesize><object><name>m4_s06_089_p_ic002</name><deleted>0</deleted><verified>0</verified><occluded>no</occluded><attributes></attributes><parts><hasparts></hasparts><ispartof></ispartof></parts><date>10-10-20 22:20:39:827</date><id>0</id><type>bounding_box</type><polygon><username>anonymous</username><pt><x>1821</x><y>354</y><time>10-10-20 22:20:34:501</time></pt><pt><x>2684</x><y>354</y><time>10-10-20 22:20:35:921</time></pt><pt><x>2684</x><y>2337</y><time>undefined</time></pt><pt><x>1821</x><y>2337</y><time>undefined</time></pt><closed_date>10-10-20 22:20:35:921</closed_date></polygon></object></annotation>