<annotation><filename>m4_s05_054_x.jpg</filename><folder>users/joselusava//kath/m4_x</folder><source><submittedBy>Jose Saca</submittedBy></source><imagesize><nrows>2910</nrows><ncols>4361</ncols></imagesize><object><name>m4_s05_054_x</name><deleted>0</deleted><verified>0</verified><occluded>no</occluded><attributes></attributes><parts><hasparts></hasparts><ispartof></ispartof></parts><date>20-10-20 09:25:54:204</date><id>0</id><polygon><username>anonymous</username><pt><x>1220</x><y>377</y><time>20-10-20 09:25:45:091</time></pt><pt><x>1088</x><y>2463</y><time>20-10-20 09:25:46:254</time></pt><pt><x>3103</x><y>2449</y><time>20-10-20 09:25:46:991</time></pt><pt><x>2905</x><y>306</y><time>20-10-20 09:25:50:574</time></pt><closed_date>20-10-20 09:25:51:783</closed_date></polygon></object></annotation>