<annotation><filename>m1_s02_065_p_nic001.jpg</filename><folder>users/joselusava//valeria/sala2_065_nic</folder><source><submittedBy>Jose Saca</submittedBy></source><imagesize><nrows>2000</nrows><ncols>2992</ncols></imagesize><object><name>m1_s02_065_p_nic001</name><deleted>0</deleted><verified>0</verified><occluded>no</occluded><attributes></attributes><parts><hasparts></hasparts><ispartof></ispartof></parts><date>27-08-20 21:28:53:821</date><id>0</id><type>bounding_box</type><polygon><username>anonymous</username><pt><x>1701</x><y>1960</y><time>27-08-20 21:28:38:782</time></pt><pt><x>87</x><y>1960</y><time>27-08-20 21:28:42:079</time></pt><pt><x>87</x><y>1201</y><time>undefined</time></pt><pt><x>1701</x><y>1201</y><time>undefined</time></pt><closed_date>27-08-20 21:28:42:081</closed_date></polygon></object></annotation>