<annotation><filename>m2_s01_018_p_ic002.jpg</filename><folder>users/joselusava//santiago_2</folder><source><submittedBy>Jose Saca</submittedBy></source><imagesize><nrows>3000</nrows><ncols>4496</ncols></imagesize><object><name>m2_s01_018_p_ic002</name><deleted>0</deleted><verified>0</verified><occluded>no</occluded><attributes></attributes><parts><hasparts></hasparts><ispartof></ispartof></parts><date>26-09-20 18:16:41:016</date><id>0</id><type>bounding_box</type><polygon><username>anonymous</username><pt><x>1586</x><y>911</y><time>26-09-20 18:16:32:809</time></pt><pt><x>2727</x><y>911</y><time>26-09-20 18:16:34:802</time></pt><pt><x>2727</x><y>2264</y><time>undefined</time></pt><pt><x>1586</x><y>2264</y><time>undefined</time></pt><closed_date>26-09-20 18:16:34:803</closed_date></polygon></object></annotation>