<annotation><filename>m2_s02_085_p_nic089.jpg</filename><folder>users/joselusava//m2_jsv/85/nic</folder><source><submittedBy>Jose Saca</submittedBy></source><imagesize><nrows>2910</nrows><ncols>4361</ncols></imagesize><object><name>m2_s02_085_p_nic089</name><deleted>0</deleted><verified>0</verified><occluded>no</occluded><attributes></attributes><parts><hasparts></hasparts><ispartof></ispartof></parts><date>19-09-20 23:00:47:586</date><id>0</id><type>bounding_box</type><polygon><username>anonymous</username><pt><x>1018</x><y>270</y><time>19-09-20 23:00:46:059</time></pt><pt><x>1793</x><y>270</y><time>19-09-20 23:00:47:016</time></pt><pt><x>1793</x><y>1114</y><time>undefined</time></pt><pt><x>1018</x><y>1114</y><time>undefined</time></pt><closed_date>19-09-20 23:00:47:017</closed_date></polygon></object></annotation>