<annotation><filename>m4_s10_157_p_ic087.jpg</filename><folder>users/joselusava//valeria/m04_s10_157_nic</folder><source><submittedBy>Jose Saca</submittedBy></source><imagesize><nrows>2970</nrows><ncols>4451</ncols></imagesize><object><name>m4_s10_157_p_nic087</name><deleted>0</deleted><verified>0</verified><occluded>no</occluded><attributes></attributes><parts><hasparts></hasparts><ispartof></ispartof></parts><date>12-10-20 22:03:20:011</date><id>0</id><type>bounding_box</type><polygon><username>anonymous</username><pt><x>253</x><y>2621</y><time>12-10-20 22:03:14:440</time></pt><pt><x>2104</x><y>2621</y><time>12-10-20 22:03:16:487</time></pt><pt><x>2104</x><y>411</y><time>undefined</time></pt><pt><x>253</x><y>411</y><time>undefined</time></pt><closed_date>12-10-20 22:03:16:488</closed_date></polygon></object></annotation>