<annotation><filename>m2_s01_058_p_nic036.jpg</filename><folder>users/joselusava//m2_jsv/58/nic</folder><source><submittedBy>Jose Saca</submittedBy></source><imagesize><nrows>2850</nrows><ncols>4271</ncols></imagesize><object><name>m2_s01_058_p_nic036</name><deleted>0</deleted><verified>0</verified><occluded>no</occluded><attributes></attributes><parts><hasparts></hasparts><ispartof></ispartof></parts><date>29-09-20 23:03:43:183</date><id>0</id><type>bounding_box</type><polygon><username>anonymous</username><pt><x>1756</x><y>1296</y><time>29-09-20 23:03:40:666</time></pt><pt><x>17</x><y>1296</y><time>29-09-20 23:03:42:091</time></pt><pt><x>17</x><y>0</y><time>undefined</time></pt><pt><x>1756</x><y>0</y><time>undefined</time></pt><closed_date>29-09-20 23:03:42:091</closed_date></polygon></object></annotation>