<annotation><filename>m2_s01_032_p_nic075.jpg</filename><folder>users/joselusava//santiago_2</folder><source><submittedBy>Jose Saca</submittedBy></source><imagesize><nrows>2850</nrows><ncols>4271</ncols></imagesize><object><name>m2_s01_032_p_nic075</name><deleted>0</deleted><verified>0</verified><occluded>no</occluded><attributes></attributes><parts><hasparts></hasparts><ispartof></ispartof></parts><date>30-09-20 21:13:27:880</date><id>0</id><type>bounding_box</type><polygon><username>anonymous</username><pt><x>3020</x><y>709</y><time>30-09-20 21:13:25:222</time></pt><pt><x>3736</x><y>709</y><time>30-09-20 21:13:25:970</time></pt><pt><x>3736</x><y>1642</y><time>undefined</time></pt><pt><x>3020</x><y>1642</y><time>undefined</time></pt><closed_date>30-09-20 21:13:25:970</closed_date></polygon></object></annotation>