<annotation><filename>m2_s01_034_p_ic035.jpg</filename><folder>users/joselusava//kath</folder><source><submittedBy>Jose Saca</submittedBy></source><imagesize><nrows>2850</nrows><ncols>4271</ncols></imagesize><object><name>m2_s01_034_p_ic035</name><deleted>0</deleted><verified>0</verified><occluded>no</occluded><attributes></attributes><parts><hasparts></hasparts><ispartof></ispartof></parts><date>25-09-20 13:41:36:778</date><id>0</id><polygon><username>anonymous</username><pt><x>1454</x><y>351</y><time>25-09-20 13:40:56:121</time></pt><pt><x>1482</x><y>2635</y><time>25-09-20 13:40:57:759</time></pt><pt><x>2929</x><y>2714</y><time>25-09-20 13:41:03:178</time></pt><pt><x>2814</x><y>337</y><time>25-09-20 13:41:20:747</time></pt><closed_date>25-09-20 13:41:25:309</closed_date></polygon></object></annotation>