<annotation><filename>m4_s10_157_p_ic046.jpg</filename><folder>users/joselusava//valeria/m04_s10_157_nic</folder><source><submittedBy>Jose Saca</submittedBy></source><imagesize><nrows>2970</nrows><ncols>4451</ncols></imagesize><object><name>m4_s10_157_p_nic046</name><deleted>0</deleted><verified>0</verified><occluded>no</occluded><attributes></attributes><parts><hasparts></hasparts><ispartof></ispartof></parts><date>12-10-20 20:56:35:798</date><id>0</id><type>bounding_box</type><polygon><username>anonymous</username><pt><x>2430</x><y>2385</y><time>12-10-20 20:56:30:186</time></pt><pt><x>4343</x><y>2385</y><time>12-10-20 20:56:32:359</time></pt><pt><x>4343</x><y>315</y><time>undefined</time></pt><pt><x>2430</x><y>315</y><time>undefined</time></pt><closed_date>12-10-20 20:56:32:360</closed_date></polygon></object></annotation>