<annotation><filename>m1_s06_186_p_ic018.jpg</filename><folder>users/joselusava//jacob_2/186ic</folder><source><submittedBy>Jose Saca</submittedBy></source><imagesize><nrows>2736</nrows><ncols>4100</ncols></imagesize><object><name>s06_186_p_ic018</name><deleted>0</deleted><verified>0</verified><occluded>no</occluded><attributes></attributes><parts><hasparts></hasparts><ispartof></ispartof></parts><date>09-09-20 11:23:30:708</date><id>0</id><type>bounding_box</type><polygon><username>anonymous</username><pt><x>974</x><y>2643</y><time>09-09-20 11:23:28:164</time></pt><pt><x>3429</x><y>2643</y><time>09-09-20 11:23:29:954</time></pt><pt><x>3429</x><y>57</y><time>undefined</time></pt><pt><x>974</x><y>57</y><time>undefined</time></pt><closed_date>09-09-20 11:23:29:955</closed_date></polygon></object></annotation>