<annotation><filename>m1_s01_004_p_ic020.jpg</filename><folder>users/joselusava//valeria_apoyo/sala001_004ic_ok</folder><source><submittedBy>Jose Saca</submittedBy></source><imagesize><nrows>2000</nrows><ncols>2992</ncols></imagesize><object><name>m1_s01_004_p_ic020</name><deleted>0</deleted><verified>0</verified><occluded>no</occluded><attributes></attributes><parts><hasparts></hasparts><ispartof></ispartof></parts><date>15-09-20 22:25:06:546</date><id>0</id><type>bounding_box</type><polygon><username>anonymous</username><pt><x>42</x><y>1568</y><time>15-09-20 22:24:59:585</time></pt><pt><x>2769</x><y>1568</y><time>15-09-20 22:25:02:290</time></pt><pt><x>2769</x><y>572</y><time>undefined</time></pt><pt><x>42</x><y>572</y><time>undefined</time></pt><closed_date>15-09-20 22:25:02:291</closed_date></polygon></object></annotation>