<annotation><filename>m2_s02_129_p_nic002.jpg</filename><folder>users/joselusava//m2_jsv/129/nic</folder><source><submittedBy>Jose Saca</submittedBy></source><imagesize><nrows>2910</nrows><ncols>4361</ncols></imagesize><object><name>m2_s02_129_p_nic002</name><deleted>0</deleted><verified>0</verified><occluded>no</occluded><attributes></attributes><parts><hasparts></hasparts><ispartof></ispartof></parts><date>24-09-20 19:44:13:658</date><id>0</id><type>bounding_box</type><polygon><username>anonymous</username><pt><x>3839</x><y>2228</y><time>24-09-20 19:44:11:863</time></pt><pt><x>2803</x><y>2228</y><time>24-09-20 19:44:12:934</time></pt><pt><x>2803</x><y>1088</y><time>undefined</time></pt><pt><x>3839</x><y>1088</y><time>undefined</time></pt><closed_date>24-09-20 19:44:12:934</closed_date></polygon></object></annotation>