<annotation><filename>m2_s01_054_p_nic092.jpg</filename><folder>users/joselusava//kath_54</folder><source><submittedBy>Jose Saca</submittedBy></source><imagesize><nrows>2850</nrows><ncols>4271</ncols></imagesize><object><name>m2_s01_054_p_nic092</name><deleted>0</deleted><verified>0</verified><occluded>no</occluded><attributes></attributes><parts><hasparts></hasparts><ispartof></ispartof></parts><date>02-10-20 11:49:16:739</date><id>0</id><type>bounding_box</type><polygon><username>anonymous</username><pt><x>2829</x><y>604</y><time>02-10-20 11:49:11:418</time></pt><pt><x>3882</x><y>604</y><time>02-10-20 11:49:14:046</time></pt><pt><x>3882</x><y>2099</y><time>undefined</time></pt><pt><x>2829</x><y>2099</y><time>undefined</time></pt><closed_date>02-10-20 11:49:14:047</closed_date></polygon></object></annotation>