<annotation><filename>m4_s05_060_p_ic061.jpg</filename><folder>users/joselusava//m4_js/60/ic</folder><source><submittedBy>Jose Saca</submittedBy></source><imagesize><nrows>2910</nrows><ncols>4361</ncols></imagesize><object><name>m4_s05_060_p_ic061</name><deleted>0</deleted><verified>0</verified><occluded>no</occluded><attributes></attributes><parts><hasparts></hasparts><ispartof></ispartof></parts><date>13-10-20 15:56:00:187</date><id>0</id><type>bounding_box</type><polygon><username>anonymous</username><pt><x>261</x><y>2385</y><time>13-10-20 15:55:58:186</time></pt><pt><x>4335</x><y>2385</y><time>13-10-20 15:55:59:447</time></pt><pt><x>4335</x><y>270</y><time>undefined</time></pt><pt><x>261</x><y>270</y><time>undefined</time></pt><closed_date>13-10-20 15:55:59:447</closed_date></polygon></object></annotation>