<annotation><filename>m4_s04_039_p_ic026.jpg</filename><folder>users/joselusava//santiago_2</folder><source><submittedBy>Jose Saca</submittedBy></source><imagesize><nrows>2970</nrows><ncols>4451</ncols></imagesize><object><name>m4_s04_039_p_ic026</name><deleted>0</deleted><verified>0</verified><occluded>no</occluded><attributes></attributes><parts><hasparts></hasparts><ispartof></ispartof></parts><date>20-10-20 21:36:38:974</date><id>0</id><type>bounding_box</type><polygon><username>anonymous</username><pt><x>1896</x><y>186</y><time>20-10-20 21:36:36:088</time></pt><pt><x>2824</x><y>186</y><time>20-10-20 21:36:37:278</time></pt><pt><x>2824</x><y>2899</y><time>undefined</time></pt><pt><x>1896</x><y>2899</y><time>undefined</time></pt><closed_date>20-10-20 21:36:37:279</closed_date></polygon></object></annotation>