<annotation><filename>m4_s04_039_p_ic029.jpg</filename><folder>users/joselusava//santiago_2</folder><source><submittedBy>Jose Saca</submittedBy></source><imagesize><nrows>2970</nrows><ncols>4451</ncols></imagesize><object><name>m4_s04_039_p_ic029</name><deleted>0</deleted><verified>0</verified><occluded>no</occluded><attributes></attributes><parts><hasparts></hasparts><ispartof></ispartof></parts><date>20-10-20 21:38:18:288</date><id>0</id><type>bounding_box</type><polygon><username>anonymous</username><pt><x>1771</x><y>104</y><time>20-10-20 21:38:15:012</time></pt><pt><x>2734</x><y>104</y><time>20-10-20 21:38:16:206</time></pt><pt><x>2734</x><y>2888</y><time>undefined</time></pt><pt><x>1771</x><y>2888</y><time>undefined</time></pt><closed_date>20-10-20 21:38:16:206</closed_date></polygon></object></annotation>