<annotation><filename>m3_s01_023_p_nic075.jpg</filename><folder>users/joselusava//santiago_3</folder><source><submittedBy>Jose Saca</submittedBy></source><imagesize><nrows>2970</nrows><ncols>4451</ncols></imagesize><object><name>m3_s01_023_p_nic075</name><deleted>0</deleted><verified>0</verified><occluded>no</occluded><attributes></attributes><parts><hasparts></hasparts><ispartof></ispartof></parts><date>06-11-20 11:26:00:823</date><id>0</id><type>bounding_box</type><polygon><username>anonymous</username><pt><x>1385</x><y>218</y><time>06-11-20 11:25:57:950</time></pt><pt><x>3038</x><y>218</y><time>06-11-20 11:25:58:958</time></pt><pt><x>3038</x><y>1953</y><time>undefined</time></pt><pt><x>1385</x><y>1953</y><time>undefined</time></pt><closed_date>06-11-20 11:25:58:959</closed_date></polygon></object></annotation>