<annotation><filename>m4_s12_185_p_nic024.jpg</filename><folder>users/joselusava//valeria/m04_s12_185_nic</folder><source><submittedBy>Jose Saca</submittedBy></source><imagesize><nrows>2910</nrows><ncols>4361</ncols></imagesize><object><name>m4_s12_185_p_nic024</name><deleted>0</deleted><verified>0</verified><occluded>no</occluded><attributes></attributes><parts><hasparts></hasparts><ispartof></ispartof></parts><date>17-10-20 19:47:32:583</date><id>0</id><type>bounding_box</type><polygon><username>anonymous</username><pt><x>28</x><y>2574</y><time>17-10-20 19:47:25:411</time></pt><pt><x>2893</x><y>2574</y><time>17-10-20 19:47:28:865</time></pt><pt><x>2893</x><y>308</y><time>undefined</time></pt><pt><x>28</x><y>308</y><time>undefined</time></pt><closed_date>17-10-20 19:47:28:867</closed_date></polygon></object></annotation>