<annotation><filename>m2_s01_010_p_ic014.jpg</filename><folder>users/joselusava//santiago</folder><source><submittedBy>Jose Saca</submittedBy></source><imagesize><nrows>2850</nrows><ncols>4271</ncols></imagesize><object><name>m2_s01_010_p_ic014</name><deleted>0</deleted><verified>0</verified><occluded>no</occluded><attributes></attributes><parts><hasparts></hasparts><ispartof></ispartof></parts><date>21-09-20 15:13:13:869</date><id>0</id><type>bounding_box</type><polygon><username>anonymous</username><pt><x>1513</x><y>529</y><time>21-09-20 15:13:01:229</time></pt><pt><x>2953</x><y>529</y><time>21-09-20 15:13:04:741</time></pt><pt><x>2953</x><y>2283</y><time>undefined</time></pt><pt><x>1513</x><y>2283</y><time>undefined</time></pt><closed_date>21-09-20 15:13:04:743</closed_date></polygon></object></annotation>