<annotation><filename>m2_s02_190_p_nic091.jpg</filename><folder>users/joselusava//m2_jsv/190/nic</folder><source><submittedBy>Jose Saca</submittedBy></source><imagesize><nrows>2910</nrows><ncols>4361</ncols></imagesize><object><name>m2_s02_190_p_nic091</name><deleted>0</deleted><verified>0</verified><occluded>no</occluded><attributes></attributes><parts><hasparts></hasparts><ispartof></ispartof></parts><date>21-09-20 16:14:15:928</date><id>0</id><type>bounding_box</type><polygon><username>anonymous</username><pt><x>1045</x><y>2124</y><time>21-09-20 16:14:13:712</time></pt><pt><x>200</x><y>2124</y><time>21-09-20 16:14:15:379</time></pt><pt><x>200</x><y>862</y><time>undefined</time></pt><pt><x>1045</x><y>862</y><time>undefined</time></pt><closed_date>21-09-20 16:14:15:380</closed_date></polygon></object></annotation>