<annotation><filename>m2_s01_024_p_nic060.jpg</filename><folder>users/joselusava//santiago</folder><source><submittedBy>Jose Saca</submittedBy></source><imagesize><nrows>2850</nrows><ncols>4271</ncols></imagesize><object><name>m2_s01_024_p_nic060</name><deleted>0</deleted><verified>0</verified><occluded>no</occluded><attributes></attributes><parts><hasparts></hasparts><ispartof></ispartof></parts><date>25-09-20 15:14:41:338</date><id>0</id><type>bounding_box</type><polygon><username>anonymous</username><pt><x>2638</x><y>369</y><time>25-09-20 15:14:34:833</time></pt><pt><x>3565</x><y>369</y><time>25-09-20 15:14:36:153</time></pt><pt><x>3565</x><y>1891</y><time>undefined</time></pt><pt><x>2638</x><y>1891</y><time>undefined</time></pt><closed_date>25-09-20 15:14:36:154</closed_date></polygon></object></annotation>