<annotation><filename>m1_s02_052_p_ic013.jpg</filename><folder>users/joselusava//valeria/sala2_052_ic</folder><source><submittedBy>Jose Saca</submittedBy></source><imagesize><nrows>3200</nrows><ncols>4800</ncols></imagesize><object><name>m1_s02_052_p_ic013</name><deleted>0</deleted><verified>0</verified><occluded>no</occluded><attributes></attributes><parts><hasparts></hasparts><ispartof></ispartof></parts><date>25-08-20 16:01:19:072</date><id>0</id><type>bounding_box</type><polygon><username>anonymous</username><pt><x>435</x><y>209</y><time>25-08-20 16:01:12:875</time></pt><pt><x>4430</x><y>209</y><time>25-08-20 16:01:15:494</time></pt><pt><x>4430</x><y>3060</y><time>undefined</time></pt><pt><x>435</x><y>3060</y><time>undefined</time></pt><closed_date>25-08-20 16:01:15:495</closed_date></polygon></object></annotation>