<annotation><filename>m4_s11_178_p_nic077.jpg</filename><folder>users/joselusava//santiago_2</folder><source><submittedBy>Jose Saca</submittedBy></source><imagesize><nrows>2970</nrows><ncols>4451</ncols></imagesize><object><name>m4_s11_178_p_nic077</name><deleted>0</deleted><verified>0</verified><occluded>no</occluded><attributes></attributes><parts><hasparts></hasparts><ispartof></ispartof></parts><date>16-10-20 11:37:57:887</date><id>0</id><type>bounding_box</type><polygon><username>anonymous</username><pt><x>3049</x><y>782</y><time>16-10-20 11:37:54:436</time></pt><pt><x>3705</x><y>782</y><time>16-10-20 11:37:55:533</time></pt><pt><x>3705</x><y>1953</y><time>undefined</time></pt><pt><x>3049</x><y>1953</y><time>undefined</time></pt><closed_date>16-10-20 11:37:55:535</closed_date></polygon></object></annotation>