<annotation><filename>m1_s02_029_p_nic099.jpg</filename><folder>users/joselusava//valeria/sala2_029_nic</folder><source><submittedBy>Jose Saca</submittedBy></source><imagesize><nrows>3200</nrows><ncols>4800</ncols></imagesize><object><name>m1_s02_029_p_nic099</name><deleted>0</deleted><verified>0</verified><occluded>no</occluded><attributes></attributes><parts><hasparts></hasparts><ispartof></ispartof></parts><date>26-08-20 21:18:58:068</date><id>0</id><type>bounding_box</type><polygon><username>anonymous</username><pt><x>3028</x><y>1686</y><time>26-08-20 21:18:51:285</time></pt><pt><x>4140</x><y>1686</y><time>26-08-20 21:18:54:430</time></pt><pt><x>4140</x><y>2835</y><time>undefined</time></pt><pt><x>3028</x><y>2835</y><time>undefined</time></pt><closed_date>26-08-20 21:18:54:431</closed_date></polygon></object></annotation>