<annotation><filename>img_m1_s03-04_108_p_nic096.jpg</filename><folder>users/joselusava//valeria/sala3y4_108_nic</folder><source><submittedBy>Jose Saca</submittedBy></source><imagesize><nrows>3200</nrows><ncols>4800</ncols></imagesize><object><name>m1_s03_s04_108_p_nic096</name><deleted>0</deleted><verified>0</verified><occluded>no</occluded><attributes></attributes><parts><hasparts></hasparts><ispartof></ispartof></parts><date>02-09-20 21:50:11:233</date><id>0</id><type>bounding_box</type><polygon><username>anonymous</username><pt><x>3903</x><y>3073</y><time>02-09-20 21:49:15:719</time></pt><pt><x>606</x><y>3073</y><time>02-09-20 21:50:05:042</time></pt><pt><x>606</x><y>2091</y><time>undefined</time></pt><pt><x>3903</x><y>2091</y><time>undefined</time></pt><closed_date>02-09-20 21:50:05:042</closed_date></polygon></object></annotation>