<annotation><filename>m2_s01_024_p_nic075.jpg</filename><folder>users/joselusava//santiago</folder><source><submittedBy>Jose Saca</submittedBy></source><imagesize><nrows>2850</nrows><ncols>4271</ncols></imagesize><object><name>m2_s01_024_p_nic075</name><deleted>0</deleted><verified>0</verified><occluded>no</occluded><attributes></attributes><parts><hasparts></hasparts><ispartof></ispartof></parts><date>25-09-20 15:33:48:436</date><id>0</id><type>bounding_box</type><polygon><username>anonymous</username><pt><x>85</x><y>190</y><time>25-09-20 15:33:40:081</time></pt><pt><x>1011</x><y>190</y><time>25-09-20 15:33:41:261</time></pt><pt><x>1011</x><y>1262</y><time>undefined</time></pt><pt><x>85</x><y>1262</y><time>undefined</time></pt><closed_date>25-09-20 15:33:41:262</closed_date></polygon></object></annotation>