<annotation><filename>m4_s02_015_p_ic059.jpg</filename><folder>users/joselusava//m4_js/15ic</folder><source><submittedBy>Jose Saca</submittedBy></source><imagesize><nrows>2910</nrows><ncols>4361</ncols></imagesize><object><name>m4_s02_015_p_ic059</name><deleted>0</deleted><verified>0</verified><occluded>no</occluded><attributes></attributes><parts><hasparts></hasparts><ispartof></ispartof></parts><date>03-10-20 19:29:54:531</date><id>0</id><type>bounding_box</type><polygon><username>anonymous</username><pt><x>3151</x><y>2429</y><time>03-10-20 19:29:52:251</time></pt><pt><x>1393</x><y>2429</y><time>03-10-20 19:29:53:822</time></pt><pt><x>1393</x><y>279</y><time>undefined</time></pt><pt><x>3151</x><y>279</y><time>undefined</time></pt><closed_date>03-10-20 19:29:53:823</closed_date></polygon></object></annotation>