<annotation><filename>m2_s02_110_x.jpg</filename><folder>users/joselusava//m2_jsv</folder><source><submittedBy>Jose Saca</submittedBy></source><imagesize><nrows>2910</nrows><ncols>4361</ncols></imagesize><object><name>m2_s02_110_x</name><deleted>0</deleted><verified>0</verified><occluded>no</occluded><attributes></attributes><parts><hasparts></hasparts><ispartof></ispartof></parts><date>19-09-20 23:23:29:782</date><id>0</id><type>bounding_box</type><polygon><username>anonymous</username><pt><x>3238</x><y>2472</y><time>19-09-20 23:23:27:978</time></pt><pt><x>1149</x><y>2472</y><time>19-09-20 23:23:28:969</time></pt><pt><x>1149</x><y>270</y><time>undefined</time></pt><pt><x>3238</x><y>270</y><time>undefined</time></pt><closed_date>19-09-20 23:23:28:969</closed_date></polygon></object></annotation>