<annotation><filename>m1_s06_144_p_nic047.jpg</filename><folder>users/joselusava//jacob_2/144nic</folder><source><submittedBy>Jose Saca</submittedBy></source><imagesize><nrows>2736</nrows><ncols>4100</ncols></imagesize><object><name>m1_s06_144_p_nic047</name><deleted>0</deleted><verified>0</verified><occluded>no</occluded><attributes></attributes><parts><hasparts></hasparts><ispartof></ispartof></parts><date>08-09-20 02:15:54:483</date><id>0</id><type>bounding_box</type><polygon><username>anonymous</username><pt><x>3789</x><y>2512</y><time>08-09-20 02:15:50:910</time></pt><pt><x>2120</x><y>2512</y><time>08-09-20 02:15:53:083</time></pt><pt><x>2120</x><y>949</y><time>undefined</time></pt><pt><x>3789</x><y>949</y><time>undefined</time></pt><closed_date>08-09-20 02:15:53:083</closed_date></polygon></object></annotation>