<annotation><filename>m1_s01_017_p_nic021.jpg</filename><folder>users/joselusava//santiago</folder><source><submittedBy>Jose Saca</submittedBy></source><imagesize><nrows>3200</nrows><ncols>4800</ncols></imagesize><object><name>m1_s01_017_p_nic021</name><deleted>0</deleted><verified>0</verified><occluded>no</occluded><attributes></attributes><parts><hasparts></hasparts><ispartof></ispartof></parts><date>11-09-20 18:41:49:341</date><id>0</id><type>bounding_box</type><polygon><username>anonymous</username><pt><x>3722</x><y>1886</y><time>11-09-20 18:41:41:400</time></pt><pt><x>4215</x><y>1886</y><time>11-09-20 18:41:42:707</time></pt><pt><x>4215</x><y>2192</y><time>undefined</time></pt><pt><x>3722</x><y>2192</y><time>undefined</time></pt><closed_date>11-09-20 18:41:42:708</closed_date></polygon></object></annotation>