<annotation><filename>m1_s06_141_p_ic033.jpg</filename><folder>users/joselusava//jacob_2/141ic</folder><source><submittedBy>Jose Saca</submittedBy></source><imagesize><nrows>2736</nrows><ncols>4100</ncols></imagesize><object><name>m1_s06_141_p_ic033</name><deleted>0</deleted><verified>0</verified><occluded>no</occluded><attributes></attributes><parts><hasparts></hasparts><ispartof></ispartof></parts><date>04-09-20 17:25:00:073</date><id>0</id><type>bounding_box</type><polygon><username>anonymous</username><pt><x>2537</x><y>2701</y><time>04-09-20 17:24:56:780</time></pt><pt><x>1285</x><y>2701</y><time>04-09-20 17:24:58:836</time></pt><pt><x>1285</x><y>25</y><time>undefined</time></pt><pt><x>2537</x><y>25</y><time>undefined</time></pt><closed_date>04-09-20 17:24:58:836</closed_date></polygon></object></annotation>