<annotation><filename>m2_s01_010_p_ic093.jpg</filename><folder>users/joselusava//santiago</folder><source><submittedBy>Jose Saca</submittedBy></source><imagesize><nrows>2850</nrows><ncols>4271</ncols></imagesize><object><name>m2_s01_010_p_ic093</name><deleted>0</deleted><verified>0</verified><occluded>no</occluded><attributes></attributes><parts><hasparts></hasparts><ispartof></ispartof></parts><date>21-09-20 23:57:48:467</date><id>0</id><type>bounding_box</type><polygon><username>anonymous</username><pt><x>1089</x><y>417</y><time>21-09-20 23:57:33:079</time></pt><pt><x>3230</x><y>417</y><time>21-09-20 23:57:35:622</time></pt><pt><x>3230</x><y>2633</y><time>undefined</time></pt><pt><x>1089</x><y>2633</y><time>undefined</time></pt><closed_date>21-09-20 23:57:35:624</closed_date></polygon></object></annotation>