<annotation><filename>m3_s01_010_p_ic014.jpg</filename><folder>users/joselusava//m4_js/m3/10/ic</folder><source><submittedBy>Jose Saca</submittedBy></source><imagesize><nrows>2970</nrows><ncols>4451</ncols></imagesize><object><name>m3_s01_010_p_ic014</name><deleted>0</deleted><verified>0</verified><occluded>no</occluded><attributes></attributes><parts><hasparts></hasparts><ispartof></ispartof></parts><date>29-10-20 10:10:51:582</date><id>0</id><type>bounding_box</type><polygon><username>anonymous</username><pt><x>3372</x><y>2733</y><time>29-10-20 10:10:49:077</time></pt><pt><x>639</x><y>2733</y><time>29-10-20 10:10:50:763</time></pt><pt><x>639</x><y>293</y><time>undefined</time></pt><pt><x>3372</x><y>293</y><time>undefined</time></pt><closed_date>29-10-20 10:10:50:764</closed_date></polygon></object></annotation>