<annotation><filename>m4_s10_164_p_nic083.jpg</filename><folder>users/joselusava//santiago_2</folder><source><submittedBy>Jose Saca</submittedBy></source><imagesize><nrows>2970</nrows><ncols>4451</ncols></imagesize><object><name>m4_s10_164_p_nic083</name><deleted>0</deleted><verified>0</verified><occluded>no</occluded><attributes></attributes><parts><hasparts></hasparts><ispartof></ispartof></parts><date>14-10-20 16:18:08:406</date><id>0</id><type>bounding_box</type><polygon><username>anonymous</username><pt><x>485</x><y>1274</y><time>14-10-20 16:18:05:784</time></pt><pt><x>1174</x><y>1274</y><time>14-10-20 16:18:06:399</time></pt><pt><x>1174</x><y>1995</y><time>undefined</time></pt><pt><x>485</x><y>1995</y><time>undefined</time></pt><closed_date>14-10-20 16:18:06:399</closed_date></polygon></object></annotation>