<annotation><filename>m4_s02_015_p_nic012.jpg</filename><folder>users/joselusava//m4_js/15nic</folder><source><submittedBy>Jose Saca</submittedBy></source><imagesize><nrows>2910</nrows><ncols>4361</ncols></imagesize><object><name>m4_s02_015_p_nic012</name><deleted>0</deleted><verified>0</verified><occluded>no</occluded><attributes></attributes><parts><hasparts></hasparts><ispartof></ispartof></parts><date>06-10-20 19:38:33:182</date><id>0</id><type>bounding_box</type><polygon><username>anonymous</username><pt><x>1602</x><y>1349</y><time>06-10-20 19:38:31:420</time></pt><pt><x>2585</x><y>1349</y><time>06-10-20 19:38:32:506</time></pt><pt><x>2585</x><y>157</y><time>undefined</time></pt><pt><x>1602</x><y>157</y><time>undefined</time></pt><closed_date>06-10-20 19:38:32:506</closed_date></polygon></object></annotation>