<annotation><filename>m1_s02_052_p_ic030.jpg</filename><folder>users/joselusava//valeria/sala2_052_ic</folder><source><submittedBy>Jose Saca</submittedBy></source><imagesize><nrows>3200</nrows><ncols>4800</ncols></imagesize><object><name>m1_s02_052_p_ic030</name><deleted>0</deleted><verified>0</verified><occluded>no</occluded><attributes></attributes><parts><hasparts></hasparts><ispartof></ispartof></parts><date>25-08-20 17:39:31:925</date><id>0</id><type>bounding_box</type><polygon><username>anonymous</username><pt><x>311</x><y>11</y><time>25-08-20 17:39:23:709</time></pt><pt><x>4542</x><y>11</y><time>25-08-20 17:39:27:295</time></pt><pt><x>4542</x><y>3184</y><time>undefined</time></pt><pt><x>311</x><y>3184</y><time>undefined</time></pt><closed_date>25-08-20 17:39:27:296</closed_date></polygon></object></annotation>