<annotation><filename>m2_s02_085_p_nic055.jpg</filename><folder>users/joselusava//m2_jsv/85/nic</folder><source><submittedBy>Jose Saca</submittedBy></source><imagesize><nrows>2910</nrows><ncols>4361</ncols></imagesize><object><name>m2_s02_085_p_nic055</name><deleted>0</deleted><verified>0</verified><occluded>no</occluded><attributes></attributes><parts><hasparts></hasparts><ispartof></ispartof></parts><date>19-09-20 22:46:09:541</date><id>0</id><type>bounding_box</type><polygon><username>anonymous</username><pt><x>3334</x><y>1384</y><time>19-09-20 22:46:07:135</time></pt><pt><x>4178</x><y>1384</y><time>19-09-20 22:46:08:213</time></pt><pt><x>4178</x><y>2350</y><time>undefined</time></pt><pt><x>3334</x><y>2350</y><time>undefined</time></pt><closed_date>19-09-20 22:46:08:213</closed_date></polygon></object></annotation>