<annotation><filename>m2_s01_011_x.jpg</filename><folder>users/joselusava//santiago_2</folder><source><submittedBy>Jose Saca</submittedBy></source><imagesize><nrows>2850</nrows><ncols>4271</ncols></imagesize><object><name>m2_s01_011_x</name><deleted>0</deleted><verified>0</verified><occluded>no</occluded><attributes></attributes><parts><hasparts></hasparts><ispartof></ispartof></parts><date>26-09-20 17:41:16:342</date><id>0</id><type>bounding_box</type><polygon><username>anonymous</username><pt><x>1289</x><y>510</y><time>26-09-20 17:41:02:671</time></pt><pt><x>3036</x><y>510</y><time>26-09-20 17:41:06:603</time></pt><pt><x>3036</x><y>2385</y><time>undefined</time></pt><pt><x>1289</x><y>2385</y><time>undefined</time></pt><closed_date>26-09-20 17:41:06:605</closed_date></polygon></object></annotation>