<annotation><filename>m1_s01_021_p_nic022.jpg</filename><folder>users/joselusava//santiago</folder><source><submittedBy>Jose Saca</submittedBy></source><imagesize><nrows>3200</nrows><ncols>4800</ncols></imagesize><object><name>m1_s01_021_p_nic022</name><deleted>0</deleted><verified>0</verified><occluded>no</occluded><attributes></attributes><parts><hasparts></hasparts><ispartof></ispartof></parts><date>15-09-20 15:30:49:505</date><id>0</id><type>bounding_box</type><polygon><username>anonymous</username><pt><x>2840</x><y>2243</y><time>15-09-20 15:30:41:378</time></pt><pt><x>3376</x><y>2243</y><time>15-09-20 15:30:43:373</time></pt><pt><x>3376</x><y>2934</y><time>undefined</time></pt><pt><x>2840</x><y>2934</y><time>undefined</time></pt><closed_date>15-09-20 15:30:43:374</closed_date></polygon></object></annotation>