<annotation><filename>m2_s02_085_p_nic026.jpg</filename><folder>users/joselusava//m2_jsv/85/nic</folder><source><submittedBy>Jose Saca</submittedBy></source><imagesize><nrows>2910</nrows><ncols>4361</ncols></imagesize><object><name>m2_s02_085_p_nic026</name><deleted>0</deleted><verified>0</verified><occluded>no</occluded><attributes></attributes><parts><hasparts></hasparts><ispartof></ispartof></parts><date>19-09-20 22:32:44:138</date><id>0</id><type>bounding_box</type><polygon><username>anonymous</username><pt><x>3308</x><y>2829</y><time>19-09-20 22:32:41:978</time></pt><pt><x>2246</x><y>2829</y><time>19-09-20 22:32:43:565</time></pt><pt><x>2246</x><y>1593</y><time>undefined</time></pt><pt><x>3308</x><y>1593</y><time>undefined</time></pt><closed_date>19-09-20 22:32:43:565</closed_date></polygon></object></annotation>