<annotation><filename>m2_s01_032_p_ic030.jpg</filename><folder>users/joselusava//santiago_2</folder><source><submittedBy>Jose Saca</submittedBy></source><imagesize><nrows>2850</nrows><ncols>4271</ncols></imagesize><object><name>m2_s01_032_p_ic030</name><deleted>0</deleted><verified>0</verified><occluded>no</occluded><attributes></attributes><parts><hasparts></hasparts><ispartof></ispartof></parts><date>30-09-20 12:15:42:940</date><id>0</id><type>bounding_box</type><polygon><username>anonymous</username><pt><x>1273</x><y>167</y><time>30-09-20 12:15:38:257</time></pt><pt><x>2978</x><y>167</y><time>30-09-20 12:15:41:090</time></pt><pt><x>2978</x><y>2645</y><time>undefined</time></pt><pt><x>1273</x><y>2645</y><time>undefined</time></pt><closed_date>30-09-20 12:15:41:092</closed_date></polygon></object></annotation>