<annotation><filename>m4_s05_052_p_nic020.jpg</filename><folder>users/joselusava//santiago_2</folder><source><submittedBy>Jose Saca</submittedBy></source><imagesize><nrows>2910</nrows><ncols>4361</ncols></imagesize><object><name>m4_s05_052_p_nic020</name><deleted>0</deleted><verified>0</verified><occluded>no</occluded><attributes></attributes><parts><hasparts></hasparts><ispartof></ispartof></parts><date>07-10-20 23:53:55:980</date><id>0</id><type>bounding_box</type><polygon><username>anonymous</username><pt><x>132</x><y>502</y><time>07-10-20 23:53:52:165</time></pt><pt><x>1708</x><y>502</y><time>07-10-20 23:53:53:663</time></pt><pt><x>1708</x><y>2103</y><time>undefined</time></pt><pt><x>132</x><y>2103</y><time>undefined</time></pt><closed_date>07-10-20 23:53:53:665</closed_date></polygon></object></annotation>