<annotation><filename>m1_s02_065_p_ic051.jpg</filename><folder>users/joselusava//valeria/sala2_065_ic</folder><source><submittedBy>Jose Saca</submittedBy></source><imagesize><nrows>2000</nrows><ncols>2992</ncols></imagesize><object><name>m1_s02_065_p_ic051</name><deleted>0</deleted><verified>0</verified><occluded>no</occluded><attributes></attributes><parts><hasparts></hasparts><ispartof></ispartof></parts><date>26-08-20 00:01:24:548</date><id>0</id><type>bounding_box</type><polygon><username>anonymous</username><pt><x>44</x><y>134</y><time>25-08-20 23:59:16:494</time></pt><pt><x>2960</x><y>134</y><time>25-08-20 23:59:19:544</time></pt><pt><x>2960</x><y>1826</y><time>undefined</time></pt><pt><x>44</x><y>1826</y><time>undefined</time></pt><closed_date>25-08-20 23:59:19:545</closed_date></polygon></object></annotation>