<annotation><filename>m4_s04_037_p_ic098.jpg</filename><folder>users/joselusava//santiago_2</folder><source><submittedBy>Jose Saca</submittedBy></source><imagesize><nrows>2970</nrows><ncols>4451</ncols></imagesize><object><name>m4_s04_037_p_ic098</name><deleted>0</deleted><verified>0</verified><occluded>no</occluded><attributes></attributes><parts><hasparts></hasparts><ispartof></ispartof></parts><date>18-10-20 22:33:08:680</date><id>0</id><type>bounding_box</type><polygon><username>anonymous</username><pt><x>1396</x><y>75</y><time>18-10-20 22:33:04:999</time></pt><pt><x>3106</x><y>75</y><time>18-10-20 22:33:06:798</time></pt><pt><x>3106</x><y>2595</y><time>undefined</time></pt><pt><x>1396</x><y>2595</y><time>undefined</time></pt><closed_date>18-10-20 22:33:06:798</closed_date></polygon></object></annotation>