<annotation><filename>m2_s02_129_p_ic097.jpg</filename><folder>users/joselusava//m2_jsv/129/ic</folder><source><submittedBy>Jose Saca</submittedBy></source><imagesize><nrows>2910</nrows><ncols>4361</ncols></imagesize><object><name>m2_s02_129_p_ic097</name><deleted>0</deleted><verified>0</verified><occluded>no</occluded><attributes></attributes><parts><hasparts></hasparts><ispartof></ispartof></parts><date>24-09-20 19:39:38:637</date><id>0</id><type>bounding_box</type><polygon><username>anonymous</username><pt><x>2942</x><y>2620</y><time>24-09-20 19:39:37:058</time></pt><pt><x>1166</x><y>2620</y><time>24-09-20 19:39:38:148</time></pt><pt><x>1166</x><y>705</y><time>undefined</time></pt><pt><x>2942</x><y>705</y><time>undefined</time></pt><closed_date>24-09-20 19:39:38:149</closed_date></polygon></object></annotation>