<annotation><filename>m2_s01_018_p_ic050.jpg</filename><folder>users/joselusava//santiago_2</folder><source><submittedBy>Jose Saca</submittedBy></source><imagesize><nrows>2850</nrows><ncols>4271</ncols></imagesize><object><name>m2_s01_018_p_ic050</name><deleted>0</deleted><verified>0</verified><occluded>no</occluded><attributes></attributes><parts><hasparts></hasparts><ispartof></ispartof></parts><date>28-09-20 16:37:09:229</date><id>0</id><type>bounding_box</type><polygon><username>anonymous</username><pt><x>1555</x><y>801</y><time>28-09-20 16:36:59:664</time></pt><pt><x>2808</x><y>801</y><time>28-09-20 16:37:00:599</time></pt><pt><x>2808</x><y>2222</y><time>undefined</time></pt><pt><x>1555</x><y>2222</y><time>undefined</time></pt><closed_date>28-09-20 16:37:00:600</closed_date></polygon></object></annotation>