<annotation><filename>m1_s02_029_p_nic097.jpg</filename><folder>users/joselusava//valeria/sala2_029_nic</folder><source><submittedBy>Jose Saca</submittedBy></source><imagesize><nrows>3200</nrows><ncols>4800</ncols></imagesize><object><name>m1_s02_029_p_nic097</name><deleted>0</deleted><verified>0</verified><occluded>no</occluded><attributes></attributes><parts><hasparts></hasparts><ispartof></ispartof></parts><date>26-08-20 21:15:51:452</date><id>0</id><type>bounding_box</type><polygon><username>anonymous</username><pt><x>3103</x><y>1230</y><time>26-08-20 21:15:46:166</time></pt><pt><x>4161</x><y>1230</y><time>26-08-20 21:15:48:165</time></pt><pt><x>4161</x><y>2368</y><time>undefined</time></pt><pt><x>3103</x><y>2368</y><time>undefined</time></pt><closed_date>26-08-20 21:15:48:166</closed_date></polygon></object></annotation>