<annotation><filename>m4_s04_037_p_ic050.jpg</filename><folder>users/joselusava//santiago_2</folder><source><submittedBy>Jose Saca</submittedBy></source><imagesize><nrows>2970</nrows><ncols>4451</ncols></imagesize><object><name>m4_s04_037_p_ic050</name><deleted>0</deleted><verified>0</verified><occluded>no</occluded><attributes></attributes><parts><hasparts></hasparts><ispartof></ispartof></parts><date>18-10-20 17:32:23:748</date><id>0</id><type>bounding_box</type><polygon><username>anonymous</username><pt><x>1610</x><y>525</y><time>18-10-20 17:32:20:279</time></pt><pt><x>2888</x><y>525</y><time>18-10-20 17:32:21:720</time></pt><pt><x>2888</x><y>2517</y><time>undefined</time></pt><pt><x>1610</x><y>2517</y><time>undefined</time></pt><closed_date>18-10-20 17:32:21:721</closed_date></polygon></object></annotation>