<annotation><filename>m3_s01_018_p_nic038.jpg</filename><folder>users/joselusava//m4_js/18/nic</folder><source><submittedBy>Jose Saca</submittedBy></source><imagesize><nrows>2970</nrows><ncols>4451</ncols></imagesize><object><name>m3_s01_018_p_nic038</name><deleted>0</deleted><verified>0</verified><occluded>no</occluded><attributes></attributes><parts><hasparts></hasparts><ispartof></ispartof></parts><date>05-11-20 15:00:41:093</date><id>0</id><type>bounding_box</type><polygon><username>anonymous</username><pt><x>4430</x><y>2946</y><time>05-11-20 15:00:38:913</time></pt><pt><x>1957</x><y>2946</y><time>05-11-20 15:00:40:457</time></pt><pt><x>1957</x><y>600</y><time>undefined</time></pt><pt><x>4430</x><y>600</y><time>undefined</time></pt><closed_date>05-11-20 15:00:40:458</closed_date></polygon></object></annotation>