<annotation><filename>m2_s03_219_p_ic072.jpg</filename><folder>users/joselusava//valeria/m2_sala03_219_ic</folder><source><submittedBy>Jose Saca</submittedBy></source><imagesize><nrows>2910</nrows><ncols>4361</ncols></imagesize><object><name>m2_s03_219_p_ic072</name><deleted>0</deleted><verified>0</verified><occluded>no</occluded><attributes></attributes><parts><hasparts></hasparts><ispartof></ispartof></parts><date>29-09-20 01:03:44:186</date><id>0</id><type>bounding_box</type><polygon><username>anonymous</username><pt><x>2690</x><y>17</y><time>29-09-20 01:03:35:246</time></pt><pt><x>810</x><y>17</y><time>29-09-20 01:03:38:329</time></pt><pt><x>810</x><y>2447</y><time>undefined</time></pt><pt><x>2690</x><y>2447</y><time>undefined</time></pt><closed_date>29-09-20 01:03:38:331</closed_date></polygon></object></annotation>