<annotation><filename>m4_s09_138_p_ic049.jpg</filename><folder>users/joselusava//santiago_2</folder><source><submittedBy>Jose Saca</submittedBy></source><imagesize><nrows>2970</nrows><ncols>4451</ncols></imagesize><object><name>m4_s09_138_p_ic049</name><deleted>0</deleted><verified>0</verified><occluded>no</occluded><attributes></attributes><parts><hasparts></hasparts><ispartof></ispartof></parts><date>22-10-20 16:41:18:370</date><id>0</id><type>bounding_box</type><polygon><username>anonymous</username><pt><x>275</x><y>578</y><time>22-10-20 16:41:14:305</time></pt><pt><x>4298</x><y>578</y><time>22-10-20 16:41:15:923</time></pt><pt><x>4298</x><y>2552</y><time>undefined</time></pt><pt><x>275</x><y>2552</y><time>undefined</time></pt><closed_date>22-10-20 16:41:15:924</closed_date></polygon></object></annotation>