<annotation><filename>m4_s04_045_p_ic090.jpg</filename><folder>users/joselusava//valeria/m04_s04_45_ic</folder><source><submittedBy>Jose Saca</submittedBy></source><imagesize><nrows>2970</nrows><ncols>4451</ncols></imagesize><object><name>m4_s04_045_p_ic090</name><deleted>0</deleted><verified>0</verified><occluded>no</occluded><attributes></attributes><parts><hasparts></hasparts><ispartof></ispartof></parts><date>19-10-20 23:48:10:884</date><id>0</id><type>bounding_box</type><polygon><username>anonymous</username><pt><x>1582</x><y>2622</y><time>19-10-20 23:48:05:277</time></pt><pt><x>3010</x><y>2622</y><time>19-10-20 23:48:07:840</time></pt><pt><x>3010</x><y>188</y><time>undefined</time></pt><pt><x>1582</x><y>188</y><time>undefined</time></pt><closed_date>19-10-20 23:48:07:842</closed_date></polygon></object></annotation>