<annotation><filename>m2_s02_163_x.jpg</filename><folder>users/joselusava//m2_jsv</folder><source><submittedBy>Jose Saca</submittedBy></source><imagesize><nrows>2910</nrows><ncols>4361</ncols></imagesize><object><name>m2_s02_163_x</name><deleted>0</deleted><verified>0</verified><occluded>no</occluded><attributes></attributes><parts><hasparts></hasparts><ispartof></ispartof></parts><date>20-09-20 16:46:20:561</date><id>0</id><type>bounding_box</type><polygon><username>anonymous</username><pt><x>1428</x><y>566</y><time>20-09-20 16:46:18:721</time></pt><pt><x>2777</x><y>566</y><time>20-09-20 16:46:19:982</time></pt><pt><x>2777</x><y>2237</y><time>undefined</time></pt><pt><x>1428</x><y>2237</y><time>undefined</time></pt><closed_date>20-09-20 16:46:19:983</closed_date></polygon></object></annotation>