<annotation><filename>m4_s11_178_p_nic081.jpg</filename><folder>users/joselusava//santiago_2</folder><source><submittedBy>Jose Saca</submittedBy></source><imagesize><nrows>2970</nrows><ncols>4451</ncols></imagesize><object><name>m4_s11_178_p_nic081</name><deleted>0</deleted><verified>0</verified><occluded>no</occluded><attributes></attributes><parts><hasparts></hasparts><ispartof></ispartof></parts><date>16-10-20 11:40:45:336</date><id>0</id><type>bounding_box</type><polygon><username>anonymous</username><pt><x>2724</x><y>835</y><time>16-10-20 11:40:41:728</time></pt><pt><x>3748</x><y>835</y><time>16-10-20 11:40:43:025</time></pt><pt><x>3748</x><y>2003</y><time>undefined</time></pt><pt><x>2724</x><y>2003</y><time>undefined</time></pt><closed_date>16-10-20 11:40:43:025</closed_date></polygon></object></annotation>