<annotation><filename>m4_s10_157_p_ic021.jpg</filename><folder>users/joselusava//valeria/m04_s10_157_ic</folder><source><submittedBy>Jose Saca</submittedBy></source><imagesize><nrows>2970</nrows><ncols>4451</ncols></imagesize><object><name>m4_s10_157_p_ic021</name><deleted>0</deleted><verified>0</verified><occluded>no</occluded><attributes></attributes><parts><hasparts></hasparts><ispartof></ispartof></parts><date>12-10-20 16:00:00:860</date><id>0</id><type>bounding_box</type><polygon><username>anonymous</username><pt><x>1074</x><y>2824</y><time>12-10-20 15:59:53:794</time></pt><pt><x>3246</x><y>2824</y><time>12-10-20 15:59:56:748</time></pt><pt><x>3246</x><y>287</y><time>undefined</time></pt><pt><x>1074</x><y>287</y><time>undefined</time></pt><closed_date>12-10-20 15:59:56:749</closed_date></polygon></object></annotation>