<annotation><filename>m1_s01_021_p_nic014.jpg</filename><folder>users/joselusava//santiago</folder><source><submittedBy>Jose Saca</submittedBy></source><imagesize><nrows>3200</nrows><ncols>4800</ncols></imagesize><object><name>m1_s01_021_p_nic014</name><deleted>0</deleted><verified>0</verified><occluded>no</occluded><attributes></attributes><parts><hasparts></hasparts><ispartof></ispartof></parts><date>15-09-20 15:21:21:316</date><id>0</id><type>bounding_box</type><polygon><username>anonymous</username><pt><x>511</x><y>1371</y><time>15-09-20 15:21:12:150</time></pt><pt><x>1134</x><y>1371</y><time>15-09-20 15:21:15:050</time></pt><pt><x>1134</x><y>2077</y><time>undefined</time></pt><pt><x>511</x><y>2077</y><time>undefined</time></pt><closed_date>15-09-20 15:21:15:052</closed_date></polygon></object></annotation>