<annotation><filename>m4_s04_039_p_ic053.jpg</filename><folder>users/joselusava//santiago_2</folder><source><submittedBy>Jose Saca</submittedBy></source><imagesize><nrows>2970</nrows><ncols>4451</ncols></imagesize><object><name>m4_s04_039_p_ic053</name><deleted>0</deleted><verified>0</verified><occluded>no</occluded><attributes></attributes><parts><hasparts></hasparts><ispartof></ispartof></parts><date>20-10-20 21:59:12:331</date><id>0</id><type>bounding_box</type><polygon><username>anonymous</username><pt><x>1710</x><y>175</y><time>20-10-20 21:59:04:852</time></pt><pt><x>2406</x><y>175</y><time>20-10-20 21:59:07:071</time></pt><pt><x>2406</x><y>2670</y><time>undefined</time></pt><pt><x>1710</x><y>2670</y><time>undefined</time></pt><closed_date>20-10-20 21:59:07:073</closed_date></polygon></object></annotation>