<annotation><filename>m2_s07_264_p_ic025.jpg</filename><folder>users/joselusava//valeria/sala7_264_ic</folder><source><submittedBy>Jose Saca</submittedBy></source><imagesize><nrows>2910</nrows><ncols>4361</ncols></imagesize><object><name>m2_s07_264_p_ic025</name><deleted>0</deleted><verified>0</verified><occluded>no</occluded><attributes></attributes><parts><hasparts></hasparts><ispartof></ispartof></parts><date>22-09-20 19:24:52:219</date><id>0</id><type>bounding_box</type><polygon><username>anonymous</username><pt><x>2916</x><y>2480</y><time>22-09-20 19:24:47:081</time></pt><pt><x>1339</x><y>2480</y><time>22-09-20 19:24:49:215</time></pt><pt><x>1339</x><y>507</y><time>undefined</time></pt><pt><x>2916</x><y>507</y><time>undefined</time></pt><closed_date>22-09-20 19:24:49:217</closed_date></polygon></object></annotation>