<annotation><filename>m4_s05_052_p_ic019.jpg</filename><folder>users/joselusava//santiago_2</folder><source><submittedBy>Jose Saca</submittedBy></source><imagesize><nrows>2910</nrows><ncols>4361</ncols></imagesize><object><name>m4_s05_052_p_ic019</name><deleted>0</deleted><verified>0</verified><occluded>no</occluded><attributes></attributes><parts><hasparts></hasparts><ispartof></ispartof></parts><date>07-10-20 16:28:23:024</date><id>0</id><type>bounding_box</type><polygon><username>anonymous</username><pt><x>1438</x><y>682</y><time>07-10-20 16:28:19:200</time></pt><pt><x>2983</x><y>682</y><time>07-10-20 16:28:20:499</time></pt><pt><x>2983</x><y>2453</y><time>undefined</time></pt><pt><x>1438</x><y>2453</y><time>undefined</time></pt><closed_date>07-10-20 16:28:20:500</closed_date></polygon></object></annotation>