<annotation><filename>m2_s05_243_x.jpg</filename><folder>users/joselusava//museos2020</folder><source><submittedBy>Jose Saca</submittedBy></source><imagesize><nrows>2910</nrows><ncols>4361</ncols></imagesize><object><name>m2_s05_243_x</name><deleted>0</deleted><verified>0</verified><occluded>no</occluded><attributes></attributes><parts><hasparts></hasparts><ispartof></ispartof></parts><date>21-09-20 19:25:47:867</date><id>0</id><type>bounding_box</type><polygon><username>anonymous</username><pt><x>416</x><y>380</y><time>21-09-20 19:25:34:518</time></pt><pt><x>3885</x><y>380</y><time>21-09-20 19:25:39:165</time></pt><pt><x>3885</x><y>2709</y><time>undefined</time></pt><pt><x>416</x><y>2709</y><time>undefined</time></pt><closed_date>21-09-20 19:25:39:166</closed_date></polygon></object></annotation>