<annotation><filename>m3_s01_013_p_ic053.jpg</filename><folder>users/joselusava//valeria/m03_s01_13_ic</folder><source><submittedBy>Jose Saca</submittedBy></source><imagesize><nrows>2970</nrows><ncols>4451</ncols></imagesize><object><name>m3_s01_013_p_ic052</name><deleted>0</deleted><verified>0</verified><occluded>no</occluded><attributes></attributes><parts><hasparts></hasparts><ispartof></ispartof></parts><date>01-11-20 09:02:22:652</date><id>0</id><type>bounding_box</type><polygon><username>anonymous</username><pt><x>3604</x><y>2770</y><time>01-11-20 09:02:14:718</time></pt><pt><x>805</x><y>2770</y><time>01-11-20 09:02:17:780</time></pt><pt><x>805</x><y>291</y><time>undefined</time></pt><pt><x>3604</x><y>291</y><time>undefined</time></pt><closed_date>01-11-20 09:02:17:781</closed_date></polygon></object></annotation>