<annotation><filename>m2_s01_034_p_nic048.jpg</filename><folder>users/joselusava//kath</folder><source><submittedBy>Jose Saca</submittedBy></source><imagesize><nrows>2850</nrows><ncols>4271</ncols></imagesize><object><name>m2_s01_034_p_nic048</name><deleted>0</deleted><verified>0</verified><occluded>no</occluded><attributes></attributes><parts><hasparts></hasparts><ispartof></ispartof></parts><date>25-09-20 20:05:21:926</date><id>0</id><type>bounding_box</type><polygon><username>anonymous</username><pt><x>2449</x><y>1153</y><time>25-09-20 20:05:15:966</time></pt><pt><x>3308</x><y>1153</y><time>25-09-20 20:05:18:740</time></pt><pt><x>3308</x><y>2578</y><time>undefined</time></pt><pt><x>2449</x><y>2578</y><time>undefined</time></pt><closed_date>25-09-20 20:05:18:740</closed_date></polygon></object></annotation>