<annotation><filename>m4_s09_138_p_ic058.jpg</filename><folder>users/joselusava//santiago_2</folder><source><submittedBy>Jose Saca</submittedBy></source><imagesize><nrows>2970</nrows><ncols>4451</ncols></imagesize><object><name>m4_s09_138_p_ic058</name><deleted>0</deleted><verified>0</verified><occluded>no</occluded><attributes></attributes><parts><hasparts></hasparts><ispartof></ispartof></parts><date>22-10-20 16:47:50:814</date><id>0</id><type>bounding_box</type><polygon><username>anonymous</username><pt><x>175</x><y>489</y><time>22-10-20 16:47:47:098</time></pt><pt><x>4266</x><y>489</y><time>22-10-20 16:47:48:530</time></pt><pt><x>4266</x><y>2631</y><time>undefined</time></pt><pt><x>175</x><y>2631</y><time>undefined</time></pt><closed_date>22-10-20 16:47:48:531</closed_date></polygon></object></annotation>