<annotation><filename>m2_s03_219_p_ic021.jpg</filename><folder>users/joselusava//valeria/m2_sala03_219_ic</folder><source><submittedBy>Jose Saca</submittedBy></source><imagesize><nrows>2910</nrows><ncols>4361</ncols></imagesize><object><name>m2_s03_219_p_ic021</name><deleted>0</deleted><verified>0</verified><occluded>no</occluded><attributes></attributes><parts><hasparts></hasparts><ispartof></ispartof></parts><date>28-09-20 23:58:27:440</date><id>0</id><type>bounding_box</type><polygon><username>anonymous</username><pt><x>981</x><y>220</y><time>28-09-20 23:58:22:399</time></pt><pt><x>3467</x><y>220</y><time>28-09-20 23:58:24:122</time></pt><pt><x>3467</x><y>2563</y><time>undefined</time></pt><pt><x>981</x><y>2563</y><time>undefined</time></pt><closed_date>28-09-20 23:58:24:123</closed_date></polygon></object></annotation>