<annotation><filename>m2_s02_129_p_nic069.jpg</filename><folder>users/joselusava//m2_jsv/129/nic</folder><source><submittedBy>Jose Saca</submittedBy></source><imagesize><nrows>2910</nrows><ncols>4361</ncols></imagesize><object><name>m2_s02_129_p_nic069</name><deleted>0</deleted><verified>0</verified><occluded>no</occluded><attributes></attributes><parts><hasparts></hasparts><ispartof></ispartof></parts><date>25-09-20 08:17:03:312</date><id>0</id><type>bounding_box</type><polygon><username>anonymous</username><pt><x>2672</x><y>1210</y><time>25-09-20 08:17:00:553</time></pt><pt><x>1715</x><y>1210</y><time>25-09-20 08:17:02:334</time></pt><pt><x>1715</x><y>200</y><time>undefined</time></pt><pt><x>2672</x><y>200</y><time>undefined</time></pt><closed_date>25-09-20 08:17:02:334</closed_date></polygon></object></annotation>