<annotation><filename>m2_s01_024_p_ic064.jpg</filename><folder>users/joselusava//santiago</folder><source><submittedBy>Jose Saca</submittedBy></source><imagesize><nrows>2850</nrows><ncols>4271</ncols></imagesize><object><name>m2_s01_024_p_ic064</name><deleted>0</deleted><verified>0</verified><occluded>no</occluded><attributes></attributes><parts><hasparts></hasparts><ispartof></ispartof></parts><date>24-09-20 22:34:04:160</date><id>0</id><type>bounding_box</type><polygon><username>anonymous</username><pt><x>1247</x><y>45</y><time>24-09-20 22:33:47:047</time></pt><pt><x>2754</x><y>45</y><time>24-09-20 22:33:51:770</time></pt><pt><x>2754</x><y>2629</y><time>undefined</time></pt><pt><x>1247</x><y>2629</y><time>undefined</time></pt><closed_date>24-09-20 22:33:51:771</closed_date></polygon></object></annotation>