<annotation><filename>m4_s05_060_p_ic068.jpg</filename><folder>users/joselusava//m4_js/60/ic</folder><source><submittedBy>Jose Saca</submittedBy></source><imagesize><nrows>2910</nrows><ncols>4361</ncols></imagesize><object><name>m4_s05_060_p_ic068</name><deleted>0</deleted><verified>0</verified><occluded>no</occluded><attributes></attributes><parts><hasparts></hasparts><ispartof></ispartof></parts><date>13-10-20 15:59:25:122</date><id>0</id><type>bounding_box</type><polygon><username>anonymous</username><pt><x>70</x><y>2220</y><time>13-10-20 15:59:22:623</time></pt><pt><x>4344</x><y>2220</y><time>13-10-20 15:59:24:243</time></pt><pt><x>4344</x><y>235</y><time>undefined</time></pt><pt><x>70</x><y>235</y><time>undefined</time></pt><closed_date>13-10-20 15:59:24:243</closed_date></polygon></object></annotation>