<annotation><filename>m4_s09_138_p_ic023.jpg</filename><folder>users/joselusava//santiago_2</folder><source><submittedBy>Jose Saca</submittedBy></source><imagesize><nrows>2970</nrows><ncols>4451</ncols></imagesize><object><name>m4_s09_138_p_ic023</name><deleted>0</deleted><verified>0</verified><occluded>no</occluded><attributes></attributes><parts><hasparts></hasparts><ispartof></ispartof></parts><date>22-10-20 13:59:21:523</date><id>0</id><type>bounding_box</type><polygon><username>anonymous</username><pt><x>368</x><y>207</y><time>22-10-20 13:59:17:497</time></pt><pt><x>4326</x><y>207</y><time>22-10-20 13:59:18:934</time></pt><pt><x>4326</x><y>2210</y><time>undefined</time></pt><pt><x>368</x><y>2210</y><time>undefined</time></pt><closed_date>22-10-20 13:59:18:934</closed_date></polygon></object></annotation>