<annotation><filename>m4_s10_154_p_nic028.jpg</filename><folder>users/joselusava//valeria/m04_s10_154_nic</folder><source><submittedBy>Jose Saca</submittedBy></source><imagesize><nrows>2970</nrows><ncols>4451</ncols></imagesize><object><name>m4_s10_154_p_nic028</name><deleted>0</deleted><verified>0</verified><occluded>no</occluded><attributes></attributes><parts><hasparts></hasparts><ispartof></ispartof></parts><date>14-10-20 12:44:29:534</date><id>0</id><type>bounding_box</type><polygon><username>anonymous</username><pt><x>1462</x><y>2816</y><time>14-10-20 12:44:23:596</time></pt><pt><x>3084</x><y>2816</y><time>14-10-20 12:44:25:763</time></pt><pt><x>3084</x><y>1051</y><time>undefined</time></pt><pt><x>1462</x><y>1051</y><time>undefined</time></pt><closed_date>14-10-20 12:44:25:764</closed_date></polygon></object></annotation>