<annotation><filename>m2_s06_256_x.jpg</filename><folder>users/joselusava//museos2020</folder><source><submittedBy>Jose Saca</submittedBy></source><imagesize><nrows>2910</nrows><ncols>4361</ncols></imagesize><object><name>m2_s06_256_x</name><deleted>0</deleted><verified>0</verified><occluded>no</occluded><attributes></attributes><parts><hasparts></hasparts><ispartof></ispartof></parts><date>27-09-20 22:00:48:984</date><id>0</id><polygon><username>anonymous</username><pt><x>595</x><y>1288</y><time>27-09-20 22:00:36:872</time></pt><pt><x>302</x><y>1729</y><time>27-09-20 22:00:38:079</time></pt><pt><x>3895</x><y>1701</y><time>27-09-20 22:00:39:614</time></pt><pt><x>3603</x><y>1209</y><time>27-09-20 22:00:40:862</time></pt><closed_date>27-09-20 22:00:42:255</closed_date></polygon></object></annotation>