<annotation><filename>m2_s01_032_p_ic027.jpg</filename><folder>users/joselusava//santiago_2</folder><source><submittedBy>Jose Saca</submittedBy></source><imagesize><nrows>2850</nrows><ncols>4271</ncols></imagesize><object><name>m2_s01_032_p_ic027</name><deleted>0</deleted><verified>0</verified><occluded>no</occluded><attributes></attributes><parts><hasparts></hasparts><ispartof></ispartof></parts><date>30-09-20 12:12:46:735</date><id>0</id><type>bounding_box</type><polygon><username>anonymous</username><pt><x>1298</x><y>423</y><time>30-09-20 12:12:42:850</time></pt><pt><x>2930</x><y>423</y><time>30-09-20 12:12:44:707</time></pt><pt><x>2930</x><y>2584</y><time>undefined</time></pt><pt><x>1298</x><y>2584</y><time>undefined</time></pt><closed_date>30-09-20 12:12:44:708</closed_date></polygon></object></annotation>