<annotation><filename>m1_s06_168_p_nic056.jpg</filename><folder>users/joselusava//jacob_2/168nic</folder><source><submittedBy>Jose Saca</submittedBy></source><imagesize><nrows>2736</nrows><ncols>4100</ncols></imagesize><object><name>m1_s06_168_p_nic056</name><deleted>0</deleted><verified>0</verified><occluded>no</occluded><attributes></attributes><parts><hasparts></hasparts><ispartof></ispartof></parts><date>08-09-20 23:20:23:193</date><id>0</id><type>bounding_box</type><polygon><username>anonymous</username><pt><x>2575</x><y>1681</y><time>08-09-20 23:20:20:176</time></pt><pt><x>1820</x><y>1681</y><time>08-09-20 23:20:22:382</time></pt><pt><x>1820</x><y>320</y><time>undefined</time></pt><pt><x>2575</x><y>320</y><time>undefined</time></pt><closed_date>08-09-20 23:20:22:382</closed_date></polygon></object></annotation>