<annotation><filename>m2_s05_236_p_ic003.jpg</filename><folder>users/joselusava//museos2020</folder><source><submittedBy>Jose Saca</submittedBy></source><imagesize><nrows>2910</nrows><ncols>4361</ncols></imagesize><object><name>m2_s05_236_p_ic003</name><deleted>0</deleted><verified>0</verified><occluded>no</occluded><attributes></attributes><parts><hasparts></hasparts><ispartof></ispartof></parts><date>16-09-20 17:50:07:123</date><id>0</id><type>bounding_box</type><polygon><username>anonymous</username><pt><x>725</x><y>33</y><time>16-09-20 17:49:54:744</time></pt><pt><x>4021</x><y>33</y><time>16-09-20 17:50:00:634</time></pt><pt><x>4021</x><y>2831</y><time>undefined</time></pt><pt><x>725</x><y>2831</y><time>undefined</time></pt><closed_date>16-09-20 17:50:00:635</closed_date></polygon></object></annotation>