<annotation><filename>m1_s06_186_p_ic063.jpg</filename><folder>users/joselusava//jacob_2/186ic</folder><source><submittedBy>Jose Saca</submittedBy></source><imagesize><nrows>2736</nrows><ncols>4100</ncols></imagesize><object><name>s06_186_p_ic063</name><deleted>0</deleted><verified>0</verified><occluded>no</occluded><attributes></attributes><parts><hasparts></hasparts><ispartof></ispartof></parts><date>09-09-20 22:23:21:228</date><id>0</id><type>bounding_box</type><polygon><username>anonymous</username><pt><x>949</x><y>2381</y><time>09-09-20 22:23:17:887</time></pt><pt><x>3028</x><y>2381</y><time>09-09-20 22:23:20:411</time></pt><pt><x>3028</x><y>155</y><time>undefined</time></pt><pt><x>949</x><y>155</y><time>undefined</time></pt><closed_date>09-09-20 22:23:20:411</closed_date></polygon></object></annotation>