<annotation><filename>m1_s01_021_p_ic005.jpg</filename><folder>users/joselusava//santiago</folder><source><submittedBy>Jose Saca</submittedBy></source><imagesize><nrows>2000</nrows><ncols>2992</ncols></imagesize><object><name>m1_s01_021_p_ic005</name><deleted>0</deleted><verified>0</verified><occluded>no</occluded><attributes></attributes><parts><hasparts></hasparts><ispartof></ispartof></parts><date>14-09-20 21:52:46:048</date><id>0</id><type>bounding_box</type><polygon><username>anonymous</username><pt><x>1114</x><y>499</y><time>14-09-20 21:52:36:197</time></pt><pt><x>1854</x><y>499</y><time>14-09-20 21:52:39:257</time></pt><pt><x>1854</x><y>1483</y><time>undefined</time></pt><pt><x>1114</x><y>1483</y><time>undefined</time></pt><closed_date>14-09-20 21:52:39:257</closed_date></polygon></object></annotation>