<annotation><filename>m1_s01_004_p_ic024.jpg</filename><folder>users/joselusava//valeria_apoyo/sala001_004ic_ok</folder><source><submittedBy>Jose Saca</submittedBy></source><imagesize><nrows>2000</nrows><ncols>2992</ncols></imagesize><object><name>m1_s01_004_p_ic024</name><deleted>0</deleted><verified>0</verified><occluded>no</occluded><attributes></attributes><parts><hasparts></hasparts><ispartof></ispartof></parts><date>15-09-20 22:44:01:573</date><id>0</id><type>bounding_box</type><polygon><username>anonymous</username><pt><x>23</x><y>1333</y><time>15-09-20 22:43:54:740</time></pt><pt><x>2083</x><y>1333</y><time>15-09-20 22:43:57:711</time></pt><pt><x>2083</x><y>754</y><time>undefined</time></pt><pt><x>23</x><y>754</y><time>undefined</time></pt><closed_date>15-09-20 22:43:57:712</closed_date></polygon></object></annotation>