<annotation><filename>m1_s02_052_p_ic058.jpg</filename><folder>users/joselusava//valeria/sala2_052_ic</folder><source><submittedBy>Jose Saca</submittedBy></source><imagesize><nrows>3200</nrows><ncols>4800</ncols></imagesize><object><name>m1_s02_052_p_ic058</name><deleted>0</deleted><verified>0</verified><occluded>no</occluded><attributes></attributes><parts><hasparts></hasparts><ispartof></ispartof></parts><date>25-08-20 18:45:25:576</date><id>0</id><type>bounding_box</type><polygon><username>anonymous</username><pt><x>387</x><y>48</y><time>25-08-20 18:45:19:562</time></pt><pt><x>4580</x><y>48</y><time>25-08-20 18:45:21:847</time></pt><pt><x>4580</x><y>3114</y><time>undefined</time></pt><pt><x>387</x><y>3114</y><time>undefined</time></pt><closed_date>25-08-20 18:45:21:848</closed_date></polygon></object></annotation>