<annotation><filename>m1_s01_021_p_ic091.jpg</filename><folder>users/joselusava//santiago</folder><source><submittedBy>Jose Saca</submittedBy></source><imagesize><nrows>3200</nrows><ncols>4800</ncols></imagesize><object><name>m1_s01_021_p_ic091</name><deleted>0</deleted><verified>0</verified><occluded>no</occluded><attributes></attributes><parts><hasparts></hasparts><ispartof></ispartof></parts><date>15-09-20 00:18:00:311</date><id>0</id><type>bounding_box</type><polygon><username>anonymous</username><pt><x>1339</x><y>993</y><time>15-09-20 00:17:52:166</time></pt><pt><x>2664</x><y>993</y><time>15-09-20 00:17:54:503</time></pt><pt><x>2664</x><y>2530</y><time>undefined</time></pt><pt><x>1339</x><y>2530</y><time>undefined</time></pt><closed_date>15-09-20 00:17:54:504</closed_date></polygon></object></annotation>