<annotation><filename>m1_s01_005_p_nic086.jpg</filename><folder>users/joselusava//museos2020</folder><source><submittedBy>Jose Saca</submittedBy></source><imagesize><nrows>2000</nrows><ncols>2992</ncols></imagesize><object><name>m1_s01_005_p_nic086</name><deleted>0</deleted><verified>0</verified><occluded>no</occluded><attributes></attributes><parts><hasparts></hasparts><ispartof></ispartof></parts><date>14-09-20 11:58:05:795</date><id>0</id><type>bounding_box</type><polygon><username>anonymous</username><pt><x>1597</x><y>1227</y><time>14-09-20 11:57:57:436</time></pt><pt><x>2000</x><y>1227</y><time>14-09-20 11:57:58:424</time></pt><pt><x>2000</x><y>1671</y><time>undefined</time></pt><pt><x>1597</x><y>1671</y><time>undefined</time></pt><closed_date>14-09-20 11:57:58:426</closed_date></polygon></object></annotation>