<annotation><filename>m1_s06_144_p_nic054.jpg</filename><folder>users/joselusava//jacob_2/144nic</folder><source><submittedBy>Jose Saca</submittedBy></source><imagesize><nrows>2736</nrows><ncols>4100</ncols></imagesize><object><name>m1_s06_144_p_nic054</name><deleted>0</deleted><verified>0</verified><occluded>no</occluded><attributes></attributes><parts><hasparts></hasparts><ispartof></ispartof></parts><date>08-09-20 02:18:35:838</date><id>0</id><type>bounding_box</type><polygon><username>anonymous</username><pt><x>3093</x><y>1694</y><time>08-09-20 02:18:32:609</time></pt><pt><x>1539</x><y>1694</y><time>08-09-20 02:18:35:027</time></pt><pt><x>1539</x><y>254</y><time>undefined</time></pt><pt><x>3093</x><y>254</y><time>undefined</time></pt><closed_date>08-09-20 02:18:35:027</closed_date></polygon></object></annotation>