<annotation><filename>m4_s11_176_p_ic091.jpg</filename><folder>users/joselusava//m4_js/176/ic</folder><source><submittedBy>Jose Saca</submittedBy></source><imagesize><nrows>2970</nrows><ncols>4451</ncols></imagesize><object><name>m4_s11_176_p_ic091</name><deleted>0</deleted><verified>0</verified><occluded>no</occluded><attributes></attributes><parts><hasparts></hasparts><ispartof></ispartof></parts><date>15-10-20 11:06:46:008</date><id>0</id><type>bounding_box</type><polygon><username>anonymous</username><pt><x>3056</x><y>2283</y><time>15-10-20 11:06:44:370</time></pt><pt><x>1359</x><y>2283</y><time>15-10-20 11:06:45:375</time></pt><pt><x>1359</x><y>577</y><time>undefined</time></pt><pt><x>3056</x><y>577</y><time>undefined</time></pt><closed_date>15-10-20 11:06:45:376</closed_date></polygon></object></annotation>