<annotation><filename>m1_s10_275_x.jpg</filename><folder>users/joselusava//santiago</folder><source><submittedBy>Jose Saca</submittedBy></source><imagesize><nrows>3200</nrows><ncols>4800</ncols></imagesize><object><name>m1_s10_275_x</name><deleted>0</deleted><verified>0</verified><occluded>no</occluded><attributes></attributes><parts><hasparts></hasparts><ispartof></ispartof></parts><date>28-08-20 15:11:37:044</date><id>0</id><type>bounding_box</type><polygon><username>anonymous</username><pt><x>547</x><y>313</y><time>28-08-20 15:11:25:771</time></pt><pt><x>3823</x><y>313</y><time>28-08-20 15:11:30:493</time></pt><pt><x>3823</x><y>2638</y><time>undefined</time></pt><pt><x>547</x><y>2638</y><time>undefined</time></pt><closed_date>28-08-20 15:11:30:495</closed_date></polygon></object></annotation>