<annotation><filename>m3_s01_010_p_nic094.jpg</filename><folder>users/joselusava//m4_js/m3/10/nic</folder><source><submittedBy>Jose Saca</submittedBy></source><imagesize><nrows>2970</nrows><ncols>4451</ncols></imagesize><object><name>m3_s01_010_p_nic094</name><deleted>0</deleted><verified>0</verified><occluded>no</occluded><attributes></attributes><parts><hasparts></hasparts><ispartof></ispartof></parts><date>29-10-20 14:47:06:124</date><id>0</id><type>bounding_box</type><polygon><username>anonymous</username><pt><x>3043</x><y>2774</y><time>29-10-20 14:47:02:799</time></pt><pt><x>10</x><y>2774</y><time>29-10-20 14:47:05:399</time></pt><pt><x>10</x><y>186</y><time>undefined</time></pt><pt><x>3043</x><y>186</y><time>undefined</time></pt><closed_date>29-10-20 14:47:05:399</closed_date></polygon></object></annotation>