<annotation><filename>m4_s12_185_p_ic091.jpg</filename><folder>users/joselusava//valeria/m04_s12_185_ic</folder><source><submittedBy>Jose Saca</submittedBy></source><imagesize><nrows>2910</nrows><ncols>4361</ncols></imagesize><object><name>m4_s12_185_p_ic091</name><deleted>0</deleted><verified>0</verified><occluded>no</occluded><attributes></attributes><parts><hasparts></hasparts><ispartof></ispartof></parts><date>17-10-20 18:52:07:954</date><id>0</id><type>bounding_box</type><polygon><username>anonymous</username><pt><x>957</x><y>2641</y><time>17-10-20 18:52:02:433</time></pt><pt><x>3638</x><y>2641</y><time>17-10-20 18:52:04:488</time></pt><pt><x>3638</x><y>101</y><time>undefined</time></pt><pt><x>957</x><y>101</y><time>undefined</time></pt><closed_date>17-10-20 18:52:04:489</closed_date></polygon></object></annotation>