<annotation><filename>m1_s01_001_p_nic032.jpg</filename><folder>users/joselusava//juancarlos</folder><source><submittedBy>Jose Saca</submittedBy></source><imagesize><nrows>3200</nrows><ncols>4800</ncols></imagesize><object><name>m1_s01_001_p_nic032</name><deleted>0</deleted><verified>0</verified><occluded>no</occluded><attributes></attributes><parts><hasparts></hasparts><ispartof></ispartof></parts><date>02-09-20 15:58:55:126</date><id>0</id><type>bounding_box</type><polygon><username>anonymous</username><pt><x>345</x><y>879</y><time>02-09-20 15:58:44:432</time></pt><pt><x>2000</x><y>879</y><time>02-09-20 15:58:47:570</time></pt><pt><x>2000</x><y>1770</y><time>undefined</time></pt><pt><x>345</x><y>1770</y><time>undefined</time></pt><closed_date>02-09-20 15:58:47:573</closed_date></polygon></object></annotation>