<annotation><filename>m2_s05_236_p_ic075.jpg</filename><folder>users/joselusava//museos2020</folder><source><submittedBy>Jose Saca</submittedBy></source><imagesize><nrows>2910</nrows><ncols>4361</ncols></imagesize><object><name>m2_s05_236_p_ic075</name><deleted>0</deleted><verified>0</verified><occluded>no</occluded><attributes></attributes><parts><hasparts></hasparts><ispartof></ispartof></parts><date>16-09-20 19:15:16:431</date><id>0</id><type>bounding_box</type><polygon><username>anonymous</username><pt><x>307</x><y>284</y><time>16-09-20 19:15:04:687</time></pt><pt><x>4235</x><y>284</y><time>16-09-20 19:15:06:699</time></pt><pt><x>4235</x><y>2803</y><time>undefined</time></pt><pt><x>307</x><y>2803</y><time>undefined</time></pt><closed_date>16-09-20 19:15:06:700</closed_date></polygon></object></annotation>