<annotation><filename>m2_s01_018_p_ic051.jpg</filename><folder>users/joselusava//santiago_2</folder><source><submittedBy>Jose Saca</submittedBy></source><imagesize><nrows>2850</nrows><ncols>4271</ncols></imagesize><object><name>m2_s01_018_p_ic051</name><deleted>0</deleted><verified>0</verified><occluded>no</occluded><attributes></attributes><parts><hasparts></hasparts><ispartof></ispartof></parts><date>28-09-20 17:32:46:639</date><id>0</id><type>bounding_box</type><polygon><username>anonymous</username><pt><x>1571</x><y>757</y><time>28-09-20 17:32:43:175</time></pt><pt><x>2725</x><y>757</y><time>28-09-20 17:32:44:355</time></pt><pt><x>2725</x><y>2174</y><time>undefined</time></pt><pt><x>1571</x><y>2174</y><time>undefined</time></pt><closed_date>28-09-20 17:32:44:356</closed_date></polygon></object></annotation>