<annotation><filename>m1_s02_036_p_ic048.jpg</filename><folder>users/joselusava//valeria/sala2_036_ic</folder><source><submittedBy>Jose Saca</submittedBy></source><imagesize><nrows>3200</nrows><ncols>4800</ncols></imagesize><object><name>m1_s01_036_p_ic048</name><deleted>0</deleted><verified>0</verified><occluded>no</occluded><attributes></attributes><parts><hasparts></hasparts><ispartof></ispartof></parts><date>23-08-20 21:52:59:834</date><id>0</id><type>bounding_box</type><polygon><username>anonymous</username><pt><x>768</x><y>183</y><time>23-08-20 21:52:51:780</time></pt><pt><x>3608</x><y>183</y><time>23-08-20 21:52:55:947</time></pt><pt><x>3608</x><y>3119</y><time>undefined</time></pt><pt><x>768</x><y>3119</y><time>undefined</time></pt><closed_date>23-08-20 21:52:55:948</closed_date></polygon></object></annotation>