<annotation><filename>m2_s06_244_p_ic037.jpg</filename><folder>users/joselusava//museos2020</folder><source><submittedBy>Jose Saca</submittedBy></source><imagesize><nrows>2910</nrows><ncols>4361</ncols></imagesize><object><name>m2_s06_244_p_ic037</name><deleted>0</deleted><verified>0</verified><occluded>no</occluded><attributes></attributes><parts><hasparts></hasparts><ispartof></ispartof></parts><date>22-09-20 13:04:36:810</date><id>0</id><type>bounding_box</type><polygon><username>anonymous</username><pt><x>1161</x><y>939</y><time>22-09-20 13:04:29:345</time></pt><pt><x>3333</x><y>939</y><time>22-09-20 13:04:30:420</time></pt><pt><x>3333</x><y>2014</y><time>undefined</time></pt><pt><x>1161</x><y>2014</y><time>undefined</time></pt><closed_date>22-09-20 13:04:30:422</closed_date></polygon></object></annotation>