<annotation><filename>m3_s01_002_p_nic035.jpg</filename><folder>users/joselusava//santiago_3</folder><source><submittedBy>Jose Saca</submittedBy></source><imagesize><nrows>2970</nrows><ncols>4451</ncols></imagesize><object><name>m3_s01_002_p_nic035</name><deleted>0</deleted><verified>0</verified><occluded>no</occluded><attributes></attributes><parts><hasparts></hasparts><ispartof></ispartof></parts><date>29-10-20 15:58:46:720</date><id>0</id><type>bounding_box</type><polygon><username>anonymous</username><pt><x>1535</x><y>311</y><time>29-10-20 15:58:43:440</time></pt><pt><x>3327</x><y>311</y><time>29-10-20 15:58:44:711</time></pt><pt><x>3327</x><y>2049</y><time>undefined</time></pt><pt><x>1535</x><y>2049</y><time>undefined</time></pt><closed_date>29-10-20 15:58:44:712</closed_date></polygon></object></annotation>