<annotation><filename>m4_s04_045_p_ic004.jpg</filename><folder>users/joselusava//valeria/m04_s04_45_ic</folder><source><submittedBy>Jose Saca</submittedBy></source><imagesize><nrows>2970</nrows><ncols>4451</ncols></imagesize><object><name>m4_s04_045_p_ic004</name><deleted>0</deleted><verified>0</verified><occluded>no</occluded><attributes></attributes><parts><hasparts></hasparts><ispartof></ispartof></parts><date>19-10-20 18:53:11:342</date><id>0</id><type>bounding_box</type><polygon><username>anonymous</username><pt><x>1788</x><y>2148</y><time>19-10-20 18:53:05:872</time></pt><pt><x>2679</x><y>2148</y><time>19-10-20 18:53:07:979</time></pt><pt><x>2679</x><y>760</y><time>undefined</time></pt><pt><x>1788</x><y>760</y><time>undefined</time></pt><closed_date>19-10-20 18:53:07:980</closed_date></polygon></object></annotation>