<annotation><filename>m2_s03_219_p_nic026.jpg</filename><folder>users/joselusava//valeria/m2_sala03_219_nic</folder><source><submittedBy>Jose Saca</submittedBy></source><imagesize><nrows>2910</nrows><ncols>4361</ncols></imagesize><object><name>m2_s03_219_p_nic026</name><deleted>0</deleted><verified>0</verified><occluded>no</occluded><attributes></attributes><parts><hasparts></hasparts><ispartof></ispartof></parts><date>29-09-20 17:31:52:817</date><id>0</id><type>bounding_box</type><polygon><username>anonymous</username><pt><x>2904</x><y>1819</y><time>29-09-20 17:31:46:357</time></pt><pt><x>1720</x><y>1819</y><time>29-09-20 17:31:48:276</time></pt><pt><x>1720</x><y>204</y><time>undefined</time></pt><pt><x>2904</x><y>204</y><time>undefined</time></pt><closed_date>29-09-20 17:31:48:278</closed_date></polygon></object></annotation>