<annotation><filename>m2_s01_058_p_ic083.jpg</filename><folder>users/joselusava//m2_jsv/58/ic</folder><source><submittedBy>Jose Saca</submittedBy></source><imagesize><nrows>2850</nrows><ncols>4271</ncols></imagesize><object><name>m2_s01_058_p_ic083</name><deleted>0</deleted><verified>0</verified><occluded>no</occluded><attributes></attributes><parts><hasparts></hasparts><ispartof></ispartof></parts><date>29-09-20 20:53:20:455</date><id>0</id><type>bounding_box</type><polygon><username>anonymous</username><pt><x>3632</x><y>102</y><time>29-09-20 20:53:18:389</time></pt><pt><x>392</x><y>102</y><time>29-09-20 20:53:19:753</time></pt><pt><x>392</x><y>2694</y><time>undefined</time></pt><pt><x>3632</x><y>2694</y><time>undefined</time></pt><closed_date>29-09-20 20:53:19:754</closed_date></polygon></object></annotation>