<annotation><filename>m1_s06_141_p_ic013.jpg</filename><folder>users/joselusava//jacob_2/141ic</folder><source><submittedBy>Jose Saca</submittedBy></source><imagesize><nrows>2736</nrows><ncols>4100</ncols></imagesize><object><name>m1_s06_141_p_ic013</name><deleted>0</deleted><verified>0</verified><occluded>no</occluded><attributes></attributes><parts><hasparts></hasparts><ispartof></ispartof></parts><date>04-09-20 17:17:44:691</date><id>0</id><type>bounding_box</type><polygon><username>anonymous</username><pt><x>1121</x><y>286</y><time>04-09-20 17:17:42:391</time></pt><pt><x>2701</x><y>286</y><time>04-09-20 17:17:43:982</time></pt><pt><x>2701</x><y>2406</y><time>undefined</time></pt><pt><x>1121</x><y>2406</y><time>undefined</time></pt><closed_date>04-09-20 17:17:43:983</closed_date></polygon></object></annotation>