<annotation><filename>m2_s01_032_p_ic004.jpg</filename><folder>users/joselusava//santiago_2</folder><source><submittedBy>Jose Saca</submittedBy></source><imagesize><nrows>2850</nrows><ncols>4271</ncols></imagesize><object><name>m2_s01_032_p_ic004</name><deleted>0</deleted><verified>0</verified><occluded>no</occluded><attributes></attributes><parts><hasparts></hasparts><ispartof></ispartof></parts><date>29-09-20 22:05:04:666</date><id>0</id><type>bounding_box</type><polygon><username>anonymous</username><pt><x>1167</x><y>285</y><time>29-09-20 22:05:00:395</time></pt><pt><x>2994</x><y>285</y><time>29-09-20 22:05:02:299</time></pt><pt><x>2994</x><y>2638</y><time>undefined</time></pt><pt><x>1167</x><y>2638</y><time>undefined</time></pt><closed_date>29-09-20 22:05:02:299</closed_date></polygon></object></annotation>