<annotation><filename>m2_s03_201_p_ic031.jpg</filename><folder>users/joselusava//eg</folder><source><submittedBy>Jose Saca</submittedBy></source><imagesize><nrows>3000</nrows><ncols>4496</ncols></imagesize><object><name>m2_s03_219_p_ic031</name><deleted>0</deleted><verified>0</verified><occluded>no</occluded><attributes></attributes><parts><hasparts></hasparts><ispartof></ispartof></parts><date>16-09-20 13:28:32:026</date><id>0</id><type>bounding_box</type><polygon><username>anonymous</username><pt><x>968</x><y>333</y><time>16-09-20 13:28:20:865</time></pt><pt><x>3022</x><y>333</y><time>16-09-20 13:28:22:188</time></pt><pt><x>3022</x><y>2933</y><time>undefined</time></pt><pt><x>968</x><y>2933</y><time>undefined</time></pt><closed_date>16-09-20 13:28:22:190</closed_date></polygon></object></annotation>