<annotation><filename>m2_s01_034_p_ic086.jpg</filename><folder>users/joselusava//kath</folder><source><submittedBy>Jose Saca</submittedBy></source><imagesize><nrows>2850</nrows><ncols>4271</ncols></imagesize><object><name>m2_s01_034_p_ic086</name><deleted>0</deleted><verified>0</verified><occluded>no</occluded><attributes></attributes><parts><hasparts></hasparts><ispartof></ispartof></parts><date>25-09-20 17:03:06:094</date><id>0</id><polygon><username>anonymous</username><pt><x>1310</x><y>236</y><time>25-09-20 17:02:50:378</time></pt><pt><x>2836</x><y>201</y><time>25-09-20 17:02:51:940</time></pt><pt><x>3115</x><y>2599</y><time>25-09-20 17:02:59:431</time></pt><pt><x>1275</x><y>2485</y><time>25-09-20 17:03:01:237</time></pt><closed_date>25-09-20 17:03:03:014</closed_date></polygon></object></annotation>