<annotation><filename>m4_s04_047_p_nic093.jpg</filename><folder>users/joselusava//kath/kath_m4_047/nic</folder><source><submittedBy>Jose Saca</submittedBy></source><imagesize><nrows>2970</nrows><ncols>4451</ncols></imagesize><object><name>m4_s04_047_p_nic093</name><deleted>0</deleted><verified>0</verified><occluded>no</occluded><attributes></attributes><parts><hasparts></hasparts><ispartof></ispartof></parts><date>24-10-20 20:08:22:493</date><id>0</id><type>bounding_box</type><polygon><username>anonymous</username><pt><x>2896</x><y>438</y><time>24-10-20 20:08:17:761</time></pt><pt><x>4054</x><y>438</y><time>24-10-20 20:08:19:871</time></pt><pt><x>4054</x><y>2532</y><time>undefined</time></pt><pt><x>2896</x><y>2532</y><time>undefined</time></pt><closed_date>24-10-20 20:08:19:873</closed_date></polygon></object></annotation>