<annotation><filename>m4_s05_055_p_nic095.jpg</filename><folder>users/joselusava//valeria/m4_s05_055_nic</folder><source><submittedBy>Jose Saca</submittedBy></source><imagesize><nrows>2910</nrows><ncols>4361</ncols></imagesize><object><name>m4_s05_055_p_nic095</name><deleted>0</deleted><verified>0</verified><occluded>no</occluded><attributes></attributes><parts><hasparts></hasparts><ispartof></ispartof></parts><date>09-10-20 18:27:32:873</date><id>0</id><type>bounding_box</type><polygon><username>anonymous</username><pt><x>3830</x><y>639</y><time>09-10-20 18:27:27:190</time></pt><pt><x>2706</x><y>639</y><time>09-10-20 18:27:29:215</time></pt><pt><x>2706</x><y>1934</y><time>undefined</time></pt><pt><x>3830</x><y>1934</y><time>undefined</time></pt><closed_date>09-10-20 18:27:29:216</closed_date></polygon></object></annotation>