<annotation><filename>m2_s03_248_p_nic018.jpg</filename><folder>users/joselusava//museos2020</folder><source><submittedBy>Jose Saca</submittedBy></source><imagesize><nrows>2910</nrows><ncols>4361</ncols></imagesize><object><name>m2_s03_248_p_nic018</name><deleted>0</deleted><verified>0</verified><occluded>no</occluded><attributes></attributes><parts><hasparts></hasparts><ispartof></ispartof></parts><date>27-09-20 10:04:07:709</date><id>0</id><polygon><username>anonymous</username><pt><x>172</x><y>1088</y><time>27-09-20 10:03:55:057</time></pt><pt><x>2059</x><y>1092</y><time>27-09-20 10:03:56:371</time></pt><pt><x>2278</x><y>1292</y><time>27-09-20 10:03:57:112</time></pt><pt><x>930</x><y>1925</y><time>27-09-20 10:03:57:954</time></pt><closed_date>27-09-20 10:03:58:938</closed_date></polygon></object></annotation>