<annotation><filename>m3_s01_013_p_nic074.jpg</filename><folder>users/joselusava//valeria/m03_s01_13_nic</folder><source><submittedBy>Jose Saca</submittedBy></source><imagesize><nrows>2970</nrows><ncols>4451</ncols></imagesize><object><name>m3_s01_013_p_nic074</name><deleted>0</deleted><verified>0</verified><occluded>no</occluded><attributes></attributes><parts><hasparts></hasparts><ispartof></ispartof></parts><date>07-11-20 00:01:26:034</date><id>0</id><type>bounding_box</type><polygon><username>anonymous</username><pt><x>2290</x><y>2599</y><time>07-11-20 00:01:20:914</time></pt><pt><x>4107</x><y>2599</y><time>07-11-20 00:01:23:225</time></pt><pt><x>4107</x><y>308</y><time>undefined</time></pt><pt><x>2290</x><y>308</y><time>undefined</time></pt><closed_date>07-11-20 00:01:23:226</closed_date></polygon></object></annotation>