<annotation><filename>m4_s04_039_p_ic047.jpg</filename><folder>users/joselusava//santiago_2</folder><source><submittedBy>Jose Saca</submittedBy></source><imagesize><nrows>2970</nrows><ncols>4451</ncols></imagesize><object><name>m4_s04_039_p_ic047</name><deleted>0</deleted><verified>0</verified><occluded>no</occluded><attributes></attributes><parts><hasparts></hasparts><ispartof></ispartof></parts><date>20-10-20 21:51:46:932</date><id>0</id><type>bounding_box</type><polygon><username>anonymous</username><pt><x>1767</x><y>157</y><time>20-10-20 21:51:43:538</time></pt><pt><x>2802</x><y>157</y><time>20-10-20 21:51:44:893</time></pt><pt><x>2802</x><y>2806</y><time>undefined</time></pt><pt><x>1767</x><y>2806</y><time>undefined</time></pt><closed_date>20-10-20 21:51:44:894</closed_date></polygon></object></annotation>