<annotation><filename>m4_s11_176_p_ic094.jpg</filename><folder>users/joselusava//m4_js/176/ic</folder><source><submittedBy>Jose Saca</submittedBy></source><imagesize><nrows>2970</nrows><ncols>4451</ncols></imagesize><object><name>m4_s11_176_p_ic094</name><deleted>0</deleted><verified>0</verified><occluded>no</occluded><attributes></attributes><parts><hasparts></hasparts><ispartof></ispartof></parts><date>15-10-20 11:18:39:140</date><id>0</id><type>bounding_box</type><polygon><username>anonymous</username><pt><x>2991</x><y>2203</y><time>15-10-20 11:18:36:059</time></pt><pt><x>1354</x><y>2203</y><time>15-10-20 11:18:38:462</time></pt><pt><x>1354</x><y>549</y><time>undefined</time></pt><pt><x>2991</x><y>549</y><time>undefined</time></pt><closed_date>15-10-20 11:18:38:463</closed_date></polygon></object></annotation>