<annotation><filename>m4_s10_154_p_ic036.jpg</filename><folder>users/joselusava//valeria/m04_s10_154_ic</folder><source><submittedBy>Jose Saca</submittedBy></source><imagesize><nrows>2970</nrows><ncols>4451</ncols></imagesize><object><name>m4_s10_154_p_ic036</name><deleted>0</deleted><verified>0</verified><occluded>no</occluded><attributes></attributes><parts><hasparts></hasparts><ispartof></ispartof></parts><date>13-10-20 21:55:52:962</date><id>0</id><type>bounding_box</type><polygon><username>anonymous</username><pt><x>2822</x><y>2764</y><time>13-10-20 21:55:41:757</time></pt><pt><x>1651</x><y>2764</y><time>13-10-20 21:55:43:779</time></pt><pt><x>1651</x><y>217</y><time>undefined</time></pt><pt><x>2822</x><y>217</y><time>undefined</time></pt><closed_date>13-10-20 21:55:43:780</closed_date></polygon></object></annotation>