<annotation><filename>m2_s01_056_p_nic044.jpg</filename><folder>users/joselusava//m2_jsv/56/nic</folder><source><submittedBy>Jose Saca</submittedBy></source><imagesize><nrows>2850</nrows><ncols>4271</ncols></imagesize><object><name>m2_s01_056_p_nic044</name><deleted>0</deleted><verified>0</verified><occluded>no</occluded><attributes></attributes><parts><hasparts></hasparts><ispartof></ispartof></parts><date>28-09-20 22:22:04:476</date><id>0</id><type>bounding_box</type><polygon><username>anonymous</username><pt><x>3074</x><y>1800</y><time>28-09-20 22:22:02:307</time></pt><pt><x>1647</x><y>1800</y><time>28-09-20 22:22:03:684</time></pt><pt><x>1647</x><y>25</y><time>undefined</time></pt><pt><x>3074</x><y>25</y><time>undefined</time></pt><closed_date>28-09-20 22:22:03:684</closed_date></polygon></object></annotation>