<annotation><filename>m1_s02_036_p_nic077.jpg</filename><folder>users/joselusava//valeria/sala2_036_nic</folder><source><submittedBy>Jose Saca</submittedBy></source><imagesize><nrows>3200</nrows><ncols>4800</ncols></imagesize><object><name>m1_s02_036_p_nic077</name><deleted>0</deleted><verified>0</verified><occluded>no</occluded><attributes></attributes><parts><hasparts></hasparts><ispartof></ispartof></parts><date>27-08-20 01:27:59:921</date><id>0</id><type>bounding_box</type><polygon><username>anonymous</username><pt><x>1154</x><y>1987</y><time>27-08-20 01:27:50:070</time></pt><pt><x>596</x><y>1987</y><time>27-08-20 01:27:52:988</time></pt><pt><x>596</x><y>811</y><time>undefined</time></pt><pt><x>1154</x><y>811</y><time>undefined</time></pt><closed_date>27-08-20 01:27:52:989</closed_date></polygon></object></annotation>