<annotation><filename>m2_s01_054_p_nic098.jpg</filename><folder>users/joselusava//kath</folder><source><submittedBy>Jose Saca</submittedBy></source><imagesize><nrows>2850</nrows><ncols>4271</ncols></imagesize><object><name>m2_s01_054_p_nic098</name><deleted>0</deleted><verified>0</verified><occluded>no</occluded><attributes></attributes><parts><hasparts></hasparts><ispartof></ispartof></parts><date>30-09-20 22:47:20:963</date><id>0</id><polygon><username>kath</username><pt><x>2646</x><y>653</y><time>30-09-20 22:47:12:306</time></pt><pt><x>3840</x><y>583</y><time>30-09-20 22:47:13:533</time></pt><pt><x>3720</x><y>2092</y><time>30-09-20 22:47:14:443</time></pt><pt><x>2850</x><y>2211</y><time>30-09-20 22:47:15:914</time></pt><closed_date>30-09-20 22:47:17:476</closed_date></polygon></object></annotation>