<annotation><filename>m1_s01_005_p_ic036.jpg</filename><folder>users/joselusava//jacob/sala1/ic</folder><source><submittedBy>Jose Saca</submittedBy></source><imagesize><nrows>2000</nrows><ncols>2992</ncols></imagesize><object><name>m1_s01_005_p_ic036</name><deleted>0</deleted><verified>0</verified><occluded>no</occluded><attributes></attributes><parts><hasparts></hasparts><ispartof></ispartof></parts><date>14-09-20 20:28:03:946</date><id>0</id><type>bounding_box</type><polygon><username>anonymous</username><pt><x>1892</x><y>1374</y><time>14-09-20 20:28:02:327</time></pt><pt><x>1083</x><y>1374</y><time>14-09-20 20:28:03:388</time></pt><pt><x>1083</x><y>541</y><time>undefined</time></pt><pt><x>1892</x><y>541</y><time>undefined</time></pt><closed_date>14-09-20 20:28:03:389</closed_date></polygon></object></annotation>