<annotation><filename>m2_s07_264_p_nic022.jpg</filename><folder>users/joselusava//valeria/sala7_264_nic</folder><source><submittedBy>Jose Saca</submittedBy></source><imagesize><nrows>2910</nrows><ncols>4361</ncols></imagesize><object><name>m2_s07_264_p_nic022</name><deleted>0</deleted><verified>0</verified><occluded>no</occluded><attributes></attributes><parts><hasparts></hasparts><ispartof></ispartof></parts><date>23-09-20 19:44:46:008</date><id>0</id><type>bounding_box</type><polygon><username>anonymous</username><pt><x>2623</x><y>2629</y><time>23-09-20 19:44:40:946</time></pt><pt><x>4067</x><y>2629</y><time>23-09-20 19:44:43:224</time></pt><pt><x>4067</x><y>964</y><time>undefined</time></pt><pt><x>2623</x><y>964</y><time>undefined</time></pt><closed_date>23-09-20 19:44:43:225</closed_date></polygon></object></annotation>