<annotation><filename>m3_s01_023_p_ic097.jpg</filename><folder>users/joselusava//santiago_3</folder><source><submittedBy>Jose Saca</submittedBy></source><imagesize><nrows>2970</nrows><ncols>4451</ncols></imagesize><object><name>m3_s01_023_p_ic097</name><deleted>0</deleted><verified>0</verified><occluded>no</occluded><attributes></attributes><parts><hasparts></hasparts><ispartof></ispartof></parts><date>04-11-20 21:11:42:542</date><id>0</id><type>bounding_box</type><polygon><username>anonymous</username><pt><x>428</x><y>500</y><time>04-11-20 21:11:38:534</time></pt><pt><x>4059</x><y>500</y><time>04-11-20 21:11:40:171</time></pt><pt><x>4059</x><y>2313</y><time>undefined</time></pt><pt><x>428</x><y>2313</y><time>undefined</time></pt><closed_date>04-11-20 21:11:40:172</closed_date></polygon></object></annotation>