<annotation><filename>m4_s11_176_p_ic082.jpg</filename><folder>users/joselusava//m4_js/176/ic</folder><source><submittedBy>Jose Saca</submittedBy></source><imagesize><nrows>2970</nrows><ncols>4451</ncols></imagesize><object><name>m4_s11_176_p_ic082</name><deleted>0</deleted><verified>0</verified><occluded>no</occluded><attributes></attributes><parts><hasparts></hasparts><ispartof></ispartof></parts><date>15-10-20 10:02:35:697</date><id>0</id><type>bounding_box</type><polygon><username>anonymous</username><pt><x>2878</x><y>2301</y><time>15-10-20 10:02:33:794</time></pt><pt><x>1235</x><y>2301</y><time>15-10-20 10:02:35:062</time></pt><pt><x>1235</x><y>666</y><time>undefined</time></pt><pt><x>2878</x><y>666</y><time>undefined</time></pt><closed_date>15-10-20 10:02:35:062</closed_date></polygon></object></annotation>