<annotation><filename>m4_s10_154_p_nic051.jpg</filename><folder>users/joselusava//valeria/m04_s10_154_nic</folder><source><submittedBy>Jose Saca</submittedBy></source><imagesize><nrows>2970</nrows><ncols>4451</ncols></imagesize><object><name>m4_s10_154_p_nic051</name><deleted>0</deleted><verified>0</verified><occluded>no</occluded><attributes></attributes><parts><hasparts></hasparts><ispartof></ispartof></parts><date>14-10-20 13:09:22:806</date><id>0</id><type>bounding_box</type><polygon><username>anonymous</username><pt><x>4032</x><y>2564</y><time>14-10-20 13:09:17:384</time></pt><pt><x>3050</x><y>2564</y><time>14-10-20 13:09:19:853</time></pt><pt><x>3050</x><y>971</y><time>undefined</time></pt><pt><x>4032</x><y>971</y><time>undefined</time></pt><closed_date>14-10-20 13:09:19:853</closed_date></polygon></object></annotation>