<annotation><filename>m2_s01_054_p_ic061.jpg</filename><folder>users/joselusava//kath</folder><source><submittedBy>Jose Saca</submittedBy></source><imagesize><nrows>2850</nrows><ncols>4271</ncols></imagesize><object><name>m2_s01_054_p_ic061</name><deleted>0</deleted><verified>0</verified><occluded>no</occluded><attributes></attributes><parts><hasparts></hasparts><ispartof></ispartof></parts><date>29-09-20 23:40:58:940</date><id>0</id><type>bounding_box</type><polygon><username>anonymous</username><pt><x>2766</x><y>274</y><time>29-09-20 23:40:51:414</time></pt><pt><x>1250</x><y>274</y><time>29-09-20 23:40:55:080</time></pt><pt><x>1250</x><y>2653</y><time>undefined</time></pt><pt><x>2766</x><y>2653</y><time>undefined</time></pt><closed_date>29-09-20 23:40:55:080</closed_date></polygon></object></annotation>