<annotation><filename>m3_s01_018_p_ic040.jpg</filename><folder>users/joselusava//m4_js/18/ic</folder><source><submittedBy>Jose Saca</submittedBy></source><imagesize><nrows>2970</nrows><ncols>4451</ncols></imagesize><object><name>m3_s01_018_p_ic040</name><deleted>0</deleted><verified>0</verified><occluded>no</occluded><attributes></attributes><parts><hasparts></hasparts><ispartof></ispartof></parts><date>05-11-20 14:04:26:192</date><id>0</id><type>bounding_box</type><polygon><username>anonymous</username><pt><x>4283</x><y>2736</y><time>05-11-20 14:04:23:664</time></pt><pt><x>305</x><y>2736</y><time>05-11-20 14:04:25:396</time></pt><pt><x>305</x><y>116</y><time>undefined</time></pt><pt><x>4283</x><y>116</y><time>undefined</time></pt><closed_date>05-11-20 14:04:25:396</closed_date></polygon></object></annotation>