<annotation><filename>m2_s01_001_p_ic091.jpg</filename><folder>users/joselusava//santiago</folder><source><submittedBy>Jose Saca</submittedBy></source><imagesize><nrows>2850</nrows><ncols>4271</ncols></imagesize><object><name>m2_s01_001_p_ic091</name><deleted>0</deleted><verified>0</verified><occluded>no</occluded><attributes></attributes><parts><hasparts></hasparts><ispartof></ispartof></parts><date>19-09-20 10:45:08:940</date><id>0</id><type>bounding_box</type><polygon><username>anonymous</username><pt><x>1093</x><y>532</y><time>19-09-20 10:44:58:229</time></pt><pt><x>3193</x><y>532</y><time>19-09-20 10:45:00:352</time></pt><pt><x>3193</x><y>2603</y><time>undefined</time></pt><pt><x>1093</x><y>2603</y><time>undefined</time></pt><closed_date>19-09-20 10:45:00:353</closed_date></polygon></object></annotation>