<annotation><filename>m3_s01_013_p_nic032.jpg</filename><folder>users/joselusava//valeria/m03_s01_13_nic</folder><source><submittedBy>Jose Saca</submittedBy></source><imagesize><nrows>2970</nrows><ncols>4451</ncols></imagesize><object><name>m3_s01_013_p_nic032</name><deleted>0</deleted><verified>0</verified><occluded>no</occluded><attributes></attributes><parts><hasparts></hasparts><ispartof></ispartof></parts><date>06-11-20 21:22:54:521</date><id>0</id><type>bounding_box</type><polygon><username>anonymous</username><pt><x>2399</x><y>2839</y><time>06-11-20 21:22:47:811</time></pt><pt><x>126</x><y>2839</y><time>06-11-20 21:22:50:117</time></pt><pt><x>126</x><y>291</y><time>undefined</time></pt><pt><x>2399</x><y>291</y><time>undefined</time></pt><closed_date>06-11-20 21:22:50:118</closed_date></polygon></object></annotation>