<annotation><filename>m1_s01_017_p_ic002.jpg</filename><folder>users/joselusava//santiago</folder><source><submittedBy>Jose Saca</submittedBy></source><imagesize><nrows>2000</nrows><ncols>2992</ncols></imagesize><object><name>m1_s01_017_p_ic002</name><deleted>0</deleted><verified>0</verified><occluded>no</occluded><attributes></attributes><parts><hasparts></hasparts><ispartof></ispartof></parts><date>10-09-20 13:38:55:341</date><id>0</id><type>bounding_box</type><polygon><username>anonymous</username><pt><x>945</x><y>727</y><time>10-09-20 13:38:45:781</time></pt><pt><x>1960</x><y>727</y><time>10-09-20 13:38:47:708</time></pt><pt><x>1960</x><y>1280</y><time>undefined</time></pt><pt><x>945</x><y>1280</y><time>undefined</time></pt><closed_date>10-09-20 13:38:47:708</closed_date></polygon></object></annotation>