<annotation><filename>m1_s01_021_p_ic090.jpg</filename><folder>users/joselusava//santiago</folder><source><submittedBy>Jose Saca</submittedBy></source><imagesize><nrows>3200</nrows><ncols>4800</ncols></imagesize><object><name>m1_s01_021_p_ic090</name><deleted>0</deleted><verified>0</verified><occluded>no</occluded><attributes></attributes><parts><hasparts></hasparts><ispartof></ispartof></parts><date>15-09-20 00:16:54:817</date><id>0</id><type>bounding_box</type><polygon><username>anonymous</username><pt><x>1332</x><y>1015</y><time>15-09-20 00:16:46:459</time></pt><pt><x>2739</x><y>1015</y><time>15-09-20 00:16:48:869</time></pt><pt><x>2739</x><y>2685</y><time>undefined</time></pt><pt><x>1332</x><y>2685</y><time>undefined</time></pt><closed_date>15-09-20 00:16:48:871</closed_date></polygon></object></annotation>