<annotation><filename>m4_s05_052_p_nic005.jpg</filename><folder>users/joselusava//santiago_2</folder><source><submittedBy>Jose Saca</submittedBy></source><imagesize><nrows>2910</nrows><ncols>4361</ncols></imagesize><object><name>m4_s05_052_p_nic005</name><deleted>0</deleted><verified>0</verified><occluded>no</occluded><attributes></attributes><parts><hasparts></hasparts><ispartof></ispartof></parts><date>07-10-20 23:42:56:635</date><id>0</id><type>bounding_box</type><polygon><username>anonymous</username><pt><x>2456</x><y>579</y><time>07-10-20 23:42:53:589</time></pt><pt><x>3939</x><y>579</y><time>07-10-20 23:42:54:741</time></pt><pt><x>3939</x><y>2037</y><time>undefined</time></pt><pt><x>2456</x><y>2037</y><time>undefined</time></pt><closed_date>07-10-20 23:42:54:742</closed_date></polygon></object></annotation>