<annotation><filename>m2_s02_129_p_nic036.jpg</filename><folder>users/joselusava//m2_jsv/129/nic</folder><source><submittedBy>Jose Saca</submittedBy></source><imagesize><nrows>2910</nrows><ncols>4361</ncols></imagesize><object><name>m2_s02_129_p_nic036</name><deleted>0</deleted><verified>0</verified><occluded>no</occluded><attributes></attributes><parts><hasparts></hasparts><ispartof></ispartof></parts><date>24-09-20 19:59:47:592</date><id>0</id><type>bounding_box</type><polygon><username>anonymous</username><pt><x>3943</x><y>2846</y><time>24-09-20 19:59:45:708</time></pt><pt><x>2942</x><y>2846</y><time>24-09-20 19:59:46:914</time></pt><pt><x>2942</x><y>1741</y><time>undefined</time></pt><pt><x>3943</x><y>1741</y><time>undefined</time></pt><closed_date>24-09-20 19:59:46:914</closed_date></polygon></object></annotation>