<annotation><filename>m1_s01_021_p_nic013.jpg</filename><folder>users/joselusava//santiago</folder><source><submittedBy>Jose Saca</submittedBy></source><imagesize><nrows>3200</nrows><ncols>4800</ncols></imagesize><object><name>m1_s01_021_p_nic013</name><deleted>0</deleted><verified>0</verified><occluded>no</occluded><attributes></attributes><parts><hasparts></hasparts><ispartof></ispartof></parts><date>15-09-20 15:19:40:632</date><id>0</id><type>bounding_box</type><polygon><username>anonymous</username><pt><x>446</x><y>1008</y><time>15-09-20 15:19:33:368</time></pt><pt><x>1101</x><y>1008</y><time>15-09-20 15:19:34:830</time></pt><pt><x>1101</x><y>1739</y><time>undefined</time></pt><pt><x>446</x><y>1739</y><time>undefined</time></pt><closed_date>15-09-20 15:19:34:832</closed_date></polygon></object></annotation>