<annotation><filename>m4_s05_052_p_ic015.jpg</filename><folder>users/joselusava//santiago_2</folder><source><submittedBy>Jose Saca</submittedBy></source><imagesize><nrows>2910</nrows><ncols>4361</ncols></imagesize><object><name>m4_s05_052_p_ic015</name><deleted>0</deleted><verified>0</verified><occluded>no</occluded><attributes></attributes><parts><hasparts></hasparts><ispartof></ispartof></parts><date>07-10-20 16:25:27:520</date><id>0</id><type>bounding_box</type><polygon><username>anonymous</username><pt><x>1355</x><y>527</y><time>07-10-20 16:25:23:748</time></pt><pt><x>3010</x><y>527</y><time>07-10-20 16:25:25:509</time></pt><pt><x>3010</x><y>2474</y><time>undefined</time></pt><pt><x>1355</x><y>2474</y><time>undefined</time></pt><closed_date>07-10-20 16:25:25:510</closed_date></polygon></object></annotation>