<annotation><filename>m3_s01_013_p_ic092.jpg</filename><folder>users/joselusava//valeria/m03_s01_13_ic</folder><source><submittedBy>Jose Saca</submittedBy></source><imagesize><nrows>2970</nrows><ncols>4451</ncols></imagesize><object><name>m3_s01_013_p_ic091</name><deleted>0</deleted><verified>0</verified><occluded>no</occluded><attributes></attributes><parts><hasparts></hasparts><ispartof></ispartof></parts><date>01-11-20 09:44:34:396</date><id>0</id><type>bounding_box</type><polygon><username>anonymous</username><pt><x>3918</x><y>2833</y><time>01-11-20 09:44:25:726</time></pt><pt><x>691</x><y>2833</y><time>01-11-20 09:44:29:801</time></pt><pt><x>691</x><y>120</y><time>undefined</time></pt><pt><x>3918</x><y>120</y><time>undefined</time></pt><closed_date>01-11-20 09:44:29:802</closed_date></polygon></object></annotation>