<annotation><filename>m2_s01_058_p_nic051.jpg</filename><folder>users/joselusava//m2_jsv/58/nic</folder><source><submittedBy>Jose Saca</submittedBy></source><imagesize><nrows>2850</nrows><ncols>4271</ncols></imagesize><object><name>m2_s01_058_p_nic051</name><deleted>0</deleted><verified>0</verified><occluded>no</occluded><attributes></attributes><parts><hasparts></hasparts><ispartof></ispartof></parts><date>29-09-20 23:08:49:979</date><id>0</id><type>bounding_box</type><polygon><username>anonymous</username><pt><x>4058</x><y>2719</y><time>29-09-20 23:08:48:432</time></pt><pt><x>2353</x><y>2719</y><time>29-09-20 23:08:49:469</time></pt><pt><x>2353</x><y>1458</y><time>undefined</time></pt><pt><x>4058</x><y>1458</y><time>undefined</time></pt><closed_date>29-09-20 23:08:49:470</closed_date></polygon></object></annotation>