<annotation><filename>m2_s01_034_p_ic004.jpg</filename><folder>users/joselusava//kath</folder><source><submittedBy>Jose Saca</submittedBy></source><imagesize><nrows>2850</nrows><ncols>4271</ncols></imagesize><object><name>m2_s01_034_p_ic004</name><deleted>0</deleted><verified>0</verified><occluded>no</occluded><attributes></attributes><parts><hasparts></hasparts><ispartof></ispartof></parts><date>23-09-20 21:56:58:506</date><id>0</id><type>bounding_box</type><polygon><username>anonymous</username><pt><x>1453</x><y>533</y><time>23-09-20 21:56:22:105</time></pt><pt><x>2752</x><y>533</y><time>23-09-20 21:56:36:425</time></pt><pt><x>2752</x><y>2745</y><time>undefined</time></pt><pt><x>1453</x><y>2745</y><time>undefined</time></pt><closed_date>23-09-20 21:56:36:426</closed_date></polygon></object></annotation>