<annotation><filename>m2_s01_032_p_nic039.jpg</filename><folder>users/joselusava//santiago_2</folder><source><submittedBy>Jose Saca</submittedBy></source><imagesize><nrows>2850</nrows><ncols>4271</ncols></imagesize><object><name>m2_s01_032_p_nic039</name><deleted>0</deleted><verified>0</verified><occluded>no</occluded><attributes></attributes><parts><hasparts></hasparts><ispartof></ispartof></parts><date>30-09-20 20:41:20:024</date><id>0</id><type>bounding_box</type><polygon><username>anonymous</username><pt><x>1120</x><y>1340</y><time>30-09-20 20:41:16:678</time></pt><pt><x>1981</x><y>1340</y><time>30-09-20 20:41:17:442</time></pt><pt><x>1981</x><y>2409</y><time>undefined</time></pt><pt><x>1120</x><y>2409</y><time>undefined</time></pt><closed_date>30-09-20 20:41:17:443</closed_date></polygon></object></annotation>