<annotation><filename>m3_s01_010_p_nic086.jpg</filename><folder>users/joselusava//m4_js/m3/10/nic</folder><source><submittedBy>Jose Saca</submittedBy></source><imagesize><nrows>2970</nrows><ncols>4451</ncols></imagesize><object><name>m3_s01_010_p_nic086</name><deleted>0</deleted><verified>0</verified><occluded>no</occluded><attributes></attributes><parts><hasparts></hasparts><ispartof></ispartof></parts><date>29-10-20 14:44:02:940</date><id>0</id><type>bounding_box</type><polygon><username>anonymous</username><pt><x>104</x><y>2888</y><time>29-10-20 14:44:00:706</time></pt><pt><x>3478</x><y>2888</y><time>29-10-20 14:44:02:351</time></pt><pt><x>3478</x><y>559</y><time>undefined</time></pt><pt><x>104</x><y>559</y><time>undefined</time></pt><closed_date>29-10-20 14:44:02:351</closed_date></polygon></object></annotation>