<annotation><filename>m4_s05_060_p_ic047.jpg</filename><folder>users/joselusava//m4_js/60/ic</folder><source><submittedBy>Jose Saca</submittedBy></source><imagesize><nrows>2910</nrows><ncols>4361</ncols></imagesize><object><name>m4_s05_060_p_ic047</name><deleted>0</deleted><verified>0</verified><occluded>no</occluded><attributes></attributes><parts><hasparts></hasparts><ispartof></ispartof></parts><date>13-10-20 15:51:21:032</date><id>0</id><type>bounding_box</type><polygon><username>anonymous</username><pt><x>3752</x><y>2194</y><time>13-10-20 15:51:19:263</time></pt><pt><x>357</x><y>2194</y><time>13-10-20 15:51:20:386</time></pt><pt><x>357</x><y>400</y><time>undefined</time></pt><pt><x>3752</x><y>400</y><time>undefined</time></pt><closed_date>13-10-20 15:51:20:386</closed_date></polygon></object></annotation>