<annotation><filename>m4_s02_015_p_ic002.jpg</filename><folder>users/joselusava//m4_js/15ic</folder><source><submittedBy>Jose Saca</submittedBy></source><imagesize><nrows>2910</nrows><ncols>4361</ncols></imagesize><object><name>m4_s02_015_p_ic002</name><deleted>0</deleted><verified>0</verified><occluded>no</occluded><attributes></attributes><parts><hasparts></hasparts><ispartof></ispartof></parts><date>03-10-20 19:06:50:057</date><id>0</id><type>bounding_box</type><polygon><username>anonymous</username><pt><x>3090</x><y>2220</y><time>03-10-20 19:06:46:797</time></pt><pt><x>1523</x><y>2220</y><time>03-10-20 19:06:49:357</time></pt><pt><x>1523</x><y>435</y><time>undefined</time></pt><pt><x>3090</x><y>435</y><time>undefined</time></pt><closed_date>03-10-20 19:06:49:358</closed_date></polygon></object></annotation>