<annotation><filename>m1_s02_065_p_nic013.jpg</filename><folder>users/joselusava//valeria/sala2_065_nic</folder><source><submittedBy>Jose Saca</submittedBy></source><imagesize><nrows>2000</nrows><ncols>2992</ncols></imagesize><object><name>m1_s02_065_p_nic013</name><deleted>0</deleted><verified>0</verified><occluded>no</occluded><attributes></attributes><parts><hasparts></hasparts><ispartof></ispartof></parts><date>27-08-20 22:00:21:713</date><id>0</id><type>bounding_box</type><polygon><username>anonymous</username><pt><x>1564</x><y>1262</y><time>27-08-20 22:00:15:515</time></pt><pt><x>17</x><y>1262</y><time>27-08-20 22:00:18:711</time></pt><pt><x>17</x><y>651</y><time>undefined</time></pt><pt><x>1564</x><y>651</y><time>undefined</time></pt><closed_date>27-08-20 22:00:18:712</closed_date></polygon></object></annotation>