<annotation><filename>m4_s10_157_p_ic085.jpg</filename><folder>users/joselusava//valeria/m04_s10_157_ic</folder><source><submittedBy>Jose Saca</submittedBy></source><imagesize><nrows>2970</nrows><ncols>4451</ncols></imagesize><object><name>m4_s10_157_p_ic085</name><deleted>0</deleted><verified>0</verified><occluded>no</occluded><attributes></attributes><parts><hasparts></hasparts><ispartof></ispartof></parts><date>12-10-20 18:17:13:560</date><id>0</id><type>bounding_box</type><polygon><username>anonymous</username><pt><x>1299</x><y>2734</y><time>12-10-20 18:17:08:694</time></pt><pt><x>3465</x><y>2734</y><time>12-10-20 18:17:10:327</time></pt><pt><x>3465</x><y>354</y><time>undefined</time></pt><pt><x>1299</x><y>354</y><time>undefined</time></pt><closed_date>12-10-20 18:17:10:328</closed_date></polygon></object></annotation>