<annotation><filename>m2_s01_058_p_ic003.jpg</filename><folder>users/joselusava//m2_jsv/58/ic</folder><source><submittedBy>Jose Saca</submittedBy></source><imagesize><nrows>2850</nrows><ncols>4271</ncols></imagesize><object><name>m2_s01_058_p_ic003</name><deleted>0</deleted><verified>0</verified><occluded>no</occluded><attributes></attributes><parts><hasparts></hasparts><ispartof></ispartof></parts><date>29-09-20 12:59:08:860</date><id>0</id><type>bounding_box</type><polygon><username>anonymous</username><pt><x>263</x><y>161</y><time>29-09-20 12:59:04:607</time></pt><pt><x>4152</x><y>161</y><time>29-09-20 12:59:07:051</time></pt><pt><x>4152</x><y>2785</y><time>undefined</time></pt><pt><x>263</x><y>2785</y><time>undefined</time></pt><closed_date>29-09-20 12:59:07:051</closed_date></polygon></object></annotation>