<annotation><filename>m4_s10_154_p_ic049.jpg</filename><folder>users/joselusava//valeria/m04_s10_154_ic</folder><source><submittedBy>Jose Saca</submittedBy></source><imagesize><nrows>2970</nrows><ncols>4451</ncols></imagesize><object><name>m4_s10_154_p_ic049</name><deleted>0</deleted><verified>0</verified><occluded>no</occluded><attributes></attributes><parts><hasparts></hasparts><ispartof></ispartof></parts><date>13-10-20 22:11:01:893</date><id>0</id><type>bounding_box</type><polygon><username>anonymous</username><pt><x>1142</x><y>2622</y><time>13-10-20 22:10:55:591</time></pt><pt><x>3256</x><y>2622</y><time>13-10-20 22:10:57:883</time></pt><pt><x>3256</x><y>103</y><time>undefined</time></pt><pt><x>1142</x><y>103</y><time>undefined</time></pt><closed_date>13-10-20 22:10:57:886</closed_date></polygon></object></annotation>