<annotation><filename>m2_s01_010_p_nic053.jpg</filename><folder>users/joselusava//santiago</folder><source><submittedBy>Jose Saca</submittedBy></source><imagesize><nrows>2850</nrows><ncols>4271</ncols></imagesize><object><name>m2_s01_010_p_nic053</name><deleted>0</deleted><verified>0</verified><occluded>no</occluded><attributes></attributes><parts><hasparts></hasparts><ispartof></ispartof></parts><date>22-09-20 20:50:19:820</date><id>0</id><type>bounding_box</type><polygon><username>anonymous</username><pt><x>2343</x><y>1590</y><time>22-09-20 20:50:16:340</time></pt><pt><x>3267</x><y>1590</y><time>22-09-20 20:50:17:134</time></pt><pt><x>3267</x><y>2491</y><time>undefined</time></pt><pt><x>2343</x><y>2491</y><time>undefined</time></pt><closed_date>22-09-20 20:50:17:135</closed_date></polygon></object></annotation>