<annotation><filename>m2_s07_264_p_ic008.jpg</filename><folder>users/joselusava//valeria/sala7_264_ic</folder><source><submittedBy>Jose Saca</submittedBy></source><imagesize><nrows>2910</nrows><ncols>4361</ncols></imagesize><object><name>m2_s07_264_p_ic008</name><deleted>0</deleted><verified>0</verified><occluded>no</occluded><attributes></attributes><parts><hasparts></hasparts><ispartof></ispartof></parts><date>22-09-20 17:52:19:153</date><id>0</id><type>bounding_box</type><polygon><username>anonymous</username><pt><x>2932</x><y>2508</y><time>22-09-20 17:52:12:892</time></pt><pt><x>1290</x><y>2508</y><time>22-09-20 17:52:15:913</time></pt><pt><x>1290</x><y>397</y><time>undefined</time></pt><pt><x>2932</x><y>397</y><time>undefined</time></pt><closed_date>22-09-20 17:52:15:914</closed_date></polygon></object></annotation>