<annotation><filename>m2_s02_129_p_ic015.jpg</filename><folder>users/joselusava//m2_jsv/129/ic</folder><source><submittedBy>Jose Saca</submittedBy></source><imagesize><nrows>2910</nrows><ncols>4361</ncols></imagesize><object><name>m2_s02_129_p_ic015</name><deleted>0</deleted><verified>0</verified><occluded>no</occluded><attributes></attributes><parts><hasparts></hasparts><ispartof></ispartof></parts><date>24-09-20 15:14:47:869</date><id>0</id><type>bounding_box</type><polygon><username>anonymous</username><pt><x>2820</x><y>2002</y><time>24-09-20 15:14:45:925</time></pt><pt><x>1410</x><y>2002</y><time>24-09-20 15:14:47:210</time></pt><pt><x>1410</x><y>548</y><time>undefined</time></pt><pt><x>2820</x><y>548</y><time>undefined</time></pt><closed_date>24-09-20 15:14:47:210</closed_date></polygon></object></annotation>