<annotation><filename>m1_s01_001_p_nic078.jpg</filename><folder>users/joselusava//juancarlos</folder><source><submittedBy>Jose Saca</submittedBy></source><imagesize><nrows>3200</nrows><ncols>4800</ncols></imagesize><object><name>m1_s01_001_p_nic078</name><deleted>0</deleted><verified>0</verified><occluded>no</occluded><attributes></attributes><parts><hasparts></hasparts><ispartof></ispartof></parts><date>11-09-20 12:01:15:723</date><id>0</id><type>bounding_box</type><polygon><username>anonymous</username><pt><x>2130</x><y>1581</y><time>11-09-20 12:01:05:118</time></pt><pt><x>3821</x><y>1581</y><time>11-09-20 12:01:08:306</time></pt><pt><x>3821</x><y>2662</y><time>undefined</time></pt><pt><x>2130</x><y>2662</y><time>undefined</time></pt><closed_date>11-09-20 12:01:08:307</closed_date></polygon></object></annotation>