<annotation><filename>m2_s01_056_p_ic086.jpg</filename><folder>users/joselusava//m2_jsv/56/ic</folder><source><submittedBy>Jose Saca</submittedBy></source><imagesize><nrows>2850</nrows><ncols>4271</ncols></imagesize><object><name>m2_s01_056_p_ic086</name><deleted>0</deleted><verified>0</verified><occluded>no</occluded><attributes></attributes><parts><hasparts></hasparts><ispartof></ispartof></parts><date>28-09-20 21:54:42:776</date><id>0</id><type>bounding_box</type><polygon><username>anonymous</username><pt><x>2845</x><y>2242</y><time>28-09-20 21:54:40:719</time></pt><pt><x>1308</x><y>2242</y><time>28-09-20 21:54:42:166</time></pt><pt><x>1308</x><y>459</y><time>undefined</time></pt><pt><x>2845</x><y>459</y><time>undefined</time></pt><closed_date>28-09-20 21:54:42:166</closed_date></polygon></object></annotation>