<annotation><filename>m4_s04_045_p_nic091.jpg</filename><folder>users/joselusava//valeria/m04_s04_45_nic</folder><source><submittedBy>Jose Saca</submittedBy></source><imagesize><nrows>2970</nrows><ncols>4451</ncols></imagesize><object><name>m4_s04_045_p_nic091</name><deleted>0</deleted><verified>0</verified><occluded>no</occluded><attributes></attributes><parts><hasparts></hasparts><ispartof></ispartof></parts><date>20-10-20 15:48:53:994</date><id>0</id><type>bounding_box</type><polygon><username>anonymous</username><pt><x>3507</x><y>1908</y><time>20-10-20 15:48:49:214</time></pt><pt><x>3952</x><y>1908</y><time>20-10-20 15:48:50:934</time></pt><pt><x>3952</x><y>1159</y><time>undefined</time></pt><pt><x>3507</x><y>1159</y><time>undefined</time></pt><closed_date>20-10-20 15:48:50:935</closed_date></polygon></object></annotation>