<annotation><filename>m4_s05_055_p_ic076.jpg</filename><folder>users/joselusava//valeria/m4_s05_055_ic</folder><source><submittedBy>Jose Saca</submittedBy></source><imagesize><nrows>2910</nrows><ncols>4361</ncols></imagesize><object><name>m4_s05_055_p_ic076</name><deleted>0</deleted><verified>0</verified><occluded>no</occluded><attributes></attributes><parts><hasparts></hasparts><ispartof></ispartof></parts><date>09-10-20 13:32:43:850</date><id>0</id><type>bounding_box</type><polygon><username>anonymous</username><pt><x>1317</x><y>573</y><time>09-10-20 13:32:38:277</time></pt><pt><x>3147</x><y>573</y><time>09-10-20 13:32:40:344</time></pt><pt><x>3147</x><y>2486</y><time>undefined</time></pt><pt><x>1317</x><y>2486</y><time>undefined</time></pt><closed_date>09-10-20 13:32:40:345</closed_date></polygon></object></annotation>