<annotation><filename>m3_s01_006_x.jpg</filename><folder>users/joselusava//kath/m3_x</folder><source><submittedBy>Jose Saca</submittedBy></source><imagesize><nrows>2970</nrows><ncols>4451</ncols></imagesize><object><name>m3_s01_006_x</name><deleted>0</deleted><verified>0</verified><occluded>no</occluded><attributes></attributes><parts><hasparts></hasparts><ispartof></ispartof></parts><date>08-11-20 12:27:39:926</date><id>0</id><type>bounding_box</type><polygon><username>anonymous</username><pt><x>428</x><y>2379</y><time>08-11-20 12:27:34:471</time></pt><pt><x>4143</x><y>2379</y><time>08-11-20 12:27:36:053</time></pt><pt><x>4143</x><y>408</y><time>undefined</time></pt><pt><x>428</x><y>408</y><time>undefined</time></pt><closed_date>08-11-20 12:27:36:054</closed_date></polygon></object></annotation>