<annotation><filename>m1_s06_168_p_nic035.jpg</filename><folder>users/joselusava//jacob_2/168nic</folder><source><submittedBy>Jose Saca</submittedBy></source><imagesize><nrows>2736</nrows><ncols>4100</ncols></imagesize><object><name>m1_s06_168_p_nic035</name><deleted>0</deleted><verified>0</verified><occluded>no</occluded><attributes></attributes><parts><hasparts></hasparts><ispartof></ispartof></parts><date>08-09-20 23:11:35:565</date><id>0</id><type>bounding_box</type><polygon><username>anonymous</username><pt><x>892</x><y>319</y><time>08-09-20 23:11:33:443</time></pt><pt><x>1792</x><y>319</y><time>08-09-20 23:11:35:078</time></pt><pt><x>1792</x><y>1890</y><time>undefined</time></pt><pt><x>892</x><y>1890</y><time>undefined</time></pt><closed_date>08-09-20 23:11:35:078</closed_date></polygon></object></annotation>