<annotation><filename>m4_s10_164_p_nic012.jpg</filename><folder>users/joselusava//santiago_2</folder><source><submittedBy>Jose Saca</submittedBy></source><imagesize><nrows>2970</nrows><ncols>4451</ncols></imagesize><object><name>m4_s10_164_p_nic012</name><deleted>0</deleted><verified>0</verified><occluded>no</occluded><attributes></attributes><parts><hasparts></hasparts><ispartof></ispartof></parts><date>13-10-20 23:42:34:120</date><id>0</id><type>bounding_box</type><polygon><username>anonymous</username><pt><x>732</x><y>282</y><time>13-10-20 23:42:31:393</time></pt><pt><x>1349</x><y>282</y><time>13-10-20 23:42:32:304</time></pt><pt><x>1349</x><y>1042</y><time>undefined</time></pt><pt><x>732</x><y>1042</y><time>undefined</time></pt><closed_date>13-10-20 23:42:32:304</closed_date></polygon></object></annotation>