<annotation><filename>m4_s05_052_p_nic018.jpg</filename><folder>users/joselusava//santiago_2</folder><source><submittedBy>Jose Saca</submittedBy></source><imagesize><nrows>2910</nrows><ncols>4361</ncols></imagesize><object><name>m4_s05_052_p_nic018</name><deleted>0</deleted><verified>0</verified><occluded>no</occluded><attributes></attributes><parts><hasparts></hasparts><ispartof></ispartof></parts><date>07-10-20 23:52:09:877</date><id>0</id><type>bounding_box</type><polygon><username>anonymous</username><pt><x>350</x><y>291</y><time>07-10-20 23:52:07:078</time></pt><pt><x>1878</x><y>291</y><time>07-10-20 23:52:08:097</time></pt><pt><x>1878</x><y>1881</y><time>undefined</time></pt><pt><x>350</x><y>1881</y><time>undefined</time></pt><closed_date>07-10-20 23:52:08:097</closed_date></polygon></object></annotation>