<annotation><filename>m2_s07_264_p_nic039.jpg</filename><folder>users/joselusava//valeria/sala7_264_nic</folder><source><submittedBy>Jose Saca</submittedBy></source><imagesize><nrows>2910</nrows><ncols>4361</ncols></imagesize><object><name>m2_s07_264_p_nic039</name><deleted>0</deleted><verified>0</verified><occluded>no</occluded><attributes></attributes><parts><hasparts></hasparts><ispartof></ispartof></parts><date>23-09-20 20:06:05:090</date><id>0</id><type>bounding_box</type><polygon><username>anonymous</username><pt><x>226</x><y>2508</y><time>23-09-20 20:05:59:363</time></pt><pt><x>1483</x><y>2508</y><time>23-09-20 20:06:01:738</time></pt><pt><x>1483</x><y>612</y><time>undefined</time></pt><pt><x>226</x><y>612</y><time>undefined</time></pt><closed_date>23-09-20 20:06:01:739</closed_date></polygon></object></annotation>