<annotation><filename>m2_s01_055_x.jpg</filename><folder>users/joselusava//juancarlos</folder><source><submittedBy>Jose Saca</submittedBy></source><imagesize><nrows>2850</nrows><ncols>4271</ncols></imagesize><object><name>m2_s01_055_x</name><deleted>0</deleted><verified>0</verified><occluded>no</occluded><attributes></attributes><parts><hasparts></hasparts><ispartof></ispartof></parts><date>28-09-20 11:12:58:222</date><id>0</id><type>bounding_box</type><polygon><username>anonymous</username><pt><x>1498</x><y>460</y><time>28-09-20 11:12:46:946</time></pt><pt><x>2763</x><y>460</y><time>28-09-20 11:12:52:476</time></pt><pt><x>2763</x><y>2285</y><time>undefined</time></pt><pt><x>1498</x><y>2285</y><time>undefined</time></pt><closed_date>28-09-20 11:12:52:478</closed_date></polygon></object></annotation>