<annotation><filename>m1_s10_294_x.jpg</filename><folder>users/joselusava//santiago</folder><source><submittedBy>Jose Saca</submittedBy></source><imagesize><nrows>3200</nrows><ncols>4800</ncols></imagesize><object><name>m1_s10_294_x</name><deleted>0</deleted><verified>0</verified><occluded>no</occluded><attributes></attributes><parts><hasparts></hasparts><ispartof></ispartof></parts><date>28-08-20 16:39:32:727</date><id>0</id><type>bounding_box</type><polygon><username>anonymous</username><pt><x>1418</x><y>324</y><time>28-08-20 16:39:23:408</time></pt><pt><x>3420</x><y>324</y><time>28-08-20 16:39:25:506</time></pt><pt><x>3420</x><y>2865</y><time>undefined</time></pt><pt><x>1418</x><y>2865</y><time>undefined</time></pt><closed_date>28-08-20 16:39:25:508</closed_date></polygon></object></annotation>