<annotation><filename>m2_s02_085_p_nic045.jpg</filename><folder>users/joselusava//m2_jsv/85/nic</folder><source><submittedBy>Jose Saca</submittedBy></source><imagesize><nrows>2910</nrows><ncols>4361</ncols></imagesize><object><name>m2_s02_085_p_nic045</name><deleted>0</deleted><verified>0</verified><occluded>no</occluded><attributes></attributes><parts><hasparts></hasparts><ispartof></ispartof></parts><date>19-09-20 22:42:39:377</date><id>0</id><type>bounding_box</type><polygon><username>anonymous</username><pt><x>322</x><y>870</y><time>19-09-20 22:42:37:787</time></pt><pt><x>1428</x><y>870</y><time>19-09-20 22:42:38:838</time></pt><pt><x>1428</x><y>2107</y><time>undefined</time></pt><pt><x>322</x><y>2107</y><time>undefined</time></pt><closed_date>19-09-20 22:42:38:838</closed_date></polygon></object></annotation>