<annotation><filename>m4_s10_154_p_ic077.jpg</filename><folder>users/joselusava//valeria/m04_s10_154_ic</folder><source><submittedBy>Jose Saca</submittedBy></source><imagesize><nrows>2970</nrows><ncols>4451</ncols></imagesize><object><name>m4_s10_154_p_ic077</name><deleted>0</deleted><verified>0</verified><occluded>no</occluded><attributes></attributes><parts><hasparts></hasparts><ispartof></ispartof></parts><date>13-10-20 22:53:31:928</date><id>0</id><type>bounding_box</type><polygon><username>anonymous</username><pt><x>1171</x><y>2679</y><time>13-10-20 22:53:26:768</time></pt><pt><x>3027</x><y>2679</y><time>13-10-20 22:53:28:526</time></pt><pt><x>3027</x><y>446</y><time>undefined</time></pt><pt><x>1171</x><y>446</y><time>undefined</time></pt><closed_date>13-10-20 22:53:28:527</closed_date></polygon></object></annotation>