<annotation><filename>m4_s04_047_p_nic021.jpg</filename><folder>users/joselusava//kath/kath_m4_047/nic</folder><source><submittedBy>Jose Saca</submittedBy></source><imagesize><nrows>2970</nrows><ncols>4451</ncols></imagesize><object><name>m4_s04_047_p_nic021</name><deleted>0</deleted><verified>0</verified><occluded>no</occluded><attributes></attributes><parts><hasparts></hasparts><ispartof></ispartof></parts><date>24-10-20 18:31:26:261</date><id>0</id><type>bounding_box</type><polygon><username>anonymous</username><pt><x>186</x><y>163</y><time>24-10-20 18:31:17:012</time></pt><pt><x>1634</x><y>163</y><time>24-10-20 18:31:20:512</time></pt><pt><x>1634</x><y>2933</y><time>undefined</time></pt><pt><x>186</x><y>2933</y><time>undefined</time></pt><closed_date>24-10-20 18:31:20:513</closed_date></polygon></object></annotation>