<annotation><filename>m4_s11_176_p_ic049.jpg</filename><folder>users/joselusava//m4_js/176/ic</folder><source><submittedBy>Jose Saca</submittedBy></source><imagesize><nrows>2970</nrows><ncols>4451</ncols></imagesize><object><name>m4_s11_176_p_ic049</name><deleted>0</deleted><verified>0</verified><occluded>no</occluded><attributes></attributes><parts><hasparts></hasparts><ispartof></ispartof></parts><date>15-10-20 09:45:05:568</date><id>0</id><type>bounding_box</type><polygon><username>anonymous</username><pt><x>2870</x><y>2648</y><time>15-10-20 09:45:03:866</time></pt><pt><x>1048</x><y>2648</y><time>15-10-20 09:45:04:913</time></pt><pt><x>1048</x><y>862</y><time>undefined</time></pt><pt><x>2870</x><y>862</y><time>undefined</time></pt><closed_date>15-10-20 09:45:04:913</closed_date></polygon></object></annotation>