<annotation><filename>m1_s10_272_x.jpg</filename><folder>users/joselusava//santiago</folder><source><submittedBy>Jose Saca</submittedBy></source><imagesize><nrows>3200</nrows><ncols>4800</ncols></imagesize><object><name>m1_s10_272_x</name><deleted>0</deleted><verified>0</verified><occluded>no</occluded><attributes></attributes><parts><hasparts></hasparts><ispartof></ispartof></parts><date>28-08-20 15:04:28:763</date><id>0</id><type>bounding_box</type><polygon><username>anonymous</username><pt><x>1343</x><y>130</y><time>28-08-20 15:04:14:437</time></pt><pt><x>3182</x><y>130</y><time>28-08-20 15:04:20:429</time></pt><pt><x>3182</x><y>3031</y><time>undefined</time></pt><pt><x>1343</x><y>3031</y><time>undefined</time></pt><closed_date>28-08-20 15:04:20:429</closed_date></polygon></object></annotation>