<annotation><filename>m2_s02_129_p_ic042.jpg</filename><folder>users/joselusava//m2_jsv/129/ic</folder><source><submittedBy>Jose Saca</submittedBy></source><imagesize><nrows>2910</nrows><ncols>4361</ncols></imagesize><object><name>m2_s02_129_p_ic042</name><deleted>0</deleted><verified>0</verified><occluded>no</occluded><attributes></attributes><parts><hasparts></hasparts><ispartof></ispartof></parts><date>24-09-20 19:17:52:864</date><id>0</id><type>bounding_box</type><polygon><username>anonymous</username><pt><x>2664</x><y>2568</y><time>24-09-20 19:17:50:939</time></pt><pt><x>1193</x><y>2568</y><time>24-09-20 19:17:52:220</time></pt><pt><x>1193</x><y>1184</y><time>undefined</time></pt><pt><x>2664</x><y>1184</y><time>undefined</time></pt><closed_date>24-09-20 19:17:52:220</closed_date></polygon></object></annotation>