<annotation><filename>m2_s06_244_p_nic083.jpg</filename><folder>users/joselusava//museos2020</folder><source><submittedBy>Jose Saca</submittedBy></source><imagesize><nrows>2910</nrows><ncols>4361</ncols></imagesize><object><name>m2_s06_244_p_ic083</name><deleted>0</deleted><verified>0</verified><occluded>no</occluded><attributes></attributes><parts><hasparts></hasparts><ispartof></ispartof></parts><date>26-09-20 21:57:44:225</date><id>0</id><type>bounding_box</type><polygon><username>anonymous</username><pt><x>2152</x><y>1464</y><time>26-09-20 21:57:36:884</time></pt><pt><x>3886</x><y>1464</y><time>26-09-20 21:57:38:368</time></pt><pt><x>3886</x><y>2143</y><time>undefined</time></pt><pt><x>2152</x><y>2143</y><time>undefined</time></pt><closed_date>26-09-20 21:57:38:369</closed_date></polygon></object></annotation>