<annotation><filename>m4_s09_138_p_ic078.jpg</filename><folder>users/joselusava//santiago_2</folder><source><submittedBy>Jose Saca</submittedBy></source><imagesize><nrows>2970</nrows><ncols>4451</ncols></imagesize><object><name>m4_s09_138_p_ic078</name><deleted>0</deleted><verified>0</verified><occluded>no</occluded><attributes></attributes><parts><hasparts></hasparts><ispartof></ispartof></parts><date>22-10-20 20:51:19:864</date><id>0</id><type>bounding_box</type><polygon><username>anonymous</username><pt><x>1203</x><y>571</y><time>22-10-20 20:51:16:750</time></pt><pt><x>3862</x><y>571</y><time>22-10-20 20:51:17:935</time></pt><pt><x>3862</x><y>2317</y><time>undefined</time></pt><pt><x>1203</x><y>2317</y><time>undefined</time></pt><closed_date>22-10-20 20:51:17:935</closed_date></polygon></object></annotation>