<annotation><filename>m2_s01_058_p_ic078.jpg</filename><folder>users/joselusava//m2_jsv/58/ic</folder><source><submittedBy>Jose Saca</submittedBy></source><imagesize><nrows>2850</nrows><ncols>4271</ncols></imagesize><object><name>m2_s01_058_p_ic078</name><deleted>0</deleted><verified>0</verified><occluded>no</occluded><attributes></attributes><parts><hasparts></hasparts><ispartof></ispartof></parts><date>29-09-20 20:51:42:742</date><id>0</id><type>bounding_box</type><polygon><username>anonymous</username><pt><x>4007</x><y>94</y><time>29-09-20 20:51:39:963</time></pt><pt><x>426</x><y>94</y><time>29-09-20 20:51:41:813</time></pt><pt><x>426</x><y>2805</y><time>undefined</time></pt><pt><x>4007</x><y>2805</y><time>undefined</time></pt><closed_date>29-09-20 20:51:41:813</closed_date></polygon></object></annotation>