<annotation><filename>m4_s06_089_p_nic062.jpg</filename><folder>users/joselusava//santiago_2</folder><source><submittedBy>Jose Saca</submittedBy></source><imagesize><nrows>2970</nrows><ncols>4451</ncols></imagesize><object><name>m4_s06_089_p_nic062</name><deleted>0</deleted><verified>0</verified><occluded>no</occluded><attributes></attributes><parts><hasparts></hasparts><ispartof></ispartof></parts><date>12-10-20 21:54:25:866</date><id>0</id><type>bounding_box</type><polygon><username>anonymous</username><pt><x>2277</x><y>967</y><time>12-10-20 21:54:22:474</time></pt><pt><x>3859</x><y>967</y><time>12-10-20 21:54:23:866</time></pt><pt><x>3859</x><y>2745</y><time>undefined</time></pt><pt><x>2277</x><y>2745</y><time>undefined</time></pt><closed_date>12-10-20 21:54:23:868</closed_date></polygon></object></annotation>