<annotation><filename>m1_s06_144_p_ic022.jpg</filename><folder>users/joselusava//jacob_2/144ic</folder><source><submittedBy>Jose Saca</submittedBy></source><imagesize><nrows>2736</nrows><ncols>4100</ncols></imagesize><object><name>m1_s06_144_p_ic022</name><deleted>0</deleted><verified>0</verified><occluded>no</occluded><attributes></attributes><parts><hasparts></hasparts><ispartof></ispartof></parts><date>07-09-20 02:29:35:543</date><id>0</id><type>bounding_box</type><polygon><username>anonymous</username><pt><x>3527</x><y>2586</y><time>07-09-20 02:29:32:784</time></pt><pt><x>581</x><y>2586</y><time>07-09-20 02:29:34:679</time></pt><pt><x>581</x><y>90</y><time>undefined</time></pt><pt><x>3527</x><y>90</y><time>undefined</time></pt><closed_date>07-09-20 02:29:34:680</closed_date></polygon></object></annotation>