<annotation><filename>m1_s01_004_p_nic054.jpg</filename><folder>users/joselusava//valeria_apoyo/sala01_004_nic</folder><source><submittedBy>Jose Saca</submittedBy></source><imagesize><nrows>3200</nrows><ncols>4800</ncols></imagesize><object><name>m1_s01_004_p_nic054</name><deleted>0</deleted><verified>0</verified><occluded>no</occluded><attributes></attributes><parts><hasparts></hasparts><ispartof></ispartof></parts><date>17-09-20 15:03:04:212</date><id>0</id><type>bounding_box</type><polygon><username>anonymous</username><pt><x>2976</x><y>3067</y><time>17-09-20 15:02:57:175</time></pt><pt><x>212</x><y>3067</y><time>17-09-20 15:03:00:123</time></pt><pt><x>212</x><y>2285</y><time>undefined</time></pt><pt><x>2976</x><y>2285</y><time>undefined</time></pt><closed_date>17-09-20 15:03:00:124</closed_date></polygon></object></annotation>