<annotation><filename>m4_s04_039_p_nic076.jpg</filename><folder>users/joselusava//santiago_2</folder><source><submittedBy>Jose Saca</submittedBy></source><imagesize><nrows>2970</nrows><ncols>4451</ncols></imagesize><object><name>m4_s04_039_p_nic076</name><deleted>0</deleted><verified>0</verified><occluded>no</occluded><attributes></attributes><parts><hasparts></hasparts><ispartof></ispartof></parts><date>21-10-20 22:01:53:182</date><id>0</id><type>bounding_box</type><polygon><username>anonymous</username><pt><x>286</x><y>100</y><time>21-10-20 22:01:46:653</time></pt><pt><x>1167</x><y>100</y><time>21-10-20 22:01:47:767</time></pt><pt><x>1167</x><y>2891</y><time>undefined</time></pt><pt><x>286</x><y>2891</y><time>undefined</time></pt><closed_date>21-10-20 22:01:47:768</closed_date></polygon></object></annotation>