<annotation><filename>m4_s10_157_p_ic075.jpg</filename><folder>users/joselusava//valeria/m04_s10_157_nic</folder><source><submittedBy>Jose Saca</submittedBy></source><imagesize><nrows>2970</nrows><ncols>4451</ncols></imagesize><object><name>m4_s10_157_p_nic075</name><deleted>0</deleted><verified>0</verified><occluded>no</occluded><attributes></attributes><parts><hasparts></hasparts><ispartof></ispartof></parts><date>12-10-20 21:39:05:811</date><id>0</id><type>bounding_box</type><polygon><username>anonymous</username><pt><x>1536</x><y>2818</y><time>12-10-20 21:39:01:018</time></pt><pt><x>3206</x><y>2818</y><time>12-10-20 21:39:02:700</time></pt><pt><x>3206</x><y>788</y><time>undefined</time></pt><pt><x>1536</x><y>788</y><time>undefined</time></pt><closed_date>12-10-20 21:39:02:701</closed_date></polygon></object></annotation>