<annotation><filename>m4_s05_051_x.jpg</filename><folder>users/joselusava//kath/m4_x</folder><source><submittedBy>Jose Saca</submittedBy></source><imagesize><nrows>2910</nrows><ncols>4361</ncols></imagesize><object><name>m4_s05_051_x</name><deleted>0</deleted><verified>0</verified><occluded>no</occluded><attributes></attributes><parts><hasparts></hasparts><ispartof></ispartof></parts><date>20-10-20 09:24:11:398</date><id>0</id><polygon><username>anonymous</username><pt><x>1380</x><y>396</y><time>20-10-20 09:24:04:317</time></pt><pt><x>1238</x><y>2604</y><time>20-10-20 09:24:05:048</time></pt><pt><x>3273</x><y>2491</y><time>20-10-20 09:24:05:726</time></pt><pt><x>3075</x><y>461</y><time>20-10-20 09:24:06:920</time></pt><closed_date>20-10-20 09:24:08:176</closed_date></polygon></object></annotation>