<annotation><filename>m3_s01_013_p_ic049.jpg</filename><folder>users/joselusava//valeria/m03_s01_13_ic</folder><source><submittedBy>Jose Saca</submittedBy></source><imagesize><nrows>2970</nrows><ncols>4451</ncols></imagesize><object><name>m3_s01_013_p_ic048</name><deleted>0</deleted><verified>0</verified><occluded>no</occluded><attributes></attributes><parts><hasparts></hasparts><ispartof></ispartof></parts><date>29-10-20 13:54:13:233</date><id>0</id><type>bounding_box</type><polygon><username>anonymous</username><pt><x>3872</x><y>2759</y><time>29-10-20 13:54:05:061</time></pt><pt><x>531</x><y>2759</y><time>29-10-20 13:54:09:152</time></pt><pt><x>531</x><y>200</y><time>undefined</time></pt><pt><x>3872</x><y>200</y><time>undefined</time></pt><closed_date>29-10-20 13:54:09:153</closed_date></polygon></object></annotation>