<annotation><filename>m1_s02_036_p_ic029.jpg</filename><folder>users/joselusava//valeria/sala2_036_ic</folder><source><submittedBy>Jose Saca</submittedBy></source><imagesize><nrows>3200</nrows><ncols>4800</ncols></imagesize><object><name>m1_s01_036_p_ic029</name><deleted>0</deleted><verified>0</verified><occluded>no</occluded><attributes></attributes><parts><hasparts></hasparts><ispartof></ispartof></parts><date>23-08-20 02:04:57:110</date><id>0</id><type>bounding_box</type><polygon><username>anonymous</username><pt><x>601</x><y>274</y><time>23-08-20 02:04:49:029</time></pt><pt><x>3495</x><y>274</y><time>23-08-20 02:04:53:059</time></pt><pt><x>3495</x><y>3125</y><time>undefined</time></pt><pt><x>601</x><y>3125</y><time>undefined</time></pt><closed_date>23-08-20 02:04:53:060</closed_date></polygon></object></annotation>