<annotation><filename>m4_s09_138_p_nic030.jpg</filename><folder>users/joselusava//santiago_2</folder><source><submittedBy>Jose Saca</submittedBy></source><imagesize><nrows>2970</nrows><ncols>4451</ncols></imagesize><object><name>m4_s09_138_p_nic030</name><deleted>0</deleted><verified>0</verified><occluded>no</occluded><attributes></attributes><parts><hasparts></hasparts><ispartof></ispartof></parts><date>23-10-20 13:42:19:963</date><id>0</id><type>bounding_box</type><polygon><username>anonymous</username><pt><x>1610</x><y>900</y><time>23-10-20 13:42:16:018</time></pt><pt><x>4223</x><y>900</y><time>23-10-20 13:42:17:161</time></pt><pt><x>4223</x><y>1842</y><time>undefined</time></pt><pt><x>1610</x><y>1842</y><time>undefined</time></pt><closed_date>23-10-20 13:42:17:161</closed_date></polygon></object></annotation>