<annotation><filename>m2_s02_190_p_nic002.jpg</filename><folder>users/joselusava//m2_jsv/190/nic</folder><source><submittedBy>Jose Saca</submittedBy></source><imagesize><nrows>2910</nrows><ncols>4361</ncols></imagesize><object><name>m2_s02_190_p_nic002</name><deleted>0</deleted><verified>0</verified><occluded>no</occluded><attributes></attributes><parts><hasparts></hasparts><ispartof></ispartof></parts><date>21-09-20 14:50:25:966</date><id>0</id><type>bounding_box</type><polygon><username>anonymous</username><pt><x>4222</x><y>2237</y><time>21-09-20 14:50:24:324</time></pt><pt><x>3173</x><y>2237</y><time>21-09-20 14:50:25:401</time></pt><pt><x>3173</x><y>997</y><time>undefined</time></pt><pt><x>4222</x><y>997</y><time>undefined</time></pt><closed_date>21-09-20 14:50:25:401</closed_date></polygon></object></annotation>