<annotation><filename>m2_s01_024_p_nic083.jpg</filename><folder>users/joselusava//santiago</folder><source><submittedBy>Jose Saca</submittedBy></source><imagesize><nrows>2850</nrows><ncols>4271</ncols></imagesize><object><name>m2_s01_024_p_nic083</name><deleted>0</deleted><verified>0</verified><occluded>no</occluded><attributes></attributes><parts><hasparts></hasparts><ispartof></ispartof></parts><date>25-09-20 15:44:18:091</date><id>0</id><type>bounding_box</type><polygon><username>anonymous</username><pt><x>513</x><y>151</y><time>25-09-20 15:44:11:193</time></pt><pt><x>1407</x><y>151</y><time>25-09-20 15:44:11:866</time></pt><pt><x>1407</x><y>1404</y><time>undefined</time></pt><pt><x>513</x><y>1404</y><time>undefined</time></pt><closed_date>25-09-20 15:44:11:866</closed_date></polygon></object></annotation>