<annotation><filename>img_m1_s03-04_101_p_ic078.jpg</filename><folder>users/joselusava//valeria/sala3y4_101_ic</folder><source><submittedBy>Jose Saca</submittedBy></source><imagesize><nrows>3200</nrows><ncols>4800</ncols></imagesize><object><name>m1_s03_s04_101_p_ic078</name><deleted>0</deleted><verified>0</verified><occluded>no</occluded><attributes></attributes><parts><hasparts></hasparts><ispartof></ispartof></parts><date>29-08-20 01:31:51:159</date><id>0</id><type>bounding_box</type><polygon><username>anonymous</username><pt><x>812</x><y>485</y><time>29-08-20 01:31:37:705</time></pt><pt><x>4776</x><y>485</y><time>29-08-20 01:31:44:048</time></pt><pt><x>4776</x><y>2370</y><time>undefined</time></pt><pt><x>812</x><y>2370</y><time>undefined</time></pt><closed_date>29-08-20 01:31:44:049</closed_date></polygon></object></annotation>