<annotation><filename>m4_s10_154_p_ic007.jpg</filename><folder>users/joselusava//valeria/m04_s10_154_ic</folder><source><submittedBy>Jose Saca</submittedBy></source><imagesize><nrows>2970</nrows><ncols>4451</ncols></imagesize><object><name>m4_s10_154_p_ic007</name><deleted>0</deleted><verified>0</verified><occluded>no</occluded><attributes></attributes><parts><hasparts></hasparts><ispartof></ispartof></parts><date>13-10-20 17:09:24:178</date><id>0</id><type>bounding_box</type><polygon><username>anonymous</username><pt><x>1316</x><y>2604</y><time>13-10-20 17:09:18:403</time></pt><pt><x>2908</x><y>2604</y><time>13-10-20 17:09:20:843</time></pt><pt><x>2908</x><y>270</y><time>undefined</time></pt><pt><x>1316</x><y>270</y><time>undefined</time></pt><closed_date>13-10-20 17:09:20:843</closed_date></polygon></object></annotation>