<annotation><filename>m2_s06_250_p_ic035.jpg</filename><folder>users/joselusava//valeria/m2_sala06_250_ic</folder><source><submittedBy>Jose Saca</submittedBy></source><imagesize><nrows>2910</nrows><ncols>4361</ncols></imagesize><object><name>m2_s06_250_p_ic035</name><deleted>0</deleted><verified>0</verified><occluded>no</occluded><attributes></attributes><parts><hasparts></hasparts><ispartof></ispartof></parts><date>30-09-20 22:33:14:657</date><id>0</id><type>bounding_box</type><polygon><username>anonymous</username><pt><x>3682</x><y>2326</y><time>30-09-20 22:33:08:760</time></pt><pt><x>816</x><y>2326</y><time>30-09-20 22:33:11:130</time></pt><pt><x>816</x><y>705</y><time>undefined</time></pt><pt><x>3682</x><y>705</y><time>undefined</time></pt><closed_date>30-09-20 22:33:11:131</closed_date></polygon></object></annotation>