<annotation><filename>m1_s01_004_p_ic039.jpg</filename><folder>users/joselusava//valeria_apoyo/sala001_004ic_ok</folder><source><submittedBy>Jose Saca</submittedBy></source><imagesize><nrows>2000</nrows><ncols>2992</ncols></imagesize><object><name>m1_s01_004_p_ic039</name><deleted>0</deleted><verified>0</verified><occluded>no</occluded><attributes></attributes><parts><hasparts></hasparts><ispartof></ispartof></parts><date>15-09-20 23:25:40:798</date><id>0</id><type>bounding_box</type><polygon><username>anonymous</username><pt><x>61</x><y>1920</y><time>15-09-20 23:25:31:701</time></pt><pt><x>2951</x><y>1920</y><time>15-09-20 23:25:35:397</time></pt><pt><x>2951</x><y>432</y><time>undefined</time></pt><pt><x>61</x><y>432</y><time>undefined</time></pt><closed_date>15-09-20 23:25:35:398</closed_date></polygon></object></annotation>