<annotation><filename>m1_s02_065_p_ic088.jpg</filename><folder>users/joselusava//valeria/sala2_065_ic</folder><source><submittedBy>Jose Saca</submittedBy></source><imagesize><nrows>2000</nrows><ncols>2992</ncols></imagesize><object><name>m1_s02_065_p_ic088</name><deleted>0</deleted><verified>0</verified><occluded>no</occluded><attributes></attributes><parts><hasparts></hasparts><ispartof></ispartof></parts><date>26-08-20 01:32:41:395</date><id>0</id><type>bounding_box</type><polygon><username>anonymous</username><pt><x>97</x><y>339</y><time>26-08-20 01:32:33:417</time></pt><pt><x>2966</x><y>339</y><time>26-08-20 01:32:36:895</time></pt><pt><x>2966</x><y>1856</y><time>undefined</time></pt><pt><x>97</x><y>1856</y><time>undefined</time></pt><closed_date>26-08-20 01:32:36:896</closed_date></polygon></object></annotation>