<annotation><filename>m1_s02_036_p_nic013.jpg</filename><folder>users/joselusava//valeria/sala2_036_nic</folder><source><submittedBy>Jose Saca</submittedBy></source><imagesize><nrows>3200</nrows><ncols>4800</ncols></imagesize><object><name>m1_s02_036_p_nic013</name><deleted>0</deleted><verified>0</verified><occluded>no</occluded><attributes></attributes><parts><hasparts></hasparts><ispartof></ispartof></parts><date>26-08-20 22:24:24:620</date><id>0</id><type>bounding_box</type><polygon><username>anonymous</username><pt><x>1697</x><y>542</y><time>26-08-20 22:24:18:044</time></pt><pt><x>2427</x><y>542</y><time>26-08-20 22:24:21:168</time></pt><pt><x>2427</x><y>1664</y><time>undefined</time></pt><pt><x>1697</x><y>1664</y><time>undefined</time></pt><closed_date>26-08-20 22:24:21:169</closed_date></polygon></object></annotation>