<annotation><filename>m4_s05_052_p_nic028.jpg</filename><folder>users/joselusava//santiago_2</folder><source><submittedBy>Jose Saca</submittedBy></source><imagesize><nrows>2910</nrows><ncols>4361</ncols></imagesize><object><name>m4_s05_052_p_nic028</name><deleted>0</deleted><verified>0</verified><occluded>no</occluded><attributes></attributes><parts><hasparts></hasparts><ispartof></ispartof></parts><date>08-10-20 20:04:32:180</date><id>0</id><type>bounding_box</type><polygon><username>anonymous</username><pt><x>946</x><y>1230</y><time>08-10-20 20:04:28:015</time></pt><pt><x>2356</x><y>1230</y><time>08-10-20 20:04:29:844</time></pt><pt><x>2356</x><y>2709</y><time>undefined</time></pt><pt><x>946</x><y>2709</y><time>undefined</time></pt><closed_date>08-10-20 20:04:29:846</closed_date></polygon></object></annotation>