<annotation><filename>m4_s11_178_p_ic054.jpg</filename><folder>users/joselusava//santiago_2</folder><source><submittedBy>Jose Saca</submittedBy></source><imagesize><nrows>2970</nrows><ncols>4451</ncols></imagesize><object><name>m4_s11_178_p_ic054</name><deleted>0</deleted><verified>0</verified><occluded>no</occluded><attributes></attributes><parts><hasparts></hasparts><ispartof></ispartof></parts><date>15-10-20 21:51:17:358</date><id>0</id><type>bounding_box</type><polygon><username>anonymous</username><pt><x>1514</x><y>775</y><time>15-10-20 21:51:13:774</time></pt><pt><x>2909</x><y>775</y><time>15-10-20 21:51:15:374</time></pt><pt><x>2909</x><y>2420</y><time>undefined</time></pt><pt><x>1514</x><y>2420</y><time>undefined</time></pt><closed_date>15-10-20 21:51:15:376</closed_date></polygon></object></annotation>