<annotation><filename>m3_s01_002_p_ic037.jpg</filename><folder>users/joselusava//santiago_3</folder><source><submittedBy>Jose Saca</submittedBy></source><imagesize><nrows>2970</nrows><ncols>4451</ncols></imagesize><object><name>m3_s01_002_p_ic037</name><deleted>0</deleted><verified>0</verified><occluded>no</occluded><attributes></attributes><parts><hasparts></hasparts><ispartof></ispartof></parts><date>28-10-20 18:53:03:270</date><id>0</id><type>bounding_box</type><polygon><username>anonymous</username><pt><x>353</x><y>182</y><time>28-10-20 18:52:50:631</time></pt><pt><x>3827</x><y>182</y><time>28-10-20 18:52:54:527</time></pt><pt><x>3827</x><y>2417</y><time>undefined</time></pt><pt><x>353</x><y>2417</y><time>undefined</time></pt><closed_date>28-10-20 18:52:54:528</closed_date></polygon></object></annotation>