<annotation><filename>m2_s01_058_p_ic020.jpg</filename><folder>users/joselusava//m2_jsv/58/ic</folder><source><submittedBy>Jose Saca</submittedBy></source><imagesize><nrows>2850</nrows><ncols>4271</ncols></imagesize><object><name>m2_s01_058_p_ic020</name><deleted>0</deleted><verified>0</verified><occluded>no</occluded><attributes></attributes><parts><hasparts></hasparts><ispartof></ispartof></parts><date>29-09-20 13:05:29:310</date><id>0</id><type>bounding_box</type><polygon><username>anonymous</username><pt><x>603</x><y>119</y><time>29-09-20 13:05:27:446</time></pt><pt><x>3787</x><y>119</y><time>29-09-20 13:05:28:687</time></pt><pt><x>3787</x><y>2437</y><time>undefined</time></pt><pt><x>603</x><y>2437</y><time>undefined</time></pt><closed_date>29-09-20 13:05:28:687</closed_date></polygon></object></annotation>