<annotation><filename>m2_s03_252_p_nic073.jpg</filename><folder>users/joselusava//valeria/m2_sala03_252_nic</folder><source><submittedBy>Jose Saca</submittedBy></source><imagesize><nrows>2910</nrows><ncols>4361</ncols></imagesize><object><name>m2_s06_252_p_nic073</name><deleted>0</deleted><verified>0</verified><occluded>no</occluded><attributes></attributes><parts><hasparts></hasparts><ispartof></ispartof></parts><date>26-09-20 22:22:30:133</date><id>0</id><type>bounding_box</type><polygon><username>anonymous</username><pt><x>1334</x><y>1758</y><time>26-09-20 22:22:24:958</time></pt><pt><x>2971</x><y>1758</y><time>26-09-20 22:22:26:652</time></pt><pt><x>2971</x><y>2739</y><time>undefined</time></pt><pt><x>1334</x><y>2739</y><time>undefined</time></pt><closed_date>26-09-20 22:22:26:653</closed_date></polygon></object></annotation>