<annotation><filename>m2_s03_219_p_ic100.jpg</filename><folder>users/joselusava//valeria/m2_sala03_219_ic</folder><source><submittedBy>Jose Saca</submittedBy></source><imagesize><nrows>2910</nrows><ncols>4361</ncols></imagesize><object><name>m2_s03_219_p_ic100</name><deleted>0</deleted><verified>0</verified><occluded>no</occluded><attributes></attributes><parts><hasparts></hasparts><ispartof></ispartof></parts><date>29-09-20 01:32:18:773</date><id>0</id><type>bounding_box</type><polygon><username>anonymous</username><pt><x>1361</x><y>6</y><time>29-09-20 01:32:12:964</time></pt><pt><x>3004</x><y>6</y><time>29-09-20 01:32:15:015</time></pt><pt><x>3004</x><y>2739</y><time>undefined</time></pt><pt><x>1361</x><y>2739</y><time>undefined</time></pt><closed_date>29-09-20 01:32:15:016</closed_date></polygon></object></annotation>