<annotation><filename>m4_s04_047_p_nic060.jpg</filename><folder>users/joselusava//kath/kath_m4_047/nic</folder><source><submittedBy>Jose Saca</submittedBy></source><imagesize><nrows>2970</nrows><ncols>4451</ncols></imagesize><object><name>m4_s04_047_p_nic060</name><deleted>0</deleted><verified>0</verified><occluded>no</occluded><attributes></attributes><parts><hasparts></hasparts><ispartof></ispartof></parts><date>24-10-20 19:20:48:666</date><id>0</id><type>bounding_box</type><polygon><username>anonymous</username><pt><x>1359</x><y>1143</y><time>24-10-20 19:20:35:417</time></pt><pt><x>2146</x><y>1143</y><time>24-10-20 19:20:37:237</time></pt><pt><x>2146</x><y>2792</y><time>undefined</time></pt><pt><x>1359</x><y>2792</y><time>undefined</time></pt><closed_date>24-10-20 19:20:37:238</closed_date></polygon></object></annotation>