<annotation><filename>m1_s06_144_p_nic028.jpg</filename><folder>users/joselusava//jacob_2/144nic</folder><source><submittedBy>Jose Saca</submittedBy></source><imagesize><nrows>2736</nrows><ncols>4100</ncols></imagesize><object><name>m1_s06_144_p_nic028</name><deleted>0</deleted><verified>0</verified><occluded>no</occluded><attributes></attributes><parts><hasparts></hasparts><ispartof></ispartof></parts><date>08-09-20 02:00:51:097</date><id>0</id><type>bounding_box</type><polygon><username>anonymous</username><pt><x>1645</x><y>180</y><time>08-09-20 02:00:48:811</time></pt><pt><x>2979</x><y>180</y><time>08-09-20 02:00:50:548</time></pt><pt><x>2979</x><y>1792</y><time>undefined</time></pt><pt><x>1645</x><y>1792</y><time>undefined</time></pt><closed_date>08-09-20 02:00:50:548</closed_date></polygon></object></annotation>