<annotation><filename>m4_s04_047_p_ic001.jpg</filename><folder>users/joselusava//kath/kath_m4_047</folder><source><submittedBy>Jose Saca</submittedBy></source><imagesize><nrows>2970</nrows><ncols>4451</ncols></imagesize><object><name>m4_s04_047_p_ic001</name><deleted>0</deleted><verified>0</verified><occluded>no</occluded><attributes></attributes><parts><hasparts></hasparts><ispartof></ispartof></parts><date>24-10-20 13:28:54:659</date><id>0</id><polygon><username>anonymous</username><pt><x>1619</x><y>446</y><time>24-10-20 13:28:44:806</time></pt><pt><x>1856</x><y>2718</y><time>24-10-20 13:28:46:480</time></pt><pt><x>2814</x><y>2458</y><time>24-10-20 13:28:48:399</time></pt><pt><x>2606</x><y>379</y><time>24-10-20 13:28:50:117</time></pt><closed_date>24-10-20 13:28:51:769</closed_date></polygon></object></annotation>