<annotation><filename>m4_s10_157_p_ic036.jpg</filename><folder>users/joselusava//valeria/m04_s10_157_ic</folder><source><submittedBy>Jose Saca</submittedBy></source><imagesize><nrows>2970</nrows><ncols>4451</ncols></imagesize><object><name>m4_s10_157_p_ic036</name><deleted>0</deleted><verified>0</verified><occluded>no</occluded><attributes></attributes><parts><hasparts></hasparts><ispartof></ispartof></parts><date>12-10-20 16:17:54:755</date><id>0</id><type>bounding_box</type><polygon><username>anonymous</username><pt><x>1069</x><y>2829</y><time>12-10-20 16:17:46:759</time></pt><pt><x>3358</x><y>2829</y><time>12-10-20 16:17:50:970</time></pt><pt><x>3358</x><y>208</y><time>undefined</time></pt><pt><x>1069</x><y>208</y><time>undefined</time></pt><closed_date>12-10-20 16:17:50:971</closed_date></polygon></object></annotation>