<annotation><filename>m1_s01_004_p_nic015.jpg</filename><folder>users/joselusava//valeria_apoyo/sala01_004_nic</folder><source><submittedBy>Jose Saca</submittedBy></source><imagesize><nrows>3200</nrows><ncols>4800</ncols></imagesize><object><name>m1_s01_004_p_nic015</name><deleted>0</deleted><verified>0</verified><occluded>no</occluded><attributes></attributes><parts><hasparts></hasparts><ispartof></ispartof></parts><date>16-09-20 18:02:24:565</date><id>0</id><type>bounding_box</type><polygon><username>anonymous</username><pt><x>4715</x><y>2842</y><time>16-09-20 18:02:15:616</time></pt><pt><x>1661</x><y>2842</y><time>16-09-20 18:02:21:129</time></pt><pt><x>1661</x><y>2012</y><time>undefined</time></pt><pt><x>4715</x><y>2012</y><time>undefined</time></pt><closed_date>16-09-20 18:02:21:130</closed_date></polygon></object></annotation>