<annotation><filename>m4_s04_047_p_ic029.jpg</filename><folder>users/joselusava//kath/kath_m4_047</folder><source><submittedBy>Jose Saca</submittedBy></source><imagesize><nrows>2970</nrows><ncols>4451</ncols></imagesize><object><name>m4_s04_047_p_ic029</name><deleted>0</deleted><verified>0</verified><occluded>no</occluded><attributes></attributes><parts><hasparts></hasparts><ispartof></ispartof></parts><date>24-10-20 13:52:58:425</date><id>0</id><type>bounding_box</type><polygon><username>anonymous</username><pt><x>1648</x><y>312</y><time>24-10-20 13:52:53:075</time></pt><pt><x>2888</x><y>312</y><time>24-10-20 13:52:56:033</time></pt><pt><x>2888</x><y>2651</y><time>undefined</time></pt><pt><x>1648</x><y>2651</y><time>undefined</time></pt><closed_date>24-10-20 13:52:56:035</closed_date></polygon></object></annotation>