<annotation><filename>m2_s05_236_p_nic024.jpg</filename><folder>users/joselusava//museos2020</folder><source><submittedBy>Jose Saca</submittedBy></source><imagesize><nrows>2910</nrows><ncols>4361</ncols></imagesize><object><name>m2_s05_236_p_nic024</name><deleted>0</deleted><verified>0</verified><occluded>no</occluded><attributes></attributes><parts><hasparts></hasparts><ispartof></ispartof></parts><date>17-09-20 07:01:02:053</date><id>0</id><type>bounding_box</type><polygon><username>anonymous</username><pt><x>1906</x><y>972</y><time>17-09-20 07:00:54:815</time></pt><pt><x>4286</x><y>972</y><time>17-09-20 07:00:56:505</time></pt><pt><x>4286</x><y>2766</y><time>undefined</time></pt><pt><x>1906</x><y>2766</y><time>undefined</time></pt><closed_date>17-09-20 07:00:56:505</closed_date></polygon></object></annotation>