<annotation><filename>m2_s06_250_p_ic048.jpg</filename><folder>users/joselusava//valeria/m2_sala06_250_ic</folder><source><submittedBy>Jose Saca</submittedBy></source><imagesize><nrows>2910</nrows><ncols>4361</ncols></imagesize><object><name>m2_s06_250_p_ic048</name><deleted>0</deleted><verified>0</verified><occluded>no</occluded><attributes></attributes><parts><hasparts></hasparts><ispartof></ispartof></parts><date>30-09-20 23:36:23:333</date><id>0</id><type>bounding_box</type><polygon><username>anonymous</username><pt><x>3693</x><y>2287</y><time>30-09-20 23:36:18:227</time></pt><pt><x>623</x><y>2287</y><time>30-09-20 23:36:20:209</time></pt><pt><x>623</x><y>893</y><time>undefined</time></pt><pt><x>3693</x><y>893</y><time>undefined</time></pt><closed_date>30-09-20 23:36:20:210</closed_date></polygon></object></annotation>