<annotation><filename>m2_s03_252_p_nic092.jpg</filename><folder>users/joselusava//valeria/m2_sala03_252_nic</folder><source><submittedBy>Jose Saca</submittedBy></source><imagesize><nrows>2910</nrows><ncols>4361</ncols></imagesize><object><name>m2_s06_252_p_nic092</name><deleted>0</deleted><verified>0</verified><occluded>no</occluded><attributes></attributes><parts><hasparts></hasparts><ispartof></ispartof></parts><date>26-09-20 22:46:52:958</date><id>0</id><type>bounding_box</type><polygon><username>anonymous</username><pt><x>2238</x><y>788</y><time>26-09-20 22:46:47:080</time></pt><pt><x>3886</x><y>788</y><time>26-09-20 22:46:49:363</time></pt><pt><x>3886</x><y>1808</y><time>undefined</time></pt><pt><x>2238</x><y>1808</y><time>undefined</time></pt><closed_date>26-09-20 22:46:49:364</closed_date></polygon></object></annotation>