<annotation><filename>m3_s01_023_p_ic033.jpg</filename><folder>users/joselusava//santiago_3</folder><source><submittedBy>Jose Saca</submittedBy></source><imagesize><nrows>2970</nrows><ncols>4451</ncols></imagesize><object><name>m3_s01_023_p_ic033</name><deleted>0</deleted><verified>0</verified><occluded>no</occluded><attributes></attributes><parts><hasparts></hasparts><ispartof></ispartof></parts><date>04-11-20 19:07:24:923</date><id>0</id><type>bounding_box</type><polygon><username>anonymous</username><pt><x>421</x><y>471</y><time>04-11-20 19:07:20:885</time></pt><pt><x>4009</x><y>471</y><time>04-11-20 19:07:22:775</time></pt><pt><x>4009</x><y>2474</y><time>undefined</time></pt><pt><x>421</x><y>2474</y><time>undefined</time></pt><closed_date>04-11-20 19:07:22:776</closed_date></polygon></object></annotation>