<annotation><filename>m2_s05_236_p_nic081.jpg</filename><folder>users/joselusava//museos2020</folder><source><submittedBy>Jose Saca</submittedBy></source><imagesize><nrows>2910</nrows><ncols>4361</ncols></imagesize><object><name>m2_s05_236_p_nic081</name><deleted>0</deleted><verified>0</verified><occluded>no</occluded><attributes></attributes><parts><hasparts></hasparts><ispartof></ispartof></parts><date>17-09-20 13:22:52:643</date><id>0</id><type>bounding_box</type><polygon><username>anonymous</username><pt><x>1297</x><y>600</y><time>17-09-20 13:22:31:873</time></pt><pt><x>4044</x><y>600</y><time>17-09-20 13:22:33:813</time></pt><pt><x>4044</x><y>2654</y><time>undefined</time></pt><pt><x>1297</x><y>2654</y><time>undefined</time></pt><closed_date>17-09-20 13:22:33:814</closed_date></polygon></object></annotation>