<annotation><filename>m1_s02_065_p_nic016.jpg</filename><folder>users/joselusava//valeria/sala2_065_nic</folder><source><submittedBy>Jose Saca</submittedBy></source><imagesize><nrows>2000</nrows><ncols>2992</ncols></imagesize><object><name>m1_s02_065_p_nic016</name><deleted>0</deleted><verified>0</verified><occluded>no</occluded><attributes></attributes><parts><hasparts></hasparts><ispartof></ispartof></parts><date>27-08-20 22:06:58:488</date><id>0</id><type>bounding_box</type><polygon><username>anonymous</username><pt><x>2547</x><y>1960</y><time>27-08-20 22:06:50:316</time></pt><pt><x>644</x><y>1960</y><time>27-08-20 22:06:53:913</time></pt><pt><x>644</x><y>936</y><time>undefined</time></pt><pt><x>2547</x><y>936</y><time>undefined</time></pt><closed_date>27-08-20 22:06:53:913</closed_date></polygon></object></annotation>