<annotation><filename>m2_s01_054_p_nic091.jpg</filename><folder>users/joselusava//kath_54</folder><source><submittedBy>Jose Saca</submittedBy></source><imagesize><nrows>2850</nrows><ncols>4271</ncols></imagesize><object><name>m2_s01_054_p_nic091</name><deleted>0</deleted><verified>0</verified><occluded>no</occluded><attributes></attributes><parts><hasparts></hasparts><ispartof></ispartof></parts><date>02-10-20 11:48:20:997</date><id>0</id><type>bounding_box</type><polygon><username>anonymous</username><pt><x>2815</x><y>477</y><time>02-10-20 11:48:16:171</time></pt><pt><x>3763</x><y>477</y><time>02-10-20 11:48:18:617</time></pt><pt><x>3763</x><y>2036</y><time>undefined</time></pt><pt><x>2815</x><y>2036</y><time>undefined</time></pt><closed_date>02-10-20 11:48:18:618</closed_date></polygon></object></annotation>