<annotation><filename>m4_s05_060_p_nic096.jpg</filename><folder>users/joselusava//m4_js/60/nic</folder><source><submittedBy>Jose Saca</submittedBy></source><imagesize><nrows>2910</nrows><ncols>4361</ncols></imagesize><object><name>m4_s05_060_p_nic096</name><deleted>0</deleted><verified>0</verified><occluded>no</occluded><attributes></attributes><parts><hasparts></hasparts><ispartof></ispartof></parts><date>14-10-20 00:31:13:067</date><id>0</id><type>bounding_box</type><polygon><username>anonymous</username><pt><x>653</x><y>1985</y><time>14-10-20 00:31:11:181</time></pt><pt><x>4344</x><y>1985</y><time>14-10-20 00:31:12:244</time></pt><pt><x>4344</x><y>26</y><time>undefined</time></pt><pt><x>653</x><y>26</y><time>undefined</time></pt><closed_date>14-10-20 00:31:12:244</closed_date></polygon></object></annotation>