<annotation><filename>m4_s02_021_p_nic016.jpg</filename><folder>users/joselusava//santiago_2</folder><source><submittedBy>Jose Saca</submittedBy></source><imagesize><nrows>2910</nrows><ncols>4361</ncols></imagesize><object><name>m4_s02_021_p_nic016</name><deleted>0</deleted><verified>0</verified><occluded>no</occluded><attributes></attributes><parts><hasparts></hasparts><ispartof></ispartof></parts><date>04-10-20 22:09:39:968</date><id>0</id><type>bounding_box</type><polygon><username>anonymous</username><pt><x>336</x><y>419</y><time>04-10-20 22:09:36:371</time></pt><pt><x>1438</x><y>419</y><time>04-10-20 22:09:37:817</time></pt><pt><x>1438</x><y>2328</y><time>undefined</time></pt><pt><x>336</x><y>2328</y><time>undefined</time></pt><closed_date>04-10-20 22:09:37:819</closed_date></polygon></object></annotation>