<annotation><filename>m2_s01_018_p_nic092.jpg</filename><folder>users/joselusava//santiago_2</folder><source><submittedBy>Jose Saca</submittedBy></source><imagesize><nrows>2850</nrows><ncols>4271</ncols></imagesize><object><name>m2_s01_018_p_nic092</name><deleted>0</deleted><verified>0</verified><occluded>no</occluded><attributes></attributes><parts><hasparts></hasparts><ispartof></ispartof></parts><date>29-09-20 19:11:50:690</date><id>0</id><type>bounding_box</type><polygon><username>anonymous</username><pt><x>994</x><y>1885</y><time>29-09-20 19:11:47:611</time></pt><pt><x>1654</x><y>1885</y><time>29-09-20 19:11:48:627</time></pt><pt><x>1654</x><y>2632</y><time>undefined</time></pt><pt><x>994</x><y>2632</y><time>undefined</time></pt><closed_date>29-09-20 19:11:48:628</closed_date></polygon></object></annotation>