<annotation><filename>m1_s06_168_p_ic050.jpg</filename><folder>users/joselusava//jacob_2/168ic</folder><source><submittedBy>Jose Saca</submittedBy></source><imagesize><nrows>2736</nrows><ncols>4100</ncols></imagesize><object><name>m1_s06_168_p_ic050</name><deleted>0</deleted><verified>0</verified><occluded>no</occluded><attributes></attributes><parts><hasparts></hasparts><ispartof></ispartof></parts><date>08-09-20 19:55:52:726</date><id>0</id><type>bounding_box</type><polygon><username>anonymous</username><pt><x>1039</x><y>2455</y><time>08-09-20 19:55:49:802</time></pt><pt><x>2979</x><y>2455</y><time>08-09-20 19:55:51:810</time></pt><pt><x>2979</x><y>90</y><time>undefined</time></pt><pt><x>1039</x><y>90</y><time>undefined</time></pt><closed_date>08-09-20 19:55:51:810</closed_date></polygon></object></annotation>