<annotation><filename>m2_s01_010_p_nic073.jpg</filename><folder>users/joselusava//santiago</folder><source><submittedBy>Jose Saca</submittedBy></source><imagesize><nrows>2850</nrows><ncols>4271</ncols></imagesize><object><name>m2_s01_010_p_nic073</name><deleted>0</deleted><verified>0</verified><occluded>no</occluded><attributes></attributes><parts><hasparts></hasparts><ispartof></ispartof></parts><date>22-09-20 21:27:44:312</date><id>0</id><type>bounding_box</type><polygon><username>anonymous</username><pt><x>2972</x><y>276</y><time>22-09-20 21:27:40:980</time></pt><pt><x>3610</x><y>276</y><time>22-09-20 21:27:41:827</time></pt><pt><x>3610</x><y>898</y><time>undefined</time></pt><pt><x>2972</x><y>898</y><time>undefined</time></pt><closed_date>22-09-20 21:27:41:828</closed_date></polygon></object></annotation>