<annotation><filename>m1_s01_001_p_nic099.jpg</filename><folder>users/joselusava//juancarlos</folder><source><submittedBy>Jose Saca</submittedBy></source><imagesize><nrows>3200</nrows><ncols>4800</ncols></imagesize><object><name>m1_s01_001_p_nic099</name><deleted>0</deleted><verified>0</verified><occluded>no</occluded><attributes></attributes><parts><hasparts></hasparts><ispartof></ispartof></parts><date>12-09-20 09:46:20:228</date><id>0</id><type>bounding_box</type><polygon><username>anonymous</username><pt><x>482</x><y>2035</y><time>12-09-20 09:46:01:951</time></pt><pt><x>2080</x><y>2035</y><time>12-09-20 09:46:05:429</time></pt><pt><x>2080</x><y>2939</y><time>undefined</time></pt><pt><x>482</x><y>2939</y><time>undefined</time></pt><closed_date>12-09-20 09:46:05:430</closed_date></polygon></object></annotation>