<annotation><filename>m2_s03_215_x.jpg</filename><folder>users/joselusava//juancarlos</folder><source><submittedBy>Jose Saca</submittedBy></source><imagesize><nrows>2910</nrows><ncols>4361</ncols></imagesize><object><name>m2_s03_215_x</name><deleted>0</deleted><verified>0</verified><occluded>no</occluded><attributes></attributes><parts><hasparts></hasparts><ispartof></ispartof></parts><date>30-09-20 16:10:40:959</date><id>0</id><polygon><username>anonymous</username><pt><x>1488</x><y>530</y><time>30-09-20 16:10:20:420</time></pt><pt><x>1334</x><y>2478</y><time>30-09-20 16:10:22:017</time></pt><pt><x>3208</x><y>2468</y><time>30-09-20 16:10:23:480</time></pt><pt><x>3036</x><y>470</y><time>30-09-20 16:10:24:628</time></pt><closed_date>30-09-20 16:10:25:890</closed_date></polygon></object></annotation>