<annotation><filename>m1_s02_052_p_nic073.jpg</filename><folder>users/joselusava//valeria/sala2_052_nic</folder><source><submittedBy>Jose Saca</submittedBy></source><imagesize><nrows>3200</nrows><ncols>4800</ncols></imagesize><object><name>m1_s02_052_p_nic073</name><deleted>0</deleted><verified>0</verified><occluded>no</occluded><attributes></attributes><parts><hasparts></hasparts><ispartof></ispartof></parts><date>27-08-20 17:07:50:416</date><id>0</id><type>bounding_box</type><polygon><username>anonymous</username><pt><x>4268</x><y>1654</y><time>27-08-20 17:07:43:772</time></pt><pt><x>2819</x><y>1654</y><time>27-08-20 17:07:46:872</time></pt><pt><x>2819</x><y>3125</y><time>undefined</time></pt><pt><x>4268</x><y>3125</y><time>undefined</time></pt><closed_date>27-08-20 17:07:46:873</closed_date></polygon></object></annotation>