<annotation><filename>m4_s11_176_p_ic041.jpg</filename><folder>users/joselusava//m4_js/176/ic</folder><source><submittedBy>Jose Saca</submittedBy></source><imagesize><nrows>2970</nrows><ncols>4451</ncols></imagesize><object><name>m4_s11_176_p_ic041</name><deleted>0</deleted><verified>0</verified><occluded>no</occluded><attributes></attributes><parts><hasparts></hasparts><ispartof></ispartof></parts><date>14-10-20 19:55:01:187</date><id>0</id><type>bounding_box</type><polygon><username>anonymous</username><pt><x>3021</x><y>2310</y><time>14-10-20 19:54:59:472</time></pt><pt><x>1119</x><y>2310</y><time>14-10-20 19:55:00:640</time></pt><pt><x>1119</x><y>551</y><time>undefined</time></pt><pt><x>3021</x><y>551</y><time>undefined</time></pt><closed_date>14-10-20 19:55:00:640</closed_date></polygon></object></annotation>