<annotation><filename>m4_s11_178_p_ic013.jpg</filename><folder>users/joselusava//santiago_2</folder><source><submittedBy>Jose Saca</submittedBy></source><imagesize><nrows>2970</nrows><ncols>4451</ncols></imagesize><object><name>m4_s11_178_p_ic013</name><deleted>0</deleted><verified>0</verified><occluded>no</occluded><attributes></attributes><parts><hasparts></hasparts><ispartof></ispartof></parts><date>15-10-20 20:48:30:539</date><id>0</id><type>bounding_box</type><polygon><username>anonymous</username><pt><x>1389</x><y>707</y><time>15-10-20 20:48:26:628</time></pt><pt><x>2874</x><y>707</y><time>15-10-20 20:48:27:700</time></pt><pt><x>2874</x><y>2188</y><time>undefined</time></pt><pt><x>1389</x><y>2188</y><time>undefined</time></pt><closed_date>15-10-20 20:48:27:700</closed_date></polygon></object></annotation>