<annotation><filename>m4_s02_015_p_ic036.jpg</filename><folder>users/joselusava//m4_js/15ic</folder><source><submittedBy>Jose Saca</submittedBy></source><imagesize><nrows>2910</nrows><ncols>4361</ncols></imagesize><object><name>m4_s02_015_p_ic036</name><deleted>0</deleted><verified>0</verified><occluded>no</occluded><attributes></attributes><parts><hasparts></hasparts><ispartof></ispartof></parts><date>03-10-20 19:20:50:908</date><id>0</id><type>bounding_box</type><polygon><username>anonymous</username><pt><x>2855</x><y>2324</y><time>03-10-20 19:20:48:895</time></pt><pt><x>1323</x><y>2324</y><time>03-10-20 19:20:50:282</time></pt><pt><x>1323</x><y>226</y><time>undefined</time></pt><pt><x>2855</x><y>226</y><time>undefined</time></pt><closed_date>03-10-20 19:20:50:282</closed_date></polygon></object></annotation>