<annotation><filename>m3_s01_023_p_ic083.jpg</filename><folder>users/joselusava//santiago_3</folder><source><submittedBy>Jose Saca</submittedBy></source><imagesize><nrows>2970</nrows><ncols>4451</ncols></imagesize><object><name>m3_s01_023_p_ic083</name><deleted>0</deleted><verified>0</verified><occluded>no</occluded><attributes></attributes><parts><hasparts></hasparts><ispartof></ispartof></parts><date>04-11-20 20:20:25:394</date><id>0</id><type>bounding_box</type><polygon><username>anonymous</username><pt><x>293</x><y>453</y><time>04-11-20 20:20:19:787</time></pt><pt><x>3980</x><y>453</y><time>04-11-20 20:20:21:183</time></pt><pt><x>3980</x><y>2417</y><time>undefined</time></pt><pt><x>293</x><y>2417</y><time>undefined</time></pt><closed_date>04-11-20 20:20:21:184</closed_date></polygon></object></annotation>