<annotation><filename>m1_s01_021_p_nic077.jpg</filename><folder>users/joselusava//santiago</folder><source><submittedBy>Jose Saca</submittedBy></source><imagesize><nrows>3200</nrows><ncols>4800</ncols></imagesize><object><name>m1_s01_021_p_nic077</name><deleted>0</deleted><verified>0</verified><occluded>no</occluded><attributes></attributes><parts><hasparts></hasparts><ispartof></ispartof></parts><date>16-09-20 18:34:47:112</date><id>0</id><type>bounding_box</type><polygon><username>anonymous</username><pt><x>1008</x><y>1983</y><time>16-09-20 18:34:39:862</time></pt><pt><x>1667</x><y>1983</y><time>16-09-20 18:34:40:798</time></pt><pt><x>1667</x><y>2581</y><time>undefined</time></pt><pt><x>1008</x><y>2581</y><time>undefined</time></pt><closed_date>16-09-20 18:34:40:799</closed_date></polygon></object></annotation>