<annotation><filename>m2_s01_018_p_ic031.jpg</filename><folder>users/joselusava//santiago_2</folder><source><submittedBy>Jose Saca</submittedBy></source><imagesize><nrows>2850</nrows><ncols>4271</ncols></imagesize><object><name>m2_s01_018_p_ic031</name><deleted>0</deleted><verified>0</verified><occluded>no</occluded><attributes></attributes><parts><hasparts></hasparts><ispartof></ispartof></parts><date>28-09-20 16:15:34:519</date><id>0</id><type>bounding_box</type><polygon><username>anonymous</username><pt><x>1289</x><y>939</y><time>28-09-20 16:15:22:712</time></pt><pt><x>2773</x><y>939</y><time>28-09-20 16:15:28:078</time></pt><pt><x>2773</x><y>2719</y><time>undefined</time></pt><pt><x>1289</x><y>2719</y><time>undefined</time></pt><closed_date>28-09-20 16:15:28:078</closed_date></polygon></object></annotation>