<annotation><filename>m2_s01_054_p_ic082.jpg</filename><folder>users/joselusava//kath</folder><source><submittedBy>Jose Saca</submittedBy></source><imagesize><nrows>2850</nrows><ncols>4271</ncols></imagesize><object><name>m2_s01_054_p_ic082</name><deleted>0</deleted><verified>0</verified><occluded>no</occluded><attributes></attributes><parts><hasparts></hasparts><ispartof></ispartof></parts><date>29-09-20 23:59:30:651</date><id>0</id><type>bounding_box</type><polygon><username>anonymous</username><pt><x>2822</x><y>337</y><time>29-09-20 23:59:23:038</time></pt><pt><x>1011</x><y>337</y><time>29-09-20 23:59:26:326</time></pt><pt><x>1011</x><y>2766</y><time>undefined</time></pt><pt><x>2822</x><y>2766</y><time>undefined</time></pt><closed_date>29-09-20 23:59:26:326</closed_date></polygon></object></annotation>