<annotation><filename>m4_s05_060_p_nic078.jpg</filename><folder>users/joselusava//m4_js/60/nic</folder><source><submittedBy>Jose Saca</submittedBy></source><imagesize><nrows>2910</nrows><ncols>4361</ncols></imagesize><object><name>m4_s05_060_p_nic078</name><deleted>0</deleted><verified>0</verified><occluded>no</occluded><attributes></attributes><parts><hasparts></hasparts><ispartof></ispartof></parts><date>14-10-20 00:20:53:411</date><id>0</id><type>bounding_box</type><polygon><username>anonymous</username><pt><x>1410</x><y>1767</y><time>14-10-20 00:20:51:617</time></pt><pt><x>4352</x><y>1767</y><time>14-10-20 00:20:52:600</time></pt><pt><x>4352</x><y>44</y><time>undefined</time></pt><pt><x>1410</x><y>44</y><time>undefined</time></pt><closed_date>14-10-20 00:20:52:600</closed_date></polygon></object></annotation>