<annotation><filename>m4_s11_176_p_nic038.jpg</filename><folder>users/joselusava//m4_js/176/nic</folder><source><submittedBy>Jose Saca</submittedBy></source><imagesize><nrows>2970</nrows><ncols>4451</ncols></imagesize><object><name>m4_s11_176_p_nic038</name><deleted>0</deleted><verified>0</verified><occluded>no</occluded><attributes></attributes><parts><hasparts></hasparts><ispartof></ispartof></parts><date>15-10-20 11:45:18:325</date><id>0</id><type>bounding_box</type><polygon><username>anonymous</username><pt><x>2186</x><y>2363</y><time>15-10-20 11:45:16:649</time></pt><pt><x>80</x><y>2363</y><time>15-10-20 11:45:17:729</time></pt><pt><x>80</x><y>717</y><time>undefined</time></pt><pt><x>2186</x><y>717</y><time>undefined</time></pt><closed_date>15-10-20 11:45:17:730</closed_date></polygon></object></annotation>