<annotation><filename>m4_s05_052_p_nic021.jpg</filename><folder>users/joselusava//santiago_2</folder><source><submittedBy>Jose Saca</submittedBy></source><imagesize><nrows>2910</nrows><ncols>4361</ncols></imagesize><object><name>m4_s05_052_p_nic021</name><deleted>0</deleted><verified>0</verified><occluded>no</occluded><attributes></attributes><parts><hasparts></hasparts><ispartof></ispartof></parts><date>08-10-20 19:58:23:540</date><id>0</id><type>bounding_box</type><polygon><username>anonymous</username><pt><x>157</x><y>651</y><time>08-10-20 19:58:16:705</time></pt><pt><x>1696</x><y>651</y><time>08-10-20 19:58:19:335</time></pt><pt><x>1696</x><y>2255</y><time>undefined</time></pt><pt><x>157</x><y>2255</y><time>undefined</time></pt><closed_date>08-10-20 19:58:19:335</closed_date></polygon></object></annotation>