<annotation><filename>m4_s10_161_x.jpg</filename><folder>users/joselusava//kath/m4_x</folder><source><submittedBy>Jose Saca</submittedBy></source><imagesize><nrows>2970</nrows><ncols>4451</ncols></imagesize><object><name>m4_s10_161_x</name><deleted>0</deleted><verified>0</verified><occluded>no</occluded><attributes></attributes><parts><hasparts></hasparts><ispartof></ispartof></parts><date>21-10-20 12:11:51:609</date><id>0</id><polygon><username>anonymous</username><pt><x>836</x><y>173</y><time>21-10-20 12:11:41:466</time></pt><pt><x>2129</x><y>2956</y><time>21-10-20 12:11:42:609</time></pt><pt><x>2590</x><y>2922</y><time>21-10-20 12:11:44:167</time></pt><pt><x>3479</x><y>192</y><time>21-10-20 12:11:45:608</time></pt><closed_date>21-10-20 12:11:48:179</closed_date></polygon></object></annotation>