<annotation><filename>img_m1_s03-04_101_p_ic041.jpg</filename><folder>users/joselusava//valeria/sala3y4_101_ic</folder><source><submittedBy>Jose Saca</submittedBy></source><imagesize><nrows>3200</nrows><ncols>4800</ncols></imagesize><object><name>m1_s03_s04_101_p_ic041</name><deleted>0</deleted><verified>0</verified><occluded>no</occluded><attributes></attributes><parts><hasparts></hasparts><ispartof></ispartof></parts><date>29-08-20 00:04:40:274</date><id>0</id><type>bounding_box</type><polygon><username>anonymous</username><pt><x>4746</x><y>3168</y><time>29-08-20 00:04:31:460</time></pt><pt><x>757</x><y>3168</y><time>29-08-20 00:04:35:629</time></pt><pt><x>757</x><y>596</y><time>undefined</time></pt><pt><x>4746</x><y>596</y><time>undefined</time></pt><closed_date>29-08-20 00:04:35:631</closed_date></polygon></object></annotation>