<annotation><filename>m4_s11_178_p_nic087.jpg</filename><folder>users/joselusava//santiago_2</folder><source><submittedBy>Jose Saca</submittedBy></source><imagesize><nrows>2970</nrows><ncols>4451</ncols></imagesize><object><name>m4_s11_178_p_nic087</name><deleted>0</deleted><verified>0</verified><occluded>no</occluded><attributes></attributes><parts><hasparts></hasparts><ispartof></ispartof></parts><date>16-10-20 11:45:34:596</date><id>0</id><type>bounding_box</type><polygon><username>anonymous</username><pt><x>2820</x><y>910</y><time>16-10-20 11:45:26:245</time></pt><pt><x>3895</x><y>910</y><time>16-10-20 11:45:27:277</time></pt><pt><x>3895</x><y>2013</y><time>undefined</time></pt><pt><x>2820</x><y>2013</y><time>undefined</time></pt><closed_date>16-10-20 11:45:27:279</closed_date></polygon></object></annotation>