<annotation><filename>m4_s11_178_p_ic070.jpg</filename><folder>users/joselusava//santiago_2</folder><source><submittedBy>Jose Saca</submittedBy></source><imagesize><nrows>2970</nrows><ncols>4451</ncols></imagesize><object><name>m4_s11_178_p_ic070</name><deleted>0</deleted><verified>0</verified><occluded>no</occluded><attributes></attributes><parts><hasparts></hasparts><ispartof></ispartof></parts><date>15-10-20 22:04:38:676</date><id>0</id><type>bounding_box</type><polygon><username>anonymous</username><pt><x>1303</x><y>857</y><time>15-10-20 22:04:34:930</time></pt><pt><x>3091</x><y>857</y><time>15-10-20 22:04:36:491</time></pt><pt><x>3091</x><y>2717</y><time>undefined</time></pt><pt><x>1303</x><y>2717</y><time>undefined</time></pt><closed_date>15-10-20 22:04:36:492</closed_date></polygon></object></annotation>