<annotation><filename>m2_s02_172_x.jpg</filename><folder>users/joselusava//m2_jsv</folder><source><submittedBy>Jose Saca</submittedBy></source><imagesize><nrows>2910</nrows><ncols>4361</ncols></imagesize><object><name>m2_s02_172_x</name><deleted>0</deleted><verified>0</verified><occluded>no</occluded><attributes></attributes><parts><hasparts></hasparts><ispartof></ispartof></parts><date>20-09-20 16:49:28:896</date><id>0</id><type>bounding_box</type><polygon><username>anonymous</username><pt><x>3639</x><y>2577</y><time>20-09-20 16:49:27:050</time></pt><pt><x>853</x><y>2577</y><time>20-09-20 16:49:28:182</time></pt><pt><x>853</x><y>479</y><time>undefined</time></pt><pt><x>3639</x><y>479</y><time>undefined</time></pt><closed_date>20-09-20 16:49:28:182</closed_date></polygon></object></annotation>