<annotation><filename>m2_s05_236_p_ic062.jpg</filename><folder>users/joselusava//museos2020</folder><source><submittedBy>Jose Saca</submittedBy></source><imagesize><nrows>2910</nrows><ncols>4361</ncols></imagesize><object><name>m2_s05_236_p_ic062</name><deleted>0</deleted><verified>0</verified><occluded>no</occluded><attributes></attributes><parts><hasparts></hasparts><ispartof></ispartof></parts><date>16-09-20 19:04:26:879</date><id>0</id><type>bounding_box</type><polygon><username>anonymous</username><pt><x>660</x><y>135</y><time>16-09-20 19:04:17:912</time></pt><pt><x>3524</x><y>135</y><time>16-09-20 19:04:20:771</time></pt><pt><x>3524</x><y>2808</y><time>undefined</time></pt><pt><x>660</x><y>2808</y><time>undefined</time></pt><closed_date>16-09-20 19:04:20:772</closed_date></polygon></object></annotation>