<annotation><filename>m3_s01_010_p_ic099.jpg</filename><folder>users/joselusava//m4_js/m3/10/ic</folder><source><submittedBy>Jose Saca</submittedBy></source><imagesize><nrows>2970</nrows><ncols>4451</ncols></imagesize><object><name>m3_s01_010_p_ic099</name><deleted>0</deleted><verified>0</verified><occluded>no</occluded><attributes></attributes><parts><hasparts></hasparts><ispartof></ispartof></parts><date>29-10-20 13:28:34:637</date><id>0</id><type>bounding_box</type><polygon><username>anonymous</username><pt><x>490</x><y>2907</y><time>29-10-20 13:28:32:542</time></pt><pt><x>3833</x><y>2907</y><time>29-10-20 13:28:33:969</time></pt><pt><x>3833</x><y>394</y><time>undefined</time></pt><pt><x>490</x><y>394</y><time>undefined</time></pt><closed_date>29-10-20 13:28:33:970</closed_date></polygon></object></annotation>