<annotation><filename>m4_s04_037_p_ic071.jpg</filename><folder>users/joselusava//santiago_2</folder><source><submittedBy>Jose Saca</submittedBy></source><imagesize><nrows>2970</nrows><ncols>4451</ncols></imagesize><object><name>m4_s04_037_p_ic071</name><deleted>0</deleted><verified>0</verified><occluded>no</occluded><attributes></attributes><parts><hasparts></hasparts><ispartof></ispartof></parts><date>18-10-20 21:50:28:301</date><id>0</id><type>bounding_box</type><polygon><username>anonymous</username><pt><x>1567</x><y>332</y><time>18-10-20 21:50:24:134</time></pt><pt><x>3120</x><y>332</y><time>18-10-20 21:50:25:353</time></pt><pt><x>3120</x><y>2717</y><time>undefined</time></pt><pt><x>1567</x><y>2717</y><time>undefined</time></pt><closed_date>18-10-20 21:50:25:354</closed_date></polygon></object></annotation>