<annotation><filename>m2_s02_118_x.jpg</filename><folder>users/joselusava//m2_jsv</folder><source><submittedBy>Jose Saca</submittedBy></source><imagesize><nrows>2910</nrows><ncols>4361</ncols></imagesize><object><name>m2_s02_118_x</name><deleted>0</deleted><verified>0</verified><occluded>no</occluded><attributes></attributes><parts><hasparts></hasparts><ispartof></ispartof></parts><date>19-09-20 23:26:55:954</date><id>0</id><type>bounding_box</type><polygon><username>anonymous</username><pt><x>3064</x><y>2254</y><time>19-09-20 23:26:54:219</time></pt><pt><x>1341</x><y>2254</y><time>19-09-20 23:26:55:286</time></pt><pt><x>1341</x><y>566</y><time>undefined</time></pt><pt><x>3064</x><y>566</y><time>undefined</time></pt><closed_date>19-09-20 23:26:55:288</closed_date></polygon></object></annotation>