<annotation><filename>m2_s01_001_p_ic078.jpg</filename><folder>users/joselusava//santiago</folder><source><submittedBy>Jose Saca</submittedBy></source><imagesize><nrows>2850</nrows><ncols>4271</ncols></imagesize><object><name>m2_s01_001_p_ic078</name><deleted>0</deleted><verified>0</verified><occluded>no</occluded><attributes></attributes><parts><hasparts></hasparts><ispartof></ispartof></parts><date>19-09-20 10:25:50:810</date><id>0</id><type>bounding_box</type><polygon><username>anonymous</username><pt><x>981</x><y>580</y><time>19-09-20 10:25:37:542</time></pt><pt><x>3174</x><y>580</y><time>19-09-20 10:25:42:747</time></pt><pt><x>3174</x><y>2606</y><time>undefined</time></pt><pt><x>981</x><y>2606</y><time>undefined</time></pt><closed_date>19-09-20 10:25:42:748</closed_date></polygon></object></annotation>