<annotation><filename>m4_s10_164_p_nic021.jpg</filename><folder>users/joselusava//santiago_2</folder><source><submittedBy>Jose Saca</submittedBy></source><imagesize><nrows>2970</nrows><ncols>4451</ncols></imagesize><object><name>m4_s10_164_p_nic021</name><deleted>0</deleted><verified>0</verified><occluded>no</occluded><attributes></attributes><parts><hasparts></hasparts><ispartof></ispartof></parts><date>13-10-20 23:48:27:522</date><id>0</id><type>bounding_box</type><polygon><username>anonymous</username><pt><x>503</x><y>1885</y><time>13-10-20 23:48:24:244</time></pt><pt><x>1025</x><y>1885</y><time>13-10-20 23:48:25:309</time></pt><pt><x>1025</x><y>2524</y><time>undefined</time></pt><pt><x>503</x><y>2524</y><time>undefined</time></pt><closed_date>13-10-20 23:48:25:310</closed_date></polygon></object></annotation>