<annotation><filename>m4_s10_164_p_ic015.jpg</filename><folder>users/joselusava//santiago_2</folder><source><submittedBy>Jose Saca</submittedBy></source><imagesize><nrows>2970</nrows><ncols>4451</ncols></imagesize><object><name>m4_s10_164_p_ic015</name><deleted>0</deleted><verified>0</verified><occluded>no</occluded><attributes></attributes><parts><hasparts></hasparts><ispartof></ispartof></parts><date>13-10-20 22:08:58:518</date><id>0</id><type>bounding_box</type><polygon><username>anonymous</username><pt><x>1910</x><y>907</y><time>13-10-20 22:08:55:423</time></pt><pt><x>2581</x><y>907</y><time>13-10-20 22:08:56:268</time></pt><pt><x>2581</x><y>1813</y><time>undefined</time></pt><pt><x>1910</x><y>1813</y><time>undefined</time></pt><closed_date>13-10-20 22:08:56:270</closed_date></polygon></object></annotation>