<annotation><filename>m3_s01_013_p_nic005.jpg</filename><folder>users/joselusava//valeria/m03_s01_13_nic</folder><source><submittedBy>Jose Saca</submittedBy></source><imagesize><nrows>2970</nrows><ncols>4451</ncols></imagesize><object><name>m3_s01_013_p_nic005</name><deleted>0</deleted><verified>0</verified><occluded>no</occluded><attributes></attributes><parts><hasparts></hasparts><ispartof></ispartof></parts><date>01-11-20 17:22:02:403</date><id>0</id><type>bounding_box</type><polygon><username>anonymous</username><pt><x>1485</x><y>2262</y><time>01-11-20 17:21:56:079</time></pt><pt><x>4318</x><y>2262</y><time>01-11-20 17:21:58:982</time></pt><pt><x>4318</x><y>137</y><time>undefined</time></pt><pt><x>1485</x><y>137</y><time>undefined</time></pt><closed_date>01-11-20 17:21:58:983</closed_date></polygon></object></annotation>