<annotation><filename>m4_s12_186_p_ic084.jpg</filename><folder>users/joselusava//m4_js/186/ic</folder><source><submittedBy>Jose Saca</submittedBy></source><imagesize><nrows>3899</nrows><ncols>5844</ncols></imagesize><object><name>m4_s12_186_p_ic084</name><deleted>0</deleted><verified>0</verified><occluded>no</occluded><attributes></attributes><parts><hasparts></hasparts><ispartof></ispartof></parts><date>18-10-20 11:11:52:962</date><id>0</id><type>bounding_box</type><polygon><username>anonymous</username><pt><x>1703</x><y>478</y><time>18-10-20 11:11:51:229</time></pt><pt><x>3744</x><y>478</y><time>18-10-20 11:11:52:238</time></pt><pt><x>3744</x><y>3441</y><time>undefined</time></pt><pt><x>1703</x><y>3441</y><time>undefined</time></pt><closed_date>18-10-20 11:11:52:238</closed_date></polygon></object></annotation>