<annotation><filename>m1_s01_017_p_ic079.jpg</filename><folder>users/joselusava//santiago</folder><source><submittedBy>Jose Saca</submittedBy></source><imagesize><nrows>3200</nrows><ncols>4800</ncols></imagesize><object><name>m1_s01_017_p_ic079</name><deleted>0</deleted><verified>0</verified><occluded>no</occluded><attributes></attributes><parts><hasparts></hasparts><ispartof></ispartof></parts><date>10-09-20 23:03:07:920</date><id>0</id><type>bounding_box</type><polygon><username>anonymous</username><pt><x>1307</x><y>695</y><time>10-09-20 23:02:58:834</time></pt><pt><x>2973</x><y>695</y><time>10-09-20 23:03:01:349</time></pt><pt><x>2973</x><y>2221</y><time>undefined</time></pt><pt><x>1307</x><y>2221</y><time>undefined</time></pt><closed_date>10-09-20 23:03:01:351</closed_date></polygon></object></annotation>