<annotation><filename>m2_s01_034_p_ic098.jpg</filename><folder>users/joselusava//kath</folder><source><submittedBy>Jose Saca</submittedBy></source><imagesize><nrows>2850</nrows><ncols>4271</ncols></imagesize><object><name>m2_s01_034_p_ic098</name><deleted>0</deleted><verified>0</verified><occluded>no</occluded><attributes></attributes><parts><hasparts></hasparts><ispartof></ispartof></parts><date>25-09-20 17:15:58:787</date><id>0</id><type>bounding_box</type><polygon><username>anonymous</username><pt><x>1547</x><y>308</y><time>25-09-20 17:15:51:506</time></pt><pt><x>2993</x><y>308</y><time>25-09-20 17:15:55:555</time></pt><pt><x>2993</x><y>2642</y><time>undefined</time></pt><pt><x>1547</x><y>2642</y><time>undefined</time></pt><closed_date>25-09-20 17:15:55:556</closed_date></polygon></object></annotation>