<annotation><filename>m2_s03_252_p_nic089.jpg</filename><folder>users/joselusava//valeria/m2_sala03_252_nic</folder><source><submittedBy>Jose Saca</submittedBy></source><imagesize><nrows>2910</nrows><ncols>4361</ncols></imagesize><object><name>m2_s06_252_p_nic089</name><deleted>0</deleted><verified>0</verified><occluded>no</occluded><attributes></attributes><parts><hasparts></hasparts><ispartof></ispartof></parts><date>26-09-20 22:43:05:798</date><id>0</id><type>bounding_box</type><polygon><username>anonymous</username><pt><x>298</x><y>551</y><time>26-09-20 22:42:59:996</time></pt><pt><x>1957</x><y>551</y><time>26-09-20 22:43:01:808</time></pt><pt><x>1957</x><y>1598</y><time>undefined</time></pt><pt><x>298</x><y>1598</y><time>undefined</time></pt><closed_date>26-09-20 22:43:01:809</closed_date></polygon></object></annotation>