<annotation><filename>m2_s01_032_p_nic072.jpg</filename><folder>users/joselusava//santiago_2</folder><source><submittedBy>Jose Saca</submittedBy></source><imagesize><nrows>2850</nrows><ncols>4271</ncols></imagesize><object><name>m2_s01_032_p_nic072</name><deleted>0</deleted><verified>0</verified><occluded>no</occluded><attributes></attributes><parts><hasparts></hasparts><ispartof></ispartof></parts><date>30-09-20 21:11:11:906</date><id>0</id><type>bounding_box</type><polygon><username>anonymous</username><pt><x>3016</x><y>624</y><time>30-09-20 21:11:09:409</time></pt><pt><x>3919</x><y>624</y><time>30-09-20 21:11:10:168</time></pt><pt><x>3919</x><y>1880</y><time>undefined</time></pt><pt><x>3016</x><y>1880</y><time>undefined</time></pt><closed_date>30-09-20 21:11:10:169</closed_date></polygon></object></annotation>