<annotation><filename>m4_s02_015_p_nic020.jpg</filename><folder>users/joselusava//m4_js/caca</folder><source><submittedBy>Jose Saca</submittedBy></source><imagesize><nrows>2910</nrows><ncols>4361</ncols></imagesize><object><name>m4_s02_015_p_nic020</name><deleted>0</deleted><verified>0</verified><occluded>no</occluded><attributes></attributes><parts><hasparts></hasparts><ispartof></ispartof></parts><date>02-11-20 21:11:04:726</date><id>0</id><type>bounding_box</type><polygon><username>anonymous</username><pt><x>4126</x><y>740</y><time>02-11-20 21:11:02:982</time></pt><pt><x>2812</x><y>740</y><time>02-11-20 21:11:04:225</time></pt><pt><x>2812</x><y>2298</y><time>undefined</time></pt><pt><x>4126</x><y>2298</y><time>undefined</time></pt><closed_date>02-11-20 21:11:04:226</closed_date></polygon></object></annotation>