<annotation><filename>m2_s03_219_p_ic044.jpg</filename><folder>users/joselusava//valeria/m2_sala03_219_ic</folder><source><submittedBy>Jose Saca</submittedBy></source><imagesize><nrows>2910</nrows><ncols>4361</ncols></imagesize><object><name>m2_s03_219_p_ic044</name><deleted>0</deleted><verified>0</verified><occluded>no</occluded><attributes></attributes><parts><hasparts></hasparts><ispartof></ispartof></parts><date>29-09-20 00:28:24:167</date><id>0</id><type>bounding_box</type><polygon><username>anonymous</username><pt><x>3323</x><y>198</y><time>29-09-20 00:28:18:717</time></pt><pt><x>1235</x><y>198</y><time>29-09-20 00:28:20:412</time></pt><pt><x>1235</x><y>2695</y><time>undefined</time></pt><pt><x>3323</x><y>2695</y><time>undefined</time></pt><closed_date>29-09-20 00:28:20:413</closed_date></polygon></object></annotation>