<annotation><filename>m4_s11_176_p_ic026.jpg</filename><folder>users/joselusava//m4_js/176/ic</folder><source><submittedBy>Jose Saca</submittedBy></source><imagesize><nrows>2970</nrows><ncols>4451</ncols></imagesize><object><name>m4_s11_176_p_ic026</name><deleted>0</deleted><verified>0</verified><occluded>no</occluded><attributes></attributes><parts><hasparts></hasparts><ispartof></ispartof></parts><date>14-10-20 16:40:03:439</date><id>0</id><type>bounding_box</type><polygon><username>anonymous</username><pt><x>3047</x><y>2381</y><time>14-10-20 16:40:01:765</time></pt><pt><x>1253</x><y>2381</y><time>14-10-20 16:40:02:673</time></pt><pt><x>1253</x><y>595</y><time>undefined</time></pt><pt><x>3047</x><y>595</y><time>undefined</time></pt><closed_date>14-10-20 16:40:02:673</closed_date></polygon></object></annotation>