<annotation><filename>m4_s06_089_p_ic094.jpg</filename><folder>users/joselusava//santiago_2</folder><source><submittedBy>Jose Saca</submittedBy></source><imagesize><nrows>2970</nrows><ncols>4451</ncols></imagesize><object><name>m4_s06_089_p_ic094</name><deleted>0</deleted><verified>0</verified><occluded>no</occluded><attributes></attributes><parts><hasparts></hasparts><ispartof></ispartof></parts><date>11-10-20 22:04:51:465</date><id>0</id><type>bounding_box</type><polygon><username>anonymous</username><pt><x>1496</x><y>449</y><time>11-10-20 22:04:47:021</time></pt><pt><x>2864</x><y>449</y><time>11-10-20 22:04:48:959</time></pt><pt><x>2864</x><y>2684</y><time>undefined</time></pt><pt><x>1496</x><y>2684</y><time>undefined</time></pt><closed_date>11-10-20 22:04:48:959</closed_date></polygon></object></annotation>