<annotation><filename>m2_s03_219_p_nic060.jpg</filename><folder>users/joselusava//valeria/m2_sala03_219_nic</folder><source><submittedBy>Jose Saca</submittedBy></source><imagesize><nrows>2910</nrows><ncols>4361</ncols></imagesize><object><name>m2_s03_219_p_nic060</name><deleted>0</deleted><verified>0</verified><occluded>no</occluded><attributes></attributes><parts><hasparts></hasparts><ispartof></ispartof></parts><date>29-09-20 18:25:28:312</date><id>0</id><type>bounding_box</type><polygon><username>anonymous</username><pt><x>457</x><y>2734</y><time>29-09-20 18:25:20:640</time></pt><pt><x>1664</x><y>2734</y><time>29-09-20 18:25:22:462</time></pt><pt><x>1664</x><y>1146</y><time>undefined</time></pt><pt><x>457</x><y>1146</y><time>undefined</time></pt><closed_date>29-09-20 18:25:22:464</closed_date></polygon></object></annotation>