<annotation><filename>m4_s05_052_p_nic042.jpg</filename><folder>users/joselusava//santiago_2</folder><source><submittedBy>Jose Saca</submittedBy></source><imagesize><nrows>2910</nrows><ncols>4361</ncols></imagesize><object><name>m4_s05_052_p_nic042</name><deleted>0</deleted><verified>0</verified><occluded>no</occluded><attributes></attributes><parts><hasparts></hasparts><ispartof></ispartof></parts><date>08-10-20 21:22:21:980</date><id>0</id><type>bounding_box</type><polygon><username>anonymous</username><pt><x>2782</x><y>873</y><time>08-10-20 21:22:18:279</time></pt><pt><x>4005</x><y>873</y><time>08-10-20 21:22:19:588</time></pt><pt><x>4005</x><y>2276</y><time>undefined</time></pt><pt><x>2782</x><y>2276</y><time>undefined</time></pt><closed_date>08-10-20 21:22:19:589</closed_date></polygon></object></annotation>