<annotation><filename>m1_s02_029_p_ic065.jpg</filename><folder>users/joselusava//valeria/sala2_029_ic</folder><source><submittedBy>Jose Saca</submittedBy></source><imagesize><nrows>3200</nrows><ncols>4800</ncols></imagesize><object><name>m1_s02_029_p_ic065</name><deleted>0</deleted><verified>0</verified><occluded>no</occluded><attributes></attributes><parts><hasparts></hasparts><ispartof></ispartof></parts><date>22-08-20 20:29:48:675</date><id>0</id><type>bounding_box</type><polygon><username>anonymous</username><pt><x>1026</x><y>183</y><time>22-08-20 20:29:37:593</time></pt><pt><x>3576</x><y>183</y><time>22-08-20 20:29:43:027</time></pt><pt><x>3576</x><y>2668</y><time>undefined</time></pt><pt><x>1026</x><y>2668</y><time>undefined</time></pt><closed_date>22-08-20 20:29:43:029</closed_date></polygon></object></annotation>