<annotation><filename>m2_s07_264_p_ic039.jpg</filename><folder>users/joselusava//valeria/sala7_264_ic</folder><source><submittedBy>Jose Saca</submittedBy></source><imagesize><nrows>2910</nrows><ncols>4361</ncols></imagesize><object><name>m2_s07_264_p_ic039</name><deleted>0</deleted><verified>0</verified><occluded>no</occluded><attributes></attributes><parts><hasparts></hasparts><ispartof></ispartof></parts><date>22-09-20 19:45:45:859</date><id>0</id><type>bounding_box</type><polygon><username>anonymous</username><pt><x>1516</x><y>2546</y><time>22-09-20 19:45:39:269</time></pt><pt><x>3075</x><y>2546</y><time>22-09-20 19:45:41:946</time></pt><pt><x>3075</x><y>287</y><time>undefined</time></pt><pt><x>1516</x><y>287</y><time>undefined</time></pt><closed_date>22-09-20 19:45:41:947</closed_date></polygon></object></annotation>