<annotation><filename>m2_s05_236_p_nic082.jpg</filename><folder>users/joselusava//museos2020</folder><source><submittedBy>Jose Saca</submittedBy></source><imagesize><nrows>2910</nrows><ncols>4361</ncols></imagesize><object><name>m2_s05_236_p_nic082</name><deleted>0</deleted><verified>0</verified><occluded>no</occluded><attributes></attributes><parts><hasparts></hasparts><ispartof></ispartof></parts><date>17-09-20 13:23:33:601</date><id>0</id><type>bounding_box</type><polygon><username>anonymous</username><pt><x>1362</x><y>600</y><time>17-09-20 13:23:26:434</time></pt><pt><x>3998</x><y>600</y><time>17-09-20 13:23:28:144</time></pt><pt><x>3998</x><y>2622</y><time>undefined</time></pt><pt><x>1362</x><y>2622</y><time>undefined</time></pt><closed_date>17-09-20 13:23:28:145</closed_date></polygon></object></annotation>