<annotation><filename>m3_s01_002_p_nic055.jpg</filename><folder>users/joselusava//santiago_3</folder><source><submittedBy>Jose Saca</submittedBy></source><imagesize><nrows>2970</nrows><ncols>4451</ncols></imagesize><object><name>m3_s01_002_p_nic055</name><deleted>0</deleted><verified>0</verified><occluded>no</occluded><attributes></attributes><parts><hasparts></hasparts><ispartof></ispartof></parts><date>29-10-20 20:50:18:823</date><id>0</id><type>bounding_box</type><polygon><username>anonymous</username><pt><x>2103</x><y>1124</y><time>29-10-20 20:50:15:753</time></pt><pt><x>4298</x><y>1124</y><time>29-10-20 20:50:16:832</time></pt><pt><x>4298</x><y>2870</y><time>undefined</time></pt><pt><x>2103</x><y>2870</y><time>undefined</time></pt><closed_date>29-10-20 20:50:16:833</closed_date></polygon></object></annotation>