<annotation><filename>m3_s01_013_p_ic083.jpg</filename><folder>users/joselusava//valeria/m03_s01_13_ic</folder><source><submittedBy>Jose Saca</submittedBy></source><imagesize><nrows>2970</nrows><ncols>4451</ncols></imagesize><object><name>m3_s01_013_p_ic082</name><deleted>0</deleted><verified>0</verified><occluded>no</occluded><attributes></attributes><parts><hasparts></hasparts><ispartof></ispartof></parts><date>01-11-20 09:33:40:260</date><id>0</id><type>bounding_box</type><polygon><username>anonymous</username><pt><x>3770</x><y>2879</y><time>01-11-20 09:33:34:181</time></pt><pt><x>371</x><y>2879</y><time>01-11-20 09:33:36:574</time></pt><pt><x>371</x><y>291</y><time>undefined</time></pt><pt><x>3770</x><y>291</y><time>undefined</time></pt><closed_date>01-11-20 09:33:36:575</closed_date></polygon></object></annotation>