<annotation><filename>m1_s01_001_p_ic074.jpg</filename><folder>users/joselusava//juancarlos</folder><source><submittedBy>Jose Saca</submittedBy></source><imagesize><nrows>2000</nrows><ncols>2992</ncols></imagesize><object><name>m1_s01_001_p_ic074</name><deleted>0</deleted><verified>0</verified><occluded>no</occluded><attributes></attributes><parts><hasparts></hasparts><ispartof></ispartof></parts><date>01-09-20 10:14:36:861</date><id>0</id><type>bounding_box</type><polygon><username>anonymous</username><pt><x>915</x><y>818</y><time>01-09-20 10:14:23:018</time></pt><pt><x>2166</x><y>818</y><time>01-09-20 10:14:26:285</time></pt><pt><x>2166</x><y>1463</y><time>undefined</time></pt><pt><x>915</x><y>1463</y><time>undefined</time></pt><closed_date>01-09-20 10:14:26:287</closed_date></polygon></object></annotation>