<annotation><filename>m4_s05_055_p_ic023.jpg</filename><folder>users/joselusava//valeria/m4_s05_055_ic</folder><source><submittedBy>Jose Saca</submittedBy></source><imagesize><nrows>2910</nrows><ncols>4361</ncols></imagesize><object><name>m4_s05_055_p_ic023</name><deleted>0</deleted><verified>0</verified><occluded>no</occluded><attributes></attributes><parts><hasparts></hasparts><ispartof></ispartof></parts><date>08-10-20 22:00:34:496</date><id>0</id><type>bounding_box</type><polygon><username>anonymous</username><pt><x>1157</x><y>353</y><time>08-10-20 22:00:28:213</time></pt><pt><x>3075</x><y>353</y><time>08-10-20 22:00:29:958</time></pt><pt><x>3075</x><y>2442</y><time>undefined</time></pt><pt><x>1157</x><y>2442</y><time>undefined</time></pt><closed_date>08-10-20 22:00:29:958</closed_date></polygon></object></annotation>