<annotation><filename>m2_s03_219_p_nic025.jpg</filename><folder>users/joselusava//valeria/m2_sala03_219_nic</folder><source><submittedBy>Jose Saca</submittedBy></source><imagesize><nrows>2910</nrows><ncols>4361</ncols></imagesize><object><name>m2_s03_219_p_nic025</name><deleted>0</deleted><verified>0</verified><occluded>no</occluded><attributes></attributes><parts><hasparts></hasparts><ispartof></ispartof></parts><date>29-09-20 17:30:50:284</date><id>0</id><type>bounding_box</type><polygon><username>anonymous</username><pt><x>3136</x><y>1857</y><time>29-09-20 17:30:45:039</time></pt><pt><x>1968</x><y>1857</y><time>29-09-20 17:30:46:720</time></pt><pt><x>1968</x><y>226</y><time>undefined</time></pt><pt><x>3136</x><y>226</y><time>undefined</time></pt><closed_date>29-09-20 17:30:46:721</closed_date></polygon></object></annotation>