<annotation><filename>m1_s02_052_p_nic008.jpg</filename><folder>users/joselusava//valeria/sala2_052_nic</folder><source><submittedBy>Jose Saca</submittedBy></source><imagesize><nrows>3200</nrows><ncols>4800</ncols></imagesize><object><name>m1_s02_052_p_nic008</name><deleted>0</deleted><verified>0</verified><occluded>no</occluded><attributes></attributes><parts><hasparts></hasparts><ispartof></ispartof></parts><date>27-08-20 13:50:03:438</date><id>0</id><type>bounding_box</type><polygon><username>anonymous</username><pt><x>1750</x><y>1664</y><time>27-08-20 13:49:56:278</time></pt><pt><x>848</x><y>1664</y><time>27-08-20 13:50:00:207</time></pt><pt><x>848</x><y>537</y><time>undefined</time></pt><pt><x>1750</x><y>537</y><time>undefined</time></pt><closed_date>27-08-20 13:50:00:208</closed_date></polygon></object></annotation>