<annotation><filename>m2_s03_248_p_nic034.jpg</filename><folder>users/joselusava//museos2020</folder><source><submittedBy>Jose Saca</submittedBy></source><imagesize><nrows>2910</nrows><ncols>4361</ncols></imagesize><object><name>m2_s03_248_p_nic034</name><deleted>0</deleted><verified>0</verified><occluded>no</occluded><attributes></attributes><parts><hasparts></hasparts><ispartof></ispartof></parts><date>27-09-20 16:53:59:766</date><id>0</id><polygon><username>anonymous</username><pt><x>1859</x><y>1153</y><time>27-09-20 16:53:49:149</time></pt><pt><x>4035</x><y>1139</y><time>27-09-20 16:53:50:161</time></pt><pt><x>3389</x><y>1878</y><time>27-09-20 16:53:51:170</time></pt><pt><x>1687</x><y>1390</y><time>27-09-20 16:53:52:234</time></pt><closed_date>27-09-20 16:53:52:993</closed_date></polygon></object></annotation>