<annotation><filename>m2_s01_056_p_nic077.jpg</filename><folder>users/joselusava//m2_jsv/56/nic</folder><source><submittedBy>Jose Saca</submittedBy></source><imagesize><nrows>2850</nrows><ncols>4271</ncols></imagesize><object><name>m2_s01_056_p_nic077</name><deleted>0</deleted><verified>0</verified><occluded>no</occluded><attributes></attributes><parts><hasparts></hasparts><ispartof></ispartof></parts><date>28-09-20 22:33:23:128</date><id>0</id><type>bounding_box</type><polygon><username>anonymous</username><pt><x>2819</x><y>2709</y><time>28-09-20 22:33:21:394</time></pt><pt><x>1410</x><y>2709</y><time>28-09-20 22:33:22:597</time></pt><pt><x>1410</x><y>1180</y><time>undefined</time></pt><pt><x>2819</x><y>1180</y><time>undefined</time></pt><closed_date>28-09-20 22:33:22:598</closed_date></polygon></object></annotation>