<annotation><filename>m4_s10_157_p_ic027.jpg</filename><folder>users/joselusava//valeria/m04_s10_157_nic</folder><source><submittedBy>Jose Saca</submittedBy></source><imagesize><nrows>2970</nrows><ncols>4451</ncols></imagesize><object><name>m4_s10_157_p_nic027</name><deleted>0</deleted><verified>0</verified><occluded>no</occluded><attributes></attributes><parts><hasparts></hasparts><ispartof></ispartof></parts><date>12-10-20 19:25:13:471</date><id>0</id><type>bounding_box</type><polygon><username>anonymous</username><pt><x>405</x><y>2948</y><time>12-10-20 19:25:08:428</time></pt><pt><x>2183</x><y>2948</y><time>12-10-20 19:25:09:891</time></pt><pt><x>2183</x><y>838</y><time>undefined</time></pt><pt><x>405</x><y>838</y><time>undefined</time></pt><closed_date>12-10-20 19:25:09:891</closed_date></polygon></object></annotation>