<annotation><filename>m2_s03_201_p_ic060.jpg</filename><folder>users/joselusava//eg</folder><source><submittedBy>Jose Saca</submittedBy></source><imagesize><nrows>2910</nrows><ncols>4361</ncols></imagesize><object><name>m2_s03_201_p_ic060</name><deleted>0</deleted><verified>0</verified><occluded>no</occluded><attributes></attributes><parts><hasparts></hasparts><ispartof></ispartof></parts><date>17-09-20 07:28:22:193</date><id>0</id><type>bounding_box</type><polygon><username>anonymous</username><pt><x>882</x><y>294</y><time>17-09-20 07:28:08:000</time></pt><pt><x>3233</x><y>294</y><time>17-09-20 07:28:08:949</time></pt><pt><x>3233</x><y>2516</y><time>undefined</time></pt><pt><x>882</x><y>2516</y><time>undefined</time></pt><closed_date>17-09-20 07:28:08:951</closed_date></polygon></object></annotation>