<annotation><filename>m4_s09_138_p_nic084.jpg</filename><folder>users/joselusava//santiago_2</folder><source><submittedBy>Jose Saca</submittedBy></source><imagesize><nrows>2970</nrows><ncols>4451</ncols></imagesize><object><name>m4_s09_138_p_nic084</name><deleted>0</deleted><verified>0</verified><occluded>no</occluded><attributes></attributes><parts><hasparts></hasparts><ispartof></ispartof></parts><date>23-10-20 14:30:45:310</date><id>0</id><type>bounding_box</type><polygon><username>anonymous</username><pt><x>186</x><y>1132</y><time>23-10-20 14:30:42:388</time></pt><pt><x>2838</x><y>1132</y><time>23-10-20 14:30:43:509</time></pt><pt><x>2838</x><y>2524</y><time>undefined</time></pt><pt><x>186</x><y>2524</y><time>undefined</time></pt><closed_date>23-10-20 14:30:43:509</closed_date></polygon></object></annotation>