<annotation><filename>m2_s05_236_p_ic092.jpg</filename><folder>users/joselusava//museos2020</folder><source><submittedBy>Jose Saca</submittedBy></source><imagesize><nrows>2910</nrows><ncols>4361</ncols></imagesize><object><name>m2_s05_236_p_ic092</name><deleted>0</deleted><verified>0</verified><occluded>no</occluded><attributes></attributes><parts><hasparts></hasparts><ispartof></ispartof></parts><date>16-09-20 19:31:25:725</date><id>0</id><type>bounding_box</type><polygon><username>anonymous</username><pt><x>772</x><y>200</y><time>16-09-20 19:31:17:799</time></pt><pt><x>3951</x><y>200</y><time>16-09-20 19:31:19:483</time></pt><pt><x>3951</x><y>2877</y><time>undefined</time></pt><pt><x>772</x><y>2877</y><time>undefined</time></pt><closed_date>16-09-20 19:31:19:484</closed_date></polygon></object></annotation>