<annotation><filename>m1_s01_005_p_ic006.jpg</filename><folder>users/joselusava//jacob/sala1/ic</folder><source><submittedBy>Jose Saca</submittedBy></source><imagesize><nrows>2000</nrows><ncols>2992</ncols></imagesize><object><name>m1_s01_005_p_ic006</name><deleted>0</deleted><verified>0</verified><occluded>no</occluded><attributes></attributes><parts><hasparts></hasparts><ispartof></ispartof></parts><date>14-09-20 17:25:04:642</date><id>0</id><type>bounding_box</type><polygon><username>anonymous</username><pt><x>1963</x><y>1445</y><time>14-09-20 17:25:01:947</time></pt><pt><x>1190</x><y>1445</y><time>14-09-20 17:25:04:071</time></pt><pt><x>1190</x><y>613</y><time>undefined</time></pt><pt><x>1963</x><y>613</y><time>undefined</time></pt><closed_date>14-09-20 17:25:04:071</closed_date></polygon></object></annotation>