<annotation><filename>m4_s02_021_p_ic082.jpg</filename><folder>users/joselusava//santiago_2</folder><source><submittedBy>Jose Saca</submittedBy></source><imagesize><nrows>2910</nrows><ncols>4361</ncols></imagesize><object><name>m4_s02_021_p_ic082</name><deleted>0</deleted><verified>0</verified><occluded>no</occluded><attributes></attributes><parts><hasparts></hasparts><ispartof></ispartof></parts><date>04-10-20 19:34:19:796</date><id>0</id><type>bounding_box</type><polygon><username>anonymous</username><pt><x>1254</x><y>256</y><time>04-10-20 19:34:16:213</time></pt><pt><x>2591</x><y>256</y><time>04-10-20 19:34:17:530</time></pt><pt><x>2591</x><y>2529</y><time>undefined</time></pt><pt><x>1254</x><y>2529</y><time>undefined</time></pt><closed_date>04-10-20 19:34:17:531</closed_date></polygon></object></annotation>