<annotation><filename>m2_s06_250_p_ic085.jpg</filename><folder>users/joselusava//valeria/m2_sala06_250_ic</folder><source><submittedBy>Jose Saca</submittedBy></source><imagesize><nrows>2910</nrows><ncols>4361</ncols></imagesize><object><name>m2_s06_250_p_ic084</name><deleted>0</deleted><verified>0</verified><occluded>no</occluded><attributes></attributes><parts><hasparts></hasparts><ispartof></ispartof></parts><date>01-10-20 00:19:12:238</date><id>0</id><type>bounding_box</type><polygon><username>anonymous</username><pt><x>342</x><y>1725</y><time>01-10-20 00:19:06:538</time></pt><pt><x>4189</x><y>1725</y><time>01-10-20 00:19:08:746</time></pt><pt><x>4189</x><y>871</y><time>undefined</time></pt><pt><x>342</x><y>871</y><time>undefined</time></pt><closed_date>01-10-20 00:19:08:747</closed_date></polygon></object></annotation>