<annotation><filename>m3_s01_013_p_ic084.jpg</filename><folder>users/joselusava//valeria/m03_s01_13_ic</folder><source><submittedBy>Jose Saca</submittedBy></source><imagesize><nrows>2970</nrows><ncols>4451</ncols></imagesize><object><name>m3_s01_013_p_ic083</name><deleted>0</deleted><verified>0</verified><occluded>no</occluded><attributes></attributes><parts><hasparts></hasparts><ispartof></ispartof></parts><date>01-11-20 09:34:46:214</date><id>0</id><type>bounding_box</type><polygon><username>anonymous</username><pt><x>3747</x><y>2867</y><time>01-11-20 09:34:39:247</time></pt><pt><x>291</x><y>2867</y><time>01-11-20 09:34:42:118</time></pt><pt><x>291</x><y>308</y><time>undefined</time></pt><pt><x>3747</x><y>308</y><time>undefined</time></pt><closed_date>01-11-20 09:34:42:120</closed_date></polygon></object></annotation>