<annotation><filename>m1_s06_144_p_nic006.jpg</filename><folder>users/joselusava//jacob_2/144nic</folder><source><submittedBy>Jose Saca</submittedBy></source><imagesize><nrows>2736</nrows><ncols>4100</ncols></imagesize><object><name>m1_s06_144_p_nic006</name><deleted>0</deleted><verified>0</verified><occluded>no</occluded><attributes></attributes><parts><hasparts></hasparts><ispartof></ispartof></parts><date>08-09-20 01:51:57:886</date><id>0</id><type>bounding_box</type><polygon><username>anonymous</username><pt><x>3249</x><y>1571</y><time>08-09-20 01:51:55:234</time></pt><pt><x>1555</x><y>1571</y><time>08-09-20 01:51:56:928</time></pt><pt><x>1555</x><y>237</y><time>undefined</time></pt><pt><x>3249</x><y>237</y><time>undefined</time></pt><closed_date>08-09-20 01:51:56:928</closed_date></polygon></object></annotation>