<annotation><filename>m1_s06_141_p_ic065.jpg</filename><folder>users/joselusava//jacob_2/141ic</folder><source><submittedBy>Jose Saca</submittedBy></source><imagesize><nrows>2736</nrows><ncols>4100</ncols></imagesize><object><name>m1_s06_141_p_ic065</name><deleted>0</deleted><verified>0</verified><occluded>no</occluded><attributes></attributes><parts><hasparts></hasparts><ispartof></ispartof></parts><date>04-09-20 23:02:21:065</date><id>0</id><type>bounding_box</type><polygon><username>anonymous</username><pt><x>1177</x><y>2537</y><time>04-09-20 23:02:17:949</time></pt><pt><x>2902</x><y>2537</y><time>04-09-20 23:02:20:177</time></pt><pt><x>2902</x><y>14</y><time>undefined</time></pt><pt><x>1177</x><y>14</y><time>undefined</time></pt><closed_date>04-09-20 23:02:20:177</closed_date></polygon></object></annotation>