<annotation><filename>m1_s02_036_p_nic022.jpg</filename><folder>users/joselusava//valeria/sala2_036_nic</folder><source><submittedBy>Jose Saca</submittedBy></source><imagesize><nrows>3200</nrows><ncols>4800</ncols></imagesize><object><name>m1_s02_036_p_nic022</name><deleted>0</deleted><verified>0</verified><occluded>no</occluded><attributes></attributes><parts><hasparts></hasparts><ispartof></ispartof></parts><date>26-08-20 22:48:20:223</date><id>0</id><type>bounding_box</type><polygon><username>anonymous</username><pt><x>3077</x><y>789</y><time>26-08-20 22:48:07:882</time></pt><pt><x>4016</x><y>789</y><time>26-08-20 22:48:10:425</time></pt><pt><x>4016</x><y>1895</y><time>undefined</time></pt><pt><x>3077</x><y>1895</y><time>undefined</time></pt><closed_date>26-08-20 22:48:10:426</closed_date></polygon></object></annotation>