<annotation><filename>m3_s01_013_p_nic041.jpg</filename><folder>users/joselusava//valeria/m03_s01_13_nic</folder><source><submittedBy>Jose Saca</submittedBy></source><imagesize><nrows>2970</nrows><ncols>4451</ncols></imagesize><object><name>m3_s01_013_p_nic041</name><deleted>0</deleted><verified>0</verified><occluded>no</occluded><attributes></attributes><parts><hasparts></hasparts><ispartof></ispartof></parts><date>06-11-20 23:20:28:785</date><id>0</id><type>bounding_box</type><polygon><username>anonymous</username><pt><x>2896</x><y>2593</y><time>06-11-20 23:20:12:820</time></pt><pt><x>194</x><y>2593</y><time>06-11-20 23:20:16:423</time></pt><pt><x>194</x><y>457</y><time>undefined</time></pt><pt><x>2896</x><y>457</y><time>undefined</time></pt><closed_date>06-11-20 23:20:16:425</closed_date></polygon></object></annotation>