<annotation><filename>m4_s09_138_p_nic056.jpg</filename><folder>users/joselusava//santiago_2</folder><source><submittedBy>Jose Saca</submittedBy></source><imagesize><nrows>2970</nrows><ncols>4451</ncols></imagesize><object><name>m4_s09_138_p_nic056</name><deleted>0</deleted><verified>0</verified><occluded>no</occluded><attributes></attributes><parts><hasparts></hasparts><ispartof></ispartof></parts><date>23-10-20 14:01:22:181</date><id>0</id><type>bounding_box</type><polygon><username>anonymous</username><pt><x>2417</x><y>725</y><time>23-10-20 14:01:19:511</time></pt><pt><x>4169</x><y>725</y><time>23-10-20 14:01:20:450</time></pt><pt><x>4169</x><y>1703</y><time>undefined</time></pt><pt><x>2417</x><y>1703</y><time>undefined</time></pt><closed_date>23-10-20 14:01:20:451</closed_date></polygon></object></annotation>