<annotation><filename>m4_s10_154_p_ic098.jpg</filename><folder>users/joselusava//valeria/m04_s10_154_ic</folder><source><submittedBy>Jose Saca</submittedBy></source><imagesize><nrows>2970</nrows><ncols>4451</ncols></imagesize><object><name>m4_s10_154_p_ic098</name><deleted>0</deleted><verified>0</verified><occluded>no</occluded><attributes></attributes><parts><hasparts></hasparts><ispartof></ispartof></parts><date>13-10-20 23:25:15:162</date><id>0</id><type>bounding_box</type><polygon><username>anonymous</username><pt><x>2999</x><y>2713</y><time>13-10-20 23:25:08:652</time></pt><pt><x>1085</x><y>2713</y><time>13-10-20 23:25:11:485</time></pt><pt><x>1085</x><y>377</y><time>undefined</time></pt><pt><x>2999</x><y>377</y><time>undefined</time></pt><closed_date>13-10-20 23:25:11:486</closed_date></polygon></object></annotation>