<annotation><filename>m1_s06_186_p_nic076.jpg</filename><folder>users/joselusava//jacob_2/186nic</folder><source><submittedBy>Jose Saca</submittedBy></source><imagesize><nrows>2736</nrows><ncols>4100</ncols></imagesize><object><name>m1_s06_186_p_nic076</name><deleted>0</deleted><verified>0</verified><occluded>no</occluded><attributes></attributes><parts><hasparts></hasparts><ispartof></ispartof></parts><date>09-09-20 23:29:32:874</date><id>0</id><type>bounding_box</type><polygon><username>anonymous</username><pt><x>1866</x><y>254</y><time>09-09-20 23:29:30:193</time></pt><pt><x>867</x><y>254</y><time>09-09-20 23:29:32:336</time></pt><pt><x>867</x><y>2021</y><time>undefined</time></pt><pt><x>1866</x><y>2021</y><time>undefined</time></pt><closed_date>09-09-20 23:29:32:336</closed_date></polygon></object></annotation>