<annotation><filename>m2_s03_252_p_nic010.jpg</filename><folder>users/joselusava//valeria/m2_sala03_252_nic</folder><source><submittedBy>Jose Saca</submittedBy></source><imagesize><nrows>2910</nrows><ncols>4361</ncols></imagesize><object><name>m2_s06_252_p_nic010</name><deleted>0</deleted><verified>0</verified><occluded>no</occluded><attributes></attributes><parts><hasparts></hasparts><ispartof></ispartof></parts><date>26-09-20 18:30:27:936</date><id>0</id><type>bounding_box</type><polygon><username>anonymous</username><pt><x>2662</x><y>1543</y><time>26-09-20 18:30:22:127</time></pt><pt><x>4100</x><y>1543</y><time>26-09-20 18:30:24:377</time></pt><pt><x>4100</x><y>2585</y><time>undefined</time></pt><pt><x>2662</x><y>2585</y><time>undefined</time></pt><closed_date>26-09-20 18:30:24:379</closed_date></polygon></object></annotation>