<annotation><filename>m1_s02_036_p_ic051.jpg</filename><folder>users/joselusava//valeria/sala2_036_ic</folder><source><submittedBy>Jose Saca</submittedBy></source><imagesize><nrows>3200</nrows><ncols>4800</ncols></imagesize><object><name>m1_s01_036_p_ic051</name><deleted>0</deleted><verified>0</verified><occluded>no</occluded><attributes></attributes><parts><hasparts></hasparts><ispartof></ispartof></parts><date>23-08-20 21:57:52:599</date><id>0</id><type>bounding_box</type><polygon><username>anonymous</username><pt><x>569</x><y>123</y><time>23-08-20 21:57:39:219</time></pt><pt><x>3667</x><y>123</y><time>23-08-20 21:57:43:553</time></pt><pt><x>3667</x><y>2915</y><time>undefined</time></pt><pt><x>569</x><y>2915</y><time>undefined</time></pt><closed_date>23-08-20 21:57:43:554</closed_date></polygon></object></annotation>