<annotation><filename>m3_s01_013_p_nic055.jpg</filename><folder>users/joselusava//valeria/m03_s01_13_nic</folder><source><submittedBy>Jose Saca</submittedBy></source><imagesize><nrows>2970</nrows><ncols>4451</ncols></imagesize><object><name>m3_s01_013_p_nic055</name><deleted>0</deleted><verified>0</verified><occluded>no</occluded><attributes></attributes><parts><hasparts></hasparts><ispartof></ispartof></parts><date>06-11-20 23:34:46:338</date><id>0</id><type>bounding_box</type><polygon><username>anonymous</username><pt><x>2959</x><y>2639</y><time>06-11-20 23:34:40:797</time></pt><pt><x>177</x><y>2639</y><time>06-11-20 23:34:43:367</time></pt><pt><x>177</x><y>560</y><time>undefined</time></pt><pt><x>2959</x><y>560</y><time>undefined</time></pt><closed_date>06-11-20 23:34:43:368</closed_date></polygon></object></annotation>