<annotation><filename>m4_s12_185_p_ic053.jpg</filename><folder>users/joselusava//valeria/m04_s12_185_ic</folder><source><submittedBy>Jose Saca</submittedBy></source><imagesize><nrows>2910</nrows><ncols>4361</ncols></imagesize><object><name>m4_s12_185_p_ic053</name><deleted>0</deleted><verified>0</verified><occluded>no</occluded><attributes></attributes><parts><hasparts></hasparts><ispartof></ispartof></parts><date>17-10-20 17:21:59:578</date><id>0</id><type>bounding_box</type><polygon><username>anonymous</username><pt><x>3374</x><y>2630</y><time>17-10-20 17:21:53:790</time></pt><pt><x>1030</x><y>2630</y><time>17-10-20 17:21:56:027</time></pt><pt><x>1030</x><y>319</y><time>undefined</time></pt><pt><x>3374</x><y>319</y><time>undefined</time></pt><closed_date>17-10-20 17:21:56:028</closed_date></polygon></object></annotation>