<annotation><filename>m1_s06_186_p_ic084.jpg</filename><folder>users/joselusava//jacob_2/186ic</folder><source><submittedBy>Jose Saca</submittedBy></source><imagesize><nrows>2736</nrows><ncols>4100</ncols></imagesize><object><name>s06_186_p_ic084</name><deleted>0</deleted><verified>0</verified><occluded>no</occluded><attributes></attributes><parts><hasparts></hasparts><ispartof></ispartof></parts><date>09-09-20 22:51:07:270</date><id>0</id><type>bounding_box</type><polygon><username>anonymous</username><pt><x>2954</x><y>2357</y><time>09-09-20 22:51:03:552</time></pt><pt><x>1211</x><y>2357</y><time>09-09-20 22:51:06:494</time></pt><pt><x>1211</x><y>164</y><time>undefined</time></pt><pt><x>2954</x><y>164</y><time>undefined</time></pt><closed_date>09-09-20 22:51:06:494</closed_date></polygon></object></annotation>