<annotation><filename>m3_s01_002_p_ic004.jpg</filename><folder>users/joselusava//santiago_3</folder><source><submittedBy>Jose Saca</submittedBy></source><imagesize><nrows>2970</nrows><ncols>4451</ncols></imagesize><object><name>m3_s01_002_p_ic004</name><deleted>0</deleted><verified>0</verified><occluded>no</occluded><attributes></attributes><parts><hasparts></hasparts><ispartof></ispartof></parts><date>28-10-20 17:18:09:844</date><id>0</id><type>bounding_box</type><polygon><username>anonymous</username><pt><x>942</x><y>221</y><time>28-10-20 17:18:04:011</time></pt><pt><x>3609</x><y>221</y><time>28-10-20 17:18:07:366</time></pt><pt><x>3609</x><y>2502</y><time>undefined</time></pt><pt><x>942</x><y>2502</y><time>undefined</time></pt><closed_date>28-10-20 17:18:07:367</closed_date></polygon></object></annotation>