<annotation><filename>m2_s01_032_p_nic085.jpg</filename><folder>users/joselusava//santiago_2</folder><source><submittedBy>Jose Saca</submittedBy></source><imagesize><nrows>2850</nrows><ncols>4271</ncols></imagesize><object><name>m2_s01_032_p_nic085</name><deleted>0</deleted><verified>0</verified><occluded>no</occluded><attributes></attributes><parts><hasparts></hasparts><ispartof></ispartof></parts><date>30-09-20 21:22:54:966</date><id>0</id><type>bounding_box</type><polygon><username>anonymous</username><pt><x>451</x><y>319</y><time>30-09-20 21:22:51:870</time></pt><pt><x>1215</x><y>319</y><time>30-09-20 21:22:52:841</time></pt><pt><x>1215</x><y>1242</y><time>undefined</time></pt><pt><x>451</x><y>1242</y><time>undefined</time></pt><closed_date>30-09-20 21:22:52:843</closed_date></polygon></object></annotation>