<annotation><filename>m4_s10_164_p_nic007.jpg</filename><folder>users/joselusava//santiago_2</folder><source><submittedBy>Jose Saca</submittedBy></source><imagesize><nrows>2970</nrows><ncols>4451</ncols></imagesize><object><name>m4_s10_164_p_nic007</name><deleted>0</deleted><verified>0</verified><occluded>no</occluded><attributes></attributes><parts><hasparts></hasparts><ispartof></ispartof></parts><date>13-10-20 23:39:14:602</date><id>0</id><type>bounding_box</type><polygon><username>anonymous</username><pt><x>2153</x><y>54</y><time>13-10-20 23:39:11:875</time></pt><pt><x>2845</x><y>54</y><time>13-10-20 23:39:12:732</time></pt><pt><x>2845</x><y>839</y><time>undefined</time></pt><pt><x>2153</x><y>839</y><time>undefined</time></pt><closed_date>13-10-20 23:39:12:732</closed_date></polygon></object></annotation>