<annotation><filename>m2_s01_054_p_nic071.jpg</filename><folder>users/joselusava//kath</folder><source><submittedBy>Jose Saca</submittedBy></source><imagesize><nrows>2850</nrows><ncols>4271</ncols></imagesize><object><name>m2_s01_054_p_nic071</name><deleted>0</deleted><verified>0</verified><occluded>no</occluded><attributes></attributes><parts><hasparts></hasparts><ispartof></ispartof></parts><date>30-09-20 22:29:20:261</date><id>0</id><polygon><username>kath</username><pt><x>337</x><y>632</y><time>30-09-20 22:29:10:421</time></pt><pt><x>604</x><y>1902</y><time>30-09-20 22:29:12:104</time></pt><pt><x>1362</x><y>1565</y><time>30-09-20 22:29:13:221</time></pt><pt><x>1116</x><y>484</y><time>30-09-20 22:29:15:839</time></pt><closed_date>30-09-20 22:29:16:904</closed_date></polygon></object></annotation>