<annotation><filename>m1_s01_017_p_ic046.jpg</filename><folder>users/joselusava//santiago</folder><source><submittedBy>Jose Saca</submittedBy></source><imagesize><nrows>3200</nrows><ncols>4800</ncols></imagesize><object><name>m1_s01_017_p_ic046</name><deleted>0</deleted><verified>0</verified><occluded>no</occluded><attributes></attributes><parts><hasparts></hasparts><ispartof></ispartof></parts><date>10-09-20 22:20:11:237</date><id>0</id><type>bounding_box</type><polygon><username>anonymous</username><pt><x>1346</x><y>1044</y><time>10-09-20 22:20:02:818</time></pt><pt><x>3319</x><y>1044</y><time>10-09-20 22:20:05:428</time></pt><pt><x>3319</x><y>2081</y><time>undefined</time></pt><pt><x>1346</x><y>2081</y><time>undefined</time></pt><closed_date>10-09-20 22:20:05:430</closed_date></polygon></object></annotation>