<annotation><filename>m1_s01_001_p_ic006.jpg</filename><folder>users/joselusava//juancarlos</folder><source><submittedBy>Jose Saca</submittedBy></source><imagesize><nrows>2000</nrows><ncols>2992</ncols></imagesize><object><name>m1_s01_001_p_ic006</name><deleted>0</deleted><verified>0</verified><occluded>no</occluded><attributes></attributes><parts><hasparts></hasparts><ispartof></ispartof></parts><date>24-08-20 10:51:24:477</date><id>0</id><type>bounding_box</type><polygon><username>anonymous</username><pt><x>784</x><y>723</y><time>24-08-20 10:50:48:644</time></pt><pt><x>1962</x><y>723</y><time>24-08-20 10:50:56:302</time></pt><pt><x>1962</x><y>1420</y><time>undefined</time></pt><pt><x>784</x><y>1420</y><time>undefined</time></pt><closed_date>24-08-20 10:50:56:304</closed_date></polygon></object></annotation>