<annotation><filename>m1_s01_001_p_nic011.jpg</filename><folder>users/joselusava//juancarlos</folder><source><submittedBy>Jose Saca</submittedBy></source><imagesize><nrows>3200</nrows><ncols>4800</ncols></imagesize><object><name>m1_s01_001_p_nic011</name><deleted>0</deleted><verified>0</verified><occluded>no</occluded><attributes></attributes><parts><hasparts></hasparts><ispartof></ispartof></parts><date>02-09-20 11:51:46:362</date><id>0</id><type>bounding_box</type><polygon><username>anonymous</username><pt><x>412</x><y>552</y><time>02-09-20 11:51:28:760</time></pt><pt><x>1739</x><y>552</y><time>02-09-20 11:51:32:803</time></pt><pt><x>1739</x><y>1358</y><time>undefined</time></pt><pt><x>412</x><y>1358</y><time>undefined</time></pt><closed_date>02-09-20 11:51:32:805</closed_date></polygon></object></annotation>