<annotation><filename>m4_s02_021_p_nic042.jpg</filename><folder>users/joselusava//santiago_2</folder><source><submittedBy>Jose Saca</submittedBy></source><imagesize><nrows>2910</nrows><ncols>4361</ncols></imagesize><object><name>m4_s02_021_p_nic042</name><deleted>0</deleted><verified>0</verified><occluded>no</occluded><attributes></attributes><parts><hasparts></hasparts><ispartof></ispartof></parts><date>04-10-20 22:28:27:294</date><id>0</id><type>bounding_box</type><polygon><username>anonymous</username><pt><x>2124</x><y>239</y><time>04-10-20 22:28:24:526</time></pt><pt><x>2917</x><y>239</y><time>04-10-20 22:28:25:444</time></pt><pt><x>2917</x><y>1763</y><time>undefined</time></pt><pt><x>2124</x><y>1763</y><time>undefined</time></pt><closed_date>04-10-20 22:28:25:445</closed_date></polygon></object></annotation>