<annotation><filename>m1_s01_004_p_nic029.jpg</filename><folder>users/joselusava//valeria_apoyo/sala01_004_nic</folder><source><submittedBy>Jose Saca</submittedBy></source><imagesize><nrows>3200</nrows><ncols>4800</ncols></imagesize><object><name>m1_s01_004_p_nic029</name><deleted>0</deleted><verified>0</verified><occluded>no</occluded><attributes></attributes><parts><hasparts></hasparts><ispartof></ispartof></parts><date>16-09-20 20:07:55:256</date><id>0</id><type>bounding_box</type><polygon><username>anonymous</username><pt><x>4630</x><y>3079</y><time>16-09-20 20:07:48:210</time></pt><pt><x>600</x><y>3079</y><time>16-09-20 20:07:51:180</time></pt><pt><x>600</x><y>2018</y><time>undefined</time></pt><pt><x>4630</x><y>2018</y><time>undefined</time></pt><closed_date>16-09-20 20:07:51:181</closed_date></polygon></object></annotation>