<annotation><filename>m1_s01_021_p_ic085.jpg</filename><folder>users/joselusava//santiago</folder><source><submittedBy>Jose Saca</submittedBy></source><imagesize><nrows>3200</nrows><ncols>4800</ncols></imagesize><object><name>m1_s01_021_p_ic085</name><deleted>0</deleted><verified>0</verified><occluded>no</occluded><attributes></attributes><parts><hasparts></hasparts><ispartof></ispartof></parts><date>15-09-20 00:11:06:889</date><id>0</id><type>bounding_box</type><polygon><username>anonymous</username><pt><x>1310</x><y>770</y><time>15-09-20 00:10:59:014</time></pt><pt><x>2725</x><y>770</y><time>15-09-20 00:11:01:052</time></pt><pt><x>2725</x><y>2426</y><time>undefined</time></pt><pt><x>1310</x><y>2426</y><time>undefined</time></pt><closed_date>15-09-20 00:11:01:054</closed_date></polygon></object></annotation>