<annotation><filename>m1_s06_141_p_nic043.jpg</filename><folder>users/joselusava//jacob_2/141nic</folder><source><submittedBy>Jose Saca</submittedBy></source><imagesize><nrows>2736</nrows><ncols>4100</ncols></imagesize><object><name>m1_s06_141_p_nic043</name><deleted>0</deleted><verified>0</verified><occluded>no</occluded><attributes></attributes><parts><hasparts></hasparts><ispartof></ispartof></parts><date>05-09-20 19:45:15:328</date><id>0</id><type>bounding_box</type><polygon><username>anonymous</username><pt><x>1834</x><y>1726</y><time>05-09-20 19:45:12:401</time></pt><pt><x>843</x><y>1726</y><time>05-09-20 19:45:14:321</time></pt><pt><x>843</x><y>169</y><time>undefined</time></pt><pt><x>1834</x><y>169</y><time>undefined</time></pt><closed_date>05-09-20 19:45:14:321</closed_date></polygon></object></annotation>