<annotation><filename>m4_s05_052_p_nic030.jpg</filename><folder>users/joselusava//santiago_2</folder><source><submittedBy>Jose Saca</submittedBy></source><imagesize><nrows>2910</nrows><ncols>4361</ncols></imagesize><object><name>m4_s05_052_p_nic030</name><deleted>0</deleted><verified>0</verified><occluded>no</occluded><attributes></attributes><parts><hasparts></hasparts><ispartof></ispartof></parts><date>08-10-20 20:06:05:506</date><id>0</id><type>bounding_box</type><polygon><username>anonymous</username><pt><x>1275</x><y>1275</y><time>08-10-20 20:06:01:174</time></pt><pt><x>2706</x><y>1275</y><time>08-10-20 20:06:02:765</time></pt><pt><x>2706</x><y>2782</y><time>undefined</time></pt><pt><x>1275</x><y>2782</y><time>undefined</time></pt><closed_date>08-10-20 20:06:02:765</closed_date></polygon></object></annotation>