<annotation><filename>m2_s05_236_p_ic021.jpg</filename><folder>users/joselusava//museos2020</folder><source><submittedBy>Jose Saca</submittedBy></source><imagesize><nrows>2910</nrows><ncols>4361</ncols></imagesize><object><name>m2_s05_236_p_ic021</name><deleted>0</deleted><verified>0</verified><occluded>no</occluded><attributes></attributes><parts><hasparts></hasparts><ispartof></ispartof></parts><date>16-09-20 18:09:07:420</date><id>0</id><type>bounding_box</type><polygon><username>anonymous</username><pt><x>121</x><y>121</y><time>16-09-20 18:08:46:977</time></pt><pt><x>4119</x><y>121</y><time>16-09-20 18:08:53:206</time></pt><pt><x>4119</x><y>2831</y><time>undefined</time></pt><pt><x>121</x><y>2831</y><time>undefined</time></pt><closed_date>16-09-20 18:08:53:207</closed_date></polygon></object></annotation>