<annotation><filename>m3_s01_010_p_ic086.jpg</filename><folder>users/joselusava//m4_js/m3/10/ic</folder><source><submittedBy>Jose Saca</submittedBy></source><imagesize><nrows>2970</nrows><ncols>4451</ncols></imagesize><object><name>m3_s01_010_p_ic086</name><deleted>0</deleted><verified>0</verified><occluded>no</occluded><attributes></attributes><parts><hasparts></hasparts><ispartof></ispartof></parts><date>29-10-20 13:24:27:761</date><id>0</id><type>bounding_box</type><polygon><username>anonymous</username><pt><x>4036</x><y>2790</y><time>29-10-20 13:24:25:938</time></pt><pt><x>277</x><y>2790</y><time>29-10-20 13:24:27:057</time></pt><pt><x>277</x><y>500</y><time>undefined</time></pt><pt><x>4036</x><y>500</y><time>undefined</time></pt><closed_date>29-10-20 13:24:27:057</closed_date></polygon></object></annotation>