<annotation><filename>m4_s04_039_p_nic054.jpg</filename><folder>users/joselusava//santiago_2</folder><source><submittedBy>Jose Saca</submittedBy></source><imagesize><nrows>2970</nrows><ncols>4451</ncols></imagesize><object><name>m4_s04_039_p_nic054</name><deleted>0</deleted><verified>0</verified><occluded>no</occluded><attributes></attributes><parts><hasparts></hasparts><ispartof></ispartof></parts><date>21-10-20 21:43:17:404</date><id>0</id><type>bounding_box</type><polygon><username>anonymous</username><pt><x>3024</x><y>171</y><time>21-10-20 21:43:13:786</time></pt><pt><x>3909</x><y>171</y><time>21-10-20 21:43:15:308</time></pt><pt><x>3909</x><y>2902</y><time>undefined</time></pt><pt><x>3024</x><y>2902</y><time>undefined</time></pt><closed_date>21-10-20 21:43:15:310</closed_date></polygon></object></annotation>