<annotation><filename>m4_s12_185_p_nic035.jpg</filename><folder>users/joselusava//valeria/m04_s12_185_nic</folder><source><submittedBy>Jose Saca</submittedBy></source><imagesize><nrows>2910</nrows><ncols>4361</ncols></imagesize><object><name>m4_s12_185_p_nic035</name><deleted>0</deleted><verified>0</verified><occluded>no</occluded><attributes></attributes><parts><hasparts></hasparts><ispartof></ispartof></parts><date>17-10-20 20:10:04:591</date><id>0</id><type>bounding_box</type><polygon><username>anonymous</username><pt><x>4074</x><y>2787</y><time>17-10-20 20:09:58:524</time></pt><pt><x>1791</x><y>2787</y><time>17-10-20 20:10:00:481</time></pt><pt><x>1791</x><y>660</y><time>undefined</time></pt><pt><x>4074</x><y>660</y><time>undefined</time></pt><closed_date>17-10-20 20:10:00:482</closed_date></polygon></object></annotation>