<annotation><filename>m2_s01_032_p_nic026.jpg</filename><folder>users/joselusava//santiago_2</folder><source><submittedBy>Jose Saca</submittedBy></source><imagesize><nrows>2850</nrows><ncols>4271</ncols></imagesize><object><name>m2_s01_032_p_nic026</name><deleted>0</deleted><verified>0</verified><occluded>no</occluded><attributes></attributes><parts><hasparts></hasparts><ispartof></ispartof></parts><date>30-09-20 18:06:41:899</date><id>0</id><type>bounding_box</type><polygon><username>anonymous</username><pt><x>1771</x><y>444</y><time>30-09-20 18:06:35:599</time></pt><pt><x>2592</x><y>444</y><time>30-09-20 18:06:37:150</time></pt><pt><x>2592</x><y>1554</y><time>undefined</time></pt><pt><x>1771</x><y>1554</y><time>undefined</time></pt><closed_date>30-09-20 18:06:37:150</closed_date></polygon></object></annotation>