<annotation><filename>m2_s02_124_x.jpg</filename><folder>users/joselusava//m2_jsv</folder><source><submittedBy>Jose Saca</submittedBy></source><imagesize><nrows>2910</nrows><ncols>4361</ncols></imagesize><object><name>m2_s02_124_x</name><deleted>0</deleted><verified>0</verified><occluded>no</occluded><attributes></attributes><parts><hasparts></hasparts><ispartof></ispartof></parts><date>19-09-20 23:29:18:893</date><id>0</id><type>bounding_box</type><polygon><username>anonymous</username><pt><x>2960</x><y>2133</y><time>19-09-20 23:29:17:084</time></pt><pt><x>1341</x><y>2133</y><time>19-09-20 23:29:18:340</time></pt><pt><x>1341</x><y>740</y><time>undefined</time></pt><pt><x>2960</x><y>740</y><time>undefined</time></pt><closed_date>19-09-20 23:29:18:340</closed_date></polygon></object></annotation>