<annotation><filename>m1_s01_021_p_nic090.jpg</filename><folder>users/joselusava//santiago</folder><source><submittedBy>Jose Saca</submittedBy></source><imagesize><nrows>3200</nrows><ncols>4800</ncols></imagesize><object><name>m1_s01_021_p_nic090</name><deleted>0</deleted><verified>0</verified><occluded>no</occluded><attributes></attributes><parts><hasparts></hasparts><ispartof></ispartof></parts><date>16-09-20 22:27:03:359</date><id>0</id><type>bounding_box</type><polygon><username>anonymous</username><pt><x>3607</x><y>1634</y><time>16-09-20 22:26:52:855</time></pt><pt><x>4201</x><y>1634</y><time>16-09-20 22:26:53:765</time></pt><pt><x>4201</x><y>2412</y><time>undefined</time></pt><pt><x>3607</x><y>2412</y><time>undefined</time></pt><closed_date>16-09-20 22:26:53:766</closed_date></polygon></object></annotation>