<annotation><filename>m2_s07_264_p_ic026.jpg</filename><folder>users/joselusava//valeria/sala7_264_ic</folder><source><submittedBy>Jose Saca</submittedBy></source><imagesize><nrows>2910</nrows><ncols>4361</ncols></imagesize><object><name>m2_s07_264_p_ic026</name><deleted>0</deleted><verified>0</verified><occluded>no</occluded><attributes></attributes><parts><hasparts></hasparts><ispartof></ispartof></parts><date>22-09-20 19:26:16:780</date><id>0</id><type>bounding_box</type><polygon><username>anonymous</username><pt><x>2756</x><y>2414</y><time>22-09-20 19:26:09:959</time></pt><pt><x>1229</x><y>2414</y><time>22-09-20 19:26:12:781</time></pt><pt><x>1229</x><y>402</y><time>undefined</time></pt><pt><x>2756</x><y>402</y><time>undefined</time></pt><closed_date>22-09-20 19:26:12:782</closed_date></polygon></object></annotation>