<annotation><filename>m1_s02_052_p_ic078.jpg</filename><folder>users/joselusava//valeria/sala2_052_ic</folder><source><submittedBy>Jose Saca</submittedBy></source><imagesize><nrows>3200</nrows><ncols>4800</ncols></imagesize><object><name>m1_s02_052_p_ic078</name><deleted>0</deleted><verified>0</verified><occluded>no</occluded><attributes></attributes><parts><hasparts></hasparts><ispartof></ispartof></parts><date>25-08-20 19:35:14:466</date><id>1</id><type>bounding_box</type><polygon><username>anonymous</username><pt><x>548</x><y>16</y><time>25-08-20 19:35:07:297</time></pt><pt><x>3753</x><y>16</y><time>25-08-20 19:35:10:845</time></pt><pt><x>3753</x><y>3184</y><time>undefined</time></pt><pt><x>548</x><y>3184</y><time>undefined</time></pt><closed_date>25-08-20 19:35:10:846</closed_date></polygon></object><object><name>m1_s02_052_p_ic078</name><deleted>0</deleted><verified>0</verified><occluded>no</occluded><attributes></attributes><parts><hasparts></hasparts><ispartof></ispartof></parts><date>25-08-20 19:35:30:475</date><id>1</id><type>bounding_box</type><polygon><username>anonymous</username><pt><x>494</x><y>5</y><time>25-08-20 19:35:23:208</time></pt><pt><x>3877</x><y>5</y><time>25-08-20 19:35:26:678</time></pt><pt><x>3877</x><y>3179</y><time>undefined</time></pt><pt><x>494</x><y>3179</y><time>undefined</time></pt><closed_date>25-08-20 19:35:26:679</closed_date></polygon></object></annotation>