<annotation><filename>m2_s06_250_p_nic016.jpg</filename><folder>users/joselusava//m2_jsv/250</folder><source><submittedBy>Jose Saca</submittedBy></source><imagesize><nrows>2910</nrows><ncols>4361</ncols></imagesize><object><name>m2_s06_250_p_nic016</name><deleted>0</deleted><verified>0</verified><occluded>no</occluded><attributes></attributes><parts><hasparts></hasparts><ispartof></ispartof></parts><date>30-09-20 11:26:42:996</date><id>0</id><type>bounding_box</type><polygon><username>anonymous</username><pt><x>4274</x><y>1663</y><time>30-09-20 11:26:40:652</time></pt><pt><x>1410</x><y>1663</y><time>30-09-20 11:26:41:966</time></pt><pt><x>1410</x><y>200</y><time>undefined</time></pt><pt><x>4274</x><y>200</y><time>undefined</time></pt><closed_date>30-09-20 11:26:41:966</closed_date></polygon></object></annotation>