<annotation><filename>m1_s01_004_p_nic009.jpg</filename><folder>users/joselusava//valeria_apoyo/sala01_004_nic</folder><source><submittedBy>Jose Saca</submittedBy></source><imagesize><nrows>3200</nrows><ncols>4800</ncols></imagesize><object><name>m1_s01_004_p_nic009</name><deleted>0</deleted><verified>0</verified><occluded>no</occluded><attributes></attributes><parts><hasparts></hasparts><ispartof></ispartof></parts><date>16-09-20 17:50:34:921</date><id>0</id><type>bounding_box</type><polygon><username>anonymous</username><pt><x>3976</x><y>994</y><time>16-09-20 17:50:28:313</time></pt><pt><x>1170</x><y>994</y><time>16-09-20 17:50:31:429</time></pt><pt><x>1170</x><y>370</y><time>undefined</time></pt><pt><x>3976</x><y>370</y><time>undefined</time></pt><closed_date>16-09-20 17:50:31:430</closed_date></polygon></object></annotation>