<annotation><filename>m4_s04_039_p_ic028.jpg</filename><folder>users/joselusava//santiago_2</folder><source><submittedBy>Jose Saca</submittedBy></source><imagesize><nrows>2970</nrows><ncols>4451</ncols></imagesize><object><name>m4_s04_039_p_ic028</name><deleted>0</deleted><verified>0</verified><occluded>no</occluded><attributes></attributes><parts><hasparts></hasparts><ispartof></ispartof></parts><date>20-10-20 21:37:46:713</date><id>0</id><type>bounding_box</type><polygon><username>anonymous</username><pt><x>1781</x><y>161</y><time>20-10-20 21:37:43:185</time></pt><pt><x>2795</x><y>161</y><time>20-10-20 21:37:44:508</time></pt><pt><x>2795</x><y>2891</y><time>undefined</time></pt><pt><x>1781</x><y>2891</y><time>undefined</time></pt><closed_date>20-10-20 21:37:44:508</closed_date></polygon></object></annotation>