<annotation><filename>m2_s03_201_p_nic058.jpg</filename><folder>users/joselusava//valeria/m2_sala03_201_nic</folder><source><submittedBy>Jose Saca</submittedBy></source><imagesize><nrows>2910</nrows><ncols>4361</ncols></imagesize><object><name>m2_s03_201_p_nic058</name><deleted>0</deleted><verified>0</verified><occluded>no</occluded><attributes></attributes><parts><hasparts></hasparts><ispartof></ispartof></parts><date>29-09-20 23:33:04:154</date><id>0</id><type>bounding_box</type><polygon><username>anonymous</username><pt><x>1720</x><y>1929</y><time>29-09-20 23:32:59:325</time></pt><pt><x>3599</x><y>1929</y><time>29-09-20 23:33:01:386</time></pt><pt><x>3599</x><y>44</y><time>undefined</time></pt><pt><x>1720</x><y>44</y><time>undefined</time></pt><closed_date>29-09-20 23:33:01:387</closed_date></polygon></object></annotation>