<annotation><filename>m4_s04_037_p_ic042.jpg</filename><folder>users/joselusava//santiago_2</folder><source><submittedBy>Jose Saca</submittedBy></source><imagesize><nrows>2970</nrows><ncols>4451</ncols></imagesize><object><name>m4_s04_037_p_ic042</name><deleted>0</deleted><verified>0</verified><occluded>no</occluded><attributes></attributes><parts><hasparts></hasparts><ispartof></ispartof></parts><date>18-10-20 17:20:55:138</date><id>0</id><type>bounding_box</type><polygon><username>anonymous</username><pt><x>1653</x><y>375</y><time>18-10-20 17:20:50:004</time></pt><pt><x>2959</x><y>375</y><time>18-10-20 17:20:52:876</time></pt><pt><x>2959</x><y>2427</y><time>undefined</time></pt><pt><x>1653</x><y>2427</y><time>undefined</time></pt><closed_date>18-10-20 17:20:52:878</closed_date></polygon></object></annotation>