<annotation><filename>m1_s01_001_p_ic050.jpg</filename><folder>users/joselusava//juancarlos</folder><source><submittedBy>Jose Saca</submittedBy></source><imagesize><nrows>2000</nrows><ncols>2992</ncols></imagesize><object><name>m1_s01_001_p_ic050</name><deleted>0</deleted><verified>0</verified><occluded>no</occluded><attributes></attributes><parts><hasparts></hasparts><ispartof></ispartof></parts><date>31-08-20 16:47:43:960</date><id>0</id><type>bounding_box</type><polygon><username>anonymous</username><pt><x>943</x><y>735</y><time>31-08-20 16:47:35:298</time></pt><pt><x>1920</x><y>735</y><time>31-08-20 16:47:37:676</time></pt><pt><x>1920</x><y>1557</y><time>undefined</time></pt><pt><x>943</x><y>1557</y><time>undefined</time></pt><closed_date>31-08-20 16:47:37:678</closed_date></polygon></object></annotation>