<annotation><filename>m4_s04_045_p_nic018.jpg</filename><folder>users/joselusava//valeria/m04_s04_45_nic</folder><source><submittedBy>Jose Saca</submittedBy></source><imagesize><nrows>2970</nrows><ncols>4451</ncols></imagesize><object><name>m4_s04_045_p_nic018</name><deleted>0</deleted><verified>0</verified><occluded>no</occluded><attributes></attributes><parts><hasparts></hasparts><ispartof></ispartof></parts><date>20-10-20 00:19:56:730</date><id>0</id><type>bounding_box</type><polygon><username>anonymous</username><pt><x>640</x><y>1873</y><time>20-10-20 00:19:51:468</time></pt><pt><x>1445</x><y>1873</y><time>20-10-20 00:19:53:376</time></pt><pt><x>1445</x><y>388</y><time>undefined</time></pt><pt><x>640</x><y>388</y><time>undefined</time></pt><closed_date>20-10-20 00:19:53:377</closed_date></polygon></object></annotation>