<annotation><filename>m2_s06_248_p_nic093.jpg</filename><folder>users/joselusava//museos2020</folder><source><submittedBy>Jose Saca</submittedBy></source><imagesize><nrows>2910</nrows><ncols>4361</ncols></imagesize><object><name>m2_s06_248_p_nic093</name><deleted>0</deleted><verified>0</verified><occluded>no</occluded><attributes></attributes><parts><hasparts></hasparts><ispartof></ispartof></parts><date>27-09-20 21:40:24:256</date><id>0</id><polygon><username>anonymous</username><pt><x>325</x><y>1167</y><time>27-09-20 21:40:10:384</time></pt><pt><x>2366</x><y>772</y><time>27-09-20 21:40:11:411</time></pt><pt><x>2557</x><y>995</y><time>27-09-20 21:40:12:171</time></pt><pt><x>962</x><y>2027</y><time>27-09-20 21:40:13:117</time></pt><closed_date>27-09-20 21:40:14:068</closed_date></polygon></object></annotation>