<annotation><filename>m2_s03_219_p_ic081.jpg</filename><folder>users/joselusava//valeria/m2_sala03_219_ic</folder><source><submittedBy>Jose Saca</submittedBy></source><imagesize><nrows>2910</nrows><ncols>4361</ncols></imagesize><object><name>m2_s03_219_p_ic081</name><deleted>0</deleted><verified>0</verified><occluded>no</occluded><attributes></attributes><parts><hasparts></hasparts><ispartof></ispartof></parts><date>29-09-20 01:12:38:690</date><id>0</id><type>bounding_box</type><polygon><username>anonymous</username><pt><x>2938</x><y>546</y><time>29-09-20 01:12:33:495</time></pt><pt><x>948</x><y>546</y><time>29-09-20 01:12:35:008</time></pt><pt><x>948</x><y>2596</y><time>undefined</time></pt><pt><x>2938</x><y>2596</y><time>undefined</time></pt><closed_date>29-09-20 01:12:35:009</closed_date></polygon></object></annotation>