<annotation><filename>m3_s01_023_p_nic042.jpg</filename><folder>users/joselusava//santiago_3</folder><source><submittedBy>Jose Saca</submittedBy></source><imagesize><nrows>2970</nrows><ncols>4451</ncols></imagesize><object><name>m3_s01_023_p_nic042</name><deleted>0</deleted><verified>0</verified><occluded>no</occluded><attributes></attributes><parts><hasparts></hasparts><ispartof></ispartof></parts><date>06-11-20 09:30:30:438</date><id>0</id><type>bounding_box</type><polygon><username>anonymous</username><pt><x>560</x><y>850</y><time>06-11-20 09:30:26:879</time></pt><pt><x>2263</x><y>850</y><time>06-11-20 09:30:28:422</time></pt><pt><x>2263</x><y>2884</y><time>undefined</time></pt><pt><x>560</x><y>2884</y><time>undefined</time></pt><closed_date>06-11-20 09:30:28:422</closed_date></polygon></object></annotation>