<annotation><filename>m4_s04_039_p_ic092.jpg</filename><folder>users/joselusava//santiago_2</folder><source><submittedBy>Jose Saca</submittedBy></source><imagesize><nrows>2970</nrows><ncols>4451</ncols></imagesize><object><name>m4_s04_039_p_ic092</name><deleted>0</deleted><verified>0</verified><occluded>no</occluded><attributes></attributes><parts><hasparts></hasparts><ispartof></ispartof></parts><date>21-10-20 16:07:32:378</date><id>0</id><type>bounding_box</type><polygon><username>anonymous</username><pt><x>1831</x><y>364</y><time>21-10-20 16:07:28:310</time></pt><pt><x>2545</x><y>364</y><time>21-10-20 16:07:30:484</time></pt><pt><x>2545</x><y>2838</y><time>undefined</time></pt><pt><x>1831</x><y>2838</y><time>undefined</time></pt><closed_date>21-10-20 16:07:30:485</closed_date></polygon></object></annotation>