<annotation><filename>m4_s05_060_p_nic055.jpg</filename><folder>users/joselusava//m4_js/60/nic</folder><source><submittedBy>Jose Saca</submittedBy></source><imagesize><nrows>2910</nrows><ncols>4361</ncols></imagesize><object><name>m4_s05_060_p_nic055</name><deleted>0</deleted><verified>0</verified><occluded>no</occluded><attributes></attributes><parts><hasparts></hasparts><ispartof></ispartof></parts><date>14-10-20 00:04:35:570</date><id>0</id><type>bounding_box</type><polygon><username>anonymous</username><pt><x>3151</x><y>2785</y><time>14-10-20 00:04:32:033</time></pt><pt><x>17</x><y>2785</y><time>14-10-20 00:04:34:448</time></pt><pt><x>17</x><y>949</y><time>undefined</time></pt><pt><x>3151</x><y>949</y><time>undefined</time></pt><closed_date>14-10-20 00:04:34:448</closed_date></polygon></object></annotation>