<annotation><filename>m1_s01_021_p_nic069.jpg</filename><folder>users/joselusava//santiago</folder><source><submittedBy>Jose Saca</submittedBy></source><imagesize><nrows>3200</nrows><ncols>4800</ncols></imagesize><object><name>m1_s01_021_p_nic069</name><deleted>0</deleted><verified>0</verified><occluded>no</occluded><attributes></attributes><parts><hasparts></hasparts><ispartof></ispartof></parts><date>16-09-20 18:24:52:216</date><id>0</id><type>bounding_box</type><polygon><username>anonymous</username><pt><x>2369</x><y>2253</y><time>16-09-20 18:24:42:073</time></pt><pt><x>2761</x><y>2253</y><time>16-09-20 18:24:43:089</time></pt><pt><x>2761</x><y>2858</y><time>undefined</time></pt><pt><x>2369</x><y>2858</y><time>undefined</time></pt><closed_date>16-09-20 18:24:43:091</closed_date></polygon></object></annotation>