<annotation><filename>m4_s04_045_p_nic078.jpg</filename><folder>users/joselusava//valeria/m04_s04_45_nic</folder><source><submittedBy>Jose Saca</submittedBy></source><imagesize><nrows>2970</nrows><ncols>4451</ncols></imagesize><object><name>m4_s04_045_p_nic078</name><deleted>0</deleted><verified>0</verified><occluded>no</occluded><attributes></attributes><parts><hasparts></hasparts><ispartof></ispartof></parts><date>20-10-20 15:37:28:466</date><id>0</id><type>bounding_box</type><polygon><username>anonymous</username><pt><x>3347</x><y>2033</y><time>20-10-20 15:37:23:669</time></pt><pt><x>3787</x><y>2033</y><time>20-10-20 15:37:25:037</time></pt><pt><x>3787</x><y>1257</y><time>undefined</time></pt><pt><x>3347</x><y>1257</y><time>undefined</time></pt><closed_date>20-10-20 15:37:25:038</closed_date></polygon></object></annotation>