<annotation><filename>m1_s06_168_p_nic002.jpg</filename><folder>users/joselusava//jacob_2/168nic</folder><source><submittedBy>Jose Saca</submittedBy></source><imagesize><nrows>2736</nrows><ncols>4100</ncols></imagesize><object><name>m1_s06_168_p_nic002</name><deleted>0</deleted><verified>0</verified><occluded>no</occluded><attributes></attributes><parts><hasparts></hasparts><ispartof></ispartof></parts><date>08-09-20 22:57:47:128</date><id>0</id><type>bounding_box</type><polygon><username>anonymous</username><pt><x>2390</x><y>867</y><time>08-09-20 22:57:44:578</time></pt><pt><x>3674</x><y>867</y><time>08-09-20 22:57:46:544</time></pt><pt><x>3674</x><y>2341</y><time>undefined</time></pt><pt><x>2390</x><y>2341</y><time>undefined</time></pt><closed_date>08-09-20 22:57:46:544</closed_date></polygon></object></annotation>