<annotation><filename>m4_s12_186_p_nic036.jpg</filename><folder>users/joselusava//m4_js/186/nic</folder><source><submittedBy>Jose Saca</submittedBy></source><imagesize><nrows>3899</nrows><ncols>5844</ncols></imagesize><object><name>m4_s12_186_p_nic036</name><deleted>0</deleted><verified>0</verified><occluded>no</occluded><attributes></attributes><parts><hasparts></hasparts><ispartof></ispartof></parts><date>18-10-20 11:34:04:431</date><id>0</id><type>bounding_box</type><polygon><username>anonymous</username><pt><x>2415</x><y>922</y><time>18-10-20 11:34:02:755</time></pt><pt><x>5016</x><y>922</y><time>18-10-20 11:34:03:888</time></pt><pt><x>5016</x><y>3861</y><time>undefined</time></pt><pt><x>2415</x><y>3861</y><time>undefined</time></pt><closed_date>18-10-20 11:34:03:888</closed_date></polygon></object></annotation>