<annotation><filename>m2_s01_056_p_nic030.jpg</filename><folder>users/joselusava//m2_jsv/56/nic</folder><source><submittedBy>Jose Saca</submittedBy></source><imagesize><nrows>2850</nrows><ncols>4271</ncols></imagesize><object><name>m2_s01_056_p_nic030</name><deleted>0</deleted><verified>0</verified><occluded>no</occluded><attributes></attributes><parts><hasparts></hasparts><ispartof></ispartof></parts><date>28-09-20 22:17:41:394</date><id>0</id><type>bounding_box</type><polygon><username>anonymous</username><pt><x>3719</x><y>2802</y><time>28-09-20 22:17:39:619</time></pt><pt><x>2411</x><y>2802</y><time>28-09-20 22:17:40:797</time></pt><pt><x>2411</x><y>1197</y><time>undefined</time></pt><pt><x>3719</x><y>1197</y><time>undefined</time></pt><closed_date>28-09-20 22:17:40:797</closed_date></polygon></object></annotation>