<annotation><filename>m4_s05_060_p_nic066.jpg</filename><folder>users/joselusava//m4_js/60/nic</folder><source><submittedBy>Jose Saca</submittedBy></source><imagesize><nrows>2910</nrows><ncols>4361</ncols></imagesize><object><name>m4_s05_060_p_nic066</name><deleted>0</deleted><verified>0</verified><occluded>no</occluded><attributes></attributes><parts><hasparts></hasparts><ispartof></ispartof></parts><date>14-10-20 00:17:15:503</date><id>0</id><type>bounding_box</type><polygon><username>anonymous</username><pt><x>3116</x><y>2611</y><time>14-10-20 00:17:13:393</time></pt><pt><x>78</x><y>2611</y><time>14-10-20 00:17:14:778</time></pt><pt><x>78</x><y>609</y><time>undefined</time></pt><pt><x>3116</x><y>609</y><time>undefined</time></pt><closed_date>14-10-20 00:17:14:778</closed_date></polygon></object></annotation>