<annotation><filename>m3_s01_010_p_nic036.jpg</filename><folder>users/joselusava//m4_js/m3/10/nic</folder><source><submittedBy>Jose Saca</submittedBy></source><imagesize><nrows>2970</nrows><ncols>4451</ncols></imagesize><object><name>m3_s01_010_p_nic036</name><deleted>0</deleted><verified>0</verified><occluded>no</occluded><attributes></attributes><parts><hasparts></hasparts><ispartof></ispartof></parts><date>29-10-20 13:43:55:303</date><id>0</id><type>bounding_box</type><polygon><username>anonymous</username><pt><x>1970</x><y>2556</y><time>29-10-20 13:43:52:780</time></pt><pt><x>4238</x><y>2556</y><time>29-10-20 13:43:54:694</time></pt><pt><x>4238</x><y>224</y><time>undefined</time></pt><pt><x>1970</x><y>224</y><time>undefined</time></pt><closed_date>29-10-20 13:43:54:695</closed_date></polygon></object></annotation>