<annotation><filename>m2_s01_032_p_nic099.jpg</filename><folder>users/joselusava//santiago_2</folder><source><submittedBy>Jose Saca</submittedBy></source><imagesize><nrows>2850</nrows><ncols>4271</ncols></imagesize><object><name>m2_s01_032_p_nic099</name><deleted>0</deleted><verified>0</verified><occluded>no</occluded><attributes></attributes><parts><hasparts></hasparts><ispartof></ispartof></parts><date>30-09-20 21:33:02:039</date><id>0</id><type>bounding_box</type><polygon><username>anonymous</username><pt><x>2202</x><y>319</y><time>30-09-20 21:32:59:242</time></pt><pt><x>2948</x><y>319</y><time>30-09-20 21:33:00:065</time></pt><pt><x>2948</x><y>1130</y><time>undefined</time></pt><pt><x>2202</x><y>1130</y><time>undefined</time></pt><closed_date>30-09-20 21:33:00:065</closed_date></polygon></object></annotation>