<annotation><filename>m1_s01_021_p_ic052.jpg</filename><folder>users/joselusava//santiago</folder><source><submittedBy>Jose Saca</submittedBy></source><imagesize><nrows>3200</nrows><ncols>4800</ncols></imagesize><object><name>m1_s01_021_p_ic052</name><deleted>0</deleted><verified>0</verified><occluded>no</occluded><attributes></attributes><parts><hasparts></hasparts><ispartof></ispartof></parts><date>14-09-20 23:26:42:546</date><id>0</id><type>bounding_box</type><polygon><username>anonymous</username><pt><x>1872</x><y>986</y><time>14-09-20 23:26:34:863</time></pt><pt><x>3139</x><y>986</y><time>14-09-20 23:26:36:726</time></pt><pt><x>3139</x><y>2397</y><time>undefined</time></pt><pt><x>1872</x><y>2397</y><time>undefined</time></pt><closed_date>14-09-20 23:26:36:727</closed_date></polygon></object></annotation>