<annotation><filename>m2_s02_085_p_ic049.jpg</filename><folder>users/joselusava//m2_jsv/85/ic</folder><source><submittedBy>Jose Saca</submittedBy></source><imagesize><nrows>2910</nrows><ncols>4361</ncols></imagesize><object><name>m2_s02_085_p_ic049</name><deleted>0</deleted><verified>0</verified><occluded>no</occluded><attributes></attributes><parts><hasparts></hasparts><ispartof></ispartof></parts><date>17-09-20 19:48:47:428</date><id>0</id><type>bounding_box</type><polygon><username>anonymous</username><pt><x>1332</x><y>1062</y><time>17-09-20 19:48:45:266</time></pt><pt><x>2785</x><y>1062</y><time>17-09-20 19:48:46:700</time></pt><pt><x>2785</x><y>2524</y><time>undefined</time></pt><pt><x>1332</x><y>2524</y><time>undefined</time></pt><closed_date>17-09-20 19:48:46:700</closed_date></polygon></object></annotation>