<annotation><filename>m2_s05_236_p_nic073.jpg</filename><folder>users/joselusava//museos2020</folder><source><submittedBy>Jose Saca</submittedBy></source><imagesize><nrows>2910</nrows><ncols>4361</ncols></imagesize><object><name>m2_s05_236_p_nic073</name><deleted>0</deleted><verified>0</verified><occluded>no</occluded><attributes></attributes><parts><hasparts></hasparts><ispartof></ispartof></parts><date>17-09-20 09:00:58:284</date><id>0</id><type>bounding_box</type><polygon><username>anonymous</username><pt><x>1562</x><y>795</y><time>17-09-20 09:00:50:009</time></pt><pt><x>4142</x><y>795</y><time>17-09-20 09:00:51:785</time></pt><pt><x>4142</x><y>2701</y><time>undefined</time></pt><pt><x>1562</x><y>2701</y><time>undefined</time></pt><closed_date>17-09-20 09:00:51:787</closed_date></polygon></object></annotation>