<annotation><filename>m4_s11_176_p_ic100.jpg</filename><folder>users/joselusava//m4_js/176/ic</folder><source><submittedBy>Jose Saca</submittedBy></source><imagesize><nrows>2970</nrows><ncols>4451</ncols></imagesize><object><name>m4_s11_176_p_ic100</name><deleted>0</deleted><verified>0</verified><occluded>no</occluded><attributes></attributes><parts><hasparts></hasparts><ispartof></ispartof></parts><date>15-10-20 11:20:42:057</date><id>0</id><type>bounding_box</type><polygon><username>anonymous</username><pt><x>2920</x><y>2265</y><time>15-10-20 11:20:40:174</time></pt><pt><x>1380</x><y>2265</y><time>15-10-20 11:20:41:407</time></pt><pt><x>1380</x><y>584</y><time>undefined</time></pt><pt><x>2920</x><y>584</y><time>undefined</time></pt><closed_date>15-10-20 11:20:41:408</closed_date></polygon></object></annotation>