<annotation><filename>m1_s06_168_p_ic031.jpg</filename><folder>users/joselusava//jacob_2/168ic</folder><source><submittedBy>Jose Saca</submittedBy></source><imagesize><nrows>2736</nrows><ncols>4100</ncols></imagesize><object><name>m1_s06_168_p_ic031</name><deleted>0</deleted><verified>0</verified><occluded>no</occluded><attributes></attributes><parts><hasparts></hasparts><ispartof></ispartof></parts><date>08-09-20 19:48:43:298</date><id>0</id><type>bounding_box</type><polygon><username>anonymous</username><pt><x>1555</x><y>2381</y><time>08-09-20 19:48:40:428</time></pt><pt><x>2521</x><y>2381</y><time>08-09-20 19:48:42:645</time></pt><pt><x>2521</x><y>65</y><time>undefined</time></pt><pt><x>1555</x><y>65</y><time>undefined</time></pt><closed_date>08-09-20 19:48:42:646</closed_date></polygon></object></annotation>