<annotation><filename>m4_s05_055_p_ic099.jpg</filename><folder>users/joselusava//valeria/m4_s05_055_ic</folder><source><submittedBy>Jose Saca</submittedBy></source><imagesize><nrows>2910</nrows><ncols>4361</ncols></imagesize><object><name>m4_s05_055_p_ic099</name><deleted>0</deleted><verified>0</verified><occluded>no</occluded><attributes></attributes><parts><hasparts></hasparts><ispartof></ispartof></parts><date>09-10-20 15:16:06:760</date><id>0</id><type>bounding_box</type><polygon><username>anonymous</username><pt><x>3252</x><y>2353</y><time>09-10-20 15:15:59:628</time></pt><pt><x>1301</x><y>2353</y><time>09-10-20 15:16:03:031</time></pt><pt><x>1301</x><y>452</y><time>undefined</time></pt><pt><x>3252</x><y>452</y><time>undefined</time></pt><closed_date>09-10-20 15:16:03:032</closed_date></polygon></object></annotation>