<annotation><filename>m2_s02_085_p_nic067.jpg</filename><folder>users/joselusava//m2_jsv/85/nic</folder><source><submittedBy>Jose Saca</submittedBy></source><imagesize><nrows>2910</nrows><ncols>4361</ncols></imagesize><object><name>m2_s02_085_p_nic067</name><deleted>0</deleted><verified>0</verified><occluded>no</occluded><attributes></attributes><parts><hasparts></hasparts><ispartof></ispartof></parts><date>19-09-20 22:51:13:336</date><id>0</id><type>bounding_box</type><polygon><username>anonymous</username><pt><x>322</x><y>801</y><time>19-09-20 22:51:11:664</time></pt><pt><x>1245</x><y>801</y><time>19-09-20 22:51:12:703</time></pt><pt><x>1245</x><y>1689</y><time>undefined</time></pt><pt><x>322</x><y>1689</y><time>undefined</time></pt><closed_date>19-09-20 22:51:12:703</closed_date></polygon></object></annotation>