<annotation><filename>m4_s02_021_p_nic012.jpg</filename><folder>users/joselusava//santiago_2</folder><source><submittedBy>Jose Saca</submittedBy></source><imagesize><nrows>2910</nrows><ncols>4361</ncols></imagesize><object><name>m4_s02_021_p_nic012</name><deleted>0</deleted><verified>0</verified><occluded>no</occluded><attributes></attributes><parts><hasparts></hasparts><ispartof></ispartof></parts><date>04-10-20 22:05:51:574</date><id>0</id><type>bounding_box</type><polygon><username>anonymous</username><pt><x>603</x><y>159</y><time>04-10-20 22:05:47:999</time></pt><pt><x>1722</x><y>159</y><time>04-10-20 22:05:49:298</time></pt><pt><x>1722</x><y>1964</y><time>undefined</time></pt><pt><x>603</x><y>1964</y><time>undefined</time></pt><closed_date>04-10-20 22:05:49:298</closed_date></polygon></object></annotation>