<annotation><filename>m2_s05_236_p_ic059.jpg</filename><folder>users/joselusava//museos2020</folder><source><submittedBy>Jose Saca</submittedBy></source><imagesize><nrows>2910</nrows><ncols>4361</ncols></imagesize><object><name>m2_s05_236_p_ic059</name><deleted>0</deleted><verified>0</verified><occluded>no</occluded><attributes></attributes><parts><hasparts></hasparts><ispartof></ispartof></parts><date>16-09-20 18:49:54:393</date><id>0</id><type>bounding_box</type><polygon><username>anonymous</username><pt><x>270</x><y>191</y><time>16-09-20 18:49:42:730</time></pt><pt><x>3305</x><y>191</y><time>16-09-20 18:49:43:959</time></pt><pt><x>3305</x><y>2808</y><time>undefined</time></pt><pt><x>270</x><y>2808</y><time>undefined</time></pt><closed_date>16-09-20 18:49:43:960</closed_date></polygon></object></annotation>