<annotation><filename>m1_s01_004_p_ic060.jpg</filename><folder>users/joselusava//valeria_apoyo/sala001_004ic_ok</folder><source><submittedBy>Jose Saca</submittedBy></source><imagesize><nrows>2000</nrows><ncols>2992</ncols></imagesize><object><name>m1_s01_004_p_ic060</name><deleted>0</deleted><verified>0</verified><occluded>no</occluded><attributes></attributes><parts><hasparts></hasparts><ispartof></ispartof></parts><date>16-09-20 00:47:08:109</date><id>0</id><type>bounding_box</type><polygon><username>anonymous</username><pt><x>2947</x><y>1481</y><time>16-09-20 00:47:00:740</time></pt><pt><x>201</x><y>1481</y><time>16-09-20 00:47:04:403</time></pt><pt><x>201</x><y>720</y><time>undefined</time></pt><pt><x>2947</x><y>720</y><time>undefined</time></pt><closed_date>16-09-20 00:47:04:403</closed_date></polygon></object></annotation>