<annotation><filename>m4_s04_045_p_ic030.jpg</filename><folder>users/joselusava//valeria/m04_s04_45_ic</folder><source><submittedBy>Jose Saca</submittedBy></source><imagesize><nrows>2970</nrows><ncols>4451</ncols></imagesize><object><name>m4_s04_045_p_ic030</name><deleted>0</deleted><verified>0</verified><occluded>no</occluded><attributes></attributes><parts><hasparts></hasparts><ispartof></ispartof></parts><date>19-10-20 19:15:23:002</date><id>0</id><type>bounding_box</type><polygon><username>anonymous</username><pt><x>1902</x><y>2307</y><time>19-10-20 19:15:17:382</time></pt><pt><x>2644</x><y>2307</y><time>19-10-20 19:15:20:012</time></pt><pt><x>2644</x><y>714</y><time>undefined</time></pt><pt><x>1902</x><y>714</y><time>undefined</time></pt><closed_date>19-10-20 19:15:20:013</closed_date></polygon></object></annotation>