<annotation><filename>m4_s07_105_p_nic042.jpg</filename><folder>users/joselusava//kath/m4_105/nic</folder><source><submittedBy>Jose Saca</submittedBy></source><imagesize><nrows>2970</nrows><ncols>4451</ncols></imagesize><object><name>m4_s07_105_p_nic042</name><deleted>0</deleted><verified>0</verified><occluded>no</occluded><attributes></attributes><parts><hasparts></hasparts><ispartof></ispartof></parts><date>03-11-20 08:45:39:485</date><id>0</id><type>bounding_box</type><polygon><username>anonymous</username><pt><x>2662</x><y>2710</y><time>03-11-20 08:45:34:723</time></pt><pt><x>3560</x><y>2710</y><time>03-11-20 08:45:37:138</time></pt><pt><x>3560</x><y>1177</y><time>undefined</time></pt><pt><x>2662</x><y>1177</y><time>undefined</time></pt><closed_date>03-11-20 08:45:37:139</closed_date></polygon></object></annotation>