<annotation><filename>m4_s06_089_p_ic003.jpg</filename><folder>users/joselusava//santiago_2</folder><source><submittedBy>Jose Saca</submittedBy></source><imagesize><nrows>2970</nrows><ncols>4451</ncols></imagesize><object><name>m4_s06_089_p_ic003</name><deleted>0</deleted><verified>0</verified><occluded>no</occluded><attributes></attributes><parts><hasparts></hasparts><ispartof></ispartof></parts><date>10-10-20 22:21:32:178</date><id>0</id><type>bounding_box</type><polygon><username>anonymous</username><pt><x>1687</x><y>251</y><time>10-10-20 22:21:28:416</time></pt><pt><x>2698</x><y>251</y><time>10-10-20 22:21:29:942</time></pt><pt><x>2698</x><y>2256</y><time>undefined</time></pt><pt><x>1687</x><y>2256</y><time>undefined</time></pt><closed_date>10-10-20 22:21:29:943</closed_date></polygon></object></annotation>