<annotation><filename>m4_s09_138_p_ic098.jpg</filename><folder>users/joselusava//santiago_2</folder><source><submittedBy>Jose Saca</submittedBy></source><imagesize><nrows>2970</nrows><ncols>4451</ncols></imagesize><object><name>m4_s09_138_p_ic098</name><deleted>0</deleted><verified>0</verified><occluded>no</occluded><attributes></attributes><parts><hasparts></hasparts><ispartof></ispartof></parts><date>22-10-20 21:42:58:679</date><id>0</id><type>bounding_box</type><polygon><username>anonymous</username><pt><x>178</x><y>1185</y><time>22-10-20 21:42:55:389</time></pt><pt><x>4048</x><y>1185</y><time>22-10-20 21:42:56:670</time></pt><pt><x>4048</x><y>2752</y><time>undefined</time></pt><pt><x>178</x><y>2752</y><time>undefined</time></pt><closed_date>22-10-20 21:42:56:670</closed_date></polygon></object></annotation>