<annotation><filename>img_m1_s03-04_101_p_ic042.jpg</filename><folder>users/joselusava//valeria/sala3y4_101_ic</folder><source><submittedBy>Jose Saca</submittedBy></source><imagesize><nrows>3200</nrows><ncols>4800</ncols></imagesize><object><name>m1_s03_s04_101_p_ic042</name><deleted>0</deleted><verified>0</verified><occluded>no</occluded><attributes></attributes><parts><hasparts></hasparts><ispartof></ispartof></parts><date>29-08-20 00:07:20:189</date><id>0</id><type>bounding_box</type><polygon><username>anonymous</username><pt><x>4784</x><y>3179</y><time>29-08-20 00:07:11:335</time></pt><pt><x>961</x><y>3179</y><time>29-08-20 00:07:15:101</time></pt><pt><x>961</x><y>505</y><time>undefined</time></pt><pt><x>4784</x><y>505</y><time>undefined</time></pt><closed_date>29-08-20 00:07:15:103</closed_date></polygon></object></annotation>