<annotation><filename>m4_s06_089_p_nic042.jpg</filename><folder>users/joselusava//santiago_2</folder><source><submittedBy>Jose Saca</submittedBy></source><imagesize><nrows>2970</nrows><ncols>4451</ncols></imagesize><object><name>m4_s06_089_p_nic042</name><deleted>0</deleted><verified>0</verified><occluded>no</occluded><attributes></attributes><parts><hasparts></hasparts><ispartof></ispartof></parts><date>12-10-20 21:08:50:670</date><id>0</id><type>bounding_box</type><polygon><username>anonymous</username><pt><x>675</x><y>100</y><time>12-10-20 21:08:47:400</time></pt><pt><x>2017</x><y>100</y><time>12-10-20 21:08:48:638</time></pt><pt><x>2017</x><y>1824</y><time>undefined</time></pt><pt><x>675</x><y>1824</y><time>undefined</time></pt><closed_date>12-10-20 21:08:48:639</closed_date></polygon></object></annotation>