<annotation><filename>m4_s02_015_p_nic087.jpg</filename><folder>users/joselusava//m4_js/15nic</folder><source><submittedBy>Jose Saca</submittedBy></source><imagesize><nrows>2910</nrows><ncols>4361</ncols></imagesize><object><name>m4_s02_015_p_nic087</name><deleted>0</deleted><verified>0</verified><occluded>no</occluded><attributes></attributes><parts><hasparts></hasparts><ispartof></ispartof></parts><date>06-10-20 20:17:31:303</date><id>0</id><type>bounding_box</type><polygon><username>anonymous</username><pt><x>1636</x><y>235</y><time>06-10-20 20:17:26:996</time></pt><pt><x>244</x><y>235</y><time>06-10-20 20:17:29:346</time></pt><pt><x>244</x><y>1767</y><time>undefined</time></pt><pt><x>1636</x><y>1767</y><time>undefined</time></pt><closed_date>06-10-20 20:17:29:347</closed_date></polygon></object></annotation>