<annotation><filename>m2_s01_024_p_nic010.jpg</filename><folder>users/joselusava//santiago</folder><source><submittedBy>Jose Saca</submittedBy></source><imagesize><nrows>2850</nrows><ncols>4271</ncols></imagesize><object><name>m2_s01_024_p_nic010</name><deleted>0</deleted><verified>0</verified><occluded>no</occluded><attributes></attributes><parts><hasparts></hasparts><ispartof></ispartof></parts><date>25-09-20 13:33:53:748</date><id>0</id><type>bounding_box</type><polygon><username>anonymous</username><pt><x>244</x><y>122</y><time>25-09-20 13:33:46:511</time></pt><pt><x>1231</x><y>122</y><time>25-09-20 13:33:48:179</time></pt><pt><x>1231</x><y>1863</y><time>undefined</time></pt><pt><x>244</x><y>1863</y><time>undefined</time></pt><closed_date>25-09-20 13:33:48:180</closed_date></polygon></object></annotation>