<annotation><filename>m2_s01_032_p_nic025.jpg</filename><folder>users/joselusava//santiago_2</folder><source><submittedBy>Jose Saca</submittedBy></source><imagesize><nrows>2850</nrows><ncols>4271</ncols></imagesize><object><name>m2_s01_032_p_nic025</name><deleted>0</deleted><verified>0</verified><occluded>no</occluded><attributes></attributes><parts><hasparts></hasparts><ispartof></ispartof></parts><date>30-09-20 18:06:00:840</date><id>0</id><type>bounding_box</type><polygon><username>anonymous</username><pt><x>1988</x><y>319</y><time>30-09-20 18:05:58:208</time></pt><pt><x>2891</x><y>319</y><time>30-09-20 18:05:59:299</time></pt><pt><x>2891</x><y>1588</y><time>undefined</time></pt><pt><x>1988</x><y>1588</y><time>undefined</time></pt><closed_date>30-09-20 18:05:59:300</closed_date></polygon></object></annotation>