<annotation><filename>m4_s04_045_p_nic042.jpg</filename><folder>users/joselusava//valeria/m04_s04_45_nic</folder><source><submittedBy>Jose Saca</submittedBy></source><imagesize><nrows>2970</nrows><ncols>4451</ncols></imagesize><object><name>m4_s04_045_p_nic042</name><deleted>0</deleted><verified>0</verified><occluded>no</occluded><attributes></attributes><parts><hasparts></hasparts><ispartof></ispartof></parts><date>20-10-20 14:39:47:453</date><id>0</id><type>bounding_box</type><polygon><username>anonymous</username><pt><x>3575</x><y>1542</y><time>20-10-20 14:39:41:374</time></pt><pt><x>4255</x><y>1542</y><time>20-10-20 14:39:44:852</time></pt><pt><x>4255</x><y>423</y><time>undefined</time></pt><pt><x>3575</x><y>423</y><time>undefined</time></pt><closed_date>20-10-20 14:39:44:854</closed_date></polygon></object></annotation>