<annotation><filename>m4_s11_178_p_nic038.jpg</filename><folder>users/joselusava//santiago_2</folder><source><submittedBy>Jose Saca</submittedBy></source><imagesize><nrows>2970</nrows><ncols>4451</ncols></imagesize><object><name>m4_s11_178_p_nic038</name><deleted>0</deleted><verified>0</verified><occluded>no</occluded><attributes></attributes><parts><hasparts></hasparts><ispartof></ispartof></parts><date>15-10-20 23:24:48:846</date><id>0</id><type>bounding_box</type><polygon><username>anonymous</username><pt><x>2031</x><y>1374</y><time>15-10-20 23:24:44:600</time></pt><pt><x>3259</x><y>1374</y><time>15-10-20 23:24:46:778</time></pt><pt><x>3259</x><y>2724</y><time>undefined</time></pt><pt><x>2031</x><y>2724</y><time>undefined</time></pt><closed_date>15-10-20 23:24:46:779</closed_date></polygon></object></annotation>