<annotation><filename>m3_s01_013_p_ic077.jpg</filename><folder>users/joselusava//valeria/m03_s01_13_ic</folder><source><submittedBy>Jose Saca</submittedBy></source><imagesize><nrows>2970</nrows><ncols>4451</ncols></imagesize><object><name>m3_s01_013_p_ic076</name><deleted>0</deleted><verified>0</verified><occluded>no</occluded><attributes></attributes><parts><hasparts></hasparts><ispartof></ispartof></parts><date>01-11-20 09:28:23:440</date><id>0</id><type>bounding_box</type><polygon><username>anonymous</username><pt><x>3981</x><y>2730</y><time>01-11-20 09:28:18:625</time></pt><pt><x>663</x><y>2730</y><time>01-11-20 09:28:20:515</time></pt><pt><x>663</x><y>251</y><time>undefined</time></pt><pt><x>3981</x><y>251</y><time>undefined</time></pt><closed_date>01-11-20 09:28:20:517</closed_date></polygon></object></annotation>