<annotation><filename>m4_s04_047_p_ic077.jpg</filename><folder>users/joselusava//kath/kath_m4_047</folder><source><submittedBy>Jose Saca</submittedBy></source><imagesize><nrows>2970</nrows><ncols>4451</ncols></imagesize><object><name>m4_s04_047_p_ic077</name><deleted>0</deleted><verified>0</verified><occluded>no</occluded><attributes></attributes><parts><hasparts></hasparts><ispartof></ispartof></parts><date>24-10-20 14:34:17:557</date><id>0</id><type>bounding_box</type><polygon><username>anonymous</username><pt><x>1678</x><y>319</y><time>24-10-20 14:34:11:125</time></pt><pt><x>2873</x><y>319</y><time>24-10-20 14:34:12:942</time></pt><pt><x>2873</x><y>2814</y><time>undefined</time></pt><pt><x>1678</x><y>2814</y><time>undefined</time></pt><closed_date>24-10-20 14:34:12:944</closed_date></polygon></object></annotation>