<annotation><filename>m4_s05_060_p_nic042.jpg</filename><folder>users/joselusava//m4_js/60/nic</folder><source><submittedBy>Jose Saca</submittedBy></source><imagesize><nrows>2910</nrows><ncols>4361</ncols></imagesize><object><name>m4_s05_060_p_nic042</name><deleted>0</deleted><verified>0</verified><occluded>no</occluded><attributes></attributes><parts><hasparts></hasparts><ispartof></ispartof></parts><date>13-10-20 23:59:59:449</date><id>0</id><type>bounding_box</type><polygon><username>anonymous</username><pt><x>1062</x><y>1924</y><time>13-10-20 23:59:56:205</time></pt><pt><x>4335</x><y>1924</y><time>13-10-20 23:59:58:531</time></pt><pt><x>4335</x><y>35</y><time>undefined</time></pt><pt><x>1062</x><y>35</y><time>undefined</time></pt><closed_date>13-10-20 23:59:58:531</closed_date></polygon></object></annotation>