<annotation><filename>m4_s12_187_x.jpg</filename><folder>users/joselusava//kath/m4_x</folder><source><submittedBy>Jose Saca</submittedBy></source><imagesize><nrows>2910</nrows><ncols>4361</ncols></imagesize><object><name>m4_s12_187_x</name><deleted>0</deleted><verified>0</verified><occluded>no</occluded><attributes></attributes><parts><hasparts></hasparts><ispartof></ispartof></parts><date>21-10-20 12:31:48:108</date><id>0</id><type>bounding_box</type><polygon><username>anonymous</username><pt><x>1271</x><y>245</y><time>21-10-20 12:31:44:446</time></pt><pt><x>2999</x><y>245</y><time>21-10-20 12:31:45:881</time></pt><pt><x>2999</x><y>2637</y><time>undefined</time></pt><pt><x>1271</x><y>2637</y><time>undefined</time></pt><closed_date>21-10-20 12:31:45:881</closed_date></polygon></object></annotation>