<annotation><filename>m2_s03_201_p_ic054.jpg</filename><folder>users/joselusava//eg</folder><source><submittedBy>Jose Saca</submittedBy></source><imagesize><nrows>2910</nrows><ncols>4361</ncols></imagesize><object><name>m2_s03_201_p_ic054</name><deleted>0</deleted><verified>0</verified><occluded>no</occluded><attributes></attributes><parts><hasparts></hasparts><ispartof></ispartof></parts><date>17-09-20 07:22:10:549</date><id>0</id><type>bounding_box</type><polygon><username>anonymous</username><pt><x>903</x><y>229</y><time>17-09-20 07:22:01:356</time></pt><pt><x>3204</x><y>229</y><time>17-09-20 07:22:02:728</time></pt><pt><x>3204</x><y>2530</y><time>undefined</time></pt><pt><x>903</x><y>2530</y><time>undefined</time></pt><closed_date>17-09-20 07:22:02:729</closed_date></polygon></object></annotation>