<annotation><filename>m4_s12_185_p_ic002.jpg</filename><folder>users/joselusava//valeria/m04_s12_185_ic</folder><source><submittedBy>Jose Saca</submittedBy></source><imagesize><nrows>2910</nrows><ncols>4361</ncols></imagesize><object><name>m4_s12_185_p_ic002</name><deleted>0</deleted><verified>0</verified><occluded>no</occluded><attributes></attributes><parts><hasparts></hasparts><ispartof></ispartof></parts><date>17-10-20 14:25:56:539</date><id>0</id><type>bounding_box</type><polygon><username>anonymous</username><pt><x>1248</x><y>2580</y><time>17-10-20 14:25:46:818</time></pt><pt><x>3240</x><y>2580</y><time>17-10-20 14:25:48:389</time></pt><pt><x>3240</x><y>229</y><time>undefined</time></pt><pt><x>1248</x><y>229</y><time>undefined</time></pt><closed_date>17-10-20 14:25:48:390</closed_date></polygon></object></annotation>