<annotation><filename>m2_s02_085_p_nic044.jpg</filename><folder>users/joselusava//m2_jsv/85/nic</folder><source><submittedBy>Jose Saca</submittedBy></source><imagesize><nrows>2910</nrows><ncols>4361</ncols></imagesize><object><name>m2_s02_085_p_nic044</name><deleted>0</deleted><verified>0</verified><occluded>no</occluded><attributes></attributes><parts><hasparts></hasparts><ispartof></ispartof></parts><date>19-09-20 22:42:12:445</date><id>0</id><type>bounding_box</type><polygon><username>anonymous</username><pt><x>522</x><y>966</y><time>19-09-20 22:42:10:935</time></pt><pt><x>1419</x><y>966</y><time>19-09-20 22:42:11:914</time></pt><pt><x>1419</x><y>2002</y><time>undefined</time></pt><pt><x>522</x><y>2002</y><time>undefined</time></pt><closed_date>19-09-20 22:42:11:915</closed_date></polygon></object></annotation>