<annotation><filename>m1_s03-04_079_x.jpg</filename><folder>users/joselusava//valeria/sala03y04</folder><source><submittedBy>Jose Saca</submittedBy></source><imagesize><nrows>3200</nrows><ncols>4800</ncols></imagesize><object><name>m1_s03_s04_079_x</name><deleted>0</deleted><verified>0</verified><occluded>no</occluded><attributes></attributes><parts><hasparts></hasparts><ispartof></ispartof></parts><date>28-08-20 19:53:16:151</date><id>0</id><type>bounding_box</type><polygon><username>anonymous</username><pt><x>3903</x><y>3109</y><time>28-08-20 19:53:06:321</time></pt><pt><x>1047</x><y>3109</y><time>28-08-20 19:53:11:258</time></pt><pt><x>1047</x><y>70</y><time>undefined</time></pt><pt><x>3903</x><y>70</y><time>undefined</time></pt><closed_date>28-08-20 19:53:11:258</closed_date></polygon></object></annotation>