<annotation><filename>m2_s03_252_p_ic025.jpg</filename><folder>users/joselusava//valeria/m2_sala03_252_ic</folder><source><submittedBy>Jose Saca</submittedBy></source><imagesize><nrows>2910</nrows><ncols>4361</ncols></imagesize><object><name>m2_s06_252_p_ic025</name><deleted>0</deleted><verified>0</verified><occluded>no</occluded><attributes></attributes><parts><hasparts></hasparts><ispartof></ispartof></parts><date>25-09-20 20:15:51:568</date><id>0</id><type>bounding_box</type><polygon><username>anonymous</username><pt><x>502</x><y>2728</y><time>25-09-20 20:15:45:472</time></pt><pt><x>3786</x><y>2728</y><time>25-09-20 20:15:47:667</time></pt><pt><x>3786</x><y>948</y><time>undefined</time></pt><pt><x>502</x><y>948</y><time>undefined</time></pt><closed_date>25-09-20 20:15:47:668</closed_date></polygon></object></annotation>