<annotation><filename>m2_s01_001_p_nic022.jpg</filename><folder>users/joselusava//santiago</folder><source><submittedBy>Jose Saca</submittedBy></source><imagesize><nrows>2850</nrows><ncols>4271</ncols></imagesize><object><name>m2_s01_001_p_nic022</name><deleted>0</deleted><verified>0</verified><occluded>no</occluded><attributes></attributes><parts><hasparts></hasparts><ispartof></ispartof></parts><date>19-09-20 22:07:56:942</date><id>0</id><type>bounding_box</type><polygon><username>anonymous</username><pt><x>1144</x><y>167</y><time>19-09-20 22:07:49:034</time></pt><pt><x>2584</x><y>167</y><time>19-09-20 22:07:50:952</time></pt><pt><x>2584</x><y>1683</y><time>undefined</time></pt><pt><x>1144</x><y>1683</y><time>undefined</time></pt><closed_date>19-09-20 22:07:50:953</closed_date></polygon></object></annotation>