<annotation><filename>m4_s02_021_p_ic011.jpg</filename><folder>users/joselusava//santiago_2</folder><source><submittedBy>Jose Saca</submittedBy></source><imagesize><nrows>3000</nrows><ncols>4496</ncols></imagesize><object><name>m4_s02_021_p_ic011</name><deleted>0</deleted><verified>0</verified><occluded>no</occluded><attributes></attributes><parts><hasparts></hasparts><ispartof></ispartof></parts><date>02-10-20 15:17:12:771</date><id>0</id><type>bounding_box</type><polygon><username>anonymous</username><pt><x>1754</x><y>229</y><time>02-10-20 15:17:07:195</time></pt><pt><x>3182</x><y>229</y><time>02-10-20 15:17:09:194</time></pt><pt><x>3182</x><y>2879</y><time>undefined</time></pt><pt><x>1754</x><y>2879</y><time>undefined</time></pt><closed_date>02-10-20 15:17:09:195</closed_date></polygon></object></annotation>