<annotation><filename>m1_s01_004_p_nic038.jpg</filename><folder>users/joselusava//valeria_apoyo/sala01_004_nic</folder><source><submittedBy>Jose Saca</submittedBy></source><imagesize><nrows>3200</nrows><ncols>4800</ncols></imagesize><object><name>m1_s01_004_p_nic038</name><deleted>0</deleted><verified>0</verified><occluded>no</occluded><attributes></attributes><parts><hasparts></hasparts><ispartof></ispartof></parts><date>16-09-20 21:34:56:554</date><id>0</id><type>bounding_box</type><polygon><username>anonymous</username><pt><x>6</x><y>3158</y><time>16-09-20 21:34:49:350</time></pt><pt><x>4782</x><y>3158</y><time>16-09-20 21:34:52:644</time></pt><pt><x>4782</x><y>1818</y><time>undefined</time></pt><pt><x>6</x><y>1818</y><time>undefined</time></pt><closed_date>16-09-20 21:34:52:645</closed_date></polygon></object></annotation>