<annotation><filename>m1_s01_001_p_ic014.jpg</filename><folder>users/joselusava//juancarlos</folder><source><submittedBy>Jose Saca</submittedBy></source><imagesize><nrows>2000</nrows><ncols>2992</ncols></imagesize><object><name>m1_s01_001_p_ic014</name><deleted>0</deleted><verified>0</verified><occluded>no</occluded><attributes></attributes><parts><hasparts></hasparts><ispartof></ispartof></parts><date>24-08-20 11:37:47:597</date><id>0</id><type>bounding_box</type><polygon><username>anonymous</username><pt><x>784</x><y>527</y><time>24-08-20 11:37:17:452</time></pt><pt><x>2080</x><y>527</y><time>24-08-20 11:37:30:812</time></pt><pt><x>2080</x><y>1284</y><time>undefined</time></pt><pt><x>784</x><y>1284</y><time>undefined</time></pt><closed_date>24-08-20 11:37:30:814</closed_date></polygon></object></annotation>