<annotation><filename>img_m1_s10_303_p_nic032.jpg</filename><folder>users/joselusava//santiago</folder><source><submittedBy>Jose Saca</submittedBy></source><imagesize><nrows>3200</nrows><ncols>4800</ncols></imagesize><object><name>m1_s10_303_p_nic032</name><deleted>0</deleted><verified>0</verified><occluded>no</occluded><attributes></attributes><parts><hasparts></hasparts><ispartof></ispartof></parts><date>01-09-20 20:26:08:636</date><id>0</id><type>bounding_box</type><polygon><username>anonymous</username><pt><x>839</x><y>529</y><time>01-09-20 20:26:00:383</time></pt><pt><x>2016</x><y>529</y><time>01-09-20 20:26:02:097</time></pt><pt><x>2016</x><y>1382</y><time>undefined</time></pt><pt><x>839</x><y>1382</y><time>undefined</time></pt><closed_date>01-09-20 20:26:02:099</closed_date></polygon></object></annotation>