<annotation><filename>m4_s10_164_p_ic088.jpg</filename><folder>users/joselusava//santiago_2</folder><source><submittedBy>Jose Saca</submittedBy></source><imagesize><nrows>2970</nrows><ncols>4451</ncols></imagesize><object><name>m4_s10_164_p_ic088</name><deleted>0</deleted><verified>0</verified><occluded>no</occluded><attributes></attributes><parts><hasparts></hasparts><ispartof></ispartof></parts><date>13-10-20 23:11:23:759</date><id>0</id><type>bounding_box</type><polygon><username>anonymous</username><pt><x>2013</x><y>1074</y><time>13-10-20 23:11:17:549</time></pt><pt><x>2513</x><y>1074</y><time>13-10-20 23:11:18:798</time></pt><pt><x>2513</x><y>1817</y><time>undefined</time></pt><pt><x>2013</x><y>1817</y><time>undefined</time></pt><closed_date>13-10-20 23:11:18:798</closed_date></polygon></object></annotation>