<annotation><filename>m1_s06_164_x.jpg</filename><folder>users/joselusava//jacob_2/sala6</folder><source><submittedBy>Jose Saca</submittedBy></source><imagesize><nrows>2736</nrows><ncols>4100</ncols></imagesize><object><name>m1_s06_164_x</name><deleted>0</deleted><verified>0</verified><occluded>no</occluded><attributes></attributes><parts><hasparts></hasparts><ispartof></ispartof></parts><date>06-09-20 01:44:57:578</date><id>0</id><type>bounding_box</type><polygon><username>anonymous</username><pt><x>1141</x><y>2559</y><time>06-09-20 01:44:54:418</time></pt><pt><x>2894</x><y>2559</y><time>06-09-20 01:44:56:311</time></pt><pt><x>2894</x><y>114</y><time>undefined</time></pt><pt><x>1141</x><y>114</y><time>undefined</time></pt><closed_date>06-09-20 01:44:56:311</closed_date></polygon></object></annotation>