<annotation><filename>m2_s03_248_p_nic036.jpg</filename><folder>users/joselusava//museos2020</folder><source><submittedBy>Jose Saca</submittedBy></source><imagesize><nrows>2910</nrows><ncols>4361</ncols></imagesize><object><name>m2_s03_248_p_nic036</name><deleted>0</deleted><verified>0</verified><occluded>no</occluded><attributes></attributes><parts><hasparts></hasparts><ispartof></ispartof></parts><date>27-09-20 16:55:16:328</date><id>0</id><polygon><username>anonymous</username><pt><x>1836</x><y>827</y><time>27-09-20 16:55:06:195</time></pt><pt><x>4030</x><y>786</y><time>27-09-20 16:55:07:301</time></pt><pt><x>3393</x><y>1543</y><time>27-09-20 16:55:08:140</time></pt><pt><x>1683</x><y>1078</y><time>27-09-20 16:55:09:430</time></pt><closed_date>27-09-20 16:55:10:070</closed_date></polygon></object></annotation>