<annotation><filename>m1_s02_029_p_nic091.jpg</filename><folder>users/joselusava//valeria/sala2_029_nic</folder><source><submittedBy>Jose Saca</submittedBy></source><imagesize><nrows>3200</nrows><ncols>4800</ncols></imagesize><object><name>m1_s02_029_p_nic091</name><deleted>0</deleted><verified>0</verified><occluded>no</occluded><attributes></attributes><parts><hasparts></hasparts><ispartof></ispartof></parts><date>26-08-20 21:07:48:501</date><id>0</id><type>bounding_box</type><polygon><username>anonymous</username><pt><x>2486</x><y>268</y><time>26-08-20 21:07:42:994</time></pt><pt><x>3554</x><y>268</y><time>26-08-20 21:07:44:992</time></pt><pt><x>3554</x><y>1444</y><time>undefined</time></pt><pt><x>2486</x><y>1444</y><time>undefined</time></pt><closed_date>26-08-20 21:07:44:993</closed_date></polygon></object></annotation>