<annotation><filename>m1_s06_168_p_ic020.jpg</filename><folder>users/joselusava//jacob_2/168ic</folder><source><submittedBy>Jose Saca</submittedBy></source><imagesize><nrows>2736</nrows><ncols>4100</ncols></imagesize><object><name>m1_s06_168_p_ic020</name><deleted>0</deleted><verified>0</verified><occluded>no</occluded><attributes></attributes><parts><hasparts></hasparts><ispartof></ispartof></parts><date>08-09-20 19:45:06:170</date><id>0</id><type>bounding_box</type><polygon><username>anonymous</username><pt><x>1187</x><y>2349</y><time>08-09-20 19:45:04:341</time></pt><pt><x>2848</x><y>2349</y><time>08-09-20 19:45:05:403</time></pt><pt><x>2848</x><y>57</y><time>undefined</time></pt><pt><x>1187</x><y>57</y><time>undefined</time></pt><closed_date>08-09-20 19:45:05:403</closed_date></polygon></object></annotation>