<annotation><filename>m4_s10_164_p_nic066.jpg</filename><folder>users/joselusava//santiago_2</folder><source><submittedBy>Jose Saca</submittedBy></source><imagesize><nrows>2970</nrows><ncols>4451</ncols></imagesize><object><name>m4_s10_164_p_nic066</name><deleted>0</deleted><verified>0</verified><occluded>no</occluded><attributes></attributes><parts><hasparts></hasparts><ispartof></ispartof></parts><date>14-10-20 13:47:17:820</date><id>0</id><type>bounding_box</type><polygon><username>anonymous</username><pt><x>3327</x><y>1546</y><time>14-10-20 13:47:14:594</time></pt><pt><x>3798</x><y>1546</y><time>14-10-20 13:47:15:747</time></pt><pt><x>3798</x><y>2131</y><time>undefined</time></pt><pt><x>3327</x><y>2131</y><time>undefined</time></pt><closed_date>14-10-20 13:47:15:748</closed_date></polygon></object></annotation>