<annotation><filename>m1_s06_168_p_nic083.jpg</filename><folder>users/joselusava//jacob_2/168nic</folder><source><submittedBy>Jose Saca</submittedBy></source><imagesize><nrows>2736</nrows><ncols>4100</ncols></imagesize><object><name>m1_s06_168_p_nic083</name><deleted>0</deleted><verified>0</verified><occluded>no</occluded><attributes></attributes><parts><hasparts></hasparts><ispartof></ispartof></parts><date>09-09-20 10:58:18:802</date><id>0</id><type>bounding_box</type><polygon><username>anonymous</username><pt><x>3732</x><y>2144</y><time>09-09-20 10:58:16:875</time></pt><pt><x>2455</x><y>2144</y><time>09-09-20 10:58:18:180</time></pt><pt><x>2455</x><y>589</y><time>undefined</time></pt><pt><x>3732</x><y>589</y><time>undefined</time></pt><closed_date>09-09-20 10:58:18:180</closed_date></polygon></object></annotation>