<annotation><filename>m2_s01_032_p_ic056.jpg</filename><folder>users/joselusava//santiago_2</folder><source><submittedBy>Jose Saca</submittedBy></source><imagesize><nrows>2850</nrows><ncols>4271</ncols></imagesize><object><name>m2_s01_032_p_ic056</name><deleted>0</deleted><verified>0</verified><occluded>no</occluded><attributes></attributes><parts><hasparts></hasparts><ispartof></ispartof></parts><date>30-09-20 15:46:25:448</date><id>0</id><type>bounding_box</type><polygon><username>anonymous</username><pt><x>1135</x><y>212</y><time>30-09-20 15:46:21:325</time></pt><pt><x>3164</x><y>212</y><time>30-09-20 15:46:23:014</time></pt><pt><x>3164</x><y>2661</y><time>undefined</time></pt><pt><x>1135</x><y>2661</y><time>undefined</time></pt><closed_date>30-09-20 15:46:23:014</closed_date></polygon></object></annotation>