<annotation><filename>m2_s03_201_p_ic002.jpg</filename><folder>users/joselusava//juancarlos</folder><source><submittedBy>Jose Saca</submittedBy></source><imagesize><nrows>2910</nrows><ncols>4361</ncols></imagesize><object><name>m2_s03_201_p_ic002</name><deleted>0</deleted><verified>0</verified><occluded>no</occluded><attributes></attributes><parts><hasparts></hasparts><ispartof></ispartof></parts><date>04-10-20 20:46:51:189</date><id>0</id><polygon><username>anonymous</username><pt><x>1548</x><y>404</y><time>04-10-20 20:46:28:998</time></pt><pt><x>1436</x><y>2194</y><time>04-10-20 20:46:30:205</time></pt><pt><x>3082</x><y>2361</y><time>04-10-20 20:46:31:343</time></pt><pt><x>2836</x><y>674</y><time>04-10-20 20:46:32:433</time></pt><closed_date>04-10-20 20:46:33:466</closed_date></polygon></object></annotation>