<annotation><filename>m4_s07_113_x.jpg</filename><folder>users/joselusava//kath/m4_x</folder><source><submittedBy>Jose Saca</submittedBy></source><imagesize><nrows>2970</nrows><ncols>4451</ncols></imagesize><object><name>m4_s07_113_x</name><deleted>0</deleted><verified>0</verified><occluded>no</occluded><attributes></attributes><parts><hasparts></hasparts><ispartof></ispartof></parts><date>21-10-20 11:23:13:796</date><id>0</id><type>bounding_box</type><polygon><username>anonymous</username><pt><x>903</x><y>211</y><time>21-10-20 11:23:08:259</time></pt><pt><x>3547</x><y>211</y><time>21-10-20 11:23:10:991</time></pt><pt><x>3547</x><y>2677</y><time>undefined</time></pt><pt><x>903</x><y>2677</y><time>undefined</time></pt><closed_date>21-10-20 11:23:10:992</closed_date></polygon></object></annotation>