<annotation><filename>m2_s02_085_p_ic079.jpg</filename><folder>users/joselusava//m2_jsv/85/ic</folder><source><submittedBy>Jose Saca</submittedBy></source><imagesize><nrows>2910</nrows><ncols>4361</ncols></imagesize><object><name>m2_s02_085_p_ic079</name><deleted>0</deleted><verified>0</verified><occluded>no</occluded><attributes></attributes><parts><hasparts></hasparts><ispartof></ispartof></parts><date>17-09-20 20:06:05:014</date><id>0</id><type>bounding_box</type><polygon><username>anonymous</username><pt><x>1410</x><y>496</y><time>17-09-20 20:06:03:740</time></pt><pt><x>3238</x><y>496</y><time>17-09-20 20:06:04:573</time></pt><pt><x>3238</x><y>2490</y><time>undefined</time></pt><pt><x>1410</x><y>2490</y><time>undefined</time></pt><closed_date>17-09-20 20:06:04:573</closed_date></polygon></object></annotation>