<annotation><filename>m2_s01_034_p_nic011.jpg</filename><folder>users/joselusava//kath</folder><source><submittedBy>Jose Saca</submittedBy></source><imagesize><nrows>2850</nrows><ncols>4271</ncols></imagesize><object><name>m2_s01_034_p_nic011</name><deleted>0</deleted><verified>0</verified><occluded>no</occluded><attributes></attributes><parts><hasparts></hasparts><ispartof></ispartof></parts><date>25-09-20 17:30:09:549</date><id>0</id><type>bounding_box</type><polygon><username>anonymous</username><pt><x>530</x><y>329</y><time>25-09-20 17:30:02:628</time></pt><pt><x>1604</x><y>329</y><time>25-09-20 17:30:05:916</time></pt><pt><x>1604</x><y>1890</y><time>undefined</time></pt><pt><x>530</x><y>1890</y><time>undefined</time></pt><closed_date>25-09-20 17:30:05:917</closed_date></polygon></object></annotation>