<annotation><filename>m2_s02_190_p_ic065.jpg</filename><folder>users/joselusava//m2_jsv/190/ic</folder><source><submittedBy>Jose Saca</submittedBy></source><imagesize><nrows>2910</nrows><ncols>4361</ncols></imagesize><object><name>m2_s02_190_p_ic065</name><deleted>0</deleted><verified>0</verified><occluded>no</occluded><attributes></attributes><parts><hasparts></hasparts><ispartof></ispartof></parts><date>21-09-20 14:31:19:164</date><id>0</id><type>bounding_box</type><polygon><username>anonymous</username><pt><x>1266</x><y>668</y><time>21-09-20 14:31:17:013</time></pt><pt><x>2939</x><y>668</y><time>21-09-20 14:31:18:550</time></pt><pt><x>2939</x><y>2592</y><time>undefined</time></pt><pt><x>1266</x><y>2592</y><time>undefined</time></pt><closed_date>21-09-20 14:31:18:550</closed_date></polygon></object></annotation>