<annotation><filename>m3_s01_023_p_ic017.jpg</filename><folder>users/joselusava//santiago_3</folder><source><submittedBy>Jose Saca</submittedBy></source><imagesize><nrows>2970</nrows><ncols>4451</ncols></imagesize><object><name>m3_s01_023_p_ic017</name><deleted>0</deleted><verified>0</verified><occluded>no</occluded><attributes></attributes><parts><hasparts></hasparts><ispartof></ispartof></parts><date>04-11-20 18:49:02:710</date><id>0</id><type>bounding_box</type><polygon><username>anonymous</username><pt><x>432</x><y>382</y><time>04-11-20 18:48:58:294</time></pt><pt><x>3977</x><y>382</y><time>04-11-20 18:49:00:348</time></pt><pt><x>3977</x><y>2538</y><time>undefined</time></pt><pt><x>432</x><y>2538</y><time>undefined</time></pt><closed_date>04-11-20 18:49:00:350</closed_date></polygon></object></annotation>