<annotation><filename>m2_s01_001_p_nic045.jpg</filename><folder>users/joselusava//santiago</folder><source><submittedBy>Jose Saca</submittedBy></source><imagesize><nrows>2850</nrows><ncols>4271</ncols></imagesize><object><name>m2_s01_001_p_nic045</name><deleted>0</deleted><verified>0</verified><occluded>no</occluded><attributes></attributes><parts><hasparts></hasparts><ispartof></ispartof></parts><date>19-09-20 22:41:41:123</date><id>0</id><type>bounding_box</type><polygon><username>anonymous</username><pt><x>314</x><y>349</y><time>19-09-20 22:41:32:157</time></pt><pt><x>1863</x><y>349</y><time>19-09-20 22:41:34:143</time></pt><pt><x>1863</x><y>1638</y><time>undefined</time></pt><pt><x>314</x><y>1638</y><time>undefined</time></pt><closed_date>19-09-20 22:41:34:144</closed_date></polygon></object></annotation>