<annotation><filename>m2_s01_032_p_nic066.jpg</filename><folder>users/joselusava//santiago_2</folder><source><submittedBy>Jose Saca</submittedBy></source><imagesize><nrows>2850</nrows><ncols>4271</ncols></imagesize><object><name>m2_s01_032_p_nic066</name><deleted>0</deleted><verified>0</verified><occluded>no</occluded><attributes></attributes><parts><hasparts></hasparts><ispartof></ispartof></parts><date>30-09-20 21:06:49:870</date><id>0</id><type>bounding_box</type><polygon><username>anonymous</username><pt><x>512</x><y>828</y><time>30-09-20 21:06:46:754</time></pt><pt><x>1354</x><y>828</y><time>30-09-20 21:06:47:671</time></pt><pt><x>1354</x><y>1676</y><time>undefined</time></pt><pt><x>512</x><y>1676</y><time>undefined</time></pt><closed_date>30-09-20 21:06:47:672</closed_date></polygon></object></annotation>