<annotation><filename>m4_s03_025_p_nic024.jpg</filename><folder>users/joselusava//santiago_3</folder><source><submittedBy>Jose Saca</submittedBy></source><imagesize><nrows>2910</nrows><ncols>4361</ncols></imagesize><object><name>m4_s03_025_p_nic024</name><deleted>0</deleted><verified>0</verified><occluded>no</occluded><attributes></attributes><parts><hasparts></hasparts><ispartof></ispartof></parts><date>07-11-20 23:35:42:676</date><id>0</id><type>bounding_box</type><polygon><username>anonymous</username><pt><x>206</x><y>1263</y><time>07-11-20 23:35:35:414</time></pt><pt><x>2441</x><y>1263</y><time>07-11-20 23:35:37:277</time></pt><pt><x>2441</x><y>2466</y><time>undefined</time></pt><pt><x>206</x><y>2466</y><time>undefined</time></pt><closed_date>07-11-20 23:35:37:277</closed_date></polygon></object></annotation>