<annotation><filename>m2_s02_190_p_nic018.jpg</filename><folder>users/joselusava//m2_jsv/190/nic</folder><source><submittedBy>Jose Saca</submittedBy></source><imagesize><nrows>2910</nrows><ncols>4361</ncols></imagesize><object><name>m2_s02_190_p_nic018</name><deleted>0</deleted><verified>0</verified><occluded>no</occluded><attributes></attributes><parts><hasparts></hasparts><ispartof></ispartof></parts><date>21-09-20 14:56:42:779</date><id>0</id><type>bounding_box</type><polygon><username>anonymous</username><pt><x>1349</x><y>2594</y><time>21-09-20 14:56:40:446</time></pt><pt><x>122</x><y>2594</y><time>21-09-20 14:56:42:157</time></pt><pt><x>122</x><y>1210</y><time>undefined</time></pt><pt><x>1349</x><y>1210</y><time>undefined</time></pt><closed_date>21-09-20 14:56:42:157</closed_date></polygon></object></annotation>