<annotation><filename>m1_s01_001_p_ic081.jpg</filename><folder>users/joselusava//juancarlos</folder><source><submittedBy>Jose Saca</submittedBy></source><imagesize><nrows>2000</nrows><ncols>2992</ncols></imagesize><object><name>m1_s01_001_p_ic081</name><deleted>0</deleted><verified>0</verified><occluded>no</occluded><attributes></attributes><parts><hasparts></hasparts><ispartof></ispartof></parts><date>01-09-20 10:33:47:015</date><id>0</id><type>bounding_box</type><polygon><username>anonymous</username><pt><x>534</x><y>693</y><time>01-09-20 10:33:35:240</time></pt><pt><x>1993</x><y>693</y><time>01-09-20 10:33:38:765</time></pt><pt><x>1993</x><y>1556</y><time>undefined</time></pt><pt><x>534</x><y>1556</y><time>undefined</time></pt><closed_date>01-09-20 10:33:38:767</closed_date></polygon></object></annotation>