<annotation><filename>m2_s07_264_p_nic006.jpg</filename><folder>users/joselusava//valeria/sala7_264_nic</folder><source><submittedBy>Jose Saca</submittedBy></source><imagesize><nrows>2910</nrows><ncols>4361</ncols></imagesize><object><name>m2_s07_264_p_nic006</name><deleted>0</deleted><verified>0</verified><occluded>no</occluded><attributes></attributes><parts><hasparts></hasparts><ispartof></ispartof></parts><date>23-09-20 19:21:06:205</date><id>0</id><type>bounding_box</type><polygon><username>anonymous</username><pt><x>369</x><y>1923</y><time>23-09-20 19:20:59:789</time></pt><pt><x>1626</x><y>1923</y><time>23-09-20 19:21:02:583</time></pt><pt><x>1626</x><y>176</y><time>undefined</time></pt><pt><x>369</x><y>176</y><time>undefined</time></pt><closed_date>23-09-20 19:21:02:584</closed_date></polygon></object></annotation>