<annotation><filename>m3_s01_023_p_ic026.jpg</filename><folder>users/joselusava//santiago_3</folder><source><submittedBy>Jose Saca</submittedBy></source><imagesize><nrows>2970</nrows><ncols>4451</ncols></imagesize><object><name>m3_s01_023_p_ic026</name><deleted>0</deleted><verified>0</verified><occluded>no</occluded><attributes></attributes><parts><hasparts></hasparts><ispartof></ispartof></parts><date>04-11-20 19:00:47:710</date><id>0</id><type>bounding_box</type><polygon><username>anonymous</username><pt><x>568</x><y>432</y><time>04-11-20 19:00:44:038</time></pt><pt><x>3966</x><y>432</y><time>04-11-20 19:00:45:805</time></pt><pt><x>3966</x><y>2467</y><time>undefined</time></pt><pt><x>568</x><y>2467</y><time>undefined</time></pt><closed_date>04-11-20 19:00:45:806</closed_date></polygon></object></annotation>