<annotation><filename>m4_s06_089_p_ic053.jpg</filename><folder>users/joselusava//santiago_2</folder><source><submittedBy>Jose Saca</submittedBy></source><imagesize><nrows>2970</nrows><ncols>4451</ncols></imagesize><object><name>m4_s06_089_p_ic053</name><deleted>0</deleted><verified>0</verified><occluded>no</occluded><attributes></attributes><parts><hasparts></hasparts><ispartof></ispartof></parts><date>11-10-20 18:44:20:312</date><id>0</id><type>bounding_box</type><polygon><username>anonymous</username><pt><x>1778</x><y>357</y><time>11-10-20 18:44:15:818</time></pt><pt><x>2680</x><y>357</y><time>11-10-20 18:44:17:578</time></pt><pt><x>2680</x><y>2327</y><time>undefined</time></pt><pt><x>1778</x><y>2327</y><time>undefined</time></pt><closed_date>11-10-20 18:44:17:579</closed_date></polygon></object></annotation>