<annotation><filename>img_m1_s10_303_p_nic012.jpg</filename><folder>users/joselusava//santiago</folder><source><submittedBy>Jose Saca</submittedBy></source><imagesize><nrows>3200</nrows><ncols>4800</ncols></imagesize><object><name>m1_s10_303_p_nic012</name><deleted>0</deleted><verified>0</verified><occluded>no</occluded><attributes></attributes><parts><hasparts></hasparts><ispartof></ispartof></parts><date>01-09-20 19:49:46:918</date><id>0</id><type>bounding_box</type><polygon><username>anonymous</username><pt><x>40</x><y>389</y><time>01-09-20 19:49:37:434</time></pt><pt><x>1778</x><y>389</y><time>01-09-20 19:49:39:498</time></pt><pt><x>1778</x><y>1299</y><time>undefined</time></pt><pt><x>40</x><y>1299</y><time>undefined</time></pt><closed_date>01-09-20 19:49:39:500</closed_date></polygon></object></annotation>