<annotation><filename>img_m1_s03-04_101_p_ic085.jpg</filename><folder>users/joselusava//valeria/sala3y4_101_ic</folder><source><submittedBy>Jose Saca</submittedBy></source><imagesize><nrows>3200</nrows><ncols>4800</ncols></imagesize><object><name>m1_s03_s04_101_p_ic085</name><deleted>0</deleted><verified>0</verified><occluded>no</occluded><attributes></attributes><parts><hasparts></hasparts><ispartof></ispartof></parts><date>29-08-20 01:50:27:407</date><id>0</id><type>bounding_box</type><polygon><username>anonymous</username><pt><x>352</x><y>2861</y><time>29-08-20 01:50:18:754</time></pt><pt><x>4455</x><y>2861</y><time>29-08-20 01:50:22:776</time></pt><pt><x>4455</x><y>673</y><time>undefined</time></pt><pt><x>352</x><y>673</y><time>undefined</time></pt><closed_date>29-08-20 01:50:22:778</closed_date></polygon></object></annotation>