<annotation><filename>m2_s01_010_p_ic081.jpg</filename><folder>users/joselusava//santiago</folder><source><submittedBy>Jose Saca</submittedBy></source><imagesize><nrows>2850</nrows><ncols>4271</ncols></imagesize><object><name>m2_s01_010_p_ic081</name><deleted>0</deleted><verified>0</verified><occluded>no</occluded><attributes></attributes><parts><hasparts></hasparts><ispartof></ispartof></parts><date>21-09-20 23:30:08:131</date><id>0</id><type>bounding_box</type><polygon><username>anonymous</username><pt><x>1250</x><y>516</y><time>21-09-20 23:29:59:024</time></pt><pt><x>3215</x><y>516</y><time>21-09-20 23:30:01:533</time></pt><pt><x>3215</x><y>2401</y><time>undefined</time></pt><pt><x>1250</x><y>2401</y><time>undefined</time></pt><closed_date>21-09-20 23:30:01:534</closed_date></polygon></object></annotation>