<annotation><filename>m4_s04_047_p_ic048.jpg</filename><folder>users/joselusava//kath/kath_m4_047</folder><source><submittedBy>Jose Saca</submittedBy></source><imagesize><nrows>2970</nrows><ncols>4451</ncols></imagesize><object><name>m4_s04_047_p_ic048</name><deleted>0</deleted><verified>0</verified><occluded>no</occluded><attributes></attributes><parts><hasparts></hasparts><ispartof></ispartof></parts><date>24-10-20 14:11:31:665</date><id>0</id><type>bounding_box</type><polygon><username>anonymous</username><pt><x>1685</x><y>200</y><time>24-10-20 14:11:25:394</time></pt><pt><x>2807</x><y>200</y><time>24-10-20 14:11:28:718</time></pt><pt><x>2807</x><y>2784</y><time>undefined</time></pt><pt><x>1685</x><y>2784</y><time>undefined</time></pt><closed_date>24-10-20 14:11:28:720</closed_date></polygon></object></annotation>