<annotation><filename>m1_s01_021_p_nic024.jpg</filename><folder>users/joselusava//santiago</folder><source><submittedBy>Jose Saca</submittedBy></source><imagesize><nrows>3200</nrows><ncols>4800</ncols></imagesize><object><name>m1_s01_021_p_nic024</name><deleted>0</deleted><verified>0</verified><occluded>no</occluded><attributes></attributes><parts><hasparts></hasparts><ispartof></ispartof></parts><date>15-09-20 15:34:14:980</date><id>0</id><type>bounding_box</type><polygon><username>anonymous</username><pt><x>3751</x><y>2117</y><time>15-09-20 15:34:06:556</time></pt><pt><x>4334</x><y>2117</y><time>15-09-20 15:34:08:552</time></pt><pt><x>4334</x><y>2930</y><time>undefined</time></pt><pt><x>3751</x><y>2930</y><time>undefined</time></pt><closed_date>15-09-20 15:34:08:553</closed_date></polygon></object></annotation>