<annotation><filename>m1_s02_065_p_nic097.jpg</filename><folder>users/joselusava//valeria/sala2_065_nic</folder><source><submittedBy>Jose Saca</submittedBy></source><imagesize><nrows>2000</nrows><ncols>2992</ncols></imagesize><object><name>m1_s02_065_p_nic097</name><deleted>0</deleted><verified>0</verified><occluded>no</occluded><attributes></attributes><parts><hasparts></hasparts><ispartof></ispartof></parts><date>28-08-20 00:47:44:980</date><id>0</id><type>bounding_box</type><polygon><username>anonymous</username><pt><x>1614</x><y>1497</y><time>28-08-20 00:47:39:033</time></pt><pt><x>104</x><y>1497</y><time>28-08-20 00:47:41:556</time></pt><pt><x>104</x><y>815</y><time>undefined</time></pt><pt><x>1614</x><y>815</y><time>undefined</time></pt><closed_date>28-08-20 00:47:41:557</closed_date></polygon></object></annotation>