<annotation><filename>m4_s11_176_p_ic083.jpg</filename><folder>users/joselusava//m4_js/176/ic</folder><source><submittedBy>Jose Saca</submittedBy></source><imagesize><nrows>2970</nrows><ncols>4451</ncols></imagesize><object><name>m4_s11_176_p_ic083</name><deleted>0</deleted><verified>0</verified><occluded>no</occluded><attributes></attributes><parts><hasparts></hasparts><ispartof></ispartof></parts><date>15-10-20 10:02:54:200</date><id>0</id><type>bounding_box</type><polygon><username>anonymous</username><pt><x>2941</x><y>2257</y><time>15-10-20 10:02:52:669</time></pt><pt><x>1288</x><y>2257</y><time>15-10-20 10:02:53:628</time></pt><pt><x>1288</x><y>640</y><time>undefined</time></pt><pt><x>2941</x><y>640</y><time>undefined</time></pt><closed_date>15-10-20 10:02:53:628</closed_date></polygon></object></annotation>