<annotation><filename>m2_s01_056_p_nic075.jpg</filename><folder>users/joselusava//m2_jsv/56/nic</folder><source><submittedBy>Jose Saca</submittedBy></source><imagesize><nrows>2850</nrows><ncols>4271</ncols></imagesize><object><name>m2_s01_056_p_nic075</name><deleted>0</deleted><verified>0</verified><occluded>no</occluded><attributes></attributes><parts><hasparts></hasparts><ispartof></ispartof></parts><date>28-09-20 22:32:43:478</date><id>0</id><type>bounding_box</type><polygon><username>anonymous</username><pt><x>2377</x><y>2828</y><time>28-09-20 22:32:41:894</time></pt><pt><x>866</x><y>2828</y><time>28-09-20 22:32:42:786</time></pt><pt><x>866</x><y>1163</y><time>undefined</time></pt><pt><x>2377</x><y>1163</y><time>undefined</time></pt><closed_date>28-09-20 22:32:42:786</closed_date></polygon></object></annotation>