<annotation><filename>m2_s01_054_p_ic016.jpg</filename><folder>users/joselusava//kath</folder><source><submittedBy>Jose Saca</submittedBy></source><imagesize><nrows>2850</nrows><ncols>4271</ncols></imagesize><object><name>m2_s01_054_p_ic016</name><deleted>0</deleted><verified>0</verified><occluded>no</occluded><attributes></attributes><parts><hasparts></hasparts><ispartof></ispartof></parts><date>29-09-20 21:37:44:143</date><id>0</id><type>bounding_box</type><polygon><username>anonymous</username><pt><x>1255</x><y>377</y><time>29-09-20 21:37:38:030</time></pt><pt><x>2966</x><y>377</y><time>29-09-20 21:37:41:349</time></pt><pt><x>2966</x><y>2538</y><time>undefined</time></pt><pt><x>1255</x><y>2538</y><time>undefined</time></pt><closed_date>29-09-20 21:37:41:349</closed_date></polygon></object></annotation>