<annotation><filename>m1_s01_001_p_nic065.jpg</filename><folder>users/joselusava//juancarlos</folder><source><submittedBy>Jose Saca</submittedBy></source><imagesize><nrows>3200</nrows><ncols>4800</ncols></imagesize><object><name>m1_s01_001_p_nic065</name><deleted>0</deleted><verified>0</verified><occluded>no</occluded><attributes></attributes><parts><hasparts></hasparts><ispartof></ispartof></parts><date>09-09-20 17:39:39:435</date><id>0</id><type>bounding_box</type><polygon><username>anonymous</username><pt><x>3255</x><y>2164</y><time>09-09-20 17:39:26:031</time></pt><pt><x>4279</x><y>2164</y><time>09-09-20 17:39:31:083</time></pt><pt><x>4279</x><y>2667</y><time>undefined</time></pt><pt><x>3255</x><y>2667</y><time>undefined</time></pt><closed_date>09-09-20 17:39:31:083</closed_date></polygon></object></annotation>