<annotation><filename>m4_s10_164_p_nic075.jpg</filename><folder>users/joselusava//santiago_2</folder><source><submittedBy>Jose Saca</submittedBy></source><imagesize><nrows>2970</nrows><ncols>4451</ncols></imagesize><object><name>m4_s10_164_p_nic075</name><deleted>0</deleted><verified>0</verified><occluded>no</occluded><attributes></attributes><parts><hasparts></hasparts><ispartof></ispartof></parts><date>14-10-20 16:13:27:490</date><id>0</id><type>bounding_box</type><polygon><username>anonymous</username><pt><x>2153</x><y>357</y><time>14-10-20 16:13:24:718</time></pt><pt><x>2659</x><y>357</y><time>14-10-20 16:13:25:615</time></pt><pt><x>2659</x><y>992</y><time>undefined</time></pt><pt><x>2153</x><y>992</y><time>undefined</time></pt><closed_date>14-10-20 16:13:25:616</closed_date></polygon></object></annotation>