<annotation><filename>m3_s01_002_p_ic001.jpg</filename><folder>users/joselusava//santiago_3</folder><source><submittedBy>Jose Saca</submittedBy></source><imagesize><nrows>2970</nrows><ncols>4451</ncols></imagesize><object><name>m3_s01_002_p_ic001</name><deleted>0</deleted><verified>0</verified><occluded>no</occluded><attributes></attributes><parts><hasparts></hasparts><ispartof></ispartof></parts><date>28-10-20 17:15:26:496</date><id>0</id><type>bounding_box</type><polygon><username>anonymous</username><pt><x>1107</x><y>161</y><time>28-10-20 17:15:20:948</time></pt><pt><x>3231</x><y>161</y><time>28-10-20 17:15:23:531</time></pt><pt><x>3231</x><y>2449</y><time>undefined</time></pt><pt><x>1107</x><y>2449</y><time>undefined</time></pt><closed_date>28-10-20 17:15:23:532</closed_date></polygon></object></annotation>