<annotation><filename>m1_s01_017_p_nic011.jpg</filename><folder>users/joselusava//santiago</folder><source><submittedBy>Jose Saca</submittedBy></source><imagesize><nrows>3200</nrows><ncols>4800</ncols></imagesize><object><name>m1_s01_017_p_nic011</name><deleted>0</deleted><verified>0</verified><occluded>no</occluded><attributes></attributes><parts><hasparts></hasparts><ispartof></ispartof></parts><date>11-09-20 18:27:48:438</date><id>0</id><type>bounding_box</type><polygon><username>anonymous</username><pt><x>655</x><y>1591</y><time>11-09-20 18:27:40:819</time></pt><pt><x>1195</x><y>1591</y><time>11-09-20 18:27:42:261</time></pt><pt><x>1195</x><y>1991</y><time>undefined</time></pt><pt><x>655</x><y>1991</y><time>undefined</time></pt><closed_date>11-09-20 18:27:42:263</closed_date></polygon></object></annotation>