<annotation><filename>m3_s01_002_p_nic078.jpg</filename><folder>users/joselusava//santiago_3</folder><source><submittedBy>Jose Saca</submittedBy></source><imagesize><nrows>2970</nrows><ncols>4451</ncols></imagesize><object><name>m3_s01_002_p_nic078</name><deleted>0</deleted><verified>0</verified><occluded>no</occluded><attributes></attributes><parts><hasparts></hasparts><ispartof></ispartof></parts><date>29-10-20 21:04:47:937</date><id>0</id><type>bounding_box</type><polygon><username>anonymous</username><pt><x>582</x><y>907</y><time>29-10-20 21:04:44:513</time></pt><pt><x>2438</x><y>907</y><time>29-10-20 21:04:45:869</time></pt><pt><x>2438</x><y>2724</y><time>undefined</time></pt><pt><x>582</x><y>2724</y><time>undefined</time></pt><closed_date>29-10-20 21:04:45:870</closed_date></polygon></object></annotation>