<annotation><filename>m2_s01_010_p_nic062.jpg</filename><folder>users/joselusava//santiago</folder><source><submittedBy>Jose Saca</submittedBy></source><imagesize><nrows>2850</nrows><ncols>4271</ncols></imagesize><object><name>m2_s01_010_p_nic062</name><deleted>0</deleted><verified>0</verified><occluded>no</occluded><attributes></attributes><parts><hasparts></hasparts><ispartof></ispartof></parts><date>22-09-20 21:14:20:157</date><id>0</id><type>bounding_box</type><polygon><username>anonymous</username><pt><x>571</x><y>1654</y><time>22-09-20 21:14:12:731</time></pt><pt><x>1250</x><y>1654</y><time>22-09-20 21:14:13:661</time></pt><pt><x>1250</x><y>2366</y><time>undefined</time></pt><pt><x>571</x><y>2366</y><time>undefined</time></pt><closed_date>22-09-20 21:14:13:661</closed_date></polygon></object></annotation>