<annotation><filename>m4_s05_060_p_nic044.jpg</filename><folder>users/joselusava//m4_js/60/nic</folder><source><submittedBy>Jose Saca</submittedBy></source><imagesize><nrows>2910</nrows><ncols>4361</ncols></imagesize><object><name>m4_s05_060_p_nic044</name><deleted>0</deleted><verified>0</verified><occluded>no</occluded><attributes></attributes><parts><hasparts></hasparts><ispartof></ispartof></parts><date>14-10-20 00:00:36:860</date><id>0</id><type>bounding_box</type><polygon><username>anonymous</username><pt><x>531</x><y>1793</y><time>14-10-20 00:00:33:918</time></pt><pt><x>4065</x><y>1793</y><time>14-10-20 00:00:35:917</time></pt><pt><x>4065</x><y>35</y><time>undefined</time></pt><pt><x>531</x><y>35</y><time>undefined</time></pt><closed_date>14-10-20 00:00:35:917</closed_date></polygon></object></annotation>