<annotation><filename>m4_s12_186_p_nic063.jpg</filename><folder>users/joselusava//m4_js/186/nic</folder><source><submittedBy>Jose Saca</submittedBy></source><imagesize><nrows>3899</nrows><ncols>5844</ncols></imagesize><object><name>m4_s12_186_p_nic062</name><deleted>0</deleted><verified>0</verified><occluded>no</occluded><attributes></attributes><parts><hasparts></hasparts><ispartof></ispartof></parts><date>18-10-20 12:10:13:569</date><id>0</id><type>bounding_box</type><polygon><username>anonymous</username><pt><x>2461</x><y>3534</y><time>18-10-20 12:10:11:346</time></pt><pt><x>12</x><y>3534</y><time>18-10-20 12:10:12:855</time></pt><pt><x>12</x><y>175</y><time>undefined</time></pt><pt><x>2461</x><y>175</y><time>undefined</time></pt><closed_date>18-10-20 12:10:12:855</closed_date></polygon></object></annotation>