<annotation><filename>m2_s06_250_p_nic084.jpg</filename><folder>users/joselusava//m2_jsv/250</folder><source><submittedBy>Jose Saca</submittedBy></source><imagesize><nrows>2910</nrows><ncols>4361</ncols></imagesize><object><name>m2_s06_250_p_nic084</name><deleted>0</deleted><verified>0</verified><occluded>no</occluded><attributes></attributes><parts><hasparts></hasparts><ispartof></ispartof></parts><date>30-09-20 11:59:45:282</date><id>0</id><type>bounding_box</type><polygon><username>anonymous</username><pt><x>1219</x><y>653</y><time>30-09-20 11:59:42:749</time></pt><pt><x>4344</x><y>653</y><time>30-09-20 11:59:44:530</time></pt><pt><x>4344</x><y>2124</y><time>undefined</time></pt><pt><x>1219</x><y>2124</y><time>undefined</time></pt><closed_date>30-09-20 11:59:44:530</closed_date></polygon></object></annotation>