<annotation><filename>m3_s01_013_p_nic023.jpg</filename><folder>users/joselusava//valeria/m03_s01_13_nic</folder><source><submittedBy>Jose Saca</submittedBy></source><imagesize><nrows>2970</nrows><ncols>4451</ncols></imagesize><object><name>m3_s01_013_p_nic023</name><deleted>0</deleted><verified>0</verified><occluded>no</occluded><attributes></attributes><parts><hasparts></hasparts><ispartof></ispartof></parts><date>06-11-20 21:12:48:782</date><id>0</id><type>bounding_box</type><polygon><username>anonymous</username><pt><x>1171</x><y>2890</y><time>06-11-20 21:12:41:485</time></pt><pt><x>3947</x><y>2890</y><time>06-11-20 21:12:44:171</time></pt><pt><x>3947</x><y>794</y><time>undefined</time></pt><pt><x>1171</x><y>794</y><time>undefined</time></pt><closed_date>06-11-20 21:12:44:172</closed_date></polygon></object></annotation>