<annotation><filename>m3_s01_002_p_ic083.jpg</filename><folder>users/joselusava//santiago_3</folder><source><submittedBy>Jose Saca</submittedBy></source><imagesize><nrows>2970</nrows><ncols>4451</ncols></imagesize><object><name>m3_s01_002_p_ic083</name><deleted>0</deleted><verified>0</verified><occluded>no</occluded><attributes></attributes><parts><hasparts></hasparts><ispartof></ispartof></parts><date>29-10-20 13:27:52:584</date><id>0</id><type>bounding_box</type><polygon><username>anonymous</username><pt><x>664</x><y>271</y><time>29-10-20 13:27:49:367</time></pt><pt><x>4012</x><y>271</y><time>29-10-20 13:27:50:852</time></pt><pt><x>4012</x><y>2524</y><time>undefined</time></pt><pt><x>664</x><y>2524</y><time>undefined</time></pt><closed_date>29-10-20 13:27:50:852</closed_date></polygon></object></annotation>