<annotation><filename>m1_s03-04_090_x.jpg</filename><folder>users/joselusava//valeria/sala03y04</folder><source><submittedBy>Jose Saca</submittedBy></source><imagesize><nrows>3200</nrows><ncols>4800</ncols></imagesize><object><name>m1_s03_s04_090_x</name><deleted>0</deleted><verified>0</verified><occluded>no</occluded><attributes></attributes><parts><hasparts></hasparts><ispartof></ispartof></parts><date>28-08-20 21:14:37:372</date><id>0</id><type>bounding_box</type><polygon><username>anonymous</username><pt><x>4360</x><y>3082</y><time>28-08-20 21:14:28:784</time></pt><pt><x>193</x><y>3082</y><time>28-08-20 21:14:32:128</time></pt><pt><x>193</x><y>215</y><time>undefined</time></pt><pt><x>4360</x><y>215</y><time>undefined</time></pt><closed_date>28-08-20 21:14:32:129</closed_date></polygon></object></annotation>