<annotation><filename>m2_s07_264_p_nic052.jpg</filename><folder>users/joselusava//valeria/sala7_264_nic</folder><source><submittedBy>Jose Saca</submittedBy></source><imagesize><nrows>2910</nrows><ncols>4361</ncols></imagesize><object><name>m2_s07_264_p_nic052</name><deleted>0</deleted><verified>0</verified><occluded>no</occluded><attributes></attributes><parts><hasparts></hasparts><ispartof></ispartof></parts><date>23-09-20 20:44:38:147</date><id>0</id><type>bounding_box</type><polygon><username>anonymous</username><pt><x>1648</x><y>1934</y><time>23-09-20 20:44:33:053</time></pt><pt><x>2910</x><y>1934</y><time>23-09-20 20:44:35:030</time></pt><pt><x>2910</x><y>226</y><time>undefined</time></pt><pt><x>1648</x><y>226</y><time>undefined</time></pt><closed_date>23-09-20 20:44:35:031</closed_date></polygon></object></annotation>