<annotation><filename>m4_s06_089_p_nic094.jpg</filename><folder>users/joselusava//santiago_2</folder><source><submittedBy>Jose Saca</submittedBy></source><imagesize><nrows>2970</nrows><ncols>4451</ncols></imagesize><object><name>m4_s06_089_p_nic094</name><deleted>0</deleted><verified>0</verified><occluded>no</occluded><attributes></attributes><parts><hasparts></hasparts><ispartof></ispartof></parts><date>12-10-20 22:24:03:549</date><id>0</id><type>bounding_box</type><polygon><username>anonymous</username><pt><x>407</x><y>100</y><time>12-10-20 22:23:59:108</time></pt><pt><x>1456</x><y>100</y><time>12-10-20 22:24:00:865</time></pt><pt><x>1456</x><y>2042</y><time>undefined</time></pt><pt><x>407</x><y>2042</y><time>undefined</time></pt><closed_date>12-10-20 22:24:00:866</closed_date></polygon></object></annotation>