<annotation><filename>m4_s10_157_p_ic056.jpg</filename><folder>users/joselusava//valeria/m04_s10_157_nic</folder><source><submittedBy>Jose Saca</submittedBy></source><imagesize><nrows>2970</nrows><ncols>4451</ncols></imagesize><object><name>m4_s10_157_p_nic056</name><deleted>0</deleted><verified>0</verified><occluded>no</occluded><attributes></attributes><parts><hasparts></hasparts><ispartof></ispartof></parts><date>12-10-20 21:08:10:457</date><id>0</id><type>bounding_box</type><polygon><username>anonymous</username><pt><x>1749</x><y>2289</y><time>12-10-20 21:08:04:946</time></pt><pt><x>3493</x><y>2289</y><time>12-10-20 21:08:07:388</time></pt><pt><x>3493</x><y>90</y><time>undefined</time></pt><pt><x>1749</x><y>90</y><time>undefined</time></pt><closed_date>12-10-20 21:08:07:388</closed_date></polygon></object></annotation>