<annotation><filename>m4_s09_138_p_ic085.jpg</filename><folder>users/joselusava//santiago_2</folder><source><submittedBy>Jose Saca</submittedBy></source><imagesize><nrows>2970</nrows><ncols>4451</ncols></imagesize><object><name>m4_s09_138_p_ic085</name><deleted>0</deleted><verified>0</verified><occluded>no</occluded><attributes></attributes><parts><hasparts></hasparts><ispartof></ispartof></parts><date>22-10-20 21:32:33:432</date><id>0</id><type>bounding_box</type><polygon><username>anonymous</username><pt><x>421</x><y>850</y><time>22-10-20 21:32:29:262</time></pt><pt><x>3891</x><y>850</y><time>22-10-20 21:32:30:945</time></pt><pt><x>3891</x><y>2702</y><time>undefined</time></pt><pt><x>421</x><y>2702</y><time>undefined</time></pt><closed_date>22-10-20 21:32:30:946</closed_date></polygon></object></annotation>