<annotation><filename>m2_s07_264_p_nic069.jpg</filename><folder>users/joselusava//valeria/sala7_264_nic</folder><source><submittedBy>Jose Saca</submittedBy></source><imagesize><nrows>2910</nrows><ncols>4361</ncols></imagesize><object><name>m2_s07_264_p_nic069</name><deleted>0</deleted><verified>0</verified><occluded>no</occluded><attributes></attributes><parts><hasparts></hasparts><ispartof></ispartof></parts><date>23-09-20 21:13:37:307</date><id>0</id><type>bounding_box</type><polygon><username>anonymous</username><pt><x>386</x><y>1912</y><time>23-09-20 21:13:32:640</time></pt><pt><x>1681</x><y>1912</y><time>23-09-20 21:13:34:543</time></pt><pt><x>1681</x><y>143</y><time>undefined</time></pt><pt><x>386</x><y>143</y><time>undefined</time></pt><closed_date>23-09-20 21:13:34:544</closed_date></polygon></object></annotation>