<annotation><filename>m2_s01_010_p_nic052.jpg</filename><folder>users/joselusava//santiago</folder><source><submittedBy>Jose Saca</submittedBy></source><imagesize><nrows>2850</nrows><ncols>4271</ncols></imagesize><object><name>m2_s01_010_p_nic052</name><deleted>0</deleted><verified>0</verified><occluded>no</occluded><attributes></attributes><parts><hasparts></hasparts><ispartof></ispartof></parts><date>22-09-20 20:49:18:190</date><id>0</id><type>bounding_box</type><polygon><username>anonymous</username><pt><x>2619</x><y>1558</y><time>22-09-20 20:49:11:044</time></pt><pt><x>3324</x><y>1558</y><time>22-09-20 20:49:12:181</time></pt><pt><x>3324</x><y>2398</y><time>undefined</time></pt><pt><x>2619</x><y>2398</y><time>undefined</time></pt><closed_date>22-09-20 20:49:12:182</closed_date></polygon></object></annotation>