<annotation><filename>m2_s06_244_p_ic084.jpg</filename><folder>users/joselusava//museos2020</folder><source><submittedBy>Jose Saca</submittedBy></source><imagesize><nrows>2910</nrows><ncols>4361</ncols></imagesize><object><name>m2_s06_244_p_ic084</name><deleted>0</deleted><verified>0</verified><occluded>no</occluded><attributes></attributes><parts><hasparts></hasparts><ispartof></ispartof></parts><date>23-09-20 09:16:01:135</date><id>0</id><type>bounding_box</type><polygon><username>anonymous</username><pt><x>702</x><y>968</y><time>23-09-20 09:15:52:022</time></pt><pt><x>3863</x><y>968</y><time>23-09-20 09:15:53:913</time></pt><pt><x>3863</x><y>2372</y><time>undefined</time></pt><pt><x>702</x><y>2372</y><time>undefined</time></pt><closed_date>23-09-20 09:15:53:915</closed_date></polygon></object></annotation>