<annotation><filename>m1_s01_005_p_nic076.jpg</filename><folder>users/joselusava//museos2020</folder><source><submittedBy>Jose Saca</submittedBy></source><imagesize><nrows>2000</nrows><ncols>2992</ncols></imagesize><object><name>m1_s01_005_p_nic076</name><deleted>0</deleted><verified>0</verified><occluded>no</occluded><attributes></attributes><parts><hasparts></hasparts><ispartof></ispartof></parts><date>14-09-20 11:37:58:268</date><id>0</id><type>bounding_box</type><polygon><username>anonymous</username><pt><x>2077</x><y>1243</y><time>14-09-20 11:37:49:670</time></pt><pt><x>2387</x><y>1243</y><time>14-09-20 11:37:50:882</time></pt><pt><x>2387</x><y>1575</y><time>undefined</time></pt><pt><x>2077</x><y>1575</y><time>undefined</time></pt><closed_date>14-09-20 11:37:50:883</closed_date></polygon></object></annotation>