<annotation><filename>m4_s10_154_p_ic080.jpg</filename><folder>users/joselusava//valeria/m04_s10_154_ic</folder><source><submittedBy>Jose Saca</submittedBy></source><imagesize><nrows>2970</nrows><ncols>4451</ncols></imagesize><object><name>m4_s10_154_p_ic080</name><deleted>0</deleted><verified>0</verified><occluded>no</occluded><attributes></attributes><parts><hasparts></hasparts><ispartof></ispartof></parts><date>13-10-20 23:04:17:388</date><id>0</id><type>bounding_box</type><polygon><username>anonymous</username><pt><x>868</x><y>2804</y><time>13-10-20 23:04:10:318</time></pt><pt><x>2890</x><y>2804</y><time>13-10-20 23:04:13:769</time></pt><pt><x>2890</x><y>554</y><time>undefined</time></pt><pt><x>868</x><y>554</y><time>undefined</time></pt><closed_date>13-10-20 23:04:13:770</closed_date></polygon></object></annotation>