<annotation><filename>m1_s02_029_p_ic084.jpg</filename><folder>users/joselusava//valeria/sala2_029_ic</folder><source><submittedBy>Jose Saca</submittedBy></source><imagesize><nrows>3200</nrows><ncols>4800</ncols></imagesize><object><name>m1_s02_029_p_ic084</name><deleted>0</deleted><verified>0</verified><occluded>no</occluded><attributes></attributes><parts><hasparts></hasparts><ispartof></ispartof></parts><date>22-08-20 21:10:09:467</date><id>0</id><type>bounding_box</type><polygon><username>anonymous</username><pt><x>1493</x><y>16</y><time>22-08-20 21:10:02:874</time></pt><pt><x>3243</x><y>16</y><time>22-08-20 21:10:05:255</time></pt><pt><x>3243</x><y>2862</y><time>undefined</time></pt><pt><x>1493</x><y>2862</y><time>undefined</time></pt><closed_date>22-08-20 21:10:05:256</closed_date></polygon></object></annotation>