<annotation><filename>m2_s01_001_p_ic053.jpg</filename><folder>users/joselusava//santiago</folder><source><submittedBy>Jose Saca</submittedBy></source><imagesize><nrows>2850</nrows><ncols>4271</ncols></imagesize><object><name>m2_s01_001_p_ic053</name><deleted>0</deleted><verified>0</verified><occluded>no</occluded><attributes></attributes><parts><hasparts></hasparts><ispartof></ispartof></parts><date>19-09-20 08:50:45:046</date><id>0</id><type>bounding_box</type><polygon><username>anonymous</username><pt><x>1100</x><y>276</y><time>19-09-20 08:50:35:630</time></pt><pt><x>3206</x><y>276</y><time>19-09-20 08:50:38:399</time></pt><pt><x>3206</x><y>2619</y><time>undefined</time></pt><pt><x>1100</x><y>2619</y><time>undefined</time></pt><closed_date>19-09-20 08:50:38:400</closed_date></polygon></object></annotation>