<annotation><filename>m2_s01_001_p_nic068.jpg</filename><folder>users/joselusava//santiago</folder><source><submittedBy>Jose Saca</submittedBy></source><imagesize><nrows>2850</nrows><ncols>4271</ncols></imagesize><object><name>m2_s01_001_p_nic068</name><deleted>0</deleted><verified>0</verified><occluded>no</occluded><attributes></attributes><parts><hasparts></hasparts><ispartof></ispartof></parts><date>19-09-20 23:14:23:263</date><id>0</id><type>bounding_box</type><polygon><username>anonymous</username><pt><x>2286</x><y>228</y><time>19-09-20 23:14:14:431</time></pt><pt><x>3591</x><y>228</y><time>19-09-20 23:14:15:876</time></pt><pt><x>3591</x><y>1375</y><time>undefined</time></pt><pt><x>2286</x><y>1375</y><time>undefined</time></pt><closed_date>19-09-20 23:14:15:877</closed_date></polygon></object></annotation>