<annotation><filename>m4_s05_052_p_ic069.jpg</filename><folder>users/joselusava//santiago_2</folder><source><submittedBy>Jose Saca</submittedBy></source><imagesize><nrows>2910</nrows><ncols>4361</ncols></imagesize><object><name>m4_s05_052_p_ic069</name><deleted>0</deleted><verified>0</verified><occluded>no</occluded><attributes></attributes><parts><hasparts></hasparts><ispartof></ispartof></parts><date>07-10-20 22:49:13:520</date><id>0</id><type>bounding_box</type><polygon><username>anonymous</username><pt><x>1213</x><y>703</y><time>07-10-20 22:49:09:994</time></pt><pt><x>2969</x><y>703</y><time>07-10-20 22:49:11:198</time></pt><pt><x>2969</x><y>2498</y><time>undefined</time></pt><pt><x>1213</x><y>2498</y><time>undefined</time></pt><closed_date>07-10-20 22:49:11:198</closed_date></polygon></object></annotation>