<annotation><filename>m2_s03_219_p_ic064.jpg</filename><folder>users/joselusava//valeria/m2_sala03_219_ic</folder><source><submittedBy>Jose Saca</submittedBy></source><imagesize><nrows>2910</nrows><ncols>4361</ncols></imagesize><object><name>m2_s03_219_p_ic064</name><deleted>0</deleted><verified>0</verified><occluded>no</occluded><attributes></attributes><parts><hasparts></hasparts><ispartof></ispartof></parts><date>29-09-20 00:49:05:104</date><id>0</id><type>bounding_box</type><polygon><username>anonymous</username><pt><x>2822</x><y>88</y><time>29-09-20 00:48:59:869</time></pt><pt><x>1543</x><y>88</y><time>29-09-20 00:49:02:038</time></pt><pt><x>1543</x><y>2601</y><time>undefined</time></pt><pt><x>2822</x><y>2601</y><time>undefined</time></pt><closed_date>29-09-20 00:49:02:038</closed_date></polygon></object></annotation>