<annotation><filename>m2_s06_244_p_nic086.jpg</filename><folder>users/joselusava//museos2020</folder><source><submittedBy>Jose Saca</submittedBy></source><imagesize><nrows>2910</nrows><ncols>4361</ncols></imagesize><object><name>m2_s06_244_p_ic086</name><deleted>0</deleted><verified>0</verified><occluded>no</occluded><attributes></attributes><parts><hasparts></hasparts><ispartof></ispartof></parts><date>26-09-20 21:59:45:549</date><id>0</id><type>bounding_box</type><polygon><username>anonymous</username><pt><x>2124</x><y>1497</y><time>26-09-20 21:59:38:972</time></pt><pt><x>3956</x><y>1497</y><time>26-09-20 21:59:40:652</time></pt><pt><x>3956</x><y>2255</y><time>undefined</time></pt><pt><x>2124</x><y>2255</y><time>undefined</time></pt><closed_date>26-09-20 21:59:40:652</closed_date></polygon></object></annotation>