<annotation><filename>m4_s10_157_p_ic042.jpg</filename><folder>users/joselusava//valeria/m04_s10_157_nic</folder><source><submittedBy>Jose Saca</submittedBy></source><imagesize><nrows>2970</nrows><ncols>4451</ncols></imagesize><object><name>m4_s10_157_p_nic042</name><deleted>0</deleted><verified>0</verified><occluded>no</occluded><attributes></attributes><parts><hasparts></hasparts><ispartof></ispartof></parts><date>12-10-20 20:52:42:097</date><id>0</id><type>bounding_box</type><polygon><username>anonymous</username><pt><x>2334</x><y>2796</y><time>12-10-20 20:52:34:563</time></pt><pt><x>4089</x><y>2796</y><time>12-10-20 20:52:37:679</time></pt><pt><x>4089</x><y>759</y><time>undefined</time></pt><pt><x>2334</x><y>759</y><time>undefined</time></pt><closed_date>12-10-20 20:52:37:679</closed_date></polygon></object></annotation>