<annotation><filename>m3_s01_002_p_nic043.jpg</filename><folder>users/joselusava//santiago_3</folder><source><submittedBy>Jose Saca</submittedBy></source><imagesize><nrows>2970</nrows><ncols>4451</ncols></imagesize><object><name>m3_s01_002_p_nic043</name><deleted>0</deleted><verified>0</verified><occluded>no</occluded><attributes></attributes><parts><hasparts></hasparts><ispartof></ispartof></parts><date>29-10-20 20:40:51:641</date><id>0</id><type>bounding_box</type><polygon><username>anonymous</username><pt><x>268</x><y>375</y><time>29-10-20 20:40:47:688</time></pt><pt><x>2163</x><y>375</y><time>29-10-20 20:40:48:972</time></pt><pt><x>2163</x><y>2385</y><time>undefined</time></pt><pt><x>268</x><y>2385</y><time>undefined</time></pt><closed_date>29-10-20 20:40:48:972</closed_date></polygon></object></annotation>