<annotation><filename>m4_s02_021_p_nic043.jpg</filename><folder>users/joselusava//santiago_2</folder><source><submittedBy>Jose Saca</submittedBy></source><imagesize><nrows>2910</nrows><ncols>4361</ncols></imagesize><object><name>m4_s02_021_p_nic043</name><deleted>0</deleted><verified>0</verified><occluded>no</occluded><attributes></attributes><parts><hasparts></hasparts><ispartof></ispartof></parts><date>04-10-20 22:29:11:877</date><id>0</id><type>bounding_box</type><polygon><username>anonymous</username><pt><x>1743</x><y>236</y><time>04-10-20 22:29:09:025</time></pt><pt><x>2681</x><y>236</y><time>04-10-20 22:29:10:055</time></pt><pt><x>2681</x><y>1819</y><time>undefined</time></pt><pt><x>1743</x><y>1819</y><time>undefined</time></pt><closed_date>04-10-20 22:29:10:056</closed_date></polygon></object></annotation>