<annotation><filename>m4_s04_037_p_ic065.jpg</filename><folder>users/joselusava//santiago_2</folder><source><submittedBy>Jose Saca</submittedBy></source><imagesize><nrows>2970</nrows><ncols>4451</ncols></imagesize><object><name>m4_s04_037_p_ic065</name><deleted>0</deleted><verified>0</verified><occluded>no</occluded><attributes></attributes><parts><hasparts></hasparts><ispartof></ispartof></parts><date>18-10-20 21:30:22:251</date><id>0</id><type>bounding_box</type><polygon><username>anonymous</username><pt><x>1735</x><y>214</y><time>18-10-20 21:30:16:160</time></pt><pt><x>3209</x><y>214</y><time>18-10-20 21:30:17:788</time></pt><pt><x>3209</x><y>2431</y><time>undefined</time></pt><pt><x>1735</x><y>2431</y><time>undefined</time></pt><closed_date>18-10-20 21:30:17:790</closed_date></polygon></object></annotation>