<annotation><filename>m4_s07_105_p_ic046.jpg</filename><folder>users/joselusava//kath/m4_105</folder><source><submittedBy>Jose Saca</submittedBy></source><imagesize><nrows>2970</nrows><ncols>4451</ncols></imagesize><object><name>m4_s07_105_p_ic046</name><deleted>0</deleted><verified>0</verified><occluded>no</occluded><attributes></attributes><parts><hasparts></hasparts><ispartof></ispartof></parts><date>29-10-20 08:19:00:609</date><id>0</id><type>bounding_box</type><polygon><username>anonymous</username><pt><x>1773</x><y>346</y><time>29-10-20 08:18:53:941</time></pt><pt><x>2879</x><y>346</y><time>29-10-20 08:18:56:588</time></pt><pt><x>2879</x><y>2677</y><time>undefined</time></pt><pt><x>1773</x><y>2677</y><time>undefined</time></pt><closed_date>29-10-20 08:18:56:589</closed_date></polygon></object></annotation>