<annotation><filename>m4_s10_157_p_ic039.jpg</filename><folder>users/joselusava//valeria/m04_s10_157_nic</folder><source><submittedBy>Jose Saca</submittedBy></source><imagesize><nrows>2970</nrows><ncols>4451</ncols></imagesize><object><name>m4_s10_157_p_nic039</name><deleted>0</deleted><verified>0</verified><occluded>no</occluded><attributes></attributes><parts><hasparts></hasparts><ispartof></ispartof></parts><date>12-10-20 20:33:10:509</date><id>0</id><type>bounding_box</type><polygon><username>anonymous</username><pt><x>2154</x><y>2835</y><time>12-10-20 20:33:05:309</time></pt><pt><x>3819</x><y>2835</y><time>12-10-20 20:33:07:085</time></pt><pt><x>3819</x><y>765</y><time>undefined</time></pt><pt><x>2154</x><y>765</y><time>undefined</time></pt><closed_date>12-10-20 20:33:07:085</closed_date></polygon></object></annotation>