<annotation><filename>m4_s05_055_p_nic054.jpg</filename><folder>users/joselusava//valeria/m4_s05_055_nic</folder><source><submittedBy>Jose Saca</submittedBy></source><imagesize><nrows>2910</nrows><ncols>4361</ncols></imagesize><object><name>m4_s05_055_p_nic054</name><deleted>0</deleted><verified>0</verified><occluded>no</occluded><attributes></attributes><parts><hasparts></hasparts><ispartof></ispartof></parts><date>09-10-20 17:42:52:372</date><id>0</id><type>bounding_box</type><polygon><username>anonymous</username><pt><x>364</x><y>970</y><time>09-10-20 17:42:47:351</time></pt><pt><x>1620</x><y>970</y><time>09-10-20 17:42:49:420</time></pt><pt><x>1620</x><y>2612</y><time>undefined</time></pt><pt><x>364</x><y>2612</y><time>undefined</time></pt><closed_date>09-10-20 17:42:49:421</closed_date></polygon></object></annotation>