<annotation><filename>m1_s02_055_x.jpg</filename><folder>users/joselusava//valeria/sala2</folder><source><submittedBy>Jose Saca</submittedBy></source><imagesize><nrows>3200</nrows><ncols>4800</ncols></imagesize><object><name>m1_s02_055_x</name><deleted>0</deleted><verified>0</verified><occluded>no</occluded><attributes></attributes><parts><hasparts></hasparts><ispartof></ispartof></parts><date>28-08-20 19:00:18:869</date><id>0</id><type>bounding_box</type><polygon><username>anonymous</username><pt><x>4199</x><y>3055</y><time>28-08-20 19:00:04:520</time></pt><pt><x>961</x><y>3055</y><time>28-08-20 19:00:07:654</time></pt><pt><x>961</x><y>86</y><time>undefined</time></pt><pt><x>4199</x><y>86</y><time>undefined</time></pt><closed_date>28-08-20 19:00:07:655</closed_date></polygon></object></annotation>