<annotation><filename>m2_s02_190_p_ic036.jpg</filename><folder>users/joselusava//m2_jsv/190/ic</folder><source><submittedBy>Jose Saca</submittedBy></source><imagesize><nrows>2910</nrows><ncols>4361</ncols></imagesize><object><name>m2_s02_190_p_ic036</name><deleted>0</deleted><verified>0</verified><occluded>no</occluded><attributes></attributes><parts><hasparts></hasparts><ispartof></ispartof></parts><date>21-09-20 14:20:22:207</date><id>0</id><type>bounding_box</type><polygon><username>anonymous</username><pt><x>1248</x><y>616</y><time>21-09-20 14:20:19:918</time></pt><pt><x>2861</x><y>616</y><time>21-09-20 14:20:21:470</time></pt><pt><x>2861</x><y>2688</y><time>undefined</time></pt><pt><x>1248</x><y>2688</y><time>undefined</time></pt><closed_date>21-09-20 14:20:21:471</closed_date></polygon></object></annotation>