<annotation><filename>m2_s02_085_p_ic033.jpg</filename><folder>users/joselusava//m2_jsv/85/ic</folder><source><submittedBy>Jose Saca</submittedBy></source><imagesize><nrows>2910</nrows><ncols>4361</ncols></imagesize><object><name>m2_s02_085_p_ic033</name><deleted>0</deleted><verified>0</verified><occluded>no</occluded><attributes></attributes><parts><hasparts></hasparts><ispartof></ispartof></parts><date>16-09-20 13:41:37:511</date><id>0</id><type>bounding_box</type><polygon><username>anonymous</username><pt><x>1602</x><y>879</y><time>16-09-20 13:41:35:410</time></pt><pt><x>2542</x><y>879</y><time>16-09-20 13:41:36:942</time></pt><pt><x>2542</x><y>2185</y><time>undefined</time></pt><pt><x>1602</x><y>2185</y><time>undefined</time></pt><closed_date>16-09-20 13:41:36:942</closed_date></polygon></object></annotation>