<annotation><filename>m1_s01_017_p_nic061.jpg</filename><folder>users/joselusava//santiago</folder><source><submittedBy>Jose Saca</submittedBy></source><imagesize><nrows>3200</nrows><ncols>4800</ncols></imagesize><object><name>m1_s01_017_p_nic061</name><deleted>0</deleted><verified>0</verified><occluded>no</occluded><attributes></attributes><parts><hasparts></hasparts><ispartof></ispartof></parts><date>11-09-20 19:29:06:281</date><id>0</id><type>bounding_box</type><polygon><username>anonymous</username><pt><x>3466</x><y>2415</y><time>11-09-20 19:28:59:185</time></pt><pt><x>4057</x><y>2415</y><time>11-09-20 19:28:59:943</time></pt><pt><x>4057</x><y>2880</y><time>undefined</time></pt><pt><x>3466</x><y>2880</y><time>undefined</time></pt><closed_date>11-09-20 19:28:59:944</closed_date></polygon></object></annotation>