<annotation><filename>m4_s10_154_p_nic046.jpg</filename><folder>users/joselusava//valeria/m04_s10_154_nic</folder><source><submittedBy>Jose Saca</submittedBy></source><imagesize><nrows>2970</nrows><ncols>4451</ncols></imagesize><object><name>m4_s10_154_p_nic046</name><deleted>0</deleted><verified>0</verified><occluded>no</occluded><attributes></attributes><parts><hasparts></hasparts><ispartof></ispartof></parts><date>14-10-20 13:04:41:160</date><id>0</id><type>bounding_box</type><polygon><username>anonymous</username><pt><x>1199</x><y>2787</y><time>14-10-20 13:04:35:990</time></pt><pt><x>2239</x><y>2787</y><time>14-10-20 13:04:37:504</time></pt><pt><x>2239</x><y>994</y><time>undefined</time></pt><pt><x>1199</x><y>994</y><time>undefined</time></pt><closed_date>14-10-20 13:04:37:505</closed_date></polygon></object></annotation>