<annotation><filename>m4_s04_039_p_nic006.jpg</filename><folder>users/joselusava//santiago_2</folder><source><submittedBy>Jose Saca</submittedBy></source><imagesize><nrows>2970</nrows><ncols>4451</ncols></imagesize><object><name>m4_s04_039_p_nic006</name><deleted>0</deleted><verified>0</verified><occluded>no</occluded><attributes></attributes><parts><hasparts></hasparts><ispartof></ispartof></parts><date>21-10-20 16:22:01:558</date><id>0</id><type>bounding_box</type><polygon><username>anonymous</username><pt><x>2620</x><y>225</y><time>21-10-20 16:21:58:262</time></pt><pt><x>3381</x><y>225</y><time>21-10-20 16:21:59:434</time></pt><pt><x>3381</x><y>2492</y><time>undefined</time></pt><pt><x>2620</x><y>2492</y><time>undefined</time></pt><closed_date>21-10-20 16:21:59:435</closed_date></polygon></object></annotation>