<annotation><filename>m2_s01_010_p_ic031.jpg</filename><folder>users/joselusava//santiago</folder><source><submittedBy>Jose Saca</submittedBy></source><imagesize><nrows>2850</nrows><ncols>4271</ncols></imagesize><object><name>m2_s01_010_p_ic031</name><deleted>0</deleted><verified>0</verified><occluded>no</occluded><attributes></attributes><parts><hasparts></hasparts><ispartof></ispartof></parts><date>21-09-20 15:34:57:592</date><id>0</id><type>bounding_box</type><polygon><username>anonymous</username><pt><x>1064</x><y>452</y><time>21-09-20 15:34:49:085</time></pt><pt><x>3078</x><y>452</y><time>21-09-20 15:34:51:617</time></pt><pt><x>3078</x><y>2440</y><time>undefined</time></pt><pt><x>1064</x><y>2440</y><time>undefined</time></pt><closed_date>21-09-20 15:34:51:617</closed_date></polygon></object></annotation>