<annotation><filename>m4_s10_164_p_ic077.jpg</filename><folder>users/joselusava//santiago_2</folder><source><submittedBy>Jose Saca</submittedBy></source><imagesize><nrows>2970</nrows><ncols>4451</ncols></imagesize><object><name>m4_s10_164_p_ic077</name><deleted>0</deleted><verified>0</verified><occluded>no</occluded><attributes></attributes><parts><hasparts></hasparts><ispartof></ispartof></parts><date>13-10-20 23:03:08:786</date><id>0</id><type>bounding_box</type><polygon><username>anonymous</username><pt><x>1524</x><y>1203</y><time>13-10-20 23:03:05:695</time></pt><pt><x>2228</x><y>1203</y><time>13-10-20 23:03:06:668</time></pt><pt><x>2228</x><y>2153</y><time>undefined</time></pt><pt><x>1524</x><y>2153</y><time>undefined</time></pt><closed_date>13-10-20 23:03:06:669</closed_date></polygon></object></annotation>