<annotation><filename>m2_s01_010_p_ic032.jpg</filename><folder>users/joselusava//santiago</folder><source><submittedBy>Jose Saca</submittedBy></source><imagesize><nrows>2850</nrows><ncols>4271</ncols></imagesize><object><name>m2_s01_010_p_ic032</name><deleted>0</deleted><verified>0</verified><occluded>no</occluded><attributes></attributes><parts><hasparts></hasparts><ispartof></ispartof></parts><date>21-09-20 15:36:02:549</date><id>0</id><type>bounding_box</type><polygon><username>anonymous</username><pt><x>1084</x><y>574</y><time>21-09-20 15:35:53:857</time></pt><pt><x>3020</x><y>574</y><time>21-09-20 15:35:55:872</time></pt><pt><x>3020</x><y>2472</y><time>undefined</time></pt><pt><x>1084</x><y>2472</y><time>undefined</time></pt><closed_date>21-09-20 15:35:55:873</closed_date></polygon></object></annotation>