<annotation><filename>m4_s12_185_p_ic016.jpg</filename><folder>users/joselusava//valeria/m04_s12_185_ic</folder><source><submittedBy>Jose Saca</submittedBy></source><imagesize><nrows>2910</nrows><ncols>4361</ncols></imagesize><object><name>m4_s12_185_p_ic016</name><deleted>0</deleted><verified>0</verified><occluded>no</occluded><attributes></attributes><parts><hasparts></hasparts><ispartof></ispartof></parts><date>17-10-20 14:55:43:987</date><id>0</id><type>bounding_box</type><polygon><username>anonymous</username><pt><x>576</x><y>2563</y><time>17-10-20 14:55:37:031</time></pt><pt><x>3520</x><y>2563</y><time>17-10-20 14:55:39:324</time></pt><pt><x>3520</x><y>291</y><time>undefined</time></pt><pt><x>576</x><y>291</y><time>undefined</time></pt><closed_date>17-10-20 14:55:39:325</closed_date></polygon></object></annotation>