<annotation><filename>m2_s02_190_p_nic099.jpg</filename><folder>users/joselusava//m2_jsv/190/nic</folder><source><submittedBy>Jose Saca</submittedBy></source><imagesize><nrows>2910</nrows><ncols>4361</ncols></imagesize><object><name>m2_s02_190_p_nic098</name><deleted>0</deleted><verified>0</verified><occluded>no</occluded><attributes></attributes><parts><hasparts></hasparts><ispartof></ispartof></parts><date>21-09-20 16:17:18:956</date><id>0</id><type>bounding_box</type><polygon><username>anonymous</username><pt><x>3917</x><y>2429</y><time>21-09-20 16:17:16:785</time></pt><pt><x>2698</x><y>2429</y><time>21-09-20 16:17:18:403</time></pt><pt><x>2698</x><y>679</y><time>undefined</time></pt><pt><x>3917</x><y>679</y><time>undefined</time></pt><closed_date>21-09-20 16:17:18:403</closed_date></polygon></object></annotation>