<annotation><filename>m1_s06_141_p_ic046.jpg</filename><folder>users/joselusava//jacob_2/141ic</folder><source><submittedBy>Jose Saca</submittedBy></source><imagesize><nrows>2736</nrows><ncols>4100</ncols></imagesize><object><name>m1_s06_141_p_ic046</name><deleted>0</deleted><verified>0</verified><occluded>no</occluded><attributes></attributes><parts><hasparts></hasparts><ispartof></ispartof></parts><date>04-09-20 22:50:15:707</date><id>0</id><type>bounding_box</type><polygon><username>anonymous</username><pt><x>1203</x><y>2611</y><time>04-09-20 22:50:12:521</time></pt><pt><x>2897</x><y>2611</y><time>04-09-20 22:50:14:712</time></pt><pt><x>2897</x><y>270</y><time>undefined</time></pt><pt><x>1203</x><y>270</y><time>undefined</time></pt><closed_date>04-09-20 22:50:14:712</closed_date></polygon></object></annotation>