<annotation><filename>m2_s05_236_p_ic089.jpg</filename><folder>users/joselusava//museos2020</folder><source><submittedBy>Jose Saca</submittedBy></source><imagesize><nrows>2910</nrows><ncols>4361</ncols></imagesize><object><name>m2_s05_236_p_ic089</name><deleted>0</deleted><verified>0</verified><occluded>no</occluded><attributes></attributes><parts><hasparts></hasparts><ispartof></ispartof></parts><date>16-09-20 19:28:56:311</date><id>0</id><type>bounding_box</type><polygon><username>anonymous</username><pt><x>367</x><y>209</y><time>16-09-20 19:28:46:662</time></pt><pt><x>3900</x><y>209</y><time>16-09-20 19:28:48:278</time></pt><pt><x>3900</x><y>2850</y><time>undefined</time></pt><pt><x>367</x><y>2850</y><time>undefined</time></pt><closed_date>16-09-20 19:28:48:279</closed_date></polygon></object></annotation>