<annotation><filename>m1_s01_005_p_nic047.jpg</filename><folder>users/joselusava//museos2020</folder><source><submittedBy>Jose Saca</submittedBy></source><imagesize><nrows>2000</nrows><ncols>2992</ncols></imagesize><object><name>m1_s01_005_p_nic047</name><deleted>0</deleted><verified>0</verified><occluded>no</occluded><attributes></attributes><parts><hasparts></hasparts><ispartof></ispartof></parts><date>14-09-20 11:11:23:187</date><id>0</id><type>bounding_box</type><polygon><username>anonymous</username><pt><x>323</x><y>655</y><time>14-09-20 11:11:14:667</time></pt><pt><x>684</x><y>655</y><time>14-09-20 11:11:15:606</time></pt><pt><x>684</x><y>1016</y><time>undefined</time></pt><pt><x>323</x><y>1016</y><time>undefined</time></pt><closed_date>14-09-20 11:11:15:607</closed_date></polygon></object></annotation>