<annotation><filename>m2_s07_264_p_nic095.jpg</filename><folder>users/joselusava//valeria/sala7_264_nic</folder><source><submittedBy>Jose Saca</submittedBy></source><imagesize><nrows>2910</nrows><ncols>4361</ncols></imagesize><object><name>m2_s07_264_p_nic095</name><deleted>0</deleted><verified>0</verified><occluded>no</occluded><attributes></attributes><parts><hasparts></hasparts><ispartof></ispartof></parts><date>23-09-20 21:48:01:581</date><id>0</id><type>bounding_box</type><polygon><username>anonymous</username><pt><x>3836</x><y>2304</y><time>23-09-20 21:47:55:913</time></pt><pt><x>2364</x><y>2304</y><time>23-09-20 21:47:58:002</time></pt><pt><x>2364</x><y>551</y><time>undefined</time></pt><pt><x>3836</x><y>551</y><time>undefined</time></pt><closed_date>23-09-20 21:47:58:003</closed_date></polygon></object></annotation>