<annotation><filename>m1_s10_283_x.jpg</filename><folder>users/joselusava//santiago</folder><source><submittedBy>Jose Saca</submittedBy></source><imagesize><nrows>3200</nrows><ncols>4800</ncols></imagesize><object><name>m1_s10_283_x</name><deleted>0</deleted><verified>0</verified><occluded>no</occluded><attributes></attributes><parts><hasparts></hasparts><ispartof></ispartof></parts><date>28-08-20 16:12:35:607</date><id>0</id><type>bounding_box</type><polygon><username>anonymous</username><pt><x>864</x><y>468</y><time>28-08-20 16:12:15:263</time></pt><pt><x>3718</x><y>468</y><time>28-08-20 16:12:19:071</time></pt><pt><x>3718</x><y>2779</y><time>undefined</time></pt><pt><x>864</x><y>2779</y><time>undefined</time></pt><closed_date>28-08-20 16:12:19:072</closed_date></polygon></object></annotation>