<annotation><filename>m2_s02_085_p_ic076.jpg</filename><folder>users/joselusava//m2_jsv/85/ic</folder><source><submittedBy>Jose Saca</submittedBy></source><imagesize><nrows>2910</nrows><ncols>4361</ncols></imagesize><object><name>m2_s02_085_p_ic076</name><deleted>0</deleted><verified>0</verified><occluded>no</occluded><attributes></attributes><parts><hasparts></hasparts><ispartof></ispartof></parts><date>17-09-20 20:05:01:909</date><id>0</id><type>bounding_box</type><polygon><username>anonymous</username><pt><x>1306</x><y>514</y><time>17-09-20 20:04:58:399</time></pt><pt><x>3256</x><y>514</y><time>17-09-20 20:04:59:581</time></pt><pt><x>3256</x><y>2437</y><time>undefined</time></pt><pt><x>1306</x><y>2437</y><time>undefined</time></pt><closed_date>17-09-20 20:04:59:582</closed_date></polygon></object></annotation>