<annotation><filename>m2_s01_018_p_ic081.jpg</filename><folder>users/joselusava//santiago_2</folder><source><submittedBy>Jose Saca</submittedBy></source><imagesize><nrows>2850</nrows><ncols>4271</ncols></imagesize><object><name>m2_s01_018_p_ic081</name><deleted>0</deleted><verified>0</verified><occluded>no</occluded><attributes></attributes><parts><hasparts></hasparts><ispartof></ispartof></parts><date>28-09-20 18:13:29:785</date><id>0</id><type>bounding_box</type><polygon><username>anonymous</username><pt><x>1507</x><y>801</y><time>28-09-20 18:13:26:670</time></pt><pt><x>2674</x><y>801</y><time>28-09-20 18:13:27:753</time></pt><pt><x>2674</x><y>2151</y><time>undefined</time></pt><pt><x>1507</x><y>2151</y><time>undefined</time></pt><closed_date>28-09-20 18:13:27:754</closed_date></polygon></object></annotation>