<annotation><filename>m1_s01_021_p_nic025.jpg</filename><folder>users/joselusava//santiago</folder><source><submittedBy>Jose Saca</submittedBy></source><imagesize><nrows>3200</nrows><ncols>4800</ncols></imagesize><object><name>m1_s01_021_p_nic025</name><deleted>0</deleted><verified>0</verified><occluded>no</occluded><attributes></attributes><parts><hasparts></hasparts><ispartof></ispartof></parts><date>15-09-20 15:35:24:166</date><id>0</id><type>bounding_box</type><polygon><username>anonymous</username><pt><x>3445</x><y>1764</y><time>15-09-20 15:35:16:272</time></pt><pt><x>3913</x><y>1764</y><time>15-09-20 15:35:17:878</time></pt><pt><x>3913</x><y>2466</y><time>undefined</time></pt><pt><x>3445</x><y>2466</y><time>undefined</time></pt><closed_date>15-09-20 15:35:17:879</closed_date></polygon></object></annotation>