<annotation><filename>m2_s01_018_p_nic025.jpg</filename><folder>users/joselusava//santiago_2</folder><source><submittedBy>Jose Saca</submittedBy></source><imagesize><nrows>2850</nrows><ncols>4271</ncols></imagesize><object><name>m2_s01_018_p_nic025</name><deleted>0</deleted><verified>0</verified><occluded>no</occluded><attributes></attributes><parts><hasparts></hasparts><ispartof></ispartof></parts><date>28-09-20 21:13:11:358</date><id>0</id><type>bounding_box</type><polygon><username>anonymous</username><pt><x>3055</x><y>792</y><time>28-09-20 21:13:04:725</time></pt><pt><x>3591</x><y>792</y><time>28-09-20 21:13:05:828</time></pt><pt><x>3591</x><y>1619</y><time>undefined</time></pt><pt><x>3055</x><y>1619</y><time>undefined</time></pt><closed_date>28-09-20 21:13:05:829</closed_date></polygon></object></annotation>