<annotation><filename>m1_s02_052_p_ic062.jpg</filename><folder>users/joselusava//valeria/sala2_052_ic</folder><source><submittedBy>Jose Saca</submittedBy></source><imagesize><nrows>3200</nrows><ncols>4800</ncols></imagesize><object><name>m1_s02_052_p_ic062</name><deleted>0</deleted><verified>0</verified><occluded>no</occluded><attributes></attributes><parts><hasparts></hasparts><ispartof></ispartof></parts><date>25-08-20 18:51:54:775</date><id>0</id><type>bounding_box</type><polygon><username>anonymous</username><pt><x>446</x><y>32</y><time>25-08-20 18:51:47:512</time></pt><pt><x>4650</x><y>32</y><time>25-08-20 18:51:50:074</time></pt><pt><x>4650</x><y>2996</y><time>undefined</time></pt><pt><x>446</x><y>2996</y><time>undefined</time></pt><closed_date>25-08-20 18:51:50:075</closed_date></polygon></object></annotation>