<annotation><filename>m1_s06_144_p_nic088.jpg</filename><folder>users/joselusava//jacob_2/144nic</folder><source><submittedBy>Jose Saca</submittedBy></source><imagesize><nrows>2736</nrows><ncols>4100</ncols></imagesize><object><name>m1_s06_144_p_nic088</name><deleted>0</deleted><verified>0</verified><occluded>no</occluded><attributes></attributes><parts><hasparts></hasparts><ispartof></ispartof></parts><date>08-09-20 14:01:54:010</date><id>0</id><type>bounding_box</type><polygon><username>anonymous</username><pt><x>302</x><y>2046</y><time>08-09-20 14:01:51:314</time></pt><pt><x>1891</x><y>2046</y><time>08-09-20 14:01:53:393</time></pt><pt><x>1891</x><y>383</y><time>undefined</time></pt><pt><x>302</x><y>383</y><time>undefined</time></pt><closed_date>08-09-20 14:01:53:394</closed_date></polygon></object></annotation>