<annotation><filename>m2_s02_129_p_nic086.jpg</filename><folder>users/joselusava//m2_jsv/129/nic</folder><source><submittedBy>Jose Saca</submittedBy></source><imagesize><nrows>2910</nrows><ncols>4361</ncols></imagesize><object><name>m2_s02_129_p_nic086</name><deleted>0</deleted><verified>0</verified><occluded>no</occluded><attributes></attributes><parts><hasparts></hasparts><ispartof></ispartof></parts><date>25-09-20 08:25:32:605</date><id>0</id><type>bounding_box</type><polygon><username>anonymous</username><pt><x>270</x><y>966</y><time>25-09-20 08:25:30:072</time></pt><pt><x>1610</x><y>966</y><time>25-09-20 08:25:31:975</time></pt><pt><x>1610</x><y>2176</y><time>undefined</time></pt><pt><x>270</x><y>2176</y><time>undefined</time></pt><closed_date>25-09-20 08:25:31:975</closed_date></polygon></object></annotation>