<annotation><filename>m4_s12_186_p_nic003.jpg</filename><folder>users/joselusava//m4_js/186/nic</folder><source><submittedBy>Jose Saca</submittedBy></source><imagesize><nrows>3899</nrows><ncols>5844</ncols></imagesize><object><name>m4_s12_186_p_nic003</name><deleted>0</deleted><verified>0</verified><occluded>no</occluded><attributes></attributes><parts><hasparts></hasparts><ispartof></ispartof></parts><date>18-10-20 11:20:40:962</date><id>0</id><type>bounding_box</type><polygon><username>anonymous</username><pt><x>5844</x><y>3534</y><time>18-10-20 11:20:39:347</time></pt><pt><x>3441</x><y>3534</y><time>18-10-20 11:20:40:225</time></pt><pt><x>3441</x><y>350</y><time>undefined</time></pt><pt><x>5844</x><y>350</y><time>undefined</time></pt><closed_date>18-10-20 11:20:40:226</closed_date></polygon></object></annotation>