<annotation><filename>m4_s11_176_p_ic073.jpg</filename><folder>users/joselusava//m4_js/176/ic</folder><source><submittedBy>Jose Saca</submittedBy></source><imagesize><nrows>2970</nrows><ncols>4451</ncols></imagesize><object><name>m4_s11_176_p_ic073</name><deleted>0</deleted><verified>0</verified><occluded>no</occluded><attributes></attributes><parts><hasparts></hasparts><ispartof></ispartof></parts><date>15-10-20 09:58:08:487</date><id>0</id><type>bounding_box</type><polygon><username>anonymous</username><pt><x>2896</x><y>2301</y><time>15-10-20 09:58:06:256</time></pt><pt><x>1404</x><y>2301</y><time>15-10-20 09:58:07:268</time></pt><pt><x>1404</x><y>542</y><time>undefined</time></pt><pt><x>2896</x><y>542</y><time>undefined</time></pt><closed_date>15-10-20 09:58:07:268</closed_date></polygon></object></annotation>