<annotation><filename>m4_s05_055_p_nic050.jpg</filename><folder>users/joselusava//valeria/m4_s05_055_nic</folder><source><submittedBy>Jose Saca</submittedBy></source><imagesize><nrows>2910</nrows><ncols>4361</ncols></imagesize><object><name>m4_s05_055_p_nic050</name><deleted>0</deleted><verified>0</verified><occluded>no</occluded><attributes></attributes><parts><hasparts></hasparts><ispartof></ispartof></parts><date>09-10-20 17:39:27:023</date><id>0</id><type>bounding_box</type><polygon><username>anonymous</username><pt><x>705</x><y>1764</y><time>09-10-20 17:39:20:354</time></pt><pt><x>1874</x><y>1764</y><time>09-10-20 17:39:24:343</time></pt><pt><x>1874</x><y>187</y><time>undefined</time></pt><pt><x>705</x><y>187</y><time>undefined</time></pt><closed_date>09-10-20 17:39:24:343</closed_date></polygon></object></annotation>