<annotation><filename>m3_s01_010_p_ic098.jpg</filename><folder>users/joselusava//m4_js/m3/10/ic</folder><source><submittedBy>Jose Saca</submittedBy></source><imagesize><nrows>2970</nrows><ncols>4451</ncols></imagesize><object><name>m3_s01_010_p_ic098</name><deleted>0</deleted><verified>0</verified><occluded>no</occluded><attributes></attributes><parts><hasparts></hasparts><ispartof></ispartof></parts><date>29-10-20 13:28:18:230</date><id>0</id><type>bounding_box</type><polygon><username>anonymous</username><pt><x>554</x><y>2843</y><time>29-10-20 13:28:16:045</time></pt><pt><x>4036</x><y>2843</y><time>29-10-20 13:28:17:358</time></pt><pt><x>4036</x><y>437</y><time>undefined</time></pt><pt><x>554</x><y>437</y><time>undefined</time></pt><closed_date>29-10-20 13:28:17:358</closed_date></polygon></object></annotation>