<annotation><filename>m2_s01_024_p_nic074.jpg</filename><folder>users/joselusava//santiago</folder><source><submittedBy>Jose Saca</submittedBy></source><imagesize><nrows>2850</nrows><ncols>4271</ncols></imagesize><object><name>m2_s01_024_p_nic074</name><deleted>0</deleted><verified>0</verified><occluded>no</occluded><attributes></attributes><parts><hasparts></hasparts><ispartof></ispartof></parts><date>25-09-20 15:32:49:718</date><id>0</id><type>bounding_box</type><polygon><username>anonymous</username><pt><x>359</x><y>183</y><time>25-09-20 15:32:42:373</time></pt><pt><x>1106</x><y>183</y><time>25-09-20 15:32:43:574</time></pt><pt><x>1106</x><y>1398</y><time>undefined</time></pt><pt><x>359</x><y>1398</y><time>undefined</time></pt><closed_date>25-09-20 15:32:43:574</closed_date></polygon></object></annotation>