<annotation><filename>m4_s11_176_p_nic080.jpg</filename><folder>users/joselusava//m4_js/176/nic</folder><source><submittedBy>Jose Saca</submittedBy></source><imagesize><nrows>2970</nrows><ncols>4451</ncols></imagesize><object><name>m4_s11_176_p_nic080</name><deleted>0</deleted><verified>0</verified><occluded>no</occluded><attributes></attributes><parts><hasparts></hasparts><ispartof></ispartof></parts><date>15-10-20 14:53:26:967</date><id>0</id><type>bounding_box</type><polygon><username>anonymous</username><pt><x>1839</x><y>1795</y><time>15-10-20 14:53:24:755</time></pt><pt><x>18</x><y>1795</y><time>15-10-20 14:53:26:123</time></pt><pt><x>18</x><y>18</y><time>undefined</time></pt><pt><x>1839</x><y>18</y><time>undefined</time></pt><closed_date>15-10-20 14:53:26:124</closed_date></polygon></object></annotation>