<annotation><filename>m1_s01_021_p_nic082.jpg</filename><folder>users/joselusava//santiago</folder><source><submittedBy>Jose Saca</submittedBy></source><imagesize><nrows>3200</nrows><ncols>4800</ncols></imagesize><object><name>m1_s01_021_p_nic082</name><deleted>0</deleted><verified>0</verified><occluded>no</occluded><attributes></attributes><parts><hasparts></hasparts><ispartof></ispartof></parts><date>16-09-20 22:09:01:160</date><id>0</id><type>bounding_box</type><polygon><username>anonymous</username><pt><x>835</x><y>1915</y><time>16-09-20 22:08:52:694</time></pt><pt><x>1577</x><y>1915</y><time>16-09-20 22:08:53:480</time></pt><pt><x>1577</x><y>2750</y><time>undefined</time></pt><pt><x>835</x><y>2750</y><time>undefined</time></pt><closed_date>16-09-20 22:08:53:482</closed_date></polygon></object></annotation>