<annotation><filename>m2_s01_054_p_ic024.jpg</filename><folder>users/joselusava//kath</folder><source><submittedBy>Jose Saca</submittedBy></source><imagesize><nrows>2850</nrows><ncols>4271</ncols></imagesize><object><name>m2_s01_054_p_ic024</name><deleted>0</deleted><verified>0</verified><occluded>no</occluded><attributes></attributes><parts><hasparts></hasparts><ispartof></ispartof></parts><date>29-09-20 21:46:07:223</date><id>0</id><type>bounding_box</type><polygon><username>anonymous</username><pt><x>1334</x><y>372</y><time>29-09-20 21:46:00:484</time></pt><pt><x>2703</x><y>372</y><time>29-09-20 21:46:04:238</time></pt><pt><x>2703</x><y>2464</y><time>undefined</time></pt><pt><x>1334</x><y>2464</y><time>undefined</time></pt><closed_date>29-09-20 21:46:04:238</closed_date></polygon></object></annotation>