<annotation><filename>m2_s01_024_p_ic095.jpg</filename><folder>users/joselusava//santiago</folder><source><submittedBy>Jose Saca</submittedBy></source><imagesize><nrows>2850</nrows><ncols>4271</ncols></imagesize><object><name>m2_s01_024_p_ic095</name><deleted>0</deleted><verified>0</verified><occluded>no</occluded><attributes></attributes><parts><hasparts></hasparts><ispartof></ispartof></parts><date>24-09-20 23:12:59:634</date><id>0</id><type>bounding_box</type><polygon><username>anonymous</username><pt><x>1244</x><y>337</y><time>24-09-20 23:12:52:486</time></pt><pt><x>3142</x><y>337</y><time>24-09-20 23:12:54:064</time></pt><pt><x>3142</x><y>2783</y><time>undefined</time></pt><pt><x>1244</x><y>2783</y><time>undefined</time></pt><closed_date>24-09-20 23:12:54:066</closed_date></polygon></object></annotation>