<annotation><filename>m2_s01_018_p_nic018.jpg</filename><folder>users/joselusava//santiago_2</folder><source><submittedBy>Jose Saca</submittedBy></source><imagesize><nrows>2850</nrows><ncols>4271</ncols></imagesize><object><name>m2_s01_018_p_nic018</name><deleted>0</deleted><verified>0</verified><occluded>no</occluded><attributes></attributes><parts><hasparts></hasparts><ispartof></ispartof></parts><date>28-09-20 19:46:51:048</date><id>0</id><type>bounding_box</type><polygon><username>anonymous</username><pt><x>1116</x><y>1831</y><time>28-09-20 19:46:47:897</time></pt><pt><x>1638</x><y>1831</y><time>28-09-20 19:46:48:993</time></pt><pt><x>1638</x><y>2539</y><time>undefined</time></pt><pt><x>1116</x><y>2539</y><time>undefined</time></pt><closed_date>28-09-20 19:46:48:993</closed_date></polygon></object></annotation>