<annotation><filename>m2_s02_190_p_ic085.jpg</filename><folder>users/joselusava//m2_jsv/190/ic</folder><source><submittedBy>Jose Saca</submittedBy></source><imagesize><nrows>2910</nrows><ncols>4361</ncols></imagesize><object><name>m2_s02_190_p_ic085</name><deleted>0</deleted><verified>0</verified><occluded>no</occluded><attributes></attributes><parts><hasparts></hasparts><ispartof></ispartof></parts><date>21-09-20 14:43:28:466</date><id>0</id><type>bounding_box</type><polygon><username>anonymous</username><pt><x>3113</x><y>2592</y><time>21-09-20 14:43:26:535</time></pt><pt><x>1448</x><y>2592</y><time>21-09-20 14:43:27:761</time></pt><pt><x>1448</x><y>165</y><time>undefined</time></pt><pt><x>3113</x><y>165</y><time>undefined</time></pt><closed_date>21-09-20 14:43:27:761</closed_date></polygon></object></annotation>