<annotation><filename>m1_s06_168_p_nic031.jpg</filename><folder>users/joselusava//jacob_2/168nic</folder><source><submittedBy>Jose Saca</submittedBy></source><imagesize><nrows>2736</nrows><ncols>4100</ncols></imagesize><object><name>m1_s06_168_p_nic031</name><deleted>0</deleted><verified>0</verified><occluded>no</occluded><attributes></attributes><parts><hasparts></hasparts><ispartof></ispartof></parts><date>08-09-20 23:10:10:295</date><id>0</id><type>bounding_box</type><polygon><username>anonymous</username><pt><x>1874</x><y>188</y><time>08-09-20 23:10:08:246</time></pt><pt><x>2750</x><y>188</y><time>08-09-20 23:10:09:840</time></pt><pt><x>2750</x><y>1743</y><time>undefined</time></pt><pt><x>1874</x><y>1743</y><time>undefined</time></pt><closed_date>08-09-20 23:10:09:840</closed_date></polygon></object></annotation>