<annotation><filename>m1_s01_001_p_ic099.jpg</filename><folder>users/joselusava//juancarlos</folder><source><submittedBy>Jose Saca</submittedBy></source><imagesize><nrows>2000</nrows><ncols>2992</ncols></imagesize><object><name>m1_s01_001_p_ic099</name><deleted>0</deleted><verified>0</verified><occluded>no</occluded><attributes></attributes><parts><hasparts></hasparts><ispartof></ispartof></parts><date>01-09-20 16:33:42:676</date><id>0</id><type>bounding_box</type><polygon><username>anonymous</username><pt><x>811</x><y>794</y><time>01-09-20 16:33:32:370</time></pt><pt><x>2270</x><y>794</y><time>01-09-20 16:33:34:636</time></pt><pt><x>2270</x><y>1466</y><time>undefined</time></pt><pt><x>811</x><y>1466</y><time>undefined</time></pt><closed_date>01-09-20 16:33:34:638</closed_date></polygon></object></annotation>