<annotation><filename>m4_s10_164_p_ic061.jpg</filename><folder>users/joselusava//santiago_2</folder><source><submittedBy>Jose Saca</submittedBy></source><imagesize><nrows>2970</nrows><ncols>4451</ncols></imagesize><object><name>m4_s10_164_p_ic061</name><deleted>0</deleted><verified>0</verified><occluded>no</occluded><attributes></attributes><parts><hasparts></hasparts><ispartof></ispartof></parts><date>13-10-20 22:51:39:229</date><id>0</id><type>bounding_box</type><polygon><username>anonymous</username><pt><x>1738</x><y>1207</y><time>13-10-20 22:51:36:700</time></pt><pt><x>2288</x><y>1207</y><time>13-10-20 22:51:37:527</time></pt><pt><x>2288</x><y>1942</y><time>undefined</time></pt><pt><x>1738</x><y>1942</y><time>undefined</time></pt><closed_date>13-10-20 22:51:37:527</closed_date></polygon></object></annotation>