<annotation><filename>m1_s06_186_p_ic005.jpg</filename><folder>users/joselusava//jacob_2/186ic</folder><source><submittedBy>Jose Saca</submittedBy></source><imagesize><nrows>2736</nrows><ncols>4100</ncols></imagesize><object><name>s06_186_p_ic005</name><deleted>0</deleted><verified>0</verified><occluded>no</occluded><attributes></attributes><parts><hasparts></hasparts><ispartof></ispartof></parts><date>09-09-20 11:08:45:827</date><id>0</id><type>bounding_box</type><polygon><username>anonymous</username><pt><x>1391</x><y>16</y><time>09-09-20 11:08:43:459</time></pt><pt><x>2864</x><y>16</y><time>09-09-20 11:08:45:167</time></pt><pt><x>2864</x><y>2586</y><time>undefined</time></pt><pt><x>1391</x><y>2586</y><time>undefined</time></pt><closed_date>09-09-20 11:08:45:167</closed_date></polygon></object></annotation>