<annotation><filename>m4_s04_037_p_ic051.jpg</filename><folder>users/joselusava//santiago_2</folder><source><submittedBy>Jose Saca</submittedBy></source><imagesize><nrows>2970</nrows><ncols>4451</ncols></imagesize><object><name>m4_s04_037_p_ic051</name><deleted>0</deleted><verified>0</verified><occluded>no</occluded><attributes></attributes><parts><hasparts></hasparts><ispartof></ispartof></parts><date>18-10-20 17:34:29:521</date><id>0</id><type>bounding_box</type><polygon><username>anonymous</username><pt><x>1474</x><y>286</y><time>18-10-20 17:34:20:085</time></pt><pt><x>2934</x><y>286</y><time>18-10-20 17:34:22:526</time></pt><pt><x>2934</x><y>2634</y><time>undefined</time></pt><pt><x>1474</x><y>2634</y><time>undefined</time></pt><closed_date>18-10-20 17:34:22:527</closed_date></polygon></object></annotation>