<annotation><filename>m4_s09_138_p_ic070.jpg</filename><folder>users/joselusava//santiago_2</folder><source><submittedBy>Jose Saca</submittedBy></source><imagesize><nrows>2970</nrows><ncols>4451</ncols></imagesize><object><name>m4_s09_138_p_ic070</name><deleted>0</deleted><verified>0</verified><occluded>no</occluded><attributes></attributes><parts><hasparts></hasparts><ispartof></ispartof></parts><date>22-10-20 20:45:07:470</date><id>0</id><type>bounding_box</type><polygon><username>anonymous</username><pt><x>507</x><y>535</y><time>22-10-20 20:45:02:981</time></pt><pt><x>3563</x><y>535</y><time>22-10-20 20:45:04:171</time></pt><pt><x>3563</x><y>2567</y><time>undefined</time></pt><pt><x>507</x><y>2567</y><time>undefined</time></pt><closed_date>22-10-20 20:45:04:172</closed_date></polygon></object></annotation>