<annotation><filename>m4_s03_025_p_nic098.jpg</filename><folder>users/joselusava//santiago_3</folder><source><submittedBy>Jose Saca</submittedBy></source><imagesize><nrows>2910</nrows><ncols>4361</ncols></imagesize><object><name>m4_s03_025_p_nic098</name><deleted>0</deleted><verified>0</verified><occluded>no</occluded><attributes></attributes><parts><hasparts></hasparts><ispartof></ispartof></parts><date>08-11-20 14:34:04:547</date><id>0</id><type>bounding_box</type><polygon><username>anonymous</username><pt><x>1511</x><y>804</y><time>08-11-20 14:34:01:398</time></pt><pt><x>4022</x><y>804</y><time>08-11-20 14:34:02:695</time></pt><pt><x>4022</x><y>2050</y><time>undefined</time></pt><pt><x>1511</x><y>2050</y><time>undefined</time></pt><closed_date>08-11-20 14:34:02:695</closed_date></polygon></object></annotation>