<annotation><filename>m4_s11_178_p_nic094.jpg</filename><folder>users/joselusava//santiago_2</folder><source><submittedBy>Jose Saca</submittedBy></source><imagesize><nrows>2970</nrows><ncols>4451</ncols></imagesize><object><name>m4_s11_178_p_nic094</name><deleted>0</deleted><verified>0</verified><occluded>no</occluded><attributes></attributes><parts><hasparts></hasparts><ispartof></ispartof></parts><date>16-10-20 11:52:20:102</date><id>0</id><type>bounding_box</type><polygon><username>anonymous</username><pt><x>2795</x><y>1528</y><time>16-10-20 11:52:16:759</time></pt><pt><x>3759</x><y>1528</y><time>16-10-20 11:52:18:118</time></pt><pt><x>3759</x><y>2570</y><time>undefined</time></pt><pt><x>2795</x><y>2570</y><time>undefined</time></pt><closed_date>16-10-20 11:52:18:120</closed_date></polygon></object></annotation>