<annotation><filename>m4_s09_138_p_nic054.jpg</filename><folder>users/joselusava//santiago_2</folder><source><submittedBy>Jose Saca</submittedBy></source><imagesize><nrows>2970</nrows><ncols>4451</ncols></imagesize><object><name>m4_s09_138_p_nic054</name><deleted>0</deleted><verified>0</verified><occluded>no</occluded><attributes></attributes><parts><hasparts></hasparts><ispartof></ispartof></parts><date>23-10-20 13:57:15:283</date><id>0</id><type>bounding_box</type><polygon><username>anonymous</username><pt><x>2038</x><y>689</y><time>23-10-20 13:57:12:500</time></pt><pt><x>4087</x><y>689</y><time>23-10-20 13:57:13:381</time></pt><pt><x>4087</x><y>1778</y><time>undefined</time></pt><pt><x>2038</x><y>1778</y><time>undefined</time></pt><closed_date>23-10-20 13:57:13:382</closed_date></polygon></object></annotation>