<annotation><filename>m2_s01_034_p_ic095.jpg</filename><folder>users/joselusava//kath</folder><source><submittedBy>Jose Saca</submittedBy></source><imagesize><nrows>2850</nrows><ncols>4271</ncols></imagesize><object><name>m2_s01_034_p_ic095</name><deleted>0</deleted><verified>0</verified><occluded>no</occluded><attributes></attributes><parts><hasparts></hasparts><ispartof></ispartof></parts><date>25-09-20 17:12:46:430</date><id>0</id><polygon><username>anonymous</username><pt><x>1189</x><y>208</y><time>25-09-20 17:12:33:638</time></pt><pt><x>2786</x><y>243</y><time>25-09-20 17:12:37:310</time></pt><pt><x>2950</x><y>2499</y><time>25-09-20 17:12:39:443</time></pt><pt><x>1253</x><y>2549</y><time>25-09-20 17:12:41:499</time></pt><closed_date>25-09-20 17:12:43:297</closed_date></polygon></object></annotation>