<annotation><filename>m1_s06_158_x.jpg</filename><folder>users/joselusava//jacob_2/sala6</folder><source><submittedBy>Jose Saca</submittedBy></source><imagesize><nrows>2736</nrows><ncols>4100</ncols></imagesize><object><name>m1_s06_158_x</name><deleted>0</deleted><verified>0</verified><occluded>no</occluded><attributes></attributes><parts><hasparts></hasparts><ispartof></ispartof></parts><date>06-09-20 01:40:52:663</date><id>0</id><type>bounding_box</type><polygon><username>anonymous</username><pt><x>1060</x><y>2511</y><time>06-09-20 01:40:49:922</time></pt><pt><x>3440</x><y>2511</y><time>06-09-20 01:40:51:988</time></pt><pt><x>3440</x><y>139</y><time>undefined</time></pt><pt><x>1060</x><y>139</y><time>undefined</time></pt><closed_date>06-09-20 01:40:51:988</closed_date></polygon></object></annotation>