<annotation><filename>m1_s01_017_p_nic077.jpg</filename><folder>users/joselusava//santiago</folder><source><submittedBy>Jose Saca</submittedBy></source><imagesize><nrows>3200</nrows><ncols>4800</ncols></imagesize><object><name>m1_s01_017_p_nic077</name><deleted>0</deleted><verified>0</verified><occluded>no</occluded><attributes></attributes><parts><hasparts></hasparts><ispartof></ispartof></parts><date>11-09-20 19:48:13:287</date><id>0</id><type>bounding_box</type><polygon><username>anonymous</username><pt><x>2934</x><y>1465</y><time>11-09-20 19:48:05:828</time></pt><pt><x>3502</x><y>1465</y><time>11-09-20 19:48:07:065</time></pt><pt><x>3502</x><y>1818</y><time>undefined</time></pt><pt><x>2934</x><y>1818</y><time>undefined</time></pt><closed_date>11-09-20 19:48:07:066</closed_date></polygon></object></annotation>