<annotation><filename>m4_s03_025_p_ic008.jpg</filename><folder>users/joselusava//juancarlos</folder><source><submittedBy>Jose Saca</submittedBy></source><imagesize><nrows>2910</nrows><ncols>4361</ncols></imagesize><object><name>m4_s02_025_p_ic008</name><deleted>0</deleted><verified>0</verified><occluded>no</occluded><attributes></attributes><parts><hasparts></hasparts><ispartof></ispartof></parts><date>05-11-20 17:06:57:877</date><id>0</id><type>bounding_box</type><polygon><username>anonymous</username><pt><x>763</x><y>772</y><time>05-11-20 17:06:48:850</time></pt><pt><x>3946</x><y>772</y><time>05-11-20 17:06:51:641</time></pt><pt><x>3946</x><y>2321</y><time>undefined</time></pt><pt><x>763</x><y>2321</y><time>undefined</time></pt><closed_date>05-11-20 17:06:51:641</closed_date></polygon></object></annotation>