<annotation><filename>m4_s02_021_p_ic051.jpg</filename><folder>users/joselusava//santiago_2</folder><source><submittedBy>Jose Saca</submittedBy></source><imagesize><nrows>3000</nrows><ncols>4496</ncols></imagesize><object><name>m4_s02_021_p_ic051</name><deleted>0</deleted><verified>0</verified><occluded>no</occluded><attributes></attributes><parts><hasparts></hasparts><ispartof></ispartof></parts><date>04-10-20 17:07:41:445</date><id>0</id><type>bounding_box</type><polygon><username>anonymous</username><pt><x>1492</x><y>378</y><time>04-10-20 17:07:33:136</time></pt><pt><x>2855</x><y>378</y><time>04-10-20 17:07:34:772</time></pt><pt><x>2855</x><y>2453</y><time>undefined</time></pt><pt><x>1492</x><y>2453</y><time>undefined</time></pt><closed_date>04-10-20 17:07:34:773</closed_date></polygon></object></annotation>