<annotation><filename>m3_s01_023_p_ic092.jpg</filename><folder>users/joselusava//santiago_3</folder><source><submittedBy>Jose Saca</submittedBy></source><imagesize><nrows>2970</nrows><ncols>4451</ncols></imagesize><object><name>m3_s01_023_p_ic092</name><deleted>0</deleted><verified>0</verified><occluded>no</occluded><attributes></attributes><parts><hasparts></hasparts><ispartof></ispartof></parts><date>04-11-20 21:07:18:634</date><id>0</id><type>bounding_box</type><polygon><username>anonymous</username><pt><x>161</x><y>485</y><time>04-11-20 21:07:15:062</time></pt><pt><x>3937</x><y>485</y><time>04-11-20 21:07:16:512</time></pt><pt><x>3937</x><y>2542</y><time>undefined</time></pt><pt><x>161</x><y>2542</y><time>undefined</time></pt><closed_date>04-11-20 21:07:16:513</closed_date></polygon></object></annotation>