<annotation><filename>m1_s02_052_p_ic023.jpg</filename><folder>users/joselusava//valeria/sala2_052_ic</folder><source><submittedBy>Jose Saca</submittedBy></source><imagesize><nrows>3200</nrows><ncols>4800</ncols></imagesize><object><name>m1_s02_052_p_ic023</name><deleted>0</deleted><verified>0</verified><occluded>no</occluded><attributes></attributes><parts><hasparts></hasparts><ispartof></ispartof></parts><date>25-08-20 17:15:48:293</date><id>0</id><type>bounding_box</type><polygon><username>anonymous</username><pt><x>279</x><y>11</y><time>25-08-20 17:15:41:334</time></pt><pt><x>4376</x><y>11</y><time>25-08-20 17:15:44:022</time></pt><pt><x>4376</x><y>3114</y><time>undefined</time></pt><pt><x>279</x><y>3114</y><time>undefined</time></pt><closed_date>25-08-20 17:15:44:023</closed_date></polygon></object></annotation>