<annotation><filename>m4_s02_013_x.jpg</filename><folder>users/joselusava//kath/m4_x</folder><source><submittedBy>Jose Saca</submittedBy></source><imagesize><nrows>2910</nrows><ncols>4361</ncols></imagesize><object><name>m4_s2_013_x</name><deleted>0</deleted><verified>0</verified><occluded>no</occluded><attributes></attributes><parts><hasparts></hasparts><ispartof></ispartof></parts><date>20-10-20 06:42:44:927</date><id>0</id><polygon><username>anonymous</username><pt><x>1017</x><y>193</y><time>20-10-20 06:42:35:534</time></pt><pt><x>1140</x><y>2665</y><time>20-10-20 06:42:36:457</time></pt><pt><x>3037</x><y>2609</y><time>20-10-20 06:42:37:323</time></pt><pt><x>2891</x><y>231</y><time>20-10-20 06:42:38:623</time></pt><closed_date>20-10-20 06:42:42:208</closed_date></polygon></object></annotation>