<annotation><filename>m4_s04_045_p_ic034.jpg</filename><folder>users/joselusava//valeria/m04_s04_45_ic</folder><source><submittedBy>Jose Saca</submittedBy></source><imagesize><nrows>2970</nrows><ncols>4451</ncols></imagesize><object><name>m4_s04_045_p_ic034</name><deleted>0</deleted><verified>0</verified><occluded>no</occluded><attributes></attributes><parts><hasparts></hasparts><ispartof></ispartof></parts><date>19-10-20 19:18:46:962</date><id>0</id><type>bounding_box</type><polygon><username>anonymous</username><pt><x>1822</x><y>2342</y><time>19-10-20 19:18:42:607</time></pt><pt><x>2822</x><y>2342</y><time>19-10-20 19:18:43:894</time></pt><pt><x>2822</x><y>628</y><time>undefined</time></pt><pt><x>1822</x><y>628</y><time>undefined</time></pt><closed_date>19-10-20 19:18:43:895</closed_date></polygon></object></annotation>