<annotation><filename>m4_s07_105_p_nic039.jpg</filename><folder>users/joselusava//kath/m4_105/nic</folder><source><submittedBy>Jose Saca</submittedBy></source><imagesize><nrows>2970</nrows><ncols>4451</ncols></imagesize><object><name>m4_s07_105_p_nic039</name><deleted>0</deleted><verified>0</verified><occluded>no</occluded><attributes></attributes><parts><hasparts></hasparts><ispartof></ispartof></parts><date>03-11-20 08:43:55:566</date><id>0</id><type>bounding_box</type><polygon><username>anonymous</username><pt><x>2296</x><y>2684</y><time>03-11-20 08:43:50:490</time></pt><pt><x>3111</x><y>2684</y><time>03-11-20 08:43:53:223</time></pt><pt><x>3111</x><y>1159</y><time>undefined</time></pt><pt><x>2296</x><y>1159</y><time>undefined</time></pt><closed_date>03-11-20 08:43:53:224</closed_date></polygon></object></annotation>