<annotation><filename>m1_s01_005_p_ic005.jpg</filename><folder>users/joselusava//jacob/sala1/ic</folder><source><submittedBy>Jose Saca</submittedBy></source><imagesize><nrows>2000</nrows><ncols>2992</ncols></imagesize><object><name>m1_s01_005_p_ic005</name><deleted>0</deleted><verified>0</verified><occluded>no</occluded><attributes></attributes><parts><hasparts></hasparts><ispartof></ispartof></parts><date>14-09-20 17:24:45:729</date><id>0</id><type>bounding_box</type><polygon><username>anonymous</username><pt><x>1868</x><y>1398</y><time>14-09-20 17:24:44:033</time></pt><pt><x>1208</x><y>1398</y><time>14-09-20 17:24:45:243</time></pt><pt><x>1208</x><y>571</y><time>undefined</time></pt><pt><x>1868</x><y>571</y><time>undefined</time></pt><closed_date>14-09-20 17:24:45:243</closed_date></polygon></object></annotation>