<annotation><filename>m3_s01_013_p_ic044.jpg</filename><folder>users/joselusava//valeria/m03_s01_13_ic</folder><source><submittedBy>Jose Saca</submittedBy></source><imagesize><nrows>2970</nrows><ncols>4451</ncols></imagesize><object><name>m3_s01_013_p_ic043</name><deleted>0</deleted><verified>0</verified><occluded>no</occluded><attributes></attributes><parts><hasparts></hasparts><ispartof></ispartof></parts><date>29-10-20 13:49:51:805</date><id>0</id><type>bounding_box</type><polygon><username>anonymous</username><pt><x>3912</x><y>2742</y><time>29-10-20 13:49:45:832</time></pt><pt><x>411</x><y>2742</y><time>29-10-20 13:49:48:089</time></pt><pt><x>411</x><y>234</y><time>undefined</time></pt><pt><x>3912</x><y>234</y><time>undefined</time></pt><closed_date>29-10-20 13:49:48:090</closed_date></polygon></object></annotation>