<annotation><filename>m1_s01_001_p_ic025.jpg</filename><folder>users/joselusava//juancarlos</folder><source><submittedBy>Jose Saca</submittedBy></source><imagesize><nrows>2000</nrows><ncols>2992</ncols></imagesize><object><name>m1_s01_001_p_ic025</name><deleted>0</deleted><verified>0</verified><occluded>no</occluded><attributes></attributes><parts><hasparts></hasparts><ispartof></ispartof></parts><date>26-08-20 16:11:14:076</date><id>0</id><type>bounding_box</type><polygon><username>anonymous</username><pt><x>998</x><y>645</y><time>26-08-20 16:10:15:371</time></pt><pt><x>2017</x><y>645</y><time>26-08-20 16:10:23:330</time></pt><pt><x>2017</x><y>1289</y><time>undefined</time></pt><pt><x>998</x><y>1289</y><time>undefined</time></pt><closed_date>26-08-20 16:10:23:332</closed_date></polygon></object></annotation>