<annotation><filename>m1_s02_052_p_ic096.jpg</filename><folder>users/joselusava//valeria/sala2_052_ic</folder><source><submittedBy>Jose Saca</submittedBy></source><imagesize><nrows>3200</nrows><ncols>4800</ncols></imagesize><object><name>m1_s02_052_p_ic096</name><deleted>0</deleted><verified>0</verified><occluded>no</occluded><attributes></attributes><parts><hasparts></hasparts><ispartof></ispartof></parts><date>25-08-20 20:30:23:335</date><id>0</id><type>bounding_box</type><polygon><username>anonymous</username><pt><x>209</x><y>5</y><time>25-08-20 20:30:15:412</time></pt><pt><x>3882</x><y>5</y><time>25-08-20 20:30:18:798</time></pt><pt><x>3882</x><y>3168</y><time>undefined</time></pt><pt><x>209</x><y>3168</y><time>undefined</time></pt><closed_date>25-08-20 20:30:18:799</closed_date></polygon></object></annotation>