<annotation><filename>m4_s10_164_p_ic024.jpg</filename><folder>users/joselusava//santiago_2</folder><source><submittedBy>Jose Saca</submittedBy></source><imagesize><nrows>2970</nrows><ncols>4451</ncols></imagesize><object><name>m4_s10_164_p_ic024</name><deleted>0</deleted><verified>0</verified><occluded>no</occluded><attributes></attributes><parts><hasparts></hasparts><ispartof></ispartof></parts><date>13-10-20 22:16:05:747</date><id>0</id><type>bounding_box</type><polygon><username>anonymous</username><pt><x>1756</x><y>957</y><time>13-10-20 22:16:02:716</time></pt><pt><x>2499</x><y>957</y><time>13-10-20 22:16:04:005</time></pt><pt><x>2499</x><y>1921</y><time>undefined</time></pt><pt><x>1756</x><y>1921</y><time>undefined</time></pt><closed_date>13-10-20 22:16:04:007</closed_date></polygon></object></annotation>