<annotation><filename>m2_s01_024_p_nic011.jpg</filename><folder>users/joselusava//santiago</folder><source><submittedBy>Jose Saca</submittedBy></source><imagesize><nrows>2850</nrows><ncols>4271</ncols></imagesize><object><name>m2_s01_024_p_nic011</name><deleted>0</deleted><verified>0</verified><occluded>no</occluded><attributes></attributes><parts><hasparts></hasparts><ispartof></ispartof></parts><date>25-09-20 13:34:57:552</date><id>0</id><type>bounding_box</type><polygon><username>anonymous</username><pt><x>189</x><y>465</y><time>25-09-20 13:34:49:576</time></pt><pt><x>1321</x><y>465</y><time>25-09-20 13:34:51:131</time></pt><pt><x>1321</x><y>2113</y><time>undefined</time></pt><pt><x>189</x><y>2113</y><time>undefined</time></pt><closed_date>25-09-20 13:34:51:132</closed_date></polygon></object></annotation>