<annotation><filename>m2_s03_219_p_nic006.jpg</filename><folder>users/joselusava//valeria/m2_sala03_219_nic</folder><source><submittedBy>Jose Saca</submittedBy></source><imagesize><nrows>2910</nrows><ncols>4361</ncols></imagesize><object><name>m2_s03_219_p_nic006</name><deleted>0</deleted><verified>0</verified><occluded>no</occluded><attributes></attributes><parts><hasparts></hasparts><ispartof></ispartof></parts><date>29-09-20 17:03:52:269</date><id>0</id><type>bounding_box</type><polygon><username>anonymous</username><pt><x>1201</x><y>1731</y><time>29-09-20 17:03:47:667</time></pt><pt><x>2756</x><y>1731</y><time>29-09-20 17:03:49:184</time></pt><pt><x>2756</x><y>182</y><time>undefined</time></pt><pt><x>1201</x><y>182</y><time>undefined</time></pt><closed_date>29-09-20 17:03:49:185</closed_date></polygon></object></annotation>