<annotation><filename>m2_s06_250_p_nic085.jpg</filename><folder>users/joselusava//m2_jsv/250</folder><source><submittedBy>Jose Saca</submittedBy></source><imagesize><nrows>2910</nrows><ncols>4361</ncols></imagesize><object><name>m2_s06_250_p_nic085</name><deleted>0</deleted><verified>0</verified><occluded>no</occluded><attributes></attributes><parts><hasparts></hasparts><ispartof></ispartof></parts><date>30-09-20 12:00:06:357</date><id>0</id><type>bounding_box</type><polygon><username>anonymous</username><pt><x>1001</x><y>618</y><time>30-09-20 12:00:04:734</time></pt><pt><x>4300</x><y>618</y><time>30-09-20 12:00:05:651</time></pt><pt><x>4300</x><y>2115</y><time>undefined</time></pt><pt><x>1001</x><y>2115</y><time>undefined</time></pt><closed_date>30-09-20 12:00:05:651</closed_date></polygon></object></annotation>