<annotation><filename>m4_s11_176_p_ic066.jpg</filename><folder>users/joselusava//m4_js/176/ic</folder><source><submittedBy>Jose Saca</submittedBy></source><imagesize><nrows>2970</nrows><ncols>4451</ncols></imagesize><object><name>m4_s11_176_p_ic066</name><deleted>0</deleted><verified>0</verified><occluded>no</occluded><attributes></attributes><parts><hasparts></hasparts><ispartof></ispartof></parts><date>15-10-20 09:55:26:195</date><id>0</id><type>bounding_box</type><polygon><username>anonymous</username><pt><x>3109</x><y>2523</y><time>15-10-20 09:55:24:328</time></pt><pt><x>1368</x><y>2523</y><time>15-10-20 09:55:25:606</time></pt><pt><x>1368</x><y>835</y><time>undefined</time></pt><pt><x>3109</x><y>835</y><time>undefined</time></pt><closed_date>15-10-20 09:55:25:607</closed_date></polygon></object></annotation>