<annotation><filename>m2_s02_113_x.jpg</filename><folder>users/joselusava//m2_jsv</folder><source><submittedBy>Jose Saca</submittedBy></source><imagesize><nrows>2910</nrows><ncols>4361</ncols></imagesize><object><name>m2_s02_113_x</name><deleted>0</deleted><verified>0</verified><occluded>no</occluded><attributes></attributes><parts><hasparts></hasparts><ispartof></ispartof></parts><date>19-09-20 23:24:31:872</date><id>0</id><type>bounding_box</type><polygon><username>anonymous</username><pt><x>3282</x><y>2281</y><time>19-09-20 23:24:29:591</time></pt><pt><x>870</x><y>2281</y><time>19-09-20 23:24:31:124</time></pt><pt><x>870</x><y>348</y><time>undefined</time></pt><pt><x>3282</x><y>348</y><time>undefined</time></pt><closed_date>19-09-20 23:24:31:125</closed_date></polygon></object></annotation>