<annotation><filename>m2_s03_252_p_ic087.jpg</filename><folder>users/joselusava//valeria/m2_sala03_252_ic</folder><source><submittedBy>Jose Saca</submittedBy></source><imagesize><nrows>2910</nrows><ncols>4361</ncols></imagesize><object><name>m2_s06_252_p_ic087</name><deleted>0</deleted><verified>0</verified><occluded>no</occluded><attributes></attributes><parts><hasparts></hasparts><ispartof></ispartof></parts><date>27-09-20 13:32:06:975</date><id>0</id><type>bounding_box</type><polygon><username>anonymous</username><pt><x>3472</x><y>2419</y><time>27-09-20 13:31:59:308</time></pt><pt><x>705</x><y>2419</y><time>27-09-20 13:32:02:664</time></pt><pt><x>705</x><y>419</y><time>undefined</time></pt><pt><x>3472</x><y>419</y><time>undefined</time></pt><closed_date>27-09-20 13:32:02:665</closed_date></polygon></object></annotation>