<annotation><filename>m1_s02_029_p_ic001.jpg</filename><folder>users/joselusava///valeria/sala2_029_ic</folder><source><sourceImage>The MIT-CSAIL database of objects and scenes</sourceImage><sourceAnnotation>LabelMe Webtool</sourceAnnotation></source><object><name>m1_s02_052_p_ic001</name><deleted>0</deleted><verified>0</verified><occluded>no</occluded><attributes></attributes><parts><hasparts></hasparts><ispartof></ispartof></parts><date>22-08-20 16:50:50:574</date><id>0</id><type>bounding_box</type><polygon><username>anonymous</username><pt><x>1874</x><y>183</y><time>22-08-20 16:50:26:312</time></pt><pt><x>3066</x><y>183</y><time>22-08-20 16:50:36:286</time></pt><pt><x>3066</x><y>2593</y><time>undefined</time></pt><pt><x>1874</x><y>2593</y><time>undefined</time></pt><closed_date>22-08-20 16:50:36:287</closed_date></polygon></object><imagesize><nrows></nrows><ncols></ncols></imagesize></annotation>