<annotation><filename>m1_s02_036_p_nic085.jpg</filename><folder>users/joselusava//valeria/sala2_036_nic</folder><source><submittedBy>Jose Saca</submittedBy></source><imagesize><nrows>3200</nrows><ncols>4800</ncols></imagesize><object><name>m1_s02_036_p_nic085</name><deleted>0</deleted><verified>0</verified><occluded>no</occluded><attributes></attributes><parts><hasparts></hasparts><ispartof></ispartof></parts><date>27-08-20 12:54:32:565</date><id>0</id><type>bounding_box</type><polygon><username>anonymous</username><pt><x>1584</x><y>2099</y><time>27-08-20 12:54:24:726</time></pt><pt><x>628</x><y>2099</y><time>27-08-20 12:54:27:097</time></pt><pt><x>628</x><y>1009</y><time>undefined</time></pt><pt><x>1584</x><y>1009</y><time>undefined</time></pt><closed_date>27-08-20 12:54:27:098</closed_date></polygon></object></annotation>