<annotation><filename>m4_s10_157_p_ic038.jpg</filename><folder>users/joselusava//valeria/m04_s10_157_nic</folder><source><submittedBy>Jose Saca</submittedBy></source><imagesize><nrows>2970</nrows><ncols>4451</ncols></imagesize><object><name>m4_s10_157_p_nic038</name><deleted>0</deleted><verified>0</verified><occluded>no</occluded><attributes></attributes><parts><hasparts></hasparts><ispartof></ispartof></parts><date>12-10-20 20:32:22:974</date><id>0</id><type>bounding_box</type><polygon><username>anonymous</username><pt><x>1974</x><y>2863</y><time>12-10-20 20:32:17:157</time></pt><pt><x>3729</x><y>2863</y><time>12-10-20 20:32:19:759</time></pt><pt><x>3729</x><y>827</y><time>undefined</time></pt><pt><x>1974</x><y>827</y><time>undefined</time></pt><closed_date>12-10-20 20:32:19:760</closed_date></polygon></object></annotation>