<annotation><filename>m2_s06_244_p_ic092.jpg</filename><folder>users/joselusava//museos2020</folder><source><submittedBy>Jose Saca</submittedBy></source><imagesize><nrows>2910</nrows><ncols>4361</ncols></imagesize><object><name>m2_s06_244_p_ic092</name><deleted>0</deleted><verified>0</verified><occluded>no</occluded><attributes></attributes><parts><hasparts></hasparts><ispartof></ispartof></parts><date>23-09-20 09:26:03:933</date><id>0</id><type>bounding_box</type><polygon><username>anonymous</username><pt><x>129</x><y>702</y><time>23-09-20 09:25:55:107</time></pt><pt><x>3827</x><y>702</y><time>23-09-20 09:25:56:799</time></pt><pt><x>3827</x><y>2673</y><time>undefined</time></pt><pt><x>129</x><y>2673</y><time>undefined</time></pt><closed_date>23-09-20 09:25:56:800</closed_date></polygon></object></annotation>