<annotation><filename>m4_s04_047_p_nic071.jpg</filename><folder>users/joselusava//kath/kath_m4_047/nic</folder><source><submittedBy>Jose Saca</submittedBy></source><imagesize><nrows>2970</nrows><ncols>4451</ncols></imagesize><object><name>m4_s04_047_p_nic071</name><deleted>0</deleted><verified>0</verified><occluded>no</occluded><attributes></attributes><parts><hasparts></hasparts><ispartof></ispartof></parts><date>24-10-20 19:26:02:861</date><id>0</id><type>bounding_box</type><polygon><username>anonymous</username><pt><x>1827</x><y>1745</y><time>24-10-20 19:25:56:642</time></pt><pt><x>2614</x><y>1745</y><time>24-10-20 19:25:58:393</time></pt><pt><x>2614</x><y>238</y><time>undefined</time></pt><pt><x>1827</x><y>238</y><time>undefined</time></pt><closed_date>24-10-20 19:25:58:394</closed_date></polygon></object></annotation>