<annotation><filename>m3_s01_023_p_ic035.jpg</filename><folder>users/joselusava//santiago_3</folder><source><submittedBy>Jose Saca</submittedBy></source><imagesize><nrows>2970</nrows><ncols>4451</ncols></imagesize><object><name>m3_s01_023_p_ic035</name><deleted>0</deleted><verified>0</verified><occluded>no</occluded><attributes></attributes><parts><hasparts></hasparts><ispartof></ispartof></parts><date>04-11-20 19:09:15:988</date><id>0</id><type>bounding_box</type><polygon><username>anonymous</username><pt><x>393</x><y>361</y><time>04-11-20 19:09:12:144</time></pt><pt><x>4016</x><y>361</y><time>04-11-20 19:09:13:716</time></pt><pt><x>4016</x><y>2527</y><time>undefined</time></pt><pt><x>393</x><y>2527</y><time>undefined</time></pt><closed_date>04-11-20 19:09:13:717</closed_date></polygon></object></annotation>