<annotation><filename>m4_s05_060_p_nic027.jpg</filename><folder>users/joselusava//m4_js/60/nic</folder><source><submittedBy>Jose Saca</submittedBy></source><imagesize><nrows>2910</nrows><ncols>4361</ncols></imagesize><object><name>m4_s05_060_p_nic027</name><deleted>0</deleted><verified>0</verified><occluded>no</occluded><attributes></attributes><parts><hasparts></hasparts><ispartof></ispartof></parts><date>13-10-20 23:55:18:977</date><id>0</id><type>bounding_box</type><polygon><username>anonymous</username><pt><x>3508</x><y>2881</y><time>13-10-20 23:55:17:017</time></pt><pt><x>44</x><y>2881</y><time>13-10-20 23:55:18:252</time></pt><pt><x>44</x><y>1062</y><time>undefined</time></pt><pt><x>3508</x><y>1062</y><time>undefined</time></pt><closed_date>13-10-20 23:55:18:253</closed_date></polygon></object></annotation>