<annotation><filename>m2_s05_236_p_nic056.jpg</filename><folder>users/joselusava//museos2020</folder><source><submittedBy>Jose Saca</submittedBy></source><imagesize><nrows>2910</nrows><ncols>4361</ncols></imagesize><object><name>m2_s05_236_p_nic056</name><deleted>0</deleted><verified>0</verified><occluded>no</occluded><attributes></attributes><parts><hasparts></hasparts><ispartof></ispartof></parts><date>17-09-20 08:00:37:881</date><id>0</id><type>bounding_box</type><polygon><username>anonymous</username><pt><x>2092</x><y>865</y><time>17-09-20 08:00:28:294</time></pt><pt><x>4342</x><y>865</y><time>17-09-20 08:00:30:269</time></pt><pt><x>4342</x><y>2771</y><time>undefined</time></pt><pt><x>2092</x><y>2771</y><time>undefined</time></pt><closed_date>17-09-20 08:00:30:270</closed_date></polygon></object></annotation>