<annotation><filename>m4_s06_089_p_ic073.jpg</filename><folder>users/joselusava//santiago_2</folder><source><submittedBy>Jose Saca</submittedBy></source><imagesize><nrows>2970</nrows><ncols>4451</ncols></imagesize><object><name>m4_s06_089_p_ic073</name><deleted>0</deleted><verified>0</verified><occluded>no</occluded><attributes></attributes><parts><hasparts></hasparts><ispartof></ispartof></parts><date>11-10-20 19:04:22:757</date><id>0</id><type>bounding_box</type><polygon><username>anonymous</username><pt><x>1485</x><y>297</y><time>11-10-20 19:04:19:484</time></pt><pt><x>3182</x><y>297</y><time>11-10-20 19:04:20:764</time></pt><pt><x>3182</x><y>2503</y><time>undefined</time></pt><pt><x>1485</x><y>2503</y><time>undefined</time></pt><closed_date>11-10-20 19:04:20:765</closed_date></polygon></object></annotation>