<annotation><filename>m4_s02_015_p_nic062.jpg</filename><folder>users/joselusava//m4_js/15nic</folder><source><submittedBy>Jose Saca</submittedBy></source><imagesize><nrows>2910</nrows><ncols>4361</ncols></imagesize><object><name>m4_s02_015_p_nic062</name><deleted>0</deleted><verified>0</verified><occluded>no</occluded><attributes></attributes><parts><hasparts></hasparts><ispartof></ispartof></parts><date>06-10-20 20:06:45:895</date><id>0</id><type>bounding_box</type><polygon><username>anonymous</username><pt><x>192</x><y>374</y><time>06-10-20 20:06:42:664</time></pt><pt><x>1793</x><y>374</y><time>06-10-20 20:06:44:170</time></pt><pt><x>1793</x><y>2046</y><time>undefined</time></pt><pt><x>192</x><y>2046</y><time>undefined</time></pt><closed_date>06-10-20 20:06:44:170</closed_date></polygon></object></annotation>