<annotation><filename>m3_s01_018_p_nic089.jpg</filename><folder>users/joselusava//m4_js/18/nic</folder><source><submittedBy>Jose Saca</submittedBy></source><imagesize><nrows>2970</nrows><ncols>4451</ncols></imagesize><object><name>m3_s01_018_p_nic089</name><deleted>0</deleted><verified>0</verified><occluded>no</occluded><attributes></attributes><parts><hasparts></hasparts><ispartof></ispartof></parts><date>05-11-20 18:20:10:858</date><id>0</id><type>bounding_box</type><polygon><username>anonymous</username><pt><x>10</x><y>21</y><time>05-11-20 18:20:08:836</time></pt><pt><x>2905</x><y>21</y><time>05-11-20 18:20:10:148</time></pt><pt><x>2905</x><y>2843</y><time>undefined</time></pt><pt><x>10</x><y>2843</y><time>undefined</time></pt><closed_date>05-11-20 18:20:10:148</closed_date></polygon></object></annotation>