<annotation><filename>m1_s06_141_p_ic051.jpg</filename><folder>users/joselusava//jacob_2/141ic</folder><source><submittedBy>Jose Saca</submittedBy></source><imagesize><nrows>2736</nrows><ncols>4100</ncols></imagesize><object><name>m1_s06_141_p_ic051</name><deleted>0</deleted><verified>0</verified><occluded>no</occluded><attributes></attributes><parts><hasparts></hasparts><ispartof></ispartof></parts><date>04-09-20 22:52:26:325</date><id>0</id><type>bounding_box</type><polygon><username>anonymous</username><pt><x>1039</x><y>2611</y><time>04-09-20 22:52:23:295</time></pt><pt><x>3044</x><y>2611</y><time>04-09-20 22:52:25:441</time></pt><pt><x>3044</x><y>221</y><time>undefined</time></pt><pt><x>1039</x><y>221</y><time>undefined</time></pt><closed_date>04-09-20 22:52:25:441</closed_date></polygon></object></annotation>