<annotation><filename>m2_s06_244_p_nic013.jpg</filename><folder>users/joselusava//museos2020</folder><source><submittedBy>Jose Saca</submittedBy></source><imagesize><nrows>2910</nrows><ncols>4361</ncols></imagesize><object><name>m2_s06_244_p_nic013</name><deleted>0</deleted><verified>0</verified><occluded>no</occluded><attributes></attributes><parts><hasparts></hasparts><ispartof></ispartof></parts><date>24-09-20 19:55:41:805</date><id>0</id><type>bounding_box</type><polygon><username>anonymous</username><pt><x>177</x><y>474</y><time>24-09-20 19:55:34:583</time></pt><pt><x>1966</x><y>474</y><time>24-09-20 19:55:36:084</time></pt><pt><x>1966</x><y>1213</y><time>undefined</time></pt><pt><x>177</x><y>1213</y><time>undefined</time></pt><closed_date>24-09-20 19:55:36:086</closed_date></polygon></object></annotation>