<annotation><filename>m4_s04_047_p_ic100.jpg</filename><folder>users/joselusava//kath/kath_m4_047</folder><source><submittedBy>Jose Saca</submittedBy></source><imagesize><nrows>2970</nrows><ncols>4451</ncols></imagesize><object><name>m4_s04_047_p_ic100</name><deleted>0</deleted><verified>0</verified><occluded>no</occluded><attributes></attributes><parts><hasparts></hasparts><ispartof></ispartof></parts><date>24-10-20 17:54:40:680</date><id>0</id><type>bounding_box</type><polygon><username>anonymous</username><pt><x>1663</x><y>149</y><time>24-10-20 17:54:36:187</time></pt><pt><x>2866</x><y>149</y><time>24-10-20 17:54:38:011</time></pt><pt><x>2866</x><y>2569</y><time>undefined</time></pt><pt><x>1663</x><y>2569</y><time>undefined</time></pt><closed_date>24-10-20 17:54:38:012</closed_date></polygon></object></annotation>