<annotation><filename>m4_s04_039_p_ic027.jpg</filename><folder>users/joselusava//santiago_2</folder><source><submittedBy>Jose Saca</submittedBy></source><imagesize><nrows>2970</nrows><ncols>4451</ncols></imagesize><object><name>m4_s04_039_p_ic027</name><deleted>0</deleted><verified>0</verified><occluded>no</occluded><attributes></attributes><parts><hasparts></hasparts><ispartof></ispartof></parts><date>20-10-20 21:37:12:068</date><id>0</id><type>bounding_box</type><polygon><username>anonymous</username><pt><x>1949</x><y>143</y><time>20-10-20 21:37:07:656</time></pt><pt><x>2752</x><y>143</y><time>20-10-20 21:37:10:111</time></pt><pt><x>2752</x><y>2906</y><time>undefined</time></pt><pt><x>1949</x><y>2906</y><time>undefined</time></pt><closed_date>20-10-20 21:37:10:112</closed_date></polygon></object></annotation>