<annotation><filename>m1_s01_017_p_ic091.jpg</filename><folder>users/joselusava//santiago</folder><source><submittedBy>Jose Saca</submittedBy></source><imagesize><nrows>3200</nrows><ncols>4800</ncols></imagesize><object><name>m1_s01_017_p_ic091</name><deleted>0</deleted><verified>0</verified><occluded>no</occluded><attributes></attributes><parts><hasparts></hasparts><ispartof></ispartof></parts><date>10-09-20 23:17:36:903</date><id>0</id><type>bounding_box</type><polygon><username>anonymous</username><pt><x>1483</x><y>824</y><time>10-09-20 23:17:29:221</time></pt><pt><x>3132</x><y>824</y><time>10-09-20 23:17:31:073</time></pt><pt><x>3132</x><y>2397</y><time>undefined</time></pt><pt><x>1483</x><y>2397</y><time>undefined</time></pt><closed_date>10-09-20 23:17:31:074</closed_date></polygon></object></annotation>