<annotation><filename>m1_s01_004_p_ic081.jpg</filename><folder>users/joselusava//valeria_apoyo/sala001_004ic_ok</folder><source><submittedBy>Jose Saca</submittedBy></source><imagesize><nrows>2000</nrows><ncols>2992</ncols></imagesize><object><name>m1_s01_004_p_ic081</name><deleted>0</deleted><verified>0</verified><occluded>no</occluded><attributes></attributes><parts><hasparts></hasparts><ispartof></ispartof></parts><date>16-09-20 16:33:48:003</date><id>0</id><type>bounding_box</type><polygon><username>anonymous</username><pt><x>2981</x><y>1549</y><time>16-09-20 16:33:37:013</time></pt><pt><x>8</x><y>1549</y><time>16-09-20 16:33:41:974</time></pt><pt><x>8</x><y>621</y><time>undefined</time></pt><pt><x>2981</x><y>621</y><time>undefined</time></pt><closed_date>16-09-20 16:33:41:976</closed_date></polygon></object></annotation>