<annotation><filename>m4_s12_185_p_ic052.jpg</filename><folder>users/joselusava//valeria/m04_s12_185_ic</folder><source><submittedBy>Jose Saca</submittedBy></source><imagesize><nrows>2910</nrows><ncols>4361</ncols></imagesize><object><name>m4_s12_185_p_ic052</name><deleted>0</deleted><verified>0</verified><occluded>no</occluded><attributes></attributes><parts><hasparts></hasparts><ispartof></ispartof></parts><date>17-10-20 17:18:54:635</date><id>0</id><type>bounding_box</type><polygon><username>anonymous</username><pt><x>3380</x><y>2731</y><time>17-10-20 17:18:47:805</time></pt><pt><x>1035</x><y>2731</y><time>17-10-20 17:18:50:341</time></pt><pt><x>1035</x><y>341</y><time>undefined</time></pt><pt><x>3380</x><y>341</y><time>undefined</time></pt><closed_date>17-10-20 17:18:50:342</closed_date></polygon></object></annotation>