<annotation><filename>m1_s01_005_p_nic014.jpg</filename><folder>users/joselusava//museos2020</folder><source><submittedBy>Jose Saca</submittedBy></source><imagesize><nrows>2000</nrows><ncols>2992</ncols></imagesize><object><name>m1_s01_005_p_nic014</name><deleted>0</deleted><verified>0</verified><occluded>no</occluded><attributes></attributes><parts><hasparts></hasparts><ispartof></ispartof></parts><date>13-09-20 22:49:00:425</date><id>0</id><type>bounding_box</type><polygon><username>anonymous</username><pt><x>109</x><y>1042</y><time>13-09-20 22:47:44:674</time></pt><pt><x>856</x><y>1042</y><time>13-09-20 22:47:46:251</time></pt><pt><x>856</x><y>1767</y><time>undefined</time></pt><pt><x>109</x><y>1767</y><time>undefined</time></pt><closed_date>13-09-20 22:47:46:252</closed_date></polygon></object></annotation>