<annotation><filename>m2_s01_056_p_nic039.jpg</filename><folder>users/joselusava//m2_jsv/56/nic</folder><source><submittedBy>Jose Saca</submittedBy></source><imagesize><nrows>2850</nrows><ncols>4271</ncols></imagesize><object><name>m2_s01_056_p_nic039</name><deleted>0</deleted><verified>0</verified><occluded>no</occluded><attributes></attributes><parts><hasparts></hasparts><ispartof></ispartof></parts><date>28-09-20 22:20:24:683</date><id>0</id><type>bounding_box</type><polygon><username>anonymous</username><pt><x>4263</x><y>2055</y><time>28-09-20 22:20:22:774</time></pt><pt><x>2811</x><y>2055</y><time>28-09-20 22:20:23:963</time></pt><pt><x>2811</x><y>93</y><time>undefined</time></pt><pt><x>4263</x><y>93</y><time>undefined</time></pt><closed_date>28-09-20 22:20:23:963</closed_date></polygon></object></annotation>