<annotation><filename>m2_s06_244_p_nic042.jpg</filename><folder>users/joselusava//museos2020</folder><source><submittedBy>Jose Saca</submittedBy></source><imagesize><nrows>2910</nrows><ncols>4361</ncols></imagesize><object><name>m2_s06_244_p_ic042</name><deleted>0</deleted><verified>0</verified><occluded>no</occluded><attributes></attributes><parts><hasparts></hasparts><ispartof></ispartof></parts><date>25-09-20 18:55:59:658</date><id>0</id><type>bounding_box</type><polygon><username>anonymous</username><pt><x>1181</x><y>339</y><time>25-09-20 18:55:51:065</time></pt><pt><x>2761</x><y>339</y><time>25-09-20 18:55:54:071</time></pt><pt><x>2761</x><y>967</y><time>undefined</time></pt><pt><x>1181</x><y>967</y><time>undefined</time></pt><closed_date>25-09-20 18:55:54:071</closed_date></polygon></object></annotation>