<annotation><filename>m1_s06_141_p_nic028.jpg</filename><folder>users/joselusava//jacob_2/141nic</folder><source><submittedBy>Jose Saca</submittedBy></source><imagesize><nrows>2736</nrows><ncols>4100</ncols></imagesize><object><name>m1_s06_141_p_nic028</name><deleted>0</deleted><verified>0</verified><occluded>no</occluded><attributes></attributes><parts><hasparts></hasparts><ispartof></ispartof></parts><date>05-09-20 01:08:29:411</date><id>0</id><type>bounding_box</type><polygon><username>anonymous</username><pt><x>2375</x><y>2557</y><time>05-09-20 01:08:26:212</time></pt><pt><x>3538</x><y>2557</y><time>05-09-20 01:08:28:562</time></pt><pt><x>3538</x><y>1110</y><time>undefined</time></pt><pt><x>2375</x><y>1110</y><time>undefined</time></pt><closed_date>05-09-20 01:08:28:562</closed_date></polygon></object></annotation>