<annotation><filename>m2_s02_129_p_ic059.jpg</filename><folder>users/joselusava//m2_jsv/129/ic</folder><source><submittedBy>Jose Saca</submittedBy></source><imagesize><nrows>2910</nrows><ncols>4361</ncols></imagesize><object><name>m2_s02_129_p_ic059</name><deleted>0</deleted><verified>0</verified><occluded>no</occluded><attributes></attributes><parts><hasparts></hasparts><ispartof></ispartof></parts><date>24-09-20 19:25:24:745</date><id>0</id><type>bounding_box</type><polygon><username>anonymous</username><pt><x>2873</x><y>2542</y><time>24-09-20 19:25:22:365</time></pt><pt><x>1306</x><y>2542</y><time>24-09-20 19:25:23:953</time></pt><pt><x>1306</x><y>818</y><time>undefined</time></pt><pt><x>2873</x><y>818</y><time>undefined</time></pt><closed_date>24-09-20 19:25:23:953</closed_date></polygon></object></annotation>