<annotation><filename>m2_s03_219_p_ic029.jpg</filename><folder>users/joselusava//valeria/m2_sala03_219_ic</folder><source><submittedBy>Jose Saca</submittedBy></source><imagesize><nrows>2910</nrows><ncols>4361</ncols></imagesize><object><name>m2_s03_219_p_ic029</name><deleted>0</deleted><verified>0</verified><occluded>no</occluded><attributes></attributes><parts><hasparts></hasparts><ispartof></ispartof></parts><date>29-09-20 00:08:10:215</date><id>0</id><type>bounding_box</type><polygon><username>anonymous</username><pt><x>1042</x><y>243</y><time>29-09-20 00:08:03:967</time></pt><pt><x>3301</x><y>243</y><time>29-09-20 00:08:06:661</time></pt><pt><x>3301</x><y>2596</y><time>undefined</time></pt><pt><x>1042</x><y>2596</y><time>undefined</time></pt><closed_date>29-09-20 00:08:06:663</closed_date></polygon></object></annotation>