<annotation><filename>m2_s01_048_x.jpg</filename><folder>users/joselusava//juancarlos</folder><source><submittedBy>Jose Saca</submittedBy></source><imagesize><nrows>2850</nrows><ncols>4271</ncols></imagesize><object><name>m2_s01_048_x</name><deleted>0</deleted><verified>0</verified><occluded>no</occluded><attributes></attributes><parts><hasparts></hasparts><ispartof></ispartof></parts><date>28-09-20 11:08:00:647</date><id>0</id><type>bounding_box</type><polygon><username>anonymous</username><pt><x>1143</x><y>246</y><time>28-09-20 11:07:52:796</time></pt><pt><x>3037</x><y>246</y><time>28-09-20 11:07:54:869</time></pt><pt><x>3037</x><y>2645</y><time>undefined</time></pt><pt><x>1143</x><y>2645</y><time>undefined</time></pt><closed_date>28-09-20 11:07:54:870</closed_date></polygon></object></annotation>