<annotation><filename>m2_s07_264_p_nic012.jpg</filename><folder>users/joselusava//valeria/sala7_264_nic</folder><source><submittedBy>Jose Saca</submittedBy></source><imagesize><nrows>2910</nrows><ncols>4361</ncols></imagesize><object><name>m2_s07_264_p_nic012</name><deleted>0</deleted><verified>0</verified><occluded>no</occluded><attributes></attributes><parts><hasparts></hasparts><ispartof></ispartof></parts><date>23-09-20 19:29:48:190</date><id>0</id><type>bounding_box</type><polygon><username>anonymous</username><pt><x>1560</x><y>1846</y><time>23-09-20 19:29:43:569</time></pt><pt><x>2739</x><y>1846</y><time>23-09-20 19:29:45:562</time></pt><pt><x>2739</x><y>248</y><time>undefined</time></pt><pt><x>1560</x><y>248</y><time>undefined</time></pt><closed_date>23-09-20 19:29:45:563</closed_date></polygon></object></annotation>