<annotation><filename>m2_s01_054_p_nic016.jpg</filename><folder>users/joselusava//kath</folder><source><submittedBy>Jose Saca</submittedBy></source><imagesize><nrows>2850</nrows><ncols>4271</ncols></imagesize><object><name>m2_s01_054_p_nic016</name><deleted>0</deleted><verified>0</verified><occluded>no</occluded><attributes></attributes><parts><hasparts></hasparts><ispartof></ispartof></parts><date>30-09-20 11:07:52:763</date><id>0</id><type>bounding_box</type><polygon><username>anonymous</username><pt><x>1299</x><y>1586</y><time>30-09-20 11:07:48:477</time></pt><pt><x>498</x><y>1586</y><time>30-09-20 11:07:50:041</time></pt><pt><x>498</x><y>2604</y><time>undefined</time></pt><pt><x>1299</x><y>2604</y><time>undefined</time></pt><closed_date>30-09-20 11:07:50:041</closed_date></polygon></object></annotation>