<annotation><filename>m4_s03_025_p_nic065.jpg</filename><folder>users/joselusava//santiago_3</folder><source><submittedBy>Jose Saca</submittedBy></source><imagesize><nrows>2910</nrows><ncols>4361</ncols></imagesize><object><name>m4_s03_025_p_nic065</name><deleted>0</deleted><verified>0</verified><occluded>no</occluded><attributes></attributes><parts><hasparts></hasparts><ispartof></ispartof></parts><date>08-11-20 13:53:39:732</date><id>0</id><type>bounding_box</type><polygon><username>anonymous</username><pt><x>1032</x><y>423</y><time>08-11-20 13:53:36:187</time></pt><pt><x>4001</x><y>423</y><time>08-11-20 13:53:37:406</time></pt><pt><x>4001</x><y>1857</y><time>undefined</time></pt><pt><x>1032</x><y>1857</y><time>undefined</time></pt><closed_date>08-11-20 13:53:37:407</closed_date></polygon></object></annotation>