<annotation><filename>m4_s11_178_p_nic047.jpg</filename><folder>users/joselusava//santiago_2</folder><source><submittedBy>Jose Saca</submittedBy></source><imagesize><nrows>2970</nrows><ncols>4451</ncols></imagesize><object><name>m4_s11_178_p_nic047</name><deleted>0</deleted><verified>0</verified><occluded>no</occluded><attributes></attributes><parts><hasparts></hasparts><ispartof></ispartof></parts><date>16-10-20 09:29:34:328</date><id>0</id><type>bounding_box</type><polygon><username>anonymous</username><pt><x>560</x><y>828</y><time>16-10-20 09:29:30:113</time></pt><pt><x>1724</x><y>828</y><time>16-10-20 09:29:31:879</time></pt><pt><x>1724</x><y>2120</y><time>undefined</time></pt><pt><x>560</x><y>2120</y><time>undefined</time></pt><closed_date>16-10-20 09:29:31:880</closed_date></polygon></object></annotation>