<annotation><filename>m1_s02_029_p_nic039.jpg</filename><folder>users/joselusava//valeria/sala2_029_nic</folder><source><submittedBy>Jose Saca</submittedBy></source><imagesize><nrows>3200</nrows><ncols>4800</ncols></imagesize><object><name>m1_s02_029_p_nic039</name><deleted>0</deleted><verified>0</verified><occluded>no</occluded><attributes></attributes><parts><hasparts></hasparts><ispartof></ispartof></parts><date>26-08-20 18:43:38:641</date><id>0</id><type>bounding_box</type><polygon><username>anonymous</username><pt><x>2991</x><y>1600</y><time>26-08-20 18:43:31:903</time></pt><pt><x>4387</x><y>1600</y><time>26-08-20 18:43:35:404</time></pt><pt><x>4387</x><y>2921</y><time>undefined</time></pt><pt><x>2991</x><y>2921</y><time>undefined</time></pt><closed_date>26-08-20 18:43:35:406</closed_date></polygon></object></annotation>