<annotation><filename>m2_s06_250_p_ic090.jpg</filename><folder>users/joselusava//valeria/m2_sala06_250_ic</folder><source><submittedBy>Jose Saca</submittedBy></source><imagesize><nrows>2910</nrows><ncols>4361</ncols></imagesize><object><name>m2_s06_250_p_ic089</name><deleted>0</deleted><verified>0</verified><occluded>no</occluded><attributes></attributes><parts><hasparts></hasparts><ispartof></ispartof></parts><date>01-10-20 00:23:39:196</date><id>0</id><type>bounding_box</type><polygon><username>anonymous</username><pt><x>165</x><y>1725</y><time>01-10-20 00:23:33:489</time></pt><pt><x>3897</x><y>1725</y><time>01-10-20 00:23:35:987</time></pt><pt><x>3897</x><y>942</y><time>undefined</time></pt><pt><x>165</x><y>942</y><time>undefined</time></pt><closed_date>01-10-20 00:23:35:988</closed_date></polygon></object></annotation>