<annotation><filename>m3_s01_023_p_nic009.jpg</filename><folder>users/joselusava//santiago_3</folder><source><submittedBy>Jose Saca</submittedBy></source><imagesize><nrows>2970</nrows><ncols>4451</ncols></imagesize><object><name>m3_s01_023_p_nic009</name><deleted>0</deleted><verified>0</verified><occluded>no</occluded><attributes></attributes><parts><hasparts></hasparts><ispartof></ispartof></parts><date>06-11-20 08:50:06:633</date><id>0</id><type>bounding_box</type><polygon><username>anonymous</username><pt><x>978</x><y>200</y><time>06-11-20 08:50:02:700</time></pt><pt><x>3395</x><y>200</y><time>06-11-20 08:50:04:394</time></pt><pt><x>3395</x><y>1903</y><time>undefined</time></pt><pt><x>978</x><y>1903</y><time>undefined</time></pt><closed_date>06-11-20 08:50:04:396</closed_date></polygon></object></annotation>