<annotation><filename>m4_s04_037_p.jpg</filename><folder>users/joselusava//santiago_2</folder><source><submittedBy>Jose Saca</submittedBy></source><imagesize><nrows>2970</nrows><ncols>4451</ncols></imagesize><object><name>m4_s04_037_p</name><deleted>0</deleted><verified>0</verified><occluded>no</occluded><attributes></attributes><parts><hasparts></hasparts><ispartof></ispartof></parts><date>17-10-20 17:59:19:334</date><id>0</id><type>bounding_box</type><polygon><username>anonymous</username><pt><x>1523</x><y>214</y><time>17-10-20 17:59:01:582</time></pt><pt><x>3030</x><y>214</y><time>17-10-20 17:59:04:947</time></pt><pt><x>3030</x><y>2569</y><time>undefined</time></pt><pt><x>1523</x><y>2569</y><time>undefined</time></pt><closed_date>17-10-20 17:59:04:947</closed_date></polygon></object></annotation>