<annotation><filename>m1_s02_029_p_nic021.jpg</filename><folder>users/joselusava//valeria/sala2_029_nic</folder><source><submittedBy>Jose Saca</submittedBy></source><imagesize><nrows>3200</nrows><ncols>4800</ncols></imagesize><object><name>m1_s02_029_p_nic021</name><deleted>0</deleted><verified>0</verified><occluded>no</occluded><attributes></attributes><parts><hasparts></hasparts><ispartof></ispartof></parts><date>26-08-20 18:16:37:680</date><id>0</id><type>bounding_box</type><polygon><username>anonymous</username><pt><x>446</x><y>1648</y><time>26-08-20 18:16:30:146</time></pt><pt><x>1434</x><y>1648</y><time>26-08-20 18:16:33:408</time></pt><pt><x>1434</x><y>2958</y><time>undefined</time></pt><pt><x>446</x><y>2958</y><time>undefined</time></pt><closed_date>26-08-20 18:16:33:409</closed_date></polygon></object></annotation>