<annotation><filename>m4_s05_063_x.jpg</filename><folder>users/joselusava//kath/m4_x</folder><source><submittedBy>Jose Saca</submittedBy></source><imagesize><nrows>2910</nrows><ncols>4361</ncols></imagesize><object><name>m4_s05_063_x</name><deleted>0</deleted><verified>0</verified><occluded>no</occluded><attributes></attributes><parts><hasparts></hasparts><ispartof></ispartof></parts><date>20-10-20 09:32:16:740</date><id>0</id><polygon><username>anonymous</username><pt><x>923</x><y>419</y><time>20-10-20 09:32:07:217</time></pt><pt><x>777</x><y>2467</y><time>20-10-20 09:32:08:166</time></pt><pt><x>3715</x><y>2383</y><time>20-10-20 09:32:09:413</time></pt><pt><x>3324</x><y>607</y><time>20-10-20 09:32:10:236</time></pt><closed_date>20-10-20 09:32:14:255</closed_date></polygon></object></annotation>