<annotation><filename>m1_s01_004_p_nic022.jpg</filename><folder>users/joselusava//valeria_apoyo/sala01_004_nic</folder><source><submittedBy>Jose Saca</submittedBy></source><imagesize><nrows>3200</nrows><ncols>4800</ncols></imagesize><object><name>m1_s01_004_p_nic022</name><deleted>0</deleted><verified>0</verified><occluded>no</occluded><attributes></attributes><parts><hasparts></hasparts><ispartof></ispartof></parts><date>16-09-20 19:54:07:052</date><id>0</id><type>bounding_box</type><polygon><username>anonymous</username><pt><x>4782</x><y>3048</y><time>16-09-20 19:53:58:621</time></pt><pt><x>18</x><y>3048</y><time>16-09-20 19:54:03:024</time></pt><pt><x>18</x><y>1758</y><time>undefined</time></pt><pt><x>4782</x><y>1758</y><time>undefined</time></pt><closed_date>16-09-20 19:54:03:026</closed_date></polygon></object></annotation>