<annotation><filename>m3_s01_013_p_ic065.jpg</filename><folder>users/joselusava//valeria/m03_s01_13_ic</folder><source><submittedBy>Jose Saca</submittedBy></source><imagesize><nrows>2970</nrows><ncols>4451</ncols></imagesize><object><name>m3_s01_013_p_ic064</name><deleted>0</deleted><verified>0</verified><occluded>no</occluded><attributes></attributes><parts><hasparts></hasparts><ispartof></ispartof></parts><date>01-11-20 09:16:10:290</date><id>0</id><type>bounding_box</type><polygon><username>anonymous</username><pt><x>3358</x><y>2770</y><time>01-11-20 09:16:03:853</time></pt><pt><x>1108</x><y>2770</y><time>01-11-20 09:16:06:200</time></pt><pt><x>1108</x><y>206</y><time>undefined</time></pt><pt><x>3358</x><y>206</y><time>undefined</time></pt><closed_date>01-11-20 09:16:06:201</closed_date></polygon></object></annotation>