<annotation><filename>m4_s07_105_p_nic011.jpg</filename><folder>users/joselusava//kath/m4_105/nic</folder><source><submittedBy>Jose Saca</submittedBy></source><imagesize><nrows>2970</nrows><ncols>4451</ncols></imagesize><object><name>m4_s07_105_p_nic011</name><deleted>0</deleted><verified>0</verified><occluded>no</occluded><attributes></attributes><parts><hasparts></hasparts><ispartof></ispartof></parts><date>29-10-20 09:27:17:508</date><id>0</id><type>bounding_box</type><polygon><username>anonymous</username><pt><x>2965</x><y>2792</y><time>29-10-20 09:27:11:473</time></pt><pt><x>2163</x><y>2792</y><time>29-10-20 09:27:14:819</time></pt><pt><x>2163</x><y>1471</y><time>undefined</time></pt><pt><x>2965</x><y>1471</y><time>undefined</time></pt><closed_date>29-10-20 09:27:14:819</closed_date></polygon></object></annotation>