<annotation><filename>m2_s03_248_p_nic007.jpg</filename><folder>users/joselusava//museos2020</folder><source><submittedBy>Jose Saca</submittedBy></source><imagesize><nrows>2910</nrows><ncols>4361</ncols></imagesize><object><name>m2_s03_248_p_nic007</name><deleted>0</deleted><verified>0</verified><occluded>no</occluded><attributes></attributes><parts><hasparts></hasparts><ispartof></ispartof></parts><date>27-09-20 09:56:02:183</date><id>0</id><polygon><username>anonymous</username><pt><x>1925</x><y>590</y><time>27-09-20 09:55:51:936</time></pt><pt><x>3719</x><y>600</y><time>27-09-20 09:55:53:469</time></pt><pt><x>3919</x><y>855</y><time>27-09-20 09:55:54:460</time></pt><pt><x>2575</x><y>1418</y><time>27-09-20 09:55:56:012</time></pt><closed_date>27-09-20 09:55:56:910</closed_date></polygon></object></annotation>