<annotation><filename>m1_s02_036_p_nic019.jpg</filename><folder>users/joselusava//valeria/sala2_036_nic</folder><source><submittedBy>Jose Saca</submittedBy></source><imagesize><nrows>3200</nrows><ncols>4800</ncols></imagesize><object><name>m1_s02_036_p_nic019</name><deleted>0</deleted><verified>0</verified><occluded>no</occluded><attributes></attributes><parts><hasparts></hasparts><ispartof></ispartof></parts><date>26-08-20 22:33:08:819</date><id>0</id><type>bounding_box</type><polygon><username>anonymous</username><pt><x>2894</x><y>365</y><time>26-08-20 22:33:01:902</time></pt><pt><x>3699</x><y>365</y><time>26-08-20 22:33:05:116</time></pt><pt><x>3699</x><y>1519</y><time>undefined</time></pt><pt><x>2894</x><y>1519</y><time>undefined</time></pt><closed_date>26-08-20 22:33:05:117</closed_date></polygon></object></annotation>