<annotation><filename>m1_s02_036_p_nic001.jpg</filename><folder>users/joselusava//valeria/sala2_036_nic</folder><source><submittedBy>Jose Saca</submittedBy></source><imagesize><nrows>3200</nrows><ncols>4800</ncols></imagesize><object><name>m1_s02_036_p_nic001</name><deleted>0</deleted><verified>0</verified><occluded>no</occluded><attributes></attributes><parts><hasparts></hasparts><ispartof></ispartof></parts><date>26-08-20 21:46:26:378</date><id>0</id><type>bounding_box</type><polygon><username>anonymous</username><pt><x>2760</x><y>1036</y><time>26-08-20 21:45:45:704</time></pt><pt><x>4043</x><y>1036</y><time>26-08-20 21:45:48:296</time></pt><pt><x>4043</x><y>2164</y><time>undefined</time></pt><pt><x>2760</x><y>2164</y><time>undefined</time></pt><closed_date>26-08-20 21:45:48:297</closed_date></polygon></object></annotation>