<annotation><filename>m2_s01_024_p_ic010.jpg</filename><folder>users/joselusava//santiago</folder><source><submittedBy>Jose Saca</submittedBy></source><imagesize><nrows>2850</nrows><ncols>4271</ncols></imagesize><object><name>m2_s01_024_p_ic010</name><deleted>0</deleted><verified>0</verified><occluded>no</occluded><attributes></attributes><parts><hasparts></hasparts><ispartof></ispartof></parts><date>24-09-20 01:16:21:965</date><id>0</id><type>bounding_box</type><polygon><username>anonymous</username><pt><x>1346</x><y>385</y><time>24-09-20 01:16:13:375</time></pt><pt><x>2786</x><y>385</y><time>24-09-20 01:16:15:313</time></pt><pt><x>2786</x><y>2539</y><time>undefined</time></pt><pt><x>1346</x><y>2539</y><time>undefined</time></pt><closed_date>24-09-20 01:16:15:314</closed_date></polygon></object></annotation>