<annotation><filename>m2_s01_010_p_nic008.jpg</filename><folder>users/joselusava//santiago</folder><source><submittedBy>Jose Saca</submittedBy></source><imagesize><nrows>2850</nrows><ncols>4271</ncols></imagesize><object><name>m2_s01_010_p_nic008</name><deleted>0</deleted><verified>0</verified><occluded>no</occluded><attributes></attributes><parts><hasparts></hasparts><ispartof></ispartof></parts><date>22-09-20 19:44:15:020</date><id>0</id><type>bounding_box</type><polygon><username>anonymous</username><pt><x>1542</x><y>430</y><time>22-09-20 19:44:06:473</time></pt><pt><x>2398</x><y>430</y><time>22-09-20 19:44:07:984</time></pt><pt><x>2398</x><y>1340</y><time>undefined</time></pt><pt><x>1542</x><y>1340</y><time>undefined</time></pt><closed_date>22-09-20 19:44:07:985</closed_date></polygon></object></annotation>