<annotation><filename>m2_s02_085_p_nic007.jpg</filename><folder>users/joselusava//m2_jsv/85/nic</folder><source><submittedBy>Jose Saca</submittedBy></source><imagesize><nrows>2910</nrows><ncols>4361</ncols></imagesize><object><name>m2_s02_085_p_nic007</name><deleted>0</deleted><verified>0</verified><occluded>no</occluded><attributes></attributes><parts><hasparts></hasparts><ispartof></ispartof></parts><date>17-09-20 20:18:47:103</date><id>0</id><type>bounding_box</type><polygon><username>anonymous</username><pt><x>3038</x><y>148</y><time>17-09-20 20:18:45:530</time></pt><pt><x>4283</x><y>148</y><time>17-09-20 20:18:46:598</time></pt><pt><x>4283</x><y>1349</y><time>undefined</time></pt><pt><x>3038</x><y>1349</y><time>undefined</time></pt><closed_date>17-09-20 20:18:46:598</closed_date></polygon></object></annotation>