<annotation><filename>m4_s04_037_p_nic076.jpg</filename><folder>users/joselusava//santiago_2</folder><source><submittedBy>Jose Saca</submittedBy></source><imagesize><nrows>2970</nrows><ncols>4451</ncols></imagesize><object><name>m4_s04_037_p_nic076</name><deleted>0</deleted><verified>0</verified><occluded>no</occluded><attributes></attributes><parts><hasparts></hasparts><ispartof></ispartof></parts><date>19-10-20 22:44:43:916</date><id>0</id><type>bounding_box</type><polygon><username>anonymous</username><pt><x>2302</x><y>1514</y><time>19-10-20 22:44:40:628</time></pt><pt><x>3166</x><y>1514</y><time>19-10-20 22:44:41:695</time></pt><pt><x>3166</x><y>2859</y><time>undefined</time></pt><pt><x>2302</x><y>2859</y><time>undefined</time></pt><closed_date>19-10-20 22:44:41:696</closed_date></polygon></object></annotation>