<annotation><filename>m1_s03-04_088_x.jpg</filename><folder>users/joselusava//valeria/sala03y04</folder><source><submittedBy>Jose Saca</submittedBy></source><imagesize><nrows>3200</nrows><ncols>4800</ncols></imagesize><object><name>m1_s03_s04_088_x</name><deleted>0</deleted><verified>0</verified><occluded>no</occluded><attributes></attributes><parts><hasparts></hasparts><ispartof></ispartof></parts><date>28-08-20 21:10:51:960</date><id>0</id><type>bounding_box</type><polygon><username>anonymous</username><pt><x>3672</x><y>3130</y><time>28-08-20 21:10:42:793</time></pt><pt><x>1353</x><y>3130</y><time>28-08-20 21:10:47:053</time></pt><pt><x>1353</x><y>21</y><time>undefined</time></pt><pt><x>3672</x><y>21</y><time>undefined</time></pt><closed_date>28-08-20 21:10:47:054</closed_date></polygon></object></annotation>