<annotation><filename>m4_s10_154_p_ic017.jpg</filename><folder>users/joselusava//valeria/m04_s10_154_ic</folder><source><submittedBy>Jose Saca</submittedBy></source><imagesize><nrows>2970</nrows><ncols>4451</ncols></imagesize><object><name>m4_s10_154_p_ic017</name><deleted>0</deleted><verified>0</verified><occluded>no</occluded><attributes></attributes><parts><hasparts></hasparts><ispartof></ispartof></parts><date>13-10-20 17:19:41:123</date><id>0</id><type>bounding_box</type><polygon><username>anonymous</username><pt><x>1058</x><y>2644</y><time>13-10-20 17:19:35:675</time></pt><pt><x>3116</x><y>2644</y><time>13-10-20 17:19:37:881</time></pt><pt><x>3116</x><y>399</y><time>undefined</time></pt><pt><x>1058</x><y>399</y><time>undefined</time></pt><closed_date>13-10-20 17:19:37:881</closed_date></polygon></object></annotation>