<annotation><filename>m4_s07_105_p_ic056.jpg</filename><folder>users/joselusava//kath/m4_105</folder><source><submittedBy>Jose Saca</submittedBy></source><imagesize><nrows>2970</nrows><ncols>4451</ncols></imagesize><object><name>m4_s07_105_p_ic056</name><deleted>0</deleted><verified>0</verified><occluded>no</occluded><attributes></attributes><parts><hasparts></hasparts><ispartof></ispartof></parts><date>29-10-20 08:26:02:980</date><id>0</id><type>bounding_box</type><polygon><username>anonymous</username><pt><x>1687</x><y>2763</y><time>29-10-20 08:25:57:388</time></pt><pt><x>2956</x><y>2763</y><time>29-10-20 08:25:59:956</time></pt><pt><x>2956</x><y>235</y><time>undefined</time></pt><pt><x>1687</x><y>235</y><time>undefined</time></pt><closed_date>29-10-20 08:25:59:956</closed_date></polygon></object></annotation>