<annotation><filename>m1_s06_186_p_ic051.jpg</filename><folder>users/joselusava//jacob_2/186ic</folder><source><submittedBy>Jose Saca</submittedBy></source><imagesize><nrows>2736</nrows><ncols>4100</ncols></imagesize><object><name>s06_186_p_ic051</name><deleted>0</deleted><verified>0</verified><occluded>no</occluded><attributes></attributes><parts><hasparts></hasparts><ispartof></ispartof></parts><date>09-09-20 11:35:36:909</date><id>0</id><type>bounding_box</type><polygon><username>anonymous</username><pt><x>761</x><y>2308</y><time>09-09-20 11:35:34:899</time></pt><pt><x>2995</x><y>2308</y><time>09-09-20 11:35:35:868</time></pt><pt><x>2995</x><y>25</y><time>undefined</time></pt><pt><x>761</x><y>25</y><time>undefined</time></pt><closed_date>09-09-20 11:35:35:868</closed_date></polygon></object></annotation>