<annotation><filename>m2_s01_001_p_ic014.jpg</filename><folder>users/joselusava//santiago</folder><source><submittedBy>Jose Saca</submittedBy></source><imagesize><nrows>2850</nrows><ncols>4271</ncols></imagesize><object><name>m2_s01_001_p_ic014</name><deleted>0</deleted><verified>0</verified><occluded>no</occluded><attributes></attributes><parts><hasparts></hasparts><ispartof></ispartof></parts><date>18-09-20 22:30:57:212</date><id>0</id><type>bounding_box</type><polygon><username>anonymous</username><pt><x>808</x><y>321</y><time>18-09-20 22:30:45:244</time></pt><pt><x>3430</x><y>321</y><time>18-09-20 22:30:49:213</time></pt><pt><x>3430</x><y>2622</y><time>undefined</time></pt><pt><x>808</x><y>2622</y><time>undefined</time></pt><closed_date>18-09-20 22:30:49:214</closed_date></polygon></object></annotation>