<annotation><filename>m2_s02_085_p_nic056.jpg</filename><folder>users/joselusava//m2_jsv/85/nic</folder><source><submittedBy>Jose Saca</submittedBy></source><imagesize><nrows>2910</nrows><ncols>4361</ncols></imagesize><object><name>m2_s02_085_p_nic056</name><deleted>0</deleted><verified>0</verified><occluded>no</occluded><attributes></attributes><parts><hasparts></hasparts><ispartof></ispartof></parts><date>19-09-20 22:47:48:367</date><id>0</id><type>bounding_box</type><polygon><username>anonymous</username><pt><x>3290</x><y>1097</y><time>19-09-20 22:47:46:298</time></pt><pt><x>4126</x><y>1097</y><time>19-09-20 22:47:47:341</time></pt><pt><x>4126</x><y>2019</y><time>undefined</time></pt><pt><x>3290</x><y>2019</y><time>undefined</time></pt><closed_date>19-09-20 22:47:47:342</closed_date></polygon></object></annotation>