<annotation><filename>m1_s06_141_p_nic049.jpg</filename><folder>users/joselusava//jacob_2/141nic</folder><source><submittedBy>Jose Saca</submittedBy></source><imagesize><nrows>2736</nrows><ncols>4100</ncols></imagesize><object><name>m1_s06_141_p_nic049</name><deleted>0</deleted><verified>0</verified><occluded>no</occluded><attributes></attributes><parts><hasparts></hasparts><ispartof></ispartof></parts><date>05-09-20 19:47:54:976</date><id>0</id><type>bounding_box</type><polygon><username>anonymous</username><pt><x>1361</x><y>807</y><time>05-09-20 19:47:51:861</time></pt><pt><x>269</x><y>807</y><time>05-09-20 19:47:54:367</time></pt><pt><x>269</x><y>2315</y><time>undefined</time></pt><pt><x>1361</x><y>2315</y><time>undefined</time></pt><closed_date>05-09-20 19:47:54:368</closed_date></polygon></object></annotation>