<annotation><filename>img_m1_s10_303_p_nic099.jpg</filename><folder>users/joselusava//santiago</folder><source><submittedBy>Jose Saca</submittedBy></source><imagesize><nrows>3200</nrows><ncols>4800</ncols></imagesize><object><name>m1_s10_303_p_nic099</name><deleted>0</deleted><verified>0</verified><occluded>no</occluded><attributes></attributes><parts><hasparts></hasparts><ispartof></ispartof></parts><date>01-09-20 23:23:34:408</date><id>0</id><type>bounding_box</type><polygon><username>anonymous</username><pt><x>3078</x><y>162</y><time>01-09-20 23:23:25:803</time></pt><pt><x>3924</x><y>162</y><time>01-09-20 23:23:27:548</time></pt><pt><x>3924</x><y>1274</y><time>undefined</time></pt><pt><x>3078</x><y>1274</y><time>undefined</time></pt><closed_date>01-09-20 23:23:27:550</closed_date></polygon></object></annotation>