<annotation><filename>m3_s01_010_p_ic034.jpg</filename><folder>users/joselusava//m4_js/m3/10/ic</folder><source><submittedBy>Jose Saca</submittedBy></source><imagesize><nrows>2970</nrows><ncols>4451</ncols></imagesize><object><name>m3_s01_010_p_ic034</name><deleted>0</deleted><verified>0</verified><occluded>no</occluded><attributes></attributes><parts><hasparts></hasparts><ispartof></ispartof></parts><date>29-10-20 12:39:26:585</date><id>0</id><type>bounding_box</type><polygon><username>anonymous</username><pt><x>4132</x><y>2630</y><time>29-10-20 12:39:24:656</time></pt><pt><x>405</x><y>2630</y><time>29-10-20 12:39:25:902</time></pt><pt><x>405</x><y>245</y><time>undefined</time></pt><pt><x>4132</x><y>245</y><time>undefined</time></pt><closed_date>29-10-20 12:39:25:903</closed_date></polygon></object></annotation>