<annotation><filename>m4_s12_185_p_ic013.jpg</filename><folder>users/joselusava//valeria/m04_s12_185_ic</folder><source><submittedBy>Jose Saca</submittedBy></source><imagesize><nrows>2910</nrows><ncols>4361</ncols></imagesize><object><name>m4_s12_185_p_ic013</name><deleted>0</deleted><verified>0</verified><occluded>no</occluded><attributes></attributes><parts><hasparts></hasparts><ispartof></ispartof></parts><date>17-10-20 14:39:41:048</date><id>0</id><type>bounding_box</type><polygon><username>anonymous</username><pt><x>638</x><y>2585</y><time>17-10-20 14:39:35:670</time></pt><pt><x>3419</x><y>2585</y><time>17-10-20 14:39:37:829</time></pt><pt><x>3419</x><y>285</y><time>undefined</time></pt><pt><x>638</x><y>285</y><time>undefined</time></pt><closed_date>17-10-20 14:39:37:830</closed_date></polygon></object></annotation>