<annotation><filename>m1_s01_021_p_ic013.jpg</filename><folder>users/joselusava//santiago</folder><source><submittedBy>Jose Saca</submittedBy></source><imagesize><nrows>3200</nrows><ncols>4800</ncols></imagesize><object><name>m1_s01_021_p_ic013</name><deleted>0</deleted><verified>0</verified><occluded>no</occluded><attributes></attributes><parts><hasparts></hasparts><ispartof></ispartof></parts><date>14-09-20 22:02:42:787</date><id>0</id><type>bounding_box</type><polygon><username>anonymous</username><pt><x>1843</x><y>842</y><time>14-09-20 22:02:33:454</time></pt><pt><x>2998</x><y>842</y><time>14-09-20 22:02:36:419</time></pt><pt><x>2998</x><y>2315</y><time>undefined</time></pt><pt><x>1843</x><y>2315</y><time>undefined</time></pt><closed_date>14-09-20 22:02:36:421</closed_date></polygon></object></annotation>