<annotation><filename>m1_s06_186_p_ic094.jpg</filename><folder>users/joselusava//jacob_2/186ic</folder><source><submittedBy>Jose Saca</submittedBy></source><imagesize><nrows>2736</nrows><ncols>4100</ncols></imagesize><object><name>s06_186_p_ic094</name><deleted>0</deleted><verified>0</verified><occluded>no</occluded><attributes></attributes><parts><hasparts></hasparts><ispartof></ispartof></parts><date>09-09-20 22:54:49:768</date><id>0</id><type>bounding_box</type><polygon><username>anonymous</username><pt><x>2496</x><y>115</y><time>09-09-20 22:54:47:574</time></pt><pt><x>835</x><y>115</y><time>09-09-20 22:54:49:082</time></pt><pt><x>835</x><y>2316</y><time>undefined</time></pt><pt><x>2496</x><y>2316</y><time>undefined</time></pt><closed_date>09-09-20 22:54:49:083</closed_date></polygon></object></annotation>