<annotation><filename>m4_s02_021_p_nic066.jpg</filename><folder>users/joselusava//santiago_2</folder><source><submittedBy>Jose Saca</submittedBy></source><imagesize><nrows>2910</nrows><ncols>4361</ncols></imagesize><object><name>m4_s02_021_p_nic066</name><deleted>0</deleted><verified>0</verified><occluded>no</occluded><attributes></attributes><parts><hasparts></hasparts><ispartof></ispartof></parts><date>05-10-20 11:23:09:258</date><id>0</id><type>bounding_box</type><polygon><username>anonymous</username><pt><x>239</x><y>395</y><time>05-10-20 11:23:05:578</time></pt><pt><x>1185</x><y>395</y><time>05-10-20 11:23:06:580</time></pt><pt><x>1185</x><y>2096</y><time>undefined</time></pt><pt><x>239</x><y>2096</y><time>undefined</time></pt><closed_date>05-10-20 11:23:06:581</closed_date></polygon></object></annotation>