<annotation><filename>m2_s01_056_p_nic049.jpg</filename><folder>users/joselusava//m2_jsv/56/nic</folder><source><submittedBy>Jose Saca</submittedBy></source><imagesize><nrows>2850</nrows><ncols>4271</ncols></imagesize><object><name>m2_s01_056_p_nic049</name><deleted>0</deleted><verified>0</verified><occluded>no</occluded><attributes></attributes><parts><hasparts></hasparts><ispartof></ispartof></parts><date>28-09-20 22:23:35:534</date><id>0</id><type>bounding_box</type><polygon><username>anonymous</username><pt><x>2675</x><y>2811</y><time>28-09-20 22:23:33:801</time></pt><pt><x>1265</x><y>2811</y><time>28-09-20 22:23:34:949</time></pt><pt><x>1265</x><y>1231</y><time>undefined</time></pt><pt><x>2675</x><y>1231</y><time>undefined</time></pt><closed_date>28-09-20 22:23:34:949</closed_date></polygon></object></annotation>