<annotation><filename>m2_s01_032_p_ic075.jpg</filename><folder>users/joselusava//santiago_2</folder><source><submittedBy>Jose Saca</submittedBy></source><imagesize><nrows>2850</nrows><ncols>4271</ncols></imagesize><object><name>m2_s01_032_p_ic075</name><deleted>0</deleted><verified>0</verified><occluded>no</occluded><attributes></attributes><parts><hasparts></hasparts><ispartof></ispartof></parts><date>30-09-20 16:56:01:337</date><id>0</id><type>bounding_box</type><polygon><username>anonymous</username><pt><x>1225</x><y>112</y><time>30-09-20 16:55:55:867</time></pt><pt><x>3087</x><y>112</y><time>30-09-20 16:55:58:529</time></pt><pt><x>3087</x><y>2731</y><time>undefined</time></pt><pt><x>1225</x><y>2731</y><time>undefined</time></pt><closed_date>30-09-20 16:55:58:530</closed_date></polygon></object></annotation>