<annotation><filename>m3_s01_002_p_nic054.jpg</filename><folder>users/joselusava//santiago_3</folder><source><submittedBy>Jose Saca</submittedBy></source><imagesize><nrows>2970</nrows><ncols>4451</ncols></imagesize><object><name>m3_s01_002_p_nic054</name><deleted>0</deleted><verified>0</verified><occluded>no</occluded><attributes></attributes><parts><hasparts></hasparts><ispartof></ispartof></parts><date>29-10-20 20:49:44:952</date><id>0</id><type>bounding_box</type><polygon><username>anonymous</username><pt><x>2120</x><y>1060</y><time>29-10-20 20:49:41:306</time></pt><pt><x>4209</x><y>1060</y><time>29-10-20 20:49:42:411</time></pt><pt><x>4209</x><y>2891</y><time>undefined</time></pt><pt><x>2120</x><y>2891</y><time>undefined</time></pt><closed_date>29-10-20 20:49:42:413</closed_date></polygon></object></annotation>