<annotation><filename>m4_s03_025_p_nic073.jpg</filename><folder>users/joselusava//santiago_3</folder><source><submittedBy>Jose Saca</submittedBy></source><imagesize><nrows>2910</nrows><ncols>4361</ncols></imagesize><object><name>m4_s03_025_p_nic073</name><deleted>0</deleted><verified>0</verified><occluded>no</occluded><attributes></attributes><parts><hasparts></hasparts><ispartof></ispartof></parts><date>08-11-20 14:02:49:689</date><id>0</id><type>bounding_box</type><polygon><username>anonymous</username><pt><x>133</x><y>895</y><time>08-11-20 14:02:45:104</time></pt><pt><x>3053</x><y>895</y><time>08-11-20 14:02:47:454</time></pt><pt><x>3053</x><y>2169</y><time>undefined</time></pt><pt><x>133</x><y>2169</y><time>undefined</time></pt><closed_date>08-11-20 14:02:47:456</closed_date></polygon></object></annotation>