<annotation><filename>m2_s03_201_p_ic035.jpg</filename><folder>users/joselusava//eg</folder><source><submittedBy>Jose Saca</submittedBy></source><imagesize><nrows>3000</nrows><ncols>4496</ncols></imagesize><object><name>m2_s03_201_p_ic035</name><deleted>0</deleted><verified>0</verified><occluded>no</occluded><attributes></attributes><parts><hasparts></hasparts><ispartof></ispartof></parts><date>17-09-20 06:50:28:618</date><id>0</id><type>bounding_box</type><polygon><username>anonymous</username><pt><x>1020</x><y>155</y><time>17-09-20 06:50:13:533</time></pt><pt><x>3133</x><y>155</y><time>17-09-20 06:50:17:324</time></pt><pt><x>3133</x><y>2719</y><time>undefined</time></pt><pt><x>1020</x><y>2719</y><time>undefined</time></pt><closed_date>17-09-20 06:50:17:325</closed_date></polygon></object></annotation>