<annotation><filename>m2_s02_085_p_nic065.jpg</filename><folder>users/joselusava//m2_jsv/85/nic</folder><source><submittedBy>Jose Saca</submittedBy></source><imagesize><nrows>2910</nrows><ncols>4361</ncols></imagesize><object><name>m2_s02_085_p_nic065</name><deleted>0</deleted><verified>0</verified><occluded>no</occluded><attributes></attributes><parts><hasparts></hasparts><ispartof></ispartof></parts><date>19-09-20 22:50:28:719</date><id>0</id><type>bounding_box</type><polygon><username>anonymous</username><pt><x>644</x><y>287</y><time>19-09-20 22:50:27:025</time></pt><pt><x>1384</x><y>287</y><time>19-09-20 22:50:28:117</time></pt><pt><x>1384</x><y>1105</y><time>undefined</time></pt><pt><x>644</x><y>1105</y><time>undefined</time></pt><closed_date>19-09-20 22:50:28:117</closed_date></polygon></object></annotation>