<annotation><filename>m2_s02_129_p_nic052.jpg</filename><folder>users/joselusava//m2_jsv/129/nic</folder><source><submittedBy>Jose Saca</submittedBy></source><imagesize><nrows>2910</nrows><ncols>4361</ncols></imagesize><object><name>m2_s02_129_p_nic052</name><deleted>0</deleted><verified>0</verified><occluded>no</occluded><attributes></attributes><parts><hasparts></hasparts><ispartof></ispartof></parts><date>25-09-20 07:55:21:035</date><id>0</id><type>bounding_box</type><polygon><username>anonymous</username><pt><x>1288</x><y>1784</y><time>25-09-20 07:55:18:066</time></pt><pt><x>313</x><y>1784</y><time>25-09-20 07:55:19:988</time></pt><pt><x>313</x><y>862</y><time>undefined</time></pt><pt><x>1288</x><y>862</y><time>undefined</time></pt><closed_date>25-09-20 07:55:19:989</closed_date></polygon></object></annotation>