<annotation><filename>m1_s02_036_p_ic003.jpg</filename><folder>users/joselusava//valeria/sala2_036_ic</folder><source><submittedBy>Jose Saca</submittedBy></source><imagesize><nrows>3200</nrows><ncols>4800</ncols></imagesize><object><name>m1_s01_036_p_ic003</name><deleted>0</deleted><verified>0</verified><occluded>no</occluded><attributes></attributes><parts><hasparts></hasparts><ispartof></ispartof></parts><date>23-08-20 01:07:52:386</date><id>0</id><type>bounding_box</type><polygon><username>anonymous</username><pt><x>1208</x><y>612</y><time>23-08-20 01:07:46:163</time></pt><pt><x>3726</x><y>612</y><time>23-08-20 01:07:48:764</time></pt><pt><x>3726</x><y>2846</y><time>undefined</time></pt><pt><x>1208</x><y>2846</y><time>undefined</time></pt><closed_date>23-08-20 01:07:48:765</closed_date></polygon></object></annotation>