<annotation><filename>m3_s01_002_p_ic053.jpg</filename><folder>users/joselusava//santiago_3</folder><source><submittedBy>Jose Saca</submittedBy></source><imagesize><nrows>2970</nrows><ncols>4451</ncols></imagesize><object><name>m3_s01_002_p_ic053</name><deleted>0</deleted><verified>0</verified><occluded>no</occluded><attributes></attributes><parts><hasparts></hasparts><ispartof></ispartof></parts><date>28-10-20 19:21:34:458</date><id>0</id><type>bounding_box</type><polygon><username>anonymous</username><pt><x>1214</x><y>157</y><time>28-10-20 19:21:31:416</time></pt><pt><x>3291</x><y>157</y><time>28-10-20 19:21:32:584</time></pt><pt><x>3291</x><y>2381</y><time>undefined</time></pt><pt><x>1214</x><y>2381</y><time>undefined</time></pt><closed_date>28-10-20 19:21:32:585</closed_date></polygon></object></annotation>