<annotation><filename>m4_s05_060_p_ic100.jpg</filename><folder>users/joselusava//m4_js/60/ic</folder><source><submittedBy>Jose Saca</submittedBy></source><imagesize><nrows>2910</nrows><ncols>4361</ncols></imagesize><object><name>m4_s05_060_p_ic100</name><deleted>0</deleted><verified>0</verified><occluded>no</occluded><attributes></attributes><parts><hasparts></hasparts><ispartof></ispartof></parts><date>13-10-20 16:12:10:209</date><id>0</id><type>bounding_box</type><polygon><username>anonymous</username><pt><x>4056</x><y>2446</y><time>13-10-20 16:12:07:740</time></pt><pt><x>104</x><y>2446</y><time>13-10-20 16:12:09:345</time></pt><pt><x>104</x><y>339</y><time>undefined</time></pt><pt><x>4056</x><y>339</y><time>undefined</time></pt><closed_date>13-10-20 16:12:09:346</closed_date></polygon></object></annotation>