<annotation><filename>m2_s01_024_p_ic056.jpg</filename><folder>users/joselusava//santiago</folder><source><submittedBy>Jose Saca</submittedBy></source><imagesize><nrows>2850</nrows><ncols>4271</ncols></imagesize><object><name>m2_s01_024_p_ic056</name><deleted>0</deleted><verified>0</verified><occluded>no</occluded><attributes></attributes><parts><hasparts></hasparts><ispartof></ispartof></parts><date>24-09-20 22:22:12:729</date><id>0</id><type>bounding_box</type><polygon><username>anonymous</username><pt><x>1366</x><y>103</y><time>24-09-20 22:22:02:937</time></pt><pt><x>2821</x><y>103</y><time>24-09-20 22:22:05:409</time></pt><pt><x>2821</x><y>2715</y><time>undefined</time></pt><pt><x>1366</x><y>2715</y><time>undefined</time></pt><closed_date>24-09-20 22:22:05:411</closed_date></polygon></object></annotation>