<annotation><filename>m4_s10_157_p_ic065.jpg</filename><folder>users/joselusava//valeria/m04_s10_157_ic</folder><source><submittedBy>Jose Saca</submittedBy></source><imagesize><nrows>2970</nrows><ncols>4451</ncols></imagesize><object><name>m4_s10_157_p_ic065</name><deleted>0</deleted><verified>0</verified><occluded>no</occluded><attributes></attributes><parts><hasparts></hasparts><ispartof></ispartof></parts><date>12-10-20 17:57:34:767</date><id>0</id><type>bounding_box</type><polygon><username>anonymous</username><pt><x>3291</x><y>2773</y><time>12-10-20 17:57:23:914</time></pt><pt><x>1209</x><y>2773</y><time>12-10-20 17:57:26:513</time></pt><pt><x>1209</x><y>259</y><time>undefined</time></pt><pt><x>3291</x><y>259</y><time>undefined</time></pt><closed_date>12-10-20 17:57:26:514</closed_date></polygon></object></annotation>