<annotation><filename>m2_s03_201_p_nic069.jpg</filename><folder>users/joselusava//valeria/m2_sala03_201_nic</folder><source><submittedBy>Jose Saca</submittedBy></source><imagesize><nrows>2910</nrows><ncols>4361</ncols></imagesize><object><name>m2_s03_201_p_nic069</name><deleted>0</deleted><verified>0</verified><occluded>no</occluded><attributes></attributes><parts><hasparts></hasparts><ispartof></ispartof></parts><date>29-09-20 23:46:12:783</date><id>0</id><type>bounding_box</type><polygon><username>anonymous</username><pt><x>3092</x><y>2877</y><time>29-09-20 23:46:06:802</time></pt><pt><x>1422</x><y>2877</y><time>29-09-20 23:46:09:113</time></pt><pt><x>1422</x><y>805</y><time>undefined</time></pt><pt><x>3092</x><y>805</y><time>undefined</time></pt><closed_date>29-09-20 23:46:09:114</closed_date></polygon></object></annotation>