<annotation><filename>m2_s06_244_p_ic060.jpg</filename><folder>users/joselusava//museos2020</folder><source><submittedBy>Jose Saca</submittedBy></source><imagesize><nrows>2910</nrows><ncols>4361</ncols></imagesize><object><name>m2_s06_244_p_ic060</name><deleted>0</deleted><verified>0</verified><occluded>no</occluded><attributes></attributes><parts><hasparts></hasparts><ispartof></ispartof></parts><date>22-09-20 14:30:19:248</date><id>0</id><type>bounding_box</type><polygon><username>anonymous</username><pt><x>1025</x><y>968</y><time>22-09-20 14:30:11:190</time></pt><pt><x>3684</x><y>968</y><time>22-09-20 14:30:12:708</time></pt><pt><x>3684</x><y>2236</y><time>undefined</time></pt><pt><x>1025</x><y>2236</y><time>undefined</time></pt><closed_date>22-09-20 14:30:12:709</closed_date></polygon></object></annotation>