<annotation><filename>m1_s01_017_p_ic020.jpg</filename><folder>users/joselusava//santiago</folder><source><submittedBy>Jose Saca</submittedBy></source><imagesize><nrows>3200</nrows><ncols>4800</ncols></imagesize><object><name>m1_s01_017_p_ic020</name><deleted>0</deleted><verified>0</verified><occluded>no</occluded><attributes></attributes><parts><hasparts></hasparts><ispartof></ispartof></parts><date>10-09-20 14:24:44:885</date><id>0</id><type>bounding_box</type><polygon><username>anonymous</username><pt><x>1681</x><y>1044</y><time>10-09-20 14:24:33:936</time></pt><pt><x>3135</x><y>1044</y><time>10-09-20 14:24:35:901</time></pt><pt><x>3135</x><y>2174</y><time>undefined</time></pt><pt><x>1681</x><y>2174</y><time>undefined</time></pt><closed_date>10-09-20 14:24:35:902</closed_date></polygon></object></annotation>