<annotation><filename>m4_s04_045_p_nic066.jpg</filename><folder>users/joselusava//valeria/m04_s04_45_nic</folder><source><submittedBy>Jose Saca</submittedBy></source><imagesize><nrows>2970</nrows><ncols>4451</ncols></imagesize><object><name>m4_s04_045_p_nic066</name><deleted>0</deleted><verified>0</verified><occluded>no</occluded><attributes></attributes><parts><hasparts></hasparts><ispartof></ispartof></parts><date>20-10-20 15:24:11:364</date><id>0</id><type>bounding_box</type><polygon><username>anonymous</username><pt><x>577</x><y>2713</y><time>20-10-20 15:24:06:864</time></pt><pt><x>1085</x><y>2713</y><time>20-10-20 15:24:08:346</time></pt><pt><x>1085</x><y>1948</y><time>undefined</time></pt><pt><x>577</x><y>1948</y><time>undefined</time></pt><closed_date>20-10-20 15:24:08:347</closed_date></polygon></object></annotation>