<annotation><filename>m4_s11_178_p_nic065.jpg</filename><folder>users/joselusava//santiago_2</folder><source><submittedBy>Jose Saca</submittedBy></source><imagesize><nrows>2970</nrows><ncols>4451</ncols></imagesize><object><name>m4_s11_178_p_nic065</name><deleted>0</deleted><verified>0</verified><occluded>no</occluded><attributes></attributes><parts><hasparts></hasparts><ispartof></ispartof></parts><date>16-10-20 11:27:56:739</date><id>0</id><type>bounding_box</type><polygon><username>anonymous</username><pt><x>507</x><y>714</y><time>16-10-20 11:27:51:799</time></pt><pt><x>1685</x><y>714</y><time>16-10-20 11:27:53:581</time></pt><pt><x>1685</x><y>1988</y><time>undefined</time></pt><pt><x>507</x><y>1988</y><time>undefined</time></pt><closed_date>16-10-20 11:27:53:582</closed_date></polygon></object></annotation>