<annotation><filename>m4_s06_089_p.jpg</filename><folder>users/joselusava//santiago_2</folder><source><submittedBy>Jose Saca</submittedBy></source><imagesize><nrows>2970</nrows><ncols>4451</ncols></imagesize><object><name>m4_s06_089_p</name><deleted>0</deleted><verified>0</verified><occluded>no</occluded><attributes></attributes><parts><hasparts></hasparts><ispartof></ispartof></parts><date>10-10-20 22:15:55:825</date><id>0</id><type>bounding_box</type><polygon><username>anonymous</username><pt><x>1273</x><y>371</y><time>10-10-20 22:15:34:779</time></pt><pt><x>3030</x><y>371</y><time>10-10-20 22:15:36:533</time></pt><pt><x>3030</x><y>2432</y><time>undefined</time></pt><pt><x>1273</x><y>2432</y><time>undefined</time></pt><closed_date>10-10-20 22:15:36:534</closed_date></polygon></object></annotation>