<annotation><filename>m2_s06_250_p_ic079.jpg</filename><folder>users/joselusava//valeria/m2_sala06_250_ic</folder><source><submittedBy>Jose Saca</submittedBy></source><imagesize><nrows>2910</nrows><ncols>4361</ncols></imagesize><object><name>m2_s06_250_p_ic078</name><deleted>0</deleted><verified>0</verified><occluded>no</occluded><attributes></attributes><parts><hasparts></hasparts><ispartof></ispartof></parts><date>01-10-20 00:10:16:066</date><id>0</id><type>bounding_box</type><polygon><username>anonymous</username><pt><x>314</x><y>1714</y><time>01-10-20 00:10:05:651</time></pt><pt><x>4211</x><y>1714</y><time>01-10-20 00:10:10:551</time></pt><pt><x>4211</x><y>750</y><time>undefined</time></pt><pt><x>314</x><y>750</y><time>undefined</time></pt><closed_date>01-10-20 00:10:10:553</closed_date></polygon></object></annotation>