<annotation><filename>m2_s07_264_p_nic004.jpg</filename><folder>users/joselusava//valeria/sala7_264_nic</folder><source><submittedBy>Jose Saca</submittedBy></source><imagesize><nrows>2910</nrows><ncols>4361</ncols></imagesize><object><name>m2_s07_264_p_nic004</name><deleted>0</deleted><verified>0</verified><occluded>no</occluded><attributes></attributes><parts><hasparts></hasparts><ispartof></ispartof></parts><date>23-09-20 19:17:35:875</date><id>0</id><type>bounding_box</type><polygon><username>anonymous</username><pt><x>160</x><y>2232</y><time>23-09-20 19:17:31:062</time></pt><pt><x>1433</x><y>2232</y><time>23-09-20 19:17:33:074</time></pt><pt><x>1433</x><y>507</y><time>undefined</time></pt><pt><x>160</x><y>507</y><time>undefined</time></pt><closed_date>23-09-20 19:17:33:075</closed_date></polygon></object></annotation>