<annotation><filename>m2_s03_201_p_ic010.jpg</filename><folder>users/joselusava//eg</folder><source><submittedBy>Jose Saca</submittedBy></source><imagesize><nrows>3000</nrows><ncols>4496</ncols></imagesize><object><name>m2_s03_219_p_ic010</name><deleted>0</deleted><verified>0</verified><occluded>no</occluded><attributes></attributes><parts><hasparts></hasparts><ispartof></ispartof></parts><date>16-09-20 12:35:09:893</date><id>0</id><type>bounding_box</type><polygon><username>anonymous</username><pt><x>901</x><y>111</y><time>16-09-20 12:34:56:196</time></pt><pt><x>3857</x><y>111</y><time>16-09-20 12:34:57:600</time></pt><pt><x>3857</x><y>2830</y><time>undefined</time></pt><pt><x>901</x><y>2830</y><time>undefined</time></pt><closed_date>16-09-20 12:34:57:601</closed_date></polygon></object></annotation>