<annotation><filename>m4_s04_037_p_nic100.jpg</filename><folder>users/joselusava//santiago_2</folder><source><submittedBy>Jose Saca</submittedBy></source><imagesize><nrows>2970</nrows><ncols>4451</ncols></imagesize><object><name>m4_s04_037_p_nic100</name><deleted>0</deleted><verified>0</verified><occluded>no</occluded><attributes></attributes><parts><hasparts></hasparts><ispartof></ispartof></parts><date>19-10-20 23:02:36:578</date><id>0</id><type>bounding_box</type><polygon><username>anonymous</username><pt><x>803</x><y>289</y><time>19-10-20 23:02:33:413</time></pt><pt><x>1674</x><y>289</y><time>19-10-20 23:02:34:366</time></pt><pt><x>1674</x><y>1531</y><time>undefined</time></pt><pt><x>803</x><y>1531</y><time>undefined</time></pt><closed_date>19-10-20 23:02:34:367</closed_date></polygon></object></annotation>