<annotation><filename>m4_s11_176_p_ic016.jpg</filename><folder>users/joselusava//m4_js/176/ic</folder><source><submittedBy>Jose Saca</submittedBy></source><imagesize><nrows>2970</nrows><ncols>4451</ncols></imagesize><object><name>m4_s11_176_p_ic016</name><deleted>0</deleted><verified>0</verified><occluded>no</occluded><attributes></attributes><parts><hasparts></hasparts><ispartof></ispartof></parts><date>14-10-20 16:34:02:311</date><id>0</id><type>bounding_box</type><polygon><username>anonymous</username><pt><x>3083</x><y>2292</y><time>14-10-20 16:34:00:534</time></pt><pt><x>1093</x><y>2292</y><time>14-10-20 16:34:01:731</time></pt><pt><x>1093</x><y>444</y><time>undefined</time></pt><pt><x>3083</x><y>444</y><time>undefined</time></pt><closed_date>14-10-20 16:34:01:731</closed_date></polygon></object></annotation>