<annotation><filename>m4_s05_060_p_ic093.jpg</filename><folder>users/joselusava//m4_js/60/ic</folder><source><submittedBy>Jose Saca</submittedBy></source><imagesize><nrows>2910</nrows><ncols>4361</ncols></imagesize><object><name>m4_s05_060_p_ic093</name><deleted>0</deleted><verified>0</verified><occluded>no</occluded><attributes></attributes><parts><hasparts></hasparts><ispartof></ispartof></parts><date>13-10-20 16:09:29:328</date><id>0</id><type>bounding_box</type><polygon><username>anonymous</username><pt><x>4309</x><y>2420</y><time>13-10-20 16:09:27:197</time></pt><pt><x>165</x><y>2420</y><time>13-10-20 16:09:28:662</time></pt><pt><x>165</x><y>427</y><time>undefined</time></pt><pt><x>4309</x><y>427</y><time>undefined</time></pt><closed_date>13-10-20 16:09:28:662</closed_date></polygon></object></annotation>