<annotation><filename>m1_s02_036_p_nic096.jpg</filename><folder>users/joselusava//valeria/sala2_036_nic</folder><source><submittedBy>Jose Saca</submittedBy></source><imagesize><nrows>3200</nrows><ncols>4800</ncols></imagesize><object><name>m1_s02_036_p_nic096</name><deleted>0</deleted><verified>0</verified><occluded>no</occluded><attributes></attributes><parts><hasparts></hasparts><ispartof></ispartof></parts><date>27-08-20 13:13:04:790</date><id>0</id><type>bounding_box</type><polygon><username>anonymous</username><pt><x>1627</x><y>2089</y><time>27-08-20 13:13:00:373</time></pt><pt><x>311</x><y>2089</y><time>27-08-20 13:13:02:041</time></pt><pt><x>311</x><y>1020</y><time>undefined</time></pt><pt><x>1627</x><y>1020</y><time>undefined</time></pt><closed_date>27-08-20 13:13:02:042</closed_date></polygon></object></annotation>