<annotation><filename>m1_s02_065_p_ic028.jpg</filename><folder>users/joselusava//valeria/sala2_065_ic</folder><source><submittedBy>Jose Saca</submittedBy></source><imagesize><nrows>2000</nrows><ncols>2992</ncols></imagesize><object><name>m1_s02_065_p_ic028</name><deleted>0</deleted><verified>0</verified><occluded>no</occluded><attributes></attributes><parts><hasparts></hasparts><ispartof></ispartof></parts><date>25-08-20 22:21:00:378</date><id>0</id><type>bounding_box</type><polygon><username>anonymous</username><pt><x>262</x><y>91</y><time>25-08-20 22:20:51:358</time></pt><pt><x>2842</x><y>91</y><time>25-08-20 22:20:57:002</time></pt><pt><x>2842</x><y>1708</y><time>undefined</time></pt><pt><x>262</x><y>1708</y><time>undefined</time></pt><closed_date>25-08-20 22:20:57:003</closed_date></polygon></object></annotation>