<annotation><filename>m4_s06_089_p_ic016.jpg</filename><folder>users/joselusava//santiago_2</folder><source><submittedBy>Jose Saca</submittedBy></source><imagesize><nrows>2970</nrows><ncols>4451</ncols></imagesize><object><name>m4_s06_089_p_ic016</name><deleted>0</deleted><verified>0</verified><occluded>no</occluded><attributes></attributes><parts><hasparts></hasparts><ispartof></ispartof></parts><date>10-10-20 22:43:34:873</date><id>0</id><type>bounding_box</type><polygon><username>anonymous</username><pt><x>1312</x><y>375</y><time>10-10-20 22:43:29:445</time></pt><pt><x>3133</x><y>375</y><time>10-10-20 22:43:30:913</time></pt><pt><x>3133</x><y>2429</y><time>undefined</time></pt><pt><x>1312</x><y>2429</y><time>undefined</time></pt><closed_date>10-10-20 22:43:30:914</closed_date></polygon></object></annotation>