<annotation><filename>m2_s02_085_p_ic056.jpg</filename><folder>users/joselusava//m2_jsv/85/ic</folder><source><submittedBy>Jose Saca</submittedBy></source><imagesize><nrows>2910</nrows><ncols>4361</ncols></imagesize><object><name>m2_s02_085_p_ic056</name><deleted>0</deleted><verified>0</verified><occluded>no</occluded><attributes></attributes><parts><hasparts></hasparts><ispartof></ispartof></parts><date>17-09-20 19:56:28:665</date><id>0</id><type>bounding_box</type><polygon><username>anonymous</username><pt><x>1454</x><y>1027</y><time>17-09-20 19:56:26:881</time></pt><pt><x>2785</x><y>1027</y><time>17-09-20 19:56:28:042</time></pt><pt><x>2785</x><y>2254</y><time>undefined</time></pt><pt><x>1454</x><y>2254</y><time>undefined</time></pt><closed_date>17-09-20 19:56:28:042</closed_date></polygon></object></annotation>