<annotation><filename>m2_s06_244_p_nic087.jpg</filename><folder>users/joselusava//museos2020</folder><source><submittedBy>Jose Saca</submittedBy></source><imagesize><nrows>2910</nrows><ncols>4361</ncols></imagesize><object><name>m2_s06_244_p_ic087</name><deleted>0</deleted><verified>0</verified><occluded>no</occluded><attributes></attributes><parts><hasparts></hasparts><ispartof></ispartof></parts><date>26-09-20 22:00:34:772</date><id>0</id><type>bounding_box</type><polygon><username>anonymous</username><pt><x>139</x><y>1074</y><time>26-09-20 22:00:24:791</time></pt><pt><x>1794</x><y>1074</y><time>26-09-20 22:00:26:712</time></pt><pt><x>1794</x><y>1790</y><time>undefined</time></pt><pt><x>139</x><y>1790</y><time>undefined</time></pt><closed_date>26-09-20 22:00:26:713</closed_date></polygon></object></annotation>