<annotation><filename>m2_s01_024_p_nic025.jpg</filename><folder>users/joselusava//santiago</folder><source><submittedBy>Jose Saca</submittedBy></source><imagesize><nrows>2850</nrows><ncols>4271</ncols></imagesize><object><name>m2_s01_024_p_nic025</name><deleted>0</deleted><verified>0</verified><occluded>no</occluded><attributes></attributes><parts><hasparts></hasparts><ispartof></ispartof></parts><date>25-09-20 13:52:55:060</date><id>0</id><type>bounding_box</type><polygon><username>anonymous</username><pt><x>2684</x><y>322</y><time>25-09-20 13:52:47:276</time></pt><pt><x>3552</x><y>322</y><time>25-09-20 13:52:48:871</time></pt><pt><x>3552</x><y>1659</y><time>undefined</time></pt><pt><x>2684</x><y>1659</y><time>undefined</time></pt><closed_date>25-09-20 13:52:48:872</closed_date></polygon></object></annotation>