<annotation><filename>m2_s03_201_p_nic016.jpg</filename><folder>users/joselusava//valeria/m2_sala03_201_nic</folder><source><submittedBy>Jose Saca</submittedBy></source><imagesize><nrows>2910</nrows><ncols>4361</ncols></imagesize><object><name>m2_s03_201_p_nic016</name><deleted>0</deleted><verified>0</verified><occluded>no</occluded><attributes></attributes><parts><hasparts></hasparts><ispartof></ispartof></parts><date>29-09-20 22:52:13:556</date><id>0</id><type>bounding_box</type><polygon><username>anonymous</username><pt><x>2574</x><y>1047</y><time>29-09-20 22:52:05:606</time></pt><pt><x>1069</x><y>1047</y><time>29-09-20 22:52:09:535</time></pt><pt><x>1069</x><y>2888</y><time>undefined</time></pt><pt><x>2574</x><y>2888</y><time>undefined</time></pt><closed_date>29-09-20 22:52:09:537</closed_date></polygon></object></annotation>