<annotation><filename>m4_s04_037_p_nic060.jpg</filename><folder>users/joselusava//santiago_2</folder><source><submittedBy>Jose Saca</submittedBy></source><imagesize><nrows>2970</nrows><ncols>4451</ncols></imagesize><object><name>m4_s04_037_p_nic060</name><deleted>0</deleted><verified>0</verified><occluded>no</occluded><attributes></attributes><parts><hasparts></hasparts><ispartof></ispartof></parts><date>19-10-20 22:33:46:018</date><id>0</id><type>bounding_box</type><polygon><username>anonymous</username><pt><x>3430</x><y>789</y><time>19-10-20 22:33:42:051</time></pt><pt><x>4202</x><y>789</y><time>19-10-20 22:33:43:236</time></pt><pt><x>4202</x><y>1813</y><time>undefined</time></pt><pt><x>3430</x><y>1813</y><time>undefined</time></pt><closed_date>19-10-20 22:33:43:237</closed_date></polygon></object></annotation>