<annotation><filename>m2_s01_056_p_nic021.jpg</filename><folder>users/joselusava//m2_jsv/56/nic</folder><source><submittedBy>Jose Saca</submittedBy></source><imagesize><nrows>2850</nrows><ncols>4271</ncols></imagesize><object><name>m2_s01_056_p_nic021</name><deleted>0</deleted><verified>0</verified><occluded>no</occluded><attributes></attributes><parts><hasparts></hasparts><ispartof></ispartof></parts><date>28-09-20 22:14:42:148</date><id>0</id><type>bounding_box</type><polygon><username>anonymous</username><pt><x>2225</x><y>2836</y><time>28-09-20 22:14:39:950</time></pt><pt><x>611</x><y>2836</y><time>28-09-20 22:14:41:485</time></pt><pt><x>611</x><y>1265</y><time>undefined</time></pt><pt><x>2225</x><y>1265</y><time>undefined</time></pt><closed_date>28-09-20 22:14:41:486</closed_date></polygon></object></annotation>