<annotation><filename>img_m1_s10_303_p_nic073.jpg</filename><folder>users/joselusava//santiago</folder><source><submittedBy>Jose Saca</submittedBy></source><imagesize><nrows>3200</nrows><ncols>4800</ncols></imagesize><object><name>m1_s10_303_p_nic073</name><deleted>0</deleted><verified>0</verified><occluded>no</occluded><attributes></attributes><parts><hasparts></hasparts><ispartof></ispartof></parts><date>01-09-20 22:28:15:777</date><id>0</id><type>bounding_box</type><polygon><username>anonymous</username><pt><x>544</x><y>346</y><time>01-09-20 22:28:07:139</time></pt><pt><x>1703</x><y>346</y><time>01-09-20 22:28:08:935</time></pt><pt><x>1703</x><y>1339</y><time>undefined</time></pt><pt><x>544</x><y>1339</y><time>undefined</time></pt><closed_date>01-09-20 22:28:08:935</closed_date></polygon></object></annotation>