<annotation><filename>m4_s04_039_p_nic086.jpg</filename><folder>users/joselusava//santiago_2</folder><source><submittedBy>Jose Saca</submittedBy></source><imagesize><nrows>2970</nrows><ncols>4451</ncols></imagesize><object><name>m4_s04_039_p_nic086</name><deleted>0</deleted><verified>0</verified><occluded>no</occluded><attributes></attributes><parts><hasparts></hasparts><ispartof></ispartof></parts><date>21-10-20 22:19:08:107</date><id>0</id><type>bounding_box</type><polygon><username>anonymous</username><pt><x>1292</x><y>1067</y><time>21-10-20 22:19:04:952</time></pt><pt><x>1813</x><y>1067</y><time>21-10-20 22:19:05:952</time></pt><pt><x>1813</x><y>2899</y><time>undefined</time></pt><pt><x>1292</x><y>2899</y><time>undefined</time></pt><closed_date>21-10-20 22:19:05:953</closed_date></polygon></object></annotation>