<annotation><filename>m3_s01_002_p_ic007.jpg</filename><folder>users/joselusava//santiago_3</folder><source><submittedBy>Jose Saca</submittedBy></source><imagesize><nrows>2970</nrows><ncols>4451</ncols></imagesize><object><name>m3_s01_002_p_ic007</name><deleted>0</deleted><verified>0</verified><occluded>no</occluded><attributes></attributes><parts><hasparts></hasparts><ispartof></ispartof></parts><date>28-10-20 17:20:52:666</date><id>0</id><type>bounding_box</type><polygon><username>anonymous</username><pt><x>557</x><y>211</y><time>28-10-20 17:20:47:941</time></pt><pt><x>3595</x><y>211</y><time>28-10-20 17:20:50:275</time></pt><pt><x>3595</x><y>2645</y><time>undefined</time></pt><pt><x>557</x><y>2645</y><time>undefined</time></pt><closed_date>28-10-20 17:20:50:275</closed_date></polygon></object></annotation>