<annotation><filename>m2_s02_085_p_ic053.jpg</filename><folder>users/joselusava//m2_jsv/85/ic</folder><source><submittedBy>Jose Saca</submittedBy></source><imagesize><nrows>2910</nrows><ncols>4361</ncols></imagesize><object><name>m2_s02_085_p_ic053</name><deleted>0</deleted><verified>0</verified><occluded>no</occluded><attributes></attributes><parts><hasparts></hasparts><ispartof></ispartof></parts><date>17-09-20 19:55:33:822</date><id>0</id><type>bounding_box</type><polygon><username>anonymous</username><pt><x>1541</x><y>1097</y><time>17-09-20 19:55:31:826</time></pt><pt><x>2655</x><y>1097</y><time>17-09-20 19:55:33:307</time></pt><pt><x>2655</x><y>2376</y><time>undefined</time></pt><pt><x>1541</x><y>2376</y><time>undefined</time></pt><closed_date>17-09-20 19:55:33:308</closed_date></polygon></object></annotation>