<annotation><filename>m1_s01_021_p_ic020.jpg</filename><folder>users/joselusava//santiago</folder><source><submittedBy>Jose Saca</submittedBy></source><imagesize><nrows>3200</nrows><ncols>4800</ncols></imagesize><object><name>m1_s01_021_p_ic020</name><deleted>0</deleted><verified>0</verified><occluded>no</occluded><attributes></attributes><parts><hasparts></hasparts><ispartof></ispartof></parts><date>14-09-20 22:23:22:662</date><id>0</id><type>bounding_box</type><polygon><username>anonymous</username><pt><x>1850</x><y>788</y><time>14-09-20 22:23:13:227</time></pt><pt><x>3067</x><y>788</y><time>14-09-20 22:23:15:871</time></pt><pt><x>3067</x><y>2642</y><time>undefined</time></pt><pt><x>1850</x><y>2642</y><time>undefined</time></pt><closed_date>14-09-20 22:23:15:872</closed_date></polygon></object></annotation>