<annotation><filename>m4_s03_025_p_nic035.jpg</filename><folder>users/joselusava//santiago_3</folder><source><submittedBy>Jose Saca</submittedBy></source><imagesize><nrows>2910</nrows><ncols>4361</ncols></imagesize><object><name>m4_s03_025_p_nic035</name><deleted>0</deleted><verified>0</verified><occluded>no</occluded><attributes></attributes><parts><hasparts></hasparts><ispartof></ispartof></parts><date>07-11-20 23:50:25:642</date><id>0</id><type>bounding_box</type><polygon><username>anonymous</username><pt><x>1577</x><y>1168</y><time>07-11-20 23:50:18:916</time></pt><pt><x>4092</x><y>1168</y><time>07-11-20 23:50:20:170</time></pt><pt><x>4092</x><y>2347</y><time>undefined</time></pt><pt><x>1577</x><y>2347</y><time>undefined</time></pt><closed_date>07-11-20 23:50:20:171</closed_date></polygon></object></annotation>