<annotation><filename>m4_s03_030_x.jpg</filename><folder>users/joselusava//kath/m4_x</folder><source><submittedBy>Jose Saca</submittedBy></source><imagesize><nrows>3899</nrows><ncols>5844</ncols></imagesize><object><name>m4_s03_030_x</name><deleted>0</deleted><verified>0</verified><occluded>no</occluded><attributes></attributes><parts><hasparts></hasparts><ispartof></ispartof></parts><date>24-10-20 12:12:45:331</date><id>0</id><polygon><username>anonymous</username><pt><x>959</x><y>479</y><time>24-10-20 12:12:38:858</time></pt><pt><x>574</x><y>3003</y><time>24-10-20 12:12:39:811</time></pt><pt><x>5022</x><y>2953</y><time>24-10-20 12:12:40:969</time></pt><pt><x>4555</x><y>562</y><time>24-10-20 12:12:42:013</time></pt><closed_date>24-10-20 12:12:43:186</closed_date></polygon></object></annotation>