<annotation><filename>m4_s10_157_p_ic047.jpg</filename><folder>users/joselusava//valeria/m04_s10_157_ic</folder><source><submittedBy>Jose Saca</submittedBy></source><imagesize><nrows>2970</nrows><ncols>4451</ncols></imagesize><object><name>m4_s10_157_p_ic047</name><deleted>0</deleted><verified>0</verified><occluded>no</occluded><attributes></attributes><parts><hasparts></hasparts><ispartof></ispartof></parts><date>12-10-20 17:37:45:711</date><id>0</id><type>bounding_box</type><polygon><username>anonymous</username><pt><x>979</x><y>2824</y><time>12-10-20 17:37:39:488</time></pt><pt><x>3212</x><y>2824</y><time>12-10-20 17:37:41:434</time></pt><pt><x>3212</x><y>208</y><time>undefined</time></pt><pt><x>979</x><y>208</y><time>undefined</time></pt><closed_date>12-10-20 17:37:41:435</closed_date></polygon></object></annotation>