<annotation><filename>m1_s01_021_p_nic061.jpg</filename><folder>users/joselusava//santiago</folder><source><submittedBy>Jose Saca</submittedBy></source><imagesize><nrows>3200</nrows><ncols>4800</ncols></imagesize><object><name>m1_s01_021_p_nic061</name><deleted>0</deleted><verified>0</verified><occluded>no</occluded><attributes></attributes><parts><hasparts></hasparts><ispartof></ispartof></parts><date>16-09-20 18:13:13:961</date><id>0</id><type>bounding_box</type><polygon><username>anonymous</username><pt><x>310</x><y>763</y><time>16-09-20 18:13:02:254</time></pt><pt><x>839</x><y>763</y><time>16-09-20 18:13:03:535</time></pt><pt><x>839</x><y>1429</y><time>undefined</time></pt><pt><x>310</x><y>1429</y><time>undefined</time></pt><closed_date>16-09-20 18:13:03:536</closed_date></polygon></object></annotation>