<annotation><filename>m1_s01_017_p_nic040.jpg</filename><folder>users/joselusava//santiago</folder><source><submittedBy>Jose Saca</submittedBy></source><imagesize><nrows>3200</nrows><ncols>4800</ncols></imagesize><object><name>m1_s01_017_p_nic040</name><deleted>0</deleted><verified>0</verified><occluded>no</occluded><attributes></attributes><parts><hasparts></hasparts><ispartof></ispartof></parts><date>11-09-20 19:05:42:092</date><id>0</id><type>bounding_box</type><polygon><username>anonymous</username><pt><x>2556</x><y>2419</y><time>11-09-20 19:05:34:828</time></pt><pt><x>3070</x><y>2419</y><time>11-09-20 19:05:35:922</time></pt><pt><x>3070</x><y>2811</y><time>undefined</time></pt><pt><x>2556</x><y>2811</y><time>undefined</time></pt><closed_date>11-09-20 19:05:35:923</closed_date></polygon></object></annotation>