<annotation><filename>m2_s07_264_p_ic042.jpg</filename><folder>users/joselusava//valeria/sala7_264_ic</folder><source><submittedBy>Jose Saca</submittedBy></source><imagesize><nrows>2910</nrows><ncols>4361</ncols></imagesize><object><name>m2_s07_264_p_ic042</name><deleted>0</deleted><verified>0</verified><occluded>no</occluded><attributes></attributes><parts><hasparts></hasparts><ispartof></ispartof></parts><date>22-09-20 22:22:12:331</date><id>0</id><type>bounding_box</type><polygon><username>anonymous</username><pt><x>1345</x><y>2601</y><time>22-09-20 22:22:07:440</time></pt><pt><x>2833</x><y>2601</y><time>22-09-20 22:22:09:417</time></pt><pt><x>2833</x><y>557</y><time>undefined</time></pt><pt><x>1345</x><y>557</y><time>undefined</time></pt><closed_date>22-09-20 22:22:09:418</closed_date></polygon></object></annotation>