<annotation><filename>m1_s01_017_p_nic099.jpg</filename><folder>users/joselusava//santiago</folder><source><submittedBy>Jose Saca</submittedBy></source><imagesize><nrows>3200</nrows><ncols>4800</ncols></imagesize><object><name>m1_s01_017_p_nic099</name><deleted>0</deleted><verified>0</verified><occluded>no</occluded><attributes></attributes><parts><hasparts></hasparts><ispartof></ispartof></parts><date>11-09-20 20:15:23:062</date><id>0</id><type>bounding_box</type><polygon><username>anonymous</username><pt><x>612</x><y>1364</y><time>11-09-20 20:15:15:522</time></pt><pt><x>1101</x><y>1364</y><time>11-09-20 20:15:16:386</time></pt><pt><x>1101</x><y>1739</y><time>undefined</time></pt><pt><x>612</x><y>1739</y><time>undefined</time></pt><closed_date>11-09-20 20:15:16:387</closed_date></polygon></object></annotation>