<annotation><filename>m4_s10_157_p_ic087.jpg</filename><folder>users/joselusava//valeria/m04_s10_157_ic</folder><source><submittedBy>Jose Saca</submittedBy></source><imagesize><nrows>2970</nrows><ncols>4451</ncols></imagesize><object><name>m4_s10_157_p_ic087</name><deleted>0</deleted><verified>0</verified><occluded>no</occluded><attributes></attributes><parts><hasparts></hasparts><ispartof></ispartof></parts><date>12-10-20 18:19:00:565</date><id>0</id><type>bounding_box</type><polygon><username>anonymous</username><pt><x>1283</x><y>2728</y><time>12-10-20 18:18:55:532</time></pt><pt><x>3521</x><y>2728</y><time>12-10-20 18:18:57:528</time></pt><pt><x>3521</x><y>270</y><time>undefined</time></pt><pt><x>1283</x><y>270</y><time>undefined</time></pt><closed_date>12-10-20 18:18:57:528</closed_date></polygon></object></annotation>