<annotation><filename>m4_s02_015_p_nic039.jpg</filename><folder>users/joselusava//m4_js/15nic</folder><source><submittedBy>Jose Saca</submittedBy></source><imagesize><nrows>2910</nrows><ncols>4361</ncols></imagesize><object><name>m4_s02_015_p_nic039</name><deleted>0</deleted><verified>0</verified><occluded>no</occluded><attributes></attributes><parts><hasparts></hasparts><ispartof></ispartof></parts><date>06-10-20 19:56:29:807</date><id>0</id><type>bounding_box</type><polygon><username>anonymous</username><pt><x>4222</x><y>1889</y><time>06-10-20 19:56:28:297</time></pt><pt><x>2751</x><y>1889</y><time>06-10-20 19:56:29:285</time></pt><pt><x>2751</x><y>383</y><time>undefined</time></pt><pt><x>4222</x><y>383</y><time>undefined</time></pt><closed_date>06-10-20 19:56:29:285</closed_date></polygon></object></annotation>