<annotation><filename>m3_s01_002_p_nic015.jpg</filename><folder>users/joselusava//santiago_3</folder><source><submittedBy>Jose Saca</submittedBy></source><imagesize><nrows>2970</nrows><ncols>4451</ncols></imagesize><object><name>m3_s01_002_p_nic015</name><deleted>0</deleted><verified>0</verified><occluded>no</occluded><attributes></attributes><parts><hasparts></hasparts><ispartof></ispartof></parts><date>29-10-20 15:37:51:314</date><id>0</id><type>bounding_box</type><polygon><username>anonymous</username><pt><x>196</x><y>396</y><time>29-10-20 15:37:45:514</time></pt><pt><x>2941</x><y>396</y><time>29-10-20 15:37:47:187</time></pt><pt><x>2941</x><y>2335</y><time>undefined</time></pt><pt><x>196</x><y>2335</y><time>undefined</time></pt><closed_date>29-10-20 15:37:47:187</closed_date></polygon></object></annotation>