<annotation><filename>m2_s01_024_p_ic037.jpg</filename><folder>users/joselusava//santiago</folder><source><submittedBy>Jose Saca</submittedBy></source><imagesize><nrows>2850</nrows><ncols>4271</ncols></imagesize><object><name>m2_s01_024_p_ic037</name><deleted>0</deleted><verified>0</verified><occluded>no</occluded><attributes></attributes><parts><hasparts></hasparts><ispartof></ispartof></parts><date>24-09-20 12:38:30:927</date><id>0</id><type>bounding_box</type><polygon><username>anonymous</username><pt><x>1566</x><y>301</y><time>24-09-20 12:38:23:954</time></pt><pt><x>2865</x><y>301</y><time>24-09-20 12:38:26:443</time></pt><pt><x>2865</x><y>2544</y><time>undefined</time></pt><pt><x>1566</x><y>2544</y><time>undefined</time></pt><closed_date>24-09-20 12:38:26:445</closed_date></polygon></object></annotation>