<annotation><filename>m4_s09_139_x.jpg</filename><folder>users/joselusava//kath/m4_x</folder><source><submittedBy>Jose Saca</submittedBy></source><imagesize><nrows>2970</nrows><ncols>4451</ncols></imagesize><object><name>m4_s09_139_x</name><deleted>0</deleted><verified>0</verified><occluded>no</occluded><attributes></attributes><parts><hasparts></hasparts><ispartof></ispartof></parts><date>21-10-20 11:50:19:135</date><id>0</id><polygon><username>anonymous</username><pt><x>1298</x><y>197</y><time>21-10-20 11:50:10:691</time></pt><pt><x>1379</x><y>2682</y><time>21-10-20 11:50:11:800</time></pt><pt><x>2984</x><y>2571</y><time>21-10-20 11:50:13:375</time></pt><pt><x>2811</x><y>197</y><time>21-10-20 11:50:14:960</time></pt><closed_date>21-10-20 11:50:16:177</closed_date></polygon></object></annotation>