<annotation><filename>m1_s01_001_p_nic064.jpg</filename><folder>users/joselusava//juancarlos</folder><source><submittedBy>Jose Saca</submittedBy></source><imagesize><nrows>3200</nrows><ncols>4800</ncols></imagesize><object><name>m1_s01_001_p_nic064</name><deleted>0</deleted><verified>0</verified><occluded>no</occluded><attributes></attributes><parts><hasparts></hasparts><ispartof></ispartof></parts><date>09-09-20 17:39:10:766</date><id>0</id><type>bounding_box</type><polygon><username>anonymous</username><pt><x>3376</x><y>2491</y><time>09-09-20 17:38:59:280</time></pt><pt><x>4485</x><y>2491</y><time>09-09-20 17:39:02:369</time></pt><pt><x>4485</x><y>3115</y><time>undefined</time></pt><pt><x>3376</x><y>3115</y><time>undefined</time></pt><closed_date>09-09-20 17:39:02:370</closed_date></polygon></object></annotation>