<annotation><filename>m1_s06_168_p_ic063.jpg</filename><folder>users/joselusava//jacob_2/168ic</folder><source><submittedBy>Jose Saca</submittedBy></source><imagesize><nrows>2736</nrows><ncols>4100</ncols></imagesize><object><name>m1_s06_168_p_ic063</name><deleted>0</deleted><verified>0</verified><occluded>no</occluded><attributes></attributes><parts><hasparts></hasparts><ispartof></ispartof></parts><date>08-09-20 20:15:29:407</date><id>0</id><type>bounding_box</type><polygon><username>anonymous</username><pt><x>2365</x><y>16</y><time>08-09-20 20:15:26:285</time></pt><pt><x>1522</x><y>16</y><time>08-09-20 20:15:28:538</time></pt><pt><x>1522</x><y>2480</y><time>undefined</time></pt><pt><x>2365</x><y>2480</y><time>undefined</time></pt><closed_date>08-09-20 20:15:28:538</closed_date></polygon></object></annotation>