<annotation><filename>m4_s03_025_p_nic005.jpg</filename><folder>users/joselusava//santiago_3</folder><source><submittedBy>Jose Saca</submittedBy></source><imagesize><nrows>2910</nrows><ncols>4361</ncols></imagesize><object><name>m4_s03_025_p_nic005</name><deleted>0</deleted><verified>0</verified><occluded>no</occluded><attributes></attributes><parts><hasparts></hasparts><ispartof></ispartof></parts><date>07-11-20 23:00:25:304</date><id>0</id><type>bounding_box</type><polygon><username>anonymous</username><pt><x>1861</x><y>350</y><time>07-11-20 23:00:17:116</time></pt><pt><x>4145</x><y>350</y><time>07-11-20 23:00:19:487</time></pt><pt><x>4145</x><y>1693</y><time>undefined</time></pt><pt><x>1861</x><y>1693</y><time>undefined</time></pt><closed_date>07-11-20 23:00:19:489</closed_date></polygon></object></annotation>