<annotation><filename>m2_s05_236_p_nic088.jpg</filename><folder>users/joselusava//museos2020</folder><source><submittedBy>Jose Saca</submittedBy></source><imagesize><nrows>2910</nrows><ncols>4361</ncols></imagesize><object><name>m2_s05_236_p_nic088</name><deleted>0</deleted><verified>0</verified><occluded>no</occluded><attributes></attributes><parts><hasparts></hasparts><ispartof></ispartof></parts><date>17-09-20 13:31:14:731</date><id>0</id><type>bounding_box</type><polygon><username>anonymous</username><pt><x>1813</x><y>683</y><time>17-09-20 13:30:59:664</time></pt><pt><x>4160</x><y>683</y><time>17-09-20 13:31:04:043</time></pt><pt><x>4160</x><y>2701</y><time>undefined</time></pt><pt><x>1813</x><y>2701</y><time>undefined</time></pt><closed_date>17-09-20 13:31:04:044</closed_date></polygon></object></annotation>