<annotation><filename>m3_s01_002_p_nic075.jpg</filename><folder>users/joselusava//santiago_3</folder><source><submittedBy>Jose Saca</submittedBy></source><imagesize><nrows>2970</nrows><ncols>4451</ncols></imagesize><object><name>m3_s01_002_p_nic075</name><deleted>0</deleted><verified>0</verified><occluded>no</occluded><attributes></attributes><parts><hasparts></hasparts><ispartof></ispartof></parts><date>29-10-20 21:02:46:361</date><id>0</id><type>bounding_box</type><polygon><username>anonymous</username><pt><x>453</x><y>1142</y><time>29-10-20 21:02:42:955</time></pt><pt><x>2178</x><y>1142</y><time>29-10-20 21:02:44:549</time></pt><pt><x>2178</x><y>2627</y><time>undefined</time></pt><pt><x>453</x><y>2627</y><time>undefined</time></pt><closed_date>29-10-20 21:02:44:549</closed_date></polygon></object></annotation>