<annotation><filename>m4_s05_050_x.jpg</filename><folder>users/joselusava//kath/m4_x</folder><source><submittedBy>Jose Saca</submittedBy></source><imagesize><nrows>2910</nrows><ncols>4361</ncols></imagesize><object><name>m4_s05_050_x</name><deleted>0</deleted><verified>0</verified><occluded>no</occluded><attributes></attributes><parts><hasparts></hasparts><ispartof></ispartof></parts><date>20-10-20 09:23:26:671</date><id>0</id><polygon><username>anonymous</username><pt><x>1215</x><y>391</y><time>20-10-20 09:23:17:220</time></pt><pt><x>1121</x><y>2632</y><time>20-10-20 09:23:18:464</time></pt><pt><x>3211</x><y>2557</y><time>20-10-20 09:23:19:532</time></pt><pt><x>2962</x><y>339</y><time>20-10-20 09:23:20:542</time></pt><closed_date>20-10-20 09:23:24:378</closed_date></polygon></object></annotation>