<annotation><filename>m2_s01_024_p_nic005.jpg</filename><folder>users/joselusava//santiago</folder><source><submittedBy>Jose Saca</submittedBy></source><imagesize><nrows>2850</nrows><ncols>4271</ncols></imagesize><object><name>m2_s01_024_p_nic005</name><deleted>0</deleted><verified>0</verified><occluded>no</occluded><attributes></attributes><parts><hasparts></hasparts><ispartof></ispartof></parts><date>25-09-20 13:28:05:239</date><id>0</id><type>bounding_box</type><polygon><username>anonymous</username><pt><x>2000</x><y>103</y><time>25-09-20 13:27:57:924</time></pt><pt><x>3110</x><y>103</y><time>25-09-20 13:27:59:488</time></pt><pt><x>3110</x><y>1824</y><time>undefined</time></pt><pt><x>2000</x><y>1824</y><time>undefined</time></pt><closed_date>25-09-20 13:27:59:490</closed_date></polygon></object></annotation>