<annotation><filename>m4_s10_157_p_ic071.jpg</filename><folder>users/joselusava//valeria/m04_s10_157_ic</folder><source><submittedBy>Jose Saca</submittedBy></source><imagesize><nrows>2970</nrows><ncols>4451</ncols></imagesize><object><name>m4_s10_157_p_ic071</name><deleted>0</deleted><verified>0</verified><occluded>no</occluded><attributes></attributes><parts><hasparts></hasparts><ispartof></ispartof></parts><date>12-10-20 18:03:07:953</date><id>0</id><type>bounding_box</type><polygon><username>anonymous</username><pt><x>3201</x><y>2768</y><time>12-10-20 18:02:59:273</time></pt><pt><x>1193</x><y>2768</y><time>12-10-20 18:03:04:415</time></pt><pt><x>1193</x><y>186</y><time>undefined</time></pt><pt><x>3201</x><y>186</y><time>undefined</time></pt><closed_date>12-10-20 18:03:04:416</closed_date></polygon></object></annotation>