<annotation><filename>m4_s10_164_p_ic063.jpg</filename><folder>users/joselusava//santiago_2</folder><source><submittedBy>Jose Saca</submittedBy></source><imagesize><nrows>2970</nrows><ncols>4451</ncols></imagesize><object><name>m4_s10_164_p_ic063</name><deleted>0</deleted><verified>0</verified><occluded>no</occluded><attributes></attributes><parts><hasparts></hasparts><ispartof></ispartof></parts><date>13-10-20 22:53:01:688</date><id>0</id><type>bounding_box</type><polygon><username>anonymous</username><pt><x>1585</x><y>1164</y><time>13-10-20 22:52:58:585</time></pt><pt><x>2277</x><y>1164</y><time>13-10-20 22:52:59:393</time></pt><pt><x>2277</x><y>1931</y><time>undefined</time></pt><pt><x>1585</x><y>1931</y><time>undefined</time></pt><closed_date>13-10-20 22:52:59:394</closed_date></polygon></object></annotation>