<annotation><filename>m4_s04_039_p_nic060.jpg</filename><folder>users/joselusava//santiago_2</folder><source><submittedBy>Jose Saca</submittedBy></source><imagesize><nrows>2970</nrows><ncols>4451</ncols></imagesize><object><name>m4_s04_039_p_nic060</name><deleted>0</deleted><verified>0</verified><occluded>no</occluded><attributes></attributes><parts><hasparts></hasparts><ispartof></ispartof></parts><date>21-10-20 21:47:34:819</date><id>0</id><type>bounding_box</type><polygon><username>anonymous</username><pt><x>464</x><y>203</y><time>21-10-20 21:47:31:108</time></pt><pt><x>1189</x><y>203</y><time>21-10-20 21:47:32:784</time></pt><pt><x>1189</x><y>2388</y><time>undefined</time></pt><pt><x>464</x><y>2388</y><time>undefined</time></pt><closed_date>21-10-20 21:47:32:784</closed_date></polygon></object></annotation>