<annotation><filename>img_m1_s03-04_101_p_nic084.jpg</filename><folder>users/joselusava//valeria/sala3y4_101_nic</folder><source><submittedBy>Jose Saca</submittedBy></source><imagesize><nrows>3200</nrows><ncols>4800</ncols></imagesize><object><name>m1_s03_s04_101_p_nic084</name><deleted>0</deleted><verified>0</verified><occluded>no</occluded><attributes></attributes><parts><hasparts></hasparts><ispartof></ispartof></parts><date>30-08-20 01:14:53:370</date><id>0</id><type>bounding_box</type><polygon><username>anonymous</username><pt><x>4376</x><y>1867</y><time>30-08-20 01:14:47:259</time></pt><pt><x>1618</x><y>1867</y><time>30-08-20 01:14:49:526</time></pt><pt><x>1618</x><y>794</y><time>undefined</time></pt><pt><x>4376</x><y>794</y><time>undefined</time></pt><closed_date>30-08-20 01:14:49:526</closed_date></polygon></object></annotation>