<annotation><filename>img_m1_s10_303_p_nic035.jpg</filename><folder>users/joselusava//santiago</folder><source><submittedBy>Jose Saca</submittedBy></source><imagesize><nrows>3200</nrows><ncols>4800</ncols></imagesize><object><name>m1_s10_303_p_nic035</name><deleted>0</deleted><verified>0</verified><occluded>no</occluded><attributes></attributes><parts><hasparts></hasparts><ispartof></ispartof></parts><date>01-09-20 20:30:17:830</date><id>0</id><type>bounding_box</type><polygon><username>anonymous</username><pt><x>338</x><y>1490</y><time>01-09-20 20:30:10:497</time></pt><pt><x>1515</x><y>1490</y><time>01-09-20 20:30:11:946</time></pt><pt><x>1515</x><y>2440</y><time>undefined</time></pt><pt><x>338</x><y>2440</y><time>undefined</time></pt><closed_date>01-09-20 20:30:11:947</closed_date></polygon></object></annotation>