<annotation><filename>m1_s01_017_p_nic031.jpg</filename><folder>users/joselusava//santiago</folder><source><submittedBy>Jose Saca</submittedBy></source><imagesize><nrows>3200</nrows><ncols>4800</ncols></imagesize><object><name>m1_s01_017_p_nic031</name><deleted>0</deleted><verified>0</verified><occluded>no</occluded><attributes></attributes><parts><hasparts></hasparts><ispartof></ispartof></parts><date>11-09-20 18:53:43:427</date><id>0</id><type>bounding_box</type><polygon><username>anonymous</username><pt><x>446</x><y>1713</y><time>11-09-20 18:53:35:832</time></pt><pt><x>1076</x><y>1713</y><time>11-09-20 18:53:36:984</time></pt><pt><x>1076</x><y>2019</y><time>undefined</time></pt><pt><x>446</x><y>2019</y><time>undefined</time></pt><closed_date>11-09-20 18:53:36:986</closed_date></polygon></object></annotation>