<annotation><filename>m2_s01_058_p_nic011.jpg</filename><folder>users/joselusava//m2_jsv/58/nic</folder><source><submittedBy>Jose Saca</submittedBy></source><imagesize><nrows>2850</nrows><ncols>4271</ncols></imagesize><object><name>m2_s01_058_p_nic011</name><deleted>0</deleted><verified>0</verified><occluded>no</occluded><attributes></attributes><parts><hasparts></hasparts><ispartof></ispartof></parts><date>29-09-20 21:15:19:201</date><id>0</id><type>bounding_box</type><polygon><username>anonymous</username><pt><x>51</x><y>153</y><time>29-09-20 21:15:17:454</time></pt><pt><x>2123</x><y>153</y><time>29-09-20 21:15:18:603</time></pt><pt><x>2123</x><y>1552</y><time>undefined</time></pt><pt><x>51</x><y>1552</y><time>undefined</time></pt><closed_date>29-09-20 21:15:18:604</closed_date></polygon></object></annotation>