<annotation><filename>m1_s02_029_p_ic021.jpg</filename><folder>users/joselusava//valeria/sala2_029_ic</folder><source><submittedBy>Jose Saca</submittedBy></source><imagesize><nrows>3200</nrows><ncols>4800</ncols></imagesize><object><name>m1_s02_029_p_ic021</name><deleted>0</deleted><verified>0</verified><occluded>no</occluded><attributes></attributes><parts><hasparts></hasparts><ispartof></ispartof></parts><date>22-08-20 18:23:58:239</date><id>0</id><type>bounding_box</type><polygon><username>anonymous</username><pt><x>1369</x><y>252</y><time>22-08-20 18:23:40:077</time></pt><pt><x>3662</x><y>252</y><time>22-08-20 18:23:44:352</time></pt><pt><x>3662</x><y>2787</y><time>undefined</time></pt><pt><x>1369</x><y>2787</y><time>undefined</time></pt><closed_date>22-08-20 18:23:44:353</closed_date></polygon></object></annotation>