<annotation><filename>m4_s04_039_p_nic042.jpg</filename><folder>users/joselusava//santiago_2</folder><source><submittedBy>Jose Saca</submittedBy></source><imagesize><nrows>2970</nrows><ncols>4451</ncols></imagesize><object><name>m4_s04_039_p_nic042</name><deleted>0</deleted><verified>0</verified><occluded>no</occluded><attributes></attributes><parts><hasparts></hasparts><ispartof></ispartof></parts><date>21-10-20 21:32:47:006</date><id>0</id><type>bounding_box</type><polygon><username>anonymous</username><pt><x>3206</x><y>50</y><time>21-10-20 21:32:43:055</time></pt><pt><x>4005</x><y>50</y><time>21-10-20 21:32:44:949</time></pt><pt><x>4005</x><y>2916</y><time>undefined</time></pt><pt><x>3206</x><y>2916</y><time>undefined</time></pt><closed_date>21-10-20 21:32:44:950</closed_date></polygon></object></annotation>