<annotation><filename>m4_s07_105_p_ic042.jpg</filename><folder>users/joselusava//kath/m4_105</folder><source><submittedBy>Jose Saca</submittedBy></source><imagesize><nrows>2970</nrows><ncols>4451</ncols></imagesize><object><name>m4_s07_105_p_ic042</name><deleted>0</deleted><verified>0</verified><occluded>no</occluded><attributes></attributes><parts><hasparts></hasparts><ispartof></ispartof></parts><date>29-10-20 08:16:00:544</date><id>0</id><type>bounding_box</type><polygon><username>anonymous</username><pt><x>1692</x><y>149</y><time>29-10-20 08:15:45:863</time></pt><pt><x>2840</x><y>149</y><time>29-10-20 08:15:49:571</time></pt><pt><x>2840</x><y>2571</y><time>undefined</time></pt><pt><x>1692</x><y>2571</y><time>undefined</time></pt><closed_date>29-10-20 08:15:49:572</closed_date></polygon></object></annotation>