<annotation><filename>m1_s06_186_p_ic064.jpg</filename><folder>users/joselusava//jacob_2/186ic</folder><source><submittedBy>Jose Saca</submittedBy></source><imagesize><nrows>2736</nrows><ncols>4100</ncols></imagesize><object><name>s06_186_p_ic064</name><deleted>0</deleted><verified>0</verified><occluded>no</occluded><attributes></attributes><parts><hasparts></hasparts><ispartof></ispartof></parts><date>09-09-20 22:23:45:069</date><id>0</id><type>bounding_box</type><polygon><username>anonymous</username><pt><x>1023</x><y>2414</y><time>09-09-20 22:23:42:374</time></pt><pt><x>3069</x><y>2414</y><time>09-09-20 22:23:44:342</time></pt><pt><x>3069</x><y>254</y><time>undefined</time></pt><pt><x>1023</x><y>254</y><time>undefined</time></pt><closed_date>09-09-20 22:23:44:342</closed_date></polygon></object></annotation>