<annotation><filename>m3_s01_013_p_ic031.jpg</filename><folder>users/joselusava//valeria/m03_s01_13_ic</folder><source><submittedBy>Jose Saca</submittedBy></source><imagesize><nrows>2970</nrows><ncols>4451</ncols></imagesize><object><name>m3_s01_013_p_ic030</name><deleted>0</deleted><verified>0</verified><occluded>no</occluded><attributes></attributes><parts><hasparts></hasparts><ispartof></ispartof></parts><date>28-10-20 23:08:05:253</date><id>0</id><type>bounding_box</type><polygon><username>anonymous</username><pt><x>3867</x><y>2867</y><time>28-10-20 23:07:56:911</time></pt><pt><x>268</x><y>2867</y><time>28-10-20 23:07:59:644</time></pt><pt><x>268</x><y>388</y><time>undefined</time></pt><pt><x>3867</x><y>388</y><time>undefined</time></pt><closed_date>28-10-20 23:07:59:646</closed_date></polygon></object></annotation>