<annotation><filename>m1_s01_021_p_ic008.jpg</filename><folder>users/joselusava//santiago</folder><source><submittedBy>Jose Saca</submittedBy></source><imagesize><nrows>2000</nrows><ncols>2992</ncols></imagesize><object><name>m1_s01_021_p_ic008</name><deleted>0</deleted><verified>0</verified><occluded>no</occluded><attributes></attributes><parts><hasparts></hasparts><ispartof></ispartof></parts><date>14-09-20 21:56:43:163</date><id>0</id><type>bounding_box</type><polygon><username>anonymous</username><pt><x>1046</x><y>337</y><time>14-09-20 21:56:33:559</time></pt><pt><x>2065</x><y>337</y><time>14-09-20 21:56:36:823</time></pt><pt><x>2065</x><y>1748</y><time>undefined</time></pt><pt><x>1046</x><y>1748</y><time>undefined</time></pt><closed_date>14-09-20 21:56:36:824</closed_date></polygon></object></annotation>