<annotation><filename>m4_s07_105_p_ic083.jpg</filename><folder>users/joselusava//kath/m4_105</folder><source><submittedBy>Jose Saca</submittedBy></source><imagesize><nrows>2970</nrows><ncols>4451</ncols></imagesize><object><name>m4_s07_105_p_ic083</name><deleted>0</deleted><verified>0</verified><occluded>no</occluded><attributes></attributes><parts><hasparts></hasparts><ispartof></ispartof></parts><date>29-10-20 09:04:52:781</date><id>0</id><type>bounding_box</type><polygon><username>anonymous</username><pt><x>1706</x><y>2504</y><time>29-10-20 09:04:42:858</time></pt><pt><x>2811</x><y>2504</y><time>29-10-20 09:04:45:322</time></pt><pt><x>2811</x><y>457</y><time>undefined</time></pt><pt><x>1706</x><y>457</y><time>undefined</time></pt><closed_date>29-10-20 09:04:45:322</closed_date></polygon></object></annotation>