<annotation><filename>m1_s06_141_p_ic043.jpg</filename><folder>users/joselusava//jacob_2/141ic</folder><source><submittedBy>Jose Saca</submittedBy></source><imagesize><nrows>2736</nrows><ncols>4100</ncols></imagesize><object><name>m1_s06_141_p_ic043</name><deleted>0</deleted><verified>0</verified><occluded>no</occluded><attributes></attributes><parts><hasparts></hasparts><ispartof></ispartof></parts><date>04-09-20 22:39:17:559</date><id>0</id><type>bounding_box</type><polygon><username>anonymous</username><pt><x>1195</x><y>2586</y><time>04-09-20 22:39:13:762</time></pt><pt><x>2676</x><y>2586</y><time>04-09-20 22:39:16:841</time></pt><pt><x>2676</x><y>278</y><time>undefined</time></pt><pt><x>1195</x><y>278</y><time>undefined</time></pt><closed_date>04-09-20 22:39:16:841</closed_date></polygon></object></annotation>