<annotation><filename>m4_s04_037_p_ic003.jpg</filename><folder>users/joselusava//santiago_2</folder><source><submittedBy>Jose Saca</submittedBy></source><imagesize><nrows>2970</nrows><ncols>4451</ncols></imagesize><object><name>m4_s04_037_p_ic003</name><deleted>0</deleted><verified>0</verified><occluded>no</occluded><attributes></attributes><parts><hasparts></hasparts><ispartof></ispartof></parts><date>17-10-20 18:01:57:514</date><id>0</id><type>bounding_box</type><polygon><username>anonymous</username><pt><x>1589</x><y>253</y><time>17-10-20 18:01:53:167</time></pt><pt><x>2924</x><y>253</y><time>17-10-20 18:01:55:643</time></pt><pt><x>2924</x><y>2613</y><time>undefined</time></pt><pt><x>1589</x><y>2613</y><time>undefined</time></pt><closed_date>17-10-20 18:01:55:645</closed_date></polygon></object></annotation>