<annotation><filename>m4_s06_089_p_ic070.jpg</filename><folder>users/joselusava//santiago_2</folder><source><submittedBy>Jose Saca</submittedBy></source><imagesize><nrows>2970</nrows><ncols>4451</ncols></imagesize><object><name>m4_s06_089_p_ic070</name><deleted>0</deleted><verified>0</verified><occluded>no</occluded><attributes></attributes><parts><hasparts></hasparts><ispartof></ispartof></parts><date>11-10-20 19:02:13:196</date><id>0</id><type>bounding_box</type><polygon><username>anonymous</username><pt><x>1291</x><y>170</y><time>11-10-20 19:02:02:076</time></pt><pt><x>3281</x><y>170</y><time>11-10-20 19:02:03:266</time></pt><pt><x>3281</x><y>2624</y><time>undefined</time></pt><pt><x>1291</x><y>2624</y><time>undefined</time></pt><closed_date>11-10-20 19:02:03:267</closed_date></polygon></object></annotation>