<annotation><filename>m4_s11_176_p_nic020.jpg</filename><folder>users/joselusava//m4_js/176/nic</folder><source><submittedBy>Jose Saca</submittedBy></source><imagesize><nrows>2970</nrows><ncols>4451</ncols></imagesize><object><name>m4_s11_176_p_nic020</name><deleted>0</deleted><verified>0</verified><occluded>no</occluded><attributes></attributes><parts><hasparts></hasparts><ispartof></ispartof></parts><date>15-10-20 11:29:27:896</date><id>0</id><type>bounding_box</type><polygon><username>anonymous</username><pt><x>2124</x><y>2469</y><time>15-10-20 11:29:26:224</time></pt><pt><x>0</x><y>2469</y><time>15-10-20 11:29:27:294</time></pt><pt><x>0</x><y>664</y><time>undefined</time></pt><pt><x>2124</x><y>664</y><time>undefined</time></pt><closed_date>15-10-20 11:29:27:294</closed_date></polygon></object></annotation>