<annotation><filename>m2_s01_018_p_nic021.jpg</filename><folder>users/joselusava//santiago_2</folder><source><submittedBy>Jose Saca</submittedBy></source><imagesize><nrows>2850</nrows><ncols>4271</ncols></imagesize><object><name>m2_s01_018_p_nic021</name><deleted>0</deleted><verified>0</verified><occluded>no</occluded><attributes></attributes><parts><hasparts></hasparts><ispartof></ispartof></parts><date>28-09-20 21:06:42:117</date><id>0</id><type>bounding_box</type><polygon><username>anonymous</username><pt><x>1782</x><y>1898</y><time>28-09-20 21:06:30:440</time></pt><pt><x>2478</x><y>1898</y><time>28-09-20 21:06:31:456</time></pt><pt><x>2478</x><y>2645</y><time>undefined</time></pt><pt><x>1782</x><y>2645</y><time>undefined</time></pt><closed_date>28-09-20 21:06:31:456</closed_date></polygon></object></annotation>