<annotation><filename>m3_s01_010_p_nic002.jpg</filename><folder>users/joselusava//m4_js/m3/10/nic</folder><source><submittedBy>Jose Saca</submittedBy></source><imagesize><nrows>2970</nrows><ncols>4451</ncols></imagesize><object><name>m3_s01_010_p_nic002</name><deleted>0</deleted><verified>0</verified><occluded>no</occluded><attributes></attributes><parts><hasparts></hasparts><ispartof></ispartof></parts><date>29-10-20 13:32:05:938</date><id>0</id><type>bounding_box</type><polygon><username>anonymous</username><pt><x>4430</x><y>2939</y><time>29-10-20 13:32:03:159</time></pt><pt><x>1299</x><y>2939</y><time>29-10-20 13:32:05:215</time></pt><pt><x>1299</x><y>671</y><time>undefined</time></pt><pt><x>4430</x><y>671</y><time>undefined</time></pt><closed_date>29-10-20 13:32:05:215</closed_date></polygon></object></annotation>