<annotation><filename>m2_s01_002_x.jpg</filename><folder>users/joselusava//santiago</folder><source><submittedBy>Jose Saca</submittedBy></source><imagesize><nrows>2850</nrows><ncols>4271</ncols></imagesize><object><name>m2_s01_002_x</name><deleted>0</deleted><verified>0</verified><occluded>no</occluded><attributes></attributes><parts><hasparts></hasparts><ispartof></ispartof></parts><date>20-09-20 00:04:14:731</date><id>0</id><type>bounding_box</type><polygon><username>anonymous</username><pt><x>1167</x><y>827</y><time>20-09-20 00:03:30:214</time></pt><pt><x>2988</x><y>827</y><time>20-09-20 00:03:31:804</time></pt><pt><x>2988</x><y>1837</y><time>undefined</time></pt><pt><x>1167</x><y>1837</y><time>undefined</time></pt><closed_date>20-09-20 00:03:31:806</closed_date></polygon></object></annotation>