<annotation><filename>m2_s01_032_p_ic041.jpg</filename><folder>users/joselusava//santiago_2</folder><source><submittedBy>Jose Saca</submittedBy></source><imagesize><nrows>2850</nrows><ncols>4271</ncols></imagesize><object><name>m2_s01_032_p_ic041</name><deleted>0</deleted><verified>0</verified><occluded>no</occluded><attributes></attributes><parts><hasparts></hasparts><ispartof></ispartof></parts><date>30-09-20 13:41:49:908</date><id>0</id><type>bounding_box</type><polygon><username>anonymous</username><pt><x>1369</x><y>423</y><time>30-09-20 13:41:46:237</time></pt><pt><x>2715</x><y>423</y><time>30-09-20 13:41:47:826</time></pt><pt><x>2715</x><y>2257</y><time>undefined</time></pt><pt><x>1369</x><y>2257</y><time>undefined</time></pt><closed_date>30-09-20 13:41:47:827</closed_date></polygon></object></annotation>