<annotation><filename>m3_s01_013_p_ic019.jpg</filename><folder>users/joselusava//valeria/m03_s01_13_ic</folder><source><submittedBy>Jose Saca</submittedBy></source><imagesize><nrows>2970</nrows><ncols>4451</ncols></imagesize><object><name>m3_s01_013_p_ic018</name><deleted>0</deleted><verified>0</verified><occluded>no</occluded><attributes></attributes><parts><hasparts></hasparts><ispartof></ispartof></parts><date>28-10-20 22:31:11:638</date><id>0</id><type>bounding_box</type><polygon><username>anonymous</username><pt><x>4049</x><y>2844</y><time>28-10-20 22:31:04:934</time></pt><pt><x>571</x><y>2844</y><time>28-10-20 22:31:07:265</time></pt><pt><x>571</x><y>206</y><time>undefined</time></pt><pt><x>4049</x><y>206</y><time>undefined</time></pt><closed_date>28-10-20 22:31:07:266</closed_date></polygon></object></annotation>