<annotation><filename>m4_s10_157_p_ic029.jpg</filename><folder>users/joselusava//valeria/m04_s10_157_nic</folder><source><submittedBy>Jose Saca</submittedBy></source><imagesize><nrows>2970</nrows><ncols>4451</ncols></imagesize><object><name>m4_s10_157_p_nic029</name><deleted>0</deleted><verified>0</verified><occluded>no</occluded><attributes></attributes><parts><hasparts></hasparts><ispartof></ispartof></parts><date>12-10-20 19:27:06:409</date><id>0</id><type>bounding_box</type><polygon><username>anonymous</username><pt><x>765</x><y>2874</y><time>12-10-20 19:27:00:266</time></pt><pt><x>2548</x><y>2874</y><time>12-10-20 19:27:02:876</time></pt><pt><x>2548</x><y>878</y><time>undefined</time></pt><pt><x>765</x><y>878</y><time>undefined</time></pt><closed_date>12-10-20 19:27:02:876</closed_date></polygon></object></annotation>