<annotation><filename>m2_s05_236_p_nic035.jpg</filename><folder>users/joselusava//museos2020</folder><source><submittedBy>Jose Saca</submittedBy></source><imagesize><nrows>2910</nrows><ncols>4361</ncols></imagesize><object><name>m2_s05_236_p_nic035</name><deleted>0</deleted><verified>0</verified><occluded>no</occluded><attributes></attributes><parts><hasparts></hasparts><ispartof></ispartof></parts><date>17-09-20 07:09:48:690</date><id>0</id><type>bounding_box</type><polygon><username>anonymous</username><pt><x>1037</x><y>79</y><time>17-09-20 07:09:41:614</time></pt><pt><x>3561</x><y>79</y><time>17-09-20 07:09:43:253</time></pt><pt><x>3561</x><y>1887</y><time>undefined</time></pt><pt><x>1037</x><y>1887</y><time>undefined</time></pt><closed_date>17-09-20 07:09:43:253</closed_date></polygon></object></annotation>