<annotation><filename>m1_s01_005_p_nic041.jpg</filename><folder>users/joselusava//museos2020</folder><source><submittedBy>Jose Saca</submittedBy></source><imagesize><nrows>2000</nrows><ncols>2992</ncols></imagesize><object><name>m1_s01_005_p_nic041</name><deleted>0</deleted><verified>0</verified><occluded>no</occluded><attributes></attributes><parts><hasparts></hasparts><ispartof></ispartof></parts><date>14-09-20 11:06:20:151</date><id>0</id><type>bounding_box</type><polygon><username>anonymous</username><pt><x>1594</x><y>304</y><time>14-09-20 11:06:10:824</time></pt><pt><x>1904</x><y>304</y><time>14-09-20 11:06:12:756</time></pt><pt><x>1904</x><y>700</y><time>undefined</time></pt><pt><x>1594</x><y>700</y><time>undefined</time></pt><closed_date>14-09-20 11:06:12:756</closed_date></polygon></object></annotation>