<annotation><filename>m1_s02_052_p_nic041.jpg</filename><folder>users/joselusava//valeria/sala2_052_nic</folder><source><submittedBy>Jose Saca</submittedBy></source><imagesize><nrows>3200</nrows><ncols>4800</ncols></imagesize><object><name>m1_s02_052_p_nic041</name><deleted>0</deleted><verified>0</verified><occluded>no</occluded><attributes></attributes><parts><hasparts></hasparts><ispartof></ispartof></parts><date>27-08-20 16:12:36:916</date><id>0</id><type>bounding_box</type><polygon><username>anonymous</username><pt><x>1659</x><y>1444</y><time>27-08-20 16:12:24:286</time></pt><pt><x>526</x><y>1444</y><time>27-08-20 16:12:26:372</time></pt><pt><x>526</x><y>478</y><time>undefined</time></pt><pt><x>1659</x><y>478</y><time>undefined</time></pt><closed_date>27-08-20 16:12:26:374</closed_date></polygon></object></annotation>