<annotation><filename>m4_s04_037_p_nic093.jpg</filename><folder>users/joselusava//santiago_2</folder><source><submittedBy>Jose Saca</submittedBy></source><imagesize><nrows>2970</nrows><ncols>4451</ncols></imagesize><object><name>m4_s04_037_p_nic093</name><deleted>0</deleted><verified>0</verified><occluded>no</occluded><attributes></attributes><parts><hasparts></hasparts><ispartof></ispartof></parts><date>19-10-20 22:57:36:580</date><id>0</id><type>bounding_box</type><polygon><username>anonymous</username><pt><x>3123</x><y>889</y><time>19-10-20 22:57:34:019</time></pt><pt><x>4084</x><y>889</y><time>19-10-20 22:57:34:934</time></pt><pt><x>4084</x><y>2135</y><time>undefined</time></pt><pt><x>3123</x><y>2135</y><time>undefined</time></pt><closed_date>19-10-20 22:57:34:935</closed_date></polygon></object></annotation>