<annotation><filename>m3_s01_018_p_ic006.jpg</filename><folder>users/joselusava//m4_js/18/ic</folder><source><submittedBy>Jose Saca</submittedBy></source><imagesize><nrows>2970</nrows><ncols>4451</ncols></imagesize><object><name>m3_s01_018_p_ic006</name><deleted>0</deleted><verified>0</verified><occluded>no</occluded><attributes></attributes><parts><hasparts></hasparts><ispartof></ispartof></parts><date>05-11-20 10:14:57:841</date><id>0</id><type>bounding_box</type><polygon><username>anonymous</username><pt><x>3693</x><y>2631</y><time>05-11-20 10:14:54:712</time></pt><pt><x>32</x><y>2631</y><time>05-11-20 10:14:57:067</time></pt><pt><x>32</x><y>95</y><time>undefined</time></pt><pt><x>3693</x><y>95</y><time>undefined</time></pt><closed_date>05-11-20 10:14:57:067</closed_date></polygon></object></annotation>