<annotation><filename>m4_s04_047_p_nic032.jpg</filename><folder>users/joselusava//kath/kath_m4_047/nic</folder><source><submittedBy>Jose Saca</submittedBy></source><imagesize><nrows>2970</nrows><ncols>4451</ncols></imagesize><object><name>m4_s04_047_p_nic032</name><deleted>0</deleted><verified>0</verified><occluded>no</occluded><attributes></attributes><parts><hasparts></hasparts><ispartof></ispartof></parts><date>24-10-20 18:34:56:054</date><id>0</id><type>bounding_box</type><polygon><username>anonymous</username><pt><x>535</x><y>245</y><time>24-10-20 18:34:49:743</time></pt><pt><x>1767</x><y>245</y><time>24-10-20 18:34:51:615</time></pt><pt><x>1767</x><y>2539</y><time>undefined</time></pt><pt><x>535</x><y>2539</y><time>undefined</time></pt><closed_date>24-10-20 18:34:51:616</closed_date></polygon></object></annotation>