<annotation><filename>m4_s04_047_p_ic076.jpg</filename><folder>users/joselusava//kath/kath_m4_047</folder><source><submittedBy>Jose Saca</submittedBy></source><imagesize><nrows>2970</nrows><ncols>4451</ncols></imagesize><object><name>m4_s04_047_p_ic076</name><deleted>0</deleted><verified>0</verified><occluded>no</occluded><attributes></attributes><parts><hasparts></hasparts><ispartof></ispartof></parts><date>24-10-20 14:32:34:140</date><id>0</id><type>bounding_box</type><polygon><username>anonymous</username><pt><x>1596</x><y>342</y><time>24-10-20 14:32:28:443</time></pt><pt><x>2955</x><y>342</y><time>24-10-20 14:32:30:363</time></pt><pt><x>2955</x><y>2799</y><time>undefined</time></pt><pt><x>1596</x><y>2799</y><time>undefined</time></pt><closed_date>24-10-20 14:32:30:364</closed_date></polygon></object></annotation>