<annotation><filename>m4_s11_178_p_ic085.jpg</filename><folder>users/joselusava//santiago_2</folder><source><submittedBy>Jose Saca</submittedBy></source><imagesize><nrows>2970</nrows><ncols>4451</ncols></imagesize><object><name>m4_s11_178_p_ic085</name><deleted>0</deleted><verified>0</verified><occluded>no</occluded><attributes></attributes><parts><hasparts></hasparts><ispartof></ispartof></parts><date>15-10-20 22:23:21:780</date><id>0</id><type>bounding_box</type><polygon><username>anonymous</username><pt><x>1539</x><y>650</y><time>15-10-20 22:23:17:783</time></pt><pt><x>2759</x><y>650</y><time>15-10-20 22:23:19:907</time></pt><pt><x>2759</x><y>2292</y><time>undefined</time></pt><pt><x>1539</x><y>2292</y><time>undefined</time></pt><closed_date>15-10-20 22:23:19:907</closed_date></polygon></object></annotation>