<annotation><filename>m4_s07_105_p_nic080.jpg</filename><folder>users/joselusava//kath/m4_105/nic</folder><source><submittedBy>Jose Saca</submittedBy></source><imagesize><nrows>2970</nrows><ncols>4451</ncols></imagesize><object><name>m4_s07_105_p_nic080</name><deleted>0</deleted><verified>0</verified><occluded>no</occluded><attributes></attributes><parts><hasparts></hasparts><ispartof></ispartof></parts><date>03-11-20 09:12:16:332</date><id>0</id><type>bounding_box</type><polygon><username>anonymous</username><pt><x>3412</x><y>1841</y><time>03-11-20 09:12:12:171</time></pt><pt><x>4220</x><y>1841</y><time>03-11-20 09:12:14:077</time></pt><pt><x>4220</x><y>332</y><time>undefined</time></pt><pt><x>3412</x><y>332</y><time>undefined</time></pt><closed_date>03-11-20 09:12:14:079</closed_date></polygon></object></annotation>