<annotation><filename>m4_s07_105_p_nic057.jpg</filename><folder>users/joselusava//kath/m4_105/nic</folder><source><submittedBy>Jose Saca</submittedBy></source><imagesize><nrows>2970</nrows><ncols>4451</ncols></imagesize><object><name>m4_s07_105_p_nic057</name><deleted>0</deleted><verified>0</verified><occluded>no</occluded><attributes></attributes><parts><hasparts></hasparts><ispartof></ispartof></parts><date>03-11-20 08:57:58:212</date><id>0</id><type>bounding_box</type><polygon><username>anonymous</username><pt><x>457</x><y>2331</y><time>03-11-20 08:57:51:758</time></pt><pt><x>1317</x><y>2331</y><time>03-11-20 08:57:54:124</time></pt><pt><x>1317</x><y>851</y><time>undefined</time></pt><pt><x>457</x><y>851</y><time>undefined</time></pt><closed_date>03-11-20 08:57:54:124</closed_date></polygon></object></annotation>