<annotation><filename>m2_s06_244_p_ic094.jpg</filename><folder>users/joselusava//museos2020</folder><source><submittedBy>Jose Saca</submittedBy></source><imagesize><nrows>2910</nrows><ncols>4361</ncols></imagesize><object><name>m2_s06_244_p_ic094</name><deleted>0</deleted><verified>0</verified><occluded>no</occluded><attributes></attributes><parts><hasparts></hasparts><ispartof></ispartof></parts><date>23-09-20 09:28:11:934</date><id>0</id><type>bounding_box</type><polygon><username>anonymous</username><pt><x>244</x><y>581</y><time>23-09-20 09:28:02:021</time></pt><pt><x>4078</x><y>581</y><time>23-09-20 09:28:05:346</time></pt><pt><x>4078</x><y>2487</y><time>undefined</time></pt><pt><x>244</x><y>2487</y><time>undefined</time></pt><closed_date>23-09-20 09:28:05:347</closed_date></polygon></object></annotation>