<annotation><filename>m1_s06_186_p_ic008.jpg</filename><folder>users/joselusava//jacob_2/186ic</folder><source><submittedBy>Jose Saca</submittedBy></source><imagesize><nrows>2736</nrows><ncols>4100</ncols></imagesize><object><name>s06_186_p_ic008</name><deleted>0</deleted><verified>0</verified><occluded>no</occluded><attributes></attributes><parts><hasparts></hasparts><ispartof></ispartof></parts><date>09-09-20 11:19:43:591</date><id>0</id><type>bounding_box</type><polygon><username>anonymous</username><pt><x>1007</x><y>2717</y><time>09-09-20 11:19:40:898</time></pt><pt><x>3159</x><y>2717</y><time>09-09-20 11:19:42:587</time></pt><pt><x>3159</x><y>33</y><time>undefined</time></pt><pt><x>1007</x><y>33</y><time>undefined</time></pt><closed_date>09-09-20 11:19:42:588</closed_date></polygon></object></annotation>