<annotation><filename>m2_s01_024_p.jpg</filename><folder>users/joselusava//santiago</folder><source><submittedBy>Jose Saca</submittedBy></source><imagesize><nrows>2850</nrows><ncols>4271</ncols></imagesize><object><name>m2_s01_024_p</name><deleted>0</deleted><verified>0</verified><occluded>no</occluded><attributes></attributes><parts><hasparts></hasparts><ispartof></ispartof></parts><date>24-09-20 01:04:30:920</date><id>0</id><type>bounding_box</type><polygon><username>anonymous</username><pt><x>1228</x><y>135</y><time>24-09-20 01:03:31:013</time></pt><pt><x>2904</x><y>135</y><time>24-09-20 01:03:33:544</time></pt><pt><x>2904</x><y>2706</y><time>undefined</time></pt><pt><x>1228</x><y>2706</y><time>undefined</time></pt><closed_date>24-09-20 01:03:33:545</closed_date></polygon></object></annotation>