<annotation><filename>m4_s11_178_p_ic074.jpg</filename><folder>users/joselusava//santiago_2</folder><source><submittedBy>Jose Saca</submittedBy></source><imagesize><nrows>2970</nrows><ncols>4451</ncols></imagesize><object><name>m4_s11_178_p_ic074</name><deleted>0</deleted><verified>0</verified><occluded>no</occluded><attributes></attributes><parts><hasparts></hasparts><ispartof></ispartof></parts><date>15-10-20 22:07:20:527</date><id>0</id><type>bounding_box</type><polygon><username>anonymous</username><pt><x>1292</x><y>842</y><time>15-10-20 22:07:16:638</time></pt><pt><x>2952</x><y>842</y><time>15-10-20 22:07:18:581</time></pt><pt><x>2952</x><y>2606</y><time>undefined</time></pt><pt><x>1292</x><y>2606</y><time>undefined</time></pt><closed_date>15-10-20 22:07:18:581</closed_date></polygon></object></annotation>