<annotation><filename>m2_s01_001_p_ic059.jpg</filename><folder>users/joselusava//santiago</folder><source><submittedBy>Jose Saca</submittedBy></source><imagesize><nrows>2850</nrows><ncols>4271</ncols></imagesize><object><name>m2_s01_001_p_ic059</name><deleted>0</deleted><verified>0</verified><occluded>no</occluded><attributes></attributes><parts><hasparts></hasparts><ispartof></ispartof></parts><date>19-09-20 08:58:19:185</date><id>0</id><type>bounding_box</type><polygon><username>anonymous</username><pt><x>862</x><y>324</y><time>19-09-20 08:58:08:871</time></pt><pt><x>3466</x><y>324</y><time>19-09-20 08:58:12:685</time></pt><pt><x>3466</x><y>2715</y><time>undefined</time></pt><pt><x>862</x><y>2715</y><time>undefined</time></pt><closed_date>19-09-20 08:58:12:686</closed_date></polygon></object></annotation>