<annotation><filename>m1_s01_021_p_ic039.jpg</filename><folder>users/joselusava//santiago</folder><source><submittedBy>Jose Saca</submittedBy></source><imagesize><nrows>3200</nrows><ncols>4800</ncols></imagesize><object><name>m1_s01_021_p_ic039</name><deleted>0</deleted><verified>0</verified><occluded>no</occluded><attributes></attributes><parts><hasparts></hasparts><ispartof></ispartof></parts><date>14-09-20 23:07:46:997</date><id>0</id><type>bounding_box</type><polygon><username>anonymous</username><pt><x>1695</x><y>547</y><time>14-09-20 23:07:37:901</time></pt><pt><x>3063</x><y>547</y><time>14-09-20 23:07:40:511</time></pt><pt><x>3063</x><y>2264</y><time>undefined</time></pt><pt><x>1695</x><y>2264</y><time>undefined</time></pt><closed_date>14-09-20 23:07:40:511</closed_date></polygon></object></annotation>