<annotation><filename>m2_s03_252_p_ic043.jpg</filename><folder>users/joselusava//valeria/m2_sala03_252_ic</folder><source><submittedBy>Jose Saca</submittedBy></source><imagesize><nrows>2910</nrows><ncols>4361</ncols></imagesize><object><name>m2_s06_252_p_ic041</name><deleted>0</deleted><verified>0</verified><occluded>no</occluded><attributes/><parts><hasparts/><ispartof/></parts><date>25-09-20 22:46:08:683</date><id>0</id><type>bounding_box</type><polygon><username>anonymous</username><pt><x>700</x><y>386</y><time>25-09-20 22:46:01:805</time></pt><pt><x>3803</x><y>386</y><time>25-09-20 22:46:04:450</time></pt><pt><x>3803</x><y>2668</y><time>undefined</time></pt><pt><x>700</x><y>2668</y><time>undefined</time></pt><closed_date>25-09-20 22:46:04:451</closed_date></polygon></object><object><name>m2_s06_252_p_ic043</name><deleted>0</deleted><verified>0</verified><occluded>no</occluded><attributes></attributes><parts><hasparts></hasparts><ispartof></ispartof></parts><date>26-09-20 23:56:05:506</date><id>1</id><type>bounding_box</type><polygon><username>anonymous</username><pt><x>683</x><y>358</y><time>26-09-20 23:55:59:311</time></pt><pt><x>3797</x><y>358</y><time>26-09-20 23:56:02:361</time></pt><pt><x>3797</x><y>2662</y><time>undefined</time></pt><pt><x>683</x><y>2662</y><time>undefined</time></pt><closed_date>26-09-20 23:56:02:361</closed_date></polygon></object></annotation>