<annotation><filename>m4_s07_105_p_ic003.jpg</filename><folder>users/joselusava//kath/m4_105</folder><source><submittedBy>Jose Saca</submittedBy></source><imagesize><nrows>2970</nrows><ncols>4451</ncols></imagesize><object><name>m4_s07_105_p_ic003</name><deleted>0</deleted><verified>0</verified><occluded>no</occluded><attributes></attributes><parts><hasparts></hasparts><ispartof></ispartof></parts><date>25-10-20 09:06:53:434</date><id>0</id><type>bounding_box</type><polygon><username>anonymous</username><pt><x>1688</x><y>198</y><time>25-10-20 09:06:47:339</time></pt><pt><x>2952</x><y>198</y><time>25-10-20 09:06:49:677</time></pt><pt><x>2952</x><y>2613</y><time>undefined</time></pt><pt><x>1688</x><y>2613</y><time>undefined</time></pt><closed_date>25-10-20 09:06:49:677</closed_date></polygon></object></annotation>