<annotation><filename>m1_s01_021_p_nic065.jpg</filename><folder>users/joselusava//santiago</folder><source><submittedBy>Jose Saca</submittedBy></source><imagesize><nrows>3200</nrows><ncols>4800</ncols></imagesize><object><name>m1_s01_021_p_nic065</name><deleted>0</deleted><verified>0</verified><occluded>no</occluded><attributes></attributes><parts><hasparts></hasparts><ispartof></ispartof></parts><date>16-09-20 18:19:02:691</date><id>0</id><type>bounding_box</type><polygon><username>anonymous</username><pt><x>464</x><y>2113</y><time>16-09-20 18:18:55:121</time></pt><pt><x>957</x><y>2113</y><time>16-09-20 18:18:56:629</time></pt><pt><x>957</x><y>2728</y><time>undefined</time></pt><pt><x>464</x><y>2728</y><time>undefined</time></pt><closed_date>16-09-20 18:18:56:631</closed_date></polygon></object></annotation>