<annotation><filename>m2_s05_236_p_nic021.jpg</filename><folder>users/joselusava//museos2020</folder><source><submittedBy>Jose Saca</submittedBy></source><imagesize><nrows>2910</nrows><ncols>4361</ncols></imagesize><object><name>m2_s05_236_p_nic021</name><deleted>0</deleted><verified>0</verified><occluded>no</occluded><attributes></attributes><parts><hasparts></hasparts><ispartof></ispartof></parts><date>17-09-20 06:59:02:034</date><id>0</id><type>bounding_box</type><polygon><username>anonymous</username><pt><x>1176</x><y>1176</y><time>17-09-20 06:58:52:847</time></pt><pt><x>3486</x><y>1176</y><time>17-09-20 06:58:54:344</time></pt><pt><x>3486</x><y>2845</y><time>undefined</time></pt><pt><x>1176</x><y>2845</y><time>undefined</time></pt><closed_date>17-09-20 06:58:54:345</closed_date></polygon></object></annotation>