<annotation><filename>m2_s01_034_p_nic058.jpg</filename><folder>users/joselusava//kath</folder><source><submittedBy>Jose Saca</submittedBy></source><imagesize><nrows>2850</nrows><ncols>4271</ncols></imagesize><object><name>m2_s01_034_p_nic058</name><deleted>0</deleted><verified>0</verified><occluded>no</occluded><attributes></attributes><parts><hasparts></hasparts><ispartof></ispartof></parts><date>25-09-20 20:22:02:517</date><id>0</id><type>bounding_box</type><polygon><username>anonymous</username><pt><x>2478</x><y>738</y><time>25-09-20 20:21:55:057</time></pt><pt><x>3466</x><y>738</y><time>25-09-20 20:21:59:424</time></pt><pt><x>3466</x><y>2198</y><time>undefined</time></pt><pt><x>2478</x><y>2198</y><time>undefined</time></pt><closed_date>25-09-20 20:21:59:425</closed_date></polygon></object></annotation>