<annotation><filename>m3_s01_010_p_nic087.jpg</filename><folder>users/joselusava//m4_js/m3/10/nic</folder><source><submittedBy>Jose Saca</submittedBy></source><imagesize><nrows>2970</nrows><ncols>4451</ncols></imagesize><object><name>m3_s01_010_p_nic087</name><deleted>0</deleted><verified>0</verified><occluded>no</occluded><attributes></attributes><parts><hasparts></hasparts><ispartof></ispartof></parts><date>29-10-20 14:44:23:457</date><id>0</id><type>bounding_box</type><polygon><username>anonymous</username><pt><x>383</x><y>2909</y><time>29-10-20 14:44:19:663</time></pt><pt><x>3240</x><y>2909</y><time>29-10-20 14:44:21:871</time></pt><pt><x>3240</x><y>611</y><time>undefined</time></pt><pt><x>383</x><y>611</y><time>undefined</time></pt><closed_date>29-10-20 14:44:21:871</closed_date></polygon></object></annotation>