<annotation><filename>m3_s01_002_p_ic043.jpg</filename><folder>users/joselusava//santiago_3</folder><source><submittedBy>Jose Saca</submittedBy></source><imagesize><nrows>2970</nrows><ncols>4451</ncols></imagesize><object><name>m3_s01_002_p_ic043</name><deleted>0</deleted><verified>0</verified><occluded>no</occluded><attributes></attributes><parts><hasparts></hasparts><ispartof></ispartof></parts><date>28-10-20 19:00:47:015</date><id>0</id><type>bounding_box</type><polygon><username>anonymous</username><pt><x>721</x><y>357</y><time>28-10-20 19:00:43:314</time></pt><pt><x>3670</x><y>357</y><time>28-10-20 19:00:44:968</time></pt><pt><x>3670</x><y>2302</y><time>undefined</time></pt><pt><x>721</x><y>2302</y><time>undefined</time></pt><closed_date>28-10-20 19:00:44:969</closed_date></polygon></object></annotation>