<annotation><filename>m2_s03_201_p_ic021.jpg</filename><folder>users/joselusava//eg</folder><source><submittedBy>Jose Saca</submittedBy></source><imagesize><nrows>3000</nrows><ncols>4496</ncols></imagesize><object><name>m2_s03_219_p_ic021</name><deleted>0</deleted><verified>0</verified><occluded>no</occluded><attributes></attributes><parts><hasparts></hasparts><ispartof></ispartof></parts><date>16-09-20 13:11:11:442</date><id>0</id><type>bounding_box</type><polygon><username>anonymous</username><pt><x>931</x><y>177</y><time>16-09-20 13:10:55:121</time></pt><pt><x>3857</x><y>177</y><time>16-09-20 13:10:57:708</time></pt><pt><x>3857</x><y>2904</y><time>undefined</time></pt><pt><x>931</x><y>2904</y><time>undefined</time></pt><closed_date>16-09-20 13:10:57:709</closed_date></polygon></object></annotation>