<annotation><filename>m1_s01_001_p_ic091.jpg</filename><folder>users/joselusava//juancarlos</folder><source><submittedBy>Jose Saca</submittedBy></source><imagesize><nrows>2000</nrows><ncols>2992</ncols></imagesize><object><name>m1_s01_001_p_ic091</name><deleted>0</deleted><verified>0</verified><occluded>no</occluded><attributes></attributes><parts><hasparts></hasparts><ispartof></ispartof></parts><date>01-09-20 16:18:44:850</date><id>0</id><type>bounding_box</type><polygon><username>anonymous</username><pt><x>444</x><y>565</y><time>01-09-20 16:18:34:578</time></pt><pt><x>2055</x><y>565</y><time>01-09-20 16:18:38:754</time></pt><pt><x>2055</x><y>1442</y><time>undefined</time></pt><pt><x>444</x><y>1442</y><time>undefined</time></pt><closed_date>01-09-20 16:18:38:756</closed_date></polygon></object></annotation>