<annotation><filename>m4_s06_089_p_nic086.jpg</filename><folder>users/joselusava//santiago_2</folder><source><submittedBy>Jose Saca</submittedBy></source><imagesize><nrows>2970</nrows><ncols>4451</ncols></imagesize><object><name>m4_s06_089_p_nic086</name><deleted>0</deleted><verified>0</verified><occluded>no</occluded><attributes></attributes><parts><hasparts></hasparts><ispartof></ispartof></parts><date>12-10-20 22:16:59:198</date><id>0</id><type>bounding_box</type><polygon><username>anonymous</username><pt><x>2934</x><y>343</y><time>12-10-20 22:16:54:246</time></pt><pt><x>4105</x><y>343</y><time>12-10-20 22:16:55:531</time></pt><pt><x>4105</x><y>2299</y><time>undefined</time></pt><pt><x>2934</x><y>2299</y><time>undefined</time></pt><closed_date>12-10-20 22:16:55:532</closed_date></polygon></object></annotation>