<annotation><filename>m1_s02_029_p_nic027.jpg</filename><folder>users/joselusava//valeria/sala2_029_nic</folder><source><submittedBy>Jose Saca</submittedBy></source><imagesize><nrows>3200</nrows><ncols>4800</ncols></imagesize><object><name>m1_s02_029_p_nic027</name><deleted>0</deleted><verified>0</verified><occluded>no</occluded><attributes></attributes><parts><hasparts></hasparts><ispartof></ispartof></parts><date>26-08-20 18:25:54:014</date><id>0</id><type>bounding_box</type><polygon><username>anonymous</username><pt><x>1149</x><y>354</y><time>26-08-20 18:25:44:290</time></pt><pt><x>2153</x><y>354</y><time>26-08-20 18:25:46:116</time></pt><pt><x>2153</x><y>1616</y><time>undefined</time></pt><pt><x>1149</x><y>1616</y><time>undefined</time></pt><closed_date>26-08-20 18:25:46:117</closed_date></polygon></object></annotation>