<annotation><filename>img_m1_s03-04_108_p_ic068.jpg</filename><folder>users/joselusava//valeria/sala3y4_108_ic</folder><source><submittedBy>Jose Saca</submittedBy></source><imagesize><nrows>3200</nrows><ncols>4800</ncols></imagesize><object><name>m1_s03_s04_108_p_ic068</name><deleted>0</deleted><verified>0</verified><occluded>no</occluded><attributes></attributes><parts><hasparts></hasparts><ispartof></ispartof></parts><date>31-08-20 00:18:59:739</date><id>0</id><type>bounding_box</type><polygon><username>anonymous</username><pt><x>4794</x><y>2582</y><time>31-08-20 00:18:52:397</time></pt><pt><x>6</x><y>2582</y><time>31-08-20 00:18:55:840</time></pt><pt><x>6</x><y>836</y><time>undefined</time></pt><pt><x>4794</x><y>836</y><time>undefined</time></pt><closed_date>31-08-20 00:18:55:842</closed_date></polygon></object></annotation>