<annotation><filename>m1_s02_065_p_ic004.jpg</filename><folder>users/joselusava//valeria/sala2_065_ic</folder><source><submittedBy>Jose Saca</submittedBy></source><imagesize><nrows>2000</nrows><ncols>2992</ncols></imagesize><object><name>m1_s02_065_p_ic004</name><deleted>0</deleted><verified>0</verified><occluded>no</occluded><attributes></attributes><parts><hasparts></hasparts><ispartof></ispartof></parts><date>25-08-20 21:14:36:202</date><id>0</id><type>bounding_box</type><polygon><username>anonymous</username><pt><x>299</x><y>111</y><time>25-08-20 21:14:28:123</time></pt><pt><x>2540</x><y>111</y><time>25-08-20 21:14:32:244</time></pt><pt><x>2540</x><y>1889</y><time>undefined</time></pt><pt><x>299</x><y>1889</y><time>undefined</time></pt><closed_date>25-08-20 21:14:32:245</closed_date></polygon></object></annotation>