<annotation><filename>m4_s04_039_p_nic045.jpg</filename><folder>users/joselusava//santiago_2</folder><source><submittedBy>Jose Saca</submittedBy></source><imagesize><nrows>2970</nrows><ncols>4451</ncols></imagesize><object><name>m4_s04_039_p_nic045</name><deleted>0</deleted><verified>0</verified><occluded>no</occluded><attributes></attributes><parts><hasparts></hasparts><ispartof></ispartof></parts><date>21-10-20 21:36:58:720</date><id>0</id><type>bounding_box</type><polygon><username>anonymous</username><pt><x>3099</x><y>314</y><time>21-10-20 21:36:55:070</time></pt><pt><x>3809</x><y>314</y><time>21-10-20 21:36:56:880</time></pt><pt><x>3809</x><y>2856</y><time>undefined</time></pt><pt><x>3099</x><y>2856</y><time>undefined</time></pt><closed_date>21-10-20 21:36:56:881</closed_date></polygon></object></annotation>