<annotation><filename>m4_s07_105_p_nic090.jpg</filename><folder>users/joselusava//kath/m4_105/nic</folder><source><submittedBy>Jose Saca</submittedBy></source><imagesize><nrows>2970</nrows><ncols>4451</ncols></imagesize><object><name>m4_s07_105_p_nic090</name><deleted>0</deleted><verified>0</verified><occluded>no</occluded><attributes></attributes><parts><hasparts></hasparts><ispartof></ispartof></parts><date>05-11-20 13:52:31:647</date><id>0</id><type>bounding_box</type><polygon><username>anonymous</username><pt><x>2759</x><y>2840</y><time>05-11-20 13:52:25:843</time></pt><pt><x>1970</x><y>2840</y><time>05-11-20 13:52:27:832</time></pt><pt><x>1970</x><y>1576</y><time>undefined</time></pt><pt><x>2759</x><y>1576</y><time>undefined</time></pt><closed_date>05-11-20 13:52:27:834</closed_date></polygon></object></annotation>