<annotation><filename>m4_s07_105_p_ic095.jpg</filename><folder>users/joselusava//kath/m4_105</folder><source><submittedBy>Jose Saca</submittedBy></source><imagesize><nrows>2970</nrows><ncols>4451</ncols></imagesize><object><name>m4_s07_105_p_ic095</name><deleted>0</deleted><verified>0</verified><occluded>no</occluded><attributes></attributes><parts><hasparts></hasparts><ispartof></ispartof></parts><date>29-10-20 09:13:07:358</date><id>0</id><type>bounding_box</type><polygon><username>anonymous</username><pt><x>1663</x><y>298</y><time>29-10-20 09:13:00:603</time></pt><pt><x>2783</x><y>298</y><time>29-10-20 09:13:03:915</time></pt><pt><x>2783</x><y>2672</y><time>undefined</time></pt><pt><x>1663</x><y>2672</y><time>undefined</time></pt><closed_date>29-10-20 09:13:03:916</closed_date></polygon></object></annotation>