<annotation><filename>m4_s10_157_p_ic039.jpg</filename><folder>users/joselusava//valeria/m04_s10_157_ic</folder><source><submittedBy>Jose Saca</submittedBy></source><imagesize><nrows>2970</nrows><ncols>4451</ncols></imagesize><object><name>m4_s10_157_p_ic039</name><deleted>0</deleted><verified>0</verified><occluded>no</occluded><attributes></attributes><parts><hasparts></hasparts><ispartof></ispartof></parts><date>12-10-20 16:20:57:330</date><id>0</id><type>bounding_box</type><polygon><username>anonymous</username><pt><x>1080</x><y>2869</y><time>12-10-20 16:20:50:929</time></pt><pt><x>3437</x><y>2869</y><time>12-10-20 16:20:53:231</time></pt><pt><x>3437</x><y>129</y><time>undefined</time></pt><pt><x>1080</x><y>129</y><time>undefined</time></pt><closed_date>12-10-20 16:20:53:232</closed_date></polygon></object></annotation>