<annotation><filename>m1_s01_004_p_ic021.jpg</filename><folder>users/joselusava//valeria_apoyo/sala001_004ic_ok</folder><source><submittedBy>Jose Saca</submittedBy></source><imagesize><nrows>2000</nrows><ncols>2992</ncols></imagesize><object><name>m1_s01_004_p_ic021</name><deleted>0</deleted><verified>0</verified><occluded>no</occluded><attributes></attributes><parts><hasparts></hasparts><ispartof></ispartof></parts><date>15-09-20 22:26:36:599</date><id>0</id><type>bounding_box</type><polygon><username>anonymous</username><pt><x>27</x><y>1572</y><time>15-09-20 22:26:30:252</time></pt><pt><x>2443</x><y>1572</y><time>15-09-20 22:26:32:625</time></pt><pt><x>2443</x><y>598</y><time>undefined</time></pt><pt><x>27</x><y>598</y><time>undefined</time></pt><closed_date>15-09-20 22:26:32:625</closed_date></polygon></object></annotation>