<annotation><filename>m1_s01_017_p_ic076.jpg</filename><folder>users/joselusava//santiago</folder><source><submittedBy>Jose Saca</submittedBy></source><imagesize><nrows>3200</nrows><ncols>4800</ncols></imagesize><object><name>m1_s01_017_p_ic076</name><deleted>0</deleted><verified>0</verified><occluded>no</occluded><attributes></attributes><parts><hasparts></hasparts><ispartof></ispartof></parts><date>10-09-20 22:58:54:834</date><id>0</id><type>bounding_box</type><polygon><username>anonymous</username><pt><x>1047</x><y>774</y><time>10-09-20 22:58:46:510</time></pt><pt><x>2905</x><y>774</y><time>10-09-20 22:58:48:286</time></pt><pt><x>2905</x><y>2250</y><time>undefined</time></pt><pt><x>1047</x><y>2250</y><time>undefined</time></pt><closed_date>10-09-20 22:58:48:287</closed_date></polygon></object></annotation>