<annotation><filename>m2_s02_185_x.jpg</filename><folder>users/joselusava//m2_jsv</folder><source><submittedBy>Jose Saca</submittedBy></source><imagesize><nrows>2910</nrows><ncols>4361</ncols></imagesize><object><name>m2_s02_185_x</name><deleted>0</deleted><verified>0</verified><occluded>no</occluded><attributes></attributes><parts><hasparts></hasparts><ispartof></ispartof></parts><date>20-09-20 16:53:57:007</date><id>0</id><type>bounding_box</type><polygon><username>anonymous</username><pt><x>2812</x><y>2498</y><time>20-09-20 16:53:55:158</time></pt><pt><x>1454</x><y>2498</y><time>20-09-20 16:53:56:323</time></pt><pt><x>1454</x><y>305</y><time>undefined</time></pt><pt><x>2812</x><y>305</y><time>undefined</time></pt><closed_date>20-09-20 16:53:56:324</closed_date></polygon></object></annotation>