<annotation><filename>m2_s07_264_p_nic040.jpg</filename><folder>users/joselusava//valeria/sala7_264_nic</folder><source><submittedBy>Jose Saca</submittedBy></source><imagesize><nrows>2910</nrows><ncols>4361</ncols></imagesize><object><name>m2_s07_264_p_nic040</name><deleted>0</deleted><verified>0</verified><occluded>no</occluded><attributes></attributes><parts><hasparts></hasparts><ispartof></ispartof></parts><date>23-09-20 20:23:38:469</date><id>0</id><type>bounding_box</type><polygon><username>anonymous</username><pt><x>154</x><y>2706</y><time>23-09-20 20:07:59:979</time></pt><pt><x>1532</x><y>2706</y><time>23-09-20 20:08:02:223</time></pt><pt><x>1532</x><y>865</y><time>undefined</time></pt><pt><x>154</x><y>865</y><time>undefined</time></pt><closed_date>23-09-20 20:08:02:225</closed_date></polygon></object></annotation>