<annotation><filename>m4_s11_176_p_ic011.jpg</filename><folder>users/joselusava//m4_js/176/ic</folder><source><submittedBy>Jose Saca</submittedBy></source><imagesize><nrows>2970</nrows><ncols>4451</ncols></imagesize><object><name>m4_s11_176_p_ic011</name><deleted>0</deleted><verified>0</verified><occluded>no</occluded><attributes></attributes><parts><hasparts></hasparts><ispartof></ispartof></parts><date>14-10-20 16:32:33:170</date><id>0</id><type>bounding_box</type><polygon><username>anonymous</username><pt><x>3074</x><y>2337</y><time>14-10-20 16:32:31:111</time></pt><pt><x>1173</x><y>2337</y><time>14-10-20 16:32:32:444</time></pt><pt><x>1173</x><y>409</y><time>undefined</time></pt><pt><x>3074</x><y>409</y><time>undefined</time></pt><closed_date>14-10-20 16:32:32:444</closed_date></polygon></object></annotation>