<annotation><filename>m4_s05_060_p_nic064.jpg</filename><folder>users/joselusava//m4_js/60/nic</folder><source><submittedBy>Jose Saca</submittedBy></source><imagesize><nrows>2910</nrows><ncols>4361</ncols></imagesize><object><name>m4_s05_060_p_nic064</name><deleted>0</deleted><verified>0</verified><occluded>no</occluded><attributes></attributes><parts><hasparts></hasparts><ispartof></ispartof></parts><date>14-10-20 00:16:40:624</date><id>0</id><type>bounding_box</type><polygon><username>anonymous</username><pt><x>3108</x><y>2907</y><time>14-10-20 00:16:38:198</time></pt><pt><x>9</x><y>2907</y><time>14-10-20 00:16:39:875</time></pt><pt><x>9</x><y>958</y><time>undefined</time></pt><pt><x>3108</x><y>958</y><time>undefined</time></pt><closed_date>14-10-20 00:16:39:876</closed_date></polygon></object></annotation>