<annotation><filename>m2_s03_201_p_ic013.jpg</filename><folder>users/joselusava//eg</folder><source><submittedBy>Jose Saca</submittedBy></source><imagesize><nrows>3000</nrows><ncols>4496</ncols></imagesize><object><name>m2_s03_219_p_ic013</name><deleted>0</deleted><verified>0</verified><occluded>no</occluded><attributes></attributes><parts><hasparts></hasparts><ispartof></ispartof></parts><date>16-09-20 12:39:05:471</date><id>0</id><type>bounding_box</type><polygon><username>anonymous</username><pt><x>746</x><y>192</y><time>16-09-20 12:38:48:583</time></pt><pt><x>3820</x><y>192</y><time>16-09-20 12:38:52:963</time></pt><pt><x>3820</x><y>2926</y><time>undefined</time></pt><pt><x>746</x><y>2926</y><time>undefined</time></pt><closed_date>16-09-20 12:38:52:965</closed_date></polygon></object></annotation>