<annotation><filename>m4_s06_089_p_ic087.jpg</filename><folder>users/joselusava//santiago_2</folder><source><submittedBy>Jose Saca</submittedBy></source><imagesize><nrows>2970</nrows><ncols>4451</ncols></imagesize><object><name>m4_s06_089_p_ic087</name><deleted>0</deleted><verified>0</verified><occluded>no</occluded><attributes></attributes><parts><hasparts></hasparts><ispartof></ispartof></parts><date>11-10-20 21:58:41:666</date><id>0</id><type>bounding_box</type><polygon><username>anonymous</username><pt><x>1679</x><y>198</y><time>11-10-20 21:58:37:266</time></pt><pt><x>2797</x><y>198</y><time>11-10-20 21:58:38:995</time></pt><pt><x>2797</x><y>2634</y><time>undefined</time></pt><pt><x>1679</x><y>2634</y><time>undefined</time></pt><closed_date>11-10-20 21:58:38:996</closed_date></polygon></object></annotation>