<annotation><filename>m2_s01_001_p_ic063.jpg</filename><folder>users/joselusava//santiago</folder><source><submittedBy>Jose Saca</submittedBy></source><imagesize><nrows>2850</nrows><ncols>4271</ncols></imagesize><object><name>m2_s01_001_p_ic063</name><deleted>0</deleted><verified>0</verified><occluded>no</occluded><attributes></attributes><parts><hasparts></hasparts><ispartof></ispartof></parts><date>19-09-20 09:03:01:882</date><id>0</id><type>bounding_box</type><polygon><username>anonymous</username><pt><x>497</x><y>279</y><time>19-09-20 09:02:53:381</time></pt><pt><x>3443</x><y>279</y><time>19-09-20 09:02:55:748</time></pt><pt><x>3443</x><y>2687</y><time>undefined</time></pt><pt><x>497</x><y>2687</y><time>undefined</time></pt><closed_date>19-09-20 09:02:55:750</closed_date></polygon></object></annotation>