<annotation><filename>m4_s11_178_p_nic028.jpg</filename><folder>users/joselusava//santiago_2</folder><source><submittedBy>Jose Saca</submittedBy></source><imagesize><nrows>2970</nrows><ncols>4451</ncols></imagesize><object><name>m4_s11_178_p_nic028</name><deleted>0</deleted><verified>0</verified><occluded>no</occluded><attributes></attributes><parts><hasparts></hasparts><ispartof></ispartof></parts><date>15-10-20 23:15:00:496</date><id>0</id><type>bounding_box</type><polygon><username>anonymous</username><pt><x>403</x><y>1460</y><time>15-10-20 23:14:54:118</time></pt><pt><x>1810</x><y>1460</y><time>15-10-20 23:14:55:553</time></pt><pt><x>1810</x><y>2738</y><time>undefined</time></pt><pt><x>403</x><y>2738</y><time>undefined</time></pt><closed_date>15-10-20 23:14:55:554</closed_date></polygon></object></annotation>