<annotation><filename>m1_s02_036_p_nic074.jpg</filename><folder>users/joselusava//valeria/sala2_036_nic</folder><source><submittedBy>Jose Saca</submittedBy></source><imagesize><nrows>3200</nrows><ncols>4800</ncols></imagesize><object><name>m1_s02_036_p_nic074</name><deleted>0</deleted><verified>0</verified><occluded>no</occluded><attributes></attributes><parts><hasparts></hasparts><ispartof></ispartof></parts><date>27-08-20 01:22:09:082</date><id>0</id><type>bounding_box</type><polygon><username>anonymous</username><pt><x>2056</x><y>2314</y><time>27-08-20 01:22:01:691</time></pt><pt><x>370</x><y>2314</y><time>27-08-20 01:22:05:688</time></pt><pt><x>370</x><y>301</y><time>undefined</time></pt><pt><x>2056</x><y>301</y><time>undefined</time></pt><closed_date>27-08-20 01:22:05:689</closed_date></polygon></object></annotation>