<annotation><filename>m2_s03_201_p_ic078.jpg</filename><folder>users/joselusava//eg</folder><source><submittedBy>Jose Saca</submittedBy></source><imagesize><nrows>2910</nrows><ncols>4361</ncols></imagesize><object><name>m2_s03_201_p_ic078</name><deleted>0</deleted><verified>0</verified><occluded>no</occluded><attributes></attributes><parts><hasparts></hasparts><ispartof></ispartof></parts><date>17-09-20 07:50:51:642</date><id>0</id><type>bounding_box</type><polygon><username>anonymous</username><pt><x>1111</x><y>373</y><time>17-09-20 07:50:40:752</time></pt><pt><x>3082</x><y>373</y><time>17-09-20 07:50:43:604</time></pt><pt><x>3082</x><y>2387</y><time>undefined</time></pt><pt><x>1111</x><y>2387</y><time>undefined</time></pt><closed_date>17-09-20 07:50:43:605</closed_date></polygon></object></annotation>