<annotation><filename>m2_s02_129_p_nic089.jpg</filename><folder>users/joselusava//m2_jsv/129/nic</folder><source><submittedBy>Jose Saca</submittedBy></source><imagesize><nrows>2910</nrows><ncols>4361</ncols></imagesize><object><name>m2_s02_129_p_nic089</name><deleted>0</deleted><verified>0</verified><occluded>no</occluded><attributes></attributes><parts><hasparts></hasparts><ispartof></ispartof></parts><date>25-09-20 08:26:32:882</date><id>0</id><type>bounding_box</type><polygon><username>anonymous</username><pt><x>1166</x><y>1593</y><time>25-09-20 08:26:30:469</time></pt><pt><x>2455</x><y>1593</y><time>25-09-20 08:26:31:639</time></pt><pt><x>2455</x><y>2629</y><time>undefined</time></pt><pt><x>1166</x><y>2629</y><time>undefined</time></pt><closed_date>25-09-20 08:26:31:639</closed_date></polygon></object></annotation>