<annotation><filename>m4_s04_039_p_nic019.jpg</filename><folder>users/joselusava//santiago_2</folder><source><submittedBy>Jose Saca</submittedBy></source><imagesize><nrows>2970</nrows><ncols>4451</ncols></imagesize><object><name>m4_s04_039_p_nic019</name><deleted>0</deleted><verified>0</verified><occluded>no</occluded><attributes></attributes><parts><hasparts></hasparts><ispartof></ispartof></parts><date>21-10-20 21:00:15:099</date><id>0</id><type>bounding_box</type><polygon><username>anonymous</username><pt><x>436</x><y>393</y><time>21-10-20 21:00:11:757</time></pt><pt><x>1199</x><y>393</y><time>21-10-20 21:00:13:141</time></pt><pt><x>1199</x><y>2770</y><time>undefined</time></pt><pt><x>436</x><y>2770</y><time>undefined</time></pt><closed_date>21-10-20 21:00:13:141</closed_date></polygon></object></annotation>