<annotation><filename>m1_s03-04_093_x.jpg</filename><folder>users/joselusava//valeria/sala03y04</folder><source><submittedBy>Jose Saca</submittedBy></source><imagesize><nrows>3200</nrows><ncols>4800</ncols></imagesize><object><name>m1_s03_s04_093_x</name><deleted>0</deleted><verified>0</verified><occluded>no</occluded><attributes></attributes><parts><hasparts></hasparts><ispartof></ispartof></parts><date>28-08-20 21:20:07:668</date><id>0</id><type>bounding_box</type><polygon><username>anonymous</username><pt><x>3839</x><y>3077</y><time>28-08-20 21:20:00:849</time></pt><pt><x>1187</x><y>3077</y><time>28-08-20 21:20:03:660</time></pt><pt><x>1187</x><y>145</y><time>undefined</time></pt><pt><x>3839</x><y>145</y><time>undefined</time></pt><closed_date>28-08-20 21:20:03:661</closed_date></polygon></object></annotation>