<annotation><filename>m2_s01_024_p_ic038.jpg</filename><folder>users/joselusava//santiago</folder><source><submittedBy>Jose Saca</submittedBy></source><imagesize><nrows>2850</nrows><ncols>4271</ncols></imagesize><object><name>m2_s01_024_p_ic038</name><deleted>0</deleted><verified>0</verified><occluded>no</occluded><attributes></attributes><parts><hasparts></hasparts><ispartof></ispartof></parts><date>24-09-20 12:40:36:585</date><id>0</id><type>bounding_box</type><polygon><username>anonymous</username><pt><x>1250</x><y>30</y><time>24-09-20 12:40:26:219</time></pt><pt><x>2544</x><y>30</y><time>24-09-20 12:40:28:495</time></pt><pt><x>2544</x><y>2094</y><time>undefined</time></pt><pt><x>1250</x><y>2094</y><time>undefined</time></pt><closed_date>24-09-20 12:40:28:498</closed_date></polygon></object></annotation>