<annotation><filename>m3_s01_010_p_nic084.jpg</filename><folder>users/joselusava//m4_js/m3/10/nic</folder><source><submittedBy>Jose Saca</submittedBy></source><imagesize><nrows>2970</nrows><ncols>4451</ncols></imagesize><object><name>m3_s01_010_p_nic084</name><deleted>0</deleted><verified>0</verified><occluded>no</occluded><attributes></attributes><parts><hasparts></hasparts><ispartof></ispartof></parts><date>29-10-20 14:43:25:760</date><id>0</id><type>bounding_box</type><polygon><username>anonymous</username><pt><x>72</x><y>2950</y><time>29-10-20 14:43:22:466</time></pt><pt><x>2505</x><y>2950</y><time>29-10-20 14:43:24:989</time></pt><pt><x>2505</x><y>621</y><time>undefined</time></pt><pt><x>72</x><y>621</y><time>undefined</time></pt><closed_date>29-10-20 14:43:24:989</closed_date></polygon></object></annotation>