<annotation><filename>m1_s02_052_p_nic091.jpg</filename><folder>users/joselusava//valeria/sala2_052_nic</folder><source><submittedBy>Jose Saca</submittedBy></source><imagesize><nrows>3200</nrows><ncols>4800</ncols></imagesize><object><name>m1_s02_052_p_nic091</name><deleted>0</deleted><verified>0</verified><occluded>no</occluded><attributes></attributes><parts><hasparts></hasparts><ispartof></ispartof></parts><date>27-08-20 17:53:53:955</date><id>0</id><type>bounding_box</type><polygon><username>anonymous</username><pt><x>2556</x><y>107</y><time>27-08-20 17:53:48:967</time></pt><pt><x>1154</x><y>107</y><time>27-08-20 17:53:50:980</time></pt><pt><x>1154</x><y>1439</y><time>undefined</time></pt><pt><x>2556</x><y>1439</y><time>undefined</time></pt><closed_date>27-08-20 17:53:50:981</closed_date></polygon></object></annotation>