<annotation><filename>m4_s12_185_p_nic096.jpg</filename><folder>users/joselusava//valeria/m04_s12_185_nic</folder><source><submittedBy>Jose Saca</submittedBy></source><imagesize><nrows>2910</nrows><ncols>4361</ncols></imagesize><object><name>m4_s12_185_p_nic096</name><deleted>0</deleted><verified>0</verified><occluded>no</occluded><attributes></attributes><parts><hasparts></hasparts><ispartof></ispartof></parts><date>18-10-20 00:05:54:536</date><id>0</id><type>bounding_box</type><polygon><username>anonymous</username><pt><x>1656</x><y>2574</y><time>18-10-20 00:05:47:558</time></pt><pt><x>4152</x><y>2574</y><time>18-10-20 00:05:50:180</time></pt><pt><x>4152</x><y>313</y><time>undefined</time></pt><pt><x>1656</x><y>313</y><time>undefined</time></pt><closed_date>18-10-20 00:05:50:181</closed_date></polygon></object></annotation>