<annotation><filename>m2_s03_219_p_ic085.jpg</filename><folder>users/joselusava//valeria/m2_sala03_219_ic</folder><source><submittedBy>Jose Saca</submittedBy></source><imagesize><nrows>2910</nrows><ncols>4361</ncols></imagesize><object><name>m2_s03_219_p_ic085</name><deleted>0</deleted><verified>0</verified><occluded>no</occluded><attributes></attributes><parts><hasparts></hasparts><ispartof></ispartof></parts><date>29-09-20 01:16:24:730</date><id>0</id><type>bounding_box</type><polygon><username>anonymous</username><pt><x>2794</x><y>535</y><time>29-09-20 01:16:19:511</time></pt><pt><x>634</x><y>535</y><time>29-09-20 01:16:21:222</time></pt><pt><x>634</x><y>2458</y><time>undefined</time></pt><pt><x>2794</x><y>2458</y><time>undefined</time></pt><closed_date>29-09-20 01:16:21:222</closed_date></polygon></object></annotation>