<annotation><filename>m1_s06_141_p_ic064.jpg</filename><folder>users/joselusava//jacob_2/141ic</folder><source><submittedBy>Jose Saca</submittedBy></source><imagesize><nrows>2736</nrows><ncols>4100</ncols></imagesize><object><name>m1_s06_141_p_ic064</name><deleted>0</deleted><verified>0</verified><occluded>no</occluded><attributes></attributes><parts><hasparts></hasparts><ispartof></ispartof></parts><date>04-09-20 23:01:57:852</date><id>0</id><type>bounding_box</type><polygon><username>anonymous</username><pt><x>1279</x><y>2503</y><time>04-09-20 23:01:54:485</time></pt><pt><x>2943</x><y>2503</y><time>04-09-20 23:01:56:926</time></pt><pt><x>2943</x><y>7</y><time>undefined</time></pt><pt><x>1279</x><y>7</y><time>undefined</time></pt><closed_date>04-09-20 23:01:56:926</closed_date></polygon></object></annotation>