<annotation><filename>m2_s03_248_p_nic037.jpg</filename><folder>users/joselusava//museos2020</folder><source><submittedBy>Jose Saca</submittedBy></source><imagesize><nrows>2910</nrows><ncols>4361</ncols></imagesize><object><name>m2_s03_248_p_nic037</name><deleted>0</deleted><verified>0</verified><occluded>no</occluded><attributes></attributes><parts><hasparts></hasparts><ispartof></ispartof></parts><date>27-09-20 16:55:51:918</date><id>0</id><polygon><username>anonymous</username><pt><x>1841</x><y>660</y><time>27-09-20 16:55:43:476</time></pt><pt><x>4049</x><y>600</y><time>27-09-20 16:55:44:348</time></pt><pt><x>3380</x><y>1316</y><time>27-09-20 16:55:45:274</time></pt><pt><x>1664</x><y>911</y><time>27-09-20 16:55:46:156</time></pt><closed_date>27-09-20 16:55:46:780</closed_date></polygon></object></annotation>