<annotation><filename>m4_s05_060_p_ic033.jpg</filename><folder>users/joselusava//m4_js/60/ic</folder><source><submittedBy>Jose Saca</submittedBy></source><imagesize><nrows>2910</nrows><ncols>4361</ncols></imagesize><object><name>m4_s05_060_p_ic033</name><deleted>0</deleted><verified>0</verified><occluded>no</occluded><attributes></attributes><parts><hasparts></hasparts><ispartof></ispartof></parts><date>13-10-20 15:46:37:057</date><id>0</id><type>bounding_box</type><polygon><username>anonymous</username><pt><x>4169</x><y>2202</y><time>13-10-20 15:46:34:627</time></pt><pt><x>583</x><y>2202</y><time>13-10-20 15:46:36:203</time></pt><pt><x>583</x><y>548</y><time>undefined</time></pt><pt><x>4169</x><y>548</y><time>undefined</time></pt><closed_date>13-10-20 15:46:36:204</closed_date></polygon></object></annotation>