<annotation><filename>m4_s05_052_p_nic048.jpg</filename><folder>users/joselusava//santiago_2</folder><source><submittedBy>Jose Saca</submittedBy></source><imagesize><nrows>2910</nrows><ncols>4361</ncols></imagesize><object><name>m4_s05_052_p_nic048</name><deleted>0</deleted><verified>0</verified><occluded>no</occluded><attributes></attributes><parts><hasparts></hasparts><ispartof></ispartof></parts><date>08-10-20 21:29:35:658</date><id>0</id><type>bounding_box</type><polygon><username>anonymous</username><pt><x>2325</x><y>277</y><time>08-10-20 21:29:31:682</time></pt><pt><x>3485</x><y>277</y><time>08-10-20 21:29:32:728</time></pt><pt><x>3485</x><y>1718</y><time>undefined</time></pt><pt><x>2325</x><y>1718</y><time>undefined</time></pt><closed_date>08-10-20 21:29:32:729</closed_date></polygon></object></annotation>