<annotation><filename>m1_s06_168_p_nic044.jpg</filename><folder>users/joselusava//jacob_2/168nic</folder><source><submittedBy>Jose Saca</submittedBy></source><imagesize><nrows>2736</nrows><ncols>4100</ncols></imagesize><object><name>m1_s06_168_p_nic044</name><deleted>0</deleted><verified>0</verified><occluded>no</occluded><attributes></attributes><parts><hasparts></hasparts><ispartof></ispartof></parts><date>08-09-20 23:16:06:618</date><id>0</id><type>bounding_box</type><polygon><username>anonymous</username><pt><x>2099</x><y>1115</y><time>08-09-20 23:16:02:533</time></pt><pt><x>3009</x><y>1115</y><time>08-09-20 23:16:05:394</time></pt><pt><x>3009</x><y>2616</y><time>undefined</time></pt><pt><x>2099</x><y>2616</y><time>undefined</time></pt><closed_date>08-09-20 23:16:05:394</closed_date></polygon></object></annotation>