<annotation><filename>m3_s01_002_p_ic017.jpg</filename><folder>users/joselusava//santiago_3</folder><source><submittedBy>Jose Saca</submittedBy></source><imagesize><nrows>2970</nrows><ncols>4451</ncols></imagesize><object><name>m3_s01_002_p_ic017</name><deleted>0</deleted><verified>0</verified><occluded>no</occluded><attributes></attributes><parts><hasparts></hasparts><ispartof></ispartof></parts><date>28-10-20 17:28:33:308</date><id>0</id><type>bounding_box</type><polygon><username>anonymous</username><pt><x>178</x><y>178</y><time>28-10-20 17:28:28:133</time></pt><pt><x>4087</x><y>178</y><time>28-10-20 17:28:31:083</time></pt><pt><x>4087</x><y>2374</y><time>undefined</time></pt><pt><x>178</x><y>2374</y><time>undefined</time></pt><closed_date>28-10-20 17:28:31:083</closed_date></polygon></object></annotation>