<annotation><filename>m4_s10_159_x.jpg</filename><folder>users/joselusava//kath/m4_x</folder><source><submittedBy>Jose Saca</submittedBy></source><imagesize><nrows>2970</nrows><ncols>4451</ncols></imagesize><object><name>m4_s10_159_x</name><deleted>0</deleted><verified>0</verified><occluded>no</occluded><attributes></attributes><parts><hasparts></hasparts><ispartof></ispartof></parts><date>21-10-20 12:09:31:838</date><id>0</id><polygon><username>anonymous</username><pt><x>1475</x><y>139</y><time>21-10-20 12:09:18:053</time></pt><pt><x>1490</x><y>2792</y><time>21-10-20 12:09:19:766</time></pt><pt><x>2999</x><y>2783</y><time>21-10-20 12:09:20:907</time></pt><pt><x>2975</x><y>135</y><time>21-10-20 12:09:22:087</time></pt><closed_date>21-10-20 12:09:23:198</closed_date></polygon></object></annotation>