<annotation><filename>m4_s07_105_p_nic073.jpg</filename><folder>users/joselusava//kath/m4_105/nic</folder><source><submittedBy>Jose Saca</submittedBy></source><imagesize><nrows>2970</nrows><ncols>4451</ncols></imagesize><object><name>m4_s07_105_p_nic073</name><deleted>0</deleted><verified>0</verified><occluded>no</occluded><attributes></attributes><parts><hasparts></hasparts><ispartof></ispartof></parts><date>03-11-20 09:07:33:838</date><id>0</id><type>bounding_box</type><polygon><username>anonymous</username><pt><x>3215</x><y>1740</y><time>03-11-20 09:07:29:671</time></pt><pt><x>4008</x><y>1740</y><time>03-11-20 09:07:31:470</time></pt><pt><x>4008</x><y>428</y><time>undefined</time></pt><pt><x>3215</x><y>428</y><time>undefined</time></pt><closed_date>03-11-20 09:07:31:470</closed_date></polygon></object></annotation>