<annotation><filename>m2_s07_264_p_ic035.jpg</filename><folder>users/joselusava//valeria/sala7_264_ic</folder><source><submittedBy>Jose Saca</submittedBy></source><imagesize><nrows>2910</nrows><ncols>4361</ncols></imagesize><object><name>m2_s07_264_p_ic035</name><deleted>0</deleted><verified>0</verified><occluded>no</occluded><attributes></attributes><parts><hasparts></hasparts><ispartof></ispartof></parts><date>22-09-20 19:39:20:109</date><id>0</id><type>bounding_box</type><polygon><username>anonymous</username><pt><x>3252</x><y>2772</y><time>22-09-20 19:39:13:366</time></pt><pt><x>1411</x><y>2772</y><time>22-09-20 19:39:16:217</time></pt><pt><x>1411</x><y>66</y><time>undefined</time></pt><pt><x>3252</x><y>66</y><time>undefined</time></pt><closed_date>22-09-20 19:39:16:218</closed_date></polygon></object></annotation>