<annotation><filename>m2_s01_056_p_nic007.jpg</filename><folder>users/joselusava//m2_jsv/56/nic</folder><source><submittedBy>Jose Saca</submittedBy></source><imagesize><nrows>2850</nrows><ncols>4271</ncols></imagesize><object><name>m2_s01_056_p_nic007</name><deleted>0</deleted><verified>0</verified><occluded>no</occluded><attributes></attributes><parts><hasparts></hasparts><ispartof></ispartof></parts><date>28-09-20 22:02:36:541</date><id>0</id><type>bounding_box</type><polygon><username>anonymous</username><pt><x>3464</x><y>1647</y><time>28-09-20 22:02:34:403</time></pt><pt><x>2004</x><y>1647</y><time>28-09-20 22:02:35:561</time></pt><pt><x>2004</x><y>25</y><time>undefined</time></pt><pt><x>3464</x><y>25</y><time>undefined</time></pt><closed_date>28-09-20 22:02:35:561</closed_date></polygon></object></annotation>