<annotation><filename>m1_s01_004_p_nic079.jpg</filename><folder>users/joselusava//valeria_apoyo/sala01_004_nic</folder><source><submittedBy>Jose Saca</submittedBy></source><imagesize><nrows>3200</nrows><ncols>4800</ncols></imagesize><object><name>m1_s01_004_p_nic079</name><deleted>0</deleted><verified>0</verified><occluded>no</occluded><attributes></attributes><parts><hasparts></hasparts><ispartof></ispartof></parts><date>17-09-20 20:10:43:468</date><id>0</id><type>bounding_box</type><polygon><username>anonymous</username><pt><x>36</x><y>3139</y><time>17-09-20 20:10:35:511</time></pt><pt><x>2952</x><y>3139</y><time>17-09-20 20:10:37:711</time></pt><pt><x>2952</x><y>2036</y><time>undefined</time></pt><pt><x>36</x><y>2036</y><time>undefined</time></pt><closed_date>17-09-20 20:10:37:712</closed_date></polygon></object></annotation>