<annotation><filename>m2_s02_129_p_nic080.jpg</filename><folder>users/joselusava//m2_jsv/129/nic</folder><source><submittedBy>Jose Saca</submittedBy></source><imagesize><nrows>2910</nrows><ncols>4361</ncols></imagesize><object><name>m2_s02_129_p_nic080</name><deleted>0</deleted><verified>0</verified><occluded>no</occluded><attributes></attributes><parts><hasparts></hasparts><ispartof></ispartof></parts><date>25-09-20 08:23:05:411</date><id>0</id><type>bounding_box</type><polygon><username>anonymous</username><pt><x>3186</x><y>1175</y><time>25-09-20 08:23:03:262</time></pt><pt><x>1924</x><y>1175</y><time>25-09-20 08:23:04:485</time></pt><pt><x>1924</x><y>44</y><time>undefined</time></pt><pt><x>3186</x><y>44</y><time>undefined</time></pt><closed_date>25-09-20 08:23:04:485</closed_date></polygon></object></annotation>