<annotation><filename>m1_s02_052_p_nic053.jpg</filename><folder>users/joselusava//valeria/sala2_052_nic</folder><source><submittedBy>Jose Saca</submittedBy></source><imagesize><nrows>3200</nrows><ncols>4800</ncols></imagesize><object><name>m1_s02_052_p_nic053</name><deleted>0</deleted><verified>0</verified><occluded>no</occluded><attributes></attributes><parts><hasparts></hasparts><ispartof></ispartof></parts><date>27-08-20 16:32:13:908</date><id>0</id><type>bounding_box</type><polygon><username>anonymous</username><pt><x>3420</x><y>1310</y><time>27-08-20 16:32:08:443</time></pt><pt><x>2132</x><y>1310</y><time>27-08-20 16:32:10:777</time></pt><pt><x>2132</x><y>204</y><time>undefined</time></pt><pt><x>3420</x><y>204</y><time>undefined</time></pt><closed_date>27-08-20 16:32:10:778</closed_date></polygon></object></annotation>