<annotation><filename>m2_s03_219_p_nic028.jpg</filename><folder>users/joselusava//valeria/m2_sala03_219_nic</folder><source><submittedBy>Jose Saca</submittedBy></source><imagesize><nrows>2910</nrows><ncols>4361</ncols></imagesize><object><name>m2_s03_219_p_nic028</name><deleted>0</deleted><verified>0</verified><occluded>no</occluded><attributes></attributes><parts><hasparts></hasparts><ispartof></ispartof></parts><date>29-09-20 17:33:44:706</date><id>0</id><type>bounding_box</type><polygon><username>anonymous</username><pt><x>2486</x><y>1857</y><time>29-09-20 17:33:38:216</time></pt><pt><x>1383</x><y>1857</y><time>29-09-20 17:33:40:416</time></pt><pt><x>1383</x><y>198</y><time>undefined</time></pt><pt><x>2486</x><y>198</y><time>undefined</time></pt><closed_date>29-09-20 17:33:40:417</closed_date></polygon></object></annotation>