<annotation><filename>m1_s02_029_p_ic030.jpg</filename><folder>users/joselusava//valeria/sala2_029_ic</folder><source><submittedBy>Jose Saca</submittedBy></source><imagesize><nrows>3200</nrows><ncols>4800</ncols></imagesize><object><name>m1_s02_029_p_ic030</name><deleted>0</deleted><verified>0</verified><occluded>no</occluded><attributes></attributes><parts><hasparts></hasparts><ispartof></ispartof></parts><date>22-08-20 18:54:39:803</date><id>0</id><type>bounding_box</type><polygon><username>anonymous</username><pt><x>1353</x><y>204</y><time>22-08-20 18:54:21:213</time></pt><pt><x>3630</x><y>204</y><time>22-08-20 18:54:26:778</time></pt><pt><x>3630</x><y>2974</y><time>undefined</time></pt><pt><x>1353</x><y>2974</y><time>undefined</time></pt><closed_date>22-08-20 18:54:26:779</closed_date></polygon></object></annotation>