<annotation><filename>m2_s01_001_p_ic062.jpg</filename><folder>users/joselusava//santiago</folder><source><submittedBy>Jose Saca</submittedBy></source><imagesize><nrows>2850</nrows><ncols>4271</ncols></imagesize><object><name>m2_s01_001_p_ic062</name><deleted>0</deleted><verified>0</verified><occluded>no</occluded><attributes></attributes><parts><hasparts></hasparts><ispartof></ispartof></parts><date>19-09-20 09:01:51:888</date><id>0</id><type>bounding_box</type><polygon><username>anonymous</username><pt><x>452</x><y>417</y><time>19-09-20 09:01:42:798</time></pt><pt><x>3324</x><y>417</y><time>19-09-20 09:01:45:217</time></pt><pt><x>3324</x><y>2712</y><time>undefined</time></pt><pt><x>452</x><y>2712</y><time>undefined</time></pt><closed_date>19-09-20 09:01:45:218</closed_date></polygon></object></annotation>