<annotation><filename>m1_s01_016_x.jpg</filename><folder>users/joselusava//museos2020</folder><source><submittedBy>Jose Saca</submittedBy></source><imagesize><nrows>3200</nrows><ncols>4800</ncols></imagesize><object><name>m1_s01_016_x</name><deleted>0</deleted><verified>0</verified><occluded>no</occluded><attributes></attributes><parts><hasparts></hasparts><ispartof></ispartof></parts><date>13-09-20 22:07:30:255</date><id>0</id><type>bounding_box</type><polygon><username>anonymous</username><pt><x>1258</x><y>1109</y><time>13-09-20 22:07:20:571</time></pt><pt><x>3486</x><y>1109</y><time>13-09-20 22:07:22:699</time></pt><pt><x>3486</x><y>2234</y><time>undefined</time></pt><pt><x>1258</x><y>2234</y><time>undefined</time></pt><closed_date>13-09-20 22:07:22:699</closed_date></polygon></object></annotation>