<annotation><filename>img_m1_s03-04_101_p_nic008.jpg</filename><folder>users/joselusava//valeria/sala3y4_101_nic</folder><source><submittedBy>Jose Saca</submittedBy></source><imagesize><nrows>3200</nrows><ncols>4800</ncols></imagesize><object><name>m1_s03_s04_101_p_nic008</name><deleted>0</deleted><verified>0</verified><occluded>no</occluded><attributes></attributes><parts><hasparts></hasparts><ispartof></ispartof></parts><date>29-08-20 22:50:56:423</date><id>0</id><type>bounding_box</type><polygon><username>anonymous</username><pt><x>4782</x><y>3182</y><time>29-08-20 22:50:47:668</time></pt><pt><x>1248</x><y>3182</y><time>29-08-20 22:50:50:971</time></pt><pt><x>1248</x><y>1642</y><time>undefined</time></pt><pt><x>4782</x><y>1642</y><time>undefined</time></pt><closed_date>29-08-20 22:50:50:972</closed_date></polygon></object></annotation>