<annotation><filename>m2_s05_236_p_ic039.jpg</filename><folder>users/joselusava//museos2020</folder><source><submittedBy>Jose Saca</submittedBy></source><imagesize><nrows>2910</nrows><ncols>4361</ncols></imagesize><object><name>m2_s05_236_p_ic039</name><deleted>0</deleted><verified>0</verified><occluded>no</occluded><attributes></attributes><parts><hasparts></hasparts><ispartof></ispartof></parts><date>16-09-20 18:26:06:060</date><id>0</id><type>bounding_box</type><polygon><username>anonymous</username><pt><x>284</x><y>51</y><time>16-09-20 18:25:55:583</time></pt><pt><x>3765</x><y>51</y><time>16-09-20 18:25:59:456</time></pt><pt><x>3765</x><y>2729</y><time>undefined</time></pt><pt><x>284</x><y>2729</y><time>undefined</time></pt><closed_date>16-09-20 18:25:59:457</closed_date></polygon></object></annotation>