<annotation><filename>m4_s09_138_p_ic002.jpg</filename><folder>users/joselusava//santiago_2</folder><source><submittedBy>Jose Saca</submittedBy></source><imagesize><nrows>2970</nrows><ncols>4451</ncols></imagesize><object><name>m4_s09_138_p_ic002</name><deleted>0</deleted><verified>0</verified><occluded>no</occluded><attributes></attributes><parts><hasparts></hasparts><ispartof></ispartof></parts><date>22-10-20 13:45:13:201</date><id>0</id><type>bounding_box</type><polygon><username>anonymous</username><pt><x>1542</x><y>643</y><time>22-10-20 13:45:08:663</time></pt><pt><x>3223</x><y>643</y><time>22-10-20 13:45:10:335</time></pt><pt><x>3223</x><y>2103</y><time>undefined</time></pt><pt><x>1542</x><y>2103</y><time>undefined</time></pt><closed_date>22-10-20 13:45:10:335</closed_date></polygon></object></annotation>