<annotation><filename>m4_s02_015_p_ic027.jpg</filename><folder>users/joselusava//m4_js/15ic</folder><source><submittedBy>Jose Saca</submittedBy></source><imagesize><nrows>2910</nrows><ncols>4361</ncols></imagesize><object><name>m4_s02_015_p_ic027</name><deleted>0</deleted><verified>0</verified><occluded>no</occluded><attributes></attributes><parts><hasparts></hasparts><ispartof></ispartof></parts><date>03-10-20 19:17:06:292</date><id>0</id><type>bounding_box</type><polygon><username>anonymous</username><pt><x>2907</x><y>2490</y><time>03-10-20 19:17:03:786</time></pt><pt><x>1610</x><y>2490</y><time>03-10-20 19:17:05:676</time></pt><pt><x>1610</x><y>566</y><time>undefined</time></pt><pt><x>2907</x><y>566</y><time>undefined</time></pt><closed_date>03-10-20 19:17:05:676</closed_date></polygon></object></annotation>