<annotation><filename>m2_s03_252_p_nic032.jpg</filename><folder>users/joselusava//valeria/m2_sala03_252_nic</folder><source><submittedBy>Jose Saca</submittedBy></source><imagesize><nrows>2910</nrows><ncols>4361</ncols></imagesize><object><name>m2_s06_252_p_nic032</name><deleted>0</deleted><verified>0</verified><occluded>no</occluded><attributes></attributes><parts><hasparts></hasparts><ispartof></ispartof></parts><date>26-09-20 20:15:29:583</date><id>0</id><type>bounding_box</type><polygon><username>anonymous</username><pt><x>2199</x><y>661</y><time>26-09-20 20:15:22:529</time></pt><pt><x>413</x><y>661</y><time>26-09-20 20:15:25:691</time></pt><pt><x>413</x><y>1742</y><time>undefined</time></pt><pt><x>2199</x><y>1742</y><time>undefined</time></pt><closed_date>26-09-20 20:15:25:692</closed_date></polygon></object></annotation>