<annotation><filename>m2_s02_190_p_ic077.jpg</filename><folder>users/joselusava//m2_jsv/190/ic</folder><source><submittedBy>Jose Saca</submittedBy></source><imagesize><nrows>2910</nrows><ncols>4361</ncols></imagesize><object><name>m2_s02_190_p_ic077</name><deleted>0</deleted><verified>0</verified><occluded>no</occluded><attributes></attributes><parts><hasparts></hasparts><ispartof></ispartof></parts><date>21-09-20 14:40:17:778</date><id>0</id><type>bounding_box</type><polygon><username>anonymous</username><pt><x>2896</x><y>2878</y><time>21-09-20 14:40:14:594</time></pt><pt><x>1335</x><y>2878</y><time>21-09-20 14:40:16:901</time></pt><pt><x>1335</x><y>277</y><time>undefined</time></pt><pt><x>2896</x><y>277</y><time>undefined</time></pt><closed_date>21-09-20 14:40:16:902</closed_date></polygon></object></annotation>