<annotation><filename>m2_s05_236_p_ic054.jpg</filename><folder>users/joselusava//museos2020</folder><source><submittedBy>Jose Saca</submittedBy></source><imagesize><nrows>2910</nrows><ncols>4361</ncols></imagesize><object><name>m2_s05_236_p_ic054</name><deleted>0</deleted><verified>0</verified><occluded>no</occluded><attributes></attributes><parts><hasparts></hasparts><ispartof></ispartof></parts><date>16-09-20 18:46:09:277</date><id>0</id><type>bounding_box</type><polygon><username>anonymous</username><pt><x>344</x><y>228</y><time>16-09-20 18:46:01:862</time></pt><pt><x>3691</x><y>228</y><time>16-09-20 18:46:03:403</time></pt><pt><x>3691</x><y>2812</y><time>undefined</time></pt><pt><x>344</x><y>2812</y><time>undefined</time></pt><closed_date>16-09-20 18:46:03:404</closed_date></polygon></object></annotation>