<annotation><filename>m2_s07_264_p_ic083.jpg</filename><folder>users/joselusava//valeria/sala7_264_ic</folder><source><submittedBy>Jose Saca</submittedBy></source><imagesize><nrows>2910</nrows><ncols>4361</ncols></imagesize><object><name>m2_s07_264_p_ic083</name><deleted>0</deleted><verified>0</verified><occluded>no</occluded><attributes></attributes><parts><hasparts></hasparts><ispartof></ispartof></parts><date>23-09-20 12:21:09:301</date><id>0</id><type>bounding_box</type><polygon><username>anonymous</username><pt><x>1472</x><y>375</y><time>23-09-20 12:21:02:859</time></pt><pt><x>2982</x><y>375</y><time>23-09-20 12:21:05:660</time></pt><pt><x>2982</x><y>2469</y><time>undefined</time></pt><pt><x>1472</x><y>2469</y><time>undefined</time></pt><closed_date>23-09-20 12:21:05:661</closed_date></polygon></object></annotation>