<annotation><filename>m2_s01_001_p_ic041.jpg</filename><folder>users/joselusava//santiago</folder><source><submittedBy>Jose Saca</submittedBy></source><imagesize><nrows>2850</nrows><ncols>4271</ncols></imagesize><object><name>m2_s01_001_p_ic041</name><deleted>0</deleted><verified>0</verified><occluded>no</occluded><attributes></attributes><parts><hasparts></hasparts><ispartof></ispartof></parts><date>19-09-20 08:34:22:784</date><id>0</id><type>bounding_box</type><polygon><username>anonymous</username><pt><x>997</x><y>170</y><time>19-09-20 08:34:12:685</time></pt><pt><x>2985</x><y>170</y><time>19-09-20 08:34:15:012</time></pt><pt><x>2985</x><y>2805</y><time>undefined</time></pt><pt><x>997</x><y>2805</y><time>undefined</time></pt><closed_date>19-09-20 08:34:15:013</closed_date></polygon></object></annotation>