<annotation><filename>m4_s04_037_p_ic011.jpg</filename><folder>users/joselusava//santiago_2</folder><source><submittedBy>Jose Saca</submittedBy></source><imagesize><nrows>2970</nrows><ncols>4451</ncols></imagesize><object><name>m4_s04_037_p_ic011</name><deleted>0</deleted><verified>0</verified><occluded>no</occluded><attributes></attributes><parts><hasparts></hasparts><ispartof></ispartof></parts><date>17-10-20 18:11:35:246</date><id>0</id><type>bounding_box</type><polygon><username>anonymous</username><pt><x>1439</x><y>225</y><time>17-10-20 18:11:30:469</time></pt><pt><x>2841</x><y>225</y><time>17-10-20 18:11:33:070</time></pt><pt><x>2841</x><y>2645</y><time>undefined</time></pt><pt><x>1439</x><y>2645</y><time>undefined</time></pt><closed_date>17-10-20 18:11:33:071</closed_date></polygon></object></annotation>