<annotation><filename>m2_s01_018_p_ic090.jpg</filename><folder>users/joselusava//santiago_2</folder><source><submittedBy>Jose Saca</submittedBy></source><imagesize><nrows>2850</nrows><ncols>4271</ncols></imagesize><object><name>m2_s01_018_p_ic090</name><deleted>0</deleted><verified>0</verified><occluded>no</occluded><attributes></attributes><parts><hasparts></hasparts><ispartof></ispartof></parts><date>28-09-20 18:43:09:114</date><id>0</id><type>bounding_box</type><polygon><username>anonymous</username><pt><x>1648</x><y>760</y><time>28-09-20 18:43:01:708</time></pt><pt><x>2578</x><y>760</y><time>28-09-20 18:43:02:774</time></pt><pt><x>2578</x><y>1927</y><time>undefined</time></pt><pt><x>1648</x><y>1927</y><time>undefined</time></pt><closed_date>28-09-20 18:43:02:775</closed_date></polygon></object></annotation>