<annotation><filename>m2_s06_244_p_nic092.jpg</filename><folder>users/joselusava//museos2020</folder><source><submittedBy>Jose Saca</submittedBy></source><imagesize><nrows>2910</nrows><ncols>4361</ncols></imagesize><object><name>m2_s06_244_p_ic092</name><deleted>0</deleted><verified>0</verified><occluded>no</occluded><attributes></attributes><parts><hasparts></hasparts><ispartof></ispartof></parts><date>26-09-20 22:03:46:194</date><id>0</id><type>bounding_box</type><polygon><username>anonymous</username><pt><x>381</x><y>1139</y><time>26-09-20 22:03:40:116</time></pt><pt><x>1934</x><y>1139</y><time>26-09-20 22:03:41:494</time></pt><pt><x>1934</x><y>1794</y><time>undefined</time></pt><pt><x>381</x><y>1794</y><time>undefined</time></pt><closed_date>26-09-20 22:03:41:495</closed_date></polygon></object></annotation>