<annotation><filename>m4_s04_037_p_ic096.jpg</filename><folder>users/joselusava//santiago_2</folder><source><submittedBy>Jose Saca</submittedBy></source><imagesize><nrows>2970</nrows><ncols>4451</ncols></imagesize><object><name>m4_s04_037_p_ic096</name><deleted>0</deleted><verified>0</verified><occluded>no</occluded><attributes></attributes><parts><hasparts></hasparts><ispartof></ispartof></parts><date>18-10-20 22:31:44:861</date><id>0</id><type>bounding_box</type><polygon><username>anonymous</username><pt><x>1585</x><y>389</y><time>18-10-20 22:31:42:100</time></pt><pt><x>2977</x><y>389</y><time>18-10-20 22:31:43:097</time></pt><pt><x>2977</x><y>2759</y><time>undefined</time></pt><pt><x>1585</x><y>2759</y><time>undefined</time></pt><closed_date>18-10-20 22:31:43:099</closed_date></polygon></object></annotation>