<annotation><filename>m2_s01_061_x.jpg</filename><folder>users/joselusava//juancarlos</folder><source><submittedBy>Jose Saca</submittedBy></source><imagesize><nrows>2850</nrows><ncols>4271</ncols></imagesize><object><name>m2_s01_061_x</name><deleted>0</deleted><verified>0</verified><occluded>no</occluded><attributes></attributes><parts><hasparts></hasparts><ispartof></ispartof></parts><date>28-09-20 10:39:58:308</date><id>0</id><type>bounding_box</type><polygon><username>anonymous</username><pt><x>1184</x><y>132</y><time>28-09-20 10:39:50:724</time></pt><pt><x>2918</x><y>132</y><time>28-09-20 10:39:52:803</time></pt><pt><x>2918</x><y>2686</y><time>undefined</time></pt><pt><x>1184</x><y>2686</y><time>undefined</time></pt><closed_date>28-09-20 10:39:52:804</closed_date></polygon></object></annotation>