<annotation><filename>m1_s01_017_p_ic036.jpg</filename><folder>users/joselusava//santiago</folder><source><submittedBy>Jose Saca</submittedBy></source><imagesize><nrows>3200</nrows><ncols>4800</ncols></imagesize><object><name>m1_s01_017_p_ic036</name><deleted>0</deleted><verified>0</verified><occluded>no</occluded><attributes></attributes><parts><hasparts></hasparts><ispartof></ispartof></parts><date>10-09-20 16:58:42:715</date><id>0</id><type>bounding_box</type><polygon><username>anonymous</username><pt><x>1415</x><y>921</y><time>10-09-20 16:57:44:371</time></pt><pt><x>3355</x><y>921</y><time>10-09-20 16:57:46:729</time></pt><pt><x>3355</x><y>2102</y><time>undefined</time></pt><pt><x>1415</x><y>2102</y><time>undefined</time></pt><closed_date>10-09-20 16:57:46:730</closed_date></polygon></object></annotation>