<annotation><filename>m2_s01_054_p_ic067.jpg</filename><folder>users/joselusava//kath</folder><source><submittedBy>Jose Saca</submittedBy></source><imagesize><nrows>2850</nrows><ncols>4271</ncols></imagesize><object><name>m2_s01_054_p_ic067</name><deleted>0</deleted><verified>0</verified><occluded>no</occluded><attributes></attributes><parts><hasparts></hasparts><ispartof></ispartof></parts><date>29-09-20 23:46:10:729</date><id>0</id><type>bounding_box</type><polygon><username>anonymous</username><pt><x>1467</x><y>351</y><time>29-09-20 23:46:04:031</time></pt><pt><x>2583</x><y>351</y><time>29-09-20 23:46:06:154</time></pt><pt><x>2583</x><y>2569</y><time>undefined</time></pt><pt><x>1467</x><y>2569</y><time>undefined</time></pt><closed_date>29-09-20 23:46:06:154</closed_date></polygon></object></annotation>