<annotation><filename>m2_s03_219_p_nic019.jpg</filename><folder>users/joselusava//valeria/m2_sala03_219_nic</folder><source><submittedBy>Jose Saca</submittedBy></source><imagesize><nrows>2910</nrows><ncols>4361</ncols></imagesize><object><name>m2_s03_219_p_nic019</name><deleted>0</deleted><verified>0</verified><occluded>no</occluded><attributes></attributes><parts><hasparts></hasparts><ispartof></ispartof></parts><date>29-09-20 17:24:04:880</date><id>0</id><type>bounding_box</type><polygon><username>anonymous</username><pt><x>3891</x><y>2370</y><time>29-09-20 17:23:59:567</time></pt><pt><x>2535</x><y>2370</y><time>29-09-20 17:24:01:962</time></pt><pt><x>2535</x><y>766</y><time>undefined</time></pt><pt><x>3891</x><y>766</y><time>undefined</time></pt><closed_date>29-09-20 17:24:01:963</closed_date></polygon></object></annotation>