<annotation><filename>m2_s01_010_p_ic055.jpg</filename><folder>users/joselusava//santiago</folder><source><submittedBy>Jose Saca</submittedBy></source><imagesize><nrows>2850</nrows><ncols>4271</ncols></imagesize><object><name>m2_s01_010_p_ic055</name><deleted>0</deleted><verified>0</verified><occluded>no</occluded><attributes></attributes><parts><hasparts></hasparts><ispartof></ispartof></parts><date>21-09-20 16:01:45:783</date><id>0</id><type>bounding_box</type><polygon><username>anonymous</username><pt><x>1132</x><y>789</y><time>21-09-20 16:01:38:637</time></pt><pt><x>3026</x><y>789</y><time>21-09-20 16:01:40:577</time></pt><pt><x>3026</x><y>2622</y><time>undefined</time></pt><pt><x>1132</x><y>2622</y><time>undefined</time></pt><closed_date>21-09-20 16:01:40:579</closed_date></polygon></object></annotation>