<annotation><filename>m4_s02_015_p_nic014.jpg</filename><folder>users/joselusava//m4_js/15nic</folder><source><submittedBy>Jose Saca</submittedBy></source><imagesize><nrows>2910</nrows><ncols>4361</ncols></imagesize><object><name>m4_s02_015_p_nic014</name><deleted>0</deleted><verified>0</verified><occluded>no</occluded><attributes></attributes><parts><hasparts></hasparts><ispartof></ispartof></parts><date>06-10-20 19:40:42:412</date><id>0</id><type>bounding_box</type><polygon><username>anonymous</username><pt><x>2028</x><y>1367</y><time>06-10-20 19:40:40:677</time></pt><pt><x>3012</x><y>1367</y><time>06-10-20 19:40:41:593</time></pt><pt><x>3012</x><y>165</y><time>undefined</time></pt><pt><x>2028</x><y>165</y><time>undefined</time></pt><closed_date>06-10-20 19:40:41:593</closed_date></polygon></object></annotation>