<annotation><filename>m1_s02_065_p_ic007.jpg</filename><folder>users/joselusava//valeria/sala2_065_ic</folder><source><submittedBy>Jose Saca</submittedBy></source><imagesize><nrows>2000</nrows><ncols>2992</ncols></imagesize><object><name>m1_s02_065_p_ic007</name><deleted>0</deleted><verified>0</verified><occluded>no</occluded><attributes></attributes><parts><hasparts></hasparts><ispartof></ispartof></parts><date>25-08-20 21:23:11:721</date><id>0</id><type>bounding_box</type><polygon><username>anonymous</username><pt><x>379</x><y>238</y><time>25-08-20 21:23:02:252</time></pt><pt><x>2960</x><y>238</y><time>25-08-20 21:23:06:631</time></pt><pt><x>2960</x><y>1899</y><time>undefined</time></pt><pt><x>379</x><y>1899</y><time>undefined</time></pt><closed_date>25-08-20 21:23:06:632</closed_date></polygon></object></annotation>