<annotation><filename>m3_s01_013_p_ic095.jpg</filename><folder>users/joselusava//valeria/m03_s01_13_ic</folder><source><submittedBy>Jose Saca</submittedBy></source><imagesize><nrows>2970</nrows><ncols>4451</ncols></imagesize><object><name>m3_s01_013_p_ic094</name><deleted>0</deleted><verified>0</verified><occluded>no</occluded><attributes></attributes><parts><hasparts></hasparts><ispartof></ispartof></parts><date>01-11-20 09:47:44:020</date><id>0</id><type>bounding_box</type><polygon><username>anonymous</username><pt><x>4021</x><y>2964</y><time>01-11-20 09:47:37:098</time></pt><pt><x>965</x><y>2964</y><time>01-11-20 09:47:40:210</time></pt><pt><x>965</x><y>246</y><time>undefined</time></pt><pt><x>4021</x><y>246</y><time>undefined</time></pt><closed_date>01-11-20 09:47:40:211</closed_date></polygon></object></annotation>