<annotation><filename>m2_s01_024_p_nic002.jpg</filename><folder>users/joselusava//santiago</folder><source><submittedBy>Jose Saca</submittedBy></source><imagesize><nrows>2850</nrows><ncols>4271</ncols></imagesize><object><name>m2_s01_024_p_nic002</name><deleted>0</deleted><verified>0</verified><occluded>no</occluded><attributes></attributes><parts><hasparts></hasparts><ispartof></ispartof></parts><date>25-09-20 13:22:59:883</date><id>0</id><type>bounding_box</type><polygon><username>anonymous</username><pt><x>2789</x><y>519</y><time>25-09-20 13:22:47:798</time></pt><pt><x>3889</x><y>519</y><time>25-09-20 13:22:50:129</time></pt><pt><x>3889</x><y>2311</y><time>undefined</time></pt><pt><x>2789</x><y>2311</y><time>undefined</time></pt><closed_date>25-09-20 13:22:50:130</closed_date></polygon></object></annotation>