<annotation><filename>m2_s03_219_p_ic098.jpg</filename><folder>users/joselusava//valeria/m2_sala03_219_ic</folder><source><submittedBy>Jose Saca</submittedBy></source><imagesize><nrows>2910</nrows><ncols>4361</ncols></imagesize><object><name>m2_s03_219_p_ic098</name><deleted>0</deleted><verified>0</verified><occluded>no</occluded><attributes></attributes><parts><hasparts></hasparts><ispartof></ispartof></parts><date>29-09-20 01:30:20:756</date><id>0</id><type>bounding_box</type><polygon><username>anonymous</username><pt><x>3230</x><y>2662</y><time>29-09-20 01:30:14:900</time></pt><pt><x>981</x><y>2662</y><time>29-09-20 01:30:16:988</time></pt><pt><x>981</x><y>518</y><time>undefined</time></pt><pt><x>3230</x><y>518</y><time>undefined</time></pt><closed_date>29-09-20 01:30:16:989</closed_date></polygon></object></annotation>