<annotation><filename>m4_s02_021_p_ic028.jpg</filename><folder>users/joselusava//santiago_2</folder><source><submittedBy>Jose Saca</submittedBy></source><imagesize><nrows>3000</nrows><ncols>4496</ncols></imagesize><object><name>m4_s02_021_p_ic028</name><deleted>0</deleted><verified>0</verified><occluded>no</occluded><attributes></attributes><parts><hasparts></hasparts><ispartof></ispartof></parts><date>03-10-20 17:54:53:510</date><id>0</id><type>bounding_box</type><polygon><username>anonymous</username><pt><x>1779</x><y>404</y><time>03-10-20 17:54:49:018</time></pt><pt><x>2846</x><y>404</y><time>03-10-20 17:54:51:407</time></pt><pt><x>2846</x><y>2432</y><time>undefined</time></pt><pt><x>1779</x><y>2432</y><time>undefined</time></pt><closed_date>03-10-20 17:54:51:409</closed_date></polygon></object></annotation>