<annotation><filename>m2_s02_085_p_nic085.jpg</filename><folder>users/joselusava//m2_jsv/85/nic</folder><source><submittedBy>Jose Saca</submittedBy></source><imagesize><nrows>2910</nrows><ncols>4361</ncols></imagesize><object><name>m2_s02_085_p_nic085</name><deleted>0</deleted><verified>0</verified><occluded>no</occluded><attributes></attributes><parts><hasparts></hasparts><ispartof></ispartof></parts><date>19-09-20 22:59:35:582</date><id>0</id><type>bounding_box</type><polygon><username>anonymous</username><pt><x>2220</x><y>192</y><time>19-09-20 22:59:34:203</time></pt><pt><x>2907</x><y>192</y><time>19-09-20 22:59:34:936</time></pt><pt><x>2907</x><y>975</y><time>undefined</time></pt><pt><x>2220</x><y>975</y><time>undefined</time></pt><closed_date>19-09-20 22:59:34:936</closed_date></polygon></object></annotation>