<annotation><filename>m4_s05_060_p_ic055.jpg</filename><folder>users/joselusava//m4_js/60/ic</folder><source><submittedBy>Jose Saca</submittedBy></source><imagesize><nrows>2910</nrows><ncols>4361</ncols></imagesize><object><name>m4_s05_060_p_ic055</name><deleted>0</deleted><verified>0</verified><occluded>no</occluded><attributes></attributes><parts><hasparts></hasparts><ispartof></ispartof></parts><date>13-10-20 15:54:00:285</date><id>0</id><type>bounding_box</type><polygon><username>anonymous</username><pt><x>627</x><y>2507</y><time>13-10-20 15:53:57:818</time></pt><pt><x>3673</x><y>2507</y><time>13-10-20 15:53:59:456</time></pt><pt><x>3673</x><y>870</y><time>undefined</time></pt><pt><x>627</x><y>870</y><time>undefined</time></pt><closed_date>13-10-20 15:53:59:456</closed_date></polygon></object></annotation>