<annotation><filename>m2_s01_001_p_ic042.jpg</filename><folder>users/joselusava//santiago</folder><source><submittedBy>Jose Saca</submittedBy></source><imagesize><nrows>2850</nrows><ncols>4271</ncols></imagesize><object><name>m2_s01_001_p_ic042</name><deleted>0</deleted><verified>0</verified><occluded>no</occluded><attributes></attributes><parts><hasparts></hasparts><ispartof></ispartof></parts><date>19-09-20 08:35:44:313</date><id>0</id><type>bounding_box</type><polygon><username>anonymous</username><pt><x>997</x><y>80</y><time>19-09-20 08:35:35:060</time></pt><pt><x>3013</x><y>80</y><time>19-09-20 08:35:37:480</time></pt><pt><x>3013</x><y>2831</y><time>undefined</time></pt><pt><x>997</x><y>2831</y><time>undefined</time></pt><closed_date>19-09-20 08:35:37:481</closed_date></polygon></object></annotation>