<annotation><filename>m4_s11_178_p_nic018.jpg</filename><folder>users/joselusava//santiago_2</folder><source><submittedBy>Jose Saca</submittedBy></source><imagesize><nrows>2970</nrows><ncols>4451</ncols></imagesize><object><name>m4_s11_178_p_nic018</name><deleted>0</deleted><verified>0</verified><occluded>no</occluded><attributes></attributes><parts><hasparts></hasparts><ispartof></ispartof></parts><date>15-10-20 23:07:46:282</date><id>0</id><type>bounding_box</type><polygon><username>anonymous</username><pt><x>557</x><y>268</y><time>15-10-20 23:07:42:456</time></pt><pt><x>1910</x><y>268</y><time>15-10-20 23:07:43:961</time></pt><pt><x>1910</x><y>1599</y><time>undefined</time></pt><pt><x>557</x><y>1599</y><time>undefined</time></pt><closed_date>15-10-20 23:07:43:961</closed_date></polygon></object></annotation>