<annotation><filename>m1_s03-04_073_x.jpg</filename><folder>users/joselusava//valeria/sala03y04</folder><source><submittedBy>Jose Saca</submittedBy></source><imagesize><nrows>3200</nrows><ncols>4800</ncols></imagesize><object><name>m1_s03_s04_073_x</name><deleted>0</deleted><verified>0</verified><occluded>no</occluded><attributes></attributes><parts><hasparts></hasparts><ispartof></ispartof></parts><date>28-08-20 19:44:03:946</date><id>0</id><type>bounding_box</type><polygon><username>anonymous</username><pt><x>3893</x><y>3066</y><time>28-08-20 19:43:56:668</time></pt><pt><x>1138</x><y>3066</y><time>28-08-20 19:43:59:950</time></pt><pt><x>1138</x><y>59</y><time>undefined</time></pt><pt><x>3893</x><y>59</y><time>undefined</time></pt><closed_date>28-08-20 19:43:59:951</closed_date></polygon></object></annotation>