<annotation><filename>m4_s05_052_p_nic003.jpg</filename><folder>users/joselusava//santiago_2</folder><source><submittedBy>Jose Saca</submittedBy></source><imagesize><nrows>2910</nrows><ncols>4361</ncols></imagesize><object><name>m4_s05_052_p_nic003</name><deleted>0</deleted><verified>0</verified><occluded>no</occluded><attributes></attributes><parts><hasparts></hasparts><ispartof></ispartof></parts><date>07-10-20 23:41:25:929</date><id>0</id><type>bounding_box</type><polygon><username>anonymous</username><pt><x>2460</x><y>838</y><time>07-10-20 23:41:22:822</time></pt><pt><x>3915</x><y>838</y><time>07-10-20 23:41:23:993</time></pt><pt><x>3915</x><y>2359</y><time>undefined</time></pt><pt><x>2460</x><y>2359</y><time>undefined</time></pt><closed_date>07-10-20 23:41:23:994</closed_date></polygon></object></annotation>