<annotation><filename>m2_s03_248_p_ic098.jpg</filename><folder>users/joselusava//museos2020</folder><source><submittedBy>Jose Saca</submittedBy></source><imagesize><nrows>2910</nrows><ncols>4361</ncols></imagesize><object><name>m2_s03_248_p_ic098</name><deleted>0</deleted><verified>0</verified><occluded>no</occluded><attributes></attributes><parts><hasparts></hasparts><ispartof></ispartof></parts><date>27-09-20 09:30:08:173</date><id>0</id><polygon><username>anonymous</username><pt><x>888</x><y>600</y><time>27-09-20 09:29:58:503</time></pt><pt><x>3277</x><y>702</y><time>27-09-20 09:29:59:947</time></pt><pt><x>3510</x><y>972</y><time>27-09-20 09:30:01:073</time></pt><pt><x>2282</x><y>2468</y><time>27-09-20 09:30:02:121</time></pt><closed_date>27-09-20 09:30:03:180</closed_date></polygon></object></annotation>