<annotation><filename>m2_s06_244_p_nic093.jpg</filename><folder>users/joselusava//museos2020</folder><source><submittedBy>Jose Saca</submittedBy></source><imagesize><nrows>2910</nrows><ncols>4361</ncols></imagesize><object><name>m2_s06_244_p_ic093</name><deleted>0</deleted><verified>0</verified><occluded>no</occluded><attributes></attributes><parts><hasparts></hasparts><ispartof></ispartof></parts><date>26-09-20 22:04:36:257</date><id>0</id><type>bounding_box</type><polygon><username>anonymous</username><pt><x>325</x><y>1157</y><time>26-09-20 22:04:20:510</time></pt><pt><x>1841</x><y>1157</y><time>26-09-20 22:04:26:032</time></pt><pt><x>1841</x><y>1804</y><time>undefined</time></pt><pt><x>325</x><y>1804</y><time>undefined</time></pt><closed_date>26-09-20 22:04:26:033</closed_date></polygon></object></annotation>