<annotation><filename>m3_s01_002_p_nic021.jpg</filename><folder>users/joselusava//santiago_3</folder><source><submittedBy>Jose Saca</submittedBy></source><imagesize><nrows>2970</nrows><ncols>4451</ncols></imagesize><object><name>m3_s01_002_p_nic021</name><deleted>0</deleted><verified>0</verified><occluded>no</occluded><attributes></attributes><parts><hasparts></hasparts><ispartof></ispartof></parts><date>29-10-20 15:43:44:240</date><id>0</id><type>bounding_box</type><polygon><username>anonymous</username><pt><x>343</x><y>1057</y><time>29-10-20 15:43:41:095</time></pt><pt><x>3202</x><y>1057</y><time>29-10-20 15:43:42:416</time></pt><pt><x>3202</x><y>2952</y><time>undefined</time></pt><pt><x>343</x><y>2952</y><time>undefined</time></pt><closed_date>29-10-20 15:43:42:417</closed_date></polygon></object></annotation>