<annotation><filename>m2_s07_264_p_ic021.jpg</filename><folder>users/joselusava//valeria/sala7_264_ic</folder><source><submittedBy>Jose Saca</submittedBy></source><imagesize><nrows>2910</nrows><ncols>4361</ncols></imagesize><object><name>m2_s07_264_p_ic021</name><deleted>0</deleted><verified>0</verified><occluded>no</occluded><attributes></attributes><parts><hasparts></hasparts><ispartof></ispartof></parts><date>22-09-20 18:31:04:767</date><id>0</id><type>bounding_box</type><polygon><username>anonymous</username><pt><x>2761</x><y>2453</y><time>22-09-20 18:30:57:961</time></pt><pt><x>1246</x><y>2453</y><time>22-09-20 18:31:00:693</time></pt><pt><x>1246</x><y>568</y><time>undefined</time></pt><pt><x>2761</x><y>568</y><time>undefined</time></pt><closed_date>22-09-20 18:31:00:694</closed_date></polygon></object></annotation>