<annotation><filename>m2_s03_248_p_ic100.jpg</filename><folder>users/joselusava//museos2020</folder><source><submittedBy>Jose Saca</submittedBy></source><imagesize><nrows>2910</nrows><ncols>4361</ncols></imagesize><object><name>m2_s03_248_p_ic100</name><deleted>0</deleted><verified>0</verified><occluded>no</occluded><attributes></attributes><parts><hasparts></hasparts><ispartof></ispartof></parts><date>27-09-20 09:31:29:992</date><id>0</id><polygon><username>anonymous</username><pt><x>753</x><y>642</y><time>27-09-20 09:31:20:564</time></pt><pt><x>3570</x><y>711</y><time>27-09-20 09:31:22:062</time></pt><pt><x>3821</x><y>999</y><time>27-09-20 09:31:22:924</time></pt><pt><x>2017</x><y>2496</y><time>27-09-20 09:31:24:275</time></pt><closed_date>27-09-20 09:31:25:092</closed_date></polygon></object></annotation>