<annotation><filename>m4_s09_138_p_ic030.jpg</filename><folder>users/joselusava//santiago_2</folder><source><submittedBy>Jose Saca</submittedBy></source><imagesize><nrows>2970</nrows><ncols>4451</ncols></imagesize><object><name>m4_s09_138_p_ic030</name><deleted>0</deleted><verified>0</verified><occluded>no</occluded><attributes></attributes><parts><hasparts></hasparts><ispartof></ispartof></parts><date>22-10-20 14:03:58:729</date><id>0</id><type>bounding_box</type><polygon><username>anonymous</username><pt><x>157</x><y>557</y><time>22-10-20 14:03:54:580</time></pt><pt><x>4337</x><y>557</y><time>22-10-20 14:03:56:254</time></pt><pt><x>4337</x><y>2485</y><time>undefined</time></pt><pt><x>157</x><y>2485</y><time>undefined</time></pt><closed_date>22-10-20 14:03:56:255</closed_date></polygon></object></annotation>