<annotation><filename>m3_s01_023_p_nic007.jpg</filename><folder>users/joselusava//santiago_3</folder><source><submittedBy>Jose Saca</submittedBy></source><imagesize><nrows>2970</nrows><ncols>4451</ncols></imagesize><object><name>m3_s01_023_p_nic007</name><deleted>0</deleted><verified>0</verified><occluded>no</occluded><attributes></attributes><parts><hasparts></hasparts><ispartof></ispartof></parts><date>06-11-20 08:48:35:467</date><id>0</id><type>bounding_box</type><polygon><username>anonymous</username><pt><x>1560</x><y>214</y><time>06-11-20 08:48:30:713</time></pt><pt><x>4069</x><y>214</y><time>06-11-20 08:48:32:441</time></pt><pt><x>4069</x><y>1938</y><time>undefined</time></pt><pt><x>1560</x><y>1938</y><time>undefined</time></pt><closed_date>06-11-20 08:48:32:442</closed_date></polygon></object></annotation>