<annotation><filename>m1_s01_017_p_ic035.jpg</filename><folder>users/joselusava//santiago</folder><source><submittedBy>Jose Saca</submittedBy></source><imagesize><nrows>3200</nrows><ncols>4800</ncols></imagesize><object><name>m1_s01_017_p_ic035</name><deleted>0</deleted><verified>0</verified><occluded>no</occluded><attributes></attributes><parts><hasparts></hasparts><ispartof></ispartof></parts><date>10-09-20 15:04:37:371</date><id>0</id><type>bounding_box</type><polygon><username>anonymous</username><pt><x>1548</x><y>972</y><time>10-09-20 15:04:24:802</time></pt><pt><x>3398</x><y>972</y><time>10-09-20 15:04:26:879</time></pt><pt><x>3398</x><y>2145</y><time>undefined</time></pt><pt><x>1548</x><y>2145</y><time>undefined</time></pt><closed_date>10-09-20 15:04:26:880</closed_date></polygon></object></annotation>