<annotation><filename>m1_s06_186_p_nic030.jpg</filename><folder>users/joselusava//jacob_2/186nic</folder><source><submittedBy>Jose Saca</submittedBy></source><imagesize><nrows>2736</nrows><ncols>4100</ncols></imagesize><object><name>m1_s06_186_p_nic030</name><deleted>0</deleted><verified>0</verified><occluded>no</occluded><attributes></attributes><parts><hasparts></hasparts><ispartof></ispartof></parts><date>09-09-20 23:12:24:179</date><id>0</id><type>bounding_box</type><polygon><username>anonymous</username><pt><x>1907</x><y>2586</y><time>09-09-20 23:12:22:281</time></pt><pt><x>3396</x><y>2586</y><time>09-09-20 23:12:23:436</time></pt><pt><x>3396</x><y>851</y><time>undefined</time></pt><pt><x>1907</x><y>851</y><time>undefined</time></pt><closed_date>09-09-20 23:12:23:436</closed_date></polygon></object></annotation>