<annotation><filename>m2_s01_034_p_ic046.jpg</filename><folder>users/joselusava//kath</folder><source><submittedBy>Jose Saca</submittedBy></source><imagesize><nrows>2850</nrows><ncols>4271</ncols></imagesize><object><name>m2_s01_034_p_ic046</name><deleted>0</deleted><verified>0</verified><occluded>no</occluded><attributes></attributes><parts><hasparts></hasparts><ispartof></ispartof></parts><date>25-09-20 13:56:32:652</date><id>0</id><polygon><username>anonymous</username><pt><x>1497</x><y>229</y><time>25-09-20 13:56:19:255</time></pt><pt><x>1518</x><y>2700</y><time>25-09-20 13:56:20:594</time></pt><pt><x>2922</x><y>2628</y><time>25-09-20 13:56:22:115</time></pt><pt><x>2879</x><y>79</y><time>25-09-20 13:56:23:360</time></pt><closed_date>25-09-20 13:56:28:077</closed_date></polygon></object></annotation>