<annotation><filename>m1_s06_141_p_ic058.jpg</filename><folder>users/joselusava//jacob_2/141ic</folder><source><submittedBy>Jose Saca</submittedBy></source><imagesize><nrows>2736</nrows><ncols>4100</ncols></imagesize><object><name>m1_s06_141_p_ic058</name><deleted>0</deleted><verified>0</verified><occluded>no</occluded><attributes></attributes><parts><hasparts></hasparts><ispartof></ispartof></parts><date>04-09-20 22:59:16:048</date><id>0</id><type>bounding_box</type><polygon><username>anonymous</username><pt><x>2645</x><y>183</y><time>04-09-20 22:59:11:720</time></pt><pt><x>1035</x><y>183</y><time>04-09-20 22:59:14:018</time></pt><pt><x>1035</x><y>2706</y><time>undefined</time></pt><pt><x>2645</x><y>2706</y><time>undefined</time></pt><closed_date>04-09-20 22:59:14:019</closed_date></polygon></object></annotation>