<annotation><filename>m1_s06_165_x.jpg</filename><folder>users/joselusava//jacob_2/sala6</folder><source><submittedBy>Jose Saca</submittedBy></source><imagesize><nrows>2736</nrows><ncols>4100</ncols></imagesize><object><name>m1_s06_165_x</name><deleted>0</deleted><verified>0</verified><occluded>no</occluded><attributes></attributes><parts><hasparts></hasparts><ispartof></ispartof></parts><date>06-09-20 01:45:20:263</date><id>0</id><type>bounding_box</type><polygon><username>anonymous</username><pt><x>1117</x><y>2617</y><time>06-09-20 01:45:17:639</time></pt><pt><x>3154</x><y>2617</y><time>06-09-20 01:45:19:507</time></pt><pt><x>3154</x><y>98</y><time>undefined</time></pt><pt><x>1117</x><y>98</y><time>undefined</time></pt><closed_date>06-09-20 01:45:19:507</closed_date></polygon></object></annotation>