<annotation><filename>m4_s10_154_p_nic009.jpg</filename><folder>users/joselusava//valeria/m04_s10_154_nic</folder><source><submittedBy>Jose Saca</submittedBy></source><imagesize><nrows>2970</nrows><ncols>4451</ncols></imagesize><object><name>m4_s10_154_p_nic009</name><deleted>0</deleted><verified>0</verified><occluded>no</occluded><attributes></attributes><parts><hasparts></hasparts><ispartof></ispartof></parts><date>13-10-20 23:36:23:117</date><id>0</id><type>bounding_box</type><polygon><username>anonymous</username><pt><x>2250</x><y>1902</y><time>13-10-20 23:36:18:147</time></pt><pt><x>3838</x><y>1902</y><time>13-10-20 23:36:20:354</time></pt><pt><x>3838</x><y>126</y><time>undefined</time></pt><pt><x>2250</x><y>126</y><time>undefined</time></pt><closed_date>13-10-20 23:36:20:355</closed_date></polygon></object></annotation>