<annotation><filename>m2_s01_054_p_nic066.jpg</filename><folder>users/joselusava//kath</folder><source><submittedBy>Jose Saca</submittedBy></source><imagesize><nrows>2850</nrows><ncols>4271</ncols></imagesize><object><name>m2_s01_054_p_nic066</name><deleted>0</deleted><verified>0</verified><occluded>no</occluded><attributes></attributes><parts><hasparts></hasparts><ispartof></ispartof></parts><date>30-09-20 19:49:14:718</date><id>0</id><type>bounding_box</type><polygon><username>anonymous</username><pt><x>2513</x><y>316</y><time>30-09-20 19:47:25:275</time></pt><pt><x>1797</x><y>316</y><time>30-09-20 19:47:27:785</time></pt><pt><x>1797</x><y>1509</y><time>undefined</time></pt><pt><x>2513</x><y>1509</y><time>undefined</time></pt><closed_date>30-09-20 19:47:27:787</closed_date></polygon></object></annotation>