<annotation><filename>m4_s05_060_p_nic088.jpg</filename><folder>users/joselusava//m4_js/60/nic</folder><source><submittedBy>Jose Saca</submittedBy></source><imagesize><nrows>2910</nrows><ncols>4361</ncols></imagesize><object><name>m4_s05_060_p_nic088</name><deleted>0</deleted><verified>0</verified><occluded>no</occluded><attributes></attributes><parts><hasparts></hasparts><ispartof></ispartof></parts><date>14-10-20 00:24:00:306</date><id>0</id><type>bounding_box</type><polygon><username>anonymous</username><pt><x>374</x><y>2873</y><time>14-10-20 00:23:58:149</time></pt><pt><x>3952</x><y>2873</y><time>14-10-20 00:23:59:653</time></pt><pt><x>3952</x><y>1105</y><time>undefined</time></pt><pt><x>374</x><y>1105</y><time>undefined</time></pt><closed_date>14-10-20 00:23:59:653</closed_date></polygon></object></annotation>