<annotation><filename>m4_s06_089_p_ic047.jpg</filename><folder>users/joselusava//santiago_2</folder><source><submittedBy>Jose Saca</submittedBy></source><imagesize><nrows>2970</nrows><ncols>4451</ncols></imagesize><object><name>m4_s06_089_p_ic047</name><deleted>0</deleted><verified>0</verified><occluded>no</occluded><attributes></attributes><parts><hasparts></hasparts><ispartof></ispartof></parts><date>11-10-20 18:38:07:541</date><id>0</id><type>bounding_box</type><polygon><username>anonymous</username><pt><x>1697</x><y>421</y><time>11-10-20 18:38:03:582</time></pt><pt><x>2786</x><y>421</y><time>11-10-20 18:38:05:365</time></pt><pt><x>2786</x><y>2387</y><time>undefined</time></pt><pt><x>1697</x><y>2387</y><time>undefined</time></pt><closed_date>11-10-20 18:38:05:366</closed_date></polygon></object></annotation>