<annotation><filename>m2_s02_190_p_nic092.jpg</filename><folder>users/joselusava//m2_jsv/190/nic</folder><source><submittedBy>Jose Saca</submittedBy></source><imagesize><nrows>2910</nrows><ncols>4361</ncols></imagesize><object><name>m2_s02_190_p_nic092</name><deleted>0</deleted><verified>0</verified><occluded>no</occluded><attributes></attributes><parts><hasparts></hasparts><ispartof></ispartof></parts><date>21-09-20 16:14:34:854</date><id>0</id><type>bounding_box</type><polygon><username>anonymous</username><pt><x>4126</x><y>1959</y><time>21-09-20 16:14:33:289</time></pt><pt><x>3395</x><y>1959</y><time>21-09-20 16:14:34:380</time></pt><pt><x>3395</x><y>862</y><time>undefined</time></pt><pt><x>4126</x><y>862</y><time>undefined</time></pt><closed_date>21-09-20 16:14:34:381</closed_date></polygon></object></annotation>