<annotation><filename>m4_s04_045_p_nic098.jpg</filename><folder>users/joselusava//valeria/m04_s04_45_nic</folder><source><submittedBy>Jose Saca</submittedBy></source><imagesize><nrows>2970</nrows><ncols>4451</ncols></imagesize><object><name>m4_s04_045_p_nic098</name><deleted>0</deleted><verified>0</verified><occluded>no</occluded><attributes></attributes><parts><hasparts></hasparts><ispartof></ispartof></parts><date>20-10-20 15:54:38:419</date><id>0</id><type>bounding_box</type><polygon><username>anonymous</username><pt><x>3507</x><y>1816</y><time>20-10-20 15:54:34:424</time></pt><pt><x>4107</x><y>1816</y><time>20-10-20 15:54:35:700</time></pt><pt><x>4107</x><y>977</y><time>undefined</time></pt><pt><x>3507</x><y>977</y><time>undefined</time></pt><closed_date>20-10-20 15:54:35:700</closed_date></polygon></object></annotation>