<annotation><filename>m1_s02_029_p_ic076.jpg</filename><folder>users/joselusava//valeria/sala2_029_ic</folder><source><submittedBy>Jose Saca</submittedBy></source><imagesize><nrows>3200</nrows><ncols>4800</ncols></imagesize><object><name>m1_s02_029_p_ic076</name><deleted>0</deleted><verified>0</verified><occluded>no</occluded><attributes></attributes><parts><hasparts></hasparts><ispartof></ispartof></parts><date>22-08-20 20:49:37:175</date><id>0</id><type>bounding_box</type><polygon><username>anonymous</username><pt><x>730</x><y>21</y><time>22-08-20 20:49:26:710</time></pt><pt><x>3807</x><y>21</y><time>22-08-20 20:49:31:230</time></pt><pt><x>3807</x><y>3179</y><time>undefined</time></pt><pt><x>730</x><y>3179</y><time>undefined</time></pt><closed_date>22-08-20 20:49:31:231</closed_date></polygon></object></annotation>