<annotation><filename>m1_s01_021_p_nic009.jpg</filename><folder>users/joselusava//santiago</folder><source><submittedBy>Jose Saca</submittedBy></source><imagesize><nrows>3200</nrows><ncols>4800</ncols></imagesize><object><name>m1_s01_021_p_nic009</name><deleted>0</deleted><verified>0</verified><occluded>no</occluded><attributes></attributes><parts><hasparts></hasparts><ispartof></ispartof></parts><date>15-09-20 00:43:06:324</date><id>0</id><type>bounding_box</type><polygon><username>anonymous</username><pt><x>1908</x><y>482</y><time>15-09-20 00:42:58:752</time></pt><pt><x>2487</x><y>482</y><time>15-09-20 00:42:59:942</time></pt><pt><x>2487</x><y>1256</y><time>undefined</time></pt><pt><x>1908</x><y>1256</y><time>undefined</time></pt><closed_date>15-09-20 00:42:59:943</closed_date></polygon></object></annotation>