<annotation><filename>m4_s09_138_p_ic013.jpg</filename><folder>users/joselusava//santiago_2</folder><source><submittedBy>Jose Saca</submittedBy></source><imagesize><nrows>2970</nrows><ncols>4451</ncols></imagesize><object><name>m4_s09_138_p_ic013</name><deleted>0</deleted><verified>0</verified><occluded>no</occluded><attributes></attributes><parts><hasparts></hasparts><ispartof></ispartof></parts><date>22-10-20 13:52:07:706</date><id>0</id><type>bounding_box</type><polygon><username>anonymous</username><pt><x>767</x><y>535</y><time>22-10-20 13:52:04:263</time></pt><pt><x>3834</x><y>535</y><time>22-10-20 13:52:05:603</time></pt><pt><x>3834</x><y>2435</y><time>undefined</time></pt><pt><x>767</x><y>2435</y><time>undefined</time></pt><closed_date>22-10-20 13:52:05:604</closed_date></polygon></object></annotation>