<annotation><filename>m2_s02_167_x.jpg</filename><folder>users/joselusava//m2_jsv</folder><source><submittedBy>Jose Saca</submittedBy></source><imagesize><nrows>2910</nrows><ncols>4361</ncols></imagesize><object><name>m2_s02_167_x</name><deleted>0</deleted><verified>0</verified><occluded>no</occluded><attributes></attributes><parts><hasparts></hasparts><ispartof></ispartof></parts><date>20-09-20 16:47:47:700</date><id>0</id><type>bounding_box</type><polygon><username>anonymous</username><pt><x>3186</x><y>2716</y><time>20-09-20 16:47:44:830</time></pt><pt><x>1140</x><y>2716</y><time>20-09-20 16:47:46:548</time></pt><pt><x>1140</x><y>70</y><time>undefined</time></pt><pt><x>3186</x><y>70</y><time>undefined</time></pt><closed_date>20-09-20 16:47:46:548</closed_date></polygon></object></annotation>