<annotation><filename>m3_s01_013_p_nic056.jpg</filename><folder>users/joselusava//valeria/m03_s01_13_nic</folder><source><submittedBy>Jose Saca</submittedBy></source><imagesize><nrows>2970</nrows><ncols>4451</ncols></imagesize><object><name>m3_s01_013_p_nic056</name><deleted>0</deleted><verified>0</verified><occluded>no</occluded><attributes></attributes><parts><hasparts></hasparts><ispartof></ispartof></parts><date>06-11-20 23:35:55:415</date><id>0</id><type>bounding_box</type><polygon><username>anonymous</username><pt><x>2884</x><y>2690</y><time>06-11-20 23:35:48:518</time></pt><pt><x>114</x><y>2690</y><time>06-11-20 23:35:51:451</time></pt><pt><x>114</x><y>548</y><time>undefined</time></pt><pt><x>2884</x><y>548</y><time>undefined</time></pt><closed_date>06-11-20 23:35:51:453</closed_date></polygon></object></annotation>