<annotation><filename>m4_s07_101_x.jpg</filename><folder>users/joselusava//kath/m4_x</folder><source><submittedBy>Jose Saca</submittedBy></source><imagesize><nrows>2970</nrows><ncols>4451</ncols></imagesize><object><name>m4_s07_101_x</name><deleted>0</deleted><verified>0</verified><occluded>no</occluded><attributes></attributes><parts><hasparts></hasparts><ispartof></ispartof></parts><date>21-10-20 11:05:27:195</date><id>0</id><polygon><username>anonymous</username><pt><x>702</x><y>178</y><time>21-10-20 11:05:18:634</time></pt><pt><x>663</x><y>2864</y><time>21-10-20 11:05:20:196</time></pt><pt><x>3628</x><y>2739</y><time>21-10-20 11:05:21:555</time></pt><pt><x>3484</x><y>197</y><time>21-10-20 11:05:22:738</time></pt><closed_date>21-10-20 11:05:24:066</closed_date></polygon></object></annotation>