<annotation><filename>m3_s01_023_p_ic052.jpg</filename><folder>users/joselusava//santiago_3</folder><source><submittedBy>Jose Saca</submittedBy></source><imagesize><nrows>2970</nrows><ncols>4451</ncols></imagesize><object><name>m3_s01_023_p_ic052</name><deleted>0</deleted><verified>0</verified><occluded>no</occluded><attributes></attributes><parts><hasparts></hasparts><ispartof></ispartof></parts><date>04-11-20 19:24:14:040</date><id>0</id><type>bounding_box</type><polygon><username>anonymous</username><pt><x>689</x><y>457</y><time>04-11-20 19:24:10:859</time></pt><pt><x>3652</x><y>457</y><time>04-11-20 19:24:12:122</time></pt><pt><x>3652</x><y>2470</y><time>undefined</time></pt><pt><x>689</x><y>2470</y><time>undefined</time></pt><closed_date>04-11-20 19:24:12:123</closed_date></polygon></object></annotation>