<annotation><filename>m3_s01_002_p_nic058.jpg</filename><folder>users/joselusava//santiago_3</folder><source><submittedBy>Jose Saca</submittedBy></source><imagesize><nrows>2970</nrows><ncols>4451</ncols></imagesize><object><name>m3_s01_002_p_nic058</name><deleted>0</deleted><verified>0</verified><occluded>no</occluded><attributes></attributes><parts><hasparts></hasparts><ispartof></ispartof></parts><date>29-10-20 20:52:00:987</date><id>0</id><type>bounding_box</type><polygon><username>anonymous</username><pt><x>2256</x><y>528</y><time>29-10-20 20:51:56:425</time></pt><pt><x>4094</x><y>528</y><time>29-10-20 20:51:58:324</time></pt><pt><x>4094</x><y>2081</y><time>undefined</time></pt><pt><x>2256</x><y>2081</y><time>undefined</time></pt><closed_date>29-10-20 20:51:58:325</closed_date></polygon></object></annotation>