<annotation><filename>m1_s02_065_p_ic092.jpg</filename><folder>users/joselusava//valeria/sala2_065_ic</folder><source><submittedBy>Jose Saca</submittedBy></source><imagesize><nrows>2000</nrows><ncols>2992</ncols></imagesize><object><name>m1_s02_065_p_ic092</name><deleted>0</deleted><verified>0</verified><occluded>no</occluded><attributes></attributes><parts><hasparts></hasparts><ispartof></ispartof></parts><date>26-08-20 01:38:41:215</date><id>0</id><type>bounding_box</type><polygon><username>anonymous</username><pt><x>215</x><y>463</y><time>26-08-20 01:38:33:246</time></pt><pt><x>2426</x><y>463</y><time>26-08-20 01:38:37:391</time></pt><pt><x>2426</x><y>1644</y><time>undefined</time></pt><pt><x>215</x><y>1644</y><time>undefined</time></pt><closed_date>26-08-20 01:38:37:392</closed_date></polygon></object></annotation>