<annotation><filename>m4_s05_053_x.jpg</filename><folder>users/joselusava//kath/m4_x</folder><source><submittedBy>Jose Saca</submittedBy></source><imagesize><nrows>2910</nrows><ncols>4361</ncols></imagesize><object><name>m4_s05_053_x</name><deleted>0</deleted><verified>0</verified><occluded>no</occluded><attributes></attributes><parts><hasparts></hasparts><ispartof></ispartof></parts><date>20-10-20 09:25:05:598</date><id>0</id><polygon><username>anonymous</username><pt><x>3258</x><y>193</y><time>20-10-20 09:24:54:275</time></pt><pt><x>3127</x><y>2891</y><time>20-10-20 09:24:58:379</time></pt><pt><x>1078</x><y>2891</y><time>20-10-20 09:24:59:811</time></pt><pt><x>989</x><y>184</y><time>20-10-20 09:25:01:559</time></pt><closed_date>20-10-20 09:25:03:319</closed_date></polygon></object></annotation>