<annotation><filename>m2_s01_001_p_nic061.jpg</filename><folder>users/joselusava//santiago</folder><source><submittedBy>Jose Saca</submittedBy></source><imagesize><nrows>2850</nrows><ncols>4271</ncols></imagesize><object><name>m2_s01_001_p_nic061</name><deleted>0</deleted><verified>0</verified><occluded>no</occluded><attributes></attributes><parts><hasparts></hasparts><ispartof></ispartof></parts><date>19-09-20 23:05:23:621</date><id>0</id><type>bounding_box</type><polygon><username>anonymous</username><pt><x>2161</x><y>1189</y><time>19-09-20 23:05:15:464</time></pt><pt><x>3744</x><y>1189</y><time>19-09-20 23:05:17:469</time></pt><pt><x>3744</x><y>2600</y><time>undefined</time></pt><pt><x>2161</x><y>2600</y><time>undefined</time></pt><closed_date>19-09-20 23:05:17:471</closed_date></polygon></object></annotation>