<annotation><filename>m4_s04_047_p_ic097.jpg</filename><folder>users/joselusava//kath/kath_m4_047</folder><source><submittedBy>Jose Saca</submittedBy></source><imagesize><nrows>2970</nrows><ncols>4451</ncols></imagesize><object><name>m4_s04_047_p_ic097</name><deleted>0</deleted><verified>0</verified><occluded>no</occluded><attributes></attributes><parts><hasparts></hasparts><ispartof></ispartof></parts><date>24-10-20 17:51:52:735</date><id>0</id><type>bounding_box</type><polygon><username>anonymous</username><pt><x>1604</x><y>215</y><time>24-10-20 17:50:56:874</time></pt><pt><x>2762</x><y>215</y><time>24-10-20 17:51:00:467</time></pt><pt><x>2762</x><y>2599</y><time>undefined</time></pt><pt><x>1604</x><y>2599</y><time>undefined</time></pt><closed_date>24-10-20 17:51:00:468</closed_date></polygon></object></annotation>