<annotation><filename>m4_s11_176_p_ic070.jpg</filename><folder>users/joselusava//m4_js/176/ic</folder><source><submittedBy>Jose Saca</submittedBy></source><imagesize><nrows>2970</nrows><ncols>4451</ncols></imagesize><object><name>m4_s11_176_p_ic070</name><deleted>0</deleted><verified>0</verified><occluded>no</occluded><attributes></attributes><parts><hasparts></hasparts><ispartof></ispartof></parts><date>15-10-20 09:57:02:829</date><id>0</id><type>bounding_box</type><polygon><username>anonymous</username><pt><x>3065</x><y>2550</y><time>15-10-20 09:57:00:092</time></pt><pt><x>1404</x><y>2550</y><time>15-10-20 09:57:02:252</time></pt><pt><x>1404</x><y>791</y><time>undefined</time></pt><pt><x>3065</x><y>791</y><time>undefined</time></pt><closed_date>15-10-20 09:57:02:252</closed_date></polygon></object></annotation>