<annotation><filename>m2_s01_058_p_nic038.jpg</filename><folder>users/joselusava//m2_jsv/58/nic</folder><source><submittedBy>Jose Saca</submittedBy></source><imagesize><nrows>2850</nrows><ncols>4271</ncols></imagesize><object><name>m2_s01_058_p_nic038</name><deleted>0</deleted><verified>0</verified><occluded>no</occluded><attributes></attributes><parts><hasparts></hasparts><ispartof></ispartof></parts><date>29-09-20 23:04:24:660</date><id>0</id><type>bounding_box</type><polygon><username>anonymous</username><pt><x>2336</x><y>1407</y><time>29-09-20 23:04:22:826</time></pt><pt><x>810</x><y>1407</y><time>29-09-20 23:04:23:767</time></pt><pt><x>810</x><y>196</y><time>undefined</time></pt><pt><x>2336</x><y>196</y><time>undefined</time></pt><closed_date>29-09-20 23:04:23:767</closed_date></polygon></object></annotation>