<annotation><filename>m4_s04_045_p_ic016.jpg</filename><folder>users/joselusava//valeria/m04_s04_45_ic</folder><source><submittedBy>Jose Saca</submittedBy></source><imagesize><nrows>2970</nrows><ncols>4451</ncols></imagesize><object><name>m4_s04_045_p_ic016</name><deleted>0</deleted><verified>0</verified><occluded>no</occluded><attributes></attributes><parts><hasparts></hasparts><ispartof></ispartof></parts><date>19-10-20 19:03:36:791</date><id>0</id><type>bounding_box</type><polygon><username>anonymous</username><pt><x>1828</x><y>2393</y><time>19-10-20 19:03:32:580</time></pt><pt><x>2707</x><y>2393</y><time>19-10-20 19:03:33:822</time></pt><pt><x>2707</x><y>765</y><time>undefined</time></pt><pt><x>1828</x><y>765</y><time>undefined</time></pt><closed_date>19-10-20 19:03:33:823</closed_date></polygon></object></annotation>