<annotation><filename>m1_s02_034_x.jpg</filename><folder>users/joselusava//valeria/sala2</folder><source><submittedBy>Jose Saca</submittedBy></source><imagesize><nrows>3200</nrows><ncols>4800</ncols></imagesize><object><name>m1_s02_034_x</name><deleted>0</deleted><verified>0</verified><occluded>no</occluded><attributes></attributes><parts><hasparts></hasparts><ispartof></ispartof></parts><date>28-08-20 11:19:28:773</date><id>0</id><type>bounding_box</type><polygon><username>anonymous</username><pt><x>4397</x><y>2835</y><time>28-08-20 11:19:20:473</time></pt><pt><x>666</x><y>2835</y><time>28-08-20 11:19:24:492</time></pt><pt><x>666</x><y>290</y><time>undefined</time></pt><pt><x>4397</x><y>290</y><time>undefined</time></pt><closed_date>28-08-20 11:19:24:493</closed_date></polygon></object></annotation>