<annotation><filename>m2_s01_001_p_nic097.jpg</filename><folder>users/joselusava//santiago</folder><source><submittedBy>Jose Saca</submittedBy></source><imagesize><nrows>2850</nrows><ncols>4271</ncols></imagesize><object><name>m2_s01_001_p_nic097</name><deleted>0</deleted><verified>0</verified><occluded>no</occluded><attributes></attributes><parts><hasparts></hasparts><ispartof></ispartof></parts><date>19-09-20 23:50:47:791</date><id>0</id><type>bounding_box</type><polygon><username>anonymous</username><pt><x>606</x><y>763</y><time>19-09-20 23:50:39:154</time></pt><pt><x>2029</x><y>763</y><time>19-09-20 23:50:41:218</time></pt><pt><x>2029</x><y>2244</y><time>undefined</time></pt><pt><x>606</x><y>2244</y><time>undefined</time></pt><closed_date>19-09-20 23:50:41:219</closed_date></polygon></object></annotation>