<annotation><filename>m4_s06_089_p_ic030.jpg</filename><folder>users/joselusava//santiago_2</folder><source><submittedBy>Jose Saca</submittedBy></source><imagesize><nrows>2970</nrows><ncols>4451</ncols></imagesize><object><name>m4_s06_089_p_ic030</name><deleted>0</deleted><verified>0</verified><occluded>no</occluded><attributes></attributes><parts><hasparts></hasparts><ispartof></ispartof></parts><date>11-10-20 17:57:39:877</date><id>0</id><type>bounding_box</type><polygon><username>anonymous</username><pt><x>1372</x><y>463</y><time>11-10-20 17:57:35:602</time></pt><pt><x>3150</x><y>463</y><time>11-10-20 17:57:37:657</time></pt><pt><x>3150</x><y>2454</y><time>undefined</time></pt><pt><x>1372</x><y>2454</y><time>undefined</time></pt><closed_date>11-10-20 17:57:37:658</closed_date></polygon></object></annotation>