<annotation><filename>m4_s04_045_p_ic069.jpg</filename><folder>users/joselusava//valeria/m04_s04_45_ic</folder><source><submittedBy>Jose Saca</submittedBy></source><imagesize><nrows>2970</nrows><ncols>4451</ncols></imagesize><object><name>m4_s04_045_p_ic069</name><deleted>0</deleted><verified>0</verified><occluded>no</occluded><attributes></attributes><parts><hasparts></hasparts><ispartof></ispartof></parts><date>19-10-20 19:57:10:617</date><id>0</id><type>bounding_box</type><polygon><username>anonymous</username><pt><x>1434</x><y>2947</y><time>19-10-20 19:57:04:805</time></pt><pt><x>2730</x><y>2947</y><time>19-10-20 19:57:06:701</time></pt><pt><x>2730</x><y>485</y><time>undefined</time></pt><pt><x>1434</x><y>485</y><time>undefined</time></pt><closed_date>19-10-20 19:57:06:702</closed_date></polygon></object></annotation>