<annotation><filename>m2_s02_190_p_nic095.jpg</filename><folder>users/joselusava//m2_jsv/190/nic</folder><source><submittedBy>Jose Saca</submittedBy></source><imagesize><nrows>2910</nrows><ncols>4361</ncols></imagesize><object><name>m2_s02_190_p_nic095</name><deleted>0</deleted><verified>0</verified><occluded>no</occluded><attributes></attributes><parts><hasparts></hasparts><ispartof></ispartof></parts><date>21-09-20 16:15:43:052</date><id>0</id><type>bounding_box</type><polygon><username>anonymous</username><pt><x>4004</x><y>2133</y><time>21-09-20 16:15:41:274</time></pt><pt><x>3038</x><y>2133</y><time>21-09-20 16:15:42:350</time></pt><pt><x>3038</x><y>757</y><time>undefined</time></pt><pt><x>4004</x><y>757</y><time>undefined</time></pt><closed_date>21-09-20 16:15:42:350</closed_date></polygon></object></annotation>