<annotation><filename>m2_s01_018_p_nic038.jpg</filename><folder>users/joselusava//santiago_2</folder><source><submittedBy>Jose Saca</submittedBy></source><imagesize><nrows>2850</nrows><ncols>4271</ncols></imagesize><object><name>m2_s01_018_p_nic038</name><deleted>0</deleted><verified>0</verified><occluded>no</occluded><attributes></attributes><parts><hasparts></hasparts><ispartof></ispartof></parts><date>28-09-20 21:43:23:851</date><id>0</id><type>bounding_box</type><polygon><username>anonymous</username><pt><x>1875</x><y>1831</y><time>28-09-20 21:43:16:514</time></pt><pt><x>2427</x><y>1831</y><time>28-09-20 21:43:17:406</time></pt><pt><x>2427</x><y>2533</y><time>undefined</time></pt><pt><x>1875</x><y>2533</y><time>undefined</time></pt><closed_date>28-09-20 21:43:17:406</closed_date></polygon></object></annotation>