<annotation><filename>m4_s09_138_p_nic097.jpg</filename><folder>users/joselusava//santiago_2</folder><source><submittedBy>Jose Saca</submittedBy></source><imagesize><nrows>2970</nrows><ncols>4451</ncols></imagesize><object><name>m4_s09_138_p_nic097</name><deleted>0</deleted><verified>0</verified><occluded>no</occluded><attributes></attributes><parts><hasparts></hasparts><ispartof></ispartof></parts><date>23-10-20 14:48:21:928</date><id>0</id><type>bounding_box</type><polygon><username>anonymous</username><pt><x>746</x><y>807</y><time>23-10-20 14:48:18:697</time></pt><pt><x>2638</x><y>807</y><time>23-10-20 14:48:19:817</time></pt><pt><x>2638</x><y>1928</y><time>undefined</time></pt><pt><x>746</x><y>1928</y><time>undefined</time></pt><closed_date>23-10-20 14:48:19:818</closed_date></polygon></object></annotation>