<annotation><filename>m1_s06_185_x.jpg</filename><folder>users/joselusava//jacob_2/sala6</folder><source><submittedBy>Jose Saca</submittedBy></source><imagesize><nrows>2736</nrows><ncols>4100</ncols></imagesize><object><name>m1_s06_185_x</name><deleted>0</deleted><verified>0</verified><occluded>no</occluded><attributes></attributes><parts><hasparts></hasparts><ispartof></ispartof></parts><date>06-09-20 01:53:30:766</date><id>0</id><type>bounding_box</type><polygon><username>anonymous</username><pt><x>1157</x><y>2576</y><time>06-09-20 01:53:27:377</time></pt><pt><x>3309</x><y>2576</y><time>06-09-20 01:53:29:937</time></pt><pt><x>3309</x><y>171</y><time>undefined</time></pt><pt><x>1157</x><y>171</y><time>undefined</time></pt><closed_date>06-09-20 01:53:29:937</closed_date></polygon></object></annotation>