<annotation><filename>m3_s01_002_p_nic005.jpg</filename><folder>users/joselusava//santiago_3</folder><source><submittedBy>Jose Saca</submittedBy></source><imagesize><nrows>2970</nrows><ncols>4451</ncols></imagesize><object><name>m3_s01_002_p_nic005</name><deleted>0</deleted><verified>0</verified><occluded>no</occluded><attributes></attributes><parts><hasparts></hasparts><ispartof></ispartof></parts><date>29-10-20 15:27:06:736</date><id>0</id><type>bounding_box</type><polygon><username>anonymous</username><pt><x>1417</x><y>489</y><time>29-10-20 15:27:02:325</time></pt><pt><x>4219</x><y>489</y><time>29-10-20 15:27:04:123</time></pt><pt><x>4219</x><y>2156</y><time>undefined</time></pt><pt><x>1417</x><y>2156</y><time>undefined</time></pt><closed_date>29-10-20 15:27:04:124</closed_date></polygon></object></annotation>