<annotation><filename>m4_s12_185_p_nic079.jpg</filename><folder>users/joselusava//valeria/m04_s12_185_nic</folder><source><submittedBy>Jose Saca</submittedBy></source><imagesize><nrows>2910</nrows><ncols>4361</ncols></imagesize><object><name>m4_s12_185_p_nic079</name><deleted>0</deleted><verified>0</verified><occluded>no</occluded><attributes></attributes><parts><hasparts></hasparts><ispartof></ispartof></parts><date>17-10-20 23:49:07:941</date><id>0</id><type>bounding_box</type><polygon><username>anonymous</username><pt><x>4119</x><y>2546</y><time>17-10-20 23:49:02:000</time></pt><pt><x>1198</x><y>2546</y><time>17-10-20 23:49:04:125</time></pt><pt><x>1198</x><y>201</y><time>undefined</time></pt><pt><x>4119</x><y>201</y><time>undefined</time></pt><closed_date>17-10-20 23:49:04:126</closed_date></polygon></object></annotation>