<annotation><filename>m2_s03_220_x.jpg</filename><folder>users/joselusava//juancarlos</folder><source><submittedBy>Jose Saca</submittedBy></source><imagesize><nrows>2910</nrows><ncols>4361</ncols></imagesize><object><name>m2_s03_220_x</name><deleted>0</deleted><verified>0</verified><occluded>no</occluded><attributes></attributes><parts><hasparts></hasparts><ispartof></ispartof></parts><date>01-10-20 07:17:54:212</date><id>0</id><polygon><username>anonymous</username><pt><x>1351</x><y>389</y><time>01-10-20 07:17:08:501</time></pt><pt><x>1209</x><y>2508</y><time>01-10-20 07:17:09:760</time></pt><pt><x>3061</x><y>2461</y><time>01-10-20 07:17:10:760</time></pt><pt><x>2854</x><y>371</y><time>01-10-20 07:17:11:872</time></pt><closed_date>01-10-20 07:17:12:737</closed_date></polygon></object></annotation>