<annotation><filename>m2_s06_244_p_nic011.jpg</filename><folder>users/joselusava//museos2020</folder><source><submittedBy>Jose Saca</submittedBy></source><imagesize><nrows>2910</nrows><ncols>4361</ncols></imagesize><object><name>m2_s06_244_p_nic011</name><deleted>0</deleted><verified>0</verified><occluded>no</occluded><attributes></attributes><parts><hasparts></hasparts><ispartof></ispartof></parts><date>24-09-20 19:54:23:114</date><id>0</id><type>bounding_box</type><polygon><username>anonymous</username><pt><x>683</x><y>260</y><time>24-09-20 19:54:12:380</time></pt><pt><x>2506</x><y>260</y><time>24-09-20 19:54:16:592</time></pt><pt><x>2506</x><y>1041</y><time>undefined</time></pt><pt><x>683</x><y>1041</y><time>undefined</time></pt><closed_date>24-09-20 19:54:16:594</closed_date></polygon></object></annotation>