<annotation><filename>m1_s02_065_p_nic072.jpg</filename><folder>users/joselusava//valeria/sala2_065_nic</folder><source><submittedBy>Jose Saca</submittedBy></source><imagesize><nrows>2000</nrows><ncols>2992</ncols></imagesize><object><name>m1_s02_065_p_nic072</name><deleted>0</deleted><verified>0</verified><occluded>no</occluded><attributes></attributes><parts><hasparts></hasparts><ispartof></ispartof></parts><date>28-08-20 00:00:38:966</date><id>0</id><type>bounding_box</type><polygon><username>anonymous</username><pt><x>2735</x><y>970</y><time>28-08-20 00:00:33:448</time></pt><pt><x>1272</x><y>970</y><time>28-08-20 00:00:35:266</time></pt><pt><x>1272</x><y>349</y><time>undefined</time></pt><pt><x>2735</x><y>349</y><time>undefined</time></pt><closed_date>28-08-20 00:00:35:267</closed_date></polygon></object></annotation>