<annotation><filename>m2_s06_250_p_ic092.jpg</filename><folder>users/joselusava//valeria/m2_sala06_250_ic</folder><source><submittedBy>Jose Saca</submittedBy></source><imagesize><nrows>2910</nrows><ncols>4361</ncols></imagesize><object><name>m2_s06_250_p_ic091</name><deleted>0</deleted><verified>0</verified><occluded>no</occluded><attributes></attributes><parts><hasparts></hasparts><ispartof></ispartof></parts><date>01-10-20 10:45:23:921</date><id>0</id><type>bounding_box</type><polygon><username>anonymous</username><pt><x>303</x><y>1720</y><time>01-10-20 10:45:11:510</time></pt><pt><x>4051</x><y>1720</y><time>01-10-20 10:45:17:677</time></pt><pt><x>4051</x><y>959</y><time>undefined</time></pt><pt><x>303</x><y>959</y><time>undefined</time></pt><closed_date>01-10-20 10:45:17:722</closed_date></polygon></object></annotation>