<annotation><filename>img_m1_s03-04_108_p_nic045.jpg</filename><folder>users/joselusava//valeria/sala3y4_108_nic</folder><source><submittedBy>Jose Saca</submittedBy></source><imagesize><nrows>3200</nrows><ncols>4800</ncols></imagesize><object><name>m1_s03_s04_108_p_nic045</name><deleted>0</deleted><verified>0</verified><occluded>no</occluded><attributes></attributes><parts><hasparts></hasparts><ispartof></ispartof></parts><date>02-09-20 18:07:05:962</date><id>0</id><type>bounding_box</type><polygon><username>anonymous</username><pt><x>3442</x><y>2927</y><time>02-09-20 18:06:54:821</time></pt><pt><x>321</x><y>2927</y><time>02-09-20 18:06:57:501</time></pt><pt><x>321</x><y>1976</y><time>undefined</time></pt><pt><x>3442</x><y>1976</y><time>undefined</time></pt><closed_date>02-09-20 18:06:57:502</closed_date></polygon></object></annotation>