<annotation><filename>m4_s05_055_p_nic058.jpg</filename><folder>users/joselusava//valeria/m4_s05_055_nic</folder><source><submittedBy>Jose Saca</submittedBy></source><imagesize><nrows>2910</nrows><ncols>4361</ncols></imagesize><object><name>m4_s05_055_p_nic058</name><deleted>0</deleted><verified>0</verified><occluded>no</occluded><attributes></attributes><parts><hasparts></hasparts><ispartof></ispartof></parts><date>09-10-20 17:51:22:396</date><id>0</id><type>bounding_box</type><polygon><username>anonymous</username><pt><x>1642</x><y>1262</y><time>09-10-20 17:51:14:374</time></pt><pt><x>2778</x><y>1262</y><time>09-10-20 17:51:17:529</time></pt><pt><x>2778</x><y>2805</y><time>undefined</time></pt><pt><x>1642</x><y>2805</y><time>undefined</time></pt><closed_date>09-10-20 17:51:17:530</closed_date></polygon></object></annotation>