<annotation><filename>m4_s10_154_p_ic033.jpg</filename><folder>users/joselusava//valeria/m04_s10_154_ic</folder><source><submittedBy>Jose Saca</submittedBy></source><imagesize><nrows>2970</nrows><ncols>4451</ncols></imagesize><object><name>m4_s10_154_p_ic033</name><deleted>0</deleted><verified>0</verified><occluded>no</occluded><attributes></attributes><parts><hasparts></hasparts><ispartof></ispartof></parts><date>13-10-20 21:52:51:626</date><id>0</id><type>bounding_box</type><polygon><username>anonymous</username><pt><x>2873</x><y>2604</y><time>13-10-20 21:52:45:870</time></pt><pt><x>1479</x><y>2604</y><time>13-10-20 21:52:48:155</time></pt><pt><x>1479</x><y>223</y><time>undefined</time></pt><pt><x>2873</x><y>223</y><time>undefined</time></pt><closed_date>13-10-20 21:52:48:156</closed_date></polygon></object></annotation>