<annotation><filename>m4_s12_185_p_nic050.jpg</filename><folder>users/joselusava//valeria/m04_s12_185_nic</folder><source><submittedBy>Jose Saca</submittedBy></source><imagesize><nrows>2910</nrows><ncols>4361</ncols></imagesize><object><name>m4_s12_185_p_nic050</name><deleted>0</deleted><verified>0</verified><occluded>no</occluded><attributes></attributes><parts><hasparts></hasparts><ispartof></ispartof></parts><date>17-10-20 23:18:45:440</date><id>0</id><type>bounding_box</type><polygon><username>anonymous</username><pt><x>2132</x><y>2820</y><time>17-10-20 23:18:37:769</time></pt><pt><x>4085</x><y>2820</y><time>17-10-20 23:18:40:000</time></pt><pt><x>4085</x><y>817</y><time>undefined</time></pt><pt><x>2132</x><y>817</y><time>undefined</time></pt><closed_date>17-10-20 23:18:40:001</closed_date></polygon></object></annotation>