<annotation><filename>m3_s01_013_p_ic032.jpg</filename><folder>users/joselusava//valeria/m03_s01_13_ic</folder><source><submittedBy>Jose Saca</submittedBy></source><imagesize><nrows>2970</nrows><ncols>4451</ncols></imagesize><object><name>m3_s01_013_p_ic031</name><deleted>0</deleted><verified>0</verified><occluded>no</occluded><attributes></attributes><parts><hasparts></hasparts><ispartof></ispartof></parts><date>29-10-20 13:30:34:729</date><id>0</id><type>bounding_box</type><polygon><username>anonymous</username><pt><x>3832</x><y>2879</y><time>29-10-20 13:30:24:752</time></pt><pt><x>371</x><y>2879</y><time>29-10-20 13:30:27:376</time></pt><pt><x>371</x><y>383</y><time>undefined</time></pt><pt><x>3832</x><y>383</y><time>undefined</time></pt><closed_date>29-10-20 13:30:27:377</closed_date></polygon></object></annotation>