<annotation><filename>m1_s01_001_p_ic045.jpg</filename><folder>users/joselusava//juancarlos</folder><source><submittedBy>Jose Saca</submittedBy></source><imagesize><nrows>2000</nrows><ncols>2992</ncols></imagesize><object><name>m1_s01_001_p_ic045</name><deleted>0</deleted><verified>0</verified><occluded>no</occluded><attributes></attributes><parts><hasparts></hasparts><ispartof></ispartof></parts><date>31-08-20 12:05:24:717</date><id>0</id><type>bounding_box</type><polygon><username>anonymous</username><pt><x>950</x><y>922</y><time>31-08-20 12:05:13:551</time></pt><pt><x>1820</x><y>922</y><time>31-08-20 12:05:16:007</time></pt><pt><x>1820</x><y>1615</y><time>undefined</time></pt><pt><x>950</x><y>1615</y><time>undefined</time></pt><closed_date>31-08-20 12:05:16:009</closed_date></polygon></object></annotation>