<annotation><filename>m1_s01_001_p_nic100.jpg</filename><folder>users/joselusava//juancarlos</folder><source><submittedBy>Jose Saca</submittedBy></source><imagesize><nrows>3200</nrows><ncols>4800</ncols></imagesize><object><name>m1_s01_001_p_nic100</name><deleted>0</deleted><verified>0</verified><occluded>no</occluded><attributes></attributes><parts><hasparts></hasparts><ispartof></ispartof></parts><date>12-09-20 09:48:02:384</date><id>0</id><type>bounding_box</type><polygon><username>anonymous</username><pt><x>510</x><y>1869</y><time>12-09-20 09:47:49:594</time></pt><pt><x>2124</x><y>1869</y><time>12-09-20 09:47:54:635</time></pt><pt><x>2124</x><y>2851</y><time>undefined</time></pt><pt><x>510</x><y>2851</y><time>undefined</time></pt><closed_date>12-09-20 09:47:54:637</closed_date></polygon></object></annotation>