<annotation><filename>m1_s01_001_p_nic091.jpg</filename><folder>users/joselusava//juancarlos</folder><source><submittedBy>Jose Saca</submittedBy></source><imagesize><nrows>3200</nrows><ncols>4800</ncols></imagesize><object><name>m1_s01_001_p_nic091</name><deleted>0</deleted><verified>0</verified><occluded>no</occluded><attributes></attributes><parts><hasparts></hasparts><ispartof></ispartof></parts><date>11-09-20 17:17:28:603</date><id>0</id><type>bounding_box</type><polygon><username>anonymous</username><pt><x>383</x><y>1852</y><time>11-09-20 17:17:13:352</time></pt><pt><x>2041</x><y>1852</y><time>11-09-20 17:17:17:173</time></pt><pt><x>2041</x><y>2745</y><time>undefined</time></pt><pt><x>383</x><y>2745</y><time>undefined</time></pt><closed_date>11-09-20 17:17:17:175</closed_date></polygon></object></annotation>