<annotation><filename>m2_s03_248_p_nic041.jpg</filename><folder>users/joselusava//museos2020</folder><source><submittedBy>Jose Saca</submittedBy></source><imagesize><nrows>2910</nrows><ncols>4361</ncols></imagesize><object><name>m2_s03_248_p_nic041</name><deleted>0</deleted><verified>0</verified><occluded>no</occluded><attributes></attributes><parts><hasparts></hasparts><ispartof></ispartof></parts><date>27-09-20 17:10:04:248</date><id>0</id><polygon><username>anonymous</username><pt><x>1274</x><y>423</y><time>27-09-20 17:09:33:104</time></pt><pt><x>3417</x><y>339</y><time>27-09-20 17:09:34:405</time></pt><pt><x>2794</x><y>1078</y><time>27-09-20 17:09:35:227</time></pt><pt><x>1139</x><y>669</y><time>27-09-20 17:09:37:084</time></pt><closed_date>27-09-20 17:09:38:066</closed_date></polygon></object></annotation>