<annotation><filename>m2_s01_024_p_nic092.jpg</filename><folder>users/joselusava//santiago</folder><source><submittedBy>Jose Saca</submittedBy></source><imagesize><nrows>2850</nrows><ncols>4271</ncols></imagesize><object><name>m2_s01_024_p_nic092</name><deleted>0</deleted><verified>0</verified><occluded>no</occluded><attributes></attributes><parts><hasparts></hasparts><ispartof></ispartof></parts><date>25-09-20 15:55:31:972</date><id>0</id><type>bounding_box</type><polygon><username>anonymous</username><pt><x>3090</x><y>131</y><time>25-09-20 15:55:25:091</time></pt><pt><x>3818</x><y>131</y><time>25-09-20 15:55:25:898</time></pt><pt><x>3818</x><y>1555</y><time>undefined</time></pt><pt><x>3090</x><y>1555</y><time>undefined</time></pt><closed_date>25-09-20 15:55:25:900</closed_date></polygon></object></annotation>