<annotation><filename>m4_s02_015_p_nic036.jpg</filename><folder>users/joselusava//m4_js/15nic</folder><source><submittedBy>Jose Saca</submittedBy></source><imagesize><nrows>2910</nrows><ncols>4361</ncols></imagesize><object><name>m4_s02_015_p_nic036</name><deleted>0</deleted><verified>0</verified><occluded>no</occluded><attributes></attributes><parts><hasparts></hasparts><ispartof></ispartof></parts><date>06-10-20 19:55:34:247</date><id>0</id><type>bounding_box</type><polygon><username>anonymous</username><pt><x>4204</x><y>2664</y><time>06-10-20 19:55:32:512</time></pt><pt><x>2559</x><y>2664</y><time>06-10-20 19:55:33:615</time></pt><pt><x>2559</x><y>905</y><time>undefined</time></pt><pt><x>4204</x><y>905</y><time>undefined</time></pt><closed_date>06-10-20 19:55:33:615</closed_date></polygon></object></annotation>