<annotation><filename>m2_s03_252_p_ic069.jpg</filename><folder>users/joselusava//valeria/m2_sala03_252_ic</folder><source><submittedBy>Jose Saca</submittedBy></source><imagesize><nrows>2910</nrows><ncols>4361</ncols></imagesize><object><name>m2_s06_252_p_ic067</name><deleted>0</deleted><verified>0</verified><occluded>no</occluded><attributes/><parts><hasparts/><ispartof/></parts><date>26-09-20 14:40:48:788</date><id>0</id><type>bounding_box</type><polygon><username>anonymous</username><pt><x>918</x><y>424</y><time>26-09-20 14:40:42:762</time></pt><pt><x>3399</x><y>424</y><time>26-09-20 14:40:45:554</time></pt><pt><x>3399</x><y>2517</y><time>undefined</time></pt><pt><x>918</x><y>2517</y><time>undefined</time></pt><closed_date>26-09-20 14:40:45:555</closed_date></polygon></object><object><name>m2_s06_252_p_ic069</name><deleted>0</deleted><verified>0</verified><occluded>no</occluded><attributes></attributes><parts><hasparts></hasparts><ispartof></ispartof></parts><date>27-09-20 12:48:23:468</date><id>1</id><type>bounding_box</type><polygon><username>anonymous</username><pt><x>904</x><y>408</y><time>27-09-20 12:48:16:553</time></pt><pt><x>3389</x><y>408</y><time>27-09-20 12:48:19:215</time></pt><pt><x>3389</x><y>2480</y><time>undefined</time></pt><pt><x>904</x><y>2480</y><time>undefined</time></pt><closed_date>27-09-20 12:48:19:216</closed_date></polygon></object></annotation>