<annotation><filename>m3_s01_013_p_ic061.jpg</filename><folder>users/joselusava//valeria/m03_s01_13_ic</folder><source><submittedBy>Jose Saca</submittedBy></source><imagesize><nrows>2970</nrows><ncols>4451</ncols></imagesize><object><name>m3_s01_013_p_ic060</name><deleted>0</deleted><verified>0</verified><occluded>no</occluded><attributes></attributes><parts><hasparts></hasparts><ispartof></ispartof></parts><date>01-11-20 09:12:07:597</date><id>0</id><type>bounding_box</type><polygon><username>anonymous</username><pt><x>3353</x><y>2850</y><time>01-11-20 09:12:01:318</time></pt><pt><x>1137</x><y>2850</y><time>01-11-20 09:12:03:862</time></pt><pt><x>1137</x><y>360</y><time>undefined</time></pt><pt><x>3353</x><y>360</y><time>undefined</time></pt><closed_date>01-11-20 09:12:03:863</closed_date></polygon></object></annotation>