<annotation><filename>m4_s09_138_p_ic028.jpg</filename><folder>users/joselusava//santiago_2</folder><source><submittedBy>Jose Saca</submittedBy></source><imagesize><nrows>2970</nrows><ncols>4451</ncols></imagesize><object><name>m4_s09_138_p_ic028</name><deleted>0</deleted><verified>0</verified><occluded>no</occluded><attributes></attributes><parts><hasparts></hasparts><ispartof></ispartof></parts><date>22-10-20 14:02:29:110</date><id>0</id><type>bounding_box</type><polygon><username>anonymous</username><pt><x>353</x><y>432</y><time>22-10-20 14:02:24:959</time></pt><pt><x>4391</x><y>432</y><time>22-10-20 14:02:26:632</time></pt><pt><x>4391</x><y>2499</y><time>undefined</time></pt><pt><x>353</x><y>2499</y><time>undefined</time></pt><closed_date>22-10-20 14:02:26:633</closed_date></polygon></object></annotation>