<annotation><filename>m1_s02_036_p_ic079.jpg</filename><folder>users/joselusava//valeria/sala2_036_ic</folder><source><submittedBy>Jose Saca</submittedBy></source><imagesize><nrows>3200</nrows><ncols>4800</ncols></imagesize><object><name>m1_s01_036_p_ic079</name><deleted>0</deleted><verified>0</verified><occluded>no</occluded><attributes></attributes><parts><hasparts></hasparts><ispartof></ispartof></parts><date>23-08-20 23:09:30:867</date><id>0</id><type>bounding_box</type><polygon><username>anonymous</username><pt><x>703</x><y>0</y><time>23-08-20 23:09:17:289</time></pt><pt><x>4440</x><y>0</y><time>23-08-20 23:09:25:704</time></pt><pt><x>4440</x><y>3184</y><time>undefined</time></pt><pt><x>703</x><y>3184</y><time>undefined</time></pt><closed_date>23-08-20 23:09:25:706</closed_date></polygon></object></annotation>