<annotation><filename>img_m1_s10_303_p_nic030.jpg</filename><folder>users/joselusava//santiago</folder><source><submittedBy>Jose Saca</submittedBy></source><imagesize><nrows>3200</nrows><ncols>4800</ncols></imagesize><object><name>m1_s10_303_p_nic030</name><deleted>0</deleted><verified>0</verified><occluded>no</occluded><attributes></attributes><parts><hasparts></hasparts><ispartof></ispartof></parts><date>01-09-20 20:23:29:830</date><id>0</id><type>bounding_box</type><polygon><username>anonymous</username><pt><x>1649</x><y>486</y><time>01-09-20 20:23:21:181</time></pt><pt><x>2840</x><y>486</y><time>01-09-20 20:23:22:880</time></pt><pt><x>2840</x><y>1357</y><time>undefined</time></pt><pt><x>1649</x><y>1357</y><time>undefined</time></pt><closed_date>01-09-20 20:23:22:881</closed_date></polygon></object></annotation>