<annotation><filename>m4_s11_178_p_ic078.jpg</filename><folder>users/joselusava//santiago_2</folder><source><submittedBy>Jose Saca</submittedBy></source><imagesize><nrows>2970</nrows><ncols>4451</ncols></imagesize><object><name>m4_s11_178_p_ic078</name><deleted>0</deleted><verified>0</verified><occluded>no</occluded><attributes></attributes><parts><hasparts></hasparts><ispartof></ispartof></parts><date>15-10-20 22:10:02:567</date><id>0</id><type>bounding_box</type><polygon><username>anonymous</username><pt><x>1446</x><y>639</y><time>15-10-20 22:09:59:132</time></pt><pt><x>2920</x><y>639</y><time>15-10-20 22:10:00:769</time></pt><pt><x>2920</x><y>2510</y><time>undefined</time></pt><pt><x>1446</x><y>2510</y><time>undefined</time></pt><closed_date>15-10-20 22:10:00:771</closed_date></polygon></object></annotation>