<annotation><filename>m2_s01_034_p_nic078.jpg</filename><folder>users/joselusava//kath</folder><source><submittedBy>Jose Saca</submittedBy></source><imagesize><nrows>2850</nrows><ncols>4271</ncols></imagesize><object><name>m2_s01_034_p_nic078</name><deleted>0</deleted><verified>0</verified><occluded>no</occluded><attributes></attributes><parts><hasparts></hasparts><ispartof></ispartof></parts><date>25-09-20 20:48:30:402</date><id>0</id><type>bounding_box</type><polygon><username>anonymous</username><pt><x>415</x><y>730</y><time>25-09-20 20:48:21:502</time></pt><pt><x>1275</x><y>730</y><time>25-09-20 20:48:24:547</time></pt><pt><x>1275</x><y>1905</y><time>undefined</time></pt><pt><x>415</x><y>1905</y><time>undefined</time></pt><closed_date>25-09-20 20:48:24:547</closed_date></polygon></object></annotation>