<annotation><filename>m4_s12_185_p_nic087.jpg</filename><folder>users/joselusava//valeria/m04_s12_185_nic</folder><source><submittedBy>Jose Saca</submittedBy></source><imagesize><nrows>2910</nrows><ncols>4361</ncols></imagesize><object><name>m4_s12_185_p_nic087</name><deleted>0</deleted><verified>0</verified><occluded>no</occluded><attributes></attributes><parts><hasparts></hasparts><ispartof></ispartof></parts><date>17-10-20 23:56:54:714</date><id>0</id><type>bounding_box</type><polygon><username>anonymous</username><pt><x>1035</x><y>2501</y><time>17-10-20 23:56:47:770</time></pt><pt><x>4298</x><y>2501</y><time>17-10-20 23:56:50:692</time></pt><pt><x>4298</x><y>50</y><time>undefined</time></pt><pt><x>1035</x><y>50</y><time>undefined</time></pt><closed_date>17-10-20 23:56:50:693</closed_date></polygon></object></annotation>