<annotation><filename>m3_s01_023_p_nic094.jpg</filename><folder>users/joselusava//santiago_3</folder><source><submittedBy>Jose Saca</submittedBy></source><imagesize><nrows>2970</nrows><ncols>4451</ncols></imagesize><object><name>m3_s01_023_p_nic094</name><deleted>0</deleted><verified>0</verified><occluded>no</occluded><attributes></attributes><parts><hasparts></hasparts><ispartof></ispartof></parts><date>06-11-20 11:51:03:369</date><id>0</id><type>bounding_box</type><polygon><username>anonymous</username><pt><x>1182</x><y>1074</y><time>06-11-20 11:50:59:757</time></pt><pt><x>2909</x><y>1074</y><time>06-11-20 11:51:01:419</time></pt><pt><x>2909</x><y>2906</y><time>undefined</time></pt><pt><x>1182</x><y>2906</y><time>undefined</time></pt><closed_date>06-11-20 11:51:01:420</closed_date></polygon></object></annotation>