<annotation><filename>m2_s05_236_p_ic004.jpg</filename><folder>users/joselusava//museos2020</folder><source><submittedBy>Jose Saca</submittedBy></source><imagesize><nrows>2910</nrows><ncols>4361</ncols></imagesize><object><name>m2_s05_236_p_ic004</name><deleted>0</deleted><verified>0</verified><occluded>no</occluded><attributes></attributes><parts><hasparts></hasparts><ispartof></ispartof></parts><date>16-09-20 17:50:49:913</date><id>0</id><type>bounding_box</type><polygon><username>anonymous</username><pt><x>576</x><y>33</y><time>16-09-20 17:50:39:308</time></pt><pt><x>4021</x><y>33</y><time>16-09-20 17:50:42:270</time></pt><pt><x>4021</x><y>2840</y><time>undefined</time></pt><pt><x>576</x><y>2840</y><time>undefined</time></pt><closed_date>16-09-20 17:50:42:271</closed_date></polygon></object></annotation>