<annotation><filename>m2_s03_219_p_ic057.jpg</filename><folder>users/joselusava//valeria/m2_sala03_219_ic</folder><source><submittedBy>Jose Saca</submittedBy></source><imagesize><nrows>2910</nrows><ncols>4361</ncols></imagesize><object><name>m2_s03_219_p_ic057</name><deleted>0</deleted><verified>0</verified><occluded>no</occluded><attributes></attributes><parts><hasparts></hasparts><ispartof></ispartof></parts><date>29-09-20 00:41:40:360</date><id>0</id><type>bounding_box</type><polygon><username>anonymous</username><pt><x>2893</x><y>171</y><time>29-09-20 00:41:34:693</time></pt><pt><x>1416</x><y>171</y><time>29-09-20 00:41:37:246</time></pt><pt><x>1416</x><y>2668</y><time>undefined</time></pt><pt><x>2893</x><y>2668</y><time>undefined</time></pt><closed_date>29-09-20 00:41:37:247</closed_date></polygon></object></annotation>