<annotation><filename>m2_s01_032_p_ic090.jpg</filename><folder>users/joselusava//santiago_2</folder><source><submittedBy>Jose Saca</submittedBy></source><imagesize><nrows>2850</nrows><ncols>4271</ncols></imagesize><object><name>m2_s01_032_p_ic090</name><deleted>0</deleted><verified>0</verified><occluded>no</occluded><attributes></attributes><parts><hasparts></hasparts><ispartof></ispartof></parts><date>30-09-20 17:22:42:535</date><id>0</id><type>bounding_box</type><polygon><username>anonymous</username><pt><x>1148</x><y>244</y><time>30-09-20 17:22:34:531</time></pt><pt><x>2805</x><y>244</y><time>30-09-20 17:22:36:492</time></pt><pt><x>2805</x><y>2661</y><time>undefined</time></pt><pt><x>1148</x><y>2661</y><time>undefined</time></pt><closed_date>30-09-20 17:22:36:492</closed_date></polygon></object></annotation>