<annotation><filename>m4_s09_138_p_nic043.jpg</filename><folder>users/joselusava//santiago_2</folder><source><submittedBy>Jose Saca</submittedBy></source><imagesize><nrows>2970</nrows><ncols>4451</ncols></imagesize><object><name>m4_s09_138_p_nic043</name><deleted>0</deleted><verified>0</verified><occluded>no</occluded><attributes></attributes><parts><hasparts></hasparts><ispartof></ispartof></parts><date>23-10-20 13:50:20:799</date><id>0</id><type>bounding_box</type><polygon><username>anonymous</username><pt><x>1810</x><y>835</y><time>23-10-20 13:50:17:505</time></pt><pt><x>4291</x><y>835</y><time>23-10-20 13:50:18:680</time></pt><pt><x>4291</x><y>1835</y><time>undefined</time></pt><pt><x>1810</x><y>1835</y><time>undefined</time></pt><closed_date>23-10-20 13:50:18:682</closed_date></polygon></object></annotation>