<annotation><filename>m2_s01_018_p_ic014.jpg</filename><folder>users/joselusava//santiago_2</folder><source><submittedBy>Jose Saca</submittedBy></source><imagesize><nrows>3000</nrows><ncols>4496</ncols></imagesize><object><name>m2_s01_018_p_ic014</name><deleted>0</deleted><verified>0</verified><occluded>no</occluded><attributes></attributes><parts><hasparts></hasparts><ispartof></ispartof></parts><date>26-09-20 18:52:16:193</date><id>0</id><type>bounding_box</type><polygon><username>anonymous</username><pt><x>1579</x><y>813</y><time>26-09-20 18:52:08:142</time></pt><pt><x>2804</x><y>813</y><time>26-09-20 18:52:10:314</time></pt><pt><x>2804</x><y>2271</y><time>undefined</time></pt><pt><x>1579</x><y>2271</y><time>undefined</time></pt><closed_date>26-09-20 18:52:10:314</closed_date></polygon></object></annotation>