<annotation><filename>m2_s01_010_p_ic024.jpg</filename><folder>users/joselusava//santiago</folder><source><submittedBy>Jose Saca</submittedBy></source><imagesize><nrows>2850</nrows><ncols>4271</ncols></imagesize><object><name>m2_s01_010_p_ic024</name><deleted>0</deleted><verified>0</verified><occluded>no</occluded><attributes></attributes><parts><hasparts></hasparts><ispartof></ispartof></parts><date>21-09-20 15:27:44:408</date><id>0</id><type>bounding_box</type><polygon><username>anonymous</username><pt><x>1266</x><y>532</y><time>21-09-20 15:27:35:980</time></pt><pt><x>3094</x><y>532</y><time>21-09-20 15:27:38:073</time></pt><pt><x>3094</x><y>2308</y><time>undefined</time></pt><pt><x>1266</x><y>2308</y><time>undefined</time></pt><closed_date>21-09-20 15:27:38:074</closed_date></polygon></object></annotation>