<annotation><filename>m2_s01_058_p_ic017.jpg</filename><folder>users/joselusava//m2_jsv/58/ic</folder><source><submittedBy>Jose Saca</submittedBy></source><imagesize><nrows>2850</nrows><ncols>4271</ncols></imagesize><object><name>m2_s01_058_p_ic017</name><deleted>0</deleted><verified>0</verified><occluded>no</occluded><attributes></attributes><parts><hasparts></hasparts><ispartof></ispartof></parts><date>29-09-20 13:04:33:608</date><id>0</id><type>bounding_box</type><polygon><username>anonymous</username><pt><x>764</x><y>178</y><time>29-09-20 13:04:31:214</time></pt><pt><x>4127</x><y>178</y><time>29-09-20 13:04:32:782</time></pt><pt><x>4127</x><y>2607</y><time>undefined</time></pt><pt><x>764</x><y>2607</y><time>undefined</time></pt><closed_date>29-09-20 13:04:32:782</closed_date></polygon></object></annotation>