<annotation><filename>m1_s02_036_p_nic047.jpg</filename><folder>users/joselusava//valeria/sala2_036_nic</folder><source><submittedBy>Jose Saca</submittedBy></source><imagesize><nrows>3200</nrows><ncols>4800</ncols></imagesize><object><name>m1_s02_036_p_nic046</name><deleted>0</deleted><verified>0</verified><occluded>no</occluded><attributes/><parts><hasparts/><ispartof/></parts><date>26-08-20 23:51:20:657</date><id>0</id><type>bounding_box</type><polygon><username>anonymous</username><pt><x>166</x><y>499</y><time>26-08-20 23:51:14:154</time></pt><pt><x>1525</x><y>499</y><time>26-08-20 23:51:16:422</time></pt><pt><x>1525</x><y>1632</y><time>undefined</time></pt><pt><x>166</x><y>1632</y><time>undefined</time></pt><closed_date>26-08-20 23:51:16:423</closed_date></polygon></object><object><name>m1_s02_036_p_nic047</name><deleted>0</deleted><verified>0</verified><occluded>no</occluded><attributes></attributes><parts><hasparts></hasparts><ispartof></ispartof></parts><date>27-08-20 00:21:29:014</date><id>1</id><type>bounding_box</type><polygon><username>anonymous</username><pt><x>150</x><y>451</y><time>27-08-20 00:21:20:329</time></pt><pt><x>1536</x><y>451</y><time>27-08-20 00:21:22:423</time></pt><pt><x>1536</x><y>1632</y><time>undefined</time></pt><pt><x>150</x><y>1632</y><time>undefined</time></pt><closed_date>27-08-20 00:21:22:424</closed_date></polygon></object></annotation>