<annotation><filename>m4_s06_095_x.jpg</filename><folder>users/joselusava//kath/m4_x</folder><source><submittedBy>Jose Saca</submittedBy></source><imagesize><nrows>2970</nrows><ncols>4451</ncols></imagesize><object><name>m4_s06_095_x</name><deleted>0</deleted><verified>0</verified><occluded>no</occluded><attributes></attributes><parts><hasparts></hasparts><ispartof></ispartof></parts><date>21-10-20 10:53:06:591</date><id>0</id><polygon><username>anonymous</username><pt><x>1509</x><y>197</y><time>21-10-20 10:52:59:286</time></pt><pt><x>1432</x><y>2451</y><time>21-10-20 10:53:00:816</time></pt><pt><x>3254</x><y>2408</y><time>21-10-20 10:53:01:872</time></pt><pt><x>2970</x><y>207</y><time>21-10-20 10:53:03:206</time></pt><closed_date>21-10-20 10:53:04:101</closed_date></polygon></object></annotation>