<annotation><filename>m4_s06_089_p_nic082.jpg</filename><folder>users/joselusava//santiago_2</folder><source><submittedBy>Jose Saca</submittedBy></source><imagesize><nrows>2970</nrows><ncols>4451</ncols></imagesize><object><name>m4_s06_089_p_nic082</name><deleted>0</deleted><verified>0</verified><occluded>no</occluded><attributes></attributes><parts><hasparts></hasparts><ispartof></ispartof></parts><date>12-10-20 22:13:18:082</date><id>0</id><type>bounding_box</type><polygon><username>anonymous</username><pt><x>2684</x><y>942</y><time>12-10-20 22:13:14:540</time></pt><pt><x>3741</x><y>942</y><time>12-10-20 22:13:15:837</time></pt><pt><x>3741</x><y>2624</y><time>undefined</time></pt><pt><x>2684</x><y>2624</y><time>undefined</time></pt><closed_date>12-10-20 22:13:15:838</closed_date></polygon></object></annotation>