<annotation><filename>m4_s09_138_p_ic012.jpg</filename><folder>users/joselusava//santiago_2</folder><source><submittedBy>Jose Saca</submittedBy></source><imagesize><nrows>2970</nrows><ncols>4451</ncols></imagesize><object><name>m4_s09_138_p_ic012</name><deleted>0</deleted><verified>0</verified><occluded>no</occluded><attributes></attributes><parts><hasparts></hasparts><ispartof></ispartof></parts><date>22-10-20 13:51:33:037</date><id>0</id><type>bounding_box</type><polygon><username>anonymous</username><pt><x>850</x><y>496</y><time>22-10-20 13:51:29:083</time></pt><pt><x>3745</x><y>496</y><time>22-10-20 13:51:30:546</time></pt><pt><x>3745</x><y>2252</y><time>undefined</time></pt><pt><x>850</x><y>2252</y><time>undefined</time></pt><closed_date>22-10-20 13:51:30:547</closed_date></polygon></object></annotation>