<annotation><filename>m3_s01_002_p_nic093.jpg</filename><folder>users/joselusava//santiago_3</folder><source><submittedBy>Jose Saca</submittedBy></source><imagesize><nrows>2970</nrows><ncols>4451</ncols></imagesize><object><name>m3_s01_002_p_nic093</name><deleted>0</deleted><verified>0</verified><occluded>no</occluded><attributes></attributes><parts><hasparts></hasparts><ispartof></ispartof></parts><date>29-10-20 21:17:47:795</date><id>0</id><type>bounding_box</type><polygon><username>anonymous</username><pt><x>1003</x><y>382</y><time>29-10-20 21:17:43:446</time></pt><pt><x>4109</x><y>382</y><time>29-10-20 21:17:45:145</time></pt><pt><x>4109</x><y>2424</y><time>undefined</time></pt><pt><x>1003</x><y>2424</y><time>undefined</time></pt><closed_date>29-10-20 21:17:45:146</closed_date></polygon></object></annotation>