<annotation><filename>m2_s01_001_p_ic006.jpg</filename><folder>users/joselusava//santiago</folder><source><submittedBy>Jose Saca</submittedBy></source><imagesize><nrows>2850</nrows><ncols>4271</ncols></imagesize><object><name>m2_s01_001_p_ic006</name><deleted>0</deleted><verified>0</verified><occluded>no</occluded><attributes></attributes><parts><hasparts></hasparts><ispartof></ispartof></parts><date>18-09-20 22:14:39:530</date><id>0</id><type>bounding_box</type><polygon><username>anonymous</username><pt><x>1048</x><y>289</y><time>18-09-20 22:14:28:762</time></pt><pt><x>3248</x><y>289</y><time>18-09-20 22:14:31:278</time></pt><pt><x>3248</x><y>2555</y><time>undefined</time></pt><pt><x>1048</x><y>2555</y><time>undefined</time></pt><closed_date>18-09-20 22:14:31:280</closed_date></polygon></object></annotation>