<annotation><filename>m4_s04_039_p_nic085.jpg</filename><folder>users/joselusava//santiago_2</folder><source><submittedBy>Jose Saca</submittedBy></source><imagesize><nrows>2970</nrows><ncols>4451</ncols></imagesize><object><name>m4_s04_039_p_nic085</name><deleted>0</deleted><verified>0</verified><occluded>no</occluded><attributes></attributes><parts><hasparts></hasparts><ispartof></ispartof></parts><date>21-10-20 22:18:12:323</date><id>0</id><type>bounding_box</type><polygon><username>anonymous</username><pt><x>1663</x><y>1153</y><time>21-10-20 22:18:08:579</time></pt><pt><x>2210</x><y>1153</y><time>21-10-20 22:18:10:297</time></pt><pt><x>2210</x><y>2841</y><time>undefined</time></pt><pt><x>1663</x><y>2841</y><time>undefined</time></pt><closed_date>21-10-20 22:18:10:299</closed_date></polygon></object></annotation>