<annotation><filename>m2_s01_018_p_nic007.jpg</filename><folder>users/joselusava//santiago_2</folder><source><submittedBy>Jose Saca</submittedBy></source><imagesize><nrows>3000</nrows><ncols>4496</ncols></imagesize><object><name>m2_s01_018_p_nic007</name><deleted>0</deleted><verified>0</verified><occluded>no</occluded><attributes></attributes><parts><hasparts></hasparts><ispartof></ispartof></parts><date>28-09-20 19:28:46:473</date><id>0</id><type>bounding_box</type><polygon><username>anonymous</username><pt><x>2744</x><y>405</y><time>28-09-20 19:28:43:800</time></pt><pt><x>3317</x><y>405</y><time>28-09-20 19:28:44:731</time></pt><pt><x>3317</x><y>1181</y><time>undefined</time></pt><pt><x>2744</x><y>1181</y><time>undefined</time></pt><closed_date>28-09-20 19:28:44:732</closed_date></polygon></object></annotation>