<annotation><filename>img_m1_s03-04_101_p_ic010.jpg</filename><folder>users/joselusava//valeria/sala3y4_101_ic</folder><source><submittedBy>Jose Saca</submittedBy></source><imagesize><nrows>3200</nrows><ncols>4800</ncols></imagesize><object><name>m1_s03_s04_101_p_ic010</name><deleted>0</deleted><verified>0</verified><occluded>no</occluded><attributes></attributes><parts><hasparts></hasparts><ispartof></ispartof></parts><date>28-08-20 22:29:24:232</date><id>0</id><type>bounding_box</type><polygon><username>anonymous</username><pt><x>789</x><y>2722</y><time>28-08-20 22:29:14:437</time></pt><pt><x>4730</x><y>2722</y><time>28-08-20 22:29:18:088</time></pt><pt><x>4730</x><y>768</y><time>undefined</time></pt><pt><x>789</x><y>768</y><time>undefined</time></pt><closed_date>28-08-20 22:29:18:088</closed_date></polygon></object></annotation>