<annotation><filename>m3_s01_010_p_nic010.jpg</filename><folder>users/joselusava//m4_js/m3/10/nic</folder><source><submittedBy>Jose Saca</submittedBy></source><imagesize><nrows>2970</nrows><ncols>4451</ncols></imagesize><object><name>m3_s01_010_p_nic010</name><deleted>0</deleted><verified>0</verified><occluded>no</occluded><attributes></attributes><parts><hasparts></hasparts><ispartof></ispartof></parts><date>29-10-20 13:34:38:408</date><id>0</id><type>bounding_box</type><polygon><username>anonymous</username><pt><x>4259</x><y>2289</y><time>29-10-20 13:34:35:846</time></pt><pt><x>916</x><y>2289</y><time>29-10-20 13:34:37:674</time></pt><pt><x>916</x><y>11</y><time>undefined</time></pt><pt><x>4259</x><y>11</y><time>undefined</time></pt><closed_date>29-10-20 13:34:37:675</closed_date></polygon></object></annotation>