<annotation><filename>m3_s01_013_p_ic020.jpg</filename><folder>users/joselusava//valeria/m03_s01_13_ic</folder><source><submittedBy>Jose Saca</submittedBy></source><imagesize><nrows>2970</nrows><ncols>4451</ncols></imagesize><object><name>m3_s01_013_p_ic019</name><deleted>0</deleted><verified>0</verified><occluded>no</occluded><attributes></attributes><parts><hasparts></hasparts><ispartof></ispartof></parts><date>28-10-20 22:32:03:277</date><id>0</id><type>bounding_box</type><polygon><username>anonymous</username><pt><x>3861</x><y>2861</y><time>28-10-20 22:31:56:435</time></pt><pt><x>457</x><y>2861</y><time>28-10-20 22:31:58:985</time></pt><pt><x>457</x><y>137</y><time>undefined</time></pt><pt><x>3861</x><y>137</y><time>undefined</time></pt><closed_date>28-10-20 22:31:58:986</closed_date></polygon></object></annotation>