<annotation><filename>m3_s01_010_p_ic025.jpg</filename><folder>users/joselusava//m4_js/m3/10/ic</folder><source><submittedBy>Jose Saca</submittedBy></source><imagesize><nrows>2970</nrows><ncols>4451</ncols></imagesize><object><name>m3_s01_010_p_ic025</name><deleted>0</deleted><verified>0</verified><occluded>no</occluded><attributes></attributes><parts><hasparts></hasparts><ispartof></ispartof></parts><date>29-10-20 11:07:27:898</date><id>0</id><type>bounding_box</type><polygon><username>anonymous</username><pt><x>4238</x><y>2674</y><time>29-10-20 11:07:25:363</time></pt><pt><x>480</x><y>2674</y><time>29-10-20 11:07:27:013</time></pt><pt><x>480</x><y>187</y><time>undefined</time></pt><pt><x>4238</x><y>187</y><time>undefined</time></pt><closed_date>29-10-20 11:07:27:014</closed_date></polygon></object></annotation>