<annotation><filename>m2_s01_018_p_nic009.jpg</filename><folder>users/joselusava//santiago_2</folder><source><submittedBy>Jose Saca</submittedBy></source><imagesize><nrows>3000</nrows><ncols>4496</ncols></imagesize><object><name>m2_s01_018_p_nic009</name><deleted>0</deleted><verified>0</verified><occluded>no</occluded><attributes></attributes><parts><hasparts></hasparts><ispartof></ispartof></parts><date>28-09-20 19:30:38:474</date><id>0</id><type>bounding_box</type><polygon><username>anonymous</username><pt><x>1768</x><y>503</y><time>28-09-20 19:30:35:522</time></pt><pt><x>2379</x><y>503</y><time>28-09-20 19:30:36:309</time></pt><pt><x>2379</x><y>1222</y><time>undefined</time></pt><pt><x>1768</x><y>1222</y><time>undefined</time></pt><closed_date>28-09-20 19:30:36:311</closed_date></polygon></object></annotation>