<annotation><filename>m2_s02_190_p_nic007.jpg</filename><folder>users/joselusava//m2_jsv/190/nic</folder><source><submittedBy>Jose Saca</submittedBy></source><imagesize><nrows>2910</nrows><ncols>4361</ncols></imagesize><object><name>m2_s02_190_p_nic007</name><deleted>0</deleted><verified>0</verified><occluded>no</occluded><attributes></attributes><parts><hasparts></hasparts><ispartof></ispartof></parts><date>21-09-20 14:52:41:184</date><id>0</id><type>bounding_box</type><polygon><username>anonymous</username><pt><x>2690</x><y>1454</y><time>21-09-20 14:52:38:725</time></pt><pt><x>1541</x><y>1454</y><time>21-09-20 14:52:40:249</time></pt><pt><x>1541</x><y>26</y><time>undefined</time></pt><pt><x>2690</x><y>26</y><time>undefined</time></pt><closed_date>21-09-20 14:52:40:250</closed_date></polygon></object></annotation>