<annotation><filename>m1_s06_168_p_nic058.jpg</filename><folder>users/joselusava//jacob_2/168nic</folder><source><submittedBy>Jose Saca</submittedBy></source><imagesize><nrows>2736</nrows><ncols>4100</ncols></imagesize><object><name>m1_s06_168_p_nic058</name><deleted>0</deleted><verified>0</verified><occluded>no</occluded><attributes></attributes><parts><hasparts></hasparts><ispartof></ispartof></parts><date>08-09-20 23:21:06:314</date><id>0</id><type>bounding_box</type><polygon><username>anonymous</username><pt><x>2058</x><y>1550</y><time>08-09-20 23:21:04:239</time></pt><pt><x>1328</x><y>1550</y><time>08-09-20 23:21:05:559</time></pt><pt><x>1328</x><y>172</y><time>undefined</time></pt><pt><x>2058</x><y>172</y><time>undefined</time></pt><closed_date>08-09-20 23:21:05:559</closed_date></polygon></object></annotation>