<annotation><filename>m1_s01_017_p_ic077.jpg</filename><folder>users/joselusava//santiago</folder><source><submittedBy>Jose Saca</submittedBy></source><imagesize><nrows>3200</nrows><ncols>4800</ncols></imagesize><object><name>m1_s01_017_p_ic077</name><deleted>0</deleted><verified>0</verified><occluded>no</occluded><attributes></attributes><parts><hasparts></hasparts><ispartof></ispartof></parts><date>10-09-20 23:00:05:117</date><id>0</id><type>bounding_box</type><polygon><username>anonymous</username><pt><x>1299</x><y>767</y><time>10-09-20 22:59:56:883</time></pt><pt><x>3092</x><y>767</y><time>10-09-20 22:59:59:101</time></pt><pt><x>3092</x><y>2279</y><time>undefined</time></pt><pt><x>1299</x><y>2279</y><time>undefined</time></pt><closed_date>10-09-20 22:59:59:103</closed_date></polygon></object></annotation>