<annotation><filename>m4_s10_164_p_nic003.jpg</filename><folder>users/joselusava//santiago_2</folder><source><submittedBy>Jose Saca</submittedBy></source><imagesize><nrows>2970</nrows><ncols>4451</ncols></imagesize><object><name>m4_s10_164_p_nic003</name><deleted>0</deleted><verified>0</verified><occluded>no</occluded><attributes></attributes><parts><hasparts></hasparts><ispartof></ispartof></parts><date>13-10-20 23:35:56:223</date><id>0</id><type>bounding_box</type><polygon><username>anonymous</username><pt><x>3441</x><y>532</y><time>13-10-20 23:35:48:560</time></pt><pt><x>4048</x><y>532</y><time>13-10-20 23:35:49:530</time></pt><pt><x>4048</x><y>1192</y><time>undefined</time></pt><pt><x>3441</x><y>1192</y><time>undefined</time></pt><closed_date>13-10-20 23:35:49:531</closed_date></polygon></object></annotation>