<annotation><filename>m2_s02_190_p_ic066.jpg</filename><folder>users/joselusava//m2_jsv/190/ic</folder><source><submittedBy>Jose Saca</submittedBy></source><imagesize><nrows>2910</nrows><ncols>4361</ncols></imagesize><object><name>m2_s02_190_p_ic066</name><deleted>0</deleted><verified>0</verified><occluded>no</occluded><attributes></attributes><parts><hasparts></hasparts><ispartof></ispartof></parts><date>21-09-20 14:31:42:983</date><id>0</id><type>bounding_box</type><polygon><username>anonymous</username><pt><x>1353</x><y>659</y><time>21-09-20 14:31:40:583</time></pt><pt><x>3104</x><y>659</y><time>21-09-20 14:31:42:296</time></pt><pt><x>3104</x><y>2558</y><time>undefined</time></pt><pt><x>1353</x><y>2558</y><time>undefined</time></pt><closed_date>21-09-20 14:31:42:296</closed_date></polygon></object></annotation>