<annotation><filename>m2_s02_137_x.jpg</filename><folder>users/joselusava//m2_jsv</folder><source><submittedBy>Jose Saca</submittedBy></source><imagesize><nrows>2910</nrows><ncols>4361</ncols></imagesize><object><name>m2_s02_136_x</name><deleted>0</deleted><verified>0</verified><occluded>no</occluded><attributes></attributes><parts><hasparts></hasparts><ispartof></ispartof></parts><date>19-09-20 23:33:25:507</date><id>0</id><type>bounding_box</type><polygon><username>anonymous</username><pt><x>3020</x><y>2333</y><time>19-09-20 23:33:23:941</time></pt><pt><x>1245</x><y>2333</y><time>19-09-20 23:33:24:938</time></pt><pt><x>1245</x><y>453</y><time>undefined</time></pt><pt><x>3020</x><y>453</y><time>undefined</time></pt><closed_date>19-09-20 23:33:24:938</closed_date></polygon></object></annotation>