<annotation><filename>m1_s02_029_p_nic058.jpg</filename><folder>users/joselusava//valeria/sala2_029_nic</folder><source><submittedBy>Jose Saca</submittedBy></source><imagesize><nrows>3200</nrows><ncols>4800</ncols></imagesize><object><name>m1_s02_029_p_nic058</name><deleted>0</deleted><verified>0</verified><occluded>no</occluded><attributes></attributes><parts><hasparts></hasparts><ispartof></ispartof></parts><date>26-08-20 19:26:57:152</date><id>0</id><type>bounding_box</type><polygon><username>anonymous</username><pt><x>3023</x><y>263</y><time>26-08-20 19:26:50:569</time></pt><pt><x>4311</x><y>263</y><time>26-08-20 19:26:53:614</time></pt><pt><x>4311</x><y>1605</y><time>undefined</time></pt><pt><x>3023</x><y>1605</y><time>undefined</time></pt><closed_date>26-08-20 19:26:53:615</closed_date></polygon></object></annotation>