<annotation><filename>m3_s01_023_p_ic081.jpg</filename><folder>users/joselusava//santiago_3</folder><source><submittedBy>Jose Saca</submittedBy></source><imagesize><nrows>2970</nrows><ncols>4451</ncols></imagesize><object><name>m3_s01_023_p_ic081</name><deleted>0</deleted><verified>0</verified><occluded>no</occluded><attributes></attributes><parts><hasparts></hasparts><ispartof></ispartof></parts><date>04-11-20 20:18:28:974</date><id>0</id><type>bounding_box</type><polygon><username>anonymous</username><pt><x>311</x><y>143</y><time>04-11-20 20:18:21:653</time></pt><pt><x>3795</x><y>143</y><time>04-11-20 20:18:23:244</time></pt><pt><x>3795</x><y>2310</y><time>undefined</time></pt><pt><x>311</x><y>2310</y><time>undefined</time></pt><closed_date>04-11-20 20:18:23:244</closed_date></polygon></object></annotation>