<annotation><filename>m1_s02_052_p_ic024.jpg</filename><folder>users/joselusava//valeria/sala2_052_ic</folder><source><submittedBy>Jose Saca</submittedBy></source><imagesize><nrows>3200</nrows><ncols>4800</ncols></imagesize><object><name>m1_s02_052_p_ic024</name><deleted>0</deleted><verified>0</verified><occluded>no</occluded><attributes></attributes><parts><hasparts></hasparts><ispartof></ispartof></parts><date>25-08-20 17:17:29:075</date><id>0</id><type>bounding_box</type><polygon><username>anonymous</username><pt><x>349</x><y>204</y><time>25-08-20 17:17:19:739</time></pt><pt><x>4446</x><y>204</y><time>25-08-20 17:17:24:453</time></pt><pt><x>4446</x><y>3189</y><time>undefined</time></pt><pt><x>349</x><y>3189</y><time>undefined</time></pt><closed_date>25-08-20 17:17:24:454</closed_date></polygon></object></annotation>