<annotation><filename>m2_s01_032_p_ic034.jpg</filename><folder>users/joselusava//santiago_2</folder><source><submittedBy>Jose Saca</submittedBy></source><imagesize><nrows>2850</nrows><ncols>4271</ncols></imagesize><object><name>m2_s01_032_p_ic034</name><deleted>0</deleted><verified>0</verified><occluded>no</occluded><attributes></attributes><parts><hasparts></hasparts><ispartof></ispartof></parts><date>30-09-20 12:19:46:686</date><id>0</id><type>bounding_box</type><polygon><username>anonymous</username><pt><x>1262</x><y>190</y><time>30-09-20 12:19:41:953</time></pt><pt><x>3043</x><y>190</y><time>30-09-20 12:19:44:773</time></pt><pt><x>3043</x><y>2626</y><time>undefined</time></pt><pt><x>1262</x><y>2626</y><time>undefined</time></pt><closed_date>30-09-20 12:19:44:774</closed_date></polygon></object></annotation>