<annotation><filename>m2_s01_054_p_ic069.jpg</filename><folder>users/joselusava//kath</folder><source><submittedBy>Jose Saca</submittedBy></source><imagesize><nrows>2850</nrows><ncols>4271</ncols></imagesize><object><name>m2_s01_054_p_ic069</name><deleted>0</deleted><verified>0</verified><occluded>no</occluded><attributes></attributes><parts><hasparts></hasparts><ispartof></ispartof></parts><date>29-09-20 23:47:43:199</date><id>0</id><type>bounding_box</type><polygon><username>anonymous</username><pt><x>1355</x><y>358</y><time>29-09-20 23:47:33:897</time></pt><pt><x>2457</x><y>358</y><time>29-09-20 23:47:35:707</time></pt><pt><x>2457</x><y>2569</y><time>undefined</time></pt><pt><x>1355</x><y>2569</y><time>undefined</time></pt><closed_date>29-09-20 23:47:35:708</closed_date></polygon></object></annotation>