<annotation><filename>m2_s01_018_p_ic071.jpg</filename><folder>users/joselusava//santiago_2</folder><source><submittedBy>Jose Saca</submittedBy></source><imagesize><nrows>2850</nrows><ncols>4271</ncols></imagesize><object><name>m2_s01_018_p_ic071</name><deleted>0</deleted><verified>0</verified><occluded>no</occluded><attributes></attributes><parts><hasparts></hasparts><ispartof></ispartof></parts><date>28-09-20 18:01:07:894</date><id>0</id><type>bounding_box</type><polygon><username>anonymous</username><pt><x>1750</x><y>856</y><time>28-09-20 18:01:01:439</time></pt><pt><x>2776</x><y>856</y><time>28-09-20 18:01:02:499</time></pt><pt><x>2776</x><y>2132</y><time>undefined</time></pt><pt><x>1750</x><y>2132</y><time>undefined</time></pt><closed_date>28-09-20 18:01:02:500</closed_date></polygon></object></annotation>