<annotation><filename>m2_s02_085_p_nic039.jpg</filename><folder>users/joselusava//m2_jsv/85/nic</folder><source><submittedBy>Jose Saca</submittedBy></source><imagesize><nrows>2910</nrows><ncols>4361</ncols></imagesize><object><name>m2_s02_085_p_nic039</name><deleted>0</deleted><verified>0</verified><occluded>no</occluded><attributes></attributes><parts><hasparts></hasparts><ispartof></ispartof></parts><date>19-09-20 22:39:02:440</date><id>0</id><type>bounding_box</type><polygon><username>anonymous</username><pt><x>2803</x><y>783</y><time>19-09-20 22:39:00:564</time></pt><pt><x>3673</x><y>783</y><time>19-09-20 22:39:01:801</time></pt><pt><x>3673</x><y>1871</y><time>undefined</time></pt><pt><x>2803</x><y>1871</y><time>undefined</time></pt><closed_date>19-09-20 22:39:01:801</closed_date></polygon></object></annotation>