<annotation><filename>m1_s01_021_p_ic026.jpg</filename><folder>users/joselusava//santiago</folder><source><submittedBy>Jose Saca</submittedBy></source><imagesize><nrows>3200</nrows><ncols>4800</ncols></imagesize><object><name>m1_s01_021_p_ic026</name><deleted>0</deleted><verified>0</verified><occluded>no</occluded><attributes></attributes><parts><hasparts></hasparts><ispartof></ispartof></parts><date>14-09-20 22:50:24:321</date><id>0</id><type>bounding_box</type><polygon><username>anonymous</username><pt><x>1710</x><y>677</y><time>14-09-20 22:50:14:678</time></pt><pt><x>3132</x><y>677</y><time>14-09-20 22:50:16:967</time></pt><pt><x>3132</x><y>2566</y><time>undefined</time></pt><pt><x>1710</x><y>2566</y><time>undefined</time></pt><closed_date>14-09-20 22:50:16:968</closed_date></polygon></object></annotation>