<annotation><filename>m4_s05_052_p_nic001.jpg</filename><folder>users/joselusava//santiago_2</folder><source><submittedBy>Jose Saca</submittedBy></source><imagesize><nrows>2910</nrows><ncols>4361</ncols></imagesize><object><name>m4_s05_052_p_nic001</name><deleted>0</deleted><verified>0</verified><occluded>no</occluded><attributes></attributes><parts><hasparts></hasparts><ispartof></ispartof></parts><date>07-10-20 23:39:48:412</date><id>0</id><type>bounding_box</type><polygon><username>anonymous</username><pt><x>2432</x><y>1182</y><time>07-10-20 23:39:43:468</time></pt><pt><x>3885</x><y>1182</y><time>07-10-20 23:39:45:088</time></pt><pt><x>3885</x><y>2638</y><time>undefined</time></pt><pt><x>2432</x><y>2638</y><time>undefined</time></pt><closed_date>07-10-20 23:39:45:089</closed_date></polygon></object></annotation>