<annotation><filename>m2_s05_236_p_nic072.jpg</filename><folder>users/joselusava//museos2020</folder><source><submittedBy>Jose Saca</submittedBy></source><imagesize><nrows>2910</nrows><ncols>4361</ncols></imagesize><object><name>m2_s05_236_p_nic072</name><deleted>0</deleted><verified>0</verified><occluded>no</occluded><attributes></attributes><parts><hasparts></hasparts><ispartof></ispartof></parts><date>17-09-20 09:00:10:789</date><id>0</id><type>bounding_box</type><polygon><username>anonymous</username><pt><x>1697</x><y>637</y><time>17-09-20 08:59:38:030</time></pt><pt><x>4272</x><y>637</y><time>17-09-20 08:59:39:717</time></pt><pt><x>4272</x><y>2645</y><time>undefined</time></pt><pt><x>1697</x><y>2645</y><time>undefined</time></pt><closed_date>17-09-20 08:59:39:718</closed_date></polygon></object></annotation>