<annotation><filename>m2_s01_032_p_nic038.jpg</filename><folder>users/joselusava//santiago_2</folder><source><submittedBy>Jose Saca</submittedBy></source><imagesize><nrows>2850</nrows><ncols>4271</ncols></imagesize><object><name>m2_s01_032_p_nic038</name><deleted>0</deleted><verified>0</verified><occluded>no</occluded><attributes></attributes><parts><hasparts></hasparts><ispartof></ispartof></parts><date>30-09-20 20:40:39:860</date><id>0</id><type>bounding_box</type><polygon><username>anonymous</username><pt><x>736</x><y>1299</y><time>30-09-20 20:40:37:097</time></pt><pt><x>1605</x><y>1299</y><time>30-09-20 20:40:38:036</time></pt><pt><x>1605</x><y>2266</y><time>undefined</time></pt><pt><x>736</x><y>2266</y><time>undefined</time></pt><closed_date>30-09-20 20:40:38:037</closed_date></polygon></object></annotation>