<annotation><filename>m2_s01_034_p_ic007.jpg</filename><folder>users/joselusava//kath</folder><source><submittedBy>Jose Saca</submittedBy></source><imagesize><nrows>2850</nrows><ncols>4271</ncols></imagesize><object><name>m2_s01_034_p_ic007</name><deleted>0</deleted><verified>0</verified><occluded>no</occluded><attributes></attributes><parts><hasparts></hasparts><ispartof></ispartof></parts><date>23-09-20 22:07:34:812</date><id>0</id><type>bounding_box</type><polygon><username>anonymous</username><pt><x>1200</x><y>147</y><time>23-09-20 22:07:11:120</time></pt><pt><x>2822</x><y>147</y><time>23-09-20 22:07:23:384</time></pt><pt><x>2822</x><y>2703</y><time>undefined</time></pt><pt><x>1200</x><y>2703</y><time>undefined</time></pt><closed_date>23-09-20 22:07:23:385</closed_date></polygon></object></annotation>