<annotation><filename>m4_s02_015_p_nic056.jpg</filename><folder>users/joselusava//m4_js/15nic</folder><source><submittedBy>Jose Saca</submittedBy></source><imagesize><nrows>2910</nrows><ncols>4361</ncols></imagesize><object><name>m4_s02_015_p_nic052</name><deleted>0</deleted><verified>0</verified><occluded>no</occluded><attributes></attributes><parts><hasparts></hasparts><ispartof></ispartof></parts><date>06-10-20 20:03:53:382</date><id>0</id><type>bounding_box</type><polygon><username>anonymous</username><pt><x>531</x><y>1245</y><time>06-10-20 20:03:51:634</time></pt><pt><x>2107</x><y>1245</y><time>06-10-20 20:03:52:768</time></pt><pt><x>2107</x><y>2829</y><time>undefined</time></pt><pt><x>531</x><y>2829</y><time>undefined</time></pt><closed_date>06-10-20 20:03:52:769</closed_date></polygon></object></annotation>