<annotation><filename>m4_s07_105_p_ic051.jpg</filename><folder>users/joselusava//kath/m4_105</folder><source><submittedBy>Jose Saca</submittedBy></source><imagesize><nrows>2970</nrows><ncols>4451</ncols></imagesize><object><name>m4_s07_105_p_ic051</name><deleted>0</deleted><verified>0</verified><occluded>no</occluded><attributes></attributes><parts><hasparts></hasparts><ispartof></ispartof></parts><date>29-10-20 08:23:03:416</date><id>0</id><type>bounding_box</type><polygon><username>anonymous</username><pt><x>1605</x><y>2893</y><time>29-10-20 08:22:58:665</time></pt><pt><x>2874</x><y>2893</y><time>29-10-20 08:23:00:758</time></pt><pt><x>2874</x><y>380</y><time>undefined</time></pt><pt><x>1605</x><y>380</y><time>undefined</time></pt><closed_date>29-10-20 08:23:00:758</closed_date></polygon></object></annotation>