<annotation><filename>m1_s01_004_p_ic043.jpg</filename><folder>users/joselusava//valeria_apoyo/sala001_004ic_ok</folder><source><submittedBy>Jose Saca</submittedBy></source><imagesize><nrows>2000</nrows><ncols>2992</ncols></imagesize><object><name>m1_s01_004_p_ic043</name><deleted>0</deleted><verified>0</verified><occluded>no</occluded><attributes></attributes><parts><hasparts></hasparts><ispartof></ispartof></parts><date>15-09-20 23:40:27:852</date><id>0</id><type>bounding_box</type><polygon><username>anonymous</username><pt><x>4</x><y>1811</y><time>15-09-20 23:40:19:273</time></pt><pt><x>2989</x><y>1811</y><time>15-09-20 23:40:23:648</time></pt><pt><x>2989</x><y>443</y><time>undefined</time></pt><pt><x>4</x><y>443</y><time>undefined</time></pt><closed_date>15-09-20 23:40:23:650</closed_date></polygon></object></annotation>