<annotation><filename>m1_s02_052_p_nic025.jpg</filename><folder>users/joselusava//valeria/sala2_052_nic</folder><source><submittedBy>Jose Saca</submittedBy></source><imagesize><nrows>3200</nrows><ncols>4800</ncols></imagesize><object><name>m1_s02_052_p_nic025</name><deleted>0</deleted><verified>0</verified><occluded>no</occluded><attributes></attributes><parts><hasparts></hasparts><ispartof></ispartof></parts><date>27-08-20 14:53:40:151</date><id>0</id><type>bounding_box</type><polygon><username>anonymous</username><pt><x>3297</x><y>1922</y><time>27-08-20 14:53:32:933</time></pt><pt><x>1509</x><y>1922</y><time>27-08-20 14:53:36:720</time></pt><pt><x>1509</x><y>172</y><time>undefined</time></pt><pt><x>3297</x><y>172</y><time>undefined</time></pt><closed_date>27-08-20 14:53:36:721</closed_date></polygon></object></annotation>