<annotation><filename>m1_s01_004_p_ic058.jpg</filename><folder>users/joselusava//valeria_apoyo/sala001_004ic_ok</folder><source><submittedBy>Jose Saca</submittedBy></source><imagesize><nrows>2000</nrows><ncols>2992</ncols></imagesize><object><name>m1_s01_004_p_ic058</name><deleted>0</deleted><verified>0</verified><occluded>no</occluded><attributes></attributes><parts><hasparts></hasparts><ispartof></ispartof></parts><date>16-09-20 00:44:36:511</date><id>0</id><type>bounding_box</type><polygon><username>anonymous</username><pt><x>2606</x><y>1716</y><time>16-09-20 00:44:29:348</time></pt><pt><x>11</x><y>1716</y><time>16-09-20 00:44:32:933</time></pt><pt><x>11</x><y>534</y><time>undefined</time></pt><pt><x>2606</x><y>534</y><time>undefined</time></pt><closed_date>16-09-20 00:44:32:934</closed_date></polygon></object></annotation>