<annotation><filename>m2_s03_248_p_ic069.jpg</filename><folder>users/joselusava//museos2020</folder><source><submittedBy>Jose Saca</submittedBy></source><imagesize><nrows>2910</nrows><ncols>4361</ncols></imagesize><object><name>m2_s03_248_p_ic069</name><deleted>0</deleted><verified>0</verified><occluded>no</occluded><attributes></attributes><parts><hasparts></hasparts><ispartof></ispartof></parts><date>27-09-20 08:59:09:284</date><id>0</id><type>bounding_box</type><polygon><username>anonymous</username><pt><x>28</x><y>349</y><time>27-09-20 08:59:02:981</time></pt><pt><x>4342</x><y>349</y><time>27-09-20 08:59:04:218</time></pt><pt><x>4342</x><y>2213</y><time>undefined</time></pt><pt><x>28</x><y>2213</y><time>undefined</time></pt><closed_date>27-09-20 08:59:04:219</closed_date></polygon></object></annotation>