<annotation><filename>m2_s01_001_p_ic043.jpg</filename><folder>users/joselusava//santiago</folder><source><submittedBy>Jose Saca</submittedBy></source><imagesize><nrows>2850</nrows><ncols>4271</ncols></imagesize><object><name>m2_s01_001_p_ic043</name><deleted>0</deleted><verified>0</verified><occluded>no</occluded><attributes></attributes><parts><hasparts></hasparts><ispartof></ispartof></parts><date>19-09-20 08:37:09:235</date><id>0</id><type>bounding_box</type><polygon><username>anonymous</username><pt><x>981</x><y>151</y><time>19-09-20 08:36:59:430</time></pt><pt><x>3049</x><y>151</y><time>19-09-20 08:37:01:430</time></pt><pt><x>3049</x><y>2741</y><time>undefined</time></pt><pt><x>981</x><y>2741</y><time>undefined</time></pt><closed_date>19-09-20 08:37:01:430</closed_date></polygon></object></annotation>