<annotation><filename>m1_s01_004_p_ic074.jpg</filename><folder>users/joselusava//valeria_apoyo/sala001_004ic_ok</folder><source><submittedBy>Jose Saca</submittedBy></source><imagesize><nrows>2000</nrows><ncols>2992</ncols></imagesize><object><name>m1_s01_004_p_ic074</name><deleted>0</deleted><verified>0</verified><occluded>no</occluded><attributes></attributes><parts><hasparts></hasparts><ispartof></ispartof></parts><date>16-09-20 01:17:12:102</date><id>0</id><type>bounding_box</type><polygon><username>anonymous</username><pt><x>2860</x><y>1394</y><time>16-09-20 01:16:35:497</time></pt><pt><x>280</x><y>1394</y><time>16-09-20 01:16:38:878</time></pt><pt><x>280</x><y>670</y><time>undefined</time></pt><pt><x>2860</x><y>670</y><time>undefined</time></pt><closed_date>16-09-20 01:16:38:879</closed_date></polygon></object></annotation>