<annotation><filename>m1_s02_029_p_ic037.jpg</filename><folder>users/joselusava//valeria/sala2_029_ic</folder><source><submittedBy>Jose Saca</submittedBy></source><imagesize><nrows>3200</nrows><ncols>4800</ncols></imagesize><object><name>m1_s02_029_p_ic037</name><deleted>0</deleted><verified>0</verified><occluded>no</occluded><attributes></attributes><parts><hasparts></hasparts><ispartof></ispartof></parts><date>22-08-20 19:21:19:572</date><id>0</id><type>bounding_box</type><polygon><username>anonymous</username><pt><x>1364</x><y>70</y><time>22-08-20 19:20:59:208</time></pt><pt><x>3302</x><y>70</y><time>22-08-20 19:21:04:187</time></pt><pt><x>3302</x><y>2996</y><time>undefined</time></pt><pt><x>1364</x><y>2996</y><time>undefined</time></pt><closed_date>22-08-20 19:21:04:189</closed_date></polygon></object></annotation>