<annotation><filename>m2_s03_201_p_ic069.jpg</filename><folder>users/joselusava//eg</folder><source><submittedBy>Jose Saca</submittedBy></source><imagesize><nrows>2910</nrows><ncols>4361</ncols></imagesize><object><name>m2_s03_201_p_ic069</name><deleted>0</deleted><verified>0</verified><occluded>no</occluded><attributes></attributes><parts><hasparts></hasparts><ispartof></ispartof></parts><date>17-09-20 07:41:06:144</date><id>0</id><type>bounding_box</type><polygon><username>anonymous</username><pt><x>1089</x><y>244</y><time>17-09-20 07:40:55:307</time></pt><pt><x>3225</x><y>244</y><time>17-09-20 07:40:56:426</time></pt><pt><x>3225</x><y>2659</y><time>undefined</time></pt><pt><x>1089</x><y>2659</y><time>undefined</time></pt><closed_date>17-09-20 07:40:56:428</closed_date></polygon></object></annotation>