<annotation><filename>img_m1_s10_303_p_nic083.jpg</filename><folder>users/joselusava//santiago</folder><source><submittedBy>Jose Saca</submittedBy></source><imagesize><nrows>3200</nrows><ncols>4800</ncols></imagesize><object><name>m1_s10_303_p_nic083</name><deleted>0</deleted><verified>0</verified><occluded>no</occluded><attributes></attributes><parts><hasparts></hasparts><ispartof></ispartof></parts><date>01-09-20 23:00:18:039</date><id>0</id><type>bounding_box</type><polygon><username>anonymous</username><pt><x>274</x><y>367</y><time>01-09-20 23:00:04:421</time></pt><pt><x>1843</x><y>367</y><time>01-09-20 23:00:05:812</time></pt><pt><x>1843</x><y>1263</y><time>undefined</time></pt><pt><x>274</x><y>1263</y><time>undefined</time></pt><closed_date>01-09-20 23:00:05:814</closed_date></polygon></object></annotation>