<annotation><filename>m3_s01_010_p_ic004.jpg</filename><folder>users/joselusava//m4_js/m3/10/ic</folder><source><submittedBy>Jose Saca</submittedBy></source><imagesize><nrows>2970</nrows><ncols>4451</ncols></imagesize><object><name>m3_s01_010_p_ic004</name><deleted>0</deleted><verified>0</verified><occluded>no</occluded><attributes></attributes><parts><hasparts></hasparts><ispartof></ispartof></parts><date>29-10-20 09:41:29:523</date><id>0</id><type>bounding_box</type><polygon><username>anonymous</username><pt><x>3052</x><y>2599</y><time>29-10-20 09:41:25:707</time></pt><pt><x>1263</x><y>2599</y><time>29-10-20 09:41:28:044</time></pt><pt><x>1263</x><y>431</y><time>undefined</time></pt><pt><x>3052</x><y>431</y><time>undefined</time></pt><closed_date>29-10-20 09:41:28:044</closed_date></polygon></object></annotation>