<annotation><filename>m4_s05_052_p_nic012.jpg</filename><folder>users/joselusava//santiago_2</folder><source><submittedBy>Jose Saca</submittedBy></source><imagesize><nrows>2910</nrows><ncols>4361</ncols></imagesize><object><name>m4_s05_052_p_nic012</name><deleted>0</deleted><verified>0</verified><occluded>no</occluded><attributes></attributes><parts><hasparts></hasparts><ispartof></ispartof></parts><date>07-10-20 23:48:06:366</date><id>0</id><type>bounding_box</type><polygon><username>anonymous</username><pt><x>1323</x><y>204</y><time>07-10-20 23:48:03:810</time></pt><pt><x>2803</x><y>204</y><time>07-10-20 23:48:04:737</time></pt><pt><x>2803</x><y>1704</y><time>undefined</time></pt><pt><x>1323</x><y>1704</y><time>undefined</time></pt><closed_date>07-10-20 23:48:04:738</closed_date></polygon></object></annotation>