<annotation><filename>m2_s01_032_p_ic031.jpg</filename><folder>users/joselusava//santiago_2</folder><source><submittedBy>Jose Saca</submittedBy></source><imagesize><nrows>2850</nrows><ncols>4271</ncols></imagesize><object><name>m2_s01_032_p_ic031</name><deleted>0</deleted><verified>0</verified><occluded>no</occluded><attributes></attributes><parts><hasparts></hasparts><ispartof></ispartof></parts><date>30-09-20 12:16:39:044</date><id>0</id><type>bounding_box</type><polygon><username>anonymous</username><pt><x>1164</x><y>157</y><time>30-09-20 12:16:34:956</time></pt><pt><x>2962</x><y>157</y><time>30-09-20 12:16:36:800</time></pt><pt><x>2962</x><y>2715</y><time>undefined</time></pt><pt><x>1164</x><y>2715</y><time>undefined</time></pt><closed_date>30-09-20 12:16:36:802</closed_date></polygon></object></annotation>