<annotation><filename>m2_s01_010_p_ic095.jpg</filename><folder>users/joselusava//santiago</folder><source><submittedBy>Jose Saca</submittedBy></source><imagesize><nrows>2850</nrows><ncols>4271</ncols></imagesize><object><name>m2_s01_010_p_ic095</name><deleted>0</deleted><verified>0</verified><occluded>no</occluded><attributes></attributes><parts><hasparts></hasparts><ispartof></ispartof></parts><date>22-09-20 00:04:53:899</date><id>0</id><type>bounding_box</type><polygon><username>anonymous</username><pt><x>933</x><y>157</y><time>22-09-20 00:04:44:461</time></pt><pt><x>3482</x><y>157</y><time>22-09-20 00:04:47:556</time></pt><pt><x>3482</x><y>2584</y><time>undefined</time></pt><pt><x>933</x><y>2584</y><time>undefined</time></pt><closed_date>22-09-20 00:04:47:558</closed_date></polygon></object></annotation>