<annotation><filename>m4_s06_089_p_ic032.jpg</filename><folder>users/joselusava//santiago_2</folder><source><submittedBy>Jose Saca</submittedBy></source><imagesize><nrows>2970</nrows><ncols>4451</ncols></imagesize><object><name>m4_s06_089_p_ic032</name><deleted>0</deleted><verified>0</verified><occluded>no</occluded><attributes></attributes><parts><hasparts></hasparts><ispartof></ispartof></parts><date>11-10-20 17:59:20:271</date><id>0</id><type>bounding_box</type><polygon><username>anonymous</username><pt><x>1340</x><y>552</y><time>11-10-20 17:59:16:129</time></pt><pt><x>3164</x><y>552</y><time>11-10-20 17:59:18:193</time></pt><pt><x>3164</x><y>2684</y><time>undefined</time></pt><pt><x>1340</x><y>2684</y><time>undefined</time></pt><closed_date>11-10-20 17:59:18:195</closed_date></polygon></object></annotation>