<annotation><filename>m2_s03_252_p_ic055.jpg</filename><folder>users/joselusava//valeria/m2_sala03_252_ic</folder><source><submittedBy>Jose Saca</submittedBy></source><imagesize><nrows>2910</nrows><ncols>4361</ncols></imagesize><object><name>m2_s06_252_p_ic053</name><deleted>0</deleted><verified>0</verified><occluded>no</occluded><attributes/><parts><hasparts/><ispartof/></parts><date>25-09-20 23:05:51:977</date><id>0</id><type>bounding_box</type><polygon><username>anonymous</username><pt><x>898</x><y>546</y><time>25-09-20 23:05:45:519</time></pt><pt><x>3830</x><y>546</y><time>25-09-20 23:05:48:062</time></pt><pt><x>3830</x><y>2397</y><time>undefined</time></pt><pt><x>898</x><y>2397</y><time>undefined</time></pt><closed_date>25-09-20 23:05:48:063</closed_date></polygon></object><object><name>m2_s06_252_p_ic055</name><deleted>0</deleted><verified>0</verified><occluded>no</occluded><attributes></attributes><parts><hasparts></hasparts><ispartof></ispartof></parts><date>27-09-20 00:37:03:112</date><id>1</id><type>bounding_box</type><polygon><username>anonymous</username><pt><x>860</x><y>535</y><time>27-09-20 00:36:55:935</time></pt><pt><x>3847</x><y>535</y><time>27-09-20 00:36:58:424</time></pt><pt><x>3847</x><y>2386</y><time>undefined</time></pt><pt><x>860</x><y>2386</y><time>undefined</time></pt><closed_date>27-09-20 00:36:58:425</closed_date></polygon></object></annotation>