<annotation><filename>m4_s09_138_p_ic024.jpg</filename><folder>users/joselusava//santiago_2</folder><source><submittedBy>Jose Saca</submittedBy></source><imagesize><nrows>2970</nrows><ncols>4451</ncols></imagesize><object><name>m4_s09_138_p_ic024</name><deleted>0</deleted><verified>0</verified><occluded>no</occluded><attributes></attributes><parts><hasparts></hasparts><ispartof></ispartof></parts><date>22-10-20 13:59:53:617</date><id>0</id><type>bounding_box</type><polygon><username>anonymous</username><pt><x>307</x><y>357</y><time>22-10-20 13:59:50:172</time></pt><pt><x>4259</x><y>357</y><time>22-10-20 13:59:51:352</time></pt><pt><x>4259</x><y>2156</y><time>undefined</time></pt><pt><x>307</x><y>2156</y><time>undefined</time></pt><closed_date>22-10-20 13:59:51:352</closed_date></polygon></object></annotation>