<annotation><filename>m4_s12_185_p_ic090.jpg</filename><folder>users/joselusava//valeria/m04_s12_185_ic</folder><source><submittedBy>Jose Saca</submittedBy></source><imagesize><nrows>2910</nrows><ncols>4361</ncols></imagesize><object><name>m4_s12_185_p_ic090</name><deleted>0</deleted><verified>0</verified><occluded>no</occluded><attributes></attributes><parts><hasparts></hasparts><ispartof></ispartof></parts><date>17-10-20 18:50:55:567</date><id>0</id><type>bounding_box</type><polygon><username>anonymous</username><pt><x>890</x><y>2692</y><time>17-10-20 18:50:48:914</time></pt><pt><x>3520</x><y>2692</y><time>17-10-20 18:50:51:993</time></pt><pt><x>3520</x><y>140</y><time>undefined</time></pt><pt><x>890</x><y>140</y><time>undefined</time></pt><closed_date>17-10-20 18:50:51:995</closed_date></polygon></object></annotation>