<annotation><filename>m2_s01_078_x.jpg</filename><folder>users/joselusava//juancarlos</folder><source><submittedBy>Jose Saca</submittedBy></source><imagesize><nrows>2850</nrows><ncols>4271</ncols></imagesize><object><name>m2_s01_078_x</name><deleted>0</deleted><verified>0</verified><occluded>no</occluded><attributes></attributes><parts><hasparts></hasparts><ispartof></ispartof></parts><date>28-09-20 10:52:47:573</date><id>0</id><type>bounding_box</type><polygon><username>anonymous</username><pt><x>888</x><y>164</y><time>28-09-20 10:52:37:997</time></pt><pt><x>3205</x><y>164</y><time>28-09-20 10:52:41:971</time></pt><pt><x>3205</x><y>2672</y><time>undefined</time></pt><pt><x>888</x><y>2672</y><time>undefined</time></pt><closed_date>28-09-20 10:52:41:973</closed_date></polygon></object></annotation>