<annotation><filename>m1_s01_005_p_nic019.jpg</filename><folder>users/joselusava//museos2020</folder><source><submittedBy>Jose Saca</submittedBy></source><imagesize><nrows>2000</nrows><ncols>2992</ncols></imagesize><object><name>m1_s01_005_p_nic019</name><deleted>0</deleted><verified>0</verified><occluded>yes</occluded><attributes></attributes><parts><hasparts></hasparts><ispartof></ispartof></parts><date>13-09-20 22:54:25:135</date><id>0</id><type>bounding_box</type><polygon><username>anonymous</username><pt><x>2089</x><y>792</y><time>13-09-20 22:54:06:778</time></pt><pt><x>2524</x><y>792</y><time>13-09-20 22:54:07:833</time></pt><pt><x>2524</x><y>1268</y><time>undefined</time></pt><pt><x>2089</x><y>1268</y><time>undefined</time></pt><closed_date>13-09-20 22:54:07:834</closed_date></polygon></object></annotation>