<annotation><filename>m2_s03_248_p_nic010.jpg</filename><folder>users/joselusava//museos2020</folder><source><submittedBy>Jose Saca</submittedBy></source><imagesize><nrows>2910</nrows><ncols>4361</ncols></imagesize><object><name>m2_s03_248_p_nic010</name><deleted>0</deleted><verified>0</verified><occluded>no</occluded><attributes></attributes><parts><hasparts></hasparts><ispartof></ispartof></parts><date>27-09-20 09:57:59:144</date><id>0</id><polygon><username>anonymous</username><pt><x>1395</x><y>279</y><time>27-09-20 09:57:45:611</time></pt><pt><x>3235</x><y>321</y><time>27-09-20 09:57:46:860</time></pt><pt><x>3449</x><y>567</y><time>27-09-20 09:57:47:602</time></pt><pt><x>2134</x><y>1111</y><time>27-09-20 09:57:48:323</time></pt><closed_date>27-09-20 09:57:49:454</closed_date></polygon></object></annotation>