<annotation><filename>m1_s01_021_p_ic062.jpg</filename><folder>users/joselusava//santiago</folder><source><submittedBy>Jose Saca</submittedBy></source><imagesize><nrows>3200</nrows><ncols>4800</ncols></imagesize><object><name>m1_s01_021_p_ic062</name><deleted>0</deleted><verified>0</verified><occluded>no</occluded><attributes></attributes><parts><hasparts></hasparts><ispartof></ispartof></parts><date>14-09-20 23:38:41:736</date><id>0</id><type>bounding_box</type><polygon><username>anonymous</username><pt><x>1735</x><y>813</y><time>14-09-20 23:38:32:972</time></pt><pt><x>3042</x><y>813</y><time>14-09-20 23:38:35:362</time></pt><pt><x>3042</x><y>2404</y><time>undefined</time></pt><pt><x>1735</x><y>2404</y><time>undefined</time></pt><closed_date>14-09-20 23:38:35:363</closed_date></polygon></object></annotation>