<annotation><filename>m4_s11_176_p_nic032.jpg</filename><folder>users/joselusava//m4_js/176/nic</folder><source><submittedBy>Jose Saca</submittedBy></source><imagesize><nrows>2970</nrows><ncols>4451</ncols></imagesize><object><name>m4_s11_176_p_nic032</name><deleted>0</deleted><verified>0</verified><occluded>no</occluded><attributes></attributes><parts><hasparts></hasparts><ispartof></ispartof></parts><date>15-10-20 11:38:43:639</date><id>0</id><type>bounding_box</type><polygon><username>anonymous</username><pt><x>3717</x><y>2964</y><time>15-10-20 11:38:41:992</time></pt><pt><x>1345</x><y>2964</y><time>15-10-20 11:38:43:110</time></pt><pt><x>1345</x><y>1186</y><time>undefined</time></pt><pt><x>3717</x><y>1186</y><time>undefined</time></pt><closed_date>15-10-20 11:38:43:110</closed_date></polygon></object></annotation>