<annotation><filename>m4_s07_105_p_ic093.jpg</filename><folder>users/joselusava//kath/m4_105</folder><source><submittedBy>Jose Saca</submittedBy></source><imagesize><nrows>2970</nrows><ncols>4451</ncols></imagesize><object><name>m4_s07_105_p_ic093</name><deleted>0</deleted><verified>0</verified><occluded>no</occluded><attributes></attributes><parts><hasparts></hasparts><ispartof></ispartof></parts><date>29-10-20 09:10:57:163</date><id>0</id><type>bounding_box</type><polygon><username>anonymous</username><pt><x>1769</x><y>216</y><time>29-10-20 09:10:51:341</time></pt><pt><x>2893</x><y>216</y><time>29-10-20 09:10:54:417</time></pt><pt><x>2893</x><y>2624</y><time>undefined</time></pt><pt><x>1769</x><y>2624</y><time>undefined</time></pt><closed_date>29-10-20 09:10:54:417</closed_date></polygon></object></annotation>