<annotation><filename>m4_s05_052_p_nic097.jpg</filename><folder>users/joselusava//santiago_2</folder><source><submittedBy>Jose Saca</submittedBy></source><imagesize><nrows>2910</nrows><ncols>4361</ncols></imagesize><object><name>m4_s05_052_p_nic097</name><deleted>0</deleted><verified>0</verified><occluded>no</occluded><attributes></attributes><parts><hasparts></hasparts><ispartof></ispartof></parts><date>08-10-20 22:48:06:887</date><id>0</id><type>bounding_box</type><polygon><username>anonymous</username><pt><x>2425</x><y>738</y><time>08-10-20 22:48:03:554</time></pt><pt><x>3807</x><y>738</y><time>08-10-20 22:48:04:874</time></pt><pt><x>3807</x><y>2183</y><time>undefined</time></pt><pt><x>2425</x><y>2183</y><time>undefined</time></pt><closed_date>08-10-20 22:48:04:875</closed_date></polygon></object></annotation>