<annotation><filename>m1_s01_021_p_ic056.jpg</filename><folder>users/joselusava//santiago</folder><source><submittedBy>Jose Saca</submittedBy></source><imagesize><nrows>3200</nrows><ncols>4800</ncols></imagesize><object><name>m1_s01_021_p_ic056</name><deleted>0</deleted><verified>0</verified><occluded>no</occluded><attributes></attributes><parts><hasparts></hasparts><ispartof></ispartof></parts><date>14-09-20 23:31:27:990</date><id>0</id><type>bounding_box</type><polygon><username>anonymous</username><pt><x>1969</x><y>1008</y><time>14-09-20 23:31:18:725</time></pt><pt><x>3020</x><y>1008</y><time>14-09-20 23:31:21:400</time></pt><pt><x>3020</x><y>2466</y><time>undefined</time></pt><pt><x>1969</x><y>2466</y><time>undefined</time></pt><closed_date>14-09-20 23:31:21:401</closed_date></polygon></object></annotation>