<annotation><filename>m1_s01_021_p_ic059.jpg</filename><folder>users/joselusava//santiago</folder><source><submittedBy>Jose Saca</submittedBy></source><imagesize><nrows>3200</nrows><ncols>4800</ncols></imagesize><object><name>m1_s01_021_p_ic059</name><deleted>0</deleted><verified>0</verified><occluded>no</occluded><attributes></attributes><parts><hasparts></hasparts><ispartof></ispartof></parts><date>14-09-20 23:35:16:127</date><id>0</id><type>bounding_box</type><polygon><username>anonymous</username><pt><x>1911</x><y>878</y><time>14-09-20 23:35:07:687</time></pt><pt><x>3074</x><y>878</y><time>14-09-20 23:35:09:363</time></pt><pt><x>3074</x><y>2448</y><time>undefined</time></pt><pt><x>1911</x><y>2448</y><time>undefined</time></pt><closed_date>14-09-20 23:35:09:364</closed_date></polygon></object></annotation>