<annotation><filename>m4_s04_037_p_nic055.jpg</filename><folder>users/joselusava//santiago_2</folder><source><submittedBy>Jose Saca</submittedBy></source><imagesize><nrows>2970</nrows><ncols>4451</ncols></imagesize><object><name>m4_s04_037_p_nic055</name><deleted>0</deleted><verified>0</verified><occluded>no</occluded><attributes></attributes><parts><hasparts></hasparts><ispartof></ispartof></parts><date>19-10-20 22:30:35:777</date><id>0</id><type>bounding_box</type><polygon><username>anonymous</username><pt><x>118</x><y>1139</y><time>19-10-20 22:30:32:762</time></pt><pt><x>1178</x><y>1139</y><time>19-10-20 22:30:33:845</time></pt><pt><x>1178</x><y>2709</y><time>undefined</time></pt><pt><x>118</x><y>2709</y><time>undefined</time></pt><closed_date>19-10-20 22:30:33:847</closed_date></polygon></object></annotation>