<annotation><filename>m1_s06_141_p_nic067.jpg</filename><folder>users/joselusava//jacob_2/141nic</folder><source><submittedBy>Jose Saca</submittedBy></source><imagesize><nrows>2736</nrows><ncols>4100</ncols></imagesize><object><name>m1_s06_141_p_nic067</name><deleted>0</deleted><verified>0</verified><occluded>no</occluded><attributes></attributes><parts><hasparts></hasparts><ispartof></ispartof></parts><date>05-09-20 19:57:05:307</date><id>0</id><type>bounding_box</type><polygon><username>anonymous</username><pt><x>1671</x><y>187</y><time>05-09-20 19:57:00:629</time></pt><pt><x>2388</x><y>187</y><time>05-09-20 19:57:03:274</time></pt><pt><x>2388</x><y>1679</y><time>undefined</time></pt><pt><x>1671</x><y>1679</y><time>undefined</time></pt><closed_date>05-09-20 19:57:03:274</closed_date></polygon></object></annotation>