<annotation><filename>m3_s01_010_p_ic091.jpg</filename><folder>users/joselusava//m4_js/m3/10/ic</folder><source><submittedBy>Jose Saca</submittedBy></source><imagesize><nrows>2970</nrows><ncols>4451</ncols></imagesize><object><name>m3_s01_010_p_ic091</name><deleted>0</deleted><verified>0</verified><occluded>no</occluded><attributes></attributes><parts><hasparts></hasparts><ispartof></ispartof></parts><date>29-10-20 13:25:57:102</date><id>0</id><type>bounding_box</type><polygon><username>anonymous</username><pt><x>3919</x><y>2545</y><time>29-10-20 13:25:54:895</time></pt><pt><x>64</x><y>2545</y><time>29-10-20 13:25:56:389</time></pt><pt><x>64</x><y>330</y><time>undefined</time></pt><pt><x>3919</x><y>330</y><time>undefined</time></pt><closed_date>29-10-20 13:25:56:389</closed_date></polygon></object></annotation>