<annotation><filename>m2_s01_001_p_ic035.jpg</filename><folder>users/joselusava//santiago</folder><source><submittedBy>Jose Saca</submittedBy></source><imagesize><nrows>2850</nrows><ncols>4271</ncols></imagesize><object><name>m2_s01_001_p_ic035</name><deleted>0</deleted><verified>0</verified><occluded>no</occluded><attributes></attributes><parts><hasparts></hasparts><ispartof></ispartof></parts><date>19-09-20 08:24:54:824</date><id>0</id><type>bounding_box</type><polygon><username>anonymous</username><pt><x>875</x><y>90</y><time>19-09-20 08:24:43:973</time></pt><pt><x>3013</x><y>90</y><time>19-09-20 08:24:46:940</time></pt><pt><x>3013</x><y>2696</y><time>undefined</time></pt><pt><x>875</x><y>2696</y><time>undefined</time></pt><closed_date>19-09-20 08:24:46:940</closed_date></polygon></object></annotation>