<annotation><filename>m2_s07_264_p_nic084.jpg</filename><folder>users/joselusava//valeria/sala7_264_nic</folder><source><submittedBy>Jose Saca</submittedBy></source><imagesize><nrows>2910</nrows><ncols>4361</ncols></imagesize><object><name>m2_s07_264_p_nic084</name><deleted>0</deleted><verified>0</verified><occluded>no</occluded><attributes></attributes><parts><hasparts></hasparts><ispartof></ispartof></parts><date>23-09-20 21:34:40:723</date><id>0</id><type>bounding_box</type><polygon><username>anonymous</username><pt><x>3908</x><y>2122</y><time>23-09-20 21:34:32:970</time></pt><pt><x>2519</x><y>2122</y><time>23-09-20 21:34:35:332</time></pt><pt><x>2519</x><y>309</y><time>undefined</time></pt><pt><x>3908</x><y>309</y><time>undefined</time></pt><closed_date>23-09-20 21:34:35:333</closed_date></polygon></object></annotation>