<annotation><filename>m4_s07_105_p_ic014.jpg</filename><folder>users/joselusava//kath/m4_105</folder><source><submittedBy>Jose Saca</submittedBy></source><imagesize><nrows>2970</nrows><ncols>4451</ncols></imagesize><object><name>m4_s07_105_p_ic014</name><deleted>0</deleted><verified>0</verified><occluded>no</occluded><attributes></attributes><parts><hasparts></hasparts><ispartof></ispartof></parts><date>25-10-20 09:20:05:300</date><id>0</id><type>bounding_box</type><polygon><username>anonymous</username><pt><x>1793</x><y>428</y><time>25-10-20 09:19:55:023</time></pt><pt><x>2749</x><y>428</y><time>25-10-20 09:19:56:381</time></pt><pt><x>2749</x><y>2610</y><time>undefined</time></pt><pt><x>1793</x><y>2610</y><time>undefined</time></pt><closed_date>25-10-20 09:19:56:382</closed_date></polygon></object></annotation>