<annotation><filename>m2_s06_250_p_nic015.jpg</filename><folder>users/joselusava//m2_jsv/250</folder><source><submittedBy>Jose Saca</submittedBy></source><imagesize><nrows>2910</nrows><ncols>4361</ncols></imagesize><object><name>m2_s06_250_p_nic015</name><deleted>0</deleted><verified>0</verified><occluded>no</occluded><attributes></attributes><parts><hasparts></hasparts><ispartof></ispartof></parts><date>30-09-20 11:26:19:241</date><id>0</id><type>bounding_box</type><polygon><username>anonymous</username><pt><x>4274</x><y>1854</y><time>30-09-20 11:26:17:444</time></pt><pt><x>1384</x><y>1854</y><time>30-09-20 11:26:18:458</time></pt><pt><x>1384</x><y>357</y><time>undefined</time></pt><pt><x>4274</x><y>357</y><time>undefined</time></pt><closed_date>30-09-20 11:26:18:458</closed_date></polygon></object></annotation>