<annotation><filename>m2_s01_018_p_nic066.jpg</filename><folder>users/joselusava//santiago_2</folder><source><submittedBy>Jose Saca</submittedBy></source><imagesize><nrows>2850</nrows><ncols>4271</ncols></imagesize><object><name>m2_s01_018_p_nic066</name><deleted>0</deleted><verified>0</verified><occluded>no</occluded><attributes></attributes><parts><hasparts></hasparts><ispartof></ispartof></parts><date>29-09-20 18:26:57:863</date><id>0</id><type>bounding_box</type><polygon><username>anonymous</username><pt><x>2315</x><y>372</y><time>29-09-20 18:26:55:153</time></pt><pt><x>2738</x><y>372</y><time>29-09-20 18:26:55:931</time></pt><pt><x>2738</x><y>898</y><time>undefined</time></pt><pt><x>2315</x><y>898</y><time>undefined</time></pt><closed_date>29-09-20 18:26:55:933</closed_date></polygon></object></annotation>