<annotation><filename>m2_s01_024_p_nic054.jpg</filename><folder>users/joselusava//santiago</folder><source><submittedBy>Jose Saca</submittedBy></source><imagesize><nrows>2850</nrows><ncols>4271</ncols></imagesize><object><name>m2_s01_024_p_nic054</name><deleted>0</deleted><verified>0</verified><occluded>no</occluded><attributes></attributes><parts><hasparts></hasparts><ispartof></ispartof></parts><date>25-09-20 14:59:59:030</date><id>0</id><type>bounding_box</type><polygon><username>anonymous</username><pt><x>577</x><y>529</y><time>25-09-20 14:59:50:002</time></pt><pt><x>1321</x><y>529</y><time>25-09-20 14:59:52:208</time></pt><pt><x>1321</x><y>1824</y><time>undefined</time></pt><pt><x>577</x><y>1824</y><time>undefined</time></pt><closed_date>25-09-20 14:59:52:210</closed_date></polygon></object></annotation>