<annotation><filename>m4_s05_055_p_ic069.jpg</filename><folder>users/joselusava//valeria/m4_s05_055_ic</folder><source><submittedBy>Jose Saca</submittedBy></source><imagesize><nrows>2910</nrows><ncols>4361</ncols></imagesize><object><name>m4_s05_055_p_ic069</name><deleted>0</deleted><verified>0</verified><occluded>no</occluded><attributes></attributes><parts><hasparts></hasparts><ispartof></ispartof></parts><date>08-10-20 22:49:19:637</date><id>0</id><type>bounding_box</type><polygon><username>anonymous</username><pt><x>1356</x><y>226</y><time>08-10-20 22:49:14:408</time></pt><pt><x>2833</x><y>226</y><time>08-10-20 22:49:16:312</time></pt><pt><x>2833</x><y>2177</y><time>undefined</time></pt><pt><x>1356</x><y>2177</y><time>undefined</time></pt><closed_date>08-10-20 22:49:16:312</closed_date></polygon></object></annotation>