<annotation><filename>m2_s07_280_x.jpg</filename><folder>users/joselusava//museos2020</folder><source><submittedBy>Jose Saca</submittedBy></source><imagesize><nrows>2910</nrows><ncols>4361</ncols></imagesize><object><name>m2_s07_280_x</name><deleted>0</deleted><verified>0</verified><occluded>no</occluded><attributes></attributes><parts><hasparts></hasparts><ispartof></ispartof></parts><date>27-09-20 22:21:39:796</date><id>0</id><type>bounding_box</type><polygon><username>anonymous</username><pt><x>521</x><y>428</y><time>27-09-20 22:21:31:085</time></pt><pt><x>3812</x><y>428</y><time>27-09-20 22:21:33:090</time></pt><pt><x>3812</x><y>2608</y><time>undefined</time></pt><pt><x>521</x><y>2608</y><time>undefined</time></pt><closed_date>27-09-20 22:21:33:091</closed_date></polygon></object></annotation>