<annotation><filename>m2_s01_010_p_nic012.jpg</filename><folder>users/joselusava//santiago</folder><source><submittedBy>Jose Saca</submittedBy></source><imagesize><nrows>2850</nrows><ncols>4271</ncols></imagesize><object><name>m2_s01_010_p_nic012</name><deleted>0</deleted><verified>0</verified><occluded>no</occluded><attributes></attributes><parts><hasparts></hasparts><ispartof></ispartof></parts><date>22-09-20 19:52:21:206</date><id>0</id><type>bounding_box</type><polygon><username>anonymous</username><pt><x>356</x><y>442</y><time>22-09-20 19:52:11:961</time></pt><pt><x>1286</x><y>442</y><time>22-09-20 19:52:13:924</time></pt><pt><x>1286</x><y>1318</y><time>undefined</time></pt><pt><x>356</x><y>1318</y><time>undefined</time></pt><closed_date>22-09-20 19:52:13:925</closed_date></polygon></object></annotation>