<annotation><filename>m2_s01_034_p_ic056.jpg</filename><folder>users/joselusava//kath</folder><source><submittedBy>Jose Saca</submittedBy></source><imagesize><nrows>2850</nrows><ncols>4271</ncols></imagesize><object><name>m2_s01_034_p_ic056</name><deleted>0</deleted><verified>0</verified><occluded>no</occluded><attributes></attributes><parts><hasparts></hasparts><ispartof></ispartof></parts><date>25-09-20 16:13:13:505</date><id>0</id><polygon><username>anonymous</username><pt><x>1160</x><y>279</y><time>25-09-20 16:13:00:053</time></pt><pt><x>2678</x><y>201</y><time>25-09-20 16:13:01:733</time></pt><pt><x>3029</x><y>2714</y><time>25-09-20 16:13:04:621</time></pt><pt><x>1182</x><y>2786</y><time>25-09-20 16:13:06:942</time></pt><closed_date>25-09-20 16:13:10:062</closed_date></polygon></object></annotation>