<annotation><filename>m1_s02_029_p_nic088.jpg</filename><folder>users/joselusava//valeria/sala2_029_nic</folder><source><submittedBy>Jose Saca</submittedBy></source><imagesize><nrows>3200</nrows><ncols>4800</ncols></imagesize><object><name>m1_s02_029_p_nic088</name><deleted>0</deleted><verified>0</verified><occluded>no</occluded><attributes></attributes><parts><hasparts></hasparts><ispartof></ispartof></parts><date>26-08-20 21:01:05:012</date><id>0</id><type>bounding_box</type><polygon><username>anonymous</username><pt><x>1332</x><y>376</y><time>26-08-20 21:00:58:757</time></pt><pt><x>2448</x><y>376</y><time>26-08-20 21:01:01:792</time></pt><pt><x>2448</x><y>1519</y><time>undefined</time></pt><pt><x>1332</x><y>1519</y><time>undefined</time></pt><closed_date>26-08-20 21:01:01:794</closed_date></polygon></object></annotation>