<annotation><filename>m1_s06_144_p_nic059.jpg</filename><folder>users/joselusava//jacob_2/144nic</folder><source><submittedBy>Jose Saca</submittedBy></source><imagesize><nrows>2736</nrows><ncols>4100</ncols></imagesize><object><name>m1_s06_144_p_nic059</name><deleted>0</deleted><verified>0</verified><occluded>no</occluded><attributes></attributes><parts><hasparts></hasparts><ispartof></ispartof></parts><date>08-09-20 02:20:39:192</date><id>0</id><type>bounding_box</type><polygon><username>anonymous</username><pt><x>1841</x><y>2079</y><time>08-09-20 02:20:36:786</time></pt><pt><x>221</x><y>2079</y><time>08-09-20 02:20:38:659</time></pt><pt><x>221</x><y>614</y><time>undefined</time></pt><pt><x>1841</x><y>614</y><time>undefined</time></pt><closed_date>08-09-20 02:20:38:660</closed_date></polygon></object></annotation>