<annotation><filename>m4_s10_164_p_nic010.jpg</filename><folder>users/joselusava//santiago_2</folder><source><submittedBy>Jose Saca</submittedBy></source><imagesize><nrows>2970</nrows><ncols>4451</ncols></imagesize><object><name>m4_s10_164_p_nic010</name><deleted>0</deleted><verified>0</verified><occluded>no</occluded><attributes></attributes><parts><hasparts></hasparts><ispartof></ispartof></parts><date>13-10-20 23:41:24:174</date><id>0</id><type>bounding_box</type><polygon><username>anonymous</username><pt><x>1546</x><y>314</y><time>13-10-20 23:41:21:364</time></pt><pt><x>2078</x><y>314</y><time>13-10-20 23:41:22:196</time></pt><pt><x>2078</x><y>1035</y><time>undefined</time></pt><pt><x>1546</x><y>1035</y><time>undefined</time></pt><closed_date>13-10-20 23:41:22:197</closed_date></polygon></object></annotation>