<annotation><filename>m1_s02_029_p_ic004.jpg</filename><folder>users/joselusava///valeria/sala2_029_ic</folder><source><sourceImage>The MIT-CSAIL database of objects and scenes</sourceImage><sourceAnnotation>LabelMe Webtool</sourceAnnotation></source><object><name>m1_s02_052_p_ic004</name><deleted>0</deleted><verified>0</verified><occluded>no</occluded><attributes></attributes><parts><hasparts></hasparts><ispartof></ispartof></parts><date>22-08-20 16:48:38:813</date><id>0</id><type>bounding_box</type><polygon><username>anonymous</username><pt><x>500</x><y>10</y><time>22-08-20 16:48:18:713</time></pt><pt><x>2493</x><y>10</y><time>22-08-20 16:48:25:718</time></pt><pt><x>2493</x><y>1993</y><time>undefined</time></pt><pt><x>500</x><y>1993</y><time>undefined</time></pt><closed_date>22-08-20 16:48:25:720</closed_date></polygon></object><imagesize><nrows></nrows><ncols></ncols></imagesize></annotation>