<annotation><filename>m2_s01_034_p_ic088.jpg</filename><folder>users/joselusava//kath</folder><source><submittedBy>Jose Saca</submittedBy></source><imagesize><nrows>2850</nrows><ncols>4271</ncols></imagesize><object><name>m2_s01_034_p_ic088</name><deleted>0</deleted><verified>0</verified><occluded>no</occluded><attributes></attributes><parts><hasparts></hasparts><ispartof></ispartof></parts><date>25-09-20 17:05:37:062</date><id>0</id><polygon><username>anonymous</username><pt><x>1275</x><y>236</y><time>25-09-20 17:05:24:017</time></pt><pt><x>2771</x><y>236</y><time>25-09-20 17:05:26:365</time></pt><pt><x>3079</x><y>2528</y><time>25-09-20 17:05:30:277</time></pt><pt><x>1332</x><y>2521</y><time>25-09-20 17:05:31:897</time></pt><closed_date>25-09-20 17:05:34:098</closed_date></polygon></object></annotation>