<annotation><filename>m3_s01_002_p_ic009.jpg</filename><folder>users/joselusava//santiago_3</folder><source><submittedBy>Jose Saca</submittedBy></source><imagesize><nrows>2970</nrows><ncols>4451</ncols></imagesize><object><name>m3_s01_002_p_ic009</name><deleted>0</deleted><verified>0</verified><occluded>no</occluded><attributes></attributes><parts><hasparts></hasparts><ispartof></ispartof></parts><date>28-10-20 17:22:32:496</date><id>0</id><type>bounding_box</type><polygon><username>anonymous</username><pt><x>603</x><y>161</y><time>28-10-20 17:22:28:104</time></pt><pt><x>3748</x><y>161</y><time>28-10-20 17:22:30:395</time></pt><pt><x>3748</x><y>2599</y><time>undefined</time></pt><pt><x>603</x><y>2599</y><time>undefined</time></pt><closed_date>28-10-20 17:22:30:395</closed_date></polygon></object></annotation>