<annotation><filename>m2_s01_034_p_ic091.jpg</filename><folder>users/joselusava//kath</folder><source><submittedBy>Jose Saca</submittedBy></source><imagesize><nrows>2850</nrows><ncols>4271</ncols></imagesize><object><name>m2_s01_034_p_ic091</name><deleted>0</deleted><verified>0</verified><occluded>no</occluded><attributes></attributes><parts><hasparts></hasparts><ispartof></ispartof></parts><date>25-09-20 17:08:43:111</date><id>0</id><polygon><username>anonymous</username><pt><x>1296</x><y>222</y><time>25-09-20 17:08:31:557</time></pt><pt><x>1389</x><y>2571</y><time>25-09-20 17:08:33:127</time></pt><pt><x>3000</x><y>2599</y><time>25-09-20 17:08:36:176</time></pt><pt><x>2922</x><y>115</y><time>25-09-20 17:08:37:719</time></pt><closed_date>25-09-20 17:08:39:817</closed_date></polygon></object></annotation>