<annotation><filename>m1_s02_052_p_ic025.jpg</filename><folder>users/joselusava//valeria/sala2_052_ic</folder><source><submittedBy>Jose Saca</submittedBy></source><imagesize><nrows>3200</nrows><ncols>4800</ncols></imagesize><object><name>m1_s02_052_p_ic025</name><deleted>0</deleted><verified>0</verified><occluded>no</occluded><attributes></attributes><parts><hasparts></hasparts><ispartof></ispartof></parts><date>25-08-20 17:19:00:885</date><id>0</id><type>bounding_box</type><polygon><username>anonymous</username><pt><x>209</x><y>16</y><time>25-08-20 17:18:52:863</time></pt><pt><x>4532</x><y>16</y><time>25-08-20 17:18:57:132</time></pt><pt><x>4532</x><y>3189</y><time>undefined</time></pt><pt><x>209</x><y>3189</y><time>undefined</time></pt><closed_date>25-08-20 17:18:57:133</closed_date></polygon></object></annotation>