<annotation><filename>m4_s02_021_p_nic004.jpg</filename><folder>users/joselusava//santiago_2</folder><source><submittedBy>Jose Saca</submittedBy></source><imagesize><nrows>2910</nrows><ncols>4361</ncols></imagesize><object><name>m4_s02_021_p_nic004</name><deleted>0</deleted><verified>0</verified><occluded>no</occluded><attributes></attributes><parts><hasparts></hasparts><ispartof></ispartof></parts><date>04-10-20 20:31:43:491</date><id>0</id><type>bounding_box</type><polygon><username>anonymous</username><pt><x>2706</x><y>170</y><time>04-10-20 20:31:38:329</time></pt><pt><x>3693</x><y>170</y><time>04-10-20 20:31:40:142</time></pt><pt><x>3693</x><y>1992</y><time>undefined</time></pt><pt><x>2706</x><y>1992</y><time>undefined</time></pt><closed_date>04-10-20 20:31:40:143</closed_date></polygon></object></annotation>