<annotation><filename>m1_s01_001_p_nic085.jpg</filename><folder>users/joselusava//juancarlos</folder><source><submittedBy>Jose Saca</submittedBy></source><imagesize><nrows>3200</nrows><ncols>4800</ncols></imagesize><object><name>m1_s01_001_p_nic085</name><deleted>0</deleted><verified>0</verified><occluded>no</occluded><attributes></attributes><parts><hasparts></hasparts><ispartof></ispartof></parts><date>11-09-20 16:58:42:677</date><id>0</id><type>bounding_box</type><polygon><username>anonymous</username><pt><x>2612</x><y>1758</y><time>11-09-20 16:58:30:353</time></pt><pt><x>3971</x><y>1758</y><time>11-09-20 16:58:33:349</time></pt><pt><x>3971</x><y>2590</y><time>undefined</time></pt><pt><x>2612</x><y>2590</y><time>undefined</time></pt><closed_date>11-09-20 16:58:33:351</closed_date></polygon></object></annotation>