<annotation><filename>m4_s10_154_p_nic043.jpg</filename><folder>users/joselusava//valeria/m04_s10_154_nic</folder><source><submittedBy>Jose Saca</submittedBy></source><imagesize><nrows>2970</nrows><ncols>4451</ncols></imagesize><object><name>m4_s10_154_p_nic043</name><deleted>0</deleted><verified>0</verified><occluded>no</occluded><attributes></attributes><parts><hasparts></hasparts><ispartof></ispartof></parts><date>14-10-20 13:01:27:072</date><id>0</id><type>bounding_box</type><polygon><username>anonymous</username><pt><x>2250</x><y>2690</y><time>14-10-20 13:01:22:382</time></pt><pt><x>3376</x><y>2690</y><time>14-10-20 13:01:23:476</time></pt><pt><x>3376</x><y>971</y><time>undefined</time></pt><pt><x>2250</x><y>971</y><time>undefined</time></pt><closed_date>14-10-20 13:01:23:477</closed_date></polygon></object></annotation>