<annotation><filename>m2_s03_248_p_nic047.jpg</filename><folder>users/joselusava//museos2020</folder><source><submittedBy>Jose Saca</submittedBy></source><imagesize><nrows>2910</nrows><ncols>4361</ncols></imagesize><object><name>m2_s03_248_p_nic047</name><deleted>0</deleted><verified>0</verified><occluded>no</occluded><attributes></attributes><parts><hasparts></hasparts><ispartof></ispartof></parts><date>27-09-20 17:13:56:227</date><id>0</id><polygon><username>anonymous</username><pt><x>395</x><y>409</y><time>27-09-20 17:13:48:361</time></pt><pt><x>2487</x><y>339</y><time>27-09-20 17:13:49:183</time></pt><pt><x>1962</x><y>1037</y><time>27-09-20 17:13:50:169</time></pt><pt><x>232</x><y>674</y><time>27-09-20 17:13:51:135</time></pt><closed_date>27-09-20 17:13:51:818</closed_date></polygon></object></annotation>