<annotation><filename>m4_s08_128_x.jpg</filename><folder>users/joselusava//kath/m4_x</folder><source><submittedBy>Jose Saca</submittedBy></source><imagesize><nrows>1923</nrows><ncols>3418</ncols></imagesize><object><name>m4_s08_128_x</name><deleted>0</deleted><verified>0</verified><occluded>no</occluded><attributes></attributes><parts><hasparts></hasparts><ispartof></ispartof></parts><date>21-10-20 11:38:43:838</date><id>0</id><polygon><username>anonymous</username><pt><x>909</x><y>131</y><time>21-10-20 11:38:36:833</time></pt><pt><x>1014</x><y>1746</y><time>21-10-20 11:38:37:957</time></pt><pt><x>2175</x><y>1836</y><time>21-10-20 11:38:38:967</time></pt><pt><x>2131</x><y>81</y><time>21-10-20 11:38:40:433</time></pt><closed_date>21-10-20 11:38:41:492</closed_date></polygon></object></annotation>