<annotation><filename>m1_s02_052_p_nic002.jpg</filename><folder>users/joselusava//valeria/sala2_052_nic</folder><source><submittedBy>Jose Saca</submittedBy></source><imagesize><nrows>3200</nrows><ncols>4800</ncols></imagesize><object><name>m1_s02_052_p_nic002</name><deleted>0</deleted><verified>0</verified><occluded>no</occluded><attributes></attributes><parts><hasparts></hasparts><ispartof></ispartof></parts><date>27-08-20 13:40:18:818</date><id>0</id><type>bounding_box</type><polygon><username>anonymous</username><pt><x>3726</x><y>1412</y><time>27-08-20 13:40:12:830</time></pt><pt><x>2325</x><y>1412</y><time>27-08-20 13:40:15:535</time></pt><pt><x>2325</x><y>301</y><time>undefined</time></pt><pt><x>3726</x><y>301</y><time>undefined</time></pt><closed_date>27-08-20 13:40:15:536</closed_date></polygon></object></annotation>