<annotation><filename>m2_s02_098_x.jpg</filename><folder>users/joselusava//m2_jsv</folder><source><submittedBy>Jose Saca</submittedBy></source><imagesize><nrows>2910</nrows><ncols>4361</ncols></imagesize><object><name>m2_s02_098_x</name><deleted>0</deleted><verified>0</verified><occluded>no</occluded><attributes></attributes><parts><hasparts></hasparts><ispartof></ispartof></parts><date>19-09-20 23:16:21:240</date><id>0</id><type>bounding_box</type><polygon><username>anonymous</username><pt><x>427</x><y>2420</y><time>19-09-20 23:16:18:565</time></pt><pt><x>4126</x><y>2420</y><time>19-09-20 23:16:20:405</time></pt><pt><x>4126</x><y>653</y><time>undefined</time></pt><pt><x>427</x><y>653</y><time>undefined</time></pt><closed_date>19-09-20 23:16:20:405</closed_date></polygon></object></annotation>