<annotation><filename>m1_s01_021_p_nic006.jpg</filename><folder>users/joselusava//santiago</folder><source><submittedBy>Jose Saca</submittedBy></source><imagesize><nrows>3200</nrows><ncols>4800</ncols></imagesize><object><name>m1_s01_021_p_nic006</name><deleted>0</deleted><verified>0</verified><occluded>no</occluded><attributes></attributes><parts><hasparts></hasparts><ispartof></ispartof></parts><date>15-09-20 00:39:45:748</date><id>0</id><type>bounding_box</type><polygon><username>anonymous</username><pt><x>3661</x><y>331</y><time>15-09-20 00:39:38:103</time></pt><pt><x>4269</x><y>331</y><time>15-09-20 00:39:40:099</time></pt><pt><x>4269</x><y>1137</y><time>undefined</time></pt><pt><x>3661</x><y>1137</y><time>undefined</time></pt><closed_date>15-09-20 00:39:40:101</closed_date></polygon></object></annotation>