<annotation><filename>m2_s03_201_p_ic080.jpg</filename><folder>users/joselusava//eg</folder><source><submittedBy>Jose Saca</submittedBy></source><imagesize><nrows>2910</nrows><ncols>4361</ncols></imagesize><object><name>m2_s03_201_p_ic080</name><deleted>0</deleted><verified>0</verified><occluded>no</occluded><attributes></attributes><parts><hasparts></hasparts><ispartof></ispartof></parts><date>17-09-20 07:52:37:793</date><id>0</id><type>bounding_box</type><polygon><username>anonymous</username><pt><x>882</x><y>351</y><time>17-09-20 07:52:24:697</time></pt><pt><x>2903</x><y>351</y><time>17-09-20 07:52:26:374</time></pt><pt><x>2903</x><y>2458</y><time>undefined</time></pt><pt><x>882</x><y>2458</y><time>undefined</time></pt><closed_date>17-09-20 07:52:26:375</closed_date></polygon></object></annotation>