<annotation><filename>m2_s01_032_p_ic008.jpg</filename><folder>users/joselusava//santiago_2</folder><source><submittedBy>Jose Saca</submittedBy></source><imagesize><nrows>2850</nrows><ncols>4271</ncols></imagesize><object><name>m2_s01_032_p_ic008</name><deleted>0</deleted><verified>0</verified><occluded>no</occluded><attributes></attributes><parts><hasparts></hasparts><ispartof></ispartof></parts><date>29-09-20 22:08:43:657</date><id>0</id><type>bounding_box</type><polygon><username>anonymous</username><pt><x>1215</x><y>398</y><time>29-09-20 22:08:39:682</time></pt><pt><x>2930</x><y>398</y><time>29-09-20 22:08:41:204</time></pt><pt><x>2930</x><y>2799</y><time>undefined</time></pt><pt><x>1215</x><y>2799</y><time>undefined</time></pt><closed_date>29-09-20 22:08:41:205</closed_date></polygon></object></annotation>