<annotation><filename>m2_s07_273_x.jpg</filename><folder>users/joselusava//museos2020</folder><source><submittedBy>Jose Saca</submittedBy></source><imagesize><nrows>2910</nrows><ncols>4361</ncols></imagesize><object><name>m2_s07_273_x</name><deleted>0</deleted><verified>0</verified><occluded>no</occluded><attributes></attributes><parts><hasparts></hasparts><ispartof></ispartof></parts><date>27-09-20 22:15:47:485</date><id>0</id><type>bounding_box</type><polygon><username>anonymous</username><pt><x>1353</x><y>228</y><time>27-09-20 22:15:37:476</time></pt><pt><x>3077</x><y>228</y><time>27-09-20 22:15:42:018</time></pt><pt><x>3077</x><y>2715</y><time>undefined</time></pt><pt><x>1353</x><y>2715</y><time>undefined</time></pt><closed_date>27-09-20 22:15:42:020</closed_date></polygon></object></annotation>