<annotation><filename>m3_s01_018_p_nic039.jpg</filename><folder>users/joselusava//m4_js/18/nic</folder><source><submittedBy>Jose Saca</submittedBy></source><imagesize><nrows>2970</nrows><ncols>4451</ncols></imagesize><object><name>m3_s01_018_p_nic039</name><deleted>0</deleted><verified>0</verified><occluded>no</occluded><attributes></attributes><parts><hasparts></hasparts><ispartof></ispartof></parts><date>05-11-20 15:01:00:363</date><id>0</id><type>bounding_box</type><polygon><username>anonymous</username><pt><x>4419</x><y>2852</y><time>05-11-20 15:00:58:283</time></pt><pt><x>1968</x><y>2852</y><time>05-11-20 15:00:59:723</time></pt><pt><x>1968</x><y>474</y><time>undefined</time></pt><pt><x>4419</x><y>474</y><time>undefined</time></pt><closed_date>05-11-20 15:00:59:723</closed_date></polygon></object></annotation>