<annotation><filename>m4_s10_164_p_nic004.jpg</filename><folder>users/joselusava//santiago_2</folder><source><submittedBy>Jose Saca</submittedBy></source><imagesize><nrows>2970</nrows><ncols>4451</ncols></imagesize><object><name>m4_s10_164_p_nic004</name><deleted>0</deleted><verified>0</verified><occluded>no</occluded><attributes></attributes><parts><hasparts></hasparts><ispartof></ispartof></parts><date>13-10-20 23:36:32:159</date><id>0</id><type>bounding_box</type><polygon><username>anonymous</username><pt><x>3513</x><y>214</y><time>13-10-20 23:36:29:533</time></pt><pt><x>4173</x><y>214</y><time>13-10-20 23:36:30:316</time></pt><pt><x>4173</x><y>964</y><time>undefined</time></pt><pt><x>3513</x><y>964</y><time>undefined</time></pt><closed_date>13-10-20 23:36:30:316</closed_date></polygon></object></annotation>