<annotation><filename>m1_s02_036_p_nic049.jpg</filename><folder>users/joselusava//valeria/sala2_036_nic</folder><source><submittedBy>Jose Saca</submittedBy></source><imagesize><nrows>3200</nrows><ncols>4800</ncols></imagesize><object><name>m1_s02_036_p_nic048</name><deleted>0</deleted><verified>0</verified><occluded>no</occluded><attributes/><parts><hasparts/><ispartof/></parts><date>26-08-20 23:56:28:073</date><id>0</id><type>bounding_box</type><polygon><username>anonymous</username><pt><x>462</x><y>387</y><time>26-08-20 23:56:15:709</time></pt><pt><x>1815</x><y>387</y><time>26-08-20 23:56:17:738</time></pt><pt><x>1815</x><y>1568</y><time>undefined</time></pt><pt><x>462</x><y>1568</y><time>undefined</time></pt><closed_date>26-08-20 23:56:17:740</closed_date></polygon></object><object><name>m1_s02_036_p_nic049</name><deleted>0</deleted><verified>0</verified><occluded>no</occluded><attributes></attributes><parts><hasparts></hasparts><ispartof></ispartof></parts><date>27-08-20 00:22:45:514</date><id>1</id><type>bounding_box</type><polygon><username>anonymous</username><pt><x>440</x><y>365</y><time>27-08-20 00:22:37:481</time></pt><pt><x>1815</x><y>365</y><time>27-08-20 00:22:39:267</time></pt><pt><x>1815</x><y>1562</y><time>undefined</time></pt><pt><x>440</x><y>1562</y><time>undefined</time></pt><closed_date>27-08-20 00:22:39:268</closed_date></polygon></object></annotation>