<annotation><filename>m3_s01_013_p_ic012.jpg</filename><folder>users/joselusava//valeria/m03_s01_13_ic</folder><source><submittedBy>Jose Saca</submittedBy></source><imagesize><nrows>2970</nrows><ncols>4451</ncols></imagesize><object><name>m3_s01_013_p_ic012</name><deleted>0</deleted><verified>0</verified><occluded>no</occluded><attributes></attributes><parts><hasparts></hasparts><ispartof></ispartof></parts><date>28-10-20 22:25:16:377</date><id>0</id><type>bounding_box</type><polygon><username>anonymous</username><pt><x>605</x><y>2662</y><time>28-10-20 22:25:10:364</time></pt><pt><x>3535</x><y>2662</y><time>28-10-20 22:25:13:610</time></pt><pt><x>3535</x><y>337</y><time>undefined</time></pt><pt><x>605</x><y>337</y><time>undefined</time></pt><closed_date>28-10-20 22:25:13:611</closed_date></polygon></object></annotation>