<annotation><filename>m2_s03_252_p_nic078.jpg</filename><folder>users/joselusava//valeria/m2_sala03_252_nic</folder><source><submittedBy>Jose Saca</submittedBy></source><imagesize><nrows>2910</nrows><ncols>4361</ncols></imagesize><object><name>m2_s06_252_p_nic078</name><deleted>0</deleted><verified>0</verified><occluded>no</occluded><attributes></attributes><parts><hasparts></hasparts><ispartof></ispartof></parts><date>26-09-20 22:28:42:102</date><id>0</id><type>bounding_box</type><polygon><username>anonymous</username><pt><x>2508</x><y>1653</y><time>26-09-20 22:28:36:355</time></pt><pt><x>4194</x><y>1653</y><time>26-09-20 22:28:38:816</time></pt><pt><x>4194</x><y>2612</y><time>undefined</time></pt><pt><x>2508</x><y>2612</y><time>undefined</time></pt><closed_date>26-09-20 22:28:38:817</closed_date></polygon></object></annotation>