<annotation><filename>m4_s05_055_p_ic097.jpg</filename><folder>users/joselusava//valeria/m4_s05_055_ic</folder><source><submittedBy>Jose Saca</submittedBy></source><imagesize><nrows>2910</nrows><ncols>4361</ncols></imagesize><object><name>m4_s05_055_p_ic097</name><deleted>0</deleted><verified>0</verified><occluded>no</occluded><attributes></attributes><parts><hasparts></hasparts><ispartof></ispartof></parts><date>09-10-20 15:09:14:082</date><id>0</id><type>bounding_box</type><polygon><username>anonymous</username><pt><x>3086</x><y>270</y><time>09-10-20 15:09:05:883</time></pt><pt><x>1262</x><y>270</y><time>09-10-20 15:09:08:536</time></pt><pt><x>1262</x><y>2309</y><time>undefined</time></pt><pt><x>3086</x><y>2309</y><time>undefined</time></pt><closed_date>09-10-20 15:09:08:537</closed_date></polygon></object></annotation>