<annotation><filename>m4_s10_154_p_nic071.jpg</filename><folder>users/joselusava//valeria/m04_s10_154_nic</folder><source><submittedBy>Jose Saca</submittedBy></source><imagesize><nrows>2970</nrows><ncols>4451</ncols></imagesize><object><name>m4_s10_154_p_nic071</name><deleted>0</deleted><verified>0</verified><occluded>no</occluded><attributes></attributes><parts><hasparts></hasparts><ispartof></ispartof></parts><date>14-10-20 13:43:02:894</date><id>0</id><type>bounding_box</type><polygon><username>anonymous</username><pt><x>2627</x><y>2593</y><time>14-10-20 13:42:57:609</time></pt><pt><x>1902</x><y>2593</y><time>14-10-20 13:42:59:627</time></pt><pt><x>1902</x><y>1194</y><time>undefined</time></pt><pt><x>2627</x><y>1194</y><time>undefined</time></pt><closed_date>14-10-20 13:42:59:630</closed_date></polygon></object></annotation>