<annotation><filename>m4_s11_178_p_nic002.jpg</filename><folder>users/joselusava//santiago_2</folder><source><submittedBy>Jose Saca</submittedBy></source><imagesize><nrows>2970</nrows><ncols>4451</ncols></imagesize><object><name>m4_s11_178_p_nic002</name><deleted>0</deleted><verified>0</verified><occluded>no</occluded><attributes></attributes><parts><hasparts></hasparts><ispartof></ispartof></parts><date>15-10-20 22:55:37:237</date><id>0</id><type>bounding_box</type><polygon><username>anonymous</username><pt><x>2602</x><y>1107</y><time>15-10-20 22:55:33:195</time></pt><pt><x>4016</x><y>1107</y><time>15-10-20 22:55:34:859</time></pt><pt><x>4016</x><y>2488</y><time>undefined</time></pt><pt><x>2602</x><y>2488</y><time>undefined</time></pt><closed_date>15-10-20 22:55:34:860</closed_date></polygon></object></annotation>