<annotation><filename>m2_s01_024_p_ic062.jpg</filename><folder>users/joselusava//santiago</folder><source><submittedBy>Jose Saca</submittedBy></source><imagesize><nrows>2850</nrows><ncols>4271</ncols></imagesize><object><name>m2_s01_024_p_ic062</name><deleted>0</deleted><verified>0</verified><occluded>no</occluded><attributes></attributes><parts><hasparts></hasparts><ispartof></ispartof></parts><date>24-09-20 22:30:04:741</date><id>0</id><type>bounding_box</type><polygon><username>anonymous</username><pt><x>1257</x><y>6</y><time>24-09-20 22:29:46:762</time></pt><pt><x>2786</x><y>6</y><time>24-09-20 22:29:49:473</time></pt><pt><x>2786</x><y>2613</y><time>undefined</time></pt><pt><x>1257</x><y>2613</y><time>undefined</time></pt><closed_date>24-09-20 22:29:49:473</closed_date></polygon></object></annotation>