<annotation><filename>m2_s01_034_p_ic070.jpg</filename><folder>users/joselusava//kath</folder><source><submittedBy>Jose Saca</submittedBy></source><imagesize><nrows>2850</nrows><ncols>4271</ncols></imagesize><object><name>m2_s01_034_p_ic070</name><deleted>0</deleted><verified>0</verified><occluded>no</occluded><attributes></attributes><parts><hasparts></hasparts><ispartof></ispartof></parts><date>25-09-20 16:40:10:524</date><id>0</id><type>bounding_box</type><polygon><username>anonymous</username><pt><x>1239</x><y>165</y><time>25-09-20 16:40:00:899</time></pt><pt><x>2829</x><y>165</y><time>25-09-20 16:40:06:736</time></pt><pt><x>2829</x><y>2657</y><time>undefined</time></pt><pt><x>1239</x><y>2657</y><time>undefined</time></pt><closed_date>25-09-20 16:40:06:736</closed_date></polygon></object></annotation>