<annotation><filename>m2_s02_123_x.jpg</filename><folder>users/joselusava//m2_jsv</folder><source><submittedBy>Jose Saca</submittedBy></source><imagesize><nrows>2910</nrows><ncols>4361</ncols></imagesize><object><name>m2_s02_123_x</name><deleted>0</deleted><verified>0</verified><occluded>no</occluded><attributes></attributes><parts><hasparts></hasparts><ispartof></ispartof></parts><date>19-09-20 23:29:02:016</date><id>0</id><type>bounding_box</type><polygon><username>anonymous</username><pt><x>3369</x><y>2411</y><time>19-09-20 23:28:59:641</time></pt><pt><x>1184</x><y>2411</y><time>19-09-20 23:29:01:357</time></pt><pt><x>1184</x><y>514</y><time>undefined</time></pt><pt><x>3369</x><y>514</y><time>undefined</time></pt><closed_date>19-09-20 23:29:01:357</closed_date></polygon></object></annotation>