<annotation><filename>m4_s04_045_p_nic015.jpg</filename><folder>users/joselusava//valeria/m04_s04_45_nic</folder><source><submittedBy>Jose Saca</submittedBy></source><imagesize><nrows>2970</nrows><ncols>4451</ncols></imagesize><object><name>m4_s04_045_p_nic015</name><deleted>0</deleted><verified>0</verified><occluded>no</occluded><attributes></attributes><parts><hasparts></hasparts><ispartof></ispartof></parts><date>20-10-20 00:17:20:420</date><id>0</id><type>bounding_box</type><polygon><username>anonymous</username><pt><x>1102</x><y>1736</y><time>20-10-20 00:17:14:653</time></pt><pt><x>1851</x><y>1736</y><time>20-10-20 00:17:16:309</time></pt><pt><x>1851</x><y>274</y><time>undefined</time></pt><pt><x>1102</x><y>274</y><time>undefined</time></pt><closed_date>20-10-20 00:17:16:310</closed_date></polygon></object></annotation>