<annotation><filename>m2_s07_279_x.jpg</filename><folder>users/joselusava//museos2020</folder><source><submittedBy>Jose Saca</submittedBy></source><imagesize><nrows>2910</nrows><ncols>4361</ncols></imagesize><object><name>m2_s07_279_x</name><deleted>0</deleted><verified>0</verified><occluded>no</occluded><attributes></attributes><parts><hasparts></hasparts><ispartof></ispartof></parts><date>27-09-20 22:19:56:359</date><id>0</id><type>bounding_box</type><polygon><username>anonymous</username><pt><x>102</x><y>1106</y><time>27-09-20 22:19:47:156</time></pt><pt><x>4179</x><y>1106</y><time>27-09-20 22:19:48:605</time></pt><pt><x>4179</x><y>2027</y><time>undefined</time></pt><pt><x>102</x><y>2027</y><time>undefined</time></pt><closed_date>27-09-20 22:19:48:606</closed_date></polygon></object></annotation>