<annotation><filename>m2_s01_054_p_nic050.jpg</filename><folder>users/joselusava//kath</folder><source><submittedBy>Jose Saca</submittedBy></source><imagesize><nrows>2850</nrows><ncols>4271</ncols></imagesize><object><name>m2_s01_054_p_nic050</name><deleted>0</deleted><verified>0</verified><occluded>no</occluded><attributes></attributes><parts><hasparts></hasparts><ispartof></ispartof></parts><date>30-09-20 11:40:41:379</date><id>0</id><type>bounding_box</type><polygon><username>anonymous</username><pt><x>1362</x><y>786</y><time>30-09-20 11:40:36:499</time></pt><pt><x>618</x><y>786</y><time>30-09-20 11:40:38:872</time></pt><pt><x>618</x><y>1973</y><time>undefined</time></pt><pt><x>1362</x><y>1973</y><time>undefined</time></pt><closed_date>30-09-20 11:40:38:872</closed_date></polygon></object></annotation>