<annotation><filename>m2_s07_264_p_ic100.jpg</filename><folder>users/joselusava//valeria/sala7_264_ic</folder><source><submittedBy>Jose Saca</submittedBy></source><imagesize><nrows>2910</nrows><ncols>4361</ncols></imagesize><object><name>m2_s07_264_p_ic100</name><deleted>0</deleted><verified>0</verified><occluded>no</occluded><attributes></attributes><parts><hasparts></hasparts><ispartof></ispartof></parts><date>23-09-20 19:12:06:891</date><id>0</id><type>bounding_box</type><polygon><username>anonymous</username><pt><x>1389</x><y>2728</y><time>23-09-20 19:12:00:471</time></pt><pt><x>2811</x><y>2728</y><time>23-09-20 19:12:04:226</time></pt><pt><x>2811</x><y>402</y><time>undefined</time></pt><pt><x>1389</x><y>402</y><time>undefined</time></pt><closed_date>23-09-20 19:12:04:228</closed_date></polygon></object></annotation>