<annotation><filename>m4_s12_185_p_nic025.jpg</filename><folder>users/joselusava//valeria/m04_s12_185_nic</folder><source><submittedBy>Jose Saca</submittedBy></source><imagesize><nrows>2910</nrows><ncols>4361</ncols></imagesize><object><name>m4_s12_185_p_nic025</name><deleted>0</deleted><verified>0</verified><occluded>no</occluded><attributes></attributes><parts><hasparts></hasparts><ispartof></ispartof></parts><date>17-10-20 19:59:52:434</date><id>0</id><type>bounding_box</type><polygon><username>anonymous</username><pt><x>2781</x><y>2569</y><time>17-10-20 19:59:41:672</time></pt><pt><x>34</x><y>2569</y><time>17-10-20 19:59:48:348</time></pt><pt><x>34</x><y>291</y><time>undefined</time></pt><pt><x>2781</x><y>291</y><time>undefined</time></pt><closed_date>17-10-20 19:59:48:351</closed_date></polygon></object></annotation>