<annotation><filename>m2_s02_129_p_ic051.jpg</filename><folder>users/joselusava//m2_jsv/129/ic</folder><source><submittedBy>Jose Saca</submittedBy></source><imagesize><nrows>2910</nrows><ncols>4361</ncols></imagesize><object><name>m2_s02_129_p_ic051</name><deleted>0</deleted><verified>0</verified><occluded>no</occluded><attributes></attributes><parts><hasparts></hasparts><ispartof></ispartof></parts><date>24-09-20 19:22:17:799</date><id>0</id><type>bounding_box</type><polygon><username>anonymous</username><pt><x>2681</x><y>2559</y><time>24-09-20 19:22:16:299</time></pt><pt><x>1193</x><y>2559</y><time>24-09-20 19:22:17:233</time></pt><pt><x>1193</x><y>923</y><time>undefined</time></pt><pt><x>2681</x><y>923</y><time>undefined</time></pt><closed_date>24-09-20 19:22:17:233</closed_date></polygon></object></annotation>