<annotation><filename>m3_s01_023_p_nic018.jpg</filename><folder>users/joselusava//santiago_3</folder><source><submittedBy>Jose Saca</submittedBy></source><imagesize><nrows>2970</nrows><ncols>4451</ncols></imagesize><object><name>m3_s01_023_p_nic018</name><deleted>0</deleted><verified>0</verified><occluded>no</occluded><attributes></attributes><parts><hasparts></hasparts><ispartof></ispartof></parts><date>06-11-20 08:58:10:625</date><id>0</id><type>bounding_box</type><polygon><username>anonymous</username><pt><x>553</x><y>982</y><time>06-11-20 08:58:06:194</time></pt><pt><x>3031</x><y>982</y><time>06-11-20 08:58:07:946</time></pt><pt><x>3031</x><y>2792</y><time>undefined</time></pt><pt><x>553</x><y>2792</y><time>undefined</time></pt><closed_date>06-11-20 08:58:07:947</closed_date></polygon></object></annotation>