<annotation><filename>m4_s05_060_p_nic060.jpg</filename><folder>users/joselusava//m4_js/60/nic</folder><source><submittedBy>Jose Saca</submittedBy></source><imagesize><nrows>2910</nrows><ncols>4361</ncols></imagesize><object><name>m4_s05_060_p_nic060</name><deleted>0</deleted><verified>0</verified><occluded>no</occluded><attributes></attributes><parts><hasparts></hasparts><ispartof></ispartof></parts><date>14-10-20 00:07:21:993</date><id>0</id><type>bounding_box</type><polygon><username>anonymous</username><pt><x>4187</x><y>2855</y><time>14-10-20 00:07:19:591</time></pt><pt><x>688</x><y>2855</y><time>14-10-20 00:07:21:193</time></pt><pt><x>688</x><y>966</y><time>undefined</time></pt><pt><x>4187</x><y>966</y><time>undefined</time></pt><closed_date>14-10-20 00:07:21:193</closed_date></polygon></object></annotation>