<annotation><filename>m2_s01_024_p_nic069.jpg</filename><folder>users/joselusava//santiago</folder><source><submittedBy>Jose Saca</submittedBy></source><imagesize><nrows>2850</nrows><ncols>4271</ncols></imagesize><object><name>m2_s01_024_p_nic069</name><deleted>0</deleted><verified>0</verified><occluded>no</occluded><attributes></attributes><parts><hasparts></hasparts><ispartof></ispartof></parts><date>25-09-20 15:27:32:455</date><id>0</id><type>bounding_box</type><polygon><username>anonymous</username><pt><x>2154</x><y>391</y><time>25-09-20 15:27:25:411</time></pt><pt><x>3369</x><y>391</y><time>25-09-20 15:27:26:466</time></pt><pt><x>3369</x><y>2254</y><time>undefined</time></pt><pt><x>2154</x><y>2254</y><time>undefined</time></pt><closed_date>25-09-20 15:27:26:467</closed_date></polygon></object></annotation>