<annotation><filename>m3_s01_023_p_nic090.jpg</filename><folder>users/joselusava//santiago_3</folder><source><submittedBy>Jose Saca</submittedBy></source><imagesize><nrows>2970</nrows><ncols>4451</ncols></imagesize><object><name>m3_s01_023_p_nic090</name><deleted>0</deleted><verified>0</verified><occluded>no</occluded><attributes></attributes><parts><hasparts></hasparts><ispartof></ispartof></parts><date>06-11-20 11:47:28:463</date><id>0</id><type>bounding_box</type><polygon><username>anonymous</username><pt><x>421</x><y>1178</y><time>06-11-20 11:47:25:367</time></pt><pt><x>2313</x><y>1178</y><time>06-11-20 11:47:26:362</time></pt><pt><x>2313</x><y>2827</y><time>undefined</time></pt><pt><x>421</x><y>2827</y><time>undefined</time></pt><closed_date>06-11-20 11:47:26:362</closed_date></polygon></object></annotation>