<annotation><filename>m2_s07_264_p_ic034.jpg</filename><folder>users/joselusava//valeria/sala7_264_ic</folder><source><submittedBy>Jose Saca</submittedBy></source><imagesize><nrows>2910</nrows><ncols>4361</ncols></imagesize><object><name>m2_s07_264_p_ic034</name><deleted>0</deleted><verified>0</verified><occluded>no</occluded><attributes></attributes><parts><hasparts></hasparts><ispartof></ispartof></parts><date>22-09-20 19:37:23:511</date><id>0</id><type>bounding_box</type><polygon><username>anonymous</username><pt><x>3119</x><y>2899</y><time>22-09-20 19:37:12:492</time></pt><pt><x>1042</x><y>2899</y><time>22-09-20 19:37:18:207</time></pt><pt><x>1042</x><y>0</y><time>undefined</time></pt><pt><x>3119</x><y>0</y><time>undefined</time></pt><closed_date>22-09-20 19:37:18:208</closed_date></polygon></object></annotation>