<annotation><filename>m2_s07_264_p_ic073.jpg</filename><folder>users/joselusava//valeria/sala7_264_ic</folder><source><submittedBy>Jose Saca</submittedBy></source><imagesize><nrows>2910</nrows><ncols>4361</ncols></imagesize><object><name>m2_s07_264_p_ic073</name><deleted>0</deleted><verified>0</verified><occluded>no</occluded><attributes></attributes><parts><hasparts></hasparts><ispartof></ispartof></parts><date>23-09-20 11:51:36:949</date><id>0</id><type>bounding_box</type><polygon><username>anonymous</username><pt><x>1345</x><y>408</y><time>23-09-20 11:51:31:691</time></pt><pt><x>2811</x><y>408</y><time>23-09-20 11:51:33:770</time></pt><pt><x>2811</x><y>2596</y><time>undefined</time></pt><pt><x>1345</x><y>2596</y><time>undefined</time></pt><closed_date>23-09-20 11:51:33:772</closed_date></polygon></object></annotation>