<annotation><filename>m4_s10_164_p_ic071.jpg</filename><folder>users/joselusava//santiago_2</folder><source><submittedBy>Jose Saca</submittedBy></source><imagesize><nrows>2970</nrows><ncols>4451</ncols></imagesize><object><name>m4_s10_164_p_ic071</name><deleted>0</deleted><verified>0</verified><occluded>no</occluded><attributes></attributes><parts><hasparts></hasparts><ispartof></ispartof></parts><date>13-10-20 22:57:57:836</date><id>0</id><type>bounding_box</type><polygon><username>anonymous</username><pt><x>1107</x><y>1260</y><time>13-10-20 22:57:55:140</time></pt><pt><x>1842</x><y>1260</y><time>13-10-20 22:57:55:940</time></pt><pt><x>1842</x><y>2188</y><time>undefined</time></pt><pt><x>1107</x><y>2188</y><time>undefined</time></pt><closed_date>13-10-20 22:57:55:941</closed_date></polygon></object></annotation>