<annotation><filename>m4_s12_185_p_nic088.jpg</filename><folder>users/joselusava//valeria/m04_s12_185_nic</folder><source><submittedBy>Jose Saca</submittedBy></source><imagesize><nrows>2910</nrows><ncols>4361</ncols></imagesize><object><name>m4_s12_185_p_nic088</name><deleted>0</deleted><verified>0</verified><occluded>no</occluded><attributes></attributes><parts><hasparts></hasparts><ispartof></ispartof></parts><date>17-10-20 23:58:00:445</date><id>0</id><type>bounding_box</type><polygon><username>anonymous</username><pt><x>1125</x><y>2496</y><time>17-10-20 23:57:54:218</time></pt><pt><x>4303</x><y>2496</y><time>17-10-20 23:57:57:216</time></pt><pt><x>4303</x><y>106</y><time>undefined</time></pt><pt><x>1125</x><y>106</y><time>undefined</time></pt><closed_date>17-10-20 23:57:57:217</closed_date></polygon></object></annotation>