<annotation><filename>m2_s03_252_p_nic087.jpg</filename><folder>users/joselusava//valeria/m2_sala03_252_nic</folder><source><submittedBy>Jose Saca</submittedBy></source><imagesize><nrows>2910</nrows><ncols>4361</ncols></imagesize><object><name>m2_s06_252_p_nic087</name><deleted>0</deleted><verified>0</verified><occluded>no</occluded><attributes></attributes><parts><hasparts></hasparts><ispartof></ispartof></parts><date>26-09-20 22:40:26:135</date><id>0</id><type>bounding_box</type><polygon><username>anonymous</username><pt><x>347</x><y>1031</y><time>26-09-20 22:40:21:525</time></pt><pt><x>2039</x><y>1031</y><time>26-09-20 22:40:23:235</time></pt><pt><x>2039</x><y>2028</y><time>undefined</time></pt><pt><x>347</x><y>2028</y><time>undefined</time></pt><closed_date>26-09-20 22:40:23:236</closed_date></polygon></object></annotation>