<annotation><filename>m2_s01_032_p_nic030.jpg</filename><folder>users/joselusava//santiago_2</folder><source><submittedBy>Jose Saca</submittedBy></source><imagesize><nrows>2850</nrows><ncols>4271</ncols></imagesize><object><name>m2_s01_032_p_nic030</name><deleted>0</deleted><verified>0</verified><occluded>no</occluded><attributes></attributes><parts><hasparts></hasparts><ispartof></ispartof></parts><date>30-09-20 18:09:36:393</date><id>0</id><type>bounding_box</type><polygon><username>anonymous</username><pt><x>261</x><y>804</y><time>30-09-20 18:09:25:305</time></pt><pt><x>1194</x><y>804</y><time>30-09-20 18:09:26:340</time></pt><pt><x>1194</x><y>2002</y><time>undefined</time></pt><pt><x>261</x><y>2002</y><time>undefined</time></pt><closed_date>30-09-20 18:09:26:341</closed_date></polygon></object></annotation>