<annotation><filename>m2_s01_058_p_nic030.jpg</filename><folder>users/joselusava//m2_jsv/58/nic</folder><source><submittedBy>Jose Saca</submittedBy></source><imagesize><nrows>2850</nrows><ncols>4271</ncols></imagesize><object><name>m2_s01_058_p_nic030</name><deleted>0</deleted><verified>0</verified><occluded>no</occluded><attributes></attributes><parts><hasparts></hasparts><ispartof></ispartof></parts><date>29-09-20 23:01:36:790</date><id>0</id><type>bounding_box</type><polygon><username>anonymous</username><pt><x>1893</x><y>1066</y><time>29-09-20 23:01:35:296</time></pt><pt><x>162</x><y>1066</y><time>29-09-20 23:01:36:239</time></pt><pt><x>162</x><y>2413</y><time>undefined</time></pt><pt><x>1893</x><y>2413</y><time>undefined</time></pt><closed_date>29-09-20 23:01:36:240</closed_date></polygon></object></annotation>