<annotation><filename>m1_s02_036_p_ic089.jpg</filename><folder>users/joselusava//valeria/sala2_036_ic</folder><source><submittedBy>Jose Saca</submittedBy></source><imagesize><nrows>3200</nrows><ncols>4800</ncols></imagesize><object><name>m1_s01_036_p_ic089</name><deleted>0</deleted><verified>0</verified><occluded>no</occluded><attributes></attributes><parts><hasparts></hasparts><ispartof></ispartof></parts><date>23-08-20 23:37:01:104</date><id>0</id><type>bounding_box</type><polygon><username>anonymous</username><pt><x>1460</x><y>16</y><time>23-08-20 23:36:55:133</time></pt><pt><x>3522</x><y>16</y><time>23-08-20 23:36:57:719</time></pt><pt><x>3522</x><y>3179</y><time>undefined</time></pt><pt><x>1460</x><y>3179</y><time>undefined</time></pt><closed_date>23-08-20 23:36:57:721</closed_date></polygon></object></annotation>