<annotation><filename>img_m1_s03-04_108_p_nic062.jpg</filename><folder>users/joselusava//valeria/sala3y4_108_nic</folder><source><submittedBy>Jose Saca</submittedBy></source><imagesize><nrows>3200</nrows><ncols>4800</ncols></imagesize><object><name>m1_s03_s04_108_p_nic062</name><deleted>0</deleted><verified>0</verified><occluded>no</occluded><attributes></attributes><parts><hasparts></hasparts><ispartof></ispartof></parts><date>02-09-20 19:15:49:000</date><id>0</id><type>bounding_box</type><polygon><username>anonymous</username><pt><x>12</x><y>2976</y><time>02-09-20 19:15:35:907</time></pt><pt><x>3964</x><y>2976</y><time>02-09-20 19:15:40:915</time></pt><pt><x>3964</x><y>1139</y><time>undefined</time></pt><pt><x>12</x><y>1139</y><time>undefined</time></pt><closed_date>02-09-20 19:15:40:916</closed_date></polygon></object></annotation>