<annotation><filename>m3_s01_002_p_nic069.jpg</filename><folder>users/joselusava//santiago_3</folder><source><submittedBy>Jose Saca</submittedBy></source><imagesize><nrows>2970</nrows><ncols>4451</ncols></imagesize><object><name>m3_s01_002_p_nic069</name><deleted>0</deleted><verified>0</verified><occluded>no</occluded><attributes></attributes><parts><hasparts></hasparts><ispartof></ispartof></parts><date>29-10-20 20:59:10:263</date><id>0</id><type>bounding_box</type><polygon><username>anonymous</username><pt><x>414</x><y>271</y><time>29-10-20 20:59:07:103</time></pt><pt><x>2270</x><y>271</y><time>29-10-20 20:59:08:383</time></pt><pt><x>2270</x><y>1921</y><time>undefined</time></pt><pt><x>414</x><y>1921</y><time>undefined</time></pt><closed_date>29-10-20 20:59:08:384</closed_date></polygon></object></annotation>