<annotation><filename>m2_s03_219_p_nic057.jpg</filename><folder>users/joselusava//valeria/m2_sala03_219_nic</folder><source><submittedBy>Jose Saca</submittedBy></source><imagesize><nrows>2910</nrows><ncols>4361</ncols></imagesize><object><name>m2_s03_219_p_nic057</name><deleted>0</deleted><verified>0</verified><occluded>no</occluded><attributes></attributes><parts><hasparts></hasparts><ispartof></ispartof></parts><date>29-09-20 18:16:55:205</date><id>0</id><type>bounding_box</type><polygon><username>anonymous</username><pt><x>342</x><y>2265</y><time>29-09-20 18:16:48:867</time></pt><pt><x>1620</x><y>2265</y><time>29-09-20 18:16:52:223</time></pt><pt><x>1620</x><y>750</y><time>undefined</time></pt><pt><x>342</x><y>750</y><time>undefined</time></pt><closed_date>29-09-20 18:16:52:224</closed_date></polygon></object></annotation>