<annotation><filename>m4_s07_105_p_ic066.jpg</filename><folder>users/joselusava//kath/m4_105</folder><source><submittedBy>Jose Saca</submittedBy></source><imagesize><nrows>2970</nrows><ncols>4451</ncols></imagesize><object><name>m4_s07_105_p_ic066</name><deleted>0</deleted><verified>0</verified><occluded>no</occluded><attributes></attributes><parts><hasparts></hasparts><ispartof></ispartof></parts><date>29-10-20 08:42:28:711</date><id>0</id><type>bounding_box</type><polygon><username>anonymous</username><pt><x>1398</x><y>2768</y><time>29-10-20 08:42:22:420</time></pt><pt><x>2768</x><y>2768</y><time>29-10-20 08:42:26:075</time></pt><pt><x>2768</x><y>211</y><time>undefined</time></pt><pt><x>1398</x><y>211</y><time>undefined</time></pt><closed_date>29-10-20 08:42:26:075</closed_date></polygon></object></annotation>