<annotation><filename>m3_s01_018_p_nic016.jpg</filename><folder>users/joselusava//m4_js/18/nic</folder><source><submittedBy>Jose Saca</submittedBy></source><imagesize><nrows>2970</nrows><ncols>4451</ncols></imagesize><object><name>m3_s01_018_p_nic016</name><deleted>0</deleted><verified>0</verified><occluded>no</occluded><attributes></attributes><parts><hasparts></hasparts><ispartof></ispartof></parts><date>05-11-20 14:51:53:588</date><id>0</id><type>bounding_box</type><polygon><username>anonymous</username><pt><x>3704</x><y>2273</y><time>05-11-20 14:51:51:590</time></pt><pt><x>53</x><y>2273</y><time>05-11-20 14:51:52:822</time></pt><pt><x>53</x><y>32</y><time>undefined</time></pt><pt><x>3704</x><y>32</y><time>undefined</time></pt><closed_date>05-11-20 14:51:52:823</closed_date></polygon></object></annotation>