<annotation><filename>m4_s10_154_p_nic099.jpg</filename><folder>users/joselusava//valeria/m04_s10_154_nic</folder><source><submittedBy>Jose Saca</submittedBy></source><imagesize><nrows>2970</nrows><ncols>4451</ncols></imagesize><object><name>m4_s10_154_p_nic099</name><deleted>0</deleted><verified>0</verified><occluded>no</occluded><attributes></attributes><parts><hasparts></hasparts><ispartof></ispartof></parts><date>14-10-20 16:17:52:248</date><id>0</id><type>bounding_box</type><polygon><username>anonymous</username><pt><x>360</x><y>2325</y><time>14-10-20 16:17:47:953</time></pt><pt><x>2193</x><y>2325</y><time>14-10-20 16:17:49:430</time></pt><pt><x>2193</x><y>428</y><time>undefined</time></pt><pt><x>360</x><y>428</y><time>undefined</time></pt><closed_date>14-10-20 16:17:49:431</closed_date></polygon></object></annotation>