<annotation><filename>m4_s11_178_p_nic086.jpg</filename><folder>users/joselusava//santiago_2</folder><source><submittedBy>Jose Saca</submittedBy></source><imagesize><nrows>2970</nrows><ncols>4451</ncols></imagesize><object><name>m4_s11_178_p_nic086</name><deleted>0</deleted><verified>0</verified><occluded>no</occluded><attributes></attributes><parts><hasparts></hasparts><ispartof></ispartof></parts><date>16-10-20 11:44:35:922</date><id>0</id><type>bounding_box</type><polygon><username>anonymous</username><pt><x>2870</x><y>928</y><time>16-10-20 11:44:32:465</time></pt><pt><x>3909</x><y>928</y><time>16-10-20 11:44:33:989</time></pt><pt><x>3909</x><y>2024</y><time>undefined</time></pt><pt><x>2870</x><y>2024</y><time>undefined</time></pt><closed_date>16-10-20 11:44:33:990</closed_date></polygon></object></annotation>