<annotation><filename>m2_s03_248_p_nic023.jpg</filename><folder>users/joselusava//museos2020</folder><source><submittedBy>Jose Saca</submittedBy></source><imagesize><nrows>2910</nrows><ncols>4361</ncols></imagesize><object><name>m2_s03_248_p_nic023</name><deleted>0</deleted><verified>0</verified><occluded>no</occluded><attributes></attributes><parts><hasparts></hasparts><ispartof></ispartof></parts><date>27-09-20 16:47:34:311</date><id>0</id><polygon><username>anonymous</username><pt><x>242</x><y>1748</y><time>27-09-20 16:47:22:356</time></pt><pt><x>2092</x><y>1725</y><time>27-09-20 16:47:23:325</time></pt><pt><x>2306</x><y>1948</y><time>27-09-20 16:47:24:029</time></pt><pt><x>916</x><y>2589</y><time>27-09-20 16:47:25:156</time></pt><closed_date>27-09-20 16:47:29:788</closed_date></polygon></object></annotation>