<annotation><filename>m4_s05_052_p_ic060.jpg</filename><folder>users/joselusava//santiago_2</folder><source><submittedBy>Jose Saca</submittedBy></source><imagesize><nrows>2910</nrows><ncols>4361</ncols></imagesize><object><name>m4_s05_052_p_ic060</name><deleted>0</deleted><verified>0</verified><occluded>no</occluded><attributes></attributes><parts><hasparts></hasparts><ispartof></ispartof></parts><date>07-10-20 22:36:21:739</date><id>0</id><type>bounding_box</type><polygon><username>anonymous</username><pt><x>1514</x><y>575</y><time>07-10-20 22:36:18:385</time></pt><pt><x>2855</x><y>575</y><time>07-10-20 22:36:19:839</time></pt><pt><x>2855</x><y>2425</y><time>undefined</time></pt><pt><x>1514</x><y>2425</y><time>undefined</time></pt><closed_date>07-10-20 22:36:19:840</closed_date></polygon></object></annotation>