<annotation><filename>m2_s01_034_p_nic010.jpg</filename><folder>users/joselusava//kath</folder><source><submittedBy>Jose Saca</submittedBy></source><imagesize><nrows>2850</nrows><ncols>4271</ncols></imagesize><object><name>m2_s01_034_p_nic010</name><deleted>0</deleted><verified>0</verified><occluded>no</occluded><attributes></attributes><parts><hasparts></hasparts><ispartof></ispartof></parts><date>25-09-20 17:28:08:317</date><id>0</id><type>bounding_box</type><polygon><username>anonymous</username><pt><x>960</x><y>358</y><time>25-09-20 17:28:01:915</time></pt><pt><x>2027</x><y>358</y><time>25-09-20 17:28:05:121</time></pt><pt><x>2027</x><y>1869</y><time>undefined</time></pt><pt><x>960</x><y>1869</y><time>undefined</time></pt><closed_date>25-09-20 17:28:05:122</closed_date></polygon></object></annotation>