<annotation><filename>m2_s02_085_p_nic009.jpg</filename><folder>users/joselusava//m2_jsv/85/nic</folder><source><submittedBy>Jose Saca</submittedBy></source><imagesize><nrows>2910</nrows><ncols>4361</ncols></imagesize><object><name>m2_s02_085_p_nic009</name><deleted>0</deleted><verified>0</verified><occluded>no</occluded><attributes></attributes><parts><hasparts></hasparts><ispartof></ispartof></parts><date>17-09-20 20:19:24:881</date><id>0</id><type>bounding_box</type><polygon><username>anonymous</username><pt><x>2237</x><y>279</y><time>17-09-20 20:19:23:104</time></pt><pt><x>3369</x><y>279</y><time>17-09-20 20:19:24:047</time></pt><pt><x>3369</x><y>1314</y><time>undefined</time></pt><pt><x>2237</x><y>1314</y><time>undefined</time></pt><closed_date>17-09-20 20:19:24:047</closed_date></polygon></object></annotation>