<annotation><filename>m2_s01_034_p_nic079.jpg</filename><folder>users/joselusava//kath</folder><source><submittedBy>Jose Saca</submittedBy></source><imagesize><nrows>2850</nrows><ncols>4271</ncols></imagesize><object><name>m2_s01_034_p_nic079</name><deleted>0</deleted><verified>0</verified><occluded>no</occluded><attributes></attributes><parts><hasparts></hasparts><ispartof></ispartof></parts><date>25-09-20 20:50:30:017</date><id>0</id><type>bounding_box</type><polygon><username>anonymous</username><pt><x>215</x><y>738</y><time>25-09-20 20:50:23:861</time></pt><pt><x>1160</x><y>738</y><time>25-09-20 20:50:26:884</time></pt><pt><x>1160</x><y>1976</y><time>undefined</time></pt><pt><x>215</x><y>1976</y><time>undefined</time></pt><closed_date>25-09-20 20:50:26:884</closed_date></polygon></object></annotation>