<annotation><filename>m1_s01_004_p_ic003.jpg</filename><folder>users/joselusava//valeria_apoyo/sala001_004ic_ok</folder><source><submittedBy>Jose Saca</submittedBy></source><imagesize><nrows>2000</nrows><ncols>2992</ncols></imagesize><object><name>m1_s01_004_p_ic003</name><deleted>0</deleted><verified>0</verified><occluded>no</occluded><attributes></attributes><parts><hasparts></hasparts><ispartof></ispartof></parts><date>15-09-20 20:08:06:923</date><id>0</id><type>bounding_box</type><polygon><username>anonymous</username><pt><x>2860</x><y>1538</y><time>15-09-20 20:07:58:390</time></pt><pt><x>383</x><y>1538</y><time>15-09-20 20:08:02:752</time></pt><pt><x>383</x><y>739</y><time>undefined</time></pt><pt><x>2860</x><y>739</y><time>undefined</time></pt><closed_date>15-09-20 20:08:02:753</closed_date></polygon></object></annotation>