<annotation><filename>m4_s11_178_p_ic004.jpg</filename><folder>users/joselusava//santiago_2</folder><source><submittedBy>Jose Saca</submittedBy></source><imagesize><nrows>2970</nrows><ncols>4451</ncols></imagesize><object><name>m4_s11_178_p_ic004</name><deleted>0</deleted><verified>0</verified><occluded>no</occluded><attributes></attributes><parts><hasparts></hasparts><ispartof></ispartof></parts><date>15-10-20 20:38:32:447</date><id>0</id><type>bounding_box</type><polygon><username>anonymous</username><pt><x>1617</x><y>685</y><time>15-10-20 20:38:24:853</time></pt><pt><x>2792</x><y>685</y><time>15-10-20 20:38:27:166</time></pt><pt><x>2792</x><y>2128</y><time>undefined</time></pt><pt><x>1617</x><y>2128</y><time>undefined</time></pt><closed_date>15-10-20 20:38:27:167</closed_date></polygon></object></annotation>