<annotation><filename>m2_s01_018_p_nic041.jpg</filename><folder>users/joselusava//santiago_2</folder><source><submittedBy>Jose Saca</submittedBy></source><imagesize><nrows>2850</nrows><ncols>4271</ncols></imagesize><object><name>m2_s01_018_p_nic041</name><deleted>0</deleted><verified>0</verified><occluded>no</occluded><attributes></attributes><parts><hasparts></hasparts><ispartof></ispartof></parts><date>28-09-20 21:46:50:510</date><id>0</id><type>bounding_box</type><polygon><username>anonymous</username><pt><x>2603</x><y>1904</y><time>28-09-20 21:46:48:057</time></pt><pt><x>3020</x><y>1904</y><time>28-09-20 21:46:48:691</time></pt><pt><x>3020</x><y>2433</y><time>undefined</time></pt><pt><x>2603</x><y>2433</y><time>undefined</time></pt><closed_date>28-09-20 21:46:48:693</closed_date></polygon></object></annotation>