<annotation><filename>m4_s04_045_p_ic031.jpg</filename><folder>users/joselusava//valeria/m04_s04_45_ic</folder><source><submittedBy>Jose Saca</submittedBy></source><imagesize><nrows>2970</nrows><ncols>4451</ncols></imagesize><object><name>m4_s04_045_p_ic031</name><deleted>0</deleted><verified>0</verified><occluded>no</occluded><attributes></attributes><parts><hasparts></hasparts><ispartof></ispartof></parts><date>19-10-20 19:16:15:408</date><id>0</id><type>bounding_box</type><polygon><username>anonymous</username><pt><x>1822</x><y>2393</y><time>19-10-20 19:16:11:487</time></pt><pt><x>2719</x><y>2393</y><time>19-10-20 19:16:12:717</time></pt><pt><x>2719</x><y>645</y><time>undefined</time></pt><pt><x>1822</x><y>645</y><time>undefined</time></pt><closed_date>19-10-20 19:16:12:718</closed_date></polygon></object></annotation>