<annotation><filename>m1_s01_005_p_ic066.jpg</filename><folder>users/joselusava//jacob/sala1/ic</folder><source><submittedBy>Jose Saca</submittedBy></source><imagesize><nrows>2000</nrows><ncols>2992</ncols></imagesize><object><name>m1_s01_005_p_ic066</name><deleted>0</deleted><verified>0</verified><occluded>no</occluded><attributes></attributes><parts><hasparts></hasparts><ispartof></ispartof></parts><date>14-09-20 20:45:13:115</date><id>0</id><type>bounding_box</type><polygon><username>anonymous</username><pt><x>898</x><y>565</y><time>14-09-20 20:45:11:020</time></pt><pt><x>1927</x><y>565</y><time>14-09-20 20:45:12:504</time></pt><pt><x>1927</x><y>1374</y><time>undefined</time></pt><pt><x>898</x><y>1374</y><time>undefined</time></pt><closed_date>14-09-20 20:45:12:504</closed_date></polygon></object></annotation>