<annotation><filename>m1_s06_166_x.jpg</filename><folder>users/joselusava//jacob_2/sala6</folder><source><submittedBy>Jose Saca</submittedBy></source><imagesize><nrows>2736</nrows><ncols>4100</ncols></imagesize><object><name>m1_s06_166_x</name><deleted>0</deleted><verified>0</verified><occluded>no</occluded><attributes></attributes><parts><hasparts></hasparts><ispartof></ispartof></parts><date>06-09-20 01:45:42:508</date><id>0</id><type>bounding_box</type><polygon><username>anonymous</username><pt><x>946</x><y>2494</y><time>06-09-20 01:45:39:674</time></pt><pt><x>2975</x><y>2494</y><time>06-09-20 01:45:41:556</time></pt><pt><x>2975</x><y>90</y><time>undefined</time></pt><pt><x>946</x><y>90</y><time>undefined</time></pt><closed_date>06-09-20 01:45:41:556</closed_date></polygon></object></annotation>