<annotation><filename>m2_s02_146_x.jpg</filename><folder>users/joselusava//m2_jsv</folder><source><submittedBy>Jose Saca</submittedBy></source><imagesize><nrows>2910</nrows><ncols>4361</ncols></imagesize><object><name>m2_s02_146_x</name><deleted>0</deleted><verified>0</verified><occluded>no</occluded><attributes></attributes><parts><hasparts></hasparts><ispartof></ispartof></parts><date>19-09-20 23:41:45:104</date><id>0</id><type>bounding_box</type><polygon><username>anonymous</username><pt><x>2994</x><y>2794</y><time>19-09-20 23:41:42:031</time></pt><pt><x>1297</x><y>2794</y><time>19-09-20 23:41:43:231</time></pt><pt><x>1297</x><y>374</y><time>undefined</time></pt><pt><x>2994</x><y>374</y><time>undefined</time></pt><closed_date>19-09-20 23:41:43:231</closed_date></polygon></object></annotation>