<annotation><filename>m4_s02_021_p_ic041.jpg</filename><folder>users/joselusava//santiago_2</folder><source><submittedBy>Jose Saca</submittedBy></source><imagesize><nrows>3000</nrows><ncols>4496</ncols></imagesize><object><name>m4_s02_021_p_ic041</name><deleted>0</deleted><verified>0</verified><occluded>no</occluded><attributes></attributes><parts><hasparts></hasparts><ispartof></ispartof></parts><date>03-10-20 18:04:06:405</date><id>0</id><type>bounding_box</type><polygon><username>anonymous</username><pt><x>1661</x><y>543</y><time>03-10-20 18:04:03:062</time></pt><pt><x>2900</x><y>543</y><time>03-10-20 18:04:04:513</time></pt><pt><x>2900</x><y>2579</y><time>undefined</time></pt><pt><x>1661</x><y>2579</y><time>undefined</time></pt><closed_date>03-10-20 18:04:04:515</closed_date></polygon></object></annotation>