<annotation><filename>img_m1_s03-04_101_p_ic014.jpg</filename><folder>users/joselusava//valeria/sala3y4_101_ic</folder><source><submittedBy>Jose Saca</submittedBy></source><imagesize><nrows>3200</nrows><ncols>4800</ncols></imagesize><object><name>m1_s03_s04_101_p_ic014</name><deleted>0</deleted><verified>0</verified><occluded>no</occluded><attributes></attributes><parts><hasparts></hasparts><ispartof></ispartof></parts><date>28-08-20 22:35:39:830</date><id>0</id><type>bounding_box</type><polygon><username>anonymous</username><pt><x>4011</x><y>2899</y><time>28-08-20 22:35:31:725</time></pt><pt><x>440</x><y>2899</y><time>28-08-20 22:35:36:212</time></pt><pt><x>440</x><y>660</y><time>undefined</time></pt><pt><x>4011</x><y>660</y><time>undefined</time></pt><closed_date>28-08-20 22:35:36:213</closed_date></polygon></object></annotation>