<annotation><filename>m2_s03_219_p_nic077.jpg</filename><folder>users/joselusava//valeria/m2_sala03_219_nic</folder><source><submittedBy>Jose Saca</submittedBy></source><imagesize><nrows>2910</nrows><ncols>4361</ncols></imagesize><object><name>m2_s03_219_p_nic077</name><deleted>0</deleted><verified>0</verified><occluded>no</occluded><attributes></attributes><parts><hasparts></hasparts><ispartof></ispartof></parts><date>29-09-20 19:11:16:108</date><id>0</id><type>bounding_box</type><polygon><username>anonymous</username><pt><x>2486</x><y>2138</y><time>29-09-20 19:11:11:202</time></pt><pt><x>4172</x><y>2138</y><time>29-09-20 19:11:13:062</time></pt><pt><x>4172</x><y>270</y><time>undefined</time></pt><pt><x>2486</x><y>270</y><time>undefined</time></pt><closed_date>29-09-20 19:11:13:064</closed_date></polygon></object></annotation>