<annotation><filename>m1_s01_001_p_nic018.jpg</filename><folder>users/joselusava//juancarlos</folder><source><submittedBy>Jose Saca</submittedBy></source><imagesize><nrows>3200</nrows><ncols>4800</ncols></imagesize><object><name>m1_s01_001_p_nic018</name><deleted>0</deleted><verified>0</verified><occluded>no</occluded><attributes></attributes><parts><hasparts></hasparts><ispartof></ispartof></parts><date>02-09-20 14:09:12:678</date><id>0</id><type>bounding_box</type><polygon><username>anonymous</username><pt><x>1509</x><y>2158</y><time>02-09-20 14:09:04:343</time></pt><pt><x>2739</x><y>2158</y><time>02-09-20 14:09:06:405</time></pt><pt><x>2739</x><y>2952</y><time>undefined</time></pt><pt><x>1509</x><y>2952</y><time>undefined</time></pt><closed_date>02-09-20 14:09:06:407</closed_date></polygon></object></annotation>