<annotation><filename>m2_s03_248_p_nic022.jpg</filename><folder>users/joselusava//museos2020</folder><source><submittedBy>Jose Saca</submittedBy></source><imagesize><nrows>2910</nrows><ncols>4361</ncols></imagesize><object><name>m2_s03_248_p_nic022</name><deleted>0</deleted><verified>0</verified><occluded>no</occluded><attributes></attributes><parts><hasparts></hasparts><ispartof></ispartof></parts><date>27-09-20 16:46:56:306</date><id>0</id><polygon><username>anonymous</username><pt><x>177</x><y>1655</y><time>27-09-20 16:46:45:607</time></pt><pt><x>2059</x><y>1641</y><time>27-09-20 16:46:46:790</time></pt><pt><x>2241</x><y>1827</y><time>27-09-20 16:46:47:782</time></pt><pt><x>860</x><y>2515</y><time>27-09-20 16:46:48:750</time></pt><closed_date>27-09-20 16:46:49:750</closed_date></polygon></object></annotation>