<annotation><filename>m3_s01_010_p_nic099.jpg</filename><folder>users/joselusava//m4_js/m3/10/nic</folder><source><submittedBy>Jose Saca</submittedBy></source><imagesize><nrows>2970</nrows><ncols>4451</ncols></imagesize><object><name>m3_s01_010_p_nic099</name><deleted>0</deleted><verified>0</verified><occluded>no</occluded><attributes></attributes><parts><hasparts></hasparts><ispartof></ispartof></parts><date>29-10-20 14:48:42:945</date><id>0</id><type>bounding_box</type><polygon><username>anonymous</username><pt><x>3199</x><y>2795</y><time>29-10-20 14:48:40:145</time></pt><pt><x>0</x><y>2795</y><time>29-10-20 14:48:42:286</time></pt><pt><x>0</x><y>166</y><time>undefined</time></pt><pt><x>3199</x><y>166</y><time>undefined</time></pt><closed_date>29-10-20 14:48:42:286</closed_date></polygon></object></annotation>