<annotation><filename>m2_s01_001_p_ic021.jpg</filename><folder>users/joselusava//santiago</folder><source><submittedBy>Jose Saca</submittedBy></source><imagesize><nrows>2850</nrows><ncols>4271</ncols></imagesize><object><name>m2_s01_001_p_ic021</name><deleted>0</deleted><verified>0</verified><occluded>no</occluded><attributes></attributes><parts><hasparts></hasparts><ispartof></ispartof></parts><date>18-09-20 23:04:26:390</date><id>0</id><type>bounding_box</type><polygon><username>anonymous</username><pt><x>792</x><y>269</y><time>18-09-20 23:04:15:848</time></pt><pt><x>3494</x><y>269</y><time>18-09-20 23:04:18:846</time></pt><pt><x>3494</x><y>2651</y><time>undefined</time></pt><pt><x>792</x><y>2651</y><time>undefined</time></pt><closed_date>18-09-20 23:04:18:847</closed_date></polygon></object></annotation>