<annotation><filename>m2_s01_054_p_nic069.jpg</filename><folder>users/joselusava//kath</folder><source><submittedBy>Jose Saca</submittedBy></source><imagesize><nrows>2850</nrows><ncols>4271</ncols></imagesize><object><name>m2_s01_054_p_nic069</name><deleted>0</deleted><verified>0</verified><occluded>no</occluded><attributes></attributes><parts><hasparts></hasparts><ispartof></ispartof></parts><date>30-09-20 22:27:30:326</date><id>0</id><polygon><username>kath</username><pt><x>997</x><y>365</y><time>30-09-20 22:27:14:092</time></pt><pt><x>1193</x><y>1622</y><time>30-09-20 22:27:15:185</time></pt><pt><x>1867</x><y>1432</y><time>30-09-20 22:27:16:713</time></pt><pt><x>1741</x><y>183</y><time>30-09-20 22:27:18:135</time></pt><closed_date>30-09-20 22:27:19:275</closed_date></polygon></object></annotation>