<annotation><filename>m2_s07_264_p_ic057.jpg</filename><folder>users/joselusava//valeria/sala7_264_ic</folder><source><submittedBy>Jose Saca</submittedBy></source><imagesize><nrows>2910</nrows><ncols>4361</ncols></imagesize><object><name>m2_s07_264_p_ic057</name><deleted>0</deleted><verified>0</verified><occluded>no</occluded><attributes></attributes><parts><hasparts></hasparts><ispartof></ispartof></parts><date>23-09-20 11:26:41:917</date><id>0</id><type>bounding_box</type><polygon><username>anonymous</username><pt><x>1400</x><y>391</y><time>23-09-20 11:26:36:848</time></pt><pt><x>2943</x><y>391</y><time>23-09-20 11:26:38:568</time></pt><pt><x>2943</x><y>2414</y><time>undefined</time></pt><pt><x>1400</x><y>2414</y><time>undefined</time></pt><closed_date>23-09-20 11:26:38:570</closed_date></polygon></object></annotation>