<annotation><filename>m1_s06_168_p_ic002.jpg</filename><folder>users/joselusava//jacob_2/168ic</folder><source><submittedBy>Jose Saca</submittedBy></source><imagesize><nrows>2736</nrows><ncols>4100</ncols></imagesize><object><name>m1_s06_168_p_ic002</name><deleted>0</deleted><verified>0</verified><occluded>no</occluded><attributes></attributes><parts><hasparts></hasparts><ispartof></ispartof></parts><date>08-09-20 14:09:46:573</date><id>0</id><type>bounding_box</type><polygon><username>anonymous</username><pt><x>1378</x><y>24</y><time>08-09-20 14:09:38:690</time></pt><pt><x>2722</x><y>24</y><time>08-09-20 14:09:45:088</time></pt><pt><x>2722</x><y>2559</y><time>undefined</time></pt><pt><x>1378</x><y>2559</y><time>undefined</time></pt><closed_date>08-09-20 14:09:45:088</closed_date></polygon></object></annotation>