<annotation><filename>m2_s01_024_p_ic028.jpg</filename><folder>users/joselusava//santiago</folder><source><submittedBy>Jose Saca</submittedBy></source><imagesize><nrows>2850</nrows><ncols>4271</ncols></imagesize><object><name>m2_s01_024_p_ic028</name><deleted>0</deleted><verified>0</verified><occluded>no</occluded><attributes></attributes><parts><hasparts></hasparts><ispartof></ispartof></parts><date>24-09-20 12:18:26:544</date><id>0</id><type>bounding_box</type><polygon><username>anonymous</username><pt><x>1373</x><y>257</y><time>24-09-20 12:18:04:235</time></pt><pt><x>2875</x><y>257</y><time>24-09-20 12:18:06:956</time></pt><pt><x>2875</x><y>2756</y><time>undefined</time></pt><pt><x>1373</x><y>2756</y><time>undefined</time></pt><closed_date>24-09-20 12:18:06:958</closed_date></polygon></object></annotation>