<annotation><filename>m3_s01_018_p_nic054.jpg</filename><folder>users/joselusava//m4_js/18/nic</folder><source><submittedBy>Jose Saca</submittedBy></source><imagesize><nrows>2970</nrows><ncols>4451</ncols></imagesize><object><name>m3_s01_018_p_nic054</name><deleted>0</deleted><verified>0</verified><occluded>no</occluded><attributes></attributes><parts><hasparts></hasparts><ispartof></ispartof></parts><date>05-11-20 18:08:02:964</date><id>0</id><type>bounding_box</type><polygon><username>anonymous</username><pt><x>2666</x><y>2262</y><time>05-11-20 18:07:55:072</time></pt><pt><x>716</x><y>2262</y><time>05-11-20 18:07:56:723</time></pt><pt><x>716</x><y>135</y><time>undefined</time></pt><pt><x>2666</x><y>135</y><time>undefined</time></pt><closed_date>05-11-20 18:07:56:724</closed_date></polygon></object></annotation>