<annotation><filename>m4_s10_154_p_nic033.jpg</filename><folder>users/joselusava//valeria/m04_s10_154_nic</folder><source><submittedBy>Jose Saca</submittedBy></source><imagesize><nrows>2970</nrows><ncols>4451</ncols></imagesize><object><name>m4_s10_154_p_nic033</name><deleted>0</deleted><verified>0</verified><occluded>no</occluded><attributes></attributes><parts><hasparts></hasparts><ispartof></ispartof></parts><date>14-10-20 12:48:48:571</date><id>0</id><type>bounding_box</type><polygon><username>anonymous</username><pt><x>348</x><y>2736</y><time>14-10-20 12:48:43:175</time></pt><pt><x>1594</x><y>2736</y><time>14-10-20 12:48:44:989</time></pt><pt><x>1594</x><y>857</y><time>undefined</time></pt><pt><x>348</x><y>857</y><time>undefined</time></pt><closed_date>14-10-20 12:48:44:991</closed_date></polygon></object></annotation>