<annotation><filename>m4_s02_016_x.jpg</filename><folder>users/joselusava//kath/m4_x</folder><source><submittedBy>Jose Saca</submittedBy></source><imagesize><nrows>2910</nrows><ncols>4361</ncols></imagesize><object><name>m4_s02_016_x</name><deleted>0</deleted><verified>0</verified><occluded>no</occluded><attributes></attributes><parts><hasparts></hasparts><ispartof></ispartof></parts><date>20-10-20 06:44:44:202</date><id>0</id><polygon><username>anonymous</username><pt><x>1253</x><y>325</y><time>20-10-20 06:44:37:983</time></pt><pt><x>1172</x><y>2425</y><time>20-10-20 06:44:39:058</time></pt><pt><x>3136</x><y>2416</y><time>20-10-20 06:44:39:924</time></pt><pt><x>2990</x><y>325</y><time>20-10-20 06:44:40:754</time></pt><closed_date>20-10-20 06:44:41:700</closed_date></polygon></object></annotation>