<annotation><filename>m4_s05_052_p_ic016.jpg</filename><folder>users/joselusava//santiago_2</folder><source><submittedBy>Jose Saca</submittedBy></source><imagesize><nrows>2910</nrows><ncols>4361</ncols></imagesize><object><name>m4_s05_052_p_ic016</name><deleted>0</deleted><verified>0</verified><occluded>no</occluded><attributes></attributes><parts><hasparts></hasparts><ispartof></ispartof></parts><date>07-10-20 16:26:06:672</date><id>0</id><type>bounding_box</type><polygon><username>anonymous</username><pt><x>1389</x><y>561</y><time>07-10-20 16:26:02:750</time></pt><pt><x>3062</x><y>561</y><time>07-10-20 16:26:04:780</time></pt><pt><x>3062</x><y>2480</y><time>undefined</time></pt><pt><x>1389</x><y>2480</y><time>undefined</time></pt><closed_date>07-10-20 16:26:04:782</closed_date></polygon></object></annotation>