<annotation><filename>m3_s01_010_p_nic095.jpg</filename><folder>users/joselusava//m4_js/m3/10/nic</folder><source><submittedBy>Jose Saca</submittedBy></source><imagesize><nrows>2970</nrows><ncols>4451</ncols></imagesize><object><name>m3_s01_010_p_nic095</name><deleted>0</deleted><verified>0</verified><occluded>no</occluded><attributes></attributes><parts><hasparts></hasparts><ispartof></ispartof></parts><date>29-10-20 14:47:24:695</date><id>0</id><type>bounding_box</type><polygon><username>anonymous</username><pt><x>3043</x><y>2816</y><time>29-10-20 14:47:21:673</time></pt><pt><x>21</x><y>2816</y><time>29-10-20 14:47:23:973</time></pt><pt><x>21</x><y>124</y><time>undefined</time></pt><pt><x>3043</x><y>124</y><time>undefined</time></pt><closed_date>29-10-20 14:47:23:974</closed_date></polygon></object></annotation>