<annotation><filename>m4_s07_105_p_ic035.jpg</filename><folder>users/joselusava//kath/m4_105</folder><source><submittedBy>Jose Saca</submittedBy></source><imagesize><nrows>2970</nrows><ncols>4451</ncols></imagesize><object><name>m4_s07_105_p_ic035</name><deleted>0</deleted><verified>0</verified><occluded>no</occluded><attributes></attributes><parts><hasparts></hasparts><ispartof></ispartof></parts><date>29-10-20 08:10:25:111</date><id>0</id><type>bounding_box</type><polygon><username>anonymous</username><pt><x>1610</x><y>2701</y><time>29-10-20 08:10:19:091</time></pt><pt><x>2811</x><y>2701</y><time>29-10-20 08:10:22:284</time></pt><pt><x>2811</x><y>466</y><time>undefined</time></pt><pt><x>1610</x><y>466</y><time>undefined</time></pt><closed_date>29-10-20 08:10:22:284</closed_date></polygon></object></annotation>