<annotation><filename>m1_s06_186_p_ic049.jpg</filename><folder>users/joselusava//jacob_2/186ic</folder><source><submittedBy>Jose Saca</submittedBy></source><imagesize><nrows>2736</nrows><ncols>4100</ncols></imagesize><object><name>s06_186_p_ic049</name><deleted>0</deleted><verified>0</verified><occluded>no</occluded><attributes></attributes><parts><hasparts></hasparts><ispartof></ispartof></parts><date>09-09-20 11:34:58:432</date><id>0</id><type>bounding_box</type><polygon><username>anonymous</username><pt><x>712</x><y>2545</y><time>09-09-20 11:34:55:835</time></pt><pt><x>2856</x><y>2545</y><time>09-09-20 11:34:57:762</time></pt><pt><x>2856</x><y>270</y><time>undefined</time></pt><pt><x>712</x><y>270</y><time>undefined</time></pt><closed_date>09-09-20 11:34:57:762</closed_date></polygon></object></annotation>