<annotation><filename>m2_s01_001_p_nic040.jpg</filename><folder>users/joselusava//santiago</folder><source><submittedBy>Jose Saca</submittedBy></source><imagesize><nrows>2850</nrows><ncols>4271</ncols></imagesize><object><name>m2_s01_001_p_nic040</name><deleted>0</deleted><verified>0</verified><occluded>no</occluded><attributes></attributes><parts><hasparts></hasparts><ispartof></ispartof></parts><date>19-09-20 22:35:16:633</date><id>0</id><type>bounding_box</type><polygon><username>anonymous</username><pt><x>2388</x><y>346</y><time>19-09-20 22:35:08:603</time></pt><pt><x>3821</x><y>346</y><time>19-09-20 22:35:10:684</time></pt><pt><x>3821</x><y>1648</y><time>undefined</time></pt><pt><x>2388</x><y>1648</y><time>undefined</time></pt><closed_date>19-09-20 22:35:10:685</closed_date></polygon></object></annotation>