<annotation><filename>m4_s04_039_p_ic066.jpg</filename><folder>users/joselusava//santiago_2</folder><source><submittedBy>Jose Saca</submittedBy></source><imagesize><nrows>2970</nrows><ncols>4451</ncols></imagesize><object><name>m4_s04_039_p_ic066</name><deleted>0</deleted><verified>0</verified><occluded>no</occluded><attributes></attributes><parts><hasparts></hasparts><ispartof></ispartof></parts><date>20-10-20 22:15:41:875</date><id>0</id><type>bounding_box</type><polygon><username>anonymous</username><pt><x>1735</x><y>125</y><time>20-10-20 22:15:38:091</time></pt><pt><x>2452</x><y>125</y><time>20-10-20 22:15:40:001</time></pt><pt><x>2452</x><y>2627</y><time>undefined</time></pt><pt><x>1735</x><y>2627</y><time>undefined</time></pt><closed_date>20-10-20 22:15:40:003</closed_date></polygon></object></annotation>