<annotation><filename>m1_s01_005_p_nic043.jpg</filename><folder>users/joselusava//museos2020</folder><source><submittedBy>Jose Saca</submittedBy></source><imagesize><nrows>2000</nrows><ncols>2992</ncols></imagesize><object><name>m1_s01_005_p_nic043</name><deleted>0</deleted><verified>0</verified><occluded>no</occluded><attributes></attributes><parts><hasparts></hasparts><ispartof></ispartof></parts><date>14-09-20 11:07:58:452</date><id>0</id><type>bounding_box</type><polygon><username>anonymous</username><pt><x>1188</x><y>351</y><time>14-09-20 11:07:50:587</time></pt><pt><x>1502</x><y>351</y><time>14-09-20 11:07:51:765</time></pt><pt><x>1502</x><y>725</y><time>undefined</time></pt><pt><x>1188</x><y>725</y><time>undefined</time></pt><closed_date>14-09-20 11:07:51:766</closed_date></polygon></object></annotation>