<annotation><filename>m1_s02_065_p_nic011.jpg</filename><folder>users/joselusava//valeria/sala2_065_nic</folder><source><submittedBy>Jose Saca</submittedBy></source><imagesize><nrows>2000</nrows><ncols>2992</ncols></imagesize><object><name>m1_s02_065_p_nic011</name><deleted>0</deleted><verified>0</verified><occluded>no</occluded><attributes></attributes><parts><hasparts></hasparts><ispartof></ispartof></parts><date>27-08-20 21:53:23:413</date><id>0</id><type>bounding_box</type><polygon><username>anonymous</username><pt><x>1607</x><y>1604</y><time>27-08-20 21:53:17:300</time></pt><pt><x>37</x><y>1604</y><time>27-08-20 21:53:20:285</time></pt><pt><x>37</x><y>832</y><time>undefined</time></pt><pt><x>1607</x><y>832</y><time>undefined</time></pt><closed_date>27-08-20 21:53:20:286</closed_date></polygon></object></annotation>