<annotation><filename>m2_s05_236_p_nic053.jpg</filename><folder>users/joselusava//museos2020</folder><source><submittedBy>Jose Saca</submittedBy></source><imagesize><nrows>2910</nrows><ncols>4361</ncols></imagesize><object><name>m2_s05_236_p_nic053</name><deleted>0</deleted><verified>0</verified><occluded>no</occluded><attributes></attributes><parts><hasparts></hasparts><ispartof></ispartof></parts><date>17-09-20 07:58:33:763</date><id>0</id><type>bounding_box</type><polygon><username>anonymous</username><pt><x>1320</x><y>916</y><time>17-09-20 07:58:25:077</time></pt><pt><x>3733</x><y>916</y><time>17-09-20 07:58:26:183</time></pt><pt><x>3733</x><y>2789</y><time>undefined</time></pt><pt><x>1320</x><y>2789</y><time>undefined</time></pt><closed_date>17-09-20 07:58:26:183</closed_date></polygon></object></annotation>