<annotation><filename>m2_s01_058_p_ic053.jpg</filename><folder>users/joselusava//m2_jsv/58/ic</folder><source><submittedBy>Jose Saca</submittedBy></source><imagesize><nrows>2850</nrows><ncols>4271</ncols></imagesize><object><name>m2_s01_058_p_ic053</name><deleted>0</deleted><verified>0</verified><occluded>no</occluded><attributes></attributes><parts><hasparts></hasparts><ispartof></ispartof></parts><date>29-09-20 13:26:28:193</date><id>0</id><type>bounding_box</type><polygon><username>anonymous</username><pt><x>1291</x><y>713</y><time>29-09-20 13:26:23:042</time></pt><pt><x>3286</x><y>713</y><time>29-09-20 13:26:24:295</time></pt><pt><x>3286</x><y>2250</y><time>undefined</time></pt><pt><x>1291</x><y>2250</y><time>undefined</time></pt><closed_date>29-09-20 13:26:24:295</closed_date></polygon></object></annotation>