<annotation><filename>m2_s01_018_p_ic091.jpg</filename><folder>users/joselusava//santiago_2</folder><source><submittedBy>Jose Saca</submittedBy></source><imagesize><nrows>2850</nrows><ncols>4271</ncols></imagesize><object><name>m2_s01_018_p_ic091</name><deleted>0</deleted><verified>0</verified><occluded>no</occluded><attributes></attributes><parts><hasparts></hasparts><ispartof></ispartof></parts><date>28-09-20 18:45:07:913</date><id>0</id><type>bounding_box</type><polygon><username>anonymous</username><pt><x>1649</x><y>791</y><time>28-09-20 18:45:02:716</time></pt><pt><x>2613</x><y>791</y><time>28-09-20 18:45:04:101</time></pt><pt><x>2613</x><y>1998</y><time>undefined</time></pt><pt><x>1649</x><y>1998</y><time>undefined</time></pt><closed_date>28-09-20 18:45:04:103</closed_date></polygon></object></annotation>