<annotation><filename>m3_s01_018_p_nic018.jpg</filename><folder>users/joselusava//m4_js/18/nic</folder><source><submittedBy>Jose Saca</submittedBy></source><imagesize><nrows>2970</nrows><ncols>4451</ncols></imagesize><object><name>m3_s01_018_p_nic018</name><deleted>0</deleted><verified>0</verified><occluded>no</occluded><attributes></attributes><parts><hasparts></hasparts><ispartof></ispartof></parts><date>05-11-20 14:52:40:955</date><id>0</id><type>bounding_box</type><polygon><username>anonymous</username><pt><x>3430</x><y>2315</y><time>05-11-20 14:52:39:034</time></pt><pt><x>21</x><y>2315</y><time>05-11-20 14:52:40:235</time></pt><pt><x>21</x><y>32</y><time>undefined</time></pt><pt><x>3430</x><y>32</y><time>undefined</time></pt><closed_date>05-11-20 14:52:40:236</closed_date></polygon></object></annotation>