<annotation><filename>m1_s02_028_x.jpg</filename><folder>users/joselusava//valeria/sala2</folder><source><submittedBy>Jose Saca</submittedBy></source><imagesize><nrows>3200</nrows><ncols>4800</ncols></imagesize><object><name>m1_s02_028_x</name><deleted>0</deleted><verified>0</verified><occluded>no</occluded><attributes></attributes><parts><hasparts></hasparts><ispartof></ispartof></parts><date>28-08-20 11:11:14:660</date><id>0</id><type>bounding_box</type><polygon><username>anonymous</username><pt><x>3721</x><y>2942</y><time>28-08-20 11:11:07:494</time></pt><pt><x>1256</x><y>2942</y><time>28-08-20 11:11:10:857</time></pt><pt><x>1256</x><y>430</y><time>undefined</time></pt><pt><x>3721</x><y>430</y><time>undefined</time></pt><closed_date>28-08-20 11:11:10:858</closed_date></polygon></object></annotation>