<annotation><filename>m2_s03_219_p_ic052.jpg</filename><folder>users/joselusava//valeria/m2_sala03_219_ic</folder><source><submittedBy>Jose Saca</submittedBy></source><imagesize><nrows>2910</nrows><ncols>4361</ncols></imagesize><object><name>m2_s03_219_p_ic052</name><deleted>0</deleted><verified>0</verified><occluded>no</occluded><attributes></attributes><parts><hasparts></hasparts><ispartof></ispartof></parts><date>29-09-20 00:36:23:323</date><id>0</id><type>bounding_box</type><polygon><username>anonymous</username><pt><x>3086</x><y>220</y><time>29-09-20 00:36:17:232</time></pt><pt><x>1240</x><y>220</y><time>29-09-20 00:36:19:765</time></pt><pt><x>1240</x><y>2640</y><time>undefined</time></pt><pt><x>3086</x><y>2640</y><time>undefined</time></pt><closed_date>29-09-20 00:36:19:766</closed_date></polygon></object></annotation>