<annotation><filename>m2_s01_010_p_nic021.jpg</filename><folder>users/joselusava//santiago</folder><source><submittedBy>Jose Saca</submittedBy></source><imagesize><nrows>2850</nrows><ncols>4271</ncols></imagesize><object><name>m2_s01_010_p_nic021</name><deleted>0</deleted><verified>0</verified><occluded>no</occluded><attributes></attributes><parts><hasparts></hasparts><ispartof></ispartof></parts><date>22-09-20 20:14:38:708</date><id>0</id><type>bounding_box</type><polygon><username>anonymous</username><pt><x>2142</x><y>1523</y><time>22-09-20 20:14:31:507</time></pt><pt><x>2994</x><y>1523</y><time>22-09-20 20:14:32:924</time></pt><pt><x>2994</x><y>2507</y><time>undefined</time></pt><pt><x>2142</x><y>2507</y><time>undefined</time></pt><closed_date>22-09-20 20:14:32:926</closed_date></polygon></object></annotation>