<annotation><filename>m4_s05_055_p_ic033.jpg</filename><folder>users/joselusava//valeria/m4_s05_055_ic</folder><source><submittedBy>Jose Saca</submittedBy></source><imagesize><nrows>2910</nrows><ncols>4361</ncols></imagesize><object><name>m4_s05_055_p_ic033</name><deleted>0</deleted><verified>0</verified><occluded>no</occluded><attributes></attributes><parts><hasparts></hasparts><ispartof></ispartof></parts><date>08-10-20 22:14:27:599</date><id>0</id><type>bounding_box</type><polygon><username>anonymous</username><pt><x>3004</x><y>452</y><time>08-10-20 22:14:20:579</time></pt><pt><x>1146</x><y>452</y><time>08-10-20 22:14:23:681</time></pt><pt><x>1146</x><y>2723</y><time>undefined</time></pt><pt><x>3004</x><y>2723</y><time>undefined</time></pt><closed_date>08-10-20 22:14:23:682</closed_date></polygon></object></annotation>