<annotation><filename>m2_s01_010_p_ic004.jpg</filename><folder>users/joselusava//santiago</folder><source><submittedBy>Jose Saca</submittedBy></source><imagesize><nrows>2850</nrows><ncols>4271</ncols></imagesize><object><name>m2_s01_010_p_ic004</name><deleted>0</deleted><verified>0</verified><occluded>no</occluded><attributes></attributes><parts><hasparts></hasparts><ispartof></ispartof></parts><date>21-09-20 14:59:07:677</date><id>0</id><type>bounding_box</type><polygon><username>anonymous</username><pt><x>1372</x><y>680</y><time>21-09-20 14:58:55:206</time></pt><pt><x>2988</x><y>680</y><time>21-09-20 14:59:00:418</time></pt><pt><x>2988</x><y>2190</y><time>undefined</time></pt><pt><x>1372</x><y>2190</y><time>undefined</time></pt><closed_date>21-09-20 14:59:00:418</closed_date></polygon></object></annotation>