<annotation><filename>m1_s06_168_p_nic091.jpg</filename><folder>users/joselusava//jacob_2/168nic</folder><source><submittedBy>Jose Saca</submittedBy></source><imagesize><nrows>2736</nrows><ncols>4100</ncols></imagesize><object><name>m1_s06_168_p_nic091</name><deleted>0</deleted><verified>0</verified><occluded>no</occluded><attributes></attributes><parts><hasparts></hasparts><ispartof></ispartof></parts><date>09-09-20 11:01:18:386</date><id>0</id><type>bounding_box</type><polygon><username>anonymous</username><pt><x>262</x><y>2185</y><time>09-09-20 11:01:16:090</time></pt><pt><x>1522</x><y>2185</y><time>09-09-20 11:01:17:674</time></pt><pt><x>1522</x><y>417</y><time>undefined</time></pt><pt><x>262</x><y>417</y><time>undefined</time></pt><closed_date>09-09-20 11:01:17:674</closed_date></polygon></object></annotation>