<annotation><filename>m1_s02_036_p_nic034.jpg</filename><folder>users/joselusava//valeria/sala2_036_nic</folder><source><submittedBy>Jose Saca</submittedBy></source><imagesize><nrows>3200</nrows><ncols>4800</ncols></imagesize><object><name>m1_s02_036_p_nic034</name><deleted>0</deleted><verified>0</verified><occluded>no</occluded><attributes></attributes><parts><hasparts></hasparts><ispartof></ispartof></parts><date>26-08-20 23:23:05:024</date><id>0</id><type>bounding_box</type><polygon><username>anonymous</username><pt><x>2072</x><y>1895</y><time>26-08-20 23:22:58:837</time></pt><pt><x>3399</x><y>1895</y><time>26-08-20 23:23:00:977</time></pt><pt><x>3399</x><y>3023</y><time>undefined</time></pt><pt><x>2072</x><y>3023</y><time>undefined</time></pt><closed_date>26-08-20 23:23:00:978</closed_date></polygon></object></annotation>