<annotation><filename>m2_s01_032_p_nic021.jpg</filename><folder>users/joselusava//santiago_2</folder><source><submittedBy>Jose Saca</submittedBy></source><imagesize><nrows>2850</nrows><ncols>4271</ncols></imagesize><object><name>m2_s01_032_p_nic021</name><deleted>0</deleted><verified>0</verified><occluded>no</occluded><attributes></attributes><parts><hasparts></hasparts><ispartof></ispartof></parts><date>30-09-20 18:03:26:314</date><id>0</id><type>bounding_box</type><polygon><username>anonymous</username><pt><x>2510</x><y>692</y><time>30-09-20 18:03:23:060</time></pt><pt><x>3427</x><y>692</y><time>30-09-20 18:03:23:897</time></pt><pt><x>3427</x><y>1946</y><time>undefined</time></pt><pt><x>2510</x><y>1946</y><time>undefined</time></pt><closed_date>30-09-20 18:03:23:898</closed_date></polygon></object></annotation>