<annotation><filename>m4_s02_015_p_nic033.jpg</filename><folder>users/joselusava//m4_js/15nic</folder><source><submittedBy>Jose Saca</submittedBy></source><imagesize><nrows>2910</nrows><ncols>4361</ncols></imagesize><object><name>m4_s02_015_p_nic033</name><deleted>0</deleted><verified>0</verified><occluded>no</occluded><attributes></attributes><parts><hasparts></hasparts><ispartof></ispartof></parts><date>06-10-20 19:49:50:835</date><id>0</id><type>bounding_box</type><polygon><username>anonymous</username><pt><x>70</x><y>2864</y><time>06-10-20 19:49:49:267</time></pt><pt><x>2037</x><y>2864</y><time>06-10-20 19:49:50:196</time></pt><pt><x>2037</x><y>1280</y><time>undefined</time></pt><pt><x>70</x><y>1280</y><time>undefined</time></pt><closed_date>06-10-20 19:49:50:196</closed_date></polygon></object></annotation>