<annotation><filename>m4_s03_025_p_ic088.jpg</filename><folder>users/joselusava//m4_js/m3/25</folder><source><submittedBy>Jose Saca</submittedBy></source><imagesize><nrows>2910</nrows><ncols>4361</ncols></imagesize><object><name>m4_s03_025_p_ic088</name><deleted>0</deleted><verified>0</verified><occluded>no</occluded><attributes></attributes><parts><hasparts></hasparts><ispartof></ispartof></parts><date>09-11-20 11:21:40:488</date><id>0</id><type>bounding_box</type><polygon><username>anonymous</username><pt><x>496</x><y>879</y><time>09-11-20 11:21:37:905</time></pt><pt><x>4004</x><y>879</y><time>09-11-20 11:21:39:303</time></pt><pt><x>4004</x><y>2568</y><time>undefined</time></pt><pt><x>496</x><y>2568</y><time>undefined</time></pt><closed_date>09-11-20 11:21:39:303</closed_date></polygon></object></annotation>