<annotation><filename>m2_s01_058_p_ic008.jpg</filename><folder>users/joselusava//m2_jsv/58/ic</folder><source><submittedBy>Jose Saca</submittedBy></source><imagesize><nrows>2850</nrows><ncols>4271</ncols></imagesize><object><name>m2_s01_058_p_ic008</name><deleted>0</deleted><verified>0</verified><occluded>no</occluded><attributes></attributes><parts><hasparts></hasparts><ispartof></ispartof></parts><date>29-09-20 13:01:12:932</date><id>0</id><type>bounding_box</type><polygon><username>anonymous</username><pt><x>187</x><y>102</y><time>29-09-20 13:01:10:046</time></pt><pt><x>3991</x><y>102</y><time>29-09-20 13:01:12:226</time></pt><pt><x>3991</x><y>2641</y><time>undefined</time></pt><pt><x>187</x><y>2641</y><time>undefined</time></pt><closed_date>29-09-20 13:01:12:226</closed_date></polygon></object></annotation>