<annotation><filename>m1_s02_052_p_nic018.jpg</filename><folder>users/joselusava//valeria/sala2_052_nic</folder><source><submittedBy>Jose Saca</submittedBy></source><imagesize><nrows>3200</nrows><ncols>4800</ncols></imagesize><object><name>m1_s02_052_p_nic018</name><deleted>0</deleted><verified>0</verified><occluded>no</occluded><attributes></attributes><parts><hasparts></hasparts><ispartof></ispartof></parts><date>27-08-20 14:40:58:510</date><id>0</id><type>bounding_box</type><polygon><username>anonymous</username><pt><x>1960</x><y>1589</y><time>27-08-20 14:40:52:686</time></pt><pt><x>574</x><y>1589</y><time>27-08-20 14:40:54:989</time></pt><pt><x>574</x><y>365</y><time>undefined</time></pt><pt><x>1960</x><y>365</y><time>undefined</time></pt><closed_date>27-08-20 14:40:54:990</closed_date></polygon></object></annotation>