<annotation><filename>m2_s01_034_p_nic027.jpg</filename><folder>users/joselusava//kath</folder><source><submittedBy>Jose Saca</submittedBy></source><imagesize><nrows>2850</nrows><ncols>4271</ncols></imagesize><object><name>m2_s01_034_p_nic027</name><deleted>0</deleted><verified>0</verified><occluded>no</occluded><attributes></attributes><parts><hasparts></hasparts><ispartof></ispartof></parts><date>25-09-20 19:40:22:857</date><id>0</id><type>bounding_box</type><polygon><username>anonymous</username><pt><x>1962</x><y>172</y><time>25-09-20 19:40:17:012</time></pt><pt><x>2965</x><y>172</y><time>25-09-20 19:40:19:646</time></pt><pt><x>2965</x><y>1683</y><time>undefined</time></pt><pt><x>1962</x><y>1683</y><time>undefined</time></pt><closed_date>25-09-20 19:40:19:646</closed_date></polygon></object></annotation>