<annotation><filename>m4_s12_186_p_nic034.jpg</filename><folder>users/joselusava//m4_js/186/nic</folder><source><submittedBy>Jose Saca</submittedBy></source><imagesize><nrows>3899</nrows><ncols>5844</ncols></imagesize><object><name>m4_s12_186_p_nic034</name><deleted>0</deleted><verified>0</verified><occluded>no</occluded><attributes></attributes><parts><hasparts></hasparts><ispartof></ispartof></parts><date>18-10-20 11:33:28:127</date><id>0</id><type>bounding_box</type><polygon><username>anonymous</username><pt><x>2030</x><y>875</y><time>18-10-20 11:33:25:104</time></pt><pt><x>4386</x><y>875</y><time>18-10-20 11:33:27:509</time></pt><pt><x>4386</x><y>3873</y><time>undefined</time></pt><pt><x>2030</x><y>3873</y><time>undefined</time></pt><closed_date>18-10-20 11:33:27:509</closed_date></polygon></object></annotation>