<annotation><filename>m4_s04_041_x.jpg</filename><folder>users/joselusava//kath/m4_x</folder><source><submittedBy>Jose Saca</submittedBy></source><imagesize><nrows>2970</nrows><ncols>4451</ncols></imagesize><object><name>m4_s04_041_x</name><deleted>0</deleted><verified>0</verified><occluded>no</occluded><attributes></attributes><parts><hasparts></hasparts><ispartof></ispartof></parts><date>20-10-20 07:13:39:373</date><id>0</id><polygon><username>anonymous</username><pt><x>1355</x><y>197</y><time>20-10-20 07:13:33:005</time></pt><pt><x>1648</x><y>2701</y><time>20-10-20 07:13:33:932</time></pt><pt><x>2970</x><y>2629</y><time>20-10-20 07:13:34:895</time></pt><pt><x>2980</x><y>168</y><time>20-10-20 07:13:35:996</time></pt><closed_date>20-10-20 07:13:37:126</closed_date></polygon></object></annotation>