<annotation><filename>m4_s04_039_p_nic071.jpg</filename><folder>users/joselusava//santiago_2</folder><source><submittedBy>Jose Saca</submittedBy></source><imagesize><nrows>2970</nrows><ncols>4451</ncols></imagesize><object><name>m4_s04_039_p_nic071</name><deleted>0</deleted><verified>0</verified><occluded>no</occluded><attributes></attributes><parts><hasparts></hasparts><ispartof></ispartof></parts><date>21-10-20 21:56:30:986</date><id>0</id><type>bounding_box</type><polygon><username>anonymous</username><pt><x>493</x><y>136</y><time>21-10-20 21:56:26:699</time></pt><pt><x>1242</x><y>136</y><time>21-10-20 21:56:28:563</time></pt><pt><x>1242</x><y>2609</y><time>undefined</time></pt><pt><x>493</x><y>2609</y><time>undefined</time></pt><closed_date>21-10-20 21:56:28:564</closed_date></polygon></object></annotation>