<annotation><filename>m4_s10_157_p_ic010.jpg</filename><folder>users/joselusava//valeria/m04_s10_157_ic</folder><source><submittedBy>Jose Saca</submittedBy></source><imagesize><nrows>2970</nrows><ncols>4451</ncols></imagesize><object><name>m4_s10_157_p_ic010</name><deleted>0</deleted><verified>0</verified><occluded>no</occluded><attributes></attributes><parts><hasparts></hasparts><ispartof></ispartof></parts><date>12-10-20 15:43:38:628</date><id>0</id><type>bounding_box</type><polygon><username>anonymous</username><pt><x>1018</x><y>2863</y><time>12-10-20 15:43:31:464</time></pt><pt><x>3189</x><y>2863</y><time>12-10-20 15:43:33:625</time></pt><pt><x>3189</x><y>253</y><time>undefined</time></pt><pt><x>1018</x><y>253</y><time>undefined</time></pt><closed_date>12-10-20 15:43:33:625</closed_date></polygon></object></annotation>