<annotation><filename>m3_s01_002_p_nic084.jpg</filename><folder>users/joselusava//santiago_3</folder><source><submittedBy>Jose Saca</submittedBy></source><imagesize><nrows>2970</nrows><ncols>4451</ncols></imagesize><object><name>m3_s01_002_p_nic084</name><deleted>0</deleted><verified>0</verified><occluded>no</occluded><attributes></attributes><parts><hasparts></hasparts><ispartof></ispartof></parts><date>29-10-20 21:10:14:551</date><id>0</id><type>bounding_box</type><polygon><username>anonymous</username><pt><x>1631</x><y>1060</y><time>29-10-20 21:10:11:264</time></pt><pt><x>3509</x><y>1060</y><time>29-10-20 21:10:12:341</time></pt><pt><x>3509</x><y>2734</y><time>undefined</time></pt><pt><x>1631</x><y>2734</y><time>undefined</time></pt><closed_date>29-10-20 21:10:12:341</closed_date></polygon></object></annotation>