<annotation><filename>m4_s07_105_p_nic009.jpg</filename><folder>users/joselusava//kath/m4_105/nic</folder><source><submittedBy>Jose Saca</submittedBy></source><imagesize><nrows>2970</nrows><ncols>4451</ncols></imagesize><object><name>m4_s07_105_p_nic009</name><deleted>0</deleted><verified>0</verified><occluded>no</occluded><attributes></attributes><parts><hasparts></hasparts><ispartof></ispartof></parts><date>29-10-20 09:26:06:573</date><id>0</id><type>bounding_box</type><polygon><username>anonymous</username><pt><x>3167</x><y>1682</y><time>29-10-20 09:25:59:643</time></pt><pt><x>2336</x><y>1682</y><time>29-10-20 09:26:02:838</time></pt><pt><x>2336</x><y>159</y><time>undefined</time></pt><pt><x>3167</x><y>159</y><time>undefined</time></pt><closed_date>29-10-20 09:26:02:839</closed_date></polygon></object></annotation>