<annotation><filename>m2_s01_034_p_nic051.jpg</filename><folder>users/joselusava//kath</folder><source><submittedBy>Jose Saca</submittedBy></source><imagesize><nrows>2850</nrows><ncols>4271</ncols></imagesize><object><name>m2_s01_034_p_nic051</name><deleted>0</deleted><verified>0</verified><occluded>no</occluded><attributes></attributes><parts><hasparts></hasparts><ispartof></ispartof></parts><date>25-09-20 20:08:25:038</date><id>0</id><type>bounding_box</type><polygon><username>anonymous</username><pt><x>2850</x><y>652</y><time>25-09-20 20:08:19:605</time></pt><pt><x>3767</x><y>652</y><time>25-09-20 20:08:22:239</time></pt><pt><x>3767</x><y>2148</y><time>undefined</time></pt><pt><x>2850</x><y>2148</y><time>undefined</time></pt><closed_date>25-09-20 20:08:22:239</closed_date></polygon></object></annotation>