<annotation><filename>m4_s04_037_p_nic082.jpg</filename><folder>users/joselusava//santiago_2</folder><source><submittedBy>Jose Saca</submittedBy></source><imagesize><nrows>2970</nrows><ncols>4451</ncols></imagesize><object><name>m4_s04_037_p_nic082</name><deleted>0</deleted><verified>0</verified><occluded>no</occluded><attributes></attributes><parts><hasparts></hasparts><ispartof></ispartof></parts><date>19-10-20 22:48:33:394</date><id>0</id><type>bounding_box</type><polygon><username>anonymous</username><pt><x>428</x><y>1431</y><time>19-10-20 22:48:30:828</time></pt><pt><x>1317</x><y>1431</y><time>19-10-20 22:48:31:596</time></pt><pt><x>1317</x><y>2688</y><time>undefined</time></pt><pt><x>428</x><y>2688</y><time>undefined</time></pt><closed_date>19-10-20 22:48:31:598</closed_date></polygon></object></annotation>