<annotation><filename>m1_s02_065_p_ic098.jpg</filename><folder>users/joselusava//valeria/sala2_065_ic</folder><source><submittedBy>Jose Saca</submittedBy></source><imagesize><nrows>2000</nrows><ncols>2992</ncols></imagesize><object><name>m1_s02_065_p_ic098</name><deleted>0</deleted><verified>0</verified><occluded>no</occluded><attributes></attributes><parts><hasparts></hasparts><ispartof></ispartof></parts><date>26-08-20 01:49:22:606</date><id>0</id><type>bounding_box</type><polygon><username>anonymous</username><pt><x>57</x><y>305</y><time>26-08-20 01:49:10:617</time></pt><pt><x>2812</x><y>305</y><time>26-08-20 01:49:13:161</time></pt><pt><x>2812</x><y>1685</y><time>undefined</time></pt><pt><x>57</x><y>1685</y><time>undefined</time></pt><closed_date>26-08-20 01:49:13:162</closed_date></polygon></object></annotation>