<annotation><filename>m2_s01_001_p_ic034.jpg</filename><folder>users/joselusava//santiago</folder><source><submittedBy>Jose Saca</submittedBy></source><imagesize><nrows>2850</nrows><ncols>4271</ncols></imagesize><object><name>m2_s01_001_p_ic034</name><deleted>0</deleted><verified>0</verified><occluded>no</occluded><attributes></attributes><parts><hasparts></hasparts><ispartof></ispartof></parts><date>19-09-20 08:23:24:314</date><id>0</id><type>bounding_box</type><polygon><username>anonymous</username><pt><x>901</x><y>61</y><time>19-09-20 08:23:14:411</time></pt><pt><x>2997</x><y>61</y><time>19-09-20 08:23:17:607</time></pt><pt><x>2997</x><y>2674</y><time>undefined</time></pt><pt><x>901</x><y>2674</y><time>undefined</time></pt><closed_date>19-09-20 08:23:17:608</closed_date></polygon></object></annotation>