<annotation><filename>m2_s06_250_p_ic055.jpg</filename><folder>users/joselusava//valeria/m2_sala06_250_ic</folder><source><submittedBy>Jose Saca</submittedBy></source><imagesize><nrows>2910</nrows><ncols>4361</ncols></imagesize><object><name>m2_s06_250_p_ic055</name><deleted>0</deleted><verified>0</verified><occluded>no</occluded><attributes></attributes><parts><hasparts></hasparts><ispartof></ispartof></parts><date>30-09-20 23:42:37:535</date><id>0</id><type>bounding_box</type><polygon><username>anonymous</username><pt><x>3687</x><y>2056</y><time>30-09-20 23:42:31:819</time></pt><pt><x>755</x><y>2056</y><time>30-09-20 23:42:34:222</time></pt><pt><x>755</x><y>843</y><time>undefined</time></pt><pt><x>3687</x><y>843</y><time>undefined</time></pt><closed_date>30-09-20 23:42:34:223</closed_date></polygon></object></annotation>