<annotation><filename>m2_s02_190_p_ic030.jpg</filename><folder>users/joselusava//m2_jsv/190/ic</folder><source><submittedBy>Jose Saca</submittedBy></source><imagesize><nrows>2910</nrows><ncols>4361</ncols></imagesize><object><name>m2_s02_190_p_ic030</name><deleted>0</deleted><verified>0</verified><occluded>no</occluded><attributes></attributes><parts><hasparts></hasparts><ispartof></ispartof></parts><date>21-09-20 14:18:09:152</date><id>0</id><type>bounding_box</type><polygon><username>anonymous</username><pt><x>2722</x><y>2636</y><time>21-09-20 14:18:06:801</time></pt><pt><x>1561</x><y>2636</y><time>21-09-20 14:18:08:041</time></pt><pt><x>1561</x><y>720</y><time>undefined</time></pt><pt><x>2722</x><y>720</y><time>undefined</time></pt><closed_date>21-09-20 14:18:08:041</closed_date></polygon></object></annotation>