<annotation><filename>m2_s06_244_p_nic029.jpg</filename><folder>users/joselusava//museos2020</folder><source><submittedBy>Jose Saca</submittedBy></source><imagesize><nrows>2910</nrows><ncols>4361</ncols></imagesize><object><name>m2_s06_244_p_ic029</name><deleted>0</deleted><verified>0</verified><occluded>no</occluded><attributes></attributes><parts><hasparts></hasparts><ispartof></ispartof></parts><date>25-09-20 18:42:56:148</date><id>0</id><type>bounding_box</type><polygon><username>anonymous</username><pt><x>2431</x><y>1906</y><time>25-09-20 18:42:48:347</time></pt><pt><x>4212</x><y>1906</y><time>25-09-20 18:42:49:719</time></pt><pt><x>4212</x><y>2659</y><time>undefined</time></pt><pt><x>2431</x><y>2659</y><time>undefined</time></pt><closed_date>25-09-20 18:42:49:719</closed_date></polygon></object></annotation>