<annotation><filename>m2_s07_264_p_ic033.jpg</filename><folder>users/joselusava//valeria/sala7_264_ic</folder><source><submittedBy>Jose Saca</submittedBy></source><imagesize><nrows>2910</nrows><ncols>4361</ncols></imagesize><object><name>m2_s07_264_p_ic033</name><deleted>0</deleted><verified>0</verified><occluded>no</occluded><attributes></attributes><parts><hasparts></hasparts><ispartof></ispartof></parts><date>22-09-20 19:35:56:243</date><id>0</id><type>bounding_box</type><polygon><username>anonymous</username><pt><x>3081</x><y>2855</y><time>22-09-20 19:35:50:846</time></pt><pt><x>1020</x><y>2855</y><time>22-09-20 19:35:53:343</time></pt><pt><x>1020</x><y>11</y><time>undefined</time></pt><pt><x>3081</x><y>11</y><time>undefined</time></pt><closed_date>22-09-20 19:35:53:344</closed_date></polygon></object></annotation>