<annotation><filename>img_m1_s03-04_108_p_ic045.jpg</filename><folder>users/joselusava//valeria/sala3y4_108_ic</folder><source><submittedBy>Jose Saca</submittedBy></source><imagesize><nrows>3200</nrows><ncols>4800</ncols></imagesize><object><name>m1_s03_s04_108_p_ic045</name><deleted>0</deleted><verified>0</verified><occluded>no</occluded><attributes></attributes><parts><hasparts></hasparts><ispartof></ispartof></parts><date>30-08-20 23:20:08:326</date><id>0</id><type>bounding_box</type><polygon><username>anonymous</username><pt><x>4794</x><y>3061</y><time>30-08-20 23:20:00:903</time></pt><pt><x>30</x><y>3061</y><time>30-08-20 23:20:04:378</time></pt><pt><x>30</x><y>527</y><time>undefined</time></pt><pt><x>4794</x><y>527</y><time>undefined</time></pt><closed_date>30-08-20 23:20:04:379</closed_date></polygon></object></annotation>