<annotation><filename>m4_s06_089_p_nic036.jpg</filename><folder>users/joselusava//santiago_2</folder><source><submittedBy>Jose Saca</submittedBy></source><imagesize><nrows>2970</nrows><ncols>4451</ncols></imagesize><object><name>m4_s06_089_p_nic036</name><deleted>0</deleted><verified>0</verified><occluded>no</occluded><attributes></attributes><parts><hasparts></hasparts><ispartof></ispartof></parts><date>12-10-20 21:00:17:629</date><id>0</id><type>bounding_box</type><polygon><username>anonymous</username><pt><x>1610</x><y>193</y><time>12-10-20 21:00:14:542</time></pt><pt><x>3088</x><y>193</y><time>12-10-20 21:00:15:605</time></pt><pt><x>3088</x><y>2053</y><time>undefined</time></pt><pt><x>1610</x><y>2053</y><time>undefined</time></pt><closed_date>12-10-20 21:00:15:607</closed_date></polygon></object></annotation>