<annotation><filename>m4_s05_060_p_nic017.jpg</filename><folder>users/joselusava//m4_js/60/nic</folder><source><submittedBy>Jose Saca</submittedBy></source><imagesize><nrows>2910</nrows><ncols>4361</ncols></imagesize><object><name>m4_s05_060_p_nic017</name><deleted>0</deleted><verified>0</verified><occluded>no</occluded><attributes></attributes><parts><hasparts></hasparts><ispartof></ispartof></parts><date>13-10-20 23:52:07:468</date><id>0</id><type>bounding_box</type><polygon><username>anonymous</username><pt><x>3047</x><y>2289</y><time>13-10-20 23:52:04:661</time></pt><pt><x>44</x><y>2289</y><time>13-10-20 23:52:06:484</time></pt><pt><x>44</x><y>374</y><time>undefined</time></pt><pt><x>3047</x><y>374</y><time>undefined</time></pt><closed_date>13-10-20 23:52:06:484</closed_date></polygon></object></annotation>