<annotation><filename>img_m1_s03-04_108_p_ic061.jpg</filename><folder>users/joselusava//valeria/sala3y4_108_ic</folder><source><submittedBy>Jose Saca</submittedBy></source><imagesize><nrows>3200</nrows><ncols>4800</ncols></imagesize><object><name>m1_s03_s04_108_p_ic061</name><deleted>0</deleted><verified>0</verified><occluded>no</occluded><attributes></attributes><parts><hasparts></hasparts><ispartof></ispartof></parts><date>31-08-20 00:05:38:925</date><id>0</id><type>bounding_box</type><polygon><username>anonymous</username><pt><x>4788</x><y>2873</y><time>31-08-20 00:05:32:080</time></pt><pt><x>139</x><y>2873</y><time>31-08-20 00:05:35:039</time></pt><pt><x>139</x><y>818</y><time>undefined</time></pt><pt><x>4788</x><y>818</y><time>undefined</time></pt><closed_date>31-08-20 00:05:35:040</closed_date></polygon></object></annotation>