<annotation><filename>m1_s10_286_x.jpg</filename><folder>users/joselusava//santiago</folder><source><submittedBy>Jose Saca</submittedBy></source><imagesize><nrows>3200</nrows><ncols>4800</ncols></imagesize><object><name>m1_s10_286_x</name><deleted>0</deleted><verified>0</verified><occluded>no</occluded><attributes></attributes><parts><hasparts></hasparts><ispartof></ispartof></parts><date>28-08-20 16:19:17:871</date><id>0</id><type>bounding_box</type><polygon><username>anonymous</username><pt><x>1044</x><y>551</y><time>28-08-20 16:19:07:990</time></pt><pt><x>3830</x><y>551</y><time>28-08-20 16:19:10:284</time></pt><pt><x>3830</x><y>2707</y><time>undefined</time></pt><pt><x>1044</x><y>2707</y><time>undefined</time></pt><closed_date>28-08-20 16:19:10:286</closed_date></polygon></object></annotation>