<annotation><filename>m2_s01_032_p_nic062.jpg</filename><folder>users/joselusava//santiago_2</folder><source><submittedBy>Jose Saca</submittedBy></source><imagesize><nrows>2850</nrows><ncols>4271</ncols></imagesize><object><name>m2_s01_032_p_nic062</name><deleted>0</deleted><verified>0</verified><occluded>no</occluded><attributes></attributes><parts><hasparts></hasparts><ispartof></ispartof></parts><date>30-09-20 21:03:56:635</date><id>0</id><type>bounding_box</type><polygon><username>anonymous</username><pt><x>523</x><y>1398</y><time>30-09-20 21:03:53:323</time></pt><pt><x>1364</x><y>1398</y><time>30-09-20 21:03:54:240</time></pt><pt><x>1364</x><y>2334</y><time>undefined</time></pt><pt><x>523</x><y>2334</y><time>undefined</time></pt><closed_date>30-09-20 21:03:54:241</closed_date></polygon></object></annotation>