<annotation><filename>m2_s07_264_p_nic065.jpg</filename><folder>users/joselusava//valeria/sala7_264_nic</folder><source><submittedBy>Jose Saca</submittedBy></source><imagesize><nrows>2910</nrows><ncols>4361</ncols></imagesize><object><name>m2_s07_264_p_nic065</name><deleted>0</deleted><verified>0</verified><occluded>no</occluded><attributes></attributes><parts><hasparts></hasparts><ispartof></ispartof></parts><date>23-09-20 21:08:43:610</date><id>0</id><type>bounding_box</type><polygon><username>anonymous</username><pt><x>1422</x><y>1979</y><time>23-09-20 21:08:39:168</time></pt><pt><x>2695</x><y>1979</y><time>23-09-20 21:08:40:562</time></pt><pt><x>2695</x><y>243</y><time>undefined</time></pt><pt><x>1422</x><y>243</y><time>undefined</time></pt><closed_date>23-09-20 21:08:40:563</closed_date></polygon></object></annotation>