<annotation><filename>m3_s01_023_p_ic082.jpg</filename><folder>users/joselusava//santiago_3</folder><source><submittedBy>Jose Saca</submittedBy></source><imagesize><nrows>2970</nrows><ncols>4451</ncols></imagesize><object><name>m3_s01_023_p_ic082</name><deleted>0</deleted><verified>0</verified><occluded>no</occluded><attributes></attributes><parts><hasparts></hasparts><ispartof></ispartof></parts><date>04-11-20 20:19:26:392</date><id>0</id><type>bounding_box</type><polygon><username>anonymous</username><pt><x>164</x><y>243</y><time>04-11-20 20:19:21:112</time></pt><pt><x>3862</x><y>243</y><time>04-11-20 20:19:22:729</time></pt><pt><x>3862</x><y>2385</y><time>undefined</time></pt><pt><x>164</x><y>2385</y><time>undefined</time></pt><closed_date>04-11-20 20:19:22:730</closed_date></polygon></object></annotation>