<annotation><filename>m4_s04_039_p_nic021.jpg</filename><folder>users/joselusava//santiago_2</folder><source><submittedBy>Jose Saca</submittedBy></source><imagesize><nrows>2970</nrows><ncols>4451</ncols></imagesize><object><name>m4_s04_039_p_nic021</name><deleted>0</deleted><verified>0</verified><occluded>no</occluded><attributes></attributes><parts><hasparts></hasparts><ispartof></ispartof></parts><date>21-10-20 21:01:30:431</date><id>0</id><type>bounding_box</type><polygon><username>anonymous</username><pt><x>614</x><y>460</y><time>21-10-20 21:01:26:730</time></pt><pt><x>1378</x><y>460</y><time>21-10-20 21:01:28:204</time></pt><pt><x>1378</x><y>2916</y><time>undefined</time></pt><pt><x>614</x><y>2916</y><time>undefined</time></pt><closed_date>21-10-20 21:01:28:205</closed_date></polygon></object></annotation>