<annotation><filename>m4_s06_089_p_nic069.jpg</filename><folder>users/joselusava//santiago_2</folder><source><submittedBy>Jose Saca</submittedBy></source><imagesize><nrows>2970</nrows><ncols>4451</ncols></imagesize><object><name>m4_s06_089_p_nic069</name><deleted>0</deleted><verified>0</verified><occluded>no</occluded><attributes></attributes><parts><hasparts></hasparts><ispartof></ispartof></parts><date>12-10-20 21:59:33:371</date><id>0</id><type>bounding_box</type><polygon><username>anonymous</username><pt><x>1499</x><y>164</y><time>12-10-20 21:59:30:362</time></pt><pt><x>2431</x><y>164</y><time>12-10-20 21:59:31:593</time></pt><pt><x>2431</x><y>1974</y><time>undefined</time></pt><pt><x>1499</x><y>1974</y><time>undefined</time></pt><closed_date>12-10-20 21:59:31:595</closed_date></polygon></object></annotation>