<annotation><filename>m4_s07_105_p_nic087.jpg</filename><folder>users/joselusava//kath/m4_105/nic</folder><source><submittedBy>Jose Saca</submittedBy></source><imagesize><nrows>2970</nrows><ncols>4451</ncols></imagesize><object><name>m4_s07_105_p_nic088</name><deleted>0</deleted><verified>0</verified><occluded>no</occluded><attributes></attributes><parts><hasparts></hasparts><ispartof></ispartof></parts><date>05-11-20 10:38:37:912</date><id>0</id><type>bounding_box</type><polygon><username>anonymous</username><pt><x>1877</x><y>2701</y><time>05-11-20 10:38:15:846</time></pt><pt><x>2494</x><y>2701</y><time>05-11-20 10:38:19:407</time></pt><pt><x>2494</x><y>1560</y><time>undefined</time></pt><pt><x>1877</x><y>1560</y><time>undefined</time></pt><closed_date>05-11-20 10:38:19:407</closed_date></polygon></object></annotation>