<annotation><filename>m4_s10_154_p_nic025.jpg</filename><folder>users/joselusava//valeria/m04_s10_154_nic</folder><source><submittedBy>Jose Saca</submittedBy></source><imagesize><nrows>2970</nrows><ncols>4451</ncols></imagesize><object><name>m4_s10_154_p_nic025</name><deleted>0</deleted><verified>0</verified><occluded>no</occluded><attributes></attributes><parts><hasparts></hasparts><ispartof></ispartof></parts><date>14-10-20 12:40:46:061</date><id>0</id><type>bounding_box</type><polygon><username>anonymous</username><pt><x>1022</x><y>2810</y><time>14-10-20 12:40:39:327</time></pt><pt><x>2599</x><y>2810</y><time>14-10-20 12:40:41:983</time></pt><pt><x>2599</x><y>1068</y><time>undefined</time></pt><pt><x>1022</x><y>1068</y><time>undefined</time></pt><closed_date>14-10-20 12:40:41:985</closed_date></polygon></object></annotation>