<annotation><filename>m3_s01_023_p_ic066.jpg</filename><folder>users/joselusava//santiago_3</folder><source><submittedBy>Jose Saca</submittedBy></source><imagesize><nrows>2970</nrows><ncols>4451</ncols></imagesize><object><name>m3_s01_023_p_ic066</name><deleted>0</deleted><verified>0</verified><occluded>no</occluded><attributes></attributes><parts><hasparts></hasparts><ispartof></ispartof></parts><date>04-11-20 20:05:25:930</date><id>0</id><type>bounding_box</type><polygon><username>anonymous</username><pt><x>878</x><y>311</y><time>04-11-20 20:05:22:400</time></pt><pt><x>3248</x><y>311</y><time>04-11-20 20:05:23:697</time></pt><pt><x>3248</x><y>2406</y><time>undefined</time></pt><pt><x>878</x><y>2406</y><time>undefined</time></pt><closed_date>04-11-20 20:05:23:698</closed_date></polygon></object></annotation>