<annotation><filename>m3_s01_002_p_ic059.jpg</filename><folder>users/joselusava//santiago_3</folder><source><submittedBy>Jose Saca</submittedBy></source><imagesize><nrows>2970</nrows><ncols>4451</ncols></imagesize><object><name>m3_s01_002_p_ic059</name><deleted>0</deleted><verified>0</verified><occluded>no</occluded><attributes></attributes><parts><hasparts></hasparts><ispartof></ispartof></parts><date>28-10-20 21:40:46:082</date><id>0</id><type>bounding_box</type><polygon><username>anonymous</username><pt><x>885</x><y>225</y><time>28-10-20 21:40:42:212</time></pt><pt><x>3577</x><y>225</y><time>28-10-20 21:40:43:932</time></pt><pt><x>3577</x><y>2385</y><time>undefined</time></pt><pt><x>885</x><y>2385</y><time>undefined</time></pt><closed_date>28-10-20 21:40:43:934</closed_date></polygon></object></annotation>