<annotation><filename>m3_s01_023_p_nic070.jpg</filename><folder>users/joselusava//santiago_3</folder><source><submittedBy>Jose Saca</submittedBy></source><imagesize><nrows>2970</nrows><ncols>4451</ncols></imagesize><object><name>m3_s01_023_p_nic070</name><deleted>0</deleted><verified>0</verified><occluded>no</occluded><attributes></attributes><parts><hasparts></hasparts><ispartof></ispartof></parts><date>06-11-20 11:22:54:530</date><id>0</id><type>bounding_box</type><polygon><username>anonymous</username><pt><x>2320</x><y>564</y><time>06-11-20 11:22:51:500</time></pt><pt><x>3980</x><y>564</y><time>06-11-20 11:22:52:514</time></pt><pt><x>3980</x><y>2185</y><time>undefined</time></pt><pt><x>2320</x><y>2185</y><time>undefined</time></pt><closed_date>06-11-20 11:22:52:516</closed_date></polygon></object></annotation>