<annotation><filename>m4_s11_176_p_nic076.jpg</filename><folder>users/joselusava//m4_js/176/nic</folder><source><submittedBy>Jose Saca</submittedBy></source><imagesize><nrows>2970</nrows><ncols>4451</ncols></imagesize><object><name>m4_s11_176_p_nic076</name><deleted>0</deleted><verified>0</verified><occluded>no</occluded><attributes></attributes><parts><hasparts></hasparts><ispartof></ispartof></parts><date>15-10-20 14:50:22:093</date><id>0</id><type>bounding_box</type><polygon><username>anonymous</username><pt><x>1910</x><y>1803</y><time>15-10-20 14:50:19:938</time></pt><pt><x>4273</x><y>1803</y><time>15-10-20 14:50:21:269</time></pt><pt><x>4273</x><y>44</y><time>undefined</time></pt><pt><x>1910</x><y>44</y><time>undefined</time></pt><closed_date>15-10-20 14:50:21:270</closed_date></polygon></object></annotation>