<annotation><filename>m3_s01_013_p_ic097.jpg</filename><folder>users/joselusava//valeria/m03_s01_13_ic</folder><source><submittedBy>Jose Saca</submittedBy></source><imagesize><nrows>2970</nrows><ncols>4451</ncols></imagesize><object><name>m3_s01_013_p_ic096</name><deleted>0</deleted><verified>0</verified><occluded>no</occluded><attributes></attributes><parts><hasparts></hasparts><ispartof></ispartof></parts><date>01-11-20 09:50:09:692</date><id>0</id><type>bounding_box</type><polygon><username>anonymous</username><pt><x>4124</x><y>2844</y><time>01-11-20 09:50:02:067</time></pt><pt><x>1388</x><y>2844</y><time>01-11-20 09:50:05:236</time></pt><pt><x>1388</x><y>149</y><time>undefined</time></pt><pt><x>4124</x><y>149</y><time>undefined</time></pt><closed_date>01-11-20 09:50:05:237</closed_date></polygon></object></annotation>