<annotation><filename>m3_s01_023_p_ic065.jpg</filename><folder>users/joselusava//santiago_3</folder><source><submittedBy>Jose Saca</submittedBy></source><imagesize><nrows>2970</nrows><ncols>4451</ncols></imagesize><object><name>m3_s01_023_p_ic065</name><deleted>0</deleted><verified>0</verified><occluded>no</occluded><attributes></attributes><parts><hasparts></hasparts><ispartof></ispartof></parts><date>04-11-20 20:04:48:842</date><id>0</id><type>bounding_box</type><polygon><username>anonymous</username><pt><x>1057</x><y>364</y><time>04-11-20 20:04:45:644</time></pt><pt><x>3277</x><y>364</y><time>04-11-20 20:04:46:770</time></pt><pt><x>3277</x><y>2413</y><time>undefined</time></pt><pt><x>1057</x><y>2413</y><time>undefined</time></pt><closed_date>04-11-20 20:04:46:770</closed_date></polygon></object></annotation>