<annotation><filename>m2_s01_018_p_nic091.jpg</filename><folder>users/joselusava//santiago_2</folder><source><submittedBy>Jose Saca</submittedBy></source><imagesize><nrows>2850</nrows><ncols>4271</ncols></imagesize><object><name>m2_s01_018_p_nic091</name><deleted>0</deleted><verified>0</verified><occluded>no</occluded><attributes></attributes><parts><hasparts></hasparts><ispartof></ispartof></parts><date>29-09-20 19:10:55:309</date><id>0</id><type>bounding_box</type><polygon><username>anonymous</username><pt><x>1266</x><y>1914</y><time>29-09-20 19:10:52:587</time></pt><pt><x>1802</x><y>1914</y><time>29-09-20 19:10:53:510</time></pt><pt><x>1802</x><y>2555</y><time>undefined</time></pt><pt><x>1266</x><y>2555</y><time>undefined</time></pt><closed_date>29-09-20 19:10:53:513</closed_date></polygon></object></annotation>