<annotation><filename>img_m1_s03-04_108_p_nic021.jpg</filename><folder>users/joselusava//valeria/sala3y4_108_nic</folder><source><submittedBy>Jose Saca</submittedBy></source><imagesize><nrows>3200</nrows><ncols>4800</ncols></imagesize><object><name>m1_s03_s04_108_p_nic021</name><deleted>0</deleted><verified>0</verified><occluded>no</occluded><attributes></attributes><parts><hasparts></hasparts><ispartof></ispartof></parts><date>02-09-20 17:16:22:486</date><id>0</id><type>bounding_box</type><polygon><username>anonymous</username><pt><x>4479</x><y>2836</y><time>02-09-20 17:16:14:742</time></pt><pt><x>412</x><y>2836</y><time>02-09-20 17:16:17:790</time></pt><pt><x>412</x><y>824</y><time>undefined</time></pt><pt><x>4479</x><y>824</y><time>undefined</time></pt><closed_date>02-09-20 17:16:17:791</closed_date></polygon></object></annotation>