<annotation><filename>m1_s01_001_p_nic045.jpg</filename><folder>users/joselusava//juancarlos</folder><source><submittedBy>Jose Saca</submittedBy></source><imagesize><nrows>3200</nrows><ncols>4800</ncols></imagesize><object><name>m1_s01_001_p_nic045</name><deleted>0</deleted><verified>0</verified><occluded>no</occluded><attributes></attributes><parts><hasparts></hasparts><ispartof></ispartof></parts><date>09-09-20 09:15:23:009</date><id>0</id><type>bounding_box</type><polygon><username>anonymous</username><pt><x>3178</x><y>760</y><time>09-09-20 09:15:14:883</time></pt><pt><x>4276</x><y>760</y><time>09-09-20 09:15:17:411</time></pt><pt><x>4276</x><y>1370</y><time>undefined</time></pt><pt><x>3178</x><y>1370</y><time>undefined</time></pt><closed_date>09-09-20 09:15:17:413</closed_date></polygon></object></annotation>