<annotation><filename>m2_s01_034_p_ic069.jpg</filename><folder>users/joselusava//kath</folder><source><submittedBy>Jose Saca</submittedBy></source><imagesize><nrows>2850</nrows><ncols>4271</ncols></imagesize><object><name>m2_s01_034_p_ic069</name><deleted>0</deleted><verified>0</verified><occluded>no</occluded><attributes></attributes><parts><hasparts></hasparts><ispartof></ispartof></parts><date>25-09-20 16:39:00:398</date><id>0</id><type>bounding_box</type><polygon><username>anonymous</username><pt><x>1160</x><y>50</y><time>25-09-20 16:38:45:934</time></pt><pt><x>2864</x><y>50</y><time>25-09-20 16:38:56:468</time></pt><pt><x>2864</x><y>2564</y><time>undefined</time></pt><pt><x>1160</x><y>2564</y><time>undefined</time></pt><closed_date>25-09-20 16:38:56:469</closed_date></polygon></object></annotation>