<annotation><filename>m2_s01_001_p_nic005.jpg</filename><folder>users/joselusava//santiago</folder><source><submittedBy>Jose Saca</submittedBy></source><imagesize><nrows>2850</nrows><ncols>4271</ncols></imagesize><object><name>m2_s01_001_p_nic005</name><deleted>0</deleted><verified>0</verified><occluded>no</occluded><attributes></attributes><parts><hasparts></hasparts><ispartof></ispartof></parts><date>19-09-20 21:46:25:285</date><id>0</id><type>bounding_box</type><polygon><username>anonymous</username><pt><x>2106</x><y>202</y><time>19-09-20 21:46:16:035</time></pt><pt><x>3706</x><y>202</y><time>19-09-20 21:46:18:639</time></pt><pt><x>3706</x><y>1840</y><time>undefined</time></pt><pt><x>2106</x><y>1840</y><time>undefined</time></pt><closed_date>19-09-20 21:46:18:639</closed_date></polygon></object></annotation>