<annotation><filename>m4_s05_052_p_nic034.jpg</filename><folder>users/joselusava//santiago_2</folder><source><submittedBy>Jose Saca</submittedBy></source><imagesize><nrows>2910</nrows><ncols>4361</ncols></imagesize><object><name>m4_s05_052_p_nic034</name><deleted>0</deleted><verified>0</verified><occluded>no</occluded><attributes></attributes><parts><hasparts></hasparts><ispartof></ispartof></parts><date>08-10-20 21:16:52:593</date><id>0</id><type>bounding_box</type><polygon><username>anonymous</username><pt><x>1833</x><y>1316</y><time>08-10-20 21:16:49:372</time></pt><pt><x>3256</x><y>1316</y><time>08-10-20 21:16:50:893</time></pt><pt><x>3256</x><y>2754</y><time>undefined</time></pt><pt><x>1833</x><y>2754</y><time>undefined</time></pt><closed_date>08-10-20 21:16:50:894</closed_date></polygon></object></annotation>