<annotation><filename>m1_s06_141_p_ic069.jpg</filename><folder>users/joselusava//jacob_2/141ic</folder><source><submittedBy>Jose Saca</submittedBy></source><imagesize><nrows>2736</nrows><ncols>4100</ncols></imagesize><object><name>m1_s06_141_p_ic069</name><deleted>0</deleted><verified>0</verified><occluded>no</occluded><attributes></attributes><parts><hasparts></hasparts><ispartof></ispartof></parts><date>04-09-20 23:28:40:360</date><id>0</id><type>bounding_box</type><polygon><username>anonymous</username><pt><x>1008</x><y>2672</y><time>04-09-20 23:28:34:779</time></pt><pt><x>2970</x><y>2672</y><time>04-09-20 23:28:38:137</time></pt><pt><x>2970</x><y>156</y><time>undefined</time></pt><pt><x>1008</x><y>156</y><time>undefined</time></pt><closed_date>04-09-20 23:28:38:137</closed_date></polygon></object></annotation>