<annotation><filename>m2_s01_032_p_nic042.jpg</filename><folder>users/joselusava//santiago_2</folder><source><submittedBy>Jose Saca</submittedBy></source><imagesize><nrows>2850</nrows><ncols>4271</ncols></imagesize><object><name>m2_s01_032_p_nic042</name><deleted>0</deleted><verified>0</verified><occluded>no</occluded><attributes></attributes><parts><hasparts></hasparts><ispartof></ispartof></parts><date>30-09-20 20:43:18:335</date><id>0</id><type>bounding_box</type><polygon><username>anonymous</username><pt><x>2046</x><y>1333</y><time>30-09-20 20:43:15:519</time></pt><pt><x>2853</x><y>1333</y><time>30-09-20 20:43:16:319</time></pt><pt><x>2853</x><y>2331</y><time>undefined</time></pt><pt><x>2046</x><y>2331</y><time>undefined</time></pt><closed_date>30-09-20 20:43:16:320</closed_date></polygon></object></annotation>