<annotation><filename>m1_s02_029_p_ic069.jpg</filename><folder>users/joselusava//valeria/sala2_029_ic</folder><source><submittedBy>Jose Saca</submittedBy></source><imagesize><nrows>3200</nrows><ncols>4800</ncols></imagesize><object><name>m1_s02_029_p_ic069</name><deleted>0</deleted><verified>0</verified><occluded>no</occluded><attributes></attributes><parts><hasparts></hasparts><ispartof></ispartof></parts><date>22-08-20 20:37:00:868</date><id>0</id><type>bounding_box</type><polygon><username>anonymous</username><pt><x>848</x><y>32</y><time>22-08-20 20:36:52:142</time></pt><pt><x>3828</x><y>32</y><time>22-08-20 20:36:56:407</time></pt><pt><x>3828</x><y>3119</y><time>undefined</time></pt><pt><x>848</x><y>3119</y><time>undefined</time></pt><closed_date>22-08-20 20:36:56:408</closed_date></polygon></object></annotation>