<annotation><filename>m4_s05_060_p_nic050.jpg</filename><folder>users/joselusava//m4_js/60/nic</folder><source><submittedBy>Jose Saca</submittedBy></source><imagesize><nrows>2910</nrows><ncols>4361</ncols></imagesize><object><name>m4_s05_060_p_nic050</name><deleted>0</deleted><verified>0</verified><occluded>no</occluded><attributes></attributes><parts><hasparts></hasparts><ispartof></ispartof></parts><date>14-10-20 00:02:30:369</date><id>0</id><type>bounding_box</type><polygon><username>anonymous</username><pt><x>3081</x><y>2115</y><time>14-10-20 00:02:28:537</time></pt><pt><x>17</x><y>2115</y><time>14-10-20 00:02:29:487</time></pt><pt><x>17</x><y>148</y><time>undefined</time></pt><pt><x>3081</x><y>148</y><time>undefined</time></pt><closed_date>14-10-20 00:02:29:487</closed_date></polygon></object></annotation>