<annotation><filename>m1_s06_186_p_ic093.jpg</filename><folder>users/joselusava//jacob_2/186ic</folder><source><submittedBy>Jose Saca</submittedBy></source><imagesize><nrows>2736</nrows><ncols>4100</ncols></imagesize><object><name>s06_186_p_ic093</name><deleted>0</deleted><verified>0</verified><occluded>no</occluded><attributes></attributes><parts><hasparts></hasparts><ispartof></ispartof></parts><date>09-09-20 22:54:29:415</date><id>0</id><type>bounding_box</type><polygon><username>anonymous</username><pt><x>2602</x><y>2316</y><time>09-09-20 22:54:26:515</time></pt><pt><x>982</x><y>2316</y><time>09-09-20 22:54:28:666</time></pt><pt><x>982</x><y>147</y><time>undefined</time></pt><pt><x>2602</x><y>147</y><time>undefined</time></pt><closed_date>09-09-20 22:54:28:666</closed_date></polygon></object></annotation>