<annotation><filename>m1_s02_065_p_nic076.jpg</filename><folder>users/joselusava//valeria/sala2_065_nic</folder><source><submittedBy>Jose Saca</submittedBy></source><imagesize><nrows>2000</nrows><ncols>2992</ncols></imagesize><object><name>m1_s02_065_p_nic076</name><deleted>0</deleted><verified>0</verified><occluded>no</occluded><attributes></attributes><parts><hasparts></hasparts><ispartof></ispartof></parts><date>28-08-20 00:05:52:005</date><id>0</id><type>bounding_box</type><polygon><username>anonymous</username><pt><x>2792</x><y>1540</y><time>28-08-20 00:05:44:553</time></pt><pt><x>1258</x><y>1540</y><time>28-08-20 00:05:47:978</time></pt><pt><x>1258</x><y>983</y><time>undefined</time></pt><pt><x>2792</x><y>983</y><time>undefined</time></pt><closed_date>28-08-20 00:05:47:979</closed_date></polygon></object></annotation>