<annotation><filename>m4_s10_157_p_ic089.jpg</filename><folder>users/joselusava//valeria/m04_s10_157_ic</folder><source><submittedBy>Jose Saca</submittedBy></source><imagesize><nrows>2970</nrows><ncols>4451</ncols></imagesize><object><name>m4_s10_157_p_ic089</name><deleted>0</deleted><verified>0</verified><occluded>no</occluded><attributes></attributes><parts><hasparts></hasparts><ispartof></ispartof></parts><date>12-10-20 18:20:51:855</date><id>0</id><type>bounding_box</type><polygon><username>anonymous</username><pt><x>1333</x><y>2852</y><time>12-10-20 18:20:46:179</time></pt><pt><x>3488</x><y>2852</y><time>12-10-20 18:20:48:039</time></pt><pt><x>3488</x><y>456</y><time>undefined</time></pt><pt><x>1333</x><y>456</y><time>undefined</time></pt><closed_date>12-10-20 18:20:48:040</closed_date></polygon></object></annotation>