<annotation><filename>m1_s01_017_p_ic024.jpg</filename><folder>users/joselusava//santiago</folder><source><submittedBy>Jose Saca</submittedBy></source><imagesize><nrows>3200</nrows><ncols>4800</ncols></imagesize><object><name>m1_s01_017_p_ic024</name><deleted>0</deleted><verified>0</verified><occluded>no</occluded><attributes></attributes><parts><hasparts></hasparts><ispartof></ispartof></parts><date>10-09-20 14:38:25:612</date><id>0</id><type>bounding_box</type><polygon><username>anonymous</username><pt><x>1713</x><y>1083</y><time>10-09-20 14:38:15:581</time></pt><pt><x>3153</x><y>1083</y><time>10-09-20 14:38:18:378</time></pt><pt><x>3153</x><y>2207</y><time>undefined</time></pt><pt><x>1713</x><y>2207</y><time>undefined</time></pt><closed_date>10-09-20 14:38:18:379</closed_date></polygon></object></annotation>