<annotation><filename>m4_s02_015_p_nic027.jpg</filename><folder>users/joselusava//m4_js/15nic</folder><source><submittedBy>Jose Saca</submittedBy></source><imagesize><nrows>2910</nrows><ncols>4361</ncols></imagesize><object><name>m4_s02_015_p_nic026</name><deleted>1</deleted><verified>0</verified><occluded>no</occluded><attributes></attributes><parts><hasparts></hasparts><ispartof></ispartof></parts><date>06-10-20 19:42:58:452</date><id>0</id><type>bounding_box</type><polygon><username>anonymous</username><pt><x>1837</x><y>2672</y><time>06-10-20 19:42:55:943</time></pt><pt><x>3290</x><y>2672</y><time>06-10-20 19:42:57:791</time></pt><pt><x>3290</x><y>1253</y><time>undefined</time></pt><pt><x>1837</x><y>1253</y><time>undefined</time></pt><closed_date>06-10-20 19:42:57:791</closed_date></polygon></object><object><name>m4_s02_015_p_nic027</name><deleted>0</deleted><verified>0</verified><occluded>no</occluded><attributes></attributes><parts><hasparts></hasparts><ispartof></ispartof></parts><date>06-10-20 19:43:18:082</date><id>1</id><type>bounding_box</type><polygon><username>anonymous</username><pt><x>1828</x><y>2655</y><time>06-10-20 19:43:15:700</time></pt><pt><x>3377</x><y>2655</y><time>06-10-20 19:43:17:286</time></pt><pt><x>3377</x><y>1253</y><time>undefined</time></pt><pt><x>1828</x><y>1253</y><time>undefined</time></pt><closed_date>06-10-20 19:43:17:286</closed_date></polygon></object></annotation>