<annotation><filename>m1_s06_144_p_ic040.jpg</filename><folder>users/joselusava//jacob_2/144ic</folder><source><submittedBy>Jose Saca</submittedBy></source><imagesize><nrows>2736</nrows><ncols>4100</ncols></imagesize><object><name>m1_s06_144_p_ic040</name><deleted>0</deleted><verified>0</verified><occluded>no</occluded><attributes></attributes><parts><hasparts></hasparts><ispartof></ispartof></parts><date>07-09-20 02:37:34:937</date><id>0</id><type>bounding_box</type><polygon><username>anonymous</username><pt><x>638</x><y>123</y><time>07-09-20 02:37:30:761</time></pt><pt><x>3143</x><y>123</y><time>07-09-20 02:37:33:697</time></pt><pt><x>3143</x><y>2668</y><time>undefined</time></pt><pt><x>638</x><y>2668</y><time>undefined</time></pt><closed_date>07-09-20 02:37:33:697</closed_date></polygon></object></annotation>