<annotation><filename>m2_s01_064_x.jpg</filename><folder>users/joselusava//juancarlos</folder><source><submittedBy>Jose Saca</submittedBy></source><imagesize><nrows>2850</nrows><ncols>4271</ncols></imagesize><object><name>m2_s01_064_x</name><deleted>0</deleted><verified>0</verified><occluded>no</occluded><attributes></attributes><parts><hasparts></hasparts><ispartof></ispartof></parts><date>28-09-20 10:41:41:131</date><id>0</id><type>bounding_box</type><polygon><username>anonymous</username><pt><x>1024</x><y>209</y><time>28-09-20 10:41:31:116</time></pt><pt><x>3032</x><y>209</y><time>28-09-20 10:41:33:007</time></pt><pt><x>3032</x><y>2736</y><time>undefined</time></pt><pt><x>1024</x><y>2736</y><time>undefined</time></pt><closed_date>28-09-20 10:41:33:008</closed_date></polygon></object></annotation>