<annotation><filename>m4_s10_157_p_ic066.jpg</filename><folder>users/joselusava//valeria/m04_s10_157_ic</folder><source><submittedBy>Jose Saca</submittedBy></source><imagesize><nrows>2970</nrows><ncols>4451</ncols></imagesize><object><name>m4_s10_157_p_ic066</name><deleted>0</deleted><verified>0</verified><occluded>no</occluded><attributes></attributes><parts><hasparts></hasparts><ispartof></ispartof></parts><date>12-10-20 17:58:33:138</date><id>0</id><type>bounding_box</type><polygon><username>anonymous</username><pt><x>3521</x><y>158</y><time>12-10-20 17:58:27:419</time></pt><pt><x>1164</x><y>158</y><time>12-10-20 17:58:29:424</time></pt><pt><x>1164</x><y>2689</y><time>undefined</time></pt><pt><x>3521</x><y>2689</y><time>undefined</time></pt><closed_date>12-10-20 17:58:29:424</closed_date></polygon></object></annotation>