<annotation><filename>m4_s05_052_p_ic094.jpg</filename><folder>users/joselusava//santiago_2</folder><source><submittedBy>Jose Saca</submittedBy></source><imagesize><nrows>2910</nrows><ncols>4361</ncols></imagesize><object><name>m4_s05_052_p_ic094</name><deleted>0</deleted><verified>0</verified><occluded>no</occluded><attributes></attributes><parts><hasparts></hasparts><ispartof></ispartof></parts><date>07-10-20 23:19:55:495</date><id>0</id><type>bounding_box</type><polygon><username>anonymous</username><pt><x>1012</x><y>527</y><time>07-10-20 23:19:51:364</time></pt><pt><x>3080</x><y>527</y><time>07-10-20 23:19:53:486</time></pt><pt><x>3080</x><y>2674</y><time>undefined</time></pt><pt><x>1012</x><y>2674</y><time>undefined</time></pt><closed_date>07-10-20 23:19:53:487</closed_date></polygon></object></annotation>