<annotation><filename>m1_s06_186_p_ic062.jpg</filename><folder>users/joselusava//jacob_2/186ic</folder><source><submittedBy>Jose Saca</submittedBy></source><imagesize><nrows>2736</nrows><ncols>4100</ncols></imagesize><object><name>s06_186_p_ic062</name><deleted>0</deleted><verified>0</verified><occluded>no</occluded><attributes></attributes><parts><hasparts></hasparts><ispartof></ispartof></parts><date>09-09-20 22:19:42:245</date><id>0</id><type>bounding_box</type><polygon><username>anonymous</username><pt><x>966</x><y>2488</y><time>09-09-20 22:19:38:536</time></pt><pt><x>3093</x><y>2488</y><time>09-09-20 22:19:41:211</time></pt><pt><x>3093</x><y>286</y><time>undefined</time></pt><pt><x>966</x><y>286</y><time>undefined</time></pt><closed_date>09-09-20 22:19:41:212</closed_date></polygon></object></annotation>