<annotation><filename>m4_s04_039_p_ic038.jpg</filename><folder>users/joselusava//santiago_2</folder><source><submittedBy>Jose Saca</submittedBy></source><imagesize><nrows>2970</nrows><ncols>4451</ncols></imagesize><object><name>m4_s04_039_p_ic038</name><deleted>0</deleted><verified>0</verified><occluded>no</occluded><attributes></attributes><parts><hasparts></hasparts><ispartof></ispartof></parts><date>20-10-20 21:44:45:475</date><id>0</id><type>bounding_box</type><polygon><username>anonymous</username><pt><x>2013</x><y>253</y><time>20-10-20 21:44:41:814</time></pt><pt><x>2795</x><y>253</y><time>20-10-20 21:44:43:390</time></pt><pt><x>2795</x><y>2866</y><time>undefined</time></pt><pt><x>2013</x><y>2866</y><time>undefined</time></pt><closed_date>20-10-20 21:44:43:390</closed_date></polygon></object></annotation>