<annotation><filename>m4_s11_178_p_nic010.jpg</filename><folder>users/joselusava//santiago_2</folder><source><submittedBy>Jose Saca</submittedBy></source><imagesize><nrows>2970</nrows><ncols>4451</ncols></imagesize><object><name>m4_s11_178_p_nic010</name><deleted>0</deleted><verified>0</verified><occluded>no</occluded><attributes></attributes><parts><hasparts></hasparts><ispartof></ispartof></parts><date>15-10-20 23:02:09:136</date><id>0</id><type>bounding_box</type><polygon><username>anonymous</username><pt><x>1970</x><y>139</y><time>15-10-20 23:02:04:819</time></pt><pt><x>3381</x><y>139</y><time>15-10-20 23:02:06:741</time></pt><pt><x>3381</x><y>1467</y><time>undefined</time></pt><pt><x>1970</x><y>1467</y><time>undefined</time></pt><closed_date>15-10-20 23:02:06:741</closed_date></polygon></object></annotation>