<annotation><filename>m2_s01_056_p_nic072.jpg</filename><folder>users/joselusava//m2_jsv/56/nic</folder><source><submittedBy>Jose Saca</submittedBy></source><imagesize><nrows>2850</nrows><ncols>4271</ncols></imagesize><object><name>m2_s01_056_p_nic072</name><deleted>0</deleted><verified>0</verified><occluded>no</occluded><attributes></attributes><parts><hasparts></hasparts><ispartof></ispartof></parts><date>28-09-20 22:31:31:457</date><id>0</id><type>bounding_box</type><polygon><username>anonymous</username><pt><x>1376</x><y>2607</y><time>28-09-20 22:31:28:982</time></pt><pt><x>17</x><y>2607</y><time>28-09-20 22:31:30:543</time></pt><pt><x>17</x><y>993</y><time>undefined</time></pt><pt><x>1376</x><y>993</y><time>undefined</time></pt><closed_date>28-09-20 22:31:30:543</closed_date></polygon></object></annotation>