<annotation><filename>m2_s01_018_p_nic093.jpg</filename><folder>users/joselusava//santiago_2</folder><source><submittedBy>Jose Saca</submittedBy></source><imagesize><nrows>2850</nrows><ncols>4271</ncols></imagesize><object><name>m2_s01_018_p_nic093</name><deleted>0</deleted><verified>0</verified><occluded>no</occluded><attributes></attributes><parts><hasparts></hasparts><ispartof></ispartof></parts><date>29-09-20 19:12:47:019</date><id>0</id><type>bounding_box</type><polygon><username>anonymous</username><pt><x>1065</x><y>1669</y><time>29-09-20 19:12:44:442</time></pt><pt><x>1669</x><y>1669</y><time>29-09-20 19:12:45:195</time></pt><pt><x>1669</x><y>2351</y><time>undefined</time></pt><pt><x>1065</x><y>2351</y><time>undefined</time></pt><closed_date>29-09-20 19:12:45:196</closed_date></polygon></object></annotation>