<annotation><filename>m1_s01_021_p_ic007.jpg</filename><folder>users/joselusava//santiago</folder><source><submittedBy>Jose Saca</submittedBy></source><imagesize><nrows>2000</nrows><ncols>2992</ncols></imagesize><object><name>m1_s01_021_p_ic007</name><deleted>0</deleted><verified>0</verified><occluded>no</occluded><attributes></attributes><parts><hasparts></hasparts><ispartof></ispartof></parts><date>14-09-20 21:55:37:949</date><id>0</id><type>bounding_box</type><polygon><username>anonymous</username><pt><x>983</x><y>279</y><time>14-09-20 21:55:27:130</time></pt><pt><x>1953</x><y>279</y><time>14-09-20 21:55:29:614</time></pt><pt><x>1953</x><y>1710</y><time>undefined</time></pt><pt><x>983</x><y>1710</y><time>undefined</time></pt><closed_date>14-09-20 21:55:29:616</closed_date></polygon></object></annotation>