<annotation><filename>m2_s01_058_p_nic088.jpg</filename><folder>users/joselusava//m2_jsv/58/nic</folder><source><submittedBy>Jose Saca</submittedBy></source><imagesize><nrows>2850</nrows><ncols>4271</ncols></imagesize><object><name>m2_s01_058_p_nic088</name><deleted>0</deleted><verified>0</verified><occluded>no</occluded><attributes></attributes><parts><hasparts></hasparts><ispartof></ispartof></parts><date>29-09-20 23:25:52:672</date><id>0</id><type>bounding_box</type><polygon><username>anonymous</username><pt><x>1688</x><y>1662</y><time>29-09-20 23:25:50:000</time></pt><pt><x>324</x><y>1662</y><time>29-09-20 23:25:51:939</time></pt><pt><x>324</x><y>776</y><time>undefined</time></pt><pt><x>1688</x><y>776</y><time>undefined</time></pt><closed_date>29-09-20 23:25:51:939</closed_date></polygon></object></annotation>