<annotation><filename>m1_s06_144_p_ic010.jpg</filename><folder>users/joselusava//jacob_2/144ic</folder><source><submittedBy>Jose Saca</submittedBy></source><imagesize><nrows>2736</nrows><ncols>4100</ncols></imagesize><object><name>m1_s06_144_p_ic010</name><deleted>0</deleted><verified>0</verified><occluded>no</occluded><attributes></attributes><parts><hasparts></hasparts><ispartof></ispartof></parts><date>07-09-20 02:22:36:123</date><id>0</id><type>bounding_box</type><polygon><username>anonymous</username><pt><x>900</x><y>188</y><time>07-09-20 02:22:30:719</time></pt><pt><x>3462</x><y>188</y><time>07-09-20 02:22:35:120</time></pt><pt><x>3462</x><y>2627</y><time>undefined</time></pt><pt><x>900</x><y>2627</y><time>undefined</time></pt><closed_date>07-09-20 02:22:35:120</closed_date></polygon></object></annotation>