<annotation><filename>m4_s04_045_p_nic045.jpg</filename><folder>users/joselusava//valeria/m04_s04_45_nic</folder><source><submittedBy>Jose Saca</submittedBy></source><imagesize><nrows>2970</nrows><ncols>4451</ncols></imagesize><object><name>m4_s04_045_p_nic045</name><deleted>0</deleted><verified>0</verified><occluded>no</occluded><attributes></attributes><parts><hasparts></hasparts><ispartof></ispartof></parts><date>20-10-20 14:42:26:323</date><id>0</id><type>bounding_box</type><polygon><username>anonymous</username><pt><x>2759</x><y>1308</y><time>20-10-20 14:42:21:657</time></pt><pt><x>3358</x><y>1308</y><time>20-10-20 14:42:23:055</time></pt><pt><x>3358</x><y>206</y><time>undefined</time></pt><pt><x>2759</x><y>206</y><time>undefined</time></pt><closed_date>20-10-20 14:42:23:056</closed_date></polygon></object></annotation>