<annotation><filename>m4_s10_157_p_ic081.jpg</filename><folder>users/joselusava//valeria/m04_s10_157_nic</folder><source><submittedBy>Jose Saca</submittedBy></source><imagesize><nrows>2970</nrows><ncols>4451</ncols></imagesize><object><name>m4_s10_157_p_nic081</name><deleted>0</deleted><verified>0</verified><occluded>no</occluded><attributes></attributes><parts><hasparts></hasparts><ispartof></ispartof></parts><date>12-10-20 21:45:13:106</date><id>0</id><type>bounding_box</type><polygon><username>anonymous</username><pt><x>225</x><y>2751</y><time>12-10-20 21:45:07:593</time></pt><pt><x>2121</x><y>2751</y><time>12-10-20 21:45:09:500</time></pt><pt><x>2121</x><y>332</y><time>undefined</time></pt><pt><x>225</x><y>332</y><time>undefined</time></pt><closed_date>12-10-20 21:45:09:500</closed_date></polygon></object></annotation>