<annotation><filename>m1_s06_141_p_ic036.jpg</filename><folder>users/joselusava//jacob_2/141ic</folder><source><submittedBy>Jose Saca</submittedBy></source><imagesize><nrows>2736</nrows><ncols>4100</ncols></imagesize><object><name>m1_s06_141_p_ic036</name><deleted>0</deleted><verified>0</verified><occluded>no</occluded><attributes></attributes><parts><hasparts></hasparts><ispartof></ispartof></parts><date>04-09-20 17:26:39:710</date><id>0</id><type>bounding_box</type><polygon><username>anonymous</username><pt><x>1457</x><y>139</y><time>04-09-20 17:26:35:228</time></pt><pt><x>2512</x><y>139</y><time>04-09-20 17:26:38:179</time></pt><pt><x>2512</x><y>2259</y><time>undefined</time></pt><pt><x>1457</x><y>2259</y><time>undefined</time></pt><closed_date>04-09-20 17:26:38:179</closed_date></polygon></object></annotation>