<annotation><filename>m4_s10_164_p_nic011.jpg</filename><folder>users/joselusava//santiago_2</folder><source><submittedBy>Jose Saca</submittedBy></source><imagesize><nrows>2970</nrows><ncols>4451</ncols></imagesize><object><name>m4_s10_164_p_nic011</name><deleted>0</deleted><verified>0</verified><occluded>no</occluded><attributes></attributes><parts><hasparts></hasparts><ispartof></ispartof></parts><date>13-10-20 23:41:58:901</date><id>0</id><type>bounding_box</type><polygon><username>anonymous</username><pt><x>1192</x><y>318</y><time>13-10-20 23:41:56:089</time></pt><pt><x>1778</x><y>318</y><time>13-10-20 23:41:57:064</time></pt><pt><x>1778</x><y>1010</y><time>undefined</time></pt><pt><x>1192</x><y>1010</y><time>undefined</time></pt><closed_date>13-10-20 23:41:57:065</closed_date></polygon></object></annotation>