<annotation><filename>m2_s01_032_p_ic088.jpg</filename><folder>users/joselusava//santiago_2</folder><source><submittedBy>Jose Saca</submittedBy></source><imagesize><nrows>2850</nrows><ncols>4271</ncols></imagesize><object><name>m2_s01_032_p_ic088</name><deleted>0</deleted><verified>0</verified><occluded>no</occluded><attributes></attributes><parts><hasparts></hasparts><ispartof></ispartof></parts><date>30-09-20 17:21:00:537</date><id>0</id><type>bounding_box</type><polygon><username>anonymous</username><pt><x>1154</x><y>394</y><time>30-09-20 17:20:55:031</time></pt><pt><x>2831</x><y>394</y><time>30-09-20 17:20:57:926</time></pt><pt><x>2831</x><y>2776</y><time>undefined</time></pt><pt><x>1154</x><y>2776</y><time>undefined</time></pt><closed_date>30-09-20 17:20:57:928</closed_date></polygon></object></annotation>