<annotation><filename>m1_s01_017_p_ic025.jpg</filename><folder>users/joselusava//santiago</folder><source><submittedBy>Jose Saca</submittedBy></source><imagesize><nrows>3200</nrows><ncols>4800</ncols></imagesize><object><name>m1_s01_017_p_ic025</name><deleted>0</deleted><verified>0</verified><occluded>no</occluded><attributes></attributes><parts><hasparts></hasparts><ispartof></ispartof></parts><date>10-09-20 14:40:10:300</date><id>0</id><type>bounding_box</type><polygon><username>anonymous</username><pt><x>1638</x><y>1127</y><time>10-09-20 14:40:02:585</time></pt><pt><x>3121</x><y>1127</y><time>10-09-20 14:40:04:388</time></pt><pt><x>3121</x><y>2189</y><time>undefined</time></pt><pt><x>1638</x><y>2189</y><time>undefined</time></pt><closed_date>10-09-20 14:40:04:389</closed_date></polygon></object></annotation>