<annotation><filename>m4_s07_105_p_ic021.jpg</filename><folder>users/joselusava//kath/m4_105</folder><source><submittedBy>Jose Saca</submittedBy></source><imagesize><nrows>2970</nrows><ncols>4451</ncols></imagesize><object><name>m4_s07_105_p_ic021</name><deleted>0</deleted><verified>0</verified><occluded>no</occluded><attributes></attributes><parts><hasparts></hasparts><ispartof></ispartof></parts><date>25-10-20 09:23:18:990</date><id>0</id><type>bounding_box</type><polygon><username>anonymous</username><pt><x>2864</x><y>2590</y><time>25-10-20 09:23:07:392</time></pt><pt><x>1605</x><y>2590</y><time>25-10-20 09:23:10:590</time></pt><pt><x>1605</x><y>312</y><time>undefined</time></pt><pt><x>2864</x><y>312</y><time>undefined</time></pt><closed_date>25-10-20 09:23:10:591</closed_date></polygon></object></annotation>