<annotation><filename>m2_s01_056_p_ic064.jpg</filename><folder>users/joselusava//m2_jsv/56/ic</folder><source><submittedBy>Jose Saca</submittedBy></source><imagesize><nrows>2850</nrows><ncols>4271</ncols></imagesize><object><name>m2_s01_056_p_ic064</name><deleted>0</deleted><verified>0</verified><occluded>no</occluded><attributes></attributes><parts><hasparts></hasparts><ispartof></ispartof></parts><date>28-09-20 21:47:26:368</date><id>0</id><type>bounding_box</type><polygon><username>anonymous</username><pt><x>3099</x><y>2726</y><time>28-09-20 21:47:24:268</time></pt><pt><x>875</x><y>2726</y><time>28-09-20 21:47:25:576</time></pt><pt><x>875</x><y>93</y><time>undefined</time></pt><pt><x>3099</x><y>93</y><time>undefined</time></pt><closed_date>28-09-20 21:47:25:577</closed_date></polygon></object></annotation>