<annotation><filename>m4_s03_025_p_nic081.jpg</filename><folder>users/joselusava//santiago_3</folder><source><submittedBy>Jose Saca</submittedBy></source><imagesize><nrows>2910</nrows><ncols>4361</ncols></imagesize><object><name>m4_s03_025_p_nic081</name><deleted>0</deleted><verified>0</verified><occluded>no</occluded><attributes></attributes><parts><hasparts></hasparts><ispartof></ispartof></parts><date>08-11-20 14:21:36:280</date><id>0</id><type>bounding_box</type><polygon><username>anonymous</username><pt><x>178</x><y>605</y><time>08-11-20 14:21:26:554</time></pt><pt><x>2886</x><y>605</y><time>08-11-20 14:21:27:899</time></pt><pt><x>2886</x><y>2053</y><time>undefined</time></pt><pt><x>178</x><y>2053</y><time>undefined</time></pt><closed_date>08-11-20 14:21:27:901</closed_date></polygon></object></annotation>