<annotation><filename>m2_s01_034_p_ic041.jpg</filename><folder>users/joselusava//kath</folder><source><submittedBy>Jose Saca</submittedBy></source><imagesize><nrows>2850</nrows><ncols>4271</ncols></imagesize><object><name>m2_s01_034_p_ic041</name><deleted>0</deleted><verified>0</verified><occluded>no</occluded><attributes></attributes><parts><hasparts></hasparts><ispartof></ispartof></parts><date>25-09-20 13:48:13:178</date><id>0</id><type>bounding_box</type><polygon><username>anonymous</username><pt><x>1296</x><y>337</y><time>25-09-20 13:48:05:327</time></pt><pt><x>2821</x><y>337</y><time>25-09-20 13:48:09:734</time></pt><pt><x>2821</x><y>2614</y><time>undefined</time></pt><pt><x>1296</x><y>2614</y><time>undefined</time></pt><closed_date>25-09-20 13:48:09:735</closed_date></polygon></object></annotation>