<annotation><filename>m2_s01_010_p_nic011.jpg</filename><folder>users/joselusava//santiago</folder><source><submittedBy>Jose Saca</submittedBy></source><imagesize><nrows>2850</nrows><ncols>4271</ncols></imagesize><object><name>m2_s01_010_p_nic011</name><deleted>0</deleted><verified>0</verified><occluded>no</occluded><attributes></attributes><parts><hasparts></hasparts><ispartof></ispartof></parts><date>22-09-20 19:50:04:466</date><id>0</id><type>bounding_box</type><polygon><username>anonymous</username><pt><x>560</x><y>363</y><time>22-09-20 19:49:54:452</time></pt><pt><x>1517</x><y>363</y><time>22-09-20 19:49:56:717</time></pt><pt><x>1517</x><y>1344</y><time>undefined</time></pt><pt><x>560</x><y>1344</y><time>undefined</time></pt><closed_date>22-09-20 19:49:56:719</closed_date></polygon></object></annotation>