<annotation><filename>m2_s01_032_p_nic059.jpg</filename><folder>users/joselusava//santiago_2</folder><source><submittedBy>Jose Saca</submittedBy></source><imagesize><nrows>2850</nrows><ncols>4271</ncols></imagesize><object><name>m2_s01_032_p_nic059</name><deleted>0</deleted><verified>0</verified><occluded>no</occluded><attributes></attributes><parts><hasparts></hasparts><ispartof></ispartof></parts><date>30-09-20 21:01:39:142</date><id>0</id><type>bounding_box</type><polygon><username>anonymous</username><pt><x>380</x><y>1201</y><time>30-09-20 21:01:36:650</time></pt><pt><x>1293</x><y>1201</y><time>30-09-20 21:01:37:353</time></pt><pt><x>1293</x><y>2005</y><time>undefined</time></pt><pt><x>380</x><y>2005</y><time>undefined</time></pt><closed_date>30-09-20 21:01:37:354</closed_date></polygon></object></annotation>