<annotation><filename>m2_s06_248_p_nic090.jpg</filename><folder>users/joselusava//museos2020</folder><source><submittedBy>Jose Saca</submittedBy></source><imagesize><nrows>2910</nrows><ncols>4361</ncols></imagesize><object><name>m2_s06_248_p_nic090</name><deleted>0</deleted><verified>0</verified><occluded>no</occluded><attributes></attributes><parts><hasparts></hasparts><ispartof></ispartof></parts><date>27-09-20 21:38:14:012</date><id>0</id><polygon><username>anonymous</username><pt><x>697</x><y>832</y><time>27-09-20 21:38:04:481</time></pt><pt><x>2696</x><y>483</y><time>27-09-20 21:38:06:274</time></pt><pt><x>2873</x><y>697</y><time>27-09-20 21:38:07:273</time></pt><pt><x>1343</x><y>1655</y><time>27-09-20 21:38:08:274</time></pt><closed_date>27-09-20 21:38:09:234</closed_date></polygon></object></annotation>