<annotation><filename>m1_s01_021_p_nic044.jpg</filename><folder>users/joselusava//santiago</folder><source><submittedBy>Jose Saca</submittedBy></source><imagesize><nrows>3200</nrows><ncols>4800</ncols></imagesize><object><name>m1_s01_021_p_nic044</name><deleted>0</deleted><verified>0</verified><occluded>no</occluded><attributes></attributes><parts><hasparts></hasparts><ispartof></ispartof></parts><date>15-09-20 16:33:38:982</date><id>0</id><type>bounding_box</type><polygon><username>anonymous</username><pt><x>2120</x><y>2354</y><time>15-09-20 16:33:29:916</time></pt><pt><x>2653</x><y>2354</y><time>15-09-20 16:33:32:190</time></pt><pt><x>2653</x><y>3031</y><time>undefined</time></pt><pt><x>2120</x><y>3031</y><time>undefined</time></pt><closed_date>15-09-20 16:33:32:192</closed_date></polygon></object></annotation>