<annotation><filename>m2_s05_236_p_ic046.jpg</filename><folder>users/joselusava//museos2020</folder><source><submittedBy>Jose Saca</submittedBy></source><imagesize><nrows>2910</nrows><ncols>4361</ncols></imagesize><object><name>m2_s05_236_p_ic046</name><deleted>0</deleted><verified>0</verified><occluded>no</occluded><attributes></attributes><parts><hasparts></hasparts><ispartof></ispartof></parts><date>16-09-20 18:39:14:981</date><id>0</id><type>bounding_box</type><polygon><username>anonymous</username><pt><x>488</x><y>37</y><time>16-09-20 18:39:06:679</time></pt><pt><x>4193</x><y>37</y><time>16-09-20 18:39:09:181</time></pt><pt><x>4193</x><y>2599</y><time>undefined</time></pt><pt><x>488</x><y>2599</y><time>undefined</time></pt><closed_date>16-09-20 18:39:09:182</closed_date></polygon></object></annotation>