<annotation><filename>m2_s01_018_p_nic019.jpg</filename><folder>users/joselusava//santiago_2</folder><source><submittedBy>Jose Saca</submittedBy></source><imagesize><nrows>3000</nrows><ncols>4496</ncols></imagesize><object><name>m2_s01_018_p_nic019</name><deleted>0</deleted><verified>0</verified><occluded>no</occluded><attributes></attributes><parts><hasparts></hasparts><ispartof></ispartof></parts><date>28-09-20 19:39:58:422</date><id>0</id><type>bounding_box</type><polygon><username>anonymous</username><pt><x>1141</x><y>1967</y><time>28-09-20 19:39:54:418</time></pt><pt><x>1714</x><y>1967</y><time>28-09-20 19:39:55:602</time></pt><pt><x>1714</x><y>2683</y><time>undefined</time></pt><pt><x>1141</x><y>2683</y><time>undefined</time></pt><closed_date>28-09-20 19:39:55:603</closed_date></polygon></object></annotation>