<annotation><filename>m2_s01_010_p_nic054.jpg</filename><folder>users/joselusava//santiago</folder><source><submittedBy>Jose Saca</submittedBy></source><imagesize><nrows>2850</nrows><ncols>4271</ncols></imagesize><object><name>m2_s01_010_p_nic054</name><deleted>0</deleted><verified>0</verified><occluded>no</occluded><attributes></attributes><parts><hasparts></hasparts><ispartof></ispartof></parts><date>22-09-20 20:51:29:341</date><id>0</id><type>bounding_box</type><polygon><username>anonymous</username><pt><x>2462</x><y>1638</y><time>22-09-20 20:51:22:186</time></pt><pt><x>3257</x><y>1638</y><time>22-09-20 20:51:23:441</time></pt><pt><x>3257</x><y>2517</y><time>undefined</time></pt><pt><x>2462</x><y>2517</y><time>undefined</time></pt><closed_date>22-09-20 20:51:23:443</closed_date></polygon></object></annotation>