<annotation><filename>m2_s02_190_p_ic032.jpg</filename><folder>users/joselusava//m2_jsv/190/ic</folder><source><submittedBy>Jose Saca</submittedBy></source><imagesize><nrows>2910</nrows><ncols>4361</ncols></imagesize><object><name>m2_s02_190_p_ic032</name><deleted>0</deleted><verified>0</verified><occluded>no</occluded><attributes></attributes><parts><hasparts></hasparts><ispartof></ispartof></parts><date>21-09-20 14:19:01:844</date><id>0</id><type>bounding_box</type><polygon><username>anonymous</username><pt><x>2783</x><y>2601</y><time>21-09-20 14:18:59:731</time></pt><pt><x>1587</x><y>2601</y><time>21-09-20 14:19:01:056</time></pt><pt><x>1587</x><y>798</y><time>undefined</time></pt><pt><x>2783</x><y>798</y><time>undefined</time></pt><closed_date>21-09-20 14:19:01:056</closed_date></polygon></object></annotation>