<annotation><filename>m4_s06_089_p_nic075.jpg</filename><folder>users/joselusava//santiago_2</folder><source><submittedBy>Jose Saca</submittedBy></source><imagesize><nrows>2970</nrows><ncols>4451</ncols></imagesize><object><name>m4_s06_089_p_nic075</name><deleted>0</deleted><verified>0</verified><occluded>no</occluded><attributes></attributes><parts><hasparts></hasparts><ispartof></ispartof></parts><date>12-10-20 22:03:39:183</date><id>0</id><type>bounding_box</type><polygon><username>anonymous</username><pt><x>621</x><y>850</y><time>12-10-20 22:03:35:461</time></pt><pt><x>1492</x><y>850</y><time>12-10-20 22:03:37:029</time></pt><pt><x>1492</x><y>2481</y><time>undefined</time></pt><pt><x>621</x><y>2481</y><time>undefined</time></pt><closed_date>12-10-20 22:03:37:030</closed_date></polygon></object></annotation>