<annotation><filename>m3_s01_002_p_nic034.jpg</filename><folder>users/joselusava//santiago_3</folder><source><submittedBy>Jose Saca</submittedBy></source><imagesize><nrows>2970</nrows><ncols>4451</ncols></imagesize><object><name>m3_s01_002_p_nic034</name><deleted>0</deleted><verified>0</verified><occluded>no</occluded><attributes></attributes><parts><hasparts></hasparts><ispartof></ispartof></parts><date>29-10-20 15:58:08:512</date><id>0</id><type>bounding_box</type><polygon><username>anonymous</username><pt><x>1674</x><y>282</y><time>29-10-20 15:58:05:076</time></pt><pt><x>3530</x><y>282</y><time>29-10-20 15:58:06:617</time></pt><pt><x>3530</x><y>2028</y><time>undefined</time></pt><pt><x>1674</x><y>2028</y><time>undefined</time></pt><closed_date>29-10-20 15:58:06:618</closed_date></polygon></object></annotation>