<annotation><filename>m4_s11_178_p_nic042.jpg</filename><folder>users/joselusava//santiago_2</folder><source><submittedBy>Jose Saca</submittedBy></source><imagesize><nrows>2970</nrows><ncols>4451</ncols></imagesize><object><name>m4_s11_178_p_nic042</name><deleted>0</deleted><verified>0</verified><occluded>no</occluded><attributes></attributes><parts><hasparts></hasparts><ispartof></ispartof></parts><date>16-10-20 09:23:58:029</date><id>0</id><type>bounding_box</type><polygon><username>anonymous</username><pt><x>814</x><y>939</y><time>16-10-20 09:23:54:929</time></pt><pt><x>1824</x><y>939</y><time>16-10-20 09:23:56:259</time></pt><pt><x>1824</x><y>2070</y><time>undefined</time></pt><pt><x>814</x><y>2070</y><time>undefined</time></pt><closed_date>16-10-20 09:23:56:260</closed_date></polygon></object></annotation>