<annotation><filename>m1_s02_052_p_ic005.jpg</filename><folder>users/joselusava//valeria/sala2_052_ic</folder><source><submittedBy>Jose Saca</submittedBy></source><imagesize><nrows>3200</nrows><ncols>4800</ncols></imagesize><object><name>m1_s02_052_p_ic005</name><deleted>0</deleted><verified>0</verified><occluded>no</occluded><attributes></attributes><parts><hasparts></hasparts><ispartof></ispartof></parts><date>24-08-20 01:02:35:932</date><id>0</id><type>bounding_box</type><polygon><username>anonymous</username><pt><x>263</x><y>215</y><time>24-08-20 01:02:27:923</time></pt><pt><x>4478</x><y>215</y><time>24-08-20 01:02:32:042</time></pt><pt><x>4478</x><y>3077</y><time>undefined</time></pt><pt><x>263</x><y>3077</y><time>undefined</time></pt><closed_date>24-08-20 01:02:32:043</closed_date></polygon></object></annotation>