<annotation><filename>m2_s01_024_p_ic097.jpg</filename><folder>users/joselusava//santiago</folder><source><submittedBy>Jose Saca</submittedBy></source><imagesize><nrows>2850</nrows><ncols>4271</ncols></imagesize><object><name>m2_s01_024_p_ic097</name><deleted>0</deleted><verified>0</verified><occluded>no</occluded><attributes></attributes><parts><hasparts></hasparts><ispartof></ispartof></parts><date>24-09-20 23:15:08:245</date><id>0</id><type>bounding_box</type><polygon><username>anonymous</username><pt><x>1337</x><y>269</y><time>24-09-20 23:14:59:589</time></pt><pt><x>2850</x><y>269</y><time>24-09-20 23:15:01:301</time></pt><pt><x>2850</x><y>2741</y><time>undefined</time></pt><pt><x>1337</x><y>2741</y><time>undefined</time></pt><closed_date>24-09-20 23:15:01:302</closed_date></polygon></object></annotation>