<annotation><filename>m4_s04_047_p_ic009.jpg</filename><folder>users/joselusava//kath/kath_m4_047</folder><source><submittedBy>Jose Saca</submittedBy></source><imagesize><nrows>2970</nrows><ncols>4451</ncols></imagesize><object><name>m4_s04_047_p_ic009</name><deleted>0</deleted><verified>0</verified><occluded>no</occluded><attributes></attributes><parts><hasparts></hasparts><ispartof></ispartof></parts><date>24-10-20 13:36:45:473</date><id>0</id><type>bounding_box</type><polygon><username>anonymous</username><pt><x>1648</x><y>334</y><time>24-10-20 13:36:38:849</time></pt><pt><x>2666</x><y>334</y><time>24-10-20 13:36:42:271</time></pt><pt><x>2666</x><y>2554</y><time>undefined</time></pt><pt><x>1648</x><y>2554</y><time>undefined</time></pt><closed_date>24-10-20 13:36:42:272</closed_date></polygon></object></annotation>