<annotation><filename>m2_s01_058_p_nic062.jpg</filename><folder>users/joselusava//m2_jsv/58/nic</folder><source><submittedBy>Jose Saca</submittedBy></source><imagesize><nrows>2850</nrows><ncols>4271</ncols></imagesize><object><name>m2_s01_058_p_nic062</name><deleted>0</deleted><verified>0</verified><occluded>no</occluded><attributes></attributes><parts><hasparts></hasparts><ispartof></ispartof></parts><date>29-09-20 23:16:25:979</date><id>0</id><type>bounding_box</type><polygon><username>anonymous</username><pt><x>3930</x><y>1543</y><time>29-09-20 23:16:23:944</time></pt><pt><x>2745</x><y>1543</y><time>29-09-20 23:16:25:190</time></pt><pt><x>2745</x><y>537</y><time>undefined</time></pt><pt><x>3930</x><y>537</y><time>undefined</time></pt><closed_date>29-09-20 23:16:25:190</closed_date></polygon></object></annotation>