<annotation><filename>m2_s01_032_p_ic017.jpg</filename><folder>users/joselusava//santiago_2</folder><source><submittedBy>Jose Saca</submittedBy></source><imagesize><nrows>2850</nrows><ncols>4271</ncols></imagesize><object><name>m2_s01_032_p_ic017</name><deleted>0</deleted><verified>0</verified><occluded>no</occluded><attributes></attributes><parts><hasparts></hasparts><ispartof></ispartof></parts><date>29-09-20 22:19:27:630</date><id>0</id><type>bounding_box</type><polygon><username>anonymous</username><pt><x>1189</x><y>365</y><time>29-09-20 22:19:20:826</time></pt><pt><x>2921</x><y>365</y><time>29-09-20 22:19:23:489</time></pt><pt><x>2921</x><y>2715</y><time>undefined</time></pt><pt><x>1189</x><y>2715</y><time>undefined</time></pt><closed_date>29-09-20 22:19:23:489</closed_date></polygon></object></annotation>