<annotation><filename>m2_s01_018_p_ic020.jpg</filename><folder>users/joselusava//santiago_2</folder><source><submittedBy>Jose Saca</submittedBy></source><imagesize><nrows>3000</nrows><ncols>4496</ncols></imagesize><object><name>m2_s01_018_p_ic020</name><deleted>0</deleted><verified>0</verified><occluded>no</occluded><attributes></attributes><parts><hasparts></hasparts><ispartof></ispartof></parts><date>28-09-20 14:35:50:042</date><id>0</id><type>bounding_box</type><polygon><username>anonymous</username><pt><x>1407</x><y>783</y><time>28-09-20 14:35:35:817</time></pt><pt><x>2679</x><y>783</y><time>28-09-20 14:35:37:265</time></pt><pt><x>2679</x><y>2278</y><time>undefined</time></pt><pt><x>1407</x><y>2278</y><time>undefined</time></pt><closed_date>28-09-20 14:35:37:266</closed_date></polygon></object></annotation>