<annotation><filename>m3_s01_010_p_ic016.jpg</filename><folder>users/joselusava//m4_js/m3/10/ic</folder><source><submittedBy>Jose Saca</submittedBy></source><imagesize><nrows>2970</nrows><ncols>4451</ncols></imagesize><object><name>m3_s01_010_p_ic016</name><deleted>0</deleted><verified>0</verified><occluded>no</occluded><attributes></attributes><parts><hasparts></hasparts><ispartof></ispartof></parts><date>29-10-20 10:11:35:499</date><id>0</id><type>bounding_box</type><polygon><username>anonymous</username><pt><x>3624</x><y>2671</y><time>29-10-20 10:11:33:760</time></pt><pt><x>524</x><y>2671</y><time>29-10-20 10:11:34:747</time></pt><pt><x>524</x><y>189</y><time>undefined</time></pt><pt><x>3624</x><y>189</y><time>undefined</time></pt><closed_date>29-10-20 10:11:34:748</closed_date></polygon></object></annotation>