<annotation><filename>m2_s05_236_p_ic066.jpg</filename><folder>users/joselusava//museos2020</folder><source><submittedBy>Jose Saca</submittedBy></source><imagesize><nrows>2910</nrows><ncols>4361</ncols></imagesize><object><name>m2_s05_236_p_ic066</name><deleted>0</deleted><verified>0</verified><occluded>no</occluded><attributes></attributes><parts><hasparts></hasparts><ispartof></ispartof></parts><date>16-09-20 19:07:24:405</date><id>0</id><type>bounding_box</type><polygon><username>anonymous</username><pt><x>139</x><y>451</y><time>16-09-20 19:07:15:025</time></pt><pt><x>3063</x><y>451</y><time>16-09-20 19:07:16:530</time></pt><pt><x>3063</x><y>2831</y><time>undefined</time></pt><pt><x>139</x><y>2831</y><time>undefined</time></pt><closed_date>16-09-20 19:07:16:531</closed_date></polygon></object></annotation>