<annotation><filename>m4_s02_018_x.jpg</filename><folder>users/joselusava//kath/m4_x</folder><source><submittedBy>Jose Saca</submittedBy></source><imagesize><nrows>2910</nrows><ncols>4361</ncols></imagesize><object><name>m4_s02_018_x</name><deleted>0</deleted><verified>0</verified><occluded>no</occluded><attributes></attributes><parts><hasparts></hasparts><ispartof></ispartof></parts><date>20-10-20 06:46:36:668</date><id>0</id><polygon><username>anonymous</username><pt><x>1752</x><y>504</y><time>20-10-20 06:46:29:518</time></pt><pt><x>1686</x><y>2449</y><time>20-10-20 06:46:30:712</time></pt><pt><x>2971</x><y>2514</y><time>20-10-20 06:46:31:511</time></pt><pt><x>2486</x><y>494</y><time>20-10-20 06:46:32:721</time></pt><closed_date>20-10-20 06:46:33:823</closed_date></polygon></object></annotation>