<annotation><filename>m4_s02_015_p_nic076.jpg</filename><folder>users/joselusava//m4_js/15nic</folder><source><submittedBy>Jose Saca</submittedBy></source><imagesize><nrows>2910</nrows><ncols>4361</ncols></imagesize><object><name>m4_s02_015_p_nic076</name><deleted>0</deleted><verified>0</verified><occluded>no</occluded><attributes></attributes><parts><hasparts></hasparts><ispartof></ispartof></parts><date>06-10-20 20:12:45:523</date><id>0</id><type>bounding_box</type><polygon><username>anonymous</username><pt><x>1515</x><y>17</y><time>06-10-20 20:12:42:298</time></pt><pt><x>17</x><y>17</y><time>06-10-20 20:12:44:522</time></pt><pt><x>17</x><y>1619</y><time>undefined</time></pt><pt><x>1515</x><y>1619</y><time>undefined</time></pt><closed_date>06-10-20 20:12:44:522</closed_date></polygon></object></annotation>