<annotation><filename>m1_s02_029_p_nic051.jpg</filename><folder>users/joselusava//valeria/sala2_029_nic</folder><source><submittedBy>Jose Saca</submittedBy></source><imagesize><nrows>3200</nrows><ncols>4800</ncols></imagesize><object><name>m1_s02_029_p_nic051</name><deleted>0</deleted><verified>0</verified><occluded>no</occluded><attributes></attributes><parts><hasparts></hasparts><ispartof></ispartof></parts><date>26-08-20 19:15:36:060</date><id>0</id><type>bounding_box</type><polygon><username>anonymous</username><pt><x>816</x><y>252</y><time>26-08-20 19:15:30:087</time></pt><pt><x>2158</x><y>252</y><time>26-08-20 19:15:32:616</time></pt><pt><x>2158</x><y>1611</y><time>undefined</time></pt><pt><x>816</x><y>1611</y><time>undefined</time></pt><closed_date>26-08-20 19:15:32:617</closed_date></polygon></object></annotation>