<annotation><filename>m2_s01_056_p_ic100.jpg</filename><folder>users/joselusava//m2_jsv/56/ic</folder><source><submittedBy>Jose Saca</submittedBy></source><imagesize><nrows>2850</nrows><ncols>4271</ncols></imagesize><object><name>m2_s01_056_p_ic100</name><deleted>0</deleted><verified>0</verified><occluded>no</occluded><attributes></attributes><parts><hasparts></hasparts><ispartof></ispartof></parts><date>28-09-20 21:59:20:491</date><id>0</id><type>bounding_box</type><polygon><username>anonymous</username><pt><x>2895</x><y>2182</y><time>28-09-20 21:59:18:541</time></pt><pt><x>1367</x><y>2182</y><time>28-09-20 21:59:19:589</time></pt><pt><x>1367</x><y>484</y><time>undefined</time></pt><pt><x>2895</x><y>484</y><time>undefined</time></pt><closed_date>28-09-20 21:59:19:589</closed_date></polygon></object></annotation>