<annotation><filename>m1_s02_036_p_ic014.jpg</filename><folder>users/joselusava//valeria/sala2_036_ic</folder><source><submittedBy>Jose Saca</submittedBy></source><imagesize><nrows>3200</nrows><ncols>4800</ncols></imagesize><object><name>m1_s01_036_p_ic014</name><deleted>0</deleted><verified>0</verified><occluded>no</occluded><attributes></attributes><parts><hasparts></hasparts><ispartof></ispartof></parts><date>23-08-20 01:28:36:184</date><id>0</id><type>bounding_box</type><polygon><username>anonymous</username><pt><x>999</x><y>907</y><time>23-08-20 01:28:29:068</time></pt><pt><x>3017</x><y>907</y><time>23-08-20 01:28:32:052</time></pt><pt><x>3017</x><y>2910</y><time>undefined</time></pt><pt><x>999</x><y>2910</y><time>undefined</time></pt><closed_date>23-08-20 01:28:32:053</closed_date></polygon></object></annotation>