<annotation><filename>m2_s02_085_p_nic003.jpg</filename><folder>users/joselusava//m2_jsv/85/nic</folder><source><submittedBy>Jose Saca</submittedBy></source><imagesize><nrows>2910</nrows><ncols>4361</ncols></imagesize><object><name>m2_s02_085_p_nic003</name><deleted>0</deleted><verified>0</verified><occluded>no</occluded><attributes></attributes><parts><hasparts></hasparts><ispartof></ispartof></parts><date>17-09-20 20:17:28:064</date><id>0</id><type>bounding_box</type><polygon><username>anonymous</username><pt><x>3238</x><y>1149</y><time>17-09-20 20:17:26:163</time></pt><pt><x>4074</x><y>1149</y><time>17-09-20 20:17:27:469</time></pt><pt><x>4074</x><y>2185</y><time>undefined</time></pt><pt><x>3238</x><y>2185</y><time>undefined</time></pt><closed_date>17-09-20 20:17:27:469</closed_date></polygon></object></annotation>