<annotation><filename>m4_s03_025_p_nic025.jpg</filename><folder>users/joselusava//santiago_3</folder><source><submittedBy>Jose Saca</submittedBy></source><imagesize><nrows>2910</nrows><ncols>4361</ncols></imagesize><object><name>m4_s03_025_p_nic025</name><deleted>0</deleted><verified>0</verified><occluded>no</occluded><attributes></attributes><parts><hasparts></hasparts><ispartof></ispartof></parts><date>07-11-20 23:37:21:098</date><id>0</id><type>bounding_box</type><polygon><username>anonymous</username><pt><x>227</x><y>1284</y><time>07-11-20 23:37:17:357</time></pt><pt><x>2427</x><y>1284</y><time>07-11-20 23:37:18:903</time></pt><pt><x>2427</x><y>2606</y><time>undefined</time></pt><pt><x>227</x><y>2606</y><time>undefined</time></pt><closed_date>07-11-20 23:37:18:903</closed_date></polygon></object></annotation>