<annotation><filename>m2_s01_024_p_ic092.jpg</filename><folder>users/joselusava//santiago</folder><source><submittedBy>Jose Saca</submittedBy></source><imagesize><nrows>2850</nrows><ncols>4271</ncols></imagesize><object><name>m2_s01_024_p_ic092</name><deleted>0</deleted><verified>0</verified><occluded>no</occluded><attributes></attributes><parts><hasparts></hasparts><ispartof></ispartof></parts><date>24-09-20 23:09:45:079</date><id>0</id><type>bounding_box</type><polygon><username>anonymous</username><pt><x>1125</x><y>381</y><time>24-09-20 23:09:38:714</time></pt><pt><x>2856</x><y>381</y><time>24-09-20 23:09:40:188</time></pt><pt><x>2856</x><y>2824</y><time>undefined</time></pt><pt><x>1125</x><y>2824</y><time>undefined</time></pt><closed_date>24-09-20 23:09:40:189</closed_date></polygon></object></annotation>