<annotation><filename>m4_s06_089_p_nic089.jpg</filename><folder>users/joselusava//santiago_2</folder><source><submittedBy>Jose Saca</submittedBy></source><imagesize><nrows>2970</nrows><ncols>4451</ncols></imagesize><object><name>m4_s06_089_p_nic089</name><deleted>0</deleted><verified>0</verified><occluded>no</occluded><attributes></attributes><parts><hasparts></hasparts><ispartof></ispartof></parts><date>12-10-20 22:19:20:170</date><id>0</id><type>bounding_box</type><polygon><username>anonymous</username><pt><x>1974</x><y>100</y><time>12-10-20 22:19:16:897</time></pt><pt><x>3166</x><y>100</y><time>12-10-20 22:19:17:996</time></pt><pt><x>3166</x><y>2192</y><time>undefined</time></pt><pt><x>1974</x><y>2192</y><time>undefined</time></pt><closed_date>12-10-20 22:19:17:997</closed_date></polygon></object></annotation>