<annotation><filename>m2_s01_001_p_ic023.jpg</filename><folder>users/joselusava//santiago</folder><source><submittedBy>Jose Saca</submittedBy></source><imagesize><nrows>2850</nrows><ncols>4271</ncols></imagesize><object><name>m2_s01_001_p_ic023</name><deleted>0</deleted><verified>0</verified><occluded>no</occluded><attributes></attributes><parts><hasparts></hasparts><ispartof></ispartof></parts><date>18-09-20 23:10:32:021</date><id>0</id><type>bounding_box</type><polygon><username>anonymous</username><pt><x>628</x><y>285</y><time>18-09-20 23:10:22:001</time></pt><pt><x>3514</x><y>285</y><time>18-09-20 23:10:23:987</time></pt><pt><x>3514</x><y>2574</y><time>undefined</time></pt><pt><x>628</x><y>2574</y><time>undefined</time></pt><closed_date>18-09-20 23:10:23:987</closed_date></polygon></object></annotation>