<annotation><filename>m4_s07_105_p_nic037.jpg</filename><folder>users/joselusava//kath/m4_105/nic</folder><source><submittedBy>Jose Saca</submittedBy></source><imagesize><nrows>2970</nrows><ncols>4451</ncols></imagesize><object><name>m4_s07_105_p_nic037</name><deleted>0</deleted><verified>0</verified><occluded>no</occluded><attributes></attributes><parts><hasparts></hasparts><ispartof></ispartof></parts><date>03-11-20 08:42:48:109</date><id>0</id><type>bounding_box</type><polygon><username>anonymous</username><pt><x>1732</x><y>2662</y><time>03-11-20 08:42:43:076</time></pt><pt><x>2560</x><y>2662</y><time>03-11-20 08:42:45:861</time></pt><pt><x>2560</x><y>1234</y><time>undefined</time></pt><pt><x>1732</x><y>1234</y><time>undefined</time></pt><closed_date>03-11-20 08:42:45:862</closed_date></polygon></object></annotation>