<annotation><filename>m4_s05_055_p_nic001.jpg</filename><folder>users/joselusava//valeria/m4_s05_055_nic</folder><source><submittedBy>Jose Saca</submittedBy></source><imagesize><nrows>2910</nrows><ncols>4361</ncols></imagesize><object><name>m4_s05_055_p_nic001</name><deleted>0</deleted><verified>0</verified><occluded>no</occluded><attributes></attributes><parts><hasparts></hasparts><ispartof></ispartof></parts><date>09-10-20 15:20:37:393</date><id>0</id><type>bounding_box</type><polygon><username>anonymous</username><pt><x>4227</x><y>2756</y><time>09-10-20 15:20:16:315</time></pt><pt><x>2668</x><y>2756</y><time>09-10-20 15:20:18:418</time></pt><pt><x>2668</x><y>1064</y><time>undefined</time></pt><pt><x>4227</x><y>1064</y><time>undefined</time></pt><closed_date>09-10-20 15:20:18:420</closed_date></polygon></object></annotation>