<annotation><filename>m2_s02_190_p_ic092.jpg</filename><folder>users/joselusava//m2_jsv/190/ic</folder><source><submittedBy>Jose Saca</submittedBy></source><imagesize><nrows>2910</nrows><ncols>4361</ncols></imagesize><object><name>m2_s02_190_p_ic092</name><deleted>0</deleted><verified>0</verified><occluded>no</occluded><attributes></attributes><parts><hasparts></hasparts><ispartof></ispartof></parts><date>21-09-20 14:46:02:572</date><id>0</id><type>bounding_box</type><polygon><username>anonymous</username><pt><x>1266</x><y>442</y><time>21-09-20 14:46:00:152</time></pt><pt><x>2948</x><y>442</y><time>21-09-20 14:46:01:775</time></pt><pt><x>2948</x><y>2610</y><time>undefined</time></pt><pt><x>1266</x><y>2610</y><time>undefined</time></pt><closed_date>21-09-20 14:46:01:775</closed_date></polygon></object></annotation>