<annotation><filename>m1_s01_001_p_nic019.jpg</filename><folder>users/joselusava//juancarlos</folder><source><submittedBy>Jose Saca</submittedBy></source><imagesize><nrows>3200</nrows><ncols>4800</ncols></imagesize><object><name>m1_s01_001_p_nic019</name><deleted>0</deleted><verified>0</verified><occluded>no</occluded><attributes></attributes><parts><hasparts></hasparts><ispartof></ispartof></parts><date>02-09-20 14:09:49:131</date><id>0</id><type>bounding_box</type><polygon><username>anonymous</username><pt><x>1855</x><y>2115</y><time>02-09-20 14:09:38:252</time></pt><pt><x>2988</x><y>2115</y><time>02-09-20 14:09:42:101</time></pt><pt><x>2988</x><y>2897</y><time>undefined</time></pt><pt><x>1855</x><y>2897</y><time>undefined</time></pt><closed_date>02-09-20 14:09:42:103</closed_date></polygon></object></annotation>