<annotation><filename>m4_s06_089_p_nic040.jpg</filename><folder>users/joselusava//santiago_2</folder><source><submittedBy>Jose Saca</submittedBy></source><imagesize><nrows>2970</nrows><ncols>4451</ncols></imagesize><object><name>m4_s06_089_p_nic040</name><deleted>0</deleted><verified>0</verified><occluded>no</occluded><attributes></attributes><parts><hasparts></hasparts><ispartof></ispartof></parts><date>12-10-20 21:04:21:375</date><id>0</id><type>bounding_box</type><polygon><username>anonymous</username><pt><x>964</x><y>157</y><time>12-10-20 21:04:16:536</time></pt><pt><x>2352</x><y>157</y><time>12-10-20 21:04:17:633</time></pt><pt><x>2352</x><y>1892</y><time>undefined</time></pt><pt><x>964</x><y>1892</y><time>undefined</time></pt><closed_date>12-10-20 21:04:17:635</closed_date></polygon></object></annotation>