<annotation><filename>m2_s06_248_p_nic074.jpg</filename><folder>users/joselusava//museos2020</folder><source><submittedBy>Jose Saca</submittedBy></source><imagesize><nrows>2910</nrows><ncols>4361</ncols></imagesize><object><name>m2_s06_248_p_nic074</name><deleted>0</deleted><verified>0</verified><occluded>no</occluded><attributes></attributes><parts><hasparts></hasparts><ispartof></ispartof></parts><date>27-09-20 19:25:03:588</date><id>0</id><polygon><username>anonymous</username><pt><x>437</x><y>1901</y><time>27-09-20 19:24:54:685</time></pt><pt><x>3751</x><y>1901</y><time>27-09-20 19:24:55:690</time></pt><pt><x>3565</x><y>2659</y><time>27-09-20 19:24:56:442</time></pt><pt><x>209</x><y>2199</y><time>27-09-20 19:24:57:570</time></pt><closed_date>27-09-20 19:24:58:250</closed_date></polygon></object></annotation>