<annotation><filename>m1_s01_001_p_nic021.jpg</filename><folder>users/joselusava//juancarlos</folder><source><submittedBy>Jose Saca</submittedBy></source><imagesize><nrows>3200</nrows><ncols>4800</ncols></imagesize><object><name>m1_s01_001_p_nic021</name><deleted>0</deleted><verified>0</verified><occluded>no</occluded><attributes></attributes><parts><hasparts></hasparts><ispartof></ispartof></parts><date>02-09-20 14:13:38:296</date><id>0</id><type>bounding_box</type><polygon><username>anonymous</username><pt><x>2309</x><y>2030</y><time>02-09-20 14:13:25:069</time></pt><pt><x>3564</x><y>2030</y><time>02-09-20 14:13:27:539</time></pt><pt><x>3564</x><y>2921</y><time>undefined</time></pt><pt><x>2309</x><y>2921</y><time>undefined</time></pt><closed_date>02-09-20 14:13:27:541</closed_date></polygon></object></annotation>