<annotation><filename>m4_s11_176_p_ic096.jpg</filename><folder>users/joselusava//m4_js/176/ic</folder><source><submittedBy>Jose Saca</submittedBy></source><imagesize><nrows>2970</nrows><ncols>4451</ncols></imagesize><object><name>m4_s11_176_p_ic096</name><deleted>0</deleted><verified>0</verified><occluded>no</occluded><attributes></attributes><parts><hasparts></hasparts><ispartof></ispartof></parts><date>15-10-20 11:19:20:328</date><id>0</id><type>bounding_box</type><polygon><username>anonymous</username><pt><x>2947</x><y>2221</y><time>15-10-20 11:19:18:876</time></pt><pt><x>1327</x><y>2221</y><time>15-10-20 11:19:19:794</time></pt><pt><x>1327</x><y>540</y><time>undefined</time></pt><pt><x>2947</x><y>540</y><time>undefined</time></pt><closed_date>15-10-20 11:19:19:794</closed_date></polygon></object></annotation>