<annotation><filename>m1_s02_029_p_ic096.jpg</filename><folder>users/joselusava//valeria/sala2_029_ic</folder><source><submittedBy>Jose Saca</submittedBy></source><imagesize><nrows>3200</nrows><ncols>4800</ncols></imagesize><object><name>m1_s02_029_p_ic096</name><deleted>0</deleted><verified>0</verified><occluded>no</occluded><attributes></attributes><parts><hasparts></hasparts><ispartof></ispartof></parts><date>22-08-20 21:31:19:519</date><id>0</id><type>bounding_box</type><polygon><username>anonymous</username><pt><x>1836</x><y>494</y><time>22-08-20 21:31:11:047</time></pt><pt><x>3184</x><y>494</y><time>22-08-20 21:31:14:844</time></pt><pt><x>3184</x><y>2652</y><time>undefined</time></pt><pt><x>1836</x><y>2652</y><time>undefined</time></pt><closed_date>22-08-20 21:31:14:845</closed_date></polygon></object></annotation>