<annotation><filename>m2_s02_109_x.jpg</filename><folder>users/joselusava//m2_jsv</folder><source><submittedBy>Jose Saca</submittedBy></source><imagesize><nrows>2910</nrows><ncols>4361</ncols></imagesize><object><name>m2_s02_109_x</name><deleted>0</deleted><verified>0</verified><occluded>no</occluded><attributes></attributes><parts><hasparts></hasparts><ispartof></ispartof></parts><date>19-09-20 23:23:11:932</date><id>0</id><type>bounding_box</type><polygon><username>anonymous</username><pt><x>2864</x><y>2176</y><time>19-09-20 23:23:10:285</time></pt><pt><x>1323</x><y>2176</y><time>19-09-20 23:23:11:270</time></pt><pt><x>1323</x><y>653</y><time>undefined</time></pt><pt><x>2864</x><y>653</y><time>undefined</time></pt><closed_date>19-09-20 23:23:11:271</closed_date></polygon></object></annotation>