<annotation><filename>m4_s07_105_p_nic071.jpg</filename><folder>users/joselusava//kath/m4_105/nic</folder><source><submittedBy>Jose Saca</submittedBy></source><imagesize><nrows>2970</nrows><ncols>4451</ncols></imagesize><object><name>m4_s07_105_p_nic071</name><deleted>0</deleted><verified>0</verified><occluded>no</occluded><attributes></attributes><parts><hasparts></hasparts><ispartof></ispartof></parts><date>03-11-20 09:06:36:207</date><id>0</id><type>bounding_box</type><polygon><username>anonymous</username><pt><x>3109</x><y>1793</y><time>03-11-20 09:06:32:739</time></pt><pt><x>4003</x><y>1793</y><time>03-11-20 09:06:34:181</time></pt><pt><x>4003</x><y>437</y><time>undefined</time></pt><pt><x>3109</x><y>437</y><time>undefined</time></pt><closed_date>03-11-20 09:06:34:182</closed_date></polygon></object></annotation>