<annotation><filename>m3_s01_013_p_nic078.jpg</filename><folder>users/joselusava//valeria/m03_s01_13_nic</folder><source><submittedBy>Jose Saca</submittedBy></source><imagesize><nrows>2970</nrows><ncols>4451</ncols></imagesize><object><name>m3_s01_013_p_nic078</name><deleted>0</deleted><verified>0</verified><occluded>no</occluded><attributes></attributes><parts><hasparts></hasparts><ispartof></ispartof></parts><date>07-11-20 00:06:28:121</date><id>0</id><type>bounding_box</type><polygon><username>anonymous</username><pt><x>1639</x><y>2342</y><time>07-11-20 00:06:22:225</time></pt><pt><x>3558</x><y>2342</y><time>07-11-20 00:06:24:084</time></pt><pt><x>3558</x><y>177</y><time>undefined</time></pt><pt><x>1639</x><y>177</y><time>undefined</time></pt><closed_date>07-11-20 00:06:24:085</closed_date></polygon></object></annotation>