<annotation><filename>m2_s01_001_p_nic050.jpg</filename><folder>users/joselusava//santiago</folder><source><submittedBy>Jose Saca</submittedBy></source><imagesize><nrows>2850</nrows><ncols>4271</ncols></imagesize><object><name>m2_s01_001_p_nic050</name><deleted>0</deleted><verified>0</verified><occluded>no</occluded><attributes></attributes><parts><hasparts></hasparts><ispartof></ispartof></parts><date>19-09-20 22:47:36:667</date><id>0</id><type>bounding_box</type><polygon><username>anonymous</username><pt><x>2372</x><y>1369</y><time>19-09-20 22:47:28:002</time></pt><pt><x>3773</x><y>1369</y><time>19-09-20 22:47:30:712</time></pt><pt><x>3773</x><y>2507</y><time>undefined</time></pt><pt><x>2372</x><y>2507</y><time>undefined</time></pt><closed_date>19-09-20 22:47:30:714</closed_date></polygon></object></annotation>