<annotation><filename>m4_s10_164_p_ic016.jpg</filename><folder>users/joselusava//santiago_2</folder><source><submittedBy>Jose Saca</submittedBy></source><imagesize><nrows>2970</nrows><ncols>4451</ncols></imagesize><object><name>m4_s10_164_p_ic016</name><deleted>0</deleted><verified>0</verified><occluded>no</occluded><attributes></attributes><parts><hasparts></hasparts><ispartof></ispartof></parts><date>13-10-20 22:10:26:074</date><id>0</id><type>bounding_box</type><polygon><username>anonymous</username><pt><x>1785</x><y>878</y><time>13-10-20 22:10:21:725</time></pt><pt><x>2467</x><y>878</y><time>13-10-20 22:10:23:196</time></pt><pt><x>2467</x><y>1774</y><time>undefined</time></pt><pt><x>1785</x><y>1774</y><time>undefined</time></pt><closed_date>13-10-20 22:10:23:197</closed_date></polygon></object></annotation>