<annotation><filename>m2_s01_018_p_ic053.jpg</filename><folder>users/joselusava//santiago_2</folder><source><submittedBy>Jose Saca</submittedBy></source><imagesize><nrows>2850</nrows><ncols>4271</ncols></imagesize><object><name>m2_s01_018_p_ic053</name><deleted>0</deleted><verified>0</verified><occluded>no</occluded><attributes></attributes><parts><hasparts></hasparts><ispartof></ispartof></parts><date>28-09-20 17:35:55:343</date><id>0</id><type>bounding_box</type><polygon><username>anonymous</username><pt><x>1545</x><y>827</y><time>28-09-20 17:35:48:291</time></pt><pt><x>2824</x><y>827</y><time>28-09-20 17:35:49:756</time></pt><pt><x>2824</x><y>2077</y><time>undefined</time></pt><pt><x>1545</x><y>2077</y><time>undefined</time></pt><closed_date>28-09-20 17:35:49:758</closed_date></polygon></object></annotation>