<annotation><filename>m4_s12_185_p_ic006.jpg</filename><folder>users/joselusava//valeria/m04_s12_185_ic</folder><source><submittedBy>Jose Saca</submittedBy></source><imagesize><nrows>2910</nrows><ncols>4361</ncols></imagesize><object><name>m4_s12_185_p_ic006</name><deleted>0</deleted><verified>0</verified><occluded>no</occluded><attributes></attributes><parts><hasparts></hasparts><ispartof></ispartof></parts><date>17-10-20 14:31:43:924</date><id>0</id><type>bounding_box</type><polygon><username>anonymous</username><pt><x>1058</x><y>2647</y><time>17-10-20 14:31:39:328</time></pt><pt><x>3352</x><y>2647</y><time>17-10-20 14:31:40:952</time></pt><pt><x>3352</x><y>297</y><time>undefined</time></pt><pt><x>1058</x><y>297</y><time>undefined</time></pt><closed_date>17-10-20 14:31:40:953</closed_date></polygon></object></annotation>