<annotation><filename>m1_s02_029_p_nic033.jpg</filename><folder>users/joselusava//valeria/sala2_029_nic</folder><source><submittedBy>Jose Saca</submittedBy></source><imagesize><nrows>3200</nrows><ncols>4800</ncols></imagesize><object><name>m1_s02_029_p_nic033</name><deleted>0</deleted><verified>0</verified><occluded>no</occluded><attributes></attributes><parts><hasparts></hasparts><ispartof></ispartof></parts><date>26-08-20 18:35:37:352</date><id>0</id><type>bounding_box</type><polygon><username>anonymous</username><pt><x>3474</x><y>183</y><time>26-08-20 18:35:32:001</time></pt><pt><x>4489</x><y>183</y><time>26-08-20 18:35:34:021</time></pt><pt><x>4489</x><y>1455</y><time>undefined</time></pt><pt><x>3474</x><y>1455</y><time>undefined</time></pt><closed_date>26-08-20 18:35:34:022</closed_date></polygon></object></annotation>