<annotation><filename>m3_s01_002_p_nic062.jpg</filename><folder>users/joselusava//santiago_3</folder><source><submittedBy>Jose Saca</submittedBy></source><imagesize><nrows>2970</nrows><ncols>4451</ncols></imagesize><object><name>m3_s01_002_p_nic062</name><deleted>0</deleted><verified>0</verified><occluded>no</occluded><attributes></attributes><parts><hasparts></hasparts><ispartof></ispartof></parts><date>29-10-20 20:55:02:028</date><id>0</id><type>bounding_box</type><polygon><username>anonymous</username><pt><x>1581</x><y>236</y><time>29-10-20 20:54:58:289</time></pt><pt><x>3327</x><y>236</y><time>29-10-20 20:54:59:485</time></pt><pt><x>3327</x><y>1949</y><time>undefined</time></pt><pt><x>1581</x><y>1949</y><time>undefined</time></pt><closed_date>29-10-20 20:54:59:485</closed_date></polygon></object></annotation>