<annotation><filename>m1_s01_021_p_nic023.jpg</filename><folder>users/joselusava//santiago</folder><source><submittedBy>Jose Saca</submittedBy></source><imagesize><nrows>3200</nrows><ncols>4800</ncols></imagesize><object><name>m1_s01_021_p_nic023</name><deleted>0</deleted><verified>0</verified><occluded>no</occluded><attributes></attributes><parts><hasparts></hasparts><ispartof></ispartof></parts><date>15-09-20 15:33:04:380</date><id>0</id><type>bounding_box</type><polygon><username>anonymous</username><pt><x>3402</x><y>2113</y><time>15-09-20 15:32:48:800</time></pt><pt><x>3970</x><y>2113</y><time>15-09-20 15:32:49:862</time></pt><pt><x>3970</x><y>2926</y><time>undefined</time></pt><pt><x>3402</x><y>2926</y><time>undefined</time></pt><closed_date>15-09-20 15:32:49:863</closed_date></polygon></object></annotation>