<annotation><filename>m2_s05_236_p_ic084.jpg</filename><folder>users/joselusava//museos2020</folder><source><submittedBy>Jose Saca</submittedBy></source><imagesize><nrows>2910</nrows><ncols>4361</ncols></imagesize><object><name>m2_s05_236_p_ic084</name><deleted>0</deleted><verified>0</verified><occluded>no</occluded><attributes></attributes><parts><hasparts></hasparts><ispartof></ispartof></parts><date>16-09-20 19:24:33:376</date><id>0</id><type>bounding_box</type><polygon><username>anonymous</username><pt><x>251</x><y>316</y><time>16-09-20 19:24:25:909</time></pt><pt><x>4156</x><y>316</y><time>16-09-20 19:24:28:238</time></pt><pt><x>4156</x><y>2794</y><time>undefined</time></pt><pt><x>251</x><y>2794</y><time>undefined</time></pt><closed_date>16-09-20 19:24:28:239</closed_date></polygon></object></annotation>