<annotation><filename>m4_s04_039_p_nic091.jpg</filename><folder>users/joselusava//santiago_2</folder><source><submittedBy>Jose Saca</submittedBy></source><imagesize><nrows>2970</nrows><ncols>4451</ncols></imagesize><object><name>m4_s04_039_p_nic091</name><deleted>0</deleted><verified>0</verified><occluded>no</occluded><attributes></attributes><parts><hasparts></hasparts><ispartof></ispartof></parts><date>21-10-20 22:24:01:523</date><id>0</id><type>bounding_box</type><polygon><username>anonymous</username><pt><x>2388</x><y>1139</y><time>21-10-20 22:23:58:303</time></pt><pt><x>2977</x><y>1139</y><time>21-10-20 22:23:59:446</time></pt><pt><x>2977</x><y>2877</y><time>undefined</time></pt><pt><x>2388</x><y>2877</y><time>undefined</time></pt><closed_date>21-10-20 22:23:59:448</closed_date></polygon></object></annotation>