<annotation><filename>m4_s05_052_p_ic078.jpg</filename><folder>users/joselusava//santiago_2</folder><source><submittedBy>Jose Saca</submittedBy></source><imagesize><nrows>2910</nrows><ncols>4361</ncols></imagesize><object><name>m4_s05_052_p_ic078</name><deleted>0</deleted><verified>0</verified><occluded>no</occluded><attributes></attributes><parts><hasparts></hasparts><ispartof></ispartof></parts><date>07-10-20 22:59:47:769</date><id>0</id><type>bounding_box</type><polygon><username>anonymous</username><pt><x>1469</x><y>689</y><time>07-10-20 22:59:43:976</time></pt><pt><x>3035</x><y>689</y><time>07-10-20 22:59:45:682</time></pt><pt><x>3035</x><y>2616</y><time>undefined</time></pt><pt><x>1469</x><y>2616</y><time>undefined</time></pt><closed_date>07-10-20 22:59:45:683</closed_date></polygon></object></annotation>