<annotation><filename>m4_s09_138_p_nic075.jpg</filename><folder>users/joselusava//santiago_2</folder><source><submittedBy>Jose Saca</submittedBy></source><imagesize><nrows>2970</nrows><ncols>4451</ncols></imagesize><object><name>m4_s09_138_p_nic075</name><deleted>0</deleted><verified>0</verified><occluded>no</occluded><attributes></attributes><parts><hasparts></hasparts><ispartof></ispartof></parts><date>23-10-20 14:15:38:543</date><id>0</id><type>bounding_box</type><polygon><username>anonymous</username><pt><x>400</x><y>243</y><time>23-10-20 14:15:34:969</time></pt><pt><x>3084</x><y>243</y><time>23-10-20 14:15:36:520</time></pt><pt><x>3084</x><y>1253</y><time>undefined</time></pt><pt><x>400</x><y>1253</y><time>undefined</time></pt><closed_date>23-10-20 14:15:36:521</closed_date></polygon></object></annotation>