<annotation><filename>m1_s01_004_p_nic027.jpg</filename><folder>users/joselusava//valeria_apoyo/sala01_004_nic</folder><source><submittedBy>Jose Saca</submittedBy></source><imagesize><nrows>3200</nrows><ncols>4800</ncols></imagesize><object><name>m1_s01_004_p_nic027</name><deleted>0</deleted><verified>0</verified><occluded>no</occluded><attributes></attributes><parts><hasparts></hasparts><ispartof></ispartof></parts><date>16-09-20 20:05:03:806</date><id>0</id><type>bounding_box</type><polygon><username>anonymous</username><pt><x>4588</x><y>3109</y><time>16-09-20 20:04:55:549</time></pt><pt><x>794</x><y>3109</y><time>16-09-20 20:04:58:382</time></pt><pt><x>794</x><y>1958</y><time>undefined</time></pt><pt><x>4588</x><y>1958</y><time>undefined</time></pt><closed_date>16-09-20 20:04:58:384</closed_date></polygon></object></annotation>