<annotation><filename>m2_s01_010_p_ic050.jpg</filename><folder>users/joselusava//santiago</folder><source><submittedBy>Jose Saca</submittedBy></source><imagesize><nrows>2850</nrows><ncols>4271</ncols></imagesize><object><name>m2_s01_010_p_ic050</name><deleted>0</deleted><verified>0</verified><occluded>no</occluded><attributes></attributes><parts><hasparts></hasparts><ispartof></ispartof></parts><date>21-09-20 15:56:29:038</date><id>0</id><type>bounding_box</type><polygon><username>anonymous</username><pt><x>1186</x><y>574</y><time>21-09-20 15:56:20:884</time></pt><pt><x>2975</x><y>574</y><time>21-09-20 15:56:23:011</time></pt><pt><x>2975</x><y>2417</y><time>undefined</time></pt><pt><x>1186</x><y>2417</y><time>undefined</time></pt><closed_date>21-09-20 15:56:23:012</closed_date></polygon></object></annotation>