<annotation><filename>img_m1_s10_303_p_nic038.jpg</filename><folder>users/joselusava//santiago</folder><source><submittedBy>Jose Saca</submittedBy></source><imagesize><nrows>3200</nrows><ncols>4800</ncols></imagesize><object><name>m1_s10_303_p_nic038</name><deleted>0</deleted><verified>0</verified><occluded>no</occluded><attributes></attributes><parts><hasparts></hasparts><ispartof></ispartof></parts><date>01-09-20 20:34:28:298</date><id>0</id><type>bounding_box</type><polygon><username>anonymous</username><pt><x>749</x><y>1991</y><time>01-09-20 20:34:19:405</time></pt><pt><x>1893</x><y>1991</y><time>01-09-20 20:34:21:226</time></pt><pt><x>1893</x><y>2973</y><time>undefined</time></pt><pt><x>749</x><y>2973</y><time>undefined</time></pt><closed_date>01-09-20 20:34:21:227</closed_date></polygon></object></annotation>