<annotation><filename>m4_s10_164_p_ic009.jpg</filename><folder>users/joselusava//santiago_2</folder><source><submittedBy>Jose Saca</submittedBy></source><imagesize><nrows>2970</nrows><ncols>4451</ncols></imagesize><object><name>m4_s10_164_p_ic009</name><deleted>0</deleted><verified>0</verified><occluded>no</occluded><attributes></attributes><parts><hasparts></hasparts><ispartof></ispartof></parts><date>13-10-20 22:05:15:088</date><id>0</id><type>bounding_box</type><polygon><username>anonymous</username><pt><x>1896</x><y>982</y><time>13-10-20 22:05:12:429</time></pt><pt><x>2538</x><y>982</y><time>13-10-20 22:05:13:262</time></pt><pt><x>2538</x><y>1703</y><time>undefined</time></pt><pt><x>1896</x><y>1703</y><time>undefined</time></pt><closed_date>13-10-20 22:05:13:263</closed_date></polygon></object></annotation>