<annotation><filename>m4_s10_164_p_nic055.jpg</filename><folder>users/joselusava//santiago_2</folder><source><submittedBy>Jose Saca</submittedBy></source><imagesize><nrows>2970</nrows><ncols>4451</ncols></imagesize><object><name>m4_s10_164_p_nic055</name><deleted>0</deleted><verified>0</verified><occluded>no</occluded><attributes></attributes><parts><hasparts></hasparts><ispartof></ispartof></parts><date>14-10-20 13:35:24:254</date><id>0</id><type>bounding_box</type><polygon><username>anonymous</username><pt><x>1570</x><y>1908</y><time>14-10-20 13:35:20:481</time></pt><pt><x>2004</x><y>1908</y><time>14-10-20 13:35:21:940</time></pt><pt><x>2004</x><y>2546</y><time>undefined</time></pt><pt><x>1570</x><y>2546</y><time>undefined</time></pt><closed_date>14-10-20 13:35:21:942</closed_date></polygon></object></annotation>