<annotation><filename>m2_s01_010_p_nic071.jpg</filename><folder>users/joselusava//santiago</folder><source><submittedBy>Jose Saca</submittedBy></source><imagesize><nrows>2850</nrows><ncols>4271</ncols></imagesize><object><name>m2_s01_010_p_nic071</name><deleted>0</deleted><verified>0</verified><occluded>no</occluded><attributes></attributes><parts><hasparts></hasparts><ispartof></ispartof></parts><date>22-09-20 21:25:33:506</date><id>0</id><type>bounding_box</type><polygon><username>anonymous</username><pt><x>2770</x><y>372</y><time>22-09-20 21:25:28:830</time></pt><pt><x>3405</x><y>372</y><time>22-09-20 21:25:30:022</time></pt><pt><x>3405</x><y>1080</y><time>undefined</time></pt><pt><x>2770</x><y>1080</y><time>undefined</time></pt><closed_date>22-09-20 21:25:30:023</closed_date></polygon></object></annotation>