<annotation><filename>m4_s04_037_p_ic028.jpg</filename><folder>users/joselusava//santiago_2</folder><source><submittedBy>Jose Saca</submittedBy></source><imagesize><nrows>2970</nrows><ncols>4451</ncols></imagesize><object><name>m4_s04_037_p_ic028</name><deleted>0</deleted><verified>0</verified><occluded>no</occluded><attributes></attributes><parts><hasparts></hasparts><ispartof></ispartof></parts><date>17-10-20 21:55:08:389</date><id>0</id><type>bounding_box</type><polygon><username>anonymous</username><pt><x>1521</x><y>278</y><time>17-10-20 21:55:04:376</time></pt><pt><x>2977</x><y>278</y><time>17-10-20 21:55:05:829</time></pt><pt><x>2977</x><y>2642</y><time>undefined</time></pt><pt><x>1521</x><y>2642</y><time>undefined</time></pt><closed_date>17-10-20 21:55:05:830</closed_date></polygon></object></annotation>