<annotation><filename>m1_s02_065_p_ic040.jpg</filename><folder>users/joselusava//valeria/sala2_065_ic</folder><source><submittedBy>Jose Saca</submittedBy></source><imagesize><nrows>2000</nrows><ncols>2992</ncols></imagesize><object><name>m1_s02_065_p_ic040</name><deleted>0</deleted><verified>0</verified><occluded>no</occluded><attributes></attributes><parts><hasparts></hasparts><ispartof></ispartof></parts><date>25-08-20 23:41:59:852</date><id>0</id><type>bounding_box</type><polygon><username>anonymous</username><pt><x>2926</x><y>195</y><time>25-08-20 23:41:38:951</time></pt><pt><x>3</x><y>195</y><time>25-08-20 23:41:49:491</time></pt><pt><x>3</x><y>1772</y><time>undefined</time></pt><pt><x>2926</x><y>1772</y><time>undefined</time></pt><closed_date>25-08-20 23:41:49:492</closed_date></polygon></object></annotation>