<annotation><filename>m4_s11_178_p_nic027.jpg</filename><folder>users/joselusava//santiago_2</folder><source><submittedBy>Jose Saca</submittedBy></source><imagesize><nrows>2970</nrows><ncols>4451</ncols></imagesize><object><name>m4_s11_178_p_nic027</name><deleted>0</deleted><verified>0</verified><occluded>no</occluded><attributes></attributes><parts><hasparts></hasparts><ispartof></ispartof></parts><date>15-10-20 23:14:15:640</date><id>0</id><type>bounding_box</type><polygon><username>anonymous</username><pt><x>325</x><y>1374</y><time>15-10-20 23:14:11:334</time></pt><pt><x>1706</x><y>1374</y><time>15-10-20 23:14:13:546</time></pt><pt><x>1706</x><y>2720</y><time>undefined</time></pt><pt><x>325</x><y>2720</y><time>undefined</time></pt><closed_date>15-10-20 23:14:13:547</closed_date></polygon></object></annotation>