<annotation><filename>m1_s02_029_p_ic008.jpg</filename><folder>users/joselusava//valeria/sala2_029_ic</folder><source><submittedBy>Jose Saca</submittedBy></source><imagesize><nrows>2000</nrows><ncols>2992</ncols></imagesize><object><name>m1_s02_029_p_ic008</name><deleted>0</deleted><verified>0</verified><occluded>no</occluded><attributes></attributes><parts><hasparts></hasparts><ispartof></ispartof></parts><date>22-08-20 17:14:28:788</date><id>0</id><type>bounding_box</type><polygon><username>anonymous</username><pt><x>681</x><y>77</y><time>22-08-20 17:13:57:529</time></pt><pt><x>2218</x><y>77</y><time>22-08-20 17:14:03:911</time></pt><pt><x>2218</x><y>1832</y><time>undefined</time></pt><pt><x>681</x><y>1832</y><time>undefined</time></pt><closed_date>22-08-20 17:14:03:913</closed_date></polygon></object></annotation>