<annotation><filename>m1_s01_001_p_nic075.jpg</filename><folder>users/joselusava//juancarlos</folder><source><submittedBy>Jose Saca</submittedBy></source><imagesize><nrows>3200</nrows><ncols>4800</ncols></imagesize><object><name>m1_s01_001_p_nic075</name><deleted>0</deleted><verified>0</verified><occluded>no</occluded><attributes></attributes><parts><hasparts></hasparts><ispartof></ispartof></parts><date>11-09-20 11:56:01:101</date><id>0</id><type>bounding_box</type><polygon><username>anonymous</username><pt><x>2285</x><y>1398</y><time>11-09-20 11:55:47:048</time></pt><pt><x>4293</x><y>1398</y><time>11-09-20 11:55:50:427</time></pt><pt><x>4293</x><y>2690</y><time>undefined</time></pt><pt><x>2285</x><y>2690</y><time>undefined</time></pt><closed_date>11-09-20 11:55:50:428</closed_date></polygon></object></annotation>