<annotation><filename>m4_s04_045_p_ic072.jpg</filename><folder>users/joselusava//valeria/m04_s04_45_ic</folder><source><submittedBy>Jose Saca</submittedBy></source><imagesize><nrows>2970</nrows><ncols>4451</ncols></imagesize><object><name>m4_s04_045_p_ic072</name><deleted>0</deleted><verified>0</verified><occluded>no</occluded><attributes></attributes><parts><hasparts></hasparts><ispartof></ispartof></parts><date>19-10-20 20:05:08:805</date><id>0</id><type>bounding_box</type><polygon><username>anonymous</username><pt><x>1411</x><y>2759</y><time>19-10-20 20:05:04:022</time></pt><pt><x>2793</x><y>2759</y><time>19-10-20 20:05:05:849</time></pt><pt><x>2793</x><y>268</y><time>undefined</time></pt><pt><x>1411</x><y>268</y><time>undefined</time></pt><closed_date>19-10-20 20:05:05:850</closed_date></polygon></object></annotation>