<annotation><filename>m4_s06_089_p_ic081.jpg</filename><folder>users/joselusava//santiago_2</folder><source><submittedBy>Jose Saca</submittedBy></source><imagesize><nrows>2970</nrows><ncols>4451</ncols></imagesize><object><name>m4_s06_089_p_ic081</name><deleted>0</deleted><verified>0</verified><occluded>no</occluded><attributes></attributes><parts><hasparts></hasparts><ispartof></ispartof></parts><date>11-10-20 21:51:22:233</date><id>0</id><type>bounding_box</type><polygon><username>anonymous</username><pt><x>1428</x><y>120</y><time>11-10-20 21:51:18:236</time></pt><pt><x>2765</x><y>120</y><time>11-10-20 21:51:20:058</time></pt><pt><x>2765</x><y>2553</y><time>undefined</time></pt><pt><x>1428</x><y>2553</y><time>undefined</time></pt><closed_date>11-10-20 21:51:20:059</closed_date></polygon></object></annotation>