<annotation><filename>m1_s01_021_p_ic028.jpg</filename><folder>users/joselusava//santiago</folder><source><submittedBy>Jose Saca</submittedBy></source><imagesize><nrows>3200</nrows><ncols>4800</ncols></imagesize><object><name>m1_s01_021_p_ic028</name><deleted>0</deleted><verified>0</verified><occluded>no</occluded><attributes></attributes><parts><hasparts></hasparts><ispartof></ispartof></parts><date>14-09-20 22:53:16:685</date><id>0</id><type>bounding_box</type><polygon><username>anonymous</username><pt><x>1969</x><y>821</y><time>14-09-20 22:53:06:538</time></pt><pt><x>3052</x><y>821</y><time>14-09-20 22:53:09:834</time></pt><pt><x>3052</x><y>2228</y><time>undefined</time></pt><pt><x>1969</x><y>2228</y><time>undefined</time></pt><closed_date>14-09-20 22:53:09:834</closed_date></polygon></object></annotation>