<annotation><filename>m2_s06_244_p_nic099.jpg</filename><folder>users/joselusava//museos2020</folder><source><submittedBy>Jose Saca</submittedBy></source><imagesize><nrows>2910</nrows><ncols>4361</ncols></imagesize><object><name>m2_s06_244_p_ic099</name><deleted>0</deleted><verified>0</verified><occluded>no</occluded><attributes></attributes><parts><hasparts></hasparts><ispartof></ispartof></parts><date>26-09-20 22:08:21:947</date><id>0</id><type>bounding_box</type><polygon><username>anonymous</username><pt><x>497</x><y>1250</y><time>26-09-20 22:08:07:459</time></pt><pt><x>2022</x><y>1250</y><time>26-09-20 22:08:08:647</time></pt><pt><x>2022</x><y>1883</y><time>undefined</time></pt><pt><x>497</x><y>1883</y><time>undefined</time></pt><closed_date>26-09-20 22:08:08:647</closed_date></polygon></object></annotation>