<annotation><filename>m2_s01_018_p_nic059.jpg</filename><folder>users/joselusava//santiago_2</folder><source><submittedBy>Jose Saca</submittedBy></source><imagesize><nrows>2850</nrows><ncols>4271</ncols></imagesize><object><name>m2_s01_018_p_nic059</name><deleted>0</deleted><verified>0</verified><occluded>no</occluded><attributes></attributes><parts><hasparts></hasparts><ispartof></ispartof></parts><date>28-09-20 22:04:17:804</date><id>0</id><type>bounding_box</type><polygon><username>anonymous</username><pt><x>2783</x><y>580</y><time>28-09-20 22:04:15:056</time></pt><pt><x>3273</x><y>580</y><time>28-09-20 22:04:15:580</time></pt><pt><x>3273</x><y>1180</y><time>undefined</time></pt><pt><x>2783</x><y>1180</y><time>undefined</time></pt><closed_date>28-09-20 22:04:15:580</closed_date></polygon></object></annotation>