<annotation><filename>m1_s02_029_p_ic082.jpg</filename><folder>users/joselusava//valeria/sala2_029_ic</folder><source><submittedBy>Jose Saca</submittedBy></source><imagesize><nrows>3200</nrows><ncols>4800</ncols></imagesize><object><name>m1_s02_029_p_ic082</name><deleted>0</deleted><verified>0</verified><occluded>no</occluded><attributes></attributes><parts><hasparts></hasparts><ispartof></ispartof></parts><date>22-08-20 21:06:47:633</date><id>0</id><type>bounding_box</type><polygon><username>anonymous</username><pt><x>1246</x><y>5</y><time>22-08-20 21:06:40:214</time></pt><pt><x>3270</x><y>5</y><time>22-08-20 21:06:42:783</time></pt><pt><x>3270</x><y>2830</y><time>undefined</time></pt><pt><x>1246</x><y>2830</y><time>undefined</time></pt><closed_date>22-08-20 21:06:42:784</closed_date></polygon></object></annotation>