<annotation><filename>m2_s02_099_x.jpg</filename><folder>users/joselusava//m2_jsv</folder><source><submittedBy>Jose Saca</submittedBy></source><imagesize><nrows>2910</nrows><ncols>4361</ncols></imagesize><object><name>m2_s02_099_x</name><deleted>0</deleted><verified>0</verified><occluded>no</occluded><attributes></attributes><parts><hasparts></hasparts><ispartof></ispartof></parts><date>19-09-20 23:16:44:862</date><id>0</id><type>bounding_box</type><polygon><username>anonymous</username><pt><x>1567</x><y>479</y><time>19-09-20 23:16:42:555</time></pt><pt><x>2890</x><y>479</y><time>19-09-20 23:16:44:072</time></pt><pt><x>2890</x><y>2394</y><time>undefined</time></pt><pt><x>1567</x><y>2394</y><time>undefined</time></pt><closed_date>19-09-20 23:16:44:072</closed_date></polygon></object></annotation>