<annotation><filename>m1_s01_001_p_nic003.jpg</filename><folder>users/joselusava//juancarlos</folder><source><submittedBy>Jose Saca</submittedBy></source><imagesize><nrows>3200</nrows><ncols>4800</ncols></imagesize><object><name>m1_s01_001_p_nic003</name><deleted>0</deleted><verified>0</verified><occluded>no</occluded><attributes></attributes><parts><hasparts></hasparts><ispartof></ispartof></parts><date>02-09-20 11:22:20:120</date><id>0</id><type>bounding_box</type><polygon><username>anonymous</username><pt><x>2855</x><y>1224</y><time>02-09-20 11:21:51:807</time></pt><pt><x>4055</x><y>1224</y><time>02-09-20 11:21:54:418</time></pt><pt><x>4055</x><y>2115</y><time>undefined</time></pt><pt><x>2855</x><y>2115</y><time>undefined</time></pt><closed_date>02-09-20 11:21:54:421</closed_date></polygon></object></annotation>