<annotation><filename>m2_s01_013_x.jpg</filename><folder>users/joselusava//santiago</folder><source><submittedBy>Jose Saca</submittedBy></source><imagesize><nrows>2850</nrows><ncols>4271</ncols></imagesize><object><name>m2_s01_013_x</name><deleted>0</deleted><verified>0</verified><occluded>no</occluded><attributes></attributes><parts><hasparts></hasparts><ispartof></ispartof></parts><date>21-09-20 13:34:38:187</date><id>0</id><type>bounding_box</type><polygon><username>anonymous</username><pt><x>859</x><y>680</y><time>21-09-20 13:34:22:599</time></pt><pt><x>3228</x><y>680</y><time>21-09-20 13:34:26:465</time></pt><pt><x>3228</x><y>2369</y><time>undefined</time></pt><pt><x>859</x><y>2369</y><time>undefined</time></pt><closed_date>21-09-20 13:34:26:466</closed_date></polygon></object></annotation>