<annotation><filename>m2_s01_034_p_nic052.jpg</filename><folder>users/joselusava//kath</folder><source><submittedBy>Jose Saca</submittedBy></source><imagesize><nrows>2850</nrows><ncols>4271</ncols></imagesize><object><name>m2_s01_034_p_nic052</name><deleted>0</deleted><verified>0</verified><occluded>no</occluded><attributes></attributes><parts><hasparts></hasparts><ispartof></ispartof></parts><date>25-09-20 20:09:28:689</date><id>0</id><type>bounding_box</type><polygon><username>anonymous</username><pt><x>2771</x><y>659</y><time>25-09-20 20:09:13:685</time></pt><pt><x>3724</x><y>659</y><time>25-09-20 20:09:16:731</time></pt><pt><x>3724</x><y>2105</y><time>undefined</time></pt><pt><x>2771</x><y>2105</y><time>undefined</time></pt><closed_date>25-09-20 20:09:16:732</closed_date></polygon></object></annotation>