<annotation><filename>m2_s02_085_p_nic072.jpg</filename><folder>users/joselusava//m2_jsv/85/nic</folder><source><submittedBy>Jose Saca</submittedBy></source><imagesize><nrows>2910</nrows><ncols>4361</ncols></imagesize><object><name>m2_s02_085_p_nic072</name><deleted>0</deleted><verified>0</verified><occluded>no</occluded><attributes></attributes><parts><hasparts></hasparts><ispartof></ispartof></parts><date>19-09-20 22:53:21:999</date><id>0</id><type>bounding_box</type><polygon><username>anonymous</username><pt><x>1123</x><y>1828</y><time>19-09-20 22:53:20:446</time></pt><pt><x>1776</x><y>1828</y><time>19-09-20 22:53:21:387</time></pt><pt><x>1776</x><y>2646</y><time>undefined</time></pt><pt><x>1123</x><y>2646</y><time>undefined</time></pt><closed_date>19-09-20 22:53:21:388</closed_date></polygon></object></annotation>