<annotation><filename>m4_s12_186_p_nic022.jpg</filename><folder>users/joselusava//m4_js/186/nic</folder><source><submittedBy>Jose Saca</submittedBy></source><imagesize><nrows>3899</nrows><ncols>5844</ncols></imagesize><object><name>m4_s12_186_p_nic022</name><deleted>0</deleted><verified>0</verified><occluded>no</occluded><attributes></attributes><parts><hasparts></hasparts><ispartof></ispartof></parts><date>18-10-20 11:26:51:452</date><id>0</id><type>bounding_box</type><polygon><username>anonymous</username><pt><x>4176</x><y>1003</y><time>18-10-20 11:26:49:393</time></pt><pt><x>1668</x><y>1003</y><time>18-10-20 11:26:50:811</time></pt><pt><x>1668</x><y>3861</y><time>undefined</time></pt><pt><x>4176</x><y>3861</y><time>undefined</time></pt><closed_date>18-10-20 11:26:50:811</closed_date></polygon></object></annotation>