<annotation><filename>m2_s01_018_p_ic052.jpg</filename><folder>users/joselusava//santiago_2</folder><source><submittedBy>Jose Saca</submittedBy></source><imagesize><nrows>2850</nrows><ncols>4271</ncols></imagesize><object><name>m2_s01_018_p_ic052</name><deleted>0</deleted><verified>0</verified><occluded>no</occluded><attributes></attributes><parts><hasparts></hasparts><ispartof></ispartof></parts><date>28-09-20 17:34:43:063</date><id>0</id><type>bounding_box</type><polygon><username>anonymous</username><pt><x>1580</x><y>766</y><time>28-09-20 17:34:30:215</time></pt><pt><x>2712</x><y>766</y><time>28-09-20 17:34:33:145</time></pt><pt><x>2712</x><y>2081</y><time>undefined</time></pt><pt><x>1580</x><y>2081</y><time>undefined</time></pt><closed_date>28-09-20 17:34:33:146</closed_date></polygon></object></annotation>