<annotation><filename>m1_s06_168_p_ic036.jpg</filename><folder>users/joselusava//jacob_2/168ic</folder><source><submittedBy>Jose Saca</submittedBy></source><imagesize><nrows>2736</nrows><ncols>4100</ncols></imagesize><object><name>m1_s06_168_p_ic036</name><deleted>0</deleted><verified>0</verified><occluded>no</occluded><attributes></attributes><parts><hasparts></hasparts><ispartof></ispartof></parts><date>08-09-20 19:50:35:047</date><id>0</id><type>bounding_box</type><polygon><username>anonymous</username><pt><x>1473</x><y>74</y><time>08-09-20 19:50:32:738</time></pt><pt><x>2611</x><y>74</y><time>08-09-20 19:50:34:284</time></pt><pt><x>2611</x><y>2594</y><time>undefined</time></pt><pt><x>1473</x><y>2594</y><time>undefined</time></pt><closed_date>08-09-20 19:50:34:284</closed_date></polygon></object></annotation>