<annotation><filename>m2_s06_244_p_ic065.jpg</filename><folder>users/joselusava//museos2020</folder><source><submittedBy>Jose Saca</submittedBy></source><imagesize><nrows>2910</nrows><ncols>4361</ncols></imagesize><object><name>m2_s06_244_p_ic065</name><deleted>0</deleted><verified>0</verified><occluded>no</occluded><attributes></attributes><parts><hasparts></hasparts><ispartof></ispartof></parts><date>22-09-20 14:42:20:024</date><id>0</id><type>bounding_box</type><polygon><username>anonymous</username><pt><x>731</x><y>1147</y><time>22-09-20 14:40:52:523</time></pt><pt><x>3713</x><y>1147</y><time>22-09-20 14:40:54:224</time></pt><pt><x>3713</x><y>2394</y><time>undefined</time></pt><pt><x>731</x><y>2394</y><time>undefined</time></pt><closed_date>22-09-20 14:40:54:225</closed_date></polygon></object></annotation>