<annotation><filename>m4_s07_105_p_nic077.jpg</filename><folder>users/joselusava//kath/m4_105/nic</folder><source><submittedBy>Jose Saca</submittedBy></source><imagesize><nrows>2970</nrows><ncols>4451</ncols></imagesize><object><name>m4_s07_105_p_nic077</name><deleted>0</deleted><verified>0</verified><occluded>no</occluded><attributes></attributes><parts><hasparts></hasparts><ispartof></ispartof></parts><date>03-11-20 09:10:10:749</date><id>0</id><type>bounding_box</type><polygon><username>anonymous</username><pt><x>3345</x><y>1797</y><time>03-11-20 09:10:07:176</time></pt><pt><x>4200</x><y>1797</y><time>03-11-20 09:10:08:447</time></pt><pt><x>4200</x><y>284</y><time>undefined</time></pt><pt><x>3345</x><y>284</y><time>undefined</time></pt><closed_date>03-11-20 09:10:08:449</closed_date></polygon></object></annotation>