<annotation><filename>m2_s07_264_p_nic015.jpg</filename><folder>users/joselusava//valeria/sala7_264_nic</folder><source><submittedBy>Jose Saca</submittedBy></source><imagesize><nrows>2910</nrows><ncols>4361</ncols></imagesize><object><name>m2_s07_264_p_nic015</name><deleted>0</deleted><verified>0</verified><occluded>no</occluded><attributes></attributes><parts><hasparts></hasparts><ispartof></ispartof></parts><date>23-09-20 19:35:19:265</date><id>0</id><type>bounding_box</type><polygon><username>anonymous</username><pt><x>2436</x><y>1929</y><time>23-09-20 19:35:14:279</time></pt><pt><x>3682</x><y>1929</y><time>23-09-20 19:35:16:620</time></pt><pt><x>3682</x><y>182</y><time>undefined</time></pt><pt><x>2436</x><y>182</y><time>undefined</time></pt><closed_date>23-09-20 19:35:16:621</closed_date></polygon></object></annotation>