<annotation><filename>m4_s04_037_p_ic076.jpg</filename><folder>users/joselusava//santiago_2</folder><source><submittedBy>Jose Saca</submittedBy></source><imagesize><nrows>2970</nrows><ncols>4451</ncols></imagesize><object><name>m4_s04_037_p_ic076</name><deleted>0</deleted><verified>0</verified><occluded>no</occluded><attributes></attributes><parts><hasparts></hasparts><ispartof></ispartof></parts><date>18-10-20 22:04:00:025</date><id>0</id><type>bounding_box</type><polygon><username>anonymous</username><pt><x>1464</x><y>246</y><time>18-10-20 22:03:53:006</time></pt><pt><x>3102</x><y>246</y><time>18-10-20 22:03:54:643</time></pt><pt><x>3102</x><y>2652</y><time>undefined</time></pt><pt><x>1464</x><y>2652</y><time>undefined</time></pt><closed_date>18-10-20 22:03:54:644</closed_date></polygon></object></annotation>