<annotation><filename>m2_s01_032_p_ic018.jpg</filename><folder>users/joselusava//santiago_2</folder><source><submittedBy>Jose Saca</submittedBy></source><imagesize><nrows>2850</nrows><ncols>4271</ncols></imagesize><object><name>m2_s01_032_p_ic018</name><deleted>0</deleted><verified>0</verified><occluded>no</occluded><attributes></attributes><parts><hasparts></hasparts><ispartof></ispartof></parts><date>29-09-20 22:21:02:961</date><id>0</id><type>bounding_box</type><polygon><username>anonymous</username><pt><x>1058</x><y>446</y><time>29-09-20 22:20:55:697</time></pt><pt><x>2847</x><y>446</y><time>29-09-20 22:20:58:350</time></pt><pt><x>2847</x><y>2792</y><time>undefined</time></pt><pt><x>1058</x><y>2792</y><time>undefined</time></pt><closed_date>29-09-20 22:20:58:352</closed_date></polygon></object></annotation>