<annotation><filename>m4_s10_154_p_ic057.jpg</filename><folder>users/joselusava//valeria/m04_s10_154_ic</folder><source><submittedBy>Jose Saca</submittedBy></source><imagesize><nrows>2970</nrows><ncols>4451</ncols></imagesize><object><name>m4_s10_154_p_ic057</name><deleted>0</deleted><verified>0</verified><occluded>no</occluded><attributes></attributes><parts><hasparts></hasparts><ispartof></ispartof></parts><date>13-10-20 22:33:48:252</date><id>0</id><type>bounding_box</type><polygon><username>anonymous</username><pt><x>3124</x><y>2730</y><time>13-10-20 22:33:41:868</time></pt><pt><x>1022</x><y>2730</y><time>13-10-20 22:33:44:287</time></pt><pt><x>1022</x><y>280</y><time>undefined</time></pt><pt><x>3124</x><y>280</y><time>undefined</time></pt><closed_date>13-10-20 22:33:44:288</closed_date></polygon></object></annotation>