<annotation><filename>m4_s11_178_p_nic057.jpg</filename><folder>users/joselusava//santiago_2</folder><source><submittedBy>Jose Saca</submittedBy></source><imagesize><nrows>2970</nrows><ncols>4451</ncols></imagesize><object><name>m4_s11_178_p_nic057</name><deleted>0</deleted><verified>0</verified><occluded>no</occluded><attributes></attributes><parts><hasparts></hasparts><ispartof></ispartof></parts><date>16-10-20 09:38:00:136</date><id>0</id><type>bounding_box</type><polygon><username>anonymous</username><pt><x>325</x><y>757</y><time>16-10-20 09:37:56:544</time></pt><pt><x>1685</x><y>757</y><time>16-10-20 09:37:57:892</time></pt><pt><x>1685</x><y>2053</y><time>undefined</time></pt><pt><x>325</x><y>2053</y><time>undefined</time></pt><closed_date>16-10-20 09:37:57:894</closed_date></polygon></object></annotation>