<annotation><filename>m4_s11_178_p_ic045.jpg</filename><folder>users/joselusava//santiago_2</folder><source><submittedBy>Jose Saca</submittedBy></source><imagesize><nrows>2970</nrows><ncols>4451</ncols></imagesize><object><name>m4_s11_178_p_ic045</name><deleted>0</deleted><verified>0</verified><occluded>no</occluded><attributes></attributes><parts><hasparts></hasparts><ispartof></ispartof></parts><date>15-10-20 21:44:08:170</date><id>0</id><type>bounding_box</type><polygon><username>anonymous</username><pt><x>1685</x><y>678</y><time>15-10-20 21:44:04:559</time></pt><pt><x>2609</x><y>678</y><time>15-10-20 21:44:06:345</time></pt><pt><x>2609</x><y>2081</y><time>undefined</time></pt><pt><x>1685</x><y>2081</y><time>undefined</time></pt><closed_date>15-10-20 21:44:06:345</closed_date></polygon></object></annotation>