<annotation><filename>m3_s01_013_p_ic026.jpg</filename><folder>users/joselusava//valeria/m03_s01_13_ic</folder><source><submittedBy>Jose Saca</submittedBy></source><imagesize><nrows>2970</nrows><ncols>4451</ncols></imagesize><object><name>m3_s01_013_p_ic025</name><deleted>0</deleted><verified>0</verified><occluded>no</occluded><attributes></attributes><parts><hasparts></hasparts><ispartof></ispartof></parts><date>28-10-20 23:03:26:131</date><id>0</id><type>bounding_box</type><polygon><username>anonymous</username><pt><x>4015</x><y>2816</y><time>28-10-20 23:03:19:551</time></pt><pt><x>537</x><y>2816</y><time>28-10-20 23:03:21:823</time></pt><pt><x>537</x><y>274</y><time>undefined</time></pt><pt><x>4015</x><y>274</y><time>undefined</time></pt><closed_date>28-10-20 23:03:21:824</closed_date></polygon></object></annotation>