<annotation><filename>m3_s01_023_p_nic061.jpg</filename><folder>users/joselusava//santiago_3</folder><source><submittedBy>Jose Saca</submittedBy></source><imagesize><nrows>2970</nrows><ncols>4451</ncols></imagesize><object><name>m3_s01_023_p_nic061</name><deleted>0</deleted><verified>0</verified><occluded>no</occluded><attributes></attributes><parts><hasparts></hasparts><ispartof></ispartof></parts><date>06-11-20 11:16:00:718</date><id>0</id><type>bounding_box</type><polygon><username>anonymous</username><pt><x>1764</x><y>748</y><time>06-11-20 11:15:57:147</time></pt><pt><x>3982</x><y>748</y><time>06-11-20 11:15:58:445</time></pt><pt><x>3982</x><y>2329</y><time>undefined</time></pt><pt><x>1764</x><y>2329</y><time>undefined</time></pt><closed_date>06-11-20 11:15:58:445</closed_date></polygon></object></annotation>