<annotation><filename>m4_s05_060_p_ic039.jpg</filename><folder>users/joselusava//m4_js/60/ic</folder><source><submittedBy>Jose Saca</submittedBy></source><imagesize><nrows>2910</nrows><ncols>4361</ncols></imagesize><object><name>m4_s05_060_p_ic039</name><deleted>0</deleted><verified>0</verified><occluded>no</occluded><attributes></attributes><parts><hasparts></hasparts><ispartof></ispartof></parts><date>13-10-20 15:48:43:128</date><id>0</id><type>bounding_box</type><polygon><username>anonymous</username><pt><x>4056</x><y>2272</y><time>13-10-20 15:48:40:713</time></pt><pt><x>609</x><y>2272</y><time>13-10-20 15:48:42:516</time></pt><pt><x>609</x><y>514</y><time>undefined</time></pt><pt><x>4056</x><y>514</y><time>undefined</time></pt><closed_date>13-10-20 15:48:42:516</closed_date></polygon></object></annotation>