<annotation><filename>m4_s03_025_p_ic071.jpg</filename><folder>users/joselusava//m4_js/m3/25</folder><source><submittedBy>Jose Saca</submittedBy></source><imagesize><nrows>2910</nrows><ncols>4361</ncols></imagesize><object><name>m4_s03_025_p_ic071</name><deleted>0</deleted><verified>0</verified><occluded>no</occluded><attributes></attributes><parts><hasparts></hasparts><ispartof></ispartof></parts><date>09-11-20 11:16:08:379</date><id>0</id><type>bounding_box</type><polygon><username>anonymous</username><pt><x>4074</x><y>400</y><time>09-11-20 11:16:05:876</time></pt><pt><x>749</x><y>400</y><time>09-11-20 11:16:07:692</time></pt><pt><x>749</x><y>2385</y><time>undefined</time></pt><pt><x>4074</x><y>2385</y><time>undefined</time></pt><closed_date>09-11-20 11:16:07:692</closed_date></polygon></object></annotation>