<annotation><filename>m1_s01_021_p_nic060.jpg</filename><folder>users/joselusava//santiago</folder><source><submittedBy>Jose Saca</submittedBy></source><imagesize><nrows>3200</nrows><ncols>4800</ncols></imagesize><object><name>m1_s01_021_p_nic060</name><deleted>0</deleted><verified>0</verified><occluded>no</occluded><attributes></attributes><parts><hasparts></hasparts><ispartof></ispartof></parts><date>16-09-20 18:11:50:763</date><id>0</id><type>bounding_box</type><polygon><username>anonymous</username><pt><x>961</x><y>623</y><time>16-09-20 18:11:44:359</time></pt><pt><x>1505</x><y>623</y><time>16-09-20 18:11:45:299</time></pt><pt><x>1505</x><y>1217</y><time>undefined</time></pt><pt><x>961</x><y>1217</y><time>undefined</time></pt><closed_date>16-09-20 18:11:45:300</closed_date></polygon></object></annotation>