<annotation><filename>m2_s02_190_p_ic045.jpg</filename><folder>users/joselusava//m2_jsv/190/ic</folder><source><submittedBy>Jose Saca</submittedBy></source><imagesize><nrows>2910</nrows><ncols>4361</ncols></imagesize><object><name>m2_s02_190_p_ic045</name><deleted>0</deleted><verified>0</verified><occluded>no</occluded><attributes></attributes><parts><hasparts></hasparts><ispartof></ispartof></parts><date>21-09-20 14:23:30:465</date><id>0</id><type>bounding_box</type><polygon><username>anonymous</username><pt><x>1353</x><y>728</y><time>21-09-20 14:23:28:674</time></pt><pt><x>3000</x><y>728</y><time>21-09-20 14:23:29:929</time></pt><pt><x>3000</x><y>2748</y><time>undefined</time></pt><pt><x>1353</x><y>2748</y><time>undefined</time></pt><closed_date>21-09-20 14:23:29:929</closed_date></polygon></object></annotation>