<annotation><filename>m2_s03_219_p_ic008.jpg</filename><folder>users/joselusava//valeria/m2_sala03_219_ic</folder><source><submittedBy>Jose Saca</submittedBy></source><imagesize><nrows>2910</nrows><ncols>4361</ncols></imagesize><object><name>m2_s03_219_p_ic008</name><deleted>0</deleted><verified>0</verified><occluded>no</occluded><attributes></attributes><parts><hasparts></hasparts><ispartof></ispartof></parts><date>28-09-20 23:42:22:130</date><id>0</id><type>bounding_box</type><polygon><username>anonymous</username><pt><x>1124</x><y>77</y><time>28-09-20 23:42:16:717</time></pt><pt><x>2998</x><y>77</y><time>28-09-20 23:42:18:534</time></pt><pt><x>2998</x><y>2761</y><time>undefined</time></pt><pt><x>1124</x><y>2761</y><time>undefined</time></pt><closed_date>28-09-20 23:42:18:535</closed_date></polygon></object></annotation>