<annotation><filename>m4_s10_164_p_nic092.jpg</filename><folder>users/joselusava//santiago_2</folder><source><submittedBy>Jose Saca</submittedBy></source><imagesize><nrows>2970</nrows><ncols>4451</ncols></imagesize><object><name>m4_s10_164_p_nic092</name><deleted>0</deleted><verified>0</verified><occluded>no</occluded><attributes></attributes><parts><hasparts></hasparts><ispartof></ispartof></parts><date>14-10-20 16:23:23:600</date><id>0</id><type>bounding_box</type><polygon><username>anonymous</username><pt><x>2277</x><y>1981</y><time>14-10-20 16:23:21:262</time></pt><pt><x>2845</x><y>1981</y><time>14-10-20 16:23:21:986</time></pt><pt><x>2845</x><y>2674</y><time>undefined</time></pt><pt><x>2277</x><y>2674</y><time>undefined</time></pt><closed_date>14-10-20 16:23:21:986</closed_date></polygon></object></annotation>