<annotation><filename>m4_s05_052_p_nic039.jpg</filename><folder>users/joselusava//santiago_2</folder><source><submittedBy>Jose Saca</submittedBy></source><imagesize><nrows>2910</nrows><ncols>4361</ncols></imagesize><object><name>m4_s05_052_p_nic039</name><deleted>0</deleted><verified>0</verified><occluded>no</occluded><attributes></attributes><parts><hasparts></hasparts><ispartof></ispartof></parts><date>08-10-20 21:20:01:886</date><id>0</id><type>bounding_box</type><polygon><username>anonymous</username><pt><x>2529</x><y>1261</y><time>08-10-20 21:19:58:892</time></pt><pt><x>4091</x><y>1261</y><time>08-10-20 21:20:00:091</time></pt><pt><x>4091</x><y>2723</y><time>undefined</time></pt><pt><x>2529</x><y>2723</y><time>undefined</time></pt><closed_date>08-10-20 21:20:00:093</closed_date></polygon></object></annotation>