<annotation><filename>m1_s01_004_p_ic023.jpg</filename><folder>users/joselusava//valeria_apoyo/sala001_004ic_ok</folder><source><submittedBy>Jose Saca</submittedBy></source><imagesize><nrows>2000</nrows><ncols>2992</ncols></imagesize><object><name>m1_s01_004_p_ic023</name><deleted>0</deleted><verified>0</verified><occluded>no</occluded><attributes></attributes><parts><hasparts></hasparts><ispartof></ispartof></parts><date>15-09-20 22:41:44:207</date><id>0</id><type>bounding_box</type><polygon><username>anonymous</username><pt><x>61</x><y>1250</y><time>15-09-20 22:41:35:674</time></pt><pt><x>2303</x><y>1250</y><time>15-09-20 22:41:40:120</time></pt><pt><x>2303</x><y>549</y><time>undefined</time></pt><pt><x>61</x><y>549</y><time>undefined</time></pt><closed_date>15-09-20 22:41:40:122</closed_date></polygon></object></annotation>