<annotation><filename>m4_s06_089_p_ic058.jpg</filename><folder>users/joselusava//santiago_2</folder><source><submittedBy>Jose Saca</submittedBy></source><imagesize><nrows>2970</nrows><ncols>4451</ncols></imagesize><object><name>m4_s06_089_p_ic058</name><deleted>0</deleted><verified>0</verified><occluded>no</occluded><attributes></attributes><parts><hasparts></hasparts><ispartof></ispartof></parts><date>11-10-20 18:50:42:861</date><id>0</id><type>bounding_box</type><polygon><username>anonymous</username><pt><x>1573</x><y>403</y><time>11-10-20 18:50:38:681</time></pt><pt><x>2998</x><y>403</y><time>11-10-20 18:50:40:632</time></pt><pt><x>2998</x><y>2730</y><time>undefined</time></pt><pt><x>1573</x><y>2730</y><time>undefined</time></pt><closed_date>11-10-20 18:50:40:633</closed_date></polygon></object></annotation>