<annotation><filename>m4_s02_015_p_nic081.jpg</filename><folder>users/joselusava//m4_js/15nic</folder><source><submittedBy>Jose Saca</submittedBy></source><imagesize><nrows>2910</nrows><ncols>4361</ncols></imagesize><object><name>m4_s02_015_p_nic081</name><deleted>0</deleted><verified>0</verified><occluded>no</occluded><attributes></attributes><parts><hasparts></hasparts><ispartof></ispartof></parts><date>06-10-20 20:14:49:655</date><id>0</id><type>bounding_box</type><polygon><username>anonymous</username><pt><x>1628</x><y>1732</y><time>06-10-20 20:14:47:407</time></pt><pt><x>0</x><y>1732</y><time>06-10-20 20:14:48:668</time></pt><pt><x>0</x><y>104</y><time>undefined</time></pt><pt><x>1628</x><y>104</y><time>undefined</time></pt><closed_date>06-10-20 20:14:48:668</closed_date></polygon></object></annotation>