<annotation><filename>m2_s03_201_p_ic032.jpg</filename><folder>users/joselusava//eg</folder><source><submittedBy>Jose Saca</submittedBy></source><imagesize><nrows>3000</nrows><ncols>4496</ncols></imagesize><object><name>m2_s03_219_p_ic032</name><deleted>0</deleted><verified>0</verified><occluded>no</occluded><attributes></attributes><parts><hasparts></hasparts><ispartof></ispartof></parts><date>16-09-20 13:29:24:583</date><id>0</id><type>bounding_box</type><polygon><username>anonymous</username><pt><x>1027</x><y>281</y><time>16-09-20 13:29:13:365</time></pt><pt><x>2970</x><y>281</y><time>16-09-20 13:29:14:217</time></pt><pt><x>2970</x><y>2830</y><time>undefined</time></pt><pt><x>1027</x><y>2830</y><time>undefined</time></pt><closed_date>16-09-20 13:29:14:218</closed_date></polygon></object></annotation>