<annotation><filename>m2_s01_024_p_nic043.jpg</filename><folder>users/joselusava//santiago</folder><source><submittedBy>Jose Saca</submittedBy></source><imagesize><nrows>2850</nrows><ncols>4271</ncols></imagesize><object><name>m2_s01_024_p_nic043</name><deleted>0</deleted><verified>0</verified><occluded>no</occluded><attributes></attributes><parts><hasparts></hasparts><ispartof></ispartof></parts><date>25-09-20 14:22:43:704</date><id>0</id><type>bounding_box</type><polygon><username>anonymous</username><pt><x>2863</x><y>1225</y><time>25-09-20 14:22:29:885</time></pt><pt><x>3607</x><y>1225</y><time>25-09-20 14:22:31:173</time></pt><pt><x>3607</x><y>2626</y><time>undefined</time></pt><pt><x>2863</x><y>2626</y><time>undefined</time></pt><closed_date>25-09-20 14:22:31:174</closed_date></polygon></object></annotation>