<annotation><filename>m4_s04_039_p_nic051.jpg</filename><folder>users/joselusava//santiago_2</folder><source><submittedBy>Jose Saca</submittedBy></source><imagesize><nrows>2970</nrows><ncols>4451</ncols></imagesize><object><name>m4_s04_039_p_nic051</name><deleted>0</deleted><verified>0</verified><occluded>no</occluded><attributes></attributes><parts><hasparts></hasparts><ispartof></ispartof></parts><date>21-10-20 21:41:13:061</date><id>0</id><type>bounding_box</type><polygon><username>anonymous</username><pt><x>2974</x><y>211</y><time>21-10-20 21:41:09:648</time></pt><pt><x>3820</x><y>211</y><time>21-10-20 21:41:11:183</time></pt><pt><x>3820</x><y>2724</y><time>undefined</time></pt><pt><x>2974</x><y>2724</y><time>undefined</time></pt><closed_date>21-10-20 21:41:11:184</closed_date></polygon></object></annotation>