<annotation><filename>m2_s01_034_p_ic002.jpg</filename><folder>users/joselusava//kath</folder><source><submittedBy>Jose Saca</submittedBy></source><imagesize><nrows>2850</nrows><ncols>4271</ncols></imagesize><object><name>m2_s01_034_p_ic002</name><deleted>0</deleted><verified>0</verified><occluded>no</occluded><attributes></attributes><parts><hasparts></hasparts><ispartof></ispartof></parts><date>23-09-20 21:48:15:639</date><id>0</id><type>bounding_box</type><polygon><username>anonymous</username><pt><x>1404</x><y>2745</y><time>23-09-20 21:47:53:090</time></pt><pt><x>2717</x><y>2745</y><time>23-09-20 21:48:04:803</time></pt><pt><x>2717</x><y>526</y><time>undefined</time></pt><pt><x>1404</x><y>526</y><time>undefined</time></pt><closed_date>23-09-20 21:48:04:804</closed_date></polygon></object></annotation>