<annotation><filename>m2_s01_058_p_nic094.jpg</filename><folder>users/joselusava//m2_jsv/58/nic</folder><source><submittedBy>Jose Saca</submittedBy></source><imagesize><nrows>2850</nrows><ncols>4271</ncols></imagesize><object><name>m2_s01_058_p_nic094</name><deleted>0</deleted><verified>0</verified><occluded>no</occluded><attributes></attributes><parts><hasparts></hasparts><ispartof></ispartof></parts><date>29-09-20 23:28:18:354</date><id>0</id><type>bounding_box</type><polygon><username>anonymous</username><pt><x>1893</x><y>2037</y><time>29-09-20 23:28:16:522</time></pt><pt><x>17</x><y>2037</y><time>29-09-20 23:28:17:694</time></pt><pt><x>17</x><y>529</y><time>undefined</time></pt><pt><x>1893</x><y>529</y><time>undefined</time></pt><closed_date>29-09-20 23:28:17:695</closed_date></polygon></object></annotation>