<annotation><filename>m1_s06_144_p_nic080.jpg</filename><folder>users/joselusava//jacob_2/144nic</folder><source><submittedBy>Jose Saca</submittedBy></source><imagesize><nrows>2736</nrows><ncols>4100</ncols></imagesize><object><name>m1_s06_144_p_nic080</name><deleted>0</deleted><verified>0</verified><occluded>no</occluded><attributes></attributes><parts><hasparts></hasparts><ispartof></ispartof></parts><date>08-09-20 13:58:41:501</date><id>0</id><type>bounding_box</type><polygon><username>anonymous</username><pt><x>3774</x><y>2021</y><time>08-09-20 13:58:38:824</time></pt><pt><x>2038</x><y>2021</y><time>08-09-20 13:58:40:729</time></pt><pt><x>2038</x><y>652</y><time>undefined</time></pt><pt><x>3774</x><y>652</y><time>undefined</time></pt><closed_date>08-09-20 13:58:40:730</closed_date></polygon></object></annotation>