<annotation><filename>m2_s02_190_p_nic039.jpg</filename><folder>users/joselusava//m2_jsv/190/nic</folder><source><submittedBy>Jose Saca</submittedBy></source><imagesize><nrows>2910</nrows><ncols>4361</ncols></imagesize><object><name>m2_s02_190_p_nic039</name><deleted>0</deleted><verified>0</verified><occluded>no</occluded><attributes></attributes><parts><hasparts></hasparts><ispartof></ispartof></parts><date>21-09-20 15:04:02:645</date><id>0</id><type>bounding_box</type><polygon><username>anonymous</username><pt><x>4065</x><y>1854</y><time>21-09-20 15:04:00:607</time></pt><pt><x>3090</x><y>1854</y><time>21-09-20 15:04:01:779</time></pt><pt><x>3090</x><y>635</y><time>undefined</time></pt><pt><x>4065</x><y>635</y><time>undefined</time></pt><closed_date>21-09-20 15:04:01:779</closed_date></polygon></object></annotation>