<annotation><filename>m1_s06_168_p_nic047.jpg</filename><folder>users/joselusava//jacob_2/168nic</folder><source><submittedBy>Jose Saca</submittedBy></source><imagesize><nrows>2736</nrows><ncols>4100</ncols></imagesize><object><name>m1_s06_168_p_nic047</name><deleted>0</deleted><verified>0</verified><occluded>no</occluded><attributes></attributes><parts><hasparts></hasparts><ispartof></ispartof></parts><date>08-09-20 23:17:05:182</date><id>0</id><type>bounding_box</type><polygon><username>anonymous</username><pt><x>2681</x><y>1066</y><time>08-09-20 23:17:03:415</time></pt><pt><x>3706</x><y>1066</y><time>08-09-20 23:17:04:652</time></pt><pt><x>3706</x><y>2583</y><time>undefined</time></pt><pt><x>2681</x><y>2583</y><time>undefined</time></pt><closed_date>08-09-20 23:17:04:652</closed_date></polygon></object></annotation>