<annotation><filename>m4_s03_025_p_ic097.jpg</filename><folder>users/joselusava//m4_js/m3/25</folder><source><submittedBy>Jose Saca</submittedBy></source><imagesize><nrows>2910</nrows><ncols>4361</ncols></imagesize><object><name>m4_s03_025_p_ic097</name><deleted>0</deleted><verified>0</verified><occluded>no</occluded><attributes></attributes><parts><hasparts></hasparts><ispartof></ispartof></parts><date>09-11-20 11:26:06:912</date><id>0</id><type>bounding_box</type><polygon><username>anonymous</username><pt><x>3595</x><y>2550</y><time>09-11-20 11:26:05:053</time></pt><pt><x>279</x><y>2550</y><time>09-11-20 11:26:06:249</time></pt><pt><x>279</x><y>827</y><time>undefined</time></pt><pt><x>3595</x><y>827</y><time>undefined</time></pt><closed_date>09-11-20 11:26:06:249</closed_date></polygon></object></annotation>