<annotation><filename>m4_s05_055_p_nic094.jpg</filename><folder>users/joselusava//valeria/m4_s05_055_nic</folder><source><submittedBy>Jose Saca</submittedBy></source><imagesize><nrows>2910</nrows><ncols>4361</ncols></imagesize><object><name>m4_s05_055_p_nic094</name><deleted>0</deleted><verified>0</verified><occluded>no</occluded><attributes></attributes><parts><hasparts></hasparts><ispartof></ispartof></parts><date>09-10-20 18:26:38:529</date><id>0</id><type>bounding_box</type><polygon><username>anonymous</username><pt><x>3930</x><y>683</y><time>09-10-20 18:26:32:540</time></pt><pt><x>2717</x><y>683</y><time>09-10-20 18:26:35:793</time></pt><pt><x>2717</x><y>1951</y><time>undefined</time></pt><pt><x>3930</x><y>1951</y><time>undefined</time></pt><closed_date>09-10-20 18:26:35:794</closed_date></polygon></object></annotation>