<annotation><filename>m4_s04_037_p_nic021.jpg</filename><folder>users/joselusava//santiago_2</folder><source><submittedBy>Jose Saca</submittedBy></source><imagesize><nrows>2970</nrows><ncols>4451</ncols></imagesize><object><name>m4_s04_037_p_nic021</name><deleted>0</deleted><verified>0</verified><occluded>no</occluded><attributes></attributes><parts><hasparts></hasparts><ispartof></ispartof></parts><date>19-10-20 22:05:44:682</date><id>0</id><type>bounding_box</type><polygon><username>anonymous</username><pt><x>2984</x><y>710</y><time>19-10-20 22:05:41:270</time></pt><pt><x>3866</x><y>710</y><time>19-10-20 22:05:42:935</time></pt><pt><x>3866</x><y>2010</y><time>undefined</time></pt><pt><x>2984</x><y>2010</y><time>undefined</time></pt><closed_date>19-10-20 22:05:42:937</closed_date></polygon></object></annotation>