<annotation><filename>m1_s01_005_p_nic002.jpg</filename><folder>users/joselusava//museos2020</folder><source><submittedBy>Jose Saca</submittedBy></source><imagesize><nrows>2000</nrows><ncols>2992</ncols></imagesize><object><name>m1_s01_005_p_nic002</name><deleted>0</deleted><verified>0</verified><occluded>no</occluded><attributes></attributes><parts><hasparts></hasparts><ispartof></ispartof></parts><date>13-09-20 22:33:58:508</date><id>0</id><type>bounding_box</type><polygon><username>anonymous</username><pt><x>1859</x><y>885</y><time>13-09-20 22:33:48:273</time></pt><pt><x>2562</x><y>885</y><time>13-09-20 22:33:50:040</time></pt><pt><x>2562</x><y>1581</y><time>undefined</time></pt><pt><x>1859</x><y>1581</y><time>undefined</time></pt><closed_date>13-09-20 22:33:50:041</closed_date></polygon></object></annotation>