<annotation><filename>m2_s05_236_p_nic023.jpg</filename><folder>users/joselusava//museos2020</folder><source><submittedBy>Jose Saca</submittedBy></source><imagesize><nrows>2910</nrows><ncols>4361</ncols></imagesize><object><name>m2_s05_236_p_nic023</name><deleted>0</deleted><verified>0</verified><occluded>no</occluded><attributes></attributes><parts><hasparts></hasparts><ispartof></ispartof></parts><date>17-09-20 07:00:27:231</date><id>0</id><type>bounding_box</type><polygon><username>anonymous</username><pt><x>1641</x><y>1083</y><time>17-09-20 07:00:19:649</time></pt><pt><x>4026</x><y>1083</y><time>17-09-20 07:00:21:028</time></pt><pt><x>4026</x><y>2803</y><time>undefined</time></pt><pt><x>1641</x><y>2803</y><time>undefined</time></pt><closed_date>17-09-20 07:00:21:029</closed_date></polygon></object></annotation>