<annotation><filename>m4_s10_154_p_nic047.jpg</filename><folder>users/joselusava//valeria/m04_s10_154_nic</folder><source><submittedBy>Jose Saca</submittedBy></source><imagesize><nrows>2970</nrows><ncols>4451</ncols></imagesize><object><name>m4_s10_154_p_nic047</name><deleted>0</deleted><verified>0</verified><occluded>no</occluded><attributes></attributes><parts><hasparts></hasparts><ispartof></ispartof></parts><date>14-10-20 13:05:37:271</date><id>0</id><type>bounding_box</type><polygon><username>anonymous</username><pt><x>725</x><y>2804</y><time>14-10-20 13:05:27:595</time></pt><pt><x>1856</x><y>2804</y><time>14-10-20 13:05:30:449</time></pt><pt><x>1856</x><y>1000</y><time>undefined</time></pt><pt><x>725</x><y>1000</y><time>undefined</time></pt><closed_date>14-10-20 13:05:30:450</closed_date></polygon></object></annotation>