<annotation><filename>m2_s01_001_p_ic004.jpg</filename><folder>users/joselusava//santiago</folder><source><submittedBy>Jose Saca</submittedBy></source><imagesize><nrows>2850</nrows><ncols>4271</ncols></imagesize><object><name>m2_s01_001_p_ic004</name><deleted>0</deleted><verified>0</verified><occluded>no</occluded><attributes></attributes><parts><hasparts></hasparts><ispartof></ispartof></parts><date>18-09-20 22:06:36:343</date><id>0</id><type>bounding_box</type><polygon><username>anonymous</username><pt><x>933</x><y>369</y><time>18-09-20 22:06:16:134</time></pt><pt><x>3203</x><y>369</y><time>18-09-20 22:06:18:974</time></pt><pt><x>3203</x><y>2693</y><time>undefined</time></pt><pt><x>933</x><y>2693</y><time>undefined</time></pt><closed_date>18-09-20 22:06:18:976</closed_date></polygon></object></annotation>