<annotation><filename>m2_s03_201_p_nic028.jpg</filename><folder>users/joselusava//valeria/m2_sala03_201_nic</folder><source><submittedBy>Jose Saca</submittedBy></source><imagesize><nrows>2910</nrows><ncols>4361</ncols></imagesize><object><name>m2_s03_201_p_nic028</name><deleted>0</deleted><verified>0</verified><occluded>no</occluded><attributes></attributes><parts><hasparts></hasparts><ispartof></ispartof></parts><date>29-09-20 23:02:56:383</date><id>0</id><type>bounding_box</type><polygon><username>anonymous</username><pt><x>99</x><y>2673</y><time>29-09-20 23:02:50:057</time></pt><pt><x>2254</x><y>2673</y><time>29-09-20 23:02:53:071</time></pt><pt><x>2254</x><y>854</y><time>undefined</time></pt><pt><x>99</x><y>854</y><time>undefined</time></pt><closed_date>29-09-20 23:02:53:072</closed_date></polygon></object></annotation>