<annotation><filename>m1_s01_017_p_ic099.jpg</filename><folder>users/joselusava//santiago</folder><source><submittedBy>Jose Saca</submittedBy></source><imagesize><nrows>3200</nrows><ncols>4800</ncols></imagesize><object><name>m1_s01_017_p_ic099</name><deleted>0</deleted><verified>0</verified><occluded>no</occluded><attributes></attributes><parts><hasparts></hasparts><ispartof></ispartof></parts><date>10-09-20 23:27:23:181</date><id>0</id><type>bounding_box</type><polygon><username>anonymous</username><pt><x>1433</x><y>1523</y><time>10-09-20 23:27:14:398</time></pt><pt><x>3549</x><y>1523</y><time>10-09-20 23:27:16:547</time></pt><pt><x>3549</x><y>2980</y><time>undefined</time></pt><pt><x>1433</x><y>2980</y><time>undefined</time></pt><closed_date>10-09-20 23:27:16:549</closed_date></polygon></object></annotation>