<annotation><filename>m1_s10_273_x.jpg</filename><folder>users/joselusava//santiago</folder><source><submittedBy>Jose Saca</submittedBy></source><imagesize><nrows>3200</nrows><ncols>4800</ncols></imagesize><object><name>m1_s10_273_x</name><deleted>0</deleted><verified>0</verified><occluded>no</occluded><attributes></attributes><parts><hasparts></hasparts><ispartof></ispartof></parts><date>28-08-20 15:09:03:211</date><id>0</id><type>bounding_box</type><polygon><username>anonymous</username><pt><x>634</x><y>328</y><time>28-08-20 15:08:48:737</time></pt><pt><x>3920</x><y>328</y><time>28-08-20 15:08:54:165</time></pt><pt><x>3920</x><y>2664</y><time>undefined</time></pt><pt><x>634</x><y>2664</y><time>undefined</time></pt><closed_date>28-08-20 15:08:54:167</closed_date></polygon></object></annotation>