<annotation><filename>img_m1_s10_303_p.jpg</filename><folder>users/joselusava//santiago</folder><source><submittedBy>Jose Saca</submittedBy></source><imagesize><nrows>3200</nrows><ncols>4800</ncols></imagesize><object><name>m1_s10_303_p</name><deleted>0</deleted><verified>0</verified><occluded>no</occluded><attributes></attributes><parts><hasparts></hasparts><ispartof></ispartof></parts><date>31-08-20 11:16:17:327</date><id>0</id><type>bounding_box</type><polygon><username>anonymous</username><pt><x>1004</x><y>1159</y><time>31-08-20 11:16:06:399</time></pt><pt><x>3837</x><y>1159</y><time>31-08-20 11:16:09:823</time></pt><pt><x>3837</x><y>2646</y><time>undefined</time></pt><pt><x>1004</x><y>2646</y><time>undefined</time></pt><closed_date>31-08-20 11:16:09:824</closed_date></polygon></object></annotation>