<annotation><filename>m4_s12_185_p_ic021.jpg</filename><folder>users/joselusava//valeria/m04_s12_185_ic</folder><source><submittedBy>Jose Saca</submittedBy></source><imagesize><nrows>2910</nrows><ncols>4361</ncols></imagesize><object><name>m4_s12_185_p_ic021</name><deleted>0</deleted><verified>0</verified><occluded>no</occluded><attributes></attributes><parts><hasparts></hasparts><ispartof></ispartof></parts><date>17-10-20 15:55:32:479</date><id>0</id><type>bounding_box</type><polygon><username>anonymous</username><pt><x>610</x><y>2524</y><time>17-10-20 15:55:18:350</time></pt><pt><x>3442</x><y>2524</y><time>17-10-20 15:55:20:806</time></pt><pt><x>3442</x><y>252</y><time>undefined</time></pt><pt><x>610</x><y>252</y><time>undefined</time></pt><closed_date>17-10-20 15:55:20:808</closed_date></polygon></object></annotation>