<annotation><filename>m4_s05_055_p_nic024.jpg</filename><folder>users/joselusava//valeria/m4_s05_055_nic</folder><source><submittedBy>Jose Saca</submittedBy></source><imagesize><nrows>2910</nrows><ncols>4361</ncols></imagesize><object><name>m4_s05_055_p_nic024</name><deleted>0</deleted><verified>0</verified><occluded>no</occluded><attributes></attributes><parts><hasparts></hasparts><ispartof></ispartof></parts><date>09-10-20 16:41:24:913</date><id>0</id><type>bounding_box</type><polygon><username>anonymous</username><pt><x>1328</x><y>2855</y><time>09-10-20 16:41:18:093</time></pt><pt><x>2794</x><y>2855</y><time>09-10-20 16:41:20:795</time></pt><pt><x>2794</x><y>1317</y><time>undefined</time></pt><pt><x>1328</x><y>1317</y><time>undefined</time></pt><closed_date>09-10-20 16:41:20:795</closed_date></polygon></object></annotation>