<annotation><filename>m2_s06_248_p_nic100.jpg</filename><folder>users/joselusava//museos2020</folder><source><submittedBy>Jose Saca</submittedBy></source><imagesize><nrows>2910</nrows><ncols>4361</ncols></imagesize><object><name>m2_s06_248_p_nic100</name><deleted>0</deleted><verified>0</verified><occluded>no</occluded><attributes></attributes><parts><hasparts></hasparts><ispartof></ispartof></parts><date>27-09-20 21:48:44:919</date><id>0</id><polygon><username>anonymous</username><pt><x>1771</x><y>1692</y><time>27-09-20 21:48:33:033</time></pt><pt><x>3598</x><y>1362</y><time>27-09-20 21:48:33:958</time></pt><pt><x>3821</x><y>1613</y><time>27-09-20 21:48:34:693</time></pt><pt><x>2259</x><y>2594</y><time>27-09-20 21:48:35:686</time></pt><closed_date>27-09-20 21:48:36:768</closed_date></polygon></object></annotation>