<annotation><filename>m2_s01_018_p_nic030.jpg</filename><folder>users/joselusava//santiago_2</folder><source><submittedBy>Jose Saca</submittedBy></source><imagesize><nrows>2850</nrows><ncols>4271</ncols></imagesize><object><name>m2_s01_018_p_nic030</name><deleted>0</deleted><verified>0</verified><occluded>no</occluded><attributes></attributes><parts><hasparts></hasparts><ispartof></ispartof></parts><date>28-09-20 21:18:33:988</date><id>0</id><type>bounding_box</type><polygon><username>anonymous</username><pt><x>2023</x><y>305</y><time>28-09-20 21:18:31:443</time></pt><pt><x>2574</x><y>305</y><time>28-09-20 21:18:32:270</time></pt><pt><x>2574</x><y>1080</y><time>undefined</time></pt><pt><x>2023</x><y>1080</y><time>undefined</time></pt><closed_date>28-09-20 21:18:32:271</closed_date></polygon></object></annotation>