<annotation><filename>m1_s06_168_p_nic050.jpg</filename><folder>users/joselusava//jacob_2/168nic</folder><source><submittedBy>Jose Saca</submittedBy></source><imagesize><nrows>2736</nrows><ncols>4100</ncols></imagesize><object><name>m1_s06_168_p_nic050</name><deleted>0</deleted><verified>0</verified><occluded>no</occluded><attributes></attributes><parts><hasparts></hasparts><ispartof></ispartof></parts><date>08-09-20 23:18:09:140</date><id>0</id><type>bounding_box</type><polygon><username>anonymous</username><pt><x>3608</x><y>1993</y><time>08-09-20 23:18:07:307</time></pt><pt><x>2722</x><y>1993</y><time>08-09-20 23:18:08:604</time></pt><pt><x>2722</x><y>549</y><time>undefined</time></pt><pt><x>3608</x><y>549</y><time>undefined</time></pt><closed_date>08-09-20 23:18:08:604</closed_date></polygon></object></annotation>