<annotation><filename>m4_s09_138_p_ic008.jpg</filename><folder>users/joselusava//santiago_2</folder><source><submittedBy>Jose Saca</submittedBy></source><imagesize><nrows>2970</nrows><ncols>4451</ncols></imagesize><object><name>m4_s09_138_p_ic008</name><deleted>0</deleted><verified>0</verified><occluded>no</occluded><attributes></attributes><parts><hasparts></hasparts><ispartof></ispartof></parts><date>22-10-20 13:48:54:955</date><id>0</id><type>bounding_box</type><polygon><username>anonymous</username><pt><x>1246</x><y>553</y><time>22-10-20 13:48:51:279</time></pt><pt><x>3602</x><y>553</y><time>22-10-20 13:48:52:739</time></pt><pt><x>3602</x><y>2295</y><time>undefined</time></pt><pt><x>1246</x><y>2295</y><time>undefined</time></pt><closed_date>22-10-20 13:48:52:739</closed_date></polygon></object></annotation>