<annotation><filename>m3_s01_023_p_ic088.jpg</filename><folder>users/joselusava//santiago_3</folder><source><submittedBy>Jose Saca</submittedBy></source><imagesize><nrows>2970</nrows><ncols>4451</ncols></imagesize><object><name>m3_s01_023_p_ic088</name><deleted>0</deleted><verified>0</verified><occluded>no</occluded><attributes></attributes><parts><hasparts></hasparts><ispartof></ispartof></parts><date>04-11-20 21:04:16:792</date><id>0</id><type>bounding_box</type><polygon><username>anonymous</username><pt><x>332</x><y>842</y><time>04-11-20 21:04:12:810</time></pt><pt><x>4152</x><y>842</y><time>04-11-20 21:04:14:444</time></pt><pt><x>4152</x><y>2606</y><time>undefined</time></pt><pt><x>332</x><y>2606</y><time>undefined</time></pt><closed_date>04-11-20 21:04:14:444</closed_date></polygon></object></annotation>