<annotation><filename>m2_s01_010_p_ic057.jpg</filename><folder>users/joselusava//santiago</folder><source><submittedBy>Jose Saca</submittedBy></source><imagesize><nrows>2850</nrows><ncols>4271</ncols></imagesize><object><name>m2_s01_010_p_ic057</name><deleted>0</deleted><verified>0</verified><occluded>no</occluded><attributes></attributes><parts><hasparts></hasparts><ispartof></ispartof></parts><date>21-09-20 23:00:46:627</date><id>0</id><type>bounding_box</type><polygon><username>anonymous</username><pt><x>1298</x><y>792</y><time>21-09-20 23:00:35:331</time></pt><pt><x>3081</x><y>792</y><time>21-09-20 23:00:38:186</time></pt><pt><x>3081</x><y>2664</y><time>undefined</time></pt><pt><x>1298</x><y>2664</y><time>undefined</time></pt><closed_date>21-09-20 23:00:38:187</closed_date></polygon></object></annotation>