<annotation><filename>m2_s01_058_p_ic087.jpg</filename><folder>users/joselusava//m2_jsv/58/ic</folder><source><submittedBy>Jose Saca</submittedBy></source><imagesize><nrows>2850</nrows><ncols>4271</ncols></imagesize><object><name>m2_s01_058_p_ic087</name><deleted>0</deleted><verified>0</verified><occluded>no</occluded><attributes></attributes><parts><hasparts></hasparts><ispartof></ispartof></parts><date>29-09-20 20:55:29:884</date><id>0</id><type>bounding_box</type><polygon><username>anonymous</username><pt><x>3342</x><y>409</y><time>29-09-20 20:55:27:335</time></pt><pt><x>750</x><y>409</y><time>29-09-20 20:55:29:060</time></pt><pt><x>750</x><y>2813</y><time>undefined</time></pt><pt><x>3342</x><y>2813</y><time>undefined</time></pt><closed_date>29-09-20 20:55:29:060</closed_date></polygon></object></annotation>