<annotation><filename>m1_s01_022_x.jpg</filename><folder>users/joselusava//santiago</folder><source><submittedBy>Jose Saca</submittedBy></source><imagesize><nrows>3200</nrows><ncols>4800</ncols></imagesize><object><name>m1_s01_022_x</name><deleted>0</deleted><verified>0</verified><occluded>no</occluded><attributes></attributes><parts><hasparts></hasparts><ispartof></ispartof></parts><date>09-09-20 19:11:12:359</date><id>0</id><type>bounding_box</type><polygon><username>anonymous</username><pt><x>1137</x><y>911</y><time>09-09-20 19:11:02:484</time></pt><pt><x>2869</x><y>911</y><time>09-09-20 19:11:04:509</time></pt><pt><x>2869</x><y>2369</y><time>undefined</time></pt><pt><x>1137</x><y>2369</y><time>undefined</time></pt><closed_date>09-09-20 19:11:04:510</closed_date></polygon></object></annotation>