<annotation><filename>m4_s04_037_p_nic071.jpg</filename><folder>users/joselusava//santiago_2</folder><source><submittedBy>Jose Saca</submittedBy></source><imagesize><nrows>2970</nrows><ncols>4451</ncols></imagesize><object><name>m4_s04_037_p_nic071</name><deleted>0</deleted><verified>0</verified><occluded>no</occluded><attributes></attributes><parts><hasparts></hasparts><ispartof></ispartof></parts><date>19-10-20 22:41:14:800</date><id>0</id><type>bounding_box</type><polygon><username>anonymous</username><pt><x>3052</x><y>775</y><time>19-10-20 22:41:11:808</time></pt><pt><x>4119</x><y>775</y><time>19-10-20 22:41:12:876</time></pt><pt><x>4119</x><y>2224</y><time>undefined</time></pt><pt><x>3052</x><y>2224</y><time>undefined</time></pt><closed_date>19-10-20 22:41:12:877</closed_date></polygon></object></annotation>