<annotation><filename>m4_s04_037_p_nic010.jpg</filename><folder>users/joselusava//santiago_2</folder><source><submittedBy>Jose Saca</submittedBy></source><imagesize><nrows>2970</nrows><ncols>4451</ncols></imagesize><object><name>m4_s04_037_p_nic010</name><deleted>0</deleted><verified>0</verified><occluded>no</occluded><attributes></attributes><parts><hasparts></hasparts><ispartof></ispartof></parts><date>19-10-20 13:54:45:199</date><id>0</id><type>bounding_box</type><polygon><username>anonymous</username><pt><x>143</x><y>1092</y><time>19-10-20 13:54:40:950</time></pt><pt><x>1146</x><y>1092</y><time>19-10-20 13:54:42:022</time></pt><pt><x>1146</x><y>2667</y><time>undefined</time></pt><pt><x>143</x><y>2667</y><time>undefined</time></pt><closed_date>19-10-20 13:54:42:023</closed_date></polygon></object></annotation>