<annotation><filename>m1_s02_029_p_nic040.jpg</filename><folder>users/joselusava//valeria/sala2_029_nic</folder><source><submittedBy>Jose Saca</submittedBy></source><imagesize><nrows>3200</nrows><ncols>4800</ncols></imagesize><object><name>m1_s02_029_p_nic040</name><deleted>0</deleted><verified>0</verified><occluded>no</occluded><attributes></attributes><parts><hasparts></hasparts><ispartof></ispartof></parts><date>26-08-20 18:45:00:892</date><id>0</id><type>bounding_box</type><polygon><username>anonymous</username><pt><x>2620</x><y>1600</y><time>26-08-20 18:44:56:179</time></pt><pt><x>3925</x><y>1600</y><time>26-08-20 18:44:57:899</time></pt><pt><x>3925</x><y>2942</y><time>undefined</time></pt><pt><x>2620</x><y>2942</y><time>undefined</time></pt><closed_date>26-08-20 18:44:57:900</closed_date></polygon></object></annotation>