<annotation><filename>m4_s10_157_p_ic055.jpg</filename><folder>users/joselusava//valeria/m04_s10_157_nic</folder><source><submittedBy>Jose Saca</submittedBy></source><imagesize><nrows>2970</nrows><ncols>4451</ncols></imagesize><object><name>m4_s10_157_p_nic055</name><deleted>0</deleted><verified>0</verified><occluded>no</occluded><attributes></attributes><parts><hasparts></hasparts><ispartof></ispartof></parts><date>12-10-20 21:07:16:449</date><id>0</id><type>bounding_box</type><polygon><username>anonymous</username><pt><x>2003</x><y>2244</y><time>12-10-20 21:07:10:731</time></pt><pt><x>3774</x><y>2244</y><time>12-10-20 21:07:12:611</time></pt><pt><x>3774</x><y>90</y><time>undefined</time></pt><pt><x>2003</x><y>90</y><time>undefined</time></pt><closed_date>12-10-20 21:07:12:612</closed_date></polygon></object></annotation>