<annotation><filename>m4_s05_055_p_nic057.jpg</filename><folder>users/joselusava//valeria/m4_s05_055_nic</folder><source><submittedBy>Jose Saca</submittedBy></source><imagesize><nrows>2910</nrows><ncols>4361</ncols></imagesize><object><name>m4_s05_055_p_nic057</name><deleted>0</deleted><verified>0</verified><occluded>no</occluded><attributes></attributes><parts><hasparts></hasparts><ispartof></ispartof></parts><date>09-10-20 17:45:33:369</date><id>0</id><type>bounding_box</type><polygon><username>anonymous</username><pt><x>1146</x><y>1213</y><time>09-10-20 17:45:27:376</time></pt><pt><x>2309</x><y>1213</y><time>09-10-20 17:45:29:196</time></pt><pt><x>2309</x><y>2811</y><time>undefined</time></pt><pt><x>1146</x><y>2811</y><time>undefined</time></pt><closed_date>09-10-20 17:45:29:197</closed_date></polygon></object></annotation>