<annotation><filename>m2_s03_252_p_nic088.jpg</filename><folder>users/joselusava//valeria/m2_sala03_252_nic</folder><source><submittedBy>Jose Saca</submittedBy></source><imagesize><nrows>2910</nrows><ncols>4361</ncols></imagesize><object><name>m2_s06_252_p_nic088</name><deleted>0</deleted><verified>0</verified><occluded>no</occluded><attributes></attributes><parts><hasparts></hasparts><ispartof></ispartof></parts><date>26-09-20 22:41:34:486</date><id>0</id><type>bounding_box</type><polygon><username>anonymous</username><pt><x>369</x><y>942</y><time>26-09-20 22:41:29:954</time></pt><pt><x>2061</x><y>942</y><time>26-09-20 22:41:31:282</time></pt><pt><x>2061</x><y>1934</y><time>undefined</time></pt><pt><x>369</x><y>1934</y><time>undefined</time></pt><closed_date>26-09-20 22:41:31:282</closed_date></polygon></object></annotation>