<annotation><filename>m4_s11_178_p_nic019.jpg</filename><folder>users/joselusava//santiago_2</folder><source><submittedBy>Jose Saca</submittedBy></source><imagesize><nrows>2970</nrows><ncols>4451</ncols></imagesize><object><name>m4_s11_178_p_nic019</name><deleted>0</deleted><verified>0</verified><occluded>no</occluded><attributes></attributes><parts><hasparts></hasparts><ispartof></ispartof></parts><date>15-10-20 23:08:25:504</date><id>0</id><type>bounding_box</type><polygon><username>anonymous</username><pt><x>425</x><y>253</y><time>15-10-20 23:08:21:693</time></pt><pt><x>1774</x><y>253</y><time>15-10-20 23:08:23:101</time></pt><pt><x>1774</x><y>1663</y><time>undefined</time></pt><pt><x>425</x><y>1663</y><time>undefined</time></pt><closed_date>15-10-20 23:08:23:101</closed_date></polygon></object></annotation>