<annotation><filename>m1_s01_002_x.jpg</filename><folder>users/joselusava//valeria_apoyo</folder><source><submittedBy>Jose Saca</submittedBy></source><imagesize><nrows>2000</nrows><ncols>2992</ncols></imagesize><object><name>m1_s01_002_x</name><deleted>0</deleted><verified>0</verified><occluded>no</occluded><attributes></attributes><parts><hasparts></hasparts><ispartof></ispartof></parts><date>17-09-20 20:57:09:574</date><id>0</id><type>bounding_box</type><polygon><username>anonymous</username><pt><x>845</x><y>614</y><time>17-09-20 20:56:34:860</time></pt><pt><x>2042</x><y>614</y><time>17-09-20 20:56:36:600</time></pt><pt><x>2042</x><y>1420</y><time>undefined</time></pt><pt><x>845</x><y>1420</y><time>undefined</time></pt><closed_date>17-09-20 20:56:36:603</closed_date></polygon></object></annotation>