<annotation><filename>m1_s01_001_p_ic080.jpg</filename><folder>users/joselusava//juancarlos</folder><source><submittedBy>Jose Saca</submittedBy></source><imagesize><nrows>2000</nrows><ncols>2992</ncols></imagesize><object><name>m1_s01_001_p_ic080</name><deleted>0</deleted><verified>0</verified><occluded>no</occluded><attributes></attributes><parts><hasparts></hasparts><ispartof></ispartof></parts><date>01-09-20 10:31:50:789</date><id>0</id><type>bounding_box</type><polygon><username>anonymous</username><pt><x>666</x><y>811</y><time>01-09-20 10:31:37:142</time></pt><pt><x>2007</x><y>811</y><time>01-09-20 10:31:41:194</time></pt><pt><x>2007</x><y>1518</y><time>undefined</time></pt><pt><x>666</x><y>1518</y><time>undefined</time></pt><closed_date>01-09-20 10:31:41:196</closed_date></polygon></object></annotation>