<annotation><filename>m1_s02_029_p_ic088.jpg</filename><folder>users/joselusava//valeria/sala2_029_ic</folder><source><submittedBy>Jose Saca</submittedBy></source><imagesize><nrows>3200</nrows><ncols>4800</ncols></imagesize><object><name>m1_s02_029_p_ic088</name><deleted>0</deleted><verified>0</verified><occluded>no</occluded><attributes></attributes><parts><hasparts></hasparts><ispartof></ispartof></parts><date>22-08-20 21:16:44:180</date><id>0</id><type>bounding_box</type><polygon><username>anonymous</username><pt><x>950</x><y>21</y><time>22-08-20 21:16:36:458</time></pt><pt><x>3887</x><y>21</y><time>22-08-20 21:16:40:023</time></pt><pt><x>3887</x><y>3114</y><time>undefined</time></pt><pt><x>950</x><y>3114</y><time>undefined</time></pt><closed_date>22-08-20 21:16:40:025</closed_date></polygon></object></annotation>