<annotation><filename>m2_s06_244_p_nic060.jpg</filename><folder>users/joselusava//museos2020</folder><source><submittedBy>Jose Saca</submittedBy></source><imagesize><nrows>2910</nrows><ncols>4361</ncols></imagesize><object><name>m2_s06_244_p_ic060</name><deleted>0</deleted><verified>0</verified><occluded>no</occluded><attributes></attributes><parts><hasparts></hasparts><ispartof></ispartof></parts><date>25-09-20 19:10:35:497</date><id>0</id><type>bounding_box</type><polygon><username>anonymous</username><pt><x>2055</x><y>1157</y><time>25-09-20 19:10:21:786</time></pt><pt><x>3905</x><y>1157</y><time>25-09-20 19:10:23:565</time></pt><pt><x>3905</x><y>1962</y><time>undefined</time></pt><pt><x>2055</x><y>1962</y><time>undefined</time></pt><closed_date>25-09-20 19:10:23:565</closed_date></polygon></object></annotation>