<annotation><filename>m1_s02_036_p_ic0055.jpg</filename><folder>users/joselusava//valeria/sala2_036_ic</folder><source><submittedBy>Jose Saca</submittedBy></source><imagesize><nrows>3200</nrows><ncols>4800</ncols></imagesize><object><name>m1_s01_036_p_ic055</name><deleted>0</deleted><verified>0</verified><occluded>no</occluded><attributes></attributes><parts><hasparts></hasparts><ispartof></ispartof></parts><date>23-08-20 22:05:41:287</date><id>0</id><type>bounding_box</type><polygon><username>anonymous</username><pt><x>1256</x><y>397</y><time>23-08-20 22:05:33:462</time></pt><pt><x>3619</x><y>397</y><time>23-08-20 22:05:37:419</time></pt><pt><x>3619</x><y>2379</y><time>undefined</time></pt><pt><x>1256</x><y>2379</y><time>undefined</time></pt><closed_date>23-08-20 22:05:37:420</closed_date></polygon></object></annotation>