<annotation><filename>m2_s01_018_p_ic008.jpg</filename><folder>users/joselusava//santiago_2</folder><source><submittedBy>Jose Saca</submittedBy></source><imagesize><nrows>3000</nrows><ncols>4496</ncols></imagesize><object><name>m2_s01_018_p_ic008</name><deleted>0</deleted><verified>0</verified><occluded>no</occluded><attributes></attributes><parts><hasparts></hasparts><ispartof></ispartof></parts><date>26-09-20 18:42:38:925</date><id>0</id><type>bounding_box</type><polygon><username>anonymous</username><pt><x>1654</x><y>918</y><time>26-09-20 18:38:44:509</time></pt><pt><x>2808</x><y>918</y><time>26-09-20 18:38:50:084</time></pt><pt><x>2808</x><y>2187</y><time>undefined</time></pt><pt><x>1654</x><y>2187</y><time>undefined</time></pt><closed_date>26-09-20 18:38:50:085</closed_date></polygon></object></annotation>