<annotation><filename>m2_s02_085_p_ic019.jpg</filename><folder>users/joselusava//m2_jsv/85/ic</folder><source><submittedBy>Jose Saca</submittedBy></source><imagesize><nrows>2910</nrows><ncols>4361</ncols></imagesize><object><name>m2_s02_085_p_ic019</name><deleted>0</deleted><verified>0</verified><occluded>no</occluded><attributes></attributes><parts><hasparts></hasparts><ispartof></ispartof></parts><date>16-09-20 13:35:32:085</date><id>0</id><type>bounding_box</type><polygon><username>anonymous</username><pt><x>1410</x><y>731</y><time>16-09-20 13:35:30:121</time></pt><pt><x>3064</x><y>731</y><time>16-09-20 13:35:31:502</time></pt><pt><x>3064</x><y>2133</y><time>undefined</time></pt><pt><x>1410</x><y>2133</y><time>undefined</time></pt><closed_date>16-09-20 13:35:31:502</closed_date></polygon></object></annotation>