<annotation><filename>m2_s01_034_p_nic006.jpg</filename><folder>users/joselusava//kath</folder><source><submittedBy>Jose Saca</submittedBy></source><imagesize><nrows>2850</nrows><ncols>4271</ncols></imagesize><object><name>m2_s01_034_p_nic006</name><deleted>0</deleted><verified>0</verified><occluded>no</occluded><attributes></attributes><parts><hasparts></hasparts><ispartof></ispartof></parts><date>25-09-20 17:24:27:196</date><id>0</id><type>bounding_box</type><polygon><username>anonymous</username><pt><x>2012</x><y>201</y><time>25-09-20 17:24:22:156</time></pt><pt><x>2979</x><y>201</y><time>25-09-20 17:24:24:587</time></pt><pt><x>2979</x><y>1668</y><time>undefined</time></pt><pt><x>2012</x><y>1668</y><time>undefined</time></pt><closed_date>25-09-20 17:24:24:588</closed_date></polygon></object></annotation>