<annotation><filename>m1_s02_052_p_ic092.jpg</filename><folder>users/joselusava//valeria/sala2_052_ic</folder><source><submittedBy>Jose Saca</submittedBy></source><imagesize><nrows>3200</nrows><ncols>4800</ncols></imagesize><object><name>m1_s02_052_p_ic092</name><deleted>0</deleted><verified>0</verified><occluded>no</occluded><attributes></attributes><parts><hasparts></hasparts><ispartof></ispartof></parts><date>25-08-20 20:18:14:846</date><id>0</id><type>bounding_box</type><polygon><username>anonymous</username><pt><x>655</x><y>107</y><time>25-08-20 20:18:07:957</time></pt><pt><x>3850</x><y>107</y><time>25-08-20 20:18:10:885</time></pt><pt><x>3850</x><y>2889</y><time>undefined</time></pt><pt><x>655</x><y>2889</y><time>undefined</time></pt><closed_date>25-08-20 20:18:10:886</closed_date></polygon></object></annotation>