<annotation><filename>m2_s03_219_p_nic074.jpg</filename><folder>users/joselusava//valeria/m2_sala03_219_nic</folder><source><submittedBy>Jose Saca</submittedBy></source><imagesize><nrows>2910</nrows><ncols>4361</ncols></imagesize><object><name>m2_s03_219_p_nic074</name><deleted>0</deleted><verified>0</verified><occluded>no</occluded><attributes></attributes><parts><hasparts></hasparts><ispartof></ispartof></parts><date>29-09-20 19:08:31:454</date><id>0</id><type>bounding_box</type><polygon><username>anonymous</username><pt><x>2634</x><y>2111</y><time>29-09-20 19:08:25:888</time></pt><pt><x>4029</x><y>2111</y><time>29-09-20 19:08:28:321</time></pt><pt><x>4029</x><y>220</y><time>undefined</time></pt><pt><x>2634</x><y>220</y><time>undefined</time></pt><closed_date>29-09-20 19:08:28:323</closed_date></polygon></object></annotation>