<annotation><filename>m1_s02_052_p_nic062.jpg</filename><folder>users/joselusava//valeria/sala2_052_nic</folder><source><submittedBy>Jose Saca</submittedBy></source><imagesize><nrows>3200</nrows><ncols>4800</ncols></imagesize><object><name>m1_s02_052_p_nic062</name><deleted>0</deleted><verified>0</verified><occluded>no</occluded><attributes></attributes><parts><hasparts></hasparts><ispartof></ispartof></parts><date>27-08-20 16:48:46:612</date><id>0</id><type>bounding_box</type><polygon><username>anonymous</username><pt><x>3254</x><y>891</y><time>27-08-20 16:48:41:831</time></pt><pt><x>4462</x><y>891</y><time>27-08-20 16:48:43:428</time></pt><pt><x>4462</x><y>2046</y><time>undefined</time></pt><pt><x>3254</x><y>2046</y><time>undefined</time></pt><closed_date>27-08-20 16:48:43:429</closed_date></polygon></object></annotation>