<annotation><filename>m3_s01_018_p_ic062.jpg</filename><folder>users/joselusava//m4_js/18/ic</folder><source><submittedBy>Jose Saca</submittedBy></source><imagesize><nrows>2970</nrows><ncols>4451</ncols></imagesize><object><name>m3_s01_018_p_ic062</name><deleted>0</deleted><verified>0</verified><occluded>no</occluded><attributes></attributes><parts><hasparts></hasparts><ispartof></ispartof></parts><date>05-11-20 14:17:18:056</date><id>0</id><type>bounding_box</type><polygon><username>anonymous</username><pt><x>4241</x><y>2673</y><time>05-11-20 14:17:15:289</time></pt><pt><x>42</x><y>2673</y><time>05-11-20 14:17:17:202</time></pt><pt><x>42</x><y>179</y><time>undefined</time></pt><pt><x>4241</x><y>179</y><time>undefined</time></pt><closed_date>05-11-20 14:17:17:203</closed_date></polygon></object></annotation>