<annotation><filename>m2_s06_244_p_ic063.jpg</filename><folder>users/joselusava//museos2020</folder><source><submittedBy>Jose Saca</submittedBy></source><imagesize><nrows>2910</nrows><ncols>4361</ncols></imagesize><object><name>m2_s06_244_p_ic063</name><deleted>0</deleted><verified>0</verified><occluded>no</occluded><attributes></attributes><parts><hasparts></hasparts><ispartof></ispartof></parts><date>22-09-20 14:38:20:021</date><id>0</id><type>bounding_box</type><polygon><username>anonymous</username><pt><x>946</x><y>1018</y><time>22-09-20 14:38:11:139</time></pt><pt><x>3799</x><y>1018</y><time>22-09-20 14:38:14:144</time></pt><pt><x>3799</x><y>2172</y><time>undefined</time></pt><pt><x>946</x><y>2172</y><time>undefined</time></pt><closed_date>22-09-20 14:38:14:146</closed_date></polygon></object></annotation>