<annotation><filename>m2_s01_056_p_nic070.jpg</filename><folder>users/joselusava//m2_jsv/56/nic</folder><source><submittedBy>Jose Saca</submittedBy></source><imagesize><nrows>2850</nrows><ncols>4271</ncols></imagesize><object><name>m2_s01_056_p_nic070</name><deleted>0</deleted><verified>0</verified><occluded>no</occluded><attributes></attributes><parts><hasparts></hasparts><ispartof></ispartof></parts><date>28-09-20 22:30:49:232</date><id>0</id><type>bounding_box</type><polygon><username>anonymous</username><pt><x>1443</x><y>2029</y><time>28-09-20 22:30:46:597</time></pt><pt><x>34</x><y>2029</y><time>28-09-20 22:30:48:494</time></pt><pt><x>34</x><y>289</y><time>undefined</time></pt><pt><x>1443</x><y>289</y><time>undefined</time></pt><closed_date>28-09-20 22:30:48:494</closed_date></polygon></object></annotation>