<annotation><filename>m4_s05_060_p_ic099.jpg</filename><folder>users/joselusava//m4_js/60/ic</folder><source><submittedBy>Jose Saca</submittedBy></source><imagesize><nrows>2910</nrows><ncols>4361</ncols></imagesize><object><name>m4_s05_060_p_ic099</name><deleted>0</deleted><verified>0</verified><occluded>no</occluded><attributes></attributes><parts><hasparts></hasparts><ispartof></ispartof></parts><date>13-10-20 16:11:48:646</date><id>0</id><type>bounding_box</type><polygon><username>anonymous</username><pt><x>4230</x><y>2429</y><time>13-10-20 16:11:46:316</time></pt><pt><x>192</x><y>2429</y><time>13-10-20 16:11:47:840</time></pt><pt><x>192</x><y>339</y><time>undefined</time></pt><pt><x>4230</x><y>339</y><time>undefined</time></pt><closed_date>13-10-20 16:11:47:840</closed_date></polygon></object></annotation>