<annotation><filename>m1_s02_065_p_nic049.jpg</filename><folder>users/joselusava//valeria/sala2_065_nic</folder><source><submittedBy>Jose Saca</submittedBy></source><imagesize><nrows>2000</nrows><ncols>2992</ncols></imagesize><object><name>m1_s02_065_p_nic049</name><deleted>0</deleted><verified>0</verified><occluded>no</occluded><attributes></attributes><parts><hasparts></hasparts><ispartof></ispartof></parts><date>27-08-20 23:11:47:230</date><id>0</id><type>bounding_box</type><polygon><username>anonymous</username><pt><x>1826</x><y>1178</y><time>27-08-20 23:11:41:209</time></pt><pt><x>131</x><y>1178</y><time>27-08-20 23:11:43:539</time></pt><pt><x>131</x><y>513</y><time>undefined</time></pt><pt><x>1826</x><y>513</y><time>undefined</time></pt><closed_date>27-08-20 23:11:43:541</closed_date></polygon></object></annotation>