<annotation><filename>m4_s03_025_p_ic015.jpg</filename><folder>users/joselusava//juancarlos</folder><source><submittedBy>Jose Saca</submittedBy></source><imagesize><nrows>2910</nrows><ncols>4361</ncols></imagesize><object><name>m4_s02_025_p_ic015</name><deleted>0</deleted><verified>0</verified><occluded>no</occluded><attributes></attributes><parts><hasparts></hasparts><ispartof></ispartof></parts><date>05-11-20 17:12:05:493</date><id>0</id><type>bounding_box</type><polygon><username>anonymous</username><pt><x>810</x><y>678</y><time>05-11-20 17:11:58:940</time></pt><pt><x>3993</x><y>678</y><time>05-11-20 17:12:00:189</time></pt><pt><x>3993</x><y>2336</y><time>undefined</time></pt><pt><x>810</x><y>2336</y><time>undefined</time></pt><closed_date>05-11-20 17:12:00:190</closed_date></polygon></object></annotation>