<annotation><filename>m1_s02_036_p_nic009.jpg</filename><folder>users/joselusava//valeria/sala2_036_nic</folder><source><submittedBy>Jose Saca</submittedBy></source><imagesize><nrows>3200</nrows><ncols>4800</ncols></imagesize><object><name>m1_s02_036_p_nic009</name><deleted>0</deleted><verified>0</verified><occluded>no</occluded><attributes></attributes><parts><hasparts></hasparts><ispartof></ispartof></parts><date>26-08-20 22:04:06:725</date><id>0</id><type>bounding_box</type><polygon><username>anonymous</username><pt><x>736</x><y>558</y><time>26-08-20 22:04:01:816</time></pt><pt><x>1552</x><y>558</y><time>26-08-20 22:04:03:726</time></pt><pt><x>1552</x><y>1697</y><time>undefined</time></pt><pt><x>736</x><y>1697</y><time>undefined</time></pt><closed_date>26-08-20 22:04:03:727</closed_date></polygon></object></annotation>