<annotation><filename>m1_s01_021_p_nic066.jpg</filename><folder>users/joselusava//santiago</folder><source><submittedBy>Jose Saca</submittedBy></source><imagesize><nrows>3200</nrows><ncols>4800</ncols></imagesize><object><name>m1_s01_021_p_nic066</name><deleted>0</deleted><verified>0</verified><occluded>no</occluded><attributes></attributes><parts><hasparts></hasparts><ispartof></ispartof></parts><date>16-09-20 18:20:08:214</date><id>0</id><type>bounding_box</type><polygon><username>anonymous</username><pt><x>1141</x><y>2196</y><time>16-09-20 18:20:00:489</time></pt><pt><x>1555</x><y>2196</y><time>16-09-20 18:20:01:880</time></pt><pt><x>1555</x><y>2779</y><time>undefined</time></pt><pt><x>1141</x><y>2779</y><time>undefined</time></pt><closed_date>16-09-20 18:20:01:881</closed_date></polygon></object></annotation>