<annotation><filename>m1_s02_036_p_ic073.jpg</filename><folder>users/joselusava//valeria/sala2_036_ic</folder><source><submittedBy>Jose Saca</submittedBy></source><imagesize><nrows>3200</nrows><ncols>4800</ncols></imagesize><object><name>m1_s01_036_p_ic073</name><deleted>0</deleted><verified>0</verified><occluded>no</occluded><attributes></attributes><parts><hasparts></hasparts><ispartof></ispartof></parts><date>23-08-20 22:45:08:471</date><id>0</id><type>bounding_box</type><polygon><username>anonymous</username><pt><x>634</x><y>5</y><time>23-08-20 22:45:00:014</time></pt><pt><x>4252</x><y>5</y><time>23-08-20 22:45:04:364</time></pt><pt><x>4252</x><y>3119</y><time>undefined</time></pt><pt><x>634</x><y>3119</y><time>undefined</time></pt><closed_date>23-08-20 22:45:04:366</closed_date></polygon></object></annotation>