<annotation><filename>m1_s06_141_p_ic016.jpg</filename><folder>users/joselusava//jacob_2/141ic</folder><source><submittedBy>Jose Saca</submittedBy></source><imagesize><nrows>2736</nrows><ncols>4100</ncols></imagesize><object><name>m1_s06_141_p_ic016</name><deleted>0</deleted><verified>0</verified><occluded>no</occluded><attributes></attributes><parts><hasparts></hasparts><ispartof></ispartof></parts><date>04-09-20 17:18:45:237</date><id>0</id><type>bounding_box</type><polygon><username>anonymous</username><pt><x>1097</x><y>254</y><time>04-09-20 17:18:42:592</time></pt><pt><x>2832</x><y>254</y><time>04-09-20 17:18:44:523</time></pt><pt><x>2832</x><y>2381</y><time>undefined</time></pt><pt><x>1097</x><y>2381</y><time>undefined</time></pt><closed_date>04-09-20 17:18:44:523</closed_date></polygon></object></annotation>