<annotation><filename>m4_s09_138_p_nic085.jpg</filename><folder>users/joselusava//santiago_2</folder><source><submittedBy>Jose Saca</submittedBy></source><imagesize><nrows>2970</nrows><ncols>4451</ncols></imagesize><object><name>m4_s09_138_p_nic085</name><deleted>0</deleted><verified>0</verified><occluded>no</occluded><attributes></attributes><parts><hasparts></hasparts><ispartof></ispartof></parts><date>23-10-20 14:31:17:117</date><id>0</id><type>bounding_box</type><polygon><username>anonymous</username><pt><x>207</x><y>1260</y><time>23-10-20 14:31:14:394</time></pt><pt><x>3106</x><y>1260</y><time>23-10-20 14:31:15:386</time></pt><pt><x>3106</x><y>2652</y><time>undefined</time></pt><pt><x>207</x><y>2652</y><time>undefined</time></pt><closed_date>23-10-20 14:31:15:386</closed_date></polygon></object></annotation>