<annotation><filename>m2_s03_201_p_nic097.jpg</filename><folder>users/joselusava//valeria/m2_sala03_201_nic</folder><source><submittedBy>Jose Saca</submittedBy></source><imagesize><nrows>2910</nrows><ncols>4361</ncols></imagesize><object><name>m2_s03_201_p_nic097</name><deleted>0</deleted><verified>0</verified><occluded>no</occluded><attributes></attributes><parts><hasparts></hasparts><ispartof></ispartof></parts><date>30-09-20 18:51:27:205</date><id>0</id><type>bounding_box</type><polygon><username>anonymous</username><pt><x>2238</x><y>2111</y><time>30-09-20 18:51:21:825</time></pt><pt><x>4067</x><y>2111</y><time>30-09-20 18:51:23:877</time></pt><pt><x>4067</x><y>22</y><time>undefined</time></pt><pt><x>2238</x><y>22</y><time>undefined</time></pt><closed_date>30-09-20 18:51:23:879</closed_date></polygon></object></annotation>