<annotation><filename>m4_s11_178_p_nic085.jpg</filename><folder>users/joselusava//santiago_2</folder><source><submittedBy>Jose Saca</submittedBy></source><imagesize><nrows>2970</nrows><ncols>4451</ncols></imagesize><object><name>m4_s11_178_p_nic085</name><deleted>0</deleted><verified>0</verified><occluded>no</occluded><attributes></attributes><parts><hasparts></hasparts><ispartof></ispartof></parts><date>16-10-20 11:43:58:771</date><id>0</id><type>bounding_box</type><polygon><username>anonymous</username><pt><x>2802</x><y>867</y><time>16-10-20 11:43:55:528</time></pt><pt><x>3912</x><y>867</y><time>16-10-20 11:43:57:023</time></pt><pt><x>3912</x><y>2099</y><time>undefined</time></pt><pt><x>2802</x><y>2099</y><time>undefined</time></pt><closed_date>16-10-20 11:43:57:023</closed_date></polygon></object></annotation>