<annotation><filename>m1_s02_052_p_nic001.jpg</filename><folder>users/joselusava//valeria/sala2_052_nic</folder><source><submittedBy>Jose Saca</submittedBy></source><imagesize><nrows>3200</nrows><ncols>4800</ncols></imagesize><object><name>m1_s02_052_p_nic001</name><deleted>0</deleted><verified>0</verified><occluded>no</occluded><attributes></attributes><parts><hasparts></hasparts><ispartof></ispartof></parts><date>27-08-20 13:38:32:594</date><id>0</id><type>bounding_box</type><polygon><username>anonymous</username><pt><x>4123</x><y>2728</y><time>27-08-20 13:37:43:280</time></pt><pt><x>2529</x><y>2728</y><time>27-08-20 13:37:46:324</time></pt><pt><x>2529</x><y>1396</y><time>undefined</time></pt><pt><x>4123</x><y>1396</y><time>undefined</time></pt><closed_date>27-08-20 13:37:46:325</closed_date></polygon></object></annotation>