<annotation><filename>m4_s05_052_p_nic025.jpg</filename><folder>users/joselusava//santiago_2</folder><source><submittedBy>Jose Saca</submittedBy></source><imagesize><nrows>2910</nrows><ncols>4361</ncols></imagesize><object><name>m4_s05_052_p_nic025</name><deleted>0</deleted><verified>0</verified><occluded>no</occluded><attributes></attributes><parts><hasparts></hasparts><ispartof></ispartof></parts><date>08-10-20 20:02:35:212</date><id>0</id><type>bounding_box</type><polygon><username>anonymous</username><pt><x>274</x><y>1164</y><time>08-10-20 20:02:31:258</time></pt><pt><x>1736</x><y>1164</y><time>08-10-20 20:02:32:862</time></pt><pt><x>1736</x><y>2754</y><time>undefined</time></pt><pt><x>274</x><y>2754</y><time>undefined</time></pt><closed_date>08-10-20 20:02:32:863</closed_date></polygon></object></annotation>