<annotation><filename>m3_s01_018_p_ic023.jpg</filename><folder>users/joselusava//m4_js/18/ic</folder><source><submittedBy>Jose Saca</submittedBy></source><imagesize><nrows>2970</nrows><ncols>4451</ncols></imagesize><object><name>m3_s01_018_p_ic023</name><deleted>0</deleted><verified>0</verified><occluded>no</occluded><attributes></attributes><parts><hasparts></hasparts><ispartof></ispartof></parts><date>05-11-20 10:22:20:557</date><id>0</id><type>bounding_box</type><polygon><username>anonymous</username><pt><x>3230</x><y>2809</y><time>05-11-20 10:22:17:952</time></pt><pt><x>1000</x><y>2809</y><time>05-11-20 10:22:19:815</time></pt><pt><x>1000</x><y>263</y><time>undefined</time></pt><pt><x>3230</x><y>263</y><time>undefined</time></pt><closed_date>05-11-20 10:22:19:816</closed_date></polygon></object></annotation>