<annotation><filename>m4_s11_178_p_ic088.jpg</filename><folder>users/joselusava//santiago_2</folder><source><submittedBy>Jose Saca</submittedBy></source><imagesize><nrows>2970</nrows><ncols>4451</ncols></imagesize><object><name>m4_s11_178_p_ic088</name><deleted>0</deleted><verified>0</verified><occluded>no</occluded><attributes></attributes><parts><hasparts></hasparts><ispartof></ispartof></parts><date>15-10-20 22:25:47:750</date><id>0</id><type>bounding_box</type><polygon><username>anonymous</username><pt><x>1553</x><y>696</y><time>15-10-20 22:25:43:470</time></pt><pt><x>3002</x><y>696</y><time>15-10-20 22:25:45:514</time></pt><pt><x>3002</x><y>2424</y><time>undefined</time></pt><pt><x>1553</x><y>2424</y><time>undefined</time></pt><closed_date>15-10-20 22:25:45:515</closed_date></polygon></object></annotation>