<annotation><filename>m1_s01_017_p_nic013.jpg</filename><folder>users/joselusava//santiago</folder><source><submittedBy>Jose Saca</submittedBy></source><imagesize><nrows>3200</nrows><ncols>4800</ncols></imagesize><object><name>m1_s01_017_p_nic013</name><deleted>0</deleted><verified>0</verified><occluded>no</occluded><attributes></attributes><parts><hasparts></hasparts><ispartof></ispartof></parts><date>11-09-20 18:30:10:911</date><id>0</id><type>bounding_box</type><polygon><username>anonymous</username><pt><x>670</x><y>2484</y><time>11-09-20 18:30:01:501</time></pt><pt><x>1217</x><y>2484</y><time>11-09-20 18:30:03:857</time></pt><pt><x>1217</x><y>2818</y><time>undefined</time></pt><pt><x>670</x><y>2818</y><time>undefined</time></pt><closed_date>11-09-20 18:30:03:858</closed_date></polygon></object></annotation>