<annotation><filename>m1_s02_029_p_nic084.jpg</filename><folder>users/joselusava//valeria/sala2_029_nic</folder><source><submittedBy>Jose Saca</submittedBy></source><imagesize><nrows>3200</nrows><ncols>4800</ncols></imagesize><object><name>m1_s02_029_p_nic084</name><deleted>0</deleted><verified>0</verified><occluded>no</occluded><attributes></attributes><parts><hasparts></hasparts><ispartof></ispartof></parts><date>26-08-20 20:55:17:481</date><id>0</id><type>bounding_box</type><polygon><username>anonymous</username><pt><x>166</x><y>317</y><time>26-08-20 20:55:11:677</time></pt><pt><x>1315</x><y>317</y><time>26-08-20 20:55:13:833</time></pt><pt><x>1315</x><y>1611</y><time>undefined</time></pt><pt><x>166</x><y>1611</y><time>undefined</time></pt><closed_date>26-08-20 20:55:13:834</closed_date></polygon></object></annotation>