<annotation><filename>m2_s03_248_p_ic015.jpg</filename><folder>users/joselusava//museos2020</folder><source><submittedBy>Jose Saca</submittedBy></source><imagesize><nrows>2910</nrows><ncols>4361</ncols></imagesize><object><name>m2_s03_248_p_ic015</name><deleted>0</deleted><verified>0</verified><occluded>no</occluded><attributes></attributes><parts><hasparts></hasparts><ispartof></ispartof></parts><date>27-09-20 08:01:37:048</date><id>0</id><polygon><username>anonymous</username><pt><x>172</x><y>474</y><time>27-09-20 08:01:18:754</time></pt><pt><x>46</x><y>2324</y><time>27-09-20 08:01:19:576</time></pt><pt><x>4342</x><y>1748</y><time>27-09-20 08:01:20:774</time></pt><pt><x>4319</x><y>442</y><time>27-09-20 08:01:21:679</time></pt><closed_date>27-09-20 08:01:22:637</closed_date></polygon></object></annotation>