<annotation><filename>m2_s06_244_p_ic059.jpg</filename><folder>users/joselusava//museos2020</folder><source><submittedBy>Jose Saca</submittedBy></source><imagesize><nrows>2910</nrows><ncols>4361</ncols></imagesize><object><name>m2_s06_244_p_ic059</name><deleted>0</deleted><verified>0</verified><occluded>no</occluded><attributes></attributes><parts><hasparts></hasparts><ispartof></ispartof></parts><date>22-09-20 14:29:36:762</date><id>0</id><type>bounding_box</type><polygon><username>anonymous</username><pt><x>710</x><y>652</y><time>22-09-20 14:29:28:392</time></pt><pt><x>3096</x><y>652</y><time>22-09-20 14:29:30:797</time></pt><pt><x>3096</x><y>2251</y><time>undefined</time></pt><pt><x>710</x><y>2251</y><time>undefined</time></pt><closed_date>22-09-20 14:29:30:798</closed_date></polygon></object></annotation>