<annotation><filename>m1_s06_141_p_ic084.jpg</filename><folder>users/joselusava//jacob_2/141ic</folder><source><submittedBy>Jose Saca</submittedBy></source><imagesize><nrows>2736</nrows><ncols>4100</ncols></imagesize><object><name>m1_s06_141_p_ic084</name><deleted>0</deleted><verified>0</verified><occluded>no</occluded><attributes></attributes><parts><hasparts></hasparts><ispartof></ispartof></parts><date>04-09-20 23:51:13:055</date><id>0</id><type>bounding_box</type><polygon><username>anonymous</username><pt><x>2977</x><y>2395</y><time>04-09-20 23:51:10:416</time></pt><pt><x>1008</x><y>2395</y><time>04-09-20 23:51:12:255</time></pt><pt><x>1008</x><y>230</y><time>undefined</time></pt><pt><x>2977</x><y>230</y><time>undefined</time></pt><closed_date>04-09-20 23:51:12:255</closed_date></polygon></object></annotation>