<annotation><filename>m2_s03_201_p_nic035.jpg</filename><folder>users/joselusava//valeria/m2_sala03_201_nic</folder><source><submittedBy>Jose Saca</submittedBy></source><imagesize><nrows>2910</nrows><ncols>4361</ncols></imagesize><object><name>m2_s03_201_p_nic035</name><deleted>0</deleted><verified>0</verified><occluded>no</occluded><attributes></attributes><parts><hasparts></hasparts><ispartof></ispartof></parts><date>29-09-20 23:11:21:155</date><id>0</id><type>bounding_box</type><polygon><username>anonymous</username><pt><x>590</x><y>1940</y><time>29-09-20 23:11:14:742</time></pt><pt><x>2535</x><y>1940</y><time>29-09-20 23:11:17:947</time></pt><pt><x>2535</x><y>165</y><time>undefined</time></pt><pt><x>590</x><y>165</y><time>undefined</time></pt><closed_date>29-09-20 23:11:17:948</closed_date></polygon></object></annotation>