<annotation><filename>m2_s01_032_p_nic091.jpg</filename><folder>users/joselusava//santiago_2</folder><source><submittedBy>Jose Saca</submittedBy></source><imagesize><nrows>2850</nrows><ncols>4271</ncols></imagesize><object><name>m2_s01_032_p_nic091</name><deleted>0</deleted><verified>0</verified><occluded>no</occluded><attributes></attributes><parts><hasparts></hasparts><ispartof></ispartof></parts><date>30-09-20 21:27:31:734</date><id>0</id><type>bounding_box</type><polygon><username>anonymous</username><pt><x>2704</x><y>122</y><time>30-09-20 21:27:21:416</time></pt><pt><x>3583</x><y>122</y><time>30-09-20 21:27:22:059</time></pt><pt><x>3583</x><y>1042</y><time>undefined</time></pt><pt><x>2704</x><y>1042</y><time>undefined</time></pt><closed_date>30-09-20 21:27:22:061</closed_date></polygon></object></annotation>