<annotation><filename>m2_s02_084_x.jpg</filename><folder>users/joselusava//m2_jsv</folder><source><submittedBy>Jose Saca</submittedBy></source><imagesize><nrows>2910</nrows><ncols>4361</ncols></imagesize><object><name>m2_s02_084_x</name><deleted>0</deleted><verified>0</verified><occluded>no</occluded><attributes></attributes><parts><hasparts></hasparts><ispartof></ispartof></parts><date>16-09-20 13:25:18:659</date><id>0</id><type>bounding_box</type><polygon><username>anonymous</username><pt><x>1323</x><y>548</y><time>16-09-20 13:25:15:815</time></pt><pt><x>2907</x><y>548</y><time>16-09-20 13:25:18:014</time></pt><pt><x>2907</x><y>2289</y><time>undefined</time></pt><pt><x>1323</x><y>2289</y><time>undefined</time></pt><closed_date>16-09-20 13:25:18:014</closed_date></polygon></object></annotation>