<annotation><filename>m1_s02_029_p_ic019.jpg</filename><folder>users/joselusava//valeria/sala2_029_ic</folder><source><submittedBy>Jose Saca</submittedBy></source><imagesize><nrows>3200</nrows><ncols>4800</ncols></imagesize><object><name>m1_s02_029_p_ic019</name><deleted>0</deleted><verified>0</verified><occluded>no</occluded><attributes></attributes><parts><hasparts></hasparts><ispartof></ispartof></parts><date>22-08-20 18:03:24:488</date><id>0</id><type>bounding_box</type><polygon><username>anonymous</username><pt><x>1401</x><y>424</y><time>22-08-20 18:02:59:084</time></pt><pt><x>3737</x><y>424</y><time>22-08-20 18:03:06:330</time></pt><pt><x>3737</x><y>2889</y><time>undefined</time></pt><pt><x>1401</x><y>2889</y><time>undefined</time></pt><closed_date>22-08-20 18:03:06:331</closed_date></polygon></object></annotation>