<annotation><filename>m1_s06_141_p_ic085.jpg</filename><folder>users/joselusava//jacob_2/141ic</folder><source><submittedBy>Jose Saca</submittedBy></source><imagesize><nrows>2736</nrows><ncols>4100</ncols></imagesize><object><name>m1_s06_141_p_ic085</name><deleted>0</deleted><verified>0</verified><occluded>no</occluded><attributes></attributes><parts><hasparts></hasparts><ispartof></ispartof></parts><date>04-09-20 23:51:35:046</date><id>0</id><type>bounding_box</type><polygon><username>anonymous</username><pt><x>2727</x><y>2469</y><time>04-09-20 23:51:31:023</time></pt><pt><x>731</x><y>2469</y><time>04-09-20 23:51:34:227</time></pt><pt><x>731</x><y>318</y><time>undefined</time></pt><pt><x>2727</x><y>318</y><time>undefined</time></pt><closed_date>04-09-20 23:51:34:227</closed_date></polygon></object></annotation>