<annotation><filename>m2_s01_018_p_nic013.jpg</filename><folder>users/joselusava//santiago_2</folder><source><submittedBy>Jose Saca</submittedBy></source><imagesize><nrows>3000</nrows><ncols>4496</ncols></imagesize><object><name>m2_s01_018_p_nic013</name><deleted>0</deleted><verified>0</verified><occluded>no</occluded><attributes></attributes><parts><hasparts></hasparts><ispartof></ispartof></parts><date>28-09-20 19:34:28:030</date><id>0</id><type>bounding_box</type><polygon><username>anonymous</username><pt><x>391</x><y>591</y><time>28-09-20 19:34:21:516</time></pt><pt><x>1157</x><y>591</y><time>28-09-20 19:34:22:321</time></pt><pt><x>1157</x><y>1377</y><time>undefined</time></pt><pt><x>391</x><y>1377</y><time>undefined</time></pt><closed_date>28-09-20 19:34:22:321</closed_date></polygon></object></annotation>