<annotation><filename>m1_s01_001_p_nic026.jpg</filename><folder>users/joselusava//juancarlos</folder><source><submittedBy>Jose Saca</submittedBy></source><imagesize><nrows>3200</nrows><ncols>4800</ncols></imagesize><object><name>m1_s01_001_p_nic026</name><deleted>0</deleted><verified>0</verified><occluded>no</occluded><attributes></attributes><parts><hasparts></hasparts><ispartof></ispartof></parts><date>02-09-20 14:17:18:485</date><id>0</id><type>bounding_box</type><polygon><username>anonymous</username><pt><x>2709</x><y>455</y><time>02-09-20 14:17:06:197</time></pt><pt><x>4327</x><y>455</y><time>02-09-20 14:17:11:112</time></pt><pt><x>4327</x><y>1352</y><time>undefined</time></pt><pt><x>2709</x><y>1352</y><time>undefined</time></pt><closed_date>02-09-20 14:17:11:114</closed_date></polygon></object></annotation>