<annotation><filename>m4_s05_052_p_ic081.jpg</filename><folder>users/joselusava//santiago_2</folder><source><submittedBy>Jose Saca</submittedBy></source><imagesize><nrows>2910</nrows><ncols>4361</ncols></imagesize><object><name>m4_s05_052_p_ic081</name><deleted>0</deleted><verified>0</verified><occluded>no</occluded><attributes></attributes><parts><hasparts></hasparts><ispartof></ispartof></parts><date>07-10-20 23:02:15:648</date><id>0</id><type>bounding_box</type><polygon><username>anonymous</username><pt><x>1562</x><y>707</y><time>07-10-20 23:02:12:370</time></pt><pt><x>3090</x><y>707</y><time>07-10-20 23:02:13:591</time></pt><pt><x>3090</x><y>2616</y><time>undefined</time></pt><pt><x>1562</x><y>2616</y><time>undefined</time></pt><closed_date>07-10-20 23:02:13:591</closed_date></polygon></object></annotation>