<annotation><filename>m3_s01_018_p_nic079.jpg</filename><folder>users/joselusava//m4_js/18/nic</folder><source><submittedBy>Jose Saca</submittedBy></source><imagesize><nrows>2970</nrows><ncols>4451</ncols></imagesize><object><name>m3_s01_018_p_nic079</name><deleted>0</deleted><verified>0</verified><occluded>no</occluded><attributes></attributes><parts><hasparts></hasparts><ispartof></ispartof></parts><date>05-11-20 18:16:53:540</date><id>0</id><type>bounding_box</type><polygon><username>anonymous</username><pt><x>4441</x><y>2552</y><time>05-11-20 18:16:51:532</time></pt><pt><x>1504</x><y>2552</y><time>05-11-20 18:16:52:872</time></pt><pt><x>1504</x><y>156</y><time>undefined</time></pt><pt><x>4441</x><y>156</y><time>undefined</time></pt><closed_date>05-11-20 18:16:52:873</closed_date></polygon></object></annotation>