<annotation><filename>m2_s01_032_p_ic002.jpg</filename><folder>users/joselusava//santiago_2</folder><source><submittedBy>Jose Saca</submittedBy></source><imagesize><nrows>2850</nrows><ncols>4271</ncols></imagesize><object><name>m2_s01_032_p_ic002</name><deleted>0</deleted><verified>0</verified><occluded>no</occluded><attributes></attributes><parts><hasparts></hasparts><ispartof></ispartof></parts><date>29-09-20 22:02:42:400</date><id>0</id><type>bounding_box</type><polygon><username>anonymous</username><pt><x>1237</x><y>253</y><time>29-09-20 22:02:38:394</time></pt><pt><x>3055</x><y>253</y><time>29-09-20 22:02:40:388</time></pt><pt><x>3055</x><y>2687</y><time>undefined</time></pt><pt><x>1237</x><y>2687</y><time>undefined</time></pt><closed_date>29-09-20 22:02:40:388</closed_date></polygon></object></annotation>