<annotation><filename>m2_s01_056_p_nic029.jpg</filename><folder>users/joselusava//m2_jsv/56/nic</folder><source><submittedBy>Jose Saca</submittedBy></source><imagesize><nrows>2850</nrows><ncols>4271</ncols></imagesize><object><name>m2_s01_056_p_nic029</name><deleted>0</deleted><verified>0</verified><occluded>no</occluded><attributes></attributes><parts><hasparts></hasparts><ispartof></ispartof></parts><date>28-09-20 22:17:23:164</date><id>0</id><type>bounding_box</type><polygon><username>anonymous</username><pt><x>3634</x><y>2794</y><time>28-09-20 22:17:21:503</time></pt><pt><x>2191</x><y>2794</y><time>28-09-20 22:17:22:606</time></pt><pt><x>2191</x><y>1197</y><time>undefined</time></pt><pt><x>3634</x><y>1197</y><time>undefined</time></pt><closed_date>28-09-20 22:17:22:607</closed_date></polygon></object></annotation>