<annotation><filename>m2_s01_010_p_nic001.jpg</filename><folder>users/joselusava//santiago</folder><source><submittedBy>Jose Saca</submittedBy></source><imagesize><nrows>2850</nrows><ncols>4271</ncols></imagesize><object><name>m2_s01_010_p_nic001</name><deleted>0</deleted><verified>0</verified><occluded>no</occluded><attributes></attributes><parts><hasparts></hasparts><ispartof></ispartof></parts><date>22-09-20 19:35:26:538</date><id>0</id><type>bounding_box</type><polygon><username>anonymous</username><pt><x>2642</x><y>1071</y><time>22-09-20 19:35:14:106</time></pt><pt><x>3908</x><y>1071</y><time>22-09-20 19:35:16:020</time></pt><pt><x>3908</x><y>2600</y><time>undefined</time></pt><pt><x>2642</x><y>2600</y><time>undefined</time></pt><closed_date>22-09-20 19:35:16:022</closed_date></polygon></object></annotation>