<annotation><filename>img_m1_s10_303_p_nic097.jpg</filename><folder>users/joselusava//santiago</folder><source><submittedBy>Jose Saca</submittedBy></source><imagesize><nrows>3200</nrows><ncols>4800</ncols></imagesize><object><name>m1_s10_303_p_nic097</name><deleted>0</deleted><verified>0</verified><occluded>no</occluded><attributes></attributes><parts><hasparts></hasparts><ispartof></ispartof></parts><date>01-09-20 23:20:32:982</date><id>0</id><type>bounding_box</type><polygon><username>anonymous</username><pt><x>2023</x><y>156</y><time>01-09-20 23:20:25:512</time></pt><pt><x>4076</x><y>156</y><time>01-09-20 23:20:26:765</time></pt><pt><x>4076</x><y>1490</y><time>undefined</time></pt><pt><x>2023</x><y>1490</y><time>undefined</time></pt><closed_date>01-09-20 23:20:26:767</closed_date></polygon></object></annotation>