<annotation><filename>m2_s01_010_p_nic089.jpg</filename><folder>users/joselusava//santiago</folder><source><submittedBy>Jose Saca</submittedBy></source><imagesize><nrows>2850</nrows><ncols>4271</ncols></imagesize><object><name>m2_s01_010_p_nic089</name><deleted>0</deleted><verified>0</verified><occluded>no</occluded><attributes></attributes><parts><hasparts></hasparts><ispartof></ispartof></parts><date>22-09-20 21:45:21:739</date><id>0</id><type>bounding_box</type><polygon><username>anonymous</username><pt><x>561</x><y>590</y><time>22-09-20 21:45:15:384</time></pt><pt><x>1645</x><y>590</y><time>22-09-20 21:45:16:316</time></pt><pt><x>1645</x><y>1706</y><time>undefined</time></pt><pt><x>561</x><y>1706</y><time>undefined</time></pt><closed_date>22-09-20 21:45:16:317</closed_date></polygon></object></annotation>