<annotation><filename>m4_s11_178_p_nic039.jpg</filename><folder>users/joselusava//santiago_2</folder><source><submittedBy>Jose Saca</submittedBy></source><imagesize><nrows>2970</nrows><ncols>4451</ncols></imagesize><object><name>m4_s11_178_p_nic039</name><deleted>0</deleted><verified>0</verified><occluded>no</occluded><attributes></attributes><parts><hasparts></hasparts><ispartof></ispartof></parts><date>15-10-20 23:25:34:147</date><id>0</id><type>bounding_box</type><polygon><username>anonymous</username><pt><x>2192</x><y>1417</y><time>15-10-20 23:25:30:169</time></pt><pt><x>3459</x><y>1417</y><time>15-10-20 23:25:32:017</time></pt><pt><x>3459</x><y>2709</y><time>undefined</time></pt><pt><x>2192</x><y>2709</y><time>undefined</time></pt><closed_date>15-10-20 23:25:32:017</closed_date></polygon></object></annotation>