<annotation><filename>m4_s04_037_p_ic040.jpg</filename><folder>users/joselusava//santiago_2</folder><source><submittedBy>Jose Saca</submittedBy></source><imagesize><nrows>2970</nrows><ncols>4451</ncols></imagesize><object><name>m4_s04_037_p_ic040</name><deleted>0</deleted><verified>0</verified><occluded>no</occluded><attributes></attributes><parts><hasparts></hasparts><ispartof></ispartof></parts><date>17-10-20 22:09:50:821</date><id>0</id><type>bounding_box</type><polygon><username>anonymous</username><pt><x>1738</x><y>132</y><time>17-10-20 22:09:41:513</time></pt><pt><x>3341</x><y>132</y><time>17-10-20 22:09:42:473</time></pt><pt><x>3341</x><y>2402</y><time>undefined</time></pt><pt><x>1738</x><y>2402</y><time>undefined</time></pt><closed_date>17-10-20 22:09:42:473</closed_date></polygon></object></annotation>