<annotation><filename>m2_s01_034_p_nic003.jpg</filename><folder>users/joselusava//kath</folder><source><submittedBy>Jose Saca</submittedBy></source><imagesize><nrows>2850</nrows><ncols>4271</ncols></imagesize><object><name>m2_s01_034_p_nic003</name><deleted>0</deleted><verified>0</verified><occluded>no</occluded><attributes></attributes><parts><hasparts></hasparts><ispartof></ispartof></parts><date>25-09-20 17:21:45:848</date><id>0</id><type>bounding_box</type><polygon><username>anonymous</username><pt><x>2649</x><y>401</y><time>25-09-20 17:21:39:337</time></pt><pt><x>3709</x><y>401</y><time>25-09-20 17:21:43:011</time></pt><pt><x>3709</x><y>1933</y><time>undefined</time></pt><pt><x>2649</x><y>1933</y><time>undefined</time></pt><closed_date>25-09-20 17:21:43:012</closed_date></polygon></object></annotation>