<annotation><filename>m4_s05_052_p_nic059.jpg</filename><folder>users/joselusava//santiago_2</folder><source><submittedBy>Jose Saca</submittedBy></source><imagesize><nrows>2910</nrows><ncols>4361</ncols></imagesize><object><name>m4_s05_052_p_nic059</name><deleted>0</deleted><verified>0</verified><occluded>no</occluded><attributes></attributes><parts><hasparts></hasparts><ispartof></ispartof></parts><date>08-10-20 21:39:26:987</date><id>0</id><type>bounding_box</type><polygon><username>anonymous</username><pt><x>239</x><y>575</y><time>08-10-20 21:39:23:839</time></pt><pt><x>1438</x><y>575</y><time>08-10-20 21:39:25:115</time></pt><pt><x>1438</x><y>2002</y><time>undefined</time></pt><pt><x>239</x><y>2002</y><time>undefined</time></pt><closed_date>08-10-20 21:39:25:117</closed_date></polygon></object></annotation>