<annotation><filename>m1_s06_144_p_ic075.jpg</filename><folder>users/joselusava//jacob_2/144ic</folder><source><submittedBy>Jose Saca</submittedBy></source><imagesize><nrows>2736</nrows><ncols>4100</ncols></imagesize><object><name>m1_s06_144_p_ic075</name><deleted>0</deleted><verified>0</verified><occluded>no</occluded><attributes></attributes><parts><hasparts></hasparts><ispartof></ispartof></parts><date>08-09-20 01:38:11:199</date><id>0</id><type>bounding_box</type><polygon><username>anonymous</username><pt><x>442</x><y>2480</y><time>08-09-20 01:38:08:144</time></pt><pt><x>3093</x><y>2480</y><time>08-09-20 01:38:10:502</time></pt><pt><x>3093</x><y>106</y><time>undefined</time></pt><pt><x>442</x><y>106</y><time>undefined</time></pt><closed_date>08-09-20 01:38:10:502</closed_date></polygon></object></annotation>