<annotation><filename>m2_s01_032_p_nic049.jpg</filename><folder>users/joselusava//santiago_2</folder><source><submittedBy>Jose Saca</submittedBy></source><imagesize><nrows>2850</nrows><ncols>4271</ncols></imagesize><object><name>m2_s01_032_p_nic049</name><deleted>0</deleted><verified>0</verified><occluded>no</occluded><attributes></attributes><parts><hasparts></hasparts><ispartof></ispartof></parts><date>30-09-20 20:47:58:690</date><id>0</id><type>bounding_box</type><polygon><username>anonymous</username><pt><x>3108</x><y>51</y><time>30-09-20 20:47:51:641</time></pt><pt><x>3753</x><y>51</y><time>30-09-20 20:47:52:888</time></pt><pt><x>3753</x><y>1181</y><time>undefined</time></pt><pt><x>3108</x><y>1181</y><time>undefined</time></pt><closed_date>30-09-20 20:47:52:889</closed_date></polygon></object></annotation>