<annotation><filename>m4_s02_021_p_nic063.jpg</filename><folder>users/joselusava//santiago_2</folder><source><submittedBy>Jose Saca</submittedBy></source><imagesize><nrows>2910</nrows><ncols>4361</ncols></imagesize><object><name>m4_s02_021_p_nic063</name><deleted>0</deleted><verified>0</verified><occluded>no</occluded><attributes></attributes><parts><hasparts></hasparts><ispartof></ispartof></parts><date>05-10-20 11:18:08:739</date><id>0</id><type>bounding_box</type><polygon><username>anonymous</username><pt><x>696</x><y>177</y><time>05-10-20 11:18:05:566</time></pt><pt><x>1694</x><y>177</y><time>05-10-20 11:18:06:686</time></pt><pt><x>1694</x><y>1860</y><time>undefined</time></pt><pt><x>696</x><y>1860</y><time>undefined</time></pt><closed_date>05-10-20 11:18:06:687</closed_date></polygon></object></annotation>