<annotation><filename>m4_s07_105_p_nic070.jpg</filename><folder>users/joselusava//kath/m4_105/nic</folder><source><submittedBy>Jose Saca</submittedBy></source><imagesize><nrows>2970</nrows><ncols>4451</ncols></imagesize><object><name>m4_s07_105_p_nic070</name><deleted>0</deleted><verified>0</verified><occluded>no</occluded><attributes></attributes><parts><hasparts></hasparts><ispartof></ispartof></parts><date>03-11-20 09:06:07:095</date><id>0</id><type>bounding_box</type><polygon><username>anonymous</username><pt><x>3143</x><y>1735</y><time>03-11-20 09:06:02:600</time></pt><pt><x>3931</x><y>1735</y><time>03-11-20 09:06:05:047</time></pt><pt><x>3931</x><y>428</y><time>undefined</time></pt><pt><x>3143</x><y>428</y><time>undefined</time></pt><closed_date>03-11-20 09:06:05:047</closed_date></polygon></object></annotation>