<annotation><filename>m2_s03_201_p_ic086.jpg</filename><folder>users/joselusava//eg</folder><source><submittedBy>Jose Saca</submittedBy></source><imagesize><nrows>2910</nrows><ncols>4361</ncols></imagesize><object><name>m2_s03_201_p_ic086</name><deleted>0</deleted><verified>0</verified><occluded>no</occluded><attributes></attributes><parts><hasparts></hasparts><ispartof></ispartof></parts><date>17-09-20 08:00:07:245</date><id>0</id><type>bounding_box</type><polygon><username>anonymous</username><pt><x>1161</x><y>394</y><time>17-09-20 07:59:56:786</time></pt><pt><x>3168</x><y>394</y><time>17-09-20 07:59:58:223</time></pt><pt><x>3168</x><y>2430</y><time>undefined</time></pt><pt><x>1161</x><y>2430</y><time>undefined</time></pt><closed_date>17-09-20 07:59:58:225</closed_date></polygon></object></annotation>