<annotation><filename>m1_s02_036_p_ic043.jpg</filename><folder>users/joselusava//valeria/sala2_036_ic</folder><source><submittedBy>Jose Saca</submittedBy></source><imagesize><nrows>3200</nrows><ncols>4800</ncols></imagesize><object><name>m1_s01_036_p_ic043</name><deleted>0</deleted><verified>0</verified><occluded>no</occluded><attributes></attributes><parts><hasparts></hasparts><ispartof></ispartof></parts><date>23-08-20 21:42:49:361</date><id>0</id><type>bounding_box</type><polygon><username>anonymous</username><pt><x>934</x><y>274</y><time>23-08-20 21:42:37:564</time></pt><pt><x>3442</x><y>274</y><time>23-08-20 21:42:42:909</time></pt><pt><x>3442</x><y>3189</y><time>undefined</time></pt><pt><x>934</x><y>3189</y><time>undefined</time></pt><closed_date>23-08-20 21:42:42:909</closed_date></polygon></object></annotation>