<annotation><filename>m2_s03_252_p_ic047.jpg</filename><folder>users/joselusava//valeria/m2_sala03_252_ic</folder><source><submittedBy>Jose Saca</submittedBy></source><imagesize><nrows>2910</nrows><ncols>4361</ncols></imagesize><object><name>m2_s06_252_p_ic045</name><deleted>0</deleted><verified>0</verified><occluded>no</occluded><attributes/><parts><hasparts/><ispartof/></parts><date>25-09-20 22:51:18:778</date><id>0</id><type>bounding_box</type><polygon><username>anonymous</username><pt><x>518</x><y>336</y><time>25-09-20 22:51:12:078</time></pt><pt><x>3599</x><y>336</y><time>25-09-20 22:51:15:292</time></pt><pt><x>3599</x><y>2568</y><time>undefined</time></pt><pt><x>518</x><y>2568</y><time>undefined</time></pt><closed_date>25-09-20 22:51:15:293</closed_date></polygon></object><object><name>m2_s06_252_p_ic047</name><deleted>0</deleted><verified>0</verified><occluded>no</occluded><attributes></attributes><parts><hasparts></hasparts><ispartof></ispartof></parts><date>27-09-20 00:01:40:960</date><id>1</id><type>bounding_box</type><polygon><username>anonymous</username><pt><x>485</x><y>309</y><time>27-09-20 00:01:34:429</time></pt><pt><x>3604</x><y>309</y><time>27-09-20 00:01:37:046</time></pt><pt><x>3604</x><y>2535</y><time>undefined</time></pt><pt><x>485</x><y>2535</y><time>undefined</time></pt><closed_date>27-09-20 00:01:37:047</closed_date></polygon></object></annotation>