<annotation><filename>m2_s07_264_p_nic076.jpg</filename><folder>users/joselusava//valeria/sala7_264_nic</folder><source><submittedBy>Jose Saca</submittedBy></source><imagesize><nrows>2910</nrows><ncols>4361</ncols></imagesize><object><name>m2_s07_264_p_nic076</name><deleted>0</deleted><verified>0</verified><occluded>no</occluded><attributes></attributes><parts><hasparts></hasparts><ispartof></ispartof></parts><date>23-09-20 21:22:15:714</date><id>0</id><type>bounding_box</type><polygon><username>anonymous</username><pt><x>882</x><y>2761</y><time>23-09-20 21:22:11:335</time></pt><pt><x>2238</x><y>2761</y><time>23-09-20 21:22:13:130</time></pt><pt><x>2238</x><y>970</y><time>undefined</time></pt><pt><x>882</x><y>970</y><time>undefined</time></pt><closed_date>23-09-20 21:22:13:131</closed_date></polygon></object></annotation>