<annotation><filename>m2_s01_032_p_ic083.jpg</filename><folder>users/joselusava//santiago_2</folder><source><submittedBy>Jose Saca</submittedBy></source><imagesize><nrows>2850</nrows><ncols>4271</ncols></imagesize><object><name>m2_s01_032_p_ic083</name><deleted>0</deleted><verified>0</verified><occluded>no</occluded><attributes></attributes><parts><hasparts></hasparts><ispartof></ispartof></parts><date>30-09-20 17:09:27:584</date><id>0</id><type>bounding_box</type><polygon><username>anonymous</username><pt><x>1270</x><y>29</y><time>30-09-20 17:09:22:753</time></pt><pt><x>3036</x><y>29</y><time>30-09-20 17:09:25:732</time></pt><pt><x>3036</x><y>2542</y><time>undefined</time></pt><pt><x>1270</x><y>2542</y><time>undefined</time></pt><closed_date>30-09-20 17:09:25:734</closed_date></polygon></object></annotation>