<annotation><filename>m2_s03_217_x.jpg</filename><folder>users/joselusava//juancarlos</folder><source><submittedBy>Jose Saca</submittedBy></source><imagesize><nrows>2910</nrows><ncols>4361</ncols></imagesize><object><name>m2_s03_217_x</name><deleted>0</deleted><verified>0</verified><occluded>no</occluded><attributes></attributes><parts><hasparts></hasparts><ispartof></ispartof></parts><date>30-09-20 16:12:02:743</date><id>0</id><type>bounding_box</type><polygon><username>anonymous</username><pt><x>809</x><y>358</y><time>30-09-20 16:11:55:874</time></pt><pt><x>3310</x><y>358</y><time>30-09-20 16:11:57:700</time></pt><pt><x>3310</x><y>2427</y><time>undefined</time></pt><pt><x>809</x><y>2427</y><time>undefined</time></pt><closed_date>30-09-20 16:11:57:700</closed_date></polygon></object></annotation>