<annotation><filename>m2_s01_051_x.jpg</filename><folder>users/joselusava//juancarlos</folder><source><submittedBy>Jose Saca</submittedBy></source><imagesize><nrows>2850</nrows><ncols>4271</ncols></imagesize><object><name>m2_s01_051_x</name><deleted>0</deleted><verified>0</verified><occluded>no</occluded><attributes></attributes><parts><hasparts></hasparts><ispartof></ispartof></parts><date>28-09-20 11:10:31:877</date><id>0</id><polygon><username>anonymous</username><pt><x>788</x><y>678</y><time>28-09-20 11:10:21:184</time></pt><pt><x>287</x><y>2244</y><time>28-09-20 11:10:22:300</time></pt><pt><x>3861</x><y>2317</y><time>28-09-20 11:10:23:238</time></pt><pt><x>3451</x><y>596</y><time>28-09-20 11:10:24:429</time></pt><closed_date>28-09-20 11:10:25:567</closed_date></polygon></object></annotation>