<annotation><filename>m3_s01_002_p_ic086.jpg</filename><folder>users/joselusava//santiago_3</folder><source><submittedBy>Jose Saca</submittedBy></source><imagesize><nrows>2970</nrows><ncols>4451</ncols></imagesize><object><name>m3_s01_002_p_ic086</name><deleted>0</deleted><verified>0</verified><occluded>no</occluded><attributes></attributes><parts><hasparts></hasparts><ispartof></ispartof></parts><date>29-10-20 13:30:13:447</date><id>0</id><type>bounding_box</type><polygon><username>anonymous</username><pt><x>482</x><y>371</y><time>29-10-20 13:30:09:650</time></pt><pt><x>3930</x><y>371</y><time>29-10-20 13:30:11:092</time></pt><pt><x>3930</x><y>2667</y><time>undefined</time></pt><pt><x>482</x><y>2667</y><time>undefined</time></pt><closed_date>29-10-20 13:30:11:092</closed_date></polygon></object></annotation>