<annotation><filename>m4_s06_089_p_ic006.jpg</filename><folder>users/joselusava//santiago_2</folder><source><submittedBy>Jose Saca</submittedBy></source><imagesize><nrows>2970</nrows><ncols>4451</ncols></imagesize><object><name>m4_s06_089_p_ic006</name><deleted>0</deleted><verified>0</verified><occluded>no</occluded><attributes></attributes><parts><hasparts></hasparts><ispartof></ispartof></parts><date>10-10-20 22:31:53:695</date><id>0</id><type>bounding_box</type><polygon><username>anonymous</username><pt><x>1736</x><y>438</y><time>10-10-20 22:31:46:935</time></pt><pt><x>2875</x><y>438</y><time>10-10-20 22:31:49:765</time></pt><pt><x>2875</x><y>2426</y><time>undefined</time></pt><pt><x>1736</x><y>2426</y><time>undefined</time></pt><closed_date>10-10-20 22:31:49:766</closed_date></polygon></object></annotation>