<annotation><filename>m4_s04_039_p_ic005.jpg</filename><folder>users/joselusava//santiago_2</folder><source><submittedBy>Jose Saca</submittedBy></source><imagesize><nrows>2970</nrows><ncols>4451</ncols></imagesize><object><name>m4_s04_039_p_ic005</name><deleted>0</deleted><verified>0</verified><occluded>no</occluded><attributes></attributes><parts><hasparts></hasparts><ispartof></ispartof></parts><date>20-10-20 13:51:05:739</date><id>0</id><type>bounding_box</type><polygon><username>anonymous</username><pt><x>1821</x><y>161</y><time>20-10-20 13:51:01:553</time></pt><pt><x>2538</x><y>161</y><time>20-10-20 13:51:03:693</time></pt><pt><x>2538</x><y>2820</y><time>undefined</time></pt><pt><x>1821</x><y>2820</y><time>undefined</time></pt><closed_date>20-10-20 13:51:03:695</closed_date></polygon></object></annotation>