<annotation><filename>m4_s04_045_p_nic012.jpg</filename><folder>users/joselusava//valeria/m04_s04_45_nic</folder><source><submittedBy>Jose Saca</submittedBy></source><imagesize><nrows>2970</nrows><ncols>4451</ncols></imagesize><object><name>m4_s04_045_p_nic012</name><deleted>0</deleted><verified>0</verified><occluded>no</occluded><attributes></attributes><parts><hasparts></hasparts><ispartof></ispartof></parts><date>20-10-20 00:14:38:034</date><id>0</id><type>bounding_box</type><polygon><username>anonymous</username><pt><x>1953</x><y>1514</y><time>20-10-20 00:14:32:880</time></pt><pt><x>2804</x><y>1514</y><time>20-10-20 00:14:34:890</time></pt><pt><x>2804</x><y>131</y><time>undefined</time></pt><pt><x>1953</x><y>131</y><time>undefined</time></pt><closed_date>20-10-20 00:14:34:891</closed_date></polygon></object></annotation>