<annotation><filename>img_m1_s10_303_p_nic058.jpg</filename><folder>users/joselusava//santiago</folder><source><submittedBy>Jose Saca</submittedBy></source><imagesize><nrows>3200</nrows><ncols>4800</ncols></imagesize><object><name>m1_s10_303_p_nic058</name><deleted>0</deleted><verified>0</verified><occluded>no</occluded><attributes></attributes><parts><hasparts></hasparts><ispartof></ispartof></parts><date>01-09-20 22:08:36:459</date><id>0</id><type>bounding_box</type><polygon><username>anonymous</username><pt><x>389</x><y>1080</y><time>01-09-20 22:08:25:532</time></pt><pt><x>1227</x><y>1080</y><time>01-09-20 22:08:27:131</time></pt><pt><x>1227</x><y>1973</y><time>undefined</time></pt><pt><x>389</x><y>1973</y><time>undefined</time></pt><closed_date>01-09-20 22:08:27:132</closed_date></polygon></object></annotation>