<annotation><filename>m1_s02_029_p_nic098.jpg</filename><folder>users/joselusava//valeria/sala2_029_nic</folder><source><submittedBy>Jose Saca</submittedBy></source><imagesize><nrows>3200</nrows><ncols>4800</ncols></imagesize><object><name>m1_s02_029_p_nic098</name><deleted>0</deleted><verified>0</verified><occluded>no</occluded><attributes></attributes><parts><hasparts></hasparts><ispartof></ispartof></parts><date>26-08-20 21:17:36:128</date><id>0</id><type>bounding_box</type><polygon><username>anonymous</username><pt><x>3125</x><y>1412</y><time>26-08-20 21:17:28:571</time></pt><pt><x>4161</x><y>1412</y><time>26-08-20 21:17:30:429</time></pt><pt><x>4161</x><y>2540</y><time>undefined</time></pt><pt><x>3125</x><y>2540</y><time>undefined</time></pt><closed_date>26-08-20 21:17:30:430</closed_date></polygon></object></annotation>