<annotation><filename>m1_s02_052_p_ic084.jpg</filename><folder>users/joselusava//valeria/sala2_052_ic</folder><source><submittedBy>Jose Saca</submittedBy></source><imagesize><nrows>3200</nrows><ncols>4800</ncols></imagesize><object><name>m1_s02_052_p_ic084</name><deleted>0</deleted><verified>0</verified><occluded>no</occluded><attributes></attributes><parts><hasparts></hasparts><ispartof></ispartof></parts><date>25-08-20 19:51:28:820</date><id>0</id><type>bounding_box</type><polygon><username>anonymous</username><pt><x>553</x><y>70</y><time>25-08-20 19:51:21:887</time></pt><pt><x>4199</x><y>70</y><time>25-08-20 19:51:24:973</time></pt><pt><x>4199</x><y>3184</y><time>undefined</time></pt><pt><x>553</x><y>3184</y><time>undefined</time></pt><closed_date>25-08-20 19:51:24:975</closed_date></polygon></object></annotation>