<annotation><filename>img_m1_s10_303_p_nic063.jpg</filename><folder>users/joselusava//santiago</folder><source><submittedBy>Jose Saca</submittedBy></source><imagesize><nrows>3200</nrows><ncols>4800</ncols></imagesize><object><name>m1_s10_303_p_nic063</name><deleted>0</deleted><verified>0</verified><occluded>no</occluded><attributes></attributes><parts><hasparts></hasparts><ispartof></ispartof></parts><date>01-09-20 22:14:29:667</date><id>0</id><type>bounding_box</type><polygon><username>anonymous</username><pt><x>738</x><y>2095</y><time>01-09-20 22:14:22:266</time></pt><pt><x>1537</x><y>2095</y><time>01-09-20 22:14:23:689</time></pt><pt><x>1537</x><y>2955</y><time>undefined</time></pt><pt><x>738</x><y>2955</y><time>undefined</time></pt><closed_date>01-09-20 22:14:23:690</closed_date></polygon></object></annotation>