<annotation><filename>m4_s06_085_x.jpg</filename><folder>users/joselusava//kath/m4_x</folder><source><submittedBy>Jose Saca</submittedBy></source><imagesize><nrows>2970</nrows><ncols>4451</ncols></imagesize><object><name>m4_s06_085_x</name><deleted>0</deleted><verified>0</verified><occluded>no</occluded><attributes></attributes><parts><hasparts></hasparts><ispartof></ispartof></parts><date>20-10-20 09:48:51:592</date><id>0</id><polygon><username>anonymous</username><pt><x>1278</x><y>144</y><time>20-10-20 09:48:41:685</time></pt><pt><x>1038</x><y>2706</y><time>20-10-20 09:48:42:850</time></pt><pt><x>3297</x><y>2725</y><time>20-10-20 09:48:43:978</time></pt><pt><x>3032</x><y>19</y><time>20-10-20 09:48:46:386</time></pt><closed_date>20-10-20 09:48:47:663</closed_date></polygon></object></annotation>