<annotation><filename>m4_s02_021_p_nic077.jpg</filename><folder>users/joselusava//santiago_2</folder><source><submittedBy>Jose Saca</submittedBy></source><imagesize><nrows>2910</nrows><ncols>4361</ncols></imagesize><object><name>m4_s02_021_p_nic077</name><deleted>0</deleted><verified>0</verified><occluded>no</occluded><attributes></attributes><parts><hasparts></hasparts><ispartof></ispartof></parts><date>05-10-20 11:44:56:487</date><id>0</id><type>bounding_box</type><polygon><username>anonymous</username><pt><x>2082</x><y>1029</y><time>05-10-20 11:44:53:742</time></pt><pt><x>2830</x><y>1029</y><time>05-10-20 11:44:54:874</time></pt><pt><x>2830</x><y>2508</y><time>undefined</time></pt><pt><x>2082</x><y>2508</y><time>undefined</time></pt><closed_date>05-10-20 11:44:54:874</closed_date></polygon></object></annotation>