<annotation><filename>m2_s02_130_x.jpg</filename><folder>users/joselusava//m2_jsv</folder><source><submittedBy>Jose Saca</submittedBy></source><imagesize><nrows>2910</nrows><ncols>4361</ncols></imagesize><object><name>m2_s02_129_x</name><deleted>0</deleted><verified>0</verified><occluded>no</occluded><attributes></attributes><parts><hasparts></hasparts><ispartof></ispartof></parts><date>19-09-20 23:31:07:262</date><id>0</id><type>bounding_box</type><polygon><username>anonymous</username><pt><x>3142</x><y>2089</y><time>19-09-20 23:31:05:335</time></pt><pt><x>1219</x><y>2089</y><time>19-09-20 23:31:06:643</time></pt><pt><x>1219</x><y>818</y><time>undefined</time></pt><pt><x>3142</x><y>818</y><time>undefined</time></pt><closed_date>19-09-20 23:31:06:643</closed_date></polygon></object></annotation>