<annotation><filename>img_m1_s03-04_108_p_nic098.jpg</filename><folder>users/joselusava//valeria/sala3y4_108_nic</folder><source><submittedBy>Jose Saca</submittedBy></source><imagesize><nrows>3200</nrows><ncols>4800</ncols></imagesize><object><name>m1_s03_s04_108_p_nic098</name><deleted>0</deleted><verified>0</verified><occluded>no</occluded><attributes></attributes><parts><hasparts></hasparts><ispartof></ispartof></parts><date>02-09-20 21:52:46:855</date><id>0</id><type>bounding_box</type><polygon><username>anonymous</username><pt><x>4503</x><y>2152</y><time>02-09-20 21:52:39:773</time></pt><pt><x>1206</x><y>2152</y><time>02-09-20 21:52:43:031</time></pt><pt><x>1206</x><y>1230</y><time>undefined</time></pt><pt><x>4503</x><y>1230</y><time>undefined</time></pt><closed_date>02-09-20 21:52:43:033</closed_date></polygon></object></annotation>