<annotation><filename>m2_s03_248_p_nic051.jpg</filename><folder>users/joselusava//museos2020</folder><source><submittedBy>Jose Saca</submittedBy></source><imagesize><nrows>2910</nrows><ncols>4361</ncols></imagesize><object><name>m2_s03_248_p_nic051</name><deleted>0</deleted><verified>0</verified><occluded>no</occluded><attributes></attributes><parts><hasparts></hasparts><ispartof></ispartof></parts><date>27-09-20 17:16:24:512</date><id>0</id><polygon><username>anonymous</username><pt><x>400</x><y>874</y><time>27-09-20 17:16:15:552</time></pt><pt><x>2445</x><y>837</y><time>27-09-20 17:16:16:518</time></pt><pt><x>1943</x><y>1539</y><time>27-09-20 17:16:17:883</time></pt><pt><x>200</x><y>1111</y><time>27-09-20 17:16:19:283</time></pt><closed_date>27-09-20 17:16:20:087</closed_date></polygon></object></annotation>