<annotation><filename>m2_s01_058_p_ic091.jpg</filename><folder>users/joselusava//m2_jsv/58/ic</folder><source><submittedBy>Jose Saca</submittedBy></source><imagesize><nrows>2850</nrows><ncols>4271</ncols></imagesize><object><name>m2_s01_058_p_ic091</name><deleted>0</deleted><verified>0</verified><occluded>no</occluded><attributes></attributes><parts><hasparts></hasparts><ispartof></ispartof></parts><date>29-09-20 20:58:16:761</date><id>0</id><type>bounding_box</type><polygon><username>anonymous</username><pt><x>3427</x><y>401</y><time>29-09-20 20:58:14:962</time></pt><pt><x>503</x><y>401</y><time>29-09-20 20:58:15:967</time></pt><pt><x>503</x><y>2685</y><time>undefined</time></pt><pt><x>3427</x><y>2685</y><time>undefined</time></pt><closed_date>29-09-20 20:58:15:968</closed_date></polygon></object></annotation>