<annotation><filename>m4_s10_154_p_ic031.jpg</filename><folder>users/joselusava//valeria/m04_s10_154_ic</folder><source><submittedBy>Jose Saca</submittedBy></source><imagesize><nrows>2970</nrows><ncols>4451</ncols></imagesize><object><name>m4_s10_154_p_ic031</name><deleted>0</deleted><verified>0</verified><occluded>no</occluded><attributes></attributes><parts><hasparts></hasparts><ispartof></ispartof></parts><date>13-10-20 18:11:48:499</date><id>0</id><type>bounding_box</type><polygon><username>anonymous</username><pt><x>2839</x><y>2679</y><time>13-10-20 18:11:40:881</time></pt><pt><x>1274</x><y>2679</y><time>13-10-20 18:11:43:445</time></pt><pt><x>1274</x><y>286</y><time>undefined</time></pt><pt><x>2839</x><y>286</y><time>undefined</time></pt><closed_date>13-10-20 18:11:43:446</closed_date></polygon></object></annotation>