<annotation><filename>m4_s12_185_p_nic082.jpg</filename><folder>users/joselusava//valeria/m04_s12_185_nic</folder><source><submittedBy>Jose Saca</submittedBy></source><imagesize><nrows>2910</nrows><ncols>4361</ncols></imagesize><object><name>m4_s12_185_p_nic082</name><deleted>0</deleted><verified>0</verified><occluded>no</occluded><attributes></attributes><parts><hasparts></hasparts><ispartof></ispartof></parts><date>17-10-20 23:51:57:072</date><id>0</id><type>bounding_box</type><polygon><username>anonymous</username><pt><x>1080</x><y>2406</y><time>17-10-20 23:51:51:185</time></pt><pt><x>4303</x><y>2406</y><time>17-10-20 23:51:53:302</time></pt><pt><x>4303</x><y>134</y><time>undefined</time></pt><pt><x>1080</x><y>134</y><time>undefined</time></pt><closed_date>17-10-20 23:51:53:303</closed_date></polygon></object></annotation>