<annotation><filename>m2_s07_264_p_ic082.jpg</filename><folder>users/joselusava//valeria/sala7_264_ic</folder><source><submittedBy>Jose Saca</submittedBy></source><imagesize><nrows>2910</nrows><ncols>4361</ncols></imagesize><object><name>m2_s07_264_p_ic082</name><deleted>0</deleted><verified>0</verified><occluded>no</occluded><attributes></attributes><parts><hasparts></hasparts><ispartof></ispartof></parts><date>23-09-20 12:19:35:389</date><id>0</id><type>bounding_box</type><polygon><username>anonymous</username><pt><x>1532</x><y>441</y><time>23-09-20 12:19:29:743</time></pt><pt><x>2987</x><y>441</y><time>23-09-20 12:19:32:177</time></pt><pt><x>2987</x><y>2491</y><time>undefined</time></pt><pt><x>1532</x><y>2491</y><time>undefined</time></pt><closed_date>23-09-20 12:19:32:178</closed_date></polygon></object></annotation>