<annotation><filename>m4_s06_076_x.jpg</filename><folder>users/joselusava//kath/m4_x</folder><source><submittedBy>Jose Saca</submittedBy></source><imagesize><nrows>2970</nrows><ncols>4451</ncols></imagesize><object><name>m4_s06_076_x</name><deleted>0</deleted><verified>0</verified><occluded>no</occluded><attributes></attributes><parts><hasparts></hasparts><ispartof></ispartof></parts><date>20-10-20 09:41:46:252</date><id>0</id><polygon><username>anonymous</username><pt><x>1336</x><y>610</y><time>20-10-20 09:41:39:462</time></pt><pt><x>1014</x><y>2259</y><time>20-10-20 09:41:40:351</time></pt><pt><x>3508</x><y>2451</y><time>20-10-20 09:41:41:163</time></pt><pt><x>3201</x><y>697</y><time>20-10-20 09:41:42:157</time></pt><closed_date>20-10-20 09:41:43:470</closed_date></polygon></object></annotation>