<annotation><filename>m4_s05_052_p_ic021.jpg</filename><folder>users/joselusava//santiago_2</folder><source><submittedBy>Jose Saca</submittedBy></source><imagesize><nrows>2910</nrows><ncols>4361</ncols></imagesize><object><name>m4_s05_052_p_ic021</name><deleted>0</deleted><verified>0</verified><occluded>no</occluded><attributes></attributes><parts><hasparts></hasparts><ispartof></ispartof></parts><date>07-10-20 16:29:55:403</date><id>0</id><type>bounding_box</type><polygon><username>anonymous</username><pt><x>1244</x><y>499</y><time>07-10-20 16:29:51:171</time></pt><pt><x>2851</x><y>499</y><time>07-10-20 16:29:52:691</time></pt><pt><x>2851</x><y>2418</y><time>undefined</time></pt><pt><x>1244</x><y>2418</y><time>undefined</time></pt><closed_date>07-10-20 16:29:52:692</closed_date></polygon></object></annotation>