<annotation><filename>m4_s04_039_p_ic018.jpg</filename><folder>users/joselusava//santiago_2</folder><source><submittedBy>Jose Saca</submittedBy></source><imagesize><nrows>2970</nrows><ncols>4451</ncols></imagesize><object><name>m4_s04_039_p_ic018</name><deleted>0</deleted><verified>0</verified><occluded>no</occluded><attributes></attributes><parts><hasparts></hasparts><ispartof></ispartof></parts><date>20-10-20 14:03:23:873</date><id>0</id><type>bounding_box</type><polygon><username>anonymous</username><pt><x>2010</x><y>275</y><time>20-10-20 14:03:19:979</time></pt><pt><x>2745</x><y>275</y><time>20-10-20 14:03:21:761</time></pt><pt><x>2745</x><y>2920</y><time>undefined</time></pt><pt><x>2010</x><y>2920</y><time>undefined</time></pt><closed_date>20-10-20 14:03:21:761</closed_date></polygon></object></annotation>