<annotation><filename>m2_s01_054_p_ic084.jpg</filename><folder>users/joselusava//kath</folder><source><submittedBy>Jose Saca</submittedBy></source><imagesize><nrows>2850</nrows><ncols>4271</ncols></imagesize><object><name>m2_s01_054_p_ic084</name><deleted>0</deleted><verified>0</verified><occluded>no</occluded><attributes></attributes><parts><hasparts></hasparts><ispartof></ispartof></parts><date>30-09-20 00:01:43:353</date><id>0</id><type>bounding_box</type><polygon><username>anonymous</username><pt><x>1193</x><y>302</y><time>30-09-20 00:01:36:163</time></pt><pt><x>2990</x><y>302</y><time>30-09-20 00:01:39:834</time></pt><pt><x>2990</x><y>2843</y><time>undefined</time></pt><pt><x>1193</x><y>2843</y><time>undefined</time></pt><closed_date>30-09-20 00:01:39:835</closed_date></polygon></object></annotation>