<annotation><filename>m2_s01_034_p_nic096.jpg</filename><folder>users/joselusava//kath</folder><source><submittedBy>Jose Saca</submittedBy></source><imagesize><nrows>2850</nrows><ncols>4271</ncols></imagesize><object><name>m2_s01_034_p_nic096</name><deleted>0</deleted><verified>0</verified><occluded>no</occluded><attributes></attributes><parts><hasparts></hasparts><ispartof></ispartof></parts><date>25-09-20 21:26:08:833</date><id>0</id><polygon><username>anonymous</username><pt><x>193</x><y>243</y><time>25-09-20 21:25:59:465</time></pt><pt><x>415</x><y>1855</y><time>25-09-20 21:26:01:588</time></pt><pt><x>1325</x><y>1475</y><time>25-09-20 21:26:03:102</time></pt><pt><x>1103</x><y>150</y><time>25-09-20 21:26:04:360</time></pt><closed_date>25-09-20 21:26:05:761</closed_date></polygon></object></annotation>