<annotation><filename>m3_s01_023_p_nic044.jpg</filename><folder>users/joselusava//santiago_3</folder><source><submittedBy>Jose Saca</submittedBy></source><imagesize><nrows>2970</nrows><ncols>4451</ncols></imagesize><object><name>m3_s01_023_p_nic044</name><deleted>0</deleted><verified>0</verified><occluded>no</occluded><attributes></attributes><parts><hasparts></hasparts><ispartof></ispartof></parts><date>06-11-20 09:31:55:764</date><id>0</id><type>bounding_box</type><polygon><username>anonymous</username><pt><x>546</x><y>553</y><time>06-11-20 09:31:51:527</time></pt><pt><x>2324</x><y>553</y><time>06-11-20 09:31:52:948</time></pt><pt><x>2324</x><y>2406</y><time>undefined</time></pt><pt><x>546</x><y>2406</y><time>undefined</time></pt><closed_date>06-11-20 09:31:52:949</closed_date></polygon></object></annotation>