<annotation><filename>m2_s01_034_p_ic021.jpg</filename><folder>users/joselusava//kath</folder><source><submittedBy>Jose Saca</submittedBy></source><imagesize><nrows>2850</nrows><ncols>4271</ncols></imagesize><object><name>m2_s01_034_p_ic021</name><deleted>0</deleted><verified>0</verified><occluded>no</occluded><attributes></attributes><parts><hasparts></hasparts><ispartof></ispartof></parts><date>23-09-20 22:54:00:751</date><id>0</id><type>bounding_box</type><polygon><username>anonymous</username><pt><x>1369</x><y>302</y><time>23-09-20 22:53:49:414</time></pt><pt><x>2906</x><y>302</y><time>23-09-20 22:53:53:680</time></pt><pt><x>2906</x><y>2653</y><time>undefined</time></pt><pt><x>1369</x><y>2653</y><time>undefined</time></pt><closed_date>23-09-20 22:53:53:681</closed_date></polygon></object></annotation>