<annotation><filename>m2_s01_053_x.jpg</filename><folder>users/joselusava//juancarlos</folder><source><submittedBy>Jose Saca</submittedBy></source><imagesize><nrows>2850</nrows><ncols>4271</ncols></imagesize><object><name>m2_s01_053_x</name><deleted>0</deleted><verified>0</verified><occluded>no</occluded><attributes></attributes><parts><hasparts></hasparts><ispartof></ispartof></parts><date>28-09-20 11:11:52:874</date><id>0</id><type>bounding_box</type><polygon><username>anonymous</username><pt><x>1593</x><y>187</y><time>28-09-20 11:11:41:012</time></pt><pt><x>2631</x><y>187</y><time>28-09-20 11:11:46:139</time></pt><pt><x>2631</x><y>2713</y><time>undefined</time></pt><pt><x>1593</x><y>2713</y><time>undefined</time></pt><closed_date>28-09-20 11:11:46:140</closed_date></polygon></object></annotation>