<annotation><filename>m2_s03_252_p_ic022.jpg</filename><folder>users/joselusava//valeria/m2_sala03_252_ic</folder><source><submittedBy>Jose Saca</submittedBy></source><imagesize><nrows>2910</nrows><ncols>4361</ncols></imagesize><object><name>m2_s06_252_p_ic022</name><deleted>0</deleted><verified>0</verified><occluded>no</occluded><attributes></attributes><parts><hasparts></hasparts><ispartof></ispartof></parts><date>25-09-20 20:12:01:067</date><id>0</id><type>bounding_box</type><polygon><username>anonymous</username><pt><x>402</x><y>2634</y><time>25-09-20 20:11:54:919</time></pt><pt><x>3704</x><y>2634</y><time>25-09-20 20:11:57:545</time></pt><pt><x>3704</x><y>816</y><time>undefined</time></pt><pt><x>402</x><y>816</y><time>undefined</time></pt><closed_date>25-09-20 20:11:57:546</closed_date></polygon></object></annotation>