<annotation><filename>m2_s01_010_p_nic095.jpg</filename><folder>users/joselusava//santiago</folder><source><submittedBy>Jose Saca</submittedBy></source><imagesize><nrows>2850</nrows><ncols>4271</ncols></imagesize><object><name>m2_s01_010_p_nic095</name><deleted>0</deleted><verified>0</verified><occluded>no</occluded><attributes></attributes><parts><hasparts></hasparts><ispartof></ispartof></parts><date>22-09-20 21:56:38:843</date><id>0</id><type>bounding_box</type><polygon><username>anonymous</username><pt><x>2430</x><y>1112</y><time>22-09-20 21:56:30:691</time></pt><pt><x>3475</x><y>1112</y><time>22-09-20 21:56:32:622</time></pt><pt><x>3475</x><y>2251</y><time>undefined</time></pt><pt><x>2430</x><y>2251</y><time>undefined</time></pt><closed_date>22-09-20 21:56:32:623</closed_date></polygon></object></annotation>