<annotation><filename>m4_s02_021_p_nic098.jpg</filename><folder>users/joselusava//santiago_2</folder><source><submittedBy>Jose Saca</submittedBy></source><imagesize><nrows>2910</nrows><ncols>4361</ncols></imagesize><object><name>m4_s02_021_p_nic098</name><deleted>0</deleted><verified>0</verified><occluded>no</occluded><attributes></attributes><parts><hasparts></hasparts><ispartof></ispartof></parts><date>05-10-20 12:02:44:173</date><id>0</id><type>bounding_box</type><polygon><username>anonymous</username><pt><x>1746</x><y>166</y><time>05-10-20 12:02:40:421</time></pt><pt><x>2598</x><y>166</y><time>05-10-20 12:02:41:611</time></pt><pt><x>2598</x><y>1736</y><time>undefined</time></pt><pt><x>1746</x><y>1736</y><time>undefined</time></pt><closed_date>05-10-20 12:02:41:611</closed_date></polygon></object></annotation>