<annotation><filename>m4_s10_157_p_ic022.jpg</filename><folder>users/joselusava//valeria/m04_s10_157_nic</folder><source><submittedBy>Jose Saca</submittedBy></source><imagesize><nrows>2970</nrows><ncols>4451</ncols></imagesize><object><name>m4_s10_157_p_nic022</name><deleted>0</deleted><verified>0</verified><occluded>no</occluded><attributes></attributes><parts><hasparts></hasparts><ispartof></ispartof></parts><date>12-10-20 19:20:53:688</date><id>0</id><type>bounding_box</type><polygon><username>anonymous</username><pt><x>197</x><y>2244</y><time>12-10-20 19:20:48:259</time></pt><pt><x>2008</x><y>2244</y><time>12-10-20 19:20:50:310</time></pt><pt><x>2008</x><y>101</y><time>undefined</time></pt><pt><x>197</x><y>101</y><time>undefined</time></pt><closed_date>12-10-20 19:20:50:310</closed_date></polygon></object></annotation>