<annotation><filename>m2_s02_190_p_nic044.jpg</filename><folder>users/joselusava//m2_jsv/190/nic</folder><source><submittedBy>Jose Saca</submittedBy></source><imagesize><nrows>2910</nrows><ncols>4361</ncols></imagesize><object><name>m2_s02_190_p_nic044</name><deleted>0</deleted><verified>0</verified><occluded>no</occluded><attributes></attributes><parts><hasparts></hasparts><ispartof></ispartof></parts><date>21-09-20 15:05:54:467</date><id>0</id><type>bounding_box</type><polygon><username>anonymous</username><pt><x>1515</x><y>1341</y><time>21-09-20 15:05:52:431</time></pt><pt><x>618</x><y>1341</y><time>21-09-20 15:05:53:764</time></pt><pt><x>618</x><y>287</y><time>undefined</time></pt><pt><x>1515</x><y>287</y><time>undefined</time></pt><closed_date>21-09-20 15:05:53:764</closed_date></polygon></object></annotation>