<annotation><filename>m4_s09_138_p_nic007.jpg</filename><folder>users/joselusava//santiago_2</folder><source><submittedBy>Jose Saca</submittedBy></source><imagesize><nrows>2970</nrows><ncols>4451</ncols></imagesize><object><name>m4_s09_138_p_nic007</name><deleted>0</deleted><verified>0</verified><occluded>no</occluded><attributes></attributes><parts><hasparts></hasparts><ispartof></ispartof></parts><date>22-10-20 23:08:47:479</date><id>0</id><type>bounding_box</type><polygon><username>anonymous</username><pt><x>453</x><y>689</y><time>22-10-20 23:08:44:127</time></pt><pt><x>2820</x><y>689</y><time>22-10-20 23:08:45:358</time></pt><pt><x>2820</x><y>1742</y><time>undefined</time></pt><pt><x>453</x><y>1742</y><time>undefined</time></pt><closed_date>22-10-20 23:08:45:359</closed_date></polygon></object></annotation>