<annotation><filename>m1_s02_036_p_ic098.jpg</filename><folder>users/joselusava//valeria/sala2_036_ic</folder><source><submittedBy>Jose Saca</submittedBy></source><imagesize><nrows>3200</nrows><ncols>4800</ncols></imagesize><object><name>m1_s01_036_p_ic098</name><deleted>0</deleted><verified>0</verified><occluded>no</occluded><attributes></attributes><parts><hasparts></hasparts><ispartof></ispartof></parts><date>23-08-20 23:54:53:318</date><id>0</id><type>bounding_box</type><polygon><username>anonymous</username><pt><x>1170</x><y>370</y><time>23-08-20 23:54:45:368</time></pt><pt><x>3909</x><y>370</y><time>23-08-20 23:54:48:474</time></pt><pt><x>3909</x><y>2792</y><time>undefined</time></pt><pt><x>1170</x><y>2792</y><time>undefined</time></pt><closed_date>23-08-20 23:54:48:476</closed_date></polygon></object></annotation>