<annotation><filename>m3_s01_023_p_nic050.jpg</filename><folder>users/joselusava//santiago_3</folder><source><submittedBy>Jose Saca</submittedBy></source><imagesize><nrows>2970</nrows><ncols>4451</ncols></imagesize><object><name>m3_s01_023_p_nic050</name><deleted>0</deleted><verified>0</verified><occluded>no</occluded><attributes></attributes><parts><hasparts></hasparts><ispartof></ispartof></parts><date>06-11-20 09:35:45:626</date><id>0</id><type>bounding_box</type><polygon><username>anonymous</username><pt><x>257</x><y>411</y><time>06-11-20 09:35:42:005</time></pt><pt><x>2456</x><y>411</y><time>06-11-20 09:35:43:316</time></pt><pt><x>2456</x><y>2574</y><time>undefined</time></pt><pt><x>257</x><y>2574</y><time>undefined</time></pt><closed_date>06-11-20 09:35:43:317</closed_date></polygon></object></annotation>