<annotation><filename>m2_s01_054_p_ic051.jpg</filename><folder>users/joselusava//kath</folder><source><submittedBy>Jose Saca</submittedBy></source><imagesize><nrows>2850</nrows><ncols>4271</ncols></imagesize><object><name>m2_s01_054_p_ic051</name><deleted>1</deleted><verified>0</verified><occluded>no</occluded><attributes/><parts><hasparts/><ispartof/></parts><date>29-09-20 23:29:50:133</date><id>0</id><type>bounding_box</type><polygon><username>anonymous</username><pt><x>1235</x><y>281</y><time>29-09-20 23:29:43:970</time></pt><pt><x>2885</x><y>281</y><time>29-09-20 23:29:46:961</time></pt><pt><x>2885</x><y>2710</y><time>undefined</time></pt><pt><x>1235</x><y>2710</y><time>undefined</time></pt><closed_date>29-09-20 23:29:46:963</closed_date></polygon></object><object><name>m2_s01_054_p_ic051</name><deleted>0</deleted><verified>0</verified><occluded>no</occluded><attributes></attributes><parts><hasparts></hasparts><ispartof></ispartof></parts><date>29-09-20 23:31:01:986</date><id>1</id><type>bounding_box</type><polygon><username>anonymous</username><pt><x>1278</x><y>246</y><time>29-09-20 23:30:54:876</time></pt><pt><x>2878</x><y>246</y><time>29-09-20 23:30:58:201</time></pt><pt><x>2878</x><y>2618</y><time>undefined</time></pt><pt><x>1278</x><y>2618</y><time>undefined</time></pt><closed_date>29-09-20 23:30:58:202</closed_date></polygon></object></annotation>