<annotation><filename>m1_s01_017_p_ic034.jpg</filename><folder>users/joselusava//santiago</folder><source><submittedBy>Jose Saca</submittedBy></source><imagesize><nrows>3200</nrows><ncols>4800</ncols></imagesize><object><name>m1_s01_017_p_ic034</name><deleted>0</deleted><verified>0</verified><occluded>no</occluded><attributes></attributes><parts><hasparts></hasparts><ispartof></ispartof></parts><date>10-09-20 15:03:15:694</date><id>0</id><type>bounding_box</type><polygon><username>anonymous</username><pt><x>1724</x><y>1055</y><time>10-09-20 15:03:06:782</time></pt><pt><x>3337</x><y>1055</y><time>10-09-20 15:03:09:168</time></pt><pt><x>3337</x><y>2117</y><time>undefined</time></pt><pt><x>1724</x><y>2117</y><time>undefined</time></pt><closed_date>10-09-20 15:03:09:169</closed_date></polygon></object></annotation>