<annotation><filename>m2_s06_244_p_nic076.jpg</filename><folder>users/joselusava//museos2020</folder><source><submittedBy>Jose Saca</submittedBy></source><imagesize><nrows>2910</nrows><ncols>4361</ncols></imagesize><object><name>m2_s06_244_p_ic076</name><deleted>0</deleted><verified>0</verified><occluded>no</occluded><attributes></attributes><parts><hasparts></hasparts><ispartof></ispartof></parts><date>26-09-20 21:52:00:043</date><id>0</id><type>bounding_box</type><polygon><username>anonymous</username><pt><x>1836</x><y>1753</y><time>26-09-20 21:51:51:308</time></pt><pt><x>3649</x><y>1753</y><time>26-09-20 21:51:52:674</time></pt><pt><x>3649</x><y>2654</y><time>undefined</time></pt><pt><x>1836</x><y>2654</y><time>undefined</time></pt><closed_date>26-09-20 21:51:52:676</closed_date></polygon></object></annotation>