<annotation><filename>m4_s12_185_p_ic067.jpg</filename><folder>users/joselusava//valeria/m04_s12_185_ic</folder><source><submittedBy>Jose Saca</submittedBy></source><imagesize><nrows>2910</nrows><ncols>4361</ncols></imagesize><object><name>m4_s12_185_p_ic067</name><deleted>0</deleted><verified>0</verified><occluded>no</occluded><attributes></attributes><parts><hasparts></hasparts><ispartof></ispartof></parts><date>17-10-20 18:19:27:360</date><id>0</id><type>bounding_box</type><polygon><username>anonymous</username><pt><x>3677</x><y>2597</y><time>17-10-20 18:19:21:352</time></pt><pt><x>560</x><y>2597</y><time>17-10-20 18:19:24:232</time></pt><pt><x>560</x><y>213</y><time>undefined</time></pt><pt><x>3677</x><y>213</y><time>undefined</time></pt><closed_date>17-10-20 18:19:24:233</closed_date></polygon></object></annotation>