<annotation><filename>m1_s06_144_p_nic062.jpg</filename><folder>users/joselusava//jacob_2/144nic</folder><source><submittedBy>Jose Saca</submittedBy></source><imagesize><nrows>2736</nrows><ncols>4100</ncols></imagesize><object><name>m1_s06_144_p_nic062</name><deleted>0</deleted><verified>0</verified><occluded>no</occluded><attributes></attributes><parts><hasparts></hasparts><ispartof></ispartof></parts><date>08-09-20 02:21:49:119</date><id>0</id><type>bounding_box</type><polygon><username>anonymous</username><pt><x>1850</x><y>2447</y><time>08-09-20 02:21:46:832</time></pt><pt><x>205</x><y>2447</y><time>08-09-20 02:21:48:617</time></pt><pt><x>205</x><y>1039</y><time>undefined</time></pt><pt><x>1850</x><y>1039</y><time>undefined</time></pt><closed_date>08-09-20 02:21:48:617</closed_date></polygon></object></annotation>