<annotation><filename>m4_s07_105_p_ic011.jpg</filename><folder>users/joselusava//kath/m4_105</folder><source><submittedBy>Jose Saca</submittedBy></source><imagesize><nrows>2970</nrows><ncols>4451</ncols></imagesize><object><name>m4_s07_105_p_ic011</name><deleted>0</deleted><verified>0</verified><occluded>no</occluded><attributes></attributes><parts><hasparts></hasparts><ispartof></ispartof></parts><date>25-10-20 09:09:03:495</date><id>0</id><type>bounding_box</type><polygon><username>anonymous</username><pt><x>1846</x><y>2547</y><time>25-10-20 09:08:57:687</time></pt><pt><x>2847</x><y>2547</y><time>25-10-20 09:09:01:025</time></pt><pt><x>2847</x><y>410</y><time>undefined</time></pt><pt><x>1846</x><y>410</y><time>undefined</time></pt><closed_date>25-10-20 09:09:01:026</closed_date></polygon></object></annotation>