<annotation><filename>m2_s01_001_p_ic008.jpg</filename><folder>users/joselusava//santiago</folder><source><submittedBy>Jose Saca</submittedBy></source><imagesize><nrows>2850</nrows><ncols>4271</ncols></imagesize><object><name>m2_s01_001_p_ic008</name><deleted>0</deleted><verified>0</verified><occluded>no</occluded><attributes></attributes><parts><hasparts></hasparts><ispartof></ispartof></parts><date>18-09-20 22:21:15:378</date><id>0</id><type>bounding_box</type><polygon><username>anonymous</username><pt><x>853</x><y>263</y><time>18-09-20 22:20:59:556</time></pt><pt><x>3151</x><y>263</y><time>18-09-20 22:21:03:306</time></pt><pt><x>3151</x><y>2584</y><time>undefined</time></pt><pt><x>853</x><y>2584</y><time>undefined</time></pt><closed_date>18-09-20 22:21:03:308</closed_date></polygon></object></annotation>