<annotation><filename>m4_s02_021_p_ic016.jpg</filename><folder>users/joselusava//santiago_2</folder><source><submittedBy>Jose Saca</submittedBy></source><imagesize><nrows>2910</nrows><ncols>4361</ncols></imagesize><object><name>m4_s02_021_p_ic016</name><deleted>0</deleted><verified>0</verified><occluded>no</occluded><attributes></attributes><parts><hasparts></hasparts><ispartof></ispartof></parts><date>03-10-20 17:46:16:170</date><id>0</id><type>bounding_box</type><polygon><username>anonymous</username><pt><x>1711</x><y>80</y><time>03-10-20 17:46:10:839</time></pt><pt><x>2955</x><y>80</y><time>03-10-20 17:46:13:247</time></pt><pt><x>2955</x><y>2713</y><time>undefined</time></pt><pt><x>1711</x><y>2713</y><time>undefined</time></pt><closed_date>03-10-20 17:46:13:248</closed_date></polygon></object></annotation>