<annotation><filename>m1_s01_017_p_nic051.jpg</filename><folder>users/joselusava//santiago</folder><source><submittedBy>Jose Saca</submittedBy></source><imagesize><nrows>3200</nrows><ncols>4800</ncols></imagesize><object><name>m1_s01_017_p_nic051</name><deleted>0</deleted><verified>0</verified><occluded>no</occluded><attributes></attributes><parts><hasparts></hasparts><ispartof></ispartof></parts><date>11-09-20 19:18:23:380</date><id>0</id><type>bounding_box</type><polygon><username>anonymous</username><pt><x>1854</x><y>774</y><time>11-09-20 19:18:16:435</time></pt><pt><x>2340</x><y>774</y><time>11-09-20 19:18:17:263</time></pt><pt><x>2340</x><y>1123</y><time>undefined</time></pt><pt><x>1854</x><y>1123</y><time>undefined</time></pt><closed_date>11-09-20 19:18:17:263</closed_date></polygon></object></annotation>