<annotation><filename>m4_s06_089_p_nic039.jpg</filename><folder>users/joselusava//santiago_2</folder><source><submittedBy>Jose Saca</submittedBy></source><imagesize><nrows>2970</nrows><ncols>4451</ncols></imagesize><object><name>m4_s06_089_p_nic039</name><deleted>0</deleted><verified>0</verified><occluded>no</occluded><attributes></attributes><parts><hasparts></hasparts><ispartof></ispartof></parts><date>12-10-20 21:03:40:629</date><id>0</id><type>bounding_box</type><polygon><username>anonymous</username><pt><x>1178</x><y>193</y><time>12-10-20 21:03:37:369</time></pt><pt><x>2542</x><y>193</y><time>12-10-20 21:03:38:385</time></pt><pt><x>2542</x><y>2028</y><time>undefined</time></pt><pt><x>1178</x><y>2028</y><time>undefined</time></pt><closed_date>12-10-20 21:03:38:386</closed_date></polygon></object></annotation>