<annotation><filename>m4_s05_052_p_ic039.jpg</filename><folder>users/joselusava//santiago_2</folder><source><submittedBy>Jose Saca</submittedBy></source><imagesize><nrows>2910</nrows><ncols>4361</ncols></imagesize><object><name>m4_s05_052_p_ic039</name><deleted>0</deleted><verified>0</verified><occluded>no</occluded><attributes></attributes><parts><hasparts></hasparts><ispartof></ispartof></parts><date>07-10-20 22:07:11:258</date><id>0</id><type>bounding_box</type><polygon><username>anonymous</username><pt><x>1368</x><y>516</y><time>07-10-20 22:07:06:303</time></pt><pt><x>2969</x><y>516</y><time>07-10-20 22:07:08:380</time></pt><pt><x>2969</x><y>2311</y><time>undefined</time></pt><pt><x>1368</x><y>2311</y><time>undefined</time></pt><closed_date>07-10-20 22:07:08:382</closed_date></polygon></object></annotation>