<annotation><filename>m1_s06_168_p_ic058.jpg</filename><folder>users/joselusava//jacob_2/168ic</folder><source><submittedBy>Jose Saca</submittedBy></source><imagesize><nrows>2736</nrows><ncols>4100</ncols></imagesize><object><name>m1_s06_168_p_ic058</name><deleted>0</deleted><verified>0</verified><occluded>no</occluded><attributes></attributes><parts><hasparts></hasparts><ispartof></ispartof></parts><date>08-09-20 20:13:38:955</date><id>0</id><type>bounding_box</type><polygon><username>anonymous</username><pt><x>2766</x><y>90</y><time>08-09-20 20:13:26:236</time></pt><pt><x>1358</x><y>90</y><time>08-09-20 20:13:27:704</time></pt><pt><x>1358</x><y>2455</y><time>undefined</time></pt><pt><x>2766</x><y>2455</y><time>undefined</time></pt><closed_date>08-09-20 20:13:27:706</closed_date></polygon></object></annotation>