<annotation><filename>m2_s01_054_p_ic070.jpg</filename><folder>users/joselusava//kath</folder><source><submittedBy>Jose Saca</submittedBy></source><imagesize><nrows>2850</nrows><ncols>4271</ncols></imagesize><object><name>m2_s01_054_p_ic070</name><deleted>0</deleted><verified>0</verified><occluded>no</occluded><attributes></attributes><parts><hasparts></hasparts><ispartof></ispartof></parts><date>29-09-20 23:48:38:575</date><id>0</id><type>bounding_box</type><polygon><username>anonymous</username><pt><x>1264</x><y>42</y><time>29-09-20 23:48:28:505</time></pt><pt><x>2703</x><y>42</y><time>29-09-20 23:48:31:629</time></pt><pt><x>2703</x><y>2555</y><time>undefined</time></pt><pt><x>1264</x><y>2555</y><time>undefined</time></pt><closed_date>29-09-20 23:48:31:630</closed_date></polygon></object></annotation>