<annotation><filename>m2_s07_264_p_nic061.jpg</filename><folder>users/joselusava//valeria/sala7_264_nic</folder><source><submittedBy>Jose Saca</submittedBy></source><imagesize><nrows>2910</nrows><ncols>4361</ncols></imagesize><object><name>m2_s07_264_p_nic061</name><deleted>0</deleted><verified>0</verified><occluded>no</occluded><attributes></attributes><parts><hasparts></hasparts><ispartof></ispartof></parts><date>23-09-20 21:04:14:171</date><id>0</id><type>bounding_box</type><polygon><username>anonymous</username><pt><x>2287</x><y>2028</y><time>23-09-20 21:04:08:166</time></pt><pt><x>3737</x><y>2028</y><time>23-09-20 21:04:10:083</time></pt><pt><x>3737</x><y>220</y><time>undefined</time></pt><pt><x>2287</x><y>220</y><time>undefined</time></pt><closed_date>23-09-20 21:04:10:084</closed_date></polygon></object></annotation>