<annotation><filename>m2_s01_018_p_ic036.jpg</filename><folder>users/joselusava//santiago_2</folder><source><submittedBy>Jose Saca</submittedBy></source><imagesize><nrows>2850</nrows><ncols>4271</ncols></imagesize><object><name>m2_s01_018_p_ic036</name><deleted>0</deleted><verified>0</verified><occluded>no</occluded><attributes></attributes><parts><hasparts></hasparts><ispartof></ispartof></parts><date>28-09-20 16:21:16:964</date><id>0</id><type>bounding_box</type><polygon><username>anonymous</username><pt><x>1247</x><y>846</y><time>28-09-20 16:21:08:808</time></pt><pt><x>2757</x><y>846</y><time>28-09-20 16:21:10:818</time></pt><pt><x>2757</x><y>2578</y><time>undefined</time></pt><pt><x>1247</x><y>2578</y><time>undefined</time></pt><closed_date>28-09-20 16:21:10:820</closed_date></polygon></object></annotation>