<annotation><filename>m2_s06_249_x.jpg</filename><folder>users/joselusava//museos2020</folder><source><submittedBy>Jose Saca</submittedBy></source><imagesize><nrows>3000</nrows><ncols>4496</ncols></imagesize><object><name>m2_s06_249_x</name><deleted>0</deleted><verified>0</verified><occluded>no</occluded><attributes></attributes><parts><hasparts></hasparts><ispartof></ispartof></parts><date>27-09-20 21:55:06:197</date><id>0</id><polygon><username>anonymous</username><pt><x>772</x><y>647</y><time>27-09-20 21:54:42:127</time></pt><pt><x>379</x><y>2526</y><time>27-09-20 21:54:43:385</time></pt><pt><x>3896</x><y>2526</y><time>27-09-20 21:54:44:656</time></pt><pt><x>3436</x><y>450</y><time>27-09-20 21:54:56:355</time></pt><closed_date>27-09-20 21:54:57:500</closed_date></polygon></object></annotation>