<annotation><filename>img_m1_s10_303_p_nic003.jpg</filename><folder>users/joselusava//santiago</folder><source><submittedBy>Jose Saca</submittedBy></source><imagesize><nrows>3200</nrows><ncols>4800</ncols></imagesize><object><name>m1_s10_303_p_nic003</name><deleted>0</deleted><verified>0</verified><occluded>no</occluded><attributes></attributes><parts><hasparts></hasparts><ispartof></ispartof></parts><date>01-09-20 19:30:10:186</date><id>0</id><type>bounding_box</type><polygon><username>anonymous</username><pt><x>2883</x><y>1631</y><time>01-09-20 19:29:55:196</time></pt><pt><x>4528</x><y>1631</y><time>01-09-20 19:29:57:550</time></pt><pt><x>4528</x><y>2433</y><time>undefined</time></pt><pt><x>2883</x><y>2433</y><time>undefined</time></pt><closed_date>01-09-20 19:29:57:551</closed_date></polygon></object></annotation>