<annotation><filename>m2_s01_030_x.jpg</filename><folder>users/joselusava//santiago</folder><source><submittedBy>Jose Saca</submittedBy></source><imagesize><nrows>2850</nrows><ncols>4271</ncols></imagesize><object><name>m2_s01_030_x</name><deleted>0</deleted><verified>0</verified><occluded>no</occluded><attributes></attributes><parts><hasparts></hasparts><ispartof></ispartof></parts><date>24-09-20 00:34:02:326</date><id>0</id><type>bounding_box</type><polygon><username>anonymous</username><pt><x>1000</x><y>154</y><time>24-09-20 00:33:55:073</time></pt><pt><x>3100</x><y>154</y><time>24-09-20 00:33:56:952</time></pt><pt><x>3100</x><y>2773</y><time>undefined</time></pt><pt><x>1000</x><y>2773</y><time>undefined</time></pt><closed_date>24-09-20 00:33:56:954</closed_date></polygon></object></annotation>