<annotation><filename>m2_s01_001_p_ic088.jpg</filename><folder>users/joselusava//santiago</folder><source><submittedBy>Jose Saca</submittedBy></source><imagesize><nrows>2850</nrows><ncols>4271</ncols></imagesize><object><name>m2_s01_001_p_ic088</name><deleted>0</deleted><verified>0</verified><occluded>no</occluded><attributes></attributes><parts><hasparts></hasparts><ispartof></ispartof></parts><date>19-09-20 10:39:56:552</date><id>0</id><type>bounding_box</type><polygon><username>anonymous</username><pt><x>1170</x><y>526</y><time>19-09-20 10:39:48:534</time></pt><pt><x>3270</x><y>526</y><time>19-09-20 10:39:50:558</time></pt><pt><x>3270</x><y>2613</y><time>undefined</time></pt><pt><x>1170</x><y>2613</y><time>undefined</time></pt><closed_date>19-09-20 10:39:50:560</closed_date></polygon></object></annotation>