<annotation><filename>m2_s01_018_p_ic006.jpg</filename><folder>users/joselusava//santiago_2</folder><source><submittedBy>Jose Saca</submittedBy></source><imagesize><nrows>3000</nrows><ncols>4496</ncols></imagesize><object><name>m2_s01_018_p_ic006</name><deleted>0</deleted><verified>0</verified><occluded>no</occluded><attributes></attributes><parts><hasparts></hasparts><ispartof></ispartof></parts><date>26-09-20 18:30:38:635</date><id>0</id><type>bounding_box</type><polygon><username>anonymous</username><pt><x>1451</x><y>834</y><time>26-09-20 18:30:24:847</time></pt><pt><x>2845</x><y>834</y><time>26-09-20 18:30:25:956</time></pt><pt><x>2845</x><y>2328</y><time>undefined</time></pt><pt><x>1451</x><y>2328</y><time>undefined</time></pt><closed_date>26-09-20 18:30:25:956</closed_date></polygon></object></annotation>