<annotation><filename>m3_s01_023_p_ic096.jpg</filename><folder>users/joselusava//santiago_3</folder><source><submittedBy>Jose Saca</submittedBy></source><imagesize><nrows>2970</nrows><ncols>4451</ncols></imagesize><object><name>m3_s01_023_p_ic096</name><deleted>0</deleted><verified>0</verified><occluded>no</occluded><attributes></attributes><parts><hasparts></hasparts><ispartof></ispartof></parts><date>04-11-20 21:10:58:762</date><id>0</id><type>bounding_box</type><polygon><username>anonymous</username><pt><x>653</x><y>618</y><time>04-11-20 21:10:55:250</time></pt><pt><x>4319</x><y>618</y><time>04-11-20 21:10:56:654</time></pt><pt><x>4319</x><y>2331</y><time>undefined</time></pt><pt><x>653</x><y>2331</y><time>undefined</time></pt><closed_date>04-11-20 21:10:56:654</closed_date></polygon></object></annotation>