<annotation><filename>m4_s10_154_p_ic032.jpg</filename><folder>users/joselusava//valeria/m04_s10_154_ic</folder><source><submittedBy>Jose Saca</submittedBy></source><imagesize><nrows>2970</nrows><ncols>4451</ncols></imagesize><object><name>m4_s10_154_p_ic032</name><deleted>0</deleted><verified>0</verified><occluded>no</occluded><attributes></attributes><parts><hasparts></hasparts><ispartof></ispartof></parts><date>13-10-20 21:51:47:083</date><id>0</id><type>bounding_box</type><polygon><username>anonymous</username><pt><x>2877</x><y>2589</y><time>13-10-20 21:51:40:322</time></pt><pt><x>1390</x><y>2589</y><time>13-10-20 21:51:42:974</time></pt><pt><x>1390</x><y>201</y><time>undefined</time></pt><pt><x>2877</x><y>201</y><time>undefined</time></pt><closed_date>13-10-20 21:51:42:975</closed_date></polygon></object></annotation>