<annotation><filename>m2_s01_054_p_nic010.jpg</filename><folder>users/joselusava//kath</folder><source><submittedBy>Jose Saca</submittedBy></source><imagesize><nrows>2850</nrows><ncols>4271</ncols></imagesize><object><name>m2_s01_054_p_nic010</name><deleted>0</deleted><verified>0</verified><occluded>no</occluded><attributes></attributes><parts><hasparts></hasparts><ispartof></ispartof></parts><date>30-09-20 11:03:20:573</date><id>0</id><type>bounding_box</type><polygon><username>anonymous</username><pt><x>2078</x><y>309</y><time>30-09-20 11:03:15:806</time></pt><pt><x>1242</x><y>309</y><time>30-09-20 11:03:17:810</time></pt><pt><x>1242</x><y>1334</y><time>undefined</time></pt><pt><x>2078</x><y>1334</y><time>undefined</time></pt><closed_date>30-09-20 11:03:17:810</closed_date></polygon></object></annotation>