<annotation><filename>m2_s03_219_p_ic051.jpg</filename><folder>users/joselusava//valeria/m2_sala03_219_ic</folder><source><submittedBy>Jose Saca</submittedBy></source><imagesize><nrows>2910</nrows><ncols>4361</ncols></imagesize><object><name>m2_s03_219_p_ic051</name><deleted>0</deleted><verified>0</verified><occluded>no</occluded><attributes></attributes><parts><hasparts></hasparts><ispartof></ispartof></parts><date>29-09-20 00:35:30:075</date><id>0</id><type>bounding_box</type><polygon><username>anonymous</username><pt><x>2971</x><y>265</y><time>29-09-20 00:35:24:789</time></pt><pt><x>1306</x><y>265</y><time>29-09-20 00:35:26:983</time></pt><pt><x>1306</x><y>2745</y><time>undefined</time></pt><pt><x>2971</x><y>2745</y><time>undefined</time></pt><closed_date>29-09-20 00:35:26:984</closed_date></polygon></object></annotation>