<annotation><filename>m1_s06_144_p_nic016.jpg</filename><folder>users/joselusava//jacob_2/144nic</folder><source><submittedBy>Jose Saca</submittedBy></source><imagesize><nrows>2736</nrows><ncols>4100</ncols></imagesize><object><name>m1_s06_144_p_nic016</name><deleted>0</deleted><verified>0</verified><occluded>no</occluded><attributes></attributes><parts><hasparts></hasparts><ispartof></ispartof></parts><date>08-09-20 01:56:43:100</date><id>0</id><type>bounding_box</type><polygon><username>anonymous</username><pt><x>573</x><y>2594</y><time>08-09-20 01:56:40:200</time></pt><pt><x>2341</x><y>2594</y><time>08-09-20 01:56:42:329</time></pt><pt><x>2341</x><y>1203</y><time>undefined</time></pt><pt><x>573</x><y>1203</y><time>undefined</time></pt><closed_date>08-09-20 01:56:42:330</closed_date></polygon></object></annotation>