<annotation><filename>m2_s06_244_p_nic022.jpg</filename><folder>users/joselusava//museos2020</folder><source><submittedBy>Jose Saca</submittedBy></source><imagesize><nrows>2910</nrows><ncols>4361</ncols></imagesize><object><name>m2_s06_244_p_ic022</name><deleted>0</deleted><verified>0</verified><occluded>no</occluded><attributes></attributes><parts><hasparts></hasparts><ispartof></ispartof></parts><date>25-09-20 18:37:40:563</date><id>0</id><type>bounding_box</type><polygon><username>anonymous</username><pt><x>1032</x><y>1832</y><time>25-09-20 18:37:29:742</time></pt><pt><x>2789</x><y>1832</y><time>25-09-20 18:37:33:777</time></pt><pt><x>2789</x><y>2678</y><time>undefined</time></pt><pt><x>1032</x><y>2678</y><time>undefined</time></pt><closed_date>25-09-20 18:37:33:778</closed_date></polygon></object></annotation>