<annotation><filename>m4_s02_021_p_nic019.jpg</filename><folder>users/joselusava//santiago_2</folder><source><submittedBy>Jose Saca</submittedBy></source><imagesize><nrows>2910</nrows><ncols>4361</ncols></imagesize><object><name>m4_s02_021_p_nic019</name><deleted>0</deleted><verified>0</verified><occluded>no</occluded><attributes></attributes><parts><hasparts></hasparts><ispartof></ispartof></parts><date>04-10-20 22:12:18:169</date><id>0</id><type>bounding_box</type><polygon><username>anonymous</username><pt><x>301</x><y>700</y><time>04-10-20 22:12:14:431</time></pt><pt><x>1410</x><y>700</y><time>04-10-20 22:12:15:697</time></pt><pt><x>1410</x><y>2574</y><time>undefined</time></pt><pt><x>301</x><y>2574</y><time>undefined</time></pt><closed_date>04-10-20 22:12:15:699</closed_date></polygon></object></annotation>