<annotation><filename>m4_s02_021_p_nic091.jpg</filename><folder>users/joselusava//santiago_2</folder><source><submittedBy>Jose Saca</submittedBy></source><imagesize><nrows>2910</nrows><ncols>4361</ncols></imagesize><object><name>m4_s02_021_p_nic091</name><deleted>0</deleted><verified>0</verified><occluded>no</occluded><attributes></attributes><parts><hasparts></hasparts><ispartof></ispartof></parts><date>05-10-20 11:57:28:565</date><id>0</id><type>bounding_box</type><polygon><username>anonymous</username><pt><x>693</x><y>385</y><time>05-10-20 11:57:24:649</time></pt><pt><x>1673</x><y>385</y><time>05-10-20 11:57:26:103</time></pt><pt><x>1673</x><y>2273</y><time>undefined</time></pt><pt><x>693</x><y>2273</y><time>undefined</time></pt><closed_date>05-10-20 11:57:26:104</closed_date></polygon></object></annotation>