<annotation><filename>img_m1_s03-04_108_p_nic063.jpg</filename><folder>users/joselusava//valeria/sala3y4_108_nic</folder><source><submittedBy>Jose Saca</submittedBy></source><imagesize><nrows>3200</nrows><ncols>4800</ncols></imagesize><object><name>m1_s03_s04_108_p_nic063</name><deleted>0</deleted><verified>0</verified><occluded>no</occluded><attributes></attributes><parts><hasparts></hasparts><ispartof></ispartof></parts><date>02-09-20 19:18:11:069</date><id>0</id><type>bounding_box</type><polygon><username>anonymous</username><pt><x>30</x><y>2485</y><time>02-09-20 19:18:01:857</time></pt><pt><x>3933</x><y>2485</y><time>02-09-20 19:18:06:790</time></pt><pt><x>3933</x><y>758</y><time>undefined</time></pt><pt><x>30</x><y>758</y><time>undefined</time></pt><closed_date>02-09-20 19:18:06:791</closed_date></polygon></object></annotation>