<annotation><filename>m2_s05_236_p_nic017.jpg</filename><folder>users/joselusava//museos2020</folder><source><submittedBy>Jose Saca</submittedBy></source><imagesize><nrows>2910</nrows><ncols>4361</ncols></imagesize><object><name>m2_s05_236_p_nic017</name><deleted>0</deleted><verified>0</verified><occluded>no</occluded><attributes></attributes><parts><hasparts></hasparts><ispartof></ispartof></parts><date>17-09-20 06:52:23:185</date><id>0</id><type>bounding_box</type><polygon><username>anonymous</username><pt><x>158</x><y>1041</y><time>17-09-20 06:52:16:134</time></pt><pt><x>2571</x><y>1041</y><time>17-09-20 06:52:17:463</time></pt><pt><x>2571</x><y>2836</y><time>undefined</time></pt><pt><x>158</x><y>2836</y><time>undefined</time></pt><closed_date>17-09-20 06:52:17:464</closed_date></polygon></object></annotation>