<annotation><filename>m2_s03_201_p_ic071.jpg</filename><folder>users/joselusava//juancarlos</folder><source><submittedBy>Jose Saca</submittedBy></source><imagesize><nrows>2910</nrows><ncols>4361</ncols></imagesize><object><name>m2_s03_201_p_ic071</name><deleted>0</deleted><verified>0</verified><occluded>no</occluded><attributes></attributes><parts><hasparts></hasparts><ispartof></ispartof></parts><date>04-10-20 20:54:19:968</date><id>0</id><polygon><username>anonymous</username><pt><x>1553</x><y>562</y><time>04-10-20 20:54:02:712</time></pt><pt><x>1343</x><y>2083</y><time>04-10-20 20:54:03:679</time></pt><pt><x>2640</x><y>1994</y><time>04-10-20 20:54:04:407</time></pt><pt><x>2650</x><y>395</y><time>04-10-20 20:54:05:296</time></pt><closed_date>04-10-20 20:54:06:168</closed_date></polygon></object></annotation>