<annotation><filename>m4_s05_052_p_nic076.jpg</filename><folder>users/joselusava//santiago_2</folder><source><submittedBy>Jose Saca</submittedBy></source><imagesize><nrows>2910</nrows><ncols>4361</ncols></imagesize><object><name>m4_s05_052_p_nic076</name><deleted>0</deleted><verified>0</verified><occluded>no</occluded><attributes></attributes><parts><hasparts></hasparts><ispartof></ispartof></parts><date>08-10-20 22:14:51:420</date><id>0</id><type>bounding_box</type><polygon><username>anonymous</username><pt><x>2328</x><y>1289</y><time>08-10-20 22:14:47:920</time></pt><pt><x>3485</x><y>1289</y><time>08-10-20 22:14:48:936</time></pt><pt><x>3485</x><y>2699</y><time>undefined</time></pt><pt><x>2328</x><y>2699</y><time>undefined</time></pt><closed_date>08-10-20 22:14:48:938</closed_date></polygon></object></annotation>