<annotation><filename>m2_s06_250_p_ic069.jpg</filename><folder>users/joselusava//valeria/m2_sala06_250_ic</folder><source><submittedBy>Jose Saca</submittedBy></source><imagesize><nrows>2910</nrows><ncols>4361</ncols></imagesize><object><name>m2_s06_250_p_ic068</name><deleted>0</deleted><verified>0</verified><occluded>no</occluded><attributes></attributes><parts><hasparts></hasparts><ispartof></ispartof></parts><date>30-09-20 23:55:53:321</date><id>0</id><type>bounding_box</type><polygon><username>anonymous</username><pt><x>270</x><y>2282</y><time>30-09-20 23:55:47:190</time></pt><pt><x>4145</x><y>2282</y><time>30-09-20 23:55:49:564</time></pt><pt><x>4145</x><y>766</y><time>undefined</time></pt><pt><x>270</x><y>766</y><time>undefined</time></pt><closed_date>30-09-20 23:55:49:565</closed_date></polygon></object></annotation>