<annotation><filename>m4_s06_089_p_ic012.jpg</filename><folder>users/joselusava//santiago_2</folder><source><submittedBy>Jose Saca</submittedBy></source><imagesize><nrows>2970</nrows><ncols>4451</ncols></imagesize><object><name>m4_s06_089_p_ic012</name><deleted>0</deleted><verified>0</verified><occluded>no</occluded><attributes></attributes><parts><hasparts></hasparts><ispartof></ispartof></parts><date>10-10-20 22:39:16:454</date><id>0</id><type>bounding_box</type><polygon><username>anonymous</username><pt><x>1619</x><y>421</y><time>10-10-20 22:39:13:503</time></pt><pt><x>2956</x><y>421</y><time>10-10-20 22:39:14:734</time></pt><pt><x>2956</x><y>2337</y><time>undefined</time></pt><pt><x>1619</x><y>2337</y><time>undefined</time></pt><closed_date>10-10-20 22:39:14:734</closed_date></polygon></object></annotation>