<annotation><filename>m3_s01_002_p_ic079.jpg</filename><folder>users/joselusava//santiago_3</folder><source><submittedBy>Jose Saca</submittedBy></source><imagesize><nrows>2970</nrows><ncols>4451</ncols></imagesize><object><name>m3_s01_002_p_ic079</name><deleted>0</deleted><verified>0</verified><occluded>no</occluded><attributes></attributes><parts><hasparts></hasparts><ispartof></ispartof></parts><date>29-10-20 13:24:09:195</date><id>0</id><type>bounding_box</type><polygon><username>anonymous</username><pt><x>907</x><y>857</y><time>29-10-20 13:24:05:796</time></pt><pt><x>3702</x><y>857</y><time>29-10-20 13:24:06:974</time></pt><pt><x>3702</x><y>2060</y><time>undefined</time></pt><pt><x>907</x><y>2060</y><time>undefined</time></pt><closed_date>29-10-20 13:24:06:974</closed_date></polygon></object></annotation>