<annotation><filename>m4_s02_019_x.jpg</filename><folder>users/joselusava//kath/m4_x</folder><source><submittedBy>Jose Saca</submittedBy></source><imagesize><nrows>2910</nrows><ncols>4361</ncols></imagesize><object><name>m4_s02_019_x</name><deleted>0</deleted><verified>0</verified><occluded>no</occluded><attributes></attributes><parts><hasparts></hasparts><ispartof></ispartof></parts><date>20-10-20 06:47:15:349</date><id>0</id><polygon><username>anonymous</username><pt><x>1154</x><y>259</y><time>20-10-20 06:47:07:461</time></pt><pt><x>1234</x><y>2458</y><time>20-10-20 06:47:08:958</time></pt><pt><x>3080</x><y>2434</y><time>20-10-20 06:47:10:204</time></pt><pt><x>3042</x><y>268</y><time>20-10-20 06:47:11:605</time></pt><closed_date>20-10-20 06:47:12:919</closed_date></polygon></object></annotation>