<annotation><filename>m2_s06_250_p_ic026.jpg</filename><folder>users/joselusava//valeria/m2_sala06_250_ic</folder><source><submittedBy>Jose Saca</submittedBy></source><imagesize><nrows>2910</nrows><ncols>4361</ncols></imagesize><object><name>m2_s06_250_p_ic026</name><deleted>0</deleted><verified>0</verified><occluded>no</occluded><attributes></attributes><parts><hasparts></hasparts><ispartof></ispartof></parts><date>30-09-20 22:23:57:792</date><id>0</id><type>bounding_box</type><polygon><username>anonymous</username><pt><x>3924</x><y>2656</y><time>30-09-20 22:23:51:729</time></pt><pt><x>292</x><y>2656</y><time>30-09-20 22:23:54:193</time></pt><pt><x>292</x><y>783</y><time>undefined</time></pt><pt><x>3924</x><y>783</y><time>undefined</time></pt><closed_date>30-09-20 22:23:54:194</closed_date></polygon></object></annotation>