<annotation><filename>m2_s01_001_p_nic094.jpg</filename><folder>users/joselusava//santiago</folder><source><submittedBy>Jose Saca</submittedBy></source><imagesize><nrows>2850</nrows><ncols>4271</ncols></imagesize><object><name>m2_s01_001_p_nic094</name><deleted>0</deleted><verified>0</verified><occluded>no</occluded><attributes></attributes><parts><hasparts></hasparts><ispartof></ispartof></parts><date>19-09-20 23:47:21:309</date><id>0</id><type>bounding_box</type><polygon><username>anonymous</username><pt><x>503</x><y>680</y><time>19-09-20 23:47:14:422</time></pt><pt><x>2151</x><y>680</y><time>19-09-20 23:47:15:664</time></pt><pt><x>2151</x><y>2148</y><time>undefined</time></pt><pt><x>503</x><y>2148</y><time>undefined</time></pt><closed_date>19-09-20 23:47:15:665</closed_date></polygon></object></annotation>