<annotation><filename>m2_s03_201_p_nic020.jpg</filename><folder>users/joselusava//valeria/m2_sala03_201_nic</folder><source><submittedBy>Jose Saca</submittedBy></source><imagesize><nrows>2910</nrows><ncols>4361</ncols></imagesize><object><name>m2_s03_201_p_nic020</name><deleted>0</deleted><verified>0</verified><occluded>no</occluded><attributes></attributes><parts><hasparts></hasparts><ispartof></ispartof></parts><date>29-09-20 22:55:46:076</date><id>0</id><type>bounding_box</type><polygon><username>anonymous</username><pt><x>2034</x><y>2871</y><time>29-09-20 22:55:39:789</time></pt><pt><x>3665</x><y>2871</y><time>29-09-20 22:55:41:447</time></pt><pt><x>3665</x><y>920</y><time>undefined</time></pt><pt><x>2034</x><y>920</y><time>undefined</time></pt><closed_date>29-09-20 22:55:41:448</closed_date></polygon></object></annotation>