<annotation><filename>m2_s05_236_p_nic018.jpg</filename><folder>users/joselusava//juancarlos</folder><source><submittedBy>Jose Saca</submittedBy></source><imagesize><nrows>2910</nrows><ncols>4361</ncols></imagesize><object><name>m2_s05_236_p_nic018</name><deleted>0</deleted><verified>0</verified><occluded>no</occluded><attributes></attributes><parts><hasparts></hasparts><ispartof></ispartof></parts><date>02-10-20 17:04:56:116</date><id>0</id><type>bounding_box</type><polygon><username>anonymous</username><pt><x>147</x><y>1157</y><time>02-10-20 17:04:28:110</time></pt><pt><x>2496</x><y>1157</y><time>02-10-20 17:04:32:991</time></pt><pt><x>2496</x><y>2897</y><time>undefined</time></pt><pt><x>147</x><y>2897</y><time>undefined</time></pt><closed_date>02-10-20 17:04:32:992</closed_date></polygon></object></annotation>