<annotation><filename>m1_s06_186_p_ic039.jpg</filename><folder>users/joselusava//jacob_2/186ic</folder><source><submittedBy>Jose Saca</submittedBy></source><imagesize><nrows>2736</nrows><ncols>4100</ncols></imagesize><object><name>s06_186_p_ic039</name><deleted>0</deleted><verified>0</verified><occluded>no</occluded><attributes></attributes><parts><hasparts></hasparts><ispartof></ispartof></parts><date>09-09-20 11:31:06:132</date><id>0</id><type>bounding_box</type><polygon><username>anonymous</username><pt><x>1129</x><y>2602</y><time>09-09-20 11:31:04:442</time></pt><pt><x>2578</x><y>2602</y><time>09-09-20 11:31:05:465</time></pt><pt><x>2578</x><y>57</y><time>undefined</time></pt><pt><x>1129</x><y>57</y><time>undefined</time></pt><closed_date>09-09-20 11:31:05:466</closed_date></polygon></object></annotation>