<annotation><filename>m2_s07_264_p_nic028.jpg</filename><folder>users/joselusava//valeria/sala7_264_nic</folder><source><submittedBy>Jose Saca</submittedBy></source><imagesize><nrows>2910</nrows><ncols>4361</ncols></imagesize><object><name>m2_s07_264_p_nic028</name><deleted>0</deleted><verified>0</verified><occluded>no</occluded><attributes></attributes><parts><hasparts></hasparts><ispartof></ispartof></parts><date>23-09-20 19:51:57:166</date><id>0</id><type>bounding_box</type><polygon><username>anonymous</username><pt><x>1207</x><y>2712</y><time>23-09-20 19:51:51:670</time></pt><pt><x>2464</x><y>2712</y><time>23-09-20 19:51:53:402</time></pt><pt><x>2464</x><y>1075</y><time>undefined</time></pt><pt><x>1207</x><y>1075</y><time>undefined</time></pt><closed_date>23-09-20 19:51:53:402</closed_date></polygon></object></annotation>