<annotation><filename>m4_s10_164_p_nic045.jpg</filename><folder>users/joselusava//santiago_2</folder><source><submittedBy>Jose Saca</submittedBy></source><imagesize><nrows>2970</nrows><ncols>4451</ncols></imagesize><object><name>m4_s10_164_p_nic045</name><deleted>0</deleted><verified>0</verified><occluded>no</occluded><attributes></attributes><parts><hasparts></hasparts><ispartof></ispartof></parts><date>14-10-20 00:35:29:325</date><id>0</id><type>bounding_box</type><polygon><username>anonymous</username><pt><x>1360</x><y>418</y><time>14-10-20 00:35:26:021</time></pt><pt><x>1871</x><y>418</y><time>14-10-20 00:35:26:870</time></pt><pt><x>1871</x><y>1096</y><time>undefined</time></pt><pt><x>1360</x><y>1096</y><time>undefined</time></pt><closed_date>14-10-20 00:35:26:870</closed_date></polygon></object></annotation>