<annotation><filename>m3_s01_023_p_ic015.jpg</filename><folder>users/joselusava//santiago_3</folder><source><submittedBy>Jose Saca</submittedBy></source><imagesize><nrows>2970</nrows><ncols>4451</ncols></imagesize><object><name>m3_s01_023_p_ic015</name><deleted>0</deleted><verified>0</verified><occluded>no</occluded><attributes></attributes><parts><hasparts></hasparts><ispartof></ispartof></parts><date>04-11-20 18:47:45:444</date><id>0</id><type>bounding_box</type><polygon><username>anonymous</username><pt><x>211</x><y>253</y><time>04-11-20 18:47:41:335</time></pt><pt><x>3945</x><y>253</y><time>04-11-20 18:47:43:061</time></pt><pt><x>3945</x><y>2692</y><time>undefined</time></pt><pt><x>211</x><y>2692</y><time>undefined</time></pt><closed_date>04-11-20 18:47:43:061</closed_date></polygon></object></annotation>