<annotation><filename>m1_s01_017_p_ic048.jpg</filename><folder>users/joselusava//santiago</folder><source><submittedBy>Jose Saca</submittedBy></source><imagesize><nrows>3200</nrows><ncols>4800</ncols></imagesize><object><name>m1_s01_017_p_ic048</name><deleted>0</deleted><verified>0</verified><occluded>no</occluded><attributes></attributes><parts><hasparts></hasparts><ispartof></ispartof></parts><date>10-09-20 22:22:34:135</date><id>0</id><type>bounding_box</type><polygon><username>anonymous</username><pt><x>1346</x><y>990</y><time>10-09-20 22:22:26:205</time></pt><pt><x>3283</x><y>990</y><time>10-09-20 22:22:27:997</time></pt><pt><x>3283</x><y>2171</y><time>undefined</time></pt><pt><x>1346</x><y>2171</y><time>undefined</time></pt><closed_date>10-09-20 22:22:27:998</closed_date></polygon></object></annotation>