<annotation><filename>m4_s11_176_p_nic016.jpg</filename><folder>users/joselusava//m4_js/176/nic</folder><source><submittedBy>Jose Saca</submittedBy></source><imagesize><nrows>2970</nrows><ncols>4451</ncols></imagesize><object><name>m4_s11_176_p_nic016</name><deleted>0</deleted><verified>0</verified><occluded>no</occluded><attributes></attributes><parts><hasparts></hasparts><ispartof></ispartof></parts><date>15-10-20 11:27:58:244</date><id>0</id><type>bounding_box</type><polygon><username>anonymous</username><pt><x>2425</x><y>1973</y><time>15-10-20 11:27:56:274</time></pt><pt><x>35</x><y>1973</y><time>15-10-20 11:27:57:564</time></pt><pt><x>35</x><y>35</y><time>undefined</time></pt><pt><x>2425</x><y>35</y><time>undefined</time></pt><closed_date>15-10-20 11:27:57:564</closed_date></polygon></object></annotation>