<annotation><filename>m2_s01_056_p_ic073.jpg</filename><folder>users/joselusava//m2_jsv/56/ic</folder><source><submittedBy>Jose Saca</submittedBy></source><imagesize><nrows>2850</nrows><ncols>4271</ncols></imagesize><object><name>m2_s01_056_p_ic073</name><deleted>0</deleted><verified>0</verified><occluded>no</occluded><attributes></attributes><parts><hasparts></hasparts><ispartof></ispartof></parts><date>28-09-20 21:50:32:333</date><id>0</id><type>bounding_box</type><polygon><username>anonymous</username><pt><x>2802</x><y>2573</y><time>28-09-20 21:50:30:169</time></pt><pt><x>1163</x><y>2573</y><time>28-09-20 21:50:31:476</time></pt><pt><x>1163</x><y>297</y><time>undefined</time></pt><pt><x>2802</x><y>297</y><time>undefined</time></pt><closed_date>28-09-20 21:50:31:476</closed_date></polygon></object></annotation>