<annotation><filename>m4_s11_176_p_ic079.jpg</filename><folder>users/joselusava//m4_js/176/ic</folder><source><submittedBy>Jose Saca</submittedBy></source><imagesize><nrows>2970</nrows><ncols>4451</ncols></imagesize><object><name>m4_s11_176_p_ic079</name><deleted>0</deleted><verified>0</verified><occluded>no</occluded><attributes></attributes><parts><hasparts></hasparts><ispartof></ispartof></parts><date>15-10-20 10:00:30:531</date><id>0</id><type>bounding_box</type><polygon><username>anonymous</username><pt><x>2861</x><y>2292</y><time>15-10-20 10:00:28:082</time></pt><pt><x>1226</x><y>2292</y><time>15-10-20 10:00:29:839</time></pt><pt><x>1226</x><y>586</y><time>undefined</time></pt><pt><x>2861</x><y>586</y><time>undefined</time></pt><closed_date>15-10-20 10:00:29:840</closed_date></polygon></object></annotation>