<annotation><filename>img_m1_s10_303_p_nic010.jpg</filename><folder>users/joselusava//santiago</folder><source><submittedBy>Jose Saca</submittedBy></source><imagesize><nrows>3200</nrows><ncols>4800</ncols></imagesize><object><name>m1_s10_303_p_nic010</name><deleted>0</deleted><verified>0</verified><occluded>no</occluded><attributes></attributes><parts><hasparts></hasparts><ispartof></ispartof></parts><date>01-09-20 19:47:03:388</date><id>0</id><type>bounding_box</type><polygon><username>anonymous</username><pt><x>817</x><y>464</y><time>01-09-20 19:46:55:000</time></pt><pt><x>2426</x><y>464</y><time>01-09-20 19:46:56:612</time></pt><pt><x>2426</x><y>1328</y><time>undefined</time></pt><pt><x>817</x><y>1328</y><time>undefined</time></pt><closed_date>01-09-20 19:46:56:614</closed_date></polygon></object></annotation>