<annotation><filename>m4_s10_157_p_ic067.jpg</filename><folder>users/joselusava//valeria/m04_s10_157_ic</folder><source><submittedBy>Jose Saca</submittedBy></source><imagesize><nrows>2970</nrows><ncols>4451</ncols></imagesize><object><name>m4_s10_157_p_ic067</name><deleted>0</deleted><verified>0</verified><occluded>no</occluded><attributes></attributes><parts><hasparts></hasparts><ispartof></ispartof></parts><date>12-10-20 17:59:26:874</date><id>0</id><type>bounding_box</type><polygon><username>anonymous</username><pt><x>3533</x><y>264</y><time>12-10-20 17:59:20:158</time></pt><pt><x>1170</x><y>264</y><time>12-10-20 17:59:23:248</time></pt><pt><x>1170</x><y>2739</y><time>undefined</time></pt><pt><x>3533</x><y>2739</y><time>undefined</time></pt><closed_date>12-10-20 17:59:23:248</closed_date></polygon></object></annotation>