<annotation><filename>m2_s01_010_p_nic013.jpg</filename><folder>users/joselusava//santiago</folder><source><submittedBy>Jose Saca</submittedBy></source><imagesize><nrows>2850</nrows><ncols>4271</ncols></imagesize><object><name>m2_s01_010_p_nic013</name><deleted>0</deleted><verified>0</verified><occluded>no</occluded><attributes></attributes><parts><hasparts></hasparts><ispartof></ispartof></parts><date>22-09-20 19:59:08:822</date><id>0</id><type>bounding_box</type><polygon><username>anonymous</username><pt><x>398</x><y>801</y><time>22-09-20 19:58:59:050</time></pt><pt><x>1327</x><y>801</y><time>22-09-20 19:59:01:668</time></pt><pt><x>1327</x><y>1693</y><time>undefined</time></pt><pt><x>398</x><y>1693</y><time>undefined</time></pt><closed_date>22-09-20 19:59:01:669</closed_date></polygon></object></annotation>