<annotation><filename>m4_s05_055_p_ic074.jpg</filename><folder>users/joselusava//valeria/m4_s05_055_ic</folder><source><submittedBy>Jose Saca</submittedBy></source><imagesize><nrows>2910</nrows><ncols>4361</ncols></imagesize><object><name>m4_s05_055_p_ic074</name><deleted>0</deleted><verified>0</verified><occluded>no</occluded><attributes></attributes><parts><hasparts></hasparts><ispartof></ispartof></parts><date>09-10-20 13:22:54:473</date><id>0</id><type>bounding_box</type><polygon><username>anonymous</username><pt><x>1179</x><y>408</y><time>09-10-20 13:22:45:439</time></pt><pt><x>2943</x><y>408</y><time>09-10-20 13:22:48:163</time></pt><pt><x>2943</x><y>2353</y><time>undefined</time></pt><pt><x>1179</x><y>2353</y><time>undefined</time></pt><closed_date>09-10-20 13:22:48:163</closed_date></polygon></object></annotation>