<annotation><filename>m2_s05_236_p_nic041.jpg</filename><folder>users/joselusava//museos2020</folder><source><submittedBy>Jose Saca</submittedBy></source><imagesize><nrows>2910</nrows><ncols>4361</ncols></imagesize><object><name>m2_s05_236_p_nic041</name><deleted>0</deleted><verified>0</verified><occluded>no</occluded><attributes></attributes><parts><hasparts></hasparts><ispartof></ispartof></parts><date>17-09-20 07:49:29:685</date><id>0</id><type>bounding_box</type><polygon><username>anonymous</username><pt><x>130</x><y>223</y><time>17-09-20 07:49:06:211</time></pt><pt><x>2654</x><y>223</y><time>17-09-20 07:49:11:578</time></pt><pt><x>2654</x><y>2194</y><time>undefined</time></pt><pt><x>130</x><y>2194</y><time>undefined</time></pt><closed_date>17-09-20 07:49:11:579</closed_date></polygon></object></annotation>