<annotation><filename>m1_s02_065_p_ic087.jpg</filename><folder>users/joselusava//valeria/sala2_065_ic</folder><source><submittedBy>Jose Saca</submittedBy></source><imagesize><nrows>2000</nrows><ncols>2992</ncols></imagesize><object><name>m1_s02_065_p_ic087</name><deleted>0</deleted><verified>0</verified><occluded>no</occluded><attributes></attributes><parts><hasparts></hasparts><ispartof></ispartof></parts><date>26-08-20 01:30:38:250</date><id>0</id><type>bounding_box</type><polygon><username>anonymous</username><pt><x>128</x><y>312</y><time>26-08-20 01:30:30:730</time></pt><pt><x>2869</x><y>312</y><time>26-08-20 01:30:33:639</time></pt><pt><x>2869</x><y>1832</y><time>undefined</time></pt><pt><x>128</x><y>1832</y><time>undefined</time></pt><closed_date>26-08-20 01:30:33:641</closed_date></polygon></object></annotation>