<annotation><filename>m1_s06_144_p_nic026.jpg</filename><folder>users/joselusava//jacob_2/144nic</folder><source><submittedBy>Jose Saca</submittedBy></source><imagesize><nrows>2736</nrows><ncols>4100</ncols></imagesize><object><name>m1_s06_144_p_nic026</name><deleted>0</deleted><verified>0</verified><occluded>no</occluded><attributes></attributes><parts><hasparts></hasparts><ispartof></ispartof></parts><date>08-09-20 02:00:09:818</date><id>0</id><type>bounding_box</type><polygon><username>anonymous</username><pt><x>2447</x><y>188</y><time>08-09-20 02:00:07:341</time></pt><pt><x>3846</x><y>188</y><time>08-09-20 02:00:09:333</time></pt><pt><x>3846</x><y>1776</y><time>undefined</time></pt><pt><x>2447</x><y>1776</y><time>undefined</time></pt><closed_date>08-09-20 02:00:09:334</closed_date></polygon></object></annotation>