<annotation><filename>m3_s01_002_p_nic038.jpg</filename><folder>users/joselusava//santiago_3</folder><source><submittedBy>Jose Saca</submittedBy></source><imagesize><nrows>2970</nrows><ncols>4451</ncols></imagesize><object><name>m3_s01_002_p_nic038</name><deleted>0</deleted><verified>0</verified><occluded>no</occluded><attributes></attributes><parts><hasparts></hasparts><ispartof></ispartof></parts><date>29-10-20 16:01:12:852</date><id>0</id><type>bounding_box</type><polygon><username>anonymous</username><pt><x>1046</x><y>261</y><time>29-10-20 16:01:09:285</time></pt><pt><x>2924</x><y>261</y><time>29-10-20 16:01:10:511</time></pt><pt><x>2924</x><y>2113</y><time>undefined</time></pt><pt><x>1046</x><y>2113</y><time>undefined</time></pt><closed_date>29-10-20 16:01:10:513</closed_date></polygon></object></annotation>