<annotation><filename>m1_s06_144_p_nic086.jpg</filename><folder>users/joselusava//jacob_2/144nic</folder><source><submittedBy>Jose Saca</submittedBy></source><imagesize><nrows>2736</nrows><ncols>4100</ncols></imagesize><object><name>m1_s06_144_p_nic086</name><deleted>0</deleted><verified>0</verified><occluded>no</occluded><attributes></attributes><parts><hasparts></hasparts><ispartof></ispartof></parts><date>08-09-20 14:01:10:938</date><id>0</id><type>bounding_box</type><polygon><username>anonymous</username><pt><x>2062</x><y>481</y><time>08-09-20 14:01:08:592</time></pt><pt><x>3644</x><y>481</y><time>08-09-20 14:01:10:400</time></pt><pt><x>3644</x><y>1948</y><time>undefined</time></pt><pt><x>2062</x><y>1948</y><time>undefined</time></pt><closed_date>08-09-20 14:01:10:400</closed_date></polygon></object></annotation>