<annotation><filename>m1_s01_021_p_nic010.jpg</filename><folder>users/joselusava//santiago</folder><source><submittedBy>Jose Saca</submittedBy></source><imagesize><nrows>3200</nrows><ncols>4800</ncols></imagesize><object><name>m1_s01_021_p_nic010</name><deleted>0</deleted><verified>0</verified><occluded>no</occluded><attributes></attributes><parts><hasparts></hasparts><ispartof></ispartof></parts><date>15-09-20 00:44:16:846</date><id>0</id><type>bounding_box</type><polygon><username>anonymous</username><pt><x>1544</x><y>540</y><time>15-09-20 00:44:07:855</time></pt><pt><x>2117</x><y>540</y><time>15-09-20 00:44:08:905</time></pt><pt><x>2117</x><y>1299</y><time>undefined</time></pt><pt><x>1544</x><y>1299</y><time>undefined</time></pt><closed_date>15-09-20 00:44:08:907</closed_date></polygon></object></annotation>