<annotation><filename>m4_s10_166_x.jpg</filename><folder>users/joselusava//kath/m4_x</folder><source><submittedBy>Jose Saca</submittedBy></source><imagesize><nrows>2970</nrows><ncols>4451</ncols></imagesize><object><name>m4_s10_166_x</name><deleted>0</deleted><verified>0</verified><occluded>no</occluded><attributes></attributes><parts><hasparts></hasparts><ispartof></ispartof></parts><date>21-10-20 12:16:09:361</date><id>0</id><polygon><username>anonymous</username><pt><x>649</x><y>567</y><time>21-10-20 12:15:58:035</time></pt><pt><x>615</x><y>2754</y><time>21-10-20 12:15:59:747</time></pt><pt><x>4200</x><y>2706</y><time>21-10-20 12:16:00:999</time></pt><pt><x>3873</x><y>447</y><time>21-10-20 12:16:02:203</time></pt><closed_date>21-10-20 12:16:03:831</closed_date></polygon></object></annotation>