<annotation><filename>m4_s04_045_p_ic088.jpg</filename><folder>users/joselusava//valeria/m04_s04_45_ic</folder><source><submittedBy>Jose Saca</submittedBy></source><imagesize><nrows>2970</nrows><ncols>4451</ncols></imagesize><object><name>m4_s04_045_p_ic088</name><deleted>0</deleted><verified>0</verified><occluded>no</occluded><attributes></attributes><parts><hasparts></hasparts><ispartof></ispartof></parts><date>19-10-20 23:46:11:738</date><id>0</id><type>bounding_box</type><polygon><username>anonymous</username><pt><x>1451</x><y>2593</y><time>19-10-20 23:46:04:202</time></pt><pt><x>2913</x><y>2593</y><time>19-10-20 23:46:06:824</time></pt><pt><x>2913</x><y>228</y><time>undefined</time></pt><pt><x>1451</x><y>228</y><time>undefined</time></pt><closed_date>19-10-20 23:46:06:825</closed_date></polygon></object></annotation>