<annotation><filename>m4_s03_025_p_ic081.jpg</filename><folder>users/joselusava//m4_js/m3/25</folder><source><submittedBy>Jose Saca</submittedBy></source><imagesize><nrows>2910</nrows><ncols>4361</ncols></imagesize><object><name>m4_s03_025_p_ic081</name><deleted>0</deleted><verified>0</verified><occluded>no</occluded><attributes></attributes><parts><hasparts></hasparts><ispartof></ispartof></parts><date>09-11-20 11:19:32:735</date><id>0</id><type>bounding_box</type><polygon><username>anonymous</username><pt><x>374</x><y>479</y><time>09-11-20 11:19:31:060</time></pt><pt><x>3734</x><y>479</y><time>09-11-20 11:19:32:111</time></pt><pt><x>3734</x><y>2315</y><time>undefined</time></pt><pt><x>374</x><y>2315</y><time>undefined</time></pt><closed_date>09-11-20 11:19:32:111</closed_date></polygon></object></annotation>