<annotation><filename>m2_s03_201_p_nic006.jpg</filename><folder>users/joselusava//eg</folder><source><submittedBy>Jose Saca</submittedBy></source><imagesize><nrows>2910</nrows><ncols>4361</ncols></imagesize><object><name>m2_s03_201_p_nic006</name><deleted>0</deleted><verified>0</verified><occluded>no</occluded><attributes></attributes><parts><hasparts></hasparts><ispartof></ispartof></parts><date>18-09-20 10:33:05:778</date><id>0</id><type>bounding_box</type><polygon><username>anonymous</username><pt><x>624</x><y>280</y><time>18-09-20 10:32:52:648</time></pt><pt><x>2215</x><y>280</y><time>18-09-20 10:32:53:820</time></pt><pt><x>2215</x><y>2150</y><time>undefined</time></pt><pt><x>624</x><y>2150</y><time>undefined</time></pt><closed_date>18-09-20 10:32:53:821</closed_date></polygon></object></annotation>