<annotation><filename>m1_s06_144_p_nic099.jpg</filename><folder>users/joselusava//jacob_2/144nic</folder><source><submittedBy>Jose Saca</submittedBy></source><imagesize><nrows>2736</nrows><ncols>4100</ncols></imagesize><object><name>m1_s06_144_p_nic099</name><deleted>0</deleted><verified>0</verified><occluded>no</occluded><attributes></attributes><parts><hasparts></hasparts><ispartof></ispartof></parts><date>08-09-20 14:05:48:498</date><id>0</id><type>bounding_box</type><polygon><username>anonymous</username><pt><x>350</x><y>514</y><time>08-09-20 14:05:45:386</time></pt><pt><x>2176</x><y>514</y><time>08-09-20 14:05:47:630</time></pt><pt><x>2176</x><y>2030</y><time>undefined</time></pt><pt><x>350</x><y>2030</y><time>undefined</time></pt><closed_date>08-09-20 14:05:47:630</closed_date></polygon></object></annotation>