<annotation><filename>m1_s02_029_p_ic081.jpg</filename><folder>users/joselusava//valeria/sala2_029_ic</folder><source><submittedBy>Jose Saca</submittedBy></source><imagesize><nrows>3200</nrows><ncols>4800</ncols></imagesize><object><name>m1_s02_029_p_ic081</name><deleted>0</deleted><verified>0</verified><occluded>no</occluded><attributes></attributes><parts><hasparts></hasparts><ispartof></ispartof></parts><date>22-08-20 21:04:56:452</date><id>0</id><type>bounding_box</type><polygon><username>anonymous</username><pt><x>1348</x><y>32</y><time>22-08-20 21:04:45:675</time></pt><pt><x>3291</x><y>32</y><time>22-08-20 21:04:49:022</time></pt><pt><x>3291</x><y>2856</y><time>undefined</time></pt><pt><x>1348</x><y>2856</y><time>undefined</time></pt><closed_date>22-08-20 21:04:49:024</closed_date></polygon></object></annotation>