<annotation><filename>m4_s05_052_p_nic066.jpg</filename><folder>users/joselusava//santiago_2</folder><source><submittedBy>Jose Saca</submittedBy></source><imagesize><nrows>2910</nrows><ncols>4361</ncols></imagesize><object><name>m4_s05_052_p_nic066</name><deleted>0</deleted><verified>0</verified><occluded>no</occluded><attributes></attributes><parts><hasparts></hasparts><ispartof></ispartof></parts><date>08-10-20 22:08:08:914</date><id>0</id><type>bounding_box</type><polygon><username>anonymous</username><pt><x>676</x><y>1254</y><time>08-10-20 22:08:04:413</time></pt><pt><x>1853</x><y>1254</y><time>08-10-20 22:08:06:182</time></pt><pt><x>1853</x><y>2723</y><time>undefined</time></pt><pt><x>676</x><y>2723</y><time>undefined</time></pt><closed_date>08-10-20 22:08:06:183</closed_date></polygon></object></annotation>