<annotation><filename>m2_s01_056_p_ic005.jpg</filename><folder>users/joselusava//m2_jsv/56/ic</folder><source><submittedBy>Jose Saca</submittedBy></source><imagesize><nrows>2850</nrows><ncols>4271</ncols></imagesize><object><name>m2_s01_056_p_ic005</name><deleted>0</deleted><verified>0</verified><occluded>no</occluded><attributes></attributes><parts><hasparts></hasparts><ispartof></ispartof></parts><date>28-09-20 21:26:18:791</date><id>0</id><type>bounding_box</type><polygon><username>anonymous</username><pt><x>2819</x><y>2802</y><time>28-09-20 21:26:16:535</time></pt><pt><x>1129</x><y>2802</y><time>28-09-20 21:26:17:972</time></pt><pt><x>1129</x><y>153</y><time>undefined</time></pt><pt><x>2819</x><y>153</y><time>undefined</time></pt><closed_date>28-09-20 21:26:17:972</closed_date></polygon></object></annotation>