<annotation><filename>m2_s01_054_p_nic064.jpg</filename><folder>users/joselusava//kath</folder><source><submittedBy>Jose Saca</submittedBy></source><imagesize><nrows>2850</nrows><ncols>4271</ncols></imagesize><object><name>m2_s01_054_p_nic064</name><deleted>0</deleted><verified>0</verified><occluded>no</occluded><attributes></attributes><parts><hasparts></hasparts><ispartof></ispartof></parts><date>30-09-20 22:22:36:641</date><id>0</id><polygon><username>kath</username><pt><x>2401</x><y>232</y><time>30-09-20 22:22:29:132</time></pt><pt><x>2569</x><y>1495</y><time>30-09-20 22:22:30:071</time></pt><pt><x>3215</x><y>1453</y><time>30-09-20 22:22:30:923</time></pt><pt><x>3180</x><y>218</y><time>30-09-20 22:22:32:168</time></pt><closed_date>30-09-20 22:22:33:173</closed_date></polygon></object></annotation>