<annotation><filename>m4_s12_185_p_ic054.jpg</filename><folder>users/joselusava//valeria/m04_s12_185_ic</folder><source><submittedBy>Jose Saca</submittedBy></source><imagesize><nrows>2910</nrows><ncols>4361</ncols></imagesize><object><name>m4_s12_185_p_ic054</name><deleted>0</deleted><verified>0</verified><occluded>no</occluded><attributes></attributes><parts><hasparts></hasparts><ispartof></ispartof></parts><date>17-10-20 17:22:55:424</date><id>0</id><type>bounding_box</type><polygon><username>anonymous</username><pt><x>3218</x><y>2446</y><time>17-10-20 17:22:49:822</time></pt><pt><x>912</x><y>2446</y><time>17-10-20 17:22:52:376</time></pt><pt><x>912</x><y>291</y><time>undefined</time></pt><pt><x>3218</x><y>291</y><time>undefined</time></pt><closed_date>17-10-20 17:22:52:377</closed_date></polygon></object></annotation>