<annotation><filename>m1_s06_189_x.jpg</filename><folder>users/joselusava//jacob_2/sala6</folder><source><submittedBy>Jose Saca</submittedBy></source><imagesize><nrows>2736</nrows><ncols>4100</ncols></imagesize><object><name>m1_s06_189_x</name><deleted>0</deleted><verified>0</verified><occluded>no</occluded><attributes></attributes><parts><hasparts></hasparts><ispartof></ispartof></parts><date>06-09-20 01:57:48:251</date><id>0</id><type>bounding_box</type><polygon><username>anonymous</username><pt><x>986</x><y>2527</y><time>06-09-20 01:57:45:271</time></pt><pt><x>3399</x><y>2527</y><time>06-09-20 01:57:47:364</time></pt><pt><x>3399</x><y>155</y><time>undefined</time></pt><pt><x>986</x><y>155</y><time>undefined</time></pt><closed_date>06-09-20 01:57:47:365</closed_date></polygon></object></annotation>