<annotation><filename>m4_s07_105_p_ic033.jpg</filename><folder>users/joselusava//kath/m4_105</folder><source><submittedBy>Jose Saca</submittedBy></source><imagesize><nrows>2970</nrows><ncols>4451</ncols></imagesize><object><name>m4_s07_105_p_ic033</name><deleted>0</deleted><verified>0</verified><occluded>no</occluded><attributes></attributes><parts><hasparts></hasparts><ispartof></ispartof></parts><date>29-10-20 08:08:59:780</date><id>0</id><type>bounding_box</type><polygon><username>anonymous</username><pt><x>1620</x><y>2754</y><time>29-10-20 08:08:54:652</time></pt><pt><x>2807</x><y>2754</y><time>29-10-20 08:08:56:467</time></pt><pt><x>2807</x><y>457</y><time>undefined</time></pt><pt><x>1620</x><y>457</y><time>undefined</time></pt><closed_date>29-10-20 08:08:56:467</closed_date></polygon></object></annotation>