<annotation><filename>m3_s01_002_p_ic029.jpg</filename><folder>users/joselusava//santiago_3</folder><source><submittedBy>Jose Saca</submittedBy></source><imagesize><nrows>2970</nrows><ncols>4451</ncols></imagesize><object><name>m3_s01_002_p_ic029</name><deleted>0</deleted><verified>0</verified><occluded>no</occluded><attributes></attributes><parts><hasparts></hasparts><ispartof></ispartof></parts><date>28-10-20 18:43:39:364</date><id>0</id><type>bounding_box</type><polygon><username>anonymous</username><pt><x>257</x><y>246</y><time>28-10-20 18:43:31:906</time></pt><pt><x>4123</x><y>246</y><time>28-10-20 18:43:35:564</time></pt><pt><x>4123</x><y>2367</y><time>undefined</time></pt><pt><x>257</x><y>2367</y><time>undefined</time></pt><closed_date>28-10-20 18:43:35:564</closed_date></polygon></object></annotation>