<annotation><filename>m2_s01_058_p_nic005.jpg</filename><folder>users/joselusava//m2_jsv/58/nic</folder><source><submittedBy>Jose Saca</submittedBy></source><imagesize><nrows>2850</nrows><ncols>4271</ncols></imagesize><object><name>m2_s01_058_p_nic005</name><deleted>0</deleted><verified>0</verified><occluded>no</occluded><attributes></attributes><parts><hasparts></hasparts><ispartof></ispartof></parts><date>29-09-20 21:12:34:216</date><id>0</id><type>bounding_box</type><polygon><username>anonymous</username><pt><x>2387</x><y>77</y><time>29-09-20 21:12:32:310</time></pt><pt><x>4245</x><y>77</y><time>29-09-20 21:12:33:565</time></pt><pt><x>4245</x><y>1509</y><time>undefined</time></pt><pt><x>2387</x><y>1509</y><time>undefined</time></pt><closed_date>29-09-20 21:12:33:566</closed_date></polygon></object></annotation>