<annotation><filename>m2_s01_010_p_nic031.jpg</filename><folder>users/joselusava//santiago</folder><source><submittedBy>Jose Saca</submittedBy></source><imagesize><nrows>2850</nrows><ncols>4271</ncols></imagesize><object><name>m2_s01_010_p_nic031</name><deleted>0</deleted><verified>0</verified><occluded>no</occluded><attributes></attributes><parts><hasparts></hasparts><ispartof></ispartof></parts><date>22-09-20 20:26:02:685</date><id>0</id><type>bounding_box</type><polygon><username>anonymous</username><pt><x>404</x><y>596</y><time>22-09-20 20:25:55:877</time></pt><pt><x>1382</x><y>596</y><time>22-09-20 20:25:57:345</time></pt><pt><x>1382</x><y>1446</y><time>undefined</time></pt><pt><x>404</x><y>1446</y><time>undefined</time></pt><closed_date>22-09-20 20:25:57:346</closed_date></polygon></object></annotation>