<annotation><filename>m1_s06_168_p_ic059.jpg</filename><folder>users/joselusava//jacob_2/168ic</folder><source><submittedBy>Jose Saca</submittedBy></source><imagesize><nrows>2736</nrows><ncols>4100</ncols></imagesize><object><name>m1_s06_168_p_ic059</name><deleted>0</deleted><verified>0</verified><occluded>no</occluded><attributes></attributes><parts><hasparts></hasparts><ispartof></ispartof></parts><date>08-09-20 20:13:58:561</date><id>0</id><type>bounding_box</type><polygon><username>anonymous</username><pt><x>2660</x><y>82</y><time>08-09-20 20:13:56:285</time></pt><pt><x>1547</x><y>82</y><time>08-09-20 20:13:57:984</time></pt><pt><x>1547</x><y>2471</y><time>undefined</time></pt><pt><x>2660</x><y>2471</y><time>undefined</time></pt><closed_date>08-09-20 20:13:57:985</closed_date></polygon></object></annotation>