<annotation><filename>m2_s06_244_p_ic080.jpg</filename><folder>users/joselusava//museos2020</folder><source><submittedBy>Jose Saca</submittedBy></source><imagesize><nrows>2910</nrows><ncols>4361</ncols></imagesize><object><name>m2_s06_244_p_ic080</name><deleted>0</deleted><verified>0</verified><occluded>no</occluded><attributes></attributes><parts><hasparts></hasparts><ispartof></ispartof></parts><date>22-09-20 15:09:19:945</date><id>0</id><type>bounding_box</type><polygon><username>anonymous</username><pt><x>100</x><y>1111</y><time>22-09-20 15:09:09:735</time></pt><pt><x>3333</x><y>1111</y><time>22-09-20 15:09:11:691</time></pt><pt><x>3333</x><y>2337</y><time>undefined</time></pt><pt><x>100</x><y>2337</y><time>undefined</time></pt><closed_date>22-09-20 15:09:11:693</closed_date></polygon></object></annotation>