<annotation><filename>m2_s01_005_x.jpg</filename><folder>users/joselusava//santiago</folder><source><submittedBy>Jose Saca</submittedBy></source><imagesize><nrows>2850</nrows><ncols>4271</ncols></imagesize><object><name>m2_s01_005_x</name><deleted>0</deleted><verified>0</verified><occluded>no</occluded><attributes></attributes><parts><hasparts></hasparts><ispartof></ispartof></parts><date>20-09-20 00:08:18:337</date><id>0</id><type>bounding_box</type><polygon><username>anonymous</username><pt><x>1199</x><y>696</y><time>20-09-20 00:08:09:833</time></pt><pt><x>2904</x><y>696</y><time>20-09-20 00:08:12:266</time></pt><pt><x>2904</x><y>2356</y><time>undefined</time></pt><pt><x>1199</x><y>2356</y><time>undefined</time></pt><closed_date>20-09-20 00:08:12:268</closed_date></polygon></object></annotation>