<annotation><filename>m2_s01_054_p_nic020.jpg</filename><folder>users/joselusava//kath</folder><source><submittedBy>Jose Saca</submittedBy></source><imagesize><nrows>2850</nrows><ncols>4271</ncols></imagesize><object><name>m2_s01_054_p_nic020</name><deleted>0</deleted><verified>0</verified><occluded>no</occluded><attributes></attributes><parts><hasparts></hasparts><ispartof></ispartof></parts><date>30-09-20 11:12:27:706</date><id>0</id><type>bounding_box</type><polygon><username>anonymous</username><pt><x>2324</x><y>1664</y><time>30-09-20 11:12:21:752</time></pt><pt><x>1572</x><y>1664</y><time>30-09-20 11:12:24:872</time></pt><pt><x>1572</x><y>2653</y><time>undefined</time></pt><pt><x>2324</x><y>2653</y><time>undefined</time></pt><closed_date>30-09-20 11:12:24:872</closed_date></polygon></object></annotation>