<annotation><filename>m1_s01_001_p_nic054.jpg</filename><folder>users/joselusava//juancarlos</folder><source><submittedBy>Jose Saca</submittedBy></source><imagesize><nrows>3200</nrows><ncols>4800</ncols></imagesize><object><name>m1_s01_001_p_nic054</name><deleted>0</deleted><verified>0</verified><occluded>no</occluded><attributes></attributes><parts><hasparts></hasparts><ispartof></ispartof></parts><date>09-09-20 17:06:43:832</date><id>0</id><type>bounding_box</type><polygon><username>anonymous</username><pt><x>715</x><y>1079</y><time>09-09-20 17:06:29:035</time></pt><pt><x>1758</x><y>1079</y><time>09-09-20 17:06:32:504</time></pt><pt><x>1758</x><y>1564</y><time>undefined</time></pt><pt><x>715</x><y>1564</y><time>undefined</time></pt><closed_date>09-09-20 17:06:32:505</closed_date></polygon></object></annotation>