<annotation><filename>m2_s01_010_p_ic056.jpg</filename><folder>users/joselusava//santiago</folder><source><submittedBy>Jose Saca</submittedBy></source><imagesize><nrows>2850</nrows><ncols>4271</ncols></imagesize><object><name>m2_s01_010_p_ic056</name><deleted>0</deleted><verified>0</verified><occluded>no</occluded><attributes></attributes><parts><hasparts></hasparts><ispartof></ispartof></parts><date>21-09-20 22:58:32:685</date><id>0</id><type>bounding_box</type><polygon><username>anonymous</username><pt><x>1289</x><y>725</y><time>21-09-20 22:58:16:017</time></pt><pt><x>3119</x><y>725</y><time>21-09-20 22:58:23:303</time></pt><pt><x>3119</x><y>2638</y><time>undefined</time></pt><pt><x>1289</x><y>2638</y><time>undefined</time></pt><closed_date>21-09-20 22:58:23:304</closed_date></polygon></object></annotation>