<annotation><filename>m2_s01_024_p_ic059.jpg</filename><folder>users/joselusava//santiago</folder><source><submittedBy>Jose Saca</submittedBy></source><imagesize><nrows>2850</nrows><ncols>4271</ncols></imagesize><object><name>m2_s01_024_p_ic059</name><deleted>0</deleted><verified>0</verified><occluded>no</occluded><attributes></attributes><parts><hasparts></hasparts><ispartof></ispartof></parts><date>24-09-20 22:25:30:048</date><id>0</id><type>bounding_box</type><polygon><username>anonymous</username><pt><x>1305</x><y>141</y><time>24-09-20 22:25:22:989</time></pt><pt><x>2741</x><y>141</y><time>24-09-20 22:25:24:412</time></pt><pt><x>2741</x><y>2796</y><time>undefined</time></pt><pt><x>1305</x><y>2796</y><time>undefined</time></pt><closed_date>24-09-20 22:25:24:413</closed_date></polygon></object></annotation>