<annotation><filename>m4_s09_138_p_nic032.jpg</filename><folder>users/joselusava//santiago_2</folder><source><submittedBy>Jose Saca</submittedBy></source><imagesize><nrows>2970</nrows><ncols>4451</ncols></imagesize><object><name>m4_s09_138_p_nic032</name><deleted>0</deleted><verified>0</verified><occluded>no</occluded><attributes></attributes><parts><hasparts></hasparts><ispartof></ispartof></parts><date>23-10-20 13:43:36:678</date><id>0</id><type>bounding_box</type><polygon><username>anonymous</username><pt><x>1899</x><y>1007</y><time>23-10-20 13:43:32:864</time></pt><pt><x>4409</x><y>1007</y><time>23-10-20 13:43:34:115</time></pt><pt><x>4409</x><y>1953</y><time>undefined</time></pt><pt><x>1899</x><y>1953</y><time>undefined</time></pt><closed_date>23-10-20 13:43:34:115</closed_date></polygon></object></annotation>