<annotation><filename>m4_s04_039_p_nic099.jpg</filename><folder>users/joselusava//santiago_2</folder><source><submittedBy>Jose Saca</submittedBy></source><imagesize><nrows>2970</nrows><ncols>4451</ncols></imagesize><object><name>m4_s04_039_p_nic099</name><deleted>0</deleted><verified>0</verified><occluded>no</occluded><attributes></attributes><parts><hasparts></hasparts><ispartof></ispartof></parts><date>21-10-20 22:30:19:754</date><id>0</id><type>bounding_box</type><polygon><username>anonymous</username><pt><x>596</x><y>971</y><time>21-10-20 22:30:16:462</time></pt><pt><x>1314</x><y>971</y><time>21-10-20 22:30:17:595</time></pt><pt><x>1314</x><y>2824</y><time>undefined</time></pt><pt><x>596</x><y>2824</y><time>undefined</time></pt><closed_date>21-10-20 22:30:17:597</closed_date></polygon></object></annotation>