<annotation><filename>m4_s10_164_p_nic090.jpg</filename><folder>users/joselusava//santiago_2</folder><source><submittedBy>Jose Saca</submittedBy></source><imagesize><nrows>2970</nrows><ncols>4451</ncols></imagesize><object><name>m4_s10_164_p_nic090</name><deleted>0</deleted><verified>0</verified><occluded>no</occluded><attributes></attributes><parts><hasparts></hasparts><ispartof></ispartof></parts><date>14-10-20 16:22:19:500</date><id>0</id><type>bounding_box</type><polygon><username>anonymous</username><pt><x>2049</x><y>2042</y><time>14-10-20 16:22:17:052</time></pt><pt><x>2570</x><y>2042</y><time>14-10-20 16:22:17:837</time></pt><pt><x>2570</x><y>2649</y><time>undefined</time></pt><pt><x>2049</x><y>2649</y><time>undefined</time></pt><closed_date>14-10-20 16:22:17:838</closed_date></polygon></object></annotation>