<annotation><filename>m4_s11_176_p_ic046.jpg</filename><folder>users/joselusava//m4_js/176/ic</folder><source><submittedBy>Jose Saca</submittedBy></source><imagesize><nrows>2970</nrows><ncols>4451</ncols></imagesize><object><name>m4_s11_176_p_ic046</name><deleted>0</deleted><verified>0</verified><occluded>no</occluded><attributes></attributes><parts><hasparts></hasparts><ispartof></ispartof></parts><date>15-10-20 09:42:49:054</date><id>0</id><type>bounding_box</type><polygon><username>anonymous</username><pt><x>2896</x><y>2496</y><time>15-10-20 09:42:47:115</time></pt><pt><x>1111</x><y>2496</y><time>15-10-20 09:42:48:454</time></pt><pt><x>1111</x><y>737</y><time>undefined</time></pt><pt><x>2896</x><y>737</y><time>undefined</time></pt><closed_date>15-10-20 09:42:48:454</closed_date></polygon></object></annotation>