<annotation><filename>m2_s01_034_p_nic064.jpg</filename><folder>users/joselusava//kath</folder><source><submittedBy>Jose Saca</submittedBy></source><imagesize><nrows>2850</nrows><ncols>4271</ncols></imagesize><object><name>m2_s01_034_p_nic064</name><deleted>0</deleted><verified>0</verified><occluded>no</occluded><attributes></attributes><parts><hasparts></hasparts><ispartof></ispartof></parts><date>25-09-20 20:30:59:006</date><id>0</id><polygon><username>anonymous</username><pt><x>57</x><y>895</y><time>25-09-20 20:30:32:283</time></pt><pt><x>1103</x><y>623</y><time>25-09-20 20:30:34:089</time></pt><pt><x>1439</x><y>2112</y><time>25-09-20 20:30:48:413</time></pt><pt><x>473</x><y>2428</y><time>25-09-20 20:30:50:515</time></pt><closed_date>25-09-20 20:30:53:968</closed_date></polygon></object></annotation>