<annotation><filename>m4_s03_025_p_ic026.jpg</filename><folder>users/joselusava//m4_js/m3/25</folder><source><submittedBy>Jose Saca</submittedBy></source><imagesize><nrows>2910</nrows><ncols>4361</ncols></imagesize><object><name>m4_s03_025_p_ic026</name><deleted>0</deleted><verified>0</verified><occluded>no</occluded><attributes></attributes><parts><hasparts></hasparts><ispartof></ispartof></parts><date>09-11-20 10:59:51:769</date><id>0</id><type>bounding_box</type><polygon><username>anonymous</username><pt><x>540</x><y>653</y><time>09-11-20 10:59:49:134</time></pt><pt><x>4117</x><y>653</y><time>09-11-20 10:59:51:076</time></pt><pt><x>4117</x><y>2394</y><time>undefined</time></pt><pt><x>540</x><y>2394</y><time>undefined</time></pt><closed_date>09-11-20 10:59:51:077</closed_date></polygon></object></annotation>