<annotation><filename>m1_s02_036_p_ic097.jpg</filename><folder>users/joselusava//valeria/sala2_036_ic</folder><source><submittedBy>Jose Saca</submittedBy></source><imagesize><nrows>3200</nrows><ncols>4800</ncols></imagesize><object><name>m1_s01_036_p_ic097</name><deleted>0</deleted><verified>0</verified><occluded>no</occluded><attributes></attributes><parts><hasparts></hasparts><ispartof></ispartof></parts><date>23-08-20 23:51:54:757</date><id>0</id><type>bounding_box</type><polygon><username>anonymous</username><pt><x>1240</x><y>268</y><time>23-08-20 23:51:47:084</time></pt><pt><x>3952</x><y>268</y><time>23-08-20 23:51:50:077</time></pt><pt><x>3952</x><y>2910</y><time>undefined</time></pt><pt><x>1240</x><y>2910</y><time>undefined</time></pt><closed_date>23-08-20 23:51:50:078</closed_date></polygon></object></annotation>