<annotation><filename>m1_s02_029_p_ic028.jpg</filename><folder>users/joselusava//valeria/sala2_029_ic</folder><source><submittedBy>Jose Saca</submittedBy></source><imagesize><nrows>3200</nrows><ncols>4800</ncols></imagesize><object><name>m1_s02_029_p_ic028</name><deleted>0</deleted><verified>0</verified><occluded>no</occluded><attributes></attributes><parts><hasparts></hasparts><ispartof></ispartof></parts><date>22-08-20 18:47:54:609</date><id>0</id><type>bounding_box</type><polygon><username>anonymous</username><pt><x>1272</x><y>209</y><time>22-08-20 18:47:21:183</time></pt><pt><x>3479</x><y>209</y><time>22-08-20 18:47:26:830</time></pt><pt><x>3479</x><y>2883</y><time>undefined</time></pt><pt><x>1272</x><y>2883</y><time>undefined</time></pt><closed_date>22-08-20 18:47:26:831</closed_date></polygon></object></annotation>