<annotation><filename>m2_s03_219_p_ic074.jpg</filename><folder>users/joselusava//valeria/m2_sala03_219_ic</folder><source><submittedBy>Jose Saca</submittedBy></source><imagesize><nrows>2910</nrows><ncols>4361</ncols></imagesize><object><name>m2_s03_219_p_ic074</name><deleted>0</deleted><verified>0</verified><occluded>no</occluded><attributes></attributes><parts><hasparts></hasparts><ispartof></ispartof></parts><date>29-09-20 01:05:43:385</date><id>0</id><type>bounding_box</type><polygon><username>anonymous</username><pt><x>2590</x><y>496</y><time>29-09-20 01:05:38:004</time></pt><pt><x>816</x><y>496</y><time>29-09-20 01:05:40:000</time></pt><pt><x>816</x><y>2590</y><time>undefined</time></pt><pt><x>2590</x><y>2590</y><time>undefined</time></pt><closed_date>29-09-20 01:05:40:001</closed_date></polygon></object></annotation>