<annotation><filename>m4_s02_014_x.jpg</filename><folder>users/joselusava//kath/m4_x</folder><source><submittedBy>Jose Saca</submittedBy></source><imagesize><nrows>2910</nrows><ncols>4361</ncols></imagesize><object><name>m4_s2_014_x</name><deleted>0</deleted><verified>0</verified><occluded>no</occluded><attributes></attributes><parts><hasparts></hasparts><ispartof></ispartof></parts><date>20-10-20 06:43:27:077</date><id>0</id><polygon><username>anonymous</username><pt><x>1253</x><y>325</y><time>20-10-20 06:43:20:376</time></pt><pt><x>1191</x><y>2660</y><time>20-10-20 06:43:21:500</time></pt><pt><x>3174</x><y>2717</y><time>20-10-20 06:43:22:539</time></pt><pt><x>3098</x><y>198</y><time>20-10-20 06:43:23:801</time></pt><closed_date>20-10-20 06:43:24:887</closed_date></polygon></object></annotation>