<annotation><filename>m2_s03_248_p_nic053.jpg</filename><folder>users/joselusava//museos2020</folder><source><submittedBy>Jose Saca</submittedBy></source><imagesize><nrows>2910</nrows><ncols>4361</ncols></imagesize><object><name>m2_s03_248_p_nic053</name><deleted>0</deleted><verified>0</verified><occluded>no</occluded><attributes></attributes><parts><hasparts></hasparts><ispartof></ispartof></parts><date>27-09-20 17:17:36:833</date><id>0</id><polygon><username>anonymous</username><pt><x>404</x><y>1046</y><time>27-09-20 17:17:27:805</time></pt><pt><x>2450</x><y>1009</y><time>27-09-20 17:17:28:785</time></pt><pt><x>1925</x><y>1711</y><time>27-09-20 17:17:29:735</time></pt><pt><x>209</x><y>1292</y><time>27-09-20 17:17:31:049</time></pt><closed_date>27-09-20 17:17:31:711</closed_date></polygon></object></annotation>