<annotation><filename>m1_s02_029_p_nic064.jpg</filename><folder>users/joselusava//valeria/sala2_029_nic</folder><source><submittedBy>Jose Saca</submittedBy></source><imagesize><nrows>3200</nrows><ncols>4800</ncols></imagesize><object><name>m1_s02_029_p_nic064</name><deleted>0</deleted><verified>0</verified><occluded>no</occluded><attributes></attributes><parts><hasparts></hasparts><ispartof></ispartof></parts><date>26-08-20 19:58:47:154</date><id>0</id><type>bounding_box</type><polygon><username>anonymous</username><pt><x>3211</x><y>1783</y><time>26-08-20 19:58:41:515</time></pt><pt><x>4370</x><y>1783</y><time>26-08-20 19:58:43:192</time></pt><pt><x>4370</x><y>2932</y><time>undefined</time></pt><pt><x>3211</x><y>2932</y><time>undefined</time></pt><closed_date>26-08-20 19:58:43:194</closed_date></polygon></object></annotation>