<annotation><filename>m3_s01_002_p_ic055.jpg</filename><folder>users/joselusava//santiago_3</folder><source><submittedBy>Jose Saca</submittedBy></source><imagesize><nrows>2970</nrows><ncols>4451</ncols></imagesize><object><name>m3_s01_002_p_ic055</name><deleted>0</deleted><verified>0</verified><occluded>no</occluded><attributes></attributes><parts><hasparts></hasparts><ispartof></ispartof></parts><date>08-11-20 13:12:25:159</date><id>0</id><polygon><username>anonymous</username><pt><x>697</x><y>2283</y><time>08-11-20 13:12:06:960</time></pt><pt><x>3340</x><y>2610</y><time>08-11-20 13:12:11:078</time></pt><pt><x>2783</x><y>509</y><time>08-11-20 13:12:12:313</time></pt><pt><x>1216</x><y>82</y><time>08-11-20 13:12:19:324</time></pt><closed_date>08-11-20 13:12:21:454</closed_date></polygon></object></annotation>