<annotation><filename>m2_s06_250_p_nic076.jpg</filename><folder>users/joselusava//m2_jsv/250</folder><source><submittedBy>Jose Saca</submittedBy></source><imagesize><nrows>2910</nrows><ncols>4361</ncols></imagesize><object><name>m2_s06_250_p_nic076</name><deleted>0</deleted><verified>0</verified><occluded>no</occluded><attributes></attributes><parts><hasparts></hasparts><ispartof></ispartof></parts><date>30-09-20 11:55:59:054</date><id>0</id><type>bounding_box</type><polygon><username>anonymous</username><pt><x>1341</x><y>914</y><time>30-09-20 11:55:56:839</time></pt><pt><x>4344</x><y>914</y><time>30-09-20 11:55:58:398</time></pt><pt><x>4344</x><y>2350</y><time>undefined</time></pt><pt><x>1341</x><y>2350</y><time>undefined</time></pt><closed_date>30-09-20 11:55:58:399</closed_date></polygon></object></annotation>