<annotation><filename>m4_s03_025_p_nic003.jpg</filename><folder>users/joselusava//santiago_3</folder><source><submittedBy>Jose Saca</submittedBy></source><imagesize><nrows>2910</nrows><ncols>4361</ncols></imagesize><object><name>m4_s03_025_p_nic003</name><deleted>0</deleted><verified>0</verified><occluded>no</occluded><attributes></attributes><parts><hasparts></hasparts><ispartof></ispartof></parts><date>07-11-20 22:58:48:214</date><id>0</id><type>bounding_box</type><polygon><username>anonymous</username><pt><x>1875</x><y>804</y><time>07-11-20 22:58:44:366</time></pt><pt><x>4176</x><y>804</y><time>07-11-20 22:58:45:866</time></pt><pt><x>4176</x><y>2144</y><time>undefined</time></pt><pt><x>1875</x><y>2144</y><time>undefined</time></pt><closed_date>07-11-20 22:58:45:868</closed_date></polygon></object></annotation>