<annotation><filename>m1_s02_029_p_nic087.jpg</filename><folder>users/joselusava//valeria/sala2_029_nic</folder><source><submittedBy>Jose Saca</submittedBy></source><imagesize><nrows>3200</nrows><ncols>4800</ncols></imagesize><object><name>m1_s02_029_p_nic087</name><deleted>0</deleted><verified>0</verified><occluded>no</occluded><attributes></attributes><parts><hasparts></hasparts><ispartof></ispartof></parts><date>26-08-20 20:59:47:095</date><id>0</id><type>bounding_box</type><polygon><username>anonymous</username><pt><x>1036</x><y>370</y><time>26-08-20 20:59:41:939</time></pt><pt><x>2180</x><y>370</y><time>26-08-20 20:59:44:020</time></pt><pt><x>2180</x><y>1546</y><time>undefined</time></pt><pt><x>1036</x><y>1546</y><time>undefined</time></pt><closed_date>26-08-20 20:59:44:021</closed_date></polygon></object></annotation>