<annotation><filename>m4_s04_039_p_nic009.jpg</filename><folder>users/joselusava//santiago_2</folder><source><submittedBy>Jose Saca</submittedBy></source><imagesize><nrows>2970</nrows><ncols>4451</ncols></imagesize><object><name>m4_s04_039_p_nic009</name><deleted>0</deleted><verified>0</verified><occluded>no</occluded><attributes></attributes><parts><hasparts></hasparts><ispartof></ispartof></parts><date>21-10-20 16:24:13:374</date><id>0</id><type>bounding_box</type><polygon><username>anonymous</username><pt><x>1717</x><y>0</y><time>21-10-20 16:24:10:247</time></pt><pt><x>2410</x><y>0</y><time>21-10-20 16:24:11:345</time></pt><pt><x>2410</x><y>2424</y><time>undefined</time></pt><pt><x>1717</x><y>2424</y><time>undefined</time></pt><closed_date>21-10-20 16:24:11:346</closed_date></polygon></object></annotation>