<annotation><filename>m2_s01_018_p_nic053.jpg</filename><folder>users/joselusava//santiago_2</folder><source><submittedBy>Jose Saca</submittedBy></source><imagesize><nrows>2850</nrows><ncols>4271</ncols></imagesize><object><name>m2_s01_018_p_nic053</name><deleted>0</deleted><verified>0</verified><occluded>no</occluded><attributes></attributes><parts><hasparts></hasparts><ispartof></ispartof></parts><date>28-09-20 21:58:25:309</date><id>0</id><type>bounding_box</type><polygon><username>anonymous</username><pt><x>455</x><y>862</y><time>28-09-20 21:58:22:073</time></pt><pt><x>955</x><y>862</y><time>28-09-20 21:58:22:883</time></pt><pt><x>955</x><y>1343</y><time>undefined</time></pt><pt><x>455</x><y>1343</y><time>undefined</time></pt><closed_date>28-09-20 21:58:22:884</closed_date></polygon></object></annotation>