<annotation><filename>m4_s10_155_x.jpg</filename><folder>users/joselusava//kath/m4_x</folder><source><submittedBy>Jose Saca</submittedBy></source><imagesize><nrows>2970</nrows><ncols>4451</ncols></imagesize><object><name>m4_s10_155_x</name><deleted>0</deleted><verified>0</verified><occluded>no</occluded><attributes></attributes><parts><hasparts></hasparts><ispartof></ispartof></parts><date>21-10-20 12:07:24:527</date><id>0</id><polygon><username>anonymous</username><pt><x>562</x><y>356</y><time>21-10-20 12:07:15:485</time></pt><pt><x>596</x><y>2658</y><time>21-10-20 12:07:16:769</time></pt><pt><x>3643</x><y>2648</y><time>21-10-20 12:07:18:122</time></pt><pt><x>3729</x><y>394</y><time>21-10-20 12:07:19:355</time></pt><closed_date>21-10-20 12:07:20:803</closed_date></polygon></object></annotation>