<annotation><filename>m4_s04_037_p_ic018.jpg</filename><folder>users/joselusava//santiago_2</folder><source><submittedBy>Jose Saca</submittedBy></source><imagesize><nrows>2970</nrows><ncols>4451</ncols></imagesize><object><name>m4_s04_037_p_ic018</name><deleted>0</deleted><verified>0</verified><occluded>no</occluded><attributes></attributes><parts><hasparts></hasparts><ispartof></ispartof></parts><date>17-10-20 21:30:48:166</date><id>0</id><type>bounding_box</type><polygon><username>anonymous</username><pt><x>1728</x><y>778</y><time>17-10-20 21:30:44:690</time></pt><pt><x>3091</x><y>778</y><time>17-10-20 21:30:46:034</time></pt><pt><x>3091</x><y>2638</y><time>undefined</time></pt><pt><x>1728</x><y>2638</y><time>undefined</time></pt><closed_date>17-10-20 21:30:46:035</closed_date></polygon></object></annotation>