<annotation><filename>m4_s05_055_p_ic034.jpg</filename><folder>users/joselusava//valeria/m4_s05_055_ic</folder><source><submittedBy>Jose Saca</submittedBy></source><imagesize><nrows>2910</nrows><ncols>4361</ncols></imagesize><object><name>m4_s05_055_p_ic034</name><deleted>0</deleted><verified>0</verified><occluded>no</occluded><attributes></attributes><parts><hasparts></hasparts><ispartof></ispartof></parts><date>08-10-20 22:15:22:038</date><id>0</id><type>bounding_box</type><polygon><username>anonymous</username><pt><x>1659</x><y>535</y><time>08-10-20 22:15:13:965</time></pt><pt><x>2904</x><y>535</y><time>08-10-20 22:15:18:571</time></pt><pt><x>2904</x><y>2381</y><time>undefined</time></pt><pt><x>1659</x><y>2381</y><time>undefined</time></pt><closed_date>08-10-20 22:15:18:571</closed_date></polygon></object></annotation>