<annotation><filename>m2_s06_244_p_ic006.jpg</filename><folder>users/joselusava//museos2020</folder><source><submittedBy>Jose Saca</submittedBy></source><imagesize><nrows>2910</nrows><ncols>4361</ncols></imagesize><object><name>m2_s06_244_p_ic006</name><deleted>0</deleted><verified>0</verified><occluded>no</occluded><attributes></attributes><parts><hasparts></hasparts><ispartof></ispartof></parts><date>22-09-20 11:53:28:794</date><id>0</id><type>bounding_box</type><polygon><username>anonymous</username><pt><x>1333</x><y>1003</y><time>22-09-20 11:53:21:306</time></pt><pt><x>3211</x><y>1003</y><time>22-09-20 11:53:22:983</time></pt><pt><x>3211</x><y>1957</y><time>undefined</time></pt><pt><x>1333</x><y>1957</y><time>undefined</time></pt><closed_date>22-09-20 11:53:22:985</closed_date></polygon></object></annotation>