<annotation><filename>m4_s10_164_p_ic070.jpg</filename><folder>users/joselusava//santiago_2</folder><source><submittedBy>Jose Saca</submittedBy></source><imagesize><nrows>2970</nrows><ncols>4451</ncols></imagesize><object><name>m4_s10_164_p_ic070</name><deleted>0</deleted><verified>0</verified><occluded>no</occluded><attributes></attributes><parts><hasparts></hasparts><ispartof></ispartof></parts><date>13-10-20 22:57:23:274</date><id>0</id><type>bounding_box</type><polygon><username>anonymous</username><pt><x>1474</x><y>1171</y><time>13-10-20 22:57:20:257</time></pt><pt><x>2099</x><y>1171</y><time>13-10-20 22:57:21:381</time></pt><pt><x>2099</x><y>2017</y><time>undefined</time></pt><pt><x>1474</x><y>2017</y><time>undefined</time></pt><closed_date>13-10-20 22:57:21:381</closed_date></polygon></object></annotation>