<annotation><filename>m1_s02_065_p_ic091.jpg</filename><folder>users/joselusava//valeria/sala2_065_ic</folder><source><submittedBy>Jose Saca</submittedBy></source><imagesize><nrows>2000</nrows><ncols>2992</ncols></imagesize><object><name>m1_s02_065_p_ic091</name><deleted>0</deleted><verified>0</verified><occluded>no</occluded><attributes></attributes><parts><hasparts></hasparts><ispartof></ispartof></parts><date>26-08-20 01:37:03:399</date><id>0</id><type>bounding_box</type><polygon><username>anonymous</username><pt><x>285</x><y>423</y><time>26-08-20 01:36:54:948</time></pt><pt><x>2567</x><y>423</y><time>26-08-20 01:36:57:511</time></pt><pt><x>2567</x><y>1708</y><time>undefined</time></pt><pt><x>285</x><y>1708</y><time>undefined</time></pt><closed_date>26-08-20 01:36:57:512</closed_date></polygon></object></annotation>