<annotation><filename>m4_s07_105_p_nic020.jpg</filename><folder>users/joselusava//kath/m4_105/nic</folder><source><submittedBy>Jose Saca</submittedBy></source><imagesize><nrows>2970</nrows><ncols>4451</ncols></imagesize><object><name>m4_s07_105_p_nic020</name><deleted>0</deleted><verified>0</verified><occluded>no</occluded><attributes></attributes><parts><hasparts></hasparts><ispartof></ispartof></parts><date>29-10-20 09:32:38:358</date><id>0</id><type>bounding_box</type><polygon><username>anonymous</username><pt><x>913</x><y>1192</y><time>29-10-20 09:32:33:381</time></pt><pt><x>1720</x><y>1192</y><time>29-10-20 09:32:35:802</time></pt><pt><x>1720</x><y>2816</y><time>undefined</time></pt><pt><x>913</x><y>2816</y><time>undefined</time></pt><closed_date>29-10-20 09:32:35:804</closed_date></polygon></object></annotation>