<annotation><filename>m3_s01_023_p_nic062.jpg</filename><folder>users/joselusava//santiago_3</folder><source><submittedBy>Jose Saca</submittedBy></source><imagesize><nrows>2970</nrows><ncols>4451</ncols></imagesize><object><name>m3_s01_023_p_nic062</name><deleted>0</deleted><verified>0</verified><occluded>no</occluded><attributes></attributes><parts><hasparts></hasparts><ispartof></ispartof></parts><date>06-11-20 11:16:38:111</date><id>0</id><type>bounding_box</type><polygon><username>anonymous</username><pt><x>1667</x><y>675</y><time>06-11-20 11:16:34:705</time></pt><pt><x>4112</x><y>675</y><time>06-11-20 11:16:35:988</time></pt><pt><x>4112</x><y>2524</y><time>undefined</time></pt><pt><x>1667</x><y>2524</y><time>undefined</time></pt><closed_date>06-11-20 11:16:35:989</closed_date></polygon></object></annotation>