<annotation><filename>m2_s01_010_p_ic023.jpg</filename><folder>users/joselusava//santiago</folder><source><submittedBy>Jose Saca</submittedBy></source><imagesize><nrows>2850</nrows><ncols>4271</ncols></imagesize><object><name>m2_s01_010_p_ic023</name><deleted>0</deleted><verified>0</verified><occluded>no</occluded><attributes></attributes><parts><hasparts></hasparts><ispartof></ispartof></parts><date>21-09-20 15:26:40:845</date><id>0</id><type>bounding_box</type><polygon><username>anonymous</username><pt><x>1334</x><y>539</y><time>21-09-20 15:26:32:252</time></pt><pt><x>3139</x><y>539</y><time>21-09-20 15:26:34:040</time></pt><pt><x>3139</x><y>2334</y><time>undefined</time></pt><pt><x>1334</x><y>2334</y><time>undefined</time></pt><closed_date>21-09-20 15:26:34:042</closed_date></polygon></object></annotation>