<annotation><filename>m2_s03_201_p_nic092.jpg</filename><folder>users/joselusava//valeria/m2_sala03_201_nic</folder><source><submittedBy>Jose Saca</submittedBy></source><imagesize><nrows>2910</nrows><ncols>4361</ncols></imagesize><object><name>m2_s03_201_p_nic092</name><deleted>0</deleted><verified>0</verified><occluded>no</occluded><attributes></attributes><parts><hasparts></hasparts><ispartof></ispartof></parts><date>30-09-20 18:46:31:548</date><id>0</id><type>bounding_box</type><polygon><username>anonymous</username><pt><x>2001</x><y>2050</y><time>30-09-20 18:46:25:536</time></pt><pt><x>3830</x><y>2050</y><time>30-09-20 18:46:27:921</time></pt><pt><x>3830</x><y>61</y><time>undefined</time></pt><pt><x>2001</x><y>61</y><time>undefined</time></pt><closed_date>30-09-20 18:46:27:921</closed_date></polygon></object></annotation>