<annotation><filename>m2_s07_264_p_nic013.jpg</filename><folder>users/joselusava//valeria/sala7_264_nic</folder><source><submittedBy>Jose Saca</submittedBy></source><imagesize><nrows>2910</nrows><ncols>4361</ncols></imagesize><object><name>m2_s07_264_p_nic013</name><deleted>0</deleted><verified>0</verified><occluded>no</occluded><attributes></attributes><parts><hasparts></hasparts><ispartof></ispartof></parts><date>23-09-20 19:31:00:286</date><id>0</id><type>bounding_box</type><polygon><username>anonymous</username><pt><x>3158</x><y>1846</y><time>23-09-20 19:30:54:626</time></pt><pt><x>1841</x><y>1846</y><time>23-09-20 19:30:56:911</time></pt><pt><x>1841</x><y>243</y><time>undefined</time></pt><pt><x>3158</x><y>243</y><time>undefined</time></pt><closed_date>23-09-20 19:30:56:912</closed_date></polygon></object></annotation>