<annotation><filename>m2_s01_058_p_nic060.jpg</filename><folder>users/joselusava//m2_jsv/58/nic</folder><source><submittedBy>Jose Saca</submittedBy></source><imagesize><nrows>2850</nrows><ncols>4271</ncols></imagesize><object><name>m2_s01_058_p_nic060</name><deleted>0</deleted><verified>0</verified><occluded>no</occluded><attributes></attributes><parts><hasparts></hasparts><ispartof></ispartof></parts><date>29-09-20 23:15:33:606</date><id>0</id><type>bounding_box</type><polygon><username>anonymous</username><pt><x>4015</x><y>1858</y><time>29-09-20 23:15:31:749</time></pt><pt><x>2762</x><y>1858</y><time>29-09-20 23:15:32:976</time></pt><pt><x>2762</x><y>912</y><time>undefined</time></pt><pt><x>4015</x><y>912</y><time>undefined</time></pt><closed_date>29-09-20 23:15:32:976</closed_date></polygon></object></annotation>