<annotation><filename>m1_s06_168_p_nic017.jpg</filename><folder>users/joselusava//jacob_2/168nic</folder><source><submittedBy>Jose Saca</submittedBy></source><imagesize><nrows>2736</nrows><ncols>4100</ncols></imagesize><object><name>m1_s06_168_p_nic017</name><deleted>0</deleted><verified>0</verified><occluded>no</occluded><attributes></attributes><parts><hasparts></hasparts><ispartof></ispartof></parts><date>08-09-20 23:04:22:749</date><id>0</id><type>bounding_box</type><polygon><username>anonymous</username><pt><x>745</x><y>2578</y><time>08-09-20 23:04:20:922</time></pt><pt><x>2054</x><y>2578</y><time>08-09-20 23:04:22:218</time></pt><pt><x>2054</x><y>1056</y><time>undefined</time></pt><pt><x>745</x><y>1056</y><time>undefined</time></pt><closed_date>08-09-20 23:04:22:219</closed_date></polygon></object></annotation>