<annotation><filename>m2_s01_010_p_nic083.jpg</filename><folder>users/joselusava//santiago</folder><source><submittedBy>Jose Saca</submittedBy></source><imagesize><nrows>2850</nrows><ncols>4271</ncols></imagesize><object><name>m2_s01_010_p_nic083</name><deleted>0</deleted><verified>0</verified><occluded>no</occluded><attributes></attributes><parts><hasparts></hasparts><ispartof></ispartof></parts><date>22-09-20 21:38:18:929</date><id>0</id><type>bounding_box</type><polygon><username>anonymous</username><pt><x>426</x><y>1045</y><time>22-09-20 21:38:14:926</time></pt><pt><x>1103</x><y>1045</y><time>22-09-20 21:38:15:830</time></pt><pt><x>1103</x><y>1811</y><time>undefined</time></pt><pt><x>426</x><y>1811</y><time>undefined</time></pt><closed_date>22-09-20 21:38:15:830</closed_date></polygon></object></annotation>