<annotation><filename>m4_s04_047_p_nic059.jpg</filename><folder>users/joselusava//kath/kath_m4_047/nic</folder><source><submittedBy>Jose Saca</submittedBy></source><imagesize><nrows>2970</nrows><ncols>4451</ncols></imagesize><object><name>m4_s04_047_p_nic059</name><deleted>0</deleted><verified>0</verified><occluded>no</occluded><attributes></attributes><parts><hasparts></hasparts><ispartof></ispartof></parts><date>24-10-20 19:20:25:618</date><id>0</id><type>bounding_box</type><polygon><username>anonymous</username><pt><x>1596</x><y>1181</y><time>24-10-20 19:20:20:706</time></pt><pt><x>2421</x><y>1181</y><time>24-10-20 19:20:22:099</time></pt><pt><x>2421</x><y>2755</y><time>undefined</time></pt><pt><x>1596</x><y>2755</y><time>undefined</time></pt><closed_date>24-10-20 19:20:22:101</closed_date></polygon></object></annotation>