<annotation><filename>m3_s01_013_p_ic041.jpg</filename><folder>users/joselusava//valeria/m03_s01_13_ic</folder><source><submittedBy>Jose Saca</submittedBy></source><imagesize><nrows>2970</nrows><ncols>4451</ncols></imagesize><object><name>m3_s01_013_p_ic040</name><deleted>0</deleted><verified>0</verified><occluded>no</occluded><attributes></attributes><parts><hasparts></hasparts><ispartof></ispartof></parts><date>29-10-20 13:44:22:250</date><id>0</id><type>bounding_box</type><polygon><username>anonymous</username><pt><x>4015</x><y>2770</y><time>29-10-20 13:44:16:082</time></pt><pt><x>583</x><y>2770</y><time>29-10-20 13:44:18:634</time></pt><pt><x>583</x><y>297</y><time>undefined</time></pt><pt><x>4015</x><y>297</y><time>undefined</time></pt><closed_date>29-10-20 13:44:18:635</closed_date></polygon></object></annotation>