<annotation><filename>m2_s01_054_p_nic045.jpg</filename><folder>users/joselusava//kath</folder><source><submittedBy>Jose Saca</submittedBy></source><imagesize><nrows>2850</nrows><ncols>4271</ncols></imagesize><object><name>m2_s01_054_p_nic045</name><deleted>0</deleted><verified>0</verified><occluded>no</occluded><attributes></attributes><parts><hasparts></hasparts><ispartof></ispartof></parts><date>30-09-20 11:35:03:631</date><id>0</id><type>bounding_box</type><polygon><username>anonymous</username><pt><x>2288</x><y>1397</y><time>30-09-20 11:34:51:495</time></pt><pt><x>3047</x><y>1397</y><time>30-09-20 11:34:54:757</time></pt><pt><x>3047</x><y>2534</y><time>undefined</time></pt><pt><x>2288</x><y>2534</y><time>undefined</time></pt><closed_date>30-09-20 11:34:54:758</closed_date></polygon></object></annotation>