<annotation><filename>m2_s02_081_x.jpg</filename><folder>users/joselusava//m2_jsv</folder><source><submittedBy>Jose Saca</submittedBy></source><imagesize><nrows>2910</nrows><ncols>4361</ncols></imagesize><object><name>m2_s02_081_x</name><deleted>0</deleted><verified>0</verified><occluded>no</occluded><attributes></attributes><parts><hasparts></hasparts><ispartof></ispartof></parts><date>16-09-20 13:23:52:096</date><id>0</id><type>bounding_box</type><polygon><username>anonymous</username><pt><x>662</x><y>561</y><time>16-09-20 13:23:47:216</time></pt><pt><x>3908</x><y>561</y><time>16-09-20 13:23:50:759</time></pt><pt><x>3908</x><y>2332</y><time>undefined</time></pt><pt><x>662</x><y>2332</y><time>undefined</time></pt><closed_date>16-09-20 13:23:50:759</closed_date></polygon></object></annotation>