<annotation><filename>m4_s10_164_p_ic053.jpg</filename><folder>users/joselusava//santiago_2</folder><source><submittedBy>Jose Saca</submittedBy></source><imagesize><nrows>2970</nrows><ncols>4451</ncols></imagesize><object><name>m4_s10_164_p_ic053</name><deleted>0</deleted><verified>0</verified><occluded>no</occluded><attributes></attributes><parts><hasparts></hasparts><ispartof></ispartof></parts><date>13-10-20 22:46:50:513</date><id>0</id><type>bounding_box</type><polygon><username>anonymous</username><pt><x>2074</x><y>1096</y><time>13-10-20 22:46:47:507</time></pt><pt><x>2431</x><y>1096</y><time>13-10-20 22:46:48:244</time></pt><pt><x>2431</x><y>1778</y><time>undefined</time></pt><pt><x>2074</x><y>1778</y><time>undefined</time></pt><closed_date>13-10-20 22:46:48:244</closed_date></polygon></object></annotation>