<annotation><filename>m3_s01_023_p_ic062.jpg</filename><folder>users/joselusava//santiago_3</folder><source><submittedBy>Jose Saca</submittedBy></source><imagesize><nrows>2970</nrows><ncols>4451</ncols></imagesize><object><name>m3_s01_023_p_ic062</name><deleted>0</deleted><verified>0</verified><occluded>no</occluded><attributes></attributes><parts><hasparts></hasparts><ispartof></ispartof></parts><date>04-11-20 20:02:52:278</date><id>0</id><type>bounding_box</type><polygon><username>anonymous</username><pt><x>828</x><y>300</y><time>04-11-20 20:02:48:375</time></pt><pt><x>2981</x><y>300</y><time>04-11-20 20:02:49:682</time></pt><pt><x>2981</x><y>2445</y><time>undefined</time></pt><pt><x>828</x><y>2445</y><time>undefined</time></pt><closed_date>04-11-20 20:02:49:684</closed_date></polygon></object></annotation>