<annotation><filename>m2_s01_032_p_ic097.jpg</filename><folder>users/joselusava//santiago_2</folder><source><submittedBy>Jose Saca</submittedBy></source><imagesize><nrows>2850</nrows><ncols>4271</ncols></imagesize><object><name>m2_s01_032_p_ic097</name><deleted>0</deleted><verified>0</verified><occluded>no</occluded><attributes></attributes><parts><hasparts></hasparts><ispartof></ispartof></parts><date>30-09-20 17:27:35:785</date><id>0</id><type>bounding_box</type><polygon><username>anonymous</username><pt><x>1167</x><y>305</y><time>30-09-20 17:27:30:441</time></pt><pt><x>2864</x><y>305</y><time>30-09-20 17:27:33:818</time></pt><pt><x>2864</x><y>2599</y><time>undefined</time></pt><pt><x>1167</x><y>2599</y><time>undefined</time></pt><closed_date>30-09-20 17:27:33:820</closed_date></polygon></object></annotation>