<annotation><filename>m4_s10_154_p_nic097.jpg</filename><folder>users/joselusava//valeria/m04_s10_154_nic</folder><source><submittedBy>Jose Saca</submittedBy></source><imagesize><nrows>2970</nrows><ncols>4451</ncols></imagesize><object><name>m4_s10_154_p_nic097</name><deleted>0</deleted><verified>0</verified><occluded>no</occluded><attributes></attributes><parts><hasparts></hasparts><ispartof></ispartof></parts><date>14-10-20 16:16:14:140</date><id>0</id><type>bounding_box</type><polygon><username>anonymous</username><pt><x>286</x><y>2393</y><time>14-10-20 16:16:09:057</time></pt><pt><x>2068</x><y>2393</y><time>14-10-20 16:16:10:801</time></pt><pt><x>2068</x><y>446</y><time>undefined</time></pt><pt><x>286</x><y>446</y><time>undefined</time></pt><closed_date>14-10-20 16:16:10:802</closed_date></polygon></object></annotation>