<annotation><filename>m1_s06_141_p_nic035.jpg</filename><folder>users/joselusava//jacob_2/141nic</folder><source><submittedBy>Jose Saca</submittedBy></source><imagesize><nrows>2736</nrows><ncols>4100</ncols></imagesize><object><name>m1_s06_141_p_nic035</name><deleted>0</deleted><verified>0</verified><occluded>no</occluded><attributes></attributes><parts><hasparts></hasparts><ispartof></ispartof></parts><date>05-09-20 01:12:07:442</date><id>0</id><type>bounding_box</type><polygon><username>anonymous</username><pt><x>3308</x><y>1712</y><time>05-09-20 01:12:03:405</time></pt><pt><x>2287</x><y>1712</y><time>05-09-20 01:12:06:623</time></pt><pt><x>2287</x><y>115</y><time>undefined</time></pt><pt><x>3308</x><y>115</y><time>undefined</time></pt><closed_date>05-09-20 01:12:06:624</closed_date></polygon></object></annotation>