<annotation><filename>m3_s01_018_p_ic097.jpg</filename><folder>users/joselusava//m4_js/18/ic</folder><source><submittedBy>Jose Saca</submittedBy></source><imagesize><nrows>2970</nrows><ncols>4451</ncols></imagesize><object><name>m3_s01_018_p_ic097</name><deleted>0</deleted><verified>0</verified><occluded>no</occluded><attributes></attributes><parts><hasparts></hasparts><ispartof></ispartof></parts><date>05-11-20 14:40:03:217</date><id>0</id><type>bounding_box</type><polygon><username>anonymous</username><pt><x>2904</x><y>2715</y><time>05-11-20 14:40:00:994</time></pt><pt><x>873</x><y>2715</y><time>05-11-20 14:40:02:597</time></pt><pt><x>873</x><y>305</y><time>undefined</time></pt><pt><x>2904</x><y>305</y><time>undefined</time></pt><closed_date>05-11-20 14:40:02:598</closed_date></polygon></object></annotation>