<annotation><filename>m2_s03_252_p_nic017.jpg</filename><folder>users/joselusava//valeria/m2_sala03_252_nic</folder><source><submittedBy>Jose Saca</submittedBy></source><imagesize><nrows>2910</nrows><ncols>4361</ncols></imagesize><object><name>m2_s06_252_p_nic017</name><deleted>0</deleted><verified>0</verified><occluded>no</occluded><attributes></attributes><parts><hasparts></hasparts><ispartof></ispartof></parts><date>26-09-20 18:50:56:539</date><id>0</id><type>bounding_box</type><polygon><username>anonymous</username><pt><x>3026</x><y>1637</y><time>26-09-20 18:50:49:622</time></pt><pt><x>1472</x><y>1637</y><time>26-09-20 18:50:52:107</time></pt><pt><x>1472</x><y>2601</y><time>undefined</time></pt><pt><x>3026</x><y>2601</y><time>undefined</time></pt><closed_date>26-09-20 18:50:52:109</closed_date></polygon></object></annotation>