<annotation><filename>m2_s01_034_p_ic085.jpg</filename><folder>users/joselusava//kath</folder><source><submittedBy>Jose Saca</submittedBy></source><imagesize><nrows>2850</nrows><ncols>4271</ncols></imagesize><object><name>m2_s01_034_p_ic085</name><deleted>0</deleted><verified>0</verified><occluded>no</occluded><attributes></attributes><parts><hasparts></hasparts><ispartof></ispartof></parts><date>25-09-20 17:02:04:122</date><id>0</id><polygon><username>anonymous</username><pt><x>1239</x><y>301</y><time>25-09-20 17:01:51:658</time></pt><pt><x>1282</x><y>2628</y><time>25-09-20 17:01:53:349</time></pt><pt><x>2836</x><y>2671</y><time>25-09-20 17:01:55:582</time></pt><pt><x>2879</x><y>279</y><time>25-09-20 17:01:58:107</time></pt><closed_date>25-09-20 17:02:00:227</closed_date></polygon></object></annotation>