<annotation><filename>m4_s10_164_p_ic075.jpg</filename><folder>users/joselusava//santiago_2</folder><source><submittedBy>Jose Saca</submittedBy></source><imagesize><nrows>2970</nrows><ncols>4451</ncols></imagesize><object><name>m4_s10_164_p_ic075</name><deleted>0</deleted><verified>0</verified><occluded>no</occluded><attributes></attributes><parts><hasparts></hasparts><ispartof></ispartof></parts><date>13-10-20 23:01:53:596</date><id>0</id><type>bounding_box</type><polygon><username>anonymous</username><pt><x>1485</x><y>1353</y><time>13-10-20 23:01:51:004</time></pt><pt><x>2185</x><y>1353</y><time>13-10-20 23:01:51:751</time></pt><pt><x>2185</x><y>1995</y><time>undefined</time></pt><pt><x>1485</x><y>1995</y><time>undefined</time></pt><closed_date>13-10-20 23:01:51:751</closed_date></polygon></object></annotation>