<annotation><filename>m2_s02_085_p_nic031.jpg</filename><folder>users/joselusava//m2_jsv/85/nic</folder><source><submittedBy>Jose Saca</submittedBy></source><imagesize><nrows>2910</nrows><ncols>4361</ncols></imagesize><object><name>m2_s02_085_p_nic031</name><deleted>0</deleted><verified>0</verified><occluded>no</occluded><attributes></attributes><parts><hasparts></hasparts><ispartof></ispartof></parts><date>19-09-20 22:35:40:364</date><id>0</id><type>bounding_box</type><polygon><username>anonymous</username><pt><x>3282</x><y>984</y><time>19-09-20 22:35:38:404</time></pt><pt><x>4161</x><y>984</y><time>19-09-20 22:35:39:596</time></pt><pt><x>4161</x><y>1976</y><time>undefined</time></pt><pt><x>3282</x><y>1976</y><time>undefined</time></pt><closed_date>19-09-20 22:35:39:596</closed_date></polygon></object></annotation>