<annotation><filename>m4_s05_055_p_ic052.jpg</filename><folder>users/joselusava//valeria/m4_s05_055_ic</folder><source><submittedBy>Jose Saca</submittedBy></source><imagesize><nrows>2910</nrows><ncols>4361</ncols></imagesize><object><name>m4_s05_055_p_ic052</name><deleted>0</deleted><verified>0</verified><occluded>no</occluded><attributes></attributes><parts><hasparts></hasparts><ispartof></ispartof></parts><date>08-10-20 22:32:13:747</date><id>0</id><type>bounding_box</type><polygon><username>anonymous</username><pt><x>1328</x><y>391</y><time>08-10-20 22:32:08:488</time></pt><pt><x>3224</x><y>391</y><time>08-10-20 22:32:10:566</time></pt><pt><x>3224</x><y>2403</y><time>undefined</time></pt><pt><x>1328</x><y>2403</y><time>undefined</time></pt><closed_date>08-10-20 22:32:10:567</closed_date></polygon></object></annotation>