<annotation><filename>m2_s01_054_p_ic015.jpg</filename><folder>users/joselusava//kath</folder><source><submittedBy>Jose Saca</submittedBy></source><imagesize><nrows>2850</nrows><ncols>4271</ncols></imagesize><object><name>m2_s01_054_p_ic015</name><deleted>0</deleted><verified>0</verified><occluded>no</occluded><attributes></attributes><parts><hasparts></hasparts><ispartof></ispartof></parts><date>29-09-20 21:36:47:560</date><id>0</id><type>bounding_box</type><polygon><username>anonymous</username><pt><x>1197</x><y>377</y><time>29-09-20 21:36:39:803</time></pt><pt><x>2959</x><y>377</y><time>29-09-20 21:36:44:014</time></pt><pt><x>2959</x><y>2516</y><time>undefined</time></pt><pt><x>1197</x><y>2516</y><time>undefined</time></pt><closed_date>29-09-20 21:36:44:014</closed_date></polygon></object></annotation>