<annotation><filename>m2_s01_018_p_nic064.jpg</filename><folder>users/joselusava//santiago_2</folder><source><submittedBy>Jose Saca</submittedBy></source><imagesize><nrows>2850</nrows><ncols>4271</ncols></imagesize><object><name>m2_s01_018_p_nic064</name><deleted>0</deleted><verified>0</verified><occluded>no</occluded><attributes></attributes><parts><hasparts></hasparts><ispartof></ispartof></parts><date>29-09-20 18:24:53:321</date><id>0</id><type>bounding_box</type><polygon><username>anonymous</username><pt><x>3171</x><y>285</y><time>29-09-20 18:24:50:025</time></pt><pt><x>3591</x><y>285</y><time>29-09-20 18:24:51:202</time></pt><pt><x>3591</x><y>866</y><time>undefined</time></pt><pt><x>3171</x><y>866</y><time>undefined</time></pt><closed_date>29-09-20 18:24:51:204</closed_date></polygon></object></annotation>