<annotation><filename>m4_s04_045_p_ic010.jpg</filename><folder>users/joselusava//valeria/m04_s04_45_ic</folder><source><submittedBy>Jose Saca</submittedBy></source><imagesize><nrows>2970</nrows><ncols>4451</ncols></imagesize><object><name>m4_s04_045_p_ic010</name><deleted>0</deleted><verified>0</verified><occluded>no</occluded><attributes></attributes><parts><hasparts></hasparts><ispartof></ispartof></parts><date>19-10-20 18:58:44:300</date><id>0</id><type>bounding_box</type><polygon><username>anonymous</username><pt><x>1822</x><y>2153</y><time>19-10-20 18:58:38:838</time></pt><pt><x>2804</x><y>2153</y><time>19-10-20 18:58:41:242</time></pt><pt><x>2804</x><y>594</y><time>undefined</time></pt><pt><x>1822</x><y>594</y><time>undefined</time></pt><closed_date>19-10-20 18:58:41:243</closed_date></polygon></object></annotation>