<annotation><filename>m3_s01_023_p_ic098.jpg</filename><folder>users/joselusava//santiago_3</folder><source><submittedBy>Jose Saca</submittedBy></source><imagesize><nrows>2970</nrows><ncols>4451</ncols></imagesize><object><name>m3_s01_023_p_ic098</name><deleted>0</deleted><verified>0</verified><occluded>no</occluded><attributes></attributes><parts><hasparts></hasparts><ispartof></ispartof></parts><date>04-11-20 21:12:32:994</date><id>0</id><type>bounding_box</type><polygon><username>anonymous</username><pt><x>275</x><y>396</y><time>04-11-20 21:12:28:713</time></pt><pt><x>4148</x><y>396</y><time>04-11-20 21:12:30:290</time></pt><pt><x>4148</x><y>2213</y><time>undefined</time></pt><pt><x>275</x><y>2213</y><time>undefined</time></pt><closed_date>04-11-20 21:12:30:292</closed_date></polygon></object></annotation>