<annotation><filename>m4_s12_186_p_ic077.jpg</filename><folder>users/joselusava//m4_js/186/ic</folder><source><submittedBy>Jose Saca</submittedBy></source><imagesize><nrows>3899</nrows><ncols>5844</ncols></imagesize><object><name>m4_s12_186_p_ic077</name><deleted>0</deleted><verified>0</verified><occluded>no</occluded><attributes></attributes><parts><hasparts></hasparts><ispartof></ispartof></parts><date>18-10-20 11:06:32:690</date><id>0</id><type>bounding_box</type><polygon><username>anonymous</username><pt><x>1995</x><y>455</y><time>18-10-20 11:06:31:101</time></pt><pt><x>3931</x><y>455</y><time>18-10-20 11:06:32:187</time></pt><pt><x>3931</x><y>3464</y><time>undefined</time></pt><pt><x>1995</x><y>3464</y><time>undefined</time></pt><closed_date>18-10-20 11:06:32:187</closed_date></polygon></object></annotation>