<annotation><filename>m2_s03_201_p_nic099.jpg</filename><folder>users/joselusava//valeria/m2_sala03_201_nic</folder><source><submittedBy>Jose Saca</submittedBy></source><imagesize><nrows>2910</nrows><ncols>4361</ncols></imagesize><object><name>m2_s03_201_p_nic099</name><deleted>0</deleted><verified>0</verified><occluded>no</occluded><attributes></attributes><parts><hasparts></hasparts><ispartof></ispartof></parts><date>30-09-20 18:53:25:938</date><id>0</id><type>bounding_box</type><polygon><username>anonymous</username><pt><x>2386</x><y>2094</y><time>30-09-20 18:53:20:888</time></pt><pt><x>4222</x><y>2094</y><time>30-09-20 18:53:22:874</time></pt><pt><x>4222</x><y>22</y><time>undefined</time></pt><pt><x>2386</x><y>22</y><time>undefined</time></pt><closed_date>30-09-20 18:53:22:875</closed_date></polygon></object></annotation>