<annotation><filename>m4_s11_178_p_nic092.jpg</filename><folder>users/joselusava//santiago_2</folder><source><submittedBy>Jose Saca</submittedBy></source><imagesize><nrows>2970</nrows><ncols>4451</ncols></imagesize><object><name>m4_s11_178_p_nic092</name><deleted>0</deleted><verified>0</verified><occluded>no</occluded><attributes></attributes><parts><hasparts></hasparts><ispartof></ispartof></parts><date>16-10-20 11:50:17:514</date><id>0</id><type>bounding_box</type><polygon><username>anonymous</username><pt><x>2531</x><y>957</y><time>16-10-20 11:50:13:642</time></pt><pt><x>3620</x><y>957</y><time>16-10-20 11:50:15:373</time></pt><pt><x>3620</x><y>2024</y><time>undefined</time></pt><pt><x>2531</x><y>2024</y><time>undefined</time></pt><closed_date>16-10-20 11:50:15:373</closed_date></polygon></object></annotation>