<annotation><filename>m1_s06_141_p_ic089.jpg</filename><folder>users/joselusava//jacob_2/141ic</folder><source><submittedBy>Jose Saca</submittedBy></source><imagesize><nrows>2736</nrows><ncols>4100</ncols></imagesize><object><name>m1_s06_141_p_ic089</name><deleted>0</deleted><verified>0</verified><occluded>no</occluded><attributes></attributes><parts><hasparts></hasparts><ispartof></ispartof></parts><date>05-09-20 00:05:28:778</date><id>0</id><type>bounding_box</type><polygon><username>anonymous</username><pt><x>893</x><y>2584</y><time>05-09-20 00:05:24:976</time></pt><pt><x>2625</x><y>2584</y><time>05-09-20 00:05:26:807</time></pt><pt><x>2625</x><y>257</y><time>undefined</time></pt><pt><x>893</x><y>257</y><time>undefined</time></pt><closed_date>05-09-20 00:05:26:808</closed_date></polygon></object></annotation>