<annotation><filename>m1_s01_004_p_ic057.jpg</filename><folder>users/joselusava//valeria_apoyo/sala001_004ic_ok</folder><source><submittedBy>Jose Saca</submittedBy></source><imagesize><nrows>2000</nrows><ncols>2992</ncols></imagesize><object><name>m1_s01_004_p_ic057</name><deleted>0</deleted><verified>0</verified><occluded>no</occluded><attributes></attributes><parts><hasparts></hasparts><ispartof></ispartof></parts><date>16-09-20 00:42:03:843</date><id>0</id><type>bounding_box</type><polygon><username>anonymous</username><pt><x>2746</x><y>1746</y><time>16-09-20 00:41:56:710</time></pt><pt><x>27</x><y>1746</y><time>16-09-20 00:42:00:181</time></pt><pt><x>27</x><y>542</y><time>undefined</time></pt><pt><x>2746</x><y>542</y><time>undefined</time></pt><closed_date>16-09-20 00:42:00:182</closed_date></polygon></object></annotation>