<annotation><filename>m4_s04_037_p_ic025.jpg</filename><folder>users/joselusava//santiago_2</folder><source><submittedBy>Jose Saca</submittedBy></source><imagesize><nrows>2970</nrows><ncols>4451</ncols></imagesize><object><name>m4_s04_037_p_ic025</name><deleted>0</deleted><verified>0</verified><occluded>no</occluded><attributes></attributes><parts><hasparts></hasparts><ispartof></ispartof></parts><date>17-10-20 21:40:54:214</date><id>0</id><type>bounding_box</type><polygon><username>anonymous</username><pt><x>1617</x><y>635</y><time>17-10-20 21:40:50:066</time></pt><pt><x>2824</x><y>635</y><time>17-10-20 21:40:51:570</time></pt><pt><x>2824</x><y>2363</y><time>undefined</time></pt><pt><x>1617</x><y>2363</y><time>undefined</time></pt><closed_date>17-10-20 21:40:51:572</closed_date></polygon></object></annotation>