<annotation><filename>m4_s09_138_p_ic037.jpg</filename><folder>users/joselusava//santiago_2</folder><source><submittedBy>Jose Saca</submittedBy></source><imagesize><nrows>2970</nrows><ncols>4451</ncols></imagesize><object><name>m4_s09_138_p_ic037</name><deleted>0</deleted><verified>0</verified><occluded>no</occluded><attributes></attributes><parts><hasparts></hasparts><ispartof></ispartof></parts><date>22-10-20 14:08:44:104</date><id>0</id><type>bounding_box</type><polygon><username>anonymous</username><pt><x>196</x><y>728</y><time>22-10-20 14:08:40:446</time></pt><pt><x>4344</x><y>728</y><time>22-10-20 14:08:42:070</time></pt><pt><x>4344</x><y>2663</y><time>undefined</time></pt><pt><x>196</x><y>2663</y><time>undefined</time></pt><closed_date>22-10-20 14:08:42:071</closed_date></polygon></object></annotation>