<annotation><filename>m3_s01_018_p_nic020.jpg</filename><folder>users/joselusava//m4_js/18/nic</folder><source><submittedBy>Jose Saca</submittedBy></source><imagesize><nrows>2970</nrows><ncols>4451</ncols></imagesize><object><name>m3_s01_018_p_nic020</name><deleted>0</deleted><verified>0</verified><occluded>no</occluded><attributes></attributes><parts><hasparts></hasparts><ispartof></ispartof></parts><date>05-11-20 14:54:28:203</date><id>0</id><type>bounding_box</type><polygon><username>anonymous</username><pt><x>3325</x><y>2452</y><time>05-11-20 14:54:24:818</time></pt><pt><x>21</x><y>2452</y><time>05-11-20 14:54:27:348</time></pt><pt><x>21</x><y>32</y><time>undefined</time></pt><pt><x>3325</x><y>32</y><time>undefined</time></pt><closed_date>05-11-20 14:54:27:348</closed_date></polygon></object></annotation>