<annotation><filename>m1_s01_005_p_nic065.jpg</filename><folder>users/joselusava//museos2020</folder><source><submittedBy>Jose Saca</submittedBy></source><imagesize><nrows>2000</nrows><ncols>2992</ncols></imagesize><object><name>m1_s01_005_p_nic065</name><deleted>0</deleted><verified>0</verified><occluded>no</occluded><attributes></attributes><parts><hasparts></hasparts><ispartof></ispartof></parts><date>14-09-20 11:27:57:453</date><id>0</id><type>bounding_box</type><polygon><username>anonymous</username><pt><x>2026</x><y>313</y><time>14-09-20 11:27:48:094</time></pt><pt><x>2339</x><y>313</y><time>14-09-20 11:27:49:012</time></pt><pt><x>2339</x><y>661</y><time>undefined</time></pt><pt><x>2026</x><y>661</y><time>undefined</time></pt><closed_date>14-09-20 11:27:49:013</closed_date></polygon></object></annotation>