<annotation><filename>m2_s02_198_x.jpg</filename><folder>users/joselusava//m2_jsv</folder><source><submittedBy>Jose Saca</submittedBy></source><imagesize><nrows>2910</nrows><ncols>4361</ncols></imagesize><object><name>m2_s02_198_x</name><deleted>0</deleted><verified>0</verified><occluded>no</occluded><attributes></attributes><parts><hasparts></hasparts><ispartof></ispartof></parts><date>20-09-20 17:05:54:076</date><id>0</id><type>bounding_box</type><polygon><username>anonymous</username><pt><x>3273</x><y>2803</y><time>20-09-20 17:05:51:847</time></pt><pt><x>1027</x><y>2803</y><time>20-09-20 17:05:53:301</time></pt><pt><x>1027</x><y>348</y><time>undefined</time></pt><pt><x>3273</x><y>348</y><time>undefined</time></pt><closed_date>20-09-20 17:05:53:301</closed_date></polygon></object></annotation>