<annotation><filename>m1_s02_065_p_nic002.jpg</filename><folder>users/joselusava//valeria/sala2_065_nic</folder><source><submittedBy>Jose Saca</submittedBy></source><imagesize><nrows>2000</nrows><ncols>2992</ncols></imagesize><object><name>m1_s02_065_p_nic002</name><deleted>0</deleted><verified>0</verified><occluded>no</occluded><attributes></attributes><parts><hasparts></hasparts><ispartof></ispartof></parts><date>27-08-20 21:31:01:992</date><id>0</id><type>bounding_box</type><polygon><username>anonymous</username><pt><x>1597</x><y>1346</y><time>27-08-20 21:30:55:137</time></pt><pt><x>161</x><y>1346</y><time>27-08-20 21:30:57:604</time></pt><pt><x>161</x><y>732</y><time>undefined</time></pt><pt><x>1597</x><y>732</y><time>undefined</time></pt><closed_date>27-08-20 21:30:57:605</closed_date></polygon></object></annotation>