<annotation><filename>m4_s09_138_p_ic035.jpg</filename><folder>users/joselusava//santiago_2</folder><source><submittedBy>Jose Saca</submittedBy></source><imagesize><nrows>2970</nrows><ncols>4451</ncols></imagesize><object><name>m4_s09_138_p_ic035</name><deleted>0</deleted><verified>0</verified><occluded>no</occluded><attributes></attributes><parts><hasparts></hasparts><ispartof></ispartof></parts><date>22-10-20 14:07:21:919</date><id>0</id><type>bounding_box</type><polygon><username>anonymous</username><pt><x>150</x><y>643</y><time>22-10-20 14:07:17:551</time></pt><pt><x>4298</x><y>643</y><time>22-10-20 14:07:19:763</time></pt><pt><x>4298</x><y>2559</y><time>undefined</time></pt><pt><x>150</x><y>2559</y><time>undefined</time></pt><closed_date>22-10-20 14:07:19:763</closed_date></polygon></object></annotation>