<annotation><filename>m4_s10_164_p_ic057.jpg</filename><folder>users/joselusava//santiago_2</folder><source><submittedBy>Jose Saca</submittedBy></source><imagesize><nrows>2970</nrows><ncols>4451</ncols></imagesize><object><name>m4_s10_164_p_ic057</name><deleted>0</deleted><verified>0</verified><occluded>no</occluded><attributes></attributes><parts><hasparts></hasparts><ispartof></ispartof></parts><date>13-10-20 22:49:15:431</date><id>0</id><type>bounding_box</type><polygon><username>anonymous</username><pt><x>1738</x><y>1007</y><time>13-10-20 22:49:12:200</time></pt><pt><x>2492</x><y>1007</y><time>13-10-20 22:49:13:139</time></pt><pt><x>2492</x><y>1735</y><time>undefined</time></pt><pt><x>1738</x><y>1735</y><time>undefined</time></pt><closed_date>13-10-20 22:49:13:140</closed_date></polygon></object></annotation>