<annotation><filename>m4_s09_138_p_nic067.jpg</filename><folder>users/joselusava//santiago_2</folder><source><submittedBy>Jose Saca</submittedBy></source><imagesize><nrows>2970</nrows><ncols>4451</ncols></imagesize><object><name>m4_s09_138_p_nic067</name><deleted>0</deleted><verified>0</verified><occluded>no</occluded><attributes></attributes><parts><hasparts></hasparts><ispartof></ispartof></parts><date>23-10-20 14:11:12:455</date><id>0</id><type>bounding_box</type><polygon><username>anonymous</username><pt><x>1653</x><y>475</y><time>23-10-20 14:11:09:170</time></pt><pt><x>4344</x><y>475</y><time>23-10-20 14:11:10:512</time></pt><pt><x>4344</x><y>1439</y><time>undefined</time></pt><pt><x>1653</x><y>1439</y><time>undefined</time></pt><closed_date>23-10-20 14:11:10:513</closed_date></polygon></object></annotation>