<annotation><filename>m1_s06_186_p_nic064.jpg</filename><folder>users/joselusava//jacob_2/186nic</folder><source><submittedBy>Jose Saca</submittedBy></source><imagesize><nrows>2736</nrows><ncols>4100</ncols></imagesize><object><name>m1_s06_186_p_nic064</name><deleted>0</deleted><verified>0</verified><occluded>no</occluded><attributes></attributes><parts><hasparts></hasparts><ispartof></ispartof></parts><date>09-09-20 23:25:06:212</date><id>0</id><type>bounding_box</type><polygon><username>anonymous</username><pt><x>3748</x><y>2365</y><time>09-09-20 23:25:04:250</time></pt><pt><x>2660</x><y>2365</y><time>09-09-20 23:25:05:516</time></pt><pt><x>2660</x><y>499</y><time>undefined</time></pt><pt><x>3748</x><y>499</y><time>undefined</time></pt><closed_date>09-09-20 23:25:05:516</closed_date></polygon></object></annotation>