<annotation><filename>m2_s07_288_x.jpg</filename><folder>users/joselusava//museos2020</folder><source><submittedBy>Jose Saca</submittedBy></source><imagesize><nrows>2910</nrows><ncols>4361</ncols></imagesize><object><name>m2_s07_288_x</name><deleted>0</deleted><verified>0</verified><occluded>no</occluded><attributes></attributes><parts><hasparts></hasparts><ispartof></ispartof></parts><date>27-09-20 22:27:11:134</date><id>0</id><type>bounding_box</type><polygon><username>anonymous</username><pt><x>344</x><y>1343</y><time>27-09-20 22:27:04:159</time></pt><pt><x>4091</x><y>1343</y><time>27-09-20 22:27:05:508</time></pt><pt><x>4091</x><y>2031</y><time>undefined</time></pt><pt><x>344</x><y>2031</y><time>undefined</time></pt><closed_date>27-09-20 22:27:05:510</closed_date></polygon></object></annotation>