<annotation><filename>m4_s12_185_p_nic005.jpg</filename><folder>users/joselusava//valeria/m04_s12_185_nic</folder><source><submittedBy>Jose Saca</submittedBy></source><imagesize><nrows>2910</nrows><ncols>4361</ncols></imagesize><object><name>m4_s12_185_p_nic005</name><deleted>0</deleted><verified>0</verified><occluded>no</occluded><attributes></attributes><parts><hasparts></hasparts><ispartof></ispartof></parts><date>17-10-20 19:21:59:313</date><id>0</id><type>bounding_box</type><polygon><username>anonymous</username><pt><x>207</x><y>2563</y><time>17-10-20 19:21:52:467</time></pt><pt><x>2188</x><y>2563</y><time>17-10-20 19:21:55:071</time></pt><pt><x>2188</x><y>520</y><time>undefined</time></pt><pt><x>207</x><y>520</y><time>undefined</time></pt><closed_date>17-10-20 19:21:55:072</closed_date></polygon></object></annotation>