<annotation><filename>m1_s01_012_x.jpg</filename><folder>users/joselusava//museos2020</folder><source><submittedBy>Jose Saca</submittedBy></source><imagesize><nrows>2000</nrows><ncols>2992</ncols></imagesize><object><name>m1_s01_012_x</name><deleted>0</deleted><verified>0</verified><occluded>no</occluded><attributes></attributes><parts><hasparts></hasparts><ispartof></ispartof></parts><date>13-09-20 21:59:41:035</date><id>0</id><type>bounding_box</type><polygon><username>anonymous</username><pt><x>879</x><y>460</y><time>13-09-20 21:59:30:729</time></pt><pt><x>2003</x><y>460</y><time>13-09-20 21:59:34:122</time></pt><pt><x>2003</x><y>1741</y><time>undefined</time></pt><pt><x>879</x><y>1741</y><time>undefined</time></pt><closed_date>13-09-20 21:59:34:122</closed_date></polygon></object></annotation>