<annotation><filename>m1_s01_021_p_ic023.jpg</filename><folder>users/joselusava//santiago</folder><source><submittedBy>Jose Saca</submittedBy></source><imagesize><nrows>3200</nrows><ncols>4800</ncols></imagesize><object><name>m1_s01_021_p_ic023</name><deleted>0</deleted><verified>0</verified><occluded>no</occluded><attributes></attributes><parts><hasparts></hasparts><ispartof></ispartof></parts><date>14-09-20 22:26:58:079</date><id>0</id><type>bounding_box</type><polygon><username>anonymous</username><pt><x>1749</x><y>648</y><time>14-09-20 22:26:49:223</time></pt><pt><x>3139</x><y>648</y><time>14-09-20 22:26:51:891</time></pt><pt><x>3139</x><y>2523</y><time>undefined</time></pt><pt><x>1749</x><y>2523</y><time>undefined</time></pt><closed_date>14-09-20 22:26:51:893</closed_date></polygon></object></annotation>