<annotation><filename>m4_s11_178_p_ic037.jpg</filename><folder>users/joselusava//santiago_2</folder><source><submittedBy>Jose Saca</submittedBy></source><imagesize><nrows>2970</nrows><ncols>4451</ncols></imagesize><object><name>m4_s11_178_p_ic037</name><deleted>0</deleted><verified>0</verified><occluded>no</occluded><attributes></attributes><parts><hasparts></hasparts><ispartof></ispartof></parts><date>15-10-20 21:36:59:371</date><id>0</id><type>bounding_box</type><polygon><username>anonymous</username><pt><x>1542</x><y>800</y><time>15-10-20 21:36:56:152</time></pt><pt><x>2677</x><y>800</y><time>15-10-20 21:36:57:380</time></pt><pt><x>2677</x><y>2195</y><time>undefined</time></pt><pt><x>1542</x><y>2195</y><time>undefined</time></pt><closed_date>15-10-20 21:36:57:382</closed_date></polygon></object></annotation>