<annotation><filename>m4_s10_154_p_nic069.jpg</filename><folder>users/joselusava//valeria/m04_s10_154_nic</folder><source><submittedBy>Jose Saca</submittedBy></source><imagesize><nrows>2970</nrows><ncols>4451</ncols></imagesize><object><name>m4_s10_154_p_nic069</name><deleted>0</deleted><verified>0</verified><occluded>no</occluded><attributes></attributes><parts><hasparts></hasparts><ispartof></ispartof></parts><date>14-10-20 13:36:32:958</date><id>0</id><type>bounding_box</type><polygon><username>anonymous</username><pt><x>2330</x><y>2610</y><time>14-10-20 13:36:27:854</time></pt><pt><x>1508</x><y>2610</y><time>14-10-20 13:36:30:016</time></pt><pt><x>1508</x><y>1057</y><time>undefined</time></pt><pt><x>2330</x><y>1057</y><time>undefined</time></pt><closed_date>14-10-20 13:36:30:017</closed_date></polygon></object></annotation>