<annotation><filename>m4_s05_055_p_nic093.jpg</filename><folder>users/joselusava//valeria/m4_s05_055_nic</folder><source><submittedBy>Jose Saca</submittedBy></source><imagesize><nrows>2910</nrows><ncols>4361</ncols></imagesize><object><name>m4_s05_055_p_nic093</name><deleted>0</deleted><verified>0</verified><occluded>no</occluded><attributes></attributes><parts><hasparts></hasparts><ispartof></ispartof></parts><date>09-10-20 18:25:29:482</date><id>0</id><type>bounding_box</type><polygon><username>anonymous</username><pt><x>2816</x><y>711</y><time>09-10-20 18:25:18:384</time></pt><pt><x>3990</x><y>711</y><time>09-10-20 18:25:23:782</time></pt><pt><x>3990</x><y>1946</y><time>undefined</time></pt><pt><x>2816</x><y>1946</y><time>undefined</time></pt><closed_date>09-10-20 18:25:23:783</closed_date></polygon></object></annotation>