<annotation><filename>m4_s12_186_p_ic083.jpg</filename><folder>users/joselusava//m4_js/186/ic</folder><source><submittedBy>Jose Saca</submittedBy></source><imagesize><nrows>3899</nrows><ncols>5844</ncols></imagesize><object><name>m4_s12_186_p_ic083</name><deleted>0</deleted><verified>0</verified><occluded>no</occluded><attributes></attributes><parts><hasparts></hasparts><ispartof></ispartof></parts><date>18-10-20 11:11:35:638</date><id>0</id><type>bounding_box</type><polygon><username>anonymous</username><pt><x>1750</x><y>548</y><time>18-10-20 11:11:33:381</time></pt><pt><x>3744</x><y>548</y><time>18-10-20 11:11:34:791</time></pt><pt><x>3744</x><y>3488</y><time>undefined</time></pt><pt><x>1750</x><y>3488</y><time>undefined</time></pt><closed_date>18-10-20 11:11:34:791</closed_date></polygon></object></annotation>