<annotation><filename>m4_s04_037_p_nic079.jpg</filename><folder>users/joselusava//santiago_2</folder><source><submittedBy>Jose Saca</submittedBy></source><imagesize><nrows>2970</nrows><ncols>4451</ncols></imagesize><object><name>m4_s04_037_p_nic079</name><deleted>0</deleted><verified>0</verified><occluded>no</occluded><attributes></attributes><parts><hasparts></hasparts><ispartof></ispartof></parts><date>19-10-20 22:46:56:859</date><id>0</id><type>bounding_box</type><polygon><username>anonymous</username><pt><x>207</x><y>1285</y><time>19-10-20 22:46:46:327</time></pt><pt><x>1185</x><y>1285</y><time>19-10-20 22:46:47:860</time></pt><pt><x>1185</x><y>2731</y><time>undefined</time></pt><pt><x>207</x><y>2731</y><time>undefined</time></pt><closed_date>19-10-20 22:46:47:862</closed_date></polygon></object></annotation>