<annotation><filename>m2_s05_236_p_ic088.jpg</filename><folder>users/joselusava//museos2020</folder><source><submittedBy>Jose Saca</submittedBy></source><imagesize><nrows>2910</nrows><ncols>4361</ncols></imagesize><object><name>m2_s05_236_p_ic088</name><deleted>0</deleted><verified>0</verified><occluded>no</occluded><attributes></attributes><parts><hasparts></hasparts><ispartof></ispartof></parts><date>16-09-20 19:28:11:634</date><id>0</id><type>bounding_box</type><polygon><username>anonymous</username><pt><x>265</x><y>353</y><time>16-09-20 19:27:58:613</time></pt><pt><x>4072</x><y>353</y><time>16-09-20 19:28:00:996</time></pt><pt><x>4072</x><y>2901</y><time>undefined</time></pt><pt><x>265</x><y>2901</y><time>undefined</time></pt><closed_date>16-09-20 19:28:00:997</closed_date></polygon></object></annotation>