<annotation><filename>m4_s10_154_p_nic085.jpg</filename><folder>users/joselusava//valeria/m04_s10_154_nic</folder><source><submittedBy>Jose Saca</submittedBy></source><imagesize><nrows>2970</nrows><ncols>4451</ncols></imagesize><object><name>m4_s10_154_p_nic085</name><deleted>0</deleted><verified>0</verified><occluded>no</occluded><attributes></attributes><parts><hasparts></hasparts><ispartof></ispartof></parts><date>14-10-20 15:56:05:420</date><id>0</id><type>bounding_box</type><polygon><username>anonymous</username><pt><x>583</x><y>2330</y><time>14-10-20 15:56:00:540</time></pt><pt><x>1748</x><y>2330</y><time>14-10-20 15:56:02:470</time></pt><pt><x>1748</x><y>588</y><time>undefined</time></pt><pt><x>583</x><y>588</y><time>undefined</time></pt><closed_date>14-10-20 15:56:02:471</closed_date></polygon></object></annotation>