<annotation><filename>m2_s01_032_p_ic037.jpg</filename><folder>users/joselusava//santiago_2</folder><source><submittedBy>Jose Saca</submittedBy></source><imagesize><nrows>2850</nrows><ncols>4271</ncols></imagesize><object><name>m2_s01_032_p_ic037</name><deleted>0</deleted><verified>0</verified><occluded>no</occluded><attributes></attributes><parts><hasparts></hasparts><ispartof></ispartof></parts><date>30-09-20 12:22:53:464</date><id>0</id><type>bounding_box</type><polygon><username>anonymous</username><pt><x>1394</x><y>207</y><time>30-09-20 12:22:49:058</time></pt><pt><x>2945</x><y>207</y><time>30-09-20 12:22:50:967</time></pt><pt><x>2945</x><y>2538</y><time>undefined</time></pt><pt><x>1394</x><y>2538</y><time>undefined</time></pt><closed_date>30-09-20 12:22:50:968</closed_date></polygon></object></annotation>