<annotation><filename>m4_s10_164_p_ic018.jpg</filename><folder>users/joselusava//santiago_2</folder><source><submittedBy>Jose Saca</submittedBy></source><imagesize><nrows>2970</nrows><ncols>4451</ncols></imagesize><object><name>m4_s10_164_p_ic018</name><deleted>0</deleted><verified>0</verified><occluded>no</occluded><attributes></attributes><parts><hasparts></hasparts><ispartof></ispartof></parts><date>13-10-20 22:12:13:754</date><id>0</id><type>bounding_box</type><polygon><username>anonymous</username><pt><x>1813</x><y>896</y><time>13-10-20 22:12:10:675</time></pt><pt><x>2460</x><y>896</y><time>13-10-20 22:12:11:603</time></pt><pt><x>2460</x><y>1785</y><time>undefined</time></pt><pt><x>1813</x><y>1785</y><time>undefined</time></pt><closed_date>13-10-20 22:12:11:603</closed_date></polygon></object></annotation>