<annotation><filename>m2_s01_034_p_nic041.jpg</filename><folder>users/joselusava//kath</folder><source><submittedBy>Jose Saca</submittedBy></source><imagesize><nrows>2850</nrows><ncols>4271</ncols></imagesize><object><name>m2_s01_034_p_nic041</name><deleted>0</deleted><verified>0</verified><occluded>no</occluded><attributes></attributes><parts><hasparts></hasparts><ispartof></ispartof></parts><date>25-09-20 19:56:01:625</date><id>0</id><type>bounding_box</type><polygon><username>anonymous</username><pt><x>1232</x><y>1253</y><time>25-09-20 19:55:55:869</time></pt><pt><x>2105</x><y>1253</y><time>25-09-20 19:55:58:978</time></pt><pt><x>2105</x><y>2635</y><time>undefined</time></pt><pt><x>1232</x><y>2635</y><time>undefined</time></pt><closed_date>25-09-20 19:55:58:979</closed_date></polygon></object></annotation>