<annotation><filename>m4_s07_105_p_nic062.jpg</filename><folder>users/joselusava//kath/m4_105/nic</folder><source><submittedBy>Jose Saca</submittedBy></source><imagesize><nrows>2970</nrows><ncols>4451</ncols></imagesize><object><name>m4_s07_105_p_nic062</name><deleted>0</deleted><verified>0</verified><occluded>no</occluded><attributes></attributes><parts><hasparts></hasparts><ispartof></ispartof></parts><date>03-11-20 09:00:35:135</date><id>0</id><type>bounding_box</type><polygon><username>anonymous</username><pt><x>461</x><y>2379</y><time>03-11-20 09:00:31:160</time></pt><pt><x>1447</x><y>2379</y><time>03-11-20 09:00:32:478</time></pt><pt><x>1447</x><y>779</y><time>undefined</time></pt><pt><x>461</x><y>779</y><time>undefined</time></pt><closed_date>03-11-20 09:00:32:478</closed_date></polygon></object></annotation>