<annotation><filename>m4_s04_037_p_nic098.jpg</filename><folder>users/joselusava//santiago_2</folder><source><submittedBy>Jose Saca</submittedBy></source><imagesize><nrows>2970</nrows><ncols>4451</ncols></imagesize><object><name>m4_s04_037_p_nic098</name><deleted>0</deleted><verified>0</verified><occluded>no</occluded><attributes></attributes><parts><hasparts></hasparts><ispartof></ispartof></parts><date>19-10-20 23:01:08:352</date><id>0</id><type>bounding_box</type><polygon><username>anonymous</username><pt><x>2745</x><y>1539</y><time>19-10-20 23:01:05:182</time></pt><pt><x>3548</x><y>1539</y><time>19-10-20 23:01:06:244</time></pt><pt><x>3548</x><y>2909</y><time>undefined</time></pt><pt><x>2745</x><y>2909</y><time>undefined</time></pt><closed_date>19-10-20 23:01:06:244</closed_date></polygon></object></annotation>