<annotation><filename>img_m1_s10_303_p_nic081.jpg</filename><folder>users/joselusava//santiago</folder><source><submittedBy>Jose Saca</submittedBy></source><imagesize><nrows>3200</nrows><ncols>4800</ncols></imagesize><object><name>m1_s10_303_p_nic081</name><deleted>0</deleted><verified>0</verified><occluded>no</occluded><attributes></attributes><parts><hasparts></hasparts><ispartof></ispartof></parts><date>01-09-20 22:57:20:733</date><id>0</id><type>bounding_box</type><polygon><username>anonymous</username><pt><x>558</x><y>461</y><time>01-09-20 22:57:09:921</time></pt><pt><x>2160</x><y>461</y><time>01-09-20 22:57:11:250</time></pt><pt><x>2160</x><y>1386</y><time>undefined</time></pt><pt><x>558</x><y>1386</y><time>undefined</time></pt><closed_date>01-09-20 22:57:11:251</closed_date></polygon></object></annotation>