<annotation><filename>m4_s04_037_p_nic070.jpg</filename><folder>users/joselusava//santiago_2</folder><source><submittedBy>Jose Saca</submittedBy></source><imagesize><nrows>2970</nrows><ncols>4451</ncols></imagesize><object><name>m4_s04_037_p_nic070</name><deleted>0</deleted><verified>0</verified><occluded>no</occluded><attributes></attributes><parts><hasparts></hasparts><ispartof></ispartof></parts><date>19-10-20 22:40:37:913</date><id>0</id><type>bounding_box</type><polygon><username>anonymous</username><pt><x>1299</x><y>1071</y><time>19-10-20 22:40:35:136</time></pt><pt><x>2417</x><y>1071</y><time>19-10-20 22:40:35:840</time></pt><pt><x>2417</x><y>2852</y><time>undefined</time></pt><pt><x>1299</x><y>2852</y><time>undefined</time></pt><closed_date>19-10-20 22:40:35:842</closed_date></polygon></object></annotation>