<annotation><filename>m2_s02_190_p_nic083.jpg</filename><folder>users/joselusava//m2_jsv/190/nic</folder><source><submittedBy>Jose Saca</submittedBy></source><imagesize><nrows>2910</nrows><ncols>4361</ncols></imagesize><object><name>m2_s02_190_p_nic083</name><deleted>0</deleted><verified>0</verified><occluded>no</occluded><attributes></attributes><parts><hasparts></hasparts><ispartof></ispartof></parts><date>21-09-20 15:24:12:839</date><id>0</id><type>bounding_box</type><polygon><username>anonymous</username><pt><x>1558</x><y>2011</y><time>21-09-20 15:24:10:944</time></pt><pt><x>557</x><y>2011</y><time>21-09-20 15:24:12:228</time></pt><pt><x>557</x><y>940</y><time>undefined</time></pt><pt><x>1558</x><y>940</y><time>undefined</time></pt><closed_date>21-09-20 15:24:12:228</closed_date></polygon></object></annotation>