<annotation><filename>m2_s01_032_p_ic013.jpg</filename><folder>users/joselusava//santiago_2</folder><source><submittedBy>Jose Saca</submittedBy></source><imagesize><nrows>2850</nrows><ncols>4271</ncols></imagesize><object><name>m2_s01_032_p_ic013</name><deleted>0</deleted><verified>0</verified><occluded>no</occluded><attributes></attributes><parts><hasparts></hasparts><ispartof></ispartof></parts><date>29-09-20 22:14:49:466</date><id>0</id><type>bounding_box</type><polygon><username>anonymous</username><pt><x>1279</x><y>302</y><time>29-09-20 22:14:44:822</time></pt><pt><x>3013</x><y>302</y><time>29-09-20 22:14:47:186</time></pt><pt><x>3013</x><y>2650</y><time>undefined</time></pt><pt><x>1279</x><y>2650</y><time>undefined</time></pt><closed_date>29-09-20 22:14:47:186</closed_date></polygon></object></annotation>