<annotation><filename>m4_s05_055_p_ic084.jpg</filename><folder>users/joselusava//valeria/m4_s05_055_ic</folder><source><submittedBy>Jose Saca</submittedBy></source><imagesize><nrows>2910</nrows><ncols>4361</ncols></imagesize><object><name>m4_s05_055_p_ic084</name><deleted>0</deleted><verified>0</verified><occluded>no</occluded><attributes></attributes><parts><hasparts></hasparts><ispartof></ispartof></parts><date>09-10-20 14:16:11:721</date><id>0</id><type>bounding_box</type><polygon><username>anonymous</username><pt><x>2855</x><y>485</y><time>09-10-20 14:16:04:259</time></pt><pt><x>1053</x><y>485</y><time>09-10-20 14:16:07:020</time></pt><pt><x>1053</x><y>2480</y><time>undefined</time></pt><pt><x>2855</x><y>2480</y><time>undefined</time></pt><closed_date>09-10-20 14:16:07:021</closed_date></polygon></object></annotation>