<annotation><filename>m4_s05_052_p_ic047.jpg</filename><folder>users/joselusava//santiago_2</folder><source><submittedBy>Jose Saca</submittedBy></source><imagesize><nrows>2910</nrows><ncols>4361</ncols></imagesize><object><name>m4_s05_052_p_ic047</name><deleted>0</deleted><verified>0</verified><occluded>no</occluded><attributes></attributes><parts><hasparts></hasparts><ispartof></ispartof></parts><date>07-10-20 22:25:52:131</date><id>0</id><type>bounding_box</type><polygon><username>anonymous</username><pt><x>1427</x><y>672</y><time>07-10-20 22:25:46:658</time></pt><pt><x>3028</x><y>672</y><time>07-10-20 22:25:48:157</time></pt><pt><x>3028</x><y>2515</y><time>undefined</time></pt><pt><x>1427</x><y>2515</y><time>undefined</time></pt><closed_date>07-10-20 22:25:48:158</closed_date></polygon></object></annotation>