<annotation><filename>m1_s01_005_p_ic080.jpg</filename><folder>users/joselusava//jacob/sala1/ic</folder><source><submittedBy>Jose Saca</submittedBy></source><imagesize><nrows>2000</nrows><ncols>2992</ncols></imagesize><object><name>m1_s01_005_p_ic080</name><deleted>0</deleted><verified>0</verified><occluded>no</occluded><attributes></attributes><parts><hasparts></hasparts><ispartof></ispartof></parts><date>14-09-20 20:51:10:329</date><id>0</id><type>bounding_box</type><polygon><username>anonymous</username><pt><x>1106</x><y>559</y><time>14-09-20 20:51:08:678</time></pt><pt><x>1880</x><y>559</y><time>14-09-20 20:51:09:510</time></pt><pt><x>1880</x><y>1338</y><time>undefined</time></pt><pt><x>1106</x><y>1338</y><time>undefined</time></pt><closed_date>14-09-20 20:51:09:510</closed_date></polygon></object></annotation>