<annotation><filename>m4_s11_174_x.jpg</filename><folder>users/joselusava//kath/m4_x</folder><source><submittedBy>Jose Saca</submittedBy></source><imagesize><nrows>2970</nrows><ncols>4451</ncols></imagesize><object><name>m4_s11_174_x</name><deleted>0</deleted><verified>0</verified><occluded>no</occluded><attributes></attributes><parts><hasparts></hasparts><ispartof></ispartof></parts><date>21-10-20 12:23:44:282</date><id>0</id><polygon><username>anonymous</username><pt><x>490</x><y>293</y><time>21-10-20 12:23:37:682</time></pt><pt><x>317</x><y>2686</y><time>21-10-20 12:23:38:826</time></pt><pt><x>4114</x><y>2653</y><time>21-10-20 12:23:39:890</time></pt><pt><x>3873</x><y>293</y><time>21-10-20 12:23:41:034</time></pt><closed_date>21-10-20 12:23:42:050</closed_date></polygon></object></annotation>