<annotation><filename>img_m1_s03-04_101_p_ic011.jpg</filename><folder>users/joselusava//valeria/sala3y4_101_ic</folder><source><submittedBy>Jose Saca</submittedBy></source><imagesize><nrows>3200</nrows><ncols>4800</ncols></imagesize><object><name>m1_s03_s04_101_p_ic011</name><deleted>0</deleted><verified>0</verified><occluded>no</occluded><attributes></attributes><parts><hasparts></hasparts><ispartof></ispartof></parts><date>28-08-20 22:30:45:932</date><id>0</id><type>bounding_box</type><polygon><username>anonymous</username><pt><x>145</x><y>2674</y><time>28-08-20 22:30:40:318</time></pt><pt><x>4698</x><y>2674</y><time>28-08-20 22:30:42:570</time></pt><pt><x>4698</x><y>789</y><time>undefined</time></pt><pt><x>145</x><y>789</y><time>undefined</time></pt><closed_date>28-08-20 22:30:42:572</closed_date></polygon></object></annotation>