<annotation><filename>m1_s01_004_p_nic053.jpg</filename><folder>users/joselusava//valeria_apoyo/sala01_004_nic</folder><source><submittedBy>Jose Saca</submittedBy></source><imagesize><nrows>3200</nrows><ncols>4800</ncols></imagesize><object><name>m1_s01_004_p_nic053</name><deleted>0</deleted><verified>0</verified><occluded>no</occluded><attributes></attributes><parts><hasparts></hasparts><ispartof></ispartof></parts><date>17-09-20 15:01:40:585</date><id>0</id><type>bounding_box</type><polygon><username>anonymous</username><pt><x>4606</x><y>3109</y><time>17-09-20 15:01:33:726</time></pt><pt><x>1636</x><y>3109</y><time>17-09-20 15:01:36:671</time></pt><pt><x>1636</x><y>1273</y><time>undefined</time></pt><pt><x>4606</x><y>1273</y><time>undefined</time></pt><closed_date>17-09-20 15:01:36:673</closed_date></polygon></object></annotation>