<annotation><filename>m1_s02_029_p_ic035.jpg</filename><folder>users/joselusava//valeria/sala2_029_ic</folder><source><submittedBy>Jose Saca</submittedBy></source><imagesize><nrows>3200</nrows><ncols>4800</ncols></imagesize><object><name>m1_s02_029_p_ic035</name><deleted>0</deleted><verified>0</verified><occluded>no</occluded><attributes></attributes><parts><hasparts></hasparts><ispartof></ispartof></parts><date>22-08-20 19:07:46:513</date><id>0</id><type>bounding_box</type><polygon><username>anonymous</username><pt><x>1262</x><y>220</y><time>22-08-20 19:07:33:872</time></pt><pt><x>3281</x><y>220</y><time>22-08-20 19:07:37:036</time></pt><pt><x>3281</x><y>3066</y><time>undefined</time></pt><pt><x>1262</x><y>3066</y><time>undefined</time></pt><closed_date>22-08-20 19:07:37:036</closed_date></polygon></object></annotation>