<annotation><filename>m4_s04_039_p_nic068.jpg</filename><folder>users/joselusava//santiago_2</folder><source><submittedBy>Jose Saca</submittedBy></source><imagesize><nrows>2970</nrows><ncols>4451</ncols></imagesize><object><name>m4_s04_039_p_nic068</name><deleted>0</deleted><verified>0</verified><occluded>no</occluded><attributes></attributes><parts><hasparts></hasparts><ispartof></ispartof></parts><date>21-10-20 21:54:25:886</date><id>0</id><type>bounding_box</type><polygon><username>anonymous</username><pt><x>368</x><y>111</y><time>21-10-20 21:54:22:354</time></pt><pt><x>1178</x><y>111</y><time>21-10-20 21:54:24:080</time></pt><pt><x>1178</x><y>2499</y><time>undefined</time></pt><pt><x>368</x><y>2499</y><time>undefined</time></pt><closed_date>21-10-20 21:54:24:081</closed_date></polygon></object></annotation>