<annotation><filename>m2_s01_054_p_nic043.jpg</filename><folder>users/joselusava//kath</folder><source><submittedBy>Jose Saca</submittedBy></source><imagesize><nrows>2850</nrows><ncols>4271</ncols></imagesize><object><name>m2_s01_054_p_nic043</name><deleted>0</deleted><verified>0</verified><occluded>no</occluded><attributes></attributes><parts><hasparts></hasparts><ispartof></ispartof></parts><date>30-09-20 11:32:04:733</date><id>0</id><type>bounding_box</type><polygon><username>anonymous</username><pt><x>2667</x><y>1439</y><time>30-09-20 11:31:59:333</time></pt><pt><x>1966</x><y>1439</y><time>30-09-20 11:32:01:536</time></pt><pt><x>1966</x><y>2562</y><time>undefined</time></pt><pt><x>2667</x><y>2562</y><time>undefined</time></pt><closed_date>30-09-20 11:32:01:536</closed_date></polygon></object></annotation>