<annotation><filename>m4_s04_037_p_ic055.jpg</filename><folder>users/joselusava//santiago_2</folder><source><submittedBy>Jose Saca</submittedBy></source><imagesize><nrows>2970</nrows><ncols>4451</ncols></imagesize><object><name>m4_s04_037_p_ic055</name><deleted>0</deleted><verified>0</verified><occluded>no</occluded><attributes></attributes><parts><hasparts></hasparts><ispartof></ispartof></parts><date>18-10-20 17:41:29:865</date><id>0</id><type>bounding_box</type><polygon><username>anonymous</username><pt><x>1671</x><y>361</y><time>18-10-20 17:41:25:359</time></pt><pt><x>3159</x><y>361</y><time>18-10-20 17:41:27:299</time></pt><pt><x>3159</x><y>2559</y><time>undefined</time></pt><pt><x>1671</x><y>2559</y><time>undefined</time></pt><closed_date>18-10-20 17:41:27:300</closed_date></polygon></object></annotation>