<annotation><filename>m2_s02_153_x.jpg</filename><folder>users/joselusava//m2_jsv</folder><source><submittedBy>Jose Saca</submittedBy></source><imagesize><nrows>2910</nrows><ncols>4361</ncols></imagesize><object><name>m2_s02_153_x</name><deleted>0</deleted><verified>0</verified><occluded>no</occluded><attributes></attributes><parts><hasparts></hasparts><ispartof></ispartof></parts><date>19-09-20 23:43:58:621</date><id>0</id><type>bounding_box</type><polygon><username>anonymous</username><pt><x>3229</x><y>2620</y><time>19-09-20 23:43:56:174</time></pt><pt><x>1123</x><y>2620</y><time>19-09-20 23:43:57:886</time></pt><pt><x>1123</x><y>313</y><time>undefined</time></pt><pt><x>3229</x><y>313</y><time>undefined</time></pt><closed_date>19-09-20 23:43:57:886</closed_date></polygon></object></annotation>