<annotation><filename>m4_s04_047_p_ic068.jpg</filename><folder>users/joselusava//kath/kath_m4_047</folder><source><submittedBy>Jose Saca</submittedBy></source><imagesize><nrows>2970</nrows><ncols>4451</ncols></imagesize><object><name>m4_s04_047_p_ic068</name><deleted>0</deleted><verified>0</verified><occluded>no</occluded><attributes></attributes><parts><hasparts></hasparts><ispartof></ispartof></parts><date>24-10-20 14:26:43:866</date><id>0</id><type>bounding_box</type><polygon><username>anonymous</username><pt><x>1515</x><y>238</y><time>24-10-20 14:26:39:257</time></pt><pt><x>2725</x><y>238</y><time>24-10-20 14:26:41:516</time></pt><pt><x>2725</x><y>2688</y><time>undefined</time></pt><pt><x>1515</x><y>2688</y><time>undefined</time></pt><closed_date>24-10-20 14:26:41:518</closed_date></polygon></object></annotation>