<annotation><filename>m2_s03_219_p_nic035.jpg</filename><folder>users/joselusava//valeria/m2_sala03_219_nic</folder><source><submittedBy>Jose Saca</submittedBy></source><imagesize><nrows>2910</nrows><ncols>4361</ncols></imagesize><object><name>m2_s03_219_p_nic035</name><deleted>0</deleted><verified>0</verified><occluded>no</occluded><attributes></attributes><parts><hasparts></hasparts><ispartof></ispartof></parts><date>29-09-20 17:50:20:130</date><id>0</id><type>bounding_box</type><polygon><username>anonymous</username><pt><x>1251</x><y>2243</y><time>29-09-20 17:50:14:380</time></pt><pt><x>127</x><y>2243</y><time>29-09-20 17:50:17:051</time></pt><pt><x>127</x><y>303</y><time>undefined</time></pt><pt><x>1251</x><y>303</y><time>undefined</time></pt><closed_date>29-09-20 17:50:17:052</closed_date></polygon></object></annotation>