<annotation><filename>m2_s01_001_p_nic080.jpg</filename><folder>users/joselusava//santiago</folder><source><submittedBy>Jose Saca</submittedBy></source><imagesize><nrows>2850</nrows><ncols>4271</ncols></imagesize><object><name>m2_s01_001_p_nic080</name><deleted>0</deleted><verified>0</verified><occluded>no</occluded><attributes></attributes><parts><hasparts></hasparts><ispartof></ispartof></parts><date>19-09-20 23:29:35:005</date><id>0</id><type>bounding_box</type><polygon><username>anonymous</username><pt><x>471</x><y>119</y><time>19-09-20 23:29:27:687</time></pt><pt><x>2193</x><y>119</y><time>19-09-20 23:29:29:091</time></pt><pt><x>2193</x><y>2167</y><time>undefined</time></pt><pt><x>471</x><y>2167</y><time>undefined</time></pt><closed_date>19-09-20 23:29:29:092</closed_date></polygon></object></annotation>