<annotation><filename>m4_s10_154_p_ic014.jpg</filename><folder>users/joselusava//valeria/m04_s10_154_ic</folder><source><submittedBy>Jose Saca</submittedBy></source><imagesize><nrows>2970</nrows><ncols>4451</ncols></imagesize><object><name>m4_s10_154_p_ic014</name><deleted>0</deleted><verified>0</verified><occluded>no</occluded><attributes></attributes><parts><hasparts></hasparts><ispartof></ispartof></parts><date>13-10-20 17:16:59:556</date><id>0</id><type>bounding_box</type><polygon><username>anonymous</username><pt><x>1148</x><y>2678</y><time>13-10-20 17:16:53:558</time></pt><pt><x>3099</x><y>2678</y><time>13-10-20 17:16:56:351</time></pt><pt><x>3099</x><y>354</y><time>undefined</time></pt><pt><x>1148</x><y>354</y><time>undefined</time></pt><closed_date>13-10-20 17:16:56:352</closed_date></polygon></object></annotation>