<annotation><filename>m2_s01_018_p_ic022.jpg</filename><folder>users/joselusava//santiago_2</folder><source><submittedBy>Jose Saca</submittedBy></source><imagesize><nrows>3000</nrows><ncols>4496</ncols></imagesize><object><name>m2_s01_018_p_ic022</name><deleted>0</deleted><verified>0</verified><occluded>no</occluded><attributes></attributes><parts><hasparts></hasparts><ispartof></ispartof></parts><date>28-09-20 14:39:39:578</date><id>0</id><type>bounding_box</type><polygon><username>anonymous</username><pt><x>1576</x><y>864</y><time>28-09-20 14:39:20:490</time></pt><pt><x>2872</x><y>864</y><time>28-09-20 14:39:22:191</time></pt><pt><x>2872</x><y>2517</y><time>undefined</time></pt><pt><x>1576</x><y>2517</y><time>undefined</time></pt><closed_date>28-09-20 14:39:22:192</closed_date></polygon></object></annotation>