<annotation><filename>m1_s01_001_p_nic087.jpg</filename><folder>users/joselusava//juancarlos</folder><source><submittedBy>Jose Saca</submittedBy></source><imagesize><nrows>3200</nrows><ncols>4800</ncols></imagesize><object><name>m1_s01_001_p_nic087</name><deleted>0</deleted><verified>0</verified><occluded>no</occluded><attributes></attributes><parts><hasparts></hasparts><ispartof></ispartof></parts><date>11-09-20 17:01:27:682</date><id>0</id><type>bounding_box</type><polygon><username>anonymous</username><pt><x>2268</x><y>1664</y><time>11-09-20 17:01:14:781</time></pt><pt><x>3921</x><y>1664</y><time>11-09-20 17:01:18:136</time></pt><pt><x>3921</x><y>2634</y><time>undefined</time></pt><pt><x>2268</x><y>2634</y><time>undefined</time></pt><closed_date>11-09-20 17:01:18:139</closed_date></polygon></object></annotation>