<annotation><filename>m4_s11_179_x.jpg</filename><folder>users/joselusava//kath/m4_x</folder><source><submittedBy>Jose Saca</submittedBy></source><imagesize><nrows>2970</nrows><ncols>4451</ncols></imagesize><object><name>m4_s11_179_x</name><deleted>0</deleted><verified>0</verified><occluded>no</occluded><attributes></attributes><parts><hasparts></hasparts><ispartof></ispartof></parts><date>21-10-20 12:26:50:276</date><id>0</id><polygon><username>anonymous</username><pt><x>1394</x><y>706</y><time>21-10-20 12:26:34:240</time></pt><pt><x>1620</x><y>2369</y><time>21-10-20 12:26:38:292</time></pt><pt><x>3297</x><y>2004</y><time>21-10-20 12:26:42:565</time></pt><pt><x>2811</x><y>567</y><time>21-10-20 12:26:46:692</time></pt><closed_date>21-10-20 12:26:47:793</closed_date></polygon></object></annotation>