<annotation><filename>m4_s02_021_p_nic045.jpg</filename><folder>users/joselusava//santiago_2</folder><source><submittedBy>Jose Saca</submittedBy></source><imagesize><nrows>2910</nrows><ncols>4361</ncols></imagesize><object><name>m4_s02_021_p_nic045</name><deleted>0</deleted><verified>0</verified><occluded>no</occluded><attributes></attributes><parts><hasparts></hasparts><ispartof></ispartof></parts><date>04-10-20 22:30:32:689</date><id>0</id><type>bounding_box</type><polygon><username>anonymous</username><pt><x>880</x><y>222</y><time>04-10-20 22:30:29:838</time></pt><pt><x>1937</x><y>222</y><time>04-10-20 22:30:30:932</time></pt><pt><x>1937</x><y>1881</y><time>undefined</time></pt><pt><x>880</x><y>1881</y><time>undefined</time></pt><closed_date>04-10-20 22:30:30:932</closed_date></polygon></object></annotation>