<annotation><filename>m1_s06_141_p_nic059.jpg</filename><folder>users/joselusava//jacob_2/141nic</folder><source><submittedBy>Jose Saca</submittedBy></source><imagesize><nrows>2736</nrows><ncols>4100</ncols></imagesize><object><name>m1_s06_141_p_nic059</name><deleted>0</deleted><verified>0</verified><occluded>no</occluded><attributes></attributes><parts><hasparts></hasparts><ispartof></ispartof></parts><date>05-09-20 19:53:13:130</date><id>0</id><type>bounding_box</type><polygon><username>anonymous</username><pt><x>3383</x><y>2576</y><time>05-09-20 19:53:10:930</time></pt><pt><x>2282</x><y>2576</y><time>05-09-20 19:53:12:395</time></pt><pt><x>2282</x><y>970</y><time>undefined</time></pt><pt><x>3383</x><y>970</y><time>undefined</time></pt><closed_date>05-09-20 19:53:12:395</closed_date></polygon></object></annotation>