<annotation><filename>m4_s10_164_p_nic029.jpg</filename><folder>users/joselusava//santiago_2</folder><source><submittedBy>Jose Saca</submittedBy></source><imagesize><nrows>2970</nrows><ncols>4451</ncols></imagesize><object><name>m4_s10_164_p_nic029</name><deleted>0</deleted><verified>0</verified><occluded>no</occluded><attributes></attributes><parts><hasparts></hasparts><ispartof></ispartof></parts><date>13-10-20 23:54:48:397</date><id>0</id><type>bounding_box</type><polygon><username>anonymous</username><pt><x>2274</x><y>1788</y><time>13-10-20 23:54:40:048</time></pt><pt><x>2863</x><y>1788</y><time>13-10-20 23:54:41:034</time></pt><pt><x>2863</x><y>2588</y><time>undefined</time></pt><pt><x>2274</x><y>2588</y><time>undefined</time></pt><closed_date>13-10-20 23:54:41:035</closed_date></polygon></object></annotation>