<annotation><filename>img_m1_s03-04_101_p_ic075.jpg</filename><folder>users/joselusava//valeria/sala3y4_101_ic</folder><source><submittedBy>Jose Saca</submittedBy></source><imagesize><nrows>3200</nrows><ncols>4800</ncols></imagesize><object><name>m1_s03_s04_101_p_ic075</name><deleted>0</deleted><verified>0</verified><occluded>no</occluded><attributes></attributes><parts><hasparts></hasparts><ispartof></ispartof></parts><date>29-08-20 01:26:29:696</date><id>0</id><type>bounding_box</type><polygon><username>anonymous</username><pt><x>576</x><y>3036</y><time>29-08-20 01:26:22:256</time></pt><pt><x>4794</x><y>3036</y><time>29-08-20 01:26:25:405</time></pt><pt><x>4794</x><y>703</y><time>undefined</time></pt><pt><x>576</x><y>703</y><time>undefined</time></pt><closed_date>29-08-20 01:26:25:406</closed_date></polygon></object></annotation>