<annotation><filename>m1_s02_036_p_nic044.jpg</filename><folder>users/joselusava//valeria/sala2_036_nic</folder><source><submittedBy>Jose Saca</submittedBy></source><imagesize><nrows>3200</nrows><ncols>4800</ncols></imagesize><object><name>m1_s02_036_p_nic044</name><deleted>0</deleted><verified>0</verified><occluded>no</occluded><attributes></attributes><parts><hasparts></hasparts><ispartof></ispartof></parts><date>26-08-20 23:47:37:398</date><id>0</id><type>bounding_box</type><polygon><username>anonymous</username><pt><x>403</x><y>1203</y><time>26-08-20 23:47:30:708</time></pt><pt><x>1729</x><y>1203</y><time>26-08-20 23:47:32:889</time></pt><pt><x>1729</x><y>2341</y><time>undefined</time></pt><pt><x>403</x><y>2341</y><time>undefined</time></pt><closed_date>26-08-20 23:47:32:890</closed_date></polygon></object></annotation>