<annotation><filename>m1_s02_052_p_nic005.jpg</filename><folder>users/joselusava//valeria/sala2_052_nic</folder><source><submittedBy>Jose Saca</submittedBy></source><imagesize><nrows>3200</nrows><ncols>4800</ncols></imagesize><object><name>m1_s02_052_p_nic005</name><deleted>0</deleted><verified>0</verified><occluded>no</occluded><attributes></attributes><parts><hasparts></hasparts><ispartof></ispartof></parts><date>27-08-20 13:45:47:185</date><id>0</id><type>bounding_box</type><polygon><username>anonymous</username><pt><x>3565</x><y>1192</y><time>27-08-20 13:45:40:341</time></pt><pt><x>2744</x><y>1192</y><time>27-08-20 13:45:43:354</time></pt><pt><x>2744</x><y>489</y><time>undefined</time></pt><pt><x>3565</x><y>489</y><time>undefined</time></pt><closed_date>27-08-20 13:45:43:355</closed_date></polygon></object></annotation>