<annotation><filename>m4_s07_105_p_nic005.jpg</filename><folder>users/joselusava//kath/m4_105/nic</folder><source><submittedBy>Jose Saca</submittedBy></source><imagesize><nrows>2970</nrows><ncols>4451</ncols></imagesize><object><name>m4_s07_105_p_nic005</name><deleted>0</deleted><verified>0</verified><occluded>no</occluded><attributes></attributes><parts><hasparts></hasparts><ispartof></ispartof></parts><date>29-10-20 09:23:39:352</date><id>0</id><type>bounding_box</type><polygon><username>anonymous</username><pt><x>3032</x><y>2235</y><time>29-10-20 09:23:35:735</time></pt><pt><x>3878</x><y>2235</y><time>29-10-20 09:23:36:999</time></pt><pt><x>3878</x><y>601</y><time>undefined</time></pt><pt><x>3032</x><y>601</y><time>undefined</time></pt><closed_date>29-10-20 09:23:37:000</closed_date></polygon></object></annotation>