<annotation><filename>m4_s06_089_p_nic031.jpg</filename><folder>users/joselusava//santiago_2</folder><source><submittedBy>Jose Saca</submittedBy></source><imagesize><nrows>2970</nrows><ncols>4451</ncols></imagesize><object><name>m4_s06_089_p_nic031</name><deleted>0</deleted><verified>0</verified><occluded>no</occluded><attributes></attributes><parts><hasparts></hasparts><ispartof></ispartof></parts><date>12-10-20 20:57:02:733</date><id>0</id><type>bounding_box</type><polygon><username>anonymous</username><pt><x>2370</x><y>257</y><time>12-10-20 20:56:59:292</time></pt><pt><x>3966</x><y>257</y><time>12-10-20 20:57:00:290</time></pt><pt><x>3966</x><y>1913</y><time>undefined</time></pt><pt><x>2370</x><y>1913</y><time>undefined</time></pt><closed_date>12-10-20 20:57:00:292</closed_date></polygon></object></annotation>