<annotation><filename>m4_s12_185_p_nic001.jpg</filename><folder>users/joselusava//valeria/m04_s12_185_nic</folder><source><submittedBy>Jose Saca</submittedBy></source><imagesize><nrows>2910</nrows><ncols>4361</ncols></imagesize><object><name>m4_s12_185_p_nic001</name><deleted>0</deleted><verified>0</verified><occluded>no</occluded><attributes></attributes><parts><hasparts></hasparts><ispartof></ispartof></parts><date>17-10-20 19:05:58:367</date><id>0</id><type>bounding_box</type><polygon><username>anonymous</username><pt><x>2104</x><y>2602</y><time>17-10-20 19:05:50:390</time></pt><pt><x>4197</x><y>2602</y><time>17-10-20 19:05:53:819</time></pt><pt><x>4197</x><y>375</y><time>undefined</time></pt><pt><x>2104</x><y>375</y><time>undefined</time></pt><closed_date>17-10-20 19:05:53:820</closed_date></polygon></object></annotation>