<annotation><filename>m3_s01_023_p_nic016.jpg</filename><folder>users/joselusava//santiago_3</folder><source><submittedBy>Jose Saca</submittedBy></source><imagesize><nrows>2970</nrows><ncols>4451</ncols></imagesize><object><name>m3_s01_023_p_nic016</name><deleted>0</deleted><verified>0</verified><occluded>no</occluded><attributes></attributes><parts><hasparts></hasparts><ispartof></ispartof></parts><date>06-11-20 08:56:39:495</date><id>0</id><type>bounding_box</type><polygon><username>anonymous</username><pt><x>178</x><y>1185</y><time>06-11-20 08:56:35:792</time></pt><pt><x>2795</x><y>1185</y><time>06-11-20 08:56:37:487</time></pt><pt><x>2795</x><y>2749</y><time>undefined</time></pt><pt><x>178</x><y>2749</y><time>undefined</time></pt><closed_date>06-11-20 08:56:37:488</closed_date></polygon></object></annotation>