<annotation><filename>m3_s01_010_p_ic042.jpg</filename><folder>users/joselusava//m4_js/m3/10/ic</folder><source><submittedBy>Jose Saca</submittedBy></source><imagesize><nrows>2970</nrows><ncols>4451</ncols></imagesize><object><name>m3_s01_010_p_ic042</name><deleted>0</deleted><verified>0</verified><occluded>no</occluded><attributes></attributes><parts><hasparts></hasparts><ispartof></ispartof></parts><date>29-10-20 12:43:34:800</date><id>0</id><type>bounding_box</type><polygon><username>anonymous</username><pt><x>4163</x><y>2673</y><time>29-10-20 12:43:30:098</time></pt><pt><x>330</x><y>2673</y><time>29-10-20 12:43:33:793</time></pt><pt><x>330</x><y>106</y><time>undefined</time></pt><pt><x>4163</x><y>106</y><time>undefined</time></pt><closed_date>29-10-20 12:43:33:794</closed_date></polygon></object></annotation>