<annotation><filename>m2_s03_252_p_nic038.jpg</filename><folder>users/joselusava//valeria/m2_sala03_252_nic</folder><source><submittedBy>Jose Saca</submittedBy></source><imagesize><nrows>2910</nrows><ncols>4361</ncols></imagesize><object><name>m2_s06_252_p_nic038</name><deleted>0</deleted><verified>0</verified><occluded>no</occluded><attributes></attributes><parts><hasparts></hasparts><ispartof></ispartof></parts><date>26-09-20 21:25:13:191</date><id>0</id><type>bounding_box</type><polygon><username>anonymous</username><pt><x>4036</x><y>1230</y><time>26-09-20 21:25:01:938</time></pt><pt><x>2455</x><y>1230</y><time>26-09-20 21:25:07:704</time></pt><pt><x>2455</x><y>2159</y><time>undefined</time></pt><pt><x>4036</x><y>2159</y><time>undefined</time></pt><closed_date>26-09-20 21:25:07:705</closed_date></polygon></object></annotation>