<annotation><filename>m2_s01_018_p_ic003.jpg</filename><folder>users/joselusava//santiago_2</folder><source><submittedBy>Jose Saca</submittedBy></source><imagesize><nrows>3000</nrows><ncols>4496</ncols></imagesize><object><name>m2_s01_018_p_ic003</name><deleted>0</deleted><verified>0</verified><occluded>no</occluded><attributes></attributes><parts><hasparts></hasparts><ispartof></ispartof></parts><date>26-09-20 18:19:51:226</date><id>0</id><type>bounding_box</type><polygon><username>anonymous</username><pt><x>1616</x><y>908</y><time>26-09-20 18:19:36:508</time></pt><pt><x>2720</x><y>908</y><time>26-09-20 18:19:39:107</time></pt><pt><x>2720</x><y>2200</y><time>undefined</time></pt><pt><x>1616</x><y>2200</y><time>undefined</time></pt><closed_date>26-09-20 18:19:39:108</closed_date></polygon></object></annotation>