<annotation><filename>m1_s02_036_p_ic096.jpg</filename><folder>users/joselusava//valeria/sala2_036_ic</folder><source><submittedBy>Jose Saca</submittedBy></source><imagesize><nrows>3200</nrows><ncols>4800</ncols></imagesize><object><name>m1_s01_036_p_ic096</name><deleted>0</deleted><verified>0</verified><occluded>no</occluded><attributes></attributes><parts><hasparts></hasparts><ispartof></ispartof></parts><date>23-08-20 23:49:52:579</date><id>0</id><type>bounding_box</type><polygon><username>anonymous</username><pt><x>1145</x><y>200</y><time>23-08-20 23:49:45:684</time></pt><pt><x>3976</x><y>200</y><time>23-08-20 23:49:48:192</time></pt><pt><x>3976</x><y>2879</y><time>undefined</time></pt><pt><x>1145</x><y>2879</y><time>undefined</time></pt><closed_date>23-08-20 23:49:48:193</closed_date></polygon></object></annotation>