<annotation><filename>m2_s01_018_p_nic006.jpg</filename><folder>users/joselusava//santiago_2</folder><source><submittedBy>Jose Saca</submittedBy></source><imagesize><nrows>3000</nrows><ncols>4496</ncols></imagesize><object><name>m2_s01_018_p_nic006</name><deleted>0</deleted><verified>0</verified><occluded>no</occluded><attributes></attributes><parts><hasparts></hasparts><ispartof></ispartof></parts><date>28-09-20 19:27:40:238</date><id>0</id><type>bounding_box</type><polygon><username>anonymous</username><pt><x>3196</x><y>395</y><time>28-09-20 19:27:37:232</time></pt><pt><x>3844</x><y>395</y><time>28-09-20 19:27:38:291</time></pt><pt><x>3844</x><y>1208</y><time>undefined</time></pt><pt><x>3196</x><y>1208</y><time>undefined</time></pt><closed_date>28-09-20 19:27:38:292</closed_date></polygon></object></annotation>