<annotation><filename>m3_s01_002_p_ic069.jpg</filename><folder>users/joselusava//santiago_3</folder><source><submittedBy>Jose Saca</submittedBy></source><imagesize><nrows>2970</nrows><ncols>4451</ncols></imagesize><object><name>m3_s01_002_p_ic069</name><deleted>0</deleted><verified>0</verified><occluded>no</occluded><attributes></attributes><parts><hasparts></hasparts><ispartof></ispartof></parts><date>28-10-20 21:49:02:772</date><id>0</id><type>bounding_box</type><polygon><username>anonymous</username><pt><x>571</x><y>657</y><time>28-10-20 21:48:57:947</time></pt><pt><x>3791</x><y>657</y><time>28-10-20 21:48:59:811</time></pt><pt><x>3791</x><y>2399</y><time>undefined</time></pt><pt><x>571</x><y>2399</y><time>undefined</time></pt><closed_date>28-10-20 21:48:59:813</closed_date></polygon></object></annotation>