<annotation><filename>m1_s06_141_p_ic063.jpg</filename><folder>users/joselusava//jacob_2/141ic</folder><source><submittedBy>Jose Saca</submittedBy></source><imagesize><nrows>2736</nrows><ncols>4100</ncols></imagesize><object><name>m1_s06_141_p_ic063</name><deleted>0</deleted><verified>0</verified><occluded>no</occluded><attributes></attributes><parts><hasparts></hasparts><ispartof></ispartof></parts><date>04-09-20 23:01:27:658</date><id>0</id><type>bounding_box</type><polygon><username>anonymous</username><pt><x>1285</x><y>2517</y><time>04-09-20 23:01:21:330</time></pt><pt><x>2835</x><y>2517</y><time>04-09-20 23:01:24:839</time></pt><pt><x>2835</x><y>27</y><time>undefined</time></pt><pt><x>1285</x><y>27</y><time>undefined</time></pt><closed_date>04-09-20 23:01:24:839</closed_date></polygon></object></annotation>