<annotation><filename>m4_s04_039_p_nic026.jpg</filename><folder>users/joselusava//santiago_2</folder><source><submittedBy>Jose Saca</submittedBy></source><imagesize><nrows>2970</nrows><ncols>4451</ncols></imagesize><object><name>m4_s04_039_p_nic026</name><deleted>0</deleted><verified>0</verified><occluded>no</occluded><attributes></attributes><parts><hasparts></hasparts><ispartof></ispartof></parts><date>21-10-20 21:06:00:144</date><id>0</id><type>bounding_box</type><polygon><username>anonymous</username><pt><x>2252</x><y>1074</y><time>21-10-20 21:05:57:196</time></pt><pt><x>2859</x><y>1074</y><time>21-10-20 21:05:57:959</time></pt><pt><x>2859</x><y>2913</y><time>undefined</time></pt><pt><x>2252</x><y>2913</y><time>undefined</time></pt><closed_date>21-10-20 21:05:57:960</closed_date></polygon></object></annotation>