<annotation><filename>m4_s02_015_p_ic066.jpg</filename><folder>users/joselusava//m4_js/15ic</folder><source><submittedBy>Jose Saca</submittedBy></source><imagesize><nrows>2910</nrows><ncols>4361</ncols></imagesize><object><name>m4_s02_015_p_ic066</name><deleted>0</deleted><verified>0</verified><occluded>no</occluded><attributes></attributes><parts><hasparts></hasparts><ispartof></ispartof></parts><date>03-10-20 19:36:10:313</date><id>0</id><type>bounding_box</type><polygon><username>anonymous</username><pt><x>1445</x><y>2359</y><time>03-10-20 19:36:08:726</time></pt><pt><x>2768</x><y>2359</y><time>03-10-20 19:36:09:714</time></pt><pt><x>2768</x><y>688</y><time>undefined</time></pt><pt><x>1445</x><y>688</y><time>undefined</time></pt><closed_date>03-10-20 19:36:09:714</closed_date></polygon></object></annotation>