<annotation><filename>m4_s04_039_p_nic064.jpg</filename><folder>users/joselusava//santiago_2</folder><source><submittedBy>Jose Saca</submittedBy></source><imagesize><nrows>2970</nrows><ncols>4451</ncols></imagesize><object><name>m4_s04_039_p_nic064</name><deleted>0</deleted><verified>0</verified><occluded>no</occluded><attributes></attributes><parts><hasparts></hasparts><ispartof></ispartof></parts><date>21-10-20 21:51:25:959</date><id>0</id><type>bounding_box</type><polygon><username>anonymous</username><pt><x>443</x><y>207</y><time>21-10-20 21:51:22:117</time></pt><pt><x>1107</x><y>207</y><time>21-10-20 21:51:23:464</time></pt><pt><x>1107</x><y>2831</y><time>undefined</time></pt><pt><x>443</x><y>2831</y><time>undefined</time></pt><closed_date>21-10-20 21:51:23:465</closed_date></polygon></object></annotation>