<annotation><filename>m4_s10_164_p_nic019.jpg</filename><folder>users/joselusava//santiago_2</folder><source><submittedBy>Jose Saca</submittedBy></source><imagesize><nrows>2970</nrows><ncols>4451</ncols></imagesize><object><name>m4_s10_164_p_nic019</name><deleted>0</deleted><verified>0</verified><occluded>no</occluded><attributes></attributes><parts><hasparts></hasparts><ispartof></ispartof></parts><date>13-10-20 23:47:03:792</date><id>0</id><type>bounding_box</type><polygon><username>anonymous</username><pt><x>436</x><y>1374</y><time>13-10-20 23:47:00:935</time></pt><pt><x>975</x><y>1374</y><time>13-10-20 23:47:01:648</time></pt><pt><x>975</x><y>2060</y><time>undefined</time></pt><pt><x>436</x><y>2060</y><time>undefined</time></pt><closed_date>13-10-20 23:47:01:648</closed_date></polygon></object></annotation>