<annotation><filename>m2_s02_190_p_nic034.jpg</filename><folder>users/joselusava//m2_jsv/190/nic</folder><source><submittedBy>Jose Saca</submittedBy></source><imagesize><nrows>2910</nrows><ncols>4361</ncols></imagesize><object><name>m2_s02_190_p_nic034</name><deleted>0</deleted><verified>0</verified><occluded>no</occluded><attributes></attributes><parts><hasparts></hasparts><ispartof></ispartof></parts><date>21-09-20 15:02:11:798</date><id>0</id><type>bounding_box</type><polygon><username>anonymous</username><pt><x>4048</x><y>2881</y><time>21-09-20 15:02:10:140</time></pt><pt><x>2855</x><y>2881</y><time>21-09-20 15:02:11:243</time></pt><pt><x>2855</x><y>1419</y><time>undefined</time></pt><pt><x>4048</x><y>1419</y><time>undefined</time></pt><closed_date>21-09-20 15:02:11:243</closed_date></polygon></object></annotation>