<annotation><filename>m2_s03_248_p_ic097.jpg</filename><folder>users/joselusava//museos2020</folder><source><submittedBy>Jose Saca</submittedBy></source><imagesize><nrows>2910</nrows><ncols>4361</ncols></imagesize><object><name>m2_s03_248_p_ic097</name><deleted>0</deleted><verified>0</verified><occluded>no</occluded><attributes></attributes><parts><hasparts></hasparts><ispartof></ispartof></parts><date>27-09-20 09:29:20:470</date><id>0</id><polygon><username>anonymous</username><pt><x>920</x><y>595</y><time>27-09-20 09:29:05:675</time></pt><pt><x>3152</x><y>697</y><time>27-09-20 09:29:07:010</time></pt><pt><x>3440</x><y>972</y><time>27-09-20 09:29:07:697</time></pt><pt><x>2408</x><y>2520</y><time>27-09-20 09:29:08:858</time></pt><closed_date>27-09-20 09:29:09:900</closed_date></polygon></object></annotation>