<annotation><filename>m2_s07_264_p_ic041.jpg</filename><folder>users/joselusava//valeria/sala7_264_ic</folder><source><submittedBy>Jose Saca</submittedBy></source><imagesize><nrows>2910</nrows><ncols>4361</ncols></imagesize><object><name>m2_s07_264_p_ic041</name><deleted>0</deleted><verified>0</verified><occluded>no</occluded><attributes></attributes><parts><hasparts></hasparts><ispartof></ispartof></parts><date>22-09-20 22:20:53:321</date><id>0</id><type>bounding_box</type><polygon><username>anonymous</username><pt><x>1505</x><y>2541</y><time>22-09-20 22:20:45:336</time></pt><pt><x>2877</x><y>2541</y><time>22-09-20 22:20:48:194</time></pt><pt><x>2877</x><y>435</y><time>undefined</time></pt><pt><x>1505</x><y>435</y><time>undefined</time></pt><closed_date>22-09-20 22:20:48:195</closed_date></polygon></object></annotation>