<annotation><filename>m4_s06_089_p_ic067.jpg</filename><folder>users/joselusava//santiago_2</folder><source><submittedBy>Jose Saca</submittedBy></source><imagesize><nrows>2970</nrows><ncols>4451</ncols></imagesize><object><name>m4_s06_089_p_ic067</name><deleted>0</deleted><verified>0</verified><occluded>no</occluded><attributes></attributes><parts><hasparts></hasparts><ispartof></ispartof></parts><date>11-10-20 19:00:04:141</date><id>0</id><type>bounding_box</type><polygon><username>anonymous</username><pt><x>1499</x><y>332</y><time>11-10-20 19:00:01:063</time></pt><pt><x>3285</x><y>332</y><time>11-10-20 19:00:02:439</time></pt><pt><x>3285</x><y>2517</y><time>undefined</time></pt><pt><x>1499</x><y>2517</y><time>undefined</time></pt><closed_date>11-10-20 19:00:02:440</closed_date></polygon></object></annotation>