<annotation><filename>m1_s02_036_p_ic044.jpg</filename><folder>users/joselusava//valeria/sala2_036_ic</folder><source><submittedBy>Jose Saca</submittedBy></source><imagesize><nrows>3200</nrows><ncols>4800</ncols></imagesize><object><name>m1_s01_036_p_ic044</name><deleted>0</deleted><verified>0</verified><occluded>no</occluded><attributes></attributes><parts><hasparts></hasparts><ispartof></ispartof></parts><date>23-08-20 21:44:42:406</date><id>0</id><type>bounding_box</type><polygon><username>anonymous</username><pt><x>655</x><y>16</y><time>23-08-20 21:44:33:221</time></pt><pt><x>3399</x><y>16</y><time>23-08-20 21:44:36:152</time></pt><pt><x>3399</x><y>3168</y><time>undefined</time></pt><pt><x>655</x><y>3168</y><time>undefined</time></pt><closed_date>23-08-20 21:44:36:153</closed_date></polygon></object></annotation>