<annotation><filename>m1_s03-04_076_x.jpg</filename><folder>users/joselusava//valeria/sala03y04</folder><source><submittedBy>Jose Saca</submittedBy></source><imagesize><nrows>3200</nrows><ncols>4800</ncols></imagesize><object><name>m1_s03_s04_076_x</name><deleted>0</deleted><verified>0</verified><occluded>no</occluded><attributes></attributes><parts><hasparts></hasparts><ispartof></ispartof></parts><date>28-08-20 19:48:47:389</date><id>0</id><type>bounding_box</type><polygon><username>anonymous</username><pt><x>3839</x><y>3109</y><time>28-08-20 19:48:39:947</time></pt><pt><x>1385</x><y>3109</y><time>28-08-20 19:48:42:741</time></pt><pt><x>1385</x><y>129</y><time>undefined</time></pt><pt><x>3839</x><y>129</y><time>undefined</time></pt><closed_date>28-08-20 19:48:42:742</closed_date></polygon></object></annotation>