<annotation><filename>img_m1_s10_303_p_nic028.jpg</filename><folder>users/joselusava//santiago</folder><source><submittedBy>Jose Saca</submittedBy></source><imagesize><nrows>3200</nrows><ncols>4800</ncols></imagesize><object><name>m1_s10_303_p_nic028</name><deleted>0</deleted><verified>0</verified><occluded>no</occluded><attributes></attributes><parts><hasparts></hasparts><ispartof></ispartof></parts><date>01-09-20 20:19:58:839</date><id>0</id><type>bounding_box</type><polygon><username>anonymous</username><pt><x>3128</x><y>407</y><time>01-09-20 20:19:50:602</time></pt><pt><x>4489</x><y>407</y><time>01-09-20 20:19:52:323</time></pt><pt><x>4489</x><y>1368</y><time>undefined</time></pt><pt><x>3128</x><y>1368</y><time>undefined</time></pt><closed_date>01-09-20 20:19:52:324</closed_date></polygon></object></annotation>