<annotation><filename>m1_s02_052_p_ic017.jpg</filename><folder>users/joselusava//valeria/sala2_052_ic</folder><source><submittedBy>Jose Saca</submittedBy></source><imagesize><nrows>3200</nrows><ncols>4800</ncols></imagesize><object><name>m1_s02_052_p_ic017</name><deleted>0</deleted><verified>0</verified><occluded>no</occluded><attributes></attributes><parts><hasparts></hasparts><ispartof></ispartof></parts><date>25-08-20 16:07:29:710</date><id>0</id><type>bounding_box</type><polygon><username>anonymous</username><pt><x>467</x><y>123</y><time>25-08-20 16:07:22:904</time></pt><pt><x>4209</x><y>123</y><time>25-08-20 16:07:24:742</time></pt><pt><x>4209</x><y>2937</y><time>undefined</time></pt><pt><x>467</x><y>2937</y><time>undefined</time></pt><closed_date>25-08-20 16:07:24:743</closed_date></polygon></object></annotation>