<annotation><filename>m1_s01_021_p_nic029.jpg</filename><folder>users/joselusava//santiago</folder><source><submittedBy>Jose Saca</submittedBy></source><imagesize><nrows>3200</nrows><ncols>4800</ncols></imagesize><object><name>m1_s01_021_p_nic029</name><deleted>0</deleted><verified>0</verified><occluded>no</occluded><attributes></attributes><parts><hasparts></hasparts><ispartof></ispartof></parts><date>15-09-20 15:41:59:734</date><id>0</id><type>bounding_box</type><polygon><username>anonymous</username><pt><x>3610</x><y>432</y><time>15-09-20 15:41:50:546</time></pt><pt><x>4121</x><y>432</y><time>15-09-20 15:41:52:414</time></pt><pt><x>4121</x><y>1195</y><time>undefined</time></pt><pt><x>3610</x><y>1195</y><time>undefined</time></pt><closed_date>15-09-20 15:41:52:415</closed_date></polygon></object></annotation>