<annotation><filename>m1_s02_036_p_ic035.jpg</filename><folder>users/joselusava//valeria/sala2_036_ic</folder><source><submittedBy>Jose Saca</submittedBy></source><imagesize><nrows>3200</nrows><ncols>4800</ncols></imagesize><object><name>m1_s01_036_p_ic035</name><deleted>0</deleted><verified>0</verified><occluded>no</occluded><attributes></attributes><parts><hasparts></hasparts><ispartof></ispartof></parts><date>23-08-20 02:21:14:863</date><id>0</id><type>bounding_box</type><polygon><username>anonymous</username><pt><x>1326</x><y>172</y><time>23-08-20 02:20:18:462</time></pt><pt><x>3619</x><y>172</y><time>23-08-20 02:20:23:124</time></pt><pt><x>3619</x><y>3162</y><time>undefined</time></pt><pt><x>1326</x><y>3162</y><time>undefined</time></pt><closed_date>23-08-20 02:20:23:126</closed_date></polygon></object></annotation>