<annotation><filename>m2_s01_054_p_ic038.jpg</filename><folder>users/joselusava//kath</folder><source><submittedBy>Jose Saca</submittedBy></source><imagesize><nrows>2850</nrows><ncols>4271</ncols></imagesize><object><name>m2_s01_054_p_ic038</name><deleted>0</deleted><verified>0</verified><occluded>no</occluded><attributes></attributes><parts><hasparts></hasparts><ispartof></ispartof></parts><date>29-09-20 23:04:25:215</date><id>0</id><type>bounding_box</type><polygon><username>anonymous</username><pt><x>1313</x><y>316</y><time>29-09-20 23:04:19:295</time></pt><pt><x>2850</x><y>316</y><time>29-09-20 23:04:22:349</time></pt><pt><x>2850</x><y>2703</y><time>undefined</time></pt><pt><x>1313</x><y>2703</y><time>undefined</time></pt><closed_date>29-09-20 23:04:22:349</closed_date></polygon></object></annotation>