<annotation><filename>m1_s02_065_p_ic032.jpg</filename><folder>users/joselusava//valeria/sala2_065_ic</folder><source><submittedBy>Jose Saca</submittedBy></source><imagesize><nrows>2000</nrows><ncols>2992</ncols></imagesize><object><name>m1_s02_065_p_ic032</name><deleted>0</deleted><verified>0</verified><occluded>no</occluded><attributes></attributes><parts><hasparts></hasparts><ispartof></ispartof></parts><date>25-08-20 22:41:02:621</date><id>0</id><type>bounding_box</type><polygon><username>anonymous</username><pt><x>154</x><y>191</y><time>25-08-20 22:40:51:914</time></pt><pt><x>2956</x><y>191</y><time>25-08-20 22:40:56:739</time></pt><pt><x>2956</x><y>1638</y><time>undefined</time></pt><pt><x>154</x><y>1638</y><time>undefined</time></pt><closed_date>25-08-20 22:40:56:741</closed_date></polygon></object></annotation>