<annotation><filename>m2_s01_024_p_nic016.jpg</filename><folder>users/joselusava//santiago</folder><source><submittedBy>Jose Saca</submittedBy></source><imagesize><nrows>2850</nrows><ncols>4271</ncols></imagesize><object><name>m2_s01_024_p_nic016</name><deleted>0</deleted><verified>0</verified><occluded>no</occluded><attributes></attributes><parts><hasparts></hasparts><ispartof></ispartof></parts><date>25-09-20 13:40:13:683</date><id>0</id><type>bounding_box</type><polygon><username>anonymous</username><pt><x>1276</x><y>953</y><time>25-09-20 13:40:05:047</time></pt><pt><x>2372</x><y>953</y><time>25-09-20 13:40:06:352</time></pt><pt><x>2372</x><y>2585</y><time>undefined</time></pt><pt><x>1276</x><y>2585</y><time>undefined</time></pt><closed_date>25-09-20 13:40:06:353</closed_date></polygon></object></annotation>