<annotation><filename>m1_s01_017_p_nic048.jpg</filename><folder>users/joselusava//santiago</folder><source><submittedBy>Jose Saca</submittedBy></source><imagesize><nrows>3200</nrows><ncols>4800</ncols></imagesize><object><name>m1_s01_017_p_nic048</name><deleted>0</deleted><verified>0</verified><occluded>no</occluded><attributes></attributes><parts><hasparts></hasparts><ispartof></ispartof></parts><date>11-09-20 19:15:00:286</date><id>0</id><type>bounding_box</type><polygon><username>anonymous</username><pt><x>3294</x><y>547</y><time>11-09-20 19:14:53:208</time></pt><pt><x>3769</x><y>547</y><time>11-09-20 19:14:54:198</time></pt><pt><x>3769</x><y>954</y><time>undefined</time></pt><pt><x>3294</x><y>954</y><time>undefined</time></pt><closed_date>11-09-20 19:14:54:199</closed_date></polygon></object></annotation>