<annotation><filename>m2_s02_186_x.jpg</filename><folder>users/joselusava//m2_jsv</folder><source><submittedBy>Jose Saca</submittedBy></source><imagesize><nrows>2910</nrows><ncols>4361</ncols></imagesize><object><name>m2_s02_186_x</name><deleted>0</deleted><verified>0</verified><occluded>no</occluded><attributes></attributes><parts><hasparts></hasparts><ispartof></ispartof></parts><date>20-09-20 16:55:10:695</date><id>0</id><type>bounding_box</type><polygon><username>anonymous</username><pt><x>2698</x><y>2394</y><time>20-09-20 16:55:07:631</time></pt><pt><x>1549</x><y>2394</y><time>20-09-20 16:55:08:921</time></pt><pt><x>1549</x><y>374</y><time>undefined</time></pt><pt><x>2698</x><y>374</y><time>undefined</time></pt><closed_date>20-09-20 16:55:08:921</closed_date></polygon></object></annotation>