<annotation><filename>m1_s06_141_p_nic065.jpg</filename><folder>users/joselusava//jacob_2/141nic</folder><source><submittedBy>Jose Saca</submittedBy></source><imagesize><nrows>2736</nrows><ncols>4100</ncols></imagesize><object><name>m1_s06_141_p_nic065</name><deleted>0</deleted><verified>0</verified><occluded>no</occluded><attributes></attributes><parts><hasparts></hasparts><ispartof></ispartof></parts><date>05-09-20 19:55:54:240</date><id>0</id><type>bounding_box</type><polygon><username>anonymous</username><pt><x>2282</x><y>285</y><time>05-09-20 19:55:52:091</time></pt><pt><x>3073</x><y>285</y><time>05-09-20 19:55:53:488</time></pt><pt><x>3073</x><y>1728</y><time>undefined</time></pt><pt><x>2282</x><y>1728</y><time>undefined</time></pt><closed_date>05-09-20 19:55:53:488</closed_date></polygon></object></annotation>