<annotation><filename>m4_s02_021_p_nic065.jpg</filename><folder>users/joselusava//santiago_2</folder><source><submittedBy>Jose Saca</submittedBy></source><imagesize><nrows>2910</nrows><ncols>4361</ncols></imagesize><object><name>m4_s02_021_p_nic065</name><deleted>0</deleted><verified>0</verified><occluded>no</occluded><attributes></attributes><parts><hasparts></hasparts><ispartof></ispartof></parts><date>05-10-20 11:22:20:763</date><id>0</id><type>bounding_box</type><polygon><username>anonymous</username><pt><x>350</x><y>208</y><time>05-10-20 11:22:14:834</time></pt><pt><x>1213</x><y>208</y><time>05-10-20 11:22:16:720</time></pt><pt><x>1213</x><y>1840</y><time>undefined</time></pt><pt><x>350</x><y>1840</y><time>undefined</time></pt><closed_date>05-10-20 11:22:16:721</closed_date></polygon></object></annotation>