<annotation><filename>m2_s01_024_p_ic019.jpg</filename><folder>users/joselusava//santiago</folder><source><submittedBy>Jose Saca</submittedBy></source><imagesize><nrows>2850</nrows><ncols>4271</ncols></imagesize><object><name>m2_s01_024_p_ic019</name><deleted>0</deleted><verified>0</verified><occluded>no</occluded><attributes></attributes><parts><hasparts></hasparts><ispartof></ispartof></parts><date>24-09-20 01:25:28:785</date><id>0</id><type>bounding_box</type><polygon><username>anonymous</username><pt><x>1302</x><y>234</y><time>24-09-20 01:25:21:400</time></pt><pt><x>2840</x><y>234</y><time>24-09-20 01:25:22:826</time></pt><pt><x>2840</x><y>2738</y><time>undefined</time></pt><pt><x>1302</x><y>2738</y><time>undefined</time></pt><closed_date>24-09-20 01:25:22:827</closed_date></polygon></object></annotation>