<annotation><filename>m1_s02_036_p_ic008.jpg</filename><folder>users/joselusava//valeria/sala2_036_ic</folder><source><submittedBy>Jose Saca</submittedBy></source><imagesize><nrows>3200</nrows><ncols>4800</ncols></imagesize><object><name>m1_s01_036_p_ic008</name><deleted>0</deleted><verified>0</verified><occluded>no</occluded><attributes></attributes><parts><hasparts></hasparts><ispartof></ispartof></parts><date>23-08-20 01:18:34:686</date><id>0</id><type>bounding_box</type><polygon><username>anonymous</username><pt><x>988</x><y>548</y><time>23-08-20 01:18:27:355</time></pt><pt><x>3377</x><y>548</y><time>23-08-20 01:18:30:793</time></pt><pt><x>3377</x><y>2679</y><time>undefined</time></pt><pt><x>988</x><y>2679</y><time>undefined</time></pt><closed_date>23-08-20 01:18:30:795</closed_date></polygon></object></annotation>