<annotation><filename>m4_s06_089_p_ic007.jpg</filename><folder>users/joselusava//santiago_2</folder><source><submittedBy>Jose Saca</submittedBy></source><imagesize><nrows>2970</nrows><ncols>4451</ncols></imagesize><object><name>m4_s06_089_p_ic007</name><deleted>0</deleted><verified>0</verified><occluded>no</occluded><attributes></attributes><parts><hasparts></hasparts><ispartof></ispartof></parts><date>10-10-20 22:33:39:855</date><id>0</id><type>bounding_box</type><polygon><username>anonymous</username><pt><x>1740</x><y>431</y><time>10-10-20 22:33:36:633</time></pt><pt><x>2935</x><y>431</y><time>10-10-20 22:33:37:773</time></pt><pt><x>2935</x><y>2404</y><time>undefined</time></pt><pt><x>1740</x><y>2404</y><time>undefined</time></pt><closed_date>10-10-20 22:33:37:773</closed_date></polygon></object></annotation>