<annotation><filename>m1_s06_186_p_ic013.jpg</filename><folder>users/joselusava//jacob_2/186ic</folder><source><submittedBy>Jose Saca</submittedBy></source><imagesize><nrows>2736</nrows><ncols>4100</ncols></imagesize><object><name>s06_186_p_ic013</name><deleted>0</deleted><verified>0</verified><occluded>no</occluded><attributes></attributes><parts><hasparts></hasparts><ispartof></ispartof></parts><date>09-09-20 11:21:45:397</date><id>0</id><type>bounding_box</type><polygon><username>anonymous</username><pt><x>900</x><y>2692</y><time>09-09-20 11:21:43:004</time></pt><pt><x>3290</x><y>2692</y><time>09-09-20 11:21:44:447</time></pt><pt><x>3290</x><y>90</y><time>undefined</time></pt><pt><x>900</x><y>90</y><time>undefined</time></pt><closed_date>09-09-20 11:21:44:447</closed_date></polygon></object></annotation>