<annotation><filename>m4_s09_138_p_nic066.jpg</filename><folder>users/joselusava//santiago_2</folder><source><submittedBy>Jose Saca</submittedBy></source><imagesize><nrows>2970</nrows><ncols>4451</ncols></imagesize><object><name>m4_s09_138_p_nic066</name><deleted>0</deleted><verified>0</verified><occluded>no</occluded><attributes></attributes><parts><hasparts></hasparts><ispartof></ispartof></parts><date>23-10-20 14:10:37:596</date><id>0</id><type>bounding_box</type><polygon><username>anonymous</username><pt><x>1585</x><y>510</y><time>23-10-20 14:10:33:954</time></pt><pt><x>4330</x><y>510</y><time>23-10-20 14:10:35:113</time></pt><pt><x>4330</x><y>1746</y><time>undefined</time></pt><pt><x>1585</x><y>1746</y><time>undefined</time></pt><closed_date>23-10-20 14:10:35:115</closed_date></polygon></object></annotation>