<annotation><filename>m1_s01_004_p_nic028.jpg</filename><folder>users/joselusava//valeria_apoyo/sala01_004_nic</folder><source><submittedBy>Jose Saca</submittedBy></source><imagesize><nrows>3200</nrows><ncols>4800</ncols></imagesize><object><name>m1_s01_004_p_nic028</name><deleted>0</deleted><verified>0</verified><occluded>no</occluded><attributes></attributes><parts><hasparts></hasparts><ispartof></ispartof></parts><date>16-09-20 20:06:37:577</date><id>0</id><type>bounding_box</type><polygon><username>anonymous</username><pt><x>4758</x><y>2848</y><time>16-09-20 20:06:32:333</time></pt><pt><x>1255</x><y>2848</y><time>16-09-20 20:06:34:455</time></pt><pt><x>1255</x><y>1909</y><time>undefined</time></pt><pt><x>4758</x><y>1909</y><time>undefined</time></pt><closed_date>16-09-20 20:06:34:456</closed_date></polygon></object></annotation>