<annotation><filename>m4_s08_114_x.jpg</filename><folder>users/joselusava//kath/m4_x</folder><source><submittedBy>Jose Saca</submittedBy></source><imagesize><nrows>2970</nrows><ncols>4451</ncols></imagesize><object><name>m4_s08_114_x</name><deleted>0</deleted><verified>0</verified><occluded>no</occluded><attributes></attributes><parts><hasparts></hasparts><ispartof></ispartof></parts><date>21-10-20 11:24:03:838</date><id>0</id><polygon><username>anonymous</username><pt><x>1158</x><y>125</y><time>21-10-20 11:23:46:339</time></pt><pt><x>711</x><y>2811</y><time>21-10-20 11:23:47:369</time></pt><pt><x>3864</x><y>2807</y><time>21-10-20 11:23:48:595</time></pt><pt><x>3172</x><y>120</y><time>21-10-20 11:23:50:014</time></pt><closed_date>21-10-20 11:23:51:653</closed_date></polygon></object></annotation>