<annotation><filename>m4_s11_178_p_nic046.jpg</filename><folder>users/joselusava//santiago_2</folder><source><submittedBy>Jose Saca</submittedBy></source><imagesize><nrows>2970</nrows><ncols>4451</ncols></imagesize><object><name>m4_s11_178_p_nic046</name><deleted>0</deleted><verified>0</verified><occluded>no</occluded><attributes></attributes><parts><hasparts></hasparts><ispartof></ispartof></parts><date>16-10-20 09:26:31:548</date><id>0</id><type>bounding_box</type><polygon><username>anonymous</username><pt><x>553</x><y>946</y><time>16-10-20 09:26:28:108</time></pt><pt><x>1735</x><y>946</y><time>16-10-20 09:26:29:771</time></pt><pt><x>1735</x><y>2131</y><time>undefined</time></pt><pt><x>553</x><y>2131</y><time>undefined</time></pt><closed_date>16-10-20 09:26:29:771</closed_date></polygon></object></annotation>