<annotation><filename>m1_s01_005_p_nic099.jpg</filename><folder>users/joselusava//museos2020</folder><source><submittedBy>Jose Saca</submittedBy></source><imagesize><nrows>2000</nrows><ncols>2992</ncols></imagesize><object><name>m1_s01_005_p_nic099</name><deleted>0</deleted><verified>0</verified><occluded>no</occluded><attributes></attributes><parts><hasparts></hasparts><ispartof></ispartof></parts><date>14-09-20 12:11:20:646</date><id>0</id><type>bounding_box</type><polygon><username>anonymous</username><pt><x>220</x><y>1351</y><time>14-09-20 12:11:09:277</time></pt><pt><x>505</x><y>1351</y><time>14-09-20 12:11:13:544</time></pt><pt><x>505</x><y>1706</y><time>undefined</time></pt><pt><x>220</x><y>1706</y><time>undefined</time></pt><closed_date>14-09-20 12:11:13:544</closed_date></polygon></object></annotation>