<annotation><filename>m2_s03_201_p_ic027.jpg</filename><folder>users/joselusava//eg</folder><source><submittedBy>Jose Saca</submittedBy></source><imagesize><nrows>3000</nrows><ncols>4496</ncols></imagesize><object><name>m2_s03_219_p_ic027</name><deleted>0</deleted><verified>0</verified><occluded>no</occluded><attributes></attributes><parts><hasparts></hasparts><ispartof></ispartof></parts><date>16-09-20 13:18:50:337</date><id>0</id><type>bounding_box</type><polygon><username>anonymous</username><pt><x>894</x><y>30</y><time>16-09-20 13:17:41:897</time></pt><pt><x>3798</x><y>30</y><time>16-09-20 13:17:43:574</time></pt><pt><x>3798</x><y>2933</y><time>undefined</time></pt><pt><x>894</x><y>2933</y><time>undefined</time></pt><closed_date>16-09-20 13:17:43:575</closed_date></polygon></object></annotation>