<annotation><filename>m4_s07_105_p_nic001.jpg</filename><folder>users/joselusava//kath/m4_105/nic</folder><source><submittedBy>Jose Saca</submittedBy></source><imagesize><nrows>2970</nrows><ncols>4451</ncols></imagesize><object><name>m4_s07_105_p_nic001</name><deleted>0</deleted><verified>0</verified><occluded>no</occluded><attributes></attributes><parts><hasparts></hasparts><ispartof></ispartof></parts><date>29-10-20 09:21:15:405</date><id>0</id><type>bounding_box</type><polygon><username>anonymous</username><pt><x>1447</x><y>2908</y><time>29-10-20 09:21:09:474</time></pt><pt><x>2816</x><y>2908</y><time>29-10-20 09:21:12:341</time></pt><pt><x>2816</x><y>351</y><time>undefined</time></pt><pt><x>1447</x><y>351</y><time>undefined</time></pt><closed_date>29-10-20 09:21:12:341</closed_date></polygon></object></annotation>