<annotation><filename>m4_s04_039_p_nic016.jpg</filename><folder>users/joselusava//santiago_2</folder><source><submittedBy>Jose Saca</submittedBy></source><imagesize><nrows>2970</nrows><ncols>4451</ncols></imagesize><object><name>m4_s04_039_p_nic016</name><deleted>0</deleted><verified>0</verified><occluded>no</occluded><attributes></attributes><parts><hasparts></hasparts><ispartof></ispartof></parts><date>21-10-20 20:58:19:472</date><id>0</id><type>bounding_box</type><polygon><username>anonymous</username><pt><x>585</x><y>278</y><time>21-10-20 20:58:15:826</time></pt><pt><x>1299</x><y>278</y><time>21-10-20 20:58:17:332</time></pt><pt><x>1299</x><y>2806</y><time>undefined</time></pt><pt><x>585</x><y>2806</y><time>undefined</time></pt><closed_date>21-10-20 20:58:17:332</closed_date></polygon></object></annotation>