<annotation><filename>m4_s10_157_p_ic063.jpg</filename><folder>users/joselusava//valeria/m04_s10_157_nic</folder><source><submittedBy>Jose Saca</submittedBy></source><imagesize><nrows>2970</nrows><ncols>4451</ncols></imagesize><object><name>m4_s10_157_p_nic063</name><deleted>0</deleted><verified>0</verified><occluded>no</occluded><attributes></attributes><parts><hasparts></hasparts><ispartof></ispartof></parts><date>12-10-20 21:27:42:428</date><id>0</id><type>bounding_box</type><polygon><username>anonymous</username><pt><x>354</x><y>2284</y><time>12-10-20 21:27:37:833</time></pt><pt><x>2194</x><y>2284</y><time>12-10-20 21:27:39:520</time></pt><pt><x>2194</x><y>129</y><time>undefined</time></pt><pt><x>354</x><y>129</y><time>undefined</time></pt><closed_date>12-10-20 21:27:39:520</closed_date></polygon></object></annotation>