<annotation><filename>m4_s04_037_p_nic047.jpg</filename><folder>users/joselusava//santiago_2</folder><source><submittedBy>Jose Saca</submittedBy></source><imagesize><nrows>2970</nrows><ncols>4451</ncols></imagesize><object><name>m4_s04_037_p_nic047</name><deleted>0</deleted><verified>0</verified><occluded>no</occluded><attributes></attributes><parts><hasparts></hasparts><ispartof></ispartof></parts><date>19-10-20 22:24:37:477</date><id>0</id><type>bounding_box</type><polygon><username>anonymous</username><pt><x>1646</x><y>1217</y><time>19-10-20 22:24:34:056</time></pt><pt><x>2627</x><y>1217</y><time>19-10-20 22:24:35:367</time></pt><pt><x>2627</x><y>2859</y><time>undefined</time></pt><pt><x>1646</x><y>2859</y><time>undefined</time></pt><closed_date>19-10-20 22:24:35:367</closed_date></polygon></object></annotation>