<annotation><filename>m2_s03_252_p_ic040.jpg</filename><folder>users/joselusava//valeria/m2_sala03_252_ic</folder><source><submittedBy>Jose Saca</submittedBy></source><imagesize><nrows>2910</nrows><ncols>4361</ncols></imagesize><object><name>m2_s06_252_p_ic038</name><deleted>0</deleted><verified>0</verified><occluded>no</occluded><attributes/><parts><hasparts/><ispartof/></parts><date>25-09-20 22:40:47:707</date><id>0</id><type>bounding_box</type><polygon><username>anonymous</username><pt><x>694</x><y>209</y><time>25-09-20 22:40:39:804</time></pt><pt><x>3676</x><y>209</y><time>25-09-20 22:40:42:315</time></pt><pt><x>3676</x><y>2557</y><time>undefined</time></pt><pt><x>694</x><y>2557</y><time>undefined</time></pt><closed_date>25-09-20 22:40:42:317</closed_date></polygon></object><object><name>m2_s06_252_p_ic040</name><deleted>0</deleted><verified>0</verified><occluded>no</occluded><attributes></attributes><parts><hasparts></hasparts><ispartof></ispartof></parts><date>26-09-20 23:48:40:173</date><id>1</id><type>bounding_box</type><polygon><username>anonymous</username><pt><x>683</x><y>182</y><time>26-09-20 23:48:32:286</time></pt><pt><x>3676</x><y>182</y><time>26-09-20 23:48:35:628</time></pt><pt><x>3676</x><y>2519</y><time>undefined</time></pt><pt><x>683</x><y>2519</y><time>undefined</time></pt><closed_date>26-09-20 23:48:35:629</closed_date></polygon></object></annotation>