<annotation><filename>m1_s06_141_p_ic076.jpg</filename><folder>users/joselusava//jacob_2/141ic</folder><source><submittedBy>Jose Saca</submittedBy></source><imagesize><nrows>2736</nrows><ncols>4100</ncols></imagesize><object><name>m1_s06_141_p_ic076</name><deleted>0</deleted><verified>0</verified><occluded>no</occluded><attributes></attributes><parts><hasparts></hasparts><ispartof></ispartof></parts><date>04-09-20 23:46:55:384</date><id>0</id><type>bounding_box</type><polygon><username>anonymous</username><pt><x>1035</x><y>291</y><time>04-09-20 23:46:52:868</time></pt><pt><x>2760</x><y>291</y><time>04-09-20 23:46:54:467</time></pt><pt><x>2760</x><y>2442</y><time>undefined</time></pt><pt><x>1035</x><y>2442</y><time>undefined</time></pt><closed_date>04-09-20 23:46:54:468</closed_date></polygon></object></annotation>