<annotation><filename>m4_s10_164_p_ic098.jpg</filename><folder>users/joselusava//santiago_2</folder><source><submittedBy>Jose Saca</submittedBy></source><imagesize><nrows>2970</nrows><ncols>4451</ncols></imagesize><object><name>m4_s10_164_p_ic098</name><deleted>0</deleted><verified>0</verified><occluded>no</occluded><attributes></attributes><parts><hasparts></hasparts><ispartof></ispartof></parts><date>13-10-20 23:18:07:924</date><id>0</id><type>bounding_box</type><polygon><username>anonymous</username><pt><x>2035</x><y>1042</y><time>13-10-20 23:18:04:746</time></pt><pt><x>2427</x><y>1042</y><time>13-10-20 23:18:05:558</time></pt><pt><x>2427</x><y>1724</y><time>undefined</time></pt><pt><x>2035</x><y>1724</y><time>undefined</time></pt><closed_date>13-10-20 23:18:05:559</closed_date></polygon></object></annotation>