<annotation><filename>m3_s01_002_p_nic092.jpg</filename><folder>users/joselusava//santiago_3</folder><source><submittedBy>Jose Saca</submittedBy></source><imagesize><nrows>2970</nrows><ncols>4451</ncols></imagesize><object><name>m3_s01_002_p_nic092</name><deleted>0</deleted><verified>0</verified><occluded>no</occluded><attributes></attributes><parts><hasparts></hasparts><ispartof></ispartof></parts><date>29-10-20 21:16:53:872</date><id>0</id><type>bounding_box</type><polygon><username>anonymous</username><pt><x>1310</x><y>664</y><time>29-10-20 21:16:50:958</time></pt><pt><x>4159</x><y>664</y><time>29-10-20 21:16:52:171</time></pt><pt><x>4159</x><y>2438</y><time>undefined</time></pt><pt><x>1310</x><y>2438</y><time>undefined</time></pt><closed_date>29-10-20 21:16:52:172</closed_date></polygon></object></annotation>