<annotation><filename>m4_s04_037_p_nic069.jpg</filename><folder>users/joselusava//santiago_2</folder><source><submittedBy>Jose Saca</submittedBy></source><imagesize><nrows>2970</nrows><ncols>4451</ncols></imagesize><object><name>m4_s04_037_p_nic069</name><deleted>0</deleted><verified>0</verified><occluded>no</occluded><attributes></attributes><parts><hasparts></hasparts><ispartof></ispartof></parts><date>19-10-20 22:40:06:046</date><id>0</id><type>bounding_box</type><polygon><username>anonymous</username><pt><x>2299</x><y>1207</y><time>19-10-20 22:40:02:571</time></pt><pt><x>3259</x><y>1207</y><time>19-10-20 22:40:03:856</time></pt><pt><x>3259</x><y>2913</y><time>undefined</time></pt><pt><x>2299</x><y>2913</y><time>undefined</time></pt><closed_date>19-10-20 22:40:03:857</closed_date></polygon></object></annotation>