<annotation><filename>m1_s01_004_p_ic075.jpg</filename><folder>users/joselusava//valeria_apoyo/sala001_004ic_ok</folder><source><submittedBy>Jose Saca</submittedBy></source><imagesize><nrows>2000</nrows><ncols>2992</ncols></imagesize><object><name>m1_s01_004_p_ic075</name><deleted>0</deleted><verified>0</verified><occluded>no</occluded><attributes></attributes><parts><hasparts></hasparts><ispartof></ispartof></parts><date>16-09-20 01:18:27:589</date><id>0</id><type>bounding_box</type><polygon><username>anonymous</username><pt><x>2826</x><y>1375</y><time>16-09-20 01:18:20:765</time></pt><pt><x>371</x><y>1375</y><time>16-09-20 01:18:23:456</time></pt><pt><x>371</x><y>731</y><time>undefined</time></pt><pt><x>2826</x><y>731</y><time>undefined</time></pt><closed_date>16-09-20 01:18:23:457</closed_date></polygon></object></annotation>