<annotation><filename>m1_s01_001_p_ic084.jpg</filename><folder>users/joselusava//juancarlos</folder><source><submittedBy>Jose Saca</submittedBy></source><imagesize><nrows>2000</nrows><ncols>2992</ncols></imagesize><object><name>m1_s01_001_p_ic084</name><deleted>0</deleted><verified>0</verified><occluded>no</occluded><attributes></attributes><parts><hasparts></hasparts><ispartof></ispartof></parts><date>01-09-20 11:01:02:390</date><id>0</id><type>bounding_box</type><polygon><username>anonymous</username><pt><x>461</x><y>769</y><time>01-09-20 11:00:14:928</time></pt><pt><x>1896</x><y>769</y><time>01-09-20 11:00:19:413</time></pt><pt><x>1896</x><y>1640</y><time>undefined</time></pt><pt><x>461</x><y>1640</y><time>undefined</time></pt><closed_date>01-09-20 11:00:19:414</closed_date></polygon></object></annotation>