<annotation><filename>m2_s02_085_p_nic028.jpg</filename><folder>users/joselusava//m2_jsv/85/nic</folder><source><submittedBy>Jose Saca</submittedBy></source><imagesize><nrows>2910</nrows><ncols>4361</ncols></imagesize><object><name>m2_s02_085_p_nic028</name><deleted>0</deleted><verified>0</verified><occluded>no</occluded><attributes></attributes><parts><hasparts></hasparts><ispartof></ispartof></parts><date>19-09-20 22:34:41:213</date><id>0</id><type>bounding_box</type><polygon><username>anonymous</username><pt><x>2664</x><y>1706</y><time>19-09-20 22:34:34:786</time></pt><pt><x>3778</x><y>1706</y><time>19-09-20 22:34:36:136</time></pt><pt><x>3778</x><y>2829</y><time>undefined</time></pt><pt><x>2664</x><y>2829</y><time>undefined</time></pt><closed_date>19-09-20 22:34:36:136</closed_date></polygon></object></annotation>