<annotation><filename>m2_s03_219_p_nic066.jpg</filename><folder>users/joselusava//valeria/m2_sala03_219_nic</folder><source><submittedBy>Jose Saca</submittedBy></source><imagesize><nrows>2910</nrows><ncols>4361</ncols></imagesize><object><name>m2_s03_219_p_nic066</name><deleted>0</deleted><verified>0</verified><occluded>no</occluded><attributes></attributes><parts><hasparts></hasparts><ispartof></ispartof></parts><date>29-09-20 18:47:31:658</date><id>0</id><type>bounding_box</type><polygon><username>anonymous</username><pt><x>2276</x><y>2811</y><time>29-09-20 18:47:24:939</time></pt><pt><x>3323</x><y>2811</y><time>29-09-20 18:47:26:847</time></pt><pt><x>3323</x><y>1086</y><time>undefined</time></pt><pt><x>2276</x><y>1086</y><time>undefined</time></pt><closed_date>29-09-20 18:47:26:848</closed_date></polygon></object></annotation>