<annotation><filename>m1_s02_029_p_nic007.jpg</filename><folder>users/joselusava//museos2020</folder><source><submittedBy>Jose Saca</submittedBy></source><imagesize><nrows>3200</nrows><ncols>4800</ncols></imagesize><object><name>m1_s02_029_p_nic007</name><deleted>0</deleted><verified>0</verified><occluded>no</occluded><attributes></attributes><parts><hasparts></hasparts><ispartof></ispartof></parts><date>27-08-20 18:21:00:407</date><id>0</id><type>bounding_box</type><polygon><username>anonymous</username><pt><x>2937</x><y>1648</y><time>27-08-20 18:20:55:092</time></pt><pt><x>4236</x><y>1648</y><time>27-08-20 18:20:56:953</time></pt><pt><x>4236</x><y>2937</y><time>undefined</time></pt><pt><x>2937</x><y>2937</y><time>undefined</time></pt><closed_date>27-08-20 18:20:56:954</closed_date></polygon></object></annotation>