<annotation><filename>m4_s06_074_x.jpg</filename><folder>users/joselusava//kath/m4_x</folder><source><submittedBy>Jose Saca</submittedBy></source><imagesize><nrows>2970</nrows><ncols>4451</ncols></imagesize><object><name>m4_s06_074_x</name><deleted>0</deleted><verified>0</verified><occluded>no</occluded><attributes></attributes><parts><hasparts></hasparts><ispartof></ispartof></parts><date>20-10-20 09:40:24:917</date><id>0</id><polygon><username>anonymous</username><pt><x>1365</x><y>48</y><time>20-10-20 09:40:17:182</time></pt><pt><x>3032</x><y>0</y><time>20-10-20 09:40:18:364</time></pt><pt><x>3268</x><y>2754</y><time>20-10-20 09:40:19:388</time></pt><pt><x>1091</x><y>2816</y><time>20-10-20 09:40:20:807</time></pt><closed_date>20-10-20 09:40:22:108</closed_date></polygon></object></annotation>