<annotation><filename>m4_s04_037_p_nic066.jpg</filename><folder>users/joselusava//santiago_2</folder><source><submittedBy>Jose Saca</submittedBy></source><imagesize><nrows>2970</nrows><ncols>4451</ncols></imagesize><object><name>m4_s04_037_p_nic066</name><deleted>0</deleted><verified>0</verified><occluded>no</occluded><attributes></attributes><parts><hasparts></hasparts><ispartof></ispartof></parts><date>19-10-20 22:37:59:519</date><id>0</id><type>bounding_box</type><polygon><username>anonymous</username><pt><x>3077</x><y>593</y><time>19-10-20 22:37:55:978</time></pt><pt><x>3934</x><y>593</y><time>19-10-20 22:37:57:056</time></pt><pt><x>3934</x><y>1763</y><time>undefined</time></pt><pt><x>3077</x><y>1763</y><time>undefined</time></pt><closed_date>19-10-20 22:37:57:057</closed_date></polygon></object></annotation>