<annotation><filename>m3_s01_023_p_ic028.jpg</filename><folder>users/joselusava//santiago_3</folder><source><submittedBy>Jose Saca</submittedBy></source><imagesize><nrows>2970</nrows><ncols>4451</ncols></imagesize><object><name>m3_s01_023_p_ic028</name><deleted>0</deleted><verified>0</verified><occluded>no</occluded><attributes></attributes><parts><hasparts></hasparts><ispartof></ispartof></parts><date>04-11-20 19:02:27:728</date><id>0</id><type>bounding_box</type><polygon><username>anonymous</username><pt><x>425</x><y>286</y><time>04-11-20 19:02:23:673</time></pt><pt><x>3962</x><y>286</y><time>04-11-20 19:02:25:491</time></pt><pt><x>3962</x><y>2552</y><time>undefined</time></pt><pt><x>425</x><y>2552</y><time>undefined</time></pt><closed_date>04-11-20 19:02:25:492</closed_date></polygon></object></annotation>