<annotation><filename>m4_s04_047_p_ic004.jpg</filename><folder>users/joselusava//kath/kath_m4_047</folder><source><submittedBy>Jose Saca</submittedBy></source><imagesize><nrows>2970</nrows><ncols>4451</ncols></imagesize><object><name>m4_s04_047_p_ic004</name><deleted>0</deleted><verified>0</verified><occluded>no</occluded><attributes></attributes><parts><hasparts></hasparts><ispartof></ispartof></parts><date>24-10-20 13:31:26:628</date><id>0</id><polygon><username>anonymous</username><pt><x>1715</x><y>423</y><time>24-10-20 13:31:14:014</time></pt><pt><x>1841</x><y>2614</y><time>24-10-20 13:31:15:830</time></pt><pt><x>2903</x><y>2480</y><time>24-10-20 13:31:17:044</time></pt><pt><x>2658</x><y>423</y><time>24-10-20 13:31:21:803</time></pt><closed_date>24-10-20 13:31:23:226</closed_date></polygon></object></annotation>