<annotation><filename>m2_s07_264_p_nic082.jpg</filename><folder>users/joselusava//valeria/sala7_264_nic</folder><source><submittedBy>Jose Saca</submittedBy></source><imagesize><nrows>2910</nrows><ncols>4361</ncols></imagesize><object><name>m2_s07_264_p_nic082</name><deleted>0</deleted><verified>0</verified><occluded>no</occluded><attributes></attributes><parts><hasparts></hasparts><ispartof></ispartof></parts><date>23-09-20 21:32:03:247</date><id>0</id><type>bounding_box</type><polygon><username>anonymous</username><pt><x>3957</x><y>2105</y><time>23-09-20 21:31:56:915</time></pt><pt><x>2645</x><y>2105</y><time>23-09-20 21:31:59:719</time></pt><pt><x>2645</x><y>281</y><time>undefined</time></pt><pt><x>3957</x><y>281</y><time>undefined</time></pt><closed_date>23-09-20 21:31:59:720</closed_date></polygon></object></annotation>