<annotation><filename>m1_s02_029_p_ic059.jpg</filename><folder>users/joselusava//valeria/sala2_029_ic</folder><source><submittedBy>Jose Saca</submittedBy></source><imagesize><nrows>3200</nrows><ncols>4800</ncols></imagesize><object><name>m1_s02_029_p_ic059</name><deleted>0</deleted><verified>0</verified><occluded>no</occluded><attributes></attributes><parts><hasparts></hasparts><ispartof></ispartof></parts><date>22-08-20 20:14:02:590</date><id>0</id><type>bounding_box</type><polygon><username>anonymous</username><pt><x>1063</x><y>290</y><time>22-08-20 20:13:53:721</time></pt><pt><x>3415</x><y>290</y><time>22-08-20 20:13:58:139</time></pt><pt><x>3415</x><y>2744</y><time>undefined</time></pt><pt><x>1063</x><y>2744</y><time>undefined</time></pt><closed_date>22-08-20 20:13:58:141</closed_date></polygon></object></annotation>