<annotation><filename>m1_s01_017_p_nic029.jpg</filename><folder>users/joselusava//santiago</folder><source><submittedBy>Jose Saca</submittedBy></source><imagesize><nrows>3200</nrows><ncols>4800</ncols></imagesize><object><name>m1_s01_017_p_nic029</name><deleted>0</deleted><verified>0</verified><occluded>no</occluded><attributes></attributes><parts><hasparts></hasparts><ispartof></ispartof></parts><date>11-09-20 18:50:48:045</date><id>0</id><type>bounding_box</type><polygon><username>anonymous</username><pt><x>209</x><y>993</y><time>11-09-20 18:50:40:560</time></pt><pt><x>875</x><y>993</y><time>11-09-20 18:50:41:511</time></pt><pt><x>875</x><y>1371</y><time>undefined</time></pt><pt><x>209</x><y>1371</y><time>undefined</time></pt><closed_date>11-09-20 18:50:41:512</closed_date></polygon></object></annotation>