<annotation><filename>m3_s01_010_p_nic064.jpg</filename><folder>users/joselusava//m4_js/m3/10/nic</folder><source><submittedBy>Jose Saca</submittedBy></source><imagesize><nrows>2970</nrows><ncols>4451</ncols></imagesize><object><name>m3_s01_010_p_nic064</name><deleted>0</deleted><verified>0</verified><occluded>no</occluded><attributes></attributes><parts><hasparts></hasparts><ispartof></ispartof></parts><date>29-10-20 14:36:30:825</date><id>0</id><type>bounding_box</type><polygon><username>anonymous</username><pt><x>4451</x><y>2847</y><time>29-10-20 14:36:28:782</time></pt><pt><x>1635</x><y>2847</y><time>29-10-20 14:36:30:114</time></pt><pt><x>1635</x><y>279</y><time>undefined</time></pt><pt><x>4451</x><y>279</y><time>undefined</time></pt><closed_date>29-10-20 14:36:30:114</closed_date></polygon></object></annotation>