<annotation><filename>m3_s01_002_p_ic028.jpg</filename><folder>users/joselusava//santiago_3</folder><source><submittedBy>Jose Saca</submittedBy></source><imagesize><nrows>2970</nrows><ncols>4451</ncols></imagesize><object><name>m3_s01_002_p_ic028</name><deleted>0</deleted><verified>0</verified><occluded>no</occluded><attributes></attributes><parts><hasparts></hasparts><ispartof></ispartof></parts><date>28-10-20 18:42:32:310</date><id>0</id><type>bounding_box</type><polygon><username>anonymous</username><pt><x>282</x><y>261</y><time>28-10-20 18:42:23:662</time></pt><pt><x>4212</x><y>261</y><time>28-10-20 18:42:26:961</time></pt><pt><x>4212</x><y>2463</y><time>undefined</time></pt><pt><x>282</x><y>2463</y><time>undefined</time></pt><closed_date>28-10-20 18:42:26:962</closed_date></polygon></object></annotation>