<annotation><filename>m2_s01_058_p_ic035.jpg</filename><folder>users/joselusava//m2_jsv/58/ic</folder><source><submittedBy>Jose Saca</submittedBy></source><imagesize><nrows>2850</nrows><ncols>4271</ncols></imagesize><object><name>m2_s01_058_p_ic035</name><deleted>0</deleted><verified>0</verified><occluded>no</occluded><attributes></attributes><parts><hasparts></hasparts><ispartof></ispartof></parts><date>29-09-20 13:12:51:511</date><id>0</id><type>bounding_box</type><polygon><username>anonymous</username><pt><x>509</x><y>289</y><time>29-09-20 13:12:49:455</time></pt><pt><x>3829</x><y>289</y><time>29-09-20 13:12:50:839</time></pt><pt><x>3829</x><y>2293</y><time>undefined</time></pt><pt><x>509</x><y>2293</y><time>undefined</time></pt><closed_date>29-09-20 13:12:50:839</closed_date></polygon></object></annotation>