<annotation><filename>m2_s06_244_p_nic055.jpg</filename><folder>users/joselusava//museos2020</folder><source><submittedBy>Jose Saca</submittedBy></source><imagesize><nrows>2910</nrows><ncols>4361</ncols></imagesize><object><name>m2_s06_244_p_ic055</name><deleted>0</deleted><verified>0</verified><occluded>no</occluded><attributes></attributes><parts><hasparts></hasparts><ispartof></ispartof></parts><date>25-09-20 19:07:12:061</date><id>0</id><type>bounding_box</type><polygon><username>anonymous</username><pt><x>2110</x><y>1878</y><time>25-09-20 19:07:05:274</time></pt><pt><x>3677</x><y>1878</y><time>25-09-20 19:07:06:602</time></pt><pt><x>3677</x><y>2552</y><time>undefined</time></pt><pt><x>2110</x><y>2552</y><time>undefined</time></pt><closed_date>25-09-20 19:07:06:603</closed_date></polygon></object></annotation>