<annotation><filename>m1_s02_036_p_ic082.jpg</filename><folder>users/joselusava//valeria/sala2_036_ic</folder><source><submittedBy>Jose Saca</submittedBy></source><imagesize><nrows>3200</nrows><ncols>4800</ncols></imagesize><object><name>m1_s01_036_p_ic082</name><deleted>0</deleted><verified>0</verified><occluded>no</occluded><attributes></attributes><parts><hasparts></hasparts><ispartof></ispartof></parts><date>23-08-20 23:25:50:633</date><id>0</id><type>bounding_box</type><polygon><username>anonymous</username><pt><x>580</x><y>0</y><time>23-08-20 23:25:38:906</time></pt><pt><x>4397</x><y>0</y><time>23-08-20 23:25:42:459</time></pt><pt><x>4397</x><y>3179</y><time>undefined</time></pt><pt><x>580</x><y>3179</y><time>undefined</time></pt><closed_date>23-08-20 23:25:42:460</closed_date></polygon></object></annotation>