<annotation><filename>m4_s04_045_p_nic036.jpg</filename><folder>users/joselusava//valeria/m04_s04_45_nic</folder><source><submittedBy>Jose Saca</submittedBy></source><imagesize><nrows>2970</nrows><ncols>4451</ncols></imagesize><object><name>m4_s04_045_p_nic036</name><deleted>0</deleted><verified>0</verified><occluded>no</occluded><attributes></attributes><parts><hasparts></hasparts><ispartof></ispartof></parts><date>20-10-20 14:34:18:554</date><id>0</id><type>bounding_box</type><polygon><username>anonymous</username><pt><x>3621</x><y>2290</y><time>20-10-20 14:34:12:999</time></pt><pt><x>4267</x><y>2290</y><time>20-10-20 14:34:14:819</time></pt><pt><x>4267</x><y>1211</y><time>undefined</time></pt><pt><x>3621</x><y>1211</y><time>undefined</time></pt><closed_date>20-10-20 14:34:14:830</closed_date></polygon></object></annotation>