<annotation><filename>m4_s02_015_p_ic071.jpg</filename><folder>users/joselusava//m4_js/15ic</folder><source><submittedBy>Jose Saca</submittedBy></source><imagesize><nrows>2910</nrows><ncols>4361</ncols></imagesize><object><name>m4_s02_015_p_ic071</name><deleted>0</deleted><verified>0</verified><occluded>no</occluded><attributes></attributes><parts><hasparts></hasparts><ispartof></ispartof></parts><date>03-10-20 19:38:00:585</date><id>0</id><type>bounding_box</type><polygon><username>anonymous</username><pt><x>1497</x><y>2568</y><time>03-10-20 19:37:58:834</time></pt><pt><x>2751</x><y>2568</y><time>03-10-20 19:37:59:972</time></pt><pt><x>2751</x><y>862</y><time>undefined</time></pt><pt><x>1497</x><y>862</y><time>undefined</time></pt><closed_date>03-10-20 19:37:59:972</closed_date></polygon></object></annotation>