<annotation><filename>m1_s01_017_p_nic100.jpg</filename><folder>users/joselusava//santiago</folder><source><submittedBy>Jose Saca</submittedBy></source><imagesize><nrows>3200</nrows><ncols>4800</ncols></imagesize><object><name>m1_s01_017_p_nic100</name><deleted>0</deleted><verified>0</verified><occluded>no</occluded><attributes></attributes><parts><hasparts></hasparts><ispartof></ispartof></parts><date>11-09-20 20:16:31:000</date><id>0</id><type>bounding_box</type><polygon><username>anonymous</username><pt><x>626</x><y>1245</y><time>11-09-20 20:16:24:354</time></pt><pt><x>1170</x><y>1245</y><time>11-09-20 20:16:25:030</time></pt><pt><x>1170</x><y>1551</y><time>undefined</time></pt><pt><x>626</x><y>1551</y><time>undefined</time></pt><closed_date>11-09-20 20:16:25:032</closed_date></polygon></object></annotation>