<annotation><filename>m3_s01_010_p_ic053.jpg</filename><folder>users/joselusava//m4_js/m3/10/ic</folder><source><submittedBy>Jose Saca</submittedBy></source><imagesize><nrows>2970</nrows><ncols>4451</ncols></imagesize><object><name>m3_s01_010_p_ic053</name><deleted>0</deleted><verified>0</verified><occluded>no</occluded><attributes></attributes><parts><hasparts></hasparts><ispartof></ispartof></parts><date>29-10-20 13:10:04:487</date><id>0</id><type>bounding_box</type><polygon><username>anonymous</username><pt><x>3450</x><y>2715</y><time>29-10-20 13:10:02:116</time></pt><pt><x>841</x><y>2715</y><time>29-10-20 13:10:03:722</time></pt><pt><x>841</x><y>309</y><time>undefined</time></pt><pt><x>3450</x><y>309</y><time>undefined</time></pt><closed_date>29-10-20 13:10:03:722</closed_date></polygon></object></annotation>