<annotation><filename>m2_s01_001_p_nic030.jpg</filename><folder>users/joselusava//santiago</folder><source><submittedBy>Jose Saca</submittedBy></source><imagesize><nrows>2850</nrows><ncols>4271</ncols></imagesize><object><name>m2_s01_001_p_nic030</name><deleted>0</deleted><verified>0</verified><occluded>no</occluded><attributes></attributes><parts><hasparts></hasparts><ispartof></ispartof></parts><date>19-09-20 22:19:05:541</date><id>0</id><type>bounding_box</type><polygon><username>anonymous</username><pt><x>795</x><y>1122</y><time>19-09-20 22:18:57:240</time></pt><pt><x>2247</x><y>1122</y><time>19-09-20 22:18:59:210</time></pt><pt><x>2247</x><y>2555</y><time>undefined</time></pt><pt><x>795</x><y>2555</y><time>undefined</time></pt><closed_date>19-09-20 22:18:59:211</closed_date></polygon></object></annotation>