<annotation><filename>m4_s04_039_p_ic016.jpg</filename><folder>users/joselusava//santiago_2</folder><source><submittedBy>Jose Saca</submittedBy></source><imagesize><nrows>2970</nrows><ncols>4451</ncols></imagesize><object><name>m4_s04_039_p_ic016</name><deleted>0</deleted><verified>0</verified><occluded>no</occluded><attributes></attributes><parts><hasparts></hasparts><ispartof></ispartof></parts><date>20-10-20 14:01:39:295</date><id>0</id><type>bounding_box</type><polygon><username>anonymous</username><pt><x>1885</x><y>193</y><time>20-10-20 14:01:35:345</time></pt><pt><x>2638</x><y>193</y><time>20-10-20 14:01:37:412</time></pt><pt><x>2638</x><y>2891</y><time>undefined</time></pt><pt><x>1885</x><y>2891</y><time>undefined</time></pt><closed_date>20-10-20 14:01:37:413</closed_date></polygon></object></annotation>