<annotation><filename>img_m1_s10_303_p_nic006.jpg</filename><folder>users/joselusava//santiago</folder><source><submittedBy>Jose Saca</submittedBy></source><imagesize><nrows>3200</nrows><ncols>4800</ncols></imagesize><object><name>m1_s10_303_p_nic006</name><deleted>0</deleted><verified>0</verified><occluded>no</occluded><attributes></attributes><parts><hasparts></hasparts><ispartof></ispartof></parts><date>01-09-20 19:41:08:540</date><id>0</id><type>bounding_box</type><polygon><username>anonymous</username><pt><x>2782</x><y>374</y><time>01-09-20 19:40:59:657</time></pt><pt><x>4456</x><y>374</y><time>01-09-20 19:41:01:450</time></pt><pt><x>4456</x><y>1166</y><time>undefined</time></pt><pt><x>2782</x><y>1166</y><time>undefined</time></pt><closed_date>01-09-20 19:41:01:451</closed_date></polygon></object></annotation>