<annotation><filename>m1_s02_036_p_ic054.jpg</filename><folder>users/joselusava//valeria/sala2_036_ic</folder><source><submittedBy>Jose Saca</submittedBy></source><imagesize><nrows>3200</nrows><ncols>4800</ncols></imagesize><object><name>m1_s01_036_p_ic054</name><deleted>0</deleted><verified>0</verified><occluded>no</occluded><attributes></attributes><parts><hasparts></hasparts><ispartof></ispartof></parts><date>23-08-20 22:04:12:431</date><id>0</id><type>bounding_box</type><polygon><username>anonymous</username><pt><x>499</x><y>150</y><time>23-08-20 22:04:05:028</time></pt><pt><x>3737</x><y>150</y><time>23-08-20 22:04:08:179</time></pt><pt><x>3737</x><y>2964</y><time>undefined</time></pt><pt><x>499</x><y>2964</y><time>undefined</time></pt><closed_date>23-08-20 22:04:08:181</closed_date></polygon></object></annotation>