<annotation><filename>m4_s06_089_p_nic007.jpg</filename><folder>users/joselusava//santiago_2</folder><source><submittedBy>Jose Saca</submittedBy></source><imagesize><nrows>2970</nrows><ncols>4451</ncols></imagesize><object><name>m4_s06_089_p_nic007</name><deleted>0</deleted><verified>0</verified><occluded>no</occluded><attributes></attributes><parts><hasparts></hasparts><ispartof></ispartof></parts><date>12-10-20 20:25:59:372</date><id>0</id><type>bounding_box</type><polygon><username>anonymous</username><pt><x>675</x><y>496</y><time>12-10-20 20:25:55:986</time></pt><pt><x>2203</x><y>496</y><time>12-10-20 20:25:57:037</time></pt><pt><x>2203</x><y>2402</y><time>undefined</time></pt><pt><x>675</x><y>2402</y><time>undefined</time></pt><closed_date>12-10-20 20:25:57:038</closed_date></polygon></object></annotation>