<annotation><filename>m2_s02_085_p_nic047.jpg</filename><folder>users/joselusava//m2_jsv/85/nic</folder><source><submittedBy>Jose Saca</submittedBy></source><imagesize><nrows>2910</nrows><ncols>4361</ncols></imagesize><object><name>m2_s02_085_p_nic047</name><deleted>0</deleted><verified>0</verified><occluded>no</occluded><attributes></attributes><parts><hasparts></hasparts><ispartof></ispartof></parts><date>19-09-20 22:43:21:119</date><id>0</id><type>bounding_box</type><polygon><username>anonymous</username><pt><x>296</x><y>1027</y><time>19-09-20 22:43:19:316</time></pt><pt><x>1253</x><y>1027</y><time>19-09-20 22:43:20:469</time></pt><pt><x>1253</x><y>2115</y><time>undefined</time></pt><pt><x>296</x><y>2115</y><time>undefined</time></pt><closed_date>19-09-20 22:43:20:470</closed_date></polygon></object></annotation>