<annotation><filename>m4_s04_045_p_nic024.jpg</filename><folder>users/joselusava//valeria/m04_s04_45_nic</folder><source><submittedBy>Jose Saca</submittedBy></source><imagesize><nrows>2970</nrows><ncols>4451</ncols></imagesize><object><name>m4_s04_045_p_nic024</name><deleted>0</deleted><verified>0</verified><occluded>no</occluded><attributes></attributes><parts><hasparts></hasparts><ispartof></ispartof></parts><date>20-10-20 00:25:13:005</date><id>0</id><type>bounding_box</type><polygon><username>anonymous</username><pt><x>331</x><y>2924</y><time>20-10-20 00:25:08:465</time></pt><pt><x>1205</x><y>2924</y><time>20-10-20 00:25:09:989</time></pt><pt><x>1205</x><y>1525</y><time>undefined</time></pt><pt><x>331</x><y>1525</y><time>undefined</time></pt><closed_date>20-10-20 00:25:09:990</closed_date></polygon></object></annotation>