<annotation><filename>m1_s01_005_p_nic051.jpg</filename><folder>users/joselusava//museos2020</folder><source><submittedBy>Jose Saca</submittedBy></source><imagesize><nrows>2000</nrows><ncols>2992</ncols></imagesize><object><name>m1_s01_005_p_nic051</name><deleted>0</deleted><verified>0</verified><occluded>no</occluded><attributes></attributes><parts><hasparts></hasparts><ispartof></ispartof></parts><date>14-09-20 11:14:27:917</date><id>0</id><type>bounding_box</type><polygon><username>anonymous</username><pt><x>319</x><y>1361</y><time>14-09-20 11:14:18:735</time></pt><pt><x>645</x><y>1361</y><time>14-09-20 11:14:20:251</time></pt><pt><x>645</x><y>1716</y><time>undefined</time></pt><pt><x>319</x><y>1716</y><time>undefined</time></pt><closed_date>14-09-20 11:14:20:252</closed_date></polygon></object></annotation>