<annotation><filename>img_m1_s03-04_108_p_ic065.jpg</filename><folder>users/joselusava//valeria/sala3y4_108_ic</folder><source><submittedBy>Jose Saca</submittedBy></source><imagesize><nrows>3200</nrows><ncols>4800</ncols></imagesize><object><name>m1_s03_s04_108_p_ic065</name><deleted>0</deleted><verified>0</verified><occluded>no</occluded><attributes></attributes><parts><hasparts></hasparts><ispartof></ispartof></parts><date>31-08-20 00:12:28:929</date><id>0</id><type>bounding_box</type><polygon><username>anonymous</username><pt><x>4782</x><y>2473</y><time>31-08-20 00:12:21:326</time></pt><pt><x>6</x><y>2473</y><time>31-08-20 00:12:25:445</time></pt><pt><x>6</x><y>885</y><time>undefined</time></pt><pt><x>4782</x><y>885</y><time>undefined</time></pt><closed_date>31-08-20 00:12:25:447</closed_date></polygon></object></annotation>