<annotation><filename>m2_s01_024_p_ic054.jpg</filename><folder>users/joselusava//santiago</folder><source><submittedBy>Jose Saca</submittedBy></source><imagesize><nrows>2850</nrows><ncols>4271</ncols></imagesize><object><name>m2_s01_024_p_ic054</name><deleted>0</deleted><verified>0</verified><occluded>no</occluded><attributes></attributes><parts><hasparts></hasparts><ispartof></ispartof></parts><date>24-09-20 22:17:58:611</date><id>0</id><type>bounding_box</type><polygon><username>anonymous</username><pt><x>1103</x><y>22</y><time>24-09-20 22:17:49:814</time></pt><pt><x>2885</x><y>22</y><time>24-09-20 22:17:51:791</time></pt><pt><x>2885</x><y>2680</y><time>undefined</time></pt><pt><x>1103</x><y>2680</y><time>undefined</time></pt><closed_date>24-09-20 22:17:51:791</closed_date></polygon></object></annotation>