<annotation><filename>m2_s01_058_p_ic068.jpg</filename><folder>users/joselusava//m2_jsv/58/ic</folder><source><submittedBy>Jose Saca</submittedBy></source><imagesize><nrows>2850</nrows><ncols>4271</ncols></imagesize><object><name>m2_s01_058_p_ic068</name><deleted>0</deleted><verified>0</verified><occluded>no</occluded><attributes></attributes><parts><hasparts></hasparts><ispartof></ispartof></parts><date>29-09-20 13:32:16:267</date><id>0</id><type>bounding_box</type><polygon><username>anonymous</username><pt><x>391</x><y>212</y><time>29-09-20 13:32:14:094</time></pt><pt><x>3889</x><y>212</y><time>29-09-20 13:32:15:424</time></pt><pt><x>3889</x><y>2811</y><time>undefined</time></pt><pt><x>391</x><y>2811</y><time>undefined</time></pt><closed_date>29-09-20 13:32:15:424</closed_date></polygon></object></annotation>