<annotation><filename>m4_s02_021_p_nic030.jpg</filename><folder>users/joselusava//santiago_2</folder><source><submittedBy>Jose Saca</submittedBy></source><imagesize><nrows>2910</nrows><ncols>4361</ncols></imagesize><object><name>m4_s02_021_p_nic030</name><deleted>0</deleted><verified>0</verified><occluded>no</occluded><attributes></attributes><parts><hasparts></hasparts><ispartof></ispartof></parts><date>04-10-20 22:19:50:078</date><id>0</id><type>bounding_box</type><polygon><username>anonymous</username><pt><x>2169</x><y>897</y><time>04-10-20 22:19:47:370</time></pt><pt><x>3135</x><y>897</y><time>04-10-20 22:19:48:272</time></pt><pt><x>3135</x><y>2619</y><time>undefined</time></pt><pt><x>2169</x><y>2619</y><time>undefined</time></pt><closed_date>04-10-20 22:19:48:273</closed_date></polygon></object></annotation>