<annotation><filename>m1_s01_004_p_ic025.jpg</filename><folder>users/joselusava//valeria_apoyo/sala001_004ic_ok</folder><source><submittedBy>Jose Saca</submittedBy></source><imagesize><nrows>2000</nrows><ncols>2992</ncols></imagesize><object><name>m1_s01_004_p_ic025</name><deleted>0</deleted><verified>0</verified><occluded>no</occluded><attributes></attributes><parts><hasparts></hasparts><ispartof></ispartof></parts><date>15-09-20 22:45:25:604</date><id>0</id><type>bounding_box</type><polygon><username>anonymous</username><pt><x>2239</x><y>1977</y><time>15-09-20 22:45:16:220</time></pt><pt><x>481</x><y>1977</y><time>15-09-20 22:45:21:348</time></pt><pt><x>481</x><y>432</y><time>undefined</time></pt><pt><x>2239</x><y>432</y><time>undefined</time></pt><closed_date>15-09-20 22:45:21:349</closed_date></polygon></object></annotation>