<annotation><filename>m4_s05_060_p_ic008.jpg</filename><folder>users/joselusava//m4_js/60/ic</folder><source><submittedBy>Jose Saca</submittedBy></source><imagesize><nrows>2910</nrows><ncols>4361</ncols></imagesize><object><name>m4_s05_060_p_ic008</name><deleted>0</deleted><verified>0</verified><occluded>no</occluded><attributes></attributes><parts><hasparts></hasparts><ispartof></ispartof></parts><date>13-10-20 15:38:15:567</date><id>0</id><type>bounding_box</type><polygon><username>anonymous</username><pt><x>4091</x><y>2289</y><time>13-10-20 15:38:13:254</time></pt><pt><x>470</x><y>2289</y><time>13-10-20 15:38:14:768</time></pt><pt><x>470</x><y>557</y><time>undefined</time></pt><pt><x>4091</x><y>557</y><time>undefined</time></pt><closed_date>13-10-20 15:38:14:769</closed_date></polygon></object></annotation>