<annotation><filename>m1_s02_065_p_ic077.jpg</filename><folder>users/joselusava//valeria/sala2_065_ic</folder><source><submittedBy>Jose Saca</submittedBy></source><imagesize><nrows>2000</nrows><ncols>2992</ncols></imagesize><object><name>m1_s02_065_p_ic077</name><deleted>0</deleted><verified>0</verified><occluded>no</occluded><attributes></attributes><parts><hasparts></hasparts><ispartof></ispartof></parts><date>26-08-20 00:58:55:406</date><id>0</id><type>bounding_box</type><polygon><username>anonymous</username><pt><x>208</x><y>188</y><time>26-08-20 00:58:49:670</time></pt><pt><x>2789</x><y>188</y><time>26-08-20 00:58:51:722</time></pt><pt><x>2789</x><y>1839</y><time>undefined</time></pt><pt><x>208</x><y>1839</y><time>undefined</time></pt><closed_date>26-08-20 00:58:51:724</closed_date></polygon></object></annotation>