<annotation><filename>m1_s01_004_p_ic015.jpg</filename><folder>users/joselusava//valeria_apoyo/sala001_004ic_ok</folder><source><submittedBy>Jose Saca</submittedBy></source><imagesize><nrows>2000</nrows><ncols>2992</ncols></imagesize><object><name>m1_s01_004_p_ic015</name><deleted>0</deleted><verified>0</verified><occluded>no</occluded><attributes></attributes><parts><hasparts></hasparts><ispartof></ispartof></parts><date>15-09-20 22:17:17:614</date><id>0</id><type>bounding_box</type><polygon><username>anonymous</username><pt><x>4</x><y>1511</y><time>15-09-20 22:17:09:871</time></pt><pt><x>2981</x><y>1511</y><time>15-09-20 22:17:12:985</time></pt><pt><x>2981</x><y>629</y><time>undefined</time></pt><pt><x>4</x><y>629</y><time>undefined</time></pt><closed_date>15-09-20 22:17:12:986</closed_date></polygon></object></annotation>