<annotation><filename>m2_s05_236_p_nic012.jpg</filename><folder>users/joselusava//museos2020</folder><source><submittedBy>Jose Saca</submittedBy></source><imagesize><nrows>2910</nrows><ncols>4361</ncols></imagesize><object><name>m2_s05_236_p_nic012</name><deleted>0</deleted><verified>0</verified><occluded>no</occluded><attributes></attributes><parts><hasparts></hasparts><ispartof></ispartof></parts><date>17-09-20 06:45:43:558</date><id>0</id><type>bounding_box</type><polygon><username>anonymous</username><pt><x>293</x><y>135</y><time>17-09-20 06:45:32:569</time></pt><pt><x>2766</x><y>135</y><time>17-09-20 06:45:34:133</time></pt><pt><x>2766</x><y>1827</y><time>undefined</time></pt><pt><x>293</x><y>1827</y><time>undefined</time></pt><closed_date>17-09-20 06:45:34:134</closed_date></polygon></object></annotation>