<annotation><filename>m2_s01_018_p_nic004.jpg</filename><folder>users/joselusava//santiago_2</folder><source><submittedBy>Jose Saca</submittedBy></source><imagesize><nrows>3000</nrows><ncols>4496</ncols></imagesize><object><name>m2_s01_018_p_nic004</name><deleted>0</deleted><verified>0</verified><occluded>no</occluded><attributes></attributes><parts><hasparts></hasparts><ispartof></ispartof></parts><date>28-09-20 19:25:36:858</date><id>0</id><type>bounding_box</type><polygon><username>anonymous</username><pt><x>3196</x><y>832</y><time>28-09-20 19:25:32:982</time></pt><pt><x>3764</x><y>832</y><time>28-09-20 19:25:34:090</time></pt><pt><x>3764</x><y>1643</y><time>undefined</time></pt><pt><x>3196</x><y>1643</y><time>undefined</time></pt><closed_date>28-09-20 19:25:34:090</closed_date></polygon></object></annotation>