<annotation><filename>m4_s07_105_p_ic019.jpg</filename><folder>users/joselusava//kath/m4_105</folder><source><submittedBy>Jose Saca</submittedBy></source><imagesize><nrows>2970</nrows><ncols>4451</ncols></imagesize><object><name>m4_s07_105_p_ic019</name><deleted>0</deleted><verified>0</verified><occluded>no</occluded><attributes></attributes><parts><hasparts></hasparts><ispartof></ispartof></parts><date>25-10-20 09:22:24:724</date><id>0</id><type>bounding_box</type><polygon><username>anonymous</username><pt><x>2821</x><y>2658</y><time>25-10-20 09:22:11:788</time></pt><pt><x>1672</x><y>2658</y><time>25-10-20 09:22:13:583</time></pt><pt><x>1672</x><y>293</y><time>undefined</time></pt><pt><x>2821</x><y>293</y><time>undefined</time></pt><closed_date>25-10-20 09:22:13:585</closed_date></polygon></object></annotation>