<annotation><filename>m1_s02_036_p_nic046.jpg</filename><folder>users/joselusava//valeria/sala2_036_nic</folder><source><submittedBy>Jose Saca</submittedBy></source><imagesize><nrows>3200</nrows><ncols>4800</ncols></imagesize><object><name>m1_s02_036_p_nic045</name><deleted>0</deleted><verified>0</verified><occluded>no</occluded><attributes/><parts><hasparts/><ispartof/></parts><date>26-08-20 23:49:50:995</date><id>0</id><type>bounding_box</type><polygon><username>anonymous</username><pt><x>285</x><y>789</y><time>26-08-20 23:49:38:002</time></pt><pt><x>1659</x><y>789</y><time>26-08-20 23:49:39:787</time></pt><pt><x>1659</x><y>1970</y><time>undefined</time></pt><pt><x>285</x><y>1970</y><time>undefined</time></pt><closed_date>26-08-20 23:49:39:787</closed_date></polygon></object><object><name>m1_s02_036_p_nic046</name><deleted>0</deleted><verified>0</verified><occluded>no</occluded><attributes></attributes><parts><hasparts></hasparts><ispartof></ispartof></parts><date>27-08-20 00:20:33:183</date><id>1</id><type>bounding_box</type><polygon><username>anonymous</username><pt><x>252</x><y>752</y><time>27-08-20 00:19:39:524</time></pt><pt><x>1654</x><y>752</y><time>27-08-20 00:19:43:362</time></pt><pt><x>1654</x><y>1981</y><time>undefined</time></pt><pt><x>252</x><y>1981</y><time>undefined</time></pt><closed_date>27-08-20 00:19:43:364</closed_date></polygon></object></annotation>