<annotation><filename>m1_s02_029_p_nic036.jpg</filename><folder>users/joselusava//valeria/sala2_029_nic</folder><source><submittedBy>Jose Saca</submittedBy></source><imagesize><nrows>3200</nrows><ncols>4800</ncols></imagesize><object><name>m1_s02_029_p_nic036</name><deleted>0</deleted><verified>0</verified><occluded>no</occluded><attributes></attributes><parts><hasparts></hasparts><ispartof></ispartof></parts><date>26-08-20 18:39:40:601</date><id>0</id><type>bounding_box</type><polygon><username>anonymous</username><pt><x>3463</x><y>1015</y><time>26-08-20 18:39:34:831</time></pt><pt><x>4478</x><y>1015</y><time>26-08-20 18:39:37:213</time></pt><pt><x>4478</x><y>2255</y><time>undefined</time></pt><pt><x>3463</x><y>2255</y><time>undefined</time></pt><closed_date>26-08-20 18:39:37:213</closed_date></polygon></object></annotation>