<annotation><filename>m2_s01_034_p_nic094.jpg</filename><folder>users/joselusava//kath</folder><source><submittedBy>Jose Saca</submittedBy></source><imagesize><nrows>2850</nrows><ncols>4271</ncols></imagesize><object><name>m2_s01_034_p_nic094</name><deleted>0</deleted><verified>0</verified><occluded>no</occluded><attributes></attributes><parts><hasparts></hasparts><ispartof></ispartof></parts><date>25-09-20 21:24:20:620</date><id>0</id><polygon><username>anonymous</username><pt><x>401</x><y>308</y><time>25-09-20 21:24:11:795</time></pt><pt><x>566</x><y>1604</y><time>25-09-20 21:24:13:114</time></pt><pt><x>1418</x><y>1482</y><time>25-09-20 21:24:14:642</time></pt><pt><x>1267</x><y>286</y><time>25-09-20 21:24:15:887</time></pt><closed_date>25-09-20 21:24:17:459</closed_date></polygon></object></annotation>