<annotation><filename>m2_s01_058_p_ic026.jpg</filename><folder>users/joselusava//m2_jsv/58/ic</folder><source><submittedBy>Jose Saca</submittedBy></source><imagesize><nrows>2850</nrows><ncols>4271</ncols></imagesize><object><name>m2_s01_058_p_ic026</name><deleted>0</deleted><verified>0</verified><occluded>no</occluded><attributes></attributes><parts><hasparts></hasparts><ispartof></ispartof></parts><date>29-09-20 13:09:53:715</date><id>0</id><type>bounding_box</type><polygon><username>anonymous</username><pt><x>951</x><y>467</y><time>29-09-20 13:09:50:890</time></pt><pt><x>3269</x><y>467</y><time>29-09-20 13:09:52:910</time></pt><pt><x>3269</x><y>2310</y><time>undefined</time></pt><pt><x>951</x><y>2310</y><time>undefined</time></pt><closed_date>29-09-20 13:09:52:910</closed_date></polygon></object></annotation>