<annotation><filename>m4_s11_176_p_nic097.jpg</filename><folder>users/joselusava//m4_js/176/nic</folder><source><submittedBy>Jose Saca</submittedBy></source><imagesize><nrows>2970</nrows><ncols>4451</ncols></imagesize><object><name>m4_s11_176_p_nic097</name><deleted>0</deleted><verified>0</verified><occluded>no</occluded><attributes></attributes><parts><hasparts></hasparts><ispartof></ispartof></parts><date>15-10-20 15:00:43:336</date><id>0</id><type>bounding_box</type><polygon><username>anonymous</username><pt><x>1866</x><y>2692</y><time>15-10-20 15:00:41:236</time></pt><pt><x>115</x><y>2692</y><time>15-10-20 15:00:42:740</time></pt><pt><x>115</x><y>1235</y><time>undefined</time></pt><pt><x>1866</x><y>1235</y><time>undefined</time></pt><closed_date>15-10-20 15:00:42:740</closed_date></polygon></object></annotation>