<annotation><filename>m2_s02_085_p_ic073.jpg</filename><folder>users/joselusava//m2_jsv/85/ic</folder><source><submittedBy>Jose Saca</submittedBy></source><imagesize><nrows>2910</nrows><ncols>4361</ncols></imagesize><object><name>m2_s02_085_p_ic073</name><deleted>0</deleted><verified>0</verified><occluded>no</occluded><attributes></attributes><parts><hasparts></hasparts><ispartof></ispartof></parts><date>17-09-20 20:01:53:532</date><id>0</id><type>bounding_box</type><polygon><username>anonymous</username><pt><x>1314</x><y>653</y><time>17-09-20 20:01:51:450</time></pt><pt><x>3168</x><y>653</y><time>17-09-20 20:01:52:666</time></pt><pt><x>3168</x><y>2524</y><time>undefined</time></pt><pt><x>1314</x><y>2524</y><time>undefined</time></pt><closed_date>17-09-20 20:01:52:666</closed_date></polygon></object></annotation>