<annotation><filename>m4_s05_060_p_nic035.jpg</filename><folder>users/joselusava//m4_js/60/nic</folder><source><submittedBy>Jose Saca</submittedBy></source><imagesize><nrows>2910</nrows><ncols>4361</ncols></imagesize><object><name>m4_s05_060_p_nic035</name><deleted>0</deleted><verified>0</verified><occluded>no</occluded><attributes></attributes><parts><hasparts></hasparts><ispartof></ispartof></parts><date>13-10-20 23:57:53:457</date><id>0</id><type>bounding_box</type><polygon><username>anonymous</username><pt><x>1428</x><y>2890</y><time>13-10-20 23:57:51:412</time></pt><pt><x>4352</x><y>2890</y><time>13-10-20 23:57:52:809</time></pt><pt><x>4352</x><y>1184</y><time>undefined</time></pt><pt><x>1428</x><y>1184</y><time>undefined</time></pt><closed_date>13-10-20 23:57:52:809</closed_date></polygon></object></annotation>