<annotation><filename>m2_s03_252_p_nic011.jpg</filename><folder>users/joselusava//valeria/m2_sala03_252_nic</folder><source><submittedBy>Jose Saca</submittedBy></source><imagesize><nrows>2910</nrows><ncols>4361</ncols></imagesize><object><name>m2_s06_252_p_nic011</name><deleted>0</deleted><verified>0</verified><occluded>no</occluded><attributes></attributes><parts><hasparts></hasparts><ispartof></ispartof></parts><date>26-09-20 18:31:27:377</date><id>0</id><type>bounding_box</type><polygon><username>anonymous</username><pt><x>1797</x><y>1185</y><time>26-09-20 18:31:22:505</time></pt><pt><x>298</x><y>1185</y><time>26-09-20 18:31:24:187</time></pt><pt><x>298</x><y>2127</y><time>undefined</time></pt><pt><x>1797</x><y>2127</y><time>undefined</time></pt><closed_date>26-09-20 18:31:24:189</closed_date></polygon></object></annotation>