<annotation><filename>m4_s04_037_p_ic056.jpg</filename><folder>users/joselusava//santiago_2</folder><source><submittedBy>Jose Saca</submittedBy></source><imagesize><nrows>2970</nrows><ncols>4451</ncols></imagesize><object><name>m4_s04_037_p_ic056</name><deleted>0</deleted><verified>0</verified><occluded>no</occluded><attributes></attributes><parts><hasparts></hasparts><ispartof></ispartof></parts><date>18-10-20 17:42:50:044</date><id>0</id><type>bounding_box</type><polygon><username>anonymous</username><pt><x>1631</x><y>439</y><time>18-10-20 17:42:45:546</time></pt><pt><x>2881</x><y>439</y><time>18-10-20 17:42:47:589</time></pt><pt><x>2881</x><y>2534</y><time>undefined</time></pt><pt><x>1631</x><y>2534</y><time>undefined</time></pt><closed_date>18-10-20 17:42:47:591</closed_date></polygon></object></annotation>