<annotation><filename>m2_s01_034_p_ic068.jpg</filename><folder>users/joselusava//kath</folder><source><submittedBy>Jose Saca</submittedBy></source><imagesize><nrows>2850</nrows><ncols>4271</ncols></imagesize><object><name>m2_s01_034_p_ic068</name><deleted>0</deleted><verified>0</verified><occluded>no</occluded><attributes></attributes><parts><hasparts></hasparts><ispartof></ispartof></parts><date>25-09-20 16:37:46:460</date><id>0</id><polygon><username>anonymous</username><pt><x>1124</x><y>79</y><time>25-09-20 16:37:26:026</time></pt><pt><x>1174</x><y>2599</y><time>25-09-20 16:37:28:364</time></pt><pt><x>2628</x><y>2463</y><time>25-09-20 16:37:36:917</time></pt><pt><x>2757</x><y>29</y><time>25-09-20 16:37:39:193</time></pt><closed_date>25-09-20 16:37:41:337</closed_date></polygon></object></annotation>