<annotation><filename>m4_s05_060_p_nic011.jpg</filename><folder>users/joselusava//m4_js/60/nic</folder><source><submittedBy>Jose Saca</submittedBy></source><imagesize><nrows>2910</nrows><ncols>4361</ncols></imagesize><object><name>m4_s05_060_p_nic011</name><deleted>0</deleted><verified>0</verified><occluded>no</occluded><attributes></attributes><parts><hasparts></hasparts><ispartof></ispartof></parts><date>13-10-20 23:50:17:360</date><id>0</id><type>bounding_box</type><polygon><username>anonymous</username><pt><x>3882</x><y>1880</y><time>13-10-20 23:50:14:156</time></pt><pt><x>165</x><y>1880</y><time>13-10-20 23:50:16:627</time></pt><pt><x>165</x><y>26</y><time>undefined</time></pt><pt><x>3882</x><y>26</y><time>undefined</time></pt><closed_date>13-10-20 23:50:16:627</closed_date></polygon></object></annotation>