<annotation><filename>m2_s07_272_x.jpg</filename><folder>users/joselusava//museos2020</folder><source><submittedBy>Jose Saca</submittedBy></source><imagesize><nrows>2910</nrows><ncols>4361</ncols></imagesize><object><name>m2_s07_272_x</name><deleted>0</deleted><verified>0</verified><occluded>no</occluded><attributes></attributes><parts><hasparts></hasparts><ispartof></ispartof></parts><date>27-09-20 22:15:05:982</date><id>0</id><type>bounding_box</type><polygon><username>anonymous</username><pt><x>772</x><y>428</y><time>27-09-20 22:14:58:559</time></pt><pt><x>3635</x><y>428</y><time>27-09-20 22:15:00:156</time></pt><pt><x>3635</x><y>2459</y><time>undefined</time></pt><pt><x>772</x><y>2459</y><time>undefined</time></pt><closed_date>27-09-20 22:15:00:157</closed_date></polygon></object></annotation>