<annotation><filename>m1_s02_052_p_ic038.jpg</filename><folder>users/joselusava//valeria/sala2_052_ic</folder><source><submittedBy>Jose Saca</submittedBy></source><imagesize><nrows>3200</nrows><ncols>4800</ncols></imagesize><object><name>m1_s02_052_p_ic038</name><deleted>0</deleted><verified>0</verified><occluded>no</occluded><attributes></attributes><parts><hasparts></hasparts><ispartof></ispartof></parts><date>25-08-20 17:54:51:316</date><id>0</id><type>bounding_box</type><polygon><username>anonymous</username><pt><x>1417</x><y>11</y><time>25-08-20 17:54:43:978</time></pt><pt><x>3162</x><y>11</y><time>25-08-20 17:54:47:852</time></pt><pt><x>3162</x><y>3184</y><time>undefined</time></pt><pt><x>1417</x><y>3184</y><time>undefined</time></pt><closed_date>25-08-20 17:54:47:853</closed_date></polygon></object></annotation>