<annotation><filename>m4_s11_178_p_ic047.jpg</filename><folder>users/joselusava//santiago_2</folder><source><submittedBy>Jose Saca</submittedBy></source><imagesize><nrows>2970</nrows><ncols>4451</ncols></imagesize><object><name>m4_s11_178_p_ic047</name><deleted>0</deleted><verified>0</verified><occluded>no</occluded><attributes></attributes><parts><hasparts></hasparts><ispartof></ispartof></parts><date>15-10-20 21:45:50:930</date><id>0</id><type>bounding_box</type><polygon><username>anonymous</username><pt><x>1549</x><y>703</y><time>15-10-20 21:45:46:160</time></pt><pt><x>2827</x><y>703</y><time>15-10-20 21:45:47:952</time></pt><pt><x>2827</x><y>2192</y><time>undefined</time></pt><pt><x>1549</x><y>2192</y><time>undefined</time></pt><closed_date>15-10-20 21:45:47:954</closed_date></polygon></object></annotation>