<annotation><filename>m1_s02_065_p_nic100.jpg</filename><folder>users/joselusava//valeria/sala2_065_nic</folder><source><submittedBy>Jose Saca</submittedBy></source><imagesize><nrows>2000</nrows><ncols>2992</ncols></imagesize><object><name>m1_s02_065_p_nic100</name><deleted>0</deleted><verified>0</verified><occluded>no</occluded><attributes></attributes><parts><hasparts></hasparts><ispartof></ispartof></parts><date>28-08-20 00:52:00:474</date><id>0</id><type>bounding_box</type><polygon><username>anonymous</username><pt><x>1570</x><y>1450</y><time>28-08-20 00:51:54:429</time></pt><pt><x>181</x><y>1450</y><time>28-08-20 00:51:57:099</time></pt><pt><x>181</x><y>695</y><time>undefined</time></pt><pt><x>1570</x><y>695</y><time>undefined</time></pt><closed_date>28-08-20 00:51:57:100</closed_date></polygon></object></annotation>