<annotation><filename>m4_s11_178_p_nic007.jpg</filename><folder>users/joselusava//santiago_2</folder><source><submittedBy>Jose Saca</submittedBy></source><imagesize><nrows>2970</nrows><ncols>4451</ncols></imagesize><object><name>m4_s11_178_p_nic007</name><deleted>0</deleted><verified>0</verified><occluded>no</occluded><attributes></attributes><parts><hasparts></hasparts><ispartof></ispartof></parts><date>15-10-20 23:00:05:465</date><id>0</id><type>bounding_box</type><polygon><username>anonymous</username><pt><x>2567</x><y>225</y><time>15-10-20 23:00:01:988</time></pt><pt><x>3884</x><y>225</y><time>15-10-20 23:00:03:308</time></pt><pt><x>3884</x><y>1642</y><time>undefined</time></pt><pt><x>2567</x><y>1642</y><time>undefined</time></pt><closed_date>15-10-20 23:00:03:308</closed_date></polygon></object></annotation>