<annotation><filename>m2_s05_236_p_ic065.jpg</filename><folder>users/joselusava//museos2020</folder><source><submittedBy>Jose Saca</submittedBy></source><imagesize><nrows>2910</nrows><ncols>4361</ncols></imagesize><object><name>m2_s05_236_p_ic065</name><deleted>0</deleted><verified>0</verified><occluded>no</occluded><attributes></attributes><parts><hasparts></hasparts><ispartof></ispartof></parts><date>16-09-20 19:06:38:214</date><id>0</id><type>bounding_box</type><polygon><username>anonymous</username><pt><x>325</x><y>42</y><time>16-09-20 19:06:28:506</time></pt><pt><x>3170</x><y>42</y><time>16-09-20 19:06:29:803</time></pt><pt><x>3170</x><y>2771</y><time>undefined</time></pt><pt><x>325</x><y>2771</y><time>undefined</time></pt><closed_date>16-09-20 19:06:29:803</closed_date></polygon></object></annotation>