<annotation><filename>m4_s04_037_p_nic034.jpg</filename><folder>users/joselusava//santiago_2</folder><source><submittedBy>Jose Saca</submittedBy></source><imagesize><nrows>2970</nrows><ncols>4451</ncols></imagesize><object><name>m4_s04_037_p_nic034</name><deleted>0</deleted><verified>0</verified><occluded>no</occluded><attributes></attributes><parts><hasparts></hasparts><ispartof></ispartof></parts><date>19-10-20 22:14:13:450</date><id>0</id><type>bounding_box</type><polygon><username>anonymous</username><pt><x>282</x><y>1453</y><time>19-10-20 22:14:04:105</time></pt><pt><x>1235</x><y>1453</y><time>19-10-20 22:14:05:283</time></pt><pt><x>1235</x><y>2881</y><time>undefined</time></pt><pt><x>282</x><y>2881</y><time>undefined</time></pt><closed_date>19-10-20 22:14:05:285</closed_date></polygon></object></annotation>