<annotation><filename>img_m1_s03-04_101_p_ic059.jpg</filename><folder>users/joselusava//valeria/sala3y4_101_ic</folder><source><submittedBy>Jose Saca</submittedBy></source><imagesize><nrows>3200</nrows><ncols>4800</ncols></imagesize><object><name>m1_s03_s04_101_p_ic059</name><deleted>0</deleted><verified>0</verified><occluded>no</occluded><attributes></attributes><parts><hasparts></hasparts><ispartof></ispartof></parts><date>29-08-20 00:39:33:705</date><id>0</id><type>bounding_box</type><polygon><username>anonymous</username><pt><x>4782</x><y>3115</y><time>29-08-20 00:39:25:479</time></pt><pt><x>121</x><y>3115</y><time>29-08-20 00:39:29:225</time></pt><pt><x>121</x><y>1267</y><time>undefined</time></pt><pt><x>4782</x><y>1267</y><time>undefined</time></pt><closed_date>29-08-20 00:39:29:227</closed_date></polygon></object></annotation>