<annotation><filename>img_m1_s10_303_p_nic055.jpg</filename><folder>users/joselusava//santiago</folder><source><submittedBy>Jose Saca</submittedBy></source><imagesize><nrows>3200</nrows><ncols>4800</ncols></imagesize><object><name>m1_s10_303_p_nic055</name><deleted>0</deleted><verified>0</verified><occluded>no</occluded><attributes></attributes><parts><hasparts></hasparts><ispartof></ispartof></parts><date>01-09-20 22:04:51:257</date><id>0</id><type>bounding_box</type><polygon><username>anonymous</username><pt><x>745</x><y>576</y><time>01-09-20 22:04:41:963</time></pt><pt><x>1551</x><y>576</y><time>01-09-20 22:04:45:191</time></pt><pt><x>1551</x><y>1458</y><time>undefined</time></pt><pt><x>745</x><y>1458</y><time>undefined</time></pt><closed_date>01-09-20 22:04:45:192</closed_date></polygon></object></annotation>