<annotation><filename>m4_s11_178_p_ic059.jpg</filename><folder>users/joselusava//santiago_2</folder><source><submittedBy>Jose Saca</submittedBy></source><imagesize><nrows>2970</nrows><ncols>4451</ncols></imagesize><object><name>m4_s11_178_p_ic059</name><deleted>0</deleted><verified>0</verified><occluded>no</occluded><attributes></attributes><parts><hasparts></hasparts><ispartof></ispartof></parts><date>15-10-20 21:55:24:143</date><id>0</id><type>bounding_box</type><polygon><username>anonymous</username><pt><x>1442</x><y>950</y><time>15-10-20 21:55:18:688</time></pt><pt><x>3141</x><y>950</y><time>15-10-20 21:55:21:769</time></pt><pt><x>3141</x><y>2652</y><time>undefined</time></pt><pt><x>1442</x><y>2652</y><time>undefined</time></pt><closed_date>15-10-20 21:55:21:770</closed_date></polygon></object></annotation>