<annotation><filename>m2_s02_129_p_nic083.jpg</filename><folder>users/joselusava//m2_jsv/129/nic</folder><source><submittedBy>Jose Saca</submittedBy></source><imagesize><nrows>2910</nrows><ncols>4361</ncols></imagesize><object><name>m2_s02_129_p_nic083</name><deleted>0</deleted><verified>0</verified><occluded>no</occluded><attributes></attributes><parts><hasparts></hasparts><ispartof></ispartof></parts><date>25-09-20 08:24:33:097</date><id>0</id><type>bounding_box</type><polygon><username>anonymous</username><pt><x>601</x><y>374</y><time>25-09-20 08:24:31:073</time></pt><pt><x>1959</x><y>374</y><time>25-09-20 08:24:32:470</time></pt><pt><x>1959</x><y>1471</y><time>undefined</time></pt><pt><x>601</x><y>1471</y><time>undefined</time></pt><closed_date>25-09-20 08:24:32:470</closed_date></polygon></object></annotation>