<annotation><filename>m2_s01_001_p_nic082.jpg</filename><folder>users/joselusava//santiago</folder><source><submittedBy>Jose Saca</submittedBy></source><imagesize><nrows>2850</nrows><ncols>4271</ncols></imagesize><object><name>m2_s01_001_p_nic082</name><deleted>0</deleted><verified>0</verified><occluded>no</occluded><attributes></attributes><parts><hasparts></hasparts><ispartof></ispartof></parts><date>19-09-20 23:32:27:786</date><id>0</id><type>bounding_box</type><polygon><username>anonymous</username><pt><x>388</x><y>635</y><time>19-09-20 23:32:18:526</time></pt><pt><x>2090</x><y>635</y><time>19-09-20 23:32:21:137</time></pt><pt><x>2090</x><y>2638</y><time>undefined</time></pt><pt><x>388</x><y>2638</y><time>undefined</time></pt><closed_date>19-09-20 23:32:21:138</closed_date></polygon></object></annotation>