<annotation><filename>m2_s03_219_p_ic016.jpg</filename><folder>users/joselusava//valeria/m2_sala03_219_ic</folder><source><submittedBy>Jose Saca</submittedBy></source><imagesize><nrows>2910</nrows><ncols>4361</ncols></imagesize><object><name>m2_s03_219_p_ic016</name><deleted>0</deleted><verified>0</verified><occluded>no</occluded><attributes></attributes><parts><hasparts></hasparts><ispartof></ispartof></parts><date>28-09-20 23:51:16:386</date><id>0</id><type>bounding_box</type><polygon><username>anonymous</username><pt><x>1075</x><y>237</y><time>28-09-20 23:51:11:689</time></pt><pt><x>3345</x><y>237</y><time>28-09-20 23:51:13:029</time></pt><pt><x>3345</x><y>2695</y><time>undefined</time></pt><pt><x>1075</x><y>2695</y><time>undefined</time></pt><closed_date>28-09-20 23:51:13:030</closed_date></polygon></object></annotation>