<annotation><filename>m2_s03_252_p_nic095.jpg</filename><folder>users/joselusava//valeria/m2_sala03_252_nic</folder><source><submittedBy>Jose Saca</submittedBy></source><imagesize><nrows>2910</nrows><ncols>4361</ncols></imagesize><object><name>m2_s06_252_p_nic095</name><deleted>0</deleted><verified>0</verified><occluded>no</occluded><attributes></attributes><parts><hasparts></hasparts><ispartof></ispartof></parts><date>26-09-20 22:50:49:296</date><id>0</id><type>bounding_box</type><polygon><username>anonymous</username><pt><x>1912</x><y>303</y><time>26-09-20 22:50:44:100</time></pt><pt><x>3588</x><y>303</y><time>26-09-20 22:50:45:716</time></pt><pt><x>3588</x><y>1279</y><time>undefined</time></pt><pt><x>1912</x><y>1279</y><time>undefined</time></pt><closed_date>26-09-20 22:50:45:716</closed_date></polygon></object></annotation>