<annotation><filename>m3_s01_023_p_nic058.jpg</filename><folder>users/joselusava//santiago_3</folder><source><submittedBy>Jose Saca</submittedBy></source><imagesize><nrows>2970</nrows><ncols>4451</ncols></imagesize><object><name>m3_s01_023_p_nic058</name><deleted>0</deleted><verified>0</verified><occluded>no</occluded><attributes></attributes><parts><hasparts></hasparts><ispartof></ispartof></parts><date>06-11-20 09:41:17:867</date><id>0</id><type>bounding_box</type><polygon><username>anonymous</username><pt><x>2117</x><y>703</y><time>06-11-20 09:41:14:048</time></pt><pt><x>3845</x><y>703</y><time>06-11-20 09:41:15:416</time></pt><pt><x>3845</x><y>2206</y><time>undefined</time></pt><pt><x>2117</x><y>2206</y><time>undefined</time></pt><closed_date>06-11-20 09:41:15:418</closed_date></polygon></object></annotation>