<annotation><filename>m1_s06_168_p_nic036.jpg</filename><folder>users/joselusava//jacob_2/168nic</folder><source><submittedBy>Jose Saca</submittedBy></source><imagesize><nrows>2736</nrows><ncols>4100</ncols></imagesize><object><name>m1_s06_168_p_nic036</name><deleted>0</deleted><verified>0</verified><occluded>no</occluded><attributes></attributes><parts><hasparts></hasparts><ispartof></ispartof></parts><date>08-09-20 23:12:32:685</date><id>0</id><type>bounding_box</type><polygon><username>anonymous</username><pt><x>483</x><y>213</y><time>08-09-20 23:12:30:809</time></pt><pt><x>1399</x><y>213</y><time>08-09-20 23:12:32:134</time></pt><pt><x>1399</x><y>1817</y><time>undefined</time></pt><pt><x>483</x><y>1817</y><time>undefined</time></pt><closed_date>08-09-20 23:12:32:134</closed_date></polygon></object></annotation>