<annotation><filename>m4_s11_176_p_nic054.jpg</filename><folder>users/joselusava//m4_js/176/nic</folder><source><submittedBy>Jose Saca</submittedBy></source><imagesize><nrows>2970</nrows><ncols>4451</ncols></imagesize><object><name>m4_s11_176_p_nic054</name><deleted>0</deleted><verified>0</verified><occluded>no</occluded><attributes></attributes><parts><hasparts></hasparts><ispartof></ispartof></parts><date>15-10-20 11:50:39:794</date><id>0</id><type>bounding_box</type><polygon><username>anonymous</username><pt><x>2026</x><y>2141</y><time>15-10-20 11:50:36:903</time></pt><pt><x>18</x><y>2141</y><time>15-10-20 11:50:39:228</time></pt><pt><x>18</x><y>673</y><time>undefined</time></pt><pt><x>2026</x><y>673</y><time>undefined</time></pt><closed_date>15-10-20 11:50:39:228</closed_date></polygon></object></annotation>