<annotation><filename>m4_s09_138_p_nic093.jpg</filename><folder>users/joselusava//santiago_2</folder><source><submittedBy>Jose Saca</submittedBy></source><imagesize><nrows>2970</nrows><ncols>4451</ncols></imagesize><object><name>m4_s09_138_p_nic093</name><deleted>0</deleted><verified>0</verified><occluded>no</occluded><attributes></attributes><parts><hasparts></hasparts><ispartof></ispartof></parts><date>23-10-20 14:45:36:616</date><id>0</id><type>bounding_box</type><polygon><username>anonymous</username><pt><x>1485</x><y>1596</y><time>23-10-20 14:45:32:878</time></pt><pt><x>4180</x><y>1596</y><time>23-10-20 14:45:34:312</time></pt><pt><x>4180</x><y>2738</y><time>undefined</time></pt><pt><x>1485</x><y>2738</y><time>undefined</time></pt><closed_date>23-10-20 14:45:34:312</closed_date></polygon></object></annotation>