<annotation><filename>m1_s06_144_p_nic014.jpg</filename><folder>users/joselusava//jacob_2/144nic</folder><source><submittedBy>Jose Saca</submittedBy></source><imagesize><nrows>2736</nrows><ncols>4100</ncols></imagesize><object><name>m1_s06_144_p_nic014</name><deleted>0</deleted><verified>0</verified><occluded>no</occluded><attributes></attributes><parts><hasparts>0</hasparts><ispartof>0</ispartof></parts><date>08-09-20 01:55:22:809</date><id>0</id><type>bounding_box</type><polygon><username>anonymous</username><pt><x>172</x><y>2578</y><time>08-09-20 01:55:18:098</time></pt><pt><x>1940</x><y>2578</y><time>08-09-20 01:55:22:069</time></pt><pt><x>1940</x><y>1129</y><time>undefined</time></pt><pt><x>172</x><y>1129</y><time>undefined</time></pt><closed_date>08-09-20 01:55:22:069</closed_date></polygon></object></annotation>