<annotation><filename>m2_s01_058_p_ic094.jpg</filename><folder>users/joselusava//m2_jsv/58/ic</folder><source><submittedBy>Jose Saca</submittedBy></source><imagesize><nrows>2850</nrows><ncols>4271</ncols></imagesize><object><name>m2_s01_058_p_ic094</name><deleted>0</deleted><verified>0</verified><occluded>no</occluded><attributes></attributes><parts><hasparts></hasparts><ispartof></ispartof></parts><date>29-09-20 21:02:00:309</date><id>0</id><type>bounding_box</type><polygon><username>anonymous</username><pt><x>3623</x><y>239</y><time>29-09-20 21:01:58:491</time></pt><pt><x>332</x><y>239</y><time>29-09-20 21:01:59:601</time></pt><pt><x>332</x><y>2677</y><time>undefined</time></pt><pt><x>3623</x><y>2677</y><time>undefined</time></pt><closed_date>29-09-20 21:01:59:601</closed_date></polygon></object></annotation>