<annotation><filename>m2_s06_244_p_nic001.jpg</filename><folder>users/joselusava//museos2020</folder><source><submittedBy>Jose Saca</submittedBy></source><imagesize><nrows>2910</nrows><ncols>4361</ncols></imagesize><object><name>m2_s06_244_p_nic001</name><deleted>0</deleted><verified>0</verified><occluded>no</occluded><attributes></attributes><parts><hasparts></hasparts><ispartof></ispartof></parts><date>24-09-20 19:46:40:471</date><id>0</id><type>bounding_box</type><polygon><username>anonymous</username><pt><x>2042</x><y>1649</y><time>24-09-20 19:46:07:765</time></pt><pt><x>3812</x><y>1649</y><time>24-09-20 19:46:10:367</time></pt><pt><x>3812</x><y>2461</y><time>undefined</time></pt><pt><x>2042</x><y>2461</y><time>undefined</time></pt><closed_date>24-09-20 19:46:10:367</closed_date></polygon></object></annotation>