<annotation><filename>m2_s01_001_p_ic074.jpg</filename><folder>users/joselusava//santiago</folder><source><submittedBy>Jose Saca</submittedBy></source><imagesize><nrows>2850</nrows><ncols>4271</ncols></imagesize><object><name>m2_s01_001_p_ic074</name><deleted>0</deleted><verified>0</verified><occluded>no</occluded><attributes></attributes><parts><hasparts></hasparts><ispartof></ispartof></parts><date>19-09-20 09:22:11:998</date><id>0</id><type>bounding_box</type><polygon><username>anonymous</username><pt><x>904</x><y>481</y><time>19-09-20 09:22:00:578</time></pt><pt><x>3203</x><y>481</y><time>19-09-20 09:22:04:454</time></pt><pt><x>3203</x><y>2430</y><time>undefined</time></pt><pt><x>904</x><y>2430</y><time>undefined</time></pt><closed_date>19-09-20 09:22:04:454</closed_date></polygon></object></annotation>