<annotation><filename>m1_s02_052_p_ic054.jpg</filename><folder>users/joselusava//valeria/sala2_052_ic</folder><source><submittedBy>Jose Saca</submittedBy></source><imagesize><nrows>3200</nrows><ncols>4800</ncols></imagesize><object><name>m1_s02_052_p_ic054</name><deleted>0</deleted><verified>0</verified><occluded>no</occluded><attributes></attributes><parts><hasparts></hasparts><ispartof></ispartof></parts><date>25-08-20 18:38:46:895</date><id>0</id><type>bounding_box</type><polygon><username>anonymous</username><pt><x>489</x><y>16</y><time>25-08-20 18:38:40:758</time></pt><pt><x>4569</x><y>16</y><time>25-08-20 18:38:43:091</time></pt><pt><x>4569</x><y>3066</y><time>undefined</time></pt><pt><x>489</x><y>3066</y><time>undefined</time></pt><closed_date>25-08-20 18:38:43:092</closed_date></polygon></object></annotation>