<annotation><filename>m2_s06_250_p_ic059.jpg</filename><folder>users/joselusava//valeria/m2_sala06_250_ic</folder><source><submittedBy>Jose Saca</submittedBy></source><imagesize><nrows>2910</nrows><ncols>4361</ncols></imagesize><object><name>m2_s06_250_p_ic059</name><deleted>0</deleted><verified>0</verified><occluded>no</occluded><attributes></attributes><parts><hasparts></hasparts><ispartof></ispartof></parts><date>30-09-20 23:47:04:543</date><id>0</id><type>bounding_box</type><polygon><username>anonymous</username><pt><x>4084</x><y>2078</y><time>30-09-20 23:46:58:570</time></pt><pt><x>375</x><y>2078</y><time>30-09-20 23:47:00:708</time></pt><pt><x>375</x><y>865</y><time>undefined</time></pt><pt><x>4084</x><y>865</y><time>undefined</time></pt><closed_date>30-09-20 23:47:00:710</closed_date></polygon></object></annotation>