<annotation><filename>m3_s01_002_p_ic045.jpg</filename><folder>users/joselusava//santiago_3</folder><source><submittedBy>Jose Saca</submittedBy></source><imagesize><nrows>2970</nrows><ncols>4451</ncols></imagesize><object><name>m3_s01_002_p_ic045</name><deleted>0</deleted><verified>0</verified><occluded>no</occluded><attributes></attributes><parts><hasparts></hasparts><ispartof></ispartof></parts><date>28-10-20 19:02:01:696</date><id>0</id><type>bounding_box</type><polygon><username>anonymous</username><pt><x>925</x><y>343</y><time>28-10-20 19:01:58:652</time></pt><pt><x>3548</x><y>343</y><time>28-10-20 19:01:59:957</time></pt><pt><x>3548</x><y>2267</y><time>undefined</time></pt><pt><x>925</x><y>2267</y><time>undefined</time></pt><closed_date>28-10-20 19:01:59:958</closed_date></polygon></object></annotation>