<annotation><filename>m2_s01_001_p_ic055.jpg</filename><folder>users/joselusava//santiago</folder><source><submittedBy>Jose Saca</submittedBy></source><imagesize><nrows>2850</nrows><ncols>4271</ncols></imagesize><object><name>m2_s01_001_p_ic055</name><deleted>0</deleted><verified>0</verified><occluded>no</occluded><attributes></attributes><parts><hasparts></hasparts><ispartof></ispartof></parts><date>19-09-20 08:53:25:254</date><id>0</id><type>bounding_box</type><polygon><username>anonymous</username><pt><x>939</x><y>173</y><time>19-09-20 08:53:13:379</time></pt><pt><x>3135</x><y>173</y><time>19-09-20 08:53:16:934</time></pt><pt><x>3135</x><y>2600</y><time>undefined</time></pt><pt><x>939</x><y>2600</y><time>undefined</time></pt><closed_date>19-09-20 08:53:16:934</closed_date></polygon></object></annotation>