<annotation><filename>m2_s07_264_p_nic017.jpg</filename><folder>users/joselusava//valeria/sala7_264_nic</folder><source><submittedBy>Jose Saca</submittedBy></source><imagesize><nrows>2910</nrows><ncols>4361</ncols></imagesize><object><name>m2_s07_264_p_nic017</name><deleted>0</deleted><verified>0</verified><occluded>no</occluded><attributes></attributes><parts><hasparts></hasparts><ispartof></ispartof></parts><date>23-09-20 19:37:52:740</date><id>0</id><type>bounding_box</type><polygon><username>anonymous</username><pt><x>2805</x><y>1918</y><time>23-09-20 19:37:47:212</time></pt><pt><x>4145</x><y>1918</y><time>23-09-20 19:37:49:591</time></pt><pt><x>4145</x><y>149</y><time>undefined</time></pt><pt><x>2805</x><y>149</y><time>undefined</time></pt><closed_date>23-09-20 19:37:49:592</closed_date></polygon></object></annotation>