<annotation><filename>m4_s07_105_p_ic084.jpg</filename><folder>users/joselusava//kath/m4_105</folder><source><submittedBy>Jose Saca</submittedBy></source><imagesize><nrows>2970</nrows><ncols>4451</ncols></imagesize><object><name>m4_s07_105_p_ic084</name><deleted>0</deleted><verified>0</verified><occluded>no</occluded><attributes></attributes><parts><hasparts></hasparts><ispartof></ispartof></parts><date>29-10-20 09:05:24:883</date><id>0</id><type>bounding_box</type><polygon><username>anonymous</username><pt><x>1759</x><y>2557</y><time>29-10-20 09:05:20:051</time></pt><pt><x>2845</x><y>2557</y><time>29-10-20 09:05:22:290</time></pt><pt><x>2845</x><y>336</y><time>undefined</time></pt><pt><x>1759</x><y>336</y><time>undefined</time></pt><closed_date>29-10-20 09:05:22:290</closed_date></polygon></object></annotation>