<annotation><filename>m2_s03_201_p_nic067.jpg</filename><folder>users/joselusava//valeria/m2_sala03_201_nic</folder><source><submittedBy>Jose Saca</submittedBy></source><imagesize><nrows>2910</nrows><ncols>4361</ncols></imagesize><object><name>m2_s03_201_p_nic067</name><deleted>0</deleted><verified>0</verified><occluded>no</occluded><attributes></attributes><parts><hasparts></hasparts><ispartof></ispartof></parts><date>29-09-20 23:44:11:253</date><id>0</id><type>bounding_box</type><polygon><username>anonymous</username><pt><x>2601</x><y>2855</y><time>29-09-20 23:44:03:942</time></pt><pt><x>887</x><y>2855</y><time>29-09-20 23:44:06:952</time></pt><pt><x>887</x><y>650</y><time>undefined</time></pt><pt><x>2601</x><y>650</y><time>undefined</time></pt><closed_date>29-09-20 23:44:06:953</closed_date></polygon></object></annotation>