<annotation><filename>m1_s01_021_p_nic064.jpg</filename><folder>users/joselusava//santiago</folder><source><submittedBy>Jose Saca</submittedBy></source><imagesize><nrows>3200</nrows><ncols>4800</ncols></imagesize><object><name>m1_s01_021_p_nic064</name><deleted>0</deleted><verified>0</verified><occluded>no</occluded><attributes></attributes><parts><hasparts></hasparts><ispartof></ispartof></parts><date>16-09-20 18:17:53:317</date><id>0</id><type>bounding_box</type><polygon><username>anonymous</username><pt><x>533</x><y>1741</y><time>16-09-20 18:17:45:367</time></pt><pt><x>1036</x><y>1741</y><time>16-09-20 18:17:46:489</time></pt><pt><x>1036</x><y>2370</y><time>undefined</time></pt><pt><x>533</x><y>2370</y><time>undefined</time></pt><closed_date>16-09-20 18:17:46:490</closed_date></polygon></object></annotation>