<annotation><filename>m1_s01_004_p_nic098.jpg</filename><folder>users/joselusava//valeria_apoyo/sala01_004_nic</folder><source><submittedBy>Jose Saca</submittedBy></source><imagesize><nrows>3200</nrows><ncols>4800</ncols></imagesize><object><name>m1_s01_004_p_nic098</name><deleted>0</deleted><verified>0</verified><occluded>no</occluded><attributes></attributes><parts><hasparts></hasparts><ispartof></ispartof></parts><date>17-09-20 20:44:26:481</date><id>0</id><type>bounding_box</type><polygon><username>anonymous</username><pt><x>1024</x><y>1261</y><time>17-09-20 20:44:20:153</time></pt><pt><x>4067</x><y>1261</y><time>17-09-20 20:44:22:989</time></pt><pt><x>4067</x><y>461</y><time>undefined</time></pt><pt><x>1024</x><y>461</y><time>undefined</time></pt><closed_date>17-09-20 20:44:22:990</closed_date></polygon></object></annotation>