<annotation><filename>m2_s01_001_p_ic058.jpg</filename><folder>users/joselusava//santiago</folder><source><submittedBy>Jose Saca</submittedBy></source><imagesize><nrows>2850</nrows><ncols>4271</ncols></imagesize><object><name>m2_s01_001_p_ic058</name><deleted>0</deleted><verified>0</verified><occluded>no</occluded><attributes></attributes><parts><hasparts></hasparts><ispartof></ispartof></parts><date>19-09-20 08:57:04:248</date><id>0</id><type>bounding_box</type><polygon><username>anonymous</username><pt><x>817</x><y>131</y><time>19-09-20 08:56:54:402</time></pt><pt><x>3466</x><y>131</y><time>19-09-20 08:56:57:127</time></pt><pt><x>3466</x><y>2709</y><time>undefined</time></pt><pt><x>817</x><y>2709</y><time>undefined</time></pt><closed_date>19-09-20 08:56:57:128</closed_date></polygon></object></annotation>