<annotation><filename>m1_s02_036_p_nic033.jpg</filename><folder>users/joselusava//valeria/sala2_036_nic</folder><source><submittedBy>Jose Saca</submittedBy></source><imagesize><nrows>3200</nrows><ncols>4800</ncols></imagesize><object><name>m1_s02_036_p_nic033</name><deleted>0</deleted><verified>0</verified><occluded>no</occluded><attributes></attributes><parts><hasparts></hasparts><ispartof></ispartof></parts><date>26-08-20 23:21:38:251</date><id>0</id><type>bounding_box</type><polygon><username>anonymous</username><pt><x>2352</x><y>1917</y><time>26-08-20 23:21:31:460</time></pt><pt><x>3646</x><y>1917</y><time>26-08-20 23:21:33:704</time></pt><pt><x>3646</x><y>3044</y><time>undefined</time></pt><pt><x>2352</x><y>3044</y><time>undefined</time></pt><closed_date>26-08-20 23:21:33:704</closed_date></polygon></object></annotation>