<annotation><filename>m2_s01_024_p_ic060.jpg</filename><folder>users/joselusava//santiago</folder><source><submittedBy>Jose Saca</submittedBy></source><imagesize><nrows>2850</nrows><ncols>4271</ncols></imagesize><object><name>m2_s01_024_p_ic061</name><deleted>0</deleted><verified>0</verified><occluded>no</occluded><attributes></attributes><parts><hasparts></hasparts><ispartof></ispartof></parts><date>24-09-20 22:27:14:356</date><id>0</id><type>bounding_box</type><polygon><username>anonymous</username><pt><x>1263</x><y>74</y><time>24-09-20 22:27:04:121</time></pt><pt><x>2792</x><y>74</y><time>24-09-20 22:27:07:225</time></pt><pt><x>2792</x><y>2799</y><time>undefined</time></pt><pt><x>1263</x><y>2799</y><time>undefined</time></pt><closed_date>24-09-20 22:27:07:227</closed_date></polygon></object></annotation>