<annotation><filename>img_m1_s03-04_101_p_ic084.jpg</filename><folder>users/joselusava//valeria/sala3y4_101_ic</folder><source><submittedBy>Jose Saca</submittedBy></source><imagesize><nrows>3200</nrows><ncols>4800</ncols></imagesize><object><name>m1_s03_s04_101_p_ic084</name><deleted>0</deleted><verified>0</verified><occluded>no</occluded><attributes></attributes><parts><hasparts></hasparts><ispartof></ispartof></parts><date>29-08-20 01:49:00:739</date><id>0</id><type>bounding_box</type><polygon><username>anonymous</username><pt><x>261</x><y>2921</y><time>29-08-20 01:48:53:987</time></pt><pt><x>4533</x><y>2921</y><time>29-08-20 01:48:57:057</time></pt><pt><x>4533</x><y>594</y><time>undefined</time></pt><pt><x>261</x><y>594</y><time>undefined</time></pt><closed_date>29-08-20 01:48:57:058</closed_date></polygon></object></annotation>