<annotation><filename>m2_s01_032_p_ic092.jpg</filename><folder>users/joselusava//santiago_2</folder><source><submittedBy>Jose Saca</submittedBy></source><imagesize><nrows>2850</nrows><ncols>4271</ncols></imagesize><object><name>m2_s01_032_p_ic092</name><deleted>0</deleted><verified>0</verified><occluded>no</occluded><attributes></attributes><parts><hasparts></hasparts><ispartof></ispartof></parts><date>30-09-20 17:24:01:172</date><id>0</id><type>bounding_box</type><polygon><username>anonymous</username><pt><x>1119</x><y>151</y><time>30-09-20 17:23:57:408</time></pt><pt><x>2888</x><y>151</y><time>30-09-20 17:23:59:420</time></pt><pt><x>2888</x><y>2648</y><time>undefined</time></pt><pt><x>1119</x><y>2648</y><time>undefined</time></pt><closed_date>30-09-20 17:23:59:421</closed_date></polygon></object></annotation>