<annotation><filename>m3_s01_018_p_nic009.jpg</filename><folder>users/joselusava//m4_js/18/nic</folder><source><submittedBy>Jose Saca</submittedBy></source><imagesize><nrows>2970</nrows><ncols>4451</ncols></imagesize><object><name>m3_s01_018_p_nic009</name><deleted>0</deleted><verified>0</verified><occluded>no</occluded><attributes></attributes><parts><hasparts></hasparts><ispartof></ispartof></parts><date>05-11-20 14:49:33:250</date><id>0</id><type>bounding_box</type><polygon><username>anonymous</username><pt><x>4440</x><y>2315</y><time>05-11-20 14:49:31:413</time></pt><pt><x>1263</x><y>2315</y><time>05-11-20 14:49:32:575</time></pt><pt><x>1263</x><y>21</y><time>undefined</time></pt><pt><x>4440</x><y>21</y><time>undefined</time></pt><closed_date>05-11-20 14:49:32:575</closed_date></polygon></object></annotation>