<annotation><filename>m2_s02_085_p_nic086.jpg</filename><folder>users/joselusava//m2_jsv/85/nic</folder><source><submittedBy>Jose Saca</submittedBy></source><imagesize><nrows>2910</nrows><ncols>4361</ncols></imagesize><object><name>m2_s02_085_p_nic086</name><deleted>0</deleted><verified>0</verified><occluded>no</occluded><attributes></attributes><parts><hasparts></hasparts><ispartof></ispartof></parts><date>19-09-20 22:59:54:413</date><id>0</id><type>bounding_box</type><polygon><username>anonymous</username><pt><x>2725</x><y>897</y><time>19-09-20 22:59:52:438</time></pt><pt><x>2011</x><y>897</y><time>19-09-20 22:59:53:589</time></pt><pt><x>2011</x><y>87</y><time>undefined</time></pt><pt><x>2725</x><y>87</y><time>undefined</time></pt><closed_date>19-09-20 22:59:53:589</closed_date></polygon></object></annotation>