<annotation><filename>m2_s03_252_p_nic065.jpg</filename><folder>users/joselusava//valeria/m2_sala03_252_nic</folder><source><submittedBy>Jose Saca</submittedBy></source><imagesize><nrows>2910</nrows><ncols>4361</ncols></imagesize><object><name>m2_s06_252_p_nic065</name><deleted>0</deleted><verified>0</verified><occluded>no</occluded><attributes></attributes><parts><hasparts></hasparts><ispartof></ispartof></parts><date>26-09-20 22:05:28:402</date><id>0</id><type>bounding_box</type><polygon><username>anonymous</username><pt><x>209</x><y>298</y><time>26-09-20 22:05:23:609</time></pt><pt><x>1990</x><y>298</y><time>26-09-20 22:05:25:295</time></pt><pt><x>1990</x><y>1372</y><time>undefined</time></pt><pt><x>209</x><y>1372</y><time>undefined</time></pt><closed_date>26-09-20 22:05:25:296</closed_date></polygon></object></annotation>