<annotation><filename>m1_s06_186_p_nic029.jpg</filename><folder>users/joselusava//jacob_2/186nic</folder><source><submittedBy>Jose Saca</submittedBy></source><imagesize><nrows>2736</nrows><ncols>4100</ncols></imagesize><object><name>m1_s06_186_p_nic029</name><deleted>0</deleted><verified>0</verified><occluded>no</occluded><attributes></attributes><parts><hasparts></hasparts><ispartof></ispartof></parts><date>09-09-20 23:12:05:971</date><id>0</id><type>bounding_box</type><polygon><username>anonymous</username><pt><x>1694</x><y>2611</y><time>09-09-20 23:12:03:745</time></pt><pt><x>3159</x><y>2611</y><time>09-09-20 23:12:05:280</time></pt><pt><x>3159</x><y>900</y><time>undefined</time></pt><pt><x>1694</x><y>900</y><time>undefined</time></pt><closed_date>09-09-20 23:12:05:281</closed_date></polygon></object></annotation>