<annotation><filename>m2_s01_032_p_ic042.jpg</filename><folder>users/joselusava//santiago_2</folder><source><submittedBy>Jose Saca</submittedBy></source><imagesize><nrows>2850</nrows><ncols>4271</ncols></imagesize><object><name>m2_s01_032_p_ic042</name><deleted>0</deleted><verified>0</verified><occluded>no</occluded><attributes></attributes><parts><hasparts></hasparts><ispartof></ispartof></parts><date>30-09-20 15:19:01:341</date><id>0</id><type>bounding_box</type><polygon><username>anonymous</username><pt><x>1295</x><y>250</y><time>30-09-20 15:18:51:582</time></pt><pt><x>2754</x><y>250</y><time>30-09-20 15:18:53:157</time></pt><pt><x>2754</x><y>2286</y><time>undefined</time></pt><pt><x>1295</x><y>2286</y><time>undefined</time></pt><closed_date>30-09-20 15:18:53:159</closed_date></polygon></object></annotation>