<annotation><filename>m2_s06_250_p_ic028.jpg</filename><folder>users/joselusava//valeria/m2_sala06_250_ic</folder><source><submittedBy>Jose Saca</submittedBy></source><imagesize><nrows>2910</nrows><ncols>4361</ncols></imagesize><object><name>m2_s06_250_p_ic028</name><deleted>0</deleted><verified>0</verified><occluded>no</occluded><attributes></attributes><parts><hasparts></hasparts><ispartof></ispartof></parts><date>30-09-20 22:25:55:347</date><id>0</id><type>bounding_box</type><polygon><username>anonymous</username><pt><x>4238</x><y>2348</y><time>30-09-20 22:25:49:768</time></pt><pt><x>413</x><y>2348</y><time>30-09-20 22:25:52:206</time></pt><pt><x>413</x><y>700</y><time>undefined</time></pt><pt><x>4238</x><y>700</y><time>undefined</time></pt><closed_date>30-09-20 22:25:52:207</closed_date></polygon></object></annotation>