<annotation><filename>m2_s01_010_p_nic098.jpg</filename><folder>users/joselusava//santiago</folder><source><submittedBy>Jose Saca</submittedBy></source><imagesize><nrows>2850</nrows><ncols>4271</ncols></imagesize><object><name>m2_s01_010_p_nic098</name><deleted>0</deleted><verified>0</verified><occluded>no</occluded><attributes></attributes><parts><hasparts></hasparts><ispartof></ispartof></parts><date>22-09-20 22:02:39:351</date><id>0</id><type>bounding_box</type><polygon><username>anonymous</username><pt><x>1430</x><y>1465</y><time>22-09-20 22:02:32:153</time></pt><pt><x>2501</x><y>1465</y><time>22-09-20 22:02:33:468</time></pt><pt><x>2501</x><y>2545</y><time>undefined</time></pt><pt><x>1430</x><y>2545</y><time>undefined</time></pt><closed_date>22-09-20 22:02:33:468</closed_date></polygon></object></annotation>