<annotation><filename>m4_s05_052_p_ic004.jpg</filename><folder>users/joselusava//santiago_2</folder><source><submittedBy>Jose Saca</submittedBy></source><imagesize><nrows>2910</nrows><ncols>4361</ncols></imagesize><object><name>m4_s05_052_p_ic004</name><deleted>0</deleted><verified>0</verified><occluded>no</occluded><attributes></attributes><parts><hasparts></hasparts><ispartof></ispartof></parts><date>07-10-20 16:17:20:689</date><id>0</id><type>bounding_box</type><polygon><username>anonymous</username><pt><x>1313</x><y>495</y><time>07-10-20 16:17:14:966</time></pt><pt><x>3191</x><y>495</y><time>07-10-20 16:17:18:349</time></pt><pt><x>3191</x><y>2633</y><time>undefined</time></pt><pt><x>1313</x><y>2633</y><time>undefined</time></pt><closed_date>07-10-20 16:17:18:351</closed_date></polygon></object></annotation>