<annotation><filename>m2_s03_201_p_nic061.jpg</filename><folder>users/joselusava//valeria/m2_sala03_201_nic</folder><source><submittedBy>Jose Saca</submittedBy></source><imagesize><nrows>2910</nrows><ncols>4361</ncols></imagesize><object><name>m2_s03_201_p_nic061</name><deleted>0</deleted><verified>0</verified><occluded>no</occluded><attributes></attributes><parts><hasparts></hasparts><ispartof></ispartof></parts><date>29-09-20 23:35:58:735</date><id>0</id><type>bounding_box</type><polygon><username>anonymous</username><pt><x>430</x><y>1968</y><time>29-09-20 23:35:52:749</time></pt><pt><x>2381</x><y>1968</y><time>29-09-20 23:35:55:644</time></pt><pt><x>2381</x><y>17</y><time>undefined</time></pt><pt><x>430</x><y>17</y><time>undefined</time></pt><closed_date>29-09-20 23:35:55:645</closed_date></polygon></object></annotation>