<annotation><filename>m2_s02_190_p_ic084.jpg</filename><folder>users/joselusava//m2_jsv/190/ic</folder><source><submittedBy>Jose Saca</submittedBy></source><imagesize><nrows>2910</nrows><ncols>4361</ncols></imagesize><object><name>m2_s02_190_p_ic084</name><deleted>0</deleted><verified>0</verified><occluded>no</occluded><attributes></attributes><parts><hasparts></hasparts><ispartof></ispartof></parts><date>21-09-20 14:43:10:311</date><id>0</id><type>bounding_box</type><polygon><username>anonymous</username><pt><x>3069</x><y>2627</y><time>21-09-20 14:43:07:623</time></pt><pt><x>1309</x><y>2627</y><time>21-09-20 14:43:09:474</time></pt><pt><x>1309</x><y>217</y><time>undefined</time></pt><pt><x>3069</x><y>217</y><time>undefined</time></pt><closed_date>21-09-20 14:43:09:475</closed_date></polygon></object></annotation>