<annotation><filename>m1_s06_176_x.jpg</filename><folder>users/joselusava//jacob_2/sala6</folder><source><submittedBy>Jose Saca</submittedBy></source><imagesize><nrows>2736</nrows><ncols>4100</ncols></imagesize><object><name>m1_s06_176_x</name><deleted>0</deleted><verified>0</verified><occluded>no</occluded><attributes></attributes><parts><hasparts></hasparts><ispartof></ispartof></parts><date>06-09-20 01:49:50:382</date><id>0</id><type>bounding_box</type><polygon><username>anonymous</username><pt><x>1182</x><y>2462</y><time>06-09-20 01:49:47:285</time></pt><pt><x>3097</x><y>2462</y><time>06-09-20 01:49:49:637</time></pt><pt><x>3097</x><y>179</y><time>undefined</time></pt><pt><x>1182</x><y>179</y><time>undefined</time></pt><closed_date>06-09-20 01:49:49:637</closed_date></polygon></object></annotation>