<annotation><filename>m4_s04_047_p_ic060.jpg</filename><folder>users/joselusava//kath/kath_m4_047</folder><source><submittedBy>Jose Saca</submittedBy></source><imagesize><nrows>2970</nrows><ncols>4451</ncols></imagesize><object><name>m4_s04_047_p_ic060</name><deleted>0</deleted><verified>0</verified><occluded>no</occluded><attributes></attributes><parts><hasparts></hasparts><ispartof></ispartof></parts><date>24-10-20 14:19:27:025</date><id>0</id><type>bounding_box</type><polygon><username>anonymous</username><pt><x>1463</x><y>2866</y><time>24-10-20 14:19:17:161</time></pt><pt><x>2636</x><y>2866</y><time>24-10-20 14:19:24:000</time></pt><pt><x>2636</x><y>386</y><time>undefined</time></pt><pt><x>1463</x><y>386</y><time>undefined</time></pt><closed_date>24-10-20 14:19:24:001</closed_date></polygon></object></annotation>