<annotation><filename>m1_s01_001_p_ic028.jpg</filename><folder>users/joselusava//juancarlos</folder><source><submittedBy>Jose Saca</submittedBy></source><imagesize><nrows>2000</nrows><ncols>2992</ncols></imagesize><object><name>m1_s01_001_p_ic029</name><deleted>1</deleted><verified>0</verified><occluded>no</occluded><attributes></attributes><parts><hasparts></hasparts><ispartof></ispartof></parts><date>26-08-20 20:13:45:459</date><id>0</id><type>bounding_box</type><polygon><username>anonymous</username><pt><x>928</x><y>830</y><time>26-08-20 20:13:23:393</time></pt><pt><x>2015</x><y>830</y><time>26-08-20 20:13:28:727</time></pt><pt><x>2015</x><y>1697</y><time>undefined</time></pt><pt><x>928</x><y>1697</y><time>undefined</time></pt><closed_date>26-08-20 20:13:28:728</closed_date></polygon></object><object><name>m1_s01_001_p_ic028</name><deleted>0</deleted><verified>0</verified><occluded>no</occluded><attributes></attributes><parts><hasparts></hasparts><ispartof></ispartof></parts><date>26-08-20 20:15:11:777</date><id>1</id><type>bounding_box</type><polygon><username>anonymous</username><pt><x>909</x><y>864</y><time>26-08-20 20:14:56:303</time></pt><pt><x>2068</x><y>864</y><time>26-08-20 20:15:02:824</time></pt><pt><x>2068</x><y>1644</y><time>undefined</time></pt><pt><x>909</x><y>1644</y><time>undefined</time></pt><closed_date>26-08-20 20:15:02:825</closed_date></polygon></object></annotation>