<annotation><filename>m2_s02_129_p_ic031.jpg</filename><folder>users/joselusava//m2_jsv/129/ic</folder><source><submittedBy>Jose Saca</submittedBy></source><imagesize><nrows>2910</nrows><ncols>4361</ncols></imagesize><object><name>m2_s02_129_p_ic031</name><deleted>0</deleted><verified>0</verified><occluded>no</occluded><attributes></attributes><parts><hasparts></hasparts><ispartof></ispartof></parts><date>24-09-20 15:21:52:643</date><id>0</id><type>bounding_box</type><polygon><username>anonymous</username><pt><x>2672</x><y>1889</y><time>24-09-20 15:21:50:594</time></pt><pt><x>1593</x><y>1889</y><time>24-09-20 15:21:51:871</time></pt><pt><x>1593</x><y>766</y><time>undefined</time></pt><pt><x>2672</x><y>766</y><time>undefined</time></pt><closed_date>24-09-20 15:21:51:871</closed_date></polygon></object></annotation>