<annotation><filename>m4_s12_185_p_nic077.jpg</filename><folder>users/joselusava//valeria/m04_s12_185_nic</folder><source><submittedBy>Jose Saca</submittedBy></source><imagesize><nrows>2910</nrows><ncols>4361</ncols></imagesize><object><name>m4_s12_185_p_nic077</name><deleted>0</deleted><verified>0</verified><occluded>no</occluded><attributes></attributes><parts><hasparts></hasparts><ispartof></ispartof></parts><date>17-10-20 23:47:16:461</date><id>0</id><type>bounding_box</type><polygon><username>anonymous</username><pt><x>4208</x><y>2479</y><time>17-10-20 23:47:10:405</time></pt><pt><x>1410</x><y>2479</y><time>17-10-20 23:47:13:134</time></pt><pt><x>1410</x><y>173</y><time>undefined</time></pt><pt><x>4208</x><y>173</y><time>undefined</time></pt><closed_date>17-10-20 23:47:13:134</closed_date></polygon></object></annotation>