<annotation><filename>m4_s04_039_p_nic077.jpg</filename><folder>users/joselusava//santiago_2</folder><source><submittedBy>Jose Saca</submittedBy></source><imagesize><nrows>2970</nrows><ncols>4451</ncols></imagesize><object><name>m4_s04_039_p_nic077</name><deleted>0</deleted><verified>0</verified><occluded>no</occluded><attributes></attributes><parts><hasparts></hasparts><ispartof></ispartof></parts><date>21-10-20 22:02:33:620</date><id>0</id><type>bounding_box</type><polygon><username>anonymous</username><pt><x>243</x><y>86</y><time>21-10-20 22:02:16:210</time></pt><pt><x>1242</x><y>86</y><time>21-10-20 22:02:18:023</time></pt><pt><x>1242</x><y>2899</y><time>undefined</time></pt><pt><x>243</x><y>2899</y><time>undefined</time></pt><closed_date>21-10-20 22:02:18:024</closed_date></polygon></object></annotation>