<annotation><filename>m1_s01_017_p_nic001.jpg</filename><folder>users/joselusava//santiago</folder><source><submittedBy>Jose Saca</submittedBy></source><imagesize><nrows>3200</nrows><ncols>4800</ncols></imagesize><object><name>m1_s01_017_p_nic001</name><deleted>0</deleted><verified>0</verified><occluded>no</occluded><attributes></attributes><parts><hasparts></hasparts><ispartof></ispartof></parts><date>11-09-20 18:12:22:707</date><id>0</id><type>bounding_box</type><polygon><username>anonymous</username><pt><x>3582</x><y>2311</y><time>11-09-20 18:12:12:725</time></pt><pt><x>4096</x><y>2311</y><time>11-09-20 18:12:14:909</time></pt><pt><x>4096</x><y>2664</y><time>undefined</time></pt><pt><x>3582</x><y>2664</y><time>undefined</time></pt><closed_date>11-09-20 18:12:14:910</closed_date></polygon></object></annotation>