<annotation><filename>m4_s03_025_p_nic061.jpg</filename><folder>users/joselusava//santiago_3</folder><source><submittedBy>Jose Saca</submittedBy></source><imagesize><nrows>2910</nrows><ncols>4361</ncols></imagesize><object><name>m4_s03_025_p_nic061</name><deleted>0</deleted><verified>0</verified><occluded>no</occluded><attributes></attributes><parts><hasparts></hasparts><ispartof></ispartof></parts><date>08-11-20 13:50:29:471</date><id>0</id><type>bounding_box</type><polygon><username>anonymous</username><pt><x>238</x><y>1056</y><time>08-11-20 13:50:25:611</time></pt><pt><x>3011</x><y>1056</y><time>08-11-20 13:50:27:257</time></pt><pt><x>3011</x><y>2602</y><time>undefined</time></pt><pt><x>238</x><y>2602</y><time>undefined</time></pt><closed_date>08-11-20 13:50:27:257</closed_date></polygon></object></annotation>