<annotation><filename>m4_s06_089_p_nic074.jpg</filename><folder>users/joselusava//santiago_2</folder><source><submittedBy>Jose Saca</submittedBy></source><imagesize><nrows>2970</nrows><ncols>4451</ncols></imagesize><object><name>m4_s06_089_p_nic074</name><deleted>0</deleted><verified>0</verified><occluded>no</occluded><attributes></attributes><parts><hasparts></hasparts><ispartof></ispartof></parts><date>12-10-20 22:02:54:818</date><id>0</id><type>bounding_box</type><polygon><username>anonymous</username><pt><x>564</x><y>521</y><time>12-10-20 22:02:51:142</time></pt><pt><x>1449</x><y>521</y><time>12-10-20 22:02:52:669</time></pt><pt><x>1449</x><y>2228</y><time>undefined</time></pt><pt><x>564</x><y>2228</y><time>undefined</time></pt><closed_date>12-10-20 22:02:52:670</closed_date></polygon></object></annotation>