<annotation><filename>m4_s05_055_p_ic082.jpg</filename><folder>users/joselusava//valeria/m4_s05_055_ic</folder><source><submittedBy>Jose Saca</submittedBy></source><imagesize><nrows>2910</nrows><ncols>4361</ncols></imagesize><object><name>m4_s05_055_p_ic082</name><deleted>0</deleted><verified>0</verified><occluded>no</occluded><attributes></attributes><parts><hasparts></hasparts><ispartof></ispartof></parts><date>09-10-20 14:12:57:791</date><id>0</id><type>bounding_box</type><polygon><username>anonymous</username><pt><x>2921</x><y>551</y><time>09-10-20 14:12:52:503</time></pt><pt><x>1185</x><y>551</y><time>09-10-20 14:12:54:981</time></pt><pt><x>1185</x><y>2552</y><time>undefined</time></pt><pt><x>2921</x><y>2552</y><time>undefined</time></pt><closed_date>09-10-20 14:12:54:981</closed_date></polygon></object></annotation>