<annotation><filename>m2_s02_150_x.jpg</filename><folder>users/joselusava//m2_jsv</folder><source><submittedBy>Jose Saca</submittedBy></source><imagesize><nrows>2910</nrows><ncols>4361</ncols></imagesize><object><name>m2_s02_150_x</name><deleted>0</deleted><verified>0</verified><occluded>no</occluded><attributes></attributes><parts><hasparts></hasparts><ispartof></ispartof></parts><date>19-09-20 23:43:00:606</date><id>0</id><type>bounding_box</type><polygon><username>anonymous</username><pt><x>3125</x><y>2455</y><time>19-09-20 23:42:58:503</time></pt><pt><x>1210</x><y>2455</y><time>19-09-20 23:42:59:818</time></pt><pt><x>1210</x><y>618</y><time>undefined</time></pt><pt><x>3125</x><y>618</y><time>undefined</time></pt><closed_date>19-09-20 23:42:59:818</closed_date></polygon></object></annotation>