<annotation><filename>m1_s06_186_p_ic019.jpg</filename><folder>users/joselusava//jacob_2/186ic</folder><source><submittedBy>Jose Saca</submittedBy></source><imagesize><nrows>2736</nrows><ncols>4100</ncols></imagesize><object><name>s06_186_p_ic019</name><deleted>0</deleted><verified>0</verified><occluded>no</occluded><attributes></attributes><parts><hasparts></hasparts><ispartof></ispartof></parts><date>09-09-20 11:23:51:447</date><id>0</id><type>bounding_box</type><polygon><username>anonymous</username><pt><x>925</x><y>2635</y><time>09-09-20 11:23:49:464</time></pt><pt><x>3421</x><y>2635</y><time>09-09-20 11:23:50:638</time></pt><pt><x>3421</x><y>57</y><time>undefined</time></pt><pt><x>925</x><y>57</y><time>undefined</time></pt><closed_date>09-09-20 11:23:50:639</closed_date></polygon></object></annotation>