<annotation><filename>m4_s09_138_p_ic068.jpg</filename><folder>users/joselusava//santiago_2</folder><source><submittedBy>Jose Saca</submittedBy></source><imagesize><nrows>2970</nrows><ncols>4451</ncols></imagesize><object><name>m4_s09_138_p_ic068</name><deleted>0</deleted><verified>0</verified><occluded>no</occluded><attributes></attributes><parts><hasparts></hasparts><ispartof></ispartof></parts><date>22-10-20 20:43:47:916</date><id>0</id><type>bounding_box</type><polygon><username>anonymous</username><pt><x>468</x><y>457</y><time>22-10-20 20:43:44:642</time></pt><pt><x>3795</x><y>457</y><time>22-10-20 20:43:45:870</time></pt><pt><x>3795</x><y>2642</y><time>undefined</time></pt><pt><x>468</x><y>2642</y><time>undefined</time></pt><closed_date>22-10-20 20:43:45:872</closed_date></polygon></object></annotation>