<annotation><filename>m2_s01_032_p_nic045.jpg</filename><folder>users/joselusava//santiago_2</folder><source><submittedBy>Jose Saca</submittedBy></source><imagesize><nrows>2850</nrows><ncols>4271</ncols></imagesize><object><name>m2_s01_032_p_nic045</name><deleted>0</deleted><verified>0</verified><occluded>no</occluded><attributes></attributes><parts><hasparts></hasparts><ispartof></ispartof></parts><date>30-09-20 20:45:19:090</date><id>0</id><type>bounding_box</type><polygon><username>anonymous</username><pt><x>2864</x><y>1354</y><time>30-09-20 20:45:15:646</time></pt><pt><x>3579</x><y>1354</y><time>30-09-20 20:45:17:267</time></pt><pt><x>3579</x><y>2311</y><time>undefined</time></pt><pt><x>2864</x><y>2311</y><time>undefined</time></pt><closed_date>30-09-20 20:45:17:269</closed_date></polygon></object></annotation>