<annotation><filename>m2_s03_219_p_nic097.jpg</filename><folder>users/joselusava//valeria/m2_sala03_219_nic</folder><source><submittedBy>Jose Saca</submittedBy></source><imagesize><nrows>2910</nrows><ncols>4361</ncols></imagesize><object><name>m2_s03_219_p_nic097</name><deleted>0</deleted><verified>0</verified><occluded>no</occluded><attributes></attributes><parts><hasparts></hasparts><ispartof></ispartof></parts><date>29-09-20 19:57:17:509</date><id>0</id><type>bounding_box</type><polygon><username>anonymous</username><pt><x>2337</x><y>2205</y><time>29-09-20 19:57:11:528</time></pt><pt><x>601</x><y>2205</y><time>29-09-20 19:57:14:261</time></pt><pt><x>601</x><y>557</y><time>undefined</time></pt><pt><x>2337</x><y>557</y><time>undefined</time></pt><closed_date>29-09-20 19:57:14:263</closed_date></polygon></object></annotation>