<annotation><filename>m4_s02_021_p_ic052.jpg</filename><folder>users/joselusava//santiago_2</folder><source><submittedBy>Jose Saca</submittedBy></source><imagesize><nrows>3000</nrows><ncols>4496</ncols></imagesize><object><name>m4_s02_021_p_ic052</name><deleted>0</deleted><verified>0</verified><occluded>no</occluded><attributes></attributes><parts><hasparts></hasparts><ispartof></ispartof></parts><date>04-10-20 17:08:58:919</date><id>0</id><type>bounding_box</type><polygon><username>anonymous</username><pt><x>1518</x><y>350</y><time>04-10-20 17:08:45:784</time></pt><pt><x>2764</x><y>350</y><time>04-10-20 17:08:47:433</time></pt><pt><x>2764</x><y>2471</y><time>undefined</time></pt><pt><x>1518</x><y>2471</y><time>undefined</time></pt><closed_date>04-10-20 17:08:47:434</closed_date></polygon></object></annotation>