<annotation><filename>m2_s02_085_p_nic012.jpg</filename><folder>users/joselusava//m2_jsv/85/nic</folder><source><submittedBy>Jose Saca</submittedBy></source><imagesize><nrows>2910</nrows><ncols>4361</ncols></imagesize><object><name>m2_s02_085_p_nic012</name><deleted>0</deleted><verified>0</verified><occluded>no</occluded><attributes></attributes><parts><hasparts></hasparts><ispartof></ispartof></parts><date>17-09-20 20:20:21:282</date><id>0</id><type>bounding_box</type><polygon><username>anonymous</username><pt><x>1097</x><y>183</y><time>17-09-20 20:20:19:448</time></pt><pt><x>2194</x><y>183</y><time>17-09-20 20:20:20:454</time></pt><pt><x>2194</x><y>1219</y><time>undefined</time></pt><pt><x>1097</x><y>1219</y><time>undefined</time></pt><closed_date>17-09-20 20:20:20:454</closed_date></polygon></object></annotation>