<annotation><filename>m2_s03_203_x.jpg</filename><folder>users/joselusava//juancarlos</folder><source><submittedBy>Jose Saca</submittedBy></source><imagesize><nrows>2910</nrows><ncols>4361</ncols></imagesize><object><name>m2_s03_203_x</name><deleted>0</deleted><verified>0</verified><occluded>no</occluded><attributes></attributes><parts><hasparts></hasparts><ispartof></ispartof></parts><date>30-09-20 16:01:52:882</date><id>0</id><polygon><username>anonymous</username><pt><x>1460</x><y>497</y><time>30-09-20 16:01:40:804</time></pt><pt><x>1199</x><y>2468</y><time>30-09-20 16:01:42:272</time></pt><pt><x>2989</x><y>2454</y><time>30-09-20 16:01:44:587</time></pt><pt><x>2854</x><y>274</y><time>30-09-20 16:01:45:959</time></pt><closed_date>30-09-20 16:01:46:877</closed_date></polygon></object></annotation>