<annotation><filename>m2_s03_248_p_ic012.jpg</filename><folder>users/joselusava//museos2020</folder><source><submittedBy>Jose Saca</submittedBy></source><imagesize><nrows>2910</nrows><ncols>4361</ncols></imagesize><object><name>m2_s03_248_p_ic012</name><deleted>0</deleted><verified>0</verified><occluded>no</occluded><attributes></attributes><parts><hasparts></hasparts><ispartof></ispartof></parts><date>27-09-20 07:59:09:675</date><id>0</id><polygon><username>anonymous</username><pt><x>209</x><y>590</y><time>27-09-20 07:58:57:981</time></pt><pt><x>609</x><y>2292</y><time>27-09-20 07:58:59:090</time></pt><pt><x>4342</x><y>1376</y><time>27-09-20 07:59:00:600</time></pt><pt><x>4332</x><y>632</y><time>27-09-20 07:59:01:688</time></pt><closed_date>27-09-20 07:59:02:898</closed_date></polygon></object></annotation>