<annotation><filename>m2_s01_056_p_nic053.jpg</filename><folder>users/joselusava//m2_jsv/56/nic</folder><source><submittedBy>Jose Saca</submittedBy></source><imagesize><nrows>2850</nrows><ncols>4271</ncols></imagesize><object><name>m2_s01_056_p_nic053</name><deleted>0</deleted><verified>0</verified><occluded>no</occluded><attributes></attributes><parts><hasparts></hasparts><ispartof></ispartof></parts><date>28-09-20 22:25:07:284</date><id>0</id><type>bounding_box</type><polygon><username>anonymous</username><pt><x>3821</x><y>2845</y><time>28-09-20 22:25:05:156</time></pt><pt><x>2233</x><y>2845</y><time>28-09-20 22:25:06:552</time></pt><pt><x>2233</x><y>1112</y><time>undefined</time></pt><pt><x>3821</x><y>1112</y><time>undefined</time></pt><closed_date>28-09-20 22:25:06:552</closed_date></polygon></object></annotation>