<annotation><filename>m4_s09_148_x.jpg</filename><folder>users/joselusava//kath/m4_x</folder><source><submittedBy>Jose Saca</submittedBy></source><imagesize><nrows>2970</nrows><ncols>4451</ncols></imagesize><object><name>m4_s09_148_x</name><deleted>0</deleted><verified>0</verified><occluded>no</occluded><attributes></attributes><parts><hasparts></hasparts><ispartof></ispartof></parts><date>21-10-20 11:58:02:224</date><id>0</id><polygon><username>anonymous</username><pt><x>1970</x><y>178</y><time>21-10-20 11:57:53:189</time></pt><pt><x>1365</x><y>2821</y><time>21-10-20 11:57:54:294</time></pt><pt><x>3061</x><y>2807</y><time>21-10-20 11:57:55:218</time></pt><pt><x>2581</x><y>240</y><time>21-10-20 11:57:56:193</time></pt><closed_date>21-10-20 11:57:57:127</closed_date></polygon></object></annotation>