<annotation><filename>m2_s03_201_p_ic012.jpg</filename><folder>users/joselusava//eg</folder><source><submittedBy>Jose Saca</submittedBy></source><imagesize><nrows>3000</nrows><ncols>4496</ncols></imagesize><object><name>m2_s03_219_p_ic012</name><deleted>0</deleted><verified>0</verified><occluded>no</occluded><attributes></attributes><parts><hasparts></hasparts><ispartof></ispartof></parts><date>16-09-20 12:37:38:196</date><id>0</id><type>bounding_box</type><polygon><username>anonymous</username><pt><x>916</x><y>155</y><time>16-09-20 12:37:25:075</time></pt><pt><x>3879</x><y>155</y><time>16-09-20 12:37:26:168</time></pt><pt><x>3879</x><y>2860</y><time>undefined</time></pt><pt><x>916</x><y>2860</y><time>undefined</time></pt><closed_date>16-09-20 12:37:26:170</closed_date></polygon></object></annotation>