<annotation><filename>m4_s09_138_p_nic006.jpg</filename><folder>users/joselusava//santiago_2</folder><source><submittedBy>Jose Saca</submittedBy></source><imagesize><nrows>2970</nrows><ncols>4451</ncols></imagesize><object><name>m4_s09_138_p_nic006</name><deleted>0</deleted><verified>0</verified><occluded>no</occluded><attributes></attributes><parts><hasparts></hasparts><ispartof></ispartof></parts><date>22-10-20 23:07:57:811</date><id>0</id><type>bounding_box</type><polygon><username>anonymous</username><pt><x>418</x><y>585</y><time>22-10-20 23:07:54:118</time></pt><pt><x>2781</x><y>585</y><time>22-10-20 23:07:55:344</time></pt><pt><x>2781</x><y>1824</y><time>undefined</time></pt><pt><x>418</x><y>1824</y><time>undefined</time></pt><closed_date>22-10-20 23:07:55:345</closed_date></polygon></object></annotation>