<annotation><filename>m2_s06_244_p_nic033.jpg</filename><folder>users/joselusava//museos2020</folder><source><submittedBy>Jose Saca</submittedBy></source><imagesize><nrows>2910</nrows><ncols>4361</ncols></imagesize><object><name>m2_s06_244_p_ic033</name><deleted>0</deleted><verified>0</verified><occluded>no</occluded><attributes></attributes><parts><hasparts></hasparts><ispartof></ispartof></parts><date>25-09-20 18:47:18:139</date><id>0</id><type>bounding_box</type><polygon><username>anonymous</username><pt><x>2292</x><y>1353</y><time>25-09-20 18:47:02:788</time></pt><pt><x>3923</x><y>1353</y><time>25-09-20 18:47:03:992</time></pt><pt><x>3923</x><y>2031</y><time>undefined</time></pt><pt><x>2292</x><y>2031</y><time>undefined</time></pt><closed_date>25-09-20 18:47:03:994</closed_date></polygon></object></annotation>