<annotation><filename>m4_s04_039_p_ic012.jpg</filename><folder>users/joselusava//santiago_2</folder><source><submittedBy>Jose Saca</submittedBy></source><imagesize><nrows>2970</nrows><ncols>4451</ncols></imagesize><object><name>m4_s04_039_p_ic012</name><deleted>0</deleted><verified>0</verified><occluded>no</occluded><attributes></attributes><parts><hasparts></hasparts><ispartof></ispartof></parts><date>20-10-20 13:56:11:189</date><id>0</id><type>bounding_box</type><polygon><username>anonymous</username><pt><x>1663</x><y>189</y><time>20-10-20 13:56:07:761</time></pt><pt><x>2559</x><y>189</y><time>20-10-20 13:56:09:112</time></pt><pt><x>2559</x><y>2866</y><time>undefined</time></pt><pt><x>1663</x><y>2866</y><time>undefined</time></pt><closed_date>20-10-20 13:56:09:113</closed_date></polygon></object></annotation>