<annotation><filename>m1_s02_029_p_nic018.jpg</filename><folder>users/joselusava//valeria/sala2_029_nic</folder><source><submittedBy>Jose Saca</submittedBy></source><imagesize><nrows>3200</nrows><ncols>4800</ncols></imagesize><object><name>m1_s02_029_p_nic018</name><deleted>1</deleted><verified>0</verified><occluded>no</occluded><attributes/><parts><hasparts/><ispartof/></parts><date>22-08-20 23:49:57:599</date><id>0</id><type>bounding_box</type><polygon><username>anonymous</username><pt><x>263</x><y>333</y><time>22-08-20 23:49:36:870</time></pt><pt><x>4311</x><y>333</y><time>22-08-20 23:49:45:050</time></pt><pt><x>4311</x><y>3001</y><time>undefined</time></pt><pt><x>263</x><y>3001</y><time>undefined</time></pt><closed_date>22-08-20 23:49:45:052</closed_date></polygon></object><object><name>m1_s02_029_p_nic018</name><deleted>0</deleted><verified>0</verified><occluded>no</occluded><attributes></attributes><parts><hasparts></hasparts><ispartof></ispartof></parts><date>26-08-20 18:11:05:390</date><id>1</id><type>bounding_box</type><polygon><username>anonymous</username><pt><x>1643</x><y>1766</y><time>26-08-20 18:10:52:970</time></pt><pt><x>2556</x><y>1766</y><time>26-08-20 18:10:55:572</time></pt><pt><x>2556</x><y>2996</y><time>undefined</time></pt><pt><x>1643</x><y>2996</y><time>undefined</time></pt><closed_date>26-08-20 18:10:55:574</closed_date></polygon></object></annotation>