<annotation><filename>m2_s01_018_p_nic001.jpg</filename><folder>users/joselusava//santiago_2</folder><source><submittedBy>Jose Saca</submittedBy></source><imagesize><nrows>3000</nrows><ncols>4496</ncols></imagesize><object><name>m2_s01_018_p_nic001</name><deleted>0</deleted><verified>0</verified><occluded>no</occluded><attributes></attributes><parts><hasparts></hasparts><ispartof></ispartof></parts><date>28-09-20 19:21:48:792</date><id>0</id><type>bounding_box</type><polygon><username>anonymous</username><pt><x>3236</x><y>1839</y><time>28-09-20 19:21:41:073</time></pt><pt><x>3807</x><y>1839</y><time>28-09-20 19:21:42:117</time></pt><pt><x>3807</x><y>2666</y><time>undefined</time></pt><pt><x>3236</x><y>2666</y><time>undefined</time></pt><closed_date>28-09-20 19:21:42:118</closed_date></polygon></object></annotation>