<annotation><filename>m4_s10_154_p_nic007.jpg</filename><folder>users/joselusava//valeria/m04_s10_154_nic</folder><source><submittedBy>Jose Saca</submittedBy></source><imagesize><nrows>2970</nrows><ncols>4451</ncols></imagesize><object><name>m4_s10_154_p_nic007</name><deleted>0</deleted><verified>0</verified><occluded>no</occluded><attributes></attributes><parts><hasparts></hasparts><ispartof></ispartof></parts><date>13-10-20 23:34:30:327</date><id>0</id><type>bounding_box</type><polygon><username>anonymous</username><pt><x>2542</x><y>2096</y><time>13-10-20 23:34:24:282</time></pt><pt><x>4227</x><y>2096</y><time>13-10-20 23:34:26:334</time></pt><pt><x>4227</x><y>326</y><time>undefined</time></pt><pt><x>2542</x><y>326</y><time>undefined</time></pt><closed_date>13-10-20 23:34:26:335</closed_date></polygon></object></annotation>