<annotation><filename>m1_s01_017_p_ic051.jpg</filename><folder>users/joselusava//santiago</folder><source><submittedBy>Jose Saca</submittedBy></source><imagesize><nrows>3200</nrows><ncols>4800</ncols></imagesize><object><name>m1_s01_017_p_ic051</name><deleted>0</deleted><verified>0</verified><occluded>no</occluded><attributes></attributes><parts><hasparts></hasparts><ispartof></ispartof></parts><date>10-09-20 22:26:12:031</date><id>0</id><type>bounding_box</type><polygon><username>anonymous</username><pt><x>1490</x><y>1013</y><time>10-09-20 22:26:01:754</time></pt><pt><x>3501</x><y>1013</y><time>10-09-20 22:26:05:095</time></pt><pt><x>3501</x><y>2168</y><time>undefined</time></pt><pt><x>1490</x><y>2168</y><time>undefined</time></pt><closed_date>10-09-20 22:26:05:097</closed_date></polygon></object></annotation>