<annotation><filename>m2_s01_032_p_nic093.jpg</filename><folder>users/joselusava//santiago_2</folder><source><submittedBy>Jose Saca</submittedBy></source><imagesize><nrows>2850</nrows><ncols>4271</ncols></imagesize><object><name>m2_s01_032_p_nic093</name><deleted>0</deleted><verified>0</verified><occluded>no</occluded><attributes></attributes><parts><hasparts></hasparts><ispartof></ispartof></parts><date>30-09-20 21:28:47:518</date><id>0</id><type>bounding_box</type><polygon><username>anonymous</username><pt><x>2779</x><y>159</y><time>30-09-20 21:28:44:250</time></pt><pt><x>3474</x><y>159</y><time>30-09-20 21:28:45:222</time></pt><pt><x>3474</x><y>1130</y><time>undefined</time></pt><pt><x>2779</x><y>1130</y><time>undefined</time></pt><closed_date>30-09-20 21:28:45:223</closed_date></polygon></object></annotation>