<annotation><filename>m4_s11_178_p_ic041.jpg</filename><folder>users/joselusava//santiago_2</folder><source><submittedBy>Jose Saca</submittedBy></source><imagesize><nrows>2970</nrows><ncols>4451</ncols></imagesize><object><name>m4_s11_178_p_ic041</name><deleted>0</deleted><verified>0</verified><occluded>no</occluded><attributes></attributes><parts><hasparts></hasparts><ispartof></ispartof></parts><date>15-10-20 21:40:33:582</date><id>0</id><type>bounding_box</type><polygon><username>anonymous</username><pt><x>1724</x><y>825</y><time>15-10-20 21:40:29:431</time></pt><pt><x>2674</x><y>825</y><time>15-10-20 21:40:31:645</time></pt><pt><x>2674</x><y>2103</y><time>undefined</time></pt><pt><x>1724</x><y>2103</y><time>undefined</time></pt><closed_date>15-10-20 21:40:31:647</closed_date></polygon></object></annotation>