<annotation><filename>m2_s01_032_p_nic031.jpg</filename><folder>users/joselusava//santiago_2</folder><source><submittedBy>Jose Saca</submittedBy></source><imagesize><nrows>2850</nrows><ncols>4271</ncols></imagesize><object><name>m2_s01_032_p_nic031</name><deleted>0</deleted><verified>0</verified><occluded>no</occluded><attributes></attributes><parts><hasparts></hasparts><ispartof></ispartof></parts><date>30-09-20 20:20:15:368</date><id>0</id><type>bounding_box</type><polygon><username>anonymous</username><pt><x>296</x><y>1348</y><time>30-09-20 20:19:56:120</time></pt><pt><x>1378</x><y>1348</y><time>30-09-20 20:19:59:592</time></pt><pt><x>1378</x><y>2435</y><time>undefined</time></pt><pt><x>296</x><y>2435</y><time>undefined</time></pt><closed_date>30-09-20 20:19:59:593</closed_date></polygon></object></annotation>