<annotation><filename>m2_s02_080_x.jpg</filename><folder>users/joselusava//m2_jsv</folder><source><submittedBy>Jose Saca</submittedBy></source><imagesize><nrows>2910</nrows><ncols>4361</ncols></imagesize><object><name>m2_s02_080_x</name><deleted>0</deleted><verified>0</verified><occluded>no</occluded><attributes></attributes><parts><hasparts></hasparts><ispartof></ispartof></parts><date>16-09-20 13:22:59:314</date><id>0</id><type>bounding_box</type><polygon><username>anonymous</username><pt><x>596</x><y>324</y><time>16-09-20 13:22:53:609</time></pt><pt><x>4271</x><y>324</y><time>16-09-20 13:22:57:110</time></pt><pt><x>4271</x><y>2424</y><time>undefined</time></pt><pt><x>596</x><y>2424</y><time>undefined</time></pt><closed_date>16-09-20 13:22:57:110</closed_date></polygon></object></annotation>