<annotation><filename>m2_s03_219_p_ic079.jpg</filename><folder>users/joselusava//valeria/m2_sala03_219_ic</folder><source><submittedBy>Jose Saca</submittedBy></source><imagesize><nrows>2910</nrows><ncols>4361</ncols></imagesize><object><name>m2_s03_219_p_ic079</name><deleted>0</deleted><verified>0</verified><occluded>no</occluded><attributes></attributes><parts><hasparts></hasparts><ispartof></ispartof></parts><date>29-09-20 01:10:36:287</date><id>0</id><type>bounding_box</type><polygon><username>anonymous</username><pt><x>2789</x><y>413</y><time>29-09-20 01:10:31:655</time></pt><pt><x>860</x><y>413</y><time>29-09-20 01:10:33:352</time></pt><pt><x>860</x><y>2480</y><time>undefined</time></pt><pt><x>2789</x><y>2480</y><time>undefined</time></pt><closed_date>29-09-20 01:10:33:353</closed_date></polygon></object></annotation>