<annotation><filename>m2_s01_056_p_nic065.jpg</filename><folder>users/joselusava//m2_jsv/56/nic</folder><source><submittedBy>Jose Saca</submittedBy></source><imagesize><nrows>2850</nrows><ncols>4271</ncols></imagesize><object><name>m2_s01_056_p_nic065</name><deleted>0</deleted><verified>0</verified><occluded>no</occluded><attributes></attributes><parts><hasparts></hasparts><ispartof></ispartof></parts><date>28-09-20 22:29:14:123</date><id>0</id><type>bounding_box</type><polygon><username>anonymous</username><pt><x>2632</x><y>1571</y><time>28-09-20 22:29:12:348</time></pt><pt><x>1274</x><y>1571</y><time>28-09-20 22:29:13:377</time></pt><pt><x>1274</x><y>42</y><time>undefined</time></pt><pt><x>2632</x><y>42</y><time>undefined</time></pt><closed_date>28-09-20 22:29:13:377</closed_date></polygon></object></annotation>