<annotation><filename>m2_s01_054_p_nic028.jpg</filename><folder>users/joselusava//kath</folder><source><submittedBy>Jose Saca</submittedBy></source><imagesize><nrows>2850</nrows><ncols>4271</ncols></imagesize><object><name>m2_s01_054_p_nic028</name><deleted>0</deleted><verified>0</verified><occluded>no</occluded><attributes></attributes><parts><hasparts></hasparts><ispartof></ispartof></parts><date>30-09-20 11:19:27:904</date><id>0</id><type>bounding_box</type><polygon><username>anonymous</username><pt><x>3215</x><y>309</y><time>30-09-20 11:19:21:946</time></pt><pt><x>2478</x><y>309</y><time>30-09-20 11:19:25:160</time></pt><pt><x>2478</x><y>1523</y><time>undefined</time></pt><pt><x>3215</x><y>1523</y><time>undefined</time></pt><closed_date>30-09-20 11:19:25:160</closed_date></polygon></object></annotation>