<annotation><filename>m1_s01_021_p_ic070.jpg</filename><folder>users/joselusava//santiago</folder><source><submittedBy>Jose Saca</submittedBy></source><imagesize><nrows>3200</nrows><ncols>4800</ncols></imagesize><object><name>m1_s01_021_p_ic070</name><deleted>0</deleted><verified>0</verified><occluded>no</occluded><attributes></attributes><parts><hasparts></hasparts><ispartof></ispartof></parts><date>14-09-20 23:48:34:449</date><id>0</id><type>bounding_box</type><polygon><username>anonymous</username><pt><x>1677</x><y>482</y><time>14-09-20 23:48:25:818</time></pt><pt><x>3200</x><y>482</y><time>14-09-20 23:48:28:349</time></pt><pt><x>3200</x><y>2480</y><time>undefined</time></pt><pt><x>1677</x><y>2480</y><time>undefined</time></pt><closed_date>14-09-20 23:48:28:350</closed_date></polygon></object></annotation>