<annotation><filename>m4_s07_105_p_nic018.jpg</filename><folder>users/joselusava//kath/m4_105/nic</folder><source><submittedBy>Jose Saca</submittedBy></source><imagesize><nrows>2970</nrows><ncols>4451</ncols></imagesize><object><name>m4_s07_105_p_nic018</name><deleted>0</deleted><verified>0</verified><occluded>no</occluded><attributes></attributes><parts><hasparts></hasparts><ispartof></ispartof></parts><date>29-10-20 09:31:43:424</date><id>0</id><type>bounding_box</type><polygon><username>anonymous</username><pt><x>437</x><y>1187</y><time>29-10-20 09:31:37:986</time></pt><pt><x>1225</x><y>1187</y><time>29-10-20 09:31:41:253</time></pt><pt><x>1225</x><y>2662</y><time>undefined</time></pt><pt><x>437</x><y>2662</y><time>undefined</time></pt><closed_date>29-10-20 09:31:41:254</closed_date></polygon></object></annotation>