<annotation><filename>m1_s06_168_p_ic068.jpg</filename><folder>users/joselusava//jacob_2/168ic</folder><source><submittedBy>Jose Saca</submittedBy></source><imagesize><nrows>2736</nrows><ncols>4100</ncols></imagesize><object><name>m1_s06_168_p_ic068</name><deleted>0</deleted><verified>0</verified><occluded>no</occluded><attributes></attributes><parts><hasparts></hasparts><ispartof></ispartof></parts><date>08-09-20 20:17:23:437</date><id>0</id><type>bounding_box</type><polygon><username>anonymous</username><pt><x>2701</x><y>2545</y><time>08-09-20 20:17:21:186</time></pt><pt><x>1424</x><y>2545</y><time>08-09-20 20:17:22:759</time></pt><pt><x>1424</x><y>393</y><time>undefined</time></pt><pt><x>2701</x><y>393</y><time>undefined</time></pt><closed_date>08-09-20 20:17:22:759</closed_date></polygon></object></annotation>