<annotation><filename>m3_s01_023_p_ic071.jpg</filename><folder>users/joselusava//santiago_3</folder><source><submittedBy>Jose Saca</submittedBy></source><imagesize><nrows>2970</nrows><ncols>4451</ncols></imagesize><object><name>m3_s01_023_p_ic071</name><deleted>0</deleted><verified>0</verified><occluded>no</occluded><attributes></attributes><parts><hasparts></hasparts><ispartof></ispartof></parts><date>04-11-20 20:11:14:906</date><id>0</id><type>bounding_box</type><polygon><username>anonymous</username><pt><x>1164</x><y>193</y><time>04-11-20 20:11:11:094</time></pt><pt><x>3670</x><y>193</y><time>04-11-20 20:11:12:680</time></pt><pt><x>3670</x><y>2277</y><time>undefined</time></pt><pt><x>1164</x><y>2277</y><time>undefined</time></pt><closed_date>04-11-20 20:11:12:680</closed_date></polygon></object></annotation>