<annotation><filename>m4_s12_186_p_ic026.jpg</filename><folder>users/joselusava//m4_js/186/ic</folder><source><submittedBy>Jose Saca</submittedBy></source><imagesize><nrows>3899</nrows><ncols>5844</ncols></imagesize><object><name>m4_s12_186_p_ic026</name><deleted>0</deleted><verified>0</verified><occluded>no</occluded><attributes></attributes><parts><hasparts></hasparts><ispartof></ispartof></parts><date>18-10-20 10:43:45:053</date><id>0</id><type>bounding_box</type><polygon><username>anonymous</username><pt><x>3838</x><y>3499</y><time>18-10-20 10:43:43:426</time></pt><pt><x>1936</x><y>3499</y><time>18-10-20 10:43:44:360</time></pt><pt><x>1936</x><y>327</y><time>undefined</time></pt><pt><x>3838</x><y>327</y><time>undefined</time></pt><closed_date>18-10-20 10:43:44:360</closed_date></polygon></object></annotation>