<annotation><filename>m2_s05_236_p_nic049.jpg</filename><folder>users/joselusava//museos2020</folder><source><submittedBy>Jose Saca</submittedBy></source><imagesize><nrows>2910</nrows><ncols>4361</ncols></imagesize><object><name>m2_s05_236_p_nic049</name><deleted>0</deleted><verified>0</verified><occluded>no</occluded><attributes></attributes><parts><hasparts></hasparts><ispartof></ispartof></parts><date>17-09-20 07:56:02:491</date><id>0</id><type>bounding_box</type><polygon><username>anonymous</username><pt><x>525</x><y>860</y><time>17-09-20 07:55:53:324</time></pt><pt><x>2877</x><y>860</y><time>17-09-20 07:55:55:896</time></pt><pt><x>2877</x><y>2822</y><time>undefined</time></pt><pt><x>525</x><y>2822</y><time>undefined</time></pt><closed_date>17-09-20 07:55:55:897</closed_date></polygon></object></annotation>