<annotation><filename>m4_s07_105_p_ic043.jpg</filename><folder>users/joselusava//kath/m4_105</folder><source><submittedBy>Jose Saca</submittedBy></source><imagesize><nrows>2970</nrows><ncols>4451</ncols></imagesize><object><name>m4_s07_105_p_ic043</name><deleted>0</deleted><verified>0</verified><occluded>no</occluded><attributes></attributes><parts><hasparts></hasparts><ispartof></ispartof></parts><date>29-10-20 08:16:36:097</date><id>0</id><type>bounding_box</type><polygon><username>anonymous</username><pt><x>1610</x><y>2677</y><time>29-10-20 08:16:31:056</time></pt><pt><x>2744</x><y>2677</y><time>29-10-20 08:16:32:911</time></pt><pt><x>2744</x><y>380</y><time>undefined</time></pt><pt><x>1610</x><y>380</y><time>undefined</time></pt><closed_date>29-10-20 08:16:32:911</closed_date></polygon></object></annotation>