<annotation><filename>m1_s06_141_p_nic064.jpg</filename><folder>users/joselusava//jacob_2/141nic</folder><source><submittedBy>Jose Saca</submittedBy></source><imagesize><nrows>2736</nrows><ncols>4100</ncols></imagesize><object><name>m1_s06_141_p_nic064</name><deleted>0</deleted><verified>0</verified><occluded>no</occluded><attributes></attributes><parts><hasparts></hasparts><ispartof></ispartof></parts><date>05-09-20 19:55:31:614</date><id>0</id><type>bounding_box</type><polygon><username>anonymous</username><pt><x>2502</x><y>245</y><time>05-09-20 19:55:29:039</time></pt><pt><x>3342</x><y>245</y><time>05-09-20 19:55:30:990</time></pt><pt><x>3342</x><y>1704</y><time>undefined</time></pt><pt><x>2502</x><y>1704</y><time>undefined</time></pt><closed_date>05-09-20 19:55:30:990</closed_date></polygon></object></annotation>