<annotation><filename>m3_s01_010_p_nic091.jpg</filename><folder>users/joselusava//m4_js/m3/10/nic</folder><source><submittedBy>Jose Saca</submittedBy></source><imagesize><nrows>2970</nrows><ncols>4451</ncols></imagesize><object><name>m3_s01_010_p_nic091</name><deleted>0</deleted><verified>0</verified><occluded>no</occluded><attributes></attributes><parts><hasparts></hasparts><ispartof></ispartof></parts><date>29-10-20 14:45:46:107</date><id>0</id><type>bounding_box</type><polygon><username>anonymous</username><pt><x>4451</x><y>2950</y><time>29-10-20 14:45:43:882</time></pt><pt><x>1201</x><y>2950</y><time>29-10-20 14:45:45:429</time></pt><pt><x>1201</x><y>507</y><time>undefined</time></pt><pt><x>4451</x><y>507</y><time>undefined</time></pt><closed_date>29-10-20 14:45:45:430</closed_date></polygon></object></annotation>