<annotation><filename>m2_s02_085_p_ic092.jpg</filename><folder>users/joselusava//m2_jsv/85/ic</folder><source><submittedBy>Jose Saca</submittedBy></source><imagesize><nrows>2910</nrows><ncols>4361</ncols></imagesize><object><name>m2_s02_085_p_ic092</name><deleted>0</deleted><verified>0</verified><occluded>no</occluded><attributes></attributes><parts><hasparts></hasparts><ispartof></ispartof></parts><date>17-09-20 20:10:45:155</date><id>0</id><type>bounding_box</type><polygon><username>anonymous</username><pt><x>1280</x><y>218</y><time>17-09-20 20:10:43:680</time></pt><pt><x>3099</x><y>218</y><time>17-09-20 20:10:44:628</time></pt><pt><x>3099</x><y>2376</y><time>undefined</time></pt><pt><x>1280</x><y>2376</y><time>undefined</time></pt><closed_date>17-09-20 20:10:44:628</closed_date></polygon></object></annotation>