<annotation><filename>m2_s06_248_p_nic085.jpg</filename><folder>users/joselusava//museos2020</folder><source><submittedBy>Jose Saca</submittedBy></source><imagesize><nrows>2910</nrows><ncols>4361</ncols></imagesize><object><name>m2_s06_248_p_nic085</name><deleted>0</deleted><verified>0</verified><occluded>no</occluded><attributes></attributes><parts><hasparts></hasparts><ispartof></ispartof></parts><date>27-09-20 21:34:55:943</date><id>0</id><polygon><username>anonymous</username><pt><x>1511</x><y>869</y><time>27-09-20 21:34:45:990</time></pt><pt><x>3449</x><y>567</y><time>27-09-20 21:34:47:004</time></pt><pt><x>3635</x><y>818</y><time>27-09-20 21:34:48:131</time></pt><pt><x>2059</x><y>1753</y><time>27-09-20 21:34:49:108</time></pt><closed_date>27-09-20 21:34:50:054</closed_date></polygon></object></annotation>