<annotation><filename>m3_s01_023_p_ic051.jpg</filename><folder>users/joselusava//santiago_3</folder><source><submittedBy>Jose Saca</submittedBy></source><imagesize><nrows>2970</nrows><ncols>4451</ncols></imagesize><object><name>m3_s01_023_p_ic051</name><deleted>0</deleted><verified>0</verified><occluded>no</occluded><attributes></attributes><parts><hasparts></hasparts><ispartof></ispartof></parts><date>04-11-20 19:23:39:000</date><id>0</id><type>bounding_box</type><polygon><username>anonymous</username><pt><x>582</x><y>564</y><time>04-11-20 19:23:35:991</time></pt><pt><x>3655</x><y>564</y><time>04-11-20 19:23:37:090</time></pt><pt><x>3655</x><y>2399</y><time>undefined</time></pt><pt><x>582</x><y>2399</y><time>undefined</time></pt><closed_date>04-11-20 19:23:37:090</closed_date></polygon></object></annotation>