<annotation><filename>m4_s02_021_p_nic003.jpg</filename><folder>users/joselusava//santiago_2</folder><source><submittedBy>Jose Saca</submittedBy></source><imagesize><nrows>2910</nrows><ncols>4361</ncols></imagesize><object><name>m4_s02_021_p_nic003</name><deleted>0</deleted><verified>0</verified><occluded>no</occluded><attributes></attributes><parts><hasparts></hasparts><ispartof></ispartof></parts><date>04-10-20 20:30:59:233</date><id>0</id><type>bounding_box</type><polygon><username>anonymous</username><pt><x>2657</x><y>412</y><time>04-10-20 20:30:56:275</time></pt><pt><x>3745</x><y>412</y><time>04-10-20 20:30:57:372</time></pt><pt><x>3745</x><y>2210</y><time>undefined</time></pt><pt><x>2657</x><y>2210</y><time>undefined</time></pt><closed_date>04-10-20 20:30:57:372</closed_date></polygon></object></annotation>