<annotation><filename>m1_s01_017_p_ic068.jpg</filename><folder>users/joselusava//santiago</folder><source><submittedBy>Jose Saca</submittedBy></source><imagesize><nrows>3200</nrows><ncols>4800</ncols></imagesize><object><name>m1_s01_017_p_ic068</name><deleted>0</deleted><verified>0</verified><occluded>no</occluded><attributes></attributes><parts><hasparts></hasparts><ispartof></ispartof></parts><date>10-09-20 22:47:22:540</date><id>0</id><type>bounding_box</type><polygon><username>anonymous</username><pt><x>1497</x><y>637</y><time>10-09-20 22:47:11:916</time></pt><pt><x>3322</x><y>637</y><time>10-09-20 22:47:14:162</time></pt><pt><x>3322</x><y>2178</y><time>undefined</time></pt><pt><x>1497</x><y>2178</y><time>undefined</time></pt><closed_date>10-09-20 22:47:14:163</closed_date></polygon></object></annotation>