<annotation><filename>m2_s01_034_p_nic070.jpg</filename><folder>users/joselusava//kath</folder><source><submittedBy>Jose Saca</submittedBy></source><imagesize><nrows>2850</nrows><ncols>4271</ncols></imagesize><object><name>m2_s01_034_p_nic070</name><deleted>0</deleted><verified>0</verified><occluded>no</occluded><attributes></attributes><parts><hasparts></hasparts><ispartof></ispartof></parts><date>25-09-20 20:39:10:572</date><id>0</id><polygon><username>anonymous</username><pt><x>329</x><y>795</y><time>25-09-20 20:39:02:110</time></pt><pt><x>1196</x><y>623</y><time>25-09-20 20:39:03:301</time></pt><pt><x>1418</x><y>2062</y><time>25-09-20 20:39:04:658</time></pt><pt><x>473</x><y>2170</y><time>25-09-20 20:39:05:958</time></pt><closed_date>25-09-20 20:39:07:521</closed_date></polygon></object></annotation>