<annotation><filename>m3_s01_010_p_ic100.jpg</filename><folder>users/joselusava//m4_js/m3/10/ic</folder><source><submittedBy>Jose Saca</submittedBy></source><imagesize><nrows>2970</nrows><ncols>4451</ncols></imagesize><object><name>m3_s01_010_p_ic100</name><deleted>0</deleted><verified>0</verified><occluded>no</occluded><attributes></attributes><parts><hasparts></hasparts><ispartof></ispartof></parts><date>29-10-20 13:28:52:048</date><id>0</id><type>bounding_box</type><polygon><username>anonymous</username><pt><x>618</x><y>2939</y><time>29-10-20 13:28:49:784</time></pt><pt><x>3833</x><y>2939</y><time>29-10-20 13:28:51:376</time></pt><pt><x>3833</x><y>469</y><time>undefined</time></pt><pt><x>618</x><y>469</y><time>undefined</time></pt><closed_date>29-10-20 13:28:51:377</closed_date></polygon></object></annotation>