<annotation><filename>m2_s01_010_p_nic035.jpg</filename><folder>users/joselusava//santiago</folder><source><submittedBy>Jose Saca</submittedBy></source><imagesize><nrows>2850</nrows><ncols>4271</ncols></imagesize><object><name>m2_s01_010_p_nic035</name><deleted>0</deleted><verified>0</verified><occluded>no</occluded><attributes></attributes><parts><hasparts></hasparts><ispartof></ispartof></parts><date>22-09-20 20:30:17:619</date><id>0</id><type>bounding_box</type><polygon><username>anonymous</username><pt><x>519</x><y>1638</y><time>22-09-20 20:30:10:391</time></pt><pt><x>1484</x><y>1638</y><time>22-09-20 20:30:11:700</time></pt><pt><x>1484</x><y>2501</y><time>undefined</time></pt><pt><x>519</x><y>2501</y><time>undefined</time></pt><closed_date>22-09-20 20:30:11:700</closed_date></polygon></object></annotation>