<annotation><filename>m2_s06_244_p_ic074.jpg</filename><folder>users/joselusava//museos2020</folder><source><submittedBy>Jose Saca</submittedBy></source><imagesize><nrows>2910</nrows><ncols>4361</ncols></imagesize><object><name>m2_s06_244_p_ic074</name><deleted>0</deleted><verified>0</verified><occluded>no</occluded><attributes></attributes><parts><hasparts></hasparts><ispartof></ispartof></parts><date>22-09-20 15:03:52:098</date><id>0</id><type>bounding_box</type><polygon><username>anonymous</username><pt><x>466</x><y>1197</y><time>22-09-20 15:03:40:216</time></pt><pt><x>3878</x><y>1197</y><time>22-09-20 15:03:43:285</time></pt><pt><x>3878</x><y>2365</y><time>undefined</time></pt><pt><x>466</x><y>2365</y><time>undefined</time></pt><closed_date>22-09-20 15:03:43:286</closed_date></polygon></object></annotation>