<annotation><filename>m1_s06_144_p_nic072.jpg</filename><folder>users/joselusava//jacob_2/144nic</folder><source><submittedBy>Jose Saca</submittedBy></source><imagesize><nrows>2736</nrows><ncols>4100</ncols></imagesize><object><name>m1_s06_144_p_nic072</name><deleted>0</deleted><verified>0</verified><occluded>no</occluded><attributes></attributes><parts><hasparts></hasparts><ispartof></ispartof></parts><date>08-09-20 02:25:11:485</date><id>0</id><type>bounding_box</type><polygon><username>anonymous</username><pt><x>3323</x><y>2561</y><time>08-09-20 02:25:08:606</time></pt><pt><x>1694</x><y>2561</y><time>08-09-20 02:25:10:893</time></pt><pt><x>1694</x><y>1056</y><time>undefined</time></pt><pt><x>3323</x><y>1056</y><time>undefined</time></pt><closed_date>08-09-20 02:25:10:894</closed_date></polygon></object></annotation>