<annotation><filename>m1_s01_021_p_nic087.jpg</filename><folder>users/joselusava//santiago</folder><source><submittedBy>Jose Saca</submittedBy></source><imagesize><nrows>3200</nrows><ncols>4800</ncols></imagesize><object><name>m1_s01_021_p_nic087</name><deleted>0</deleted><verified>0</verified><occluded>no</occluded><attributes></attributes><parts><hasparts></hasparts><ispartof></ispartof></parts><date>16-09-20 22:18:03:105</date><id>0</id><type>bounding_box</type><polygon><username>anonymous</username><pt><x>766</x><y>1893</y><time>16-09-20 22:17:54:688</time></pt><pt><x>1330</x><y>1893</y><time>16-09-20 22:17:55:839</time></pt><pt><x>1330</x><y>2625</y><time>undefined</time></pt><pt><x>766</x><y>2625</y><time>undefined</time></pt><closed_date>16-09-20 22:17:55:840</closed_date></polygon></object></annotation>