<annotation><filename>m4_s04_045_p_nic032.jpg</filename><folder>users/joselusava//valeria/m04_s04_45_nic</folder><source><submittedBy>Jose Saca</submittedBy></source><imagesize><nrows>2970</nrows><ncols>4451</ncols></imagesize><object><name>m4_s04_045_p_nic032</name><deleted>0</deleted><verified>0</verified><occluded>no</occluded><attributes></attributes><parts><hasparts></hasparts><ispartof></ispartof></parts><date>20-10-20 14:23:12:755</date><id>0</id><type>bounding_box</type><polygon><username>anonymous</username><pt><x>3353</x><y>2742</y><time>20-10-20 14:23:05:883</time></pt><pt><x>4215</x><y>2742</y><time>20-10-20 14:23:07:987</time></pt><pt><x>4215</x><y>1331</y><time>undefined</time></pt><pt><x>3353</x><y>1331</y><time>undefined</time></pt><closed_date>20-10-20 14:23:07:988</closed_date></polygon></object></annotation>