<annotation><filename>m2_s01_034_p_nic066.jpg</filename><folder>users/joselusava//kath</folder><source><submittedBy>Jose Saca</submittedBy></source><imagesize><nrows>2850</nrows><ncols>4271</ncols></imagesize><object><name>m2_s01_034_p_nic066</name><deleted>0</deleted><verified>0</verified><occluded>no</occluded><attributes></attributes><parts><hasparts></hasparts><ispartof></ispartof></parts><date>25-09-20 20:33:06:939</date><id>0</id><polygon><username>anonymous</username><pt><x>64</x><y>902</y><time>25-09-20 20:32:58:656</time></pt><pt><x>1067</x><y>659</y><time>25-09-20 20:32:59:948</time></pt><pt><x>1504</x><y>2155</y><time>25-09-20 20:33:01:339</time></pt><pt><x>473</x><y>2442</y><time>25-09-20 20:33:02:724</time></pt><closed_date>25-09-20 20:33:04:131</closed_date></polygon></object></annotation>