<annotation><filename>m2_s01_032_p_nic043.jpg</filename><folder>users/joselusava//santiago_2</folder><source><submittedBy>Jose Saca</submittedBy></source><imagesize><nrows>2850</nrows><ncols>4271</ncols></imagesize><object><name>m2_s01_032_p_nic043</name><deleted>0</deleted><verified>0</verified><occluded>no</occluded><attributes></attributes><parts><hasparts></hasparts><ispartof></ispartof></parts><date>30-09-20 20:44:02:261</date><id>0</id><type>bounding_box</type><polygon><username>anonymous</username><pt><x>2297</x><y>1371</y><time>30-09-20 20:43:59:621</time></pt><pt><x>3108</x><y>1371</y><time>30-09-20 20:44:00:509</time></pt><pt><x>3108</x><y>2344</y><time>undefined</time></pt><pt><x>2297</x><y>2344</y><time>undefined</time></pt><closed_date>30-09-20 20:44:00:510</closed_date></polygon></object></annotation>