<annotation><filename>m2_s06_248_p_nic084.jpg</filename><folder>users/joselusava//museos2020</folder><source><submittedBy>Jose Saca</submittedBy></source><imagesize><nrows>2910</nrows><ncols>4361</ncols></imagesize><object><name>m2_s06_248_p_nic084</name><deleted>0</deleted><verified>0</verified><occluded>no</occluded><attributes></attributes><parts><hasparts></hasparts><ispartof></ispartof></parts><date>27-09-20 21:34:20:811</date><id>0</id><polygon><username>anonymous</username><pt><x>1725</x><y>860</y><time>27-09-20 21:34:08:482</time></pt><pt><x>3631</x><y>604</y><time>27-09-20 21:34:09:800</time></pt><pt><x>3816</x><y>860</y><time>27-09-20 21:34:10:871</time></pt><pt><x>2245</x><y>1753</y><time>27-09-20 21:34:12:263</time></pt><closed_date>27-09-20 21:34:13:461</closed_date></polygon></object></annotation>