<annotation><filename>m2_s01_034_p_ic093.jpg</filename><folder>users/joselusava//kath</folder><source><submittedBy>Jose Saca</submittedBy></source><imagesize><nrows>2850</nrows><ncols>4271</ncols></imagesize><object><name>m2_s01_034_p_ic093</name><deleted>0</deleted><verified>0</verified><occluded>no</occluded><attributes></attributes><parts><hasparts></hasparts><ispartof></ispartof></parts><date>25-09-20 17:10:42:658</date><id>0</id><polygon><username>anonymous</username><pt><x>1332</x><y>222</y><time>25-09-20 17:10:32:228</time></pt><pt><x>1346</x><y>2664</y><time>25-09-20 17:10:33:910</time></pt><pt><x>2972</x><y>2320</y><time>25-09-20 17:10:35:822</time></pt><pt><x>2836</x><y>236</y><time>25-09-20 17:10:38:304</time></pt><closed_date>25-09-20 17:10:39:755</closed_date></polygon></object></annotation>