<annotation><filename>m2_s01_034_p_nic026.jpg</filename><folder>users/joselusava//kath</folder><source><submittedBy>Jose Saca</submittedBy></source><imagesize><nrows>2850</nrows><ncols>4271</ncols></imagesize><object><name>m2_s01_034_p_nic026</name><deleted>0</deleted><verified>0</verified><occluded>no</occluded><attributes></attributes><parts><hasparts></hasparts><ispartof></ispartof></parts><date>25-09-20 19:39:08:484</date><id>0</id><type>bounding_box</type><polygon><username>anonymous</username><pt><x>2299</x><y>165</y><time>25-09-20 19:39:03:470</time></pt><pt><x>3230</x><y>165</y><time>25-09-20 19:39:05:458</time></pt><pt><x>3230</x><y>1719</y><time>undefined</time></pt><pt><x>2299</x><y>1719</y><time>undefined</time></pt><closed_date>25-09-20 19:39:05:458</closed_date></polygon></object></annotation>