<annotation><filename>m2_s02_129_p_nic058.jpg</filename><folder>users/joselusava//m2_jsv/129/nic</folder><source><submittedBy>Jose Saca</submittedBy></source><imagesize><nrows>2910</nrows><ncols>4361</ncols></imagesize><object><name>m2_s02_129_p_nic058</name><deleted>0</deleted><verified>0</verified><occluded>no</occluded><attributes></attributes><parts><hasparts></hasparts><ispartof></ispartof></parts><date>25-09-20 08:06:28:174</date><id>0</id><type>bounding_box</type><polygon><username>anonymous</username><pt><x>1349</x><y>2019</y><time>25-09-20 08:06:26:111</time></pt><pt><x>313</x><y>2019</y><time>25-09-20 08:06:27:600</time></pt><pt><x>313</x><y>984</y><time>undefined</time></pt><pt><x>1349</x><y>984</y><time>undefined</time></pt><closed_date>25-09-20 08:06:27:600</closed_date></polygon></object></annotation>