<annotation><filename>m4_s11_178_p_nic026.jpg</filename><folder>users/joselusava//santiago_2</folder><source><submittedBy>Jose Saca</submittedBy></source><imagesize><nrows>2970</nrows><ncols>4451</ncols></imagesize><object><name>m4_s11_178_p_nic026</name><deleted>0</deleted><verified>0</verified><occluded>no</occluded><attributes></attributes><parts><hasparts></hasparts><ispartof></ispartof></parts><date>15-10-20 23:13:36:888</date><id>0</id><type>bounding_box</type><polygon><username>anonymous</username><pt><x>243</x><y>1203</y><time>15-10-20 23:13:33:406</time></pt><pt><x>1696</x><y>1203</y><time>15-10-20 23:13:34:952</time></pt><pt><x>1696</x><y>2649</y><time>undefined</time></pt><pt><x>243</x><y>2649</y><time>undefined</time></pt><closed_date>15-10-20 23:13:34:953</closed_date></polygon></object></annotation>