<annotation><filename>m4_s04_045_p_ic028.jpg</filename><folder>users/joselusava//valeria/m04_s04_45_ic</folder><source><submittedBy>Jose Saca</submittedBy></source><imagesize><nrows>2970</nrows><ncols>4451</ncols></imagesize><object><name>m4_s04_045_p_ic028</name><deleted>0</deleted><verified>0</verified><occluded>no</occluded><attributes></attributes><parts><hasparts></hasparts><ispartof></ispartof></parts><date>19-10-20 19:13:49:297</date><id>0</id><type>bounding_box</type><polygon><username>anonymous</username><pt><x>1805</x><y>2330</y><time>19-10-20 19:13:45:141</time></pt><pt><x>2793</x><y>2330</y><time>19-10-20 19:13:46:669</time></pt><pt><x>2793</x><y>611</y><time>undefined</time></pt><pt><x>1805</x><y>611</y><time>undefined</time></pt><closed_date>19-10-20 19:13:46:671</closed_date></polygon></object></annotation>