<annotation><filename>m4_s06_080_x.jpg</filename><folder>users/joselusava//kath/m4_x</folder><source><submittedBy>Jose Saca</submittedBy></source><imagesize><nrows>2970</nrows><ncols>4451</ncols></imagesize><object><name>m4_s06_080_x</name><deleted>0</deleted><verified>0</verified><occluded>no</occluded><attributes></attributes><parts><hasparts></hasparts><ispartof></ispartof></parts><date>20-10-20 09:44:51:741</date><id>0</id><polygon><username>anonymous</username><pt><x>803</x><y>485</y><time>20-10-20 09:44:41:111</time></pt><pt><x>260</x><y>2321</y><time>20-10-20 09:44:42:176</time></pt><pt><x>4393</x><y>2403</y><time>20-10-20 09:44:43:500</time></pt><pt><x>3648</x><y>639</y><time>20-10-20 09:44:45:533</time></pt><closed_date>20-10-20 09:44:47:072</closed_date></polygon></object></annotation>