<annotation><filename>m4_s05_055_p_nic073.jpg</filename><folder>users/joselusava//valeria/m4_s05_055_nic</folder><source><submittedBy>Jose Saca</submittedBy></source><imagesize><nrows>2910</nrows><ncols>4361</ncols></imagesize><object><name>m4_s05_055_p_nic073</name><deleted>0</deleted><verified>0</verified><occluded>no</occluded><attributes></attributes><parts><hasparts></hasparts><ispartof></ispartof></parts><date>09-10-20 18:05:52:962</date><id>0</id><type>bounding_box</type><polygon><username>anonymous</username><pt><x>254</x><y>617</y><time>09-10-20 18:05:48:110</time></pt><pt><x>1670</x><y>617</y><time>09-10-20 18:05:49:692</time></pt><pt><x>1670</x><y>2138</y><time>undefined</time></pt><pt><x>254</x><y>2138</y><time>undefined</time></pt><closed_date>09-10-20 18:05:49:693</closed_date></polygon></object></annotation>