<annotation><filename>m2_s01_018_p_ic077.jpg</filename><folder>users/joselusava//santiago_2</folder><source><submittedBy>Jose Saca</submittedBy></source><imagesize><nrows>2850</nrows><ncols>4271</ncols></imagesize><object><name>m2_s01_018_p_ic077</name><deleted>0</deleted><verified>0</verified><occluded>no</occluded><attributes></attributes><parts><hasparts></hasparts><ispartof></ispartof></parts><date>28-09-20 18:07:37:399</date><id>0</id><type>bounding_box</type><polygon><username>anonymous</username><pt><x>1488</x><y>785</y><time>28-09-20 18:07:33:381</time></pt><pt><x>2629</x><y>785</y><time>28-09-20 18:07:34:829</time></pt><pt><x>2629</x><y>2087</y><time>undefined</time></pt><pt><x>1488</x><y>2087</y><time>undefined</time></pt><closed_date>28-09-20 18:07:34:831</closed_date></polygon></object></annotation>