<annotation><filename>m1_s01_004_p_ic014.jpg</filename><folder>users/joselusava//valeria_apoyo/sala001_004ic_ok</folder><source><submittedBy>Jose Saca</submittedBy></source><imagesize><nrows>2000</nrows><ncols>2992</ncols></imagesize><object><name>m1_s01_004_p_ic014</name><deleted>0</deleted><verified>0</verified><occluded>no</occluded><attributes></attributes><parts><hasparts></hasparts><ispartof></ispartof></parts><date>15-09-20 22:15:48:932</date><id>0</id><type>bounding_box</type><polygon><username>anonymous</username><pt><x>19</x><y>1432</y><time>15-09-20 22:15:42:277</time></pt><pt><x>2985</x><y>1432</y><time>15-09-20 22:15:45:102</time></pt><pt><x>2985</x><y>610</y><time>undefined</time></pt><pt><x>19</x><y>610</y><time>undefined</time></pt><closed_date>15-09-20 22:15:45:103</closed_date></polygon></object></annotation>