<annotation><filename>m4_s02_021_p_nic060.jpg</filename><folder>users/joselusava//santiago_2</folder><source><submittedBy>Jose Saca</submittedBy></source><imagesize><nrows>2910</nrows><ncols>4361</ncols></imagesize><object><name>m4_s02_021_p_nic060</name><deleted>0</deleted><verified>0</verified><occluded>no</occluded><attributes></attributes><parts><hasparts></hasparts><ispartof></ispartof></parts><date>05-10-20 11:16:12:857</date><id>0</id><type>bounding_box</type><polygon><username>anonymous</username><pt><x>3031</x><y>149</y><time>05-10-20 11:16:10:367</time></pt><pt><x>3960</x><y>149</y><time>05-10-20 11:16:11:247</time></pt><pt><x>3960</x><y>2054</y><time>undefined</time></pt><pt><x>3031</x><y>2054</y><time>undefined</time></pt><closed_date>05-10-20 11:16:11:248</closed_date></polygon></object></annotation>