<annotation><filename>m2_s01_024_p_ic046.jpg</filename><folder>users/joselusava//santiago</folder><source><submittedBy>Jose Saca</submittedBy></source><imagesize><nrows>2850</nrows><ncols>4271</ncols></imagesize><object><name>m2_s01_024_p_ic046</name><deleted>0</deleted><verified>0</verified><occluded>no</occluded><attributes></attributes><parts><hasparts></hasparts><ispartof></ispartof></parts><date>24-09-20 16:48:18:392</date><id>0</id><type>bounding_box</type><polygon><username>anonymous</username><pt><x>1071</x><y>106</y><time>24-09-20 16:48:05:514</time></pt><pt><x>2626</x><y>106</y><time>24-09-20 16:48:09:114</time></pt><pt><x>2626</x><y>2837</y><time>undefined</time></pt><pt><x>1071</x><y>2837</y><time>undefined</time></pt><closed_date>24-09-20 16:48:09:115</closed_date></polygon></object></annotation>