<annotation><filename>m2_s06_244_p_ic031.jpg</filename><folder>users/joselusava//museos2020</folder><source><submittedBy>Jose Saca</submittedBy></source><imagesize><nrows>2910</nrows><ncols>4361</ncols></imagesize><object><name>m2_s06_244_p_ic031</name><deleted>0</deleted><verified>0</verified><occluded>no</occluded><attributes></attributes><parts><hasparts></hasparts><ispartof></ispartof></parts><date>22-09-20 12:58:54:660</date><id>0</id><type>bounding_box</type><polygon><username>anonymous</username><pt><x>1104</x><y>1011</y><time>22-09-20 12:58:46:707</time></pt><pt><x>3147</x><y>1011</y><time>22-09-20 12:58:47:726</time></pt><pt><x>3147</x><y>1914</y><time>undefined</time></pt><pt><x>1104</x><y>1914</y><time>undefined</time></pt><closed_date>22-09-20 12:58:47:728</closed_date></polygon></object></annotation>