<annotation><filename>m2_s01_034_p_ic039.jpg</filename><folder>users/joselusava//kath</folder><source><submittedBy>Jose Saca</submittedBy></source><imagesize><nrows>2850</nrows><ncols>4271</ncols></imagesize><object><name>m2_s01_034_p_ic039</name><deleted>0</deleted><verified>0</verified><occluded>no</occluded><attributes></attributes><parts><hasparts></hasparts><ispartof></ispartof></parts><date>25-09-20 13:46:02:671</date><id>0</id><polygon><username>anonymous</username><pt><x>1361</x><y>279</y><time>25-09-20 13:45:39:888</time></pt><pt><x>2814</x><y>251</y><time>25-09-20 13:45:41:200</time></pt><pt><x>3000</x><y>2542</y><time>25-09-20 13:45:42:643</time></pt><pt><x>1647</x><y>2764</y><time>25-09-20 13:45:44:578</time></pt><closed_date>25-09-20 13:45:50:707</closed_date></polygon></object></annotation>