<annotation><filename>m2_s07_264_p_nic092.jpg</filename><folder>users/joselusava//valeria/sala7_264_nic</folder><source><submittedBy>Jose Saca</submittedBy></source><imagesize><nrows>2910</nrows><ncols>4361</ncols></imagesize><object><name>m2_s07_264_p_nic092</name><deleted>0</deleted><verified>0</verified><occluded>no</occluded><attributes></attributes><parts><hasparts></hasparts><ispartof></ispartof></parts><date>23-09-20 21:44:32:780</date><id>0</id><type>bounding_box</type><polygon><username>anonymous</username><pt><x>3748</x><y>2298</y><time>23-09-20 21:44:27:658</time></pt><pt><x>2177</x><y>2298</y><time>23-09-20 21:44:29:695</time></pt><pt><x>2177</x><y>562</y><time>undefined</time></pt><pt><x>3748</x><y>562</y><time>undefined</time></pt><closed_date>23-09-20 21:44:29:696</closed_date></polygon></object></annotation>