<annotation><filename>m4_s02_021_p_ic029.jpg</filename><folder>users/joselusava//santiago_2</folder><source><submittedBy>Jose Saca</submittedBy></source><imagesize><nrows>3000</nrows><ncols>4496</ncols></imagesize><object><name>m4_s02_021_p_ic029</name><deleted>0</deleted><verified>0</verified><occluded>no</occluded><attributes></attributes><parts><hasparts></hasparts><ispartof></ispartof></parts><date>03-10-20 17:55:38:529</date><id>0</id><type>bounding_box</type><polygon><username>anonymous</username><pt><x>1743</x><y>336</y><time>03-10-20 17:55:34:666</time></pt><pt><x>2914</x><y>336</y><time>03-10-20 17:55:36:498</time></pt><pt><x>2914</x><y>2421</y><time>undefined</time></pt><pt><x>1743</x><y>2421</y><time>undefined</time></pt><closed_date>03-10-20 17:55:36:500</closed_date></polygon></object></annotation>