<annotation><filename>m2_s03_252_p_ic070.jpg</filename><folder>users/joselusava//valeria/m2_sala03_252_ic</folder><source><submittedBy>Jose Saca</submittedBy></source><imagesize><nrows>2910</nrows><ncols>4361</ncols></imagesize><object><name>m2_s06_252_p_ic068</name><deleted>0</deleted><verified>0</verified><occluded>no</occluded><attributes/><parts><hasparts/><ispartof/></parts><date>26-09-20 14:43:38:806</date><id>0</id><type>bounding_box</type><polygon><username>anonymous</username><pt><x>3362</x><y>2524</y><time>26-09-20 14:43:31:163</time></pt><pt><x>628</x><y>2524</y><time>26-09-20 14:43:33:642</time></pt><pt><x>628</x><y>479</y><time>undefined</time></pt><pt><x>3362</x><y>479</y><time>undefined</time></pt><closed_date>26-09-20 14:43:33:644</closed_date></polygon></object><object><name>m2_s06_252_p_ic070</name><deleted>0</deleted><verified>0</verified><occluded>no</occluded><attributes></attributes><parts><hasparts></hasparts><ispartof></ispartof></parts><date>27-09-20 12:58:50:757</date><id>1</id><type>bounding_box</type><polygon><username>anonymous</username><pt><x>601</x><y>446</y><time>27-09-20 12:58:44:690</time></pt><pt><x>3367</x><y>446</y><time>27-09-20 12:58:47:404</time></pt><pt><x>3367</x><y>2519</y><time>undefined</time></pt><pt><x>601</x><y>2519</y><time>undefined</time></pt><closed_date>27-09-20 12:58:47:405</closed_date></polygon></object></annotation>