<annotation><filename>m4_s10_164_p_nic093.jpg</filename><folder>users/joselusava//santiago_2</folder><source><submittedBy>Jose Saca</submittedBy></source><imagesize><nrows>2970</nrows><ncols>4451</ncols></imagesize><object><name>m4_s10_164_p_nic093</name><deleted>0</deleted><verified>0</verified><occluded>no</occluded><attributes></attributes><parts><hasparts></hasparts><ispartof></ispartof></parts><date>14-10-20 16:23:59:168</date><id>0</id><type>bounding_box</type><polygon><username>anonymous</username><pt><x>2499</x><y>2163</y><time>14-10-20 16:23:55:658</time></pt><pt><x>2974</x><y>2163</y><time>14-10-20 16:23:56:520</time></pt><pt><x>2974</x><y>2634</y><time>undefined</time></pt><pt><x>2499</x><y>2634</y><time>undefined</time></pt><closed_date>14-10-20 16:23:56:522</closed_date></polygon></object></annotation>