<annotation><filename>m4_s03_025_p_ic090.jpg</filename><folder>users/joselusava//m4_js/m3/25</folder><source><submittedBy>Jose Saca</submittedBy></source><imagesize><nrows>2910</nrows><ncols>4361</ncols></imagesize><object><name>m4_s03_025_p_ic090</name><deleted>0</deleted><verified>0</verified><occluded>no</occluded><attributes></attributes><parts><hasparts></hasparts><ispartof></ispartof></parts><date>09-11-20 11:23:57:755</date><id>0</id><type>bounding_box</type><polygon><username>anonymous</username><pt><x>635</x><y>870</y><time>09-11-20 11:23:55:389</time></pt><pt><x>4056</x><y>870</y><time>09-11-20 11:23:56:715</time></pt><pt><x>4056</x><y>2603</y><time>undefined</time></pt><pt><x>635</x><y>2603</y><time>undefined</time></pt><closed_date>09-11-20 11:23:56:715</closed_date></polygon></object></annotation>