<annotation><filename>m2_s01_001_p_ic092.jpg</filename><folder>users/joselusava//santiago</folder><source><submittedBy>Jose Saca</submittedBy></source><imagesize><nrows>2850</nrows><ncols>4271</ncols></imagesize><object><name>m2_s01_001_p_ic092</name><deleted>0</deleted><verified>0</verified><occluded>no</occluded><attributes></attributes><parts><hasparts></hasparts><ispartof></ispartof></parts><date>19-09-20 10:46:19:722</date><id>0</id><type>bounding_box</type><polygon><username>anonymous</username><pt><x>1080</x><y>660</y><time>19-09-20 10:46:12:201</time></pt><pt><x>3199</x><y>660</y><time>19-09-20 10:46:13:689</time></pt><pt><x>3199</x><y>2629</y><time>undefined</time></pt><pt><x>1080</x><y>2629</y><time>undefined</time></pt><closed_date>19-09-20 10:46:13:690</closed_date></polygon></object></annotation>