<annotation><filename>m4_s05_060_p_nic062.jpg</filename><folder>users/joselusava//m4_js/60/nic</folder><source><submittedBy>Jose Saca</submittedBy></source><imagesize><nrows>2910</nrows><ncols>4361</ncols></imagesize><object><name>m4_s05_060_p_nic062</name><deleted>0</deleted><verified>0</verified><occluded>no</occluded><attributes></attributes><parts><hasparts></hasparts><ispartof></ispartof></parts><date>14-10-20 00:15:56:625</date><id>0</id><type>bounding_box</type><polygon><username>anonymous</username><pt><x>1193</x><y>2846</y><time>14-10-20 00:15:54:371</time></pt><pt><x>4335</x><y>2846</y><time>14-10-20 00:15:55:873</time></pt><pt><x>4335</x><y>1036</y><time>undefined</time></pt><pt><x>1193</x><y>1036</y><time>undefined</time></pt><closed_date>14-10-20 00:15:55:873</closed_date></polygon></object></annotation>