<annotation><filename>m1_s01_004_p_ic036.jpg</filename><folder>users/joselusava//valeria_apoyo/sala001_004ic_ok</folder><source><submittedBy>Jose Saca</submittedBy></source><imagesize><nrows>2000</nrows><ncols>2992</ncols></imagesize><object><name>m1_s01_004_p_ic036</name><deleted>0</deleted><verified>0</verified><occluded>no</occluded><attributes></attributes><parts><hasparts></hasparts><ispartof></ispartof></parts><date>15-09-20 23:18:34:015</date><id>0</id><type>bounding_box</type><polygon><username>anonymous</username><pt><x>42</x><y>1958</y><time>15-09-20 23:18:25:689</time></pt><pt><x>2360</x><y>1958</y><time>15-09-20 23:18:30:078</time></pt><pt><x>2360</x><y>428</y><time>undefined</time></pt><pt><x>42</x><y>428</y><time>undefined</time></pt><closed_date>15-09-20 23:18:30:079</closed_date></polygon></object></annotation>