<annotation><filename>m2_s01_034_p_ic096.jpg</filename><folder>users/joselusava//kath</folder><source><submittedBy>Jose Saca</submittedBy></source><imagesize><nrows>2850</nrows><ncols>4271</ncols></imagesize><object><name>m2_s01_034_p_ic096</name><deleted>0</deleted><verified>0</verified><occluded>no</occluded><attributes></attributes><parts><hasparts></hasparts><ispartof></ispartof></parts><date>25-09-20 17:13:53:960</date><id>0</id><polygon><username>anonymous</username><pt><x>1339</x><y>265</y><time>25-09-20 17:13:33:824</time></pt><pt><x>1368</x><y>2628</y><time>25-09-20 17:13:36:441</time></pt><pt><x>3036</x><y>2499</y><time>25-09-20 17:13:41:739</time></pt><pt><x>2907</x><y>186</y><time>25-09-20 17:13:48:818</time></pt><closed_date>25-09-20 17:13:50:375</closed_date></polygon></object></annotation>