<annotation><filename>m1_s01_004_p_ic096.jpg</filename><folder>users/joselusava//valeria_apoyo/sala001_004ic_ok</folder><source><submittedBy>Jose Saca</submittedBy></source><imagesize><nrows>2000</nrows><ncols>2992</ncols></imagesize><object><name>m1_s01_004_p_ic096</name><deleted>0</deleted><verified>0</verified><occluded>no</occluded><attributes></attributes><parts><hasparts></hasparts><ispartof></ispartof></parts><date>16-09-20 17:03:46:067</date><id>0</id><type>bounding_box</type><polygon><username>anonymous</username><pt><x>205</x><y>1538</y><time>16-09-20 17:03:33:130</time></pt><pt><x>2750</x><y>1538</y><time>16-09-20 17:03:36:916</time></pt><pt><x>2750</x><y>591</y><time>undefined</time></pt><pt><x>205</x><y>591</y><time>undefined</time></pt><closed_date>16-09-20 17:03:36:917</closed_date></polygon></object></annotation>