<annotation><filename>m2_s03_219_p_nic014.jpg</filename><folder>users/joselusava//valeria/m2_sala03_219_nic</folder><source><submittedBy>Jose Saca</submittedBy></source><imagesize><nrows>2910</nrows><ncols>4361</ncols></imagesize><object><name>m2_s03_219_p_nic014</name><deleted>0</deleted><verified>0</verified><occluded>no</occluded><attributes></attributes><parts><hasparts></hasparts><ispartof></ispartof></parts><date>29-09-20 17:19:17:676</date><id>0</id><type>bounding_box</type><polygon><username>anonymous</username><pt><x>1345</x><y>2734</y><time>29-09-20 17:19:10:916</time></pt><pt><x>2910</x><y>2734</y><time>29-09-20 17:19:13:607</time></pt><pt><x>2910</x><y>1207</y><time>undefined</time></pt><pt><x>1345</x><y>1207</y><time>undefined</time></pt><closed_date>29-09-20 17:19:13:608</closed_date></polygon></object></annotation>