<annotation><filename>m4_s05_055_p_ic088.jpg</filename><folder>users/joselusava//valeria/m4_s05_055_ic</folder><source><submittedBy>Jose Saca</submittedBy></source><imagesize><nrows>2910</nrows><ncols>4361</ncols></imagesize><object><name>m4_s05_055_p_ic088</name><deleted>0</deleted><verified>0</verified><occluded>no</occluded><attributes></attributes><parts><hasparts></hasparts><ispartof></ispartof></parts><date>09-10-20 14:25:39:505</date><id>0</id><type>bounding_box</type><polygon><username>anonymous</username><pt><x>3059</x><y>639</y><time>09-10-20 14:25:33:601</time></pt><pt><x>1235</x><y>639</y><time>09-10-20 14:25:35:518</time></pt><pt><x>1235</x><y>2513</y><time>undefined</time></pt><pt><x>3059</x><y>2513</y><time>undefined</time></pt><closed_date>09-10-20 14:25:35:519</closed_date></polygon></object></annotation>