<annotation><filename>m3_s01_023_p_nic088.jpg</filename><folder>users/joselusava//santiago_3</folder><source><submittedBy>Jose Saca</submittedBy></source><imagesize><nrows>2970</nrows><ncols>4451</ncols></imagesize><object><name>m3_s01_023_p_nic088</name><deleted>0</deleted><verified>0</verified><occluded>no</occluded><attributes></attributes><parts><hasparts></hasparts><ispartof></ispartof></parts><date>06-11-20 11:45:48:349</date><id>0</id><type>bounding_box</type><polygon><username>anonymous</username><pt><x>186</x><y>1007</y><time>06-11-20 11:45:45:640</time></pt><pt><x>1903</x><y>1007</y><time>06-11-20 11:45:46:679</time></pt><pt><x>1903</x><y>2781</y><time>undefined</time></pt><pt><x>186</x><y>2781</y><time>undefined</time></pt><closed_date>06-11-20 11:45:46:680</closed_date></polygon></object></annotation>