<annotation><filename>m1_s06_144_p_nic019.jpg</filename><folder>users/joselusava//jacob_2/144nic</folder><source><submittedBy>Jose Saca</submittedBy></source><imagesize><nrows>2736</nrows><ncols>4100</ncols></imagesize><object><name>m1_s06_144_p_nic019</name><deleted>0</deleted><verified>0</verified><occluded>no</occluded><attributes></attributes><parts><hasparts></hasparts><ispartof></ispartof></parts><date>08-09-20 01:57:44:904</date><id>0</id><type>bounding_box</type><polygon><username>anonymous</username><pt><x>1367</x><y>2643</y><time>08-09-20 01:57:42:832</time></pt><pt><x>3093</x><y>2643</y><time>08-09-20 01:57:44:319</time></pt><pt><x>3093</x><y>1195</y><time>undefined</time></pt><pt><x>1367</x><y>1195</y><time>undefined</time></pt><closed_date>08-09-20 01:57:44:319</closed_date></polygon></object></annotation>