<annotation><filename>m4_s05_055_p_nic059.jpg</filename><folder>users/joselusava//valeria/m4_s05_055_nic</folder><source><submittedBy>Jose Saca</submittedBy></source><imagesize><nrows>2910</nrows><ncols>4361</ncols></imagesize><object><name>m4_s05_055_p_nic059</name><deleted>0</deleted><verified>0</verified><occluded>no</occluded><attributes></attributes><parts><hasparts></hasparts><ispartof></ispartof></parts><date>09-10-20 17:52:16:119</date><id>0</id><type>bounding_box</type><polygon><username>anonymous</username><pt><x>1946</x><y>1262</y><time>09-10-20 17:52:10:522</time></pt><pt><x>3141</x><y>1262</y><time>09-10-20 17:52:12:479</time></pt><pt><x>3141</x><y>2833</y><time>undefined</time></pt><pt><x>1946</x><y>2833</y><time>undefined</time></pt><closed_date>09-10-20 17:52:12:480</closed_date></polygon></object></annotation>