<annotation><filename>m4_s04_039_p_ic085.jpg</filename><folder>users/joselusava//santiago_2</folder><source><submittedBy>Jose Saca</submittedBy></source><imagesize><nrows>2970</nrows><ncols>4451</ncols></imagesize><object><name>m4_s04_039_p_ic085</name><deleted>0</deleted><verified>0</verified><occluded>no</occluded><attributes></attributes><parts><hasparts></hasparts><ispartof></ispartof></parts><date>21-10-20 16:02:41:253</date><id>0</id><type>bounding_box</type><polygon><username>anonymous</username><pt><x>1713</x><y>225</y><time>21-10-20 16:02:37:902</time></pt><pt><x>2642</x><y>225</y><time>21-10-20 16:02:39:383</time></pt><pt><x>2642</x><y>2820</y><time>undefined</time></pt><pt><x>1713</x><y>2820</y><time>undefined</time></pt><closed_date>21-10-20 16:02:39:383</closed_date></polygon></object></annotation>