<annotation><filename>m2_s05_236_p_ic056.jpg</filename><folder>users/joselusava//museos2020</folder><source><submittedBy>Jose Saca</submittedBy></source><imagesize><nrows>2910</nrows><ncols>4361</ncols></imagesize><object><name>m2_s05_236_p_ic056</name><deleted>0</deleted><verified>0</verified><occluded>no</occluded><attributes></attributes><parts><hasparts></hasparts><ispartof></ispartof></parts><date>16-09-20 18:47:40:699</date><id>0</id><type>bounding_box</type><polygon><username>anonymous</username><pt><x>474</x><y>395</y><time>16-09-20 18:47:32:444</time></pt><pt><x>3672</x><y>395</y><time>16-09-20 18:47:33:739</time></pt><pt><x>3672</x><y>2789</y><time>undefined</time></pt><pt><x>474</x><y>2789</y><time>undefined</time></pt><closed_date>16-09-20 18:47:33:739</closed_date></polygon></object></annotation>