<annotation><filename>m4_s06_089_p_nic090.jpg</filename><folder>users/joselusava//santiago_2</folder><source><submittedBy>Jose Saca</submittedBy></source><imagesize><nrows>2970</nrows><ncols>4451</ncols></imagesize><object><name>m4_s06_089_p_nic090</name><deleted>0</deleted><verified>0</verified><occluded>no</occluded><attributes></attributes><parts><hasparts></hasparts><ispartof></ispartof></parts><date>12-10-20 22:20:13:610</date><id>0</id><type>bounding_box</type><polygon><username>anonymous</username><pt><x>1781</x><y>118</y><time>12-10-20 22:20:09:662</time></pt><pt><x>2934</x><y>118</y><time>12-10-20 22:20:11:037</time></pt><pt><x>2934</x><y>2063</y><time>undefined</time></pt><pt><x>1781</x><y>2063</y><time>undefined</time></pt><closed_date>12-10-20 22:20:11:038</closed_date></polygon></object></annotation>