<annotation><filename>m2_s03_219_p_ic055.jpg</filename><folder>users/joselusava//valeria/m2_sala03_219_ic</folder><source><submittedBy>Jose Saca</submittedBy></source><imagesize><nrows>2910</nrows><ncols>4361</ncols></imagesize><object><name>m2_s03_219_p_ic055</name><deleted>0</deleted><verified>0</verified><occluded>no</occluded><attributes></attributes><parts><hasparts></hasparts><ispartof></ispartof></parts><date>29-09-20 00:39:11:983</date><id>0</id><type>bounding_box</type><polygon><username>anonymous</username><pt><x>2993</x><y>215</y><time>29-09-20 00:39:06:756</time></pt><pt><x>1400</x><y>215</y><time>29-09-20 00:39:08:600</time></pt><pt><x>1400</x><y>2679</y><time>undefined</time></pt><pt><x>2993</x><y>2679</y><time>undefined</time></pt><closed_date>29-09-20 00:39:08:601</closed_date></polygon></object></annotation>