<annotation><filename>m4_s10_157_p_ic052.jpg</filename><folder>users/joselusava//valeria/m04_s10_157_nic</folder><source><submittedBy>Jose Saca</submittedBy></source><imagesize><nrows>2970</nrows><ncols>4451</ncols></imagesize><object><name>m4_s10_157_p_nic052</name><deleted>0</deleted><verified>0</verified><occluded>no</occluded><attributes></attributes><parts><hasparts></hasparts><ispartof></ispartof></parts><date>12-10-20 21:04:31:563</date><id>0</id><type>bounding_box</type><polygon><username>anonymous</username><pt><x>4230</x><y>2694</y><time>12-10-20 21:04:26:586</time></pt><pt><x>2188</x><y>2694</y><time>12-10-20 21:04:28:468</time></pt><pt><x>2188</x><y>405</y><time>undefined</time></pt><pt><x>4230</x><y>405</y><time>undefined</time></pt><closed_date>12-10-20 21:04:28:469</closed_date></polygon></object></annotation>