<annotation><filename>m2_s01_032_p_ic049.jpg</filename><folder>users/joselusava//santiago_2</folder><source><submittedBy>Jose Saca</submittedBy></source><imagesize><nrows>2850</nrows><ncols>4271</ncols></imagesize><object><name>m2_s01_032_p_ic049</name><deleted>0</deleted><verified>0</verified><occluded>no</occluded><attributes></attributes><parts><hasparts></hasparts><ispartof></ispartof></parts><date>30-09-20 15:38:02:311</date><id>0</id><type>bounding_box</type><polygon><username>anonymous</username><pt><x>1255</x><y>149</y><time>30-09-20 15:37:53:261</time></pt><pt><x>2908</x><y>149</y><time>30-09-20 15:37:56:170</time></pt><pt><x>2908</x><y>2456</y><time>undefined</time></pt><pt><x>1255</x><y>2456</y><time>undefined</time></pt><closed_date>30-09-20 15:37:56:172</closed_date></polygon></object></annotation>