<annotation><filename>m1_s01_017_p_ic033.jpg</filename><folder>users/joselusava//santiago</folder><source><submittedBy>Jose Saca</submittedBy></source><imagesize><nrows>3200</nrows><ncols>4800</ncols></imagesize><object><name>m1_s01_017_p_ic033</name><deleted>0</deleted><verified>0</verified><occluded>no</occluded><attributes></attributes><parts><hasparts></hasparts><ispartof></ispartof></parts><date>10-09-20 15:02:10:673</date><id>0</id><type>bounding_box</type><polygon><username>anonymous</username><pt><x>1389</x><y>1159</y><time>10-09-20 15:02:00:573</time></pt><pt><x>3016</x><y>1159</y><time>10-09-20 15:02:02:323</time></pt><pt><x>3016</x><y>2059</y><time>undefined</time></pt><pt><x>1389</x><y>2059</y><time>undefined</time></pt><closed_date>10-09-20 15:02:02:324</closed_date></polygon></object></annotation>