<annotation><filename>m2_s01_010_p_ic043.jpg</filename><folder>users/joselusava//santiago</folder><source><submittedBy>Jose Saca</submittedBy></source><imagesize><nrows>2850</nrows><ncols>4271</ncols></imagesize><object><name>m2_s01_010_p_ic043</name><deleted>0</deleted><verified>0</verified><occluded>no</occluded><attributes></attributes><parts><hasparts></hasparts><ispartof></ispartof></parts><date>21-09-20 15:48:45:973</date><id>0</id><type>bounding_box</type><polygon><username>anonymous</username><pt><x>1189</x><y>404</y><time>21-09-20 15:48:38:269</time></pt><pt><x>3129</x><y>404</y><time>21-09-20 15:48:40:042</time></pt><pt><x>3129</x><y>2369</y><time>undefined</time></pt><pt><x>1189</x><y>2369</y><time>undefined</time></pt><closed_date>21-09-20 15:48:40:043</closed_date></polygon></object></annotation>