<annotation><filename>m2_s01_032_p_ic093.jpg</filename><folder>users/joselusava//santiago_2</folder><source><submittedBy>Jose Saca</submittedBy></source><imagesize><nrows>2850</nrows><ncols>4271</ncols></imagesize><object><name>m2_s01_032_p_ic093</name><deleted>0</deleted><verified>0</verified><occluded>no</occluded><attributes></attributes><parts><hasparts></hasparts><ispartof></ispartof></parts><date>30-09-20 17:24:42:142</date><id>0</id><type>bounding_box</type><polygon><username>anonymous</username><pt><x>1004</x><y>431</y><time>30-09-20 17:24:38:120</time></pt><pt><x>2714</x><y>431</y><time>30-09-20 17:24:40:337</time></pt><pt><x>2714</x><y>2765</y><time>undefined</time></pt><pt><x>1004</x><y>2765</y><time>undefined</time></pt><closed_date>30-09-20 17:24:40:337</closed_date></polygon></object></annotation>