<annotation><filename>m1_s06_187_x.jpg</filename><folder>users/joselusava//jacob_2/sala6</folder><source><submittedBy>Jose Saca</submittedBy></source><imagesize><nrows>2736</nrows><ncols>4100</ncols></imagesize><object><name>m1_s06_187_x</name><deleted>0</deleted><verified>0</verified><occluded>no</occluded><attributes></attributes><parts><hasparts></hasparts><ispartof></ispartof></parts><date>06-09-20 01:55:02:404</date><id>0</id><type>bounding_box</type><polygon><username>anonymous</username><pt><x>1092</x><y>2568</y><time>06-09-20 01:54:59:245</time></pt><pt><x>3269</x><y>2568</y><time>06-09-20 01:55:01:511</time></pt><pt><x>3269</x><y>73</y><time>undefined</time></pt><pt><x>1092</x><y>73</y><time>undefined</time></pt><closed_date>06-09-20 01:55:01:511</closed_date></polygon></object></annotation>