<annotation><filename>m2_s03_252_p_ic011.jpg</filename><folder>users/joselusava//valeria/m2_sala03_252_ic</folder><source><submittedBy>Jose Saca</submittedBy></source><imagesize><nrows>2910</nrows><ncols>4361</ncols></imagesize><object><name>m2_s06_252_p_ic011</name><deleted>0</deleted><verified>0</verified><occluded>no</occluded><attributes></attributes><parts><hasparts></hasparts><ispartof></ispartof></parts><date>25-09-20 19:56:01:901</date><id>0</id><type>bounding_box</type><polygon><username>anonymous</username><pt><x>3246</x><y>2469</y><time>25-09-20 19:55:56:268</time></pt><pt><x>667</x><y>2469</y><time>25-09-20 19:55:58:824</time></pt><pt><x>667</x><y>948</y><time>undefined</time></pt><pt><x>3246</x><y>948</y><time>undefined</time></pt><closed_date>25-09-20 19:55:58:825</closed_date></polygon></object></annotation>