<annotation><filename>m2_s03_248_p.jpg</filename><folder>users/joselusava//museos2020</folder><source><submittedBy>Jose Saca</submittedBy></source><imagesize><nrows>2910</nrows><ncols>4361</ncols></imagesize><object><name>m2_s03_248_p</name><deleted>0</deleted><verified>0</verified><occluded>no</occluded><attributes></attributes><parts><hasparts></hasparts><ispartof></ispartof></parts><date>26-09-20 22:12:40:222</date><id>0</id><polygon><username>anonymous</username><pt><x>218</x><y>693</y><time>26-09-20 22:12:23:474</time></pt><pt><x>976</x><y>2278</y><time>26-09-20 22:12:25:371</time></pt><pt><x>4114</x><y>1041</y><time>26-09-20 22:12:28:395</time></pt><pt><x>3844</x><y>693</y><time>26-09-20 22:12:30:012</time></pt><closed_date>26-09-20 22:12:31:633</closed_date></polygon></object></annotation>