<annotation><filename>m1_s03-04_081_x.jpg</filename><folder>users/joselusava//valeria/sala03y04</folder><source><submittedBy>Jose Saca</submittedBy></source><imagesize><nrows>3200</nrows><ncols>4800</ncols></imagesize><object><name>m1_s03_s04_081_x</name><deleted>0</deleted><verified>0</verified><occluded>no</occluded><attributes></attributes><parts><hasparts></hasparts><ispartof></ispartof></parts><date>28-08-20 19:57:09:294</date><id>0</id><type>bounding_box</type><polygon><username>anonymous</username><pt><x>3946</x><y>3146</y><time>28-08-20 19:57:01:274</time></pt><pt><x>1407</x><y>3146</y><time>28-08-20 19:57:04:426</time></pt><pt><x>1407</x><y>70</y><time>undefined</time></pt><pt><x>3946</x><y>70</y><time>undefined</time></pt><closed_date>28-08-20 19:57:04:427</closed_date></polygon></object></annotation>