<annotation><filename>m2_s01_024_p_ic052.jpg</filename><folder>users/joselusava//santiago</folder><source><submittedBy>Jose Saca</submittedBy></source><imagesize><nrows>2850</nrows><ncols>4271</ncols></imagesize><object><name>m2_s01_024_p_ic052</name><deleted>0</deleted><verified>0</verified><occluded>no</occluded><attributes></attributes><parts><hasparts></hasparts><ispartof></ispartof></parts><date>24-09-20 16:57:10:662</date><id>0</id><type>bounding_box</type><polygon><username>anonymous</username><pt><x>1241</x><y>90</y><time>24-09-20 16:57:01:513</time></pt><pt><x>2699</x><y>90</y><time>24-09-20 16:57:04:985</time></pt><pt><x>2699</x><y>2606</y><time>undefined</time></pt><pt><x>1241</x><y>2606</y><time>undefined</time></pt><closed_date>24-09-20 16:57:04:986</closed_date></polygon></object></annotation>