<annotation><filename>m1_s06_141_p_nic026.jpg</filename><folder>users/joselusava//jacob_2/141nic</folder><source><submittedBy>Jose Saca</submittedBy></source><imagesize><nrows>2736</nrows><ncols>4100</ncols></imagesize><object><name>m1_s06_141_p_nic026</name><deleted>0</deleted><verified>0</verified><occluded>no</occluded><attributes></attributes><parts><hasparts></hasparts><ispartof></ispartof></parts><date>05-09-20 01:07:42:865</date><id>0</id><type>bounding_box</type><polygon><username>anonymous</username><pt><x>2057</x><y>2544</y><time>05-09-20 01:07:40:612</time></pt><pt><x>3126</x><y>2544</y><time>05-09-20 01:07:41:968</time></pt><pt><x>3126</x><y>1177</y><time>undefined</time></pt><pt><x>2057</x><y>1177</y><time>undefined</time></pt><closed_date>05-09-20 01:07:41:969</closed_date></polygon></object></annotation>