<annotation><filename>m4_s05_052_p_nic032.jpg</filename><folder>users/joselusava//santiago_2</folder><source><submittedBy>Jose Saca</submittedBy></source><imagesize><nrows>2910</nrows><ncols>4361</ncols></imagesize><object><name>m4_s05_052_p_nic032</name><deleted>0</deleted><verified>0</verified><occluded>no</occluded><attributes></attributes><parts><hasparts></hasparts><ispartof></ispartof></parts><date>08-10-20 21:15:33:255</date><id>0</id><type>bounding_box</type><polygon><username>anonymous</username><pt><x>1628</x><y>1299</y><time>08-10-20 21:15:28:644</time></pt><pt><x>3010</x><y>1299</y><time>08-10-20 21:15:29:877</time></pt><pt><x>3010</x><y>2692</y><time>undefined</time></pt><pt><x>1628</x><y>2692</y><time>undefined</time></pt><closed_date>08-10-20 21:15:29:877</closed_date></polygon></object></annotation>