<annotation><filename>m2_s03_248_p_ic004.jpg</filename><folder>users/joselusava//museos2020</folder><source><submittedBy>Jose Saca</submittedBy></source><imagesize><nrows>2910</nrows><ncols>4361</ncols></imagesize><object><name>m2_s03_248_p_ic004</name><deleted>0</deleted><verified>0</verified><occluded>no</occluded><attributes></attributes><parts><hasparts></hasparts><ispartof></ispartof></parts><date>26-09-20 22:16:14:528</date><id>0</id><type>bounding_box</type><polygon><username>anonymous</username><pt><x>23</x><y>614</y><time>26-09-20 22:16:04:569</time></pt><pt><x>4342</x><y>614</y><time>26-09-20 22:16:06:653</time></pt><pt><x>4342</x><y>2250</y><time>undefined</time></pt><pt><x>23</x><y>2250</y><time>undefined</time></pt><closed_date>26-09-20 22:16:06:654</closed_date></polygon></object></annotation>