<annotation><filename>m4_s10_154_p_nic037.jpg</filename><folder>users/joselusava//valeria/m04_s10_154_nic</folder><source><submittedBy>Jose Saca</submittedBy></source><imagesize><nrows>2970</nrows><ncols>4451</ncols></imagesize><object><name>m4_s10_154_p_nic037</name><deleted>0</deleted><verified>0</verified><occluded>no</occluded><attributes></attributes><parts><hasparts></hasparts><ispartof></ispartof></parts><date>14-10-20 12:54:01:697</date><id>0</id><type>bounding_box</type><polygon><username>anonymous</username><pt><x>1656</x><y>1999</y><time>14-10-20 12:53:57:354</time></pt><pt><x>2742</x><y>1999</y><time>14-10-20 12:53:59:040</time></pt><pt><x>2742</x><y>188</y><time>undefined</time></pt><pt><x>1656</x><y>188</y><time>undefined</time></pt><closed_date>14-10-20 12:53:59:041</closed_date></polygon></object></annotation>