<annotation><filename>m4_s02_015_p_nic080.jpg</filename><folder>users/joselusava//m4_js/15nic</folder><source><submittedBy>Jose Saca</submittedBy></source><imagesize><nrows>2910</nrows><ncols>4361</ncols></imagesize><object><name>m4_s02_015_p_nic080</name><deleted>0</deleted><verified>0</verified><occluded>no</occluded><attributes></attributes><parts><hasparts></hasparts><ispartof></ispartof></parts><date>06-10-20 20:14:14:128</date><id>0</id><type>bounding_box</type><polygon><username>anonymous</username><pt><x>1584</x><y>1758</y><time>06-10-20 20:14:10:732</time></pt><pt><x>52</x><y>1758</y><time>06-10-20 20:14:12:925</time></pt><pt><x>52</x><y>165</y><time>undefined</time></pt><pt><x>1584</x><y>165</y><time>undefined</time></pt><closed_date>06-10-20 20:14:12:925</closed_date></polygon></object></annotation>