<annotation><filename>m4_s07_105_p_nic050.jpg</filename><folder>users/joselusava//kath/m4_105/nic</folder><source><submittedBy>Jose Saca</submittedBy></source><imagesize><nrows>2970</nrows><ncols>4451</ncols></imagesize><object><name>m4_s07_105_p_nic050</name><deleted>0</deleted><verified>0</verified><occluded>no</occluded><attributes></attributes><parts><hasparts></hasparts><ispartof></ispartof></parts><date>03-11-20 08:51:28:288</date><id>0</id><type>bounding_box</type><polygon><username>anonymous</username><pt><x>682</x><y>2499</y><time>03-11-20 08:51:24:081</time></pt><pt><x>1519</x><y>2499</y><time>03-11-20 08:51:26:030</time></pt><pt><x>1519</x><y>942</y><time>undefined</time></pt><pt><x>682</x><y>942</y><time>undefined</time></pt><closed_date>03-11-20 08:51:26:031</closed_date></polygon></object></annotation>