<annotation><filename>m2_s01_008_x.jpg</filename><folder>users/joselusava//santiago</folder><source><submittedBy>Jose Saca</submittedBy></source><imagesize><nrows>2850</nrows><ncols>4271</ncols></imagesize><object><name>m2_s01_008_x</name><deleted>0</deleted><verified>0</verified><occluded>no</occluded><attributes></attributes><parts><hasparts></hasparts><ispartof></ispartof></parts><date>20-09-20 00:11:56:781</date><id>0</id><type>bounding_box</type><polygon><username>anonymous</username><pt><x>1090</x><y>952</y><time>20-09-20 00:11:46:774</time></pt><pt><x>3251</x><y>952</y><time>20-09-20 00:11:50:279</time></pt><pt><x>3251</x><y>2049</y><time>undefined</time></pt><pt><x>1090</x><y>2049</y><time>undefined</time></pt><closed_date>20-09-20 00:11:50:281</closed_date></polygon></object></annotation>