<annotation><filename>m4_s06_089_p_ic056.jpg</filename><folder>users/joselusava//santiago_2</folder><source><submittedBy>Jose Saca</submittedBy></source><imagesize><nrows>2970</nrows><ncols>4451</ncols></imagesize><object><name>m4_s06_089_p_ic056</name><deleted>0</deleted><verified>0</verified><occluded>no</occluded><attributes></attributes><parts><hasparts></hasparts><ispartof></ispartof></parts><date>11-10-20 18:47:56:535</date><id>0</id><type>bounding_box</type><polygon><username>anonymous</username><pt><x>1513</x><y>375</y><time>11-10-20 18:47:52:275</time></pt><pt><x>2885</x><y>375</y><time>11-10-20 18:47:54:212</time></pt><pt><x>2885</x><y>2687</y><time>undefined</time></pt><pt><x>1513</x><y>2687</y><time>undefined</time></pt><closed_date>11-10-20 18:47:54:214</closed_date></polygon></object></annotation>