<annotation><filename>img_m1_s10_303_p_nic047.jpg</filename><folder>users/joselusava//santiago</folder><source><submittedBy>Jose Saca</submittedBy></source><imagesize><nrows>3200</nrows><ncols>4800</ncols></imagesize><object><name>m1_s10_303_p_nic047</name><deleted>0</deleted><verified>0</verified><occluded>no</occluded><attributes></attributes><parts><hasparts></hasparts><ispartof></ispartof></parts><date>01-09-20 21:54:01:325</date><id>0</id><type>bounding_box</type><polygon><username>anonymous</username><pt><x>3326</x><y>286</y><time>01-09-20 21:53:52:816</time></pt><pt><x>4088</x><y>286</y><time>01-09-20 21:53:54:127</time></pt><pt><x>4088</x><y>1105</y><time>undefined</time></pt><pt><x>3326</x><y>1105</y><time>undefined</time></pt><closed_date>01-09-20 21:53:54:128</closed_date></polygon></object></annotation>