<annotation><filename>m4_s04_045_p_ic086.jpg</filename><folder>users/joselusava//valeria/m04_s04_45_ic</folder><source><submittedBy>Jose Saca</submittedBy></source><imagesize><nrows>2970</nrows><ncols>4451</ncols></imagesize><object><name>m4_s04_045_p_ic086</name><deleted>0</deleted><verified>0</verified><occluded>no</occluded><attributes></attributes><parts><hasparts></hasparts><ispartof></ispartof></parts><date>19-10-20 23:44:15:556</date><id>0</id><type>bounding_box</type><polygon><username>anonymous</username><pt><x>1548</x><y>2684</y><time>19-10-20 23:44:10:998</time></pt><pt><x>2822</x><y>2684</y><time>19-10-20 23:44:12:296</time></pt><pt><x>2822</x><y>188</y><time>undefined</time></pt><pt><x>1548</x><y>188</y><time>undefined</time></pt><closed_date>19-10-20 23:44:12:297</closed_date></polygon></object></annotation>