<annotation><filename>m4_s02_015_p_nic024.jpg</filename><folder>users/joselusava//m4_js/caca</folder><source><submittedBy>Jose Saca</submittedBy></source><imagesize><nrows>2910</nrows><ncols>4361</ncols></imagesize><object><name>m4_s02_015_p_nic024</name><deleted>0</deleted><verified>0</verified><occluded>no</occluded><attributes></attributes><parts><hasparts></hasparts><ispartof></ispartof></parts><date>02-11-20 21:12:17:230</date><id>0</id><type>bounding_box</type><polygon><username>anonymous</username><pt><x>3917</x><y>1236</y><time>02-11-20 21:12:14:962</time></pt><pt><x>2490</x><y>1236</y><time>02-11-20 21:12:16:361</time></pt><pt><x>2490</x><y>2907</y><time>undefined</time></pt><pt><x>3917</x><y>2907</y><time>undefined</time></pt><closed_date>02-11-20 21:12:16:361</closed_date></polygon></object></annotation>