<annotation><filename>m4_s10_154_p.jpg</filename><folder>users/joselusava//valeria/m04_s10_154_ic</folder><source><submittedBy>Jose Saca</submittedBy></source><imagesize><nrows>2970</nrows><ncols>4451</ncols></imagesize><object><name>m4_s10_154_p</name><deleted>0</deleted><verified>0</verified><occluded>no</occluded><attributes></attributes><parts><hasparts></hasparts><ispartof></ispartof></parts><date>13-10-20 16:56:59:417</date><id>0</id><type>bounding_box</type><polygon><username>anonymous</username><pt><x>833</x><y>2874</y><time>13-10-20 16:55:48:376</time></pt><pt><x>3240</x><y>2874</y><time>13-10-20 16:56:04:153</time></pt><pt><x>3240</x><y>174</y><time>undefined</time></pt><pt><x>833</x><y>174</y><time>undefined</time></pt><closed_date>13-10-20 16:56:04:155</closed_date></polygon></object></annotation>