<annotation><filename>m1_s06_144_p_nic029.jpg</filename><folder>users/joselusava//jacob_2/144nic</folder><source><submittedBy>Jose Saca</submittedBy></source><imagesize><nrows>2736</nrows><ncols>4100</ncols></imagesize><object><name>m1_s06_144_p_nic029</name><deleted>0</deleted><verified>0</verified><occluded>no</occluded><attributes></attributes><parts><hasparts></hasparts><ispartof></ispartof></parts><date>08-09-20 02:01:09:554</date><id>0</id><type>bounding_box</type><polygon><username>anonymous</username><pt><x>1064</x><y>147</y><time>08-09-20 02:01:07:367</time></pt><pt><x>2422</x><y>147</y><time>08-09-20 02:01:08:965</time></pt><pt><x>2422</x><y>1817</y><time>undefined</time></pt><pt><x>1064</x><y>1817</y><time>undefined</time></pt><closed_date>08-09-20 02:01:08:965</closed_date></polygon></object></annotation>