<annotation><filename>m3_s01_018_p_nic084.jpg</filename><folder>users/joselusava//m4_js/18/nic</folder><source><submittedBy>Jose Saca</submittedBy></source><imagesize><nrows>2970</nrows><ncols>4451</ncols></imagesize><object><name>m3_s01_018_p_nic084</name><deleted>0</deleted><verified>0</verified><occluded>no</occluded><attributes></attributes><parts><hasparts></hasparts><ispartof></ispartof></parts><date>05-11-20 18:18:32:539</date><id>0</id><type>bounding_box</type><polygon><username>anonymous</username><pt><x>4451</x><y>2957</y><time>05-11-20 18:18:30:634</time></pt><pt><x>1193</x><y>2957</y><time>05-11-20 18:18:31:923</time></pt><pt><x>1193</x><y>197</y><time>undefined</time></pt><pt><x>4451</x><y>197</y><time>undefined</time></pt><closed_date>05-11-20 18:18:31:923</closed_date></polygon></object></annotation>