<annotation><filename>m1_s02_030_x.jpg</filename><folder>users/joselusava//valeria/sala2</folder><source><submittedBy>Jose Saca</submittedBy></source><imagesize><nrows>3200</nrows><ncols>4800</ncols></imagesize><object><name>m1_s01_030_x</name><deleted>0</deleted><verified>0</verified><occluded>no</occluded><attributes></attributes><parts><hasparts></hasparts><ispartof></ispartof></parts><date>28-08-20 11:13:05:946</date><id>0</id><type>bounding_box</type><polygon><username>anonymous</username><pt><x>3361</x><y>2636</y><time>28-08-20 11:12:40:614</time></pt><pt><x>1224</x><y>2636</y><time>28-08-20 11:12:44:538</time></pt><pt><x>1224</x><y>97</y><time>undefined</time></pt><pt><x>3361</x><y>97</y><time>undefined</time></pt><closed_date>28-08-20 11:12:44:539</closed_date></polygon></object></annotation>