<annotation><filename>m4_s12_186_p_nic051.jpg</filename><folder>users/joselusava//m4_js/186/nic</folder><source><submittedBy>Jose Saca</submittedBy></source><imagesize><nrows>3899</nrows><ncols>5844</ncols></imagesize><object><name>m4_s12_186_p_nic051</name><deleted>0</deleted><verified>0</verified><occluded>no</occluded><attributes></attributes><parts><hasparts></hasparts><ispartof></ispartof></parts><date>18-10-20 11:38:42:227</date><id>0</id><type>bounding_box</type><polygon><username>anonymous</username><pt><x>2671</x><y>2986</y><time>18-10-20 11:38:39:281</time></pt><pt><x>432</x><y>2986</y><time>18-10-20 11:38:41:577</time></pt><pt><x>432</x><y>23</y><time>undefined</time></pt><pt><x>2671</x><y>23</y><time>undefined</time></pt><closed_date>18-10-20 11:38:41:577</closed_date></polygon></object></annotation>