<annotation><filename>m4_s10_164_p_ic083.jpg</filename><folder>users/joselusava//santiago_2</folder><source><submittedBy>Jose Saca</submittedBy></source><imagesize><nrows>2970</nrows><ncols>4451</ncols></imagesize><object><name>m4_s10_164_p_ic083</name><deleted>0</deleted><verified>0</verified><occluded>no</occluded><attributes></attributes><parts><hasparts></hasparts><ispartof></ispartof></parts><date>13-10-20 23:07:39:863</date><id>0</id><type>bounding_box</type><polygon><username>anonymous</username><pt><x>1813</x><y>907</y><time>13-10-20 23:07:36:603</time></pt><pt><x>2410</x><y>907</y><time>13-10-20 23:07:37:703</time></pt><pt><x>2410</x><y>1699</y><time>undefined</time></pt><pt><x>1813</x><y>1699</y><time>undefined</time></pt><closed_date>13-10-20 23:07:37:705</closed_date></polygon></object></annotation>