<annotation><filename>m3_s01_002_p_nic081.jpg</filename><folder>users/joselusava//santiago_3</folder><source><submittedBy>Jose Saca</submittedBy></source><imagesize><nrows>2970</nrows><ncols>4451</ncols></imagesize><object><name>m3_s01_002_p_nic081</name><deleted>0</deleted><verified>0</verified><occluded>no</occluded><attributes></attributes><parts><hasparts></hasparts><ispartof></ispartof></parts><date>29-10-20 21:07:39:447</date><id>0</id><type>bounding_box</type><polygon><username>anonymous</username><pt><x>1292</x><y>921</y><time>29-10-20 21:06:47:123</time></pt><pt><x>3238</x><y>921</y><time>29-10-20 21:06:48:305</time></pt><pt><x>3238</x><y>2581</y><time>undefined</time></pt><pt><x>1292</x><y>2581</y><time>undefined</time></pt><closed_date>29-10-20 21:06:48:305</closed_date></polygon></object></annotation>