<annotation><filename>m4_s05_055_p_nic020.jpg</filename><folder>users/joselusava//valeria/m4_s05_055_nic</folder><source><submittedBy>Jose Saca</submittedBy></source><imagesize><nrows>2910</nrows><ncols>4361</ncols></imagesize><object><name>m4_s05_055_p_nic020</name><deleted>0</deleted><verified>0</verified><occluded>no</occluded><attributes></attributes><parts><hasparts></hasparts><ispartof></ispartof></parts><date>09-10-20 16:35:17:749</date><id>0</id><type>bounding_box</type><polygon><username>anonymous</username><pt><x>2083</x><y>2789</y><time>09-10-20 16:35:10:834</time></pt><pt><x>634</x><y>2789</y><time>09-10-20 16:35:13:258</time></pt><pt><x>634</x><y>1235</y><time>undefined</time></pt><pt><x>2083</x><y>1235</y><time>undefined</time></pt><closed_date>09-10-20 16:35:13:260</closed_date></polygon></object></annotation>