<annotation><filename>m4_s04_037_p_ic057.jpg</filename><folder>users/joselusava//santiago_2</folder><source><submittedBy>Jose Saca</submittedBy></source><imagesize><nrows>2970</nrows><ncols>4451</ncols></imagesize><object><name>m4_s04_037_p_ic057</name><deleted>0</deleted><verified>0</verified><occluded>no</occluded><attributes></attributes><parts><hasparts></hasparts><ispartof></ispartof></parts><date>18-10-20 17:46:29:786</date><id>0</id><type>bounding_box</type><polygon><username>anonymous</username><pt><x>1674</x><y>471</y><time>18-10-20 17:46:25:740</time></pt><pt><x>3134</x><y>471</y><time>18-10-20 17:46:27:186</time></pt><pt><x>3134</x><y>2670</y><time>undefined</time></pt><pt><x>1674</x><y>2670</y><time>undefined</time></pt><closed_date>18-10-20 17:46:27:187</closed_date></polygon></object></annotation>