<annotation><filename>m4_s12_185_p_nic019.jpg</filename><folder>users/joselusava//valeria/m04_s12_185_nic</folder><source><submittedBy>Jose Saca</submittedBy></source><imagesize><nrows>2910</nrows><ncols>4361</ncols></imagesize><object><name>m4_s12_185_p_nic019</name><deleted>0</deleted><verified>0</verified><occluded>no</occluded><attributes></attributes><parts><hasparts></hasparts><ispartof></ispartof></parts><date>17-10-20 19:41:29:728</date><id>0</id><type>bounding_box</type><polygon><username>anonymous</username><pt><x>50</x><y>2681</y><time>17-10-20 19:41:22:992</time></pt><pt><x>2865</x><y>2681</y><time>17-10-20 19:41:25:381</time></pt><pt><x>2865</x><y>308</y><time>undefined</time></pt><pt><x>50</x><y>308</y><time>undefined</time></pt><closed_date>17-10-20 19:41:25:383</closed_date></polygon></object></annotation>