<annotation><filename>m1_s02_052_p_nic004.jpg</filename><folder>users/joselusava//valeria/sala2_052_nic</folder><source><submittedBy>Jose Saca</submittedBy></source><imagesize><nrows>3200</nrows><ncols>4800</ncols></imagesize><object><name>m1_s02_052_p_nic004</name><deleted>0</deleted><verified>0</verified><occluded>no</occluded><attributes></attributes><parts><hasparts></hasparts><ispartof></ispartof></parts><date>27-08-20 13:44:10:556</date><id>0</id><type>bounding_box</type><polygon><username>anonymous</username><pt><x>3678</x><y>1170</y><time>27-08-20 13:44:04:005</time></pt><pt><x>2856</x><y>1170</y><time>27-08-20 13:44:06:551</time></pt><pt><x>2856</x><y>446</y><time>undefined</time></pt><pt><x>3678</x><y>446</y><time>undefined</time></pt><closed_date>27-08-20 13:44:06:552</closed_date></polygon></object></annotation>