<annotation><filename>m2_s03_252_p_ic030.jpg</filename><folder>users/joselusava//valeria/m2_sala03_252_ic</folder><source><submittedBy>Jose Saca</submittedBy></source><imagesize><nrows>2910</nrows><ncols>4361</ncols></imagesize><object><name>m2_s06_252_p_ic030</name><deleted>0</deleted><verified>0</verified><occluded>no</occluded><attributes></attributes><parts><hasparts></hasparts><ispartof></ispartof></parts><date>25-09-20 20:22:29:817</date><id>0</id><type>bounding_box</type><polygon><username>anonymous</username><pt><x>276</x><y>198</y><time>25-09-20 20:22:24:208</time></pt><pt><x>3538</x><y>198</y><time>25-09-20 20:22:26:456</time></pt><pt><x>3538</x><y>2557</y><time>undefined</time></pt><pt><x>276</x><y>2557</y><time>undefined</time></pt><closed_date>25-09-20 20:22:26:457</closed_date></polygon></object></annotation>