<annotation><filename>m2_s05_236_p_nic039.jpg</filename><folder>users/joselusava//museos2020</folder><source><submittedBy>Jose Saca</submittedBy></source><imagesize><nrows>2910</nrows><ncols>4361</ncols></imagesize><object><name>m2_s05_236_p_nic039</name><deleted>0</deleted><verified>0</verified><occluded>no</occluded><attributes></attributes><parts><hasparts></hasparts><ispartof></ispartof></parts><date>17-09-20 07:12:55:552</date><id>0</id><type>bounding_box</type><polygon><username>anonymous</username><pt><x>177</x><y>60</y><time>17-09-20 07:12:38:800</time></pt><pt><x>2743</x><y>60</y><time>17-09-20 07:12:39:977</time></pt><pt><x>2743</x><y>2004</y><time>undefined</time></pt><pt><x>177</x><y>2004</y><time>undefined</time></pt><closed_date>17-09-20 07:12:39:979</closed_date></polygon></object></annotation>