<annotation><filename>m4_s02_015_p_nic035.jpg</filename><folder>users/joselusava//m4_js/15nic</folder><source><submittedBy>Jose Saca</submittedBy></source><imagesize><nrows>2910</nrows><ncols>4361</ncols></imagesize><object><name>m4_s02_015_p_nic035</name><deleted>0</deleted><verified>0</verified><occluded>no</occluded><attributes></attributes><parts><hasparts></hasparts><ispartof></ispartof></parts><date>06-10-20 19:55:16:330</date><id>0</id><type>bounding_box</type><polygon><username>anonymous</username><pt><x>4239</x><y>2725</y><time>06-10-20 19:55:14:546</time></pt><pt><x>2664</x><y>2725</y><time>06-10-20 19:55:15:630</time></pt><pt><x>2664</x><y>1219</y><time>undefined</time></pt><pt><x>4239</x><y>1219</y><time>undefined</time></pt><closed_date>06-10-20 19:55:15:630</closed_date></polygon></object></annotation>