<annotation><filename>m1_s02_065_p_ic097.jpg</filename><folder>users/joselusava//valeria/sala2_065_ic</folder><source><submittedBy>Jose Saca</submittedBy></source><imagesize><nrows>2000</nrows><ncols>2992</ncols></imagesize><object><name>m1_s02_065_p_ic097</name><deleted>0</deleted><verified>0</verified><occluded>no</occluded><attributes></attributes><parts><hasparts></hasparts><ispartof></ispartof></parts><date>26-08-20 01:47:45:521</date><id>0</id><type>bounding_box</type><polygon><username>anonymous</username><pt><x>84</x><y>393</y><time>26-08-20 01:47:28:633</time></pt><pt><x>2805</x><y>393</y><time>26-08-20 01:47:32:148</time></pt><pt><x>2805</x><y>1748</y><time>undefined</time></pt><pt><x>84</x><y>1748</y><time>undefined</time></pt><closed_date>26-08-20 01:47:32:149</closed_date></polygon></object></annotation>