<annotation><filename>m1_s01_004_p_nic052.jpg</filename><folder>users/joselusava//valeria_apoyo/sala01_004_nic</folder><source><submittedBy>Jose Saca</submittedBy></source><imagesize><nrows>3200</nrows><ncols>4800</ncols></imagesize><object><name>m1_s01_004_p_nic052</name><deleted>0</deleted><verified>0</verified><occluded>no</occluded><attributes></attributes><parts><hasparts></hasparts><ispartof></ispartof></parts><date>17-09-20 14:57:23:915</date><id>0</id><type>bounding_box</type><polygon><username>anonymous</username><pt><x>3073</x><y>2891</y><time>17-09-20 14:57:16:570</time></pt><pt><x>212</x><y>2891</y><time>17-09-20 14:57:20:401</time></pt><pt><x>212</x><y>1315</y><time>undefined</time></pt><pt><x>3073</x><y>1315</y><time>undefined</time></pt><closed_date>17-09-20 14:57:20:402</closed_date></polygon></object></annotation>