<annotation><filename>m4_s09_138_p_nic038.jpg</filename><folder>users/joselusava//santiago_2</folder><source><submittedBy>Jose Saca</submittedBy></source><imagesize><nrows>2970</nrows><ncols>4451</ncols></imagesize><object><name>m4_s09_138_p_nic038</name><deleted>0</deleted><verified>0</verified><occluded>no</occluded><attributes></attributes><parts><hasparts></hasparts><ispartof></ispartof></parts><date>23-10-20 13:47:10:551</date><id>0</id><type>bounding_box</type><polygon><username>anonymous</username><pt><x>1885</x><y>825</y><time>23-10-20 13:47:07:092</time></pt><pt><x>4359</x><y>825</y><time>23-10-20 13:47:08:029</time></pt><pt><x>4359</x><y>1924</y><time>undefined</time></pt><pt><x>1885</x><y>1924</y><time>undefined</time></pt><closed_date>23-10-20 13:47:08:030</closed_date></polygon></object></annotation>