<annotation><filename>m2_s07_264_p_ic089.jpg</filename><folder>users/joselusava//valeria/sala7_264_ic</folder><source><submittedBy>Jose Saca</submittedBy></source><imagesize><nrows>2910</nrows><ncols>4361</ncols></imagesize><object><name>m2_s07_264_p_ic089</name><deleted>0</deleted><verified>0</verified><occluded>no</occluded><attributes></attributes><parts><hasparts></hasparts><ispartof></ispartof></parts><date>23-09-20 12:36:19:689</date><id>0</id><type>bounding_box</type><polygon><username>anonymous</username><pt><x>1477</x><y>474</y><time>23-09-20 12:36:12:650</time></pt><pt><x>2904</x><y>474</y><time>23-09-20 12:36:16:239</time></pt><pt><x>2904</x><y>2364</y><time>undefined</time></pt><pt><x>1477</x><y>2364</y><time>undefined</time></pt><closed_date>23-09-20 12:36:16:241</closed_date></polygon></object></annotation>