<annotation><filename>m4_s05_060_p_ic071.jpg</filename><folder>users/joselusava//m4_js/60/ic</folder><source><submittedBy>Jose Saca</submittedBy></source><imagesize><nrows>2910</nrows><ncols>4361</ncols></imagesize><object><name>m4_s05_060_p_ic071</name><deleted>0</deleted><verified>0</verified><occluded>no</occluded><attributes></attributes><parts><hasparts></hasparts><ispartof></ispartof></parts><date>13-10-20 16:00:28:168</date><id>0</id><type>bounding_box</type><polygon><username>anonymous</username><pt><x>70</x><y>2342</y><time>13-10-20 16:00:24:948</time></pt><pt><x>4335</x><y>2342</y><time>13-10-20 16:00:27:253</time></pt><pt><x>4335</x><y>392</y><time>undefined</time></pt><pt><x>70</x><y>392</y><time>undefined</time></pt><closed_date>13-10-20 16:00:27:254</closed_date></polygon></object></annotation>