<annotation><filename>m2_s01_032_p_nic005.jpg</filename><folder>users/joselusava//santiago_2</folder><source><submittedBy>Jose Saca</submittedBy></source><imagesize><nrows>2850</nrows><ncols>4271</ncols></imagesize><object><name>m2_s01_032_p_nic005</name><deleted>0</deleted><verified>0</verified><occluded>no</occluded><attributes></attributes><parts><hasparts></hasparts><ispartof></ispartof></parts><date>30-09-20 17:41:38:940</date><id>0</id><type>bounding_box</type><polygon><username>anonymous</username><pt><x>2033</x><y>228</y><time>30-09-20 17:41:35:718</time></pt><pt><x>3001</x><y>228</y><time>30-09-20 17:41:36:956</time></pt><pt><x>3001</x><y>1475</y><time>undefined</time></pt><pt><x>2033</x><y>1475</y><time>undefined</time></pt><closed_date>30-09-20 17:41:36:956</closed_date></polygon></object></annotation>