<annotation><filename>m4_s02_015_p_nic089.jpg</filename><folder>users/joselusava//m4_js/15nic</folder><source><submittedBy>Jose Saca</submittedBy></source><imagesize><nrows>2910</nrows><ncols>4361</ncols></imagesize><object><name>m4_s02_015_p_nic089</name><deleted>0</deleted><verified>0</verified><occluded>no</occluded><attributes></attributes><parts><hasparts></hasparts><ispartof></ispartof></parts><date>06-10-20 20:18:16:350</date><id>0</id><type>bounding_box</type><polygon><username>anonymous</username><pt><x>192</x><y>279</y><time>06-10-20 20:18:14:097</time></pt><pt><x>1628</x><y>279</y><time>06-10-20 20:18:15:404</time></pt><pt><x>1628</x><y>1767</y><time>undefined</time></pt><pt><x>192</x><y>1767</y><time>undefined</time></pt><closed_date>06-10-20 20:18:15:404</closed_date></polygon></object></annotation>