<annotation><filename>m1_s01_021_p_nic100.jpg</filename><folder>users/joselusava//santiago</folder><source><submittedBy>Jose Saca</submittedBy></source><imagesize><nrows>3200</nrows><ncols>4800</ncols></imagesize><object><name>m1_s01_021_p_nic100</name><deleted>0</deleted><verified>0</verified><occluded>no</occluded><attributes></attributes><parts><hasparts></hasparts><ispartof></ispartof></parts><date>16-09-20 22:42:19:421</date><id>0</id><type>bounding_box</type><polygon><username>anonymous</username><pt><x>3009</x><y>1832</y><time>16-09-20 22:42:13:047</time></pt><pt><x>3636</x><y>1832</y><time>16-09-20 22:42:13:829</time></pt><pt><x>3636</x><y>2548</y><time>undefined</time></pt><pt><x>3009</x><y>2548</y><time>undefined</time></pt><closed_date>16-09-20 22:42:13:829</closed_date></polygon></object></annotation>