<annotation><filename>m2_s01_001_p_nic073.jpg</filename><folder>users/joselusava//santiago</folder><source><submittedBy>Jose Saca</submittedBy></source><imagesize><nrows>2850</nrows><ncols>4271</ncols></imagesize><object><name>m2_s01_001_p_nic073</name><deleted>0</deleted><verified>0</verified><occluded>no</occluded><attributes></attributes><parts><hasparts></hasparts><ispartof></ispartof></parts><date>19-09-20 23:20:06:361</date><id>0</id><type>bounding_box</type><polygon><username>anonymous</username><pt><x>96</x><y>378</y><time>19-09-20 23:19:58:356</time></pt><pt><x>1622</x><y>378</y><time>19-09-20 23:19:59:682</time></pt><pt><x>1622</x><y>1693</y><time>undefined</time></pt><pt><x>96</x><y>1693</y><time>undefined</time></pt><closed_date>19-09-20 23:19:59:684</closed_date></polygon></object></annotation>