<annotation><filename>m4_s05_055_p_ic027.jpg</filename><folder>users/joselusava//valeria/m4_s05_055_ic</folder><source><submittedBy>Jose Saca</submittedBy></source><imagesize><nrows>2910</nrows><ncols>4361</ncols></imagesize><object><name>m4_s05_055_p_ic027</name><deleted>0</deleted><verified>0</verified><occluded>no</occluded><attributes></attributes><parts><hasparts></hasparts><ispartof></ispartof></parts><date>08-10-20 22:08:44:514</date><id>0</id><type>bounding_box</type><polygon><username>anonymous</username><pt><x>1306</x><y>320</y><time>08-10-20 22:08:38:632</time></pt><pt><x>3367</x><y>320</y><time>08-10-20 22:08:40:548</time></pt><pt><x>3367</x><y>2320</y><time>undefined</time></pt><pt><x>1306</x><y>2320</y><time>undefined</time></pt><closed_date>08-10-20 22:08:40:550</closed_date></polygon></object></annotation>