<annotation><filename>m1_s02_029_p_nic050.jpg</filename><folder>users/joselusava//valeria/sala2_029_nic</folder><source><submittedBy>Jose Saca</submittedBy></source><imagesize><nrows>3200</nrows><ncols>4800</ncols></imagesize><object><name>m1_s02_029_p_nic050</name><deleted>0</deleted><verified>0</verified><occluded>no</occluded><attributes></attributes><parts><hasparts></hasparts><ispartof></ispartof></parts><date>26-08-20 19:14:21:029</date><id>0</id><type>bounding_box</type><polygon><username>anonymous</username><pt><x>424</x><y>193</y><time>26-08-20 19:14:13:958</time></pt><pt><x>1745</x><y>193</y><time>26-08-20 19:14:17:265</time></pt><pt><x>1745</x><y>1643</y><time>undefined</time></pt><pt><x>424</x><y>1643</y><time>undefined</time></pt><closed_date>26-08-20 19:14:17:265</closed_date></polygon></object></annotation>