<annotation><filename>m4_s09_138_p_nic068.jpg</filename><folder>users/joselusava//santiago_2</folder><source><submittedBy>Jose Saca</submittedBy></source><imagesize><nrows>2970</nrows><ncols>4451</ncols></imagesize><object><name>m4_s09_138_p_nic068</name><deleted>0</deleted><verified>0</verified><occluded>no</occluded><attributes></attributes><parts><hasparts></hasparts><ispartof></ispartof></parts><date>23-10-20 14:11:45:537</date><id>0</id><type>bounding_box</type><polygon><username>anonymous</username><pt><x>1660</x><y>325</y><time>23-10-20 14:11:42:583</time></pt><pt><x>4337</x><y>325</y><time>23-10-20 14:11:43:769</time></pt><pt><x>4337</x><y>1406</y><time>undefined</time></pt><pt><x>1660</x><y>1406</y><time>undefined</time></pt><closed_date>23-10-20 14:11:43:769</closed_date></polygon></object></annotation>