<annotation><filename>m4_s06_089_p_nic095.jpg</filename><folder>users/joselusava//santiago_2</folder><source><submittedBy>Jose Saca</submittedBy></source><imagesize><nrows>2970</nrows><ncols>4451</ncols></imagesize><object><name>m4_s06_089_p_nic095</name><deleted>0</deleted><verified>0</verified><occluded>no</occluded><attributes></attributes><parts><hasparts></hasparts><ispartof></ispartof></parts><date>12-10-20 22:24:44:491</date><id>0</id><type>bounding_box</type><polygon><username>anonymous</username><pt><x>389</x><y>357</y><time>12-10-20 22:24:40:534</time></pt><pt><x>1396</x><y>357</y><time>12-10-20 22:24:42:249</time></pt><pt><x>1396</x><y>2474</y><time>undefined</time></pt><pt><x>389</x><y>2474</y><time>undefined</time></pt><closed_date>12-10-20 22:24:42:250</closed_date></polygon></object></annotation>