<annotation><filename>m4_s05_055_p_nic082.jpg</filename><folder>users/joselusava//valeria/m4_s05_055_nic</folder><source><submittedBy>Jose Saca</submittedBy></source><imagesize><nrows>2910</nrows><ncols>4361</ncols></imagesize><object><name>m4_s05_055_p_nic082</name><deleted>0</deleted><verified>0</verified><occluded>no</occluded><attributes></attributes><parts><hasparts></hasparts><ispartof></ispartof></parts><date>09-10-20 18:13:56:122</date><id>0</id><type>bounding_box</type><polygon><username>anonymous</username><pt><x>331</x><y>551</y><time>09-10-20 18:13:50:357</time></pt><pt><x>1675</x><y>551</y><time>09-10-20 18:13:52:725</time></pt><pt><x>1675</x><y>2111</y><time>undefined</time></pt><pt><x>331</x><y>2111</y><time>undefined</time></pt><closed_date>09-10-20 18:13:52:725</closed_date></polygon></object></annotation>