<annotation><filename>m2_s06_250_p_ic095.jpg</filename><folder>users/joselusava//valeria/m2_sala06_250_ic</folder><source><submittedBy>Jose Saca</submittedBy></source><imagesize><nrows>2910</nrows><ncols>4361</ncols></imagesize><object><name>m2_s06_250_p_ic094</name><deleted>0</deleted><verified>0</verified><occluded>no</occluded><attributes></attributes><parts><hasparts></hasparts><ispartof></ispartof></parts><date>01-10-20 12:14:45:595</date><id>0</id><type>bounding_box</type><polygon><username>anonymous</username><pt><x>546</x><y>1720</y><time>01-10-20 12:14:39:768</time></pt><pt><x>4040</x><y>1720</y><time>01-10-20 12:14:42:053</time></pt><pt><x>4040</x><y>970</y><time>undefined</time></pt><pt><x>546</x><y>970</y><time>undefined</time></pt><closed_date>01-10-20 12:14:42:053</closed_date></polygon></object></annotation>