<annotation><filename>m4_s06_089_p_nic070.jpg</filename><folder>users/joselusava//santiago_2</folder><source><submittedBy>Jose Saca</submittedBy></source><imagesize><nrows>2970</nrows><ncols>4451</ncols></imagesize><object><name>m4_s06_089_p_nic070</name><deleted>0</deleted><verified>0</verified><occluded>no</occluded><attributes></attributes><parts><hasparts></hasparts><ispartof></ispartof></parts><date>12-10-20 22:00:08:401</date><id>0</id><type>bounding_box</type><polygon><username>anonymous</username><pt><x>1017</x><y>125</y><time>12-10-20 22:00:05:269</time></pt><pt><x>1956</x><y>125</y><time>12-10-20 22:00:06:634</time></pt><pt><x>1956</x><y>1906</y><time>undefined</time></pt><pt><x>1017</x><y>1906</y><time>undefined</time></pt><closed_date>12-10-20 22:00:06:635</closed_date></polygon></object></annotation>