<annotation><filename>m1_s06_168_p_ic032.jpg</filename><folder>users/joselusava//jacob_2/168ic</folder><source><submittedBy>Jose Saca</submittedBy></source><imagesize><nrows>2736</nrows><ncols>4100</ncols></imagesize><object><name>m1_s06_168_p_ic032</name><deleted>0</deleted><verified>0</verified><occluded>no</occluded><attributes></attributes><parts><hasparts></hasparts><ispartof></ispartof></parts><date>08-09-20 19:49:07:226</date><id>0</id><type>bounding_box</type><polygon><username>anonymous</username><pt><x>1547</x><y>2381</y><time>08-09-20 19:49:04:737</time></pt><pt><x>2439</x><y>2381</y><time>08-09-20 19:49:06:375</time></pt><pt><x>2439</x><y>106</y><time>undefined</time></pt><pt><x>1547</x><y>106</y><time>undefined</time></pt><closed_date>08-09-20 19:49:06:375</closed_date></polygon></object></annotation>