<annotation><filename>m3_s01_002_p_nic045.jpg</filename><folder>users/joselusava//santiago_3</folder><source><submittedBy>Jose Saca</submittedBy></source><imagesize><nrows>2970</nrows><ncols>4451</ncols></imagesize><object><name>m3_s01_002_p_nic045</name><deleted>0</deleted><verified>0</verified><occluded>no</occluded><attributes></attributes><parts><hasparts></hasparts><ispartof></ispartof></parts><date>29-10-20 20:42:24:086</date><id>0</id><type>bounding_box</type><polygon><username>anonymous</username><pt><x>139</x><y>553</y><time>29-10-20 20:42:20:059</time></pt><pt><x>2131</x><y>553</y><time>29-10-20 20:42:21:583</time></pt><pt><x>2131</x><y>2752</y><time>undefined</time></pt><pt><x>139</x><y>2752</y><time>undefined</time></pt><closed_date>29-10-20 20:42:21:584</closed_date></polygon></object></annotation>