<annotation><filename>m2_s03_201_p_ic047.jpg</filename><folder>users/joselusava//eg</folder><source><submittedBy>Jose Saca</submittedBy></source><imagesize><nrows>2910</nrows><ncols>4361</ncols></imagesize><object><name>m2_s03_201_p_ic047</name><deleted>0</deleted><verified>0</verified><occluded>no</occluded><attributes></attributes><parts><hasparts></hasparts><ispartof></ispartof></parts><date>17-09-20 07:10:47:473</date><id>0</id><type>bounding_box</type><polygon><username>anonymous</username><pt><x>1025</x><y>229</y><time>17-09-20 07:10:32:608</time></pt><pt><x>3233</x><y>229</y><time>17-09-20 07:10:33:886</time></pt><pt><x>3233</x><y>2559</y><time>undefined</time></pt><pt><x>1025</x><y>2559</y><time>undefined</time></pt><closed_date>17-09-20 07:10:33:887</closed_date></polygon></object></annotation>