<annotation><filename>m1_s02_029_p_nic017.jpg</filename><folder>users/joselusava//museos2020</folder><source><submittedBy>Jose Saca</submittedBy></source><imagesize><nrows>3200</nrows><ncols>4800</ncols></imagesize><object><name>m1_s02_029_p_nic017</name><deleted>0</deleted><verified>0</verified><occluded>no</occluded><attributes></attributes><parts><hasparts></hasparts><ispartof></ispartof></parts><date>27-08-20 18:35:28:528</date><id>0</id><type>bounding_box</type><polygon><username>anonymous</username><pt><x>2932</x><y>2958</y><time>27-08-20 18:35:20:959</time></pt><pt><x>1938</x><y>2958</y><time>27-08-20 18:35:25:150</time></pt><pt><x>1938</x><y>1842</y><time>undefined</time></pt><pt><x>2932</x><y>1842</y><time>undefined</time></pt><closed_date>27-08-20 18:35:25:152</closed_date></polygon></object></annotation>