<annotation><filename>m4_s12_185_p_nic017.jpg</filename><folder>users/joselusava//valeria/m04_s12_185_nic</folder><source><submittedBy>Jose Saca</submittedBy></source><imagesize><nrows>2910</nrows><ncols>4361</ncols></imagesize><object><name>m4_s12_185_p_nic017</name><deleted>0</deleted><verified>0</verified><occluded>no</occluded><attributes></attributes><parts><hasparts></hasparts><ispartof></ispartof></parts><date>17-10-20 19:36:49:141</date><id>0</id><type>bounding_box</type><polygon><username>anonymous</username><pt><x>50</x><y>2669</y><time>17-10-20 19:36:38:822</time></pt><pt><x>2787</x><y>2669</y><time>17-10-20 19:36:41:248</time></pt><pt><x>2787</x><y>257</y><time>undefined</time></pt><pt><x>50</x><y>257</y><time>undefined</time></pt><closed_date>17-10-20 19:36:41:250</closed_date></polygon></object></annotation>