<annotation><filename>m1_s06_186_p_ic014.jpg</filename><folder>users/joselusava//jacob_2/186ic</folder><source><submittedBy>Jose Saca</submittedBy></source><imagesize><nrows>2736</nrows><ncols>4100</ncols></imagesize><object><name>s06_186_p_ic014</name><deleted>0</deleted><verified>0</verified><occluded>no</occluded><attributes></attributes><parts><hasparts></hasparts><ispartof></ispartof></parts><date>09-09-20 11:22:07:098</date><id>0</id><type>bounding_box</type><polygon><username>anonymous</username><pt><x>917</x><y>2717</y><time>09-09-20 11:22:04:385</time></pt><pt><x>3298</x><y>2717</y><time>09-09-20 11:22:06:384</time></pt><pt><x>3298</x><y>139</y><time>undefined</time></pt><pt><x>917</x><y>139</y><time>undefined</time></pt><closed_date>09-09-20 11:22:06:384</closed_date></polygon></object></annotation>