<annotation><filename>m4_s11_178_p_nic056.jpg</filename><folder>users/joselusava//santiago_2</folder><source><submittedBy>Jose Saca</submittedBy></source><imagesize><nrows>2970</nrows><ncols>4451</ncols></imagesize><object><name>m4_s11_178_p_nic056</name><deleted>0</deleted><verified>0</verified><occluded>no</occluded><attributes></attributes><parts><hasparts></hasparts><ispartof></ispartof></parts><date>16-10-20 09:37:25:080</date><id>0</id><type>bounding_box</type><polygon><username>anonymous</username><pt><x>432</x><y>835</y><time>16-10-20 09:37:21:720</time></pt><pt><x>1674</x><y>835</y><time>16-10-20 09:37:23:148</time></pt><pt><x>1674</x><y>2010</y><time>undefined</time></pt><pt><x>432</x><y>2010</y><time>undefined</time></pt><closed_date>16-10-20 09:37:23:150</closed_date></polygon></object></annotation>