<annotation><filename>m1_s02_065_p_nic085.jpg</filename><folder>users/joselusava//valeria/sala2_065_nic</folder><source><submittedBy>Jose Saca</submittedBy></source><imagesize><nrows>2000</nrows><ncols>2992</ncols></imagesize><object><name>m1_s02_065_p_nic085</name><deleted>0</deleted><verified>0</verified><occluded>no</occluded><attributes></attributes><parts><hasparts></hasparts><ispartof></ispartof></parts><date>28-08-20 00:30:42:970</date><id>0</id><type>bounding_box</type><polygon><username>anonymous</username><pt><x>2893</x><y>1715</y><time>28-08-20 00:30:37:400</time></pt><pt><x>1238</x><y>1715</y><time>28-08-20 00:30:39:633</time></pt><pt><x>1238</x><y>1077</y><time>undefined</time></pt><pt><x>2893</x><y>1077</y><time>undefined</time></pt><closed_date>28-08-20 00:30:39:634</closed_date></polygon></object></annotation>