<annotation><filename>m4_s06_089_p_nic098.jpg</filename><folder>users/joselusava//santiago_2</folder><source><submittedBy>Jose Saca</submittedBy></source><imagesize><nrows>2970</nrows><ncols>4451</ncols></imagesize><object><name>m4_s06_089_p_nic098</name><deleted>0</deleted><verified>0</verified><occluded>no</occluded><attributes></attributes><parts><hasparts></hasparts><ispartof></ispartof></parts><date>12-10-20 22:26:53:912</date><id>0</id><type>bounding_box</type><polygon><username>anonymous</username><pt><x>2235</x><y>882</y><time>12-10-20 22:26:50:670</time></pt><pt><x>3366</x><y>882</y><time>12-10-20 22:26:51:826</time></pt><pt><x>3366</x><y>2745</y><time>undefined</time></pt><pt><x>2235</x><y>2745</y><time>undefined</time></pt><closed_date>12-10-20 22:26:51:828</closed_date></polygon></object></annotation>