<annotation><filename>m1_s06_168_p_nic098.jpg</filename><folder>users/joselusava//jacob_2/168nic</folder><source><submittedBy>Jose Saca</submittedBy></source><imagesize><nrows>2736</nrows><ncols>4100</ncols></imagesize><object><name>m1_s06_168_p_nic098</name><deleted>0</deleted><verified>0</verified><occluded>no</occluded><attributes></attributes><parts><hasparts></hasparts><ispartof></ispartof></parts><date>09-09-20 11:03:57:062</date><id>0</id><type>bounding_box</type><polygon><username>anonymous</username><pt><x>589</x><y>2038</y><time>09-09-20 11:03:55:398</time></pt><pt><x>1809</x><y>2038</y><time>09-09-20 11:03:56:457</time></pt><pt><x>1809</x><y>434</y><time>undefined</time></pt><pt><x>589</x><y>434</y><time>undefined</time></pt><closed_date>09-09-20 11:03:56:458</closed_date></polygon></object></annotation>