<annotation><filename>m4_s12_186_p_nic084.jpg</filename><folder>users/joselusava//m4_js/186/nic</folder><source><submittedBy>Jose Saca</submittedBy></source><imagesize><nrows>3899</nrows><ncols>5844</ncols></imagesize><object><name>m4_s12_186_p_nic083</name><deleted>0</deleted><verified>0</verified><occluded>no</occluded><attributes></attributes><parts><hasparts></hasparts><ispartof></ispartof></parts><date>18-10-20 12:17:52:377</date><id>0</id><type>bounding_box</type><polygon><username>anonymous</username><pt><x>5844</x><y>3698</y><time>18-10-20 12:17:50:097</time></pt><pt><x>3149</x><y>3698</y><time>18-10-20 12:17:51:462</time></pt><pt><x>3149</x><y>222</y><time>undefined</time></pt><pt><x>5844</x><y>222</y><time>undefined</time></pt><closed_date>18-10-20 12:17:51:462</closed_date></polygon></object></annotation>