<annotation><filename>m2_s02_190_p_nic066.jpg</filename><folder>users/joselusava//m2_jsv/190/nic</folder><source><submittedBy>Jose Saca</submittedBy></source><imagesize><nrows>2910</nrows><ncols>4361</ncols></imagesize><object><name>m2_s02_190_p_nic066</name><deleted>0</deleted><verified>0</verified><occluded>no</occluded><attributes></attributes><parts><hasparts></hasparts><ispartof></ispartof></parts><date>21-09-20 15:13:40:127</date><id>0</id><type>bounding_box</type><polygon><username>anonymous</username><pt><x>4022</x><y>2115</y><time>21-09-20 15:13:38:170</time></pt><pt><x>2951</x><y>2115</y><time>21-09-20 15:13:39:577</time></pt><pt><x>2951</x><y>1175</y><time>undefined</time></pt><pt><x>4022</x><y>1175</y><time>undefined</time></pt><closed_date>21-09-20 15:13:39:577</closed_date></polygon></object></annotation>