<annotation><filename>m2_s01_024_p_nic094.jpg</filename><folder>users/joselusava//santiago</folder><source><submittedBy>Jose Saca</submittedBy></source><imagesize><nrows>2850</nrows><ncols>4271</ncols></imagesize><object><name>m2_s01_024_p_nic094</name><deleted>0</deleted><verified>0</verified><occluded>no</occluded><attributes></attributes><parts><hasparts></hasparts><ispartof></ispartof></parts><date>25-09-20 15:57:38:316</date><id>0</id><type>bounding_box</type><polygon><username>anonymous</username><pt><x>3074</x><y>157</y><time>25-09-20 15:57:30:058</time></pt><pt><x>3706</x><y>157</y><time>25-09-20 15:57:30:868</time></pt><pt><x>3706</x><y>1401</y><time>undefined</time></pt><pt><x>3074</x><y>1401</y><time>undefined</time></pt><closed_date>25-09-20 15:57:30:869</closed_date></polygon></object></annotation>