<annotation><filename>m4_s05_052_p_ic046.jpg</filename><folder>users/joselusava//santiago_2</folder><source><submittedBy>Jose Saca</submittedBy></source><imagesize><nrows>2910</nrows><ncols>4361</ncols></imagesize><object><name>m4_s05_052_p_ic046</name><deleted>0</deleted><verified>0</verified><occluded>no</occluded><attributes></attributes><parts><hasparts></hasparts><ispartof></ispartof></parts><date>07-10-20 22:24:31:745</date><id>0</id><type>bounding_box</type><polygon><username>anonymous</username><pt><x>1386</x><y>655</y><time>07-10-20 22:24:22:176</time></pt><pt><x>2993</x><y>655</y><time>07-10-20 22:24:24:865</time></pt><pt><x>2993</x><y>2428</y><time>undefined</time></pt><pt><x>1386</x><y>2428</y><time>undefined</time></pt><closed_date>07-10-20 22:24:24:866</closed_date></polygon></object></annotation>