<annotation><filename>m4_s04_039_p_ic004.jpg</filename><folder>users/joselusava//santiago_2</folder><source><submittedBy>Jose Saca</submittedBy></source><imagesize><nrows>2970</nrows><ncols>4451</ncols></imagesize><object><name>m4_s04_039_p_ic004</name><deleted>0</deleted><verified>0</verified><occluded>no</occluded><attributes></attributes><parts><hasparts></hasparts><ispartof></ispartof></parts><date>20-10-20 13:50:21:567</date><id>0</id><type>bounding_box</type><polygon><username>anonymous</username><pt><x>1756</x><y>125</y><time>20-10-20 13:50:18:421</time></pt><pt><x>2545</x><y>125</y><time>20-10-20 13:50:19:411</time></pt><pt><x>2545</x><y>2895</y><time>undefined</time></pt><pt><x>1756</x><y>2895</y><time>undefined</time></pt><closed_date>20-10-20 13:50:19:412</closed_date></polygon></object></annotation>