<annotation><filename>m2_s01_032_p_ic078.jpg</filename><folder>users/joselusava//santiago_2</folder><source><submittedBy>Jose Saca</submittedBy></source><imagesize><nrows>2850</nrows><ncols>4271</ncols></imagesize><object><name>m2_s01_032_p_ic078</name><deleted>0</deleted><verified>0</verified><occluded>no</occluded><attributes></attributes><parts><hasparts></hasparts><ispartof></ispartof></parts><date>30-09-20 16:59:01:122</date><id>0</id><type>bounding_box</type><polygon><username>anonymous</username><pt><x>933</x><y>95</y><time>30-09-20 16:58:56:958</time></pt><pt><x>3054</x><y>95</y><time>30-09-20 16:58:59:306</time></pt><pt><x>3054</x><y>2687</y><time>undefined</time></pt><pt><x>933</x><y>2687</y><time>undefined</time></pt><closed_date>30-09-20 16:58:59:307</closed_date></polygon></object></annotation>