<annotation><filename>m2_s03_252_p_ic077.jpg</filename><folder>users/joselusava//valeria/m2_sala03_252_ic</folder><source><submittedBy>Jose Saca</submittedBy></source><imagesize><nrows>2910</nrows><ncols>4361</ncols></imagesize><object><name>m2_s06_252_p_ic077</name><deleted>0</deleted><verified>0</verified><occluded>no</occluded><attributes></attributes><parts><hasparts></hasparts><ispartof></ispartof></parts><date>27-09-20 13:13:40:727</date><id>0</id><type>bounding_box</type><polygon><username>anonymous</username><pt><x>3439</x><y>270</y><time>27-09-20 13:13:32:466</time></pt><pt><x>992</x><y>270</y><time>27-09-20 13:13:37:030</time></pt><pt><x>992</x><y>2431</y><time>undefined</time></pt><pt><x>3439</x><y>2431</y><time>undefined</time></pt><closed_date>27-09-20 13:13:37:032</closed_date></polygon></object></annotation>