<annotation><filename>m1_s02_065_p_ic053.jpg</filename><folder>users/joselusava//valeria/sala2_065_ic</folder><source><submittedBy>Jose Saca</submittedBy></source><imagesize><nrows>2000</nrows><ncols>2992</ncols></imagesize><object><name>m1_s02_065_p_ic053</name><deleted>0</deleted><verified>0</verified><occluded>no</occluded><attributes></attributes><parts><hasparts></hasparts><ispartof></ispartof></parts><date>26-08-20 00:04:15:619</date><id>0</id><type>bounding_box</type><polygon><username>anonymous</username><pt><x>121</x><y>171</y><time>26-08-20 00:04:07:881</time></pt><pt><x>2916</x><y>171</y><time>26-08-20 00:04:11:909</time></pt><pt><x>2916</x><y>1732</y><time>undefined</time></pt><pt><x>121</x><y>1732</y><time>undefined</time></pt><closed_date>26-08-20 00:04:11:910</closed_date></polygon></object></annotation>