<annotation><filename>m2_s01_010_p_ic046.jpg</filename><folder>users/joselusava//santiago</folder><source><submittedBy>Jose Saca</submittedBy></source><imagesize><nrows>2850</nrows><ncols>4271</ncols></imagesize><object><name>m2_s01_010_p_ic046</name><deleted>0</deleted><verified>0</verified><occluded>no</occluded><attributes></attributes><parts><hasparts></hasparts><ispartof></ispartof></parts><date>21-09-20 15:51:53:175</date><id>0</id><type>bounding_box</type><polygon><username>anonymous</username><pt><x>1221</x><y>423</y><time>21-09-20 15:51:45:688</time></pt><pt><x>2965</x><y>423</y><time>21-09-20 15:51:47:248</time></pt><pt><x>2965</x><y>2311</y><time>undefined</time></pt><pt><x>1221</x><y>2311</y><time>undefined</time></pt><closed_date>21-09-20 15:51:47:249</closed_date></polygon></object></annotation>