<annotation><filename>m2_s05_236_p_ic018.jpg</filename><folder>users/joselusava//museos2020</folder><source><submittedBy>Jose Saca</submittedBy></source><imagesize><nrows>2910</nrows><ncols>4361</ncols></imagesize><object><name>m2_s05_236_p_ic018</name><deleted>0</deleted><verified>0</verified><occluded>no</occluded><attributes></attributes><parts><hasparts></hasparts><ispartof></ispartof></parts><date>16-09-20 18:03:21:648</date><id>0</id><type>bounding_box</type><polygon><username>anonymous</username><pt><x>218</x><y>153</y><time>16-09-20 18:03:12:404</time></pt><pt><x>4133</x><y>153</y><time>16-09-20 18:03:15:103</time></pt><pt><x>4133</x><y>2780</y><time>undefined</time></pt><pt><x>218</x><y>2780</y><time>undefined</time></pt><closed_date>16-09-20 18:03:15:104</closed_date></polygon></object></annotation>