<annotation><filename>m3_s01_002_p_nic050.jpg</filename><folder>users/joselusava//santiago_3</folder><source><submittedBy>Jose Saca</submittedBy></source><imagesize><nrows>2970</nrows><ncols>4451</ncols></imagesize><object><name>m3_s01_002_p_nic050</name><deleted>0</deleted><verified>0</verified><occluded>no</occluded><attributes></attributes><parts><hasparts></hasparts><ispartof></ispartof></parts><date>29-10-20 20:46:23:191</date><id>0</id><type>bounding_box</type><polygon><username>anonymous</username><pt><x>1221</x><y>1035</y><time>29-10-20 20:46:19:178</time></pt><pt><x>3059</x><y>1035</y><time>29-10-20 20:46:20:949</time></pt><pt><x>3059</x><y>2881</y><time>undefined</time></pt><pt><x>1221</x><y>2881</y><time>undefined</time></pt><closed_date>29-10-20 20:46:20:951</closed_date></polygon></object></annotation>