<annotation><filename>m1_s01_005_p_nic031.jpg</filename><folder>users/joselusava//museos2020</folder><source><submittedBy>Jose Saca</submittedBy></source><imagesize><nrows>2000</nrows><ncols>2992</ncols></imagesize><object><name>m1_s01_005_p_nic031</name><deleted>0</deleted><verified>0</verified><occluded>no</occluded><attributes></attributes><parts><hasparts></hasparts><ispartof></ispartof></parts><date>14-09-20 10:44:42:555</date><id>0</id><type>bounding_box</type><polygon><username>anonymous</username><pt><x>284</x><y>1048</y><time>14-09-20 10:44:32:039</time></pt><pt><x>671</x><y>1048</y><time>14-09-20 10:44:33:387</time></pt><pt><x>671</x><y>1470</y><time>undefined</time></pt><pt><x>284</x><y>1470</y><time>undefined</time></pt><closed_date>14-09-20 10:44:33:388</closed_date></polygon></object></annotation>