<annotation><filename>m4_s10_154_p_nic062.jpg</filename><folder>users/joselusava//valeria/m04_s10_154_nic</folder><source><submittedBy>Jose Saca</submittedBy></source><imagesize><nrows>2970</nrows><ncols>4451</ncols></imagesize><object><name>m4_s10_154_p_nic062</name><deleted>0</deleted><verified>0</verified><occluded>no</occluded><attributes></attributes><parts><hasparts></hasparts><ispartof></ispartof></parts><date>14-10-20 13:21:36:908</date><id>0</id><type>bounding_box</type><polygon><username>anonymous</username><pt><x>1405</x><y>1645</y><time>14-10-20 13:21:31:342</time></pt><pt><x>588</x><y>1645</y><time>14-10-20 13:21:33:080</time></pt><pt><x>588</x><y>143</y><time>undefined</time></pt><pt><x>1405</x><y>143</y><time>undefined</time></pt><closed_date>14-10-20 13:21:33:082</closed_date></polygon></object></annotation>