<annotation><filename>m4_s11_178_p_nic080.jpg</filename><folder>users/joselusava//santiago_2</folder><source><submittedBy>Jose Saca</submittedBy></source><imagesize><nrows>2970</nrows><ncols>4451</ncols></imagesize><object><name>m4_s11_178_p_nic080</name><deleted>0</deleted><verified>0</verified><occluded>no</occluded><attributes></attributes><parts><hasparts></hasparts><ispartof></ispartof></parts><date>16-10-20 11:40:06:495</date><id>0</id><type>bounding_box</type><polygon><username>anonymous</username><pt><x>2720</x><y>750</y><time>16-10-20 11:40:02:966</time></pt><pt><x>3816</x><y>750</y><time>16-10-20 11:40:04:198</time></pt><pt><x>3816</x><y>1963</y><time>undefined</time></pt><pt><x>2720</x><y>1963</y><time>undefined</time></pt><closed_date>16-10-20 11:40:04:199</closed_date></polygon></object></annotation>