<annotation><filename>m2_s02_085_p_ic086.jpg</filename><folder>users/joselusava//m2_jsv/85/ic</folder><source><submittedBy>Jose Saca</submittedBy></source><imagesize><nrows>2910</nrows><ncols>4361</ncols></imagesize><object><name>m2_s02_085_p_ic086</name><deleted>0</deleted><verified>0</verified><occluded>no</occluded><attributes></attributes><parts><hasparts></hasparts><ispartof></ispartof></parts><date>17-09-20 20:08:58:498</date><id>0</id><type>bounding_box</type><polygon><username>anonymous</username><pt><x>1341</x><y>409</y><time>17-09-20 20:08:57:189</time></pt><pt><x>3142</x><y>409</y><time>17-09-20 20:08:58:014</time></pt><pt><x>3142</x><y>2420</y><time>undefined</time></pt><pt><x>1341</x><y>2420</y><time>undefined</time></pt><closed_date>17-09-20 20:08:58:014</closed_date></polygon></object></annotation>