<annotation><filename>m2_s02_129_p_nic050.jpg</filename><folder>users/joselusava//m2_jsv/129/nic</folder><source><submittedBy>Jose Saca</submittedBy></source><imagesize><nrows>2910</nrows><ncols>4361</ncols></imagesize><object><name>m2_s02_129_p_nic050</name><deleted>0</deleted><verified>0</verified><occluded>no</occluded><attributes></attributes><parts><hasparts></hasparts><ispartof></ispartof></parts><date>25-09-20 07:54:38:030</date><id>0</id><type>bounding_box</type><polygon><username>anonymous</username><pt><x>1166</x><y>1906</y><time>25-09-20 07:54:34:907</time></pt><pt><x>192</x><y>1906</y><time>25-09-20 07:54:37:378</time></pt><pt><x>192</x><y>1071</y><time>undefined</time></pt><pt><x>1166</x><y>1071</y><time>undefined</time></pt><closed_date>25-09-20 07:54:37:378</closed_date></polygon></object></annotation>