<annotation><filename>m1_s02_029_p_ic079.jpg</filename><folder>users/joselusava//valeria/sala2_029_ic</folder><source><submittedBy>Jose Saca</submittedBy></source><imagesize><nrows>3200</nrows><ncols>4800</ncols></imagesize><object><name>m1_s02_029_p_ic079</name><deleted>0</deleted><verified>0</verified><occluded>no</occluded><attributes></attributes><parts><hasparts></hasparts><ispartof></ispartof></parts><date>22-08-20 21:01:15:254</date><id>0</id><type>bounding_box</type><polygon><username>anonymous</username><pt><x>1090</x><y>0</y><time>22-08-20 21:01:06:355</time></pt><pt><x>3485</x><y>0</y><time>22-08-20 21:01:09:782</time></pt><pt><x>3485</x><y>2808</y><time>undefined</time></pt><pt><x>1090</x><y>2808</y><time>undefined</time></pt><closed_date>22-08-20 21:01:09:783</closed_date></polygon></object></annotation>