<annotation><filename>m2_s06_244_p_nic020.jpg</filename><folder>users/joselusava//museos2020</folder><source><submittedBy>Jose Saca</submittedBy></source><imagesize><nrows>2910</nrows><ncols>4361</ncols></imagesize><object><name>m2_s06_244_p_nic020</name><deleted>0</deleted><verified>0</verified><occluded>no</occluded><attributes></attributes><parts><hasparts></hasparts><ispartof></ispartof></parts><date>24-09-20 20:00:12:659</date><id>0</id><type>bounding_box</type><polygon><username>anonymous</username><pt><x>595</x><y>1878</y><time>24-09-20 20:00:05:181</time></pt><pt><x>2301</x><y>1878</y><time>24-09-20 20:00:06:407</time></pt><pt><x>2301</x><y>2705</y><time>undefined</time></pt><pt><x>595</x><y>2705</y><time>undefined</time></pt><closed_date>24-09-20 20:00:06:408</closed_date></polygon></object></annotation>