<annotation><filename>m1_s06_144_p_nic066.jpg</filename><folder>users/joselusava//jacob_2/144nic</folder><source><submittedBy>Jose Saca</submittedBy></source><imagesize><nrows>2736</nrows><ncols>4100</ncols></imagesize><object><name>m1_s06_144_p_nic066</name><deleted>0</deleted><verified>0</verified><occluded>no</occluded><attributes></attributes><parts><hasparts></hasparts><ispartof></ispartof></parts><date>08-09-20 02:23:07:400</date><id>0</id><type>bounding_box</type><polygon><username>anonymous</username><pt><x>2455</x><y>2545</y><time>08-09-20 02:23:05:137</time></pt><pt><x>810</x><y>2545</y><time>08-09-20 02:23:06:764</time></pt><pt><x>810</x><y>1097</y><time>undefined</time></pt><pt><x>2455</x><y>1097</y><time>undefined</time></pt><closed_date>08-09-20 02:23:06:764</closed_date></polygon></object></annotation>