<annotation><filename>m4_s09_138_p_ic072.jpg</filename><folder>users/joselusava//santiago_2</folder><source><submittedBy>Jose Saca</submittedBy></source><imagesize><nrows>2970</nrows><ncols>4451</ncols></imagesize><object><name>m4_s09_138_p_ic072</name><deleted>0</deleted><verified>0</verified><occluded>no</occluded><attributes></attributes><parts><hasparts></hasparts><ispartof></ispartof></parts><date>22-10-20 20:47:23:348</date><id>0</id><type>bounding_box</type><polygon><username>anonymous</username><pt><x>393</x><y>386</y><time>22-10-20 20:47:20:124</time></pt><pt><x>3887</x><y>386</y><time>22-10-20 20:47:21:385</time></pt><pt><x>3887</x><y>2552</y><time>undefined</time></pt><pt><x>393</x><y>2552</y><time>undefined</time></pt><closed_date>22-10-20 20:47:21:385</closed_date></polygon></object></annotation>