<annotation><filename>m2_s01_001_p_ic087.jpg</filename><folder>users/joselusava//santiago</folder><source><submittedBy>Jose Saca</submittedBy></source><imagesize><nrows>2850</nrows><ncols>4271</ncols></imagesize><object><name>m2_s01_001_p_ic087</name><deleted>0</deleted><verified>0</verified><occluded>no</occluded><attributes></attributes><parts><hasparts></hasparts><ispartof></ispartof></parts><date>19-09-20 10:38:47:716</date><id>0</id><type>bounding_box</type><polygon><username>anonymous</username><pt><x>1122</x><y>539</y><time>19-09-20 10:38:38:010</time></pt><pt><x>3254</x><y>539</y><time>19-09-20 10:38:40:090</time></pt><pt><x>3254</x><y>2581</y><time>undefined</time></pt><pt><x>1122</x><y>2581</y><time>undefined</time></pt><closed_date>19-09-20 10:38:40:091</closed_date></polygon></object></annotation>