<annotation><filename>m3_s01_002_p_nic009.jpg</filename><folder>users/joselusava//santiago_3</folder><source><submittedBy>Jose Saca</submittedBy></source><imagesize><nrows>2970</nrows><ncols>4451</ncols></imagesize><object><name>m3_s01_002_p_nic009</name><deleted>0</deleted><verified>0</verified><occluded>no</occluded><attributes></attributes><parts><hasparts></hasparts><ispartof></ispartof></parts><date>29-10-20 15:30:17:200</date><id>0</id><type>bounding_box</type><polygon><username>anonymous</username><pt><x>864</x><y>182</y><time>29-10-20 15:30:12:753</time></pt><pt><x>3545</x><y>182</y><time>29-10-20 15:30:14:132</time></pt><pt><x>3545</x><y>2017</y><time>undefined</time></pt><pt><x>864</x><y>2017</y><time>undefined</time></pt><closed_date>29-10-20 15:30:14:133</closed_date></polygon></object></annotation>