<annotation><filename>m1_s01_004_p_nic086.jpg</filename><folder>users/joselusava//valeria_apoyo/sala01_004_nic</folder><source><submittedBy>Jose Saca</submittedBy></source><imagesize><nrows>3200</nrows><ncols>4800</ncols></imagesize><object><name>m1_s01_004_p_nic086</name><deleted>0</deleted><verified>0</verified><occluded>no</occluded><attributes></attributes><parts><hasparts></hasparts><ispartof></ispartof></parts><date>17-09-20 20:22:40:430</date><id>0</id><type>bounding_box</type><polygon><username>anonymous</username><pt><x>1648</x><y>3097</y><time>17-09-20 20:22:32:956</time></pt><pt><x>4291</x><y>3097</y><time>17-09-20 20:22:35:699</time></pt><pt><x>4291</x><y>2067</y><time>undefined</time></pt><pt><x>1648</x><y>2067</y><time>undefined</time></pt><closed_date>17-09-20 20:22:35:700</closed_date></polygon></object></annotation>