<annotation><filename>m4_s08_123_x.jpg</filename><folder>users/joselusava//kath/m4_x</folder><source><submittedBy>Jose Saca</submittedBy></source><imagesize><nrows>2970</nrows><ncols>4451</ncols></imagesize><object><name>m4_s08_123_x</name><deleted>0</deleted><verified>0</verified><occluded>no</occluded><attributes></attributes><parts><hasparts></hasparts><ispartof></ispartof></parts><date>21-10-20 11:33:19:588</date><id>0</id><polygon><username>anonymous</username><pt><x>1264</x><y>260</y><time>21-10-20 11:33:08:182</time></pt><pt><x>1298</x><y>2667</y><time>21-10-20 11:33:09:547</time></pt><pt><x>3013</x><y>2662</y><time>21-10-20 11:33:10:794</time></pt><pt><x>2970</x><y>255</y><time>21-10-20 11:33:11:972</time></pt><closed_date>21-10-20 11:33:17:204</closed_date></polygon></object></annotation>