<annotation><filename>m2_s03_201_p_ic025.jpg</filename><folder>users/joselusava//eg</folder><source><submittedBy>Jose Saca</submittedBy></source><imagesize><nrows>3000</nrows><ncols>4496</ncols></imagesize><object><name>m2_s03_219_p_ic025</name><deleted>0</deleted><verified>0</verified><occluded>no</occluded><attributes></attributes><parts><hasparts></hasparts><ispartof></ispartof></parts><date>16-09-20 13:16:04:569</date><id>0</id><type>bounding_box</type><polygon><username>anonymous</username><pt><x>665</x><y>74</y><time>16-09-20 13:15:52:568</time></pt><pt><x>3672</x><y>74</y><time>16-09-20 13:15:54:836</time></pt><pt><x>3672</x><y>2860</y><time>undefined</time></pt><pt><x>665</x><y>2860</y><time>undefined</time></pt><closed_date>16-09-20 13:15:54:838</closed_date></polygon></object></annotation>