<annotation><filename>m3_s01_018_p_ic068.jpg</filename><folder>users/joselusava//m4_js/18/ic</folder><source><submittedBy>Jose Saca</submittedBy></source><imagesize><nrows>2970</nrows><ncols>4451</ncols></imagesize><object><name>m3_s01_018_p_ic068</name><deleted>0</deleted><verified>0</verified><occluded>no</occluded><attributes></attributes><parts><hasparts></hasparts><ispartof></ispartof></parts><date>05-11-20 14:20:23:217</date><id>0</id><type>bounding_box</type><polygon><username>anonymous</username><pt><x>242</x><y>2778</y><time>05-11-20 14:20:20:317</time></pt><pt><x>4104</x><y>2778</y><time>05-11-20 14:20:22:117</time></pt><pt><x>4104</x><y>284</y><time>undefined</time></pt><pt><x>242</x><y>284</y><time>undefined</time></pt><closed_date>05-11-20 14:20:22:118</closed_date></polygon></object></annotation>