<annotation><filename>m4_s05_052_p_nic040.jpg</filename><folder>users/joselusava//santiago_2</folder><source><submittedBy>Jose Saca</submittedBy></source><imagesize><nrows>2910</nrows><ncols>4361</ncols></imagesize><object><name>m4_s05_052_p_nic040</name><deleted>0</deleted><verified>0</verified><occluded>no</occluded><attributes></attributes><parts><hasparts></hasparts><ispartof></ispartof></parts><date>08-10-20 21:20:40:518</date><id>0</id><type>bounding_box</type><polygon><username>anonymous</username><pt><x>2723</x><y>1244</y><time>08-10-20 21:20:36:268</time></pt><pt><x>3894</x><y>1244</y><time>08-10-20 21:20:37:937</time></pt><pt><x>3894</x><y>2626</y><time>undefined</time></pt><pt><x>2723</x><y>2626</y><time>undefined</time></pt><closed_date>08-10-20 21:20:37:939</closed_date></polygon></object></annotation>