<annotation><filename>m2_s01_032_p_nic047.jpg</filename><folder>users/joselusava//santiago_2</folder><source><submittedBy>Jose Saca</submittedBy></source><imagesize><nrows>2850</nrows><ncols>4271</ncols></imagesize><object><name>m2_s01_032_p_nic047</name><deleted>0</deleted><verified>0</verified><occluded>no</occluded><attributes></attributes><parts><hasparts></hasparts><ispartof></ispartof></parts><date>30-09-20 20:46:32:029</date><id>0</id><type>bounding_box</type><polygon><username>anonymous</username><pt><x>2993</x><y>601</y><time>30-09-20 20:46:29:770</time></pt><pt><x>3691</x><y>601</y><time>30-09-20 20:46:30:531</time></pt><pt><x>3691</x><y>1520</y><time>undefined</time></pt><pt><x>2993</x><y>1520</y><time>undefined</time></pt><closed_date>30-09-20 20:46:30:531</closed_date></polygon></object></annotation>