<annotation><filename>m4_s05_052_p_nic036.jpg</filename><folder>users/joselusava//santiago_2</folder><source><submittedBy>Jose Saca</submittedBy></source><imagesize><nrows>2910</nrows><ncols>4361</ncols></imagesize><object><name>m4_s05_052_p_nic036</name><deleted>0</deleted><verified>0</verified><occluded>no</occluded><attributes></attributes><parts><hasparts></hasparts><ispartof></ispartof></parts><date>08-10-20 21:18:12:692</date><id>0</id><type>bounding_box</type><polygon><username>anonymous</username><pt><x>2373</x><y>1285</y><time>08-10-20 21:18:09:021</time></pt><pt><x>3887</x><y>1285</y><time>08-10-20 21:18:10:545</time></pt><pt><x>3887</x><y>2730</y><time>undefined</time></pt><pt><x>2373</x><y>2730</y><time>undefined</time></pt><closed_date>08-10-20 21:18:10:546</closed_date></polygon></object></annotation>