<annotation><filename>m2_s02_085_p_ic002.jpg</filename><folder>users/joselusava//m2_jsv/85/ic</folder><source><submittedBy>Jose Saca</submittedBy></source><imagesize><nrows>2910</nrows><ncols>4361</ncols></imagesize><object><name>m2_s02_085_p_ic002</name><deleted>0</deleted><verified>0</verified><occluded>no</occluded><attributes></attributes><parts><hasparts></hasparts><ispartof></ispartof></parts><date>16-09-20 13:27:15:237</date><id>0</id><type>bounding_box</type><polygon><username>anonymous</username><pt><x>1541</x><y>749</y><time>16-09-20 13:27:12:090</time></pt><pt><x>2759</x><y>749</y><time>16-09-20 13:27:13:342</time></pt><pt><x>2759</x><y>2115</y><time>undefined</time></pt><pt><x>1541</x><y>2115</y><time>undefined</time></pt><closed_date>16-09-20 13:27:13:342</closed_date></polygon></object></annotation>