<annotation><filename>m3_s01_013_p_nic091.jpg</filename><folder>users/joselusava//valeria/m03_s01_13_nic</folder><source><submittedBy>Jose Saca</submittedBy></source><imagesize><nrows>2970</nrows><ncols>4451</ncols></imagesize><object><name>m3_s01_013_p_nic091</name><deleted>0</deleted><verified>0</verified><occluded>no</occluded><attributes></attributes><parts><hasparts></hasparts><ispartof></ispartof></parts><date>07-11-20 00:20:54:909</date><id>0</id><type>bounding_box</type><polygon><username>anonymous</username><pt><x>628</x><y>2861</y><time>07-11-20 00:20:50:373</time></pt><pt><x>2650</x><y>2861</y><time>07-11-20 00:20:52:150</time></pt><pt><x>2650</x><y>760</y><time>undefined</time></pt><pt><x>628</x><y>760</y><time>undefined</time></pt><closed_date>07-11-20 00:20:52:151</closed_date></polygon></object></annotation>