<annotation><filename>m4_s07_105_p_nic058.jpg</filename><folder>users/joselusava//kath/m4_105/nic</folder><source><submittedBy>Jose Saca</submittedBy></source><imagesize><nrows>2970</nrows><ncols>4451</ncols></imagesize><object><name>m4_s07_105_p_nic058</name><deleted>0</deleted><verified>0</verified><occluded>no</occluded><attributes></attributes><parts><hasparts></hasparts><ispartof></ispartof></parts><date>03-11-20 08:58:31:817</date><id>0</id><type>bounding_box</type><polygon><username>anonymous</username><pt><x>442</x><y>2331</y><time>03-11-20 08:58:28:053</time></pt><pt><x>1307</x><y>2331</y><time>03-11-20 08:58:29:352</time></pt><pt><x>1307</x><y>971</y><time>undefined</time></pt><pt><x>442</x><y>971</y><time>undefined</time></pt><closed_date>03-11-20 08:58:29:353</closed_date></polygon></object></annotation>