<annotation><filename>m2_s06_244_p_ic095.jpg</filename><folder>users/joselusava//museos2020</folder><source><submittedBy>Jose Saca</submittedBy></source><imagesize><nrows>2910</nrows><ncols>4361</ncols></imagesize><object><name>m2_s06_244_p_ic095</name><deleted>0</deleted><verified>0</verified><occluded>no</occluded><attributes></attributes><parts><hasparts></hasparts><ispartof></ispartof></parts><date>23-09-20 09:29:18:353</date><id>0</id><type>bounding_box</type><polygon><username>anonymous</username><pt><x>294</x><y>595</y><time>23-09-20 09:29:09:374</time></pt><pt><x>4150</x><y>595</y><time>23-09-20 09:29:12:404</time></pt><pt><x>4150</x><y>2666</y><time>undefined</time></pt><pt><x>294</x><y>2666</y><time>undefined</time></pt><closed_date>23-09-20 09:29:12:405</closed_date></polygon></object></annotation>