<annotation><filename>m2_s01_034_p_nic065.jpg</filename><folder>users/joselusava//kath</folder><source><submittedBy>Jose Saca</submittedBy></source><imagesize><nrows>2850</nrows><ncols>4271</ncols></imagesize><object><name>m2_s01_034_p_nic065</name><deleted>0</deleted><verified>0</verified><occluded>no</occluded><attributes></attributes><parts><hasparts></hasparts><ispartof></ispartof></parts><date>25-09-20 20:32:13:079</date><id>0</id><polygon><username>anonymous</username><pt><x>115</x><y>823</y><time>25-09-20 20:32:03:538</time></pt><pt><x>1124</x><y>587</y><time>25-09-20 20:32:04:891</time></pt><pt><x>1540</x><y>2091</y><time>25-09-20 20:32:06:646</time></pt><pt><x>523</x><y>2399</y><time>25-09-20 20:32:08:187</time></pt><closed_date>25-09-20 20:32:09:621</closed_date></polygon></object></annotation>