<annotation><filename>m1_s01_001_p_ic066.jpg</filename><folder>users/joselusava//juancarlos</folder><source><submittedBy>Jose Saca</submittedBy></source><imagesize><nrows>2000</nrows><ncols>2992</ncols></imagesize><object><name>m1_s01_001_p_ic066</name><deleted>0</deleted><verified>0</verified><occluded>no</occluded><attributes></attributes><parts><hasparts></hasparts><ispartof></ispartof></parts><date>01-09-20 09:51:32:890</date><id>0</id><type>bounding_box</type><polygon><username>anonymous</username><pt><x>443</x><y>932</y><time>01-09-20 09:51:21:179</time></pt><pt><x>2038</x><y>932</y><time>01-09-20 09:51:23:895</time></pt><pt><x>2038</x><y>1648</y><time>undefined</time></pt><pt><x>443</x><y>1648</y><time>undefined</time></pt><closed_date>01-09-20 09:51:23:898</closed_date></polygon></object></annotation>