<annotation><filename>m1_s02_036_p_nic081.jpg</filename><folder>users/joselusava//valeria/sala2_036_nic</folder><source><submittedBy>Jose Saca</submittedBy></source><imagesize><nrows>3200</nrows><ncols>4800</ncols></imagesize><object><name>m1_s02_036_p_nic081</name><deleted>0</deleted><verified>0</verified><occluded>no</occluded><attributes></attributes><parts><hasparts></hasparts><ispartof></ispartof></parts><date>27-08-20 12:47:48:151</date><id>0</id><type>bounding_box</type><polygon><username>anonymous</username><pt><x>1579</x><y>2110</y><time>27-08-20 12:47:30:108</time></pt><pt><x>811</x><y>2110</y><time>27-08-20 12:47:33:227</time></pt><pt><x>811</x><y>983</y><time>undefined</time></pt><pt><x>1579</x><y>983</y><time>undefined</time></pt><closed_date>27-08-20 12:47:33:229</closed_date></polygon></object></annotation>