<annotation><filename>m4_s02_021_p_nic097.jpg</filename><folder>users/joselusava//santiago_2</folder><source><submittedBy>Jose Saca</submittedBy></source><imagesize><nrows>2910</nrows><ncols>4361</ncols></imagesize><object><name>m4_s02_021_p_nic097</name><deleted>0</deleted><verified>0</verified><occluded>no</occluded><attributes></attributes><parts><hasparts></hasparts><ispartof></ispartof></parts><date>05-10-20 12:01:51:807</date><id>0</id><type>bounding_box</type><polygon><username>anonymous</username><pt><x>2099</x><y>225</y><time>05-10-20 12:01:48:651</time></pt><pt><x>2976</x><y>225</y><time>05-10-20 12:01:49:948</time></pt><pt><x>2976</x><y>1801</y><time>undefined</time></pt><pt><x>2099</x><y>1801</y><time>undefined</time></pt><closed_date>05-10-20 12:01:49:949</closed_date></polygon></object></annotation>