<annotation><filename>m4_s06_089_p_ic005.jpg</filename><folder>users/joselusava//santiago_2</folder><source><submittedBy>Jose Saca</submittedBy></source><imagesize><nrows>2970</nrows><ncols>4451</ncols></imagesize><object><name>m4_s06_089_p_ic005</name><deleted>0</deleted><verified>0</verified><occluded>no</occluded><attributes></attributes><parts><hasparts></hasparts><ispartof></ispartof></parts><date>10-10-20 22:23:23:280</date><id>0</id><type>bounding_box</type><polygon><username>anonymous</username><pt><x>1683</x><y>364</y><time>10-10-20 22:23:19:799</time></pt><pt><x>2878</x><y>364</y><time>10-10-20 22:23:21:445</time></pt><pt><x>2878</x><y>2334</y><time>undefined</time></pt><pt><x>1683</x><y>2334</y><time>undefined</time></pt><closed_date>10-10-20 22:23:21:446</closed_date></polygon></object></annotation>