<annotation><filename>m2_s03_219_p_nic003.jpg</filename><folder>users/joselusava//valeria/m2_sala03_219_nic</folder><source><submittedBy>Jose Saca</submittedBy></source><imagesize><nrows>2910</nrows><ncols>4361</ncols></imagesize><object><name>m2_s03_219_p_nic003</name><deleted>0</deleted><verified>0</verified><occluded>no</occluded><attributes></attributes><parts><hasparts></hasparts><ispartof></ispartof></parts><date>29-09-20 17:00:47:171</date><id>0</id><type>bounding_box</type><polygon><username>anonymous</username><pt><x>2282</x><y>1841</y><time>29-09-20 17:00:42:323</time></pt><pt><x>3880</x><y>1841</y><time>29-09-20 17:00:44:093</time></pt><pt><x>3880</x><y>187</y><time>undefined</time></pt><pt><x>2282</x><y>187</y><time>undefined</time></pt><closed_date>29-09-20 17:00:44:094</closed_date></polygon></object></annotation>