<annotation><filename>m2_s01_056_p_nic046.jpg</filename><folder>users/joselusava//m2_jsv/56/nic</folder><source><submittedBy>Jose Saca</submittedBy></source><imagesize><nrows>2850</nrows><ncols>4271</ncols></imagesize><object><name>m2_s01_056_p_nic046</name><deleted>0</deleted><verified>0</verified><occluded>no</occluded><attributes></attributes><parts><hasparts></hasparts><ispartof></ispartof></parts><date>28-09-20 22:22:38:191</date><id>0</id><type>bounding_box</type><polygon><username>anonymous</username><pt><x>2598</x><y>1656</y><time>28-09-20 22:22:36:036</time></pt><pt><x>1350</x><y>1656</y><time>28-09-20 22:22:37:310</time></pt><pt><x>1350</x><y>119</y><time>undefined</time></pt><pt><x>2598</x><y>119</y><time>undefined</time></pt><closed_date>28-09-20 22:22:37:311</closed_date></polygon></object></annotation>