<annotation><filename>m4_s10_164_p_ic097.jpg</filename><folder>users/joselusava//santiago_2</folder><source><submittedBy>Jose Saca</submittedBy></source><imagesize><nrows>2970</nrows><ncols>4451</ncols></imagesize><object><name>m4_s10_164_p_ic097</name><deleted>0</deleted><verified>0</verified><occluded>no</occluded><attributes></attributes><parts><hasparts></hasparts><ispartof></ispartof></parts><date>13-10-20 23:17:28:535</date><id>0</id><type>bounding_box</type><polygon><username>anonymous</username><pt><x>2092</x><y>1114</y><time>13-10-20 23:17:24:678</time></pt><pt><x>2477</x><y>1114</y><time>13-10-20 23:17:25:530</time></pt><pt><x>2477</x><y>1713</y><time>undefined</time></pt><pt><x>2092</x><y>1713</y><time>undefined</time></pt><closed_date>13-10-20 23:17:25:531</closed_date></polygon></object></annotation>