<annotation><filename>m1_s01_001_p_nic072.jpg</filename><folder>users/joselusava//juancarlos</folder><source><submittedBy>Jose Saca</submittedBy></source><imagesize><nrows>3200</nrows><ncols>4800</ncols></imagesize><object><name>m1_s01_001_p_nic072</name><deleted>0</deleted><verified>0</verified><occluded>no</occluded><attributes></attributes><parts><hasparts></hasparts><ispartof></ispartof></parts><date>11-09-20 11:45:52:178</date><id>0</id><type>bounding_box</type><polygon><username>anonymous</username><pt><x>2512</x><y>1880</y><time>11-09-20 11:45:39:553</time></pt><pt><x>4237</x><y>1880</y><time>11-09-20 11:45:42:933</time></pt><pt><x>4237</x><y>2851</y><time>undefined</time></pt><pt><x>2512</x><y>2851</y><time>undefined</time></pt><closed_date>11-09-20 11:45:42:934</closed_date></polygon></object></annotation>