<annotation><filename>m2_s01_001_p_nic016.jpg</filename><folder>users/joselusava//santiago</folder><source><submittedBy>Jose Saca</submittedBy></source><imagesize><nrows>2850</nrows><ncols>4271</ncols></imagesize><object><name>m2_s01_001_p_nic016</name><deleted>0</deleted><verified>0</verified><occluded>no</occluded><attributes></attributes><parts><hasparts></hasparts><ispartof></ispartof></parts><date>19-09-20 21:59:46:583</date><id>0</id><type>bounding_box</type><polygon><username>anonymous</username><pt><x>2382</x><y>882</y><time>19-09-20 21:59:38:316</time></pt><pt><x>3700</x><y>882</y><time>19-09-20 21:59:39:668</time></pt><pt><x>3700</x><y>2125</y><time>undefined</time></pt><pt><x>2382</x><y>2125</y><time>undefined</time></pt><closed_date>19-09-20 21:59:39:670</closed_date></polygon></object></annotation>