<annotation><filename>m2_s01_028_x.jpg</filename><folder>users/joselusava//santiago</folder><source><submittedBy>Jose Saca</submittedBy></source><imagesize><nrows>2850</nrows><ncols>4271</ncols></imagesize><object><name>m2_s01_028_x</name><deleted>0</deleted><verified>0</verified><occluded>no</occluded><attributes></attributes><parts><hasparts></hasparts><ispartof></ispartof></parts><date>24-09-20 00:31:36:532</date><id>0</id><type>bounding_box</type><polygon><username>anonymous</username><pt><x>1003</x><y>199</y><time>24-09-20 00:31:27:556</time></pt><pt><x>3260</x><y>199</y><time>24-09-20 00:31:30:034</time></pt><pt><x>3260</x><y>2757</y><time>undefined</time></pt><pt><x>1003</x><y>2757</y><time>undefined</time></pt><closed_date>24-09-20 00:31:30:036</closed_date></polygon></object></annotation>