<annotation><filename>m2_s05_236_p_nic027.jpg</filename><folder>users/joselusava//museos2020</folder><source><submittedBy>Jose Saca</submittedBy></source><imagesize><nrows>2910</nrows><ncols>4361</ncols></imagesize><object><name>m2_s05_236_p_nic027</name><deleted>0</deleted><verified>0</verified><occluded>no</occluded><attributes></attributes><parts><hasparts></hasparts><ispartof></ispartof></parts><date>17-09-20 07:03:06:888</date><id>0</id><type>bounding_box</type><polygon><username>anonymous</username><pt><x>1776</x><y>623</y><time>17-09-20 07:02:59:320</time></pt><pt><x>4253</x><y>623</y><time>17-09-20 07:03:00:859</time></pt><pt><x>4253</x><y>2515</y><time>undefined</time></pt><pt><x>1776</x><y>2515</y><time>undefined</time></pt><closed_date>17-09-20 07:03:00:859</closed_date></polygon></object></annotation>