<annotation><filename>m3_s01_013_p_nic033.jpg</filename><folder>users/joselusava//valeria/m03_s01_13_nic</folder><source><submittedBy>Jose Saca</submittedBy></source><imagesize><nrows>2970</nrows><ncols>4451</ncols></imagesize><object><name>m3_s01_013_p_nic033</name><deleted>0</deleted><verified>0</verified><occluded>no</occluded><attributes></attributes><parts><hasparts></hasparts><ispartof></ispartof></parts><date>06-11-20 21:23:47:816</date><id>0</id><type>bounding_box</type><polygon><username>anonymous</username><pt><x>2507</x><y>2913</y><time>06-11-20 21:23:42:251</time></pt><pt><x>11</x><y>2913</y><time>06-11-20 21:23:44:469</time></pt><pt><x>11</x><y>303</y><time>undefined</time></pt><pt><x>2507</x><y>303</y><time>undefined</time></pt><closed_date>06-11-20 21:23:44:470</closed_date></polygon></object></annotation>