<annotation><filename>m1_s06_168_p_nic013.jpg</filename><folder>users/joselusava//jacob_2/168nic</folder><source><submittedBy>Jose Saca</submittedBy></source><imagesize><nrows>2736</nrows><ncols>4100</ncols></imagesize><object><name>m1_s06_168_p_nic013</name><deleted>0</deleted><verified>0</verified><occluded>no</occluded><attributes></attributes><parts><hasparts></hasparts><ispartof></ispartof></parts><date>08-09-20 23:03:02:796</date><id>0</id><type>bounding_box</type><polygon><username>anonymous</username><pt><x>344</x><y>1964</y><time>08-09-20 23:03:00:851</time></pt><pt><x>1596</x><y>1964</y><time>08-09-20 23:03:02:117</time></pt><pt><x>1596</x><y>516</y><time>undefined</time></pt><pt><x>344</x><y>516</y><time>undefined</time></pt><closed_date>08-09-20 23:03:02:117</closed_date></polygon></object></annotation>