<annotation><filename>m2_s01_034_p_nic071.jpg</filename><folder>users/joselusava//kath</folder><source><submittedBy>Jose Saca</submittedBy></source><imagesize><nrows>2850</nrows><ncols>4271</ncols></imagesize><object><name>m2_s01_034_p_nic071</name><deleted>0</deleted><verified>0</verified><occluded>no</occluded><attributes></attributes><parts><hasparts></hasparts><ispartof></ispartof></parts><date>25-09-20 20:41:01:944</date><id>0</id><polygon><username>anonymous</username><pt><x>258</x><y>766</y><time>25-09-20 20:39:57:157</time></pt><pt><x>1182</x><y>723</y><time>25-09-20 20:39:58:839</time></pt><pt><x>1182</x><y>723</y><time>25-09-20 20:40:29:067</time></pt><pt><x>1396</x><y>2091</y><time>25-09-20 20:40:30:829</time></pt><pt><x>444</x><y>2213</y><time>25-09-20 20:40:32:178</time></pt><closed_date>25-09-20 20:40:33:685</closed_date></polygon></object></annotation>