<annotation><filename>m1_s10_296_x.jpg</filename><folder>users/joselusava//santiago</folder><source><submittedBy>Jose Saca</submittedBy></source><imagesize><nrows>3200</nrows><ncols>4800</ncols></imagesize><object><name>m1_s10_296_x</name><deleted>0</deleted><verified>0</verified><occluded>no</occluded><attributes></attributes><parts><hasparts></hasparts><ispartof></ispartof></parts><date>28-08-20 16:44:14:126</date><id>0</id><type>bounding_box</type><polygon><username>anonymous</username><pt><x>1350</x><y>205</y><time>28-08-20 16:44:03:721</time></pt><pt><x>3589</x><y>205</y><time>28-08-20 16:44:07:046</time></pt><pt><x>3589</x><y>2988</y><time>undefined</time></pt><pt><x>1350</x><y>2988</y><time>undefined</time></pt><closed_date>28-08-20 16:44:07:048</closed_date></polygon></object></annotation>