<annotation><filename>m4_s11_178_p_nic099.jpg</filename><folder>users/joselusava//santiago_2</folder><source><submittedBy>Jose Saca</submittedBy></source><imagesize><nrows>2970</nrows><ncols>4451</ncols></imagesize><object><name>m4_s11_178_p_nic099</name><deleted>0</deleted><verified>0</verified><occluded>no</occluded><attributes></attributes><parts><hasparts></hasparts><ispartof></ispartof></parts><date>16-10-20 11:55:48:432</date><id>0</id><type>bounding_box</type><polygon><username>anonymous</username><pt><x>178</x><y>1671</y><time>16-10-20 11:55:45:082</time></pt><pt><x>1228</x><y>1671</y><time>16-10-20 11:55:46:387</time></pt><pt><x>1228</x><y>2492</y><time>undefined</time></pt><pt><x>178</x><y>2492</y><time>undefined</time></pt><closed_date>16-10-20 11:55:46:388</closed_date></polygon></object></annotation>