<annotation><filename>m3_s01_002_p_nic037.jpg</filename><folder>users/joselusava//santiago_3</folder><source><submittedBy>Jose Saca</submittedBy></source><imagesize><nrows>2970</nrows><ncols>4451</ncols></imagesize><object><name>m3_s01_002_p_nic037</name><deleted>0</deleted><verified>0</verified><occluded>no</occluded><attributes></attributes><parts><hasparts></hasparts><ispartof></ispartof></parts><date>29-10-20 16:00:20:654</date><id>0</id><type>bounding_box</type><polygon><username>anonymous</username><pt><x>1232</x><y>339</y><time>29-10-20 16:00:16:982</time></pt><pt><x>3091</x><y>339</y><time>29-10-20 16:00:18:441</time></pt><pt><x>3091</x><y>2095</y><time>undefined</time></pt><pt><x>1232</x><y>2095</y><time>undefined</time></pt><closed_date>29-10-20 16:00:18:441</closed_date></polygon></object></annotation>