<annotation><filename>m4_s12_185_p_nic030.jpg</filename><folder>users/joselusava//valeria/m04_s12_185_nic</folder><source><submittedBy>Jose Saca</submittedBy></source><imagesize><nrows>2910</nrows><ncols>4361</ncols></imagesize><object><name>m4_s12_185_p_nic030</name><deleted>0</deleted><verified>0</verified><occluded>no</occluded><attributes></attributes><parts><hasparts></hasparts><ispartof></ispartof></parts><date>17-10-20 20:05:32:800</date><id>0</id><type>bounding_box</type><polygon><username>anonymous</username><pt><x>2636</x><y>2597</y><time>17-10-20 20:05:24:625</time></pt><pt><x>179</x><y>2597</y><time>17-10-20 20:05:28:460</time></pt><pt><x>179</x><y>140</y><time>undefined</time></pt><pt><x>2636</x><y>140</y><time>undefined</time></pt><closed_date>17-10-20 20:05:28:461</closed_date></polygon></object></annotation>