<annotation><filename>m2_s03_201_p_ic092.jpg</filename><folder>users/joselusava//eg</folder><source><submittedBy>Jose Saca</submittedBy></source><imagesize><nrows>2910</nrows><ncols>4361</ncols></imagesize><object><name>m2_s03_201_p_ic092</name><deleted>0</deleted><verified>0</verified><occluded>no</occluded><attributes></attributes><parts><hasparts></hasparts><ispartof></ispartof></parts><date>17-09-20 08:08:14:688</date><id>0</id><type>bounding_box</type><polygon><username>anonymous</username><pt><x>781</x><y>624</y><time>17-09-20 08:08:04:557</time></pt><pt><x>2996</x><y>624</y><time>17-09-20 08:08:06:093</time></pt><pt><x>2996</x><y>2659</y><time>undefined</time></pt><pt><x>781</x><y>2659</y><time>undefined</time></pt><closed_date>17-09-20 08:08:06:094</closed_date></polygon></object></annotation>