<annotation><filename>m1_s06_141_p_ic012.jpg</filename><folder>users/joselusava//jacob_2/141ic</folder><source><submittedBy>Jose Saca</submittedBy></source><imagesize><nrows>2736</nrows><ncols>4100</ncols></imagesize><object><name>m1_s06_141_p_ic012</name><deleted>0</deleted><verified>0</verified><occluded>no</occluded><attributes></attributes><parts><hasparts></hasparts><ispartof></ispartof></parts><date>04-09-20 17:17:23:404</date><id>0</id><type>bounding_box</type><polygon><username>anonymous</username><pt><x>1162</x><y>278</y><time>04-09-20 17:17:21:031</time></pt><pt><x>2709</x><y>278</y><time>04-09-20 17:17:22:714</time></pt><pt><x>2709</x><y>2406</y><time>undefined</time></pt><pt><x>1162</x><y>2406</y><time>undefined</time></pt><closed_date>04-09-20 17:17:22:714</closed_date></polygon></object></annotation>