<annotation><filename>m2_s02_169_x.jpg</filename><folder>users/joselusava//m2_jsv</folder><source><submittedBy>Jose Saca</submittedBy></source><imagesize><nrows>2910</nrows><ncols>4361</ncols></imagesize><object><name>m2_s02_169_x</name><deleted>0</deleted><verified>0</verified><occluded>no</occluded><attributes></attributes><parts><hasparts></hasparts><ispartof></ispartof></parts><date>20-09-20 16:48:27:487</date><id>0</id><type>bounding_box</type><polygon><username>anonymous</username><pt><x>3038</x><y>2690</y><time>20-09-20 16:48:25:435</time></pt><pt><x>1105</x><y>2690</y><time>20-09-20 16:48:26:681</time></pt><pt><x>1105</x><y>235</y><time>undefined</time></pt><pt><x>3038</x><y>235</y><time>undefined</time></pt><closed_date>20-09-20 16:48:26:681</closed_date></polygon></object></annotation>