<annotation><filename>m1_s01_017_p_nic069.jpg</filename><folder>users/joselusava//santiago</folder><source><submittedBy>Jose Saca</submittedBy></source><imagesize><nrows>3200</nrows><ncols>4800</ncols></imagesize><object><name>m1_s01_017_p_nic069</name><deleted>0</deleted><verified>0</verified><occluded>no</occluded><attributes></attributes><parts><hasparts></hasparts><ispartof></ispartof></parts><date>11-09-20 19:38:17:601</date><id>0</id><type>bounding_box</type><polygon><username>anonymous</username><pt><x>3110</x><y>1357</y><time>11-09-20 19:38:10:553</time></pt><pt><x>3571</x><y>1357</y><time>11-09-20 19:38:11:451</time></pt><pt><x>3571</x><y>1742</y><time>undefined</time></pt><pt><x>3110</x><y>1742</y><time>undefined</time></pt><closed_date>11-09-20 19:38:11:452</closed_date></polygon></object></annotation>