<annotation><filename>m3_s01_023_p_nic073.jpg</filename><folder>users/joselusava//santiago_3</folder><source><submittedBy>Jose Saca</submittedBy></source><imagesize><nrows>2970</nrows><ncols>4451</ncols></imagesize><object><name>m3_s01_023_p_nic073</name><deleted>0</deleted><verified>0</verified><occluded>no</occluded><attributes></attributes><parts><hasparts></hasparts><ispartof></ispartof></parts><date>06-11-20 11:24:44:241</date><id>0</id><type>bounding_box</type><polygon><username>anonymous</username><pt><x>1706</x><y>286</y><time>06-11-20 11:24:41:296</time></pt><pt><x>3516</x><y>286</y><time>06-11-20 11:24:42:332</time></pt><pt><x>3516</x><y>2017</y><time>undefined</time></pt><pt><x>1706</x><y>2017</y><time>undefined</time></pt><closed_date>06-11-20 11:24:42:333</closed_date></polygon></object></annotation>