<annotation><filename>m2_s01_054_p_nic018.jpg</filename><folder>users/joselusava//kath</folder><source><submittedBy>Jose Saca</submittedBy></source><imagesize><nrows>2850</nrows><ncols>4271</ncols></imagesize><object><name>m2_s01_054_p_nic018</name><deleted>0</deleted><verified>0</verified><occluded>no</occluded><attributes></attributes><parts><hasparts></hasparts><ispartof></ispartof></parts><date>30-09-20 11:09:52:596</date><id>0</id><type>bounding_box</type><polygon><username>anonymous</username><pt><x>1832</x><y>1650</y><time>30-09-20 11:09:43:965</time></pt><pt><x>1060</x><y>1650</y><time>30-09-20 11:09:45:556</time></pt><pt><x>1060</x><y>2639</y><time>undefined</time></pt><pt><x>1832</x><y>2639</y><time>undefined</time></pt><closed_date>30-09-20 11:09:45:557</closed_date></polygon></object></annotation>