<annotation><filename>m4_s05_052_p_nic011.jpg</filename><folder>users/joselusava//santiago_2</folder><source><submittedBy>Jose Saca</submittedBy></source><imagesize><nrows>2910</nrows><ncols>4361</ncols></imagesize><object><name>m4_s05_052_p_nic011</name><deleted>0</deleted><verified>0</verified><occluded>no</occluded><attributes></attributes><parts><hasparts></hasparts><ispartof></ispartof></parts><date>07-10-20 23:47:19:446</date><id>0</id><type>bounding_box</type><polygon><username>anonymous</username><pt><x>1465</x><y>163</y><time>07-10-20 23:47:16:491</time></pt><pt><x>2986</x><y>163</y><time>07-10-20 23:47:17:520</time></pt><pt><x>2986</x><y>1673</y><time>undefined</time></pt><pt><x>1465</x><y>1673</y><time>undefined</time></pt><closed_date>07-10-20 23:47:17:521</closed_date></polygon></object></annotation>