<annotation><filename>m2_s01_033_x.jpg</filename><folder>users/joselusava//santiago_2</folder><source><submittedBy>Jose Saca</submittedBy></source><imagesize><nrows>2850</nrows><ncols>4271</ncols></imagesize><object><name>m2_s01_033_x</name><deleted>0</deleted><verified>0</verified><occluded>no</occluded><attributes></attributes><parts><hasparts></hasparts><ispartof></ispartof></parts><date>30-09-20 21:35:25:952</date><id>0</id><type>bounding_box</type><polygon><username>anonymous</username><pt><x>1072</x><y>295</y><time>30-09-20 21:35:17:475</time></pt><pt><x>2962</x><y>295</y><time>30-09-20 21:35:19:675</time></pt><pt><x>2962</x><y>2548</y><time>undefined</time></pt><pt><x>1072</x><y>2548</y><time>undefined</time></pt><closed_date>30-09-20 21:35:19:676</closed_date></polygon></object></annotation>