<annotation><filename>m4_s04_037_p_ic029.jpg</filename><folder>users/joselusava//santiago_2</folder><source><submittedBy>Jose Saca</submittedBy></source><imagesize><nrows>2970</nrows><ncols>4451</ncols></imagesize><object><name>m4_s04_037_p_ic029</name><deleted>0</deleted><verified>0</verified><occluded>no</occluded><attributes></attributes><parts><hasparts></hasparts><ispartof></ispartof></parts><date>17-10-20 21:56:46:453</date><id>0</id><type>bounding_box</type><polygon><username>anonymous</username><pt><x>1628</x><y>325</y><time>17-10-20 21:56:42:295</time></pt><pt><x>3084</x><y>325</y><time>17-10-20 21:56:44:056</time></pt><pt><x>3084</x><y>2609</y><time>undefined</time></pt><pt><x>1628</x><y>2609</y><time>undefined</time></pt><closed_date>17-10-20 21:56:44:057</closed_date></polygon></object></annotation>