<annotation><filename>m2_s01_024_p_nic034.jpg</filename><folder>users/joselusava//santiago</folder><source><submittedBy>Jose Saca</submittedBy></source><imagesize><nrows>2850</nrows><ncols>4271</ncols></imagesize><object><name>m2_s01_024_p_nic034</name><deleted>0</deleted><verified>0</verified><occluded>no</occluded><attributes></attributes><parts><hasparts></hasparts><ispartof></ispartof></parts><date>25-09-20 14:02:00:111</date><id>0</id><type>bounding_box</type><polygon><username>anonymous</username><pt><x>414</x><y>991</y><time>25-09-20 14:01:52:154</time></pt><pt><x>1327</x><y>991</y><time>25-09-20 14:01:53:767</time></pt><pt><x>1327</x><y>2433</y><time>undefined</time></pt><pt><x>414</x><y>2433</y><time>undefined</time></pt><closed_date>25-09-20 14:01:53:768</closed_date></polygon></object></annotation>