<annotation><filename>m4_s10_164_p_ic055.jpg</filename><folder>users/joselusava//santiago_2</folder><source><submittedBy>Jose Saca</submittedBy></source><imagesize><nrows>2970</nrows><ncols>4451</ncols></imagesize><object><name>m4_s10_164_p_ic055</name><deleted>0</deleted><verified>0</verified><occluded>no</occluded><attributes></attributes><parts><hasparts></hasparts><ispartof></ispartof></parts><date>13-10-20 22:48:00:176</date><id>0</id><type>bounding_box</type><polygon><username>anonymous</username><pt><x>2056</x><y>1028</y><time>13-10-20 22:47:57:107</time></pt><pt><x>2659</x><y>1028</y><time>13-10-20 22:47:57:901</time></pt><pt><x>2659</x><y>1674</y><time>undefined</time></pt><pt><x>2056</x><y>1674</y><time>undefined</time></pt><closed_date>13-10-20 22:47:57:902</closed_date></polygon></object></annotation>