<annotation><filename>m4_s11_178_p_nic082.jpg</filename><folder>users/joselusava//santiago_2</folder><source><submittedBy>Jose Saca</submittedBy></source><imagesize><nrows>2970</nrows><ncols>4451</ncols></imagesize><object><name>m4_s11_178_p_nic082</name><deleted>0</deleted><verified>0</verified><occluded>no</occluded><attributes></attributes><parts><hasparts></hasparts><ispartof></ispartof></parts><date>16-10-20 11:41:50:996</date><id>0</id><type>bounding_box</type><polygon><username>anonymous</username><pt><x>2702</x><y>932</y><time>16-10-20 11:41:38:012</time></pt><pt><x>3759</x><y>932</y><time>16-10-20 11:41:39:876</time></pt><pt><x>3759</x><y>2056</y><time>undefined</time></pt><pt><x>2702</x><y>2056</y><time>undefined</time></pt><closed_date>16-10-20 11:41:39:878</closed_date></polygon></object></annotation>