<annotation><filename>m4_s12_185_p_nic051.jpg</filename><folder>users/joselusava//valeria/m04_s12_185_nic</folder><source><submittedBy>Jose Saca</submittedBy></source><imagesize><nrows>2910</nrows><ncols>4361</ncols></imagesize><object><name>m4_s12_185_p_nic051</name><deleted>0</deleted><verified>0</verified><occluded>no</occluded><attributes></attributes><parts><hasparts></hasparts><ispartof></ispartof></parts><date>17-10-20 23:19:36:632</date><id>0</id><type>bounding_box</type><polygon><username>anonymous</username><pt><x>2222</x><y>2529</y><time>17-10-20 23:19:31:464</time></pt><pt><x>4158</x><y>2529</y><time>17-10-20 23:19:32:864</time></pt><pt><x>4158</x><y>537</y><time>undefined</time></pt><pt><x>2222</x><y>537</y><time>undefined</time></pt><closed_date>17-10-20 23:19:32:865</closed_date></polygon></object></annotation>