<annotation><filename>m2_s02_085_p_nic063.jpg</filename><folder>users/joselusava//m2_jsv/85/nic</folder><source><submittedBy>Jose Saca</submittedBy></source><imagesize><nrows>2910</nrows><ncols>4361</ncols></imagesize><object><name>m2_s02_085_p_nic063</name><deleted>0</deleted><verified>0</verified><occluded>no</occluded><attributes></attributes><parts><hasparts></hasparts><ispartof></ispartof></parts><date>19-09-20 22:49:55:312</date><id>0</id><type>bounding_box</type><polygon><username>anonymous</username><pt><x>1132</x><y>96</y><time>19-09-20 22:49:53:457</time></pt><pt><x>1941</x><y>96</y><time>19-09-20 22:49:54:728</time></pt><pt><x>1941</x><y>853</y><time>undefined</time></pt><pt><x>1132</x><y>853</y><time>undefined</time></pt><closed_date>19-09-20 22:49:54:729</closed_date></polygon></object></annotation>