<annotation><filename>m4_s09_138_p_nic027.jpg</filename><folder>users/joselusava//santiago_2</folder><source><submittedBy>Jose Saca</submittedBy></source><imagesize><nrows>2970</nrows><ncols>4451</ncols></imagesize><object><name>m4_s09_138_p_nic027</name><deleted>0</deleted><verified>0</verified><occluded>no</occluded><attributes></attributes><parts><hasparts></hasparts><ispartof></ispartof></parts><date>23-10-20 13:39:45:176</date><id>0</id><type>bounding_box</type><polygon><username>anonymous</username><pt><x>1856</x><y>903</y><time>23-10-20 13:39:41:497</time></pt><pt><x>4384</x><y>903</y><time>23-10-20 13:39:42:572</time></pt><pt><x>4384</x><y>2038</y><time>undefined</time></pt><pt><x>1856</x><y>2038</y><time>undefined</time></pt><closed_date>23-10-20 13:39:42:572</closed_date></polygon></object></annotation>