<annotation><filename>m2_s01_010_p_nic050.jpg</filename><folder>users/joselusava//santiago</folder><source><submittedBy>Jose Saca</submittedBy></source><imagesize><nrows>2850</nrows><ncols>4271</ncols></imagesize><object><name>m2_s01_010_p_nic050</name><deleted>0</deleted><verified>0</verified><occluded>no</occluded><attributes></attributes><parts><hasparts></hasparts><ispartof></ispartof></parts><date>22-09-20 20:46:47:357</date><id>0</id><type>bounding_box</type><polygon><username>anonymous</username><pt><x>2616</x><y>410</y><time>22-09-20 20:46:39:006</time></pt><pt><x>3408</x><y>410</y><time>22-09-20 20:46:40:489</time></pt><pt><x>3408</x><y>1388</y><time>undefined</time></pt><pt><x>2616</x><y>1388</y><time>undefined</time></pt><closed_date>22-09-20 20:46:40:490</closed_date></polygon></object></annotation>