<annotation><filename>m4_s06_089_p_ic051.jpg</filename><folder>users/joselusava//santiago_2</folder><source><submittedBy>Jose Saca</submittedBy></source><imagesize><nrows>2970</nrows><ncols>4451</ncols></imagesize><object><name>m4_s06_089_p_ic051</name><deleted>0</deleted><verified>0</verified><occluded>no</occluded><attributes></attributes><parts><hasparts></hasparts><ispartof></ispartof></parts><date>11-10-20 18:42:37:373</date><id>0</id><type>bounding_box</type><polygon><username>anonymous</username><pt><x>1687</x><y>559</y><time>11-10-20 18:42:33:327</time></pt><pt><x>2744</x><y>559</y><time>11-10-20 18:42:34:757</time></pt><pt><x>2744</x><y>2510</y><time>undefined</time></pt><pt><x>1687</x><y>2510</y><time>undefined</time></pt><closed_date>11-10-20 18:42:34:758</closed_date></polygon></object></annotation>