<annotation><filename>m1_s02_065_p_nic092.jpg</filename><folder>users/joselusava//valeria/sala2_065_nic</folder><source><submittedBy>Jose Saca</submittedBy></source><imagesize><nrows>2000</nrows><ncols>2992</ncols></imagesize><object><name>m1_s02_065_p_nic092</name><deleted>0</deleted><verified>0</verified><occluded>no</occluded><attributes></attributes><parts><hasparts></hasparts><ispartof></ispartof></parts><date>28-08-20 00:40:24:915</date><id>0</id><type>bounding_box</type><polygon><username>anonymous</username><pt><x>1953</x><y>936</y><time>28-08-20 00:40:18:442</time></pt><pt><x>430</x><y>936</y><time>28-08-20 00:40:20:943</time></pt><pt><x>430</x><y>211</y><time>undefined</time></pt><pt><x>1953</x><y>211</y><time>undefined</time></pt><closed_date>28-08-20 00:40:20:944</closed_date></polygon></object></annotation>