<annotation><filename>m4_s05_062_x.jpg</filename><folder>users/joselusava//kath/m4_x</folder><source><submittedBy>Jose Saca</submittedBy></source><imagesize><nrows>2910</nrows><ncols>4361</ncols></imagesize><object><name>m4_s05_062_x</name><deleted>0</deleted><verified>0</verified><occluded>no</occluded><attributes></attributes><parts><hasparts></hasparts><ispartof></ispartof></parts><date>20-10-20 09:31:32:846</date><id>0</id><polygon><username>anonymous</username><pt><x>942</x><y>476</y><time>20-10-20 09:31:17:730</time></pt><pt><x>636</x><y>2368</y><time>20-10-20 09:31:18:726</time></pt><pt><x>3687</x><y>2420</y><time>20-10-20 09:31:19:765</time></pt><pt><x>3419</x><y>443</y><time>20-10-20 09:31:20:695</time></pt><closed_date>20-10-20 09:31:21:919</closed_date></polygon></object></annotation>