<annotation><filename>m1_s02_052_p_ic090.jpg</filename><folder>users/joselusava//valeria/sala2_052_ic</folder><source><submittedBy>Jose Saca</submittedBy></source><imagesize><nrows>3200</nrows><ncols>4800</ncols></imagesize><object><name>m1_s02_052_p_ic090</name><deleted>0</deleted><verified>0</verified><occluded>no</occluded><attributes></attributes><parts><hasparts></hasparts><ispartof></ispartof></parts><date>25-08-20 20:13:41:381</date><id>0</id><type>bounding_box</type><polygon><username>anonymous</username><pt><x>612</x><y>70</y><time>25-08-20 20:13:35:620</time></pt><pt><x>4322</x><y>70</y><time>25-08-20 20:13:37:741</time></pt><pt><x>4322</x><y>3039</y><time>undefined</time></pt><pt><x>612</x><y>3039</y><time>undefined</time></pt><closed_date>25-08-20 20:13:37:742</closed_date></polygon></object></annotation>