<annotation><filename>m2_s02_079_x.jpg</filename><folder>users/joselusava//m2_jsv</folder><source><submittedBy>Jose Saca</submittedBy></source><imagesize><nrows>2910</nrows><ncols>4361</ncols></imagesize><object><name>m2_s02_079_x</name><deleted>0</deleted><verified>0</verified><occluded>no</occluded><attributes></attributes><parts><hasparts></hasparts><ispartof></ispartof></parts><date>16-09-20 11:04:27:869</date><id>0</id><type>bounding_box</type><polygon><username>anonymous</username><pt><x>3473</x><y>2751</y><time>16-09-20 11:02:11:306</time></pt><pt><x>749</x><y>2751</y><time>16-09-20 11:04:26:038</time></pt><pt><x>749</x><y>148</y><time>undefined</time></pt><pt><x>3473</x><y>148</y><time>undefined</time></pt><closed_date>16-09-20 11:04:26:039</closed_date></polygon></object></annotation>