<annotation><filename>m4_s06_089_p_nic035.jpg</filename><folder>users/joselusava//santiago_2</folder><source><submittedBy>Jose Saca</submittedBy></source><imagesize><nrows>2970</nrows><ncols>4451</ncols></imagesize><object><name>m4_s06_089_p_nic035</name><deleted>0</deleted><verified>0</verified><occluded>no</occluded><attributes></attributes><parts><hasparts></hasparts><ispartof></ispartof></parts><date>12-10-20 20:59:40:335</date><id>0</id><type>bounding_box</type><polygon><username>anonymous</username><pt><x>1738</x><y>182</y><time>12-10-20 20:59:35:849</time></pt><pt><x>3191</x><y>182</y><time>12-10-20 20:59:37:432</time></pt><pt><x>3191</x><y>1935</y><time>undefined</time></pt><pt><x>1738</x><y>1935</y><time>undefined</time></pt><closed_date>12-10-20 20:59:37:433</closed_date></polygon></object></annotation>