<annotation><filename>m3_s01_002_p_nic008.jpg</filename><folder>users/joselusava//santiago_3</folder><source><submittedBy>Jose Saca</submittedBy></source><imagesize><nrows>2970</nrows><ncols>4451</ncols></imagesize><object><name>m3_s01_002_p_nic008</name><deleted>0</deleted><verified>0</verified><occluded>no</occluded><attributes></attributes><parts><hasparts></hasparts><ispartof></ispartof></parts><date>29-10-20 15:29:31:150</date><id>0</id><type>bounding_box</type><polygon><username>anonymous</username><pt><x>1307</x><y>164</y><time>29-10-20 15:29:25:290</time></pt><pt><x>4019</x><y>164</y><time>29-10-20 15:29:27:521</time></pt><pt><x>4019</x><y>2060</y><time>undefined</time></pt><pt><x>1307</x><y>2060</y><time>undefined</time></pt><closed_date>29-10-20 15:29:27:521</closed_date></polygon></object></annotation>