<annotation><filename>m2_s01_034_p_nic023.jpg</filename><folder>users/joselusava//kath</folder><source><submittedBy>Jose Saca</submittedBy></source><imagesize><nrows>2850</nrows><ncols>4271</ncols></imagesize><object><name>m2_s01_034_p_nic023</name><deleted>0</deleted><verified>0</verified><occluded>no</occluded><attributes></attributes><parts><hasparts></hasparts><ispartof></ispartof></parts><date>25-09-20 19:36:21:860</date><id>0</id><type>bounding_box</type><polygon><username>anonymous</username><pt><x>2764</x><y>415</y><time>25-09-20 19:36:12:027</time></pt><pt><x>3681</x><y>415</y><time>25-09-20 19:36:15:960</time></pt><pt><x>3681</x><y>1933</y><time>undefined</time></pt><pt><x>2764</x><y>1933</y><time>undefined</time></pt><closed_date>25-09-20 19:36:15:960</closed_date></polygon></object></annotation>