<annotation><filename>m2_s01_024_p_ic100.jpg</filename><folder>users/joselusava//santiago</folder><source><submittedBy>Jose Saca</submittedBy></source><imagesize><nrows>2850</nrows><ncols>4271</ncols></imagesize><object><name>m2_s01_024_p_ic100</name><deleted>0</deleted><verified>0</verified><occluded>no</occluded><attributes></attributes><parts><hasparts></hasparts><ispartof></ispartof></parts><date>24-09-20 23:20:05:211</date><id>0</id><type>bounding_box</type><polygon><username>anonymous</username><pt><x>1346</x><y>160</y><time>24-09-20 23:19:56:813</time></pt><pt><x>2821</x><y>160</y><time>24-09-20 23:19:58:746</time></pt><pt><x>2821</x><y>2648</y><time>undefined</time></pt><pt><x>1346</x><y>2648</y><time>undefined</time></pt><closed_date>24-09-20 23:19:58:747</closed_date></polygon></object></annotation>