<annotation><filename>m4_s04_047_p_nic090.jpg</filename><folder>users/joselusava//kath/kath_m4_047/nic</folder><source><submittedBy>Jose Saca</submittedBy></source><imagesize><nrows>2970</nrows><ncols>4451</ncols></imagesize><object><name>m4_s04_047_p_nic090</name><deleted>0</deleted><verified>0</verified><occluded>no</occluded><attributes></attributes><parts><hasparts></hasparts><ispartof></ispartof></parts><date>24-10-20 19:58:06:350</date><id>0</id><type>bounding_box</type><polygon><username>anonymous</username><pt><x>787</x><y>460</y><time>24-10-20 19:57:52:591</time></pt><pt><x>1782</x><y>460</y><time>24-10-20 19:57:58:555</time></pt><pt><x>1782</x><y>2525</y><time>undefined</time></pt><pt><x>787</x><y>2525</y><time>undefined</time></pt><closed_date>24-10-20 19:57:58:556</closed_date></polygon></object></annotation>