<annotation><filename>m2_s07_264_p_ic019.jpg</filename><folder>users/joselusava//valeria/sala7_264_ic</folder><source><submittedBy>Jose Saca</submittedBy></source><imagesize><nrows>2910</nrows><ncols>4361</ncols></imagesize><object><name>m2_s07_264_p_ic019</name><deleted>0</deleted><verified>0</verified><occluded>no</occluded><attributes></attributes><parts><hasparts></hasparts><ispartof></ispartof></parts><date>22-09-20 18:27:24:154</date><id>0</id><type>bounding_box</type><polygon><username>anonymous</username><pt><x>2833</x><y>2375</y><time>22-09-20 18:27:18:499</time></pt><pt><x>1361</x><y>2375</y><time>22-09-20 18:27:20:628</time></pt><pt><x>1361</x><y>584</y><time>undefined</time></pt><pt><x>2833</x><y>584</y><time>undefined</time></pt><closed_date>22-09-20 18:27:20:631</closed_date></polygon></object></annotation>