<annotation><filename>m4_s02_015_p_nic077.jpg</filename><folder>users/joselusava//m4_js/15nic</folder><source><submittedBy>Jose Saca</submittedBy></source><imagesize><nrows>2910</nrows><ncols>4361</ncols></imagesize><object><name>m4_s02_015_p_nic077</name><deleted>0</deleted><verified>0</verified><occluded>no</occluded><attributes></attributes><parts><hasparts></hasparts><ispartof></ispartof></parts><date>06-10-20 20:13:10:393</date><id>0</id><type>bounding_box</type><polygon><username>anonymous</username><pt><x>1706</x><y>261</y><time>06-10-20 20:13:07:555</time></pt><pt><x>0</x><y>261</y><time>06-10-20 20:13:09:574</time></pt><pt><x>0</x><y>2080</y><time>undefined</time></pt><pt><x>1706</x><y>2080</y><time>undefined</time></pt><closed_date>06-10-20 20:13:09:574</closed_date></polygon></object></annotation>