<annotation><filename>m4_s10_164_p_ic096.jpg</filename><folder>users/joselusava//santiago_2</folder><source><submittedBy>Jose Saca</submittedBy></source><imagesize><nrows>2970</nrows><ncols>4451</ncols></imagesize><object><name>m4_s10_164_p_ic096</name><deleted>0</deleted><verified>0</verified><occluded>no</occluded><attributes></attributes><parts><hasparts></hasparts><ispartof></ispartof></parts><date>13-10-20 23:16:51:110</date><id>0</id><type>bounding_box</type><polygon><username>anonymous</username><pt><x>2045</x><y>939</y><time>13-10-20 23:16:48:375</time></pt><pt><x>2460</x><y>939</y><time>13-10-20 23:16:49:378</time></pt><pt><x>2460</x><y>1660</y><time>undefined</time></pt><pt><x>2045</x><y>1660</y><time>undefined</time></pt><closed_date>13-10-20 23:16:49:378</closed_date></polygon></object></annotation>