<annotation><filename>m4_s05_052_p_nic031.jpg</filename><folder>users/joselusava//santiago_2</folder><source><submittedBy>Jose Saca</submittedBy></source><imagesize><nrows>2910</nrows><ncols>4361</ncols></imagesize><object><name>m4_s05_052_p_nic031</name><deleted>0</deleted><verified>0</verified><occluded>no</occluded><attributes></attributes><parts><hasparts></hasparts><ispartof></ispartof></parts><date>08-10-20 21:13:30:166</date><id>0</id><type>bounding_box</type><polygon><username>anonymous</username><pt><x>1462</x><y>1278</y><time>08-10-20 21:13:26:565</time></pt><pt><x>2827</x><y>1278</y><time>08-10-20 21:13:27:720</time></pt><pt><x>2827</x><y>2699</y><time>undefined</time></pt><pt><x>1462</x><y>2699</y><time>undefined</time></pt><closed_date>08-10-20 21:13:27:721</closed_date></polygon></object></annotation>