<annotation><filename>m1_s02_052_p_nic016.jpg</filename><folder>users/joselusava//valeria/sala2_052_nic</folder><source><submittedBy>Jose Saca</submittedBy></source><imagesize><nrows>3200</nrows><ncols>4800</ncols></imagesize><object><name>m1_s02_052_p_nic016</name><deleted>0</deleted><verified>0</verified><occluded>no</occluded><attributes></attributes><parts><hasparts></hasparts><ispartof></ispartof></parts><date>27-08-20 14:37:40:389</date><id>0</id><type>bounding_box</type><polygon><username>anonymous</username><pt><x>1890</x><y>1525</y><time>27-08-20 14:37:35:061</time></pt><pt><x>435</x><y>1525</y><time>27-08-20 14:37:37:010</time></pt><pt><x>435</x><y>156</y><time>undefined</time></pt><pt><x>1890</x><y>156</y><time>undefined</time></pt><closed_date>27-08-20 14:37:37:011</closed_date></polygon></object></annotation>