<annotation><filename>m4_s04_039_p_ic091.jpg</filename><folder>users/joselusava//santiago_2</folder><source><submittedBy>Jose Saca</submittedBy></source><imagesize><nrows>2970</nrows><ncols>4451</ncols></imagesize><object><name>m4_s04_039_p_ic091</name><deleted>0</deleted><verified>0</verified><occluded>no</occluded><attributes></attributes><parts><hasparts></hasparts><ispartof></ispartof></parts><date>21-10-20 16:06:42:270</date><id>0</id><type>bounding_box</type><polygon><username>anonymous</username><pt><x>1863</x><y>303</y><time>21-10-20 16:06:38:149</time></pt><pt><x>2485</x><y>303</y><time>21-10-20 16:06:40:100</time></pt><pt><x>2485</x><y>2749</y><time>undefined</time></pt><pt><x>1863</x><y>2749</y><time>undefined</time></pt><closed_date>21-10-20 16:06:40:102</closed_date></polygon></object></annotation>