<annotation><filename>m2_s01_054_p_ic072.jpg</filename><folder>users/joselusava//kath</folder><source><submittedBy>Jose Saca</submittedBy></source><imagesize><nrows>2850</nrows><ncols>4271</ncols></imagesize><object><name>m2_s01_054_p_ic072</name><deleted>0</deleted><verified>0</verified><occluded>no</occluded><attributes></attributes><parts><hasparts></hasparts><ispartof></ispartof></parts><date>29-09-20 23:50:26:396</date><id>0</id><type>bounding_box</type><polygon><username>anonymous</username><pt><x>2857</x><y>0</y><time>29-09-20 23:50:20:047</time></pt><pt><x>1327</x><y>0</y><time>29-09-20 23:50:22:924</time></pt><pt><x>1327</x><y>2513</y><time>undefined</time></pt><pt><x>2857</x><y>2513</y><time>undefined</time></pt><closed_date>29-09-20 23:50:22:924</closed_date></polygon></object></annotation>