<annotation><filename>m2_s01_032_p_ic095.jpg</filename><folder>users/joselusava//santiago_2</folder><source><submittedBy>Jose Saca</submittedBy></source><imagesize><nrows>2850</nrows><ncols>4271</ncols></imagesize><object><name>m2_s01_032_p_ic095</name><deleted>0</deleted><verified>0</verified><occluded>no</occluded><attributes></attributes><parts><hasparts></hasparts><ispartof></ispartof></parts><date>30-09-20 17:26:09:535</date><id>0</id><type>bounding_box</type><polygon><username>anonymous</username><pt><x>1250</x><y>513</y><time>30-09-20 17:26:05:645</time></pt><pt><x>2895</x><y>513</y><time>30-09-20 17:26:07:406</time></pt><pt><x>2895</x><y>2709</y><time>undefined</time></pt><pt><x>1250</x><y>2709</y><time>undefined</time></pt><closed_date>30-09-20 17:26:07:408</closed_date></polygon></object></annotation>