<annotation><filename>m3_s01_002_p_ic002.jpg</filename><folder>users/joselusava//santiago_3</folder><source><submittedBy>Jose Saca</submittedBy></source><imagesize><nrows>2970</nrows><ncols>4451</ncols></imagesize><object><name>m3_s01_002_p_ic002</name><deleted>0</deleted><verified>0</verified><occluded>no</occluded><attributes></attributes><parts><hasparts></hasparts><ispartof></ispartof></parts><date>28-10-20 17:16:25:746</date><id>0</id><type>bounding_box</type><polygon><username>anonymous</username><pt><x>775</x><y>132</y><time>28-10-20 17:16:19:792</time></pt><pt><x>3259</x><y>132</y><time>28-10-20 17:16:21:943</time></pt><pt><x>3259</x><y>2477</y><time>undefined</time></pt><pt><x>775</x><y>2477</y><time>undefined</time></pt><closed_date>28-10-20 17:16:21:945</closed_date></polygon></object></annotation>