<annotation><filename>m4_s04_047_p_nic072.jpg</filename><folder>users/joselusava//kath/kath_m4_047/nic</folder><source><submittedBy>Jose Saca</submittedBy></source><imagesize><nrows>2970</nrows><ncols>4451</ncols></imagesize><object><name>m4_s04_047_p_nic072</name><deleted>0</deleted><verified>0</verified><occluded>no</occluded><attributes></attributes><parts><hasparts></hasparts><ispartof></ispartof></parts><date>24-10-20 19:26:15:803</date><id>0</id><type>bounding_box</type><polygon><username>anonymous</username><pt><x>1218</x><y>1804</y><time>24-10-20 19:26:10:949</time></pt><pt><x>1997</x><y>1804</y><time>24-10-20 19:26:12:535</time></pt><pt><x>1997</x><y>200</y><time>undefined</time></pt><pt><x>1218</x><y>200</y><time>undefined</time></pt><closed_date>24-10-20 19:26:12:537</closed_date></polygon></object></annotation>