<annotation><filename>m2_s01_058_p_ic009.jpg</filename><folder>users/joselusava//m2_jsv/58/ic</folder><source><submittedBy>Jose Saca</submittedBy></source><imagesize><nrows>2850</nrows><ncols>4271</ncols></imagesize><object><name>m2_s01_058_p_ic009</name><deleted>0</deleted><verified>0</verified><occluded>no</occluded><attributes></attributes><parts><hasparts></hasparts><ispartof></ispartof></parts><date>29-09-20 13:01:33:490</date><id>0</id><type>bounding_box</type><polygon><username>anonymous</username><pt><x>102</x><y>93</y><time>29-09-20 13:01:31:179</time></pt><pt><x>4059</x><y>93</y><time>29-09-20 13:01:32:711</time></pt><pt><x>4059</x><y>2581</y><time>undefined</time></pt><pt><x>102</x><y>2581</y><time>undefined</time></pt><closed_date>29-09-20 13:01:32:711</closed_date></polygon></object></annotation>