<annotation><filename>m2_s03_230_x.jpg</filename><folder>users/joselusava//museos2020</folder><source><submittedBy>Jose Saca</submittedBy></source><imagesize><nrows>2910</nrows><ncols>4361</ncols></imagesize><object><name>m2_s03_230_x</name><deleted>0</deleted><verified>0</verified><occluded>no</occluded><attributes></attributes><parts><hasparts></hasparts><ispartof></ispartof></parts><date>16-09-20 15:03:23:529</date><id>0</id><type>bounding_box</type><polygon><username>anonymous</username><pt><x>432</x><y>437</y><time>16-09-20 15:03:10:363</time></pt><pt><x>3756</x><y>437</y><time>16-09-20 15:03:13:486</time></pt><pt><x>3756</x><y>2496</y><time>undefined</time></pt><pt><x>432</x><y>2496</y><time>undefined</time></pt><closed_date>16-09-20 15:03:13:487</closed_date></polygon></object></annotation>