<annotation><filename>m1_s06_160_x.jpg</filename><folder>users/joselusava//jacob_2/sala6</folder><source><submittedBy>Jose Saca</submittedBy></source><imagesize><nrows>2736</nrows><ncols>4100</ncols></imagesize><object><name>m1_s06_160_x</name><deleted>0</deleted><verified>0</verified><occluded>no</occluded><attributes></attributes><parts><hasparts></hasparts><ispartof></ispartof></parts><date>06-09-20 01:42:26:169</date><id>0</id><type>bounding_box</type><polygon><username>anonymous</username><pt><x>1060</x><y>2584</y><time>06-09-20 01:42:20:403</time></pt><pt><x>3220</x><y>2584</y><time>06-09-20 01:42:25:236</time></pt><pt><x>3220</x><y>155</y><time>undefined</time></pt><pt><x>1060</x><y>155</y><time>undefined</time></pt><closed_date>06-09-20 01:42:25:237</closed_date></polygon></object></annotation>