<annotation><filename>m2_s01_034_p_nic018.jpg</filename><folder>users/joselusava//kath</folder><source><submittedBy>Jose Saca</submittedBy></source><imagesize><nrows>2850</nrows><ncols>4271</ncols></imagesize><object><name>m2_s01_034_p_nic018</name><deleted>0</deleted><verified>0</verified><occluded>no</occluded><attributes></attributes><parts><hasparts></hasparts><ispartof></ispartof></parts><date>25-09-20 17:36:40:822</date><id>0</id><type>bounding_box</type><polygon><username>anonymous</username><pt><x>1769</x><y>1074</y><time>25-09-20 17:36:36:007</time></pt><pt><x>2728</x><y>1074</y><time>25-09-20 17:36:37:941</time></pt><pt><x>2728</x><y>2542</y><time>undefined</time></pt><pt><x>1769</x><y>2542</y><time>undefined</time></pt><closed_date>25-09-20 17:36:37:941</closed_date></polygon></object></annotation>