<annotation><filename>m2_s01_001_p_nic065.jpg</filename><folder>users/joselusava//santiago</folder><source><submittedBy>Jose Saca</submittedBy></source><imagesize><nrows>2850</nrows><ncols>4271</ncols></imagesize><object><name>m2_s01_001_p_nic065</name><deleted>0</deleted><verified>0</verified><occluded>no</occluded><attributes></attributes><parts><hasparts></hasparts><ispartof></ispartof></parts><date>19-09-20 23:09:48:147</date><id>0</id><type>bounding_box</type><polygon><username>anonymous</username><pt><x>2225</x><y>869</y><time>19-09-20 23:09:39:919</time></pt><pt><x>3610</x><y>869</y><time>19-09-20 23:09:41:394</time></pt><pt><x>3610</x><y>2029</y><time>undefined</time></pt><pt><x>2225</x><y>2029</y><time>undefined</time></pt><closed_date>19-09-20 23:09:41:396</closed_date></polygon></object></annotation>