<annotation><filename>m3_s01_023_p_ic034.jpg</filename><folder>users/joselusava//santiago_3</folder><source><submittedBy>Jose Saca</submittedBy></source><imagesize><nrows>2970</nrows><ncols>4451</ncols></imagesize><object><name>m3_s01_023_p_ic034</name><deleted>0</deleted><verified>0</verified><occluded>no</occluded><attributes></attributes><parts><hasparts></hasparts><ispartof></ispartof></parts><date>04-11-20 19:08:08:466</date><id>0</id><type>bounding_box</type><polygon><username>anonymous</username><pt><x>411</x><y>364</y><time>04-11-20 19:08:04:479</time></pt><pt><x>4037</x><y>364</y><time>04-11-20 19:08:06:063</time></pt><pt><x>4037</x><y>2559</y><time>undefined</time></pt><pt><x>411</x><y>2559</y><time>undefined</time></pt><closed_date>04-11-20 19:08:06:064</closed_date></polygon></object></annotation>