<annotation><filename>img_m1_s03-04_101_p_ic076.jpg</filename><folder>users/joselusava//valeria/sala3y4_101_ic</folder><source><submittedBy>Jose Saca</submittedBy></source><imagesize><nrows>3200</nrows><ncols>4800</ncols></imagesize><object><name>m1_s03_s04_101_p_ic076</name><deleted>0</deleted><verified>0</verified><occluded>no</occluded><attributes></attributes><parts><hasparts></hasparts><ispartof></ispartof></parts><date>29-08-20 01:28:30:796</date><id>0</id><type>bounding_box</type><polygon><username>anonymous</username><pt><x>4745</x><y>3079</y><time>29-08-20 01:28:21:744</time></pt><pt><x>242</x><y>3079</y><time>29-08-20 01:28:25:791</time></pt><pt><x>242</x><y>455</y><time>undefined</time></pt><pt><x>4745</x><y>455</y><time>undefined</time></pt><closed_date>29-08-20 01:28:25:792</closed_date></polygon></object></annotation>