<annotation><filename>m2_s03_201_p_ic017.jpg</filename><folder>users/joselusava//eg</folder><source><submittedBy>Jose Saca</submittedBy></source><imagesize><nrows>3000</nrows><ncols>4496</ncols></imagesize><object><name>m2_s03_219_p_ic017</name><deleted>0</deleted><verified>0</verified><occluded>no</occluded><attributes></attributes><parts><hasparts></hasparts><ispartof></ispartof></parts><date>16-09-20 12:49:20:663</date><id>0</id><type>bounding_box</type><polygon><username>anonymous</username><pt><x>680</x><y>103</y><time>16-09-20 12:49:05:485</time></pt><pt><x>3680</x><y>103</y><time>16-09-20 12:49:06:633</time></pt><pt><x>3680</x><y>2830</y><time>undefined</time></pt><pt><x>680</x><y>2830</y><time>undefined</time></pt><closed_date>16-09-20 12:49:06:635</closed_date></polygon></object></annotation>