<annotation><filename>m1_s06_141_p_nic073.jpg</filename><folder>users/joselusava//jacob_2/141nic</folder><source><submittedBy>Jose Saca</submittedBy></source><imagesize><nrows>2736</nrows><ncols>4100</ncols></imagesize><object><name>m1_s06_141_p_nic073</name><deleted>0</deleted><verified>0</verified><occluded>no</occluded><attributes></attributes><parts><hasparts></hasparts><ispartof></ispartof></parts><date>05-09-20 19:59:26:689</date><id>0</id><type>bounding_box</type><polygon><username>anonymous</username><pt><x>416</x><y>1997</y><time>05-09-20 19:59:23:438</time></pt><pt><x>1263</x><y>1997</y><time>05-09-20 19:59:25:978</time></pt><pt><x>1263</x><y>456</y><time>undefined</time></pt><pt><x>416</x><y>456</y><time>undefined</time></pt><closed_date>05-09-20 19:59:25:978</closed_date></polygon></object></annotation>