<annotation><filename>m4_s07_105_p_nic067.jpg</filename><folder>users/joselusava//kath/m4_105/nic</folder><source><submittedBy>Jose Saca</submittedBy></source><imagesize><nrows>2970</nrows><ncols>4451</ncols></imagesize><object><name>m4_s07_105_p_nic067</name><deleted>0</deleted><verified>0</verified><occluded>no</occluded><attributes></attributes><parts><hasparts></hasparts><ispartof></ispartof></parts><date>03-11-20 09:04:34:221</date><id>0</id><type>bounding_box</type><polygon><username>anonymous</username><pt><x>3085</x><y>1759</y><time>03-11-20 09:04:26:394</time></pt><pt><x>3758</x><y>1759</y><time>03-11-20 09:04:27:812</time></pt><pt><x>3758</x><y>538</y><time>undefined</time></pt><pt><x>3085</x><y>538</y><time>undefined</time></pt><closed_date>03-11-20 09:04:27:812</closed_date></polygon></object></annotation>