<annotation><filename>m4_s02_021_p_ic084.jpg</filename><folder>users/joselusava//santiago_2</folder><source><submittedBy>Jose Saca</submittedBy></source><imagesize><nrows>2910</nrows><ncols>4361</ncols></imagesize><object><name>m4_s02_021_p_ic084</name><deleted>0</deleted><verified>0</verified><occluded>no</occluded><attributes></attributes><parts><hasparts></hasparts><ispartof></ispartof></parts><date>04-10-20 19:36:05:351</date><id>0</id><type>bounding_box</type><polygon><username>anonymous</username><pt><x>1413</x><y>267</y><time>04-10-20 19:36:00:563</time></pt><pt><x>2765</x><y>267</y><time>04-10-20 19:36:03:364</time></pt><pt><x>2765</x><y>2512</y><time>undefined</time></pt><pt><x>1413</x><y>2512</y><time>undefined</time></pt><closed_date>04-10-20 19:36:03:365</closed_date></polygon></object></annotation>