<annotation><filename>m4_s04_047_p_nic061.jpg</filename><folder>users/joselusava//kath/kath_m4_047/nic</folder><source><submittedBy>Jose Saca</submittedBy></source><imagesize><nrows>2970</nrows><ncols>4451</ncols></imagesize><object><name>m4_s04_047_p_nic061</name><deleted>0</deleted><verified>0</verified><occluded>no</occluded><attributes></attributes><parts><hasparts></hasparts><ispartof></ispartof></parts><date>24-10-20 19:21:06:375</date><id>0</id><type>bounding_box</type><polygon><username>anonymous</username><pt><x>1233</x><y>2770</y><time>24-10-20 19:20:59:489</time></pt><pt><x>1982</x><y>2770</y><time>24-10-20 19:21:02:936</time></pt><pt><x>1982</x><y>1158</y><time>undefined</time></pt><pt><x>1233</x><y>1158</y><time>undefined</time></pt><closed_date>24-10-20 19:21:02:938</closed_date></polygon></object></annotation>