<annotation><filename>m4_s04_037_p_ic070.jpg</filename><folder>users/joselusava//santiago_2</folder><source><submittedBy>Jose Saca</submittedBy></source><imagesize><nrows>2970</nrows><ncols>4451</ncols></imagesize><object><name>m4_s04_037_p_ic070</name><deleted>0</deleted><verified>0</verified><occluded>no</occluded><attributes></attributes><parts><hasparts></hasparts><ispartof></ispartof></parts><date>18-10-20 21:45:18:109</date><id>0</id><type>bounding_box</type><polygon><username>anonymous</username><pt><x>1556</x><y>460</y><time>18-10-20 21:45:11:616</time></pt><pt><x>3059</x><y>460</y><time>18-10-20 21:45:13:367</time></pt><pt><x>3059</x><y>2677</y><time>undefined</time></pt><pt><x>1556</x><y>2677</y><time>undefined</time></pt><closed_date>18-10-20 21:45:13:368</closed_date></polygon></object></annotation>