<annotation><filename>m2_s01_018_p_ic064.jpg</filename><folder>users/joselusava//santiago_2</folder><source><submittedBy>Jose Saca</submittedBy></source><imagesize><nrows>2850</nrows><ncols>4271</ncols></imagesize><object><name>m2_s01_018_p_ic064</name><deleted>0</deleted><verified>0</verified><occluded>no</occluded><attributes></attributes><parts><hasparts></hasparts><ispartof></ispartof></parts><date>28-09-20 17:51:41:387</date><id>0</id><type>bounding_box</type><polygon><username>anonymous</username><pt><x>1600</x><y>708</y><time>28-09-20 17:51:30:358</time></pt><pt><x>2475</x><y>708</y><time>28-09-20 17:51:31:993</time></pt><pt><x>2475</x><y>1968</y><time>undefined</time></pt><pt><x>1600</x><y>1968</y><time>undefined</time></pt><closed_date>28-09-20 17:51:31:994</closed_date></polygon></object></annotation>