<annotation><filename>m2_s01_032_p_nic067.jpg</filename><folder>users/joselusava//santiago_2</folder><source><submittedBy>Jose Saca</submittedBy></source><imagesize><nrows>2850</nrows><ncols>4271</ncols></imagesize><object><name>m2_s01_032_p_nic067</name><deleted>0</deleted><verified>0</verified><occluded>no</occluded><attributes></attributes><parts><hasparts></hasparts><ispartof></ispartof></parts><date>30-09-20 21:07:29:409</date><id>0</id><type>bounding_box</type><polygon><username>anonymous</username><pt><x>461</x><y>689</y><time>30-09-20 21:07:26:512</time></pt><pt><x>1272</x><y>689</y><time>30-09-20 21:07:27:332</time></pt><pt><x>1272</x><y>1574</y><time>undefined</time></pt><pt><x>461</x><y>1574</y><time>undefined</time></pt><closed_date>30-09-20 21:07:27:333</closed_date></polygon></object></annotation>