<annotation><filename>m2_s03_248_p_ic094.jpg</filename><folder>users/joselusava//museos2020</folder><source><submittedBy>Jose Saca</submittedBy></source><imagesize><nrows>2910</nrows><ncols>4361</ncols></imagesize><object><name>m2_s03_248_p_ic094</name><deleted>0</deleted><verified>0</verified><occluded>no</occluded><attributes></attributes><parts><hasparts></hasparts><ispartof></ispartof></parts><date>27-09-20 09:23:18:626</date><id>0</id><polygon><username>anonymous</username><pt><x>163</x><y>730</y><time>27-09-20 09:23:00:867</time></pt><pt><x>4067</x><y>711</y><time>27-09-20 09:23:02:320</time></pt><pt><x>4323</x><y>1037</y><time>27-09-20 09:23:03:350</time></pt><pt><x>730</x><y>2208</y><time>27-09-20 09:23:04:607</time></pt><closed_date>27-09-20 09:23:05:453</closed_date></polygon></object></annotation>