<annotation><filename>m2_s01_035_x.jpg</filename><folder>users/joselusava//juancarlos</folder><source><submittedBy>Jose Saca</submittedBy></source><imagesize><nrows>2850</nrows><ncols>4271</ncols></imagesize><object><name>m2_s01_035_x</name><deleted>0</deleted><verified>0</verified><occluded>no</occluded><attributes></attributes><parts><hasparts></hasparts><ispartof></ispartof></parts><date>28-09-20 10:58:40:967</date><id>0</id><type>bounding_box</type><polygon><username>anonymous</username><pt><x>1047</x><y>360</y><time>28-09-20 10:58:27:136</time></pt><pt><x>3150</x><y>360</y><time>28-09-20 10:58:34:174</time></pt><pt><x>3150</x><y>2645</y><time>undefined</time></pt><pt><x>1047</x><y>2645</y><time>undefined</time></pt><closed_date>28-09-20 10:58:34:175</closed_date></polygon></object></annotation>