<annotation><filename>m1_s02_065_p_nic056.jpg</filename><folder>users/joselusava//valeria/sala2_065_nic</folder><source><submittedBy>Jose Saca</submittedBy></source><imagesize><nrows>2000</nrows><ncols>2992</ncols></imagesize><object><name>m1_s02_065_p_nic056</name><deleted>0</deleted><verified>0</verified><occluded>no</occluded><attributes></attributes><parts><hasparts></hasparts><ispartof></ispartof></parts><date>27-08-20 23:22:40:231</date><id>0</id><type>bounding_box</type><polygon><username>anonymous</username><pt><x>2111</x><y>1064</y><time>27-08-20 23:22:32:713</time></pt><pt><x>466</x><y>1064</y><time>27-08-20 23:22:36:030</time></pt><pt><x>466</x><y>339</y><time>undefined</time></pt><pt><x>2111</x><y>339</y><time>undefined</time></pt><closed_date>27-08-20 23:22:36:031</closed_date></polygon></object></annotation>