<annotation><filename>m4_s12_186_p_ic091.jpg</filename><folder>users/joselusava//m4_js/186/ic</folder><source><submittedBy>Jose Saca</submittedBy></source><imagesize><nrows>3899</nrows><ncols>5844</ncols></imagesize><object><name>m4_s12_186_p_ic091</name><deleted>0</deleted><verified>0</verified><occluded>no</occluded><attributes></attributes><parts><hasparts></hasparts><ispartof></ispartof></parts><date>18-10-20 11:14:35:697</date><id>0</id><type>bounding_box</type><polygon><username>anonymous</username><pt><x>3791</x><y>3418</y><time>18-10-20 11:14:33:761</time></pt><pt><x>2018</x><y>3418</y><time>18-10-20 11:14:35:001</time></pt><pt><x>2018</x><y>502</y><time>undefined</time></pt><pt><x>3791</x><y>502</y><time>undefined</time></pt><closed_date>18-10-20 11:14:35:002</closed_date></polygon></object></annotation>