<annotation><filename>m2_s01_034_p_nic046.jpg</filename><folder>users/joselusava//kath</folder><source><submittedBy>Jose Saca</submittedBy></source><imagesize><nrows>2850</nrows><ncols>4271</ncols></imagesize><object><name>m2_s01_034_p_nic046</name><deleted>0</deleted><verified>0</verified><occluded>no</occluded><attributes></attributes><parts><hasparts></hasparts><ispartof></ispartof></parts><date>25-09-20 20:02:41:279</date><id>0</id><type>bounding_box</type><polygon><username>anonymous</username><pt><x>1991</x><y>1217</y><time>25-09-20 20:02:35:753</time></pt><pt><x>2936</x><y>1217</y><time>25-09-20 20:02:38:246</time></pt><pt><x>2936</x><y>2635</y><time>undefined</time></pt><pt><x>1991</x><y>2635</y><time>undefined</time></pt><closed_date>25-09-20 20:02:38:246</closed_date></polygon></object></annotation>