<annotation><filename>m4_s11_178_p_ic077.jpg</filename><folder>users/joselusava//santiago_2</folder><source><submittedBy>Jose Saca</submittedBy></source><imagesize><nrows>2970</nrows><ncols>4451</ncols></imagesize><object><name>m4_s11_178_p_ic077</name><deleted>0</deleted><verified>0</verified><occluded>no</occluded><attributes></attributes><parts><hasparts></hasparts><ispartof></ispartof></parts><date>15-10-20 22:09:24:025</date><id>0</id><type>bounding_box</type><polygon><username>anonymous</username><pt><x>1260</x><y>810</y><time>15-10-20 22:09:20:260</time></pt><pt><x>2770</x><y>810</y><time>15-10-20 22:09:21:967</time></pt><pt><x>2770</x><y>2577</y><time>undefined</time></pt><pt><x>1260</x><y>2577</y><time>undefined</time></pt><closed_date>15-10-20 22:09:21:967</closed_date></polygon></object></annotation>