<annotation><filename>m2_s06_244_p_ic019.jpg</filename><folder>users/joselusava//museos2020</folder><source><submittedBy>Jose Saca</submittedBy></source><imagesize><nrows>2910</nrows><ncols>4361</ncols></imagesize><object><name>m2_s06_244_p_ic019</name><deleted>0</deleted><verified>0</verified><occluded>no</occluded><attributes></attributes><parts><hasparts></hasparts><ispartof></ispartof></parts><date>22-09-20 12:07:16:783</date><id>0</id><type>bounding_box</type><polygon><username>anonymous</username><pt><x>1426</x><y>1068</y><time>22-09-20 12:07:09:572</time></pt><pt><x>3233</x><y>1068</y><time>22-09-20 12:07:10:369</time></pt><pt><x>3233</x><y>1792</y><time>undefined</time></pt><pt><x>1426</x><y>1792</y><time>undefined</time></pt><closed_date>22-09-20 12:07:10:370</closed_date></polygon></object></annotation>