<annotation><filename>m2_s01_034_p_ic020.jpg</filename><folder>users/joselusava//kath</folder><source><submittedBy>Jose Saca</submittedBy></source><imagesize><nrows>2850</nrows><ncols>4271</ncols></imagesize><object><name>m2_s01_034_p_ic020</name><deleted>0</deleted><verified>0</verified><occluded>no</occluded><attributes></attributes><parts><hasparts></hasparts><ispartof></ispartof></parts><date>23-09-20 22:51:11:871</date><id>0</id><type>bounding_box</type><polygon><username>anonymous</username><pt><x>1439</x><y>253</y><time>23-09-20 22:51:02:757</time></pt><pt><x>2906</x><y>253</y><time>23-09-20 22:51:08:573</time></pt><pt><x>2906</x><y>2689</y><time>undefined</time></pt><pt><x>1439</x><y>2689</y><time>undefined</time></pt><closed_date>23-09-20 22:51:08:574</closed_date></polygon></object></annotation>