<annotation><filename>m2_s02_129_p_ic098.jpg</filename><folder>users/joselusava//m2_jsv/129/ic</folder><source><submittedBy>Jose Saca</submittedBy></source><imagesize><nrows>2910</nrows><ncols>4361</ncols></imagesize><object><name>m2_s02_129_p_ic098</name><deleted>0</deleted><verified>0</verified><occluded>no</occluded><attributes></attributes><parts><hasparts></hasparts><ispartof></ispartof></parts><date>24-09-20 19:40:00:074</date><id>0</id><type>bounding_box</type><polygon><username>anonymous</username><pt><x>3055</x><y>2681</y><time>24-09-20 19:39:57:749</time></pt><pt><x>1175</x><y>2681</y><time>24-09-20 19:39:59:028</time></pt><pt><x>1175</x><y>662</y><time>undefined</time></pt><pt><x>3055</x><y>662</y><time>undefined</time></pt><closed_date>24-09-20 19:39:59:028</closed_date></polygon></object></annotation>