<annotation><filename>m4_s04_039_p_nic027.jpg</filename><folder>users/joselusava//santiago_2</folder><source><submittedBy>Jose Saca</submittedBy></source><imagesize><nrows>2970</nrows><ncols>4451</ncols></imagesize><object><name>m4_s04_039_p_nic027</name><deleted>0</deleted><verified>0</verified><occluded>no</occluded><attributes></attributes><parts><hasparts></hasparts><ispartof></ispartof></parts><date>21-10-20 21:06:35:781</date><id>0</id><type>bounding_box</type><polygon><username>anonymous</username><pt><x>2435</x><y>1107</y><time>21-10-20 21:06:32:397</time></pt><pt><x>2977</x><y>1107</y><time>21-10-20 21:06:33:703</time></pt><pt><x>2977</x><y>2877</y><time>undefined</time></pt><pt><x>2435</x><y>2877</y><time>undefined</time></pt><closed_date>21-10-20 21:06:33:704</closed_date></polygon></object></annotation>