<annotation><filename>m2_s01_032_p_ic096.jpg</filename><folder>users/joselusava//santiago_2</folder><source><submittedBy>Jose Saca</submittedBy></source><imagesize><nrows>2850</nrows><ncols>4271</ncols></imagesize><object><name>m2_s01_032_p_ic096</name><deleted>0</deleted><verified>0</verified><occluded>no</occluded><attributes></attributes><parts><hasparts></hasparts><ispartof></ispartof></parts><date>30-09-20 17:26:51:951</date><id>0</id><type>bounding_box</type><polygon><username>anonymous</username><pt><x>1225</x><y>428</y><time>30-09-20 17:26:48:116</time></pt><pt><x>2935</x><y>428</y><time>30-09-20 17:26:50:003</time></pt><pt><x>2935</x><y>2758</y><time>undefined</time></pt><pt><x>1225</x><y>2758</y><time>undefined</time></pt><closed_date>30-09-20 17:26:50:004</closed_date></polygon></object></annotation>