<annotation><filename>img_m1_s03-04_101_p_ic022.jpg</filename><folder>users/joselusava//valeria/sala3y4_101_ic</folder><source><submittedBy>Jose Saca</submittedBy></source><imagesize><nrows>3200</nrows><ncols>4800</ncols></imagesize><object><name>m1_s03_s04_101_p_ic022</name><deleted>0</deleted><verified>0</verified><occluded>no</occluded><attributes></attributes><parts><hasparts></hasparts><ispartof></ispartof></parts><date>28-08-20 23:10:03:218</date><id>0</id><type>bounding_box</type><polygon><username>anonymous</username><pt><x>21</x><y>3136</y><time>28-08-20 23:09:54:718</time></pt><pt><x>4392</x><y>3136</y><time>28-08-20 23:09:58:358</time></pt><pt><x>4392</x><y>569</y><time>undefined</time></pt><pt><x>21</x><y>569</y><time>undefined</time></pt><closed_date>28-08-20 23:09:58:359</closed_date></polygon></object></annotation>