<annotation><filename>m2_s06_250_p_ic054.jpg</filename><folder>users/joselusava//valeria/m2_sala06_250_ic</folder><source><submittedBy>Jose Saca</submittedBy></source><imagesize><nrows>2910</nrows><ncols>4361</ncols></imagesize><object><name>m2_s06_250_p_ic054</name><deleted>0</deleted><verified>0</verified><occluded>no</occluded><attributes></attributes><parts><hasparts></hasparts><ispartof></ispartof></parts><date>30-09-20 23:41:44:887</date><id>0</id><type>bounding_box</type><polygon><username>anonymous</username><pt><x>3599</x><y>2001</y><time>30-09-20 23:41:38:749</time></pt><pt><x>700</x><y>2001</y><time>30-09-20 23:41:41:685</time></pt><pt><x>700</x><y>849</y><time>undefined</time></pt><pt><x>3599</x><y>849</y><time>undefined</time></pt><closed_date>30-09-20 23:41:41:686</closed_date></polygon></object></annotation>