<annotation><filename>m2_s01_024_p_ic021.jpg</filename><folder>users/joselusava//santiago</folder><source><submittedBy>Jose Saca</submittedBy></source><imagesize><nrows>2850</nrows><ncols>4271</ncols></imagesize><object><name>m2_s01_024_p_ic021</name><deleted>0</deleted><verified>0</verified><occluded>no</occluded><attributes></attributes><parts><hasparts></hasparts><ispartof></ispartof></parts><date>24-09-20 12:03:02:354</date><id>0</id><type>bounding_box</type><polygon><username>anonymous</username><pt><x>1423</x><y>247</y><time>24-09-20 12:02:44:773</time></pt><pt><x>2835</x><y>247</y><time>24-09-20 12:02:48:925</time></pt><pt><x>2835</x><y>2687</y><time>undefined</time></pt><pt><x>1423</x><y>2687</y><time>undefined</time></pt><closed_date>24-09-20 12:02:48:928</closed_date></polygon></object></annotation>