<annotation><filename>m4_s12_185_p_ic069.jpg</filename><folder>users/joselusava//valeria/m04_s12_185_ic</folder><source><submittedBy>Jose Saca</submittedBy></source><imagesize><nrows>2910</nrows><ncols>4361</ncols></imagesize><object><name>m4_s12_185_p_ic069</name><deleted>0</deleted><verified>0</verified><occluded>no</occluded><attributes></attributes><parts><hasparts></hasparts><ispartof></ispartof></parts><date>17-10-20 18:21:10:689</date><id>0</id><type>bounding_box</type><polygon><username>anonymous</username><pt><x>3699</x><y>2401</y><time>17-10-20 18:21:04:610</time></pt><pt><x>526</x><y>2401</y><time>17-10-20 18:21:07:162</time></pt><pt><x>526</x><y>67</y><time>undefined</time></pt><pt><x>3699</x><y>67</y><time>undefined</time></pt><closed_date>17-10-20 18:21:07:163</closed_date></polygon></object></annotation>