<annotation><filename>m2_s01_001_p_nic017.jpg</filename><folder>users/joselusava//santiago</folder><source><submittedBy>Jose Saca</submittedBy></source><imagesize><nrows>2850</nrows><ncols>4271</ncols></imagesize><object><name>m2_s01_001_p_nic017</name><deleted>0</deleted><verified>0</verified><occluded>no</occluded><attributes></attributes><parts><hasparts></hasparts><ispartof></ispartof></parts><date>19-09-20 22:01:00:104</date><id>0</id><type>bounding_box</type><polygon><username>anonymous</username><pt><x>2231</x><y>577</y><time>19-09-20 22:00:51:047</time></pt><pt><x>3719</x><y>577</y><time>19-09-20 22:00:53:996</time></pt><pt><x>3719</x><y>1991</y><time>undefined</time></pt><pt><x>2231</x><y>1991</y><time>undefined</time></pt><closed_date>19-09-20 22:00:53:997</closed_date></polygon></object></annotation>