<annotation><filename>m3_s01_010_p_ic079.jpg</filename><folder>users/joselusava//m4_js/m3/10/ic</folder><source><submittedBy>Jose Saca</submittedBy></source><imagesize><nrows>2970</nrows><ncols>4451</ncols></imagesize><object><name>m3_s01_010_p_ic079</name><deleted>0</deleted><verified>0</verified><occluded>no</occluded><attributes></attributes><parts><hasparts></hasparts><ispartof></ispartof></parts><date>29-10-20 13:20:27:544</date><id>0</id><type>bounding_box</type><polygon><username>anonymous</username><pt><x>4004</x><y>2673</y><time>29-10-20 13:20:25:303</time></pt><pt><x>618</x><y>2673</y><time>29-10-20 13:20:26:842</time></pt><pt><x>618</x><y>213</y><time>undefined</time></pt><pt><x>4004</x><y>213</y><time>undefined</time></pt><closed_date>29-10-20 13:20:26:843</closed_date></polygon></object></annotation>