<annotation><filename>m4_s06_089_p_ic035.jpg</filename><folder>users/joselusava//santiago_2</folder><source><submittedBy>Jose Saca</submittedBy></source><imagesize><nrows>2970</nrows><ncols>4451</ncols></imagesize><object><name>m4_s06_089_p_ic035</name><deleted>0</deleted><verified>0</verified><occluded>no</occluded><attributes></attributes><parts><hasparts></hasparts><ispartof></ispartof></parts><date>11-10-20 18:02:16:526</date><id>0</id><type>bounding_box</type><polygon><username>anonymous</username><pt><x>1411</x><y>502</y><time>11-10-20 18:02:05:110</time></pt><pt><x>2956</x><y>502</y><time>11-10-20 18:02:07:314</time></pt><pt><x>2956</x><y>2581</y><time>undefined</time></pt><pt><x>1411</x><y>2581</y><time>undefined</time></pt><closed_date>11-10-20 18:02:07:314</closed_date></polygon></object></annotation>