<annotation><filename>m2_s01_056_p_nic027.jpg</filename><folder>users/joselusava//m2_jsv/56/nic</folder><source><submittedBy>Jose Saca</submittedBy></source><imagesize><nrows>2850</nrows><ncols>4271</ncols></imagesize><object><name>m2_s01_056_p_nic027</name><deleted>0</deleted><verified>0</verified><occluded>no</occluded><attributes></attributes><parts><hasparts></hasparts><ispartof></ispartof></parts><date>28-09-20 22:16:43:470</date><id>0</id><type>bounding_box</type><polygon><username>anonymous</username><pt><x>3040</x><y>2726</y><time>28-09-20 22:16:41:229</time></pt><pt><x>1749</x><y>2726</y><time>28-09-20 22:16:42:815</time></pt><pt><x>1749</x><y>1265</y><time>undefined</time></pt><pt><x>3040</x><y>1265</y><time>undefined</time></pt><closed_date>28-09-20 22:16:42:815</closed_date></polygon></object></annotation>