<annotation><filename>m1_s01_017_p_nic049.jpg</filename><folder>users/joselusava//santiago</folder><source><submittedBy>Jose Saca</submittedBy></source><imagesize><nrows>3200</nrows><ncols>4800</ncols></imagesize><object><name>m1_s01_017_p_nic049</name><deleted>0</deleted><verified>0</verified><occluded>no</occluded><attributes></attributes><parts><hasparts></hasparts><ispartof></ispartof></parts><date>11-09-20 19:16:12:956</date><id>0</id><type>bounding_box</type><polygon><username>anonymous</username><pt><x>2764</x><y>616</y><time>11-09-20 19:16:04:736</time></pt><pt><x>3261</x><y>616</y><time>11-09-20 19:16:06:012</time></pt><pt><x>3261</x><y>957</y><time>undefined</time></pt><pt><x>2764</x><y>957</y><time>undefined</time></pt><closed_date>11-09-20 19:16:06:014</closed_date></polygon></object></annotation>