<annotation><filename>m1_s01_005_p_nic085.jpg</filename><folder>users/joselusava//museos2020</folder><source><submittedBy>Jose Saca</submittedBy></source><imagesize><nrows>2000</nrows><ncols>2992</ncols></imagesize><object><name>m1_s01_005_p_nic085</name><deleted>0</deleted><verified>0</verified><occluded>no</occluded><attributes></attributes><parts><hasparts></hasparts><ispartof></ispartof></parts><date>14-09-20 11:56:37:373</date><id>0</id><type>bounding_box</type><polygon><username>anonymous</username><pt><x>1834</x><y>1208</y><time>14-09-20 11:56:25:228</time></pt><pt><x>2185</x><y>1208</y><time>14-09-20 11:56:29:005</time></pt><pt><x>2185</x><y>1591</y><time>undefined</time></pt><pt><x>1834</x><y>1591</y><time>undefined</time></pt><closed_date>14-09-20 11:56:29:006</closed_date></polygon></object></annotation>