<annotation><filename>m2_s02_129_p_nic070.jpg</filename><folder>users/joselusava//m2_jsv/129/nic</folder><source><submittedBy>Jose Saca</submittedBy></source><imagesize><nrows>2910</nrows><ncols>4361</ncols></imagesize><object><name>m2_s02_129_p_nic070</name><deleted>0</deleted><verified>0</verified><occluded>no</occluded><attributes></attributes><parts><hasparts></hasparts><ispartof></ispartof></parts><date>25-09-20 08:17:27:582</date><id>0</id><type>bounding_box</type><polygon><username>anonymous</username><pt><x>2246</x><y>1227</y><time>25-09-20 08:17:24:525</time></pt><pt><x>1341</x><y>1227</y><time>25-09-20 08:17:26:090</time></pt><pt><x>1341</x><y>287</y><time>undefined</time></pt><pt><x>2246</x><y>287</y><time>undefined</time></pt><closed_date>25-09-20 08:17:26:090</closed_date></polygon></object></annotation>