<annotation><filename>m4_s11_178_p_nic040.jpg</filename><folder>users/joselusava//santiago_2</folder><source><submittedBy>Jose Saca</submittedBy></source><imagesize><nrows>2970</nrows><ncols>4451</ncols></imagesize><object><name>m4_s11_178_p_nic040</name><deleted>0</deleted><verified>0</verified><occluded>no</occluded><attributes></attributes><parts><hasparts></hasparts><ispartof></ispartof></parts><date>15-10-20 23:26:11:194</date><id>0</id><type>bounding_box</type><polygon><username>anonymous</username><pt><x>2395</x><y>1403</y><time>15-10-20 23:26:08:414</time></pt><pt><x>3820</x><y>1403</y><time>15-10-20 23:26:09:386</time></pt><pt><x>3820</x><y>2731</y><time>undefined</time></pt><pt><x>2395</x><y>2731</y><time>undefined</time></pt><closed_date>15-10-20 23:26:09:387</closed_date></polygon></object></annotation>