<annotation><filename>m4_s10_154_p_nic081.jpg</filename><folder>users/joselusava//valeria/m04_s10_154_nic</folder><source><submittedBy>Jose Saca</submittedBy></source><imagesize><nrows>2970</nrows><ncols>4451</ncols></imagesize><object><name>m4_s10_154_p_nic081</name><deleted>0</deleted><verified>0</verified><occluded>no</occluded><attributes></attributes><parts><hasparts></hasparts><ispartof></ispartof></parts><date>14-10-20 15:52:02:943</date><id>0</id><type>bounding_box</type><polygon><username>anonymous</username><pt><x>3975</x><y>2519</y><time>14-10-20 15:51:54:670</time></pt><pt><x>2410</x><y>2519</y><time>14-10-20 15:51:58:625</time></pt><pt><x>2410</x><y>514</y><time>undefined</time></pt><pt><x>3975</x><y>514</y><time>undefined</time></pt><closed_date>14-10-20 15:51:58:628</closed_date></polygon></object></annotation>