<annotation><filename>m2_s01_032_p_ic070.jpg</filename><folder>users/joselusava//santiago_2</folder><source><submittedBy>Jose Saca</submittedBy></source><imagesize><nrows>2850</nrows><ncols>4271</ncols></imagesize><object><name>m2_s01_032_p_ic070</name><deleted>0</deleted><verified>0</verified><occluded>no</occluded><attributes></attributes><parts><hasparts></hasparts><ispartof></ispartof></parts><date>30-09-20 16:51:35:432</date><id>0</id><type>bounding_box</type><polygon><username>anonymous</username><pt><x>1071</x><y>228</y><time>30-09-20 16:51:31:940</time></pt><pt><x>2911</x><y>228</y><time>30-09-20 16:51:33:728</time></pt><pt><x>2911</x><y>2629</y><time>undefined</time></pt><pt><x>1071</x><y>2629</y><time>undefined</time></pt><closed_date>30-09-20 16:51:33:728</closed_date></polygon></object></annotation>