<annotation><filename>m2_s01_018_p_nic081.jpg</filename><folder>users/joselusava//santiago_2</folder><source><submittedBy>Jose Saca</submittedBy></source><imagesize><nrows>2850</nrows><ncols>4271</ncols></imagesize><object><name>m2_s01_018_p_nic081</name><deleted>0</deleted><verified>0</verified><occluded>no</occluded><attributes></attributes><parts><hasparts></hasparts><ispartof></ispartof></parts><date>29-09-20 19:00:12:961</date><id>0</id><type>bounding_box</type><polygon><username>anonymous</username><pt><x>2568</x><y>680</y><time>29-09-20 18:59:58:500</time></pt><pt><x>3058</x><y>680</y><time>29-09-20 18:59:59:297</time></pt><pt><x>3058</x><y>1520</y><time>undefined</time></pt><pt><x>2568</x><y>1520</y><time>undefined</time></pt><closed_date>29-09-20 18:59:59:298</closed_date></polygon></object></annotation>