<annotation><filename>m4_s04_039_p_nic055.jpg</filename><folder>users/joselusava//santiago_2</folder><source><submittedBy>Jose Saca</submittedBy></source><imagesize><nrows>2970</nrows><ncols>4451</ncols></imagesize><object><name>m4_s04_039_p_nic055</name><deleted>0</deleted><verified>0</verified><occluded>no</occluded><attributes></attributes><parts><hasparts></hasparts><ispartof></ispartof></parts><date>21-10-20 21:44:02:111</date><id>0</id><type>bounding_box</type><polygon><username>anonymous</username><pt><x>403</x><y>11</y><time>21-10-20 21:43:58:570</time></pt><pt><x>1171</x><y>11</y><time>21-10-20 21:44:00:186</time></pt><pt><x>1171</x><y>2510</y><time>undefined</time></pt><pt><x>403</x><y>2510</y><time>undefined</time></pt><closed_date>21-10-20 21:44:00:188</closed_date></polygon></object></annotation>