<annotation><filename>m2_s03_219_p_nic098.jpg</filename><folder>users/joselusava//valeria/m2_sala03_219_nic</folder><source><submittedBy>Jose Saca</submittedBy></source><imagesize><nrows>2910</nrows><ncols>4361</ncols></imagesize><object><name>m2_s03_219_p_nic098</name><deleted>0</deleted><verified>0</verified><occluded>no</occluded><attributes></attributes><parts><hasparts></hasparts><ispartof></ispartof></parts><date>29-09-20 19:58:11:163</date><id>0</id><type>bounding_box</type><polygon><username>anonymous</username><pt><x>628</x><y>2177</y><time>29-09-20 19:58:06:352</time></pt><pt><x>2249</x><y>2177</y><time>29-09-20 19:58:08:324</time></pt><pt><x>2249</x><y>435</y><time>undefined</time></pt><pt><x>628</x><y>435</y><time>undefined</time></pt><closed_date>29-09-20 19:58:08:326</closed_date></polygon></object></annotation>