<annotation><filename>m2_s03_248_p_ic013.jpg</filename><folder>users/joselusava//museos2020</folder><source><submittedBy>Jose Saca</submittedBy></source><imagesize><nrows>2910</nrows><ncols>4361</ncols></imagesize><object><name>m2_s03_248_p_ic013</name><deleted>0</deleted><verified>0</verified><occluded>no</occluded><attributes></attributes><parts><hasparts></hasparts><ispartof></ispartof></parts><date>27-09-20 07:59:51:449</date><id>0</id><polygon><username>anonymous</username><pt><x>112</x><y>567</y><time>27-09-20 07:59:39:457</time></pt><pt><x>400</x><y>2334</y><time>27-09-20 07:59:40:511</time></pt><pt><x>4337</x><y>1464</y><time>27-09-20 07:59:41:605</time></pt><pt><x>4309</x><y>553</y><time>27-09-20 07:59:42:277</time></pt><closed_date>27-09-20 07:59:43:268</closed_date></polygon></object></annotation>