<annotation><filename>m2_s07_264_p_ic012.jpg</filename><folder>users/joselusava//valeria/sala7_264_ic</folder><source><submittedBy>Jose Saca</submittedBy></source><imagesize><nrows>2910</nrows><ncols>4361</ncols></imagesize><object><name>m2_s07_264_p_ic012</name><deleted>0</deleted><verified>0</verified><occluded>no</occluded><attributes></attributes><parts><hasparts></hasparts><ispartof></ispartof></parts><date>22-09-20 18:16:24:533</date><id>0</id><type>bounding_box</type><polygon><username>anonymous</username><pt><x>2822</x><y>2348</y><time>22-09-20 18:16:18:292</time></pt><pt><x>1262</x><y>2348</y><time>22-09-20 18:16:21:137</time></pt><pt><x>1262</x><y>496</y><time>undefined</time></pt><pt><x>2822</x><y>496</y><time>undefined</time></pt><closed_date>22-09-20 18:16:21:139</closed_date></polygon></object></annotation>