<annotation><filename>m4_s04_039_p_ic035.jpg</filename><folder>users/joselusava//santiago_2</folder><source><submittedBy>Jose Saca</submittedBy></source><imagesize><nrows>2970</nrows><ncols>4451</ncols></imagesize><object><name>m4_s04_039_p_ic035</name><deleted>0</deleted><verified>0</verified><occluded>no</occluded><attributes></attributes><parts><hasparts></hasparts><ispartof></ispartof></parts><date>20-10-20 21:42:44:228</date><id>0</id><type>bounding_box</type><polygon><username>anonymous</username><pt><x>2017</x><y>193</y><time>20-10-20 21:42:40:648</time></pt><pt><x>2620</x><y>193</y><time>20-10-20 21:42:42:145</time></pt><pt><x>2620</x><y>2891</y><time>undefined</time></pt><pt><x>2017</x><y>2891</y><time>undefined</time></pt><closed_date>20-10-20 21:42:42:146</closed_date></polygon></object></annotation>