<annotation><filename>m1_s02_052_p_nic098.jpg</filename><folder>users/joselusava//valeria/sala2_052_nic</folder><source><submittedBy>Jose Saca</submittedBy></source><imagesize><nrows>3200</nrows><ncols>4800</ncols></imagesize><object><name>m1_s02_052_p_nic098</name><deleted>0</deleted><verified>0</verified><occluded>no</occluded><attributes></attributes><parts><hasparts></hasparts><ispartof></ispartof></parts><date>27-08-20 18:03:20:988</date><id>0</id><type>bounding_box</type><polygon><username>anonymous</username><pt><x>4209</x><y>1756</y><time>27-08-20 18:03:15:656</time></pt><pt><x>2593</x><y>1756</y><time>27-08-20 18:03:17:756</time></pt><pt><x>2593</x><y>360</y><time>undefined</time></pt><pt><x>4209</x><y>360</y><time>undefined</time></pt><closed_date>27-08-20 18:03:17:756</closed_date></polygon></object></annotation>