<annotation><filename>m1_s01_001_p_ic071.jpg</filename><folder>users/joselusava//juancarlos</folder><source><submittedBy>Jose Saca</submittedBy></source><imagesize><nrows>2000</nrows><ncols>2992</ncols></imagesize><object><name>m1_s01_001_p_ic071</name><deleted>0</deleted><verified>0</verified><occluded>no</occluded><attributes></attributes><parts><hasparts></hasparts><ispartof></ispartof></parts><date>01-09-20 10:05:26:990</date><id>0</id><type>bounding_box</type><polygon><username>anonymous</username><pt><x>727</x><y>841</y><time>01-09-20 10:05:20:638</time></pt><pt><x>2178</x><y>841</y><time>01-09-20 10:05:23:657</time></pt><pt><x>2178</x><y>1466</y><time>undefined</time></pt><pt><x>727</x><y>1466</y><time>undefined</time></pt><closed_date>01-09-20 10:05:23:659</closed_date></polygon></object></annotation>