<annotation><filename>m1_s06_141_p_ic054.jpg</filename><folder>users/joselusava//jacob_2/141ic</folder><source><submittedBy>Jose Saca</submittedBy></source><imagesize><nrows>2736</nrows><ncols>4100</ncols></imagesize><object><name>m1_s06_141_p_ic054</name><deleted>0</deleted><verified>0</verified><occluded>no</occluded><attributes></attributes><parts><hasparts></hasparts><ispartof></ispartof></parts><date>04-09-20 22:53:38:598</date><id>0</id><type>bounding_box</type><polygon><username>anonymous</username><pt><x>893</x><y>54</y><time>04-09-20 22:53:35:402</time></pt><pt><x>3038</x><y>54</y><time>04-09-20 22:53:37:716</time></pt><pt><x>3038</x><y>2625</y><time>undefined</time></pt><pt><x>893</x><y>2625</y><time>undefined</time></pt><closed_date>04-09-20 22:53:37:716</closed_date></polygon></object></annotation>