<annotation><filename>m1_s01_021_p_nic094.jpg</filename><folder>users/joselusava//santiago</folder><source><submittedBy>Jose Saca</submittedBy></source><imagesize><nrows>3200</nrows><ncols>4800</ncols></imagesize><object><name>m1_s01_021_p_nic094</name><deleted>0</deleted><verified>0</verified><occluded>no</occluded><attributes></attributes><parts><hasparts></hasparts><ispartof></ispartof></parts><date>16-09-20 22:33:23:220</date><id>0</id><type>bounding_box</type><polygon><username>anonymous</username><pt><x>3427</x><y>1631</y><time>16-09-20 22:33:12:062</time></pt><pt><x>4028</x><y>1631</y><time>16-09-20 22:33:12:927</time></pt><pt><x>4028</x><y>2480</y><time>undefined</time></pt><pt><x>3427</x><y>2480</y><time>undefined</time></pt><closed_date>16-09-20 22:33:12:929</closed_date></polygon></object></annotation>