<annotation><filename>m1_s01_005_p_ic041.jpg</filename><folder>users/joselusava//jacob/sala1/ic</folder><source><submittedBy>Jose Saca</submittedBy></source><imagesize><nrows>2000</nrows><ncols>2992</ncols></imagesize><object><name>m1_s01_005_p_ic041</name><deleted>0</deleted><verified>0</verified><occluded>no</occluded><attributes></attributes><parts><hasparts></hasparts><ispartof></ispartof></parts><date>14-09-20 20:29:34:844</date><id>0</id><type>bounding_box</type><polygon><username>anonymous</username><pt><x>1826</x><y>1392</y><time>14-09-20 20:29:33:378</time></pt><pt><x>1047</x><y>1392</y><time>14-09-20 20:29:34:327</time></pt><pt><x>1047</x><y>512</y><time>undefined</time></pt><pt><x>1826</x><y>512</y><time>undefined</time></pt><closed_date>14-09-20 20:29:34:327</closed_date></polygon></object></annotation>