<annotation><filename>m4_s09_138_p_ic100.jpg</filename><folder>users/joselusava//santiago_2</folder><source><submittedBy>Jose Saca</submittedBy></source><imagesize><nrows>2970</nrows><ncols>4451</ncols></imagesize><object><name>m4_s09_138_p_ic100</name><deleted>0</deleted><verified>0</verified><occluded>no</occluded><attributes></attributes><parts><hasparts></hasparts><ispartof></ispartof></parts><date>22-10-20 23:04:02:567</date><id>0</id><type>bounding_box</type><polygon><username>anonymous</username><pt><x>193</x><y>564</y><time>22-10-20 23:03:53:853</time></pt><pt><x>4191</x><y>564</y><time>22-10-20 23:03:55:524</time></pt><pt><x>4191</x><y>2731</y><time>undefined</time></pt><pt><x>193</x><y>2731</y><time>undefined</time></pt><closed_date>22-10-20 23:03:55:525</closed_date></polygon></object></annotation>