<annotation><filename>m2_s01_001_p_ic049.jpg</filename><folder>users/joselusava//santiago</folder><source><submittedBy>Jose Saca</submittedBy></source><imagesize><nrows>2850</nrows><ncols>4271</ncols></imagesize><object><name>m2_s01_001_p_ic049</name><deleted>0</deleted><verified>0</verified><occluded>no</occluded><attributes></attributes><parts><hasparts></hasparts><ispartof></ispartof></parts><date>19-09-20 08:44:20:417</date><id>0</id><type>bounding_box</type><polygon><username>anonymous</username><pt><x>1061</x><y>196</y><time>19-09-20 08:44:10:001</time></pt><pt><x>3026</x><y>196</y><time>19-09-20 08:44:12:854</time></pt><pt><x>3026</x><y>2760</y><time>undefined</time></pt><pt><x>1061</x><y>2760</y><time>undefined</time></pt><closed_date>19-09-20 08:44:12:855</closed_date></polygon></object></annotation>