<annotation><filename>m4_s12_185_p_ic083.jpg</filename><folder>users/joselusava//valeria/m04_s12_185_ic</folder><source><submittedBy>Jose Saca</submittedBy></source><imagesize><nrows>2910</nrows><ncols>4361</ncols></imagesize><object><name>m4_s12_185_p_ic083</name><deleted>0</deleted><verified>0</verified><occluded>no</occluded><attributes></attributes><parts><hasparts></hasparts><ispartof></ispartof></parts><date>17-10-20 18:43:35:768</date><id>0</id><type>bounding_box</type><polygon><username>anonymous</username><pt><x>761</x><y>2737</y><time>17-10-20 18:43:27:890</time></pt><pt><x>3867</x><y>2737</y><time>17-10-20 18:43:32:220</time></pt><pt><x>3867</x><y>90</y><time>undefined</time></pt><pt><x>761</x><y>90</y><time>undefined</time></pt><closed_date>17-10-20 18:43:32:222</closed_date></polygon></object></annotation>