<annotation><filename>m1_s01_017_p_ic086.jpg</filename><folder>users/joselusava//santiago</folder><source><submittedBy>Jose Saca</submittedBy></source><imagesize><nrows>3200</nrows><ncols>4800</ncols></imagesize><object><name>m1_s01_017_p_ic086</name><deleted>0</deleted><verified>0</verified><occluded>no</occluded><attributes></attributes><parts><hasparts></hasparts><ispartof></ispartof></parts><date>10-09-20 23:11:34:448</date><id>0</id><type>bounding_box</type><polygon><username>anonymous</username><pt><x>1321</x><y>921</y><time>10-09-20 23:11:26:457</time></pt><pt><x>2883</x><y>921</y><time>10-09-20 23:11:28:360</time></pt><pt><x>2883</x><y>2426</y><time>undefined</time></pt><pt><x>1321</x><y>2426</y><time>undefined</time></pt><closed_date>10-09-20 23:11:28:361</closed_date></polygon></object></annotation>