<annotation><filename>m1_s01_005_p_ic037.jpg</filename><folder>users/joselusava//jacob/sala1/ic</folder><source><submittedBy>Jose Saca</submittedBy></source><imagesize><nrows>2000</nrows><ncols>2992</ncols></imagesize><object><name>m1_s01_005_p_ic037</name><deleted>0</deleted><verified>0</verified><occluded>no</occluded><attributes></attributes><parts><hasparts></hasparts><ispartof></ispartof></parts><date>14-09-20 20:28:21:891</date><id>0</id><type>bounding_box</type><polygon><username>anonymous</username><pt><x>1874</x><y>1350</y><time>14-09-20 20:28:20:227</time></pt><pt><x>1083</x><y>1350</y><time>14-09-20 20:28:21:379</time></pt><pt><x>1083</x><y>529</y><time>undefined</time></pt><pt><x>1874</x><y>529</y><time>undefined</time></pt><closed_date>14-09-20 20:28:21:379</closed_date></polygon></object></annotation>