<annotation><filename>m1_s01_005_p_nic091.jpg</filename><folder>users/joselusava//museos2020</folder><source><submittedBy>Jose Saca</submittedBy></source><imagesize><nrows>2000</nrows><ncols>2992</ncols></imagesize><object><name>m1_s01_005_p_nic091</name><deleted>0</deleted><verified>0</verified><occluded>no</occluded><attributes></attributes><parts><hasparts></hasparts><ispartof></ispartof></parts><date>14-09-20 12:02:55:267</date><id>0</id><type>bounding_box</type><polygon><username>anonymous</username><pt><x>252</x><y>1307</y><time>14-09-20 12:02:46:448</time></pt><pt><x>620</x><y>1307</y><time>14-09-20 12:02:47:519</time></pt><pt><x>620</x><y>1703</y><time>undefined</time></pt><pt><x>252</x><y>1703</y><time>undefined</time></pt><closed_date>14-09-20 12:02:47:520</closed_date></polygon></object></annotation>