<annotation><filename>m4_s12_185_p_nic089.jpg</filename><folder>users/joselusava//valeria/m04_s12_185_nic</folder><source><submittedBy>Jose Saca</submittedBy></source><imagesize><nrows>2910</nrows><ncols>4361</ncols></imagesize><object><name>m4_s12_185_p_nic089</name><deleted>0</deleted><verified>0</verified><occluded>no</occluded><attributes></attributes><parts><hasparts></hasparts><ispartof></ispartof></parts><date>17-10-20 23:59:04:615</date><id>0</id><type>bounding_box</type><polygon><username>anonymous</username><pt><x>1198</x><y>2474</y><time>17-10-20 23:58:57:771</time></pt><pt><x>4275</x><y>2474</y><time>17-10-20 23:59:01:018</time></pt><pt><x>4275</x><y>101</y><time>undefined</time></pt><pt><x>1198</x><y>101</y><time>undefined</time></pt><closed_date>17-10-20 23:59:01:019</closed_date></polygon></object></annotation>