<annotation><filename>m1_s02_065_p_ic011.jpg</filename><folder>users/joselusava//valeria/sala2_065_ic</folder><source><submittedBy>Jose Saca</submittedBy></source><imagesize><nrows>2000</nrows><ncols>2992</ncols></imagesize><object><name>m1_s02_065_p_ic011</name><deleted>0</deleted><verified>0</verified><occluded>no</occluded><attributes></attributes><parts><hasparts></hasparts><ispartof></ispartof></parts><date>25-08-20 21:34:03:642</date><id>0</id><type>bounding_box</type><polygon><username>anonymous</username><pt><x>339</x><y>299</y><time>25-08-20 21:33:56:931</time></pt><pt><x>2839</x><y>299</y><time>25-08-20 21:33:59:765</time></pt><pt><x>2839</x><y>1876</y><time>undefined</time></pt><pt><x>339</x><y>1876</y><time>undefined</time></pt><closed_date>25-08-20 21:33:59:765</closed_date></polygon></object></annotation>