<annotation><filename>m1_s01_017_p_nic062.jpg</filename><folder>users/joselusava//santiago</folder><source><submittedBy>Jose Saca</submittedBy></source><imagesize><nrows>3200</nrows><ncols>4800</ncols></imagesize><object><name>m1_s01_017_p_nic062</name><deleted>0</deleted><verified>0</verified><occluded>no</occluded><attributes></attributes><parts><hasparts></hasparts><ispartof></ispartof></parts><date>11-09-20 19:30:14:198</date><id>0</id><type>bounding_box</type><polygon><username>anonymous</username><pt><x>3747</x><y>1350</y><time>11-09-20 19:30:07:377</time></pt><pt><x>4179</x><y>1350</y><time>11-09-20 19:30:08:413</time></pt><pt><x>4179</x><y>1685</y><time>undefined</time></pt><pt><x>3747</x><y>1685</y><time>undefined</time></pt><closed_date>11-09-20 19:30:08:415</closed_date></polygon></object></annotation>