<annotation><filename>m2_s05_236_p.jpg</filename><folder>users/joselusava//museos2020</folder><source><submittedBy>Jose Saca</submittedBy></source><imagesize><nrows>2910</nrows><ncols>4361</ncols></imagesize><object><name>m2_s05_236_p</name><deleted>0</deleted><verified>0</verified><occluded>no</occluded><attributes></attributes><parts><hasparts></hasparts><ispartof></ispartof></parts><date>16-09-20 17:47:07:093</date><id>0</id><type>bounding_box</type><polygon><username>anonymous</username><pt><x>442</x><y>302</y><time>16-09-20 16:08:30:873</time></pt><pt><x>3961</x><y>302</y><time>16-09-20 16:08:34:454</time></pt><pt><x>3961</x><y>2784</y><time>undefined</time></pt><pt><x>442</x><y>2784</y><time>undefined</time></pt><closed_date>16-09-20 16:08:34:454</closed_date></polygon></object></annotation>