<annotation><filename>m2_s01_034_p_nic045.jpg</filename><folder>users/joselusava//kath</folder><source><submittedBy>Jose Saca</submittedBy></source><imagesize><nrows>2850</nrows><ncols>4271</ncols></imagesize><object><name>m2_s01_034_p_nic045</name><deleted>0</deleted><verified>0</verified><occluded>no</occluded><attributes></attributes><parts><hasparts></hasparts><ispartof></ispartof></parts><date>25-09-20 20:01:41:353</date><id>0</id><type>bounding_box</type><polygon><username>anonymous</username><pt><x>1876</x><y>1217</y><time>25-09-20 20:01:35:320</time></pt><pt><x>2778</x><y>1217</y><time>25-09-20 20:01:37:925</time></pt><pt><x>2778</x><y>2657</y><time>undefined</time></pt><pt><x>1876</x><y>2657</y><time>undefined</time></pt><closed_date>25-09-20 20:01:37:925</closed_date></polygon></object></annotation>