<annotation><filename>m2_s05_236_p_ic038.jpg</filename><folder>users/joselusava//museos2020</folder><source><submittedBy>Jose Saca</submittedBy></source><imagesize><nrows>2910</nrows><ncols>4361</ncols></imagesize><object><name>m2_s05_236_p_ic038</name><deleted>0</deleted><verified>0</verified><occluded>no</occluded><attributes></attributes><parts><hasparts></hasparts><ispartof></ispartof></parts><date>16-09-20 18:25:01:724</date><id>0</id><type>bounding_box</type><polygon><username>anonymous</username><pt><x>270</x><y>28</y><time>16-09-20 18:24:35:972</time></pt><pt><x>3658</x><y>28</y><time>16-09-20 18:24:40:964</time></pt><pt><x>3658</x><y>2738</y><time>undefined</time></pt><pt><x>270</x><y>2738</y><time>undefined</time></pt><closed_date>16-09-20 18:24:40:964</closed_date></polygon></object></annotation>