<annotation><filename>m4_s11_176_p_nic081.jpg</filename><folder>users/joselusava//m4_js/176/nic</folder><source><submittedBy>Jose Saca</submittedBy></source><imagesize><nrows>2970</nrows><ncols>4451</ncols></imagesize><object><name>m4_s11_176_p_nic081</name><deleted>0</deleted><verified>0</verified><occluded>no</occluded><attributes></attributes><parts><hasparts></hasparts><ispartof></ispartof></parts><date>15-10-20 14:53:45:216</date><id>0</id><type>bounding_box</type><polygon><username>anonymous</username><pt><x>1866</x><y>1803</y><time>15-10-20 14:53:43:195</time></pt><pt><x>44</x><y>1803</y><time>15-10-20 14:53:44:295</time></pt><pt><x>44</x><y>36</y><time>undefined</time></pt><pt><x>1866</x><y>36</y><time>undefined</time></pt><closed_date>15-10-20 14:53:44:295</closed_date></polygon></object></annotation>