<annotation><filename>m2_s01_024_p_ic030.jpg</filename><folder>users/joselusava//santiago</folder><source><submittedBy>Jose Saca</submittedBy></source><imagesize><nrows>2850</nrows><ncols>4271</ncols></imagesize><object><name>m2_s01_024_p_ic030</name><deleted>0</deleted><verified>0</verified><occluded>no</occluded><attributes></attributes><parts><hasparts></hasparts><ispartof></ispartof></parts><date>24-09-20 12:21:53:547</date><id>0</id><type>bounding_box</type><polygon><username>anonymous</username><pt><x>1497</x><y>291</y><time>24-09-20 12:21:40:703</time></pt><pt><x>2820</x><y>291</y><time>24-09-20 12:21:43:784</time></pt><pt><x>2820</x><y>2727</y><time>undefined</time></pt><pt><x>1497</x><y>2727</y><time>undefined</time></pt><closed_date>24-09-20 12:21:43:787</closed_date></polygon></object></annotation>