<annotation><filename>m4_s09_138_p_nic026.jpg</filename><folder>users/joselusava//santiago_2</folder><source><submittedBy>Jose Saca</submittedBy></source><imagesize><nrows>2970</nrows><ncols>4451</ncols></imagesize><object><name>m4_s09_138_p_nic026</name><deleted>0</deleted><verified>0</verified><occluded>no</occluded><attributes></attributes><parts><hasparts></hasparts><ispartof></ispartof></parts><date>23-10-20 13:39:06:636</date><id>0</id><type>bounding_box</type><polygon><username>anonymous</username><pt><x>1838</x><y>942</y><time>23-10-20 13:39:03:826</time></pt><pt><x>4277</x><y>942</y><time>23-10-20 13:39:04:871</time></pt><pt><x>4277</x><y>2063</y><time>undefined</time></pt><pt><x>1838</x><y>2063</y><time>undefined</time></pt><closed_date>23-10-20 13:39:04:871</closed_date></polygon></object></annotation>