<annotation><filename>m1_s02_065_p_nic079.jpg</filename><folder>users/joselusava//valeria/sala2_065_nic</folder><source><submittedBy>Jose Saca</submittedBy></source><imagesize><nrows>2000</nrows><ncols>2992</ncols></imagesize><object><name>m1_s02_065_p_nic079</name><deleted>0</deleted><verified>0</verified><occluded>no</occluded><attributes></attributes><parts><hasparts></hasparts><ispartof></ispartof></parts><date>28-08-20 00:10:10:900</date><id>0</id><type>bounding_box</type><polygon><username>anonymous</username><pt><x>1923</x><y>1886</y><time>28-08-20 00:10:03:671</time></pt><pt><x>322</x><y>1886</y><time>28-08-20 00:10:06:322</time></pt><pt><x>322</x><y>1161</y><time>undefined</time></pt><pt><x>1923</x><y>1161</y><time>undefined</time></pt><closed_date>28-08-20 00:10:06:323</closed_date></polygon></object></annotation>