<annotation><filename>m4_s09_138_p_ic091.jpg</filename><folder>users/joselusava//santiago_2</folder><source><submittedBy>Jose Saca</submittedBy></source><imagesize><nrows>2970</nrows><ncols>4451</ncols></imagesize><object><name>m4_s09_138_p_ic091</name><deleted>0</deleted><verified>0</verified><occluded>no</occluded><attributes></attributes><parts><hasparts></hasparts><ispartof></ispartof></parts><date>22-10-20 21:37:12:313</date><id>0</id><type>bounding_box</type><polygon><username>anonymous</username><pt><x>200</x><y>700</y><time>22-10-20 21:37:08:386</time></pt><pt><x>4334</x><y>700</y><time>22-10-20 21:37:09:730</time></pt><pt><x>4334</x><y>2692</y><time>undefined</time></pt><pt><x>200</x><y>2692</y><time>undefined</time></pt><closed_date>22-10-20 21:37:09:731</closed_date></polygon></object></annotation>