<annotation><filename>m1_s01_005_p_nic098.jpg</filename><folder>users/joselusava//museos2020</folder><source><submittedBy>Jose Saca</submittedBy></source><imagesize><nrows>2000</nrows><ncols>2992</ncols></imagesize><object><name>m1_s01_005_p_nic098</name><deleted>0</deleted><verified>0</verified><occluded>no</occluded><attributes></attributes><parts><hasparts></hasparts><ispartof></ispartof></parts><date>14-09-20 12:10:22:284</date><id>0</id><type>bounding_box</type><polygon><username>anonymous</username><pt><x>393</x><y>1396</y><time>14-09-20 12:10:04:841</time></pt><pt><x>671</x><y>1396</y><time>14-09-20 12:10:12:751</time></pt><pt><x>671</x><y>1748</y><time>undefined</time></pt><pt><x>393</x><y>1748</y><time>undefined</time></pt><closed_date>14-09-20 12:10:12:751</closed_date></polygon></object></annotation>