<annotation><filename>m4_s01_005_x.jpg</filename><folder>users/joselusava//kath/m4_x</folder><source><submittedBy>Jose Saca</submittedBy></source><imagesize><nrows>2910</nrows><ncols>4361</ncols></imagesize><object><name>m4_s01_005_x</name><deleted>0</deleted><verified>0</verified><occluded>no</occluded><attributes></attributes><parts><hasparts></hasparts><ispartof></ispartof></parts><date>19-10-20 20:23:32:276</date><id>0</id><type>bounding_box</type><polygon><username>anonymous</username><pt><x>574</x><y>419</y><time>19-10-20 20:23:24:931</time></pt><pt><x>3371</x><y>419</y><time>19-10-20 20:23:28:823</time></pt><pt><x>3371</x><y>2496</y><time>undefined</time></pt><pt><x>574</x><y>2496</y><time>undefined</time></pt><closed_date>19-10-20 20:23:28:824</closed_date></polygon></object></annotation>