<annotation><filename>m1_s01_017_p_nic080.jpg</filename><folder>users/joselusava//santiago</folder><source><submittedBy>Jose Saca</submittedBy></source><imagesize><nrows>3200</nrows><ncols>4800</ncols></imagesize><object><name>m1_s01_017_p_nic080</name><deleted>0</deleted><verified>0</verified><occluded>no</occluded><attributes></attributes><parts><hasparts></hasparts><ispartof></ispartof></parts><date>11-09-20 19:52:38:557</date><id>0</id><type>bounding_box</type><polygon><username>anonymous</username><pt><x>569</x><y>1469</y><time>11-09-20 19:52:24:810</time></pt><pt><x>1227</x><y>1469</y><time>11-09-20 19:52:26:179</time></pt><pt><x>1227</x><y>1854</y><time>undefined</time></pt><pt><x>569</x><y>1854</y><time>undefined</time></pt><closed_date>11-09-20 19:52:26:180</closed_date></polygon></object></annotation>