<annotation><filename>m4_s03_029_x.jpg</filename><folder>users/joselusava//kath/m4_x</folder><source><submittedBy>Jose Saca</submittedBy></source><imagesize><nrows>3899</nrows><ncols>5844</ncols></imagesize><object><name>m4_s03_029_x</name><deleted>0</deleted><verified>0</verified><occluded>no</occluded><attributes></attributes><parts><hasparts></hasparts><ispartof></ispartof></parts><date>24-10-20 12:12:07:773</date><id>0</id><polygon><username>anonymous</username><pt><x>1861</x><y>215</y><time>24-10-20 12:12:01:411</time></pt><pt><x>1678</x><y>3489</y><time>24-10-20 12:12:02:579</time></pt><pt><x>4246</x><y>3476</y><time>24-10-20 12:12:03:326</time></pt><pt><x>3691</x><y>183</y><time>24-10-20 12:12:04:286</time></pt><closed_date>24-10-20 12:12:05:598</closed_date></polygon></object></annotation>