<annotation><filename>m1_s02_036_p_nic010.jpg</filename><folder>users/joselusava//valeria/sala2_036_nic</folder><source><submittedBy>Jose Saca</submittedBy></source><imagesize><nrows>3200</nrows><ncols>4800</ncols></imagesize><object><name>m1_s02_036_p_nic010</name><deleted>0</deleted><verified>0</verified><occluded>no</occluded><attributes></attributes><parts><hasparts></hasparts><ispartof></ispartof></parts><date>26-08-20 22:05:21:450</date><id>0</id><type>bounding_box</type><polygon><username>anonymous</username><pt><x>988</x><y>526</y><time>26-08-20 22:05:16:495</time></pt><pt><x>1804</x><y>526</y><time>26-08-20 22:05:18:890</time></pt><pt><x>1804</x><y>1686</y><time>undefined</time></pt><pt><x>988</x><y>1686</y><time>undefined</time></pt><closed_date>26-08-20 22:05:18:891</closed_date></polygon></object></annotation>