<annotation><filename>m1_s01_021_p_ic093.jpg</filename><folder>users/joselusava//santiago</folder><source><submittedBy>Jose Saca</submittedBy></source><imagesize><nrows>3200</nrows><ncols>4800</ncols></imagesize><object><name>m1_s01_021_p_ic093</name><deleted>0</deleted><verified>0</verified><occluded>no</occluded><attributes></attributes><parts><hasparts></hasparts><ispartof></ispartof></parts><date>15-09-20 00:20:59:089</date><id>0</id><type>bounding_box</type><polygon><username>anonymous</username><pt><x>1789</x><y>2016</y><time>15-09-20 00:20:50:459</time></pt><pt><x>2473</x><y>2016</y><time>15-09-20 00:20:52:453</time></pt><pt><x>2473</x><y>2894</y><time>undefined</time></pt><pt><x>1789</x><y>2894</y><time>undefined</time></pt><closed_date>15-09-20 00:20:52:454</closed_date></polygon></object></annotation>