<annotation><filename>m2_s01_034_p_ic017.jpg</filename><folder>users/joselusava//kath</folder><source><submittedBy>Jose Saca</submittedBy></source><imagesize><nrows>2850</nrows><ncols>4271</ncols></imagesize><object><name>m2_s01_034_p_ic017</name><deleted>0</deleted><verified>0</verified><occluded>no</occluded><attributes></attributes><parts><hasparts></hasparts><ispartof></ispartof></parts><date>23-09-20 22:44:55:751</date><id>0</id><type>bounding_box</type><polygon><username>anonymous</username><pt><x>1264</x><y>274</y><time>23-09-20 22:44:40:394</time></pt><pt><x>2850</x><y>274</y><time>23-09-20 22:44:45:846</time></pt><pt><x>2850</x><y>2717</y><time>undefined</time></pt><pt><x>1264</x><y>2717</y><time>undefined</time></pt><closed_date>23-09-20 22:44:45:848</closed_date></polygon></object></annotation>