<annotation><filename>m4_s03_025_p_nic060.jpg</filename><folder>users/joselusava//santiago_3</folder><source><submittedBy>Jose Saca</submittedBy></source><imagesize><nrows>2910</nrows><ncols>4361</ncols></imagesize><object><name>m4_s03_025_p_nic060</name><deleted>0</deleted><verified>0</verified><occluded>no</occluded><attributes></attributes><parts><hasparts></hasparts><ispartof></ispartof></parts><date>08-11-20 13:49:45:972</date><id>0</id><type>bounding_box</type><polygon><username>anonymous</username><pt><x>220</x><y>1165</y><time>08-11-20 13:49:42:326</time></pt><pt><x>3113</x><y>1165</y><time>08-11-20 13:49:43:750</time></pt><pt><x>3113</x><y>2644</y><time>undefined</time></pt><pt><x>220</x><y>2644</y><time>undefined</time></pt><closed_date>08-11-20 13:49:43:752</closed_date></polygon></object></annotation>