<annotation><filename>m3_s01_002_p_ic076.jpg</filename><folder>users/joselusava//santiago_3</folder><source><submittedBy>Jose Saca</submittedBy></source><imagesize><nrows>2970</nrows><ncols>4451</ncols></imagesize><object><name>m3_s01_002_p_ic076</name><deleted>0</deleted><verified>0</verified><occluded>no</occluded><attributes></attributes><parts><hasparts></hasparts><ispartof></ispartof></parts><date>29-10-20 13:21:44:856</date><id>0</id><type>bounding_box</type><polygon><username>anonymous</username><pt><x>693</x><y>421</y><time>29-10-20 13:21:41:938</time></pt><pt><x>4069</x><y>421</y><time>29-10-20 13:21:42:924</time></pt><pt><x>4069</x><y>2067</y><time>undefined</time></pt><pt><x>693</x><y>2067</y><time>undefined</time></pt><closed_date>29-10-20 13:21:42:926</closed_date></polygon></object></annotation>