<annotation><filename>m2_s01_058_p_nic070.jpg</filename><folder>users/joselusava//m2_jsv/58/nic</folder><source><submittedBy>Jose Saca</submittedBy></source><imagesize><nrows>2850</nrows><ncols>4271</ncols></imagesize><object><name>m2_s01_058_p_nic070</name><deleted>0</deleted><verified>0</verified><occluded>no</occluded><attributes></attributes><parts><hasparts></hasparts><ispartof></ispartof></parts><date>29-09-20 23:19:05:812</date><id>0</id><type>bounding_box</type><polygon><username>anonymous</username><pt><x>1927</x><y>1304</y><time>29-09-20 23:19:04:086</time></pt><pt><x>861</x><y>1304</y><time>29-09-20 23:19:05:045</time></pt><pt><x>861</x><y>341</y><time>undefined</time></pt><pt><x>1927</x><y>341</y><time>undefined</time></pt><closed_date>29-09-20 23:19:05:046</closed_date></polygon></object></annotation>