<annotation><filename>m2_s02_129_p_nic084.jpg</filename><folder>users/joselusava//m2_jsv/129/nic</folder><source><submittedBy>Jose Saca</submittedBy></source><imagesize><nrows>2910</nrows><ncols>4361</ncols></imagesize><object><name>m2_s02_129_p_nic084</name><deleted>0</deleted><verified>0</verified><occluded>no</occluded><attributes></attributes><parts><hasparts></hasparts><ispartof></ispartof></parts><date>25-09-20 08:24:53:708</date><id>0</id><type>bounding_box</type><polygon><username>anonymous</username><pt><x>435</x><y>696</y><time>25-09-20 08:24:51:552</time></pt><pt><x>1802</x><y>696</y><time>25-09-20 08:24:52:912</time></pt><pt><x>1802</x><y>1767</y><time>undefined</time></pt><pt><x>435</x><y>1767</y><time>undefined</time></pt><closed_date>25-09-20 08:24:52:912</closed_date></polygon></object></annotation>