<annotation><filename>m1_s01_021_p_ic006.jpg</filename><folder>users/joselusava//santiago</folder><source><submittedBy>Jose Saca</submittedBy></source><imagesize><nrows>2000</nrows><ncols>2992</ncols></imagesize><object><name>m1_s01_021_p_ic006</name><deleted>0</deleted><verified>0</verified><occluded>no</occluded><attributes></attributes><parts><hasparts></hasparts><ispartof></ispartof></parts><date>14-09-20 21:53:58:558</date><id>0</id><type>bounding_box</type><polygon><username>anonymous</username><pt><x>956</x><y>391</y><time>14-09-20 21:53:49:163</time></pt><pt><x>1962</x><y>391</y><time>14-09-20 21:53:51:763</time></pt><pt><x>1962</x><y>1654</y><time>undefined</time></pt><pt><x>956</x><y>1654</y><time>undefined</time></pt><closed_date>14-09-20 21:53:51:765</closed_date></polygon></object></annotation>