<annotation><filename>m2_s01_069_x.jpg</filename><folder>users/joselusava//juancarlos</folder><source><submittedBy>Jose Saca</submittedBy></source><imagesize><nrows>2850</nrows><ncols>4271</ncols></imagesize><object><name>m2_s01_069_x</name><deleted>0</deleted><verified>0</verified><occluded>no</occluded><attributes></attributes><parts><hasparts></hasparts><ispartof></ispartof></parts><date>28-09-20 10:46:35:477</date><id>0</id><type>bounding_box</type><polygon><username>anonymous</username><pt><x>965</x><y>123</y><time>28-09-20 10:46:25:736</time></pt><pt><x>3314</x><y>123</y><time>28-09-20 10:46:29:320</time></pt><pt><x>3314</x><y>2641</y><time>undefined</time></pt><pt><x>965</x><y>2641</y><time>undefined</time></pt><closed_date>28-09-20 10:46:29:322</closed_date></polygon></object></annotation>