<annotation><filename>m4_s03_025_p_nic097.jpg</filename><folder>users/joselusava//santiago_3</folder><source><submittedBy>Jose Saca</submittedBy></source><imagesize><nrows>2910</nrows><ncols>4361</ncols></imagesize><object><name>m4_s03_025_p_nic097</name><deleted>0</deleted><verified>0</verified><occluded>no</occluded><attributes></attributes><parts><hasparts></hasparts><ispartof></ispartof></parts><date>08-11-20 14:33:20:024</date><id>0</id><type>bounding_box</type><polygon><username>anonymous</username><pt><x>1609</x><y>794</y><time>08-11-20 14:33:16:511</time></pt><pt><x>4012</x><y>794</y><time>08-11-20 14:33:17:894</time></pt><pt><x>4012</x><y>2095</y><time>undefined</time></pt><pt><x>1609</x><y>2095</y><time>undefined</time></pt><closed_date>08-11-20 14:33:17:895</closed_date></polygon></object></annotation>