<annotation><filename>m2_s02_122_x.jpg</filename><folder>users/joselusava//m2_jsv</folder><source><submittedBy>Jose Saca</submittedBy></source><imagesize><nrows>2910</nrows><ncols>4361</ncols></imagesize><object><name>m2_s02_122_x</name><deleted>0</deleted><verified>0</verified><occluded>no</occluded><attributes></attributes><parts><hasparts></hasparts><ispartof></ispartof></parts><date>19-09-20 23:28:31:235</date><id>0</id><type>bounding_box</type><polygon><username>anonymous</username><pt><x>2951</x><y>2220</y><time>19-09-20 23:28:29:078</time></pt><pt><x>1462</x><y>2220</y><time>19-09-20 23:28:30:676</time></pt><pt><x>1462</x><y>583</y><time>undefined</time></pt><pt><x>2951</x><y>583</y><time>undefined</time></pt><closed_date>19-09-20 23:28:30:676</closed_date></polygon></object></annotation>