<annotation><filename>m4_s12_185_p_nic072.jpg</filename><folder>users/joselusava//valeria/m04_s12_185_nic</folder><source><submittedBy>Jose Saca</submittedBy></source><imagesize><nrows>2910</nrows><ncols>4361</ncols></imagesize><object><name>m4_s12_185_p_nic072</name><deleted>0</deleted><verified>0</verified><occluded>no</occluded><attributes></attributes><parts><hasparts></hasparts><ispartof></ispartof></parts><date>17-10-20 23:42:31:889</date><id>0</id><type>bounding_box</type><polygon><username>anonymous</username><pt><x>4186</x><y>2468</y><time>17-10-20 23:42:25:389</time></pt><pt><x>1852</x><y>2468</y><time>17-10-20 23:42:27:944</time></pt><pt><x>1852</x><y>369</y><time>undefined</time></pt><pt><x>4186</x><y>369</y><time>undefined</time></pt><closed_date>17-10-20 23:42:27:944</closed_date></polygon></object></annotation>