<annotation><filename>m4_s10_157_p_ic081.jpg</filename><folder>users/joselusava//valeria/m04_s10_157_ic</folder><source><submittedBy>Jose Saca</submittedBy></source><imagesize><nrows>2970</nrows><ncols>4451</ncols></imagesize><object><name>m4_s10_157_p_ic081</name><deleted>0</deleted><verified>0</verified><occluded>no</occluded><attributes></attributes><parts><hasparts></hasparts><ispartof></ispartof></parts><date>12-10-20 18:13:37:528</date><id>0</id><type>bounding_box</type><polygon><username>anonymous</username><pt><x>1266</x><y>2689</y><time>12-10-20 18:13:32:096</time></pt><pt><x>3347</x><y>2689</y><time>12-10-20 18:13:33:772</time></pt><pt><x>3347</x><y>309</y><time>undefined</time></pt><pt><x>1266</x><y>309</y><time>undefined</time></pt><closed_date>12-10-20 18:13:33:774</closed_date></polygon></object></annotation>