<annotation><filename>m2_s01_018_p_nic068.jpg</filename><folder>users/joselusava//santiago_2</folder><source><submittedBy>Jose Saca</submittedBy></source><imagesize><nrows>2850</nrows><ncols>4271</ncols></imagesize><object><name>m2_s01_018_p_nic068</name><deleted>0</deleted><verified>0</verified><occluded>no</occluded><attributes></attributes><parts><hasparts></hasparts><ispartof></ispartof></parts><date>29-09-20 18:29:15:738</date><id>0</id><type>bounding_box</type><polygon><username>anonymous</username><pt><x>1654</x><y>455</y><time>29-09-20 18:29:12:434</time></pt><pt><x>2074</x><y>455</y><time>29-09-20 18:29:13:649</time></pt><pt><x>2074</x><y>965</y><time>undefined</time></pt><pt><x>1654</x><y>965</y><time>undefined</time></pt><closed_date>29-09-20 18:29:13:649</closed_date></polygon></object></annotation>