<annotation><filename>m2_s01_032_p_nic056.jpg</filename><folder>users/joselusava//santiago_2</folder><source><submittedBy>Jose Saca</submittedBy></source><imagesize><nrows>2850</nrows><ncols>4271</ncols></imagesize><object><name>m2_s01_032_p_nic056</name><deleted>0</deleted><verified>0</verified><occluded>no</occluded><attributes></attributes><parts><hasparts></hasparts><ispartof></ispartof></parts><date>30-09-20 20:59:43:696</date><id>0</id><type>bounding_box</type><polygon><username>anonymous</username><pt><x>706</x><y>353</y><time>30-09-20 20:59:40:559</time></pt><pt><x>1605</x><y>353</y><time>30-09-20 20:59:41:570</time></pt><pt><x>1605</x><y>1428</y><time>undefined</time></pt><pt><x>706</x><y>1428</y><time>undefined</time></pt><closed_date>30-09-20 20:59:41:571</closed_date></polygon></object></annotation>