<annotation><filename>m2_s02_129_p_ic011.jpg</filename><folder>users/joselusava//m2_jsv/129/ic</folder><source><submittedBy>Jose Saca</submittedBy></source><imagesize><nrows>2910</nrows><ncols>4361</ncols></imagesize><object><name>m2_s02_129_p_ic011</name><deleted>0</deleted><verified>0</verified><occluded>no</occluded><attributes></attributes><parts><hasparts></hasparts><ispartof></ispartof></parts><date>24-09-20 15:12:33:710</date><id>0</id><type>bounding_box</type><polygon><username>anonymous</username><pt><x>2759</x><y>2028</y><time>24-09-20 15:12:32:142</time></pt><pt><x>1480</x><y>2028</y><time>24-09-20 15:12:33:174</time></pt><pt><x>1480</x><y>627</y><time>undefined</time></pt><pt><x>2759</x><y>627</y><time>undefined</time></pt><closed_date>24-09-20 15:12:33:174</closed_date></polygon></object></annotation>