<annotation><filename>m4_s12_185_p_ic095.jpg</filename><folder>users/joselusava//valeria/m04_s12_185_ic</folder><source><submittedBy>Jose Saca</submittedBy></source><imagesize><nrows>2910</nrows><ncols>4361</ncols></imagesize><object><name>m4_s12_185_p_ic095</name><deleted>0</deleted><verified>0</verified><occluded>no</occluded><attributes></attributes><parts><hasparts></hasparts><ispartof></ispartof></parts><date>17-10-20 18:58:32:144</date><id>0</id><type>bounding_box</type><polygon><username>anonymous</username><pt><x>1086</x><y>2781</y><time>17-10-20 18:58:19:698</time></pt><pt><x>3397</x><y>2781</y><time>17-10-20 18:58:21:629</time></pt><pt><x>3397</x><y>397</y><time>undefined</time></pt><pt><x>1086</x><y>397</y><time>undefined</time></pt><closed_date>17-10-20 18:58:21:630</closed_date></polygon></object></annotation>