<annotation><filename>m2_s07_264_p_nic051.jpg</filename><folder>users/joselusava//valeria/sala7_264_nic</folder><source><submittedBy>Jose Saca</submittedBy></source><imagesize><nrows>2910</nrows><ncols>4361</ncols></imagesize><object><name>m2_s07_264_p_nic051</name><deleted>0</deleted><verified>0</verified><occluded>no</occluded><attributes></attributes><parts><hasparts></hasparts><ispartof></ispartof></parts><date>23-09-20 20:43:26:000</date><id>0</id><type>bounding_box</type><polygon><username>anonymous</username><pt><x>1835</x><y>1973</y><time>23-09-20 20:43:21:221</time></pt><pt><x>3064</x><y>1973</y><time>23-09-20 20:43:22:935</time></pt><pt><x>3064</x><y>220</y><time>undefined</time></pt><pt><x>1835</x><y>220</y><time>undefined</time></pt><closed_date>23-09-20 20:43:22:936</closed_date></polygon></object></annotation>