<annotation><filename>m1_s01_017_p_nic088.jpg</filename><folder>users/joselusava//santiago</folder><source><submittedBy>Jose Saca</submittedBy></source><imagesize><nrows>3200</nrows><ncols>4800</ncols></imagesize><object><name>m1_s01_017_p_nic088</name><deleted>0</deleted><verified>0</verified><occluded>no</occluded><attributes></attributes><parts><hasparts></hasparts><ispartof></ispartof></parts><date>11-09-20 20:02:25:084</date><id>0</id><type>bounding_box</type><polygon><username>anonymous</username><pt><x>493</x><y>1429</y><time>11-09-20 20:02:18:364</time></pt><pt><x>1130</x><y>1429</y><time>11-09-20 20:02:19:224</time></pt><pt><x>1130</x><y>1839</y><time>undefined</time></pt><pt><x>493</x><y>1839</y><time>undefined</time></pt><closed_date>11-09-20 20:02:19:225</closed_date></polygon></object></annotation>