<annotation><filename>m4_s10_154_p_ic028.jpg</filename><folder>users/joselusava//valeria/m04_s10_154_ic</folder><source><submittedBy>Jose Saca</submittedBy></source><imagesize><nrows>2970</nrows><ncols>4451</ncols></imagesize><object><name>m4_s10_154_p_ic028</name><deleted>0</deleted><verified>0</verified><occluded>no</occluded><attributes></attributes><parts><hasparts></hasparts><ispartof></ispartof></parts><date>13-10-20 18:08:47:373</date><id>0</id><type>bounding_box</type><polygon><username>anonymous</username><pt><x>2970</x><y>2656</y><time>13-10-20 18:08:40:612</time></pt><pt><x>1114</x><y>2656</y><time>13-10-20 18:08:43:650</time></pt><pt><x>1114</x><y>343</y><time>undefined</time></pt><pt><x>2970</x><y>343</y><time>undefined</time></pt><closed_date>13-10-20 18:08:43:651</closed_date></polygon></object></annotation>