<annotation><filename>m1_s02_052_p_nic037.jpg</filename><folder>users/joselusava//valeria/sala2_052_nic</folder><source><submittedBy>Jose Saca</submittedBy></source><imagesize><nrows>3200</nrows><ncols>4800</ncols></imagesize><object><name>m1_s02_052_p_nic037</name><deleted>0</deleted><verified>0</verified><occluded>no</occluded><attributes></attributes><parts><hasparts></hasparts><ispartof></ispartof></parts><date>27-08-20 15:22:14:714</date><id>0</id><type>bounding_box</type><polygon><username>anonymous</username><pt><x>3887</x><y>1144</y><time>27-08-20 15:22:08:295</time></pt><pt><x>2695</x><y>1144</y><time>27-08-20 15:22:11:262</time></pt><pt><x>2695</x><y>161</y><time>undefined</time></pt><pt><x>3887</x><y>161</y><time>undefined</time></pt><closed_date>27-08-20 15:22:11:263</closed_date></polygon></object></annotation>