<annotation><filename>m4_s09_138_p_ic059.jpg</filename><folder>users/joselusava//santiago_2</folder><source><submittedBy>Jose Saca</submittedBy></source><imagesize><nrows>2970</nrows><ncols>4451</ncols></imagesize><object><name>m4_s09_138_p_ic059</name><deleted>0</deleted><verified>0</verified><occluded>no</occluded><attributes></attributes><parts><hasparts></hasparts><ispartof></ispartof></parts><date>22-10-20 16:48:24:868</date><id>0</id><type>bounding_box</type><polygon><username>anonymous</username><pt><x>261</x><y>675</y><time>22-10-20 16:48:19:934</time></pt><pt><x>4244</x><y>675</y><time>22-10-20 16:48:21:567</time></pt><pt><x>4244</x><y>2595</y><time>undefined</time></pt><pt><x>261</x><y>2595</y><time>undefined</time></pt><closed_date>22-10-20 16:48:21:568</closed_date></polygon></object></annotation>