<annotation><filename>m2_s03_201_p_ic003.jpg</filename><folder>users/joselusava//juancarlos</folder><source><submittedBy>Jose Saca</submittedBy></source><imagesize><nrows>2910</nrows><ncols>4361</ncols></imagesize><object><name>m2_s03_201_p_ic003</name><deleted>0</deleted><verified>0</verified><occluded>no</occluded><attributes></attributes><parts><hasparts></hasparts><ispartof></ispartof></parts><date>04-10-20 20:49:19:915</date><id>0</id><polygon><username>anonymous</username><pt><x>1590</x><y>372</y><time>04-10-20 20:49:08:275</time></pt><pt><x>1474</x><y>2162</y><time>04-10-20 20:49:09:313</time></pt><pt><x>3152</x><y>2324</y><time>04-10-20 20:49:10:183</time></pt><pt><x>2891</x><y>614</y><time>04-10-20 20:49:11:047</time></pt><closed_date>04-10-20 20:49:11:760</closed_date></polygon></object></annotation>