<annotation><filename>m2_s02_085_p_nic068.jpg</filename><folder>users/joselusava//m2_jsv/85/nic</folder><source><submittedBy>Jose Saca</submittedBy></source><imagesize><nrows>2910</nrows><ncols>4361</ncols></imagesize><object><name>m2_s02_085_p_nic068</name><deleted>0</deleted><verified>0</verified><occluded>no</occluded><attributes></attributes><parts><hasparts></hasparts><ispartof></ispartof></parts><date>19-09-20 22:51:33:455</date><id>0</id><type>bounding_box</type><polygon><username>anonymous</username><pt><x>366</x><y>1149</y><time>19-09-20 22:51:30:803</time></pt><pt><x>1027</x><y>1149</y><time>19-09-20 22:51:32:019</time></pt><pt><x>1027</x><y>1880</y><time>undefined</time></pt><pt><x>366</x><y>1880</y><time>undefined</time></pt><closed_date>19-09-20 22:51:32:019</closed_date></polygon></object></annotation>