<annotation><filename>m4_s12_186_p_ic067.jpg</filename><folder>users/joselusava//m4_js/186/ic</folder><source><submittedBy>Jose Saca</submittedBy></source><imagesize><nrows>3899</nrows><ncols>5844</ncols></imagesize><object><name>m4_s12_186_p_ic067</name><deleted>0</deleted><verified>0</verified><occluded>no</occluded><attributes></attributes><parts><hasparts></hasparts><ispartof></ispartof></parts><date>18-10-20 11:03:33:566</date><id>0</id><type>bounding_box</type><polygon><username>anonymous</username><pt><x>2111</x><y>233</y><time>18-10-20 11:03:31:928</time></pt><pt><x>4083</x><y>233</y><time>18-10-20 11:03:32:997</time></pt><pt><x>4083</x><y>3441</y><time>undefined</time></pt><pt><x>2111</x><y>3441</y><time>undefined</time></pt><closed_date>18-10-20 11:03:32:997</closed_date></polygon></object></annotation>