<annotation><filename>m4_s05_052_p_nic038.jpg</filename><folder>users/joselusava//santiago_2</folder><source><submittedBy>Jose Saca</submittedBy></source><imagesize><nrows>2910</nrows><ncols>4361</ncols></imagesize><object><name>m4_s05_052_p_nic038</name><deleted>0</deleted><verified>0</verified><occluded>no</occluded><attributes></attributes><parts><hasparts></hasparts><ispartof></ispartof></parts><date>08-10-20 21:19:28:158</date><id>0</id><type>bounding_box</type><polygon><username>anonymous</username><pt><x>2176</x><y>1275</y><time>08-10-20 21:19:25:070</time></pt><pt><x>3658</x><y>1275</y><time>08-10-20 21:19:26:169</time></pt><pt><x>3658</x><y>2688</y><time>undefined</time></pt><pt><x>2176</x><y>2688</y><time>undefined</time></pt><closed_date>08-10-20 21:19:26:170</closed_date></polygon></object></annotation>