<annotation><filename>m3_s01_018_p_ic008.jpg</filename><folder>users/joselusava//m4_js/18/ic</folder><source><submittedBy>Jose Saca</submittedBy></source><imagesize><nrows>2970</nrows><ncols>4451</ncols></imagesize><object><name>m3_s01_018_p_ic008</name><deleted>0</deleted><verified>0</verified><occluded>no</occluded><attributes></attributes><parts><hasparts></hasparts><ispartof></ispartof></parts><date>05-11-20 10:17:31:939</date><id>0</id><type>bounding_box</type><polygon><username>anonymous</username><pt><x>4030</x><y>2462</y><time>05-11-20 10:17:29:591</time></pt><pt><x>179</x><y>2462</y><time>05-11-20 10:17:31:281</time></pt><pt><x>179</x><y>253</y><time>undefined</time></pt><pt><x>4030</x><y>253</y><time>undefined</time></pt><closed_date>05-11-20 10:17:31:282</closed_date></polygon></object></annotation>