<annotation><filename>m2_s03_201_p_nic032.jpg</filename><folder>users/joselusava//valeria/m2_sala03_201_nic</folder><source><submittedBy>Jose Saca</submittedBy></source><imagesize><nrows>2910</nrows><ncols>4361</ncols></imagesize><object><name>m2_s03_201_p_nic032</name><deleted>0</deleted><verified>0</verified><occluded>no</occluded><attributes></attributes><parts><hasparts></hasparts><ispartof></ispartof></parts><date>29-09-20 23:08:49:154</date><id>0</id><type>bounding_box</type><polygon><username>anonymous</username><pt><x>88</x><y>2105</y><time>29-09-20 23:08:43:915</time></pt><pt><x>2122</x><y>2105</y><time>29-09-20 23:08:46:258</time></pt><pt><x>2122</x><y>292</y><time>undefined</time></pt><pt><x>88</x><y>292</y><time>undefined</time></pt><closed_date>29-09-20 23:08:46:259</closed_date></polygon></object></annotation>