<annotation><filename>m4_s06_089_p_ic084.jpg</filename><folder>users/joselusava//santiago_2</folder><source><submittedBy>Jose Saca</submittedBy></source><imagesize><nrows>2970</nrows><ncols>4451</ncols></imagesize><object><name>m4_s06_089_p_ic084</name><deleted>0</deleted><verified>0</verified><occluded>no</occluded><attributes></attributes><parts><hasparts></hasparts><ispartof></ispartof></parts><date>11-10-20 21:54:02:829</date><id>0</id><type>bounding_box</type><polygon><username>anonymous</username><pt><x>1588</x><y>212</y><time>11-10-20 21:53:59:222</time></pt><pt><x>2765</x><y>212</y><time>11-10-20 21:54:00:371</time></pt><pt><x>2765</x><y>2461</y><time>undefined</time></pt><pt><x>1588</x><y>2461</y><time>undefined</time></pt><closed_date>11-10-20 21:54:00:373</closed_date></polygon></object></annotation>