<annotation><filename>m2_s01_001_p_nic024.jpg</filename><folder>users/joselusava//santiago</folder><source><submittedBy>Jose Saca</submittedBy></source><imagesize><nrows>2850</nrows><ncols>4271</ncols></imagesize><object><name>m2_s01_001_p_nic024</name><deleted>0</deleted><verified>0</verified><occluded>no</occluded><attributes></attributes><parts><hasparts></hasparts><ispartof></ispartof></parts><date>19-09-20 22:10:56:052</date><id>0</id><type>bounding_box</type><polygon><username>anonymous</username><pt><x>516</x><y>212</y><time>19-09-20 22:10:47:758</time></pt><pt><x>1968</x><y>212</y><time>19-09-20 22:10:49:690</time></pt><pt><x>1968</x><y>1667</y><time>undefined</time></pt><pt><x>516</x><y>1667</y><time>undefined</time></pt><closed_date>19-09-20 22:10:49:691</closed_date></polygon></object></annotation>