<annotation><filename>m1_s06_141_p_ic067.jpg</filename><folder>users/joselusava//jacob_2/141ic</folder><source><submittedBy>Jose Saca</submittedBy></source><imagesize><nrows>2736</nrows><ncols>4100</ncols></imagesize><object><name>m1_s06_141_p_ic068</name><deleted>0</deleted><verified>0</verified><occluded>no</occluded><attributes></attributes><parts><hasparts></hasparts><ispartof></ispartof></parts><date>04-09-20 23:03:50:310</date><id>0</id><type>bounding_box</type><polygon><username>anonymous</username><pt><x>1089</x><y>2659</y><time>04-09-20 23:03:46:412</time></pt><pt><x>2970</x><y>2659</y><time>04-09-20 23:03:48:753</time></pt><pt><x>2970</x><y>129</y><time>undefined</time></pt><pt><x>1089</x><y>129</y><time>undefined</time></pt><closed_date>04-09-20 23:03:48:753</closed_date></polygon></object></annotation>