<annotation><filename>m1_s06_141_p_nic076.jpg</filename><folder>users/joselusava//jacob_2/141nic</folder><source><submittedBy>Jose Saca</submittedBy></source><imagesize><nrows>2736</nrows><ncols>4100</ncols></imagesize><object><name>m1_s06_141_p_nic076</name><deleted>0</deleted><verified>0</verified><occluded>no</occluded><attributes></attributes><parts><hasparts></hasparts><ispartof></ispartof></parts><date>05-09-20 20:00:29:361</date><id>0</id><type>bounding_box</type><polygon><username>anonymous</username><pt><x>929</x><y>2502</y><time>05-09-20 20:00:26:585</time></pt><pt><x>1744</x><y>2502</y><time>05-09-20 20:00:28:722</time></pt><pt><x>1744</x><y>994</y><time>undefined</time></pt><pt><x>929</x><y>994</y><time>undefined</time></pt><closed_date>05-09-20 20:00:28:723</closed_date></polygon></object></annotation>