<annotation><filename>m2_s06_250_p_nic019.jpg</filename><folder>users/joselusava//m2_jsv/250</folder><source><submittedBy>Jose Saca</submittedBy></source><imagesize><nrows>2910</nrows><ncols>4361</ncols></imagesize><object><name>m2_s06_250_p_nic019</name><deleted>0</deleted><verified>0</verified><occluded>no</occluded><attributes></attributes><parts><hasparts></hasparts><ispartof></ispartof></parts><date>30-09-20 11:27:40:095</date><id>0</id><type>bounding_box</type><polygon><username>anonymous</username><pt><x>3464</x><y>1811</y><time>30-09-20 11:27:38:360</time></pt><pt><x>339</x><y>1811</y><time>30-09-20 11:27:39:283</time></pt><pt><x>339</x><y>261</y><time>undefined</time></pt><pt><x>3464</x><y>261</y><time>undefined</time></pt><closed_date>30-09-20 11:27:39:283</closed_date></polygon></object></annotation>