<annotation><filename>m4_s03_025_p_nic018.jpg</filename><folder>users/joselusava//santiago_3</folder><source><submittedBy>Jose Saca</submittedBy></source><imagesize><nrows>2910</nrows><ncols>4361</ncols></imagesize><object><name>m4_s03_025_p_nic018</name><deleted>0</deleted><verified>0</verified><occluded>no</occluded><attributes></attributes><parts><hasparts></hasparts><ispartof></ispartof></parts><date>07-11-20 23:14:33:050</date><id>0</id><type>bounding_box</type><polygon><username>anonymous</username><pt><x>248</x><y>619</y><time>07-11-20 23:14:27:236</time></pt><pt><x>2497</x><y>619</y><time>07-11-20 23:14:28:723</time></pt><pt><x>2497</x><y>1969</y><time>undefined</time></pt><pt><x>248</x><y>1969</y><time>undefined</time></pt><closed_date>07-11-20 23:14:28:723</closed_date></polygon></object></annotation>