<annotation><filename>m4_s04_039_p_nic078.jpg</filename><folder>users/joselusava//santiago_2</folder><source><submittedBy>Jose Saca</submittedBy></source><imagesize><nrows>2970</nrows><ncols>4451</ncols></imagesize><object><name>m4_s04_039_p_nic078</name><deleted>0</deleted><verified>0</verified><occluded>no</occluded><attributes></attributes><parts><hasparts></hasparts><ispartof></ispartof></parts><date>21-10-20 22:03:35:656</date><id>0</id><type>bounding_box</type><polygon><username>anonymous</username><pt><x>3006</x><y>625</y><time>21-10-20 22:03:31:024</time></pt><pt><x>3780</x><y>625</y><time>21-10-20 22:03:32:423</time></pt><pt><x>3780</x><y>2727</y><time>undefined</time></pt><pt><x>3006</x><y>2727</y><time>undefined</time></pt><closed_date>21-10-20 22:03:32:423</closed_date></polygon></object></annotation>