<annotation><filename>m1_s01_005_p_nic013.jpg</filename><folder>users/joselusava//museos2020</folder><source><submittedBy>Jose Saca</submittedBy></source><imagesize><nrows>2000</nrows><ncols>2992</ncols></imagesize><object><name>m1_s01_005_p_nic013</name><deleted>0</deleted><verified>0</verified><occluded>no</occluded><attributes></attributes><parts><hasparts></hasparts><ispartof></ispartof></parts><date>13-09-20 22:44:55:280</date><id>0</id><type>bounding_box</type><polygon><username>anonymous</username><pt><x>86</x><y>847</y><time>13-09-20 22:44:46:057</time></pt><pt><x>827</x><y>847</y><time>13-09-20 22:44:47:056</time></pt><pt><x>827</x><y>1553</y><time>undefined</time></pt><pt><x>86</x><y>1553</y><time>undefined</time></pt><closed_date>13-09-20 22:44:47:056</closed_date></polygon></object></annotation>