<annotation><filename>m1_s01_004_p.jpg</filename><folder>users/joselusava//valeria_apoyo/sala001_004ic_ok</folder><source><submittedBy>Jose Saca</submittedBy></source><imagesize><nrows>2000</nrows><ncols>2992</ncols></imagesize><object><name>m1_s01_004_p</name><deleted>0</deleted><verified>0</verified><occluded>no</occluded><attributes></attributes><parts><hasparts></hasparts><ispartof></ispartof></parts><date>15-09-20 19:41:10:966</date><id>0</id><type>bounding_box</type><polygon><username>anonymous</username><pt><x>2617</x><y>473</y><time>15-09-20 19:41:00:846</time></pt><pt><x>155</x><y>473</y><time>15-09-20 19:41:04:144</time></pt><pt><x>155</x><y>1394</y><time>undefined</time></pt><pt><x>2617</x><y>1394</y><time>undefined</time></pt><closed_date>15-09-20 19:41:04:145</closed_date></polygon></object></annotation>