<annotation><filename>m1_s01_004_p_nic012.jpg</filename><folder>users/joselusava//valeria_apoyo/sala01_004_nic</folder><source><submittedBy>Jose Saca</submittedBy></source><imagesize><nrows>3200</nrows><ncols>4800</ncols></imagesize><object><name>m1_s01_004_p_nic012</name><deleted>0</deleted><verified>0</verified><occluded>no</occluded><attributes></attributes><parts><hasparts></hasparts><ispartof></ispartof></parts><date>16-09-20 17:55:40:996</date><id>0</id><type>bounding_box</type><polygon><username>anonymous</username><pt><x>4703</x><y>2891</y><time>16-09-20 17:55:35:140</time></pt><pt><x>1630</x><y>2891</y><time>16-09-20 17:55:37:707</time></pt><pt><x>1630</x><y>1976</y><time>undefined</time></pt><pt><x>4703</x><y>1976</y><time>undefined</time></pt><closed_date>16-09-20 17:55:37:708</closed_date></polygon></object></annotation>