<annotation><filename>m1_s06_144_p_ic032.jpg</filename><folder>users/joselusava//jacob_2/144ic</folder><source><submittedBy>Jose Saca</submittedBy></source><imagesize><nrows>2736</nrows><ncols>4100</ncols></imagesize><object><name>m1_s06_144_p_ic032</name><deleted>0</deleted><verified>0</verified><occluded>no</occluded><attributes></attributes><parts><hasparts></hasparts><ispartof></ispartof></parts><date>07-09-20 02:34:30:566</date><id>0</id><type>bounding_box</type><polygon><username>anonymous</username><pt><x>892</x><y>2660</y><time>07-09-20 02:34:26:965</time></pt><pt><x>2815</x><y>2660</y><time>07-09-20 02:34:29:091</time></pt><pt><x>2815</x><y>-8</y><time>undefined</time></pt><pt><x>892</x><y>-8</y><time>undefined</time></pt><closed_date>07-09-20 02:34:29:091</closed_date></polygon></object></annotation>