<annotation><filename>m1_s02_029_p_ic061.jpg</filename><folder>users/joselusava//valeria/sala2_029_ic</folder><source><submittedBy>Jose Saca</submittedBy></source><imagesize><nrows>3200</nrows><ncols>4800</ncols></imagesize><object><name>m1_s02_029_p_ic061</name><deleted>0</deleted><verified>0</verified><occluded>no</occluded><attributes></attributes><parts><hasparts></hasparts><ispartof></ispartof></parts><date>22-08-20 20:20:52:594</date><id>0</id><type>bounding_box</type><polygon><username>anonymous</username><pt><x>1240</x><y>177</y><time>22-08-20 20:20:44:163</time></pt><pt><x>3715</x><y>177</y><time>22-08-20 20:20:48:536</time></pt><pt><x>3715</x><y>2738</y><time>undefined</time></pt><pt><x>1240</x><y>2738</y><time>undefined</time></pt><closed_date>22-08-20 20:20:48:537</closed_date></polygon></object></annotation>