<annotation><filename>m3_s01_002_p_nic095.jpg</filename><folder>users/joselusava//santiago_3</folder><source><submittedBy>Jose Saca</submittedBy></source><imagesize><nrows>2970</nrows><ncols>4451</ncols></imagesize><object><name>m3_s01_002_p_nic095</name><deleted>0</deleted><verified>0</verified><occluded>no</occluded><attributes></attributes><parts><hasparts></hasparts><ispartof></ispartof></parts><date>29-10-20 21:19:09:835</date><id>0</id><type>bounding_box</type><polygon><username>anonymous</username><pt><x>689</x><y>371</y><time>29-10-20 21:19:06:255</time></pt><pt><x>4266</x><y>371</y><time>29-10-20 21:19:07:661</time></pt><pt><x>4266</x><y>2506</y><time>undefined</time></pt><pt><x>689</x><y>2506</y><time>undefined</time></pt><closed_date>29-10-20 21:19:07:662</closed_date></polygon></object></annotation>