<annotation><filename>m1_s02_036_p_nic031.jpg</filename><folder>users/joselusava//valeria/sala2_036_nic</folder><source><submittedBy>Jose Saca</submittedBy></source><imagesize><nrows>3200</nrows><ncols>4800</ncols></imagesize><object><name>m1_s02_036_p_nic031</name><deleted>0</deleted><verified>0</verified><occluded>no</occluded><attributes></attributes><parts><hasparts></hasparts><ispartof></ispartof></parts><date>26-08-20 23:18:27:248</date><id>0</id><type>bounding_box</type><polygon><username>anonymous</username><pt><x>2787</x><y>1863</y><time>26-08-20 23:18:20:044</time></pt><pt><x>4118</x><y>1863</y><time>26-08-20 23:18:23:726</time></pt><pt><x>4118</x><y>2985</y><time>undefined</time></pt><pt><x>2787</x><y>2985</y><time>undefined</time></pt><closed_date>26-08-20 23:18:23:727</closed_date></polygon></object></annotation>