<annotation><filename>m1_s06_141_p_ic094.jpg</filename><folder>users/joselusava//jacob_2/141ic</folder><source><submittedBy>Jose Saca</submittedBy></source><imagesize><nrows>2736</nrows><ncols>4100</ncols></imagesize><object><name>m1_s06_141_p_ic094</name><deleted>0</deleted><verified>0</verified><occluded>no</occluded><attributes></attributes><parts><hasparts></hasparts><ispartof></ispartof></parts><date>05-09-20 00:20:06:151</date><id>0</id><type>bounding_box</type><polygon><username>anonymous</username><pt><x>981</x><y>2598</y><time>05-09-20 00:20:01:279</time></pt><pt><x>2483</x><y>2598</y><time>05-09-20 00:20:03:638</time></pt><pt><x>2483</x><y>162</y><time>undefined</time></pt><pt><x>981</x><y>162</y><time>undefined</time></pt><closed_date>05-09-20 00:20:03:639</closed_date></polygon></object></annotation>