<annotation><filename>m2_s01_001_p_ic017.jpg</filename><folder>users/joselusava//santiago</folder><source><submittedBy>Jose Saca</submittedBy></source><imagesize><nrows>2850</nrows><ncols>4271</ncols></imagesize><object><name>m2_s01_001_p_ic017</name><deleted>0</deleted><verified>0</verified><occluded>no</occluded><attributes></attributes><parts><hasparts></hasparts><ispartof></ispartof></parts><date>18-09-20 22:47:59:889</date><id>0</id><type>bounding_box</type><polygon><username>anonymous</username><pt><x>914</x><y>414</y><time>18-09-20 22:47:50:150</time></pt><pt><x>3558</x><y>414</y><time>18-09-20 22:47:52:918</time></pt><pt><x>3558</x><y>2600</y><time>undefined</time></pt><pt><x>914</x><y>2600</y><time>undefined</time></pt><closed_date>18-09-20 22:47:52:920</closed_date></polygon></object></annotation>