<annotation><filename>m4_s02_015_p_nic094.jpg</filename><folder>users/joselusava//m4_js/15nic</folder><source><submittedBy>Jose Saca</submittedBy></source><imagesize><nrows>2910</nrows><ncols>4361</ncols></imagesize><object><name>m4_s02_015_p_nic094</name><deleted>0</deleted><verified>0</verified><occluded>no</occluded><attributes></attributes><parts><hasparts></hasparts><ispartof></ispartof></parts><date>06-10-20 20:20:47:940</date><id>0</id><type>bounding_box</type><polygon><username>anonymous</username><pt><x>2942</x><y>78</y><time>06-10-20 20:20:45:953</time></pt><pt><x>1619</x><y>78</y><time>06-10-20 20:20:47:175</time></pt><pt><x>1619</x><y>1558</y><time>undefined</time></pt><pt><x>2942</x><y>1558</y><time>undefined</time></pt><closed_date>06-10-20 20:20:47:176</closed_date></polygon></object></annotation>