<annotation><filename>m3_s01_002_p_nic052.jpg</filename><folder>users/joselusava//santiago_3</folder><source><submittedBy>Jose Saca</submittedBy></source><imagesize><nrows>2970</nrows><ncols>4451</ncols></imagesize><object><name>m3_s01_002_p_nic052</name><deleted>0</deleted><verified>0</verified><occluded>no</occluded><attributes></attributes><parts><hasparts></hasparts><ispartof></ispartof></parts><date>29-10-20 20:48:28:567</date><id>0</id><type>bounding_box</type><polygon><username>anonymous</username><pt><x>1542</x><y>985</y><time>29-10-20 20:48:25:128</time></pt><pt><x>3609</x><y>985</y><time>29-10-20 20:48:26:751</time></pt><pt><x>3609</x><y>2895</y><time>undefined</time></pt><pt><x>1542</x><y>2895</y><time>undefined</time></pt><closed_date>29-10-20 20:48:26:752</closed_date></polygon></object></annotation>