<annotation><filename>m2_s06_252_p_nic036.jpg</filename><folder>users/joselusava//juancarlos</folder><source><submittedBy>Jose Saca</submittedBy></source><imagesize><nrows>2910</nrows><ncols>4361</ncols></imagesize><object><name>m2_s06_252_p_nic036</name><deleted>0</deleted><verified>0</verified><occluded>no</occluded><attributes></attributes><parts><hasparts></hasparts><ispartof></ispartof></parts><date>02-10-20 17:14:19:462</date><id>0</id><type>bounding_box</type><polygon><username>anonymous</username><pt><x>1455</x><y>1687</y><time>02-10-20 17:14:08:096</time></pt><pt><x>2682</x><y>1687</y><time>02-10-20 17:14:11:164</time></pt><pt><x>2682</x><y>2557</y><time>undefined</time></pt><pt><x>1455</x><y>2557</y><time>undefined</time></pt><closed_date>02-10-20 17:14:11:166</closed_date></polygon></object></annotation>