<annotation><filename>m1_s06_144_p_nic037.jpg</filename><folder>users/joselusava//jacob_2/144nic</folder><source><submittedBy>Jose Saca</submittedBy></source><imagesize><nrows>2736</nrows><ncols>4100</ncols></imagesize><object><name>m1_s06_144_p_nic037</name><deleted>0</deleted><verified>0</verified><occluded>no</occluded><attributes></attributes><parts><hasparts></hasparts><ispartof></ispartof></parts><date>08-09-20 02:08:29:634</date><id>0</id><type>bounding_box</type><polygon><username>anonymous</username><pt><x>524</x><y>2643</y><time>08-09-20 02:08:27:029</time></pt><pt><x>2030</x><y>2643</y><time>08-09-20 02:08:28:650</time></pt><pt><x>2030</x><y>957</y><time>undefined</time></pt><pt><x>524</x><y>957</y><time>undefined</time></pt><closed_date>08-09-20 02:08:28:650</closed_date></polygon></object></annotation>