<annotation><filename>m2_s07_264_p_nic058.jpg</filename><folder>users/joselusava//valeria/sala7_264_nic</folder><source><submittedBy>Jose Saca</submittedBy></source><imagesize><nrows>2910</nrows><ncols>4361</ncols></imagesize><object><name>m2_s07_264_p_nic058</name><deleted>0</deleted><verified>0</verified><occluded>no</occluded><attributes></attributes><parts><hasparts></hasparts><ispartof></ispartof></parts><date>23-09-20 21:00:24:944</date><id>0</id><type>bounding_box</type><polygon><username>anonymous</username><pt><x>132</x><y>2067</y><time>23-09-20 21:00:20:192</time></pt><pt><x>1427</x><y>2067</y><time>23-09-20 21:00:22:149</time></pt><pt><x>1427</x><y>220</y><time>undefined</time></pt><pt><x>132</x><y>220</y><time>undefined</time></pt><closed_date>23-09-20 21:00:22:150</closed_date></polygon></object></annotation>