<annotation><filename>m4_s05_060_p_nic026.jpg</filename><folder>users/joselusava//m4_js/60/nic</folder><source><submittedBy>Jose Saca</submittedBy></source><imagesize><nrows>2910</nrows><ncols>4361</ncols></imagesize><object><name>m4_s05_060_p_nic026</name><deleted>0</deleted><verified>0</verified><occluded>no</occluded><attributes></attributes><parts><hasparts></hasparts><ispartof></ispartof></parts><date>13-10-20 23:54:57:413</date><id>0</id><type>bounding_box</type><polygon><username>anonymous</username><pt><x>3256</x><y>2890</y><time>13-10-20 23:54:54:950</time></pt><pt><x>26</x><y>2890</y><time>13-10-20 23:54:56:708</time></pt><pt><x>26</x><y>1018</y><time>undefined</time></pt><pt><x>3256</x><y>1018</y><time>undefined</time></pt><closed_date>13-10-20 23:54:56:708</closed_date></polygon></object></annotation>