<annotation><filename>m1_s01_005_p_nic016.jpg</filename><folder>users/joselusava//museos2020</folder><source><submittedBy>Jose Saca</submittedBy></source><imagesize><nrows>2000</nrows><ncols>2992</ncols></imagesize><object><name>m1_s01_005_p_nic016</name><deleted>0</deleted><verified>0</verified><occluded>no</occluded><attributes></attributes><parts><hasparts></hasparts><ispartof></ispartof></parts><date>13-09-20 22:51:27:676</date><id>0</id><type>bounding_box</type><polygon><username>anonymous</username><pt><x>2102</x><y>1307</y><time>13-09-20 22:51:08:739</time></pt><pt><x>2537</x><y>1307</y><time>13-09-20 22:51:12:984</time></pt><pt><x>2537</x><y>1786</y><time>undefined</time></pt><pt><x>2102</x><y>1786</y><time>undefined</time></pt><closed_date>13-09-20 22:51:12:984</closed_date></polygon></object></annotation>