<annotation><filename>m4_s02_021_p_ic042.jpg</filename><folder>users/joselusava//santiago_2</folder><source><submittedBy>Jose Saca</submittedBy></source><imagesize><nrows>3000</nrows><ncols>4496</ncols></imagesize><object><name>m4_s02_021_p_ic042</name><deleted>0</deleted><verified>0</verified><occluded>no</occluded><attributes></attributes><parts><hasparts></hasparts><ispartof></ispartof></parts><date>03-10-20 18:04:49:262</date><id>0</id><type>bounding_box</type><polygon><username>anonymous</username><pt><x>1732</x><y>468</y><time>03-10-20 18:04:45:451</time></pt><pt><x>3029</x><y>468</y><time>03-10-20 18:04:47:060</time></pt><pt><x>3029</x><y>2525</y><time>undefined</time></pt><pt><x>1732</x><y>2525</y><time>undefined</time></pt><closed_date>03-10-20 18:04:47:061</closed_date></polygon></object></annotation>