<annotation><filename>m1_s02_052_p_nic081.jpg</filename><folder>users/joselusava//valeria/sala2_052_nic</folder><source><submittedBy>Jose Saca</submittedBy></source><imagesize><nrows>3200</nrows><ncols>4800</ncols></imagesize><object><name>m1_s02_052_p_nic081</name><deleted>0</deleted><verified>0</verified><occluded>no</occluded><attributes></attributes><parts><hasparts></hasparts><ispartof></ispartof></parts><date>27-08-20 17:39:44:058</date><id>0</id><type>bounding_box</type><polygon><username>anonymous</username><pt><x>1949</x><y>1879</y><time>27-08-20 17:39:31:168</time></pt><pt><x>446</x><y>1879</y><time>27-08-20 17:39:34:284</time></pt><pt><x>446</x><y>3200</y><time>undefined</time></pt><pt><x>1949</x><y>3200</y><time>undefined</time></pt><closed_date>27-08-20 17:39:34:285</closed_date></polygon></object></annotation>