<annotation><filename>m3_s01_002_p_ic019.jpg</filename><folder>users/joselusava//santiago_3</folder><source><submittedBy>Jose Saca</submittedBy></source><imagesize><nrows>2970</nrows><ncols>4451</ncols></imagesize><object><name>m3_s01_002_p_ic019</name><deleted>0</deleted><verified>0</verified><occluded>no</occluded><attributes></attributes><parts><hasparts></hasparts><ispartof></ispartof></parts><date>28-10-20 17:30:11:014</date><id>0</id><type>bounding_box</type><polygon><username>anonymous</username><pt><x>353</x><y>307</y><time>28-10-20 17:30:00:174</time></pt><pt><x>4202</x><y>307</y><time>28-10-20 17:30:01:965</time></pt><pt><x>4202</x><y>2524</y><time>undefined</time></pt><pt><x>353</x><y>2524</y><time>undefined</time></pt><closed_date>28-10-20 17:30:01:966</closed_date></polygon></object></annotation>