<annotation><filename>m4_s03_025_p_nic041.jpg</filename><folder>users/joselusava//santiago_3</folder><source><submittedBy>Jose Saca</submittedBy></source><imagesize><nrows>2910</nrows><ncols>4361</ncols></imagesize><object><name>m4_s03_025_p_nic041</name><deleted>0</deleted><verified>0</verified><occluded>no</occluded><attributes></attributes><parts><hasparts></hasparts><ispartof></ispartof></parts><date>08-11-20 13:34:31:023</date><id>0</id><type>bounding_box</type><polygon><username>anonymous</username><pt><x>926</x><y>537</y><time>08-11-20 13:34:27:758</time></pt><pt><x>3398</x><y>537</y><time>08-11-20 13:34:29:170</time></pt><pt><x>3398</x><y>1676</y><time>undefined</time></pt><pt><x>926</x><y>1676</y><time>undefined</time></pt><closed_date>08-11-20 13:34:29:171</closed_date></polygon></object></annotation>