<annotation><filename>m4_s03_025_p_nic033.jpg</filename><folder>users/joselusava//santiago_3</folder><source><submittedBy>Jose Saca</submittedBy></source><imagesize><nrows>2910</nrows><ncols>4361</ncols></imagesize><object><name>m4_s03_025_p_nic033</name><deleted>0</deleted><verified>0</verified><occluded>no</occluded><attributes></attributes><parts><hasparts></hasparts><ispartof></ispartof></parts><date>07-11-20 23:48:11:936</date><id>0</id><type>bounding_box</type><polygon><username>anonymous</username><pt><x>1857</x><y>1532</y><time>07-11-20 23:47:55:865</time></pt><pt><x>4047</x><y>1532</y><time>07-11-20 23:47:57:539</time></pt><pt><x>4047</x><y>2746</y><time>undefined</time></pt><pt><x>1857</x><y>2746</y><time>undefined</time></pt><closed_date>07-11-20 23:47:57:541</closed_date></polygon></object></annotation>