<annotation><filename>m2_s06_248_p_nic067.jpg</filename><folder>users/joselusava//museos2020</folder><source><submittedBy>Jose Saca</submittedBy></source><imagesize><nrows>2910</nrows><ncols>4361</ncols></imagesize><object><name>m2_s06_248_p_nic067</name><deleted>0</deleted><verified>0</verified><occluded>no</occluded><attributes></attributes><parts><hasparts></hasparts><ispartof></ispartof></parts><date>27-09-20 19:19:04:110</date><id>0</id><polygon><username>anonymous</username><pt><x>1329</x><y>1850</y><time>27-09-20 19:18:54:717</time></pt><pt><x>3375</x><y>1892</y><time>27-09-20 19:18:55:856</time></pt><pt><x>2854</x><y>2608</y><time>27-09-20 19:18:56:715</time></pt><pt><x>1134</x><y>2078</y><time>27-09-20 19:18:57:994</time></pt><closed_date>27-09-20 19:18:59:028</closed_date></polygon></object></annotation>