<annotation><filename>m2_s01_018_p_nic060.jpg</filename><folder>users/joselusava//santiago_2</folder><source><submittedBy>Jose Saca</submittedBy></source><imagesize><nrows>2850</nrows><ncols>4271</ncols></imagesize><object><name>m2_s01_018_p_nic060</name><deleted>0</deleted><verified>0</verified><occluded>no</occluded><attributes></attributes><parts><hasparts></hasparts><ispartof></ispartof></parts><date>28-09-20 22:04:59:323</date><id>0</id><type>bounding_box</type><polygon><username>anonymous</username><pt><x>3116</x><y>840</y><time>28-09-20 22:04:55:912</time></pt><pt><x>3398</x><y>840</y><time>28-09-20 22:04:56:880</time></pt><pt><x>3398</x><y>1286</y><time>undefined</time></pt><pt><x>3116</x><y>1286</y><time>undefined</time></pt><closed_date>28-09-20 22:04:56:881</closed_date></polygon></object></annotation>