<annotation><filename>m4_s11_178_p_ic015.jpg</filename><folder>users/joselusava//santiago_2</folder><source><submittedBy>Jose Saca</submittedBy></source><imagesize><nrows>2970</nrows><ncols>4451</ncols></imagesize><object><name>m4_s11_178_p_ic015</name><deleted>0</deleted><verified>0</verified><occluded>no</occluded><attributes></attributes><parts><hasparts></hasparts><ispartof></ispartof></parts><date>15-10-20 20:49:48:428</date><id>0</id><type>bounding_box</type><polygon><username>anonymous</username><pt><x>1381</x><y>753</y><time>15-10-20 20:49:44:213</time></pt><pt><x>2845</x><y>753</y><time>15-10-20 20:49:46:564</time></pt><pt><x>2845</x><y>2192</y><time>undefined</time></pt><pt><x>1381</x><y>2192</y><time>undefined</time></pt><closed_date>15-10-20 20:49:46:564</closed_date></polygon></object></annotation>