<annotation><filename>m1_s01_021_p_nic074.jpg</filename><folder>users/joselusava//santiago</folder><source><submittedBy>Jose Saca</submittedBy></source><imagesize><nrows>3200</nrows><ncols>4800</ncols></imagesize><object><name>m1_s01_021_p_nic074</name><deleted>0</deleted><verified>0</verified><occluded>no</occluded><attributes></attributes><parts><hasparts></hasparts><ispartof></ispartof></parts><date>16-09-20 18:31:05:340</date><id>0</id><type>bounding_box</type><polygon><username>anonymous</username><pt><x>731</x><y>1947</y><time>16-09-20 18:30:57:657</time></pt><pt><x>1224</x><y>1947</y><time>16-09-20 18:30:58:858</time></pt><pt><x>1224</x><y>2545</y><time>undefined</time></pt><pt><x>731</x><y>2545</y><time>undefined</time></pt><closed_date>16-09-20 18:30:58:859</closed_date></polygon></object></annotation>