<annotation><filename>m4_s04_039_p_nic095.jpg</filename><folder>users/joselusava//santiago_2</folder><source><submittedBy>Jose Saca</submittedBy></source><imagesize><nrows>2970</nrows><ncols>4451</ncols></imagesize><object><name>m4_s04_039_p_nic095</name><deleted>0</deleted><verified>0</verified><occluded>no</occluded><attributes></attributes><parts><hasparts></hasparts><ispartof></ispartof></parts><date>21-10-20 22:26:47:448</date><id>0</id><type>bounding_box</type><polygon><username>anonymous</username><pt><x>1564</x><y>1121</y><time>21-10-20 22:26:38:464</time></pt><pt><x>2156</x><y>1121</y><time>21-10-20 22:26:39:419</time></pt><pt><x>2156</x><y>2849</y><time>undefined</time></pt><pt><x>1564</x><y>2849</y><time>undefined</time></pt><closed_date>21-10-20 22:26:39:421</closed_date></polygon></object></annotation>