<annotation><filename>m3_s01_023_p_ic060.jpg</filename><folder>users/joselusava//santiago_3</folder><source><submittedBy>Jose Saca</submittedBy></source><imagesize><nrows>2970</nrows><ncols>4451</ncols></imagesize><object><name>m3_s01_023_p_ic060</name><deleted>0</deleted><verified>0</verified><occluded>no</occluded><attributes></attributes><parts><hasparts></hasparts><ispartof></ispartof></parts><date>04-11-20 20:01:39:532</date><id>0</id><type>bounding_box</type><polygon><username>anonymous</username><pt><x>1071</x><y>582</y><time>04-11-20 20:01:35:629</time></pt><pt><x>3138</x><y>582</y><time>04-11-20 20:01:36:795</time></pt><pt><x>3138</x><y>2252</y><time>undefined</time></pt><pt><x>1071</x><y>2252</y><time>undefined</time></pt><closed_date>04-11-20 20:01:36:796</closed_date></polygon></object></annotation>