<annotation><filename>m2_s01_054_p_nic044.jpg</filename><folder>users/joselusava//kath</folder><source><submittedBy>Jose Saca</submittedBy></source><imagesize><nrows>2850</nrows><ncols>4271</ncols></imagesize><object><name>m2_s01_054_p_nic044</name><deleted>0</deleted><verified>0</verified><occluded>no</occluded><attributes></attributes><parts><hasparts></hasparts><ispartof></ispartof></parts><date>30-09-20 11:33:29:546</date><id>0</id><type>bounding_box</type><polygon><username>anonymous</username><pt><x>2829</x><y>1425</y><time>30-09-20 11:33:23:088</time></pt><pt><x>2148</x><y>1425</y><time>30-09-20 11:33:26:734</time></pt><pt><x>2148</x><y>2548</y><time>undefined</time></pt><pt><x>2829</x><y>2548</y><time>undefined</time></pt><closed_date>30-09-20 11:33:26:735</closed_date></polygon></object></annotation>