<annotation><filename>m4_s06_089_p_nic023.jpg</filename><folder>users/joselusava//santiago_2</folder><source><submittedBy>Jose Saca</submittedBy></source><imagesize><nrows>2970</nrows><ncols>4451</ncols></imagesize><object><name>m4_s06_089_p_nic023</name><deleted>0</deleted><verified>0</verified><occluded>no</occluded><attributes></attributes><parts><hasparts></hasparts><ispartof></ispartof></parts><date>12-10-20 20:51:24:101</date><id>0</id><type>bounding_box</type><polygon><username>anonymous</username><pt><x>2445</x><y>289</y><time>12-10-20 20:51:20:599</time></pt><pt><x>4184</x><y>289</y><time>12-10-20 20:51:21:874</time></pt><pt><x>4184</x><y>2445</y><time>undefined</time></pt><pt><x>2445</x><y>2445</y><time>undefined</time></pt><closed_date>12-10-20 20:51:21:875</closed_date></polygon></object></annotation>