<annotation><filename>m4_s09_138_p_ic096.jpg</filename><folder>users/joselusava//santiago_2</folder><source><submittedBy>Jose Saca</submittedBy></source><imagesize><nrows>2970</nrows><ncols>4451</ncols></imagesize><object><name>m4_s09_138_p_ic096</name><deleted>0</deleted><verified>0</verified><occluded>no</occluded><attributes></attributes><parts><hasparts></hasparts><ispartof></ispartof></parts><date>22-10-20 21:41:28:175</date><id>0</id><type>bounding_box</type><polygon><username>anonymous</username><pt><x>175</x><y>700</y><time>22-10-20 21:41:24:001</time></pt><pt><x>4319</x><y>700</y><time>22-10-20 21:41:25:380</time></pt><pt><x>4319</x><y>2809</y><time>undefined</time></pt><pt><x>175</x><y>2809</y><time>undefined</time></pt><closed_date>22-10-20 21:41:25:381</closed_date></polygon></object></annotation>