<annotation><filename>m1_s06_144_p_ic026.jpg</filename><folder>users/joselusava//jacob_2/144ic</folder><source><submittedBy>Jose Saca</submittedBy></source><imagesize><nrows>2736</nrows><ncols>4100</ncols></imagesize><object><name>m1_s06_144_p_ic026</name><deleted>0</deleted><verified>0</verified><occluded>no</occluded><attributes></attributes><parts><hasparts></hasparts><ispartof></ispartof></parts><date>07-09-20 02:31:08:073</date><id>0</id><type>bounding_box</type><polygon><username>anonymous</username><pt><x>3306</x><y>2643</y><time>07-09-20 02:31:05:003</time></pt><pt><x>638</x><y>2643</y><time>07-09-20 02:31:07:144</time></pt><pt><x>638</x><y>90</y><time>undefined</time></pt><pt><x>3306</x><y>90</y><time>undefined</time></pt><closed_date>07-09-20 02:31:07:145</closed_date></polygon></object></annotation>