<annotation><filename>m1_s06_186_p_ic061.jpg</filename><folder>users/joselusava//jacob_2/186ic</folder><source><submittedBy>Jose Saca</submittedBy></source><imagesize><nrows>2736</nrows><ncols>4100</ncols></imagesize><object><name>s06_186_p_ic061</name><deleted>0</deleted><verified>0</verified><occluded>no</occluded><attributes></attributes><parts><hasparts></hasparts><ispartof></ispartof></parts><date>09-09-20 22:19:20:335</date><id>0</id><type>bounding_box</type><polygon><username>anonymous</username><pt><x>3028</x><y>2283</y><time>09-09-20 22:19:17:450</time></pt><pt><x>884</x><y>2283</y><time>09-09-20 22:19:19:291</time></pt><pt><x>884</x><y>139</y><time>undefined</time></pt><pt><x>3028</x><y>139</y><time>undefined</time></pt><closed_date>09-09-20 22:19:19:291</closed_date></polygon></object></annotation>