<annotation><filename>m4_s04_037_p_nic065.jpg</filename><folder>users/joselusava//santiago_2</folder><source><submittedBy>Jose Saca</submittedBy></source><imagesize><nrows>2970</nrows><ncols>4451</ncols></imagesize><object><name>m4_s04_037_p_nic065</name><deleted>0</deleted><verified>0</verified><occluded>no</occluded><attributes></attributes><parts><hasparts></hasparts><ispartof></ispartof></parts><date>19-10-20 22:37:02:191</date><id>0</id><type>bounding_box</type><polygon><username>anonymous</username><pt><x>2981</x><y>982</y><time>19-10-20 22:36:59:090</time></pt><pt><x>3837</x><y>982</y><time>19-10-20 22:37:00:429</time></pt><pt><x>3837</x><y>2263</y><time>undefined</time></pt><pt><x>2981</x><y>2263</y><time>undefined</time></pt><closed_date>19-10-20 22:37:00:430</closed_date></polygon></object></annotation>