<annotation><filename>m4_s10_157_p_ic012.jpg</filename><folder>users/joselusava//valeria/m04_s10_157_nic</folder><source><submittedBy>Jose Saca</submittedBy></source><imagesize><nrows>2970</nrows><ncols>4451</ncols></imagesize><object><name>m4_s10_157_p_nic012</name><deleted>0</deleted><verified>0</verified><occluded>no</occluded><attributes></attributes><parts><hasparts></hasparts><ispartof></ispartof></parts><date>12-10-20 19:05:19:704</date><id>0</id><type>bounding_box</type><polygon><username>anonymous</username><pt><x>1631</x><y>2205</y><time>12-10-20 19:05:14:138</time></pt><pt><x>3353</x><y>2205</y><time>12-10-20 19:05:16:362</time></pt><pt><x>3353</x><y>174</y><time>undefined</time></pt><pt><x>1631</x><y>174</y><time>undefined</time></pt><closed_date>12-10-20 19:05:16:363</closed_date></polygon></object></annotation>