<annotation><filename>m1_s01_021_p_ic004.jpg</filename><folder>users/joselusava//santiago</folder><source><submittedBy>Jose Saca</submittedBy></source><imagesize><nrows>2000</nrows><ncols>2992</ncols></imagesize><object><name>m1_s01_021_p_ic004</name><deleted>0</deleted><verified>0</verified><occluded>no</occluded><attributes></attributes><parts><hasparts></hasparts><ispartof></ispartof></parts><date>14-09-20 21:51:37:588</date><id>0</id><type>bounding_box</type><polygon><username>anonymous</username><pt><x>913</x><y>412</y><time>14-09-20 21:51:28:277</time></pt><pt><x>1953</x><y>412</y><time>14-09-20 21:51:31:376</time></pt><pt><x>1953</x><y>1699</y><time>undefined</time></pt><pt><x>913</x><y>1699</y><time>undefined</time></pt><closed_date>14-09-20 21:51:31:377</closed_date></polygon></object></annotation>