<annotation><filename>m1_s02_065_p_nic060.jpg</filename><folder>users/joselusava//valeria/sala2_065_nic</folder><source><submittedBy>Jose Saca</submittedBy></source><imagesize><nrows>2000</nrows><ncols>2992</ncols></imagesize><object><name>m1_s02_065_p_nic060</name><deleted>0</deleted><verified>0</verified><occluded>no</occluded><attributes></attributes><parts><hasparts></hasparts><ispartof></ispartof></parts><date>27-08-20 23:28:10:130</date><id>0</id><type>bounding_box</type><polygon><username>anonymous</username><pt><x>2067</x><y>792</y><time>27-08-20 23:28:04:219</time></pt><pt><x>664</x><y>792</y><time>27-08-20 23:28:06:660</time></pt><pt><x>664</x><y>201</y><time>undefined</time></pt><pt><x>2067</x><y>201</y><time>undefined</time></pt><closed_date>27-08-20 23:28:06:661</closed_date></polygon></object></annotation>