<annotation><filename>m3_s01_002_p_nic029.jpg</filename><folder>users/joselusava//santiago_3</folder><source><submittedBy>Jose Saca</submittedBy></source><imagesize><nrows>2970</nrows><ncols>4451</ncols></imagesize><object><name>m3_s01_002_p_nic029</name><deleted>0</deleted><verified>0</verified><occluded>no</occluded><attributes></attributes><parts><hasparts></hasparts><ispartof></ispartof></parts><date>29-10-20 15:53:48:214</date><id>0</id><type>bounding_box</type><polygon><username>anonymous</username><pt><x>2074</x><y>767</y><time>29-10-20 15:53:45:108</time></pt><pt><x>4069</x><y>767</y><time>29-10-20 15:53:46:263</time></pt><pt><x>4069</x><y>2513</y><time>undefined</time></pt><pt><x>2074</x><y>2513</y><time>undefined</time></pt><closed_date>29-10-20 15:53:46:263</closed_date></polygon></object></annotation>