<annotation><filename>m3_s01_010_p_nic027.jpg</filename><folder>users/joselusava//m4_js/m3/10/nic</folder><source><submittedBy>Jose Saca</submittedBy></source><imagesize><nrows>2970</nrows><ncols>4451</ncols></imagesize><object><name>m3_s01_010_p_nic027</name><deleted>0</deleted><verified>0</verified><occluded>no</occluded><attributes></attributes><parts><hasparts></hasparts><ispartof></ispartof></parts><date>29-10-20 13:40:44:857</date><id>0</id><type>bounding_box</type><polygon><username>anonymous</username><pt><x>3141</x><y>2960</y><time>29-10-20 13:40:42:611</time></pt><pt><x>21</x><y>2960</y><time>29-10-20 13:40:44:175</time></pt><pt><x>21</x><y>820</y><time>undefined</time></pt><pt><x>3141</x><y>820</y><time>undefined</time></pt><closed_date>29-10-20 13:40:44:176</closed_date></polygon></object></annotation>