<annotation><filename>m2_s01_032_p_ic022.jpg</filename><folder>users/joselusava//santiago_2</folder><source><submittedBy>Jose Saca</submittedBy></source><imagesize><nrows>2850</nrows><ncols>4271</ncols></imagesize><object><name>m2_s01_032_p_ic022</name><deleted>0</deleted><verified>0</verified><occluded>no</occluded><attributes></attributes><parts><hasparts></hasparts><ispartof></ispartof></parts><date>30-09-20 12:07:34:772</date><id>0</id><type>bounding_box</type><polygon><username>anonymous</username><pt><x>930</x><y>343</y><time>30-09-20 12:07:30:458</time></pt><pt><x>2949</x><y>343</y><time>30-09-20 12:07:32:482</time></pt><pt><x>2949</x><y>2773</y><time>undefined</time></pt><pt><x>930</x><y>2773</y><time>undefined</time></pt><closed_date>30-09-20 12:07:32:482</closed_date></polygon></object></annotation>