<annotation><filename>m2_s06_244_p_nic037.jpg</filename><folder>users/joselusava//museos2020</folder><source><submittedBy>Jose Saca</submittedBy></source><imagesize><nrows>2910</nrows><ncols>4361</ncols></imagesize><object><name>m2_s06_244_p_ic037</name><deleted>0</deleted><verified>0</verified><occluded>no</occluded><attributes></attributes><parts><hasparts></hasparts><ispartof></ispartof></parts><date>25-09-20 18:49:45:110</date><id>0</id><type>bounding_box</type><polygon><username>anonymous</username><pt><x>2375</x><y>776</y><time>25-09-20 18:49:38:484</time></pt><pt><x>3951</x><y>776</y><time>25-09-20 18:49:39:865</time></pt><pt><x>3951</x><y>1432</y><time>undefined</time></pt><pt><x>2375</x><y>1432</y><time>undefined</time></pt><closed_date>25-09-20 18:49:39:866</closed_date></polygon></object></annotation>