<annotation><filename>m2_s03_248_p_ic051.jpg</filename><folder>users/joselusava//museos2020</folder><source><submittedBy>Jose Saca</submittedBy></source><imagesize><nrows>2910</nrows><ncols>4361</ncols></imagesize><object><name>m2_s03_248_p_ic051</name><deleted>0</deleted><verified>0</verified><occluded>no</occluded><attributes></attributes><parts><hasparts></hasparts><ispartof></ispartof></parts><date>27-09-20 08:42:47:849</date><id>0</id><type>bounding_box</type><polygon><username>anonymous</username><pt><x>9</x><y>409</y><time>27-09-20 08:42:40:550</time></pt><pt><x>4342</x><y>409</y><time>27-09-20 08:42:42:615</time></pt><pt><x>4342</x><y>2292</y><time>undefined</time></pt><pt><x>9</x><y>2292</y><time>undefined</time></pt><closed_date>27-09-20 08:42:42:616</closed_date></polygon></object></annotation>