<annotation><filename>m2_s01_024_p_ic067.jpg</filename><folder>users/joselusava//santiago</folder><source><submittedBy>Jose Saca</submittedBy></source><imagesize><nrows>2850</nrows><ncols>4271</ncols></imagesize><object><name>m2_s01_024_p_ic067</name><deleted>0</deleted><verified>0</verified><occluded>no</occluded><attributes></attributes><parts><hasparts></hasparts><ispartof></ispartof></parts><date>24-09-20 22:37:47:522</date><id>0</id><type>bounding_box</type><polygon><username>anonymous</username><pt><x>1314</x><y>122</y><time>24-09-20 22:37:37:823</time></pt><pt><x>2824</x><y>122</y><time>24-09-20 22:37:41:472</time></pt><pt><x>2824</x><y>2443</y><time>undefined</time></pt><pt><x>1314</x><y>2443</y><time>undefined</time></pt><closed_date>24-09-20 22:37:41:473</closed_date></polygon></object></annotation>