<annotation><filename>m4_s07_105_p_nic079.jpg</filename><folder>users/joselusava//kath/m4_105/nic</folder><source><submittedBy>Jose Saca</submittedBy></source><imagesize><nrows>2970</nrows><ncols>4451</ncols></imagesize><object><name>m4_s07_105_p_nic079</name><deleted>0</deleted><verified>0</verified><occluded>no</occluded><attributes></attributes><parts><hasparts></hasparts><ispartof></ispartof></parts><date>03-11-20 09:11:45:063</date><id>0</id><type>bounding_box</type><polygon><username>anonymous</username><pt><x>3479</x><y>1884</y><time>03-11-20 09:11:40:189</time></pt><pt><x>4268</x><y>1884</y><time>03-11-20 09:11:42:456</time></pt><pt><x>4268</x><y>312</y><time>undefined</time></pt><pt><x>3479</x><y>312</y><time>undefined</time></pt><closed_date>03-11-20 09:11:42:457</closed_date></polygon></object></annotation>