<annotation><filename>m2_s01_010_p_ic009.jpg</filename><folder>users/joselusava//santiago</folder><source><submittedBy>Jose Saca</submittedBy></source><imagesize><nrows>2850</nrows><ncols>4271</ncols></imagesize><object><name>m2_s01_010_p_ic009</name><deleted>0</deleted><verified>0</verified><occluded>no</occluded><attributes></attributes><parts><hasparts></hasparts><ispartof></ispartof></parts><date>21-09-20 15:06:52:555</date><id>0</id><type>bounding_box</type><polygon><username>anonymous</username><pt><x>1231</x><y>272</y><time>21-09-20 15:06:43:397</time></pt><pt><x>3090</x><y>272</y><time>21-09-20 15:06:45:797</time></pt><pt><x>3090</x><y>2228</y><time>undefined</time></pt><pt><x>1231</x><y>2228</y><time>undefined</time></pt><closed_date>21-09-20 15:06:45:798</closed_date></polygon></object></annotation>