<annotation><filename>m2_s01_018_p_ic024.jpg</filename><folder>users/joselusava//santiago_2</folder><source><submittedBy>Jose Saca</submittedBy></source><imagesize><nrows>2850</nrows><ncols>4271</ncols></imagesize><object><name>m2_s01_018_p_ic024</name><deleted>0</deleted><verified>0</verified><occluded>no</occluded><attributes></attributes><parts><hasparts></hasparts><ispartof></ispartof></parts><date>28-09-20 16:04:49:709</date><id>0</id><type>bounding_box</type><polygon><username>anonymous</username><pt><x>1423</x><y>875</y><time>28-09-20 16:04:42:002</time></pt><pt><x>2805</x><y>875</y><time>28-09-20 16:04:43:931</time></pt><pt><x>2805</x><y>2472</y><time>undefined</time></pt><pt><x>1423</x><y>2472</y><time>undefined</time></pt><closed_date>28-09-20 16:04:43:931</closed_date></polygon></object></annotation>