<annotation><filename>m4_s04_045_p_nic030.jpg</filename><folder>users/joselusava//valeria/m04_s04_45_nic</folder><source><submittedBy>Jose Saca</submittedBy></source><imagesize><nrows>2970</nrows><ncols>4451</ncols></imagesize><object><name>m4_s04_045_p_nic030</name><deleted>0</deleted><verified>0</verified><occluded>no</occluded><attributes></attributes><parts><hasparts></hasparts><ispartof></ispartof></parts><date>20-10-20 14:21:03:466</date><id>0</id><type>bounding_box</type><polygon><username>anonymous</username><pt><x>2696</x><y>2850</y><time>20-10-20 14:20:58:458</time></pt><pt><x>3604</x><y>2850</y><time>20-10-20 14:21:00:287</time></pt><pt><x>3604</x><y>1434</y><time>undefined</time></pt><pt><x>2696</x><y>1434</y><time>undefined</time></pt><closed_date>20-10-20 14:21:00:288</closed_date></polygon></object></annotation>