<annotation><filename>m2_s03_252_p_ic074.jpg</filename><folder>users/joselusava//valeria/m2_sala03_252_ic</folder><source><submittedBy>Jose Saca</submittedBy></source><imagesize><nrows>2910</nrows><ncols>4361</ncols></imagesize><object><name>m2_s06_252_p_ic074</name><deleted>0</deleted><verified>0</verified><occluded>no</occluded><attributes></attributes><parts><hasparts></hasparts><ispartof></ispartof></parts><date>27-09-20 13:05:08:544</date><id>0</id><type>bounding_box</type><polygon><username>anonymous</username><pt><x>3544</x><y>347</y><time>27-09-20 13:05:02:455</time></pt><pt><x>672</x><y>347</y><time>27-09-20 13:05:04:510</time></pt><pt><x>672</x><y>2502</y><time>undefined</time></pt><pt><x>3544</x><y>2502</y><time>undefined</time></pt><closed_date>27-09-20 13:05:04:511</closed_date></polygon></object></annotation>