<annotation><filename>m4_s06_089_p_nic006.jpg</filename><folder>users/joselusava//santiago_2</folder><source><submittedBy>Jose Saca</submittedBy></source><imagesize><nrows>2970</nrows><ncols>4451</ncols></imagesize><object><name>m4_s06_089_p_nic006</name><deleted>0</deleted><verified>0</verified><occluded>no</occluded><attributes></attributes><parts><hasparts></hasparts><ispartof></ispartof></parts><date>12-10-20 20:25:22:974</date><id>0</id><type>bounding_box</type><polygon><username>anonymous</username><pt><x>671</x><y>450</y><time>12-10-20 20:25:19:979</time></pt><pt><x>2342</x><y>450</y><time>12-10-20 20:25:21:040</time></pt><pt><x>2342</x><y>2381</y><time>undefined</time></pt><pt><x>671</x><y>2381</y><time>undefined</time></pt><closed_date>12-10-20 20:25:21:041</closed_date></polygon></object></annotation>