<annotation><filename>m2_s07_264_p_ic062.jpg</filename><folder>users/joselusava//valeria/sala7_264_ic</folder><source><submittedBy>Jose Saca</submittedBy></source><imagesize><nrows>2910</nrows><ncols>4361</ncols></imagesize><object><name>m2_s07_264_p_ic062</name><deleted>0</deleted><verified>0</verified><occluded>no</occluded><attributes></attributes><parts><hasparts></hasparts><ispartof></ispartof></parts><date>23-09-20 11:33:52:582</date><id>0</id><type>bounding_box</type><polygon><username>anonymous</username><pt><x>1350</x><y>358</y><time>23-09-20 11:33:47:757</time></pt><pt><x>2877</x><y>358</y><time>23-09-20 11:33:49:546</time></pt><pt><x>2877</x><y>2353</y><time>undefined</time></pt><pt><x>1350</x><y>2353</y><time>undefined</time></pt><closed_date>23-09-20 11:33:49:547</closed_date></polygon></object></annotation>