<annotation><filename>m4_s05_052_p_nic046.jpg</filename><folder>users/joselusava//santiago_2</folder><source><submittedBy>Jose Saca</submittedBy></source><imagesize><nrows>2910</nrows><ncols>4361</ncols></imagesize><object><name>m4_s05_052_p_nic046</name><deleted>0</deleted><verified>0</verified><occluded>no</occluded><attributes></attributes><parts><hasparts></hasparts><ispartof></ispartof></parts><date>08-10-20 21:28:10:009</date><id>0</id><type>bounding_box</type><polygon><username>anonymous</username><pt><x>2837</x><y>288</y><time>08-10-20 21:28:06:284</time></pt><pt><x>4057</x><y>288</y><time>08-10-20 21:28:07:468</time></pt><pt><x>4057</x><y>1885</y><time>undefined</time></pt><pt><x>2837</x><y>1885</y><time>undefined</time></pt><closed_date>08-10-20 21:28:07:469</closed_date></polygon></object></annotation>