<annotation><filename>m4_s05_060_p_ic088.jpg</filename><folder>users/joselusava//m4_js/60/ic</folder><source><submittedBy>Jose Saca</submittedBy></source><imagesize><nrows>2910</nrows><ncols>4361</ncols></imagesize><object><name>m4_s05_060_p_ic088</name><deleted>0</deleted><verified>0</verified><occluded>no</occluded><attributes></attributes><parts><hasparts></hasparts><ispartof></ispartof></parts><date>13-10-20 16:07:53:059</date><id>0</id><type>bounding_box</type><polygon><username>anonymous</username><pt><x>4222</x><y>2402</y><time>13-10-20 16:07:49:844</time></pt><pt><x>78</x><y>2402</y><time>13-10-20 16:07:51:796</time></pt><pt><x>78</x><y>496</y><time>undefined</time></pt><pt><x>4222</x><y>496</y><time>undefined</time></pt><closed_date>13-10-20 16:07:51:797</closed_date></polygon></object></annotation>