<annotation><filename>m4_s05_055_p_nic061.jpg</filename><folder>users/joselusava//valeria/m4_s05_055_nic</folder><source><submittedBy>Jose Saca</submittedBy></source><imagesize><nrows>2910</nrows><ncols>4361</ncols></imagesize><object><name>m4_s05_055_p_nic061</name><deleted>0</deleted><verified>0</verified><occluded>no</occluded><attributes></attributes><parts><hasparts></hasparts><ispartof></ispartof></parts><date>09-10-20 17:53:54:898</date><id>0</id><type>bounding_box</type><polygon><username>anonymous</username><pt><x>2320</x><y>1207</y><time>09-10-20 17:53:49:866</time></pt><pt><x>3577</x><y>1207</y><time>09-10-20 17:53:51:925</time></pt><pt><x>3577</x><y>2728</y><time>undefined</time></pt><pt><x>2320</x><y>2728</y><time>undefined</time></pt><closed_date>09-10-20 17:53:51:926</closed_date></polygon></object></annotation>