<annotation><filename>m2_s01_058_p_nic044.jpg</filename><folder>users/joselusava//m2_jsv/58/nic</folder><source><submittedBy>Jose Saca</submittedBy></source><imagesize><nrows>2850</nrows><ncols>4271</ncols></imagesize><object><name>m2_s01_058_p_nic044</name><deleted>0</deleted><verified>0</verified><occluded>no</occluded><attributes></attributes><parts><hasparts></hasparts><ispartof></ispartof></parts><date>29-09-20 23:06:24:403</date><id>0</id><type>bounding_box</type><polygon><username>anonymous</username><pt><x>3939</x><y>1509</y><time>29-09-20 23:06:22:559</time></pt><pt><x>2268</x><y>1509</y><time>29-09-20 23:06:23:435</time></pt><pt><x>2268</x><y>153</y><time>undefined</time></pt><pt><x>3939</x><y>153</y><time>undefined</time></pt><closed_date>29-09-20 23:06:23:436</closed_date></polygon></object></annotation>