<annotation><filename>m4_s07_105_p_ic067.jpg</filename><folder>users/joselusava//kath/m4_105</folder><source><submittedBy>Jose Saca</submittedBy></source><imagesize><nrows>2970</nrows><ncols>4451</ncols></imagesize><object><name>m4_s07_105_p_ic067</name><deleted>0</deleted><verified>0</verified><occluded>no</occluded><attributes></attributes><parts><hasparts></hasparts><ispartof></ispartof></parts><date>29-10-20 08:43:05:286</date><id>0</id><type>bounding_box</type><polygon><username>anonymous</username><pt><x>1447</x><y>2850</y><time>29-10-20 08:42:59:385</time></pt><pt><x>2845</x><y>2850</y><time>29-10-20 08:43:01:638</time></pt><pt><x>2845</x><y>163</y><time>undefined</time></pt><pt><x>1447</x><y>163</y><time>undefined</time></pt><closed_date>29-10-20 08:43:01:638</closed_date></polygon></object></annotation>