<annotation><filename>m2_s01_018_p_ic025.jpg</filename><folder>users/joselusava//santiago_2</folder><source><submittedBy>Jose Saca</submittedBy></source><imagesize><nrows>2850</nrows><ncols>4271</ncols></imagesize><object><name>m2_s01_018_p_ic025</name><deleted>0</deleted><verified>0</verified><occluded>no</occluded><attributes></attributes><parts><hasparts></hasparts><ispartof></ispartof></parts><date>28-09-20 16:05:50:542</date><id>0</id><type>bounding_box</type><polygon><username>anonymous</username><pt><x>1510</x><y>872</y><time>28-09-20 16:05:42:857</time></pt><pt><x>2815</x><y>872</y><time>28-09-20 16:05:44:799</time></pt><pt><x>2815</x><y>2485</y><time>undefined</time></pt><pt><x>1510</x><y>2485</y><time>undefined</time></pt><closed_date>28-09-20 16:05:44:799</closed_date></polygon></object></annotation>