<annotation><filename>m1_s10_287_x.jpg</filename><folder>users/joselusava//santiago</folder><source><submittedBy>Jose Saca</submittedBy></source><imagesize><nrows>3200</nrows><ncols>4800</ncols></imagesize><object><name>m1_s10_287_x</name><deleted>0</deleted><verified>0</verified><occluded>no</occluded><attributes></attributes><parts><hasparts></hasparts><ispartof></ispartof></parts><date>28-08-20 16:21:04:099</date><id>0</id><type>bounding_box</type><polygon><username>anonymous</username><pt><x>954</x><y>382</y><time>28-08-20 16:20:52:979</time></pt><pt><x>3758</x><y>382</y><time>28-08-20 16:20:57:353</time></pt><pt><x>3758</x><y>2782</y><time>undefined</time></pt><pt><x>954</x><y>2782</y><time>undefined</time></pt><closed_date>28-08-20 16:20:57:354</closed_date></polygon></object></annotation>