<annotation><filename>m2_s01_037_x.jpg</filename><folder>users/joselusava//juancarlos</folder><source><submittedBy>Jose Saca</submittedBy></source><imagesize><nrows>2850</nrows><ncols>4271</ncols></imagesize><object><name>m2_s01_037_x</name><deleted>0</deleted><verified>0</verified><occluded>no</occluded><attributes></attributes><parts><hasparts></hasparts><ispartof></ispartof></parts><date>28-09-20 11:00:18:584</date><id>0</id><type>bounding_box</type><polygon><username>anonymous</username><pt><x>1193</x><y>178</y><time>28-09-20 11:00:08:681</time></pt><pt><x>2973</x><y>178</y><time>28-09-20 11:00:11:460</time></pt><pt><x>2973</x><y>2627</y><time>undefined</time></pt><pt><x>1193</x><y>2627</y><time>undefined</time></pt><closed_date>28-09-20 11:00:11:460</closed_date></polygon></object></annotation>