<annotation><filename>m1_s06_141_p_ic059.jpg</filename><folder>users/joselusava//jacob_2/141ic</folder><source><submittedBy>Jose Saca</submittedBy></source><imagesize><nrows>2736</nrows><ncols>4100</ncols></imagesize><object><name>m1_s06_141_p_ic059</name><deleted>0</deleted><verified>0</verified><occluded>no</occluded><attributes></attributes><parts><hasparts></hasparts><ispartof></ispartof></parts><date>04-09-20 22:59:42:027</date><id>0</id><type>bounding_box</type><polygon><username>anonymous</username><pt><x>2612</x><y>68</y><time>04-09-20 22:59:38:713</time></pt><pt><x>1225</x><y>68</y><time>04-09-20 22:59:41:082</time></pt><pt><x>1225</x><y>2727</y><time>undefined</time></pt><pt><x>2612</x><y>2727</y><time>undefined</time></pt><closed_date>04-09-20 22:59:41:083</closed_date></polygon></object></annotation>