<annotation><filename>m2_s01_036_x.jpg</filename><folder>users/joselusava//juancarlos</folder><source><submittedBy>Jose Saca</submittedBy></source><imagesize><nrows>2850</nrows><ncols>4271</ncols></imagesize><object><name>m2_s01_036_x</name><deleted>0</deleted><verified>0</verified><occluded>no</occluded><attributes></attributes><parts><hasparts></hasparts><ispartof></ispartof></parts><date>28-09-20 10:59:41:939</date><id>0</id><type>bounding_box</type><polygon><username>anonymous</username><pt><x>1097</x><y>223</y><time>28-09-20 10:59:32:303</time></pt><pt><x>2996</x><y>223</y><time>28-09-20 10:59:35:561</time></pt><pt><x>2996</x><y>2613</y><time>undefined</time></pt><pt><x>1097</x><y>2613</y><time>undefined</time></pt><closed_date>28-09-20 10:59:35:562</closed_date></polygon></object></annotation>