<annotation><filename>m4_s02_021_p_ic054.jpg</filename><folder>users/joselusava//santiago_2</folder><source><submittedBy>Jose Saca</submittedBy></source><imagesize><nrows>3000</nrows><ncols>4496</ncols></imagesize><object><name>m4_s02_021_p_ic054</name><deleted>0</deleted><verified>0</verified><occluded>no</occluded><attributes></attributes><parts><hasparts></hasparts><ispartof></ispartof></parts><date>04-10-20 18:53:48:906</date><id>0</id><type>bounding_box</type><polygon><username>anonymous</username><pt><x>1543</x><y>425</y><time>04-10-20 18:53:44:563</time></pt><pt><x>2818</x><y>425</y><time>04-10-20 18:53:46:300</time></pt><pt><x>2818</x><y>2496</y><time>undefined</time></pt><pt><x>1543</x><y>2496</y><time>undefined</time></pt><closed_date>04-10-20 18:53:46:301</closed_date></polygon></object></annotation>