<annotation><filename>m3_s01_023_p_nic040.jpg</filename><folder>users/joselusava//santiago_3</folder><source><submittedBy>Jose Saca</submittedBy></source><imagesize><nrows>2970</nrows><ncols>4451</ncols></imagesize><object><name>m3_s01_023_p_nic040</name><deleted>0</deleted><verified>0</verified><occluded>no</occluded><attributes></attributes><parts><hasparts></hasparts><ispartof></ispartof></parts><date>06-11-20 09:29:14:348</date><id>0</id><type>bounding_box</type><polygon><username>anonymous</username><pt><x>992</x><y>960</y><time>06-11-20 09:29:11:017</time></pt><pt><x>2695</x><y>960</y><time>06-11-20 09:29:12:300</time></pt><pt><x>2695</x><y>2859</y><time>undefined</time></pt><pt><x>992</x><y>2859</y><time>undefined</time></pt><closed_date>06-11-20 09:29:12:301</closed_date></polygon></object></annotation>