<annotation><filename>m2_s05_236_p_ic060.jpg</filename><folder>users/joselusava//museos2020</folder><source><submittedBy>Jose Saca</submittedBy></source><imagesize><nrows>2910</nrows><ncols>4361</ncols></imagesize><object><name>m2_s05_236_p_ic060</name><deleted>0</deleted><verified>0</verified><occluded>no</occluded><attributes></attributes><parts><hasparts></hasparts><ispartof></ispartof></parts><date>16-09-20 18:50:44:224</date><id>0</id><type>bounding_box</type><polygon><username>anonymous</username><pt><x>381</x><y>167</y><time>16-09-20 18:50:35:716</time></pt><pt><x>3366</x><y>167</y><time>16-09-20 18:50:37:774</time></pt><pt><x>3366</x><y>2775</y><time>undefined</time></pt><pt><x>381</x><y>2775</y><time>undefined</time></pt><closed_date>16-09-20 18:50:37:776</closed_date></polygon></object></annotation>