<annotation><filename>m1_s06_141_p_nic046.jpg</filename><folder>users/joselusava//jacob_2/141nic</folder><source><submittedBy>Jose Saca</submittedBy></source><imagesize><nrows>2736</nrows><ncols>4100</ncols></imagesize><object><name>m1_s06_141_p_nic046</name><deleted>0</deleted><verified>0</verified><occluded>no</occluded><attributes></attributes><parts><hasparts></hasparts><ispartof></ispartof></parts><date>05-09-20 19:46:40:408</date><id>0</id><type>bounding_box</type><polygon><username>anonymous</username><pt><x>1353</x><y>1752</y><time>05-09-20 19:46:37:377</time></pt><pt><x>310</x><y>1752</y><time>05-09-20 19:46:39:520</time></pt><pt><x>310</x><y>187</y><time>undefined</time></pt><pt><x>1353</x><y>187</y><time>undefined</time></pt><closed_date>05-09-20 19:46:39:520</closed_date></polygon></object></annotation>