<annotation><filename>m2_s01_010_p_nic081.jpg</filename><folder>users/joselusava//santiago</folder><source><submittedBy>Jose Saca</submittedBy></source><imagesize><nrows>2850</nrows><ncols>4271</ncols></imagesize><object><name>m2_s01_010_p_nic081</name><deleted>0</deleted><verified>0</verified><occluded>no</occluded><attributes></attributes><parts><hasparts></hasparts><ispartof></ispartof></parts><date>22-09-20 21:36:17:618</date><id>0</id><type>bounding_box</type><polygon><username>anonymous</username><pt><x>333</x><y>494</y><time>22-09-20 21:36:14:185</time></pt><pt><x>1068</x><y>494</y><time>22-09-20 21:36:14:952</time></pt><pt><x>1068</x><y>1144</y><time>undefined</time></pt><pt><x>333</x><y>1144</y><time>undefined</time></pt><closed_date>22-09-20 21:36:14:954</closed_date></polygon></object></annotation>