<annotation><filename>m4_s02_015_p_nic009.jpg</filename><folder>users/joselusava//m4_js/15nic</folder><source><submittedBy>Jose Saca</submittedBy></source><imagesize><nrows>2910</nrows><ncols>4361</ncols></imagesize><object><name>m4_s02_015_p_nic009</name><deleted>0</deleted><verified>0</verified><occluded>no</occluded><attributes></attributes><parts><hasparts></hasparts><ispartof></ispartof></parts><date>06-10-20 19:37:37:238</date><id>0</id><type>bounding_box</type><polygon><username>anonymous</username><pt><x>870</x><y>1349</y><time>06-10-20 19:37:35:267</time></pt><pt><x>1837</x><y>1349</y><time>06-10-20 19:37:36:432</time></pt><pt><x>1837</x><y>165</y><time>undefined</time></pt><pt><x>870</x><y>165</y><time>undefined</time></pt><closed_date>06-10-20 19:37:36:432</closed_date></polygon></object></annotation>