<annotation><filename>m1_s01_017_p_nic047.jpg</filename><folder>users/joselusava//santiago</folder><source><submittedBy>Jose Saca</submittedBy></source><imagesize><nrows>3200</nrows><ncols>4800</ncols></imagesize><object><name>m1_s01_017_p_nic047</name><deleted>0</deleted><verified>0</verified><occluded>no</occluded><attributes></attributes><parts><hasparts></hasparts><ispartof></ispartof></parts><date>11-09-20 19:13:54:914</date><id>0</id><type>bounding_box</type><polygon><username>anonymous</username><pt><x>3567</x><y>760</y><time>11-09-20 19:13:46:787</time></pt><pt><x>4039</x><y>760</y><time>11-09-20 19:13:47:578</time></pt><pt><x>4039</x><y>1101</y><time>undefined</time></pt><pt><x>3567</x><y>1101</y><time>undefined</time></pt><closed_date>11-09-20 19:13:47:579</closed_date></polygon></object></annotation>