<annotation><filename>m2_s06_250_p_nic022.jpg</filename><folder>users/joselusava//m2_jsv/250</folder><source><submittedBy>Jose Saca</submittedBy></source><imagesize><nrows>2910</nrows><ncols>4361</ncols></imagesize><object><name>m2_s06_250_p_nic022</name><deleted>0</deleted><verified>0</verified><occluded>no</occluded><attributes></attributes><parts><hasparts></hasparts><ispartof></ispartof></parts><date>30-09-20 11:28:59:700</date><id>0</id><type>bounding_box</type><polygon><username>anonymous</username><pt><x>2698</x><y>1628</y><time>30-09-20 11:28:56:317</time></pt><pt><x>9</x><y>1628</y><time>30-09-20 11:28:58:498</time></pt><pt><x>9</x><y>409</y><time>undefined</time></pt><pt><x>2698</x><y>409</y><time>undefined</time></pt><closed_date>30-09-20 11:28:58:498</closed_date></polygon></object></annotation>