<annotation><filename>m1_s02_029_p_nic054.jpg</filename><folder>users/joselusava//valeria/sala2_029_nic</folder><source><submittedBy>Jose Saca</submittedBy></source><imagesize><nrows>3200</nrows><ncols>4800</ncols></imagesize><object><name>m1_s02_029_p_nic054</name><deleted>0</deleted><verified>0</verified><occluded>no</occluded><attributes></attributes><parts><hasparts></hasparts><ispartof></ispartof></parts><date>26-08-20 19:19:45:280</date><id>0</id><type>bounding_box</type><polygon><username>anonymous</username><pt><x>1831</x><y>268</y><time>26-08-20 19:19:39:624</time></pt><pt><x>3103</x><y>268</y><time>26-08-20 19:19:41:994</time></pt><pt><x>3103</x><y>1621</y><time>undefined</time></pt><pt><x>1831</x><y>1621</y><time>undefined</time></pt><closed_date>26-08-20 19:19:41:995</closed_date></polygon></object></annotation>