<annotation><filename>m2_s07_264_p_nic060.jpg</filename><folder>users/joselusava//valeria/sala7_264_nic</folder><source><submittedBy>Jose Saca</submittedBy></source><imagesize><nrows>2910</nrows><ncols>4361</ncols></imagesize><object><name>m2_s07_264_p_nic060</name><deleted>0</deleted><verified>0</verified><occluded>no</occluded><attributes></attributes><parts><hasparts></hasparts><ispartof></ispartof></parts><date>23-09-20 21:02:47:211</date><id>0</id><type>bounding_box</type><polygon><username>anonymous</username><pt><x>2601</x><y>2188</y><time>23-09-20 21:02:42:277</time></pt><pt><x>3963</x><y>2188</y><time>23-09-20 21:02:44:233</time></pt><pt><x>3963</x><y>386</y><time>undefined</time></pt><pt><x>2601</x><y>386</y><time>undefined</time></pt><closed_date>23-09-20 21:02:44:234</closed_date></polygon></object></annotation>