<annotation><filename>m2_s07_264_p_ic087.jpg</filename><folder>users/joselusava//valeria/sala7_264_ic</folder><source><submittedBy>Jose Saca</submittedBy></source><imagesize><nrows>2910</nrows><ncols>4361</ncols></imagesize><object><name>m2_s07_264_p_ic087</name><deleted>0</deleted><verified>0</verified><occluded>no</occluded><attributes></attributes><parts><hasparts></hasparts><ispartof></ispartof></parts><date>23-09-20 12:26:40:542</date><id>0</id><type>bounding_box</type><polygon><username>anonymous</username><pt><x>1609</x><y>380</y><time>23-09-20 12:26:35:600</time></pt><pt><x>3031</x><y>380</y><time>23-09-20 12:26:37:560</time></pt><pt><x>3031</x><y>2425</y><time>undefined</time></pt><pt><x>1609</x><y>2425</y><time>undefined</time></pt><closed_date>23-09-20 12:26:37:561</closed_date></polygon></object></annotation>