<annotation><filename>m4_s04_045_p_ic085.jpg</filename><folder>users/joselusava//valeria/m04_s04_45_ic</folder><source><submittedBy>Jose Saca</submittedBy></source><imagesize><nrows>2970</nrows><ncols>4451</ncols></imagesize><object><name>m4_s04_045_p_ic085</name><deleted>0</deleted><verified>0</verified><occluded>no</occluded><attributes></attributes><parts><hasparts></hasparts><ispartof></ispartof></parts><date>19-10-20 23:43:27:256</date><id>0</id><type>bounding_box</type><polygon><username>anonymous</username><pt><x>1576</x><y>2696</y><time>19-10-20 23:43:21:707</time></pt><pt><x>2827</x><y>2696</y><time>19-10-20 23:43:23:277</time></pt><pt><x>2827</x><y>217</y><time>undefined</time></pt><pt><x>1576</x><y>217</y><time>undefined</time></pt><closed_date>19-10-20 23:43:23:278</closed_date></polygon></object></annotation>