<annotation><filename>m2_s01_001_p_ic029.jpg</filename><folder>users/joselusava//santiago</folder><source><submittedBy>Jose Saca</submittedBy></source><imagesize><nrows>2850</nrows><ncols>4271</ncols></imagesize><object><name>m2_s01_001_p_ic029</name><deleted>0</deleted><verified>0</verified><occluded>no</occluded><attributes></attributes><parts><hasparts></hasparts><ispartof></ispartof></parts><date>19-09-20 08:16:20:950</date><id>0</id><type>bounding_box</type><polygon><username>anonymous</username><pt><x>680</x><y>45</y><time>19-09-20 08:16:11:450</time></pt><pt><x>3196</x><y>45</y><time>19-09-20 08:16:14:512</time></pt><pt><x>3196</x><y>2812</y><time>undefined</time></pt><pt><x>680</x><y>2812</y><time>undefined</time></pt><closed_date>19-09-20 08:16:14:513</closed_date></polygon></object></annotation>