<annotation><filename>m1_s02_029_p_ic033.jpg</filename><folder>users/joselusava//valeria/sala2_029_ic</folder><source><submittedBy>Jose Saca</submittedBy></source><imagesize><nrows>3200</nrows><ncols>4800</ncols></imagesize><object><name>m1_s02_029_p_ic033</name><deleted>0</deleted><verified>0</verified><occluded>no</occluded><attributes></attributes><parts><hasparts></hasparts><ispartof></ispartof></parts><date>22-08-20 19:01:26:003</date><id>0</id><type>bounding_box</type><polygon><username>anonymous</username><pt><x>1305</x><y>215</y><time>22-08-20 19:00:59:180</time></pt><pt><x>3426</x><y>215</y><time>22-08-20 19:01:02:842</time></pt><pt><x>3426</x><y>3039</y><time>undefined</time></pt><pt><x>1305</x><y>3039</y><time>undefined</time></pt><closed_date>22-08-20 19:01:02:843</closed_date></polygon></object></annotation>