<annotation><filename>m3_s01_002_p_nic019.jpg</filename><folder>users/joselusava//santiago_3</folder><source><submittedBy>Jose Saca</submittedBy></source><imagesize><nrows>2970</nrows><ncols>4451</ncols></imagesize><object><name>m3_s01_002_p_nic019</name><deleted>0</deleted><verified>0</verified><occluded>no</occluded><attributes></attributes><parts><hasparts></hasparts><ispartof></ispartof></parts><date>29-10-20 15:42:08:656</date><id>0</id><type>bounding_box</type><polygon><username>anonymous</username><pt><x>153</x><y>1025</y><time>29-10-20 15:42:04:332</time></pt><pt><x>2877</x><y>1025</y><time>29-10-20 15:42:06:197</time></pt><pt><x>2877</x><y>2834</y><time>undefined</time></pt><pt><x>153</x><y>2834</y><time>undefined</time></pt><closed_date>29-10-20 15:42:06:198</closed_date></polygon></object></annotation>