<annotation><filename>m1_s01_021_p_ic076.jpg</filename><folder>users/joselusava//santiago</folder><source><submittedBy>Jose Saca</submittedBy></source><imagesize><nrows>3200</nrows><ncols>4800</ncols></imagesize><object><name>m1_s01_021_p_ic076</name><deleted>0</deleted><verified>0</verified><occluded>no</occluded><attributes></attributes><parts><hasparts></hasparts><ispartof></ispartof></parts><date>14-09-20 23:56:25:407</date><id>0</id><type>bounding_box</type><polygon><username>anonymous</username><pt><x>1285</x><y>688</y><time>14-09-20 23:56:17:327</time></pt><pt><x>2750</x><y>688</y><time>14-09-20 23:56:19:389</time></pt><pt><x>2750</x><y>2340</y><time>undefined</time></pt><pt><x>1285</x><y>2340</y><time>undefined</time></pt><closed_date>14-09-20 23:56:19:390</closed_date></polygon></object></annotation>