<annotation><filename>m3_s01_018_p_ic071.jpg</filename><folder>users/joselusava//m4_js/18/ic</folder><source><submittedBy>Jose Saca</submittedBy></source><imagesize><nrows>2970</nrows><ncols>4451</ncols></imagesize><object><name>m3_s01_018_p_ic071</name><deleted>0</deleted><verified>0</verified><occluded>no</occluded><attributes></attributes><parts><hasparts></hasparts><ispartof></ispartof></parts><date>05-11-20 14:31:19:401</date><id>0</id><type>bounding_box</type><polygon><username>anonymous</username><pt><x>3567</x><y>2683</y><time>05-11-20 14:31:17:329</time></pt><pt><x>1115</x><y>2683</y><time>05-11-20 14:31:18:744</time></pt><pt><x>1115</x><y>189</y><time>undefined</time></pt><pt><x>3567</x><y>189</y><time>undefined</time></pt><closed_date>05-11-20 14:31:18:745</closed_date></polygon></object></annotation>