<annotation><filename>m1_s02_052_p_ic064.jpg</filename><folder>users/joselusava//valeria/sala2_052_ic</folder><source><submittedBy>Jose Saca</submittedBy></source><imagesize><nrows>3200</nrows><ncols>4800</ncols></imagesize><object><name>m1_s02_052_p_ic064</name><deleted>0</deleted><verified>0</verified><occluded>no</occluded><attributes></attributes><parts><hasparts></hasparts><ispartof></ispartof></parts><date>25-08-20 18:56:06:365</date><id>0</id><type>bounding_box</type><polygon><username>anonymous</username><pt><x>709</x><y>118</y><time>25-08-20 18:56:00:348</time></pt><pt><x>4311</x><y>118</y><time>25-08-20 18:56:02:188</time></pt><pt><x>4311</x><y>2883</y><time>undefined</time></pt><pt><x>709</x><y>2883</y><time>undefined</time></pt><closed_date>25-08-20 18:56:02:189</closed_date></polygon></object></annotation>