<annotation><filename>m4_s06_089_p_nic066.jpg</filename><folder>users/joselusava//santiago_2</folder><source><submittedBy>Jose Saca</submittedBy></source><imagesize><nrows>2970</nrows><ncols>4451</ncols></imagesize><object><name>m4_s06_089_p_nic066</name><deleted>0</deleted><verified>0</verified><occluded>no</occluded><attributes></attributes><parts><hasparts></hasparts><ispartof></ispartof></parts><date>12-10-20 21:57:28:583</date><id>0</id><type>bounding_box</type><polygon><username>anonymous</username><pt><x>2438</x><y>321</y><time>12-10-20 21:57:24:865</time></pt><pt><x>3448</x><y>321</y><time>12-10-20 21:57:26:627</time></pt><pt><x>3448</x><y>2088</y><time>undefined</time></pt><pt><x>2438</x><y>2088</y><time>undefined</time></pt><closed_date>12-10-20 21:57:26:629</closed_date></polygon></object></annotation>