<annotation><filename>m1_s01_021_p_nic096.jpg</filename><folder>users/joselusava//santiago</folder><source><submittedBy>Jose Saca</submittedBy></source><imagesize><nrows>3200</nrows><ncols>4800</ncols></imagesize><object><name>m1_s01_021_p_nic096</name><deleted>0</deleted><verified>0</verified><occluded>no</occluded><attributes></attributes><parts><hasparts></hasparts><ispartof></ispartof></parts><date>16-09-20 22:36:31:063</date><id>0</id><type>bounding_box</type><polygon><username>anonymous</username><pt><x>3236</x><y>1674</y><time>16-09-20 22:36:22:865</time></pt><pt><x>3985</x><y>1674</y><time>16-09-20 22:36:23:705</time></pt><pt><x>3985</x><y>2505</y><time>undefined</time></pt><pt><x>3236</x><y>2505</y><time>undefined</time></pt><closed_date>16-09-20 22:36:23:706</closed_date></polygon></object></annotation>