<annotation><filename>m2_s03_219_p_ic041.jpg</filename><folder>users/joselusava//valeria/m2_sala03_219_ic</folder><source><submittedBy>Jose Saca</submittedBy></source><imagesize><nrows>2910</nrows><ncols>4361</ncols></imagesize><object><name>m2_s03_219_p_ic041</name><deleted>0</deleted><verified>0</verified><occluded>no</occluded><attributes></attributes><parts><hasparts></hasparts><ispartof></ispartof></parts><date>29-09-20 00:21:10:541</date><id>0</id><type>bounding_box</type><polygon><username>anonymous</username><pt><x>3307</x><y>276</y><time>29-09-20 00:21:05:168</time></pt><pt><x>920</x><y>276</y><time>29-09-20 00:21:06:612</time></pt><pt><x>920</x><y>2651</y><time>undefined</time></pt><pt><x>3307</x><y>2651</y><time>undefined</time></pt><closed_date>29-09-20 00:21:06:613</closed_date></polygon></object></annotation>