<annotation><filename>m1_s02_029_p_nic089.jpg</filename><folder>users/joselusava//valeria/sala2_029_nic</folder><source><submittedBy>Jose Saca</submittedBy></source><imagesize><nrows>3200</nrows><ncols>4800</ncols></imagesize><object><name>m1_s02_029_p_nic089</name><deleted>0</deleted><verified>0</verified><occluded>no</occluded><attributes></attributes><parts><hasparts></hasparts><ispartof></ispartof></parts><date>26-08-20 21:02:37:915</date><id>0</id><type>bounding_box</type><polygon><username>anonymous</username><pt><x>1777</x><y>370</y><time>26-08-20 21:02:32:480</time></pt><pt><x>2787</x><y>370</y><time>26-08-20 21:02:34:603</time></pt><pt><x>2787</x><y>1493</y><time>undefined</time></pt><pt><x>1777</x><y>1493</y><time>undefined</time></pt><closed_date>26-08-20 21:02:34:603</closed_date></polygon></object></annotation>