<annotation><filename>m2_s01_034_p_ic057.jpg</filename><folder>users/joselusava//kath</folder><source><submittedBy>Jose Saca</submittedBy></source><imagesize><nrows>2850</nrows><ncols>4271</ncols></imagesize><object><name>m2_s01_034_p_ic057</name><deleted>0</deleted><verified>0</verified><occluded>no</occluded><attributes></attributes><parts><hasparts></hasparts><ispartof></ispartof></parts><date>25-09-20 16:22:46:499</date><id>0</id><type>bounding_box</type><polygon><username>anonymous</username><pt><x>1088</x><y>215</y><time>25-09-20 16:22:27:153</time></pt><pt><x>3022</x><y>215</y><time>25-09-20 16:22:32:704</time></pt><pt><x>3022</x><y>2750</y><time>undefined</time></pt><pt><x>1088</x><y>2750</y><time>undefined</time></pt><closed_date>25-09-20 16:22:32:705</closed_date></polygon></object></annotation>