<annotation><filename>m2_s03_219_p_nic061.jpg</filename><folder>users/joselusava//valeria/m2_sala03_219_nic</folder><source><submittedBy>Jose Saca</submittedBy></source><imagesize><nrows>2910</nrows><ncols>4361</ncols></imagesize><object><name>m2_s03_219_p_nic061</name><deleted>0</deleted><verified>0</verified><occluded>no</occluded><attributes></attributes><parts><hasparts></hasparts><ispartof></ispartof></parts><date>29-09-20 18:26:48:481</date><id>0</id><type>bounding_box</type><polygon><username>anonymous</username><pt><x>766</x><y>2794</y><time>29-09-20 18:26:27:394</time></pt><pt><x>1885</x><y>2794</y><time>29-09-20 18:26:29:225</time></pt><pt><x>1885</x><y>1163</y><time>undefined</time></pt><pt><x>766</x><y>1163</y><time>undefined</time></pt><closed_date>29-09-20 18:26:29:226</closed_date></polygon></object></annotation>