<annotation><filename>m2_s01_024_p_ic002.jpg</filename><folder>users/joselusava//santiago</folder><source><submittedBy>Jose Saca</submittedBy></source><imagesize><nrows>2850</nrows><ncols>4271</ncols></imagesize><object><name>m2_s01_024_p_ic002</name><deleted>0</deleted><verified>0</verified><occluded>no</occluded><attributes></attributes><parts><hasparts></hasparts><ispartof></ispartof></parts><date>24-09-20 01:07:20:318</date><id>0</id><type>bounding_box</type><polygon><username>anonymous</username><pt><x>1574</x><y>353</y><time>24-09-20 01:07:12:255</time></pt><pt><x>2629</x><y>353</y><time>24-09-20 01:07:14:593</time></pt><pt><x>2629</x><y>2177</y><time>undefined</time></pt><pt><x>1574</x><y>2177</y><time>undefined</time></pt><closed_date>24-09-20 01:07:14:595</closed_date></polygon></object></annotation>