<annotation><filename>m3_s01_023_p_nic055.jpg</filename><folder>users/joselusava//santiago_3</folder><source><submittedBy>Jose Saca</submittedBy></source><imagesize><nrows>2970</nrows><ncols>4451</ncols></imagesize><object><name>m3_s01_023_p_nic055</name><deleted>0</deleted><verified>0</verified><occluded>no</occluded><attributes></attributes><parts><hasparts></hasparts><ispartof></ispartof></parts><date>06-11-20 09:39:15:715</date><id>0</id><type>bounding_box</type><polygon><username>anonymous</username><pt><x>118</x><y>361</y><time>06-11-20 09:39:11:823</time></pt><pt><x>2999</x><y>361</y><time>06-11-20 09:39:13:186</time></pt><pt><x>2999</x><y>2684</y><time>undefined</time></pt><pt><x>118</x><y>2684</y><time>undefined</time></pt><closed_date>06-11-20 09:39:13:187</closed_date></polygon></object></annotation>