<annotation><filename>m4_s04_037_p_ic021.jpg</filename><folder>users/joselusava//santiago_2</folder><source><submittedBy>Jose Saca</submittedBy></source><imagesize><nrows>2970</nrows><ncols>4451</ncols></imagesize><object><name>m4_s04_037_p_ic021</name><deleted>0</deleted><verified>0</verified><occluded>no</occluded><attributes></attributes><parts><hasparts></hasparts><ispartof></ispartof></parts><date>17-10-20 21:34:59:517</date><id>0</id><type>bounding_box</type><polygon><username>anonymous</username><pt><x>1621</x><y>332</y><time>17-10-20 21:34:55:552</time></pt><pt><x>3095</x><y>332</y><time>17-10-20 21:34:57:314</time></pt><pt><x>3095</x><y>2745</y><time>undefined</time></pt><pt><x>1621</x><y>2745</y><time>undefined</time></pt><closed_date>17-10-20 21:34:57:316</closed_date></polygon></object></annotation>