<annotation><filename>m4_s05_060_p_ic001.jpg</filename><folder>users/joselusava//m4_js/60/ic</folder><source><submittedBy>Jose Saca</submittedBy></source><imagesize><nrows>2910</nrows><ncols>4361</ncols></imagesize><object><name>m4_s05_060_p_ic001</name><deleted>0</deleted><verified>0</verified><occluded>no</occluded><attributes></attributes><parts><hasparts></hasparts><ispartof></ispartof></parts><date>13-10-20 14:00:00:142</date><id>0</id><type>bounding_box</type><polygon><username>anonymous</username><pt><x>4013</x><y>2254</y><time>13-10-20 13:59:56:895</time></pt><pt><x>418</x><y>2254</y><time>13-10-20 13:59:58:273</time></pt><pt><x>418</x><y>409</y><time>undefined</time></pt><pt><x>4013</x><y>409</y><time>undefined</time></pt><closed_date>13-10-20 13:59:58:274</closed_date></polygon></object></annotation>