<annotation><filename>m2_s03_252_p_ic054.jpg</filename><folder>users/joselusava//valeria/m2_sala03_252_ic</folder><source><submittedBy>Jose Saca</submittedBy></source><imagesize><nrows>2910</nrows><ncols>4361</ncols></imagesize><object><name>m2_s06_252_p_ic052</name><deleted>0</deleted><verified>0</verified><occluded>no</occluded><attributes/><parts><hasparts/><ispartof/></parts><date>25-09-20 23:04:25:350</date><id>0</id><type>bounding_box</type><polygon><username>anonymous</username><pt><x>766</x><y>546</y><time>25-09-20 23:04:19:696</time></pt><pt><x>3632</x><y>546</y><time>25-09-20 23:04:21:698</time></pt><pt><x>3632</x><y>2397</y><time>undefined</time></pt><pt><x>766</x><y>2397</y><time>undefined</time></pt><closed_date>25-09-20 23:04:21:699</closed_date></polygon></object><object><name>m2_s06_252_p_ic054</name><deleted>0</deleted><verified>0</verified><occluded>no</occluded><attributes></attributes><parts><hasparts></hasparts><ispartof></ispartof></parts><date>27-09-20 00:35:44:342</date><id>1</id><type>bounding_box</type><polygon><username>anonymous</username><pt><x>744</x><y>502</y><time>27-09-20 00:35:37:934</time></pt><pt><x>3649</x><y>502</y><time>27-09-20 00:35:40:915</time></pt><pt><x>3649</x><y>2386</y><time>undefined</time></pt><pt><x>744</x><y>2386</y><time>undefined</time></pt><closed_date>27-09-20 00:35:40:916</closed_date></polygon></object></annotation>