<annotation><filename>m3_s01_013_p_ic021.jpg</filename><folder>users/joselusava//valeria/m03_s01_13_ic</folder><source><submittedBy>Jose Saca</submittedBy></source><imagesize><nrows>2970</nrows><ncols>4451</ncols></imagesize><object><name>m3_s01_013_p_ic020</name><deleted>0</deleted><verified>0</verified><occluded>no</occluded><attributes></attributes><parts><hasparts></hasparts><ispartof></ispartof></parts><date>28-10-20 22:33:02:015</date><id>1</id><type>bounding_box</type><polygon><username>anonymous</username><pt><x>3855</x><y>2901</y><time>28-10-20 22:32:55:770</time></pt><pt><x>383</x><y>2901</y><time>28-10-20 22:32:58:256</time></pt><pt><x>383</x><y>166</y><time>undefined</time></pt><pt><x>3855</x><y>166</y><time>undefined</time></pt><closed_date>28-10-20 22:32:58:257</closed_date></polygon></object></annotation>