<annotation><filename>m4_s02_015_p_nic030.jpg</filename><folder>users/joselusava//m4_js/15nic</folder><source><submittedBy>Jose Saca</submittedBy></source><imagesize><nrows>2910</nrows><ncols>4361</ncols></imagesize><object><name>m4_s02_015_p_nic030</name><deleted>0</deleted><verified>0</verified><occluded>no</occluded><attributes></attributes><parts><hasparts></hasparts><ispartof></ispartof></parts><date>06-10-20 19:45:26:484</date><id>0</id><type>bounding_box</type><polygon><username>anonymous</username><pt><x>1010</x><y>2803</y><time>06-10-20 19:45:24:574</time></pt><pt><x>2394</x><y>2803</y><time>06-10-20 19:45:25:774</time></pt><pt><x>2394</x><y>1384</y><time>undefined</time></pt><pt><x>1010</x><y>1384</y><time>undefined</time></pt><closed_date>06-10-20 19:45:25:774</closed_date></polygon></object></annotation>