<annotation><filename>m2_s03_248_p_nic021.jpg</filename><folder>users/joselusava//museos2020</folder><source><submittedBy>Jose Saca</submittedBy></source><imagesize><nrows>2910</nrows><ncols>4361</ncols></imagesize><object><name>m2_s03_248_p_nic021</name><deleted>0</deleted><verified>0</verified><occluded>no</occluded><attributes></attributes><parts><hasparts></hasparts><ispartof></ispartof></parts><date>27-09-20 16:45:55:202</date><id>0</id><polygon><username>anonymous</username><pt><x>126</x><y>1455</y><time>27-09-20 16:44:40:118</time></pt><pt><x>2064</x><y>1436</y><time>27-09-20 16:44:41:697</time></pt><pt><x>2250</x><y>1673</y><time>27-09-20 16:44:42:584</time></pt><pt><x>883</x><y>2310</y><time>27-09-20 16:44:43:987</time></pt><closed_date>27-09-20 16:44:45:124</closed_date></polygon></object></annotation>