<annotation><filename>m2_s07_264_p_nic041.jpg</filename><folder>users/joselusava//valeria/sala7_264_nic</folder><source><submittedBy>Jose Saca</submittedBy></source><imagesize><nrows>2910</nrows><ncols>4361</ncols></imagesize><object><name>m2_s07_264_p_nic041</name><deleted>0</deleted><verified>0</verified><occluded>no</occluded><attributes></attributes><parts><hasparts></hasparts><ispartof></ispartof></parts><date>23-09-20 20:26:21:814</date><id>0</id><type>bounding_box</type><polygon><username>anonymous</username><pt><x>518</x><y>2789</y><time>23-09-20 20:26:15:801</time></pt><pt><x>1775</x><y>2789</y><time>23-09-20 20:26:18:794</time></pt><pt><x>1775</x><y>1014</y><time>undefined</time></pt><pt><x>518</x><y>1014</y><time>undefined</time></pt><closed_date>23-09-20 20:26:18:795</closed_date></polygon></object></annotation>