<annotation><filename>m2_s03_248_p_nic054.jpg</filename><folder>users/joselusava//museos2020</folder><source><submittedBy>Jose Saca</submittedBy></source><imagesize><nrows>2910</nrows><ncols>4361</ncols></imagesize><object><name>m2_s03_248_p_nic054</name><deleted>0</deleted><verified>0</verified><occluded>no</occluded><attributes></attributes><parts><hasparts></hasparts><ispartof></ispartof></parts><date>27-09-20 17:19:09:312</date><id>0</id><polygon><username>anonymous</username><pt><x>386</x><y>1167</y><time>27-09-20 17:19:00:360</time></pt><pt><x>2450</x><y>1162</y><time>27-09-20 17:19:01:342</time></pt><pt><x>1915</x><y>1845</y><time>27-09-20 17:19:02:187</time></pt><pt><x>181</x><y>1413</y><time>27-09-20 17:19:03:429</time></pt><closed_date>27-09-20 17:19:04:236</closed_date></polygon></object></annotation>