<annotation><filename>m2_s01_018_p_ic094.jpg</filename><folder>users/joselusava//santiago_2</folder><source><submittedBy>Jose Saca</submittedBy></source><imagesize><nrows>2850</nrows><ncols>4271</ncols></imagesize><object><name>m2_s01_018_p_ic094</name><deleted>0</deleted><verified>0</verified><occluded>no</occluded><attributes></attributes><parts><hasparts></hasparts><ispartof></ispartof></parts><date>28-09-20 18:49:17:088</date><id>0</id><type>bounding_box</type><polygon><username>anonymous</username><pt><x>1619</x><y>744</y><time>28-09-20 18:49:09:082</time></pt><pt><x>2513</x><y>744</y><time>28-09-20 18:49:10:998</time></pt><pt><x>2513</x><y>1991</y><time>undefined</time></pt><pt><x>1619</x><y>1991</y><time>undefined</time></pt><closed_date>28-09-20 18:49:10:998</closed_date></polygon></object></annotation>