<annotation><filename>m4_s05_052_p_nic055.jpg</filename><folder>users/joselusava//santiago_2</folder><source><submittedBy>Jose Saca</submittedBy></source><imagesize><nrows>2910</nrows><ncols>4361</ncols></imagesize><object><name>m4_s05_052_p_nic055</name><deleted>0</deleted><verified>0</verified><occluded>no</occluded><attributes></attributes><parts><hasparts></hasparts><ispartof></ispartof></parts><date>08-10-20 21:36:17:549</date><id>0</id><type>bounding_box</type><polygon><username>anonymous</username><pt><x>811</x><y>402</y><time>08-10-20 21:36:13:974</time></pt><pt><x>2034</x><y>402</y><time>08-10-20 21:36:15:172</time></pt><pt><x>2034</x><y>1867</y><time>undefined</time></pt><pt><x>811</x><y>1867</y><time>undefined</time></pt><closed_date>08-10-20 21:36:15:173</closed_date></polygon></object></annotation>