<annotation><filename>m4_s04_037_p_ic059.jpg</filename><folder>users/joselusava//santiago_2</folder><source><submittedBy>Jose Saca</submittedBy></source><imagesize><nrows>2970</nrows><ncols>4451</ncols></imagesize><object><name>m4_s04_037_p_ic059</name><deleted>0</deleted><verified>0</verified><occluded>no</occluded><attributes></attributes><parts><hasparts></hasparts><ispartof></ispartof></parts><date>18-10-20 17:51:16:892</date><id>0</id><type>bounding_box</type><polygon><username>anonymous</username><pt><x>1813</x><y>550</y><time>18-10-20 17:51:13:313</time></pt><pt><x>3088</x><y>550</y><time>18-10-20 17:51:14:327</time></pt><pt><x>3088</x><y>2360</y><time>undefined</time></pt><pt><x>1813</x><y>2360</y><time>undefined</time></pt><closed_date>18-10-20 17:51:14:328</closed_date></polygon></object></annotation>