<annotation><filename>m3_s01_010_p_nic006.jpg</filename><folder>users/joselusava//m4_js/m3/10/nic</folder><source><submittedBy>Jose Saca</submittedBy></source><imagesize><nrows>2970</nrows><ncols>4451</ncols></imagesize><object><name>m3_s01_010_p_nic006</name><deleted>0</deleted><verified>0</verified><occluded>no</occluded><attributes></attributes><parts><hasparts></hasparts><ispartof></ispartof></parts><date>29-10-20 13:33:23:017</date><id>0</id><type>bounding_box</type><polygon><username>anonymous</username><pt><x>4451</x><y>2375</y><time>29-10-20 13:33:20:557</time></pt><pt><x>1182</x><y>2375</y><time>29-10-20 13:33:22:216</time></pt><pt><x>1182</x><y>32</y><time>undefined</time></pt><pt><x>4451</x><y>32</y><time>undefined</time></pt><closed_date>29-10-20 13:33:22:216</closed_date></polygon></object></annotation>