<annotation><filename>m1_s06_144_p_nic032.jpg</filename><folder>users/joselusava//jacob_2/144nic</folder><source><submittedBy>Jose Saca</submittedBy></source><imagesize><nrows>2736</nrows><ncols>4100</ncols></imagesize><object><name>m1_s06_144_p_nic032</name><deleted>0</deleted><verified>0</verified><occluded>no</occluded><attributes></attributes><parts><hasparts></hasparts><ispartof></ispartof></parts><date>08-09-20 02:06:17:591</date><id>0</id><type>bounding_box</type><polygon><username>anonymous</username><pt><x>246</x><y>2005</y><time>08-09-20 02:06:12:226</time></pt><pt><x>1719</x><y>2005</y><time>08-09-20 02:06:16:363</time></pt><pt><x>1719</x><y>278</y><time>undefined</time></pt><pt><x>246</x><y>278</y><time>undefined</time></pt><closed_date>08-09-20 02:06:16:364</closed_date></polygon></object></annotation>