<annotation><filename>m4_s12_186_p_ic100.jpg</filename><folder>users/joselusava//m4_js/186/ic</folder><source><submittedBy>Jose Saca</submittedBy></source><imagesize><nrows>3899</nrows><ncols>5844</ncols></imagesize><object><name>m4_s12_186_p_ic100</name><deleted>0</deleted><verified>0</verified><occluded>no</occluded><attributes></attributes><parts><hasparts></hasparts><ispartof></ispartof></parts><date>18-10-20 11:17:36:430</date><id>0</id><type>bounding_box</type><polygon><username>anonymous</username><pt><x>3511</x><y>3639</y><time>18-10-20 11:17:33:876</time></pt><pt><x>1715</x><y>3639</y><time>18-10-20 11:17:35:740</time></pt><pt><x>1715</x><y>595</y><time>undefined</time></pt><pt><x>3511</x><y>595</y><time>undefined</time></pt><closed_date>18-10-20 11:17:35:740</closed_date></polygon></object></annotation>