<annotation><filename>m2_s01_010_p_ic040.jpg</filename><folder>users/joselusava//santiago</folder><source><submittedBy>Jose Saca</submittedBy></source><imagesize><nrows>2850</nrows><ncols>4271</ncols></imagesize><object><name>m2_s01_010_p_ic040</name><deleted>0</deleted><verified>0</verified><occluded>no</occluded><attributes></attributes><parts><hasparts></hasparts><ispartof></ispartof></parts><date>21-09-20 15:45:29:217</date><id>0</id><type>bounding_box</type><polygon><username>anonymous</username><pt><x>1138</x><y>436</y><time>21-09-20 15:45:16:799</time></pt><pt><x>3219</x><y>436</y><time>21-09-20 15:45:19:409</time></pt><pt><x>3219</x><y>2629</y><time>undefined</time></pt><pt><x>1138</x><y>2629</y><time>undefined</time></pt><closed_date>21-09-20 15:45:19:410</closed_date></polygon></object></annotation>