<annotation><filename>m1_s06_144_p_nic001.jpg</filename><folder>users/joselusava//jacob_2/144nic</folder><source><submittedBy>Jose Saca</submittedBy></source><imagesize><nrows>2736</nrows><ncols>4100</ncols></imagesize><object><name>m1_s06_144_p_nic001</name><deleted>0</deleted><verified>0</verified><occluded>no</occluded><attributes></attributes><parts><hasparts></hasparts><ispartof></ispartof></parts><date>08-09-20 01:48:58:421</date><id>0</id><type>bounding_box</type><polygon><username>anonymous</username><pt><x>3789</x><y>2488</y><time>08-09-20 01:48:53:243</time></pt><pt><x>2013</x><y>2488</y><time>08-09-20 01:48:55:499</time></pt><pt><x>2013</x><y>1064</y><time>undefined</time></pt><pt><x>3789</x><y>1064</y><time>undefined</time></pt><closed_date>08-09-20 01:48:55:499</closed_date></polygon></object></annotation>