<annotation><filename>m1_s06_168_p_nic024.jpg</filename><folder>users/joselusava//jacob_2/168nic</folder><source><submittedBy>Jose Saca</submittedBy></source><imagesize><nrows>2736</nrows><ncols>4100</ncols></imagesize><object><name>m1_s06_168_p_nic024</name><deleted>0</deleted><verified>0</verified><occluded>no</occluded><attributes></attributes><parts><hasparts></hasparts><ispartof></ispartof></parts><date>08-09-20 23:07:28:658</date><id>0</id><type>bounding_box</type><polygon><username>anonymous</username><pt><x>2733</x><y>827</y><time>08-09-20 23:07:25:935</time></pt><pt><x>3748</x><y>827</y><time>08-09-20 23:07:28:085</time></pt><pt><x>3748</x><y>2414</y><time>undefined</time></pt><pt><x>2733</x><y>2414</y><time>undefined</time></pt><closed_date>08-09-20 23:07:28:085</closed_date></polygon></object></annotation>