<annotation><filename>m4_s02_011_x.jpg</filename><folder>users/joselusava//kath/m4_x</folder><source><submittedBy>Jose Saca</submittedBy></source><imagesize><nrows>2910</nrows><ncols>4361</ncols></imagesize><object><name>m4_s2_011_x</name><deleted>0</deleted><verified>0</verified><occluded>no</occluded><attributes></attributes><parts><hasparts></hasparts><ispartof></ispartof></parts><date>20-10-20 06:41:04:793</date><id>0</id><polygon><username>anonymous</username><pt><x>1022</x><y>245</y><time>20-10-20 06:40:55:210</time></pt><pt><x>1045</x><y>2585</y><time>20-10-20 06:40:56:011</time></pt><pt><x>2948</x><y>2571</y><time>20-10-20 06:40:56:729</time></pt><pt><x>2976</x><y>268</y><time>20-10-20 06:40:57:979</time></pt><closed_date>20-10-20 06:41:02:311</closed_date></polygon></object></annotation>