<annotation><filename>m1_s01_004_p_ic067.jpg</filename><folder>users/joselusava//valeria_apoyo/sala001_004ic_ok</folder><source><submittedBy>Jose Saca</submittedBy></source><imagesize><nrows>2000</nrows><ncols>2992</ncols></imagesize><object><name>m1_s01_004_p_ic067</name><deleted>0</deleted><verified>0</verified><occluded>no</occluded><attributes></attributes><parts><hasparts></hasparts><ispartof></ispartof></parts><date>16-09-20 01:00:11:453</date><id>0</id><type>bounding_box</type><polygon><username>anonymous</username><pt><x>2538</x><y>1462</y><time>16-09-20 00:59:58:511</time></pt><pt><x>330</x><y>1462</y><time>16-09-20 01:00:03:016</time></pt><pt><x>330</x><y>492</y><time>undefined</time></pt><pt><x>2538</x><y>492</y><time>undefined</time></pt><closed_date>16-09-20 01:00:03:018</closed_date></polygon></object></annotation>