<annotation><filename>m4_s03_025_p_nic040.jpg</filename><folder>users/joselusava//santiago_3</folder><source><submittedBy>Jose Saca</submittedBy></source><imagesize><nrows>2910</nrows><ncols>4361</ncols></imagesize><object><name>m4_s03_025_p_nic040</name><deleted>0</deleted><verified>0</verified><occluded>no</occluded><attributes></attributes><parts><hasparts></hasparts><ispartof></ispartof></parts><date>07-11-20 23:54:33:104</date><id>0</id><type>bounding_box</type><polygon><username>anonymous</username><pt><x>1084</x><y>493</y><time>07-11-20 23:54:26:414</time></pt><pt><x>3669</x><y>493</y><time>07-11-20 23:54:27:433</time></pt><pt><x>3669</x><y>1812</y><time>undefined</time></pt><pt><x>1084</x><y>1812</y><time>undefined</time></pt><closed_date>07-11-20 23:54:27:434</closed_date></polygon></object></annotation>