<annotation><filename>m2_s02_121_x.jpg</filename><folder>users/joselusava//m2_jsv</folder><source><submittedBy>Jose Saca</submittedBy></source><imagesize><nrows>2910</nrows><ncols>4361</ncols></imagesize><object><name>m2_s02_121_x</name><deleted>0</deleted><verified>0</verified><occluded>no</occluded><attributes></attributes><parts><hasparts></hasparts><ispartof></ispartof></parts><date>19-09-20 23:28:09:273</date><id>0</id><type>bounding_box</type><polygon><username>anonymous</username><pt><x>3099</x><y>2167</y><time>19-09-20 23:28:07:420</time></pt><pt><x>1114</x><y>2167</y><time>19-09-20 23:28:08:394</time></pt><pt><x>1114</x><y>531</y><time>undefined</time></pt><pt><x>3099</x><y>531</y><time>undefined</time></pt><closed_date>19-09-20 23:28:08:394</closed_date></polygon></object></annotation>