<annotation><filename>m4_s04_039_p_nic065.jpg</filename><folder>users/joselusava//santiago_2</folder><source><submittedBy>Jose Saca</submittedBy></source><imagesize><nrows>2970</nrows><ncols>4451</ncols></imagesize><object><name>m4_s04_039_p_nic065</name><deleted>0</deleted><verified>0</verified><occluded>no</occluded><attributes></attributes><parts><hasparts></hasparts><ispartof></ispartof></parts><date>21-10-20 21:52:13:035</date><id>0</id><type>bounding_box</type><polygon><username>anonymous</username><pt><x>428</x><y>203</y><time>21-10-20 21:52:09:057</time></pt><pt><x>1149</x><y>203</y><time>21-10-20 21:52:10:704</time></pt><pt><x>1149</x><y>2460</y><time>undefined</time></pt><pt><x>428</x><y>2460</y><time>undefined</time></pt><closed_date>21-10-20 21:52:10:704</closed_date></polygon></object></annotation>