<annotation><filename>m1_s06_186_p_ic035.jpg</filename><folder>users/joselusava//jacob_2/186ic</folder><source><submittedBy>Jose Saca</submittedBy></source><imagesize><nrows>2736</nrows><ncols>4100</ncols></imagesize><object><name>s06_186_p_ic035</name><deleted>0</deleted><verified>0</verified><occluded>no</occluded><attributes></attributes><parts><hasparts></hasparts><ispartof></ispartof></parts><date>09-09-20 11:29:48:400</date><id>0</id><type>bounding_box</type><polygon><username>anonymous</username><pt><x>1653</x><y>2365</y><time>09-09-20 11:29:45:153</time></pt><pt><x>2480</x><y>2365</y><time>09-09-20 11:29:47:663</time></pt><pt><x>2480</x><y>33</y><time>undefined</time></pt><pt><x>1653</x><y>33</y><time>undefined</time></pt><closed_date>09-09-20 11:29:47:663</closed_date></polygon></object></annotation>