<annotation><filename>m2_s05_236_p_ic014.jpg</filename><folder>users/joselusava//museos2020</folder><source><submittedBy>Jose Saca</submittedBy></source><imagesize><nrows>2910</nrows><ncols>4361</ncols></imagesize><object><name>m2_s05_236_p_ic014</name><deleted>0</deleted><verified>0</verified><occluded>no</occluded><attributes></attributes><parts><hasparts></hasparts><ispartof></ispartof></parts><date>16-09-20 18:00:07:069</date><id>0</id><type>bounding_box</type><polygon><username>anonymous</username><pt><x>102</x><y>98</y><time>16-09-20 17:59:55:490</time></pt><pt><x>4216</x><y>98</y><time>16-09-20 17:59:57:770</time></pt><pt><x>4216</x><y>2719</y><time>undefined</time></pt><pt><x>102</x><y>2719</y><time>undefined</time></pt><closed_date>16-09-20 17:59:57:771</closed_date></polygon></object></annotation>