<annotation><filename>m1_s06_186_p_ic045.jpg</filename><folder>users/joselusava//jacob_2/186ic</folder><source><submittedBy>Jose Saca</submittedBy></source><imagesize><nrows>2736</nrows><ncols>4100</ncols></imagesize><object><name>s06_186_p_ic045</name><deleted>0</deleted><verified>0</verified><occluded>no</occluded><attributes></attributes><parts><hasparts></hasparts><ispartof></ispartof></parts><date>09-09-20 11:33:35:416</date><id>0</id><type>bounding_box</type><polygon><username>anonymous</username><pt><x>900</x><y>2414</y><time>09-09-20 11:33:32:933</time></pt><pt><x>2709</x><y>2414</y><time>09-09-20 11:33:34:563</time></pt><pt><x>2709</x><y>49</y><time>undefined</time></pt><pt><x>900</x><y>49</y><time>undefined</time></pt><closed_date>09-09-20 11:33:34:564</closed_date></polygon></object></annotation>