<annotation><filename>m3_s01_010_p_nic077.jpg</filename><folder>users/joselusava//m4_js/m3/10/nic</folder><source><submittedBy>Jose Saca</submittedBy></source><imagesize><nrows>2970</nrows><ncols>4451</ncols></imagesize><object><name>m3_s01_010_p_nic077</name><deleted>0</deleted><verified>0</verified><occluded>no</occluded><attributes></attributes><parts><hasparts></hasparts><ispartof></ispartof></parts><date>29-10-20 14:41:01:403</date><id>0</id><type>bounding_box</type><polygon><username>anonymous</username><pt><x>0</x><y>145</y><time>29-10-20 14:40:59:399</time></pt><pt><x>2132</x><y>145</y><time>29-10-20 14:41:00:759</time></pt><pt><x>2132</x><y>2598</y><time>undefined</time></pt><pt><x>0</x><y>2598</y><time>undefined</time></pt><closed_date>29-10-20 14:41:00:759</closed_date></polygon></object></annotation>