<annotation><filename>m2_s01_063_x.jpg</filename><folder>users/joselusava//juancarlos</folder><source><submittedBy>Jose Saca</submittedBy></source><imagesize><nrows>2850</nrows><ncols>4271</ncols></imagesize><object><name>m2_s01_063_x</name><deleted>0</deleted><verified>0</verified><occluded>no</occluded><attributes></attributes><parts><hasparts></hasparts><ispartof></ispartof></parts><date>28-09-20 10:42:46:480</date><id>0</id><type>bounding_box</type><polygon><username>anonymous</username><pt><x>1234</x><y>282</y><time>28-09-20 10:42:34:591</time></pt><pt><x>3141</x><y>282</y><time>28-09-20 10:42:38:357</time></pt><pt><x>3141</x><y>2504</y><time>undefined</time></pt><pt><x>1234</x><y>2504</y><time>undefined</time></pt><closed_date>28-09-20 10:42:38:358</closed_date></polygon></object></annotation>