<annotation><filename>m4_s12_186_p_ic021.jpg</filename><folder>users/joselusava//m4_js/186/ic</folder><source><submittedBy>Jose Saca</submittedBy></source><imagesize><nrows>3899</nrows><ncols>5844</ncols></imagesize><object><name>m4_s12_186_p_ic020</name><deleted>0</deleted><verified>0</verified><occluded>no</occluded><attributes></attributes><parts><hasparts></hasparts><ispartof></ispartof></parts><date>18-10-20 10:16:57:371</date><id>0</id><type>bounding_box</type><polygon><username>anonymous</username><pt><x>1843</x><y>420</y><time>18-10-20 10:16:55:662</time></pt><pt><x>3919</x><y>420</y><time>18-10-20 10:16:56:865</time></pt><pt><x>3919</x><y>3616</y><time>undefined</time></pt><pt><x>1843</x><y>3616</y><time>undefined</time></pt><closed_date>18-10-20 10:16:56:865</closed_date></polygon></object></annotation>