<annotation><filename>m1_s02_036_p_nic063.jpg</filename><folder>users/joselusava//valeria/sala2_036_nic</folder><source><submittedBy>Jose Saca</submittedBy></source><imagesize><nrows>3200</nrows><ncols>4800</ncols></imagesize><object><name>m1_s02_036_p_nic063</name><deleted>0</deleted><verified>0</verified><occluded>no</occluded><attributes></attributes><parts><hasparts></hasparts><ispartof></ispartof></parts><date>27-08-20 01:05:09:630</date><id>0</id><type>bounding_box</type><polygon><username>anonymous</username><pt><x>4467</x><y>2647</y><time>27-08-20 01:04:58:874</time></pt><pt><x>2260</x><y>2647</y><time>27-08-20 01:05:04:194</time></pt><pt><x>2260</x><y>247</y><time>undefined</time></pt><pt><x>4467</x><y>247</y><time>undefined</time></pt><closed_date>27-08-20 01:05:04:195</closed_date></polygon></object></annotation>