<annotation><filename>m4_s02_015_p_nic059.jpg</filename><folder>users/joselusava//m4_js/15nic</folder><source><submittedBy>Jose Saca</submittedBy></source><imagesize><nrows>2910</nrows><ncols>4361</ncols></imagesize><object><name>m4_s02_015_p_nic055</name><deleted>1</deleted><verified>0</verified><occluded>no</occluded><attributes></attributes><parts><hasparts></hasparts><ispartof></ispartof></parts><date>06-10-20 20:04:55:403</date><id>0</id><type>bounding_box</type><polygon><username>anonymous</username><pt><x>1689</x><y>1454</y><time>06-10-20 20:04:52:683</time></pt><pt><x>3151</x><y>1454</y><time>06-10-20 20:04:54:410</time></pt><pt><x>3151</x><y>2846</y><time>undefined</time></pt><pt><x>1689</x><y>2846</y><time>undefined</time></pt><closed_date>06-10-20 20:04:54:411</closed_date></polygon></object><object><name>m4_s02_015_p_nic059</name><deleted>0</deleted><verified>0</verified><occluded>no</occluded><attributes></attributes><parts><hasparts></hasparts><ispartof></ispartof></parts><date>06-10-20 20:05:19:299</date><id>1</id><type>bounding_box</type><polygon><username>anonymous</username><pt><x>1793</x><y>2820</y><time>06-10-20 20:05:17:001</time></pt><pt><x>3038</x><y>2820</y><time>06-10-20 20:05:18:511</time></pt><pt><x>3038</x><y>1393</y><time>undefined</time></pt><pt><x>1793</x><y>1393</y><time>undefined</time></pt><closed_date>06-10-20 20:05:18:511</closed_date></polygon></object></annotation>