<annotation><filename>m3_s01_023_p_ic012.jpg</filename><folder>users/joselusava//santiago_3</folder><source><submittedBy>Jose Saca</submittedBy></source><imagesize><nrows>2970</nrows><ncols>4451</ncols></imagesize><object><name>m3_s01_023_p_ic012</name><deleted>0</deleted><verified>0</verified><occluded>no</occluded><attributes></attributes><parts><hasparts></hasparts><ispartof></ispartof></parts><date>04-11-20 18:45:10:488</date><id>0</id><type>bounding_box</type><polygon><username>anonymous</username><pt><x>471</x><y>164</y><time>04-11-20 18:45:06:488</time></pt><pt><x>3755</x><y>164</y><time>04-11-20 18:45:08:143</time></pt><pt><x>3755</x><y>2588</y><time>undefined</time></pt><pt><x>471</x><y>2588</y><time>undefined</time></pt><closed_date>04-11-20 18:45:08:144</closed_date></polygon></object></annotation>