<annotation><filename>m4_s05_052_p_nic064.jpg</filename><folder>users/joselusava//santiago_2</folder><source><submittedBy>Jose Saca</submittedBy></source><imagesize><nrows>2910</nrows><ncols>4361</ncols></imagesize><object><name>m4_s05_052_p_nic064</name><deleted>0</deleted><verified>0</verified><occluded>no</occluded><attributes></attributes><parts><hasparts></hasparts><ispartof></ispartof></parts><date>08-10-20 22:06:49:559</date><id>0</id><type>bounding_box</type><polygon><username>anonymous</username><pt><x>319</x><y>1268</y><time>08-10-20 22:06:44:959</time></pt><pt><x>1486</x><y>1268</y><time>08-10-20 22:06:46:400</time></pt><pt><x>1486</x><y>2692</y><time>undefined</time></pt><pt><x>319</x><y>2692</y><time>undefined</time></pt><closed_date>08-10-20 22:06:46:400</closed_date></polygon></object></annotation>