<annotation><filename>m2_s01_024_p_nic099.jpg</filename><folder>users/joselusava//santiago</folder><source><submittedBy>Jose Saca</submittedBy></source><imagesize><nrows>2850</nrows><ncols>4271</ncols></imagesize><object><name>m2_s01_024_p_nic099</name><deleted>0</deleted><verified>0</verified><occluded>no</occluded><attributes></attributes><parts><hasparts></hasparts><ispartof></ispartof></parts><date>25-09-20 16:03:12:631</date><id>0</id><type>bounding_box</type><polygon><username>anonymous</username><pt><x>3001</x><y>346</y><time>25-09-20 16:03:09:201</time></pt><pt><x>3565</x><y>346</y><time>25-09-20 16:03:10:203</time></pt><pt><x>3565</x><y>1471</y><time>undefined</time></pt><pt><x>3001</x><y>1471</y><time>undefined</time></pt><closed_date>25-09-20 16:03:10:203</closed_date></polygon></object></annotation>