<annotation><filename>m3_s01_023_p_nic077.jpg</filename><folder>users/joselusava//santiago_3</folder><source><submittedBy>Jose Saca</submittedBy></source><imagesize><nrows>2970</nrows><ncols>4451</ncols></imagesize><object><name>m3_s01_023_p_nic077</name><deleted>0</deleted><verified>0</verified><occluded>no</occluded><attributes></attributes><parts><hasparts></hasparts><ispartof></ispartof></parts><date>06-11-20 11:27:59:307</date><id>0</id><type>bounding_box</type><polygon><username>anonymous</username><pt><x>1207</x><y>286</y><time>06-11-20 11:27:56:043</time></pt><pt><x>2759</x><y>286</y><time>06-11-20 11:27:57:051</time></pt><pt><x>2759</x><y>1978</y><time>undefined</time></pt><pt><x>1207</x><y>1978</y><time>undefined</time></pt><closed_date>06-11-20 11:27:57:053</closed_date></polygon></object></annotation>