<annotation><filename>m3_s01_023_p_nic047.jpg</filename><folder>users/joselusava//santiago_3</folder><source><submittedBy>Jose Saca</submittedBy></source><imagesize><nrows>2970</nrows><ncols>4451</ncols></imagesize><object><name>m3_s01_023_p_nic047</name><deleted>0</deleted><verified>0</verified><occluded>no</occluded><attributes></attributes><parts><hasparts></hasparts><ispartof></ispartof></parts><date>06-11-20 09:33:50:796</date><id>0</id><type>bounding_box</type><polygon><username>anonymous</username><pt><x>625</x><y>436</y><time>06-11-20 09:33:46:644</time></pt><pt><x>2427</x><y>436</y><time>06-11-20 09:33:48:594</time></pt><pt><x>2427</x><y>2406</y><time>undefined</time></pt><pt><x>625</x><y>2406</y><time>undefined</time></pt><closed_date>06-11-20 09:33:48:596</closed_date></polygon></object></annotation>