<annotation><filename>m2_s01_024_p_nic055.jpg</filename><folder>users/joselusava//santiago</folder><source><submittedBy>Jose Saca</submittedBy></source><imagesize><nrows>2850</nrows><ncols>4271</ncols></imagesize><object><name>m2_s01_024_p_nic055</name><deleted>0</deleted><verified>0</verified><occluded>no</occluded><attributes></attributes><parts><hasparts></hasparts><ispartof></ispartof></parts><date>25-09-20 15:02:15:575</date><id>0</id><type>bounding_box</type><polygon><username>anonymous</username><pt><x>587</x><y>542</y><time>25-09-20 15:02:09:432</time></pt><pt><x>1330</x><y>542</y><time>25-09-20 15:02:10:322</time></pt><pt><x>1330</x><y>1843</y><time>undefined</time></pt><pt><x>587</x><y>1843</y><time>undefined</time></pt><closed_date>25-09-20 15:02:10:323</closed_date></polygon></object></annotation>