<annotation><filename>m2_s01_010_p_ic069.jpg</filename><folder>users/joselusava//santiago</folder><source><submittedBy>Jose Saca</submittedBy></source><imagesize><nrows>2850</nrows><ncols>4271</ncols></imagesize><object><name>m2_s01_010_p_ic069</name><deleted>0</deleted><verified>0</verified><occluded>no</occluded><attributes></attributes><parts><hasparts></hasparts><ispartof></ispartof></parts><date>21-09-20 23:15:19:901</date><id>0</id><type>bounding_box</type><polygon><username>anonymous</username><pt><x>1106</x><y>481</y><time>21-09-20 23:15:10:746</time></pt><pt><x>3244</x><y>481</y><time>21-09-20 23:15:13:273</time></pt><pt><x>3244</x><y>2427</y><time>undefined</time></pt><pt><x>1106</x><y>2427</y><time>undefined</time></pt><closed_date>21-09-20 23:15:13:274</closed_date></polygon></object></annotation>