<annotation><filename>m1_s06_141_p_nic039.jpg</filename><folder>users/joselusava//jacob_2/141nic</folder><source><submittedBy>Jose Saca</submittedBy></source><imagesize><nrows>2736</nrows><ncols>4100</ncols></imagesize><object><name>m1_s06_141_p_nic039</name><deleted>0</deleted><verified>0</verified><occluded>no</occluded><attributes></attributes><parts><hasparts></hasparts><ispartof></ispartof></parts><date>05-09-20 01:13:23:117</date><id>0</id><type>bounding_box</type><polygon><username>anonymous</username><pt><x>2517</x><y>101</y><time>05-09-20 01:13:20:410</time></pt><pt><x>1549</x><y>101</y><time>05-09-20 01:13:22:362</time></pt><pt><x>1549</x><y>1691</y><time>undefined</time></pt><pt><x>2517</x><y>1691</y><time>undefined</time></pt><closed_date>05-09-20 01:13:22:362</closed_date></polygon></object></annotation>