<annotation><filename>m4_s09_138_p_nic057.jpg</filename><folder>users/joselusava//santiago_2</folder><source><submittedBy>Jose Saca</submittedBy></source><imagesize><nrows>2970</nrows><ncols>4451</ncols></imagesize><object><name>m4_s09_138_p_nic057</name><deleted>0</deleted><verified>0</verified><occluded>no</occluded><attributes></attributes><parts><hasparts></hasparts><ispartof></ispartof></parts><date>23-10-20 14:01:49:068</date><id>0</id><type>bounding_box</type><polygon><username>anonymous</username><pt><x>571</x><y>743</y><time>23-10-20 14:01:46:647</time></pt><pt><x>2288</x><y>743</y><time>23-10-20 14:01:47:414</time></pt><pt><x>2288</x><y>1746</y><time>undefined</time></pt><pt><x>571</x><y>1746</y><time>undefined</time></pt><closed_date>23-10-20 14:01:47:415</closed_date></polygon></object></annotation>