<annotation><filename>m2_s03_201_p_nic054.jpg</filename><folder>users/joselusava//valeria/m2_sala03_201_nic</folder><source><submittedBy>Jose Saca</submittedBy></source><imagesize><nrows>2910</nrows><ncols>4361</ncols></imagesize><object><name>m2_s03_201_p_nic054</name><deleted>0</deleted><verified>0</verified><occluded>no</occluded><attributes></attributes><parts><hasparts></hasparts><ispartof></ispartof></parts><date>29-09-20 23:29:14:915</date><id>0</id><type>bounding_box</type><polygon><username>anonymous</username><pt><x>2436</x><y>2254</y><time>29-09-20 23:29:08:717</time></pt><pt><x>4255</x><y>2254</y><time>29-09-20 23:29:11:524</time></pt><pt><x>4255</x><y>347</y><time>undefined</time></pt><pt><x>2436</x><y>347</y><time>undefined</time></pt><closed_date>29-09-20 23:29:11:525</closed_date></polygon></object></annotation>