<annotation><filename>m4_s09_138_p_nic013.jpg</filename><folder>users/joselusava//santiago_2</folder><source><submittedBy>Jose Saca</submittedBy></source><imagesize><nrows>2970</nrows><ncols>4451</ncols></imagesize><object><name>m4_s09_138_p_nic013</name><deleted>0</deleted><verified>0</verified><occluded>no</occluded><attributes></attributes><parts><hasparts></hasparts><ispartof></ispartof></parts><date>22-10-20 23:13:22:035</date><id>0</id><type>bounding_box</type><polygon><username>anonymous</username><pt><x>271</x><y>914</y><time>22-10-20 23:13:18:145</time></pt><pt><x>2638</x><y>914</y><time>22-10-20 23:13:19:496</time></pt><pt><x>2638</x><y>1917</y><time>undefined</time></pt><pt><x>271</x><y>1917</y><time>undefined</time></pt><closed_date>22-10-20 23:13:19:497</closed_date></polygon></object></annotation>