<annotation><filename>m1_s02_057_x.jpg</filename><folder>users/joselusava//valeria/sala2</folder><source><submittedBy>Jose Saca</submittedBy></source><imagesize><nrows>3200</nrows><ncols>4800</ncols></imagesize><object><name>m1_s02_057_x</name><deleted>0</deleted><verified>0</verified><occluded>no</occluded><attributes></attributes><parts><hasparts></hasparts><ispartof></ispartof></parts><date>28-08-20 19:03:30:710</date><id>0</id><type>bounding_box</type><polygon><username>anonymous</username><pt><x>3409</x><y>3017</y><time>28-08-20 19:03:23:463</time></pt><pt><x>1015</x><y>3017</y><time>28-08-20 19:03:26:236</time></pt><pt><x>1015</x><y>48</y><time>undefined</time></pt><pt><x>3409</x><y>48</y><time>undefined</time></pt><closed_date>28-08-20 19:03:26:237</closed_date></polygon></object></annotation>