<annotation><filename>m2_s02_190_p_ic093.jpg</filename><folder>users/joselusava//m2_jsv/190/ic</folder><source><submittedBy>Jose Saca</submittedBy></source><imagesize><nrows>2910</nrows><ncols>4361</ncols></imagesize><object><name>m2_s02_190_p_ic093</name><deleted>0</deleted><verified>0</verified><occluded>no</occluded><attributes></attributes><parts><hasparts></hasparts><ispartof></ispartof></parts><date>21-09-20 14:46:34:618</date><id>0</id><type>bounding_box</type><polygon><username>anonymous</username><pt><x>2930</x><y>2610</y><time>21-09-20 14:46:32:508</time></pt><pt><x>1457</x><y>2610</y><time>21-09-20 14:46:33:896</time></pt><pt><x>1457</x><y>468</y><time>undefined</time></pt><pt><x>2930</x><y>468</y><time>undefined</time></pt><closed_date>21-09-20 14:46:33:897</closed_date></polygon></object></annotation>