<annotation><filename>m2_s01_018_p_nic054.jpg</filename><folder>users/joselusava//santiago_2</folder><source><submittedBy>Jose Saca</submittedBy></source><imagesize><nrows>2850</nrows><ncols>4271</ncols></imagesize><object><name>m2_s01_018_p_nic054</name><deleted>0</deleted><verified>0</verified><occluded>no</occluded><attributes></attributes><parts><hasparts></hasparts><ispartof></ispartof></parts><date>28-09-20 21:59:37:921</date><id>0</id><type>bounding_box</type><polygon><username>anonymous</username><pt><x>497</x><y>576</y><time>28-09-20 21:59:35:226</time></pt><pt><x>1043</x><y>576</y><time>28-09-20 21:59:36:036</time></pt><pt><x>1043</x><y>1099</y><time>undefined</time></pt><pt><x>497</x><y>1099</y><time>undefined</time></pt><closed_date>28-09-20 21:59:36:037</closed_date></polygon></object></annotation>