<annotation><filename>m3_s01_023_p_nic079.jpg</filename><folder>users/joselusava//santiago_3</folder><source><submittedBy>Jose Saca</submittedBy></source><imagesize><nrows>2970</nrows><ncols>4451</ncols></imagesize><object><name>m3_s01_023_p_nic079</name><deleted>0</deleted><verified>0</verified><occluded>no</occluded><attributes></attributes><parts><hasparts></hasparts><ispartof></ispartof></parts><date>06-11-20 11:29:15:171</date><id>0</id><type>bounding_box</type><polygon><username>anonymous</username><pt><x>689</x><y>243</y><time>06-11-20 11:29:12:315</time></pt><pt><x>2342</x><y>243</y><time>06-11-20 11:29:13:138</time></pt><pt><x>2342</x><y>1942</y><time>undefined</time></pt><pt><x>689</x><y>1942</y><time>undefined</time></pt><closed_date>06-11-20 11:29:13:138</closed_date></polygon></object></annotation>