<annotation><filename>m2_s06_250_p_ic018.jpg</filename><folder>users/joselusava//valeria/m2_sala06_250_ic</folder><source><submittedBy>Jose Saca</submittedBy></source><imagesize><nrows>2910</nrows><ncols>4361</ncols></imagesize><object><name>m2_s06_250_p_ic018</name><deleted>0</deleted><verified>0</verified><occluded>no</occluded><attributes></attributes><parts><hasparts></hasparts><ispartof></ispartof></parts><date>30-09-20 22:16:54:461</date><id>0</id><type>bounding_box</type><polygon><username>anonymous</username><pt><x>1080</x><y>2221</y><time>30-09-20 22:16:48:305</time></pt><pt><x>4194</x><y>2221</y><time>30-09-20 22:16:51:080</time></pt><pt><x>4194</x><y>915</y><time>undefined</time></pt><pt><x>1080</x><y>915</y><time>undefined</time></pt><closed_date>30-09-20 22:16:51:081</closed_date></polygon></object></annotation>