<annotation><filename>m2_s05_236_p_nic076.jpg</filename><folder>users/joselusava//museos2020</folder><source><submittedBy>Jose Saca</submittedBy></source><imagesize><nrows>2910</nrows><ncols>4361</ncols></imagesize><object><name>m2_s05_236_p_nic076</name><deleted>0</deleted><verified>0</verified><occluded>no</occluded><attributes></attributes><parts><hasparts></hasparts><ispartof></ispartof></parts><date>17-09-20 09:03:42:468</date><id>0</id><type>bounding_box</type><polygon><username>anonymous</username><pt><x>1144</x><y>702</y><time>17-09-20 09:03:32:121</time></pt><pt><x>3914</x><y>702</y><time>17-09-20 09:03:33:880</time></pt><pt><x>3914</x><y>2678</y><time>undefined</time></pt><pt><x>1144</x><y>2678</y><time>undefined</time></pt><closed_date>17-09-20 09:03:33:880</closed_date></polygon></object></annotation>