<annotation><filename>m1_s01_021_p_nic033.jpg</filename><folder>users/joselusava//santiago</folder><source><submittedBy>Jose Saca</submittedBy></source><imagesize><nrows>3200</nrows><ncols>4800</ncols></imagesize><object><name>m1_s01_021_p_nic033</name><deleted>0</deleted><verified>0</verified><occluded>no</occluded><attributes></attributes><parts><hasparts></hasparts><ispartof></ispartof></parts><date>15-09-20 15:47:00:402</date><id>0</id><type>bounding_box</type><polygon><username>anonymous</username><pt><x>1793</x><y>468</y><time>15-09-20 15:46:51:763</time></pt><pt><x>2322</x><y>468</y><time>15-09-20 15:46:53:158</time></pt><pt><x>2322</x><y>1145</y><time>undefined</time></pt><pt><x>1793</x><y>1145</y><time>undefined</time></pt><closed_date>15-09-20 15:46:53:159</closed_date></polygon></object></annotation>