<annotation><filename>m4_s10_154_p_nic083.jpg</filename><folder>users/joselusava//valeria/m04_s10_154_nic</folder><source><submittedBy>Jose Saca</submittedBy></source><imagesize><nrows>2970</nrows><ncols>4451</ncols></imagesize><object><name>m4_s10_154_p_nic083</name><deleted>0</deleted><verified>0</verified><occluded>no</occluded><attributes></attributes><parts><hasparts></hasparts><ispartof></ispartof></parts><date>14-10-20 15:54:21:874</date><id>0</id><type>bounding_box</type><polygon><username>anonymous</username><pt><x>434</x><y>2279</y><time>14-10-20 15:54:15:532</time></pt><pt><x>1422</x><y>2279</y><time>14-10-20 15:54:17:136</time></pt><pt><x>1422</x><y>691</y><time>undefined</time></pt><pt><x>434</x><y>691</y><time>undefined</time></pt><closed_date>14-10-20 15:54:17:137</closed_date></polygon></object></annotation>