<annotation><filename>m1_s06_144_p_ic024.jpg</filename><folder>users/joselusava//jacob_2/144ic</folder><source><submittedBy>Jose Saca</submittedBy></source><imagesize><nrows>2736</nrows><ncols>4100</ncols></imagesize><object><name>m1_s06_144_p_ic024</name><deleted>0</deleted><verified>0</verified><occluded>no</occluded><attributes></attributes><parts><hasparts></hasparts><ispartof></ispartof></parts><date>07-09-20 02:30:27:973</date><id>0</id><type>bounding_box</type><polygon><username>anonymous</username><pt><x>3437</x><y>2570</y><time>07-09-20 02:30:24:555</time></pt><pt><x>524</x><y>2570</y><time>07-09-20 02:30:27:099</time></pt><pt><x>524</x><y>16</y><time>undefined</time></pt><pt><x>3437</x><y>16</y><time>undefined</time></pt><closed_date>07-09-20 02:30:27:099</closed_date></polygon></object></annotation>