<annotation><filename>m4_s05_060_p_ic030.jpg</filename><folder>users/joselusava//m4_js/60/ic</folder><source><submittedBy>Jose Saca</submittedBy></source><imagesize><nrows>2910</nrows><ncols>4361</ncols></imagesize><object><name>m4_s05_060_p_ic030</name><deleted>0</deleted><verified>0</verified><occluded>no</occluded><attributes></attributes><parts><hasparts></hasparts><ispartof></ispartof></parts><date>13-10-20 15:45:37:575</date><id>0</id><type>bounding_box</type><polygon><username>anonymous</username><pt><x>4178</x><y>2315</y><time>13-10-20 15:45:35:118</time></pt><pt><x>688</x><y>2315</y><time>13-10-20 15:45:36:944</time></pt><pt><x>688</x><y>583</y><time>undefined</time></pt><pt><x>4178</x><y>583</y><time>undefined</time></pt><closed_date>13-10-20 15:45:36:945</closed_date></polygon></object></annotation>