<annotation><filename>m4_s06_089_p_ic038.jpg</filename><folder>users/joselusava//santiago_2</folder><source><submittedBy>Jose Saca</submittedBy></source><imagesize><nrows>2970</nrows><ncols>4451</ncols></imagesize><object><name>m4_s06_089_p_ic038</name><deleted>0</deleted><verified>0</verified><occluded>no</occluded><attributes></attributes><parts><hasparts></hasparts><ispartof></ispartof></parts><date>11-10-20 18:04:40:079</date><id>0</id><type>bounding_box</type><polygon><username>anonymous</username><pt><x>1428</x><y>460</y><time>11-10-20 18:04:35:619</time></pt><pt><x>2811</x><y>460</y><time>11-10-20 18:04:37:696</time></pt><pt><x>2811</x><y>2616</y><time>undefined</time></pt><pt><x>1428</x><y>2616</y><time>undefined</time></pt><closed_date>11-10-20 18:04:37:696</closed_date></polygon></object></annotation>