<annotation><filename>m2_s02_129_p_nic035.jpg</filename><folder>users/joselusava//m2_jsv/129/nic</folder><source><submittedBy>Jose Saca</submittedBy></source><imagesize><nrows>2910</nrows><ncols>4361</ncols></imagesize><object><name>m2_s02_129_p_nic035</name><deleted>0</deleted><verified>0</verified><occluded>no</occluded><attributes></attributes><parts><hasparts></hasparts><ispartof></ispartof></parts><date>24-09-20 19:59:21:511</date><id>0</id><type>bounding_box</type><polygon><username>anonymous</username><pt><x>3778</x><y>2846</y><time>24-09-20 19:59:19:116</time></pt><pt><x>2733</x><y>2846</y><time>24-09-20 19:59:20:904</time></pt><pt><x>2733</x><y>1776</y><time>undefined</time></pt><pt><x>3778</x><y>1776</y><time>undefined</time></pt><closed_date>24-09-20 19:59:20:904</closed_date></polygon></object></annotation>