<annotation><filename>m1_s01_017_p_nic033.jpg</filename><folder>users/joselusava//santiago</folder><source><submittedBy>Jose Saca</submittedBy></source><imagesize><nrows>3200</nrows><ncols>4800</ncols></imagesize><object><name>m1_s01_017_p_nic033</name><deleted>0</deleted><verified>0</verified><occluded>no</occluded><attributes></attributes><parts><hasparts></hasparts><ispartof></ispartof></parts><date>11-09-20 18:56:23:990</date><id>0</id><type>bounding_box</type><polygon><username>anonymous</username><pt><x>529</x><y>2577</y><time>11-09-20 18:56:16:432</time></pt><pt><x>1109</x><y>2577</y><time>11-09-20 18:56:17:732</time></pt><pt><x>1109</x><y>2930</y><time>undefined</time></pt><pt><x>529</x><y>2930</y><time>undefined</time></pt><closed_date>11-09-20 18:56:17:733</closed_date></polygon></object></annotation>