<annotation><filename>m3_s01_013_p_ic036.jpg</filename><folder>users/joselusava//valeria/m03_s01_13_ic</folder><source><submittedBy>Jose Saca</submittedBy></source><imagesize><nrows>2970</nrows><ncols>4451</ncols></imagesize><object><name>m3_s01_013_p_ic035</name><deleted>0</deleted><verified>0</verified><occluded>no</occluded><attributes></attributes><parts><hasparts></hasparts><ispartof></ispartof></parts><date>29-10-20 13:35:09:191</date><id>0</id><type>bounding_box</type><polygon><username>anonymous</username><pt><x>3958</x><y>2793</y><time>29-10-20 13:35:03:178</time></pt><pt><x>440</x><y>2793</y><time>29-10-20 13:35:05:445</time></pt><pt><x>440</x><y>206</y><time>undefined</time></pt><pt><x>3958</x><y>206</y><time>undefined</time></pt><closed_date>29-10-20 13:35:05:445</closed_date></polygon></object></annotation>