<annotation><filename>m1_s06_186_p_nic070.jpg</filename><folder>users/joselusava//jacob_2/186nic</folder><source><submittedBy>Jose Saca</submittedBy></source><imagesize><nrows>2736</nrows><ncols>4100</ncols></imagesize><object><name>m1_s06_186_p_nic070</name><deleted>0</deleted><verified>0</verified><occluded>no</occluded><attributes></attributes><parts><hasparts></hasparts><ispartof></ispartof></parts><date>09-09-20 23:27:15:752</date><id>0</id><type>bounding_box</type><polygon><username>anonymous</username><pt><x>2832</x><y>1940</y><time>09-09-20 23:27:12:643</time></pt><pt><x>1940</x><y>1940</y><time>09-09-20 23:27:14:692</time></pt><pt><x>1940</x><y>164</y><time>undefined</time></pt><pt><x>2832</x><y>164</y><time>undefined</time></pt><closed_date>09-09-20 23:27:14:692</closed_date></polygon></object></annotation>