<annotation><filename>m2_s02_187_x.jpg</filename><folder>users/joselusava//m2_jsv</folder><source><submittedBy>Jose Saca</submittedBy></source><imagesize><nrows>2910</nrows><ncols>4361</ncols></imagesize><object><name>m2_s02_187_x</name><deleted>0</deleted><verified>0</verified><occluded>no</occluded><attributes></attributes><parts><hasparts></hasparts><ispartof></ispartof></parts><date>20-09-20 16:59:00:112</date><id>0</id><type>bounding_box</type><polygon><username>anonymous</username><pt><x>2899</x><y>2498</y><time>20-09-20 16:58:57:513</time></pt><pt><x>1280</x><y>2498</y><time>20-09-20 16:58:59:094</time></pt><pt><x>1280</x><y>139</y><time>undefined</time></pt><pt><x>2899</x><y>139</y><time>undefined</time></pt><closed_date>20-09-20 16:58:59:095</closed_date></polygon></object></annotation>