<annotation><filename>m4_s10_154_p_nic001.jpg</filename><folder>users/joselusava//valeria/m04_s10_154_nic</folder><source><submittedBy>Jose Saca</submittedBy></source><imagesize><nrows>2970</nrows><ncols>4451</ncols></imagesize><object><name>m4_s10_154_p_nic001</name><deleted>0</deleted><verified>0</verified><occluded>no</occluded><attributes></attributes><parts><hasparts></hasparts><ispartof></ispartof></parts><date>13-10-20 23:28:48:790</date><id>0</id><type>bounding_box</type><polygon><username>anonymous</username><pt><x>4118</x><y>2776</y><time>13-10-20 23:28:32:823</time></pt><pt><x>2427</x><y>2776</y><time>13-10-20 23:28:34:868</time></pt><pt><x>2427</x><y>988</y><time>undefined</time></pt><pt><x>4118</x><y>988</y><time>undefined</time></pt><closed_date>13-10-20 23:28:34:871</closed_date></polygon></object></annotation>