<annotation><filename>m3_s01_001_x.jpg</filename><folder>users/joselusava//kath/m3_x</folder><source><submittedBy>Jose Saca</submittedBy></source><imagesize><nrows>2970</nrows><ncols>4451</ncols></imagesize><object><name>m3_s01_001_x</name><deleted>0</deleted><verified>0</verified><occluded>no</occluded><attributes></attributes><parts><hasparts></hasparts><ispartof></ispartof></parts><date>08-11-20 12:20:50:369</date><id>0</id><type>bounding_box</type><polygon><username>anonymous</username><pt><x>119</x><y>132</y><time>08-11-20 12:20:16:966</time></pt><pt><x>4420</x><y>132</y><time>08-11-20 12:20:22:731</time></pt><pt><x>4420</x><y>2851</y><time>undefined</time></pt><pt><x>119</x><y>2851</y><time>undefined</time></pt><closed_date>08-11-20 12:20:22:732</closed_date></polygon></object></annotation>