<annotation><filename>m2_s01_018_p_nic078.jpg</filename><folder>users/joselusava//santiago_2</folder><source><submittedBy>Jose Saca</submittedBy></source><imagesize><nrows>2850</nrows><ncols>4271</ncols></imagesize><object><name>m2_s01_018_p_nic078</name><deleted>0</deleted><verified>0</verified><occluded>no</occluded><attributes></attributes><parts><hasparts></hasparts><ispartof></ispartof></parts><date>29-09-20 18:40:49:436</date><id>0</id><type>bounding_box</type><polygon><username>anonymous</username><pt><x>2674</x><y>859</y><time>29-09-20 18:40:45:920</time></pt><pt><x>3155</x><y>859</y><time>29-09-20 18:40:47:187</time></pt><pt><x>3155</x><y>1510</y><time>undefined</time></pt><pt><x>2674</x><y>1510</y><time>undefined</time></pt><closed_date>29-09-20 18:40:47:188</closed_date></polygon></object></annotation>