<annotation><filename>m1_s01_001_p_nic066.jpg</filename><folder>users/joselusava//juancarlos</folder><source><submittedBy>Jose Saca</submittedBy></source><imagesize><nrows>3200</nrows><ncols>4800</ncols></imagesize><object><name>m1_s01_001_p_nic066</name><deleted>0</deleted><verified>0</verified><occluded>no</occluded><attributes></attributes><parts><hasparts></hasparts><ispartof></ispartof></parts><date>09-09-20 17:41:18:939</date><id>0</id><type>bounding_box</type><polygon><username>anonymous</username><pt><x>2994</x><y>2200</y><time>09-09-20 17:40:45:834</time></pt><pt><x>4036</x><y>2200</y><time>09-09-20 17:40:48:167</time></pt><pt><x>4036</x><y>2752</y><time>undefined</time></pt><pt><x>2994</x><y>2752</y><time>undefined</time></pt><closed_date>09-09-20 17:40:48:167</closed_date></polygon></object></annotation>