<annotation><filename>m1_s01_017_p_nic095.jpg</filename><folder>users/joselusava//santiago</folder><source><submittedBy>Jose Saca</submittedBy></source><imagesize><nrows>3200</nrows><ncols>4800</ncols></imagesize><object><name>m1_s01_017_p_nic095</name><deleted>0</deleted><verified>0</verified><occluded>no</occluded><attributes></attributes><parts><hasparts></hasparts><ispartof></ispartof></parts><date>11-09-20 20:10:34:048</date><id>0</id><type>bounding_box</type><polygon><username>anonymous</username><pt><x>680</x><y>1325</y><time>11-09-20 20:10:26:732</time></pt><pt><x>1166</x><y>1325</y><time>11-09-20 20:10:27:824</time></pt><pt><x>1166</x><y>1764</y><time>undefined</time></pt><pt><x>680</x><y>1764</y><time>undefined</time></pt><closed_date>11-09-20 20:10:27:825</closed_date></polygon></object></annotation>