<annotation><filename>m1_s01_004_p_nic032.jpg</filename><folder>users/joselusava//valeria_apoyo/sala01_004_nic</folder><source><submittedBy>Jose Saca</submittedBy></source><imagesize><nrows>3200</nrows><ncols>4800</ncols></imagesize><object><name>m1_s01_004_p_nic032</name><deleted>0</deleted><verified>0</verified><occluded>no</occluded><attributes></attributes><parts><hasparts></hasparts><ispartof></ispartof></parts><date>16-09-20 21:16:57:753</date><id>0</id><type>bounding_box</type><polygon><username>anonymous</username><pt><x>206</x><y>2988</y><time>16-09-20 21:16:48:732</time></pt><pt><x>4739</x><y>2988</y><time>16-09-20 21:16:52:324</time></pt><pt><x>4739</x><y>1691</y><time>undefined</time></pt><pt><x>206</x><y>1691</y><time>undefined</time></pt><closed_date>16-09-20 21:16:52:326</closed_date></polygon></object></annotation>