<annotation><filename>m3_s01_010_p_ic033.jpg</filename><folder>users/joselusava//m4_js/m3/10/ic</folder><source><submittedBy>Jose Saca</submittedBy></source><imagesize><nrows>2970</nrows><ncols>4451</ncols></imagesize><object><name>m3_s01_010_p_ic033</name><deleted>0</deleted><verified>0</verified><occluded>no</occluded><attributes></attributes><parts><hasparts></hasparts><ispartof></ispartof></parts><date>29-10-20 12:39:07:532</date><id>0</id><type>bounding_box</type><polygon><username>anonymous</username><pt><x>4195</x><y>2630</y><time>29-10-20 12:39:05:238</time></pt><pt><x>532</x><y>2630</y><time>29-10-20 12:39:06:767</time></pt><pt><x>532</x><y>288</y><time>undefined</time></pt><pt><x>4195</x><y>288</y><time>undefined</time></pt><closed_date>29-10-20 12:39:06:768</closed_date></polygon></object></annotation>