<annotation><filename>m4_s12_186_p_ic093.jpg</filename><folder>users/joselusava//m4_js/186/ic</folder><source><submittedBy>Jose Saca</submittedBy></source><imagesize><nrows>3899</nrows><ncols>5844</ncols></imagesize><object><name>m4_s12_186_p_ic093</name><deleted>0</deleted><verified>0</verified><occluded>no</occluded><attributes></attributes><parts><hasparts></hasparts><ispartof></ispartof></parts><date>18-10-20 11:15:15:675</date><id>0</id><type>bounding_box</type><polygon><username>anonymous</username><pt><x>3663</x><y>3336</y><time>18-10-20 11:15:11:049</time></pt><pt><x>1773</x><y>3336</y><time>18-10-20 11:15:12:123</time></pt><pt><x>1773</x><y>327</y><time>undefined</time></pt><pt><x>3663</x><y>327</y><time>undefined</time></pt><closed_date>18-10-20 11:15:12:124</closed_date></polygon></object></annotation>