<annotation><filename>m2_s02_085_p_ic074.jpg</filename><folder>users/joselusava//m2_jsv/85/ic</folder><source><submittedBy>Jose Saca</submittedBy></source><imagesize><nrows>2910</nrows><ncols>4361</ncols></imagesize><object><name>m2_s02_085_p_ic074</name><deleted>0</deleted><verified>0</verified><occluded>no</occluded><attributes></attributes><parts><hasparts></hasparts><ispartof></ispartof></parts><date>17-09-20 20:02:11:316</date><id>0</id><type>bounding_box</type><polygon><username>anonymous</username><pt><x>1497</x><y>505</y><time>17-09-20 20:02:09:789</time></pt><pt><x>3282</x><y>505</y><time>17-09-20 20:02:10:839</time></pt><pt><x>3282</x><y>2385</y><time>undefined</time></pt><pt><x>1497</x><y>2385</y><time>undefined</time></pt><closed_date>17-09-20 20:02:10:839</closed_date></polygon></object></annotation>