<annotation><filename>m2_s01_010_p_ic018.jpg</filename><folder>users/joselusava//santiago</folder><source><submittedBy>Jose Saca</submittedBy></source><imagesize><nrows>2850</nrows><ncols>4271</ncols></imagesize><object><name>m2_s01_010_p_ic018</name><deleted>0</deleted><verified>0</verified><occluded>no</occluded><attributes></attributes><parts><hasparts></hasparts><ispartof></ispartof></parts><date>21-09-20 15:21:13:453</date><id>0</id><type>bounding_box</type><polygon><username>anonymous</username><pt><x>1359</x><y>583</y><time>21-09-20 15:21:03:982</time></pt><pt><x>3212</x><y>583</y><time>21-09-20 15:21:06:429</time></pt><pt><x>3212</x><y>2388</y><time>undefined</time></pt><pt><x>1359</x><y>2388</y><time>undefined</time></pt><closed_date>21-09-20 15:21:06:430</closed_date></polygon></object></annotation>