<annotation><filename>m2_s01_032_p_ic069.jpg</filename><folder>users/joselusava//santiago_2</folder><source><submittedBy>Jose Saca</submittedBy></source><imagesize><nrows>2850</nrows><ncols>4271</ncols></imagesize><object><name>m2_s01_032_p_ic069</name><deleted>0</deleted><verified>0</verified><occluded>no</occluded><attributes></attributes><parts><hasparts></hasparts><ispartof></ispartof></parts><date>30-09-20 16:50:43:672</date><id>0</id><type>bounding_box</type><polygon><username>anonymous</username><pt><x>1388</x><y>231</y><time>30-09-20 16:50:39:299</time></pt><pt><x>2955</x><y>231</y><time>30-09-20 16:50:41:514</time></pt><pt><x>2955</x><y>2643</y><time>undefined</time></pt><pt><x>1388</x><y>2643</y><time>undefined</time></pt><closed_date>30-09-20 16:50:41:515</closed_date></polygon></object></annotation>