<annotation><filename>m4_s10_171_x.jpg</filename><folder>users/joselusava//kath/m4_x</folder><source><submittedBy>Jose Saca</submittedBy></source><imagesize><nrows>2970</nrows><ncols>4451</ncols></imagesize><object><name>m4_s10_171_x</name><deleted>0</deleted><verified>0</verified><occluded>no</occluded><attributes></attributes><parts><hasparts></hasparts><ispartof></ispartof></parts><date>21-10-20 12:21:58:935</date><id>0</id><polygon><username>anonymous</username><pt><x>1038</x><y>14</y><time>21-10-20 12:21:51:389</time></pt><pt><x>1009</x><y>2869</y><time>21-10-20 12:21:52:890</time></pt><pt><x>2869</x><y>2864</y><time>21-10-20 12:21:54:121</time></pt><pt><x>2912</x><y>58</y><time>21-10-20 12:21:55:497</time></pt><closed_date>21-10-20 12:21:56:885</closed_date></polygon></object></annotation>