<annotation><filename>m2_s01_001_p_ic052.jpg</filename><folder>users/joselusava//santiago</folder><source><submittedBy>Jose Saca</submittedBy></source><imagesize><nrows>2850</nrows><ncols>4271</ncols></imagesize><object><name>m2_s01_001_p_ic052</name><deleted>0</deleted><verified>0</verified><occluded>no</occluded><attributes></attributes><parts><hasparts></hasparts><ispartof></ispartof></parts><date>19-09-20 08:48:18:115</date><id>0</id><type>bounding_box</type><polygon><username>anonymous</username><pt><x>1039</x><y>160</y><time>19-09-20 08:48:10:139</time></pt><pt><x>3206</x><y>160</y><time>19-09-20 08:48:11:649</time></pt><pt><x>3206</x><y>2703</y><time>undefined</time></pt><pt><x>1039</x><y>2703</y><time>undefined</time></pt><closed_date>19-09-20 08:48:11:650</closed_date></polygon></object></annotation>