<annotation><filename>m1_s06_186_p_nic045.jpg</filename><folder>users/joselusava//jacob_2/186nic</folder><source><submittedBy>Jose Saca</submittedBy></source><imagesize><nrows>2736</nrows><ncols>4100</ncols></imagesize><object><name>m1_s06_186_p_nic045</name><deleted>0</deleted><verified>0</verified><occluded>no</occluded><attributes></attributes><parts><hasparts></hasparts><ispartof></ispartof></parts><date>09-09-20 23:17:28:594</date><id>0</id><type>bounding_box</type><polygon><username>anonymous</username><pt><x>876</x><y>213</y><time>09-09-20 23:17:26:779</time></pt><pt><x>1850</x><y>213</y><time>09-09-20 23:17:28:135</time></pt><pt><x>1850</x><y>1784</y><time>undefined</time></pt><pt><x>876</x><y>1784</y><time>undefined</time></pt><closed_date>09-09-20 23:17:28:135</closed_date></polygon></object></annotation>