<annotation><filename>m4_s11_177_x.jpg</filename><folder>users/joselusava//kath/m4_x</folder><source><submittedBy>Jose Saca</submittedBy></source><imagesize><nrows>2970</nrows><ncols>4451</ncols></imagesize><object><name>m4_s11_177_x</name><deleted>0</deleted><verified>0</verified><occluded>no</occluded><attributes></attributes><parts><hasparts></hasparts><ispartof></ispartof></parts><date>21-10-20 12:25:43:141</date><id>0</id><polygon><username>anonymous</username><pt><x>889</x><y>356</y><time>21-10-20 12:25:32:058</time></pt><pt><x>1177</x><y>2715</y><time>21-10-20 12:25:33:578</time></pt><pt><x>3282</x><y>2542</y><time>21-10-20 12:25:34:829</time></pt><pt><x>3431</x><y>226</y><time>21-10-20 12:25:38:749</time></pt><closed_date>21-10-20 12:25:40:133</closed_date></polygon></object></annotation>