<annotation><filename>m4_s05_055_p_nic078.jpg</filename><folder>users/joselusava//valeria/m4_s05_055_nic</folder><source><submittedBy>Jose Saca</submittedBy></source><imagesize><nrows>2910</nrows><ncols>4361</ncols></imagesize><object><name>m4_s05_055_p_nic078</name><deleted>0</deleted><verified>0</verified><occluded>no</occluded><attributes></attributes><parts><hasparts></hasparts><ispartof></ispartof></parts><date>09-10-20 18:10:07:135</date><id>0</id><type>bounding_box</type><polygon><username>anonymous</username><pt><x>187</x><y>479</y><time>09-10-20 18:10:02:698</time></pt><pt><x>1709</x><y>479</y><time>09-10-20 18:10:03:981</time></pt><pt><x>1709</x><y>2050</y><time>undefined</time></pt><pt><x>187</x><y>2050</y><time>undefined</time></pt><closed_date>09-10-20 18:10:03:982</closed_date></polygon></object></annotation>