<annotation><filename>m1_s06_168_p_ic097.jpg</filename><folder>users/joselusava//jacob_2/168ic</folder><source><submittedBy>Jose Saca</submittedBy></source><imagesize><nrows>2736</nrows><ncols>4100</ncols></imagesize><object><name>m1_s06_168_p_ic097</name><deleted>0</deleted><verified>0</verified><occluded>no</occluded><attributes></attributes><parts><hasparts></hasparts><ispartof></ispartof></parts><date>08-09-20 22:55:10:578</date><id>0</id><type>bounding_box</type><polygon><username>anonymous</username><pt><x>1383</x><y>2463</y><time>08-09-20 22:55:07:455</time></pt><pt><x>2406</x><y>2463</y><time>08-09-20 22:55:09:586</time></pt><pt><x>2406</x><y>286</y><time>undefined</time></pt><pt><x>1383</x><y>286</y><time>undefined</time></pt><closed_date>08-09-20 22:55:09:586</closed_date></polygon></object></annotation>