<annotation><filename>m3_s01_018_p_nic005.jpg</filename><folder>users/joselusava//m4_js/18/nic</folder><source><submittedBy>Jose Saca</submittedBy></source><imagesize><nrows>2970</nrows><ncols>4451</ncols></imagesize><object><name>m3_s01_018_p_nic005</name><deleted>0</deleted><verified>0</verified><occluded>no</occluded><attributes></attributes><parts><hasparts></hasparts><ispartof></ispartof></parts><date>05-11-20 14:48:15:838</date><id>0</id><type>bounding_box</type><polygon><username>anonymous</username><pt><x>4440</x><y>2557</y><time>05-11-20 14:48:13:725</time></pt><pt><x>1347</x><y>2557</y><time>05-11-20 14:48:15:132</time></pt><pt><x>1347</x><y>305</y><time>undefined</time></pt><pt><x>4440</x><y>305</y><time>undefined</time></pt><closed_date>05-11-20 14:48:15:132</closed_date></polygon></object></annotation>