<annotation><filename>m4_s02_021_p_ic076.jpg</filename><folder>users/joselusava//santiago_2</folder><source><submittedBy>Jose Saca</submittedBy></source><imagesize><nrows>2910</nrows><ncols>4361</ncols></imagesize><object><name>m4_s02_021_p_ic076</name><deleted>0</deleted><verified>0</verified><occluded>no</occluded><attributes></attributes><parts><hasparts></hasparts><ispartof></ispartof></parts><date>04-10-20 19:28:15:853</date><id>0</id><type>bounding_box</type><polygon><username>anonymous</username><pt><x>1375</x><y>83</y><time>04-10-20 19:28:12:751</time></pt><pt><x>2751</x><y>83</y><time>04-10-20 19:28:13:793</time></pt><pt><x>2751</x><y>2408</y><time>undefined</time></pt><pt><x>1375</x><y>2408</y><time>undefined</time></pt><closed_date>04-10-20 19:28:13:794</closed_date></polygon></object></annotation>