<annotation><filename>m2_s01_054_p_nic023.jpg</filename><folder>users/joselusava//kath</folder><source><submittedBy>Jose Saca</submittedBy></source><imagesize><nrows>2850</nrows><ncols>4271</ncols></imagesize><object><name>m2_s01_054_p_nic023</name><deleted>0</deleted><verified>0</verified><occluded>no</occluded><attributes></attributes><parts><hasparts></hasparts><ispartof></ispartof></parts><date>30-09-20 11:15:09:221</date><id>0</id><type>bounding_box</type><polygon><username>anonymous</username><pt><x>3622</x><y>1685</y><time>30-09-20 11:15:02:724</time></pt><pt><x>2878</x><y>1685</y><time>30-09-20 11:15:06:108</time></pt><pt><x>2878</x><y>2689</y><time>undefined</time></pt><pt><x>3622</x><y>2689</y><time>undefined</time></pt><closed_date>30-09-20 11:15:06:108</closed_date></polygon></object></annotation>