<annotation><filename>m2_s06_244_p_nic084.jpg</filename><folder>users/joselusava//museos2020</folder><source><submittedBy>Jose Saca</submittedBy></source><imagesize><nrows>2910</nrows><ncols>4361</ncols></imagesize><object><name>m2_s06_244_p_ic084</name><deleted>0</deleted><verified>0</verified><occluded>no</occluded><attributes></attributes><parts><hasparts></hasparts><ispartof></ispartof></parts><date>26-09-20 21:58:22:044</date><id>0</id><type>bounding_box</type><polygon><username>anonymous</username><pt><x>2083</x><y>1571</y><time>26-09-20 21:58:15:180</time></pt><pt><x>3877</x><y>1571</y><time>26-09-20 21:58:16:563</time></pt><pt><x>3877</x><y>2287</y><time>undefined</time></pt><pt><x>2083</x><y>2287</y><time>undefined</time></pt><closed_date>26-09-20 21:58:16:564</closed_date></polygon></object></annotation>