<annotation><filename>m4_s09_138_p_ic073.jpg</filename><folder>users/joselusava//santiago_2</folder><source><submittedBy>Jose Saca</submittedBy></source><imagesize><nrows>2970</nrows><ncols>4451</ncols></imagesize><object><name>m4_s09_138_p_ic073</name><deleted>0</deleted><verified>0</verified><occluded>no</occluded><attributes></attributes><parts><hasparts></hasparts><ispartof></ispartof></parts><date>22-10-20 20:47:57:184</date><id>0</id><type>bounding_box</type><polygon><username>anonymous</username><pt><x>593</x><y>596</y><time>22-10-20 20:47:54:091</time></pt><pt><x>3898</x><y>596</y><time>22-10-20 20:47:55:232</time></pt><pt><x>3898</x><y>2545</y><time>undefined</time></pt><pt><x>593</x><y>2545</y><time>undefined</time></pt><closed_date>22-10-20 20:47:55:233</closed_date></polygon></object></annotation>