<annotation><filename>m4_s04_037_p_ic047.jpg</filename><folder>users/joselusava//santiago_2</folder><source><submittedBy>Jose Saca</submittedBy></source><imagesize><nrows>2970</nrows><ncols>4451</ncols></imagesize><object><name>m4_s04_037_p_ic047</name><deleted>0</deleted><verified>0</verified><occluded>no</occluded><attributes></attributes><parts><hasparts></hasparts><ispartof></ispartof></parts><date>18-10-20 17:30:06:975</date><id>0</id><type>bounding_box</type><polygon><username>anonymous</username><pt><x>1635</x><y>343</y><time>18-10-20 17:30:02:204</time></pt><pt><x>3081</x><y>343</y><time>18-10-20 17:30:04:135</time></pt><pt><x>3081</x><y>2731</y><time>undefined</time></pt><pt><x>1635</x><y>2731</y><time>undefined</time></pt><closed_date>18-10-20 17:30:04:136</closed_date></polygon></object></annotation>