<annotation><filename>m4_s04_039_p_nic017.jpg</filename><folder>users/joselusava//santiago_2</folder><source><submittedBy>Jose Saca</submittedBy></source><imagesize><nrows>2970</nrows><ncols>4451</ncols></imagesize><object><name>m4_s04_039_p_nic017</name><deleted>0</deleted><verified>0</verified><occluded>no</occluded><attributes></attributes><parts><hasparts></hasparts><ispartof></ispartof></parts><date>21-10-20 20:58:57:430</date><id>0</id><type>bounding_box</type><polygon><username>anonymous</username><pt><x>693</x><y>343</y><time>21-10-20 20:58:54:032</time></pt><pt><x>1356</x><y>343</y><time>21-10-20 20:58:55:379</time></pt><pt><x>1356</x><y>2799</y><time>undefined</time></pt><pt><x>693</x><y>2799</y><time>undefined</time></pt><closed_date>21-10-20 20:58:55:380</closed_date></polygon></object></annotation>