<annotation><filename>m1_s02_036_p_ic075.jpg</filename><folder>users/joselusava//valeria/sala2_036_ic</folder><source><submittedBy>Jose Saca</submittedBy></source><imagesize><nrows>3200</nrows><ncols>4800</ncols></imagesize><object><name>m1_s01_036_p_ic075</name><deleted>0</deleted><verified>0</verified><occluded>no</occluded><attributes></attributes><parts><hasparts></hasparts><ispartof></ispartof></parts><date>23-08-20 23:03:09:236</date><id>0</id><type>bounding_box</type><polygon><username>anonymous</username><pt><x>800</x><y>86</y><time>23-08-20 23:03:00:940</time></pt><pt><x>4360</x><y>86</y><time>23-08-20 23:03:05:361</time></pt><pt><x>4360</x><y>3125</y><time>undefined</time></pt><pt><x>800</x><y>3125</y><time>undefined</time></pt><closed_date>23-08-20 23:03:05:362</closed_date></polygon></object></annotation>