<annotation><filename>m2_s01_010_p_ic003.jpg</filename><folder>users/joselusava//santiago</folder><source><submittedBy>Jose Saca</submittedBy></source><imagesize><nrows>2850</nrows><ncols>4271</ncols></imagesize><object><name>m2_s01_010_p_ic003</name><deleted>0</deleted><verified>0</verified><occluded>no</occluded><attributes></attributes><parts><hasparts></hasparts><ispartof></ispartof></parts><date>21-09-20 14:57:46:264</date><id>0</id><type>bounding_box</type><polygon><username>anonymous</username><pt><x>1484</x><y>606</y><time>21-09-20 14:57:36:865</time></pt><pt><x>3106</x><y>606</y><time>21-09-20 14:57:39:615</time></pt><pt><x>3106</x><y>2218</y><time>undefined</time></pt><pt><x>1484</x><y>2218</y><time>undefined</time></pt><closed_date>21-09-20 14:57:39:617</closed_date></polygon></object></annotation>