<annotation><filename>m2_s03_219_p_nic087.jpg</filename><folder>users/joselusava//valeria/m2_sala03_219_nic</folder><source><submittedBy>Jose Saca</submittedBy></source><imagesize><nrows>2910</nrows><ncols>4361</ncols></imagesize><object><name>m2_s03_219_p_nic087</name><deleted>0</deleted><verified>0</verified><occluded>no</occluded><attributes></attributes><parts><hasparts></hasparts><ispartof></ispartof></parts><date>29-09-20 19:48:09:801</date><id>0</id><type>bounding_box</type><polygon><username>anonymous</username><pt><x>1901</x><y>2403</y><time>29-09-20 19:48:03:768</time></pt><pt><x>623</x><y>2403</y><time>29-09-20 19:48:06:434</time></pt><pt><x>623</x><y>485</y><time>undefined</time></pt><pt><x>1901</x><y>485</y><time>undefined</time></pt><closed_date>29-09-20 19:48:06:436</closed_date></polygon></object></annotation>