<annotation><filename>m4_s04_039_p_nic035.jpg</filename><folder>users/joselusava//santiago_2</folder><source><submittedBy>Jose Saca</submittedBy></source><imagesize><nrows>2970</nrows><ncols>4451</ncols></imagesize><object><name>m4_s04_039_p_nic035</name><deleted>0</deleted><verified>0</verified><occluded>no</occluded><attributes></attributes><parts><hasparts></hasparts><ispartof></ispartof></parts><date>21-10-20 21:12:20:692</date><id>0</id><type>bounding_box</type><polygon><username>anonymous</username><pt><x>3231</x><y>236</y><time>21-10-20 21:12:17:195</time></pt><pt><x>3873</x><y>236</y><time>21-10-20 21:12:18:414</time></pt><pt><x>3873</x><y>2584</y><time>undefined</time></pt><pt><x>3231</x><y>2584</y><time>undefined</time></pt><closed_date>21-10-20 21:12:18:414</closed_date></polygon></object></annotation>