<annotation><filename>m2_s01_018_p_ic098.jpg</filename><folder>users/joselusava//santiago_2</folder><source><submittedBy>Jose Saca</submittedBy></source><imagesize><nrows>2850</nrows><ncols>4271</ncols></imagesize><object><name>m2_s01_018_p_ic098</name><deleted>0</deleted><verified>0</verified><occluded>no</occluded><attributes></attributes><parts><hasparts></hasparts><ispartof></ispartof></parts><date>28-09-20 18:53:18:675</date><id>0</id><type>bounding_box</type><polygon><username>anonymous</username><pt><x>1577</x><y>776</y><time>28-09-20 18:53:15:431</time></pt><pt><x>2606</x><y>776</y><time>28-09-20 18:53:16:669</time></pt><pt><x>2606</x><y>1991</y><time>undefined</time></pt><pt><x>1577</x><y>1991</y><time>undefined</time></pt><closed_date>28-09-20 18:53:16:671</closed_date></polygon></object></annotation>