<annotation><filename>m4_s05_052_p_ic049.jpg</filename><folder>users/joselusava//santiago_2</folder><source><submittedBy>Jose Saca</submittedBy></source><imagesize><nrows>2910</nrows><ncols>4361</ncols></imagesize><object><name>m4_s05_052_p_ic049</name><deleted>0</deleted><verified>0</verified><occluded>no</occluded><attributes></attributes><parts><hasparts></hasparts><ispartof></ispartof></parts><date>07-10-20 22:27:36:509</date><id>0</id><type>bounding_box</type><polygon><username>anonymous</username><pt><x>1292</x><y>464</y><time>07-10-20 22:27:31:403</time></pt><pt><x>2997</x><y>464</y><time>07-10-20 22:27:34:172</time></pt><pt><x>2997</x><y>2345</y><time>undefined</time></pt><pt><x>1292</x><y>2345</y><time>undefined</time></pt><closed_date>07-10-20 22:27:34:174</closed_date></polygon></object></annotation>