<annotation><filename>m1_s01_001_p_nic051.jpg</filename><folder>users/joselusava//juancarlos</folder><source><submittedBy>Jose Saca</submittedBy></source><imagesize><nrows>3200</nrows><ncols>4800</ncols></imagesize><object><name>m1_s01_001_p_nic051</name><deleted>0</deleted><verified>0</verified><occluded>no</occluded><attributes></attributes><parts><hasparts></hasparts><ispartof></ispartof></parts><date>09-09-20 17:05:08:867</date><id>0</id><type>bounding_box</type><polygon><username>anonymous</username><pt><x>1358</x><y>1879</y><time>09-09-20 17:04:49:624</time></pt><pt><x>2879</x><y>1879</y><time>09-09-20 17:04:52:711</time></pt><pt><x>2879</x><y>2800</y><time>undefined</time></pt><pt><x>1358</x><y>2800</y><time>undefined</time></pt><closed_date>09-09-20 17:04:52:712</closed_date></polygon></object></annotation>