<annotation><filename>m1_s01_004_p_nic095.jpg</filename><folder>users/joselusava//valeria_apoyo/sala01_004_nic</folder><source><submittedBy>Jose Saca</submittedBy></source><imagesize><nrows>3200</nrows><ncols>4800</ncols></imagesize><object><name>m1_s01_004_p_nic095</name><deleted>0</deleted><verified>0</verified><occluded>no</occluded><attributes></attributes><parts><hasparts></hasparts><ispartof></ispartof></parts><date>17-09-20 20:39:33:338</date><id>0</id><type>bounding_box</type><polygon><username>anonymous</username><pt><x>218</x><y>1224</y><time>17-09-20 20:39:27:413</time></pt><pt><x>3018</x><y>1224</y><time>17-09-20 20:39:29:975</time></pt><pt><x>3018</x><y>327</y><time>undefined</time></pt><pt><x>218</x><y>327</y><time>undefined</time></pt><closed_date>17-09-20 20:39:29:976</closed_date></polygon></object></annotation>