<annotation><filename>m1_s02_036_p_nic065.jpg</filename><folder>users/joselusava//valeria/sala2_036_nic</folder><source><submittedBy>Jose Saca</submittedBy></source><imagesize><nrows>3200</nrows><ncols>4800</ncols></imagesize><object><name>m1_s02_036_p_nic065</name><deleted>0</deleted><verified>0</verified><occluded>no</occluded><attributes></attributes><parts><hasparts></hasparts><ispartof></ispartof></parts><date>27-08-20 01:08:25:255</date><id>0</id><type>bounding_box</type><polygon><username>anonymous</username><pt><x>4290</x><y>2620</y><time>27-08-20 01:08:17:128</time></pt><pt><x>1992</x><y>2620</y><time>27-08-20 01:08:21:230</time></pt><pt><x>1992</x><y>446</y><time>undefined</time></pt><pt><x>4290</x><y>446</y><time>undefined</time></pt><closed_date>27-08-20 01:08:21:232</closed_date></polygon></object></annotation>