<annotation><filename>m4_s09_138_p_ic020.jpg</filename><folder>users/joselusava//santiago_2</folder><source><submittedBy>Jose Saca</submittedBy></source><imagesize><nrows>2970</nrows><ncols>4451</ncols></imagesize><object><name>m4_s09_138_p_ic020</name><deleted>0</deleted><verified>0</verified><occluded>no</occluded><attributes></attributes><parts><hasparts></hasparts><ispartof></ispartof></parts><date>22-10-20 13:57:12:061</date><id>0</id><type>bounding_box</type><polygon><username>anonymous</username><pt><x>311</x><y>286</y><time>22-10-20 13:57:08:330</time></pt><pt><x>4284</x><y>286</y><time>22-10-20 13:57:10:066</time></pt><pt><x>4284</x><y>2181</y><time>undefined</time></pt><pt><x>311</x><y>2181</y><time>undefined</time></pt><closed_date>22-10-20 13:57:10:066</closed_date></polygon></object></annotation>