<annotation><filename>m2_s03_219_p_nic086.jpg</filename><folder>users/joselusava//valeria/m2_sala03_219_nic</folder><source><submittedBy>Jose Saca</submittedBy></source><imagesize><nrows>2910</nrows><ncols>4361</ncols></imagesize><object><name>m2_s03_219_p_nic086</name><deleted>0</deleted><verified>0</verified><occluded>no</occluded><attributes></attributes><parts><hasparts></hasparts><ispartof></ispartof></parts><date>29-09-20 19:44:27:390</date><id>0</id><type>bounding_box</type><polygon><username>anonymous</username><pt><x>1731</x><y>2375</y><time>29-09-20 19:44:21:624</time></pt><pt><x>402</x><y>2375</y><time>29-09-20 19:44:24:269</time></pt><pt><x>402</x><y>491</y><time>undefined</time></pt><pt><x>1731</x><y>491</y><time>undefined</time></pt><closed_date>29-09-20 19:44:24:270</closed_date></polygon></object></annotation>