<annotation><filename>m4_s10_164_p_nic035.jpg</filename><folder>users/joselusava//santiago_2</folder><source><submittedBy>Jose Saca</submittedBy></source><imagesize><nrows>2970</nrows><ncols>4451</ncols></imagesize><object><name>m4_s10_164_p_nic035</name><deleted>0</deleted><verified>0</verified><occluded>no</occluded><attributes></attributes><parts><hasparts></hasparts><ispartof></ispartof></parts><date>14-10-20 00:03:14:365</date><id>0</id><type>bounding_box</type><polygon><username>anonymous</username><pt><x>3430</x><y>1849</y><time>14-10-20 00:03:10:778</time></pt><pt><x>4044</x><y>1849</y><time>14-10-20 00:03:11:523</time></pt><pt><x>4044</x><y>2617</y><time>undefined</time></pt><pt><x>3430</x><y>2617</y><time>undefined</time></pt><closed_date>14-10-20 00:03:11:524</closed_date></polygon></object></annotation>