<annotation><filename>m2_s03_248_p_ic007.jpg</filename><folder>users/joselusava//museos2020</folder><source><submittedBy>Jose Saca</submittedBy></source><imagesize><nrows>2910</nrows><ncols>4361</ncols></imagesize><object><name>m2_s03_248_p_ic007</name><deleted>0</deleted><verified>0</verified><occluded>no</occluded><attributes></attributes><parts><hasparts></hasparts><ispartof></ispartof></parts><date>26-09-20 22:18:15:034</date><id>0</id><polygon><username>anonymous</username><pt><x>381</x><y>576</y><time>26-09-20 22:18:04:918</time></pt><pt><x>1162</x><y>2069</y><time>26-09-20 22:18:05:720</time></pt><pt><x>4044</x><y>981</y><time>26-09-20 22:18:07:463</time></pt><pt><x>3789</x><y>665</y><time>26-09-20 22:18:08:454</time></pt><closed_date>26-09-20 22:18:09:614</closed_date></polygon></object></annotation>