<annotation><filename>m1_s01_017_p_ic074.jpg</filename><folder>users/joselusava//santiago</folder><source><submittedBy>Jose Saca</submittedBy></source><imagesize><nrows>3200</nrows><ncols>4800</ncols></imagesize><object><name>m1_s01_017_p_ic074</name><deleted>0</deleted><verified>0</verified><occluded>no</occluded><attributes></attributes><parts><hasparts></hasparts><ispartof></ispartof></parts><date>10-09-20 22:56:37:020</date><id>0</id><type>bounding_box</type><polygon><username>anonymous</username><pt><x>1238</x><y>839</y><time>10-09-20 22:56:27:850</time></pt><pt><x>3002</x><y>839</y><time>10-09-20 22:56:29:812</time></pt><pt><x>3002</x><y>2297</y><time>undefined</time></pt><pt><x>1238</x><y>2297</y><time>undefined</time></pt><closed_date>10-09-20 22:56:29:813</closed_date></polygon></object></annotation>