<annotation><filename>m4_s02_015_p_nic070.jpg</filename><folder>users/joselusava//m4_js/15nic</folder><source><submittedBy>Jose Saca</submittedBy></source><imagesize><nrows>2910</nrows><ncols>4361</ncols></imagesize><object><name>m4_s02_015_p_nic070</name><deleted>0</deleted><verified>0</verified><occluded>no</occluded><attributes></attributes><parts><hasparts></hasparts><ispartof></ispartof></parts><date>06-10-20 20:10:42:618</date><id>0</id><type>bounding_box</type><polygon><username>anonymous</username><pt><x>165</x><y>165</y><time>06-10-20 20:10:40:810</time></pt><pt><x>1915</x><y>165</y><time>06-10-20 20:10:42:100</time></pt><pt><x>1915</x><y>2115</y><time>undefined</time></pt><pt><x>165</x><y>2115</y><time>undefined</time></pt><closed_date>06-10-20 20:10:42:101</closed_date></polygon></object></annotation>