<annotation><filename>m2_s01_054_p_ic003.jpg</filename><folder>users/joselusava//kath</folder><source><submittedBy>Jose Saca</submittedBy></source><imagesize><nrows>2850</nrows><ncols>4271</ncols></imagesize><object><name>m2_s01_054_p_ic003</name><deleted>0</deleted><verified>0</verified><occluded>no</occluded><attributes></attributes><parts><hasparts></hasparts><ispartof></ispartof></parts><date>29-09-20 21:25:14:778</date><id>0</id><type>bounding_box</type><polygon><username>anonymous</username><pt><x>1334</x><y>435</y><time>29-09-20 21:25:06:692</time></pt><pt><x>2872</x><y>435</y><time>29-09-20 21:25:11:927</time></pt><pt><x>2872</x><y>2487</y><time>undefined</time></pt><pt><x>1334</x><y>2487</y><time>undefined</time></pt><closed_date>29-09-20 21:25:11:928</closed_date></polygon></object></annotation>