<annotation><filename>m4_s04_037_p_ic084.jpg</filename><folder>users/joselusava//santiago_2</folder><source><submittedBy>Jose Saca</submittedBy></source><imagesize><nrows>2970</nrows><ncols>4451</ncols></imagesize><object><name>m4_s04_037_p_ic084</name><deleted>0</deleted><verified>0</verified><occluded>no</occluded><attributes></attributes><parts><hasparts></hasparts><ispartof></ispartof></parts><date>18-10-20 22:21:27:891</date><id>0</id><type>bounding_box</type><polygon><username>anonymous</username><pt><x>1885</x><y>550</y><time>18-10-20 22:21:24:481</time></pt><pt><x>3077</x><y>550</y><time>18-10-20 22:21:25:655</time></pt><pt><x>3077</x><y>2417</y><time>undefined</time></pt><pt><x>1885</x><y>2417</y><time>undefined</time></pt><closed_date>18-10-20 22:21:25:657</closed_date></polygon></object></annotation>