<annotation><filename>m2_s01_024_p_ic043.jpg</filename><folder>users/joselusava//santiago</folder><source><submittedBy>Jose Saca</submittedBy></source><imagesize><nrows>2850</nrows><ncols>4271</ncols></imagesize><object><name>m2_s01_024_p_ic043</name><deleted>0</deleted><verified>0</verified><occluded>no</occluded><attributes></attributes><parts><hasparts></hasparts><ispartof></ispartof></parts><date>24-09-20 16:44:40:748</date><id>0</id><type>bounding_box</type><polygon><username>anonymous</username><pt><x>952</x><y>256</y><time>24-09-20 16:44:32:609</time></pt><pt><x>2504</x><y>256</y><time>24-09-20 16:44:34:852</time></pt><pt><x>2504</x><y>2751</y><time>undefined</time></pt><pt><x>952</x><y>2751</y><time>undefined</time></pt><closed_date>24-09-20 16:44:34:853</closed_date></polygon></object></annotation>