<annotation><filename>m2_s03_248_p_ic060.jpg</filename><folder>users/joselusava//museos2020</folder><source><submittedBy>Jose Saca</submittedBy></source><imagesize><nrows>2910</nrows><ncols>4361</ncols></imagesize><object><name>m2_s03_248_p_ic060</name><deleted>0</deleted><verified>0</verified><occluded>no</occluded><attributes></attributes><parts><hasparts></hasparts><ispartof></ispartof></parts><date>27-09-20 08:49:06:812</date><id>0</id><type>bounding_box</type><polygon><username>anonymous</username><pt><x>9</x><y>465</y><time>27-09-20 08:48:59:108</time></pt><pt><x>4346</x><y>465</y><time>27-09-20 08:49:00:842</time></pt><pt><x>4346</x><y>2217</y><time>undefined</time></pt><pt><x>9</x><y>2217</y><time>undefined</time></pt><closed_date>27-09-20 08:49:00:843</closed_date></polygon></object></annotation>