<annotation><filename>m1_s06_168_p_nic097.jpg</filename><folder>users/joselusava//jacob_2/168nic</folder><source><submittedBy>Jose Saca</submittedBy></source><imagesize><nrows>2736</nrows><ncols>4100</ncols></imagesize><object><name>m1_s06_168_p_nic097</name><deleted>0</deleted><verified>0</verified><occluded>no</occluded><attributes></attributes><parts><hasparts></hasparts><ispartof></ispartof></parts><date>09-09-20 11:03:37:029</date><id>0</id><type>bounding_box</type><polygon><username>anonymous</username><pt><x>581</x><y>2095</y><time>09-09-20 11:03:35:188</time></pt><pt><x>1866</x><y>2095</y><time>09-09-20 11:03:36:387</time></pt><pt><x>1866</x><y>516</y><time>undefined</time></pt><pt><x>581</x><y>516</y><time>undefined</time></pt><closed_date>09-09-20 11:03:36:388</closed_date></polygon></object></annotation>