<annotation><filename>m3_s01_018_p_ic025.jpg</filename><folder>users/joselusava//m4_js/18/ic</folder><source><submittedBy>Jose Saca</submittedBy></source><imagesize><nrows>2970</nrows><ncols>4451</ncols></imagesize><object><name>m3_s01_018_p_ic025</name><deleted>0</deleted><verified>0</verified><occluded>no</occluded><attributes></attributes><parts><hasparts></hasparts><ispartof></ispartof></parts><date>05-11-20 13:59:09:604</date><id>0</id><type>bounding_box</type><polygon><username>anonymous</username><pt><x>3346</x><y>2715</y><time>05-11-20 13:59:06:440</time></pt><pt><x>979</x><y>2715</y><time>05-11-20 13:59:08:813</time></pt><pt><x>979</x><y>137</y><time>undefined</time></pt><pt><x>3346</x><y>137</y><time>undefined</time></pt><closed_date>05-11-20 13:59:08:814</closed_date></polygon></object></annotation>