<annotation><filename>m2_s06_244_p_ic051.jpg</filename><folder>users/joselusava//museos2020</folder><source><submittedBy>Jose Saca</submittedBy></source><imagesize><nrows>2910</nrows><ncols>4361</ncols></imagesize><object><name>m2_s06_244_p_ic051</name><deleted>0</deleted><verified>0</verified><occluded>no</occluded><attributes></attributes><parts><hasparts></hasparts><ispartof></ispartof></parts><date>22-09-20 14:21:20:973</date><id>0</id><type>bounding_box</type><polygon><username>anonymous</username><pt><x>846</x><y>917</y><time>22-09-20 14:20:48:131</time></pt><pt><x>3082</x><y>917</y><time>22-09-20 14:20:49:712</time></pt><pt><x>3082</x><y>2243</y><time>undefined</time></pt><pt><x>846</x><y>2243</y><time>undefined</time></pt><closed_date>22-09-20 14:20:49:714</closed_date></polygon></object></annotation>