<annotation><filename>m4_s12_186_p_nic053.jpg</filename><folder>users/joselusava//m4_js/186/nic</folder><source><submittedBy>Jose Saca</submittedBy></source><imagesize><nrows>3899</nrows><ncols>5844</ncols></imagesize><object><name>m4_s12_186_p_nic053</name><deleted>0</deleted><verified>0</verified><occluded>no</occluded><attributes></attributes><parts><hasparts></hasparts><ispartof></ispartof></parts><date>18-10-20 12:05:23:200</date><id>0</id><type>bounding_box</type><polygon><username>anonymous</username><pt><x>2356</x><y>3254</y><time>18-10-20 12:05:19:891</time></pt><pt><x>35</x><y>3254</y><time>18-10-20 12:05:21:811</time></pt><pt><x>35</x><y>35</y><time>undefined</time></pt><pt><x>2356</x><y>35</y><time>undefined</time></pt><closed_date>18-10-20 12:05:21:811</closed_date></polygon></object></annotation>