<annotation><filename>m2_s01_056_p_ic027.jpg</filename><folder>users/joselusava//m2_jsv/56/ic</folder><source><submittedBy>Jose Saca</submittedBy></source><imagesize><nrows>2850</nrows><ncols>4271</ncols></imagesize><object><name>m2_s01_056_p_ic027</name><deleted>0</deleted><verified>0</verified><occluded>no</occluded><attributes></attributes><parts><hasparts></hasparts><ispartof></ispartof></parts><date>28-09-20 21:34:04:251</date><id>0</id><type>bounding_box</type><polygon><username>anonymous</username><pt><x>2938</x><y>2751</y><time>28-09-20 21:34:01:539</time></pt><pt><x>951</x><y>2751</y><time>28-09-20 21:34:03:373</time></pt><pt><x>951</x><y>127</y><time>undefined</time></pt><pt><x>2938</x><y>127</y><time>undefined</time></pt><closed_date>28-09-20 21:34:03:373</closed_date></polygon></object></annotation>