<annotation><filename>m4_s07_105_p_nic065.jpg</filename><folder>users/joselusava//kath/m4_105/nic</folder><source><submittedBy>Jose Saca</submittedBy></source><imagesize><nrows>2970</nrows><ncols>4451</ncols></imagesize><object><name>m4_s07_105_p_nic065</name><deleted>0</deleted><verified>0</verified><occluded>no</occluded><attributes></attributes><parts><hasparts></hasparts><ispartof></ispartof></parts><date>03-11-20 09:02:27:687</date><id>0</id><type>bounding_box</type><polygon><username>anonymous</username><pt><x>476</x><y>2384</y><time>03-11-20 09:02:22:756</time></pt><pt><x>1350</x><y>2384</y><time>03-11-20 09:02:23:827</time></pt><pt><x>1350</x><y>889</y><time>undefined</time></pt><pt><x>476</x><y>889</y><time>undefined</time></pt><closed_date>03-11-20 09:02:23:828</closed_date></polygon></object></annotation>