<annotation><filename>m2_s06_244_p_nic065.jpg</filename><folder>users/joselusava//museos2020</folder><source><submittedBy>Jose Saca</submittedBy></source><imagesize><nrows>2910</nrows><ncols>4361</ncols></imagesize><object><name>m2_s06_244_p_ic065</name><deleted>0</deleted><verified>0</verified><occluded>no</occluded><attributes></attributes><parts><hasparts></hasparts><ispartof></ispartof></parts><date>25-09-20 19:26:55:563</date><id>0</id><type>bounding_box</type><polygon><username>anonymous</username><pt><x>999</x><y>395</y><time>25-09-20 19:26:46:725</time></pt><pt><x>2738</x><y>395</y><time>25-09-20 19:26:47:975</time></pt><pt><x>2738</x><y>1171</y><time>undefined</time></pt><pt><x>999</x><y>1171</y><time>undefined</time></pt><closed_date>25-09-20 19:26:47:976</closed_date></polygon></object></annotation>