<annotation><filename>m4_s10_157_p_ic077.jpg</filename><folder>users/joselusava//valeria/m04_s10_157_nic</folder><source><submittedBy>Jose Saca</submittedBy></source><imagesize><nrows>2970</nrows><ncols>4451</ncols></imagesize><object><name>m4_s10_157_p_nic077</name><deleted>0</deleted><verified>0</verified><occluded>no</occluded><attributes></attributes><parts><hasparts></hasparts><ispartof></ispartof></parts><date>12-10-20 21:41:19:764</date><id>0</id><type>bounding_box</type><polygon><username>anonymous</username><pt><x>1873</x><y>2869</y><time>12-10-20 21:40:47:715</time></pt><pt><x>3690</x><y>2869</y><time>12-10-20 21:40:50:007</time></pt><pt><x>3690</x><y>743</y><time>undefined</time></pt><pt><x>1873</x><y>743</y><time>undefined</time></pt><closed_date>12-10-20 21:40:50:007</closed_date></polygon></object></annotation>