<annotation><filename>m2_s05_236_p_nic078.jpg</filename><folder>users/joselusava//museos2020</folder><source><submittedBy>Jose Saca</submittedBy></source><imagesize><nrows>2910</nrows><ncols>4361</ncols></imagesize><object><name>m2_s05_236_p_nic078</name><deleted>0</deleted><verified>0</verified><occluded>no</occluded><attributes></attributes><parts><hasparts></hasparts><ispartof></ispartof></parts><date>17-09-20 09:07:21:003</date><id>0</id><type>bounding_box</type><polygon><username>anonymous</username><pt><x>948</x><y>614</y><time>17-09-20 09:07:09:264</time></pt><pt><x>3858</x><y>614</y><time>17-09-20 09:07:12:984</time></pt><pt><x>3858</x><y>2589</y><time>undefined</time></pt><pt><x>948</x><y>2589</y><time>undefined</time></pt><closed_date>17-09-20 09:07:12:985</closed_date></polygon></object></annotation>