<annotation><filename>m2_s02_085_p_ic043.jpg</filename><folder>users/joselusava//m2_jsv/85/ic</folder><source><submittedBy>Jose Saca</submittedBy></source><imagesize><nrows>2910</nrows><ncols>4361</ncols></imagesize><object><name>m2_s02_085_p_ic043</name><deleted>0</deleted><verified>0</verified><occluded>no</occluded><attributes></attributes><parts><hasparts></hasparts><ispartof></ispartof></parts><date>17-09-20 19:46:57:251</date><id>0</id><type>bounding_box</type><polygon><username>anonymous</username><pt><x>1445</x><y>966</y><time>17-09-20 19:46:55:120</time></pt><pt><x>2777</x><y>966</y><time>17-09-20 19:46:56:712</time></pt><pt><x>2777</x><y>2490</y><time>undefined</time></pt><pt><x>1445</x><y>2490</y><time>undefined</time></pt><closed_date>17-09-20 19:46:56:712</closed_date></polygon></object></annotation>