<annotation><filename>m4_s10_154_p_ic090.jpg</filename><folder>users/joselusava//valeria/m04_s10_154_ic</folder><source><submittedBy>Jose Saca</submittedBy></source><imagesize><nrows>2970</nrows><ncols>4451</ncols></imagesize><object><name>m4_s10_154_p_ic090</name><deleted>0</deleted><verified>0</verified><occluded>no</occluded><attributes></attributes><parts><hasparts></hasparts><ispartof></ispartof></parts><date>13-10-20 23:18:05:380</date><id>0</id><type>bounding_box</type><polygon><username>anonymous</username><pt><x>948</x><y>2644</y><time>13-10-20 23:17:59:233</time></pt><pt><x>3147</x><y>2644</y><time>13-10-20 23:18:00:905</time></pt><pt><x>3147</x><y>463</y><time>undefined</time></pt><pt><x>948</x><y>463</y><time>undefined</time></pt><closed_date>13-10-20 23:18:00:907</closed_date></polygon></object></annotation>