<annotation><filename>m4_s06_089_p_ic050.jpg</filename><folder>users/joselusava//santiago_2</folder><source><submittedBy>Jose Saca</submittedBy></source><imagesize><nrows>2970</nrows><ncols>4451</ncols></imagesize><object><name>m4_s06_089_p_ic050</name><deleted>0</deleted><verified>0</verified><occluded>no</occluded><attributes></attributes><parts><hasparts></hasparts><ispartof></ispartof></parts><date>11-10-20 18:41:58:600</date><id>0</id><type>bounding_box</type><polygon><username>anonymous</username><pt><x>1612</x><y>431</y><time>11-10-20 18:41:53:774</time></pt><pt><x>2740</x><y>431</y><time>11-10-20 18:41:56:485</time></pt><pt><x>2740</x><y>2631</y><time>undefined</time></pt><pt><x>1612</x><y>2631</y><time>undefined</time></pt><closed_date>11-10-20 18:41:56:485</closed_date></polygon></object></annotation>