<annotation><filename>m2_s01_018_p_nic098.jpg</filename><folder>users/joselusava//santiago_2</folder><source><submittedBy>Jose Saca</submittedBy></source><imagesize><nrows>2850</nrows><ncols>4271</ncols></imagesize><object><name>m2_s01_018_p_nic098</name><deleted>0</deleted><verified>0</verified><occluded>no</occluded><attributes></attributes><parts><hasparts></hasparts><ispartof></ispartof></parts><date>29-09-20 19:17:37:779</date><id>0</id><type>bounding_box</type><polygon><username>anonymous</username><pt><x>266</x><y>625</y><time>29-09-20 19:17:34:526</time></pt><pt><x>885</x><y>625</y><time>29-09-20 19:17:35:524</time></pt><pt><x>885</x><y>1250</y><time>undefined</time></pt><pt><x>266</x><y>1250</y><time>undefined</time></pt><closed_date>29-09-20 19:17:35:526</closed_date></polygon></object></annotation>