<annotation><filename>m3_s01_023_p_ic089.jpg</filename><folder>users/joselusava//santiago_3</folder><source><submittedBy>Jose Saca</submittedBy></source><imagesize><nrows>2970</nrows><ncols>4451</ncols></imagesize><object><name>m3_s01_023_p_ic089</name><deleted>0</deleted><verified>0</verified><occluded>no</occluded><attributes></attributes><parts><hasparts></hasparts><ispartof></ispartof></parts><date>04-11-20 21:05:16:684</date><id>0</id><type>bounding_box</type><polygon><username>anonymous</username><pt><x>436</x><y>639</y><time>04-11-20 21:05:12:480</time></pt><pt><x>4141</x><y>639</y><time>04-11-20 21:05:14:206</time></pt><pt><x>4141</x><y>2667</y><time>undefined</time></pt><pt><x>436</x><y>2667</y><time>undefined</time></pt><closed_date>04-11-20 21:05:14:208</closed_date></polygon></object></annotation>