<annotation><filename>m4_s05_055_p_nic008.jpg</filename><folder>users/joselusava//valeria/m4_s05_055_nic</folder><source><submittedBy>Jose Saca</submittedBy></source><imagesize><nrows>2910</nrows><ncols>4361</ncols></imagesize><object><name>m4_s05_055_p_nic008</name><deleted>0</deleted><verified>0</verified><occluded>no</occluded><attributes></attributes><parts><hasparts></hasparts><ispartof></ispartof></parts><date>09-10-20 15:33:13:283</date><id>0</id><type>bounding_box</type><polygon><username>anonymous</username><pt><x>3274</x><y>61</y><time>09-10-20 15:33:07:389</time></pt><pt><x>1896</x><y>61</y><time>09-10-20 15:33:09:769</time></pt><pt><x>1896</x><y>1725</y><time>undefined</time></pt><pt><x>3274</x><y>1725</y><time>undefined</time></pt><closed_date>09-10-20 15:33:09:771</closed_date></polygon></object></annotation>