<annotation><filename>m2_s01_024_p_ic099.jpg</filename><folder>users/joselusava//santiago</folder><source><submittedBy>Jose Saca</submittedBy></source><imagesize><nrows>2850</nrows><ncols>4271</ncols></imagesize><object><name>m2_s01_024_p_ic099</name><deleted>0</deleted><verified>0</verified><occluded>no</occluded><attributes></attributes><parts><hasparts></hasparts><ispartof></ispartof></parts><date>24-09-20 23:17:07:448</date><id>0</id><type>bounding_box</type><polygon><username>anonymous</username><pt><x>1234</x><y>346</y><time>24-09-20 23:16:59:964</time></pt><pt><x>2869</x><y>346</y><time>24-09-20 23:17:01:886</time></pt><pt><x>2869</x><y>2680</y><time>undefined</time></pt><pt><x>1234</x><y>2680</y><time>undefined</time></pt><closed_date>24-09-20 23:17:01:888</closed_date></polygon></object></annotation>