<annotation><filename>m3_s01_010_p_ic010.jpg</filename><folder>users/joselusava//m4_js/m3/10/ic</folder><source><submittedBy>Jose Saca</submittedBy></source><imagesize><nrows>2970</nrows><ncols>4451</ncols></imagesize><object><name>m3_s01_010_p_ic010</name><deleted>0</deleted><verified>0</verified><occluded>no</occluded><attributes></attributes><parts><hasparts></hasparts><ispartof></ispartof></parts><date>29-10-20 09:43:37:419</date><id>0</id><type>bounding_box</type><polygon><username>anonymous</username><pt><x>3178</x><y>2736</y><time>29-10-20 09:43:34:645</time></pt><pt><x>979</x><y>2736</y><time>29-10-20 09:43:36:775</time></pt><pt><x>979</x><y>463</y><time>undefined</time></pt><pt><x>3178</x><y>463</y><time>undefined</time></pt><closed_date>29-10-20 09:43:36:776</closed_date></polygon></object></annotation>