<annotation><filename>m3_s01_023_p_ic011.jpg</filename><folder>users/joselusava//santiago_3</folder><source><submittedBy>Jose Saca</submittedBy></source><imagesize><nrows>2970</nrows><ncols>4451</ncols></imagesize><object><name>m3_s01_023_p_ic011</name><deleted>0</deleted><verified>0</verified><occluded>no</occluded><attributes></attributes><parts><hasparts></hasparts><ispartof></ispartof></parts><date>04-11-20 18:44:25:432</date><id>0</id><type>bounding_box</type><polygon><username>anonymous</username><pt><x>510</x><y>221</y><time>04-11-20 18:44:21:529</time></pt><pt><x>3877</x><y>221</y><time>04-11-20 18:44:23:288</time></pt><pt><x>3877</x><y>2524</y><time>undefined</time></pt><pt><x>510</x><y>2524</y><time>undefined</time></pt><closed_date>04-11-20 18:44:23:289</closed_date></polygon></object></annotation>