<annotation><filename>m4_s10_157_p_ic011.jpg</filename><folder>users/joselusava//valeria/m04_s10_157_nic</folder><source><submittedBy>Jose Saca</submittedBy></source><imagesize><nrows>2970</nrows><ncols>4451</ncols></imagesize><object><name>m4_s10_157_p_nic011</name><deleted>0</deleted><verified>0</verified><occluded>no</occluded><attributes></attributes><parts><hasparts></hasparts><ispartof></ispartof></parts><date>12-10-20 19:04:23:037</date><id>0</id><type>bounding_box</type><polygon><username>anonymous</username><pt><x>1817</x><y>2222</y><time>12-10-20 19:04:18:199</time></pt><pt><x>3690</x><y>2222</y><time>12-10-20 19:04:19:959</time></pt><pt><x>3690</x><y>174</y><time>undefined</time></pt><pt><x>1817</x><y>174</y><time>undefined</time></pt><closed_date>12-10-20 19:04:19:959</closed_date></polygon></object></annotation>