<annotation><filename>m4_s02_021_p_nic059.jpg</filename><folder>users/joselusava//santiago_2</folder><source><submittedBy>Jose Saca</submittedBy></source><imagesize><nrows>2910</nrows><ncols>4361</ncols></imagesize><object><name>m4_s02_021_p_nic059</name><deleted>0</deleted><verified>0</verified><occluded>no</occluded><attributes></attributes><parts><hasparts></hasparts><ispartof></ispartof></parts><date>05-10-20 11:15:38:213</date><id>0</id><type>bounding_box</type><polygon><username>anonymous</username><pt><x>2983</x><y>274</y><time>05-10-20 11:15:34:689</time></pt><pt><x>3991</x><y>274</y><time>05-10-20 11:15:36:065</time></pt><pt><x>3991</x><y>2110</y><time>undefined</time></pt><pt><x>2983</x><y>2110</y><time>undefined</time></pt><closed_date>05-10-20 11:15:36:065</closed_date></polygon></object></annotation>