<annotation><filename>m4_s10_164_p_ic032.jpg</filename><folder>users/joselusava//santiago_2</folder><source><submittedBy>Jose Saca</submittedBy></source><imagesize><nrows>2970</nrows><ncols>4451</ncols></imagesize><object><name>m4_s10_164_p_ic032</name><deleted>0</deleted><verified>0</verified><occluded>no</occluded><attributes></attributes><parts><hasparts></hasparts><ispartof></ispartof></parts><date>13-10-20 22:22:25:499</date><id>0</id><type>bounding_box</type><polygon><username>anonymous</username><pt><x>1863</x><y>1082</y><time>13-10-20 22:22:21:098</time></pt><pt><x>2452</x><y>1082</y><time>13-10-20 22:22:22:909</time></pt><pt><x>2452</x><y>1967</y><time>undefined</time></pt><pt><x>1863</x><y>1967</y><time>undefined</time></pt><closed_date>13-10-20 22:22:22:911</closed_date></polygon></object></annotation>