<annotation><filename>m4_s12_186_p_ic017.jpg</filename><folder>users/joselusava//m4_js/186/ic</folder><source><submittedBy>Jose Saca</submittedBy></source><imagesize><nrows>3899</nrows><ncols>5844</ncols></imagesize><object><name>m4_s12_186_p_ic016</name><deleted>0</deleted><verified>0</verified><occluded>no</occluded><attributes></attributes><parts><hasparts></hasparts><ispartof></ispartof></parts><date>18-10-20 10:15:45:321</date><id>0</id><type>bounding_box</type><polygon><username>anonymous</username><pt><x>1866</x><y>455</y><time>18-10-20 10:15:43:236</time></pt><pt><x>3814</x><y>455</y><time>18-10-20 10:15:44:770</time></pt><pt><x>3814</x><y>3488</y><time>undefined</time></pt><pt><x>1866</x><y>3488</y><time>undefined</time></pt><closed_date>18-10-20 10:15:44:770</closed_date></polygon></object></annotation>