<annotation><filename>m2_s01_056_p_ic047.jpg</filename><folder>users/joselusava//m2_jsv/56/ic</folder><source><submittedBy>Jose Saca</submittedBy></source><imagesize><nrows>2850</nrows><ncols>4271</ncols></imagesize><object><name>m2_s01_056_p_ic047</name><deleted>0</deleted><verified>0</verified><occluded>no</occluded><attributes></attributes><parts><hasparts></hasparts><ispartof></ispartof></parts><date>28-09-20 21:41:24:411</date><id>0</id><type>bounding_box</type><polygon><username>anonymous</username><pt><x>3014</x><y>2777</y><time>28-09-20 21:41:22:167</time></pt><pt><x>1104</x><y>2777</y><time>28-09-20 21:41:23:652</time></pt><pt><x>1104</x><y>25</y><time>undefined</time></pt><pt><x>3014</x><y>25</y><time>undefined</time></pt><closed_date>28-09-20 21:41:23:653</closed_date></polygon></object></annotation>