<annotation><filename>m1_s01_017_p_ic062.jpg</filename><folder>users/joselusava//santiago</folder><source><submittedBy>Jose Saca</submittedBy></source><imagesize><nrows>3200</nrows><ncols>4800</ncols></imagesize><object><name>m1_s01_017_p_ic062</name><deleted>0</deleted><verified>0</verified><occluded>no</occluded><attributes></attributes><parts><hasparts></hasparts><ispartof></ispartof></parts><date>10-09-20 22:39:54:740</date><id>0</id><type>bounding_box</type><polygon><username>anonymous</username><pt><x>1663</x><y>1260</y><time>10-09-20 22:39:45:904</time></pt><pt><x>2962</x><y>1260</y><time>10-09-20 22:39:48:461</time></pt><pt><x>2962</x><y>2246</y><time>undefined</time></pt><pt><x>1663</x><y>2246</y><time>undefined</time></pt><closed_date>10-09-20 22:39:48:461</closed_date></polygon></object></annotation>