<annotation><filename>m2_s01_010_p_ic098.jpg</filename><folder>users/joselusava//santiago</folder><source><submittedBy>Jose Saca</submittedBy></source><imagesize><nrows>2850</nrows><ncols>4271</ncols></imagesize><object><name>m2_s01_010_p_ic098</name><deleted>0</deleted><verified>0</verified><occluded>no</occluded><attributes></attributes><parts><hasparts></hasparts><ispartof></ispartof></parts><date>22-09-20 00:09:55:953</date><id>0</id><type>bounding_box</type><polygon><username>anonymous</username><pt><x>1090</x><y>340</y><time>22-09-20 00:09:46:041</time></pt><pt><x>3334</x><y>340</y><time>22-09-20 00:09:49:007</time></pt><pt><x>3334</x><y>2670</y><time>undefined</time></pt><pt><x>1090</x><y>2670</y><time>undefined</time></pt><closed_date>22-09-20 00:09:49:009</closed_date></polygon></object></annotation>