<annotation><filename>m4_s06_089_p_nic033.jpg</filename><folder>users/joselusava//santiago_2</folder><source><submittedBy>Jose Saca</submittedBy></source><imagesize><nrows>2970</nrows><ncols>4451</ncols></imagesize><object><name>m4_s06_089_p_nic033</name><deleted>0</deleted><verified>0</verified><occluded>no</occluded><attributes></attributes><parts><hasparts></hasparts><ispartof></ispartof></parts><date>12-10-20 20:58:17:124</date><id>0</id><type>bounding_box</type><polygon><username>anonymous</username><pt><x>1953</x><y>243</y><time>12-10-20 20:58:13:400</time></pt><pt><x>3527</x><y>243</y><time>12-10-20 20:58:15:096</time></pt><pt><x>3527</x><y>1913</y><time>undefined</time></pt><pt><x>1953</x><y>1913</y><time>undefined</time></pt><closed_date>12-10-20 20:58:15:097</closed_date></polygon></object></annotation>