<annotation><filename>m2_s01_054_p_ic081.jpg</filename><folder>users/joselusava//kath</folder><source><submittedBy>Jose Saca</submittedBy></source><imagesize><nrows>2850</nrows><ncols>4271</ncols></imagesize><object><name>m2_s01_054_p_ic081</name><deleted>0</deleted><verified>0</verified><occluded>no</occluded><attributes></attributes><parts><hasparts></hasparts><ispartof></ispartof></parts><date>29-09-20 23:58:36:099</date><id>0</id><type>bounding_box</type><polygon><username>anonymous</username><pt><x>2878</x><y>330</y><time>29-09-20 23:58:28:784</time></pt><pt><x>1081</x><y>330</y><time>29-09-20 23:58:32:789</time></pt><pt><x>1081</x><y>2787</y><time>undefined</time></pt><pt><x>2878</x><y>2787</y><time>undefined</time></pt><closed_date>29-09-20 23:58:32:790</closed_date></polygon></object></annotation>