<annotation><filename>m4_s04_037_p_ic045.jpg</filename><folder>users/joselusava//santiago_2</folder><source><submittedBy>Jose Saca</submittedBy></source><imagesize><nrows>2970</nrows><ncols>4451</ncols></imagesize><object><name>m4_s04_037_p_ic045</name><deleted>0</deleted><verified>0</verified><occluded>no</occluded><attributes></attributes><parts><hasparts></hasparts><ispartof></ispartof></parts><date>18-10-20 17:25:35:166</date><id>0</id><type>bounding_box</type><polygon><username>anonymous</username><pt><x>1667</x><y>646</y><time>18-10-20 17:25:31:115</time></pt><pt><x>3002</x><y>646</y><time>18-10-20 17:25:32:760</time></pt><pt><x>3002</x><y>2702</y><time>undefined</time></pt><pt><x>1667</x><y>2702</y><time>undefined</time></pt><closed_date>18-10-20 17:25:32:761</closed_date></polygon></object></annotation>