<annotation><filename>m3_s01_002_p_nic011.jpg</filename><folder>users/joselusava//santiago_3</folder><source><submittedBy>Jose Saca</submittedBy></source><imagesize><nrows>2970</nrows><ncols>4451</ncols></imagesize><object><name>m3_s01_002_p_nic011</name><deleted>0</deleted><verified>0</verified><occluded>no</occluded><attributes></attributes><parts><hasparts></hasparts><ispartof></ispartof></parts><date>29-10-20 15:31:51:110</date><id>0</id><type>bounding_box</type><polygon><username>anonymous</username><pt><x>553</x><y>218</y><time>29-10-20 15:31:47:342</time></pt><pt><x>3284</x><y>218</y><time>29-10-20 15:31:49:168</time></pt><pt><x>3284</x><y>2042</y><time>undefined</time></pt><pt><x>553</x><y>2042</y><time>undefined</time></pt><closed_date>29-10-20 15:31:49:169</closed_date></polygon></object></annotation>