<annotation><filename>m2_s01_018_p_nic079.jpg</filename><folder>users/joselusava//santiago_2</folder><source><submittedBy>Jose Saca</submittedBy></source><imagesize><nrows>2850</nrows><ncols>4271</ncols></imagesize><object><name>m2_s01_018_p_nic079</name><deleted>0</deleted><verified>0</verified><occluded>no</occluded><attributes></attributes><parts><hasparts></hasparts><ispartof></ispartof></parts><date>29-09-20 18:41:51:882</date><id>0</id><type>bounding_box</type><polygon><username>anonymous</username><pt><x>2728</x><y>882</y><time>29-09-20 18:41:48:477</time></pt><pt><x>3235</x><y>882</y><time>29-09-20 18:41:49:899</time></pt><pt><x>3235</x><y>1500</y><time>undefined</time></pt><pt><x>2728</x><y>1500</y><time>undefined</time></pt><closed_date>29-09-20 18:41:49:900</closed_date></polygon></object></annotation>