<annotation><filename>m4_s09_138_p_nic024.jpg</filename><folder>users/joselusava//santiago_2</folder><source><submittedBy>Jose Saca</submittedBy></source><imagesize><nrows>2970</nrows><ncols>4451</ncols></imagesize><object><name>m4_s09_138_p_nic024</name><deleted>0</deleted><verified>0</verified><occluded>no</occluded><attributes></attributes><parts><hasparts></hasparts><ispartof></ispartof></parts><date>23-10-20 13:37:58:680</date><id>0</id><type>bounding_box</type><polygon><username>anonymous</username><pt><x>1806</x><y>835</y><time>23-10-20 13:37:55:044</time></pt><pt><x>4387</x><y>835</y><time>23-10-20 13:37:56:152</time></pt><pt><x>4387</x><y>1995</y><time>undefined</time></pt><pt><x>1806</x><y>1995</y><time>undefined</time></pt><closed_date>23-10-20 13:37:56:153</closed_date></polygon></object></annotation>