<annotation><filename>m2_s06_248_p_nic063.jpg</filename><folder>users/joselusava//museos2020</folder><source><submittedBy>Jose Saca</submittedBy></source><imagesize><nrows>2910</nrows><ncols>4361</ncols></imagesize><object><name>m2_s06_248_p_nic063</name><deleted>0</deleted><verified>0</verified><occluded>no</occluded><attributes></attributes><parts><hasparts></hasparts><ispartof></ispartof></parts><date>27-09-20 19:16:13:351</date><id>0</id><polygon><username>anonymous</username><pt><x>930</x><y>1859</y><time>27-09-20 19:16:02:529</time></pt><pt><x>2966</x><y>1873</y><time>27-09-20 19:16:04:189</time></pt><pt><x>2440</x><y>2589</y><time>27-09-20 19:16:05:419</time></pt><pt><x>734</x><y>2092</y><time>27-09-20 19:16:06:692</time></pt><closed_date>27-09-20 19:16:07:554</closed_date></polygon></object></annotation>