<annotation><filename>m2_s02_190_p_ic073.jpg</filename><folder>users/joselusava//m2_jsv/190/ic</folder><source><submittedBy>Jose Saca</submittedBy></source><imagesize><nrows>2910</nrows><ncols>4361</ncols></imagesize><object><name>m2_s02_190_p_ic073</name><deleted>0</deleted><verified>0</verified><occluded>no</occluded><attributes></attributes><parts><hasparts></hasparts><ispartof></ispartof></parts><date>21-09-20 14:38:37:194</date><id>0</id><type>bounding_box</type><polygon><username>anonymous</username><pt><x>2861</x><y>2540</y><time>21-09-20 14:38:34:341</time></pt><pt><x>1283</x><y>2540</y><time>21-09-20 14:38:36:075</time></pt><pt><x>1283</x><y>321</y><time>undefined</time></pt><pt><x>2861</x><y>321</y><time>undefined</time></pt><closed_date>21-09-20 14:38:36:076</closed_date></polygon></object></annotation>