<annotation><filename>m4_s03_025_p_nic012.jpg</filename><folder>users/joselusava//santiago_3</folder><source><submittedBy>Jose Saca</submittedBy></source><imagesize><nrows>2910</nrows><ncols>4361</ncols></imagesize><object><name>m4_s03_025_p_nic012</name><deleted>0</deleted><verified>0</verified><occluded>no</occluded><attributes></attributes><parts><hasparts></hasparts><ispartof></ispartof></parts><date>07-11-20 23:08:17:744</date><id>0</id><type>bounding_box</type><polygon><username>anonymous</username><pt><x>511</x><y>245</y><time>07-11-20 23:08:13:546</time></pt><pt><x>2756</x><y>245</y><time>07-11-20 23:08:15:328</time></pt><pt><x>2756</x><y>1616</y><time>undefined</time></pt><pt><x>511</x><y>1616</y><time>undefined</time></pt><closed_date>07-11-20 23:08:15:329</closed_date></polygon></object></annotation>