<annotation><filename>m4_s05_055_p_nic060.jpg</filename><folder>users/joselusava//valeria/m4_s05_055_nic</folder><source><submittedBy>Jose Saca</submittedBy></source><imagesize><nrows>2910</nrows><ncols>4361</ncols></imagesize><object><name>m4_s05_055_p_nic060</name><deleted>0</deleted><verified>0</verified><occluded>no</occluded><attributes></attributes><parts><hasparts></hasparts><ispartof></ispartof></parts><date>09-10-20 17:53:07:575</date><id>0</id><type>bounding_box</type><polygon><username>anonymous</username><pt><x>2105</x><y>1207</y><time>09-10-20 17:53:01:622</time></pt><pt><x>3323</x><y>1207</y><time>09-10-20 17:53:04:222</time></pt><pt><x>3323</x><y>2756</y><time>undefined</time></pt><pt><x>2105</x><y>2756</y><time>undefined</time></pt><closed_date>09-10-20 17:53:04:223</closed_date></polygon></object></annotation>