<annotation><filename>m4_s02_021_p_nic011.jpg</filename><folder>users/joselusava//santiago_2</folder><source><submittedBy>Jose Saca</submittedBy></source><imagesize><nrows>2910</nrows><ncols>4361</ncols></imagesize><object><name>m4_s02_021_p_nic011</name><deleted>0</deleted><verified>0</verified><occluded>no</occluded><attributes></attributes><parts><hasparts></hasparts><ispartof></ispartof></parts><date>04-10-20 22:05:01:752</date><id>0</id><type>bounding_box</type><polygon><username>anonymous</username><pt><x>759</x><y>256</y><time>04-10-20 22:04:58:136</time></pt><pt><x>1864</x><y>256</y><time>04-10-20 22:04:59:628</time></pt><pt><x>1864</x><y>1992</y><time>undefined</time></pt><pt><x>759</x><y>1992</y><time>undefined</time></pt><closed_date>04-10-20 22:04:59:629</closed_date></polygon></object></annotation>