<annotation><filename>m1_s01_021_p_nic068.jpg</filename><folder>users/joselusava//santiago</folder><source><submittedBy>Jose Saca</submittedBy></source><imagesize><nrows>3200</nrows><ncols>4800</ncols></imagesize><object><name>m1_s01_021_p_nic068</name><deleted>0</deleted><verified>0</verified><occluded>no</occluded><attributes></attributes><parts><hasparts></hasparts><ispartof></ispartof></parts><date>16-09-20 18:22:37:326</date><id>0</id><type>bounding_box</type><polygon><username>anonymous</username><pt><x>2059</x><y>2354</y><time>16-09-20 18:22:29:461</time></pt><pt><x>2476</x><y>2354</y><time>16-09-20 18:22:30:383</time></pt><pt><x>2476</x><y>2916</y><time>undefined</time></pt><pt><x>2059</x><y>2916</y><time>undefined</time></pt><closed_date>16-09-20 18:22:30:384</closed_date></polygon></object></annotation>