<annotation><filename>m4_s04_045_p_nic049.jpg</filename><folder>users/joselusava//valeria/m04_s04_45_nic</folder><source><submittedBy>Jose Saca</submittedBy></source><imagesize><nrows>2970</nrows><ncols>4451</ncols></imagesize><object><name>m4_s04_045_p_nic049</name><deleted>0</deleted><verified>0</verified><occluded>no</occluded><attributes></attributes><parts><hasparts></hasparts><ispartof></ispartof></parts><date>20-10-20 14:46:00:809</date><id>0</id><type>bounding_box</type><polygon><username>anonymous</username><pt><x>1759</x><y>1308</y><time>20-10-20 14:45:56:121</time></pt><pt><x>2387</x><y>1308</y><time>20-10-20 14:45:57:736</time></pt><pt><x>2387</x><y>217</y><time>undefined</time></pt><pt><x>1759</x><y>217</y><time>undefined</time></pt><closed_date>20-10-20 14:45:57:737</closed_date></polygon></object></annotation>