<annotation><filename>m3_s01_023_p_nic013.jpg</filename><folder>users/joselusava//santiago_3</folder><source><submittedBy>Jose Saca</submittedBy></source><imagesize><nrows>2970</nrows><ncols>4451</ncols></imagesize><object><name>m3_s01_023_p_nic013</name><deleted>0</deleted><verified>0</verified><occluded>no</occluded><attributes></attributes><parts><hasparts></hasparts><ispartof></ispartof></parts><date>06-11-20 08:54:13:593</date><id>0</id><type>bounding_box</type><polygon><username>anonymous</username><pt><x>143</x><y>361</y><time>06-11-20 08:54:09:853</time></pt><pt><x>2631</x><y>361</y><time>06-11-20 08:54:11:080</time></pt><pt><x>2631</x><y>2031</y><time>undefined</time></pt><pt><x>143</x><y>2031</y><time>undefined</time></pt><closed_date>06-11-20 08:54:11:082</closed_date></polygon></object></annotation>