<annotation><filename>m1_s02_036_p_nic070.jpg</filename><folder>users/joselusava//valeria/sala2_036_nic</folder><source><submittedBy>Jose Saca</submittedBy></source><imagesize><nrows>3200</nrows><ncols>4800</ncols></imagesize><object><name>m1_s02_036_p_nic070</name><deleted>0</deleted><verified>0</verified><occluded>no</occluded><attributes></attributes><parts><hasparts></hasparts><ispartof></ispartof></parts><date>27-08-20 01:16:05:186</date><id>0</id><type>bounding_box</type><polygon><username>anonymous</username><pt><x>183</x><y>333</y><time>27-08-20 01:15:49:378</time></pt><pt><x>2534</x><y>333</y><time>27-08-20 01:15:51:596</time></pt><pt><x>2534</x><y>2470</y><time>undefined</time></pt><pt><x>183</x><y>2470</y><time>undefined</time></pt><closed_date>27-08-20 01:15:51:598</closed_date></polygon></object></annotation>