<annotation><filename>m2_s06_248_p_nic075.jpg</filename><folder>users/joselusava//museos2020</folder><source><submittedBy>Jose Saca</submittedBy></source><imagesize><nrows>2910</nrows><ncols>4361</ncols></imagesize><object><name>m2_s06_248_p_nic075</name><deleted>0</deleted><verified>0</verified><occluded>no</occluded><attributes></attributes><parts><hasparts></hasparts><ispartof></ispartof></parts><date>27-09-20 19:25:46:778</date><id>0</id><polygon><username>anonymous</username><pt><x>470</x><y>1660</y><time>27-09-20 19:25:30:105</time></pt><pt><x>3793</x><y>1641</y><time>27-09-20 19:25:31:206</time></pt><pt><x>3575</x><y>2385</y><time>27-09-20 19:25:32:142</time></pt><pt><x>270</x><y>1943</y><time>27-09-20 19:25:33:541</time></pt><closed_date>27-09-20 19:25:34:468</closed_date></polygon></object></annotation>