<annotation><filename>m4_s10_160_x.jpg</filename><folder>users/joselusava//kath/m4_x</folder><source><submittedBy>Jose Saca</submittedBy></source><imagesize><nrows>2970</nrows><ncols>4451</ncols></imagesize><object><name>m4_s10_160_x</name><deleted>0</deleted><verified>0</verified><occluded>no</occluded><attributes></attributes><parts><hasparts></hasparts><ispartof></ispartof></parts><date>21-10-20 12:10:24:969</date><id>0</id><polygon><username>anonymous</username><pt><x>1384</x><y>293</y><time>21-10-20 12:10:15:876</time></pt><pt><x>1086</x><y>2393</y><time>21-10-20 12:10:17:043</time></pt><pt><x>3335</x><y>2403</y><time>21-10-20 12:10:18:413</time></pt><pt><x>2994</x><y>293</y><time>21-10-20 12:10:19:664</time></pt><closed_date>21-10-20 12:10:21:241</closed_date></polygon></object></annotation>