<annotation><filename>m4_s07_105_p_ic077.jpg</filename><folder>users/joselusava//kath/m4_105</folder><source><submittedBy>Jose Saca</submittedBy></source><imagesize><nrows>2970</nrows><ncols>4451</ncols></imagesize><object><name>m4_s07_105_p_ic077</name><deleted>0</deleted><verified>0</verified><occluded>no</occluded><attributes></attributes><parts><hasparts></hasparts><ispartof></ispartof></parts><date>29-10-20 09:00:44:194</date><id>0</id><type>bounding_box</type><polygon><username>anonymous</username><pt><x>1769</x><y>2605</y><time>29-10-20 09:00:39:448</time></pt><pt><x>2826</x><y>2605</y><time>29-10-20 09:00:41:474</time></pt><pt><x>2826</x><y>476</y><time>undefined</time></pt><pt><x>1769</x><y>476</y><time>undefined</time></pt><closed_date>29-10-20 09:00:41:474</closed_date></polygon></object></annotation>