<annotation><filename>m4_s07_105_p_ic073.jpg</filename><folder>users/joselusava//kath/m4_105</folder><source><submittedBy>Jose Saca</submittedBy></source><imagesize><nrows>2970</nrows><ncols>4451</ncols></imagesize><object><name>m4_s07_105_p_ic073</name><deleted>0</deleted><verified>0</verified><occluded>no</occluded><attributes></attributes><parts><hasparts></hasparts><ispartof></ispartof></parts><date>29-10-20 08:57:18:362</date><id>0</id><type>bounding_box</type><polygon><username>anonymous</username><pt><x>1879</x><y>2595</y><time>29-10-20 08:57:12:906</time></pt><pt><x>2932</x><y>2595</y><time>29-10-20 08:57:16:123</time></pt><pt><x>2932</x><y>610</y><time>undefined</time></pt><pt><x>1879</x><y>610</y><time>undefined</time></pt><closed_date>29-10-20 08:57:16:123</closed_date></polygon></object></annotation>