<annotation><filename>m1_s06_141_p_ic068.jpg</filename><folder>users/joselusava//jacob_2/141ic</folder><source><submittedBy>Jose Saca</submittedBy></source><imagesize><nrows>2736</nrows><ncols>4100</ncols></imagesize><object><name>m1_s06_141_p_ic068</name><deleted>0</deleted><verified>0</verified><occluded>no</occluded><attributes></attributes><parts><hasparts></hasparts><ispartof></ispartof></parts><date>04-09-20 23:28:14:540</date><id>0</id><type>bounding_box</type><polygon><username>anonymous</username><pt><x>995</x><y>2686</y><time>04-09-20 23:28:08:956</time></pt><pt><x>2957</x><y>2686</y><time>04-09-20 23:28:12:499</time></pt><pt><x>2957</x><y>156</y><time>undefined</time></pt><pt><x>995</x><y>156</y><time>undefined</time></pt><closed_date>04-09-20 23:28:12:499</closed_date></polygon></object></annotation>