<annotation><filename>m4_s04_047_p_nic006.jpg</filename><folder>users/joselusava//kath/kath_m4_047/nic</folder><source><submittedBy>Jose Saca</submittedBy></source><imagesize><nrows>2970</nrows><ncols>4451</ncols></imagesize><object><name>m4_s04_047_p_nic006</name><deleted>0</deleted><verified>0</verified><occluded>no</occluded><attributes></attributes><parts><hasparts></hasparts><ispartof></ispartof></parts><date>24-10-20 18:00:35:790</date><id>0</id><type>bounding_box</type><polygon><username>anonymous</username><pt><x>2740</x><y>178</y><time>24-10-20 18:00:25:924</time></pt><pt><x>4017</x><y>178</y><time>24-10-20 18:00:31:018</time></pt><pt><x>4017</x><y>2888</y><time>undefined</time></pt><pt><x>2740</x><y>2888</y><time>undefined</time></pt><closed_date>24-10-20 18:00:31:020</closed_date></polygon></object></annotation>