<annotation><filename>m2_s02_190_p_nic061.jpg</filename><folder>users/joselusava//m2_jsv/190/nic</folder><source><submittedBy>Jose Saca</submittedBy></source><imagesize><nrows>2910</nrows><ncols>4361</ncols></imagesize><object><name>m2_s02_190_p_nic061</name><deleted>0</deleted><verified>0</verified><occluded>no</occluded><attributes></attributes><parts><hasparts></hasparts><ispartof></ispartof></parts><date>21-09-20 15:11:53:427</date><id>0</id><type>bounding_box</type><polygon><username>anonymous</username><pt><x>3325</x><y>2672</y><time>21-09-20 15:11:51:657</time></pt><pt><x>2272</x><y>2672</y><time>21-09-20 15:11:52:973</time></pt><pt><x>2272</x><y>1724</y><time>undefined</time></pt><pt><x>3325</x><y>1724</y><time>undefined</time></pt><closed_date>21-09-20 15:11:52:973</closed_date></polygon></object></annotation>