<annotation><filename>m2_s06_244_p_ic025.jpg</filename><folder>users/joselusava//museos2020</folder><source><submittedBy>Jose Saca</submittedBy></source><imagesize><nrows>2910</nrows><ncols>4361</ncols></imagesize><object><name>m2_s06_244_p_ic025</name><deleted>0</deleted><verified>0</verified><occluded>no</occluded><attributes></attributes><parts><hasparts></hasparts><ispartof></ispartof></parts><date>22-09-20 12:50:00:168</date><id>0</id><type>bounding_box</type><polygon><username>anonymous</username><pt><x>1154</x><y>1011</y><time>22-09-20 12:49:53:727</time></pt><pt><x>3104</x><y>1011</y><time>22-09-20 12:49:55:234</time></pt><pt><x>3104</x><y>1842</y><time>undefined</time></pt><pt><x>1154</x><y>1842</y><time>undefined</time></pt><closed_date>22-09-20 12:49:55:236</closed_date></polygon></object></annotation>