<annotation><filename>m4_s10_154_p_nic024.jpg</filename><folder>users/joselusava//valeria/m04_s10_154_nic</folder><source><submittedBy>Jose Saca</submittedBy></source><imagesize><nrows>2970</nrows><ncols>4451</ncols></imagesize><object><name>m4_s10_154_p_nic024</name><deleted>0</deleted><verified>0</verified><occluded>no</occluded><attributes></attributes><parts><hasparts></hasparts><ispartof></ispartof></parts><date>14-10-20 12:39:48:569</date><id>0</id><type>bounding_box</type><polygon><username>anonymous</username><pt><x>828</x><y>2867</y><time>14-10-20 12:39:42:985</time></pt><pt><x>2399</x><y>2867</y><time>14-10-20 12:39:45:151</time></pt><pt><x>2399</x><y>1040</y><time>undefined</time></pt><pt><x>828</x><y>1040</y><time>undefined</time></pt><closed_date>14-10-20 12:39:45:152</closed_date></polygon></object></annotation>