<annotation><filename>m2_s03_248_p_ic091.jpg</filename><folder>users/joselusava//museos2020</folder><source><submittedBy>Jose Saca</submittedBy></source><imagesize><nrows>2910</nrows><ncols>4361</ncols></imagesize><object><name>m2_s03_248_p_ic091</name><deleted>0</deleted><verified>0</verified><occluded>no</occluded><attributes></attributes><parts><hasparts></hasparts><ispartof></ispartof></parts><date>27-09-20 09:20:32:241</date><id>0</id><polygon><username>anonymous</username><pt><x>479</x><y>981</y><time>27-09-20 09:20:21:879</time></pt><pt><x>3300</x><y>967</y><time>27-09-20 09:20:22:927</time></pt><pt><x>2794</x><y>1832</y><time>27-09-20 09:20:24:119</time></pt><pt><x>279</x><y>1297</y><time>27-09-20 09:20:25:679</time></pt><closed_date>27-09-20 09:20:26:669</closed_date></polygon></object></annotation>