<annotation><filename>m4_s07_105_p_nic075.jpg</filename><folder>users/joselusava//kath/m4_105/nic</folder><source><submittedBy>Jose Saca</submittedBy></source><imagesize><nrows>2970</nrows><ncols>4451</ncols></imagesize><object><name>m4_s07_105_p_nic075</name><deleted>0</deleted><verified>0</verified><occluded>no</occluded><attributes></attributes><parts><hasparts></hasparts><ispartof></ispartof></parts><date>03-11-20 09:08:48:702</date><id>0</id><type>bounding_box</type><polygon><username>anonymous</username><pt><x>3311</x><y>1826</y><time>03-11-20 09:08:45:503</time></pt><pt><x>4220</x><y>1826</y><time>03-11-20 09:08:46:459</time></pt><pt><x>4220</x><y>365</y><time>undefined</time></pt><pt><x>3311</x><y>365</y><time>undefined</time></pt><closed_date>03-11-20 09:08:46:459</closed_date></polygon></object></annotation>