<annotation><filename>m4_s11_176_p_nic084.jpg</filename><folder>users/joselusava//m4_js/176/nic</folder><source><submittedBy>Jose Saca</submittedBy></source><imagesize><nrows>2970</nrows><ncols>4451</ncols></imagesize><object><name>m4_s11_176_p_nic084</name><deleted>0</deleted><verified>0</verified><occluded>no</occluded><attributes></attributes><parts><hasparts></hasparts><ispartof></ispartof></parts><date>15-10-20 14:54:50:642</date><id>0</id><type>bounding_box</type><polygon><username>anonymous</username><pt><x>2097</x><y>1866</y><time>15-10-20 14:54:48:707</time></pt><pt><x>9</x><y>1866</y><time>15-10-20 14:54:49:727</time></pt><pt><x>9</x><y>27</y><time>undefined</time></pt><pt><x>2097</x><y>27</y><time>undefined</time></pt><closed_date>15-10-20 14:54:49:727</closed_date></polygon></object></annotation>