<annotation><filename>m4_s02_021_p_nic017.jpg</filename><folder>users/joselusava//santiago_2</folder><source><submittedBy>Jose Saca</submittedBy></source><imagesize><nrows>2910</nrows><ncols>4361</ncols></imagesize><object><name>m4_s02_021_p_nic017</name><deleted>0</deleted><verified>0</verified><occluded>no</occluded><attributes></attributes><parts><hasparts></hasparts><ispartof></ispartof></parts><date>04-10-20 22:10:30:356</date><id>0</id><type>bounding_box</type><polygon><username>anonymous</username><pt><x>274</x><y>534</y><time>04-10-20 22:10:26:774</time></pt><pt><x>1417</x><y>534</y><time>04-10-20 22:10:28:106</time></pt><pt><x>1417</x><y>2321</y><time>undefined</time></pt><pt><x>274</x><y>2321</y><time>undefined</time></pt><closed_date>04-10-20 22:10:28:107</closed_date></polygon></object></annotation>