<annotation><filename>m4_s09_138_p_nic025.jpg</filename><folder>users/joselusava//santiago_2</folder><source><submittedBy>Jose Saca</submittedBy></source><imagesize><nrows>2970</nrows><ncols>4451</ncols></imagesize><object><name>m4_s09_138_p_nic025</name><deleted>0</deleted><verified>0</verified><occluded>no</occluded><attributes></attributes><parts><hasparts></hasparts><ispartof></ispartof></parts><date>23-10-20 13:38:32:024</date><id>0</id><type>bounding_box</type><polygon><username>anonymous</username><pt><x>2028</x><y>860</y><time>23-10-20 13:38:29:176</time></pt><pt><x>4387</x><y>860</y><time>23-10-20 13:38:30:331</time></pt><pt><x>4387</x><y>1949</y><time>undefined</time></pt><pt><x>2028</x><y>1949</y><time>undefined</time></pt><closed_date>23-10-20 13:38:30:331</closed_date></polygon></object></annotation>