<annotation><filename>m1_s06_168_p_ic094.jpg</filename><folder>users/joselusava//jacob_2/168ic</folder><source><submittedBy>Jose Saca</submittedBy></source><imagesize><nrows>2736</nrows><ncols>4100</ncols></imagesize><object><name>m1_s06_168_p_ic094</name><deleted>0</deleted><verified>0</verified><occluded>no</occluded><attributes></attributes><parts><hasparts></hasparts><ispartof></ispartof></parts><date>08-09-20 22:54:05:009</date><id>0</id><type>bounding_box</type><polygon><username>anonymous</username><pt><x>1350</x><y>2422</y><time>08-09-20 22:54:02:672</time></pt><pt><x>2717</x><y>2422</y><time>08-09-20 22:54:04:399</time></pt><pt><x>2717</x><y>254</y><time>undefined</time></pt><pt><x>1350</x><y>254</y><time>undefined</time></pt><closed_date>08-09-20 22:54:04:399</closed_date></polygon></object></annotation>