<annotation><filename>m1_s06_144_p_ic027.jpg</filename><folder>users/joselusava//jacob_2/144ic</folder><source><submittedBy>Jose Saca</submittedBy></source><imagesize><nrows>2736</nrows><ncols>4100</ncols></imagesize><object><name>m1_s06_144_p_ic027</name><deleted>0</deleted><verified>0</verified><occluded>no</occluded><attributes></attributes><parts><hasparts></hasparts><ispartof></ispartof></parts><date>07-09-20 02:31:29:795</date><id>0</id><type>bounding_box</type><polygon><username>anonymous</username><pt><x>3282</x><y>2627</y><time>07-09-20 02:31:24:456</time></pt><pt><x>679</x><y>2627</y><time>07-09-20 02:31:28:766</time></pt><pt><x>679</x><y>57</y><time>undefined</time></pt><pt><x>3282</x><y>57</y><time>undefined</time></pt><closed_date>07-09-20 02:31:28:767</closed_date></polygon></object></annotation>