<annotation><filename>m4_s04_037_p_nic084.jpg</filename><folder>users/joselusava//santiago_2</folder><source><submittedBy>Jose Saca</submittedBy></source><imagesize><nrows>2970</nrows><ncols>4451</ncols></imagesize><object><name>m4_s04_037_p_nic084</name><deleted>0</deleted><verified>0</verified><occluded>no</occluded><attributes></attributes><parts><hasparts></hasparts><ispartof></ispartof></parts><date>19-10-20 22:49:53:108</date><id>0</id><type>bounding_box</type><polygon><username>anonymous</username><pt><x>1025</x><y>121</y><time>19-10-20 22:49:49:620</time></pt><pt><x>1863</x><y>121</y><time>19-10-20 22:49:50:338</time></pt><pt><x>1863</x><y>1132</y><time>undefined</time></pt><pt><x>1025</x><y>1132</y><time>undefined</time></pt><closed_date>19-10-20 22:49:50:339</closed_date></polygon></object></annotation>