<annotation><filename>m2_s03_219_p_nic064.jpg</filename><folder>users/joselusava//valeria/m2_sala03_219_nic</folder><source><submittedBy>Jose Saca</submittedBy></source><imagesize><nrows>2910</nrows><ncols>4361</ncols></imagesize><object><name>m2_s03_219_p_nic064</name><deleted>0</deleted><verified>0</verified><occluded>no</occluded><attributes></attributes><parts><hasparts></hasparts><ispartof></ispartof></parts><date>29-09-20 18:45:44:755</date><id>0</id><type>bounding_box</type><polygon><username>anonymous</username><pt><x>1609</x><y>2844</y><time>29-09-20 18:45:39:020</time></pt><pt><x>2701</x><y>2844</y><time>29-09-20 18:45:40:929</time></pt><pt><x>2701</x><y>1185</y><time>undefined</time></pt><pt><x>1609</x><y>1185</y><time>undefined</time></pt><closed_date>29-09-20 18:45:40:930</closed_date></polygon></object></annotation>