<annotation><filename>m2_s01_058_p_ic051.jpg</filename><folder>users/joselusava//m2_jsv/58/ic</folder><source><submittedBy>Jose Saca</submittedBy></source><imagesize><nrows>2850</nrows><ncols>4271</ncols></imagesize><object><name>m2_s01_058_p_ic051</name><deleted>0</deleted><verified>0</verified><occluded>no</occluded><attributes></attributes><parts><hasparts></hasparts><ispartof></ispartof></parts><date>29-09-20 13:18:03:063</date><id>0</id><type>bounding_box</type><polygon><username>anonymous</username><pt><x>1231</x><y>594</y><time>29-09-20 13:18:01:072</time></pt><pt><x>3108</x><y>594</y><time>29-09-20 13:18:02:379</time></pt><pt><x>3108</x><y>2301</y><time>undefined</time></pt><pt><x>1231</x><y>2301</y><time>undefined</time></pt><closed_date>29-09-20 13:18:02:380</closed_date></polygon></object></annotation>