<annotation><filename>m3_s01_023_p_nic052.jpg</filename><folder>users/joselusava//santiago_3</folder><source><submittedBy>Jose Saca</submittedBy></source><imagesize><nrows>2970</nrows><ncols>4451</ncols></imagesize><object><name>m3_s01_023_p_nic052</name><deleted>0</deleted><verified>0</verified><occluded>no</occluded><attributes></attributes><parts><hasparts></hasparts><ispartof></ispartof></parts><date>06-11-20 09:37:04:468</date><id>0</id><type>bounding_box</type><polygon><username>anonymous</username><pt><x>289</x><y>336</y><time>06-11-20 09:37:00:878</time></pt><pt><x>2574</x><y>336</y><time>06-11-20 09:37:02:340</time></pt><pt><x>2574</x><y>2527</y><time>undefined</time></pt><pt><x>289</x><y>2527</y><time>undefined</time></pt><closed_date>06-11-20 09:37:02:342</closed_date></polygon></object></annotation>