<annotation><filename>m4_s10_164_p_nic076.jpg</filename><folder>users/joselusava//santiago_2</folder><source><submittedBy>Jose Saca</submittedBy></source><imagesize><nrows>2970</nrows><ncols>4451</ncols></imagesize><object><name>m4_s10_164_p_nic076</name><deleted>0</deleted><verified>0</verified><occluded>no</occluded><attributes></attributes><parts><hasparts></hasparts><ispartof></ispartof></parts><date>14-10-20 16:13:58:892</date><id>0</id><type>bounding_box</type><polygon><username>anonymous</username><pt><x>1892</x><y>364</y><time>14-10-20 16:13:56:433</time></pt><pt><x>2402</x><y>364</y><time>14-10-20 16:13:57:122</time></pt><pt><x>2402</x><y>925</y><time>undefined</time></pt><pt><x>1892</x><y>925</y><time>undefined</time></pt><closed_date>14-10-20 16:13:57:123</closed_date></polygon></object></annotation>