<annotation><filename>m4_s07_105_p_ic099.jpg</filename><folder>users/joselusava//kath/m4_105</folder><source><submittedBy>Jose Saca</submittedBy></source><imagesize><nrows>2970</nrows><ncols>4451</ncols></imagesize><object><name>m4_s07_105_p_ic099</name><deleted>0</deleted><verified>0</verified><occluded>no</occluded><attributes></attributes><parts><hasparts></hasparts><ispartof></ispartof></parts><date>29-10-20 09:15:52:771</date><id>0</id><type>bounding_box</type><polygon><username>anonymous</username><pt><x>1634</x><y>120</y><time>29-10-20 09:15:48:067</time></pt><pt><x>2792</x><y>120</y><time>29-10-20 09:15:50:105</time></pt><pt><x>2792</x><y>2619</y><time>undefined</time></pt><pt><x>1634</x><y>2619</y><time>undefined</time></pt><closed_date>29-10-20 09:15:50:105</closed_date></polygon></object></annotation>