<annotation><filename>m3_s01_010_p_nic013.jpg</filename><folder>users/joselusava//m4_js/m3/10/nic</folder><source><submittedBy>Jose Saca</submittedBy></source><imagesize><nrows>2970</nrows><ncols>4451</ncols></imagesize><object><name>m3_s01_010_p_nic013</name><deleted>0</deleted><verified>0</verified><occluded>no</occluded><attributes></attributes><parts><hasparts></hasparts><ispartof></ispartof></parts><date>29-10-20 13:35:32:914</date><id>0</id><type>bounding_box</type><polygon><username>anonymous</username><pt><x>3812</x><y>2375</y><time>29-10-20 13:35:30:543</time></pt><pt><x>660</x><y>2375</y><time>29-10-20 13:35:32:201</time></pt><pt><x>660</x><y>0</y><time>undefined</time></pt><pt><x>3812</x><y>0</y><time>undefined</time></pt><closed_date>29-10-20 13:35:32:201</closed_date></polygon></object></annotation>