<annotation><filename>m2_s02_134_x.jpg</filename><folder>users/joselusava//m2_jsv</folder><source><submittedBy>Jose Saca</submittedBy></source><imagesize><nrows>2910</nrows><ncols>4361</ncols></imagesize><object><name>m2_s02_133_x</name><deleted>0</deleted><verified>0</verified><occluded>no</occluded><attributes></attributes><parts><hasparts></hasparts><ispartof></ispartof></parts><date>19-09-20 23:32:34:946</date><id>0</id><type>bounding_box</type><polygon><username>anonymous</username><pt><x>2907</x><y>2376</y><time>19-09-20 23:32:32:726</time></pt><pt><x>1332</x><y>2376</y><time>19-09-20 23:32:34:191</time></pt><pt><x>1332</x><y>601</y><time>undefined</time></pt><pt><x>2907</x><y>601</y><time>undefined</time></pt><closed_date>19-09-20 23:32:34:191</closed_date></polygon></object></annotation>