<annotation><filename>img_m1_s10_303_p_nic067.jpg</filename><folder>users/joselusava//santiago</folder><source><submittedBy>Jose Saca</submittedBy></source><imagesize><nrows>3200</nrows><ncols>4800</ncols></imagesize><object><name>m1_s10_303_p_nic067</name><deleted>0</deleted><verified>0</verified><occluded>no</occluded><attributes></attributes><parts><hasparts></hasparts><ispartof></ispartof></parts><date>01-09-20 22:20:22:218</date><id>0</id><type>bounding_box</type><polygon><username>anonymous</username><pt><x>1832</x><y>2124</y><time>01-09-20 22:20:12:463</time></pt><pt><x>2527</x><y>2124</y><time>01-09-20 22:20:14:027</time></pt><pt><x>2527</x><y>2916</y><time>undefined</time></pt><pt><x>1832</x><y>2916</y><time>undefined</time></pt><closed_date>01-09-20 22:20:14:028</closed_date></polygon></object></annotation>