<annotation><filename>m2_s06_244_p_nic064.jpg</filename><folder>users/joselusava//museos2020</folder><source><submittedBy>Jose Saca</submittedBy></source><imagesize><nrows>2910</nrows><ncols>4361</ncols></imagesize><object><name>m2_s06_244_p_ic064</name><deleted>0</deleted><verified>0</verified><occluded>no</occluded><attributes></attributes><parts><hasparts></hasparts><ispartof></ispartof></parts><date>25-09-20 19:26:17:921</date><id>0</id><type>bounding_box</type><polygon><username>anonymous</username><pt><x>1213</x><y>339</y><time>25-09-20 19:26:11:187</time></pt><pt><x>2929</x><y>339</y><time>25-09-20 19:26:12:216</time></pt><pt><x>2929</x><y>1102</y><time>undefined</time></pt><pt><x>1213</x><y>1102</y><time>undefined</time></pt><closed_date>25-09-20 19:26:12:217</closed_date></polygon></object></annotation>