<annotation><filename>m3_s01_013_p_ic100.jpg</filename><folder>users/joselusava//valeria/m03_s01_13_ic</folder><source><submittedBy>Jose Saca</submittedBy></source><imagesize><nrows>2970</nrows><ncols>4451</ncols></imagesize><object><name>m3_s01_013_p_ic099</name><deleted>0</deleted><verified>0</verified><occluded>no</occluded><attributes></attributes><parts><hasparts></hasparts><ispartof></ispartof></parts><date>01-11-20 09:52:54:480</date><id>0</id><type>bounding_box</type><polygon><username>anonymous</username><pt><x>3690</x><y>2924</y><time>01-11-20 09:52:45:969</time></pt><pt><x>1308</x><y>2924</y><time>01-11-20 09:52:49:685</time></pt><pt><x>1308</x><y>194</y><time>undefined</time></pt><pt><x>3690</x><y>194</y><time>undefined</time></pt><closed_date>01-11-20 09:52:49:686</closed_date></polygon></object></annotation>