<annotation><filename>m2_s01_054_p_ic017.jpg</filename><folder>users/joselusava//kath</folder><source><submittedBy>Jose Saca</submittedBy></source><imagesize><nrows>2850</nrows><ncols>4271</ncols></imagesize><object><name>m2_s01_054_p_ic017</name><deleted>0</deleted><verified>0</verified><occluded>no</occluded><attributes></attributes><parts><hasparts></hasparts><ispartof></ispartof></parts><date>29-09-20 21:38:51:491</date><id>0</id><type>bounding_box</type><polygon><username>anonymous</username><pt><x>1182</x><y>442</y><time>29-09-20 21:38:44:636</time></pt><pt><x>2973</x><y>442</y><time>29-09-20 21:38:48:648</time></pt><pt><x>2973</x><y>2437</y><time>undefined</time></pt><pt><x>1182</x><y>2437</y><time>undefined</time></pt><closed_date>29-09-20 21:38:48:648</closed_date></polygon></object></annotation>