<annotation><filename>m3_s01_002_p_nic080.jpg</filename><folder>users/joselusava//santiago_3</folder><source><submittedBy>Jose Saca</submittedBy></source><imagesize><nrows>2970</nrows><ncols>4451</ncols></imagesize><object><name>m3_s01_002_p_nic080</name><deleted>0</deleted><verified>0</verified><occluded>no</occluded><attributes></attributes><parts><hasparts></hasparts><ispartof></ispartof></parts><date>29-10-20 21:06:06:797</date><id>0</id><type>bounding_box</type><polygon><username>anonymous</username><pt><x>1071</x><y>1025</y><time>29-10-20 21:06:03:122</time></pt><pt><x>2831</x><y>1025</y><time>29-10-20 21:06:04:434</time></pt><pt><x>2831</x><y>2549</y><time>undefined</time></pt><pt><x>1071</x><y>2549</y><time>undefined</time></pt><closed_date>29-10-20 21:06:04:434</closed_date></polygon></object></annotation>