<annotation><filename>m1_s06_141_p_nic052.jpg</filename><folder>users/joselusava//jacob_2/141nic</folder><source><submittedBy>Jose Saca</submittedBy></source><imagesize><nrows>2736</nrows><ncols>4100</ncols></imagesize><object><name>m1_s06_141_p_nic052</name><deleted>0</deleted><verified>0</verified><occluded>no</occluded><attributes></attributes><parts><hasparts></hasparts><ispartof></ispartof></parts><date>05-09-20 19:48:58:203</date><id>0</id><type>bounding_box</type><polygon><username>anonymous</username><pt><x>1744</x><y>1051</y><time>05-09-20 19:48:55:800</time></pt><pt><x>701</x><y>1051</y><time>05-09-20 19:48:57:247</time></pt><pt><x>701</x><y>2600</y><time>undefined</time></pt><pt><x>1744</x><y>2600</y><time>undefined</time></pt><closed_date>05-09-20 19:48:57:247</closed_date></polygon></object></annotation>