<annotation><filename>m3_s01_013_p_nic100.jpg</filename><folder>users/joselusava//valeria/m03_s01_13_nic</folder><source><submittedBy>Jose Saca</submittedBy></source><imagesize><nrows>2970</nrows><ncols>4451</ncols></imagesize><object><name>m3_s01_013_p_nic100</name><deleted>0</deleted><verified>0</verified><occluded>no</occluded><attributes></attributes><parts><hasparts></hasparts><ispartof></ispartof></parts><date>07-11-20 00:30:16:357</date><id>0</id><type>bounding_box</type><polygon><username>anonymous</username><pt><x>2370</x><y>2901</y><time>07-11-20 00:30:10:933</time></pt><pt><x>4227</x><y>2901</y><time>07-11-20 00:30:12:730</time></pt><pt><x>4227</x><y>617</y><time>undefined</time></pt><pt><x>2370</x><y>617</y><time>undefined</time></pt><closed_date>07-11-20 00:30:12:731</closed_date></polygon></object></annotation>