<annotation><filename>m1_s02_052_p_nic051.jpg</filename><folder>users/joselusava//valeria/sala2_052_nic</folder><source><submittedBy>Jose Saca</submittedBy></source><imagesize><nrows>3200</nrows><ncols>4800</ncols></imagesize><object><name>m1_s02_052_p_nic051</name><deleted>0</deleted><verified>0</verified><occluded>no</occluded><attributes></attributes><parts><hasparts></hasparts><ispartof></ispartof></parts><date>27-08-20 16:29:22:432</date><id>0</id><type>bounding_box</type><polygon><username>anonymous</username><pt><x>3071</x><y>1332</y><time>27-08-20 16:29:17:519</time></pt><pt><x>1831</x><y>1332</y><time>27-08-20 16:29:19:302</time></pt><pt><x>1831</x><y>215</y><time>undefined</time></pt><pt><x>3071</x><y>215</y><time>undefined</time></pt><closed_date>27-08-20 16:29:19:303</closed_date></polygon></object></annotation>