<annotation><filename>m4_s11_178_p_nic091.jpg</filename><folder>users/joselusava//santiago_2</folder><source><submittedBy>Jose Saca</submittedBy></source><imagesize><nrows>2970</nrows><ncols>4451</ncols></imagesize><object><name>m4_s11_178_p_nic091</name><deleted>0</deleted><verified>0</verified><occluded>no</occluded><attributes></attributes><parts><hasparts></hasparts><ispartof></ispartof></parts><date>16-10-20 11:48:45:984</date><id>0</id><type>bounding_box</type><polygon><username>anonymous</username><pt><x>2634</x><y>1028</y><time>16-10-20 11:48:42:659</time></pt><pt><x>3737</x><y>1028</y><time>16-10-20 11:48:44:104</time></pt><pt><x>3737</x><y>2060</y><time>undefined</time></pt><pt><x>2634</x><y>2060</y><time>undefined</time></pt><closed_date>16-10-20 11:48:44:106</closed_date></polygon></object></annotation>