<annotation><filename>m2_s03_201_p_ic022.jpg</filename><folder>users/joselusava//eg</folder><source><submittedBy>Jose Saca</submittedBy></source><imagesize><nrows>3000</nrows><ncols>4496</ncols></imagesize><object><name>m2_s03_219_p_ic022</name><deleted>0</deleted><verified>0</verified><occluded>no</occluded><attributes></attributes><parts><hasparts></hasparts><ispartof></ispartof></parts><date>16-09-20 13:12:12:580</date><id>0</id><type>bounding_box</type><polygon><username>anonymous</username><pt><x>783</x><y>103</y><time>16-09-20 13:12:01:371</time></pt><pt><x>3768</x><y>103</y><time>16-09-20 13:12:03:256</time></pt><pt><x>3768</x><y>2926</y><time>undefined</time></pt><pt><x>783</x><y>2926</y><time>undefined</time></pt><closed_date>16-09-20 13:12:03:257</closed_date></polygon></object></annotation>