<annotation><filename>m4_s02_021_p_nic023.jpg</filename><folder>users/joselusava//santiago_2</folder><source><submittedBy>Jose Saca</submittedBy></source><imagesize><nrows>2910</nrows><ncols>4361</ncols></imagesize><object><name>m4_s02_021_p_nic023</name><deleted>0</deleted><verified>0</verified><occluded>no</occluded><attributes></attributes><parts><hasparts></hasparts><ispartof></ispartof></parts><date>04-10-20 22:15:22:746</date><id>0</id><type>bounding_box</type><polygon><username>anonymous</username><pt><x>1140</x><y>766</y><time>04-10-20 22:15:19:574</time></pt><pt><x>2228</x><y>766</y><time>04-10-20 22:15:20:591</time></pt><pt><x>2228</x><y>2588</y><time>undefined</time></pt><pt><x>1140</x><y>2588</y><time>undefined</time></pt><closed_date>04-10-20 22:15:20:591</closed_date></polygon></object></annotation>