<annotation><filename>m2_s03_219_p_nic033.jpg</filename><folder>users/joselusava//valeria/m2_sala03_219_nic</folder><source><submittedBy>Jose Saca</submittedBy></source><imagesize><nrows>2910</nrows><ncols>4361</ncols></imagesize><object><name>m2_s03_219_p_nic033</name><deleted>0</deleted><verified>0</verified><occluded>no</occluded><attributes></attributes><parts><hasparts></hasparts><ispartof></ispartof></parts><date>29-09-20 17:48:27:028</date><id>0</id><type>bounding_box</type><polygon><username>anonymous</username><pt><x>1494</x><y>1962</y><time>29-09-20 17:48:21:389</time></pt><pt><x>364</x><y>1962</y><time>29-09-20 17:48:23:567</time></pt><pt><x>364</x><y>165</y><time>undefined</time></pt><pt><x>1494</x><y>165</y><time>undefined</time></pt><closed_date>29-09-20 17:48:23:568</closed_date></polygon></object></annotation>