<annotation><filename>m1_s03-04_071_x.jpg</filename><folder>users/joselusava//valeria/sala03y04</folder><source><submittedBy>Jose Saca</submittedBy></source><imagesize><nrows>3200</nrows><ncols>4800</ncols></imagesize><object><name>m1_s03_s04_071_x</name><deleted>0</deleted><verified>0</verified><occluded>no</occluded><attributes></attributes><parts><hasparts></hasparts><ispartof></ispartof></parts><date>28-08-20 19:40:33:427</date><id>0</id><type>bounding_box</type><polygon><username>anonymous</username><pt><x>4693</x><y>2899</y><time>28-08-20 19:40:24:890</time></pt><pt><x>231</x><y>2899</y><time>28-08-20 19:40:27:757</time></pt><pt><x>231</x><y>64</y><time>undefined</time></pt><pt><x>4693</x><y>64</y><time>undefined</time></pt><closed_date>28-08-20 19:40:27:758</closed_date></polygon></object></annotation>