<annotation><filename>m1_s06_168_p_nic043.jpg</filename><folder>users/joselusava//jacob_2/168nic</folder><source><submittedBy>Jose Saca</submittedBy></source><imagesize><nrows>2736</nrows><ncols>4100</ncols></imagesize><object><name>m1_s06_168_p_nic043</name><deleted>0</deleted><verified>0</verified><occluded>no</occluded><attributes></attributes><parts><hasparts></hasparts><ispartof></ispartof></parts><date>08-09-20 23:15:40:082</date><id>0</id><type>bounding_box</type><polygon><username>anonymous</username><pt><x>1665</x><y>1107</y><time>08-09-20 23:15:38:131</time></pt><pt><x>2542</x><y>1107</y><time>08-09-20 23:15:39:526</time></pt><pt><x>2542</x><y>2616</y><time>undefined</time></pt><pt><x>1665</x><y>2616</y><time>undefined</time></pt><closed_date>08-09-20 23:15:39:526</closed_date></polygon></object></annotation>