<annotation><filename>m3_s01_002_p_ic052.jpg</filename><folder>users/joselusava//santiago_3</folder><source><submittedBy>Jose Saca</submittedBy></source><imagesize><nrows>2970</nrows><ncols>4451</ncols></imagesize><object><name>m3_s01_002_p_ic052</name><deleted>0</deleted><verified>0</verified><occluded>no</occluded><attributes></attributes><parts><hasparts></hasparts><ispartof></ispartof></parts><date>28-10-20 19:20:58:401</date><id>0</id><type>bounding_box</type><polygon><username>anonymous</username><pt><x>1057</x><y>321</y><time>28-10-20 19:20:54:653</time></pt><pt><x>2995</x><y>321</y><time>28-10-20 19:20:56:381</time></pt><pt><x>2995</x><y>2531</y><time>undefined</time></pt><pt><x>1057</x><y>2531</y><time>undefined</time></pt><closed_date>28-10-20 19:20:56:381</closed_date></polygon></object></annotation>