<annotation><filename>m2_s06_250_p_ic023.jpg</filename><folder>users/joselusava//valeria/m2_sala06_250_ic</folder><source><submittedBy>Jose Saca</submittedBy></source><imagesize><nrows>2910</nrows><ncols>4361</ncols></imagesize><object><name>m2_s06_250_p_ic023</name><deleted>0</deleted><verified>0</verified><occluded>no</occluded><attributes></attributes><parts><hasparts></hasparts><ispartof></ispartof></parts><date>30-09-20 22:21:18:352</date><id>0</id><type>bounding_box</type><polygon><username>anonymous</username><pt><x>298</x><y>2282</y><time>30-09-20 22:21:13:108</time></pt><pt><x>4189</x><y>2282</y><time>30-09-20 22:21:15:238</time></pt><pt><x>4189</x><y>1273</y><time>undefined</time></pt><pt><x>298</x><y>1273</y><time>undefined</time></pt><closed_date>30-09-20 22:21:15:239</closed_date></polygon></object></annotation>