<annotation><filename>m1_s06_186_p_ic028.jpg</filename><folder>users/joselusava//jacob_2/186ic</folder><source><submittedBy>Jose Saca</submittedBy></source><imagesize><nrows>2736</nrows><ncols>4100</ncols></imagesize><object><name>s06_186_p_ic028</name><deleted>0</deleted><verified>0</verified><occluded>no</occluded><attributes></attributes><parts><hasparts></hasparts><ispartof></ispartof></parts><date>09-09-20 11:27:13:143</date><id>0</id><type>bounding_box</type><polygon><username>anonymous</username><pt><x>3192</x><y>2643</y><time>09-09-20 11:27:10:459</time></pt><pt><x>1203</x><y>2643</y><time>09-09-20 11:27:12:060</time></pt><pt><x>1203</x><y>90</y><time>undefined</time></pt><pt><x>3192</x><y>90</y><time>undefined</time></pt><closed_date>09-09-20 11:27:12:060</closed_date></polygon></object></annotation>