<annotation><filename>m2_s03_219_p_nic076.jpg</filename><folder>users/joselusava//valeria/m2_sala03_219_nic</folder><source><submittedBy>Jose Saca</submittedBy></source><imagesize><nrows>2910</nrows><ncols>4361</ncols></imagesize><object><name>m2_s03_219_p_nic076</name><deleted>0</deleted><verified>0</verified><occluded>no</occluded><attributes></attributes><parts><hasparts></hasparts><ispartof></ispartof></parts><date>29-09-20 19:10:25:633</date><id>0</id><type>bounding_box</type><polygon><username>anonymous</username><pt><x>2469</x><y>2210</y><time>29-09-20 19:10:20:454</time></pt><pt><x>4062</x><y>2210</y><time>29-09-20 19:10:22:394</time></pt><pt><x>4062</x><y>292</y><time>undefined</time></pt><pt><x>2469</x><y>292</y><time>undefined</time></pt><closed_date>29-09-20 19:10:22:395</closed_date></polygon></object></annotation>