<annotation><filename>m4_s10_164_p_nic056.jpg</filename><folder>users/joselusava//santiago_2</folder><source><submittedBy>Jose Saca</submittedBy></source><imagesize><nrows>2970</nrows><ncols>4451</ncols></imagesize><object><name>m4_s10_164_p_nic056</name><deleted>0</deleted><verified>0</verified><occluded>no</occluded><attributes></attributes><parts><hasparts></hasparts><ispartof></ispartof></parts><date>14-10-20 13:36:38:967</date><id>0</id><type>bounding_box</type><polygon><username>anonymous</username><pt><x>1742</x><y>1953</y><time>14-10-20 13:36:35:621</time></pt><pt><x>2174</x><y>1953</y><time>14-10-20 13:36:36:611</time></pt><pt><x>2174</x><y>2592</y><time>undefined</time></pt><pt><x>1742</x><y>2592</y><time>undefined</time></pt><closed_date>14-10-20 13:36:36:612</closed_date></polygon></object></annotation>