<annotation><filename>m4_s11_178_p_nic088.jpg</filename><folder>users/joselusava//santiago_2</folder><source><submittedBy>Jose Saca</submittedBy></source><imagesize><nrows>2970</nrows><ncols>4451</ncols></imagesize><object><name>m4_s11_178_p_nic088</name><deleted>0</deleted><verified>0</verified><occluded>no</occluded><attributes></attributes><parts><hasparts></hasparts><ispartof></ispartof></parts><date>16-10-20 11:46:31:394</date><id>0</id><type>bounding_box</type><polygon><username>anonymous</username><pt><x>2802</x><y>985</y><time>16-10-20 11:46:28:168</time></pt><pt><x>3862</x><y>985</y><time>16-10-20 11:46:29:585</time></pt><pt><x>3862</x><y>2045</y><time>undefined</time></pt><pt><x>2802</x><y>2045</y><time>undefined</time></pt><closed_date>16-10-20 11:46:29:586</closed_date></polygon></object></annotation>