<annotation><filename>m4_s10_157_p_ic051.jpg</filename><folder>users/joselusava//valeria/m04_s10_157_ic</folder><source><submittedBy>Jose Saca</submittedBy></source><imagesize><nrows>2970</nrows><ncols>4451</ncols></imagesize><object><name>m4_s10_157_p_ic051</name><deleted>0</deleted><verified>0</verified><occluded>no</occluded><attributes></attributes><parts><hasparts></hasparts><ispartof></ispartof></parts><date>12-10-20 17:41:45:399</date><id>0</id><type>bounding_box</type><polygon><username>anonymous</username><pt><x>1249</x><y>2689</y><time>12-10-20 17:41:39:586</time></pt><pt><x>3279</x><y>2689</y><time>12-10-20 17:41:41:727</time></pt><pt><x>3279</x><y>309</y><time>undefined</time></pt><pt><x>1249</x><y>309</y><time>undefined</time></pt><closed_date>12-10-20 17:41:41:727</closed_date></polygon></object></annotation>