<annotation><filename>m2_s01_001_p_nic057.jpg</filename><folder>users/joselusava//santiago</folder><source><submittedBy>Jose Saca</submittedBy></source><imagesize><nrows>2850</nrows><ncols>4271</ncols></imagesize><object><name>m2_s01_001_p_nic057</name><deleted>0</deleted><verified>0</verified><occluded>no</occluded><attributes></attributes><parts><hasparts></hasparts><ispartof></ispartof></parts><date>19-09-20 22:57:58:202</date><id>0</id><type>bounding_box</type><polygon><username>anonymous</username><pt><x>2231</x><y>1074</y><time>19-09-20 22:57:49:886</time></pt><pt><x>3767</x><y>1074</y><time>19-09-20 22:57:51:559</time></pt><pt><x>3767</x><y>2603</y><time>undefined</time></pt><pt><x>2231</x><y>2603</y><time>undefined</time></pt><closed_date>19-09-20 22:57:51:560</closed_date></polygon></object></annotation>