<annotation><filename>m2_s01_024_p_ic012.jpg</filename><folder>users/joselusava//santiago</folder><source><submittedBy>Jose Saca</submittedBy></source><imagesize><nrows>2850</nrows><ncols>4271</ncols></imagesize><object><name>m2_s01_024_p_ic012</name><deleted>0</deleted><verified>0</verified><occluded>no</occluded><attributes></attributes><parts><hasparts></hasparts><ispartof></ispartof></parts><date>24-09-20 01:18:22:744</date><id>0</id><type>bounding_box</type><polygon><username>anonymous</username><pt><x>1446</x><y>327</y><time>24-09-20 01:18:15:651</time></pt><pt><x>2703</x><y>327</y><time>24-09-20 01:18:16:845</time></pt><pt><x>2703</x><y>2552</y><time>undefined</time></pt><pt><x>1446</x><y>2552</y><time>undefined</time></pt><closed_date>24-09-20 01:18:16:847</closed_date></polygon></object></annotation>