<annotation><filename>m2_s03_201_p_ic014.jpg</filename><folder>users/joselusava//eg</folder><source><submittedBy>Jose Saca</submittedBy></source><imagesize><nrows>3000</nrows><ncols>4496</ncols></imagesize><object><name>m2_s03_219_p_ic014</name><deleted>0</deleted><verified>0</verified><occluded>no</occluded><attributes></attributes><parts><hasparts></hasparts><ispartof></ispartof></parts><date>16-09-20 12:42:59:371</date><id>0</id><type>bounding_box</type><polygon><username>anonymous</username><pt><x>665</x><y>126</y><time>16-09-20 12:42:46:049</time></pt><pt><x>3709</x><y>126</y><time>16-09-20 12:42:47:798</time></pt><pt><x>3709</x><y>2889</y><time>undefined</time></pt><pt><x>665</x><y>2889</y><time>undefined</time></pt><closed_date>16-09-20 12:42:47:800</closed_date></polygon></object></annotation>