<annotation><filename>m4_s04_037_p_ic033.jpg</filename><folder>users/joselusava//santiago_2</folder><source><submittedBy>Jose Saca</submittedBy></source><imagesize><nrows>2970</nrows><ncols>4451</ncols></imagesize><object><name>m4_s04_037_p_ic033</name><deleted>0</deleted><verified>0</verified><occluded>no</occluded><attributes></attributes><parts><hasparts></hasparts><ispartof></ispartof></parts><date>17-10-20 22:03:27:238</date><id>0</id><type>bounding_box</type><polygon><username>anonymous</username><pt><x>1696</x><y>378</y><time>17-10-20 22:03:15:800</time></pt><pt><x>3116</x><y>378</y><time>17-10-20 22:03:17:248</time></pt><pt><x>3116</x><y>2456</y><time>undefined</time></pt><pt><x>1696</x><y>2456</y><time>undefined</time></pt><closed_date>17-10-20 22:03:17:249</closed_date></polygon></object></annotation>