<annotation><filename>m1_s02_065_p_nic057.jpg</filename><folder>users/joselusava//valeria/sala2_065_nic</folder><source><submittedBy>Jose Saca</submittedBy></source><imagesize><nrows>2000</nrows><ncols>2992</ncols></imagesize><object><name>m1_s02_065_p_nic057</name><deleted>0</deleted><verified>0</verified><occluded>no</occluded><attributes></attributes><parts><hasparts></hasparts><ispartof></ispartof></parts><date>27-08-20 23:23:54:706</date><id>0</id><type>bounding_box</type><polygon><username>anonymous</username><pt><x>2379</x><y>1074</y><time>27-08-20 23:23:49:909</time></pt><pt><x>695</x><y>1074</y><time>27-08-20 23:23:51:925</time></pt><pt><x>695</x><y>336</y><time>undefined</time></pt><pt><x>2379</x><y>336</y><time>undefined</time></pt><closed_date>27-08-20 23:23:51:926</closed_date></polygon></object></annotation>