<annotation><filename>m2_s01_018_p_nic048.jpg</filename><folder>users/joselusava//santiago_2</folder><source><submittedBy>Jose Saca</submittedBy></source><imagesize><nrows>2850</nrows><ncols>4271</ncols></imagesize><object><name>m2_s01_018_p_nic048</name><deleted>0</deleted><verified>0</verified><occluded>no</occluded><attributes></attributes><parts><hasparts></hasparts><ispartof></ispartof></parts><date>28-09-20 21:53:19:115</date><id>0</id><type>bounding_box</type><polygon><username>anonymous</username><pt><x>567</x><y>1988</y><time>28-09-20 21:53:16:158</time></pt><pt><x>1061</x><y>1988</y><time>28-09-20 21:53:16:908</time></pt><pt><x>1061</x><y>2574</y><time>undefined</time></pt><pt><x>567</x><y>2574</y><time>undefined</time></pt><closed_date>28-09-20 21:53:16:910</closed_date></polygon></object></annotation>