<annotation><filename>m4_s04_047_p_ic037.jpg</filename><folder>users/joselusava//kath/kath_m4_047</folder><source><submittedBy>Jose Saca</submittedBy></source><imagesize><nrows>2970</nrows><ncols>4451</ncols></imagesize><object><name>m4_s04_047_p_ic037</name><deleted>0</deleted><verified>0</verified><occluded>no</occluded><attributes></attributes><parts><hasparts></hasparts><ispartof></ispartof></parts><date>24-10-20 14:01:10:041</date><id>0</id><type>bounding_box</type><polygon><username>anonymous</username><pt><x>1708</x><y>267</y><time>24-10-20 14:01:05:500</time></pt><pt><x>2873</x><y>267</y><time>24-10-20 14:01:07:645</time></pt><pt><x>2873</x><y>2710</y><time>undefined</time></pt><pt><x>1708</x><y>2710</y><time>undefined</time></pt><closed_date>24-10-20 14:01:07:647</closed_date></polygon></object></annotation>