<annotation><filename>m4_s05_052_p_nic008.jpg</filename><folder>users/joselusava//santiago_2</folder><source><submittedBy>Jose Saca</submittedBy></source><imagesize><nrows>2910</nrows><ncols>4361</ncols></imagesize><object><name>m4_s05_052_p_nic008</name><deleted>0</deleted><verified>0</verified><occluded>no</occluded><attributes></attributes><parts><hasparts></hasparts><ispartof></ispartof></parts><date>07-10-20 23:45:04:661</date><id>0</id><type>bounding_box</type><polygon><username>anonymous</username><pt><x>2255</x><y>249</y><time>07-10-20 23:45:00:552</time></pt><pt><x>3631</x><y>249</y><time>07-10-20 23:45:01:697</time></pt><pt><x>3631</x><y>1666</y><time>undefined</time></pt><pt><x>2255</x><y>1666</y><time>undefined</time></pt><closed_date>07-10-20 23:45:01:698</closed_date></polygon></object></annotation>