<annotation><filename>m2_s01_024_p_ic027.jpg</filename><folder>users/joselusava//santiago</folder><source><submittedBy>Jose Saca</submittedBy></source><imagesize><nrows>2850</nrows><ncols>4271</ncols></imagesize><object><name>m2_s01_024_p_ic027</name><deleted>0</deleted><verified>0</verified><occluded>no</occluded><attributes></attributes><parts><hasparts></hasparts><ispartof></ispartof></parts><date>24-09-20 12:16:31:784</date><id>0</id><type>bounding_box</type><polygon><username>anonymous</username><pt><x>1546</x><y>217</y><time>24-09-20 12:16:18:578</time></pt><pt><x>2929</x><y>217</y><time>24-09-20 12:16:22:274</time></pt><pt><x>2929</x><y>2731</y><time>undefined</time></pt><pt><x>1546</x><y>2731</y><time>undefined</time></pt><closed_date>24-09-20 12:16:22:276</closed_date></polygon></object></annotation>