<annotation><filename>img_m1_s10_303_p_nic086.jpg</filename><folder>users/joselusava//santiago</folder><source><submittedBy>Jose Saca</submittedBy></source><imagesize><nrows>3200</nrows><ncols>4800</ncols></imagesize><object><name>m1_s10_303_p_nic086</name><deleted>0</deleted><verified>0</verified><occluded>no</occluded><attributes></attributes><parts><hasparts></hasparts><ispartof></ispartof></parts><date>01-09-20 23:04:40:167</date><id>0</id><type>bounding_box</type><polygon><username>anonymous</username><pt><x>522</x><y>428</y><time>01-09-20 23:04:31:036</time></pt><pt><x>1811</x><y>428</y><time>01-09-20 23:04:32:261</time></pt><pt><x>1811</x><y>1281</y><time>undefined</time></pt><pt><x>522</x><y>1281</y><time>undefined</time></pt><closed_date>01-09-20 23:04:32:263</closed_date></polygon></object></annotation>