<annotation><filename>m4_s02_021_p_nic013.jpg</filename><folder>users/joselusava//santiago_2</folder><source><submittedBy>Jose Saca</submittedBy></source><imagesize><nrows>2910</nrows><ncols>4361</ncols></imagesize><object><name>m4_s02_021_p_nic013</name><deleted>0</deleted><verified>0</verified><occluded>no</occluded><attributes></attributes><parts><hasparts></hasparts><ispartof></ispartof></parts><date>04-10-20 22:06:53:370</date><id>0</id><type>bounding_box</type><polygon><username>anonymous</username><pt><x>506</x><y>211</y><time>04-10-20 22:06:49:167</time></pt><pt><x>1614</x><y>211</y><time>04-10-20 22:06:50:979</time></pt><pt><x>1614</x><y>1971</y><time>undefined</time></pt><pt><x>506</x><y>1971</y><time>undefined</time></pt><closed_date>04-10-20 22:06:50:980</closed_date></polygon></object></annotation>