<annotation><filename>m4_s09_138_p_ic084.jpg</filename><folder>users/joselusava//santiago_2</folder><source><submittedBy>Jose Saca</submittedBy></source><imagesize><nrows>2970</nrows><ncols>4451</ncols></imagesize><object><name>m4_s09_138_p_ic084</name><deleted>0</deleted><verified>0</verified><occluded>no</occluded><attributes></attributes><parts><hasparts></hasparts><ispartof></ispartof></parts><date>22-10-20 21:31:12:682</date><id>0</id><type>bounding_box</type><polygon><username>anonymous</username><pt><x>500</x><y>767</y><time>22-10-20 21:31:09:439</time></pt><pt><x>4059</x><y>767</y><time>22-10-20 21:31:10:399</time></pt><pt><x>4059</x><y>2609</y><time>undefined</time></pt><pt><x>500</x><y>2609</y><time>undefined</time></pt><closed_date>22-10-20 21:31:10:400</closed_date></polygon></object></annotation>