<annotation><filename>m4_s02_021_p_nic070.jpg</filename><folder>users/joselusava//santiago_2</folder><source><submittedBy>Jose Saca</submittedBy></source><imagesize><nrows>2910</nrows><ncols>4361</ncols></imagesize><object><name>m4_s02_021_p_nic070</name><deleted>0</deleted><verified>0</verified><occluded>no</occluded><attributes></attributes><parts><hasparts></hasparts><ispartof></ispartof></parts><date>05-10-20 11:39:53:824</date><id>0</id><type>bounding_box</type><polygon><username>anonymous</username><pt><x>398</x><y>852</y><time>05-10-20 11:39:50:430</time></pt><pt><x>1251</x><y>852</y><time>05-10-20 11:39:51:829</time></pt><pt><x>1251</x><y>2539</y><time>undefined</time></pt><pt><x>398</x><y>2539</y><time>undefined</time></pt><closed_date>05-10-20 11:39:51:831</closed_date></polygon></object></annotation>