<annotation><filename>m2_s01_054_p_ic057.jpg</filename><folder>users/joselusava//kath</folder><source><submittedBy>Jose Saca</submittedBy></source><imagesize><nrows>2850</nrows><ncols>4271</ncols></imagesize><object><name>m2_s01_054_p_ic057</name><deleted>0</deleted><verified>0</verified><occluded>no</occluded><attributes></attributes><parts><hasparts></hasparts><ispartof></ispartof></parts><date>29-09-20 23:37:13:534</date><id>0</id><type>bounding_box</type><polygon><username>anonymous</username><pt><x>2836</x><y>190</y><time>29-09-20 23:37:06:010</time></pt><pt><x>1235</x><y>190</y><time>29-09-20 23:37:09:719</time></pt><pt><x>1235</x><y>2485</y><time>undefined</time></pt><pt><x>2836</x><y>2485</y><time>undefined</time></pt><closed_date>29-09-20 23:37:09:719</closed_date></polygon></object></annotation>