<annotation><filename>m1_s02_029_p_nic078.jpg</filename><folder>users/joselusava//valeria/sala2_029_nic</folder><source><submittedBy>Jose Saca</submittedBy></source><imagesize><nrows>3200</nrows><ncols>4800</ncols></imagesize><object><name>m1_s02_029_p_nic078</name><deleted>0</deleted><verified>0</verified><occluded>no</occluded><attributes></attributes><parts><hasparts></hasparts><ispartof></ispartof></parts><date>26-08-20 20:29:22:054</date><id>0</id><type>bounding_box</type><polygon><username>anonymous</username><pt><x>285</x><y>1836</y><time>26-08-20 20:29:15:528</time></pt><pt><x>1358</x><y>1836</y><time>26-08-20 20:29:18:508</time></pt><pt><x>1358</x><y>3055</y><time>undefined</time></pt><pt><x>285</x><y>3055</y><time>undefined</time></pt><closed_date>26-08-20 20:29:18:509</closed_date></polygon></object></annotation>