<annotation><filename>m3_s01_013_p_ic058.jpg</filename><folder>users/joselusava//valeria/m03_s01_13_ic</folder><source><submittedBy>Jose Saca</submittedBy></source><imagesize><nrows>2970</nrows><ncols>4451</ncols></imagesize><object><name>m3_s01_013_p_ic057</name><deleted>0</deleted><verified>0</verified><occluded>no</occluded><attributes></attributes><parts><hasparts></hasparts><ispartof></ispartof></parts><date>01-11-20 09:09:19:145</date><id>0</id><type>bounding_box</type><polygon><username>anonymous</username><pt><x>3530</x><y>2724</y><time>01-11-20 09:09:12:490</time></pt><pt><x>1251</x><y>2724</y><time>01-11-20 09:09:15:600</time></pt><pt><x>1251</x><y>360</y><time>undefined</time></pt><pt><x>3530</x><y>360</y><time>undefined</time></pt><closed_date>01-11-20 09:09:15:602</closed_date></polygon></object></annotation>