<annotation><filename>m1_s01_021_p_ic024.jpg</filename><folder>users/joselusava//santiago</folder><source><submittedBy>Jose Saca</submittedBy></source><imagesize><nrows>3200</nrows><ncols>4800</ncols></imagesize><object><name>m1_s01_021_p_ic024</name><deleted>0</deleted><verified>0</verified><occluded>no</occluded><attributes></attributes><parts><hasparts></hasparts><ispartof></ispartof></parts><date>14-09-20 22:28:44:758</date><id>0</id><type>bounding_box</type><polygon><username>anonymous</username><pt><x>1695</x><y>644</y><time>14-09-20 22:28:34:916</time></pt><pt><x>3121</x><y>644</y><time>14-09-20 22:28:37:660</time></pt><pt><x>3121</x><y>2570</y><time>undefined</time></pt><pt><x>1695</x><y>2570</y><time>undefined</time></pt><closed_date>14-09-20 22:28:37:661</closed_date></polygon></object></annotation>