<annotation><filename>m1_s01_017_p_nic024.jpg</filename><folder>users/joselusava//santiago</folder><source><submittedBy>Jose Saca</submittedBy></source><imagesize><nrows>3200</nrows><ncols>4800</ncols></imagesize><object><name>m1_s01_017_p_nic024</name><deleted>0</deleted><verified>0</verified><occluded>no</occluded><attributes></attributes><parts><hasparts></hasparts><ispartof></ispartof></parts><date>11-09-20 18:45:10:145</date><id>0</id><type>bounding_box</type><polygon><username>anonymous</username><pt><x>3733</x><y>558</y><time>11-09-20 18:45:02:390</time></pt><pt><x>4294</x><y>558</y><time>11-09-20 18:45:03:739</time></pt><pt><x>4294</x><y>932</y><time>undefined</time></pt><pt><x>3733</x><y>932</y><time>undefined</time></pt><closed_date>11-09-20 18:45:03:740</closed_date></polygon></object></annotation>