<annotation><filename>m1_s02_052_p_ic042.jpg</filename><folder>users/joselusava//valeria/sala2_052_ic</folder><source><submittedBy>Jose Saca</submittedBy></source><imagesize><nrows>3200</nrows><ncols>4800</ncols></imagesize><object><name>m1_s02_052_p_ic042</name><deleted>0</deleted><verified>0</verified><occluded>no</occluded><attributes></attributes><parts><hasparts></hasparts><ispartof></ispartof></parts><date>25-08-20 18:03:19:704</date><id>0</id><type>bounding_box</type><polygon><username>anonymous</username><pt><x>1391</x><y>16</y><time>25-08-20 18:03:11:788</time></pt><pt><x>3732</x><y>16</y><time>25-08-20 18:03:15:676</time></pt><pt><x>3732</x><y>3179</y><time>undefined</time></pt><pt><x>1391</x><y>3179</y><time>undefined</time></pt><closed_date>25-08-20 18:03:15:677</closed_date></polygon></object></annotation>