<annotation><filename>m2_s03_252_p_ic001.jpg</filename><folder>users/joselusava//valeria/m2_sala03_252_ic</folder><source><submittedBy>Jose Saca</submittedBy></source><imagesize><nrows>2910</nrows><ncols>4361</ncols></imagesize><object><name>m2_s06_252_p_ic001</name><deleted>0</deleted><verified>0</verified><occluded>no</occluded><attributes></attributes><parts><hasparts></hasparts><ispartof></ispartof></parts><date>25-09-20 19:40:47:353</date><id>0</id><type>bounding_box</type><polygon><username>anonymous</username><pt><x>678</x><y>424</y><time>25-09-20 19:40:42:005</time></pt><pt><x>3323</x><y>424</y><time>25-09-20 19:40:43:949</time></pt><pt><x>3323</x><y>2530</y><time>undefined</time></pt><pt><x>678</x><y>2530</y><time>undefined</time></pt><closed_date>25-09-20 19:40:43:950</closed_date></polygon></object></annotation>