<annotation><filename>m4_s12_185_p_nic020.jpg</filename><folder>users/joselusava//valeria/m04_s12_185_nic</folder><source><submittedBy>Jose Saca</submittedBy></source><imagesize><nrows>2910</nrows><ncols>4361</ncols></imagesize><object><name>m4_s12_185_p_nic020</name><deleted>0</deleted><verified>0</verified><occluded>no</occluded><attributes></attributes><parts><hasparts></hasparts><ispartof></ispartof></parts><date>17-10-20 19:42:50:687</date><id>0</id><type>bounding_box</type><polygon><username>anonymous</username><pt><x>11</x><y>2686</y><time>17-10-20 19:42:42:131</time></pt><pt><x>2865</x><y>2686</y><time>17-10-20 19:42:45:508</time></pt><pt><x>2865</x><y>308</y><time>undefined</time></pt><pt><x>11</x><y>308</y><time>undefined</time></pt><closed_date>17-10-20 19:42:45:510</closed_date></polygon></object></annotation>