<annotation><filename>m3_s01_023_p_nic080.jpg</filename><folder>users/joselusava//santiago_3</folder><source><submittedBy>Jose Saca</submittedBy></source><imagesize><nrows>2970</nrows><ncols>4451</ncols></imagesize><object><name>m3_s01_023_p_nic080</name><deleted>0</deleted><verified>0</verified><occluded>no</occluded><attributes></attributes><parts><hasparts></hasparts><ispartof></ispartof></parts><date>06-11-20 11:29:58:281</date><id>0</id><type>bounding_box</type><polygon><username>anonymous</username><pt><x>521</x><y>225</y><time>06-11-20 11:29:55:087</time></pt><pt><x>2099</x><y>225</y><time>06-11-20 11:29:56:214</time></pt><pt><x>2099</x><y>1896</y><time>undefined</time></pt><pt><x>521</x><y>1896</y><time>undefined</time></pt><closed_date>06-11-20 11:29:56:215</closed_date></polygon></object></annotation>