<annotation><filename>img_m1_s10_303_p_nic014.jpg</filename><folder>users/joselusava//santiago</folder><source><submittedBy>Jose Saca</submittedBy></source><imagesize><nrows>3200</nrows><ncols>4800</ncols></imagesize><object><name>m1_s10_303_p_nic014</name><deleted>0</deleted><verified>0</verified><occluded>no</occluded><attributes></attributes><parts><hasparts></hasparts><ispartof></ispartof></parts><date>01-09-20 19:52:39:860</date><id>0</id><type>bounding_box</type><polygon><username>anonymous</username><pt><x>194</x><y>1335</y><time>01-09-20 19:52:30:515</time></pt><pt><x>1854</x><y>1335</y><time>01-09-20 19:52:32:404</time></pt><pt><x>1854</x><y>2246</y><time>undefined</time></pt><pt><x>194</x><y>2246</y><time>undefined</time></pt><closed_date>01-09-20 19:52:32:405</closed_date></polygon></object></annotation>