<annotation><filename>m4_s04_045_p_nic020.jpg</filename><folder>users/joselusava//valeria/m04_s04_45_nic</folder><source><submittedBy>Jose Saca</submittedBy></source><imagesize><nrows>2970</nrows><ncols>4451</ncols></imagesize><object><name>m4_s04_045_p_nic020</name><deleted>0</deleted><verified>0</verified><occluded>no</occluded><attributes></attributes><parts><hasparts></hasparts><ispartof></ispartof></parts><date>20-10-20 00:21:41:030</date><id>0</id><type>bounding_box</type><polygon><username>anonymous</username><pt><x>154</x><y>2090</y><time>20-10-20 00:21:36:426</time></pt><pt><x>1074</x><y>2090</y><time>20-10-20 00:21:38:556</time></pt><pt><x>1074</x><y>651</y><time>undefined</time></pt><pt><x>154</x><y>651</y><time>undefined</time></pt><closed_date>20-10-20 00:21:38:557</closed_date></polygon></object></annotation>