<annotation><filename>m3_s01_013_p_nic087.jpg</filename><folder>users/joselusava//valeria/m03_s01_13_nic</folder><source><submittedBy>Jose Saca</submittedBy></source><imagesize><nrows>2970</nrows><ncols>4451</ncols></imagesize><object><name>m3_s01_013_p_nic087</name><deleted>0</deleted><verified>0</verified><occluded>no</occluded><attributes></attributes><parts><hasparts></hasparts><ispartof></ispartof></parts><date>07-11-20 00:17:32:640</date><id>0</id><type>bounding_box</type><polygon><username>anonymous</username><pt><x>149</x><y>2490</y><time>07-11-20 00:17:27:870</time></pt><pt><x>2148</x><y>2490</y><time>07-11-20 00:17:29:533</time></pt><pt><x>2148</x><y>400</y><time>undefined</time></pt><pt><x>149</x><y>400</y><time>undefined</time></pt><closed_date>07-11-20 00:17:29:534</closed_date></polygon></object></annotation>