<annotation><filename>m1_s01_001_p_nic096.jpg</filename><folder>users/joselusava//juancarlos</folder><source><submittedBy>Jose Saca</submittedBy></source><imagesize><nrows>3200</nrows><ncols>4800</ncols></imagesize><object><name>m1_s01_001_p_nic096</name><deleted>0</deleted><verified>0</verified><occluded>no</occluded><attributes></attributes><parts><hasparts></hasparts><ispartof></ispartof></parts><date>12-09-20 09:34:00:609</date><id>0</id><type>bounding_box</type><polygon><username>anonymous</username><pt><x>516</x><y>1875</y><time>12-09-20 09:33:44:709</time></pt><pt><x>1836</x><y>1875</y><time>12-09-20 09:33:47:183</time></pt><pt><x>1836</x><y>2762</y><time>undefined</time></pt><pt><x>516</x><y>2762</y><time>undefined</time></pt><closed_date>12-09-20 09:33:47:187</closed_date></polygon></object></annotation>