<annotation><filename>m4_s10_164_p_ic004.jpg</filename><folder>users/joselusava//santiago_2</folder><source><submittedBy>Jose Saca</submittedBy></source><imagesize><nrows>2970</nrows><ncols>4451</ncols></imagesize><object><name>m4_s10_164_p_ic004</name><deleted>0</deleted><verified>0</verified><occluded>no</occluded><attributes></attributes><parts><hasparts></hasparts><ispartof></ispartof></parts><date>13-10-20 21:58:30:884</date><id>0</id><type>bounding_box</type><polygon><username>anonymous</username><pt><x>1910</x><y>942</y><time>13-10-20 21:58:27:223</time></pt><pt><x>2634</x><y>942</y><time>13-10-20 21:58:28:368</time></pt><pt><x>2634</x><y>1624</y><time>undefined</time></pt><pt><x>1910</x><y>1624</y><time>undefined</time></pt><closed_date>13-10-20 21:58:28:369</closed_date></polygon></object></annotation>