<annotation><filename>m2_s01_001_p_nic071.jpg</filename><folder>users/joselusava//santiago</folder><source><submittedBy>Jose Saca</submittedBy></source><imagesize><nrows>2850</nrows><ncols>4271</ncols></imagesize><object><name>m2_s01_001_p_nic071</name><deleted>0</deleted><verified>0</verified><occluded>no</occluded><attributes></attributes><parts><hasparts></hasparts><ispartof></ispartof></parts><date>19-09-20 23:17:44:497</date><id>0</id><type>bounding_box</type><polygon><username>anonymous</username><pt><x>936</x><y>212</y><time>19-09-20 23:17:36:072</time></pt><pt><x>2366</x><y>212</y><time>19-09-20 23:17:37:051</time></pt><pt><x>2366</x><y>1478</y><time>undefined</time></pt><pt><x>936</x><y>1478</y><time>undefined</time></pt><closed_date>19-09-20 23:17:37:052</closed_date></polygon></object></annotation>