<annotation><filename>m3_s01_002_p_ic039.jpg</filename><folder>users/joselusava//santiago_3</folder><source><submittedBy>Jose Saca</submittedBy></source><imagesize><nrows>2970</nrows><ncols>4451</ncols></imagesize><object><name>m3_s01_002_p_ic039</name><deleted>0</deleted><verified>0</verified><occluded>no</occluded><attributes></attributes><parts><hasparts></hasparts><ispartof></ispartof></parts><date>28-10-20 18:58:04:523</date><id>0</id><type>bounding_box</type><polygon><username>anonymous</username><pt><x>568</x><y>293</y><time>28-10-20 18:57:48:440</time></pt><pt><x>3770</x><y>293</y><time>28-10-20 18:57:49:892</time></pt><pt><x>3770</x><y>2374</y><time>undefined</time></pt><pt><x>568</x><y>2374</y><time>undefined</time></pt><closed_date>28-10-20 18:57:49:893</closed_date></polygon></object></annotation>