<annotation><filename>m1_s06_186_p_nic073.jpg</filename><folder>users/joselusava//jacob_2/186nic</folder><source><submittedBy>Jose Saca</submittedBy></source><imagesize><nrows>2736</nrows><ncols>4100</ncols></imagesize><object><name>m1_s06_186_p_nic073</name><deleted>0</deleted><verified>0</verified><occluded>no</occluded><attributes></attributes><parts><hasparts></hasparts><ispartof></ispartof></parts><date>09-09-20 23:28:32:720</date><id>0</id><type>bounding_box</type><polygon><username>anonymous</username><pt><x>2398</x><y>1980</y><time>09-09-20 23:28:30:287</time></pt><pt><x>1432</x><y>1980</y><time>09-09-20 23:28:32:051</time></pt><pt><x>1432</x><y>237</y><time>undefined</time></pt><pt><x>2398</x><y>237</y><time>undefined</time></pt><closed_date>09-09-20 23:28:32:051</closed_date></polygon></object></annotation>