<annotation><filename>m2_s03_252_p_nic044.jpg</filename><folder>users/joselusava//valeria/m2_sala03_252_nic</folder><source><submittedBy>Jose Saca</submittedBy></source><imagesize><nrows>2910</nrows><ncols>4361</ncols></imagesize><object><name>m2_s06_252_p_nic044</name><deleted>0</deleted><verified>0</verified><occluded>no</occluded><attributes></attributes><parts><hasparts></hasparts><ispartof></ispartof></parts><date>26-09-20 21:35:30:011</date><id>0</id><type>bounding_box</type><polygon><username>anonymous</username><pt><x>287</x><y>601</y><time>26-09-20 21:35:24:745</time></pt><pt><x>2348</x><y>601</y><time>26-09-20 21:35:26:713</time></pt><pt><x>2348</x><y>1725</y><time>undefined</time></pt><pt><x>287</x><y>1725</y><time>undefined</time></pt><closed_date>26-09-20 21:35:26:713</closed_date></polygon></object></annotation>