<annotation><filename>m4_s10_157_p_ic076.jpg</filename><folder>users/joselusava//valeria/m04_s10_157_ic</folder><source><submittedBy>Jose Saca</submittedBy></source><imagesize><nrows>2970</nrows><ncols>4451</ncols></imagesize><object><name>m4_s10_157_p_ic076</name><deleted>0</deleted><verified>0</verified><occluded>no</occluded><attributes></attributes><parts><hasparts></hasparts><ispartof></ispartof></parts><date>12-10-20 18:08:03:790</date><id>0</id><type>bounding_box</type><polygon><username>anonymous</username><pt><x>1209</x><y>2661</y><time>12-10-20 18:07:57:825</time></pt><pt><x>3336</x><y>2661</y><time>12-10-20 18:07:59:802</time></pt><pt><x>3336</x><y>180</y><time>undefined</time></pt><pt><x>1209</x><y>180</y><time>undefined</time></pt><closed_date>12-10-20 18:07:59:803</closed_date></polygon></object></annotation>