<annotation><filename>m2_s01_032_p_ic085.jpg</filename><folder>users/joselusava//santiago_2</folder><source><submittedBy>Jose Saca</submittedBy></source><imagesize><nrows>2850</nrows><ncols>4271</ncols></imagesize><object><name>m2_s01_032_p_ic085</name><deleted>0</deleted><verified>0</verified><occluded>no</occluded><attributes></attributes><parts><hasparts></hasparts><ispartof></ispartof></parts><date>30-09-20 17:17:48:199</date><id>0</id><type>bounding_box</type><polygon><username>anonymous</username><pt><x>1061</x><y>106</y><time>30-09-20 17:17:43:565</time></pt><pt><x>2946</x><y>106</y><time>30-09-20 17:17:45:726</time></pt><pt><x>2946</x><y>2469</y><time>undefined</time></pt><pt><x>1061</x><y>2469</y><time>undefined</time></pt><closed_date>30-09-20 17:17:45:727</closed_date></polygon></object></annotation>