<annotation><filename>m2_s02_085_p_ic028.jpg</filename><folder>users/joselusava//m2_jsv/85/ic</folder><source><submittedBy>Jose Saca</submittedBy></source><imagesize><nrows>2910</nrows><ncols>4361</ncols></imagesize><object><name>m2_s02_085_p_ic028</name><deleted>0</deleted><verified>0</verified><occluded>no</occluded><attributes></attributes><parts><hasparts></hasparts><ispartof></ispartof></parts><date>16-09-20 13:39:42:806</date><id>0</id><type>bounding_box</type><polygon><username>anonymous</username><pt><x>1758</x><y>897</y><time>16-09-20 13:39:40:258</time></pt><pt><x>2785</x><y>897</y><time>16-09-20 13:39:42:183</time></pt><pt><x>2785</x><y>2098</y><time>undefined</time></pt><pt><x>1758</x><y>2098</y><time>undefined</time></pt><closed_date>16-09-20 13:39:42:183</closed_date></polygon></object></annotation>