<annotation><filename>m4_s11_176_p_ic068.jpg</filename><folder>users/joselusava//m4_js/176/ic</folder><source><submittedBy>Jose Saca</submittedBy></source><imagesize><nrows>2970</nrows><ncols>4451</ncols></imagesize><object><name>m4_s11_176_p_ic068</name><deleted>0</deleted><verified>0</verified><occluded>no</occluded><attributes></attributes><parts><hasparts></hasparts><ispartof></ispartof></parts><date>15-10-20 09:56:08:540</date><id>0</id><type>bounding_box</type><polygon><username>anonymous</username><pt><x>3030</x><y>2514</y><time>15-10-20 09:56:06:903</time></pt><pt><x>1333</x><y>2514</y><time>15-10-20 09:56:08:006</time></pt><pt><x>1333</x><y>817</y><time>undefined</time></pt><pt><x>3030</x><y>817</y><time>undefined</time></pt><closed_date>15-10-20 09:56:08:006</closed_date></polygon></object></annotation>