<annotation><filename>m1_s01_001_p_nic024.jpg</filename><folder>users/joselusava//juancarlos</folder><source><submittedBy>Jose Saca</submittedBy></source><imagesize><nrows>3200</nrows><ncols>4800</ncols></imagesize><object><name>m1_s01_001_p_nic024</name><deleted>0</deleted><verified>0</verified><occluded>no</occluded><attributes></attributes><parts><hasparts></hasparts><ispartof></ispartof></parts><date>02-09-20 14:15:33:355</date><id>0</id><type>bounding_box</type><polygon><username>anonymous</username><pt><x>2612</x><y>1345</y><time>02-09-20 14:15:18:528</time></pt><pt><x>4236</x><y>1345</y><time>02-09-20 14:15:25:051</time></pt><pt><x>4236</x><y>2370</y><time>undefined</time></pt><pt><x>2612</x><y>2370</y><time>undefined</time></pt><closed_date>02-09-20 14:15:25:053</closed_date></polygon></object></annotation>