<annotation><filename>m2_s01_024_p_ic094.jpg</filename><folder>users/joselusava//santiago</folder><source><submittedBy>Jose Saca</submittedBy></source><imagesize><nrows>2850</nrows><ncols>4271</ncols></imagesize><object><name>m2_s01_024_p_ic094</name><deleted>0</deleted><verified>0</verified><occluded>no</occluded><attributes></attributes><parts><hasparts></hasparts><ispartof></ispartof></parts><date>24-09-20 23:11:48:366</date><id>0</id><type>bounding_box</type><polygon><username>anonymous</username><pt><x>1388</x><y>80</y><time>24-09-20 23:11:40:654</time></pt><pt><x>2799</x><y>80</y><time>24-09-20 23:11:42:270</time></pt><pt><x>2799</x><y>2424</y><time>undefined</time></pt><pt><x>1388</x><y>2424</y><time>undefined</time></pt><closed_date>24-09-20 23:11:42:270</closed_date></polygon></object></annotation>