<annotation><filename>m4_s04_037_p_nic004.jpg</filename><folder>users/joselusava//santiago_2</folder><source><submittedBy>Jose Saca</submittedBy></source><imagesize><nrows>2970</nrows><ncols>4451</ncols></imagesize><object><name>m4_s04_037_p_nic004</name><deleted>0</deleted><verified>0</verified><occluded>no</occluded><attributes></attributes><parts><hasparts></hasparts><ispartof></ispartof></parts><date>19-10-20 13:49:32:677</date><id>0</id><type>bounding_box</type><polygon><username>anonymous</username><pt><x>271</x><y>928</y><time>19-10-20 13:49:22:944</time></pt><pt><x>1378</x><y>928</y><time>19-10-20 13:49:24:122</time></pt><pt><x>1378</x><y>2435</y><time>undefined</time></pt><pt><x>271</x><y>2435</y><time>undefined</time></pt><closed_date>19-10-20 13:49:24:123</closed_date></polygon></object></annotation>