<annotation><filename>m2_s01_058_p_nic019.jpg</filename><folder>users/joselusava//m2_jsv/58/nic</folder><source><submittedBy>Jose Saca</submittedBy></source><imagesize><nrows>2850</nrows><ncols>4271</ncols></imagesize><object><name>m2_s01_058_p_nic019</name><deleted>0</deleted><verified>0</verified><occluded>no</occluded><attributes></attributes><parts><hasparts></hasparts><ispartof></ispartof></parts><date>29-09-20 22:57:54:217</date><id>0</id><type>bounding_box</type><polygon><username>anonymous</username><pt><x>1748</x><y>1628</y><time>29-09-20 22:57:52:328</time></pt><pt><x>119</x><y>1628</y><time>29-09-20 22:57:53:549</time></pt><pt><x>119</x><y>2813</y><time>undefined</time></pt><pt><x>1748</x><y>2813</y><time>undefined</time></pt><closed_date>29-09-20 22:57:53:549</closed_date></polygon></object></annotation>