<annotation><filename>m2_s01_024_p_nic042.jpg</filename><folder>users/joselusava//santiago</folder><source><submittedBy>Jose Saca</submittedBy></source><imagesize><nrows>2850</nrows><ncols>4271</ncols></imagesize><object><name>m2_s01_024_p_nic042</name><deleted>0</deleted><verified>0</verified><occluded>no</occluded><attributes></attributes><parts><hasparts></hasparts><ispartof></ispartof></parts><date>25-09-20 14:18:50:478</date><id>0</id><type>bounding_box</type><polygon><username>anonymous</username><pt><x>2575</x><y>1174</y><time>25-09-20 14:18:35:118</time></pt><pt><x>3308</x><y>1174</y><time>25-09-20 14:18:36:799</time></pt><pt><x>3308</x><y>2640</y><time>undefined</time></pt><pt><x>2575</x><y>2640</y><time>undefined</time></pt><closed_date>25-09-20 14:18:36:800</closed_date></polygon></object></annotation>