<annotation><filename>m2_s01_034_p_nic085.jpg</filename><folder>users/joselusava//kath</folder><source><submittedBy>Jose Saca</submittedBy></source><imagesize><nrows>2850</nrows><ncols>4271</ncols></imagesize><object><name>m2_s01_034_p_nic085</name><deleted>0</deleted><verified>0</verified><occluded>no</occluded><attributes></attributes><parts><hasparts></hasparts><ispartof></ispartof></parts><date>25-09-20 20:57:40:399</date><id>0</id><type>bounding_box</type><polygon><username>anonymous</username><pt><x>2564</x><y>422</y><time>25-09-20 20:57:32:429</time></pt><pt><x>3330</x><y>422</y><time>25-09-20 20:57:37:243</time></pt><pt><x>3330</x><y>1554</y><time>undefined</time></pt><pt><x>2564</x><y>1554</y><time>undefined</time></pt><closed_date>25-09-20 20:57:37:244</closed_date></polygon></object></annotation>