<annotation><filename>m4_s06_089_p_ic040.jpg</filename><folder>users/joselusava//santiago_2</folder><source><submittedBy>Jose Saca</submittedBy></source><imagesize><nrows>2970</nrows><ncols>4451</ncols></imagesize><object><name>m4_s06_089_p_ic040</name><deleted>0</deleted><verified>0</verified><occluded>no</occluded><attributes></attributes><parts><hasparts></hasparts><ispartof></ispartof></parts><date>11-10-20 18:32:03:858</date><id>0</id><type>bounding_box</type><polygon><username>anonymous</username><pt><x>1470</x><y>488</y><time>11-10-20 18:31:54:437</time></pt><pt><x>2856</x><y>488</y><time>11-10-20 18:31:57:186</time></pt><pt><x>2856</x><y>2589</y><time>undefined</time></pt><pt><x>1470</x><y>2589</y><time>undefined</time></pt><closed_date>11-10-20 18:31:57:188</closed_date></polygon></object></annotation>