<annotation><filename>m1_s06_172_x.jpg</filename><folder>users/joselusava//jacob_2/sala6</folder><source><submittedBy>Jose Saca</submittedBy></source><imagesize><nrows>2736</nrows><ncols>4100</ncols></imagesize><object><name>m1_s06_172_x</name><deleted>0</deleted><verified>0</verified><occluded>no</occluded><attributes></attributes><parts><hasparts></hasparts><ispartof></ispartof></parts><date>06-09-20 01:47:43:795</date><id>0</id><type>bounding_box</type><polygon><username>anonymous</username><pt><x>831</x><y>2519</y><time>06-09-20 01:47:40:206</time></pt><pt><x>2991</x><y>2519</y><time>06-09-20 01:47:43:047</time></pt><pt><x>2991</x><y>130</y><time>undefined</time></pt><pt><x>831</x><y>130</y><time>undefined</time></pt><closed_date>06-09-20 01:47:43:047</closed_date></polygon></object></annotation>