<annotation><filename>m4_s03_025_p_nic090.jpg</filename><folder>users/joselusava//santiago_3</folder><source><submittedBy>Jose Saca</submittedBy></source><imagesize><nrows>2910</nrows><ncols>4361</ncols></imagesize><object><name>m4_s03_025_p_nic090</name><deleted>0</deleted><verified>0</verified><occluded>no</occluded><attributes></attributes><parts><hasparts></hasparts><ispartof></ispartof></parts><date>08-11-20 14:28:23:468</date><id>0</id><type>bounding_box</type><polygon><username>anonymous</username><pt><x>1738</x><y>836</y><time>08-11-20 14:28:19:589</time></pt><pt><x>4029</x><y>836</y><time>08-11-20 14:28:20:802</time></pt><pt><x>4029</x><y>1924</y><time>undefined</time></pt><pt><x>1738</x><y>1924</y><time>undefined</time></pt><closed_date>08-11-20 14:28:20:802</closed_date></polygon></object></annotation>