<annotation><filename>m1_s06_186_p_ic011.jpg</filename><folder>users/joselusava//jacob_2/186ic</folder><source><submittedBy>Jose Saca</submittedBy></source><imagesize><nrows>2736</nrows><ncols>4100</ncols></imagesize><object><name>s06_186_p_ic011</name><deleted>0</deleted><verified>0</verified><occluded>no</occluded><attributes></attributes><parts><hasparts></hasparts><ispartof></ispartof></parts><date>09-09-20 11:20:57:570</date><id>0</id><type>bounding_box</type><polygon><username>anonymous</username><pt><x>998</x><y>2676</y><time>09-09-20 11:20:54:675</time></pt><pt><x>3314</x><y>2676</y><time>09-09-20 11:20:56:761</time></pt><pt><x>3314</x><y>8</y><time>undefined</time></pt><pt><x>998</x><y>8</y><time>undefined</time></pt><closed_date>09-09-20 11:20:56:761</closed_date></polygon></object></annotation>