<annotation><filename>m2_s02_188_x.jpg</filename><folder>users/joselusava//m2_jsv</folder><source><submittedBy>Jose Saca</submittedBy></source><imagesize><nrows>2910</nrows><ncols>4361</ncols></imagesize><object><name>m2_s02_188_x</name><deleted>0</deleted><verified>0</verified><occluded>no</occluded><attributes></attributes><parts><hasparts></hasparts><ispartof></ispartof></parts><date>20-09-20 16:59:16:670</date><id>0</id><type>bounding_box</type><polygon><username>anonymous</username><pt><x>2933</x><y>2368</y><time>20-09-20 16:59:14:681</time></pt><pt><x>1410</x><y>2368</y><time>20-09-20 16:59:16:018</time></pt><pt><x>1410</x><y>339</y><time>undefined</time></pt><pt><x>2933</x><y>339</y><time>undefined</time></pt><closed_date>20-09-20 16:59:16:018</closed_date></polygon></object></annotation>