<annotation><filename>m1_s06_141_p_ic041.jpg</filename><folder>users/joselusava//jacob_2/141ic</folder><source><submittedBy>Jose Saca</submittedBy></source><imagesize><nrows>2736</nrows><ncols>4100</ncols></imagesize><object><name>m1_s06_141_p_ic041</name><deleted>0</deleted><verified>0</verified><occluded>no</occluded><attributes></attributes><parts><hasparts></hasparts><ispartof></ispartof></parts><date>04-09-20 22:38:19:176</date><id>0</id><type>bounding_box</type><polygon><username>anonymous</username><pt><x>1432</x><y>2504</y><time>04-09-20 22:38:15:556</time></pt><pt><x>2766</x><y>2504</y><time>04-09-20 22:38:17:362</time></pt><pt><x>2766</x><y>327</y><time>undefined</time></pt><pt><x>1432</x><y>327</y><time>undefined</time></pt><closed_date>04-09-20 22:38:17:362</closed_date></polygon></object></annotation>