<annotation><filename>m4_s02_021_p_ic024.jpg</filename><folder>users/joselusava//santiago_2</folder><source><submittedBy>Jose Saca</submittedBy></source><imagesize><nrows>3000</nrows><ncols>4496</ncols></imagesize><object><name>m4_s02_021_p_ic024</name><deleted>0</deleted><verified>0</verified><occluded>no</occluded><attributes></attributes><parts><hasparts></hasparts><ispartof></ispartof></parts><date>03-10-20 17:51:17:196</date><id>0</id><type>bounding_box</type><polygon><username>anonymous</username><pt><x>1739</x><y>264</y><time>03-10-20 17:51:13:525</time></pt><pt><x>3004</x><y>264</y><time>03-10-20 17:51:15:207</time></pt><pt><x>3004</x><y>2864</y><time>undefined</time></pt><pt><x>1739</x><y>2864</y><time>undefined</time></pt><closed_date>03-10-20 17:51:15:208</closed_date></polygon></object></annotation>