<annotation><filename>m3_s01_013_p_ic014.jpg</filename><folder>users/joselusava//valeria/m03_s01_13_ic</folder><source><submittedBy>Jose Saca</submittedBy></source><imagesize><nrows>2970</nrows><ncols>4451</ncols></imagesize><object><name>m3_s01_013_p_ic014</name><deleted>0</deleted><verified>0</verified><occluded>no</occluded><attributes></attributes><parts><hasparts></hasparts><ispartof></ispartof></parts><date>28-10-20 22:26:58:198</date><id>0</id><type>bounding_box</type><polygon><username>anonymous</username><pt><x>194</x><y>2662</y><time>28-10-20 22:26:51:021</time></pt><pt><x>3638</x><y>2662</y><time>28-10-20 22:26:54:947</time></pt><pt><x>3638</x><y>114</y><time>undefined</time></pt><pt><x>194</x><y>114</y><time>undefined</time></pt><closed_date>28-10-20 22:26:54:948</closed_date></polygon></object></annotation>