<annotation><filename>m2_s03_219_p_ic056.jpg</filename><folder>users/joselusava//valeria/m2_sala03_219_ic</folder><source><submittedBy>Jose Saca</submittedBy></source><imagesize><nrows>2910</nrows><ncols>4361</ncols></imagesize><object><name>m2_s03_219_p_ic056</name><deleted>0</deleted><verified>0</verified><occluded>no</occluded><attributes></attributes><parts><hasparts></hasparts><ispartof></ispartof></parts><date>29-09-20 00:40:01:734</date><id>0</id><type>bounding_box</type><polygon><username>anonymous</username><pt><x>2976</x><y>204</y><time>29-09-20 00:39:56:672</time></pt><pt><x>1339</x><y>204</y><time>29-09-20 00:39:58:680</time></pt><pt><x>1339</x><y>2695</y><time>undefined</time></pt><pt><x>2976</x><y>2695</y><time>undefined</time></pt><closed_date>29-09-20 00:39:58:681</closed_date></polygon></object></annotation>