<annotation><filename>m2_s01_018_p_nic074.jpg</filename><folder>users/joselusava//santiago_2</folder><source><submittedBy>Jose Saca</submittedBy></source><imagesize><nrows>2850</nrows><ncols>4271</ncols></imagesize><object><name>m2_s01_018_p_nic074</name><deleted>0</deleted><verified>0</verified><occluded>no</occluded><attributes></attributes><parts><hasparts></hasparts><ispartof></ispartof></parts><date>29-09-20 18:35:49:979</date><id>0</id><type>bounding_box</type><polygon><username>anonymous</username><pt><x>2866</x><y>789</y><time>29-09-20 18:35:46:648</time></pt><pt><x>3347</x><y>789</y><time>29-09-20 18:35:47:503</time></pt><pt><x>3347</x><y>1359</y><time>undefined</time></pt><pt><x>2866</x><y>1359</y><time>undefined</time></pt><closed_date>29-09-20 18:35:47:504</closed_date></polygon></object></annotation>