<annotation><filename>m4_s02_021_p_ic086.jpg</filename><folder>users/joselusava//santiago_2</folder><source><submittedBy>Jose Saca</submittedBy></source><imagesize><nrows>2910</nrows><ncols>4361</ncols></imagesize><object><name>m4_s02_021_p_ic086</name><deleted>0</deleted><verified>0</verified><occluded>no</occluded><attributes></attributes><parts><hasparts></hasparts><ispartof></ispartof></parts><date>04-10-20 19:37:54:099</date><id>0</id><type>bounding_box</type><polygon><username>anonymous</username><pt><x>1379</x><y>146</y><time>04-10-20 19:37:50:436</time></pt><pt><x>2886</x><y>146</y><time>04-10-20 19:37:52:201</time></pt><pt><x>2886</x><y>2456</y><time>undefined</time></pt><pt><x>1379</x><y>2456</y><time>undefined</time></pt><closed_date>04-10-20 19:37:52:202</closed_date></polygon></object></annotation>