<annotation><filename>m1_s01_005_p_nic068.jpg</filename><folder>users/joselusava//museos2020</folder><source><submittedBy>Jose Saca</submittedBy></source><imagesize><nrows>2000</nrows><ncols>2992</ncols></imagesize><object><name>m1_s01_005_p_nic068</name><deleted>0</deleted><verified>0</verified><occluded>no</occluded><attributes></attributes><parts><hasparts></hasparts><ispartof></ispartof></parts><date>14-09-20 11:30:20:892</date><id>0</id><type>bounding_box</type><polygon><username>anonymous</username><pt><x>1080</x><y>297</y><time>14-09-20 11:30:14:273</time></pt><pt><x>1415</x><y>297</y><time>14-09-20 11:30:15:302</time></pt><pt><x>1415</x><y>693</y><time>undefined</time></pt><pt><x>1080</x><y>693</y><time>undefined</time></pt><closed_date>14-09-20 11:30:15:303</closed_date></polygon></object></annotation>