<annotation><filename>m2_s01_034_p_ic092.jpg</filename><folder>users/joselusava//kath</folder><source><submittedBy>Jose Saca</submittedBy></source><imagesize><nrows>2850</nrows><ncols>4271</ncols></imagesize><object><name>m2_s01_034_p_ic092</name><deleted>0</deleted><verified>0</verified><occluded>no</occluded><attributes></attributes><parts><hasparts></hasparts><ispartof></ispartof></parts><date>25-09-20 17:09:36:905</date><id>0</id><polygon><username>anonymous</username><pt><x>1275</x><y>172</y><time>25-09-20 17:09:25:333</time></pt><pt><x>2950</x><y>143</y><time>25-09-20 17:09:27:315</time></pt><pt><x>2914</x><y>2556</y><time>25-09-20 17:09:29:348</time></pt><pt><x>1310</x><y>2428</y><time>25-09-20 17:09:31:502</time></pt><closed_date>25-09-20 17:09:33:323</closed_date></polygon></object></annotation>