<annotation><filename>m2_s01_024_p_ic044.jpg</filename><folder>users/joselusava//santiago</folder><source><submittedBy>Jose Saca</submittedBy></source><imagesize><nrows>2850</nrows><ncols>4271</ncols></imagesize><object><name>m2_s01_024_p_ic044</name><deleted>0</deleted><verified>0</verified><occluded>no</occluded><attributes></attributes><parts><hasparts></hasparts><ispartof></ispartof></parts><date>24-09-20 16:45:48:348</date><id>0</id><type>bounding_box</type><polygon><username>anonymous</username><pt><x>1250</x><y>83</y><time>24-09-20 16:45:41:114</time></pt><pt><x>2719</x><y>83</y><time>24-09-20 16:45:42:723</time></pt><pt><x>2719</x><y>2648</y><time>undefined</time></pt><pt><x>1250</x><y>2648</y><time>undefined</time></pt><closed_date>24-09-20 16:45:42:724</closed_date></polygon></object></annotation>