<annotation><filename>m2_s03_219_p_nic022.jpg</filename><folder>users/joselusava//valeria/m2_sala03_219_nic</folder><source><submittedBy>Jose Saca</submittedBy></source><imagesize><nrows>2910</nrows><ncols>4361</ncols></imagesize><object><name>m2_s03_219_p_nic022</name><deleted>0</deleted><verified>0</verified><occluded>no</occluded><attributes></attributes><parts><hasparts></hasparts><ispartof></ispartof></parts><date>29-09-20 17:26:50:965</date><id>0</id><type>bounding_box</type><polygon><username>anonymous</username><pt><x>3803</x><y>1780</y><time>29-09-20 17:26:45:322</time></pt><pt><x>2530</x><y>1780</y><time>29-09-20 17:26:47:298</time></pt><pt><x>2530</x><y>226</y><time>undefined</time></pt><pt><x>3803</x><y>226</y><time>undefined</time></pt><closed_date>29-09-20 17:26:47:299</closed_date></polygon></object></annotation>