<annotation><filename>m4_s09_138_p_ic025.jpg</filename><folder>users/joselusava//santiago_2</folder><source><submittedBy>Jose Saca</submittedBy></source><imagesize><nrows>2970</nrows><ncols>4451</ncols></imagesize><object><name>m4_s09_138_p_ic025</name><deleted>0</deleted><verified>0</verified><occluded>no</occluded><attributes></attributes><parts><hasparts></hasparts><ispartof></ispartof></parts><date>22-10-20 14:00:29:883</date><id>0</id><type>bounding_box</type><polygon><username>anonymous</username><pt><x>196</x><y>357</y><time>22-10-20 14:00:26:617</time></pt><pt><x>4244</x><y>357</y><time>22-10-20 14:00:28:005</time></pt><pt><x>4244</x><y>2245</y><time>undefined</time></pt><pt><x>196</x><y>2245</y><time>undefined</time></pt><closed_date>22-10-20 14:00:28:007</closed_date></polygon></object></annotation>