<annotation><filename>m4_s05_052_p_nic098.jpg</filename><folder>users/joselusava//santiago_2</folder><source><submittedBy>Jose Saca</submittedBy></source><imagesize><nrows>2910</nrows><ncols>4361</ncols></imagesize><object><name>m4_s05_052_p_nic098</name><deleted>0</deleted><verified>0</verified><occluded>no</occluded><attributes></attributes><parts><hasparts></hasparts><ispartof></ispartof></parts><date>08-10-20 22:49:06:839</date><id>0</id><type>bounding_box</type><polygon><username>anonymous</username><pt><x>249</x><y>585</y><time>08-10-20 22:49:01:985</time></pt><pt><x>1698</x><y>585</y><time>08-10-20 22:49:03:695</time></pt><pt><x>1698</x><y>2075</y><time>undefined</time></pt><pt><x>249</x><y>2075</y><time>undefined</time></pt><closed_date>08-10-20 22:49:03:696</closed_date></polygon></object></annotation>