<annotation><filename>m1_s06_168_p_ic046.jpg</filename><folder>users/joselusava//jacob_2/168ic</folder><source><submittedBy>Jose Saca</submittedBy></source><imagesize><nrows>2736</nrows><ncols>4100</ncols></imagesize><object><name>m1_s06_168_p_ic046</name><deleted>0</deleted><verified>0</verified><occluded>no</occluded><attributes></attributes><parts><hasparts></hasparts><ispartof></ispartof></parts><date>08-09-20 19:54:18:085</date><id>0</id><type>bounding_box</type><polygon><username>anonymous</username><pt><x>1097</x><y>147</y><time>08-09-20 19:54:15:836</time></pt><pt><x>3093</x><y>147</y><time>08-09-20 19:54:17:352</time></pt><pt><x>3093</x><y>2643</y><time>undefined</time></pt><pt><x>1097</x><y>2643</y><time>undefined</time></pt><closed_date>08-09-20 19:54:17:352</closed_date></polygon></object></annotation>