<annotation><filename>m1_s01_010_x.jpg</filename><folder>users/joselusava//museos2020</folder><source><submittedBy>Jose Saca</submittedBy></source><imagesize><nrows>2000</nrows><ncols>2992</ncols></imagesize><object><name>m1_s01_010_x</name><deleted>0</deleted><verified>0</verified><occluded>no</occluded><attributes></attributes><parts><hasparts></hasparts><ispartof></ispartof></parts><date>13-09-20 21:57:30:849</date><id>0</id><polygon><username>anonymous</username><pt><x>1431</x><y>300</y><time>13-09-20 21:57:08:983</time></pt><pt><x>425</x><y>1412</y><time>13-09-20 21:57:10:163</time></pt><pt><x>1527</x><y>1569</y><time>13-09-20 21:57:14:388</time></pt><pt><x>2524</x><y>783</y><time>13-09-20 21:57:16:814</time></pt><closed_date>13-09-20 21:57:18:311</closed_date></polygon></object></annotation>