<annotation><filename>m1_s01_004_p_ic070.jpg</filename><folder>users/joselusava//valeria_apoyo/sala001_004ic_ok</folder><source><submittedBy>Jose Saca</submittedBy></source><imagesize><nrows>2000</nrows><ncols>2992</ncols></imagesize><object><name>m1_s01_004_p_ic070</name><deleted>0</deleted><verified>0</verified><occluded>no</occluded><attributes></attributes><parts><hasparts></hasparts><ispartof></ispartof></parts><date>16-09-20 01:08:44:522</date><id>0</id><type>bounding_box</type><polygon><username>anonymous</username><pt><x>2981</x><y>1610</y><time>16-09-20 01:08:37:703</time></pt><pt><x>15</x><y>1610</y><time>16-09-20 01:08:40:189</time></pt><pt><x>15</x><y>447</y><time>undefined</time></pt><pt><x>2981</x><y>447</y><time>undefined</time></pt><closed_date>16-09-20 01:08:40:190</closed_date></polygon></object></annotation>