<annotation><filename>m4_s05_052_p_ic083.jpg</filename><folder>users/joselusava//santiago_2</folder><source><submittedBy>Jose Saca</submittedBy></source><imagesize><nrows>2910</nrows><ncols>4361</ncols></imagesize><object><name>m4_s05_052_p_ic083</name><deleted>0</deleted><verified>0</verified><occluded>no</occluded><attributes></attributes><parts><hasparts></hasparts><ispartof></ispartof></parts><date>07-10-20 23:08:30:518</date><id>0</id><type>bounding_box</type><polygon><username>anonymous</username><pt><x>1046</x><y>520</y><time>07-10-20 23:08:24:865</time></pt><pt><x>2993</x><y>520</y><time>07-10-20 23:08:28:037</time></pt><pt><x>2993</x><y>2581</y><time>undefined</time></pt><pt><x>1046</x><y>2581</y><time>undefined</time></pt><closed_date>07-10-20 23:08:28:039</closed_date></polygon></object></annotation>