<annotation><filename>m2_s01_056_p_nic098.jpg</filename><folder>users/joselusava//m2_jsv/56/nic</folder><source><submittedBy>Jose Saca</submittedBy></source><imagesize><nrows>2850</nrows><ncols>4271</ncols></imagesize><object><name>m2_s01_056_p_nic098</name><deleted>0</deleted><verified>0</verified><occluded>no</occluded><attributes></attributes><parts><hasparts></hasparts><ispartof></ispartof></parts><date>28-09-20 22:40:04:285</date><id>0</id><type>bounding_box</type><polygon><username>anonymous</username><pt><x>3787</x><y>2021</y><time>28-09-20 22:40:02:555</time></pt><pt><x>2556</x><y>2021</y><time>28-09-20 22:40:03:584</time></pt><pt><x>2556</x><y>535</y><time>undefined</time></pt><pt><x>3787</x><y>535</y><time>undefined</time></pt><closed_date>28-09-20 22:40:03:584</closed_date></polygon></object></annotation>