<annotation><filename>m1_s06_157_x.jpg</filename><folder>users/joselusava//jacob_2/sala6</folder><source><submittedBy>Jose Saca</submittedBy></source><imagesize><nrows>2736</nrows><ncols>4100</ncols></imagesize><object><name>m1_s06_157_x</name><deleted>0</deleted><verified>0</verified><occluded>no</occluded><attributes></attributes><parts><hasparts></hasparts><ispartof></ispartof></parts><date>06-09-20 01:40:33:157</date><id>0</id><type>bounding_box</type><polygon><username>anonymous</username><pt><x>1117</x><y>2502</y><time>06-09-20 01:40:30:527</time></pt><pt><x>3220</x><y>2502</y><time>06-09-20 01:40:32:407</time></pt><pt><x>3220</x><y>98</y><time>undefined</time></pt><pt><x>1117</x><y>98</y><time>undefined</time></pt><closed_date>06-09-20 01:40:32:407</closed_date></polygon></object></annotation>