<annotation><filename>m2_s01_034_p_ic080.jpg</filename><folder>users/joselusava//kath</folder><source><submittedBy>Jose Saca</submittedBy></source><imagesize><nrows>2850</nrows><ncols>4271</ncols></imagesize><object><name>m2_s01_034_p_ic080</name><deleted>0</deleted><verified>0</verified><occluded>no</occluded><attributes></attributes><parts><hasparts></hasparts><ispartof></ispartof></parts><date>25-09-20 16:56:06:858</date><id>0</id><type>bounding_box</type><polygon><username>anonymous</username><pt><x>1131</x><y>208</y><time>25-09-20 16:55:59:306</time></pt><pt><x>2857</x><y>208</y><time>25-09-20 16:56:04:015</time></pt><pt><x>2857</x><y>2442</y><time>undefined</time></pt><pt><x>1131</x><y>2442</y><time>undefined</time></pt><closed_date>25-09-20 16:56:04:016</closed_date></polygon></object></annotation>