<annotation><filename>m2_s03_252_p_nic028.jpg</filename><folder>users/joselusava//valeria/m2_sala03_252_nic</folder><source><submittedBy>Jose Saca</submittedBy></source><imagesize><nrows>2910</nrows><ncols>4361</ncols></imagesize><object><name>m2_s06_252_p_nic028</name><deleted>0</deleted><verified>0</verified><occluded>no</occluded><attributes></attributes><parts><hasparts></hasparts><ispartof></ispartof></parts><date>26-09-20 19:32:49:801</date><id>0</id><type>bounding_box</type><polygon><username>anonymous</username><pt><x>1808</x><y>430</y><time>26-09-20 19:32:45:131</time></pt><pt><x>402</x><y>430</y><time>26-09-20 19:32:46:521</time></pt><pt><x>402</x><y>1328</y><time>undefined</time></pt><pt><x>1808</x><y>1328</y><time>undefined</time></pt><closed_date>26-09-20 19:32:46:522</closed_date></polygon></object></annotation>