<annotation><filename>m4_s02_021_p_nic010.jpg</filename><folder>users/joselusava//santiago_2</folder><source><submittedBy>Jose Saca</submittedBy></source><imagesize><nrows>2910</nrows><ncols>4361</ncols></imagesize><object><name>m4_s02_021_p_nic010</name><deleted>0</deleted><verified>0</verified><occluded>no</occluded><attributes></attributes><parts><hasparts></hasparts><ispartof></ispartof></parts><date>04-10-20 20:37:35:419</date><id>0</id><type>bounding_box</type><polygon><username>anonymous</username><pt><x>991</x><y>170</y><time>04-10-20 20:37:29:935</time></pt><pt><x>1992</x><y>170</y><time>04-10-20 20:37:31:071</time></pt><pt><x>1992</x><y>2051</y><time>undefined</time></pt><pt><x>991</x><y>2051</y><time>undefined</time></pt><closed_date>04-10-20 20:37:31:072</closed_date></polygon></object></annotation>