<annotation><filename>m2_s01_001_p_nic075.jpg</filename><folder>users/joselusava//santiago</folder><source><submittedBy>Jose Saca</submittedBy></source><imagesize><nrows>2850</nrows><ncols>4271</ncols></imagesize><object><name>m2_s01_001_p_nic075</name><deleted>0</deleted><verified>0</verified><occluded>no</occluded><attributes></attributes><parts><hasparts></hasparts><ispartof></ispartof></parts><date>19-09-20 23:22:16:085</date><id>0</id><type>bounding_box</type><polygon><username>anonymous</username><pt><x>228</x><y>1084</y><time>19-09-20 23:22:07:161</time></pt><pt><x>1657</x><y>1084</y><time>19-09-20 23:22:08:902</time></pt><pt><x>1657</x><y>2318</y><time>undefined</time></pt><pt><x>228</x><y>2318</y><time>undefined</time></pt><closed_date>19-09-20 23:22:08:904</closed_date></polygon></object></annotation>