<annotation><filename>m1_s02_052_p_nic031.jpg</filename><folder>users/joselusava//valeria/sala2_052_nic</folder><source><submittedBy>Jose Saca</submittedBy></source><imagesize><nrows>3200</nrows><ncols>4800</ncols></imagesize><object><name>m1_s02_052_p_nic031</name><deleted>0</deleted><verified>0</verified><occluded>no</occluded><attributes></attributes><parts><hasparts></hasparts><ispartof></ispartof></parts><date>27-08-20 15:11:45:216</date><id>0</id><type>bounding_box</type><polygon><username>anonymous</username><pt><x>2459</x><y>1707</y><time>27-08-20 15:11:38:135</time></pt><pt><x>4086</x><y>1707</y><time>27-08-20 15:11:42:379</time></pt><pt><x>4086</x><y>118</y><time>undefined</time></pt><pt><x>2459</x><y>118</y><time>undefined</time></pt><closed_date>27-08-20 15:11:42:380</closed_date></polygon></object></annotation>