<annotation><filename>m1_s01_004_p_ic041.jpg</filename><folder>users/joselusava//valeria_apoyo/sala001_004ic_ok</folder><source><submittedBy>Jose Saca</submittedBy></source><imagesize><nrows>2000</nrows><ncols>2992</ncols></imagesize><object><name>m1_s01_004_p_ic041</name><deleted>0</deleted><verified>0</verified><occluded>no</occluded><attributes></attributes><parts><hasparts></hasparts><ispartof></ispartof></parts><date>15-09-20 23:28:44:002</date><id>0</id><type>bounding_box</type><polygon><username>anonymous</username><pt><x>11</x><y>1992</y><time>15-09-20 23:28:32:239</time></pt><pt><x>2977</x><y>1992</y><time>15-09-20 23:28:36:535</time></pt><pt><x>2977</x><y>439</y><time>undefined</time></pt><pt><x>11</x><y>439</y><time>undefined</time></pt><closed_date>15-09-20 23:28:36:536</closed_date></polygon></object></annotation>