<annotation><filename>m2_s07_264_p_nic062.jpg</filename><folder>users/joselusava//valeria/sala7_264_nic</folder><source><submittedBy>Jose Saca</submittedBy></source><imagesize><nrows>2910</nrows><ncols>4361</ncols></imagesize><object><name>m2_s07_264_p_nic062</name><deleted>0</deleted><verified>0</verified><occluded>no</occluded><attributes></attributes><parts><hasparts></hasparts><ispartof></ispartof></parts><date>23-09-20 21:05:26:709</date><id>0</id><type>bounding_box</type><polygon><username>anonymous</username><pt><x>1857</x><y>1979</y><time>23-09-20 21:05:22:070</time></pt><pt><x>3191</x><y>1979</y><time>23-09-20 21:05:23:784</time></pt><pt><x>3191</x><y>237</y><time>undefined</time></pt><pt><x>1857</x><y>237</y><time>undefined</time></pt><closed_date>23-09-20 21:05:23:784</closed_date></polygon></object></annotation>