<annotation><filename>m2_s01_076_x.jpg</filename><folder>users/joselusava//juancarlos</folder><source><submittedBy>Jose Saca</submittedBy></source><imagesize><nrows>2850</nrows><ncols>4271</ncols></imagesize><object><name>m2_s01_076_x</name><deleted>0</deleted><verified>0</verified><occluded>no</occluded><attributes></attributes><parts><hasparts></hasparts><ispartof></ispartof></parts><date>28-09-20 10:51:11:537</date><id>0</id><type>bounding_box</type><polygon><username>anonymous</username><pt><x>1434</x><y>555</y><time>28-09-20 10:51:02:218</time></pt><pt><x>2800</x><y>555</y><time>28-09-20 10:51:04:454</time></pt><pt><x>2800</x><y>2609</y><time>undefined</time></pt><pt><x>1434</x><y>2609</y><time>undefined</time></pt><closed_date>28-09-20 10:51:04:455</closed_date></polygon></object></annotation>