<annotation><filename>m2_s01_018_p_nic028.jpg</filename><folder>users/joselusava//santiago_2</folder><source><submittedBy>Jose Saca</submittedBy></source><imagesize><nrows>2850</nrows><ncols>4271</ncols></imagesize><object><name>m2_s01_018_p_nic028</name><deleted>0</deleted><verified>0</verified><occluded>no</occluded><attributes></attributes><parts><hasparts></hasparts><ispartof></ispartof></parts><date>28-09-20 21:16:35:678</date><id>0</id><type>bounding_box</type><polygon><username>anonymous</username><pt><x>2587</x><y>305</y><time>28-09-20 21:16:32:038</time></pt><pt><x>3238</x><y>305</y><time>28-09-20 21:16:33:308</time></pt><pt><x>3238</x><y>1093</y><time>undefined</time></pt><pt><x>2587</x><y>1093</y><time>undefined</time></pt><closed_date>28-09-20 21:16:33:310</closed_date></polygon></object></annotation>