<annotation><filename>m1_s02_065_p_nic082.jpg</filename><folder>users/joselusava//valeria/sala2_065_nic</folder><source><submittedBy>Jose Saca</submittedBy></source><imagesize><nrows>2000</nrows><ncols>2992</ncols></imagesize><object><name>m1_s02_065_p_nic082</name><deleted>0</deleted><verified>0</verified><occluded>no</occluded><attributes></attributes><parts><hasparts></hasparts><ispartof></ispartof></parts><date>28-08-20 00:26:47:568</date><id>0</id><type>bounding_box</type><polygon><username>anonymous</username><pt><x>2859</x><y>1144</y><time>28-08-20 00:26:41:921</time></pt><pt><x>1235</x><y>1144</y><time>28-08-20 00:26:44:292</time></pt><pt><x>1235</x><y>574</y><time>undefined</time></pt><pt><x>2859</x><y>574</y><time>undefined</time></pt><closed_date>28-08-20 00:26:44:293</closed_date></polygon></object></annotation>