<annotation><filename>m3_s01_023_p_nic001.jpg</filename><folder>users/joselusava//santiago_3</folder><source><submittedBy>Jose Saca</submittedBy></source><imagesize><nrows>2970</nrows><ncols>4451</ncols></imagesize><object><name>m3_s01_023_p_nic001</name><deleted>0</deleted><verified>0</verified><occluded>no</occluded><attributes></attributes><parts><hasparts></hasparts><ispartof></ispartof></parts><date>06-11-20 08:42:01:923</date><id>0</id><type>bounding_box</type><polygon><username>anonymous</username><pt><x>1647</x><y>1166</y><time>06-11-20 08:41:57:593</time></pt><pt><x>3999</x><y>1166</y><time>06-11-20 08:41:59:783</time></pt><pt><x>3999</x><y>2659</y><time>undefined</time></pt><pt><x>1647</x><y>2659</y><time>undefined</time></pt><closed_date>06-11-20 08:41:59:784</closed_date></polygon></object></annotation>