<annotation><filename>m4_s04_047_p_ic034.jpg</filename><folder>users/joselusava//kath/kath_m4_047</folder><source><submittedBy>Jose Saca</submittedBy></source><imagesize><nrows>2970</nrows><ncols>4451</ncols></imagesize><object><name>m4_s04_047_p_ic034</name><deleted>0</deleted><verified>0</verified><occluded>no</occluded><attributes></attributes><parts><hasparts></hasparts><ispartof></ispartof></parts><date>24-10-20 13:58:13:704</date><id>0</id><type>bounding_box</type><polygon><username>anonymous</username><pt><x>1648</x><y>230</y><time>24-10-20 13:58:07:918</time></pt><pt><x>2807</x><y>230</y><time>24-10-20 13:58:11:019</time></pt><pt><x>2807</x><y>2673</y><time>undefined</time></pt><pt><x>1648</x><y>2673</y><time>undefined</time></pt><closed_date>24-10-20 13:58:11:020</closed_date></polygon></object></annotation>