<annotation><filename>m1_s01_017_p_nic022.jpg</filename><folder>users/joselusava//santiago</folder><source><submittedBy>Jose Saca</submittedBy></source><imagesize><nrows>3200</nrows><ncols>4800</ncols></imagesize><object><name>m1_s01_017_p_nic022</name><deleted>0</deleted><verified>0</verified><occluded>no</occluded><attributes></attributes><parts><hasparts></hasparts><ispartof></ispartof></parts><date>11-09-20 18:42:54:046</date><id>0</id><type>bounding_box</type><polygon><username>anonymous</username><pt><x>3690</x><y>1213</y><time>11-09-20 18:42:45:871</time></pt><pt><x>4233</x><y>1213</y><time>11-09-20 18:42:47:119</time></pt><pt><x>4233</x><y>1591</y><time>undefined</time></pt><pt><x>3690</x><y>1591</y><time>undefined</time></pt><closed_date>11-09-20 18:42:47:120</closed_date></polygon></object></annotation>