<annotation><filename>m1_s02_029_p_ic099.jpg</filename><folder>users/joselusava//valeria/sala2_029_ic</folder><source><submittedBy>Jose Saca</submittedBy></source><imagesize><nrows>3200</nrows><ncols>4800</ncols></imagesize><object><name>m1_s02_029_p_ic099</name><deleted>0</deleted><verified>0</verified><occluded>no</occluded><attributes></attributes><parts><hasparts></hasparts><ispartof></ispartof></parts><date>22-08-20 21:41:22:973</date><id>0</id><type>bounding_box</type><polygon><username>anonymous</username><pt><x>1815</x><y>317</y><time>22-08-20 21:41:15:906</time></pt><pt><x>3028</x><y>317</y><time>22-08-20 21:41:19:450</time></pt><pt><x>3028</x><y>2572</y><time>undefined</time></pt><pt><x>1815</x><y>2572</y><time>undefined</time></pt><closed_date>22-08-20 21:41:19:452</closed_date></polygon></object></annotation>