<annotation><filename>m3_s01_013_p_nic034.jpg</filename><folder>users/joselusava//valeria/m03_s01_13_nic</folder><source><submittedBy>Jose Saca</submittedBy></source><imagesize><nrows>2970</nrows><ncols>4451</ncols></imagesize><object><name>m3_s01_013_p_nic034</name><deleted>0</deleted><verified>0</verified><occluded>no</occluded><attributes></attributes><parts><hasparts></hasparts><ispartof></ispartof></parts><date>06-11-20 21:27:25:768</date><id>0</id><type>bounding_box</type><polygon><username>anonymous</username><pt><x>2547</x><y>2833</y><time>06-11-20 21:27:18:711</time></pt><pt><x>29</x><y>2833</y><time>06-11-20 21:27:22:419</time></pt><pt><x>29</x><y>291</y><time>undefined</time></pt><pt><x>2547</x><y>291</y><time>undefined</time></pt><closed_date>06-11-20 21:27:22:420</closed_date></polygon></object></annotation>