<annotation><filename>m2_s03_252_p_nic039.jpg</filename><folder>users/joselusava//valeria/m2_sala03_252_nic</folder><source><submittedBy>Jose Saca</submittedBy></source><imagesize><nrows>2910</nrows><ncols>4361</ncols></imagesize><object><name>m2_s06_252_p_nic039</name><deleted>0</deleted><verified>0</verified><occluded>no</occluded><attributes></attributes><parts><hasparts></hasparts><ispartof></ispartof></parts><date>26-09-20 21:27:07:504</date><id>0</id><type>bounding_box</type><polygon><username>anonymous</username><pt><x>4084</x><y>832</y><time>26-09-20 21:27:01:453</time></pt><pt><x>2469</x><y>832</y><time>26-09-20 21:27:03:447</time></pt><pt><x>2469</x><y>1742</y><time>undefined</time></pt><pt><x>4084</x><y>1742</y><time>undefined</time></pt><closed_date>26-09-20 21:27:03:448</closed_date></polygon></object></annotation>