<annotation><filename>m4_s10_154_p_nic088.jpg</filename><folder>users/joselusava//valeria/m04_s10_154_nic</folder><source><submittedBy>Jose Saca</submittedBy></source><imagesize><nrows>2970</nrows><ncols>4451</ncols></imagesize><object><name>m4_s10_154_p_nic088</name><deleted>0</deleted><verified>0</verified><occluded>no</occluded><attributes></attributes><parts><hasparts></hasparts><ispartof></ispartof></parts><date>14-10-20 15:58:39:533</date><id>0</id><type>bounding_box</type><polygon><username>anonymous</username><pt><x>446</x><y>2313</y><time>14-10-20 15:58:34:241</time></pt><pt><x>1868</x><y>2313</y><time>14-10-20 15:58:36:368</time></pt><pt><x>1868</x><y>548</y><time>undefined</time></pt><pt><x>446</x><y>548</y><time>undefined</time></pt><closed_date>14-10-20 15:58:36:369</closed_date></polygon></object></annotation>