<annotation><filename>m2_s01_032_p_ic059.jpg</filename><folder>users/joselusava//santiago_2</folder><source><submittedBy>Jose Saca</submittedBy></source><imagesize><nrows>2850</nrows><ncols>4271</ncols></imagesize><object><name>m2_s01_032_p_ic059</name><deleted>0</deleted><verified>0</verified><occluded>no</occluded><attributes></attributes><parts><hasparts></hasparts><ispartof></ispartof></parts><date>30-09-20 15:49:01:186</date><id>0</id><type>bounding_box</type><polygon><username>anonymous</username><pt><x>1215</x><y>204</y><time>30-09-20 15:48:55:999</time></pt><pt><x>2867</x><y>204</y><time>30-09-20 15:48:58:850</time></pt><pt><x>2867</x><y>2439</y><time>undefined</time></pt><pt><x>1215</x><y>2439</y><time>undefined</time></pt><closed_date>30-09-20 15:48:58:851</closed_date></polygon></object></annotation>