<annotation><filename>m3_s01_013_p_ic073.jpg</filename><folder>users/joselusava//valeria/m03_s01_13_ic</folder><source><submittedBy>Jose Saca</submittedBy></source><imagesize><nrows>2970</nrows><ncols>4451</ncols></imagesize><object><name>m3_s01_013_p_ic072</name><deleted>0</deleted><verified>0</verified><occluded>no</occluded><attributes></attributes><parts><hasparts></hasparts><ispartof></ispartof></parts><date>01-11-20 09:24:06:999</date><id>0</id><type>bounding_box</type><polygon><username>anonymous</username><pt><x>3701</x><y>2742</y><time>01-11-20 09:23:59:871</time></pt><pt><x>514</x><y>2742</y><time>01-11-20 09:24:03:677</time></pt><pt><x>514</x><y>74</y><time>undefined</time></pt><pt><x>3701</x><y>74</y><time>undefined</time></pt><closed_date>01-11-20 09:24:03:678</closed_date></polygon></object></annotation>