<annotation><filename>m1_s02_065_p_ic089.jpg</filename><folder>users/joselusava//valeria/sala2_065_ic</folder><source><submittedBy>Jose Saca</submittedBy></source><imagesize><nrows>2000</nrows><ncols>2992</ncols></imagesize><object><name>m1_s02_065_p_ic089</name><deleted>0</deleted><verified>0</verified><occluded>no</occluded><attributes></attributes><parts><hasparts></hasparts><ispartof></ispartof></parts><date>26-08-20 01:34:12:031</date><id>0</id><type>bounding_box</type><polygon><username>anonymous</username><pt><x>121</x><y>399</y><time>26-08-20 01:34:02:797</time></pt><pt><x>2963</x><y>399</y><time>26-08-20 01:34:06:944</time></pt><pt><x>2963</x><y>1792</y><time>undefined</time></pt><pt><x>121</x><y>1792</y><time>undefined</time></pt><closed_date>26-08-20 01:34:06:945</closed_date></polygon></object></annotation>