<annotation><filename>m4_s05_052_p_ic058.jpg</filename><folder>users/joselusava//santiago_2</folder><source><submittedBy>Jose Saca</submittedBy></source><imagesize><nrows>2910</nrows><ncols>4361</ncols></imagesize><object><name>m4_s05_052_p_ic058</name><deleted>0</deleted><verified>0</verified><occluded>no</occluded><attributes></attributes><parts><hasparts></hasparts><ispartof></ispartof></parts><date>07-10-20 22:34:43:049</date><id>0</id><type>bounding_box</type><polygon><username>anonymous</username><pt><x>1403</x><y>679</y><time>07-10-20 22:34:39:444</time></pt><pt><x>2962</x><y>679</y><time>07-10-20 22:34:41:007</time></pt><pt><x>2962</x><y>2557</y><time>undefined</time></pt><pt><x>1403</x><y>2557</y><time>undefined</time></pt><closed_date>07-10-20 22:34:41:008</closed_date></polygon></object></annotation>