<annotation><filename>m4_s02_015_p_ic051.jpg</filename><folder>users/joselusava//m4_js/15ic</folder><source><submittedBy>Jose Saca</submittedBy></source><imagesize><nrows>2910</nrows><ncols>4361</ncols></imagesize><object><name>m4_s02_015_p_ic051</name><deleted>0</deleted><verified>0</verified><occluded>no</occluded><attributes></attributes><parts><hasparts></hasparts><ispartof></ispartof></parts><date>03-10-20 19:26:49:508</date><id>0</id><type>bounding_box</type><polygon><username>anonymous</username><pt><x>3186</x><y>2498</y><time>03-10-20 19:26:47:437</time></pt><pt><x>1297</x><y>2498</y><time>03-10-20 19:26:48:822</time></pt><pt><x>1297</x><y>322</y><time>undefined</time></pt><pt><x>3186</x><y>322</y><time>undefined</time></pt><closed_date>03-10-20 19:26:48:823</closed_date></polygon></object></annotation>