<annotation><filename>m2_s03_221_x.jpg</filename><folder>users/joselusava//juancarlos</folder><source><submittedBy>Jose Saca</submittedBy></source><imagesize><nrows>2910</nrows><ncols>4361</ncols></imagesize><object><name>m2_s03_221_x</name><deleted>0</deleted><verified>0</verified><occluded>no</occluded><attributes></attributes><parts><hasparts></hasparts><ispartof></ispartof></parts><date>01-10-20 07:18:36:295</date><id>0</id><polygon><username>anonymous</username><pt><x>1436</x><y>446</y><time>01-10-20 07:18:24:131</time></pt><pt><x>1399</x><y>2608</y><time>01-10-20 07:18:26:328</time></pt><pt><x>3049</x><y>2617</y><time>01-10-20 07:18:27:519</time></pt><pt><x>2780</x><y>446</y><time>01-10-20 07:18:29:144</time></pt><closed_date>01-10-20 07:18:30:254</closed_date></polygon></object></annotation>