<annotation><filename>m2_s02_190_p.jpg</filename><folder>users/joselusava//m2_jsv/190/ic</folder><source><submittedBy>Jose Saca</submittedBy></source><imagesize><nrows>2910</nrows><ncols>4361</ncols></imagesize><object><name>m2_s02_190_p</name><deleted>0</deleted><verified>0</verified><occluded>no</occluded><attributes></attributes><parts><hasparts></hasparts><ispartof></ispartof></parts><date>20-09-20 17:20:37:364</date><id>0</id><type>bounding_box</type><polygon><username>anonymous</username><pt><x>2855</x><y>2725</y><time>20-09-20 17:20:34:914</time></pt><pt><x>1288</x><y>2725</y><time>20-09-20 17:20:36:316</time></pt><pt><x>1288</x><y>183</y><time>undefined</time></pt><pt><x>2855</x><y>183</y><time>undefined</time></pt><closed_date>20-09-20 17:20:36:318</closed_date></polygon></object></annotation>