<annotation><filename>m1_s02_029_p_ic047.jpg</filename><folder>users/joselusava//valeria/sala2_029_ic</folder><source><submittedBy>Jose Saca</submittedBy></source><imagesize><nrows>3200</nrows><ncols>4800</ncols></imagesize><object><name>m1_s02_029_p_ic047</name><deleted>0</deleted><verified>0</verified><occluded>no</occluded><attributes></attributes><parts><hasparts></hasparts><ispartof></ispartof></parts><date>22-08-20 19:42:44:010</date><id>0</id><type>bounding_box</type><polygon><username>anonymous</username><pt><x>1197</x><y>430</y><time>22-08-20 19:42:35:031</time></pt><pt><x>3511</x><y>430</y><time>22-08-20 19:42:40:155</time></pt><pt><x>3511</x><y>2690</y><time>undefined</time></pt><pt><x>1197</x><y>2690</y><time>undefined</time></pt><closed_date>22-08-20 19:42:40:156</closed_date></polygon></object></annotation>