<annotation><filename>m4_s07_105_p_ic053.jpg</filename><folder>users/joselusava//kath/m4_105</folder><source><submittedBy>Jose Saca</submittedBy></source><imagesize><nrows>2970</nrows><ncols>4451</ncols></imagesize><object><name>m4_s07_105_p_ic053</name><deleted>0</deleted><verified>0</verified><occluded>no</occluded><attributes></attributes><parts><hasparts></hasparts><ispartof></ispartof></parts><date>29-10-20 08:24:06:089</date><id>0</id><type>bounding_box</type><polygon><username>anonymous</username><pt><x>1538</x><y>2730</y><time>29-10-20 08:24:02:346</time></pt><pt><x>2759</x><y>2730</y><time>29-10-20 08:24:03:680</time></pt><pt><x>2759</x><y>327</y><time>undefined</time></pt><pt><x>1538</x><y>327</y><time>undefined</time></pt><closed_date>29-10-20 08:24:03:680</closed_date></polygon></object></annotation>