<annotation><filename>m3_s01_018_p_nic058.jpg</filename><folder>users/joselusava//m4_js/18/nic</folder><source><submittedBy>Jose Saca</submittedBy></source><imagesize><nrows>2970</nrows><ncols>4451</ncols></imagesize><object><name>m3_s01_018_p_nic058</name><deleted>0</deleted><verified>0</verified><occluded>no</occluded><attributes></attributes><parts><hasparts></hasparts><ispartof></ispartof></parts><date>05-11-20 18:09:32:836</date><id>0</id><type>bounding_box</type><polygon><username>anonymous</username><pt><x>2117</x><y>2293</y><time>05-11-20 18:09:30:594</time></pt><pt><x>73</x><y>2293</y><time>05-11-20 18:09:32:176</time></pt><pt><x>73</x><y>125</y><time>undefined</time></pt><pt><x>2117</x><y>125</y><time>undefined</time></pt><closed_date>05-11-20 18:09:32:176</closed_date></polygon></object></annotation>