<annotation><filename>m2_s01_018_p_nic088.jpg</filename><folder>users/joselusava//santiago_2</folder><source><submittedBy>Jose Saca</submittedBy></source><imagesize><nrows>2850</nrows><ncols>4271</ncols></imagesize><object><name>m2_s01_018_p_nic088</name><deleted>0</deleted><verified>0</verified><occluded>no</occluded><attributes></attributes><parts><hasparts></hasparts><ispartof></ispartof></parts><date>29-09-20 19:08:02:153</date><id>0</id><type>bounding_box</type><polygon><username>anonymous</username><pt><x>2738</x><y>1423</y><time>29-09-20 19:07:58:844</time></pt><pt><x>3347</x><y>1423</y><time>29-09-20 19:07:59:635</time></pt><pt><x>3347</x><y>2292</y><time>undefined</time></pt><pt><x>2738</x><y>2292</y><time>undefined</time></pt><closed_date>29-09-20 19:07:59:636</closed_date></polygon></object></annotation>