<annotation><filename>m3_s01_023_p_nic092.jpg</filename><folder>users/joselusava//santiago_3</folder><source><submittedBy>Jose Saca</submittedBy></source><imagesize><nrows>2970</nrows><ncols>4451</ncols></imagesize><object><name>m3_s01_023_p_nic092</name><deleted>0</deleted><verified>0</verified><occluded>no</occluded><attributes></attributes><parts><hasparts></hasparts><ispartof></ispartof></parts><date>06-11-20 11:49:34:016</date><id>0</id><type>bounding_box</type><polygon><username>anonymous</username><pt><x>707</x><y>971</y><time>06-11-20 11:49:29:851</time></pt><pt><x>2388</x><y>971</y><time>06-11-20 11:49:31:717</time></pt><pt><x>2388</x><y>2756</y><time>undefined</time></pt><pt><x>707</x><y>2756</y><time>undefined</time></pt><closed_date>06-11-20 11:49:31:718</closed_date></polygon></object></annotation>