<annotation><filename>m4_s11_178_p_ic012.jpg</filename><folder>users/joselusava//santiago_2</folder><source><submittedBy>Jose Saca</submittedBy></source><imagesize><nrows>2970</nrows><ncols>4451</ncols></imagesize><object><name>m4_s11_178_p_ic012</name><deleted>0</deleted><verified>0</verified><occluded>no</occluded><attributes></attributes><parts><hasparts></hasparts><ispartof></ispartof></parts><date>15-10-20 20:47:42:981</date><id>0</id><type>bounding_box</type><polygon><username>anonymous</username><pt><x>1446</x><y>671</y><time>15-10-20 20:47:39:073</time></pt><pt><x>2856</x><y>671</y><time>15-10-20 20:47:40:940</time></pt><pt><x>2856</x><y>2249</y><time>undefined</time></pt><pt><x>1446</x><y>2249</y><time>undefined</time></pt><closed_date>15-10-20 20:47:40:941</closed_date></polygon></object></annotation>