<annotation><filename>m1_s02_036_p_ic052.jpg</filename><folder>users/joselusava//valeria/sala2_036_ic</folder><source><submittedBy>Jose Saca</submittedBy></source><imagesize><nrows>3200</nrows><ncols>4800</ncols></imagesize><object><name>m1_s01_036_p_ic052</name><deleted>0</deleted><verified>0</verified><occluded>no</occluded><attributes></attributes><parts><hasparts></hasparts><ispartof></ispartof></parts><date>23-08-20 22:00:47:677</date><id>0</id><type>bounding_box</type><polygon><username>anonymous</username><pt><x>526</x><y>70</y><time>23-08-20 22:00:39:361</time></pt><pt><x>3678</x><y>70</y><time>23-08-20 22:00:43:234</time></pt><pt><x>3678</x><y>2813</y><time>undefined</time></pt><pt><x>526</x><y>2813</y><time>undefined</time></pt><closed_date>23-08-20 22:00:43:235</closed_date></polygon></object></annotation>