<annotation><filename>m4_s11_176_p_ic021.jpg</filename><folder>users/joselusava//m4_js/176/ic</folder><source><submittedBy>Jose Saca</submittedBy></source><imagesize><nrows>2970</nrows><ncols>4451</ncols></imagesize><object><name>m4_s11_176_p_ic021</name><deleted>0</deleted><verified>0</verified><occluded>no</occluded><attributes></attributes><parts><hasparts></hasparts><ispartof></ispartof></parts><date>14-10-20 16:35:35:835</date><id>0</id><type>bounding_box</type><polygon><username>anonymous</username><pt><x>3189</x><y>2434</y><time>14-10-20 16:35:33:940</time></pt><pt><x>1119</x><y>2434</y><time>14-10-20 16:35:35:234</time></pt><pt><x>1119</x><y>498</y><time>undefined</time></pt><pt><x>3189</x><y>498</y><time>undefined</time></pt><closed_date>14-10-20 16:35:35:234</closed_date></polygon></object></annotation>