<annotation><filename>m2_s03_201_p_ic068.jpg</filename><folder>users/joselusava//eg</folder><source><submittedBy>Jose Saca</submittedBy></source><imagesize><nrows>2910</nrows><ncols>4361</ncols></imagesize><object><name>m2_s03_201_p_ic068</name><deleted>0</deleted><verified>0</verified><occluded>no</occluded><attributes></attributes><parts><hasparts></hasparts><ispartof></ispartof></parts><date>17-09-20 07:38:30:928</date><id>0</id><type>bounding_box</type><polygon><username>anonymous</username><pt><x>996</x><y>186</y><time>17-09-20 07:38:18:229</time></pt><pt><x>3161</x><y>186</y><time>17-09-20 07:38:20:361</time></pt><pt><x>3161</x><y>2595</y><time>undefined</time></pt><pt><x>996</x><y>2595</y><time>undefined</time></pt><closed_date>17-09-20 07:38:20:361</closed_date></polygon></object></annotation>