<annotation><filename>m2_s03_248_p_nic015.jpg</filename><folder>users/joselusava//museos2020</folder><source><submittedBy>Jose Saca</submittedBy></source><imagesize><nrows>2910</nrows><ncols>4361</ncols></imagesize><object><name>m2_s03_248_p_nic015</name><deleted>0</deleted><verified>0</verified><occluded>no</occluded><attributes></attributes><parts><hasparts></hasparts><ispartof></ispartof></parts><date>27-09-20 10:01:51:472</date><id>0</id><polygon><username>anonymous</username><pt><x>172</x><y>590</y><time>27-09-20 10:01:31:525</time></pt><pt><x>2069</x><y>595</y><time>27-09-20 10:01:32:548</time></pt><pt><x>2306</x><y>841</y><time>27-09-20 10:01:33:389</time></pt><pt><x>944</x><y>1446</y><time>27-09-20 10:01:34:454</time></pt><closed_date>27-09-20 10:01:44:086</closed_date></polygon></object></annotation>