<annotation><filename>m2_s01_018_p_nic097.jpg</filename><folder>users/joselusava//santiago_2</folder><source><submittedBy>Jose Saca</submittedBy></source><imagesize><nrows>2850</nrows><ncols>4271</ncols></imagesize><object><name>m2_s01_018_p_nic097</name><deleted>0</deleted><verified>0</verified><occluded>no</occluded><attributes></attributes><parts><hasparts></hasparts><ispartof></ispartof></parts><date>29-09-20 19:16:35:073</date><id>0</id><type>bounding_box</type><polygon><username>anonymous</username><pt><x>71</x><y>692</y><time>29-09-20 19:16:32:067</time></pt><pt><x>763</x><y>692</y><time>29-09-20 19:16:32:781</time></pt><pt><x>763</x><y>1414</y><time>undefined</time></pt><pt><x>71</x><y>1414</y><time>undefined</time></pt><closed_date>29-09-20 19:16:32:782</closed_date></polygon></object></annotation>