<annotation><filename>m2_s06_248_p_nic080.jpg</filename><folder>users/joselusava//museos2020</folder><source><submittedBy>Jose Saca</submittedBy></source><imagesize><nrows>2910</nrows><ncols>4361</ncols></imagesize><object><name>m2_s06_248_p_nic080</name><deleted>0</deleted><verified>0</verified><occluded>no</occluded><attributes></attributes><parts><hasparts></hasparts><ispartof></ispartof></parts><date>27-09-20 19:30:14:178</date><id>0</id><polygon><username>anonymous</username><pt><x>1952</x><y>990</y><time>27-09-20 19:30:02:603</time></pt><pt><x>3914</x><y>707</y><time>27-09-20 19:30:03:911</time></pt><pt><x>4114</x><y>972</y><time>27-09-20 19:30:04:838</time></pt><pt><x>2487</x><y>1906</y><time>27-09-20 19:30:06:166</time></pt><closed_date>27-09-20 19:30:07:037</closed_date></polygon></object></annotation>