<annotation><filename>m3_s01_005_x.jpg</filename><folder>users/joselusava//kath/m3_x</folder><source><submittedBy>Jose Saca</submittedBy></source><imagesize><nrows>2970</nrows><ncols>4451</ncols></imagesize><object><name>m3_s01_005_x</name><deleted>0</deleted><verified>0</verified><occluded>no</occluded><attributes></attributes><parts><hasparts></hasparts><ispartof></ispartof></parts><date>08-11-20 12:27:07:828</date><id>0</id><type>bounding_box</type><polygon><username>anonymous</username><pt><x>437</x><y>2634</y><time>08-11-20 12:27:03:162</time></pt><pt><x>3739</x><y>2634</y><time>08-11-20 12:27:05:465</time></pt><pt><x>3739</x><y>562</y><time>undefined</time></pt><pt><x>437</x><y>562</y><time>undefined</time></pt><closed_date>08-11-20 12:27:05:465</closed_date></polygon></object></annotation>