<annotation><filename>m2_s05_236_p_ic036.jpg</filename><folder>users/joselusava//museos2020</folder><source><submittedBy>Jose Saca</submittedBy></source><imagesize><nrows>2910</nrows><ncols>4361</ncols></imagesize><object><name>m2_s05_236_p_ic036</name><deleted>0</deleted><verified>0</verified><occluded>no</occluded><attributes></attributes><parts><hasparts></hasparts><ispartof></ispartof></parts><date>16-09-20 18:22:34:158</date><id>0</id><type>bounding_box</type><polygon><username>anonymous</username><pt><x>381</x><y>144</y><time>16-09-20 18:22:25:527</time></pt><pt><x>3710</x><y>144</y><time>16-09-20 18:22:27:892</time></pt><pt><x>3710</x><y>2817</y><time>undefined</time></pt><pt><x>381</x><y>2817</y><time>undefined</time></pt><closed_date>16-09-20 18:22:27:894</closed_date></polygon></object></annotation>