<annotation><filename>m4_s10_164_p_nic046.jpg</filename><folder>users/joselusava//santiago_2</folder><source><submittedBy>Jose Saca</submittedBy></source><imagesize><nrows>2970</nrows><ncols>4451</ncols></imagesize><object><name>m4_s10_164_p_nic046</name><deleted>0</deleted><verified>0</verified><occluded>no</occluded><attributes></attributes><parts><hasparts></hasparts><ispartof></ispartof></parts><date>14-10-20 00:36:07:080</date><id>0</id><type>bounding_box</type><polygon><username>anonymous</username><pt><x>760</x><y>243</y><time>14-10-20 00:36:03:859</time></pt><pt><x>1260</x><y>243</y><time>14-10-20 00:36:04:868</time></pt><pt><x>1260</x><y>939</y><time>undefined</time></pt><pt><x>760</x><y>939</y><time>undefined</time></pt><closed_date>14-10-20 00:36:04:869</closed_date></polygon></object></annotation>