<annotation><filename>m1_s02_052_p_nic014.jpg</filename><folder>users/joselusava//valeria/sala2_052_nic</folder><source><submittedBy>Jose Saca</submittedBy></source><imagesize><nrows>3200</nrows><ncols>4800</ncols></imagesize><object><name>m1_s02_052_p_nic014</name><deleted>0</deleted><verified>0</verified><occluded>no</occluded><attributes></attributes><parts><hasparts></hasparts><ispartof></ispartof></parts><date>27-08-20 14:34:12:839</date><id>0</id><type>bounding_box</type><polygon><username>anonymous</username><pt><x>1863</x><y>1579</y><time>27-08-20 14:34:06:668</time></pt><pt><x>456</x><y>1579</y><time>27-08-20 14:34:09:619</time></pt><pt><x>456</x><y>199</y><time>undefined</time></pt><pt><x>1863</x><y>199</y><time>undefined</time></pt><closed_date>27-08-20 14:34:09:620</closed_date></polygon></object></annotation>