<annotation><filename>img_m1_s10_303_p_nic066.jpg</filename><folder>users/joselusava//santiago</folder><source><submittedBy>Jose Saca</submittedBy></source><imagesize><nrows>3200</nrows><ncols>4800</ncols></imagesize><object><name>m1_s10_303_p_nic066</name><deleted>0</deleted><verified>0</verified><occluded>no</occluded><attributes></attributes><parts><hasparts></hasparts><ispartof></ispartof></parts><date>01-09-20 22:18:55:931</date><id>0</id><type>bounding_box</type><polygon><username>anonymous</username><pt><x>1494</x><y>2127</y><time>01-09-20 22:18:47:609</time></pt><pt><x>2189</x><y>2127</y><time>01-09-20 22:18:49:081</time></pt><pt><x>2189</x><y>2955</y><time>undefined</time></pt><pt><x>1494</x><y>2955</y><time>undefined</time></pt><closed_date>01-09-20 22:18:49:082</closed_date></polygon></object></annotation>