<annotation><filename>m1_s01_001_p_ic042.jpg</filename><folder>users/joselusava//juancarlos</folder><source><submittedBy>Jose Saca</submittedBy></source><imagesize><nrows>2000</nrows><ncols>2992</ncols></imagesize><object><name>m1_s01_001_p_ic042</name><deleted>0</deleted><verified>0</verified><occluded>no</occluded><attributes></attributes><parts><hasparts></hasparts><ispartof></ispartof></parts><date>31-08-20 11:54:02:649</date><id>0</id><type>bounding_box</type><polygon><username>anonymous</username><pt><x>901</x><y>849</y><time>31-08-20 11:53:51:691</time></pt><pt><x>1979</x><y>849</y><time>31-08-20 11:53:55:253</time></pt><pt><x>1979</x><y>1536</y><time>undefined</time></pt><pt><x>901</x><y>1536</y><time>undefined</time></pt><closed_date>31-08-20 11:53:55:255</closed_date></polygon></object></annotation>