<annotation><filename>m2_s02_085_p_nic004.jpg</filename><folder>users/joselusava//m2_jsv/85/nic</folder><source><submittedBy>Jose Saca</submittedBy></source><imagesize><nrows>2910</nrows><ncols>4361</ncols></imagesize><object><name>m2_s02_085_p_nic004</name><deleted>0</deleted><verified>0</verified><occluded>no</occluded><attributes></attributes><parts><hasparts></hasparts><ispartof></ispartof></parts><date>17-09-20 20:17:51:217</date><id>0</id><type>bounding_box</type><polygon><username>anonymous</username><pt><x>3099</x><y>818</y><time>17-09-20 20:17:49:669</time></pt><pt><x>4204</x><y>818</y><time>17-09-20 20:17:50:619</time></pt><pt><x>4204</x><y>2028</y><time>undefined</time></pt><pt><x>3099</x><y>2028</y><time>undefined</time></pt><closed_date>17-09-20 20:17:50:619</closed_date></polygon></object></annotation>