<annotation><filename>m4_s11_178_p_ic064.jpg</filename><folder>users/joselusava//santiago_2</folder><source><submittedBy>Jose Saca</submittedBy></source><imagesize><nrows>2970</nrows><ncols>4451</ncols></imagesize><object><name>_x_1356_/x_ _y_2570_/y_</name><deleted>0</deleted><verified>0</verified><occluded>no</occluded><attributes></attributes><parts><hasparts></hasparts><ispartof></ispartof></parts><date>15-10-20 21:59:00:820</date><id>0</id><type>bounding_box</type><polygon><username>anonymous</username><pt><x>1271</x><y>789</y><time>15-10-20 21:58:57:897</time></pt><pt><x>3159</x><y>789</y><time>15-10-20 21:58:58:997</time></pt><pt><x>3159</x><y>2649</y><time>undefined</time></pt><pt><x>1271</x><y>2649</y><time>undefined</time></pt><closed_date>15-10-20 21:58:58:998</closed_date></polygon></object></annotation>