<annotation><filename>m4_s05_052_p_nic024.jpg</filename><folder>users/joselusava//santiago_2</folder><source><submittedBy>Jose Saca</submittedBy></source><imagesize><nrows>2910</nrows><ncols>4361</ncols></imagesize><object><name>m4_s05_052_p_nic024</name><deleted>0</deleted><verified>0</verified><occluded>no</occluded><attributes></attributes><parts><hasparts></hasparts><ispartof></ispartof></parts><date>08-10-20 20:01:50:908</date><id>0</id><type>bounding_box</type><polygon><username>anonymous</username><pt><x>277</x><y>1091</y><time>08-10-20 20:01:46:696</time></pt><pt><x>1781</x><y>1091</y><time>08-10-20 20:01:48:234</time></pt><pt><x>1781</x><y>2674</y><time>undefined</time></pt><pt><x>277</x><y>2674</y><time>undefined</time></pt><closed_date>08-10-20 20:01:48:235</closed_date></polygon></object></annotation>