<annotation><filename>m4_s06_089_p_nic067.jpg</filename><folder>users/joselusava//santiago_2</folder><source><submittedBy>Jose Saca</submittedBy></source><imagesize><nrows>2970</nrows><ncols>4451</ncols></imagesize><object><name>m4_s06_089_p_nic067</name><deleted>0</deleted><verified>0</verified><occluded>no</occluded><attributes></attributes><parts><hasparts></hasparts><ispartof></ispartof></parts><date>12-10-20 21:58:10:367</date><id>0</id><type>bounding_box</type><polygon><username>anonymous</username><pt><x>2228</x><y>575</y><time>12-10-20 21:58:06:918</time></pt><pt><x>3231</x><y>575</y><time>12-10-20 21:58:08:515</time></pt><pt><x>3231</x><y>2056</y><time>undefined</time></pt><pt><x>2228</x><y>2056</y><time>undefined</time></pt><closed_date>12-10-20 21:58:08:516</closed_date></polygon></object></annotation>