<annotation><filename>m1_s02_027_x.jpg</filename><folder>users/joselusava//valeria/sala2</folder><source><submittedBy>Jose Saca</submittedBy></source><imagesize><nrows>3200</nrows><ncols>4800</ncols></imagesize><object><name>m1_s02_027_x</name><deleted>0</deleted><verified>0</verified><occluded>no</occluded><attributes></attributes><parts><hasparts></hasparts><ispartof></ispartof></parts><date>28-08-20 11:08:20:585</date><id>0</id><type>bounding_box</type><polygon><username>anonymous</username><pt><x>3785</x><y>2932</y><time>28-08-20 11:07:24:687</time></pt><pt><x>945</x><y>2932</y><time>28-08-20 11:07:27:466</time></pt><pt><x>945</x><y>451</y><time>undefined</time></pt><pt><x>3785</x><y>451</y><time>undefined</time></pt><closed_date>28-08-20 11:07:27:467</closed_date></polygon></object></annotation>