<annotation><filename>m4_s11_176_p_ic019.jpg</filename><folder>users/joselusava//m4_js/176/ic</folder><source><submittedBy>Jose Saca</submittedBy></source><imagesize><nrows>2970</nrows><ncols>4451</ncols></imagesize><object><name>m4_s11_176_p_ic019</name><deleted>0</deleted><verified>0</verified><occluded>no</occluded><attributes></attributes><parts><hasparts></hasparts><ispartof></ispartof></parts><date>14-10-20 16:34:58:174</date><id>0</id><type>bounding_box</type><polygon><username>anonymous</username><pt><x>2994</x><y>2399</y><time>14-10-20 16:34:56:384</time></pt><pt><x>1226</x><y>2399</y><time>14-10-20 16:34:57:636</time></pt><pt><x>1226</x><y>569</y><time>undefined</time></pt><pt><x>2994</x><y>569</y><time>undefined</time></pt><closed_date>14-10-20 16:34:57:636</closed_date></polygon></object></annotation>