<annotation><filename>m2_s07_264_p_ic060.jpg</filename><folder>users/joselusava//valeria/sala7_264_ic</folder><source><submittedBy>Jose Saca</submittedBy></source><imagesize><nrows>2910</nrows><ncols>4361</ncols></imagesize><object><name>m2_s07_264_p_ic060</name><deleted>0</deleted><verified>0</verified><occluded>no</occluded><attributes></attributes><parts><hasparts></hasparts><ispartof></ispartof></parts><date>23-09-20 11:30:58:780</date><id>0</id><type>bounding_box</type><polygon><username>anonymous</username><pt><x>1328</x><y>226</y><time>23-09-20 11:30:51:066</time></pt><pt><x>2844</x><y>226</y><time>23-09-20 11:30:52:975</time></pt><pt><x>2844</x><y>2254</y><time>undefined</time></pt><pt><x>1328</x><y>2254</y><time>undefined</time></pt><closed_date>23-09-20 11:30:52:976</closed_date></polygon></object></annotation>