<annotation><filename>m2_s07_264_p_ic071.jpg</filename><folder>users/joselusava//valeria/sala7_264_ic</folder><source><submittedBy>Jose Saca</submittedBy></source><imagesize><nrows>2910</nrows><ncols>4361</ncols></imagesize><object><name>m2_s07_264_p_ic071</name><deleted>0</deleted><verified>0</verified><occluded>no</occluded><attributes></attributes><parts><hasparts></hasparts><ispartof></ispartof></parts><date>23-09-20 11:49:16:584</date><id>0</id><type>bounding_box</type><polygon><username>anonymous</username><pt><x>1389</x><y>397</y><time>23-09-20 11:49:10:726</time></pt><pt><x>2949</x><y>397</y><time>23-09-20 11:49:12:379</time></pt><pt><x>2949</x><y>2557</y><time>undefined</time></pt><pt><x>1389</x><y>2557</y><time>undefined</time></pt><closed_date>23-09-20 11:49:12:380</closed_date></polygon></object></annotation>