<annotation><filename>m4_s11_178_p_ic014.jpg</filename><folder>users/joselusava//santiago_2</folder><source><submittedBy>Jose Saca</submittedBy></source><imagesize><nrows>2970</nrows><ncols>4451</ncols></imagesize><object><name>m4_s11_178_p_ic014</name><deleted>0</deleted><verified>0</verified><occluded>no</occluded><attributes></attributes><parts><hasparts></hasparts><ispartof></ispartof></parts><date>15-10-20 20:49:10:910</date><id>0</id><type>bounding_box</type><polygon><username>anonymous</username><pt><x>1485</x><y>764</y><time>15-10-20 20:49:05:694</time></pt><pt><x>2852</x><y>764</y><time>15-10-20 20:49:08:313</time></pt><pt><x>2852</x><y>2195</y><time>undefined</time></pt><pt><x>1485</x><y>2195</y><time>undefined</time></pt><closed_date>15-10-20 20:49:08:313</closed_date></polygon></object></annotation>