<annotation><filename>m2_s07_264_p_nic032.jpg</filename><folder>users/joselusava//valeria/sala7_264_nic</folder><source><submittedBy>Jose Saca</submittedBy></source><imagesize><nrows>2910</nrows><ncols>4361</ncols></imagesize><object><name>m2_s07_264_p_nic032</name><deleted>0</deleted><verified>0</verified><occluded>no</occluded><attributes></attributes><parts><hasparts></hasparts><ispartof></ispartof></parts><date>23-09-20 19:57:00:372</date><id>0</id><type>bounding_box</type><polygon><username>anonymous</username><pt><x>254</x><y>2756</y><time>23-09-20 19:56:55:270</time></pt><pt><x>1675</x><y>2756</y><time>23-09-20 19:56:57:537</time></pt><pt><x>1675</x><y>1036</y><time>undefined</time></pt><pt><x>254</x><y>1036</y><time>undefined</time></pt><closed_date>23-09-20 19:56:57:538</closed_date></polygon></object></annotation>