<annotation><filename>m1_s02_036_p_ic074.jpg</filename><folder>users/joselusava//valeria/sala2_036_ic</folder><source><submittedBy>Jose Saca</submittedBy></source><imagesize><nrows>3200</nrows><ncols>4800</ncols></imagesize><object><name>m1_s01_036_p_ic074</name><deleted>0</deleted><verified>0</verified><occluded>no</occluded><attributes></attributes><parts><hasparts></hasparts><ispartof></ispartof></parts><date>23-08-20 23:01:16:191</date><id>0</id><type>bounding_box</type><polygon><username>anonymous</username><pt><x>811</x><y>48</y><time>23-08-20 23:00:57:555</time></pt><pt><x>4231</x><y>48</y><time>23-08-20 23:01:01:940</time></pt><pt><x>4231</x><y>3114</y><time>undefined</time></pt><pt><x>811</x><y>3114</y><time>undefined</time></pt><closed_date>23-08-20 23:01:01:941</closed_date></polygon></object></annotation>