<annotation><filename>m1_s01_021_p_nic084.jpg</filename><folder>users/joselusava//santiago</folder><source><submittedBy>Jose Saca</submittedBy></source><imagesize><nrows>3200</nrows><ncols>4800</ncols></imagesize><object><name>m1_s01_021_p_nic084</name><deleted>0</deleted><verified>0</verified><occluded>no</occluded><attributes></attributes><parts><hasparts></hasparts><ispartof></ispartof></parts><date>16-09-20 22:12:28:366</date><id>0</id><type>bounding_box</type><polygon><username>anonymous</username><pt><x>799</x><y>1767</y><time>16-09-20 22:12:18:570</time></pt><pt><x>1407</x><y>1767</y><time>16-09-20 22:12:21:672</time></pt><pt><x>1407</x><y>2566</y><time>undefined</time></pt><pt><x>799</x><y>2566</y><time>undefined</time></pt><closed_date>16-09-20 22:12:21:674</closed_date></polygon></object></annotation>