<annotation><filename>m4_s12_185_p_ic060.jpg</filename><folder>users/joselusava//valeria/m04_s12_185_ic</folder><source><submittedBy>Jose Saca</submittedBy></source><imagesize><nrows>2910</nrows><ncols>4361</ncols></imagesize><object><name>m4_s12_185_p_ic060</name><deleted>0</deleted><verified>0</verified><occluded>no</occluded><attributes></attributes><parts><hasparts></hasparts><ispartof></ispartof></parts><date>17-10-20 18:11:44:000</date><id>0</id><type>bounding_box</type><polygon><username>anonymous</username><pt><x>3632</x><y>2496</y><time>17-10-20 18:11:37:349</time></pt><pt><x>890</x><y>2496</y><time>17-10-20 18:11:40:343</time></pt><pt><x>890</x><y>101</y><time>undefined</time></pt><pt><x>3632</x><y>101</y><time>undefined</time></pt><closed_date>17-10-20 18:11:40:344</closed_date></polygon></object></annotation>