<annotation><filename>m2_s05_236_p_nic059.jpg</filename><folder>users/joselusava//museos2020</folder><source><submittedBy>Jose Saca</submittedBy></source><imagesize><nrows>2910</nrows><ncols>4361</ncols></imagesize><object><name>m2_s05_236_p_nic059</name><deleted>0</deleted><verified>0</verified><occluded>no</occluded><attributes></attributes><parts><hasparts></hasparts><ispartof></ispartof></parts><date>17-09-20 08:07:40:411</date><id>0</id><type>bounding_box</type><polygon><username>anonymous</username><pt><x>1869</x><y>325</y><time>17-09-20 08:07:33:987</time></pt><pt><x>4170</x><y>325</y><time>17-09-20 08:07:35:073</time></pt><pt><x>4170</x><y>2259</y><time>undefined</time></pt><pt><x>1869</x><y>2259</y><time>undefined</time></pt><closed_date>17-09-20 08:07:35:074</closed_date></polygon></object></annotation>