<annotation><filename>m1_s01_004_p_nic003.jpg</filename><folder>users/joselusava//valeria_apoyo/sala01_004_nic</folder><source><submittedBy>Jose Saca</submittedBy></source><imagesize><nrows>3200</nrows><ncols>4800</ncols></imagesize><object><name>m1_s01_004_p_nic003</name><deleted>0</deleted><verified>0</verified><occluded>no</occluded><attributes></attributes><parts><hasparts></hasparts><ispartof></ispartof></parts><date>16-09-20 17:30:20:065</date><id>0</id><type>bounding_box</type><polygon><username>anonymous</username><pt><x>127</x><y>1630</y><time>16-09-20 17:30:12:984</time></pt><pt><x>3703</x><y>1630</y><time>16-09-20 17:30:15:022</time></pt><pt><x>3703</x><y>339</y><time>undefined</time></pt><pt><x>127</x><y>339</y><time>undefined</time></pt><closed_date>16-09-20 17:30:15:023</closed_date></polygon></object></annotation>