<annotation><filename>m1_s06_186_p_nic081.jpg</filename><folder>users/joselusava//jacob_2/186nic</folder><source><submittedBy>Jose Saca</submittedBy></source><imagesize><nrows>2736</nrows><ncols>4100</ncols></imagesize><object><name>m1_s06_186_p_nic081</name><deleted>0</deleted><verified>0</verified><occluded>no</occluded><attributes></attributes><parts><hasparts></hasparts><ispartof></ispartof></parts><date>09-09-20 23:31:16:643</date><id>0</id><type>bounding_box</type><polygon><username>anonymous</username><pt><x>1424</x><y>794</y><time>09-09-20 23:31:14:576</time></pt><pt><x>303</x><y>794</y><time>09-09-20 23:31:15:960</time></pt><pt><x>303</x><y>2578</y><time>undefined</time></pt><pt><x>1424</x><y>2578</y><time>undefined</time></pt><closed_date>09-09-20 23:31:15:960</closed_date></polygon></object></annotation>