<annotation><filename>m1_s01_004_p_nic089.jpg</filename><folder>users/joselusava//valeria_apoyo/sala01_004_nic</folder><source><submittedBy>Jose Saca</submittedBy></source><imagesize><nrows>3200</nrows><ncols>4800</ncols></imagesize><object><name>m1_s01_004_p_nic089</name><deleted>0</deleted><verified>0</verified><occluded>no</occluded><attributes></attributes><parts><hasparts></hasparts><ispartof></ispartof></parts><date>17-09-20 20:28:06:264</date><id>0</id><type>bounding_box</type><polygon><username>anonymous</username><pt><x>1503</x><y>2024</y><time>17-09-20 20:28:00:579</time></pt><pt><x>4103</x><y>2024</y><time>17-09-20 20:28:02:776</time></pt><pt><x>4103</x><y>1176</y><time>undefined</time></pt><pt><x>1503</x><y>1176</y><time>undefined</time></pt><closed_date>17-09-20 20:28:02:777</closed_date></polygon></object></annotation>