<annotation><filename>m4_s06_089_p_nic059.jpg</filename><folder>users/joselusava//santiago_2</folder><source><submittedBy>Jose Saca</submittedBy></source><imagesize><nrows>2970</nrows><ncols>4451</ncols></imagesize><object><name>m4_s06_089_p_nic059</name><deleted>0</deleted><verified>0</verified><occluded>no</occluded><attributes></attributes><parts><hasparts></hasparts><ispartof></ispartof></parts><date>12-10-20 21:26:43:396</date><id>0</id><type>bounding_box</type><polygon><username>anonymous</username><pt><x>1906</x><y>1003</y><time>12-10-20 21:26:38:082</time></pt><pt><x>3416</x><y>1003</y><time>12-10-20 21:26:39:858</time></pt><pt><x>3416</x><y>2752</y><time>undefined</time></pt><pt><x>1906</x><y>2752</y><time>undefined</time></pt><closed_date>12-10-20 21:26:39:858</closed_date></polygon></object></annotation>