<annotation><filename>m1_s01_001_p_ic043.jpg</filename><folder>users/joselusava//juancarlos</folder><source><submittedBy>Jose Saca</submittedBy></source><imagesize><nrows>2000</nrows><ncols>2992</ncols></imagesize><object><name>m1_s01_001_p_ic043</name><deleted>0</deleted><verified>0</verified><occluded>no</occluded><attributes></attributes><parts><hasparts></hasparts><ispartof></ispartof></parts><date>31-08-20 11:59:02:955</date><id>0</id><type>bounding_box</type><polygon><username>anonymous</username><pt><x>1002</x><y>804</y><time>31-08-20 11:58:52:442</time></pt><pt><x>1906</x><y>804</y><time>31-08-20 11:58:55:134</time></pt><pt><x>1906</x><y>1542</y><time>undefined</time></pt><pt><x>1002</x><y>1542</y><time>undefined</time></pt><closed_date>31-08-20 11:58:55:136</closed_date></polygon></object></annotation>