<annotation><filename>m4_s05_052_p_nic070.jpg</filename><folder>users/joselusava//santiago_2</folder><source><submittedBy>Jose Saca</submittedBy></source><imagesize><nrows>2910</nrows><ncols>4361</ncols></imagesize><object><name>m4_s05_052_p_nic070</name><deleted>0</deleted><verified>0</verified><occluded>no</occluded><attributes></attributes><parts><hasparts></hasparts><ispartof></ispartof></parts><date>08-10-20 22:10:48:486</date><id>0</id><type>bounding_box</type><polygon><username>anonymous</username><pt><x>1407</x><y>1219</y><time>08-10-20 22:10:44:287</time></pt><pt><x>2456</x><y>1219</y><time>08-10-20 22:10:45:740</time></pt><pt><x>2456</x><y>2619</y><time>undefined</time></pt><pt><x>1407</x><y>2619</y><time>undefined</time></pt><closed_date>08-10-20 22:10:45:741</closed_date></polygon></object></annotation>