<annotation><filename>m4_s10_154_p_nic030.jpg</filename><folder>users/joselusava//valeria/m04_s10_154_nic</folder><source><submittedBy>Jose Saca</submittedBy></source><imagesize><nrows>2970</nrows><ncols>4451</ncols></imagesize><object><name>m4_s10_154_p_nic030</name><deleted>0</deleted><verified>0</verified><occluded>no</occluded><attributes></attributes><parts><hasparts></hasparts><ispartof></ispartof></parts><date>14-10-20 12:46:11:290</date><id>0</id><type>bounding_box</type><polygon><username>anonymous</username><pt><x>1788</x><y>2776</y><time>14-10-20 12:46:06:983</time></pt><pt><x>3410</x><y>2776</y><time>14-10-20 12:46:08:333</time></pt><pt><x>3410</x><y>960</y><time>undefined</time></pt><pt><x>1788</x><y>960</y><time>undefined</time></pt><closed_date>14-10-20 12:46:08:334</closed_date></polygon></object></annotation>