<annotation><filename>m1_s02_036_p_nic023.jpg</filename><folder>users/joselusava//valeria/sala2_036_nic</folder><source><submittedBy>Jose Saca</submittedBy></source><imagesize><nrows>3200</nrows><ncols>4800</ncols></imagesize><object><name>m1_s02_036_p_nic023</name><deleted>0</deleted><verified>0</verified><occluded>no</occluded><attributes></attributes><parts><hasparts></hasparts><ispartof></ispartof></parts><date>26-08-20 22:49:43:809</date><id>0</id><type>bounding_box</type><polygon><username>anonymous</username><pt><x>3125</x><y>929</y><time>26-08-20 22:49:38:133</time></pt><pt><x>3968</x><y>929</y><time>26-08-20 22:49:40:520</time></pt><pt><x>3968</x><y>2062</y><time>undefined</time></pt><pt><x>3125</x><y>2062</y><time>undefined</time></pt><closed_date>26-08-20 22:49:40:522</closed_date></polygon></object></annotation>