<annotation><filename>m4_s11_178_p_ic028.jpg</filename><folder>users/joselusava//santiago_2</folder><source><submittedBy>Jose Saca</submittedBy></source><imagesize><nrows>2970</nrows><ncols>4451</ncols></imagesize><object><name>m4_s11_178_p_ic028</name><deleted>0</deleted><verified>0</verified><occluded>no</occluded><attributes></attributes><parts><hasparts></hasparts><ispartof></ispartof></parts><date>15-10-20 21:27:30:411</date><id>0</id><type>bounding_box</type><polygon><username>anonymous</username><pt><x>1503</x><y>782</y><time>15-10-20 21:27:27:134</time></pt><pt><x>2838</x><y>782</y><time>15-10-20 21:27:28:668</time></pt><pt><x>2838</x><y>2199</y><time>undefined</time></pt><pt><x>1503</x><y>2199</y><time>undefined</time></pt><closed_date>15-10-20 21:27:28:669</closed_date></polygon></object></annotation>