<annotation><filename>m4_s05_055_p_ic012.jpg</filename><folder>users/joselusava//valeria/m4_s05_055_ic</folder><source><submittedBy>Jose Saca</submittedBy></source><imagesize><nrows>2910</nrows><ncols>4361</ncols></imagesize><object><name>m4_s05_055_p_ic012</name><deleted>0</deleted><verified>0</verified><occluded>no</occluded><attributes></attributes><parts><hasparts></hasparts><ispartof></ispartof></parts><date>08-10-20 18:14:39:765</date><id>0</id><type>bounding_box</type><polygon><username>anonymous</username><pt><x>1257</x><y>479</y><time>08-10-20 18:14:33:452</time></pt><pt><x>3031</x><y>479</y><time>08-10-20 18:14:35:984</time></pt><pt><x>3031</x><y>2359</y><time>undefined</time></pt><pt><x>1257</x><y>2359</y><time>undefined</time></pt><closed_date>08-10-20 18:14:35:985</closed_date></polygon></object></annotation>