<annotation><filename>img_m1_s10_303_p_nic072.jpg</filename><folder>users/joselusava//santiago</folder><source><submittedBy>Jose Saca</submittedBy></source><imagesize><nrows>3200</nrows><ncols>4800</ncols></imagesize><object><name>m1_s10_303_p_nic072</name><deleted>0</deleted><verified>0</verified><occluded>no</occluded><attributes></attributes><parts><hasparts></hasparts><ispartof></ispartof></parts><date>01-09-20 22:26:44:954</date><id>0</id><type>bounding_box</type><polygon><username>anonymous</username><pt><x>475</x><y>346</y><time>01-09-20 22:26:34:801</time></pt><pt><x>1292</x><y>346</y><time>01-09-20 22:26:35:944</time></pt><pt><x>1292</x><y>1181</y><time>undefined</time></pt><pt><x>475</x><y>1181</y><time>undefined</time></pt><closed_date>01-09-20 22:26:35:945</closed_date></polygon></object></annotation>