<annotation><filename>m1_s02_052_p_nic078.jpg</filename><folder>users/joselusava//valeria/sala2_052_nic</folder><source><submittedBy>Jose Saca</submittedBy></source><imagesize><nrows>3200</nrows><ncols>4800</ncols></imagesize><object><name>m1_s02_052_p_nic078</name><deleted>0</deleted><verified>0</verified><occluded>no</occluded><attributes></attributes><parts><hasparts></hasparts><ispartof></ispartof></parts><date>27-08-20 17:14:35:303</date><id>0</id><type>bounding_box</type><polygon><username>anonymous</username><pt><x>3034</x><y>1729</y><time>27-08-20 17:14:29:643</time></pt><pt><x>1589</x><y>1729</y><time>27-08-20 17:14:31:680</time></pt><pt><x>1589</x><y>3109</y><time>undefined</time></pt><pt><x>3034</x><y>3109</y><time>undefined</time></pt><closed_date>27-08-20 17:14:31:681</closed_date></polygon></object></annotation>