<annotation><filename>m4_s04_039_p_ic086.jpg</filename><folder>users/joselusava//santiago_2</folder><source><submittedBy>Jose Saca</submittedBy></source><imagesize><nrows>2970</nrows><ncols>4451</ncols></imagesize><object><name>m4_s04_039_p_ic086</name><deleted>0</deleted><verified>0</verified><occluded>no</occluded><attributes></attributes><parts><hasparts></hasparts><ispartof></ispartof></parts><date>21-10-20 16:03:15:527</date><id>0</id><type>bounding_box</type><polygon><username>anonymous</username><pt><x>1717</x><y>396</y><time>21-10-20 16:03:11:914</time></pt><pt><x>2477</x><y>396</y><time>21-10-20 16:03:13:702</time></pt><pt><x>2477</x><y>2820</y><time>undefined</time></pt><pt><x>1717</x><y>2820</y><time>undefined</time></pt><closed_date>21-10-20 16:03:13:703</closed_date></polygon></object></annotation>