<annotation><filename>m2_s01_054_p_nic079.jpg</filename><folder>users/joselusava//kath</folder><source><submittedBy>Jose Saca</submittedBy></source><imagesize><nrows>2850</nrows><ncols>4271</ncols></imagesize><object><name>m2_s01_054_p_nic079</name><deleted>0</deleted><verified>0</verified><occluded>no</occluded><attributes></attributes><parts><hasparts></hasparts><ispartof></ispartof></parts><date>30-09-20 22:40:57:777</date><id>0</id><polygon><username>kath</username><pt><x>456</x><y>835</y><time>30-09-20 22:40:50:262</time></pt><pt><x>906</x><y>2176</y><time>30-09-20 22:40:51:221</time></pt><pt><x>1811</x><y>1966</y><time>30-09-20 22:40:52:294</time></pt><pt><x>1544</x><y>590</y><time>30-09-20 22:40:53:269</time></pt><closed_date>30-09-20 22:40:54:625</closed_date></polygon></object></annotation>