<annotation><filename>m4_s05_055_p_nic006.jpg</filename><folder>users/joselusava//valeria/m4_s05_055_nic</folder><source><submittedBy>Jose Saca</submittedBy></source><imagesize><nrows>2910</nrows><ncols>4361</ncols></imagesize><object><name>m4_s05_055_p_nic006</name><deleted>0</deleted><verified>0</verified><occluded>no</occluded><attributes></attributes><parts><hasparts></hasparts><ispartof></ispartof></parts><date>09-10-20 15:28:26:205</date><id>0</id><type>bounding_box</type><polygon><username>anonymous</username><pt><x>4117</x><y>1720</y><time>09-10-20 15:28:19:201</time></pt><pt><x>2574</x><y>1720</y><time>09-10-20 15:28:22:714</time></pt><pt><x>2574</x><y>149</y><time>undefined</time></pt><pt><x>4117</x><y>149</y><time>undefined</time></pt><closed_date>09-10-20 15:28:22:715</closed_date></polygon></object></annotation>