<annotation><filename>m2_s01_010_p_nic094.jpg</filename><folder>users/joselusava//santiago</folder><source><submittedBy>Jose Saca</submittedBy></source><imagesize><nrows>2850</nrows><ncols>4271</ncols></imagesize><object><name>m2_s01_010_p_nic094</name><deleted>0</deleted><verified>0</verified><occluded>no</occluded><attributes></attributes><parts><hasparts></hasparts><ispartof></ispartof></parts><date>22-09-20 21:54:22:290</date><id>0</id><type>bounding_box</type><polygon><username>anonymous</username><pt><x>2440</x><y>680</y><time>22-09-20 21:54:15:771</time></pt><pt><x>3626</x><y>680</y><time>22-09-20 21:54:17:296</time></pt><pt><x>3626</x><y>1920</y><time>undefined</time></pt><pt><x>2440</x><y>1920</y><time>undefined</time></pt><closed_date>22-09-20 21:54:17:297</closed_date></polygon></object></annotation>