<annotation><filename>m1_s06_168_p_ic053.jpg</filename><folder>users/joselusava//jacob_2/168ic</folder><source><submittedBy>Jose Saca</submittedBy></source><imagesize><nrows>2736</nrows><ncols>4100</ncols></imagesize><object><name>m1_s06_168_p_ic053</name><deleted>0</deleted><verified>0</verified><occluded>no</occluded><attributes></attributes><parts><hasparts></hasparts><ispartof></ispartof></parts><date>08-09-20 20:09:42:011</date><id>0</id><type>bounding_box</type><polygon><username>anonymous</username><pt><x>3028</x><y>2561</y><time>08-09-20 20:09:38:603</time></pt><pt><x>1072</x><y>2561</y><time>08-09-20 20:09:41:279</time></pt><pt><x>1072</x><y>25</y><time>undefined</time></pt><pt><x>3028</x><y>25</y><time>undefined</time></pt><closed_date>08-09-20 20:09:41:279</closed_date></polygon></object></annotation>