<annotation><filename>m1_s02_036_p_ic026.jpg</filename><folder>users/joselusava//valeria/sala2_036_ic</folder><source><submittedBy>Jose Saca</submittedBy></source><imagesize><nrows>3200</nrows><ncols>4800</ncols></imagesize><object><name>m1_s01_036_p_ic026</name><deleted>0</deleted><verified>0</verified><occluded>no</occluded><attributes></attributes><parts><hasparts></hasparts><ispartof></ispartof></parts><date>23-08-20 01:59:45:008</date><id>0</id><type>bounding_box</type><polygon><username>anonymous</username><pt><x>569</x><y>177</y><time>23-08-20 01:59:36:716</time></pt><pt><x>3694</x><y>177</y><time>23-08-20 01:59:40:490</time></pt><pt><x>3694</x><y>2969</y><time>undefined</time></pt><pt><x>569</x><y>2969</y><time>undefined</time></pt><closed_date>23-08-20 01:59:40:492</closed_date></polygon></object></annotation>