<annotation><filename>m1_s01_017_p_nic094.jpg</filename><folder>users/joselusava//santiago</folder><source><submittedBy>Jose Saca</submittedBy></source><imagesize><nrows>3200</nrows><ncols>4800</ncols></imagesize><object><name>m1_s01_017_p_nic094</name><deleted>0</deleted><verified>0</verified><occluded>no</occluded><attributes></attributes><parts><hasparts></hasparts><ispartof></ispartof></parts><date>11-09-20 20:09:23:367</date><id>0</id><type>bounding_box</type><polygon><username>anonymous</username><pt><x>680</x><y>1505</y><time>11-09-20 20:09:17:088</time></pt><pt><x>1285</x><y>1505</y><time>11-09-20 20:09:17:812</time></pt><pt><x>1285</x><y>1800</y><time>undefined</time></pt><pt><x>680</x><y>1800</y><time>undefined</time></pt><closed_date>11-09-20 20:09:17:814</closed_date></polygon></object></annotation>