<annotation><filename>m4_s04_037_p_nic008.jpg</filename><folder>users/joselusava//santiago_2</folder><source><submittedBy>Jose Saca</submittedBy></source><imagesize><nrows>2970</nrows><ncols>4451</ncols></imagesize><object><name>m4_s04_037_p_nic008</name><deleted>0</deleted><verified>0</verified><occluded>no</occluded><attributes></attributes><parts><hasparts></hasparts><ispartof></ispartof></parts><date>19-10-20 13:53:04:430</date><id>0</id><type>bounding_box</type><polygon><username>anonymous</username><pt><x>357</x><y>64</y><time>19-10-20 13:53:00:330</time></pt><pt><x>1710</x><y>64</y><time>19-10-20 13:53:01:795</time></pt><pt><x>1710</x><y>2003</y><time>undefined</time></pt><pt><x>357</x><y>2003</y><time>undefined</time></pt><closed_date>19-10-20 13:53:01:795</closed_date></polygon></object></annotation>