<annotation><filename>m2_s01_058_p_nic009.jpg</filename><folder>users/joselusava//m2_jsv/58/nic</folder><source><submittedBy>Jose Saca</submittedBy></source><imagesize><nrows>2850</nrows><ncols>4271</ncols></imagesize><object><name>m2_s01_058_p_nic009</name><deleted>0</deleted><verified>0</verified><occluded>no</occluded><attributes></attributes><parts><hasparts></hasparts><ispartof></ispartof></parts><date>29-09-20 21:14:33:336</date><id>0</id><type>bounding_box</type><polygon><username>anonymous</username><pt><x>656</x><y>68</y><time>29-09-20 21:14:30:506</time></pt><pt><x>2430</x><y>68</y><time>29-09-20 21:14:32:493</time></pt><pt><x>2430</x><y>1517</y><time>undefined</time></pt><pt><x>656</x><y>1517</y><time>undefined</time></pt><closed_date>29-09-20 21:14:32:493</closed_date></polygon></object></annotation>