<annotation><filename>m4_s10_164_p_nic016.jpg</filename><folder>users/joselusava//santiago_2</folder><source><submittedBy>Jose Saca</submittedBy></source><imagesize><nrows>2970</nrows><ncols>4451</ncols></imagesize><object><name>m4_s10_164_p_nic016</name><deleted>0</deleted><verified>0</verified><occluded>no</occluded><attributes></attributes><parts><hasparts></hasparts><ispartof></ispartof></parts><date>13-10-20 23:45:14:281</date><id>0</id><type>bounding_box</type><polygon><username>anonymous</username><pt><x>489</x><y>800</y><time>13-10-20 23:45:11:202</time></pt><pt><x>1025</x><y>800</y><time>13-10-20 23:45:11:984</time></pt><pt><x>1025</x><y>1514</y><time>undefined</time></pt><pt><x>489</x><y>1514</y><time>undefined</time></pt><closed_date>13-10-20 23:45:11:985</closed_date></polygon></object></annotation>