<annotation><filename>m4_s11_176_p_nic052.jpg</filename><folder>users/joselusava//m4_js/176/nic</folder><source><submittedBy>Jose Saca</submittedBy></source><imagesize><nrows>2970</nrows><ncols>4451</ncols></imagesize><object><name>m4_s11_176_p_nic052</name><deleted>0</deleted><verified>0</verified><occluded>no</occluded><attributes></attributes><parts><hasparts></hasparts><ispartof></ispartof></parts><date>15-10-20 11:49:55:887</date><id>0</id><type>bounding_box</type><polygon><username>anonymous</username><pt><x>2035</x><y>2141</y><time>15-10-20 11:49:53:345</time></pt><pt><x>0</x><y>2141</y><time>15-10-20 11:49:55:207</time></pt><pt><x>0</x><y>575</y><time>undefined</time></pt><pt><x>2035</x><y>575</y><time>undefined</time></pt><closed_date>15-10-20 11:49:55:207</closed_date></polygon></object></annotation>