<annotation><filename>m1_s01_001_p_nic031.jpg</filename><folder>users/joselusava//juancarlos</folder><source><submittedBy>Jose Saca</submittedBy></source><imagesize><nrows>3200</nrows><ncols>4800</ncols></imagesize><object><name>m1_s01_001_p_nic31</name><deleted>0</deleted><verified>0</verified><occluded>no</occluded><attributes></attributes><parts><hasparts></hasparts><ispartof></ispartof></parts><date>02-09-20 14:20:58:452</date><id>0</id><type>bounding_box</type><polygon><username>anonymous</username><pt><x>255</x><y>424</y><time>02-09-20 14:20:40:737</time></pt><pt><x>1861</x><y>424</y><time>02-09-20 14:20:44:386</time></pt><pt><x>1861</x><y>1352</y><time>undefined</time></pt><pt><x>255</x><y>1352</y><time>undefined</time></pt><closed_date>02-09-20 14:20:44:388</closed_date></polygon></object></annotation>