<annotation><filename>m4_s07_105_p_nic097.jpg</filename><folder>users/joselusava//kath/m4_105/nic</folder><source><submittedBy>Jose Saca</submittedBy></source><imagesize><nrows>2970</nrows><ncols>4451</ncols></imagesize><object><name>m4_s07_105_p_nic097</name><deleted>0</deleted><verified>0</verified><occluded>no</occluded><attributes></attributes><parts><hasparts></hasparts><ispartof></ispartof></parts><date>05-11-20 13:57:48:051</date><id>0</id><type>bounding_box</type><polygon><username>anonymous</username><pt><x>1999</x><y>2831</y><time>05-11-20 13:57:43:337</time></pt><pt><x>2759</x><y>2831</y><time>05-11-20 13:57:45:529</time></pt><pt><x>2759</x><y>1432</y><time>undefined</time></pt><pt><x>1999</x><y>1432</y><time>undefined</time></pt><closed_date>05-11-20 13:57:45:529</closed_date></polygon></object></annotation>