<annotation><filename>m1_s01_001_p_nic067.jpg</filename><folder>users/joselusava//juancarlos</folder><source><submittedBy>Jose Saca</submittedBy></source><imagesize><nrows>3200</nrows><ncols>4800</ncols></imagesize><object><name>m1_s01_001_p_nic067</name><deleted>0</deleted><verified>0</verified><occluded>no</occluded><attributes></attributes><parts><hasparts></hasparts><ispartof></ispartof></parts><date>09-09-20 17:41:42:703</date><id>0</id><type>bounding_box</type><polygon><username>anonymous</username><pt><x>2770</x><y>2194</y><time>09-09-20 17:41:31:486</time></pt><pt><x>3800</x><y>2194</y><time>09-09-20 17:41:34:239</time></pt><pt><x>3800</x><y>2691</y><time>undefined</time></pt><pt><x>2770</x><y>2691</y><time>undefined</time></pt><closed_date>09-09-20 17:41:34:241</closed_date></polygon></object></annotation>