<annotation><filename>m4_s04_047_p_ic095.jpg</filename><folder>users/joselusava//kath/kath_m4_047</folder><source><submittedBy>Jose Saca</submittedBy></source><imagesize><nrows>2970</nrows><ncols>4451</ncols></imagesize><object><name>m4_s04_047_p_ic095</name><deleted>0</deleted><verified>0</verified><occluded>no</occluded><attributes></attributes><parts><hasparts></hasparts><ispartof></ispartof></parts><date>24-10-20 16:56:27:486</date><id>0</id><type>bounding_box</type><polygon><username>anonymous</username><pt><x>1656</x><y>193</y><time>24-10-20 16:56:20:424</time></pt><pt><x>2814</x><y>193</y><time>24-10-20 16:56:23:221</time></pt><pt><x>2814</x><y>2658</y><time>undefined</time></pt><pt><x>1656</x><y>2658</y><time>undefined</time></pt><closed_date>24-10-20 16:56:23:223</closed_date></polygon></object></annotation>