<annotation><filename>m2_s03_248_p_ic092.jpg</filename><folder>users/joselusava//museos2020</folder><source><submittedBy>Jose Saca</submittedBy></source><imagesize><nrows>2910</nrows><ncols>4361</ncols></imagesize><object><name>m2_s03_248_p_ic092</name><deleted>0</deleted><verified>0</verified><occluded>no</occluded><attributes></attributes><parts><hasparts></hasparts><ispartof></ispartof></parts><date>27-09-20 09:21:17:240</date><id>0</id><polygon><username>anonymous</username><pt><x>916</x><y>902</y><time>27-09-20 09:21:09:242</time></pt><pt><x>1664</x><y>1966</y><time>27-09-20 09:21:09:998</time></pt><pt><x>3393</x><y>1176</y><time>27-09-20 09:21:10:797</time></pt><pt><x>3226</x><y>916</y><time>27-09-20 09:21:11:286</time></pt><closed_date>27-09-20 09:21:12:150</closed_date></polygon></object></annotation>