<annotation><filename>m1_s02_065_p_ic061.jpg</filename><folder>users/joselusava//valeria/sala2_065_ic</folder><source><submittedBy>Jose Saca</submittedBy></source><imagesize><nrows>2000</nrows><ncols>2992</ncols></imagesize><object><name>m1_s02_065_p_ic061</name><deleted>0</deleted><verified>0</verified><occluded>no</occluded><attributes></attributes><parts><hasparts></hasparts><ispartof></ispartof></parts><date>26-08-20 00:24:12:920</date><id>0</id><type>bounding_box</type><polygon><username>anonymous</username><pt><x>181</x><y>211</y><time>26-08-20 00:23:59:901</time></pt><pt><x>2906</x><y>211</y><time>26-08-20 00:24:03:167</time></pt><pt><x>2906</x><y>1772</y><time>undefined</time></pt><pt><x>181</x><y>1772</y><time>undefined</time></pt><closed_date>26-08-20 00:24:03:168</closed_date></polygon></object></annotation>