<annotation><filename>m4_s04_037_p_nic046.jpg</filename><folder>users/joselusava//santiago_2</folder><source><submittedBy>Jose Saca</submittedBy></source><imagesize><nrows>2970</nrows><ncols>4451</ncols></imagesize><object><name>m4_s04_037_p_nic046</name><deleted>0</deleted><verified>0</verified><occluded>no</occluded><attributes></attributes><parts><hasparts></hasparts><ispartof></ispartof></parts><date>19-10-20 22:23:59:205</date><id>0</id><type>bounding_box</type><polygon><username>anonymous</username><pt><x>2410</x><y>1203</y><time>19-10-20 22:23:56:418</time></pt><pt><x>3573</x><y>1203</y><time>19-10-20 22:23:57:610</time></pt><pt><x>3573</x><y>2849</y><time>undefined</time></pt><pt><x>2410</x><y>2849</y><time>undefined</time></pt><closed_date>19-10-20 22:23:57:611</closed_date></polygon></object></annotation>