<annotation><filename>m4_s04_039_p_nic075.jpg</filename><folder>users/joselusava//santiago_2</folder><source><submittedBy>Jose Saca</submittedBy></source><imagesize><nrows>2970</nrows><ncols>4451</ncols></imagesize><object><name>m4_s04_039_p_nic075</name><deleted>0</deleted><verified>0</verified><occluded>no</occluded><attributes></attributes><parts><hasparts></hasparts><ispartof></ispartof></parts><date>21-10-20 22:01:22:102</date><id>0</id><type>bounding_box</type><polygon><username>anonymous</username><pt><x>436</x><y>111</y><time>21-10-20 22:01:15:330</time></pt><pt><x>1203</x><y>111</y><time>21-10-20 22:01:17:453</time></pt><pt><x>1203</x><y>2841</y><time>undefined</time></pt><pt><x>436</x><y>2841</y><time>undefined</time></pt><closed_date>21-10-20 22:01:17:454</closed_date></polygon></object></annotation>