<annotation><filename>m1_s01_004_p_nic001.jpg</filename><folder>users/joselusava//valeria_apoyo/sala01_004_nic</folder><source><submittedBy>Jose Saca</submittedBy></source><imagesize><nrows>3200</nrows><ncols>4800</ncols></imagesize><object><name>m1_s01_004_p_nic001</name><deleted>0</deleted><verified>0</verified><occluded>no</occluded><attributes></attributes><parts><hasparts></hasparts><ispartof></ispartof></parts><date>16-09-20 17:27:12:692</date><id>0</id><type>bounding_box</type><polygon><username>anonymous</username><pt><x>133</x><y>3012</y><time>16-09-20 17:26:48:818</time></pt><pt><x>3212</x><y>3012</y><time>16-09-20 17:26:50:895</time></pt><pt><x>3212</x><y>1861</y><time>undefined</time></pt><pt><x>133</x><y>1861</y><time>undefined</time></pt><closed_date>16-09-20 17:26:50:896</closed_date></polygon></object></annotation>