<annotation><filename>m2_s03_219_p_ic023.jpg</filename><folder>users/joselusava//valeria/m2_sala03_219_ic</folder><source><submittedBy>Jose Saca</submittedBy></source><imagesize><nrows>2910</nrows><ncols>4361</ncols></imagesize><object><name>m2_s03_219_p_ic023</name><deleted>0</deleted><verified>0</verified><occluded>no</occluded><attributes></attributes><parts><hasparts></hasparts><ispartof></ispartof></parts><date>29-09-20 00:01:49:589</date><id>0</id><type>bounding_box</type><polygon><username>anonymous</username><pt><x>942</x><y>259</y><time>29-09-20 00:01:43:207</time></pt><pt><x>3230</x><y>259</y><time>29-09-20 00:01:45:678</time></pt><pt><x>3230</x><y>2596</y><time>undefined</time></pt><pt><x>942</x><y>2596</y><time>undefined</time></pt><closed_date>29-09-20 00:01:45:678</closed_date></polygon></object></annotation>