<annotation><filename>m1_s06_144_p_nic036.jpg</filename><folder>users/joselusava//jacob_2/144nic</folder><source><submittedBy>Jose Saca</submittedBy></source><imagesize><nrows>2736</nrows><ncols>4100</ncols></imagesize><object><name>m1_s06_144_p_nic036</name><deleted>0</deleted><verified>0</verified><occluded>no</occluded><attributes></attributes><parts><hasparts></hasparts><ispartof></ispartof></parts><date>08-09-20 02:07:51:928</date><id>0</id><type>bounding_box</type><polygon><username>anonymous</username><pt><x>270</x><y>2627</y><time>08-09-20 02:07:49:161</time></pt><pt><x>1809</x><y>2627</y><time>08-09-20 02:07:51:009</time></pt><pt><x>1809</x><y>892</y><time>undefined</time></pt><pt><x>270</x><y>892</y><time>undefined</time></pt><closed_date>08-09-20 02:07:51:010</closed_date></polygon></object></annotation>