<annotation><filename>m3_s01_002_p_nic072.jpg</filename><folder>users/joselusava//santiago_3</folder><source><submittedBy>Jose Saca</submittedBy></source><imagesize><nrows>2970</nrows><ncols>4451</ncols></imagesize><object><name>m3_s01_002_p_nic072</name><deleted>0</deleted><verified>0</verified><occluded>no</occluded><attributes></attributes><parts><hasparts></hasparts><ispartof></ispartof></parts><date>29-10-20 21:01:01:783</date><id>0</id><type>bounding_box</type><polygon><username>anonymous</username><pt><x>157</x><y>218</y><time>29-10-20 21:00:52:041</time></pt><pt><x>1917</x><y>218</y><time>29-10-20 21:00:53:156</time></pt><pt><x>1917</x><y>1931</y><time>undefined</time></pt><pt><x>157</x><y>1931</y><time>undefined</time></pt><closed_date>29-10-20 21:00:53:156</closed_date></polygon></object></annotation>