<annotation><filename>m2_s03_201_p_ic006.jpg</filename><folder>users/joselusava//juancarlos</folder><source><submittedBy>Jose Saca</submittedBy></source><imagesize><nrows>2910</nrows><ncols>4361</ncols></imagesize><object><name>m2_s03_201_p_ic006</name><deleted>0</deleted><verified>0</verified><occluded>no</occluded><attributes></attributes><parts><hasparts></hasparts><ispartof></ispartof></parts><date>04-10-20 20:50:45:335</date><id>0</id><polygon><username>anonymous</username><pt><x>1553</x><y>353</y><time>04-10-20 20:50:34:343</time></pt><pt><x>1329</x><y>2152</y><time>04-10-20 20:50:35:478</time></pt><pt><x>3096</x><y>2306</y><time>04-10-20 20:50:36:780</time></pt><pt><x>2896</x><y>539</y><time>04-10-20 20:50:37:652</time></pt><closed_date>04-10-20 20:50:38:476</closed_date></polygon></object></annotation>