<annotation><filename>m3_s01_023_p_nic057.jpg</filename><folder>users/joselusava//santiago_3</folder><source><submittedBy>Jose Saca</submittedBy></source><imagesize><nrows>2970</nrows><ncols>4451</ncols></imagesize><object><name>m3_s01_023_p_nic057</name><deleted>0</deleted><verified>0</verified><occluded>no</occluded><attributes></attributes><parts><hasparts></hasparts><ispartof></ispartof></parts><date>06-11-20 09:40:39:458</date><id>0</id><type>bounding_box</type><polygon><username>anonymous</username><pt><x>93</x><y>278</y><time>06-11-20 09:40:35:625</time></pt><pt><x>3234</x><y>278</y><time>06-11-20 09:40:37:256</time></pt><pt><x>3234</x><y>2627</y><time>undefined</time></pt><pt><x>93</x><y>2627</y><time>undefined</time></pt><closed_date>06-11-20 09:40:37:257</closed_date></polygon></object></annotation>