<annotation><filename>m3_s01_023_p_nic008.jpg</filename><folder>users/joselusava//santiago_3</folder><source><submittedBy>Jose Saca</submittedBy></source><imagesize><nrows>2970</nrows><ncols>4451</ncols></imagesize><object><name>m3_s01_023_p_nic008</name><deleted>0</deleted><verified>0</verified><occluded>no</occluded><attributes></attributes><parts><hasparts></hasparts><ispartof></ispartof></parts><date>06-11-20 08:49:28:733</date><id>0</id><type>bounding_box</type><polygon><username>anonymous</username><pt><x>1260</x><y>125</y><time>06-11-20 08:49:24:491</time></pt><pt><x>3684</x><y>125</y><time>06-11-20 08:49:25:990</time></pt><pt><x>3684</x><y>1824</y><time>undefined</time></pt><pt><x>1260</x><y>1824</y><time>undefined</time></pt><closed_date>06-11-20 08:49:25:991</closed_date></polygon></object></annotation>