<annotation><filename>m4_s11_176_p_ic036.jpg</filename><folder>users/joselusava//m4_js/176/ic</folder><source><submittedBy>Jose Saca</submittedBy></source><imagesize><nrows>2970</nrows><ncols>4451</ncols></imagesize><object><name>m4_s11_176_p_ic036</name><deleted>0</deleted><verified>0</verified><occluded>no</occluded><attributes></attributes><parts><hasparts></hasparts><ispartof></ispartof></parts><date>14-10-20 19:53:04:551</date><id>0</id><type>bounding_box</type><polygon><username>anonymous</username><pt><x>2967</x><y>2301</y><time>14-10-20 19:53:03:136</time></pt><pt><x>1190</x><y>2301</y><time>14-10-20 19:53:03:930</time></pt><pt><x>1190</x><y>453</y><time>undefined</time></pt><pt><x>2967</x><y>453</y><time>undefined</time></pt><closed_date>14-10-20 19:53:03:930</closed_date></polygon></object></annotation>