<annotation><filename>m2_s06_244_p_ic016.jpg</filename><folder>users/joselusava//museos2020</folder><source><submittedBy>Jose Saca</submittedBy></source><imagesize><nrows>2910</nrows><ncols>4361</ncols></imagesize><object><name>m2_s06_244_p_ic016</name><deleted>0</deleted><verified>0</verified><occluded>no</occluded><attributes></attributes><parts><hasparts></hasparts><ispartof></ispartof></parts><date>22-09-20 12:04:23:904</date><id>0</id><type>bounding_box</type><polygon><username>anonymous</username><pt><x>1347</x><y>1104</y><time>22-09-20 12:04:12:080</time></pt><pt><x>3125</x><y>1104</y><time>22-09-20 12:04:17:467</time></pt><pt><x>3125</x><y>1849</y><time>undefined</time></pt><pt><x>1347</x><y>1849</y><time>undefined</time></pt><closed_date>22-09-20 12:04:17:469</closed_date></polygon></object></annotation>