<annotation><filename>m1_s06_141_p_nic007.jpg</filename><folder>users/joselusava//jacob_2/141nic</folder><source><submittedBy>Jose Saca</submittedBy></source><imagesize><nrows>2736</nrows><ncols>4100</ncols></imagesize><object><name>m1_s06_141_p_nic007</name><deleted>0</deleted><verified>0</verified><occluded>no</occluded><attributes></attributes><parts><hasparts></hasparts><ispartof></ispartof></parts><date>05-09-20 00:44:49:451</date><id>0</id><type>bounding_box</type><polygon><username>anonymous</username><pt><x>2185</x><y>1617</y><time>05-09-20 00:44:47:283</time></pt><pt><x>3376</x><y>1617</y><time>05-09-20 00:44:48:581</time></pt><pt><x>3376</x><y>169</y><time>undefined</time></pt><pt><x>2185</x><y>169</y><time>undefined</time></pt><closed_date>05-09-20 00:44:48:581</closed_date></polygon></object></annotation>