<annotation><filename>m1_s01_001_p_ic051.jpg</filename><folder>users/joselusava//juancarlos</folder><source><submittedBy>Jose Saca</submittedBy></source><imagesize><nrows>2000</nrows><ncols>2992</ncols></imagesize><object><name>m1_s01_001_p_ic051</name><deleted>0</deleted><verified>0</verified><occluded>no</occluded><attributes></attributes><parts><hasparts></hasparts><ispartof></ispartof></parts><date>31-08-20 16:49:04:033</date><id>0</id><type>bounding_box</type><polygon><username>anonymous</username><pt><x>973</x><y>633</y><time>31-08-20 16:48:54:174</time></pt><pt><x>1992</x><y>633</y><time>31-08-20 16:48:57:429</time></pt><pt><x>1992</x><y>1447</y><time>undefined</time></pt><pt><x>973</x><y>1447</y><time>undefined</time></pt><closed_date>31-08-20 16:48:57:431</closed_date></polygon></object></annotation>