<annotation><filename>m2_s03_252_p_nic086.jpg</filename><folder>users/joselusava//valeria/m2_sala03_252_nic</folder><source><submittedBy>Jose Saca</submittedBy></source><imagesize><nrows>2910</nrows><ncols>4361</ncols></imagesize><object><name>m2_s06_252_p_nic086</name><deleted>0</deleted><verified>0</verified><occluded>no</occluded><attributes></attributes><parts><hasparts></hasparts><ispartof></ispartof></parts><date>26-09-20 22:39:12:449</date><id>0</id><type>bounding_box</type><polygon><username>anonymous</username><pt><x>391</x><y>1224</y><time>26-09-20 22:39:06:579</time></pt><pt><x>2012</x><y>1224</y><time>26-09-20 22:39:08:679</time></pt><pt><x>2012</x><y>2171</y><time>undefined</time></pt><pt><x>391</x><y>2171</y><time>undefined</time></pt><closed_date>26-09-20 22:39:08:680</closed_date></polygon></object></annotation>