<annotation><filename>m1_s02_052_p_ic021.jpg</filename><folder>users/joselusava//valeria/sala2_052_ic</folder><source><submittedBy>Jose Saca</submittedBy></source><imagesize><nrows>3200</nrows><ncols>4800</ncols></imagesize><object><name>m1_s02_052_p_ic021</name><deleted>0</deleted><verified>0</verified><occluded>no</occluded><attributes></attributes><parts><hasparts></hasparts><ispartof></ispartof></parts><date>25-08-20 16:15:01:197</date><id>0</id><type>bounding_box</type><polygon><username>anonymous</username><pt><x>199</x><y>0</y><time>25-08-20 16:14:54:838</time></pt><pt><x>4247</x><y>0</y><time>25-08-20 16:14:57:453</time></pt><pt><x>4247</x><y>3017</y><time>undefined</time></pt><pt><x>199</x><y>3017</y><time>undefined</time></pt><closed_date>25-08-20 16:14:57:454</closed_date></polygon></object></annotation>