<annotation><filename>m2_s03_252_p_ic017.jpg</filename><folder>users/joselusava//valeria/m2_sala03_252_ic</folder><source><submittedBy>Jose Saca</submittedBy></source><imagesize><nrows>2910</nrows><ncols>4361</ncols></imagesize><object><name>m2_s06_252_p_ic017</name><deleted>0</deleted><verified>0</verified><occluded>no</occluded><attributes></attributes><parts><hasparts></hasparts><ispartof></ispartof></parts><date>25-09-20 20:04:09:818</date><id>0</id><type>bounding_box</type><polygon><username>anonymous</username><pt><x>3004</x><y>805</y><time>25-09-20 20:04:05:018</time></pt><pt><x>1086</x><y>805</y><time>25-09-20 20:04:06:775</time></pt><pt><x>1086</x><y>1934</y><time>undefined</time></pt><pt><x>3004</x><y>1934</y><time>undefined</time></pt><closed_date>25-09-20 20:04:06:776</closed_date></polygon></object></annotation>