<annotation><filename>m4_s02_015_p_ic082.jpg</filename><folder>users/joselusava//m4_js/15ic</folder><source><submittedBy>Jose Saca</submittedBy></source><imagesize><nrows>2910</nrows><ncols>4361</ncols></imagesize><object><name>m4_s02_015_p_ic082</name><deleted>0</deleted><verified>0</verified><occluded>no</occluded><attributes></attributes><parts><hasparts></hasparts><ispartof></ispartof></parts><date>03-10-20 19:41:30:345</date><id>0</id><type>bounding_box</type><polygon><username>anonymous</username><pt><x>1236</x><y>635</y><time>03-10-20 19:41:28:241</time></pt><pt><x>2873</x><y>635</y><time>03-10-20 19:41:29:300</time></pt><pt><x>2873</x><y>2812</y><time>undefined</time></pt><pt><x>1236</x><y>2812</y><time>undefined</time></pt><closed_date>03-10-20 19:41:29:300</closed_date></polygon></object></annotation>