<annotation><filename>m4_s04_047_p_nic015.jpg</filename><folder>users/joselusava//kath/kath_m4_047/nic</folder><source><submittedBy>Jose Saca</submittedBy></source><imagesize><nrows>2970</nrows><ncols>4451</ncols></imagesize><object><name>m4_s04_047_p_nic015</name><deleted>0</deleted><verified>0</verified><occluded>no</occluded><attributes></attributes><parts><hasparts></hasparts><ispartof></ispartof></parts><date>24-10-20 18:03:02:433</date><id>0</id><type>bounding_box</type><polygon><username>anonymous</username><pt><x>2450</x><y>178</y><time>24-10-20 18:02:40:033</time></pt><pt><x>3883</x><y>178</y><time>24-10-20 18:02:59:185</time></pt><pt><x>3883</x><y>2881</y><time>undefined</time></pt><pt><x>2450</x><y>2881</y><time>undefined</time></pt><closed_date>24-10-20 18:02:59:187</closed_date></polygon></object></annotation>