<annotation><filename>m2_s03_201_p_nic071.jpg</filename><folder>users/joselusava//valeria/m2_sala03_201_nic</folder><source><submittedBy>Jose Saca</submittedBy></source><imagesize><nrows>2910</nrows><ncols>4361</ncols></imagesize><object><name>m2_s03_201_p_nic071</name><deleted>0</deleted><verified>0</verified><occluded>no</occluded><attributes></attributes><parts><hasparts></hasparts><ispartof></ispartof></parts><date>29-09-20 23:48:18:380</date><id>0</id><type>bounding_box</type><polygon><username>anonymous</username><pt><x>1791</x><y>2794</y><time>29-09-20 23:48:10:179</time></pt><pt><x>3467</x><y>2794</y><time>29-09-20 23:48:13:722</time></pt><pt><x>3467</x><y>909</y><time>undefined</time></pt><pt><x>1791</x><y>909</y><time>undefined</time></pt><closed_date>29-09-20 23:48:13:723</closed_date></polygon></object></annotation>