<annotation><filename>m2_s07_264_p_nic009.jpg</filename><folder>users/joselusava//valeria/sala7_264_nic</folder><source><submittedBy>Jose Saca</submittedBy></source><imagesize><nrows>2910</nrows><ncols>4361</ncols></imagesize><object><name>m2_s07_264_p_nic009</name><deleted>0</deleted><verified>0</verified><occluded>no</occluded><attributes></attributes><parts><hasparts></hasparts><ispartof></ispartof></parts><date>23-09-20 19:25:34:787</date><id>0</id><type>bounding_box</type><polygon><username>anonymous</username><pt><x>998</x><y>1984</y><time>23-09-20 19:25:29:704</time></pt><pt><x>2276</x><y>1984</y><time>23-09-20 19:25:31:418</time></pt><pt><x>2276</x><y>281</y><time>undefined</time></pt><pt><x>998</x><y>281</y><time>undefined</time></pt><closed_date>23-09-20 19:25:31:419</closed_date></polygon></object></annotation>