<annotation><filename>m4_s04_047_p_nic077.jpg</filename><folder>users/joselusava//kath/kath_m4_047/nic</folder><source><submittedBy>Jose Saca</submittedBy></source><imagesize><nrows>2970</nrows><ncols>4451</ncols></imagesize><object><name>m4_s04_047_p_nic077</name><deleted>0</deleted><verified>0</verified><occluded>no</occluded><attributes></attributes><parts><hasparts></hasparts><ispartof></ispartof></parts><date>24-10-20 19:45:33:820</date><id>0</id><type>bounding_box</type><polygon><username>anonymous</username><pt><x>223</x><y>594</y><time>24-10-20 19:45:28:456</time></pt><pt><x>1151</x><y>594</y><time>24-10-20 19:45:30:269</time></pt><pt><x>1151</x><y>2250</y><time>undefined</time></pt><pt><x>223</x><y>2250</y><time>undefined</time></pt><closed_date>24-10-20 19:45:30:271</closed_date></polygon></object></annotation>