<annotation><filename>m4_s02_021_p_ic068.jpg</filename><folder>users/joselusava//santiago_2</folder><source><submittedBy>Jose Saca</submittedBy></source><imagesize><nrows>3000</nrows><ncols>4496</ncols></imagesize><object><name>m4_s02_021_p_ic068</name><deleted>0</deleted><verified>0</verified><occluded>no</occluded><attributes></attributes><parts><hasparts></hasparts><ispartof></ispartof></parts><date>04-10-20 19:17:25:117</date><id>0</id><type>bounding_box</type><polygon><username>anonymous</username><pt><x>1561</x><y>204</y><time>04-10-20 19:17:18:266</time></pt><pt><x>2721</x><y>204</y><time>04-10-20 19:17:19:963</time></pt><pt><x>2721</x><y>2450</y><time>undefined</time></pt><pt><x>1561</x><y>2450</y><time>undefined</time></pt><closed_date>04-10-20 19:17:19:963</closed_date></polygon></object></annotation>