<annotation><filename>m4_s07_110_x.jpg</filename><folder>users/joselusava//kath/m4_x</folder><source><submittedBy>Jose Saca</submittedBy></source><imagesize><nrows>2970</nrows><ncols>4451</ncols></imagesize><object><name>m4_s08_110_x</name><deleted>0</deleted><verified>0</verified><occluded>no</occluded><attributes></attributes><parts><hasparts></hasparts><ispartof></ispartof></parts><date>21-10-20 11:28:53:488</date><id>0</id><type>bounding_box</type><polygon><username>anonymous</username><pt><x>803</x><y>178</y><time>21-10-20 11:28:45:706</time></pt><pt><x>3552</x><y>178</y><time>21-10-20 11:28:47:936</time></pt><pt><x>3552</x><y>2816</y><time>undefined</time></pt><pt><x>803</x><y>2816</y><time>undefined</time></pt><closed_date>21-10-20 11:28:47:938</closed_date></polygon></object></annotation>