<annotation><filename>m4_s10_154_p_ic065.jpg</filename><folder>users/joselusava//valeria/m04_s10_154_ic</folder><source><submittedBy>Jose Saca</submittedBy></source><imagesize><nrows>2970</nrows><ncols>4451</ncols></imagesize><object><name>m4_s10_154_p_ic065</name><deleted>0</deleted><verified>0</verified><occluded>no</occluded><attributes></attributes><parts><hasparts></hasparts><ispartof></ispartof></parts><date>13-10-20 22:41:05:242</date><id>0</id><type>bounding_box</type><polygon><username>anonymous</username><pt><x>3073</x><y>2770</y><time>13-10-20 22:40:58:972</time></pt><pt><x>1348</x><y>2770</y><time>13-10-20 22:41:01:057</time></pt><pt><x>1348</x><y>103</y><time>undefined</time></pt><pt><x>3073</x><y>103</y><time>undefined</time></pt><closed_date>13-10-20 22:41:01:058</closed_date></polygon></object></annotation>