<annotation><filename>m2_s01_058_p_ic006.jpg</filename><folder>users/joselusava//m2_jsv/58/ic</folder><source><submittedBy>Jose Saca</submittedBy></source><imagesize><nrows>2850</nrows><ncols>4271</ncols></imagesize><object><name>m2_s01_058_p_ic006</name><deleted>0</deleted><verified>0</verified><occluded>no</occluded><attributes></attributes><parts><hasparts></hasparts><ispartof></ispartof></parts><date>29-09-20 13:00:24:269</date><id>0</id><type>bounding_box</type><polygon><username>anonymous</username><pt><x>68</x><y>161</y><time>29-09-20 13:00:22:205</time></pt><pt><x>4263</x><y>161</y><time>29-09-20 13:00:23:454</time></pt><pt><x>4263</x><y>2760</y><time>undefined</time></pt><pt><x>68</x><y>2760</y><time>undefined</time></pt><closed_date>29-09-20 13:00:23:454</closed_date></polygon></object></annotation>