<annotation><filename>m4_s12_186_p_nic074.jpg</filename><folder>users/joselusava//m4_js/186/nic</folder><source><submittedBy>Jose Saca</submittedBy></source><imagesize><nrows>3899</nrows><ncols>5844</ncols></imagesize><object><name>m4_s12_186_p_nic073</name><deleted>0</deleted><verified>0</verified><occluded>no</occluded><attributes></attributes><parts><hasparts></hasparts><ispartof></ispartof></parts><date>18-10-20 12:14:01:456</date><id>0</id><type>bounding_box</type><polygon><username>anonymous</username><pt><x>3441</x><y>3674</y><time>18-10-20 12:13:59:003</time></pt><pt><x>5832</x><y>3674</y><time>18-10-20 12:14:00:412</time></pt><pt><x>5832</x><y>233</y><time>undefined</time></pt><pt><x>3441</x><y>233</y><time>undefined</time></pt><closed_date>18-10-20 12:14:00:412</closed_date></polygon></object></annotation>