<annotation><filename>m1_s01_017_p_ic013.jpg</filename><folder>users/joselusava//santiago</folder><source><submittedBy>Jose Saca</submittedBy></source><imagesize><nrows>3200</nrows><ncols>4800</ncols></imagesize><object><name>m1_s01_017_p_ic013</name><deleted>0</deleted><verified>0</verified><occluded>no</occluded><attributes></attributes><parts><hasparts></hasparts><ispartof></ispartof></parts><date>10-09-20 14:02:14:912</date><id>0</id><type>bounding_box</type><polygon><username>anonymous</username><pt><x>1737</x><y>1272</y><time>10-09-20 14:02:06:961</time></pt><pt><x>3040</x><y>1272</y><time>10-09-20 14:02:09:071</time></pt><pt><x>3040</x><y>2137</y><time>undefined</time></pt><pt><x>1737</x><y>2137</y><time>undefined</time></pt><closed_date>10-09-20 14:02:09:073</closed_date></polygon></object></annotation>