<annotation><filename>m2_s01_001_p_nic070.jpg</filename><folder>users/joselusava//santiago</folder><source><submittedBy>Jose Saca</submittedBy></source><imagesize><nrows>2850</nrows><ncols>4271</ncols></imagesize><object><name>m2_s01_001_p_nic070</name><deleted>0</deleted><verified>0</verified><occluded>no</occluded><attributes></attributes><parts><hasparts></hasparts><ispartof></ispartof></parts><date>19-09-20 23:16:35:655</date><id>0</id><type>bounding_box</type><polygon><username>anonymous</username><pt><x>1465</x><y>240</y><time>19-09-20 23:16:28:385</time></pt><pt><x>2696</x><y>240</y><time>19-09-20 23:16:29:493</time></pt><pt><x>2696</x><y>1462</y><time>undefined</time></pt><pt><x>1465</x><y>1462</y><time>undefined</time></pt><closed_date>19-09-20 23:16:29:494</closed_date></polygon></object></annotation>