<annotation><filename>m4_s11_178_p_ic003.jpg</filename><folder>users/joselusava//santiago_2</folder><source><submittedBy>Jose Saca</submittedBy></source><imagesize><nrows>2970</nrows><ncols>4451</ncols></imagesize><object><name>m4_s11_178_p_ic003</name><deleted>0</deleted><verified>0</verified><occluded>no</occluded><attributes></attributes><parts><hasparts></hasparts><ispartof></ispartof></parts><date>15-10-20 20:37:33:903</date><id>0</id><type>bounding_box</type><polygon><username>anonymous</username><pt><x>1564</x><y>725</y><time>15-10-20 20:37:30:360</time></pt><pt><x>2659</x><y>725</y><time>15-10-20 20:37:31:701</time></pt><pt><x>2659</x><y>2078</y><time>undefined</time></pt><pt><x>1564</x><y>2078</y><time>undefined</time></pt><closed_date>15-10-20 20:37:31:701</closed_date></polygon></object></annotation>