<annotation><filename>m4_s04_037_p_nic081.jpg</filename><folder>users/joselusava//santiago_2</folder><source><submittedBy>Jose Saca</submittedBy></source><imagesize><nrows>2970</nrows><ncols>4451</ncols></imagesize><object><name>m4_s04_037_p_nic081</name><deleted>0</deleted><verified>0</verified><occluded>no</occluded><attributes></attributes><parts><hasparts></hasparts><ispartof></ispartof></parts><date>19-10-20 22:48:01:834</date><id>0</id><type>bounding_box</type><polygon><username>anonymous</username><pt><x>2281</x><y>1631</y><time>19-10-20 22:47:59:237</time></pt><pt><x>3066</x><y>1631</y><time>19-10-20 22:47:59:856</time></pt><pt><x>3066</x><y>2813</y><time>undefined</time></pt><pt><x>2281</x><y>2813</y><time>undefined</time></pt><closed_date>19-10-20 22:47:59:857</closed_date></polygon></object></annotation>