<annotation><filename>m3_s01_002_p_ic042.jpg</filename><folder>users/joselusava//santiago_3</folder><source><submittedBy>Jose Saca</submittedBy></source><imagesize><nrows>2970</nrows><ncols>4451</ncols></imagesize><object><name>m3_s01_002_p_ic042</name><deleted>0</deleted><verified>0</verified><occluded>no</occluded><attributes></attributes><parts><hasparts></hasparts><ispartof></ispartof></parts><date>28-10-20 19:00:12:280</date><id>0</id><type>bounding_box</type><polygon><username>anonymous</username><pt><x>682</x><y>293</y><time>28-10-20 19:00:08:974</time></pt><pt><x>3580</x><y>293</y><time>28-10-20 19:00:10:286</time></pt><pt><x>3580</x><y>2274</y><time>undefined</time></pt><pt><x>682</x><y>2274</y><time>undefined</time></pt><closed_date>28-10-20 19:00:10:287</closed_date></polygon></object></annotation>