<annotation><filename>m4_s04_039_p_nic059.jpg</filename><folder>users/joselusava//santiago_2</folder><source><submittedBy>Jose Saca</submittedBy></source><imagesize><nrows>2970</nrows><ncols>4451</ncols></imagesize><object><name>m4_s04_039_p_nic059</name><deleted>0</deleted><verified>0</verified><occluded>no</occluded><attributes></attributes><parts><hasparts></hasparts><ispartof></ispartof></parts><date>21-10-20 21:46:55:469</date><id>0</id><type>bounding_box</type><polygon><username>anonymous</username><pt><x>439</x><y>139</y><time>21-10-20 21:46:51:005</time></pt><pt><x>1271</x><y>139</y><time>21-10-20 21:46:53:353</time></pt><pt><x>1271</x><y>2292</y><time>undefined</time></pt><pt><x>439</x><y>2292</y><time>undefined</time></pt><closed_date>21-10-20 21:46:53:355</closed_date></polygon></object></annotation>