<annotation><filename>m2_s06_244_p_nic007.jpg</filename><folder>users/joselusava//museos2020</folder><source><submittedBy>Jose Saca</submittedBy></source><imagesize><nrows>2910</nrows><ncols>4361</ncols></imagesize><object><name>m2_s06_244_p_nic007</name><deleted>0</deleted><verified>0</verified><occluded>no</occluded><attributes></attributes><parts><hasparts></hasparts><ispartof></ispartof></parts><date>24-09-20 19:50:55:716</date><id>0</id><type>bounding_box</type><polygon><username>anonymous</username><pt><x>1938</x><y>651</y><time>24-09-20 19:50:48:670</time></pt><pt><x>3696</x><y>651</y><time>24-09-20 19:50:50:011</time></pt><pt><x>3696</x><y>1413</y><time>undefined</time></pt><pt><x>1938</x><y>1413</y><time>undefined</time></pt><closed_date>24-09-20 19:50:50:012</closed_date></polygon></object></annotation>