<annotation><filename>m4_s11_178_p_nic012.jpg</filename><folder>users/joselusava//santiago_2</folder><source><submittedBy>Jose Saca</submittedBy></source><imagesize><nrows>2970</nrows><ncols>4451</ncols></imagesize><object><name>m4_s11_178_p_nic012</name><deleted>0</deleted><verified>0</verified><occluded>no</occluded><attributes></attributes><parts><hasparts></hasparts><ispartof></ispartof></parts><date>15-10-20 23:03:39:457</date><id>0</id><type>bounding_box</type><polygon><username>anonymous</username><pt><x>1585</x><y>193</y><time>15-10-20 23:03:36:149</time></pt><pt><x>2899</x><y>193</y><time>15-10-20 23:03:37:695</time></pt><pt><x>2899</x><y>1489</y><time>undefined</time></pt><pt><x>1585</x><y>1489</y><time>undefined</time></pt><closed_date>15-10-20 23:03:37:697</closed_date></polygon></object></annotation>