<annotation><filename>m2_s01_001_p_ic038.jpg</filename><folder>users/joselusava//santiago</folder><source><submittedBy>Jose Saca</submittedBy></source><imagesize><nrows>2850</nrows><ncols>4271</ncols></imagesize><object><name>m2_s01_001_p_ic038</name><deleted>0</deleted><verified>0</verified><occluded>no</occluded><attributes></attributes><parts><hasparts></hasparts><ispartof></ispartof></parts><date>19-09-20 08:28:47:676</date><id>0</id><type>bounding_box</type><polygon><username>anonymous</username><pt><x>843</x><y>141</y><time>19-09-20 08:28:38:149</time></pt><pt><x>2872</x><y>141</y><time>19-09-20 08:28:40:670</time></pt><pt><x>2872</x><y>2789</y><time>undefined</time></pt><pt><x>843</x><y>2789</y><time>undefined</time></pt><closed_date>19-09-20 08:28:40:671</closed_date></polygon></object></annotation>