<annotation><filename>m4_s09_138_p_ic061.jpg</filename><folder>users/joselusava//santiago_2</folder><source><submittedBy>Jose Saca</submittedBy></source><imagesize><nrows>2970</nrows><ncols>4451</ncols></imagesize><object><name>m4_s09_138_p_ic061</name><deleted>0</deleted><verified>0</verified><occluded>no</occluded><attributes></attributes><parts><hasparts></hasparts><ispartof></ispartof></parts><date>22-10-20 20:38:14:832</date><id>0</id><type>bounding_box</type><polygon><username>anonymous</username><pt><x>343</x><y>568</y><time>22-10-20 20:38:11:131</time></pt><pt><x>4205</x><y>568</y><time>22-10-20 20:38:12:378</time></pt><pt><x>4205</x><y>2559</y><time>undefined</time></pt><pt><x>343</x><y>2559</y><time>undefined</time></pt><closed_date>22-10-20 20:38:12:380</closed_date></polygon></object></annotation>