<annotation><filename>m4_s04_039_p_nic072.jpg</filename><folder>users/joselusava//santiago_2</folder><source><submittedBy>Jose Saca</submittedBy></source><imagesize><nrows>2970</nrows><ncols>4451</ncols></imagesize><object><name>m4_s04_039_p_nic072</name><deleted>0</deleted><verified>0</verified><occluded>no</occluded><attributes></attributes><parts><hasparts></hasparts><ispartof></ispartof></parts><date>21-10-20 21:57:21:435</date><id>0</id><type>bounding_box</type><polygon><username>anonymous</username><pt><x>468</x><y>264</y><time>21-10-20 21:57:14:898</time></pt><pt><x>1235</x><y>264</y><time>21-10-20 21:57:17:343</time></pt><pt><x>1235</x><y>2856</y><time>undefined</time></pt><pt><x>468</x><y>2856</y><time>undefined</time></pt><closed_date>21-10-20 21:57:17:345</closed_date></polygon></object></annotation>