<annotation><filename>m4_s04_047_p_ic086.jpg</filename><folder>users/joselusava//kath/kath_m4_047</folder><source><submittedBy>Jose Saca</submittedBy></source><imagesize><nrows>2970</nrows><ncols>4451</ncols></imagesize><object><name>m4_s04_047_p_ic086</name><deleted>0</deleted><verified>0</verified><occluded>no</occluded><attributes></attributes><parts><hasparts></hasparts><ispartof></ispartof></parts><date>24-10-20 16:54:09:721</date><id>0</id><type>bounding_box</type><polygon><username>anonymous</username><pt><x>1559</x><y>267</y><time>24-10-20 16:54:05:219</time></pt><pt><x>2740</x><y>267</y><time>24-10-20 16:54:07:422</time></pt><pt><x>2740</x><y>2792</y><time>undefined</time></pt><pt><x>1559</x><y>2792</y><time>undefined</time></pt><closed_date>24-10-20 16:54:07:424</closed_date></polygon></object></annotation>