<annotation><filename>m1_s02_036_p_nic097.jpg</filename><folder>users/joselusava//valeria/sala2_036_nic</folder><source><submittedBy>Jose Saca</submittedBy></source><imagesize><nrows>3200</nrows><ncols>4800</ncols></imagesize><object><name>m1_s02_036_p_nic097</name><deleted>0</deleted><verified>0</verified><occluded>no</occluded><attributes></attributes><parts><hasparts></hasparts><ispartof></ispartof></parts><date>27-08-20 13:14:26:416</date><id>0</id><type>bounding_box</type><polygon><username>anonymous</username><pt><x>1568</x><y>2072</y><time>27-08-20 13:14:20:907</time></pt><pt><x>242</x><y>2072</y><time>27-08-20 13:14:23:196</time></pt><pt><x>242</x><y>1031</y><time>undefined</time></pt><pt><x>1568</x><y>1031</y><time>undefined</time></pt><closed_date>27-08-20 13:14:23:197</closed_date></polygon></object></annotation>