<annotation><filename>m4_s11_178_p_ic097.jpg</filename><folder>users/joselusava//santiago_2</folder><source><submittedBy>Jose Saca</submittedBy></source><imagesize><nrows>2970</nrows><ncols>4451</ncols></imagesize><object><name>m4_s11_178_p_ic097</name><deleted>0</deleted><verified>0</verified><occluded>no</occluded><attributes></attributes><parts><hasparts></hasparts><ispartof></ispartof></parts><date>15-10-20 22:33:16:756</date><id>0</id><type>bounding_box</type><polygon><username>anonymous</username><pt><x>1489</x><y>789</y><time>15-10-20 22:33:11:263</time></pt><pt><x>3198</x><y>789</y><time>15-10-20 22:33:14:481</time></pt><pt><x>3198</x><y>2531</y><time>undefined</time></pt><pt><x>1489</x><y>2531</y><time>undefined</time></pt><closed_date>15-10-20 22:33:14:483</closed_date></polygon></object></annotation>