<annotation><filename>m4_s03_025_p_nic031.jpg</filename><folder>users/joselusava//santiago_3</folder><source><submittedBy>Jose Saca</submittedBy></source><imagesize><nrows>2910</nrows><ncols>4361</ncols></imagesize><object><name>m4_s03_025_p_nic031</name><deleted>0</deleted><verified>0</verified><occluded>no</occluded><attributes></attributes><parts><hasparts></hasparts><ispartof></ispartof></parts><date>07-11-20 23:45:12:953</date><id>0</id><type>bounding_box</type><polygon><username>anonymous</username><pt><x>1403</x><y>1500</y><time>07-11-20 23:45:09:513</time></pt><pt><x>3641</x><y>1500</y><time>07-11-20 23:45:10:727</time></pt><pt><x>3641</x><y>2767</y><time>undefined</time></pt><pt><x>1403</x><y>2767</y><time>undefined</time></pt><closed_date>07-11-20 23:45:10:728</closed_date></polygon></object></annotation>