<annotation><filename>m2_s02_129_p_nic082.jpg</filename><folder>users/joselusava//m2_jsv/129/nic</folder><source><submittedBy>Jose Saca</submittedBy></source><imagesize><nrows>2910</nrows><ncols>4361</ncols></imagesize><object><name>m2_s02_129_p_nic082</name><deleted>0</deleted><verified>0</verified><occluded>no</occluded><attributes></attributes><parts><hasparts></hasparts><ispartof></ispartof></parts><date>25-09-20 08:24:10:344</date><id>0</id><type>bounding_box</type><polygon><username>anonymous</username><pt><x>2350</x><y>1314</y><time>25-09-20 08:24:08:249</time></pt><pt><x>1097</x><y>1314</y><time>25-09-20 08:24:09:332</time></pt><pt><x>1097</x><y>261</y><time>undefined</time></pt><pt><x>2350</x><y>261</y><time>undefined</time></pt><closed_date>25-09-20 08:24:09:332</closed_date></polygon></object></annotation>