<annotation><filename>m4_s10_154_p_nic048.jpg</filename><folder>users/joselusava//valeria/m04_s10_154_nic</folder><source><submittedBy>Jose Saca</submittedBy></source><imagesize><nrows>2970</nrows><ncols>4451</ncols></imagesize><object><name>m4_s10_154_p_nic048</name><deleted>0</deleted><verified>0</verified><occluded>no</occluded><attributes></attributes><parts><hasparts></hasparts><ispartof></ispartof></parts><date>14-10-20 13:06:42:604</date><id>0</id><type>bounding_box</type><polygon><username>anonymous</username><pt><x>434</x><y>2787</y><time>14-10-20 13:06:37:779</time></pt><pt><x>1599</x><y>2787</y><time>14-10-20 13:06:39:382</time></pt><pt><x>1599</x><y>954</y><time>undefined</time></pt><pt><x>434</x><y>954</y><time>undefined</time></pt><closed_date>14-10-20 13:06:39:383</closed_date></polygon></object></annotation>