<annotation><filename>m4_s06_086_x.jpg</filename><folder>users/joselusava//kath/m4_x</folder><source><submittedBy>Jose Saca</submittedBy></source><imagesize><nrows>2970</nrows><ncols>4451</ncols></imagesize><object><name>m4_s06_086_x</name><deleted>0</deleted><verified>0</verified><occluded>no</occluded><attributes></attributes><parts><hasparts></hasparts><ispartof></ispartof></parts><date>20-10-20 09:49:52:857</date><id>0</id><polygon><username>anonymous</username><pt><x>985</x><y>610</y><time>20-10-20 09:49:45:111</time></pt><pt><x>682</x><y>2350</y><time>20-10-20 09:49:46:385</time></pt><pt><x>3696</x><y>2240</y><time>20-10-20 09:49:47:692</time></pt><pt><x>3398</x><y>572</y><time>20-10-20 09:49:48:873</time></pt><closed_date>20-10-20 09:49:50:514</closed_date></polygon></object></annotation>