<annotation><filename>m1_s01_005_p_nic024.jpg</filename><folder>users/joselusava//museos2020</folder><source><submittedBy>Jose Saca</submittedBy></source><imagesize><nrows>2000</nrows><ncols>2992</ncols></imagesize><object><name>m1_s01_005_p_nic024</name><deleted>0</deleted><verified>0</verified><occluded>no</occluded><attributes></attributes><parts><hasparts></hasparts><ispartof></ispartof></parts><date>14-09-20 10:38:05:321</date><id>0</id><type>bounding_box</type><polygon><username>anonymous</username><pt><x>1335</x><y>256</y><time>14-09-20 10:37:53:905</time></pt><pt><x>1767</x><y>256</y><time>14-09-20 10:37:59:303</time></pt><pt><x>1767</x><y>674</y><time>undefined</time></pt><pt><x>1335</x><y>674</y><time>undefined</time></pt><closed_date>14-09-20 10:37:59:305</closed_date></polygon></object></annotation>