<annotation><filename>m4_s12_185_p_nic052.jpg</filename><folder>users/joselusava//valeria/m04_s12_185_nic</folder><source><submittedBy>Jose Saca</submittedBy></source><imagesize><nrows>2910</nrows><ncols>4361</ncols></imagesize><object><name>m4_s12_185_p_nic052</name><deleted>0</deleted><verified>0</verified><occluded>no</occluded><attributes></attributes><parts><hasparts></hasparts><ispartof></ispartof></parts><date>17-10-20 23:20:28:590</date><id>0</id><type>bounding_box</type><polygon><username>anonymous</username><pt><x>2244</x><y>2350</y><time>17-10-20 23:20:21:469</time></pt><pt><x>4158</x><y>2350</y><time>17-10-20 23:20:24:849</time></pt><pt><x>4158</x><y>392</y><time>undefined</time></pt><pt><x>2244</x><y>392</y><time>undefined</time></pt><closed_date>17-10-20 23:20:24:850</closed_date></polygon></object></annotation>