<annotation><filename>m2_s03_248_p_nic020.jpg</filename><folder>users/joselusava//museos2020</folder><source><submittedBy>Jose Saca</submittedBy></source><imagesize><nrows>2910</nrows><ncols>4361</ncols></imagesize><object><name>m2_s03_248_p_nic020</name><deleted>0</deleted><verified>0</verified><occluded>no</occluded><attributes></attributes><parts><hasparts></hasparts><ispartof></ispartof></parts><date>27-09-20 10:05:20:056</date><id>0</id><polygon><username>anonymous</username><pt><x>177</x><y>1343</y><time>27-09-20 10:05:08:143</time></pt><pt><x>2022</x><y>1325</y><time>27-09-20 10:05:09:966</time></pt><pt><x>2231</x><y>1548</y><time>27-09-20 10:05:11:333</time></pt><pt><x>874</x><y>2162</y><time>27-09-20 10:05:12:691</time></pt><closed_date>27-09-20 10:05:13:579</closed_date></polygon></object></annotation>