<annotation><filename>m1_s01_004_p_nic013.jpg</filename><folder>users/joselusava//valeria_apoyo/sala01_004_nic</folder><source><submittedBy>Jose Saca</submittedBy></source><imagesize><nrows>3200</nrows><ncols>4800</ncols></imagesize><object><name>m1_s01_004_p_nic013</name><deleted>0</deleted><verified>0</verified><occluded>no</occluded><attributes></attributes><parts><hasparts></hasparts><ispartof></ispartof></parts><date>16-09-20 17:57:12:729</date><id>0</id><type>bounding_box</type><polygon><username>anonymous</username><pt><x>4782</x><y>2970</y><time>16-09-20 17:57:05:958</time></pt><pt><x>1764</x><y>2970</y><time>16-09-20 17:57:08:982</time></pt><pt><x>1764</x><y>2018</y><time>undefined</time></pt><pt><x>4782</x><y>2018</y><time>undefined</time></pt><closed_date>16-09-20 17:57:08:983</closed_date></polygon></object></annotation>