<annotation><filename>m2_s02_190_p_nic100.jpg</filename><folder>users/joselusava//m2_jsv/190/nic</folder><source><submittedBy>Jose Saca</submittedBy></source><imagesize><nrows>2910</nrows><ncols>4361</ncols></imagesize><object><name>m2_s02_190_p_nic099</name><deleted>0</deleted><verified>0</verified><occluded>no</occluded><attributes></attributes><parts><hasparts></hasparts><ispartof></ispartof></parts><date>21-09-20 16:17:37:431</date><id>0</id><type>bounding_box</type><polygon><username>anonymous</username><pt><x>4230</x><y>2707</y><time>21-09-20 16:17:35:550</time></pt><pt><x>3055</x><y>2707</y><time>21-09-20 16:17:36:865</time></pt><pt><x>3055</x><y>1105</y><time>undefined</time></pt><pt><x>4230</x><y>1105</y><time>undefined</time></pt><closed_date>21-09-20 16:17:36:866</closed_date></polygon></object></annotation>