<annotation><filename>m2_s03_201_p_ic089.jpg</filename><folder>users/joselusava//eg</folder><source><submittedBy>Jose Saca</submittedBy></source><imagesize><nrows>2910</nrows><ncols>4361</ncols></imagesize><object><name>m2_s03_201_p_ic089</name><deleted>0</deleted><verified>0</verified><occluded>no</occluded><attributes></attributes><parts><hasparts></hasparts><ispartof></ispartof></parts><date>17-09-20 08:05:16:243</date><id>0</id><type>bounding_box</type><polygon><username>anonymous</username><pt><x>1218</x><y>244</y><time>17-09-20 08:04:58:802</time></pt><pt><x>3254</x><y>244</y><time>17-09-20 08:05:00:910</time></pt><pt><x>3254</x><y>2322</y><time>undefined</time></pt><pt><x>1218</x><y>2322</y><time>undefined</time></pt><closed_date>17-09-20 08:05:00:911</closed_date></polygon></object></annotation>