<annotation><filename>m2_s06_250_p_nic093.jpg</filename><folder>users/joselusava//m2_jsv/250</folder><source><submittedBy>Jose Saca</submittedBy></source><imagesize><nrows>2910</nrows><ncols>4361</ncols></imagesize><object><name>m2_s06_250_p_nic093</name><deleted>0</deleted><verified>0</verified><occluded>no</occluded><attributes></attributes><parts><hasparts></hasparts><ispartof></ispartof></parts><date>30-09-20 12:02:47:579</date><id>0</id><type>bounding_box</type><polygon><username>anonymous</username><pt><x>2176</x><y>714</y><time>30-09-20 12:02:45:917</time></pt><pt><x>17</x><y>714</y><time>30-09-20 12:02:46:945</time></pt><pt><x>17</x><y>2141</y><time>undefined</time></pt><pt><x>2176</x><y>2141</y><time>undefined</time></pt><closed_date>30-09-20 12:02:46:945</closed_date></polygon></object></annotation>