<annotation><filename>m4_s05_055_p_ic051.jpg</filename><folder>users/joselusava//valeria/m4_s05_055_ic</folder><source><submittedBy>Jose Saca</submittedBy></source><imagesize><nrows>2910</nrows><ncols>4361</ncols></imagesize><object><name>m4_s05_055_p_ic051</name><deleted>0</deleted><verified>0</verified><occluded>no</occluded><attributes></attributes><parts><hasparts></hasparts><ispartof></ispartof></parts><date>08-10-20 22:31:17:915</date><id>0</id><type>bounding_box</type><polygon><username>anonymous</username><pt><x>1427</x><y>435</y><time>08-10-20 22:31:12:049</time></pt><pt><x>3213</x><y>435</y><time>08-10-20 22:31:14:672</time></pt><pt><x>3213</x><y>2425</y><time>undefined</time></pt><pt><x>1427</x><y>2425</y><time>undefined</time></pt><closed_date>08-10-20 22:31:14:672</closed_date></polygon></object></annotation>