<annotation><filename>m2_s03_248_p_ic085.jpg</filename><folder>users/joselusava//museos2020</folder><source><submittedBy>Jose Saca</submittedBy></source><imagesize><nrows>2910</nrows><ncols>4361</ncols></imagesize><object><name>m2_s03_248_p_ic085</name><deleted>0</deleted><verified>0</verified><occluded>no</occluded><attributes></attributes><parts><hasparts></hasparts><ispartof></ispartof></parts><date>27-09-20 09:15:20:861</date><id>0</id><polygon><username>anonymous</username><pt><x>23</x><y>465</y><time>27-09-20 09:15:07:045</time></pt><pt><x>3761</x><y>102</y><time>27-09-20 09:15:08:032</time></pt><pt><x>2910</x><y>2757</y><time>27-09-20 09:15:08:809</time></pt><pt><x>28</x><y>1901</y><time>27-09-20 09:15:10:090</time></pt><closed_date>27-09-20 09:15:11:201</closed_date></polygon></object></annotation>