<annotation><filename>m4_s04_039_p_nic074.jpg</filename><folder>users/joselusava//santiago_2</folder><source><submittedBy>Jose Saca</submittedBy></source><imagesize><nrows>2970</nrows><ncols>4451</ncols></imagesize><object><name>m4_s04_039_p_nic074</name><deleted>0</deleted><verified>0</verified><occluded>no</occluded><attributes></attributes><parts><hasparts></hasparts><ispartof></ispartof></parts><date>21-10-20 21:59:44:387</date><id>0</id><type>bounding_box</type><polygon><username>anonymous</username><pt><x>582</x><y>175</y><time>21-10-20 21:59:40:585</time></pt><pt><x>1328</x><y>175</y><time>21-10-20 21:59:42:513</time></pt><pt><x>1328</x><y>2792</y><time>undefined</time></pt><pt><x>582</x><y>2792</y><time>undefined</time></pt><closed_date>21-10-20 21:59:42:514</closed_date></polygon></object></annotation>