<annotation><filename>m2_s03_201_p_ic053.jpg</filename><folder>users/joselusava//eg</folder><source><submittedBy>Jose Saca</submittedBy></source><imagesize><nrows>2910</nrows><ncols>4361</ncols></imagesize><object><name>m2_s03_201_p_ic053</name><deleted>0</deleted><verified>0</verified><occluded>no</occluded><attributes></attributes><parts><hasparts></hasparts><ispartof></ispartof></parts><date>17-09-20 07:21:21:521</date><id>0</id><type>bounding_box</type><polygon><username>anonymous</username><pt><x>939</x><y>251</y><time>17-09-20 07:21:08:043</time></pt><pt><x>3139</x><y>251</y><time>17-09-20 07:21:09:257</time></pt><pt><x>3139</x><y>2595</y><time>undefined</time></pt><pt><x>939</x><y>2595</y><time>undefined</time></pt><closed_date>17-09-20 07:21:09:257</closed_date></polygon></object></annotation>