<annotation><filename>m4_s05_060_p_nic008.jpg</filename><folder>users/joselusava//m4_js/60/nic</folder><source><submittedBy>Jose Saca</submittedBy></source><imagesize><nrows>2910</nrows><ncols>4361</ncols></imagesize><object><name>m4_s05_060_p_nic008</name><deleted>0</deleted><verified>0</verified><occluded>no</occluded><attributes></attributes><parts><hasparts></hasparts><ispartof></ispartof></parts><date>13-10-20 21:01:47:506</date><id>0</id><type>bounding_box</type><polygon><username>anonymous</username><pt><x>4309</x><y>1828</y><time>13-10-20 21:01:43:362</time></pt><pt><x>1027</x><y>1828</y><time>13-10-20 21:01:46:554</time></pt><pt><x>1027</x><y>9</y><time>undefined</time></pt><pt><x>4309</x><y>9</y><time>undefined</time></pt><closed_date>13-10-20 21:01:46:554</closed_date></polygon></object></annotation>