<annotation><filename>m4_s09_138_p_ic010.jpg</filename><folder>users/joselusava//santiago_2</folder><source><submittedBy>Jose Saca</submittedBy></source><imagesize><nrows>2970</nrows><ncols>4451</ncols></imagesize><object><name>m4_s09_138_p_ic010</name><deleted>0</deleted><verified>0</verified><occluded>no</occluded><attributes></attributes><parts><hasparts></hasparts><ispartof></ispartof></parts><date>22-10-20 13:50:20:109</date><id>0</id><type>bounding_box</type><polygon><username>anonymous</username><pt><x>1039</x><y>582</y><time>22-10-20 13:50:15:648</time></pt><pt><x>3645</x><y>582</y><time>22-10-20 13:50:17:126</time></pt><pt><x>3645</x><y>2345</y><time>undefined</time></pt><pt><x>1039</x><y>2345</y><time>undefined</time></pt><closed_date>22-10-20 13:50:17:127</closed_date></polygon></object></annotation>