<annotation><filename>m2_s01_018_p_ic029.jpg</filename><folder>users/joselusava//santiago_2</folder><source><submittedBy>Jose Saca</submittedBy></source><imagesize><nrows>2850</nrows><ncols>4271</ncols></imagesize><object><name>m2_s01_018_p_ic029</name><deleted>0</deleted><verified>0</verified><occluded>no</occluded><attributes></attributes><parts><hasparts></hasparts><ispartof></ispartof></parts><date>28-09-20 16:11:56:926</date><id>0</id><type>bounding_box</type><polygon><username>anonymous</username><pt><x>1449</x><y>955</y><time>28-09-20 16:11:46:367</time></pt><pt><x>2789</x><y>955</y><time>28-09-20 16:11:47:840</time></pt><pt><x>2789</x><y>2533</y><time>undefined</time></pt><pt><x>1449</x><y>2533</y><time>undefined</time></pt><closed_date>28-09-20 16:11:47:840</closed_date></polygon></object></annotation>