<annotation><filename>m4_s03_025_p_nic019.jpg</filename><folder>users/joselusava//santiago_3</folder><source><submittedBy>Jose Saca</submittedBy></source><imagesize><nrows>2910</nrows><ncols>4361</ncols></imagesize><object><name>m4_s03_025_p_nic019</name><deleted>0</deleted><verified>0</verified><occluded>no</occluded><attributes></attributes><parts><hasparts></hasparts><ispartof></ispartof></parts><date>07-11-20 23:19:34:329</date><id>0</id><type>bounding_box</type><polygon><username>anonymous</username><pt><x>241</x><y>752</y><time>07-11-20 23:19:29:745</time></pt><pt><x>2487</x><y>752</y><time>07-11-20 23:19:31:230</time></pt><pt><x>2487</x><y>2039</y><time>undefined</time></pt><pt><x>241</x><y>2039</y><time>undefined</time></pt><closed_date>07-11-20 23:19:31:231</closed_date></polygon></object></annotation>