<annotation><filename>m2_s02_083_x.jpg</filename><folder>users/joselusava//m2_jsv</folder><source><submittedBy>Jose Saca</submittedBy></source><imagesize><nrows>2910</nrows><ncols>4361</ncols></imagesize><object><name>m2_s02_083_x</name><deleted>0</deleted><verified>0</verified><occluded>no</occluded><attributes></attributes><parts><hasparts></hasparts><ispartof></ispartof></parts><date>16-09-20 13:24:48:717</date><id>0</id><type>bounding_box</type><polygon><username>anonymous</username><pt><x>3847</x><y>2463</y><time>16-09-20 13:24:44:901</time></pt><pt><x>522</x><y>2463</y><time>16-09-20 13:24:47:263</time></pt><pt><x>522</x><y>374</y><time>undefined</time></pt><pt><x>3847</x><y>374</y><time>undefined</time></pt><closed_date>16-09-20 13:24:47:263</closed_date></polygon></object></annotation>