<annotation><filename>m1_s02_031_x.jpg</filename><folder>users/joselusava//valeria/sala2</folder><source><submittedBy>Jose Saca</submittedBy></source><imagesize><nrows>3200</nrows><ncols>4800</ncols></imagesize><object><name>m1_s02_031_x</name><deleted>0</deleted><verified>0</verified><occluded>no</occluded><attributes></attributes><parts><hasparts></hasparts><ispartof></ispartof></parts><date>28-08-20 11:14:36:051</date><id>0</id><type>bounding_box</type><polygon><username>anonymous</username><pt><x>4762</x><y>2379</y><time>28-08-20 11:14:27:894</time></pt><pt><x>43</x><y>2379</y><time>28-08-20 11:14:31:698</time></pt><pt><x>43</x><y>1074</y><time>undefined</time></pt><pt><x>4762</x><y>1074</y><time>undefined</time></pt><closed_date>28-08-20 11:14:31:699</closed_date></polygon></object></annotation>