<annotation><filename>m4_s04_045_p_ic099.jpg</filename><folder>users/joselusava//valeria/m04_s04_45_ic</folder><source><submittedBy>Jose Saca</submittedBy></source><imagesize><nrows>2970</nrows><ncols>4451</ncols></imagesize><object><name>m4_s04_045_p_ic099</name><deleted>0</deleted><verified>0</verified><occluded>no</occluded><attributes></attributes><parts><hasparts></hasparts><ispartof></ispartof></parts><date>19-10-20 23:56:44:351</date><id>0</id><type>bounding_box</type><polygon><username>anonymous</username><pt><x>1673</x><y>2662</y><time>19-10-20 23:56:39:244</time></pt><pt><x>2662</x><y>2662</y><time>19-10-20 23:56:41:111</time></pt><pt><x>2662</x><y>508</y><time>undefined</time></pt><pt><x>1673</x><y>508</y><time>undefined</time></pt><closed_date>19-10-20 23:56:41:112</closed_date></polygon></object></annotation>