<annotation><filename>m1_s01_004_p_nic044.jpg</filename><folder>users/joselusava//valeria_apoyo/sala01_004_nic</folder><source><submittedBy>Jose Saca</submittedBy></source><imagesize><nrows>3200</nrows><ncols>4800</ncols></imagesize><object><name>m1_s01_004_p_nic044</name><deleted>0</deleted><verified>0</verified><occluded>no</occluded><attributes></attributes><parts><hasparts></hasparts><ispartof></ispartof></parts><date>16-09-20 22:29:27:671</date><id>0</id><type>bounding_box</type><polygon><username>anonymous</username><pt><x>55</x><y>3145</y><time>16-09-20 22:29:18:122</time></pt><pt><x>3382</x><y>3145</y><time>16-09-20 22:29:20:704</time></pt><pt><x>3382</x><y>1770</y><time>undefined</time></pt><pt><x>55</x><y>1770</y><time>undefined</time></pt><closed_date>16-09-20 22:29:20:706</closed_date></polygon></object></annotation>