<annotation><filename>m2_s01_010_p_ic013.jpg</filename><folder>users/joselusava//santiago</folder><source><submittedBy>Jose Saca</submittedBy></source><imagesize><nrows>2850</nrows><ncols>4271</ncols></imagesize><object><name>m2_s01_010_p_ic013</name><deleted>0</deleted><verified>0</verified><occluded>no</occluded><attributes></attributes><parts><hasparts></hasparts><ispartof></ispartof></parts><date>21-09-20 15:11:42:169</date><id>0</id><type>bounding_box</type><polygon><username>anonymous</username><pt><x>1561</x><y>404</y><time>21-09-20 15:11:31:337</time></pt><pt><x>3135</x><y>404</y><time>21-09-20 15:11:34:269</time></pt><pt><x>3135</x><y>2263</y><time>undefined</time></pt><pt><x>1561</x><y>2263</y><time>undefined</time></pt><closed_date>21-09-20 15:11:34:271</closed_date></polygon></object></annotation>