<annotation><filename>m2_s01_001_p_nic020.jpg</filename><folder>users/joselusava//santiago</folder><source><submittedBy>Jose Saca</submittedBy></source><imagesize><nrows>2850</nrows><ncols>4271</ncols></imagesize><object><name>m2_s01_001_p_nic020</name><deleted>0</deleted><verified>0</verified><occluded>no</occluded><attributes></attributes><parts><hasparts></hasparts><ispartof></ispartof></parts><date>19-09-20 22:04:58:770</date><id>0</id><type>bounding_box</type><polygon><username>anonymous</username><pt><x>1988</x><y>109</y><time>19-09-20 22:04:50:689</time></pt><pt><x>3363</x><y>109</y><time>19-09-20 22:04:52:647</time></pt><pt><x>3363</x><y>1645</y><time>undefined</time></pt><pt><x>1988</x><y>1645</y><time>undefined</time></pt><closed_date>19-09-20 22:04:52:649</closed_date></polygon></object></annotation>