<annotation><filename>m2_s06_244_p_ic046.jpg</filename><folder>users/joselusava//museos2020</folder><source><submittedBy>Jose Saca</submittedBy></source><imagesize><nrows>2910</nrows><ncols>4361</ncols></imagesize><object><name>m2_s06_244_p_ic046</name><deleted>0</deleted><verified>0</verified><occluded>no</occluded><attributes></attributes><parts><hasparts></hasparts><ispartof></ispartof></parts><date>22-09-20 13:30:33:989</date><id>0</id><type>bounding_box</type><polygon><username>anonymous</username><pt><x>1347</x><y>1061</y><time>22-09-20 13:30:25:483</time></pt><pt><x>3462</x><y>1061</y><time>22-09-20 13:30:27:343</time></pt><pt><x>3462</x><y>2286</y><time>undefined</time></pt><pt><x>1347</x><y>2286</y><time>undefined</time></pt><closed_date>22-09-20 13:30:27:345</closed_date></polygon></object></annotation>