<annotation><filename>m2_s01_024_p_nic064.jpg</filename><folder>users/joselusava//santiago</folder><source><submittedBy>Jose Saca</submittedBy></source><imagesize><nrows>2850</nrows><ncols>4271</ncols></imagesize><object><name>m2_s01_024_p_nic064</name><deleted>0</deleted><verified>0</verified><occluded>no</occluded><attributes></attributes><parts><hasparts></hasparts><ispartof></ispartof></parts><date>25-09-20 15:18:09:606</date><id>0</id><type>bounding_box</type><polygon><username>anonymous</username><pt><x>2629</x><y>330</y><time>25-09-20 15:18:03:815</time></pt><pt><x>3616</x><y>330</y><time>25-09-20 15:18:04:955</time></pt><pt><x>3616</x><y>1981</y><time>undefined</time></pt><pt><x>2629</x><y>1981</y><time>undefined</time></pt><closed_date>25-09-20 15:18:04:956</closed_date></polygon></object></annotation>