<annotation><filename>m2_s01_010_p_nic100.jpg</filename><folder>users/joselusava//santiago</folder><source><submittedBy>Jose Saca</submittedBy></source><imagesize><nrows>2850</nrows><ncols>4271</ncols></imagesize><object><name>m2_s01_010_p_nic100</name><deleted>0</deleted><verified>0</verified><occluded>no</occluded><attributes></attributes><parts><hasparts></hasparts><ispartof></ispartof></parts><date>22-09-20 22:05:10:547</date><id>0</id><type>bounding_box</type><polygon><username>anonymous</username><pt><x>189</x><y>1340</y><time>22-09-20 22:05:03:057</time></pt><pt><x>1209</x><y>1340</y><time>22-09-20 22:05:04:247</time></pt><pt><x>1209</x><y>2430</y><time>undefined</time></pt><pt><x>189</x><y>2430</y><time>undefined</time></pt><closed_date>22-09-20 22:05:04:249</closed_date></polygon></object></annotation>