<annotation><filename>m1_s01_001_p_ic007.jpg</filename><folder>users/joselusava//juancarlos</folder><source><submittedBy>Jose Saca</submittedBy></source><imagesize><nrows>2000</nrows><ncols>2992</ncols></imagesize><object><name>m1_s01_001_p_ic007</name><deleted>0</deleted><verified>0</verified><occluded>no</occluded><attributes></attributes><parts><hasparts></hasparts><ispartof></ispartof></parts><date>24-08-20 10:53:17:704</date><id>0</id><type>bounding_box</type><polygon><username>anonymous</username><pt><x>1939</x><y>1386</y><time>24-08-20 10:52:50:874</time></pt><pt><x>924</x><y>1386</y><time>24-08-20 10:53:02:479</time></pt><pt><x>924</x><y>742</y><time>undefined</time></pt><pt><x>1939</x><y>742</y><time>undefined</time></pt><closed_date>24-08-20 10:53:02:480</closed_date></polygon></object></annotation>