<annotation><filename>m1_s02_029_p_ic093.jpg</filename><folder>users/joselusava//valeria/sala2_029_ic</folder><source><submittedBy>Jose Saca</submittedBy></source><imagesize><nrows>3200</nrows><ncols>4800</ncols></imagesize><object><name>m1_s02_029_p_ic093</name><deleted>0</deleted><verified>0</verified><occluded>no</occluded><attributes></attributes><parts><hasparts></hasparts><ispartof></ispartof></parts><date>22-08-20 21:26:30:127</date><id>0</id><type>bounding_box</type><polygon><username>anonymous</username><pt><x>1380</x><y>97</y><time>22-08-20 21:26:22:274</time></pt><pt><x>3576</x><y>97</y><time>22-08-20 21:26:25:096</time></pt><pt><x>3576</x><y>2851</y><time>undefined</time></pt><pt><x>1380</x><y>2851</y><time>undefined</time></pt><closed_date>22-08-20 21:26:25:097</closed_date></polygon></object></annotation>