<annotation><filename>m1_s06_168_p_ic055.jpg</filename><folder>users/joselusava//jacob_2/168ic</folder><source><submittedBy>Jose Saca</submittedBy></source><imagesize><nrows>2736</nrows><ncols>4100</ncols></imagesize><object><name>m1_s06_168_p_ic055</name><deleted>0</deleted><verified>0</verified><occluded>no</occluded><attributes></attributes><parts><hasparts></hasparts><ispartof></ispartof></parts><date>08-09-20 20:11:19:459</date><id>0</id><type>bounding_box</type><polygon><username>anonymous</username><pt><x>3003</x><y>2537</y><time>08-09-20 20:11:15:784</time></pt><pt><x>1309</x><y>2537</y><time>08-09-20 20:11:18:596</time></pt><pt><x>1309</x><y>74</y><time>undefined</time></pt><pt><x>3003</x><y>74</y><time>undefined</time></pt><closed_date>08-09-20 20:11:18:597</closed_date></polygon></object></annotation>