<annotation><filename>m2_s01_034_p_nic007.jpg</filename><folder>users/joselusava//kath</folder><source><submittedBy>Jose Saca</submittedBy></source><imagesize><nrows>2850</nrows><ncols>4271</ncols></imagesize><object><name>m2_s01_034_p_nic007</name><deleted>0</deleted><verified>0</verified><occluded>no</occluded><attributes></attributes><parts><hasparts></hasparts><ispartof></ispartof></parts><date>25-09-20 17:25:17:354</date><id>0</id><type>bounding_box</type><polygon><username>anonymous</username><pt><x>1690</x><y>222</y><time>25-09-20 17:25:09:948</time></pt><pt><x>2750</x><y>222</y><time>25-09-20 17:25:14:217</time></pt><pt><x>2750</x><y>1740</y><time>undefined</time></pt><pt><x>1690</x><y>1740</y><time>undefined</time></pt><closed_date>25-09-20 17:25:14:218</closed_date></polygon></object></annotation>