<annotation><filename>m2_s01_056_p_nic004.jpg</filename><folder>users/joselusava//m2_jsv/56/nic</folder><source><submittedBy>Jose Saca</submittedBy></source><imagesize><nrows>2850</nrows><ncols>4271</ncols></imagesize><object><name>m2_s01_056_p_nic004</name><deleted>0</deleted><verified>0</verified><occluded>no</occluded><attributes></attributes><parts><hasparts></hasparts><ispartof></ispartof></parts><date>28-09-20 22:01:28:356</date><id>0</id><type>bounding_box</type><polygon><username>anonymous</username><pt><x>4254</x><y>2301</y><time>28-09-20 22:01:24:831</time></pt><pt><x>2666</x><y>2301</y><time>28-09-20 22:01:26:571</time></pt><pt><x>2666</x><y>391</y><time>undefined</time></pt><pt><x>4254</x><y>391</y><time>undefined</time></pt><closed_date>28-09-20 22:01:26:571</closed_date></polygon></object></annotation>