<annotation><filename>m2_s01_054_p_nic035.jpg</filename><folder>users/joselusava//kath</folder><source><submittedBy>Jose Saca</submittedBy></source><imagesize><nrows>2850</nrows><ncols>4271</ncols></imagesize><object><name>m2_s01_054_p_nic035</name><deleted>0</deleted><verified>0</verified><occluded>no</occluded><attributes></attributes><parts><hasparts></hasparts><ispartof></ispartof></parts><date>30-09-20 11:24:44:082</date><id>0</id><type>bounding_box</type><polygon><username>anonymous</username><pt><x>1285</x><y>807</y><time>30-09-20 11:24:38:889</time></pt><pt><x>533</x><y>807</y><time>30-09-20 11:24:41:604</time></pt><pt><x>533</x><y>1951</y><time>undefined</time></pt><pt><x>1285</x><y>1951</y><time>undefined</time></pt><closed_date>30-09-20 11:24:41:605</closed_date></polygon></object></annotation>