<annotation><filename>m1_s06_168_p_ic078.jpg</filename><folder>users/joselusava//jacob_2/168ic</folder><source><submittedBy>Jose Saca</submittedBy></source><imagesize><nrows>2736</nrows><ncols>4100</ncols></imagesize><object><name>m1_s06_168_p_ic078</name><deleted>0</deleted><verified>0</verified><occluded>no</occluded><attributes></attributes><parts><hasparts></hasparts><ispartof></ispartof></parts><date>08-09-20 22:47:59:172</date><id>0</id><type>bounding_box</type><polygon><username>anonymous</username><pt><x>990</x><y>2602</y><time>08-09-20 22:47:55:633</time></pt><pt><x>2864</x><y>2602</y><time>08-09-20 22:47:58:317</time></pt><pt><x>2864</x><y>507</y><time>undefined</time></pt><pt><x>990</x><y>507</y><time>undefined</time></pt><closed_date>08-09-20 22:47:58:317</closed_date></polygon></object></annotation>