<annotation><filename>m2_s06_244_p_ic018.jpg</filename><folder>users/joselusava//museos2020</folder><source><submittedBy>Jose Saca</submittedBy></source><imagesize><nrows>2910</nrows><ncols>4361</ncols></imagesize><object><name>m2_s06_244_p_ic018</name><deleted>0</deleted><verified>0</verified><occluded>no</occluded><attributes></attributes><parts><hasparts></hasparts><ispartof></ispartof></parts><date>22-09-20 12:06:30:009</date><id>0</id><type>bounding_box</type><polygon><username>anonymous</username><pt><x>1477</x><y>1111</y><time>22-09-20 12:06:21:432</time></pt><pt><x>3197</x><y>1111</y><time>22-09-20 12:06:23:132</time></pt><pt><x>3197</x><y>1849</y><time>undefined</time></pt><pt><x>1477</x><y>1849</y><time>undefined</time></pt><closed_date>22-09-20 12:06:23:134</closed_date></polygon></object></annotation>