<annotation><filename>m2_s06_250_p_ic068.jpg</filename><folder>users/joselusava//valeria/m2_sala06_250_ic</folder><source><submittedBy>Jose Saca</submittedBy></source><imagesize><nrows>2910</nrows><ncols>4361</ncols></imagesize><object><name>m2_s06_250_p_ic067</name><deleted>0</deleted><verified>0</verified><occluded>no</occluded><attributes></attributes><parts><hasparts></hasparts><ispartof></ispartof></parts><date>30-09-20 23:54:59:181</date><id>0</id><type>bounding_box</type><polygon><username>anonymous</username><pt><x>369</x><y>2249</y><time>30-09-20 23:54:53:300</time></pt><pt><x>4111</x><y>2249</y><time>30-09-20 23:54:55:617</time></pt><pt><x>4111</x><y>716</y><time>undefined</time></pt><pt><x>369</x><y>716</y><time>undefined</time></pt><closed_date>30-09-20 23:54:55:619</closed_date></polygon></object></annotation>