<annotation><filename>m2_s06_250_p_ic081.jpg</filename><folder>users/joselusava//valeria/m2_sala06_250_ic</folder><source><submittedBy>Jose Saca</submittedBy></source><imagesize><nrows>2910</nrows><ncols>4361</ncols></imagesize><object><name>m2_s06_250_p_ic080</name><deleted>0</deleted><verified>0</verified><occluded>no</occluded><attributes></attributes><parts><hasparts></hasparts><ispartof></ispartof></parts><date>01-10-20 00:15:25:685</date><id>0</id><type>bounding_box</type><polygon><username>anonymous</username><pt><x>309</x><y>1780</y><time>01-10-20 00:15:20:140</time></pt><pt><x>4227</x><y>1780</y><time>01-10-20 00:15:22:478</time></pt><pt><x>4227</x><y>750</y><time>undefined</time></pt><pt><x>309</x><y>750</y><time>undefined</time></pt><closed_date>01-10-20 00:15:22:479</closed_date></polygon></object></annotation>