<annotation><filename>m1_s02_065_p_nic086.jpg</filename><folder>users/joselusava//valeria/sala2_065_nic</folder><source><submittedBy>Jose Saca</submittedBy></source><imagesize><nrows>2000</nrows><ncols>2992</ncols></imagesize><object><name>m1_s02_065_p_nic086</name><deleted>0</deleted><verified>0</verified><occluded>no</occluded><attributes></attributes><parts><hasparts></hasparts><ispartof></ispartof></parts><date>28-08-20 00:32:03:002</date><id>0</id><type>bounding_box</type><polygon><username>anonymous</username><pt><x>2859</x><y>1889</y><time>28-08-20 00:31:56:610</time></pt><pt><x>1285</x><y>1889</y><time>28-08-20 00:31:58:543</time></pt><pt><x>1285</x><y>1171</y><time>undefined</time></pt><pt><x>2859</x><y>1171</y><time>undefined</time></pt><closed_date>28-08-20 00:31:58:544</closed_date></polygon></object></annotation>