<annotation><filename>m2_s07_264_p_nic080.jpg</filename><folder>users/joselusava//valeria/sala7_264_nic</folder><source><submittedBy>Jose Saca</submittedBy></source><imagesize><nrows>2910</nrows><ncols>4361</ncols></imagesize><object><name>m2_s07_264_p_nic080</name><deleted>0</deleted><verified>0</verified><occluded>no</occluded><attributes></attributes><parts><hasparts></hasparts><ispartof></ispartof></parts><date>23-09-20 21:29:34:513</date><id>0</id><type>bounding_box</type><polygon><username>anonymous</username><pt><x>2160</x><y>2585</y><time>23-09-20 21:29:29:117</time></pt><pt><x>3434</x><y>2585</y><time>23-09-20 21:29:31:104</time></pt><pt><x>3434</x><y>766</y><time>undefined</time></pt><pt><x>2160</x><y>766</y><time>undefined</time></pt><closed_date>23-09-20 21:29:31:105</closed_date></polygon></object></annotation>