<annotation><filename>m2_s01_010_p_nic043.jpg</filename><folder>users/joselusava//santiago</folder><source><submittedBy>Jose Saca</submittedBy></source><imagesize><nrows>2850</nrows><ncols>4271</ncols></imagesize><object><name>m2_s01_010_p_nic043</name><deleted>0</deleted><verified>0</verified><occluded>no</occluded><attributes></attributes><parts><hasparts></hasparts><ispartof></ispartof></parts><date>22-09-20 20:38:45:091</date><id>0</id><type>bounding_box</type><polygon><username>anonymous</username><pt><x>2715</x><y>1622</y><time>22-09-20 20:38:38:157</time></pt><pt><x>3703</x><y>1622</y><time>22-09-20 20:38:39:460</time></pt><pt><x>3703</x><y>2568</y><time>undefined</time></pt><pt><x>2715</x><y>2568</y><time>undefined</time></pt><closed_date>22-09-20 20:38:39:461</closed_date></polygon></object></annotation>