<annotation><filename>m1_s02_065_p_nic027.jpg</filename><folder>users/joselusava//valeria/sala2_065_nic</folder><source><submittedBy>Jose Saca</submittedBy></source><imagesize><nrows>2000</nrows><ncols>2992</ncols></imagesize><object><name>m1_s02_065_p_nic027</name><deleted>0</deleted><verified>0</verified><occluded>no</occluded><attributes></attributes><parts><hasparts></hasparts><ispartof></ispartof></parts><date>27-08-20 22:31:58:942</date><id>0</id><type>bounding_box</type><polygon><username>anonymous</username><pt><x>2779</x><y>1819</y><time>27-08-20 22:31:52:920</time></pt><pt><x>1282</x><y>1819</y><time>27-08-20 22:31:55:253</time></pt><pt><x>1282</x><y>1121</y><time>undefined</time></pt><pt><x>2779</x><y>1121</y><time>undefined</time></pt><closed_date>27-08-20 22:31:55:254</closed_date></polygon></object></annotation>