<annotation><filename>m4_s04_039_p_ic060.jpg</filename><folder>users/joselusava//santiago_2</folder><source><submittedBy>Jose Saca</submittedBy></source><imagesize><nrows>2970</nrows><ncols>4451</ncols></imagesize><object><name>m4_s04_039_p_ic060</name><deleted>1</deleted><verified>0</verified><occluded>no</occluded><attributes></attributes><parts><hasparts></hasparts><ispartof></ispartof></parts><date>20-10-20 22:06:09:068</date><id>0</id><type>bounding_box</type><polygon><username>anonymous</username><pt><x>1646</x><y>214</y><time>20-10-20 22:06:05:701</time></pt><pt><x>2488</x><y>214</y><time>20-10-20 22:06:07:394</time></pt><pt><x>2488</x><y>2809</y><time>undefined</time></pt><pt><x>1646</x><y>2809</y><time>undefined</time></pt><closed_date>20-10-20 22:06:07:395</closed_date></polygon></object><object><name>m4_s04_039_p_ic060</name><deleted>0</deleted><verified>0</verified><occluded>no</occluded><attributes></attributes><parts><hasparts></hasparts><ispartof></ispartof></parts><date>20-10-20 22:06:27:377</date><id>1</id><type>bounding_box</type><polygon><username>anonymous</username><pt><x>1696</x><y>228</y><time>20-10-20 22:06:22:118</time></pt><pt><x>2417</x><y>228</y><time>20-10-20 22:06:23:735</time></pt><pt><x>2417</x><y>2738</y><time>undefined</time></pt><pt><x>1696</x><y>2738</y><time>undefined</time></pt><closed_date>20-10-20 22:06:23:735</closed_date></polygon></object></annotation>