<annotation><filename>m1_s02_065_p_ic005.jpg</filename><folder>users/joselusava//valeria/sala2_065_ic</folder><source><submittedBy>Jose Saca</submittedBy></source><imagesize><nrows>2000</nrows><ncols>2992</ncols></imagesize><object><name>m1_s02_065_p_ic005</name><deleted>0</deleted><verified>0</verified><occluded>no</occluded><attributes></attributes><parts><hasparts></hasparts><ispartof></ispartof></parts><date>25-08-20 21:19:46:683</date><id>0</id><type>bounding_box</type><polygon><username>anonymous</username><pt><x>188</x><y>171</y><time>25-08-20 21:19:39:372</time></pt><pt><x>2715</x><y>171</y><time>25-08-20 21:19:42:425</time></pt><pt><x>2715</x><y>1859</y><time>undefined</time></pt><pt><x>188</x><y>1859</y><time>undefined</time></pt><closed_date>25-08-20 21:19:42:427</closed_date></polygon></object></annotation>