<annotation><filename>m2_s01_032_p_nic032.jpg</filename><folder>users/joselusava//santiago_2</folder><source><submittedBy>Jose Saca</submittedBy></source><imagesize><nrows>2850</nrows><ncols>4271</ncols></imagesize><object><name>m2_s01_032_p_nic032</name><deleted>0</deleted><verified>0</verified><occluded>no</occluded><attributes></attributes><parts><hasparts></hasparts><ispartof></ispartof></parts><date>30-09-20 20:36:38:626</date><id>0</id><type>bounding_box</type><polygon><username>anonymous</username><pt><x>645</x><y>1547</y><time>30-09-20 20:36:31:390</time></pt><pt><x>1527</x><y>1547</y><time>30-09-20 20:36:32:684</time></pt><pt><x>1527</x><y>2643</y><time>undefined</time></pt><pt><x>645</x><y>2643</y><time>undefined</time></pt><closed_date>30-09-20 20:36:32:685</closed_date></polygon></object></annotation>