<annotation><filename>m1_s01_001_p_ic008.jpg</filename><folder>users/joselusava//juancarlos</folder><source><submittedBy>Jose Saca</submittedBy></source><imagesize><nrows>2000</nrows><ncols>2992</ncols></imagesize><object><name>m1_s01_001_p_ic008</name><deleted>0</deleted><verified>0</verified><occluded>no</occluded><attributes></attributes><parts><hasparts></hasparts><ispartof></ispartof></parts><date>24-08-20 11:19:35:234</date><id>0</id><type>bounding_box</type><polygon><username>anonymous</username><pt><x>958</x><y>667</y><time>24-08-20 11:19:24:771</time></pt><pt><x>1883</x><y>667</y><time>24-08-20 11:19:30:305</time></pt><pt><x>1883</x><y>1413</y><time>undefined</time></pt><pt><x>958</x><y>1413</y><time>undefined</time></pt><closed_date>24-08-20 11:19:30:305</closed_date></polygon></object></annotation>