<annotation><filename>m4_s10_154_p_ic026.jpg</filename><folder>users/joselusava//valeria/m04_s10_154_ic</folder><source><submittedBy>Jose Saca</submittedBy></source><imagesize><nrows>2970</nrows><ncols>4451</ncols></imagesize><object><name>m4_s10_154_p_ic026</name><deleted>0</deleted><verified>0</verified><occluded>no</occluded><attributes></attributes><parts><hasparts></hasparts><ispartof></ispartof></parts><date>13-10-20 18:07:00:356</date><id>0</id><type>bounding_box</type><polygon><username>anonymous</username><pt><x>3039</x><y>2696</y><time>13-10-20 18:06:55:744</time></pt><pt><x>1131</x><y>2696</y><time>13-10-20 18:06:57:497</time></pt><pt><x>1131</x><y>377</y><time>undefined</time></pt><pt><x>3039</x><y>377</y><time>undefined</time></pt><closed_date>13-10-20 18:06:57:499</closed_date></polygon></object></annotation>