<annotation><filename>m1_s01_001_p_nic086.jpg</filename><folder>users/joselusava//juancarlos</folder><source><submittedBy>Jose Saca</submittedBy></source><imagesize><nrows>3200</nrows><ncols>4800</ncols></imagesize><object><name>m1_s01_001_p_nic086</name><deleted>0</deleted><verified>0</verified><occluded>no</occluded><attributes></attributes><parts><hasparts></hasparts><ispartof></ispartof></parts><date>11-09-20 17:00:06:363</date><id>0</id><type>bounding_box</type><polygon><username>anonymous</username><pt><x>2407</x><y>1730</y><time>11-09-20 16:59:51:133</time></pt><pt><x>3854</x><y>1730</y><time>11-09-20 16:59:53:570</time></pt><pt><x>3854</x><y>2568</y><time>undefined</time></pt><pt><x>2407</x><y>2568</y><time>undefined</time></pt><closed_date>11-09-20 16:59:53:571</closed_date></polygon></object></annotation>