<annotation><filename>m2_s01_034_p_ic030.jpg</filename><folder>users/joselusava//kath</folder><source><submittedBy>Jose Saca</submittedBy></source><imagesize><nrows>2850</nrows><ncols>4271</ncols></imagesize><object><name>m2_s01_034_p_ic030</name><deleted>0</deleted><verified>0</verified><occluded>no</occluded><attributes></attributes><parts><hasparts></hasparts><ispartof></ispartof></parts><date>25-09-20 19:27:01:540</date><id>0</id><polygon><username>anonymous</username><pt><x>1361</x><y>329</y><time>25-09-20 19:26:44:591</time></pt><pt><x>1361</x><y>2714</y><time>25-09-20 19:26:46:250</time></pt><pt><x>2871</x><y>2707</y><time>25-09-20 19:26:49:207</time></pt><pt><x>2922</x><y>279</y><time>25-09-20 19:26:50:579</time></pt><closed_date>25-09-20 19:26:52:139</closed_date></polygon></object></annotation>