<annotation><filename>m2_s07_264_p_nic027.jpg</filename><folder>users/joselusava//valeria/sala7_264_nic</folder><source><submittedBy>Jose Saca</submittedBy></source><imagesize><nrows>2910</nrows><ncols>4361</ncols></imagesize><object><name>m2_s07_264_p_nic027</name><deleted>0</deleted><verified>0</verified><occluded>no</occluded><attributes></attributes><parts><hasparts></hasparts><ispartof></ispartof></parts><date>23-09-20 19:50:42:340</date><id>0</id><type>bounding_box</type><polygon><username>anonymous</username><pt><x>1494</x><y>2684</y><time>23-09-20 19:50:38:241</time></pt><pt><x>2717</x><y>2684</y><time>23-09-20 19:50:39:775</time></pt><pt><x>2717</x><y>1031</y><time>undefined</time></pt><pt><x>1494</x><y>1031</y><time>undefined</time></pt><closed_date>23-09-20 19:50:39:776</closed_date></polygon></object></annotation>