<annotation><filename>m4_s12_186_p_ic073.jpg</filename><folder>users/joselusava//m4_js/186/ic</folder><source><submittedBy>Jose Saca</submittedBy></source><imagesize><nrows>3899</nrows><ncols>5844</ncols></imagesize><object><name>m4_s12_186_p_ic073</name><deleted>0</deleted><verified>0</verified><occluded>no</occluded><attributes></attributes><parts><hasparts></hasparts><ispartof></ispartof></parts><date>18-10-20 11:05:26:095</date><id>0</id><type>bounding_box</type><polygon><username>anonymous</username><pt><x>1948</x><y>595</y><time>18-10-20 11:05:24:489</time></pt><pt><x>3744</x><y>595</y><time>18-10-20 11:05:25:295</time></pt><pt><x>3744</x><y>3569</y><time>undefined</time></pt><pt><x>1948</x><y>3569</y><time>undefined</time></pt><closed_date>18-10-20 11:05:25:296</closed_date></polygon></object></annotation>