<annotation><filename>m2_s01_024_p_ic016.jpg</filename><folder>users/joselusava//santiago</folder><source><submittedBy>Jose Saca</submittedBy></source><imagesize><nrows>2850</nrows><ncols>4271</ncols></imagesize><object><name>m2_s01_024_p_ic016</name><deleted>0</deleted><verified>0</verified><occluded>no</occluded><attributes></attributes><parts><hasparts></hasparts><ispartof></ispartof></parts><date>24-09-20 01:22:18:858</date><id>0</id><type>bounding_box</type><polygon><username>anonymous</username><pt><x>1362</x><y>353</y><time>24-09-20 01:22:11:977</time></pt><pt><x>2789</x><y>353</y><time>24-09-20 01:22:13:054</time></pt><pt><x>2789</x><y>2622</y><time>undefined</time></pt><pt><x>1362</x><y>2622</y><time>undefined</time></pt><closed_date>24-09-20 01:22:13:055</closed_date></polygon></object></annotation>