<annotation><filename>m2_s01_024_p_nic059.jpg</filename><folder>users/joselusava//santiago</folder><source><submittedBy>Jose Saca</submittedBy></source><imagesize><nrows>2850</nrows><ncols>4271</ncols></imagesize><object><name>m2_s01_024_p_nic059</name><deleted>0</deleted><verified>0</verified><occluded>no</occluded><attributes></attributes><parts><hasparts></hasparts><ispartof></ispartof></parts><date>25-09-20 15:13:15:979</date><id>0</id><type>bounding_box</type><polygon><username>anonymous</username><pt><x>523</x><y>452</y><time>25-09-20 15:13:09:112</time></pt><pt><x>1263</x><y>452</y><time>25-09-20 15:13:10:512</time></pt><pt><x>1263</x><y>1641</y><time>undefined</time></pt><pt><x>523</x><y>1641</y><time>undefined</time></pt><closed_date>25-09-20 15:13:10:512</closed_date></polygon></object></annotation>