<annotation><filename>m3_s01_002_p_nic094.jpg</filename><folder>users/joselusava//santiago_3</folder><source><submittedBy>Jose Saca</submittedBy></source><imagesize><nrows>2970</nrows><ncols>4451</ncols></imagesize><object><name>m3_s01_002_p_nic094</name><deleted>0</deleted><verified>0</verified><occluded>no</occluded><attributes></attributes><parts><hasparts></hasparts><ispartof></ispartof></parts><date>29-10-20 21:18:27:067</date><id>0</id><type>bounding_box</type><polygon><username>anonymous</username><pt><x>1010</x><y>386</y><time>29-10-20 21:18:23:548</time></pt><pt><x>4312</x><y>386</y><time>29-10-20 21:18:25:022</time></pt><pt><x>4312</x><y>2481</y><time>undefined</time></pt><pt><x>1010</x><y>2481</y><time>undefined</time></pt><closed_date>29-10-20 21:18:25:023</closed_date></polygon></object></annotation>