<annotation><filename>m4_s11_176_p_nic058.jpg</filename><folder>users/joselusava//m4_js/176/nic</folder><source><submittedBy>Jose Saca</submittedBy></source><imagesize><nrows>2970</nrows><ncols>4451</ncols></imagesize><object><name>m4_s11_176_p_nic058</name><deleted>0</deleted><verified>0</verified><occluded>no</occluded><attributes></attributes><parts><hasparts></hasparts><ispartof></ispartof></parts><date>15-10-20 14:42:32:314</date><id>0</id><type>bounding_box</type><polygon><username>anonymous</username><pt><x>2132</x><y>2203</y><time>15-10-20 14:42:29:793</time></pt><pt><x>444</x><y>2203</y><time>15-10-20 14:42:31:541</time></pt><pt><x>444</x><y>666</y><time>undefined</time></pt><pt><x>2132</x><y>666</y><time>undefined</time></pt><closed_date>15-10-20 14:42:31:541</closed_date></polygon></object></annotation>