<annotation><filename>m1_s01_001_p_nic013.jpg</filename><folder>users/joselusava//juancarlos</folder><source><submittedBy>Jose Saca</submittedBy></source><imagesize><nrows>3200</nrows><ncols>4800</ncols></imagesize><object><name>m1_s01_001_p_nic013</name><deleted>0</deleted><verified>0</verified><occluded>no</occluded><attributes></attributes><parts><hasparts></hasparts><ispartof></ispartof></parts><date>02-09-20 11:52:48:496</date><id>0</id><type>bounding_box</type><polygon><username>anonymous</username><pt><x>394</x><y>1473</y><time>02-09-20 11:52:35:511</time></pt><pt><x>1721</x><y>1473</y><time>02-09-20 11:52:40:304</time></pt><pt><x>1721</x><y>2230</y><time>undefined</time></pt><pt><x>394</x><y>2230</y><time>undefined</time></pt><closed_date>02-09-20 11:52:40:306</closed_date></polygon></object></annotation>