<annotation><filename>m3_s01_010_p_nic065.jpg</filename><folder>users/joselusava//m4_js/m3/10/nic</folder><source><submittedBy>Jose Saca</submittedBy></source><imagesize><nrows>2970</nrows><ncols>4451</ncols></imagesize><object><name>m3_s01_010_p_nic065</name><deleted>0</deleted><verified>0</verified><occluded>no</occluded><attributes></attributes><parts><hasparts></hasparts><ispartof></ispartof></parts><date>29-10-20 14:36:50:172</date><id>0</id><type>bounding_box</type><polygon><username>anonymous</username><pt><x>4451</x><y>2660</y><time>29-10-20 14:36:47:433</time></pt><pt><x>1542</x><y>2660</y><time>29-10-20 14:36:49:352</time></pt><pt><x>1542</x><y>0</y><time>undefined</time></pt><pt><x>4451</x><y>0</y><time>undefined</time></pt><closed_date>29-10-20 14:36:49:352</closed_date></polygon></object></annotation>