<annotation><filename>m1_s01_021_p_ic041.jpg</filename><folder>users/joselusava//santiago</folder><source><submittedBy>Jose Saca</submittedBy></source><imagesize><nrows>3200</nrows><ncols>4800</ncols></imagesize><object><name>m1_s01_021_p_ic041</name><deleted>0</deleted><verified>0</verified><occluded>no</occluded><attributes></attributes><parts><hasparts></hasparts><ispartof></ispartof></parts><date>14-09-20 23:10:36:514</date><id>0</id><type>bounding_box</type><polygon><username>anonymous</username><pt><x>1839</x><y>929</y><time>14-09-20 23:10:26:470</time></pt><pt><x>3114</x><y>929</y><time>14-09-20 23:10:29:024</time></pt><pt><x>3114</x><y>2545</y><time>undefined</time></pt><pt><x>1839</x><y>2545</y><time>undefined</time></pt><closed_date>14-09-20 23:10:29:025</closed_date></polygon></object></annotation>