<annotation><filename>m2_s01_056_p_ic083.jpg</filename><folder>users/joselusava//m2_jsv/56/ic</folder><source><submittedBy>Jose Saca</submittedBy></source><imagesize><nrows>2850</nrows><ncols>4271</ncols></imagesize><object><name>m2_s01_056_p_ic083</name><deleted>0</deleted><verified>0</verified><occluded>no</occluded><attributes></attributes><parts><hasparts></hasparts><ispartof></ispartof></parts><date>28-09-20 21:53:48:114</date><id>0</id><type>bounding_box</type><polygon><username>anonymous</username><pt><x>2904</x><y>2437</y><time>28-09-20 21:53:46:387</time></pt><pt><x>1240</x><y>2437</y><time>28-09-20 21:53:47:351</time></pt><pt><x>1240</x><y>501</y><time>undefined</time></pt><pt><x>2904</x><y>501</y><time>undefined</time></pt><closed_date>28-09-20 21:53:47:352</closed_date></polygon></object></annotation>