<annotation><filename>m4_s10_157_p_ic024.jpg</filename><folder>users/joselusava//valeria/m04_s10_157_ic</folder><source><submittedBy>Jose Saca</submittedBy></source><imagesize><nrows>2970</nrows><ncols>4451</ncols></imagesize><object><name>m4_s10_157_p_ic024</name><deleted>0</deleted><verified>0</verified><occluded>no</occluded><attributes></attributes><parts><hasparts></hasparts><ispartof></ispartof></parts><date>12-10-20 16:03:17:660</date><id>0</id><type>bounding_box</type><polygon><username>anonymous</username><pt><x>996</x><y>2790</y><time>12-10-20 16:03:10:757</time></pt><pt><x>3308</x><y>2790</y><time>12-10-20 16:03:13:585</time></pt><pt><x>3308</x><y>270</y><time>undefined</time></pt><pt><x>996</x><y>270</y><time>undefined</time></pt><closed_date>12-10-20 16:03:13:586</closed_date></polygon></object></annotation>