<annotation><filename>m4_s02_021_p_nic080.jpg</filename><folder>users/joselusava//santiago_2</folder><source><submittedBy>Jose Saca</submittedBy></source><imagesize><nrows>2910</nrows><ncols>4361</ncols></imagesize><object><name>m4_s02_021_p_nic080</name><deleted>0</deleted><verified>0</verified><occluded>no</occluded><attributes></attributes><parts><hasparts></hasparts><ispartof></ispartof></parts><date>05-10-20 11:48:51:566</date><id>0</id><type>bounding_box</type><polygon><username>anonymous</username><pt><x>2907</x><y>949</y><time>05-10-20 11:48:48:372</time></pt><pt><x>3807</x><y>949</y><time>05-10-20 11:48:49:563</time></pt><pt><x>3807</x><y>2591</y><time>undefined</time></pt><pt><x>2907</x><y>2591</y><time>undefined</time></pt><closed_date>05-10-20 11:48:49:563</closed_date></polygon></object></annotation>