<annotation><filename>m2_s02_129_p_nic067.jpg</filename><folder>users/joselusava//m2_jsv/129/nic</folder><source><submittedBy>Jose Saca</submittedBy></source><imagesize><nrows>2910</nrows><ncols>4361</ncols></imagesize><object><name>m2_s02_129_p_nic067</name><deleted>0</deleted><verified>0</verified><occluded>no</occluded><attributes></attributes><parts><hasparts></hasparts><ispartof></ispartof></parts><date>25-09-20 08:09:39:637</date><id>0</id><type>bounding_box</type><polygon><username>anonymous</username><pt><x>3586</x><y>1201</y><time>25-09-20 08:09:37:615</time></pt><pt><x>2698</x><y>1201</y><time>25-09-20 08:09:38:882</time></pt><pt><x>2698</x><y>165</y><time>undefined</time></pt><pt><x>3586</x><y>165</y><time>undefined</time></pt><closed_date>25-09-20 08:09:38:883</closed_date></polygon></object></annotation>