<annotation><filename>m1_s01_001_p_ic024.jpg</filename><folder>users/joselusava//juancarlos</folder><source><submittedBy>Jose Saca</submittedBy></source><imagesize><nrows>2000</nrows><ncols>2992</ncols></imagesize><object><name>m1_s01_001_p_ic024</name><deleted>0</deleted><verified>0</verified><occluded>no</occluded><attributes></attributes><parts><hasparts></hasparts><ispartof></ispartof></parts><date>26-08-20 15:53:17:428</date><id>0</id><type>bounding_box</type><polygon><username>anonymous</username><pt><x>913</x><y>640</y><time>26-08-20 15:53:03:901</time></pt><pt><x>2148</x><y>640</y><time>26-08-20 15:53:11:007</time></pt><pt><x>2148</x><y>1269</y><time>undefined</time></pt><pt><x>913</x><y>1269</y><time>undefined</time></pt><closed_date>26-08-20 15:53:11:009</closed_date></polygon></object></annotation>