<annotation><filename>m2_s01_018_p_nic039.jpg</filename><folder>users/joselusava//santiago_2</folder><source><submittedBy>Jose Saca</submittedBy></source><imagesize><nrows>2850</nrows><ncols>4271</ncols></imagesize><object><name>m2_s01_018_p_nic039</name><deleted>0</deleted><verified>0</verified><occluded>no</occluded><attributes></attributes><parts><hasparts></hasparts><ispartof></ispartof></parts><date>28-09-20 21:44:32:289</date><id>0</id><type>bounding_box</type><polygon><username>anonymous</username><pt><x>2302</x><y>1805</y><time>28-09-20 21:44:25:482</time></pt><pt><x>2872</x><y>1805</y><time>28-09-20 21:44:26:444</time></pt><pt><x>2872</x><y>2584</y><time>undefined</time></pt><pt><x>2302</x><y>2584</y><time>undefined</time></pt><closed_date>28-09-20 21:44:26:445</closed_date></polygon></object></annotation>