<annotation><filename>m2_s02_190_p_ic053.jpg</filename><folder>users/joselusava//m2_jsv/190/ic</folder><source><submittedBy>Jose Saca</submittedBy></source><imagesize><nrows>2910</nrows><ncols>4361</ncols></imagesize><object><name>m2_s02_190_p_ic053</name><deleted>0</deleted><verified>0</verified><occluded>no</occluded><attributes></attributes><parts><hasparts></hasparts><ispartof></ispartof></parts><date>21-09-20 14:26:24:347</date><id>0</id><type>bounding_box</type><polygon><username>anonymous</username><pt><x>1500</x><y>720</y><time>21-09-20 14:26:21:791</time></pt><pt><x>2904</x><y>720</y><time>21-09-20 14:26:23:728</time></pt><pt><x>2904</x><y>2592</y><time>undefined</time></pt><pt><x>1500</x><y>2592</y><time>undefined</time></pt><closed_date>21-09-20 14:26:23:728</closed_date></polygon></object></annotation>