<annotation><filename>m2_s01_034_p_ic048.jpg</filename><folder>users/joselusava//kath</folder><source><submittedBy>Jose Saca</submittedBy></source><imagesize><nrows>2850</nrows><ncols>4271</ncols></imagesize><object><name>m2_s01_034_p_ic048</name><deleted>0</deleted><verified>0</verified><occluded>no</occluded><attributes></attributes><parts><hasparts></hasparts><ispartof></ispartof></parts><date>25-09-20 13:59:10:672</date><id>0</id><polygon><username>anonymous</username><pt><x>1618</x><y>358</y><time>25-09-20 13:58:32:435</time></pt><pt><x>2778</x><y>315</y><time>25-09-20 13:58:33:993</time></pt><pt><x>3093</x><y>2428</y><time>25-09-20 13:58:40:608</time></pt><pt><x>1590</x><y>2578</y><time>25-09-20 13:58:43:056</time></pt><closed_date>25-09-20 13:58:45:407</closed_date></polygon></object></annotation>