<annotation><filename>m4_s05_052_p_ic099.jpg</filename><folder>users/joselusava//santiago_2</folder><source><submittedBy>Jose Saca</submittedBy></source><imagesize><nrows>2910</nrows><ncols>4361</ncols></imagesize><object><name>m4_s05_052_p_ic099</name><deleted>0</deleted><verified>0</verified><occluded>no</occluded><attributes></attributes><parts><hasparts></hasparts><ispartof></ispartof></parts><date>07-10-20 23:23:34:839</date><id>0</id><type>bounding_box</type><polygon><username>anonymous</username><pt><x>1407</x><y>315</y><time>07-10-20 23:23:31:912</time></pt><pt><x>3142</x><y>315</y><time>07-10-20 23:23:32:977</time></pt><pt><x>3142</x><y>2169</y><time>undefined</time></pt><pt><x>1407</x><y>2169</y><time>undefined</time></pt><closed_date>07-10-20 23:23:32:978</closed_date></polygon></object></annotation>