<annotation><filename>m4_s12_186_p_nic081.jpg</filename><folder>users/joselusava//m4_js/186/nic</folder><source><submittedBy>Jose Saca</submittedBy></source><imagesize><nrows>3899</nrows><ncols>5844</ncols></imagesize><object><name>m4_s12_186_p_nic080</name><deleted>0</deleted><verified>0</verified><occluded>no</occluded><attributes></attributes><parts><hasparts></hasparts><ispartof></ispartof></parts><date>18-10-20 12:16:38:416</date><id>0</id><type>bounding_box</type><polygon><username>anonymous</username><pt><x>5844</x><y>3628</y><time>18-10-20 12:16:36:381</time></pt><pt><x>3313</x><y>3628</y><time>18-10-20 12:16:37:799</time></pt><pt><x>3313</x><y>222</y><time>undefined</time></pt><pt><x>5844</x><y>222</y><time>undefined</time></pt><closed_date>18-10-20 12:16:37:800</closed_date></polygon></object></annotation>