<annotation><filename>m4_s09_138_p_ic079.jpg</filename><folder>users/joselusava//santiago_2</folder><source><submittedBy>Jose Saca</submittedBy></source><imagesize><nrows>2970</nrows><ncols>4451</ncols></imagesize><object><name>m4_s09_138_p_ic079</name><deleted>0</deleted><verified>0</verified><occluded>no</occluded><attributes></attributes><parts><hasparts></hasparts><ispartof></ispartof></parts><date>22-10-20 20:51:58:097</date><id>0</id><type>bounding_box</type><polygon><username>anonymous</username><pt><x>1149</x><y>228</y><time>22-10-20 20:51:55:170</time></pt><pt><x>3859</x><y>228</y><time>22-10-20 20:51:56:221</time></pt><pt><x>3859</x><y>2427</y><time>undefined</time></pt><pt><x>1149</x><y>2427</y><time>undefined</time></pt><closed_date>22-10-20 20:51:56:222</closed_date></polygon></object></annotation>