<annotation><filename>m4_s02_015_p_nic044.jpg</filename><folder>users/joselusava//m4_js/15nic</folder><source><submittedBy>Jose Saca</submittedBy></source><imagesize><nrows>2910</nrows><ncols>4361</ncols></imagesize><object><name>m4_s02_015_p_nic044</name><deleted>0</deleted><verified>0</verified><occluded>no</occluded><attributes></attributes><parts><hasparts></hasparts><ispartof></ispartof></parts><date>06-10-20 20:00:37:340</date><id>0</id><type>bounding_box</type><polygon><username>anonymous</username><pt><x>3699</x><y>1280</y><time>06-10-20 20:00:33:979</time></pt><pt><x>2385</x><y>1280</y><time>06-10-20 20:00:35:743</time></pt><pt><x>2385</x><y>-9</y><time>undefined</time></pt><pt><x>3699</x><y>-9</y><time>undefined</time></pt><closed_date>06-10-20 20:00:35:743</closed_date></polygon></object></annotation>