<annotation><filename>m4_s04_045_p_nic048.jpg</filename><folder>users/joselusava//valeria/m04_s04_45_nic</folder><source><submittedBy>Jose Saca</submittedBy></source><imagesize><nrows>2970</nrows><ncols>4451</ncols></imagesize><object><name>m4_s04_045_p_nic048</name><deleted>0</deleted><verified>0</verified><occluded>no</occluded><attributes></attributes><parts><hasparts></hasparts><ispartof></ispartof></parts><date>20-10-20 14:45:03:844</date><id>0</id><type>bounding_box</type><polygon><username>anonymous</username><pt><x>1879</x><y>1297</y><time>20-10-20 14:44:58:990</time></pt><pt><x>2599</x><y>1297</y><time>20-10-20 14:45:01:300</time></pt><pt><x>2599</x><y>211</y><time>undefined</time></pt><pt><x>1879</x><y>211</y><time>undefined</time></pt><closed_date>20-10-20 14:45:01:301</closed_date></polygon></object></annotation>