<annotation><filename>m4_s10_154_p_ic055.jpg</filename><folder>users/joselusava//valeria/m04_s10_154_ic</folder><source><submittedBy>Jose Saca</submittedBy></source><imagesize><nrows>2970</nrows><ncols>4451</ncols></imagesize><object><name>m4_s10_154_p_ic055</name><deleted>0</deleted><verified>0</verified><occluded>no</occluded><attributes></attributes><parts><hasparts></hasparts><ispartof></ispartof></parts><date>13-10-20 22:31:59:842</date><id>0</id><type>bounding_box</type><polygon><username>anonymous</username><pt><x>714</x><y>154</y><time>13-10-20 22:31:54:648</time></pt><pt><x>3113</x><y>154</y><time>13-10-20 22:31:56:395</time></pt><pt><x>3113</x><y>2599</y><time>undefined</time></pt><pt><x>714</x><y>2599</y><time>undefined</time></pt><closed_date>13-10-20 22:31:56:395</closed_date></polygon></object></annotation>