<annotation><filename>m4_s02_015_p_ic028.jpg</filename><folder>users/joselusava//m4_js/15ic</folder><source><submittedBy>Jose Saca</submittedBy></source><imagesize><nrows>2910</nrows><ncols>4361</ncols></imagesize><object><name>m4_s02_015_p_ic028</name><deleted>0</deleted><verified>0</verified><occluded>no</occluded><attributes></attributes><parts><hasparts></hasparts><ispartof></ispartof></parts><date>03-10-20 19:17:23:801</date><id>0</id><type>bounding_box</type><polygon><username>anonymous</username><pt><x>2785</x><y>2368</y><time>03-10-20 19:17:21:678</time></pt><pt><x>1576</x><y>2368</y><time>03-10-20 19:17:23:116</time></pt><pt><x>1576</x><y>400</y><time>undefined</time></pt><pt><x>2785</x><y>400</y><time>undefined</time></pt><closed_date>03-10-20 19:17:23:116</closed_date></polygon></object></annotation>