<annotation><filename>m4_s10_164_p_nic070.jpg</filename><folder>users/joselusava//santiago_2</folder><source><submittedBy>Jose Saca</submittedBy></source><imagesize><nrows>2970</nrows><ncols>4451</ncols></imagesize><object><name>m4_s10_164_p_nic070</name><deleted>0</deleted><verified>0</verified><occluded>no</occluded><attributes></attributes><parts><hasparts></hasparts><ispartof></ispartof></parts><date>14-10-20 16:10:29:863</date><id>0</id><type>bounding_box</type><polygon><username>anonymous</username><pt><x>3416</x><y>596</y><time>14-10-20 16:10:27:076</time></pt><pt><x>3995</x><y>596</y><time>14-10-20 16:10:28:053</time></pt><pt><x>3995</x><y>1228</y><time>undefined</time></pt><pt><x>3416</x><y>1228</y><time>undefined</time></pt><closed_date>14-10-20 16:10:28:053</closed_date></polygon></object></annotation>