<annotation><filename>m2_s01_056_p_ic071.jpg</filename><folder>users/joselusava//m2_jsv/56/ic</folder><source><submittedBy>Jose Saca</submittedBy></source><imagesize><nrows>2850</nrows><ncols>4271</ncols></imagesize><object><name>m2_s01_056_p_ic071</name><deleted>0</deleted><verified>0</verified><occluded>no</occluded><attributes></attributes><parts><hasparts></hasparts><ispartof></ispartof></parts><date>28-09-20 21:49:47:184</date><id>0</id><type>bounding_box</type><polygon><username>anonymous</username><pt><x>3142</x><y>2607</y><time>28-09-20 21:49:45:230</time></pt><pt><x>1138</x><y>2607</y><time>28-09-20 21:49:46:491</time></pt><pt><x>1138</x><y>365</y><time>undefined</time></pt><pt><x>3142</x><y>365</y><time>undefined</time></pt><closed_date>28-09-20 21:49:46:491</closed_date></polygon></object></annotation>