<annotation><filename>m4_s05_055_p_nic031.jpg</filename><folder>users/joselusava//valeria/m4_s05_055_nic</folder><source><submittedBy>Jose Saca</submittedBy></source><imagesize><nrows>2910</nrows><ncols>4361</ncols></imagesize><object><name>m4_s05_055_p_nic031</name><deleted>0</deleted><verified>0</verified><occluded>no</occluded><attributes></attributes><parts><hasparts></hasparts><ispartof></ispartof></parts><date>09-10-20 17:15:57:292</date><id>0</id><type>bounding_box</type><polygon><username>anonymous</username><pt><x>2629</x><y>2778</y><time>09-10-20 17:15:51:783</time></pt><pt><x>4194</x><y>2778</y><time>09-10-20 17:15:53:677</time></pt><pt><x>4194</x><y>1185</y><time>undefined</time></pt><pt><x>2629</x><y>1185</y><time>undefined</time></pt><closed_date>09-10-20 17:15:53:678</closed_date></polygon></object></annotation>