<annotation><filename>m1_s01_007_x.jpg</filename><folder>users/joselusava//museos2020</folder><source><submittedBy>Jose Saca</submittedBy></source><imagesize><nrows>2000</nrows><ncols>2992</ncols></imagesize><object><name>m1_s01_007_x</name><deleted>0</deleted><verified>0</verified><occluded>no</occluded><attributes></attributes><parts><hasparts></hasparts><ispartof></ispartof></parts><date>13-09-20 21:50:16:182</date><id>0</id><polygon><username>anonymous</username><pt><x>938</x><y>469</y><time>13-09-20 21:49:21:715</time></pt><pt><x>861</x><y>1528</y><time>13-09-20 21:49:45:367</time></pt><pt><x>2083</x><y>1501</y><time>13-09-20 21:49:49:260</time></pt><pt><x>2012</x><y>424</y><time>13-09-20 21:49:52:095</time></pt><closed_date>13-09-20 21:49:54:482</closed_date></polygon></object></annotation>