<annotation><filename>m1_s02_052_p_nic087.jpg</filename><folder>users/joselusava//valeria/sala2_052_nic</folder><source><submittedBy>Jose Saca</submittedBy></source><imagesize><nrows>3200</nrows><ncols>4800</ncols></imagesize><object><name>m1_s02_052_p_nic087</name><deleted>0</deleted><verified>0</verified><occluded>no</occluded><attributes></attributes><parts><hasparts></hasparts><ispartof></ispartof></parts><date>27-08-20 17:48:05:116</date><id>0</id><type>bounding_box</type><polygon><username>anonymous</username><pt><x>1477</x><y>397</y><time>27-08-20 17:47:55:350</time></pt><pt><x>27</x><y>397</y><time>27-08-20 17:47:58:509</time></pt><pt><x>27</x><y>1766</y><time>undefined</time></pt><pt><x>1477</x><y>1766</y><time>undefined</time></pt><closed_date>27-08-20 17:47:58:511</closed_date></polygon></object></annotation>