<annotation><filename>m1_s02_052_p_ic095.jpg</filename><folder>users/joselusava//valeria/sala2_052_ic</folder><source><submittedBy>Jose Saca</submittedBy></source><imagesize><nrows>3200</nrows><ncols>4800</ncols></imagesize><object><name>m1_s02_052_p_ic095</name><deleted>0</deleted><verified>0</verified><occluded>no</occluded><attributes></attributes><parts><hasparts></hasparts><ispartof></ispartof></parts><date>25-08-20 20:28:35:713</date><id>0</id><type>bounding_box</type><polygon><username>anonymous</username><pt><x>612</x><y>32</y><time>25-08-20 20:25:20:384</time></pt><pt><x>3748</x><y>32</y><time>25-08-20 20:25:22:711</time></pt><pt><x>3748</x><y>2835</y><time>undefined</time></pt><pt><x>612</x><y>2835</y><time>undefined</time></pt><closed_date>25-08-20 20:25:22:712</closed_date></polygon></object></annotation>