<annotation><filename>m2_s06_250_p_nic060.jpg</filename><folder>users/joselusava//m2_jsv/250</folder><source><submittedBy>Jose Saca</submittedBy></source><imagesize><nrows>2910</nrows><ncols>4361</ncols></imagesize><object><name>m2_s06_250_p_nic060</name><deleted>0</deleted><verified>0</verified><occluded>no</occluded><attributes></attributes><parts><hasparts></hasparts><ispartof></ispartof></parts><date>30-09-20 11:48:11:494</date><id>0</id><type>bounding_box</type><polygon><username>anonymous</username><pt><x>3430</x><y>1227</y><time>30-09-20 11:48:09:234</time></pt><pt><x>635</x><y>1227</y><time>30-09-20 11:48:10:462</time></pt><pt><x>635</x><y>9</y><time>undefined</time></pt><pt><x>3430</x><y>9</y><time>undefined</time></pt><closed_date>30-09-20 11:48:10:463</closed_date></polygon></object></annotation>