<annotation><filename>m1_s06_186_p_nic039.jpg</filename><folder>users/joselusava//jacob_2/186nic</folder><source><submittedBy>Jose Saca</submittedBy></source><imagesize><nrows>2736</nrows><ncols>4100</ncols></imagesize><object><name>m1_s06_186_p_nic039</name><deleted>0</deleted><verified>0</verified><occluded>no</occluded><attributes></attributes><parts><hasparts></hasparts><ispartof></ispartof></parts><date>09-09-20 23:15:21:800</date><id>0</id><type>bounding_box</type><polygon><username>anonymous</username><pt><x>2308</x><y>74</y><time>09-09-20 23:15:20:288</time></pt><pt><x>3331</x><y>74</y><time>09-09-20 23:15:21:337</time></pt><pt><x>3331</x><y>1596</y><time>undefined</time></pt><pt><x>2308</x><y>1596</y><time>undefined</time></pt><closed_date>09-09-20 23:15:21:337</closed_date></polygon></object></annotation>