<annotation><filename>m4_s10_164_p_nic023.jpg</filename><folder>users/joselusava//santiago_2</folder><source><submittedBy>Jose Saca</submittedBy></source><imagesize><nrows>2970</nrows><ncols>4451</ncols></imagesize><object><name>m4_s10_164_p_nic023</name><deleted>0</deleted><verified>0</verified><occluded>no</occluded><attributes></attributes><parts><hasparts></hasparts><ispartof></ispartof></parts><date>13-10-20 23:49:47:965</date><id>0</id><type>bounding_box</type><polygon><username>anonymous</username><pt><x>1096</x><y>1824</y><time>13-10-20 23:49:45:783</time></pt><pt><x>1713</x><y>1824</y><time>13-10-20 23:49:46:378</time></pt><pt><x>1713</x><y>2617</y><time>undefined</time></pt><pt><x>1096</x><y>2617</y><time>undefined</time></pt><closed_date>13-10-20 23:49:46:380</closed_date></polygon></object></annotation>