<annotation><filename>m1_s02_052_p_nic077.jpg</filename><folder>users/joselusava//valeria/sala2_052_nic</folder><source><submittedBy>Jose Saca</submittedBy></source><imagesize><nrows>3200</nrows><ncols>4800</ncols></imagesize><object><name>m1_s02_052_p_nic077</name><deleted>0</deleted><verified>0</verified><occluded>no</occluded><attributes></attributes><parts><hasparts></hasparts><ispartof></ispartof></parts><date>27-08-20 17:13:19:641</date><id>0</id><type>bounding_box</type><polygon><username>anonymous</username><pt><x>3216</x><y>1734</y><time>27-08-20 17:13:14:695</time></pt><pt><x>1783</x><y>1734</y><time>27-08-20 17:13:16:539</time></pt><pt><x>1783</x><y>3136</y><time>undefined</time></pt><pt><x>3216</x><y>3136</y><time>undefined</time></pt><closed_date>27-08-20 17:13:16:540</closed_date></polygon></object></annotation>