<annotation><filename>m4_s10_164_p_ic074.jpg</filename><folder>users/joselusava//santiago_2</folder><source><submittedBy>Jose Saca</submittedBy></source><imagesize><nrows>2970</nrows><ncols>4451</ncols></imagesize><object><name>m4_s10_164_p_ic074</name><deleted>0</deleted><verified>0</verified><occluded>no</occluded><attributes></attributes><parts><hasparts></hasparts><ispartof></ispartof></parts><date>13-10-20 23:01:15:956</date><id>0</id><type>bounding_box</type><polygon><username>anonymous</username><pt><x>1460</x><y>1167</y><time>13-10-20 23:01:13:094</time></pt><pt><x>2153</x><y>1167</y><time>13-10-20 23:01:13:763</time></pt><pt><x>2153</x><y>1995</y><time>undefined</time></pt><pt><x>1460</x><y>1995</y><time>undefined</time></pt><closed_date>13-10-20 23:01:13:764</closed_date></polygon></object></annotation>