<annotation><filename>m1_s01_021_p_nic003.jpg</filename><folder>users/joselusava//santiago</folder><source><submittedBy>Jose Saca</submittedBy></source><imagesize><nrows>3200</nrows><ncols>4800</ncols></imagesize><object><name>m1_s01_021_p_nic003</name><deleted>0</deleted><verified>0</verified><occluded>no</occluded><attributes></attributes><parts><hasparts></hasparts><ispartof></ispartof></parts><date>15-09-20 00:35:25:694</date><id>0</id><type>bounding_box</type><polygon><username>anonymous</username><pt><x>3762</x><y>1310</y><time>15-09-20 00:35:18:680</time></pt><pt><x>4363</x><y>1310</y><time>15-09-20 00:35:19:808</time></pt><pt><x>4363</x><y>2030</y><time>undefined</time></pt><pt><x>3762</x><y>2030</y><time>undefined</time></pt><closed_date>15-09-20 00:35:19:810</closed_date></polygon></object></annotation>