<annotation><filename>m2_s02_190_p_nic055.jpg</filename><folder>users/joselusava//m2_jsv/190/nic</folder><source><submittedBy>Jose Saca</submittedBy></source><imagesize><nrows>2910</nrows><ncols>4361</ncols></imagesize><object><name>m2_s02_190_p_nic055</name><deleted>0</deleted><verified>0</verified><occluded>no</occluded><attributes></attributes><parts><hasparts></hasparts><ispartof></ispartof></parts><date>21-09-20 15:09:56:177</date><id>0</id><type>bounding_box</type><polygon><username>anonymous</username><pt><x>3647</x><y>2707</y><time>21-09-20 15:09:54:566</time></pt><pt><x>2803</x><y>2707</y><time>21-09-20 15:09:55:673</time></pt><pt><x>2803</x><y>1610</y><time>undefined</time></pt><pt><x>3647</x><y>1610</y><time>undefined</time></pt><closed_date>21-09-20 15:09:55:673</closed_date></polygon></object></annotation>