<annotation><filename>img_m1_s03-04_101_p_ic032.jpg</filename><folder>users/joselusava//valeria/sala3y4_101_ic</folder><source><submittedBy>Jose Saca</submittedBy></source><imagesize><nrows>3200</nrows><ncols>4800</ncols></imagesize><object><name>m1_s03_s04_101_p_ic032</name><deleted>0</deleted><verified>0</verified><occluded>no</occluded><attributes></attributes><parts><hasparts></hasparts><ispartof></ispartof></parts><date>28-08-20 23:50:34:486</date><id>0</id><type>bounding_box</type><polygon><username>anonymous</username><pt><x>86</x><y>3152</y><time>28-08-20 23:50:20:335</time></pt><pt><x>4408</x><y>3152</y><time>28-08-20 23:50:23:351</time></pt><pt><x>4408</x><y>489</y><time>undefined</time></pt><pt><x>86</x><y>489</y><time>undefined</time></pt><closed_date>28-08-20 23:50:23:352</closed_date></polygon></object></annotation>