<annotation><filename>m2_s07_264_p_ic065.jpg</filename><folder>users/joselusava//valeria/sala7_264_ic</folder><source><submittedBy>Jose Saca</submittedBy></source><imagesize><nrows>2910</nrows><ncols>4361</ncols></imagesize><object><name>m2_s07_264_p_ic065</name><deleted>0</deleted><verified>0</verified><occluded>no</occluded><attributes></attributes><parts><hasparts></hasparts><ispartof></ispartof></parts><date>23-09-20 11:41:28:140</date><id>0</id><type>bounding_box</type><polygon><username>anonymous</username><pt><x>1295</x><y>386</y><time>23-09-20 11:41:22:868</time></pt><pt><x>2723</x><y>386</y><time>23-09-20 11:41:24:868</time></pt><pt><x>2723</x><y>2458</y><time>undefined</time></pt><pt><x>1295</x><y>2458</y><time>undefined</time></pt><closed_date>23-09-20 11:41:24:869</closed_date></polygon></object></annotation>