<annotation><filename>m3_s01_002_p_ic087.jpg</filename><folder>users/joselusava//santiago_3</folder><source><submittedBy>Jose Saca</submittedBy></source><imagesize><nrows>2970</nrows><ncols>4451</ncols></imagesize><object><name>m3_s01_002_p_ic087</name><deleted>0</deleted><verified>0</verified><occluded>no</occluded><attributes></attributes><parts><hasparts></hasparts><ispartof></ispartof></parts><date>29-10-20 13:30:56:551</date><id>0</id><type>bounding_box</type><polygon><username>anonymous</username><pt><x>493</x><y>443</y><time>29-10-20 13:30:52:968</time></pt><pt><x>4148</x><y>443</y><time>29-10-20 13:30:54:679</time></pt><pt><x>4148</x><y>2645</y><time>undefined</time></pt><pt><x>493</x><y>2645</y><time>undefined</time></pt><closed_date>29-10-20 13:30:54:680</closed_date></polygon></object></annotation>