<annotation><filename>m2_s01_018_p_nic100.jpg</filename><folder>users/joselusava//santiago_2</folder><source><submittedBy>Jose Saca</submittedBy></source><imagesize><nrows>2850</nrows><ncols>4271</ncols></imagesize><object><name>m2_s01_018_p_nic100</name><deleted>0</deleted><verified>0</verified><occluded>no</occluded><attributes></attributes><parts><hasparts></hasparts><ispartof></ispartof></parts><date>29-09-20 19:19:53:641</date><id>0</id><type>bounding_box</type><polygon><username>anonymous</username><pt><x>298</x><y>446</y><time>29-09-20 19:19:50:409</time></pt><pt><x>1003</x><y>446</y><time>29-09-20 19:19:51:351</time></pt><pt><x>1003</x><y>1189</y><time>undefined</time></pt><pt><x>298</x><y>1189</y><time>undefined</time></pt><closed_date>29-09-20 19:19:51:351</closed_date></polygon></object></annotation>