<annotation><filename>m2_s01_010_p_nic065.jpg</filename><folder>users/joselusava//santiago</folder><source><submittedBy>Jose Saca</submittedBy></source><imagesize><nrows>2850</nrows><ncols>4271</ncols></imagesize><object><name>m2_s01_010_p_nic065</name><deleted>0</deleted><verified>0</verified><occluded>no</occluded><attributes></attributes><parts><hasparts></hasparts><ispartof></ispartof></parts><date>22-09-20 21:17:34:403</date><id>0</id><type>bounding_box</type><polygon><username>anonymous</username><pt><x>494</x><y>1635</y><time>22-09-20 21:17:26:837</time></pt><pt><x>1138</x><y>1635</y><time>22-09-20 21:17:28:061</time></pt><pt><x>1138</x><y>2295</y><time>undefined</time></pt><pt><x>494</x><y>2295</y><time>undefined</time></pt><closed_date>22-09-20 21:17:28:061</closed_date></polygon></object></annotation>