<annotation><filename>m4_s05_055_p.jpg</filename><folder>users/joselusava//valeria/m4_s05_055_ic</folder><source><submittedBy>Jose Saca</submittedBy></source><imagesize><nrows>2910</nrows><ncols>4361</ncols></imagesize><object><name>m4_s05_055_p</name><deleted>0</deleted><verified>0</verified><occluded>no</occluded><attributes></attributes><parts><hasparts></hasparts><ispartof></ispartof></parts><date>08-10-20 17:51:39:168</date><id>0</id><type>bounding_box</type><polygon><username>anonymous</username><pt><x>1075</x><y>331</y><time>08-10-20 17:51:33:252</time></pt><pt><x>3307</x><y>331</y><time>08-10-20 17:51:35:050</time></pt><pt><x>3307</x><y>2557</y><time>undefined</time></pt><pt><x>1075</x><y>2557</y><time>undefined</time></pt><closed_date>08-10-20 17:51:35:051</closed_date></polygon></object></annotation>