<annotation><filename>m1_s02_065_p_ic022.jpg</filename><folder>users/joselusava//valeria/sala2_065_ic</folder><source><submittedBy>Jose Saca</submittedBy></source><imagesize><nrows>2000</nrows><ncols>2992</ncols></imagesize><object><name>m1_s02_065_p_ic022</name><deleted>0</deleted><verified>0</verified><occluded>no</occluded><attributes></attributes><parts><hasparts></hasparts><ispartof></ispartof></parts><date>25-08-20 22:08:36:567</date><id>0</id><type>bounding_box</type><polygon><username>anonymous</username><pt><x>356</x><y>295</y><time>25-08-20 22:08:29:841</time></pt><pt><x>2993</x><y>295</y><time>25-08-20 22:08:32:752</time></pt><pt><x>2993</x><y>1789</y><time>undefined</time></pt><pt><x>356</x><y>1789</y><time>undefined</time></pt><closed_date>25-08-20 22:08:32:753</closed_date></polygon></object></annotation>