<annotation><filename>m1_s01_024_x.jpg</filename><folder>users/joselusava//santiago</folder><source><submittedBy>Jose Saca</submittedBy></source><imagesize><nrows>3200</nrows><ncols>4800</ncols></imagesize><object><name>m1_s01_024_x</name><deleted>0</deleted><verified>0</verified><occluded>no</occluded><attributes></attributes><parts><hasparts></hasparts><ispartof></ispartof></parts><date>09-09-20 19:14:29:146</date><id>0</id><type>bounding_box</type><polygon><username>anonymous</username><pt><x>770</x><y>968</y><time>09-09-20 19:14:20:317</time></pt><pt><x>3279</x><y>968</y><time>09-09-20 19:14:22:815</time></pt><pt><x>3279</x><y>2315</y><time>undefined</time></pt><pt><x>770</x><y>2315</y><time>undefined</time></pt><closed_date>09-09-20 19:14:22:817</closed_date></polygon></object></annotation>