<annotation><filename>m4_s11_176_p_ic037.jpg</filename><folder>users/joselusava//m4_js/176/ic</folder><source><submittedBy>Jose Saca</submittedBy></source><imagesize><nrows>2970</nrows><ncols>4451</ncols></imagesize><object><name>m4_s11_176_p_ic037</name><deleted>0</deleted><verified>0</verified><occluded>no</occluded><attributes></attributes><parts><hasparts></hasparts><ispartof></ispartof></parts><date>14-10-20 19:53:22:213</date><id>0</id><type>bounding_box</type><polygon><username>anonymous</username><pt><x>3065</x><y>2345</y><time>14-10-20 19:53:20:534</time></pt><pt><x>1146</x><y>2345</y><time>14-10-20 19:53:21:468</time></pt><pt><x>1146</x><y>560</y><time>undefined</time></pt><pt><x>3065</x><y>560</y><time>undefined</time></pt><closed_date>14-10-20 19:53:21:469</closed_date></polygon></object></annotation>