<annotation><filename>m1_s01_001_p_ic078.jpg</filename><folder>users/joselusava//juancarlos</folder><source><submittedBy>Jose Saca</submittedBy></source><imagesize><nrows>2000</nrows><ncols>2992</ncols></imagesize><object><name>m1_s01_001_p_ic078</name><deleted>0</deleted><verified>0</verified><occluded>no</occluded><attributes></attributes><parts><hasparts></hasparts><ispartof></ispartof></parts><date>17-09-20 13:54:35:711</date><id>0</id><type>bounding_box</type><polygon><username>anonymous</username><pt><x>720</x><y>822</y><time>17-09-20 13:54:21:389</time></pt><pt><x>1977</x><y>822</y><time>17-09-20 13:54:24:437</time></pt><pt><x>1977</x><y>1564</y><time>undefined</time></pt><pt><x>720</x><y>1564</y><time>undefined</time></pt><closed_date>17-09-20 13:54:24:438</closed_date></polygon></object></annotation>