<annotation><filename>m2_s06_244_p_nic095.jpg</filename><folder>users/joselusava//museos2020</folder><source><submittedBy>Jose Saca</submittedBy></source><imagesize><nrows>2910</nrows><ncols>4361</ncols></imagesize><object><name>m2_s06_244_p_ic095</name><deleted>0</deleted><verified>0</verified><occluded>no</occluded><attributes></attributes><parts><hasparts></hasparts><ispartof></ispartof></parts><date>26-09-20 22:05:53:733</date><id>0</id><type>bounding_box</type><polygon><username>anonymous</username><pt><x>390</x><y>1292</y><time>26-09-20 22:05:45:175</time></pt><pt><x>1925</x><y>1292</y><time>26-09-20 22:05:47:282</time></pt><pt><x>1925</x><y>1966</y><time>undefined</time></pt><pt><x>390</x><y>1966</y><time>undefined</time></pt><closed_date>26-09-20 22:05:47:283</closed_date></polygon></object></annotation>