<annotation><filename>m4_s04_037_p_ic093.jpg</filename><folder>users/joselusava//santiago_2</folder><source><submittedBy>Jose Saca</submittedBy></source><imagesize><nrows>2970</nrows><ncols>4451</ncols></imagesize><object><name>m4_s04_037_p_ic093</name><deleted>0</deleted><verified>0</verified><occluded>no</occluded><attributes></attributes><parts><hasparts></hasparts><ispartof></ispartof></parts><date>18-10-20 22:29:47:765</date><id>0</id><type>bounding_box</type><polygon><username>anonymous</username><pt><x>1556</x><y>639</y><time>18-10-20 22:29:39:585</time></pt><pt><x>2916</x><y>639</y><time>18-10-20 22:29:41:145</time></pt><pt><x>2916</x><y>2559</y><time>undefined</time></pt><pt><x>1556</x><y>2559</y><time>undefined</time></pt><closed_date>18-10-20 22:29:41:146</closed_date></polygon></object></annotation>