<annotation><filename>m1_s01_005_p_nic074.jpg</filename><folder>users/joselusava//museos2020</folder><source><submittedBy>Jose Saca</submittedBy></source><imagesize><nrows>2000</nrows><ncols>2992</ncols></imagesize><object><name>m1_s01_005_p_nic074</name><deleted>0</deleted><verified>0</verified><occluded>no</occluded><attributes></attributes><parts><hasparts></hasparts><ispartof></ispartof></parts><date>14-09-20 11:36:22:023</date><id>0</id><type>bounding_box</type><polygon><username>anonymous</username><pt><x>2195</x><y>1313</y><time>14-09-20 11:36:12:007</time></pt><pt><x>2540</x><y>1313</y><time>14-09-20 11:36:13:292</time></pt><pt><x>2540</x><y>1652</y><time>undefined</time></pt><pt><x>2195</x><y>1652</y><time>undefined</time></pt><closed_date>14-09-20 11:36:13:293</closed_date></polygon></object></annotation>