<annotation><filename>m3_s01_023_p_ic006.jpg</filename><folder>users/joselusava//santiago_3</folder><source><submittedBy>Jose Saca</submittedBy></source><imagesize><nrows>2970</nrows><ncols>4451</ncols></imagesize><object><name>m3_s01_023_p_ic006</name><deleted>0</deleted><verified>0</verified><occluded>no</occluded><attributes></attributes><parts><hasparts></hasparts><ispartof></ispartof></parts><date>04-11-20 18:40:24:503</date><id>0</id><type>bounding_box</type><polygon><username>anonymous</username><pt><x>792</x><y>396</y><time>04-11-20 18:40:20:020</time></pt><pt><x>3402</x><y>396</y><time>04-11-20 18:40:21:939</time></pt><pt><x>3402</x><y>2681</y><time>undefined</time></pt><pt><x>792</x><y>2681</y><time>undefined</time></pt><closed_date>04-11-20 18:40:21:940</closed_date></polygon></object></annotation>