<annotation><filename>m4_s11_176_p_ic029.jpg</filename><folder>users/joselusava//m4_js/176/ic</folder><source><submittedBy>Jose Saca</submittedBy></source><imagesize><nrows>2970</nrows><ncols>4451</ncols></imagesize><object><name>m4_s11_176_p_ic029</name><deleted>0</deleted><verified>0</verified><occluded>no</occluded><attributes></attributes><parts><hasparts></hasparts><ispartof></ispartof></parts><date>14-10-20 16:40:58:014</date><id>0</id><type>bounding_box</type><polygon><username>anonymous</username><pt><x>2914</x><y>2141</y><time>14-10-20 16:40:56:232</time></pt><pt><x>1262</x><y>2141</y><time>14-10-20 16:40:57:399</time></pt><pt><x>1262</x><y>471</y><time>undefined</time></pt><pt><x>2914</x><y>471</y><time>undefined</time></pt><closed_date>14-10-20 16:40:57:399</closed_date></polygon></object></annotation>