<annotation><filename>m2_s01_034_p_nic074.jpg</filename><folder>users/joselusava//kath</folder><source><submittedBy>Jose Saca</submittedBy></source><imagesize><nrows>2850</nrows><ncols>4271</ncols></imagesize><object><name>m2_s01_034_p_nic074</name><deleted>0</deleted><verified>0</verified><occluded>no</occluded><attributes></attributes><parts><hasparts></hasparts><ispartof></ispartof></parts><date>25-09-20 20:44:30:173</date><id>0</id><polygon><username>anonymous</username><pt><x>236</x><y>781</y><time>25-09-20 20:44:21:788</time></pt><pt><x>1232</x><y>766</y><time>25-09-20 20:44:23:292</time></pt><pt><x>1239</x><y>2091</y><time>25-09-20 20:44:24:713</time></pt><pt><x>473</x><y>2112</y><time>25-09-20 20:44:25:970</time></pt><closed_date>25-09-20 20:44:27:376</closed_date></polygon></object></annotation>