<annotation><filename>m2_s02_190_p_nic062.jpg</filename><folder>users/joselusava//m2_jsv/190/nic</folder><source><submittedBy>Jose Saca</submittedBy></source><imagesize><nrows>2910</nrows><ncols>4361</ncols></imagesize><object><name>m2_s02_190_p_nic062</name><deleted>0</deleted><verified>0</verified><occluded>no</occluded><attributes></attributes><parts><hasparts></hasparts><ispartof></ispartof></parts><date>21-09-20 15:12:19:058</date><id>0</id><type>bounding_box</type><polygon><username>anonymous</username><pt><x>3839</x><y>2733</y><time>21-09-20 15:12:17:106</time></pt><pt><x>2733</x><y>2733</y><time>21-09-20 15:12:18:519</time></pt><pt><x>2733</x><y>1750</y><time>undefined</time></pt><pt><x>3839</x><y>1750</y><time>undefined</time></pt><closed_date>21-09-20 15:12:18:519</closed_date></polygon></object></annotation>