<annotation><filename>m4_s11_178_p_nic078.jpg</filename><folder>users/joselusava//santiago_2</folder><source><submittedBy>Jose Saca</submittedBy></source><imagesize><nrows>2970</nrows><ncols>4451</ncols></imagesize><object><name>m4_s11_178_p_nic078</name><deleted>0</deleted><verified>0</verified><occluded>no</occluded><attributes></attributes><parts><hasparts></hasparts><ispartof></ispartof></parts><date>16-10-20 11:38:41:036</date><id>0</id><type>bounding_box</type><polygon><username>anonymous</username><pt><x>2702</x><y>839</y><time>16-10-20 11:38:37:883</time></pt><pt><x>3598</x><y>839</y><time>16-10-20 11:38:38:855</time></pt><pt><x>3598</x><y>1935</y><time>undefined</time></pt><pt><x>2702</x><y>1935</y><time>undefined</time></pt><closed_date>16-10-20 11:38:38:855</closed_date></polygon></object></annotation>