<annotation><filename>m2_s01_001_p_ic037.jpg</filename><folder>users/joselusava//santiago</folder><source><submittedBy>Jose Saca</submittedBy></source><imagesize><nrows>2850</nrows><ncols>4271</ncols></imagesize><object><name>m2_s01_001_p_ic037</name><deleted>0</deleted><verified>0</verified><occluded>no</occluded><attributes></attributes><parts><hasparts></hasparts><ispartof></ispartof></parts><date>19-09-20 08:27:30:734</date><id>0</id><type>bounding_box</type><polygon><username>anonymous</username><pt><x>805</x><y>147</y><time>19-09-20 08:27:12:360</time></pt><pt><x>3193</x><y>147</y><time>19-09-20 08:27:14:142</time></pt><pt><x>3193</x><y>2773</y><time>undefined</time></pt><pt><x>805</x><y>2773</y><time>undefined</time></pt><closed_date>19-09-20 08:27:14:144</closed_date></polygon></object></annotation>