<annotation><filename>m4_s10_164_p_ic100.jpg</filename><folder>users/joselusava//santiago_2</folder><source><submittedBy>Jose Saca</submittedBy></source><imagesize><nrows>2970</nrows><ncols>4451</ncols></imagesize><object><name>m4_s10_164_p_ic100</name><deleted>0</deleted><verified>0</verified><occluded>no</occluded><attributes></attributes><parts><hasparts></hasparts><ispartof></ispartof></parts><date>13-10-20 23:19:20:147</date><id>0</id><type>bounding_box</type><polygon><username>anonymous</username><pt><x>2031</x><y>1007</y><time>13-10-20 23:19:16:787</time></pt><pt><x>2377</x><y>1007</y><time>13-10-20 23:19:17:626</time></pt><pt><x>2377</x><y>1656</y><time>undefined</time></pt><pt><x>2031</x><y>1656</y><time>undefined</time></pt><closed_date>13-10-20 23:19:17:627</closed_date></polygon></object></annotation>