<annotation><filename>m4_s02_015_p_nic066.jpg</filename><folder>users/joselusava//m4_js/15nic</folder><source><submittedBy>Jose Saca</submittedBy></source><imagesize><nrows>2910</nrows><ncols>4361</ncols></imagesize><object><name>m4_s02_015_p_nic066</name><deleted>0</deleted><verified>0</verified><occluded>no</occluded><attributes></attributes><parts><hasparts></hasparts><ispartof></ispartof></parts><date>06-10-20 20:08:11:039</date><id>0</id><type>bounding_box</type><polygon><username>anonymous</username><pt><x>17</x><y>244</y><time>06-10-20 20:08:08:866</time></pt><pt><x>1776</x><y>244</y><time>06-10-20 20:08:10:356</time></pt><pt><x>1776</x><y>2080</y><time>undefined</time></pt><pt><x>17</x><y>2080</y><time>undefined</time></pt><closed_date>06-10-20 20:08:10:357</closed_date></polygon></object></annotation>