<annotation><filename>m3_s01_010_p_nic044.jpg</filename><folder>users/joselusava//m4_js/m3/10/nic</folder><source><submittedBy>Jose Saca</submittedBy></source><imagesize><nrows>2970</nrows><ncols>4451</ncols></imagesize><object><name>m3_s01_010_p_nic044</name><deleted>0</deleted><verified>0</verified><occluded>no</occluded><attributes></attributes><parts><hasparts></hasparts><ispartof></ispartof></parts><date>29-10-20 14:08:43:731</date><id>0</id><type>bounding_box</type><polygon><username>anonymous</username><pt><x>176</x><y>2194</y><time>29-10-20 14:08:41:880</time></pt><pt><x>2391</x><y>2194</y><time>29-10-20 14:08:42:921</time></pt><pt><x>2391</x><y>31</y><time>undefined</time></pt><pt><x>176</x><y>31</y><time>undefined</time></pt><closed_date>29-10-20 14:08:42:921</closed_date></polygon></object></annotation>