<annotation><filename>m2_s06_250_p_nic001.jpg</filename><folder>users/joselusava//m2_jsv/250</folder><source><submittedBy>Jose Saca</submittedBy></source><imagesize><nrows>2910</nrows><ncols>4361</ncols></imagesize><object><name>m2_s06_250_p_nic001</name><deleted>0</deleted><verified>0</verified><occluded>no</occluded><attributes></attributes><parts><hasparts></hasparts><ispartof></ispartof></parts><date>30-09-20 11:21:33:600</date><id>0</id><type>bounding_box</type><polygon><username>anonymous</username><pt><x>4030</x><y>2359</y><time>30-09-20 11:21:26:963</time></pt><pt><x>157</x><y>2359</y><time>30-09-20 11:21:28:591</time></pt><pt><x>157</x><y>975</y><time>undefined</time></pt><pt><x>4030</x><y>975</y><time>undefined</time></pt><closed_date>30-09-20 11:21:28:592</closed_date></polygon></object></annotation>