<annotation><filename>m2_s05_236_p_nic098.jpg</filename><folder>users/joselusava//museos2020</folder><source><submittedBy>Jose Saca</submittedBy></source><imagesize><nrows>2910</nrows><ncols>4361</ncols></imagesize><object><name>m2_s05_236_p_nic098</name><deleted>0</deleted><verified>0</verified><occluded>no</occluded><attributes></attributes><parts><hasparts></hasparts><ispartof></ispartof></parts><date>17-09-20 13:43:01:781</date><id>0</id><type>bounding_box</type><polygon><username>anonymous</username><pt><x>298</x><y>674</y><time>17-09-20 13:42:52:750</time></pt><pt><x>2761</x><y>674</y><time>17-09-20 13:42:55:384</time></pt><pt><x>2761</x><y>2622</y><time>undefined</time></pt><pt><x>298</x><y>2622</y><time>undefined</time></pt><closed_date>17-09-20 13:42:55:386</closed_date></polygon></object></annotation>