<annotation><filename>m2_s06_244_p_nic077.jpg</filename><folder>users/joselusava//museos2020</folder><source><submittedBy>Jose Saca</submittedBy></source><imagesize><nrows>2910</nrows><ncols>4361</ncols></imagesize><object><name>m2_s06_244_p_ic077</name><deleted>0</deleted><verified>0</verified><occluded>no</occluded><attributes></attributes><parts><hasparts></hasparts><ispartof></ispartof></parts><date>26-09-20 21:52:45:218</date><id>0</id><type>bounding_box</type><polygon><username>anonymous</username><pt><x>2203</x><y>1799</y><time>26-09-20 21:52:29:715</time></pt><pt><x>3965</x><y>1799</y><time>26-09-20 21:52:31:904</time></pt><pt><x>3965</x><y>2682</y><time>undefined</time></pt><pt><x>2203</x><y>2682</y><time>undefined</time></pt><closed_date>26-09-20 21:52:31:906</closed_date></polygon></object></annotation>