<annotation><filename>m1_s01_001_p_nic048.jpg</filename><folder>users/joselusava//juancarlos</folder><source><submittedBy>Jose Saca</submittedBy></source><imagesize><nrows>3200</nrows><ncols>4800</ncols></imagesize><object><name>m1_s01_001_p_nic048</name><deleted>0</deleted><verified>0</verified><occluded>no</occluded><attributes></attributes><parts><hasparts></hasparts><ispartof></ispartof></parts><date>09-09-20 09:16:55:470</date><id>0</id><type>bounding_box</type><polygon><username>anonymous</username><pt><x>2507</x><y>383</y><time>09-09-20 09:16:46:403</time></pt><pt><x>3566</x><y>383</y><time>09-09-20 09:16:48:984</time></pt><pt><x>3566</x><y>987</y><time>undefined</time></pt><pt><x>2507</x><y>987</y><time>undefined</time></pt><closed_date>09-09-20 09:16:48:986</closed_date></polygon></object></annotation>