<annotation><filename>m2_s01_024_p_nic048.jpg</filename><folder>users/joselusava//santiago</folder><source><submittedBy>Jose Saca</submittedBy></source><imagesize><nrows>2850</nrows><ncols>4271</ncols></imagesize><object><name>m2_s01_024_p_nic048</name><deleted>0</deleted><verified>0</verified><occluded>no</occluded><attributes></attributes><parts><hasparts></hasparts><ispartof></ispartof></parts><date>25-09-20 14:40:11:059</date><id>0</id><type>bounding_box</type><polygon><username>anonymous</username><pt><x>599</x><y>622</y><time>25-09-20 14:40:03:940</time></pt><pt><x>1465</x><y>622</y><time>25-09-20 14:40:05:699</time></pt><pt><x>1465</x><y>1972</y><time>undefined</time></pt><pt><x>599</x><y>1972</y><time>undefined</time></pt><closed_date>25-09-20 14:40:05:699</closed_date></polygon></object></annotation>