<annotation><filename>m2_s06_244_p_nic027.jpg</filename><folder>users/joselusava//museos2020</folder><source><submittedBy>Jose Saca</submittedBy></source><imagesize><nrows>2910</nrows><ncols>4361</ncols></imagesize><object><name>m2_s06_244_p_ic027</name><deleted>0</deleted><verified>0</verified><occluded>no</occluded><attributes></attributes><parts><hasparts></hasparts><ispartof></ispartof></parts><date>25-09-20 18:41:39:966</date><id>0</id><type>bounding_box</type><polygon><username>anonymous</username><pt><x>2138</x><y>1859</y><time>25-09-20 18:41:32:791</time></pt><pt><x>3840</x><y>1859</y><time>25-09-20 18:41:34:307</time></pt><pt><x>3840</x><y>2631</y><time>undefined</time></pt><pt><x>2138</x><y>2631</y><time>undefined</time></pt><closed_date>25-09-20 18:41:34:308</closed_date></polygon></object></annotation>