<annotation><filename>m3_s01_010_p_ic094.jpg</filename><folder>users/joselusava//m4_js/m3/10/ic</folder><source><submittedBy>Jose Saca</submittedBy></source><imagesize><nrows>2970</nrows><ncols>4451</ncols></imagesize><object><name>m3_s01_010_p_ic094</name><deleted>0</deleted><verified>0</verified><occluded>no</occluded><attributes></attributes><parts><hasparts></hasparts><ispartof></ispartof></parts><date>29-10-20 13:26:58:800</date><id>0</id><type>bounding_box</type><polygon><username>anonymous</username><pt><x>288</x><y>2790</y><time>29-10-20 13:26:55:874</time></pt><pt><x>4153</x><y>2790</y><time>29-10-20 13:26:57:712</time></pt><pt><x>4153</x><y>447</y><time>undefined</time></pt><pt><x>288</x><y>447</y><time>undefined</time></pt><closed_date>29-10-20 13:26:57:713</closed_date></polygon></object></annotation>