<annotation><filename>m4_s05_060_p_ic063.jpg</filename><folder>users/joselusava//m4_js/60/ic</folder><source><submittedBy>Jose Saca</submittedBy></source><imagesize><nrows>2910</nrows><ncols>4361</ncols></imagesize><object><name>m4_s05_060_p_ic063</name><deleted>0</deleted><verified>0</verified><occluded>no</occluded><attributes></attributes><parts><hasparts></hasparts><ispartof></ispartof></parts><date>13-10-20 15:57:00:367</date><id>0</id><type>bounding_box</type><polygon><username>anonymous</username><pt><x>174</x><y>2463</y><time>13-10-20 15:56:57:800</time></pt><pt><x>4344</x><y>2463</y><time>13-10-20 15:56:59:590</time></pt><pt><x>4344</x><y>366</y><time>undefined</time></pt><pt><x>174</x><y>366</y><time>undefined</time></pt><closed_date>13-10-20 15:56:59:590</closed_date></polygon></object></annotation>