<annotation><filename>m1_s01_001_p_ic067.jpg</filename><folder>users/joselusava//juancarlos</folder><source><submittedBy>Jose Saca</submittedBy></source><imagesize><nrows>2000</nrows><ncols>2992</ncols></imagesize><object><name>m1_s01_001_p_ic067</name><deleted>0</deleted><verified>0</verified><occluded>no</occluded><attributes></attributes><parts><hasparts></hasparts><ispartof></ispartof></parts><date>01-09-20 09:54:54:113</date><id>0</id><type>bounding_box</type><polygon><username>anonymous</username><pt><x>515</x><y>750</y><time>01-09-20 09:54:42:409</time></pt><pt><x>1996</x><y>750</y><time>01-09-20 09:54:44:863</time></pt><pt><x>1996</x><y>1439</y><time>undefined</time></pt><pt><x>515</x><y>1439</y><time>undefined</time></pt><closed_date>01-09-20 09:54:44:865</closed_date></polygon></object></annotation>