<annotation><filename>m1_s02_033_x.jpg</filename><folder>users/joselusava//valeria/sala2</folder><source><submittedBy>Jose Saca</submittedBy></source><imagesize><nrows>3200</nrows><ncols>4800</ncols></imagesize><object><name>m1_s02_033_x</name><deleted>0</deleted><verified>0</verified><occluded>no</occluded><attributes></attributes><parts><hasparts></hasparts><ispartof></ispartof></parts><date>28-08-20 11:18:05:143</date><id>0</id><type>bounding_box</type><polygon><username>anonymous</username><pt><x>4714</x><y>3017</y><time>28-08-20 11:17:55:194</time></pt><pt><x>75</x><y>3017</y><time>28-08-20 11:17:59:213</time></pt><pt><x>75</x><y>424</y><time>undefined</time></pt><pt><x>4714</x><y>424</y><time>undefined</time></pt><closed_date>28-08-20 11:17:59:214</closed_date></polygon></object></annotation>