<annotation><filename>m4_s12_185_p_nic067.jpg</filename><folder>users/joselusava//valeria/m04_s12_185_nic</folder><source><submittedBy>Jose Saca</submittedBy></source><imagesize><nrows>2910</nrows><ncols>4361</ncols></imagesize><object><name>m4_s12_185_p_nic067</name><deleted>0</deleted><verified>0</verified><occluded>no</occluded><attributes></attributes><parts><hasparts></hasparts><ispartof></ispartof></parts><date>17-10-20 23:34:33:195</date><id>0</id><type>bounding_box</type><polygon><username>anonymous</username><pt><x>1645</x><y>2860</y><time>17-10-20 23:34:26:671</time></pt><pt><x>3391</x><y>2860</y><time>17-10-20 23:34:29:566</time></pt><pt><x>3391</x><y>1046</y><time>undefined</time></pt><pt><x>1645</x><y>1046</y><time>undefined</time></pt><closed_date>17-10-20 23:34:29:567</closed_date></polygon></object></annotation>