<annotation><filename>m1_s02_036_p_nic029.jpg</filename><folder>users/joselusava//valeria/sala2_036_nic</folder><source><submittedBy>Jose Saca</submittedBy></source><imagesize><nrows>3200</nrows><ncols>4800</ncols></imagesize><object><name>m1_s02_036_p_nic029</name><deleted>0</deleted><verified>0</verified><occluded>no</occluded><attributes></attributes><parts><hasparts></hasparts><ispartof></ispartof></parts><date>26-08-20 22:57:49:089</date><id>0</id><type>bounding_box</type><polygon><username>anonymous</username><pt><x>3259</x><y>1842</y><time>26-08-20 22:57:43:981</time></pt><pt><x>4650</x><y>1842</y><time>26-08-20 22:57:45:840</time></pt><pt><x>4650</x><y>3050</y><time>undefined</time></pt><pt><x>3259</x><y>3050</y><time>undefined</time></pt><closed_date>26-08-20 22:57:45:840</closed_date></polygon></object></annotation>