<annotation><filename>m1_s01_004_p_nic004.jpg</filename><folder>users/joselusava//valeria_apoyo/sala01_004_nic</folder><source><submittedBy>Jose Saca</submittedBy></source><imagesize><nrows>3200</nrows><ncols>4800</ncols></imagesize><object><name>m1_s01_004_p_nic004</name><deleted>0</deleted><verified>0</verified><occluded>no</occluded><attributes></attributes><parts><hasparts></hasparts><ispartof></ispartof></parts><date>16-09-20 17:33:48:297</date><id>0</id><type>bounding_box</type><polygon><username>anonymous</username><pt><x>48</x><y>1036</y><time>16-09-20 17:33:41:828</time></pt><pt><x>4255</x><y>1036</y><time>16-09-20 17:33:44:610</time></pt><pt><x>4255</x><y>364</y><time>undefined</time></pt><pt><x>48</x><y>364</y><time>undefined</time></pt><closed_date>16-09-20 17:33:44:612</closed_date></polygon></object></annotation>