<annotation><filename>m2_s03_214_x.jpg</filename><folder>users/joselusava//juancarlos</folder><source><submittedBy>Jose Saca</submittedBy></source><imagesize><nrows>2910</nrows><ncols>4361</ncols></imagesize><object><name>m2_s03_214_x</name><deleted>0</deleted><verified>0</verified><occluded>no</occluded><attributes></attributes><parts><hasparts></hasparts><ispartof></ispartof></parts><date>30-09-20 16:09:48:221</date><id>0</id><polygon><username>anonymous</username><pt><x>1460</x><y>767</y><time>30-09-20 16:09:35:977</time></pt><pt><x>1260</x><y>2589</y><time>30-09-20 16:09:37:310</time></pt><pt><x>2724</x><y>2301</y><time>30-09-20 16:09:38:749</time></pt><pt><x>2696</x><y>209</y><time>30-09-20 16:09:39:702</time></pt><closed_date>30-09-20 16:09:40:694</closed_date></polygon></object></annotation>