<annotation><filename>m2_s03_201_p_ic072.jpg</filename><folder>users/joselusava//eg</folder><source><submittedBy>Jose Saca</submittedBy></source><imagesize><nrows>2910</nrows><ncols>4361</ncols></imagesize><object><name>m2_s03_201_p_ic072</name><deleted>0</deleted><verified>0</verified><occluded>no</occluded><attributes></attributes><parts><hasparts></hasparts><ispartof></ispartof></parts><date>17-09-20 07:43:25:737</date><id>0</id><type>bounding_box</type><polygon><username>anonymous</username><pt><x>1204</x><y>79</y><time>17-09-20 07:43:12:866</time></pt><pt><x>3233</x><y>79</y><time>17-09-20 07:43:14:299</time></pt><pt><x>3233</x><y>2487</y><time>undefined</time></pt><pt><x>1204</x><y>2487</y><time>undefined</time></pt><closed_date>17-09-20 07:43:14:300</closed_date></polygon></object></annotation>