<annotation><filename>m4_s04_039_p_ic079.jpg</filename><folder>users/joselusava//santiago_2</folder><source><submittedBy>Jose Saca</submittedBy></source><imagesize><nrows>2970</nrows><ncols>4451</ncols></imagesize><object><name>m4_s04_039_p_ic079</name><deleted>0</deleted><verified>0</verified><occluded>no</occluded><attributes></attributes><parts><hasparts></hasparts><ispartof></ispartof></parts><date>21-10-20 15:58:16:121</date><id>0</id><type>bounding_box</type><polygon><username>anonymous</username><pt><x>1928</x><y>300</y><time>21-10-20 15:58:12:728</time></pt><pt><x>2677</x><y>300</y><time>21-10-20 15:58:14:426</time></pt><pt><x>2677</x><y>2795</y><time>undefined</time></pt><pt><x>1928</x><y>2795</y><time>undefined</time></pt><closed_date>21-10-20 15:58:14:426</closed_date></polygon></object></annotation>