<annotation><filename>m1_s01_005_p_nic011.jpg</filename><folder>users/joselusava//museos2020</folder><source><submittedBy>Jose Saca</submittedBy></source><imagesize><nrows>2000</nrows><ncols>2992</ncols></imagesize><object><name>m1_s01_005_p_nic011</name><deleted>0</deleted><verified>0</verified><occluded>no</occluded><attributes></attributes><parts><hasparts></hasparts><ispartof></ispartof></parts><date>13-09-20 22:43:07:555</date><id>0</id><type>bounding_box</type><polygon><username>anonymous</username><pt><x>16</x><y>281</y><time>13-09-20 22:42:57:497</time></pt><pt><x>748</x><y>281</y><time>13-09-20 22:42:59:024</time></pt><pt><x>748</x><y>1000</y><time>undefined</time></pt><pt><x>16</x><y>1000</y><time>undefined</time></pt><closed_date>13-09-20 22:42:59:024</closed_date></polygon></object></annotation>