<annotation><filename>m1_s01_017_p_nic025.jpg</filename><folder>users/joselusava//santiago</folder><source><submittedBy>Jose Saca</submittedBy></source><imagesize><nrows>3200</nrows><ncols>4800</ncols></imagesize><object><name>m1_s01_017_p_nic025</name><deleted>0</deleted><verified>0</verified><occluded>no</occluded><attributes></attributes><parts><hasparts></hasparts><ispartof></ispartof></parts><date>11-09-20 18:46:12:841</date><id>0</id><type>bounding_box</type><polygon><username>anonymous</username><pt><x>2527</x><y>475</y><time>11-09-20 18:46:05:986</time></pt><pt><x>3034</x><y>475</y><time>11-09-20 18:46:07:012</time></pt><pt><x>3034</x><y>817</y><time>undefined</time></pt><pt><x>2527</x><y>817</y><time>undefined</time></pt><closed_date>11-09-20 18:46:07:013</closed_date></polygon></object></annotation>