<annotation><filename>m4_s05_055_p_ic073.jpg</filename><folder>users/joselusava//valeria/m4_s05_055_ic</folder><source><submittedBy>Jose Saca</submittedBy></source><imagesize><nrows>2910</nrows><ncols>4361</ncols></imagesize><object><name>m4_s05_055_p_ic073</name><deleted>0</deleted><verified>0</verified><occluded>no</occluded><attributes></attributes><parts><hasparts></hasparts><ispartof></ispartof></parts><date>09-10-20 12:55:38:108</date><id>1</id><type>bounding_box</type><polygon><username>anonymous</username><pt><x>1218</x><y>513</y><time>09-10-20 12:55:27:682</time></pt><pt><x>2921</x><y>513</y><time>09-10-20 12:55:31:555</time></pt><pt><x>2921</x><y>2436</y><time>undefined</time></pt><pt><x>1218</x><y>2436</y><time>undefined</time></pt><closed_date>09-10-20 12:55:32:421</closed_date></polygon></object></annotation>