<annotation><filename>m2_s03_252_p_ic067.jpg</filename><folder>users/joselusava//valeria/m2_sala03_252_ic</folder><source><submittedBy>Jose Saca</submittedBy></source><imagesize><nrows>2910</nrows><ncols>4361</ncols></imagesize><object><name>m2_s06_252_p_ic065</name><deleted>0</deleted><verified>0</verified><occluded>no</occluded><attributes/><parts><hasparts/><ispartof/></parts><date>25-09-20 23:27:22:554</date><id>0</id><type>bounding_box</type><polygon><username>anonymous</username><pt><x>3489</x><y>2464</y><time>25-09-20 23:27:15:357</time></pt><pt><x>716</x><y>2464</y><time>25-09-20 23:27:18:992</time></pt><pt><x>716</x><y>562</y><time>undefined</time></pt><pt><x>3489</x><y>562</y><time>undefined</time></pt><closed_date>25-09-20 23:27:18:994</closed_date></polygon></object><object><name>m2_s06_252_p_ic067</name><deleted>0</deleted><verified>0</verified><occluded>no</occluded><attributes></attributes><parts><hasparts></hasparts><ispartof></ispartof></parts><date>27-09-20 12:44:32:307</date><id>1</id><type>bounding_box</type><polygon><username>anonymous</username><pt><x>716</x><y>529</y><time>27-09-20 12:44:25:854</time></pt><pt><x>3483</x><y>529</y><time>27-09-20 12:44:28:277</time></pt><pt><x>3483</x><y>2464</y><time>undefined</time></pt><pt><x>716</x><y>2464</y><time>undefined</time></pt><closed_date>27-09-20 12:44:28:279</closed_date></polygon></object></annotation>