<annotation><filename>m1_s02_036_p_ic017.jpg</filename><folder>users/joselusava//valeria/sala2_036_ic</folder><source><submittedBy>Jose Saca</submittedBy></source><imagesize><nrows>3200</nrows><ncols>4800</ncols></imagesize><object><name>m1_s01_036_p_ic017</name><deleted>0</deleted><verified>0</verified><occluded>no</occluded><attributes></attributes><parts><hasparts></hasparts><ispartof></ispartof></parts><date>23-08-20 01:33:37:562</date><id>0</id><type>bounding_box</type><polygon><username>anonymous</username><pt><x>1160</x><y>923</y><time>23-08-20 01:33:30:454</time></pt><pt><x>3098</x><y>923</y><time>23-08-20 01:33:32:636</time></pt><pt><x>3098</x><y>2808</y><time>undefined</time></pt><pt><x>1160</x><y>2808</y><time>undefined</time></pt><closed_date>23-08-20 01:33:32:637</closed_date></polygon></object></annotation>