<annotation><filename>m2_s02_179_x.jpg</filename><folder>users/joselusava//m2_jsv</folder><source><submittedBy>Jose Saca</submittedBy></source><imagesize><nrows>2910</nrows><ncols>4361</ncols></imagesize><object><name>m2_s02_179_x</name><deleted>0</deleted><verified>0</verified><occluded>no</occluded><attributes></attributes><parts><hasparts></hasparts><ispartof></ispartof></parts><date>20-09-20 16:51:42:620</date><id>0</id><type>bounding_box</type><polygon><username>anonymous</username><pt><x>3029</x><y>2550</y><time>20-09-20 16:51:40:255</time></pt><pt><x>1201</x><y>2550</y><time>20-09-20 16:51:41:767</time></pt><pt><x>1201</x><y>383</y><time>undefined</time></pt><pt><x>3029</x><y>383</y><time>undefined</time></pt><closed_date>20-09-20 16:51:41:767</closed_date></polygon></object></annotation>