<annotation><filename>m2_s06_244_p_nic075.jpg</filename><folder>users/joselusava//museos2020</folder><source><submittedBy>Jose Saca</submittedBy></source><imagesize><nrows>2910</nrows><ncols>4361</ncols></imagesize><object><name>m2_s06_244_p_ic075</name><deleted>0</deleted><verified>0</verified><occluded>no</occluded><attributes></attributes><parts><hasparts></hasparts><ispartof></ispartof></parts><date>26-09-20 21:51:20:660</date><id>0</id><type>bounding_box</type><polygon><username>anonymous</username><pt><x>1557</x><y>1818</y><time>26-09-20 21:51:10:149</time></pt><pt><x>3282</x><y>1818</y><time>26-09-20 21:51:11:722</time></pt><pt><x>3282</x><y>2654</y><time>undefined</time></pt><pt><x>1557</x><y>2654</y><time>undefined</time></pt><closed_date>26-09-20 21:51:11:724</closed_date></polygon></object></annotation>