<annotation><filename>m4_s06_089_p_ic082.jpg</filename><folder>users/joselusava//santiago_2</folder><source><submittedBy>Jose Saca</submittedBy></source><imagesize><nrows>2970</nrows><ncols>4451</ncols></imagesize><object><name>m4_s06_089_p_ic082</name><deleted>0</deleted><verified>0</verified><occluded>no</occluded><attributes></attributes><parts><hasparts></hasparts><ispartof></ispartof></parts><date>11-10-20 21:52:18:089</date><id>0</id><type>bounding_box</type><polygon><username>anonymous</username><pt><x>1651</x><y>308</y><time>11-10-20 21:52:13:633</time></pt><pt><x>2931</x><y>308</y><time>11-10-20 21:52:15:157</time></pt><pt><x>2931</x><y>2602</y><time>undefined</time></pt><pt><x>1651</x><y>2602</y><time>undefined</time></pt><closed_date>11-10-20 21:52:15:159</closed_date></polygon></object></annotation>