<annotation><filename>m2_s01_032_p_nic044.jpg</filename><folder>users/joselusava//santiago_2</folder><source><submittedBy>Jose Saca</submittedBy></source><imagesize><nrows>2850</nrows><ncols>4271</ncols></imagesize><object><name>m2_s01_032_p_nic044</name><deleted>0</deleted><verified>0</verified><occluded>no</occluded><attributes></attributes><parts><hasparts></hasparts><ispartof></ispartof></parts><date>30-09-20 20:44:37:828</date><id>0</id><type>bounding_box</type><polygon><username>anonymous</username><pt><x>2626</x><y>1344</y><time>30-09-20 20:44:35:340</time></pt><pt><x>3393</x><y>1344</y><time>30-09-20 20:44:36:151</time></pt><pt><x>3393</x><y>2280</y><time>undefined</time></pt><pt><x>2626</x><y>2280</y><time>undefined</time></pt><closed_date>30-09-20 20:44:36:153</closed_date></polygon></object></annotation>