<annotation><filename>m2_s02_085_p_nic006.jpg</filename><folder>users/joselusava//m2_jsv/85/nic</folder><source><submittedBy>Jose Saca</submittedBy></source><imagesize><nrows>2910</nrows><ncols>4361</ncols></imagesize><object><name>m2_s02_085_p_nic006</name><deleted>0</deleted><verified>0</verified><occluded>no</occluded><attributes></attributes><parts><hasparts></hasparts><ispartof></ispartof></parts><date>17-09-20 20:18:27:268</date><id>0</id><type>bounding_box</type><polygon><username>anonymous</username><pt><x>3203</x><y>531</y><time>17-09-20 20:18:25:830</time></pt><pt><x>4230</x><y>531</y><time>17-09-20 20:18:26:716</time></pt><pt><x>4230</x><y>1802</y><time>undefined</time></pt><pt><x>3203</x><y>1802</y><time>undefined</time></pt><closed_date>17-09-20 20:18:26:716</closed_date></polygon></object></annotation>