<annotation><filename>m2_s01_001_p_nic090.jpg</filename><folder>users/joselusava//santiago</folder><source><submittedBy>Jose Saca</submittedBy></source><imagesize><nrows>2850</nrows><ncols>4271</ncols></imagesize><object><name>m2_s01_001_p_nic090</name><deleted>0</deleted><verified>0</verified><occluded>no</occluded><attributes></attributes><parts><hasparts></hasparts><ispartof></ispartof></parts><date>19-09-20 23:42:07:904</date><id>0</id><type>bounding_box</type><polygon><username>anonymous</username><pt><x>240</x><y>882</y><time>19-09-20 23:41:55:950</time></pt><pt><x>1779</x><y>882</y><time>19-09-20 23:41:57:480</time></pt><pt><x>1779</x><y>2020</y><time>undefined</time></pt><pt><x>240</x><y>2020</y><time>undefined</time></pt><closed_date>19-09-20 23:41:57:481</closed_date></polygon></object></annotation>