<annotation><filename>m1_s06_186_p_nic003.jpg</filename><folder>users/joselusava//jacob_2/186nic</folder><source><submittedBy>Jose Saca</submittedBy></source><imagesize><nrows>2736</nrows><ncols>4100</ncols></imagesize><object><name>m1_s06_186_p_nic003</name><deleted>0</deleted><verified>0</verified><occluded>no</occluded><attributes></attributes><parts><hasparts></hasparts><ispartof></ispartof></parts><date>09-09-20 22:58:48:003</date><id>0</id><type>bounding_box</type><polygon><username>anonymous</username><pt><x>3814</x><y>2185</y><time>09-09-20 22:58:45:023</time></pt><pt><x>2250</x><y>2185</y><time>09-09-20 22:58:47:212</time></pt><pt><x>2250</x><y>442</y><time>undefined</time></pt><pt><x>3814</x><y>442</y><time>undefined</time></pt><closed_date>09-09-20 22:58:47:213</closed_date></polygon></object></annotation>