<annotation><filename>m4_s07_105_p_nic051.jpg</filename><folder>users/joselusava//kath/m4_105/nic</folder><source><submittedBy>Jose Saca</submittedBy></source><imagesize><nrows>2970</nrows><ncols>4451</ncols></imagesize><object><name>m4_s07_105_p_nic051</name><deleted>0</deleted><verified>0</verified><occluded>no</occluded><attributes></attributes><parts><hasparts></hasparts><ispartof></ispartof></parts><date>03-11-20 08:52:00:909</date><id>0</id><type>bounding_box</type><polygon><username>anonymous</username><pt><x>1547</x><y>2446</y><time>03-11-20 08:51:55:408</time></pt><pt><x>567</x><y>2446</y><time>03-11-20 08:51:58:474</time></pt><pt><x>567</x><y>803</y><time>undefined</time></pt><pt><x>1547</x><y>803</y><time>undefined</time></pt><closed_date>03-11-20 08:51:58:474</closed_date></polygon></object></annotation>