<annotation><filename>img_m1_s03-04_101_p_nic100.jpg</filename><folder>users/joselusava//valeria/sala3y4_101_nic</folder><source><submittedBy>Jose Saca</submittedBy></source><imagesize><nrows>3200</nrows><ncols>4800</ncols></imagesize><object><name>m1_s03_s04_101_p_nic100</name><deleted>0</deleted><verified>0</verified><occluded>no</occluded><attributes></attributes><parts><hasparts></hasparts><ispartof></ispartof></parts><date>30-08-20 01:40:00:609</date><id>0</id><type>bounding_box</type><polygon><username>anonymous</username><pt><x>48</x><y>3139</y><time>30-08-20 01:39:54:221</time></pt><pt><x>3400</x><y>3139</y><time>30-08-20 01:39:57:298</time></pt><pt><x>3400</x><y>818</y><time>undefined</time></pt><pt><x>48</x><y>818</y><time>undefined</time></pt><closed_date>30-08-20 01:39:57:300</closed_date></polygon></object></annotation>