<annotation><filename>m2_s01_032_p_nic014.jpg</filename><folder>users/joselusava//santiago_2</folder><source><submittedBy>Jose Saca</submittedBy></source><imagesize><nrows>2850</nrows><ncols>4271</ncols></imagesize><object><name>m2_s01_032_p_nic014</name><deleted>0</deleted><verified>0</verified><occluded>no</occluded><attributes></attributes><parts><hasparts></hasparts><ispartof></ispartof></parts><date>30-09-20 17:47:32:519</date><id>0</id><type>bounding_box</type><polygon><username>anonymous</username><pt><x>1537</x><y>1082</y><time>30-09-20 17:47:29:633</time></pt><pt><x>2528</x><y>1082</y><time>30-09-20 17:47:30:761</time></pt><pt><x>2528</x><y>2229</y><time>undefined</time></pt><pt><x>1537</x><y>2229</y><time>undefined</time></pt><closed_date>30-09-20 17:47:30:763</closed_date></polygon></object></annotation>