<annotation><filename>m4_s02_021_p_ic044.jpg</filename><folder>users/joselusava//santiago_2</folder><source><submittedBy>Jose Saca</submittedBy></source><imagesize><nrows>3000</nrows><ncols>4496</ncols></imagesize><object><name>m4_s02_021_p_ic044</name><deleted>0</deleted><verified>0</verified><occluded>no</occluded><attributes></attributes><parts><hasparts></hasparts><ispartof></ispartof></parts><date>03-10-20 18:08:34:198</date><id>0</id><type>bounding_box</type><polygon><username>anonymous</username><pt><x>1711</x><y>536</y><time>03-10-20 18:08:30:200</time></pt><pt><x>2857</x><y>536</y><time>03-10-20 18:08:31:739</time></pt><pt><x>2857</x><y>2643</y><time>undefined</time></pt><pt><x>1711</x><y>2643</y><time>undefined</time></pt><closed_date>03-10-20 18:08:31:739</closed_date></polygon></object></annotation>