<annotation><filename>m1_s01_017_p_ic094.jpg</filename><folder>users/joselusava//santiago</folder><source><submittedBy>Jose Saca</submittedBy></source><imagesize><nrows>3200</nrows><ncols>4800</ncols></imagesize><object><name>m1_s01_017_p_ic094</name><deleted>0</deleted><verified>0</verified><occluded>no</occluded><attributes></attributes><parts><hasparts></hasparts><ispartof></ispartof></parts><date>10-09-20 23:20:54:965</date><id>0</id><type>bounding_box</type><polygon><username>anonymous</username><pt><x>1465</x><y>867</y><time>10-09-20 23:20:46:850</time></pt><pt><x>3218</x><y>867</y><time>10-09-20 23:20:48:920</time></pt><pt><x>3218</x><y>2293</y><time>undefined</time></pt><pt><x>1465</x><y>2293</y><time>undefined</time></pt><closed_date>10-09-20 23:20:48:922</closed_date></polygon></object></annotation>