<annotation><filename>m2_s01_024_p_nic044.jpg</filename><folder>users/joselusava//santiago</folder><source><submittedBy>Jose Saca</submittedBy></source><imagesize><nrows>2850</nrows><ncols>4271</ncols></imagesize><object><name>m2_s01_024_p_nic044</name><deleted>0</deleted><verified>0</verified><occluded>no</occluded><attributes></attributes><parts><hasparts></hasparts><ispartof></ispartof></parts><date>25-09-20 14:26:46:740</date><id>0</id><type>bounding_box</type><polygon><username>anonymous</username><pt><x>769</x><y>734</y><time>25-09-20 14:26:27:085</time></pt><pt><x>1510</x><y>734</y><time>25-09-20 14:26:29:157</time></pt><pt><x>1510</x><y>2093</y><time>undefined</time></pt><pt><x>769</x><y>2093</y><time>undefined</time></pt><closed_date>25-09-20 14:26:29:157</closed_date></polygon></object></annotation>