<annotation><filename>m3_s01_013_p_ic011.jpg</filename><folder>users/joselusava//valeria/m03_s01_13_ic</folder><source><submittedBy>Jose Saca</submittedBy></source><imagesize><nrows>2970</nrows><ncols>4451</ncols></imagesize><object><name>m3_s01_013_p_ic011</name><deleted>0</deleted><verified>0</verified><occluded>no</occluded><attributes></attributes><parts><hasparts></hasparts><ispartof></ispartof></parts><date>28-10-20 22:24:28:987</date><id>0</id><type>bounding_box</type><polygon><username>anonymous</username><pt><x>600</x><y>2702</y><time>28-10-20 22:24:21:999</time></pt><pt><x>3495</x><y>2702</y><time>28-10-20 22:24:25:605</time></pt><pt><x>3495</x><y>343</y><time>undefined</time></pt><pt><x>600</x><y>343</y><time>undefined</time></pt><closed_date>28-10-20 22:24:25:606</closed_date></polygon></object></annotation>