<annotation><filename>m4_s04_045_p_nic100.jpg</filename><folder>users/joselusava//valeria/m04_s04_45_nic</folder><source><submittedBy>Jose Saca</submittedBy></source><imagesize><nrows>2970</nrows><ncols>4451</ncols></imagesize><object><name>m4_s04_045_p_nic100</name><deleted>0</deleted><verified>0</verified><occluded>no</occluded><attributes></attributes><parts><hasparts></hasparts><ispartof></ispartof></parts><date>20-10-20 15:56:09:958</date><id>0</id><type>bounding_box</type><polygon><username>anonymous</username><pt><x>3147</x><y>1731</y><time>20-10-20 15:56:04:982</time></pt><pt><x>3775</x><y>1731</y><time>20-10-20 15:56:07:082</time></pt><pt><x>3775</x><y>897</y><time>undefined</time></pt><pt><x>3147</x><y>897</y><time>undefined</time></pt><closed_date>20-10-20 15:56:07:083</closed_date></polygon></object></annotation>