<annotation><filename>m4_s10_164_p_ic048.jpg</filename><folder>users/joselusava//santiago_2</folder><source><submittedBy>Jose Saca</submittedBy></source><imagesize><nrows>2970</nrows><ncols>4451</ncols></imagesize><object><name>m4_s10_164_p_ic048</name><deleted>0</deleted><verified>0</verified><occluded>no</occluded><attributes></attributes><parts><hasparts></hasparts><ispartof></ispartof></parts><date>13-10-20 22:43:11:194</date><id>0</id><type>bounding_box</type><polygon><username>anonymous</username><pt><x>1956</x><y>1078</y><time>13-10-20 22:43:08:397</time></pt><pt><x>2399</x><y>1078</y><time>13-10-20 22:43:09:332</time></pt><pt><x>2399</x><y>1806</y><time>undefined</time></pt><pt><x>1956</x><y>1806</y><time>undefined</time></pt><closed_date>13-10-20 22:43:09:332</closed_date></polygon></object></annotation>