<annotation><filename>m4_s10_164_p_nic094.jpg</filename><folder>users/joselusava//santiago_2</folder><source><submittedBy>Jose Saca</submittedBy></source><imagesize><nrows>2970</nrows><ncols>4451</ncols></imagesize><object><name>m4_s10_164_p_nic094</name><deleted>0</deleted><verified>0</verified><occluded>no</occluded><attributes></attributes><parts><hasparts></hasparts><ispartof></ispartof></parts><date>14-10-20 16:24:41:754</date><id>0</id><type>bounding_box</type><polygon><username>anonymous</username><pt><x>2620</x><y>2110</y><time>14-10-20 16:24:39:186</time></pt><pt><x>3052</x><y>2110</y><time>14-10-20 16:24:39:765</time></pt><pt><x>3052</x><y>2581</y><time>undefined</time></pt><pt><x>2620</x><y>2581</y><time>undefined</time></pt><closed_date>14-10-20 16:24:39:766</closed_date></polygon></object></annotation>