<annotation><filename>m2_s02_085_p_ic048.jpg</filename><folder>users/joselusava//m2_jsv/85/ic</folder><source><submittedBy>Jose Saca</submittedBy></source><imagesize><nrows>2910</nrows><ncols>4361</ncols></imagesize><object><name>m2_s02_085_p_ic048</name><deleted>0</deleted><verified>0</verified><occluded>no</occluded><attributes></attributes><parts><hasparts></hasparts><ispartof></ispartof></parts><date>17-09-20 19:48:27:678</date><id>0</id><type>bounding_box</type><polygon><username>anonymous</username><pt><x>1280</x><y>897</y><time>17-09-20 19:48:26:098</time></pt><pt><x>2907</x><y>897</y><time>17-09-20 19:48:27:189</time></pt><pt><x>2907</x><y>2402</y><time>undefined</time></pt><pt><x>1280</x><y>2402</y><time>undefined</time></pt><closed_date>17-09-20 19:48:27:190</closed_date></polygon></object></annotation>