<annotation><filename>m1_s01_017_p_nic056.jpg</filename><folder>users/joselusava//santiago</folder><source><submittedBy>Jose Saca</submittedBy></source><imagesize><nrows>3200</nrows><ncols>4800</ncols></imagesize><object><name>m1_s01_017_p_nic056</name><deleted>0</deleted><verified>0</verified><occluded>no</occluded><attributes></attributes><parts><hasparts></hasparts><ispartof></ispartof></parts><date>11-09-20 19:23:40:602</date><id>0</id><type>bounding_box</type><polygon><username>anonymous</username><pt><x>536</x><y>2498</y><time>11-09-20 19:23:33:628</time></pt><pt><x>1112</x><y>2498</y><time>11-09-20 19:23:34:712</time></pt><pt><x>1112</x><y>2786</y><time>undefined</time></pt><pt><x>536</x><y>2786</y><time>undefined</time></pt><closed_date>11-09-20 19:23:34:713</closed_date></polygon></object></annotation>