<annotation><filename>m1_s02_065_p_ic017.jpg</filename><folder>users/joselusava//valeria/sala2_065_ic</folder><source><submittedBy>Jose Saca</submittedBy></source><imagesize><nrows>2000</nrows><ncols>2992</ncols></imagesize><object><name>m1_s02_065_p_ic017</name><deleted>0</deleted><verified>0</verified><occluded>no</occluded><attributes></attributes><parts><hasparts></hasparts><ispartof></ispartof></parts><date>25-08-20 21:45:08:568</date><id>0</id><type>bounding_box</type><polygon><username>anonymous</username><pt><x>111</x><y>289</y><time>25-08-20 21:45:02:779</time></pt><pt><x>2859</x><y>289</y><time>25-08-20 21:45:04:917</time></pt><pt><x>2859</x><y>1822</y><time>undefined</time></pt><pt><x>111</x><y>1822</y><time>undefined</time></pt><closed_date>25-08-20 21:45:04:918</closed_date></polygon></object></annotation>