<annotation><filename>m2_s01_034_p_nic030.jpg</filename><folder>users/joselusava//kath</folder><source><submittedBy>Jose Saca</submittedBy></source><imagesize><nrows>2850</nrows><ncols>4271</ncols></imagesize><object><name>m2_s01_034_p_nic030</name><deleted>0</deleted><verified>0</verified><occluded>no</occluded><attributes></attributes><parts><hasparts></hasparts><ispartof></ispartof></parts><date>25-09-20 19:43:24:590</date><id>0</id><type>bounding_box</type><polygon><username>anonymous</username><pt><x>1224</x><y>251</y><time>25-09-20 19:43:15:977</time></pt><pt><x>2241</x><y>251</y><time>25-09-20 19:43:20:195</time></pt><pt><x>2241</x><y>1654</y><time>undefined</time></pt><pt><x>1224</x><y>1654</y><time>undefined</time></pt><closed_date>25-09-20 19:43:20:196</closed_date></polygon></object></annotation>