<annotation><filename>m4_s11_178_p_ic076.jpg</filename><folder>users/joselusava//santiago_2</folder><source><submittedBy>Jose Saca</submittedBy></source><imagesize><nrows>2970</nrows><ncols>4451</ncols></imagesize><object><name>m4_s11_178_p_ic076</name><deleted>0</deleted><verified>0</verified><occluded>no</occluded><attributes></attributes><parts><hasparts></hasparts><ispartof></ispartof></parts><date>15-10-20 22:08:37:131</date><id>0</id><type>bounding_box</type><polygon><username>anonymous</username><pt><x>1317</x><y>971</y><time>15-10-20 22:08:33:417</time></pt><pt><x>2927</x><y>971</y><time>15-10-20 22:08:35:220</time></pt><pt><x>2927</x><y>2577</y><time>undefined</time></pt><pt><x>1317</x><y>2577</y><time>undefined</time></pt><closed_date>15-10-20 22:08:35:221</closed_date></polygon></object></annotation>