<annotation><filename>m2_s01_032_p_ic040.jpg</filename><folder>users/joselusava//santiago_2</folder><source><submittedBy>Jose Saca</submittedBy></source><imagesize><nrows>2850</nrows><ncols>4271</ncols></imagesize><object><name>m2_s01_032_p_ic040</name><deleted>0</deleted><verified>0</verified><occluded>no</occluded><attributes></attributes><parts><hasparts></hasparts><ispartof></ispartof></parts><date>30-09-20 13:40:56:421</date><id>0</id><type>bounding_box</type><polygon><username>anonymous</username><pt><x>1337</x><y>115</y><time>30-09-20 13:40:41:927</time></pt><pt><x>2719</x><y>115</y><time>30-09-20 13:40:43:826</time></pt><pt><x>2719</x><y>2190</y><time>undefined</time></pt><pt><x>1337</x><y>2190</y><time>undefined</time></pt><closed_date>30-09-20 13:40:43:827</closed_date></polygon></object></annotation>