<annotation><filename>m2_s01_032_p_ic048.jpg</filename><folder>users/joselusava//santiago_2</folder><source><submittedBy>Jose Saca</submittedBy></source><imagesize><nrows>2850</nrows><ncols>4271</ncols></imagesize><object><name>m2_s01_032_p_ic048</name><deleted>0</deleted><verified>0</verified><occluded>no</occluded><attributes></attributes><parts><hasparts></hasparts><ispartof></ispartof></parts><date>30-09-20 15:36:07:205</date><id>0</id><type>bounding_box</type><polygon><username>anonymous</username><pt><x>1234</x><y>128</y><time>30-09-20 15:36:00:556</time></pt><pt><x>2901</x><y>128</y><time>30-09-20 15:36:02:970</time></pt><pt><x>2901</x><y>2452</y><time>undefined</time></pt><pt><x>1234</x><y>2452</y><time>undefined</time></pt><closed_date>30-09-20 15:36:02:971</closed_date></polygon></object></annotation>