<annotation><filename>m4_s04_045_p_nic011.jpg</filename><folder>users/joselusava//valeria/m04_s04_45_nic</folder><source><submittedBy>Jose Saca</submittedBy></source><imagesize><nrows>2970</nrows><ncols>4451</ncols></imagesize><object><name>m4_s04_045_p_nic011</name><deleted>0</deleted><verified>0</verified><occluded>no</occluded><attributes></attributes><parts><hasparts></hasparts><ispartof></ispartof></parts><date>20-10-20 00:13:46:547</date><id>0</id><type>bounding_box</type><polygon><username>anonymous</username><pt><x>2050</x><y>1531</y><time>20-10-20 00:13:41:289</time></pt><pt><x>2850</x><y>1531</y><time>20-10-20 00:13:43:048</time></pt><pt><x>2850</x><y>63</y><time>undefined</time></pt><pt><x>2050</x><y>63</y><time>undefined</time></pt><closed_date>20-10-20 00:13:43:050</closed_date></polygon></object></annotation>