<annotation><filename>m2_s07_264_p_ic054.jpg</filename><folder>users/joselusava//valeria/sala7_264_ic</folder><source><submittedBy>Jose Saca</submittedBy></source><imagesize><nrows>2910</nrows><ncols>4361</ncols></imagesize><object><name>m2_s07_264_p_ic054</name><deleted>0</deleted><verified>0</verified><occluded>no</occluded><attributes></attributes><parts><hasparts></hasparts><ispartof></ispartof></parts><date>23-09-20 11:16:42:875</date><id>0</id><type>bounding_box</type><polygon><username>anonymous</username><pt><x>1295</x><y>402</y><time>23-09-20 11:16:37:637</time></pt><pt><x>2927</x><y>402</y><time>23-09-20 11:16:39:474</time></pt><pt><x>2927</x><y>2618</y><time>undefined</time></pt><pt><x>1295</x><y>2618</y><time>undefined</time></pt><closed_date>23-09-20 11:16:39:476</closed_date></polygon></object></annotation>