<annotation><filename>m2_s01_056_p_ic040.jpg</filename><folder>users/joselusava//m2_jsv/56/ic</folder><source><submittedBy>Jose Saca</submittedBy></source><imagesize><nrows>2850</nrows><ncols>4271</ncols></imagesize><object><name>m2_s01_056_p_ic040</name><deleted>0</deleted><verified>0</verified><occluded>no</occluded><attributes></attributes><parts><hasparts></hasparts><ispartof></ispartof></parts><date>28-09-20 21:39:05:663</date><id>0</id><type>bounding_box</type><polygon><username>anonymous</username><pt><x>3303</x><y>2836</y><time>28-09-20 21:39:02:293</time></pt><pt><x>1129</x><y>2836</y><time>28-09-20 21:39:04:833</time></pt><pt><x>1129</x><y>34</y><time>undefined</time></pt><pt><x>3303</x><y>34</y><time>undefined</time></pt><closed_date>28-09-20 21:39:04:833</closed_date></polygon></object></annotation>