<annotation><filename>m4_s04_039_p_nic079.jpg</filename><folder>users/joselusava//santiago_2</folder><source><submittedBy>Jose Saca</submittedBy></source><imagesize><nrows>2970</nrows><ncols>4451</ncols></imagesize><object><name>m4_s04_039_p_nic079</name><deleted>0</deleted><verified>0</verified><occluded>no</occluded><attributes></attributes><parts><hasparts></hasparts><ispartof></ispartof></parts><date>21-10-20 22:04:05:463</date><id>0</id><type>bounding_box</type><polygon><username>anonymous</username><pt><x>2859</x><y>339</y><time>21-10-20 22:04:02:499</time></pt><pt><x>3927</x><y>339</y><time>21-10-20 22:04:03:176</time></pt><pt><x>3927</x><y>2542</y><time>undefined</time></pt><pt><x>2859</x><y>2542</y><time>undefined</time></pt><closed_date>21-10-20 22:04:03:177</closed_date></polygon></object></annotation>