<annotation><filename>m2_s03_248_p_nic006.jpg</filename><folder>users/joselusava//museos2020</folder><source><submittedBy>Jose Saca</submittedBy></source><imagesize><nrows>2910</nrows><ncols>4361</ncols></imagesize><object><name>m2_s03_248_p_nic006</name><deleted>0</deleted><verified>0</verified><occluded>no</occluded><attributes></attributes><parts><hasparts></hasparts><ispartof></ispartof></parts><date>27-09-20 09:55:11:652</date><id>0</id><polygon><username>anonymous</username><pt><x>1943</x><y>823</y><time>27-09-20 09:55:00:308</time></pt><pt><x>3710</x><y>786</y><time>27-09-20 09:55:01:097</time></pt><pt><x>3961</x><y>1065</y><time>27-09-20 09:55:01:825</time></pt><pt><x>2580</x><y>1660</y><time>27-09-20 09:55:02:633</time></pt><closed_date>27-09-20 09:55:06:026</closed_date></polygon></object></annotation>