<annotation><filename>m4_s10_164_p_nic080.jpg</filename><folder>users/joselusava//santiago_2</folder><source><submittedBy>Jose Saca</submittedBy></source><imagesize><nrows>2970</nrows><ncols>4451</ncols></imagesize><object><name>m4_s10_164_p_nic080</name><deleted>0</deleted><verified>0</verified><occluded>no</occluded><attributes></attributes><parts><hasparts></hasparts><ispartof></ispartof></parts><date>14-10-20 16:16:18:252</date><id>0</id><type>bounding_box</type><polygon><username>anonymous</username><pt><x>775</x><y>575</y><time>14-10-20 16:16:15:725</time></pt><pt><x>1367</x><y>575</y><time>14-10-20 16:16:16:457</time></pt><pt><x>1367</x><y>1192</y><time>undefined</time></pt><pt><x>775</x><y>1192</y><time>undefined</time></pt><closed_date>14-10-20 16:16:16:458</closed_date></polygon></object></annotation>