<annotation><filename>img_m1_s10_303_p_nic060.jpg</filename><folder>users/joselusava//santiago</folder><source><submittedBy>Jose Saca</submittedBy></source><imagesize><nrows>3200</nrows><ncols>4800</ncols></imagesize><object><name>m1_s10_303_p_nic060</name><deleted>0</deleted><verified>0</verified><occluded>no</occluded><attributes></attributes><parts><hasparts></hasparts><ispartof></ispartof></parts><date>01-09-20 22:10:52:281</date><id>0</id><type>bounding_box</type><polygon><username>anonymous</username><pt><x>443</x><y>1573</y><time>01-09-20 22:10:43:519</time></pt><pt><x>1245</x><y>1573</y><time>01-09-20 22:10:45:679</time></pt><pt><x>1245</x><y>2440</y><time>undefined</time></pt><pt><x>443</x><y>2440</y><time>undefined</time></pt><closed_date>01-09-20 22:10:45:680</closed_date></polygon></object></annotation>