<annotation><filename>m4_s05_052_p_ic100.jpg</filename><folder>users/joselusava//santiago_2</folder><source><submittedBy>Jose Saca</submittedBy></source><imagesize><nrows>2910</nrows><ncols>4361</ncols></imagesize><object><name>m4_s05_052_p_ic100</name><deleted>0</deleted><verified>0</verified><occluded>no</occluded><attributes></attributes><parts><hasparts></hasparts><ispartof></ispartof></parts><date>07-10-20 23:25:14:449</date><id>0</id><type>bounding_box</type><polygon><username>anonymous</username><pt><x>1344</x><y>589</y><time>07-10-20 23:25:10:437</time></pt><pt><x>3097</x><y>589</y><time>07-10-20 23:25:12:066</time></pt><pt><x>3097</x><y>2591</y><time>undefined</time></pt><pt><x>1344</x><y>2591</y><time>undefined</time></pt><closed_date>07-10-20 23:25:12:067</closed_date></polygon></object></annotation>