<annotation><filename>m4_s04_037_p_nic040.jpg</filename><folder>users/joselusava//santiago_2</folder><source><submittedBy>Jose Saca</submittedBy></source><imagesize><nrows>2970</nrows><ncols>4451</ncols></imagesize><object><name>m4_s04_037_p_nic040</name><deleted>0</deleted><verified>0</verified><occluded>no</occluded><attributes></attributes><parts><hasparts></hasparts><ispartof></ispartof></parts><date>19-10-20 22:18:07:900</date><id>0</id><type>bounding_box</type><polygon><username>anonymous</username><pt><x>2874</x><y>389</y><time>19-10-20 22:18:00:733</time></pt><pt><x>4087</x><y>389</y><time>19-10-20 22:18:01:877</time></pt><pt><x>4087</x><y>1995</y><time>undefined</time></pt><pt><x>2874</x><y>1995</y><time>undefined</time></pt><closed_date>19-10-20 22:18:01:878</closed_date></polygon></object></annotation>