<annotation><filename>m1_s02_029_p_ic064.jpg</filename><folder>users/joselusava//valeria/sala2_029_ic</folder><source><submittedBy>Jose Saca</submittedBy></source><imagesize><nrows>3200</nrows><ncols>4800</ncols></imagesize><object><name>m1_s02_029_p_ic064</name><deleted>0</deleted><verified>0</verified><occluded>no</occluded><attributes></attributes><parts><hasparts></hasparts><ispartof></ispartof></parts><date>22-08-20 20:27:28:704</date><id>0</id><type>bounding_box</type><polygon><username>anonymous</username><pt><x>1026</x><y>156</y><time>22-08-20 20:27:14:662</time></pt><pt><x>3565</x><y>156</y><time>22-08-20 20:27:24:475</time></pt><pt><x>3565</x><y>2685</y><time>undefined</time></pt><pt><x>1026</x><y>2685</y><time>undefined</time></pt><closed_date>22-08-20 20:27:24:476</closed_date></polygon></object></annotation>