<annotation><filename>m1_s01_001_p_ic097.jpg</filename><folder>users/joselusava//juancarlos</folder><source><submittedBy>Jose Saca</submittedBy></source><imagesize><nrows>2000</nrows><ncols>2992</ncols></imagesize><object><name>m1_s01_001_p_ic097</name><deleted>0</deleted><verified>0</verified><occluded>no</occluded><attributes></attributes><parts><hasparts></hasparts><ispartof></ispartof></parts><date>01-09-20 16:30:33:733</date><id>0</id><type>bounding_box</type><polygon><username>anonymous</username><pt><x>662</x><y>614</y><time>01-09-20 16:30:22:896</time></pt><pt><x>2260</x><y>614</y><time>01-09-20 16:30:26:383</time></pt><pt><x>2260</x><y>1442</y><time>undefined</time></pt><pt><x>662</x><y>1442</y><time>undefined</time></pt><closed_date>01-09-20 16:30:26:385</closed_date></polygon></object></annotation>