<annotation><filename>m2_s03_219_p_ic047.jpg</filename><folder>users/joselusava//valeria/m2_sala03_219_ic</folder><source><submittedBy>Jose Saca</submittedBy></source><imagesize><nrows>2910</nrows><ncols>4361</ncols></imagesize><object><name>m2_s03_219_p_ic047</name><deleted>0</deleted><verified>0</verified><occluded>no</occluded><attributes></attributes><parts><hasparts></hasparts><ispartof></ispartof></parts><date>29-09-20 00:31:37:309</date><id>0</id><type>bounding_box</type><polygon><username>anonymous</username><pt><x>3070</x><y>215</y><time>29-09-20 00:31:31:536</time></pt><pt><x>1201</x><y>215</y><time>29-09-20 00:31:33:914</time></pt><pt><x>1201</x><y>2668</y><time>undefined</time></pt><pt><x>3070</x><y>2668</y><time>undefined</time></pt><closed_date>29-09-20 00:31:33:915</closed_date></polygon></object></annotation>