<annotation><filename>m1_s06_144_p_ic076.jpg</filename><folder>users/joselusava//jacob_2/144ic</folder><source><submittedBy>Jose Saca</submittedBy></source><imagesize><nrows>2736</nrows><ncols>4100</ncols></imagesize><object><name>m1_s06_144_p_ic076</name><deleted>0</deleted><verified>0</verified><occluded>no</occluded><attributes></attributes><parts><hasparts></hasparts><ispartof></ispartof></parts><date>08-09-20 01:38:32:103</date><id>0</id><type>bounding_box</type><polygon><username>anonymous</username><pt><x>483</x><y>2414</y><time>08-09-20 01:38:28:534</time></pt><pt><x>3151</x><y>2414</y><time>08-09-20 01:38:31:303</time></pt><pt><x>3151</x><y>115</y><time>undefined</time></pt><pt><x>483</x><y>115</y><time>undefined</time></pt><closed_date>08-09-20 01:38:31:304</closed_date></polygon></object></annotation>