<annotation><filename>m2_s03_201_p_nic017.jpg</filename><folder>users/joselusava//valeria/m2_sala03_201_nic</folder><source><submittedBy>Jose Saca</submittedBy></source><imagesize><nrows>2910</nrows><ncols>4361</ncols></imagesize><object><name>m2_s03_201_p_nic017</name><deleted>0</deleted><verified>0</verified><occluded>no</occluded><attributes></attributes><parts><hasparts></hasparts><ispartof></ispartof></parts><date>29-09-20 22:53:06:290</date><id>0</id><type>bounding_box</type><polygon><username>anonymous</username><pt><x>2927</x><y>2882</y><time>29-09-20 22:52:59:827</time></pt><pt><x>1356</x><y>2882</y><time>29-09-20 22:53:02:626</time></pt><pt><x>1356</x><y>1124</y><time>undefined</time></pt><pt><x>2927</x><y>1124</y><time>undefined</time></pt><closed_date>29-09-20 22:53:02:627</closed_date></polygon></object></annotation>