<annotation><filename>m1_s01_021_p_nic049.jpg</filename><folder>users/joselusava//santiago</folder><source><submittedBy>Jose Saca</submittedBy></source><imagesize><nrows>3200</nrows><ncols>4800</ncols></imagesize><object><name>m1_s01_021_p_nic049</name><deleted>0</deleted><verified>0</verified><occluded>no</occluded><attributes></attributes><parts><hasparts></hasparts><ispartof></ispartof></parts><date>15-09-20 16:43:45:725</date><id>0</id><type>bounding_box</type><polygon><username>anonymous</username><pt><x>3700</x><y>2149</y><time>15-09-20 16:43:38:127</time></pt><pt><x>4111</x><y>2149</y><time>15-09-20 16:43:39:527</time></pt><pt><x>4111</x><y>2707</y><time>undefined</time></pt><pt><x>3700</x><y>2707</y><time>undefined</time></pt><closed_date>15-09-20 16:43:39:527</closed_date></polygon></object></annotation>