<annotation><filename>m1_s02_065_p_nic022.jpg</filename><folder>users/joselusava//valeria/sala2_065_nic</folder><source><submittedBy>Jose Saca</submittedBy></source><imagesize><nrows>2000</nrows><ncols>2992</ncols></imagesize><object><name>m1_s02_065_p_nic022</name><deleted>0</deleted><verified>0</verified><occluded>no</occluded><attributes></attributes><parts><hasparts></hasparts><ispartof></ispartof></parts><date>27-08-20 22:23:49:696</date><id>0</id><type>bounding_box</type><polygon><username>anonymous</username><pt><x>2695</x><y>1792</y><time>27-08-20 22:23:41:307</time></pt><pt><x>1023</x><y>1792</y><time>27-08-20 22:23:43:977</time></pt><pt><x>1023</x><y>983</y><time>undefined</time></pt><pt><x>2695</x><y>983</y><time>undefined</time></pt><closed_date>27-08-20 22:23:43:979</closed_date></polygon></object></annotation>