<annotation><filename>m2_s01_032_p_nic076.jpg</filename><folder>users/joselusava//santiago_2</folder><source><submittedBy>Jose Saca</submittedBy></source><imagesize><nrows>2850</nrows><ncols>4271</ncols></imagesize><object><name>m2_s01_032_p_nic076</name><deleted>0</deleted><verified>0</verified><occluded>no</occluded><attributes></attributes><parts><hasparts></hasparts><ispartof></ispartof></parts><date>30-09-20 21:14:13:120</date><id>0</id><type>bounding_box</type><polygon><username>anonymous</username><pt><x>3077</x><y>770</y><time>30-09-20 21:14:10:137</time></pt><pt><x>3898</x><y>770</y><time>30-09-20 21:14:11:044</time></pt><pt><x>3898</x><y>1686</y><time>undefined</time></pt><pt><x>3077</x><y>1686</y><time>undefined</time></pt><closed_date>30-09-20 21:14:11:045</closed_date></polygon></object></annotation>