<annotation><filename>m1_s06_144_p_nic015.jpg</filename><folder>users/joselusava//jacob_2/144nic</folder><source><submittedBy>Jose Saca</submittedBy></source><imagesize><nrows>2736</nrows><ncols>4100</ncols></imagesize><object><name>m1_s06_144_p_nic015</name><deleted>0</deleted><verified>0</verified><occluded>no</occluded><attributes></attributes><parts><hasparts>0</hasparts><ispartof>0</ispartof></parts><date>08-09-20 01:55:42:569</date><id>0</id><type>bounding_box</type><polygon><username>anonymous</username><pt><x>376</x><y>2570</y><time>08-09-20 01:55:40:307</time></pt><pt><x>2169</x><y>2570</y><time>08-09-20 01:55:41:809</time></pt><pt><x>2169</x><y>1138</y><time>undefined</time></pt><pt><x>376</x><y>1138</y><time>undefined</time></pt><closed_date>08-09-20 01:55:41:809</closed_date></polygon></object></annotation>