<annotation><filename>m1_s02_065_p_ic025.jpg</filename><folder>users/joselusava//valeria/sala2_065_ic</folder><source><submittedBy>Jose Saca</submittedBy></source><imagesize><nrows>2000</nrows><ncols>2992</ncols></imagesize><object><name>m1_s02_065_p_ic025</name><deleted>0</deleted><verified>0</verified><occluded>no</occluded><attributes></attributes><parts><hasparts></hasparts><ispartof></ispartof></parts><date>25-08-20 22:15:35:803</date><id>0</id><type>bounding_box</type><polygon><username>anonymous</username><pt><x>94</x><y>164</y><time>25-08-20 22:15:28:442</time></pt><pt><x>2936</x><y>164</y><time>25-08-20 22:15:31:452</time></pt><pt><x>2936</x><y>1856</y><time>undefined</time></pt><pt><x>94</x><y>1856</y><time>undefined</time></pt><closed_date>25-08-20 22:15:31:453</closed_date></polygon></object></annotation>