<annotation><filename>m1_s06_141_p_ic060.jpg</filename><folder>users/joselusava//jacob_2/141ic</folder><source><submittedBy>Jose Saca</submittedBy></source><imagesize><nrows>2736</nrows><ncols>4100</ncols></imagesize><object><name>m1_s06_141_p_ic060</name><deleted>0</deleted><verified>0</verified><occluded>no</occluded><attributes></attributes><parts><hasparts></hasparts><ispartof></ispartof></parts><date>04-09-20 23:00:08:952</date><id>0</id><type>bounding_box</type><polygon><username>anonymous</username><pt><x>2727</x><y>27</y><time>04-09-20 23:00:03:538</time></pt><pt><x>1394</x><y>27</y><time>04-09-20 23:00:07:349</time></pt><pt><x>1394</x><y>2598</y><time>undefined</time></pt><pt><x>2727</x><y>2598</y><time>undefined</time></pt><closed_date>04-09-20 23:00:07:349</closed_date></polygon></object></annotation>