<annotation><filename>m2_s03_201_p_ic065.jpg</filename><folder>users/joselusava//eg</folder><source><submittedBy>Jose Saca</submittedBy></source><imagesize><nrows>2910</nrows><ncols>4361</ncols></imagesize><object><name>m2_s03_201_p_ic065</name><deleted>0</deleted><verified>0</verified><occluded>no</occluded><attributes></attributes><parts><hasparts></hasparts><ispartof></ispartof></parts><date>17-09-20 07:33:56:582</date><id>0</id><type>bounding_box</type><polygon><username>anonymous</username><pt><x>839</x><y>100</y><time>17-09-20 07:33:38:437</time></pt><pt><x>3032</x><y>100</y><time>17-09-20 07:33:40:185</time></pt><pt><x>3032</x><y>2351</y><time>undefined</time></pt><pt><x>839</x><y>2351</y><time>undefined</time></pt><closed_date>17-09-20 07:33:40:185</closed_date></polygon></object></annotation>