<annotation><filename>m4_s04_039_p_nic049.jpg</filename><folder>users/joselusava//santiago_2</folder><source><submittedBy>Jose Saca</submittedBy></source><imagesize><nrows>2970</nrows><ncols>4451</ncols></imagesize><object><name>m4_s04_039_p_nic049</name><deleted>0</deleted><verified>0</verified><occluded>no</occluded><attributes></attributes><parts><hasparts></hasparts><ispartof></ispartof></parts><date>21-10-20 21:39:47:353</date><id>0</id><type>bounding_box</type><polygon><username>anonymous</username><pt><x>3070</x><y>293</y><time>21-10-20 21:39:43:464</time></pt><pt><x>3984</x><y>293</y><time>21-10-20 21:39:45:194</time></pt><pt><x>3984</x><y>2792</y><time>undefined</time></pt><pt><x>3070</x><y>2792</y><time>undefined</time></pt><closed_date>21-10-20 21:39:45:196</closed_date></polygon></object></annotation>