<annotation><filename>m2_s02_129_p_nic048.jpg</filename><folder>users/joselusava//m2_jsv/129/nic</folder><source><submittedBy>Jose Saca</submittedBy></source><imagesize><nrows>2910</nrows><ncols>4361</ncols></imagesize><object><name>m2_s02_129_p_nic048</name><deleted>0</deleted><verified>0</verified><occluded>no</occluded><attributes></attributes><parts><hasparts></hasparts><ispartof></ispartof></parts><date>25-09-20 07:53:32:775</date><id>0</id><type>bounding_box</type><polygon><username>anonymous</username><pt><x>3987</x><y>1636</y><time>25-09-20 07:53:30:630</time></pt><pt><x>2785</x><y>1636</y><time>25-09-20 07:53:32:025</time></pt><pt><x>2785</x><y>522</y><time>undefined</time></pt><pt><x>3987</x><y>522</y><time>undefined</time></pt><closed_date>25-09-20 07:53:32:026</closed_date></polygon></object></annotation>