<annotation><filename>m2_s01_034_p_ic073.jpg</filename><folder>users/joselusava//kath</folder><source><submittedBy>Jose Saca</submittedBy></source><imagesize><nrows>2850</nrows><ncols>4271</ncols></imagesize><object><name>m2_s01_034_p_ic073</name><deleted>0</deleted><verified>0</verified><occluded>no</occluded><attributes></attributes><parts><hasparts></hasparts><ispartof></ispartof></parts><date>25-09-20 16:43:07:024</date><id>0</id><type>bounding_box</type><polygon><username>anonymous</username><pt><x>1303</x><y>215</y><time>25-09-20 16:42:59:995</time></pt><pt><x>2914</x><y>215</y><time>25-09-20 16:43:03:843</time></pt><pt><x>2914</x><y>2685</y><time>undefined</time></pt><pt><x>1303</x><y>2685</y><time>undefined</time></pt><closed_date>25-09-20 16:43:03:843</closed_date></polygon></object></annotation>