<annotation><filename>m1_s01_017_p_nic066.jpg</filename><folder>users/joselusava//santiago</folder><source><submittedBy>Jose Saca</submittedBy></source><imagesize><nrows>3200</nrows><ncols>4800</ncols></imagesize><object><name>m1_s01_017_p_nic066</name><deleted>0</deleted><verified>0</verified><occluded>no</occluded><attributes></attributes><parts><hasparts></hasparts><ispartof></ispartof></parts><date>11-09-20 19:34:44:531</date><id>0</id><type>bounding_box</type><polygon><username>anonymous</username><pt><x>3092</x><y>1303</y><time>11-09-20 19:34:37:311</time></pt><pt><x>3668</x><y>1303</y><time>11-09-20 19:34:38:329</time></pt><pt><x>3668</x><y>1695</y><time>undefined</time></pt><pt><x>3092</x><y>1695</y><time>undefined</time></pt><closed_date>11-09-20 19:34:38:330</closed_date></polygon></object></annotation>