<annotation><filename>m2_s01_054_p_ic073.jpg</filename><folder>users/joselusava//kath</folder><source><submittedBy>Jose Saca</submittedBy></source><imagesize><nrows>2850</nrows><ncols>4271</ncols></imagesize><object><name>m2_s01_054_p_ic073</name><deleted>0</deleted><verified>0</verified><occluded>no</occluded><attributes></attributes><parts><hasparts></hasparts><ispartof></ispartof></parts><date>29-09-20 23:51:55:741</date><id>0</id><type>bounding_box</type><polygon><username>anonymous</username><pt><x>976</x><y>77</y><time>29-09-20 23:51:47:319</time></pt><pt><x>2766</x><y>77</y><time>29-09-20 23:51:51:922</time></pt><pt><x>2766</x><y>2766</y><time>undefined</time></pt><pt><x>976</x><y>2766</y><time>undefined</time></pt><closed_date>29-09-20 23:51:51:923</closed_date></polygon></object></annotation>