<annotation><filename>m2_s01_032_p_nic081.jpg</filename><folder>users/joselusava//santiago_2</folder><source><submittedBy>Jose Saca</submittedBy></source><imagesize><nrows>2850</nrows><ncols>4271</ncols></imagesize><object><name>m2_s01_032_p_nic081</name><deleted>0</deleted><verified>0</verified><occluded>no</occluded><attributes></attributes><parts><hasparts></hasparts><ispartof></ispartof></parts><date>30-09-20 21:19:05:618</date><id>0</id><type>bounding_box</type><polygon><username>anonymous</username><pt><x>441</x><y>288</y><time>30-09-20 21:19:02:168</time></pt><pt><x>1109</x><y>288</y><time>30-09-20 21:19:03:711</time></pt><pt><x>1109</x><y>1188</y><time>undefined</time></pt><pt><x>441</x><y>1188</y><time>undefined</time></pt><closed_date>30-09-20 21:19:03:712</closed_date></polygon></object></annotation>