<annotation><filename>m1_s01_001_p_nic034.jpg</filename><folder>users/joselusava//juancarlos</folder><source><submittedBy>Jose Saca</submittedBy></source><imagesize><nrows>3200</nrows><ncols>4800</ncols></imagesize><object><name>m1_s01_001_p_nic034</name><deleted>0</deleted><verified>0</verified><occluded>no</occluded><attributes></attributes><parts><hasparts></hasparts><ispartof></ispartof></parts><date>02-09-20 16:00:24:639</date><id>0</id><type>bounding_box</type><polygon><username>anonymous</username><pt><x>503</x><y>1673</y><time>02-09-20 16:00:13:895</time></pt><pt><x>2042</x><y>1673</y><time>02-09-20 16:00:17:424</time></pt><pt><x>2042</x><y>2515</y><time>undefined</time></pt><pt><x>503</x><y>2515</y><time>undefined</time></pt><closed_date>02-09-20 16:00:17:425</closed_date></polygon></object></annotation>