<annotation><filename>m4_s07_105_p_ic094.jpg</filename><folder>users/joselusava//kath/m4_105</folder><source><submittedBy>Jose Saca</submittedBy></source><imagesize><nrows>2970</nrows><ncols>4451</ncols></imagesize><object><name>m4_s07_105_p_ic094</name><deleted>0</deleted><verified>0</verified><occluded>no</occluded><attributes></attributes><parts><hasparts></hasparts><ispartof></ispartof></parts><date>29-10-20 09:12:31:445</date><id>0</id><type>bounding_box</type><polygon><username>anonymous</username><pt><x>1797</x><y>2691</y><time>29-10-20 09:12:23:613</time></pt><pt><x>2922</x><y>2691</y><time>29-10-20 09:12:27:605</time></pt><pt><x>2922</x><y>336</y><time>undefined</time></pt><pt><x>1797</x><y>336</y><time>undefined</time></pt><closed_date>29-10-20 09:12:27:606</closed_date></polygon></object></annotation>