<annotation><filename>m2_s03_248_p_ic058.jpg</filename><folder>users/joselusava//museos2020</folder><source><submittedBy>Jose Saca</submittedBy></source><imagesize><nrows>2910</nrows><ncols>4361</ncols></imagesize><object><name>m2_s03_248_p_ic058</name><deleted>0</deleted><verified>0</verified><occluded>no</occluded><attributes></attributes><parts><hasparts></hasparts><ispartof></ispartof></parts><date>27-09-20 08:47:19:076</date><id>0</id><type>bounding_box</type><polygon><username>anonymous</username><pt><x>9</x><y>456</y><time>27-09-20 08:47:11:542</time></pt><pt><x>4360</x><y>456</y><time>27-09-20 08:47:13:482</time></pt><pt><x>4360</x><y>2236</y><time>undefined</time></pt><pt><x>9</x><y>2236</y><time>undefined</time></pt><closed_date>27-09-20 08:47:13:483</closed_date></polygon></object></annotation>