<annotation><filename>m4_s12_185_p_nic011.jpg</filename><folder>users/joselusava//valeria/m04_s12_185_nic</folder><source><submittedBy>Jose Saca</submittedBy></source><imagesize><nrows>2910</nrows><ncols>4361</ncols></imagesize><object><name>m4_s12_185_p_nic011</name><deleted>0</deleted><verified>0</verified><occluded>no</occluded><attributes></attributes><parts><hasparts></hasparts><ispartof></ispartof></parts><date>17-10-20 19:28:13:592</date><id>0</id><type>bounding_box</type><polygon><username>anonymous</username><pt><x>123</x><y>2552</y><time>17-10-20 19:28:07:493</time></pt><pt><x>2501</x><y>2552</y><time>17-10-20 19:28:10:136</time></pt><pt><x>2501</x><y>319</y><time>undefined</time></pt><pt><x>123</x><y>319</y><time>undefined</time></pt><closed_date>17-10-20 19:28:10:137</closed_date></polygon></object></annotation>