<annotation><filename>m1_s06_144_p_ic023.jpg</filename><folder>users/joselusava//jacob_2/144ic</folder><source><submittedBy>Jose Saca</submittedBy></source><imagesize><nrows>2736</nrows><ncols>4100</ncols></imagesize><object><name>m1_s06_144_p_ic023</name><deleted>0</deleted><verified>0</verified><occluded>no</occluded><attributes></attributes><parts><hasparts></hasparts><ispartof></ispartof></parts><date>07-09-20 02:30:02:738</date><id>0</id><type>bounding_box</type><polygon><username>anonymous</username><pt><x>3486</x><y>2561</y><time>07-09-20 02:29:56:921</time></pt><pt><x>606</x><y>2561</y><time>07-09-20 02:30:00:684</time></pt><pt><x>606</x><y>33</y><time>undefined</time></pt><pt><x>3486</x><y>33</y><time>undefined</time></pt><closed_date>07-09-20 02:30:00:685</closed_date></polygon></object></annotation>