<annotation><filename>m2_s03_248_p_ic096.jpg</filename><folder>users/joselusava//museos2020</folder><source><submittedBy>Jose Saca</submittedBy></source><imagesize><nrows>2910</nrows><ncols>4361</ncols></imagesize><object><name>m2_s03_248_p_ic096</name><deleted>0</deleted><verified>0</verified><occluded>no</occluded><attributes></attributes><parts><hasparts></hasparts><ispartof></ispartof></parts><date>27-09-20 09:28:07:028</date><id>0</id><polygon><username>anonymous</username><pt><x>1009</x><y>581</y><time>27-09-20 09:27:57:925</time></pt><pt><x>2975</x><y>697</y><time>27-09-20 09:27:59:632</time></pt><pt><x>3208</x><y>958</y><time>27-09-20 09:28:00:698</time></pt><pt><x>2520</x><y>2454</y><time>27-09-20 09:28:01:847</time></pt><closed_date>27-09-20 09:28:02:846</closed_date></polygon></object></annotation>