<annotation><filename>m1_s01_005_p_nic100.jpg</filename><folder>users/joselusava//museos2020</folder><source><submittedBy>Jose Saca</submittedBy></source><imagesize><nrows>2000</nrows><ncols>2992</ncols></imagesize><object><name>m1_s01_005_p_nic100</name><deleted>0</deleted><verified>0</verified><occluded>no</occluded><attributes></attributes><parts><hasparts></hasparts><ispartof></ispartof></parts><date>14-09-20 12:12:13:291</date><id>0</id><type>bounding_box</type><polygon><username>anonymous</username><pt><x>351</x><y>1457</y><time>14-09-20 12:12:03:938</time></pt><pt><x>633</x><y>1457</y><time>14-09-20 12:12:05:551</time></pt><pt><x>633</x><y>1770</y><time>undefined</time></pt><pt><x>351</x><y>1770</y><time>undefined</time></pt><closed_date>14-09-20 12:12:05:551</closed_date></polygon></object></annotation>