<annotation><filename>m4_s06_075_x.jpg</filename><folder>users/joselusava//kath/m4_x</folder><source><submittedBy>Jose Saca</submittedBy></source><imagesize><nrows>2970</nrows><ncols>4451</ncols></imagesize><object><name>m4_s06_075_x</name><deleted>0</deleted><verified>0</verified><occluded>no</occluded><attributes></attributes><parts><hasparts></hasparts><ispartof></ispartof></parts><date>20-10-20 09:41:07:734</date><id>0</id><polygon><username>anonymous</username><pt><x>1225</x><y>557</y><time>20-10-20 09:41:00:269</time></pt><pt><x>1052</x><y>2845</y><time>20-10-20 09:41:01:457</time></pt><pt><x>3427</x><y>2864</y><time>20-10-20 09:41:02:598</time></pt><pt><x>3157</x><y>48</y><time>20-10-20 09:41:03:817</time></pt><closed_date>20-10-20 09:41:05:033</closed_date></polygon></object></annotation>