<annotation><filename>m1_s06_144_p_ic072.jpg</filename><folder>users/joselusava//jacob_2/144ic</folder><source><submittedBy>Jose Saca</submittedBy></source><imagesize><nrows>2736</nrows><ncols>4100</ncols></imagesize><object><name>m1_s06_144_p_ic072</name><deleted>0</deleted><verified>0</verified><occluded>no</occluded><attributes></attributes><parts><hasparts></hasparts><ispartof></ispartof></parts><date>08-09-20 01:37:11:096</date><id>0</id><type>bounding_box</type><polygon><username>anonymous</username><pt><x>663</x><y>2709</y><time>08-09-20 01:37:07:971</time></pt><pt><x>3192</x><y>2709</y><time>08-09-20 01:37:10:375</time></pt><pt><x>3192</x><y>368</y><time>undefined</time></pt><pt><x>663</x><y>368</y><time>undefined</time></pt><closed_date>08-09-20 01:37:10:375</closed_date></polygon></object></annotation>