<annotation><filename>m1_s06_141_p_nic094.jpg</filename><folder>users/joselusava//jacob_2/141nic</folder><source><submittedBy>Jose Saca</submittedBy></source><imagesize><nrows>2736</nrows><ncols>4100</ncols></imagesize><object><name>m1_s06_141_p_nic094</name><deleted>0</deleted><verified>0</verified><occluded>no</occluded><attributes></attributes><parts><hasparts></hasparts><ispartof></ispartof></parts><date>06-09-20 01:26:18:197</date><id>0</id><type>bounding_box</type><polygon><username>anonymous</username><pt><x>1410</x><y>2502</y><time>06-09-20 01:26:15:557</time></pt><pt><x>2576</x><y>2502</y><time>06-09-20 01:26:17:547</time></pt><pt><x>2576</x><y>1068</y><time>undefined</time></pt><pt><x>1410</x><y>1068</y><time>undefined</time></pt><closed_date>06-09-20 01:26:17:547</closed_date></polygon></object></annotation>