<annotation><filename>m4_s04_039_p_nic089.jpg</filename><folder>users/joselusava//santiago_2</folder><source><submittedBy>Jose Saca</submittedBy></source><imagesize><nrows>2970</nrows><ncols>4451</ncols></imagesize><object><name>m4_s04_039_p_nic089</name><deleted>0</deleted><verified>0</verified><occluded>no</occluded><attributes></attributes><parts><hasparts></hasparts><ispartof></ispartof></parts><date>21-10-20 22:21:42:122</date><id>0</id><type>bounding_box</type><polygon><username>anonymous</username><pt><x>2642</x><y>1025</y><time>21-10-20 22:21:38:728</time></pt><pt><x>3170</x><y>1025</y><time>21-10-20 22:21:40:237</time></pt><pt><x>3170</x><y>2806</y><time>undefined</time></pt><pt><x>2642</x><y>2806</y><time>undefined</time></pt><closed_date>21-10-20 22:21:40:237</closed_date></polygon></object></annotation>