<annotation><filename>m4_s11_178_p_ic080.jpg</filename><folder>users/joselusava//santiago_2</folder><source><submittedBy>Jose Saca</submittedBy></source><imagesize><nrows>2970</nrows><ncols>4451</ncols></imagesize><object><name>m4_s11_178_p_ic080</name><deleted>0</deleted><verified>0</verified><occluded>no</occluded><attributes></attributes><parts><hasparts></hasparts><ispartof></ispartof></parts><date>15-10-20 22:18:54:992</date><id>0</id><type>bounding_box</type><polygon><username>anonymous</username><pt><x>1413</x><y>748</y><time>15-10-20 22:18:49:946</time></pt><pt><x>2820</x><y>748</y><time>15-10-20 22:18:51:663</time></pt><pt><x>2820</x><y>2526</y><time>undefined</time></pt><pt><x>1413</x><y>2526</y><time>undefined</time></pt><closed_date>15-10-20 22:18:51:665</closed_date></polygon></object></annotation>