<annotation><filename>m4_s05_052_p_nic072.jpg</filename><folder>users/joselusava//santiago_2</folder><source><submittedBy>Jose Saca</submittedBy></source><imagesize><nrows>2910</nrows><ncols>4361</ncols></imagesize><object><name>m4_s05_052_p_nic072</name><deleted>0</deleted><verified>0</verified><occluded>no</occluded><attributes></attributes><parts><hasparts></hasparts><ispartof></ispartof></parts><date>08-10-20 22:12:00:744</date><id>0</id><type>bounding_box</type><polygon><username>anonymous</username><pt><x>1670</x><y>1330</y><time>08-10-20 22:11:57:825</time></pt><pt><x>2816</x><y>1330</y><time>08-10-20 22:11:58:832</time></pt><pt><x>2816</x><y>2605</y><time>undefined</time></pt><pt><x>1670</x><y>2605</y><time>undefined</time></pt><closed_date>08-10-20 22:11:58:832</closed_date></polygon></object></annotation>