<annotation><filename>m4_s05_055_p_nic027.jpg</filename><folder>users/joselusava//valeria/m4_s05_055_nic</folder><source><submittedBy>Jose Saca</submittedBy></source><imagesize><nrows>2910</nrows><ncols>4361</ncols></imagesize><object><name>m4_s05_055_p_nic027</name><deleted>0</deleted><verified>0</verified><occluded>no</occluded><attributes></attributes><parts><hasparts></hasparts><ispartof></ispartof></parts><date>09-10-20 16:50:08:187</date><id>0</id><type>bounding_box</type><polygon><username>anonymous</username><pt><x>1879</x><y>2844</y><time>09-10-20 16:50:00:729</time></pt><pt><x>3345</x><y>2844</y><time>09-10-20 16:50:02:656</time></pt><pt><x>3345</x><y>1284</y><time>undefined</time></pt><pt><x>1879</x><y>1284</y><time>undefined</time></pt><closed_date>09-10-20 16:50:02:657</closed_date></polygon></object></annotation>