<annotation><filename>m4_s04_047_p_nic031.jpg</filename><folder>users/joselusava//kath/kath_m4_047/nic</folder><source><submittedBy>Jose Saca</submittedBy></source><imagesize><nrows>2970</nrows><ncols>4451</ncols></imagesize><object><name>m4_s04_047_p_nic031</name><deleted>0</deleted><verified>0</verified><occluded>no</occluded><attributes></attributes><parts><hasparts></hasparts><ispartof></ispartof></parts><date>24-10-20 18:34:44:666</date><id>0</id><type>bounding_box</type><polygon><username>anonymous</username><pt><x>616</x><y>290</y><time>24-10-20 18:34:37:398</time></pt><pt><x>1737</x><y>290</y><time>24-10-20 18:34:39:846</time></pt><pt><x>1737</x><y>2539</y><time>undefined</time></pt><pt><x>616</x><y>2539</y><time>undefined</time></pt><closed_date>24-10-20 18:34:39:847</closed_date></polygon></object></annotation>