<annotation><filename>m1_s01_005_p_nic088.jpg</filename><folder>users/joselusava//museos2020</folder><source><submittedBy>Jose Saca</submittedBy></source><imagesize><nrows>2000</nrows><ncols>2992</ncols></imagesize><object><name>m1_s01_005_p_nic088</name><deleted>0</deleted><verified>0</verified><occluded>no</occluded><attributes></attributes><parts><hasparts></hasparts><ispartof></ispartof></parts><date>14-09-20 11:59:52:184</date><id>0</id><type>bounding_box</type><polygon><username>anonymous</username><pt><x>1783</x><y>1268</y><time>14-09-20 11:59:45:178</time></pt><pt><x>2192</x><y>1268</y><time>14-09-20 11:59:46:022</time></pt><pt><x>2192</x><y>1741</y><time>undefined</time></pt><pt><x>1783</x><y>1741</y><time>undefined</time></pt><closed_date>14-09-20 11:59:46:024</closed_date></polygon></object></annotation>