<annotation><filename>m4_s05_055_p_nic096.jpg</filename><folder>users/joselusava//valeria/m4_s05_055_nic</folder><source><submittedBy>Jose Saca</submittedBy></source><imagesize><nrows>2910</nrows><ncols>4361</ncols></imagesize><object><name>m4_s05_055_p_nic096</name><deleted>0</deleted><verified>0</verified><occluded>no</occluded><attributes></attributes><parts><hasparts></hasparts><ispartof></ispartof></parts><date>09-10-20 18:34:14:809</date><id>0</id><type>bounding_box</type><polygon><username>anonymous</username><pt><x>2849</x><y>1934</y><time>09-10-20 18:34:08:991</time></pt><pt><x>4095</x><y>1934</y><time>09-10-20 18:34:11:039</time></pt><pt><x>4095</x><y>683</y><time>undefined</time></pt><pt><x>2849</x><y>683</y><time>undefined</time></pt><closed_date>09-10-20 18:34:11:040</closed_date></polygon></object></annotation>