<annotation><filename>m2_s05_236_p_nic019.jpg</filename><folder>users/joselusava//museos2020</folder><source><submittedBy>Jose Saca</submittedBy></source><imagesize><nrows>2910</nrows><ncols>4361</ncols></imagesize><object><name>m2_s05_236_p_nic019</name><deleted>0</deleted><verified>0</verified><occluded>no</occluded><attributes></attributes><parts><hasparts></hasparts><ispartof></ispartof></parts><date>17-09-20 06:54:23:827</date><id>0</id><type>bounding_box</type><polygon><username>anonymous</username><pt><x>344</x><y>1139</y><time>17-09-20 06:54:17:820</time></pt><pt><x>2822</x><y>1139</y><time>17-09-20 06:54:19:066</time></pt><pt><x>2822</x><y>2864</y><time>undefined</time></pt><pt><x>344</x><y>2864</y><time>undefined</time></pt><closed_date>17-09-20 06:54:19:067</closed_date></polygon></object></annotation>