<annotation><filename>m4_s04_045_p_ic075.jpg</filename><folder>users/joselusava//valeria/m04_s04_45_ic</folder><source><submittedBy>Jose Saca</submittedBy></source><imagesize><nrows>2970</nrows><ncols>4451</ncols></imagesize><object><name>m4_s04_045_p_ic075</name><deleted>0</deleted><verified>0</verified><occluded>no</occluded><attributes></attributes><parts><hasparts></hasparts><ispartof></ispartof></parts><date>19-10-20 23:33:12:060</date><id>0</id><type>bounding_box</type><polygon><username>anonymous</username><pt><x>1297</x><y>2856</y><time>19-10-20 23:33:04:817</time></pt><pt><x>2707</x><y>2856</y><time>19-10-20 23:33:07:261</time></pt><pt><x>2707</x><y>314</y><time>undefined</time></pt><pt><x>1297</x><y>314</y><time>undefined</time></pt><closed_date>19-10-20 23:33:07:263</closed_date></polygon></object></annotation>