<annotation><filename>m2_s01_001_p_nic056.jpg</filename><folder>users/joselusava//santiago</folder><source><submittedBy>Jose Saca</submittedBy></source><imagesize><nrows>2850</nrows><ncols>4271</ncols></imagesize><object><name>m2_s01_001_p_nic056</name><deleted>0</deleted><verified>0</verified><occluded>no</occluded><attributes></attributes><parts><hasparts></hasparts><ispartof></ispartof></parts><date>19-09-20 22:56:49:502</date><id>0</id><type>bounding_box</type><polygon><username>anonymous</username><pt><x>2218</x><y>1109</y><time>19-09-20 22:56:40:984</time></pt><pt><x>3841</x><y>1109</y><time>19-09-20 22:56:42:739</time></pt><pt><x>3841</x><y>2587</y><time>undefined</time></pt><pt><x>2218</x><y>2587</y><time>undefined</time></pt><closed_date>19-09-20 22:56:42:740</closed_date></polygon></object></annotation>