<annotation><filename>m2_s01_058_p_ic082.jpg</filename><folder>users/joselusava//m2_jsv/58/ic</folder><source><submittedBy>Jose Saca</submittedBy></source><imagesize><nrows>2850</nrows><ncols>4271</ncols></imagesize><object><name>m2_s01_058_p_ic082</name><deleted>0</deleted><verified>0</verified><occluded>no</occluded><attributes></attributes><parts><hasparts></hasparts><ispartof></ispartof></parts><date>29-09-20 20:52:58:142</date><id>0</id><type>bounding_box</type><polygon><username>anonymous</username><pt><x>3777</x><y>111</y><time>29-09-20 20:52:55:891</time></pt><pt><x>384</x><y>111</y><time>29-09-20 20:52:57:514</time></pt><pt><x>384</x><y>2762</y><time>undefined</time></pt><pt><x>3777</x><y>2762</y><time>undefined</time></pt><closed_date>29-09-20 20:52:57:514</closed_date></polygon></object></annotation>