<annotation><filename>m1_s06_168_p_nic070.jpg</filename><folder>users/joselusava//jacob_2/168nic</folder><source><submittedBy>Jose Saca</submittedBy></source><imagesize><nrows>2736</nrows><ncols>4100</ncols></imagesize><object><name>m1_s06_168_p_nic070</name><deleted>0</deleted><verified>0</verified><occluded>no</occluded><attributes></attributes><parts><hasparts></hasparts><ispartof></ispartof></parts><date>09-09-20 10:53:23:781</date><id>0</id><type>bounding_box</type><polygon><username>anonymous</username><pt><x>1874</x><y>1170</y><time>09-09-20 10:53:21:238</time></pt><pt><x>1138</x><y>1170</y><time>09-09-20 10:53:23:236</time></pt><pt><x>1138</x><y>2545</y><time>undefined</time></pt><pt><x>1874</x><y>2545</y><time>undefined</time></pt><closed_date>09-09-20 10:53:23:237</closed_date></polygon></object></annotation>