<annotation><filename>m4_s06_089_p_nic049.jpg</filename><folder>users/joselusava//santiago_2</folder><source><submittedBy>Jose Saca</submittedBy></source><imagesize><nrows>2970</nrows><ncols>4451</ncols></imagesize><object><name>m4_s06_089_p_nic049</name><deleted>0</deleted><verified>0</verified><occluded>no</occluded><attributes></attributes><parts><hasparts></hasparts><ispartof></ispartof></parts><date>12-10-20 21:15:34:680</date><id>0</id><type>bounding_box</type><polygon><username>anonymous</username><pt><x>618</x><y>842</y><time>12-10-20 21:15:30:568</time></pt><pt><x>1988</x><y>842</y><time>12-10-20 21:15:31:839</time></pt><pt><x>1988</x><y>2667</y><time>undefined</time></pt><pt><x>618</x><y>2667</y><time>undefined</time></pt><closed_date>12-10-20 21:15:31:840</closed_date></polygon></object></annotation>