<annotation><filename>m1_s01_005_p_ic002.jpg</filename><folder>users/joselusava//jacob/sala1/ic</folder><source><submittedBy>Jose Saca</submittedBy></source><imagesize><nrows>2000</nrows><ncols>2992</ncols></imagesize><object><name>m1_s01_005_p_ic002</name><deleted>0</deleted><verified>0</verified><occluded>no</occluded><attributes></attributes><parts><hasparts></hasparts><ispartof></ispartof></parts><date>14-09-20 17:23:47:294</date><id>0</id><type>bounding_box</type><polygon><username>anonymous</username><pt><x>1951</x><y>1541</y><time>14-09-20 17:23:38:149</time></pt><pt><x>1255</x><y>1541</y><time>14-09-20 17:23:40:074</time></pt><pt><x>1255</x><y>636</y><time>undefined</time></pt><pt><x>1951</x><y>636</y><time>undefined</time></pt><closed_date>14-09-20 17:23:40:074</closed_date></polygon></object></annotation>