<annotation><filename>m4_s05_060_p_ic022.jpg</filename><folder>users/joselusava//m4_js/60/ic</folder><source><submittedBy>Jose Saca</submittedBy></source><imagesize><nrows>2910</nrows><ncols>4361</ncols></imagesize><object><name>m4_s05_060_p_ic022</name><deleted>0</deleted><verified>0</verified><occluded>no</occluded><attributes></attributes><parts><hasparts></hasparts><ispartof></ispartof></parts><date>13-10-20 15:42:55:289</date><id>0</id><type>bounding_box</type><polygon><username>anonymous</username><pt><x>4109</x><y>2289</y><time>13-10-20 15:42:53:349</time></pt><pt><x>583</x><y>2289</y><time>13-10-20 15:42:54:617</time></pt><pt><x>583</x><y>679</y><time>undefined</time></pt><pt><x>4109</x><y>679</y><time>undefined</time></pt><closed_date>13-10-20 15:42:54:617</closed_date></polygon></object></annotation>