<annotation><filename>m1_s01_017_p_nic084.jpg</filename><folder>users/joselusava//santiago</folder><source><submittedBy>Jose Saca</submittedBy></source><imagesize><nrows>3200</nrows><ncols>4800</ncols></imagesize><object><name>m1_s01_017_p_nic084</name><deleted>0</deleted><verified>0</verified><occluded>no</occluded><attributes></attributes><parts><hasparts></hasparts><ispartof></ispartof></parts><date>11-09-20 19:57:50:374</date><id>0</id><type>bounding_box</type><polygon><username>anonymous</username><pt><x>551</x><y>1559</y><time>11-09-20 19:57:42:798</time></pt><pt><x>1134</x><y>1559</y><time>11-09-20 19:57:43:946</time></pt><pt><x>1134</x><y>2027</y><time>undefined</time></pt><pt><x>551</x><y>2027</y><time>undefined</time></pt><closed_date>11-09-20 19:57:43:948</closed_date></polygon></object></annotation>