<annotation><filename>m3_s01_023_p_ic044.jpg</filename><folder>users/joselusava//santiago_3</folder><source><submittedBy>Jose Saca</submittedBy></source><imagesize><nrows>2970</nrows><ncols>4451</ncols></imagesize><object><name>m3_s01_023_p_ic044</name><deleted>0</deleted><verified>0</verified><occluded>no</occluded><attributes></attributes><parts><hasparts></hasparts><ispartof></ispartof></parts><date>04-11-20 19:18:56:054</date><id>0</id><type>bounding_box</type><polygon><username>anonymous</username><pt><x>643</x><y>393</y><time>04-11-20 19:18:49:589</time></pt><pt><x>3837</x><y>393</y><time>04-11-20 19:18:51:367</time></pt><pt><x>3837</x><y>2420</y><time>undefined</time></pt><pt><x>643</x><y>2420</y><time>undefined</time></pt><closed_date>04-11-20 19:18:51:368</closed_date></polygon></object></annotation>