<annotation><filename>m3_s01_010_p_ic069.jpg</filename><folder>users/joselusava//m4_js/m3/10/ic</folder><source><submittedBy>Jose Saca</submittedBy></source><imagesize><nrows>2970</nrows><ncols>4451</ncols></imagesize><object><name>m3_s01_010_p_ic069</name><deleted>0</deleted><verified>0</verified><occluded>no</occluded><attributes></attributes><parts><hasparts></hasparts><ispartof></ispartof></parts><date>29-10-20 13:17:27:184</date><id>0</id><type>bounding_box</type><polygon><username>anonymous</username><pt><x>3588</x><y>2843</y><time>29-10-20 13:17:25:534</time></pt><pt><x>1022</x><y>2843</y><time>29-10-20 13:17:26:532</time></pt><pt><x>1022</x><y>490</y><time>undefined</time></pt><pt><x>3588</x><y>490</y><time>undefined</time></pt><closed_date>29-10-20 13:17:26:533</closed_date></polygon></object></annotation>