<annotation><filename>m2_s01_056_p_nic032.jpg</filename><folder>users/joselusava//m2_jsv/56/nic</folder><source><submittedBy>Jose Saca</submittedBy></source><imagesize><nrows>2850</nrows><ncols>4271</ncols></imagesize><object><name>m2_s01_056_p_nic032</name><deleted>0</deleted><verified>0</verified><occluded>no</occluded><attributes></attributes><parts><hasparts></hasparts><ispartof></ispartof></parts><date>28-09-20 22:18:14:479</date><id>0</id><type>bounding_box</type><polygon><username>anonymous</username><pt><x>4042</x><y>2819</y><time>28-09-20 22:18:12:403</time></pt><pt><x>2692</x><y>2819</y><time>28-09-20 22:18:13:656</time></pt><pt><x>2692</x><y>1214</y><time>undefined</time></pt><pt><x>4042</x><y>1214</y><time>undefined</time></pt><closed_date>28-09-20 22:18:13:656</closed_date></polygon></object></annotation>