<annotation><filename>m2_s01_001_p_ic003.jpg</filename><folder>users/joselusava//santiago</folder><source><submittedBy>Jose Saca</submittedBy></source><imagesize><nrows>2850</nrows><ncols>4271</ncols></imagesize><object><name>m2_s01_001_p_ic003</name><deleted>0</deleted><verified>0</verified><occluded>no</occluded><attributes></attributes><parts><hasparts></hasparts><ispartof></ispartof></parts><date>18-09-20 22:04:21:746</date><id>0</id><type>bounding_box</type><polygon><username>anonymous</username><pt><x>1010</x><y>446</y><time>18-09-20 22:04:04:436</time></pt><pt><x>3164</x><y>446</y><time>18-09-20 22:04:10:970</time></pt><pt><x>3164</x><y>2670</y><time>undefined</time></pt><pt><x>1010</x><y>2670</y><time>undefined</time></pt><closed_date>18-09-20 22:04:10:970</closed_date></polygon></object></annotation>