<annotation><filename>m4_s04_039_p_nic018.jpg</filename><folder>users/joselusava//santiago_2</folder><source><submittedBy>Jose Saca</submittedBy></source><imagesize><nrows>2970</nrows><ncols>4451</ncols></imagesize><object><name>m4_s04_039_p_nic018</name><deleted>0</deleted><verified>0</verified><occluded>no</occluded><attributes></attributes><parts><hasparts></hasparts><ispartof></ispartof></parts><date>21-10-20 20:59:36:562</date><id>0</id><type>bounding_box</type><polygon><username>anonymous</username><pt><x>496</x><y>221</y><time>21-10-20 20:59:33:730</time></pt><pt><x>1471</x><y>221</y><time>21-10-20 20:59:34:693</time></pt><pt><x>1471</x><y>2824</y><time>undefined</time></pt><pt><x>496</x><y>2824</y><time>undefined</time></pt><closed_date>21-10-20 20:59:34:694</closed_date></polygon></object></annotation>