<annotation><filename>m2_s02_085_p_ic016.jpg</filename><folder>users/joselusava//m2_jsv/85/ic</folder><source><submittedBy>Jose Saca</submittedBy></source><imagesize><nrows>2910</nrows><ncols>4361</ncols></imagesize><object><name>m2_s02_085_p_ic016</name><deleted>0</deleted><verified>0</verified><occluded>no</occluded><attributes></attributes><parts><hasparts></hasparts><ispartof></ispartof></parts><date>16-09-20 13:34:30:114</date><id>0</id><type>bounding_box</type><polygon><username>anonymous</username><pt><x>1558</x><y>818</y><time>16-09-20 13:34:24:592</time></pt><pt><x>2907</x><y>818</y><time>16-09-20 13:34:26:089</time></pt><pt><x>2907</x><y>2080</y><time>undefined</time></pt><pt><x>1558</x><y>2080</y><time>undefined</time></pt><closed_date>16-09-20 13:34:26:089</closed_date></polygon></object></annotation>