<annotation><filename>m2_s07_264_p_ic064.jpg</filename><folder>users/joselusava//valeria/sala7_264_ic</folder><source><submittedBy>Jose Saca</submittedBy></source><imagesize><nrows>2910</nrows><ncols>4361</ncols></imagesize><object><name>m2_s07_264_p_ic064</name><deleted>0</deleted><verified>0</verified><occluded>no</occluded><attributes></attributes><parts><hasparts></hasparts><ispartof></ispartof></parts><date>23-09-20 11:39:45:292</date><id>0</id><type>bounding_box</type><polygon><username>anonymous</username><pt><x>1284</x><y>292</y><time>23-09-20 11:39:38:876</time></pt><pt><x>2767</x><y>292</y><time>23-09-20 11:39:41:236</time></pt><pt><x>2767</x><y>2293</y><time>undefined</time></pt><pt><x>1284</x><y>2293</y><time>undefined</time></pt><closed_date>23-09-20 11:39:41:238</closed_date></polygon></object></annotation>