<annotation><filename>img_m1_s10_303_p_nic020.jpg</filename><folder>users/joselusava//santiago</folder><source><submittedBy>Jose Saca</submittedBy></source><imagesize><nrows>3200</nrows><ncols>4800</ncols></imagesize><object><name>m1_s10_303_p_nic020</name><deleted>0</deleted><verified>0</verified><occluded>no</occluded><attributes></attributes><parts><hasparts></hasparts><ispartof></ispartof></parts><date>01-09-20 20:03:18:362</date><id>0</id><type>bounding_box</type><polygon><username>anonymous</username><pt><x>1083</x><y>2073</y><time>01-09-20 20:03:10:327</time></pt><pt><x>2635</x><y>2073</y><time>01-09-20 20:03:11:758</time></pt><pt><x>2635</x><y>2862</y><time>undefined</time></pt><pt><x>1083</x><y>2862</y><time>undefined</time></pt><closed_date>01-09-20 20:03:11:759</closed_date></polygon></object></annotation>