<annotation><filename>m1_s02_029_p_nic026.jpg</filename><folder>users/joselusava//valeria/sala2_029_nic</folder><source><submittedBy>Jose Saca</submittedBy></source><imagesize><nrows>3200</nrows><ncols>4800</ncols></imagesize><object><name>m1_s02_029_p_nic026</name><deleted>0</deleted><verified>0</verified><occluded>no</occluded><attributes></attributes><parts><hasparts></hasparts><ispartof></ispartof></parts><date>26-08-20 18:23:56:037</date><id>0</id><type>bounding_box</type><polygon><username>anonymous</username><pt><x>719</x><y>370</y><time>26-08-20 18:23:50:704</time></pt><pt><x>1713</x><y>370</y><time>26-08-20 18:23:52:239</time></pt><pt><x>1713</x><y>1664</y><time>undefined</time></pt><pt><x>719</x><y>1664</y><time>undefined</time></pt><closed_date>26-08-20 18:23:52:240</closed_date></polygon></object></annotation>