<annotation><filename>m3_s01_013_p_ic028.jpg</filename><folder>users/joselusava//valeria/m03_s01_13_ic</folder><source><submittedBy>Jose Saca</submittedBy></source><imagesize><nrows>2970</nrows><ncols>4451</ncols></imagesize><object><name>m3_s01_013_p_ic027</name><deleted>0</deleted><verified>0</verified><occluded>no</occluded><attributes></attributes><parts><hasparts></hasparts><ispartof></ispartof></parts><date>28-10-20 23:05:12:345</date><id>0</id><type>bounding_box</type><polygon><username>anonymous</username><pt><x>3924</x><y>2850</y><time>28-10-20 23:05:06:352</time></pt><pt><x>423</x><y>2850</y><time>28-10-20 23:05:08:558</time></pt><pt><x>423</x><y>366</y><time>undefined</time></pt><pt><x>3924</x><y>366</y><time>undefined</time></pt><closed_date>28-10-20 23:05:08:559</closed_date></polygon></object></annotation>