<annotation><filename>m4_s12_186_p_nic069.jpg</filename><folder>users/joselusava//m4_js/186/nic</folder><source><submittedBy>Jose Saca</submittedBy></source><imagesize><nrows>3899</nrows><ncols>5844</ncols></imagesize><object><name>m4_s12_186_p_nic068</name><deleted>0</deleted><verified>0</verified><occluded>no</occluded><attributes></attributes><parts><hasparts></hasparts><ispartof></ispartof></parts><date>18-10-20 12:12:26:399</date><id>0</id><type>bounding_box</type><polygon><username>anonymous</username><pt><x>2788</x><y>3803</y><time>18-10-20 12:12:22:563</time></pt><pt><x>12</x><y>3803</y><time>18-10-20 12:12:24:302</time></pt><pt><x>12</x><y>233</y><time>undefined</time></pt><pt><x>2788</x><y>233</y><time>undefined</time></pt><closed_date>18-10-20 12:12:24:302</closed_date></polygon></object></annotation>