<annotation><filename>m4_s09_138_p_ic027.jpg</filename><folder>users/joselusava//santiago_2</folder><source><submittedBy>Jose Saca</submittedBy></source><imagesize><nrows>2970</nrows><ncols>4451</ncols></imagesize><object><name>m4_s09_138_p_ic027</name><deleted>0</deleted><verified>0</verified><occluded>no</occluded><attributes></attributes><parts><hasparts></hasparts><ispartof></ispartof></parts><date>22-10-20 14:01:48:855</date><id>0</id><type>bounding_box</type><polygon><username>anonymous</username><pt><x>325</x><y>232</y><time>22-10-20 14:01:44:815</time></pt><pt><x>4348</x><y>232</y><time>22-10-20 14:01:46:447</time></pt><pt><x>4348</x><y>2324</y><time>undefined</time></pt><pt><x>325</x><y>2324</y><time>undefined</time></pt><closed_date>22-10-20 14:01:46:449</closed_date></polygon></object></annotation>