<annotation><filename>m3_s01_002_p_ic014.jpg</filename><folder>users/joselusava//santiago_3</folder><source><submittedBy>Jose Saca</submittedBy></source><imagesize><nrows>2970</nrows><ncols>4451</ncols></imagesize><object><name>m3_s01_002_p_ic014</name><deleted>0</deleted><verified>0</verified><occluded>no</occluded><attributes></attributes><parts><hasparts></hasparts><ispartof></ispartof></parts><date>28-10-20 17:26:07:070</date><id>0</id><type>bounding_box</type><polygon><username>anonymous</username><pt><x>253</x><y>303</y><time>28-10-20 17:26:02:538</time></pt><pt><x>3962</x><y>303</y><time>28-10-20 17:26:05:044</time></pt><pt><x>3962</x><y>2617</y><time>undefined</time></pt><pt><x>253</x><y>2617</y><time>undefined</time></pt><closed_date>28-10-20 17:26:05:046</closed_date></polygon></object></annotation>