<annotation><filename>m4_s10_154_p_ic092.jpg</filename><folder>users/joselusava//valeria/m04_s10_154_ic</folder><source><submittedBy>Jose Saca</submittedBy></source><imagesize><nrows>2970</nrows><ncols>4451</ncols></imagesize><object><name>m4_s10_154_p_ic092</name><deleted>0</deleted><verified>0</verified><occluded>no</occluded><attributes></attributes><parts><hasparts></hasparts><ispartof></ispartof></parts><date>13-10-20 23:19:46:364</date><id>0</id><type>bounding_box</type><polygon><username>anonymous</username><pt><x>685</x><y>2713</y><time>13-10-20 23:19:40:516</time></pt><pt><x>2867</x><y>2713</y><time>13-10-20 23:19:42:842</time></pt><pt><x>2867</x><y>400</y><time>undefined</time></pt><pt><x>685</x><y>400</y><time>undefined</time></pt><closed_date>13-10-20 23:19:42:843</closed_date></polygon></object></annotation>