<annotation><filename>m3_s01_002_p_ic021.jpg</filename><folder>users/joselusava//santiago_3</folder><source><submittedBy>Jose Saca</submittedBy></source><imagesize><nrows>2970</nrows><ncols>4451</ncols></imagesize><object><name>m3_s01_002_p_ic021</name><deleted>0</deleted><verified>0</verified><occluded>no</occluded><attributes></attributes><parts><hasparts></hasparts><ispartof></ispartof></parts><date>28-10-20 18:35:17:250</date><id>0</id><type>bounding_box</type><polygon><username>anonymous</username><pt><x>300</x><y>339</y><time>28-10-20 18:35:09:084</time></pt><pt><x>4205</x><y>339</y><time>28-10-20 18:35:11:857</time></pt><pt><x>4205</x><y>2435</y><time>undefined</time></pt><pt><x>300</x><y>2435</y><time>undefined</time></pt><closed_date>28-10-20 18:35:11:858</closed_date></polygon></object></annotation>