<annotation><filename>m2_s01_001_p_ic051.jpg</filename><folder>users/joselusava//santiago</folder><source><submittedBy>Jose Saca</submittedBy></source><imagesize><nrows>2850</nrows><ncols>4271</ncols></imagesize><object><name>m2_s01_001_p_ic051</name><deleted>0</deleted><verified>0</verified><occluded>no</occluded><attributes></attributes><parts><hasparts></hasparts><ispartof></ispartof></parts><date>19-09-20 08:46:48:133</date><id>0</id><type>bounding_box</type><polygon><username>anonymous</username><pt><x>894</x><y>234</y><time>19-09-20 08:46:37:846</time></pt><pt><x>3097</x><y>234</y><time>19-09-20 08:46:41:140</time></pt><pt><x>3097</x><y>2741</y><time>undefined</time></pt><pt><x>894</x><y>2741</y><time>undefined</time></pt><closed_date>19-09-20 08:46:41:141</closed_date></polygon></object></annotation>