<annotation><filename>m2_s02_129_p_ic033.jpg</filename><folder>users/joselusava//m2_jsv/129/ic</folder><source><submittedBy>Jose Saca</submittedBy></source><imagesize><nrows>2910</nrows><ncols>4361</ncols></imagesize><object><name>m2_s02_129_p_ic033</name><deleted>0</deleted><verified>0</verified><occluded>no</occluded><attributes></attributes><parts><hasparts></hasparts><ispartof></ispartof></parts><date>24-09-20 19:14:09:517</date><id>0</id><type>bounding_box</type><polygon><username>anonymous</username><pt><x>2655</x><y>1941</y><time>24-09-20 19:14:07:168</time></pt><pt><x>1689</x><y>1941</y><time>24-09-20 19:14:08:802</time></pt><pt><x>1689</x><y>862</y><time>undefined</time></pt><pt><x>2655</x><y>862</y><time>undefined</time></pt><closed_date>24-09-20 19:14:08:802</closed_date></polygon></object></annotation>