<annotation><filename>m2_s03_219_p_ic059.jpg</filename><folder>users/joselusava//valeria/m2_sala03_219_ic</folder><source><submittedBy>Jose Saca</submittedBy></source><imagesize><nrows>2910</nrows><ncols>4361</ncols></imagesize><object><name>m2_s03_219_p_ic059</name><deleted>0</deleted><verified>0</verified><occluded>no</occluded><attributes></attributes><parts><hasparts></hasparts><ispartof></ispartof></parts><date>29-09-20 00:44:13:307</date><id>0</id><type>bounding_box</type><polygon><username>anonymous</username><pt><x>2910</x><y>99</y><time>29-09-20 00:44:08:428</time></pt><pt><x>1455</x><y>99</y><time>29-09-20 00:44:10:185</time></pt><pt><x>1455</x><y>2618</y><time>undefined</time></pt><pt><x>2910</x><y>2618</y><time>undefined</time></pt><closed_date>29-09-20 00:44:10:186</closed_date></polygon></object></annotation>