<annotation><filename>m1_s06_141_p_ic099.jpg</filename><folder>users/joselusava//jacob_2/141ic</folder><source><submittedBy>Jose Saca</submittedBy></source><imagesize><nrows>2736</nrows><ncols>4100</ncols></imagesize><object><name>m1_s06_141_p_ic099</name><deleted>0</deleted><verified>0</verified><occluded>no</occluded><attributes></attributes><parts><hasparts></hasparts><ispartof></ispartof></parts><date>05-09-20 00:40:31:191</date><id>0</id><type>bounding_box</type><polygon><username>anonymous</username><pt><x>1279</x><y>2639</y><time>05-09-20 00:40:28:527</time></pt><pt><x>2503</x><y>2639</y><time>05-09-20 00:40:30:116</time></pt><pt><x>2503</x><y>142</y><time>undefined</time></pt><pt><x>1279</x><y>142</y><time>undefined</time></pt><closed_date>05-09-20 00:40:30:116</closed_date></polygon></object></annotation>