<annotation><filename>m4_s04_039_p_ic049.jpg</filename><folder>users/joselusava//santiago_2</folder><source><submittedBy>Jose Saca</submittedBy></source><imagesize><nrows>2970</nrows><ncols>4451</ncols></imagesize><object><name>m4_s04_039_p_ic049</name><deleted>0</deleted><verified>0</verified><occluded>no</occluded><attributes></attributes><parts><hasparts></hasparts><ispartof></ispartof></parts><date>20-10-20 21:53:40:326</date><id>0</id><type>bounding_box</type><polygon><username>anonymous</username><pt><x>1970</x><y>282</y><time>20-10-20 21:53:35:876</time></pt><pt><x>2542</x><y>282</y><time>20-10-20 21:53:37:697</time></pt><pt><x>2542</x><y>2770</y><time>undefined</time></pt><pt><x>1970</x><y>2770</y><time>undefined</time></pt><closed_date>20-10-20 21:53:37:698</closed_date></polygon></object></annotation>