<annotation><filename>m3_s01_013_p_nic021.jpg</filename><folder>users/joselusava//valeria/m03_s01_13_nic</folder><source><submittedBy>Jose Saca</submittedBy></source><imagesize><nrows>2970</nrows><ncols>4451</ncols></imagesize><object><name>m3_s01_013_p_nic021</name><deleted>0</deleted><verified>0</verified><occluded>no</occluded><attributes></attributes><parts><hasparts></hasparts><ispartof></ispartof></parts><date>06-11-20 21:10:57:588</date><id>0</id><type>bounding_box</type><polygon><username>anonymous</username><pt><x>3473</x><y>2850</y><time>06-11-20 21:10:50:429</time></pt><pt><x>771</x><y>2850</y><time>06-11-20 21:10:53:583</time></pt><pt><x>771</x><y>777</y><time>undefined</time></pt><pt><x>3473</x><y>777</y><time>undefined</time></pt><closed_date>06-11-20 21:10:53:583</closed_date></polygon></object></annotation>