<annotation><filename>m1_s06_186_p_nic075.jpg</filename><folder>users/joselusava//jacob_2/186nic</folder><source><submittedBy>Jose Saca</submittedBy></source><imagesize><nrows>2736</nrows><ncols>4100</ncols></imagesize><object><name>m1_s06_186_p_nic075</name><deleted>0</deleted><verified>0</verified><occluded>no</occluded><attributes></attributes><parts><hasparts></hasparts><ispartof></ispartof></parts><date>09-09-20 23:29:10:910</date><id>0</id><type>bounding_box</type><polygon><username>anonymous</username><pt><x>2046</x><y>1989</y><time>09-09-20 23:29:07:863</time></pt><pt><x>1129</x><y>1989</y><time>09-09-20 23:29:10:216</time></pt><pt><x>1129</x><y>278</y><time>undefined</time></pt><pt><x>2046</x><y>278</y><time>undefined</time></pt><closed_date>09-09-20 23:29:10:216</closed_date></polygon></object></annotation>