<annotation><filename>m4_s09_138_p_ic031.jpg</filename><folder>users/joselusava//santiago_2</folder><source><submittedBy>Jose Saca</submittedBy></source><imagesize><nrows>2970</nrows><ncols>4451</ncols></imagesize><object><name>m4_s09_138_p_ic031</name><deleted>0</deleted><verified>0</verified><occluded>no</occluded><attributes></attributes><parts><hasparts></hasparts><ispartof></ispartof></parts><date>22-10-20 14:04:40:837</date><id>0</id><type>bounding_box</type><polygon><username>anonymous</username><pt><x>118</x><y>693</y><time>22-10-20 14:04:36:325</time></pt><pt><x>4341</x><y>693</y><time>22-10-20 14:04:38:288</time></pt><pt><x>4341</x><y>2563</y><time>undefined</time></pt><pt><x>118</x><y>2563</y><time>undefined</time></pt><closed_date>22-10-20 14:04:38:288</closed_date></polygon></object></annotation>