<annotation><filename>m2_s01_034_p_ic038.jpg</filename><folder>users/joselusava//kath</folder><source><submittedBy>Jose Saca</submittedBy></source><imagesize><nrows>2850</nrows><ncols>4271</ncols></imagesize><object><name>m2_s01_034_p_ic038</name><deleted>0</deleted><verified>0</verified><occluded>no</occluded><attributes></attributes><parts><hasparts></hasparts><ispartof></ispartof></parts><date>25-09-20 13:44:49:297</date><id>0</id><type>bounding_box</type><polygon><username>anonymous</username><pt><x>1375</x><y>258</y><time>25-09-20 13:44:42:224</time></pt><pt><x>2993</x><y>258</y><time>25-09-20 13:44:46:057</time></pt><pt><x>2993</x><y>2671</y><time>undefined</time></pt><pt><x>1375</x><y>2671</y><time>undefined</time></pt><closed_date>25-09-20 13:44:46:058</closed_date></polygon></object></annotation>