<annotation><filename>m2_s01_034_p_nic028.jpg</filename><folder>users/joselusava//kath</folder><source><submittedBy>Jose Saca</submittedBy></source><imagesize><nrows>2850</nrows><ncols>4271</ncols></imagesize><object><name>m2_s01_034_p_nic028</name><deleted>0</deleted><verified>0</verified><occluded>no</occluded><attributes></attributes><parts><hasparts></hasparts><ispartof></ispartof></parts><date>25-09-20 19:41:35:935</date><id>0</id><type>bounding_box</type><polygon><username>anonymous</username><pt><x>2621</x><y>193</y><time>25-09-20 19:41:29:641</time></pt><pt><x>1654</x><y>193</y><time>25-09-20 19:41:32:646</time></pt><pt><x>1654</x><y>1668</y><time>undefined</time></pt><pt><x>2621</x><y>1668</y><time>undefined</time></pt><closed_date>25-09-20 19:41:32:647</closed_date></polygon></object></annotation>