<annotation><filename>m1_s06_141_p_nic084.jpg</filename><folder>users/joselusava//jacob_2/141nic</folder><source><submittedBy>Jose Saca</submittedBy></source><imagesize><nrows>2736</nrows><ncols>4100</ncols></imagesize><object><name>m1_s06_141_p_nic084</name><deleted>0</deleted><verified>0</verified><occluded>no</occluded><attributes></attributes><parts><hasparts></hasparts><ispartof></ispartof></parts><date>06-09-20 01:22:38:220</date><id>0</id><type>bounding_box</type><polygon><username>anonymous</username><pt><x>2478</x><y>1109</y><time>06-09-20 01:22:35:628</time></pt><pt><x>3220</x><y>1109</y><time>06-09-20 01:22:37:560</time></pt><pt><x>3220</x><y>2519</y><time>undefined</time></pt><pt><x>2478</x><y>2519</y><time>undefined</time></pt><closed_date>06-09-20 01:22:37:560</closed_date></polygon></object></annotation>