<annotation><filename>m2_s05_236_p_nic060.jpg</filename><folder>users/joselusava//museos2020</folder><source><submittedBy>Jose Saca</submittedBy></source><imagesize><nrows>2910</nrows><ncols>4361</ncols></imagesize><object><name>m2_s05_236_p_nic060</name><deleted>0</deleted><verified>0</verified><occluded>no</occluded><attributes></attributes><parts><hasparts></hasparts><ispartof></ispartof></parts><date>17-09-20 08:08:17:232</date><id>0</id><type>bounding_box</type><polygon><username>anonymous</username><pt><x>1608</x><y>195</y><time>17-09-20 08:08:09:898</time></pt><pt><x>3886</x><y>195</y><time>17-09-20 08:08:10:942</time></pt><pt><x>3886</x><y>2059</y><time>undefined</time></pt><pt><x>1608</x><y>2059</y><time>undefined</time></pt><closed_date>17-09-20 08:08:10:943</closed_date></polygon></object></annotation>