<annotation><filename>img_m1_s10_303_p_nic005.jpg</filename><folder>users/joselusava//santiago</folder><source><submittedBy>Jose Saca</submittedBy></source><imagesize><nrows>3200</nrows><ncols>4800</ncols></imagesize><object><name>m1_s10_303_p_nic005</name><deleted>0</deleted><verified>0</verified><occluded>no</occluded><attributes></attributes><parts><hasparts></hasparts><ispartof></ispartof></parts><date>01-09-20 19:38:41:080</date><id>0</id><type>bounding_box</type><polygon><username>anonymous</username><pt><x>2865</x><y>896</y><time>01-09-20 19:38:26:677</time></pt><pt><x>4489</x><y>896</y><time>01-09-20 19:38:29:914</time></pt><pt><x>4489</x><y>1656</y><time>undefined</time></pt><pt><x>2865</x><y>1656</y><time>undefined</time></pt><closed_date>01-09-20 19:38:29:916</closed_date></polygon></object></annotation>