<annotation><filename>m1_s06_168_p_nic027.jpg</filename><folder>users/joselusava//jacob_2/168nic</folder><source><submittedBy>Jose Saca</submittedBy></source><imagesize><nrows>2736</nrows><ncols>4100</ncols></imagesize><object><name>m1_s06_168_p_nic027</name><deleted>0</deleted><verified>0</verified><occluded>no</occluded><attributes></attributes><parts><hasparts></hasparts><ispartof></ispartof></parts><date>08-09-20 23:08:47:292</date><id>0</id><type>bounding_box</type><polygon><username>anonymous</username><pt><x>2455</x><y>131</y><time>08-09-20 23:08:45:727</time></pt><pt><x>3445</x><y>131</y><time>08-09-20 23:08:46:775</time></pt><pt><x>3445</x><y>1678</y><time>undefined</time></pt><pt><x>2455</x><y>1678</y><time>undefined</time></pt><closed_date>08-09-20 23:08:46:776</closed_date></polygon></object></annotation>