<annotation><filename>img_m1_s10_303_p_nic001.jpg</filename><folder>users/joselusava//santiago</folder><source><submittedBy>Jose Saca</submittedBy></source><imagesize><nrows>3200</nrows><ncols>4800</ncols></imagesize><object><name>m1_s10_303_p_nic001</name><deleted>0</deleted><verified>0</verified><occluded>no</occluded><attributes></attributes><parts><hasparts></hasparts><ispartof></ispartof></parts><date>01-09-20 19:26:10:499</date><id>0</id><type>bounding_box</type><polygon><username>anonymous</username><pt><x>2952</x><y>2102</y><time>01-09-20 19:25:56:316</time></pt><pt><x>4633</x><y>2102</y><time>01-09-20 19:25:59:342</time></pt><pt><x>4633</x><y>2970</y><time>undefined</time></pt><pt><x>2952</x><y>2970</y><time>undefined</time></pt><closed_date>01-09-20 19:25:59:344</closed_date></polygon></object></annotation>