<annotation><filename>m2_s01_056_p_nic001.jpg</filename><folder>users/joselusava//m2_jsv/56/nic</folder><source><submittedBy>Jose Saca</submittedBy></source><imagesize><nrows>2850</nrows><ncols>4271</ncols></imagesize><object><name>m2_s01_056_p_nic001</name><deleted>0</deleted><verified>0</verified><occluded>no</occluded><attributes></attributes><parts><hasparts></hasparts><ispartof></ispartof></parts><date>28-09-20 22:00:30:167</date><id>0</id><type>bounding_box</type><polygon><username>anonymous</username><pt><x>4203</x><y>2760</y><time>28-09-20 22:00:26:411</time></pt><pt><x>2581</x><y>2760</y><time>28-09-20 22:00:28:789</time></pt><pt><x>2581</x><y>858</y><time>undefined</time></pt><pt><x>4203</x><y>858</y><time>undefined</time></pt><closed_date>28-09-20 22:00:28:789</closed_date></polygon></object></annotation>