<annotation><filename>m1_s06_168_p_nic073.jpg</filename><folder>users/joselusava//jacob_2/168nic</folder><source><submittedBy>Jose Saca</submittedBy></source><imagesize><nrows>2736</nrows><ncols>4100</ncols></imagesize><object><name>m1_s06_168_p_nic073</name><deleted>0</deleted><verified>0</verified><occluded>no</occluded><attributes></attributes><parts><hasparts></hasparts><ispartof></ispartof></parts><date>09-09-20 10:54:35:784</date><id>0</id><type>bounding_box</type><polygon><username>anonymous</username><pt><x>2701</x><y>2398</y><time>09-09-20 10:54:33:372</time></pt><pt><x>1899</x><y>2398</y><time>09-09-20 10:54:35:242</time></pt><pt><x>1899</x><y>1039</y><time>undefined</time></pt><pt><x>2701</x><y>1039</y><time>undefined</time></pt><closed_date>09-09-20 10:54:35:242</closed_date></polygon></object></annotation>