<annotation><filename>m1_s02_029_p_ic032.jpg</filename><folder>users/joselusava//valeria/sala2_029_ic</folder><source><submittedBy>Jose Saca</submittedBy></source><imagesize><nrows>3200</nrows><ncols>4800</ncols></imagesize><object><name>m1_s02_029_p_ic032</name><deleted>0</deleted><verified>0</verified><occluded>no</occluded><attributes></attributes><parts><hasparts></hasparts><ispartof></ispartof></parts><date>22-08-20 18:58:33:254</date><id>0</id><type>bounding_box</type><polygon><username>anonymous</username><pt><x>1272</x><y>193</y><time>22-08-20 18:57:44:100</time></pt><pt><x>3388</x><y>193</y><time>22-08-20 18:57:55:314</time></pt><pt><x>3388</x><y>2985</y><time>undefined</time></pt><pt><x>1272</x><y>2985</y><time>undefined</time></pt><closed_date>22-08-20 18:57:55:316</closed_date></polygon></object></annotation>