<annotation><filename>m4_s07_105_p_ic074.jpg</filename><folder>users/joselusava//kath/m4_105</folder><source><submittedBy>Jose Saca</submittedBy></source><imagesize><nrows>2970</nrows><ncols>4451</ncols></imagesize><object><name>m4_s07_105_p_ic074</name><deleted>0</deleted><verified>0</verified><occluded>no</occluded><attributes></attributes><parts><hasparts></hasparts><ispartof></ispartof></parts><date>29-10-20 08:58:03:242</date><id>0</id><type>bounding_box</type><polygon><username>anonymous</username><pt><x>1903</x><y>2610</y><time>29-10-20 08:57:55:064</time></pt><pt><x>2898</x><y>2610</y><time>29-10-20 08:57:58:528</time></pt><pt><x>2898</x><y>586</y><time>undefined</time></pt><pt><x>1903</x><y>586</y><time>undefined</time></pt><closed_date>29-10-20 08:57:58:529</closed_date></polygon></object></annotation>