<annotation><filename>m1_s01_017_p_nic058.jpg</filename><folder>users/joselusava//santiago</folder><source><submittedBy>Jose Saca</submittedBy></source><imagesize><nrows>3200</nrows><ncols>4800</ncols></imagesize><object><name>m1_s01_017_p_nic058</name><deleted>0</deleted><verified>0</verified><occluded>no</occluded><attributes></attributes><parts><hasparts></hasparts><ispartof></ispartof></parts><date>11-09-20 19:25:50:934</date><id>0</id><type>bounding_box</type><polygon><username>anonymous</username><pt><x>1926</x><y>2322</y><time>11-09-20 19:25:42:795</time></pt><pt><x>2369</x><y>2322</y><time>11-09-20 19:25:43:979</time></pt><pt><x>2369</x><y>2754</y><time>undefined</time></pt><pt><x>1926</x><y>2754</y><time>undefined</time></pt><closed_date>11-09-20 19:25:43:980</closed_date></polygon></object></annotation>