<annotation><filename>m1_s01_001_p_nic022.jpg</filename><folder>users/joselusava//juancarlos</folder><source><submittedBy>Jose Saca</submittedBy></source><imagesize><nrows>3200</nrows><ncols>4800</ncols></imagesize><object><name>m1_s01_001_p_nic022</name><deleted>0</deleted><verified>0</verified><occluded>no</occluded><attributes></attributes><parts><hasparts></hasparts><ispartof></ispartof></parts><date>02-09-20 14:14:27:279</date><id>0</id><type>bounding_box</type><polygon><username>anonymous</username><pt><x>2885</x><y>2085</y><time>02-09-20 14:14:16:845</time></pt><pt><x>4236</x><y>2085</y><time>02-09-20 14:14:21:461</time></pt><pt><x>4236</x><y>2976</y><time>undefined</time></pt><pt><x>2885</x><y>2976</y><time>undefined</time></pt><closed_date>02-09-20 14:14:21:463</closed_date></polygon></object></annotation>