<annotation><filename>m2_s06_250_p_ic016.jpg</filename><folder>users/joselusava//valeria/m2_sala06_250_ic</folder><source><submittedBy>Jose Saca</submittedBy></source><imagesize><nrows>2910</nrows><ncols>4361</ncols></imagesize><object><name>m2_s06_250_p_ic016</name><deleted>0</deleted><verified>0</verified><occluded>no</occluded><attributes></attributes><parts><hasparts></hasparts><ispartof></ispartof></parts><date>30-09-20 22:15:01:001</date><id>0</id><type>bounding_box</type><polygon><username>anonymous</username><pt><x>479</x><y>2728</y><time>30-09-20 22:14:55:048</time></pt><pt><x>3891</x><y>2728</y><time>30-09-20 22:14:57:151</time></pt><pt><x>3891</x><y>507</y><time>undefined</time></pt><pt><x>479</x><y>507</y><time>undefined</time></pt><closed_date>30-09-20 22:14:57:153</closed_date></polygon></object></annotation>