<annotation><filename>m1_s01_017_p_ic010.jpg</filename><folder>users/joselusava//santiago</folder><source><submittedBy>Jose Saca</submittedBy></source><imagesize><nrows>3200</nrows><ncols>4800</ncols></imagesize><object><name>m1_s01_017_p_ic010</name><deleted>0</deleted><verified>0</verified><occluded>no</occluded><attributes></attributes><parts><hasparts></hasparts><ispartof></ispartof></parts><date>10-09-20 13:50:38:734</date><id>0</id><type>bounding_box</type><polygon><username>anonymous</username><pt><x>1706</x><y>1155</y><time>10-09-20 13:50:28:641</time></pt><pt><x>3045</x><y>1155</y><time>10-09-20 13:50:30:981</time></pt><pt><x>3045</x><y>2095</y><time>undefined</time></pt><pt><x>1706</x><y>2095</y><time>undefined</time></pt><closed_date>10-09-20 13:50:30:983</closed_date></polygon></object></annotation>