<annotation><filename>m4_s05_052_p_nic061.jpg</filename><folder>users/joselusava//santiago_2</folder><source><submittedBy>Jose Saca</submittedBy></source><imagesize><nrows>2910</nrows><ncols>4361</ncols></imagesize><object><name>m4_s05_052_p_nic061</name><deleted>0</deleted><verified>0</verified><occluded>no</occluded><attributes></attributes><parts><hasparts></hasparts><ispartof></ispartof></parts><date>08-10-20 22:04:47:056</date><id>0</id><type>bounding_box</type><polygon><username>anonymous</username><pt><x>343</x><y>942</y><time>08-10-20 22:04:43:008</time></pt><pt><x>1445</x><y>942</y><time>08-10-20 22:04:44:755</time></pt><pt><x>1445</x><y>2276</y><time>undefined</time></pt><pt><x>343</x><y>2276</y><time>undefined</time></pt><closed_date>08-10-20 22:04:44:755</closed_date></polygon></object></annotation>