<annotation><filename>m1_s01_004_p_ic005.jpg</filename><folder>users/joselusava//valeria_apoyo/sala001_004ic_ok</folder><source><submittedBy>Jose Saca</submittedBy></source><imagesize><nrows>2000</nrows><ncols>2992</ncols></imagesize><object><name>m1_s01_004_p_ic005</name><deleted>0</deleted><verified>0</verified><occluded>no</occluded><attributes></attributes><parts><hasparts></hasparts><ispartof></ispartof></parts><date>15-09-20 20:11:42:012</date><id>0</id><type>bounding_box</type><polygon><username>anonymous</username><pt><x>2841</x><y>1364</y><time>15-09-20 20:11:34:365</time></pt><pt><x>57</x><y>1364</y><time>15-09-20 20:11:37:840</time></pt><pt><x>57</x><y>659</y><time>undefined</time></pt><pt><x>2841</x><y>659</y><time>undefined</time></pt><closed_date>15-09-20 20:11:37:842</closed_date></polygon></object></annotation>