<annotation><filename>m4_s05_052_p_ic006.jpg</filename><folder>users/joselusava//santiago_2</folder><source><submittedBy>Jose Saca</submittedBy></source><imagesize><nrows>2910</nrows><ncols>4361</ncols></imagesize><object><name>m4_s05_052_p_ic006</name><deleted>0</deleted><verified>0</verified><occluded>no</occluded><attributes></attributes><parts><hasparts></hasparts><ispartof></ispartof></parts><date>07-10-20 16:18:51:935</date><id>0</id><type>bounding_box</type><polygon><username>anonymous</username><pt><x>1261</x><y>495</y><time>07-10-20 16:18:47:160</time></pt><pt><x>3198</x><y>495</y><time>07-10-20 16:18:49:447</time></pt><pt><x>3198</x><y>2629</y><time>undefined</time></pt><pt><x>1261</x><y>2629</y><time>undefined</time></pt><closed_date>07-10-20 16:18:49:449</closed_date></polygon></object></annotation>