<annotation><filename>m4_s05_055_p_nic014.jpg</filename><folder>users/joselusava//valeria/m4_s05_055_nic</folder><source><submittedBy>Jose Saca</submittedBy></source><imagesize><nrows>2910</nrows><ncols>4361</ncols></imagesize><object><name>m4_s05_055_p_nic014</name><deleted>0</deleted><verified>0</verified><occluded>no</occluded><attributes></attributes><parts><hasparts></hasparts><ispartof></ispartof></parts><date>09-10-20 15:46:14:782</date><id>0</id><type>bounding_box</type><polygon><username>anonymous</username><pt><x>1764</x><y>1879</y><time>09-10-20 15:46:07:075</time></pt><pt><x>138</x><y>1879</y><time>09-10-20 15:46:10:380</time></pt><pt><x>138</x><y>358</y><time>undefined</time></pt><pt><x>1764</x><y>358</y><time>undefined</time></pt><closed_date>09-10-20 15:46:10:381</closed_date></polygon></object></annotation>