<annotation><filename>m2_s01_001_p_ic086.jpg</filename><folder>users/joselusava//santiago</folder><source><submittedBy>Jose Saca</submittedBy></source><imagesize><nrows>2850</nrows><ncols>4271</ncols></imagesize><object><name>m2_s01_001_p_ic086</name><deleted>0</deleted><verified>0</verified><occluded>no</occluded><attributes></attributes><parts><hasparts></hasparts><ispartof></ispartof></parts><date>19-09-20 10:37:35:866</date><id>0</id><type>bounding_box</type><polygon><username>anonymous</username><pt><x>1138</x><y>516</y><time>19-09-20 10:37:26:860</time></pt><pt><x>3257</x><y>516</y><time>19-09-20 10:37:29:768</time></pt><pt><x>3257</x><y>2613</y><time>undefined</time></pt><pt><x>1138</x><y>2613</y><time>undefined</time></pt><closed_date>19-09-20 10:37:29:768</closed_date></polygon></object></annotation>