<annotation><filename>m1_s01_004_p_ic059.jpg</filename><folder>users/joselusava//valeria_apoyo/sala001_004ic_ok</folder><source><submittedBy>Jose Saca</submittedBy></source><imagesize><nrows>2000</nrows><ncols>2992</ncols></imagesize><object><name>m1_s01_004_p_ic059</name><deleted>0</deleted><verified>0</verified><occluded>no</occluded><attributes></attributes><parts><hasparts></hasparts><ispartof></ispartof></parts><date>16-09-20 00:45:49:666</date><id>0</id><type>bounding_box</type><polygon><username>anonymous</username><pt><x>2746</x><y>1682</y><time>16-09-20 00:45:42:040</time></pt><pt><x>80</x><y>1682</y><time>16-09-20 00:45:45:372</time></pt><pt><x>80</x><y>538</y><time>undefined</time></pt><pt><x>2746</x><y>538</y><time>undefined</time></pt><closed_date>16-09-20 00:45:45:373</closed_date></polygon></object></annotation>