<annotation><filename>m3_s01_002_p_ic035.jpg</filename><folder>users/joselusava//santiago_3</folder><source><submittedBy>Jose Saca</submittedBy></source><imagesize><nrows>2970</nrows><ncols>4451</ncols></imagesize><object><name>m3_s01_002_p_ic035</name><deleted>0</deleted><verified>0</verified><occluded>no</occluded><attributes></attributes><parts><hasparts></hasparts><ispartof></ispartof></parts><date>28-10-20 18:50:56:921</date><id>0</id><type>bounding_box</type><polygon><username>anonymous</username><pt><x>446</x><y>239</y><time>28-10-20 18:50:51:294</time></pt><pt><x>3912</x><y>239</y><time>28-10-20 18:50:53:289</time></pt><pt><x>3912</x><y>2295</y><time>undefined</time></pt><pt><x>446</x><y>2295</y><time>undefined</time></pt><closed_date>28-10-20 18:50:53:290</closed_date></polygon></object></annotation>