<annotation><filename>m4_s10_154_p_ic043.jpg</filename><folder>users/joselusava//valeria/m04_s10_154_ic</folder><source><submittedBy>Jose Saca</submittedBy></source><imagesize><nrows>2970</nrows><ncols>4451</ncols></imagesize><object><name>m4_s10_154_p_ic043</name><deleted>0</deleted><verified>0</verified><occluded>no</occluded><attributes></attributes><parts><hasparts></hasparts><ispartof></ispartof></parts><date>13-10-20 22:05:18:909</date><id>0</id><type>bounding_box</type><polygon><username>anonymous</username><pt><x>1194</x><y>2673</y><time>13-10-20 22:05:12:940</time></pt><pt><x>3073</x><y>2673</y><time>13-10-20 22:05:14:939</time></pt><pt><x>3073</x><y>74</y><time>undefined</time></pt><pt><x>1194</x><y>74</y><time>undefined</time></pt><closed_date>13-10-20 22:05:14:940</closed_date></polygon></object></annotation>