<annotation><filename>m2_s01_058_p_nic015.jpg</filename><folder>users/joselusava//m2_jsv/58/nic</folder><source><submittedBy>Jose Saca</submittedBy></source><imagesize><nrows>2850</nrows><ncols>4271</ncols></imagesize><object><name>m2_s01_058_p_nic015</name><deleted>0</deleted><verified>0</verified><occluded>no</occluded><attributes></attributes><parts><hasparts></hasparts><ispartof></ispartof></parts><date>29-09-20 22:56:37:812</date><id>0</id><type>bounding_box</type><polygon><username>anonymous</username><pt><x>1714</x><y>1134</y><time>29-09-20 22:56:36:043</time></pt><pt><x>26</x><y>1134</y><time>29-09-20 22:56:37:129</time></pt><pt><x>26</x><y>2413</y><time>undefined</time></pt><pt><x>1714</x><y>2413</y><time>undefined</time></pt><closed_date>29-09-20 22:56:37:129</closed_date></polygon></object></annotation>