<annotation><filename>m1_s01_017_p_nic037.jpg</filename><folder>users/joselusava//santiago</folder><source><submittedBy>Jose Saca</submittedBy></source><imagesize><nrows>3200</nrows><ncols>4800</ncols></imagesize><object><name>m1_s01_017_p_nic037</name><deleted>0</deleted><verified>0</verified><occluded>no</occluded><attributes></attributes><parts><hasparts></hasparts><ispartof></ispartof></parts><date>11-09-20 19:01:55:283</date><id>0</id><type>bounding_box</type><polygon><username>anonymous</username><pt><x>1649</x><y>2502</y><time>11-09-20 19:01:46:822</time></pt><pt><x>2196</x><y>2502</y><time>11-09-20 19:01:48:786</time></pt><pt><x>2196</x><y>2901</y><time>undefined</time></pt><pt><x>1649</x><y>2901</y><time>undefined</time></pt><closed_date>11-09-20 19:01:48:788</closed_date></polygon></object></annotation>