<annotation><filename>m4_s05_052_p_nic010.jpg</filename><folder>users/joselusava//santiago_2</folder><source><submittedBy>Jose Saca</submittedBy></source><imagesize><nrows>2910</nrows><ncols>4361</ncols></imagesize><object><name>m4_s05_052_p_nic010</name><deleted>0</deleted><verified>0</verified><occluded>no</occluded><attributes></attributes><parts><hasparts></hasparts><ispartof></ispartof></parts><date>07-10-20 23:46:39:234</date><id>0</id><type>bounding_box</type><polygon><username>anonymous</username><pt><x>1691</x><y>208</y><time>07-10-20 23:46:34:123</time></pt><pt><x>3153</x><y>208</y><time>07-10-20 23:46:35:408</time></pt><pt><x>3153</x><y>1646</y><time>undefined</time></pt><pt><x>1691</x><y>1646</y><time>undefined</time></pt><closed_date>07-10-20 23:46:35:408</closed_date></polygon></object></annotation>