<annotation><filename>m3_s01_010_p_nic023.jpg</filename><folder>users/joselusava//m4_js/m3/10/nic</folder><source><submittedBy>Jose Saca</submittedBy></source><imagesize><nrows>2970</nrows><ncols>4451</ncols></imagesize><object><name>m3_s01_010_p_nic023</name><deleted>0</deleted><verified>0</verified><occluded>no</occluded><attributes></attributes><parts><hasparts></hasparts><ispartof></ispartof></parts><date>29-10-20 13:39:28:298</date><id>0</id><type>bounding_box</type><polygon><username>anonymous</username><pt><x>3131</x><y>2886</y><time>29-10-20 13:39:25:366</time></pt><pt><x>21</x><y>2886</y><time>29-10-20 13:39:27:447</time></pt><pt><x>21</x><y>309</y><time>undefined</time></pt><pt><x>3131</x><y>309</y><time>undefined</time></pt><closed_date>29-10-20 13:39:27:447</closed_date></polygon></object></annotation>