<annotation><filename>m4_s04_039_p_ic073.jpg</filename><folder>users/joselusava//santiago_2</folder><source><submittedBy>Jose Saca</submittedBy></source><imagesize><nrows>2970</nrows><ncols>4451</ncols></imagesize><object><name>m4_s04_039_p_ic073</name><deleted>0</deleted><verified>0</verified><occluded>no</occluded><attributes></attributes><parts><hasparts></hasparts><ispartof></ispartof></parts><date>21-10-20 15:53:36:692</date><id>0</id><type>bounding_box</type><polygon><username>anonymous</username><pt><x>1896</x><y>225</y><time>21-10-20 15:53:33:456</time></pt><pt><x>2663</x><y>225</y><time>21-10-20 15:53:34:590</time></pt><pt><x>2663</x><y>2924</y><time>undefined</time></pt><pt><x>1896</x><y>2924</y><time>undefined</time></pt><closed_date>21-10-20 15:53:34:591</closed_date></polygon></object></annotation>