<annotation><filename>m2_s01_032_p_nic004.jpg</filename><folder>users/joselusava//santiago_2</folder><source><submittedBy>Jose Saca</submittedBy></source><imagesize><nrows>2850</nrows><ncols>4271</ncols></imagesize><object><name>m2_s01_032_p_nic004</name><deleted>0</deleted><verified>0</verified><occluded>no</occluded><attributes></attributes><parts><hasparts></hasparts><ispartof></ispartof></parts><date>30-09-20 17:40:58:340</date><id>0</id><type>bounding_box</type><polygon><username>anonymous</username><pt><x>2648</x><y>180</y><time>30-09-20 17:40:54:406</time></pt><pt><x>3716</x><y>180</y><time>30-09-20 17:40:55:391</time></pt><pt><x>3716</x><y>1481</y><time>undefined</time></pt><pt><x>2648</x><y>1481</y><time>undefined</time></pt><closed_date>30-09-20 17:40:55:392</closed_date></polygon></object></annotation>