<annotation><filename>m4_s04_047_p_ic008.jpg</filename><folder>users/joselusava//kath/kath_m4_047</folder><source><submittedBy>Jose Saca</submittedBy></source><imagesize><nrows>2970</nrows><ncols>4451</ncols></imagesize><object><name>m4_s04_047_p_ic008</name><deleted>0</deleted><verified>0</verified><occluded>no</occluded><attributes></attributes><parts><hasparts></hasparts><ispartof></ispartof></parts><date>24-10-20 13:36:01:282</date><id>0</id><type>bounding_box</type><polygon><username>anonymous</username><pt><x>1663</x><y>312</y><time>24-10-20 13:35:56:521</time></pt><pt><x>2688</x><y>312</y><time>24-10-20 13:35:58:473</time></pt><pt><x>2688</x><y>2539</y><time>undefined</time></pt><pt><x>1663</x><y>2539</y><time>undefined</time></pt><closed_date>24-10-20 13:35:58:474</closed_date></polygon></object></annotation>