<annotation><filename>m2_s06_250_p_nic079.jpg</filename><folder>users/joselusava//m2_jsv/250</folder><source><submittedBy>Jose Saca</submittedBy></source><imagesize><nrows>2910</nrows><ncols>4361</ncols></imagesize><object><name>m2_s06_250_p_nic079</name><deleted>0</deleted><verified>0</verified><occluded>no</occluded><attributes></attributes><parts><hasparts></hasparts><ispartof></ispartof></parts><date>30-09-20 11:57:06:694</date><id>0</id><type>bounding_box</type><polygon><username>anonymous</username><pt><x>714</x><y>696</y><time>30-09-20 11:57:04:726</time></pt><pt><x>4361</x><y>696</y><time>30-09-20 11:57:05:856</time></pt><pt><x>4361</x><y>2211</y><time>undefined</time></pt><pt><x>714</x><y>2211</y><time>undefined</time></pt><closed_date>30-09-20 11:57:05:857</closed_date></polygon></object></annotation>