<annotation><filename>m4_s10_154_p_nic021.jpg</filename><folder>users/joselusava//valeria/m04_s10_154_nic</folder><source><submittedBy>Jose Saca</submittedBy></source><imagesize><nrows>2970</nrows><ncols>4451</ncols></imagesize><object><name>m4_s10_154_p_nic021</name><deleted>0</deleted><verified>0</verified><occluded>no</occluded><attributes></attributes><parts><hasparts></hasparts><ispartof></ispartof></parts><date>14-10-20 12:37:11:289</date><id>0</id><type>bounding_box</type><polygon><username>anonymous</username><pt><x>217</x><y>2799</y><time>14-10-20 12:37:05:593</time></pt><pt><x>1988</x><y>2799</y><time>14-10-20 12:37:07:689</time></pt><pt><x>1988</x><y>965</y><time>undefined</time></pt><pt><x>217</x><y>965</y><time>undefined</time></pt><closed_date>14-10-20 12:37:07:690</closed_date></polygon></object></annotation>