<annotation><filename>m1_s02_052_p_nic084.jpg</filename><folder>users/joselusava//valeria/sala2_052_nic</folder><source><submittedBy>Jose Saca</submittedBy></source><imagesize><nrows>3200</nrows><ncols>4800</ncols></imagesize><object><name>m1_s02_052_p_nic084</name><deleted>0</deleted><verified>0</verified><occluded>no</occluded><attributes></attributes><parts><hasparts></hasparts><ispartof></ispartof></parts><date>27-08-20 17:44:01:695</date><id>0</id><type>bounding_box</type><polygon><username>anonymous</username><pt><x>1525</x><y>1358</y><time>27-08-20 17:43:55:818</time></pt><pt><x>97</x><y>1358</y><time>27-08-20 17:43:58:135</time></pt><pt><x>97</x><y>2701</y><time>undefined</time></pt><pt><x>1525</x><y>2701</y><time>undefined</time></pt><closed_date>27-08-20 17:43:58:136</closed_date></polygon></object></annotation>