<annotation><filename>m2_s01_010_p_ic065.jpg</filename><folder>users/joselusava//santiago</folder><source><submittedBy>Jose Saca</submittedBy></source><imagesize><nrows>2850</nrows><ncols>4271</ncols></imagesize><object><name>m2_s01_010_p_ic065</name><deleted>0</deleted><verified>0</verified><occluded>no</occluded><attributes></attributes><parts><hasparts></hasparts><ispartof></ispartof></parts><date>21-09-20 23:10:12:539</date><id>0</id><type>bounding_box</type><polygon><username>anonymous</username><pt><x>1148</x><y>564</y><time>21-09-20 23:10:03:861</time></pt><pt><x>2975</x><y>564</y><time>21-09-20 23:10:06:478</time></pt><pt><x>2975</x><y>2395</y><time>undefined</time></pt><pt><x>1148</x><y>2395</y><time>undefined</time></pt><closed_date>21-09-20 23:10:06:479</closed_date></polygon></object></annotation>