<annotation><filename>m4_s12_185_p_ic062.jpg</filename><folder>users/joselusava//valeria/m04_s12_185_ic</folder><source><submittedBy>Jose Saca</submittedBy></source><imagesize><nrows>2910</nrows><ncols>4361</ncols></imagesize><object><name>m4_s12_185_p_ic062</name><deleted>0</deleted><verified>0</verified><occluded>no</occluded><attributes></attributes><parts><hasparts></hasparts><ispartof></ispartof></parts><date>17-10-20 18:14:23:472</date><id>0</id><type>bounding_box</type><polygon><username>anonymous</username><pt><x>3699</x><y>2557</y><time>17-10-20 18:14:17:636</time></pt><pt><x>806</x><y>2557</y><time>17-10-20 18:14:20:010</time></pt><pt><x>806</x><y>129</y><time>undefined</time></pt><pt><x>3699</x><y>129</y><time>undefined</time></pt><closed_date>17-10-20 18:14:20:012</closed_date></polygon></object></annotation>