<annotation><filename>m3_s01_013_p_nic019.jpg</filename><folder>users/joselusava//valeria/m03_s01_13_nic</folder><source><submittedBy>Jose Saca</submittedBy></source><imagesize><nrows>2970</nrows><ncols>4451</ncols></imagesize><object><name>m3_s01_013_p_nic019</name><deleted>0</deleted><verified>0</verified><occluded>no</occluded><attributes></attributes><parts><hasparts></hasparts><ispartof></ispartof></parts><date>06-11-20 21:09:13:625</date><id>0</id><type>bounding_box</type><polygon><username>anonymous</username><pt><x>211</x><y>2856</y><time>06-11-20 21:09:07:620</time></pt><pt><x>3033</x><y>2856</y><time>06-11-20 21:09:10:513</time></pt><pt><x>3033</x><y>777</y><time>undefined</time></pt><pt><x>211</x><y>777</y><time>undefined</time></pt><closed_date>06-11-20 21:09:10:514</closed_date></polygon></object></annotation>