<annotation><filename>m1_s10_271_x.jpg</filename><folder>users/joselusava//museos2020</folder><source><submittedBy>Jose Saca</submittedBy></source><imagesize><nrows>3200</nrows><ncols>4800</ncols></imagesize><object><name>m1_s10_271_x</name><deleted>0</deleted><verified>0</verified><occluded>no</occluded><attributes></attributes><parts><hasparts></hasparts><ispartof></ispartof></parts><date>25-08-20 20:06:56:396</date><id>0</id><type>bounding_box</type><polygon><username>anonymous</username><pt><x>569</x><y>277</y><time>25-08-20 20:06:50:215</time></pt><pt><x>4093</x><y>277</y><time>25-08-20 20:06:52:586</time></pt><pt><x>4093</x><y>2808</y><time>undefined</time></pt><pt><x>569</x><y>2808</y><time>undefined</time></pt><closed_date>25-08-20 20:06:52:587</closed_date></polygon></object></annotation>