<annotation><filename>m1_s06_186_p_nic013.jpg</filename><folder>users/joselusava//jacob_2/186nic</folder><source><submittedBy>Jose Saca</submittedBy></source><imagesize><nrows>2736</nrows><ncols>4100</ncols></imagesize><object><name>m1_s06_186_p_nic013</name><deleted>0</deleted><verified>0</verified><occluded>no</occluded><attributes></attributes><parts><hasparts></hasparts><ispartof></ispartof></parts><date>09-09-20 23:03:36:598</date><id>0</id><type>bounding_box</type><polygon><username>anonymous</username><pt><x>974</x><y>1817</y><time>09-09-20 23:03:34:254</time></pt><pt><x>2439</x><y>1817</y><time>09-09-20 23:03:35:974</time></pt><pt><x>2439</x><y>155</y><time>undefined</time></pt><pt><x>974</x><y>155</y><time>undefined</time></pt><closed_date>09-09-20 23:03:35:974</closed_date></polygon></object></annotation>