<annotation><filename>m2_s06_244_p_ic021.jpg</filename><folder>users/joselusava//museos2020</folder><source><submittedBy>Jose Saca</submittedBy></source><imagesize><nrows>2910</nrows><ncols>4361</ncols></imagesize><object><name>m2_s06_244_p_ic021</name><deleted>0</deleted><verified>0</verified><occluded>no</occluded><attributes></attributes><parts><hasparts></hasparts><ispartof></ispartof></parts><date>22-09-20 12:44:52:122</date><id>0</id><type>bounding_box</type><polygon><username>anonymous</username><pt><x>1331</x><y>1057</y><time>22-09-20 12:44:43:787</time></pt><pt><x>3106</x><y>1057</y><time>22-09-20 12:44:46:915</time></pt><pt><x>3106</x><y>1833</y><time>undefined</time></pt><pt><x>1331</x><y>1833</y><time>undefined</time></pt><closed_date>22-09-20 12:44:46:917</closed_date></polygon></object></annotation>