<annotation><filename>m4_s04_039_p_ic083.jpg</filename><folder>users/joselusava//santiago_2</folder><source><submittedBy>Jose Saca</submittedBy></source><imagesize><nrows>2970</nrows><ncols>4451</ncols></imagesize><object><name>m4_s04_039_p_ic083</name><deleted>0</deleted><verified>0</verified><occluded>no</occluded><attributes></attributes><parts><hasparts></hasparts><ispartof></ispartof></parts><date>21-10-20 16:01:12:586</date><id>0</id><type>bounding_box</type><polygon><username>anonymous</username><pt><x>1796</x><y>271</y><time>21-10-20 16:01:09:080</time></pt><pt><x>2552</x><y>271</y><time>21-10-20 16:01:10:782</time></pt><pt><x>2552</x><y>2870</y><time>undefined</time></pt><pt><x>1796</x><y>2870</y><time>undefined</time></pt><closed_date>21-10-20 16:01:10:784</closed_date></polygon></object></annotation>