<annotation><filename>m4_s04_037_p_ic072.jpg</filename><folder>users/joselusava//santiago_2</folder><source><submittedBy>Jose Saca</submittedBy></source><imagesize><nrows>2970</nrows><ncols>4451</ncols></imagesize><object><name>m4_s04_037_p_ic072</name><deleted>0</deleted><verified>0</verified><occluded>no</occluded><attributes></attributes><parts><hasparts></hasparts><ispartof></ispartof></parts><date>18-10-20 21:55:50:551</date><id>0</id><type>bounding_box</type><polygon><username>anonymous</username><pt><x>1539</x><y>307</y><time>18-10-20 21:55:45:090</time></pt><pt><x>2988</x><y>307</y><time>18-10-20 21:55:46:384</time></pt><pt><x>2988</x><y>2713</y><time>undefined</time></pt><pt><x>1539</x><y>2713</y><time>undefined</time></pt><closed_date>18-10-20 21:55:46:385</closed_date></polygon></object></annotation>