<annotation><filename>m4_s10_157_p_ic073.jpg</filename><folder>users/joselusava//valeria/m04_s10_157_nic</folder><source><submittedBy>Jose Saca</submittedBy></source><imagesize><nrows>2970</nrows><ncols>4451</ncols></imagesize><object><name>m4_s10_157_p_nic073</name><deleted>0</deleted><verified>0</verified><occluded>no</occluded><attributes></attributes><parts><hasparts></hasparts><ispartof></ispartof></parts><date>12-10-20 21:37:26:736</date><id>0</id><type>bounding_box</type><polygon><username>anonymous</username><pt><x>1277</x><y>2829</y><time>12-10-20 21:37:20:050</time></pt><pt><x>3032</x><y>2829</y><time>12-10-20 21:37:21:913</time></pt><pt><x>3032</x><y>731</y><time>undefined</time></pt><pt><x>1277</x><y>731</y><time>undefined</time></pt><closed_date>12-10-20 21:37:21:914</closed_date></polygon></object></annotation>