<annotation><filename>m3_s01_002_p_nic014.jpg</filename><folder>users/joselusava//santiago_3</folder><source><submittedBy>Jose Saca</submittedBy></source><imagesize><nrows>2970</nrows><ncols>4451</ncols></imagesize><object><name>m3_s01_002_p_nic014</name><deleted>0</deleted><verified>0</verified><occluded>no</occluded><attributes></attributes><parts><hasparts></hasparts><ispartof></ispartof></parts><date>29-10-20 15:37:11:750</date><id>0</id><type>bounding_box</type><polygon><username>anonymous</username><pt><x>164</x><y>268</y><time>29-10-20 15:37:08:178</time></pt><pt><x>2902</x><y>268</y><time>29-10-20 15:37:09:843</time></pt><pt><x>2902</x><y>2181</y><time>undefined</time></pt><pt><x>164</x><y>2181</y><time>undefined</time></pt><closed_date>29-10-20 15:37:09:843</closed_date></polygon></object></annotation>