<annotation><filename>m4_s05_052_p_nic050.jpg</filename><folder>users/joselusava//santiago_2</folder><source><submittedBy>Jose Saca</submittedBy></source><imagesize><nrows>2910</nrows><ncols>4361</ncols></imagesize><object><name>m4_s05_052_p_nic050</name><deleted>0</deleted><verified>0</verified><occluded>no</occluded><attributes></attributes><parts><hasparts></hasparts><ispartof></ispartof></parts><date>08-10-20 21:31:02:613</date><id>0</id><type>bounding_box</type><polygon><username>anonymous</username><pt><x>1860</x><y>381</y><time>08-10-20 21:30:59:264</time></pt><pt><x>2979</x><y>381</y><time>08-10-20 21:31:00:310</time></pt><pt><x>2979</x><y>1635</y><time>undefined</time></pt><pt><x>1860</x><y>1635</y><time>undefined</time></pt><closed_date>08-10-20 21:31:00:311</closed_date></polygon></object></annotation>