<annotation><filename>m2_s07_264_p_ic047.jpg</filename><folder>users/joselusava//valeria/sala7_264_ic</folder><source><submittedBy>Jose Saca</submittedBy></source><imagesize><nrows>2910</nrows><ncols>4361</ncols></imagesize><object><name>m2_s07_264_p_ic047</name><deleted>0</deleted><verified>0</verified><occluded>no</occluded><attributes></attributes><parts><hasparts></hasparts><ispartof></ispartof></parts><date>23-09-20 11:07:06:353</date><id>0</id><type>bounding_box</type><polygon><username>anonymous</username><pt><x>1246</x><y>2585</y><time>23-09-20 11:07:00:017</time></pt><pt><x>2712</x><y>2585</y><time>23-09-20 11:07:02:780</time></pt><pt><x>2712</x><y>331</y><time>undefined</time></pt><pt><x>1246</x><y>331</y><time>undefined</time></pt><closed_date>23-09-20 11:07:02:781</closed_date></polygon></object></annotation>