<annotation><filename>m1_s01_017_p_ic081.jpg</filename><folder>users/joselusava//santiago</folder><source><submittedBy>Jose Saca</submittedBy></source><imagesize><nrows>3200</nrows><ncols>4800</ncols></imagesize><object><name>m1_s01_017_p_ic081</name><deleted>0</deleted><verified>0</verified><occluded>no</occluded><attributes></attributes><parts><hasparts></hasparts><ispartof></ispartof></parts><date>10-09-20 23:05:33:534</date><id>0</id><type>bounding_box</type><polygon><username>anonymous</username><pt><x>1263</x><y>515</y><time>10-09-20 23:05:24:533</time></pt><pt><x>2930</x><y>515</y><time>10-09-20 23:05:26:616</time></pt><pt><x>2930</x><y>2156</y><time>undefined</time></pt><pt><x>1263</x><y>2156</y><time>undefined</time></pt><closed_date>10-09-20 23:05:26:618</closed_date></polygon></object></annotation>