<annotation><filename>m4_s12_185_p_nic097.jpg</filename><folder>users/joselusava//valeria/m04_s12_185_nic</folder><source><submittedBy>Jose Saca</submittedBy></source><imagesize><nrows>2910</nrows><ncols>4361</ncols></imagesize><object><name>m4_s12_185_p_nic097</name><deleted>0</deleted><verified>0</verified><occluded>no</occluded><attributes></attributes><parts><hasparts></hasparts><ispartof></ispartof></parts><date>18-10-20 00:06:48:448</date><id>0</id><type>bounding_box</type><polygon><username>anonymous</username><pt><x>1858</x><y>2529</y><time>18-10-20 00:06:41:950</time></pt><pt><x>4208</x><y>2529</y><time>18-10-20 00:06:44:334</time></pt><pt><x>4208</x><y>313</y><time>undefined</time></pt><pt><x>1858</x><y>313</y><time>undefined</time></pt><closed_date>18-10-20 00:06:44:335</closed_date></polygon></object></annotation>