<annotation><filename>m2_s06_244_p_nic035.jpg</filename><folder>users/joselusava//museos2020</folder><source><submittedBy>Jose Saca</submittedBy></source><imagesize><nrows>2910</nrows><ncols>4361</ncols></imagesize><object><name>m2_s06_244_p_ic035</name><deleted>0</deleted><verified>0</verified><occluded>no</occluded><attributes></attributes><parts><hasparts></hasparts><ispartof></ispartof></parts><date>25-09-20 18:48:28:485</date><id>0</id><type>bounding_box</type><polygon><username>anonymous</username><pt><x>2324</x><y>1051</y><time>25-09-20 18:48:22:000</time></pt><pt><x>3956</x><y>1051</y><time>25-09-20 18:48:23:160</time></pt><pt><x>3956</x><y>1743</y><time>undefined</time></pt><pt><x>2324</x><y>1743</y><time>undefined</time></pt><closed_date>25-09-20 18:48:23:161</closed_date></polygon></object></annotation>