<annotation><filename>m1_s06_141_p_ic014.jpg</filename><folder>users/joselusava//jacob_2/141ic</folder><source><submittedBy>Jose Saca</submittedBy></source><imagesize><nrows>2736</nrows><ncols>4100</ncols></imagesize><object><name>m1_s06_141_p_ic014</name><deleted>0</deleted><verified>0</verified><occluded>no</occluded><attributes></attributes><parts><hasparts></hasparts><ispartof></ispartof></parts><date>04-09-20 17:18:06:148</date><id>0</id><type>bounding_box</type><polygon><username>anonymous</username><pt><x>1162</x><y>311</y><time>04-09-20 17:18:03:704</time></pt><pt><x>2782</x><y>311</y><time>04-09-20 17:18:05:273</time></pt><pt><x>2782</x><y>2381</y><time>undefined</time></pt><pt><x>1162</x><y>2381</y><time>undefined</time></pt><closed_date>04-09-20 17:18:05:273</closed_date></polygon></object></annotation>