<annotation><filename>m4_s05_055_p_ic072.jpg</filename><folder>users/joselusava//valeria/m4_s05_055_ic</folder><source><submittedBy>Jose Saca</submittedBy></source><imagesize><nrows>2910</nrows><ncols>4361</ncols></imagesize><object><name>m4_s05_055_p_ic072</name><deleted>0</deleted><verified>0</verified><occluded>no</occluded><attributes></attributes><parts><hasparts></hasparts><ispartof></ispartof></parts><date>09-10-20 12:09:53:206</date><id>0</id><type>bounding_box</type><polygon><username>anonymous</username><pt><x>1312</x><y>507</y><time>09-10-20 12:09:47:534</time></pt><pt><x>2982</x><y>507</y><time>09-10-20 12:09:49:251</time></pt><pt><x>2982</x><y>2359</y><time>undefined</time></pt><pt><x>1312</x><y>2359</y><time>undefined</time></pt><closed_date>09-10-20 12:09:49:255</closed_date></polygon></object></annotation>