<annotation><filename>m1_s06_186_p_nic046.jpg</filename><folder>users/joselusava//jacob_2/186nic</folder><source><submittedBy>Jose Saca</submittedBy></source><imagesize><nrows>2736</nrows><ncols>4100</ncols></imagesize><object><name>m1_s06_186_p_nic046</name><deleted>0</deleted><verified>0</verified><occluded>no</occluded><attributes></attributes><parts><hasparts></hasparts><ispartof></ispartof></parts><date>09-09-20 23:17:47:645</date><id>0</id><type>bounding_box</type><polygon><username>anonymous</username><pt><x>540</x><y>221</y><time>09-09-20 23:17:45:967</time></pt><pt><x>1514</x><y>221</y><time>09-09-20 23:17:47:154</time></pt><pt><x>1514</x><y>1890</y><time>undefined</time></pt><pt><x>540</x><y>1890</y><time>undefined</time></pt><closed_date>09-09-20 23:17:47:154</closed_date></polygon></object></annotation>