<annotation><filename>img_m1_s10_303_p_nic087.jpg</filename><folder>users/joselusava//santiago</folder><source><submittedBy>Jose Saca</submittedBy></source><imagesize><nrows>3200</nrows><ncols>4800</ncols></imagesize><object><name>m1_s10_303_p_nic087</name><deleted>0</deleted><verified>0</verified><occluded>no</occluded><attributes></attributes><parts><hasparts></hasparts><ispartof></ispartof></parts><date>01-09-20 23:06:11:174</date><id>0</id><type>bounding_box</type><polygon><username>anonymous</username><pt><x>565</x><y>529</y><time>01-09-20 23:06:03:208</time></pt><pt><x>1800</x><y>529</y><time>01-09-20 23:06:04:926</time></pt><pt><x>1800</x><y>1271</y><time>undefined</time></pt><pt><x>565</x><y>1271</y><time>undefined</time></pt><closed_date>01-09-20 23:06:04:928</closed_date></polygon></object></annotation>