<annotation><filename>m4_s11_178_p_ic094.jpg</filename><folder>users/joselusava//santiago_2</folder><source><submittedBy>Jose Saca</submittedBy></source><imagesize><nrows>2970</nrows><ncols>4451</ncols></imagesize><object><name>m4_s11_178_p_ic094</name><deleted>0</deleted><verified>0</verified><occluded>no</occluded><attributes></attributes><parts><hasparts></hasparts><ispartof></ispartof></parts><date>15-10-20 22:30:48:348</date><id>0</id><type>bounding_box</type><polygon><username>anonymous</username><pt><x>1767</x><y>496</y><time>15-10-20 22:30:44:380</time></pt><pt><x>3495</x><y>496</y><time>15-10-20 22:30:46:571</time></pt><pt><x>3495</x><y>2488</y><time>undefined</time></pt><pt><x>1767</x><y>2488</y><time>undefined</time></pt><closed_date>15-10-20 22:30:46:571</closed_date></polygon></object></annotation>