<annotation><filename>m2_s03_222_x.jpg</filename><folder>users/joselusava//juancarlos</folder><source><submittedBy>Jose Saca</submittedBy></source><imagesize><nrows>2910</nrows><ncols>4361</ncols></imagesize><object><name>m2_s03_222_x</name><deleted>0</deleted><verified>0</verified><occluded>no</occluded><attributes></attributes><parts><hasparts></hasparts><ispartof></ispartof></parts><date>01-10-20 07:19:18:710</date><id>0</id><polygon><username>anonymous</username><pt><x>1357</x><y>293</y><time>01-10-20 07:19:06:832</time></pt><pt><x>1069</x><y>2403</y><time>01-10-20 07:19:08:091</time></pt><pt><x>3208</x><y>2417</y><time>01-10-20 07:19:09:236</time></pt><pt><x>2873</x><y>302</y><time>01-10-20 07:19:10:424</time></pt><closed_date>01-10-20 07:19:11:407</closed_date></polygon></object></annotation>