<annotation><filename>m2_s01_032_p_nic050.jpg</filename><folder>users/joselusava//santiago_2</folder><source><submittedBy>Jose Saca</submittedBy></source><imagesize><nrows>2850</nrows><ncols>4271</ncols></imagesize><object><name>m2_s01_032_p_nic050</name><deleted>0</deleted><verified>0</verified><occluded>no</occluded><attributes></attributes><parts><hasparts></hasparts><ispartof></ispartof></parts><date>30-09-20 20:48:45:308</date><id>0</id><type>bounding_box</type><polygon><username>anonymous</username><pt><x>2711</x><y>271</y><time>30-09-20 20:48:42:068</time></pt><pt><x>3447</x><y>271</y><time>30-09-20 20:48:43:356</time></pt><pt><x>3447</x><y>1262</y><time>undefined</time></pt><pt><x>2711</x><y>1262</y><time>undefined</time></pt><closed_date>30-09-20 20:48:43:357</closed_date></polygon></object></annotation>