<annotation><filename>m4_s10_157_p_ic060.jpg</filename><folder>users/joselusava//valeria/m04_s10_157_nic</folder><source><submittedBy>Jose Saca</submittedBy></source><imagesize><nrows>2970</nrows><ncols>4451</ncols></imagesize><object><name>m4_s10_157_p_nic060</name><deleted>0</deleted><verified>0</verified><occluded>no</occluded><attributes></attributes><parts><hasparts></hasparts><ispartof></ispartof></parts><date>12-10-20 21:24:25:150</date><id>0</id><type>bounding_box</type><polygon><username>anonymous</username><pt><x>906</x><y>2256</y><time>12-10-20 21:24:15:471</time></pt><pt><x>2649</x><y>2256</y><time>12-10-20 21:24:19:684</time></pt><pt><x>2649</x><y>152</y><time>undefined</time></pt><pt><x>906</x><y>152</y><time>undefined</time></pt><closed_date>12-10-20 21:24:19:686</closed_date></polygon></object></annotation>