<annotation><filename>m4_s05_055_p_ic013.jpg</filename><folder>users/joselusava//valeria/m4_s05_055_ic</folder><source><submittedBy>Jose Saca</submittedBy></source><imagesize><nrows>2910</nrows><ncols>4361</ncols></imagesize><object><name>m4_s05_055_p_ic013</name><deleted>0</deleted><verified>0</verified><occluded>no</occluded><attributes></attributes><parts><hasparts></hasparts><ispartof></ispartof></parts><date>08-10-20 18:15:33:200</date><id>0</id><type>bounding_box</type><polygon><username>anonymous</username><pt><x>1290</x><y>457</y><time>08-10-20 18:15:28:024</time></pt><pt><x>3141</x><y>457</y><time>08-10-20 18:15:29:968</time></pt><pt><x>3141</x><y>2348</y><time>undefined</time></pt><pt><x>1290</x><y>2348</y><time>undefined</time></pt><closed_date>08-10-20 18:15:29:968</closed_date></polygon></object></annotation>