<annotation><filename>m1_s06_141_p_nic014.jpg</filename><folder>users/joselusava//jacob_2/141nic</folder><source><submittedBy>Jose Saca</submittedBy></source><imagesize><nrows>2736</nrows><ncols>4100</ncols></imagesize><object><name>m1_s06_141_p_nic014</name><deleted>0</deleted><verified>0</verified><occluded>no</occluded><attributes></attributes><parts><hasparts></hasparts><ispartof></ispartof></parts><date>05-09-20 00:48:13:118</date><id>0</id><type>bounding_box</type><polygon><username>anonymous</username><pt><x>196</x><y>1773</y><time>05-09-20 00:48:10:839</time></pt><pt><x>1400</x><y>1773</y><time>05-09-20 00:48:12:339</time></pt><pt><x>1400</x><y>250</y><time>undefined</time></pt><pt><x>196</x><y>250</y><time>undefined</time></pt><closed_date>05-09-20 00:48:12:340</closed_date></polygon></object></annotation>