<annotation><filename>m4_s05_052_p_ic074.jpg</filename><folder>users/joselusava//santiago_2</folder><source><submittedBy>Jose Saca</submittedBy></source><imagesize><nrows>2910</nrows><ncols>4361</ncols></imagesize><object><name>m4_s05_052_p_ic074</name><deleted>0</deleted><verified>0</verified><occluded>no</occluded><attributes></attributes><parts><hasparts></hasparts><ispartof></ispartof></parts><date>07-10-20 22:54:51:922</date><id>0</id><type>bounding_box</type><polygon><username>anonymous</username><pt><x>1334</x><y>669</y><time>07-10-20 22:54:46:684</time></pt><pt><x>3069</x><y>669</y><time>07-10-20 22:54:48:142</time></pt><pt><x>3069</x><y>2519</y><time>undefined</time></pt><pt><x>1334</x><y>2519</y><time>undefined</time></pt><closed_date>07-10-20 22:54:48:143</closed_date></polygon></object></annotation>