<annotation><filename>m2_s03_219_p_ic013.jpg</filename><folder>users/joselusava//valeria/m2_sala03_219_ic</folder><source><submittedBy>Jose Saca</submittedBy></source><imagesize><nrows>2910</nrows><ncols>4361</ncols></imagesize><object><name>m2_s03_219_p_ic013</name><deleted>0</deleted><verified>0</verified><occluded>no</occluded><attributes></attributes><parts><hasparts></hasparts><ispartof></ispartof></parts><date>28-09-20 23:48:30:571</date><id>0</id><type>bounding_box</type><polygon><username>anonymous</username><pt><x>948</x><y>215</y><time>28-09-20 23:48:25:577</time></pt><pt><x>3197</x><y>215</y><time>28-09-20 23:48:27:501</time></pt><pt><x>3197</x><y>2701</y><time>undefined</time></pt><pt><x>948</x><y>2701</y><time>undefined</time></pt><closed_date>28-09-20 23:48:27:502</closed_date></polygon></object></annotation>