<annotation><filename>m2_s06_250_p_nic082.jpg</filename><folder>users/joselusava//m2_jsv/250</folder><source><submittedBy>Jose Saca</submittedBy></source><imagesize><nrows>2910</nrows><ncols>4361</ncols></imagesize><object><name>m2_s06_250_p_nic082</name><deleted>0</deleted><verified>0</verified><occluded>no</occluded><attributes></attributes><parts><hasparts></hasparts><ispartof></ispartof></parts><date>30-09-20 11:59:04:164</date><id>0</id><type>bounding_box</type><polygon><username>anonymous</username><pt><x>3256</x><y>749</y><time>30-09-20 11:59:00:331</time></pt><pt><x>17</x><y>749</y><time>30-09-20 11:59:01:792</time></pt><pt><x>17</x><y>2246</y><time>undefined</time></pt><pt><x>3256</x><y>2246</y><time>undefined</time></pt><closed_date>30-09-20 11:59:01:793</closed_date></polygon></object></annotation>