<annotation><filename>m1_s02_029_p_nic068.jpg</filename><folder>users/joselusava//valeria/sala2_029_nic</folder><source><submittedBy>Jose Saca</submittedBy></source><imagesize><nrows>3200</nrows><ncols>4800</ncols></imagesize><object><name>m1_s02_029_p_nic068</name><deleted>0</deleted><verified>0</verified><occluded>no</occluded><attributes></attributes><parts><hasparts></hasparts><ispartof></ispartof></parts><date>26-08-20 20:11:29:132</date><id>0</id><type>bounding_box</type><polygon><username>anonymous</username><pt><x>2405</x><y>1740</y><time>26-08-20 20:11:17:367</time></pt><pt><x>3426</x><y>1740</y><time>26-08-20 20:11:19:351</time></pt><pt><x>3426</x><y>2894</y><time>undefined</time></pt><pt><x>2405</x><y>2894</y><time>undefined</time></pt><closed_date>26-08-20 20:11:19:353</closed_date></polygon></object></annotation>