<annotation><filename>m4_s11_176_p_ic055.jpg</filename><folder>users/joselusava//m4_js/176/ic</folder><source><submittedBy>Jose Saca</submittedBy></source><imagesize><nrows>2970</nrows><ncols>4451</ncols></imagesize><object><name>m4_s11_176_p_ic055</name><deleted>0</deleted><verified>0</verified><occluded>no</occluded><attributes></attributes><parts><hasparts></hasparts><ispartof></ispartof></parts><date>15-10-20 09:48:36:388</date><id>0</id><type>bounding_box</type><polygon><username>anonymous</username><pt><x>2967</x><y>2585</y><time>15-10-20 09:48:34:420</time></pt><pt><x>1093</x><y>2585</y><time>15-10-20 09:48:35:658</time></pt><pt><x>1093</x><y>746</y><time>undefined</time></pt><pt><x>2967</x><y>746</y><time>undefined</time></pt><closed_date>15-10-20 09:48:35:658</closed_date></polygon></object></annotation>