<annotation><filename>m3_s01_010_p_nic055.jpg</filename><folder>users/joselusava//m4_js/m3/10/nic</folder><source><submittedBy>Jose Saca</submittedBy></source><imagesize><nrows>2970</nrows><ncols>4451</ncols></imagesize><object><name>m3_s01_010_p_nic055</name><deleted>0</deleted><verified>0</verified><occluded>no</occluded><attributes></attributes><parts><hasparts></hasparts><ispartof></ispartof></parts><date>29-10-20 14:31:24:749</date><id>0</id><type>bounding_box</type><polygon><username>anonymous</username><pt><x>559</x><y>2940</y><time>29-10-20 14:31:20:845</time></pt><pt><x>3468</x><y>2940</y><time>29-10-20 14:31:23:978</time></pt><pt><x>3468</x><y>745</y><time>undefined</time></pt><pt><x>559</x><y>745</y><time>undefined</time></pt><closed_date>29-10-20 14:31:23:978</closed_date></polygon></object></annotation>