<annotation><filename>m3_s01_002_p_ic090.jpg</filename><folder>users/joselusava//santiago_3</folder><source><submittedBy>Jose Saca</submittedBy></source><imagesize><nrows>2970</nrows><ncols>4451</ncols></imagesize><object><name>m3_s01_002_p_ic090</name><deleted>0</deleted><verified>0</verified><occluded>no</occluded><attributes></attributes><parts><hasparts></hasparts><ispartof></ispartof></parts><date>29-10-20 13:32:56:565</date><id>0</id><type>bounding_box</type><polygon><username>anonymous</username><pt><x>264</x><y>286</y><time>29-10-20 13:32:52:388</time></pt><pt><x>3909</x><y>286</y><time>29-10-20 13:32:54:363</time></pt><pt><x>3909</x><y>2517</y><time>undefined</time></pt><pt><x>264</x><y>2517</y><time>undefined</time></pt><closed_date>29-10-20 13:32:54:364</closed_date></polygon></object></annotation>