<annotation><filename>m4_s04_045_p_ic044.jpg</filename><folder>users/joselusava//valeria/m04_s04_45_ic</folder><source><submittedBy>Jose Saca</submittedBy></source><imagesize><nrows>2970</nrows><ncols>4451</ncols></imagesize><object><name>m4_s04_045_p_ic044</name><deleted>0</deleted><verified>0</verified><occluded>no</occluded><attributes></attributes><parts><hasparts></hasparts><ispartof></ispartof></parts><date>19-10-20 19:27:50:935</date><id>0</id><type>bounding_box</type><polygon><username>anonymous</username><pt><x>1696</x><y>2393</y><time>19-10-20 19:27:46:306</time></pt><pt><x>2684</x><y>2393</y><time>19-10-20 19:27:47:616</time></pt><pt><x>2684</x><y>697</y><time>undefined</time></pt><pt><x>1696</x><y>697</y><time>undefined</time></pt><closed_date>19-10-20 19:27:47:616</closed_date></polygon></object></annotation>