<annotation><filename>m2_s02_085_p_nic059.jpg</filename><folder>users/joselusava//m2_jsv/85/nic</folder><source><submittedBy>Jose Saca</submittedBy></source><imagesize><nrows>2910</nrows><ncols>4361</ncols></imagesize><object><name>m2_s02_085_p_nic059</name><deleted>0</deleted><verified>0</verified><occluded>no</occluded><attributes></attributes><parts><hasparts></hasparts><ispartof></ispartof></parts><date>19-09-20 22:48:40:187</date><id>0</id><type>bounding_box</type><polygon><username>anonymous</username><pt><x>2098</x><y>192</y><time>19-09-20 22:48:38:338</time></pt><pt><x>2873</x><y>192</y><time>19-09-20 22:48:39:412</time></pt><pt><x>2873</x><y>1071</y><time>undefined</time></pt><pt><x>2098</x><y>1071</y><time>undefined</time></pt><closed_date>19-09-20 22:48:39:412</closed_date></polygon></object></annotation>