<annotation><filename>m2_s01_001_p_ic067.jpg</filename><folder>users/joselusava//santiago</folder><source><submittedBy>Jose Saca</submittedBy></source><imagesize><nrows>2850</nrows><ncols>4271</ncols></imagesize><object><name>m2_s01_001_p_ic067</name><deleted>0</deleted><verified>0</verified><occluded>no</occluded><attributes></attributes><parts><hasparts></hasparts><ispartof></ispartof></parts><date>19-09-20 09:13:01:718</date><id>0</id><type>bounding_box</type><polygon><username>anonymous</username><pt><x>834</x><y>333</y><time>19-09-20 09:12:52:842</time></pt><pt><x>3456</x><y>333</y><time>19-09-20 09:12:55:239</time></pt><pt><x>3456</x><y>2600</y><time>undefined</time></pt><pt><x>834</x><y>2600</y><time>undefined</time></pt><closed_date>19-09-20 09:12:55:240</closed_date></polygon></object></annotation>