<annotation><filename>m4_s04_039_p_ic032.jpg</filename><folder>users/joselusava//santiago_2</folder><source><submittedBy>Jose Saca</submittedBy></source><imagesize><nrows>2970</nrows><ncols>4451</ncols></imagesize><object><name>m4_s04_039_p_ic032</name><deleted>0</deleted><verified>0</verified><occluded>no</occluded><attributes></attributes><parts><hasparts></hasparts><ispartof></ispartof></parts><date>20-10-20 21:40:13:786</date><id>0</id><type>bounding_box</type><polygon><username>anonymous</username><pt><x>1970</x><y>132</y><time>20-10-20 21:40:09:949</time></pt><pt><x>2674</x><y>132</y><time>20-10-20 21:40:11:527</time></pt><pt><x>2674</x><y>2895</y><time>undefined</time></pt><pt><x>1970</x><y>2895</y><time>undefined</time></pt><closed_date>20-10-20 21:40:11:527</closed_date></polygon></object></annotation>