<annotation><filename>m4_s06_089_p_nic016.jpg</filename><folder>users/joselusava//santiago_2</folder><source><submittedBy>Jose Saca</submittedBy></source><imagesize><nrows>2970</nrows><ncols>4451</ncols></imagesize><object><name>m4_s06_089_p_nic016</name><deleted>0</deleted><verified>0</verified><occluded>no</occluded><attributes></attributes><parts><hasparts></hasparts><ispartof></ispartof></parts><date>12-10-20 20:45:54:048</date><id>0</id><type>bounding_box</type><polygon><username>anonymous</username><pt><x>2538</x><y>450</y><time>12-10-20 20:45:50:547</time></pt><pt><x>3987</x><y>450</y><time>12-10-20 20:45:51:906</time></pt><pt><x>3987</x><y>2249</y><time>undefined</time></pt><pt><x>2538</x><y>2249</y><time>undefined</time></pt><closed_date>12-10-20 20:45:51:906</closed_date></polygon></object></annotation>