<annotation><filename>m2_s02_190_p_nic097.jpg</filename><folder>users/joselusava//m2_jsv/190/nic</folder><source><submittedBy>Jose Saca</submittedBy></source><imagesize><nrows>2910</nrows><ncols>4361</ncols></imagesize><object><name>m2_s02_190_p_nic097</name><deleted>0</deleted><verified>0</verified><occluded>no</occluded><attributes></attributes><parts><hasparts></hasparts><ispartof></ispartof></parts><date>21-09-20 16:16:42:294</date><id>0</id><type>bounding_box</type><polygon><username>anonymous</username><pt><x>4022</x><y>2289</y><time>21-09-20 16:16:40:581</time></pt><pt><x>2864</x><y>2289</y><time>21-09-20 16:16:41:672</time></pt><pt><x>2864</x><y>757</y><time>undefined</time></pt><pt><x>4022</x><y>757</y><time>undefined</time></pt><closed_date>21-09-20 16:16:41:672</closed_date></polygon></object></annotation>