<annotation><filename>m1_s02_052_p_nic070.jpg</filename><folder>users/joselusava//valeria/sala2_052_nic</folder><source><submittedBy>Jose Saca</submittedBy></source><imagesize><nrows>3200</nrows><ncols>4800</ncols></imagesize><object><name>m1_s02_052_p_nic070</name><deleted>0</deleted><verified>0</verified><occluded>no</occluded><attributes></attributes><parts><hasparts></hasparts><ispartof></ispartof></parts><date>27-08-20 17:02:45:536</date><id>0</id><type>bounding_box</type><polygon><username>anonymous</username><pt><x>4521</x><y>1036</y><time>27-08-20 17:02:39:176</time></pt><pt><x>2996</x><y>1036</y><time>27-08-20 17:02:41:774</time></pt><pt><x>2996</x><y>2513</y><time>undefined</time></pt><pt><x>4521</x><y>2513</y><time>undefined</time></pt><closed_date>27-08-20 17:02:41:775</closed_date></polygon></object></annotation>