<annotation><filename>m2_s05_236_p_nic085.jpg</filename><folder>users/joselusava//museos2020</folder><source><submittedBy>Jose Saca</submittedBy></source><imagesize><nrows>2910</nrows><ncols>4361</ncols></imagesize><object><name>m2_s05_236_p_nic085</name><deleted>0</deleted><verified>0</verified><occluded>no</occluded><attributes></attributes><parts><hasparts></hasparts><ispartof></ispartof></parts><date>17-09-20 13:27:38:610</date><id>0</id><type>bounding_box</type><polygon><username>anonymous</username><pt><x>1599</x><y>688</y><time>17-09-20 13:27:28:554</time></pt><pt><x>4026</x><y>688</y><time>17-09-20 13:27:31:102</time></pt><pt><x>4026</x><y>2659</y><time>undefined</time></pt><pt><x>1599</x><y>2659</y><time>undefined</time></pt><closed_date>17-09-20 13:27:31:103</closed_date></polygon></object></annotation>