<annotation><filename>m2_s06_244_p_ic079.jpg</filename><folder>users/joselusava//museos2020</folder><source><submittedBy>Jose Saca</submittedBy></source><imagesize><nrows>2910</nrows><ncols>4361</ncols></imagesize><object><name>m2_s06_244_p_ic079</name><deleted>0</deleted><verified>0</verified><occluded>no</occluded><attributes></attributes><parts><hasparts></hasparts><ispartof></ispartof></parts><date>22-09-20 15:08:26:397</date><id>0</id><type>bounding_box</type><polygon><username>anonymous</username><pt><x>86</x><y>1104</y><time>22-09-20 15:08:12:264</time></pt><pt><x>3147</x><y>1104</y><time>22-09-20 15:08:14:342</time></pt><pt><x>3147</x><y>2372</y><time>undefined</time></pt><pt><x>86</x><y>2372</y><time>undefined</time></pt><closed_date>22-09-20 15:08:14:344</closed_date></polygon></object></annotation>