<annotation><filename>img_m1_s03-04_108_p_ic066.jpg</filename><folder>users/joselusava//valeria/sala3y4_108_ic</folder><source><submittedBy>Jose Saca</submittedBy></source><imagesize><nrows>3200</nrows><ncols>4800</ncols></imagesize><object><name>m1_s03_s04_108_p_ic066</name><deleted>0</deleted><verified>0</verified><occluded>no</occluded><attributes></attributes><parts><hasparts></hasparts><ispartof></ispartof></parts><date>31-08-20 00:15:13:665</date><id>0</id><type>bounding_box</type><polygon><username>anonymous</username><pt><x>4697</x><y>2885</y><time>31-08-20 00:15:05:339</time></pt><pt><x>6</x><y>2885</y><time>31-08-20 00:15:08:957</time></pt><pt><x>6</x><y>558</y><time>undefined</time></pt><pt><x>4697</x><y>558</y><time>undefined</time></pt><closed_date>31-08-20 00:15:08:958</closed_date></polygon></object></annotation>