<annotation><filename>m3_s01_013_p_ic005.jpg</filename><folder>users/joselusava//valeria/m03_s01_13_ic</folder><source><submittedBy>Jose Saca</submittedBy></source><imagesize><nrows>2970</nrows><ncols>4451</ncols></imagesize><object><name>m3_s01_013_p_ic005</name><deleted>0</deleted><verified>0</verified><occluded>no</occluded><attributes></attributes><parts><hasparts></hasparts><ispartof></ispartof></parts><date>28-10-20 22:19:32:770</date><id>0</id><type>bounding_box</type><polygon><username>anonymous</username><pt><x>674</x><y>2650</y><time>28-10-20 22:19:27:281</time></pt><pt><x>3250</x><y>2650</y><time>28-10-20 22:19:29:553</time></pt><pt><x>3250</x><y>228</y><time>undefined</time></pt><pt><x>674</x><y>228</y><time>undefined</time></pt><closed_date>28-10-20 22:19:29:554</closed_date></polygon></object></annotation>