<annotation><filename>m4_s05_052_p_nic086.jpg</filename><folder>users/joselusava//santiago_2</folder><source><submittedBy>Jose Saca</submittedBy></source><imagesize><nrows>2910</nrows><ncols>4361</ncols></imagesize><object><name>m4_s05_052_p_nic086</name><deleted>0</deleted><verified>0</verified><occluded>no</occluded><attributes></attributes><parts><hasparts></hasparts><ispartof></ispartof></parts><date>08-10-20 22:37:15:609</date><id>0</id><type>bounding_box</type><polygon><username>anonymous</username><pt><x>2713</x><y>641</y><time>08-10-20 22:37:12:370</time></pt><pt><x>4077</x><y>641</y><time>08-10-20 22:37:13:744</time></pt><pt><x>4077</x><y>2127</y><time>undefined</time></pt><pt><x>2713</x><y>2127</y><time>undefined</time></pt><closed_date>08-10-20 22:37:13:745</closed_date></polygon></object></annotation>