<annotation><filename>m4_s05_052_p.jpg</filename><folder>users/joselusava//santiago_2</folder><source><submittedBy>Jose Saca</submittedBy></source><imagesize><nrows>2910</nrows><ncols>4361</ncols></imagesize><object><name>m4_s05_052_p</name><deleted>0</deleted><verified>0</verified><occluded>no</occluded><attributes></attributes><parts><hasparts></hasparts><ispartof></ispartof></parts><date>07-10-20 16:14:10:909</date><id>0</id><type>bounding_box</type><polygon><username>anonymous</username><pt><x>1152</x><y>452</y><time>07-10-20 16:13:42:507</time></pt><pt><x>3169</x><y>452</y><time>07-10-20 16:13:45:939</time></pt><pt><x>3169</x><y>2514</y><time>undefined</time></pt><pt><x>1152</x><y>2514</y><time>undefined</time></pt><closed_date>07-10-20 16:13:45:940</closed_date></polygon></object></annotation>