<annotation><filename>m1_s06_144_p_nic093.jpg</filename><folder>users/joselusava//jacob_2/144nic</folder><source><submittedBy>Jose Saca</submittedBy></source><imagesize><nrows>2736</nrows><ncols>4100</ncols></imagesize><object><name>m1_s06_144_p_nic093</name><deleted>0</deleted><verified>0</verified><occluded>no</occluded><attributes></attributes><parts><hasparts></hasparts><ispartof></ispartof></parts><date>08-09-20 14:03:35:930</date><id>0</id><type>bounding_box</type><polygon><username>anonymous</username><pt><x>228</x><y>2095</y><time>08-09-20 14:03:33:789</time></pt><pt><x>2070</x><y>2095</y><time>08-09-20 14:03:35:274</time></pt><pt><x>2070</x><y>448</y><time>undefined</time></pt><pt><x>228</x><y>448</y><time>undefined</time></pt><closed_date>08-09-20 14:03:35:274</closed_date></polygon></object></annotation>