<annotation><filename>m4_s04_037_p_ic008.jpg</filename><folder>users/joselusava//santiago_2</folder><source><submittedBy>Jose Saca</submittedBy></source><imagesize><nrows>2970</nrows><ncols>4451</ncols></imagesize><object><name>m4_s04_037_p_ic008</name><deleted>0</deleted><verified>0</verified><occluded>no</occluded><attributes></attributes><parts><hasparts></hasparts><ispartof></ispartof></parts><date>17-10-20 18:08:52:968</date><id>0</id><type>bounding_box</type><polygon><username>anonymous</username><pt><x>1835</x><y>507</y><time>17-10-20 18:08:48:766</time></pt><pt><x>3084</x><y>507</y><time>17-10-20 18:08:50:996</time></pt><pt><x>3084</x><y>2420</y><time>undefined</time></pt><pt><x>1835</x><y>2420</y><time>undefined</time></pt><closed_date>17-10-20 18:08:50:998</closed_date></polygon></object></annotation>