<annotation><filename>m4_s06_089_p_ic078.jpg</filename><folder>users/joselusava//santiago_2</folder><source><submittedBy>Jose Saca</submittedBy></source><imagesize><nrows>2970</nrows><ncols>4451</ncols></imagesize><object><name>m4_s06_089_p_ic078</name><deleted>0</deleted><verified>0</verified><occluded>no</occluded><attributes></attributes><parts><hasparts></hasparts><ispartof></ispartof></parts><date>11-10-20 19:07:56:797</date><id>0</id><type>bounding_box</type><polygon><username>anonymous</username><pt><x>1443</x><y>251</y><time>11-10-20 19:07:53:123</time></pt><pt><x>3020</x><y>251</y><time>11-10-20 19:07:54:523</time></pt><pt><x>3020</x><y>2535</y><time>undefined</time></pt><pt><x>1443</x><y>2535</y><time>undefined</time></pt><closed_date>11-10-20 19:07:54:523</closed_date></polygon></object></annotation>