<annotation><filename>m2_s01_010_p_nic007.jpg</filename><folder>users/joselusava//santiago</folder><source><submittedBy>Jose Saca</submittedBy></source><imagesize><nrows>2850</nrows><ncols>4271</ncols></imagesize><object><name>m2_s01_010_p_nic007</name><deleted>0</deleted><verified>0</verified><occluded>no</occluded><attributes></attributes><parts><hasparts></hasparts><ispartof></ispartof></parts><date>22-09-20 19:43:04:828</date><id>0</id><type>bounding_box</type><polygon><username>anonymous</username><pt><x>2302</x><y>436</y><time>22-09-20 19:42:57:645</time></pt><pt><x>3238</x><y>436</y><time>22-09-20 19:42:59:208</time></pt><pt><x>3238</x><y>1455</y><time>undefined</time></pt><pt><x>2302</x><y>1455</y><time>undefined</time></pt><closed_date>22-09-20 19:42:59:209</closed_date></polygon></object></annotation>