<annotation><filename>m1_s03-04_094_x.jpg</filename><folder>users/joselusava//valeria/sala03y04</folder><source><submittedBy>Jose Saca</submittedBy></source><imagesize><nrows>3200</nrows><ncols>4800</ncols></imagesize><object><name>m1_s03_s04_094_x</name><deleted>0</deleted><verified>0</verified><occluded>no</occluded><attributes></attributes><parts><hasparts></hasparts><ispartof></ispartof></parts><date>28-08-20 21:21:58:391</date><id>0</id><type>bounding_box</type><polygon><username>anonymous</username><pt><x>848</x><y>419</y><time>28-08-20 21:21:52:397</time></pt><pt><x>4220</x><y>419</y><time>28-08-20 21:21:55:184</time></pt><pt><x>4220</x><y>3007</y><time>undefined</time></pt><pt><x>848</x><y>3007</y><time>undefined</time></pt><closed_date>28-08-20 21:21:55:185</closed_date></polygon></object></annotation>