<annotation><filename>m2_s01_024_p_nic041.jpg</filename><folder>users/joselusava//santiago</folder><source><submittedBy>Jose Saca</submittedBy></source><imagesize><nrows>2850</nrows><ncols>4271</ncols></imagesize><object><name>m2_s01_024_p_nic041</name><deleted>0</deleted><verified>0</verified><occluded>no</occluded><attributes></attributes><parts><hasparts></hasparts><ispartof></ispartof></parts><date>25-09-20 14:16:23:578</date><id>0</id><type>bounding_box</type><polygon><username>anonymous</username><pt><x>2177</x><y>1193</y><time>25-09-20 14:16:16:099</time></pt><pt><x>3049</x><y>1193</y><time>25-09-20 14:16:17:015</time></pt><pt><x>3049</x><y>2658</y><time>undefined</time></pt><pt><x>2177</x><y>2658</y><time>undefined</time></pt><closed_date>25-09-20 14:16:17:016</closed_date></polygon></object></annotation>