<annotation><filename>m1_s02_029_p_nic045.jpg</filename><folder>users/joselusava//valeria/sala2_029_nic</folder><source><submittedBy>Jose Saca</submittedBy></source><imagesize><nrows>3200</nrows><ncols>4800</ncols></imagesize><object><name>m1_s02_029_p_nic045</name><deleted>0</deleted><verified>0</verified><occluded>no</occluded><attributes></attributes><parts><hasparts></hasparts><ispartof></ispartof></parts><date>26-08-20 19:06:57:392</date><id>0</id><type>bounding_box</type><polygon><username>anonymous</username><pt><x>419</x><y>1471</y><time>26-08-20 19:06:51:595</time></pt><pt><x>1681</x><y>1471</y><time>26-08-20 19:06:54:295</time></pt><pt><x>1681</x><y>2905</y><time>undefined</time></pt><pt><x>419</x><y>2905</y><time>undefined</time></pt><closed_date>26-08-20 19:06:54:296</closed_date></polygon></object></annotation>