<annotation><filename>m2_s01_040_x.jpg</filename><folder>users/joselusava//juancarlos</folder><source><submittedBy>Jose Saca</submittedBy></source><imagesize><nrows>2850</nrows><ncols>4271</ncols></imagesize><object><name>m2_s01_040_x</name><deleted>0</deleted><verified>0</verified><occluded>no</occluded><attributes></attributes><parts><hasparts></hasparts><ispartof></ispartof></parts><date>28-09-20 11:02:11:046</date><id>0</id><type>bounding_box</type><polygon><username>anonymous</username><pt><x>1047</x><y>979</y><time>28-09-20 11:02:03:431</time></pt><pt><x>3169</x><y>979</y><time>28-09-20 11:02:05:269</time></pt><pt><x>3169</x><y>2062</y><time>undefined</time></pt><pt><x>1047</x><y>2062</y><time>undefined</time></pt><closed_date>28-09-20 11:02:05:270</closed_date></polygon></object></annotation>