<annotation><filename>m2_s06_244_p_nic003.jpg</filename><folder>users/joselusava//museos2020</folder><source><submittedBy>Jose Saca</submittedBy></source><imagesize><nrows>2910</nrows><ncols>4361</ncols></imagesize><object><name>m2_s06_244_p_nic003</name><deleted>0</deleted><verified>0</verified><occluded>no</occluded><attributes></attributes><parts><hasparts></hasparts><ispartof></ispartof></parts><date>24-09-20 19:48:09:214</date><id>0</id><type>bounding_box</type><polygon><username>anonymous</username><pt><x>2073</x><y>1227</y><time>24-09-20 19:48:00:816</time></pt><pt><x>3789</x><y>1227</y><time>24-09-20 19:48:02:557</time></pt><pt><x>3789</x><y>2004</y><time>undefined</time></pt><pt><x>2073</x><y>2004</y><time>undefined</time></pt><closed_date>24-09-20 19:48:02:558</closed_date></polygon></object></annotation>