<annotation><filename>m2_s07_264_p_nic034.jpg</filename><folder>users/joselusava//valeria/sala7_264_nic</folder><source><submittedBy>Jose Saca</submittedBy></source><imagesize><nrows>2910</nrows><ncols>4361</ncols></imagesize><object><name>m2_s07_264_p_nic034</name><deleted>0</deleted><verified>0</verified><occluded>no</occluded><attributes></attributes><parts><hasparts></hasparts><ispartof></ispartof></parts><date>23-09-20 19:59:35:663</date><id>0</id><type>bounding_box</type><polygon><username>anonymous</username><pt><x>149</x><y>2381</y><time>23-09-20 19:59:29:724</time></pt><pt><x>1499</x><y>2381</y><time>23-09-20 19:59:33:025</time></pt><pt><x>1499</x><y>650</y><time>undefined</time></pt><pt><x>149</x><y>650</y><time>undefined</time></pt><closed_date>23-09-20 19:59:33:026</closed_date></polygon></object></annotation>