<annotation><filename>m2_s03_219_p_nic085.jpg</filename><folder>users/joselusava//valeria/m2_sala03_219_nic</folder><source><submittedBy>Jose Saca</submittedBy></source><imagesize><nrows>2910</nrows><ncols>4361</ncols></imagesize><object><name>m2_s03_219_p_nic085</name><deleted>0</deleted><verified>0</verified><occluded>no</occluded><attributes></attributes><parts><hasparts></hasparts><ispartof></ispartof></parts><date>29-09-20 19:43:34:449</date><id>0</id><type>bounding_box</type><polygon><username>anonymous</username><pt><x>2188</x><y>2094</y><time>29-09-20 19:43:29:001</time></pt><pt><x>3924</x><y>2094</y><time>29-09-20 19:43:31:175</time></pt><pt><x>3924</x><y>468</y><time>undefined</time></pt><pt><x>2188</x><y>468</y><time>undefined</time></pt><closed_date>29-09-20 19:43:31:176</closed_date></polygon></object></annotation>