<annotation><filename>m4_s12_185_p_ic025.jpg</filename><folder>users/joselusava//valeria/m04_s12_185_ic</folder><source><submittedBy>Jose Saca</submittedBy></source><imagesize><nrows>2910</nrows><ncols>4361</ncols></imagesize><object><name>m4_s12_185_p_ic025</name><deleted>0</deleted><verified>0</verified><occluded>no</occluded><attributes></attributes><parts><hasparts></hasparts><ispartof></ispartof></parts><date>17-10-20 15:59:27:651</date><id>0</id><type>bounding_box</type><polygon><username>anonymous</username><pt><x>3761</x><y>2625</y><time>17-10-20 15:59:20:758</time></pt><pt><x>672</x><y>2625</y><time>17-10-20 15:59:24:086</time></pt><pt><x>672</x><y>280</y><time>undefined</time></pt><pt><x>3761</x><y>280</y><time>undefined</time></pt><closed_date>17-10-20 15:59:24:088</closed_date></polygon></object></annotation>