<annotation><filename>m4_s11_178_p_ic081.jpg</filename><folder>users/joselusava//santiago_2</folder><source><submittedBy>Jose Saca</submittedBy></source><imagesize><nrows>2970</nrows><ncols>4451</ncols></imagesize><object><name>m4_s11_178_p_ic081</name><deleted>0</deleted><verified>0</verified><occluded>no</occluded><attributes></attributes><parts><hasparts></hasparts><ispartof></ispartof></parts><date>15-10-20 22:19:57:413</date><id>0</id><type>bounding_box</type><polygon><username>anonymous</username><pt><x>1474</x><y>750</y><time>15-10-20 22:19:53:493</time></pt><pt><x>2827</x><y>750</y><time>15-10-20 22:19:55:256</time></pt><pt><x>2827</x><y>2502</y><time>undefined</time></pt><pt><x>1474</x><y>2502</y><time>undefined</time></pt><closed_date>15-10-20 22:19:55:257</closed_date></polygon></object></annotation>