<annotation><filename>m2_s02_085_p_nic074.jpg</filename><folder>users/joselusava//m2_jsv/85/nic</folder><source><submittedBy>Jose Saca</submittedBy></source><imagesize><nrows>2910</nrows><ncols>4361</ncols></imagesize><object><name>m2_s02_085_p_nic074</name><deleted>0</deleted><verified>0</verified><occluded>no</occluded><attributes></attributes><parts><hasparts></hasparts><ispartof></ispartof></parts><date>19-09-20 22:53:58:322</date><id>0</id><type>bounding_box</type><polygon><username>anonymous</username><pt><x>2011</x><y>1741</y><time>19-09-20 22:53:56:478</time></pt><pt><x>2725</x><y>1741</y><time>19-09-20 22:53:57:719</time></pt><pt><x>2725</x><y>2524</y><time>undefined</time></pt><pt><x>2011</x><y>2524</y><time>undefined</time></pt><closed_date>19-09-20 22:53:57:719</closed_date></polygon></object></annotation>