<annotation><filename>img_m1_s10_303_p_nic042.jpg</filename><folder>users/joselusava//santiago</folder><source><submittedBy>Jose Saca</submittedBy></source><imagesize><nrows>3200</nrows><ncols>4800</ncols></imagesize><object><name>m1_s10_303_p_nic042</name><deleted>0</deleted><verified>0</verified><occluded>no</occluded><attributes></attributes><parts><hasparts></hasparts><ispartof></ispartof></parts><date>01-09-20 21:20:00:040</date><id>0</id><type>bounding_box</type><polygon><username>anonymous</username><pt><x>3139</x><y>2091</y><time>01-09-20 21:19:52:091</time></pt><pt><x>4532</x><y>2091</y><time>01-09-20 21:19:53:393</time></pt><pt><x>4532</x><y>2991</y><time>undefined</time></pt><pt><x>3139</x><y>2991</y><time>undefined</time></pt><closed_date>01-09-20 21:19:53:395</closed_date></polygon></object></annotation>