<annotation><filename>m1_s06_141_p_ic091.jpg</filename><folder>users/joselusava//jacob_2/141ic</folder><source><submittedBy>Jose Saca</submittedBy></source><imagesize><nrows>2736</nrows><ncols>4100</ncols></imagesize><object><name>m1_s06_141_p_ic091</name><deleted>0</deleted><verified>0</verified><occluded>no</occluded><attributes></attributes><parts><hasparts></hasparts><ispartof></ispartof></parts><date>05-09-20 00:06:21:806</date><id>0</id><type>bounding_box</type><polygon><username>anonymous</username><pt><x>839</x><y>2598</y><time>05-09-20 00:06:18:799</time></pt><pt><x>2510</x><y>2598</y><time>05-09-20 00:06:20:947</time></pt><pt><x>2510</x><y>156</y><time>undefined</time></pt><pt><x>839</x><y>156</y><time>undefined</time></pt><closed_date>05-09-20 00:06:20:947</closed_date></polygon></object></annotation>