<annotation><filename>m4_s09_138_p_ic019.jpg</filename><folder>users/joselusava//santiago_2</folder><source><submittedBy>Jose Saca</submittedBy></source><imagesize><nrows>2970</nrows><ncols>4451</ncols></imagesize><object><name>m4_s09_138_p_ic019</name><deleted>0</deleted><verified>0</verified><occluded>no</occluded><attributes></attributes><parts><hasparts></hasparts><ispartof></ispartof></parts><date>22-10-20 13:56:35:115</date><id>0</id><type>bounding_box</type><polygon><username>anonymous</username><pt><x>460</x><y>286</y><time>22-10-20 13:56:31:860</time></pt><pt><x>4294</x><y>286</y><time>22-10-20 13:56:33:197</time></pt><pt><x>4294</x><y>2199</y><time>undefined</time></pt><pt><x>460</x><y>2199</y><time>undefined</time></pt><closed_date>22-10-20 13:56:33:199</closed_date></polygon></object></annotation>