<annotation><filename>img_m1_s03-04_108_p_nic032.jpg</filename><folder>users/joselusava//valeria/sala3y4_108_nic</folder><source><submittedBy>Jose Saca</submittedBy></source><imagesize><nrows>3200</nrows><ncols>4800</ncols></imagesize><object><name>m1_s03_s04_108_p_nic032</name><deleted>0</deleted><verified>0</verified><occluded>no</occluded><attributes></attributes><parts><hasparts></hasparts><ispartof></ispartof></parts><date>02-09-20 17:39:11:354</date><id>0</id><type>bounding_box</type><polygon><username>anonymous</username><pt><x>4745</x><y>2255</y><time>02-09-20 17:39:01:707</time></pt><pt><x>1242</x><y>2255</y><time>02-09-20 17:39:04:067</time></pt><pt><x>1242</x><y>1194</y><time>undefined</time></pt><pt><x>4745</x><y>1194</y><time>undefined</time></pt><closed_date>02-09-20 17:39:04:068</closed_date></polygon></object></annotation>