<annotation><filename>m1_s06_186_p_ic027.jpg</filename><folder>users/joselusava//jacob_2/186ic</folder><source><submittedBy>Jose Saca</submittedBy></source><imagesize><nrows>2736</nrows><ncols>4100</ncols></imagesize><object><name>s06_186_p_ic027</name><deleted>0</deleted><verified>0</verified><occluded>no</occluded><attributes></attributes><parts><hasparts></hasparts><ispartof></ispartof></parts><date>09-09-20 11:26:52:615</date><id>0</id><type>bounding_box</type><polygon><username>anonymous</username><pt><x>3192</x><y>2611</y><time>09-09-20 11:26:50:187</time></pt><pt><x>1154</x><y>2611</y><time>09-09-20 11:26:51:783</time></pt><pt><x>1154</x><y>25</y><time>undefined</time></pt><pt><x>3192</x><y>25</y><time>undefined</time></pt><closed_date>09-09-20 11:26:51:783</closed_date></polygon></object></annotation>