<annotation><filename>m2_s01_056_p_nic017.jpg</filename><folder>users/joselusava//m2_jsv/56/nic</folder><source><submittedBy>Jose Saca</submittedBy></source><imagesize><nrows>2850</nrows><ncols>4271</ncols></imagesize><object><name>m2_s01_056_p_nic017</name><deleted>0</deleted><verified>0</verified><occluded>no</occluded><attributes></attributes><parts><hasparts></hasparts><ispartof></ispartof></parts><date>28-09-20 22:06:04:136</date><id>0</id><type>bounding_box</type><polygon><username>anonymous</username><pt><x>1596</x><y>2760</y><time>28-09-20 22:06:02:420</time></pt><pt><x>8</x><y>2760</y><time>28-09-20 22:06:03:482</time></pt><pt><x>8</x><y>1061</y><time>undefined</time></pt><pt><x>1596</x><y>1061</y><time>undefined</time></pt><closed_date>28-09-20 22:06:03:482</closed_date></polygon></object></annotation>