<annotation><filename>m4_s05_060_p_ic002.jpg</filename><folder>users/joselusava//m4_js/60/ic</folder><source><submittedBy>Jose Saca</submittedBy></source><imagesize><nrows>2910</nrows><ncols>4361</ncols></imagesize><object><name>m4_s05_060_p_ic002</name><deleted>0</deleted><verified>0</verified><occluded>no</occluded><attributes></attributes><parts><hasparts></hasparts><ispartof></ispartof></parts><date>13-10-20 15:36:05:319</date><id>0</id><type>bounding_box</type><polygon><username>anonymous</username><pt><x>4030</x><y>2281</y><time>13-10-20 15:36:02:751</time></pt><pt><x>192</x><y>2281</y><time>13-10-20 15:36:04:499</time></pt><pt><x>192</x><y>392</y><time>undefined</time></pt><pt><x>4030</x><y>392</y><time>undefined</time></pt><closed_date>13-10-20 15:36:04:499</closed_date></polygon></object></annotation>