<annotation><filename>m3_s01_023_p_ic031.jpg</filename><folder>users/joselusava//santiago_3</folder><source><submittedBy>Jose Saca</submittedBy></source><imagesize><nrows>2970</nrows><ncols>4451</ncols></imagesize><object><name>m3_s01_023_p_ic031</name><deleted>0</deleted><verified>0</verified><occluded>no</occluded><attributes></attributes><parts><hasparts></hasparts><ispartof></ispartof></parts><date>04-11-20 19:06:09:358</date><id>0</id><type>bounding_box</type><polygon><username>anonymous</username><pt><x>214</x><y>261</y><time>04-11-20 19:06:05:670</time></pt><pt><x>3941</x><y>261</y><time>04-11-20 19:06:07:360</time></pt><pt><x>3941</x><y>2524</y><time>undefined</time></pt><pt><x>214</x><y>2524</y><time>undefined</time></pt><closed_date>04-11-20 19:06:07:360</closed_date></polygon></object></annotation>