<annotation><filename>m2_s03_219_p_nic088.jpg</filename><folder>users/joselusava//valeria/m2_sala03_219_nic</folder><source><submittedBy>Jose Saca</submittedBy></source><imagesize><nrows>2910</nrows><ncols>4361</ncols></imagesize><object><name>m2_s03_219_p_nic088</name><deleted>0</deleted><verified>0</verified><occluded>no</occluded><attributes></attributes><parts><hasparts></hasparts><ispartof></ispartof></parts><date>29-09-20 19:49:00:242</date><id>0</id><type>bounding_box</type><polygon><username>anonymous</username><pt><x>1962</x><y>2348</y><time>29-09-20 19:48:50:171</time></pt><pt><x>584</x><y>2348</y><time>29-09-20 19:48:53:036</time></pt><pt><x>584</x><y>457</y><time>undefined</time></pt><pt><x>1962</x><y>457</y><time>undefined</time></pt><closed_date>29-09-20 19:48:53:036</closed_date></polygon></object></annotation>