<annotation><filename>m1_s01_001_p_nic014.jpg</filename><folder>users/joselusava//juancarlos</folder><source><submittedBy>Jose Saca</submittedBy></source><imagesize><nrows>3200</nrows><ncols>4800</ncols></imagesize><object><name>m1_s01_001_p_nic014</name><deleted>0</deleted><verified>0</verified><occluded>no</occluded><attributes></attributes><parts><hasparts></hasparts><ispartof></ispartof></parts><date>02-09-20 11:53:14:174</date><id>0</id><type>bounding_box</type><polygon><username>anonymous</username><pt><x>491</x><y>1721</y><time>02-09-20 11:53:05:123</time></pt><pt><x>1782</x><y>1721</y><time>02-09-20 11:53:07:838</time></pt><pt><x>1782</x><y>2582</y><time>undefined</time></pt><pt><x>491</x><y>2582</y><time>undefined</time></pt><closed_date>02-09-20 11:53:07:839</closed_date></polygon></object></annotation>