<annotation><filename>m3_s01_002_p_ic100.jpg</filename><folder>users/joselusava//santiago_3</folder><source><submittedBy>Jose Saca</submittedBy></source><imagesize><nrows>2970</nrows><ncols>4451</ncols></imagesize><object><name>m3_s01_002_p_ic100</name><deleted>0</deleted><verified>0</verified><occluded>no</occluded><attributes></attributes><parts><hasparts></hasparts><ispartof></ispartof></parts><date>29-10-20 13:44:00:283</date><id>0</id><type>bounding_box</type><polygon><username>anonymous</username><pt><x>393</x><y>493</y><time>29-10-20 13:43:56:112</time></pt><pt><x>3345</x><y>493</y><time>29-10-20 13:43:57:419</time></pt><pt><x>3345</x><y>2442</y><time>undefined</time></pt><pt><x>393</x><y>2442</y><time>undefined</time></pt><closed_date>29-10-20 13:43:57:419</closed_date></polygon></object></annotation>