<annotation><filename>img_m1_s03-04_108_p_ic007.jpg</filename><folder>users/joselusava//valeria/sala3y4_108_ic</folder><source><submittedBy>Jose Saca</submittedBy></source><imagesize><nrows>3200</nrows><ncols>4800</ncols></imagesize><object><name>m1_s03_s04_108_p_ic007</name><deleted>0</deleted><verified>0</verified><occluded>no</occluded><attributes></attributes><parts><hasparts></hasparts><ispartof></ispartof></parts><date>30-08-20 21:26:31:928</date><id>0</id><type>bounding_box</type><polygon><username>anonymous</username><pt><x>4788</x><y>3188</y><time>30-08-20 21:26:23:150</time></pt><pt><x>12</x><y>3188</y><time>30-08-20 21:26:28:040</time></pt><pt><x>12</x><y>600</y><time>undefined</time></pt><pt><x>4788</x><y>600</y><time>undefined</time></pt><closed_date>30-08-20 21:26:28:041</closed_date></polygon></object></annotation>