<annotation><filename>m2_s01_024_p_nic087.jpg</filename><folder>users/joselusava//santiago</folder><source><submittedBy>Jose Saca</submittedBy></source><imagesize><nrows>2850</nrows><ncols>4271</ncols></imagesize><object><name>m2_s01_024_p_nic087</name><deleted>0</deleted><verified>0</verified><occluded>no</occluded><attributes></attributes><parts><hasparts></hasparts><ispartof></ispartof></parts><date>25-09-20 15:48:38:086</date><id>0</id><type>bounding_box</type><polygon><username>anonymous</username><pt><x>2921</x><y>234</y><time>25-09-20 15:48:31:870</time></pt><pt><x>3709</x><y>234</y><time>25-09-20 15:48:32:810</time></pt><pt><x>3709</x><y>1462</y><time>undefined</time></pt><pt><x>2921</x><y>1462</y><time>undefined</time></pt><closed_date>25-09-20 15:48:32:811</closed_date></polygon></object></annotation>