<annotation><filename>m2_s01_024_p_nic081.jpg</filename><folder>users/joselusava//santiago</folder><source><submittedBy>Jose Saca</submittedBy></source><imagesize><nrows>2850</nrows><ncols>4271</ncols></imagesize><object><name>m2_s01_024_p_nic081</name><deleted>0</deleted><verified>0</verified><occluded>no</occluded><attributes></attributes><parts><hasparts></hasparts><ispartof></ispartof></parts><date>25-09-20 15:42:16:110</date><id>0</id><type>bounding_box</type><polygon><username>anonymous</username><pt><x>442</x><y>180</y><time>25-09-20 15:42:09:955</time></pt><pt><x>1221</x><y>180</y><time>25-09-20 15:42:10:750</time></pt><pt><x>1221</x><y>1529</y><time>undefined</time></pt><pt><x>442</x><y>1529</y><time>undefined</time></pt><closed_date>25-09-20 15:42:10:751</closed_date></polygon></object></annotation>