<annotation><filename>m4_s04_045_p_ic084.jpg</filename><folder>users/joselusava//valeria/m04_s04_45_ic</folder><source><submittedBy>Jose Saca</submittedBy></source><imagesize><nrows>2970</nrows><ncols>4451</ncols></imagesize><object><name>m4_s04_045_p_ic084</name><deleted>0</deleted><verified>0</verified><occluded>no</occluded><attributes></attributes><parts><hasparts></hasparts><ispartof></ispartof></parts><date>19-10-20 23:42:35:173</date><id>0</id><type>bounding_box</type><polygon><username>anonymous</username><pt><x>1536</x><y>2782</y><time>19-10-20 23:42:29:242</time></pt><pt><x>2827</x><y>2782</y><time>19-10-20 23:42:31:470</time></pt><pt><x>2827</x><y>320</y><time>undefined</time></pt><pt><x>1536</x><y>320</y><time>undefined</time></pt><closed_date>19-10-20 23:42:31:471</closed_date></polygon></object></annotation>