<annotation><filename>m4_s09_138_p_ic066.jpg</filename><folder>users/joselusava//santiago_2</folder><source><submittedBy>Jose Saca</submittedBy></source><imagesize><nrows>2970</nrows><ncols>4451</ncols></imagesize><object><name>m4_s09_138_p_ic066</name><deleted>0</deleted><verified>0</verified><occluded>no</occluded><attributes></attributes><parts><hasparts></hasparts><ispartof></ispartof></parts><date>22-10-20 20:42:29:796</date><id>0</id><type>bounding_box</type><polygon><username>anonymous</username><pt><x>450</x><y>489</y><time>22-10-20 20:42:26:142</time></pt><pt><x>3688</x><y>489</y><time>22-10-20 20:42:27:229</time></pt><pt><x>3688</x><y>2577</y><time>undefined</time></pt><pt><x>450</x><y>2577</y><time>undefined</time></pt><closed_date>22-10-20 20:42:27:230</closed_date></polygon></object></annotation>