<annotation><filename>m2_s01_024_p_ic045.jpg</filename><folder>users/joselusava//santiago</folder><source><submittedBy>Jose Saca</submittedBy></source><imagesize><nrows>2850</nrows><ncols>4271</ncols></imagesize><object><name>m2_s01_024_p_ic045</name><deleted>0</deleted><verified>0</verified><occluded>no</occluded><attributes></attributes><parts><hasparts></hasparts><ispartof></ispartof></parts><date>24-09-20 16:46:56:612</date><id>0</id><type>bounding_box</type><polygon><username>anonymous</username><pt><x>1183</x><y>29</y><time>24-09-20 16:46:48:050</time></pt><pt><x>2699</x><y>29</y><time>24-09-20 16:46:50:379</time></pt><pt><x>2699</x><y>2651</y><time>undefined</time></pt><pt><x>1183</x><y>2651</y><time>undefined</time></pt><closed_date>24-09-20 16:46:50:380</closed_date></polygon></object></annotation>