<annotation><filename>m2_s01_054_p_ic005.jpg</filename><folder>users/joselusava//kath</folder><source><submittedBy>Jose Saca</submittedBy></source><imagesize><nrows>2850</nrows><ncols>4271</ncols></imagesize><object><name>m2_s01_054_p_ic005</name><deleted>0</deleted><verified>0</verified><occluded>no</occluded><attributes></attributes><parts><hasparts></hasparts><ispartof></ispartof></parts><date>29-09-20 21:27:01:301</date><id>0</id><type>bounding_box</type><polygon><username>anonymous</username><pt><x>1110</x><y>442</y><time>29-09-20 21:26:52:993</time></pt><pt><x>2879</x><y>442</y><time>29-09-20 21:26:56:595</time></pt><pt><x>2879</x><y>2589</y><time>undefined</time></pt><pt><x>1110</x><y>2589</y><time>undefined</time></pt><closed_date>29-09-20 21:26:56:596</closed_date></polygon></object></annotation>