<annotation><filename>m4_s12_185_p_nic068.jpg</filename><folder>users/joselusava//valeria/m04_s12_185_nic</folder><source><submittedBy>Jose Saca</submittedBy></source><imagesize><nrows>2910</nrows><ncols>4361</ncols></imagesize><object><name>m4_s12_185_p_nic068</name><deleted>0</deleted><verified>0</verified><occluded>no</occluded><attributes></attributes><parts><hasparts></hasparts><ispartof></ispartof></parts><date>17-10-20 23:35:30:599</date><id>0</id><type>bounding_box</type><polygon><username>anonymous</username><pt><x>1880</x><y>2882</y><time>17-10-20 23:35:21:470</time></pt><pt><x>3643</x><y>2882</y><time>17-10-20 23:35:23:154</time></pt><pt><x>3643</x><y>1058</y><time>undefined</time></pt><pt><x>1880</x><y>1058</y><time>undefined</time></pt><closed_date>17-10-20 23:35:23:155</closed_date></polygon></object></annotation>