<annotation><filename>m2_s01_054_p_nic022.jpg</filename><folder>users/joselusava//kath</folder><source><submittedBy>Jose Saca</submittedBy></source><imagesize><nrows>2850</nrows><ncols>4271</ncols></imagesize><object><name>m2_s01_054_p_nic022</name><deleted>0</deleted><verified>0</verified><occluded>no</occluded><attributes></attributes><parts><hasparts></hasparts><ispartof></ispartof></parts><date>30-09-20 11:14:05:600</date><id>0</id><type>bounding_box</type><polygon><username>anonymous</username><pt><x>3124</x><y>1600</y><time>30-09-20 11:13:59:167</time></pt><pt><x>2415</x><y>1600</y><time>30-09-20 11:14:02:722</time></pt><pt><x>2415</x><y>2611</y><time>undefined</time></pt><pt><x>3124</x><y>2611</y><time>undefined</time></pt><closed_date>30-09-20 11:14:02:723</closed_date></polygon></object></annotation>