<annotation><filename>m1_s02_029_p_nic095.jpg</filename><folder>users/joselusava//valeria/sala2_029_nic</folder><source><submittedBy>Jose Saca</submittedBy></source><imagesize><nrows>3200</nrows><ncols>4800</ncols></imagesize><object><name>m1_s02_029_p_nic095</name><deleted>0</deleted><verified>0</verified><occluded>no</occluded><attributes></attributes><parts><hasparts></hasparts><ispartof></ispartof></parts><date>26-08-20 21:12:59:192</date><id>0</id><type>bounding_box</type><polygon><username>anonymous</username><pt><x>3179</x><y>773</y><time>26-08-20 21:12:52:800</time></pt><pt><x>4220</x><y>773</y><time>26-08-20 21:12:55:784</time></pt><pt><x>4220</x><y>1901</y><time>undefined</time></pt><pt><x>3179</x><y>1901</y><time>undefined</time></pt><closed_date>26-08-20 21:12:55:785</closed_date></polygon></object></annotation>