<annotation><filename>m1_s01_005_p_nic015.jpg</filename><folder>users/joselusava//museos2020</folder><source><submittedBy>Jose Saca</submittedBy></source><imagesize><nrows>2000</nrows><ncols>2992</ncols></imagesize><object><name>m1_s01_005_p_nic015</name><deleted>0</deleted><verified>0</verified><occluded>no</occluded><attributes></attributes><parts><hasparts></hasparts><ispartof></ispartof></parts><date>13-09-20 22:45:45:834</date><id>0</id><type>bounding_box</type><polygon><username>anonymous</username><pt><x>131</x><y>1268</y><time>13-09-20 22:45:35:523</time></pt><pt><x>837</x><y>1268</y><time>13-09-20 22:45:36:843</time></pt><pt><x>837</x><y>1936</y><time>undefined</time></pt><pt><x>131</x><y>1936</y><time>undefined</time></pt><closed_date>13-09-20 22:45:36:843</closed_date></polygon></object></annotation>