<annotation><filename>m4_s03_024_x.jpg</filename><folder>users/joselusava//kath/m4_x</folder><source><submittedBy>Jose Saca</submittedBy></source><imagesize><nrows>3899</nrows><ncols>5844</ncols></imagesize><object><name>m4_s03_024_x</name><deleted>0</deleted><verified>0</verified><occluded>no</occluded><attributes></attributes><parts><hasparts></hasparts><ispartof></ispartof></parts><date>24-10-20 12:08:30:709</date><id>0</id><polygon><username>anonymous</username><pt><x>707</x><y>259</y><time>24-10-20 12:08:06:080</time></pt><pt><x>694</x><y>3401</y><time>24-10-20 12:08:07:793</time></pt><pt><x>5117</x><y>3394</y><time>24-10-20 12:08:08:869</time></pt><pt><x>4719</x><y>334</y><time>24-10-20 12:08:10:548</time></pt><closed_date>24-10-20 12:08:12:094</closed_date></polygon></object></annotation>