<annotation><filename>m4_s04_039_p_ic056.jpg</filename><folder>users/joselusava//santiago_2</folder><source><submittedBy>Jose Saca</submittedBy></source><imagesize><nrows>2970</nrows><ncols>4451</ncols></imagesize><object><name>m4_s04_039_p_ic056</name><deleted>0</deleted><verified>0</verified><occluded>no</occluded><attributes></attributes><parts><hasparts></hasparts><ispartof></ispartof></parts><date>20-10-20 22:02:33:663</date><id>0</id><type>bounding_box</type><polygon><username>anonymous</username><pt><x>1785</x><y>189</y><time>20-10-20 22:02:29:669</time></pt><pt><x>2542</x><y>189</y><time>20-10-20 22:02:31:427</time></pt><pt><x>2542</x><y>2727</y><time>undefined</time></pt><pt><x>1785</x><y>2727</y><time>undefined</time></pt><closed_date>20-10-20 22:02:31:427</closed_date></polygon></object></annotation>