<annotation><filename>m1_s06_168_p_ic074.jpg</filename><folder>users/joselusava//jacob_2/168ic</folder><source><submittedBy>Jose Saca</submittedBy></source><imagesize><nrows>2736</nrows><ncols>4100</ncols></imagesize><object><name>m1_s06_168_p_ic074</name><deleted>0</deleted><verified>0</verified><occluded>no</occluded><attributes></attributes><parts><hasparts></hasparts><ispartof></ispartof></parts><date>08-09-20 22:46:13:143</date><id>0</id><type>bounding_box</type><polygon><username>anonymous</username><pt><x>1162</x><y>2635</y><time>08-09-20 22:46:08:345</time></pt><pt><x>2897</x><y>2635</y><time>08-09-20 22:46:10:136</time></pt><pt><x>2897</x><y>540</y><time>undefined</time></pt><pt><x>1162</x><y>540</y><time>undefined</time></pt><closed_date>08-09-20 22:46:10:137</closed_date></polygon></object></annotation>