<annotation><filename>m4_s03_025_p_ic053.jpg</filename><folder>users/joselusava//m4_js/m3/25</folder><source><submittedBy>Jose Saca</submittedBy></source><imagesize><nrows>2910</nrows><ncols>4361</ncols></imagesize><object><name>m4_s03_025_p_ic053</name><deleted>0</deleted><verified>0</verified><occluded>no</occluded><attributes></attributes><parts><hasparts></hasparts><ispartof></ispartof></parts><date>09-11-20 11:09:38:534</date><id>0</id><type>bounding_box</type><polygon><username>anonymous</username><pt><x>722</x><y>575</y><time>09-11-20 11:09:36:419</time></pt><pt><x>3987</x><y>575</y><time>09-11-20 11:09:37:801</time></pt><pt><x>3987</x><y>2585</y><time>undefined</time></pt><pt><x>722</x><y>2585</y><time>undefined</time></pt><closed_date>09-11-20 11:09:37:801</closed_date></polygon></object></annotation>