<annotation><filename>m4_s02_021_p_nic047.jpg</filename><folder>users/joselusava//santiago_2</folder><source><submittedBy>Jose Saca</submittedBy></source><imagesize><nrows>2910</nrows><ncols>4361</ncols></imagesize><object><name>m4_s02_021_p_nic047</name><deleted>0</deleted><verified>0</verified><occluded>no</occluded><attributes></attributes><parts><hasparts></hasparts><ispartof></ispartof></parts><date>04-10-20 22:31:49:894</date><id>0</id><type>bounding_box</type><polygon><username>anonymous</username><pt><x>322</x><y>284</y><time>04-10-20 22:31:46:785</time></pt><pt><x>1427</x><y>284</y><time>04-10-20 22:31:47:941</time></pt><pt><x>1427</x><y>2120</y><time>undefined</time></pt><pt><x>322</x><y>2120</y><time>undefined</time></pt><closed_date>04-10-20 22:31:47:943</closed_date></polygon></object></annotation>