<annotation><filename>m4_s10_164_p_ic027.jpg</filename><folder>users/joselusava//santiago_2</folder><source><submittedBy>Jose Saca</submittedBy></source><imagesize><nrows>2970</nrows><ncols>4451</ncols></imagesize><object><name>m4_s10_164_p_ic027</name><deleted>0</deleted><verified>0</verified><occluded>no</occluded><attributes></attributes><parts><hasparts></hasparts><ispartof></ispartof></parts><date>13-10-20 22:17:56:615</date><id>0</id><type>bounding_box</type><polygon><username>anonymous</username><pt><x>1863</x><y>1042</y><time>13-10-20 22:17:53:610</time></pt><pt><x>2624</x><y>1042</y><time>13-10-20 22:17:54:277</time></pt><pt><x>2624</x><y>1924</y><time>undefined</time></pt><pt><x>1863</x><y>1924</y><time>undefined</time></pt><closed_date>13-10-20 22:17:54:278</closed_date></polygon></object></annotation>