<annotation><filename>m4_s06_089_p_nic093.jpg</filename><folder>users/joselusava//santiago_2</folder><source><submittedBy>Jose Saca</submittedBy></source><imagesize><nrows>2970</nrows><ncols>4451</ncols></imagesize><object><name>m4_s06_089_p_nic093</name><deleted>0</deleted><verified>0</verified><occluded>no</occluded><attributes></attributes><parts><hasparts></hasparts><ispartof></ispartof></parts><date>12-10-20 22:23:21:264</date><id>0</id><type>bounding_box</type><polygon><username>anonymous</username><pt><x>1049</x><y>107</y><time>12-10-20 22:23:18:004</time></pt><pt><x>2038</x><y>107</y><time>12-10-20 22:23:19:181</time></pt><pt><x>2038</x><y>1995</y><time>undefined</time></pt><pt><x>1049</x><y>1995</y><time>undefined</time></pt><closed_date>12-10-20 22:23:19:181</closed_date></polygon></object></annotation>