<annotation><filename>m4_s05_055_p_ic095.jpg</filename><folder>users/joselusava//valeria/m4_s05_055_ic</folder><source><submittedBy>Jose Saca</submittedBy></source><imagesize><nrows>2910</nrows><ncols>4361</ncols></imagesize><object><name>m4_s05_055_p_ic095</name><deleted>0</deleted><verified>0</verified><occluded>no</occluded><attributes></attributes><parts><hasparts></hasparts><ispartof></ispartof></parts><date>09-10-20 15:07:00:369</date><id>0</id><type>bounding_box</type><polygon><username>anonymous</username><pt><x>3279</x><y>281</y><time>09-10-20 15:06:53:252</time></pt><pt><x>1383</x><y>281</y><time>09-10-20 15:06:56:056</time></pt><pt><x>1383</x><y>2194</y><time>undefined</time></pt><pt><x>3279</x><y>2194</y><time>undefined</time></pt><closed_date>09-10-20 15:06:56:058</closed_date></polygon></object></annotation>