<annotation><filename>m3_s01_002_p_nic089.jpg</filename><folder>users/joselusava//santiago_3</folder><source><submittedBy>Jose Saca</submittedBy></source><imagesize><nrows>2970</nrows><ncols>4451</ncols></imagesize><object><name>m3_s01_002_p_nic089</name><deleted>0</deleted><verified>0</verified><occluded>no</occluded><attributes></attributes><parts><hasparts></hasparts><ispartof></ispartof></parts><date>29-10-20 21:14:39:779</date><id>0</id><type>bounding_box</type><polygon><username>anonymous</username><pt><x>1756</x><y>718</y><time>29-10-20 21:14:36:493</time></pt><pt><x>4198</x><y>718</y><time>29-10-20 21:14:37:595</time></pt><pt><x>4198</x><y>2470</y><time>undefined</time></pt><pt><x>1756</x><y>2470</y><time>undefined</time></pt><closed_date>29-10-20 21:14:37:595</closed_date></polygon></object></annotation>