<annotation><filename>m3_s01_019_x.jpg</filename><folder>users/joselusava//kath/m3_x</folder><source><submittedBy>Jose Saca</submittedBy></source><imagesize><nrows>2970</nrows><ncols>4451</ncols></imagesize><object><name>m3_s01_019_x</name><deleted>0</deleted><verified>0</verified><occluded>no</occluded><attributes></attributes><parts><hasparts></hasparts><ispartof></ispartof></parts><date>08-11-20 12:39:32:163</date><id>0</id><type>bounding_box</type><polygon><username>anonymous</username><pt><x>346</x><y>2600</y><time>08-11-20 12:39:25:952</time></pt><pt><x>4075</x><y>2600</y><time>08-11-20 12:39:28:995</time></pt><pt><x>4075</x><y>413</y><time>undefined</time></pt><pt><x>346</x><y>413</y><time>undefined</time></pt><closed_date>08-11-20 12:39:28:997</closed_date></polygon></object></annotation>