<annotation><filename>m2_s02_142_x.jpg</filename><folder>users/joselusava//m2_jsv</folder><source><submittedBy>Jose Saca</submittedBy></source><imagesize><nrows>2910</nrows><ncols>4361</ncols></imagesize><object><name>m2_s02_141_x</name><deleted>0</deleted><verified>0</verified><occluded>no</occluded><attributes></attributes><parts><hasparts></hasparts><ispartof></ispartof></parts><date>19-09-20 23:35:14:453</date><id>0</id><type>bounding_box</type><polygon><username>anonymous</username><pt><x>557</x><y>270</y><time>19-09-20 23:35:11:979</time></pt><pt><x>3839</x><y>270</y><time>19-09-20 23:35:13:689</time></pt><pt><x>3839</x><y>2707</y><time>undefined</time></pt><pt><x>557</x><y>2707</y><time>undefined</time></pt><closed_date>19-09-20 23:35:13:689</closed_date></polygon></object></annotation>