<annotation><filename>m1_s01_021_p_nic098.jpg</filename><folder>users/joselusava//santiago</folder><source><submittedBy>Jose Saca</submittedBy></source><imagesize><nrows>3200</nrows><ncols>4800</ncols></imagesize><object><name>m1_s01_021_p_nic098</name><deleted>0</deleted><verified>0</verified><occluded>no</occluded><attributes></attributes><parts><hasparts></hasparts><ispartof></ispartof></parts><date>16-09-20 22:39:00:560</date><id>0</id><type>bounding_box</type><polygon><username>anonymous</username><pt><x>3048</x><y>1798</y><time>16-09-20 22:38:54:211</time></pt><pt><x>3771</x><y>1798</y><time>16-09-20 22:38:55:045</time></pt><pt><x>3771</x><y>2541</y><time>undefined</time></pt><pt><x>3048</x><y>2541</y><time>undefined</time></pt><closed_date>16-09-20 22:38:55:047</closed_date></polygon></object></annotation>