<annotation><filename>m1_s06_168_p_ic093.jpg</filename><folder>users/joselusava//jacob_2/168ic</folder><source><submittedBy>Jose Saca</submittedBy></source><imagesize><nrows>2736</nrows><ncols>4100</ncols></imagesize><object><name>m1_s06_168_p_ic093</name><deleted>0</deleted><verified>0</verified><occluded>no</occluded><attributes></attributes><parts><hasparts></hasparts><ispartof></ispartof></parts><date>08-09-20 22:53:43:210</date><id>0</id><type>bounding_box</type><polygon><username>anonymous</username><pt><x>1195</x><y>2463</y><time>08-09-20 22:53:40:447</time></pt><pt><x>2668</x><y>2463</y><time>08-09-20 22:53:42:536</time></pt><pt><x>2668</x><y>270</y><time>undefined</time></pt><pt><x>1195</x><y>270</y><time>undefined</time></pt><closed_date>08-09-20 22:53:42:537</closed_date></polygon></object></annotation>