<annotation><filename>m1_s06_144_p_ic001.jpg</filename><folder>users/joselusava//jacob_2/144ic</folder><source><submittedBy>Jose Saca</submittedBy></source><imagesize><nrows>2736</nrows><ncols>4100</ncols></imagesize><object><name>m1_s06_144_p_ic001</name><deleted>0</deleted><verified>0</verified><occluded>no</occluded><attributes></attributes><parts><hasparts></hasparts><ispartof></ispartof></parts><date>07-09-20 02:14:03:570</date><id>0</id><type>bounding_box</type><polygon><username>anonymous</username><pt><x>1195</x><y>2561</y><time>07-09-20 02:13:58:471</time></pt><pt><x>2897</x><y>2561</y><time>07-09-20 02:14:02:576</time></pt><pt><x>2897</x><y>65</y><time>undefined</time></pt><pt><x>1195</x><y>65</y><time>undefined</time></pt><closed_date>07-09-20 02:14:02:576</closed_date></polygon></object></annotation>