<annotation><filename>m2_s01_018_p_nic063.jpg</filename><folder>users/joselusava//santiago_2</folder><source><submittedBy>Jose Saca</submittedBy></source><imagesize><nrows>2850</nrows><ncols>4271</ncols></imagesize><object><name>m2_s01_018_p_nic063</name><deleted>0</deleted><verified>0</verified><occluded>no</occluded><attributes></attributes><parts><hasparts></hasparts><ispartof></ispartof></parts><date>29-09-20 18:23:53:028</date><id>0</id><type>bounding_box</type><polygon><username>anonymous</username><pt><x>3167</x><y>609</y><time>29-09-20 18:23:49:844</time></pt><pt><x>3594</x><y>609</y><time>29-09-20 18:23:50:989</time></pt><pt><x>3594</x><y>1116</y><time>undefined</time></pt><pt><x>3167</x><y>1116</y><time>undefined</time></pt><closed_date>29-09-20 18:23:50:991</closed_date></polygon></object></annotation>