<annotation><filename>m3_s01_013_p_nic099.jpg</filename><folder>users/joselusava//valeria/m03_s01_13_nic</folder><source><submittedBy>Jose Saca</submittedBy></source><imagesize><nrows>2970</nrows><ncols>4451</ncols></imagesize><object><name>m3_s01_013_p_nic099</name><deleted>0</deleted><verified>0</verified><occluded>no</occluded><attributes></attributes><parts><hasparts></hasparts><ispartof></ispartof></parts><date>07-11-20 00:29:22:701</date><id>0</id><type>bounding_box</type><polygon><username>anonymous</username><pt><x>2319</x><y>2839</y><time>07-11-20 00:29:16:995</time></pt><pt><x>4169</x><y>2839</y><time>07-11-20 00:29:18:978</time></pt><pt><x>4169</x><y>560</y><time>undefined</time></pt><pt><x>2319</x><y>560</y><time>undefined</time></pt><closed_date>07-11-20 00:29:18:979</closed_date></polygon></object></annotation>