<annotation><filename>m2_s02_129_p_nic043.jpg</filename><folder>users/joselusava//m2_jsv/129/nic</folder><source><submittedBy>Jose Saca</submittedBy></source><imagesize><nrows>2910</nrows><ncols>4361</ncols></imagesize><object><name>m2_s02_129_p_nic043</name><deleted>0</deleted><verified>0</verified><occluded>no</occluded><attributes></attributes><parts><hasparts></hasparts><ispartof></ispartof></parts><date>25-09-20 07:51:05:464</date><id>0</id><type>bounding_box</type><polygon><username>anonymous</username><pt><x>4039</x><y>1959</y><time>25-09-20 07:51:03:567</time></pt><pt><x>2803</x><y>1959</y><time>25-09-20 07:51:04:844</time></pt><pt><x>2803</x><y>897</y><time>undefined</time></pt><pt><x>4039</x><y>897</y><time>undefined</time></pt><closed_date>25-09-20 07:51:04:845</closed_date></polygon></object></annotation>