<annotation><filename>img_m1_s03-04_101_p_ic095.jpg</filename><folder>users/joselusava//valeria/sala3y4_101_ic</folder><source><submittedBy>Jose Saca</submittedBy></source><imagesize><nrows>3200</nrows><ncols>4800</ncols></imagesize><object><name>m1_s03_s04_101_p_ic095</name><deleted>0</deleted><verified>0</verified><occluded>no</occluded><attributes></attributes><parts><hasparts></hasparts><ispartof></ispartof></parts><date>29-08-20 02:06:12:043</date><id>0</id><type>bounding_box</type><polygon><username>anonymous</username><pt><x>861</x><y>3000</y><time>29-08-20 02:06:03:385</time></pt><pt><x>4467</x><y>3000</y><time>29-08-20 02:06:07:969</time></pt><pt><x>4467</x><y>255</y><time>undefined</time></pt><pt><x>861</x><y>255</y><time>undefined</time></pt><closed_date>29-08-20 02:06:07:970</closed_date></polygon></object></annotation>