<annotation><filename>img_m1_s03-04_108_p_nic091.jpg</filename><folder>users/joselusava//valeria/sala3y4_108_nic</folder><source><submittedBy>Jose Saca</submittedBy></source><imagesize><nrows>3200</nrows><ncols>4800</ncols></imagesize><object><name>m1_s03_s04_108_p_nic091</name><deleted>0</deleted><verified>0</verified><occluded>no</occluded><attributes></attributes><parts><hasparts></hasparts><ispartof></ispartof></parts><date>02-09-20 21:41:45:721</date><id>0</id><type>bounding_box</type><polygon><username>anonymous</username><pt><x>4594</x><y>1188</y><time>02-09-20 21:41:35:846</time></pt><pt><x>1291</x><y>1188</y><time>02-09-20 21:41:40:719</time></pt><pt><x>1291</x><y>364</y><time>undefined</time></pt><pt><x>4594</x><y>364</y><time>undefined</time></pt><closed_date>02-09-20 21:41:40:720</closed_date></polygon></object></annotation>