<annotation><filename>m1_s10_293_x.jpg</filename><folder>users/joselusava//santiago</folder><source><submittedBy>Jose Saca</submittedBy></source><imagesize><nrows>3200</nrows><ncols>4800</ncols></imagesize><object><name>m1_s10_293_x</name><deleted>0</deleted><verified>0</verified><occluded>no</occluded><attributes></attributes><parts><hasparts></hasparts><ispartof></ispartof></parts><date>28-08-20 16:36:32:549</date><id>0</id><type>bounding_box</type><polygon><username>anonymous</username><pt><x>1433</x><y>320</y><time>28-08-20 16:36:22:170</time></pt><pt><x>3430</x><y>320</y><time>28-08-20 16:36:24:772</time></pt><pt><x>3430</x><y>2869</y><time>undefined</time></pt><pt><x>1433</x><y>2869</y><time>undefined</time></pt><closed_date>28-08-20 16:36:24:774</closed_date></polygon></object></annotation>