<annotation><filename>m4_s04_039_p_nic080.jpg</filename><folder>users/joselusava//santiago_2</folder><source><submittedBy>Jose Saca</submittedBy></source><imagesize><nrows>2970</nrows><ncols>4451</ncols></imagesize><object><name>m4_s04_039_p_nic080</name><deleted>0</deleted><verified>0</verified><occluded>no</occluded><attributes></attributes><parts><hasparts></hasparts><ispartof></ispartof></parts><date>21-10-20 22:04:33:284</date><id>0</id><type>bounding_box</type><polygon><username>anonymous</username><pt><x>3106</x><y>107</y><time>21-10-20 22:04:29:783</time></pt><pt><x>3827</x><y>107</y><time>21-10-20 22:04:31:102</time></pt><pt><x>3827</x><y>2228</y><time>undefined</time></pt><pt><x>3106</x><y>2228</y><time>undefined</time></pt><closed_date>21-10-20 22:04:31:103</closed_date></polygon></object></annotation>