<annotation><filename>m4_s05_052_p_nic078.jpg</filename><folder>users/joselusava//santiago_2</folder><source><submittedBy>Jose Saca</submittedBy></source><imagesize><nrows>2910</nrows><ncols>4361</ncols></imagesize><object><name>m4_s05_052_p_nic078</name><deleted>0</deleted><verified>0</verified><occluded>no</occluded><attributes></attributes><parts><hasparts></hasparts><ispartof></ispartof></parts><date>08-10-20 22:18:09:698</date><id>0</id><type>bounding_box</type><polygon><username>anonymous</username><pt><x>2605</x><y>1174</y><time>08-10-20 22:18:04:953</time></pt><pt><x>3838</x><y>1174</y><time>08-10-20 22:18:06:603</time></pt><pt><x>3838</x><y>2584</y><time>undefined</time></pt><pt><x>2605</x><y>2584</y><time>undefined</time></pt><closed_date>08-10-20 22:18:06:604</closed_date></polygon></object></annotation>