<annotation><filename>m2_s03_219_p_nic016.jpg</filename><folder>users/joselusava//valeria/m2_sala03_219_nic</folder><source><submittedBy>Jose Saca</submittedBy></source><imagesize><nrows>2910</nrows><ncols>4361</ncols></imagesize><object><name>m2_s03_219_p_nic016</name><deleted>0</deleted><verified>0</verified><occluded>no</occluded><attributes></attributes><parts><hasparts></hasparts><ispartof></ispartof></parts><date>29-09-20 17:21:07:697</date><id>0</id><type>bounding_box</type><polygon><username>anonymous</username><pt><x>1912</x><y>2728</y><time>29-09-20 17:21:01:263</time></pt><pt><x>3549</x><y>2728</y><time>29-09-20 17:21:03:901</time></pt><pt><x>3549</x><y>1102</y><time>undefined</time></pt><pt><x>1912</x><y>1102</y><time>undefined</time></pt><closed_date>29-09-20 17:21:03:902</closed_date></polygon></object></annotation>