<annotation><filename>m2_s01_018_p_ic080.jpg</filename><folder>users/joselusava//santiago_2</folder><source><submittedBy>Jose Saca</submittedBy></source><imagesize><nrows>2850</nrows><ncols>4271</ncols></imagesize><object><name>m2_s01_018_p_ic080</name><deleted>0</deleted><verified>0</verified><occluded>no</occluded><attributes></attributes><parts><hasparts></hasparts><ispartof></ispartof></parts><date>28-09-20 18:12:12:749</date><id>0</id><type>bounding_box</type><polygon><username>anonymous</username><pt><x>1520</x><y>769</y><time>28-09-20 18:12:05:021</time></pt><pt><x>2670</x><y>769</y><time>28-09-20 18:12:06:382</time></pt><pt><x>2670</x><y>2087</y><time>undefined</time></pt><pt><x>1520</x><y>2087</y><time>undefined</time></pt><closed_date>28-09-20 18:12:06:382</closed_date></polygon></object></annotation>