<annotation><filename>m4_s02_021_p_ic015.jpg</filename><folder>users/joselusava//santiago_2</folder><source><submittedBy>Jose Saca</submittedBy></source><imagesize><nrows>2910</nrows><ncols>4361</ncols></imagesize><object><name>m4_s02_021_p_ic015</name><deleted>0</deleted><verified>0</verified><occluded>no</occluded><attributes></attributes><parts><hasparts></hasparts><ispartof></ispartof></parts><date>03-10-20 17:45:11:351</date><id>0</id><type>bounding_box</type><polygon><username>anonymous</username><pt><x>1617</x><y>196</y><time>03-10-20 17:45:03:036</time></pt><pt><x>2979</x><y>196</y><time>03-10-20 17:45:05:736</time></pt><pt><x>2979</x><y>2773</y><time>undefined</time></pt><pt><x>1617</x><y>2773</y><time>undefined</time></pt><closed_date>03-10-20 17:45:05:736</closed_date></polygon></object></annotation>