<annotation><filename>m1_s06_168_p_nic080.jpg</filename><folder>users/joselusava//jacob_2/168nic</folder><source><submittedBy>Jose Saca</submittedBy></source><imagesize><nrows>2736</nrows><ncols>4100</ncols></imagesize><object><name>m1_s06_168_p_nic080</name><deleted>0</deleted><verified>0</verified><occluded>no</occluded><attributes></attributes><parts><hasparts></hasparts><ispartof></ispartof></parts><date>09-09-20 10:57:14:867</date><id>0</id><type>bounding_box</type><polygon><username>anonymous</username><pt><x>3683</x><y>1989</y><time>09-09-20 10:57:12:326</time></pt><pt><x>2570</x><y>1989</y><time>09-09-20 10:57:14:309</time></pt><pt><x>2570</x><y>499</y><time>undefined</time></pt><pt><x>3683</x><y>499</y><time>undefined</time></pt><closed_date>09-09-20 10:57:14:309</closed_date></polygon></object></annotation>