<annotation><filename>m1_s01_001_p_nic084.jpg</filename><folder>users/joselusava//juancarlos</folder><source><submittedBy>Jose Saca</submittedBy></source><imagesize><nrows>3200</nrows><ncols>4800</ncols></imagesize><object><name>m1_s01_001_p_nic084</name><deleted>0</deleted><verified>0</verified><occluded>no</occluded><attributes></attributes><parts><hasparts></hasparts><ispartof></ispartof></parts><date>11-09-20 16:57:24:822</date><id>0</id><type>bounding_box</type><polygon><username>anonymous</username><pt><x>2695</x><y>1891</y><time>11-09-20 16:57:10:308</time></pt><pt><x>3965</x><y>1891</y><time>11-09-20 16:57:13:006</time></pt><pt><x>3965</x><y>2668</y><time>undefined</time></pt><pt><x>2695</x><y>2668</y><time>undefined</time></pt><closed_date>11-09-20 16:57:13:011</closed_date></polygon></object></annotation>