<annotation><filename>m4_s04_047_p_nic026.jpg</filename><folder>users/joselusava//kath/kath_m4_047/nic</folder><source><submittedBy>Jose Saca</submittedBy></source><imagesize><nrows>2970</nrows><ncols>4451</ncols></imagesize><object><name>m4_s04_047_p_nic026</name><deleted>0</deleted><verified>0</verified><occluded>no</occluded><attributes></attributes><parts><hasparts></hasparts><ispartof></ispartof></parts><date>24-10-20 18:32:59:836</date><id>0</id><type>bounding_box</type><polygon><username>anonymous</username><pt><x>438</x><y>260</y><time>24-10-20 18:32:50:521</time></pt><pt><x>1693</x><y>260</y><time>24-10-20 18:32:54:838</time></pt><pt><x>1693</x><y>2614</y><time>undefined</time></pt><pt><x>438</x><y>2614</y><time>undefined</time></pt><closed_date>24-10-20 18:32:54:840</closed_date></polygon></object></annotation>