<annotation><filename>m4_s05_052_p_ic007.jpg</filename><folder>users/joselusava//santiago_2</folder><source><submittedBy>Jose Saca</submittedBy></source><imagesize><nrows>2910</nrows><ncols>4361</ncols></imagesize><object><name>m4_s05_052_p_ic007</name><deleted>0</deleted><verified>0</verified><occluded>no</occluded><attributes></attributes><parts><hasparts></hasparts><ispartof></ispartof></parts><date>07-10-20 16:19:46:517</date><id>0</id><type>bounding_box</type><polygon><username>anonymous</username><pt><x>1254</x><y>502</y><time>07-10-20 16:19:41:859</time></pt><pt><x>3232</x><y>502</y><time>07-10-20 16:19:43:889</time></pt><pt><x>3232</x><y>2598</y><time>undefined</time></pt><pt><x>1254</x><y>2598</y><time>undefined</time></pt><closed_date>07-10-20 16:19:43:891</closed_date></polygon></object></annotation>