<annotation><filename>m3_s01_002_p_ic082.jpg</filename><folder>users/joselusava//santiago_3</folder><source><submittedBy>Jose Saca</submittedBy></source><imagesize><nrows>2970</nrows><ncols>4451</ncols></imagesize><object><name>m3_s01_002_p_ic082</name><deleted>0</deleted><verified>0</verified><occluded>no</occluded><attributes></attributes><parts><hasparts></hasparts><ispartof></ispartof></parts><date>29-10-20 13:27:05:890</date><id>0</id><type>bounding_box</type><polygon><username>anonymous</username><pt><x>336</x><y>507</y><time>29-10-20 13:27:02:584</time></pt><pt><x>4127</x><y>507</y><time>29-10-20 13:27:03:667</time></pt><pt><x>4127</x><y>2406</y><time>undefined</time></pt><pt><x>336</x><y>2406</y><time>undefined</time></pt><closed_date>29-10-20 13:27:03:668</closed_date></polygon></object></annotation>