<annotation><filename>m2_s05_236_p_nic074.jpg</filename><folder>users/joselusava//museos2020</folder><source><submittedBy>Jose Saca</submittedBy></source><imagesize><nrows>2910</nrows><ncols>4361</ncols></imagesize><object><name>m2_s05_236_p_nic074</name><deleted>0</deleted><verified>0</verified><occluded>no</occluded><attributes></attributes><parts><hasparts></hasparts><ispartof></ispartof></parts><date>17-09-20 09:01:36:957</date><id>0</id><type>bounding_box</type><polygon><username>anonymous</username><pt><x>1357</x><y>679</y><time>17-09-20 09:01:29:331</time></pt><pt><x>3979</x><y>679</y><time>17-09-20 09:01:31:188</time></pt><pt><x>3979</x><y>2719</y><time>undefined</time></pt><pt><x>1357</x><y>2719</y><time>undefined</time></pt><closed_date>17-09-20 09:01:31:188</closed_date></polygon></object></annotation>