<annotation><filename>m3_s01_002_p_nic013.jpg</filename><folder>users/joselusava//santiago_3</folder><source><submittedBy>Jose Saca</submittedBy></source><imagesize><nrows>2970</nrows><ncols>4451</ncols></imagesize><object><name>m3_s01_002_p_nic013</name><deleted>0</deleted><verified>0</verified><occluded>no</occluded><attributes></attributes><parts><hasparts></hasparts><ispartof></ispartof></parts><date>29-10-20 15:36:25:450</date><id>0</id><type>bounding_box</type><polygon><username>anonymous</username><pt><x>82</x><y>221</y><time>29-10-20 15:36:21:014</time></pt><pt><x>2784</x><y>221</y><time>29-10-20 15:36:22:521</time></pt><pt><x>2784</x><y>1981</y><time>undefined</time></pt><pt><x>82</x><y>1981</y><time>undefined</time></pt><closed_date>29-10-20 15:36:22:522</closed_date></polygon></object></annotation>