<annotation><filename>m2_s03_201_p_nic094.jpg</filename><folder>users/joselusava//valeria/m2_sala03_201_nic</folder><source><submittedBy>Jose Saca</submittedBy></source><imagesize><nrows>2910</nrows><ncols>4361</ncols></imagesize><object><name>m2_s03_201_p_nic094</name><deleted>0</deleted><verified>0</verified><occluded>no</occluded><attributes></attributes><parts><hasparts></hasparts><ispartof></ispartof></parts><date>30-09-20 18:48:23:775</date><id>0</id><type>bounding_box</type><polygon><username>anonymous</username><pt><x>4007</x><y>1912</y><time>30-09-20 18:48:17:162</time></pt><pt><x>2111</x><y>1912</y><time>30-09-20 18:48:20:572</time></pt><pt><x>2111</x><y>17</y><time>undefined</time></pt><pt><x>4007</x><y>17</y><time>undefined</time></pt><closed_date>30-09-20 18:48:20:573</closed_date></polygon></object></annotation>