<annotation><filename>m4_s11_178_p_ic066.jpg</filename><folder>users/joselusava//santiago_2</folder><source><submittedBy>Jose Saca</submittedBy></source><imagesize><nrows>2970</nrows><ncols>4451</ncols></imagesize><object><name>m4_s11_178_p_ic066</name><deleted>0</deleted><verified>0</verified><occluded>no</occluded><attributes></attributes><parts><hasparts></hasparts><ispartof></ispartof></parts><date>15-10-20 22:01:22:560</date><id>0</id><type>bounding_box</type><polygon><username>anonymous</username><pt><x>1185</x><y>675</y><time>15-10-20 22:01:18:394</time></pt><pt><x>3099</x><y>675</y><time>15-10-20 22:01:20:425</time></pt><pt><x>3099</x><y>2460</y><time>undefined</time></pt><pt><x>1185</x><y>2460</y><time>undefined</time></pt><closed_date>15-10-20 22:01:20:427</closed_date></polygon></object></annotation>