<annotation><filename>m4_s02_015_p_ic098.jpg</filename><folder>users/joselusava//m4_js/15ic</folder><source><submittedBy>Jose Saca</submittedBy></source><imagesize><nrows>2910</nrows><ncols>4361</ncols></imagesize><object><name>m4_s02_015_p_ic098</name><deleted>0</deleted><verified>0</verified><occluded>no</occluded><attributes></attributes><parts><hasparts></hasparts><ispartof></ispartof></parts><date>03-10-20 19:49:12:508</date><id>0</id><type>bounding_box</type><polygon><username>anonymous</username><pt><x>740</x><y>209</y><time>03-10-20 19:49:09:208</time></pt><pt><x>2899</x><y>209</y><time>03-10-20 19:49:11:234</time></pt><pt><x>2899</x><y>2637</y><time>undefined</time></pt><pt><x>740</x><y>2637</y><time>undefined</time></pt><closed_date>03-10-20 19:49:11:234</closed_date></polygon></object></annotation>