<annotation><filename>m2_s07_264_p_ic090.jpg</filename><folder>users/joselusava//valeria/sala7_264_ic</folder><source><submittedBy>Jose Saca</submittedBy></source><imagesize><nrows>2910</nrows><ncols>4361</ncols></imagesize><object><name>m2_s07_264_p_ic090</name><deleted>0</deleted><verified>0</verified><occluded>no</occluded><attributes></attributes><parts><hasparts></hasparts><ispartof></ispartof></parts><date>23-09-20 12:37:36:347</date><id>0</id><type>bounding_box</type><polygon><username>anonymous</username><pt><x>1438</x><y>435</y><time>23-09-20 12:37:31:275</time></pt><pt><x>2893</x><y>435</y><time>23-09-20 12:37:33:163</time></pt><pt><x>2893</x><y>2370</y><time>undefined</time></pt><pt><x>1438</x><y>2370</y><time>undefined</time></pt><closed_date>23-09-20 12:37:33:164</closed_date></polygon></object></annotation>