<annotation><filename>m2_s01_054_p_nic060.jpg</filename><folder>users/joselusava//kath</folder><source><submittedBy>Jose Saca</submittedBy></source><imagesize><nrows>2850</nrows><ncols>4271</ncols></imagesize><object><name>m2_s01_054_p_nic060</name><deleted>0</deleted><verified>0</verified><occluded>no</occluded><attributes></attributes><parts><hasparts></hasparts><ispartof></ispartof></parts><date>30-09-20 11:49:11:804</date><id>0</id><polygon><username>anonymous</username><pt><x>3187</x><y>892</y><time>30-09-20 11:49:03:163</time></pt><pt><x>3138</x><y>2155</y><time>30-09-20 11:49:04:554</time></pt><pt><x>3945</x><y>1944</y><time>30-09-20 11:49:06:304</time></pt><pt><x>3889</x><y>681</y><time>30-09-20 11:49:07:633</time></pt><closed_date>30-09-20 11:49:08:892</closed_date></polygon></object></annotation>