<annotation><filename>m1_s01_004_p_nic064.jpg</filename><folder>users/joselusava//valeria_apoyo/sala01_004_nic</folder><source><submittedBy>Jose Saca</submittedBy></source><imagesize><nrows>3200</nrows><ncols>4800</ncols></imagesize><object><name>m1_s01_004_p_nic064</name><deleted>0</deleted><verified>0</verified><occluded>no</occluded><attributes></attributes><parts><hasparts></hasparts><ispartof></ispartof></parts><date>17-09-20 19:36:17:312</date><id>0</id><type>bounding_box</type><polygon><username>anonymous</username><pt><x>3545</x><y>976</y><time>17-09-20 19:36:10:280</time></pt><pt><x>733</x><y>976</y><time>17-09-20 19:36:13:015</time></pt><pt><x>733</x><y>442</y><time>undefined</time></pt><pt><x>3545</x><y>442</y><time>undefined</time></pt><closed_date>17-09-20 19:36:13:016</closed_date></polygon></object></annotation>