<annotation><filename>m1_s01_017_p_ic005.jpg</filename><folder>users/joselusava//santiago</folder><source><submittedBy>Jose Saca</submittedBy></source><imagesize><nrows>3200</nrows><ncols>4800</ncols></imagesize><object><name>m1_s01_017_p_ic005</name><deleted>0</deleted><verified>0</verified><occluded>no</occluded><attributes></attributes><parts><hasparts></hasparts><ispartof></ispartof></parts><date>10-09-20 13:43:23:052</date><id>0</id><type>bounding_box</type><polygon><username>anonymous</username><pt><x>1731</x><y>1087</y><time>10-09-20 13:43:11:618</time></pt><pt><x>3045</x><y>1087</y><time>10-09-20 13:43:15:178</time></pt><pt><x>3045</x><y>2091</y><time>undefined</time></pt><pt><x>1731</x><y>2091</y><time>undefined</time></pt><closed_date>10-09-20 13:43:15:179</closed_date></polygon></object></annotation>