<annotation><filename>m2_s01_056_p.jpg</filename><folder>users/joselusava//m2_jsv/56/ic</folder><source><submittedBy>Jose Saca</submittedBy></source><imagesize><nrows>2850</nrows><ncols>4271</ncols></imagesize><object><name>m2_s01_056_p</name><deleted>0</deleted><verified>0</verified><occluded>no</occluded><attributes></attributes><parts><hasparts></hasparts><ispartof></ispartof></parts><date>28-09-20 21:24:14:583</date><id>0</id><type>bounding_box</type><polygon><username>anonymous</username><pt><x>2828</x><y>2760</y><time>28-09-20 21:24:11:909</time></pt><pt><x>1104</x><y>2760</y><time>28-09-20 21:24:13:291</time></pt><pt><x>1104</x><y>535</y><time>undefined</time></pt><pt><x>2828</x><y>535</y><time>undefined</time></pt><closed_date>28-09-20 21:24:13:292</closed_date></polygon></object></annotation>