<annotation><filename>m2_s02_129_p_nic011.jpg</filename><folder>users/joselusava//m2_jsv/129/nic</folder><source><submittedBy>Jose Saca</submittedBy></source><imagesize><nrows>2910</nrows><ncols>4361</ncols></imagesize><object><name>m2_s02_129_p_nic011</name><deleted>0</deleted><verified>0</verified><occluded>no</occluded><attributes></attributes><parts><hasparts></hasparts><ispartof></ispartof></parts><date>24-09-20 19:47:13:053</date><id>0</id><type>bounding_box</type><polygon><username>anonymous</username><pt><x>2664</x><y>1114</y><time>24-09-20 19:47:11:195</time></pt><pt><x>1619</x><y>1114</y><time>24-09-20 19:47:12:311</time></pt><pt><x>1619</x><y>70</y><time>undefined</time></pt><pt><x>2664</x><y>70</y><time>undefined</time></pt><closed_date>24-09-20 19:47:12:311</closed_date></polygon></object></annotation>