<annotation><filename>m4_s04_047_p_nic024.jpg</filename><folder>users/joselusava//kath/kath_m4_047/nic</folder><source><submittedBy>Jose Saca</submittedBy></source><imagesize><nrows>2970</nrows><ncols>4451</ncols></imagesize><object><name>m4_s04_047_p_nic024</name><deleted>0</deleted><verified>0</verified><occluded>no</occluded><attributes></attributes><parts><hasparts></hasparts><ispartof></ispartof></parts><date>24-10-20 18:32:31:817</date><id>0</id><type>bounding_box</type><polygon><username>anonymous</username><pt><x>423</x><y>275</y><time>24-10-20 18:32:21:906</time></pt><pt><x>1537</x><y>275</y><time>24-10-20 18:32:27:016</time></pt><pt><x>1537</x><y>2695</y><time>undefined</time></pt><pt><x>423</x><y>2695</y><time>undefined</time></pt><closed_date>24-10-20 18:32:27:018</closed_date></polygon></object></annotation>