<annotation><filename>m1_s06_144_p_ic006.jpg</filename><folder>users/joselusava//jacob_2/144ic</folder><source><submittedBy>Jose Saca</submittedBy></source><imagesize><nrows>2736</nrows><ncols>4100</ncols></imagesize><object><name>m1_s06_144_p_ic006</name><deleted>0</deleted><verified>0</verified><occluded>no</occluded><attributes></attributes><parts><hasparts></hasparts><ispartof></ispartof></parts><date>07-09-20 02:19:59:195</date><id>0</id><type>bounding_box</type><polygon><username>anonymous</username><pt><x>908</x><y>2635</y><time>07-09-20 02:19:55:037</time></pt><pt><x>3159</x><y>2635</y><time>07-09-20 02:19:57:806</time></pt><pt><x>3159</x><y>123</y><time>undefined</time></pt><pt><x>908</x><y>123</y><time>undefined</time></pt><closed_date>07-09-20 02:19:57:806</closed_date></polygon></object></annotation>