<annotation><filename>m4_s04_039_p_nic070.jpg</filename><folder>users/joselusava//santiago_2</folder><source><submittedBy>Jose Saca</submittedBy></source><imagesize><nrows>2970</nrows><ncols>4451</ncols></imagesize><object><name>m4_s04_039_p_nic070</name><deleted>0</deleted><verified>0</verified><occluded>no</occluded><attributes></attributes><parts><hasparts></hasparts><ispartof></ispartof></parts><date>21-10-20 21:55:46:709</date><id>0</id><type>bounding_box</type><polygon><username>anonymous</username><pt><x>393</x><y>54</y><time>21-10-20 21:55:43:020</time></pt><pt><x>1132</x><y>54</y><time>21-10-20 21:55:44:733</time></pt><pt><x>1132</x><y>2542</y><time>undefined</time></pt><pt><x>393</x><y>2542</y><time>undefined</time></pt><closed_date>21-10-20 21:55:44:734</closed_date></polygon></object></annotation>