<annotation><filename>m2_s01_054_p_ic013.jpg</filename><folder>users/joselusava//kath</folder><source><submittedBy>Jose Saca</submittedBy></source><imagesize><nrows>2850</nrows><ncols>4271</ncols></imagesize><object><name>m2_s01_054_p_ic013</name><deleted>0</deleted><verified>0</verified><occluded>no</occluded><attributes></attributes><parts><hasparts></hasparts><ispartof></ispartof></parts><date>29-09-20 21:34:46:225</date><id>0</id><type>bounding_box</type><polygon><username>anonymous</username><pt><x>1088</x><y>457</y><time>29-09-20 21:34:40:041</time></pt><pt><x>2806</x><y>457</y><time>29-09-20 21:34:43:542</time></pt><pt><x>2806</x><y>2495</y><time>undefined</time></pt><pt><x>1088</x><y>2495</y><time>undefined</time></pt><closed_date>29-09-20 21:34:43:542</closed_date></polygon></object></annotation>