<annotation><filename>m2_s03_248_p_nic033.jpg</filename><folder>users/joselusava//museos2020</folder><source><submittedBy>Jose Saca</submittedBy></source><imagesize><nrows>2910</nrows><ncols>4361</ncols></imagesize><object><name>m2_s03_248_p_nic033</name><deleted>0</deleted><verified>0</verified><occluded>no</occluded><attributes></attributes><parts><hasparts></hasparts><ispartof></ispartof></parts><date>27-09-20 16:53:23:040</date><id>0</id><polygon><username>anonymous</username><pt><x>1887</x><y>1246</y><time>27-09-20 16:53:13:689</time></pt><pt><x>4040</x><y>1250</y><time>27-09-20 16:53:14:836</time></pt><pt><x>3431</x><y>1985</y><time>27-09-20 16:53:15:901</time></pt><pt><x>1739</x><y>1492</y><time>27-09-20 16:53:17:045</time></pt><closed_date>27-09-20 16:53:17:566</closed_date></polygon></object></annotation>