<annotation><filename>m1_s01_001_p_nic071.jpg</filename><folder>users/joselusava//juancarlos</folder><source><submittedBy>Jose Saca</submittedBy></source><imagesize><nrows>3200</nrows><ncols>4800</ncols></imagesize><object><name>m1_s01_001_p_nic071</name><deleted>0</deleted><verified>0</verified><occluded>no</occluded><attributes></attributes><parts><hasparts></hasparts><ispartof></ispartof></parts><date>11-09-20 11:44:49:067</date><id>0</id><type>bounding_box</type><polygon><username>anonymous</username><pt><x>2407</x><y>1969</y><time>11-09-20 11:44:32:474</time></pt><pt><x>3949</x><y>1969</y><time>11-09-20 11:44:36:312</time></pt><pt><x>3949</x><y>2845</y><time>undefined</time></pt><pt><x>2407</x><y>2845</y><time>undefined</time></pt><closed_date>11-09-20 11:44:36:312</closed_date></polygon></object></annotation>