<annotation><filename>m1_s01_021_p_nic039.jpg</filename><folder>users/joselusava//santiago</folder><source><submittedBy>Jose Saca</submittedBy></source><imagesize><nrows>3200</nrows><ncols>4800</ncols></imagesize><object><name>m1_s01_021_p_nic039</name><deleted>0</deleted><verified>0</verified><occluded>no</occluded><attributes></attributes><parts><hasparts></hasparts><ispartof></ispartof></parts><date>15-09-20 16:26:31:106</date><id>0</id><type>bounding_box</type><polygon><username>anonymous</username><pt><x>594</x><y>2149</y><time>15-09-20 16:26:22:645</time></pt><pt><x>1199</x><y>2149</y><time>15-09-20 16:26:24:694</time></pt><pt><x>1199</x><y>2808</y><time>undefined</time></pt><pt><x>594</x><y>2808</y><time>undefined</time></pt><closed_date>15-09-20 16:26:24:695</closed_date></polygon></object></annotation>