<annotation><filename>m2_s01_018_p_ic045.jpg</filename><folder>users/joselusava//santiago_2</folder><source><submittedBy>Jose Saca</submittedBy></source><imagesize><nrows>2850</nrows><ncols>4271</ncols></imagesize><object><name>m2_s01_018_p_ic045</name><deleted>0</deleted><verified>0</verified><occluded>no</occluded><attributes></attributes><parts><hasparts></hasparts><ispartof></ispartof></parts><date>28-09-20 16:31:40:381</date><id>0</id><type>bounding_box</type><polygon><username>anonymous</username><pt><x>1568</x><y>917</y><time>28-09-20 16:31:35:717</time></pt><pt><x>2610</x><y>917</y><time>28-09-20 16:31:37:366</time></pt><pt><x>2610</x><y>2058</y><time>undefined</time></pt><pt><x>1568</x><y>2058</y><time>undefined</time></pt><closed_date>28-09-20 16:31:37:367</closed_date></polygon></object></annotation>