<annotation><filename>m2_s06_250_p_ic065.jpg</filename><folder>users/joselusava//valeria/m2_sala06_250_ic</folder><source><submittedBy>Jose Saca</submittedBy></source><imagesize><nrows>2910</nrows><ncols>4361</ncols></imagesize><object><name>m2_s06_250_p_ic064</name><deleted>0</deleted><verified>0</verified><occluded>no</occluded><attributes></attributes><parts><hasparts></hasparts><ispartof></ispartof></parts><date>30-09-20 23:51:48:342</date><id>0</id><type>bounding_box</type><polygon><username>anonymous</username><pt><x>397</x><y>2497</y><time>30-09-20 23:51:43:258</time></pt><pt><x>4106</x><y>2497</y><time>30-09-20 23:51:45:082</time></pt><pt><x>4106</x><y>601</y><time>undefined</time></pt><pt><x>397</x><y>601</y><time>undefined</time></pt><closed_date>30-09-20 23:51:45:083</closed_date></polygon></object></annotation>