<annotation><filename>m4_s04_037_p_ic007.jpg</filename><folder>users/joselusava//santiago_2</folder><source><submittedBy>Jose Saca</submittedBy></source><imagesize><nrows>2970</nrows><ncols>4451</ncols></imagesize><object><name>m4_s04_037_p_ic007</name><deleted>0</deleted><verified>0</verified><occluded>no</occluded><attributes></attributes><parts><hasparts></hasparts><ispartof></ispartof></parts><date>17-10-20 18:08:13:240</date><id>0</id><type>bounding_box</type><polygon><username>anonymous</username><pt><x>1674</x><y>453</y><time>17-10-20 18:08:09:203</time></pt><pt><x>3063</x><y>453</y><time>17-10-20 18:08:11:132</time></pt><pt><x>3063</x><y>2534</y><time>undefined</time></pt><pt><x>1674</x><y>2534</y><time>undefined</time></pt><closed_date>17-10-20 18:08:11:133</closed_date></polygon></object></annotation>