<annotation><filename>m4_s04_047_p_ic046.jpg</filename><folder>users/joselusava//kath/kath_m4_047</folder><source><submittedBy>Jose Saca</submittedBy></source><imagesize><nrows>2970</nrows><ncols>4451</ncols></imagesize><object><name>m4_s04_047_p_ic046</name><deleted>0</deleted><verified>0</verified><occluded>no</occluded><attributes></attributes><parts><hasparts></hasparts><ispartof></ispartof></parts><date>24-10-20 14:09:59:372</date><id>0</id><type>bounding_box</type><polygon><username>anonymous</username><pt><x>1678</x><y>200</y><time>24-10-20 14:09:49:680</time></pt><pt><x>2814</x><y>200</y><time>24-10-20 14:09:53:325</time></pt><pt><x>2814</x><y>2770</y><time>undefined</time></pt><pt><x>1678</x><y>2770</y><time>undefined</time></pt><closed_date>24-10-20 14:09:53:327</closed_date></polygon></object></annotation>