<annotation><filename>m2_s06_250_p_ic082.jpg</filename><folder>users/joselusava//valeria/m2_sala06_250_ic</folder><source><submittedBy>Jose Saca</submittedBy></source><imagesize><nrows>2910</nrows><ncols>4361</ncols></imagesize><object><name>m2_s06_250_p_ic081</name><deleted>0</deleted><verified>0</verified><occluded>no</occluded><attributes></attributes><parts><hasparts></hasparts><ispartof></ispartof></parts><date>01-10-20 00:16:18:540</date><id>0</id><type>bounding_box</type><polygon><username>anonymous</username><pt><x>259</x><y>1780</y><time>01-10-20 00:16:12:646</time></pt><pt><x>4139</x><y>1780</y><time>01-10-20 00:16:15:174</time></pt><pt><x>4139</x><y>794</y><time>undefined</time></pt><pt><x>259</x><y>794</y><time>undefined</time></pt><closed_date>01-10-20 00:16:15:175</closed_date></polygon></object></annotation>