<annotation><filename>m1_s02_029_p_nic092.jpg</filename><folder>users/joselusava//valeria/sala2_029_nic</folder><source><submittedBy>Jose Saca</submittedBy></source><imagesize><nrows>3200</nrows><ncols>4800</ncols></imagesize><object><name>m1_s02_029_p_nic092</name><deleted>0</deleted><verified>0</verified><occluded>no</occluded><attributes></attributes><parts><hasparts></hasparts><ispartof></ispartof></parts><date>26-08-20 21:09:04:277</date><id>0</id><type>bounding_box</type><polygon><username>anonymous</username><pt><x>2910</x><y>263</y><time>26-08-20 21:08:59:366</time></pt><pt><x>3952</x><y>263</y><time>26-08-20 21:09:01:303</time></pt><pt><x>3952</x><y>1412</y><time>undefined</time></pt><pt><x>2910</x><y>1412</y><time>undefined</time></pt><closed_date>26-08-20 21:09:01:304</closed_date></polygon></object></annotation>