<annotation><filename>m2_s01_010_p_ic052.jpg</filename><folder>users/joselusava//santiago</folder><source><submittedBy>Jose Saca</submittedBy></source><imagesize><nrows>2850</nrows><ncols>4271</ncols></imagesize><object><name>m2_s01_010_p_ic052</name><deleted>0</deleted><verified>0</verified><occluded>no</occluded><attributes></attributes><parts><hasparts></hasparts><ispartof></ispartof></parts><date>21-09-20 15:58:38:618</date><id>0</id><type>bounding_box</type><polygon><username>anonymous</username><pt><x>1263</x><y>708</y><time>21-09-20 15:58:31:409</time></pt><pt><x>3167</x><y>708</y><time>21-09-20 15:58:33:388</time></pt><pt><x>3167</x><y>2545</y><time>undefined</time></pt><pt><x>1263</x><y>2545</y><time>undefined</time></pt><closed_date>21-09-20 15:58:33:389</closed_date></polygon></object></annotation>