<annotation><filename>m4_s04_037_p_nic007.jpg</filename><folder>users/joselusava//santiago_2</folder><source><submittedBy>Jose Saca</submittedBy></source><imagesize><nrows>2970</nrows><ncols>4451</ncols></imagesize><object><name>m4_s04_037_p_nic007</name><deleted>0</deleted><verified>0</verified><occluded>no</occluded><attributes></attributes><parts><hasparts></hasparts><ispartof></ispartof></parts><date>19-10-20 13:52:19:570</date><id>0</id><type>bounding_box</type><polygon><username>anonymous</username><pt><x>364</x><y>1378</y><time>19-10-20 13:52:16:748</time></pt><pt><x>1428</x><y>1378</y><time>19-10-20 13:52:17:774</time></pt><pt><x>1428</x><y>2841</y><time>undefined</time></pt><pt><x>364</x><y>2841</y><time>undefined</time></pt><closed_date>19-10-20 13:52:17:775</closed_date></polygon></object></annotation>