<annotation><filename>m2_s06_244_p_nic097.jpg</filename><folder>users/joselusava//museos2020</folder><source><submittedBy>Jose Saca</submittedBy></source><imagesize><nrows>2910</nrows><ncols>4361</ncols></imagesize><object><name>m2_s06_244_p_ic097</name><deleted>0</deleted><verified>0</verified><occluded>no</occluded><attributes></attributes><parts><hasparts></hasparts><ispartof></ispartof></parts><date>26-09-20 22:07:01:142</date><id>0</id><type>bounding_box</type><polygon><username>anonymous</username><pt><x>572</x><y>1306</y><time>26-09-20 22:06:54:973</time></pt><pt><x>1994</x><y>1306</y><time>26-09-20 22:06:56:685</time></pt><pt><x>1994</x><y>1952</y><time>undefined</time></pt><pt><x>572</x><y>1952</y><time>undefined</time></pt><closed_date>26-09-20 22:06:56:686</closed_date></polygon></object></annotation>