<annotation><filename>m2_s01_010_p_ic010.jpg</filename><folder>users/joselusava//santiago</folder><source><submittedBy>Jose Saca</submittedBy></source><imagesize><nrows>2850</nrows><ncols>4271</ncols></imagesize><object><name>m2_s01_010_p_ic010</name><deleted>0</deleted><verified>0</verified><occluded>no</occluded><attributes></attributes><parts><hasparts></hasparts><ispartof></ispartof></parts><date>21-09-20 15:08:04:364</date><id>0</id><type>bounding_box</type><polygon><username>anonymous</username><pt><x>1356</x><y>398</y><time>21-09-20 15:07:52:278</time></pt><pt><x>3126</x><y>398</y><time>21-09-20 15:07:57:432</time></pt><pt><x>3126</x><y>2241</y><time>undefined</time></pt><pt><x>1356</x><y>2241</y><time>undefined</time></pt><closed_date>21-09-20 15:07:57:433</closed_date></polygon></object></annotation>