<annotation><filename>img_m1_s10_303_p_nic016.jpg</filename><folder>users/joselusava//santiago</folder><source><submittedBy>Jose Saca</submittedBy></source><imagesize><nrows>3200</nrows><ncols>4800</ncols></imagesize><object><name>m1_s10_303_p_nic016</name><deleted>0</deleted><verified>0</verified><occluded>no</occluded><attributes></attributes><parts><hasparts></hasparts><ispartof></ispartof></parts><date>01-09-20 19:56:39:315</date><id>0</id><type>bounding_box</type><polygon><username>anonymous</username><pt><x>252</x><y>1958</y><time>01-09-20 19:56:31:024</time></pt><pt><x>1897</x><y>1958</y><time>01-09-20 19:56:32:768</time></pt><pt><x>1897</x><y>2815</y><time>undefined</time></pt><pt><x>252</x><y>2815</y><time>undefined</time></pt><closed_date>01-09-20 19:56:32:769</closed_date></polygon></object></annotation>