<annotation><filename>m1_s06_141_p_nic082.jpg</filename><folder>users/joselusava//jacob_2/141nic</folder><source><submittedBy>Jose Saca</submittedBy></source><imagesize><nrows>2736</nrows><ncols>4100</ncols></imagesize><object><name>m1_s06_141_p_nic082</name><deleted>0</deleted><verified>0</verified><occluded>no</occluded><attributes></attributes><parts><hasparts></hasparts><ispartof></ispartof></parts><date>06-09-20 01:21:52:319</date><id>0</id><type>bounding_box</type><polygon><username>anonymous</username><pt><x>2079</x><y>2535</y><time>06-09-20 01:21:49:902</time></pt><pt><x>2828</x><y>2535</y><time>06-09-20 01:21:51:768</time></pt><pt><x>2828</x><y>1109</y><time>undefined</time></pt><pt><x>2079</x><y>1109</y><time>undefined</time></pt><closed_date>06-09-20 01:21:51:769</closed_date></polygon></object></annotation>