<annotation><filename>m2_s01_024_p_nic001.jpg</filename><folder>users/joselusava//santiago</folder><source><submittedBy>Jose Saca</submittedBy></source><imagesize><nrows>2850</nrows><ncols>4271</ncols></imagesize><object><name>m2_s01_024_p_nic001</name><deleted>0</deleted><verified>0</verified><occluded>no</occluded><attributes></attributes><parts><hasparts></hasparts><ispartof></ispartof></parts><date>25-09-20 13:21:38:518</date><id>0</id><type>bounding_box</type><polygon><username>anonymous</username><pt><x>2776</x><y>859</y><time>25-09-20 13:21:27:810</time></pt><pt><x>3809</x><y>859</y><time>25-09-20 13:21:29:542</time></pt><pt><x>3809</x><y>2616</y><time>undefined</time></pt><pt><x>2776</x><y>2616</y><time>undefined</time></pt><closed_date>25-09-20 13:21:29:544</closed_date></polygon></object></annotation>