<annotation><filename>m2_s01_058_p_ic001.jpg</filename><folder>users/joselusava//m2_jsv/58/ic</folder><source><submittedBy>Jose Saca</submittedBy></source><imagesize><nrows>2850</nrows><ncols>4271</ncols></imagesize><object><name>m2_s01_058_p_ic001</name><deleted>0</deleted><verified>0</verified><occluded>no</occluded><attributes></attributes><parts><hasparts></hasparts><ispartof></ispartof></parts><date>29-09-20 12:58:21:072</date><id>0</id><type>bounding_box</type><polygon><username>anonymous</username><pt><x>408</x><y>229</y><time>29-09-20 12:58:16:583</time></pt><pt><x>3906</x><y>229</y><time>29-09-20 12:58:19:492</time></pt><pt><x>3906</x><y>2709</y><time>undefined</time></pt><pt><x>408</x><y>2709</y><time>undefined</time></pt><closed_date>29-09-20 12:58:19:493</closed_date></polygon></object></annotation>