<annotation><filename>m4_s10_164_p_nic024.jpg</filename><folder>users/joselusava//santiago_2</folder><source><submittedBy>Jose Saca</submittedBy></source><imagesize><nrows>2970</nrows><ncols>4451</ncols></imagesize><object><name>m4_s10_164_p_nic024</name><deleted>0</deleted><verified>0</verified><occluded>no</occluded><attributes></attributes><parts><hasparts></hasparts><ispartof></ispartof></parts><date>13-10-20 23:50:27:942</date><id>0</id><type>bounding_box</type><polygon><username>anonymous</username><pt><x>1492</x><y>1853</y><time>13-10-20 23:50:25:337</time></pt><pt><x>2038</x><y>1853</y><time>13-10-20 23:50:26:121</time></pt><pt><x>2038</x><y>2552</y><time>undefined</time></pt><pt><x>1492</x><y>2552</y><time>undefined</time></pt><closed_date>13-10-20 23:50:26:122</closed_date></polygon></object></annotation>