<annotation><filename>m3_s01_013_p_nic075.jpg</filename><folder>users/joselusava//valeria/m03_s01_13_nic</folder><source><submittedBy>Jose Saca</submittedBy></source><imagesize><nrows>2970</nrows><ncols>4451</ncols></imagesize><object><name>m3_s01_013_p_nic075</name><deleted>0</deleted><verified>0</verified><occluded>no</occluded><attributes></attributes><parts><hasparts></hasparts><ispartof></ispartof></parts><date>07-11-20 00:03:57:096</date><id>0</id><type>bounding_box</type><polygon><username>anonymous</username><pt><x>2267</x><y>2473</y><time>07-11-20 00:03:52:060</time></pt><pt><x>4192</x><y>2473</y><time>07-11-20 00:03:54:213</time></pt><pt><x>4192</x><y>188</y><time>undefined</time></pt><pt><x>2267</x><y>188</y><time>undefined</time></pt><closed_date>07-11-20 00:03:54:215</closed_date></polygon></object></annotation>