<annotation><filename>m3_s01_013_p_ic016.jpg</filename><folder>users/joselusava//valeria/m03_s01_13_ic</folder><source><submittedBy>Jose Saca</submittedBy></source><imagesize><nrows>2970</nrows><ncols>4451</ncols></imagesize><object><name>m3_s01_013_p_ic016</name><deleted>0</deleted><verified>0</verified><occluded>no</occluded><attributes></attributes><parts><hasparts></hasparts><ispartof></ispartof></parts><date>28-10-20 22:28:45:412</date><id>0</id><type>bounding_box</type><polygon><username>anonymous</username><pt><x>3810</x><y>2850</y><time>28-10-20 22:28:37:139</time></pt><pt><x>280</x><y>2850</y><time>28-10-20 22:28:41:270</time></pt><pt><x>280</x><y>234</y><time>undefined</time></pt><pt><x>3810</x><y>234</y><time>undefined</time></pt><closed_date>28-10-20 22:28:41:276</closed_date></polygon></object></annotation>