<annotation><filename>m3_s01_022_x.jpg</filename><folder>users/joselusava//kath/m3_x</folder><source><submittedBy>Jose Saca</submittedBy></source><imagesize><nrows>2970</nrows><ncols>4451</ncols></imagesize><object><name>m3_s01_022_x</name><deleted>0</deleted><verified>0</verified><occluded>no</occluded><attributes></attributes><parts><hasparts></hasparts><ispartof></ispartof></parts><date>08-11-20 12:42:06:400</date><id>0</id><type>bounding_box</type><polygon><username>anonymous</username><pt><x>4027</x><y>2831</y><time>08-11-20 12:41:58:473</time></pt><pt><x>452</x><y>2831</y><time>08-11-20 12:42:02:633</time></pt><pt><x>452</x><y>509</y><time>undefined</time></pt><pt><x>4027</x><y>509</y><time>undefined</time></pt><closed_date>08-11-20 12:42:02:633</closed_date></polygon></object></annotation>