<annotation><filename>m4_s04_039_p_nic010.jpg</filename><folder>users/joselusava//santiago_2</folder><source><submittedBy>Jose Saca</submittedBy></source><imagesize><nrows>2970</nrows><ncols>4451</ncols></imagesize><object><name>m4_s04_039_p_nic010</name><deleted>0</deleted><verified>0</verified><occluded>no</occluded><attributes></attributes><parts><hasparts></hasparts><ispartof></ispartof></parts><date>21-10-20 16:24:46:151</date><id>0</id><type>bounding_box</type><polygon><username>anonymous</username><pt><x>1499</x><y>86</y><time>21-10-20 16:24:39:403</time></pt><pt><x>2424</x><y>86</y><time>21-10-20 16:24:40:231</time></pt><pt><x>2424</x><y>2235</y><time>undefined</time></pt><pt><x>1499</x><y>2235</y><time>undefined</time></pt><closed_date>21-10-20 16:24:40:233</closed_date></polygon></object></annotation>