<annotation><filename>m4_s10_164_p_nic033.jpg</filename><folder>users/joselusava//santiago_2</folder><source><submittedBy>Jose Saca</submittedBy></source><imagesize><nrows>2970</nrows><ncols>4451</ncols></imagesize><object><name>m4_s10_164_p_nic033</name><deleted>0</deleted><verified>0</verified><occluded>no</occluded><attributes></attributes><parts><hasparts></hasparts><ispartof></ispartof></parts><date>14-10-20 00:01:37:404</date><id>0</id><type>bounding_box</type><polygon><username>anonymous</username><pt><x>3298</x><y>1885</y><time>14-10-20 00:01:34:441</time></pt><pt><x>3923</x><y>1885</y><time>14-10-20 00:01:35:158</time></pt><pt><x>3923</x><y>2592</y><time>undefined</time></pt><pt><x>3298</x><y>2592</y><time>undefined</time></pt><closed_date>14-10-20 00:01:35:158</closed_date></polygon></object></annotation>