<annotation><filename>m2_s01_056_p_ic044.jpg</filename><folder>users/joselusava//m2_jsv/56/ic</folder><source><submittedBy>Jose Saca</submittedBy></source><imagesize><nrows>2850</nrows><ncols>4271</ncols></imagesize><object><name>m2_s01_056_p_ic044</name><deleted>0</deleted><verified>0</verified><occluded>no</occluded><attributes></attributes><parts><hasparts></hasparts><ispartof></ispartof></parts><date>28-09-20 21:40:21:738</date><id>0</id><type>bounding_box</type><polygon><username>anonymous</username><pt><x>3201</x><y>2802</y><time>28-09-20 21:40:18:761</time></pt><pt><x>1231</x><y>2802</y><time>28-09-20 21:40:20:858</time></pt><pt><x>1231</x><y>42</y><time>undefined</time></pt><pt><x>3201</x><y>42</y><time>undefined</time></pt><closed_date>28-09-20 21:40:20:858</closed_date></polygon></object></annotation>