<annotation><filename>m3_s01_008_x.jpg</filename><folder>users/joselusava//kath/m3_x</folder><source><submittedBy>Jose Saca</submittedBy></source><imagesize><nrows>2970</nrows><ncols>4451</ncols></imagesize><object><name>m3_s01_008_x</name><deleted>0</deleted><verified>0</verified><occluded>no</occluded><attributes></attributes><parts><hasparts></hasparts><ispartof></ispartof></parts><date>08-11-20 12:28:51:892</date><id>0</id><type>bounding_box</type><polygon><username>anonymous</username><pt><x>726</x><y>2533</y><time>08-11-20 12:28:47:572</time></pt><pt><x>3662</x><y>2533</y><time>08-11-20 12:28:49:300</time></pt><pt><x>3662</x><y>452</y><time>undefined</time></pt><pt><x>726</x><y>452</y><time>undefined</time></pt><closed_date>08-11-20 12:28:49:301</closed_date></polygon></object></annotation>