<annotation><filename>m4_s12_185_p_ic098.jpg</filename><folder>users/joselusava//valeria/m04_s12_185_ic</folder><source><submittedBy>Jose Saca</submittedBy></source><imagesize><nrows>2910</nrows><ncols>4361</ncols></imagesize><object><name>m4_s12_185_p_ic098</name><deleted>0</deleted><verified>0</verified><occluded>no</occluded><attributes></attributes><parts><hasparts></hasparts><ispartof></ispartof></parts><date>17-10-20 19:02:00:472</date><id>0</id><type>bounding_box</type><polygon><username>anonymous</username><pt><x>912</x><y>2871</y><time>17-10-20 19:01:54:233</time></pt><pt><x>3072</x><y>2871</y><time>17-10-20 19:01:56:682</time></pt><pt><x>3072</x><y>353</y><time>undefined</time></pt><pt><x>912</x><y>353</y><time>undefined</time></pt><closed_date>17-10-20 19:01:56:683</closed_date></polygon></object></annotation>