<annotation><filename>m1_s01_021_p_ic035.jpg</filename><folder>users/joselusava//santiago</folder><source><submittedBy>Jose Saca</submittedBy></source><imagesize><nrows>3200</nrows><ncols>4800</ncols></imagesize><object><name>m1_s01_021_p_ic035</name><deleted>0</deleted><verified>0</verified><occluded>no</occluded><attributes></attributes><parts><hasparts></hasparts><ispartof></ispartof></parts><date>14-09-20 23:02:14:003</date><id>0</id><type>bounding_box</type><polygon><username>anonymous</username><pt><x>1937</x><y>799</y><time>14-09-20 23:02:05:138</time></pt><pt><x>3204</x><y>799</y><time>14-09-20 23:02:06:889</time></pt><pt><x>3204</x><y>2404</y><time>undefined</time></pt><pt><x>1937</x><y>2404</y><time>undefined</time></pt><closed_date>14-09-20 23:02:06:890</closed_date></polygon></object></annotation>