<annotation><filename>m3_s01_013_p_nic051.jpg</filename><folder>users/joselusava//valeria/m03_s01_13_nic</folder><source><submittedBy>Jose Saca</submittedBy></source><imagesize><nrows>2970</nrows><ncols>4451</ncols></imagesize><object><name>m3_s01_013_p_nic051</name><deleted>0</deleted><verified>0</verified><occluded>no</occluded><attributes></attributes><parts><hasparts></hasparts><ispartof></ispartof></parts><date>06-11-20 23:31:24:100</date><id>0</id><type>bounding_box</type><polygon><username>anonymous</username><pt><x>3084</x><y>2702</y><time>06-11-20 23:31:18:322</time></pt><pt><x>206</x><y>2702</y><time>06-11-20 23:31:21:132</time></pt><pt><x>206</x><y>611</y><time>undefined</time></pt><pt><x>3084</x><y>611</y><time>undefined</time></pt><closed_date>06-11-20 23:31:21:133</closed_date></polygon></object></annotation>