<annotation><filename>m4_s04_037_p_ic073.jpg</filename><folder>users/joselusava//santiago_2</folder><source><submittedBy>Jose Saca</submittedBy></source><imagesize><nrows>2970</nrows><ncols>4451</ncols></imagesize><object><name>m4_s04_037_p_ic073</name><deleted>0</deleted><verified>0</verified><occluded>no</occluded><attributes></attributes><parts><hasparts></hasparts><ispartof></ispartof></parts><date>18-10-20 21:57:39:565</date><id>0</id><type>bounding_box</type><polygon><username>anonymous</username><pt><x>1617</x><y>125</y><time>18-10-20 21:57:33:275</time></pt><pt><x>3106</x><y>125</y><time>18-10-20 21:57:34:765</time></pt><pt><x>3106</x><y>2559</y><time>undefined</time></pt><pt><x>1617</x><y>2559</y><time>undefined</time></pt><closed_date>18-10-20 21:57:34:767</closed_date></polygon></object></annotation>