<annotation><filename>m4_s11_178_p_ic065.jpg</filename><folder>users/joselusava//santiago_2</folder><source><submittedBy>Jose Saca</submittedBy></source><imagesize><nrows>2970</nrows><ncols>4451</ncols></imagesize><object><name>m4_s11_178_p_ic065</name><deleted>0</deleted><verified>0</verified><occluded>no</occluded><attributes></attributes><parts><hasparts></hasparts><ispartof></ispartof></parts><date>15-10-20 21:59:53:064</date><id>0</id><type>bounding_box</type><polygon><username>anonymous</username><pt><x>1207</x><y>553</y><time>15-10-20 21:59:49:503</time></pt><pt><x>3134</x><y>553</y><time>15-10-20 21:59:51:002</time></pt><pt><x>3134</x><y>2424</y><time>undefined</time></pt><pt><x>1207</x><y>2424</y><time>undefined</time></pt><closed_date>15-10-20 21:59:51:003</closed_date></polygon></object></annotation>