<annotation><filename>m2_s01_073_x.jpg</filename><folder>users/joselusava//juancarlos</folder><source><submittedBy>Jose Saca</submittedBy></source><imagesize><nrows>2850</nrows><ncols>4271</ncols></imagesize><object><name>m2_s01_073_x</name><deleted>0</deleted><verified>0</verified><occluded>no</occluded><attributes></attributes><parts><hasparts></hasparts><ispartof></ispartof></parts><date>28-09-20 10:49:17:630</date><id>0</id><type>bounding_box</type><polygon><username>anonymous</username><pt><x>1471</x><y>351</y><time>28-09-20 10:49:07:990</time></pt><pt><x>2977</x><y>351</y><time>28-09-20 10:49:11:852</time></pt><pt><x>2977</x><y>2486</y><time>undefined</time></pt><pt><x>1471</x><y>2486</y><time>undefined</time></pt><closed_date>28-09-20 10:49:11:853</closed_date></polygon></object></annotation>