<annotation><filename>m4_s11_178_p_ic036.jpg</filename><folder>users/joselusava//santiago_2</folder><source><submittedBy>Jose Saca</submittedBy></source><imagesize><nrows>2970</nrows><ncols>4451</ncols></imagesize><object><name>m4_s11_178_p_ic036</name><deleted>0</deleted><verified>0</verified><occluded>no</occluded><attributes></attributes><parts><hasparts></hasparts><ispartof></ispartof></parts><date>15-10-20 21:36:16:279</date><id>0</id><type>bounding_box</type><polygon><username>anonymous</username><pt><x>1489</x><y>739</y><time>15-10-20 21:36:11:874</time></pt><pt><x>2702</x><y>739</y><time>15-10-20 21:36:13:943</time></pt><pt><x>2702</x><y>2195</y><time>undefined</time></pt><pt><x>1489</x><y>2195</y><time>undefined</time></pt><closed_date>15-10-20 21:36:13:943</closed_date></polygon></object></annotation>