<annotation><filename>m4_s04_047_p_nic096.jpg</filename><folder>users/joselusava//kath/kath_m4_047/nic</folder><source><submittedBy>Jose Saca</submittedBy></source><imagesize><nrows>2970</nrows><ncols>4451</ncols></imagesize><object><name>m4_s04_047_p_nic096</name><deleted>0</deleted><verified>0</verified><occluded>no</occluded><attributes></attributes><parts><hasparts></hasparts><ispartof></ispartof></parts><date>24-10-20 20:09:28:409</date><id>0</id><type>bounding_box</type><polygon><username>anonymous</username><pt><x>2680</x><y>230</y><time>24-10-20 20:09:23:300</time></pt><pt><x>3824</x><y>230</y><time>24-10-20 20:09:25:496</time></pt><pt><x>3824</x><y>2688</y><time>undefined</time></pt><pt><x>2680</x><y>2688</y><time>undefined</time></pt><closed_date>24-10-20 20:09:25:498</closed_date></polygon></object></annotation>