<annotation><filename>m1_s01_017_p_ic043.jpg</filename><folder>users/joselusava//santiago</folder><source><submittedBy>Jose Saca</submittedBy></source><imagesize><nrows>3200</nrows><ncols>4800</ncols></imagesize><object><name>m1_s01_017_p_ic043</name><deleted>0</deleted><verified>0</verified><occluded>no</occluded><attributes></attributes><parts><hasparts></hasparts><ispartof></ispartof></parts><date>10-09-20 22:16:23:537</date><id>0</id><type>bounding_box</type><polygon><username>anonymous</username><pt><x>1440</x><y>918</y><time>10-09-20 22:16:10:971</time></pt><pt><x>3474</x><y>918</y><time>10-09-20 22:16:14:685</time></pt><pt><x>3474</x><y>2048</y><time>undefined</time></pt><pt><x>1440</x><y>2048</y><time>undefined</time></pt><closed_date>10-09-20 22:16:14:687</closed_date></polygon></object></annotation>