<annotation><filename>m4_s10_164_p_ic068.jpg</filename><folder>users/joselusava//santiago_2</folder><source><submittedBy>Jose Saca</submittedBy></source><imagesize><nrows>2970</nrows><ncols>4451</ncols></imagesize><object><name>m4_s10_164_p_ic068</name><deleted>0</deleted><verified>0</verified><occluded>no</occluded><attributes></attributes><parts><hasparts></hasparts><ispartof></ispartof></parts><date>13-10-20 22:56:05:769</date><id>0</id><type>bounding_box</type><polygon><username>anonymous</username><pt><x>1478</x><y>1228</y><time>13-10-20 22:56:02:021</time></pt><pt><x>2088</x><y>1228</y><time>13-10-20 22:56:03:228</time></pt><pt><x>2088</x><y>2010</y><time>undefined</time></pt><pt><x>1478</x><y>2010</y><time>undefined</time></pt><closed_date>13-10-20 22:56:03:229</closed_date></polygon></object></annotation>