<annotation><filename>m1_s01_021_p_ic097.jpg</filename><folder>users/joselusava//santiago</folder><source><submittedBy>Jose Saca</submittedBy></source><imagesize><nrows>3200</nrows><ncols>4800</ncols></imagesize><object><name>m1_s01_021_p_ic097</name><deleted>0</deleted><verified>0</verified><occluded>no</occluded><attributes></attributes><parts><hasparts></hasparts><ispartof></ispartof></parts><date>15-09-20 00:26:51:372</date><id>0</id><type>bounding_box</type><polygon><username>anonymous</username><pt><x>256</x><y>1775</y><time>15-09-20 00:26:42:284</time></pt><pt><x>1051</x><y>1775</y><time>15-09-20 00:26:43:518</time></pt><pt><x>1051</x><y>2592</y><time>undefined</time></pt><pt><x>256</x><y>2592</y><time>undefined</time></pt><closed_date>15-09-20 00:26:43:519</closed_date></polygon></object></annotation>