<annotation><filename>m1_s10_290_x.jpg</filename><folder>users/joselusava//santiago</folder><source><submittedBy>Jose Saca</submittedBy></source><imagesize><nrows>3200</nrows><ncols>4800</ncols></imagesize><object><name>m1_s10_290_x</name><deleted>0</deleted><verified>0</verified><occluded>no</occluded><attributes></attributes><parts><hasparts></hasparts><ispartof></ispartof></parts><date>28-08-20 16:27:50:705</date><id>0</id><type>bounding_box</type><polygon><username>anonymous</username><pt><x>1397</x><y>223</y><time>28-08-20 16:27:40:061</time></pt><pt><x>3513</x><y>223</y><time>28-08-20 16:27:43:699</time></pt><pt><x>3513</x><y>2988</y><time>undefined</time></pt><pt><x>1397</x><y>2988</y><time>undefined</time></pt><closed_date>28-08-20 16:27:43:700</closed_date></polygon></object></annotation>