<annotation><filename>m4_s09_138_p_ic082.jpg</filename><folder>users/joselusava//santiago_2</folder><source><submittedBy>Jose Saca</submittedBy></source><imagesize><nrows>2970</nrows><ncols>4451</ncols></imagesize><object><name>m4_s09_138_p_ic082</name><deleted>0</deleted><verified>0</verified><occluded>no</occluded><attributes></attributes><parts><hasparts></hasparts><ispartof></ispartof></parts><date>22-10-20 21:29:32:863</date><id>0</id><type>bounding_box</type><polygon><username>anonymous</username><pt><x>585</x><y>668</y><time>22-10-20 21:29:29:171</time></pt><pt><x>3766</x><y>668</y><time>22-10-20 21:29:30:651</time></pt><pt><x>3766</x><y>2427</y><time>undefined</time></pt><pt><x>585</x><y>2427</y><time>undefined</time></pt><closed_date>22-10-20 21:29:30:652</closed_date></polygon></object></annotation>