<annotation><filename>m4_s04_039_p_ic042.jpg</filename><folder>users/joselusava//santiago_2</folder><source><submittedBy>Jose Saca</submittedBy></source><imagesize><nrows>2970</nrows><ncols>4451</ncols></imagesize><object><name>m4_s04_039_p_ic042</name><deleted>0</deleted><verified>0</verified><occluded>no</occluded><attributes></attributes><parts><hasparts></hasparts><ispartof></ispartof></parts><date>20-10-20 21:47:57:215</date><id>0</id><type>bounding_box</type><polygon><username>anonymous</username><pt><x>1828</x><y>182</y><time>20-10-20 21:47:53:620</time></pt><pt><x>2792</x><y>182</y><time>20-10-20 21:47:55:050</time></pt><pt><x>2792</x><y>2856</y><time>undefined</time></pt><pt><x>1828</x><y>2856</y><time>undefined</time></pt><closed_date>20-10-20 21:47:55:051</closed_date></polygon></object></annotation>