<annotation><filename>m3_s01_010_p_nic080.jpg</filename><folder>users/joselusava//m4_js/m3/10/nic</folder><source><submittedBy>Jose Saca</submittedBy></source><imagesize><nrows>2970</nrows><ncols>4451</ncols></imagesize><object><name>m3_s01_010_p_nic080</name><deleted>0</deleted><verified>0</verified><occluded>no</occluded><attributes></attributes><parts><hasparts></hasparts><ispartof></ispartof></parts><date>29-10-20 14:42:03:864</date><id>0</id><type>bounding_box</type><polygon><username>anonymous</username><pt><x>21</x><y>393</y><time>29-10-20 14:42:01:636</time></pt><pt><x>2101</x><y>393</y><time>29-10-20 14:42:03:297</time></pt><pt><x>2101</x><y>2929</y><time>undefined</time></pt><pt><x>21</x><y>2929</y><time>undefined</time></pt><closed_date>29-10-20 14:42:03:298</closed_date></polygon></object></annotation>