<annotation><filename>m1_s06_186_p_nic092.jpg</filename><folder>users/joselusava//jacob_2/186nic</folder><source><submittedBy>Jose Saca</submittedBy></source><imagesize><nrows>2736</nrows><ncols>4100</ncols></imagesize><object><name>m1_s06_186_p_nic092</name><deleted>0</deleted><verified>0</verified><occluded>no</occluded><attributes></attributes><parts><hasparts></hasparts><ispartof></ispartof></parts><date>09-09-20 23:37:02:873</date><id>0</id><type>bounding_box</type><polygon><username>anonymous</username><pt><x>3789</x><y>2439</y><time>09-09-20 23:36:59:613</time></pt><pt><x>2660</x><y>2439</y><time>09-09-20 23:37:01:731</time></pt><pt><x>2660</x><y>597</y><time>undefined</time></pt><pt><x>3789</x><y>597</y><time>undefined</time></pt><closed_date>09-09-20 23:37:01:731</closed_date></polygon></object></annotation>