<annotation><filename>m1_s06_186_p_nic087.jpg</filename><folder>users/joselusava//jacob_2/186nic</folder><source><submittedBy>Jose Saca</submittedBy></source><imagesize><nrows>2736</nrows><ncols>4100</ncols></imagesize><object><name>m1_s06_186_p_nic087</name><deleted>0</deleted><verified>0</verified><occluded>no</occluded><attributes></attributes><parts><hasparts></hasparts><ispartof></ispartof></parts><date>09-09-20 23:33:13:300</date><id>0</id><type>bounding_box</type><polygon><username>anonymous</username><pt><x>2922</x><y>2480</y><time>09-09-20 23:33:11:002</time></pt><pt><x>1931</x><y>2480</y><time>09-09-20 23:33:12:687</time></pt><pt><x>1931</x><y>671</y><time>undefined</time></pt><pt><x>2922</x><y>671</y><time>undefined</time></pt><closed_date>09-09-20 23:33:12:687</closed_date></polygon></object></annotation>