<annotation><filename>m1_s01_017_p_ic001.jpg</filename><folder>users/joselusava//santiago</folder><source><submittedBy>Jose Saca</submittedBy></source><imagesize><nrows>3200</nrows><ncols>4800</ncols></imagesize><object><name>m1_s01_017_p_ic001</name><deleted>0</deleted><verified>0</verified><occluded>no</occluded><attributes></attributes><parts><hasparts></hasparts><ispartof></ispartof></parts><date>10-09-20 13:28:28:004</date><id>0</id><type>bounding_box</type><polygon><username>anonymous</username><pt><x>1429</x><y>1109</y><time>10-09-20 13:28:16:255</time></pt><pt><x>3142</x><y>1109</y><time>10-09-20 13:28:19:060</time></pt><pt><x>3142</x><y>2088</y><time>undefined</time></pt><pt><x>1429</x><y>2088</y><time>undefined</time></pt><closed_date>10-09-20 13:28:19:062</closed_date></polygon></object></annotation>