<annotation><filename>m1_s06_186_p_ic009.jpg</filename><folder>users/joselusava//jacob_2/186ic</folder><source><submittedBy>Jose Saca</submittedBy></source><imagesize><nrows>2736</nrows><ncols>4100</ncols></imagesize><object><name>s06_186_p_ic009</name><deleted>0</deleted><verified>0</verified><occluded>no</occluded><attributes></attributes><parts><hasparts></hasparts><ispartof></ispartof></parts><date>09-09-20 11:20:10:413</date><id>0</id><type>bounding_box</type><polygon><username>anonymous</username><pt><x>990</x><y>2709</y><time>09-09-20 11:20:06:173</time></pt><pt><x>3257</x><y>2709</y><time>09-09-20 11:20:08:876</time></pt><pt><x>3257</x><y>25</y><time>undefined</time></pt><pt><x>990</x><y>25</y><time>undefined</time></pt><closed_date>09-09-20 11:20:08:876</closed_date></polygon></object></annotation>