<annotation><filename>m4_s03_025_p_ic060.jpg</filename><folder>users/joselusava//m4_js/m3/25</folder><source><submittedBy>Jose Saca</submittedBy></source><imagesize><nrows>2910</nrows><ncols>4361</ncols></imagesize><object><name>m4_s03_025_p_ic060</name><deleted>0</deleted><verified>0</verified><occluded>no</occluded><attributes></attributes><parts><hasparts></hasparts><ispartof></ispartof></parts><date>09-11-20 11:11:50:427</date><id>0</id><type>bounding_box</type><polygon><username>anonymous</username><pt><x>644</x><y>453</y><time>09-11-20 11:11:48:192</time></pt><pt><x>3673</x><y>453</y><time>09-11-20 11:11:49:569</time></pt><pt><x>3673</x><y>2315</y><time>undefined</time></pt><pt><x>644</x><y>2315</y><time>undefined</time></pt><closed_date>09-11-20 11:11:49:570</closed_date></polygon></object></annotation>