<annotation><filename>m1_s06_141_p_nic021.jpg</filename><folder>users/joselusava//jacob_2/141nic</folder><source><submittedBy>Jose Saca</submittedBy></source><imagesize><nrows>2736</nrows><ncols>4100</ncols></imagesize><object><name>m1_s06_141_p_nic021</name><deleted>0</deleted><verified>0</verified><occluded>no</occluded><attributes></attributes><parts><hasparts></hasparts><ispartof></ispartof></parts><date>05-09-20 00:58:03:140</date><id>0</id><type>bounding_box</type><polygon><username>anonymous</username><pt><x>1292</x><y>2578</y><time>05-09-20 00:57:59:969</time></pt><pt><x>2449</x><y>2578</y><time>05-09-20 00:58:01:535</time></pt><pt><x>2449</x><y>1184</y><time>undefined</time></pt><pt><x>1292</x><y>1184</y><time>undefined</time></pt><closed_date>05-09-20 00:58:01:535</closed_date></polygon></object></annotation>