<annotation><filename>m4_s04_047_p_nic001.jpg</filename><folder>users/joselusava//kath/kath_m4_047/nic</folder><source><submittedBy>Jose Saca</submittedBy></source><imagesize><nrows>2970</nrows><ncols>4451</ncols></imagesize><object><name>m4_s04_047_p_nic001</name><deleted>0</deleted><verified>0</verified><occluded>no</occluded><attributes></attributes><parts><hasparts></hasparts><ispartof></ispartof></parts><date>24-10-20 17:58:44:165</date><id>0</id><type>bounding_box</type><polygon><username>anonymous</username><pt><x>2896</x><y>379</y><time>24-10-20 17:58:36:310</time></pt><pt><x>4047</x><y>379</y><time>24-10-20 17:58:40:512</time></pt><pt><x>4047</x><y>2747</y><time>undefined</time></pt><pt><x>2896</x><y>2747</y><time>undefined</time></pt><closed_date>24-10-20 17:58:40:514</closed_date></polygon></object></annotation>