<annotation><filename>m4_s10_154_p_ic095.jpg</filename><folder>users/joselusava//valeria/m04_s10_154_ic</folder><source><submittedBy>Jose Saca</submittedBy></source><imagesize><nrows>2970</nrows><ncols>4451</ncols></imagesize><object><name>m4_s10_154_p_ic095</name><deleted>0</deleted><verified>0</verified><occluded>no</occluded><attributes></attributes><parts><hasparts></hasparts><ispartof></ispartof></parts><date>13-10-20 23:22:23:930</date><id>0</id><type>bounding_box</type><polygon><username>anonymous</username><pt><x>3021</x><y>2782</y><time>13-10-20 23:22:17:541</time></pt><pt><x>925</x><y>2782</y><time>13-10-20 23:22:20:159</time></pt><pt><x>925</x><y>451</y><time>undefined</time></pt><pt><x>3021</x><y>451</y><time>undefined</time></pt><closed_date>13-10-20 23:22:20:159</closed_date></polygon></object></annotation>