<annotation><filename>m3_s01_013_p_ic052.jpg</filename><folder>users/joselusava//valeria/m03_s01_13_ic</folder><source><submittedBy>Jose Saca</submittedBy></source><imagesize><nrows>2970</nrows><ncols>4451</ncols></imagesize><object><name>m3_s01_013_p_ic051</name><deleted>0</deleted><verified>0</verified><occluded>no</occluded><attributes></attributes><parts><hasparts></hasparts><ispartof></ispartof></parts><date>01-11-20 09:00:44:349</date><id>0</id><type>bounding_box</type><polygon><username>anonymous</username><pt><x>3644</x><y>2747</y><time>01-11-20 09:00:26:148</time></pt><pt><x>822</x><y>2747</y><time>01-11-20 09:00:31:755</time></pt><pt><x>822</x><y>286</y><time>undefined</time></pt><pt><x>3644</x><y>286</y><time>undefined</time></pt><closed_date>01-11-20 09:00:31:756</closed_date></polygon></object></annotation>