<annotation><filename>m1_s01_021_p_nic011.jpg</filename><folder>users/joselusava//santiago</folder><source><submittedBy>Jose Saca</submittedBy></source><imagesize><nrows>3200</nrows><ncols>4800</ncols></imagesize><object><name>m1_s01_021_p_nic011</name><deleted>0</deleted><verified>0</verified><occluded>no</occluded><attributes></attributes><parts><hasparts></hasparts><ispartof></ispartof></parts><date>15-09-20 15:17:08:835</date><id>0</id><type>bounding_box</type><polygon><username>anonymous</username><pt><x>652</x><y>461</y><time>15-09-20 15:17:00:886</time></pt><pt><x>1299</x><y>461</y><time>15-09-20 15:17:02:759</time></pt><pt><x>1299</x><y>1253</y><time>undefined</time></pt><pt><x>652</x><y>1253</y><time>undefined</time></pt><closed_date>15-09-20 15:17:02:760</closed_date></polygon></object></annotation>