<annotation><filename>m2_s01_024_p_ic085.jpg</filename><folder>users/joselusava//santiago</folder><source><submittedBy>Jose Saca</submittedBy></source><imagesize><nrows>2850</nrows><ncols>4271</ncols></imagesize><object><name>m2_s01_024_p_ic085</name><deleted>0</deleted><verified>0</verified><occluded>no</occluded><attributes></attributes><parts><hasparts></hasparts><ispartof></ispartof></parts><date>24-09-20 23:02:44:228</date><id>0</id><type>bounding_box</type><polygon><username>anonymous</username><pt><x>1055</x><y>183</y><time>24-09-20 23:02:35:229</time></pt><pt><x>2667</x><y>183</y><time>24-09-20 23:02:37:656</time></pt><pt><x>2667</x><y>2805</y><time>undefined</time></pt><pt><x>1055</x><y>2805</y><time>undefined</time></pt><closed_date>24-09-20 23:02:37:656</closed_date></polygon></object></annotation>