<annotation><filename>m4_s09_138_p_nic028.jpg</filename><folder>users/joselusava//santiago_2</folder><source><submittedBy>Jose Saca</submittedBy></source><imagesize><nrows>2970</nrows><ncols>4451</ncols></imagesize><object><name>m4_s09_138_p_nic028</name><deleted>0</deleted><verified>0</verified><occluded>no</occluded><attributes></attributes><parts><hasparts></hasparts><ispartof></ispartof></parts><date>23-10-20 13:40:23:971</date><id>0</id><type>bounding_box</type><polygon><username>anonymous</username><pt><x>1885</x><y>871</y><time>23-10-20 13:40:20:097</time></pt><pt><x>4298</x><y>871</y><time>23-10-20 13:40:21:583</time></pt><pt><x>4298</x><y>2042</y><time>undefined</time></pt><pt><x>1885</x><y>2042</y><time>undefined</time></pt><closed_date>23-10-20 13:40:21:583</closed_date></polygon></object></annotation>