<annotation><filename>m2_s06_244_p_ic100.jpg</filename><folder>users/joselusava//museos2020</folder><source><submittedBy>Jose Saca</submittedBy></source><imagesize><nrows>2910</nrows><ncols>4361</ncols></imagesize><object><name>m2_s06_244_p_ic100</name><deleted>0</deleted><verified>0</verified><occluded>no</occluded><attributes></attributes><parts><hasparts></hasparts><ispartof></ispartof></parts><date>23-09-20 09:33:25:576</date><id>0</id><type>bounding_box</type><polygon><username>anonymous</username><pt><x>301</x><y>337</y><time>23-09-20 09:33:18:034</time></pt><pt><x>3663</x><y>337</y><time>23-09-20 09:33:19:704</time></pt><pt><x>3663</x><y>2802</y><time>undefined</time></pt><pt><x>301</x><y>2802</y><time>undefined</time></pt><closed_date>23-09-20 09:33:19:706</closed_date></polygon></object></annotation>