<annotation><filename>m4_s09_138_p_nic005.jpg</filename><folder>users/joselusava//santiago_2</folder><source><submittedBy>Jose Saca</submittedBy></source><imagesize><nrows>2970</nrows><ncols>4451</ncols></imagesize><object><name>m4_s09_138_p_nic005</name><deleted>0</deleted><verified>0</verified><occluded>no</occluded><attributes></attributes><parts><hasparts></hasparts><ispartof></ispartof></parts><date>22-10-20 23:07:22:902</date><id>0</id><type>bounding_box</type><polygon><username>anonymous</username><pt><x>261</x><y>589</y><time>22-10-20 23:07:19:770</time></pt><pt><x>2706</x><y>589</y><time>22-10-20 23:07:21:007</time></pt><pt><x>2706</x><y>1713</y><time>undefined</time></pt><pt><x>261</x><y>1713</y><time>undefined</time></pt><closed_date>22-10-20 23:07:21:008</closed_date></polygon></object></annotation>