<annotation><filename>m2_s01_018_p_ic059.jpg</filename><folder>users/joselusava//santiago_2</folder><source><submittedBy>Jose Saca</submittedBy></source><imagesize><nrows>2850</nrows><ncols>4271</ncols></imagesize><object><name>m2_s01_018_p_ic059</name><deleted>0</deleted><verified>0</verified><occluded>no</occluded><attributes></attributes><parts><hasparts></hasparts><ispartof></ispartof></parts><date>28-09-20 17:46:13:847</date><id>0</id><type>bounding_box</type><polygon><username>anonymous</username><pt><x>1544</x><y>556</y><time>28-09-20 17:46:05:159</time></pt><pt><x>2728</x><y>556</y><time>28-09-20 17:46:06:430</time></pt><pt><x>2728</x><y>2110</y><time>undefined</time></pt><pt><x>1544</x><y>2110</y><time>undefined</time></pt><closed_date>28-09-20 17:46:06:431</closed_date></polygon></object></annotation>