<annotation><filename>m2_s01_058_p_ic049.jpg</filename><folder>users/joselusava//m2_jsv/58/ic</folder><source><submittedBy>Jose Saca</submittedBy></source><imagesize><nrows>2850</nrows><ncols>4271</ncols></imagesize><object><name>m2_s01_058_p_ic049</name><deleted>0</deleted><verified>0</verified><occluded>no</occluded><attributes></attributes><parts><hasparts></hasparts><ispartof></ispartof></parts><date>29-09-20 13:17:22:606</date><id>0</id><type>bounding_box</type><polygon><username>anonymous</username><pt><x>1019</x><y>603</y><time>29-09-20 13:17:20:823</time></pt><pt><x>3396</x><y>603</y><time>29-09-20 13:17:21:914</time></pt><pt><x>3396</x><y>2284</y><time>undefined</time></pt><pt><x>1019</x><y>2284</y><time>undefined</time></pt><closed_date>29-09-20 13:17:21:915</closed_date></polygon></object></annotation>