<annotation><filename>m2_s06_244_p_nic021.jpg</filename><folder>users/joselusava//museos2020</folder><source><submittedBy>Jose Saca</submittedBy></source><imagesize><nrows>2910</nrows><ncols>4361</ncols></imagesize><object><name>m2_s06_244_p_ic021</name><deleted>0</deleted><verified>0</verified><occluded>no</occluded><attributes></attributes><parts><hasparts></hasparts><ispartof></ispartof></parts><date>25-09-20 18:36:42:484</date><id>0</id><type>bounding_box</type><polygon><username>anonymous</username><pt><x>907</x><y>1835</y><time>25-09-20 18:36:06:590</time></pt><pt><x>2603</x><y>1835</y><time>25-09-20 18:36:09:261</time></pt><pt><x>2603</x><y>2681</y><time>undefined</time></pt><pt><x>907</x><y>2681</y><time>undefined</time></pt><closed_date>25-09-20 18:36:09:261</closed_date></polygon></object></annotation>