<annotation><filename>m2_s01_021_x.jpg</filename><folder>users/joselusava//santiago</folder><source><submittedBy>Jose Saca</submittedBy></source><imagesize><nrows>2850</nrows><ncols>4271</ncols></imagesize><object><name>m2_s01_021_x</name><deleted>0</deleted><verified>0</verified><occluded>no</occluded><attributes></attributes><parts><hasparts></hasparts><ispartof></ispartof></parts><date>21-09-20 13:46:45:815</date><id>0</id><type>bounding_box</type><polygon><username>anonymous</username><pt><x>1038</x><y>149</y><time>21-09-20 13:46:34:755</time></pt><pt><x>3189</x><y>149</y><time>21-09-20 13:46:36:781</time></pt><pt><x>3189</x><y>2518</y><time>undefined</time></pt><pt><x>1038</x><y>2518</y><time>undefined</time></pt><closed_date>21-09-20 13:46:36:783</closed_date></polygon></object></annotation>