<annotation><filename>m4_s10_157_p_ic080.jpg</filename><folder>users/joselusava//valeria/m04_s10_157_ic</folder><source><submittedBy>Jose Saca</submittedBy></source><imagesize><nrows>2970</nrows><ncols>4451</ncols></imagesize><object><name>m4_s10_157_p_ic080</name><deleted>0</deleted><verified>0</verified><occluded>no</occluded><attributes></attributes><parts><hasparts>0</hasparts><ispartof>0</ispartof></parts><date>12-10-20 18:11:37:867</date><id>0</id><type>bounding_box</type><polygon><username>anonymous</username><pt><x>1221</x><y>2576</y><time>12-10-20 18:11:31:874</time></pt><pt><x>3240</x><y>2576</y><time>12-10-20 18:11:34:426</time></pt><pt><x>3240</x><y>248</y><time>undefined</time></pt><pt><x>1221</x><y>248</y><time>undefined</time></pt><closed_date>12-10-20 18:11:34:427</closed_date></polygon></object></annotation>