<annotation><filename>m1_s01_017_p_ic008.jpg</filename><folder>users/joselusava//santiago</folder><source><submittedBy>Jose Saca</submittedBy></source><imagesize><nrows>3200</nrows><ncols>4800</ncols></imagesize><object><name>m1_s01_017_p_ic008</name><deleted>0</deleted><verified>0</verified><occluded>no</occluded><attributes></attributes><parts><hasparts></hasparts><ispartof></ispartof></parts><date>10-09-20 13:47:25:607</date><id>0</id><type>bounding_box</type><polygon><username>anonymous</username><pt><x>1692</x><y>1137</y><time>10-09-20 13:47:15:231</time></pt><pt><x>3031</x><y>1137</y><time>10-09-20 13:47:18:979</time></pt><pt><x>3031</x><y>2073</y><time>undefined</time></pt><pt><x>1692</x><y>2073</y><time>undefined</time></pt><closed_date>10-09-20 13:47:18:980</closed_date></polygon></object></annotation>