<annotation><filename>m4_s04_039_p.jpg</filename><folder>users/joselusava//santiago_2</folder><source><submittedBy>Jose Saca</submittedBy></source><imagesize><nrows>2970</nrows><ncols>4451</ncols></imagesize><object><name>m4_s04_039_p</name><deleted>0</deleted><verified>0</verified><occluded>no</occluded><attributes></attributes><parts><hasparts></hasparts><ispartof></ispartof></parts><date>20-10-20 13:47:04:212</date><id>0</id><type>bounding_box</type><polygon><username>anonymous</username><pt><x>1814</x><y>361</y><time>20-10-20 13:46:54:415</time></pt><pt><x>2656</x><y>361</y><time>20-10-20 13:46:56:931</time></pt><pt><x>2656</x><y>2950</y><time>undefined</time></pt><pt><x>1814</x><y>2950</y><time>undefined</time></pt><closed_date>20-10-20 13:46:56:931</closed_date></polygon></object></annotation>