<annotation><filename>m2_s06_250_p_ic025.jpg</filename><folder>users/joselusava//valeria/m2_sala06_250_ic</folder><source><submittedBy>Jose Saca</submittedBy></source><imagesize><nrows>2910</nrows><ncols>4361</ncols></imagesize><object><name>m2_s06_250_p_ic025</name><deleted>0</deleted><verified>0</verified><occluded>no</occluded><attributes></attributes><parts><hasparts></hasparts><ispartof></ispartof></parts><date>30-09-20 22:23:03:424</date><id>0</id><type>bounding_box</type><polygon><username>anonymous</username><pt><x>3632</x><y>2447</y><time>30-09-20 22:22:56:901</time></pt><pt><x>303</x><y>2447</y><time>30-09-20 22:22:59:669</time></pt><pt><x>303</x><y>661</y><time>undefined</time></pt><pt><x>3632</x><y>661</y><time>undefined</time></pt><closed_date>30-09-20 22:22:59:670</closed_date></polygon></object></annotation>