<annotation><filename>m2_s01_024_p_ic061.jpg</filename><folder>users/joselusava//santiago</folder><source><submittedBy>Jose Saca</submittedBy></source><imagesize><nrows>2850</nrows><ncols>4271</ncols></imagesize><object><name>m2_s01_024_p_ic062</name><deleted>0</deleted><verified>0</verified><occluded>no</occluded><attributes></attributes><parts><hasparts></hasparts><ispartof></ispartof></parts><date>24-09-20 22:28:14:622</date><id>0</id><type>bounding_box</type><polygon><username>anonymous</username><pt><x>1058</x><y>48</y><time>24-09-20 22:28:07:523</time></pt><pt><x>2802</x><y>48</y><time>24-09-20 22:28:09:472</time></pt><pt><x>2802</x><y>2699</y><time>undefined</time></pt><pt><x>1058</x><y>2699</y><time>undefined</time></pt><closed_date>24-09-20 22:28:09:473</closed_date></polygon></object></annotation>