<annotation><filename>m4_s09_138_p_ic062.jpg</filename><folder>users/joselusava//santiago_2</folder><source><submittedBy>Jose Saca</submittedBy></source><imagesize><nrows>2970</nrows><ncols>4451</ncols></imagesize><object><name>m4_s09_138_p_ic062</name><deleted>0</deleted><verified>0</verified><occluded>no</occluded><attributes></attributes><parts><hasparts></hasparts><ispartof></ispartof></parts><date>22-10-20 20:39:44:236</date><id>0</id><type>bounding_box</type><polygon><username>anonymous</username><pt><x>328</x><y>657</y><time>22-10-20 20:39:40:686</time></pt><pt><x>3970</x><y>657</y><time>22-10-20 20:39:42:162</time></pt><pt><x>3970</x><y>2481</y><time>undefined</time></pt><pt><x>328</x><y>2481</y><time>undefined</time></pt><closed_date>22-10-20 20:39:42:163</closed_date></polygon></object></annotation>