<annotation><filename>m4_s06_089_p_ic086.jpg</filename><folder>users/joselusava//santiago_2</folder><source><submittedBy>Jose Saca</submittedBy></source><imagesize><nrows>2970</nrows><ncols>4451</ncols></imagesize><object><name>m4_s06_089_p_ic086</name><deleted>0</deleted><verified>0</verified><occluded>no</occluded><attributes></attributes><parts><hasparts></hasparts><ispartof></ispartof></parts><date>11-10-20 21:57:52:114</date><id>0</id><type>bounding_box</type><polygon><username>anonymous</username><pt><x>1725</x><y>248</y><time>11-10-20 21:57:48:245</time></pt><pt><x>2811</x><y>248</y><time>11-10-20 21:57:49:962</time></pt><pt><x>2811</x><y>2680</y><time>undefined</time></pt><pt><x>1725</x><y>2680</y><time>undefined</time></pt><closed_date>11-10-20 21:57:49:963</closed_date></polygon></object></annotation>