<annotation><filename>m2_s01_054_p_ic026.jpg</filename><folder>users/joselusava//kath</folder><source><submittedBy>Jose Saca</submittedBy></source><imagesize><nrows>2850</nrows><ncols>4271</ncols></imagesize><object><name>m2_s01_054_p_ic026</name><deleted>0</deleted><verified>0</verified><occluded>no</occluded><attributes></attributes><parts><hasparts></hasparts><ispartof></ispartof></parts><date>29-09-20 21:53:09:026</date><id>0</id><type>bounding_box</type><polygon><username>anonymous</username><pt><x>2667</x><y>386</y><time>29-09-20 21:53:03:014</time></pt><pt><x>1397</x><y>386</y><time>29-09-20 21:53:05:738</time></pt><pt><x>1397</x><y>2380</y><time>undefined</time></pt><pt><x>2667</x><y>2380</y><time>undefined</time></pt><closed_date>29-09-20 21:53:05:739</closed_date></polygon></object></annotation>