<annotation><filename>m4_s10_164_p_ic033.jpg</filename><folder>users/joselusava//santiago_2</folder><source><submittedBy>Jose Saca</submittedBy></source><imagesize><nrows>2970</nrows><ncols>4451</ncols></imagesize><object><name>m4_s10_164_p_ic033</name><deleted>0</deleted><verified>0</verified><occluded>no</occluded><attributes></attributes><parts><hasparts></hasparts><ispartof></ispartof></parts><date>13-10-20 22:23:11:712</date><id>0</id><type>bounding_box</type><polygon><username>anonymous</username><pt><x>1828</x><y>964</y><time>13-10-20 22:23:08:111</time></pt><pt><x>2481</x><y>964</y><time>13-10-20 22:23:08:991</time></pt><pt><x>2481</x><y>1860</y><time>undefined</time></pt><pt><x>1828</x><y>1860</y><time>undefined</time></pt><closed_date>13-10-20 22:23:08:992</closed_date></polygon></object></annotation>