<annotation><filename>m1_s02_065_p_nic069.jpg</filename><folder>users/joselusava//valeria/sala2_065_nic</folder><source><submittedBy>Jose Saca</submittedBy></source><imagesize><nrows>2000</nrows><ncols>2992</ncols></imagesize><object><name>m1_s02_065_p_nic069</name><deleted>0</deleted><verified>0</verified><occluded>no</occluded><attributes></attributes><parts><hasparts></hasparts><ispartof></ispartof></parts><date>27-08-20 23:56:40:940</date><id>0</id><type>bounding_box</type><polygon><username>anonymous</username><pt><x>2403</x><y>1735</y><time>27-08-20 23:56:35:111</time></pt><pt><x>909</x><y>1735</y><time>27-08-20 23:56:37:114</time></pt><pt><x>909</x><y>1141</y><time>undefined</time></pt><pt><x>2403</x><y>1141</y><time>undefined</time></pt><closed_date>27-08-20 23:56:37:115</closed_date></polygon></object></annotation>