<annotation><filename>m2_s01_018_p_ic054.jpg</filename><folder>users/joselusava//santiago_2</folder><source><submittedBy>Jose Saca</submittedBy></source><imagesize><nrows>2850</nrows><ncols>4271</ncols></imagesize><object><name>m2_s01_018_p_ic054</name><deleted>0</deleted><verified>0</verified><occluded>no</occluded><attributes></attributes><parts><hasparts></hasparts><ispartof></ispartof></parts><date>28-09-20 17:36:58:890</date><id>0</id><type>bounding_box</type><polygon><username>anonymous</username><pt><x>1452</x><y>850</y><time>28-09-20 17:36:51:053</time></pt><pt><x>2584</x><y>850</y><time>28-09-20 17:36:53:103</time></pt><pt><x>2584</x><y>2148</y><time>undefined</time></pt><pt><x>1452</x><y>2148</y><time>undefined</time></pt><closed_date>28-09-20 17:36:53:104</closed_date></polygon></object></annotation>