<annotation><filename>m1_s01_004_p_nic077.jpg</filename><folder>users/joselusava//valeria_apoyo/sala01_004_nic</folder><source><submittedBy>Jose Saca</submittedBy></source><imagesize><nrows>3200</nrows><ncols>4800</ncols></imagesize><object><name>m1_s01_004_p_nic077</name><deleted>0</deleted><verified>0</verified><occluded>no</occluded><attributes></attributes><parts><hasparts></hasparts><ispartof></ispartof></parts><date>17-09-20 20:07:27:039</date><id>0</id><type>bounding_box</type><polygon><username>anonymous</username><pt><x>333</x><y>2558</y><time>17-09-20 20:07:19:097</time></pt><pt><x>2897</x><y>2558</y><time>17-09-20 20:07:21:851</time></pt><pt><x>2897</x><y>1570</y><time>undefined</time></pt><pt><x>333</x><y>1570</y><time>undefined</time></pt><closed_date>17-09-20 20:07:21:852</closed_date></polygon></object></annotation>