<annotation><filename>m1_s06_144_p_ic003.jpg</filename><folder>users/joselusava//jacob_2/144ic</folder><source><submittedBy>Jose Saca</submittedBy></source><imagesize><nrows>2736</nrows><ncols>4100</ncols></imagesize><object><name>m1_s06_144_p_ic003</name><deleted>0</deleted><verified>0</verified><occluded>no</occluded><attributes></attributes><parts><hasparts></hasparts><ispartof></ispartof></parts><date>07-09-20 02:14:54:416</date><id>0</id><type>bounding_box</type><polygon><username>anonymous</username><pt><x>1080</x><y>2619</y><time>07-09-20 02:14:50:479</time></pt><pt><x>2995</x><y>2619</y><time>07-09-20 02:14:53:630</time></pt><pt><x>2995</x><y>90</y><time>undefined</time></pt><pt><x>1080</x><y>90</y><time>undefined</time></pt><closed_date>07-09-20 02:14:53:631</closed_date></polygon></object></annotation>