<annotation><filename>m2_s07_264_p_ic029.jpg</filename><folder>users/joselusava//valeria/sala7_264_ic</folder><source><submittedBy>Jose Saca</submittedBy></source><imagesize><nrows>2910</nrows><ncols>4361</ncols></imagesize><object><name>m2_s07_264_p_ic029</name><deleted>0</deleted><verified>0</verified><occluded>no</occluded><attributes></attributes><parts><hasparts></hasparts><ispartof></ispartof></parts><date>22-09-20 19:29:55:465</date><id>0</id><type>bounding_box</type><polygon><username>anonymous</username><pt><x>2916</x><y>2486</y><time>22-09-20 19:29:50:045</time></pt><pt><x>1317</x><y>2486</y><time>22-09-20 19:29:52:423</time></pt><pt><x>1317</x><y>309</y><time>undefined</time></pt><pt><x>2916</x><y>309</y><time>undefined</time></pt><closed_date>22-09-20 19:29:52:424</closed_date></polygon></object></annotation>