<annotation><filename>m1_s06_141_p_ic040.jpg</filename><folder>users/joselusava//jacob_2/141ic</folder><source><submittedBy>Jose Saca</submittedBy></source><imagesize><nrows>2736</nrows><ncols>4100</ncols></imagesize><object><name>m1_s06_141_p_ic040</name><deleted>0</deleted><verified>0</verified><occluded>no</occluded><attributes></attributes><parts><hasparts></hasparts><ispartof></ispartof></parts><date>04-09-20 22:37:30:561</date><id>0</id><type>bounding_box</type><polygon><username>anonymous</username><pt><x>1424</x><y>2439</y><time>04-09-20 22:37:28:033</time></pt><pt><x>2619</x><y>2439</y><time>04-09-20 22:37:29:679</time></pt><pt><x>2619</x><y>278</y><time>undefined</time></pt><pt><x>1424</x><y>278</y><time>undefined</time></pt><closed_date>04-09-20 22:37:29:679</closed_date></polygon></object></annotation>