<annotation><filename>m4_s12_185_p_ic039.jpg</filename><folder>users/joselusava//valeria/m04_s12_185_ic</folder><source><submittedBy>Jose Saca</submittedBy></source><imagesize><nrows>2910</nrows><ncols>4361</ncols></imagesize><object><name>m4_s12_185_p_ic039</name><deleted>0</deleted><verified>0</verified><occluded>no</occluded><attributes></attributes><parts><hasparts></hasparts><ispartof></ispartof></parts><date>17-10-20 17:02:03:140</date><id>0</id><type>bounding_box</type><polygon><username>anonymous</username><pt><x>3643</x><y>2591</y><time>17-10-20 17:01:56:718</time></pt><pt><x>856</x><y>2591</y><time>17-10-20 17:01:59:379</time></pt><pt><x>856</x><y>241</y><time>undefined</time></pt><pt><x>3643</x><y>241</y><time>undefined</time></pt><closed_date>17-10-20 17:01:59:381</closed_date></polygon></object></annotation>