<annotation><filename>m1_s01_001_p_nic058.jpg</filename><folder>users/joselusava//juancarlos</folder><source><submittedBy>Jose Saca</submittedBy></source><imagesize><nrows>3200</nrows><ncols>4800</ncols></imagesize><object><name>m1_s01_001_p_nic058</name><deleted>0</deleted><verified>0</verified><occluded>no</occluded><attributes></attributes><parts><hasparts></hasparts><ispartof></ispartof></parts><date>09-09-20 17:08:50:934</date><id>0</id><type>bounding_box</type><polygon><username>anonymous</username><pt><x>485</x><y>2485</y><time>09-09-20 17:08:38:217</time></pt><pt><x>1636</x><y>2485</y><time>09-09-20 17:08:41:122</time></pt><pt><x>1636</x><y>3073</y><time>undefined</time></pt><pt><x>485</x><y>3073</y><time>undefined</time></pt><closed_date>09-09-20 17:08:41:123</closed_date></polygon></object></annotation>