<annotation><filename>m2_s01_018_p_ic083.jpg</filename><folder>users/joselusava//santiago_2</folder><source><submittedBy>Jose Saca</submittedBy></source><imagesize><nrows>2850</nrows><ncols>4271</ncols></imagesize><object><name>m2_s01_018_p_ic083</name><deleted>0</deleted><verified>0</verified><occluded>no</occluded><attributes></attributes><parts><hasparts></hasparts><ispartof></ispartof></parts><date>28-09-20 18:15:33:337</date><id>0</id><type>bounding_box</type><polygon><username>anonymous</username><pt><x>1664</x><y>683</y><time>28-09-20 18:15:29:803</time></pt><pt><x>2741</x><y>683</y><time>28-09-20 18:15:31:320</time></pt><pt><x>2741</x><y>2058</y><time>undefined</time></pt><pt><x>1664</x><y>2058</y><time>undefined</time></pt><closed_date>28-09-20 18:15:31:322</closed_date></polygon></object></annotation>