<annotation><filename>m1_s01_021_p_ic017.jpg</filename><folder>users/joselusava//santiago</folder><source><submittedBy>Jose Saca</submittedBy></source><imagesize><nrows>3200</nrows><ncols>4800</ncols></imagesize><object><name>m1_s01_021_p_ic017</name><deleted>0</deleted><verified>0</verified><occluded>no</occluded><attributes></attributes><parts><hasparts></hasparts><ispartof></ispartof></parts><date>14-09-20 22:07:44:615</date><id>0</id><type>bounding_box</type><polygon><username>anonymous</username><pt><x>1749</x><y>939</y><time>14-09-20 22:07:35:116</time></pt><pt><x>3132</x><y>939</y><time>14-09-20 22:07:38:003</time></pt><pt><x>3132</x><y>2685</y><time>undefined</time></pt><pt><x>1749</x><y>2685</y><time>undefined</time></pt><closed_date>14-09-20 22:07:38:004</closed_date></polygon></object></annotation>