<annotation><filename>m3_s01_023_p_nic051.jpg</filename><folder>users/joselusava//santiago_3</folder><source><submittedBy>Jose Saca</submittedBy></source><imagesize><nrows>2970</nrows><ncols>4451</ncols></imagesize><object><name>m3_s01_023_p_nic051</name><deleted>0</deleted><verified>0</verified><occluded>no</occluded><attributes></attributes><parts><hasparts></hasparts><ispartof></ispartof></parts><date>06-11-20 09:36:28:776</date><id>0</id><type>bounding_box</type><polygon><username>anonymous</username><pt><x>214</x><y>382</y><time>06-11-20 09:36:24:838</time></pt><pt><x>2424</x><y>382</y><time>06-11-20 09:36:26:513</time></pt><pt><x>2424</x><y>2592</y><time>undefined</time></pt><pt><x>214</x><y>2592</y><time>undefined</time></pt><closed_date>06-11-20 09:36:26:515</closed_date></polygon></object></annotation>