<annotation><filename>m1_s01_017_p_ic087.jpg</filename><folder>users/joselusava//santiago</folder><source><submittedBy>Jose Saca</submittedBy></source><imagesize><nrows>3200</nrows><ncols>4800</ncols></imagesize><object><name>m1_s01_017_p_ic087</name><deleted>0</deleted><verified>0</verified><occluded>no</occluded><attributes></attributes><parts><hasparts></hasparts><ispartof></ispartof></parts><date>10-09-20 23:12:51:811</date><id>0</id><type>bounding_box</type><polygon><username>anonymous</username><pt><x>1328</x><y>1083</y><time>10-09-20 23:12:42:204</time></pt><pt><x>2930</x><y>1083</y><time>10-09-20 23:12:44:311</time></pt><pt><x>2930</x><y>2476</y><time>undefined</time></pt><pt><x>1328</x><y>2476</y><time>undefined</time></pt><closed_date>10-09-20 23:12:44:312</closed_date></polygon></object></annotation>