<annotation><filename>m2_s06_244_p_ic061.jpg</filename><folder>users/joselusava//museos2020</folder><source><submittedBy>Jose Saca</submittedBy></source><imagesize><nrows>2910</nrows><ncols>4361</ncols></imagesize><object><name>m2_s06_244_p_ic061</name><deleted>0</deleted><verified>0</verified><occluded>no</occluded><attributes></attributes><parts><hasparts></hasparts><ispartof></ispartof></parts><date>22-09-20 14:36:11:293</date><id>0</id><type>bounding_box</type><polygon><username>anonymous</username><pt><x>1011</x><y>989</y><time>22-09-20 14:36:01:315</time></pt><pt><x>3698</x><y>989</y><time>22-09-20 14:36:05:159</time></pt><pt><x>3698</x><y>2143</y><time>undefined</time></pt><pt><x>1011</x><y>2143</y><time>undefined</time></pt><closed_date>22-09-20 14:36:05:160</closed_date></polygon></object></annotation>