<annotation><filename>m4_s10_157_p_ic078.jpg</filename><folder>users/joselusava//valeria/m04_s10_157_ic</folder><source><submittedBy>Jose Saca</submittedBy></source><imagesize><nrows>2970</nrows><ncols>4451</ncols></imagesize><object><name>m4_s10_157_p_ic078</name><deleted>0</deleted><verified>0</verified><occluded>no</occluded><attributes></attributes><parts><hasparts>0</hasparts><ispartof>0</ispartof></parts><date>12-10-20 18:09:51:207</date><id>0</id><type>bounding_box</type><polygon><username>anonymous</username><pt><x>1176</x><y>2604</y><time>12-10-20 18:09:45:358</time></pt><pt><x>3229</x><y>2604</y><time>12-10-20 18:09:48:080</time></pt><pt><x>3229</x><y>326</y><time>undefined</time></pt><pt><x>1176</x><y>326</y><time>undefined</time></pt><closed_date>12-10-20 18:09:48:081</closed_date></polygon></object></annotation>