<annotation><filename>img_m1_s03-04_108_p_nic084.jpg</filename><folder>users/joselusava//valeria/sala3y4_108_nic</folder><source><submittedBy>Jose Saca</submittedBy></source><imagesize><nrows>3200</nrows><ncols>4800</ncols></imagesize><object><name>m1_s03_s04_108_p_nic084</name><deleted>0</deleted><verified>0</verified><occluded>no</occluded><attributes></attributes><parts><hasparts></hasparts><ispartof></ispartof></parts><date>02-09-20 21:24:29:163</date><id>0</id><type>bounding_box</type><polygon><username>anonymous</username><pt><x>2491</x><y>2376</y><time>02-09-20 21:24:17:056</time></pt><pt><x>30</x><y>2376</y><time>02-09-20 21:24:19:861</time></pt><pt><x>30</x><y>1515</y><time>undefined</time></pt><pt><x>2491</x><y>1515</y><time>undefined</time></pt><closed_date>02-09-20 21:24:19:862</closed_date></polygon></object></annotation>