<annotation><filename>m2_s02_157_x.jpg</filename><folder>users/joselusava//m2_jsv</folder><source><submittedBy>Jose Saca</submittedBy></source><imagesize><nrows>2910</nrows><ncols>4361</ncols></imagesize><object><name>m2_s02_157_x</name><deleted>0</deleted><verified>0</verified><occluded>no</occluded><attributes></attributes><parts><hasparts></hasparts><ispartof></ispartof></parts><date>19-09-20 23:45:54:370</date><id>0</id><type>bounding_box</type><polygon><username>anonymous</username><pt><x>3708</x><y>2725</y><time>19-09-20 23:45:52:314</time></pt><pt><x>696</x><y>2725</y><time>19-09-20 23:45:53:540</time></pt><pt><x>696</x><y>244</y><time>undefined</time></pt><pt><x>3708</x><y>244</y><time>undefined</time></pt><closed_date>19-09-20 23:45:53:540</closed_date></polygon></object></annotation>