<annotation><filename>m3_s01_023_p_ic041.jpg</filename><folder>users/joselusava//santiago_3</folder><source><submittedBy>Jose Saca</submittedBy></source><imagesize><nrows>2970</nrows><ncols>4451</ncols></imagesize><object><name>m3_s01_023_p_ic041</name><deleted>0</deleted><verified>0</verified><occluded>no</occluded><attributes></attributes><parts><hasparts></hasparts><ispartof></ispartof></parts><date>04-11-20 19:13:39:204</date><id>0</id><type>bounding_box</type><polygon><username>anonymous</username><pt><x>518</x><y>336</y><time>04-11-20 19:13:35:466</time></pt><pt><x>4244</x><y>336</y><time>04-11-20 19:13:37:016</time></pt><pt><x>4244</x><y>2399</y><time>undefined</time></pt><pt><x>518</x><y>2399</y><time>undefined</time></pt><closed_date>04-11-20 19:13:37:016</closed_date></polygon></object></annotation>