<annotation><filename>m4_s02_021_p_nic083.jpg</filename><folder>users/joselusava//santiago_2</folder><source><submittedBy>Jose Saca</submittedBy></source><imagesize><nrows>2910</nrows><ncols>4361</ncols></imagesize><object><name>m4_s02_021_p_nic083</name><deleted>0</deleted><verified>0</verified><occluded>no</occluded><attributes></attributes><parts><hasparts></hasparts><ispartof></ispartof></parts><date>05-10-20 11:51:02:419</date><id>0</id><type>bounding_box</type><polygon><username>anonymous</username><pt><x>2726</x><y>568</y><time>05-10-20 11:50:57:074</time></pt><pt><x>3648</x><y>568</y><time>05-10-20 11:50:59:019</time></pt><pt><x>3648</x><y>2325</y><time>undefined</time></pt><pt><x>2726</x><y>2325</y><time>undefined</time></pt><closed_date>05-10-20 11:50:59:019</closed_date></polygon></object></annotation>