<annotation><filename>m2_s01_034_p_ic022.jpg</filename><folder>users/joselusava//kath</folder><source><submittedBy>Jose Saca</submittedBy></source><imagesize><nrows>2850</nrows><ncols>4271</ncols></imagesize><object><name>m2_s01_034_p_ic022</name><deleted>0</deleted><verified>0</verified><occluded>no</occluded><attributes></attributes><parts><hasparts></hasparts><ispartof></ispartof></parts><date>23-09-20 22:55:09:807</date><id>0</id><type>bounding_box</type><polygon><username>anonymous</username><pt><x>1320</x><y>225</y><time>23-09-20 22:55:00:706</time></pt><pt><x>2815</x><y>225</y><time>23-09-20 22:55:06:571</time></pt><pt><x>2815</x><y>2485</y><time>undefined</time></pt><pt><x>1320</x><y>2485</y><time>undefined</time></pt><closed_date>23-09-20 22:55:06:572</closed_date></polygon></object></annotation>