<annotation><filename>m1_s01_017_p_ic030.jpg</filename><folder>users/joselusava//santiago</folder><source><submittedBy>Jose Saca</submittedBy></source><imagesize><nrows>3200</nrows><ncols>4800</ncols></imagesize><object><name>m1_s01_017_p_ic030</name><deleted>0</deleted><verified>0</verified><occluded>no</occluded><attributes></attributes><parts><hasparts></hasparts><ispartof></ispartof></parts><date>10-09-20 14:56:22:406</date><id>0</id><type>bounding_box</type><polygon><username>anonymous</username><pt><x>1739</x><y>1019</y><time>10-09-20 14:56:08:396</time></pt><pt><x>3369</x><y>1019</y><time>10-09-20 14:56:12:334</time></pt><pt><x>3369</x><y>1944</y><time>undefined</time></pt><pt><x>1739</x><y>1944</y><time>undefined</time></pt><closed_date>10-09-20 14:56:12:335</closed_date></polygon></object></annotation>