<annotation><filename>m2_s03_252_p_ic038.jpg</filename><folder>users/joselusava//valeria/m2_sala03_252_ic</folder><source><submittedBy>Jose Saca</submittedBy></source><imagesize><nrows>2910</nrows><ncols>4361</ncols></imagesize><object><name>m2_s06_252_p_ic036</name><deleted>0</deleted><verified>0</verified><occluded>no</occluded><attributes/><parts><hasparts/><ispartof/></parts><date>25-09-20 22:38:08:159</date><id>0</id><type>bounding_box</type><polygon><username>anonymous</username><pt><x>777</x><y>2800</y><time>25-09-20 22:38:01:262</time></pt><pt><x>3825</x><y>2800</y><time>25-09-20 22:38:03:854</time></pt><pt><x>3825</x><y>964</y><time>undefined</time></pt><pt><x>777</x><y>964</y><time>undefined</time></pt><closed_date>25-09-20 22:38:03:855</closed_date></polygon></object><object><name>m2_s06_252_p_ic038</name><deleted>0</deleted><verified>0</verified><occluded>no</occluded><attributes></attributes><parts><hasparts></hasparts><ispartof></ispartof></parts><date>26-09-20 23:43:59:129</date><id>1</id><type>bounding_box</type><polygon><username>anonymous</username><pt><x>755</x><y>948</y><time>26-09-20 23:43:52:134</time></pt><pt><x>3836</x><y>948</y><time>26-09-20 23:43:54:413</time></pt><pt><x>3836</x><y>2794</y><time>undefined</time></pt><pt><x>755</x><y>2794</y><time>undefined</time></pt><closed_date>26-09-20 23:43:54:413</closed_date></polygon></object></annotation>