<annotation><filename>m1_s01_001_p_nic094.jpg</filename><folder>users/joselusava//juancarlos</folder><source><submittedBy>Jose Saca</submittedBy></source><imagesize><nrows>3200</nrows><ncols>4800</ncols></imagesize><object><name>m1_s01_001_p_nic094</name><deleted>0</deleted><verified>0</verified><occluded>no</occluded><attributes></attributes><parts><hasparts></hasparts><ispartof></ispartof></parts><date>12-09-20 08:38:07:094</date><id>0</id><type>bounding_box</type><polygon><username>anonymous</username><pt><x>544</x><y>1969</y><time>12-09-20 08:37:51:571</time></pt><pt><x>1863</x><y>1969</y><time>12-09-20 08:37:57:703</time></pt><pt><x>1863</x><y>2790</y><time>undefined</time></pt><pt><x>544</x><y>2790</y><time>undefined</time></pt><closed_date>12-09-20 08:37:57:705</closed_date></polygon></object></annotation>