<annotation><filename>m2_s06_250_p_ic040.jpg</filename><folder>users/joselusava//valeria/m2_sala06_250_ic</folder><source><submittedBy>Jose Saca</submittedBy></source><imagesize><nrows>2910</nrows><ncols>4361</ncols></imagesize><object><name>m2_s06_250_p_ic040</name><deleted>0</deleted><verified>0</verified><occluded>no</occluded><attributes></attributes><parts><hasparts></hasparts><ispartof></ispartof></parts><date>30-09-20 22:38:37:154</date><id>0</id><type>bounding_box</type><polygon><username>anonymous</username><pt><x>3720</x><y>2276</y><time>30-09-20 22:38:30:709</time></pt><pt><x>1119</x><y>2276</y><time>30-09-20 22:38:33:859</time></pt><pt><x>1119</x><y>805</y><time>undefined</time></pt><pt><x>3720</x><y>805</y><time>undefined</time></pt><closed_date>30-09-20 22:38:33:860</closed_date></polygon></object></annotation>