<annotation><filename>m1_s06_141_p_nic061.jpg</filename><folder>users/joselusava//jacob_2/141nic</folder><source><submittedBy>Jose Saca</submittedBy></source><imagesize><nrows>2736</nrows><ncols>4100</ncols></imagesize><object><name>m1_s06_141_p_nic061</name><deleted>0</deleted><verified>0</verified><occluded>no</occluded><attributes></attributes><parts><hasparts></hasparts><ispartof></ispartof></parts><date>05-09-20 19:54:28:602</date><id>0</id><type>bounding_box</type><polygon><username>anonymous</username><pt><x>2877</x><y>978</y><time>05-09-20 19:54:25:147</time></pt><pt><x>3717</x><y>978</y><time>05-09-20 19:54:27:802</time></pt><pt><x>3717</x><y>2502</y><time>undefined</time></pt><pt><x>2877</x><y>2502</y><time>undefined</time></pt><closed_date>05-09-20 19:54:27:802</closed_date></polygon></object></annotation>