<annotation><filename>m2_s01_001_p_ic083.jpg</filename><folder>users/joselusava//santiago</folder><source><submittedBy>Jose Saca</submittedBy></source><imagesize><nrows>2850</nrows><ncols>4271</ncols></imagesize><object><name>m2_s01_001_p_ic083</name><deleted>0</deleted><verified>0</verified><occluded>no</occluded><attributes></attributes><parts><hasparts></hasparts><ispartof></ispartof></parts><date>19-09-20 10:33:01:832</date><id>0</id><type>bounding_box</type><polygon><username>anonymous</username><pt><x>1135</x><y>452</y><time>19-09-20 10:32:45:609</time></pt><pt><x>3366</x><y>452</y><time>19-09-20 10:32:50:701</time></pt><pt><x>3366</x><y>2594</y><time>undefined</time></pt><pt><x>1135</x><y>2594</y><time>undefined</time></pt><closed_date>19-09-20 10:32:50:703</closed_date></polygon></object></annotation>