<annotation><filename>m1_s01_005_p_ic064.jpg</filename><folder>users/joselusava//jacob/sala1/ic</folder><source><submittedBy>Jose Saca</submittedBy></source><imagesize><nrows>2000</nrows><ncols>2992</ncols></imagesize><object><name>m1_s01_005_p_ic064</name><deleted>0</deleted><verified>0</verified><occluded>no</occluded><attributes></attributes><parts><hasparts></hasparts><ispartof></ispartof></parts><date>14-09-20 20:44:34:075</date><id>0</id><type>bounding_box</type><polygon><username>anonymous</username><pt><x>964</x><y>452</y><time>14-09-20 20:44:32:099</time></pt><pt><x>1802</x><y>452</y><time>14-09-20 20:44:33:552</time></pt><pt><x>1802</x><y>1326</y><time>undefined</time></pt><pt><x>964</x><y>1326</y><time>undefined</time></pt><closed_date>14-09-20 20:44:33:552</closed_date></polygon></object></annotation>