<annotation><filename>m2_s01_018_p_ic004.jpg</filename><folder>users/joselusava//santiago_2</folder><source><submittedBy>Jose Saca</submittedBy></source><imagesize><nrows>3000</nrows><ncols>4496</ncols></imagesize><object><name>m2_s01_018_p_ic004</name><deleted>0</deleted><verified>0</verified><occluded>no</occluded><attributes></attributes><parts><hasparts></hasparts><ispartof></ispartof></parts><date>26-09-20 18:22:10:603</date><id>0</id><type>bounding_box</type><polygon><username>anonymous</username><pt><x>1593</x><y>975</y><time>26-09-20 18:22:02:027</time></pt><pt><x>2841</x><y>975</y><time>26-09-20 18:22:03:640</time></pt><pt><x>2841</x><y>2204</y><time>undefined</time></pt><pt><x>1593</x><y>2204</y><time>undefined</time></pt><closed_date>26-09-20 18:22:03:641</closed_date></polygon></object></annotation>