<annotation><filename>m1_s01_004_p_ic092.jpg</filename><folder>users/joselusava//valeria_apoyo/sala001_004ic_ok</folder><source><submittedBy>Jose Saca</submittedBy></source><imagesize><nrows>2000</nrows><ncols>2992</ncols></imagesize><object><name>m1_s01_004_p_ic092</name><deleted>0</deleted><verified>0</verified><occluded>no</occluded><attributes></attributes><parts><hasparts></hasparts><ispartof></ispartof></parts><date>16-09-20 16:56:47:774</date><id>0</id><type>bounding_box</type><polygon><username>anonymous</username><pt><x>133</x><y>1602</y><time>16-09-20 16:56:41:419</time></pt><pt><x>2367</x><y>1602</y><time>16-09-20 16:56:44:083</time></pt><pt><x>2367</x><y>580</y><time>undefined</time></pt><pt><x>133</x><y>580</y><time>undefined</time></pt><closed_date>16-09-20 16:56:44:084</closed_date></polygon></object></annotation>