<annotation><filename>m1_s02_036_p_nic082.jpg</filename><folder>users/joselusava//valeria/sala2_036_nic</folder><source><submittedBy>Jose Saca</submittedBy></source><imagesize><nrows>3200</nrows><ncols>4800</ncols></imagesize><object><name>m1_s02_036_p_nic082</name><deleted>0</deleted><verified>0</verified><occluded>no</occluded><attributes></attributes><parts><hasparts></hasparts><ispartof></ispartof></parts><date>27-08-20 12:49:16:690</date><id>0</id><type>bounding_box</type><polygon><username>anonymous</username><pt><x>1530</x><y>2148</y><time>27-08-20 12:49:10:766</time></pt><pt><x>693</x><y>2148</y><time>27-08-20 12:49:13:065</time></pt><pt><x>693</x><y>999</y><time>undefined</time></pt><pt><x>1530</x><y>999</y><time>undefined</time></pt><closed_date>27-08-20 12:49:13:066</closed_date></polygon></object></annotation>