<annotation><filename>m3_s01_002_p_nic070.jpg</filename><folder>users/joselusava//santiago_3</folder><source><submittedBy>Jose Saca</submittedBy></source><imagesize><nrows>2970</nrows><ncols>4451</ncols></imagesize><object><name>m3_s01_002_p_nic070</name><deleted>0</deleted><verified>0</verified><occluded>no</occluded><attributes></attributes><parts><hasparts></hasparts><ispartof></ispartof></parts><date>29-10-20 20:59:45:245</date><id>0</id><type>bounding_box</type><polygon><username>anonymous</username><pt><x>314</x><y>371</y><time>29-10-20 20:59:42:166</time></pt><pt><x>2106</x><y>371</y><time>29-10-20 20:59:43:240</time></pt><pt><x>2106</x><y>1846</y><time>undefined</time></pt><pt><x>314</x><y>1846</y><time>undefined</time></pt><closed_date>29-10-20 20:59:43:240</closed_date></polygon></object></annotation>