<annotation><filename>m4_s12_186_p_ic090.jpg</filename><folder>users/joselusava//m4_js/186/ic</folder><source><submittedBy>Jose Saca</submittedBy></source><imagesize><nrows>3899</nrows><ncols>5844</ncols></imagesize><object><name>m4_s12_186_p_ic090</name><deleted>0</deleted><verified>0</verified><occluded>no</occluded><attributes></attributes><parts><hasparts></hasparts><ispartof></ispartof></parts><date>18-10-20 11:13:51:606</date><id>0</id><type>bounding_box</type><polygon><username>anonymous</username><pt><x>4024</x><y>3558</y><time>18-10-20 11:13:49:907</time></pt><pt><x>2123</x><y>3558</y><time>18-10-20 11:13:50:999</time></pt><pt><x>2123</x><y>537</y><time>undefined</time></pt><pt><x>4024</x><y>537</y><time>undefined</time></pt><closed_date>18-10-20 11:13:50:999</closed_date></polygon></object></annotation>