<annotation><filename>m4_s04_037_p_nic062.jpg</filename><folder>users/joselusava//santiago_2</folder><source><submittedBy>Jose Saca</submittedBy></source><imagesize><nrows>2970</nrows><ncols>4451</ncols></imagesize><object><name>m4_s04_037_p_nic062</name><deleted>0</deleted><verified>0</verified><occluded>no</occluded><attributes></attributes><parts><hasparts></hasparts><ispartof></ispartof></parts><date>19-10-20 22:35:02:586</date><id>0</id><type>bounding_box</type><polygon><username>anonymous</username><pt><x>3109</x><y>1271</y><time>19-10-20 22:34:59:863</time></pt><pt><x>3877</x><y>1271</y><time>19-10-20 22:35:00:585</time></pt><pt><x>3877</x><y>2567</y><time>undefined</time></pt><pt><x>3109</x><y>2567</y><time>undefined</time></pt><closed_date>19-10-20 22:35:00:586</closed_date></polygon></object></annotation>