<annotation><filename>m1_s01_021_p_ic012.jpg</filename><folder>users/joselusava//santiago</folder><source><submittedBy>Jose Saca</submittedBy></source><imagesize><nrows>3200</nrows><ncols>4800</ncols></imagesize><object><name>m1_s01_021_p_ic012</name><deleted>0</deleted><verified>0</verified><occluded>no</occluded><attributes></attributes><parts><hasparts></hasparts><ispartof></ispartof></parts><date>14-09-20 22:01:32:173</date><id>0</id><type>bounding_box</type><polygon><username>anonymous</username><pt><x>1955</x><y>907</y><time>14-09-20 22:01:23:707</time></pt><pt><x>3056</x><y>907</y><time>14-09-20 22:01:26:327</time></pt><pt><x>3056</x><y>2343</y><time>undefined</time></pt><pt><x>1955</x><y>2343</y><time>undefined</time></pt><closed_date>14-09-20 22:01:26:328</closed_date></polygon></object></annotation>