<annotation><filename>m4_s04_039_p_ic078.jpg</filename><folder>users/joselusava//santiago_2</folder><source><submittedBy>Jose Saca</submittedBy></source><imagesize><nrows>2970</nrows><ncols>4451</ncols></imagesize><object><name>m4_s04_039_p_ic078</name><deleted>0</deleted><verified>0</verified><occluded>no</occluded><attributes></attributes><parts><hasparts></hasparts><ispartof></ispartof></parts><date>21-10-20 15:57:34:965</date><id>0</id><type>bounding_box</type><polygon><username>anonymous</username><pt><x>1899</x><y>375</y><time>21-10-20 15:57:30:164</time></pt><pt><x>2631</x><y>375</y><time>21-10-20 15:57:32:562</time></pt><pt><x>2631</x><y>2817</y><time>undefined</time></pt><pt><x>1899</x><y>2817</y><time>undefined</time></pt><closed_date>21-10-20 15:57:32:563</closed_date></polygon></object></annotation>