<annotation><filename>m2_s01_001_p_nic091.jpg</filename><folder>users/joselusava//santiago</folder><source><submittedBy>Jose Saca</submittedBy></source><imagesize><nrows>2850</nrows><ncols>4271</ncols></imagesize><object><name>m2_s01_001_p_nic091</name><deleted>0</deleted><verified>0</verified><occluded>no</occluded><attributes></attributes><parts><hasparts></hasparts><ispartof></ispartof></parts><date>19-09-20 23:43:24:838</date><id>0</id><type>bounding_box</type><polygon><username>anonymous</username><pt><x>359</x><y>811</y><time>19-09-20 23:43:14:642</time></pt><pt><x>1882</x><y>811</y><time>19-09-20 23:43:18:064</time></pt><pt><x>1882</x><y>1952</y><time>undefined</time></pt><pt><x>359</x><y>1952</y><time>undefined</time></pt><closed_date>19-09-20 23:43:18:066</closed_date></polygon></object></annotation>