<annotation><filename>m4_s05_060_p_nic028.jpg</filename><folder>users/joselusava//m4_js/60/nic</folder><source><submittedBy>Jose Saca</submittedBy></source><imagesize><nrows>2910</nrows><ncols>4361</ncols></imagesize><object><name>m4_s05_060_p_nic028</name><deleted>0</deleted><verified>0</verified><occluded>no</occluded><attributes></attributes><parts><hasparts></hasparts><ispartof></ispartof></parts><date>13-10-20 23:55:39:242</date><id>0</id><type>bounding_box</type><polygon><username>anonymous</username><pt><x>3726</x><y>2881</y><time>13-10-20 23:55:37:067</time></pt><pt><x>122</x><y>2881</y><time>13-10-20 23:55:38:516</time></pt><pt><x>122</x><y>1071</y><time>undefined</time></pt><pt><x>3726</x><y>1071</y><time>undefined</time></pt><closed_date>13-10-20 23:55:38:516</closed_date></polygon></object></annotation>