<annotation><filename>m1_s01_005_p_nic089.jpg</filename><folder>users/joselusava//museos2020</folder><source><submittedBy>Jose Saca</submittedBy></source><imagesize><nrows>2000</nrows><ncols>2992</ncols></imagesize><object><name>m1_s01_005_p_nic089</name><deleted>0</deleted><verified>0</verified><occluded>no</occluded><attributes></attributes><parts><hasparts></hasparts><ispartof></ispartof></parts><date>14-09-20 12:00:59:214</date><id>0</id><type>bounding_box</type><polygon><username>anonymous</username><pt><x>1879</x><y>1281</y><time>14-09-20 12:00:49:923</time></pt><pt><x>2323</x><y>1281</y><time>14-09-20 12:00:50:876</time></pt><pt><x>2323</x><y>1751</y><time>undefined</time></pt><pt><x>1879</x><y>1751</y><time>undefined</time></pt><closed_date>14-09-20 12:00:50:877</closed_date></polygon></object></annotation>