<annotation><filename>m4_s09_138_p_ic009.jpg</filename><folder>users/joselusava//santiago_2</folder><source><submittedBy>Jose Saca</submittedBy></source><imagesize><nrows>2970</nrows><ncols>4451</ncols></imagesize><object><name>m4_s09_138_p_ic009</name><deleted>0</deleted><verified>0</verified><occluded>no</occluded><attributes></attributes><parts><hasparts></hasparts><ispartof></ispartof></parts><date>22-10-20 13:49:32:517</date><id>0</id><type>bounding_box</type><polygon><username>anonymous</username><pt><x>1114</x><y>560</y><time>22-10-20 13:49:28:851</time></pt><pt><x>3620</x><y>560</y><time>22-10-20 13:49:30:804</time></pt><pt><x>3620</x><y>2277</y><time>undefined</time></pt><pt><x>1114</x><y>2277</y><time>undefined</time></pt><closed_date>22-10-20 13:49:30:805</closed_date></polygon></object></annotation>