<annotation><filename>m3_s01_023_p_nic100.jpg</filename><folder>users/joselusava//santiago_3</folder><source><submittedBy>Jose Saca</submittedBy></source><imagesize><nrows>2970</nrows><ncols>4451</ncols></imagesize><object><name>m3_s01_023_p_nic100</name><deleted>0</deleted><verified>0</verified><occluded>no</occluded><attributes></attributes><parts><hasparts></hasparts><ispartof></ispartof></parts><date>06-11-20 11:56:22:004</date><id>0</id><type>bounding_box</type><polygon><username>anonymous</username><pt><x>2067</x><y>1174</y><time>06-11-20 11:56:19:025</time></pt><pt><x>3770</x><y>1174</y><time>06-11-20 11:56:20:010</time></pt><pt><x>3770</x><y>2738</y><time>undefined</time></pt><pt><x>2067</x><y>2738</y><time>undefined</time></pt><closed_date>06-11-20 11:56:20:011</closed_date></polygon></object></annotation>