<annotation><filename>m1_s02_052_p_nic050.jpg</filename><folder>users/joselusava//valeria/sala2_052_nic</folder><source><submittedBy>Jose Saca</submittedBy></source><imagesize><nrows>3200</nrows><ncols>4800</ncols></imagesize><object><name>m1_s02_052_p_nic050</name><deleted>0</deleted><verified>0</verified><occluded>no</occluded><attributes></attributes><parts><hasparts></hasparts><ispartof></ispartof></parts><date>27-08-20 16:28:00:964</date><id>0</id><type>bounding_box</type><polygon><username>anonymous</username><pt><x>4193</x><y>2293</y><time>27-08-20 16:27:54:710</time></pt><pt><x>2615</x><y>2293</y><time>27-08-20 16:27:57:398</time></pt><pt><x>2615</x><y>977</y><time>undefined</time></pt><pt><x>4193</x><y>977</y><time>undefined</time></pt><closed_date>27-08-20 16:27:57:399</closed_date></polygon></object></annotation>