<annotation><filename>m2_s07_264_p_ic067.jpg</filename><folder>users/joselusava//valeria/sala7_264_ic</folder><source><submittedBy>Jose Saca</submittedBy></source><imagesize><nrows>2910</nrows><ncols>4361</ncols></imagesize><object><name>m2_s07_264_p_ic067</name><deleted>0</deleted><verified>0</verified><occluded>no</occluded><attributes></attributes><parts><hasparts></hasparts><ispartof></ispartof></parts><date>23-09-20 11:44:08:967</date><id>0</id><type>bounding_box</type><polygon><username>anonymous</username><pt><x>1312</x><y>353</y><time>23-09-20 11:44:03:497</time></pt><pt><x>2690</x><y>353</y><time>23-09-20 11:44:05:864</time></pt><pt><x>2690</x><y>2386</y><time>undefined</time></pt><pt><x>1312</x><y>2386</y><time>undefined</time></pt><closed_date>23-09-20 11:44:05:866</closed_date></polygon></object></annotation>