<annotation><filename>m2_s01_001_p_ic077.jpg</filename><folder>users/joselusava//santiago</folder><source><submittedBy>Jose Saca</submittedBy></source><imagesize><nrows>2850</nrows><ncols>4271</ncols></imagesize><object><name>m2_s01_001_p_ic077</name><deleted>0</deleted><verified>0</verified><occluded>no</occluded><attributes></attributes><parts><hasparts></hasparts><ispartof></ispartof></parts><date>19-09-20 10:22:58:852</date><id>0</id><type>bounding_box</type><polygon><username>anonymous</username><pt><x>1035</x><y>561</y><time>19-09-20 10:22:48:956</time></pt><pt><x>3199</x><y>561</y><time>19-09-20 10:22:52:578</time></pt><pt><x>3199</x><y>2549</y><time>undefined</time></pt><pt><x>1035</x><y>2549</y><time>undefined</time></pt><closed_date>19-09-20 10:22:52:578</closed_date></polygon></object></annotation>