<annotation><filename>m2_s06_255_x.jpg</filename><folder>users/joselusava//museos2020</folder><source><submittedBy>Jose Saca</submittedBy></source><imagesize><nrows>2910</nrows><ncols>4361</ncols></imagesize><object><name>m2_s06_255_x</name><deleted>0</deleted><verified>0</verified><occluded>no</occluded><attributes></attributes><parts><hasparts></hasparts><ispartof></ispartof></parts><date>27-09-20 21:59:44:912</date><id>0</id><polygon><username>anonymous</username><pt><x>1130</x><y>948</y><time>27-09-20 21:59:31:818</time></pt><pt><x>669</x><y>2301</y><time>27-09-20 21:59:33:019</time></pt><pt><x>3807</x><y>2106</y><time>27-09-20 21:59:34:755</time></pt><pt><x>3180</x><y>809</y><time>27-09-20 21:59:36:485</time></pt><closed_date>27-09-20 21:59:37:687</closed_date></polygon></object></annotation>