<annotation><filename>m4_s03_025_p_nic084.jpg</filename><folder>users/joselusava//santiago_3</folder><source><submittedBy>Jose Saca</submittedBy></source><imagesize><nrows>2910</nrows><ncols>4361</ncols></imagesize><object><name>m4_s03_025_p_nic084</name><deleted>0</deleted><verified>0</verified><occluded>no</occluded><attributes></attributes><parts><hasparts></hasparts><ispartof></ispartof></parts><date>08-11-20 14:23:46:581</date><id>0</id><type>bounding_box</type><polygon><username>anonymous</username><pt><x>227</x><y>640</y><time>08-11-20 14:23:43:090</time></pt><pt><x>2644</x><y>640</y><time>08-11-20 14:23:44:280</time></pt><pt><x>2644</x><y>2064</y><time>undefined</time></pt><pt><x>227</x><y>2064</y><time>undefined</time></pt><closed_date>08-11-20 14:23:44:280</closed_date></polygon></object></annotation>