<annotation><filename>m4_s09_138_p_ic056.jpg</filename><folder>users/joselusava//santiago_2</folder><source><submittedBy>Jose Saca</submittedBy></source><imagesize><nrows>2970</nrows><ncols>4451</ncols></imagesize><object><name>m4_s09_138_p_ic056</name><deleted>0</deleted><verified>0</verified><occluded>no</occluded><attributes></attributes><parts><hasparts></hasparts><ispartof></ispartof></parts><date>22-10-20 16:46:29:936</date><id>0</id><type>bounding_box</type><polygon><username>anonymous</username><pt><x>389</x><y>732</y><time>22-10-20 16:46:26:554</time></pt><pt><x>4198</x><y>732</y><time>22-10-20 16:46:27:998</time></pt><pt><x>4198</x><y>2599</y><time>undefined</time></pt><pt><x>389</x><y>2599</y><time>undefined</time></pt><closed_date>22-10-20 16:46:27:998</closed_date></polygon></object></annotation>