<annotation><filename>m4_s12_186_p_nic085.jpg</filename><folder>users/joselusava//m4_js/186/nic</folder><source><submittedBy>Jose Saca</submittedBy></source><imagesize><nrows>3899</nrows><ncols>5844</ncols></imagesize><object><name>m4_s12_186_p_nic084</name><deleted>0</deleted><verified>0</verified><occluded>no</occluded><attributes></attributes><parts><hasparts></hasparts><ispartof></ispartof></parts><date>18-10-20 12:18:11:141</date><id>0</id><type>bounding_box</type><polygon><username>anonymous</username><pt><x>5832</x><y>3581</y><time>18-10-20 12:18:08:961</time></pt><pt><x>3266</x><y>3581</y><time>18-10-20 12:18:10:423</time></pt><pt><x>3266</x><y>128</y><time>undefined</time></pt><pt><x>5832</x><y>128</y><time>undefined</time></pt><closed_date>18-10-20 12:18:10:424</closed_date></polygon></object></annotation>