<annotation><filename>m1_s02_052_p_ic032.jpg</filename><folder>users/joselusava//valeria/sala2_052_ic</folder><source><submittedBy>Jose Saca</submittedBy></source><imagesize><nrows>3200</nrows><ncols>4800</ncols></imagesize><object><name>m1_s02_052_p_ic032</name><deleted>0</deleted><verified>0</verified><occluded>no</occluded><attributes></attributes><parts><hasparts></hasparts><ispartof></ispartof></parts><date>25-08-20 17:43:50:132</date><id>0</id><type>bounding_box</type><polygon><username>anonymous</username><pt><x>183</x><y>16</y><time>25-08-20 17:43:41:402</time></pt><pt><x>4424</x><y>16</y><time>25-08-20 17:43:45:666</time></pt><pt><x>4424</x><y>3184</y><time>undefined</time></pt><pt><x>183</x><y>3184</y><time>undefined</time></pt><closed_date>25-08-20 17:43:45:667</closed_date></polygon></object></annotation>