<annotation><filename>m4_s10_157_p_ic026.jpg</filename><folder>users/joselusava//valeria/m04_s10_157_ic</folder><source><submittedBy>Jose Saca</submittedBy></source><imagesize><nrows>2970</nrows><ncols>4451</ncols></imagesize><object><name>m4_s10_157_p_ic026</name><deleted>0</deleted><verified>0</verified><occluded>no</occluded><attributes></attributes><parts><hasparts></hasparts><ispartof></ispartof></parts><date>12-10-20 16:07:17:577</date><id>0</id><type>bounding_box</type><polygon><username>anonymous</username><pt><x>1007</x><y>2874</y><time>12-10-20 16:07:11:316</time></pt><pt><x>3454</x><y>2874</y><time>12-10-20 16:07:13:192</time></pt><pt><x>3454</x><y>264</y><time>undefined</time></pt><pt><x>1007</x><y>264</y><time>undefined</time></pt><closed_date>12-10-20 16:07:13:193</closed_date></polygon></object></annotation>