<annotation><filename>m4_s07_105_p_nic007.jpg</filename><folder>users/joselusava//kath/m4_105/nic</folder><source><submittedBy>Jose Saca</submittedBy></source><imagesize><nrows>2970</nrows><ncols>4451</ncols></imagesize><object><name>m4_s07_105_p_nic007</name><deleted>0</deleted><verified>0</verified><occluded>no</occluded><attributes></attributes><parts><hasparts></hasparts><ispartof></ispartof></parts><date>29-10-20 09:24:58:773</date><id>0</id><type>bounding_box</type><polygon><username>anonymous</username><pt><x>3984</x><y>1692</y><time>29-10-20 09:24:46:999</time></pt><pt><x>3100</x><y>1692</y><time>29-10-20 09:24:49:479</time></pt><pt><x>3100</x><y>115</y><time>undefined</time></pt><pt><x>3984</x><y>115</y><time>undefined</time></pt><closed_date>29-10-20 09:24:49:479</closed_date></polygon></object></annotation>