<annotation><filename>m3_s01_013_p_ic009.jpg</filename><folder>users/joselusava//valeria/m03_s01_13_ic</folder><source><submittedBy>Jose Saca</submittedBy></source><imagesize><nrows>2970</nrows><ncols>4451</ncols></imagesize><object><name>m3_s01_013_p_ic009</name><deleted>0</deleted><verified>0</verified><occluded>no</occluded><attributes></attributes><parts><hasparts></hasparts><ispartof></ispartof></parts><date>28-10-20 22:22:48:750</date><id>0</id><type>bounding_box</type><polygon><username>anonymous</username><pt><x>537</x><y>2610</y><time>28-10-20 22:22:42:897</time></pt><pt><x>3467</x><y>2610</y><time>28-10-20 22:22:45:899</time></pt><pt><x>3467</x><y>166</y><time>undefined</time></pt><pt><x>537</x><y>166</y><time>undefined</time></pt><closed_date>28-10-20 22:22:45:900</closed_date></polygon></object></annotation>