<annotation><filename>m4_s11_178_p_nic011.jpg</filename><folder>users/joselusava//santiago_2</folder><source><submittedBy>Jose Saca</submittedBy></source><imagesize><nrows>2970</nrows><ncols>4451</ncols></imagesize><object><name>m4_s11_178_p_nic011</name><deleted>0</deleted><verified>0</verified><occluded>no</occluded><attributes></attributes><parts><hasparts></hasparts><ispartof></ispartof></parts><date>15-10-20 23:02:57:302</date><id>0</id><type>bounding_box</type><polygon><username>anonymous</username><pt><x>1742</x><y>164</y><time>15-10-20 23:02:52:966</time></pt><pt><x>3113</x><y>164</y><time>15-10-20 23:02:55:143</time></pt><pt><x>3113</x><y>1456</y><time>undefined</time></pt><pt><x>1742</x><y>1456</y><time>undefined</time></pt><closed_date>15-10-20 23:02:55:144</closed_date></polygon></object></annotation>