<annotation><filename>m2_s07_264_p_nic033.jpg</filename><folder>users/joselusava//valeria/sala7_264_nic</folder><source><submittedBy>Jose Saca</submittedBy></source><imagesize><nrows>2910</nrows><ncols>4361</ncols></imagesize><object><name>m2_s07_264_p_nic033</name><deleted>0</deleted><verified>0</verified><occluded>no</occluded><attributes></attributes><parts><hasparts></hasparts><ispartof></ispartof></parts><date>23-09-20 19:58:20:498</date><id>0</id><type>bounding_box</type><polygon><username>anonymous</username><pt><x>110</x><y>2574</y><time>23-09-20 19:58:15:672</time></pt><pt><x>1543</x><y>2574</y><time>23-09-20 19:58:17:198</time></pt><pt><x>1543</x><y>854</y><time>undefined</time></pt><pt><x>110</x><y>854</y><time>undefined</time></pt><closed_date>23-09-20 19:58:17:199</closed_date></polygon></object></annotation>