<annotation><filename>m3_s01_023_p_nic067.jpg</filename><folder>users/joselusava//santiago_3</folder><source><submittedBy>Jose Saca</submittedBy></source><imagesize><nrows>2970</nrows><ncols>4451</ncols></imagesize><object><name>m3_s01_023_p_nic067</name><deleted>0</deleted><verified>0</verified><occluded>no</occluded><attributes></attributes><parts><hasparts></hasparts><ispartof></ispartof></parts><date>06-11-20 11:20:22:987</date><id>0</id><type>bounding_box</type><polygon><username>anonymous</username><pt><x>2160</x><y>896</y><time>06-11-20 11:20:20:347</time></pt><pt><x>3959</x><y>896</y><time>06-11-20 11:20:21:291</time></pt><pt><x>3959</x><y>2563</y><time>undefined</time></pt><pt><x>2160</x><y>2563</y><time>undefined</time></pt><closed_date>06-11-20 11:20:21:291</closed_date></polygon></object></annotation>