<annotation><filename>m4_s06_089_p_ic065.jpg</filename><folder>users/joselusava//santiago_2</folder><source><submittedBy>Jose Saca</submittedBy></source><imagesize><nrows>2970</nrows><ncols>4451</ncols></imagesize><object><name>m4_s06_089_p_ic065</name><deleted>0</deleted><verified>0</verified><occluded>no</occluded><attributes></attributes><parts><hasparts></hasparts><ispartof></ispartof></parts><date>11-10-20 18:58:39:341</date><id>0</id><type>bounding_box</type><polygon><username>anonymous</username><pt><x>1255</x><y>364</y><time>11-10-20 18:58:35:680</time></pt><pt><x>3094</x><y>364</y><time>11-10-20 18:58:37:167</time></pt><pt><x>3094</x><y>2599</y><time>undefined</time></pt><pt><x>1255</x><y>2599</y><time>undefined</time></pt><closed_date>11-10-20 18:58:37:168</closed_date></polygon></object></annotation>