<annotation><filename>m1_s06_144_p_nic002.jpg</filename><folder>users/joselusava//jacob_2/144nic</folder><source><submittedBy>Jose Saca</submittedBy></source><imagesize><nrows>2736</nrows><ncols>4100</ncols></imagesize><object><name>m1_s06_144_p_nic002</name><deleted>0</deleted><verified>0</verified><occluded>no</occluded><attributes></attributes><parts><hasparts></hasparts><ispartof></ispartof></parts><date>08-09-20 01:50:26:585</date><id>0</id><type>bounding_box</type><polygon><username>anonymous</username><pt><x>3781</x><y>2300</y><time>08-09-20 01:50:23:463</time></pt><pt><x>2013</x><y>2300</y><time>08-09-20 01:50:25:324</time></pt><pt><x>2013</x><y>900</y><time>undefined</time></pt><pt><x>3781</x><y>900</y><time>undefined</time></pt><closed_date>08-09-20 01:50:25:324</closed_date></polygon></object></annotation>