<annotation><filename>m4_s07_105_p_nic045.jpg</filename><folder>users/joselusava//kath/m4_105/nic</folder><source><submittedBy>Jose Saca</submittedBy></source><imagesize><nrows>2970</nrows><ncols>4451</ncols></imagesize><object><name>m4_s07_105_p_nic045</name><deleted>0</deleted><verified>0</verified><occluded>no</occluded><attributes></attributes><parts><hasparts></hasparts><ispartof></ispartof></parts><date>03-11-20 08:48:28:327</date><id>0</id><type>bounding_box</type><polygon><username>anonymous</username><pt><x>4325</x><y>2811</y><time>03-11-20 08:48:23:504</time></pt><pt><x>3359</x><y>2811</y><time>03-11-20 08:48:24:870</time></pt><pt><x>3359</x><y>1197</y><time>undefined</time></pt><pt><x>4325</x><y>1197</y><time>undefined</time></pt><closed_date>03-11-20 08:48:24:872</closed_date></polygon></object></annotation>