<annotation><filename>m1_s02_065_p_ic096.jpg</filename><folder>users/joselusava//valeria/sala2_065_ic</folder><source><submittedBy>Jose Saca</submittedBy></source><imagesize><nrows>2000</nrows><ncols>2992</ncols></imagesize><object><name>m1_s02_065_p_ic096</name><deleted>0</deleted><verified>0</verified><occluded>no</occluded><attributes></attributes><parts><hasparts></hasparts><ispartof></ispartof></parts><date>26-08-20 01:46:13:953</date><id>0</id><type>bounding_box</type><polygon><username>anonymous</username><pt><x>57</x><y>369</y><time>26-08-20 01:46:07:327</time></pt><pt><x>2681</x><y>369</y><time>26-08-20 01:46:09:704</time></pt><pt><x>2681</x><y>1758</y><time>undefined</time></pt><pt><x>57</x><y>1758</y><time>undefined</time></pt><closed_date>26-08-20 01:46:09:705</closed_date></polygon></object></annotation>