<annotation><filename>m4_s06_089_p_ic009.jpg</filename><folder>users/joselusava//santiago_2</folder><source><submittedBy>Jose Saca</submittedBy></source><imagesize><nrows>2970</nrows><ncols>4451</ncols></imagesize><object><name>m4_s06_089_p_ic009</name><deleted>0</deleted><verified>0</verified><occluded>no</occluded><attributes></attributes><parts><hasparts></hasparts><ispartof></ispartof></parts><date>10-10-20 22:35:49:509</date><id>0</id><type>bounding_box</type><polygon><username>anonymous</username><pt><x>1722</x><y>484</y><time>10-10-20 22:35:44:635</time></pt><pt><x>3016</x><y>484</y><time>10-10-20 22:35:46:970</time></pt><pt><x>3016</x><y>2408</y><time>undefined</time></pt><pt><x>1722</x><y>2408</y><time>undefined</time></pt><closed_date>10-10-20 22:35:46:970</closed_date></polygon></object></annotation>