<annotation><filename>m2_s03_219_p_ic089.jpg</filename><folder>users/joselusava//valeria/m2_sala03_219_ic</folder><source><submittedBy>Jose Saca</submittedBy></source><imagesize><nrows>2910</nrows><ncols>4361</ncols></imagesize><object><name>m2_s03_219_p_ic089</name><deleted>0</deleted><verified>0</verified><occluded>no</occluded><attributes></attributes><parts><hasparts></hasparts><ispartof></ispartof></parts><date>29-09-20 01:20:40:582</date><id>0</id><type>bounding_box</type><polygon><username>anonymous</username><pt><x>3092</x><y>2563</y><time>29-09-20 01:20:32:971</time></pt><pt><x>854</x><y>2563</y><time>29-09-20 01:20:35:225</time></pt><pt><x>854</x><y>634</y><time>undefined</time></pt><pt><x>3092</x><y>634</y><time>undefined</time></pt><closed_date>29-09-20 01:20:35:227</closed_date></polygon></object></annotation>