<annotation><filename>m1_s03-04_084_x.jpg</filename><folder>users/joselusava//valeria/sala03y04</folder><source><submittedBy>Jose Saca</submittedBy></source><imagesize><nrows>3200</nrows><ncols>4800</ncols></imagesize><object><name>m1_s03_s04_084_x</name><deleted>0</deleted><verified>0</verified><occluded>no</occluded><attributes></attributes><parts><hasparts></hasparts><ispartof></ispartof></parts><date>28-08-20 20:35:46:628</date><id>0</id><type>bounding_box</type><polygon><username>anonymous</username><pt><x>3893</x><y>3130</y><time>28-08-20 20:35:34:572</time></pt><pt><x>1031</x><y>3130</y><time>28-08-20 20:35:39:732</time></pt><pt><x>1031</x><y>0</y><time>undefined</time></pt><pt><x>3893</x><y>0</y><time>undefined</time></pt><closed_date>28-08-20 20:35:39:733</closed_date></polygon></object></annotation>