<annotation><filename>m4_s10_164_p_ic041.jpg</filename><folder>users/joselusava//santiago_2</folder><source><submittedBy>Jose Saca</submittedBy></source><imagesize><nrows>2970</nrows><ncols>4451</ncols></imagesize><object><name>m4_s10_164_p_ic041</name><deleted>0</deleted><verified>0</verified><occluded>no</occluded><attributes></attributes><parts><hasparts></hasparts><ispartof></ispartof></parts><date>13-10-20 22:31:12:597</date><id>0</id><type>bounding_box</type><polygon><username>anonymous</username><pt><x>1999</x><y>1057</y><time>13-10-20 22:31:09:841</time></pt><pt><x>2574</x><y>1057</y><time>13-10-20 22:31:10:746</time></pt><pt><x>2574</x><y>1821</y><time>undefined</time></pt><pt><x>1999</x><y>1821</y><time>undefined</time></pt><closed_date>13-10-20 22:31:10:747</closed_date></polygon></object></annotation>