<annotation><filename>m2_s06_244_p_ic001.jpg</filename><folder>users/joselusava//museos2020</folder><source><submittedBy>Jose Saca</submittedBy></source><imagesize><nrows>2910</nrows><ncols>4361</ncols></imagesize><object><name>m2_s06_244_p_ic001</name><deleted>0</deleted><verified>0</verified><occluded>no</occluded><attributes></attributes><parts><hasparts></hasparts><ispartof></ispartof></parts><date>22-09-20 11:48:09:228</date><id>0</id><type>bounding_box</type><polygon><username>anonymous</username><pt><x>1075</x><y>968</y><time>22-09-20 11:47:57:197</time></pt><pt><x>3089</x><y>968</y><time>22-09-20 11:47:59:151</time></pt><pt><x>3089</x><y>1878</y><time>undefined</time></pt><pt><x>1075</x><y>1878</y><time>undefined</time></pt><closed_date>22-09-20 11:47:59:153</closed_date></polygon></object></annotation>