<annotation><filename>m4_s04_047_p_ic049.jpg</filename><folder>users/joselusava//kath/kath_m4_047</folder><source><submittedBy>Jose Saca</submittedBy></source><imagesize><nrows>2970</nrows><ncols>4451</ncols></imagesize><object><name>m4_s04_047_p_ic049</name><deleted>0</deleted><verified>0</verified><occluded>no</occluded><attributes></attributes><parts><hasparts></hasparts><ispartof></ispartof></parts><date>24-10-20 14:12:22:882</date><id>0</id><type>bounding_box</type><polygon><username>anonymous</username><pt><x>1737</x><y>200</y><time>24-10-20 14:12:18:202</time></pt><pt><x>2822</x><y>200</y><time>24-10-20 14:12:20:101</time></pt><pt><x>2822</x><y>2814</y><time>undefined</time></pt><pt><x>1737</x><y>2814</y><time>undefined</time></pt><closed_date>24-10-20 14:12:20:103</closed_date></polygon></object></annotation>