<annotation><filename>m4_s04_039_p_nic008.jpg</filename><folder>users/joselusava//santiago_2</folder><source><submittedBy>Jose Saca</submittedBy></source><imagesize><nrows>2970</nrows><ncols>4451</ncols></imagesize><object><name>m4_s04_039_p_nic008</name><deleted>0</deleted><verified>0</verified><occluded>no</occluded><attributes></attributes><parts><hasparts></hasparts><ispartof></ispartof></parts><date>21-10-20 16:23:32:395</date><id>0</id><type>bounding_box</type><polygon><username>anonymous</username><pt><x>1871</x><y>14</y><time>21-10-20 16:23:28:467</time></pt><pt><x>2502</x><y>14</y><time>21-10-20 16:23:30:099</time></pt><pt><x>2502</x><y>2410</y><time>undefined</time></pt><pt><x>1871</x><y>2410</y><time>undefined</time></pt><closed_date>21-10-20 16:23:30:100</closed_date></polygon></object></annotation>