<annotation><filename>m4_s06_089_p_ic071.jpg</filename><folder>users/joselusava//santiago_2</folder><source><submittedBy>Jose Saca</submittedBy></source><imagesize><nrows>2970</nrows><ncols>4451</ncols></imagesize><object><name>m4_s06_089_p_ic071</name><deleted>0</deleted><verified>0</verified><occluded>no</occluded><attributes></attributes><parts><hasparts></hasparts><ispartof></ispartof></parts><date>11-10-20 19:02:52:669</date><id>0</id><type>bounding_box</type><polygon><username>anonymous</username><pt><x>1259</x><y>219</y><time>11-10-20 19:02:49:339</time></pt><pt><x>3108</x><y>219</y><time>11-10-20 19:02:50:623</time></pt><pt><x>3108</x><y>2510</y><time>undefined</time></pt><pt><x>1259</x><y>2510</y><time>undefined</time></pt><closed_date>11-10-20 19:02:50:625</closed_date></polygon></object></annotation>