<annotation><filename>m4_s05_052_p_ic095.jpg</filename><folder>users/joselusava//santiago_2</folder><source><submittedBy>Jose Saca</submittedBy></source><imagesize><nrows>2910</nrows><ncols>4361</ncols></imagesize><object><name>m4_s05_052_p_ic095</name><deleted>0</deleted><verified>0</verified><occluded>no</occluded><attributes></attributes><parts><hasparts></hasparts><ispartof></ispartof></parts><date>07-10-20 23:20:45:833</date><id>0</id><type>bounding_box</type><polygon><username>anonymous</username><pt><x>977</x><y>426</y><time>07-10-20 23:20:42:257</time></pt><pt><x>3059</x><y>426</y><time>07-10-20 23:20:43:717</time></pt><pt><x>3059</x><y>2571</y><time>undefined</time></pt><pt><x>977</x><y>2571</y><time>undefined</time></pt><closed_date>07-10-20 23:20:43:718</closed_date></polygon></object></annotation>