<annotation><filename>m4_s09_138_p_nic071.jpg</filename><folder>users/joselusava//santiago_2</folder><source><submittedBy>Jose Saca</submittedBy></source><imagesize><nrows>2970</nrows><ncols>4451</ncols></imagesize><object><name>m4_s09_138_p_nic071</name><deleted>0</deleted><verified>0</verified><occluded>no</occluded><attributes></attributes><parts><hasparts></hasparts><ispartof></ispartof></parts><date>23-10-20 14:13:24:952</date><id>0</id><type>bounding_box</type><polygon><username>anonymous</username><pt><x>1057</x><y>268</y><time>23-10-20 14:13:21:960</time></pt><pt><x>3730</x><y>268</y><time>23-10-20 14:13:22:807</time></pt><pt><x>3730</x><y>1207</y><time>undefined</time></pt><pt><x>1057</x><y>1207</y><time>undefined</time></pt><closed_date>23-10-20 14:13:22:808</closed_date></polygon></object></annotation>