<annotation><filename>m2_s01_054_p_nic065.jpg</filename><folder>users/joselusava//kath</folder><source><submittedBy>Jose Saca</submittedBy></source><imagesize><nrows>2850</nrows><ncols>4271</ncols></imagesize><object><name>m2_s01_054_p_nic065</name><deleted>0</deleted><verified>0</verified><occluded>no</occluded><attributes></attributes><parts><hasparts></hasparts><ispartof></ispartof></parts><date>30-09-20 22:23:33:446</date><id>0</id><polygon><username>kath</username><pt><x>2099</x><y>323</y><time>30-09-20 22:23:25:706</time></pt><pt><x>2288</x><y>1565</y><time>30-09-20 22:23:26:822</time></pt><pt><x>2899</x><y>1327</y><time>30-09-20 22:23:27:846</time></pt><pt><x>2920</x><y>204</y><time>30-09-20 22:23:29:141</time></pt><closed_date>30-09-20 22:23:30:153</closed_date></polygon></object></annotation>