<annotation><filename>m4_s02_012_x.jpg</filename><folder>users/joselusava//kath/m4_x</folder><source><submittedBy>Jose Saca</submittedBy></source><imagesize><nrows>2910</nrows><ncols>4361</ncols></imagesize><object><name>m4_s2_012_x</name><deleted>0</deleted><verified>0</verified><occluded>no</occluded><attributes></attributes><parts><hasparts></hasparts><ispartof></ispartof></parts><date>20-10-20 06:41:57:104</date><id>0</id><polygon><username>anonymous</username><pt><x>598</x><y>461</y><time>20-10-20 06:41:46:936</time></pt><pt><x>650</x><y>2463</y><time>20-10-20 06:41:48:136</time></pt><pt><x>3927</x><y>2406</y><time>20-10-20 06:41:49:359</time></pt><pt><x>3753</x><y>419</y><time>20-10-20 06:41:50:432</time></pt><closed_date>20-10-20 06:41:54:081</closed_date></polygon></object></annotation>