<annotation><filename>m4_s07_105_p_ic024.jpg</filename><folder>users/joselusava//kath/m4_105</folder><source><submittedBy>Jose Saca</submittedBy></source><imagesize><nrows>2970</nrows><ncols>4451</ncols></imagesize><object><name>m4_s07_105_p_ic024</name><deleted>0</deleted><verified>0</verified><occluded>no</occluded><attributes></attributes><parts><hasparts></hasparts><ispartof></ispartof></parts><date>25-10-20 09:24:38:666</date><id>0</id><type>bounding_box</type><polygon><username>anonymous</username><pt><x>2922</x><y>2610</y><time>25-10-20 09:24:25:273</time></pt><pt><x>1725</x><y>2610</y><time>25-10-20 09:24:27:437</time></pt><pt><x>1725</x><y>370</y><time>undefined</time></pt><pt><x>2922</x><y>370</y><time>undefined</time></pt><closed_date>25-10-20 09:24:27:437</closed_date></polygon></object></annotation>