<annotation><filename>img_m1_s03-04_108_p_nic050.jpg</filename><folder>users/joselusava//valeria/sala3y4_108_nic</folder><source><submittedBy>Jose Saca</submittedBy></source><imagesize><nrows>3200</nrows><ncols>4800</ncols></imagesize><object><name>m1_s03_s04_108_p_nic050</name><deleted>0</deleted><verified>0</verified><occluded>no</occluded><attributes></attributes><parts><hasparts></hasparts><ispartof></ispartof></parts><date>02-09-20 18:18:32:156</date><id>0</id><type>bounding_box</type><polygon><username>anonymous</username><pt><x>4788</x><y>3109</y><time>02-09-20 18:18:25:779</time></pt><pt><x>1018</x><y>3109</y><time>02-09-20 18:18:28:668</time></pt><pt><x>1018</x><y>1624</y><time>undefined</time></pt><pt><x>4788</x><y>1624</y><time>undefined</time></pt><closed_date>02-09-20 18:18:28:669</closed_date></polygon></object></annotation>