<annotation><filename>m1_s02_065_p_ic074.jpg</filename><folder>users/joselusava//valeria/sala2_065_ic</folder><source><submittedBy>Jose Saca</submittedBy></source><imagesize><nrows>2000</nrows><ncols>2992</ncols></imagesize><object><name>m1_s02_065_p_ic074</name><deleted>0</deleted><verified>0</verified><occluded>no</occluded><attributes></attributes><parts><hasparts></hasparts><ispartof></ispartof></parts><date>26-08-20 00:54:11:129</date><id>0</id><type>bounding_box</type><polygon><username>anonymous</username><pt><x>111</x><y>211</y><time>26-08-20 00:54:04:161</time></pt><pt><x>2604</x><y>211</y><time>26-08-20 00:54:05:846</time></pt><pt><x>2604</x><y>1799</y><time>undefined</time></pt><pt><x>111</x><y>1799</y><time>undefined</time></pt><closed_date>26-08-20 00:54:05:847</closed_date></polygon></object></annotation>