<annotation><filename>img_m1_s03-04_101_p_ic077.jpg</filename><folder>users/joselusava//valeria/sala3y4_101_ic</folder><source><submittedBy>Jose Saca</submittedBy></source><imagesize><nrows>3200</nrows><ncols>4800</ncols></imagesize><object><name>m1_s03_s04_101_p_ic077</name><deleted>0</deleted><verified>0</verified><occluded>no</occluded><attributes></attributes><parts><hasparts></hasparts><ispartof></ispartof></parts><date>29-08-20 01:30:06:320</date><id>0</id><type>bounding_box</type><polygon><username>anonymous</username><pt><x>382</x><y>2994</y><time>29-08-20 01:29:58:214</time></pt><pt><x>4776</x><y>2994</y><time>29-08-20 01:30:02:103</time></pt><pt><x>4776</x><y>552</y><time>undefined</time></pt><pt><x>382</x><y>552</y><time>undefined</time></pt><closed_date>29-08-20 01:30:02:104</closed_date></polygon></object></annotation>