<annotation><filename>m4_s11_178_p_ic062.jpg</filename><folder>users/joselusava//santiago_2</folder><source><submittedBy>Jose Saca</submittedBy></source><imagesize><nrows>2970</nrows><ncols>4451</ncols></imagesize><object><name>m4_s11_178_p_ic062</name><deleted>0</deleted><verified>0</verified><occluded>no</occluded><attributes></attributes><parts><hasparts></hasparts><ispartof></ispartof></parts><date>15-10-20 21:57:44:018</date><id>0</id><type>bounding_box</type><polygon><username>anonymous</username><pt><x>1421</x><y>871</y><time>15-10-20 21:57:38:296</time></pt><pt><x>3138</x><y>871</y><time>15-10-20 21:57:40:018</time></pt><pt><x>3138</x><y>2717</y><time>undefined</time></pt><pt><x>1421</x><y>2717</y><time>undefined</time></pt><closed_date>15-10-20 21:57:40:019</closed_date></polygon></object></annotation>