<annotation><filename>m4_s09_138_p_nic091.jpg</filename><folder>users/joselusava//santiago_2</folder><source><submittedBy>Jose Saca</submittedBy></source><imagesize><nrows>2970</nrows><ncols>4451</ncols></imagesize><object><name>m4_s09_138_p_nic091</name><deleted>0</deleted><verified>0</verified><occluded>no</occluded><attributes></attributes><parts><hasparts></hasparts><ispartof></ispartof></parts><date>23-10-20 14:44:10:040</date><id>0</id><type>bounding_box</type><polygon><username>anonymous</username><pt><x>1107</x><y>1489</y><time>23-10-20 14:44:06:095</time></pt><pt><x>3816</x><y>1489</y><time>23-10-20 14:44:07:567</time></pt><pt><x>3816</x><y>2742</y><time>undefined</time></pt><pt><x>1107</x><y>2742</y><time>undefined</time></pt><closed_date>23-10-20 14:44:07:568</closed_date></polygon></object></annotation>