<annotation><filename>m1_s02_065_p_ic075.jpg</filename><folder>users/joselusava//valeria/sala2_065_ic</folder><source><submittedBy>Jose Saca</submittedBy></source><imagesize><nrows>2000</nrows><ncols>2992</ncols></imagesize><object><name>m1_s02_065_p_ic075</name><deleted>0</deleted><verified>0</verified><occluded>no</occluded><attributes></attributes><parts><hasparts></hasparts><ispartof></ispartof></parts><date>26-08-20 00:55:41:482</date><id>0</id><type>bounding_box</type><polygon><username>anonymous</username><pt><x>185</x><y>148</y><time>26-08-20 00:55:36:280</time></pt><pt><x>2768</x><y>148</y><time>26-08-20 00:55:38:350</time></pt><pt><x>2768</x><y>1852</y><time>undefined</time></pt><pt><x>185</x><y>1852</y><time>undefined</time></pt><closed_date>26-08-20 00:55:38:351</closed_date></polygon></object></annotation>