<annotation><filename>m1_s02_065_p_ic081.jpg</filename><folder>users/joselusava//valeria/sala2_065_ic</folder><source><submittedBy>Jose Saca</submittedBy></source><imagesize><nrows>2000</nrows><ncols>2992</ncols></imagesize><object><name>m1_s02_065_p_ic081</name><deleted>0</deleted><verified>0</verified><occluded>no</occluded><attributes></attributes><parts><hasparts></hasparts><ispartof></ispartof></parts><date>26-08-20 01:09:57:697</date><id>0</id><type>bounding_box</type><polygon><username>anonymous</username><pt><x>94</x><y>268</y><time>26-08-20 01:09:51:228</time></pt><pt><x>2658</x><y>268</y><time>26-08-20 01:09:53:855</time></pt><pt><x>2658</x><y>1785</y><time>undefined</time></pt><pt><x>94</x><y>1785</y><time>undefined</time></pt><closed_date>26-08-20 01:09:53:856</closed_date></polygon></object></annotation>