<annotation><filename>m4_s05_055_p_nic064.jpg</filename><folder>users/joselusava//valeria/m4_s05_055_nic</folder><source><submittedBy>Jose Saca</submittedBy></source><imagesize><nrows>2910</nrows><ncols>4361</ncols></imagesize><object><name>m4_s05_055_p_nic064</name><deleted>0</deleted><verified>0</verified><occluded>no</occluded><attributes></attributes><parts><hasparts></hasparts><ispartof></ispartof></parts><date>09-10-20 17:56:30:432</date><id>0</id><type>bounding_box</type><polygon><username>anonymous</username><pt><x>2739</x><y>656</y><time>09-10-20 17:56:25:808</time></pt><pt><x>3874</x><y>656</y><time>09-10-20 17:56:27:543</time></pt><pt><x>3874</x><y>2034</y><time>undefined</time></pt><pt><x>2739</x><y>2034</y><time>undefined</time></pt><closed_date>09-10-20 17:56:27:544</closed_date></polygon></object></annotation>