<annotation><filename>m2_s03_219_p_ic045.jpg</filename><folder>users/joselusava//valeria/m2_sala03_219_ic</folder><source><submittedBy>Jose Saca</submittedBy></source><imagesize><nrows>2910</nrows><ncols>4361</ncols></imagesize><object><name>m2_s03_219_p_ic045</name><deleted>0</deleted><verified>0</verified><occluded>no</occluded><attributes></attributes><parts><hasparts></hasparts><ispartof></ispartof></parts><date>29-09-20 00:29:17:304</date><id>0</id><type>bounding_box</type><polygon><username>anonymous</username><pt><x>3197</x><y>143</y><time>29-09-20 00:29:12:029</time></pt><pt><x>1201</x><y>143</y><time>29-09-20 00:29:14:030</time></pt><pt><x>1201</x><y>2651</y><time>undefined</time></pt><pt><x>3197</x><y>2651</y><time>undefined</time></pt><closed_date>29-09-20 00:29:14:031</closed_date></polygon></object></annotation>