<annotation><filename>m4_s06_089_p_ic011.jpg</filename><folder>users/joselusava//santiago_2</folder><source><submittedBy>Jose Saca</submittedBy></source><imagesize><nrows>2970</nrows><ncols>4451</ncols></imagesize><object><name>m4_s06_089_p_ic011</name><deleted>0</deleted><verified>0</verified><occluded>no</occluded><attributes></attributes><parts><hasparts></hasparts><ispartof></ispartof></parts><date>10-10-20 22:38:42:038</date><id>0</id><type>bounding_box</type><polygon><username>anonymous</username><pt><x>1619</x><y>470</y><time>10-10-20 22:38:37:787</time></pt><pt><x>3048</x><y>470</y><time>10-10-20 22:38:39:651</time></pt><pt><x>3048</x><y>2514</y><time>undefined</time></pt><pt><x>1619</x><y>2514</y><time>undefined</time></pt><closed_date>10-10-20 22:38:39:651</closed_date></polygon></object></annotation>