<annotation><filename>m4_s04_047_p_ic051.jpg</filename><folder>users/joselusava//kath/kath_m4_047</folder><source><submittedBy>Jose Saca</submittedBy></source><imagesize><nrows>2970</nrows><ncols>4451</ncols></imagesize><object><name>m4_s04_047_p_ic051</name><deleted>0</deleted><verified>0</verified><occluded>no</occluded><attributes></attributes><parts><hasparts></hasparts><ispartof></ispartof></parts><date>24-10-20 14:13:30:376</date><id>0</id><type>bounding_box</type><polygon><username>anonymous</username><pt><x>1678</x><y>215</y><time>24-10-20 14:13:24:426</time></pt><pt><x>2814</x><y>215</y><time>24-10-20 14:13:27:596</time></pt><pt><x>2814</x><y>2777</y><time>undefined</time></pt><pt><x>1678</x><y>2777</y><time>undefined</time></pt><closed_date>24-10-20 14:13:27:597</closed_date></polygon></object></annotation>