<annotation><filename>m4_s11_178_p_ic019.jpg</filename><folder>users/joselusava//santiago_2</folder><source><submittedBy>Jose Saca</submittedBy></source><imagesize><nrows>2970</nrows><ncols>4451</ncols></imagesize><object><name>m4_s11_178_p_ic019</name><deleted>0</deleted><verified>0</verified><occluded>no</occluded><attributes></attributes><parts><hasparts></hasparts><ispartof></ispartof></parts><date>15-10-20 20:54:56:924</date><id>0</id><type>bounding_box</type><polygon><username>anonymous</username><pt><x>1485</x><y>743</y><time>15-10-20 20:54:53:079</time></pt><pt><x>2866</x><y>743</y><time>15-10-20 20:54:54:700</time></pt><pt><x>2866</x><y>2213</y><time>undefined</time></pt><pt><x>1485</x><y>2213</y><time>undefined</time></pt><closed_date>15-10-20 20:54:54:701</closed_date></polygon></object></annotation>