<annotation><filename>m4_s12_185_p_ic100.jpg</filename><folder>users/joselusava//valeria/m04_s12_185_ic</folder><source><submittedBy>Jose Saca</submittedBy></source><imagesize><nrows>2910</nrows><ncols>4361</ncols></imagesize><object><name>m4_s12_185_p_ic100</name><deleted>0</deleted><verified>0</verified><occluded>no</occluded><attributes></attributes><parts><hasparts></hasparts><ispartof></ispartof></parts><date>17-10-20 19:03:54:472</date><id>0</id><type>bounding_box</type><polygon><username>anonymous</username><pt><x>789</x><y>2709</y><time>17-10-20 19:03:48:082</time></pt><pt><x>3665</x><y>2709</y><time>17-10-20 19:03:50:619</time></pt><pt><x>3665</x><y>470</y><time>undefined</time></pt><pt><x>789</x><y>470</y><time>undefined</time></pt><closed_date>17-10-20 19:03:50:619</closed_date></polygon></object></annotation>