<annotation><filename>m2_s01_034_p_nic061.jpg</filename><folder>users/joselusava//kath</folder><source><submittedBy>Jose Saca</submittedBy></source><imagesize><nrows>2850</nrows><ncols>4271</ncols></imagesize><object><name>m2_s01_034_p_nic061</name><deleted>0</deleted><verified>0</verified><occluded>no</occluded><attributes></attributes><parts><hasparts></hasparts><ispartof></ispartof></parts><date>25-09-20 20:25:38:794</date><id>0</id><polygon><username>anonymous</username><pt><x>208</x><y>967</y><time>25-09-20 20:25:27:940</time></pt><pt><x>587</x><y>2399</y><time>25-09-20 20:25:29:627</time></pt><pt><x>1418</x><y>2098</y><time>25-09-20 20:25:31:802</time></pt><pt><x>1224</x><y>680</y><time>25-09-20 20:25:33:172</time></pt><closed_date>25-09-20 20:25:34:642</closed_date></polygon></object></annotation>