<annotation><filename>m2_s01_054_p_nic007.jpg</filename><folder>users/joselusava//kath</folder><source><submittedBy>Jose Saca</submittedBy></source><imagesize><nrows>2850</nrows><ncols>4271</ncols></imagesize><object><name>m2_s01_054_p_nic007</name><deleted>0</deleted><verified>0</verified><occluded>no</occluded><attributes></attributes><parts><hasparts></hasparts><ispartof></ispartof></parts><date>30-09-20 11:00:46:500</date><id>0</id><type>bounding_box</type><polygon><username>anonymous</username><pt><x>3117</x><y>281</y><time>30-09-20 11:00:41:227</time></pt><pt><x>2338</x><y>281</y><time>30-09-20 11:00:44:014</time></pt><pt><x>2338</x><y>1306</y><time>undefined</time></pt><pt><x>3117</x><y>1306</y><time>undefined</time></pt><closed_date>30-09-20 11:00:44:014</closed_date></polygon></object></annotation>