<annotation><filename>m3_s01_013_p_ic001.jpg</filename><folder>users/joselusava//valeria/m03_s01_13_ic</folder><source><submittedBy>Jose Saca</submittedBy></source><imagesize><nrows>2970</nrows><ncols>4451</ncols></imagesize><object><name>img_m03_s01_p_ic001</name><deleted>0</deleted><verified>0</verified><occluded>no</occluded><attributes></attributes><parts><hasparts></hasparts><ispartof></ispartof></parts><date>28-10-20 19:49:56:808</date><id>0</id><type>bounding_box</type><polygon><username>anonymous</username><pt><x>1279</x><y>34</y><time>28-10-20 19:49:27:915</time></pt><pt><x>3039</x><y>34</y><time>28-10-20 19:49:30:573</time></pt><pt><x>3039</x><y>2707</y><time>undefined</time></pt><pt><x>1279</x><y>2707</y><time>undefined</time></pt><closed_date>28-10-20 19:49:30:575</closed_date></polygon></object></annotation>