<annotation><filename>m2_s06_244_p_nic078.jpg</filename><folder>users/joselusava//museos2020</folder><source><submittedBy>Jose Saca</submittedBy></source><imagesize><nrows>2910</nrows><ncols>4361</ncols></imagesize><object><name>m2_s06_244_p_ic078</name><deleted>0</deleted><verified>0</verified><occluded>no</occluded><attributes></attributes><parts><hasparts></hasparts><ispartof></ispartof></parts><date>26-09-20 21:53:29:054</date><id>0</id><type>bounding_box</type><polygon><username>anonymous</username><pt><x>2110</x><y>1660</y><time>26-09-20 21:53:19:019</time></pt><pt><x>3844</x><y>1660</y><time>26-09-20 21:53:20:701</time></pt><pt><x>3844</x><y>2478</y><time>undefined</time></pt><pt><x>2110</x><y>2478</y><time>undefined</time></pt><closed_date>26-09-20 21:53:20:702</closed_date></polygon></object></annotation>