<annotation><filename>m1_s03-04_096_x.jpg</filename><folder>users/joselusava//valeria/sala03y04</folder><source><submittedBy>Jose Saca</submittedBy></source><imagesize><nrows>3200</nrows><ncols>4800</ncols></imagesize><object><name>m1_s03_s04_096_x</name><deleted>0</deleted><verified>0</verified><occluded>no</occluded><attributes></attributes><parts><hasparts></hasparts><ispartof></ispartof></parts><date>28-08-20 21:25:42:647</date><id>0</id><type>bounding_box</type><polygon><username>anonymous</username><pt><x>832</x><y>215</y><time>28-08-20 21:25:35:248</time></pt><pt><x>4011</x><y>215</y><time>28-08-20 21:25:37:223</time></pt><pt><x>4011</x><y>3082</y><time>undefined</time></pt><pt><x>832</x><y>3082</y><time>undefined</time></pt><closed_date>28-08-20 21:25:37:224</closed_date></polygon></object></annotation>