<annotation><filename>m4_s09_138_p_ic052.jpg</filename><folder>users/joselusava//santiago_2</folder><source><submittedBy>Jose Saca</submittedBy></source><imagesize><nrows>2970</nrows><ncols>4451</ncols></imagesize><object><name>m4_s09_138_p_ic052</name><deleted>0</deleted><verified>0</verified><occluded>no</occluded><attributes></attributes><parts><hasparts></hasparts><ispartof></ispartof></parts><date>22-10-20 16:43:26:342</date><id>0</id><type>bounding_box</type><polygon><username>anonymous</username><pt><x>182</x><y>657</y><time>22-10-20 16:43:22:373</time></pt><pt><x>4216</x><y>657</y><time>22-10-20 16:43:23:935</time></pt><pt><x>4216</x><y>2517</y><time>undefined</time></pt><pt><x>182</x><y>2517</y><time>undefined</time></pt><closed_date>22-10-20 16:43:23:936</closed_date></polygon></object></annotation>