<annotation><filename>m2_s01_058_p_ic010.jpg</filename><folder>users/joselusava//m2_jsv/58/ic</folder><source><submittedBy>Jose Saca</submittedBy></source><imagesize><nrows>2850</nrows><ncols>4271</ncols></imagesize><object><name>m2_s01_058_p_ic010</name><deleted>0</deleted><verified>0</verified><occluded>no</occluded><attributes></attributes><parts><hasparts></hasparts><ispartof></ispartof></parts><date>29-09-20 13:01:52:137</date><id>0</id><type>bounding_box</type><polygon><username>anonymous</username><pt><x>229</x><y>93</y><time>29-09-20 13:01:50:055</time></pt><pt><x>3999</x><y>93</y><time>29-09-20 13:01:51:358</time></pt><pt><x>3999</x><y>2522</y><time>undefined</time></pt><pt><x>229</x><y>2522</y><time>undefined</time></pt><closed_date>29-09-20 13:01:51:358</closed_date></polygon></object></annotation>