<annotation><filename>img_m1_s03-04_101_p_nic060.jpg</filename><folder>users/joselusava//valeria/sala3y4_101_nic</folder><source><submittedBy>Jose Saca</submittedBy></source><imagesize><nrows>3200</nrows><ncols>4800</ncols></imagesize><object><name>m1_s03_s04_101_p_nic060</name><deleted>0</deleted><verified>0</verified><occluded>no</occluded><attributes></attributes><parts><hasparts></hasparts><ispartof></ispartof></parts><date>30-08-20 00:21:59:092</date><id>0</id><type>bounding_box</type><polygon><username>anonymous</username><pt><x>3727</x><y>1697</y><time>30-08-20 00:21:54:180</time></pt><pt><x>1121</x><y>1697</y><time>30-08-20 00:21:56:182</time></pt><pt><x>1121</x><y>279</y><time>undefined</time></pt><pt><x>3727</x><y>279</y><time>undefined</time></pt><closed_date>30-08-20 00:21:56:183</closed_date></polygon></object></annotation>