<annotation><filename>m2_s01_001_p_nic062.jpg</filename><folder>users/joselusava//santiago</folder><source><submittedBy>Jose Saca</submittedBy></source><imagesize><nrows>2850</nrows><ncols>4271</ncols></imagesize><object><name>m2_s01_001_p_nic062</name><deleted>0</deleted><verified>0</verified><occluded>no</occluded><attributes></attributes><parts><hasparts></hasparts><ispartof></ispartof></parts><date>19-09-20 23:06:25:779</date><id>0</id><type>bounding_box</type><polygon><username>anonymous</username><pt><x>2081</x><y>946</y><time>19-09-20 23:06:18:124</time></pt><pt><x>3770</x><y>946</y><time>19-09-20 23:06:19:502</time></pt><pt><x>3770</x><y>2629</y><time>undefined</time></pt><pt><x>2081</x><y>2629</y><time>undefined</time></pt><closed_date>19-09-20 23:06:19:503</closed_date></polygon></object></annotation>