<annotation><filename>m1_s06_141_p_ic032.jpg</filename><folder>users/joselusava//jacob_2/141ic</folder><source><submittedBy>Jose Saca</submittedBy></source><imagesize><nrows>2736</nrows><ncols>4100</ncols></imagesize><object><name>m1_s06_141_p_ic032</name><deleted>0</deleted><verified>0</verified><occluded>no</occluded><attributes></attributes><parts><hasparts></hasparts><ispartof></ispartof></parts><date>04-09-20 17:24:30:338</date><id>0</id><type>bounding_box</type><polygon><username>anonymous</username><pt><x>2422</x><y>2627</y><time>04-09-20 17:24:27:530</time></pt><pt><x>1056</x><y>2627</y><time>04-09-20 17:24:29:534</time></pt><pt><x>1056</x><y>82</y><time>undefined</time></pt><pt><x>2422</x><y>82</y><time>undefined</time></pt><closed_date>04-09-20 17:24:29:534</closed_date></polygon></object></annotation>