<annotation><filename>m2_s01_054_p_ic076.jpg</filename><folder>users/joselusava//kath</folder><source><submittedBy>Jose Saca</submittedBy></source><imagesize><nrows>2850</nrows><ncols>4271</ncols></imagesize><object><name>m2_s01_054_p_ic076</name><deleted>0</deleted><verified>0</verified><occluded>no</occluded><attributes></attributes><parts><hasparts></hasparts><ispartof></ispartof></parts><date>29-09-20 23:54:16:559</date><id>0</id><type>bounding_box</type><polygon><username>anonymous</username><pt><x>2738</x><y>302</y><time>29-09-20 23:54:09:982</time></pt><pt><x>1060</x><y>302</y><time>29-09-20 23:54:13:236</time></pt><pt><x>1060</x><y>2696</y><time>undefined</time></pt><pt><x>2738</x><y>2696</y><time>undefined</time></pt><closed_date>29-09-20 23:54:13:236</closed_date></polygon></object></annotation>