<annotation><filename>m4_s04_039_p_nic036.jpg</filename><folder>users/joselusava//santiago_2</folder><source><submittedBy>Jose Saca</submittedBy></source><imagesize><nrows>2970</nrows><ncols>4451</ncols></imagesize><object><name>m4_s04_039_p_nic036</name><deleted>0</deleted><verified>0</verified><occluded>no</occluded><attributes></attributes><parts><hasparts></hasparts><ispartof></ispartof></parts><date>21-10-20 21:13:05:743</date><id>0</id><type>bounding_box</type><polygon><username>anonymous</username><pt><x>3273</x><y>7</y><time>21-10-20 21:13:02:660</time></pt><pt><x>3973</x><y>7</y><time>21-10-20 21:13:03:952</time></pt><pt><x>3973</x><y>2531</y><time>undefined</time></pt><pt><x>3273</x><y>2531</y><time>undefined</time></pt><closed_date>21-10-20 21:13:03:954</closed_date></polygon></object></annotation>