<annotation><filename>m1_s01_017_p_nic027.jpg</filename><folder>users/joselusava//santiago</folder><source><submittedBy>Jose Saca</submittedBy></source><imagesize><nrows>3200</nrows><ncols>4800</ncols></imagesize><object><name>m1_s01_017_p_nic027</name><deleted>0</deleted><verified>0</verified><occluded>no</occluded><attributes></attributes><parts><hasparts></hasparts><ispartof></ispartof></parts><date>11-09-20 18:48:26:063</date><id>0</id><type>bounding_box</type><polygon><username>anonymous</username><pt><x>1357</x><y>475</y><time>11-09-20 18:48:18:184</time></pt><pt><x>1976</x><y>475</y><time>11-09-20 18:48:19:997</time></pt><pt><x>1976</x><y>853</y><time>undefined</time></pt><pt><x>1357</x><y>853</y><time>undefined</time></pt><closed_date>11-09-20 18:48:19:998</closed_date></polygon></object></annotation>