<annotation><filename>m2_s01_010_p_ic030.jpg</filename><folder>users/joselusava//santiago</folder><source><submittedBy>Jose Saca</submittedBy></source><imagesize><nrows>2850</nrows><ncols>4271</ncols></imagesize><object><name>m2_s01_010_p_ic030</name><deleted>0</deleted><verified>0</verified><occluded>no</occluded><attributes></attributes><parts><hasparts></hasparts><ispartof></ispartof></parts><date>21-09-20 15:33:55:878</date><id>0</id><type>bounding_box</type><polygon><username>anonymous</username><pt><x>1093</x><y>468</y><time>21-09-20 15:33:47:202</time></pt><pt><x>3094</x><y>468</y><time>21-09-20 15:33:49:534</time></pt><pt><x>3094</x><y>2340</y><time>undefined</time></pt><pt><x>1093</x><y>2340</y><time>undefined</time></pt><closed_date>21-09-20 15:33:49:535</closed_date></polygon></object></annotation>