<annotation><filename>m4_s06_089_p_nic061.jpg</filename><folder>users/joselusava//santiago_2</folder><source><submittedBy>Jose Saca</submittedBy></source><imagesize><nrows>2970</nrows><ncols>4451</ncols></imagesize><object><name>m4_s06_089_p_nic061</name><deleted>0</deleted><verified>0</verified><occluded>no</occluded><attributes></attributes><parts><hasparts></hasparts><ispartof></ispartof></parts><date>12-10-20 21:53:39:971</date><id>0</id><type>bounding_box</type><polygon><username>anonymous</username><pt><x>2141</x><y>1029</y><time>12-10-20 21:53:25:041</time></pt><pt><x>3531</x><y>1029</y><time>12-10-20 21:53:26:841</time></pt><pt><x>3531</x><y>2676</y><time>undefined</time></pt><pt><x>2141</x><y>2676</y><time>undefined</time></pt><closed_date>12-10-20 21:53:26:842</closed_date></polygon></object></annotation>