<annotation><filename>m4_s04_037_p_nic002.jpg</filename><folder>users/joselusava//santiago_2</folder><source><submittedBy>Jose Saca</submittedBy></source><imagesize><nrows>2970</nrows><ncols>4451</ncols></imagesize><object><name>m4_s04_037_p_nic002</name><deleted>0</deleted><verified>0</verified><occluded>no</occluded><attributes></attributes><parts><hasparts></hasparts><ispartof></ispartof></parts><date>19-10-20 13:47:56:932</date><id>0</id><type>bounding_box</type><polygon><username>anonymous</username><pt><x>221</x><y>978</y><time>19-10-20 13:47:53:327</time></pt><pt><x>1342</x><y>978</y><time>19-10-20 13:47:54:644</time></pt><pt><x>1342</x><y>2574</y><time>undefined</time></pt><pt><x>221</x><y>2574</y><time>undefined</time></pt><closed_date>19-10-20 13:47:54:646</closed_date></polygon></object></annotation>