<annotation><filename>img_m1_s10_303_p_nic025.jpg</filename><folder>users/joselusava//santiago</folder><source><submittedBy>Jose Saca</submittedBy></source><imagesize><nrows>3200</nrows><ncols>4800</ncols></imagesize><object><name>m1_s10_303_p_nic025</name><deleted>0</deleted><verified>0</verified><occluded>no</occluded><attributes></attributes><parts><hasparts></hasparts><ispartof></ispartof></parts><date>01-09-20 20:11:52:024</date><id>0</id><type>bounding_box</type><polygon><username>anonymous</username><pt><x>3153</x><y>2084</y><time>01-09-20 20:11:41:481</time></pt><pt><x>4557</x><y>2084</y><time>01-09-20 20:11:44:194</time></pt><pt><x>4557</x><y>2962</y><time>undefined</time></pt><pt><x>3153</x><y>2962</y><time>undefined</time></pt><closed_date>01-09-20 20:11:44:195</closed_date></polygon></object></annotation>