<annotation><filename>m2_s03_201_p_nic014.jpg</filename><folder>users/joselusava//valeria/m2_sala03_201_nic</folder><source><submittedBy>Jose Saca</submittedBy></source><imagesize><nrows>2910</nrows><ncols>4361</ncols></imagesize><object><name>m2_s03_201_p_nic014</name><deleted>0</deleted><verified>0</verified><occluded>no</occluded><attributes></attributes><parts><hasparts></hasparts><ispartof></ispartof></parts><date>29-09-20 22:43:45:907</date><id>0</id><type>bounding_box</type><polygon><username>anonymous</username><pt><x>2100</x><y>2888</y><time>29-09-20 22:43:39:294</time></pt><pt><x>342</x><y>2888</y><time>29-09-20 22:43:42:543</time></pt><pt><x>342</x><y>1201</y><time>undefined</time></pt><pt><x>2100</x><y>1201</y><time>undefined</time></pt><closed_date>29-09-20 22:43:42:544</closed_date></polygon></object></annotation>