<annotation><filename>m4_s02_015_p_nic073.jpg</filename><folder>users/joselusava//m4_js/15nic</folder><source><submittedBy>Jose Saca</submittedBy></source><imagesize><nrows>2910</nrows><ncols>4361</ncols></imagesize><object><name>m4_s02_015_p_nic073</name><deleted>0</deleted><verified>0</verified><occluded>no</occluded><attributes></attributes><parts><hasparts></hasparts><ispartof></ispartof></parts><date>06-10-20 20:11:42:139</date><id>0</id><type>bounding_box</type><polygon><username>anonymous</username><pt><x>1837</x><y>279</y><time>06-10-20 20:11:39:434</time></pt><pt><x>26</x><y>279</y><time>06-10-20 20:11:41:081</time></pt><pt><x>26</x><y>2080</y><time>undefined</time></pt><pt><x>1837</x><y>2080</y><time>undefined</time></pt><closed_date>06-10-20 20:11:41:081</closed_date></polygon></object></annotation>