<annotation><filename>m2_s01_001_p_ic025.jpg</filename><folder>users/joselusava//santiago</folder><source><submittedBy>Jose Saca</submittedBy></source><imagesize><nrows>2850</nrows><ncols>4271</ncols></imagesize><object><name>m2_s01_001_p_ic025</name><deleted>0</deleted><verified>0</verified><occluded>no</occluded><attributes></attributes><parts><hasparts></hasparts><ispartof></ispartof></parts><date>18-09-20 23:16:57:819</date><id>0</id><type>bounding_box</type><polygon><username>anonymous</username><pt><x>603</x><y>90</y><time>18-09-20 23:16:47:393</time></pt><pt><x>3433</x><y>90</y><time>18-09-20 23:16:50:838</time></pt><pt><x>3433</x><y>2802</y><time>undefined</time></pt><pt><x>603</x><y>2802</y><time>undefined</time></pt><closed_date>18-09-20 23:16:50:839</closed_date></polygon></object></annotation>