<annotation><filename>m4_s05_060_p_nic080.jpg</filename><folder>users/joselusava//m4_js/60/nic</folder><source><submittedBy>Jose Saca</submittedBy></source><imagesize><nrows>2910</nrows><ncols>4361</ncols></imagesize><object><name>m4_s05_060_p_nic080</name><deleted>0</deleted><verified>0</verified><occluded>no</occluded><attributes></attributes><parts><hasparts></hasparts><ispartof></ispartof></parts><date>14-10-20 00:21:39:525</date><id>0</id><type>bounding_box</type><polygon><username>anonymous</username><pt><x>1306</x><y>2246</y><time>14-10-20 00:21:37:763</time></pt><pt><x>4361</x><y>2246</y><time>14-10-20 00:21:38:786</time></pt><pt><x>4361</x><y>453</y><time>undefined</time></pt><pt><x>1306</x><y>453</y><time>undefined</time></pt><closed_date>14-10-20 00:21:38:786</closed_date></polygon></object></annotation>