<annotation><filename>m2_s01_034_p_ic072.jpg</filename><folder>users/joselusava//kath</folder><source><submittedBy>Jose Saca</submittedBy></source><imagesize><nrows>2850</nrows><ncols>4271</ncols></imagesize><object><name>m2_s01_034_p_ic072</name><deleted>0</deleted><verified>0</verified><occluded>no</occluded><attributes></attributes><parts><hasparts></hasparts><ispartof></ispartof></parts><date>25-09-20 16:42:04:287</date><id>0</id><type>bounding_box</type><polygon><username>anonymous</username><pt><x>1303</x><y>179</y><time>25-09-20 16:41:57:976</time></pt><pt><x>2836</x><y>179</y><time>25-09-20 16:42:01:439</time></pt><pt><x>2836</x><y>2664</y><time>undefined</time></pt><pt><x>1303</x><y>2664</y><time>undefined</time></pt><closed_date>25-09-20 16:42:01:439</closed_date></polygon></object></annotation>