<annotation><filename>m1_s02_052_p_ic011.jpg</filename><folder>users/joselusava//valeria/sala2_052_ic</folder><source><submittedBy>Jose Saca</submittedBy></source><imagesize><nrows>3200</nrows><ncols>4800</ncols></imagesize><object><name>m1_s02_052_p_ic011</name><deleted>0</deleted><verified>0</verified><occluded>no</occluded><attributes></attributes><parts><hasparts></hasparts><ispartof></ispartof></parts><date>25-08-20 15:55:38:690</date><id>0</id><type>bounding_box</type><polygon><username>anonymous</username><pt><x>263</x><y>322</y><time>25-08-20 15:55:30:137</time></pt><pt><x>4521</x><y>322</y><time>25-08-20 15:55:33:995</time></pt><pt><x>4521</x><y>3189</y><time>undefined</time></pt><pt><x>263</x><y>3189</y><time>undefined</time></pt><closed_date>25-08-20 15:55:33:996</closed_date></polygon></object></annotation>