<annotation><filename>m4_s04_039_p_ic001.jpg</filename><folder>users/joselusava//santiago_2</folder><source><submittedBy>Jose Saca</submittedBy></source><imagesize><nrows>2970</nrows><ncols>4451</ncols></imagesize><object><name>m4_s04_039_p_ic001</name><deleted>0</deleted><verified>0</verified><occluded>no</occluded><attributes></attributes><parts><hasparts></hasparts><ispartof></ispartof></parts><date>20-10-20 13:47:46:219</date><id>0</id><type>bounding_box</type><polygon><username>anonymous</username><pt><x>1747</x><y>140</y><time>20-10-20 13:47:38:209</time></pt><pt><x>2499</x><y>140</y><time>20-10-20 13:47:41:014</time></pt><pt><x>2499</x><y>2750</y><time>undefined</time></pt><pt><x>1747</x><y>2750</y><time>undefined</time></pt><closed_date>20-10-20 13:47:41:014</closed_date></polygon></object></annotation>