<annotation><filename>m4_s04_039_p_ic061.jpg</filename><folder>users/joselusava//santiago_2</folder><source><submittedBy>Jose Saca</submittedBy></source><imagesize><nrows>2970</nrows><ncols>4451</ncols></imagesize><object><name>m4_s04_039_p_ic061</name><deleted>0</deleted><verified>0</verified><occluded>no</occluded><attributes></attributes><parts><hasparts></hasparts><ispartof></ispartof></parts><date>20-10-20 22:08:07:224</date><id>0</id><type>bounding_box</type><polygon><username>anonymous</username><pt><x>1681</x><y>225</y><time>20-10-20 22:08:03:678</time></pt><pt><x>2470</x><y>225</y><time>20-10-20 22:08:04:982</time></pt><pt><x>2470</x><y>2742</y><time>undefined</time></pt><pt><x>1681</x><y>2742</y><time>undefined</time></pt><closed_date>20-10-20 22:08:04:982</closed_date></polygon></object></annotation>