<annotation><filename>m1_s01_017_p_ic064.jpg</filename><folder>users/joselusava//santiago</folder><source><submittedBy>Jose Saca</submittedBy></source><imagesize><nrows>3200</nrows><ncols>4800</ncols></imagesize><object><name>m1_s01_017_p_ic064</name><deleted>0</deleted><verified>0</verified><occluded>no</occluded><attributes></attributes><parts><hasparts></hasparts><ispartof></ispartof></parts><date>10-09-20 22:42:21:671</date><id>0</id><type>bounding_box</type><polygon><username>anonymous</username><pt><x>1695</x><y>1238</y><time>10-09-20 22:42:11:622</time></pt><pt><x>2905</x><y>1238</y><time>10-09-20 22:42:13:994</time></pt><pt><x>2905</x><y>2099</y><time>undefined</time></pt><pt><x>1695</x><y>2099</y><time>undefined</time></pt><closed_date>10-09-20 22:42:13:996</closed_date></polygon></object></annotation>