<annotation><filename>m1_s02_036_p_ic032.jpg</filename><folder>users/joselusava//valeria/sala2_036_ic</folder><source><submittedBy>Jose Saca</submittedBy></source><imagesize><nrows>3200</nrows><ncols>4800</ncols></imagesize><object><name>m1_s01_036_p_ic032</name><deleted>0</deleted><verified>0</verified><occluded>no</occluded><attributes></attributes><parts><hasparts></hasparts><ispartof></ispartof></parts><date>23-08-20 02:10:12:153</date><id>0</id><type>bounding_box</type><polygon><username>anonymous</username><pt><x>1015</x><y>220</y><time>23-08-20 02:10:04:507</time></pt><pt><x>3393</x><y>220</y><time>23-08-20 02:10:07:180</time></pt><pt><x>3393</x><y>3125</y><time>undefined</time></pt><pt><x>1015</x><y>3125</y><time>undefined</time></pt><closed_date>23-08-20 02:10:07:182</closed_date></polygon></object></annotation>