<annotation><filename>m4_s12_189_x.jpg</filename><folder>users/joselusava//kath/m4_x</folder><source><submittedBy>Jose Saca</submittedBy></source><imagesize><nrows>2910</nrows><ncols>4361</ncols></imagesize><object><name>m4_s12_189_x</name><deleted>0</deleted><verified>0</verified><occluded>no</occluded><attributes></attributes><parts><hasparts></hasparts><ispartof></ispartof></parts><date>21-10-20 12:32:52:593</date><id>0</id><type>bounding_box</type><polygon><username>anonymous</username><pt><x>1446</x><y>273</y><time>21-10-20 12:32:48:313</time></pt><pt><x>2858</x><y>273</y><time>21-10-20 12:32:50:437</time></pt><pt><x>2858</x><y>2547</y><time>undefined</time></pt><pt><x>1446</x><y>2547</y><time>undefined</time></pt><closed_date>21-10-20 12:32:50:439</closed_date></polygon></object></annotation>