<annotation><filename>m1_s02_036_p_ic077.jpg</filename><folder>users/joselusava//valeria/sala2_036_ic</folder><source><submittedBy>Jose Saca</submittedBy></source><imagesize><nrows>3200</nrows><ncols>4800</ncols></imagesize><object><name>m1_s01_036_p_ic077</name><deleted>0</deleted><verified>0</verified><occluded>no</occluded><attributes></attributes><parts><hasparts></hasparts><ispartof></ispartof></parts><date>23-08-20 23:06:12:593</date><id>0</id><type>bounding_box</type><polygon><username>anonymous</username><pt><x>655</x><y>16</y><time>23-08-20 23:06:04:680</time></pt><pt><x>4381</x><y>16</y><time>23-08-20 23:06:08:939</time></pt><pt><x>4381</x><y>3157</y><time>undefined</time></pt><pt><x>655</x><y>3157</y><time>undefined</time></pt><closed_date>23-08-20 23:06:08:940</closed_date></polygon></object></annotation>