<annotation><filename>m2_s01_072_x.jpg</filename><folder>users/joselusava//juancarlos</folder><source><submittedBy>Jose Saca</submittedBy></source><imagesize><nrows>2850</nrows><ncols>4271</ncols></imagesize><object><name>m2_s01_072_x</name><deleted>0</deleted><verified>0</verified><occluded>no</occluded><attributes></attributes><parts><hasparts></hasparts><ispartof></ispartof></parts><date>28-09-20 10:48:40:579</date><id>0</id><type>bounding_box</type><polygon><username>anonymous</username><pt><x>942</x><y>260</y><time>28-09-20 10:48:30:594</time></pt><pt><x>3141</x><y>260</y><time>28-09-20 10:48:35:063</time></pt><pt><x>3141</x><y>2513</y><time>undefined</time></pt><pt><x>942</x><y>2513</y><time>undefined</time></pt><closed_date>28-09-20 10:48:35:063</closed_date></polygon></object></annotation>