<annotation><filename>m3_s01_013_p_ic035.jpg</filename><folder>users/joselusava//valeria/m03_s01_13_ic</folder><source><submittedBy>Jose Saca</submittedBy></source><imagesize><nrows>2970</nrows><ncols>4451</ncols></imagesize><object><name>m3_s01_013_p_ic034</name><deleted>0</deleted><verified>0</verified><occluded>no</occluded><attributes></attributes><parts><hasparts></hasparts><ispartof></ispartof></parts><date>29-10-20 13:34:16:460</date><id>0</id><type>bounding_box</type><polygon><username>anonymous</username><pt><x>3975</x><y>2810</y><time>29-10-20 13:34:10:411</time></pt><pt><x>440</x><y>2810</y><time>29-10-20 13:34:12:570</time></pt><pt><x>440</x><y>371</y><time>undefined</time></pt><pt><x>3975</x><y>371</y><time>undefined</time></pt><closed_date>29-10-20 13:34:12:571</closed_date></polygon></object></annotation>