<annotation><filename>m2_s07_264_p_ic014.jpg</filename><folder>users/joselusava//valeria/sala7_264_ic</folder><source><submittedBy>Jose Saca</submittedBy></source><imagesize><nrows>2910</nrows><ncols>4361</ncols></imagesize><object><name>m2_s07_264_p_ic014</name><deleted>0</deleted><verified>0</verified><occluded>no</occluded><attributes></attributes><parts><hasparts></hasparts><ispartof></ispartof></parts><date>22-09-20 18:19:41:995</date><id>0</id><type>bounding_box</type><polygon><username>anonymous</username><pt><x>2811</x><y>2309</y><time>22-09-20 18:19:36:060</time></pt><pt><x>1317</x><y>2309</y><time>22-09-20 18:19:38:911</time></pt><pt><x>1317</x><y>524</y><time>undefined</time></pt><pt><x>2811</x><y>524</y><time>undefined</time></pt><closed_date>22-09-20 18:19:38:913</closed_date></polygon></object></annotation>