<annotation><filename>m4_s10_157_p_ic017.jpg</filename><folder>users/joselusava//valeria/m04_s10_157_ic</folder><source><submittedBy>Jose Saca</submittedBy></source><imagesize><nrows>2970</nrows><ncols>4451</ncols></imagesize><object><name>m4_s10_157_p_ic017</name><deleted>0</deleted><verified>0</verified><occluded>no</occluded><attributes></attributes><parts><hasparts></hasparts><ispartof></ispartof></parts><date>12-10-20 15:55:32:095</date><id>0</id><type>bounding_box</type><polygon><username>anonymous</username><pt><x>1142</x><y>2863</y><time>12-10-20 15:55:25:426</time></pt><pt><x>3206</x><y>2863</y><time>12-10-20 15:55:27:854</time></pt><pt><x>3206</x><y>332</y><time>undefined</time></pt><pt><x>1142</x><y>332</y><time>undefined</time></pt><closed_date>12-10-20 15:55:27:855</closed_date></polygon></object></annotation>