<annotation><filename>m2_s06_250_p_ic052.jpg</filename><folder>users/joselusava//valeria/m2_sala06_250_ic</folder><source><submittedBy>Jose Saca</submittedBy></source><imagesize><nrows>2910</nrows><ncols>4361</ncols></imagesize><object><name>m2_s06_250_p_ic052</name><deleted>0</deleted><verified>0</verified><occluded>no</occluded><attributes></attributes><parts><hasparts></hasparts><ispartof></ispartof></parts><date>30-09-20 23:39:57:511</date><id>0</id><type>bounding_box</type><polygon><username>anonymous</username><pt><x>3748</x><y>1934</y><time>30-09-20 23:39:51:668</time></pt><pt><x>672</x><y>1934</y><time>30-09-20 23:39:53:677</time></pt><pt><x>672</x><y>821</y><time>undefined</time></pt><pt><x>3748</x><y>821</y><time>undefined</time></pt><closed_date>30-09-20 23:39:53:679</closed_date></polygon></object></annotation>