<annotation><filename>m1_s06_141_p_ic022.jpg</filename><folder>users/joselusava//jacob_2/141ic</folder><source><submittedBy>Jose Saca</submittedBy></source><imagesize><nrows>2736</nrows><ncols>4100</ncols></imagesize><object><name>m1_s06_141_p_ic022</name><deleted>0</deleted><verified>0</verified><occluded>no</occluded><attributes></attributes><parts><hasparts></hasparts><ispartof></ispartof></parts><date>04-09-20 17:20:49:318</date><id>0</id><type>bounding_box</type><polygon><username>anonymous</username><pt><x>2848</x><y>2439</y><time>04-09-20 17:20:46:228</time></pt><pt><x>1162</x><y>2439</y><time>04-09-20 17:20:48:444</time></pt><pt><x>1162</x><y>246</y><time>undefined</time></pt><pt><x>2848</x><y>246</y><time>undefined</time></pt><closed_date>04-09-20 17:20:48:445</closed_date></polygon></object></annotation>