<annotation><filename>m4_s04_047_p_nic087.jpg</filename><folder>users/joselusava//kath/kath_m4_047/nic</folder><source><submittedBy>Jose Saca</submittedBy></source><imagesize><nrows>2970</nrows><ncols>4451</ncols></imagesize><object><name>m4_s04_047_p_nic087</name><deleted>0</deleted><verified>0</verified><occluded>no</occluded><attributes></attributes><parts><hasparts></hasparts><ispartof></ispartof></parts><date>24-10-20 19:57:17:737</date><id>0</id><type>bounding_box</type><polygon><username>anonymous</username><pt><x>386</x><y>252</y><time>24-10-20 19:57:12:827</time></pt><pt><x>1767</x><y>252</y><time>24-10-20 19:57:14:667</time></pt><pt><x>1767</x><y>2755</y><time>undefined</time></pt><pt><x>386</x><y>2755</y><time>undefined</time></pt><closed_date>24-10-20 19:57:14:669</closed_date></polygon></object></annotation>