<annotation><filename>m4_s02_021_p_nic089.jpg</filename><folder>users/joselusava//santiago_2</folder><source><submittedBy>Jose Saca</submittedBy></source><imagesize><nrows>2910</nrows><ncols>4361</ncols></imagesize><object><name>m4_s02_021_p_nic089</name><deleted>0</deleted><verified>0</verified><occluded>no</occluded><attributes></attributes><parts><hasparts></hasparts><ispartof></ispartof></parts><date>05-10-20 11:55:46:319</date><id>0</id><type>bounding_box</type><polygon><username>anonymous</username><pt><x>696</x><y>440</y><time>05-10-20 11:55:42:422</time></pt><pt><x>1732</x><y>440</y><time>05-10-20 11:55:44:273</time></pt><pt><x>1732</x><y>2307</y><time>undefined</time></pt><pt><x>696</x><y>2307</y><time>undefined</time></pt><closed_date>05-10-20 11:55:44:274</closed_date></polygon></object></annotation>