<annotation><filename>m1_s06_144_p_ic002.jpg</filename><folder>users/joselusava//jacob_2/144ic</folder><source><submittedBy>Jose Saca</submittedBy></source><imagesize><nrows>2736</nrows><ncols>4100</ncols></imagesize><object><name>m1_s06_144_p_ic002</name><deleted>0</deleted><verified>0</verified><occluded>no</occluded><attributes></attributes><parts><hasparts></hasparts><ispartof></ispartof></parts><date>07-09-20 02:14:30:833</date><id>0</id><type>bounding_box</type><polygon><username>anonymous</username><pt><x>1146</x><y>2611</y><time>07-09-20 02:14:26:522</time></pt><pt><x>2922</x><y>2611</y><time>07-09-20 02:14:29:968</time></pt><pt><x>2922</x><y>82</y><time>undefined</time></pt><pt><x>1146</x><y>82</y><time>undefined</time></pt><closed_date>07-09-20 02:14:29:968</closed_date></polygon></object></annotation>