<annotation><filename>m3_s01_023_p.jpg</filename><folder>users/joselusava//santiago_3</folder><source><submittedBy>Jose Saca</submittedBy></source><imagesize><nrows>2970</nrows><ncols>4451</ncols></imagesize><object><name>m3_s01_023_p</name><deleted>0</deleted><verified>0</verified><occluded>no</occluded><attributes></attributes><parts><hasparts></hasparts><ispartof></ispartof></parts><date>04-11-20 18:29:25:426</date><id>0</id><type>bounding_box</type><polygon><username>anonymous</username><pt><x>581</x><y>301</y><time>04-11-20 18:28:14:402</time></pt><pt><x>3919</x><y>301</y><time>04-11-20 18:28:16:571</time></pt><pt><x>3919</x><y>2496</y><time>undefined</time></pt><pt><x>581</x><y>2496</y><time>undefined</time></pt><closed_date>04-11-20 18:28:16:571</closed_date></polygon></object></annotation>