<annotation><filename>m2_s03_248_p_nic003.jpg</filename><folder>users/joselusava//museos2020</folder><source><submittedBy>Jose Saca</submittedBy></source><imagesize><nrows>2910</nrows><ncols>4361</ncols></imagesize><object><name>m2_s03_248_p_nic003</name><deleted>0</deleted><verified>0</verified><occluded>no</occluded><attributes></attributes><parts><hasparts></hasparts><ispartof></ispartof></parts><date>27-09-20 09:53:13:050</date><id>0</id><polygon><username>anonymous</username><pt><x>2036</x><y>1246</y><time>27-09-20 09:53:04:616</time></pt><pt><x>3789</x><y>1232</y><time>27-09-20 09:53:05:689</time></pt><pt><x>4026</x><y>1478</y><time>27-09-20 09:53:06:479</time></pt><pt><x>2682</x><y>2092</y><time>27-09-20 09:53:07:464</time></pt><closed_date>27-09-20 09:53:08:248</closed_date></polygon></object></annotation>