<annotation><filename>m4_s04_045_p_nic083.jpg</filename><folder>users/joselusava//valeria/m04_s04_45_nic</folder><source><submittedBy>Jose Saca</submittedBy></source><imagesize><nrows>2970</nrows><ncols>4451</ncols></imagesize><object><name>m4_s04_045_p_nic083</name><deleted>0</deleted><verified>0</verified><occluded>no</occluded><attributes></attributes><parts><hasparts></hasparts><ispartof></ispartof></parts><date>20-10-20 15:41:36:345</date><id>0</id><type>bounding_box</type><polygon><username>anonymous</username><pt><x>3484</x><y>2079</y><time>20-10-20 15:41:31:801</time></pt><pt><x>4038</x><y>2079</y><time>20-10-20 15:41:33:679</time></pt><pt><x>4038</x><y>1376</y><time>undefined</time></pt><pt><x>3484</x><y>1376</y><time>undefined</time></pt><closed_date>20-10-20 15:41:33:680</closed_date></polygon></object></annotation>