<annotation><filename>m1_s02_065_p_nic004.jpg</filename><folder>users/joselusava//valeria/sala2_065_nic</folder><source><submittedBy>Jose Saca</submittedBy></source><imagesize><nrows>2000</nrows><ncols>2992</ncols></imagesize><object><name>m1_s02_065_p_nic004</name><deleted>0</deleted><verified>0</verified><occluded>no</occluded><attributes></attributes><parts><hasparts></hasparts><ispartof></ispartof></parts><date>27-08-20 21:36:29:128</date><id>0</id><type>bounding_box</type><polygon><username>anonymous</username><pt><x>1601</x><y>1322</y><time>27-08-20 21:36:23:576</time></pt><pt><x>218</x><y>1322</y><time>27-08-20 21:36:25:652</time></pt><pt><x>218</x><y>765</y><time>undefined</time></pt><pt><x>1601</x><y>765</y><time>undefined</time></pt><closed_date>27-08-20 21:36:25:653</closed_date></polygon></object></annotation>