<annotation><filename>m2_s01_054_p_ic095.jpg</filename><folder>users/joselusava//kath</folder><source><submittedBy>Jose Saca</submittedBy></source><imagesize><nrows>2850</nrows><ncols>4271</ncols></imagesize><object><name>m2_s01_054_p_ic095</name><deleted>0</deleted><verified>0</verified><occluded>no</occluded><attributes></attributes><parts><hasparts></hasparts><ispartof></ispartof></parts><date>30-09-20 10:51:25:173</date><id>0</id><type>bounding_box</type><polygon><username>anonymous</username><pt><x>1411</x><y>435</y><time>30-09-20 10:51:18:134</time></pt><pt><x>2710</x><y>435</y><time>30-09-20 10:51:22:303</time></pt><pt><x>2710</x><y>2773</y><time>undefined</time></pt><pt><x>1411</x><y>2773</y><time>undefined</time></pt><closed_date>30-09-20 10:51:22:304</closed_date></polygon></object></annotation>