<annotation><filename>m4_s11_178_p_nic041.jpg</filename><folder>users/joselusava//santiago_2</folder><source><submittedBy>Jose Saca</submittedBy></source><imagesize><nrows>2970</nrows><ncols>4451</ncols></imagesize><object><name>m4_s11_178_p_nic041</name><deleted>0</deleted><verified>0</verified><occluded>no</occluded><attributes></attributes><parts><hasparts></hasparts><ispartof></ispartof></parts><date>16-10-20 09:23:14:061</date><id>0</id><type>bounding_box</type><polygon><username>anonymous</username><pt><x>2643</x><y>1316</y><time>16-10-20 09:23:10:545</time></pt><pt><x>3892</x><y>1316</y><time>16-10-20 09:23:11:996</time></pt><pt><x>3892</x><y>2776</y><time>undefined</time></pt><pt><x>2643</x><y>2776</y><time>undefined</time></pt><closed_date>16-10-20 09:23:11:997</closed_date></polygon></object></annotation>