<annotation><filename>m2_s07_264_p_nic044.jpg</filename><folder>users/joselusava//valeria/sala7_264_nic</folder><source><submittedBy>Jose Saca</submittedBy></source><imagesize><nrows>2910</nrows><ncols>4361</ncols></imagesize><object><name>m2_s07_264_p_nic044</name><deleted>0</deleted><verified>0</verified><occluded>no</occluded><attributes></attributes><parts><hasparts></hasparts><ispartof></ispartof></parts><date>23-09-20 20:30:58:013</date><id>0</id><type>bounding_box</type><polygon><username>anonymous</username><pt><x>1405</x><y>2750</y><time>23-09-20 20:30:52:512</time></pt><pt><x>2612</x><y>2750</y><time>23-09-20 20:30:54:872</time></pt><pt><x>2612</x><y>1014</y><time>undefined</time></pt><pt><x>1405</x><y>1014</y><time>undefined</time></pt><closed_date>23-09-20 20:30:54:873</closed_date></polygon></object></annotation>