<annotation><filename>img_m1_s10_303_p_nic022.jpg</filename><folder>users/joselusava//santiago</folder><source><submittedBy>Jose Saca</submittedBy></source><imagesize><nrows>3200</nrows><ncols>4800</ncols></imagesize><object><name>m1_s10_303_p_nic022</name><deleted>0</deleted><verified>0</verified><occluded>no</occluded><attributes></attributes><parts><hasparts></hasparts><ispartof></ispartof></parts><date>01-09-20 20:07:16:478</date><id>0</id><type>bounding_box</type><polygon><username>anonymous</username><pt><x>1782</x><y>2203</y><time>01-09-20 20:07:08:452</time></pt><pt><x>3337</x><y>2203</y><time>01-09-20 20:07:09:830</time></pt><pt><x>3337</x><y>3006</y><time>undefined</time></pt><pt><x>1782</x><y>3006</y><time>undefined</time></pt><closed_date>01-09-20 20:07:09:831</closed_date></polygon></object></annotation>