<annotation><filename>m4_s02_015_p_nic097.jpg</filename><folder>users/joselusava//m4_js/15nic</folder><source><submittedBy>Jose Saca</submittedBy></source><imagesize><nrows>2910</nrows><ncols>4361</ncols></imagesize><object><name>m4_s02_015_p_nic097</name><deleted>0</deleted><verified>0</verified><occluded>no</occluded><attributes></attributes><parts><hasparts></hasparts><ispartof></ispartof></parts><date>06-10-20 20:22:17:475</date><id>0</id><type>bounding_box</type><polygon><username>anonymous</username><pt><x>1184</x><y>9</y><time>06-10-20 20:22:15:652</time></pt><pt><x>2977</x><y>9</y><time>06-10-20 20:22:16:713</time></pt><pt><x>2977</x><y>1602</y><time>undefined</time></pt><pt><x>1184</x><y>1602</y><time>undefined</time></pt><closed_date>06-10-20 20:22:16:713</closed_date></polygon></object></annotation>