<annotation><filename>m4_s10_154_p_ic088.jpg</filename><folder>users/joselusava//valeria/m04_s10_154_ic</folder><source><submittedBy>Jose Saca</submittedBy></source><imagesize><nrows>2970</nrows><ncols>4451</ncols></imagesize><object><name>m4_s10_154_p_ic088</name><deleted>0</deleted><verified>0</verified><occluded>no</occluded><attributes></attributes><parts><hasparts></hasparts><ispartof></ispartof></parts><date>13-10-20 23:14:56:536</date><id>0</id><type>bounding_box</type><polygon><username>anonymous</username><pt><x>1011</x><y>2724</y><time>13-10-20 23:14:50:770</time></pt><pt><x>3267</x><y>2724</y><time>13-10-20 23:14:53:244</time></pt><pt><x>3267</x><y>434</y><time>undefined</time></pt><pt><x>1011</x><y>434</y><time>undefined</time></pt><closed_date>13-10-20 23:14:53:245</closed_date></polygon></object></annotation>