<annotation><filename>m3_s01_018_p_ic003.jpg</filename><folder>users/joselusava//m4_js/18/ic</folder><source><submittedBy>Jose Saca</submittedBy></source><imagesize><nrows>2970</nrows><ncols>4451</ncols></imagesize><object><name>m3_s01_018_p_ic003</name><deleted>0</deleted><verified>0</verified><occluded>no</occluded><attributes></attributes><parts><hasparts></hasparts><ispartof></ispartof></parts><date>05-11-20 10:14:03:012</date><id>0</id><type>bounding_box</type><polygon><username>anonymous</username><pt><x>3167</x><y>2599</y><time>05-11-20 10:13:59:337</time></pt><pt><x>21</x><y>2599</y><time>05-11-20 10:14:01:744</time></pt><pt><x>21</x><y>63</y><time>undefined</time></pt><pt><x>3167</x><y>63</y><time>undefined</time></pt><closed_date>05-11-20 10:14:01:744</closed_date></polygon></object></annotation>