<annotation><filename>m1_s01_021_p_ic083.jpg</filename><folder>users/joselusava//santiago</folder><source><submittedBy>Jose Saca</submittedBy></source><imagesize><nrows>3200</nrows><ncols>4800</ncols></imagesize><object><name>m1_s01_021_p_ic083</name><deleted>0</deleted><verified>0</verified><occluded>no</occluded><attributes></attributes><parts><hasparts></hasparts><ispartof></ispartof></parts><date>15-09-20 00:08:57:831</date><id>0</id><type>bounding_box</type><polygon><username>anonymous</username><pt><x>1353</x><y>839</y><time>15-09-20 00:08:47:537</time></pt><pt><x>2617</x><y>839</y><time>15-09-20 00:08:49:959</time></pt><pt><x>2617</x><y>2358</y><time>undefined</time></pt><pt><x>1353</x><y>2358</y><time>undefined</time></pt><closed_date>15-09-20 00:08:49:960</closed_date></polygon></object></annotation>