<annotation><filename>m2_s01_018_p.jpg</filename><folder>users/joselusava//santiago_2</folder><source><submittedBy>Jose Saca</submittedBy></source><imagesize><nrows>2850</nrows><ncols>4271</ncols></imagesize><object><name>m2_s01_018_p</name><deleted>0</deleted><verified>0</verified><occluded>no</occluded><attributes></attributes><parts><hasparts></hasparts><ispartof></ispartof></parts><date>26-09-20 19:03:25:651</date><id>0</id><type>bounding_box</type><polygon><username>anonymous</username><pt><x>1260</x><y>596</y><time>26-09-20 19:03:15:149</time></pt><pt><x>2863</x><y>596</y><time>26-09-20 19:03:16:628</time></pt><pt><x>2863</x><y>2536</y><time>undefined</time></pt><pt><x>1260</x><y>2536</y><time>undefined</time></pt><closed_date>26-09-20 19:03:16:630</closed_date></polygon></object></annotation>