<annotation><filename>m1_s02_065_p_ic048.jpg</filename><folder>users/joselusava//valeria/sala2_065_ic</folder><source><submittedBy>Jose Saca</submittedBy></source><imagesize><nrows>2000</nrows><ncols>2992</ncols></imagesize><object><name>m1_s02_065_p_ic048</name><deleted>0</deleted><verified>0</verified><occluded>no</occluded><attributes></attributes><parts><hasparts></hasparts><ispartof></ispartof></parts><date>25-08-20 23:55:02:764</date><id>0</id><type>bounding_box</type><polygon><username>anonymous</username><pt><x>161</x><y>211</y><time>25-08-20 23:54:54:121</time></pt><pt><x>2956</x><y>211</y><time>25-08-20 23:54:56:407</time></pt><pt><x>2956</x><y>1564</y><time>undefined</time></pt><pt><x>161</x><y>1564</y><time>undefined</time></pt><closed_date>25-08-20 23:54:56:408</closed_date></polygon></object></annotation>