<annotation><filename>m2_s06_250_p_ic096.jpg</filename><folder>users/joselusava//valeria/m2_sala06_250_ic</folder><source><submittedBy>Jose Saca</submittedBy></source><imagesize><nrows>2910</nrows><ncols>4361</ncols></imagesize><object><name>m2_s06_250_p_ic095</name><deleted>0</deleted><verified>0</verified><occluded>no</occluded><attributes></attributes><parts><hasparts></hasparts><ispartof></ispartof></parts><date>01-10-20 12:15:37:102</date><id>0</id><type>bounding_box</type><polygon><username>anonymous</username><pt><x>424</x><y>1747</y><time>01-10-20 12:15:30:986</time></pt><pt><x>4034</x><y>1747</y><time>01-10-20 12:15:32:684</time></pt><pt><x>4034</x><y>1031</y><time>undefined</time></pt><pt><x>424</x><y>1031</y><time>undefined</time></pt><closed_date>01-10-20 12:15:32:685</closed_date></polygon></object></annotation>