<annotation><filename>m1_s02_036_p_ic038.jpg</filename><folder>users/joselusava//valeria/sala2_036_ic</folder><source><submittedBy>Jose Saca</submittedBy></source><imagesize><nrows>3200</nrows><ncols>4800</ncols></imagesize><object><name>m1_s01_036_p_ic038</name><deleted>0</deleted><verified>0</verified><occluded>no</occluded><attributes></attributes><parts><hasparts></hasparts><ispartof></ispartof></parts><date>23-08-20 02:26:13:006</date><id>0</id><type>bounding_box</type><polygon><username>anonymous</username><pt><x>1117</x><y>0</y><time>23-08-20 02:26:04:891</time></pt><pt><x>3286</x><y>0</y><time>23-08-20 02:26:08:964</time></pt><pt><x>3286</x><y>2824</y><time>undefined</time></pt><pt><x>1117</x><y>2824</y><time>undefined</time></pt><closed_date>23-08-20 02:26:08:966</closed_date></polygon></object></annotation>