<annotation><filename>m2_s05_236_p_ic026.jpg</filename><folder>users/joselusava//museos2020</folder><source><submittedBy>Jose Saca</submittedBy></source><imagesize><nrows>2910</nrows><ncols>4361</ncols></imagesize><object><name>m2_s05_236_p_ic026</name><deleted>0</deleted><verified>0</verified><occluded>no</occluded><attributes></attributes><parts><hasparts></hasparts><ispartof></ispartof></parts><date>16-09-20 18:12:50:426</date><id>0</id><type>bounding_box</type><polygon><username>anonymous</username><pt><x>246</x><y>79</y><time>16-09-20 18:12:43:124</time></pt><pt><x>3798</x><y>79</y><time>16-09-20 18:12:45:246</time></pt><pt><x>3798</x><y>2877</y><time>undefined</time></pt><pt><x>246</x><y>2877</y><time>undefined</time></pt><closed_date>16-09-20 18:12:45:247</closed_date></polygon></object></annotation>