<annotation><filename>m2_s03_201_p_nic022.jpg</filename><folder>users/joselusava//valeria/m2_sala03_201_nic</folder><source><submittedBy>Jose Saca</submittedBy></source><imagesize><nrows>2910</nrows><ncols>4361</ncols></imagesize><object><name>m2_s03_201_p_nic022</name><deleted>0</deleted><verified>0</verified><occluded>no</occluded><attributes></attributes><parts><hasparts></hasparts><ispartof></ispartof></parts><date>29-09-20 22:57:36:988</date><id>0</id><type>bounding_box</type><polygon><username>anonymous</username><pt><x>2210</x><y>2629</y><time>29-09-20 22:57:31:374</time></pt><pt><x>4018</x><y>2629</y><time>29-09-20 22:57:33:934</time></pt><pt><x>4018</x><y>810</y><time>undefined</time></pt><pt><x>2210</x><y>810</y><time>undefined</time></pt><closed_date>29-09-20 22:57:33:937</closed_date></polygon></object></annotation>