<annotation><filename>m2_s01_058_p_ic075.jpg</filename><folder>users/joselusava//m2_jsv/58/ic</folder><source><submittedBy>Jose Saca</submittedBy></source><imagesize><nrows>2850</nrows><ncols>4271</ncols></imagesize><object><name>m2_s01_058_p_ic075</name><deleted>0</deleted><verified>0</verified><occluded>no</occluded><attributes></attributes><parts><hasparts></hasparts><ispartof></ispartof></parts><date>29-09-20 14:28:03:229</date><id>0</id><type>bounding_box</type><polygon><username>anonymous</username><pt><x>3660</x><y>280</y><time>29-09-20 14:27:59:589</time></pt><pt><x>357</x><y>280</y><time>29-09-20 14:28:02:129</time></pt><pt><x>357</x><y>2819</y><time>undefined</time></pt><pt><x>3660</x><y>2819</y><time>undefined</time></pt><closed_date>29-09-20 14:28:02:129</closed_date></polygon></object></annotation>