<annotation><filename>m2_s03_201_p_nic077.jpg</filename><folder>users/joselusava//valeria/m2_sala03_201_nic</folder><source><submittedBy>Jose Saca</submittedBy></source><imagesize><nrows>2910</nrows><ncols>4361</ncols></imagesize><object><name>m2_s03_201_p_nic077</name><deleted>0</deleted><verified>0</verified><occluded>no</occluded><attributes></attributes><parts><hasparts></hasparts><ispartof></ispartof></parts><date>29-09-20 23:54:26:209</date><id>0</id><type>bounding_box</type><polygon><username>anonymous</username><pt><x>2188</x><y>2205</y><time>29-09-20 23:54:21:291</time></pt><pt><x>535</x><y>2205</y><time>29-09-20 23:54:23:228</time></pt><pt><x>535</x><y>88</y><time>undefined</time></pt><pt><x>2188</x><y>88</y><time>undefined</time></pt><closed_date>29-09-20 23:54:23:229</closed_date></polygon></object></annotation>