<annotation><filename>m2_s01_001_p_nic074.jpg</filename><folder>users/joselusava//santiago</folder><source><submittedBy>Jose Saca</submittedBy></source><imagesize><nrows>2850</nrows><ncols>4271</ncols></imagesize><object><name>m2_s01_001_p_nic074</name><deleted>0</deleted><verified>0</verified><occluded>no</occluded><attributes></attributes><parts><hasparts></hasparts><ispartof></ispartof></parts><date>19-09-20 23:21:12:296</date><id>0</id><type>bounding_box</type><polygon><username>anonymous</username><pt><x>154</x><y>869</y><time>19-09-20 23:21:04:534</time></pt><pt><x>1433</x><y>869</y><time>19-09-20 23:21:05:467</time></pt><pt><x>1433</x><y>1891</y><time>undefined</time></pt><pt><x>154</x><y>1891</y><time>undefined</time></pt><closed_date>19-09-20 23:21:05:468</closed_date></polygon></object></annotation>