<annotation><filename>m2_s06_250_p_ic039.jpg</filename><folder>users/joselusava//valeria/m2_sala06_250_ic</folder><source><submittedBy>Jose Saca</submittedBy></source><imagesize><nrows>2910</nrows><ncols>4361</ncols></imagesize><object><name>m2_s06_250_p_ic039</name><deleted>0</deleted><verified>0</verified><occluded>no</occluded><attributes></attributes><parts><hasparts></hasparts><ispartof></ispartof></parts><date>30-09-20 22:37:45:910</date><id>0</id><type>bounding_box</type><polygon><username>anonymous</username><pt><x>3665</x><y>2276</y><time>30-09-20 22:37:39:855</time></pt><pt><x>1168</x><y>2276</y><time>30-09-20 22:37:42:542</time></pt><pt><x>1168</x><y>788</y><time>undefined</time></pt><pt><x>3665</x><y>788</y><time>undefined</time></pt><closed_date>30-09-20 22:37:42:543</closed_date></polygon></object></annotation>