<annotation><filename>m4_s05_055_p_ic017.jpg</filename><folder>users/joselusava//valeria/m4_s05_055_ic</folder><source><submittedBy>Jose Saca</submittedBy></source><imagesize><nrows>2910</nrows><ncols>4361</ncols></imagesize><object><name>m4_s05_055_p_ic017</name><deleted>0</deleted><verified>0</verified><occluded>no</occluded><attributes></attributes><parts><hasparts></hasparts><ispartof></ispartof></parts><date>08-10-20 21:48:52:242</date><id>0</id><type>bounding_box</type><polygon><username>anonymous</username><pt><x>1273</x><y>413</y><time>08-10-20 21:48:46:868</time></pt><pt><x>3180</x><y>413</y><time>08-10-20 21:48:48:682</time></pt><pt><x>3180</x><y>2403</y><time>undefined</time></pt><pt><x>1273</x><y>2403</y><time>undefined</time></pt><closed_date>08-10-20 21:48:48:684</closed_date></polygon></object></annotation>