<annotation><filename>m2_s03_252_p_ic071.jpg</filename><folder>users/joselusava//valeria/m2_sala03_252_ic</folder><source><submittedBy>Jose Saca</submittedBy></source><imagesize><nrows>2910</nrows><ncols>4361</ncols></imagesize><object><name>m2_s06_252_p_ic069</name><deleted>0</deleted><verified>0</verified><occluded>no</occluded><attributes/><parts><hasparts/><ispartof/></parts><date>26-09-20 16:12:29:865</date><id>0</id><type>bounding_box</type><polygon><username>anonymous</username><pt><x>3610</x><y>435</y><time>26-09-20 16:12:23:203</time></pt><pt><x>557</x><y>435</y><time>26-09-20 16:12:25:783</time></pt><pt><x>557</x><y>2436</y><time>undefined</time></pt><pt><x>3610</x><y>2436</y><time>undefined</time></pt><closed_date>26-09-20 16:12:25:785</closed_date></polygon></object><object><name>m2_s06_252_p_ic071</name><deleted>0</deleted><verified>0</verified><occluded>no</occluded><attributes></attributes><parts><hasparts></hasparts><ispartof></ispartof></parts><date>27-09-20 13:01:03:374</date><id>1</id><type>bounding_box</type><polygon><username>anonymous</username><pt><x>540</x><y>419</y><time>27-09-20 13:00:56:248</time></pt><pt><x>3615</x><y>419</y><time>27-09-20 13:00:59:573</time></pt><pt><x>3615</x><y>2419</y><time>undefined</time></pt><pt><x>540</x><y>2419</y><time>undefined</time></pt><closed_date>27-09-20 13:00:59:574</closed_date></polygon></object></annotation>