<annotation><filename>m2_s06_247_x.jpg</filename><folder>users/joselusava//museos2020</folder><source><submittedBy>Jose Saca</submittedBy></source><imagesize><nrows>2910</nrows><ncols>4361</ncols></imagesize><object><name>m2_s06_247_x</name><deleted>0</deleted><verified>0</verified><occluded>no</occluded><attributes></attributes><parts><hasparts></hasparts><ispartof></ispartof></parts><date>27-09-20 21:54:02:387</date><id>0</id><type>bounding_box</type><polygon><username>anonymous</username><pt><x>1302</x><y>209</y><time>27-09-20 21:53:53:621</time></pt><pt><x>3059</x><y>209</y><time>27-09-20 21:53:56:055</time></pt><pt><x>3059</x><y>2626</y><time>undefined</time></pt><pt><x>1302</x><y>2626</y><time>undefined</time></pt><closed_date>27-09-20 21:53:56:056</closed_date></polygon></object></annotation>