<annotation><filename>m4_s10_164_p_nic060.jpg</filename><folder>users/joselusava//santiago_2</folder><source><submittedBy>Jose Saca</submittedBy></source><imagesize><nrows>2970</nrows><ncols>4451</ncols></imagesize><object><name>m4_s10_164_p_nic060</name><deleted>0</deleted><verified>0</verified><occluded>no</occluded><attributes></attributes><parts><hasparts></hasparts><ispartof></ispartof></parts><date>14-10-20 13:39:28:663</date><id>0</id><type>bounding_box</type><polygon><username>anonymous</username><pt><x>2495</x><y>1995</y><time>14-10-20 13:39:24:952</time></pt><pt><x>2963</x><y>1995</y><time>14-10-20 13:39:25:995</time></pt><pt><x>2963</x><y>2649</y><time>undefined</time></pt><pt><x>2495</x><y>2649</y><time>undefined</time></pt><closed_date>14-10-20 13:39:25:995</closed_date></polygon></object></annotation>