<annotation><filename>m3_s01_023_p_ic046.jpg</filename><folder>users/joselusava//santiago_3</folder><source><submittedBy>Jose Saca</submittedBy></source><imagesize><nrows>2970</nrows><ncols>4451</ncols></imagesize><object><name>m3_s01_023_p_ic046</name><deleted>0</deleted><verified>0</verified><occluded>no</occluded><attributes></attributes><parts><hasparts></hasparts><ispartof></ispartof></parts><date>04-11-20 19:20:31:668</date><id>0</id><type>bounding_box</type><polygon><username>anonymous</username><pt><x>603</x><y>450</y><time>04-11-20 19:20:28:061</time></pt><pt><x>3702</x><y>450</y><time>04-11-20 19:20:29:625</time></pt><pt><x>3702</x><y>2452</y><time>undefined</time></pt><pt><x>603</x><y>2452</y><time>undefined</time></pt><closed_date>04-11-20 19:20:29:625</closed_date></polygon></object></annotation>