<annotation><filename>m4_s11_176_p_ic074.jpg</filename><folder>users/joselusava//m4_js/176/ic</folder><source><submittedBy>Jose Saca</submittedBy></source><imagesize><nrows>2970</nrows><ncols>4451</ncols></imagesize><object><name>m4_s11_176_p_ic074</name><deleted>0</deleted><verified>0</verified><occluded>no</occluded><attributes></attributes><parts><hasparts></hasparts><ispartof></ispartof></parts><date>15-10-20 09:58:25:720</date><id>0</id><type>bounding_box</type><polygon><username>anonymous</username><pt><x>2994</x><y>2265</y><time>15-10-20 09:58:24:193</time></pt><pt><x>1377</x><y>2265</y><time>15-10-20 09:58:25:146</time></pt><pt><x>1377</x><y>586</y><time>undefined</time></pt><pt><x>2994</x><y>586</y><time>undefined</time></pt><closed_date>15-10-20 09:58:25:146</closed_date></polygon></object></annotation>