<annotation><filename>m2_s06_244_p_ic017.jpg</filename><folder>users/joselusava//museos2020</folder><source><submittedBy>Jose Saca</submittedBy></source><imagesize><nrows>2910</nrows><ncols>4361</ncols></imagesize><object><name>m2_s06_244_p_ic017</name><deleted>0</deleted><verified>0</verified><occluded>no</occluded><attributes></attributes><parts><hasparts></hasparts><ispartof></ispartof></parts><date>22-09-20 12:05:38:555</date><id>0</id><type>bounding_box</type><polygon><username>anonymous</username><pt><x>1376</x><y>1054</y><time>22-09-20 12:05:31:049</time></pt><pt><x>3175</x><y>1054</y><time>22-09-20 12:05:32:982</time></pt><pt><x>3175</x><y>1813</y><time>undefined</time></pt><pt><x>1376</x><y>1813</y><time>undefined</time></pt><closed_date>22-09-20 12:05:32:983</closed_date></polygon></object></annotation>