<annotation><filename>m4_s10_157_p_ic091.jpg</filename><folder>users/joselusava//valeria/m04_s10_157_nic</folder><source><submittedBy>Jose Saca</submittedBy></source><imagesize><nrows>2970</nrows><ncols>4451</ncols></imagesize><object><name>m4_s10_157_p_nic091</name><deleted>0</deleted><verified>0</verified><occluded>no</occluded><attributes></attributes><parts><hasparts></hasparts><ispartof></ispartof></parts><date>12-10-20 22:08:41:134</date><id>0</id><type>bounding_box</type><polygon><username>anonymous</username><pt><x>4202</x><y>2700</y><time>12-10-20 22:08:35:582</time></pt><pt><x>2222</x><y>2700</y><time>12-10-20 22:08:37:865</time></pt><pt><x>2222</x><y>377</y><time>undefined</time></pt><pt><x>4202</x><y>377</y><time>undefined</time></pt><closed_date>12-10-20 22:08:37:865</closed_date></polygon></object></annotation>