<annotation><filename>m4_s02_015_p_ic007.jpg</filename><folder>users/joselusava//m4_js/15ic</folder><source><submittedBy>Jose Saca</submittedBy></source><imagesize><nrows>2910</nrows><ncols>4361</ncols></imagesize><object><name>m4_s02_015_p_ic007</name><deleted>0</deleted><verified>0</verified><occluded>no</occluded><attributes></attributes><parts><hasparts></hasparts><ispartof></ispartof></parts><date>03-10-20 19:08:28:157</date><id>0</id><type>bounding_box</type><polygon><username>anonymous</username><pt><x>3116</x><y>2333</y><time>03-10-20 19:08:25:917</time></pt><pt><x>1515</x><y>2333</y><time>03-10-20 19:08:27:426</time></pt><pt><x>1515</x><y>548</y><time>undefined</time></pt><pt><x>3116</x><y>548</y><time>undefined</time></pt><closed_date>03-10-20 19:08:27:426</closed_date></polygon></object></annotation>