<annotation><filename>m2_s03_201_p_ic023.jpg</filename><folder>users/joselusava//eg</folder><source><submittedBy>Jose Saca</submittedBy></source><imagesize><nrows>3000</nrows><ncols>4496</ncols></imagesize><object><name>m2_s03_219_p_ic023</name><deleted>0</deleted><verified>0</verified><occluded>no</occluded><attributes></attributes><parts><hasparts></hasparts><ispartof></ispartof></parts><date>16-09-20 13:13:13:243</date><id>0</id><type>bounding_box</type><polygon><username>anonymous</username><pt><x>968</x><y>133</y><time>16-09-20 13:12:58:433</time></pt><pt><x>3754</x><y>133</y><time>16-09-20 13:12:59:615</time></pt><pt><x>3754</x><y>2889</y><time>undefined</time></pt><pt><x>968</x><y>2889</y><time>undefined</time></pt><closed_date>16-09-20 13:12:59:617</closed_date></polygon></object></annotation>