<annotation><filename>m1_s02_036_p_nic062.jpg</filename><folder>users/joselusava//valeria/sala2_036_nic</folder><source><submittedBy>Jose Saca</submittedBy></source><imagesize><nrows>3200</nrows><ncols>4800</ncols></imagesize><object><name>m1_s02_036_p_nic062</name><deleted>0</deleted><verified>0</verified><occluded>no</occluded><attributes></attributes><parts><hasparts></hasparts><ispartof></ispartof></parts><date>27-08-20 01:03:34:116</date><id>0</id><type>bounding_box</type><polygon><username>anonymous</username><pt><x>4333</x><y>97</y><time>27-08-20 01:03:24:691</time></pt><pt><x>2341</x><y>97</y><time>27-08-20 01:03:30:156</time></pt><pt><x>2341</x><y>2642</y><time>undefined</time></pt><pt><x>4333</x><y>2642</y><time>undefined</time></pt><closed_date>27-08-20 01:03:30:159</closed_date></polygon></object></annotation>