<annotation><filename>m2_s07_264_p_nic023.jpg</filename><folder>users/joselusava//valeria/sala7_264_nic</folder><source><submittedBy>Jose Saca</submittedBy></source><imagesize><nrows>2910</nrows><ncols>4361</ncols></imagesize><object><name>m2_s07_264_p_nic023</name><deleted>0</deleted><verified>0</verified><occluded>no</occluded><attributes></attributes><parts><hasparts></hasparts><ispartof></ispartof></parts><date>23-09-20 19:45:56:304</date><id>0</id><type>bounding_box</type><polygon><username>anonymous</username><pt><x>2442</x><y>2739</y><time>23-09-20 19:45:51:132</time></pt><pt><x>3886</x><y>2739</y><time>23-09-20 19:45:53:496</time></pt><pt><x>3886</x><y>1069</y><time>undefined</time></pt><pt><x>2442</x><y>1069</y><time>undefined</time></pt><closed_date>23-09-20 19:45:53:497</closed_date></polygon></object></annotation>