<annotation><filename>m2_s01_010_p_nic064.jpg</filename><folder>users/joselusava//santiago</folder><source><submittedBy>Jose Saca</submittedBy></source><imagesize><nrows>2850</nrows><ncols>4271</ncols></imagesize><object><name>m2_s01_010_p_nic064</name><deleted>0</deleted><verified>0</verified><occluded>no</occluded><attributes></attributes><parts><hasparts></hasparts><ispartof></ispartof></parts><date>22-09-20 21:16:32:552</date><id>0</id><type>bounding_box</type><polygon><username>anonymous</username><pt><x>436</x><y>1597</y><time>22-09-20 21:16:25:100</time></pt><pt><x>1093</x><y>1597</y><time>22-09-20 21:16:26:779</time></pt><pt><x>1093</x><y>2353</y><time>undefined</time></pt><pt><x>436</x><y>2353</y><time>undefined</time></pt><closed_date>22-09-20 21:16:26:779</closed_date></polygon></object></annotation>