<annotation><filename>m2_s02_129_p_nic053.jpg</filename><folder>users/joselusava//m2_jsv/129/nic</folder><source><submittedBy>Jose Saca</submittedBy></source><imagesize><nrows>2910</nrows><ncols>4361</ncols></imagesize><object><name>m2_s02_129_p_nic053</name><deleted>0</deleted><verified>0</verified><occluded>no</occluded><attributes></attributes><parts><hasparts></hasparts><ispartof></ispartof></parts><date>25-09-20 07:57:17:398</date><id>0</id><type>bounding_box</type><polygon><username>anonymous</username><pt><x>1271</x><y>1863</y><time>25-09-20 07:57:15:200</time></pt><pt><x>296</x><y>1863</y><time>25-09-20 07:57:16:479</time></pt><pt><x>296</x><y>879</y><time>undefined</time></pt><pt><x>1271</x><y>879</y><time>undefined</time></pt><closed_date>25-09-20 07:57:16:480</closed_date></polygon></object></annotation>