<annotation><filename>m1_s02_065_p_ic095.jpg</filename><folder>users/joselusava//valeria/sala2_065_ic</folder><source><submittedBy>Jose Saca</submittedBy></source><imagesize><nrows>2000</nrows><ncols>2992</ncols></imagesize><object><name>m1_s02_065_p_ic095</name><deleted>0</deleted><verified>0</verified><occluded>no</occluded><attributes></attributes><parts><hasparts></hasparts><ispartof></ispartof></parts><date>26-08-20 01:44:44:402</date><id>0</id><type>bounding_box</type><polygon><username>anonymous</username><pt><x>77</x><y>389</y><time>26-08-20 01:44:38:139</time></pt><pt><x>2560</x><y>389</y><time>26-08-20 01:44:40:831</time></pt><pt><x>2560</x><y>1735</y><time>undefined</time></pt><pt><x>77</x><y>1735</y><time>undefined</time></pt><closed_date>26-08-20 01:44:40:832</closed_date></polygon></object></annotation>