<annotation><filename>m2_s06_250_p_ic067.jpg</filename><folder>users/joselusava//valeria/m2_sala06_250_ic</folder><source><submittedBy>Jose Saca</submittedBy></source><imagesize><nrows>2910</nrows><ncols>4361</ncols></imagesize><object><name>m2_s06_250_p_ic066</name><deleted>0</deleted><verified>0</verified><occluded>no</occluded><attributes></attributes><parts><hasparts></hasparts><ispartof></ispartof></parts><date>30-09-20 23:54:01:376</date><id>0</id><type>bounding_box</type><polygon><username>anonymous</username><pt><x>441</x><y>2408</y><time>30-09-20 23:53:55:289</time></pt><pt><x>4128</x><y>2408</y><time>30-09-20 23:53:57:480</time></pt><pt><x>4128</x><y>656</y><time>undefined</time></pt><pt><x>441</x><y>656</y><time>undefined</time></pt><closed_date>30-09-20 23:53:57:481</closed_date></polygon></object></annotation>