<annotation><filename>m2_s01_054_p_nic047.jpg</filename><folder>users/joselusava//kath</folder><source><submittedBy>Jose Saca</submittedBy></source><imagesize><nrows>2850</nrows><ncols>4271</ncols></imagesize><object><name>m2_s01_054_p_nic047</name><deleted>0</deleted><verified>0</verified><occluded>no</occluded><attributes></attributes><parts><hasparts></hasparts><ispartof></ispartof></parts><date>30-09-20 11:37:47:556</date><id>0</id><type>bounding_box</type><polygon><username>anonymous</username><pt><x>3398</x><y>1425</y><time>30-09-20 11:37:41:542</time></pt><pt><x>2611</x><y>1425</y><time>30-09-20 11:37:44:343</time></pt><pt><x>2611</x><y>2562</y><time>undefined</time></pt><pt><x>3398</x><y>2562</y><time>undefined</time></pt><closed_date>30-09-20 11:37:44:344</closed_date></polygon></object></annotation>