<annotation><filename>m1_s01_021_p_ic016.jpg</filename><folder>users/joselusava//santiago</folder><source><submittedBy>Jose Saca</submittedBy></source><imagesize><nrows>3200</nrows><ncols>4800</ncols></imagesize><object><name>m1_s01_021_p_ic016</name><deleted>0</deleted><verified>0</verified><occluded>no</occluded><attributes></attributes><parts><hasparts></hasparts><ispartof></ispartof></parts><date>14-09-20 22:06:18:720</date><id>0</id><type>bounding_box</type><polygon><username>anonymous</username><pt><x>1879</x><y>1119</y><time>14-09-20 22:06:09:450</time></pt><pt><x>3218</x><y>1119</y><time>14-09-20 22:06:12:002</time></pt><pt><x>3218</x><y>2764</y><time>undefined</time></pt><pt><x>1879</x><y>2764</y><time>undefined</time></pt><closed_date>14-09-20 22:06:12:003</closed_date></polygon></object></annotation>