<annotation><filename>m4_s12_185_p_ic047.jpg</filename><folder>users/joselusava//valeria/m04_s12_185_ic</folder><source><submittedBy>Jose Saca</submittedBy></source><imagesize><nrows>2910</nrows><ncols>4361</ncols></imagesize><object><name>m4_s12_185_p_ic047</name><deleted>0</deleted><verified>0</verified><occluded>no</occluded><attributes></attributes><parts><hasparts></hasparts><ispartof></ispartof></parts><date>17-10-20 17:10:10:194</date><id>0</id><type>bounding_box</type><polygon><username>anonymous</username><pt><x>3436</x><y>2725</y><time>17-10-20 17:10:03:725</time></pt><pt><x>929</x><y>2725</y><time>17-10-20 17:10:06:164</time></pt><pt><x>929</x><y>291</y><time>undefined</time></pt><pt><x>3436</x><y>291</y><time>undefined</time></pt><closed_date>17-10-20 17:10:06:165</closed_date></polygon></object></annotation>