<annotation><filename>m4_s07_105_p_nic068.jpg</filename><folder>users/joselusava//kath/m4_105/nic</folder><source><submittedBy>Jose Saca</submittedBy></source><imagesize><nrows>2970</nrows><ncols>4451</ncols></imagesize><object><name>m4_s07_105_p_nic068</name><deleted>0</deleted><verified>0</verified><occluded>no</occluded><attributes></attributes><parts><hasparts></hasparts><ispartof></ispartof></parts><date>03-11-20 09:05:07:482</date><id>0</id><type>bounding_box</type><polygon><username>anonymous</username><pt><x>3186</x><y>1725</y><time>03-11-20 09:05:03:901</time></pt><pt><x>3893</x><y>1725</y><time>03-11-20 09:05:05:210</time></pt><pt><x>3893</x><y>509</y><time>undefined</time></pt><pt><x>3186</x><y>509</y><time>undefined</time></pt><closed_date>03-11-20 09:05:05:210</closed_date></polygon></object></annotation>