<annotation><filename>m4_s11_178_p_nic062.jpg</filename><folder>users/joselusava//santiago_2</folder><source><submittedBy>Jose Saca</submittedBy></source><imagesize><nrows>2970</nrows><ncols>4451</ncols></imagesize><object><name>m4_s11_178_p_nic062</name><deleted>0</deleted><verified>0</verified><occluded>no</occluded><attributes></attributes><parts><hasparts></hasparts><ispartof></ispartof></parts><date>16-10-20 11:24:33:285</date><id>0</id><type>bounding_box</type><polygon><username>anonymous</username><pt><x>489</x><y>725</y><time>16-10-20 11:24:29:169</time></pt><pt><x>1635</x><y>725</y><time>16-10-20 11:24:30:837</time></pt><pt><x>1635</x><y>1967</y><time>undefined</time></pt><pt><x>489</x><y>1967</y><time>undefined</time></pt><closed_date>16-10-20 11:24:30:838</closed_date></polygon></object></annotation>