<annotation><filename>m4_s07_105_p_nic013.jpg</filename><folder>users/joselusava//kath/m4_105/nic</folder><source><submittedBy>Jose Saca</submittedBy></source><imagesize><nrows>2970</nrows><ncols>4451</ncols></imagesize><object><name>m4_s07_105_p_nic013</name><deleted>0</deleted><verified>0</verified><occluded>no</occluded><attributes></attributes><parts><hasparts></hasparts><ispartof></ispartof></parts><date>29-10-20 09:28:58:373</date><id>0</id><type>bounding_box</type><polygon><username>anonymous</username><pt><x>1149</x><y>1720</y><time>29-10-20 09:28:54:380</time></pt><pt><x>2009</x><y>1720</y><time>29-10-20 09:28:55:549</time></pt><pt><x>2009</x><y>187</y><time>undefined</time></pt><pt><x>1149</x><y>187</y><time>undefined</time></pt><closed_date>29-10-20 09:28:55:550</closed_date></polygon></object></annotation>