<annotation><filename>m2_s01_001_p_ic084.jpg</filename><folder>users/joselusava//santiago</folder><source><submittedBy>Jose Saca</submittedBy></source><imagesize><nrows>2850</nrows><ncols>4271</ncols></imagesize><object><name>m2_s01_001_p_ic084</name><deleted>0</deleted><verified>0</verified><occluded>no</occluded><attributes></attributes><parts><hasparts></hasparts><ispartof></ispartof></parts><date>19-09-20 10:34:37:192</date><id>0</id><type>bounding_box</type><polygon><username>anonymous</username><pt><x>1270</x><y>555</y><time>19-09-20 10:34:26:115</time></pt><pt><x>3296</x><y>555</y><time>19-09-20 10:34:28:800</time></pt><pt><x>3296</x><y>2709</y><time>undefined</time></pt><pt><x>1270</x><y>2709</y><time>undefined</time></pt><closed_date>19-09-20 10:34:28:802</closed_date></polygon></object></annotation>