<annotation><filename>m4_s10_157_p_ic005.jpg</filename><folder>users/joselusava//valeria/m04_s10_157_nic</folder><source><submittedBy>Jose Saca</submittedBy></source><imagesize><nrows>2970</nrows><ncols>4451</ncols></imagesize><object><name>m4_s10_157_p_nic005</name><deleted>0</deleted><verified>0</verified><occluded>no</occluded><attributes></attributes><parts><hasparts></hasparts><ispartof></ispartof></parts><date>12-10-20 18:59:11:473</date><id>0</id><type>bounding_box</type><polygon><username>anonymous</username><pt><x>2413</x><y>2441</y><time>12-10-20 18:59:07:046</time></pt><pt><x>4258</x><y>2441</y><time>12-10-20 18:59:08:756</time></pt><pt><x>4258</x><y>332</y><time>undefined</time></pt><pt><x>2413</x><y>332</y><time>undefined</time></pt><closed_date>12-10-20 18:59:08:758</closed_date></polygon></object></annotation>