<annotation><filename>m2_s02_082_x.jpg</filename><folder>users/joselusava//m2_jsv</folder><source><submittedBy>Jose Saca</submittedBy></source><imagesize><nrows>2910</nrows><ncols>4361</ncols></imagesize><object><name>m2_s02_082_x</name><deleted>0</deleted><verified>0</verified><occluded>no</occluded><attributes></attributes><parts><hasparts></hasparts><ispartof></ispartof></parts><date>16-09-20 13:24:22:429</date><id>0</id><type>bounding_box</type><polygon><username>anonymous</username><pt><x>3995</x><y>2637</y><time>16-09-20 13:24:19:744</time></pt><pt><x>392</x><y>2637</y><time>16-09-20 13:24:21:493</time></pt><pt><x>392</x><y>252</y><time>undefined</time></pt><pt><x>3995</x><y>252</y><time>undefined</time></pt><closed_date>16-09-20 13:24:21:493</closed_date></polygon></object></annotation>