<annotation><filename>m2_s02_129_p_nic095.jpg</filename><folder>users/joselusava//m2_jsv/129/nic</folder><source><submittedBy>Jose Saca</submittedBy></source><imagesize><nrows>2910</nrows><ncols>4361</ncols></imagesize><object><name>m2_s02_129_p_nic095</name><deleted>0</deleted><verified>0</verified><occluded>no</occluded><attributes></attributes><parts><hasparts></hasparts><ispartof></ispartof></parts><date>25-09-20 08:28:35:028</date><id>0</id><type>bounding_box</type><polygon><username>anonymous</username><pt><x>3003</x><y>1271</y><time>25-09-20 08:28:33:186</time></pt><pt><x>1802</x><y>1271</y><time>25-09-20 08:28:34:303</time></pt><pt><x>1802</x><y>9</y><time>undefined</time></pt><pt><x>3003</x><y>9</y><time>undefined</time></pt><closed_date>25-09-20 08:28:34:303</closed_date></polygon></object></annotation>