<annotation><filename>m3_s01_023_p_ic075.jpg</filename><folder>users/joselusava//santiago_3</folder><source><submittedBy>Jose Saca</submittedBy></source><imagesize><nrows>2970</nrows><ncols>4451</ncols></imagesize><object><name>m3_s01_023_p_ic075</name><deleted>0</deleted><verified>0</verified><occluded>no</occluded><attributes></attributes><parts><hasparts></hasparts><ispartof></ispartof></parts><date>04-11-20 20:13:43:022</date><id>0</id><type>bounding_box</type><polygon><username>anonymous</username><pt><x>892</x><y>357</y><time>04-11-20 20:13:39:408</time></pt><pt><x>3780</x><y>357</y><time>04-11-20 20:13:41:135</time></pt><pt><x>3780</x><y>2470</y><time>undefined</time></pt><pt><x>892</x><y>2470</y><time>undefined</time></pt><closed_date>04-11-20 20:13:41:136</closed_date></polygon></object></annotation>