<annotation><filename>m2_s01_058_p_ic088.jpg</filename><folder>users/joselusava//m2_jsv/58/ic</folder><source><submittedBy>Jose Saca</submittedBy></source><imagesize><nrows>2850</nrows><ncols>4271</ncols></imagesize><object><name>m2_s01_058_p_ic088</name><deleted>0</deleted><verified>0</verified><occluded>no</occluded><attributes></attributes><parts><hasparts></hasparts><ispartof></ispartof></parts><date>29-09-20 20:55:53:283</date><id>0</id><type>bounding_box</type><polygon><username>anonymous</username><pt><x>733</x><y>367</y><time>29-09-20 20:55:50:957</time></pt><pt><x>3555</x><y>367</y><time>29-09-20 20:55:52:511</time></pt><pt><x>3555</x><y>2353</y><time>undefined</time></pt><pt><x>733</x><y>2353</y><time>undefined</time></pt><closed_date>29-09-20 20:55:52:511</closed_date></polygon></object></annotation>