<annotation><filename>m2_s05_236_p_nic093.jpg</filename><folder>users/joselusava//museos2020</folder><source><submittedBy>Jose Saca</submittedBy></source><imagesize><nrows>2910</nrows><ncols>4361</ncols></imagesize><object><name>m2_s05_236_p_nic093</name><deleted>0</deleted><verified>0</verified><occluded>no</occluded><attributes></attributes><parts><hasparts></hasparts><ispartof></ispartof></parts><date>17-09-20 13:37:08:783</date><id>0</id><type>bounding_box</type><polygon><username>anonymous</username><pt><x>205</x><y>674</y><time>17-09-20 13:36:55:242</time></pt><pt><x>2836</x><y>674</y><time>17-09-20 13:36:57:300</time></pt><pt><x>2836</x><y>2696</y><time>undefined</time></pt><pt><x>205</x><y>2696</y><time>undefined</time></pt><closed_date>17-09-20 13:36:57:301</closed_date></polygon></object></annotation>