<annotation><filename>m2_s01_056_p_nic096.jpg</filename><folder>users/joselusava//m2_jsv/56/nic</folder><source><submittedBy>Jose Saca</submittedBy></source><imagesize><nrows>2850</nrows><ncols>4271</ncols></imagesize><object><name>m2_s01_056_p_nic096</name><deleted>0</deleted><verified>0</verified><occluded>no</occluded><attributes></attributes><parts><hasparts></hasparts><ispartof></ispartof></parts><date>28-09-20 22:39:30:190</date><id>0</id><type>bounding_box</type><polygon><username>anonymous</username><pt><x>3906</x><y>1978</y><time>28-09-20 22:39:28:686</time></pt><pt><x>2607</x><y>1978</y><time>28-09-20 22:39:29:697</time></pt><pt><x>2607</x><y>501</y><time>undefined</time></pt><pt><x>3906</x><y>501</y><time>undefined</time></pt><closed_date>28-09-20 22:39:29:697</closed_date></polygon></object></annotation>