<annotation><filename>m4_s05_055_p_nic056.jpg</filename><folder>users/joselusava//valeria/m4_s05_055_nic</folder><source><submittedBy>Jose Saca</submittedBy></source><imagesize><nrows>2910</nrows><ncols>4361</ncols></imagesize><object><name>m4_s05_055_p_nic056</name><deleted>0</deleted><verified>0</verified><occluded>no</occluded><attributes></attributes><parts><hasparts></hasparts><ispartof></ispartof></parts><date>09-10-20 17:44:39:530</date><id>0</id><type>bounding_box</type><polygon><username>anonymous</username><pt><x>777</x><y>1246</y><time>09-10-20 17:44:32:813</time></pt><pt><x>1923</x><y>1246</y><time>09-10-20 17:44:35:615</time></pt><pt><x>1923</x><y>2811</y><time>undefined</time></pt><pt><x>777</x><y>2811</y><time>undefined</time></pt><closed_date>09-10-20 17:44:35:616</closed_date></polygon></object></annotation>