<annotation><filename>m4_s05_060_p_nic075.jpg</filename><folder>users/joselusava//m4_js/60/nic</folder><source><submittedBy>Jose Saca</submittedBy></source><imagesize><nrows>2910</nrows><ncols>4361</ncols></imagesize><object><name>m4_s05_060_p_nic075</name><deleted>0</deleted><verified>0</verified><occluded>no</occluded><attributes></attributes><parts><hasparts></hasparts><ispartof></ispartof></parts><date>14-10-20 00:20:00:926</date><id>0</id><type>bounding_box</type><polygon><username>anonymous</username><pt><x>4126</x><y>1741</y><time>14-10-20 00:19:58:479</time></pt><pt><x>862</x><y>1741</y><time>14-10-20 00:19:59:819</time></pt><pt><x>862</x><y>17</y><time>undefined</time></pt><pt><x>4126</x><y>17</y><time>undefined</time></pt><closed_date>14-10-20 00:19:59:819</closed_date></polygon></object></annotation>