<annotation><filename>m1_s02_065_p_nic012.jpg</filename><folder>users/joselusava//valeria/sala2_065_nic</folder><source><submittedBy>Jose Saca</submittedBy></source><imagesize><nrows>2000</nrows><ncols>2992</ncols></imagesize><object><name>m1_s02_065_p_nic012</name><deleted>0</deleted><verified>0</verified><occluded>no</occluded><attributes></attributes><parts><hasparts></hasparts><ispartof></ispartof></parts><date>27-08-20 21:58:46:898</date><id>0</id><type>bounding_box</type><polygon><username>anonymous</username><pt><x>1574</x><y>1289</y><time>27-08-20 21:58:39:343</time></pt><pt><x>10</x><y>1289</y><time>27-08-20 21:58:42:912</time></pt><pt><x>10</x><y>691</y><time>undefined</time></pt><pt><x>1574</x><y>691</y><time>undefined</time></pt><closed_date>27-08-20 21:58:42:913</closed_date></polygon></object></annotation>