<annotation><filename>m2_s01_056_p_nic052.jpg</filename><folder>users/joselusava//m2_jsv/56/nic</folder><source><submittedBy>Jose Saca</submittedBy></source><imagesize><nrows>2850</nrows><ncols>4271</ncols></imagesize><object><name>m2_s01_056_p_nic052</name><deleted>0</deleted><verified>0</verified><occluded>no</occluded><attributes></attributes><parts><hasparts></hasparts><ispartof></ispartof></parts><date>28-09-20 22:24:49:047</date><id>0</id><type>bounding_box</type><polygon><username>anonymous</username><pt><x>3413</x><y>2845</y><time>28-09-20 22:24:46:236</time></pt><pt><x>2148</x><y>2845</y><time>28-09-20 22:24:47:913</time></pt><pt><x>2148</x><y>1197</y><time>undefined</time></pt><pt><x>3413</x><y>1197</y><time>undefined</time></pt><closed_date>28-09-20 22:24:47:913</closed_date></polygon></object></annotation>