<annotation><filename>m4_s09_138_p_nic082.jpg</filename><folder>users/joselusava//santiago_2</folder><source><submittedBy>Jose Saca</submittedBy></source><imagesize><nrows>2970</nrows><ncols>4451</ncols></imagesize><object><name>m4_s09_138_p_nic082</name><deleted>0</deleted><verified>0</verified><occluded>no</occluded><attributes></attributes><parts><hasparts></hasparts><ispartof></ispartof></parts><date>23-10-20 14:27:43:004</date><id>0</id><type>bounding_box</type><polygon><username>anonymous</username><pt><x>257</x><y>1014</y><time>23-10-20 14:27:33:467</time></pt><pt><x>2931</x><y>1014</y><time>23-10-20 14:27:34:560</time></pt><pt><x>2931</x><y>2095</y><time>undefined</time></pt><pt><x>257</x><y>2095</y><time>undefined</time></pt><closed_date>23-10-20 14:27:34:560</closed_date></polygon></object></annotation>