<annotation><filename>m2_s01_054_p_ic100.jpg</filename><folder>users/joselusava//kath</folder><source><submittedBy>Jose Saca</submittedBy></source><imagesize><nrows>2850</nrows><ncols>4271</ncols></imagesize><object><name>m2_s01_054_p_ic100</name><deleted>0</deleted><verified>0</verified><occluded>no</occluded><attributes></attributes><parts><hasparts></hasparts><ispartof></ispartof></parts><date>30-09-20 10:55:27:133</date><id>0</id><type>bounding_box</type><polygon><username>anonymous</username><pt><x>2611</x><y>414</y><time>30-09-20 10:55:19:505</time></pt><pt><x>1439</x><y>414</y><time>30-09-20 10:55:23:425</time></pt><pt><x>1439</x><y>2611</y><time>undefined</time></pt><pt><x>2611</x><y>2611</y><time>undefined</time></pt><closed_date>30-09-20 10:55:23:426</closed_date></polygon></object></annotation>