<annotation><filename>img_m1_s03-04_101_p_ic018.jpg</filename><folder>users/joselusava//valeria/sala3y4_101_ic</folder><source><submittedBy>Jose Saca</submittedBy></source><imagesize><nrows>3200</nrows><ncols>4800</ncols></imagesize><object><name>m1_s03_s04_101_p_ic018</name><deleted>0</deleted><verified>0</verified><occluded>no</occluded><attributes></attributes><parts><hasparts></hasparts><ispartof></ispartof></parts><date>28-08-20 22:49:12:167</date><id>0</id><type>bounding_box</type><polygon><username>anonymous</username><pt><x>4714</x><y>2287</y><time>28-08-20 22:49:05:711</time></pt><pt><x>59</x><y>2287</y><time>28-08-20 22:49:08:535</time></pt><pt><x>59</x><y>580</y><time>undefined</time></pt><pt><x>4714</x><y>580</y><time>undefined</time></pt><closed_date>28-08-20 22:49:08:536</closed_date></polygon></object></annotation>