<annotation><filename>m1_s01_017_p_nic014.jpg</filename><folder>users/joselusava//santiago</folder><source><submittedBy>Jose Saca</submittedBy></source><imagesize><nrows>3200</nrows><ncols>4800</ncols></imagesize><object><name>m1_s01_017_p_nic014</name><deleted>0</deleted><verified>0</verified><occluded>no</occluded><attributes></attributes><parts><hasparts></hasparts><ispartof></ispartof></parts><date>11-09-20 18:31:56:617</date><id>0</id><type>bounding_box</type><polygon><username>anonymous</username><pt><x>1526</x><y>2584</y><time>11-09-20 18:31:48:553</time></pt><pt><x>2016</x><y>2584</y><time>11-09-20 18:31:50:403</time></pt><pt><x>2016</x><y>2905</y><time>undefined</time></pt><pt><x>1526</x><y>2905</y><time>undefined</time></pt><closed_date>11-09-20 18:31:50:405</closed_date></polygon></object></annotation>