<annotation><filename>m1_s06_168_p_nic053.jpg</filename><folder>users/joselusava//jacob_2/168nic</folder><source><submittedBy>Jose Saca</submittedBy></source><imagesize><nrows>2736</nrows><ncols>4100</ncols></imagesize><object><name>m1_s06_168_p_nic053</name><deleted>0</deleted><verified>0</verified><occluded>no</occluded><attributes></attributes><parts><hasparts></hasparts><ispartof></ispartof></parts><date>08-09-20 23:19:14:815</date><id>0</id><type>bounding_box</type><polygon><username>anonymous</username><pt><x>3091</x><y>1665</y><time>08-09-20 23:19:12:276</time></pt><pt><x>2312</x><y>1665</y><time>08-09-20 23:19:14:027</time></pt><pt><x>2312</x><y>254</y><time>undefined</time></pt><pt><x>3091</x><y>254</y><time>undefined</time></pt><closed_date>08-09-20 23:19:14:027</closed_date></polygon></object></annotation>