<annotation><filename>m2_s01_024_p_nic084.jpg</filename><folder>users/joselusava//santiago</folder><source><submittedBy>Jose Saca</submittedBy></source><imagesize><nrows>2850</nrows><ncols>4271</ncols></imagesize><object><name>m2_s01_024_p_nic084</name><deleted>0</deleted><verified>0</verified><occluded>no</occluded><attributes></attributes><parts><hasparts></hasparts><ispartof></ispartof></parts><date>25-09-20 15:45:22:661</date><id>0</id><type>bounding_box</type><polygon><username>anonymous</username><pt><x>622</x><y>327</y><time>25-09-20 15:45:19:677</time></pt><pt><x>1343</x><y>327</y><time>25-09-20 15:45:20:500</time></pt><pt><x>1343</x><y>1404</y><time>undefined</time></pt><pt><x>622</x><y>1404</y><time>undefined</time></pt><closed_date>25-09-20 15:45:20:500</closed_date></polygon></object></annotation>