<annotation><filename>m1_s01_001_p_ic009.jpg</filename><folder>users/joselusava//juancarlos</folder><source><submittedBy>Jose Saca</submittedBy></source><imagesize><nrows>2000</nrows><ncols>2992</ncols></imagesize><object><name>m1_s01_001_p_ic009</name><deleted>0</deleted><verified>0</verified><occluded>no</occluded><attributes></attributes><parts><hasparts></hasparts><ispartof></ispartof></parts><date>24-08-20 11:26:34:693</date><id>0</id><type>bounding_box</type><polygon><username>anonymous</username><pt><x>818</x><y>701</y><time>24-08-20 11:26:04:495</time></pt><pt><x>1845</x><y>701</y><time>24-08-20 11:26:11:824</time></pt><pt><x>1845</x><y>1360</y><time>undefined</time></pt><pt><x>818</x><y>1360</y><time>undefined</time></pt><closed_date>24-08-20 11:26:11:826</closed_date></polygon></object></annotation>