<annotation><filename>m4_s04_045_p_ic083.jpg</filename><folder>users/joselusava//valeria/m04_s04_45_ic</folder><source><submittedBy>Jose Saca</submittedBy></source><imagesize><nrows>2970</nrows><ncols>4451</ncols></imagesize><object><name>m4_s04_045_p_ic083</name><deleted>0</deleted><verified>0</verified><occluded>no</occluded><attributes></attributes><parts><hasparts></hasparts><ispartof></ispartof></parts><date>19-10-20 23:41:32:448</date><id>0</id><type>bounding_box</type><polygon><username>anonymous</username><pt><x>1525</x><y>2804</y><time>19-10-20 23:41:25:876</time></pt><pt><x>3021</x><y>2804</y><time>19-10-20 23:41:27:944</time></pt><pt><x>3021</x><y>320</y><time>undefined</time></pt><pt><x>1525</x><y>320</y><time>undefined</time></pt><closed_date>19-10-20 23:41:27:945</closed_date></polygon></object></annotation>