<annotation><filename>m2_s07_275_x.jpg</filename><folder>users/joselusava//museos2020</folder><source><submittedBy>Jose Saca</submittedBy></source><imagesize><nrows>2910</nrows><ncols>4361</ncols></imagesize><object><name>m2_s07_275_x</name><deleted>0</deleted><verified>0</verified><occluded>no</occluded><attributes></attributes><parts><hasparts></hasparts><ispartof></ispartof></parts><date>27-09-20 22:17:14:104</date><id>0</id><type>bounding_box</type><polygon><username>anonymous</username><pt><x>330</x><y>1367</y><time>27-09-20 22:17:02:976</time></pt><pt><x>3933</x><y>1367</y><time>27-09-20 22:17:04:766</time></pt><pt><x>3933</x><y>2069</y><time>undefined</time></pt><pt><x>330</x><y>2069</y><time>undefined</time></pt><closed_date>27-09-20 22:17:04:767</closed_date></polygon></object></annotation>