<annotation><filename>m4_s04_045_p_nic037.jpg</filename><folder>users/joselusava//valeria/m04_s04_45_nic</folder><source><submittedBy>Jose Saca</submittedBy></source><imagesize><nrows>2970</nrows><ncols>4451</ncols></imagesize><object><name>m4_s04_045_p_nic037</name><deleted>0</deleted><verified>0</verified><occluded>no</occluded><attributes></attributes><parts><hasparts></hasparts><ispartof></ispartof></parts><date>20-10-20 14:35:35:980</date><id>0</id><type>bounding_box</type><polygon><username>anonymous</username><pt><x>3650</x><y>2193</y><time>20-10-20 14:35:30:772</time></pt><pt><x>4301</x><y>2193</y><time>20-10-20 14:35:32:677</time></pt><pt><x>4301</x><y>1154</y><time>undefined</time></pt><pt><x>3650</x><y>1154</y><time>undefined</time></pt><closed_date>20-10-20 14:35:32:678</closed_date></polygon></object></annotation>