<annotation><filename>m4_s04_039_p_ic052.jpg</filename><folder>users/joselusava//santiago_2</folder><source><submittedBy>Jose Saca</submittedBy></source><imagesize><nrows>2970</nrows><ncols>4451</ncols></imagesize><object><name>m4_s04_039_p_ic052</name><deleted>0</deleted><verified>0</verified><occluded>no</occluded><attributes></attributes><parts><hasparts></hasparts><ispartof></ispartof></parts><date>20-10-20 21:58:34:465</date><id>0</id><type>bounding_box</type><polygon><username>anonymous</username><pt><x>1692</x><y>236</y><time>20-10-20 21:58:30:537</time></pt><pt><x>2513</x><y>236</y><time>20-10-20 21:58:32:185</time></pt><pt><x>2513</x><y>2713</y><time>undefined</time></pt><pt><x>1692</x><y>2713</y><time>undefined</time></pt><closed_date>20-10-20 21:58:32:186</closed_date></polygon></object></annotation>