<annotation><filename>m4_s10_164_p_nic005.jpg</filename><folder>users/joselusava//santiago_2</folder><source><submittedBy>Jose Saca</submittedBy></source><imagesize><nrows>2970</nrows><ncols>4451</ncols></imagesize><object><name>m4_s10_164_p_nic005</name><deleted>0</deleted><verified>0</verified><occluded>no</occluded><attributes></attributes><parts><hasparts></hasparts><ispartof></ispartof></parts><date>13-10-20 23:37:12:594</date><id>0</id><type>bounding_box</type><polygon><username>anonymous</username><pt><x>2970</x><y>203</y><time>13-10-20 23:37:09:461</time></pt><pt><x>3527</x><y>203</y><time>13-10-20 23:37:10:352</time></pt><pt><x>3527</x><y>921</y><time>undefined</time></pt><pt><x>2970</x><y>921</y><time>undefined</time></pt><closed_date>13-10-20 23:37:10:352</closed_date></polygon></object></annotation>