<annotation><filename>m2_s01_034_p_nic012.jpg</filename><folder>users/joselusava//kath</folder><source><submittedBy>Jose Saca</submittedBy></source><imagesize><nrows>2850</nrows><ncols>4271</ncols></imagesize><object><name>m2_s01_034_p_nic012</name><deleted>0</deleted><verified>0</verified><occluded>no</occluded><attributes></attributes><parts><hasparts></hasparts><ispartof></ispartof></parts><date>25-09-20 17:31:12:107</date><id>0</id><type>bounding_box</type><polygon><username>anonymous</username><pt><x>387</x><y>759</y><time>25-09-20 17:31:03:400</time></pt><pt><x>1475</x><y>759</y><time>25-09-20 17:31:09:190</time></pt><pt><x>1475</x><y>2320</y><time>undefined</time></pt><pt><x>387</x><y>2320</y><time>undefined</time></pt><closed_date>25-09-20 17:31:09:190</closed_date></polygon></object></annotation>