<annotation><filename>m3_s01_013_p_nic013.jpg</filename><folder>users/joselusava//valeria/m03_s01_13_nic</folder><source><submittedBy>Jose Saca</submittedBy></source><imagesize><nrows>2970</nrows><ncols>4451</ncols></imagesize><object><name>m3_s01_013_p_nic013</name><deleted>0</deleted><verified>0</verified><occluded>no</occluded><attributes></attributes><parts><hasparts></hasparts><ispartof></ispartof></parts><date>06-11-20 21:03:46:215</date><id>0</id><type>bounding_box</type><polygon><username>anonymous</username><pt><x>2907</x><y>2439</y><time>06-11-20 21:03:39:149</time></pt><pt><x>63</x><y>2439</y><time>06-11-20 21:03:42:727</time></pt><pt><x>63</x><y>149</y><time>undefined</time></pt><pt><x>2907</x><y>149</y><time>undefined</time></pt><closed_date>06-11-20 21:03:42:728</closed_date></polygon></object></annotation>