<annotation><filename>m2_s03_248_p_nic002.jpg</filename><folder>users/joselusava//museos2020</folder><source><submittedBy>Jose Saca</submittedBy></source><imagesize><nrows>2910</nrows><ncols>4361</ncols></imagesize><object><name>m2_s03_248_p_nic002</name><deleted>0</deleted><verified>0</verified><occluded>no</occluded><attributes></attributes><parts><hasparts></hasparts><ispartof></ispartof></parts><date>27-09-20 09:52:36:037</date><id>0</id><polygon><username>anonymous</username><pt><x>2017</x><y>1362</y><time>27-09-20 09:52:25:270</time></pt><pt><x>3770</x><y>1334</y><time>27-09-20 09:52:26:603</time></pt><pt><x>3984</x><y>1599</y><time>27-09-20 09:52:27:242</time></pt><pt><x>2654</x><y>2213</y><time>27-09-20 09:52:28:346</time></pt><closed_date>27-09-20 09:52:29:082</closed_date></polygon></object></annotation>