<annotation><filename>m2_s07_264_p_ic059.jpg</filename><folder>users/joselusava//valeria/sala7_264_ic</folder><source><submittedBy>Jose Saca</submittedBy></source><imagesize><nrows>2910</nrows><ncols>4361</ncols></imagesize><object><name>m2_s07_264_p_ic059</name><deleted>0</deleted><verified>0</verified><occluded>no</occluded><attributes></attributes><parts><hasparts></hasparts><ispartof></ispartof></parts><date>23-09-20 11:29:30:765</date><id>0</id><type>bounding_box</type><polygon><username>anonymous</username><pt><x>1405</x><y>320</y><time>23-09-20 11:29:26:024</time></pt><pt><x>2899</x><y>320</y><time>23-09-20 11:29:27:699</time></pt><pt><x>2899</x><y>2359</y><time>undefined</time></pt><pt><x>1405</x><y>2359</y><time>undefined</time></pt><closed_date>23-09-20 11:29:27:700</closed_date></polygon></object></annotation>