<annotation><filename>m2_s03_252_p_nic016.jpg</filename><folder>users/joselusava//valeria/m2_sala03_252_nic</folder><source><submittedBy>Jose Saca</submittedBy></source><imagesize><nrows>2910</nrows><ncols>4361</ncols></imagesize><object><name>m2_s06_252_p_nic016</name><deleted>0</deleted><verified>0</verified><occluded>no</occluded><attributes></attributes><parts><hasparts></hasparts><ispartof></ispartof></parts><date>26-09-20 18:40:39:929</date><id>0</id><type>bounding_box</type><polygon><username>anonymous</username><pt><x>2761</x><y>1554</y><time>26-09-20 18:40:34:138</time></pt><pt><x>1301</x><y>1554</y><time>26-09-20 18:40:36:420</time></pt><pt><x>1301</x><y>2590</y><time>undefined</time></pt><pt><x>2761</x><y>2590</y><time>undefined</time></pt><closed_date>26-09-20 18:40:36:421</closed_date></polygon></object></annotation>