<annotation><filename>m4_s10_164_p_nic077.jpg</filename><folder>users/joselusava//santiago_2</folder><source><submittedBy>Jose Saca</submittedBy></source><imagesize><nrows>2970</nrows><ncols>4451</ncols></imagesize><object><name>m4_s10_164_p_nic077</name><deleted>0</deleted><verified>0</verified><occluded>no</occluded><attributes></attributes><parts><hasparts></hasparts><ispartof></ispartof></parts><date>14-10-20 16:14:34:203</date><id>0</id><type>bounding_box</type><polygon><username>anonymous</username><pt><x>1446</x><y>336</y><time>14-10-20 16:14:31:672</time></pt><pt><x>2031</x><y>336</y><time>14-10-20 16:14:32:345</time></pt><pt><x>2031</x><y>971</y><time>undefined</time></pt><pt><x>1446</x><y>971</y><time>undefined</time></pt><closed_date>14-10-20 16:14:32:345</closed_date></polygon></object></annotation>