<annotation><filename>m4_s12_185_p_nic065.jpg</filename><folder>users/joselusava//valeria/m04_s12_185_nic</folder><source><submittedBy>Jose Saca</submittedBy></source><imagesize><nrows>2910</nrows><ncols>4361</ncols></imagesize><object><name>m4_s12_185_p_nic065</name><deleted>0</deleted><verified>0</verified><occluded>no</occluded><attributes></attributes><parts><hasparts></hasparts><ispartof></ispartof></parts><date>17-10-20 23:32:43:406</date><id>0</id><type>bounding_box</type><polygon><username>anonymous</username><pt><x>1024</x><y>2871</y><time>17-10-20 23:32:36:989</time></pt><pt><x>2843</x><y>2871</y><time>17-10-20 23:32:38:712</time></pt><pt><x>2843</x><y>951</y><time>undefined</time></pt><pt><x>1024</x><y>951</y><time>undefined</time></pt><closed_date>17-10-20 23:32:38:713</closed_date></polygon></object></annotation>