<annotation><filename>m1_s02_052_p_nic065.jpg</filename><folder>users/joselusava//valeria/sala2_052_nic</folder><source><submittedBy>Jose Saca</submittedBy></source><imagesize><nrows>3200</nrows><ncols>4800</ncols></imagesize><object><name>m1_s02_052_p_nic065</name><deleted>0</deleted><verified>0</verified><occluded>no</occluded><attributes></attributes><parts><hasparts></hasparts><ispartof></ispartof></parts><date>27-08-20 16:53:19:172</date><id>0</id><type>bounding_box</type><polygon><username>anonymous</username><pt><x>3243</x><y>1439</y><time>27-08-20 16:53:13:031</time></pt><pt><x>4446</x><y>1439</y><time>27-08-20 16:53:14:911</time></pt><pt><x>4446</x><y>2647</y><time>undefined</time></pt><pt><x>3243</x><y>2647</y><time>undefined</time></pt><closed_date>27-08-20 16:53:14:912</closed_date></polygon></object></annotation>