<annotation><filename>m4_s04_039_p_ic100.jpg</filename><folder>users/joselusava//santiago_2</folder><source><submittedBy>Jose Saca</submittedBy></source><imagesize><nrows>2970</nrows><ncols>4451</ncols></imagesize><object><name>m4_s04_039_p_ic100</name><deleted>0</deleted><verified>0</verified><occluded>no</occluded><attributes></attributes><parts><hasparts></hasparts><ispartof></ispartof></parts><date>21-10-20 16:15:23:711</date><id>0</id><type>bounding_box</type><polygon><username>anonymous</username><pt><x>1678</x><y>518</y><time>21-10-20 16:15:17:307</time></pt><pt><x>2374</x><y>518</y><time>21-10-20 16:15:18:863</time></pt><pt><x>2374</x><y>2927</y><time>undefined</time></pt><pt><x>1678</x><y>2927</y><time>undefined</time></pt><closed_date>21-10-20 16:15:18:864</closed_date></polygon></object></annotation>