<annotation><filename>m2_s01_034_p_nic081.jpg</filename><folder>users/joselusava//kath</folder><source><submittedBy>Jose Saca</submittedBy></source><imagesize><nrows>2850</nrows><ncols>4271</ncols></imagesize><object><name>m2_s01_034_p_nic081</name><deleted>0</deleted><verified>0</verified><occluded>no</occluded><attributes></attributes><parts><hasparts></hasparts><ispartof></ispartof></parts><date>25-09-20 20:52:51:721</date><id>0</id><type>bounding_box</type><polygon><username>anonymous</username><pt><x>279</x><y>594</y><time>25-09-20 20:52:46:506</time></pt><pt><x>1146</x><y>594</y><time>25-09-20 20:52:48:679</time></pt><pt><x>1146</x><y>1898</y><time>undefined</time></pt><pt><x>279</x><y>1898</y><time>undefined</time></pt><closed_date>25-09-20 20:52:48:679</closed_date></polygon></object></annotation>