<annotation><filename>m3_s01_010_p_ic003.jpg</filename><folder>users/joselusava//m4_js/m3/10/ic</folder><source><submittedBy>Jose Saca</submittedBy></source><imagesize><nrows>2970</nrows><ncols>4451</ncols></imagesize><object><name>m3_s01_010_p_ic003</name><deleted>0</deleted><verified>0</verified><occluded>no</occluded><attributes></attributes><parts><hasparts></hasparts><ispartof></ispartof></parts><date>29-10-20 09:41:09:062</date><id>0</id><type>bounding_box</type><polygon><username>anonymous</username><pt><x>3104</x><y>2567</y><time>29-10-20 09:41:07:219</time></pt><pt><x>1200</x><y>2567</y><time>29-10-20 09:41:08:444</time></pt><pt><x>1200</x><y>368</y><time>undefined</time></pt><pt><x>3104</x><y>368</y><time>undefined</time></pt><closed_date>29-10-20 09:41:08:445</closed_date></polygon></object></annotation>