<annotation><filename>m2_s05_236_p_nic007.jpg</filename><folder>users/joselusava//museos2020</folder><source><submittedBy>Jose Saca</submittedBy></source><imagesize><nrows>2910</nrows><ncols>4361</ncols></imagesize><object><name>m2_s05_236_p_nic007</name><deleted>0</deleted><verified>0</verified><occluded>no</occluded><attributes></attributes><parts><hasparts></hasparts><ispartof></ispartof></parts><date>16-09-20 20:20:24:539</date><id>0</id><type>bounding_box</type><polygon><username>anonymous</username><pt><x>1283</x><y>88</y><time>16-09-20 20:20:12:072</time></pt><pt><x>3793</x><y>88</y><time>16-09-20 20:20:13:833</time></pt><pt><x>3793</x><y>1832</y><time>undefined</time></pt><pt><x>1283</x><y>1832</y><time>undefined</time></pt><closed_date>16-09-20 20:20:13:835</closed_date></polygon></object></annotation>