<annotation><filename>m4_s10_157_p_ic088.jpg</filename><folder>users/joselusava//valeria/m04_s10_157_nic</folder><source><submittedBy>Jose Saca</submittedBy></source><imagesize><nrows>2970</nrows><ncols>4451</ncols></imagesize><object><name>m4_s10_157_p_nic088</name><deleted>0</deleted><verified>0</verified><occluded>no</occluded><attributes></attributes><parts><hasparts></hasparts><ispartof></ispartof></parts><date>12-10-20 22:05:07:205</date><id>0</id><type>bounding_box</type><polygon><username>anonymous</username><pt><x>4213</x><y>2554</y><time>12-10-20 22:04:59:540</time></pt><pt><x>2318</x><y>2554</y><time>12-10-20 22:05:02:707</time></pt><pt><x>2318</x><y>349</y><time>undefined</time></pt><pt><x>4213</x><y>349</y><time>undefined</time></pt><closed_date>12-10-20 22:05:02:707</closed_date></polygon></object></annotation>