<annotation><filename>m2_s02_190_p_nic067.jpg</filename><folder>users/joselusava//m2_jsv/190/nic</folder><source><submittedBy>Jose Saca</submittedBy></source><imagesize><nrows>2910</nrows><ncols>4361</ncols></imagesize><object><name>m2_s02_190_p_nic067</name><deleted>0</deleted><verified>0</verified><occluded>no</occluded><attributes></attributes><parts><hasparts></hasparts><ispartof></ispartof></parts><date>21-09-20 15:13:59:398</date><id>0</id><type>bounding_box</type><polygon><username>anonymous</username><pt><x>3934</x><y>1941</y><time>21-09-20 15:13:57:475</time></pt><pt><x>2907</x><y>1941</y><time>21-09-20 15:13:58:870</time></pt><pt><x>2907</x><y>966</y><time>undefined</time></pt><pt><x>3934</x><y>966</y><time>undefined</time></pt><closed_date>21-09-20 15:13:58:870</closed_date></polygon></object></annotation>