<annotation><filename>m4_s12_186_p_nic025.jpg</filename><folder>users/joselusava//m4_js/186/nic</folder><source><submittedBy>Jose Saca</submittedBy></source><imagesize><nrows>3899</nrows><ncols>5844</ncols></imagesize><object><name>m4_s12_186_p_nic025</name><deleted>0</deleted><verified>0</verified><occluded>no</occluded><attributes></attributes><parts><hasparts></hasparts><ispartof></ispartof></parts><date>18-10-20 11:30:38:839</date><id>0</id><type>bounding_box</type><polygon><username>anonymous</username><pt><x>2298</x><y>1061</y><time>18-10-20 11:30:37:098</time></pt><pt><x>4969</x><y>1061</y><time>18-10-20 11:30:38:140</time></pt><pt><x>4969</x><y>3873</y><time>undefined</time></pt><pt><x>2298</x><y>3873</y><time>undefined</time></pt><closed_date>18-10-20 11:30:38:141</closed_date></polygon></object></annotation>