<annotation><filename>m2_s01_058_p_ic072.jpg</filename><folder>users/joselusava//m2_jsv/58/ic</folder><source><submittedBy>Jose Saca</submittedBy></source><imagesize><nrows>2850</nrows><ncols>4271</ncols></imagesize><object><name>m2_s01_058_p_ic072</name><deleted>0</deleted><verified>0</verified><occluded>no</occluded><attributes></attributes><parts><hasparts></hasparts><ispartof></ispartof></parts><date>29-09-20 13:37:14:631</date><id>0</id><type>bounding_box</type><polygon><username>anonymous</username><pt><x>4076</x><y>365</y><time>29-09-20 13:37:11:403</time></pt><pt><x>662</x><y>365</y><time>29-09-20 13:37:13:759</time></pt><pt><x>662</x><y>2836</y><time>undefined</time></pt><pt><x>4076</x><y>2836</y><time>undefined</time></pt><closed_date>29-09-20 13:37:13:759</closed_date></polygon></object></annotation>