<annotation><filename>m4_s03_025_p_ic022.jpg</filename><folder>users/joselusava//m4_js/m3/25</folder><source><submittedBy>Jose Saca</submittedBy></source><imagesize><nrows>2910</nrows><ncols>4361</ncols></imagesize><object><name>m4_s03_025_p_ic022</name><deleted>0</deleted><verified>0</verified><occluded>no</occluded><attributes></attributes><parts><hasparts></hasparts><ispartof></ispartof></parts><date>09-11-20 10:58:39:166</date><id>0</id><type>bounding_box</type><polygon><username>anonymous</username><pt><x>522</x><y>722</y><time>09-11-20 10:58:36:628</time></pt><pt><x>3969</x><y>722</y><time>09-11-20 10:58:38:321</time></pt><pt><x>3969</x><y>2350</y><time>undefined</time></pt><pt><x>522</x><y>2350</y><time>undefined</time></pt><closed_date>09-11-20 10:58:38:321</closed_date></polygon></object></annotation>