<annotation><filename>m4_s04_037_p_ic009.jpg</filename><folder>users/joselusava//santiago_2</folder><source><submittedBy>Jose Saca</submittedBy></source><imagesize><nrows>2970</nrows><ncols>4451</ncols></imagesize><object><name>m4_s04_037_p_ic009</name><deleted>0</deleted><verified>0</verified><occluded>no</occluded><attributes></attributes><parts><hasparts></hasparts><ispartof></ispartof></parts><date>17-10-20 18:09:53:008</date><id>0</id><type>bounding_box</type><polygon><username>anonymous</username><pt><x>1842</x><y>621</y><time>17-10-20 18:09:46:466</time></pt><pt><x>3020</x><y>621</y><time>17-10-20 18:09:49:104</time></pt><pt><x>3020</x><y>2435</y><time>undefined</time></pt><pt><x>1842</x><y>2435</y><time>undefined</time></pt><closed_date>17-10-20 18:09:49:105</closed_date></polygon></object></annotation>