<annotation><filename>m1_s06_144_p_ic009.jpg</filename><folder>users/joselusava//jacob_2/144ic</folder><source><submittedBy>Jose Saca</submittedBy></source><imagesize><nrows>2736</nrows><ncols>4100</ncols></imagesize><object><name>m1_s06_144_p_ic009</name><deleted>0</deleted><verified>0</verified><occluded>no</occluded><attributes></attributes><parts><hasparts></hasparts><ispartof></ispartof></parts><date>07-09-20 02:22:09:483</date><id>0</id><type>bounding_box</type><polygon><username>anonymous</username><pt><x>974</x><y>2643</y><time>07-09-20 02:22:06:425</time></pt><pt><x>3453</x><y>2643</y><time>07-09-20 02:22:08:624</time></pt><pt><x>3453</x><y>98</y><time>undefined</time></pt><pt><x>974</x><y>98</y><time>undefined</time></pt><closed_date>07-09-20 02:22:08:624</closed_date></polygon></object></annotation>