<annotation><filename>m2_s03_252_p_ic013.jpg</filename><folder>users/joselusava//valeria/m2_sala03_252_ic</folder><source><submittedBy>Jose Saca</submittedBy></source><imagesize><nrows>2910</nrows><ncols>4361</ncols></imagesize><object><name>m2_s06_252_p_ic013</name><deleted>0</deleted><verified>0</verified><occluded>no</occluded><attributes></attributes><parts><hasparts></hasparts><ispartof></ispartof></parts><date>25-09-20 19:58:36:221</date><id>0</id><type>bounding_box</type><polygon><username>anonymous</username><pt><x>3505</x><y>920</y><time>25-09-20 19:58:30:837</time></pt><pt><x>942</x><y>920</y><time>25-09-20 19:58:32:825</time></pt><pt><x>942</x><y>2497</y><time>undefined</time></pt><pt><x>3505</x><y>2497</y><time>undefined</time></pt><closed_date>25-09-20 19:58:32:825</closed_date></polygon></object></annotation>