<annotation><filename>m4_s05_052_p_ic082.jpg</filename><folder>users/joselusava//museos2020/jc</folder><source><submittedBy>Jose Saca</submittedBy></source><imagesize><nrows>2910</nrows><ncols>4361</ncols></imagesize><object><name>m4_s05_052_p_ic082</name><deleted>0</deleted><verified>0</verified><occluded>no</occluded><attributes></attributes><parts><hasparts></hasparts><ispartof></ispartof></parts><date>07-10-20 23:07:27:524</date><id>0</id><type>bounding_box</type><polygon><username>anonymous</username><pt><x>1140</x><y>575</y><time>07-10-20 23:07:18:790</time></pt><pt><x>3080</x><y>575</y><time>07-10-20 23:07:20:967</time></pt><pt><x>3080</x><y>2616</y><time>undefined</time></pt><pt><x>1140</x><y>2616</y><time>undefined</time></pt><closed_date>07-10-20 23:07:20:967</closed_date></polygon></object></annotation>