<annotation><filename>m1_s02_052_p_nic047.jpg</filename><folder>users/joselusava//valeria/sala2_052_nic</folder><source><submittedBy>Jose Saca</submittedBy></source><imagesize><nrows>3200</nrows><ncols>4800</ncols></imagesize><object><name>m1_s02_052_p_nic047</name><deleted>0</deleted><verified>0</verified><occluded>no</occluded><attributes></attributes><parts><hasparts></hasparts><ispartof></ispartof></parts><date>27-08-20 16:23:01:307</date><id>0</id><type>bounding_box</type><polygon><username>anonymous</username><pt><x>2121</x><y>1439</y><time>27-08-20 16:22:46:295</time></pt><pt><x>902</x><y>1439</y><time>27-08-20 16:22:48:477</time></pt><pt><x>902</x><y>285</y><time>undefined</time></pt><pt><x>2121</x><y>285</y><time>undefined</time></pt><closed_date>27-08-20 16:22:48:479</closed_date></polygon></object></annotation>