<annotation><filename>m1_s06_144_p_ic071.jpg</filename><folder>users/joselusava//jacob_2/144ic</folder><source><submittedBy>Jose Saca</submittedBy></source><imagesize><nrows>2736</nrows><ncols>4100</ncols></imagesize><object><name>m1_s06_144_p_ic071</name><deleted>0</deleted><verified>0</verified><occluded>no</occluded><attributes></attributes><parts><hasparts></hasparts><ispartof></ispartof></parts><date>08-09-20 01:36:50:227</date><id>0</id><type>bounding_box</type><polygon><username>anonymous</username><pt><x>622</x><y>2660</y><time>08-09-20 01:36:47:548</time></pt><pt><x>3143</x><y>2660</y><time>08-09-20 01:36:49:331</time></pt><pt><x>3143</x><y>327</y><time>undefined</time></pt><pt><x>622</x><y>327</y><time>undefined</time></pt><closed_date>08-09-20 01:36:49:331</closed_date></polygon></object></annotation>