<annotation><filename>m2_s01_058_p_nic071.jpg</filename><folder>users/joselusava//m2_jsv/58/nic</folder><source><submittedBy>Jose Saca</submittedBy></source><imagesize><nrows>2850</nrows><ncols>4271</ncols></imagesize><object><name>m2_s01_058_p_nic071</name><deleted>0</deleted><verified>0</verified><occluded>no</occluded><attributes></attributes><parts><hasparts></hasparts><ispartof></ispartof></parts><date>29-09-20 23:19:24:612</date><id>0</id><type>bounding_box</type><polygon><username>anonymous</username><pt><x>1304</x><y>1211</y><time>29-09-20 23:19:22:765</time></pt><pt><x>136</x><y>1211</y><time>29-09-20 23:19:23:765</time></pt><pt><x>136</x><y>256</y><time>undefined</time></pt><pt><x>1304</x><y>256</y><time>undefined</time></pt><closed_date>29-09-20 23:19:23:765</closed_date></polygon></object></annotation>