<annotation><filename>m2_s03_224_x.jpg</filename><folder>users/joselusava//juancarlos</folder><source><submittedBy>Jose Saca</submittedBy></source><imagesize><nrows>2910</nrows><ncols>4361</ncols></imagesize><object><name>m2_s03_224_x</name><deleted>0</deleted><verified>0</verified><occluded>no</occluded><attributes></attributes><parts><hasparts></hasparts><ispartof></ispartof></parts><date>01-10-20 07:20:44:692</date><id>0</id><type>bounding_box</type><polygon><username>anonymous</username><pt><x>1329</x><y>353</y><time>01-10-20 07:20:34:860</time></pt><pt><x>3082</x><y>353</y><time>01-10-20 07:20:37:083</time></pt><pt><x>3082</x><y>2515</y><time>undefined</time></pt><pt><x>1329</x><y>2515</y><time>undefined</time></pt><closed_date>01-10-20 07:20:37:084</closed_date></polygon></object></annotation>