<annotation><filename>m1_s06_168_p_nic014.jpg</filename><folder>users/joselusava//jacob_2/168nic</folder><source><submittedBy>Jose Saca</submittedBy></source><imagesize><nrows>2736</nrows><ncols>4100</ncols></imagesize><object><name>m1_s06_168_p_nic014</name><deleted>0</deleted><verified>0</verified><occluded>no</occluded><attributes></attributes><parts><hasparts></hasparts><ispartof></ispartof></parts><date>08-09-20 23:03:24:079</date><id>0</id><type>bounding_box</type><polygon><username>anonymous</username><pt><x>336</x><y>614</y><time>08-09-20 23:03:22:277</time></pt><pt><x>1555</x><y>614</y><time>08-09-20 23:03:23:535</time></pt><pt><x>1555</x><y>2152</y><time>undefined</time></pt><pt><x>336</x><y>2152</y><time>undefined</time></pt><closed_date>08-09-20 23:03:23:535</closed_date></polygon></object></annotation>