<annotation><filename>m1_s03-04_091_x.jpg</filename><folder>users/joselusava//valeria/sala03y04</folder><source><submittedBy>Jose Saca</submittedBy></source><imagesize><nrows>3200</nrows><ncols>4800</ncols></imagesize><object><name>m1_s03_s04_091_x</name><deleted>0</deleted><verified>0</verified><occluded>no</occluded><attributes></attributes><parts><hasparts></hasparts><ispartof></ispartof></parts><date>28-08-20 21:16:27:354</date><id>0</id><type>bounding_box</type><polygon><username>anonymous</username><pt><x>3887</x><y>2958</y><time>28-08-20 21:16:21:725</time></pt><pt><x>714</x><y>2958</y><time>28-08-20 21:16:23:845</time></pt><pt><x>714</x><y>693</y><time>undefined</time></pt><pt><x>3887</x><y>693</y><time>undefined</time></pt><closed_date>28-08-20 21:16:23:847</closed_date></polygon></object></annotation>