<annotation><filename>m1_s02_029_p_ic075.jpg</filename><folder>users/joselusava//valeria/sala2_029_ic</folder><source><submittedBy>Jose Saca</submittedBy></source><imagesize><nrows>3200</nrows><ncols>4800</ncols></imagesize><object><name>m1_s02_029_p_ic075</name><deleted>0</deleted><verified>0</verified><occluded>no</occluded><attributes></attributes><parts><hasparts></hasparts><ispartof></ispartof></parts><date>22-08-20 20:47:53:597</date><id>0</id><type>bounding_box</type><polygon><username>anonymous</username><pt><x>719</x><y>0</y><time>22-08-20 20:47:45:624</time></pt><pt><x>3871</x><y>0</y><time>22-08-20 20:47:49:014</time></pt><pt><x>3871</x><y>3173</y><time>undefined</time></pt><pt><x>719</x><y>3173</y><time>undefined</time></pt><closed_date>22-08-20 20:47:49:015</closed_date></polygon></object></annotation>