<annotation><filename>m3_s01_023_p_ic091.jpg</filename><folder>users/joselusava//santiago_3</folder><source><submittedBy>Jose Saca</submittedBy></source><imagesize><nrows>2970</nrows><ncols>4451</ncols></imagesize><object><name>m3_s01_023_p_ic091</name><deleted>0</deleted><verified>0</verified><occluded>no</occluded><attributes></attributes><parts><hasparts></hasparts><ispartof></ispartof></parts><date>04-11-20 21:06:37:498</date><id>0</id><type>bounding_box</type><polygon><username>anonymous</username><pt><x>232</x><y>696</y><time>04-11-20 21:06:34:024</time></pt><pt><x>3980</x><y>696</y><time>04-11-20 21:06:35:520</time></pt><pt><x>3980</x><y>2592</y><time>undefined</time></pt><pt><x>232</x><y>2592</y><time>undefined</time></pt><closed_date>04-11-20 21:06:35:521</closed_date></polygon></object></annotation>