<annotation><filename>m4_s12_185_p_ic033.jpg</filename><folder>users/joselusava//valeria/m04_s12_185_ic</folder><source><submittedBy>Jose Saca</submittedBy></source><imagesize><nrows>2910</nrows><ncols>4361</ncols></imagesize><object><name>m4_s12_185_p_ic033</name><deleted>0</deleted><verified>0</verified><occluded>no</occluded><attributes></attributes><parts><hasparts></hasparts><ispartof></ispartof></parts><date>17-10-20 16:45:38:016</date><id>0</id><type>bounding_box</type><polygon><username>anonymous</username><pt><x>3794</x><y>2798</y><time>17-10-20 16:45:29:959</time></pt><pt><x>700</x><y>2798</y><time>17-10-20 16:45:33:685</time></pt><pt><x>700</x><y>381</y><time>undefined</time></pt><pt><x>3794</x><y>381</y><time>undefined</time></pt><closed_date>17-10-20 16:45:33:686</closed_date></polygon></object></annotation>