<annotation><filename>m2_s01_001_p_nic078.jpg</filename><folder>users/joselusava//santiago</folder><source><submittedBy>Jose Saca</submittedBy></source><imagesize><nrows>2850</nrows><ncols>4271</ncols></imagesize><object><name>m2_s01_001_p_nic078</name><deleted>0</deleted><verified>0</verified><occluded>no</occluded><attributes></attributes><parts><hasparts></hasparts><ispartof></ispartof></parts><date>19-09-20 23:27:14:611</date><id>0</id><type>bounding_box</type><polygon><username>anonymous</username><pt><x>1875</x><y>372</y><time>19-09-20 23:27:07:681</time></pt><pt><x>3969</x><y>372</y><time>19-09-20 23:27:08:843</time></pt><pt><x>3969</x><y>2485</y><time>undefined</time></pt><pt><x>1875</x><y>2485</y><time>undefined</time></pt><closed_date>19-09-20 23:27:08:845</closed_date></polygon></object></annotation>