<annotation><filename>m3_s01_023_p_ic013.jpg</filename><folder>users/joselusava//santiago_3</folder><source><submittedBy>Jose Saca</submittedBy></source><imagesize><nrows>2970</nrows><ncols>4451</ncols></imagesize><object><name>m3_s01_023_p_ic013</name><deleted>0</deleted><verified>0</verified><occluded>no</occluded><attributes></attributes><parts><hasparts></hasparts><ispartof></ispartof></parts><date>04-11-20 18:45:51:250</date><id>0</id><type>bounding_box</type><polygon><username>anonymous</username><pt><x>443</x><y>264</y><time>04-11-20 18:45:47:034</time></pt><pt><x>3720</x><y>264</y><time>04-11-20 18:45:48:796</time></pt><pt><x>3720</x><y>2481</y><time>undefined</time></pt><pt><x>443</x><y>2481</y><time>undefined</time></pt><closed_date>04-11-20 18:45:48:798</closed_date></polygon></object></annotation>