<annotation><filename>m1_s02_052_p_nic021.jpg</filename><folder>users/joselusava//valeria/sala2_052_nic</folder><source><submittedBy>Jose Saca</submittedBy></source><imagesize><nrows>3200</nrows><ncols>4800</ncols></imagesize><object><name>m1_s02_052_p_nic021</name><deleted>0</deleted><verified>0</verified><occluded>no</occluded><attributes></attributes><parts><hasparts></hasparts><ispartof></ispartof></parts><date>27-08-20 14:46:12:371</date><id>0</id><type>bounding_box</type><polygon><username>anonymous</username><pt><x>2384</x><y>1702</y><time>27-08-20 14:46:05:603</time></pt><pt><x>446</x><y>1702</y><time>27-08-20 14:46:08:240</time></pt><pt><x>446</x><y>129</y><time>undefined</time></pt><pt><x>2384</x><y>129</y><time>undefined</time></pt><closed_date>27-08-20 14:46:08:241</closed_date></polygon></object></annotation>