<annotation><filename>m4_s09_138_p_ic015.jpg</filename><folder>users/joselusava//santiago_2</folder><source><submittedBy>Jose Saca</submittedBy></source><imagesize><nrows>2970</nrows><ncols>4451</ncols></imagesize><object><name>m4_s09_138_p_ic015</name><deleted>0</deleted><verified>0</verified><occluded>no</occluded><attributes></attributes><parts><hasparts></hasparts><ispartof></ispartof></parts><date>22-10-20 13:53:38:206</date><id>0</id><type>bounding_box</type><polygon><username>anonymous</username><pt><x>578</x><y>96</y><time>22-10-20 13:53:33:446</time></pt><pt><x>4069</x><y>96</y><time>22-10-20 13:53:35:500</time></pt><pt><x>4069</x><y>2488</y><time>undefined</time></pt><pt><x>578</x><y>2488</y><time>undefined</time></pt><closed_date>22-10-20 13:53:35:500</closed_date></polygon></object></annotation>