<annotation><filename>m2_s01_034_p_ic024.jpg</filename><folder>users/joselusava//kath</folder><source><submittedBy>Jose Saca</submittedBy></source><imagesize><nrows>2850</nrows><ncols>4271</ncols></imagesize><object><name>m2_s01_034_p_ic024</name><deleted>0</deleted><verified>0</verified><occluded>no</occluded><attributes></attributes><parts><hasparts></hasparts><ispartof></ispartof></parts><date>25-09-20 13:19:41:656</date><id>0</id><type>bounding_box</type><polygon><username>anonymous</username><pt><x>1342</x><y>160</y><time>25-09-20 13:19:33:483</time></pt><pt><x>2850</x><y>160</y><time>25-09-20 13:19:38:838</time></pt><pt><x>2850</x><y>2531</y><time>undefined</time></pt><pt><x>1342</x><y>2531</y><time>undefined</time></pt><closed_date>25-09-20 13:19:38:839</closed_date></polygon></object></annotation>