<annotation><filename>m2_s06_250_p_nic012.jpg</filename><folder>users/joselusava//m2_jsv/250</folder><source><submittedBy>Jose Saca</submittedBy></source><imagesize><nrows>2910</nrows><ncols>4361</ncols></imagesize><object><name>m2_s06_250_p_nic012</name><deleted>0</deleted><verified>0</verified><occluded>no</occluded><attributes></attributes><parts><hasparts></hasparts><ispartof></ispartof></parts><date>30-09-20 11:25:25:353</date><id>0</id><type>bounding_box</type><polygon><username>anonymous</username><pt><x>4265</x><y>2220</y><time>30-09-20 11:25:23:446</time></pt><pt><x>1271</x><y>2220</y><time>30-09-20 11:25:24:636</time></pt><pt><x>1271</x><y>827</y><time>undefined</time></pt><pt><x>4265</x><y>827</y><time>undefined</time></pt><closed_date>30-09-20 11:25:24:636</closed_date></polygon></object></annotation>