<annotation><filename>m2_s06_248_p_nic062.jpg</filename><folder>users/joselusava//museos2020</folder><source><submittedBy>Jose Saca</submittedBy></source><imagesize><nrows>2910</nrows><ncols>4361</ncols></imagesize><object><name>m2_s06_248_p_nic062</name><deleted>0</deleted><verified>0</verified><occluded>no</occluded><attributes></attributes><parts><hasparts></hasparts><ispartof></ispartof></parts><date>27-09-20 19:15:34:906</date><id>0</id><polygon><username>anonymous</username><pt><x>767</x><y>1920</y><time>27-09-20 19:15:16:184</time></pt><pt><x>2808</x><y>1897</y><time>27-09-20 19:15:17:134</time></pt><pt><x>2278</x><y>2654</y><time>27-09-20 19:15:18:198</time></pt><pt><x>567</x><y>2166</y><time>27-09-20 19:15:19:589</time></pt><closed_date>27-09-20 19:15:20:365</closed_date></polygon></object></annotation>