<annotation><filename>m4_s10_154_p_ic066.jpg</filename><folder>users/joselusava//valeria/m04_s10_154_ic</folder><source><submittedBy>Jose Saca</submittedBy></source><imagesize><nrows>2970</nrows><ncols>4451</ncols></imagesize><object><name>m4_s10_154_p_ic066</name><deleted>0</deleted><verified>0</verified><occluded>no</occluded><attributes></attributes><parts><hasparts></hasparts><ispartof></ispartof></parts><date>13-10-20 22:41:58:877</date><id>0</id><type>bounding_box</type><polygon><username>anonymous</username><pt><x>3113</x><y>2787</y><time>13-10-20 22:41:51:942</time></pt><pt><x>1456</x><y>2787</y><time>13-10-20 22:41:54:917</time></pt><pt><x>1456</x><y>131</y><time>undefined</time></pt><pt><x>3113</x><y>131</y><time>undefined</time></pt><closed_date>13-10-20 22:41:54:918</closed_date></polygon></object></annotation>