<annotation><filename>m2_s03_248_p_nic043.jpg</filename><folder>users/joselusava//museos2020</folder><source><submittedBy>Jose Saca</submittedBy></source><imagesize><nrows>2910</nrows><ncols>4361</ncols></imagesize><object><name>m2_s03_248_p_nic043</name><deleted>0</deleted><verified>0</verified><occluded>no</occluded><attributes></attributes><parts><hasparts></hasparts><ispartof></ispartof></parts><date>27-09-20 17:11:29:798</date><id>0</id><polygon><username>anonymous</username><pt><x>1027</x><y>418</y><time>27-09-20 17:11:20:835</time></pt><pt><x>3110</x><y>353</y><time>27-09-20 17:11:21:901</time></pt><pt><x>2538</x><y>1078</y><time>27-09-20 17:11:22:746</time></pt><pt><x>846</x><y>665</y><time>27-09-20 17:11:24:667</time></pt><closed_date>27-09-20 17:11:25:316</closed_date></polygon></object></annotation>