<annotation><filename>m2_s06_250_p_ic072.jpg</filename><folder>users/joselusava//valeria/m2_sala06_250_ic</folder><source><submittedBy>Jose Saca</submittedBy></source><imagesize><nrows>2910</nrows><ncols>4361</ncols></imagesize><object><name>m2_s06_250_p_ic071</name><deleted>0</deleted><verified>0</verified><occluded>no</occluded><attributes></attributes><parts><hasparts></hasparts><ispartof></ispartof></parts><date>30-09-20 23:58:53:761</date><id>0</id><type>bounding_box</type><polygon><username>anonymous</username><pt><x>243</x><y>2056</y><time>30-09-20 23:58:47:473</time></pt><pt><x>4150</x><y>2056</y><time>30-09-20 23:58:50:597</time></pt><pt><x>4150</x><y>766</y><time>undefined</time></pt><pt><x>243</x><y>766</y><time>undefined</time></pt><closed_date>30-09-20 23:58:50:599</closed_date></polygon></object></annotation>