<annotation><filename>m4_s10_157_p_ic082.jpg</filename><folder>users/joselusava//valeria/m04_s10_157_nic</folder><source><submittedBy>Jose Saca</submittedBy></source><imagesize><nrows>2970</nrows><ncols>4451</ncols></imagesize><object><name>m4_s10_157_p_nic082</name><deleted>0</deleted><verified>0</verified><occluded>no</occluded><attributes></attributes><parts><hasparts></hasparts><ispartof></ispartof></parts><date>12-10-20 21:46:05:396</date><id>0</id><type>bounding_box</type><polygon><username>anonymous</username><pt><x>231</x><y>2666</y><time>12-10-20 21:45:59:767</time></pt><pt><x>2064</x><y>2666</y><time>12-10-20 21:46:01:673</time></pt><pt><x>2064</x><y>349</y><time>undefined</time></pt><pt><x>231</x><y>349</y><time>undefined</time></pt><closed_date>12-10-20 21:46:01:673</closed_date></polygon></object></annotation>