<annotation><filename>m3_s01_023_p_nic021.jpg</filename><folder>users/joselusava//santiago_3</folder><source><submittedBy>Jose Saca</submittedBy></source><imagesize><nrows>2970</nrows><ncols>4451</ncols></imagesize><object><name>m3_s01_023_p_nic021</name><deleted>0</deleted><verified>0</verified><occluded>no</occluded><attributes></attributes><parts><hasparts></hasparts><ispartof></ispartof></parts><date>06-11-20 09:00:44:790</date><id>0</id><type>bounding_box</type><polygon><username>anonymous</username><pt><x>1442</x><y>1149</y><time>06-11-20 09:00:41:592</time></pt><pt><x>3984</x><y>1149</y><time>06-11-20 09:00:43:023</time></pt><pt><x>3984</x><y>2767</y><time>undefined</time></pt><pt><x>1442</x><y>2767</y><time>undefined</time></pt><closed_date>06-11-20 09:00:43:024</closed_date></polygon></object></annotation>