<annotation><filename>m2_s07_264_p_nic087.jpg</filename><folder>users/joselusava//valeria/sala7_264_nic</folder><source><submittedBy>Jose Saca</submittedBy></source><imagesize><nrows>2910</nrows><ncols>4361</ncols></imagesize><object><name>m2_s07_264_p_nic087</name><deleted>0</deleted><verified>0</verified><occluded>no</occluded><attributes></attributes><parts><hasparts></hasparts><ispartof></ispartof></parts><date>23-09-20 21:38:19:769</date><id>0</id><type>bounding_box</type><polygon><username>anonymous</username><pt><x>3990</x><y>2205</y><time>23-09-20 21:38:14:158</time></pt><pt><x>2458</x><y>2205</y><time>23-09-20 21:38:16:207</time></pt><pt><x>2458</x><y>424</y><time>undefined</time></pt><pt><x>3990</x><y>424</y><time>undefined</time></pt><closed_date>23-09-20 21:38:16:208</closed_date></polygon></object></annotation>