<annotation><filename>m2_s01_054_p_ic099.jpg</filename><folder>users/joselusava//kath</folder><source><submittedBy>Jose Saca</submittedBy></source><imagesize><nrows>2850</nrows><ncols>4271</ncols></imagesize><object><name>m2_s01_054_p_ic099</name><deleted>0</deleted><verified>0</verified><occluded>no</occluded><attributes></attributes><parts><hasparts></hasparts><ispartof></ispartof></parts><date>30-09-20 10:54:42:993</date><id>0</id><type>bounding_box</type><polygon><username>anonymous</username><pt><x>2703</x><y>386</y><time>30-09-20 10:54:36:236</time></pt><pt><x>1446</x><y>386</y><time>30-09-20 10:54:39:736</time></pt><pt><x>1446</x><y>2710</y><time>undefined</time></pt><pt><x>2703</x><y>2710</y><time>undefined</time></pt><closed_date>30-09-20 10:54:39:737</closed_date></polygon></object></annotation>