<annotation><filename>m1_s01_004_p_nic060.jpg</filename><folder>users/joselusava//valeria_apoyo/sala01_004_nic</folder><source><submittedBy>Jose Saca</submittedBy></source><imagesize><nrows>3200</nrows><ncols>4800</ncols></imagesize><object><name>m1_s01_004_p_nic060</name><deleted>0</deleted><verified>0</verified><occluded>no</occluded><attributes></attributes><parts><hasparts></hasparts><ispartof></ispartof></parts><date>17-09-20 19:03:20:088</date><id>0</id><type>bounding_box</type><polygon><username>anonymous</username><pt><x>4276</x><y>2363</y><time>17-09-20 19:03:11:972</time></pt><pt><x>1531</x><y>2363</y><time>17-09-20 19:03:14:782</time></pt><pt><x>1531</x><y>1553</y><time>undefined</time></pt><pt><x>4276</x><y>1553</y><time>undefined</time></pt><closed_date>17-09-20 19:03:14:784</closed_date></polygon></object></annotation>