<annotation><filename>m1_s02_065_p_ic052.jpg</filename><folder>users/joselusava//valeria/sala2_065_ic</folder><source><submittedBy>Jose Saca</submittedBy></source><imagesize><nrows>2000</nrows><ncols>2992</ncols></imagesize><object><name>m1_s02_065_p_ic052</name><deleted>0</deleted><verified>0</verified><occluded>no</occluded><attributes></attributes><parts><hasparts></hasparts><ispartof></ispartof></parts><date>26-08-20 00:02:45:139</date><id>0</id><type>bounding_box</type><polygon><username>anonymous</username><pt><x>77</x><y>221</y><time>26-08-20 00:02:38:466</time></pt><pt><x>2906</x><y>221</y><time>26-08-20 00:02:41:558</time></pt><pt><x>2906</x><y>1909</y><time>undefined</time></pt><pt><x>77</x><y>1909</y><time>undefined</time></pt><closed_date>26-08-20 00:02:41:558</closed_date></polygon></object></annotation>