<annotation><filename>m4_s12_185_p_nic009.jpg</filename><folder>users/joselusava//valeria/m04_s12_185_nic</folder><source><submittedBy>Jose Saca</submittedBy></source><imagesize><nrows>2910</nrows><ncols>4361</ncols></imagesize><object><name>m4_s12_185_p_nic009</name><deleted>0</deleted><verified>0</verified><occluded>no</occluded><attributes></attributes><parts><hasparts></hasparts><ispartof></ispartof></parts><date>17-10-20 19:25:42:394</date><id>0</id><type>bounding_box</type><polygon><username>anonymous</username><pt><x>50</x><y>2692</y><time>17-10-20 19:25:35:899</time></pt><pt><x>2322</x><y>2692</y><time>17-10-20 19:25:38:153</time></pt><pt><x>2322</x><y>476</y><time>undefined</time></pt><pt><x>50</x><y>476</y><time>undefined</time></pt><closed_date>17-10-20 19:25:38:154</closed_date></polygon></object></annotation>