<annotation><filename>m4_s05_052_p_nic054.jpg</filename><folder>users/joselusava//santiago_2</folder><source><submittedBy>Jose Saca</submittedBy></source><imagesize><nrows>2910</nrows><ncols>4361</ncols></imagesize><object><name>m4_s05_052_p_nic054</name><deleted>0</deleted><verified>0</verified><occluded>no</occluded><attributes></attributes><parts><hasparts></hasparts><ispartof></ispartof></parts><date>08-10-20 21:35:32:261</date><id>0</id><type>bounding_box</type><polygon><username>anonymous</username><pt><x>1043</x><y>464</y><time>08-10-20 21:35:28:016</time></pt><pt><x>2137</x><y>464</y><time>08-10-20 21:35:29:707</time></pt><pt><x>2137</x><y>1833</y><time>undefined</time></pt><pt><x>1043</x><y>1833</y><time>undefined</time></pt><closed_date>08-10-20 21:35:29:708</closed_date></polygon></object></annotation>