<annotation><filename>m2_s01_018_p_nic003.jpg</filename><folder>users/joselusava//santiago_2</folder><source><submittedBy>Jose Saca</submittedBy></source><imagesize><nrows>3000</nrows><ncols>4496</ncols></imagesize><object><name>m2_s01_018_p_nic003</name><deleted>0</deleted><verified>0</verified><occluded>no</occluded><attributes></attributes><parts><hasparts></hasparts><ispartof></ispartof></parts><date>28-09-20 19:24:11:530</date><id>0</id><type>bounding_box</type><polygon><username>anonymous</username><pt><x>3125</x><y>1046</y><time>28-09-20 19:24:08:578</time></pt><pt><x>3786</x><y>1046</y><time>28-09-20 19:24:09:661</time></pt><pt><x>3786</x><y>1836</y><time>undefined</time></pt><pt><x>3125</x><y>1836</y><time>undefined</time></pt><closed_date>28-09-20 19:24:09:662</closed_date></polygon></object></annotation>