<annotation><filename>m1_s01_001_p_ic079.jpg</filename><folder>users/joselusava//juancarlos</folder><source><submittedBy>Jose Saca</submittedBy></source><imagesize><nrows>2000</nrows><ncols>2992</ncols></imagesize><object><name>m1_s01_001_p_ic078</name><deleted>0</deleted><verified>0</verified><occluded>no</occluded><attributes></attributes><parts><hasparts></hasparts><ispartof></ispartof></parts><date>01-09-20 10:20:31:659</date><id>0</id><type>bounding_box</type><polygon><username>anonymous</username><pt><x>711</x><y>815</y><time>01-09-20 10:20:22:544</time></pt><pt><x>2010</x><y>815</y><time>01-09-20 10:20:24:358</time></pt><pt><x>2010</x><y>1563</y><time>undefined</time></pt><pt><x>711</x><y>1563</y><time>undefined</time></pt><closed_date>01-09-20 10:20:24:360</closed_date></polygon></object></annotation>