<annotation><filename>m4_s07_105_p_ic088.jpg</filename><folder>users/joselusava//kath/m4_105</folder><source><submittedBy>Jose Saca</submittedBy></source><imagesize><nrows>2970</nrows><ncols>4451</ncols></imagesize><object><name>m4_s07_105_p_ic088</name><deleted>0</deleted><verified>0</verified><occluded>no</occluded><attributes></attributes><parts><hasparts></hasparts><ispartof></ispartof></parts><date>29-10-20 09:07:38:907</date><id>0</id><type>bounding_box</type><polygon><username>anonymous</username><pt><x>1817</x><y>2542</y><time>29-10-20 09:07:34:003</time></pt><pt><x>2879</x><y>2542</y><time>29-10-20 09:07:36:413</time></pt><pt><x>2879</x><y>312</y><time>undefined</time></pt><pt><x>1817</x><y>312</y><time>undefined</time></pt><closed_date>29-10-20 09:07:36:413</closed_date></polygon></object></annotation>