<annotation><filename>m1_s02_052_p_nic100.jpg</filename><folder>users/joselusava//valeria/sala2_052_nic</folder><source><submittedBy>Jose Saca</submittedBy></source><imagesize><nrows>3200</nrows><ncols>4800</ncols></imagesize><object><name>m1_s02_052_p_nic100</name><deleted>0</deleted><verified>0</verified><occluded>no</occluded><attributes></attributes><parts><hasparts></hasparts><ispartof></ispartof></parts><date>27-08-20 18:06:31:037</date><id>0</id><type>bounding_box</type><polygon><username>anonymous</username><pt><x>3871</x><y>1541</y><time>27-08-20 18:06:24:924</time></pt><pt><x>2443</x><y>1541</y><time>27-08-20 18:06:27:460</time></pt><pt><x>2443</x><y>413</y><time>undefined</time></pt><pt><x>3871</x><y>413</y><time>undefined</time></pt><closed_date>27-08-20 18:06:27:461</closed_date></polygon></object></annotation>