<annotation><filename>m2_s03_201_p_nic004.jpg</filename><folder>users/joselusava//eg</folder><source><submittedBy>Jose Saca</submittedBy></source><imagesize><nrows>2910</nrows><ncols>4361</ncols></imagesize><object><name>m2_s03_201_p_nic004</name><deleted>0</deleted><verified>0</verified><occluded>no</occluded><attributes></attributes><parts><hasparts></hasparts><ispartof></ispartof></parts><date>18-09-20 10:30:24:593</date><id>0</id><type>bounding_box</type><polygon><username>anonymous</username><pt><x>1104</x><y>244</y><time>18-09-20 10:30:08:592</time></pt><pt><x>2695</x><y>244</y><time>18-09-20 10:30:10:771</time></pt><pt><x>2695</x><y>2093</y><time>undefined</time></pt><pt><x>1104</x><y>2093</y><time>undefined</time></pt><closed_date>18-09-20 10:30:10:772</closed_date></polygon></object></annotation>