<annotation><filename>m2_s01_054_p_nic002.jpg</filename><folder>users/joselusava//kath</folder><source><submittedBy>Jose Saca</submittedBy></source><imagesize><nrows>2850</nrows><ncols>4271</ncols></imagesize><object><name>m2_s01_054_p_nic002</name><deleted>0</deleted><verified>0</verified><occluded>no</occluded><attributes></attributes><parts><hasparts></hasparts><ispartof></ispartof></parts><date>30-09-20 10:57:11:473</date><id>0</id><type>bounding_box</type><polygon><username>anonymous</username><pt><x>3699</x><y>1172</y><time>30-09-20 10:57:07:026</time></pt><pt><x>2871</x><y>1172</y><time>30-09-20 10:57:09:223</time></pt><pt><x>2871</x><y>2197</y><time>undefined</time></pt><pt><x>3699</x><y>2197</y><time>undefined</time></pt><closed_date>30-09-20 10:57:09:224</closed_date></polygon></object></annotation>