<annotation><filename>m1_s01_021_p_ic033.jpg</filename><folder>users/joselusava//santiago</folder><source><submittedBy>Jose Saca</submittedBy></source><imagesize><nrows>3200</nrows><ncols>4800</ncols></imagesize><object><name>m1_s01_021_p_ic033</name><deleted>0</deleted><verified>0</verified><occluded>no</occluded><attributes></attributes><parts><hasparts></hasparts><ispartof></ispartof></parts><date>14-09-20 22:59:50:359</date><id>0</id><type>bounding_box</type><polygon><username>anonymous</username><pt><x>1897</x><y>727</y><time>14-09-20 22:59:41:960</time></pt><pt><x>3229</x><y>727</y><time>14-09-20 22:59:43:893</time></pt><pt><x>3229</x><y>2347</y><time>undefined</time></pt><pt><x>1897</x><y>2347</y><time>undefined</time></pt><closed_date>14-09-20 22:59:43:894</closed_date></polygon></object></annotation>