<annotation><filename>m2_s01_056_p_nic080.jpg</filename><folder>users/joselusava//m2_jsv/56/nic</folder><source><submittedBy>Jose Saca</submittedBy></source><imagesize><nrows>2850</nrows><ncols>4271</ncols></imagesize><object><name>m2_s01_056_p_nic080</name><deleted>0</deleted><verified>0</verified><occluded>no</occluded><attributes></attributes><parts><hasparts></hasparts><ispartof></ispartof></parts><date>28-09-20 22:34:18:167</date><id>0</id><type>bounding_box</type><polygon><username>anonymous</username><pt><x>3091</x><y>2547</y><time>28-09-20 22:34:16:080</time></pt><pt><x>1715</x><y>2547</y><time>28-09-20 22:34:17:182</time></pt><pt><x>1715</x><y>900</y><time>undefined</time></pt><pt><x>3091</x><y>900</y><time>undefined</time></pt><closed_date>28-09-20 22:34:17:182</closed_date></polygon></object></annotation>