<annotation><filename>m2_s01_010_p_ic006.jpg</filename><folder>users/joselusava//santiago</folder><source><submittedBy>Jose Saca</submittedBy></source><imagesize><nrows>2850</nrows><ncols>4271</ncols></imagesize><object><name>m2_s01_010_p_ic006</name><deleted>0</deleted><verified>0</verified><occluded>no</occluded><attributes></attributes><parts><hasparts></hasparts><ispartof></ispartof></parts><date>21-09-20 15:02:15:442</date><id>0</id><type>bounding_box</type><polygon><username>anonymous</username><pt><x>1353</x><y>622</y><time>21-09-20 15:02:05:801</time></pt><pt><x>2943</x><y>622</y><time>21-09-20 15:02:08:168</time></pt><pt><x>2943</x><y>2228</y><time>undefined</time></pt><pt><x>1353</x><y>2228</y><time>undefined</time></pt><closed_date>21-09-20 15:02:08:169</closed_date></polygon></object></annotation>