<annotation><filename>m2_s03_219_p_ic080.jpg</filename><folder>users/joselusava//valeria/m2_sala03_219_ic</folder><source><submittedBy>Jose Saca</submittedBy></source><imagesize><nrows>2910</nrows><ncols>4361</ncols></imagesize><object><name>m2_s03_219_p_ic080</name><deleted>0</deleted><verified>0</verified><occluded>no</occluded><attributes></attributes><parts><hasparts></hasparts><ispartof></ispartof></parts><date>29-09-20 01:11:38:064</date><id>0</id><type>bounding_box</type><polygon><username>anonymous</username><pt><x>2794</x><y>529</y><time>29-09-20 01:11:32:664</time></pt><pt><x>860</x><y>529</y><time>29-09-20 01:11:34:625</time></pt><pt><x>860</x><y>2513</y><time>undefined</time></pt><pt><x>2794</x><y>2513</y><time>undefined</time></pt><closed_date>29-09-20 01:11:34:626</closed_date></polygon></object></annotation>