<annotation><filename>m4_s09_138_p_nic020.jpg</filename><folder>users/joselusava//santiago_2</folder><source><submittedBy>Jose Saca</submittedBy></source><imagesize><nrows>2970</nrows><ncols>4451</ncols></imagesize><object><name>m4_s09_138_p_nic020</name><deleted>0</deleted><verified>0</verified><occluded>no</occluded><attributes></attributes><parts><hasparts></hasparts><ispartof></ispartof></parts><date>22-10-20 23:18:12:312</date><id>0</id><type>bounding_box</type><polygon><username>anonymous</username><pt><x>2053</x><y>842</y><time>22-10-20 23:18:09:264</time></pt><pt><x>4291</x><y>842</y><time>22-10-20 23:18:10:078</time></pt><pt><x>4291</x><y>1945</y><time>undefined</time></pt><pt><x>2053</x><y>1945</y><time>undefined</time></pt><closed_date>22-10-20 23:18:10:078</closed_date></polygon></object></annotation>