<annotation><filename>m4_s04_039_p_nic087.jpg</filename><folder>users/joselusava//santiago_2</folder><source><submittedBy>Jose Saca</submittedBy></source><imagesize><nrows>2970</nrows><ncols>4451</ncols></imagesize><object><name>m4_s04_039_p_nic087</name><deleted>0</deleted><verified>0</verified><occluded>no</occluded><attributes></attributes><parts><hasparts></hasparts><ispartof></ispartof></parts><date>21-10-20 22:19:58:043</date><id>0</id><type>bounding_box</type><polygon><username>anonymous</username><pt><x>2977</x><y>914</y><time>21-10-20 22:19:54:476</time></pt><pt><x>3552</x><y>914</y><time>21-10-20 22:19:55:751</time></pt><pt><x>3552</x><y>2709</y><time>undefined</time></pt><pt><x>2977</x><y>2709</y><time>undefined</time></pt><closed_date>21-10-20 22:19:55:751</closed_date></polygon></object></annotation>