<annotation><filename>img_m1_s03-04_108_p_nic058.jpg</filename><folder>users/joselusava//valeria/sala3y4_108_nic</folder><source><submittedBy>Jose Saca</submittedBy></source><imagesize><nrows>3200</nrows><ncols>4800</ncols></imagesize><object><name>m1_s03_s04_108_p_nic058</name><deleted>0</deleted><verified>0</verified><occluded>no</occluded><attributes></attributes><parts><hasparts></hasparts><ispartof></ispartof></parts><date>02-09-20 18:32:12:680</date><id>0</id><type>bounding_box</type><polygon><username>anonymous</username><pt><x>4788</x><y>1636</y><time>02-09-20 18:32:05:863</time></pt><pt><x>939</x><y>1636</y><time>02-09-20 18:32:08:698</time></pt><pt><x>939</x><y>400</y><time>undefined</time></pt><pt><x>4788</x><y>400</y><time>undefined</time></pt><closed_date>02-09-20 18:32:08:699</closed_date></polygon></object></annotation>