<annotation><filename>m2_s03_201_p_nic089.jpg</filename><folder>users/joselusava//valeria/m2_sala03_201_nic</folder><source><submittedBy>Jose Saca</submittedBy></source><imagesize><nrows>2910</nrows><ncols>4361</ncols></imagesize><object><name>m2_s03_201_p_nic089</name><deleted>0</deleted><verified>0</verified><occluded>no</occluded><attributes></attributes><parts><hasparts></hasparts><ispartof></ispartof></parts><date>30-09-20 18:43:47:736</date><id>0</id><type>bounding_box</type><polygon><username>anonymous</username><pt><x>2397</x><y>2116</y><time>30-09-20 18:43:41:899</time></pt><pt><x>364</x><y>2116</y><time>30-09-20 18:43:44:276</time></pt><pt><x>364</x><y>248</y><time>undefined</time></pt><pt><x>2397</x><y>248</y><time>undefined</time></pt><closed_date>30-09-20 18:43:44:277</closed_date></polygon></object></annotation>