<annotation><filename>m2_s02_129_p_nic049.jpg</filename><folder>users/joselusava//m2_jsv/129/nic</folder><source><submittedBy>Jose Saca</submittedBy></source><imagesize><nrows>2910</nrows><ncols>4361</ncols></imagesize><object><name>m2_s02_129_p_nic049</name><deleted>0</deleted><verified>0</verified><occluded>no</occluded><attributes></attributes><parts><hasparts></hasparts><ispartof></ispartof></parts><date>25-09-20 07:54:06:159</date><id>0</id><type>bounding_box</type><polygon><username>anonymous</username><pt><x>1419</x><y>1845</y><time>25-09-20 07:54:03:123</time></pt><pt><x>461</x><y>1845</y><time>25-09-20 07:54:05:120</time></pt><pt><x>461</x><y>1045</y><time>undefined</time></pt><pt><x>1419</x><y>1045</y><time>undefined</time></pt><closed_date>25-09-20 07:54:05:120</closed_date></polygon></object></annotation>