<annotation><filename>m1_s01_017_p_nic007.jpg</filename><folder>users/joselusava//santiago</folder><source><submittedBy>Jose Saca</submittedBy></source><imagesize><nrows>3200</nrows><ncols>4800</ncols></imagesize><object><name>m1_s01_017_p_nic007</name><deleted>0</deleted><verified>0</verified><occluded>no</occluded><attributes></attributes><parts><hasparts></hasparts><ispartof></ispartof></parts><date>11-09-20 18:22:47:027</date><id>0</id><type>bounding_box</type><polygon><username>anonymous</username><pt><x>1775</x><y>602</y><time>11-09-20 18:22:38:787</time></pt><pt><x>2297</x><y>602</y><time>11-09-20 18:22:40:904</time></pt><pt><x>2297</x><y>1013</y><time>undefined</time></pt><pt><x>1775</x><y>1013</y><time>undefined</time></pt><closed_date>11-09-20 18:22:40:904</closed_date></polygon></object></annotation>