<annotation><filename>m1_s06_144_p_ic097.jpg</filename><folder>users/joselusava//jacob_2/144ic</folder><source><submittedBy>Jose Saca</submittedBy></source><imagesize><nrows>2736</nrows><ncols>4100</ncols></imagesize><object><name>m1_s06_144_p_ic097</name><deleted>0</deleted><verified>0</verified><occluded>no</occluded><attributes></attributes><parts><hasparts></hasparts><ispartof></ispartof></parts><date>08-09-20 01:47:06:938</date><id>0</id><type>bounding_box</type><polygon><username>anonymous</username><pt><x>589</x><y>2431</y><time>08-09-20 01:47:03:936</time></pt><pt><x>3200</x><y>2431</y><time>08-09-20 01:47:06:066</time></pt><pt><x>3200</x><y>25</y><time>undefined</time></pt><pt><x>589</x><y>25</y><time>undefined</time></pt><closed_date>08-09-20 01:47:06:066</closed_date></polygon></object></annotation>