<annotation><filename>m3_s01_002_p_nic041.jpg</filename><folder>users/joselusava//santiago_3</folder><source><submittedBy>Jose Saca</submittedBy></source><imagesize><nrows>2970</nrows><ncols>4451</ncols></imagesize><object><name>m3_s01_002_p_nic041</name><deleted>0</deleted><verified>0</verified><occluded>no</occluded><attributes></attributes><parts><hasparts></hasparts><ispartof></ispartof></parts><date>29-10-20 20:39:25:697</date><id>0</id><type>bounding_box</type><polygon><username>anonymous</username><pt><x>664</x><y>225</y><time>29-10-20 20:39:17:203</time></pt><pt><x>2456</x><y>225</y><time>29-10-20 20:39:18:501</time></pt><pt><x>2456</x><y>2135</y><time>undefined</time></pt><pt><x>664</x><y>2135</y><time>undefined</time></pt><closed_date>29-10-20 20:39:18:501</closed_date></polygon></object></annotation>