<annotation><filename>m1_s01_017_p_ic067.jpg</filename><folder>users/joselusava//santiago</folder><source><submittedBy>Jose Saca</submittedBy></source><imagesize><nrows>3200</nrows><ncols>4800</ncols></imagesize><object><name>m1_s01_017_p_ic067</name><deleted>0</deleted><verified>0</verified><occluded>no</occluded><attributes></attributes><parts><hasparts></hasparts><ispartof></ispartof></parts><date>10-09-20 22:46:12:149</date><id>0</id><type>bounding_box</type><polygon><username>anonymous</username><pt><x>1609</x><y>623</y><time>10-09-20 22:46:04:228</time></pt><pt><x>3412</x><y>623</y><time>10-09-20 22:46:06:470</time></pt><pt><x>3412</x><y>2138</y><time>undefined</time></pt><pt><x>1609</x><y>2138</y><time>undefined</time></pt><closed_date>10-09-20 22:46:06:472</closed_date></polygon></object></annotation>