<annotation><filename>m1_s02_029_p_nic006.jpg</filename><folder>users/joselusava//museos2020</folder><source><submittedBy>Jose Saca</submittedBy></source><imagesize><nrows>3200</nrows><ncols>4800</ncols></imagesize><object><name>m1_s02_029_p_nic006</name><deleted>0</deleted><verified>0</verified><occluded>no</occluded><attributes></attributes><parts><hasparts></hasparts><ispartof></ispartof></parts><date>27-08-20 18:19:45:210</date><id>0</id><type>bounding_box</type><polygon><username>anonymous</username><pt><x>4000</x><y>2878</y><time>27-08-20 18:19:40:361</time></pt><pt><x>2776</x><y>2878</y><time>27-08-20 18:19:42:258</time></pt><pt><x>2776</x><y>1675</y><time>undefined</time></pt><pt><x>4000</x><y>1675</y><time>undefined</time></pt><closed_date>27-08-20 18:19:42:259</closed_date></polygon></object></annotation>