<annotation><filename>m2_s07_264_p_nic029.jpg</filename><folder>users/joselusava//valeria/sala7_264_nic</folder><source><submittedBy>Jose Saca</submittedBy></source><imagesize><nrows>2910</nrows><ncols>4361</ncols></imagesize><object><name>m2_s07_264_p_nic029</name><deleted>0</deleted><verified>0</verified><occluded>no</occluded><attributes></attributes><parts><hasparts></hasparts><ispartof></ispartof></parts><date>23-09-20 19:53:24:940</date><id>0</id><type>bounding_box</type><polygon><username>anonymous</username><pt><x>931</x><y>2739</y><time>23-09-20 19:53:19:297</time></pt><pt><x>2221</x><y>2739</y><time>23-09-20 19:53:21:072</time></pt><pt><x>2221</x><y>1086</y><time>undefined</time></pt><pt><x>931</x><y>1086</y><time>undefined</time></pt><closed_date>23-09-20 19:53:21:073</closed_date></polygon></object></annotation>