<annotation><filename>m2_s01_001_p_nic096.jpg</filename><folder>users/joselusava//santiago</folder><source><submittedBy>Jose Saca</submittedBy></source><imagesize><nrows>2850</nrows><ncols>4271</ncols></imagesize><object><name>m2_s01_001_p_nic096</name><deleted>0</deleted><verified>0</verified><occluded>no</occluded><attributes></attributes><parts><hasparts></hasparts><ispartof></ispartof></parts><date>19-09-20 23:49:35:747</date><id>0</id><type>bounding_box</type><polygon><username>anonymous</username><pt><x>507</x><y>965</y><time>19-09-20 23:49:27:268</time></pt><pt><x>2036</x><y>965</y><time>19-09-20 23:49:28:804</time></pt><pt><x>2036</x><y>2337</y><time>undefined</time></pt><pt><x>507</x><y>2337</y><time>undefined</time></pt><closed_date>19-09-20 23:49:28:804</closed_date></polygon></object></annotation>