<annotation><filename>m2_s02_129_p_ic001.jpg</filename><folder>users/joselusava//m2_jsv/129/ic</folder><source><submittedBy>Jose Saca</submittedBy></source><imagesize><nrows>2910</nrows><ncols>4361</ncols></imagesize><object><name>m2_s02_129_p_ic001</name><deleted>0</deleted><verified>0</verified><occluded>no</occluded><attributes></attributes><parts><hasparts></hasparts><ispartof></ispartof></parts><date>24-09-20 15:07:03:625</date><id>0</id><type>bounding_box</type><polygon><username>anonymous</username><pt><x>2794</x><y>2011</y><time>24-09-20 15:06:57:649</time></pt><pt><x>1549</x><y>2011</y><time>24-09-20 15:07:00:921</time></pt><pt><x>1549</x><y>775</y><time>undefined</time></pt><pt><x>2794</x><y>775</y><time>undefined</time></pt><closed_date>24-09-20 15:07:00:922</closed_date></polygon></object></annotation>