<annotation><filename>m1_s01_001_p_nic061.jpg</filename><folder>users/joselusava//juancarlos</folder><source><submittedBy>Jose Saca</submittedBy></source><imagesize><nrows>3200</nrows><ncols>4800</ncols></imagesize><object><name>m1_s01_001_p_nic061</name><deleted>0</deleted><verified>0</verified><occluded>no</occluded><attributes></attributes><parts><hasparts></hasparts><ispartof></ispartof></parts><date>09-09-20 17:37:38:309</date><id>0</id><type>bounding_box</type><polygon><username>anonymous</username><pt><x>1976</x><y>2418</y><time>09-09-20 17:37:17:198</time></pt><pt><x>2964</x><y>2418</y><time>09-09-20 17:37:20:337</time></pt><pt><x>2964</x><y>2915</y><time>undefined</time></pt><pt><x>1976</x><y>2915</y><time>undefined</time></pt><closed_date>09-09-20 17:37:20:339</closed_date></polygon></object></annotation>