<annotation><filename>m4_s05_052_p_nic087.jpg</filename><folder>users/joselusava//santiago_2</folder><source><submittedBy>Jose Saca</submittedBy></source><imagesize><nrows>2910</nrows><ncols>4361</ncols></imagesize><object><name>m4_s05_052_p_nic087</name><deleted>0</deleted><verified>0</verified><occluded>no</occluded><attributes></attributes><parts><hasparts></hasparts><ispartof></ispartof></parts><date>08-10-20 22:38:16:097</date><id>0</id><type>bounding_box</type><polygon><username>anonymous</username><pt><x>2754</x><y>676</y><time>08-10-20 22:38:11:717</time></pt><pt><x>4112</x><y>676</y><time>08-10-20 22:38:13:632</time></pt><pt><x>4112</x><y>2120</y><time>undefined</time></pt><pt><x>2754</x><y>2120</y><time>undefined</time></pt><closed_date>08-10-20 22:38:13:633</closed_date></polygon></object></annotation>