<annotation><filename>m2_s03_248_p_nic046.jpg</filename><folder>users/joselusava//museos2020</folder><source><submittedBy>Jose Saca</submittedBy></source><imagesize><nrows>2910</nrows><ncols>4361</ncols></imagesize><object><name>m2_s03_248_p_nic046</name><deleted>0</deleted><verified>0</verified><occluded>no</occluded><attributes></attributes><parts><hasparts></hasparts><ispartof></ispartof></parts><date>27-09-20 17:13:21:086</date><id>0</id><polygon><username>anonymous</username><pt><x>539</x><y>390</y><time>27-09-20 17:13:12:435</time></pt><pt><x>2650</x><y>321</y><time>27-09-20 17:13:13:461</time></pt><pt><x>2106</x><y>1018</y><time>27-09-20 17:13:14:403</time></pt><pt><x>363</x><y>642</y><time>27-09-20 17:13:15:500</time></pt><closed_date>27-09-20 17:13:16:156</closed_date></polygon></object></annotation>