<annotation><filename>m2_s05_236_p_ic058.jpg</filename><folder>users/joselusava//museos2020</folder><source><submittedBy>Jose Saca</submittedBy></source><imagesize><nrows>2910</nrows><ncols>4361</ncols></imagesize><object><name>m2_s05_236_p_ic058</name><deleted>0</deleted><verified>0</verified><occluded>no</occluded><attributes></attributes><parts><hasparts></hasparts><ispartof></ispartof></parts><date>16-09-20 18:49:05:895</date><id>0</id><type>bounding_box</type><polygon><username>anonymous</username><pt><x>121</x><y>214</y><time>16-09-20 18:48:56:195</time></pt><pt><x>3314</x><y>214</y><time>16-09-20 18:48:58:005</time></pt><pt><x>3314</x><y>2822</y><time>undefined</time></pt><pt><x>121</x><y>2822</y><time>undefined</time></pt><closed_date>16-09-20 18:48:58:006</closed_date></polygon></object></annotation>