<annotation><filename>m4_s11_176_p_nic007.jpg</filename><folder>users/joselusava//m4_js/176/nic</folder><source><submittedBy>Jose Saca</submittedBy></source><imagesize><nrows>2970</nrows><ncols>4451</ncols></imagesize><object><name>m4_s11_176_p_nic007</name><deleted>0</deleted><verified>0</verified><occluded>no</occluded><attributes></attributes><parts><hasparts></hasparts><ispartof></ispartof></parts><date>15-10-20 11:23:20:151</date><id>0</id><type>bounding_box</type><polygon><username>anonymous</username><pt><x>2354</x><y>1761</y><time>15-10-20 11:23:18:032</time></pt><pt><x>4424</x><y>1761</y><time>15-10-20 11:23:19:204</time></pt><pt><x>4424</x><y>0</y><time>undefined</time></pt><pt><x>2354</x><y>0</y><time>undefined</time></pt><closed_date>15-10-20 11:23:19:204</closed_date></polygon></object></annotation>