<annotation><filename>m4_s11_176_p_ic004.jpg</filename><folder>users/joselusava//m4_js/176/ic</folder><source><submittedBy>Jose Saca</submittedBy></source><imagesize><nrows>2970</nrows><ncols>4451</ncols></imagesize><object><name>m4_s11_176_p_ic004</name><deleted>0</deleted><verified>0</verified><occluded>no</occluded><attributes></attributes><parts><hasparts></hasparts><ispartof></ispartof></parts><date>14-10-20 16:30:11:482</date><id>0</id><type>bounding_box</type><polygon><username>anonymous</username><pt><x>3003</x><y>2337</y><time>14-10-20 16:30:09:282</time></pt><pt><x>1244</x><y>2337</y><time>14-10-20 16:30:10:895</time></pt><pt><x>1244</x><y>595</y><time>undefined</time></pt><pt><x>3003</x><y>595</y><time>undefined</time></pt><closed_date>14-10-20 16:30:10:896</closed_date></polygon></object></annotation>