<annotation><filename>m2_s01_032_p_nic100.jpg</filename><folder>users/joselusava//santiago_2</folder><source><submittedBy>Jose Saca</submittedBy></source><imagesize><nrows>2850</nrows><ncols>4271</ncols></imagesize><object><name>m2_s01_032_p_nic100</name><deleted>0</deleted><verified>0</verified><occluded>no</occluded><attributes></attributes><parts><hasparts></hasparts><ispartof></ispartof></parts><date>30-09-20 21:33:39:621</date><id>0</id><type>bounding_box</type><polygon><username>anonymous</username><pt><x>2171</x><y>305</y><time>30-09-20 21:33:37:120</time></pt><pt><x>2816</x><y>305</y><time>30-09-20 21:33:37:904</time></pt><pt><x>2816</x><y>1089</y><time>undefined</time></pt><pt><x>2171</x><y>1089</y><time>undefined</time></pt><closed_date>30-09-20 21:33:37:905</closed_date></polygon></object></annotation>