<annotation><filename>m4_s04_039_p_nic046.jpg</filename><folder>users/joselusava//santiago_2</folder><source><submittedBy>Jose Saca</submittedBy></source><imagesize><nrows>2970</nrows><ncols>4451</ncols></imagesize><object><name>m4_s04_039_p_nic046</name><deleted>0</deleted><verified>0</verified><occluded>no</occluded><attributes></attributes><parts><hasparts></hasparts><ispartof></ispartof></parts><date>21-10-20 21:37:45:474</date><id>0</id><type>bounding_box</type><polygon><username>anonymous</username><pt><x>3134</x><y>236</y><time>21-10-20 21:37:41:727</time></pt><pt><x>3820</x><y>236</y><time>21-10-20 21:37:43:402</time></pt><pt><x>3820</x><y>2884</y><time>undefined</time></pt><pt><x>3134</x><y>2884</y><time>undefined</time></pt><closed_date>21-10-20 21:37:43:403</closed_date></polygon></object></annotation>