<annotation><filename>m1_s01_004_p_nic094.jpg</filename><folder>users/joselusava//valeria_apoyo/sala01_004_nic</folder><source><submittedBy>Jose Saca</submittedBy></source><imagesize><nrows>3200</nrows><ncols>4800</ncols></imagesize><object><name>m1_s01_004_p_nic094</name><deleted>0</deleted><verified>0</verified><occluded>no</occluded><attributes></attributes><parts><hasparts></hasparts><ispartof></ispartof></parts><date>17-09-20 20:37:36:420</date><id>0</id><type>bounding_box</type><polygon><username>anonymous</username><pt><x>194</x><y>1461</y><time>17-09-20 20:37:28:852</time></pt><pt><x>2988</x><y>1461</y><time>17-09-20 20:37:32:377</time></pt><pt><x>2988</x><y>509</y><time>undefined</time></pt><pt><x>194</x><y>509</y><time>undefined</time></pt><closed_date>17-09-20 20:37:32:378</closed_date></polygon></object></annotation>