<annotation><filename>m2_s01_034_p_ic043.jpg</filename><folder>users/joselusava//kath</folder><source><submittedBy>Jose Saca</submittedBy></source><imagesize><nrows>2850</nrows><ncols>4271</ncols></imagesize><object><name>m2_s01_034_p_ic043</name><deleted>0</deleted><verified>0</verified><occluded>no</occluded><attributes></attributes><parts><hasparts></hasparts><ispartof></ispartof></parts><date>25-09-20 13:53:16:932</date><id>0</id><type>bounding_box</type><polygon><username>anonymous</username><pt><x>1396</x><y>265</y><time>25-09-20 13:53:07:858</time></pt><pt><x>2850</x><y>265</y><time>25-09-20 13:53:14:002</time></pt><pt><x>2850</x><y>2714</y><time>undefined</time></pt><pt><x>1396</x><y>2714</y><time>undefined</time></pt><closed_date>25-09-20 13:53:14:003</closed_date></polygon></object></annotation>