<annotation><filename>m2_s03_201_p_nic070.jpg</filename><folder>users/joselusava//valeria/m2_sala03_201_nic</folder><source><submittedBy>Jose Saca</submittedBy></source><imagesize><nrows>2910</nrows><ncols>4361</ncols></imagesize><object><name>m2_s03_201_p_nic070</name><deleted>0</deleted><verified>0</verified><occluded>no</occluded><attributes></attributes><parts><hasparts></hasparts><ispartof></ispartof></parts><date>29-09-20 23:47:17:767</date><id>0</id><type>bounding_box</type><polygon><username>anonymous</username><pt><x>1576</x><y>2844</y><time>29-09-20 23:47:10:502</time></pt><pt><x>3268</x><y>2844</y><time>29-09-20 23:47:13:383</time></pt><pt><x>3268</x><y>948</y><time>undefined</time></pt><pt><x>1576</x><y>948</y><time>undefined</time></pt><closed_date>29-09-20 23:47:13:385</closed_date></polygon></object></annotation>