<annotation><filename>m2_s01_010_p_ic089.jpg</filename><folder>users/joselusava//santiago</folder><source><submittedBy>Jose Saca</submittedBy></source><imagesize><nrows>2850</nrows><ncols>4271</ncols></imagesize><object><name>m2_s01_010_p_ic089</name><deleted>0</deleted><verified>0</verified><occluded>no</occluded><attributes></attributes><parts><hasparts></hasparts><ispartof></ispartof></parts><date>21-09-20 23:51:10:811</date><id>0</id><type>bounding_box</type><polygon><username>anonymous</username><pt><x>1141</x><y>263</y><time>21-09-20 23:51:02:201</time></pt><pt><x>2997</x><y>263</y><time>21-09-20 23:51:03:945</time></pt><pt><x>2997</x><y>2263</y><time>undefined</time></pt><pt><x>1141</x><y>2263</y><time>undefined</time></pt><closed_date>21-09-20 23:51:03:946</closed_date></polygon></object></annotation>