<annotation><filename>m1_s06_141_p_nic024.jpg</filename><folder>users/joselusava//jacob_2/141nic</folder><source><submittedBy>Jose Saca</submittedBy></source><imagesize><nrows>2736</nrows><ncols>4100</ncols></imagesize><object><name>m1_s06_141_p_nic024</name><deleted>0</deleted><verified>0</verified><occluded>no</occluded><attributes></attributes><parts><hasparts></hasparts><ispartof></ispartof></parts><date>05-09-20 01:06:55:939</date><id>0</id><type>bounding_box</type><polygon><username>anonymous</username><pt><x>1685</x><y>2612</y><time>05-09-20 01:06:53:710</time></pt><pt><x>2869</x><y>2612</y><time>05-09-20 01:06:55:110</time></pt><pt><x>2869</x><y>1170</y><time>undefined</time></pt><pt><x>1685</x><y>1170</y><time>undefined</time></pt><closed_date>05-09-20 01:06:55:110</closed_date></polygon></object></annotation>