<annotation><filename>m1_s06_141_p_ic038.jpg</filename><folder>users/joselusava//jacob_2/141ic</folder><source><submittedBy>Jose Saca</submittedBy></source><imagesize><nrows>2736</nrows><ncols>4100</ncols></imagesize><object><name>m1_s06_141_p_ic038</name><deleted>0</deleted><verified>0</verified><occluded>no</occluded><attributes></attributes><parts><hasparts></hasparts><ispartof></ispartof></parts><date>04-09-20 22:36:48:048</date><id>0</id><type>bounding_box</type><polygon><username>anonymous</username><pt><x>1489</x><y>2439</y><time>04-09-20 22:36:45:262</time></pt><pt><x>2570</x><y>2439</y><time>04-09-20 22:36:47:131</time></pt><pt><x>2570</x><y>352</y><time>undefined</time></pt><pt><x>1489</x><y>352</y><time>undefined</time></pt><closed_date>04-09-20 22:36:47:132</closed_date></polygon></object></annotation>