<annotation><filename>m4_s05_052_p_ic034.jpg</filename><folder>users/joselusava//santiago_2</folder><source><submittedBy>Jose Saca</submittedBy></source><imagesize><nrows>2910</nrows><ncols>4361</ncols></imagesize><object><name>m4_s05_052_p_ic034</name><deleted>0</deleted><verified>0</verified><occluded>no</occluded><attributes></attributes><parts><hasparts></hasparts><ispartof></ispartof></parts><date>07-10-20 22:02:15:155</date><id>0</id><type>bounding_box</type><polygon><username>anonymous</username><pt><x>1601</x><y>412</y><time>07-10-20 22:02:10:813</time></pt><pt><x>2719</x><y>412</y><time>07-10-20 22:02:12:689</time></pt><pt><x>2719</x><y>2584</y><time>undefined</time></pt><pt><x>1601</x><y>2584</y><time>undefined</time></pt><closed_date>07-10-20 22:02:12:691</closed_date></polygon></object></annotation>