<annotation><filename>m4_s02_021_p_ic002.jpg</filename><folder>users/joselusava//santiago_2</folder><source><submittedBy>Jose Saca</submittedBy></source><imagesize><nrows>3000</nrows><ncols>4496</ncols></imagesize><object><name>m4_s02_021_p_ic002</name><deleted>0</deleted><verified>0</verified><occluded>no</occluded><attributes></attributes><parts><hasparts></hasparts><ispartof></ispartof></parts><date>02-10-20 15:05:19:666</date><id>0</id><type>bounding_box</type><polygon><username>anonymous</username><pt><x>1718</x><y>311</y><time>02-10-20 15:05:12:279</time></pt><pt><x>2804</x><y>311</y><time>02-10-20 15:05:16:202</time></pt><pt><x>2804</x><y>2682</y><time>undefined</time></pt><pt><x>1718</x><y>2682</y><time>undefined</time></pt><closed_date>02-10-20 15:05:16:203</closed_date></polygon></object></annotation>