<annotation><filename>m4_s06_089_p_ic044.jpg</filename><folder>users/joselusava//santiago_2</folder><source><submittedBy>Jose Saca</submittedBy></source><imagesize><nrows>2970</nrows><ncols>4451</ncols></imagesize><object><name>m4_s06_089_p_ic044</name><deleted>0</deleted><verified>0</verified><occluded>no</occluded><attributes></attributes><parts><hasparts></hasparts><ispartof></ispartof></parts><date>11-10-20 18:35:20:790</date><id>0</id><type>bounding_box</type><polygon><username>anonymous</username><pt><x>1651</x><y>364</y><time>11-10-20 18:35:16:852</time></pt><pt><x>2843</x><y>364</y><time>11-10-20 18:35:18:488</time></pt><pt><x>2843</x><y>2426</y><time>undefined</time></pt><pt><x>1651</x><y>2426</y><time>undefined</time></pt><closed_date>11-10-20 18:35:18:488</closed_date></polygon></object></annotation>