<annotation><filename>m4_s09_138_p_nic051.jpg</filename><folder>users/joselusava//santiago_2</folder><source><submittedBy>Jose Saca</submittedBy></source><imagesize><nrows>2970</nrows><ncols>4451</ncols></imagesize><object><name>m4_s09_138_p_nic051</name><deleted>0</deleted><verified>0</verified><occluded>no</occluded><attributes></attributes><parts><hasparts></hasparts><ispartof></ispartof></parts><date>23-10-20 13:55:34:122</date><id>0</id><type>bounding_box</type><polygon><username>anonymous</username><pt><x>1881</x><y>807</y><time>23-10-20 13:55:31:322</time></pt><pt><x>4159</x><y>807</y><time>23-10-20 13:55:32:290</time></pt><pt><x>4159</x><y>1699</y><time>undefined</time></pt><pt><x>1881</x><y>1699</y><time>undefined</time></pt><closed_date>23-10-20 13:55:32:292</closed_date></polygon></object></annotation>