<annotation><filename>m1_s06_144_p_nic024.jpg</filename><folder>users/joselusava//jacob_2/144nic</folder><source><submittedBy>Jose Saca</submittedBy></source><imagesize><nrows>2736</nrows><ncols>4100</ncols></imagesize><object><name>m1_s06_144_p_nic024</name><deleted>0</deleted><verified>0</verified><occluded>no</occluded><attributes></attributes><parts><hasparts></hasparts><ispartof></ispartof></parts><date>08-09-20 01:59:29:990</date><id>0</id><type>bounding_box</type><polygon><username>anonymous</username><pt><x>2471</x><y>385</y><time>08-09-20 01:59:27:640</time></pt><pt><x>3822</x><y>385</y><time>08-09-20 01:59:29:490</time></pt><pt><x>3822</x><y>2038</y><time>undefined</time></pt><pt><x>2471</x><y>2038</y><time>undefined</time></pt><closed_date>08-09-20 01:59:29:490</closed_date></polygon></object></annotation>