<annotation><filename>m1_s01_005_p_nic029.jpg</filename><folder>users/joselusava//museos2020</folder><source><submittedBy>Jose Saca</submittedBy></source><imagesize><nrows>2000</nrows><ncols>2992</ncols></imagesize><object><name>m1_s01_005_p_nic029</name><deleted>0</deleted><verified>0</verified><occluded>no</occluded><attributes></attributes><parts><hasparts></hasparts><ispartof></ispartof></parts><date>14-09-20 10:43:06:354</date><id>0</id><type>bounding_box</type><polygon><username>anonymous</username><pt><x>246</x><y>671</y><time>14-09-20 10:42:57:339</time></pt><pt><x>642</x><y>671</y><time>14-09-20 10:42:58:744</time></pt><pt><x>642</x><y>1077</y><time>undefined</time></pt><pt><x>246</x><y>1077</y><time>undefined</time></pt><closed_date>14-09-20 10:42:58:745</closed_date></polygon></object></annotation>