<annotation><filename>m1_s06_141_p_ic031.jpg</filename><folder>users/joselusava//jacob_2/141ic</folder><source><submittedBy>Jose Saca</submittedBy></source><imagesize><nrows>2736</nrows><ncols>4100</ncols></imagesize><object><name>m1_s06_141_p_ic031</name><deleted>0</deleted><verified>0</verified><occluded>no</occluded><attributes></attributes><parts><hasparts></hasparts><ispartof></ispartof></parts><date>04-09-20 17:24:10:170</date><id>0</id><type>bounding_box</type><polygon><username>anonymous</username><pt><x>2627</x><y>2619</y><time>04-09-20 17:24:06:107</time></pt><pt><x>1178</x><y>2619</y><time>04-09-20 17:24:08:634</time></pt><pt><x>1178</x><y>0</y><time>undefined</time></pt><pt><x>2627</x><y>0</y><time>undefined</time></pt><closed_date>04-09-20 17:24:08:634</closed_date></polygon></object></annotation>