<annotation><filename>m2_s06_251_x.jpg</filename><folder>users/joselusava//museos2020</folder><source><submittedBy>Jose Saca</submittedBy></source><imagesize><nrows>2910</nrows><ncols>4361</ncols></imagesize><object><name>m2_s06_251_x</name><deleted>0</deleted><verified>0</verified><occluded>no</occluded><attributes></attributes><parts><hasparts></hasparts><ispartof></ispartof></parts><date>27-09-20 21:56:02:484</date><id>0</id><type>bounding_box</type><polygon><username>anonymous</username><pt><x>1306</x><y>232</y><time>27-09-20 21:55:54:036</time></pt><pt><x>3040</x><y>232</y><time>27-09-20 21:55:56:042</time></pt><pt><x>3040</x><y>2636</y><time>undefined</time></pt><pt><x>1306</x><y>2636</y><time>undefined</time></pt><closed_date>27-09-20 21:55:56:043</closed_date></polygon></object></annotation>