<annotation><filename>m2_s01_032_p_nic024.jpg</filename><folder>users/joselusava//santiago_2</folder><source><submittedBy>Jose Saca</submittedBy></source><imagesize><nrows>2850</nrows><ncols>4271</ncols></imagesize><object><name>m2_s01_032_p_nic024</name><deleted>0</deleted><verified>0</verified><occluded>no</occluded><attributes></attributes><parts><hasparts></hasparts><ispartof></ispartof></parts><date>30-09-20 18:05:23:306</date><id>0</id><type>bounding_box</type><polygon><username>anonymous</username><pt><x>2280</x><y>333</y><time>30-09-20 18:05:19:268</time></pt><pt><x>3104</x><y>333</y><time>30-09-20 18:05:20:145</time></pt><pt><x>3104</x><y>1425</y><time>undefined</time></pt><pt><x>2280</x><y>1425</y><time>undefined</time></pt><closed_date>30-09-20 18:05:20:146</closed_date></polygon></object></annotation>