<annotation><filename>m1_s02_036_p_nic092.jpg</filename><folder>users/joselusava//valeria/sala2_036_nic</folder><source><submittedBy>Jose Saca</submittedBy></source><imagesize><nrows>3200</nrows><ncols>4800</ncols></imagesize><object><name>m1_s02_036_p_nic092</name><deleted>0</deleted><verified>0</verified><occluded>no</occluded><attributes></attributes><parts><hasparts></hasparts><ispartof></ispartof></parts><date>27-08-20 13:07:03:574</date><id>0</id><type>bounding_box</type><polygon><username>anonymous</username><pt><x>1654</x><y>2212</y><time>27-08-20 13:06:57:961</time></pt><pt><x>408</x><y>2212</y><time>27-08-20 13:07:00:004</time></pt><pt><x>408</x><y>1149</y><time>undefined</time></pt><pt><x>1654</x><y>1149</y><time>undefined</time></pt><closed_date>27-08-20 13:07:00:005</closed_date></polygon></object></annotation>