<annotation><filename>m1_s06_144_p_ic039.jpg</filename><folder>users/joselusava//jacob_2/144ic</folder><source><submittedBy>Jose Saca</submittedBy></source><imagesize><nrows>2736</nrows><ncols>4100</ncols></imagesize><object><name>m1_s06_144_p_ic039</name><deleted>0</deleted><verified>0</verified><occluded>no</occluded><attributes></attributes><parts><hasparts></hasparts><ispartof></ispartof></parts><date>07-09-20 02:37:05:770</date><id>0</id><type>bounding_box</type><polygon><username>anonymous</username><pt><x>704</x><y>2701</y><time>07-09-20 02:37:03:151</time></pt><pt><x>3028</x><y>2701</y><time>07-09-20 02:37:04:949</time></pt><pt><x>3028</x><y>139</y><time>undefined</time></pt><pt><x>704</x><y>139</y><time>undefined</time></pt><closed_date>07-09-20 02:37:04:949</closed_date></polygon></object></annotation>