<annotation><filename>m2_s03_219_p_nic069.jpg</filename><folder>users/joselusava//valeria/m2_sala03_219_nic</folder><source><submittedBy>Jose Saca</submittedBy></source><imagesize><nrows>2910</nrows><ncols>4361</ncols></imagesize><object><name>m2_s03_219_p_nic069</name><deleted>0</deleted><verified>0</verified><occluded>no</occluded><attributes></attributes><parts><hasparts></hasparts><ispartof></ispartof></parts><date>29-09-20 18:52:07:881</date><id>0</id><type>bounding_box</type><polygon><username>anonymous</username><pt><x>2822</x><y>2012</y><time>29-09-20 18:52:03:392</time></pt><pt><x>4001</x><y>2012</y><time>29-09-20 18:52:05:168</time></pt><pt><x>4001</x><y>204</y><time>undefined</time></pt><pt><x>2822</x><y>204</y><time>undefined</time></pt><closed_date>29-09-20 18:52:05:169</closed_date></polygon></object></annotation>