<annotation><filename>m2_s01_018_p_ic086.jpg</filename><folder>users/joselusava//santiago_2</folder><source><submittedBy>Jose Saca</submittedBy></source><imagesize><nrows>2850</nrows><ncols>4271</ncols></imagesize><object><name>m2_s01_018_p_ic086</name><deleted>0</deleted><verified>0</verified><occluded>no</occluded><attributes></attributes><parts><hasparts></hasparts><ispartof></ispartof></parts><date>28-09-20 18:18:50:080</date><id>0</id><type>bounding_box</type><polygon><username>anonymous</username><pt><x>1635</x><y>933</y><time>28-09-20 18:18:40:907</time></pt><pt><x>2613</x><y>933</y><time>28-09-20 18:18:42:200</time></pt><pt><x>2613</x><y>2138</y><time>undefined</time></pt><pt><x>1635</x><y>2138</y><time>undefined</time></pt><closed_date>28-09-20 18:18:42:200</closed_date></polygon></object></annotation>