<annotation><filename>m2_s01_024_p_ic005.jpg</filename><folder>users/joselusava//santiago</folder><source><submittedBy>Jose Saca</submittedBy></source><imagesize><nrows>2850</nrows><ncols>4271</ncols></imagesize><object><name>m2_s01_024_p_ic005</name><deleted>0</deleted><verified>0</verified><occluded>no</occluded><attributes></attributes><parts><hasparts></hasparts><ispartof></ispartof></parts><date>24-09-20 01:10:30:816</date><id>0</id><type>bounding_box</type><polygon><username>anonymous</username><pt><x>1776</x><y>407</y><time>24-09-20 01:10:23:061</time></pt><pt><x>2818</x><y>407</y><time>24-09-20 01:10:24:592</time></pt><pt><x>2818</x><y>2430</y><time>undefined</time></pt><pt><x>1776</x><y>2430</y><time>undefined</time></pt><closed_date>24-09-20 01:10:24:593</closed_date></polygon></object></annotation>