<annotation><filename>m2_s01_034_p_ic054.jpg</filename><folder>users/joselusava//kath</folder><source><submittedBy>Jose Saca</submittedBy></source><imagesize><nrows>2850</nrows><ncols>4271</ncols></imagesize><object><name>m2_s01_034_p_ic054</name><deleted>0</deleted><verified>0</verified><occluded>no</occluded><attributes></attributes><parts><hasparts></hasparts><ispartof></ispartof></parts><date>25-09-20 16:10:47:994</date><id>0</id><polygon><username>anonymous</username><pt><x>1267</x><y>136</y><time>25-09-20 16:10:35:742</time></pt><pt><x>1318</x><y>2771</y><time>25-09-20 16:10:37:296</time></pt><pt><x>2993</x><y>2786</y><time>25-09-20 16:10:41:394</time></pt><pt><x>2857</x><y>93</y><time>25-09-20 16:10:43:016</time></pt><closed_date>25-09-20 16:10:44:813</closed_date></polygon></object></annotation>