<annotation><filename>m4_s04_037_p_nic035.jpg</filename><folder>users/joselusava//santiago_2</folder><source><submittedBy>Jose Saca</submittedBy></source><imagesize><nrows>2970</nrows><ncols>4451</ncols></imagesize><object><name>m4_s04_037_p_nic035</name><deleted>0</deleted><verified>0</verified><occluded>no</occluded><attributes></attributes><parts><hasparts></hasparts><ispartof></ispartof></parts><date>19-10-20 22:14:48:600</date><id>0</id><type>bounding_box</type><polygon><username>anonymous</username><pt><x>1164</x><y>1539</y><time>19-10-20 22:14:39:582</time></pt><pt><x>2053</x><y>1539</y><time>19-10-20 22:14:40:523</time></pt><pt><x>2053</x><y>2745</y><time>undefined</time></pt><pt><x>1164</x><y>2745</y><time>undefined</time></pt><closed_date>19-10-20 22:14:40:525</closed_date></polygon></object></annotation>