<annotation><filename>m1_s02_065_p_nic081.jpg</filename><folder>users/joselusava//valeria/sala2_065_nic</folder><source><submittedBy>Jose Saca</submittedBy></source><imagesize><nrows>2000</nrows><ncols>2992</ncols></imagesize><object><name>m1_s02_065_p_nic081</name><deleted>0</deleted><verified>0</verified><occluded>no</occluded><attributes></attributes><parts><hasparts></hasparts><ispartof></ispartof></parts><date>28-08-20 00:25:20:428</date><id>0</id><type>bounding_box</type><polygon><username>anonymous</username><pt><x>2883</x><y>869</y><time>28-08-20 00:22:58:261</time></pt><pt><x>1245</x><y>869</y><time>28-08-20 00:23:00:348</time></pt><pt><x>1245</x><y>245</y><time>undefined</time></pt><pt><x>2883</x><y>245</y><time>undefined</time></pt><closed_date>28-08-20 00:23:00:349</closed_date></polygon></object></annotation>