<annotation><filename>m4_s10_164_p_ic022.jpg</filename><folder>users/joselusava//santiago_2</folder><source><submittedBy>Jose Saca</submittedBy></source><imagesize><nrows>2970</nrows><ncols>4451</ncols></imagesize><object><name>m4_s10_164_p_ic022</name><deleted>0</deleted><verified>0</verified><occluded>no</occluded><attributes></attributes><parts><hasparts></hasparts><ispartof></ispartof></parts><date>13-10-20 22:14:54:048</date><id>0</id><type>bounding_box</type><polygon><username>anonymous</username><pt><x>1860</x><y>896</y><time>13-10-20 22:14:51:149</time></pt><pt><x>2559</x><y>896</y><time>13-10-20 22:14:52:158</time></pt><pt><x>2559</x><y>1903</y><time>undefined</time></pt><pt><x>1860</x><y>1903</y><time>undefined</time></pt><closed_date>13-10-20 22:14:52:159</closed_date></polygon></object></annotation>