<annotation><filename>m4_s05_052_p_nic035.jpg</filename><folder>users/joselusava//santiago_2</folder><source><submittedBy>Jose Saca</submittedBy></source><imagesize><nrows>2910</nrows><ncols>4361</ncols></imagesize><object><name>m4_s05_052_p_nic035</name><deleted>0</deleted><verified>0</verified><occluded>no</occluded><attributes></attributes><parts><hasparts></hasparts><ispartof></ispartof></parts><date>08-10-20 21:17:32:356</date><id>0</id><type>bounding_box</type><polygon><username>anonymous</username><pt><x>1999</x><y>1268</y><time>08-10-20 21:17:28:803</time></pt><pt><x>3450</x><y>1268</y><time>08-10-20 21:17:30:184</time></pt><pt><x>3450</x><y>2723</y><time>undefined</time></pt><pt><x>1999</x><y>2723</y><time>undefined</time></pt><closed_date>08-10-20 21:17:30:185</closed_date></polygon></object></annotation>