<annotation><filename>m4_s11_176_p_ic093.jpg</filename><folder>users/joselusava//m4_js/176/ic</folder><source><submittedBy>Jose Saca</submittedBy></source><imagesize><nrows>2970</nrows><ncols>4451</ncols></imagesize><object><name>m4_s11_176_p_ic093</name><deleted>0</deleted><verified>0</verified><occluded>no</occluded><attributes></attributes><parts><hasparts></hasparts><ispartof></ispartof></parts><date>15-10-20 11:18:16:413</date><id>0</id><type>bounding_box</type><polygon><username>anonymous</username><pt><x>3133</x><y>2327</y><time>15-10-20 11:18:14:781</time></pt><pt><x>1398</x><y>2327</y><time>15-10-20 11:18:15:732</time></pt><pt><x>1398</x><y>593</y><time>undefined</time></pt><pt><x>3133</x><y>593</y><time>undefined</time></pt><closed_date>15-10-20 11:18:15:732</closed_date></polygon></object></annotation>