<annotation><filename>m1_s02_065_p_nic025.jpg</filename><folder>users/joselusava//valeria/sala2_065_nic</folder><source><submittedBy>Jose Saca</submittedBy></source><imagesize><nrows>2000</nrows><ncols>2992</ncols></imagesize><object><name>m1_s02_065_p_nic025</name><deleted>0</deleted><verified>0</verified><occluded>no</occluded><attributes></attributes><parts><hasparts></hasparts><ispartof></ispartof></parts><date>27-08-20 22:29:03:683</date><id>0</id><type>bounding_box</type><polygon><username>anonymous</username><pt><x>2544</x><y>1869</y><time>27-08-20 22:28:57:508</time></pt><pt><x>852</x><y>1869</y><time>27-08-20 22:28:59:576</time></pt><pt><x>852</x><y>1185</y><time>undefined</time></pt><pt><x>2544</x><y>1185</y><time>undefined</time></pt><closed_date>27-08-20 22:28:59:577</closed_date></polygon></object></annotation>