<annotation><filename>m4_s07_105_p_nic004.jpg</filename><folder>users/joselusava//kath/m4_105/nic</folder><source><submittedBy>Jose Saca</submittedBy></source><imagesize><nrows>2970</nrows><ncols>4451</ncols></imagesize><object><name>m4_s07_105_p_nic004</name><deleted>0</deleted><verified>0</verified><occluded>no</occluded><attributes></attributes><parts><hasparts></hasparts><ispartof></ispartof></parts><date>29-10-20 09:23:06:258</date><id>0</id><type>bounding_box</type><polygon><username>anonymous</username><pt><x>2965</x><y>2312</y><time>29-10-20 09:23:02:537</time></pt><pt><x>3998</x><y>2312</y><time>29-10-20 09:23:04:153</time></pt><pt><x>3998</x><y>735</y><time>undefined</time></pt><pt><x>2965</x><y>735</y><time>undefined</time></pt><closed_date>29-10-20 09:23:04:153</closed_date></polygon></object></annotation>