<annotation><filename>m1_s01_017_p_nic074.jpg</filename><folder>users/joselusava//santiago</folder><source><submittedBy>Jose Saca</submittedBy></source><imagesize><nrows>3200</nrows><ncols>4800</ncols></imagesize><object><name>m1_s01_017_p_nic074</name><deleted>0</deleted><verified>0</verified><occluded>no</occluded><attributes></attributes><parts><hasparts></hasparts><ispartof></ispartof></parts><date>11-09-20 19:44:46:827</date><id>0</id><type>bounding_box</type><polygon><username>anonymous</username><pt><x>3150</x><y>1368</y><time>11-09-20 19:44:39:302</time></pt><pt><x>3693</x><y>1368</y><time>11-09-20 19:44:40:579</time></pt><pt><x>3693</x><y>1821</y><time>undefined</time></pt><pt><x>3150</x><y>1821</y><time>undefined</time></pt><closed_date>11-09-20 19:44:40:580</closed_date></polygon></object></annotation>