<annotation><filename>m1_s01_001_p_ic031.jpg</filename><folder>users/joselusava//juancarlos</folder><source><submittedBy>Jose Saca</submittedBy></source><imagesize><nrows>2000</nrows><ncols>2992</ncols></imagesize><object><name>m1_s01_001_p_ic031</name><deleted>0</deleted><verified>0</verified><occluded>no</occluded><attributes></attributes><parts><hasparts></hasparts><ispartof></ispartof></parts><date>26-08-20 20:16:53:798</date><id>0</id><type>bounding_box</type><polygon><username>anonymous</username><pt><x>1008</x><y>822</y><time>26-08-20 20:16:37:436</time></pt><pt><x>2136</x><y>822</y><time>26-08-20 20:16:42:599</time></pt><pt><x>2136</x><y>1644</y><time>undefined</time></pt><pt><x>1008</x><y>1644</y><time>undefined</time></pt><closed_date>26-08-20 20:16:42:602</closed_date></polygon></object></annotation>