<annotation><filename>m2_s01_010_p_nic037.jpg</filename><folder>users/joselusava//santiago</folder><source><submittedBy>Jose Saca</submittedBy></source><imagesize><nrows>2850</nrows><ncols>4271</ncols></imagesize><object><name>m2_s01_010_p_nic037</name><deleted>0</deleted><verified>0</verified><occluded>no</occluded><attributes></attributes><parts><hasparts></hasparts><ispartof></ispartof></parts><date>22-09-20 20:32:11:434</date><id>0</id><type>bounding_box</type><polygon><username>anonymous</username><pt><x>1035</x><y>1622</y><time>22-09-20 20:32:04:209</time></pt><pt><x>1991</x><y>1622</y><time>22-09-20 20:32:05:639</time></pt><pt><x>1991</x><y>2485</y><time>undefined</time></pt><pt><x>1035</x><y>2485</y><time>undefined</time></pt><closed_date>22-09-20 20:32:05:640</closed_date></polygon></object></annotation>