<annotation><filename>m1_s01_004_p_ic093.jpg</filename><folder>users/joselusava//valeria_apoyo/sala001_004ic_ok</folder><source><submittedBy>Jose Saca</submittedBy></source><imagesize><nrows>2000</nrows><ncols>2992</ncols></imagesize><object><name>m1_s01_004_p_ic093</name><deleted>0</deleted><verified>0</verified><occluded>no</occluded><attributes></attributes><parts><hasparts></hasparts><ispartof></ispartof></parts><date>16-09-20 16:58:08:932</date><id>0</id><type>bounding_box</type><polygon><username>anonymous</username><pt><x>114</x><y>1621</y><time>16-09-20 16:58:02:289</time></pt><pt><x>2409</x><y>1621</y><time>16-09-20 16:58:05:528</time></pt><pt><x>2409</x><y>610</y><time>undefined</time></pt><pt><x>114</x><y>610</y><time>undefined</time></pt><closed_date>16-09-20 16:58:05:529</closed_date></polygon></object></annotation>