<annotation><filename>m4_s07_105_p_nic040.jpg</filename><folder>users/joselusava//kath/m4_105/nic</folder><source><submittedBy>Jose Saca</submittedBy></source><imagesize><nrows>2970</nrows><ncols>4451</ncols></imagesize><object><name>m4_s07_105_p_nic040</name><deleted>0</deleted><verified>0</verified><occluded>no</occluded><attributes></attributes><parts><hasparts></hasparts><ispartof></ispartof></parts><date>03-11-20 08:44:31:069</date><id>0</id><type>bounding_box</type><polygon><username>anonymous</username><pt><x>2424</x><y>2684</y><time>03-11-20 08:44:25:371</time></pt><pt><x>3217</x><y>2684</y><time>03-11-20 08:44:28:601</time></pt><pt><x>3217</x><y>1185</y><time>undefined</time></pt><pt><x>2424</x><y>1185</y><time>undefined</time></pt><closed_date>03-11-20 08:44:28:602</closed_date></polygon></object></annotation>