<annotation><filename>m2_s01_034_p_ic050.jpg</filename><folder>users/joselusava//kath</folder><source><submittedBy>Jose Saca</submittedBy></source><imagesize><nrows>2850</nrows><ncols>4271</ncols></imagesize><object><name>m2_s01_034_p_ic050</name><deleted>0</deleted><verified>0</verified><occluded>no</occluded><attributes></attributes><parts><hasparts></hasparts><ispartof></ispartof></parts><date>25-09-20 16:06:18:141</date><id>0</id><polygon><username>anonymous</username><pt><x>1239</x><y>158</y><time>25-09-20 15:57:03:847</time></pt><pt><x>1361</x><y>2642</y><time>25-09-20 15:57:11:114</time></pt><pt><x>2621</x><y>2750</y><time>25-09-20 15:57:12:744</time></pt><pt><x>3136</x><y>208</y><time>25-09-20 15:57:14:823</time></pt><closed_date>25-09-20 15:57:16:802</closed_date></polygon></object></annotation>