<annotation><filename>m4_s09_138_p_ic089.jpg</filename><folder>users/joselusava//santiago_2</folder><source><submittedBy>Jose Saca</submittedBy></source><imagesize><nrows>2970</nrows><ncols>4451</ncols></imagesize><object><name>m4_s09_138_p_ic089</name><deleted>0</deleted><verified>0</verified><occluded>no</occluded><attributes></attributes><parts><hasparts></hasparts><ispartof></ispartof></parts><date>22-10-20 21:35:31:770</date><id>0</id><type>bounding_box</type><polygon><username>anonymous</username><pt><x>303</x><y>614</y><time>22-10-20 21:35:28:135</time></pt><pt><x>4227</x><y>614</y><time>22-10-20 21:35:29:481</time></pt><pt><x>4227</x><y>2617</y><time>undefined</time></pt><pt><x>303</x><y>2617</y><time>undefined</time></pt><closed_date>22-10-20 21:35:29:483</closed_date></polygon></object></annotation>