<annotation><filename>m2_s01_010_p_ic086.jpg</filename><folder>users/joselusava//santiago</folder><source><submittedBy>Jose Saca</submittedBy></source><imagesize><nrows>2850</nrows><ncols>4271</ncols></imagesize><object><name>m2_s01_010_p_ic086</name><deleted>0</deleted><verified>0</verified><occluded>no</occluded><attributes></attributes><parts><hasparts></hasparts><ispartof></ispartof></parts><date>21-09-20 23:38:01:238</date><id>0</id><type>bounding_box</type><polygon><username>anonymous</username><pt><x>1295</x><y>449</y><time>21-09-20 23:37:53:659</time></pt><pt><x>3042</x><y>449</y><time>21-09-20 23:37:55:412</time></pt><pt><x>3042</x><y>2501</y><time>undefined</time></pt><pt><x>1295</x><y>2501</y><time>undefined</time></pt><closed_date>21-09-20 23:37:55:414</closed_date></polygon></object></annotation>