<annotation><filename>m3_s01_010_p_nic020.jpg</filename><folder>users/joselusava//m4_js/m3/10/nic</folder><source><submittedBy>Jose Saca</submittedBy></source><imagesize><nrows>2970</nrows><ncols>4451</ncols></imagesize><object><name>m3_s01_010_p_nic020</name><deleted>0</deleted><verified>0</verified><occluded>no</occluded><attributes></attributes><parts><hasparts></hasparts><ispartof></ispartof></parts><date>29-10-20 13:37:57:257</date><id>0</id><type>bounding_box</type><polygon><username>anonymous</username><pt><x>2918</x><y>2502</y><time>29-10-20 13:37:54:899</time></pt><pt><x>0</x><y>2502</y><time>29-10-20 13:37:56:488</time></pt><pt><x>0</x><y>0</y><time>undefined</time></pt><pt><x>2918</x><y>0</y><time>undefined</time></pt><closed_date>29-10-20 13:37:56:488</closed_date></polygon></object></annotation>