<annotation><filename>m3_s01_002_p_nic068.jpg</filename><folder>users/joselusava//santiago_3</folder><source><submittedBy>Jose Saca</submittedBy></source><imagesize><nrows>2970</nrows><ncols>4451</ncols></imagesize><object><name>m3_s01_002_p_nic068</name><deleted>0</deleted><verified>0</verified><occluded>no</occluded><attributes></attributes><parts><hasparts></hasparts><ispartof></ispartof></parts><date>29-10-20 20:58:35:123</date><id>0</id><type>bounding_box</type><polygon><username>anonymous</username><pt><x>525</x><y>314</y><time>29-10-20 20:58:32:003</time></pt><pt><x>2349</x><y>314</y><time>29-10-20 20:58:33:134</time></pt><pt><x>2349</x><y>1938</y><time>undefined</time></pt><pt><x>525</x><y>1938</y><time>undefined</time></pt><closed_date>29-10-20 20:58:33:135</closed_date></polygon></object></annotation>