<annotation><filename>m4_s10_157_p_ic067.jpg</filename><folder>users/joselusava//valeria/m04_s10_157_nic</folder><source><submittedBy>Jose Saca</submittedBy></source><imagesize><nrows>2970</nrows><ncols>4451</ncols></imagesize><object><name>m4_s10_157_p_nic067</name><deleted>0</deleted><verified>0</verified><occluded>no</occluded><attributes></attributes><parts><hasparts></hasparts><ispartof></ispartof></parts><date>12-10-20 21:31:34:741</date><id>0</id><type>bounding_box</type><polygon><username>anonymous</username><pt><x>231</x><y>2745</y><time>12-10-20 21:31:28:661</time></pt><pt><x>2160</x><y>2745</y><time>12-10-20 21:31:30:617</time></pt><pt><x>2160</x><y>557</y><time>undefined</time></pt><pt><x>231</x><y>557</y><time>undefined</time></pt><closed_date>12-10-20 21:31:30:618</closed_date></polygon></object></annotation>