<annotation><filename>m2_s07_264_p_nic001.jpg</filename><folder>users/joselusava//valeria/sala7_264_nic</folder><source><submittedBy>Jose Saca</submittedBy></source><imagesize><nrows>2910</nrows><ncols>4361</ncols></imagesize><object><name>m2_s07_264_p_nic001</name><deleted>0</deleted><verified>0</verified><occluded>no</occluded><attributes></attributes><parts><hasparts></hasparts><ispartof></ispartof></parts><date>23-09-20 19:13:42:844</date><id>0</id><type>bounding_box</type><polygon><username>anonymous</username><pt><x>165</x><y>2778</y><time>23-09-20 19:13:35:494</time></pt><pt><x>1543</x><y>2778</y><time>23-09-20 19:13:37:961</time></pt><pt><x>1543</x><y>1031</y><time>undefined</time></pt><pt><x>165</x><y>1031</y><time>undefined</time></pt><closed_date>23-09-20 19:13:37:962</closed_date></polygon></object></annotation>