<annotation><filename>m4_s03_025_p_ic004.jpg</filename><folder>users/joselusava//juancarlos</folder><source><submittedBy>Jose Saca</submittedBy></source><imagesize><nrows>2910</nrows><ncols>4361</ncols></imagesize><object><name>m4_s02_025_p_ic004</name><deleted>0</deleted><verified>0</verified><occluded>no</occluded><attributes></attributes><parts><hasparts></hasparts><ispartof></ispartof></parts><date>05-11-20 17:03:50:361</date><id>0</id><type>bounding_box</type><polygon><username>anonymous</username><pt><x>824</x><y>791</y><time>05-11-20 17:03:42:983</time></pt><pt><x>3852</x><y>791</y><time>05-11-20 17:03:45:106</time></pt><pt><x>3852</x><y>2255</y><time>undefined</time></pt><pt><x>824</x><y>2255</y><time>undefined</time></pt><closed_date>05-11-20 17:03:45:106</closed_date></polygon></object></annotation>