<annotation><filename>m2_s01_054_p_nic095.jpg</filename><folder>users/joselusava//kath</folder><source><submittedBy>Jose Saca</submittedBy></source><imagesize><nrows>2850</nrows><ncols>4271</ncols></imagesize><object><name>m2_s01_054_p_nic095</name><deleted>0</deleted><verified>0</verified><occluded>no</occluded><attributes></attributes><parts><hasparts></hasparts><ispartof></ispartof></parts><date>30-09-20 22:10:08:350</date><id>0</id><polygon><username>kath</username><pt><x>2625</x><y>758</y><time>30-09-20 22:09:53:024</time></pt><pt><x>2696</x><y>2331</y><time>30-09-20 22:09:54:620</time></pt><pt><x>3791</x><y>2324</y><time>30-09-20 22:09:55:971</time></pt><pt><x>4029</x><y>695</y><time>30-09-20 22:09:57:120</time></pt><closed_date>30-09-20 22:09:58:790</closed_date></polygon></object></annotation>