<annotation><filename>m2_s07_264_p_nic075.jpg</filename><folder>users/joselusava//valeria/sala7_264_nic</folder><source><submittedBy>Jose Saca</submittedBy></source><imagesize><nrows>2910</nrows><ncols>4361</ncols></imagesize><object><name>m2_s07_264_p_nic075</name><deleted>0</deleted><verified>0</verified><occluded>no</occluded><attributes></attributes><parts><hasparts></hasparts><ispartof></ispartof></parts><date>23-09-20 21:21:04:607</date><id>0</id><type>bounding_box</type><polygon><username>anonymous</username><pt><x>656</x><y>2734</y><time>23-09-20 21:20:59:310</time></pt><pt><x>2017</x><y>2734</y><time>23-09-20 21:21:01:439</time></pt><pt><x>2017</x><y>970</y><time>undefined</time></pt><pt><x>656</x><y>970</y><time>undefined</time></pt><closed_date>23-09-20 21:21:01:440</closed_date></polygon></object></annotation>