<annotation><filename>m4_s05_052_p_ic009.jpg</filename><folder>users/joselusava//santiago_2</folder><source><submittedBy>Jose Saca</submittedBy></source><imagesize><nrows>2910</nrows><ncols>4361</ncols></imagesize><object><name>m4_s05_052_p_ic009</name><deleted>0</deleted><verified>0</verified><occluded>no</occluded><attributes></attributes><parts><hasparts></hasparts><ispartof></ispartof></parts><date>07-10-20 16:21:09:238</date><id>0</id><type>bounding_box</type><polygon><username>anonymous</username><pt><x>1310</x><y>558</y><time>07-10-20 16:21:05:868</time></pt><pt><x>3094</x><y>558</y><time>07-10-20 16:21:07:263</time></pt><pt><x>3094</x><y>2422</y><time>undefined</time></pt><pt><x>1310</x><y>2422</y><time>undefined</time></pt><closed_date>07-10-20 16:21:07:264</closed_date></polygon></object></annotation>