<annotation><filename>m4_s02_015_p_nic008.jpg</filename><folder>users/joselusava//m4_js/15nic</folder><source><submittedBy>Jose Saca</submittedBy></source><imagesize><nrows>2910</nrows><ncols>4361</ncols></imagesize><object><name>m4_s02_015_p_nic008</name><deleted>0</deleted><verified>0</verified><occluded>no</occluded><attributes></attributes><parts><hasparts></hasparts><ispartof></ispartof></parts><date>06-10-20 19:37:18:237</date><id>0</id><type>bounding_box</type><polygon><username>anonymous</username><pt><x>644</x><y>1384</y><time>06-10-20 19:37:14:707</time></pt><pt><x>1654</x><y>1384</y><time>06-10-20 19:37:16:581</time></pt><pt><x>1654</x><y>200</y><time>undefined</time></pt><pt><x>644</x><y>200</y><time>undefined</time></pt><closed_date>06-10-20 19:37:16:581</closed_date></polygon></object></annotation>