<annotation><filename>m4_s02_021_p_ic095.jpg</filename><folder>users/joselusava//santiago_2</folder><source><submittedBy>Jose Saca</submittedBy></source><imagesize><nrows>2910</nrows><ncols>4361</ncols></imagesize><object><name>m4_s02_021_p_ic095</name><deleted>0</deleted><verified>0</verified><occluded>no</occluded><attributes></attributes><parts><hasparts></hasparts><ispartof></ispartof></parts><date>04-10-20 19:49:15:934</date><id>0</id><type>bounding_box</type><polygon><username>anonymous</username><pt><x>1552</x><y>184</y><time>04-10-20 19:49:12:631</time></pt><pt><x>2674</x><y>184</y><time>04-10-20 19:49:13:728</time></pt><pt><x>2674</x><y>2418</y><time>undefined</time></pt><pt><x>1552</x><y>2418</y><time>undefined</time></pt><closed_date>04-10-20 19:49:13:728</closed_date></polygon></object></annotation>