<annotation><filename>m2_s05_236_p_nic043.jpg</filename><folder>users/joselusava//museos2020</folder><source><submittedBy>Jose Saca</submittedBy></source><imagesize><nrows>2910</nrows><ncols>4361</ncols></imagesize><object><name>m2_s05_236_p_nic043</name><deleted>0</deleted><verified>0</verified><occluded>no</occluded><attributes></attributes><parts><hasparts></hasparts><ispartof></ispartof></parts><date>17-09-20 07:50:42:520</date><id>0</id><type>bounding_box</type><polygon><username>anonymous</username><pt><x>121</x><y>488</y><time>17-09-20 07:50:35:533</time></pt><pt><x>2617</x><y>488</y><time>17-09-20 07:50:36:609</time></pt><pt><x>2617</x><y>2496</y><time>undefined</time></pt><pt><x>121</x><y>2496</y><time>undefined</time></pt><closed_date>17-09-20 07:50:36:611</closed_date></polygon></object></annotation>