<annotation><filename>m1_s06_168_p_nic019.jpg</filename><folder>users/joselusava//jacob_2/168nic</folder><source><submittedBy>Jose Saca</submittedBy></source><imagesize><nrows>2736</nrows><ncols>4100</ncols></imagesize><object><name>m1_s06_168_p_nic019</name><deleted>0</deleted><verified>0</verified><occluded>no</occluded><attributes></attributes><parts><hasparts></hasparts><ispartof></ispartof></parts><date>08-09-20 23:05:42:757</date><id>0</id><type>bounding_box</type><polygon><username>anonymous</username><pt><x>1481</x><y>2512</y><time>08-09-20 23:05:40:368</time></pt><pt><x>2709</x><y>2512</y><time>08-09-20 23:05:42:184</time></pt><pt><x>2709</x><y>1105</y><time>undefined</time></pt><pt><x>1481</x><y>1105</y><time>undefined</time></pt><closed_date>08-09-20 23:05:42:184</closed_date></polygon></object></annotation>