<annotation><filename>m1_s01_001_p_ic098.jpg</filename><folder>users/joselusava//juancarlos</folder><source><submittedBy>Jose Saca</submittedBy></source><imagesize><nrows>2000</nrows><ncols>2992</ncols></imagesize><object><name>m1_s01_001_p_ic098</name><deleted>0</deleted><verified>0</verified><occluded>no</occluded><attributes></attributes><parts><hasparts></hasparts><ispartof></ispartof></parts><date>01-09-20 16:32:23:865</date><id>0</id><type>bounding_box</type><polygon><username>anonymous</username><pt><x>818</x><y>700</y><time>01-09-20 16:32:10:927</time></pt><pt><x>2312</x><y>700</y><time>01-09-20 16:32:15:202</time></pt><pt><x>2312</x><y>1386</y><time>undefined</time></pt><pt><x>818</x><y>1386</y><time>undefined</time></pt><closed_date>01-09-20 16:32:15:204</closed_date></polygon></object></annotation>