<annotation><filename>m1_s02_036_p_ic091.jpg</filename><folder>users/joselusava//valeria/sala2_036_ic</folder><source><submittedBy>Jose Saca</submittedBy></source><imagesize><nrows>3200</nrows><ncols>4800</ncols></imagesize><object><name>m1_s01_036_p_ic091</name><deleted>0</deleted><verified>0</verified><occluded>no</occluded><attributes></attributes><parts><hasparts></hasparts><ispartof></ispartof></parts><date>23-08-20 23:39:57:450</date><id>0</id><type>bounding_box</type><polygon><username>anonymous</username><pt><x>1428</x><y>21</y><time>23-08-20 23:39:50:310</time></pt><pt><x>3801</x><y>21</y><time>23-08-20 23:39:53:766</time></pt><pt><x>3801</x><y>3173</y><time>undefined</time></pt><pt><x>1428</x><y>3173</y><time>undefined</time></pt><closed_date>23-08-20 23:39:53:767</closed_date></polygon></object></annotation>