<annotation><filename>m2_s03_219_p_ic092.jpg</filename><folder>users/joselusava//valeria/m2_sala03_219_ic</folder><source><submittedBy>Jose Saca</submittedBy></source><imagesize><nrows>2910</nrows><ncols>4361</ncols></imagesize><object><name>m2_s03_219_p_ic092</name><deleted>0</deleted><verified>0</verified><occluded>no</occluded><attributes></attributes><parts><hasparts></hasparts><ispartof></ispartof></parts><date>29-09-20 01:23:31:961</date><id>0</id><type>bounding_box</type><polygon><username>anonymous</username><pt><x>3114</x><y>2464</y><time>29-09-20 01:23:26:846</time></pt><pt><x>816</x><y>2464</y><time>29-09-20 01:23:28:652</time></pt><pt><x>816</x><y>435</y><time>undefined</time></pt><pt><x>3114</x><y>435</y><time>undefined</time></pt><closed_date>29-09-20 01:23:28:653</closed_date></polygon></object></annotation>