<annotation><filename>m2_s06_244_p_ic054.jpg</filename><folder>users/joselusava//museos2020</folder><source><submittedBy>Jose Saca</submittedBy></source><imagesize><nrows>2910</nrows><ncols>4361</ncols></imagesize><object><name>m2_s06_244_p_ic054</name><deleted>0</deleted><verified>0</verified><occluded>no</occluded><attributes></attributes><parts><hasparts></hasparts><ispartof></ispartof></parts><date>22-09-20 14:24:48:369</date><id>0</id><type>bounding_box</type><polygon><username>anonymous</username><pt><x>674</x><y>853</y><time>22-09-20 14:24:41:345</time></pt><pt><x>3010</x><y>853</y><time>22-09-20 14:24:43:108</time></pt><pt><x>3010</x><y>2272</y><time>undefined</time></pt><pt><x>674</x><y>2272</y><time>undefined</time></pt><closed_date>22-09-20 14:24:43:110</closed_date></polygon></object></annotation>