<annotation><filename>m1_s06_141_p_nic022.jpg</filename><folder>users/joselusava//jacob_2/141nic</folder><source><submittedBy>Jose Saca</submittedBy></source><imagesize><nrows>2736</nrows><ncols>4100</ncols></imagesize><object><name>m1_s06_141_p_nic022</name><deleted>0</deleted><verified>0</verified><occluded>no</occluded><attributes></attributes><parts><hasparts></hasparts><ispartof></ispartof></parts><date>05-09-20 00:58:26:108</date><id>0</id><type>bounding_box</type><polygon><username>anonymous</username><pt><x>1400</x><y>2598</y><time>05-09-20 00:58:23:280</time></pt><pt><x>2557</x><y>2598</y><time>05-09-20 00:58:25:094</time></pt><pt><x>2557</x><y>1211</y><time>undefined</time></pt><pt><x>1400</x><y>1211</y><time>undefined</time></pt><closed_date>05-09-20 00:58:25:094</closed_date></polygon></object></annotation>