<annotation><filename>m4_s10_164_p_nic030.jpg</filename><folder>users/joselusava//santiago_2</folder><source><submittedBy>Jose Saca</submittedBy></source><imagesize><nrows>2970</nrows><ncols>4451</ncols></imagesize><object><name>m4_s10_164_p_nic030</name><deleted>0</deleted><verified>0</verified><occluded>no</occluded><attributes></attributes><parts><hasparts></hasparts><ispartof></ispartof></parts><date>13-10-20 23:55:42:964</date><id>0</id><type>bounding_box</type><polygon><username>anonymous</username><pt><x>2395</x><y>1799</y><time>13-10-20 23:55:40:329</time></pt><pt><x>3045</x><y>1799</y><time>13-10-20 23:55:41:004</time></pt><pt><x>3045</x><y>2631</y><time>undefined</time></pt><pt><x>2395</x><y>2631</y><time>undefined</time></pt><closed_date>13-10-20 23:55:41:006</closed_date></polygon></object></annotation>