<annotation><filename>m2_s02_085_p_nic042.jpg</filename><folder>users/joselusava//m2_jsv/85/nic</folder><source><submittedBy>Jose Saca</submittedBy></source><imagesize><nrows>2910</nrows><ncols>4361</ncols></imagesize><object><name>m2_s02_085_p_nic042</name><deleted>0</deleted><verified>0</verified><occluded>no</occluded><attributes></attributes><parts><hasparts></hasparts><ispartof></ispartof></parts><date>19-09-20 22:40:16:493</date><id>0</id><type>bounding_box</type><polygon><username>anonymous</username><pt><x>418</x><y>801</y><time>19-09-20 22:40:13:301</time></pt><pt><x>1488</x><y>801</y><time>19-09-20 22:40:15:205</time></pt><pt><x>1488</x><y>1924</y><time>undefined</time></pt><pt><x>418</x><y>1924</y><time>undefined</time></pt><closed_date>19-09-20 22:40:15:206</closed_date></polygon></object></annotation>