<annotation><filename>m4_s05_055_p_ic028.jpg</filename><folder>users/joselusava//valeria/m4_s05_055_ic</folder><source><submittedBy>Jose Saca</submittedBy></source><imagesize><nrows>2910</nrows><ncols>4361</ncols></imagesize><object><name>m4_s05_055_p_ic028</name><deleted>0</deleted><verified>0</verified><occluded>no</occluded><attributes></attributes><parts><hasparts></hasparts><ispartof></ispartof></parts><date>08-10-20 22:09:39:304</date><id>0</id><type>bounding_box</type><polygon><username>anonymous</username><pt><x>1279</x><y>364</y><time>08-10-20 22:09:33:970</time></pt><pt><x>3208</x><y>364</y><time>08-10-20 22:09:35:637</time></pt><pt><x>3208</x><y>2431</y><time>undefined</time></pt><pt><x>1279</x><y>2431</y><time>undefined</time></pt><closed_date>08-10-20 22:09:35:638</closed_date></polygon></object></annotation>