<annotation><filename>m2_s01_058_p_nic022.jpg</filename><folder>users/joselusava//m2_jsv/58/nic</folder><source><submittedBy>Jose Saca</submittedBy></source><imagesize><nrows>2850</nrows><ncols>4271</ncols></imagesize><object><name>m2_s01_058_p_nic022</name><deleted>0</deleted><verified>0</verified><occluded>no</occluded><attributes></attributes><parts><hasparts></hasparts><ispartof></ispartof></parts><date>29-09-20 22:58:52:162</date><id>0</id><type>bounding_box</type><polygon><username>anonymous</username><pt><x>2549</x><y>1330</y><time>29-09-20 22:58:50:527</time></pt><pt><x>870</x><y>1330</y><time>29-09-20 22:58:51:527</time></pt><pt><x>870</x><y>2754</y><time>undefined</time></pt><pt><x>2549</x><y>2754</y><time>undefined</time></pt><closed_date>29-09-20 22:58:51:527</closed_date></polygon></object></annotation>