<annotation><filename>m4_s05_055_p_nic074.jpg</filename><folder>users/joselusava//valeria/m4_s05_055_nic</folder><source><submittedBy>Jose Saca</submittedBy></source><imagesize><nrows>2910</nrows><ncols>4361</ncols></imagesize><object><name>m4_s05_055_p_nic074</name><deleted>0</deleted><verified>0</verified><occluded>no</occluded><attributes></attributes><parts><hasparts></hasparts><ispartof></ispartof></parts><date>09-10-20 18:06:49:663</date><id>0</id><type>bounding_box</type><polygon><username>anonymous</username><pt><x>231</x><y>617</y><time>09-10-20 18:06:44:552</time></pt><pt><x>1598</x><y>617</y><time>09-10-20 18:06:46:108</time></pt><pt><x>1598</x><y>2155</y><time>undefined</time></pt><pt><x>231</x><y>2155</y><time>undefined</time></pt><closed_date>09-10-20 18:06:46:108</closed_date></polygon></object></annotation>