<annotation><filename>m4_s05_052_p_ic041.jpg</filename><folder>users/joselusava//santiago_2</folder><source><submittedBy>Jose Saca</submittedBy></source><imagesize><nrows>2910</nrows><ncols>4361</ncols></imagesize><object><name>m4_s05_052_p_ic041</name><deleted>0</deleted><verified>0</verified><occluded>no</occluded><attributes></attributes><parts><hasparts></hasparts><ispartof></ispartof></parts><date>07-10-20 22:08:43:021</date><id>0</id><type>bounding_box</type><polygon><username>anonymous</username><pt><x>1237</x><y>703</y><time>07-10-20 22:08:37:937</time></pt><pt><x>2896</x><y>703</y><time>07-10-20 22:08:40:405</time></pt><pt><x>2896</x><y>2460</y><time>undefined</time></pt><pt><x>1237</x><y>2460</y><time>undefined</time></pt><closed_date>07-10-20 22:08:40:406</closed_date></polygon></object></annotation>