<annotation><filename>m3_s01_002_p_ic010.jpg</filename><folder>users/joselusava//santiago_3</folder><source><submittedBy>Jose Saca</submittedBy></source><imagesize><nrows>2970</nrows><ncols>4451</ncols></imagesize><object><name>m3_s01_002_p_ic010</name><deleted>0</deleted><verified>0</verified><occluded>no</occluded><attributes></attributes><parts><hasparts></hasparts><ispartof></ispartof></parts><date>28-10-20 17:23:20:522</date><id>0</id><type>bounding_box</type><polygon><username>anonymous</username><pt><x>382</x><y>221</y><time>28-10-20 17:23:15:777</time></pt><pt><x>3713</x><y>221</y><time>28-10-20 17:23:17:866</time></pt><pt><x>3713</x><y>2581</y><time>undefined</time></pt><pt><x>382</x><y>2581</y><time>undefined</time></pt><closed_date>28-10-20 17:23:17:866</closed_date></polygon></object></annotation>