<annotation><filename>m1_s06_144_p_nic031.jpg</filename><folder>users/joselusava//jacob_2/144nic</folder><source><submittedBy>Jose Saca</submittedBy></source><imagesize><nrows>2736</nrows><ncols>4100</ncols></imagesize><object><name>m1_s06_144_p_nic031</name><deleted>0</deleted><verified>0</verified><occluded>no</occluded><attributes></attributes><parts><hasparts></hasparts><ispartof></ispartof></parts><date>08-09-20 02:01:51:386</date><id>0</id><type>bounding_box</type><polygon><username>anonymous</username><pt><x>540</x><y>155</y><time>08-09-20 02:01:48:578</time></pt><pt><x>1899</x><y>155</y><time>08-09-20 02:01:50:630</time></pt><pt><x>1899</x><y>1866</y><time>undefined</time></pt><pt><x>540</x><y>1866</y><time>undefined</time></pt><closed_date>08-09-20 02:01:50:630</closed_date></polygon></object></annotation>