<annotation><filename>m4_s10_157_p_ic080.jpg</filename><folder>users/joselusava//valeria/m04_s10_157_nic</folder><source><submittedBy>Jose Saca</submittedBy></source><imagesize><nrows>2970</nrows><ncols>4451</ncols></imagesize><object><name>m4_s10_157_p_nic080</name><deleted>0</deleted><verified>0</verified><occluded>no</occluded><attributes></attributes><parts><hasparts></hasparts><ispartof></ispartof></parts><date>12-10-20 21:44:23:248</date><id>0</id><type>bounding_box</type><polygon><username>anonymous</username><pt><x>191</x><y>2683</y><time>12-10-20 21:44:17:926</time></pt><pt><x>2104</x><y>2683</y><time>12-10-20 21:44:19:914</time></pt><pt><x>2104</x><y>366</y><time>undefined</time></pt><pt><x>191</x><y>366</y><time>undefined</time></pt><closed_date>12-10-20 21:44:19:916</closed_date></polygon></object></annotation>