<annotation><filename>img_m1_s10_303_p_nic015.jpg</filename><folder>users/joselusava//santiago</folder><source><submittedBy>Jose Saca</submittedBy></source><imagesize><nrows>3200</nrows><ncols>4800</ncols></imagesize><object><name>m1_s10_303_p_nic015</name><deleted>0</deleted><verified>0</verified><occluded>no</occluded><attributes></attributes><parts><hasparts></hasparts><ispartof></ispartof></parts><date>01-09-20 19:54:48:490</date><id>0</id><type>bounding_box</type><polygon><username>anonymous</username><pt><x>223</x><y>1685</y><time>01-09-20 19:54:39:338</time></pt><pt><x>1850</x><y>1685</y><time>01-09-20 19:54:41:534</time></pt><pt><x>1850</x><y>2502</y><time>undefined</time></pt><pt><x>223</x><y>2502</y><time>undefined</time></pt><closed_date>01-09-20 19:54:41:535</closed_date></polygon></object></annotation>