<annotation><filename>m2_s03_219_p_nic091.jpg</filename><folder>users/joselusava//valeria/m2_sala03_219_nic</folder><source><submittedBy>Jose Saca</submittedBy></source><imagesize><nrows>2910</nrows><ncols>4361</ncols></imagesize><object><name>m2_s03_219_p_nic091</name><deleted>0</deleted><verified>0</verified><occluded>no</occluded><attributes></attributes><parts><hasparts></hasparts><ispartof></ispartof></parts><date>29-09-20 19:51:54:453</date><id>0</id><type>bounding_box</type><polygon><username>anonymous</username><pt><x>2155</x><y>2375</y><time>29-09-20 19:51:49:582</time></pt><pt><x>551</x><y>2375</y><time>29-09-20 19:51:51:488</time></pt><pt><x>551</x><y>540</y><time>undefined</time></pt><pt><x>2155</x><y>540</y><time>undefined</time></pt><closed_date>29-09-20 19:51:51:489</closed_date></polygon></object></annotation>