<annotation><filename>m2_s01_034_p_ic003.jpg</filename><folder>users/joselusava//kath</folder><source><submittedBy>Jose Saca</submittedBy></source><imagesize><nrows>2850</nrows><ncols>4271</ncols></imagesize><object><name>m2_s01_034_p_ic003</name><deleted>0</deleted><verified>0</verified><occluded>no</occluded><attributes></attributes><parts><hasparts></hasparts><ispartof></ispartof></parts><date>23-09-20 21:54:07:726</date><id>0</id><type>bounding_box</type><polygon><username>anonymous</username><pt><x>1376</x><y>477</y><time>23-09-20 21:53:43:388</time></pt><pt><x>2710</x><y>477</y><time>23-09-20 21:53:53:119</time></pt><pt><x>2710</x><y>2689</y><time>undefined</time></pt><pt><x>1376</x><y>2689</y><time>undefined</time></pt><closed_date>23-09-20 21:53:53:120</closed_date></polygon></object></annotation>