<annotation><filename>m2_s01_024_p_ic017.jpg</filename><folder>users/joselusava//santiago</folder><source><submittedBy>Jose Saca</submittedBy></source><imagesize><nrows>2850</nrows><ncols>4271</ncols></imagesize><object><name>m2_s01_024_p_ic017</name><deleted>0</deleted><verified>0</verified><occluded>no</occluded><attributes></attributes><parts><hasparts></hasparts><ispartof></ispartof></parts><date>24-09-20 01:23:16:343</date><id>0</id><type>bounding_box</type><polygon><username>anonymous</username><pt><x>1289</x><y>333</y><time>24-09-20 01:23:09:345</time></pt><pt><x>2856</x><y>333</y><time>24-09-20 01:23:10:324</time></pt><pt><x>2856</x><y>2658</y><time>undefined</time></pt><pt><x>1289</x><y>2658</y><time>undefined</time></pt><closed_date>24-09-20 01:23:10:324</closed_date></polygon></object></annotation>