<annotation><filename>m4_s12_186_p_nic038.jpg</filename><folder>users/joselusava//m4_js/186/nic</folder><source><submittedBy>Jose Saca</submittedBy></source><imagesize><nrows>3899</nrows><ncols>5844</ncols></imagesize><object><name>m4_s12_186_p_nic038</name><deleted>0</deleted><verified>0</verified><occluded>no</occluded><attributes></attributes><parts><hasparts></hasparts><ispartof></ispartof></parts><date>18-10-20 11:34:39:704</date><id>0</id><type>bounding_box</type><polygon><username>anonymous</username><pt><x>5809</x><y>3884</y><time>18-10-20 11:34:37:920</time></pt><pt><x>3523</x><y>3884</y><time>18-10-20 11:34:39:063</time></pt><pt><x>3523</x><y>852</y><time>undefined</time></pt><pt><x>5809</x><y>852</y><time>undefined</time></pt><closed_date>18-10-20 11:34:39:063</closed_date></polygon></object></annotation>