<annotation><filename>m2_s01_018_p_nic017.jpg</filename><folder>users/joselusava//santiago_2</folder><source><submittedBy>Jose Saca</submittedBy></source><imagesize><nrows>3000</nrows><ncols>4496</ncols></imagesize><object><name>m2_s01_018_p_nic017</name><deleted>0</deleted><verified>0</verified><occluded>no</occluded><attributes></attributes><parts><hasparts></hasparts><ispartof></ispartof></parts><date>28-09-20 19:38:25:212</date><id>0</id><type>bounding_box</type><polygon><username>anonymous</username><pt><x>471</x><y>1846</y><time>28-09-20 19:38:21:972</time></pt><pt><x>1207</x><y>1846</y><time>28-09-20 19:38:22:924</time></pt><pt><x>1207</x><y>2786</y><time>undefined</time></pt><pt><x>471</x><y>2786</y><time>undefined</time></pt><closed_date>28-09-20 19:38:22:924</closed_date></polygon></object></annotation>