<annotation><filename>m4_s03_025_p_nic056.jpg</filename><folder>users/joselusava//santiago_3</folder><source><submittedBy>Jose Saca</submittedBy></source><imagesize><nrows>2910</nrows><ncols>4361</ncols></imagesize><object><name>m4_s03_025_p_nic056</name><deleted>0</deleted><verified>0</verified><occluded>no</occluded><attributes></attributes><parts><hasparts></hasparts><ispartof></ispartof></parts><date>08-11-20 13:46:37:961</date><id>0</id><type>bounding_box</type><polygon><username>anonymous</username><pt><x>1151</x><y>1361</y><time>08-11-20 13:46:34:337</time></pt><pt><x>3704</x><y>1361</y><time>08-11-20 13:46:35:844</time></pt><pt><x>3704</x><y>2707</y><time>undefined</time></pt><pt><x>1151</x><y>2707</y><time>undefined</time></pt><closed_date>08-11-20 13:46:35:845</closed_date></polygon></object></annotation>