<annotation><filename>m4_s11_176_p_nic094.jpg</filename><folder>users/joselusava//m4_js/176/nic</folder><source><submittedBy>Jose Saca</submittedBy></source><imagesize><nrows>2970</nrows><ncols>4451</ncols></imagesize><object><name>m4_s11_176_p_nic094</name><deleted>0</deleted><verified>0</verified><occluded>no</occluded><attributes></attributes><parts><hasparts></hasparts><ispartof></ispartof></parts><date>15-10-20 14:59:53:470</date><id>0</id><type>bounding_box</type><polygon><username>anonymous</username><pt><x>1732</x><y>2763</y><time>15-10-20 14:59:51:545</time></pt><pt><x>27</x><y>2763</y><time>15-10-20 14:59:52:797</time></pt><pt><x>27</x><y>1137</y><time>undefined</time></pt><pt><x>1732</x><y>1137</y><time>undefined</time></pt><closed_date>15-10-20 14:59:52:797</closed_date></polygon></object></annotation>