<annotation><filename>m4_s04_039_p_ic064.jpg</filename><folder>users/joselusava//santiago_2</folder><source><submittedBy>Jose Saca</submittedBy></source><imagesize><nrows>2970</nrows><ncols>4451</ncols></imagesize><object><name>m4_s04_039_p_ic064</name><deleted>0</deleted><verified>0</verified><occluded>no</occluded><attributes></attributes><parts><hasparts></hasparts><ispartof></ispartof></parts><date>20-10-20 22:11:32:710</date><id>0</id><type>bounding_box</type><polygon><username>anonymous</username><pt><x>1713</x><y>32</y><time>20-10-20 22:11:27:614</time></pt><pt><x>2542</x><y>32</y><time>20-10-20 22:11:29:663</time></pt><pt><x>2542</x><y>2727</y><time>undefined</time></pt><pt><x>1713</x><y>2727</y><time>undefined</time></pt><closed_date>20-10-20 22:11:29:664</closed_date></polygon></object></annotation>