<annotation><filename>m3_s01_018_p_ic013.jpg</filename><folder>users/joselusava//m4_js/18/ic</folder><source><submittedBy>Jose Saca</submittedBy></source><imagesize><nrows>2970</nrows><ncols>4451</ncols></imagesize><object><name>m3_s01_018_p_ic013</name><deleted>0</deleted><verified>0</verified><occluded>no</occluded><attributes></attributes><parts><hasparts></hasparts><ispartof></ispartof></parts><date>05-11-20 10:19:03:824</date><id>0</id><type>bounding_box</type><polygon><username>anonymous</username><pt><x>3883</x><y>2599</y><time>05-11-20 10:19:00:234</time></pt><pt><x>53</x><y>2599</y><time>05-11-20 10:19:03:067</time></pt><pt><x>53</x><y>495</y><time>undefined</time></pt><pt><x>3883</x><y>495</y><time>undefined</time></pt><closed_date>05-11-20 10:19:03:068</closed_date></polygon></object></annotation>