<annotation><filename>m1_s01_021_p_nic054.jpg</filename><folder>users/joselusava//santiago</folder><source><submittedBy>Jose Saca</submittedBy></source><imagesize><nrows>3200</nrows><ncols>4800</ncols></imagesize><object><name>m1_s01_021_p_nic054</name><deleted>0</deleted><verified>0</verified><occluded>no</occluded><attributes></attributes><parts><hasparts></hasparts><ispartof></ispartof></parts><date>16-09-20 18:05:22:521</date><id>0</id><type>bounding_box</type><polygon><username>anonymous</username><pt><x>3798</x><y>353</y><time>16-09-20 18:05:15:213</time></pt><pt><x>4251</x><y>353</y><time>16-09-20 18:05:16:201</time></pt><pt><x>4251</x><y>997</y><time>undefined</time></pt><pt><x>3798</x><y>997</y><time>undefined</time></pt><closed_date>16-09-20 18:05:16:202</closed_date></polygon></object></annotation>