<annotation><filename>m2_s01_054_p_nic009.jpg</filename><folder>users/joselusava//kath</folder><source><submittedBy>Jose Saca</submittedBy></source><imagesize><nrows>2850</nrows><ncols>4271</ncols></imagesize><object><name>m2_s01_054_p_nic009</name><deleted>0</deleted><verified>0</verified><occluded>no</occluded><attributes></attributes><parts><hasparts></hasparts><ispartof></ispartof></parts><date>30-09-20 11:02:25:411</date><id>0</id><type>bounding_box</type><polygon><username>anonymous</username><pt><x>2324</x><y>274</y><time>30-09-20 11:02:20:756</time></pt><pt><x>1558</x><y>274</y><time>30-09-20 11:02:22:746</time></pt><pt><x>1558</x><y>1327</y><time>undefined</time></pt><pt><x>2324</x><y>1327</y><time>undefined</time></pt><closed_date>30-09-20 11:02:22:746</closed_date></polygon></object></annotation>