<annotation><filename>m2_s05_236_p_nic066.jpg</filename><folder>users/joselusava//museos2020</folder><source><submittedBy>Jose Saca</submittedBy></source><imagesize><nrows>2910</nrows><ncols>4361</ncols></imagesize><object><name>m2_s05_236_p_nic066</name><deleted>0</deleted><verified>0</verified><occluded>no</occluded><attributes></attributes><parts><hasparts></hasparts><ispartof></ispartof></parts><date>17-09-20 08:52:42:700</date><id>0</id><type>bounding_box</type><polygon><username>anonymous</username><pt><x>209</x><y>1046</y><time>17-09-20 08:52:35:134</time></pt><pt><x>2375</x><y>1046</y><time>17-09-20 08:52:36:682</time></pt><pt><x>2375</x><y>2826</y><time>undefined</time></pt><pt><x>209</x><y>2826</y><time>undefined</time></pt><closed_date>17-09-20 08:52:36:684</closed_date></polygon></object></annotation>