<annotation><filename>m4_s10_157_p_ic072.jpg</filename><folder>users/joselusava//valeria/m04_s10_157_ic</folder><source><submittedBy>Jose Saca</submittedBy></source><imagesize><nrows>2970</nrows><ncols>4451</ncols></imagesize><object><name>m4_s10_157_p_ic072</name><deleted>0</deleted><verified>0</verified><occluded>no</occluded><attributes></attributes><parts><hasparts></hasparts><ispartof></ispartof></parts><date>12-10-20 18:04:02:912</date><id>0</id><type>bounding_box</type><polygon><username>anonymous</username><pt><x>3128</x><y>2706</y><time>12-10-20 18:03:57:524</time></pt><pt><x>1108</x><y>2706</y><time>12-10-20 18:03:59:663</time></pt><pt><x>1108</x><y>242</y><time>undefined</time></pt><pt><x>3128</x><y>242</y><time>undefined</time></pt><closed_date>12-10-20 18:03:59:664</closed_date></polygon></object></annotation>