<annotation><filename>m4_s09_138_p_nic008.jpg</filename><folder>users/joselusava//santiago_2</folder><source><submittedBy>Jose Saca</submittedBy></source><imagesize><nrows>2970</nrows><ncols>4451</ncols></imagesize><object><name>m4_s09_138_p_nic008</name><deleted>0</deleted><verified>0</verified><occluded>no</occluded><attributes></attributes><parts><hasparts></hasparts><ispartof></ispartof></parts><date>22-10-20 23:09:27:423</date><id>0</id><type>bounding_box</type><polygon><username>anonymous</username><pt><x>328</x><y>760</y><time>22-10-20 23:09:24:370</time></pt><pt><x>2817</x><y>760</y><time>22-10-20 23:09:25:404</time></pt><pt><x>2817</x><y>1860</y><time>undefined</time></pt><pt><x>328</x><y>1860</y><time>undefined</time></pt><closed_date>22-10-20 23:09:25:405</closed_date></polygon></object></annotation>