<annotation><filename>m4_s07_105_p_nic015.jpg</filename><folder>users/joselusava//kath/m4_105/nic</folder><source><submittedBy>Jose Saca</submittedBy></source><imagesize><nrows>2970</nrows><ncols>4451</ncols></imagesize><object><name>m4_s07_105_p_nic015</name><deleted>0</deleted><verified>0</verified><occluded>no</occluded><attributes></attributes><parts><hasparts></hasparts><ispartof></ispartof></parts><date>29-10-20 09:30:09:416</date><id>0</id><type>bounding_box</type><polygon><username>anonymous</username><pt><x>413</x><y>245</y><time>29-10-20 09:30:06:358</time></pt><pt><x>1374</x><y>245</y><time>29-10-20 09:30:07:369</time></pt><pt><x>1374</x><y>1908</y><time>undefined</time></pt><pt><x>413</x><y>1908</y><time>undefined</time></pt><closed_date>29-10-20 09:30:07:370</closed_date></polygon></object></annotation>