<annotation><filename>m1_s01_017_p_ic038.jpg</filename><folder>users/joselusava//santiago</folder><source><submittedBy>Jose Saca</submittedBy></source><imagesize><nrows>3200</nrows><ncols>4800</ncols></imagesize><object><name>m1_s01_017_p_ic038</name><deleted>0</deleted><verified>0</verified><occluded>no</occluded><attributes></attributes><parts><hasparts></hasparts><ispartof></ispartof></parts><date>10-09-20 17:01:07:277</date><id>0</id><type>bounding_box</type><polygon><username>anonymous</username><pt><x>1458</x><y>990</y><time>10-09-20 17:00:58:621</time></pt><pt><x>3272</x><y>990</y><time>10-09-20 17:01:00:509</time></pt><pt><x>3272</x><y>2037</y><time>undefined</time></pt><pt><x>1458</x><y>2037</y><time>undefined</time></pt><closed_date>10-09-20 17:01:00:510</closed_date></polygon></object></annotation>