<annotation><filename>m1_s06_168_p_ic029.jpg</filename><folder>users/joselusava//jacob_2/168ic</folder><source><submittedBy>Jose Saca</submittedBy></source><imagesize><nrows>2736</nrows><ncols>4100</ncols></imagesize><object><name>m1_s06_168_p_ic029</name><deleted>0</deleted><verified>0</verified><occluded>no</occluded><attributes></attributes><parts><hasparts></hasparts><ispartof></ispartof></parts><date>08-09-20 19:48:04:298</date><id>0</id><type>bounding_box</type><polygon><username>anonymous</username><pt><x>1522</x><y>2390</y><time>08-09-20 19:48:02:109</time></pt><pt><x>2668</x><y>2390</y><time>08-09-20 19:48:03:647</time></pt><pt><x>2668</x><y>90</y><time>undefined</time></pt><pt><x>1522</x><y>90</y><time>undefined</time></pt><closed_date>08-09-20 19:48:03:648</closed_date></polygon></object></annotation>