<annotation><filename>m4_s03_025_p_ic023.jpg</filename><folder>users/joselusava//m4_js/m3/25</folder><source><submittedBy>Jose Saca</submittedBy></source><imagesize><nrows>2910</nrows><ncols>4361</ncols></imagesize><object><name>m4_s03_025_p_ic023</name><deleted>0</deleted><verified>0</verified><occluded>no</occluded><attributes></attributes><parts><hasparts></hasparts><ispartof></ispartof></parts><date>09-11-20 10:58:57:657</date><id>0</id><type>bounding_box</type><polygon><username>anonymous</username><pt><x>453</x><y>662</y><time>09-11-20 10:58:54:631</time></pt><pt><x>3943</x><y>662</y><time>09-11-20 10:58:56:842</time></pt><pt><x>3943</x><y>2402</y><time>undefined</time></pt><pt><x>453</x><y>2402</y><time>undefined</time></pt><closed_date>09-11-20 10:58:56:843</closed_date></polygon></object></annotation>