<annotation><filename>m2_s06_250_p_nic043.jpg</filename><folder>users/joselusava//m2_jsv/250</folder><source><submittedBy>Jose Saca</submittedBy></source><imagesize><nrows>2910</nrows><ncols>4361</ncols></imagesize><object><name>m2_s06_250_p_nic043</name><deleted>0</deleted><verified>0</verified><occluded>no</occluded><attributes></attributes><parts><hasparts></hasparts><ispartof></ispartof></parts><date>30-09-20 11:40:49:458</date><id>0</id><type>bounding_box</type><polygon><username>anonymous</username><pt><x>148</x><y>131</y><time>30-09-20 11:40:47:464</time></pt><pt><x>3168</x><y>131</y><time>30-09-20 11:40:48:594</time></pt><pt><x>3168</x><y>1488</y><time>undefined</time></pt><pt><x>148</x><y>1488</y><time>undefined</time></pt><closed_date>30-09-20 11:40:48:594</closed_date></polygon></object></annotation>