<annotation><filename>m2_s01_058_p_nic007.jpg</filename><folder>users/joselusava//m2_jsv/58/nic</folder><source><submittedBy>Jose Saca</submittedBy></source><imagesize><nrows>2850</nrows><ncols>4271</ncols></imagesize><object><name>m2_s01_058_p_nic007</name><deleted>0</deleted><verified>0</verified><occluded>no</occluded><attributes></attributes><parts><hasparts></hasparts><ispartof></ispartof></parts><date>29-09-20 21:13:53:335</date><id>0</id><type>bounding_box</type><polygon><username>anonymous</username><pt><x>1509</x><y>34</y><time>29-09-20 21:13:51:125</time></pt><pt><x>3598</x><y>34</y><time>29-09-20 21:13:52:418</time></pt><pt><x>3598</x><y>1466</y><time>undefined</time></pt><pt><x>1509</x><y>1466</y><time>undefined</time></pt><closed_date>29-09-20 21:13:52:418</closed_date></polygon></object></annotation>