<annotation><filename>m1_s02_029_p_nic053.jpg</filename><folder>users/joselusava//valeria/sala2_029_nic</folder><source><submittedBy>Jose Saca</submittedBy></source><imagesize><nrows>3200</nrows><ncols>4800</ncols></imagesize><object><name>m1_s02_029_p_nic053</name><deleted>0</deleted><verified>0</verified><occluded>no</occluded><attributes></attributes><parts><hasparts></hasparts><ispartof></ispartof></parts><date>26-08-20 19:18:27:707</date><id>0</id><type>bounding_box</type><polygon><username>anonymous</username><pt><x>1466</x><y>209</y><time>26-08-20 19:18:19:905</time></pt><pt><x>2781</x><y>209</y><time>26-08-20 19:18:22:603</time></pt><pt><x>2781</x><y>1600</y><time>undefined</time></pt><pt><x>1466</x><y>1600</y><time>undefined</time></pt><closed_date>26-08-20 19:18:22:604</closed_date></polygon></object></annotation>