<annotation><filename>m2_s02_168_x.jpg</filename><folder>users/joselusava//m2_jsv</folder><source><submittedBy>Jose Saca</submittedBy></source><imagesize><nrows>2910</nrows><ncols>4361</ncols></imagesize><object><name>m2_s02_168_x</name><deleted>0</deleted><verified>0</verified><occluded>no</occluded><attributes></attributes><parts><hasparts></hasparts><ispartof></ispartof></parts><date>20-09-20 16:48:09:462</date><id>0</id><type>bounding_box</type><polygon><username>anonymous</username><pt><x>3639</x><y>2768</y><time>20-09-20 16:48:06:515</time></pt><pt><x>644</x><y>2768</y><time>20-09-20 16:48:08:514</time></pt><pt><x>644</x><y>244</y><time>undefined</time></pt><pt><x>3639</x><y>244</y><time>undefined</time></pt><closed_date>20-09-20 16:48:08:514</closed_date></polygon></object></annotation>