<annotation><filename>m4_s04_047_p_nic034.jpg</filename><folder>users/joselusava//kath/kath_m4_047/nic</folder><source><submittedBy>Jose Saca</submittedBy></source><imagesize><nrows>2970</nrows><ncols>4451</ncols></imagesize><object><name>m4_s04_047_p_nic034</name><deleted>0</deleted><verified>0</verified><occluded>no</occluded><attributes></attributes><parts><hasparts></hasparts><ispartof></ispartof></parts><date>24-10-20 18:35:16:533</date><id>0</id><type>bounding_box</type><polygon><username>anonymous</username><pt><x>394</x><y>186</y><time>24-10-20 18:35:10:324</time></pt><pt><x>1730</x><y>186</y><time>24-10-20 18:35:12:359</time></pt><pt><x>1730</x><y>2673</y><time>undefined</time></pt><pt><x>394</x><y>2673</y><time>undefined</time></pt><closed_date>24-10-20 18:35:12:361</closed_date></polygon></object></annotation>