<annotation><filename>m4_s04_045_p_nic067.jpg</filename><folder>users/joselusava//valeria/m04_s04_45_nic</folder><source><submittedBy>Jose Saca</submittedBy></source><imagesize><nrows>2970</nrows><ncols>4451</ncols></imagesize><object><name>m4_s04_045_p_nic067</name><deleted>0</deleted><verified>0</verified><occluded>no</occluded><attributes></attributes><parts><hasparts></hasparts><ispartof></ispartof></parts><date>20-10-20 15:25:08:161</date><id>0</id><type>bounding_box</type><polygon><username>anonymous</username><pt><x>634</x><y>2610</y><time>20-10-20 15:25:02:666</time></pt><pt><x>1119</x><y>2610</y><time>20-10-20 15:25:04:070</time></pt><pt><x>1119</x><y>1879</y><time>undefined</time></pt><pt><x>634</x><y>1879</y><time>undefined</time></pt><closed_date>20-10-20 15:25:04:072</closed_date></polygon></object></annotation>