<annotation><filename>m4_s05_052_p_ic026.jpg</filename><folder>users/joselusava//santiago_2</folder><source><submittedBy>Jose Saca</submittedBy></source><imagesize><nrows>2910</nrows><ncols>4361</ncols></imagesize><object><name>m4_s05_052_p_ic026</name><deleted>0</deleted><verified>0</verified><occluded>no</occluded><attributes></attributes><parts><hasparts></hasparts><ispartof></ispartof></parts><date>07-10-20 16:34:59:700</date><id>0</id><type>bounding_box</type><polygon><username>anonymous</username><pt><x>1365</x><y>596</y><time>07-10-20 16:34:55:991</time></pt><pt><x>2771</x><y>596</y><time>07-10-20 16:34:56:912</time></pt><pt><x>2771</x><y>2293</y><time>undefined</time></pt><pt><x>1365</x><y>2293</y><time>undefined</time></pt><closed_date>07-10-20 16:34:56:913</closed_date></polygon></object></annotation>