<annotation><filename>m2_s01_054_p_nic061.jpg</filename><folder>users/joselusava//kath</folder><source><submittedBy>Jose Saca</submittedBy></source><imagesize><nrows>2850</nrows><ncols>4271</ncols></imagesize><object><name>m2_s01_054_p_nic061</name><deleted>0</deleted><verified>0</verified><occluded>no</occluded><attributes></attributes><parts><hasparts></hasparts><ispartof></ispartof></parts><date>30-09-20 22:13:33:750</date><id>0</id><polygon><username>kath</username><pt><x>3215</x><y>611</y><time>30-09-20 22:13:09:975</time></pt><pt><x>3236</x><y>1888</y><time>30-09-20 22:13:11:287</time></pt><pt><x>3896</x><y>1762</y><time>30-09-20 22:13:12:801</time></pt><pt><x>3952</x><y>470</y><time>30-09-20 22:13:14:567</time></pt><closed_date>30-09-20 22:13:19:198</closed_date></polygon></object></annotation>