<annotation><filename>m2_s05_236_p_nic040.jpg</filename><folder>users/joselusava//museos2020</folder><source><submittedBy>Jose Saca</submittedBy></source><imagesize><nrows>2910</nrows><ncols>4361</ncols></imagesize><object><name>m2_s05_236_p_nic040</name><deleted>0</deleted><verified>0</verified><occluded>no</occluded><attributes></attributes><parts><hasparts></hasparts><ispartof></ispartof></parts><date>17-09-20 07:13:30:961</date><id>0</id><type>bounding_box</type><polygon><username>anonymous</username><pt><x>70</x><y>42</y><time>17-09-20 07:13:24:323</time></pt><pt><x>2687</x><y>42</y><time>17-09-20 07:13:25:568</time></pt><pt><x>2687</x><y>2017</y><time>undefined</time></pt><pt><x>70</x><y>2017</y><time>undefined</time></pt><closed_date>17-09-20 07:13:25:569</closed_date></polygon></object></annotation>