<annotation><filename>m1_s01_021_p_nic051.jpg</filename><folder>users/joselusava//santiago</folder><source><submittedBy>Jose Saca</submittedBy></source><imagesize><nrows>3200</nrows><ncols>4800</ncols></imagesize><object><name>m1_s01_021_p_nic051</name><deleted>0</deleted><verified>0</verified><occluded>no</occluded><attributes></attributes><parts><hasparts></hasparts><ispartof></ispartof></parts><date>16-09-20 18:01:52:338</date><id>0</id><type>bounding_box</type><polygon><username>anonymous</username><pt><x>3664</x><y>1425</y><time>16-09-20 18:01:27:326</time></pt><pt><x>4096</x><y>1425</y><time>16-09-20 18:01:28:940</time></pt><pt><x>4096</x><y>2063</y><time>undefined</time></pt><pt><x>3664</x><y>2063</y><time>undefined</time></pt><closed_date>16-09-20 18:01:28:941</closed_date></polygon></object></annotation>