<annotation><filename>m2_s01_001_p_nic093.jpg</filename><folder>users/joselusava//santiago</folder><source><submittedBy>Jose Saca</submittedBy></source><imagesize><nrows>2850</nrows><ncols>4271</ncols></imagesize><object><name>m2_s01_001_p_nic093</name><deleted>0</deleted><verified>0</verified><occluded>no</occluded><attributes></attributes><parts><hasparts></hasparts><ispartof></ispartof></parts><date>19-09-20 23:46:19:311</date><id>0</id><type>bounding_box</type><polygon><username>anonymous</username><pt><x>276</x><y>632</y><time>19-09-20 23:46:11:467</time></pt><pt><x>1907</x><y>632</y><time>19-09-20 23:46:12:899</time></pt><pt><x>1907</x><y>1991</y><time>undefined</time></pt><pt><x>276</x><y>1991</y><time>undefined</time></pt><closed_date>19-09-20 23:46:12:900</closed_date></polygon></object></annotation>