<annotation><filename>m4_s06_089_p_ic054.jpg</filename><folder>users/joselusava//santiago_2</folder><source><submittedBy>Jose Saca</submittedBy></source><imagesize><nrows>2970</nrows><ncols>4451</ncols></imagesize><object><name>m4_s06_089_p_ic054</name><deleted>0</deleted><verified>0</verified><occluded>no</occluded><attributes></attributes><parts><hasparts></hasparts><ispartof></ispartof></parts><date>11-10-20 18:45:04:691</date><id>0</id><type>bounding_box</type><polygon><username>anonymous</username><pt><x>1446</x><y>502</y><time>11-10-20 18:45:01:218</time></pt><pt><x>2875</x><y>502</y><time>11-10-20 18:45:02:570</time></pt><pt><x>2875</x><y>2542</y><time>undefined</time></pt><pt><x>1446</x><y>2542</y><time>undefined</time></pt><closed_date>11-10-20 18:45:02:572</closed_date></polygon></object></annotation>