<annotation><filename>m2_s01_056_p_ic093.jpg</filename><folder>users/joselusava//m2_jsv/56/ic</folder><source><submittedBy>Jose Saca</submittedBy></source><imagesize><nrows>2850</nrows><ncols>4271</ncols></imagesize><object><name>m2_s01_056_p_ic093</name><deleted>0</deleted><verified>0</verified><occluded>no</occluded><attributes></attributes><parts><hasparts></hasparts><ispartof></ispartof></parts><date>28-09-20 21:56:58:038</date><id>0</id><type>bounding_box</type><polygon><username>anonymous</username><pt><x>2819</x><y>2293</y><time>28-09-20 21:56:55:784</time></pt><pt><x>1410</x><y>2293</y><time>28-09-20 21:56:57:237</time></pt><pt><x>1410</x><y>467</y><time>undefined</time></pt><pt><x>2819</x><y>467</y><time>undefined</time></pt><closed_date>28-09-20 21:56:57:237</closed_date></polygon></object></annotation>