<annotation><filename>m4_s03_025_p_nic095.jpg</filename><folder>users/joselusava//santiago_3</folder><source><submittedBy>Jose Saca</submittedBy></source><imagesize><nrows>2910</nrows><ncols>4361</ncols></imagesize><object><name>m4_s03_025_p_nic095</name><deleted>0</deleted><verified>0</verified><occluded>no</occluded><attributes></attributes><parts><hasparts></hasparts><ispartof></ispartof></parts><date>08-11-20 14:31:58:652</date><id>0</id><type>bounding_box</type><polygon><username>anonymous</username><pt><x>1633</x><y>710</y><time>08-11-20 14:31:55:339</time></pt><pt><x>3893</x><y>710</y><time>08-11-20 14:31:56:628</time></pt><pt><x>3893</x><y>2060</y><time>undefined</time></pt><pt><x>1633</x><y>2060</y><time>undefined</time></pt><closed_date>08-11-20 14:31:56:629</closed_date></polygon></object></annotation>