<annotation><filename>m3_s01_002_p_ic078.jpg</filename><folder>users/joselusava//santiago_3</folder><source><submittedBy>Jose Saca</submittedBy></source><imagesize><nrows>2970</nrows><ncols>4451</ncols></imagesize><object><name>m3_s01_002_p_ic078</name><deleted>0</deleted><verified>0</verified><occluded>no</occluded><attributes></attributes><parts><hasparts></hasparts><ispartof></ispartof></parts><date>29-10-20 13:23:29:931</date><id>0</id><type>bounding_box</type><polygon><username>anonymous</username><pt><x>810</x><y>746</y><time>29-10-20 13:23:26:045</time></pt><pt><x>3616</x><y>746</y><time>29-10-20 13:23:27:654</time></pt><pt><x>3616</x><y>2320</y><time>undefined</time></pt><pt><x>810</x><y>2320</y><time>undefined</time></pt><closed_date>29-10-20 13:23:27:656</closed_date></polygon></object></annotation>