<annotation><filename>m1_s01_021_p_ic066.jpg</filename><folder>users/joselusava//santiago</folder><source><submittedBy>Jose Saca</submittedBy></source><imagesize><nrows>3200</nrows><ncols>4800</ncols></imagesize><object><name>m1_s01_021_p_ic066</name><deleted>0</deleted><verified>0</verified><occluded>no</occluded><attributes></attributes><parts><hasparts></hasparts><ispartof></ispartof></parts><date>14-09-20 23:43:50:445</date><id>0</id><type>bounding_box</type><polygon><username>anonymous</username><pt><x>1746</x><y>724</y><time>14-09-20 23:43:41:725</time></pt><pt><x>3096</x><y>724</y><time>14-09-20 23:43:43:739</time></pt><pt><x>3096</x><y>2361</y><time>undefined</time></pt><pt><x>1746</x><y>2361</y><time>undefined</time></pt><closed_date>14-09-20 23:43:43:740</closed_date></polygon></object></annotation>