<annotation><filename>m4_s11_178_p_nic015.jpg</filename><folder>users/joselusava//santiago_2</folder><source><submittedBy>Jose Saca</submittedBy></source><imagesize><nrows>2970</nrows><ncols>4451</ncols></imagesize><object><name>m4_s11_178_p_nic015</name><deleted>0</deleted><verified>0</verified><occluded>no</occluded><attributes></attributes><parts><hasparts></hasparts><ispartof></ispartof></parts><date>15-10-20 23:05:40:394</date><id>0</id><type>bounding_box</type><polygon><username>anonymous</username><pt><x>975</x><y>225</y><time>15-10-20 23:05:36:271</time></pt><pt><x>2431</x><y>225</y><time>15-10-20 23:05:37:923</time></pt><pt><x>2431</x><y>1564</y><time>undefined</time></pt><pt><x>975</x><y>1564</y><time>undefined</time></pt><closed_date>15-10-20 23:05:37:923</closed_date></polygon></object></annotation>