<annotation><filename>m4_s05_052_p_ic090.jpg</filename><folder>users/joselusava//santiago_2</folder><source><submittedBy>Jose Saca</submittedBy></source><imagesize><nrows>2910</nrows><ncols>4361</ncols></imagesize><object><name>m4_s05_052_p_ic090</name><deleted>0</deleted><verified>0</verified><occluded>no</occluded><attributes></attributes><parts><hasparts></hasparts><ispartof></ispartof></parts><date>07-10-20 23:14:30:108</date><id>0</id><type>bounding_box</type><polygon><username>anonymous</username><pt><x>1019</x><y>343</y><time>07-10-20 23:14:26:355</time></pt><pt><x>3163</x><y>343</y><time>07-10-20 23:14:27:595</time></pt><pt><x>3163</x><y>2415</y><time>undefined</time></pt><pt><x>1019</x><y>2415</y><time>undefined</time></pt><closed_date>07-10-20 23:14:27:597</closed_date></polygon></object></annotation>