<annotation><filename>m2_s01_001_p_ic015.jpg</filename><folder>users/joselusava//santiago</folder><source><submittedBy>Jose Saca</submittedBy></source><imagesize><nrows>2850</nrows><ncols>4271</ncols></imagesize><object><name>m2_s01_001_p_ic015</name><deleted>0</deleted><verified>0</verified><occluded>no</occluded><attributes></attributes><parts><hasparts></hasparts><ispartof></ispartof></parts><date>18-09-20 22:32:32:105</date><id>0</id><type>bounding_box</type><polygon><username>anonymous</username><pt><x>894</x><y>237</y><time>18-09-20 22:32:21:189</time></pt><pt><x>3475</x><y>237</y><time>18-09-20 22:32:24:021</time></pt><pt><x>3475</x><y>2497</y><time>undefined</time></pt><pt><x>894</x><y>2497</y><time>undefined</time></pt><closed_date>18-09-20 22:32:24:022</closed_date></polygon></object></annotation>