<annotation><filename>m2_s01_010_p.jpg</filename><folder>users/joselusava//santiago</folder><source><submittedBy>Jose Saca</submittedBy></source><imagesize><nrows>2850</nrows><ncols>4271</ncols></imagesize><object><name>m2_s01_010_p</name><deleted>0</deleted><verified>0</verified><occluded>no</occluded><attributes></attributes><parts><hasparts></hasparts><ispartof></ispartof></parts><date>21-09-20 14:51:26:003</date><id>0</id><type>bounding_box</type><polygon><username>anonymous</username><pt><x>1202</x><y>478</y><time>21-09-20 14:51:13:259</time></pt><pt><x>3119</x><y>478</y><time>21-09-20 14:51:16:897</time></pt><pt><x>3119</x><y>2315</y><time>undefined</time></pt><pt><x>1202</x><y>2315</y><time>undefined</time></pt><closed_date>21-09-20 14:51:16:898</closed_date></polygon></object></annotation>