<annotation><filename>m2_s03_248_p_nic013.jpg</filename><folder>users/joselusava//museos2020</folder><source><submittedBy>Jose Saca</submittedBy></source><imagesize><nrows>2910</nrows><ncols>4361</ncols></imagesize><object><name>m2_s03_248_p_nic013</name><deleted>0</deleted><verified>0</verified><occluded>no</occluded><attributes></attributes><parts><hasparts></hasparts><ispartof></ispartof></parts><date>27-09-20 10:00:03:482</date><id>0</id><polygon><username>anonymous</username><pt><x>363</x><y>400</y><time>27-09-20 09:59:53:667</time></pt><pt><x>2268</x><y>404</y><time>27-09-20 09:59:54:760</time></pt><pt><x>2510</x><y>655</y><time>27-09-20 09:59:55:463</time></pt><pt><x>1162</x><y>1232</y><time>27-09-20 09:59:56:535</time></pt><closed_date>27-09-20 09:59:57:311</closed_date></polygon></object></annotation>