<annotation><filename>m4_s03_025_p_ic027.jpg</filename><folder>users/joselusava//m4_js/m3/25</folder><source><submittedBy>Jose Saca</submittedBy></source><imagesize><nrows>2910</nrows><ncols>4361</ncols></imagesize><object><name>m4_s03_025_p_ic027</name><deleted>0</deleted><verified>0</verified><occluded>no</occluded><attributes></attributes><parts><hasparts></hasparts><ispartof></ispartof></parts><date>09-11-20 11:00:22:622</date><id>0</id><type>bounding_box</type><polygon><username>anonymous</username><pt><x>644</x><y>688</y><time>09-11-20 11:00:20:350</time></pt><pt><x>3900</x><y>688</y><time>09-11-20 11:00:21:774</time></pt><pt><x>3900</x><y>2359</y><time>undefined</time></pt><pt><x>644</x><y>2359</y><time>undefined</time></pt><closed_date>09-11-20 11:00:21:774</closed_date></polygon></object></annotation>