<annotation><filename>img_m1_s03-04_108_p_nic024.jpg</filename><folder>users/joselusava//valeria/sala3y4_108_nic</folder><source><submittedBy>Jose Saca</submittedBy></source><imagesize><nrows>3200</nrows><ncols>4800</ncols></imagesize><object><name>m1_s03_s04_108_p_nic024</name><deleted>0</deleted><verified>0</verified><occluded>no</occluded><attributes></attributes><parts><hasparts></hasparts><ispartof></ispartof></parts><date>02-09-20 17:21:26:395</date><id>0</id><type>bounding_box</type><polygon><username>anonymous</username><pt><x>2521</x><y>2770</y><time>02-09-20 17:21:19:918</time></pt><pt><x>24</x><y>2770</y><time>02-09-20 17:21:22:820</time></pt><pt><x>24</x><y>2048</y><time>undefined</time></pt><pt><x>2521</x><y>2048</y><time>undefined</time></pt><closed_date>02-09-20 17:21:22:821</closed_date></polygon></object></annotation>