<annotation><filename>m2_s02_129_p_nic024.jpg</filename><folder>users/joselusava//m2_jsv/129/nic</folder><source><submittedBy>Jose Saca</submittedBy></source><imagesize><nrows>2910</nrows><ncols>4361</ncols></imagesize><object><name>m2_s02_129_p_nic024</name><deleted>0</deleted><verified>0</verified><occluded>no</occluded><attributes></attributes><parts><hasparts></hasparts><ispartof></ispartof></parts><date>24-09-20 19:53:36:457</date><id>0</id><type>bounding_box</type><polygon><username>anonymous</username><pt><x>1384</x><y>2707</y><time>24-09-20 19:53:34:494</time></pt><pt><x>226</x><y>2707</y><time>24-09-20 19:53:35:745</time></pt><pt><x>226</x><y>1732</y><time>undefined</time></pt><pt><x>1384</x><y>1732</y><time>undefined</time></pt><closed_date>24-09-20 19:53:35:746</closed_date></polygon></object></annotation>