<annotation><filename>m2_s01_052_x.jpg</filename><folder>users/joselusava//juancarlos</folder><source><submittedBy>Jose Saca</submittedBy></source><imagesize><nrows>2850</nrows><ncols>4271</ncols></imagesize><object><name>m2_s01_052_x</name><deleted>0</deleted><verified>0</verified><occluded>no</occluded><attributes></attributes><parts><hasparts></hasparts><ispartof></ispartof></parts><date>28-09-20 11:11:09:204</date><id>0</id><type>bounding_box</type><polygon><username>anonymous</username><pt><x>947</x><y>378</y><time>28-09-20 11:11:01:443</time></pt><pt><x>3182</x><y>378</y><time>28-09-20 11:11:03:832</time></pt><pt><x>3182</x><y>2354</y><time>undefined</time></pt><pt><x>947</x><y>2354</y><time>undefined</time></pt><closed_date>28-09-20 11:11:03:833</closed_date></polygon></object></annotation>