<annotation><filename>m2_s01_034_p_ic013.jpg</filename><folder>users/joselusava//kath</folder><source><submittedBy>Jose Saca</submittedBy></source><imagesize><nrows>2850</nrows><ncols>4271</ncols></imagesize><object><name>m2_s01_034_p_ic012</name><deleted>0</deleted><verified>0</verified><occluded>no</occluded><attributes></attributes><parts><hasparts></hasparts><ispartof></ispartof></parts><date>23-09-20 22:28:13:350</date><id>0</id><type>bounding_box</type><polygon><username>anonymous</username><pt><x>1320</x><y>456</y><time>23-09-20 22:28:02:499</time></pt><pt><x>2934</x><y>456</y><time>23-09-20 22:28:09:349</time></pt><pt><x>2934</x><y>2794</y><time>undefined</time></pt><pt><x>1320</x><y>2794</y><time>undefined</time></pt><closed_date>23-09-20 22:28:09:350</closed_date></polygon></object></annotation>