<annotation><filename>m2_s03_201_p_nic045.jpg</filename><folder>users/joselusava//valeria/m2_sala03_201_nic</folder><source><submittedBy>Jose Saca</submittedBy></source><imagesize><nrows>2910</nrows><ncols>4361</ncols></imagesize><object><name>m2_s03_201_p_nic045</name><deleted>0</deleted><verified>0</verified><occluded>no</occluded><attributes></attributes><parts><hasparts></hasparts><ispartof></ispartof></parts><date>29-09-20 23:20:32:531</date><id>0</id><type>bounding_box</type><polygon><username>anonymous</username><pt><x>2359</x><y>1957</y><time>29-09-20 23:20:27:547</time></pt><pt><x>4123</x><y>1957</y><time>29-09-20 23:20:29:377</time></pt><pt><x>4123</x><y>132</y><time>undefined</time></pt><pt><x>2359</x><y>132</y><time>undefined</time></pt><closed_date>29-09-20 23:20:29:378</closed_date></polygon></object></annotation>