<annotation><filename>m4_s06_089_p_nic063.jpg</filename><folder>users/joselusava//santiago_2</folder><source><submittedBy>Jose Saca</submittedBy></source><imagesize><nrows>2970</nrows><ncols>4451</ncols></imagesize><object><name>m4_s06_089_p_nic063</name><deleted>0</deleted><verified>0</verified><occluded>no</occluded><attributes></attributes><parts><hasparts></hasparts><ispartof></ispartof></parts><date>12-10-20 21:55:09:239</date><id>0</id><type>bounding_box</type><polygon><username>anonymous</username><pt><x>2913</x><y>693</y><time>12-10-20 21:55:05:605</time></pt><pt><x>3830</x><y>693</y><time>12-10-20 21:55:06:890</time></pt><pt><x>3830</x><y>2538</y><time>undefined</time></pt><pt><x>2913</x><y>2538</y><time>undefined</time></pt><closed_date>12-10-20 21:55:06:890</closed_date></polygon></object></annotation>