<annotation><filename>m4_s03_025_p_nic037.jpg</filename><folder>users/joselusava//santiago_3</folder><source><submittedBy>Jose Saca</submittedBy></source><imagesize><nrows>2910</nrows><ncols>4361</ncols></imagesize><object><name>m4_s03_025_p_nic037</name><deleted>0</deleted><verified>0</verified><occluded>no</occluded><attributes></attributes><parts><hasparts></hasparts><ispartof></ispartof></parts><date>07-11-20 23:51:43:157</date><id>0</id><type>bounding_box</type><polygon><username>anonymous</username><pt><x>1500</x><y>675</y><time>07-11-20 23:51:33:735</time></pt><pt><x>4103</x><y>675</y><time>07-11-20 23:51:34:875</time></pt><pt><x>4103</x><y>1948</y><time>undefined</time></pt><pt><x>1500</x><y>1948</y><time>undefined</time></pt><closed_date>07-11-20 23:51:34:876</closed_date></polygon></object></annotation>