<annotation><filename>m4_s05_052_p_nic019.jpg</filename><folder>users/joselusava//santiago_2</folder><source><submittedBy>Jose Saca</submittedBy></source><imagesize><nrows>2910</nrows><ncols>4361</ncols></imagesize><object><name>m4_s05_052_p_nic019</name><deleted>0</deleted><verified>0</verified><occluded>no</occluded><attributes></attributes><parts><hasparts></hasparts><ispartof></ispartof></parts><date>07-10-20 23:52:52:875</date><id>0</id><type>bounding_box</type><polygon><username>anonymous</username><pt><x>201</x><y>322</y><time>07-10-20 23:52:49:391</time></pt><pt><x>1718</x><y>322</y><time>07-10-20 23:52:50:468</time></pt><pt><x>1718</x><y>1888</y><time>undefined</time></pt><pt><x>201</x><y>1888</y><time>undefined</time></pt><closed_date>07-10-20 23:52:50:470</closed_date></polygon></object></annotation>