<annotation><filename>m4_s09_138_p_ic094.jpg</filename><folder>users/joselusava//santiago_2</folder><source><submittedBy>Jose Saca</submittedBy></source><imagesize><nrows>2970</nrows><ncols>4451</ncols></imagesize><object><name>m4_s09_138_p_ic094</name><deleted>0</deleted><verified>0</verified><occluded>no</occluded><attributes></attributes><parts><hasparts></hasparts><ispartof></ispartof></parts><date>22-10-20 21:39:43:640</date><id>0</id><type>bounding_box</type><polygon><username>anonymous</username><pt><x>111</x><y>785</y><time>22-10-20 21:39:39:748</time></pt><pt><x>4087</x><y>785</y><time>22-10-20 21:39:41:222</time></pt><pt><x>4087</x><y>2702</y><time>undefined</time></pt><pt><x>111</x><y>2702</y><time>undefined</time></pt><closed_date>22-10-20 21:39:41:223</closed_date></polygon></object></annotation>