<annotation><filename>m2_s01_032_p_ic045.jpg</filename><folder>users/joselusava//santiago_2</folder><source><submittedBy>Jose Saca</submittedBy></source><imagesize><nrows>2850</nrows><ncols>4271</ncols></imagesize><object><name>m2_s01_032_p_ic045</name><deleted>0</deleted><verified>0</verified><occluded>no</occluded><attributes></attributes><parts><hasparts></hasparts><ispartof></ispartof></parts><date>30-09-20 15:21:41:935</date><id>0</id><type>bounding_box</type><polygon><username>anonymous</username><pt><x>1257</x><y>180</y><time>30-09-20 15:21:32:047</time></pt><pt><x>2930</x><y>180</y><time>30-09-20 15:21:34:033</time></pt><pt><x>2930</x><y>2465</y><time>undefined</time></pt><pt><x>1257</x><y>2465</y><time>undefined</time></pt><closed_date>30-09-20 15:21:34:035</closed_date></polygon></object></annotation>