<annotation><filename>m2_s07_260_x.jpg</filename><folder>users/joselusava//museos2020</folder><source><submittedBy>Jose Saca</submittedBy></source><imagesize><nrows>2910</nrows><ncols>4361</ncols></imagesize><object><name>m2_s07_260_x</name><deleted>0</deleted><verified>0</verified><occluded>no</occluded><attributes></attributes><parts><hasparts></hasparts><ispartof></ispartof></parts><date>27-09-20 22:06:27:354</date><id>0</id><type>bounding_box</type><polygon><username>anonymous</username><pt><x>767</x><y>446</y><time>27-09-20 22:05:37:725</time></pt><pt><x>3412</x><y>446</y><time>27-09-20 22:05:38:975</time></pt><pt><x>3412</x><y>2371</y><time>undefined</time></pt><pt><x>767</x><y>2371</y><time>undefined</time></pt><closed_date>27-09-20 22:05:38:976</closed_date></polygon></object></annotation>