<annotation><filename>m1_s01_017_p_nic076.jpg</filename><folder>users/joselusava//santiago</folder><source><submittedBy>Jose Saca</submittedBy></source><imagesize><nrows>3200</nrows><ncols>4800</ncols></imagesize><object><name>m1_s01_017_p_nic076</name><deleted>0</deleted><verified>0</verified><occluded>no</occluded><attributes></attributes><parts><hasparts></hasparts><ispartof></ispartof></parts><date>11-09-20 19:47:12:003</date><id>0</id><type>bounding_box</type><polygon><username>anonymous</username><pt><x>2934</x><y>1436</y><time>11-09-20 19:47:04:710</time></pt><pt><x>3495</x><y>1436</y><time>11-09-20 19:47:05:801</time></pt><pt><x>3495</x><y>1803</y><time>undefined</time></pt><pt><x>2934</x><y>1803</y><time>undefined</time></pt><closed_date>11-09-20 19:47:05:802</closed_date></polygon></object></annotation>