<annotation><filename>m4_s04_047_p_ic088.jpg</filename><folder>users/joselusava//kath/kath_m4_047</folder><source><submittedBy>Jose Saca</submittedBy></source><imagesize><nrows>2970</nrows><ncols>4451</ncols></imagesize><object><name>m4_s04_047_p_ic088</name><deleted>0</deleted><verified>0</verified><occluded>no</occluded><attributes></attributes><parts><hasparts></hasparts><ispartof></ispartof></parts><date>24-10-20 16:54:44:900</date><id>0</id><type>bounding_box</type><polygon><username>anonymous</username><pt><x>1559</x><y>371</y><time>24-10-20 16:54:37:986</time></pt><pt><x>2770</x><y>371</y><time>24-10-20 16:54:40:294</time></pt><pt><x>2770</x><y>2829</y><time>undefined</time></pt><pt><x>1559</x><y>2829</y><time>undefined</time></pt><closed_date>24-10-20 16:54:40:296</closed_date></polygon></object></annotation>