<annotation><filename>m2_s06_250_p_ic075.jpg</filename><folder>users/joselusava//valeria/m2_sala06_250_ic</folder><source><submittedBy>Jose Saca</submittedBy></source><imagesize><nrows>2910</nrows><ncols>4361</ncols></imagesize><object><name>m2_s06_250_p_ic074</name><deleted>0</deleted><verified>0</verified><occluded>no</occluded><attributes></attributes><parts><hasparts></hasparts><ispartof></ispartof></parts><date>01-10-20 00:01:49:161</date><id>0</id><type>bounding_box</type><polygon><username>anonymous</username><pt><x>292</x><y>1841</y><time>01-10-20 00:01:43:467</time></pt><pt><x>4128</x><y>1841</y><time>01-10-20 00:01:45:792</time></pt><pt><x>4128</x><y>711</y><time>undefined</time></pt><pt><x>292</x><y>711</y><time>undefined</time></pt><closed_date>01-10-20 00:01:45:794</closed_date></polygon></object></annotation>