<annotation><filename>m4_s05_052_p_nic033.jpg</filename><folder>users/joselusava//santiago_2</folder><source><submittedBy>Jose Saca</submittedBy></source><imagesize><nrows>2910</nrows><ncols>4361</ncols></imagesize><object><name>m4_s05_052_p_nic033</name><deleted>0</deleted><verified>0</verified><occluded>no</occluded><attributes></attributes><parts><hasparts></hasparts><ispartof></ispartof></parts><date>08-10-20 21:16:12:215</date><id>0</id><type>bounding_box</type><polygon><username>anonymous</username><pt><x>1725</x><y>1292</y><time>08-10-20 21:16:08:834</time></pt><pt><x>3146</x><y>1292</y><time>08-10-20 21:16:10:105</time></pt><pt><x>3146</x><y>2730</y><time>undefined</time></pt><pt><x>1725</x><y>2730</y><time>undefined</time></pt><closed_date>08-10-20 21:16:10:106</closed_date></polygon></object></annotation>