<annotation><filename>m1_s06_144_p_ic016.jpg</filename><folder>users/joselusava//jacob_2/144ic</folder><source><submittedBy>Jose Saca</submittedBy></source><imagesize><nrows>2736</nrows><ncols>4100</ncols></imagesize><object><name>m1_s06_144_p_ic016</name><deleted>0</deleted><verified>0</verified><occluded>no</occluded><attributes></attributes><parts><hasparts></hasparts><ispartof></ispartof></parts><date>07-09-20 02:26:42:574</date><id>0</id><type>bounding_box</type><polygon><username>anonymous</username><pt><x>777</x><y>246</y><time>07-09-20 02:26:39:044</time></pt><pt><x>3568</x><y>246</y><time>07-09-20 02:26:41:635</time></pt><pt><x>3568</x><y>2496</y><time>undefined</time></pt><pt><x>777</x><y>2496</y><time>undefined</time></pt><closed_date>07-09-20 02:26:41:635</closed_date></polygon></object></annotation>