<annotation><filename>m4_s12_185_p_nic036.jpg</filename><folder>users/joselusava//valeria/m04_s12_185_nic</folder><source><submittedBy>Jose Saca</submittedBy></source><imagesize><nrows>2910</nrows><ncols>4361</ncols></imagesize><object><name>m4_s12_185_p_nic036</name><deleted>0</deleted><verified>0</verified><occluded>no</occluded><attributes></attributes><parts><hasparts></hasparts><ispartof></ispartof></parts><date>17-10-20 20:12:59:418</date><id>0</id><type>bounding_box</type><polygon><username>anonymous</username><pt><x>4018</x><y>2507</y><time>17-10-20 20:12:51:828</time></pt><pt><x>1752</x><y>2507</y><time>17-10-20 20:12:55:733</time></pt><pt><x>1752</x><y>392</y><time>undefined</time></pt><pt><x>4018</x><y>392</y><time>undefined</time></pt><closed_date>17-10-20 20:12:55:734</closed_date></polygon></object></annotation>