<annotation><filename>m4_s04_045_p_ic012.jpg</filename><folder>users/joselusava//valeria/m04_s04_45_ic</folder><source><submittedBy>Jose Saca</submittedBy></source><imagesize><nrows>2970</nrows><ncols>4451</ncols></imagesize><object><name>m4_s04_045_p_ic012</name><deleted>0</deleted><verified>0</verified><occluded>no</occluded><attributes></attributes><parts><hasparts></hasparts><ispartof></ispartof></parts><date>19-10-20 19:00:28:595</date><id>0</id><type>bounding_box</type><polygon><username>anonymous</username><pt><x>1793</x><y>2239</y><time>19-10-20 19:00:23:688</time></pt><pt><x>2827</x><y>2239</y><time>19-10-20 19:00:25:239</time></pt><pt><x>2827</x><y>720</y><time>undefined</time></pt><pt><x>1793</x><y>720</y><time>undefined</time></pt><closed_date>19-10-20 19:00:25:241</closed_date></polygon></object></annotation>