<annotation><filename>m2_s03_248_p_ic068.jpg</filename><folder>users/joselusava//museos2020</folder><source><submittedBy>Jose Saca</submittedBy></source><imagesize><nrows>2910</nrows><ncols>4361</ncols></imagesize><object><name>m2_s03_248_p_ic068</name><deleted>0</deleted><verified>0</verified><occluded>no</occluded><attributes></attributes><parts><hasparts></hasparts><ispartof></ispartof></parts><date>27-09-20 08:58:31:743</date><id>0</id><type>bounding_box</type><polygon><username>anonymous</username><pt><x>5</x><y>330</y><time>27-09-20 08:58:22:094</time></pt><pt><x>4328</x><y>330</y><time>27-09-20 08:58:24:019</time></pt><pt><x>4328</x><y>2236</y><time>undefined</time></pt><pt><x>5</x><y>2236</y><time>undefined</time></pt><closed_date>27-09-20 08:58:24:019</closed_date></polygon></object></annotation>