<annotation><filename>m3_s01_018_p_ic073.jpg</filename><folder>users/joselusava//m4_js/18/ic</folder><source><submittedBy>Jose Saca</submittedBy></source><imagesize><nrows>2970</nrows><ncols>4451</ncols></imagesize><object><name>m3_s01_018_p_ic073</name><deleted>0</deleted><verified>0</verified><occluded>no</occluded><attributes></attributes><parts><hasparts></hasparts><ispartof></ispartof></parts><date>05-11-20 14:31:59:415</date><id>0</id><type>bounding_box</type><polygon><username>anonymous</username><pt><x>3451</x><y>2746</y><time>05-11-20 14:31:57:050</time></pt><pt><x>463</x><y>2746</y><time>05-11-20 14:31:58:786</time></pt><pt><x>463</x><y>147</y><time>undefined</time></pt><pt><x>3451</x><y>147</y><time>undefined</time></pt><closed_date>05-11-20 14:31:58:787</closed_date></polygon></object></annotation>