<annotation><filename>m4_s04_039_p_ic017.jpg</filename><folder>users/joselusava//santiago_2</folder><source><submittedBy>Jose Saca</submittedBy></source><imagesize><nrows>2970</nrows><ncols>4451</ncols></imagesize><object><name>m4_s04_039_p_ic017</name><deleted>0</deleted><verified>0</verified><occluded>no</occluded><attributes></attributes><parts><hasparts></hasparts><ispartof></ispartof></parts><date>20-10-20 14:02:40:567</date><id>0</id><type>bounding_box</type><polygon><username>anonymous</username><pt><x>1992</x><y>253</y><time>20-10-20 14:02:36:035</time></pt><pt><x>2752</x><y>253</y><time>20-10-20 14:02:38:186</time></pt><pt><x>2752</x><y>2899</y><time>undefined</time></pt><pt><x>1992</x><y>2899</y><time>undefined</time></pt><closed_date>20-10-20 14:02:38:187</closed_date></polygon></object></annotation>