<annotation><filename>m2_s02_190_p_ic054.jpg</filename><folder>users/joselusava//m2_jsv/190/ic</folder><source><submittedBy>Jose Saca</submittedBy></source><imagesize><nrows>2910</nrows><ncols>4361</ncols></imagesize><object><name>m2_s02_190_p_ic054</name><deleted>0</deleted><verified>0</verified><occluded>no</occluded><attributes></attributes><parts><hasparts></hasparts><ispartof></ispartof></parts><date>21-09-20 14:27:28:437</date><id>0</id><type>bounding_box</type><polygon><username>anonymous</username><pt><x>1483</x><y>659</y><time>21-09-20 14:27:25:519</time></pt><pt><x>2982</x><y>659</y><time>21-09-20 14:27:27:627</time></pt><pt><x>2982</x><y>2592</y><time>undefined</time></pt><pt><x>1483</x><y>2592</y><time>undefined</time></pt><closed_date>21-09-20 14:27:27:628</closed_date></polygon></object></annotation>