<annotation><filename>m2_s03_248_p_ic005.jpg</filename><folder>users/joselusava//museos2020</folder><source><submittedBy>Jose Saca</submittedBy></source><imagesize><nrows>2910</nrows><ncols>4361</ncols></imagesize><object><name>m2_s03_248_p_ic005</name><deleted>0</deleted><verified>0</verified><occluded>no</occluded><attributes></attributes><parts><hasparts></hasparts><ispartof></ispartof></parts><date>26-09-20 22:16:52:893</date><id>0</id><type>bounding_box</type><polygon><username>anonymous</username><pt><x>23</x><y>507</y><time>26-09-20 22:16:45:018</time></pt><pt><x>4342</x><y>507</y><time>26-09-20 22:16:46:883</time></pt><pt><x>4342</x><y>2064</y><time>undefined</time></pt><pt><x>23</x><y>2064</y><time>undefined</time></pt><closed_date>26-09-20 22:16:46:885</closed_date></polygon></object></annotation>