<annotation><filename>m1_s02_052_p_nic068.jpg</filename><folder>users/joselusava//valeria/sala2_052_nic</folder><source><submittedBy>Jose Saca</submittedBy></source><imagesize><nrows>3200</nrows><ncols>4800</ncols></imagesize><object><name>m1_s02_052_p_nic068</name><deleted>0</deleted><verified>0</verified><occluded>no</occluded><attributes></attributes><parts><hasparts></hasparts><ispartof></ispartof></parts><date>27-08-20 16:58:41:087</date><id>0</id><type>bounding_box</type><polygon><username>anonymous</username><pt><x>4574</x><y>596</y><time>27-08-20 16:58:34:991</time></pt><pt><x>3082</x><y>596</y><time>27-08-20 16:58:37:906</time></pt><pt><x>3082</x><y>2072</y><time>undefined</time></pt><pt><x>4574</x><y>2072</y><time>undefined</time></pt><closed_date>27-08-20 16:58:37:907</closed_date></polygon></object></annotation>