<annotation><filename>m1_s06_168_p_ic030.jpg</filename><folder>users/joselusava//jacob_2/168ic</folder><source><submittedBy>Jose Saca</submittedBy></source><imagesize><nrows>2736</nrows><ncols>4100</ncols></imagesize><object><name>m1_s06_168_p_ic030</name><deleted>0</deleted><verified>0</verified><occluded>no</occluded><attributes></attributes><parts><hasparts></hasparts><ispartof></ispartof></parts><date>08-09-20 19:48:24:220</date><id>0</id><type>bounding_box</type><polygon><username>anonymous</username><pt><x>1489</x><y>2357</y><time>08-09-20 19:48:22:365</time></pt><pt><x>2561</x><y>2357</y><time>08-09-20 19:48:23:541</time></pt><pt><x>2561</x><y>33</y><time>undefined</time></pt><pt><x>1489</x><y>33</y><time>undefined</time></pt><closed_date>08-09-20 19:48:23:541</closed_date></polygon></object></annotation>