<annotation><filename>img_m1_s03-04_101_p_nic080.jpg</filename><folder>users/joselusava//valeria/sala3y4_101_nic</folder><source><submittedBy>Jose Saca</submittedBy></source><imagesize><nrows>3200</nrows><ncols>4800</ncols></imagesize><object><name>m1_s03_s04_101_p_nic080</name><deleted>0</deleted><verified>0</verified><occluded>no</occluded><attributes></attributes><parts><hasparts></hasparts><ispartof></ispartof></parts><date>30-08-20 00:55:33:696</date><id>0</id><type>bounding_box</type><polygon><username>anonymous</username><pt><x>4436</x><y>3000</y><time>30-08-20 00:55:27:308</time></pt><pt><x>1770</x><y>3000</y><time>30-08-20 00:55:30:048</time></pt><pt><x>1770</x><y>1824</y><time>undefined</time></pt><pt><x>4436</x><y>1824</y><time>undefined</time></pt><closed_date>30-08-20 00:55:30:050</closed_date></polygon></object></annotation>