<annotation><filename>m2_s01_058_p_nic026.jpg</filename><folder>users/joselusava//m2_jsv/58/nic</folder><source><submittedBy>Jose Saca</submittedBy></source><imagesize><nrows>2850</nrows><ncols>4271</ncols></imagesize><object><name>m2_s01_058_p_nic026</name><deleted>0</deleted><verified>0</verified><occluded>no</occluded><attributes></attributes><parts><hasparts></hasparts><ispartof></ispartof></parts><date>29-09-20 23:00:17:501</date><id>0</id><type>bounding_box</type><polygon><username>anonymous</username><pt><x>3453</x><y>1193</y><time>29-09-20 23:00:15:933</time></pt><pt><x>1901</x><y>1193</y><time>29-09-20 23:00:16:960</time></pt><pt><x>1901</x><y>2575</y><time>undefined</time></pt><pt><x>3453</x><y>2575</y><time>undefined</time></pt><closed_date>29-09-20 23:00:16:960</closed_date></polygon></object></annotation>