<annotation><filename>m2_s01_054_p_ic077.jpg</filename><folder>users/joselusava//kath</folder><source><submittedBy>Jose Saca</submittedBy></source><imagesize><nrows>2850</nrows><ncols>4271</ncols></imagesize><object><name>m2_s01_054_p_ic077</name><deleted>0</deleted><verified>0</verified><occluded>no</occluded><attributes></attributes><parts><hasparts></hasparts><ispartof></ispartof></parts><date>29-09-20 23:55:07:894</date><id>0</id><type>bounding_box</type><polygon><username>anonymous</username><pt><x>1088</x><y>140</y><time>29-09-20 23:54:59:664</time></pt><pt><x>2738</x><y>140</y><time>29-09-20 23:55:01:709</time></pt><pt><x>2738</x><y>2731</y><time>undefined</time></pt><pt><x>1088</x><y>2731</y><time>undefined</time></pt><closed_date>29-09-20 23:55:01:709</closed_date></polygon></object></annotation>