<annotation><filename>m4_s02_021_p_ic092.jpg</filename><folder>users/joselusava//santiago_2</folder><source><submittedBy>Jose Saca</submittedBy></source><imagesize><nrows>2910</nrows><ncols>4361</ncols></imagesize><object><name>m4_s02_021_p_ic092</name><deleted>0</deleted><verified>0</verified><occluded>no</occluded><attributes></attributes><parts><hasparts></hasparts><ispartof></ispartof></parts><date>04-10-20 19:48:33:475</date><id>0</id><type>bounding_box</type><polygon><username>anonymous</username><pt><x>1389</x><y>132</y><time>04-10-20 19:48:26:246</time></pt><pt><x>2702</x><y>132</y><time>04-10-20 19:48:27:290</time></pt><pt><x>2702</x><y>2467</y><time>undefined</time></pt><pt><x>1389</x><y>2467</y><time>undefined</time></pt><closed_date>04-10-20 19:48:27:291</closed_date></polygon></object></annotation>