<annotation><filename>m2_s07_264_p_nic088.jpg</filename><folder>users/joselusava//valeria/sala7_264_nic</folder><source><submittedBy>Jose Saca</submittedBy></source><imagesize><nrows>2910</nrows><ncols>4361</ncols></imagesize><object><name>m2_s07_264_p_nic088</name><deleted>0</deleted><verified>0</verified><occluded>no</occluded><attributes></attributes><parts><hasparts></hasparts><ispartof></ispartof></parts><date>23-09-20 21:39:30:676</date><id>0</id><type>bounding_box</type><polygon><username>anonymous</username><pt><x>4084</x><y>2271</y><time>23-09-20 21:39:26:014</time></pt><pt><x>2502</x><y>2271</y><time>23-09-20 21:39:27:524</time></pt><pt><x>2502</x><y>529</y><time>undefined</time></pt><pt><x>4084</x><y>529</y><time>undefined</time></pt><closed_date>23-09-20 21:39:27:525</closed_date></polygon></object></annotation>