<annotation><filename>m4_s04_039_p_nic015.jpg</filename><folder>users/joselusava//santiago_2</folder><source><submittedBy>Jose Saca</submittedBy></source><imagesize><nrows>2970</nrows><ncols>4451</ncols></imagesize><object><name>m4_s04_039_p_nic015</name><deleted>0</deleted><verified>0</verified><occluded>no</occluded><attributes></attributes><parts><hasparts></hasparts><ispartof></ispartof></parts><date>21-10-20 20:57:17:290</date><id>0</id><type>bounding_box</type><polygon><username>anonymous</username><pt><x>635</x><y>221</y><time>21-10-20 20:57:07:516</time></pt><pt><x>1289</x><y>221</y><time>21-10-20 20:57:10:011</time></pt><pt><x>1289</x><y>2677</y><time>undefined</time></pt><pt><x>635</x><y>2677</y><time>undefined</time></pt><closed_date>21-10-20 20:57:10:012</closed_date></polygon></object></annotation>