<annotation><filename>img_m1_s03-04_101_p_ic031.jpg</filename><folder>users/joselusava//valeria/sala3y4_101_ic</folder><source><submittedBy>Jose Saca</submittedBy></source><imagesize><nrows>3200</nrows><ncols>4800</ncols></imagesize><object><name>m1_s03_s04_101_p_ic031</name><deleted>0</deleted><verified>0</verified><occluded>no</occluded><attributes></attributes><parts><hasparts></hasparts><ispartof></ispartof></parts><date>28-08-20 23:49:08:796</date><id>0</id><type>bounding_box</type><polygon><username>anonymous</username><pt><x>38</x><y>3119</y><time>28-08-20 23:49:02:254</time></pt><pt><x>4424</x><y>3119</y><time>28-08-20 23:49:05:381</time></pt><pt><x>4424</x><y>526</y><time>undefined</time></pt><pt><x>38</x><y>526</y><time>undefined</time></pt><closed_date>28-08-20 23:49:05:382</closed_date></polygon></object></annotation>