<annotation><filename>m2_s06_244_p_nic089.jpg</filename><folder>users/joselusava//museos2020</folder><source><submittedBy>Jose Saca</submittedBy></source><imagesize><nrows>2910</nrows><ncols>4361</ncols></imagesize><object><name>m2_s06_244_p_ic089</name><deleted>0</deleted><verified>0</verified><occluded>no</occluded><attributes></attributes><parts><hasparts></hasparts><ispartof></ispartof></parts><date>26-09-20 22:01:47:018</date><id>0</id><type>bounding_box</type><polygon><username>anonymous</username><pt><x>298</x><y>1088</y><time>26-09-20 22:01:37:649</time></pt><pt><x>1845</x><y>1088</y><time>26-09-20 22:01:38:807</time></pt><pt><x>1845</x><y>1706</y><time>undefined</time></pt><pt><x>298</x><y>1706</y><time>undefined</time></pt><closed_date>26-09-20 22:01:38:808</closed_date></polygon></object></annotation>