<annotation><filename>m4_s12_185_p_ic084.jpg</filename><folder>users/joselusava//valeria/m04_s12_185_ic</folder><source><submittedBy>Jose Saca</submittedBy></source><imagesize><nrows>2910</nrows><ncols>4361</ncols></imagesize><object><name>m4_s12_185_p_ic084</name><deleted>0</deleted><verified>0</verified><occluded>no</occluded><attributes></attributes><parts><hasparts></hasparts><ispartof></ispartof></parts><date>17-10-20 18:44:39:766</date><id>0</id><type>bounding_box</type><polygon><username>anonymous</username><pt><x>884</x><y>2759</y><time>17-10-20 18:44:33:407</time></pt><pt><x>3822</x><y>2759</y><time>17-10-20 18:44:36:012</time></pt><pt><x>3822</x><y>218</y><time>undefined</time></pt><pt><x>884</x><y>218</y><time>undefined</time></pt><closed_date>17-10-20 18:44:36:013</closed_date></polygon></object></annotation>