<annotation><filename>m3_s01_002_p_ic064.jpg</filename><folder>users/joselusava//santiago_3</folder><source><submittedBy>Jose Saca</submittedBy></source><imagesize><nrows>2970</nrows><ncols>4451</ncols></imagesize><object><name>m3_s01_002_p_ic064</name><deleted>0</deleted><verified>0</verified><occluded>no</occluded><attributes></attributes><parts><hasparts></hasparts><ispartof></ispartof></parts><date>28-10-20 21:44:17:434</date><id>0</id><type>bounding_box</type><polygon><username>anonymous</username><pt><x>471</x><y>425</y><time>28-10-20 21:44:13:613</time></pt><pt><x>3680</x><y>425</y><time>28-10-20 21:44:15:284</time></pt><pt><x>3680</x><y>2424</y><time>undefined</time></pt><pt><x>471</x><y>2424</y><time>undefined</time></pt><closed_date>28-10-20 21:44:15:285</closed_date></polygon></object></annotation>