<annotation><filename>m1_s02_029_p_ic009.jpg</filename><folder>users/joselusava//valeria/sala2_029_ic</folder><source><submittedBy>Jose Saca</submittedBy></source><imagesize><nrows>2000</nrows><ncols>2992</ncols></imagesize><object><name>img_m1_s02_029_p_ic009</name><deleted>0</deleted><verified>0</verified><occluded>no</occluded><attributes></attributes><parts><hasparts></hasparts><ispartof></ispartof></parts><date>22-08-20 17:23:21:596</date><id>0</id><type>bounding_box</type><polygon><username>anonymous</username><pt><x>577</x><y>27</y><time>22-08-20 17:22:51:778</time></pt><pt><x>2497</x><y>27</y><time>22-08-20 17:22:57:702</time></pt><pt><x>2497</x><y>2000</y><time>undefined</time></pt><pt><x>577</x><y>2000</y><time>undefined</time></pt><closed_date>22-08-20 17:22:57:704</closed_date></polygon></object></annotation>