<annotation><filename>m4_s02_021_p_ic071.jpg</filename><folder>users/joselusava//santiago_2</folder><source><submittedBy>Jose Saca</submittedBy></source><imagesize><nrows>3000</nrows><ncols>4496</ncols></imagesize><object><name>m4_s02_021_p_ic071</name><deleted>0</deleted><verified>0</verified><occluded>no</occluded><attributes></attributes><parts><hasparts></hasparts><ispartof></ispartof></parts><date>04-10-20 19:20:46:423</date><id>0</id><type>bounding_box</type><polygon><username>anonymous</username><pt><x>1439</x><y>300</y><time>04-10-20 19:20:40:225</time></pt><pt><x>2625</x><y>300</y><time>04-10-20 19:20:41:883</time></pt><pt><x>2625</x><y>2632</y><time>undefined</time></pt><pt><x>1439</x><y>2632</y><time>undefined</time></pt><closed_date>04-10-20 19:20:41:885</closed_date></polygon></object></annotation>