<annotation><filename>m1_s01_017_p_nic023.jpg</filename><folder>users/joselusava//santiago</folder><source><submittedBy>Jose Saca</submittedBy></source><imagesize><nrows>3200</nrows><ncols>4800</ncols></imagesize><object><name>m1_s01_017_p_nic023</name><deleted>0</deleted><verified>0</verified><occluded>no</occluded><attributes></attributes><parts><hasparts></hasparts><ispartof></ispartof></parts><date>11-09-20 18:43:58:913</date><id>0</id><type>bounding_box</type><polygon><username>anonymous</username><pt><x>3790</x><y>680</y><time>11-09-20 18:43:51:337</time></pt><pt><x>4330</x><y>680</y><time>11-09-20 18:43:52:897</time></pt><pt><x>4330</x><y>1112</y><time>undefined</time></pt><pt><x>3790</x><y>1112</y><time>undefined</time></pt><closed_date>11-09-20 18:43:52:898</closed_date></polygon></object></annotation>