<annotation><filename>m2_s03_201_p_nic013.jpg</filename><folder>users/joselusava//valeria/m2_sala03_201_nic</folder><source><submittedBy>Jose Saca</submittedBy></source><imagesize><nrows>2910</nrows><ncols>4361</ncols></imagesize><object><name>m2_s03_201_p_nic013</name><deleted>0</deleted><verified>0</verified><occluded>no</occluded><attributes></attributes><parts><hasparts></hasparts><ispartof></ispartof></parts><date>29-09-20 22:42:51:076</date><id>0</id><type>bounding_box</type><polygon><username>anonymous</username><pt><x>17</x><y>2849</y><time>29-09-20 22:42:45:903</time></pt><pt><x>1852</x><y>2849</y><time>29-09-20 22:42:47:898</time></pt><pt><x>1852</x><y>1080</y><time>undefined</time></pt><pt><x>17</x><y>1080</y><time>undefined</time></pt><closed_date>29-09-20 22:42:47:899</closed_date></polygon></object></annotation>