<annotation><filename>m2_s02_090_x.jpg</filename><folder>users/joselusava//m2_jsv</folder><source><submittedBy>Jose Saca</submittedBy></source><imagesize><nrows>2910</nrows><ncols>4361</ncols></imagesize><object><name>m2_s02_090_x</name><deleted>0</deleted><verified>0</verified><occluded>no</occluded><attributes></attributes><parts><hasparts></hasparts><ispartof></ispartof></parts><date>19-09-20 23:12:29:691</date><id>0</id><type>bounding_box</type><polygon><username>anonymous</username><pt><x>1445</x><y>609</y><time>19-09-20 23:12:27:917</time></pt><pt><x>2794</x><y>609</y><time>19-09-20 23:12:29:133</time></pt><pt><x>2794</x><y>2089</y><time>undefined</time></pt><pt><x>1445</x><y>2089</y><time>undefined</time></pt><closed_date>19-09-20 23:12:29:133</closed_date></polygon></object></annotation>