<annotation><filename>m4_s12_185_p_nic075.jpg</filename><folder>users/joselusava//valeria/m04_s12_185_nic</folder><source><submittedBy>Jose Saca</submittedBy></source><imagesize><nrows>2910</nrows><ncols>4361</ncols></imagesize><object><name>m4_s12_185_p_nic075</name><deleted>0</deleted><verified>0</verified><occluded>no</occluded><attributes></attributes><parts><hasparts></hasparts><ispartof></ispartof></parts><date>17-10-20 23:45:24:867</date><id>0</id><type>bounding_box</type><polygon><username>anonymous</username><pt><x>4175</x><y>2518</y><time>17-10-20 23:45:18:206</time></pt><pt><x>1505</x><y>2518</y><time>17-10-20 23:45:21:565</time></pt><pt><x>1505</x><y>224</y><time>undefined</time></pt><pt><x>4175</x><y>224</y><time>undefined</time></pt><closed_date>17-10-20 23:45:21:566</closed_date></polygon></object></annotation>