<annotation><filename>m4_s07_105_p_nic081.jpg</filename><folder>users/joselusava//kath/m4_105/nic</folder><source><submittedBy>Jose Saca</submittedBy></source><imagesize><nrows>2970</nrows><ncols>4451</ncols></imagesize><object><name>m4_s07_105_p_nic089</name><deleted>0</deleted><verified>0</verified><occluded>no</occluded><attributes></attributes><parts><hasparts></hasparts><ispartof></ispartof></parts><date>05-11-20 14:00:18:711</date><id>0</id><type>bounding_box</type><polygon><username>anonymous</username><pt><x>3417</x><y>1889</y><time>05-11-20 14:00:14:728</time></pt><pt><x>4220</x><y>1889</y><time>05-11-20 14:00:15:715</time></pt><pt><x>4220</x><y>298</y><time>undefined</time></pt><pt><x>3417</x><y>298</y><time>undefined</time></pt><closed_date>05-11-20 14:00:15:716</closed_date></polygon></object></annotation>