<annotation><filename>m4_s09_138_p_ic036.jpg</filename><folder>users/joselusava//santiago_2</folder><source><submittedBy>Jose Saca</submittedBy></source><imagesize><nrows>2970</nrows><ncols>4451</ncols></imagesize><object><name>m4_s09_138_p_ic036</name><deleted>0</deleted><verified>0</verified><occluded>no</occluded><attributes></attributes><parts><hasparts></hasparts><ispartof></ispartof></parts><date>22-10-20 14:08:02:363</date><id>0</id><type>bounding_box</type><polygon><username>anonymous</username><pt><x>164</x><y>696</y><time>22-10-20 14:07:58:663</time></pt><pt><x>4373</x><y>696</y><time>22-10-20 14:08:00:185</time></pt><pt><x>4373</x><y>2595</y><time>undefined</time></pt><pt><x>164</x><y>2595</y><time>undefined</time></pt><closed_date>22-10-20 14:08:00:186</closed_date></polygon></object></annotation>