<annotation><filename>m2_s06_244_p_nic056.jpg</filename><folder>users/joselusava//museos2020</folder><source><submittedBy>Jose Saca</submittedBy></source><imagesize><nrows>2910</nrows><ncols>4361</ncols></imagesize><object><name>m2_s06_244_p_ic056</name><deleted>0</deleted><verified>0</verified><occluded>no</occluded><attributes></attributes><parts><hasparts></hasparts><ispartof></ispartof></parts><date>25-09-20 19:07:49:483</date><id>0</id><type>bounding_box</type><polygon><username>anonymous</username><pt><x>2389</x><y>1836</y><time>25-09-20 19:07:40:642</time></pt><pt><x>4040</x><y>1836</y><time>25-09-20 19:07:41:751</time></pt><pt><x>4040</x><y>2561</y><time>undefined</time></pt><pt><x>2389</x><y>2561</y><time>undefined</time></pt><closed_date>25-09-20 19:07:41:752</closed_date></polygon></object></annotation>