<annotation><filename>m2_s01_058_p_nic096.jpg</filename><folder>users/joselusava//m2_jsv/58/nic</folder><source><submittedBy>Jose Saca</submittedBy></source><imagesize><nrows>2850</nrows><ncols>4271</ncols></imagesize><object><name>m2_s01_058_p_nic096</name><deleted>0</deleted><verified>0</verified><occluded>no</occluded><attributes></attributes><parts><hasparts></hasparts><ispartof></ispartof></parts><date>29-09-20 23:28:54:653</date><id>0</id><type>bounding_box</type><polygon><username>anonymous</username><pt><x>1927</x><y>2123</y><time>29-09-20 23:28:52:398</time></pt><pt><x>119</x><y>2123</y><time>29-09-20 23:28:53:816</time></pt><pt><x>119</x><y>571</y><time>undefined</time></pt><pt><x>1927</x><y>571</y><time>undefined</time></pt><closed_date>29-09-20 23:28:53:817</closed_date></polygon></object></annotation>