<annotation><filename>m4_s07_105_p_ic030.jpg</filename><folder>users/joselusava//kath/m4_105</folder><source><submittedBy>Jose Saca</submittedBy></source><imagesize><nrows>2970</nrows><ncols>4451</ncols></imagesize><object><name>m4_s07_105_p_ic030</name><deleted>0</deleted><verified>0</verified><occluded>no</occluded><attributes></attributes><parts><hasparts></hasparts><ispartof></ispartof></parts><date>29-10-20 08:06:17:991</date><id>0</id><type>bounding_box</type><polygon><username>anonymous</username><pt><x>1485</x><y>2677</y><time>29-10-20 08:06:11:270</time></pt><pt><x>2797</x><y>2677</y><time>29-10-20 08:06:14:153</time></pt><pt><x>2797</x><y>582</y><time>undefined</time></pt><pt><x>1485</x><y>582</y><time>undefined</time></pt><closed_date>29-10-20 08:06:14:153</closed_date></polygon></object></annotation>