<annotation><filename>m4_s04_045_p_ic100.jpg</filename><folder>users/joselusava//valeria/m04_s04_45_ic</folder><source><submittedBy>Jose Saca</submittedBy></source><imagesize><nrows>2970</nrows><ncols>4451</ncols></imagesize><object><name>m4_s04_045_p_ic100</name><deleted>0</deleted><verified>0</verified><occluded>no</occluded><attributes></attributes><parts><hasparts></hasparts><ispartof></ispartof></parts><date>19-10-20 23:57:40:744</date><id>0</id><type>bounding_box</type><polygon><username>anonymous</username><pt><x>1508</x><y>2782</y><time>19-10-20 23:57:35:477</time></pt><pt><x>2993</x><y>2782</y><time>19-10-20 23:57:37:104</time></pt><pt><x>2993</x><y>223</y><time>undefined</time></pt><pt><x>1508</x><y>223</y><time>undefined</time></pt><closed_date>19-10-20 23:57:37:105</closed_date></polygon></object></annotation>