<annotation><filename>m4_s10_154_p_ic002.jpg</filename><folder>users/joselusava//valeria/m04_s10_154_ic</folder><source><submittedBy>Jose Saca</submittedBy></source><imagesize><nrows>2970</nrows><ncols>4451</ncols></imagesize><object><name>m4_s10_154_p_ic002</name><deleted>0</deleted><verified>0</verified><occluded>no</occluded><attributes></attributes><parts><hasparts></hasparts><ispartof></ispartof></parts><date>13-10-20 16:58:56:774</date><id>0</id><type>bounding_box</type><polygon><username>anonymous</username><pt><x>1637</x><y>2565</y><time>13-10-20 16:58:49:458</time></pt><pt><x>2852</x><y>2565</y><time>13-10-20 16:58:52:725</time></pt><pt><x>2852</x><y>354</y><time>undefined</time></pt><pt><x>1637</x><y>354</y><time>undefined</time></pt><closed_date>13-10-20 16:58:52:726</closed_date></polygon></object></annotation>