<annotation><filename>m1_s02_052_p_ic043.jpg</filename><folder>users/joselusava//valeria/sala2_052_ic</folder><source><submittedBy>Jose Saca</submittedBy></source><imagesize><nrows>3200</nrows><ncols>4800</ncols></imagesize><object><name>m1_s02_052_p_ic043</name><deleted>0</deleted><verified>0</verified><occluded>no</occluded><attributes></attributes><parts><hasparts></hasparts><ispartof></ispartof></parts><date>25-08-20 18:04:59:916</date><id>0</id><type>bounding_box</type><polygon><username>anonymous</username><pt><x>1052</x><y>16</y><time>25-08-20 18:04:53:326</time></pt><pt><x>3533</x><y>16</y><time>25-08-20 18:04:56:358</time></pt><pt><x>3533</x><y>3200</y><time>undefined</time></pt><pt><x>1052</x><y>3200</y><time>undefined</time></pt><closed_date>25-08-20 18:04:56:359</closed_date></polygon></object></annotation>