<annotation><filename>m1_s06_141_p_ic037.jpg</filename><folder>users/joselusava//jacob_2/141ic</folder><source><submittedBy>Jose Saca</submittedBy></source><imagesize><nrows>2736</nrows><ncols>4100</ncols></imagesize><object><name>m1_s06_141_p_ic037</name><deleted>0</deleted><verified>0</verified><occluded>no</occluded><attributes></attributes><parts><hasparts></hasparts><ispartof></ispartof></parts><date>04-09-20 22:36:26:254</date><id>0</id><type>bounding_box</type><polygon><username>anonymous</username><pt><x>1498</x><y>2414</y><time>04-09-20 22:36:22:592</time></pt><pt><x>2561</x><y>2414</y><time>04-09-20 22:36:24:640</time></pt><pt><x>2561</x><y>311</y><time>undefined</time></pt><pt><x>1498</x><y>311</y><time>undefined</time></pt><closed_date>04-09-20 22:36:24:641</closed_date></polygon></object></annotation>