<annotation><filename>m1_s02_029_p_nic086.jpg</filename><folder>users/joselusava//valeria/sala2_029_nic</folder><source><submittedBy>Jose Saca</submittedBy></source><imagesize><nrows>3200</nrows><ncols>4800</ncols></imagesize><object><name>m1_s02_029_p_nic086</name><deleted>0</deleted><verified>0</verified><occluded>no</occluded><attributes></attributes><parts><hasparts></hasparts><ispartof></ispartof></parts><date>26-08-20 20:58:31:519</date><id>0</id><type>bounding_box</type><polygon><username>anonymous</username><pt><x>677</x><y>376</y><time>26-08-20 20:58:24:724</time></pt><pt><x>1734</x><y>376</y><time>26-08-20 20:58:28:336</time></pt><pt><x>1734</x><y>1562</y><time>undefined</time></pt><pt><x>677</x><y>1562</y><time>undefined</time></pt><closed_date>26-08-20 20:58:28:337</closed_date></polygon></object></annotation>