<annotation><filename>m4_s10_164_p_ic031.jpg</filename><folder>users/joselusava//santiago_2</folder><source><submittedBy>Jose Saca</submittedBy></source><imagesize><nrows>2970</nrows><ncols>4451</ncols></imagesize><object><name>m4_s10_164_p_ic031</name><deleted>0</deleted><verified>0</verified><occluded>no</occluded><attributes></attributes><parts><hasparts></hasparts><ispartof></ispartof></parts><date>13-10-20 22:20:55:237</date><id>0</id><type>bounding_box</type><polygon><username>anonymous</username><pt><x>1874</x><y>1003</y><time>13-10-20 22:20:52:827</time></pt><pt><x>2731</x><y>1003</y><time>13-10-20 22:20:53:541</time></pt><pt><x>2731</x><y>2003</y><time>undefined</time></pt><pt><x>1874</x><y>2003</y><time>undefined</time></pt><closed_date>13-10-20 22:20:53:542</closed_date></polygon></object></annotation>