<annotation><filename>m3_s01_010_p_nic035.jpg</filename><folder>users/joselusava//m4_js/m3/10/nic</folder><source><submittedBy>Jose Saca</submittedBy></source><imagesize><nrows>2970</nrows><ncols>4451</ncols></imagesize><object><name>m3_s01_010_p_nic035</name><deleted>0</deleted><verified>0</verified><occluded>no</occluded><attributes></attributes><parts><hasparts></hasparts><ispartof></ispartof></parts><date>29-10-20 13:43:32:642</date><id>0</id><type>bounding_box</type><polygon><username>anonymous</username><pt><x>1970</x><y>2588</y><time>29-10-20 13:43:30:085</time></pt><pt><x>4217</x><y>2588</y><time>29-10-20 13:43:31:746</time></pt><pt><x>4217</x><y>277</y><time>undefined</time></pt><pt><x>1970</x><y>277</y><time>undefined</time></pt><closed_date>29-10-20 13:43:31:746</closed_date></polygon></object></annotation>