<annotation><filename>m1_s01_017_p_nic055.jpg</filename><folder>users/joselusava//santiago</folder><source><submittedBy>Jose Saca</submittedBy></source><imagesize><nrows>3200</nrows><ncols>4800</ncols></imagesize><object><name>m1_s01_017_p_nic055</name><deleted>0</deleted><verified>0</verified><occluded>no</occluded><attributes></attributes><parts><hasparts></hasparts><ispartof></ispartof></parts><date>11-09-20 19:22:36:644</date><id>0</id><type>bounding_box</type><polygon><username>anonymous</username><pt><x>558</x><y>2253</y><time>11-09-20 19:22:29:283</time></pt><pt><x>1094</x><y>2253</y><time>11-09-20 19:22:30:244</time></pt><pt><x>1094</x><y>2577</y><time>undefined</time></pt><pt><x>558</x><y>2577</y><time>undefined</time></pt><closed_date>11-09-20 19:22:30:245</closed_date></polygon></object></annotation>