<annotation><filename>m2_s01_056_p_nic012.jpg</filename><folder>users/joselusava//m2_jsv/56/nic</folder><source><submittedBy>Jose Saca</submittedBy></source><imagesize><nrows>2850</nrows><ncols>4271</ncols></imagesize><object><name>m2_s01_056_p_nic012</name><deleted>0</deleted><verified>0</verified><occluded>no</occluded><attributes></attributes><parts><hasparts></hasparts><ispartof></ispartof></parts><date>28-09-20 22:04:17:169</date><id>0</id><type>bounding_box</type><polygon><username>anonymous</username><pt><x>1579</x><y>1664</y><time>28-09-20 22:04:14:459</time></pt><pt><x>51</x><y>1664</y><time>28-09-20 22:04:16:248</time></pt><pt><x>51</x><y>34</y><time>undefined</time></pt><pt><x>1579</x><y>34</y><time>undefined</time></pt><closed_date>28-09-20 22:04:16:248</closed_date></polygon></object></annotation>