<annotation><filename>m2_s01_034_p_ic099.jpg</filename><folder>users/joselusava//kath</folder><source><submittedBy>Jose Saca</submittedBy></source><imagesize><nrows>2850</nrows><ncols>4271</ncols></imagesize><object><name>m2_s01_034_p_ic099</name><deleted>0</deleted><verified>0</verified><occluded>no</occluded><attributes></attributes><parts><hasparts></hasparts><ispartof></ispartof></parts><date>25-09-20 17:17:14:707</date><id>0</id><type>bounding_box</type><polygon><username>anonymous</username><pt><x>1504</x><y>329</y><time>25-09-20 17:17:07:554</time></pt><pt><x>3022</x><y>329</y><time>25-09-20 17:17:11:711</time></pt><pt><x>3022</x><y>2513</y><time>undefined</time></pt><pt><x>1504</x><y>2513</y><time>undefined</time></pt><closed_date>25-09-20 17:17:11:711</closed_date></polygon></object></annotation>