<annotation><filename>m2_s03_248_p_nic009.jpg</filename><folder>users/joselusava//museos2020</folder><source><submittedBy>Jose Saca</submittedBy></source><imagesize><nrows>2910</nrows><ncols>4361</ncols></imagesize><object><name>m2_s03_248_p_nic009</name><deleted>0</deleted><verified>0</verified><occluded>no</occluded><attributes></attributes><parts><hasparts></hasparts><ispartof></ispartof></parts><date>27-09-20 09:57:18:267</date><id>0</id><polygon><username>anonymous</username><pt><x>1869</x><y>251</y><time>27-09-20 09:57:05:514</time></pt><pt><x>3691</x><y>288</y><time>27-09-20 09:57:06:399</time></pt><pt><x>3886</x><y>535</y><time>27-09-20 09:57:07:063</time></pt><pt><x>2538</x><y>1088</y><time>27-09-20 09:57:08:087</time></pt><closed_date>27-09-20 09:57:08:992</closed_date></polygon></object></annotation>