<annotation><filename>m4_s12_185_p_ic075.jpg</filename><folder>users/joselusava//valeria/m04_s12_185_ic</folder><source><submittedBy>Jose Saca</submittedBy></source><imagesize><nrows>2910</nrows><ncols>4361</ncols></imagesize><object><name>m4_s12_185_p_ic075</name><deleted>0</deleted><verified>0</verified><occluded>no</occluded><attributes></attributes><parts><hasparts></hasparts><ispartof></ispartof></parts><date>17-10-20 18:35:20:555</date><id>0</id><type>bounding_box</type><polygon><username>anonymous</username><pt><x>834</x><y>2440</y><time>17-10-20 18:35:13:701</time></pt><pt><x>3984</x><y>2440</y><time>17-10-20 18:35:16:999</time></pt><pt><x>3984</x><y>106</y><time>undefined</time></pt><pt><x>834</x><y>106</y><time>undefined</time></pt><closed_date>17-10-20 18:35:17:000</closed_date></polygon></object></annotation>