<annotation><filename>m1_s02_065_p_ic030.jpg</filename><folder>users/joselusava//valeria/sala2_065_ic</folder><source><submittedBy>Jose Saca</submittedBy></source><imagesize><nrows>2000</nrows><ncols>2992</ncols></imagesize><object><name>m1_s02_065_p_ic030</name><deleted>0</deleted><verified>0</verified><occluded>no</occluded><attributes></attributes><parts><hasparts></hasparts><ispartof></ispartof></parts><date>25-08-20 22:23:56:208</date><id>0</id><type>bounding_box</type><polygon><username>anonymous</username><pt><x>164</x><y>154</y><time>25-08-20 22:23:48:005</time></pt><pt><x>2856</x><y>154</y><time>25-08-20 22:23:52:711</time></pt><pt><x>2856</x><y>1604</y><time>undefined</time></pt><pt><x>164</x><y>1604</y><time>undefined</time></pt><closed_date>25-08-20 22:23:52:713</closed_date></polygon></object></annotation>