<annotation><filename>m2_s06_248_p_nic072.jpg</filename><folder>users/joselusava//museos2020</folder><source><submittedBy>Jose Saca</submittedBy></source><imagesize><nrows>2910</nrows><ncols>4361</ncols></imagesize><object><name>m2_s06_248_p_nic072</name><deleted>0</deleted><verified>0</verified><occluded>no</occluded><attributes></attributes><parts><hasparts></hasparts><ispartof></ispartof></parts><date>27-09-20 19:23:49:281</date><id>0</id><polygon><username>anonymous</username><pt><x>1845</x><y>1832</y><time>27-09-20 19:23:29:707</time></pt><pt><x>3988</x><y>1869</y><time>27-09-20 19:23:30:990</time></pt><pt><x>3445</x><y>2626</y><time>27-09-20 19:23:32:163</time></pt><pt><x>1655</x><y>2069</y><time>27-09-20 19:23:33:501</time></pt><closed_date>27-09-20 19:23:34:246</closed_date></polygon></object></annotation>