<annotation><filename>img_m1_s03-04_101_p_ic057.jpg</filename><folder>users/joselusava//valeria/sala3y4_101_ic</folder><source><submittedBy>Jose Saca</submittedBy></source><imagesize><nrows>3200</nrows><ncols>4800</ncols></imagesize><object><name>m1_s03_s04_101_p_ic057</name><deleted>0</deleted><verified>0</verified><occluded>no</occluded><attributes></attributes><parts><hasparts></hasparts><ispartof></ispartof></parts><date>29-08-20 00:32:36:752</date><id>0</id><type>bounding_box</type><polygon><username>anonymous</username><pt><x>4789</x><y>3039</y><time>29-08-20 00:32:29:039</time></pt><pt><x>129</x><y>3039</y><time>29-08-20 00:32:32:076</time></pt><pt><x>129</x><y>977</y><time>undefined</time></pt><pt><x>4789</x><y>977</y><time>undefined</time></pt><closed_date>29-08-20 00:32:32:077</closed_date></polygon></object></annotation>