<annotation><filename>m2_s03_201_p_nic057.jpg</filename><folder>users/joselusava//valeria/m2_sala03_201_nic</folder><source><submittedBy>Jose Saca</submittedBy></source><imagesize><nrows>2910</nrows><ncols>4361</ncols></imagesize><object><name>m2_s03_201_p_nic057</name><deleted>0</deleted><verified>0</verified><occluded>no</occluded><attributes></attributes><parts><hasparts></hasparts><ispartof></ispartof></parts><date>29-09-20 23:32:09:114</date><id>0</id><type>bounding_box</type><polygon><username>anonymous</username><pt><x>2072</x><y>1901</y><time>29-09-20 23:32:02:590</time></pt><pt><x>3869</x><y>1901</y><time>29-09-20 23:32:05:916</time></pt><pt><x>3869</x><y>77</y><time>undefined</time></pt><pt><x>2072</x><y>77</y><time>undefined</time></pt><closed_date>29-09-20 23:32:05:917</closed_date></polygon></object></annotation>