<annotation><filename>m1_s01_004_p_nic045.jpg</filename><folder>users/joselusava//valeria_apoyo/sala01_004_nic</folder><source><submittedBy>Jose Saca</submittedBy></source><imagesize><nrows>3200</nrows><ncols>4800</ncols></imagesize><object><name>m1_s01_004_p_nic045</name><deleted>0</deleted><verified>0</verified><occluded>no</occluded><attributes></attributes><parts><hasparts></hasparts><ispartof></ispartof></parts><date>16-09-20 22:31:01:440</date><id>0</id><type>bounding_box</type><polygon><username>anonymous</username><pt><x>182</x><y>3097</y><time>16-09-20 22:30:53:787</time></pt><pt><x>3491</x><y>3097</y><time>16-09-20 22:30:56:175</time></pt><pt><x>3491</x><y>1861</y><time>undefined</time></pt><pt><x>182</x><y>1861</y><time>undefined</time></pt><closed_date>16-09-20 22:30:56:176</closed_date></polygon></object></annotation>