<annotation><filename>m2_s01_024_p_nic036.jpg</filename><folder>users/joselusava//santiago</folder><source><submittedBy>Jose Saca</submittedBy></source><imagesize><nrows>2850</nrows><ncols>4271</ncols></imagesize><object><name>m2_s01_024_p_nic036</name><deleted>0</deleted><verified>0</verified><occluded>no</occluded><attributes></attributes><parts><hasparts></hasparts><ispartof></ispartof></parts><date>25-09-20 14:11:38:868</date><id>0</id><type>bounding_box</type><polygon><username>anonymous</username><pt><x>930</x><y>1353</y><time>25-09-20 14:11:30:916</time></pt><pt><x>1834</x><y>1353</y><time>25-09-20 14:11:32:642</time></pt><pt><x>1834</x><y>2674</y><time>undefined</time></pt><pt><x>930</x><y>2674</y><time>undefined</time></pt><closed_date>25-09-20 14:11:32:644</closed_date></polygon></object></annotation>