<annotation><filename>m4_s02_015_p_nic058.jpg</filename><folder>users/joselusava//m4_js/15nic</folder><source><submittedBy>Jose Saca</submittedBy></source><imagesize><nrows>2910</nrows><ncols>4361</ncols></imagesize><object><name>m4_s02_015_p_nic054</name><deleted>0</deleted><verified>0</verified><occluded>no</occluded><attributes></attributes><parts><hasparts></hasparts><ispartof></ispartof></parts><date>06-10-20 20:04:35:340</date><id>0</id><type>bounding_box</type><polygon><username>anonymous</username><pt><x>1149</x><y>1367</y><time>06-10-20 20:04:33:478</time></pt><pt><x>2507</x><y>1367</y><time>06-10-20 20:04:34:752</time></pt><pt><x>2507</x><y>2725</y><time>undefined</time></pt><pt><x>1149</x><y>2725</y><time>undefined</time></pt><closed_date>06-10-20 20:04:34:752</closed_date></polygon></object></annotation>