<annotation><filename>m2_s01_032_p_nic078.jpg</filename><folder>users/joselusava//santiago_2</folder><source><submittedBy>Jose Saca</submittedBy></source><imagesize><nrows>2850</nrows><ncols>4271</ncols></imagesize><object><name>m2_s01_032_p_nic078</name><deleted>0</deleted><verified>0</verified><occluded>no</occluded><attributes></attributes><parts><hasparts></hasparts><ispartof></ispartof></parts><date>30-09-20 21:16:28:826</date><id>0</id><type>bounding_box</type><polygon><username>anonymous</username><pt><x>2826</x><y>685</y><time>30-09-20 21:16:23:598</time></pt><pt><x>3630</x><y>685</y><time>30-09-20 21:16:24:782</time></pt><pt><x>3630</x><y>1646</y><time>undefined</time></pt><pt><x>2826</x><y>1646</y><time>undefined</time></pt><closed_date>30-09-20 21:16:24:783</closed_date></polygon></object></annotation>