<annotation><filename>m2_s01_018_p_nic096.jpg</filename><folder>users/joselusava//santiago_2</folder><source><submittedBy>Jose Saca</submittedBy></source><imagesize><nrows>2850</nrows><ncols>4271</ncols></imagesize><object><name>m2_s01_018_p_nic096</name><deleted>0</deleted><verified>0</verified><occluded>no</occluded><attributes></attributes><parts><hasparts></hasparts><ispartof></ispartof></parts><date>29-09-20 19:15:38:437</date><id>0</id><type>bounding_box</type><polygon><username>anonymous</username><pt><x>186</x><y>817</y><time>29-09-20 19:15:34:626</time></pt><pt><x>926</x><y>817</y><time>29-09-20 19:15:35:560</time></pt><pt><x>926</x><y>1478</y><time>undefined</time></pt><pt><x>186</x><y>1478</y><time>undefined</time></pt><closed_date>29-09-20 19:15:35:561</closed_date></polygon></object></annotation>