<annotation><filename>m2_s01_054_p_nic024.jpg</filename><folder>users/joselusava//kath</folder><source><submittedBy>Jose Saca</submittedBy></source><imagesize><nrows>2850</nrows><ncols>4271</ncols></imagesize><object><name>m2_s01_054_p_nic024</name><deleted>0</deleted><verified>0</verified><occluded>no</occluded><attributes></attributes><parts><hasparts></hasparts><ispartof></ispartof></parts><date>30-09-20 11:15:48:689</date><id>0</id><type>bounding_box</type><polygon><username>anonymous</username><pt><x>3896</x><y>1650</y><time>30-09-20 11:15:43:023</time></pt><pt><x>3103</x><y>1650</y><time>30-09-20 11:15:45:633</time></pt><pt><x>3103</x><y>2710</y><time>undefined</time></pt><pt><x>3896</x><y>2710</y><time>undefined</time></pt><closed_date>30-09-20 11:15:45:633</closed_date></polygon></object></annotation>