<annotation><filename>img_m1_s03-04_101_p_ic066.jpg</filename><folder>users/joselusava//valeria/sala3y4_101_ic</folder><source><submittedBy>Jose Saca</submittedBy></source><imagesize><nrows>3200</nrows><ncols>4800</ncols></imagesize><object><name>m1_s03_s04_101_p_ic066</name><deleted>0</deleted><verified>0</verified><occluded>no</occluded><attributes></attributes><parts><hasparts></hasparts><ispartof></ispartof></parts><date>29-08-20 01:11:55:735</date><id>0</id><type>bounding_box</type><polygon><username>anonymous</username><pt><x>55</x><y>2267</y><time>29-08-20 01:11:48:309</time></pt><pt><x>4782</x><y>2267</y><time>29-08-20 01:11:50:926</time></pt><pt><x>4782</x><y>661</y><time>undefined</time></pt><pt><x>55</x><y>661</y><time>undefined</time></pt><closed_date>29-08-20 01:11:50:927</closed_date></polygon></object></annotation>