<annotation><filename>m1_s02_065_p_ic047.jpg</filename><folder>users/joselusava//valeria/sala2_065_ic</folder><source><submittedBy>Jose Saca</submittedBy></source><imagesize><nrows>2000</nrows><ncols>2992</ncols></imagesize><object><name>m1_s02_065_p_ic047</name><deleted>0</deleted><verified>0</verified><occluded>no</occluded><attributes></attributes><parts><hasparts></hasparts><ispartof></ispartof></parts><date>25-08-20 23:53:44:268</date><id>0</id><type>bounding_box</type><polygon><username>anonymous</username><pt><x>171</x><y>201</y><time>25-08-20 23:53:38:759</time></pt><pt><x>2977</x><y>201</y><time>25-08-20 23:53:40:935</time></pt><pt><x>2977</x><y>1513</y><time>undefined</time></pt><pt><x>171</x><y>1513</y><time>undefined</time></pt><closed_date>25-08-20 23:53:40:936</closed_date></polygon></object></annotation>