<annotation><filename>m1_s01_001_p_nic027.jpg</filename><folder>users/joselusava//juancarlos</folder><source><submittedBy>Jose Saca</submittedBy></source><imagesize><nrows>3200</nrows><ncols>4800</ncols></imagesize><object><name>m1_s01_001_p_nic027</name><deleted>0</deleted><verified>0</verified><occluded>no</occluded><attributes></attributes><parts><hasparts></hasparts><ispartof></ispartof></parts><date>02-09-20 14:17:54:023</date><id>0</id><type>bounding_box</type><polygon><username>anonymous</username><pt><x>2715</x><y>109</y><time>02-09-20 14:17:42:138</time></pt><pt><x>4485</x><y>109</y><time>02-09-20 14:17:47:383</time></pt><pt><x>4485</x><y>1055</y><time>undefined</time></pt><pt><x>2715</x><y>1055</y><time>undefined</time></pt><closed_date>02-09-20 14:17:47:385</closed_date></polygon></object></annotation>