<annotation><filename>m3_s01_010_p_ic008.jpg</filename><folder>users/joselusava//m4_js/m3/10/ic</folder><source><submittedBy>Jose Saca</submittedBy></source><imagesize><nrows>2970</nrows><ncols>4451</ncols></imagesize><object><name>m3_s01_010_p_ic008</name><deleted>0</deleted><verified>0</verified><occluded>no</occluded><attributes></attributes><parts><hasparts></hasparts><ispartof></ispartof></parts><date>29-10-20 09:42:53:438</date><id>0</id><type>bounding_box</type><polygon><username>anonymous</username><pt><x>3157</x><y>2683</y><time>29-10-20 09:42:51:490</time></pt><pt><x>915</x><y>2683</y><time>29-10-20 09:42:52:814</time></pt><pt><x>915</x><y>421</y><time>undefined</time></pt><pt><x>3157</x><y>421</y><time>undefined</time></pt><closed_date>29-10-20 09:42:52:815</closed_date></polygon></object></annotation>