<annotation><filename>m2_s01_024_p_ic075.jpg</filename><folder>users/joselusava//santiago</folder><source><submittedBy>Jose Saca</submittedBy></source><imagesize><nrows>2850</nrows><ncols>4271</ncols></imagesize><object><name>m2_s01_024_p_ic075</name><deleted>0</deleted><verified>0</verified><occluded>no</occluded><attributes></attributes><parts><hasparts></hasparts><ispartof></ispartof></parts><date>24-09-20 22:47:06:926</date><id>0</id><type>bounding_box</type><polygon><username>anonymous</username><pt><x>1116</x><y>153</y><time>24-09-20 22:46:58:724</time></pt><pt><x>3155</x><y>153</y><time>24-09-20 22:47:00:218</time></pt><pt><x>3155</x><y>2731</y><time>undefined</time></pt><pt><x>1116</x><y>2731</y><time>undefined</time></pt><closed_date>24-09-20 22:47:00:218</closed_date></polygon></object></annotation>