<annotation><filename>m3_s01_002_p_nic010.jpg</filename><folder>users/joselusava//santiago_3</folder><source><submittedBy>Jose Saca</submittedBy></source><imagesize><nrows>2970</nrows><ncols>4451</ncols></imagesize><object><name>m3_s01_002_p_nic010</name><deleted>0</deleted><verified>0</verified><occluded>no</occluded><attributes></attributes><parts><hasparts></hasparts><ispartof></ispartof></parts><date>29-10-20 15:31:07:204</date><id>0</id><type>bounding_box</type><polygon><username>anonymous</username><pt><x>875</x><y>207</y><time>29-10-20 15:31:03:229</time></pt><pt><x>3448</x><y>207</y><time>29-10-20 15:31:04:946</time></pt><pt><x>3448</x><y>1995</y><time>undefined</time></pt><pt><x>875</x><y>1995</y><time>undefined</time></pt><closed_date>29-10-20 15:31:04:946</closed_date></polygon></object></annotation>