<annotation><filename>m2_s01_010_p_ic062.jpg</filename><folder>users/joselusava//santiago</folder><source><submittedBy>Jose Saca</submittedBy></source><imagesize><nrows>2850</nrows><ncols>4271</ncols></imagesize><object><name>m2_s01_010_p_ic062</name><deleted>0</deleted><verified>0</verified><occluded>no</occluded><attributes></attributes><parts><hasparts></hasparts><ispartof></ispartof></parts><date>21-09-20 23:06:56:191</date><id>0</id><type>bounding_box</type><polygon><username>anonymous</username><pt><x>1388</x><y>545</y><time>21-09-20 23:06:47:701</time></pt><pt><x>3260</x><y>545</y><time>21-09-20 23:06:50:180</time></pt><pt><x>3260</x><y>2446</y><time>undefined</time></pt><pt><x>1388</x><y>2446</y><time>undefined</time></pt><closed_date>21-09-20 23:06:50:181</closed_date></polygon></object></annotation>