<annotation><filename>m1_s02_052_p_ic070.jpg</filename><folder>users/joselusava//valeria/sala2_052_ic</folder><source><submittedBy>Jose Saca</submittedBy></source><imagesize><nrows>3200</nrows><ncols>4800</ncols></imagesize><object><name>m1_s02_052_p_ic070</name><deleted>0</deleted><verified>0</verified><occluded>no</occluded><attributes></attributes><parts><hasparts></hasparts><ispartof></ispartof></parts><date>25-08-20 19:19:41:820</date><id>0</id><type>bounding_box</type><polygon><username>anonymous</username><pt><x>988</x><y>11</y><time>25-08-20 19:19:36:451</time></pt><pt><x>4113</x><y>11</y><time>25-08-20 19:19:38:342</time></pt><pt><x>4113</x><y>2921</y><time>undefined</time></pt><pt><x>988</x><y>2921</y><time>undefined</time></pt><closed_date>25-08-20 19:19:38:343</closed_date></polygon></object></annotation>