<annotation><filename>m4_s04_045_p_ic041.jpg</filename><folder>users/joselusava//valeria/m04_s04_45_ic</folder><source><submittedBy>Jose Saca</submittedBy></source><imagesize><nrows>2970</nrows><ncols>4451</ncols></imagesize><object><name>m4_s04_045_p_ic041</name><deleted>0</deleted><verified>0</verified><occluded>no</occluded><attributes></attributes><parts><hasparts></hasparts><ispartof></ispartof></parts><date>19-10-20 19:25:08:947</date><id>0</id><type>bounding_box</type><polygon><username>anonymous</username><pt><x>1736</x><y>2250</y><time>19-10-20 19:25:04:091</time></pt><pt><x>2742</x><y>2250</y><time>19-10-20 19:25:05:946</time></pt><pt><x>2742</x><y>600</y><time>undefined</time></pt><pt><x>1736</x><y>600</y><time>undefined</time></pt><closed_date>19-10-20 19:25:05:947</closed_date></polygon></object></annotation>