<annotation><filename>m1_s01_021_p_ic092.jpg</filename><folder>users/joselusava//santiago</folder><source><submittedBy>Jose Saca</submittedBy></source><imagesize><nrows>3200</nrows><ncols>4800</ncols></imagesize><object><name>m1_s01_021_p_ic092</name><deleted>0</deleted><verified>0</verified><occluded>no</occluded><attributes></attributes><parts><hasparts></hasparts><ispartof></ispartof></parts><date>15-09-20 00:19:21:412</date><id>0</id><type>bounding_box</type><polygon><username>anonymous</username><pt><x>1721</x><y>2131</y><time>15-09-20 00:19:04:552</time></pt><pt><x>2502</x><y>2131</y><time>15-09-20 00:19:06:436</time></pt><pt><x>2502</x><y>3193</y><time>undefined</time></pt><pt><x>1721</x><y>3193</y><time>undefined</time></pt><closed_date>15-09-20 00:19:06:438</closed_date></polygon></object></annotation>