<annotation><filename>m4_s03_025_p_nic053.jpg</filename><folder>users/joselusava//santiago_3</folder><source><submittedBy>Jose Saca</submittedBy></source><imagesize><nrows>2910</nrows><ncols>4361</ncols></imagesize><object><name>m4_s03_025_p_nic053</name><deleted>0</deleted><verified>0</verified><occluded>no</occluded><attributes></attributes><parts><hasparts></hasparts><ispartof></ispartof></parts><date>08-11-20 13:44:35:958</date><id>0</id><type>bounding_box</type><polygon><username>anonymous</username><pt><x>602</x><y>1431</y><time>08-11-20 13:44:32:211</time></pt><pt><x>3197</x><y>1431</y><time>08-11-20 13:44:33:651</time></pt><pt><x>3197</x><y>2756</y><time>undefined</time></pt><pt><x>602</x><y>2756</y><time>undefined</time></pt><closed_date>08-11-20 13:44:33:652</closed_date></polygon></object></annotation>