<annotation><filename>m2_s06_250_p_nic056.jpg</filename><folder>users/joselusava//m2_jsv/250</folder><source><submittedBy>Jose Saca</submittedBy></source><imagesize><nrows>2910</nrows><ncols>4361</ncols></imagesize><object><name>m2_s06_250_p_nic056</name><deleted>0</deleted><verified>0</verified><occluded>no</occluded><attributes></attributes><parts><hasparts></hasparts><ispartof></ispartof></parts><date>30-09-20 11:46:56:019</date><id>0</id><type>bounding_box</type><polygon><username>anonymous</username><pt><x>1602</x><y>879</y><time>30-09-20 11:46:53:239</time></pt><pt><x>4352</x><y>879</y><time>30-09-20 11:46:55:309</time></pt><pt><x>4352</x><y>2141</y><time>undefined</time></pt><pt><x>1602</x><y>2141</y><time>undefined</time></pt><closed_date>30-09-20 11:46:55:309</closed_date></polygon></object></annotation>