<annotation><filename>m2_s03_219_p_ic091.jpg</filename><folder>users/joselusava//valeria/m2_sala03_219_ic</folder><source><submittedBy>Jose Saca</submittedBy></source><imagesize><nrows>2910</nrows><ncols>4361</ncols></imagesize><object><name>m2_s03_219_p_ic091</name><deleted>0</deleted><verified>0</verified><occluded>no</occluded><attributes></attributes><parts><hasparts></hasparts><ispartof></ispartof></parts><date>29-09-20 01:22:33:326</date><id>0</id><type>bounding_box</type><polygon><username>anonymous</username><pt><x>3064</x><y>2519</y><time>29-09-20 01:22:27:278</time></pt><pt><x>788</x><y>2519</y><time>29-09-20 01:22:29:839</time></pt><pt><x>788</x><y>557</y><time>undefined</time></pt><pt><x>3064</x><y>557</y><time>undefined</time></pt><closed_date>29-09-20 01:22:29:839</closed_date></polygon></object></annotation>