<annotation><filename>m2_s01_024_p_ic013.jpg</filename><folder>users/joselusava//santiago</folder><source><submittedBy>Jose Saca</submittedBy></source><imagesize><nrows>2850</nrows><ncols>4271</ncols></imagesize><object><name>m2_s01_024_p_ic013</name><deleted>0</deleted><verified>0</verified><occluded>no</occluded><attributes></attributes><parts><hasparts></hasparts><ispartof></ispartof></parts><date>24-09-20 01:19:20:543</date><id>0</id><type>bounding_box</type><polygon><username>anonymous</username><pt><x>1494</x><y>247</y><time>24-09-20 01:19:13:259</time></pt><pt><x>2751</x><y>247</y><time>24-09-20 01:19:14:825</time></pt><pt><x>2751</x><y>2568</y><time>undefined</time></pt><pt><x>1494</x><y>2568</y><time>undefined</time></pt><closed_date>24-09-20 01:19:14:827</closed_date></polygon></object></annotation>