<annotation><filename>m4_s02_015_p_ic017.jpg</filename><folder>users/joselusava//m4_js/15ic</folder><source><submittedBy>Jose Saca</submittedBy></source><imagesize><nrows>2910</nrows><ncols>4361</ncols></imagesize><object><name>m4_s02_015_p_ic017</name><deleted>0</deleted><verified>0</verified><occluded>no</occluded><attributes></attributes><parts><hasparts></hasparts><ispartof></ispartof></parts><date>03-10-20 19:12:52:968</date><id>0</id><type>bounding_box</type><polygon><username>anonymous</username><pt><x>3047</x><y>2463</y><time>03-10-20 19:12:50:087</time></pt><pt><x>1471</x><y>2463</y><time>03-10-20 19:12:52:294</time></pt><pt><x>1471</x><y>548</y><time>undefined</time></pt><pt><x>3047</x><y>548</y><time>undefined</time></pt><closed_date>03-10-20 19:12:52:295</closed_date></polygon></object></annotation>