<annotation><filename>m1_s01_005_p_nic094.jpg</filename><folder>users/joselusava//museos2020</folder><source><submittedBy>Jose Saca</submittedBy></source><imagesize><nrows>2000</nrows><ncols>2992</ncols></imagesize><object><name>m1_s01_005_p_nic094</name><deleted>0</deleted><verified>0</verified><occluded>no</occluded><attributes></attributes><parts><hasparts></hasparts><ispartof></ispartof></parts><date>14-09-20 12:06:40:083</date><id>0</id><type>bounding_box</type><polygon><username>anonymous</username><pt><x>364</x><y>1371</y><time>14-09-20 12:06:21:561</time></pt><pt><x>741</x><y>1371</y><time>14-09-20 12:06:22:855</time></pt><pt><x>741</x><y>1709</y><time>undefined</time></pt><pt><x>364</x><y>1709</y><time>undefined</time></pt><closed_date>14-09-20 12:06:22:857</closed_date></polygon></object></annotation>