<annotation><filename>img_m1_s03-04_101_p_nic092.jpg</filename><folder>users/joselusava//valeria/sala3y4_101_nic</folder><source><submittedBy>Jose Saca</submittedBy></source><imagesize><nrows>3200</nrows><ncols>4800</ncols></imagesize><object><name>m1_s03_s04_101_p_nic092</name><deleted>0</deleted><verified>0</verified><occluded>no</occluded><attributes></attributes><parts><hasparts></hasparts><ispartof></ispartof></parts><date>30-08-20 01:27:18:594</date><id>0</id><type>bounding_box</type><polygon><username>anonymous</username><pt><x>3255</x><y>3182</y><time>30-08-20 01:27:10:025</time></pt><pt><x>12</x><y>3182</y><time>30-08-20 01:27:13:449</time></pt><pt><x>12</x><y>2255</y><time>undefined</time></pt><pt><x>3255</x><y>2255</y><time>undefined</time></pt><closed_date>30-08-20 01:27:13:450</closed_date></polygon></object></annotation>