<annotation><filename>m2_s01_001_p_ic079.jpg</filename><folder>users/joselusava//santiago</folder><source><submittedBy>Jose Saca</submittedBy></source><imagesize><nrows>2850</nrows><ncols>4271</ncols></imagesize><object><name>m2_s01_001_p_ic079</name><deleted>0</deleted><verified>0</verified><occluded>no</occluded><attributes></attributes><parts><hasparts></hasparts><ispartof></ispartof></parts><date>19-09-20 10:27:11:530</date><id>0</id><type>bounding_box</type><polygon><username>anonymous</username><pt><x>997</x><y>599</y><time>19-09-20 10:27:02:626</time></pt><pt><x>3151</x><y>599</y><time>19-09-20 10:27:05:310</time></pt><pt><x>3151</x><y>2667</y><time>undefined</time></pt><pt><x>997</x><y>2667</y><time>undefined</time></pt><closed_date>19-09-20 10:27:05:311</closed_date></polygon></object></annotation>