<annotation><filename>m4_s11_178_p_nic003.jpg</filename><folder>users/joselusava//santiago_2</folder><source><submittedBy>Jose Saca</submittedBy></source><imagesize><nrows>2970</nrows><ncols>4451</ncols></imagesize><object><name>m4_s11_178_p_nic003</name><deleted>0</deleted><verified>0</verified><occluded>no</occluded><attributes></attributes><parts><hasparts></hasparts><ispartof></ispartof></parts><date>15-10-20 22:57:30:851</date><id>0</id><type>bounding_box</type><polygon><username>anonymous</username><pt><x>2652</x><y>921</y><time>15-10-20 22:57:21:317</time></pt><pt><x>3955</x><y>921</y><time>15-10-20 22:57:23:512</time></pt><pt><x>3955</x><y>2292</y><time>undefined</time></pt><pt><x>2652</x><y>2292</y><time>undefined</time></pt><closed_date>15-10-20 22:57:23:513</closed_date></polygon></object></annotation>