<annotation><filename>m4_s10_157_p_ic086.jpg</filename><folder>users/joselusava//valeria/m04_s10_157_ic</folder><source><submittedBy>Jose Saca</submittedBy></source><imagesize><nrows>2970</nrows><ncols>4451</ncols></imagesize><object><name>m4_s10_157_p_ic086</name><deleted>0</deleted><verified>0</verified><occluded>no</occluded><attributes></attributes><parts><hasparts></hasparts><ispartof></ispartof></parts><date>12-10-20 18:18:09:931</date><id>0</id><type>bounding_box</type><polygon><username>anonymous</username><pt><x>1316</x><y>2745</y><time>12-10-20 18:18:00:779</time></pt><pt><x>3392</x><y>2745</y><time>12-10-20 18:18:02:804</time></pt><pt><x>3392</x><y>349</y><time>undefined</time></pt><pt><x>1316</x><y>349</y><time>undefined</time></pt><closed_date>12-10-20 18:18:02:804</closed_date></polygon></object></annotation>