<annotation><filename>m1_s01_001_p_nic080.jpg</filename><folder>users/joselusava//juancarlos</folder><source><submittedBy>Jose Saca</submittedBy></source><imagesize><nrows>3200</nrows><ncols>4800</ncols></imagesize><object><name>m1_s01_001_p_nic80</name><deleted>0</deleted><verified>0</verified><occluded>no</occluded><attributes></attributes><parts><hasparts></hasparts><ispartof></ispartof></parts><date>11-09-20 12:03:00:409</date><id>0</id><type>bounding_box</type><polygon><username>anonymous</username><pt><x>2163</x><y>1703</y><time>11-09-20 12:02:35:168</time></pt><pt><x>3904</x><y>1703</y><time>11-09-20 12:02:37:778</time></pt><pt><x>3904</x><y>2729</y><time>undefined</time></pt><pt><x>2163</x><y>2729</y><time>undefined</time></pt><closed_date>11-09-20 12:02:37:778</closed_date></polygon></object></annotation>