<annotation><filename>m3_s01_023_p_nic072.jpg</filename><folder>users/joselusava//santiago_3</folder><source><submittedBy>Jose Saca</submittedBy></source><imagesize><nrows>2970</nrows><ncols>4451</ncols></imagesize><object><name>m3_s01_023_p_nic072</name><deleted>0</deleted><verified>0</verified><occluded>no</occluded><attributes></attributes><parts><hasparts></hasparts><ispartof></ispartof></parts><date>06-11-20 11:24:11:218</date><id>0</id><type>bounding_box</type><polygon><username>anonymous</username><pt><x>2228</x><y>371</y><time>06-11-20 11:24:08:525</time></pt><pt><x>4084</x><y>371</y><time>06-11-20 11:24:09:352</time></pt><pt><x>4084</x><y>2081</y><time>undefined</time></pt><pt><x>2228</x><y>2081</y><time>undefined</time></pt><closed_date>06-11-20 11:24:09:352</closed_date></polygon></object></annotation>