<annotation><filename>m3_s01_013_p_nic072.jpg</filename><folder>users/joselusava//valeria/m03_s01_13_nic</folder><source><submittedBy>Jose Saca</submittedBy></source><imagesize><nrows>2970</nrows><ncols>4451</ncols></imagesize><object><name>m3_s01_013_p_nic072</name><deleted>0</deleted><verified>0</verified><occluded>no</occluded><attributes></attributes><parts><hasparts></hasparts><ispartof></ispartof></parts><date>06-11-20 23:59:45:390</date><id>0</id><type>bounding_box</type><polygon><username>anonymous</username><pt><x>2382</x><y>2919</y><time>06-11-20 23:59:39:809</time></pt><pt><x>4295</x><y>2919</y><time>06-11-20 23:59:42:323</time></pt><pt><x>4295</x><y>645</y><time>undefined</time></pt><pt><x>2382</x><y>645</y><time>undefined</time></pt><closed_date>06-11-20 23:59:42:324</closed_date></polygon></object></annotation>