<annotation><filename>m4_s02_021_p_nic086.jpg</filename><folder>users/joselusava//santiago_2</folder><source><submittedBy>Jose Saca</submittedBy></source><imagesize><nrows>2910</nrows><ncols>4361</ncols></imagesize><object><name>m4_s02_021_p_nic086</name><deleted>0</deleted><verified>0</verified><occluded>no</occluded><attributes></attributes><parts><hasparts></hasparts><ispartof></ispartof></parts><date>05-10-20 11:53:05:176</date><id>0</id><type>bounding_box</type><polygon><username>anonymous</username><pt><x>2789</x><y>409</y><time>05-10-20 11:53:01:898</time></pt><pt><x>3769</x><y>409</y><time>05-10-20 11:53:03:131</time></pt><pt><x>3769</x><y>2273</y><time>undefined</time></pt><pt><x>2789</x><y>2273</y><time>undefined</time></pt><closed_date>05-10-20 11:53:03:132</closed_date></polygon></object></annotation>