<annotation><filename>m1_s01_021_p_nic021.jpg</filename><folder>users/joselusava//santiago</folder><source><submittedBy>Jose Saca</submittedBy></source><imagesize><nrows>3200</nrows><ncols>4800</ncols></imagesize><object><name>m1_s01_021_p_nic021</name><deleted>0</deleted><verified>0</verified><occluded>no</occluded><attributes></attributes><parts><hasparts></hasparts><ispartof></ispartof></parts><date>15-09-20 15:29:14:398</date><id>0</id><type>bounding_box</type><polygon><username>anonymous</username><pt><x>2577</x><y>2217</y><time>15-09-20 15:29:06:640</time></pt><pt><x>3121</x><y>2217</y><time>15-09-20 15:29:08:546</time></pt><pt><x>3121</x><y>2966</y><time>undefined</time></pt><pt><x>2577</x><y>2966</y><time>undefined</time></pt><closed_date>15-09-20 15:29:08:548</closed_date></polygon></object></annotation>