<annotation><filename>m4_s05_060_p_ic077.jpg</filename><folder>users/joselusava//m4_js/60/ic</folder><source><submittedBy>Jose Saca</submittedBy></source><imagesize><nrows>2910</nrows><ncols>4361</ncols></imagesize><object><name>m4_s05_060_p_ic078</name><deleted>0</deleted><verified>0</verified><occluded>no</occluded><attributes></attributes><parts><hasparts></hasparts><ispartof></ispartof></parts><date>13-10-20 16:04:12:768</date><id>0</id><type>bounding_box</type><polygon><username>anonymous</username><pt><x>52</x><y>2533</y><time>13-10-20 16:04:05:743</time></pt><pt><x>4161</x><y>2533</y><time>13-10-20 16:04:07:262</time></pt><pt><x>4161</x><y>601</y><time>undefined</time></pt><pt><x>52</x><y>601</y><time>undefined</time></pt><closed_date>13-10-20 16:04:07:262</closed_date></polygon></object></annotation>