<annotation><filename>m2_s03_201_p_nic029.jpg</filename><folder>users/joselusava//valeria/m2_sala03_201_nic</folder><source><submittedBy>Jose Saca</submittedBy></source><imagesize><nrows>2910</nrows><ncols>4361</ncols></imagesize><object><name>m2_s03_201_p_nic029</name><deleted>0</deleted><verified>0</verified><occluded>no</occluded><attributes></attributes><parts><hasparts></hasparts><ispartof></ispartof></parts><date>29-09-20 23:03:48:786</date><id>0</id><type>bounding_box</type><polygon><username>anonymous</username><pt><x>17</x><y>2458</y><time>29-09-20 23:03:43:035</time></pt><pt><x>2083</x><y>2458</y><time>29-09-20 23:03:45:554</time></pt><pt><x>2083</x><y>562</y><time>undefined</time></pt><pt><x>17</x><y>562</y><time>undefined</time></pt><closed_date>29-09-20 23:03:45:555</closed_date></polygon></object></annotation>