<annotation><filename>m1_s02_052_p_ic076.jpg</filename><folder>users/joselusava//valeria/sala2_052_ic</folder><source><submittedBy>Jose Saca</submittedBy></source><imagesize><nrows>3200</nrows><ncols>4800</ncols></imagesize><object><name>m1_s02_052_p_ic076</name><deleted>0</deleted><verified>0</verified><occluded>no</occluded><attributes></attributes><parts><hasparts></hasparts><ispartof></ispartof></parts><date>25-08-20 19:31:20:021</date><id>0</id><type>bounding_box</type><polygon><username>anonymous</username><pt><x>1240</x><y>11</y><time>25-08-20 19:31:14:986</time></pt><pt><x>3624</x><y>11</y><time>25-08-20 19:31:16:719</time></pt><pt><x>3624</x><y>3077</y><time>undefined</time></pt><pt><x>1240</x><y>3077</y><time>undefined</time></pt><closed_date>25-08-20 19:31:16:720</closed_date></polygon></object></annotation>