<annotation><filename>m4_s02_015_p_nic001.jpg</filename><folder>users/joselusava//m4_js/15nic</folder><source><submittedBy>Jose Saca</submittedBy></source><imagesize><nrows>2910</nrows><ncols>4361</ncols></imagesize><object><name>m4_s02_015_p_nic001</name><deleted>0</deleted><verified>0</verified><occluded>no</occluded><attributes></attributes><parts><hasparts></hasparts><ispartof></ispartof></parts><date>06-10-20 19:19:24:634</date><id>0</id><type>bounding_box</type><polygon><username>anonymous</username><pt><x>261</x><y>2645</y><time>06-10-20 19:19:21:203</time></pt><pt><x>1372</x><y>2645</y><time>06-10-20 19:19:22:942</time></pt><pt><x>1372</x><y>1429</y><time>undefined</time></pt><pt><x>261</x><y>1429</y><time>undefined</time></pt><closed_date>06-10-20 19:19:22:943</closed_date></polygon></object></annotation>