<annotation><filename>m2_s01_032_p_ic047.jpg</filename><folder>users/joselusava//museos2020/jc</folder><source><submittedBy>Jose Saca</submittedBy></source><imagesize><nrows>2850</nrows><ncols>4271</ncols></imagesize><object><name>m2_s01_032_p_ic047</name><deleted>0</deleted><verified>0</verified><occluded>no</occluded><attributes></attributes><parts><hasparts></hasparts><ispartof></ispartof></parts><date>30-09-20 15:34:06:339</date><id>0</id><type>bounding_box</type><polygon><username>anonymous</username><pt><x>1303</x><y>149</y><time>30-09-20 15:33:57:424</time></pt><pt><x>2853</x><y>149</y><time>30-09-20 15:33:59:722</time></pt><pt><x>2853</x><y>2467</y><time>undefined</time></pt><pt><x>1303</x><y>2467</y><time>undefined</time></pt><closed_date>30-09-20 15:33:59:722</closed_date></polygon></object></annotation>