<annotation><filename>m2_s06_250_p_nic072.jpg</filename><folder>users/joselusava//m2_jsv/250</folder><source><submittedBy>Jose Saca</submittedBy></source><imagesize><nrows>2910</nrows><ncols>4361</ncols></imagesize><object><name>m2_s06_250_p_nic072</name><deleted>0</deleted><verified>0</verified><occluded>no</occluded><attributes></attributes><parts><hasparts></hasparts><ispartof></ispartof></parts><date>30-09-20 11:54:41:939</date><id>0</id><type>bounding_box</type><polygon><username>anonymous</username><pt><x>1654</x><y>1045</y><time>30-09-20 11:54:40:178</time></pt><pt><x>4274</x><y>1045</y><time>30-09-20 11:54:41:125</time></pt><pt><x>4274</x><y>2463</y><time>undefined</time></pt><pt><x>1654</x><y>2463</y><time>undefined</time></pt><closed_date>30-09-20 11:54:41:125</closed_date></polygon></object></annotation>