<annotation><filename>m3_s01_023_p_nic078.jpg</filename><folder>users/joselusava//santiago_3</folder><source><submittedBy>Jose Saca</submittedBy></source><imagesize><nrows>2970</nrows><ncols>4451</ncols></imagesize><object><name>m3_s01_023_p_nic078</name><deleted>0</deleted><verified>0</verified><occluded>no</occluded><attributes></attributes><parts><hasparts></hasparts><ispartof></ispartof></parts><date>06-11-20 11:28:40:059</date><id>0</id><type>bounding_box</type><polygon><username>anonymous</username><pt><x>975</x><y>268</y><time>06-11-20 11:28:37:278</time></pt><pt><x>2574</x><y>268</y><time>06-11-20 11:28:38:060</time></pt><pt><x>2574</x><y>1953</y><time>undefined</time></pt><pt><x>975</x><y>1953</y><time>undefined</time></pt><closed_date>06-11-20 11:28:38:061</closed_date></polygon></object></annotation>