<annotation><filename>m3_s01_023_p_nic029.jpg</filename><folder>users/joselusava//santiago_3</folder><source><submittedBy>Jose Saca</submittedBy></source><imagesize><nrows>2970</nrows><ncols>4451</ncols></imagesize><object><name>m3_s01_023_p_nic029</name><deleted>0</deleted><verified>0</verified><occluded>no</occluded><attributes></attributes><parts><hasparts></hasparts><ispartof></ispartof></parts><date>06-11-20 09:11:59:904</date><id>0</id><type>bounding_box</type><polygon><username>anonymous</username><pt><x>1267</x><y>129</y><time>06-11-20 09:11:55:723</time></pt><pt><x>2856</x><y>129</y><time>06-11-20 09:11:57:216</time></pt><pt><x>2856</x><y>1988</y><time>undefined</time></pt><pt><x>1267</x><y>1988</y><time>undefined</time></pt><closed_date>06-11-20 09:11:57:217</closed_date></polygon></object></annotation>