<annotation><filename>img_m1_s10_303_p_nic077.jpg</filename><folder>users/joselusava//santiago</folder><source><submittedBy>Jose Saca</submittedBy></source><imagesize><nrows>3200</nrows><ncols>4800</ncols></imagesize><object><name>m1_s10_303_p_nic077</name><deleted>0</deleted><verified>0</verified><occluded>no</occluded><attributes></attributes><parts><hasparts></hasparts><ispartof></ispartof></parts><date>01-09-20 22:34:39:303</date><id>0</id><type>bounding_box</type><polygon><username>anonymous</username><pt><x>731</x><y>432</y><time>01-09-20 22:34:29:704</time></pt><pt><x>2361</x><y>432</y><time>01-09-20 22:34:31:197</time></pt><pt><x>2361</x><y>1325</y><time>undefined</time></pt><pt><x>731</x><y>1325</y><time>undefined</time></pt><closed_date>01-09-20 22:34:31:197</closed_date></polygon></object></annotation>