<annotation><filename>m2_s03_219_p_nic040.jpg</filename><folder>users/joselusava//valeria/m2_sala03_219_nic</folder><source><submittedBy>Jose Saca</submittedBy></source><imagesize><nrows>2910</nrows><ncols>4361</ncols></imagesize><object><name>m2_s03_219_p_nic040</name><deleted>0</deleted><verified>0</verified><occluded>no</occluded><attributes></attributes><parts><hasparts></hasparts><ispartof></ispartof></parts><date>29-09-20 17:55:04:701</date><id>0</id><type>bounding_box</type><polygon><username>anonymous</username><pt><x>1934</x><y>2767</y><time>29-09-20 17:54:58:915</time></pt><pt><x>832</x><y>2767</y><time>29-09-20 17:55:01:287</time></pt><pt><x>832</x><y>987</y><time>undefined</time></pt><pt><x>1934</x><y>987</y><time>undefined</time></pt><closed_date>29-09-20 17:55:01:288</closed_date></polygon></object></annotation>