<annotation><filename>m2_s03_248_p_ic002.jpg</filename><folder>users/joselusava//museos2020</folder><source><submittedBy>Jose Saca</submittedBy></source><imagesize><nrows>2910</nrows><ncols>4361</ncols></imagesize><object><name>m2_s03_248_p_ic002</name><deleted>0</deleted><verified>0</verified><occluded>no</occluded><attributes></attributes><parts><hasparts></hasparts><ispartof></ispartof></parts><date>26-09-20 22:14:29:412</date><id>0</id><type>bounding_box</type><polygon><username>anonymous</username><pt><x>9</x><y>646</y><time>26-09-20 22:14:20:039</time></pt><pt><x>4346</x><y>646</y><time>26-09-20 22:14:22:738</time></pt><pt><x>4346</x><y>2306</y><time>undefined</time></pt><pt><x>9</x><y>2306</y><time>undefined</time></pt><closed_date>26-09-20 22:14:22:739</closed_date></polygon></object></annotation>