<annotation><filename>m2_s03_248_p_nic052.jpg</filename><folder>users/joselusava//museos2020</folder><source><submittedBy>Jose Saca</submittedBy></source><imagesize><nrows>2910</nrows><ncols>4361</ncols></imagesize><object><name>m2_s03_248_p_nic052</name><deleted>0</deleted><verified>0</verified><occluded>no</occluded><attributes></attributes><parts><hasparts></hasparts><ispartof></ispartof></parts><date>27-09-20 17:17:02:540</date><id>0</id><polygon><username>anonymous</username><pt><x>395</x><y>976</y><time>27-09-20 17:16:52:667</time></pt><pt><x>2450</x><y>958</y><time>27-09-20 17:16:53:532</time></pt><pt><x>1906</x><y>1646</y><time>27-09-20 17:16:54:549</time></pt><pt><x>214</x><y>1223</y><time>27-09-20 17:16:55:555</time></pt><closed_date>27-09-20 17:16:56:243</closed_date></polygon></object></annotation>