<annotation><filename>m3_s01_018_p_nic019.jpg</filename><folder>users/joselusava//m4_js/18/nic</folder><source><submittedBy>Jose Saca</submittedBy></source><imagesize><nrows>2970</nrows><ncols>4451</ncols></imagesize><object><name>m3_s01_018_p_nic019</name><deleted>0</deleted><verified>0</verified><occluded>no</occluded><attributes></attributes><parts><hasparts></hasparts><ispartof></ispartof></parts><date>05-11-20 14:52:57:800</date><id>0</id><type>bounding_box</type><polygon><username>anonymous</username><pt><x>3178</x><y>2283</y><time>05-11-20 14:52:55:787</time></pt><pt><x>21</x><y>2283</y><time>05-11-20 14:52:57:007</time></pt><pt><x>21</x><y>21</y><time>undefined</time></pt><pt><x>3178</x><y>21</y><time>undefined</time></pt><closed_date>05-11-20 14:52:57:008</closed_date></polygon></object></annotation>