<annotation><filename>m2_s01_001_p_nic026.jpg</filename><folder>users/joselusava//santiago</folder><source><submittedBy>Jose Saca</submittedBy></source><imagesize><nrows>2850</nrows><ncols>4271</ncols></imagesize><object><name>m2_s01_001_p_nic026</name><deleted>0</deleted><verified>0</verified><occluded>no</occluded><attributes></attributes><parts><hasparts></hasparts><ispartof></ispartof></parts><date>19-09-20 22:13:45:832</date><id>0</id><type>bounding_box</type><polygon><username>anonymous</username><pt><x>244</x><y>471</y><time>19-09-20 22:13:37:706</time></pt><pt><x>1782</x><y>471</y><time>19-09-20 22:13:39:346</time></pt><pt><x>1782</x><y>1984</y><time>undefined</time></pt><pt><x>244</x><y>1984</y><time>undefined</time></pt><closed_date>19-09-20 22:13:39:348</closed_date></polygon></object></annotation>