<annotation><filename>m2_s01_032_p_nic041.jpg</filename><folder>users/joselusava//santiago_2</folder><source><submittedBy>Jose Saca</submittedBy></source><imagesize><nrows>2850</nrows><ncols>4271</ncols></imagesize><object><name>m2_s01_032_p_nic041</name><deleted>0</deleted><verified>0</verified><occluded>no</occluded><attributes></attributes><parts><hasparts></hasparts><ispartof></ispartof></parts><date>30-09-20 20:42:44:308</date><id>0</id><type>bounding_box</type><polygon><username>anonymous</username><pt><x>1900</x><y>1354</y><time>30-09-20 20:42:41:813</time></pt><pt><x>2609</x><y>1354</y><time>30-09-20 20:42:42:501</time></pt><pt><x>2609</x><y>2358</y><time>undefined</time></pt><pt><x>1900</x><y>2358</y><time>undefined</time></pt><closed_date>30-09-20 20:42:42:502</closed_date></polygon></object></annotation>