<annotation><filename>m1_s02_052_p_nic049.jpg</filename><folder>users/joselusava//valeria/sala2_052_nic</folder><source><submittedBy>Jose Saca</submittedBy></source><imagesize><nrows>3200</nrows><ncols>4800</ncols></imagesize><object><name>m1_s02_052_p_nic049</name><deleted>0</deleted><verified>0</verified><occluded>no</occluded><attributes></attributes><parts><hasparts></hasparts><ispartof></ispartof></parts><date>27-08-20 16:26:01:121</date><id>0</id><type>bounding_box</type><polygon><username>anonymous</username><pt><x>2878</x><y>1358</y><time>27-08-20 16:25:55:085</time></pt><pt><x>1670</x><y>1358</y><time>27-08-20 16:25:57:154</time></pt><pt><x>1670</x><y>263</y><time>undefined</time></pt><pt><x>2878</x><y>263</y><time>undefined</time></pt><closed_date>27-08-20 16:25:57:155</closed_date></polygon></object></annotation>