<annotation><filename>m4_s11_178_p_ic058.jpg</filename><folder>users/joselusava//santiago_2</folder><source><submittedBy>Jose Saca</submittedBy></source><imagesize><nrows>2970</nrows><ncols>4451</ncols></imagesize><object><name>m4_s11_178_p_ic058</name><deleted>0</deleted><verified>0</verified><occluded>no</occluded><attributes></attributes><parts><hasparts></hasparts><ispartof></ispartof></parts><date>15-10-20 21:54:37:408</date><id>0</id><type>bounding_box</type><polygon><username>anonymous</username><pt><x>1471</x><y>853</y><time>15-10-20 21:54:32:965</time></pt><pt><x>3173</x><y>853</y><time>15-10-20 21:54:35:227</time></pt><pt><x>3173</x><y>2613</y><time>undefined</time></pt><pt><x>1471</x><y>2613</y><time>undefined</time></pt><closed_date>15-10-20 21:54:35:227</closed_date></polygon></object></annotation>