<annotation><filename>m1_s02_065_p_ic042.jpg</filename><folder>users/joselusava//valeria/sala2_065_ic</folder><source><submittedBy>Jose Saca</submittedBy></source><imagesize><nrows>2000</nrows><ncols>2992</ncols></imagesize><object><name>m1_s02_065_p_ic042</name><deleted>0</deleted><verified>0</verified><occluded>no</occluded><attributes></attributes><parts><hasparts></hasparts><ispartof></ispartof></parts><date>25-08-20 23:44:55:016</date><id>0</id><type>bounding_box</type><polygon><username>anonymous</username><pt><x>232</x><y>299</y><time>25-08-20 23:44:46:622</time></pt><pt><x>2923</x><y>299</y><time>25-08-20 23:44:50:338</time></pt><pt><x>2923</x><y>1725</y><time>undefined</time></pt><pt><x>232</x><y>1725</y><time>undefined</time></pt><closed_date>25-08-20 23:44:50:338</closed_date></polygon></object></annotation>