<annotation><filename>m1_s06_141_p.jpg</filename><folder>users/joselusava//jacob_2/141ic</folder><source><submittedBy>Jose Saca</submittedBy></source><imagesize><nrows>2736</nrows><ncols>4100</ncols></imagesize><object><name>m1_s06_141_p</name><deleted>0</deleted><verified>0</verified><occluded>no</occluded><attributes></attributes><parts><hasparts></hasparts><ispartof></ispartof></parts><date>04-09-20 17:12:20:390</date><id>0</id><type>bounding_box</type><polygon><username>anonymous</username><pt><x>1088</x><y>139</y><time>04-09-20 17:12:12:766</time></pt><pt><x>2962</x><y>139</y><time>04-09-20 17:12:16:456</time></pt><pt><x>2962</x><y>2537</y><time>undefined</time></pt><pt><x>1088</x><y>2537</y><time>undefined</time></pt><closed_date>04-09-20 17:12:16:456</closed_date></polygon></object></annotation>