<annotation><filename>m4_s06_089_p_ic043.jpg</filename><folder>users/joselusava//santiago_2</folder><source><submittedBy>Jose Saca</submittedBy></source><imagesize><nrows>2970</nrows><ncols>4451</ncols></imagesize><object><name>m4_s06_089_p_ic043</name><deleted>0</deleted><verified>0</verified><occluded>no</occluded><attributes></attributes><parts><hasparts></hasparts><ispartof></ispartof></parts><date>11-10-20 18:34:28:738</date><id>0</id><type>bounding_box</type><polygon><username>anonymous</username><pt><x>1605</x><y>279</y><time>11-10-20 18:34:24:779</time></pt><pt><x>2889</x><y>279</y><time>11-10-20 18:34:26:708</time></pt><pt><x>2889</x><y>2429</y><time>undefined</time></pt><pt><x>1605</x><y>2429</y><time>undefined</time></pt><closed_date>11-10-20 18:34:26:709</closed_date></polygon></object></annotation>