<annotation><filename>m2_s01_056_p_nic074.jpg</filename><folder>users/joselusava//m2_jsv/56/nic</folder><source><submittedBy>Jose Saca</submittedBy></source><imagesize><nrows>2850</nrows><ncols>4271</ncols></imagesize><object><name>m2_s01_056_p_nic074</name><deleted>0</deleted><verified>0</verified><occluded>no</occluded><attributes></attributes><parts><hasparts></hasparts><ispartof></ispartof></parts><date>28-09-20 22:32:26:138</date><id>0</id><type>bounding_box</type><polygon><username>anonymous</username><pt><x>1800</x><y>2828</y><time>28-09-20 22:32:24:421</time></pt><pt><x>459</x><y>2828</y><time>28-09-20 22:32:25:547</time></pt><pt><x>459</x><y>1180</y><time>undefined</time></pt><pt><x>1800</x><y>1180</y><time>undefined</time></pt><closed_date>28-09-20 22:32:25:547</closed_date></polygon></object></annotation>