<annotation><filename>m4_s12_186_p_nic046.jpg</filename><folder>users/joselusava//m4_js/186/nic</folder><source><submittedBy>Jose Saca</submittedBy></source><imagesize><nrows>3899</nrows><ncols>5844</ncols></imagesize><object><name>m4_s12_186_p_nic046</name><deleted>0</deleted><verified>0</verified><occluded>no</occluded><attributes></attributes><parts><hasparts></hasparts><ispartof></ispartof></parts><date>18-10-20 11:37:08:694</date><id>0</id><type>bounding_box</type><polygon><username>anonymous</username><pt><x>3943</x><y>2928</y><time>18-10-20 11:37:06:712</time></pt><pt><x>1645</x><y>2928</y><time>18-10-20 11:37:07:984</time></pt><pt><x>1645</x><y>23</y><time>undefined</time></pt><pt><x>3943</x><y>23</y><time>undefined</time></pt><closed_date>18-10-20 11:37:07:986</closed_date></polygon></object></annotation>