<annotation><filename>m1_s01_021_p_ic075.jpg</filename><folder>users/joselusava//santiago</folder><source><submittedBy>Jose Saca</submittedBy></source><imagesize><nrows>3200</nrows><ncols>4800</ncols></imagesize><object><name>m1_s01_021_p_ic075</name><deleted>0</deleted><verified>0</verified><occluded>no</occluded><attributes></attributes><parts><hasparts></hasparts><ispartof></ispartof></parts><date>14-09-20 23:55:06:840</date><id>0</id><type>bounding_box</type><polygon><username>anonymous</username><pt><x>1393</x><y>803</y><time>14-09-20 23:54:57:561</time></pt><pt><x>2667</x><y>803</y><time>14-09-20 23:55:00:282</time></pt><pt><x>2667</x><y>2315</y><time>undefined</time></pt><pt><x>1393</x><y>2315</y><time>undefined</time></pt><closed_date>14-09-20 23:55:00:283</closed_date></polygon></object></annotation>