<annotation><filename>m4_s07_105_p_nic038.jpg</filename><folder>users/joselusava//kath/m4_105/nic</folder><source><submittedBy>Jose Saca</submittedBy></source><imagesize><nrows>2970</nrows><ncols>4451</ncols></imagesize><object><name>m4_s07_105_p_nic038</name><deleted>0</deleted><verified>0</verified><occluded>no</occluded><attributes></attributes><parts><hasparts></hasparts><ispartof></ispartof></parts><date>03-11-20 08:43:22:955</date><id>0</id><type>bounding_box</type><polygon><username>anonymous</username><pt><x>2168</x><y>2679</y><time>03-11-20 08:43:16:356</time></pt><pt><x>2922</x><y>2679</y><time>03-11-20 08:43:20:939</time></pt><pt><x>2922</x><y>1234</y><time>undefined</time></pt><pt><x>2168</x><y>1234</y><time>undefined</time></pt><closed_date>03-11-20 08:43:20:940</closed_date></polygon></object></annotation>