<annotation><filename>m2_s01_024_p_nic085.jpg</filename><folder>users/joselusava//santiago</folder><source><submittedBy>Jose Saca</submittedBy></source><imagesize><nrows>2850</nrows><ncols>4271</ncols></imagesize><object><name>m2_s01_024_p_nic085</name><deleted>0</deleted><verified>0</verified><occluded>no</occluded><attributes></attributes><parts><hasparts></hasparts><ispartof></ispartof></parts><date>25-09-20 15:46:39:822</date><id>0</id><type>bounding_box</type><polygon><username>anonymous</username><pt><x>452</x><y>340</y><time>25-09-20 15:46:33:161</time></pt><pt><x>1157</x><y>340</y><time>25-09-20 15:46:33:954</time></pt><pt><x>1157</x><y>1433</y><time>undefined</time></pt><pt><x>452</x><y>1433</y><time>undefined</time></pt><closed_date>25-09-20 15:46:33:956</closed_date></polygon></object></annotation>