<annotation><filename>m1_s03-04_080_x.jpg</filename><folder>users/joselusava//valeria/sala03y04</folder><source><submittedBy>Jose Saca</submittedBy></source><imagesize><nrows>3200</nrows><ncols>4800</ncols></imagesize><object><name>m1_s03_s04_080_x</name><deleted>0</deleted><verified>0</verified><occluded>no</occluded><attributes></attributes><parts><hasparts></hasparts><ispartof></ispartof></parts><date>28-08-20 19:55:14:761</date><id>0</id><type>bounding_box</type><polygon><username>anonymous</username><pt><x>3791</x><y>3125</y><time>28-08-20 19:55:07:838</time></pt><pt><x>1095</x><y>3125</y><time>28-08-20 19:55:10:455</time></pt><pt><x>1095</x><y>5</y><time>undefined</time></pt><pt><x>3791</x><y>5</y><time>undefined</time></pt><closed_date>28-08-20 19:55:10:456</closed_date></polygon></object></annotation>