<annotation><filename>m4_s10_157_p_ic084.jpg</filename><folder>users/joselusava//valeria/m04_s10_157_nic</folder><source><submittedBy>Jose Saca</submittedBy></source><imagesize><nrows>2970</nrows><ncols>4451</ncols></imagesize><object><name>m4_s10_157_p_nic084</name><deleted>0</deleted><verified>0</verified><occluded>no</occluded><attributes></attributes><parts><hasparts></hasparts><ispartof></ispartof></parts><date>12-10-20 22:00:16:822</date><id>0</id><type>bounding_box</type><polygon><username>anonymous</username><pt><x>152</x><y>2700</y><time>12-10-20 22:00:07:274</time></pt><pt><x>2064</x><y>2700</y><time>12-10-20 22:00:11:921</time></pt><pt><x>2064</x><y>433</y><time>undefined</time></pt><pt><x>152</x><y>433</y><time>undefined</time></pt><closed_date>12-10-20 22:00:11:922</closed_date></polygon></object></annotation>