<annotation><filename>m2_s07_264_p_ic007.jpg</filename><folder>users/joselusava//valeria/sala7_264_ic</folder><source><submittedBy>Jose Saca</submittedBy></source><imagesize><nrows>2910</nrows><ncols>4361</ncols></imagesize><object><name>m2_s07_264_p_ic007</name><deleted>0</deleted><verified>0</verified><occluded>no</occluded><attributes></attributes><parts><hasparts></hasparts><ispartof></ispartof></parts><date>22-09-20 17:50:45:719</date><id>0</id><type>bounding_box</type><polygon><username>anonymous</username><pt><x>2899</x><y>2513</y><time>22-09-20 17:50:39:542</time></pt><pt><x>1201</x><y>2513</y><time>22-09-20 17:50:41:865</time></pt><pt><x>1201</x><y>292</y><time>undefined</time></pt><pt><x>2899</x><y>292</y><time>undefined</time></pt><closed_date>22-09-20 17:50:41:866</closed_date></polygon></object></annotation>