<annotation><filename>m4_s12_185_p_ic041.jpg</filename><folder>users/joselusava//valeria/m04_s12_185_ic</folder><source><submittedBy>Jose Saca</submittedBy></source><imagesize><nrows>2910</nrows><ncols>4361</ncols></imagesize><object><name>m4_s12_185_p_ic041</name><deleted>0</deleted><verified>0</verified><occluded>no</occluded><attributes></attributes><parts><hasparts></hasparts><ispartof></ispartof></parts><date>17-10-20 17:03:55:881</date><id>0</id><type>bounding_box</type><polygon><username>anonymous</username><pt><x>3632</x><y>2697</y><time>17-10-20 17:03:48:762</time></pt><pt><x>839</x><y>2697</y><time>17-10-20 17:03:51:212</time></pt><pt><x>839</x><y>269</y><time>undefined</time></pt><pt><x>3632</x><y>269</y><time>undefined</time></pt><closed_date>17-10-20 17:03:51:213</closed_date></polygon></object></annotation>