<annotation><filename>m1_s01_001_p_nic005.jpg</filename><folder>users/joselusava//juancarlos</folder><source><submittedBy>Jose Saca</submittedBy></source><imagesize><nrows>3200</nrows><ncols>4800</ncols></imagesize><object><name>m1_s01_001_p_nic005</name><deleted>0</deleted><verified>0</verified><occluded>no</occluded><attributes></attributes><parts><hasparts></hasparts><ispartof></ispartof></parts><date>02-09-20 11:31:25:940</date><id>0</id><type>bounding_box</type><polygon><username>anonymous</username><pt><x>2873</x><y>503</y><time>02-09-20 11:31:13:563</time></pt><pt><x>4218</x><y>503</y><time>02-09-20 11:31:16:374</time></pt><pt><x>4218</x><y>1382</y><time>undefined</time></pt><pt><x>2873</x><y>1382</y><time>undefined</time></pt><closed_date>02-09-20 11:31:16:376</closed_date></polygon></object></annotation>