<annotation><filename>m2_s07_268_x.jpg</filename><folder>users/joselusava//museos2020</folder><source><submittedBy>Jose Saca</submittedBy></source><imagesize><nrows>2910</nrows><ncols>4361</ncols></imagesize><object><name>m2_s07_268_x</name><deleted>0</deleted><verified>0</verified><occluded>no</occluded><attributes></attributes><parts><hasparts></hasparts><ispartof></ispartof></parts><date>27-09-20 22:12:13:306</date><id>0</id><type>bounding_box</type><polygon><username>anonymous</username><pt><x>669</x><y>288</y><time>27-09-20 22:12:03:433</time></pt><pt><x>3617</x><y>288</y><time>27-09-20 22:12:04:943</time></pt><pt><x>3617</x><y>2533</y><time>undefined</time></pt><pt><x>669</x><y>2533</y><time>undefined</time></pt><closed_date>27-09-20 22:12:04:944</closed_date></polygon></object></annotation>