<annotation><filename>m2_s01_058_p_ic074.jpg</filename><folder>users/joselusava//m2_jsv/58/ic</folder><source><submittedBy>Jose Saca</submittedBy></source><imagesize><nrows>2850</nrows><ncols>4271</ncols></imagesize><object><name>m2_s01_058_p_ic074</name><deleted>0</deleted><verified>0</verified><occluded>no</occluded><attributes></attributes><parts><hasparts></hasparts><ispartof></ispartof></parts><date>29-09-20 13:37:58:419</date><id>0</id><type>bounding_box</type><polygon><username>anonymous</username><pt><x>3957</x><y>255</y><time>29-09-20 13:37:52:904</time></pt><pt><x>450</x><y>255</y><time>29-09-20 13:37:55:193</time></pt><pt><x>450</x><y>2836</y><time>undefined</time></pt><pt><x>3957</x><y>2836</y><time>undefined</time></pt><closed_date>29-09-20 13:37:55:193</closed_date></polygon></object></annotation>