<annotation><filename>img_m1_s10_303_p_nic098.jpg</filename><folder>users/joselusava//santiago</folder><source><submittedBy>Jose Saca</submittedBy></source><imagesize><nrows>3200</nrows><ncols>4800</ncols></imagesize><object><name>m1_s10_303_p_nic098</name><deleted>0</deleted><verified>0</verified><occluded>no</occluded><attributes></attributes><parts><hasparts></hasparts><ispartof></ispartof></parts><date>01-09-20 23:22:11:932</date><id>0</id><type>bounding_box</type><polygon><username>anonymous</username><pt><x>2379</x><y>68</y><time>01-09-20 23:22:03:630</time></pt><pt><x>4003</x><y>68</y><time>01-09-20 23:22:05:019</time></pt><pt><x>4003</x><y>1433</y><time>undefined</time></pt><pt><x>2379</x><y>1433</y><time>undefined</time></pt><closed_date>01-09-20 23:22:05:021</closed_date></polygon></object></annotation>