<annotation><filename>m2_s02_190_p_ic067.jpg</filename><folder>users/joselusava//m2_jsv/190/ic</folder><source><submittedBy>Jose Saca</submittedBy></source><imagesize><nrows>2910</nrows><ncols>4361</ncols></imagesize><object><name>m2_s02_190_p_ic067</name><deleted>0</deleted><verified>0</verified><occluded>no</occluded><attributes></attributes><parts><hasparts></hasparts><ispartof></ispartof></parts><date>21-09-20 14:32:13:503</date><id>0</id><type>bounding_box</type><polygon><username>anonymous</username><pt><x>1439</x><y>598</y><time>21-09-20 14:32:10:575</time></pt><pt><x>3069</x><y>598</y><time>21-09-20 14:32:12:234</time></pt><pt><x>3069</x><y>2558</y><time>undefined</time></pt><pt><x>1439</x><y>2558</y><time>undefined</time></pt><closed_date>21-09-20 14:32:12:235</closed_date></polygon></object></annotation>