<annotation><filename>m4_s04_047_p_ic006.jpg</filename><folder>users/joselusava//kath/kath_m4_047</folder><source><submittedBy>Jose Saca</submittedBy></source><imagesize><nrows>2970</nrows><ncols>4451</ncols></imagesize><object><name>m4_s04_047_p_ic006</name><deleted>0</deleted><verified>0</verified><occluded>no</occluded><attributes></attributes><parts><hasparts></hasparts><ispartof></ispartof></parts><date>24-10-20 13:33:36:321</date><id>0</id><polygon><username>anonymous</username><pt><x>1634</x><y>446</y><time>24-10-20 13:33:23:998</time></pt><pt><x>1901</x><y>2658</y><time>24-10-20 13:33:27:315</time></pt><pt><x>2777</x><y>2480</y><time>24-10-20 13:33:29:161</time></pt><pt><x>2680</x><y>423</y><time>24-10-20 13:33:31:863</time></pt><closed_date>24-10-20 13:33:33:237</closed_date></polygon></object></annotation>