<annotation><filename>m4_s06_089_p_ic089.jpg</filename><folder>users/joselusava//santiago_2</folder><source><submittedBy>Jose Saca</submittedBy></source><imagesize><nrows>2970</nrows><ncols>4451</ncols></imagesize><object><name>m4_s06_089_p_ic089</name><deleted>0</deleted><verified>0</verified><occluded>no</occluded><attributes></attributes><parts><hasparts></hasparts><ispartof></ispartof></parts><date>11-10-20 22:00:46:036</date><id>0</id><type>bounding_box</type><polygon><username>anonymous</username><pt><x>1517</x><y>180</y><time>11-10-20 22:00:42:117</time></pt><pt><x>2613</x><y>180</y><time>11-10-20 22:00:43:472</time></pt><pt><x>2613</x><y>2517</y><time>undefined</time></pt><pt><x>1517</x><y>2517</y><time>undefined</time></pt><closed_date>11-10-20 22:00:43:473</closed_date></polygon></object></annotation>