<annotation><filename>m2_s02_085_p_nic061.jpg</filename><folder>users/joselusava//m2_jsv/85/nic</folder><source><submittedBy>Jose Saca</submittedBy></source><imagesize><nrows>2910</nrows><ncols>4361</ncols></imagesize><object><name>m2_s02_085_p_nic061</name><deleted>0</deleted><verified>0</verified><occluded>no</occluded><attributes></attributes><parts><hasparts></hasparts><ispartof></ispartof></parts><date>19-09-20 22:49:16:931</date><id>0</id><type>bounding_box</type><polygon><username>anonymous</username><pt><x>1724</x><y>78</y><time>19-09-20 22:49:15:096</time></pt><pt><x>2559</x><y>78</y><time>19-09-20 22:49:16:336</time></pt><pt><x>2559</x><y>931</y><time>undefined</time></pt><pt><x>1724</x><y>931</y><time>undefined</time></pt><closed_date>19-09-20 22:49:16:336</closed_date></polygon></object></annotation>