<annotation><filename>m4_s03_025_p_ic003.jpg</filename><folder>users/joselusava//juancarlos</folder><source><submittedBy>Jose Saca</submittedBy></source><imagesize><nrows>2910</nrows><ncols>4361</ncols></imagesize><object><name>m4_s02_025_p_ic003</name><deleted>0</deleted><verified>0</verified><occluded>no</occluded><attributes></attributes><parts><hasparts></hasparts><ispartof></ispartof></parts><date>05-11-20 17:03:05:788</date><id>0</id><type>bounding_box</type><polygon><username>anonymous</username><pt><x>824</x><y>753</y><time>05-11-20 17:02:57:530</time></pt><pt><x>3772</x><y>753</y><time>05-11-20 17:02:59:802</time></pt><pt><x>3772</x><y>2288</y><time>undefined</time></pt><pt><x>824</x><y>2288</y><time>undefined</time></pt><closed_date>05-11-20 17:02:59:803</closed_date></polygon></object></annotation>