<annotation><filename>m4_s05_055_p_ic030.jpg</filename><folder>users/joselusava//valeria/m4_s05_055_ic</folder><source><submittedBy>Jose Saca</submittedBy></source><imagesize><nrows>2910</nrows><ncols>4361</ncols></imagesize><object><name>m4_s05_055_p_ic030</name><deleted>0</deleted><verified>0</verified><occluded>no</occluded><attributes></attributes><parts><hasparts></hasparts><ispartof></ispartof></parts><date>08-10-20 22:11:40:312</date><id>0</id><type>bounding_box</type><polygon><username>anonymous</username><pt><x>1190</x><y>457</y><time>08-10-20 22:11:35:422</time></pt><pt><x>3158</x><y>457</y><time>08-10-20 22:11:36:820</time></pt><pt><x>3158</x><y>2552</y><time>undefined</time></pt><pt><x>1190</x><y>2552</y><time>undefined</time></pt><closed_date>08-10-20 22:11:36:820</closed_date></polygon></object></annotation>