<annotation><filename>m2_s01_018_p_nic052.jpg</filename><folder>users/joselusava//santiago_2</folder><source><submittedBy>Jose Saca</submittedBy></source><imagesize><nrows>2850</nrows><ncols>4271</ncols></imagesize><object><name>m2_s01_018_p_nic052</name><deleted>0</deleted><verified>0</verified><occluded>no</occluded><attributes></attributes><parts><hasparts></hasparts><ispartof></ispartof></parts><date>28-09-20 21:57:23:641</date><id>0</id><type>bounding_box</type><polygon><username>anonymous</username><pt><x>516</x><y>1064</y><time>28-09-20 21:57:21:071</time></pt><pt><x>1016</x><y>1064</y><time>28-09-20 21:57:21:648</time></pt><pt><x>1016</x><y>1558</y><time>undefined</time></pt><pt><x>516</x><y>1558</y><time>undefined</time></pt><closed_date>28-09-20 21:57:21:649</closed_date></polygon></object></annotation>