<annotation><filename>m1_s02_052_p_ic004.jpg</filename><folder>users/joselusava//valeria/sala2_052_ic</folder><source><submittedBy>Jose Saca</submittedBy></source><imagesize><nrows>3200</nrows><ncols>4800</ncols></imagesize><object><name>m1_s02_052_p_ic004</name><deleted>0</deleted><verified>0</verified><occluded>no</occluded><attributes></attributes><parts><hasparts></hasparts><ispartof></ispartof></parts><date>24-08-20 01:01:03:770</date><id>0</id><type>bounding_box</type><polygon><username>anonymous</username><pt><x>365</x><y>344</y><time>24-08-20 01:00:54:677</time></pt><pt><x>4499</x><y>344</y><time>24-08-20 01:00:59:958</time></pt><pt><x>4499</x><y>3028</y><time>undefined</time></pt><pt><x>365</x><y>3028</y><time>undefined</time></pt><closed_date>24-08-20 01:00:59:959</closed_date></polygon></object></annotation>