<annotation><filename>m2_s07_277_x.jpg</filename><folder>users/joselusava//museos2020</folder><source><submittedBy>Jose Saca</submittedBy></source><imagesize><nrows>2910</nrows><ncols>4361</ncols></imagesize><object><name>m2_s07_277_x</name><deleted>0</deleted><verified>0</verified><occluded>no</occluded><attributes></attributes><parts><hasparts></hasparts><ispartof></ispartof></parts><date>27-09-20 22:18:35:427</date><id>0</id><type>bounding_box</type><polygon><username>anonymous</username><pt><x>195</x><y>1227</y><time>27-09-20 22:18:28:492</time></pt><pt><x>4179</x><y>1227</y><time>27-09-20 22:18:29:842</time></pt><pt><x>4179</x><y>2008</y><time>undefined</time></pt><pt><x>195</x><y>2008</y><time>undefined</time></pt><closed_date>27-09-20 22:18:29:844</closed_date></polygon></object></annotation>