<annotation><filename>m2_s01_056_p_nic086.jpg</filename><folder>users/joselusava//m2_jsv/56/nic</folder><source><submittedBy>Jose Saca</submittedBy></source><imagesize><nrows>2850</nrows><ncols>4271</ncols></imagesize><object><name>m2_s01_056_p_nic086</name><deleted>0</deleted><verified>0</verified><occluded>no</occluded><attributes></attributes><parts><hasparts></hasparts><ispartof></ispartof></parts><date>28-09-20 22:36:17:227</date><id>0</id><type>bounding_box</type><polygon><username>anonymous</username><pt><x>1681</x><y>2063</y><time>28-09-20 22:36:15:180</time></pt><pt><x>263</x><y>2063</y><time>28-09-20 22:36:16:592</time></pt><pt><x>263</x><y>611</y><time>undefined</time></pt><pt><x>1681</x><y>611</y><time>undefined</time></pt><closed_date>28-09-20 22:36:16:593</closed_date></polygon></object></annotation>