<annotation><filename>m4_s12_186_p_ic087.jpg</filename><folder>users/joselusava//m4_js/186/ic</folder><source><submittedBy>Jose Saca</submittedBy></source><imagesize><nrows>3899</nrows><ncols>5844</ncols></imagesize><object><name>m4_s12_186_p_ic087</name><deleted>0</deleted><verified>0</verified><occluded>no</occluded><attributes></attributes><parts><hasparts></hasparts><ispartof></ispartof></parts><date>18-10-20 11:12:59:406</date><id>0</id><type>bounding_box</type><polygon><username>anonymous</username><pt><x>1971</x><y>548</y><time>18-10-20 11:12:57:372</time></pt><pt><x>3873</x><y>548</y><time>18-10-20 11:12:58:612</time></pt><pt><x>3873</x><y>3441</y><time>undefined</time></pt><pt><x>1971</x><y>3441</y><time>undefined</time></pt><closed_date>18-10-20 11:12:58:612</closed_date></polygon></object></annotation>