<annotation><filename>img_m1_s03-04_101_p_ic019.jpg</filename><folder>users/joselusava//valeria/sala3y4_101_ic</folder><source><submittedBy>Jose Saca</submittedBy></source><imagesize><nrows>3200</nrows><ncols>4800</ncols></imagesize><object><name>m1_s03_s04_101_p_ic019</name><deleted>0</deleted><verified>0</verified><occluded>no</occluded><attributes></attributes><parts><hasparts></hasparts><ispartof></ispartof></parts><date>28-08-20 22:50:51:736</date><id>0</id><type>bounding_box</type><polygon><username>anonymous</username><pt><x>4784</x><y>2384</y><time>28-08-20 22:50:44:060</time></pt><pt><x>11</x><y>2384</y><time>28-08-20 22:50:47:241</time></pt><pt><x>11</x><y>682</y><time>undefined</time></pt><pt><x>4784</x><y>682</y><time>undefined</time></pt><closed_date>28-08-20 22:50:47:242</closed_date></polygon></object></annotation>