<annotation><filename>m2_s01_010_p_ic005.jpg</filename><folder>users/joselusava//santiago</folder><source><submittedBy>Jose Saca</submittedBy></source><imagesize><nrows>2850</nrows><ncols>4271</ncols></imagesize><object><name>m2_s01_010_p_ic005</name><deleted>0</deleted><verified>0</verified><occluded>no</occluded><attributes></attributes><parts><hasparts></hasparts><ispartof></ispartof></parts><date>21-09-20 15:00:31:696</date><id>0</id><type>bounding_box</type><polygon><username>anonymous</username><pt><x>1340</x><y>609</y><time>21-09-20 15:00:21:055</time></pt><pt><x>2908</x><y>609</y><time>21-09-20 15:00:23:875</time></pt><pt><x>2908</x><y>2202</y><time>undefined</time></pt><pt><x>1340</x><y>2202</y><time>undefined</time></pt><closed_date>21-09-20 15:00:23:876</closed_date></polygon></object></annotation>