<annotation><filename>m4_s05_055_p_nic070.jpg</filename><folder>users/joselusava//valeria/m4_s05_055_nic</folder><source><submittedBy>Jose Saca</submittedBy></source><imagesize><nrows>2910</nrows><ncols>4361</ncols></imagesize><object><name>m4_s05_055_p_nic070</name><deleted>0</deleted><verified>0</verified><occluded>no</occluded><attributes></attributes><parts><hasparts></hasparts><ispartof></ispartof></parts><date>09-10-20 18:03:22:481</date><id>0</id><type>bounding_box</type><polygon><username>anonymous</username><pt><x>187</x><y>639</y><time>09-10-20 18:03:16:817</time></pt><pt><x>1488</x><y>639</y><time>09-10-20 18:03:19:024</time></pt><pt><x>1488</x><y>2160</y><time>undefined</time></pt><pt><x>187</x><y>2160</y><time>undefined</time></pt><closed_date>09-10-20 18:03:19:025</closed_date></polygon></object></annotation>