<annotation><filename>m4_s12_186_p_ic014.jpg</filename><folder>users/joselusava//m4_js/186/ic</folder><source><submittedBy>Jose Saca</submittedBy></source><imagesize><nrows>3899</nrows><ncols>5844</ncols></imagesize><object><name>m4_s12_186_p_ic013</name><deleted>0</deleted><verified>0</verified><occluded>no</occluded><attributes></attributes><parts><hasparts></hasparts><ispartof></ispartof></parts><date>18-10-20 10:14:44:509</date><id>0</id><type>bounding_box</type><polygon><username>anonymous</username><pt><x>1878</x><y>280</y><time>18-10-20 10:14:42:561</time></pt><pt><x>3919</x><y>280</y><time>18-10-20 10:14:43:870</time></pt><pt><x>3919</x><y>3581</y><time>undefined</time></pt><pt><x>1878</x><y>3581</y><time>undefined</time></pt><closed_date>18-10-20 10:14:43:870</closed_date></polygon></object></annotation>