<annotation><filename>img_m1_s03-04_101_p_ic082.jpg</filename><folder>users/joselusava//valeria/sala3y4_101_ic</folder><source><submittedBy>Jose Saca</submittedBy></source><imagesize><nrows>3200</nrows><ncols>4800</ncols></imagesize><object><name>m1_s03_s04_101_p_ic082</name><deleted>0</deleted><verified>0</verified><occluded>no</occluded><attributes></attributes><parts><hasparts></hasparts><ispartof></ispartof></parts><date>29-08-20 01:45:54:325</date><id>0</id><type>bounding_box</type><polygon><username>anonymous</username><pt><x>418</x><y>2976</y><time>29-08-20 01:45:45:812</time></pt><pt><x>4376</x><y>2976</y><time>29-08-20 01:45:49:588</time></pt><pt><x>4376</x><y>612</y><time>undefined</time></pt><pt><x>418</x><y>612</y><time>undefined</time></pt><closed_date>29-08-20 01:45:49:590</closed_date></polygon></object></annotation>