<annotation><filename>m1_s01_004_p_ic050.jpg</filename><folder>users/joselusava//valeria_apoyo/sala001_004ic_ok</folder><source><submittedBy>Jose Saca</submittedBy></source><imagesize><nrows>2000</nrows><ncols>2992</ncols></imagesize><object><name>m1_s01_004_p_ic050</name><deleted>0</deleted><verified>0</verified><occluded>no</occluded><attributes></attributes><parts><hasparts></hasparts><ispartof></ispartof></parts><date>15-09-20 23:51:29:363</date><id>0</id><type>bounding_box</type><polygon><username>anonymous</username><pt><x>2981</x><y>1614</y><time>15-09-20 23:51:22:727</time></pt><pt><x>11</x><y>1614</y><time>15-09-20 23:51:25:528</time></pt><pt><x>11</x><y>576</y><time>undefined</time></pt><pt><x>2981</x><y>576</y><time>undefined</time></pt><closed_date>15-09-20 23:51:25:529</closed_date></polygon></object></annotation>