<annotation><filename>m1_s01_021_p_ic082.jpg</filename><folder>users/joselusava//santiago</folder><source><submittedBy>Jose Saca</submittedBy></source><imagesize><nrows>3200</nrows><ncols>4800</ncols></imagesize><object><name>m1_s01_021_p_ic082</name><deleted>0</deleted><verified>0</verified><occluded>no</occluded><attributes></attributes><parts><hasparts></hasparts><ispartof></ispartof></parts><date>15-09-20 00:07:49:555</date><id>0</id><type>bounding_box</type><polygon><username>anonymous</username><pt><x>1418</x><y>831</y><time>15-09-20 00:07:40:550</time></pt><pt><x>2750</x><y>831</y><time>15-09-20 00:07:42:437</time></pt><pt><x>2750</x><y>2430</y><time>undefined</time></pt><pt><x>1418</x><y>2430</y><time>undefined</time></pt><closed_date>15-09-20 00:07:42:438</closed_date></polygon></object></annotation>