<annotation><filename>m1_s02_065_p_nic066.jpg</filename><folder>users/joselusava//valeria/sala2_065_nic</folder><source><submittedBy>Jose Saca</submittedBy></source><imagesize><nrows>2000</nrows><ncols>2992</ncols></imagesize><object><name>m1_s02_065_p_nic066</name><deleted>0</deleted><verified>0</verified><occluded>no</occluded><attributes></attributes><parts><hasparts></hasparts><ispartof></ispartof></parts><date>27-08-20 23:52:36:690</date><id>0</id><type>bounding_box</type><polygon><username>anonymous</username><pt><x>1621</x><y>1812</y><time>27-08-20 23:52:31:379</time></pt><pt><x>178</x><y>1812</y><time>27-08-20 23:52:33:526</time></pt><pt><x>178</x><y>1232</y><time>undefined</time></pt><pt><x>1621</x><y>1232</y><time>undefined</time></pt><closed_date>27-08-20 23:52:33:527</closed_date></polygon></object></annotation>