<annotation><filename>img_m1_s10_303_p_nic002.jpg</filename><folder>users/joselusava//santiago</folder><source><submittedBy>Jose Saca</submittedBy></source><imagesize><nrows>3200</nrows><ncols>4800</ncols></imagesize><object><name>m1_s10_303_p_nic002</name><deleted>0</deleted><verified>0</verified><occluded>no</occluded><attributes></attributes><parts><hasparts></hasparts><ispartof></ispartof></parts><date>01-09-20 19:28:34:357</date><id>0</id><type>bounding_box</type><polygon><username>anonymous</username><pt><x>2862</x><y>1847</y><time>01-09-20 19:28:23:470</time></pt><pt><x>4496</x><y>1847</y><time>01-09-20 19:28:26:659</time></pt><pt><x>4496</x><y>2692</y><time>undefined</time></pt><pt><x>2862</x><y>2692</y><time>undefined</time></pt><closed_date>01-09-20 19:28:26:660</closed_date></polygon></object></annotation>