<annotation><filename>m2_s05_236_p_ic055.jpg</filename><folder>users/joselusava//museos2020</folder><source><submittedBy>Jose Saca</submittedBy></source><imagesize><nrows>2910</nrows><ncols>4361</ncols></imagesize><object><name>m2_s05_236_p_ic055</name><deleted>0</deleted><verified>0</verified><occluded>no</occluded><attributes></attributes><parts><hasparts></hasparts><ispartof></ispartof></parts><date>16-09-20 18:47:00:135</date><id>0</id><type>bounding_box</type><polygon><username>anonymous</username><pt><x>437</x><y>302</y><time>16-09-20 18:46:47:894</time></pt><pt><x>3696</x><y>302</y><time>16-09-20 18:46:49:382</time></pt><pt><x>3696</x><y>2798</y><time>undefined</time></pt><pt><x>437</x><y>2798</y><time>undefined</time></pt><closed_date>16-09-20 18:46:49:383</closed_date></polygon></object></annotation>