<annotation><filename>m4_s09_138_p_ic029.jpg</filename><folder>users/joselusava//santiago_2</folder><source><submittedBy>Jose Saca</submittedBy></source><imagesize><nrows>2970</nrows><ncols>4451</ncols></imagesize><object><name>m4_s09_138_p_ic029</name><deleted>0</deleted><verified>0</verified><occluded>no</occluded><attributes></attributes><parts><hasparts></hasparts><ispartof></ispartof></parts><date>22-10-20 14:03:06:443</date><id>0</id><type>bounding_box</type><polygon><username>anonymous</username><pt><x>129</x><y>475</y><time>22-10-20 14:03:01:127</time></pt><pt><x>4326</x><y>475</y><time>22-10-20 14:03:04:062</time></pt><pt><x>4326</x><y>2692</y><time>undefined</time></pt><pt><x>129</x><y>2692</y><time>undefined</time></pt><closed_date>22-10-20 14:03:04:063</closed_date></polygon></object></annotation>