<annotation><filename>m1_s06_186_p_nic033.jpg</filename><folder>users/joselusava//jacob_2/186nic</folder><source><submittedBy>Jose Saca</submittedBy></source><imagesize><nrows>2736</nrows><ncols>4100</ncols></imagesize><object><name>m1_s06_186_p_nic033</name><deleted>0</deleted><verified>0</verified><occluded>no</occluded><attributes></attributes><parts><hasparts></hasparts><ispartof></ispartof></parts><date>09-09-20 23:13:22:102</date><id>0</id><type>bounding_box</type><polygon><username>anonymous</username><pt><x>2398</x><y>614</y><time>09-09-20 23:13:19:860</time></pt><pt><x>3683</x><y>614</y><time>09-09-20 23:13:21:580</time></pt><pt><x>3683</x><y>2619</y><time>undefined</time></pt><pt><x>2398</x><y>2619</y><time>undefined</time></pt><closed_date>09-09-20 23:13:21:580</closed_date></polygon></object></annotation>