<annotation><filename>m1_s01_001_p_nic007.jpg</filename><folder>users/joselusava//juancarlos</folder><source><submittedBy>Jose Saca</submittedBy></source><imagesize><nrows>3200</nrows><ncols>4800</ncols></imagesize><object><name>m1_s01_001_p_nic007</name><deleted>0</deleted><verified>0</verified><occluded>no</occluded><attributes></attributes><parts><hasparts></hasparts><ispartof></ispartof></parts><date>02-09-20 11:41:19:347</date><id>0</id><type>bounding_box</type><polygon><username>anonymous</username><pt><x>1752</x><y>497</y><time>02-09-20 11:37:27:268</time></pt><pt><x>2945</x><y>497</y><time>02-09-20 11:37:29:498</time></pt><pt><x>2945</x><y>1212</y><time>undefined</time></pt><pt><x>1752</x><y>1212</y><time>undefined</time></pt><closed_date>02-09-20 11:37:29:500</closed_date></polygon></object></annotation>