<annotation><filename>m1_s01_001_p_ic034.jpg</filename><folder>users/joselusava//juancarlos</folder><source><submittedBy>Jose Saca</submittedBy></source><imagesize><nrows>2000</nrows><ncols>2992</ncols></imagesize><object><name>m1_s01_001_p_ic034</name><deleted>0</deleted><verified>0</verified><occluded>no</occluded><attributes></attributes><parts><hasparts></hasparts><ispartof></ispartof></parts><date>26-08-20 20:19:18:694</date><id>0</id><type>bounding_box</type><polygon><username>anonymous</username><pt><x>830</x><y>856</y><time>26-08-20 20:19:06:883</time></pt><pt><x>2068</x><y>856</y><time>26-08-20 20:19:11:803</time></pt><pt><x>2068</x><y>1591</y><time>undefined</time></pt><pt><x>830</x><y>1591</y><time>undefined</time></pt><closed_date>26-08-20 20:19:11:805</closed_date></polygon></object></annotation>