<annotation><filename>m2_s06_244_p_ic039.jpg</filename><folder>users/joselusava//museos2020</folder><source><submittedBy>Jose Saca</submittedBy></source><imagesize><nrows>2910</nrows><ncols>4361</ncols></imagesize><object><name>m2_s06_244_p_ic039</name><deleted>0</deleted><verified>0</verified><occluded>no</occluded><attributes></attributes><parts><hasparts></hasparts><ispartof></ispartof></parts><date>22-09-20 13:06:30:611</date><id>0</id><type>bounding_box</type><polygon><username>anonymous</username><pt><x>1276</x><y>996</y><time>22-09-20 13:06:23:186</time></pt><pt><x>3233</x><y>996</y><time>22-09-20 13:06:24:726</time></pt><pt><x>3233</x><y>2172</y><time>undefined</time></pt><pt><x>1276</x><y>2172</y><time>undefined</time></pt><closed_date>22-09-20 13:06:24:727</closed_date></polygon></object></annotation>