<annotation><filename>m4_s07_105_p_nic032.jpg</filename><folder>users/joselusava//kath/m4_105/nic</folder><source><submittedBy>Jose Saca</submittedBy></source><imagesize><nrows>2970</nrows><ncols>4451</ncols></imagesize><object><name>m4_s07_105_p_nic032</name><deleted>0</deleted><verified>0</verified><occluded>no</occluded><attributes></attributes><parts><hasparts></hasparts><ispartof></ispartof></parts><date>29-10-20 09:41:03:983</date><id>0</id><type>bounding_box</type><polygon><username>anonymous</username><pt><x>245</x><y>1081</y><time>29-10-20 09:40:59:604</time></pt><pt><x>1254</x><y>1081</y><time>29-10-20 09:41:00:620</time></pt><pt><x>1254</x><y>2715</y><time>undefined</time></pt><pt><x>245</x><y>2715</y><time>undefined</time></pt><closed_date>29-10-20 09:41:00:620</closed_date></polygon></object></annotation>