<annotation><filename>m1_s02_029_p_nic055.jpg</filename><folder>users/joselusava//valeria/sala2_029_nic</folder><source><submittedBy>Jose Saca</submittedBy></source><imagesize><nrows>3200</nrows><ncols>4800</ncols></imagesize><object><name>m1_s02_029_p_nic055</name><deleted>0</deleted><verified>0</verified><occluded>no</occluded><attributes></attributes><parts><hasparts></hasparts><ispartof></ispartof></parts><date>26-08-20 19:21:30:533</date><id>0</id><type>bounding_box</type><polygon><username>anonymous</username><pt><x>2024</x><y>338</y><time>26-08-20 19:21:25:052</time></pt><pt><x>3297</x><y>338</y><time>26-08-20 19:21:27:673</time></pt><pt><x>3297</x><y>1621</y><time>undefined</time></pt><pt><x>2024</x><y>1621</y><time>undefined</time></pt><closed_date>26-08-20 19:21:27:674</closed_date></polygon></object></annotation>