<annotation><filename>m2_s01_010_p_ic051.jpg</filename><folder>users/joselusava//santiago</folder><source><submittedBy>Jose Saca</submittedBy></source><imagesize><nrows>2850</nrows><ncols>4271</ncols></imagesize><object><name>m2_s01_010_p_ic051</name><deleted>0</deleted><verified>0</verified><occluded>no</occluded><attributes></attributes><parts><hasparts></hasparts><ispartof></ispartof></parts><date>21-09-20 15:57:37:016</date><id>0</id><type>bounding_box</type><polygon><username>anonymous</username><pt><x>1228</x><y>599</y><time>21-09-20 15:57:28:734</time></pt><pt><x>3180</x><y>599</y><time>21-09-20 15:57:30:842</time></pt><pt><x>3180</x><y>2523</y><time>undefined</time></pt><pt><x>1228</x><y>2523</y><time>undefined</time></pt><closed_date>21-09-20 15:57:30:844</closed_date></polygon></object></annotation>