<annotation><filename>m4_s10_164_p_nic057.jpg</filename><folder>users/joselusava//santiago_2</folder><source><submittedBy>Jose Saca</submittedBy></source><imagesize><nrows>2970</nrows><ncols>4451</ncols></imagesize><object><name>m4_s10_164_p_nic057</name><deleted>0</deleted><verified>0</verified><occluded>no</occluded><attributes></attributes><parts><hasparts></hasparts><ispartof></ispartof></parts><date>14-10-20 13:37:20:823</date><id>0</id><type>bounding_box</type><polygon><username>anonymous</username><pt><x>1917</x><y>2003</y><time>14-10-20 13:37:17:825</time></pt><pt><x>2374</x><y>2003</y><time>14-10-20 13:37:18:683</time></pt><pt><x>2374</x><y>2677</y><time>undefined</time></pt><pt><x>1917</x><y>2677</y><time>undefined</time></pt><closed_date>14-10-20 13:37:18:684</closed_date></polygon></object></annotation>