<annotation><filename>m1_s01_017_p_ic071.jpg</filename><folder>users/joselusava//santiago</folder><source><submittedBy>Jose Saca</submittedBy></source><imagesize><nrows>3200</nrows><ncols>4800</ncols></imagesize><object><name>m1_s01_017_p_ic071</name><deleted>0</deleted><verified>0</verified><occluded>no</occluded><attributes></attributes><parts><hasparts></hasparts><ispartof></ispartof></parts><date>10-09-20 22:52:12:384</date><id>0</id><type>bounding_box</type><polygon><username>anonymous</username><pt><x>1317</x><y>835</y><time>10-09-20 22:51:56:891</time></pt><pt><x>3063</x><y>835</y><time>10-09-20 22:51:59:582</time></pt><pt><x>3063</x><y>2347</y><time>undefined</time></pt><pt><x>1317</x><y>2347</y><time>undefined</time></pt><closed_date>10-09-20 22:51:59:583</closed_date></polygon></object></annotation>