<annotation><filename>m1_s01_004_p_nic075.jpg</filename><folder>users/joselusava//valeria_apoyo/sala01_004_nic</folder><source><submittedBy>Jose Saca</submittedBy></source><imagesize><nrows>3200</nrows><ncols>4800</ncols></imagesize><object><name>m1_s01_004_p_nic075</name><deleted>0</deleted><verified>0</verified><occluded>no</occluded><attributes></attributes><parts><hasparts></hasparts><ispartof></ispartof></parts><date>17-09-20 20:04:07:667</date><id>0</id><type>bounding_box</type><polygon><username>anonymous</username><pt><x>321</x><y>2000</y><time>17-09-20 20:04:01:146</time></pt><pt><x>3055</x><y>2000</y><time>17-09-20 20:04:03:125</time></pt><pt><x>3055</x><y>1188</y><time>undefined</time></pt><pt><x>321</x><y>1188</y><time>undefined</time></pt><closed_date>17-09-20 20:04:03:127</closed_date></polygon></object></annotation>