<annotation><filename>m3_s01_010_p_nic046.jpg</filename><folder>users/joselusava//m4_js/m3/10/nic</folder><source><submittedBy>Jose Saca</submittedBy></source><imagesize><nrows>2970</nrows><ncols>4451</ncols></imagesize><object><name>m3_s01_010_p_nic046</name><deleted>0</deleted><verified>0</verified><occluded>no</occluded><attributes></attributes><parts><hasparts></hasparts><ispartof></ispartof></parts><date>29-10-20 14:09:48:475</date><id>0</id><type>bounding_box</type><polygon><username>anonymous</username><pt><x>31</x><y>2608</y><time>29-10-20 14:09:45:599</time></pt><pt><x>2464</x><y>2608</y><time>29-10-20 14:09:47:534</time></pt><pt><x>2464</x><y>72</y><time>undefined</time></pt><pt><x>31</x><y>72</y><time>undefined</time></pt><closed_date>29-10-20 14:09:47:534</closed_date></polygon></object></annotation>