<annotation><filename>m4_s04_039_p_ic055.jpg</filename><folder>users/joselusava//santiago_2</folder><source><submittedBy>Jose Saca</submittedBy></source><imagesize><nrows>2970</nrows><ncols>4451</ncols></imagesize><object><name>m4_s04_039_p_ic055</name><deleted>0</deleted><verified>0</verified><occluded>no</occluded><attributes></attributes><parts><hasparts></hasparts><ispartof></ispartof></parts><date>20-10-20 22:01:15:612</date><id>0</id><type>bounding_box</type><polygon><username>anonymous</username><pt><x>1978</x><y>196</y><time>20-10-20 22:01:11:999</time></pt><pt><x>2670</x><y>196</y><time>20-10-20 22:01:13:616</time></pt><pt><x>2670</x><y>2695</y><time>undefined</time></pt><pt><x>1978</x><y>2695</y><time>undefined</time></pt><closed_date>20-10-20 22:01:13:618</closed_date></polygon></object></annotation>