<annotation><filename>m1_s01_021_p_nic056.jpg</filename><folder>users/joselusava//santiago</folder><source><submittedBy>Jose Saca</submittedBy></source><imagesize><nrows>3200</nrows><ncols>4800</ncols></imagesize><object><name>m1_s01_021_p_nic056</name><deleted>0</deleted><verified>0</verified><occluded>no</occluded><attributes></attributes><parts><hasparts></hasparts><ispartof></ispartof></parts><date>16-09-20 18:07:31:087</date><id>0</id><type>bounding_box</type><polygon><username>anonymous</username><pt><x>2667</x><y>472</y><time>16-09-20 18:07:24:372</time></pt><pt><x>3117</x><y>472</y><time>16-09-20 18:07:25:510</time></pt><pt><x>3117</x><y>1051</y><time>undefined</time></pt><pt><x>2667</x><y>1051</y><time>undefined</time></pt><closed_date>16-09-20 18:07:25:512</closed_date></polygon></object></annotation>