<annotation><filename>m2_s07_264_p_nic089.jpg</filename><folder>users/joselusava//valeria/sala7_264_nic</folder><source><submittedBy>Jose Saca</submittedBy></source><imagesize><nrows>2910</nrows><ncols>4361</ncols></imagesize><object><name>m2_s07_264_p_nic089</name><deleted>0</deleted><verified>0</verified><occluded>no</occluded><attributes></attributes><parts><hasparts></hasparts><ispartof></ispartof></parts><date>23-09-20 21:40:35:855</date><id>0</id><type>bounding_box</type><polygon><username>anonymous</username><pt><x>3913</x><y>2293</y><time>23-09-20 21:40:31:150</time></pt><pt><x>2364</x><y>2293</y><time>23-09-20 21:40:32:998</time></pt><pt><x>2364</x><y>474</y><time>undefined</time></pt><pt><x>3913</x><y>474</y><time>undefined</time></pt><closed_date>23-09-20 21:40:32:999</closed_date></polygon></object></annotation>