<annotation><filename>m3_s01_013_p_ic090.jpg</filename><folder>users/joselusava//valeria/m03_s01_13_ic</folder><source><submittedBy>Jose Saca</submittedBy></source><imagesize><nrows>2970</nrows><ncols>4451</ncols></imagesize><object><name>m3_s01_013_p_ic089</name><deleted>0</deleted><verified>0</verified><occluded>no</occluded><attributes></attributes><parts><hasparts></hasparts><ispartof></ispartof></parts><date>01-11-20 09:41:59:302</date><id>0</id><type>bounding_box</type><polygon><username>anonymous</username><pt><x>3952</x><y>2696</y><time>01-11-20 09:41:24:883</time></pt><pt><x>680</x><y>2696</y><time>01-11-20 09:41:29:029</time></pt><pt><x>680</x><y>69</y><time>undefined</time></pt><pt><x>3952</x><y>69</y><time>undefined</time></pt><closed_date>01-11-20 09:41:29:030</closed_date></polygon></object></annotation>