<annotation><filename>m1_s02_065_p_nic071.jpg</filename><folder>users/joselusava//valeria/sala2_065_nic</folder><source><submittedBy>Jose Saca</submittedBy></source><imagesize><nrows>2000</nrows><ncols>2992</ncols></imagesize><object><name>m1_s02_065_p_nic071</name><deleted>0</deleted><verified>0</verified><occluded>no</occluded><attributes></attributes><parts><hasparts></hasparts><ispartof></ispartof></parts><date>27-08-20 23:59:15:335</date><id>0</id><type>bounding_box</type><polygon><username>anonymous</username><pt><x>2782</x><y>775</y><time>27-08-20 23:59:07:068</time></pt><pt><x>1195</x><y>775</y><time>27-08-20 23:59:10:159</time></pt><pt><x>1195</x><y>221</y><time>undefined</time></pt><pt><x>2782</x><y>221</y><time>undefined</time></pt><closed_date>27-08-20 23:59:10:161</closed_date></polygon></object></annotation>