<annotation><filename>m1_s06_141_p_nic062.jpg</filename><folder>users/joselusava//jacob_2/141nic</folder><source><submittedBy>Jose Saca</submittedBy></source><imagesize><nrows>2736</nrows><ncols>4100</ncols></imagesize><object><name>m1_s06_141_p_nic062</name><deleted>0</deleted><verified>0</verified><occluded>no</occluded><attributes></attributes><parts><hasparts></hasparts><ispartof></ispartof></parts><date>05-09-20 19:54:49:183</date><id>0</id><type>bounding_box</type><polygon><username>anonymous</username><pt><x>2869</x><y>807</y><time>05-09-20 19:54:46:053</time></pt><pt><x>3701</x><y>807</y><time>05-09-20 19:54:48:443</time></pt><pt><x>3701</x><y>2290</y><time>undefined</time></pt><pt><x>2869</x><y>2290</y><time>undefined</time></pt><closed_date>05-09-20 19:54:48:443</closed_date></polygon></object></annotation>