<annotation><filename>m2_s01_024_p_ic058.jpg</filename><folder>users/joselusava//santiago</folder><source><submittedBy>Jose Saca</submittedBy></source><imagesize><nrows>2850</nrows><ncols>4271</ncols></imagesize><object><name>m2_s01_024_p_ic058</name><deleted>0</deleted><verified>0</verified><occluded>no</occluded><attributes></attributes><parts><hasparts></hasparts><ispartof></ispartof></parts><date>24-09-20 22:24:27:593</date><id>0</id><type>bounding_box</type><polygon><username>anonymous</username><pt><x>1148</x><y>77</y><time>24-09-20 22:24:18:505</time></pt><pt><x>2741</x><y>77</y><time>24-09-20 22:24:20:416</time></pt><pt><x>2741</x><y>2773</y><time>undefined</time></pt><pt><x>1148</x><y>2773</y><time>undefined</time></pt><closed_date>24-09-20 22:24:20:417</closed_date></polygon></object></annotation>