<annotation><filename>m1_s01_004_p_ic062.jpg</filename><folder>users/joselusava//valeria_apoyo/sala001_004ic_ok</folder><source><submittedBy>Jose Saca</submittedBy></source><imagesize><nrows>2000</nrows><ncols>2992</ncols></imagesize><object><name>m1_s01_004_p_ic062</name><deleted>0</deleted><verified>0</verified><occluded>no</occluded><attributes></attributes><parts><hasparts></hasparts><ispartof></ispartof></parts><date>16-09-20 00:50:33:818</date><id>0</id><type>bounding_box</type><polygon><username>anonymous</username><pt><x>2943</x><y>1606</y><time>16-09-20 00:50:18:229</time></pt><pt><x>492</x><y>1606</y><time>16-09-20 00:50:29:853</time></pt><pt><x>492</x><y>663</y><time>undefined</time></pt><pt><x>2943</x><y>663</y><time>undefined</time></pt><closed_date>16-09-20 00:50:29:854</closed_date></polygon></object></annotation>