<annotation><filename>m4_s04_039_p_ic095.jpg</filename><folder>users/joselusava//santiago_2</folder><source><submittedBy>Jose Saca</submittedBy></source><imagesize><nrows>2970</nrows><ncols>4451</ncols></imagesize><object><name>m4_s04_039_p_ic095</name><deleted>0</deleted><verified>0</verified><occluded>no</occluded><attributes></attributes><parts><hasparts></hasparts><ispartof></ispartof></parts><date>21-10-20 16:09:46:083</date><id>0</id><type>bounding_box</type><polygon><username>anonymous</username><pt><x>1706</x><y>378</y><time>21-10-20 16:09:42:444</time></pt><pt><x>2502</x><y>378</y><time>21-10-20 16:09:43:745</time></pt><pt><x>2502</x><y>2877</y><time>undefined</time></pt><pt><x>1706</x><y>2877</y><time>undefined</time></pt><closed_date>21-10-20 16:09:43:746</closed_date></polygon></object></annotation>