<annotation><filename>m2_s02_129_p_nic014.jpg</filename><folder>users/joselusava//m2_jsv/129/nic</folder><source><submittedBy>Jose Saca</submittedBy></source><imagesize><nrows>2910</nrows><ncols>4361</ncols></imagesize><object><name>m2_s02_129_p_nic014</name><deleted>0</deleted><verified>0</verified><occluded>no</occluded><attributes></attributes><parts><hasparts></hasparts><ispartof></ispartof></parts><date>24-09-20 19:48:09:552</date><id>0</id><type>bounding_box</type><polygon><username>anonymous</username><pt><x>1819</x><y>1210</y><time>24-09-20 19:48:07:766</time></pt><pt><x>722</x><y>1210</y><time>24-09-20 19:48:08:790</time></pt><pt><x>722</x><y>131</y><time>undefined</time></pt><pt><x>1819</x><y>131</y><time>undefined</time></pt><closed_date>24-09-20 19:48:08:790</closed_date></polygon></object></annotation>