<annotation><filename>m2_s01_001_p_nic006.jpg</filename><folder>users/joselusava//santiago</folder><source><submittedBy>Jose Saca</submittedBy></source><imagesize><nrows>2850</nrows><ncols>4271</ncols></imagesize><object><name>m2_s01_001_p_nic006</name><deleted>0</deleted><verified>0</verified><occluded>no</occluded><attributes></attributes><parts><hasparts></hasparts><ispartof></ispartof></parts><date>19-09-20 21:47:56:101</date><id>0</id><type>bounding_box</type><polygon><username>anonymous</username><pt><x>1728</x><y>202</y><time>19-09-20 21:47:45:881</time></pt><pt><x>3267</x><y>202</y><time>19-09-20 21:47:49:058</time></pt><pt><x>3267</x><y>1786</y><time>undefined</time></pt><pt><x>1728</x><y>1786</y><time>undefined</time></pt><closed_date>19-09-20 21:47:49:059</closed_date></polygon></object></annotation>