<annotation><filename>m3_s01_002_p_nic060.jpg</filename><folder>users/joselusava//santiago_3</folder><source><submittedBy>Jose Saca</submittedBy></source><imagesize><nrows>2970</nrows><ncols>4451</ncols></imagesize><object><name>m3_s01_002_p_nic060</name><deleted>0</deleted><verified>0</verified><occluded>no</occluded><attributes></attributes><parts><hasparts></hasparts><ispartof></ispartof></parts><date>29-10-20 20:53:25:481</date><id>0</id><type>bounding_box</type><polygon><username>anonymous</username><pt><x>2153</x><y>218</y><time>29-10-20 20:53:21:503</time></pt><pt><x>3684</x><y>218</y><time>29-10-20 20:53:23:060</time></pt><pt><x>3684</x><y>1942</y><time>undefined</time></pt><pt><x>2153</x><y>1942</y><time>undefined</time></pt><closed_date>29-10-20 20:53:23:061</closed_date></polygon></object></annotation>