<annotation><filename>m4_s10_157_p_ic028.jpg</filename><folder>users/joselusava//valeria/m04_s10_157_nic</folder><source><submittedBy>Jose Saca</submittedBy></source><imagesize><nrows>2970</nrows><ncols>4451</ncols></imagesize><object><name>m4_s10_157_p_nic028</name><deleted>0</deleted><verified>0</verified><occluded>no</occluded><attributes></attributes><parts><hasparts></hasparts><ispartof></ispartof></parts><date>12-10-20 19:26:12:646</date><id>0</id><type>bounding_box</type><polygon><username>anonymous</username><pt><x>602</x><y>2852</y><time>12-10-20 19:26:03:355</time></pt><pt><x>2346</x><y>2852</y><time>12-10-20 19:26:08:447</time></pt><pt><x>2346</x><y>804</y><time>undefined</time></pt><pt><x>602</x><y>804</y><time>undefined</time></pt><closed_date>12-10-20 19:26:08:448</closed_date></polygon></object></annotation>