<annotation><filename>m1_s02_052_p_nic033.jpg</filename><folder>users/joselusava//valeria/sala2_052_nic</folder><source><submittedBy>Jose Saca</submittedBy></source><imagesize><nrows>3200</nrows><ncols>4800</ncols></imagesize><object><name>m1_s02_052_p_nic033</name><deleted>0</deleted><verified>0</verified><occluded>no</occluded><attributes></attributes><parts><hasparts></hasparts><ispartof></ispartof></parts><date>27-08-20 15:14:59:763</date><id>0</id><type>bounding_box</type><polygon><username>anonymous</username><pt><x>2373</x><y>2685</y><time>27-08-20 15:14:53:422</time></pt><pt><x>864</x><y>2685</y><time>27-08-20 15:14:56:132</time></pt><pt><x>864</x><y>1482</y><time>undefined</time></pt><pt><x>2373</x><y>1482</y><time>undefined</time></pt><closed_date>27-08-20 15:14:56:133</closed_date></polygon></object></annotation>