<annotation><filename>m1_s01_004_p_nic070.jpg</filename><folder>users/joselusava//valeria_apoyo/sala01_004_nic</folder><source><submittedBy>Jose Saca</submittedBy></source><imagesize><nrows>3200</nrows><ncols>4800</ncols></imagesize><object><name>m1_s01_004_p_nic070</name><deleted>0</deleted><verified>0</verified><occluded>no</occluded><attributes></attributes><parts><hasparts></hasparts><ispartof></ispartof></parts><date>17-09-20 19:55:04:166</date><id>0</id><type>bounding_box</type><polygon><username>anonymous</username><pt><x>91</x><y>3109</y><time>17-09-20 19:54:58:388</time></pt><pt><x>3091</x><y>3109</y><time>17-09-20 19:55:00:327</time></pt><pt><x>3091</x><y>1976</y><time>undefined</time></pt><pt><x>91</x><y>1976</y><time>undefined</time></pt><closed_date>17-09-20 19:55:00:328</closed_date></polygon></object></annotation>