<annotation><filename>m4_s03_034_x.jpg</filename><folder>users/joselusava//kath/m4_x</folder><source><submittedBy>Jose Saca</submittedBy></source><imagesize><nrows>3899</nrows><ncols>5844</ncols></imagesize><object><name>m4_s03_034_x</name><deleted>0</deleted><verified>0</verified><occluded>no</occluded><attributes></attributes><parts><hasparts></hasparts><ispartof></ispartof></parts><date>24-10-20 12:16:49:430</date><id>0</id><polygon><username>anonymous</username><pt><x>1502</x><y>442</y><time>24-10-20 12:16:40:877</time></pt><pt><x>1539</x><y>3438</y><time>24-10-20 12:16:43:048</time></pt><pt><x>4246</x><y>3407</y><time>24-10-20 12:16:44:375</time></pt><pt><x>4208</x><y>397</y><time>24-10-20 12:16:45:627</time></pt><closed_date>24-10-20 12:16:46:971</closed_date></polygon></object></annotation>