<annotation><filename>m4_s04_037_p_ic063.jpg</filename><folder>users/joselusava//santiago_2</folder><source><submittedBy>Jose Saca</submittedBy></source><imagesize><nrows>2970</nrows><ncols>4451</ncols></imagesize><object><name>m4_s04_037_p_ic063</name><deleted>0</deleted><verified>0</verified><occluded>no</occluded><attributes></attributes><parts><hasparts></hasparts><ispartof></ispartof></parts><date>18-10-20 21:26:40:836</date><id>0</id><type>bounding_box</type><polygon><username>anonymous</username><pt><x>1600</x><y>244</y><time>18-10-20 21:26:36:288</time></pt><pt><x>3000</x><y>244</y><time>18-10-20 21:26:37:431</time></pt><pt><x>3000</x><y>2649</y><time>undefined</time></pt><pt><x>1600</x><y>2649</y><time>undefined</time></pt><closed_date>18-10-20 21:26:37:432</closed_date></polygon></object></annotation>