<annotation><filename>m4_s04_047_p_ic045.jpg</filename><folder>users/joselusava//kath/kath_m4_047</folder><source><submittedBy>Jose Saca</submittedBy></source><imagesize><nrows>2970</nrows><ncols>4451</ncols></imagesize><object><name>m4_s04_047_p_ic045</name><deleted>0</deleted><verified>0</verified><occluded>no</occluded><attributes></attributes><parts><hasparts></hasparts><ispartof></ispartof></parts><date>24-10-20 14:07:25:527</date><id>0</id><type>bounding_box</type><polygon><username>anonymous</username><pt><x>1715</x><y>290</y><time>24-10-20 14:07:11:872</time></pt><pt><x>2792</x><y>290</y><time>24-10-20 14:07:19:185</time></pt><pt><x>2792</x><y>2807</y><time>undefined</time></pt><pt><x>1715</x><y>2807</y><time>undefined</time></pt><closed_date>24-10-20 14:07:19:187</closed_date></polygon></object></annotation>