<annotation><filename>m4_s05_060_p_ic090.jpg</filename><folder>users/joselusava//m4_js/60/ic</folder><source><submittedBy>Jose Saca</submittedBy></source><imagesize><nrows>2910</nrows><ncols>4361</ncols></imagesize><object><name>m4_s05_060_p_ic090</name><deleted>0</deleted><verified>0</verified><occluded>no</occluded><attributes></attributes><parts><hasparts></hasparts><ispartof></ispartof></parts><date>13-10-20 16:08:35:105</date><id>0</id><type>bounding_box</type><polygon><username>anonymous</username><pt><x>4239</x><y>2437</y><time>13-10-20 16:08:28:646</time></pt><pt><x>70</x><y>2437</y><time>13-10-20 16:08:29:948</time></pt><pt><x>70</x><y>461</y><time>undefined</time></pt><pt><x>4239</x><y>461</y><time>undefined</time></pt><closed_date>13-10-20 16:08:29:948</closed_date></polygon></object></annotation>