<annotation><filename>m4_s11_178_p_ic073.jpg</filename><folder>users/joselusava//santiago_2</folder><source><submittedBy>Jose Saca</submittedBy></source><imagesize><nrows>2970</nrows><ncols>4451</ncols></imagesize><object><name>m4_s11_178_p_ic073</name><deleted>0</deleted><verified>0</verified><occluded>no</occluded><attributes></attributes><parts><hasparts></hasparts><ispartof></ispartof></parts><date>15-10-20 22:06:42:305</date><id>0</id><type>bounding_box</type><polygon><username>anonymous</username><pt><x>1285</x><y>875</y><time>15-10-20 22:06:39:184</time></pt><pt><x>2884</x><y>875</y><time>15-10-20 22:06:40:402</time></pt><pt><x>2884</x><y>2549</y><time>undefined</time></pt><pt><x>1285</x><y>2549</y><time>undefined</time></pt><closed_date>15-10-20 22:06:40:403</closed_date></polygon></object></annotation>