<annotation><filename>m2_s01_010_p_nic041.jpg</filename><folder>users/joselusava//santiago</folder><source><submittedBy>Jose Saca</submittedBy></source><imagesize><nrows>2850</nrows><ncols>4271</ncols></imagesize><object><name>m2_s01_010_p_nic041</name><deleted>0</deleted><verified>0</verified><occluded>no</occluded><attributes></attributes><parts><hasparts></hasparts><ispartof></ispartof></parts><date>22-09-20 20:36:38:210</date><id>0</id><type>bounding_box</type><polygon><username>anonymous</username><pt><x>2125</x><y>1613</y><time>22-09-20 20:36:30:525</time></pt><pt><x>3062</x><y>1613</y><time>22-09-20 20:36:31:936</time></pt><pt><x>3062</x><y>2488</y><time>undefined</time></pt><pt><x>2125</x><y>2488</y><time>undefined</time></pt><closed_date>22-09-20 20:36:31:937</closed_date></polygon></object></annotation>