<annotation><filename>m3_s01_018_p.jpg</filename><folder>users/joselusava//m4_js/18/ic</folder><source><submittedBy>Jose Saca</submittedBy></source><imagesize><nrows>2970</nrows><ncols>4451</ncols></imagesize><object><name>m3_s01_018_p</name><deleted>0</deleted><verified>0</verified><occluded>no</occluded><attributes></attributes><parts><hasparts></hasparts><ispartof></ispartof></parts><date>05-11-20 10:12:33:179</date><id>0</id><type>bounding_box</type><polygon><username>anonymous</username><pt><x>3099</x><y>2665</y><time>05-11-20 10:12:27:134</time></pt><pt><x>414</x><y>2665</y><time>05-11-20 10:12:29:056</time></pt><pt><x>414</x><y>141</y><time>undefined</time></pt><pt><x>3099</x><y>141</y><time>undefined</time></pt><closed_date>05-11-20 10:12:29:057</closed_date></polygon></object></annotation>