<annotation><filename>m4_s08_117_x.jpg</filename><folder>users/joselusava//kath/m4_x</folder><source><submittedBy>Jose Saca</submittedBy></source><imagesize><nrows>2970</nrows><ncols>4451</ncols></imagesize><object><name>m4_s08_117_x</name><deleted>0</deleted><verified>0</verified><occluded>no</occluded><attributes></attributes><parts><hasparts></hasparts><ispartof></ispartof></parts><date>21-10-20 11:25:47:598</date><id>0</id><type>bounding_box</type><polygon><username>anonymous</username><pt><x>1336</x><y>235</y><time>21-10-20 11:25:39:263</time></pt><pt><x>3172</x><y>235</y><time>21-10-20 11:25:41:202</time></pt><pt><x>3172</x><y>2586</y><time>undefined</time></pt><pt><x>1336</x><y>2586</y><time>undefined</time></pt><closed_date>21-10-20 11:25:41:203</closed_date></polygon></object></annotation>