<annotation><filename>m4_s05_052_p_nic089.jpg</filename><folder>users/joselusava//santiago_2</folder><source><submittedBy>Jose Saca</submittedBy></source><imagesize><nrows>2910</nrows><ncols>4361</ncols></imagesize><object><name>m4_s05_052_p_nic089</name><deleted>0</deleted><verified>0</verified><occluded>no</occluded><attributes></attributes><parts><hasparts></hasparts><ispartof></ispartof></parts><date>08-10-20 22:40:29:055</date><id>0</id><type>bounding_box</type><polygon><username>anonymous</username><pt><x>2598</x><y>679</y><time>08-10-20 22:40:25:635</time></pt><pt><x>3970</x><y>679</y><time>08-10-20 22:40:26:716</time></pt><pt><x>3970</x><y>2023</y><time>undefined</time></pt><pt><x>2598</x><y>2023</y><time>undefined</time></pt><closed_date>08-10-20 22:40:26:717</closed_date></polygon></object></annotation>