<annotation><filename>m2_s01_024_p_ic081.jpg</filename><folder>users/joselusava//santiago</folder><source><submittedBy>Jose Saca</submittedBy></source><imagesize><nrows>2850</nrows><ncols>4271</ncols></imagesize><object><name>m2_s01_024_p_ic081</name><deleted>0</deleted><verified>0</verified><occluded>no</occluded><attributes></attributes><parts><hasparts></hasparts><ispartof></ispartof></parts><date>24-09-20 22:57:05:570</date><id>0</id><type>bounding_box</type><polygon><username>anonymous</username><pt><x>1096</x><y>151</y><time>24-09-20 22:56:57:226</time></pt><pt><x>2927</x><y>151</y><time>24-09-20 22:56:59:303</time></pt><pt><x>2927</x><y>2831</y><time>undefined</time></pt><pt><x>1096</x><y>2831</y><time>undefined</time></pt><closed_date>24-09-20 22:56:59:304</closed_date></polygon></object></annotation>