<annotation><filename>m1_s06_144_p_nic069.jpg</filename><folder>users/joselusava//jacob_2/144nic</folder><source><submittedBy>Jose Saca</submittedBy></source><imagesize><nrows>2736</nrows><ncols>4100</ncols></imagesize><object><name>m1_s06_144_p_nic069</name><deleted>0</deleted><verified>0</verified><occluded>no</occluded><attributes></attributes><parts><hasparts></hasparts><ispartof></ispartof></parts><date>08-09-20 02:24:08:034</date><id>0</id><type>bounding_box</type><polygon><username>anonymous</username><pt><x>2864</x><y>2537</y><time>08-09-20 02:24:05:310</time></pt><pt><x>1277</x><y>2537</y><time>08-09-20 02:24:07:314</time></pt><pt><x>1277</x><y>1064</y><time>undefined</time></pt><pt><x>2864</x><y>1064</y><time>undefined</time></pt><closed_date>08-09-20 02:24:07:314</closed_date></polygon></object></annotation>