<annotation><filename>m1_s01_026_x.jpg</filename><folder>users/joselusava//santiago</folder><source><submittedBy>Jose Saca</submittedBy></source><imagesize><nrows>3200</nrows><ncols>4800</ncols></imagesize><object><name>m1_s01_026_x</name><deleted>0</deleted><verified>0</verified><occluded>no</occluded><attributes></attributes><parts><hasparts></hasparts><ispartof></ispartof></parts><date>09-09-20 19:18:36:098</date><id>0</id><type>bounding_box</type><polygon><username>anonymous</username><pt><x>899</x><y>240</y><time>09-09-20 19:18:24:146</time></pt><pt><x>3337</x><y>240</y><time>09-09-20 19:18:27:682</time></pt><pt><x>3337</x><y>2697</y><time>undefined</time></pt><pt><x>899</x><y>2697</y><time>undefined</time></pt><closed_date>09-09-20 19:18:27:684</closed_date></polygon></object></annotation>