<annotation><filename>m2_s01_058_p_nic061.jpg</filename><folder>users/joselusava//m2_jsv/58/nic</folder><source><submittedBy>Jose Saca</submittedBy></source><imagesize><nrows>2850</nrows><ncols>4271</ncols></imagesize><object><name>m2_s01_058_p_nic061</name><deleted>0</deleted><verified>0</verified><occluded>no</occluded><attributes></attributes><parts><hasparts></hasparts><ispartof></ispartof></parts><date>29-09-20 23:16:06:829</date><id>0</id><type>bounding_box</type><polygon><username>anonymous</username><pt><x>4049</x><y>1645</y><time>29-09-20 23:16:04:278</time></pt><pt><x>2719</x><y>1645</y><time>29-09-20 23:16:06:050</time></pt><pt><x>2719</x><y>622</y><time>undefined</time></pt><pt><x>4049</x><y>622</y><time>undefined</time></pt><closed_date>29-09-20 23:16:06:051</closed_date></polygon></object></annotation>