<annotation><filename>m2_s01_032_p_nic048.jpg</filename><folder>users/joselusava//santiago_2</folder><source><submittedBy>Jose Saca</submittedBy></source><imagesize><nrows>2850</nrows><ncols>4271</ncols></imagesize><object><name>m2_s01_032_p_nic048</name><deleted>0</deleted><verified>0</verified><occluded>no</occluded><attributes></attributes><parts><hasparts></hasparts><ispartof></ispartof></parts><date>30-09-20 20:47:12:858</date><id>0</id><type>bounding_box</type><polygon><username>anonymous</username><pt><x>2952</x><y>299</y><time>30-09-20 20:47:10:178</time></pt><pt><x>3708</x><y>299</y><time>30-09-20 20:47:10:982</time></pt><pt><x>3708</x><y>1272</y><time>undefined</time></pt><pt><x>2952</x><y>1272</y><time>undefined</time></pt><closed_date>30-09-20 20:47:10:984</closed_date></polygon></object></annotation>