<annotation><filename>m1_s02_052_p_ic099.jpg</filename><folder>users/joselusava//valeria/sala2_052_ic</folder><source><submittedBy>Jose Saca</submittedBy></source><imagesize><nrows>3200</nrows><ncols>4800</ncols></imagesize><object><name>m1_s02_052_p_ic099</name><deleted>0</deleted><verified>0</verified><occluded>no</occluded><attributes></attributes><parts><hasparts></hasparts><ispartof></ispartof></parts><date>25-08-20 20:34:51:246</date><id>0</id><type>bounding_box</type><polygon><username>anonymous</username><pt><x>1004</x><y>32</y><time>25-08-20 20:34:45:091</time></pt><pt><x>3066</x><y>32</y><time>25-08-20 20:34:48:072</time></pt><pt><x>3066</x><y>3157</y><time>undefined</time></pt><pt><x>1004</x><y>3157</y><time>undefined</time></pt><closed_date>25-08-20 20:34:48:073</closed_date></polygon></object></annotation>