<annotation><filename>m2_s03_201_p_nic100.jpg</filename><folder>users/joselusava//valeria/m2_sala03_201_nic</folder><source><submittedBy>Jose Saca</submittedBy></source><imagesize><nrows>2910</nrows><ncols>4361</ncols></imagesize><object><name>m2_s03_201_p_nic100</name><deleted>0</deleted><verified>0</verified><occluded>no</occluded><attributes></attributes><parts><hasparts></hasparts><ispartof></ispartof></parts><date>30-09-20 18:54:23:605</date><id>0</id><type>bounding_box</type><polygon><username>anonymous</username><pt><x>2105</x><y>2094</y><time>30-09-20 18:54:17:429</time></pt><pt><x>3615</x><y>2094</y><time>30-09-20 18:54:19:972</time></pt><pt><x>3615</x><y>99</y><time>undefined</time></pt><pt><x>2105</x><y>99</y><time>undefined</time></pt><closed_date>30-09-20 18:54:19:973</closed_date></polygon></object></annotation>