<annotation><filename>m1_s01_017_p_nic089.jpg</filename><folder>users/joselusava//santiago</folder><source><submittedBy>Jose Saca</submittedBy></source><imagesize><nrows>3200</nrows><ncols>4800</ncols></imagesize><object><name>m1_s01_017_p_nic089</name><deleted>0</deleted><verified>0</verified><occluded>no</occluded><attributes></attributes><parts><hasparts></hasparts><ispartof></ispartof></parts><date>11-09-20 20:03:28:079</date><id>0</id><type>bounding_box</type><polygon><username>anonymous</username><pt><x>508</x><y>1389</y><time>11-09-20 20:03:21:044</time></pt><pt><x>1105</x><y>1389</y><time>11-09-20 20:03:21:884</time></pt><pt><x>1105</x><y>1818</y><time>undefined</time></pt><pt><x>508</x><y>1818</y><time>undefined</time></pt><closed_date>11-09-20 20:03:21:886</closed_date></polygon></object></annotation>