<annotation><filename>m4_s10_164_p_nic009.jpg</filename><folder>users/joselusava//santiago_2</folder><source><submittedBy>Jose Saca</submittedBy></source><imagesize><nrows>2970</nrows><ncols>4451</ncols></imagesize><object><name>m4_s10_164_p_nic009</name><deleted>0</deleted><verified>0</verified><occluded>no</occluded><attributes></attributes><parts><hasparts></hasparts><ispartof></ispartof></parts><date>13-10-20 23:40:34:698</date><id>0</id><type>bounding_box</type><polygon><username>anonymous</username><pt><x>1674</x><y>268</y><time>13-10-20 23:40:31:557</time></pt><pt><x>2235</x><y>268</y><time>13-10-20 23:40:32:662</time></pt><pt><x>2235</x><y>957</y><time>undefined</time></pt><pt><x>1674</x><y>957</y><time>undefined</time></pt><closed_date>13-10-20 23:40:32:664</closed_date></polygon></object></annotation>