<annotation><filename>m4_s03_025_p_nic078.jpg</filename><folder>users/joselusava//santiago_3</folder><source><submittedBy>Jose Saca</submittedBy></source><imagesize><nrows>2910</nrows><ncols>4361</ncols></imagesize><object><name>m4_s03_025_p_nic078</name><deleted>0</deleted><verified>0</verified><occluded>no</occluded><attributes></attributes><parts><hasparts></hasparts><ispartof></ispartof></parts><date>08-11-20 14:07:07:704</date><id>0</id><type>bounding_box</type><polygon><username>anonymous</username><pt><x>294</x><y>773</y><time>08-11-20 14:07:04:341</time></pt><pt><x>3067</x><y>773</y><time>08-11-20 14:07:05:617</time></pt><pt><x>3067</x><y>2245</y><time>undefined</time></pt><pt><x>294</x><y>2245</y><time>undefined</time></pt><closed_date>08-11-20 14:07:05:619</closed_date></polygon></object></annotation>