<annotation><filename>m1_s06_144_p_ic077.jpg</filename><folder>users/joselusava//jacob_2/144ic</folder><source><submittedBy>Jose Saca</submittedBy></source><imagesize><nrows>2736</nrows><ncols>4100</ncols></imagesize><object><name>m1_s06_144_p_ic077</name><deleted>0</deleted><verified>0</verified><occluded>no</occluded><attributes></attributes><parts><hasparts></hasparts><ispartof></ispartof></parts><date>08-09-20 01:38:53:257</date><id>0</id><type>bounding_box</type><polygon><username>anonymous</username><pt><x>532</x><y>2439</y><time>08-09-20 01:38:50:503</time></pt><pt><x>3192</x><y>2439</y><time>08-09-20 01:38:52:580</time></pt><pt><x>3192</x><y>172</y><time>undefined</time></pt><pt><x>532</x><y>172</y><time>undefined</time></pt><closed_date>08-09-20 01:38:52:580</closed_date></polygon></object></annotation>