<annotation><filename>m1_s01_001_p_nic093.jpg</filename><folder>users/joselusava//juancarlos</folder><source><submittedBy>Jose Saca</submittedBy></source><imagesize><nrows>3200</nrows><ncols>4800</ncols></imagesize><object><name>m1_s01_001_p_nic093</name><deleted>0</deleted><verified>0</verified><occluded>no</occluded><attributes></attributes><parts><hasparts></hasparts><ispartof></ispartof></parts><date>12-09-20 07:50:45:661</date><id>0</id><type>bounding_box</type><polygon><username>anonymous</username><pt><x>643</x><y>1963</y><time>12-09-20 07:50:32:761</time></pt><pt><x>2013</x><y>1963</y><time>12-09-20 07:50:36:605</time></pt><pt><x>2013</x><y>2756</y><time>undefined</time></pt><pt><x>643</x><y>2756</y><time>undefined</time></pt><closed_date>12-09-20 07:50:36:607</closed_date></polygon></object></annotation>