<annotation><filename>m1_s01_017_p_nic002.jpg</filename><folder>users/joselusava//santiago</folder><source><submittedBy>Jose Saca</submittedBy></source><imagesize><nrows>3200</nrows><ncols>4800</ncols></imagesize><object><name>m1_s01_017_p_nic002</name><deleted>0</deleted><verified>0</verified><occluded>no</occluded><attributes></attributes><parts><hasparts></hasparts><ispartof></ispartof></parts><date>11-09-20 18:15:51:578</date><id>0</id><type>bounding_box</type><polygon><username>anonymous</username><pt><x>3596</x><y>1775</y><time>11-09-20 18:15:41:841</time></pt><pt><x>4143</x><y>1775</y><time>11-09-20 18:15:44:438</time></pt><pt><x>4143</x><y>2145</y><time>undefined</time></pt><pt><x>3596</x><y>2145</y><time>undefined</time></pt><closed_date>11-09-20 18:15:44:439</closed_date></polygon></object></annotation>