<annotation><filename>m4_s04_045_p_nic073.jpg</filename><folder>users/joselusava//valeria/m04_s04_45_nic</folder><source><submittedBy>Jose Saca</submittedBy></source><imagesize><nrows>2970</nrows><ncols>4451</ncols></imagesize><object><name>m4_s04_045_p_nic073</name><deleted>0</deleted><verified>0</verified><occluded>no</occluded><attributes></attributes><parts><hasparts></hasparts><ispartof></ispartof></parts><date>20-10-20 15:32:53:110</date><id>0</id><type>bounding_box</type><polygon><username>anonymous</username><pt><x>554</x><y>2507</y><time>20-10-20 15:32:43:477</time></pt><pt><x>1005</x><y>2507</y><time>20-10-20 15:32:49:817</time></pt><pt><x>1005</x><y>1685</y><time>undefined</time></pt><pt><x>554</x><y>1685</y><time>undefined</time></pt><closed_date>20-10-20 15:32:49:818</closed_date></polygon></object></annotation>