<annotation><filename>m4_s02_015_p_ic060.jpg</filename><folder>users/joselusava//m4_js/15ic</folder><source><submittedBy>Jose Saca</submittedBy></source><imagesize><nrows>2910</nrows><ncols>4361</ncols></imagesize><object><name>m4_s02_015_p_ic060</name><deleted>0</deleted><verified>0</verified><occluded>no</occluded><attributes></attributes><parts><hasparts></hasparts><ispartof></ispartof></parts><date>03-10-20 19:30:15:199</date><id>0</id><type>bounding_box</type><polygon><username>anonymous</username><pt><x>1462</x><y>2394</y><time>03-10-20 19:30:13:293</time></pt><pt><x>3195</x><y>2394</y><time>03-10-20 19:30:14:541</time></pt><pt><x>3195</x><y>305</y><time>undefined</time></pt><pt><x>1462</x><y>305</y><time>undefined</time></pt><closed_date>03-10-20 19:30:14:542</closed_date></polygon></object></annotation>