<annotation><filename>m3_s01_010_p_nic092.jpg</filename><folder>users/joselusava//m4_js/m3/10/nic</folder><source><submittedBy>Jose Saca</submittedBy></source><imagesize><nrows>2970</nrows><ncols>4451</ncols></imagesize><object><name>m3_s01_010_p_nic092</name><deleted>0</deleted><verified>0</verified><occluded>no</occluded><attributes></attributes><parts><hasparts></hasparts><ispartof></ispartof></parts><date>29-10-20 14:46:14:714</date><id>0</id><type>bounding_box</type><polygon><username>anonymous</username><pt><x>4441</x><y>2971</y><time>29-10-20 14:46:11:491</time></pt><pt><x>1418</x><y>2971</y><time>29-10-20 14:46:13:668</time></pt><pt><x>1418</x><y>487</y><time>undefined</time></pt><pt><x>4441</x><y>487</y><time>undefined</time></pt><closed_date>29-10-20 14:46:13:669</closed_date></polygon></object></annotation>