<annotation><filename>m1_s02_052_p_nic076.jpg</filename><folder>users/joselusava//valeria/sala2_052_nic</folder><source><submittedBy>Jose Saca</submittedBy></source><imagesize><nrows>3200</nrows><ncols>4800</ncols></imagesize><object><name>m1_s02_052_p_nic076</name><deleted>0</deleted><verified>0</verified><occluded>no</occluded><attributes></attributes><parts><hasparts></hasparts><ispartof></ispartof></parts><date>27-08-20 17:12:06:832</date><id>0</id><type>bounding_box</type><polygon><username>anonymous</username><pt><x>3399</x><y>1804</y><time>27-08-20 17:12:01:211</time></pt><pt><x>1868</x><y>1804</y><time>27-08-20 17:12:03:094</time></pt><pt><x>1868</x><y>3114</y><time>undefined</time></pt><pt><x>3399</x><y>3114</y><time>undefined</time></pt><closed_date>27-08-20 17:12:03:095</closed_date></polygon></object></annotation>