<annotation><filename>m2_s01_010_p_nic036.jpg</filename><folder>users/joselusava//santiago</folder><source><submittedBy>Jose Saca</submittedBy></source><imagesize><nrows>2850</nrows><ncols>4271</ncols></imagesize><object><name>m2_s01_010_p_nic036</name><deleted>0</deleted><verified>0</verified><occluded>no</occluded><attributes></attributes><parts><hasparts></hasparts><ispartof></ispartof></parts><date>22-09-20 20:31:05:345</date><id>0</id><type>bounding_box</type><polygon><username>anonymous</username><pt><x>817</x><y>1635</y><time>22-09-20 20:30:57:772</time></pt><pt><x>1754</x><y>1635</y><time>22-09-20 20:30:59:330</time></pt><pt><x>1754</x><y>2539</y><time>undefined</time></pt><pt><x>817</x><y>2539</y><time>undefined</time></pt><closed_date>22-09-20 20:30:59:331</closed_date></polygon></object></annotation>