<annotation><filename>img_m1_s03-04_101_p_nic099.jpg</filename><folder>users/joselusava//valeria/sala3y4_101_nic</folder><source><submittedBy>Jose Saca</submittedBy></source><imagesize><nrows>3200</nrows><ncols>4800</ncols></imagesize><object><name>m1_s03_s04_101_p_nic099</name><deleted>0</deleted><verified>0</verified><occluded>no</occluded><attributes></attributes><parts><hasparts></hasparts><ispartof></ispartof></parts><date>30-08-20 01:38:26:478</date><id>0</id><type>bounding_box</type><polygon><username>anonymous</username><pt><x>4697</x><y>3194</y><time>30-08-20 01:38:20:061</time></pt><pt><x>1061</x><y>3194</y><time>30-08-20 01:38:22:428</time></pt><pt><x>1061</x><y>1915</y><time>undefined</time></pt><pt><x>4697</x><y>1915</y><time>undefined</time></pt><closed_date>30-08-20 01:38:22:429</closed_date></polygon></object></annotation>