<annotation><filename>m1_s01_017_p_ic083.jpg</filename><folder>users/joselusava//santiago</folder><source><submittedBy>Jose Saca</submittedBy></source><imagesize><nrows>3200</nrows><ncols>4800</ncols></imagesize><object><name>m1_s01_017_p_ic083</name><deleted>0</deleted><verified>0</verified><occluded>no</occluded><attributes></attributes><parts><hasparts></hasparts><ispartof></ispartof></parts><date>10-09-20 23:07:56:278</date><id>0</id><type>bounding_box</type><polygon><username>anonymous</username><pt><x>1299</x><y>493</y><time>10-09-20 23:07:45:026</time></pt><pt><x>2941</x><y>493</y><time>10-09-20 23:07:47:510</time></pt><pt><x>2941</x><y>2055</y><time>undefined</time></pt><pt><x>1299</x><y>2055</y><time>undefined</time></pt><closed_date>10-09-20 23:07:47:511</closed_date></polygon></object></annotation>