<annotation><filename>m4_s02_015_p_nic037.jpg</filename><folder>users/joselusava//m4_js/15nic</folder><source><submittedBy>Jose Saca</submittedBy></source><imagesize><nrows>2910</nrows><ncols>4361</ncols></imagesize><object><name>m4_s02_015_p_nic037</name><deleted>0</deleted><verified>0</verified><occluded>no</occluded><attributes></attributes><parts><hasparts></hasparts><ispartof></ispartof></parts><date>06-10-20 19:55:52:477</date><id>0</id><type>bounding_box</type><polygon><username>anonymous</username><pt><x>4265</x><y>2463</y><time>06-10-20 19:55:50:886</time></pt><pt><x>2716</x><y>2463</y><time>06-10-20 19:55:51:887</time></pt><pt><x>2716</x><y>897</y><time>undefined</time></pt><pt><x>4265</x><y>897</y><time>undefined</time></pt><closed_date>06-10-20 19:55:51:888</closed_date></polygon></object></annotation>