<annotation><filename>m2_s02_190_p_nic075.jpg</filename><folder>users/joselusava//m2_jsv/190/nic</folder><source><submittedBy>Jose Saca</submittedBy></source><imagesize><nrows>2910</nrows><ncols>4361</ncols></imagesize><object><name>m2_s02_190_p_nic075</name><deleted>0</deleted><verified>0</verified><occluded>no</occluded><attributes></attributes><parts><hasparts></hasparts><ispartof></ispartof></parts><date>21-09-20 15:18:37:325</date><id>0</id><type>bounding_box</type><polygon><username>anonymous</username><pt><x>2072</x><y>1341</y><time>21-09-20 15:18:34:750</time></pt><pt><x>1201</x><y>1341</y><time>21-09-20 15:18:36:203</time></pt><pt><x>1201</x><y>392</y><time>undefined</time></pt><pt><x>2072</x><y>392</y><time>undefined</time></pt><closed_date>21-09-20 15:18:36:203</closed_date></polygon></object></annotation>