<annotation><filename>img_m1_s03-04_101_p_nic063.jpg</filename><folder>users/joselusava//valeria/sala3y4_101_nic</folder><source><submittedBy>Jose Saca</submittedBy></source><imagesize><nrows>3200</nrows><ncols>4800</ncols></imagesize><object><name>m1_s03_s04_101_p_nic063</name><deleted>0</deleted><verified>0</verified><occluded>no</occluded><attributes></attributes><parts><hasparts></hasparts><ispartof></ispartof></parts><date>30-08-20 00:26:05:023</date><id>0</id><type>bounding_box</type><polygon><username>anonymous</username><pt><x>4364</x><y>2248</y><time>30-08-20 00:25:59:195</time></pt><pt><x>1994</x><y>2248</y><time>30-08-20 00:26:01:573</time></pt><pt><x>1994</x><y>909</y><time>undefined</time></pt><pt><x>4364</x><y>909</y><time>undefined</time></pt><closed_date>30-08-20 00:26:01:574</closed_date></polygon></object></annotation>