<annotation><filename>m1_s02_065_p_nic048.jpg</filename><folder>users/joselusava//valeria/sala2_065_nic</folder><source><submittedBy>Jose Saca</submittedBy></source><imagesize><nrows>2000</nrows><ncols>2992</ncols></imagesize><object><name>m1_s02_065_p_nic048</name><deleted>0</deleted><verified>0</verified><occluded>no</occluded><attributes></attributes><parts><hasparts></hasparts><ispartof></ispartof></parts><date>27-08-20 23:10:29:446</date><id>0</id><type>bounding_box</type><polygon><username>anonymous</username><pt><x>1819</x><y>1530</y><time>27-08-20 23:10:24:095</time></pt><pt><x>154</x><y>1530</y><time>27-08-20 23:10:26:099</time></pt><pt><x>154</x><y>762</y><time>undefined</time></pt><pt><x>1819</x><y>762</y><time>undefined</time></pt><closed_date>27-08-20 23:10:26:100</closed_date></polygon></object></annotation>