<annotation><filename>m4_s05_060_p_ic075.jpg</filename><folder>users/joselusava//m4_js/60/ic</folder><source><submittedBy>Jose Saca</submittedBy></source><imagesize><nrows>2910</nrows><ncols>4361</ncols></imagesize><object><name>m4_s05_060_p_ic076</name><deleted>0</deleted><verified>0</verified><occluded>no</occluded><attributes></attributes><parts><hasparts></hasparts><ispartof></ispartof></parts><date>13-10-20 16:02:51:833</date><id>0</id><type>bounding_box</type><polygon><username>anonymous</username><pt><x>87</x><y>2385</y><time>13-10-20 16:02:49:718</time></pt><pt><x>4187</x><y>2385</y><time>13-10-20 16:02:51:127</time></pt><pt><x>4187</x><y>505</y><time>undefined</time></pt><pt><x>87</x><y>505</y><time>undefined</time></pt><closed_date>13-10-20 16:02:51:127</closed_date></polygon></object></annotation>