<annotation><filename>m1_s01_004_p_ic030.jpg</filename><folder>users/joselusava//valeria_apoyo/sala001_004ic_ok</folder><source><submittedBy>Jose Saca</submittedBy></source><imagesize><nrows>2000</nrows><ncols>2992</ncols></imagesize><object><name>m1_s01_004_p_ic030</name><deleted>0</deleted><verified>0</verified><occluded>no</occluded><attributes></attributes><parts><hasparts></hasparts><ispartof></ispartof></parts><date>15-09-20 22:56:48:452</date><id>0</id><type>bounding_box</type><polygon><username>anonymous</username><pt><x>2409</x><y>470</y><time>15-09-20 22:54:42:127</time></pt><pt><x>242</x><y>470</y><time>15-09-20 22:54:44:670</time></pt><pt><x>242</x><y>1674</y><time>undefined</time></pt><pt><x>2409</x><y>1674</y><time>undefined</time></pt><closed_date>15-09-20 22:54:44:671</closed_date></polygon></object></annotation>