<annotation><filename>m4_s10_164_p_nic053.jpg</filename><folder>users/joselusava//santiago_2</folder><source><submittedBy>Jose Saca</submittedBy></source><imagesize><nrows>2970</nrows><ncols>4451</ncols></imagesize><object><name>m4_s10_164_p_nic053</name><deleted>0</deleted><verified>0</verified><occluded>no</occluded><attributes></attributes><parts><hasparts></hasparts><ispartof></ispartof></parts><date>14-10-20 11:29:02:792</date><id>0</id><type>bounding_box</type><polygon><username>anonymous</username><pt><x>1199</x><y>1881</y><time>14-10-20 11:28:58:519</time></pt><pt><x>1581</x><y>1881</y><time>14-10-20 11:28:59:495</time></pt><pt><x>1581</x><y>2527</y><time>undefined</time></pt><pt><x>1199</x><y>2527</y><time>undefined</time></pt><closed_date>14-10-20 11:28:59:496</closed_date></polygon></object></annotation>