<annotation><filename>m4_s10_154_p_ic068.jpg</filename><folder>users/joselusava//valeria/m04_s10_154_ic</folder><source><submittedBy>Jose Saca</submittedBy></source><imagesize><nrows>2970</nrows><ncols>4451</ncols></imagesize><object><name>m4_s10_154_p_ic068</name><deleted>0</deleted><verified>0</verified><occluded>no</occluded><attributes></attributes><parts><hasparts></hasparts><ispartof></ispartof></parts><date>13-10-20 22:43:50:205</date><id>0</id><type>bounding_box</type><polygon><username>anonymous</username><pt><x>2856</x><y>2644</y><time>13-10-20 22:43:44:259</time></pt><pt><x>1416</x><y>2644</y><time>13-10-20 22:43:46:822</time></pt><pt><x>1416</x><y>137</y><time>undefined</time></pt><pt><x>2856</x><y>137</y><time>undefined</time></pt><closed_date>13-10-20 22:43:46:823</closed_date></polygon></object></annotation>