<annotation><filename>m1_s01_005_p_nic038.jpg</filename><folder>users/joselusava//museos2020</folder><source><submittedBy>Jose Saca</submittedBy></source><imagesize><nrows>2000</nrows><ncols>2992</ncols></imagesize><object><name>m1_s01_005_p_nic038</name><deleted>0</deleted><verified>0</verified><occluded>no</occluded><attributes></attributes><parts><hasparts></hasparts><ispartof></ispartof></parts><date>14-09-20 11:02:26:151</date><id>0</id><type>bounding_box</type><polygon><username>anonymous</username><pt><x>2089</x><y>374</y><time>14-09-20 11:02:13:856</time></pt><pt><x>2399</x><y>374</y><time>14-09-20 11:02:15:741</time></pt><pt><x>2399</x><y>764</y><time>undefined</time></pt><pt><x>2089</x><y>764</y><time>undefined</time></pt><closed_date>14-09-20 11:02:15:742</closed_date></polygon></object></annotation>