<annotation><filename>m1_s06_144_p_ic080.jpg</filename><folder>users/joselusava//jacob_2/144ic</folder><source><submittedBy>Jose Saca</submittedBy></source><imagesize><nrows>2736</nrows><ncols>4100</ncols></imagesize><object><name>m1_s06_144_p_ic080</name><deleted>0</deleted><verified>0</verified><occluded>no</occluded><attributes></attributes><parts><hasparts></hasparts><ispartof></ispartof></parts><date>08-09-20 01:40:45:402</date><id>0</id><type>bounding_box</type><polygon><username>anonymous</username><pt><x>737</x><y>2602</y><time>08-09-20 01:40:42:347</time></pt><pt><x>3535</x><y>2602</y><time>08-09-20 01:40:44:463</time></pt><pt><x>3535</x><y>409</y><time>undefined</time></pt><pt><x>737</x><y>409</y><time>undefined</time></pt><closed_date>08-09-20 01:40:44:463</closed_date></polygon></object></annotation>