<annotation><filename>m2_s01_010_p_nic082.jpg</filename><folder>users/joselusava//santiago</folder><source><submittedBy>Jose Saca</submittedBy></source><imagesize><nrows>2850</nrows><ncols>4271</ncols></imagesize><object><name>m2_s01_010_p_nic082</name><deleted>0</deleted><verified>0</verified><occluded>no</occluded><attributes></attributes><parts><hasparts></hasparts><ispartof></ispartof></parts><date>22-09-20 21:37:17:489</date><id>0</id><type>bounding_box</type><polygon><username>anonymous</username><pt><x>365</x><y>885</y><time>22-09-20 21:37:12:982</time></pt><pt><x>1029</x><y>885</y><time>22-09-20 21:37:14:249</time></pt><pt><x>1029</x><y>1475</y><time>undefined</time></pt><pt><x>365</x><y>1475</y><time>undefined</time></pt><closed_date>22-09-20 21:37:14:250</closed_date></polygon></object></annotation>