<annotation><filename>m2_s01_058_p_nic006.jpg</filename><folder>users/joselusava//m2_jsv/58/nic</folder><source><submittedBy>Jose Saca</submittedBy></source><imagesize><nrows>2850</nrows><ncols>4271</ncols></imagesize><object><name>m2_s01_058_p_nic006</name><deleted>0</deleted><verified>0</verified><occluded>no</occluded><attributes></attributes><parts><hasparts></hasparts><ispartof></ispartof></parts><date>29-09-20 21:13:28:482</date><id>0</id><type>bounding_box</type><polygon><username>anonymous</username><pt><x>1910</x><y>60</y><time>29-09-20 21:13:26:412</time></pt><pt><x>3870</x><y>60</y><time>29-09-20 21:13:27:755</time></pt><pt><x>3870</x><y>1432</y><time>undefined</time></pt><pt><x>1910</x><y>1432</y><time>undefined</time></pt><closed_date>29-09-20 21:13:27:756</closed_date></polygon></object></annotation>