<annotation><filename>m4_s03_025_p_ic041.jpg</filename><folder>users/joselusava//m4_js/m3/25</folder><source><submittedBy>Jose Saca</submittedBy></source><imagesize><nrows>2910</nrows><ncols>4361</ncols></imagesize><object><name>m4_s03_025_p_ic041</name><deleted>0</deleted><verified>0</verified><occluded>no</occluded><attributes></attributes><parts><hasparts></hasparts><ispartof></ispartof></parts><date>09-11-20 11:05:43:981</date><id>0</id><type>bounding_box</type><polygon><username>anonymous</username><pt><x>3987</x><y>496</y><time>09-11-20 11:05:41:819</time></pt><pt><x>418</x><y>496</y><time>09-11-20 11:05:43:259</time></pt><pt><x>418</x><y>2498</y><time>undefined</time></pt><pt><x>3987</x><y>2498</y><time>undefined</time></pt><closed_date>09-11-20 11:05:43:259</closed_date></polygon></object></annotation>