<annotation><filename>m2_s01_034_p_ic053.jpg</filename><folder>users/joselusava//kath</folder><source><submittedBy>Jose Saca</submittedBy></source><imagesize><nrows>2850</nrows><ncols>4271</ncols></imagesize><object><name>m2_s01_034_p_ic053</name><deleted>0</deleted><verified>0</verified><occluded>no</occluded><attributes></attributes><parts><hasparts></hasparts><ispartof></ispartof></parts><date>25-09-20 16:09:37:812</date><id>0</id><polygon><username>anonymous</username><pt><x>1289</x><y>165</y><time>25-09-20 16:09:26:747</time></pt><pt><x>1318</x><y>2778</y><time>25-09-20 16:09:28:272</time></pt><pt><x>2993</x><y>2735</y><time>25-09-20 16:09:30:164</time></pt><pt><x>2886</x><y>107</y><time>25-09-20 16:09:31:936</time></pt><closed_date>25-09-20 16:09:33:417</closed_date></polygon></object></annotation>