<annotation><filename>m2_s01_058_p_ic069.jpg</filename><folder>users/joselusava//m2_jsv/58/ic</folder><source><submittedBy>Jose Saca</submittedBy></source><imagesize><nrows>2850</nrows><ncols>4271</ncols></imagesize><object><name>m2_s01_058_p_ic069</name><deleted>0</deleted><verified>0</verified><occluded>no</occluded><attributes></attributes><parts><hasparts></hasparts><ispartof></ispartof></parts><date>29-09-20 13:36:05:301</date><id>0</id><type>bounding_box</type><polygon><username>anonymous</username><pt><x>3991</x><y>161</y><time>29-09-20 13:35:59:772</time></pt><pt><x>459</x><y>161</y><time>29-09-20 13:36:03:693</time></pt><pt><x>459</x><y>2802</y><time>undefined</time></pt><pt><x>3991</x><y>2802</y><time>undefined</time></pt><closed_date>29-09-20 13:36:03:694</closed_date></polygon></object></annotation>