<annotation><filename>m4_s11_178_p_ic018.jpg</filename><folder>users/joselusava//santiago_2</folder><source><submittedBy>Jose Saca</submittedBy></source><imagesize><nrows>2970</nrows><ncols>4451</ncols></imagesize><object><name>m4_s11_178_p_ic018</name><deleted>0</deleted><verified>0</verified><occluded>no</occluded><attributes></attributes><parts><hasparts></hasparts><ispartof></ispartof></parts><date>15-10-20 20:52:40:847</date><id>0</id><type>bounding_box</type><polygon><username>anonymous</username><pt><x>1524</x><y>753</y><time>15-10-20 20:52:36:566</time></pt><pt><x>2877</x><y>753</y><time>15-10-20 20:52:38:258</time></pt><pt><x>2877</x><y>2163</y><time>undefined</time></pt><pt><x>1524</x><y>2163</y><time>undefined</time></pt><closed_date>15-10-20 20:52:38:260</closed_date></polygon></object></annotation>