<annotation><filename>m1_s01_004_p_ic037.jpg</filename><folder>users/joselusava//valeria_apoyo/sala001_004ic_ok</folder><source><submittedBy>Jose Saca</submittedBy></source><imagesize><nrows>2000</nrows><ncols>2992</ncols></imagesize><object><name>m1_s01_004_p_ic037</name><deleted>0</deleted><verified>0</verified><occluded>no</occluded><attributes></attributes><parts><hasparts></hasparts><ispartof></ispartof></parts><date>15-09-20 23:22:27:797</date><id>0</id><type>bounding_box</type><polygon><username>anonymous</username><pt><x>114</x><y>1966</y><time>15-09-20 23:22:18:317</time></pt><pt><x>2557</x><y>1966</y><time>15-09-20 23:22:22:385</time></pt><pt><x>2557</x><y>591</y><time>undefined</time></pt><pt><x>114</x><y>591</y><time>undefined</time></pt><closed_date>15-09-20 23:22:22:387</closed_date></polygon></object></annotation>