<annotation><filename>m2_s01_056_p_ic030.jpg</filename><folder>users/joselusava//m2_jsv/56/ic</folder><source><submittedBy>Jose Saca</submittedBy></source><imagesize><nrows>2850</nrows><ncols>4271</ncols></imagesize><object><name>m2_s01_056_p_ic030</name><deleted>0</deleted><verified>0</verified><occluded>no</occluded><attributes></attributes><parts><hasparts></hasparts><ispartof></ispartof></parts><date>28-09-20 21:35:33:082</date><id>0</id><type>bounding_box</type><polygon><username>anonymous</username><pt><x>3108</x><y>2505</y><time>28-09-20 21:35:30:757</time></pt><pt><x>1053</x><y>2505</y><time>28-09-20 21:35:32:175</time></pt><pt><x>1053</x><y>25</y><time>undefined</time></pt><pt><x>3108</x><y>25</y><time>undefined</time></pt><closed_date>28-09-20 21:35:32:175</closed_date></polygon></object></annotation>