<annotation><filename>m3_s01_013_p_nic011.jpg</filename><folder>users/joselusava//valeria/m03_s01_13_nic</folder><source><submittedBy>Jose Saca</submittedBy></source><imagesize><nrows>2970</nrows><ncols>4451</ncols></imagesize><object><name>m3_s01_013_p_nic011</name><deleted>0</deleted><verified>0</verified><occluded>no</occluded><attributes></attributes><parts><hasparts></hasparts><ispartof></ispartof></parts><date>06-11-20 21:02:01:531</date><id>0</id><type>bounding_box</type><polygon><username>anonymous</username><pt><x>291</x><y>2228</y><time>06-11-20 21:01:55:379</time></pt><pt><x>3113</x><y>2228</y><time>06-11-20 21:01:58:555</time></pt><pt><x>3113</x><y>154</y><time>undefined</time></pt><pt><x>291</x><y>154</y><time>undefined</time></pt><closed_date>06-11-20 21:01:58:556</closed_date></polygon></object></annotation>