<annotation><filename>m4_s04_047_p_ic011.jpg</filename><folder>users/joselusava//kath/kath_m4_047</folder><source><submittedBy>Jose Saca</submittedBy></source><imagesize><nrows>2970</nrows><ncols>4451</ncols></imagesize><object><name>m4_s04_047_p_ic011</name><deleted>0</deleted><verified>0</verified><occluded>no</occluded><attributes></attributes><parts><hasparts></hasparts><ispartof></ispartof></parts><date>24-10-20 13:38:31:164</date><id>0</id><type>bounding_box</type><polygon><username>anonymous</username><pt><x>1685</x><y>267</y><time>24-10-20 13:38:24:952</time></pt><pt><x>2688</x><y>267</y><time>24-10-20 13:38:28:498</time></pt><pt><x>2688</x><y>2576</y><time>undefined</time></pt><pt><x>1685</x><y>2576</y><time>undefined</time></pt><closed_date>24-10-20 13:38:28:499</closed_date></polygon></object></annotation>