<annotation><filename>m2_s03_201_p_ic061.jpg</filename><folder>users/joselusava//eg</folder><source><submittedBy>Jose Saca</submittedBy></source><imagesize><nrows>2910</nrows><ncols>4361</ncols></imagesize><object><name>m2_s03_201_p_ic061</name><deleted>0</deleted><verified>0</verified><occluded>no</occluded><attributes></attributes><parts><hasparts></hasparts><ispartof></ispartof></parts><date>17-09-20 07:29:21:286</date><id>0</id><type>bounding_box</type><polygon><username>anonymous</username><pt><x>824</x><y>208</y><time>17-09-20 07:29:08:941</time></pt><pt><x>3089</x><y>208</y><time>17-09-20 07:29:10:330</time></pt><pt><x>3089</x><y>2501</y><time>undefined</time></pt><pt><x>824</x><y>2501</y><time>undefined</time></pt><closed_date>17-09-20 07:29:10:331</closed_date></polygon></object></annotation>