<annotation><filename>m2_s03_201_p_ic066.jpg</filename><folder>users/joselusava//eg</folder><source><submittedBy>Jose Saca</submittedBy></source><imagesize><nrows>2910</nrows><ncols>4361</ncols></imagesize><object><name>m2_s03_201_p_ic066</name><deleted>0</deleted><verified>0</verified><occluded>no</occluded><attributes></attributes><parts><hasparts></hasparts><ispartof></ispartof></parts><date>17-09-20 07:35:46:626</date><id>0</id><type>bounding_box</type><polygon><username>anonymous</username><pt><x>1132</x><y>280</y><time>17-09-20 07:35:31:877</time></pt><pt><x>3211</x><y>280</y><time>17-09-20 07:35:36:781</time></pt><pt><x>3211</x><y>2501</y><time>undefined</time></pt><pt><x>1132</x><y>2501</y><time>undefined</time></pt><closed_date>17-09-20 07:35:36:782</closed_date></polygon></object></annotation>