<annotation><filename>m4_s05_052_p_nic029.jpg</filename><folder>users/joselusava//santiago_2</folder><source><submittedBy>Jose Saca</submittedBy></source><imagesize><nrows>2910</nrows><ncols>4361</ncols></imagesize><object><name>m4_s05_052_p_nic029</name><deleted>0</deleted><verified>0</verified><occluded>no</occluded><attributes></attributes><parts><hasparts></hasparts><ispartof></ispartof></parts><date>08-10-20 20:05:20:756</date><id>0</id><type>bounding_box</type><polygon><username>anonymous</username><pt><x>1167</x><y>1223</y><time>08-10-20 20:05:17:322</time></pt><pt><x>2560</x><y>1223</y><time>08-10-20 20:05:18:532</time></pt><pt><x>2560</x><y>2723</y><time>undefined</time></pt><pt><x>1167</x><y>2723</y><time>undefined</time></pt><closed_date>08-10-20 20:05:18:534</closed_date></polygon></object></annotation>