<annotation><filename>m1_s01_011_x.jpg</filename><folder>users/joselusava//museos2020</folder><source><submittedBy>Jose Saca</submittedBy></source><imagesize><nrows>2000</nrows><ncols>2992</ncols></imagesize><object><name>m1_s01_011_x</name><deleted>0</deleted><verified>0</verified><occluded>no</occluded><attributes></attributes><parts><hasparts></hasparts><ispartof></ispartof></parts><date>13-09-20 21:58:40:231</date><id>0</id><type>bounding_box</type><polygon><username>anonymous</username><pt><x>1003</x><y>323</y><time>13-09-20 21:58:26:436</time></pt><pt><x>1866</x><y>323</y><time>13-09-20 21:58:29:711</time></pt><pt><x>1866</x><y>1601</y><time>undefined</time></pt><pt><x>1003</x><y>1601</y><time>undefined</time></pt><closed_date>13-09-20 21:58:29:711</closed_date></polygon></object></annotation>