<annotation><filename>m4_s11_176_p_nic051.jpg</filename><folder>users/joselusava//m4_js/176/nic</folder><source><submittedBy>Jose Saca</submittedBy></source><imagesize><nrows>2970</nrows><ncols>4451</ncols></imagesize><object><name>m4_s11_176_p_nic051</name><deleted>0</deleted><verified>0</verified><occluded>no</occluded><attributes></attributes><parts><hasparts></hasparts><ispartof></ispartof></parts><date>15-10-20 11:49:38:258</date><id>0</id><type>bounding_box</type><polygon><username>anonymous</username><pt><x>1991</x><y>2248</y><time>15-10-20 11:49:35:813</time></pt><pt><x>0</x><y>2248</y><time>15-10-20 11:49:37:626</time></pt><pt><x>0</x><y>469</y><time>undefined</time></pt><pt><x>1991</x><y>469</y><time>undefined</time></pt><closed_date>15-10-20 11:49:37:626</closed_date></polygon></object></annotation>