<annotation><filename>m1_s01_004_p_nic088.jpg</filename><folder>users/joselusava//valeria_apoyo/sala01_004_nic</folder><source><submittedBy>Jose Saca</submittedBy></source><imagesize><nrows>3200</nrows><ncols>4800</ncols></imagesize><object><name>m1_s01_004_p_nic088</name><deleted>0</deleted><verified>0</verified><occluded>no</occluded><attributes></attributes><parts><hasparts></hasparts><ispartof></ispartof></parts><date>17-09-20 20:26:17:602</date><id>0</id><type>bounding_box</type><polygon><username>anonymous</username><pt><x>1436</x><y>2515</y><time>17-09-20 20:26:11:515</time></pt><pt><x>4170</x><y>2515</y><time>17-09-20 20:26:13:832</time></pt><pt><x>4170</x><y>1624</y><time>undefined</time></pt><pt><x>1436</x><y>1624</y><time>undefined</time></pt><closed_date>17-09-20 20:26:13:833</closed_date></polygon></object></annotation>