<annotation><filename>m4_s05_060_p_ic059.jpg</filename><folder>users/joselusava//m4_js/60/ic</folder><source><submittedBy>Jose Saca</submittedBy></source><imagesize><nrows>2910</nrows><ncols>4361</ncols></imagesize><object><name>m4_s05_060_p_ic059</name><deleted>0</deleted><verified>0</verified><occluded>no</occluded><attributes></attributes><parts><hasparts></hasparts><ispartof></ispartof></parts><date>13-10-20 15:55:21:415</date><id>0</id><type>bounding_box</type><polygon><username>anonymous</username><pt><x>435</x><y>2577</y><time>13-10-20 15:55:17:887</time></pt><pt><x>4126</x><y>2577</y><time>13-10-20 15:55:20:211</time></pt><pt><x>4126</x><y>444</y><time>undefined</time></pt><pt><x>435</x><y>444</y><time>undefined</time></pt><closed_date>13-10-20 15:55:20:212</closed_date></polygon></object></annotation>