<annotation><filename>m1_s01_001_p_ic083.jpg</filename><folder>users/joselusava//juancarlos</folder><source><submittedBy>Jose Saca</submittedBy></source><imagesize><nrows>2000</nrows><ncols>2992</ncols></imagesize><object><name>m1_s01_001_p_ic083</name><deleted>0</deleted><verified>0</verified><occluded>no</occluded><attributes></attributes><parts><hasparts></hasparts><ispartof></ispartof></parts><date>01-09-20 16:05:56:696</date><id>0</id><type>bounding_box</type><polygon><username>anonymous</username><pt><x>464</x><y>686</y><time>01-09-20 16:05:45:133</time></pt><pt><x>2062</x><y>686</y><time>01-09-20 16:05:48:479</time></pt><pt><x>2062</x><y>1591</y><time>undefined</time></pt><pt><x>464</x><y>1591</y><time>undefined</time></pt><closed_date>01-09-20 16:05:48:482</closed_date></polygon></object></annotation>