<annotation><filename>m4_s05_052_p_nic044.jpg</filename><folder>users/joselusava//santiago_2</folder><source><submittedBy>Jose Saca</submittedBy></source><imagesize><nrows>2910</nrows><ncols>4361</ncols></imagesize><object><name>m4_s05_052_p_nic044</name><deleted>0</deleted><verified>0</verified><occluded>no</occluded><attributes></attributes><parts><hasparts></hasparts><ispartof></ispartof></parts><date>08-10-20 21:24:00:411</date><id>0</id><type>bounding_box</type><polygon><username>anonymous</username><pt><x>2778</x><y>499</y><time>08-10-20 21:23:56:210</time></pt><pt><x>3994</x><y>499</y><time>08-10-20 21:23:58:222</time></pt><pt><x>3994</x><y>2113</y><time>undefined</time></pt><pt><x>2778</x><y>2113</y><time>undefined</time></pt><closed_date>08-10-20 21:23:58:223</closed_date></polygon></object></annotation>