<annotation><filename>m2_s01_054_p_ic039.jpg</filename><folder>users/joselusava//kath</folder><source><submittedBy>Jose Saca</submittedBy></source><imagesize><nrows>2850</nrows><ncols>4271</ncols></imagesize><object><name>m2_s01_054_p_ic039</name><deleted>0</deleted><verified>0</verified><occluded>no</occluded><attributes></attributes><parts><hasparts></hasparts><ispartof></ispartof></parts><date>29-09-20 23:05:22:723</date><id>0</id><type>bounding_box</type><polygon><username>anonymous</username><pt><x>2850</x><y>379</y><time>29-09-20 23:05:15:272</time></pt><pt><x>1250</x><y>379</y><time>29-09-20 23:05:18:892</time></pt><pt><x>1250</x><y>2660</y><time>undefined</time></pt><pt><x>2850</x><y>2660</y><time>undefined</time></pt><closed_date>29-09-20 23:05:18:893</closed_date></polygon></object></annotation>