<annotation><filename>m4_s04_047_p_nic022.jpg</filename><folder>users/joselusava//kath/kath_m4_047/nic</folder><source><submittedBy>Jose Saca</submittedBy></source><imagesize><nrows>2970</nrows><ncols>4451</ncols></imagesize><object><name>m4_s04_047_p_nic022</name><deleted>0</deleted><verified>0</verified><occluded>no</occluded><attributes></attributes><parts><hasparts></hasparts><ispartof></ispartof></parts><date>24-10-20 18:31:56:465</date><id>0</id><type>bounding_box</type><polygon><username>anonymous</username><pt><x>230</x><y>215</y><time>24-10-20 18:31:33:540</time></pt><pt><x>1685</x><y>215</y><time>24-10-20 18:31:36:005</time></pt><pt><x>1685</x><y>2873</y><time>undefined</time></pt><pt><x>230</x><y>2873</y><time>undefined</time></pt><closed_date>24-10-20 18:31:36:007</closed_date></polygon></object></annotation>