<annotation><filename>m4_s06_089_p_ic080.jpg</filename><folder>users/joselusava//santiago_2</folder><source><submittedBy>Jose Saca</submittedBy></source><imagesize><nrows>2970</nrows><ncols>4451</ncols></imagesize><object><name>m4_s06_089_p_ic080</name><deleted>0</deleted><verified>0</verified><occluded>no</occluded><attributes></attributes><parts><hasparts></hasparts><ispartof></ispartof></parts><date>11-10-20 21:50:17:672</date><id>0</id><type>bounding_box</type><polygon><username>anonymous</username><pt><x>1407</x><y>170</y><time>11-10-20 21:50:11:348</time></pt><pt><x>2857</x><y>170</y><time>11-10-20 21:50:12:734</time></pt><pt><x>2857</x><y>2507</y><time>undefined</time></pt><pt><x>1407</x><y>2507</y><time>undefined</time></pt><closed_date>11-10-20 21:50:12:735</closed_date></polygon></object></annotation>