<annotation><filename>img_m1_s10_303_p_nic036.jpg</filename><folder>users/joselusava//santiago</folder><source><submittedBy>Jose Saca</submittedBy></source><imagesize><nrows>3200</nrows><ncols>4800</ncols></imagesize><object><name>m1_s10_303_p_nic036</name><deleted>0</deleted><verified>0</verified><occluded>no</occluded><attributes></attributes><parts><hasparts></hasparts><ispartof></ispartof></parts><date>01-09-20 20:31:35:416</date><id>0</id><type>bounding_box</type><polygon><username>anonymous</username><pt><x>310</x><y>1793</y><time>01-09-20 20:31:27:508</time></pt><pt><x>1447</x><y>1793</y><time>01-09-20 20:31:29:003</time></pt><pt><x>1447</x><y>2696</y><time>undefined</time></pt><pt><x>310</x><y>2696</y><time>undefined</time></pt><closed_date>01-09-20 20:31:29:004</closed_date></polygon></object></annotation>