<annotation><filename>m4_s04_047_p_nic017.jpg</filename><folder>users/joselusava//kath/kath_m4_047/nic</folder><source><submittedBy>Jose Saca</submittedBy></source><imagesize><nrows>2970</nrows><ncols>4451</ncols></imagesize><object><name>m4_s04_047_p_nic017</name><deleted>0</deleted><verified>0</verified><occluded>no</occluded><attributes></attributes><parts><hasparts></hasparts><ispartof></ispartof></parts><date>24-10-20 18:12:46:612</date><id>0</id><type>bounding_box</type><polygon><username>anonymous</username><pt><x>2450</x><y>149</y><time>24-10-20 18:12:41:231</time></pt><pt><x>3913</x><y>149</y><time>24-10-20 18:12:43:745</time></pt><pt><x>3913</x><y>2822</y><time>undefined</time></pt><pt><x>2450</x><y>2822</y><time>undefined</time></pt><closed_date>24-10-20 18:12:43:747</closed_date></polygon></object></annotation>