<annotation><filename>m4_s02_015_p_ic065.jpg</filename><folder>users/joselusava//m4_js/15ic</folder><source><submittedBy>Jose Saca</submittedBy></source><imagesize><nrows>2910</nrows><ncols>4361</ncols></imagesize><object><name>m4_s02_015_p_ic065</name><deleted>0</deleted><verified>0</verified><occluded>no</occluded><attributes></attributes><parts><hasparts></hasparts><ispartof></ispartof></parts><date>03-10-20 19:35:52:672</date><id>0</id><type>bounding_box</type><polygon><username>anonymous</username><pt><x>1619</x><y>2429</y><time>03-10-20 19:35:50:423</time></pt><pt><x>2873</x><y>2429</y><time>03-10-20 19:35:51:896</time></pt><pt><x>2873</x><y>792</y><time>undefined</time></pt><pt><x>1619</x><y>792</y><time>undefined</time></pt><closed_date>03-10-20 19:35:51:896</closed_date></polygon></object></annotation>