<annotation><filename>m1_s01_004_p_ic051.jpg</filename><folder>users/joselusava//valeria_apoyo/sala001_004ic_ok</folder><source><submittedBy>Jose Saca</submittedBy></source><imagesize><nrows>2000</nrows><ncols>2992</ncols></imagesize><object><name>m1_s01_004_p_ic051</name><deleted>0</deleted><verified>0</verified><occluded>no</occluded><attributes></attributes><parts><hasparts></hasparts><ispartof></ispartof></parts><date>15-09-20 23:52:55:492</date><id>0</id><type>bounding_box</type><polygon><username>anonymous</username><pt><x>2958</x><y>1617</y><time>15-09-20 23:52:47:527</time></pt><pt><x>19</x><y>1617</y><time>15-09-20 23:52:51:516</time></pt><pt><x>19</x><y>466</y><time>undefined</time></pt><pt><x>2958</x><y>466</y><time>undefined</time></pt><closed_date>15-09-20 23:52:51:542</closed_date></polygon></object></annotation>