<annotation><filename>m2_s01_054_p_nic019.jpg</filename><folder>users/joselusava//kath</folder><source><submittedBy>Jose Saca</submittedBy></source><imagesize><nrows>2850</nrows><ncols>4271</ncols></imagesize><object><name>m2_s01_054_p_nic019</name><deleted>0</deleted><verified>0</verified><occluded>no</occluded><attributes></attributes><parts><hasparts></hasparts><ispartof></ispartof></parts><date>30-09-20 11:11:24:682</date><id>0</id><type>bounding_box</type><polygon><username>anonymous</username><pt><x>2071</x><y>1600</y><time>30-09-20 11:11:19:425</time></pt><pt><x>1369</x><y>1600</y><time>30-09-20 11:11:22:014</time></pt><pt><x>1369</x><y>2576</y><time>undefined</time></pt><pt><x>2071</x><y>2576</y><time>undefined</time></pt><closed_date>30-09-20 11:11:22:014</closed_date></polygon></object></annotation>