<annotation><filename>m4_s06_089_p_ic098.jpg</filename><folder>users/joselusava//santiago_2</folder><source><submittedBy>Jose Saca</submittedBy></source><imagesize><nrows>2970</nrows><ncols>4451</ncols></imagesize><object><name>m4_s06_089_p_ic098</name><deleted>0</deleted><verified>0</verified><occluded>no</occluded><attributes></attributes><parts><hasparts></hasparts><ispartof></ispartof></parts><date>11-10-20 22:09:51:343</date><id>0</id><type>bounding_box</type><polygon><username>anonymous</username><pt><x>1209</x><y>304</y><time>11-10-20 22:09:47:021</time></pt><pt><x>2981</x><y>304</y><time>11-10-20 22:09:48:759</time></pt><pt><x>2981</x><y>2737</y><time>undefined</time></pt><pt><x>1209</x><y>2737</y><time>undefined</time></pt><closed_date>11-10-20 22:09:48:760</closed_date></polygon></object></annotation>