<annotation><filename>m1_s01_021_p_nic062.jpg</filename><folder>users/joselusava//santiago</folder><source><submittedBy>Jose Saca</submittedBy></source><imagesize><nrows>3200</nrows><ncols>4800</ncols></imagesize><object><name>m1_s01_021_p_nic062</name><deleted>0</deleted><verified>0</verified><occluded>no</occluded><attributes></attributes><parts><hasparts></hasparts><ispartof></ispartof></parts><date>16-09-20 18:14:29:333</date><id>0</id><type>bounding_box</type><polygon><username>anonymous</username><pt><x>342</x><y>1195</y><time>16-09-20 18:14:21:278</time></pt><pt><x>835</x><y>1195</y><time>16-09-20 18:14:22:930</time></pt><pt><x>835</x><y>1825</y><time>undefined</time></pt><pt><x>342</x><y>1825</y><time>undefined</time></pt><closed_date>16-09-20 18:14:22:932</closed_date></polygon></object></annotation>