<annotation><filename>m4_s04_047_p_nic081.jpg</filename><folder>users/joselusava//kath/kath_m4_047/nic</folder><source><submittedBy>Jose Saca</submittedBy></source><imagesize><nrows>2970</nrows><ncols>4451</ncols></imagesize><object><name>m4_s04_047_p_nic079</name><deleted>0</deleted><verified>0</verified><occluded>no</occluded><attributes></attributes><parts><hasparts></hasparts><ispartof></ispartof></parts><date>24-10-20 19:47:30:789</date><id>0</id><type>bounding_box</type><polygon><username>anonymous</username><pt><x>1975</x><y>1277</y><time>24-10-20 19:47:25:311</time></pt><pt><x>2777</x><y>1277</y><time>24-10-20 19:47:27:102</time></pt><pt><x>2777</x><y>2844</y><time>undefined</time></pt><pt><x>1975</x><y>2844</y><time>undefined</time></pt><closed_date>24-10-20 19:47:27:103</closed_date></polygon></object></annotation>