<annotation><filename>m4_s10_154_p_nic035.jpg</filename><folder>users/joselusava//valeria/m04_s10_154_nic</folder><source><submittedBy>Jose Saca</submittedBy></source><imagesize><nrows>2970</nrows><ncols>4451</ncols></imagesize><object><name>m4_s10_154_p_nic035</name><deleted>0</deleted><verified>0</verified><occluded>no</occluded><attributes></attributes><parts><hasparts></hasparts><ispartof></ispartof></parts><date>14-10-20 12:51:53:762</date><id>0</id><type>bounding_box</type><polygon><username>anonymous</username><pt><x>640</x><y>2090</y><time>14-10-20 12:51:39:583</time></pt><pt><x>1748</x><y>2090</y><time>14-10-20 12:51:41:588</time></pt><pt><x>1748</x><y>194</y><time>undefined</time></pt><pt><x>640</x><y>194</y><time>undefined</time></pt><closed_date>14-10-20 12:51:41:589</closed_date></polygon></object></annotation>