<annotation><filename>m2_s01_058_p_nic023.jpg</filename><folder>users/joselusava//m2_jsv/58/nic</folder><source><submittedBy>Jose Saca</submittedBy></source><imagesize><nrows>2850</nrows><ncols>4271</ncols></imagesize><object><name>m2_s01_058_p_nic023</name><deleted>0</deleted><verified>0</verified><occluded>no</occluded><attributes></attributes><parts><hasparts></hasparts><ispartof></ispartof></parts><date>29-09-20 22:59:11:517</date><id>0</id><type>bounding_box</type><polygon><username>anonymous</username><pt><x>2805</x><y>1424</y><time>29-09-20 22:59:10:010</time></pt><pt><x>1279</x><y>1424</y><time>29-09-20 22:59:10:968</time></pt><pt><x>1279</x><y>2737</y><time>undefined</time></pt><pt><x>2805</x><y>2737</y><time>undefined</time></pt><closed_date>29-09-20 22:59:10:968</closed_date></polygon></object></annotation>