<annotation><filename>m4_s06_089_p_ic097.jpg</filename><folder>users/joselusava//santiago_2</folder><source><submittedBy>Jose Saca</submittedBy></source><imagesize><nrows>2970</nrows><ncols>4451</ncols></imagesize><object><name>m4_s06_089_p_ic097</name><deleted>0</deleted><verified>0</verified><occluded>no</occluded><attributes></attributes><parts><hasparts></hasparts><ispartof></ispartof></parts><date>11-10-20 22:09:02:043</date><id>0</id><type>bounding_box</type><polygon><username>anonymous</username><pt><x>1238</x><y>474</y><time>11-10-20 22:08:50:576</time></pt><pt><x>2765</x><y>474</y><time>11-10-20 22:08:52:201</time></pt><pt><x>2765</x><y>2570</y><time>undefined</time></pt><pt><x>1238</x><y>2570</y><time>undefined</time></pt><closed_date>11-10-20 22:08:52:202</closed_date></polygon></object></annotation>