<annotation><filename>m1_s02_029_p_nic052.jpg</filename><folder>users/joselusava//valeria/sala2_029_nic</folder><source><submittedBy>Jose Saca</submittedBy></source><imagesize><nrows>3200</nrows><ncols>4800</ncols></imagesize><object><name>m1_s02_029_p_nic052</name><deleted>0</deleted><verified>0</verified><occluded>no</occluded><attributes></attributes><parts><hasparts></hasparts><ispartof></ispartof></parts><date>26-08-20 19:17:05:904</date><id>0</id><type>bounding_box</type><polygon><username>anonymous</username><pt><x>1165</x><y>193</y><time>26-08-20 19:17:00:285</time></pt><pt><x>2454</x><y>193</y><time>26-08-20 19:17:02:505</time></pt><pt><x>2454</x><y>1562</y><time>undefined</time></pt><pt><x>1165</x><y>1562</y><time>undefined</time></pt><closed_date>26-08-20 19:17:02:506</closed_date></polygon></object></annotation>