<annotation><filename>m2_s06_250_p_nic061.jpg</filename><folder>users/joselusava//m2_jsv/250</folder><source><submittedBy>Jose Saca</submittedBy></source><imagesize><nrows>2910</nrows><ncols>4361</ncols></imagesize><object><name>m2_s06_250_p_nic061</name><deleted>0</deleted><verified>0</verified><occluded>no</occluded><attributes></attributes><parts><hasparts></hasparts><ispartof></ispartof></parts><date>30-09-20 11:48:29:192</date><id>0</id><type>bounding_box</type><polygon><username>anonymous</username><pt><x>3168</x><y>1132</y><time>30-09-20 11:48:26:420</time></pt><pt><x>261</x><y>1132</y><time>30-09-20 11:48:28:397</time></pt><pt><x>261</x><y>9</y><time>undefined</time></pt><pt><x>3168</x><y>9</y><time>undefined</time></pt><closed_date>30-09-20 11:48:28:397</closed_date></polygon></object></annotation>