<annotation><filename>m4_s05_055_p_ic098.jpg</filename><folder>users/joselusava//valeria/m4_s05_055_ic</folder><source><submittedBy>Jose Saca</submittedBy></source><imagesize><nrows>2910</nrows><ncols>4361</ncols></imagesize><object><name>m4_s05_055_p_ic098</name><deleted>0</deleted><verified>0</verified><occluded>no</occluded><attributes></attributes><parts><hasparts></hasparts><ispartof></ispartof></parts><date>09-10-20 15:15:04:168</date><id>0</id><type>bounding_box</type><polygon><username>anonymous</username><pt><x>3191</x><y>2342</y><time>09-10-20 15:14:56:507</time></pt><pt><x>1295</x><y>2342</y><time>09-10-20 15:15:00:250</time></pt><pt><x>1295</x><y>441</y><time>undefined</time></pt><pt><x>3191</x><y>441</y><time>undefined</time></pt><closed_date>09-10-20 15:15:00:251</closed_date></polygon></object></annotation>