<annotation><filename>m1_s02_052_p_ic094.jpg</filename><folder>users/joselusava//valeria/sala2_052_ic</folder><source><submittedBy>Jose Saca</submittedBy></source><imagesize><nrows>3200</nrows><ncols>4800</ncols></imagesize><object><name>m1_s02_052_p_ic094</name><deleted>0</deleted><verified>0</verified><occluded>no</occluded><attributes></attributes><parts><hasparts></hasparts><ispartof></ispartof></parts><date>25-08-20 20:23:30:954</date><id>0</id><type>bounding_box</type><polygon><username>anonymous</username><pt><x>703</x><y>193</y><time>25-08-20 20:23:23:212</time></pt><pt><x>3737</x><y>193</y><time>25-08-20 20:23:27:630</time></pt><pt><x>3737</x><y>2856</y><time>undefined</time></pt><pt><x>703</x><y>2856</y><time>undefined</time></pt><closed_date>25-08-20 20:23:27:632</closed_date></polygon></object></annotation>