<annotation><filename>m2_s02_085_p_nic027.jpg</filename><folder>users/joselusava//m2_jsv/85/nic</folder><source><submittedBy>Jose Saca</submittedBy></source><imagesize><nrows>2910</nrows><ncols>4361</ncols></imagesize><object><name>m2_s02_085_p_nic027</name><deleted>0</deleted><verified>0</verified><occluded>no</occluded><attributes></attributes><parts><hasparts></hasparts><ispartof></ispartof></parts><date>19-09-20 22:33:30:823</date><id>0</id><type>bounding_box</type><polygon><username>anonymous</username><pt><x>3534</x><y>2812</y><time>19-09-20 22:33:28:085</time></pt><pt><x>2429</x><y>2812</y><time>19-09-20 22:33:29:582</time></pt><pt><x>2429</x><y>1680</y><time>undefined</time></pt><pt><x>3534</x><y>1680</y><time>undefined</time></pt><closed_date>19-09-20 22:33:29:582</closed_date></polygon></object></annotation>