<annotation><filename>m3_s01_002_p_ic068.jpg</filename><folder>users/joselusava//santiago_3</folder><source><submittedBy>Jose Saca</submittedBy></source><imagesize><nrows>2970</nrows><ncols>4451</ncols></imagesize><object><name>m3_s01_002_p_ic068</name><deleted>0</deleted><verified>0</verified><occluded>no</occluded><attributes></attributes><parts><hasparts></hasparts><ispartof></ispartof></parts><date>28-10-20 21:47:56:468</date><id>0</id><type>bounding_box</type><polygon><username>anonymous</username><pt><x>564</x><y>643</y><time>28-10-20 21:47:52:111</time></pt><pt><x>3891</x><y>643</y><time>28-10-20 21:47:53:729</time></pt><pt><x>3891</x><y>2324</y><time>undefined</time></pt><pt><x>564</x><y>2324</y><time>undefined</time></pt><closed_date>28-10-20 21:47:53:730</closed_date></polygon></object></annotation>