<annotation><filename>m1_s01_017_p_ic047.jpg</filename><folder>users/joselusava//santiago</folder><source><submittedBy>Jose Saca</submittedBy></source><imagesize><nrows>3200</nrows><ncols>4800</ncols></imagesize><object><name>m1_s01_017_p_ic047</name><deleted>0</deleted><verified>0</verified><occluded>no</occluded><attributes></attributes><parts><hasparts></hasparts><ispartof></ispartof></parts><date>10-09-20 22:21:24:203</date><id>0</id><type>bounding_box</type><polygon><username>anonymous</username><pt><x>1303</x><y>1083</y><time>10-09-20 22:21:15:269</time></pt><pt><x>3265</x><y>1083</y><time>10-09-20 22:21:18:117</time></pt><pt><x>3265</x><y>2163</y><time>undefined</time></pt><pt><x>1303</x><y>2163</y><time>undefined</time></pt><closed_date>10-09-20 22:21:18:118</closed_date></polygon></object></annotation>