<annotation><filename>m4_s04_039_p_nic090.jpg</filename><folder>users/joselusava//santiago_2</folder><source><submittedBy>Jose Saca</submittedBy></source><imagesize><nrows>2970</nrows><ncols>4451</ncols></imagesize><object><name>m4_s04_039_p_nic090</name><deleted>0</deleted><verified>0</verified><occluded>no</occluded><attributes></attributes><parts><hasparts></hasparts><ispartof></ispartof></parts><date>21-10-20 22:22:41:065</date><id>0</id><type>bounding_box</type><polygon><username>anonymous</username><pt><x>2288</x><y>1042</y><time>21-10-20 22:22:37:577</time></pt><pt><x>2934</x><y>1042</y><time>21-10-20 22:22:38:887</time></pt><pt><x>2934</x><y>2827</y><time>undefined</time></pt><pt><x>2288</x><y>2827</y><time>undefined</time></pt><closed_date>21-10-20 22:22:38:887</closed_date></polygon></object></annotation>