<annotation><filename>m4_s03_025_p_nic079.jpg</filename><folder>users/joselusava//santiago_3</folder><source><submittedBy>Jose Saca</submittedBy></source><imagesize><nrows>2910</nrows><ncols>4361</ncols></imagesize><object><name>m4_s03_025_p_nic079</name><deleted>0</deleted><verified>0</verified><occluded>no</occluded><attributes></attributes><parts><hasparts></hasparts><ispartof></ispartof></parts><date>08-11-20 14:07:44:328</date><id>0</id><type>bounding_box</type><polygon><username>anonymous</username><pt><x>451</x><y>773</y><time>08-11-20 14:07:40:805</time></pt><pt><x>3025</x><y>773</y><time>08-11-20 14:07:42:036</time></pt><pt><x>3025</x><y>2141</y><time>undefined</time></pt><pt><x>451</x><y>2141</y><time>undefined</time></pt><closed_date>08-11-20 14:07:42:037</closed_date></polygon></object></annotation>