<annotation><filename>m4_s04_037_p_nic032.jpg</filename><folder>users/joselusava//santiago_2</folder><source><submittedBy>Jose Saca</submittedBy></source><imagesize><nrows>2970</nrows><ncols>4451</ncols></imagesize><object><name>m4_s04_037_p_nic032</name><deleted>0</deleted><verified>0</verified><occluded>no</occluded><attributes></attributes><parts><hasparts></hasparts><ispartof></ispartof></parts><date>19-10-20 22:13:06:286</date><id>0</id><type>bounding_box</type><polygon><username>anonymous</username><pt><x>2042</x><y>1349</y><time>19-10-20 22:12:56:921</time></pt><pt><x>2984</x><y>1349</y><time>19-10-20 22:12:58:054</time></pt><pt><x>2984</x><y>2845</y><time>undefined</time></pt><pt><x>2042</x><y>2845</y><time>undefined</time></pt><closed_date>19-10-20 22:12:58:054</closed_date></polygon></object></annotation>