<annotation><filename>m4_s12_186_p_nic045.jpg</filename><folder>users/joselusava//m4_js/186/nic</folder><source><submittedBy>Jose Saca</submittedBy></source><imagesize><nrows>3899</nrows><ncols>5844</ncols></imagesize><object><name>m4_s12_186_p_nic045</name><deleted>0</deleted><verified>0</verified><occluded>no</occluded><attributes></attributes><parts><hasparts></hasparts><ispartof></ispartof></parts><date>18-10-20 11:36:51:175</date><id>0</id><type>bounding_box</type><polygon><username>anonymous</username><pt><x>4223</x><y>2881</y><time>18-10-20 11:36:49:185</time></pt><pt><x>1843</x><y>2881</y><time>18-10-20 11:36:50:480</time></pt><pt><x>1843</x><y>0</y><time>undefined</time></pt><pt><x>4223</x><y>0</y><time>undefined</time></pt><closed_date>18-10-20 11:36:50:480</closed_date></polygon></object></annotation>