<annotation><filename>m2_s01_032_p_nic013.jpg</filename><folder>users/joselusava//santiago_2</folder><source><submittedBy>Jose Saca</submittedBy></source><imagesize><nrows>2850</nrows><ncols>4271</ncols></imagesize><object><name>m2_s01_032_p_nic013</name><deleted>0</deleted><verified>0</verified><occluded>no</occluded><attributes></attributes><parts><hasparts></hasparts><ispartof></ispartof></parts><date>30-09-20 17:46:48:921</date><id>0</id><type>bounding_box</type><polygon><username>anonymous</username><pt><x>1405</x><y>1306</y><time>30-09-20 17:46:46:157</time></pt><pt><x>2334</x><y>1306</y><time>30-09-20 17:46:47:129</time></pt><pt><x>2334</x><y>2579</y><time>undefined</time></pt><pt><x>1405</x><y>2579</y><time>undefined</time></pt><closed_date>30-09-20 17:46:47:131</closed_date></polygon></object></annotation>