<annotation><filename>m4_s07_105_p_ic064.jpg</filename><folder>users/joselusava//kath/m4_105</folder><source><submittedBy>Jose Saca</submittedBy></source><imagesize><nrows>2970</nrows><ncols>4451</ncols></imagesize><object><name>m4_s07_105_p_ic064</name><deleted>0</deleted><verified>0</verified><occluded>no</occluded><attributes></attributes><parts><hasparts></hasparts><ispartof></ispartof></parts><date>29-10-20 08:40:30:809</date><id>0</id><type>bounding_box</type><polygon><username>anonymous</username><pt><x>2768</x><y>2831</y><time>29-10-20 08:40:16:305</time></pt><pt><x>1480</x><y>2831</y><time>29-10-20 08:40:20:582</time></pt><pt><x>1480</x><y>457</y><time>undefined</time></pt><pt><x>2768</x><y>457</y><time>undefined</time></pt><closed_date>29-10-20 08:40:20:583</closed_date></polygon></object></annotation>