<annotation><filename>m1_s06_186_p_nic091.jpg</filename><folder>users/joselusava//jacob_2/186nic</folder><source><submittedBy>Jose Saca</submittedBy></source><imagesize><nrows>2736</nrows><ncols>4100</ncols></imagesize><object><name>m1_s06_186_p_nic091</name><deleted>0</deleted><verified>0</verified><occluded>no</occluded><attributes></attributes><parts><hasparts></hasparts><ispartof></ispartof></parts><date>09-09-20 23:36:41:391</date><id>0</id><type>bounding_box</type><polygon><username>anonymous</username><pt><x>3617</x><y>2439</y><time>09-09-20 23:36:38:749</time></pt><pt><x>2504</x><y>2439</y><time>09-09-20 23:36:40:368</time></pt><pt><x>2504</x><y>647</y><time>undefined</time></pt><pt><x>3617</x><y>647</y><time>undefined</time></pt><closed_date>09-09-20 23:36:40:370</closed_date></polygon></object></annotation>