<annotation><filename>m4_s12_186_p_ic027.jpg</filename><folder>users/joselusava//m4_js/186/ic</folder><source><submittedBy>Jose Saca</submittedBy></source><imagesize><nrows>3899</nrows><ncols>5844</ncols></imagesize><object><name>m4_s12_186_p_ic027</name><deleted>0</deleted><verified>0</verified><occluded>no</occluded><attributes></attributes><parts><hasparts></hasparts><ispartof></ispartof></parts><date>18-10-20 10:44:04:120</date><id>0</id><type>bounding_box</type><polygon><username>anonymous</username><pt><x>3849</x><y>3476</y><time>18-10-20 10:44:01:827</time></pt><pt><x>1901</x><y>3476</y><time>18-10-20 10:44:03:342</time></pt><pt><x>1901</x><y>292</y><time>undefined</time></pt><pt><x>3849</x><y>292</y><time>undefined</time></pt><closed_date>18-10-20 10:44:03:342</closed_date></polygon></object></annotation>