<annotation><filename>m4_s10_164_p_ic084.jpg</filename><folder>users/joselusava//santiago_2</folder><source><submittedBy>Jose Saca</submittedBy></source><imagesize><nrows>2970</nrows><ncols>4451</ncols></imagesize><object><name>m4_s10_164_p_ic084</name><deleted>0</deleted><verified>0</verified><occluded>no</occluded><attributes></attributes><parts><hasparts></hasparts><ispartof></ispartof></parts><date>13-10-20 23:08:17:931</date><id>0</id><type>bounding_box</type><polygon><username>anonymous</username><pt><x>2056</x><y>903</y><time>13-10-20 23:08:14:735</time></pt><pt><x>2552</x><y>903</y><time>13-10-20 23:08:16:119</time></pt><pt><x>2552</x><y>1688</y><time>undefined</time></pt><pt><x>2056</x><y>1688</y><time>undefined</time></pt><closed_date>13-10-20 23:08:16:121</closed_date></polygon></object></annotation>