<annotation><filename>m4_s09_138_p_nic001.jpg</filename><folder>users/joselusava//santiago_2</folder><source><submittedBy>Jose Saca</submittedBy></source><imagesize><nrows>2970</nrows><ncols>4451</ncols></imagesize><object><name>m4_s09_138_p_nic001</name><deleted>0</deleted><verified>0</verified><occluded>no</occluded><attributes></attributes><parts><hasparts></hasparts><ispartof></ispartof></parts><date>22-10-20 23:04:40:909</date><id>0</id><type>bounding_box</type><polygon><username>anonymous</username><pt><x>257</x><y>336</y><time>22-10-20 23:04:37:302</time></pt><pt><x>2974</x><y>336</y><time>22-10-20 23:04:38:212</time></pt><pt><x>2974</x><y>2088</y><time>undefined</time></pt><pt><x>257</x><y>2088</y><time>undefined</time></pt><closed_date>22-10-20 23:04:38:213</closed_date></polygon></object></annotation>