<annotation><filename>m3_s01_013_p_ic023.jpg</filename><folder>users/joselusava//valeria/m03_s01_13_ic</folder><source><submittedBy>Jose Saca</submittedBy></source><imagesize><nrows>2970</nrows><ncols>4451</ncols></imagesize><object><name>m3_s01_013_p_ic022</name><deleted>0</deleted><verified>0</verified><occluded>no</occluded><attributes></attributes><parts><hasparts></hasparts><ispartof></ispartof></parts><date>28-10-20 23:00:41:236</date><id>0</id><type>bounding_box</type><polygon><username>anonymous</username><pt><x>3975</x><y>2901</y><time>28-10-20 23:00:35:176</time></pt><pt><x>423</x><y>2901</y><time>28-10-20 23:00:37:648</time></pt><pt><x>423</x><y>320</y><time>undefined</time></pt><pt><x>3975</x><y>320</y><time>undefined</time></pt><closed_date>28-10-20 23:00:37:649</closed_date></polygon></object></annotation>