<annotation><filename>m3_s01_023_p_nic054.jpg</filename><folder>users/joselusava//santiago_3</folder><source><submittedBy>Jose Saca</submittedBy></source><imagesize><nrows>2970</nrows><ncols>4451</ncols></imagesize><object><name>m3_s01_023_p_nic054</name><deleted>0</deleted><verified>0</verified><occluded>no</occluded><attributes></attributes><parts><hasparts></hasparts><ispartof></ispartof></parts><date>06-11-20 09:38:39:232</date><id>0</id><type>bounding_box</type><polygon><username>anonymous</username><pt><x>275</x><y>436</y><time>06-11-20 09:38:34:889</time></pt><pt><x>2945</x><y>436</y><time>06-11-20 09:38:36:653</time></pt><pt><x>2945</x><y>2681</y><time>undefined</time></pt><pt><x>275</x><y>2681</y><time>undefined</time></pt><closed_date>06-11-20 09:38:36:654</closed_date></polygon></object></annotation>