<annotation><filename>m4_s12_185_p_ic081.jpg</filename><folder>users/joselusava//valeria/m04_s12_185_ic</folder><source><submittedBy>Jose Saca</submittedBy></source><imagesize><nrows>2910</nrows><ncols>4361</ncols></imagesize><object><name>m4_s12_185_p_ic081</name><deleted>0</deleted><verified>0</verified><occluded>no</occluded><attributes></attributes><parts><hasparts></hasparts><ispartof></ispartof></parts><date>17-10-20 18:41:41:261</date><id>0</id><type>bounding_box</type><polygon><username>anonymous</username><pt><x>795</x><y>2641</y><time>17-10-20 18:41:35:798</time></pt><pt><x>3917</x><y>2641</y><time>17-10-20 18:41:38:010</time></pt><pt><x>3917</x><y>73</y><time>undefined</time></pt><pt><x>795</x><y>73</y><time>undefined</time></pt><closed_date>17-10-20 18:41:38:011</closed_date></polygon></object></annotation>