<annotation><filename>m2_s07_284_x.jpg</filename><folder>users/joselusava//museos2020</folder><source><submittedBy>Jose Saca</submittedBy></source><imagesize><nrows>2910</nrows><ncols>4361</ncols></imagesize><object><name>m2_s07_284_x</name><deleted>0</deleted><verified>0</verified><occluded>no</occluded><attributes></attributes><parts><hasparts></hasparts><ispartof></ispartof></parts><date>27-09-20 22:24:23:907</date><id>0</id><type>bounding_box</type><polygon><username>anonymous</username><pt><x>363</x><y>1283</y><time>27-09-20 22:24:13:844</time></pt><pt><x>4072</x><y>1283</y><time>27-09-20 22:24:17:033</time></pt><pt><x>4072</x><y>1929</y><time>undefined</time></pt><pt><x>363</x><y>1929</y><time>undefined</time></pt><closed_date>27-09-20 22:24:17:034</closed_date></polygon></object></annotation>