<annotation><filename>m3_s01_002_p_nic071.jpg</filename><folder>users/joselusava//santiago_3</folder><source><submittedBy>Jose Saca</submittedBy></source><imagesize><nrows>2970</nrows><ncols>4451</ncols></imagesize><object><name>m3_s01_002_p_nic071</name><deleted>0</deleted><verified>0</verified><occluded>no</occluded><attributes></attributes><parts><hasparts></hasparts><ispartof></ispartof></parts><date>29-10-20 21:00:16:161</date><id>0</id><type>bounding_box</type><polygon><username>anonymous</username><pt><x>125</x><y>278</y><time>29-10-20 21:00:12:751</time></pt><pt><x>1931</x><y>278</y><time>29-10-20 21:00:13:790</time></pt><pt><x>1931</x><y>1817</y><time>undefined</time></pt><pt><x>125</x><y>1817</y><time>undefined</time></pt><closed_date>29-10-20 21:00:13:791</closed_date></polygon></object></annotation>