<annotation><filename>m1_s02_029_p_nic046.jpg</filename><folder>users/joselusava//valeria/sala2_029_nic</folder><source><submittedBy>Jose Saca</submittedBy></source><imagesize><nrows>3200</nrows><ncols>4800</ncols></imagesize><object><name>m1_s02_029_p_nic046</name><deleted>0</deleted><verified>0</verified><occluded>no</occluded><attributes></attributes><parts><hasparts></hasparts><ispartof></ispartof></parts><date>26-08-20 19:08:22:720</date><id>0</id><type>bounding_box</type><polygon><username>anonymous</username><pt><x>397</x><y>1149</y><time>26-08-20 19:08:17:387</time></pt><pt><x>1675</x><y>1149</y><time>26-08-20 19:08:19:826</time></pt><pt><x>1675</x><y>2556</y><time>undefined</time></pt><pt><x>397</x><y>2556</y><time>undefined</time></pt><closed_date>26-08-20 19:08:19:827</closed_date></polygon></object></annotation>