<annotation><filename>m2_s06_250_p_ic017.jpg</filename><folder>users/joselusava//valeria/m2_sala06_250_ic</folder><source><submittedBy>Jose Saca</submittedBy></source><imagesize><nrows>2910</nrows><ncols>4361</ncols></imagesize><object><name>m2_s06_250_p_ic017</name><deleted>0</deleted><verified>0</verified><occluded>no</occluded><attributes></attributes><parts><hasparts></hasparts><ispartof></ispartof></parts><date>30-09-20 22:15:49:301</date><id>0</id><type>bounding_box</type><polygon><username>anonymous</username><pt><x>617</x><y>2712</y><time>30-09-20 22:15:43:369</time></pt><pt><x>3814</x><y>2712</y><time>30-09-20 22:15:45:430</time></pt><pt><x>3814</x><y>485</y><time>undefined</time></pt><pt><x>617</x><y>485</y><time>undefined</time></pt><closed_date>30-09-20 22:15:45:431</closed_date></polygon></object></annotation>