<annotation><filename>m4_s06_089_p_nic088.jpg</filename><folder>users/joselusava//santiago_2</folder><source><submittedBy>Jose Saca</submittedBy></source><imagesize><nrows>2970</nrows><ncols>4451</ncols></imagesize><object><name>m4_s06_089_p_nic088</name><deleted>0</deleted><verified>0</verified><occluded>no</occluded><attributes></attributes><parts><hasparts></hasparts><ispartof></ispartof></parts><date>12-10-20 22:18:33:982</date><id>0</id><type>bounding_box</type><polygon><username>anonymous</username><pt><x>2292</x><y>161</y><time>12-10-20 22:18:31:012</time></pt><pt><x>3441</x><y>161</y><time>12-10-20 22:18:31:930</time></pt><pt><x>3441</x><y>2188</y><time>undefined</time></pt><pt><x>2292</x><y>2188</y><time>undefined</time></pt><closed_date>12-10-20 22:18:31:931</closed_date></polygon></object></annotation>