<annotation><filename>m4_s09_138_p_ic099.jpg</filename><folder>users/joselusava//santiago_2</folder><source><submittedBy>Jose Saca</submittedBy></source><imagesize><nrows>2970</nrows><ncols>4451</ncols></imagesize><object><name>m4_s09_138_p_ic099</name><deleted>0</deleted><verified>0</verified><occluded>no</occluded><attributes></attributes><parts><hasparts></hasparts><ispartof></ispartof></parts><date>22-10-20 23:02:51:187</date><id>0</id><type>bounding_box</type><polygon><username>anonymous</username><pt><x>79</x><y>978</y><time>22-10-20 23:02:43:934</time></pt><pt><x>3937</x><y>978</y><time>22-10-20 23:02:46:480</time></pt><pt><x>3937</x><y>2742</y><time>undefined</time></pt><pt><x>79</x><y>2742</y><time>undefined</time></pt><closed_date>22-10-20 23:02:46:481</closed_date></polygon></object></annotation>