<annotation><filename>m2_s01_001_p_nic067.jpg</filename><folder>users/joselusava//santiago</folder><source><submittedBy>Jose Saca</submittedBy></source><imagesize><nrows>2850</nrows><ncols>4271</ncols></imagesize><object><name>m2_s01_001_p_nic067</name><deleted>0</deleted><verified>0</verified><occluded>no</occluded><attributes></attributes><parts><hasparts></hasparts><ispartof></ispartof></parts><date>19-09-20 23:13:13:951</date><id>0</id><type>bounding_box</type><polygon><username>anonymous</username><pt><x>2257</x><y>385</y><time>19-09-20 23:13:07:055</time></pt><pt><x>3552</x><y>385</y><time>19-09-20 23:13:08:149</time></pt><pt><x>3552</x><y>1587</y><time>undefined</time></pt><pt><x>2257</x><y>1587</y><time>undefined</time></pt><closed_date>19-09-20 23:13:08:149</closed_date></polygon></object></annotation>