<annotation><filename>m1_s02_038_x.jpg</filename><folder>users/joselusava//valeria/sala2</folder><source><submittedBy>Jose Saca</submittedBy></source><imagesize><nrows>3203</nrows><ncols>4800</ncols></imagesize><object><name>m1_s02_038_x</name><deleted>0</deleted><verified>0</verified><occluded>no</occluded><attributes></attributes><parts><hasparts></hasparts><ispartof></ispartof></parts><date>30-08-20 20:44:45:415</date><id>0</id><type>bounding_box</type><polygon><username>anonymous</username><pt><x>4064</x><y>3173</y><time>30-08-20 20:43:46:529</time></pt><pt><x>594</x><y>3173</y><time>30-08-20 20:43:50:389</time></pt><pt><x>594</x><y>36</y><time>undefined</time></pt><pt><x>4064</x><y>36</y><time>undefined</time></pt><closed_date>30-08-20 20:43:50:390</closed_date></polygon></object></annotation>