<annotation><filename>m4_s10_154_p_ic094.jpg</filename><folder>users/joselusava//valeria/m04_s10_154_ic</folder><source><submittedBy>Jose Saca</submittedBy></source><imagesize><nrows>2970</nrows><ncols>4451</ncols></imagesize><object><name>m4_s10_154_p_ic094</name><deleted>0</deleted><verified>0</verified><occluded>no</occluded><attributes></attributes><parts><hasparts></hasparts><ispartof></ispartof></parts><date>13-10-20 23:21:31:030</date><id>0</id><type>bounding_box</type><polygon><username>anonymous</username><pt><x>663</x><y>2736</y><time>13-10-20 23:21:24:800</time></pt><pt><x>2867</x><y>2736</y><time>13-10-20 23:21:27:003</time></pt><pt><x>2867</x><y>451</y><time>undefined</time></pt><pt><x>663</x><y>451</y><time>undefined</time></pt><closed_date>13-10-20 23:21:27:004</closed_date></polygon></object></annotation>