<annotation><filename>m2_s01_001_p_nic010.jpg</filename><folder>users/joselusava//santiago</folder><source><submittedBy>Jose Saca</submittedBy></source><imagesize><nrows>2850</nrows><ncols>4271</ncols></imagesize><object><name>m2_s01_001_p_nic010</name><deleted>0</deleted><verified>0</verified><occluded>no</occluded><attributes></attributes><parts><hasparts></hasparts><ispartof></ispartof></parts><date>19-09-20 21:52:44:703</date><id>0</id><type>bounding_box</type><polygon><username>anonymous</username><pt><x>224</x><y>279</y><time>19-09-20 21:52:36:972</time></pt><pt><x>1840</x><y>279</y><time>19-09-20 21:52:38:915</time></pt><pt><x>1840</x><y>1850</y><time>undefined</time></pt><pt><x>224</x><y>1850</y><time>undefined</time></pt><closed_date>19-09-20 21:52:38:916</closed_date></polygon></object></annotation>