<annotation><filename>m4_s10_163_x.jpg</filename><folder>users/joselusava//kath/m4_x</folder><source><submittedBy>Jose Saca</submittedBy></source><imagesize><nrows>2970</nrows><ncols>4451</ncols></imagesize><object><name>m4_s10_163_x</name><deleted>0</deleted><verified>0</verified><occluded>no</occluded><attributes></attributes><parts><hasparts></hasparts><ispartof></ispartof></parts><date>21-10-20 12:13:09:119</date><id>0</id><type>bounding_box</type><polygon><username>anonymous</username><pt><x>755</x><y>322</y><time>21-10-20 12:13:04:281</time></pt><pt><x>3527</x><y>322</y><time>21-10-20 12:13:06:159</time></pt><pt><x>3527</x><y>2879</y><time>undefined</time></pt><pt><x>755</x><y>2879</y><time>undefined</time></pt><closed_date>21-10-20 12:13:06:161</closed_date></polygon></object></annotation>