<annotation><filename>m2_s01_010_p_nic039.jpg</filename><folder>users/joselusava//santiago</folder><source><submittedBy>Jose Saca</submittedBy></source><imagesize><nrows>2850</nrows><ncols>4271</ncols></imagesize><object><name>m2_s01_010_p_nic039</name><deleted>0</deleted><verified>0</verified><occluded>no</occluded><attributes></attributes><parts><hasparts></hasparts><ispartof></ispartof></parts><date>22-09-20 20:34:26:763</date><id>0</id><type>bounding_box</type><polygon><username>anonymous</username><pt><x>1686</x><y>1616</y><time>22-09-20 20:34:18:194</time></pt><pt><x>2555</x><y>1616</y><time>22-09-20 20:34:19:877</time></pt><pt><x>2555</x><y>2469</y><time>undefined</time></pt><pt><x>1686</x><y>2469</y><time>undefined</time></pt><closed_date>22-09-20 20:34:19:878</closed_date></polygon></object></annotation>