<annotation><filename>m4_s09_138_p_nic003.jpg</filename><folder>users/joselusava//santiago_2</folder><source><submittedBy>Jose Saca</submittedBy></source><imagesize><nrows>2970</nrows><ncols>4451</ncols></imagesize><object><name>m4_s09_138_p_nic003</name><deleted>0</deleted><verified>0</verified><occluded>no</occluded><attributes></attributes><parts><hasparts></hasparts><ispartof></ispartof></parts><date>22-10-20 23:06:03:017</date><id>0</id><type>bounding_box</type><polygon><username>anonymous</username><pt><x>628</x><y>650</y><time>22-10-20 23:05:59:178</time></pt><pt><x>2809</x><y>650</y><time>22-10-20 23:06:00:476</time></pt><pt><x>2809</x><y>1935</y><time>undefined</time></pt><pt><x>628</x><y>1935</y><time>undefined</time></pt><closed_date>22-10-20 23:06:00:476</closed_date></polygon></object></annotation>