<annotation><filename>m2_s01_054_p_ic056.jpg</filename><folder>users/joselusava//kath</folder><source><submittedBy>Jose Saca</submittedBy></source><imagesize><nrows>2850</nrows><ncols>4271</ncols></imagesize><object><name>m2_s01_054_p_ic056</name><deleted>0</deleted><verified>0</verified><occluded>no</occluded><attributes></attributes><parts><hasparts></hasparts><ispartof></ispartof></parts><date>29-09-20 23:36:09:583</date><id>0</id><type>bounding_box</type><polygon><username>anonymous</username><pt><x>1242</x><y>190</y><time>29-09-20 23:36:04:002</time></pt><pt><x>2808</x><y>190</y><time>29-09-20 23:36:06:716</time></pt><pt><x>2808</x><y>2541</y><time>undefined</time></pt><pt><x>1242</x><y>2541</y><time>undefined</time></pt><closed_date>29-09-20 23:36:06:716</closed_date></polygon></object></annotation>