<annotation><filename>m2_s01_010_p_ic049.jpg</filename><folder>users/joselusava//santiago</folder><source><submittedBy>Jose Saca</submittedBy></source><imagesize><nrows>2850</nrows><ncols>4271</ncols></imagesize><object><name>m2_s01_010_p_ic049</name><deleted>0</deleted><verified>0</verified><occluded>no</occluded><attributes></attributes><parts><hasparts></hasparts><ispartof></ispartof></parts><date>21-09-20 15:55:14:550</date><id>0</id><type>bounding_box</type><polygon><username>anonymous</username><pt><x>1116</x><y>551</y><time>21-09-20 15:55:07:537</time></pt><pt><x>3135</x><y>551</y><time>21-09-20 15:55:08:898</time></pt><pt><x>3135</x><y>2337</y><time>undefined</time></pt><pt><x>1116</x><y>2337</y><time>undefined</time></pt><closed_date>21-09-20 15:55:08:900</closed_date></polygon></object></annotation>