<annotation><filename>m4_s04_047_p_ic033.jpg</filename><folder>users/joselusava//kath/kath_m4_047</folder><source><submittedBy>Jose Saca</submittedBy></source><imagesize><nrows>2970</nrows><ncols>4451</ncols></imagesize><object><name>m4_s04_047_p_ic033</name><deleted>0</deleted><verified>0</verified><occluded>no</occluded><attributes></attributes><parts><hasparts></hasparts><ispartof></ispartof></parts><date>24-10-20 13:57:36:835</date><id>0</id><type>bounding_box</type><polygon><username>anonymous</username><pt><x>1582</x><y>193</y><time>24-10-20 13:57:32:667</time></pt><pt><x>2784</x><y>193</y><time>24-10-20 13:57:34:460</time></pt><pt><x>2784</x><y>2666</y><time>undefined</time></pt><pt><x>1582</x><y>2666</y><time>undefined</time></pt><closed_date>24-10-20 13:57:34:461</closed_date></polygon></object></annotation>