<annotation><filename>m1_s06_144_p_ic057.jpg</filename><folder>users/joselusava//jacob_2/144ic</folder><source><submittedBy>Jose Saca</submittedBy></source><imagesize><nrows>2736</nrows><ncols>4100</ncols></imagesize><object><name>m1_s06_144_p_ic057</name><deleted>0</deleted><verified>0</verified><occluded>no</occluded><attributes></attributes><parts><hasparts></hasparts><ispartof></ispartof></parts><date>08-09-20 01:28:36:774</date><id>0</id><type>bounding_box</type><polygon><username>anonymous</username><pt><x>3560</x><y>57</y><time>08-09-20 01:28:33:172</time></pt><pt><x>737</x><y>57</y><time>08-09-20 01:28:35:831</time></pt><pt><x>737</x><y>2692</y><time>undefined</time></pt><pt><x>3560</x><y>2692</y><time>undefined</time></pt><closed_date>08-09-20 01:28:35:831</closed_date></polygon></object></annotation>