<annotation><filename>m4_s10_154_p_nic074.jpg</filename><folder>users/joselusava//valeria/m04_s10_154_nic</folder><source><submittedBy>Jose Saca</submittedBy></source><imagesize><nrows>2970</nrows><ncols>4451</ncols></imagesize><object><name>m4_s10_154_p_nic074</name><deleted>0</deleted><verified>0</verified><occluded>no</occluded><attributes></attributes><parts><hasparts></hasparts><ispartof></ispartof></parts><date>14-10-20 15:45:13:172</date><id>0</id><type>bounding_box</type><polygon><username>anonymous</username><pt><x>3364</x><y>2616</y><time>14-10-20 15:45:08:513</time></pt><pt><x>2553</x><y>2616</y><time>14-10-20 15:45:10:071</time></pt><pt><x>2553</x><y>1165</y><time>undefined</time></pt><pt><x>3364</x><y>1165</y><time>undefined</time></pt><closed_date>14-10-20 15:45:10:072</closed_date></polygon></object></annotation>