<annotation><filename>m4_s04_039_p_nic073.jpg</filename><folder>users/joselusava//santiago_2</folder><source><submittedBy>Jose Saca</submittedBy></source><imagesize><nrows>2970</nrows><ncols>4451</ncols></imagesize><object><name>m4_s04_039_p_nic073</name><deleted>0</deleted><verified>0</verified><occluded>no</occluded><attributes></attributes><parts><hasparts></hasparts><ispartof></ispartof></parts><date>21-10-20 21:58:46:363</date><id>0</id><type>bounding_box</type><polygon><username>anonymous</username><pt><x>521</x><y>168</y><time>21-10-20 21:58:42:331</time></pt><pt><x>1242</x><y>168</y><time>21-10-20 21:58:43:993</time></pt><pt><x>1242</x><y>2831</y><time>undefined</time></pt><pt><x>521</x><y>2831</y><time>undefined</time></pt><closed_date>21-10-20 21:58:43:993</closed_date></polygon></object></annotation>