<annotation><filename>m1_s06_141_p_nic056.jpg</filename><folder>users/joselusava//jacob_2/141nic</folder><source><submittedBy>Jose Saca</submittedBy></source><imagesize><nrows>2736</nrows><ncols>4100</ncols></imagesize><object><name>m1_s06_141_p_nic056</name><deleted>0</deleted><verified>0</verified><occluded>no</occluded><attributes></attributes><parts><hasparts></hasparts><ispartof></ispartof></parts><date>05-09-20 19:50:24:086</date><id>0</id><type>bounding_box</type><polygon><username>anonymous</username><pt><x>2780</x><y>1035</y><time>05-09-20 19:50:21:676</time></pt><pt><x>1818</x><y>1035</y><time>05-09-20 19:50:23:188</time></pt><pt><x>1818</x><y>2600</y><time>undefined</time></pt><pt><x>2780</x><y>2600</y><time>undefined</time></pt><closed_date>05-09-20 19:50:23:188</closed_date></polygon></object></annotation>