<annotation><filename>m4_s05_052_p_nic094.jpg</filename><folder>users/joselusava//santiago_2</folder><source><submittedBy>Jose Saca</submittedBy></source><imagesize><nrows>2910</nrows><ncols>4361</ncols></imagesize><object><name>m4_s05_052_p_nic094</name><deleted>0</deleted><verified>0</verified><occluded>no</occluded><attributes></attributes><parts><hasparts></hasparts><ispartof></ispartof></parts><date>08-10-20 22:46:00:723</date><id>0</id><type>bounding_box</type><polygon><username>anonymous</username><pt><x>2453</x><y>478</y><time>08-10-20 22:45:57:198</time></pt><pt><x>3911</x><y>478</y><time>08-10-20 22:45:58:253</time></pt><pt><x>3911</x><y>1989</y><time>undefined</time></pt><pt><x>2453</x><y>1989</y><time>undefined</time></pt><closed_date>08-10-20 22:45:58:254</closed_date></polygon></object></annotation>