<annotation><filename>m4_s10_157_p_ic096.jpg</filename><folder>users/joselusava//valeria/m04_s10_157_ic</folder><source><submittedBy>Jose Saca</submittedBy></source><imagesize><nrows>2970</nrows><ncols>4451</ncols></imagesize><object><name>m4_s10_157_p_ic096</name><deleted>0</deleted><verified>0</verified><occluded>no</occluded><attributes></attributes><parts><hasparts></hasparts><ispartof></ispartof></parts><date>12-10-20 18:30:28:314</date><id>0</id><type>bounding_box</type><polygon><username>anonymous</username><pt><x>1176</x><y>2818</y><time>12-10-20 18:30:22:020</time></pt><pt><x>3279</x><y>2818</y><time>12-10-20 18:30:24:027</time></pt><pt><x>3279</x><y>411</y><time>undefined</time></pt><pt><x>1176</x><y>411</y><time>undefined</time></pt><closed_date>12-10-20 18:30:24:028</closed_date></polygon></object></annotation>