<annotation><filename>m4_s02_021_p_ic023.jpg</filename><folder>users/joselusava//santiago_2</folder><source><submittedBy>Jose Saca</submittedBy></source><imagesize><nrows>3000</nrows><ncols>4496</ncols></imagesize><object><name>m4_s02_021_p_ic023</name><deleted>0</deleted><verified>0</verified><occluded>no</occluded><attributes></attributes><parts><hasparts></hasparts><ispartof></ispartof></parts><date>03-10-20 17:50:36:970</date><id>0</id><type>bounding_box</type><polygon><username>anonymous</username><pt><x>1682</x><y>196</y><time>03-10-20 17:50:33:081</time></pt><pt><x>3036</x><y>196</y><time>03-10-20 17:50:34:764</time></pt><pt><x>3036</x><y>2854</y><time>undefined</time></pt><pt><x>1682</x><y>2854</y><time>undefined</time></pt><closed_date>03-10-20 17:50:34:764</closed_date></polygon></object></annotation>