<annotation><filename>m2_s01_001_p_ic009.jpg</filename><folder>users/joselusava//santiago</folder><source><submittedBy>Jose Saca</submittedBy></source><imagesize><nrows>2850</nrows><ncols>4271</ncols></imagesize><object><name>m2_s01_001_p_ic009</name><deleted>0</deleted><verified>0</verified><occluded>no</occluded><attributes></attributes><parts><hasparts></hasparts><ispartof></ispartof></parts><date>18-09-20 22:22:44:326</date><id>0</id><type>bounding_box</type><polygon><username>anonymous</username><pt><x>862</x><y>295</y><time>18-09-20 22:22:30:660</time></pt><pt><x>3119</x><y>295</y><time>18-09-20 22:22:35:427</time></pt><pt><x>3119</x><y>2606</y><time>undefined</time></pt><pt><x>862</x><y>2606</y><time>undefined</time></pt><closed_date>18-09-20 22:22:35:427</closed_date></polygon></object></annotation>