<annotation><filename>m2_s03_248_p_ic093.jpg</filename><folder>users/joselusava//museos2020</folder><source><submittedBy>Jose Saca</submittedBy></source><imagesize><nrows>2910</nrows><ncols>4361</ncols></imagesize><object><name>m2_s03_248_p_ic093</name><deleted>0</deleted><verified>0</verified><occluded>no</occluded><attributes></attributes><parts><hasparts></hasparts><ispartof></ispartof></parts><date>27-09-20 09:21:57:014</date><id>0</id><polygon><username>anonymous</username><pt><x>446</x><y>879</y><time>27-09-20 09:21:45:303</time></pt><pt><x>3770</x><y>767</y><time>27-09-20 09:21:46:402</time></pt><pt><x>4049</x><y>1078</y><time>27-09-20 09:21:47:164</time></pt><pt><x>1078</x><y>2203</y><time>27-09-20 09:21:48:442</time></pt><closed_date>27-09-20 09:21:49:234</closed_date></polygon></object></annotation>