<annotation><filename>m1_s06_168_p_ic022.jpg</filename><folder>users/joselusava//jacob_2/168ic</folder><source><submittedBy>Jose Saca</submittedBy></source><imagesize><nrows>2736</nrows><ncols>4100</ncols></imagesize><object><name>m1_s06_168_p_ic022</name><deleted>0</deleted><verified>0</verified><occluded>no</occluded><attributes></attributes><parts><hasparts></hasparts><ispartof></ispartof></parts><date>08-09-20 19:45:45:081</date><id>0</id><type>bounding_box</type><polygon><username>anonymous</username><pt><x>1195</x><y>2447</y><time>08-09-20 19:45:42:496</time></pt><pt><x>2807</x><y>2447</y><time>08-09-20 19:45:44:274</time></pt><pt><x>2807</x><y>98</y><time>undefined</time></pt><pt><x>1195</x><y>98</y><time>undefined</time></pt><closed_date>08-09-20 19:45:44:275</closed_date></polygon></object></annotation>