<annotation><filename>m2_s01_001_p_nic049.jpg</filename><folder>users/joselusava//santiago</folder><source><submittedBy>Jose Saca</submittedBy></source><imagesize><nrows>2850</nrows><ncols>4271</ncols></imagesize><object><name>m2_s01_001_p_nic049</name><deleted>0</deleted><verified>0</verified><occluded>no</occluded><attributes></attributes><parts><hasparts></hasparts><ispartof></ispartof></parts><date>19-09-20 22:46:30:494</date><id>0</id><type>bounding_box</type><polygon><username>anonymous</username><pt><x>369</x><y>1157</y><time>19-09-20 22:46:23:023</time></pt><pt><x>1843</x><y>1157</y><time>19-09-20 22:46:24:515</time></pt><pt><x>1843</x><y>2616</y><time>undefined</time></pt><pt><x>369</x><y>2616</y><time>undefined</time></pt><closed_date>19-09-20 22:46:24:516</closed_date></polygon></object></annotation>