<annotation><filename>m2_s05_236_p_nic083.jpg</filename><folder>users/joselusava//museos2020</folder><source><submittedBy>Jose Saca</submittedBy></source><imagesize><nrows>2910</nrows><ncols>4361</ncols></imagesize><object><name>m2_s05_236_p_nic083</name><deleted>0</deleted><verified>0</verified><occluded>no</occluded><attributes></attributes><parts><hasparts></hasparts><ispartof></ispartof></parts><date>17-09-20 13:24:17:010</date><id>0</id><type>bounding_box</type><polygon><username>anonymous</username><pt><x>1478</x><y>637</y><time>17-09-20 13:24:08:610</time></pt><pt><x>4044</x><y>637</y><time>17-09-20 13:24:11:899</time></pt><pt><x>4044</x><y>2682</y><time>undefined</time></pt><pt><x>1478</x><y>2682</y><time>undefined</time></pt><closed_date>17-09-20 13:24:11:900</closed_date></polygon></object></annotation>