<annotation><filename>m1_s01_017_p_nic097.jpg</filename><folder>users/joselusava//santiago</folder><source><submittedBy>Jose Saca</submittedBy></source><imagesize><nrows>3200</nrows><ncols>4800</ncols></imagesize><object><name>m1_s01_017_p_nic097</name><deleted>0</deleted><verified>0</verified><occluded>no</occluded><attributes></attributes><parts><hasparts></hasparts><ispartof></ispartof></parts><date>11-09-20 20:13:01:932</date><id>0</id><type>bounding_box</type><polygon><username>anonymous</username><pt><x>785</x><y>1256</y><time>11-09-20 20:12:55:064</time></pt><pt><x>1217</x><y>1256</y><time>11-09-20 20:12:55:932</time></pt><pt><x>1217</x><y>1641</y><time>undefined</time></pt><pt><x>785</x><y>1641</y><time>undefined</time></pt><closed_date>11-09-20 20:12:55:933</closed_date></polygon></object></annotation>