<annotation><filename>m1_s01_001_p_ic072.jpg</filename><folder>users/joselusava//juancarlos</folder><source><submittedBy>Jose Saca</submittedBy></source><imagesize><nrows>2000</nrows><ncols>2992</ncols></imagesize><object><name>m1_s01_001_p_ic072</name><deleted>0</deleted><verified>0</verified><occluded>no</occluded><attributes></attributes><parts><hasparts></hasparts><ispartof></ispartof></parts><date>01-09-20 10:08:52:882</date><id>0</id><type>bounding_box</type><polygon><username>anonymous</username><pt><x>811</x><y>765</y><time>01-09-20 10:08:42:574</time></pt><pt><x>2189</x><y>765</y><time>01-09-20 10:08:45:347</time></pt><pt><x>2189</x><y>1439</y><time>undefined</time></pt><pt><x>811</x><y>1439</y><time>undefined</time></pt><closed_date>01-09-20 10:08:45:348</closed_date></polygon></object></annotation>