<annotation><filename>m2_s01_034_p_nic047.jpg</filename><folder>users/joselusava//kath</folder><source><submittedBy>Jose Saca</submittedBy></source><imagesize><nrows>2850</nrows><ncols>4271</ncols></imagesize><object><name>m2_s01_034_p_nic047</name><deleted>0</deleted><verified>0</verified><occluded>no</occluded><attributes></attributes><parts><hasparts></hasparts><ispartof></ispartof></parts><date>25-09-20 20:04:35:925</date><id>0</id><type>bounding_box</type><polygon><username>anonymous</username><pt><x>2177</x><y>1224</y><time>25-09-20 20:04:22:383</time></pt><pt><x>3144</x><y>1224</y><time>25-09-20 20:04:25:579</time></pt><pt><x>3144</x><y>2628</y><time>undefined</time></pt><pt><x>2177</x><y>2628</y><time>undefined</time></pt><closed_date>25-09-20 20:04:25:579</closed_date></polygon></object></annotation>