<annotation><filename>m4_s10_154_p_ic071.jpg</filename><folder>users/joselusava//valeria/m04_s10_154_ic</folder><source><submittedBy>Jose Saca</submittedBy></source><imagesize><nrows>2970</nrows><ncols>4451</ncols></imagesize><object><name>m4_s10_154_p_ic071</name><deleted>0</deleted><verified>0</verified><occluded>no</occluded><attributes></attributes><parts><hasparts></hasparts><ispartof></ispartof></parts><date>13-10-20 22:47:34:297</date><id>0</id><type>bounding_box</type><polygon><username>anonymous</username><pt><x>1348</x><y>2644</y><time>13-10-20 22:47:27:624</time></pt><pt><x>2850</x><y>2644</y><time>13-10-20 22:47:30:490</time></pt><pt><x>2850</x><y>417</y><time>undefined</time></pt><pt><x>1348</x><y>417</y><time>undefined</time></pt><closed_date>13-10-20 22:47:30:491</closed_date></polygon></object></annotation>