<annotation><filename>m4_s06_089_p_nic053.jpg</filename><folder>users/joselusava//santiago_2</folder><source><submittedBy>Jose Saca</submittedBy></source><imagesize><nrows>2970</nrows><ncols>4451</ncols></imagesize><object><name>m4_s06_089_p_nic053</name><deleted>0</deleted><verified>0</verified><occluded>no</occluded><attributes></attributes><parts><hasparts></hasparts><ispartof></ispartof></parts><date>12-10-20 21:18:47:014</date><id>0</id><type>bounding_box</type><polygon><username>anonymous</username><pt><x>1235</x><y>917</y><time>12-10-20 21:18:43:463</time></pt><pt><x>2656</x><y>917</y><time>12-10-20 21:18:44:693</time></pt><pt><x>2656</x><y>2681</y><time>undefined</time></pt><pt><x>1235</x><y>2681</y><time>undefined</time></pt><closed_date>12-10-20 21:18:44:694</closed_date></polygon></object></annotation>