<annotation><filename>m4_s10_164_p_ic012.jpg</filename><folder>users/joselusava//santiago_2</folder><source><submittedBy>Jose Saca</submittedBy></source><imagesize><nrows>2970</nrows><ncols>4451</ncols></imagesize><object><name>m4_s10_164_p_ic012</name><deleted>0</deleted><verified>0</verified><occluded>no</occluded><attributes></attributes><parts><hasparts></hasparts><ispartof></ispartof></parts><date>13-10-20 22:07:00:609</date><id>0</id><type>bounding_box</type><polygon><username>anonymous</username><pt><x>1913</x><y>942</y><time>13-10-20 22:06:57:649</time></pt><pt><x>2695</x><y>942</y><time>13-10-20 22:06:58:356</time></pt><pt><x>2695</x><y>1756</y><time>undefined</time></pt><pt><x>1913</x><y>1756</y><time>undefined</time></pt><closed_date>13-10-20 22:06:58:357</closed_date></polygon></object></annotation>