<annotation><filename>m4_s06_089_p_ic063.jpg</filename><folder>users/joselusava//santiago_2</folder><source><submittedBy>Jose Saca</submittedBy></source><imagesize><nrows>2970</nrows><ncols>4451</ncols></imagesize><object><name>m4_s06_089_p_ic063</name><deleted>0</deleted><verified>0</verified><occluded>no</occluded><attributes></attributes><parts><hasparts></hasparts><ispartof></ispartof></parts><date>11-10-20 18:57:08:911</date><id>0</id><type>bounding_box</type><polygon><username>anonymous</username><pt><x>1266</x><y>304</y><time>11-10-20 18:57:05:470</time></pt><pt><x>3065</x><y>304</y><time>11-10-20 18:57:07:036</time></pt><pt><x>3065</x><y>2546</y><time>undefined</time></pt><pt><x>1266</x><y>2546</y><time>undefined</time></pt><closed_date>11-10-20 18:57:07:037</closed_date></polygon></object></annotation>