<annotation><filename>m1_s06_144_p_nic078.jpg</filename><folder>users/joselusava//jacob_2/144nic</folder><source><submittedBy>Jose Saca</submittedBy></source><imagesize><nrows>2736</nrows><ncols>4100</ncols></imagesize><object><name>m1_s06_144_p_nic078</name><deleted>0</deleted><verified>0</verified><occluded>no</occluded><attributes></attributes><parts><hasparts></hasparts><ispartof></ispartof></parts><date>08-09-20 13:57:57:975</date><id>0</id><type>bounding_box</type><polygon><username>anonymous</username><pt><x>3831</x><y>2021</y><time>08-09-20 13:57:54:699</time></pt><pt><x>2103</x><y>2021</y><time>08-09-20 13:57:57:341</time></pt><pt><x>2103</x><y>660</y><time>undefined</time></pt><pt><x>3831</x><y>660</y><time>undefined</time></pt><closed_date>08-09-20 13:57:57:342</closed_date></polygon></object></annotation>