<annotation><filename>m1_s01_021_p_nic089.jpg</filename><folder>users/joselusava//santiago</folder><source><submittedBy>Jose Saca</submittedBy></source><imagesize><nrows>3200</nrows><ncols>4800</ncols></imagesize><object><name>m1_s01_021_p_nic089</name><deleted>0</deleted><verified>0</verified><occluded>no</occluded><attributes></attributes><parts><hasparts></hasparts><ispartof></ispartof></parts><date>16-09-20 22:23:31:864</date><id>0</id><type>bounding_box</type><polygon><username>anonymous</username><pt><x>3888</x><y>1685</y><time>16-09-20 22:23:25:479</time></pt><pt><x>4391</x><y>1685</y><time>16-09-20 22:23:26:431</time></pt><pt><x>4391</x><y>2422</y><time>undefined</time></pt><pt><x>3888</x><y>2422</y><time>undefined</time></pt><closed_date>16-09-20 22:23:26:432</closed_date></polygon></object></annotation>