<annotation><filename>m2_s01_058_p_nic017.jpg</filename><folder>users/joselusava//m2_jsv/58/nic</folder><source><submittedBy>Jose Saca</submittedBy></source><imagesize><nrows>2850</nrows><ncols>4271</ncols></imagesize><object><name>m2_s01_058_p_nic017</name><deleted>0</deleted><verified>0</verified><occluded>no</occluded><attributes></attributes><parts><hasparts></hasparts><ispartof></ispartof></parts><date>29-09-20 22:57:14:430</date><id>0</id><type>bounding_box</type><polygon><username>anonymous</username><pt><x>1722</x><y>1381</y><time>29-09-20 22:57:12:430</time></pt><pt><x>26</x><y>1381</y><time>29-09-20 22:57:13:679</time></pt><pt><x>26</x><y>2643</y><time>undefined</time></pt><pt><x>1722</x><y>2643</y><time>undefined</time></pt><closed_date>29-09-20 22:57:13:679</closed_date></polygon></object></annotation>