<annotation><filename>m2_s01_024_p_ic009.jpg</filename><folder>users/joselusava//santiago</folder><source><submittedBy>Jose Saca</submittedBy></source><imagesize><nrows>2850</nrows><ncols>4271</ncols></imagesize><object><name>m2_s01_024_p_ic009</name><deleted>0</deleted><verified>0</verified><occluded>no</occluded><attributes></attributes><parts><hasparts></hasparts><ispartof></ispartof></parts><date>24-09-20 01:15:20:324</date><id>0</id><type>bounding_box</type><polygon><username>anonymous</username><pt><x>1417</x><y>48</y><time>24-09-20 01:15:16:576</time></pt><pt><x>2728</x><y>48</y><time>24-09-20 01:15:17:968</time></pt><pt><x>2728</x><y>2465</y><time>undefined</time></pt><pt><x>1417</x><y>2465</y><time>undefined</time></pt><closed_date>24-09-20 01:15:17:969</closed_date></polygon></object></annotation>