<annotation><filename>m2_s06_244_p_nic005.jpg</filename><folder>users/joselusava//museos2020</folder><source><submittedBy>Jose Saca</submittedBy></source><imagesize><nrows>2910</nrows><ncols>4361</ncols></imagesize><object><name>m2_s06_244_p_nic005</name><deleted>0</deleted><verified>0</verified><occluded>no</occluded><attributes></attributes><parts><hasparts></hasparts><ispartof></ispartof></parts><date>24-09-20 19:49:40:274</date><id>0</id><type>bounding_box</type><polygon><username>anonymous</username><pt><x>2055</x><y>916</y><time>24-09-20 19:49:31:933</time></pt><pt><x>3812</x><y>916</y><time>24-09-20 19:49:33:238</time></pt><pt><x>3812</x><y>1725</y><time>undefined</time></pt><pt><x>2055</x><y>1725</y><time>undefined</time></pt><closed_date>24-09-20 19:49:33:240</closed_date></polygon></object></annotation>