<annotation><filename>m4_s04_039_p_nic100.jpg</filename><folder>users/joselusava//santiago_2</folder><source><submittedBy>Jose Saca</submittedBy></source><imagesize><nrows>2970</nrows><ncols>4451</ncols></imagesize><object><name>m4_s04_039_p_nic100</name><deleted>0</deleted><verified>0</verified><occluded>no</occluded><attributes></attributes><parts><hasparts></hasparts><ispartof></ispartof></parts><date>21-10-20 22:31:04:951</date><id>0</id><type>bounding_box</type><polygon><username>anonymous</username><pt><x>361</x><y>864</y><time>21-10-20 22:31:01:995</time></pt><pt><x>1028</x><y>864</y><time>21-10-20 22:31:03:073</time></pt><pt><x>1028</x><y>2806</y><time>undefined</time></pt><pt><x>361</x><y>2806</y><time>undefined</time></pt><closed_date>21-10-20 22:31:03:074</closed_date></polygon></object></annotation>