<annotation><filename>m1_s06_186_p_ic033.jpg</filename><folder>users/joselusava//jacob_2/186ic</folder><source><submittedBy>Jose Saca</submittedBy></source><imagesize><nrows>2736</nrows><ncols>4100</ncols></imagesize><object><name>s06_186_p_ic033</name><deleted>0</deleted><verified>0</verified><occluded>no</occluded><attributes></attributes><parts><hasparts></hasparts><ispartof></ispartof></parts><date>09-09-20 11:29:06:132</date><id>0</id><type>bounding_box</type><polygon><username>anonymous</username><pt><x>2471</x><y>147</y><time>09-09-20 11:29:03:872</time></pt><pt><x>1432</x><y>147</y><time>09-09-20 11:29:05:291</time></pt><pt><x>1432</x><y>2611</y><time>undefined</time></pt><pt><x>2471</x><y>2611</y><time>undefined</time></pt><closed_date>09-09-20 11:29:05:291</closed_date></polygon></object></annotation>