<annotation><filename>m4_s02_015_p_nic003.jpg</filename><folder>users/joselusava//m4_js/15nic</folder><source><submittedBy>Jose Saca</submittedBy></source><imagesize><nrows>2910</nrows><ncols>4361</ncols></imagesize><object><name>m4_s02_015_p_nic003</name><deleted>0</deleted><verified>0</verified><occluded>no</occluded><attributes></attributes><parts><hasparts></hasparts><ispartof></ispartof></parts><date>06-10-20 19:20:28:219</date><id>0</id><type>bounding_box</type><polygon><username>anonymous</username><pt><x>260</x><y>2211</y><time>06-10-20 19:20:26:103</time></pt><pt><x>1370</x><y>2211</y><time>06-10-20 19:20:27:445</time></pt><pt><x>1370</x><y>1040</y><time>undefined</time></pt><pt><x>260</x><y>1040</y><time>undefined</time></pt><closed_date>06-10-20 19:20:27:445</closed_date></polygon></object></annotation>