<annotation><filename>m4_s05_060_p_nic052.jpg</filename><folder>users/joselusava//m4_js/60/nic</folder><source><submittedBy>Jose Saca</submittedBy></source><imagesize><nrows>2910</nrows><ncols>4361</ncols></imagesize><object><name>m4_s05_060_p_nic052</name><deleted>0</deleted><verified>0</verified><occluded>no</occluded><attributes></attributes><parts><hasparts></hasparts><ispartof></ispartof></parts><date>14-10-20 00:03:11:688</date><id>0</id><type>bounding_box</type><polygon><username>anonymous</username><pt><x>3055</x><y>2324</y><time>14-10-20 00:03:09:092</time></pt><pt><x>35</x><y>2324</y><time>14-10-20 00:03:10:973</time></pt><pt><x>35</x><y>635</y><time>undefined</time></pt><pt><x>3055</x><y>635</y><time>undefined</time></pt><closed_date>14-10-20 00:03:10:973</closed_date></polygon></object></annotation>