<annotation><filename>m2_s01_032_p_nic010.jpg</filename><folder>users/joselusava//santiago_2</folder><source><submittedBy>Jose Saca</submittedBy></source><imagesize><nrows>2850</nrows><ncols>4271</ncols></imagesize><object><name>m2_s01_032_p_nic010</name><deleted>0</deleted><verified>0</verified><occluded>no</occluded><attributes></attributes><parts><hasparts></hasparts><ispartof></ispartof></parts><date>30-09-20 17:45:00:283</date><id>0</id><type>bounding_box</type><polygon><username>anonymous</username><pt><x>244</x><y>1296</y><time>30-09-20 17:44:57:458</time></pt><pt><x>1293</x><y>1296</y><time>30-09-20 17:44:58:506</time></pt><pt><x>1293</x><y>2412</y><time>undefined</time></pt><pt><x>244</x><y>2412</y><time>undefined</time></pt><closed_date>30-09-20 17:44:58:506</closed_date></polygon></object></annotation>