<annotation><filename>m3_s01_013_p_nic047.jpg</filename><folder>users/joselusava//valeria/m03_s01_13_nic</folder><source><submittedBy>Jose Saca</submittedBy></source><imagesize><nrows>2970</nrows><ncols>4451</ncols></imagesize><object><name>m3_s01_013_p_nic047</name><deleted>0</deleted><verified>0</verified><occluded>no</occluded><attributes></attributes><parts><hasparts></hasparts><ispartof></ispartof></parts><date>06-11-20 23:27:51:868</date><id>0</id><type>bounding_box</type><polygon><username>anonymous</username><pt><x>3004</x><y>2724</y><time>06-11-20 23:27:45:598</time></pt><pt><x>308</x><y>2724</y><time>06-11-20 23:27:48:523</time></pt><pt><x>308</x><y>617</y><time>undefined</time></pt><pt><x>3004</x><y>617</y><time>undefined</time></pt><closed_date>06-11-20 23:27:48:525</closed_date></polygon></object></annotation>