<annotation><filename>m2_s01_001_p_ic027.jpg</filename><folder>users/joselusava//santiago</folder><source><submittedBy>Jose Saca</submittedBy></source><imagesize><nrows>2850</nrows><ncols>4271</ncols></imagesize><object><name>m2_s01_001_p_ic027</name><deleted>0</deleted><verified>0</verified><occluded>no</occluded><attributes></attributes><parts><hasparts></hasparts><ispartof></ispartof></parts><date>19-09-20 08:13:19:482</date><id>0</id><type>bounding_box</type><polygon><username>anonymous</username><pt><x>587</x><y>135</y><time>19-09-20 08:13:02:475</time></pt><pt><x>3376</x><y>135</y><time>19-09-20 08:13:05:822</time></pt><pt><x>3376</x><y>2808</y><time>undefined</time></pt><pt><x>587</x><y>2808</y><time>undefined</time></pt><closed_date>19-09-20 08:13:05:823</closed_date></polygon></object></annotation>