<annotation><filename>m4_s09_138_p_ic087.jpg</filename><folder>users/joselusava//santiago_2</folder><source><submittedBy>Jose Saca</submittedBy></source><imagesize><nrows>2970</nrows><ncols>4451</ncols></imagesize><object><name>m4_s09_138_p_ic087</name><deleted>0</deleted><verified>0</verified><occluded>no</occluded><attributes></attributes><parts><hasparts></hasparts><ispartof></ispartof></parts><date>22-10-20 21:33:57:203</date><id>0</id><type>bounding_box</type><polygon><username>anonymous</username><pt><x>221</x><y>803</y><time>22-10-20 21:33:53:201</time></pt><pt><x>3734</x><y>803</y><time>22-10-20 21:33:54:608</time></pt><pt><x>3734</x><y>2481</y><time>undefined</time></pt><pt><x>221</x><y>2481</y><time>undefined</time></pt><closed_date>22-10-20 21:33:54:608</closed_date></polygon></object></annotation>