<annotation><filename>m1_s01_004_p_ic095.jpg</filename><folder>users/joselusava//valeria_apoyo/sala001_004ic_ok</folder><source><submittedBy>Jose Saca</submittedBy></source><imagesize><nrows>2000</nrows><ncols>2992</ncols></imagesize><object><name>m1_s01_004_p_ic095</name><deleted>0</deleted><verified>0</verified><occluded>no</occluded><attributes></attributes><parts><hasparts></hasparts><ispartof></ispartof></parts><date>16-09-20 17:01:46:610</date><id>0</id><type>bounding_box</type><polygon><username>anonymous</username><pt><x>49</x><y>1659</y><time>16-09-20 17:01:39:234</time></pt><pt><x>2534</x><y>1659</y><time>16-09-20 17:01:41:963</time></pt><pt><x>2534</x><y>580</y><time>undefined</time></pt><pt><x>49</x><y>580</y><time>undefined</time></pt><closed_date>16-09-20 17:01:41:964</closed_date></polygon></object></annotation>