<annotation><filename>m2_s02_129_p_nic015.jpg</filename><folder>users/joselusava//m2_jsv/129/nic</folder><source><submittedBy>Jose Saca</submittedBy></source><imagesize><nrows>2910</nrows><ncols>4361</ncols></imagesize><object><name>m2_s02_129_p_nic015</name><deleted>0</deleted><verified>0</verified><occluded>no</occluded><attributes></attributes><parts><hasparts></hasparts><ispartof></ispartof></parts><date>24-09-20 19:48:30:195</date><id>0</id><type>bounding_box</type><polygon><username>anonymous</username><pt><x>1645</x><y>1219</y><time>24-09-20 19:48:28:009</time></pt><pt><x>470</x><y>1219</y><time>24-09-20 19:48:29:391</time></pt><pt><x>470</x><y>183</y><time>undefined</time></pt><pt><x>1645</x><y>183</y><time>undefined</time></pt><closed_date>24-09-20 19:48:29:391</closed_date></polygon></object></annotation>