<annotation><filename>m4_s05_055_p_ic024.jpg</filename><folder>users/joselusava//valeria/m4_s05_055_ic</folder><source><submittedBy>Jose Saca</submittedBy></source><imagesize><nrows>2910</nrows><ncols>4361</ncols></imagesize><object><name>m4_s05_055_p_ic024</name><deleted>0</deleted><verified>0</verified><occluded>no</occluded><attributes></attributes><parts><hasparts></hasparts><ispartof></ispartof></parts><date>08-10-20 22:05:43:977</date><id>0</id><type>bounding_box</type><polygon><username>anonymous</username><pt><x>1229</x><y>347</y><time>08-10-20 22:05:38:311</time></pt><pt><x>3125</x><y>347</y><time>08-10-20 22:05:39:954</time></pt><pt><x>3125</x><y>2425</y><time>undefined</time></pt><pt><x>1229</x><y>2425</y><time>undefined</time></pt><closed_date>08-10-20 22:05:39:955</closed_date></polygon></object></annotation>