<annotation><filename>m2_s01_054_p_ic079.jpg</filename><folder>users/joselusava//kath</folder><source><submittedBy>Jose Saca</submittedBy></source><imagesize><nrows>2850</nrows><ncols>4271</ncols></imagesize><object><name>m2_s01_054_p_ic079</name><deleted>0</deleted><verified>0</verified><occluded>no</occluded><attributes></attributes><parts><hasparts></hasparts><ispartof></ispartof></parts><date>29-09-20 23:56:57:002</date><id>0</id><type>bounding_box</type><polygon><username>anonymous</username><pt><x>2639</x><y>393</y><time>29-09-20 23:56:50:590</time></pt><pt><x>1046</x><y>393</y><time>29-09-20 23:56:53:999</time></pt><pt><x>1046</x><y>2787</y><time>undefined</time></pt><pt><x>2639</x><y>2787</y><time>undefined</time></pt><closed_date>29-09-20 23:56:53:999</closed_date></polygon></object></annotation>