<annotation><filename>m1_s01_017_p_nic065.jpg</filename><folder>users/joselusava//santiago</folder><source><submittedBy>Jose Saca</submittedBy></source><imagesize><nrows>3200</nrows><ncols>4800</ncols></imagesize><object><name>m1_s01_017_p_nic065</name><deleted>0</deleted><verified>0</verified><occluded>no</occluded><attributes></attributes><parts><hasparts></hasparts><ispartof></ispartof></parts><date>11-09-20 19:33:33:914</date><id>0</id><type>bounding_box</type><polygon><username>anonymous</username><pt><x>3024</x><y>1303</y><time>11-09-20 19:33:26:421</time></pt><pt><x>3600</x><y>1303</y><time>11-09-20 19:33:27:743</time></pt><pt><x>3600</x><y>1721</y><time>undefined</time></pt><pt><x>3024</x><y>1721</y><time>undefined</time></pt><closed_date>11-09-20 19:33:27:745</closed_date></polygon></object></annotation>