<annotation><filename>m2_s01_010_p_ic097.jpg</filename><folder>users/joselusava//santiago</folder><source><submittedBy>Jose Saca</submittedBy></source><imagesize><nrows>2850</nrows><ncols>4271</ncols></imagesize><object><name>m2_s01_010_p_ic097</name><deleted>0</deleted><verified>0</verified><occluded>no</occluded><attributes></attributes><parts><hasparts></hasparts><ispartof></ispartof></parts><date>22-09-20 00:08:07:405</date><id>0</id><type>bounding_box</type><polygon><username>anonymous</username><pt><x>901</x><y>147</y><time>22-09-20 00:07:57:937</time></pt><pt><x>3324</x><y>147</y><time>22-09-20 00:07:59:986</time></pt><pt><x>3324</x><y>2651</y><time>undefined</time></pt><pt><x>901</x><y>2651</y><time>undefined</time></pt><closed_date>22-09-20 00:07:59:987</closed_date></polygon></object></annotation>