<annotation><filename>m4_s04_037_p_ic048.jpg</filename><folder>users/joselusava//santiago_2</folder><source><submittedBy>Jose Saca</submittedBy></source><imagesize><nrows>2970</nrows><ncols>4451</ncols></imagesize><object><name>m4_s04_037_p_ic048</name><deleted>0</deleted><verified>0</verified><occluded>no</occluded><attributes></attributes><parts><hasparts></hasparts><ispartof></ispartof></parts><date>18-10-20 17:31:15:524</date><id>0</id><type>bounding_box</type><polygon><username>anonymous</username><pt><x>1510</x><y>221</y><time>18-10-20 17:31:10:922</time></pt><pt><x>2920</x><y>221</y><time>18-10-20 17:31:12:579</time></pt><pt><x>2920</x><y>2531</y><time>undefined</time></pt><pt><x>1510</x><y>2531</y><time>undefined</time></pt><closed_date>18-10-20 17:31:12:580</closed_date></polygon></object></annotation>