<annotation><filename>m2_s01_058_p_ic016.jpg</filename><folder>users/joselusava//m2_jsv/58/ic</folder><source><submittedBy>Jose Saca</submittedBy></source><imagesize><nrows>2850</nrows><ncols>4271</ncols></imagesize><object><name>m2_s01_058_p_ic016</name><deleted>0</deleted><verified>0</verified><occluded>no</occluded><attributes></attributes><parts><hasparts></hasparts><ispartof></ispartof></parts><date>29-09-20 13:03:59:952</date><id>0</id><type>bounding_box</type><polygon><username>anonymous</username><pt><x>221</x><y>25</y><time>29-09-20 13:03:57:513</time></pt><pt><x>3762</x><y>25</y><time>29-09-20 13:03:59:268</time></pt><pt><x>3762</x><y>2437</y><time>undefined</time></pt><pt><x>221</x><y>2437</y><time>undefined</time></pt><closed_date>29-09-20 13:03:59:268</closed_date></polygon></object></annotation>