<annotation><filename>m2_s07_264_p_ic085.jpg</filename><folder>users/joselusava//valeria/sala7_264_ic</folder><source><submittedBy>Jose Saca</submittedBy></source><imagesize><nrows>2910</nrows><ncols>4361</ncols></imagesize><object><name>m2_s07_264_p_ic085</name><deleted>0</deleted><verified>0</verified><occluded>no</occluded><attributes></attributes><parts><hasparts></hasparts><ispartof></ispartof></parts><date>23-09-20 12:23:54:637</date><id>0</id><type>bounding_box</type><polygon><username>anonymous</username><pt><x>1527</x><y>446</y><time>23-09-20 12:23:47:926</time></pt><pt><x>3114</x><y>446</y><time>23-09-20 12:23:50:638</time></pt><pt><x>3114</x><y>2425</y><time>undefined</time></pt><pt><x>1527</x><y>2425</y><time>undefined</time></pt><closed_date>23-09-20 12:23:50:639</closed_date></polygon></object></annotation>