<annotation><filename>m4_s04_037_p_nic020.jpg</filename><folder>users/joselusava//santiago_2</folder><source><submittedBy>Jose Saca</submittedBy></source><imagesize><nrows>2970</nrows><ncols>4451</ncols></imagesize><object><name>m4_s04_037_p_nic020</name><deleted>0</deleted><verified>0</verified><occluded>no</occluded><attributes></attributes><parts><hasparts></hasparts><ispartof></ispartof></parts><date>19-10-20 22:05:10:285</date><id>0</id><type>bounding_box</type><polygon><username>anonymous</username><pt><x>3006</x><y>1185</y><time>19-10-20 22:05:06:082</time></pt><pt><x>4055</x><y>1185</y><time>19-10-20 22:05:07:189</time></pt><pt><x>4055</x><y>2485</y><time>undefined</time></pt><pt><x>3006</x><y>2485</y><time>undefined</time></pt><closed_date>19-10-20 22:05:07:190</closed_date></polygon></object></annotation>