<annotation><filename>m1_s02_036_p_nic051.jpg</filename><folder>users/joselusava//valeria/sala2_036_nic</folder><source><submittedBy>Jose Saca</submittedBy></source><imagesize><nrows>3200</nrows><ncols>4800</ncols></imagesize><object><name>m1_s02_036_p_nic050</name><deleted>0</deleted><verified>0</verified><occluded>no</occluded><attributes/><parts><hasparts/><ispartof/></parts><date>26-08-20 23:59:20:105</date><id>0</id><type>bounding_box</type><polygon><username>anonymous</username><pt><x>1068</x><y>451</y><time>26-08-20 23:59:15:039</time></pt><pt><x>2303</x><y>451</y><time>26-08-20 23:59:16:992</time></pt><pt><x>2303</x><y>1552</y><time>undefined</time></pt><pt><x>1068</x><y>1552</y><time>undefined</time></pt><closed_date>26-08-20 23:59:16:993</closed_date></polygon></object><object><name>m1_s02_036_p_nic051</name><deleted>0</deleted><verified>0</verified><occluded>no</occluded><attributes></attributes><parts><hasparts></hasparts><ispartof></ispartof></parts><date>27-08-20 00:24:06:543</date><id>1</id><type>bounding_box</type><polygon><username>anonymous</username><pt><x>1042</x><y>430</y><time>27-08-20 00:23:53:169</time></pt><pt><x>2303</x><y>430</y><time>27-08-20 00:23:55:302</time></pt><pt><x>2303</x><y>1552</y><time>undefined</time></pt><pt><x>1042</x><y>1552</y><time>undefined</time></pt><closed_date>27-08-20 00:23:55:302</closed_date></polygon></object></annotation>