<annotation><filename>m4_s05_052_p_ic005.jpg</filename><folder>users/joselusava//santiago_2</folder><source><submittedBy>Jose Saca</submittedBy></source><imagesize><nrows>2910</nrows><ncols>4361</ncols></imagesize><object><name>m4_s05_052_p_ic005</name><deleted>0</deleted><verified>0</verified><occluded>no</occluded><attributes></attributes><parts><hasparts></hasparts><ispartof></ispartof></parts><date>07-10-20 16:18:10:320</date><id>0</id><type>bounding_box</type><polygon><username>anonymous</username><pt><x>1327</x><y>551</y><time>07-10-20 16:18:05:677</time></pt><pt><x>3222</x><y>551</y><time>07-10-20 16:18:07:839</time></pt><pt><x>3222</x><y>2657</y><time>undefined</time></pt><pt><x>1327</x><y>2657</y><time>undefined</time></pt><closed_date>07-10-20 16:18:07:839</closed_date></polygon></object></annotation>