<annotation><filename>m4_s09_138_p_ic080.jpg</filename><folder>users/joselusava//santiago_2</folder><source><submittedBy>Jose Saca</submittedBy></source><imagesize><nrows>2970</nrows><ncols>4451</ncols></imagesize><object><name>m4_s09_138_p_ic080</name><deleted>0</deleted><verified>0</verified><occluded>no</occluded><attributes></attributes><parts><hasparts></hasparts><ispartof></ispartof></parts><date>22-10-20 21:28:03:148</date><id>0</id><type>bounding_box</type><polygon><username>anonymous</username><pt><x>762</x><y>672</y><time>22-10-20 21:27:52:604</time></pt><pt><x>3645</x><y>672</y><time>22-10-20 21:27:54:154</time></pt><pt><x>3645</x><y>2235</y><time>undefined</time></pt><pt><x>762</x><y>2235</y><time>undefined</time></pt><closed_date>22-10-20 21:27:54:155</closed_date></polygon></object></annotation>