<annotation><filename>m4_s11_178_p_nic067.jpg</filename><folder>users/joselusava//santiago_2</folder><source><submittedBy>Jose Saca</submittedBy></source><imagesize><nrows>2970</nrows><ncols>4451</ncols></imagesize><object><name>m4_s11_178_p_nic067</name><deleted>0</deleted><verified>0</verified><occluded>no</occluded><attributes></attributes><parts><hasparts></hasparts><ispartof></ispartof></parts><date>16-10-20 11:29:08:566</date><id>0</id><type>bounding_box</type><polygon><username>anonymous</username><pt><x>518</x><y>835</y><time>16-10-20 11:29:05:456</time></pt><pt><x>1635</x><y>835</y><time>16-10-20 11:29:06:659</time></pt><pt><x>1635</x><y>2024</y><time>undefined</time></pt><pt><x>518</x><y>2024</y><time>undefined</time></pt><closed_date>16-10-20 11:29:06:661</closed_date></polygon></object></annotation>