<annotation><filename>m2_s07_264_p_nic020.jpg</filename><folder>users/joselusava//valeria/sala7_264_nic</folder><source><submittedBy>Jose Saca</submittedBy></source><imagesize><nrows>2910</nrows><ncols>4361</ncols></imagesize><object><name>m2_s07_264_p_nic020</name><deleted>0</deleted><verified>0</verified><occluded>no</occluded><attributes></attributes><parts><hasparts></hasparts><ispartof></ispartof></parts><date>23-09-20 19:42:21:348</date><id>0</id><type>bounding_box</type><polygon><username>anonymous</username><pt><x>2734</x><y>2304</y><time>23-09-20 19:42:15:192</time></pt><pt><x>4001</x><y>2304</y><time>23-09-20 19:42:17:960</time></pt><pt><x>4001</x><y>612</y><time>undefined</time></pt><pt><x>2734</x><y>612</y><time>undefined</time></pt><closed_date>23-09-20 19:42:17:961</closed_date></polygon></object></annotation>