<annotation><filename>m1_s06_168_p_nic095.jpg</filename><folder>users/joselusava//jacob_2/168nic</folder><source><submittedBy>Jose Saca</submittedBy></source><imagesize><nrows>2736</nrows><ncols>4100</ncols></imagesize><object><name>m1_s06_168_p_nic095</name><deleted>0</deleted><verified>0</verified><occluded>no</occluded><attributes></attributes><parts><hasparts></hasparts><ispartof></ispartof></parts><date>09-09-20 11:02:56:717</date><id>0</id><type>bounding_box</type><polygon><username>anonymous</username><pt><x>516</x><y>2152</y><time>09-09-20 11:02:54:747</time></pt><pt><x>1882</x><y>2152</y><time>09-09-20 11:02:55:921</time></pt><pt><x>1882</x><y>556</y><time>undefined</time></pt><pt><x>516</x><y>556</y><time>undefined</time></pt><closed_date>09-09-20 11:02:55:921</closed_date></polygon></object></annotation>