<annotation><filename>m4_s07_105_p_nic063.jpg</filename><folder>users/joselusava//kath/m4_105/nic</folder><source><submittedBy>Jose Saca</submittedBy></source><imagesize><nrows>2970</nrows><ncols>4451</ncols></imagesize><object><name>m4_s07_105_p_nic063</name><deleted>0</deleted><verified>0</verified><occluded>no</occluded><attributes></attributes><parts><hasparts></hasparts><ispartof></ispartof></parts><date>03-11-20 09:01:03:703</date><id>0</id><type>bounding_box</type><polygon><username>anonymous</username><pt><x>471</x><y>2398</y><time>03-11-20 09:00:59:815</time></pt><pt><x>1336</x><y>2398</y><time>03-11-20 09:01:01:440</time></pt><pt><x>1336</x><y>908</y><time>undefined</time></pt><pt><x>471</x><y>908</y><time>undefined</time></pt><closed_date>03-11-20 09:01:01:441</closed_date></polygon></object></annotation>