<annotation><filename>m1_s06_144_p_ic007.jpg</filename><folder>users/joselusava//jacob_2/144ic</folder><source><submittedBy>Jose Saca</submittedBy></source><imagesize><nrows>2736</nrows><ncols>4100</ncols></imagesize><object><name>m1_s06_144_p_ic007</name><deleted>0</deleted><verified>0</verified><occluded>no</occluded><attributes></attributes><parts><hasparts></hasparts><ispartof></ispartof></parts><date>07-09-20 02:21:03:372</date><id>0</id><type>bounding_box</type><polygon><username>anonymous</username><pt><x>933</x><y>2586</y><time>07-09-20 02:20:57:850</time></pt><pt><x>3216</x><y>2586</y><time>07-09-20 02:21:00:871</time></pt><pt><x>3216</x><y>188</y><time>undefined</time></pt><pt><x>933</x><y>188</y><time>undefined</time></pt><closed_date>07-09-20 02:21:00:871</closed_date></polygon></object></annotation>