<annotation><filename>m3_s01_002_p_ic098.jpg</filename><folder>users/joselusava//santiago_3</folder><source><submittedBy>Jose Saca</submittedBy></source><imagesize><nrows>2970</nrows><ncols>4451</ncols></imagesize><object><name>m3_s01_002_p_ic098</name><deleted>0</deleted><verified>0</verified><occluded>no</occluded><attributes></attributes><parts><hasparts></hasparts><ispartof></ispartof></parts><date>29-10-20 13:39:45:636</date><id>0</id><type>bounding_box</type><polygon><username>anonymous</username><pt><x>771</x><y>682</y><time>29-10-20 13:39:41:701</time></pt><pt><x>3513</x><y>682</y><time>29-10-20 13:39:43:049</time></pt><pt><x>3513</x><y>2395</y><time>undefined</time></pt><pt><x>771</x><y>2395</y><time>undefined</time></pt><closed_date>29-10-20 13:39:43:051</closed_date></polygon></object></annotation>