<annotation><filename>m4_s04_037_p_ic097.jpg</filename><folder>users/joselusava//santiago_2</folder><source><submittedBy>Jose Saca</submittedBy></source><imagesize><nrows>2970</nrows><ncols>4451</ncols></imagesize><object><name>m4_s04_037_p_ic097</name><deleted>0</deleted><verified>0</verified><occluded>no</occluded><attributes></attributes><parts><hasparts></hasparts><ispartof></ispartof></parts><date>18-10-20 22:32:20:759</date><id>0</id><type>bounding_box</type><polygon><username>anonymous</username><pt><x>1503</x><y>203</y><time>18-10-20 22:32:11:212</time></pt><pt><x>3056</x><y>203</y><time>18-10-20 22:32:12:322</time></pt><pt><x>3056</x><y>2695</y><time>undefined</time></pt><pt><x>1503</x><y>2695</y><time>undefined</time></pt><closed_date>18-10-20 22:32:12:322</closed_date></polygon></object></annotation>