<annotation><filename>m2_s01_058_p_nic069.jpg</filename><folder>users/joselusava//m2_jsv/58/nic</folder><source><submittedBy>Jose Saca</submittedBy></source><imagesize><nrows>2850</nrows><ncols>4271</ncols></imagesize><object><name>m2_s01_058_p_nic069</name><deleted>0</deleted><verified>0</verified><occluded>no</occluded><attributes></attributes><parts><hasparts></hasparts><ispartof></ispartof></parts><date>29-09-20 23:18:47:825</date><id>0</id><type>bounding_box</type><polygon><username>anonymous</username><pt><x>2165</x><y>1211</y><time>29-09-20 23:18:45:682</time></pt><pt><x>1100</x><y>1211</y><time>29-09-20 23:18:47:034</time></pt><pt><x>1100</x><y>264</y><time>undefined</time></pt><pt><x>2165</x><y>264</y><time>undefined</time></pt><closed_date>29-09-20 23:18:47:034</closed_date></polygon></object></annotation>