<annotation><filename>m2_s01_018_p_ic058.jpg</filename><folder>users/joselusava//santiago_2</folder><source><submittedBy>Jose Saca</submittedBy></source><imagesize><nrows>2850</nrows><ncols>4271</ncols></imagesize><object><name>m2_s01_018_p_ic058</name><deleted>0</deleted><verified>0</verified><occluded>no</occluded><attributes></attributes><parts><hasparts></hasparts><ispartof></ispartof></parts><date>28-09-20 17:44:20:464</date><id>0</id><type>bounding_box</type><polygon><username>anonymous</username><pt><x>1564</x><y>712</y><time>28-09-20 17:44:05:367</time></pt><pt><x>2847</x><y>712</y><time>28-09-20 17:44:06:670</time></pt><pt><x>2847</x><y>2106</y><time>undefined</time></pt><pt><x>1564</x><y>2106</y><time>undefined</time></pt><closed_date>28-09-20 17:44:06:670</closed_date></polygon></object></annotation>