<annotation><filename>m4_s04_039_p_nic047.jpg</filename><folder>users/joselusava//santiago_2</folder><source><submittedBy>Jose Saca</submittedBy></source><imagesize><nrows>2970</nrows><ncols>4451</ncols></imagesize><object><name>m4_s04_039_p_nic047</name><deleted>0</deleted><verified>0</verified><occluded>no</occluded><attributes></attributes><parts><hasparts></hasparts><ispartof></ispartof></parts><date>21-10-20 21:38:26:268</date><id>0</id><type>bounding_box</type><polygon><username>anonymous</username><pt><x>3145</x><y>114</y><time>21-10-20 21:38:21:770</time></pt><pt><x>3884</x><y>114</y><time>21-10-20 21:38:24:112</time></pt><pt><x>3884</x><y>2881</y><time>undefined</time></pt><pt><x>3145</x><y>2881</y><time>undefined</time></pt><closed_date>21-10-20 21:38:24:113</closed_date></polygon></object></annotation>