<annotation><filename>m1_s02_065_p_nic040.jpg</filename><folder>users/joselusava//valeria/sala2_065_nic</folder><source><submittedBy>Jose Saca</submittedBy></source><imagesize><nrows>2000</nrows><ncols>2992</ncols></imagesize><object><name>m1_s02_065_p_nic040</name><deleted>0</deleted><verified>0</verified><occluded>no</occluded><attributes></attributes><parts><hasparts></hasparts><ispartof></ispartof></parts><date>27-08-20 22:59:26:370</date><id>0</id><type>bounding_box</type><polygon><username>anonymous</username><pt><x>2977</x><y>1903</y><time>27-08-20 22:59:16:622</time></pt><pt><x>641</x><y>1903</y><time>27-08-20 22:59:19:211</time></pt><pt><x>641</x><y>366</y><time>undefined</time></pt><pt><x>2977</x><y>366</y><time>undefined</time></pt><closed_date>27-08-20 22:59:19:212</closed_date></polygon></object></annotation>