<annotation><filename>m4_s03_025_p_nic094.jpg</filename><folder>users/joselusava//santiago_3</folder><source><submittedBy>Jose Saca</submittedBy></source><imagesize><nrows>2910</nrows><ncols>4361</ncols></imagesize><object><name>m4_s03_025_p_nic094</name><deleted>0</deleted><verified>0</verified><occluded>no</occluded><attributes></attributes><parts><hasparts></hasparts><ispartof></ispartof></parts><date>08-11-20 14:31:07:336</date><id>0</id><type>bounding_box</type><polygon><username>anonymous</username><pt><x>1640</x><y>801</y><time>08-11-20 14:31:03:945</time></pt><pt><x>3879</x><y>801</y><time>08-11-20 14:31:05:146</time></pt><pt><x>3879</x><y>2032</y><time>undefined</time></pt><pt><x>1640</x><y>2032</y><time>undefined</time></pt><closed_date>08-11-20 14:31:05:148</closed_date></polygon></object></annotation>