<annotation><filename>m1_s01_001_p_nic017.jpg</filename><folder>users/joselusava//juancarlos</folder><source><submittedBy>Jose Saca</submittedBy></source><imagesize><nrows>3200</nrows><ncols>4800</ncols></imagesize><object><name>m1_s01_001_p_nic017</name><deleted>0</deleted><verified>0</verified><occluded>no</occluded><attributes></attributes><parts><hasparts></hasparts><ispartof></ispartof></parts><date>02-09-20 12:08:13:694</date><id>0</id><type>bounding_box</type><polygon><username>anonymous</username><pt><x>1121</x><y>2055</y><time>02-09-20 12:08:01:455</time></pt><pt><x>2461</x><y>2055</y><time>02-09-20 12:08:03:740</time></pt><pt><x>2461</x><y>2903</y><time>undefined</time></pt><pt><x>1121</x><y>2903</y><time>undefined</time></pt><closed_date>02-09-20 12:08:03:743</closed_date></polygon></object></annotation>