<annotation><filename>m1_s02_052_p_nic020.jpg</filename><folder>users/joselusava//valeria/sala2_052_nic</folder><source><submittedBy>Jose Saca</submittedBy></source><imagesize><nrows>3200</nrows><ncols>4800</ncols></imagesize><object><name>m1_s02_052_p_nic020</name><deleted>0</deleted><verified>0</verified><occluded>no</occluded><attributes></attributes><parts><hasparts></hasparts><ispartof></ispartof></parts><date>27-08-20 14:44:37:230</date><id>0</id><type>bounding_box</type><polygon><username>anonymous</username><pt><x>2234</x><y>1573</y><time>27-08-20 14:44:30:641</time></pt><pt><x>854</x><y>1573</y><time>27-08-20 14:44:32:424</time></pt><pt><x>854</x><y>440</y><time>undefined</time></pt><pt><x>2234</x><y>440</y><time>undefined</time></pt><closed_date>27-08-20 14:44:32:425</closed_date></polygon></object></annotation>