<annotation><filename>m2_s01_034_p_ic044.jpg</filename><folder>users/joselusava//kath</folder><source><submittedBy>Jose Saca</submittedBy></source><imagesize><nrows>2850</nrows><ncols>4271</ncols></imagesize><object><name>m2_s01_034_p_ic044</name><deleted>0</deleted><verified>0</verified><occluded>no</occluded><attributes></attributes><parts><hasparts></hasparts><ispartof></ispartof></parts><date>25-09-20 13:54:22:825</date><id>0</id><type>bounding_box</type><polygon><username>anonymous</username><pt><x>1404</x><y>193</y><time>25-09-20 13:54:12:981</time></pt><pt><x>2965</x><y>193</y><time>25-09-20 13:54:17:892</time></pt><pt><x>2965</x><y>2685</y><time>undefined</time></pt><pt><x>1404</x><y>2685</y><time>undefined</time></pt><closed_date>25-09-20 13:54:17:893</closed_date></polygon></object></annotation>