<annotation><filename>m4_s02_021_p_ic064.jpg</filename><folder>users/joselusava//santiago_2</folder><source><submittedBy>Jose Saca</submittedBy></source><imagesize><nrows>3000</nrows><ncols>4496</ncols></imagesize><object><name>m4_s02_021_p_ic064</name><deleted>0</deleted><verified>0</verified><occluded>no</occluded><attributes></attributes><parts><hasparts></hasparts><ispartof></ispartof></parts><date>04-10-20 19:06:56:075</date><id>0</id><type>bounding_box</type><polygon><username>anonymous</username><pt><x>1589</x><y>346</y><time>04-10-20 19:06:51:922</time></pt><pt><x>2814</x><y>346</y><time>04-10-20 19:06:53:517</time></pt><pt><x>2814</x><y>2354</y><time>undefined</time></pt><pt><x>1589</x><y>2354</y><time>undefined</time></pt><closed_date>04-10-20 19:06:53:518</closed_date></polygon></object></annotation>