<annotation><filename>m2_s02_190_p_nic082.jpg</filename><folder>users/joselusava//m2_jsv/190/nic</folder><source><submittedBy>Jose Saca</submittedBy></source><imagesize><nrows>2910</nrows><ncols>4361</ncols></imagesize><object><name>m2_s02_190_p_nic082</name><deleted>0</deleted><verified>0</verified><occluded>no</occluded><attributes></attributes><parts><hasparts></hasparts><ispartof></ispartof></parts><date>21-09-20 15:23:25:191</date><id>0</id><type>bounding_box</type><polygon><username>anonymous</username><pt><x>1515</x><y>2037</y><time>21-09-20 15:23:23:161</time></pt><pt><x>435</x><y>2037</y><time>21-09-20 15:23:24:591</time></pt><pt><x>435</x><y>958</y><time>undefined</time></pt><pt><x>1515</x><y>958</y><time>undefined</time></pt><closed_date>21-09-20 15:23:24:591</closed_date></polygon></object></annotation>