<annotation><filename>m4_s02_015_p_nic021.jpg</filename><folder>users/joselusava//m4_js/caca</folder><source><submittedBy>Jose Saca</submittedBy></source><imagesize><nrows>2910</nrows><ncols>4361</ncols></imagesize><object><name>m4_s02_015_p_nic021</name><deleted>0</deleted><verified>0</verified><occluded>no</occluded><attributes></attributes><parts><hasparts></hasparts><ispartof></ispartof></parts><date>02-11-20 21:11:23:752</date><id>0</id><type>bounding_box</type><polygon><username>anonymous</username><pt><x>4152</x><y>862</y><time>02-11-20 21:11:21:973</time></pt><pt><x>2777</x><y>862</y><time>02-11-20 21:11:23:229</time></pt><pt><x>2777</x><y>2542</y><time>undefined</time></pt><pt><x>4152</x><y>2542</y><time>undefined</time></pt><closed_date>02-11-20 21:11:23:230</closed_date></polygon></object></annotation>