<annotation><filename>m2_s01_024_p_nic033.jpg</filename><folder>users/joselusava//santiago</folder><source><submittedBy>Jose Saca</submittedBy></source><imagesize><nrows>2850</nrows><ncols>4271</ncols></imagesize><object><name>m2_s01_024_p_nic033</name><deleted>0</deleted><verified>0</verified><occluded>no</occluded><attributes></attributes><parts><hasparts></hasparts><ispartof></ispartof></parts><date>25-09-20 14:00:55:719</date><id>0</id><type>bounding_box</type><polygon><username>anonymous</username><pt><x>378</x><y>773</y><time>25-09-20 14:00:48:607</time></pt><pt><x>1237</x><y>773</y><time>25-09-20 14:00:50:062</time></pt><pt><x>1237</x><y>2218</y><time>undefined</time></pt><pt><x>378</x><y>2218</y><time>undefined</time></pt><closed_date>25-09-20 14:00:50:064</closed_date></polygon></object></annotation>