<annotation><filename>m1_s06_168_p_nic086.jpg</filename><folder>users/joselusava//jacob_2/168nic</folder><source><submittedBy>Jose Saca</submittedBy></source><imagesize><nrows>2736</nrows><ncols>4100</ncols></imagesize><object><name>m1_s06_168_p_nic086</name><deleted>0</deleted><verified>0</verified><occluded>no</occluded><attributes></attributes><parts><hasparts></hasparts><ispartof></ispartof></parts><date>09-09-20 10:59:26:519</date><id>0</id><type>bounding_box</type><polygon><username>anonymous</username><pt><x>3699</x><y>2169</y><time>09-09-20 10:59:24:372</time></pt><pt><x>2341</x><y>2169</y><time>09-09-20 10:59:25:874</time></pt><pt><x>2341</x><y>581</y><time>undefined</time></pt><pt><x>3699</x><y>581</y><time>undefined</time></pt><closed_date>09-09-20 10:59:25:874</closed_date></polygon></object></annotation>