<annotation><filename>m2_s07_264_p_ic048.jpg</filename><folder>users/joselusava//valeria/sala7_264_ic</folder><source><submittedBy>Jose Saca</submittedBy></source><imagesize><nrows>2910</nrows><ncols>4361</ncols></imagesize><object><name>m2_s07_264_p_ic048</name><deleted>0</deleted><verified>0</verified><occluded>no</occluded><attributes></attributes><parts><hasparts></hasparts><ispartof></ispartof></parts><date>23-09-20 11:08:18:922</date><id>0</id><type>bounding_box</type><polygon><username>anonymous</username><pt><x>1290</x><y>347</y><time>23-09-20 11:08:14:047</time></pt><pt><x>2838</x><y>347</y><time>23-09-20 11:08:15:546</time></pt><pt><x>2838</x><y>2596</y><time>undefined</time></pt><pt><x>1290</x><y>2596</y><time>undefined</time></pt><closed_date>23-09-20 11:08:15:547</closed_date></polygon></object></annotation>