<annotation><filename>m1_s06_144_p_nic095.jpg</filename><folder>users/joselusava//jacob_2/144nic</folder><source><submittedBy>Jose Saca</submittedBy></source><imagesize><nrows>2736</nrows><ncols>4100</ncols></imagesize><object><name>m1_s06_144_p_nic095</name><deleted>0</deleted><verified>0</verified><occluded>no</occluded><attributes></attributes><parts><hasparts></hasparts><ispartof></ispartof></parts><date>08-09-20 14:04:19:856</date><id>0</id><type>bounding_box</type><polygon><username>anonymous</username><pt><x>293</x><y>2038</y><time>08-09-20 14:04:17:378</time></pt><pt><x>2103</x><y>2038</y><time>08-09-20 14:04:19:156</time></pt><pt><x>2103</x><y>522</y><time>undefined</time></pt><pt><x>293</x><y>522</y><time>undefined</time></pt><closed_date>08-09-20 14:04:19:156</closed_date></polygon></object></annotation>