<annotation><filename>m1_s10_277_x.jpg</filename><folder>users/joselusava//santiago</folder><source><submittedBy>Jose Saca</submittedBy></source><imagesize><nrows>3200</nrows><ncols>4800</ncols></imagesize><object><name>m1_s10_277_x</name><deleted>0</deleted><verified>0</verified><occluded>no</occluded><attributes></attributes><parts><hasparts></hasparts><ispartof></ispartof></parts><date>28-08-20 15:13:59:884</date><id>0</id><type>bounding_box</type><polygon><username>anonymous</username><pt><x>806</x><y>497</y><time>28-08-20 15:13:50:955</time></pt><pt><x>3830</x><y>497</y><time>28-08-20 15:13:53:909</time></pt><pt><x>3830</x><y>2829</y><time>undefined</time></pt><pt><x>806</x><y>2829</y><time>undefined</time></pt><closed_date>28-08-20 15:13:53:911</closed_date></polygon></object></annotation>