<annotation><filename>m3_s01_002_p_nic056.jpg</filename><folder>users/joselusava//santiago_3</folder><source><submittedBy>Jose Saca</submittedBy></source><imagesize><nrows>2970</nrows><ncols>4451</ncols></imagesize><object><name>m3_s01_002_p_nic056</name><deleted>0</deleted><verified>0</verified><occluded>no</occluded><attributes></attributes><parts><hasparts></hasparts><ispartof></ispartof></parts><date>29-10-20 20:50:51:759</date><id>0</id><type>bounding_box</type><polygon><username>anonymous</username><pt><x>2185</x><y>967</y><time>29-10-20 20:50:48:524</time></pt><pt><x>4073</x><y>967</y><time>29-10-20 20:50:49:895</time></pt><pt><x>4073</x><y>2342</y><time>undefined</time></pt><pt><x>2185</x><y>2342</y><time>undefined</time></pt><closed_date>29-10-20 20:50:49:896</closed_date></polygon></object></annotation>