<annotation><filename>m4_s10_157_p_ic026.jpg</filename><folder>users/joselusava//valeria/m04_s10_157_nic</folder><source><submittedBy>Jose Saca</submittedBy></source><imagesize><nrows>2970</nrows><ncols>4451</ncols></imagesize><object><name>m4_s10_157_p_nic026</name><deleted>0</deleted><verified>0</verified><occluded>no</occluded><attributes></attributes><parts><hasparts></hasparts><ispartof></ispartof></parts><date>12-10-20 19:24:17:512</date><id>0</id><type>bounding_box</type><polygon><username>anonymous</username><pt><x>180</x><y>2886</y><time>12-10-20 19:24:11:767</time></pt><pt><x>2003</x><y>2886</y><time>12-10-20 19:24:13:762</time></pt><pt><x>2003</x><y>816</y><time>undefined</time></pt><pt><x>180</x><y>816</y><time>undefined</time></pt><closed_date>12-10-20 19:24:13:762</closed_date></polygon></object></annotation>