<annotation><filename>m4_s12_186_p_nic092.jpg</filename><folder>users/joselusava//m4_js/186/nic</folder><source><submittedBy>Jose Saca</submittedBy></source><imagesize><nrows>3899</nrows><ncols>5844</ncols></imagesize><object><name>m4_s12_186_p_nic091</name><deleted>0</deleted><verified>0</verified><occluded>no</occluded><attributes></attributes><parts><hasparts></hasparts><ispartof></ispartof></parts><date>18-10-20 12:20:55:821</date><id>0</id><type>bounding_box</type><polygon><username>anonymous</username><pt><x>5844</x><y>3523</y><time>18-10-20 12:20:53:381</time></pt><pt><x>2893</x><y>3523</y><time>18-10-20 12:20:55:063</time></pt><pt><x>2893</x><y>23</y><time>undefined</time></pt><pt><x>5844</x><y>23</y><time>undefined</time></pt><closed_date>18-10-20 12:20:55:063</closed_date></polygon></object></annotation>