<annotation><filename>m3_s01_023_p_nic011.jpg</filename><folder>users/joselusava//santiago_3</folder><source><submittedBy>Jose Saca</submittedBy></source><imagesize><nrows>2970</nrows><ncols>4451</ncols></imagesize><object><name>m3_s01_023_p_nic011</name><deleted>0</deleted><verified>0</verified><occluded>no</occluded><attributes></attributes><parts><hasparts></hasparts><ispartof></ispartof></parts><date>06-11-20 08:52:12:433</date><id>0</id><type>bounding_box</type><polygon><username>anonymous</username><pt><x>493</x><y>175</y><time>06-11-20 08:52:08:985</time></pt><pt><x>2941</x><y>175</y><time>06-11-20 08:52:10:279</time></pt><pt><x>2941</x><y>1878</y><time>undefined</time></pt><pt><x>493</x><y>1878</y><time>undefined</time></pt><closed_date>06-11-20 08:52:10:281</closed_date></polygon></object></annotation>