<annotation><filename>m4_s03_025_p_nic021.jpg</filename><folder>users/joselusava//santiago_3</folder><source><submittedBy>Jose Saca</submittedBy></source><imagesize><nrows>2910</nrows><ncols>4361</ncols></imagesize><object><name>m4_s03_025_p_nic021</name><deleted>0</deleted><verified>0</verified><occluded>no</occluded><attributes></attributes><parts><hasparts></hasparts><ispartof></ispartof></parts><date>07-11-20 23:32:04:071</date><id>0</id><type>bounding_box</type><polygon><username>anonymous</username><pt><x>252</x><y>969</y><time>07-11-20 23:31:57:406</time></pt><pt><x>2462</x><y>969</y><time>07-11-20 23:31:58:861</time></pt><pt><x>2462</x><y>2245</y><time>undefined</time></pt><pt><x>252</x><y>2245</y><time>undefined</time></pt><closed_date>07-11-20 23:31:58:861</closed_date></polygon></object></annotation>