<annotation><filename>m1_s01_021_p_ic084.jpg</filename><folder>users/joselusava//santiago</folder><source><submittedBy>Jose Saca</submittedBy></source><imagesize><nrows>3200</nrows><ncols>4800</ncols></imagesize><object><name>m1_s01_021_p_ic084</name><deleted>0</deleted><verified>0</verified><occluded>no</occluded><attributes></attributes><parts><hasparts></hasparts><ispartof></ispartof></parts><date>15-09-20 00:10:00:955</date><id>0</id><type>bounding_box</type><polygon><username>anonymous</username><pt><x>1274</x><y>778</y><time>15-09-20 00:09:52:577</time></pt><pt><x>2649</x><y>778</y><time>15-09-20 00:09:54:669</time></pt><pt><x>2649</x><y>2509</y><time>undefined</time></pt><pt><x>1274</x><y>2509</y><time>undefined</time></pt><closed_date>15-09-20 00:09:54:670</closed_date></polygon></object></annotation>