<annotation><filename>m3_s01_002_p_ic057.jpg</filename><folder>users/joselusava//santiago_3</folder><source><submittedBy>Jose Saca</submittedBy></source><imagesize><nrows>2970</nrows><ncols>4451</ncols></imagesize><object><name>m3_s01_002_p_ic057</name><deleted>0</deleted><verified>0</verified><occluded>no</occluded><attributes></attributes><parts><hasparts></hasparts><ispartof></ispartof></parts><date>08-11-20 13:13:49:794</date><id>0</id><type>bounding_box</type><polygon><username>anonymous</username><pt><x>625</x><y>2509</y><time>08-11-20 13:13:44:115</time></pt><pt><x>3700</x><y>2509</y><time>08-11-20 13:13:47:155</time></pt><pt><x>3700</x><y>466</y><time>undefined</time></pt><pt><x>625</x><y>466</y><time>undefined</time></pt><closed_date>08-11-20 13:13:47:156</closed_date></polygon></object></annotation>