<annotation><filename>m4_s02_015_p_ic046.jpg</filename><folder>users/joselusava//m4_js/15ic</folder><source><submittedBy>Jose Saca</submittedBy></source><imagesize><nrows>2910</nrows><ncols>4361</ncols></imagesize><object><name>m4_s02_015_p_ic046</name><deleted>0</deleted><verified>0</verified><occluded>no</occluded><attributes></attributes><parts><hasparts></hasparts><ispartof></ispartof></parts><date>03-10-20 19:23:56:501</date><id>0</id><type>bounding_box</type><polygon><username>anonymous</username><pt><x>2968</x><y>2498</y><time>03-10-20 19:23:54:534</time></pt><pt><x>1201</x><y>2498</y><time>03-10-20 19:23:55:852</time></pt><pt><x>1201</x><y>409</y><time>undefined</time></pt><pt><x>2968</x><y>409</y><time>undefined</time></pt><closed_date>03-10-20 19:23:55:852</closed_date></polygon></object></annotation>