<annotation><filename>m2_s01_056_p_nic068.jpg</filename><folder>users/joselusava//m2_jsv/56/nic</folder><source><submittedBy>Jose Saca</submittedBy></source><imagesize><nrows>2850</nrows><ncols>4271</ncols></imagesize><object><name>m2_s01_056_p_nic068</name><deleted>0</deleted><verified>0</verified><occluded>no</occluded><attributes></attributes><parts><hasparts></hasparts><ispartof></ispartof></parts><date>28-09-20 22:30:10:687</date><id>0</id><type>bounding_box</type><polygon><username>anonymous</username><pt><x>1843</x><y>1630</y><time>28-09-20 22:30:08:320</time></pt><pt><x>110</x><y>1630</y><time>28-09-20 22:30:09:795</time></pt><pt><x>110</x><y>59</y><time>undefined</time></pt><pt><x>1843</x><y>59</y><time>undefined</time></pt><closed_date>28-09-20 22:30:09:796</closed_date></polygon></object></annotation>