<annotation><filename>m2_s01_018_p_nic046.jpg</filename><folder>users/joselusava//santiago_2</folder><source><submittedBy>Jose Saca</submittedBy></source><imagesize><nrows>2850</nrows><ncols>4271</ncols></imagesize><object><name>m2_s01_018_p_nic046</name><deleted>0</deleted><verified>0</verified><occluded>no</occluded><attributes></attributes><parts><hasparts></hasparts><ispartof></ispartof></parts><date>28-09-20 21:51:06:710</date><id>0</id><type>bounding_box</type><polygon><username>anonymous</username><pt><x>1356</x><y>1965</y><time>28-09-20 21:51:04:144</time></pt><pt><x>1770</x><y>1965</y><time>28-09-20 21:51:04:763</time></pt><pt><x>1770</x><y>2549</y><time>undefined</time></pt><pt><x>1356</x><y>2549</y><time>undefined</time></pt><closed_date>28-09-20 21:51:04:764</closed_date></polygon></object></annotation>