<annotation><filename>m3_s01_002_p_nic076.jpg</filename><folder>users/joselusava//santiago_3</folder><source><submittedBy>Jose Saca</submittedBy></source><imagesize><nrows>2970</nrows><ncols>4451</ncols></imagesize><object><name>m3_s01_002_p_nic076</name><deleted>0</deleted><verified>0</verified><occluded>no</occluded><attributes></attributes><parts><hasparts></hasparts><ispartof></ispartof></parts><date>29-10-20 21:03:19:107</date><id>0</id><type>bounding_box</type><polygon><username>anonymous</username><pt><x>257</x><y>828</y><time>29-10-20 21:03:15:995</time></pt><pt><x>2035</x><y>828</y><time>29-10-20 21:03:17:053</time></pt><pt><x>2035</x><y>2502</y><time>undefined</time></pt><pt><x>257</x><y>2502</y><time>undefined</time></pt><closed_date>29-10-20 21:03:17:054</closed_date></polygon></object></annotation>