<annotation><filename>m2_s01_054_p_ic055.jpg</filename><folder>users/joselusava//kath</folder><source><submittedBy>Jose Saca</submittedBy></source><imagesize><nrows>2850</nrows><ncols>4271</ncols></imagesize><object><name>m2_s01_054_p_ic055</name><deleted>0</deleted><verified>0</verified><occluded>no</occluded><attributes></attributes><parts><hasparts></hasparts><ispartof></ispartof></parts><date>29-09-20 23:35:26:576</date><id>0</id><type>bounding_box</type><polygon><username>anonymous</username><pt><x>1235</x><y>225</y><time>29-09-20 23:35:21:343</time></pt><pt><x>2871</x><y>225</y><time>29-09-20 23:35:23:738</time></pt><pt><x>2871</x><y>2576</y><time>undefined</time></pt><pt><x>1235</x><y>2576</y><time>undefined</time></pt><closed_date>29-09-20 23:35:23:738</closed_date></polygon></object></annotation>