<annotation><filename>m1_s02_036_p_nic093.jpg</filename><folder>users/joselusava//valeria/sala2_036_nic</folder><source><submittedBy>Jose Saca</submittedBy></source><imagesize><nrows>3200</nrows><ncols>4800</ncols></imagesize><object><name>m1_s02_036_p_nic093</name><deleted>0</deleted><verified>0</verified><occluded>no</occluded><attributes></attributes><parts><hasparts></hasparts><ispartof></ispartof></parts><date>27-08-20 13:08:33:167</date><id>0</id><type>bounding_box</type><polygon><username>anonymous</username><pt><x>1562</x><y>2164</y><time>27-08-20 13:08:26:235</time></pt><pt><x>258</x><y>2164</y><time>27-08-20 13:08:29:344</time></pt><pt><x>258</x><y>1111</y><time>undefined</time></pt><pt><x>1562</x><y>1111</y><time>undefined</time></pt><closed_date>27-08-20 13:08:29:345</closed_date></polygon></object></annotation>