<annotation><filename>m4_s04_047_p_ic024.jpg</filename><folder>users/joselusava//kath/kath_m4_047</folder><source><submittedBy>Jose Saca</submittedBy></source><imagesize><nrows>2970</nrows><ncols>4451</ncols></imagesize><object><name>m4_s04_047_p_ic024</name><deleted>0</deleted><verified>0</verified><occluded>no</occluded><attributes></attributes><parts><hasparts></hasparts><ispartof></ispartof></parts><date>24-10-20 13:49:36:998</date><id>0</id><type>bounding_box</type><polygon><username>anonymous</username><pt><x>1634</x><y>260</y><time>24-10-20 13:49:14:967</time></pt><pt><x>2955</x><y>260</y><time>24-10-20 13:49:17:159</time></pt><pt><x>2955</x><y>2666</y><time>undefined</time></pt><pt><x>1634</x><y>2666</y><time>undefined</time></pt><closed_date>24-10-20 13:49:17:161</closed_date></polygon></object></annotation>