<annotation><filename>m4_s05_055_p_ic086.jpg</filename><folder>users/joselusava//valeria/m4_s05_055_ic</folder><source><submittedBy>Jose Saca</submittedBy></source><imagesize><nrows>2910</nrows><ncols>4361</ncols></imagesize><object><name>m4_s05_055_p_ic086</name><deleted>0</deleted><verified>0</verified><occluded>no</occluded><attributes></attributes><parts><hasparts></hasparts><ispartof></ispartof></parts><date>09-10-20 14:23:37:429</date><id>0</id><type>bounding_box</type><polygon><username>anonymous</username><pt><x>3153</x><y>628</y><time>09-10-20 14:23:28:776</time></pt><pt><x>1229</x><y>628</y><time>09-10-20 14:23:30:976</time></pt><pt><x>1229</x><y>2502</y><time>undefined</time></pt><pt><x>3153</x><y>2502</y><time>undefined</time></pt><closed_date>09-10-20 14:23:30:977</closed_date></polygon></object></annotation>