<annotation><filename>m2_s07_283_x.jpg</filename><folder>users/joselusava//museos2020</folder><source><submittedBy>Jose Saca</submittedBy></source><imagesize><nrows>2910</nrows><ncols>4361</ncols></imagesize><object><name>m2_s07_283_x</name><deleted>0</deleted><verified>0</verified><occluded>no</occluded><attributes></attributes><parts><hasparts></hasparts><ispartof></ispartof></parts><date>27-09-20 22:23:31:957</date><id>0</id><type>bounding_box</type><polygon><username>anonymous</username><pt><x>414</x><y>1278</y><time>27-09-20 22:23:20:238</time></pt><pt><x>4128</x><y>1278</y><time>27-09-20 22:23:21:994</time></pt><pt><x>4128</x><y>2073</y><time>undefined</time></pt><pt><x>414</x><y>2073</y><time>undefined</time></pt><closed_date>27-09-20 22:23:21:996</closed_date></polygon></object></annotation>