<annotation><filename>m4_s11_176_p_nic077.jpg</filename><folder>users/joselusava//m4_js/176/nic</folder><source><submittedBy>Jose Saca</submittedBy></source><imagesize><nrows>2970</nrows><ncols>4451</ncols></imagesize><object><name>m4_s11_176_p_nic077</name><deleted>0</deleted><verified>0</verified><occluded>no</occluded><attributes></attributes><parts><hasparts></hasparts><ispartof></ispartof></parts><date>15-10-20 14:50:38:875</date><id>0</id><type>bounding_box</type><polygon><username>anonymous</username><pt><x>1342</x><y>1875</y><time>15-10-20 14:50:36:962</time></pt><pt><x>3785</x><y>1875</y><time>15-10-20 14:50:37:898</time></pt><pt><x>3785</x><y>27</y><time>undefined</time></pt><pt><x>1342</x><y>27</y><time>undefined</time></pt><closed_date>15-10-20 14:50:37:898</closed_date></polygon></object></annotation>