<annotation><filename>m2_s03_248_p_ic016.jpg</filename><folder>users/joselusava//museos2020</folder><source><submittedBy>Jose Saca</submittedBy></source><imagesize><nrows>2910</nrows><ncols>4361</ncols></imagesize><object><name>m2_s03_248_p_ic016</name><deleted>0</deleted><verified>0</verified><occluded>no</occluded><attributes></attributes><parts><hasparts></hasparts><ispartof></ispartof></parts><date>27-09-20 08:02:45:058</date><id>0</id><polygon><username>anonymous</username><pt><x>135</x><y>558</y><time>27-09-20 08:02:09:742</time></pt><pt><x>5</x><y>2296</y><time>27-09-20 08:02:11:549</time></pt><pt><x>4342</x><y>1985</y><time>27-09-20 08:02:13:258</time></pt><pt><x>4323</x><y>488</y><time>27-09-20 08:02:14:282</time></pt><closed_date>27-09-20 08:02:15:331</closed_date></polygon></object></annotation>