<annotation><filename>m4_s02_015_p_nic015.jpg</filename><folder>users/joselusava//m4_js/15nic</folder><source><submittedBy>Jose Saca</submittedBy></source><imagesize><nrows>2910</nrows><ncols>4361</ncols></imagesize><object><name>m4_s02_015_p_nic015</name><deleted>0</deleted><verified>0</verified><occluded>no</occluded><attributes></attributes><parts><hasparts></hasparts><ispartof></ispartof></parts><date>06-10-20 19:41:32:436</date><id>0</id><type>bounding_box</type><polygon><username>anonymous</username><pt><x>2211</x><y>1358</y><time>06-10-20 19:41:29:610</time></pt><pt><x>3160</x><y>1358</y><time>06-10-20 19:41:31:440</time></pt><pt><x>3160</x><y>174</y><time>undefined</time></pt><pt><x>2211</x><y>174</y><time>undefined</time></pt><closed_date>06-10-20 19:41:31:440</closed_date></polygon></object></annotation>