<annotation><filename>m2_s01_018_p_ic047.jpg</filename><folder>users/joselusava//santiago_2</folder><source><submittedBy>Jose Saca</submittedBy></source><imagesize><nrows>2850</nrows><ncols>4271</ncols></imagesize><object><name>m2_s01_018_p_ic047</name><deleted>0</deleted><verified>0</verified><occluded>no</occluded><attributes></attributes><parts><hasparts></hasparts><ispartof></ispartof></parts><date>28-09-20 16:34:04:008</date><id>0</id><type>bounding_box</type><polygon><username>anonymous</username><pt><x>1561</x><y>917</y><time>28-09-20 16:33:58:129</time></pt><pt><x>2725</x><y>917</y><time>28-09-20 16:33:59:336</time></pt><pt><x>2725</x><y>2186</y><time>undefined</time></pt><pt><x>1561</x><y>2186</y><time>undefined</time></pt><closed_date>28-09-20 16:33:59:337</closed_date></polygon></object></annotation>