<annotation><filename>m4_s05_060_p_nic090.jpg</filename><folder>users/joselusava//m4_js/60/nic</folder><source><submittedBy>Jose Saca</submittedBy></source><imagesize><nrows>2910</nrows><ncols>4361</ncols></imagesize><object><name>m4_s05_060_p_nic090</name><deleted>0</deleted><verified>0</verified><occluded>no</occluded><attributes></attributes><parts><hasparts></hasparts><ispartof></ispartof></parts><date>14-10-20 00:24:52:059</date><id>0</id><type>bounding_box</type><polygon><username>anonymous</username><pt><x>3325</x><y>2890</y><time>14-10-20 00:24:49:213</time></pt><pt><x>131</x><y>2890</y><time>14-10-20 00:24:50:806</time></pt><pt><x>131</x><y>1140</y><time>undefined</time></pt><pt><x>3325</x><y>1140</y><time>undefined</time></pt><closed_date>14-10-20 00:24:50:807</closed_date></polygon></object></annotation>