<annotation><filename>m4_s08_115_x.jpg</filename><folder>users/joselusava//kath/m4_x</folder><source><submittedBy>Jose Saca</submittedBy></source><imagesize><nrows>2970</nrows><ncols>4451</ncols></imagesize><object><name>m4_s08_115_x</name><deleted>0</deleted><verified>0</verified><occluded>no</occluded><attributes></attributes><parts><hasparts></hasparts><ispartof></ispartof></parts><date>21-10-20 11:24:39:402</date><id>0</id><type>bounding_box</type><polygon><username>anonymous</username><pt><x>1499</x><y>341</y><time>21-10-20 11:24:34:638</time></pt><pt><x>3181</x><y>341</y><time>21-10-20 11:24:36:972</time></pt><pt><x>3181</x><y>2509</y><time>undefined</time></pt><pt><x>1499</x><y>2509</y><time>undefined</time></pt><closed_date>21-10-20 11:24:36:973</closed_date></polygon></object></annotation>