<annotation><filename>m1_s01_017_p_nic050.jpg</filename><folder>users/joselusava//santiago</folder><source><submittedBy>Jose Saca</submittedBy></source><imagesize><nrows>3200</nrows><ncols>4800</ncols></imagesize><object><name>m1_s01_017_p_nic050</name><deleted>0</deleted><verified>0</verified><occluded>no</occluded><attributes></attributes><parts><hasparts></hasparts><ispartof></ispartof></parts><date>11-09-20 19:17:19:254</date><id>0</id><type>bounding_box</type><polygon><username>anonymous</username><pt><x>2369</x><y>680</y><time>11-09-20 19:17:12:203</time></pt><pt><x>2869</x><y>680</y><time>11-09-20 19:17:13:262</time></pt><pt><x>2869</x><y>1037</y><time>undefined</time></pt><pt><x>2369</x><y>1037</y><time>undefined</time></pt><closed_date>11-09-20 19:17:13:263</closed_date></polygon></object></annotation>