<annotation><filename>m2_s01_018_p_ic001.jpg</filename><folder>users/joselusava//santiago_2</folder><source><submittedBy>Jose Saca</submittedBy></source><imagesize><nrows>3000</nrows><ncols>4496</ncols></imagesize><object><name>m2_s01_018_p_ic001</name><deleted>0</deleted><verified>0</verified><occluded>no</occluded><attributes></attributes><parts><hasparts></hasparts><ispartof></ispartof></parts><date>26-09-20 18:13:49:684</date><id>0</id><type>bounding_box</type><polygon><username>anonymous</username><pt><x>1620</x><y>850</y><time>26-09-20 18:13:39:116</time></pt><pt><x>2733</x><y>850</y><time>26-09-20 18:13:41:120</time></pt><pt><x>2733</x><y>2278</y><time>undefined</time></pt><pt><x>1620</x><y>2278</y><time>undefined</time></pt><closed_date>26-09-20 18:13:41:121</closed_date></polygon></object></annotation>