<annotation><filename>m2_s05_236_p_nic094.jpg</filename><folder>users/joselusava//museos2020</folder><source><submittedBy>Jose Saca</submittedBy></source><imagesize><nrows>2910</nrows><ncols>4361</ncols></imagesize><object><name>m2_s05_236_p_nic094</name><deleted>0</deleted><verified>0</verified><occluded>no</occluded><attributes></attributes><parts><hasparts></hasparts><ispartof></ispartof></parts><date>17-09-20 13:38:57:742</date><id>0</id><type>bounding_box</type><polygon><username>anonymous</username><pt><x>260</x><y>637</y><time>17-09-20 13:38:50:367</time></pt><pt><x>2956</x><y>637</y><time>17-09-20 13:38:51:662</time></pt><pt><x>2956</x><y>2738</y><time>undefined</time></pt><pt><x>260</x><y>2738</y><time>undefined</time></pt><closed_date>17-09-20 13:38:51:664</closed_date></polygon></object></annotation>