<annotation><filename>m1_s01_017_p_nic041.jpg</filename><folder>users/joselusava//santiago</folder><source><submittedBy>Jose Saca</submittedBy></source><imagesize><nrows>3200</nrows><ncols>4800</ncols></imagesize><object><name>m1_s01_017_p_nic041</name><deleted>0</deleted><verified>0</verified><occluded>no</occluded><attributes></attributes><parts><hasparts></hasparts><ispartof></ispartof></parts><date>11-09-20 19:06:50:436</date><id>0</id><type>bounding_box</type><polygon><username>anonymous</username><pt><x>2844</x><y>2469</y><time>11-09-20 19:06:42:390</time></pt><pt><x>3409</x><y>2469</y><time>11-09-20 19:06:43:350</time></pt><pt><x>3409</x><y>2818</y><time>undefined</time></pt><pt><x>2844</x><y>2818</y><time>undefined</time></pt><closed_date>11-09-20 19:06:43:351</closed_date></polygon></object></annotation>