<annotation><filename>m2_s01_054_p_nic083.jpg</filename><folder>users/joselusava//kath_54</folder><source><submittedBy>Jose Saca</submittedBy></source><imagesize><nrows>2850</nrows><ncols>4271</ncols></imagesize><object><name>m2_s01_054_p_nic083</name><deleted>0</deleted><verified>0</verified><occluded>no</occluded><attributes></attributes><parts><hasparts></hasparts><ispartof></ispartof></parts><date>02-10-20 11:39:04:343</date><id>0</id><type>bounding_box</type><polygon><username>anonymous</username><pt><x>576</x><y>611</y><time>02-10-20 11:38:58:287</time></pt><pt><x>1685</x><y>611</y><time>02-10-20 11:39:01:332</time></pt><pt><x>1685</x><y>2036</y><time>undefined</time></pt><pt><x>576</x><y>2036</y><time>undefined</time></pt><closed_date>02-10-20 11:39:01:332</closed_date></polygon></object></annotation>