<annotation><filename>m1_s01_017_p_nic070.jpg</filename><folder>users/joselusava//santiago</folder><source><submittedBy>Jose Saca</submittedBy></source><imagesize><nrows>3200</nrows><ncols>4800</ncols></imagesize><object><name>m1_s01_017_p_nic070</name><deleted>0</deleted><verified>0</verified><occluded>no</occluded><attributes></attributes><parts><hasparts></hasparts><ispartof></ispartof></parts><date>11-09-20 19:39:44:347</date><id>0</id><type>bounding_box</type><polygon><username>anonymous</username><pt><x>3168</x><y>1440</y><time>11-09-20 19:39:37:148</time></pt><pt><x>3729</x><y>1440</y><time>11-09-20 19:39:38:389</time></pt><pt><x>3729</x><y>1847</y><time>undefined</time></pt><pt><x>3168</x><y>1847</y><time>undefined</time></pt><closed_date>11-09-20 19:39:38:390</closed_date></polygon></object></annotation>