<annotation><filename>m2_s02_085_p_ic027.jpg</filename><folder>users/joselusava//m2_jsv/85/ic</folder><source><submittedBy>Jose Saca</submittedBy></source><imagesize><nrows>2910</nrows><ncols>4361</ncols></imagesize><object><name>m2_s02_085_p_ic027</name><deleted>0</deleted><verified>0</verified><occluded>no</occluded><attributes></attributes><parts><hasparts></hasparts><ispartof></ispartof></parts><date>16-09-20 13:39:21:055</date><id>0</id><type>bounding_box</type><polygon><username>anonymous</username><pt><x>1724</x><y>827</y><time>16-09-20 13:39:18:942</time></pt><pt><x>2855</x><y>827</y><time>16-09-20 13:39:20:438</time></pt><pt><x>2855</x><y>1993</y><time>undefined</time></pt><pt><x>1724</x><y>1993</y><time>undefined</time></pt><closed_date>16-09-20 13:39:20:438</closed_date></polygon></object></annotation>