<annotation><filename>m3_s01_002_p_nic023.jpg</filename><folder>users/joselusava//santiago_3</folder><source><submittedBy>Jose Saca</submittedBy></source><imagesize><nrows>2970</nrows><ncols>4451</ncols></imagesize><object><name>m3_s01_002_p_nic023</name><deleted>0</deleted><verified>0</verified><occluded>no</occluded><attributes></attributes><parts><hasparts></hasparts><ispartof></ispartof></parts><date>29-10-20 15:45:06:208</date><id>0</id><type>bounding_box</type><polygon><username>anonymous</username><pt><x>660</x><y>1153</y><time>29-10-20 15:45:01:823</time></pt><pt><x>3684</x><y>1153</y><time>29-10-20 15:45:03:619</time></pt><pt><x>3684</x><y>2849</y><time>undefined</time></pt><pt><x>660</x><y>2849</y><time>undefined</time></pt><closed_date>29-10-20 15:45:03:620</closed_date></polygon></object></annotation>