<annotation><filename>m2_s01_034_p_nic049.jpg</filename><folder>users/joselusava//kath</folder><source><submittedBy>Jose Saca</submittedBy></source><imagesize><nrows>2850</nrows><ncols>4271</ncols></imagesize><object><name>m2_s01_034_p_nic049</name><deleted>0</deleted><verified>0</verified><occluded>no</occluded><attributes></attributes><parts><hasparts></hasparts><ispartof></ispartof></parts><date>25-09-20 20:06:17:228</date><id>0</id><type>bounding_box</type><polygon><username>anonymous</username><pt><x>2657</x><y>1088</y><time>25-09-20 20:06:11:723</time></pt><pt><x>3595</x><y>1088</y><time>25-09-20 20:06:14:214</time></pt><pt><x>3595</x><y>2571</y><time>undefined</time></pt><pt><x>2657</x><y>2571</y><time>undefined</time></pt><closed_date>25-09-20 20:06:14:214</closed_date></polygon></object></annotation>