<annotation><filename>m1_s01_004_p_nic056.jpg</filename><folder>users/joselusava//valeria_apoyo/sala01_004_nic</folder><source><submittedBy>Jose Saca</submittedBy></source><imagesize><nrows>3200</nrows><ncols>4800</ncols></imagesize><object><name>m1_s01_004_p_nic056</name><deleted>0</deleted><verified>0</verified><occluded>no</occluded><attributes></attributes><parts><hasparts></hasparts><ispartof></ispartof></parts><date>17-09-20 15:36:40:588</date><id>0</id><type>bounding_box</type><polygon><username>anonymous</username><pt><x>2855</x><y>2600</y><time>17-09-20 15:36:33:487</time></pt><pt><x>242</x><y>2600</y><time>17-09-20 15:36:36:727</time></pt><pt><x>242</x><y>1879</y><time>undefined</time></pt><pt><x>2855</x><y>1879</y><time>undefined</time></pt><closed_date>17-09-20 15:36:36:728</closed_date></polygon></object></annotation>