<annotation><filename>m4_s10_164_p_nic061.jpg</filename><folder>users/joselusava//santiago_2</folder><source><submittedBy>Jose Saca</submittedBy></source><imagesize><nrows>2970</nrows><ncols>4451</ncols></imagesize><object><name>m4_s10_164_p_nic061</name><deleted>0</deleted><verified>0</verified><occluded>no</occluded><attributes></attributes><parts><hasparts></hasparts><ispartof></ispartof></parts><date>14-10-20 13:40:13:143</date><id>0</id><type>bounding_box</type><polygon><username>anonymous</username><pt><x>2602</x><y>1928</y><time>14-10-20 13:40:10:280</time></pt><pt><x>3116</x><y>1928</y><time>14-10-20 13:40:11:083</time></pt><pt><x>3116</x><y>2574</y><time>undefined</time></pt><pt><x>2602</x><y>2574</y><time>undefined</time></pt><closed_date>14-10-20 13:40:11:084</closed_date></polygon></object></annotation>