<annotation><filename>m2_s01_018_p_ic013.jpg</filename><folder>users/joselusava//santiago_2</folder><source><submittedBy>Jose Saca</submittedBy></source><imagesize><nrows>3000</nrows><ncols>4496</ncols></imagesize><object><name>m2_s01_018_p_ic013</name><deleted>0</deleted><verified>0</verified><occluded>no</occluded><attributes></attributes><parts><hasparts></hasparts><ispartof></ispartof></parts><date>26-09-20 18:51:23:392</date><id>0</id><type>bounding_box</type><polygon><username>anonymous</username><pt><x>1417</x><y>874</y><time>26-09-20 18:51:15:659</time></pt><pt><x>2737</x><y>874</y><time>26-09-20 18:51:17:107</time></pt><pt><x>2737</x><y>2362</y><time>undefined</time></pt><pt><x>1417</x><y>2362</y><time>undefined</time></pt><closed_date>26-09-20 18:51:17:109</closed_date></polygon></object></annotation>