<annotation><filename>m1_s01_017_p_ic080.jpg</filename><folder>users/joselusava//santiago</folder><source><submittedBy>Jose Saca</submittedBy></source><imagesize><nrows>3200</nrows><ncols>4800</ncols></imagesize><object><name>m1_s01_017_p_ic080</name><deleted>0</deleted><verified>0</verified><occluded>no</occluded><attributes></attributes><parts><hasparts></hasparts><ispartof></ispartof></parts><date>10-09-20 23:04:15:103</date><id>0</id><type>bounding_box</type><polygon><username>anonymous</username><pt><x>1389</x><y>479</y><time>10-09-20 23:04:06:619</time></pt><pt><x>3168</x><y>479</y><time>10-09-20 23:04:09:400</time></pt><pt><x>3168</x><y>2063</y><time>undefined</time></pt><pt><x>1389</x><y>2063</y><time>undefined</time></pt><closed_date>10-09-20 23:04:09:401</closed_date></polygon></object></annotation>