<annotation><filename>m1_s02_036_p_ic023.jpg</filename><folder>users/joselusava//valeria/sala2_036_ic</folder><source><submittedBy>Jose Saca</submittedBy></source><imagesize><nrows>3200</nrows><ncols>4800</ncols></imagesize><object><name>m1_s01_036_p_ic023</name><deleted>0</deleted><verified>0</verified><occluded>no</occluded><attributes></attributes><parts><hasparts></hasparts><ispartof></ispartof></parts><date>23-08-20 01:51:56:796</date><id>0</id><type>bounding_box</type><polygon><username>anonymous</username><pt><x>1364</x><y>451</y><time>23-08-20 01:51:47:089</time></pt><pt><x>3393</x><y>451</y><time>23-08-20 01:51:53:040</time></pt><pt><x>3393</x><y>2459</y><time>undefined</time></pt><pt><x>1364</x><y>2459</y><time>undefined</time></pt><closed_date>23-08-20 01:51:53:042</closed_date></polygon></object></annotation>