<annotation><filename>m4_s11_173_x.jpg</filename><folder>users/joselusava//kath/m4_x</folder><source><submittedBy>Jose Saca</submittedBy></source><imagesize><nrows>2970</nrows><ncols>4451</ncols></imagesize><object><name>m4_s11_173_x</name><deleted>0</deleted><verified>0</verified><occluded>no</occluded><attributes></attributes><parts><hasparts></hasparts><ispartof></ispartof></parts><date>21-10-20 12:23:11:277</date><id>0</id><polygon><username>anonymous</username><pt><x>730</x><y>312</y><time>21-10-20 12:23:04:434</time></pt><pt><x>543</x><y>2619</y><time>21-10-20 12:23:05:498</time></pt><pt><x>3922</x><y>2600</y><time>21-10-20 12:23:06:922</time></pt><pt><x>3773</x><y>341</y><time>21-10-20 12:23:08:091</time></pt><closed_date>21-10-20 12:23:09:132</closed_date></polygon></object></annotation>