<annotation><filename>m2_s01_054_p_nic062.jpg</filename><folder>users/joselusava//kath</folder><source><submittedBy>Jose Saca</submittedBy></source><imagesize><nrows>2850</nrows><ncols>4271</ncols></imagesize><object><name>m2_s01_054_p_nic062</name><deleted>0</deleted><verified>0</verified><occluded>no</occluded><attributes></attributes><parts><hasparts></hasparts><ispartof></ispartof></parts><date>30-09-20 22:20:42:258</date><id>0</id><polygon><username>kath</username><pt><x>3117</x><y>414</y><time>30-09-20 22:20:30:092</time></pt><pt><x>3166</x><y>1636</y><time>30-09-20 22:20:31:249</time></pt><pt><x>3868</x><y>1481</y><time>30-09-20 22:20:32:544</time></pt><pt><x>3875</x><y>302</y><time>30-09-20 22:20:33:689</time></pt><closed_date>30-09-20 22:20:34:922</closed_date></polygon></object></annotation>