<annotation><filename>m1_s02_036_p_nic015.jpg</filename><folder>users/joselusava//valeria/sala2_036_nic</folder><source><submittedBy>Jose Saca</submittedBy></source><imagesize><nrows>3200</nrows><ncols>4800</ncols></imagesize><object><name>m1_s02_036_p_nic015</name><deleted>0</deleted><verified>0</verified><occluded>no</occluded><attributes></attributes><parts><hasparts></hasparts><ispartof></ispartof></parts><date>26-08-20 22:27:22:205</date><id>0</id><type>bounding_box</type><polygon><username>anonymous</username><pt><x>2051</x><y>483</y><time>26-08-20 22:27:15:900</time></pt><pt><x>2808</x><y>483</y><time>26-08-20 22:27:18:571</time></pt><pt><x>2808</x><y>1579</y><time>undefined</time></pt><pt><x>2051</x><y>1579</y><time>undefined</time></pt><closed_date>26-08-20 22:27:18:571</closed_date></polygon></object></annotation>