<annotation><filename>m2_s02_129_p_nic042.jpg</filename><folder>users/joselusava//m2_jsv/129/nic</folder><source><submittedBy>Jose Saca</submittedBy></source><imagesize><nrows>2910</nrows><ncols>4361</ncols></imagesize><object><name>m2_s02_129_p_nic042</name><deleted>0</deleted><verified>0</verified><occluded>no</occluded><attributes></attributes><parts><hasparts></hasparts><ispartof></ispartof></parts><date>25-09-20 07:50:36:169</date><id>0</id><type>bounding_box</type><polygon><username>anonymous</username><pt><x>3995</x><y>1976</y><time>25-09-20 07:50:33:637</time></pt><pt><x>2916</x><y>1976</y><time>25-09-20 07:50:35:593</time></pt><pt><x>2916</x><y>853</y><time>undefined</time></pt><pt><x>3995</x><y>853</y><time>undefined</time></pt><closed_date>25-09-20 07:50:35:593</closed_date></polygon></object></annotation>