<annotation><filename>m2_s03_248_p_ic050.jpg</filename><folder>users/joselusava//museos2020</folder><source><submittedBy>Jose Saca</submittedBy></source><imagesize><nrows>2910</nrows><ncols>4361</ncols></imagesize><object><name>m2_s03_248_p_ic050</name><deleted>0</deleted><verified>0</verified><occluded>no</occluded><attributes></attributes><parts><hasparts></hasparts><ispartof></ispartof></parts><date>27-09-20 08:42:01:826</date><id>0</id><type>bounding_box</type><polygon><username>anonymous</username><pt><x>14</x><y>404</y><time>27-09-20 08:41:54:395</time></pt><pt><x>4309</x><y>404</y><time>27-09-20 08:41:56:560</time></pt><pt><x>4309</x><y>2185</y><time>undefined</time></pt><pt><x>14</x><y>2185</y><time>undefined</time></pt><closed_date>27-09-20 08:41:56:562</closed_date></polygon></object></annotation>