<annotation><filename>m1_s02_052_p_nic072.jpg</filename><folder>users/joselusava//valeria/sala2_052_nic</folder><source><submittedBy>Jose Saca</submittedBy></source><imagesize><nrows>3200</nrows><ncols>4800</ncols></imagesize><object><name>m1_s02_052_p_nic072</name><deleted>0</deleted><verified>0</verified><occluded>no</occluded><attributes></attributes><parts><hasparts></hasparts><ispartof></ispartof></parts><date>27-08-20 17:06:20:443</date><id>0</id><type>bounding_box</type><polygon><username>anonymous</username><pt><x>4494</x><y>1471</y><time>27-08-20 17:06:12:932</time></pt><pt><x>2915</x><y>1471</y><time>27-08-20 17:06:15:598</time></pt><pt><x>2915</x><y>2985</y><time>undefined</time></pt><pt><x>4494</x><y>2985</y><time>undefined</time></pt><closed_date>27-08-20 17:06:15:599</closed_date></polygon></object></annotation>