<annotation><filename>m3_s01_013_p_ic025.jpg</filename><folder>users/joselusava//valeria/m03_s01_13_ic</folder><source><submittedBy>Jose Saca</submittedBy></source><imagesize><nrows>2970</nrows><ncols>4451</ncols></imagesize><object><name>m3_s01_013_p_ic024</name><deleted>0</deleted><verified>0</verified><occluded>no</occluded><attributes></attributes><parts><hasparts></hasparts><ispartof></ispartof></parts><date>28-10-20 23:02:33:922</date><id>0</id><type>bounding_box</type><polygon><username>anonymous</username><pt><x>4044</x><y>2856</y><time>28-10-20 23:02:27:426</time></pt><pt><x>543</x><y>2856</y><time>28-10-20 23:02:29:873</time></pt><pt><x>543</x><y>331</y><time>undefined</time></pt><pt><x>4044</x><y>331</y><time>undefined</time></pt><closed_date>28-10-20 23:02:29:875</closed_date></polygon></object></annotation>