<annotation><filename>m3_s01_023_p_ic040.jpg</filename><folder>users/joselusava//santiago_3</folder><source><submittedBy>Jose Saca</submittedBy></source><imagesize><nrows>2970</nrows><ncols>4451</ncols></imagesize><object><name>m3_s01_023_p_ic040</name><deleted>0</deleted><verified>0</verified><occluded>no</occluded><attributes></attributes><parts><hasparts></hasparts><ispartof></ispartof></parts><date>04-11-20 19:12:59:457</date><id>0</id><type>bounding_box</type><polygon><username>anonymous</username><pt><x>560</x><y>332</y><time>04-11-20 19:12:55:785</time></pt><pt><x>4055</x><y>332</y><time>04-11-20 19:12:57:480</time></pt><pt><x>4055</x><y>2388</y><time>undefined</time></pt><pt><x>560</x><y>2388</y><time>undefined</time></pt><closed_date>04-11-20 19:12:57:481</closed_date></polygon></object></annotation>