<annotation><filename>m1_s06_144_p_nic046.jpg</filename><folder>users/joselusava//jacob_2/144nic</folder><source><submittedBy>Jose Saca</submittedBy></source><imagesize><nrows>2736</nrows><ncols>4100</ncols></imagesize><object><name>m1_s06_144_p_nic046</name><deleted>0</deleted><verified>0</verified><occluded>no</occluded><attributes></attributes><parts><hasparts></hasparts><ispartof></ispartof></parts><date>08-09-20 02:14:21:917</date><id>0</id><type>bounding_box</type><polygon><username>anonymous</username><pt><x>2390</x><y>1039</y><time>08-09-20 02:14:20:163</time></pt><pt><x>3814</x><y>1039</y><time>08-09-20 02:14:21:363</time></pt><pt><x>3814</x><y>2619</y><time>undefined</time></pt><pt><x>2390</x><y>2619</y><time>undefined</time></pt><closed_date>08-09-20 02:14:21:363</closed_date></polygon></object></annotation>