<annotation><filename>m2_s02_085_p_nic021.jpg</filename><folder>users/joselusava//m2_jsv/85/nic</folder><source><submittedBy>Jose Saca</submittedBy></source><imagesize><nrows>2910</nrows><ncols>4361</ncols></imagesize><object><name>m2_s02_085_p_nic021</name><deleted>0</deleted><verified>0</verified><occluded>no</occluded><attributes></attributes><parts><hasparts></hasparts><ispartof></ispartof></parts><date>19-09-20 22:31:07:787</date><id>0</id><type>bounding_box</type><polygon><username>anonymous</username><pt><x>1132</x><y>1732</y><time>19-09-20 22:31:06:038</time></pt><pt><x>2141</x><y>1732</y><time>19-09-20 22:31:07:150</time></pt><pt><x>2141</x><y>2829</y><time>undefined</time></pt><pt><x>1132</x><y>2829</y><time>undefined</time></pt><closed_date>19-09-20 22:31:07:150</closed_date></polygon></object></annotation>