<annotation><filename>m1_s02_052_p_nic083.jpg</filename><folder>users/joselusava//valeria/sala2_052_nic</folder><source><submittedBy>Jose Saca</submittedBy></source><imagesize><nrows>3200</nrows><ncols>4800</ncols></imagesize><object><name>m1_s02_052_p_nic083</name><deleted>0</deleted><verified>0</verified><occluded>no</occluded><attributes></attributes><parts><hasparts></hasparts><ispartof></ispartof></parts><date>27-08-20 17:42:35:531</date><id>0</id><type>bounding_box</type><polygon><username>anonymous</username><pt><x>1568</x><y>1557</y><time>27-08-20 17:42:29:195</time></pt><pt><x>81</x><y>1557</y><time>27-08-20 17:42:31:754</time></pt><pt><x>81</x><y>2867</y><time>undefined</time></pt><pt><x>1568</x><y>2867</y><time>undefined</time></pt><closed_date>27-08-20 17:42:31:755</closed_date></polygon></object></annotation>