<annotation><filename>m2_s01_034_p_nic016.jpg</filename><folder>users/joselusava//kath</folder><source><submittedBy>Jose Saca</submittedBy></source><imagesize><nrows>2850</nrows><ncols>4271</ncols></imagesize><object><name>m2_s01_034_p_nic016</name><deleted>0</deleted><verified>0</verified><occluded>no</occluded><attributes></attributes><parts><hasparts></hasparts><ispartof></ispartof></parts><date>25-09-20 17:34:38:736</date><id>0</id><type>bounding_box</type><polygon><username>anonymous</username><pt><x>1353</x><y>1038</y><time>25-09-20 17:34:31:811</time></pt><pt><x>2363</x><y>1038</y><time>25-09-20 17:34:35:824</time></pt><pt><x>2363</x><y>2521</y><time>undefined</time></pt><pt><x>1353</x><y>2521</y><time>undefined</time></pt><closed_date>25-09-20 17:34:35:825</closed_date></polygon></object></annotation>