<annotation><filename>m3_s01_013_p_ic081.jpg</filename><folder>users/joselusava//valeria/m03_s01_13_ic</folder><source><submittedBy>Jose Saca</submittedBy></source><imagesize><nrows>2970</nrows><ncols>4451</ncols></imagesize><object><name>m3_s01_013_p_ic080</name><deleted>0</deleted><verified>0</verified><occluded>no</occluded><attributes></attributes><parts><hasparts></hasparts><ispartof></ispartof></parts><date>01-11-20 09:31:52:228</date><id>0</id><type>bounding_box</type><polygon><username>anonymous</username><pt><x>3855</x><y>2867</y><time>01-11-20 09:31:43:383</time></pt><pt><x>428</x><y>2867</y><time>01-11-20 09:31:46:991</time></pt><pt><x>428</x><y>308</y><time>undefined</time></pt><pt><x>3855</x><y>308</y><time>undefined</time></pt><closed_date>01-11-20 09:31:46:992</closed_date></polygon></object></annotation>