<annotation><filename>m3_s01_002_p_ic060.jpg</filename><folder>users/joselusava//santiago_3</folder><source><submittedBy>Jose Saca</submittedBy></source><imagesize><nrows>2970</nrows><ncols>4451</ncols></imagesize><object><name>m3_s01_002_p_ic060</name><deleted>0</deleted><verified>0</verified><occluded>no</occluded><attributes></attributes><parts><hasparts></hasparts><ispartof></ispartof></parts><date>28-10-20 21:41:28:820</date><id>0</id><type>bounding_box</type><polygon><username>anonymous</username><pt><x>903</x><y>253</y><time>28-10-20 21:41:24:084</time></pt><pt><x>3684</x><y>253</y><time>28-10-20 21:41:26:003</time></pt><pt><x>3684</x><y>2313</y><time>undefined</time></pt><pt><x>903</x><y>2313</y><time>undefined</time></pt><closed_date>28-10-20 21:41:26:004</closed_date></polygon></object></annotation>