<annotation><filename>m4_s05_052_p_ic076.jpg</filename><folder>users/joselusava//santiago_2</folder><source><submittedBy>Jose Saca</submittedBy></source><imagesize><nrows>2910</nrows><ncols>4361</ncols></imagesize><object><name>m4_s05_052_p_ic076</name><deleted>0</deleted><verified>0</verified><occluded>no</occluded><attributes></attributes><parts><hasparts></hasparts><ispartof></ispartof></parts><date>07-10-20 22:57:43:109</date><id>0</id><type>bounding_box</type><polygon><username>anonymous</username><pt><x>1445</x><y>488</y><time>07-10-20 22:57:36:513</time></pt><pt><x>2986</x><y>488</y><time>07-10-20 22:57:37:823</time></pt><pt><x>2986</x><y>2522</y><time>undefined</time></pt><pt><x>1445</x><y>2522</y><time>undefined</time></pt><closed_date>07-10-20 22:57:37:823</closed_date></polygon></object></annotation>