<annotation><filename>m4_s10_154_p_nic055.jpg</filename><folder>users/joselusava//valeria/m04_s10_154_nic</folder><source><submittedBy>Jose Saca</submittedBy></source><imagesize><nrows>2970</nrows><ncols>4451</ncols></imagesize><object><name>m4_s10_154_p_nic055</name><deleted>0</deleted><verified>0</verified><occluded>no</occluded><attributes></attributes><parts><hasparts></hasparts><ispartof></ispartof></parts><date>14-10-20 13:13:01:707</date><id>0</id><type>bounding_box</type><polygon><username>anonymous</username><pt><x>3221</x><y>1759</y><time>14-10-20 13:12:57:238</time></pt><pt><x>2422</x><y>1759</y><time>14-10-20 13:12:58:618</time></pt><pt><x>2422</x><y>326</y><time>undefined</time></pt><pt><x>3221</x><y>326</y><time>undefined</time></pt><closed_date>14-10-20 13:12:58:619</closed_date></polygon></object></annotation>