<annotation><filename>m4_s10_164_p_ic060.jpg</filename><folder>users/joselusava//santiago_2</folder><source><submittedBy>Jose Saca</submittedBy></source><imagesize><nrows>2970</nrows><ncols>4451</ncols></imagesize><object><name>m4_s10_164_p_ic060</name><deleted>0</deleted><verified>0</verified><occluded>no</occluded><attributes></attributes><parts><hasparts></hasparts><ispartof></ispartof></parts><date>13-10-20 22:51:07:662</date><id>0</id><type>bounding_box</type><polygon><username>anonymous</username><pt><x>1699</x><y>1310</y><time>13-10-20 22:51:04:485</time></pt><pt><x>2313</x><y>1310</y><time>13-10-20 22:51:05:522</time></pt><pt><x>2313</x><y>2020</y><time>undefined</time></pt><pt><x>1699</x><y>2020</y><time>undefined</time></pt><closed_date>13-10-20 22:51:05:522</closed_date></polygon></object></annotation>