<annotation><filename>m4_s04_037_p_nic077.jpg</filename><folder>users/joselusava//santiago_2</folder><source><submittedBy>Jose Saca</submittedBy></source><imagesize><nrows>2970</nrows><ncols>4451</ncols></imagesize><object><name>m4_s04_037_p_nic077</name><deleted>0</deleted><verified>0</verified><occluded>no</occluded><attributes></attributes><parts><hasparts></hasparts><ispartof></ispartof></parts><date>19-10-20 22:45:29:304</date><id>0</id><type>bounding_box</type><polygon><username>anonymous</username><pt><x>1510</x><y>146</y><time>19-10-20 22:45:26:435</time></pt><pt><x>2317</x><y>146</y><time>19-10-20 22:45:27:405</time></pt><pt><x>2317</x><y>1381</y><time>undefined</time></pt><pt><x>1510</x><y>1381</y><time>undefined</time></pt><closed_date>19-10-20 22:45:27:406</closed_date></polygon></object></annotation>