<annotation><filename>m2_s01_001_p_nic037.jpg</filename><folder>users/joselusava//santiago</folder><source><submittedBy>Jose Saca</submittedBy></source><imagesize><nrows>2850</nrows><ncols>4271</ncols></imagesize><object><name>m2_s01_001_p_nic037</name><deleted>0</deleted><verified>0</verified><occluded>no</occluded><attributes></attributes><parts><hasparts></hasparts><ispartof></ispartof></parts><date>19-09-20 22:31:34:299</date><id>0</id><type>bounding_box</type><polygon><username>anonymous</username><pt><x>2331</x><y>888</y><time>19-09-20 22:31:26:674</time></pt><pt><x>3882</x><y>888</y><time>19-09-20 22:31:27:914</time></pt><pt><x>3882</x><y>2254</y><time>undefined</time></pt><pt><x>2331</x><y>2254</y><time>undefined</time></pt><closed_date>19-09-20 22:31:27:916</closed_date></polygon></object></annotation>