<annotation><filename>m4_s11_176_p_nic035.jpg</filename><folder>users/joselusava//m4_js/176/nic</folder><source><submittedBy>Jose Saca</submittedBy></source><imagesize><nrows>2970</nrows><ncols>4451</ncols></imagesize><object><name>m4_s11_176_p_nic035</name><deleted>0</deleted><verified>0</verified><occluded>no</occluded><attributes></attributes><parts><hasparts></hasparts><ispartof></ispartof></parts><date>15-10-20 11:43:33:408</date><id>0</id><type>bounding_box</type><polygon><username>anonymous</username><pt><x>1894</x><y>2902</y><time>15-10-20 11:43:29:574</time></pt><pt><x>4194</x><y>2902</y><time>15-10-20 11:43:32:292</time></pt><pt><x>4194</x><y>1274</y><time>undefined</time></pt><pt><x>1894</x><y>1274</y><time>undefined</time></pt><closed_date>15-10-20 11:43:32:292</closed_date></polygon></object></annotation>