<annotation><filename>img_m1_s03-04_108_p_nic061.jpg</filename><folder>users/joselusava//valeria/sala3y4_108_nic</folder><source><submittedBy>Jose Saca</submittedBy></source><imagesize><nrows>3200</nrows><ncols>4800</ncols></imagesize><object><name>m1_s03_s04_108_p_nic061</name><deleted>0</deleted><verified>0</verified><occluded>no</occluded><attributes></attributes><parts><hasparts></hasparts><ispartof></ispartof></parts><date>02-09-20 19:14:09:950</date><id>0</id><type>bounding_box</type><polygon><username>anonymous</username><pt><x>18</x><y>3158</y><time>02-09-20 19:14:00:278</time></pt><pt><x>3976</x><y>3158</y><time>02-09-20 19:14:04:668</time></pt><pt><x>3976</x><y>1345</y><time>undefined</time></pt><pt><x>18</x><y>1345</y><time>undefined</time></pt><closed_date>02-09-20 19:14:04:669</closed_date></polygon></object></annotation>