<annotation><filename>m4_s02_021_p_ic022.jpg</filename><folder>users/joselusava//santiago_2</folder><source><submittedBy>Jose Saca</submittedBy></source><imagesize><nrows>3000</nrows><ncols>4496</ncols></imagesize><object><name>m4_s02_021_p_ic022</name><deleted>0</deleted><verified>0</verified><occluded>no</occluded><attributes></attributes><parts><hasparts></hasparts><ispartof></ispartof></parts><date>03-10-20 17:49:58:221</date><id>0</id><type>bounding_box</type><polygon><username>anonymous</username><pt><x>1732</x><y>179</y><time>03-10-20 17:49:54:395</time></pt><pt><x>3075</x><y>179</y><time>03-10-20 17:49:56:118</time></pt><pt><x>3075</x><y>2900</y><time>undefined</time></pt><pt><x>1732</x><y>2900</y><time>undefined</time></pt><closed_date>03-10-20 17:49:56:119</closed_date></polygon></object></annotation>