<annotation><filename>m4_s04_039_p_ic044.jpg</filename><folder>users/joselusava//santiago_2</folder><source><submittedBy>Jose Saca</submittedBy></source><imagesize><nrows>2970</nrows><ncols>4451</ncols></imagesize><object><name>m4_s04_039_p_ic044</name><deleted>0</deleted><verified>0</verified><occluded>no</occluded><attributes></attributes><parts><hasparts></hasparts><ispartof></ispartof></parts><date>20-10-20 21:50:16:902</date><id>0</id><type>bounding_box</type><polygon><username>anonymous</username><pt><x>1953</x><y>214</y><time>20-10-20 21:50:12:256</time></pt><pt><x>2784</x><y>214</y><time>20-10-20 21:50:13:677</time></pt><pt><x>2784</x><y>2856</y><time>undefined</time></pt><pt><x>1953</x><y>2856</y><time>undefined</time></pt><closed_date>20-10-20 21:50:13:677</closed_date></polygon></object></annotation>