<annotation><filename>m4_s11_178_p_nic025.jpg</filename><folder>users/joselusava//santiago_2</folder><source><submittedBy>Jose Saca</submittedBy></source><imagesize><nrows>2970</nrows><ncols>4451</ncols></imagesize><object><name>m4_s11_178_p_nic025</name><deleted>0</deleted><verified>0</verified><occluded>no</occluded><attributes></attributes><parts><hasparts></hasparts><ispartof></ispartof></parts><date>15-10-20 23:12:58:892</date><id>0</id><type>bounding_box</type><polygon><username>anonymous</username><pt><x>214</x><y>1160</y><time>15-10-20 23:12:55:566</time></pt><pt><x>1628</x><y>1160</y><time>15-10-20 23:12:56:988</time></pt><pt><x>1628</x><y>2470</y><time>undefined</time></pt><pt><x>214</x><y>2470</y><time>undefined</time></pt><closed_date>15-10-20 23:12:56:990</closed_date></polygon></object></annotation>