<annotation><filename>m2_s02_190_p_nic045.jpg</filename><folder>users/joselusava//m2_jsv/190/nic</folder><source><submittedBy>Jose Saca</submittedBy></source><imagesize><nrows>2910</nrows><ncols>4361</ncols></imagesize><object><name>m2_s02_190_p_nic045</name><deleted>0</deleted><verified>0</verified><occluded>no</occluded><attributes></attributes><parts><hasparts></hasparts><ispartof></ispartof></parts><date>21-09-20 15:06:14:708</date><id>0</id><type>bounding_box</type><polygon><username>anonymous</username><pt><x>1375</x><y>1837</y><time>21-09-20 15:06:12:087</time></pt><pt><x>522</x><y>1837</y><time>21-09-20 15:06:13:498</time></pt><pt><x>522</x><y>757</y><time>undefined</time></pt><pt><x>1375</x><y>757</y><time>undefined</time></pt><closed_date>21-09-20 15:06:13:498</closed_date></polygon></object></annotation>