<annotation><filename>m4_s06_089_p_nic056.jpg</filename><folder>users/joselusava//santiago_2</folder><source><submittedBy>Jose Saca</submittedBy></source><imagesize><nrows>2970</nrows><ncols>4451</ncols></imagesize><object><name>m4_s06_089_p_nic056</name><deleted>0</deleted><verified>0</verified><occluded>no</occluded><attributes></attributes><parts><hasparts></hasparts><ispartof></ispartof></parts><date>12-10-20 21:22:02:384</date><id>0</id><type>bounding_box</type><polygon><username>anonymous</username><pt><x>1567</x><y>1053</y><time>12-10-20 21:21:57:918</time></pt><pt><x>2974</x><y>1053</y><time>12-10-20 21:21:59:337</time></pt><pt><x>2974</x><y>2752</y><time>undefined</time></pt><pt><x>1567</x><y>2752</y><time>undefined</time></pt><closed_date>12-10-20 21:21:59:338</closed_date></polygon></object></annotation>