<annotation><filename>m4_s10_164_p_ic064.jpg</filename><folder>users/joselusava//santiago_2</folder><source><submittedBy>Jose Saca</submittedBy></source><imagesize><nrows>2970</nrows><ncols>4451</ncols></imagesize><object><name>m4_s10_164_p_ic064</name><deleted>0</deleted><verified>0</verified><occluded>no</occluded><attributes></attributes><parts><hasparts></hasparts><ispartof></ispartof></parts><date>13-10-20 22:53:36:657</date><id>0</id><type>bounding_box</type><polygon><username>anonymous</username><pt><x>1667</x><y>1207</y><time>13-10-20 22:53:33:744</time></pt><pt><x>2345</x><y>1207</y><time>13-10-20 22:53:34:779</time></pt><pt><x>2345</x><y>1942</y><time>undefined</time></pt><pt><x>1667</x><y>1942</y><time>undefined</time></pt><closed_date>13-10-20 22:53:34:780</closed_date></polygon></object></annotation>