<annotation><filename>m2_s02_085_p_nic011.jpg</filename><folder>users/joselusava//m2_jsv/85/nic</folder><source><submittedBy>Jose Saca</submittedBy></source><imagesize><nrows>2910</nrows><ncols>4361</ncols></imagesize><object><name>m2_s02_085_p_nic011</name><deleted>0</deleted><verified>0</verified><occluded>no</occluded><attributes></attributes><parts><hasparts></hasparts><ispartof></ispartof></parts><date>17-09-20 20:20:01:959</date><id>0</id><type>bounding_box</type><polygon><username>anonymous</username><pt><x>1619</x><y>122</y><time>17-09-20 20:20:00:227</time></pt><pt><x>2664</x><y>122</y><time>17-09-20 20:20:01:281</time></pt><pt><x>2664</x><y>1201</y><time>undefined</time></pt><pt><x>1619</x><y>1201</y><time>undefined</time></pt><closed_date>17-09-20 20:20:01:281</closed_date></polygon></object></annotation>