<annotation><filename>m1_s06_168_p_ic088.jpg</filename><folder>users/joselusava//jacob_2/168ic</folder><source><submittedBy>Jose Saca</submittedBy></source><imagesize><nrows>2736</nrows><ncols>4100</ncols></imagesize><object><name>m1_s06_168_p_ic088</name><deleted>0</deleted><verified>0</verified><occluded>no</occluded><attributes></attributes><parts><hasparts></hasparts><ispartof></ispartof></parts><date>08-09-20 22:51:54:277</date><id>0</id><type>bounding_box</type><polygon><username>anonymous</username><pt><x>1015</x><y>2594</y><time>08-09-20 22:51:52:519</time></pt><pt><x>2799</x><y>2594</y><time>08-09-20 22:51:53:608</time></pt><pt><x>2799</x><y>409</y><time>undefined</time></pt><pt><x>1015</x><y>409</y><time>undefined</time></pt><closed_date>08-09-20 22:51:53:609</closed_date></polygon></object></annotation>