<annotation><filename>m4_s10_164_p_nic031.jpg</filename><folder>users/joselusava//santiago_2</folder><source><submittedBy>Jose Saca</submittedBy></source><imagesize><nrows>2970</nrows><ncols>4451</ncols></imagesize><object><name>m4_s10_164_p_nic031</name><deleted>0</deleted><verified>0</verified><occluded>no</occluded><attributes></attributes><parts><hasparts></hasparts><ispartof></ispartof></parts><date>13-10-20 23:56:33:560</date><id>0</id><type>bounding_box</type><polygon><username>anonymous</username><pt><x>2767</x><y>1813</y><time>13-10-20 23:56:31:143</time></pt><pt><x>3455</x><y>1813</y><time>13-10-20 23:56:31:725</time></pt><pt><x>3455</x><y>2538</y><time>undefined</time></pt><pt><x>2767</x><y>2538</y><time>undefined</time></pt><closed_date>13-10-20 23:56:31:726</closed_date></polygon></object></annotation>