<annotation><filename>m1_s06_186_p_nic019.jpg</filename><folder>users/joselusava//jacob_2/186nic</folder><source><submittedBy>Jose Saca</submittedBy></source><imagesize><nrows>2736</nrows><ncols>4100</ncols></imagesize><object><name>m1_s06_186_p_nic019</name><deleted>0</deleted><verified>0</verified><occluded>no</occluded><attributes></attributes><parts><hasparts></hasparts><ispartof></ispartof></parts><date>09-09-20 23:08:41:571</date><id>0</id><type>bounding_box</type><polygon><username>anonymous</username><pt><x>147</x><y>2316</y><time>09-09-20 23:08:39:030</time></pt><pt><x>1686</x><y>2316</y><time>09-09-20 23:08:40:874</time></pt><pt><x>1686</x><y>565</y><time>undefined</time></pt><pt><x>147</x><y>565</y><time>undefined</time></pt><closed_date>09-09-20 23:08:40:874</closed_date></polygon></object></annotation>