<annotation><filename>m4_s12_185_p_ic087.jpg</filename><folder>users/joselusava//valeria/m04_s12_185_ic</folder><source><submittedBy>Jose Saca</submittedBy></source><imagesize><nrows>2910</nrows><ncols>4361</ncols></imagesize><object><name>m4_s12_185_p_ic087</name><deleted>0</deleted><verified>0</verified><occluded>no</occluded><attributes></attributes><parts><hasparts></hasparts><ispartof></ispartof></parts><date>17-10-20 18:47:22:713</date><id>0</id><type>bounding_box</type><polygon><username>anonymous</username><pt><x>767</x><y>2770</y><time>17-10-20 18:47:16:500</time></pt><pt><x>3761</x><y>2770</y><time>17-10-20 18:47:18:550</time></pt><pt><x>3761</x><y>297</y><time>undefined</time></pt><pt><x>767</x><y>297</y><time>undefined</time></pt><closed_date>17-10-20 18:47:18:550</closed_date></polygon></object></annotation>