<annotation><filename>m4_s05_055_p_ic059.jpg</filename><folder>users/joselusava//valeria/m4_s05_055_ic</folder><source><submittedBy>Jose Saca</submittedBy></source><imagesize><nrows>2910</nrows><ncols>4361</ncols></imagesize><object><name>m4_s05_055_p_ic059</name><deleted>0</deleted><verified>0</verified><occluded>no</occluded><attributes></attributes><parts><hasparts></hasparts><ispartof></ispartof></parts><date>08-10-20 22:38:51:683</date><id>0</id><type>bounding_box</type><polygon><username>anonymous</username><pt><x>1257</x><y>254</y><time>08-10-20 22:38:46:099</time></pt><pt><x>3345</x><y>254</y><time>08-10-20 22:38:48:305</time></pt><pt><x>3345</x><y>2497</y><time>undefined</time></pt><pt><x>1257</x><y>2497</y><time>undefined</time></pt><closed_date>08-10-20 22:38:48:306</closed_date></polygon></object></annotation>