<annotation><filename>m2_s01_058_p_ic045.jpg</filename><folder>users/joselusava//m2_jsv/58/ic</folder><source><submittedBy>Jose Saca</submittedBy></source><imagesize><nrows>2850</nrows><ncols>4271</ncols></imagesize><object><name>m2_s01_058_p_ic045</name><deleted>0</deleted><verified>0</verified><occluded>no</occluded><attributes></attributes><parts><hasparts></hasparts><ispartof></ispartof></parts><date>29-09-20 13:15:59:236</date><id>0</id><type>bounding_box</type><polygon><username>anonymous</username><pt><x>824</x><y>433</y><time>29-09-20 13:15:56:833</time></pt><pt><x>3515</x><y>433</y><time>29-09-20 13:15:58:495</time></pt><pt><x>3515</x><y>2361</y><time>undefined</time></pt><pt><x>824</x><y>2361</y><time>undefined</time></pt><closed_date>29-09-20 13:15:58:495</closed_date></polygon></object></annotation>