<annotation><filename>m2_s05_236_p_ic061.jpg</filename><folder>users/joselusava//museos2020</folder><source><submittedBy>Jose Saca</submittedBy></source><imagesize><nrows>2910</nrows><ncols>4361</ncols></imagesize><object><name>m2_s05_236_p_ic061</name><deleted>0</deleted><verified>0</verified><occluded>no</occluded><attributes></attributes><parts><hasparts></hasparts><ispartof></ispartof></parts><date>16-09-20 19:03:43:744</date><id>0</id><type>bounding_box</type><polygon><username>anonymous</username><pt><x>428</x><y>205</y><time>16-09-20 19:03:29:231</time></pt><pt><x>3393</x><y>205</y><time>16-09-20 19:03:35:836</time></pt><pt><x>3393</x><y>2831</y><time>undefined</time></pt><pt><x>428</x><y>2831</y><time>undefined</time></pt><closed_date>16-09-20 19:03:35:836</closed_date></polygon></object></annotation>