<annotation><filename>m2_s01_054_p_nic081.jpg</filename><folder>users/joselusava//kath_54</folder><source><submittedBy>Jose Saca</submittedBy></source><imagesize><nrows>2850</nrows><ncols>4271</ncols></imagesize><object><name>m2_s01_054_p_nic081</name><deleted>0</deleted><verified>0</verified><occluded>no</occluded><attributes></attributes><parts><hasparts></hasparts><ispartof></ispartof></parts><date>02-10-20 11:33:23:846</date><id>0</id><type>bounding_box</type><polygon><username>anonymous</username><pt><x>379</x><y>548</y><time>02-10-20 11:33:05:878</time></pt><pt><x>1643</x><y>548</y><time>02-10-20 11:33:09:734</time></pt><pt><x>1643</x><y>2043</y><time>undefined</time></pt><pt><x>379</x><y>2043</y><time>undefined</time></pt><closed_date>02-10-20 11:33:09:736</closed_date></polygon></object></annotation>