<annotation><filename>m2_s01_010_p_ic047.jpg</filename><folder>users/joselusava//santiago</folder><source><submittedBy>Jose Saca</submittedBy></source><imagesize><nrows>2850</nrows><ncols>4271</ncols></imagesize><object><name>m2_s01_010_p_ic047</name><deleted>0</deleted><verified>0</verified><occluded>no</occluded><attributes></attributes><parts><hasparts></hasparts><ispartof></ispartof></parts><date>21-09-20 15:53:01:712</date><id>0</id><type>bounding_box</type><polygon><username>anonymous</username><pt><x>1398</x><y>551</y><time>21-09-20 15:52:53:048</time></pt><pt><x>2927</x><y>551</y><time>21-09-20 15:52:55:160</time></pt><pt><x>2927</x><y>2199</y><time>undefined</time></pt><pt><x>1398</x><y>2199</y><time>undefined</time></pt><closed_date>21-09-20 15:52:55:160</closed_date></polygon></object></annotation>