<annotation><filename>m4_s09_138_p_nic087.jpg</filename><folder>users/joselusava//santiago_2</folder><source><submittedBy>Jose Saca</submittedBy></source><imagesize><nrows>2970</nrows><ncols>4451</ncols></imagesize><object><name>m4_s09_138_p_nic087</name><deleted>0</deleted><verified>0</verified><occluded>no</occluded><attributes></attributes><parts><hasparts></hasparts><ispartof></ispartof></parts><date>23-10-20 14:32:18:804</date><id>0</id><type>bounding_box</type><polygon><username>anonymous</username><pt><x>332</x><y>1378</y><time>23-10-20 14:32:16:132</time></pt><pt><x>3152</x><y>1378</y><time>23-10-20 14:32:17:170</time></pt><pt><x>3152</x><y>2738</y><time>undefined</time></pt><pt><x>332</x><y>2738</y><time>undefined</time></pt><closed_date>23-10-20 14:32:17:170</closed_date></polygon></object></annotation>