<annotation><filename>m4_s10_164_p_ic002.jpg</filename><folder>users/joselusava//santiago_2</folder><source><submittedBy>Jose Saca</submittedBy></source><imagesize><nrows>2970</nrows><ncols>4451</ncols></imagesize><object><name>m4_s10_164_p_ic002</name><deleted>0</deleted><verified>0</verified><occluded>no</occluded><attributes></attributes><parts><hasparts></hasparts><ispartof></ispartof></parts><date>13-10-20 21:56:38:980</date><id>0</id><type>bounding_box</type><polygon><username>anonymous</username><pt><x>1821</x><y>1078</y><time>13-10-20 21:56:35:342</time></pt><pt><x>2527</x><y>1078</y><time>13-10-20 21:56:36:186</time></pt><pt><x>2527</x><y>2138</y><time>undefined</time></pt><pt><x>1821</x><y>2138</y><time>undefined</time></pt><closed_date>13-10-20 21:56:36:187</closed_date></polygon></object></annotation>