<annotation><filename>m1_s01_021_p_ic080.jpg</filename><folder>users/joselusava//santiago</folder><source><submittedBy>Jose Saca</submittedBy></source><imagesize><nrows>3200</nrows><ncols>4800</ncols></imagesize><object><name>m1_s01_021_p_ic080</name><deleted>0</deleted><verified>0</verified><occluded>no</occluded><attributes></attributes><parts><hasparts></hasparts><ispartof></ispartof></parts><date>15-09-20 00:05:30:847</date><id>0</id><type>bounding_box</type><polygon><username>anonymous</username><pt><x>1519</x><y>911</y><time>15-09-20 00:05:22:185</time></pt><pt><x>2750</x><y>911</y><time>15-09-20 00:05:24:645</time></pt><pt><x>2750</x><y>2415</y><time>undefined</time></pt><pt><x>1519</x><y>2415</y><time>undefined</time></pt><closed_date>15-09-20 00:05:24:646</closed_date></polygon></object></annotation>