<annotation><filename>m4_s02_021_p_ic073.jpg</filename><folder>users/joselusava//santiago_2</folder><source><submittedBy>Jose Saca</submittedBy></source><imagesize><nrows>3000</nrows><ncols>4496</ncols></imagesize><object><name>m4_s02_021_p_ic073</name><deleted>0</deleted><verified>0</verified><occluded>no</occluded><attributes></attributes><parts><hasparts></hasparts><ispartof></ispartof></parts><date>04-10-20 19:24:20:168</date><id>0</id><type>bounding_box</type><polygon><username>anonymous</username><pt><x>1596</x><y>100</y><time>04-10-20 19:24:15:277</time></pt><pt><x>2864</x><y>100</y><time>04-10-20 19:24:17:532</time></pt><pt><x>2864</x><y>2479</y><time>undefined</time></pt><pt><x>1596</x><y>2479</y><time>undefined</time></pt><closed_date>04-10-20 19:24:17:533</closed_date></polygon></object></annotation>