<annotation><filename>m4_s04_045_p_nic016.jpg</filename><folder>users/joselusava//valeria/m04_s04_45_nic</folder><source><submittedBy>Jose Saca</submittedBy></source><imagesize><nrows>2970</nrows><ncols>4451</ncols></imagesize><object><name>m4_s04_045_p_nic016</name><deleted>0</deleted><verified>0</verified><occluded>no</occluded><attributes></attributes><parts><hasparts></hasparts><ispartof></ispartof></parts><date>20-10-20 00:18:08:092</date><id>0</id><type>bounding_box</type><polygon><username>anonymous</username><pt><x>845</x><y>1851</y><time>20-10-20 00:18:02:791</time></pt><pt><x>1702</x><y>1851</y><time>20-10-20 00:18:05:068</time></pt><pt><x>1702</x><y>411</y><time>undefined</time></pt><pt><x>845</x><y>411</y><time>undefined</time></pt><closed_date>20-10-20 00:18:05:069</closed_date></polygon></object></annotation>