<annotation><filename>m4_s11_178_p_nic061.jpg</filename><folder>users/joselusava//santiago_2</folder><source><submittedBy>Jose Saca</submittedBy></source><imagesize><nrows>2970</nrows><ncols>4451</ncols></imagesize><object><name>m4_s11_178_p_nic061</name><deleted>0</deleted><verified>0</verified><occluded>no</occluded><attributes></attributes><parts><hasparts></hasparts><ispartof></ispartof></parts><date>16-10-20 11:23:46:671</date><id>0</id><type>bounding_box</type><polygon><username>anonymous</username><pt><x>451</x><y>798</y><time>16-10-20 11:23:35:998</time></pt><pt><x>1617</x><y>798</y><time>16-10-20 11:23:38:659</time></pt><pt><x>1617</x><y>1931</y><time>undefined</time></pt><pt><x>451</x><y>1931</y><time>undefined</time></pt><closed_date>16-10-20 11:23:38:660</closed_date></polygon></object></annotation>