<annotation><filename>m2_s07_264_p_ic002.jpg</filename><folder>users/joselusava//valeria/sala7_264_ic</folder><source><submittedBy>Jose Saca</submittedBy></source><imagesize><nrows>2910</nrows><ncols>4361</ncols></imagesize><object><name>m2_s07_264_p_ic002</name><deleted>0</deleted><verified>0</verified><occluded>no</occluded><attributes></attributes><parts><hasparts></hasparts><ispartof></ispartof></parts><date>22-09-20 17:43:43:819</date><id>0</id><type>bounding_box</type><polygon><username>anonymous</username><pt><x>1345</x><y>342</y><time>22-09-20 17:43:38:538</time></pt><pt><x>2904</x><y>342</y><time>22-09-20 17:43:40:536</time></pt><pt><x>2904</x><y>2684</y><time>undefined</time></pt><pt><x>1345</x><y>2684</y><time>undefined</time></pt><closed_date>22-09-20 17:43:40:537</closed_date></polygon></object></annotation>