<annotation><filename>m4_s06_089_p_ic064.jpg</filename><folder>users/joselusava//santiago_2</folder><source><submittedBy>Jose Saca</submittedBy></source><imagesize><nrows>2970</nrows><ncols>4451</ncols></imagesize><object><name>m4_s06_089_p_ic064</name><deleted>0</deleted><verified>0</verified><occluded>no</occluded><attributes></attributes><parts><hasparts></hasparts><ispartof></ispartof></parts><date>11-10-20 18:57:52:315</date><id>0</id><type>bounding_box</type><polygon><username>anonymous</username><pt><x>1174</x><y>283</y><time>11-10-20 18:57:48:667</time></pt><pt><x>3119</x><y>283</y><time>11-10-20 18:57:50:035</time></pt><pt><x>3119</x><y>2546</y><time>undefined</time></pt><pt><x>1174</x><y>2546</y><time>undefined</time></pt><closed_date>11-10-20 18:57:50:035</closed_date></polygon></object></annotation>