<annotation><filename>m2_s01_054_p_nic012.jpg</filename><folder>users/joselusava//kath</folder><source><submittedBy>Jose Saca</submittedBy></source><imagesize><nrows>2850</nrows><ncols>4271</ncols></imagesize><object><name>m2_s01_054_p_nic012</name><deleted>0</deleted><verified>0</verified><occluded>no</occluded><attributes></attributes><parts><hasparts></hasparts><ispartof></ispartof></parts><date>30-09-20 11:05:07:110</date><id>0</id><type>bounding_box</type><polygon><username>anonymous</username><pt><x>1095</x><y>295</y><time>30-09-20 11:05:01:554</time></pt><pt><x>260</x><y>295</y><time>30-09-20 11:05:04:576</time></pt><pt><x>260</x><y>1460</y><time>undefined</time></pt><pt><x>1095</x><y>1460</y><time>undefined</time></pt><closed_date>30-09-20 11:05:04:577</closed_date></polygon></object></annotation>