<annotation><filename>m2_s01_001_p_nic028.jpg</filename><folder>users/joselusava//santiago</folder><source><submittedBy>Jose Saca</submittedBy></source><imagesize><nrows>2850</nrows><ncols>4271</ncols></imagesize><object><name>m2_s01_001_p_nic028</name><deleted>0</deleted><verified>0</verified><occluded>no</occluded><attributes></attributes><parts><hasparts></hasparts><ispartof></ispartof></parts><date>19-09-20 22:16:38:739</date><id>0</id><type>bounding_box</type><polygon><username>anonymous</username><pt><x>317</x><y>968</y><time>19-09-20 22:16:30:524</time></pt><pt><x>1770</x><y>968</y><time>19-09-20 22:16:32:585</time></pt><pt><x>1770</x><y>2385</y><time>undefined</time></pt><pt><x>317</x><y>2385</y><time>undefined</time></pt><closed_date>19-09-20 22:16:32:586</closed_date></polygon></object></annotation>