<annotation><filename>m1_s06_168_p_nic030.jpg</filename><folder>users/joselusava//jacob_2/168nic</folder><source><submittedBy>Jose Saca</submittedBy></source><imagesize><nrows>2736</nrows><ncols>4100</ncols></imagesize><object><name>m1_s06_168_p_nic030</name><deleted>0</deleted><verified>0</verified><occluded>no</occluded><attributes></attributes><parts><hasparts></hasparts><ispartof></ispartof></parts><date>08-09-20 23:09:50:755</date><id>0</id><type>bounding_box</type><polygon><username>anonymous</username><pt><x>2021</x><y>164</y><time>08-09-20 23:09:48:155</time></pt><pt><x>2922</x><y>164</y><time>08-09-20 23:09:50:252</time></pt><pt><x>2922</x><y>1702</y><time>undefined</time></pt><pt><x>2021</x><y>1702</y><time>undefined</time></pt><closed_date>08-09-20 23:09:50:253</closed_date></polygon></object></annotation>