<annotation><filename>m4_s05_055_p_nic051.jpg</filename><folder>users/joselusava//valeria/m4_s05_055_nic</folder><source><submittedBy>Jose Saca</submittedBy></source><imagesize><nrows>2910</nrows><ncols>4361</ncols></imagesize><object><name>m4_s05_055_p_nic051</name><deleted>0</deleted><verified>0</verified><occluded>no</occluded><attributes></attributes><parts><hasparts></hasparts><ispartof></ispartof></parts><date>09-10-20 17:40:17:700</date><id>0</id><type>bounding_box</type><polygon><username>anonymous</username><pt><x>364</x><y>154</y><time>09-10-20 17:40:11:666</time></pt><pt><x>1698</x><y>154</y><time>09-10-20 17:40:13:651</time></pt><pt><x>1698</x><y>1852</y><time>undefined</time></pt><pt><x>364</x><y>1852</y><time>undefined</time></pt><closed_date>09-10-20 17:40:13:651</closed_date></polygon></object></annotation>