<annotation><filename>m4_s04_039_p_ic025.jpg</filename><folder>users/joselusava//santiago_2</folder><source><submittedBy>Jose Saca</submittedBy></source><imagesize><nrows>2970</nrows><ncols>4451</ncols></imagesize><object><name>m4_s04_039_p_ic025</name><deleted>0</deleted><verified>0</verified><occluded>no</occluded><attributes></attributes><parts><hasparts></hasparts><ispartof></ispartof></parts><date>20-10-20 21:36:08:232</date><id>0</id><type>bounding_box</type><polygon><username>anonymous</username><pt><x>1945</x><y>132</y><time>20-10-20 21:36:04:708</time></pt><pt><x>2752</x><y>132</y><time>20-10-20 21:36:06:258</time></pt><pt><x>2752</x><y>2927</y><time>undefined</time></pt><pt><x>1945</x><y>2927</y><time>undefined</time></pt><closed_date>20-10-20 21:36:06:259</closed_date></polygon></object></annotation>