<annotation><filename>m4_s12_185_p_nic080.jpg</filename><folder>users/joselusava//valeria/m04_s12_185_nic</folder><source><submittedBy>Jose Saca</submittedBy></source><imagesize><nrows>2910</nrows><ncols>4361</ncols></imagesize><object><name>m4_s12_185_p_nic080</name><deleted>0</deleted><verified>0</verified><occluded>no</occluded><attributes></attributes><parts><hasparts></hasparts><ispartof></ispartof></parts><date>17-10-20 23:50:07:444</date><id>0</id><type>bounding_box</type><polygon><username>anonymous</username><pt><x>4208</x><y>2518</y><time>17-10-20 23:50:00:027</time></pt><pt><x>1237</x><y>2518</y><time>17-10-20 23:50:02:892</time></pt><pt><x>1237</x><y>173</y><time>undefined</time></pt><pt><x>4208</x><y>173</y><time>undefined</time></pt><closed_date>17-10-20 23:50:02:893</closed_date></polygon></object></annotation>