<annotation><filename>m2_s01_010_p_ic008.jpg</filename><folder>users/joselusava//santiago</folder><source><submittedBy>Jose Saca</submittedBy></source><imagesize><nrows>2850</nrows><ncols>4271</ncols></imagesize><object><name>m2_s01_010_p_ic008</name><deleted>0</deleted><verified>0</verified><occluded>no</occluded><attributes></attributes><parts><hasparts></hasparts><ispartof></ispartof></parts><date>21-09-20 15:05:32:172</date><id>0</id><type>bounding_box</type><polygon><username>anonymous</username><pt><x>1327</x><y>378</y><time>21-09-20 15:05:18:836</time></pt><pt><x>3084</x><y>378</y><time>21-09-20 15:05:21:202</time></pt><pt><x>3084</x><y>2209</y><time>undefined</time></pt><pt><x>1327</x><y>2209</y><time>undefined</time></pt><closed_date>21-09-20 15:05:21:203</closed_date></polygon></object></annotation>