<annotation><filename>m4_s05_055_p_nic048.jpg</filename><folder>users/joselusava//valeria/m4_s05_055_nic</folder><source><submittedBy>Jose Saca</submittedBy></source><imagesize><nrows>2910</nrows><ncols>4361</ncols></imagesize><object><name>m4_s05_055_p_nic048</name><deleted>0</deleted><verified>0</verified><occluded>no</occluded><attributes></attributes><parts><hasparts></hasparts><ispartof></ispartof></parts><date>09-10-20 17:35:14:866</date><id>0</id><type>bounding_box</type><polygon><username>anonymous</username><pt><x>976</x><y>72</y><time>09-10-20 17:35:09:578</time></pt><pt><x>2309</x><y>72</y><time>09-10-20 17:35:11:727</time></pt><pt><x>2309</x><y>1637</y><time>undefined</time></pt><pt><x>976</x><y>1637</y><time>undefined</time></pt><closed_date>09-10-20 17:35:11:727</closed_date></polygon></object></annotation>