<annotation><filename>m2_s03_201_p_nic082.jpg</filename><folder>users/joselusava//valeria/m2_sala03_201_nic</folder><source><submittedBy>Jose Saca</submittedBy></source><imagesize><nrows>2910</nrows><ncols>4361</ncols></imagesize><object><name>m2_s03_201_p_nic082</name><deleted>0</deleted><verified>0</verified><occluded>no</occluded><attributes></attributes><parts><hasparts></hasparts><ispartof></ispartof></parts><date>30-09-20 18:14:49:509</date><id>0</id><type>bounding_box</type><polygon><username>anonymous</username><pt><x>2282</x><y>2265</y><time>30-09-20 18:14:41:561</time></pt><pt><x>320</x><y>2265</y><time>30-09-20 18:14:45:991</time></pt><pt><x>320</x><y>193</y><time>undefined</time></pt><pt><x>2282</x><y>193</y><time>undefined</time></pt><closed_date>30-09-20 18:14:45:993</closed_date></polygon></object></annotation>