<annotation><filename>m4_s11_176_p_ic020.jpg</filename><folder>users/joselusava//m4_js/176/ic</folder><source><submittedBy>Jose Saca</submittedBy></source><imagesize><nrows>2970</nrows><ncols>4451</ncols></imagesize><object><name>m4_s11_176_p_ic020</name><deleted>0</deleted><verified>0</verified><occluded>no</occluded><attributes></attributes><parts><hasparts></hasparts><ispartof></ispartof></parts><date>14-10-20 16:35:18:661</date><id>0</id><type>bounding_box</type><polygon><username>anonymous</username><pt><x>3065</x><y>2434</y><time>14-10-20 16:35:16:656</time></pt><pt><x>1208</x><y>2434</y><time>14-10-20 16:35:17:953</time></pt><pt><x>1208</x><y>551</y><time>undefined</time></pt><pt><x>3065</x><y>551</y><time>undefined</time></pt><closed_date>14-10-20 16:35:17:953</closed_date></polygon></object></annotation>