<annotation><filename>m1_s02_029_p_ic005.jpg</filename><folder>users/joselusava//valeria/sala2_029_ic</folder><source><submittedBy>Jose Saca</submittedBy></source><imagesize><nrows>2000</nrows><ncols>2992</ncols></imagesize><object><name>m1_s02_052_p_ic005</name><deleted>0</deleted><verified>0</verified><occluded>no</occluded><attributes></attributes><parts><hasparts></hasparts><ispartof></ispartof></parts><date>22-08-20 16:55:02:077</date><id>0</id><type>bounding_box</type><polygon><username>anonymous</username><pt><x>544</x><y>7</y><time>22-08-20 16:54:36:166</time></pt><pt><x>2399</x><y>7</y><time>22-08-20 16:54:48:362</time></pt><pt><x>2399</x><y>1977</y><time>undefined</time></pt><pt><x>544</x><y>1977</y><time>undefined</time></pt><closed_date>22-08-20 16:54:48:363</closed_date></polygon></object></annotation>