<annotation><filename>m2_s01_058_p_nic072.jpg</filename><folder>users/joselusava//m2_jsv/58/nic</folder><source><submittedBy>Jose Saca</submittedBy></source><imagesize><nrows>2850</nrows><ncols>4271</ncols></imagesize><object><name>m2_s01_058_p_nic072</name><deleted>0</deleted><verified>0</verified><occluded>no</occluded><attributes></attributes><parts><hasparts></hasparts><ispartof></ispartof></parts><date>29-09-20 23:19:42:840</date><id>0</id><type>bounding_box</type><polygon><username>anonymous</username><pt><x>1040</x><y>1586</y><time>29-09-20 23:19:40:584</time></pt><pt><x>17</x><y>1586</y><time>29-09-20 23:19:42:161</time></pt><pt><x>17</x><y>580</y><time>undefined</time></pt><pt><x>1040</x><y>580</y><time>undefined</time></pt><closed_date>29-09-20 23:19:42:161</closed_date></polygon></object></annotation>