<annotation><filename>m1_s06_141_p_nic004.jpg</filename><folder>users/joselusava//jacob_2/141nic</folder><source><submittedBy>Jose Saca</submittedBy></source><imagesize><nrows>2736</nrows><ncols>4100</ncols></imagesize><object><name>m1_s06_141_p_nic004</name><deleted>0</deleted><verified>0</verified><occluded>no</occluded><attributes></attributes><parts><hasparts></hasparts><ispartof></ispartof></parts><date>05-09-20 00:43:04:845</date><id>0</id><type>bounding_box</type><polygon><username>anonymous</username><pt><x>2442</x><y>1935</y><time>05-09-20 00:43:01:950</time></pt><pt><x>3647</x><y>1935</y><time>05-09-20 00:43:03:210</time></pt><pt><x>3647</x><y>467</y><time>undefined</time></pt><pt><x>2442</x><y>467</y><time>undefined</time></pt><closed_date>05-09-20 00:43:03:210</closed_date></polygon></object></annotation>