<annotation><filename>m4_s09_138_p_ic038.jpg</filename><folder>users/joselusava//santiago_2</folder><source><submittedBy>Jose Saca</submittedBy></source><imagesize><nrows>2970</nrows><ncols>4451</ncols></imagesize><object><name>m4_s09_138_p_ic038</name><deleted>0</deleted><verified>0</verified><occluded>no</occluded><attributes></attributes><parts><hasparts></hasparts><ispartof></ispartof></parts><date>22-10-20 14:09:26:704</date><id>0</id><type>bounding_box</type><polygon><username>anonymous</username><pt><x>86</x><y>553</y><time>22-10-20 14:09:23:240</time></pt><pt><x>4348</x><y>553</y><time>22-10-20 14:09:24:724</time></pt><pt><x>4348</x><y>2592</y><time>undefined</time></pt><pt><x>86</x><y>2592</y><time>undefined</time></pt><closed_date>22-10-20 14:09:24:725</closed_date></polygon></object></annotation>