<annotation><filename>m1_s01_004_p_nic090.jpg</filename><folder>users/joselusava//valeria_apoyo/sala01_004_nic</folder><source><submittedBy>Jose Saca</submittedBy></source><imagesize><nrows>3200</nrows><ncols>4800</ncols></imagesize><object><name>m1_s01_004_p_nic090</name><deleted>0</deleted><verified>0</verified><occluded>no</occluded><attributes></attributes><parts><hasparts></hasparts><ispartof></ispartof></parts><date>17-09-20 20:30:01:973</date><id>0</id><type>bounding_box</type><polygon><username>anonymous</username><pt><x>327</x><y>2327</y><time>17-09-20 20:29:55:670</time></pt><pt><x>3073</x><y>2327</y><time>17-09-20 20:29:58:067</time></pt><pt><x>3073</x><y>1418</y><time>undefined</time></pt><pt><x>327</x><y>1418</y><time>undefined</time></pt><closed_date>17-09-20 20:29:58:068</closed_date></polygon></object></annotation>