<annotation><filename>m2_s01_058_p_nic012.jpg</filename><folder>users/joselusava//m2_jsv/58/nic</folder><source><submittedBy>Jose Saca</submittedBy></source><imagesize><nrows>2850</nrows><ncols>4271</ncols></imagesize><object><name>m2_s01_058_p_nic012</name><deleted>0</deleted><verified>0</verified><occluded>no</occluded><attributes></attributes><parts><hasparts></hasparts><ispartof></ispartof></parts><date>29-09-20 21:15:40:097</date><id>0</id><type>bounding_box</type><polygon><username>anonymous</username><pt><x>17</x><y>315</y><time>29-09-20 21:15:37:814</time></pt><pt><x>1483</x><y>315</y><time>29-09-20 21:15:39:343</time></pt><pt><x>1483</x><y>1441</y><time>undefined</time></pt><pt><x>17</x><y>1441</y><time>undefined</time></pt><closed_date>29-09-20 21:15:39:343</closed_date></polygon></object></annotation>