<annotation><filename>m1_s02_029_p_nic041.jpg</filename><folder>users/joselusava//valeria/sala2_029_nic</folder><source><submittedBy>Jose Saca</submittedBy></source><imagesize><nrows>3200</nrows><ncols>4800</ncols></imagesize><object><name>m1_s02_029_p_nic041</name><deleted>0</deleted><verified>0</verified><occluded>no</occluded><attributes></attributes><parts><hasparts></hasparts><ispartof></ispartof></parts><date>26-08-20 19:01:18:815</date><id>0</id><type>bounding_box</type><polygon><username>anonymous</username><pt><x>2228</x><y>1595</y><time>26-08-20 19:01:04:960</time></pt><pt><x>3452</x><y>1595</y><time>26-08-20 19:01:07:513</time></pt><pt><x>3452</x><y>2883</y><time>undefined</time></pt><pt><x>2228</x><y>2883</y><time>undefined</time></pt><closed_date>26-08-20 19:01:07:515</closed_date></polygon></object></annotation>