<annotation><filename>m2_s06_244_p_ic098.jpg</filename><folder>users/joselusava//museos2020</folder><source><submittedBy>Jose Saca</submittedBy></source><imagesize><nrows>2910</nrows><ncols>4361</ncols></imagesize><object><name>m2_s06_244_p_ic098</name><deleted>0</deleted><verified>0</verified><occluded>no</occluded><attributes></attributes><parts><hasparts></hasparts><ispartof></ispartof></parts><date>23-09-20 09:31:53:050</date><id>0</id><type>bounding_box</type><polygon><username>anonymous</username><pt><x>409</x><y>394</y><time>23-09-20 09:31:44:887</time></pt><pt><x>3878</x><y>394</y><time>23-09-20 09:31:46:877</time></pt><pt><x>3878</x><y>2853</y><time>undefined</time></pt><pt><x>409</x><y>2853</y><time>undefined</time></pt><closed_date>23-09-20 09:31:46:878</closed_date></polygon></object></annotation>