<annotation><filename>m1_s06_168_p_ic039.jpg</filename><folder>users/joselusava//jacob_2/168ic</folder><source><submittedBy>Jose Saca</submittedBy></source><imagesize><nrows>2736</nrows><ncols>4100</ncols></imagesize><object><name>m1_s06_168_p_ic039</name><deleted>0</deleted><verified>0</verified><occluded>no</occluded><attributes></attributes><parts><hasparts></hasparts><ispartof></ispartof></parts><date>08-09-20 19:51:50:674</date><id>0</id><type>bounding_box</type><polygon><username>anonymous</username><pt><x>1228</x><y>16</y><time>08-09-20 19:51:47:954</time></pt><pt><x>2807</x><y>16</y><time>08-09-20 19:51:50:079</time></pt><pt><x>2807</x><y>2611</y><time>undefined</time></pt><pt><x>1228</x><y>2611</y><time>undefined</time></pt><closed_date>08-09-20 19:51:50:079</closed_date></polygon></object></annotation>