<annotation><filename>m2_s01_018_p_ic009.jpg</filename><folder>users/joselusava//santiago_2</folder><source><submittedBy>Jose Saca</submittedBy></source><imagesize><nrows>3000</nrows><ncols>4496</ncols></imagesize><object><name>m2_s01_018_p_ic009</name><deleted>0</deleted><verified>0</verified><occluded>no</occluded><attributes></attributes><parts><hasparts></hasparts><ispartof></ispartof></parts><date>26-09-20 18:45:07:690</date><id>0</id><type>bounding_box</type><polygon><username>anonymous</username><pt><x>1686</x><y>789</y><time>26-09-20 18:45:00:353</time></pt><pt><x>2893</x><y>789</y><time>26-09-20 18:45:01:462</time></pt><pt><x>2893</x><y>2204</y><time>undefined</time></pt><pt><x>1686</x><y>2204</y><time>undefined</time></pt><closed_date>26-09-20 18:45:01:462</closed_date></polygon></object></annotation>