<annotation><filename>m4_s04_037_p_nic030.jpg</filename><folder>users/joselusava//santiago_2</folder><source><submittedBy>Jose Saca</submittedBy></source><imagesize><nrows>2970</nrows><ncols>4451</ncols></imagesize><object><name>m4_s04_037_p_nic030</name><deleted>0</deleted><verified>0</verified><occluded>no</occluded><attributes></attributes><parts><hasparts></hasparts><ispartof></ispartof></parts><date>19-10-20 22:11:56:856</date><id>0</id><type>bounding_box</type><polygon><username>anonymous</username><pt><x>2909</x><y>1467</y><time>19-10-20 22:11:53:937</time></pt><pt><x>3787</x><y>1467</y><time>19-10-20 22:11:54:841</time></pt><pt><x>3787</x><y>2727</y><time>undefined</time></pt><pt><x>2909</x><y>2727</y><time>undefined</time></pt><closed_date>19-10-20 22:11:54:842</closed_date></polygon></object></annotation>