<annotation><filename>m2_s03_252_p_ic045.jpg</filename><folder>users/joselusava//valeria/m2_sala03_252_ic</folder><source><submittedBy>Jose Saca</submittedBy></source><imagesize><nrows>2910</nrows><ncols>4361</ncols></imagesize><object><name>m2_s06_252_p_ic043</name><deleted>0</deleted><verified>0</verified><occluded>no</occluded><attributes/><parts><hasparts/><ispartof/></parts><date>25-09-20 22:48:35:758</date><id>0</id><type>bounding_box</type><polygon><username>anonymous</username><pt><x>639</x><y>331</y><time>25-09-20 22:48:29:458</time></pt><pt><x>3770</x><y>331</y><time>25-09-20 22:48:32:732</time></pt><pt><x>3770</x><y>2568</y><time>undefined</time></pt><pt><x>639</x><y>2568</y><time>undefined</time></pt><closed_date>25-09-20 22:48:32:733</closed_date></polygon></object><object><name>m2_s06_252_p_ic045</name><deleted>0</deleted><verified>0</verified><occluded>no</occluded><attributes></attributes><parts><hasparts></hasparts><ispartof></ispartof></parts><date>26-09-20 23:58:47:465</date><id>1</id><type>bounding_box</type><polygon><username>anonymous</username><pt><x>612</x><y>309</y><time>26-09-20 23:58:38:324</time></pt><pt><x>3775</x><y>309</y><time>26-09-20 23:58:40:713</time></pt><pt><x>3775</x><y>2563</y><time>undefined</time></pt><pt><x>612</x><y>2563</y><time>undefined</time></pt><closed_date>26-09-20 23:58:40:713</closed_date></polygon></object></annotation>