<annotation><filename>m2_s02_190_p_nic052.jpg</filename><folder>users/joselusava//m2_jsv/190/nic</folder><source><submittedBy>Jose Saca</submittedBy></source><imagesize><nrows>2910</nrows><ncols>4361</ncols></imagesize><object><name>m2_s02_190_p_nic052</name><deleted>0</deleted><verified>0</verified><occluded>no</occluded><attributes></attributes><parts><hasparts></hasparts><ispartof></ispartof></parts><date>21-09-20 15:08:52:263</date><id>0</id><type>bounding_box</type><polygon><username>anonymous</username><pt><x>2899</x><y>2742</y><time>21-09-20 15:08:50:663</time></pt><pt><x>2150</x><y>2742</y><time>21-09-20 15:08:51:788</time></pt><pt><x>2150</x><y>1680</y><time>undefined</time></pt><pt><x>2899</x><y>1680</y><time>undefined</time></pt><closed_date>21-09-20 15:08:51:789</closed_date></polygon></object></annotation>