<annotation><filename>m1_s02_065_p_nic024.jpg</filename><folder>users/joselusava//valeria/sala2_065_nic</folder><source><submittedBy>Jose Saca</submittedBy></source><imagesize><nrows>2000</nrows><ncols>2992</ncols></imagesize><object><name>m1_s02_065_p_nic024</name><deleted>0</deleted><verified>0</verified><occluded>no</occluded><attributes></attributes><parts><hasparts></hasparts><ispartof></ispartof></parts><date>27-08-20 22:27:47:401</date><id>0</id><type>bounding_box</type><polygon><username>anonymous</username><pt><x>2530</x><y>1852</y><time>27-08-20 22:27:40:430</time></pt><pt><x>980</x><y>1852</y><time>27-08-20 22:27:42:812</time></pt><pt><x>980</x><y>1151</y><time>undefined</time></pt><pt><x>2530</x><y>1151</y><time>undefined</time></pt><closed_date>27-08-20 22:27:42:813</closed_date></polygon></object></annotation>