<annotation><filename>m4_s04_045_p.jpg</filename><folder>users/joselusava//valeria/m04_s04_45_ic</folder><source><submittedBy>Jose Saca</submittedBy></source><imagesize><nrows>2970</nrows><ncols>4451</ncols></imagesize><object><name>m4_s04_045_p</name><deleted>0</deleted><verified>0</verified><occluded>no</occluded><attributes></attributes><parts><hasparts></hasparts><ispartof></ispartof></parts><date>19-10-20 18:49:16:851</date><id>0</id><type>bounding_box</type><polygon><username>anonymous</username><pt><x>1514</x><y>2667</y><time>19-10-20 18:47:51:196</time></pt><pt><x>2787</x><y>2667</y><time>19-10-20 18:47:53:933</time></pt><pt><x>2787</x><y>406</y><time>undefined</time></pt><pt><x>1514</x><y>406</y><time>undefined</time></pt><closed_date>19-10-20 18:47:53:935</closed_date></polygon></object></annotation>