<annotation><filename>m4_s04_047_p_nic023.jpg</filename><folder>users/joselusava//kath/kath_m4_047/nic</folder><source><submittedBy>Jose Saca</submittedBy></source><imagesize><nrows>2970</nrows><ncols>4451</ncols></imagesize><object><name>m4_s04_047_p_nic023</name><deleted>0</deleted><verified>0</verified><occluded>no</occluded><attributes></attributes><parts><hasparts></hasparts><ispartof></ispartof></parts><date>24-10-20 18:32:16:058</date><id>0</id><type>bounding_box</type><polygon><username>anonymous</username><pt><x>238</x><y>230</y><time>24-10-20 18:32:03:787</time></pt><pt><x>1559</x><y>230</y><time>24-10-20 18:32:09:146</time></pt><pt><x>1559</x><y>2703</y><time>undefined</time></pt><pt><x>238</x><y>2703</y><time>undefined</time></pt><closed_date>24-10-20 18:32:09:148</closed_date></polygon></object></annotation>