<annotation><filename>m2_s06_250_p_ic0014.jpg</filename><folder>users/joselusava//valeria/m2_sala06_250_ic</folder><source><submittedBy>Jose Saca</submittedBy></source><imagesize><nrows>2910</nrows><ncols>4361</ncols></imagesize><object><name>m2_s06_250_p_ic014</name><deleted>0</deleted><verified>0</verified><occluded>no</occluded><attributes></attributes><parts><hasparts></hasparts><ispartof></ispartof></parts><date>30-09-20 22:13:15:179</date><id>0</id><type>bounding_box</type><polygon><username>anonymous</username><pt><x>496</x><y>2656</y><time>30-09-20 22:13:09:949</time></pt><pt><x>3979</x><y>2656</y><time>30-09-20 22:13:11:857</time></pt><pt><x>3979</x><y>628</y><time>undefined</time></pt><pt><x>496</x><y>628</y><time>undefined</time></pt><closed_date>30-09-20 22:13:11:858</closed_date></polygon></object></annotation>