<annotation><filename>m2_s07_264_p_ic069.jpg</filename><folder>users/joselusava//valeria/sala7_264_ic</folder><source><submittedBy>Jose Saca</submittedBy></source><imagesize><nrows>2910</nrows><ncols>4361</ncols></imagesize><object><name>m2_s07_264_p_ic069</name><deleted>0</deleted><verified>0</verified><occluded>no</occluded><attributes></attributes><parts><hasparts></hasparts><ispartof></ispartof></parts><date>23-09-20 11:46:42:654</date><id>0</id><type>bounding_box</type><polygon><username>anonymous</username><pt><x>1422</x><y>452</y><time>23-09-20 11:46:37:435</time></pt><pt><x>2899</x><y>452</y><time>23-09-20 11:46:39:368</time></pt><pt><x>2899</x><y>2585</y><time>undefined</time></pt><pt><x>1422</x><y>2585</y><time>undefined</time></pt><closed_date>23-09-20 11:46:39:369</closed_date></polygon></object></annotation>