<annotation><filename>m2_s02_140_x.jpg</filename><folder>users/joselusava//m2_jsv</folder><source><submittedBy>Jose Saca</submittedBy></source><imagesize><nrows>2910</nrows><ncols>4361</ncols></imagesize><object><name>m2_s02_139_x</name><deleted>0</deleted><verified>0</verified><occluded>no</occluded><attributes></attributes><parts><hasparts></hasparts><ispartof></ispartof></parts><date>19-09-20 23:34:35:880</date><id>0</id><type>bounding_box</type><polygon><username>anonymous</username><pt><x>3064</x><y>2376</y><time>19-09-20 23:34:34:148</time></pt><pt><x>1280</x><y>2376</y><time>19-09-20 23:34:35:232</time></pt><pt><x>1280</x><y>487</y><time>undefined</time></pt><pt><x>3064</x><y>487</y><time>undefined</time></pt><closed_date>19-09-20 23:34:35:233</closed_date></polygon></object></annotation>