<annotation><filename>m1_s06_186_p_nic094.jpg</filename><folder>users/joselusava//jacob_2/186nic</folder><source><submittedBy>Jose Saca</submittedBy></source><imagesize><nrows>2736</nrows><ncols>4100</ncols></imagesize><object><name>m1_s06_186_p_nic094</name><deleted>0</deleted><verified>0</verified><occluded>no</occluded><attributes></attributes><parts><hasparts></hasparts><ispartof></ispartof></parts><date>09-09-20 23:37:43:357</date><id>0</id><type>bounding_box</type><polygon><username>anonymous</username><pt><x>1694</x><y>2079</y><time>09-09-20 23:37:40:482</time></pt><pt><x>393</x><y>2079</y><time>09-09-20 23:37:42:588</time></pt><pt><x>393</x><y>401</y><time>undefined</time></pt><pt><x>1694</x><y>401</y><time>undefined</time></pt><closed_date>09-09-20 23:37:42:588</closed_date></polygon></object></annotation>