<annotation><filename>m4_s04_047_p_nic050.jpg</filename><folder>users/joselusava//kath/kath_m4_047/nic</folder><source><submittedBy>Jose Saca</submittedBy></source><imagesize><nrows>2970</nrows><ncols>4451</ncols></imagesize><object><name>m4_s04_047_p_nic050</name><deleted>0</deleted><verified>0</verified><occluded>no</occluded><attributes></attributes><parts><hasparts></hasparts><ispartof></ispartof></parts><date>24-10-20 19:07:25:076</date><id>0</id><type>bounding_box</type><polygon><username>anonymous</username><pt><x>673</x><y>206</y><time>24-10-20 19:07:07:235</time></pt><pt><x>1825</x><y>206</y><time>24-10-20 19:07:10:433</time></pt><pt><x>1825</x><y>2677</y><time>undefined</time></pt><pt><x>673</x><y>2677</y><time>undefined</time></pt><closed_date>24-10-20 19:07:10:434</closed_date></polygon></object></annotation>