<annotation><filename>m4_s02_021_p_nic095.jpg</filename><folder>users/joselusava//santiago_2</folder><source><submittedBy>Jose Saca</submittedBy></source><imagesize><nrows>2910</nrows><ncols>4361</ncols></imagesize><object><name>m4_s02_021_p_nic095</name><deleted>0</deleted><verified>0</verified><occluded>no</occluded><attributes></attributes><parts><hasparts></hasparts><ispartof></ispartof></parts><date>05-10-20 12:00:32:795</date><id>0</id><type>bounding_box</type><polygon><username>anonymous</username><pt><x>596</x><y>357</y><time>05-10-20 12:00:29:016</time></pt><pt><x>1749</x><y>357</y><time>05-10-20 12:00:30:279</time></pt><pt><x>1749</x><y>2293</y><time>undefined</time></pt><pt><x>596</x><y>2293</y><time>undefined</time></pt><closed_date>05-10-20 12:00:30:280</closed_date></polygon></object></annotation>