<annotation><filename>m1_s06_168_p_ic091.jpg</filename><folder>users/joselusava//jacob_2/168ic</folder><source><submittedBy>Jose Saca</submittedBy></source><imagesize><nrows>2736</nrows><ncols>4100</ncols></imagesize><object><name>m1_s06_168_p_ic091</name><deleted>0</deleted><verified>0</verified><occluded>no</occluded><attributes></attributes><parts><hasparts></hasparts><ispartof></ispartof></parts><date>08-09-20 22:53:01:991</date><id>0</id><type>bounding_box</type><polygon><username>anonymous</username><pt><x>1187</x><y>2643</y><time>08-09-20 22:52:59:361</time></pt><pt><x>2856</x><y>2643</y><time>08-09-20 22:53:01:278</time></pt><pt><x>2856</x><y>450</y><time>undefined</time></pt><pt><x>1187</x><y>450</y><time>undefined</time></pt><closed_date>08-09-20 22:53:01:278</closed_date></polygon></object></annotation>