<annotation><filename>m1_s01_021_p_ic034.jpg</filename><folder>users/joselusava//santiago</folder><source><submittedBy>Jose Saca</submittedBy></source><imagesize><nrows>3200</nrows><ncols>4800</ncols></imagesize><object><name>m1_s01_021_p_ic034</name><deleted>0</deleted><verified>0</verified><occluded>no</occluded><attributes></attributes><parts><hasparts></hasparts><ispartof></ispartof></parts><date>14-09-20 23:00:59:078</date><id>0</id><type>bounding_box</type><polygon><username>anonymous</username><pt><x>1919</x><y>778</y><time>14-09-20 23:00:49:296</time></pt><pt><x>3121</x><y>778</y><time>14-09-20 23:00:51:961</time></pt><pt><x>3121</x><y>2401</y><time>undefined</time></pt><pt><x>1919</x><y>2401</y><time>undefined</time></pt><closed_date>14-09-20 23:00:51:962</closed_date></polygon></object></annotation>