<annotation><filename>m4_s10_164_p_nic015.jpg</filename><folder>users/joselusava//santiago_2</folder><source><submittedBy>Jose Saca</submittedBy></source><imagesize><nrows>2970</nrows><ncols>4451</ncols></imagesize><object><name>m4_s10_164_p_nic015</name><deleted>0</deleted><verified>0</verified><occluded>no</occluded><attributes></attributes><parts><hasparts></hasparts><ispartof></ispartof></parts><date>13-10-20 23:44:35:005</date><id>0</id><type>bounding_box</type><polygon><username>anonymous</username><pt><x>289</x><y>382</y><time>13-10-20 23:44:32:152</time></pt><pt><x>853</x><y>382</y><time>13-10-20 23:44:32:965</time></pt><pt><x>853</x><y>1017</y><time>undefined</time></pt><pt><x>289</x><y>1017</y><time>undefined</time></pt><closed_date>13-10-20 23:44:32:967</closed_date></polygon></object></annotation>