<annotation><filename>m4_s11_178_p_ic093.jpg</filename><folder>users/joselusava//santiago_2</folder><source><submittedBy>Jose Saca</submittedBy></source><imagesize><nrows>2970</nrows><ncols>4451</ncols></imagesize><object><name>m4_s11_178_p_ic093</name><deleted>0</deleted><verified>0</verified><occluded>no</occluded><attributes></attributes><parts><hasparts></hasparts><ispartof></ispartof></parts><date>15-10-20 22:29:57:070</date><id>0</id><type>bounding_box</type><polygon><username>anonymous</username><pt><x>1435</x><y>539</y><time>15-10-20 22:29:52:597</time></pt><pt><x>3191</x><y>539</y><time>15-10-20 22:29:54:912</time></pt><pt><x>3191</x><y>2424</y><time>undefined</time></pt><pt><x>1435</x><y>2424</y><time>undefined</time></pt><closed_date>15-10-20 22:29:54:912</closed_date></polygon></object></annotation>