<annotation><filename>m2_s01_034_p_ic097.jpg</filename><folder>users/joselusava//kath</folder><source><submittedBy>Jose Saca</submittedBy></source><imagesize><nrows>2850</nrows><ncols>4271</ncols></imagesize><object><name>m2_s01_034_p_ic097</name><deleted>0</deleted><verified>0</verified><occluded>no</occluded><attributes></attributes><parts><hasparts></hasparts><ispartof></ispartof></parts><date>25-09-20 17:15:00:908</date><id>0</id><type>bounding_box</type><polygon><username>anonymous</username><pt><x>1375</x><y>222</y><time>25-09-20 17:14:45:112</time></pt><pt><x>2986</x><y>222</y><time>25-09-20 17:14:52:545</time></pt><pt><x>2986</x><y>2614</y><time>undefined</time></pt><pt><x>1375</x><y>2614</y><time>undefined</time></pt><closed_date>25-09-20 17:14:52:547</closed_date></polygon></object></annotation>