<annotation><filename>m1_s06_144_p_nic048.jpg</filename><folder>users/joselusava//jacob_2/144nic</folder><source><submittedBy>Jose Saca</submittedBy></source><imagesize><nrows>2736</nrows><ncols>4100</ncols></imagesize><object><name>m1_s06_144_p_nic048</name><deleted>0</deleted><verified>0</verified><occluded>no</occluded><attributes></attributes><parts><hasparts></hasparts><ispartof></ispartof></parts><date>08-09-20 02:16:16:160</date><id>0</id><type>bounding_box</type><polygon><username>anonymous</username><pt><x>3781</x><y>2300</y><time>08-09-20 02:16:12:431</time></pt><pt><x>2152</x><y>2300</y><time>08-09-20 02:16:14:746</time></pt><pt><x>2152</x><y>777</y><time>undefined</time></pt><pt><x>3781</x><y>777</y><time>undefined</time></pt><closed_date>08-09-20 02:16:14:746</closed_date></polygon></object></annotation>