<annotation><filename>m1_s01_001_p_ic077.jpg</filename><folder>users/joselusava//juancarlos</folder><source><submittedBy>Jose Saca</submittedBy></source><imagesize><nrows>2000</nrows><ncols>2992</ncols></imagesize><object><name>m1_s01_001_p_ic077</name><deleted>0</deleted><verified>0</verified><occluded>no</occluded><attributes></attributes><parts><hasparts></hasparts><ispartof></ispartof></parts><date>01-09-20 10:19:23:755</date><id>0</id><type>bounding_box</type><polygon><username>anonymous</username><pt><x>693</x><y>759</y><time>01-09-20 10:18:36:438</time></pt><pt><x>2045</x><y>759</y><time>01-09-20 10:18:39:204</time></pt><pt><x>2045</x><y>1487</y><time>undefined</time></pt><pt><x>693</x><y>1487</y><time>undefined</time></pt><closed_date>01-09-20 10:18:39:210</closed_date></polygon></object></annotation>