<annotation><filename>m4_s05_052_p_ic002.jpg</filename><folder>users/joselusava//santiago_2</folder><source><submittedBy>Jose Saca</submittedBy></source><imagesize><nrows>2910</nrows><ncols>4361</ncols></imagesize><object><name>m4_s05_052_p_ic002</name><deleted>0</deleted><verified>0</verified><occluded>no</occluded><attributes></attributes><parts><hasparts></hasparts><ispartof></ispartof></parts><date>07-10-20 16:15:50:800</date><id>0</id><type>bounding_box</type><polygon><username>anonymous</username><pt><x>1375</x><y>378</y><time>07-10-20 16:15:46:461</time></pt><pt><x>3211</x><y>378</y><time>07-10-20 16:15:48:429</time></pt><pt><x>3211</x><y>2508</y><time>undefined</time></pt><pt><x>1375</x><y>2508</y><time>undefined</time></pt><closed_date>07-10-20 16:15:48:430</closed_date></polygon></object></annotation>