<annotation><filename>m4_s02_021_p_nic001.jpg</filename><folder>users/joselusava//santiago_2</folder><source><submittedBy>Jose Saca</submittedBy></source><imagesize><nrows>2910</nrows><ncols>4361</ncols></imagesize><object><name>m4_s02_021_p_nic001</name><deleted>0</deleted><verified>0</verified><occluded>no</occluded><attributes></attributes><parts><hasparts></hasparts><ispartof></ispartof></parts><date>04-10-20 20:28:46:699</date><id>0</id><type>bounding_box</type><polygon><username>anonymous</username><pt><x>2595</x><y>530</y><time>04-10-20 20:28:43:018</time></pt><pt><x>3800</x><y>530</y><time>04-10-20 20:28:44:366</time></pt><pt><x>3800</x><y>2567</y><time>undefined</time></pt><pt><x>2595</x><y>2567</y><time>undefined</time></pt><closed_date>04-10-20 20:28:44:367</closed_date></polygon></object></annotation>