<annotation><filename>m2_s07_261_x.jpg</filename><folder>users/joselusava//museos2020</folder><source><submittedBy>Jose Saca</submittedBy></source><imagesize><nrows>2910</nrows><ncols>4361</ncols></imagesize><object><name>m2_s07_261_x</name><deleted>0</deleted><verified>0</verified><occluded>no</occluded><attributes></attributes><parts><hasparts></hasparts><ispartof></ispartof></parts><date>27-09-20 22:07:12:657</date><id>0</id><type>bounding_box</type><polygon><username>anonymous</username><pt><x>618</x><y>316</y><time>27-09-20 22:07:04:272</time></pt><pt><x>3579</x><y>316</y><time>27-09-20 22:07:06:942</time></pt><pt><x>3579</x><y>2543</y><time>undefined</time></pt><pt><x>618</x><y>2543</y><time>undefined</time></pt><closed_date>27-09-20 22:07:06:944</closed_date></polygon></object></annotation>