<annotation><filename>m4_s12_185_p_ic076.jpg</filename><folder>users/joselusava//valeria/m04_s12_185_ic</folder><source><submittedBy>Jose Saca</submittedBy></source><imagesize><nrows>2910</nrows><ncols>4361</ncols></imagesize><object><name>m4_s12_185_p_ic076</name><deleted>0</deleted><verified>0</verified><occluded>no</occluded><attributes></attributes><parts><hasparts></hasparts><ispartof></ispartof></parts><date>17-10-20 18:36:13:758</date><id>0</id><type>bounding_box</type><polygon><username>anonymous</username><pt><x>3744</x><y>2412</y><time>17-10-20 18:36:06:349</time></pt><pt><x>565</x><y>2412</y><time>17-10-20 18:36:09:905</time></pt><pt><x>565</x><y>218</y><time>undefined</time></pt><pt><x>3744</x><y>218</y><time>undefined</time></pt><closed_date>17-10-20 18:36:09:906</closed_date></polygon></object></annotation>