<annotation><filename>m4_s06_093_x.jpg</filename><folder>users/joselusava//kath/m4_x</folder><source><submittedBy>Jose Saca</submittedBy></source><imagesize><nrows>2970</nrows><ncols>4451</ncols></imagesize><object><name>m4_s06_093_x</name><deleted>0</deleted><verified>0</verified><occluded>no</occluded><attributes></attributes><parts><hasparts></hasparts><ispartof></ispartof></parts><date>21-10-20 10:51:40:263</date><id>0</id><polygon><username>anonymous</username><pt><x>1403</x><y>298</y><time>21-10-20 10:51:27:026</time></pt><pt><x>1211</x><y>2542</y><time>21-10-20 10:51:28:447</time></pt><pt><x>3258</x><y>2537</y><time>21-10-20 10:51:29:679</time></pt><pt><x>3109</x><y>298</y><time>21-10-20 10:51:31:005</time></pt><closed_date>21-10-20 10:51:32:102</closed_date></polygon></object></annotation>