<annotation><filename>m4_s02_015_p_nic063.jpg</filename><folder>users/joselusava//m4_js/15nic</folder><source><submittedBy>Jose Saca</submittedBy></source><imagesize><nrows>2910</nrows><ncols>4361</ncols></imagesize><object><name>m4_s02_015_p_nic063</name><deleted>0</deleted><verified>0</verified><occluded>no</occluded><attributes></attributes><parts><hasparts></hasparts><ispartof></ispartof></parts><date>06-10-20 20:07:06:995</date><id>0</id><type>bounding_box</type><polygon><username>anonymous</username><pt><x>122</x><y>339</y><time>06-10-20 20:07:04:692</time></pt><pt><x>1758</x><y>339</y><time>06-10-20 20:07:06:084</time></pt><pt><x>1758</x><y>2072</y><time>undefined</time></pt><pt><x>122</x><y>2072</y><time>undefined</time></pt><closed_date>06-10-20 20:07:06:085</closed_date></polygon></object></annotation>