<annotation><filename>m2_s03_219_p_ic088.jpg</filename><folder>users/joselusava//valeria/m2_sala03_219_ic</folder><source><submittedBy>Jose Saca</submittedBy></source><imagesize><nrows>2910</nrows><ncols>4361</ncols></imagesize><object><name>m2_s03_219_p_ic088</name><deleted>0</deleted><verified>0</verified><occluded>no</occluded><attributes></attributes><parts><hasparts></hasparts><ispartof></ispartof></parts><date>29-09-20 01:19:39:689</date><id>0</id><type>bounding_box</type><polygon><username>anonymous</username><pt><x>3268</x><y>2392</y><time>29-09-20 01:19:34:613</time></pt><pt><x>1042</x><y>2392</y><time>29-09-20 01:19:36:464</time></pt><pt><x>1042</x><y>535</y><time>undefined</time></pt><pt><x>3268</x><y>535</y><time>undefined</time></pt><closed_date>29-09-20 01:19:36:465</closed_date></polygon></object></annotation>