<annotation><filename>m4_s04_039_p_ic006.jpg</filename><folder>users/joselusava//santiago_2</folder><source><submittedBy>Jose Saca</submittedBy></source><imagesize><nrows>2970</nrows><ncols>4451</ncols></imagesize><object><name>m4_s04_039_p_ic006</name><deleted>0</deleted><verified>0</verified><occluded>no</occluded><attributes></attributes><parts><hasparts></hasparts><ispartof></ispartof></parts><date>20-10-20 13:52:22:852</date><id>0</id><type>bounding_box</type><polygon><username>anonymous</username><pt><x>1735</x><y>71</y><time>20-10-20 13:52:18:471</time></pt><pt><x>2524</x><y>71</y><time>20-10-20 13:52:20:538</time></pt><pt><x>2524</x><y>2813</y><time>undefined</time></pt><pt><x>1735</x><y>2813</y><time>undefined</time></pt><closed_date>20-10-20 13:52:20:538</closed_date></polygon></object></annotation>