<annotation><filename>m4_s04_037_p_nic067.jpg</filename><folder>users/joselusava//santiago_2</folder><source><submittedBy>Jose Saca</submittedBy></source><imagesize><nrows>2970</nrows><ncols>4451</ncols></imagesize><object><name>m4_s04_037_p_nic067</name><deleted>0</deleted><verified>0</verified><occluded>no</occluded><attributes></attributes><parts><hasparts></hasparts><ispartof></ispartof></parts><date>19-10-20 22:38:42:429</date><id>0</id><type>bounding_box</type><polygon><username>anonymous</username><pt><x>3016</x><y>1353</y><time>19-10-20 22:38:39:350</time></pt><pt><x>3966</x><y>1353</y><time>19-10-20 22:38:40:174</time></pt><pt><x>3966</x><y>2745</y><time>undefined</time></pt><pt><x>3016</x><y>2745</y><time>undefined</time></pt><closed_date>19-10-20 22:38:40:175</closed_date></polygon></object></annotation>