<annotation><filename>m1_s02_029_p_ic041.jpg</filename><folder>users/joselusava//valeria/sala2_029_ic</folder><source><submittedBy>Jose Saca</submittedBy></source><imagesize><nrows>3200</nrows><ncols>4800</ncols></imagesize><object><name>m1_s02_029_p_ic041</name><deleted>0</deleted><verified>0</verified><occluded>no</occluded><attributes></attributes><parts><hasparts></hasparts><ispartof></ispartof></parts><date>22-08-20 19:31:30:013</date><id>0</id><type>bounding_box</type><polygon><username>anonymous</username><pt><x>1348</x><y>644</y><time>22-08-20 19:31:17:267</time></pt><pt><x>3291</x><y>644</y><time>22-08-20 19:31:25:587</time></pt><pt><x>3291</x><y>2609</y><time>undefined</time></pt><pt><x>1348</x><y>2609</y><time>undefined</time></pt><closed_date>22-08-20 19:31:25:588</closed_date></polygon></object></annotation>