<annotation><filename>m4_s10_164_p_nic052.jpg</filename><folder>users/joselusava//santiago_2</folder><source><submittedBy>Jose Saca</submittedBy></source><imagesize><nrows>2970</nrows><ncols>4451</ncols></imagesize><object><name>m4_s10_164_p_nic052</name><deleted>0</deleted><verified>0</verified><occluded>no</occluded><attributes></attributes><parts><hasparts></hasparts><ispartof></ispartof></parts><date>14-10-20 11:28:20:023</date><id>0</id><type>bounding_box</type><polygon><username>anonymous</username><pt><x>900</x><y>1810</y><time>14-10-20 11:28:17:374</time></pt><pt><x>1535</x><y>1810</y><time>14-10-20 11:28:18:123</time></pt><pt><x>1535</x><y>2570</y><time>undefined</time></pt><pt><x>900</x><y>2570</y><time>undefined</time></pt><closed_date>14-10-20 11:28:18:124</closed_date></polygon></object></annotation>