<annotation><filename>m4_s04_045_p_nic039.jpg</filename><folder>users/joselusava//valeria/m04_s04_45_nic</folder><source><submittedBy>Jose Saca</submittedBy></source><imagesize><nrows>2970</nrows><ncols>4451</ncols></imagesize><object><name>m4_s04_045_p_nic039</name><deleted>0</deleted><verified>0</verified><occluded>no</occluded><attributes></attributes><parts><hasparts></hasparts><ispartof></ispartof></parts><date>20-10-20 14:37:22:826</date><id>0</id><type>bounding_box</type><polygon><username>anonymous</username><pt><x>3638</x><y>1948</y><time>20-10-20 14:37:18:129</time></pt><pt><x>4284</x><y>1948</y><time>20-10-20 14:37:19:770</time></pt><pt><x>4284</x><y>840</y><time>undefined</time></pt><pt><x>3638</x><y>840</y><time>undefined</time></pt><closed_date>20-10-20 14:37:19:771</closed_date></polygon></object></annotation>