<annotation><filename>m1_s02_065_p_nic030.jpg</filename><folder>users/joselusava//valeria/sala2_065_nic</folder><source><submittedBy>Jose Saca</submittedBy></source><imagesize><nrows>2000</nrows><ncols>2992</ncols></imagesize><object><name>m1_s02_065_p_nic030</name><deleted>0</deleted><verified>0</verified><occluded>no</occluded><attributes></attributes><parts><hasparts></hasparts><ispartof></ispartof></parts><date>27-08-20 22:35:53:440</date><id>0</id><type>bounding_box</type><polygon><username>anonymous</username><pt><x>2849</x><y>1510</y><time>27-08-20 22:35:47:865</time></pt><pt><x>1312</x><y>1510</y><time>27-08-20 22:35:49:976</time></pt><pt><x>1312</x><y>812</y><time>undefined</time></pt><pt><x>2849</x><y>812</y><time>undefined</time></pt><closed_date>27-08-20 22:35:49:977</closed_date></polygon></object></annotation>