<annotation><filename>m1_s06_144_p_nic091.jpg</filename><folder>users/joselusava//jacob_2/144nic</folder><source><submittedBy>Jose Saca</submittedBy></source><imagesize><nrows>2736</nrows><ncols>4100</ncols></imagesize><object><name>m1_s06_144_p_nic091</name><deleted>0</deleted><verified>0</verified><occluded>no</occluded><attributes></attributes><parts><hasparts></hasparts><ispartof></ispartof></parts><date>08-09-20 14:02:56:135</date><id>0</id><type>bounding_box</type><polygon><username>anonymous</username><pt><x>342</x><y>1964</y><time>08-09-20 14:02:53:850</time></pt><pt><x>2054</x><y>1964</y><time>08-09-20 14:02:55:218</time></pt><pt><x>2054</x><y>391</y><time>undefined</time></pt><pt><x>342</x><y>391</y><time>undefined</time></pt><closed_date>08-09-20 14:02:55:218</closed_date></polygon></object></annotation>