<annotation><filename>m3_s01_023_p_nic059.jpg</filename><folder>users/joselusava//santiago_3</folder><source><submittedBy>Jose Saca</submittedBy></source><imagesize><nrows>2970</nrows><ncols>4451</ncols></imagesize><object><name>m3_s01_023_p_nic059</name><deleted>0</deleted><verified>0</verified><occluded>no</occluded><attributes></attributes><parts><hasparts></hasparts><ispartof></ispartof></parts><date>06-11-20 09:41:55:693</date><id>0</id><type>bounding_box</type><polygon><username>anonymous</username><pt><x>1999</x><y>660</y><time>06-11-20 09:41:52:601</time></pt><pt><x>3791</x><y>660</y><time>06-11-20 09:41:53:603</time></pt><pt><x>3791</x><y>2320</y><time>undefined</time></pt><pt><x>1999</x><y>2320</y><time>undefined</time></pt><closed_date>06-11-20 09:41:53:603</closed_date></polygon></object></annotation>