<annotation><filename>m3_s01_023_p_ic016.jpg</filename><folder>users/joselusava//santiago_3</folder><source><submittedBy>Jose Saca</submittedBy></source><imagesize><nrows>2970</nrows><ncols>4451</ncols></imagesize><object><name>m3_s01_023_p_ic016</name><deleted>0</deleted><verified>0</verified><occluded>no</occluded><attributes></attributes><parts><hasparts></hasparts><ispartof></ispartof></parts><date>04-11-20 18:48:23:962</date><id>0</id><type>bounding_box</type><polygon><username>anonymous</username><pt><x>214</x><y>293</y><time>04-11-20 18:48:20:074</time></pt><pt><x>4041</x><y>293</y><time>04-11-20 18:48:21:810</time></pt><pt><x>4041</x><y>2674</y><time>undefined</time></pt><pt><x>214</x><y>2674</y><time>undefined</time></pt><closed_date>04-11-20 18:48:21:812</closed_date></polygon></object></annotation>