<annotation><filename>m2_s02_190_p_ic033.jpg</filename><folder>users/joselusava//m2_jsv/190/ic</folder><source><submittedBy>Jose Saca</submittedBy></source><imagesize><nrows>2910</nrows><ncols>4361</ncols></imagesize><object><name>m2_s02_190_p_ic033</name><deleted>0</deleted><verified>0</verified><occluded>no</occluded><attributes></attributes><parts><hasparts></hasparts><ispartof></ispartof></parts><date>21-09-20 14:19:20:742</date><id>0</id><type>bounding_box</type><polygon><username>anonymous</username><pt><x>2861</x><y>2592</y><time>21-09-20 14:19:19:049</time></pt><pt><x>1578</x><y>2592</y><time>21-09-20 14:19:20:067</time></pt><pt><x>1578</x><y>728</y><time>undefined</time></pt><pt><x>2861</x><y>728</y><time>undefined</time></pt><closed_date>21-09-20 14:19:20:067</closed_date></polygon></object></annotation>