<annotation><filename>m4_s10_157_p_ic097.jpg</filename><folder>users/joselusava//valeria/m04_s10_157_nic</folder><source><submittedBy>Jose Saca</submittedBy></source><imagesize><nrows>2970</nrows><ncols>4451</ncols></imagesize><object><name>m4_s10_157_p_nic097</name><deleted>0</deleted><verified>0</verified><occluded>no</occluded><attributes></attributes><parts><hasparts></hasparts><ispartof></ispartof></parts><date>12-10-20 22:15:38:285</date><id>0</id><type>bounding_box</type><polygon><username>anonymous</username><pt><x>4337</x><y>2661</y><time>12-10-20 22:15:32:583</time></pt><pt><x>2323</x><y>2661</y><time>12-10-20 22:15:34:967</time></pt><pt><x>2323</x><y>343</y><time>undefined</time></pt><pt><x>4337</x><y>343</y><time>undefined</time></pt><closed_date>12-10-20 22:15:34:967</closed_date></polygon></object></annotation>