<annotation><filename>m2_s01_054_p_nic096.jpg</filename><folder>users/joselusava//kath</folder><source><submittedBy>Jose Saca</submittedBy></source><imagesize><nrows>2850</nrows><ncols>4271</ncols></imagesize><object><name>m2_s01_054_p_nic096</name><deleted>0</deleted><verified>0</verified><occluded>no</occluded><attributes></attributes><parts><hasparts></hasparts><ispartof></ispartof></parts><date>30-09-20 22:45:57:192</date><id>0</id><polygon><username>kath</username><pt><x>2646</x><y>793</y><time>30-09-20 22:45:41:960</time></pt><pt><x>2773</x><y>2239</y><time>30-09-20 22:45:42:973</time></pt><pt><x>3699</x><y>2415</y><time>30-09-20 22:45:44:357</time></pt><pt><x>3966</x><y>892</y><time>30-09-20 22:45:45:700</time></pt><closed_date>30-09-20 22:45:47:224</closed_date></polygon></object></annotation>