<annotation><filename>m4_s09_138_p_nic017.jpg</filename><folder>users/joselusava//santiago_2</folder><source><submittedBy>Jose Saca</submittedBy></source><imagesize><nrows>2970</nrows><ncols>4451</ncols></imagesize><object><name>m4_s09_138_p_nic017</name><deleted>0</deleted><verified>0</verified><occluded>no</occluded><attributes></attributes><parts><hasparts></hasparts><ispartof></ispartof></parts><date>22-10-20 23:16:13:787</date><id>0</id><type>bounding_box</type><polygon><username>anonymous</username><pt><x>218</x><y>825</y><time>22-10-20 23:16:10:742</time></pt><pt><x>2645</x><y>825</y><time>22-10-20 23:16:11:904</time></pt><pt><x>2645</x><y>1942</y><time>undefined</time></pt><pt><x>218</x><y>1942</y><time>undefined</time></pt><closed_date>22-10-20 23:16:11:905</closed_date></polygon></object></annotation>