<annotation><filename>m1_s01_004_p_ic076.jpg</filename><folder>users/joselusava//valeria_apoyo/sala001_004ic_ok</folder><source><submittedBy>Jose Saca</submittedBy></source><imagesize><nrows>2000</nrows><ncols>2992</ncols></imagesize><object><name>m1_s01_004_p_ic076</name><deleted>0</deleted><verified>0</verified><occluded>no</occluded><attributes></attributes><parts><hasparts></hasparts><ispartof></ispartof></parts><date>16-09-20 16:20:07:816</date><id>0</id><type>bounding_box</type><polygon><username>anonymous</username><pt><x>2723</x><y>1409</y><time>16-09-20 16:19:43:028</time></pt><pt><x>295</x><y>1409</y><time>16-09-20 16:19:45:877</time></pt><pt><x>295</x><y>723</y><time>undefined</time></pt><pt><x>2723</x><y>723</y><time>undefined</time></pt><closed_date>16-09-20 16:19:45:916</closed_date></polygon></object></annotation>