<annotation><filename>m1_s02_036_p_nic091.jpg</filename><folder>users/joselusava//valeria/sala2_036_nic</folder><source><submittedBy>Jose Saca</submittedBy></source><imagesize><nrows>3200</nrows><ncols>4800</ncols></imagesize><object><name>m1_s02_036_p_nic091</name><deleted>0</deleted><verified>0</verified><occluded>no</occluded><attributes></attributes><parts><hasparts></hasparts><ispartof></ispartof></parts><date>27-08-20 13:05:38:934</date><id>0</id><type>bounding_box</type><polygon><username>anonymous</username><pt><x>1621</x><y>2158</y><time>27-08-20 13:05:33:220</time></pt><pt><x>494</x><y>2158</y><time>27-08-20 13:05:35:697</time></pt><pt><x>494</x><y>1144</y><time>undefined</time></pt><pt><x>1621</x><y>1144</y><time>undefined</time></pt><closed_date>27-08-20 13:05:35:698</closed_date></polygon></object></annotation>