<annotation><filename>m4_s04_045_p_nic043.jpg</filename><folder>users/joselusava//valeria/m04_s04_45_nic</folder><source><submittedBy>Jose Saca</submittedBy></source><imagesize><nrows>2970</nrows><ncols>4451</ncols></imagesize><object><name>m4_s04_045_p_nic043</name><deleted>0</deleted><verified>0</verified><occluded>no</occluded><attributes></attributes><parts><hasparts></hasparts><ispartof></ispartof></parts><date>20-10-20 14:40:44:250</date><id>0</id><type>bounding_box</type><polygon><username>anonymous</username><pt><x>3513</x><y>1428</y><time>20-10-20 14:40:37:754</time></pt><pt><x>4238</x><y>1428</y><time>20-10-20 14:40:41:064</time></pt><pt><x>4238</x><y>308</y><time>undefined</time></pt><pt><x>3513</x><y>308</y><time>undefined</time></pt><closed_date>20-10-20 14:40:41:070</closed_date></polygon></object></annotation>