<annotation><filename>m4_s10_157_p_ic072.jpg</filename><folder>users/joselusava//valeria/m04_s10_157_nic</folder><source><submittedBy>Jose Saca</submittedBy></source><imagesize><nrows>2970</nrows><ncols>4451</ncols></imagesize><object><name>m4_s10_157_p_nic072</name><deleted>0</deleted><verified>0</verified><occluded>no</occluded><attributes></attributes><parts><hasparts></hasparts><ispartof></ispartof></parts><date>12-10-20 21:36:30:196</date><id>0</id><type>bounding_box</type><polygon><username>anonymous</username><pt><x>968</x><y>2813</y><time>12-10-20 21:36:24:161</time></pt><pt><x>2768</x><y>2813</y><time>12-10-20 21:36:26:873</time></pt><pt><x>2768</x><y>754</y><time>undefined</time></pt><pt><x>968</x><y>754</y><time>undefined</time></pt><closed_date>12-10-20 21:36:26:873</closed_date></polygon></object></annotation>