<annotation><filename>m4_s04_045_p_ic074.jpg</filename><folder>users/joselusava//valeria/m04_s04_45_ic</folder><source><submittedBy>Jose Saca</submittedBy></source><imagesize><nrows>2970</nrows><ncols>4451</ncols></imagesize><object><name>m4_s04_045_p_ic074</name><deleted>0</deleted><verified>0</verified><occluded>no</occluded><attributes></attributes><parts><hasparts></hasparts><ispartof></ispartof></parts><date>19-10-20 20:06:41:010</date><id>0</id><type>bounding_box</type><polygon><username>anonymous</username><pt><x>1479</x><y>2839</y><time>19-10-20 20:06:36:395</time></pt><pt><x>2742</x><y>2839</y><time>19-10-20 20:06:38:052</time></pt><pt><x>2742</x><y>360</y><time>undefined</time></pt><pt><x>1479</x><y>360</y><time>undefined</time></pt><closed_date>19-10-20 20:06:38:053</closed_date></polygon></object></annotation>