<annotation><filename>m1_s01_021_p_ic069.jpg</filename><folder>users/joselusava//santiago</folder><source><submittedBy>Jose Saca</submittedBy></source><imagesize><nrows>3200</nrows><ncols>4800</ncols></imagesize><object><name>m1_s01_021_p_ic069</name><deleted>0</deleted><verified>0</verified><occluded>no</occluded><attributes></attributes><parts><hasparts></hasparts><ispartof></ispartof></parts><date>14-09-20 23:47:19:491</date><id>0</id><type>bounding_box</type><polygon><username>anonymous</username><pt><x>1713</x><y>522</y><time>14-09-20 23:47:10:085</time></pt><pt><x>3283</x><y>522</y><time>14-09-20 23:47:13:265</time></pt><pt><x>3283</x><y>2469</y><time>undefined</time></pt><pt><x>1713</x><y>2469</y><time>undefined</time></pt><closed_date>14-09-20 23:47:13:266</closed_date></polygon></object></annotation>