<annotation><filename>m4_s04_045_p_ic091.jpg</filename><folder>users/joselusava//valeria/m04_s04_45_ic</folder><source><submittedBy>Jose Saca</submittedBy></source><imagesize><nrows>2970</nrows><ncols>4451</ncols></imagesize><object><name>m4_s04_045_p_ic091</name><deleted>0</deleted><verified>0</verified><occluded>no</occluded><attributes></attributes><parts><hasparts></hasparts><ispartof></ispartof></parts><date>19-10-20 23:49:12:377</date><id>0</id><type>bounding_box</type><polygon><username>anonymous</username><pt><x>1531</x><y>2599</y><time>19-10-20 23:49:07:404</time></pt><pt><x>2867</x><y>2599</y><time>19-10-20 23:49:09:432</time></pt><pt><x>2867</x><y>194</y><time>undefined</time></pt><pt><x>1531</x><y>194</y><time>undefined</time></pt><closed_date>19-10-20 23:49:09:433</closed_date></polygon></object></annotation>