<annotation><filename>m4_s10_164_p_nic013.jpg</filename><folder>users/joselusava//santiago_2</folder><source><submittedBy>Jose Saca</submittedBy></source><imagesize><nrows>2970</nrows><ncols>4451</ncols></imagesize><object><name>m4_s10_164_p_nic013</name><deleted>0</deleted><verified>0</verified><occluded>no</occluded><attributes></attributes><parts><hasparts></hasparts><ispartof></ispartof></parts><date>13-10-20 23:43:18:386</date><id>0</id><type>bounding_box</type><polygon><username>anonymous</username><pt><x>457</x><y>289</y><time>13-10-20 23:43:15:078</time></pt><pt><x>1021</x><y>289</y><time>13-10-20 23:43:15:920</time></pt><pt><x>1021</x><y>1099</y><time>undefined</time></pt><pt><x>457</x><y>1099</y><time>undefined</time></pt><closed_date>13-10-20 23:43:15:920</closed_date></polygon></object></annotation>