<annotation><filename>m1_s01_005_p_nic055.jpg</filename><folder>users/joselusava//museos2020</folder><source><submittedBy>Jose Saca</submittedBy></source><imagesize><nrows>2000</nrows><ncols>2992</ncols></imagesize><object><name>m1_s01_005_p_nic055</name><deleted>0</deleted><verified>0</verified><occluded>no</occluded><attributes></attributes><parts><hasparts></hasparts><ispartof></ispartof></parts><date>14-09-20 11:17:37:210</date><id>0</id><type>bounding_box</type><polygon><username>anonymous</username><pt><x>1073</x><y>1524</y><time>14-09-20 11:17:28:900</time></pt><pt><x>1355</x><y>1524</y><time>14-09-20 11:17:30:736</time></pt><pt><x>1355</x><y>1869</y><time>undefined</time></pt><pt><x>1073</x><y>1869</y><time>undefined</time></pt><closed_date>14-09-20 11:17:30:738</closed_date></polygon></object></annotation>