<annotation><filename>m2_s01_034_p_ic100.jpg</filename><folder>users/joselusava//kath</folder><source><submittedBy>Jose Saca</submittedBy></source><imagesize><nrows>2850</nrows><ncols>4271</ncols></imagesize><object><name>m2_s01_034_p_ic100</name><deleted>0</deleted><verified>0</verified><occluded>no</occluded><attributes></attributes><parts><hasparts></hasparts><ispartof></ispartof></parts><date>25-09-20 17:18:01:916</date><id>0</id><type>bounding_box</type><polygon><username>anonymous</username><pt><x>1604</x><y>337</y><time>25-09-20 17:17:53:886</time></pt><pt><x>2943</x><y>337</y><time>25-09-20 17:17:59:140</time></pt><pt><x>2943</x><y>2485</y><time>undefined</time></pt><pt><x>1604</x><y>2485</y><time>undefined</time></pt><closed_date>25-09-20 17:17:59:141</closed_date></polygon></object></annotation>