<annotation><filename>m4_s03_025_p_nic039.jpg</filename><folder>users/joselusava//santiago_3</folder><source><submittedBy>Jose Saca</submittedBy></source><imagesize><nrows>2910</nrows><ncols>4361</ncols></imagesize><object><name>m4_s03_025_p_nic039</name><deleted>0</deleted><verified>0</verified><occluded>no</occluded><attributes></attributes><parts><hasparts></hasparts><ispartof></ispartof></parts><date>07-11-20 23:54:00:290</date><id>0</id><type>bounding_box</type><polygon><username>anonymous</username><pt><x>1284</x><y>476</y><time>07-11-20 23:53:53:887</time></pt><pt><x>3896</x><y>476</y><time>07-11-20 23:53:54:934</time></pt><pt><x>3896</x><y>1819</y><time>undefined</time></pt><pt><x>1284</x><y>1819</y><time>undefined</time></pt><closed_date>07-11-20 23:53:54:935</closed_date></polygon></object></annotation>