<annotation><filename>m2_s03_213_x.jpg</filename><folder>users/joselusava//juancarlos</folder><source><submittedBy>Jose Saca</submittedBy></source><imagesize><nrows>2910</nrows><ncols>4361</ncols></imagesize><object><name>m2_s03_213_x</name><deleted>0</deleted><verified>0</verified><occluded>no</occluded><attributes></attributes><parts><hasparts></hasparts><ispartof></ispartof></parts><date>30-09-20 16:09:06:190</date><id>0</id><polygon><username>anonymous</username><pt><x>734</x><y>655</y><time>30-09-20 16:08:56:440</time></pt><pt><x>460</x><y>2315</y><time>30-09-20 16:08:57:317</time></pt><pt><x>3742</x><y>2255</y><time>30-09-20 16:08:58:481</time></pt><pt><x>3459</x><y>618</y><time>30-09-20 16:08:59:235</time></pt><closed_date>30-09-20 16:09:00:117</closed_date></polygon></object></annotation>