<annotation><filename>m1_s01_014_x.jpg</filename><folder>users/joselusava//museos2020</folder><source><submittedBy>Jose Saca</submittedBy></source><imagesize><nrows>3200</nrows><ncols>4800</ncols></imagesize><object><name>m1_s01_014_x</name><deleted>0</deleted><verified>0</verified><occluded>no</occluded><attributes></attributes><parts><hasparts></hasparts><ispartof></ispartof></parts><date>13-09-20 22:05:38:270</date><id>0</id><type>bounding_box</type><polygon><username>anonymous</username><pt><x>1288</x><y>562</y><time>13-09-20 22:05:24:219</time></pt><pt><x>3220</x><y>562</y><time>13-09-20 22:05:29:568</time></pt><pt><x>3220</x><y>2581</y><time>undefined</time></pt><pt><x>1288</x><y>2581</y><time>undefined</time></pt><closed_date>13-09-20 22:05:29:568</closed_date></polygon></object></annotation>