<annotation><filename>m1_s01_021_p_nic052.jpg</filename><folder>users/joselusava//santiago</folder><source><submittedBy>Jose Saca</submittedBy></source><imagesize><nrows>3200</nrows><ncols>4800</ncols></imagesize><object><name>m1_s01_021_p_nic052</name><deleted>0</deleted><verified>0</verified><occluded>no</occluded><attributes></attributes><parts><hasparts></hasparts><ispartof></ispartof></parts><date>16-09-20 18:03:04:522</date><id>0</id><type>bounding_box</type><polygon><username>anonymous</username><pt><x>3679</x><y>1155</y><time>16-09-20 18:02:56:958</time></pt><pt><x>4093</x><y>1155</y><time>16-09-20 18:02:58:028</time></pt><pt><x>4093</x><y>1811</y><time>undefined</time></pt><pt><x>3679</x><y>1811</y><time>undefined</time></pt><closed_date>16-09-20 18:02:58:029</closed_date></polygon></object></annotation>