<annotation><filename>m3_s01_013_p_ic098.jpg</filename><folder>users/joselusava//valeria/m03_s01_13_ic</folder><source><submittedBy>Jose Saca</submittedBy></source><imagesize><nrows>2970</nrows><ncols>4451</ncols></imagesize><object><name>m3_s01_013_p_ic097</name><deleted>0</deleted><verified>0</verified><occluded>no</occluded><attributes></attributes><parts><hasparts></hasparts><ispartof></ispartof></parts><date>01-11-20 09:51:09:533</date><id>0</id><type>bounding_box</type><polygon><username>anonymous</username><pt><x>3758</x><y>2856</y><time>01-11-20 09:51:02:153</time></pt><pt><x>1217</x><y>2856</y><time>01-11-20 09:51:05:922</time></pt><pt><x>1217</x><y>223</y><time>undefined</time></pt><pt><x>3758</x><y>223</y><time>undefined</time></pt><closed_date>01-11-20 09:51:05:924</closed_date></polygon></object></annotation>