<annotation><filename>m4_s12_185_p_nic055.jpg</filename><folder>users/joselusava//valeria/m04_s12_185_nic</folder><source><submittedBy>Jose Saca</submittedBy></source><imagesize><nrows>2910</nrows><ncols>4361</ncols></imagesize><object><name>m4_s12_185_p_nic055</name><deleted>0</deleted><verified>0</verified><occluded>no</occluded><attributes></attributes><parts><hasparts></hasparts><ispartof></ispartof></parts><date>17-10-20 23:23:06:788</date><id>0</id><type>bounding_box</type><polygon><username>anonymous</username><pt><x>1690</x><y>2076</y><time>17-10-20 23:23:01:437</time></pt><pt><x>3537</x><y>2076</y><time>17-10-20 23:23:03:795</time></pt><pt><x>3537</x><y>157</y><time>undefined</time></pt><pt><x>1690</x><y>157</y><time>undefined</time></pt><closed_date>17-10-20 23:23:03:797</closed_date></polygon></object></annotation>