<annotation><filename>m2_s01_018_p_nic077.jpg</filename><folder>users/joselusava//santiago_2</folder><source><submittedBy>Jose Saca</submittedBy></source><imagesize><nrows>2850</nrows><ncols>4271</ncols></imagesize><object><name>m2_s01_018_p_nic077</name><deleted>0</deleted><verified>0</verified><occluded>no</occluded><attributes></attributes><parts><hasparts></hasparts><ispartof></ispartof></parts><date>29-09-20 18:39:57:413</date><id>0</id><type>bounding_box</type><polygon><username>anonymous</username><pt><x>2638</x><y>805</y><time>29-09-20 18:39:54:474</time></pt><pt><x>3161</x><y>805</y><time>29-09-20 18:39:55:486</time></pt><pt><x>3161</x><y>1471</y><time>undefined</time></pt><pt><x>2638</x><y>1471</y><time>undefined</time></pt><closed_date>29-09-20 18:39:55:487</closed_date></polygon></object></annotation>