<annotation><filename>m2_s01_034_p_ic032.jpg</filename><folder>users/joselusava//kath</folder><source><submittedBy>Jose Saca</submittedBy></source><imagesize><nrows>2850</nrows><ncols>4271</ncols></imagesize><object><name>m2_s01_034_p_ic032</name><deleted>0</deleted><verified>0</verified><occluded>no</occluded><attributes></attributes><parts><hasparts></hasparts><ispartof></ispartof></parts><date>25-09-20 13:33:30:553</date><id>0</id><polygon><username>anonymous</username><pt><x>1552</x><y>297</y><time>25-09-20 13:33:22:121</time></pt><pt><x>1371</x><y>2727</y><time>25-09-20 13:33:23:567</time></pt><pt><x>3031</x><y>2741</y><time>25-09-20 13:33:24:911</time></pt><pt><x>2785</x><y>225</y><time>25-09-20 13:33:26:447</time></pt><closed_date>25-09-20 13:33:27:493</closed_date></polygon></object></annotation>