<annotation><filename>m4_s06_083_x.jpg</filename><folder>users/joselusava//kath/m4_x</folder><source><submittedBy>Jose Saca</submittedBy></source><imagesize><nrows>2970</nrows><ncols>4451</ncols></imagesize><object><name>m4_s06_083_x</name><deleted>0</deleted><verified>0</verified><occluded>no</occluded><attributes></attributes><parts><hasparts></hasparts><ispartof></ispartof></parts><date>20-10-20 09:47:17:249</date><id>0</id><polygon><username>anonymous</username><pt><x>1298</x><y>255</y><time>20-10-20 09:47:11:472</time></pt><pt><x>1077</x><y>2850</y><time>20-10-20 09:47:12:355</time></pt><pt><x>3359</x><y>2720</y><time>20-10-20 09:47:13:083</time></pt><pt><x>2946</x><y>303</y><time>20-10-20 09:47:13:852</time></pt><closed_date>20-10-20 09:47:15:137</closed_date></polygon></object></annotation>