<annotation><filename>m2_s01_054_p_nic004.jpg</filename><folder>users/joselusava//kath</folder><source><submittedBy>Jose Saca</submittedBy></source><imagesize><nrows>2850</nrows><ncols>4271</ncols></imagesize><object><name>m2_s01_054_p_nic004</name><deleted>0</deleted><verified>0</verified><occluded>no</occluded><attributes></attributes><parts><hasparts></hasparts><ispartof></ispartof></parts><date>30-09-20 10:58:42:824</date><id>0</id><type>bounding_box</type><polygon><username>anonymous</username><pt><x>3791</x><y>526</y><time>30-09-20 10:58:39:167</time></pt><pt><x>2899</x><y>526</y><time>30-09-20 10:58:40:625</time></pt><pt><x>2899</x><y>1629</y><time>undefined</time></pt><pt><x>3791</x><y>1629</y><time>undefined</time></pt><closed_date>30-09-20 10:58:40:626</closed_date></polygon></object></annotation>