<annotation><filename>m1_s02_065_p_nic093.jpg</filename><folder>users/joselusava//valeria/sala2_065_nic</folder><source><submittedBy>Jose Saca</submittedBy></source><imagesize><nrows>2000</nrows><ncols>2992</ncols></imagesize><object><name>m1_s02_065_p_nic093</name><deleted>0</deleted><verified>0</verified><occluded>no</occluded><attributes></attributes><parts><hasparts></hasparts><ispartof></ispartof></parts><date>28-08-20 00:42:08:183</date><id>0</id><type>bounding_box</type><polygon><username>anonymous</username><pt><x>1691</x><y>909</y><time>28-08-20 00:42:00:842</time></pt><pt><x>111</x><y>909</y><time>28-08-20 00:42:04:269</time></pt><pt><x>111</x><y>228</y><time>undefined</time></pt><pt><x>1691</x><y>228</y><time>undefined</time></pt><closed_date>28-08-20 00:42:04:270</closed_date></polygon></object></annotation>