<annotation><filename>m2_s01_018_p_ic092.jpg</filename><folder>users/joselusava//santiago_2</folder><source><submittedBy>Jose Saca</submittedBy></source><imagesize><nrows>2850</nrows><ncols>4271</ncols></imagesize><object><name>m2_s01_018_p_ic092</name><deleted>0</deleted><verified>0</verified><occluded>no</occluded><attributes></attributes><parts><hasparts></hasparts><ispartof></ispartof></parts><date>28-09-20 18:46:05:648</date><id>0</id><type>bounding_box</type><polygon><username>anonymous</username><pt><x>1597</x><y>776</y><time>28-09-20 18:45:59:534</time></pt><pt><x>2603</x><y>776</y><time>28-09-20 18:46:00:390</time></pt><pt><x>2603</x><y>1965</y><time>undefined</time></pt><pt><x>1597</x><y>1965</y><time>undefined</time></pt><closed_date>28-09-20 18:46:00:391</closed_date></polygon></object></annotation>