<annotation><filename>m1_s06_141_p_ic087.jpg</filename><folder>users/joselusava//jacob_2/141ic</folder><source><submittedBy>Jose Saca</submittedBy></source><imagesize><nrows>2736</nrows><ncols>4100</ncols></imagesize><object><name>m1_s06_141_p_ic087</name><deleted>0</deleted><verified>0</verified><occluded>no</occluded><attributes></attributes><parts><hasparts></hasparts><ispartof></ispartof></parts><date>05-09-20 00:02:15:913</date><id>0</id><type>bounding_box</type><polygon><username>anonymous</username><pt><x>920</x><y>2510</y><time>05-09-20 00:02:11:517</time></pt><pt><x>2875</x><y>2510</y><time>05-09-20 00:02:13:963</time></pt><pt><x>2875</x><y>176</y><time>undefined</time></pt><pt><x>920</x><y>176</y><time>undefined</time></pt><closed_date>05-09-20 00:02:13:963</closed_date></polygon></object></annotation>