<annotation><filename>m1_s02_052_p_ic056.jpg</filename><folder>users/joselusava//valeria/sala2_052_ic</folder><source><submittedBy>Jose Saca</submittedBy></source><imagesize><nrows>3200</nrows><ncols>4800</ncols></imagesize><object><name>m1_s02_052_p_ic056</name><deleted>0</deleted><verified>0</verified><occluded>no</occluded><attributes></attributes><parts><hasparts></hasparts><ispartof></ispartof></parts><date>25-08-20 18:41:54:339</date><id>0</id><type>bounding_box</type><polygon><username>anonymous</username><pt><x>510</x><y>0</y><time>25-08-20 18:41:45:222</time></pt><pt><x>4623</x><y>0</y><time>25-08-20 18:41:50:222</time></pt><pt><x>4623</x><y>3082</y><time>undefined</time></pt><pt><x>510</x><y>3082</y><time>undefined</time></pt><closed_date>25-08-20 18:41:50:223</closed_date></polygon></object></annotation>