<annotation><filename>m1_s01_004_p_nic016.jpg</filename><folder>users/joselusava//valeria_apoyo/sala01_004_nic</folder><source><submittedBy>Jose Saca</submittedBy></source><imagesize><nrows>3200</nrows><ncols>4800</ncols></imagesize><object><name>m1_s01_004_p_nic016</name><deleted>0</deleted><verified>0</verified><occluded>no</occluded><attributes></attributes><parts><hasparts></hasparts><ispartof></ispartof></parts><date>16-09-20 18:03:54:682</date><id>0</id><type>bounding_box</type><polygon><username>anonymous</username><pt><x>4782</x><y>2885</y><time>16-09-20 18:03:43:838</time></pt><pt><x>1545</x><y>2885</y><time>16-09-20 18:03:46:815</time></pt><pt><x>1545</x><y>1976</y><time>undefined</time></pt><pt><x>4782</x><y>1976</y><time>undefined</time></pt><closed_date>16-09-20 18:03:46:816</closed_date></polygon></object></annotation>