<annotation><filename>m2_s01_075_x.jpg</filename><folder>users/joselusava//juancarlos</folder><source><submittedBy>Jose Saca</submittedBy></source><imagesize><nrows>2850</nrows><ncols>4271</ncols></imagesize><object><name>m2_s01_075_x</name><deleted>0</deleted><verified>0</verified><occluded>no</occluded><attributes></attributes><parts><hasparts></hasparts><ispartof></ispartof></parts><date>28-09-20 10:50:33:015</date><id>0</id><type>bounding_box</type><polygon><username>anonymous</username><pt><x>1443</x><y>228</y><time>28-09-20 10:50:24:420</time></pt><pt><x>3018</x><y>228</y><time>28-09-20 10:50:27:593</time></pt><pt><x>3018</x><y>2691</y><time>undefined</time></pt><pt><x>1443</x><y>2691</y><time>undefined</time></pt><closed_date>28-09-20 10:50:27:594</closed_date></polygon></object></annotation>