<annotation><filename>m4_s06_089_p_ic055.jpg</filename><folder>users/joselusava//santiago_2</folder><source><submittedBy>Jose Saca</submittedBy></source><imagesize><nrows>2970</nrows><ncols>4451</ncols></imagesize><object><name>m4_s06_089_p_ic055</name><deleted>0</deleted><verified>0</verified><occluded>no</occluded><attributes></attributes><parts><hasparts></hasparts><ispartof></ispartof></parts><date>11-10-20 18:45:54:393</date><id>0</id><type>bounding_box</type><polygon><username>anonymous</username><pt><x>1531</x><y>460</y><time>11-10-20 18:45:49:881</time></pt><pt><x>2903</x><y>460</y><time>11-10-20 18:45:52:240</time></pt><pt><x>2903</x><y>2719</y><time>undefined</time></pt><pt><x>1531</x><y>2719</y><time>undefined</time></pt><closed_date>11-10-20 18:45:52:241</closed_date></polygon></object></annotation>