<annotation><filename>m2_s03_248_p_ic003.jpg</filename><folder>users/joselusava//museos2020</folder><source><submittedBy>Jose Saca</submittedBy></source><imagesize><nrows>2910</nrows><ncols>4361</ncols></imagesize><object><name>m2_s03_248_p_ic003</name><deleted>0</deleted><verified>0</verified><occluded>no</occluded><attributes></attributes><parts><hasparts></hasparts><ispartof></ispartof></parts><date>26-09-20 22:15:12:676</date><id>0</id><type>bounding_box</type><polygon><username>anonymous</username><pt><x>28</x><y>693</y><time>26-09-20 22:15:03:318</time></pt><pt><x>4342</x><y>693</y><time>26-09-20 22:15:06:706</time></pt><pt><x>4342</x><y>2292</y><time>undefined</time></pt><pt><x>28</x><y>2292</y><time>undefined</time></pt><closed_date>26-09-20 22:15:06:707</closed_date></polygon></object></annotation>