<annotation><filename>m4_s04_039_p_ic046.jpg</filename><folder>users/joselusava//santiago_2</folder><source><submittedBy>Jose Saca</submittedBy></source><imagesize><nrows>2970</nrows><ncols>4451</ncols></imagesize><object><name>m4_s04_039_p_ic046</name><deleted>0</deleted><verified>0</verified><occluded>no</occluded><attributes></attributes><parts><hasparts></hasparts><ispartof></ispartof></parts><date>20-10-20 21:51:17:522</date><id>0</id><type>bounding_box</type><polygon><username>anonymous</username><pt><x>1935</x><y>71</y><time>20-10-20 21:51:10:965</time></pt><pt><x>2713</x><y>71</y><time>20-10-20 21:51:12:970</time></pt><pt><x>2713</x><y>2863</y><time>undefined</time></pt><pt><x>1935</x><y>2863</y><time>undefined</time></pt><closed_date>20-10-20 21:51:12:971</closed_date></polygon></object></annotation>