<annotation><filename>m1_s06_141_p_ic024.jpg</filename><folder>users/joselusava//jacob_2/141ic</folder><source><submittedBy>Jose Saca</submittedBy></source><imagesize><nrows>2736</nrows><ncols>4100</ncols></imagesize><object><name>m1_s06_141_p_ic024</name><deleted>0</deleted><verified>0</verified><occluded>no</occluded><attributes></attributes><parts><hasparts></hasparts><ispartof></ispartof></parts><date>04-09-20 17:21:36:046</date><id>0</id><type>bounding_box</type><polygon><username>anonymous</username><pt><x>2864</x><y>2480</y><time>04-09-20 17:21:31:314</time></pt><pt><x>1138</x><y>2480</y><time>04-09-20 17:21:35:142</time></pt><pt><x>1138</x><y>246</y><time>undefined</time></pt><pt><x>2864</x><y>246</y><time>undefined</time></pt><closed_date>04-09-20 17:21:35:142</closed_date></polygon></object></annotation>