<annotation><filename>m4_s11_176_p_ic075.jpg</filename><folder>users/joselusava//m4_js/176/ic</folder><source><submittedBy>Jose Saca</submittedBy></source><imagesize><nrows>2970</nrows><ncols>4451</ncols></imagesize><object><name>m4_s11_176_p_ic075</name><deleted>0</deleted><verified>0</verified><occluded>no</occluded><attributes></attributes><parts><hasparts></hasparts><ispartof></ispartof></parts><date>15-10-20 09:58:42:849</date><id>0</id><type>bounding_box</type><polygon><username>anonymous</username><pt><x>2950</x><y>2257</y><time>15-10-20 09:58:41:338</time></pt><pt><x>1315</x><y>2257</y><time>15-10-20 09:58:42:234</time></pt><pt><x>1315</x><y>560</y><time>undefined</time></pt><pt><x>2950</x><y>560</y><time>undefined</time></pt><closed_date>15-10-20 09:58:42:234</closed_date></polygon></object></annotation>