<annotation><filename>m2_s01_001_p_ic040.jpg</filename><folder>users/joselusava//santiago</folder><source><submittedBy>Jose Saca</submittedBy></source><imagesize><nrows>2850</nrows><ncols>4271</ncols></imagesize><object><name>m2_s01_001_p_ic040</name><deleted>0</deleted><verified>0</verified><occluded>no</occluded><attributes></attributes><parts><hasparts></hasparts><ispartof></ispartof></parts><date>19-09-20 08:32:20:129</date><id>0</id><type>bounding_box</type><polygon><username>anonymous</username><pt><x>901</x><y>96</y><time>19-09-20 08:32:08:395</time></pt><pt><x>3023</x><y>96</y><time>19-09-20 08:32:11:019</time></pt><pt><x>3023</x><y>2760</y><time>undefined</time></pt><pt><x>901</x><y>2760</y><time>undefined</time></pt><closed_date>19-09-20 08:32:11:019</closed_date></polygon></object></annotation>