<annotation><filename>m2_s05_236_p_ic081.jpg</filename><folder>users/joselusava//museos2020</folder><source><submittedBy>Jose Saca</submittedBy></source><imagesize><nrows>2910</nrows><ncols>4361</ncols></imagesize><object><name>m2_s05_236_p_ic081</name><deleted>0</deleted><verified>0</verified><occluded>no</occluded><attributes></attributes><parts><hasparts></hasparts><ispartof></ispartof></parts><date>16-09-20 19:22:33:871</date><id>0</id><type>bounding_box</type><polygon><username>anonymous</username><pt><x>279</x><y>172</y><time>16-09-20 19:22:17:960</time></pt><pt><x>4323</x><y>172</y><time>16-09-20 19:22:21:331</time></pt><pt><x>4323</x><y>2659</y><time>undefined</time></pt><pt><x>279</x><y>2659</y><time>undefined</time></pt><closed_date>16-09-20 19:22:21:331</closed_date></polygon></object></annotation>