<annotation><filename>m1_s06_168_p_nic007.jpg</filename><folder>users/joselusava//jacob_2/168nic</folder><source><submittedBy>Jose Saca</submittedBy></source><imagesize><nrows>2736</nrows><ncols>4100</ncols></imagesize><object><name>m1_s06_168_p_nic007</name><deleted>0</deleted><verified>0</verified><occluded>no</occluded><attributes></attributes><parts><hasparts></hasparts><ispartof></ispartof></parts><date>08-09-20 22:59:38:387</date><id>0</id><type>bounding_box</type><polygon><username>anonymous</username><pt><x>1661</x><y>213</y><time>08-09-20 22:59:36:614</time></pt><pt><x>2799</x><y>213</y><time>08-09-20 22:59:37:873</time></pt><pt><x>2799</x><y>1620</y><time>undefined</time></pt><pt><x>1661</x><y>1620</y><time>undefined</time></pt><closed_date>08-09-20 22:59:37:873</closed_date></polygon></object></annotation>