<annotation><filename>m2_s05_236_p_ic032.jpg</filename><folder>users/joselusava//museos2020</folder><source><submittedBy>Jose Saca</submittedBy></source><imagesize><nrows>2910</nrows><ncols>4361</ncols></imagesize><object><name>m2_s05_236_p_ic032</name><deleted>0</deleted><verified>0</verified><occluded>no</occluded><attributes></attributes><parts><hasparts></hasparts><ispartof></ispartof></parts><date>16-09-20 18:19:07:460</date><id>0</id><type>bounding_box</type><polygon><username>anonymous</username><pt><x>614</x><y>33</y><time>16-09-20 18:18:58:104</time></pt><pt><x>3742</x><y>33</y><time>16-09-20 18:19:01:381</time></pt><pt><x>3742</x><y>2845</y><time>undefined</time></pt><pt><x>614</x><y>2845</y><time>undefined</time></pt><closed_date>16-09-20 18:19:01:383</closed_date></polygon></object></annotation>