<annotation><filename>m2_s03_205_x.jpg</filename><folder>users/joselusava//juancarlos</folder><source><submittedBy>Jose Saca</submittedBy></source><imagesize><nrows>2910</nrows><ncols>4361</ncols></imagesize><object><name>m2_s03_205_x</name><deleted>0</deleted><verified>0</verified><occluded>no</occluded><attributes></attributes><parts><hasparts></hasparts><ispartof></ispartof></parts><date>30-09-20 16:03:21:974</date><id>0</id><type>bounding_box</type><polygon><username>anonymous</username><pt><x>1223</x><y>432</y><time>30-09-20 16:03:11:834</time></pt><pt><x>2975</x><y>432</y><time>30-09-20 16:03:15:943</time></pt><pt><x>2975</x><y>2533</y><time>undefined</time></pt><pt><x>1223</x><y>2533</y><time>undefined</time></pt><closed_date>30-09-20 16:03:15:945</closed_date></polygon></object></annotation>