<annotation><filename>m2_s01_024_p_nic086.jpg</filename><folder>users/joselusava//santiago</folder><source><submittedBy>Jose Saca</submittedBy></source><imagesize><nrows>2850</nrows><ncols>4271</ncols></imagesize><object><name>m2_s01_024_p_nic086</name><deleted>0</deleted><verified>0</verified><occluded>no</occluded><attributes></attributes><parts><hasparts></hasparts><ispartof></ispartof></parts><date>25-09-20 15:47:43:535</date><id>0</id><type>bounding_box</type><polygon><username>anonymous</username><pt><x>433</x><y>199</y><time>25-09-20 15:47:36:351</time></pt><pt><x>1273</x><y>199</y><time>25-09-20 15:47:37:274</time></pt><pt><x>1273</x><y>1433</y><time>undefined</time></pt><pt><x>433</x><y>1433</y><time>undefined</time></pt><closed_date>25-09-20 15:47:37:275</closed_date></polygon></object></annotation>