<annotation><filename>m2_s01_056_p_nic066.jpg</filename><folder>users/joselusava//m2_jsv/56/nic</folder><source><submittedBy>Jose Saca</submittedBy></source><imagesize><nrows>2850</nrows><ncols>4271</ncols></imagesize><object><name>m2_s01_056_p_nic066</name><deleted>0</deleted><verified>0</verified><occluded>no</occluded><attributes></attributes><parts><hasparts></hasparts><ispartof></ispartof></parts><date>28-09-20 22:29:32:790</date><id>0</id><type>bounding_box</type><polygon><username>anonymous</username><pt><x>2267</x><y>1571</y><time>28-09-20 22:29:30:807</time></pt><pt><x>849</x><y>1571</y><time>28-09-20 22:29:32:034</time></pt><pt><x>849</x><y>0</y><time>undefined</time></pt><pt><x>2267</x><y>0</y><time>undefined</time></pt><closed_date>28-09-20 22:29:32:034</closed_date></polygon></object></annotation>