<annotation><filename>m4_s04_039_p_ic048.jpg</filename><folder>users/joselusava//santiago_2</folder><source><submittedBy>Jose Saca</submittedBy></source><imagesize><nrows>2970</nrows><ncols>4451</ncols></imagesize><object><name>m4_s04_039_p_ic048</name><deleted>0</deleted><verified>0</verified><occluded>no</occluded><attributes></attributes><parts><hasparts></hasparts><ispartof></ispartof></parts><date>20-10-20 21:52:46:238</date><id>0</id><type>bounding_box</type><polygon><username>anonymous</username><pt><x>1992</x><y>139</y><time>20-10-20 21:52:41:272</time></pt><pt><x>2709</x><y>139</y><time>20-10-20 21:52:42:649</time></pt><pt><x>2709</x><y>2874</y><time>undefined</time></pt><pt><x>1992</x><y>2874</y><time>undefined</time></pt><closed_date>20-10-20 21:52:42:649</closed_date></polygon></object></annotation>