<annotation><filename>m3_s01_002_p_ic033.jpg</filename><folder>users/joselusava//santiago_3</folder><source><submittedBy>Jose Saca</submittedBy></source><imagesize><nrows>2970</nrows><ncols>4451</ncols></imagesize><object><name>m3_s01_002_p_ic033</name><deleted>0</deleted><verified>0</verified><occluded>no</occluded><attributes></attributes><parts><hasparts></hasparts><ispartof></ispartof></parts><date>28-10-20 18:48:52:380</date><id>0</id><type>bounding_box</type><polygon><username>anonymous</username><pt><x>350</x><y>303</y><time>28-10-20 18:48:46:561</time></pt><pt><x>4084</x><y>303</y><time>28-10-20 18:48:48:342</time></pt><pt><x>4084</x><y>2370</y><time>undefined</time></pt><pt><x>350</x><y>2370</y><time>undefined</time></pt><closed_date>28-10-20 18:48:48:343</closed_date></polygon></object></annotation>