<annotation><filename>m1_s06_141_p_nic008.jpg</filename><folder>users/joselusava//jacob_2/141nic</folder><source><submittedBy>Jose Saca</submittedBy></source><imagesize><nrows>2736</nrows><ncols>4100</ncols></imagesize><object><name>m1_s06_141_p_nic008</name><deleted>0</deleted><verified>0</verified><occluded>no</occluded><attributes></attributes><parts><hasparts></hasparts><ispartof></ispartof></parts><date>05-09-20 00:45:09:483</date><id>0</id><type>bounding_box</type><polygon><username>anonymous</username><pt><x>1779</x><y>1603</y><time>05-09-20 00:45:07:407</time></pt><pt><x>2923</x><y>1603</y><time>05-09-20 00:45:08:620</time></pt><pt><x>2923</x><y>196</y><time>undefined</time></pt><pt><x>1779</x><y>196</y><time>undefined</time></pt><closed_date>05-09-20 00:45:08:620</closed_date></polygon></object></annotation>