<annotation><filename>m4_s05_055_p_nic055.jpg</filename><folder>users/joselusava//valeria/m4_s05_055_nic</folder><source><submittedBy>Jose Saca</submittedBy></source><imagesize><nrows>2910</nrows><ncols>4361</ncols></imagesize><object><name>m4_s05_055_p_nic055</name><deleted>0</deleted><verified>0</verified><occluded>no</occluded><attributes></attributes><parts><hasparts></hasparts><ispartof></ispartof></parts><date>09-10-20 17:43:45:825</date><id>0</id><type>bounding_box</type><polygon><username>anonymous</username><pt><x>463</x><y>1124</y><time>09-10-20 17:43:41:065</time></pt><pt><x>1681</x><y>1124</y><time>09-10-20 17:43:42:966</time></pt><pt><x>1681</x><y>2772</y><time>undefined</time></pt><pt><x>463</x><y>2772</y><time>undefined</time></pt><closed_date>09-10-20 17:43:42:967</closed_date></polygon></object></annotation>