<annotation><filename>m4_s10_157_p_ic037.jpg</filename><folder>users/joselusava//valeria/m04_s10_157_ic</folder><source><submittedBy>Jose Saca</submittedBy></source><imagesize><nrows>2970</nrows><ncols>4451</ncols></imagesize><object><name>m4_s10_157_p_ic037</name><deleted>0</deleted><verified>0</verified><occluded>no</occluded><attributes></attributes><parts><hasparts></hasparts><ispartof></ispartof></parts><date>12-10-20 16:19:01:489</date><id>0</id><type>bounding_box</type><polygon><username>anonymous</username><pt><x>1035</x><y>2790</y><time>12-10-20 16:18:56:208</time></pt><pt><x>3476</x><y>2790</y><time>12-10-20 16:18:58:121</time></pt><pt><x>3476</x><y>163</y><time>undefined</time></pt><pt><x>1035</x><y>163</y><time>undefined</time></pt><closed_date>12-10-20 16:18:58:122</closed_date></polygon></object></annotation>