<annotation><filename>m4_s09_138_p_nic077.jpg</filename><folder>users/joselusava//santiago_2</folder><source><submittedBy>Jose Saca</submittedBy></source><imagesize><nrows>2970</nrows><ncols>4451</ncols></imagesize><object><name>m4_s09_138_p_nic077</name><deleted>0</deleted><verified>0</verified><occluded>no</occluded><attributes></attributes><parts><hasparts></hasparts><ispartof></ispartof></parts><date>23-10-20 14:17:10:810</date><id>0</id><type>bounding_box</type><polygon><username>anonymous</username><pt><x>371</x><y>168</y><time>23-10-20 14:17:07:807</time></pt><pt><x>2924</x><y>168</y><time>23-10-20 14:17:08:960</time></pt><pt><x>2924</x><y>1360</y><time>undefined</time></pt><pt><x>371</x><y>1360</y><time>undefined</time></pt><closed_date>23-10-20 14:17:08:961</closed_date></polygon></object></annotation>