<annotation><filename>m2_s02_166_x.jpg</filename><folder>users/joselusava//m2_jsv</folder><source><submittedBy>Jose Saca</submittedBy></source><imagesize><nrows>2910</nrows><ncols>4361</ncols></imagesize><object><name>m2_s02_166_x</name><deleted>0</deleted><verified>0</verified><occluded>no</occluded><attributes></attributes><parts><hasparts></hasparts><ispartof></ispartof></parts><date>20-09-20 16:47:26:711</date><id>0</id><type>bounding_box</type><polygon><username>anonymous</username><pt><x>2994</x><y>2846</y><time>20-09-20 16:47:23:703</time></pt><pt><x>1375</x><y>2846</y><time>20-09-20 16:47:25:928</time></pt><pt><x>1375</x><y>96</y><time>undefined</time></pt><pt><x>2994</x><y>96</y><time>undefined</time></pt><closed_date>20-09-20 16:47:25:928</closed_date></polygon></object></annotation>