<annotation><filename>m2_s07_264_p_nic067.jpg</filename><folder>users/joselusava//valeria/sala7_264_nic</folder><source><submittedBy>Jose Saca</submittedBy></source><imagesize><nrows>2910</nrows><ncols>4361</ncols></imagesize><object><name>m2_s07_264_p_nic067</name><deleted>0</deleted><verified>0</verified><occluded>no</occluded><attributes></attributes><parts><hasparts></hasparts><ispartof></ispartof></parts><date>23-09-20 21:11:06:848</date><id>0</id><type>bounding_box</type><polygon><username>anonymous</username><pt><x>827</x><y>1962</y><time>23-09-20 21:11:02:330</time></pt><pt><x>2149</x><y>1962</y><time>23-09-20 21:11:03:860</time></pt><pt><x>2149</x><y>154</y><time>undefined</time></pt><pt><x>827</x><y>154</y><time>undefined</time></pt><closed_date>23-09-20 21:11:03:861</closed_date></polygon></object></annotation>