<annotation><filename>m4_s05_052_p_nic016.jpg</filename><folder>users/joselusava//santiago_2</folder><source><submittedBy>Jose Saca</submittedBy></source><imagesize><nrows>2910</nrows><ncols>4361</ncols></imagesize><object><name>m4_s05_052_p_nic016</name><deleted>0</deleted><verified>0</verified><occluded>no</occluded><attributes></attributes><parts><hasparts></hasparts><ispartof></ispartof></parts><date>07-10-20 23:50:37:701</date><id>0</id><type>bounding_box</type><polygon><username>anonymous</username><pt><x>724</x><y>253</y><time>07-10-20 23:50:34:274</time></pt><pt><x>2217</x><y>253</y><time>07-10-20 23:50:35:504</time></pt><pt><x>2217</x><y>1767</y><time>undefined</time></pt><pt><x>724</x><y>1767</y><time>undefined</time></pt><closed_date>07-10-20 23:50:35:505</closed_date></polygon></object></annotation>