<annotation><filename>m2_s01_010_p_ic058.jpg</filename><folder>users/joselusava//santiago</folder><source><submittedBy>Jose Saca</submittedBy></source><imagesize><nrows>2850</nrows><ncols>4271</ncols></imagesize><object><name>m2_s01_010_p_ic058</name><deleted>0</deleted><verified>0</verified><occluded>no</occluded><attributes></attributes><parts><hasparts></hasparts><ispartof></ispartof></parts><date>21-09-20 23:02:03:849</date><id>0</id><type>bounding_box</type><polygon><username>anonymous</username><pt><x>1414</x><y>798</y><time>21-09-20 23:01:50:522</time></pt><pt><x>3183</x><y>798</y><time>21-09-20 23:01:54:401</time></pt><pt><x>3183</x><y>2651</y><time>undefined</time></pt><pt><x>1414</x><y>2651</y><time>undefined</time></pt><closed_date>21-09-20 23:01:54:403</closed_date></polygon></object></annotation>