<annotation><filename>m2_s03_201_p_ic043.jpg</filename><folder>users/joselusava//eg</folder><source><submittedBy>Jose Saca</submittedBy></source><imagesize><nrows>2910</nrows><ncols>4361</ncols></imagesize><object><name>m2_s03_201_p_ic043</name><deleted>0</deleted><verified>0</verified><occluded>no</occluded><attributes></attributes><parts><hasparts></hasparts><ispartof></ispartof></parts><date>17-09-20 07:05:53:721</date><id>0</id><type>bounding_box</type><polygon><username>anonymous</username><pt><x>975</x><y>158</y><time>17-09-20 07:05:39:609</time></pt><pt><x>3190</x><y>158</y><time>17-09-20 07:05:40:828</time></pt><pt><x>3190</x><y>2716</y><time>undefined</time></pt><pt><x>975</x><y>2716</y><time>undefined</time></pt><closed_date>17-09-20 07:05:40:829</closed_date></polygon></object></annotation>