<annotation><filename>m2_s01_001_p_nic012.jpg</filename><folder>users/joselusava//santiago</folder><source><submittedBy>Jose Saca</submittedBy></source><imagesize><nrows>2850</nrows><ncols>4271</ncols></imagesize><object><name>m2_s01_001_p_nic012</name><deleted>0</deleted><verified>0</verified><occluded>no</occluded><attributes></attributes><parts><hasparts></hasparts><ispartof></ispartof></parts><date>19-09-20 21:55:04:645</date><id>0</id><type>bounding_box</type><polygon><username>anonymous</username><pt><x>317</x><y>949</y><time>19-09-20 21:54:55:842</time></pt><pt><x>1978</x><y>949</y><time>19-09-20 21:54:58:013</time></pt><pt><x>1978</x><y>2475</y><time>undefined</time></pt><pt><x>317</x><y>2475</y><time>undefined</time></pt><closed_date>19-09-20 21:54:58:014</closed_date></polygon></object></annotation>