<annotation><filename>m1_s02_029_p_ic086.jpg</filename><folder>users/joselusava//valeria/sala2_029_ic</folder><source><submittedBy>Jose Saca</submittedBy></source><imagesize><nrows>3200</nrows><ncols>4800</ncols></imagesize><object><name>m1_s02_029_p_ic086</name><deleted>0</deleted><verified>0</verified><occluded>no</occluded><attributes></attributes><parts><hasparts></hasparts><ispartof></ispartof></parts><date>22-08-20 21:13:28:293</date><id>0</id><type>bounding_box</type><polygon><username>anonymous</username><pt><x>972</x><y>86</y><time>22-08-20 21:13:17:349</time></pt><pt><x>3801</x><y>86</y><time>22-08-20 21:13:20:900</time></pt><pt><x>3801</x><y>3152</y><time>undefined</time></pt><pt><x>972</x><y>3152</y><time>undefined</time></pt><closed_date>22-08-20 21:13:20:901</closed_date></polygon></object></annotation>