<annotation><filename>m3_s01_023_p_ic022.jpg</filename><folder>users/joselusava//santiago_3</folder><source><submittedBy>Jose Saca</submittedBy></source><imagesize><nrows>2970</nrows><ncols>4451</ncols></imagesize><object><name>m3_s01_023_p_ic022</name><deleted>0</deleted><verified>0</verified><occluded>no</occluded><attributes></attributes><parts><hasparts></hasparts><ispartof></ispartof></parts><date>04-11-20 18:55:55:466</date><id>0</id><type>bounding_box</type><polygon><username>anonymous</username><pt><x>396</x><y>389</y><time>04-11-20 18:55:51:113</time></pt><pt><x>3941</x><y>389</y><time>04-11-20 18:55:52:959</time></pt><pt><x>3941</x><y>2588</y><time>undefined</time></pt><pt><x>396</x><y>2588</y><time>undefined</time></pt><closed_date>04-11-20 18:55:52:961</closed_date></polygon></object></annotation>