<annotation><filename>m4_s04_039_p_nic031.jpg</filename><folder>users/joselusava//santiago_2</folder><source><submittedBy>Jose Saca</submittedBy></source><imagesize><nrows>2970</nrows><ncols>4451</ncols></imagesize><object><name>m4_s04_039_p_nic031</name><deleted>0</deleted><verified>0</verified><occluded>no</occluded><attributes></attributes><parts><hasparts></hasparts><ispartof></ispartof></parts><date>21-10-20 21:09:03:171</date><id>0</id><type>bounding_box</type><polygon><username>anonymous</username><pt><x>2938</x><y>1046</y><time>21-10-20 21:08:58:824</time></pt><pt><x>3688</x><y>1046</y><time>21-10-20 21:08:59:862</time></pt><pt><x>3688</x><y>2841</y><time>undefined</time></pt><pt><x>2938</x><y>2841</y><time>undefined</time></pt><closed_date>21-10-20 21:08:59:863</closed_date></polygon></object></annotation>