<annotation><filename>m1_s06_141_p_nic085.jpg</filename><folder>users/joselusava//jacob_2/141nic</folder><source><submittedBy>Jose Saca</submittedBy></source><imagesize><nrows>2736</nrows><ncols>4100</ncols></imagesize><object><name>m1_s06_141_p_nic085</name><deleted>0</deleted><verified>0</verified><occluded>no</occluded><attributes></attributes><parts><hasparts></hasparts><ispartof></ispartof></parts><date>06-09-20 01:22:58:936</date><id>0</id><type>bounding_box</type><polygon><username>anonymous</username><pt><x>2951</x><y>1100</y><time>06-09-20 01:22:56:139</time></pt><pt><x>3766</x><y>1100</y><time>06-09-20 01:22:58:431</time></pt><pt><x>3766</x><y>2568</y><time>undefined</time></pt><pt><x>2951</x><y>2568</y><time>undefined</time></pt><closed_date>06-09-20 01:22:58:431</closed_date></polygon></object></annotation>