<annotation><filename>m2_s01_018_p_ic035.jpg</filename><folder>users/joselusava//santiago_2</folder><source><submittedBy>Jose Saca</submittedBy></source><imagesize><nrows>2850</nrows><ncols>4271</ncols></imagesize><object><name>m2_s01_018_p_ic035</name><deleted>0</deleted><verified>0</verified><occluded>no</occluded><attributes></attributes><parts><hasparts></hasparts><ispartof></ispartof></parts><date>28-09-20 16:20:19:453</date><id>0</id><type>bounding_box</type><polygon><username>anonymous</username><pt><x>1324</x><y>776</y><time>28-09-20 16:20:15:456</time></pt><pt><x>2850</x><y>776</y><time>28-09-20 16:20:17:253</time></pt><pt><x>2850</x><y>2536</y><time>undefined</time></pt><pt><x>1324</x><y>2536</y><time>undefined</time></pt><closed_date>28-09-20 16:20:17:253</closed_date></polygon></object></annotation>