<annotation><filename>m1_s02_042_x.jpg</filename><folder>users/joselusava//valeria/sala2</folder><source><submittedBy>Jose Saca</submittedBy></source><imagesize><nrows>3200</nrows><ncols>4800</ncols></imagesize><object><name>m1_s02_041_x</name><deleted>0</deleted><verified>0</verified><occluded>no</occluded><attributes/><parts><hasparts/><ispartof/></parts><date>28-08-20 11:32:29:850</date><id>0</id><type>bounding_box</type><polygon><username>anonymous</username><pt><x>3914</x><y>2996</y><time>28-08-20 11:32:22:413</time></pt><pt><x>1085</x><y>2996</y><time>28-08-20 11:32:25:559</time></pt><pt><x>1085</x><y>129</y><time>undefined</time></pt><pt><x>3914</x><y>129</y><time>undefined</time></pt><closed_date>28-08-20 11:32:25:560</closed_date></polygon></object><object><name>m1_s02_042_x</name><deleted>0</deleted><verified>0</verified><occluded>no</occluded><attributes></attributes><parts><hasparts></hasparts><ispartof></ispartof></parts><date>28-08-20 18:31:18:082</date><id>1</id><type>bounding_box</type><polygon><username>anonymous</username><pt><x>1095</x><y>102</y><time>28-08-20 18:31:10:849</time></pt><pt><x>3914</x><y>102</y><time>28-08-20 18:31:13:575</time></pt><pt><x>3914</x><y>2991</y><time>undefined</time></pt><pt><x>1095</x><y>2991</y><time>undefined</time></pt><closed_date>28-08-20 18:31:13:577</closed_date></polygon></object></annotation>