<annotation><filename>m2_s03_252_p_ic060.jpg</filename><folder>users/joselusava//valeria/m2_sala03_252_ic</folder><source><submittedBy>Jose Saca</submittedBy></source><imagesize><nrows>2910</nrows><ncols>4361</ncols></imagesize><object><name>m2_s06_252_p_ic058</name><deleted>0</deleted><verified>0</verified><occluded>no</occluded><attributes/><parts><hasparts/><ispartof/></parts><date>25-09-20 23:15:12:584</date><id>0</id><type>bounding_box</type><polygon><username>anonymous</username><pt><x>3483</x><y>584</y><time>25-09-20 23:15:06:726</time></pt><pt><x>816</x><y>584</y><time>25-09-20 23:15:09:662</time></pt><pt><x>816</x><y>2464</y><time>undefined</time></pt><pt><x>3483</x><y>2464</y><time>undefined</time></pt><closed_date>25-09-20 23:15:09:663</closed_date></polygon></object><object><name>m2_s06_252_p_ic060</name><deleted>0</deleted><verified>0</verified><occluded>no</occluded><attributes></attributes><parts><hasparts></hasparts><ispartof></ispartof></parts><date>27-09-20 00:46:33:932</date><id>1</id><type>bounding_box</type><polygon><username>anonymous</username><pt><x>810</x><y>568</y><time>27-09-20 00:46:27:621</time></pt><pt><x>3494</x><y>568</y><time>27-09-20 00:46:30:378</time></pt><pt><x>3494</x><y>2464</y><time>undefined</time></pt><pt><x>810</x><y>2464</y><time>undefined</time></pt><closed_date>27-09-20 00:46:30:378</closed_date></polygon></object></annotation>