<annotation><filename>m2_s01_058_p_ic061.jpg</filename><folder>users/joselusava//m2_jsv/58/ic</folder><source><submittedBy>Jose Saca</submittedBy></source><imagesize><nrows>2850</nrows><ncols>4271</ncols></imagesize><object><name>m2_s01_058_p_ic061</name><deleted>0</deleted><verified>0</verified><occluded>no</occluded><attributes></attributes><parts><hasparts></hasparts><ispartof></ispartof></parts><date>29-09-20 13:29:45:709</date><id>0</id><type>bounding_box</type><polygon><username>anonymous</username><pt><x>229</x><y>102</y><time>29-09-20 13:29:42:522</time></pt><pt><x>4076</x><y>102</y><time>29-09-20 13:29:44:708</time></pt><pt><x>4076</x><y>2819</y><time>undefined</time></pt><pt><x>229</x><y>2819</y><time>undefined</time></pt><closed_date>29-09-20 13:29:44:708</closed_date></polygon></object></annotation>