<annotation><filename>m1_s06_141_p_nic017.jpg</filename><folder>users/joselusava//jacob_2/141nic</folder><source><submittedBy>Jose Saca</submittedBy></source><imagesize><nrows>2736</nrows><ncols>4100</ncols></imagesize><object><name>m1_s06_141_p_nic017</name><deleted>0</deleted><verified>0</verified><occluded>no</occluded><attributes></attributes><parts><hasparts></hasparts><ispartof></ispartof></parts><date>05-09-20 00:50:57:015</date><id>0</id><type>bounding_box</type><polygon><username>anonymous</username><pt><x>250</x><y>2395</y><time>05-09-20 00:50:54:159</time></pt><pt><x>1516</x><y>2395</y><time>05-09-20 00:50:55:767</time></pt><pt><x>1516</x><y>846</y><time>undefined</time></pt><pt><x>250</x><y>846</y><time>undefined</time></pt><closed_date>05-09-20 00:50:55:768</closed_date></polygon></object></annotation>