<annotation><filename>m2_s01_024_p_nic076.jpg</filename><folder>users/joselusava//santiago</folder><source><submittedBy>Jose Saca</submittedBy></source><imagesize><nrows>2850</nrows><ncols>4271</ncols></imagesize><object><name>m2_s01_024_p_nic076</name><deleted>0</deleted><verified>0</verified><occluded>no</occluded><attributes></attributes><parts><hasparts></hasparts><ispartof></ispartof></parts><date>25-09-20 15:34:43:516</date><id>0</id><type>bounding_box</type><polygon><username>anonymous</username><pt><x>285</x><y>151</y><time>25-09-20 15:34:36:819</time></pt><pt><x>1221</x><y>151</y><time>25-09-20 15:34:37:883</time></pt><pt><x>1221</x><y>1465</y><time>undefined</time></pt><pt><x>285</x><y>1465</y><time>undefined</time></pt><closed_date>25-09-20 15:34:37:885</closed_date></polygon></object></annotation>