<annotation><filename>m2_s01_024_p_ic093.jpg</filename><folder>users/joselusava//santiago</folder><source><submittedBy>Jose Saca</submittedBy></source><imagesize><nrows>2850</nrows><ncols>4271</ncols></imagesize><object><name>m2_s01_024_p_ic093</name><deleted>0</deleted><verified>0</verified><occluded>no</occluded><attributes></attributes><parts><hasparts></hasparts><ispartof></ispartof></parts><date>24-09-20 23:10:38:997</date><id>0</id><type>bounding_box</type><polygon><username>anonymous</username><pt><x>1282</x><y>340</y><time>24-09-20 23:10:31:844</time></pt><pt><x>2802</x><y>340</y><time>24-09-20 23:10:33:530</time></pt><pt><x>2802</x><y>2661</y><time>undefined</time></pt><pt><x>1282</x><y>2661</y><time>undefined</time></pt><closed_date>24-09-20 23:10:33:531</closed_date></polygon></object></annotation>