<annotation><filename>m1_s02_052_p_nic007.jpg</filename><folder>users/joselusava//valeria/sala2_052_nic</folder><source><submittedBy>Jose Saca</submittedBy></source><imagesize><nrows>3200</nrows><ncols>4800</ncols></imagesize><object><name>m1_s02_052_p_nic007</name><deleted>0</deleted><verified>0</verified><occluded>no</occluded><attributes></attributes><parts><hasparts></hasparts><ispartof></ispartof></parts><date>27-08-20 13:48:38:237</date><id>0</id><type>bounding_box</type><polygon><username>anonymous</username><pt><x>2121</x><y>1396</y><time>27-08-20 13:48:32:405</time></pt><pt><x>1101</x><y>1396</y><time>27-08-20 13:48:34:827</time></pt><pt><x>1101</x><y>301</y><time>undefined</time></pt><pt><x>2121</x><y>301</y><time>undefined</time></pt><closed_date>27-08-20 13:48:34:828</closed_date></polygon></object></annotation>