<annotation><filename>m4_s03_033_x.jpg</filename><folder>users/joselusava//kath/m4_x</folder><source><submittedBy>Jose Saca</submittedBy></source><imagesize><nrows>3899</nrows><ncols>5844</ncols></imagesize><object><name>m4_s03_033_x</name><deleted>0</deleted><verified>0</verified><occluded>no</occluded><attributes></attributes><parts><hasparts></hasparts><ispartof></ispartof></parts><date>24-10-20 12:14:44:976</date><id>0</id><polygon><username>anonymous</username><pt><x>1804</x><y>492</y><time>24-10-20 12:14:37:298</time></pt><pt><x>1773</x><y>3306</y><time>24-10-20 12:14:38:374</time></pt><pt><x>4050</x><y>3337</y><time>24-10-20 12:14:39:820</time></pt><pt><x>4038</x><y>524</y><time>24-10-20 12:14:41:365</time></pt><closed_date>24-10-20 12:14:42:454</closed_date></polygon></object></annotation>