<annotation><filename>m4_s12_185_p_nic098.jpg</filename><folder>users/joselusava//valeria/m04_s12_185_nic</folder><source><submittedBy>Jose Saca</submittedBy></source><imagesize><nrows>2910</nrows><ncols>4361</ncols></imagesize><object><name>m4_s12_185_p_nic098</name><deleted>0</deleted><verified>0</verified><occluded>no</occluded><attributes></attributes><parts><hasparts></hasparts><ispartof></ispartof></parts><date>18-10-20 00:07:45:682</date><id>0</id><type>bounding_box</type><polygon><username>anonymous</username><pt><x>1908</x><y>2591</y><time>18-10-20 00:07:39:639</time></pt><pt><x>4247</x><y>2591</y><time>18-10-20 00:07:41:602</time></pt><pt><x>4247</x><y>274</y><time>undefined</time></pt><pt><x>1908</x><y>274</y><time>undefined</time></pt><closed_date>18-10-20 00:07:41:603</closed_date></polygon></object></annotation>