<annotation><filename>m1_s01_021_p_nic088.jpg</filename><folder>users/joselusava//santiago</folder><source><submittedBy>Jose Saca</submittedBy></source><imagesize><nrows>3200</nrows><ncols>4800</ncols></imagesize><object><name>m1_s01_021_p_nic088</name><deleted>0</deleted><verified>0</verified><occluded>no</occluded><attributes></attributes><parts><hasparts></hasparts><ispartof></ispartof></parts><date>16-09-20 22:20:51:923</date><id>0</id><type>bounding_box</type><polygon><username>anonymous</username><pt><x>900</x><y>1926</y><time>16-09-20 22:20:44:370</time></pt><pt><x>1461</x><y>1926</y><time>16-09-20 22:20:45:643</time></pt><pt><x>1461</x><y>2678</y><time>undefined</time></pt><pt><x>900</x><y>2678</y><time>undefined</time></pt><closed_date>16-09-20 22:20:45:644</closed_date></polygon></object></annotation>