<annotation><filename>m2_s01_024_p_ic072.jpg</filename><folder>users/joselusava//santiago</folder><source><submittedBy>Jose Saca</submittedBy></source><imagesize><nrows>2850</nrows><ncols>4271</ncols></imagesize><object><name>m2_s01_024_p_ic072</name><deleted>0</deleted><verified>0</verified><occluded>no</occluded><attributes></attributes><parts><hasparts></hasparts><ispartof></ispartof></parts><date>24-09-20 22:43:45:888</date><id>0</id><type>bounding_box</type><polygon><username>anonymous</username><pt><x>1302</x><y>42</y><time>24-09-20 22:43:37:109</time></pt><pt><x>2917</x><y>42</y><time>24-09-20 22:43:38:853</time></pt><pt><x>2917</x><y>2436</y><time>undefined</time></pt><pt><x>1302</x><y>2436</y><time>undefined</time></pt><closed_date>24-09-20 22:43:38:854</closed_date></polygon></object></annotation>