<annotation><filename>m4_s11_176_p_nic011.jpg</filename><folder>users/joselusava//m4_js/176/nic</folder><source><submittedBy>Jose Saca</submittedBy></source><imagesize><nrows>2970</nrows><ncols>4451</ncols></imagesize><object><name>m4_s11_176_p_nic011</name><deleted>0</deleted><verified>0</verified><occluded>no</occluded><attributes></attributes><parts><hasparts></hasparts><ispartof></ispartof></parts><date>15-10-20 11:24:50:973</date><id>0</id><type>bounding_box</type><polygon><username>anonymous</username><pt><x>858</x><y>1920</y><time>15-10-20 11:24:49:226</time></pt><pt><x>3309</x><y>1920</y><time>15-10-20 11:24:50:188</time></pt><pt><x>3309</x><y>-9</y><time>undefined</time></pt><pt><x>858</x><y>-9</y><time>undefined</time></pt><closed_date>15-10-20 11:24:50:189</closed_date></polygon></object></annotation>