<annotation><filename>m2_s05_236_p_ic097.jpg</filename><folder>users/joselusava//museos2020</folder><source><submittedBy>Jose Saca</submittedBy></source><imagesize><nrows>2910</nrows><ncols>4361</ncols></imagesize><object><name>m2_s05_236_p_ic097</name><deleted>0</deleted><verified>0</verified><occluded>no</occluded><attributes></attributes><parts><hasparts></hasparts><ispartof></ispartof></parts><date>16-09-20 19:35:19:621</date><id>0</id><type>bounding_box</type><polygon><username>anonymous</username><pt><x>628</x><y>521</y><time>16-09-20 19:35:12:226</time></pt><pt><x>3538</x><y>521</y><time>16-09-20 19:35:13:457</time></pt><pt><x>3538</x><y>2529</y><time>undefined</time></pt><pt><x>628</x><y>2529</y><time>undefined</time></pt><closed_date>16-09-20 19:35:13:457</closed_date></polygon></object></annotation>