<annotation><filename>m3_s01_023_p_nic020.jpg</filename><folder>users/joselusava//santiago_3</folder><source><submittedBy>Jose Saca</submittedBy></source><imagesize><nrows>2970</nrows><ncols>4451</ncols></imagesize><object><name>m3_s01_023_p_nic020</name><deleted>0</deleted><verified>0</verified><occluded>no</occluded><attributes></attributes><parts><hasparts></hasparts><ispartof></ispartof></parts><date>06-11-20 08:59:48:267</date><id>0</id><type>bounding_box</type><polygon><username>anonymous</username><pt><x>1167</x><y>1214</y><time>06-11-20 08:59:44:442</time></pt><pt><x>3570</x><y>1214</y><time>06-11-20 08:59:45:908</time></pt><pt><x>3570</x><y>2688</y><time>undefined</time></pt><pt><x>1167</x><y>2688</y><time>undefined</time></pt><closed_date>06-11-20 08:59:45:909</closed_date></polygon></object></annotation>