<annotation><filename>m2_s02_129_p_nic081.jpg</filename><folder>users/joselusava//m2_jsv/129/nic</folder><source><submittedBy>Jose Saca</submittedBy></source><imagesize><nrows>2910</nrows><ncols>4361</ncols></imagesize><object><name>m2_s02_129_p_nic081</name><deleted>0</deleted><verified>0</verified><occluded>no</occluded><attributes></attributes><parts><hasparts></hasparts><ispartof></ispartof></parts><date>25-09-20 08:23:49:710</date><id>0</id><type>bounding_box</type><polygon><username>anonymous</username><pt><x>2759</x><y>1245</y><time>25-09-20 08:23:47:807</time></pt><pt><x>1515</x><y>1245</y><time>25-09-20 08:23:48:956</time></pt><pt><x>1515</x><y>148</y><time>undefined</time></pt><pt><x>2759</x><y>148</y><time>undefined</time></pt><closed_date>25-09-20 08:23:48:956</closed_date></polygon></object></annotation>