<annotation><filename>m4_s10_154_p_nic094.jpg</filename><folder>users/joselusava//valeria/m04_s10_154_nic</folder><source><submittedBy>Jose Saca</submittedBy></source><imagesize><nrows>2970</nrows><ncols>4451</ncols></imagesize><object><name>m4_s10_154_p_nic094</name><deleted>0</deleted><verified>0</verified><occluded>no</occluded><attributes></attributes><parts><hasparts></hasparts><ispartof></ispartof></parts><date>14-10-20 16:03:49:512</date><id>0</id><type>bounding_box</type><polygon><username>anonymous</username><pt><x>326</x><y>2353</y><time>14-10-20 16:03:43:951</time></pt><pt><x>2176</x><y>2353</y><time>14-10-20 16:03:46:001</time></pt><pt><x>2176</x><y>360</y><time>undefined</time></pt><pt><x>326</x><y>360</y><time>undefined</time></pt><closed_date>14-10-20 16:03:46:002</closed_date></polygon></object></annotation>