<annotation><filename>m4_s01_002_x.jpg</filename><folder>users/joselusava//kath/m4_x</folder><source><submittedBy>Jose Saca</submittedBy></source><imagesize><nrows>2910</nrows><ncols>4361</ncols></imagesize><object><name>m4_s01_002_x</name><deleted>0</deleted><verified>0</verified><occluded>no</occluded><attributes></attributes><parts><hasparts></hasparts><ispartof></ispartof></parts><date>19-10-20 20:18:36:435</date><id>0</id><polygon><username>anonymous</username><pt><x>419</x><y>522</y><time>19-10-20 20:18:27:265</time></pt><pt><x>3968</x><y>509</y><time>19-10-20 20:18:28:735</time></pt><pt><x>3963</x><y>2284</y><time>19-10-20 20:18:31:242</time></pt><pt><x>453</x><y>2336</y><time>19-10-20 20:18:32:978</time></pt><closed_date>19-10-20 20:18:34:058</closed_date></polygon></object></annotation>