<annotation><filename>m4_s10_154_p_nic013.jpg</filename><folder>users/joselusava//valeria/m04_s10_154_nic</folder><source><submittedBy>Jose Saca</submittedBy></source><imagesize><nrows>2970</nrows><ncols>4451</ncols></imagesize><object><name>m4_s10_154_p_nic013</name><deleted>0</deleted><verified>0</verified><occluded>no</occluded><attributes></attributes><parts><hasparts></hasparts><ispartof></ispartof></parts><date>13-10-20 23:40:04:625</date><id>0</id><type>bounding_box</type><polygon><username>anonymous</username><pt><x>3130</x><y>1913</y><time>13-10-20 23:39:57:374</time></pt><pt><x>1536</x><y>1913</y><time>13-10-20 23:40:00:327</time></pt><pt><x>1536</x><y>149</y><time>undefined</time></pt><pt><x>3130</x><y>149</y><time>undefined</time></pt><closed_date>13-10-20 23:40:00:328</closed_date></polygon></object></annotation>