<annotation><filename>m4_s02_021_p_nic068.jpg</filename><folder>users/joselusava//santiago_2</folder><source><submittedBy>Jose Saca</submittedBy></source><imagesize><nrows>2910</nrows><ncols>4361</ncols></imagesize><object><name>m4_s02_021_p_nic068</name><deleted>0</deleted><verified>0</verified><occluded>no</occluded><attributes></attributes><parts><hasparts></hasparts><ispartof></ispartof></parts><date>05-10-20 11:38:37:361</date><id>0</id><type>bounding_box</type><polygon><username>anonymous</username><pt><x>357</x><y>724</y><time>05-10-20 11:38:33:826</time></pt><pt><x>1251</x><y>724</y><time>05-10-20 11:38:35:461</time></pt><pt><x>1251</x><y>2373</y><time>undefined</time></pt><pt><x>357</x><y>2373</y><time>undefined</time></pt><closed_date>05-10-20 11:38:35:462</closed_date></polygon></object></annotation>