<annotation><filename>m2_s06_250_p_ic011.jpg</filename><folder>users/joselusava//valeria/m2_sala06_250_ic</folder><source><submittedBy>Jose Saca</submittedBy></source><imagesize><nrows>2910</nrows><ncols>4361</ncols></imagesize><object><name>m2_s06_250_p_ic011</name><deleted>0</deleted><verified>0</verified><occluded>no</occluded><attributes></attributes><parts><hasparts></hasparts><ispartof></ispartof></parts><date>30-09-20 22:10:42:712</date><id>0</id><type>bounding_box</type><polygon><username>anonymous</username><pt><x>336</x><y>1968</y><time>30-09-20 22:10:37:049</time></pt><pt><x>3874</x><y>1968</y><time>30-09-20 22:10:38:969</time></pt><pt><x>3874</x><y>1213</y><time>undefined</time></pt><pt><x>336</x><y>1213</y><time>undefined</time></pt><closed_date>30-09-20 22:10:38:971</closed_date></polygon></object></annotation>