<annotation><filename>m1_s06_153_x.jpg</filename><folder>users/joselusava//jacob_2/sala6</folder><source><submittedBy>Jose Saca</submittedBy></source><imagesize><nrows>2736</nrows><ncols>4100</ncols></imagesize><object><name>m1_s06_153_x</name><deleted>0</deleted><verified>0</verified><occluded>no</occluded><attributes></attributes><parts><hasparts></hasparts><ispartof></ispartof></parts><date>06-09-20 01:39:14:114</date><id>0</id><type>bounding_box</type><polygon><username>anonymous</username><pt><x>929</x><y>2559</y><time>06-09-20 01:39:10:980</time></pt><pt><x>3114</x><y>2559</y><time>06-09-20 01:39:13:284</time></pt><pt><x>3114</x><y>57</y><time>undefined</time></pt><pt><x>929</x><y>57</y><time>undefined</time></pt><closed_date>06-09-20 01:39:13:284</closed_date></polygon></object></annotation>