<annotation><filename>m2_s06_244_p_nic052.jpg</filename><folder>users/joselusava//museos2020</folder><source><submittedBy>Jose Saca</submittedBy></source><imagesize><nrows>2910</nrows><ncols>4361</ncols></imagesize><object><name>m2_s06_244_p_ic052</name><deleted>0</deleted><verified>0</verified><occluded>no</occluded><attributes></attributes><parts><hasparts></hasparts><ispartof></ispartof></parts><date>25-09-20 19:02:39:113</date><id>0</id><type>bounding_box</type><polygon><username>anonymous</username><pt><x>1381</x><y>1827</y><time>25-09-20 19:02:32:818</time></pt><pt><x>2896</x><y>1827</y><time>25-09-20 19:02:34:309</time></pt><pt><x>2896</x><y>2533</y><time>undefined</time></pt><pt><x>1381</x><y>2533</y><time>undefined</time></pt><closed_date>25-09-20 19:02:34:309</closed_date></polygon></object></annotation>