<annotation><filename>m1_s01_017_p_ic082.jpg</filename><folder>users/joselusava//santiago</folder><source><submittedBy>Jose Saca</submittedBy></source><imagesize><nrows>3200</nrows><ncols>4800</ncols></imagesize><object><name>m1_s01_017_p_ic082</name><deleted>0</deleted><verified>0</verified><occluded>no</occluded><attributes></attributes><parts><hasparts></hasparts><ispartof></ispartof></parts><date>10-09-20 23:06:37:807</date><id>0</id><type>bounding_box</type><polygon><username>anonymous</username><pt><x>1173</x><y>472</y><time>10-09-20 23:06:29:628</time></pt><pt><x>2998</x><y>472</y><time>10-09-20 23:06:31:944</time></pt><pt><x>2998</x><y>2138</y><time>undefined</time></pt><pt><x>1173</x><y>2138</y><time>undefined</time></pt><closed_date>10-09-20 23:06:31:945</closed_date></polygon></object></annotation>