<annotation><filename>m1_s01_017_p_nic042.jpg</filename><folder>users/joselusava//santiago</folder><source><submittedBy>Jose Saca</submittedBy></source><imagesize><nrows>3200</nrows><ncols>4800</ncols></imagesize><object><name>m1_s01_017_p_nic042</name><deleted>0</deleted><verified>0</verified><occluded>no</occluded><attributes></attributes><parts><hasparts></hasparts><ispartof></ispartof></parts><date>11-09-20 19:08:03:779</date><id>0</id><type>bounding_box</type><polygon><username>anonymous</username><pt><x>3538</x><y>2548</y><time>11-09-20 19:07:56:428</time></pt><pt><x>4114</x><y>2548</y><time>11-09-20 19:07:57:654</time></pt><pt><x>4114</x><y>2908</y><time>undefined</time></pt><pt><x>3538</x><y>2908</y><time>undefined</time></pt><closed_date>11-09-20 19:07:57:655</closed_date></polygon></object></annotation>