<annotation><filename>m2_s02_128_x.jpg</filename><folder>users/joselusava//m2_jsv</folder><source><submittedBy>Jose Saca</submittedBy></source><imagesize><nrows>2910</nrows><ncols>4361</ncols></imagesize><object><name>m2_s02_128_x</name><deleted>0</deleted><verified>0</verified><occluded>no</occluded><attributes></attributes><parts><hasparts></hasparts><ispartof></ispartof></parts><date>19-09-20 23:30:48:466</date><id>0</id><type>bounding_box</type><polygon><username>anonymous</username><pt><x>3073</x><y>2046</y><time>19-09-20 23:30:46:734</time></pt><pt><x>1341</x><y>2046</y><time>19-09-20 23:30:47:837</time></pt><pt><x>1341</x><y>888</y><time>undefined</time></pt><pt><x>3073</x><y>888</y><time>undefined</time></pt><closed_date>19-09-20 23:30:47:837</closed_date></polygon></object></annotation>