<annotation><filename>m3_s01_010_p_ic071.jpg</filename><folder>users/joselusava//m4_js/m3/10/ic</folder><source><submittedBy>Jose Saca</submittedBy></source><imagesize><nrows>2970</nrows><ncols>4451</ncols></imagesize><object><name>m3_s01_010_p_ic071</name><deleted>0</deleted><verified>0</verified><occluded>no</occluded><attributes></attributes><parts><hasparts></hasparts><ispartof></ispartof></parts><date>29-10-20 13:18:04:573</date><id>0</id><type>bounding_box</type><polygon><username>anonymous</username><pt><x>3269</x><y>2726</y><time>29-10-20 13:18:02:541</time></pt><pt><x>650</x><y>2726</y><time>29-10-20 13:18:03:985</time></pt><pt><x>650</x><y>245</y><time>undefined</time></pt><pt><x>3269</x><y>245</y><time>undefined</time></pt><closed_date>29-10-20 13:18:03:985</closed_date></polygon></object></annotation>