<annotation><filename>m1_s03-04_099_x.jpg</filename><folder>users/joselusava//valeria/sala03y04</folder><source><submittedBy>Jose Saca</submittedBy></source><imagesize><nrows>3200</nrows><ncols>4800</ncols></imagesize><object><name>m1_s03_s04_099_x</name><deleted>0</deleted><verified>0</verified><occluded>no</occluded><attributes></attributes><parts><hasparts></hasparts><ispartof></ispartof></parts><date>28-08-20 21:35:33:077</date><id>0</id><type>bounding_box</type><polygon><username>anonymous</username><pt><x>4193</x><y>3017</y><time>28-08-20 21:35:23:618</time></pt><pt><x>1187</x><y>3017</y><time>28-08-20 21:35:28:157</time></pt><pt><x>1187</x><y>344</y><time>undefined</time></pt><pt><x>4193</x><y>344</y><time>undefined</time></pt><closed_date>28-08-20 21:35:28:158</closed_date></polygon></object></annotation>