<annotation><filename>m2_s05_236_p_nic028.jpg</filename><folder>users/joselusava//museos2020</folder><source><submittedBy>Jose Saca</submittedBy></source><imagesize><nrows>2910</nrows><ncols>4361</ncols></imagesize><object><name>m2_s05_236_p_nic028</name><deleted>0</deleted><verified>0</verified><occluded>no</occluded><attributes></attributes><parts><hasparts></hasparts><ispartof></ispartof></parts><date>17-09-20 07:03:58:287</date><id>0</id><type>bounding_box</type><polygon><username>anonymous</username><pt><x>1692</x><y>423</y><time>17-09-20 07:03:49:910</time></pt><pt><x>4230</x><y>423</y><time>17-09-20 07:03:51:468</time></pt><pt><x>4230</x><y>2361</y><time>undefined</time></pt><pt><x>1692</x><y>2361</y><time>undefined</time></pt><closed_date>17-09-20 07:03:51:470</closed_date></polygon></object></annotation>