<annotation><filename>m4_s03_025_p_ic047.jpg</filename><folder>users/joselusava//m4_js/m3/25</folder><source><submittedBy>Jose Saca</submittedBy></source><imagesize><nrows>2910</nrows><ncols>4361</ncols></imagesize><object><name>m4_s03_025_p_ic047</name><deleted>0</deleted><verified>0</verified><occluded>no</occluded><attributes></attributes><parts><hasparts></hasparts><ispartof></ispartof></parts><date>09-11-20 11:07:42:454</date><id>0</id><type>bounding_box</type><polygon><username>anonymous</username><pt><x>662</x><y>444</y><time>09-11-20 11:07:39:518</time></pt><pt><x>3891</x><y>444</y><time>09-11-20 11:07:41:819</time></pt><pt><x>3891</x><y>2324</y><time>undefined</time></pt><pt><x>662</x><y>2324</y><time>undefined</time></pt><closed_date>09-11-20 11:07:41:820</closed_date></polygon></object></annotation>