<annotation><filename>m4_s08_127_x.jpg</filename><folder>users/joselusava//kath/m4_x</folder><source><submittedBy>Jose Saca</submittedBy></source><imagesize><nrows>2970</nrows><ncols>4451</ncols></imagesize><object><name>m4_s08_127_x</name><deleted>0</deleted><verified>0</verified><occluded>no</occluded><attributes></attributes><parts><hasparts></hasparts><ispartof></ispartof></parts><date>21-10-20 11:38:10:271</date><id>0</id><polygon><username>anonymous</username><pt><x>1557</x><y>216</y><time>21-10-20 11:38:02:562</time></pt><pt><x>1543</x><y>2850</y><time>21-10-20 11:38:03:654</time></pt><pt><x>2893</x><y>2831</y><time>21-10-20 11:38:05:154</time></pt><pt><x>2932</x><y>231</y><time>21-10-20 11:38:06:614</time></pt><closed_date>21-10-20 11:38:07:901</closed_date></polygon></object></annotation>