<annotation><filename>m2_s03_201_p_nic025.jpg</filename><folder>users/joselusava//valeria/m2_sala03_201_nic</folder><source><submittedBy>Jose Saca</submittedBy></source><imagesize><nrows>2910</nrows><ncols>4361</ncols></imagesize><object><name>m2_s03_201_p_nic025</name><deleted>0</deleted><verified>0</verified><occluded>no</occluded><attributes></attributes><parts><hasparts></hasparts><ispartof></ispartof></parts><date>29-09-20 23:00:16:915</date><id>0</id><type>bounding_box</type><polygon><username>anonymous</username><pt><x>942</x><y>2706</y><time>29-09-20 23:00:11:710</time></pt><pt><x>2805</x><y>2706</y><time>29-09-20 23:00:13:362</time></pt><pt><x>2805</x><y>931</y><time>undefined</time></pt><pt><x>942</x><y>931</y><time>undefined</time></pt><closed_date>29-09-20 23:00:13:363</closed_date></polygon></object></annotation>