<annotation><filename>img_m1_s03-04_101_p_ic087.jpg</filename><folder>users/joselusava//valeria/sala3y4_101_ic</folder><source><submittedBy>Jose Saca</submittedBy></source><imagesize><nrows>3200</nrows><ncols>4800</ncols></imagesize><object><name>m1_s03_s04_101_p_ic087</name><deleted>0</deleted><verified>0</verified><occluded>no</occluded><attributes></attributes><parts><hasparts></hasparts><ispartof></ispartof></parts><date>29-08-20 01:53:23:007</date><id>0</id><type>bounding_box</type><polygon><username>anonymous</username><pt><x>327</x><y>2861</y><time>29-08-20 01:53:15:392</time></pt><pt><x>4636</x><y>2861</y><time>29-08-20 01:53:18:825</time></pt><pt><x>4636</x><y>648</y><time>undefined</time></pt><pt><x>327</x><y>648</y><time>undefined</time></pt><closed_date>29-08-20 01:53:18:826</closed_date></polygon></object></annotation>