<annotation><filename>m4_s11_178_p_nic014.jpg</filename><folder>users/joselusava//santiago_2</folder><source><submittedBy>Jose Saca</submittedBy></source><imagesize><nrows>2970</nrows><ncols>4451</ncols></imagesize><object><name>m4_s11_178_p_nic014</name><deleted>0</deleted><verified>0</verified><occluded>no</occluded><attributes></attributes><parts><hasparts></hasparts><ispartof></ispartof></parts><date>15-10-20 23:05:05:023</date><id>0</id><type>bounding_box</type><polygon><username>anonymous</username><pt><x>1196</x><y>239</y><time>15-10-20 23:05:01:433</time></pt><pt><x>2570</x><y>239</y><time>15-10-20 23:05:02:908</time></pt><pt><x>2570</x><y>1521</y><time>undefined</time></pt><pt><x>1196</x><y>1521</y><time>undefined</time></pt><closed_date>15-10-20 23:05:02:908</closed_date></polygon></object></annotation>