<annotation><filename>m2_s03_248_p_ic006.jpg</filename><folder>users/joselusava//museos2020</folder><source><submittedBy>Jose Saca</submittedBy></source><imagesize><nrows>2910</nrows><ncols>4361</ncols></imagesize><object><name>m2_s03_248_p_ic006</name><deleted>0</deleted><verified>0</verified><occluded>no</occluded><attributes></attributes><parts><hasparts></hasparts><ispartof></ispartof></parts><date>26-09-20 22:17:30:594</date><id>0</id><type>bounding_box</type><polygon><username>anonymous</username><pt><x>14</x><y>525</y><time>26-09-20 22:17:22:091</time></pt><pt><x>4067</x><y>525</y><time>26-09-20 22:17:24:944</time></pt><pt><x>4067</x><y>2176</y><time>undefined</time></pt><pt><x>14</x><y>2176</y><time>undefined</time></pt><closed_date>26-09-20 22:17:24:945</closed_date></polygon></object></annotation>