<annotation><filename>m2_s06_250_p_ic046.jpg</filename><folder>users/joselusava//valeria/m2_sala06_250_ic</folder><source><submittedBy>Jose Saca</submittedBy></source><imagesize><nrows>2910</nrows><ncols>4361</ncols></imagesize><object><name>m2_s06_250_p_ic046</name><deleted>0</deleted><verified>0</verified><occluded>no</occluded><attributes></attributes><parts><hasparts></hasparts><ispartof></ispartof></parts><date>30-09-20 23:34:29:667</date><id>0</id><type>bounding_box</type><polygon><username>anonymous</username><pt><x>3737</x><y>2105</y><time>30-09-20 23:34:23:246</time></pt><pt><x>546</x><y>2105</y><time>30-09-20 23:34:26:140</time></pt><pt><x>546</x><y>1025</y><time>undefined</time></pt><pt><x>3737</x><y>1025</y><time>undefined</time></pt><closed_date>30-09-20 23:34:26:141</closed_date></polygon></object></annotation>