<annotation><filename>m4_s03_025_p_ic017.jpg</filename><folder>users/joselusava//juancarlos</folder><source><submittedBy>Jose Saca</submittedBy></source><imagesize><nrows>2910</nrows><ncols>4361</ncols></imagesize><object><name>m4_s02_025_p_ic017</name><deleted>0</deleted><verified>0</verified><occluded>no</occluded><attributes></attributes><parts><hasparts></hasparts><ispartof></ispartof></parts><date>05-11-20 17:13:43:862</date><id>0</id><type>bounding_box</type><polygon><username>anonymous</username><pt><x>782</x><y>640</y><time>05-11-20 17:13:36:290</time></pt><pt><x>3927</x><y>640</y><time>05-11-20 17:13:38:240</time></pt><pt><x>3927</x><y>2378</y><time>undefined</time></pt><pt><x>782</x><y>2378</y><time>undefined</time></pt><closed_date>05-11-20 17:13:38:241</closed_date></polygon></object></annotation>