<annotation><filename>m4_s04_037_p_nic083.jpg</filename><folder>users/joselusava//santiago_2</folder><source><submittedBy>Jose Saca</submittedBy></source><imagesize><nrows>2970</nrows><ncols>4451</ncols></imagesize><object><name>m4_s04_037_p_nic083</name><deleted>0</deleted><verified>0</verified><occluded>no</occluded><attributes></attributes><parts><hasparts></hasparts><ispartof></ispartof></parts><date>19-10-20 22:49:17:676</date><id>0</id><type>bounding_box</type><polygon><username>anonymous</username><pt><x>553</x><y>171</y><time>19-10-20 22:49:06:881</time></pt><pt><x>1339</x><y>171</y><time>19-10-20 22:49:07:872</time></pt><pt><x>1339</x><y>1335</y><time>undefined</time></pt><pt><x>553</x><y>1335</y><time>undefined</time></pt><closed_date>19-10-20 22:49:07:873</closed_date></polygon></object></annotation>