<annotation><filename>m3_s01_002_p_nic046.jpg</filename><folder>users/joselusava//santiago_3</folder><source><submittedBy>Jose Saca</submittedBy></source><imagesize><nrows>2970</nrows><ncols>4451</ncols></imagesize><object><name>m3_s01_002_p_nic046</name><deleted>0</deleted><verified>0</verified><occluded>no</occluded><attributes></attributes><parts><hasparts></hasparts><ispartof></ispartof></parts><date>29-10-20 20:43:02:952</date><id>0</id><type>bounding_box</type><polygon><username>anonymous</username><pt><x>243</x><y>689</y><time>29-10-20 20:42:59:714</time></pt><pt><x>2195</x><y>689</y><time>29-10-20 20:43:00:929</time></pt><pt><x>2195</x><y>2792</y><time>undefined</time></pt><pt><x>243</x><y>2792</y><time>undefined</time></pt><closed_date>29-10-20 20:43:00:930</closed_date></polygon></object></annotation>