<annotation><filename>m4_s04_037_p_nic073.jpg</filename><folder>users/joselusava//santiago_2</folder><source><submittedBy>Jose Saca</submittedBy></source><imagesize><nrows>2970</nrows><ncols>4451</ncols></imagesize><object><name>m4_s04_037_p_nic073</name><deleted>0</deleted><verified>0</verified><occluded>no</occluded><attributes></attributes><parts><hasparts></hasparts><ispartof></ispartof></parts><date>19-10-20 22:42:28:059</date><id>0</id><type>bounding_box</type><polygon><username>anonymous</username><pt><x>2381</x><y>96</y><time>19-10-20 22:42:24:628</time></pt><pt><x>3320</x><y>96</y><time>19-10-20 22:42:25:734</time></pt><pt><x>3320</x><y>1589</y><time>undefined</time></pt><pt><x>2381</x><y>1589</y><time>undefined</time></pt><closed_date>19-10-20 22:42:25:734</closed_date></polygon></object></annotation>