<annotation><filename>m4_s09_138_p_nic088.jpg</filename><folder>users/joselusava//santiago_2</folder><source><submittedBy>Jose Saca</submittedBy></source><imagesize><nrows>2970</nrows><ncols>4451</ncols></imagesize><object><name>m4_s09_138_p_nic088</name><deleted>0</deleted><verified>0</verified><occluded>no</occluded><attributes></attributes><parts><hasparts></hasparts><ispartof></ispartof></parts><date>23-10-20 14:32:49:820</date><id>0</id><type>bounding_box</type><polygon><username>anonymous</username><pt><x>735</x><y>1617</y><time>23-10-20 14:32:46:879</time></pt><pt><x>3423</x><y>1617</y><time>23-10-20 14:32:47:893</time></pt><pt><x>3423</x><y>2752</y><time>undefined</time></pt><pt><x>735</x><y>2752</y><time>undefined</time></pt><closed_date>23-10-20 14:32:47:894</closed_date></polygon></object></annotation>