<annotation><filename>m1_s06_144_p_ic093.jpg</filename><folder>users/joselusava//jacob_2/144ic</folder><source><submittedBy>Jose Saca</submittedBy></source><imagesize><nrows>2736</nrows><ncols>4100</ncols></imagesize><object><name>m1_s06_144_p_ic093</name><deleted>0</deleted><verified>0</verified><occluded>no</occluded><attributes></attributes><parts><hasparts></hasparts><ispartof></ispartof></parts><date>08-09-20 01:45:39:411</date><id>0</id><type>bounding_box</type><polygon><username>anonymous</username><pt><x>663</x><y>2619</y><time>08-09-20 01:45:36:318</time></pt><pt><x>3593</x><y>2619</y><time>08-09-20 01:45:38:543</time></pt><pt><x>3593</x><y>147</y><time>undefined</time></pt><pt><x>663</x><y>147</y><time>undefined</time></pt><closed_date>08-09-20 01:45:38:543</closed_date></polygon></object></annotation>