<annotation><filename>m2_s01_034_p_nic057.jpg</filename><folder>users/joselusava//kath</folder><source><submittedBy>Jose Saca</submittedBy></source><imagesize><nrows>2850</nrows><ncols>4271</ncols></imagesize><object><name>m2_s01_034_p_nic057</name><deleted>0</deleted><verified>0</verified><occluded>no</occluded><attributes></attributes><parts><hasparts></hasparts><ispartof></ispartof></parts><date>25-09-20 20:21:02:600</date><id>0</id><type>bounding_box</type><polygon><username>anonymous</username><pt><x>2621</x><y>602</y><time>25-09-20 20:20:55:905</time></pt><pt><x>3580</x><y>602</y><time>25-09-20 20:20:58:368</time></pt><pt><x>3580</x><y>2084</y><time>undefined</time></pt><pt><x>2621</x><y>2084</y><time>undefined</time></pt><closed_date>25-09-20 20:20:58:369</closed_date></polygon></object></annotation>