<annotation><filename>m1_s01_005_p_nic090.jpg</filename><folder>users/joselusava//museos2020</folder><source><submittedBy>Jose Saca</submittedBy></source><imagesize><nrows>2000</nrows><ncols>2992</ncols></imagesize><object><name>m1_s01_005_p_nic090</name><deleted>0</deleted><verified>0</verified><occluded>no</occluded><attributes></attributes><parts><hasparts></hasparts><ispartof></ispartof></parts><date>14-09-20 12:01:58:434</date><id>0</id><type>bounding_box</type><polygon><username>anonymous</username><pt><x>179</x><y>1351</y><time>14-09-20 12:01:49:827</time></pt><pt><x>534</x><y>1351</y><time>14-09-20 12:01:50:952</time></pt><pt><x>534</x><y>1712</y><time>undefined</time></pt><pt><x>179</x><y>1712</y><time>undefined</time></pt><closed_date>14-09-20 12:01:50:953</closed_date></polygon></object></annotation>