<annotation><filename>m2_s01_010_p_nic042.jpg</filename><folder>users/joselusava//santiago</folder><source><submittedBy>Jose Saca</submittedBy></source><imagesize><nrows>2850</nrows><ncols>4271</ncols></imagesize><object><name>m2_s01_010_p_nic042</name><deleted>0</deleted><verified>0</verified><occluded>no</occluded><attributes></attributes><parts><hasparts></hasparts><ispartof></ispartof></parts><date>22-09-20 20:37:41:649</date><id>0</id><type>bounding_box</type><polygon><username>anonymous</username><pt><x>2472</x><y>1651</y><time>22-09-20 20:37:33:997</time></pt><pt><x>3344</x><y>1651</y><time>22-09-20 20:37:35:384</time></pt><pt><x>3344</x><y>2488</y><time>undefined</time></pt><pt><x>2472</x><y>2488</y><time>undefined</time></pt><closed_date>22-09-20 20:37:35:385</closed_date></polygon></object></annotation>