<annotation><filename>m4_s11_178_p_ic024.jpg</filename><folder>users/joselusava//santiago_2</folder><source><submittedBy>Jose Saca</submittedBy></source><imagesize><nrows>2970</nrows><ncols>4451</ncols></imagesize><object><name>m4_s11_178_p_ic024</name><deleted>0</deleted><verified>0</verified><occluded>no</occluded><attributes></attributes><parts><hasparts></hasparts><ispartof></ispartof></parts><date>15-10-20 21:24:19:735</date><id>0</id><type>bounding_box</type><polygon><username>anonymous</username><pt><x>1464</x><y>764</y><time>15-10-20 21:24:15:827</time></pt><pt><x>2931</x><y>764</y><time>15-10-20 21:24:17:826</time></pt><pt><x>2931</x><y>2299</y><time>undefined</time></pt><pt><x>1464</x><y>2299</y><time>undefined</time></pt><closed_date>15-10-20 21:24:17:827</closed_date></polygon></object></annotation>