<annotation><filename>m4_s04_037_p_ic077.jpg</filename><folder>users/joselusava//santiago_2</folder><source><submittedBy>Jose Saca</submittedBy></source><imagesize><nrows>2970</nrows><ncols>4451</ncols></imagesize><object><name>m4_s04_037_p_ic077</name><deleted>0</deleted><verified>0</verified><occluded>no</occluded><attributes></attributes><parts><hasparts></hasparts><ispartof></ispartof></parts><date>18-10-20 22:07:07:404</date><id>0</id><type>bounding_box</type><polygon><username>anonymous</username><pt><x>1424</x><y>318</y><time>18-10-20 22:07:01:830</time></pt><pt><x>2949</x><y>318</y><time>18-10-20 22:07:03:314</time></pt><pt><x>2949</x><y>2677</y><time>undefined</time></pt><pt><x>1424</x><y>2677</y><time>undefined</time></pt><closed_date>18-10-20 22:07:03:314</closed_date></polygon></object></annotation>