<annotation><filename>m4_s04_039_p_ic020.jpg</filename><folder>users/joselusava//santiago_2</folder><source><submittedBy>Jose Saca</submittedBy></source><imagesize><nrows>2970</nrows><ncols>4451</ncols></imagesize><object><name>m4_s04_039_p_ic020</name><deleted>0</deleted><verified>0</verified><occluded>no</occluded><attributes></attributes><parts><hasparts></hasparts><ispartof></ispartof></parts><date>20-10-20 18:29:59:964</date><id>0</id><type>bounding_box</type><polygon><username>anonymous</username><pt><x>1868</x><y>184</y><time>20-10-20 18:29:56:415</time></pt><pt><x>2679</x><y>184</y><time>20-10-20 18:29:57:801</time></pt><pt><x>2679</x><y>2903</y><time>undefined</time></pt><pt><x>1868</x><y>2903</y><time>undefined</time></pt><closed_date>20-10-20 18:29:57:802</closed_date></polygon></object></annotation>