<annotation><filename>m2_s02_085_p_nic014.jpg</filename><folder>users/joselusava//m2_jsv/85/nic</folder><source><submittedBy>Jose Saca</submittedBy></source><imagesize><nrows>2910</nrows><ncols>4361</ncols></imagesize><object><name>m2_s02_085_p_nic014</name><deleted>0</deleted><verified>0</verified><occluded>no</occluded><attributes></attributes><parts><hasparts></hasparts><ispartof></ispartof></parts><date>19-09-20 22:28:21:651</date><id>0</id><type>bounding_box</type><polygon><username>anonymous</username><pt><x>218</x><y>104</y><time>19-09-20 22:28:19:389</time></pt><pt><x>1419</x><y>104</y><time>19-09-20 22:28:20:404</time></pt><pt><x>1419</x><y>1367</y><time>undefined</time></pt><pt><x>218</x><y>1367</y><time>undefined</time></pt><closed_date>19-09-20 22:28:20:405</closed_date></polygon></object></annotation>