<annotation><filename>m2_s01_065_x.jpg</filename><folder>users/joselusava//juancarlos</folder><source><submittedBy>Jose Saca</submittedBy></source><imagesize><nrows>2850</nrows><ncols>4271</ncols></imagesize><object><name>m2_s01_065_x</name><deleted>0</deleted><verified>0</verified><occluded>no</occluded><attributes></attributes><parts><hasparts></hasparts><ispartof></ispartof></parts><date>28-09-20 10:43:39:727</date><id>0</id><type>bounding_box</type><polygon><username>anonymous</username><pt><x>1138</x><y>319</y><time>28-09-20 10:43:27:942</time></pt><pt><x>3050</x><y>319</y><time>28-09-20 10:43:30:774</time></pt><pt><x>3050</x><y>2463</y><time>undefined</time></pt><pt><x>1138</x><y>2463</y><time>undefined</time></pt><closed_date>28-09-20 10:43:30:776</closed_date></polygon></object></annotation>