<annotation><filename>m2_s03_219_p_ic050.jpg</filename><folder>users/joselusava//valeria/m2_sala03_219_ic</folder><source><submittedBy>Jose Saca</submittedBy></source><imagesize><nrows>2910</nrows><ncols>4361</ncols></imagesize><object><name>m2_s03_219_p_ic050</name><deleted>0</deleted><verified>0</verified><occluded>no</occluded><attributes></attributes><parts><hasparts></hasparts><ispartof></ispartof></parts><date>29-09-20 00:34:38:453</date><id>0</id><type>bounding_box</type><polygon><username>anonymous</username><pt><x>3037</x><y>237</y><time>29-09-20 00:34:34:140</time></pt><pt><x>1224</x><y>237</y><time>29-09-20 00:34:35:617</time></pt><pt><x>1224</x><y>2723</y><time>undefined</time></pt><pt><x>3037</x><y>2723</y><time>undefined</time></pt><closed_date>29-09-20 00:34:35:619</closed_date></polygon></object></annotation>