<annotation><filename>m2_s01_058_p_ic057.jpg</filename><folder>users/joselusava//m2_jsv/58/ic</folder><source><submittedBy>Jose Saca</submittedBy></source><imagesize><nrows>2850</nrows><ncols>4271</ncols></imagesize><object><name>m2_s01_058_p_ic057</name><deleted>0</deleted><verified>0</verified><occluded>no</occluded><attributes></attributes><parts><hasparts></hasparts><ispartof></ispartof></parts><date>29-09-20 13:28:06:450</date><id>0</id><type>bounding_box</type><polygon><username>anonymous</username><pt><x>459</x><y>102</y><time>29-09-20 13:28:03:814</time></pt><pt><x>3634</x><y>102</y><time>29-09-20 13:28:05:431</time></pt><pt><x>3634</x><y>2649</y><time>undefined</time></pt><pt><x>459</x><y>2649</y><time>undefined</time></pt><closed_date>29-09-20 13:28:05:431</closed_date></polygon></object></annotation>