<annotation><filename>img_m1_s03-04_108_p_nic080.jpg</filename><folder>users/joselusava//valeria/sala3y4_108_nic</folder><source><submittedBy>Jose Saca</submittedBy></source><imagesize><nrows>3200</nrows><ncols>4800</ncols></imagesize><object><name>m1_s03_s04_108_p_nic080</name><deleted>0</deleted><verified>0</verified><occluded>no</occluded><attributes></attributes><parts><hasparts></hasparts><ispartof></ispartof></parts><date>02-09-20 21:17:05:187</date><id>0</id><type>bounding_box</type><polygon><username>anonymous</username><pt><x>127</x><y>3133</y><time>02-09-20 21:16:57:798</time></pt><pt><x>3382</x><y>3133</y><time>02-09-20 21:17:01:626</time></pt><pt><x>3382</x><y>2030</y><time>undefined</time></pt><pt><x>127</x><y>2030</y><time>undefined</time></pt><closed_date>02-09-20 21:17:01:628</closed_date></polygon></object></annotation>