<annotation><filename>m4_s01_006_x.jpg</filename><folder>users/joselusava//kath/m4_x</folder><source><submittedBy>Jose Saca</submittedBy></source><imagesize><nrows>2910</nrows><ncols>4361</ncols></imagesize><object><name>m4_s01_006_x</name><deleted>0</deleted><verified>0</verified><occluded>no</occluded><attributes></attributes><parts><hasparts></hasparts><ispartof></ispartof></parts><date>19-10-20 20:24:57:568</date><id>0</id><polygon><username>anonymous</username><pt><x>52</x><y>542</y><time>19-10-20 20:24:47:484</time></pt><pt><x>254</x><y>2001</y><time>19-10-20 20:24:48:783</time></pt><pt><x>4134</x><y>2510</y><time>19-10-20 20:24:49:725</time></pt><pt><x>4252</x><y>344</y><time>19-10-20 20:24:50:822</time></pt><closed_date>19-10-20 20:24:52:142</closed_date></polygon></object></annotation>