<annotation><filename>m4_s11_178_p_nic093.jpg</filename><folder>users/joselusava//santiago_2</folder><source><submittedBy>Jose Saca</submittedBy></source><imagesize><nrows>2970</nrows><ncols>4451</ncols></imagesize><object><name>m4_s11_178_p_nic093</name><deleted>0</deleted><verified>0</verified><occluded>no</occluded><attributes></attributes><parts><hasparts></hasparts><ispartof></ispartof></parts><date>16-10-20 11:51:43:926</date><id>0</id><type>bounding_box</type><polygon><username>anonymous</username><pt><x>2792</x><y>589</y><time>16-10-20 11:51:38:625</time></pt><pt><x>3830</x><y>589</y><time>16-10-20 11:51:40:049</time></pt><pt><x>3830</x><y>1685</y><time>undefined</time></pt><pt><x>2792</x><y>1685</y><time>undefined</time></pt><closed_date>16-10-20 11:51:40:050</closed_date></polygon></object></annotation>