<annotation><filename>m4_s04_037_p_ic058.jpg</filename><folder>users/joselusava//santiago_2</folder><source><submittedBy>Jose Saca</submittedBy></source><imagesize><nrows>2970</nrows><ncols>4451</ncols></imagesize><object><name>m4_s04_037_p_ic058</name><deleted>0</deleted><verified>0</verified><occluded>no</occluded><attributes></attributes><parts><hasparts></hasparts><ispartof></ispartof></parts><date>18-10-20 17:50:07:979</date><id>0</id><type>bounding_box</type><polygon><username>anonymous</username><pt><x>1792</x><y>443</y><time>18-10-20 17:49:58:196</time></pt><pt><x>3134</x><y>443</y><time>18-10-20 17:49:59:649</time></pt><pt><x>3134</x><y>2513</y><time>undefined</time></pt><pt><x>1792</x><y>2513</y><time>undefined</time></pt><closed_date>18-10-20 17:49:59:650</closed_date></polygon></object></annotation>