<annotation><filename>m2_s07_264_p_ic050.jpg</filename><folder>users/joselusava//valeria/sala7_264_ic</folder><source><submittedBy>Jose Saca</submittedBy></source><imagesize><nrows>2910</nrows><ncols>4361</ncols></imagesize><object><name>m2_s07_264_p_ic050</name><deleted>0</deleted><verified>0</verified><occluded>no</occluded><attributes></attributes><parts><hasparts></hasparts><ispartof></ispartof></parts><date>23-09-20 11:10:44:617</date><id>0</id><type>bounding_box</type><polygon><username>anonymous</username><pt><x>1190</x><y>2651</y><time>23-09-20 11:10:39:445</time></pt><pt><x>2794</x><y>2651</y><time>23-09-20 11:10:41:414</time></pt><pt><x>2794</x><y>386</y><time>undefined</time></pt><pt><x>1190</x><y>386</y><time>undefined</time></pt><closed_date>23-09-20 11:10:41:416</closed_date></polygon></object></annotation>