<annotation><filename>m3_s01_013_p_nic036.jpg</filename><folder>users/joselusava//valeria/m03_s01_13_nic</folder><source><submittedBy>Jose Saca</submittedBy></source><imagesize><nrows>2970</nrows><ncols>4451</ncols></imagesize><object><name>m3_s01_013_p_nic036</name><deleted>0</deleted><verified>0</verified><occluded>no</occluded><attributes></attributes><parts><hasparts></hasparts><ispartof></ispartof></parts><date>06-11-20 21:32:33:469</date><id>0</id><type>bounding_box</type><polygon><username>anonymous</username><pt><x>2850</x><y>2873</y><time>06-11-20 21:32:26:005</time></pt><pt><x>46</x><y>2873</y><time>06-11-20 21:32:28:767</time></pt><pt><x>46</x><y>286</y><time>undefined</time></pt><pt><x>2850</x><y>286</y><time>undefined</time></pt><closed_date>06-11-20 21:32:28:769</closed_date></polygon></object></annotation>