<annotation><filename>m4_s09_131_x.jpg</filename><folder>users/joselusava//kath/m4_x</folder><source><submittedBy>Jose Saca</submittedBy></source><imagesize><nrows>2970</nrows><ncols>4451</ncols></imagesize><object><name>m4_s09_131_x</name><deleted>0</deleted><verified>0</verified><occluded>no</occluded><attributes></attributes><parts><hasparts></hasparts><ispartof></ispartof></parts><date>21-10-20 11:40:30:326</date><id>0</id><polygon><username>anonymous</username><pt><x>1557</x><y>322</y><time>21-10-20 11:40:21:723</time></pt><pt><x>1379</x><y>2735</y><time>21-10-20 11:40:23:405</time></pt><pt><x>3008</x><y>2600</y><time>21-10-20 11:40:24:405</time></pt><pt><x>2307</x><y>216</y><time>21-10-20 11:40:26:188</time></pt><closed_date>21-10-20 11:40:27:226</closed_date></polygon></object></annotation>