<annotation><filename>m2_s03_227_x.jpg</filename><folder>users/joselusava//museos2020</folder><source><submittedBy>Jose Saca</submittedBy></source><imagesize><nrows>2910</nrows><ncols>4361</ncols></imagesize><object><name>m2_s03_227_x</name><deleted>0</deleted><verified>0</verified><occluded>no</occluded><attributes></attributes><parts><hasparts></hasparts><ispartof></ispartof></parts><date>16-09-20 15:00:13:353</date><id>0</id><type>bounding_box</type><polygon><username>anonymous</username><pt><x>288</x><y>70</y><time>16-09-20 15:00:00:431</time></pt><pt><x>4137</x><y>70</y><time>16-09-20 15:00:03:429</time></pt><pt><x>4137</x><y>2673</y><time>undefined</time></pt><pt><x>288</x><y>2673</y><time>undefined</time></pt><closed_date>16-09-20 15:00:03:430</closed_date></polygon></object></annotation>