<annotation><filename>m4_s04_045_p_ic036.jpg</filename><folder>users/joselusava//valeria/m04_s04_45_ic</folder><source><submittedBy>Jose Saca</submittedBy></source><imagesize><nrows>2970</nrows><ncols>4451</ncols></imagesize><object><name>m4_s04_045_p_ic036</name><deleted>0</deleted><verified>0</verified><occluded>no</occluded><attributes></attributes><parts><hasparts></hasparts><ispartof></ispartof></parts><date>19-10-20 19:20:40:064</date><id>0</id><type>bounding_box</type><polygon><username>anonymous</username><pt><x>1759</x><y>2376</y><time>19-10-20 19:20:35:585</time></pt><pt><x>2627</x><y>2376</y><time>19-10-20 19:20:37:352</time></pt><pt><x>2627</x><y>674</y><time>undefined</time></pt><pt><x>1759</x><y>674</y><time>undefined</time></pt><closed_date>19-10-20 19:20:37:354</closed_date></polygon></object></annotation>