<annotation><filename>m2_s01_001_p_ic010.jpg</filename><folder>users/joselusava//santiago</folder><source><submittedBy>Jose Saca</submittedBy></source><imagesize><nrows>2850</nrows><ncols>4271</ncols></imagesize><object><name>m2_s01_001_p_ic010</name><deleted>0</deleted><verified>0</verified><occluded>no</occluded><attributes></attributes><parts><hasparts></hasparts><ispartof></ispartof></parts><date>18-09-20 22:24:23:962</date><id>0</id><type>bounding_box</type><polygon><username>anonymous</username><pt><x>821</x><y>256</y><time>18-09-20 22:24:12:754</time></pt><pt><x>3139</x><y>256</y><time>18-09-20 22:24:15:546</time></pt><pt><x>3139</x><y>2549</y><time>undefined</time></pt><pt><x>821</x><y>2549</y><time>undefined</time></pt><closed_date>18-09-20 22:24:15:547</closed_date></polygon></object></annotation>