<annotation><filename>m3_s01_002_p_ic075.jpg</filename><folder>users/joselusava//santiago_3</folder><source><submittedBy>Jose Saca</submittedBy></source><imagesize><nrows>2970</nrows><ncols>4451</ncols></imagesize><object><name>m3_s01_002_p_ic075</name><deleted>0</deleted><verified>0</verified><occluded>no</occluded><attributes></attributes><parts><hasparts></hasparts><ispartof></ispartof></parts><date>29-10-20 13:21:09:262</date><id>0</id><type>bounding_box</type><polygon><username>anonymous</username><pt><x>411</x><y>764</y><time>29-10-20 13:21:05:879</time></pt><pt><x>3488</x><y>764</y><time>29-10-20 13:21:07:351</time></pt><pt><x>3488</x><y>2103</y><time>undefined</time></pt><pt><x>411</x><y>2103</y><time>undefined</time></pt><closed_date>29-10-20 13:21:07:352</closed_date></polygon></object></annotation>