<annotation><filename>m4_s04_039_p_nic048.jpg</filename><folder>users/joselusava//santiago_2</folder><source><submittedBy>Jose Saca</submittedBy></source><imagesize><nrows>2970</nrows><ncols>4451</ncols></imagesize><object><name>m4_s04_039_p_nic048</name><deleted>0</deleted><verified>0</verified><occluded>no</occluded><attributes></attributes><parts><hasparts></hasparts><ispartof></ispartof></parts><date>21-10-20 21:39:03:969</date><id>0</id><type>bounding_box</type><polygon><username>anonymous</username><pt><x>3041</x><y>203</y><time>21-10-20 21:39:00:480</time></pt><pt><x>3898</x><y>203</y><time>21-10-20 21:39:02:001</time></pt><pt><x>3898</x><y>2924</y><time>undefined</time></pt><pt><x>3041</x><y>2924</y><time>undefined</time></pt><closed_date>21-10-20 21:39:02:003</closed_date></polygon></object></annotation>