<annotation><filename>m2_s01_070_x.jpg</filename><folder>users/joselusava//juancarlos</folder><source><submittedBy>Jose Saca</submittedBy></source><imagesize><nrows>2850</nrows><ncols>4271</ncols></imagesize><object><name>m2_s01_070_x</name><deleted>0</deleted><verified>0</verified><occluded>no</occluded><attributes></attributes><parts><hasparts></hasparts><ispartof></ispartof></parts><date>28-09-20 10:47:18:653</date><id>0</id><type>bounding_box</type><polygon><username>anonymous</username><pt><x>1480</x><y>442</y><time>28-09-20 10:47:11:126</time></pt><pt><x>2741</x><y>442</y><time>28-09-20 10:47:12:649</time></pt><pt><x>2741</x><y>2358</y><time>undefined</time></pt><pt><x>1480</x><y>2358</y><time>undefined</time></pt><closed_date>28-09-20 10:47:12:649</closed_date></polygon></object></annotation>