<annotation><filename>m4_s04_047_p_ic074.jpg</filename><folder>users/joselusava//kath/kath_m4_047</folder><source><submittedBy>Jose Saca</submittedBy></source><imagesize><nrows>2970</nrows><ncols>4451</ncols></imagesize><object><name>m4_s04_047_p_ic074</name><deleted>0</deleted><verified>0</verified><occluded>no</occluded><attributes></attributes><parts><hasparts></hasparts><ispartof></ispartof></parts><date>24-10-20 14:31:00:058</date><id>0</id><type>bounding_box</type><polygon><username>anonymous</username><pt><x>1611</x><y>215</y><time>24-10-20 14:30:54:819</time></pt><pt><x>2903</x><y>215</y><time>24-10-20 14:30:57:399</time></pt><pt><x>2903</x><y>2710</y><time>undefined</time></pt><pt><x>1611</x><y>2710</y><time>undefined</time></pt><closed_date>24-10-20 14:30:57:400</closed_date></polygon></object></annotation>