<annotation><filename>m2_s01_018_p_nic035.jpg</filename><folder>users/joselusava//santiago_2</folder><source><submittedBy>Jose Saca</submittedBy></source><imagesize><nrows>2850</nrows><ncols>4271</ncols></imagesize><object><name>m2_s01_018_p_nic035</name><deleted>0</deleted><verified>0</verified><occluded>no</occluded><attributes></attributes><parts><hasparts></hasparts><ispartof></ispartof></parts><date>28-09-20 21:35:51:221</date><id>0</id><type>bounding_box</type><polygon><username>anonymous</username><pt><x>622</x><y>1815</y><time>28-09-20 21:35:47:294</time></pt><pt><x>1244</x><y>1815</y><time>28-09-20 21:35:48:294</time></pt><pt><x>1244</x><y>2536</y><time>undefined</time></pt><pt><x>622</x><y>2536</y><time>undefined</time></pt><closed_date>28-09-20 21:35:48:296</closed_date></polygon></object></annotation>