<annotation><filename>m2_s03_201_p_nic090.jpg</filename><folder>users/joselusava//valeria/m2_sala03_201_nic</folder><source><submittedBy>Jose Saca</submittedBy></source><imagesize><nrows>2910</nrows><ncols>4361</ncols></imagesize><object><name>m2_s03_201_p_nic090</name><deleted>0</deleted><verified>0</verified><occluded>no</occluded><attributes></attributes><parts><hasparts></hasparts><ispartof></ispartof></parts><date>30-09-20 18:44:40:569</date><id>0</id><type>bounding_box</type><polygon><username>anonymous</username><pt><x>2265</x><y>2171</y><time>30-09-20 18:44:35:873</time></pt><pt><x>287</x><y>2171</y><time>30-09-20 18:44:37:782</time></pt><pt><x>287</x><y>176</y><time>undefined</time></pt><pt><x>2265</x><y>176</y><time>undefined</time></pt><closed_date>30-09-20 18:44:37:783</closed_date></polygon></object></annotation>