<annotation><filename>m3_s01_013_p_ic018.jpg</filename><folder>users/joselusava//valeria/m03_s01_13_ic</folder><source><submittedBy>Jose Saca</submittedBy></source><imagesize><nrows>2970</nrows><ncols>4451</ncols></imagesize><object><name>m3_s01_013_p_ic017</name><deleted>0</deleted><verified>0</verified><occluded>no</occluded><attributes></attributes><parts><hasparts></hasparts><ispartof></ispartof></parts><date>28-10-20 22:30:23:793</date><id>0</id><type>bounding_box</type><polygon><username>anonymous</username><pt><x>434</x><y>2764</y><time>28-10-20 22:30:18:209</time></pt><pt><x>3935</x><y>2764</y><time>28-10-20 22:30:20:797</time></pt><pt><x>3935</x><y>251</y><time>undefined</time></pt><pt><x>434</x><y>251</y><time>undefined</time></pt><closed_date>28-10-20 22:30:20:798</closed_date></polygon></object></annotation>