<annotation><filename>m2_s01_024_p_ic063.jpg</filename><folder>users/joselusava//santiago</folder><source><submittedBy>Jose Saca</submittedBy></source><imagesize><nrows>2850</nrows><ncols>4271</ncols></imagesize><object><name>m2_s01_024_p_ic063</name><deleted>0</deleted><verified>0</verified><occluded>no</occluded><attributes></attributes><parts><hasparts></hasparts><ispartof></ispartof></parts><date>24-09-20 22:31:10:714</date><id>0</id><type>bounding_box</type><polygon><username>anonymous</username><pt><x>1154</x><y>13</y><time>24-09-20 22:31:01:473</time></pt><pt><x>2828</x><y>13</y><time>24-09-20 22:31:03:751</time></pt><pt><x>2828</x><y>2683</y><time>undefined</time></pt><pt><x>1154</x><y>2683</y><time>undefined</time></pt><closed_date>24-09-20 22:31:03:752</closed_date></polygon></object></annotation>