<annotation><filename>m4_s11_178_p_nic049.jpg</filename><folder>users/joselusava//santiago_2</folder><source><submittedBy>Jose Saca</submittedBy></source><imagesize><nrows>2970</nrows><ncols>4451</ncols></imagesize><object><name>m4_s11_178_p_nic049</name><deleted>0</deleted><verified>0</verified><occluded>no</occluded><attributes></attributes><parts><hasparts></hasparts><ispartof></ispartof></parts><date>16-10-20 09:31:09:908</date><id>0</id><type>bounding_box</type><polygon><username>anonymous</username><pt><x>571</x><y>864</y><time>16-10-20 09:31:05:855</time></pt><pt><x>1731</x><y>864</y><time>16-10-20 09:31:07:578</time></pt><pt><x>1731</x><y>2013</y><time>undefined</time></pt><pt><x>571</x><y>2013</y><time>undefined</time></pt><closed_date>16-10-20 09:31:07:579</closed_date></polygon></object></annotation>