<annotation><filename>m2_s01_058_p_nic089.jpg</filename><folder>users/joselusava//m2_jsv/58/nic</folder><source><submittedBy>Jose Saca</submittedBy></source><imagesize><nrows>2850</nrows><ncols>4271</ncols></imagesize><object><name>m2_s01_058_p_nic089</name><deleted>0</deleted><verified>0</verified><occluded>no</occluded><attributes></attributes><parts><hasparts></hasparts><ispartof></ispartof></parts><date>29-09-20 23:26:10:889</date><id>0</id><type>bounding_box</type><polygon><username>anonymous</username><pt><x>1628</x><y>1637</y><time>29-09-20 23:26:08:923</time></pt><pt><x>315</x><y>1637</y><time>29-09-20 23:26:10:095</time></pt><pt><x>315</x><y>708</y><time>undefined</time></pt><pt><x>1628</x><y>708</y><time>undefined</time></pt><closed_date>29-09-20 23:26:10:096</closed_date></polygon></object></annotation>