<annotation><filename>m4_s11_178_p_nic084.jpg</filename><folder>users/joselusava//santiago_2</folder><source><submittedBy>Jose Saca</submittedBy></source><imagesize><nrows>2970</nrows><ncols>4451</ncols></imagesize><object><name>m4_s11_178_p_nic084</name><deleted>0</deleted><verified>0</verified><occluded>no</occluded><attributes></attributes><parts><hasparts></hasparts><ispartof></ispartof></parts><date>16-10-20 11:43:22:046</date><id>0</id><type>bounding_box</type><polygon><username>anonymous</username><pt><x>2820</x><y>910</y><time>16-10-20 11:43:17:991</time></pt><pt><x>3830</x><y>910</y><time>16-10-20 11:43:19:564</time></pt><pt><x>3830</x><y>2060</y><time>undefined</time></pt><pt><x>2820</x><y>2060</y><time>undefined</time></pt><closed_date>16-10-20 11:43:19:565</closed_date></polygon></object></annotation>