<annotation><filename>m4_s12_185_p_nic058.jpg</filename><folder>users/joselusava//valeria/m04_s12_185_nic</folder><source><submittedBy>Jose Saca</submittedBy></source><imagesize><nrows>2910</nrows><ncols>4361</ncols></imagesize><object><name>m4_s12_185_p_nic058</name><deleted>0</deleted><verified>0</verified><occluded>no</occluded><attributes></attributes><parts><hasparts></hasparts><ispartof></ispartof></parts><date>17-10-20 23:26:11:778</date><id>0</id><type>bounding_box</type><polygon><username>anonymous</username><pt><x>672</x><y>2149</y><time>17-10-20 23:25:35:128</time></pt><pt><x>2541</x><y>2149</y><time>17-10-20 23:25:42:195</time></pt><pt><x>2541</x><y>140</y><time>undefined</time></pt><pt><x>672</x><y>140</y><time>undefined</time></pt><closed_date>17-10-20 23:25:42:196</closed_date></polygon></object></annotation>