<annotation><filename>m4_s06_078_x.jpg</filename><folder>users/joselusava//kath/m4_x</folder><source><submittedBy>Jose Saca</submittedBy></source><imagesize><nrows>2970</nrows><ncols>4451</ncols></imagesize><object><name>m4_s06_078_x</name><deleted>0</deleted><verified>0</verified><occluded>no</occluded><attributes></attributes><parts><hasparts></hasparts><ispartof></ispartof></parts><date>20-10-20 09:43:16:185</date><id>0</id><polygon><username>anonymous</username><pt><x>1547</x><y>5</y><time>20-10-20 09:43:08:931</time></pt><pt><x>1471</x><y>2807</y><time>20-10-20 09:43:10:178</time></pt><pt><x>3157</x><y>2638</y><time>20-10-20 09:43:11:051</time></pt><pt><x>2903</x><y>284</y><time>20-10-20 09:43:12:153</time></pt><closed_date>20-10-20 09:43:13:593</closed_date></polygon></object></annotation>