<annotation><filename>m1_s02_029_p_ic039.jpg</filename><folder>users/joselusava//valeria/sala2_029_ic</folder><source><submittedBy>Jose Saca</submittedBy></source><imagesize><nrows>3200</nrows><ncols>4800</ncols></imagesize><object><name>m1_s02_029_p_ic039</name><deleted>0</deleted><verified>0</verified><occluded>no</occluded><attributes></attributes><parts><hasparts></hasparts><ispartof></ispartof></parts><date>22-08-20 19:27:00:156</date><id>0</id><type>bounding_box</type><polygon><username>anonymous</username><pt><x>1536</x><y>5</y><time>22-08-20 19:26:34:744</time></pt><pt><x>3479</x><y>5</y><time>22-08-20 19:26:40:452</time></pt><pt><x>3479</x><y>2679</y><time>undefined</time></pt><pt><x>1536</x><y>2679</y><time>undefined</time></pt><closed_date>22-08-20 19:26:40:454</closed_date></polygon></object></annotation>