<annotation><filename>m4_s07_105_p_nic082.jpg</filename><folder>users/joselusava//kath/m4_105/nic</folder><source><submittedBy>Jose Saca</submittedBy></source><imagesize><nrows>2970</nrows><ncols>4451</ncols></imagesize><object><name>m4_s07_105_p_nic081</name><deleted>0</deleted><verified>0</verified><occluded>no</occluded><attributes></attributes><parts><hasparts></hasparts><ispartof></ispartof></parts><date>03-11-20 09:12:47:966</date><id>0</id><type>bounding_box</type><polygon><username>anonymous</username><pt><x>3499</x><y>1831</y><time>03-11-20 09:12:43:694</time></pt><pt><x>4234</x><y>1831</y><time>03-11-20 09:12:45:739</time></pt><pt><x>4234</x><y>413</y><time>undefined</time></pt><pt><x>3499</x><y>413</y><time>undefined</time></pt><closed_date>03-11-20 09:12:45:740</closed_date></polygon></object></annotation>