<annotation><filename>m2_s03_219_p_ic019.jpg</filename><folder>users/joselusava//valeria/m2_sala03_219_ic</folder><source><submittedBy>Jose Saca</submittedBy></source><imagesize><nrows>2910</nrows><ncols>4361</ncols></imagesize><object><name>m2_s03_219_p_ic019</name><deleted>0</deleted><verified>0</verified><occluded>no</occluded><attributes></attributes><parts><hasparts></hasparts><ispartof></ispartof></parts><date>28-09-20 23:55:54:342</date><id>0</id><type>bounding_box</type><polygon><username>anonymous</username><pt><x>1036</x><y>143</y><time>28-09-20 23:55:39:392</time></pt><pt><x>3461</x><y>143</y><time>28-09-20 23:55:41:113</time></pt><pt><x>3461</x><y>2585</y><time>undefined</time></pt><pt><x>1036</x><y>2585</y><time>undefined</time></pt><closed_date>28-09-20 23:55:41:115</closed_date></polygon></object></annotation>