<annotation><filename>m1_s02_029_p_nic004.jpg</filename><folder>users/joselusava//museos2020</folder><source><submittedBy>Jose Saca</submittedBy></source><imagesize><nrows>3200</nrows><ncols>4800</ncols></imagesize><object><name>m1_s02_029_p_nic004</name><deleted>0</deleted><verified>0</verified><occluded>no</occluded><attributes></attributes><parts><hasparts></hasparts><ispartof></ispartof></parts><date>27-08-20 18:15:46:893</date><id>0</id><type>bounding_box</type><polygon><username>anonymous</username><pt><x>3882</x><y>2878</y><time>27-08-20 18:15:39:380</time></pt><pt><x>2717</x><y>2878</y><time>27-08-20 18:15:41:997</time></pt><pt><x>2717</x><y>1643</y><time>undefined</time></pt><pt><x>3882</x><y>1643</y><time>undefined</time></pt><closed_date>27-08-20 18:15:41:998</closed_date></polygon></object></annotation>