<annotation><filename>m4_s11_176_p_nic005.jpg</filename><folder>users/joselusava//m4_js/176/nic</folder><source><submittedBy>Jose Saca</submittedBy></source><imagesize><nrows>2970</nrows><ncols>4451</ncols></imagesize><object><name>m4_s11_176_p_nic005</name><deleted>0</deleted><verified>0</verified><occluded>no</occluded><attributes></attributes><parts><hasparts></hasparts><ispartof></ispartof></parts><date>15-10-20 11:22:36:993</date><id>0</id><type>bounding_box</type><polygon><username>anonymous</username><pt><x>2354</x><y>2115</y><time>15-10-20 11:22:34:415</time></pt><pt><x>4424</x><y>2115</y><time>15-10-20 11:22:36:360</time></pt><pt><x>4424</x><y>398</y><time>undefined</time></pt><pt><x>2354</x><y>398</y><time>undefined</time></pt><closed_date>15-10-20 11:22:36:360</closed_date></polygon></object></annotation>