<annotation><filename>m2_s03_248_p_ic011.jpg</filename><folder>users/joselusava//museos2020</folder><source><submittedBy>Jose Saca</submittedBy></source><imagesize><nrows>2910</nrows><ncols>4361</ncols></imagesize><object><name>m2_s03_248_p_ic011</name><deleted>0</deleted><verified>0</verified><occluded>no</occluded><attributes></attributes><parts><hasparts></hasparts><ispartof></ispartof></parts><date>27-09-20 07:57:55:457</date><id>0</id><polygon><username>anonymous</username><pt><x>276</x><y>591</y><time>27-09-20 07:57:37:127</time></pt><pt><x>816</x><y>2215</y><time>27-09-20 07:57:38:244</time></pt><pt><x>4343</x><y>1235</y><time>27-09-20 07:57:40:051</time></pt><pt><x>4318</x><y>652</y><time>27-09-20 07:57:41:267</time></pt><closed_date>27-09-20 07:57:42:607</closed_date></polygon></object></annotation>