<annotation><filename>m2_s01_010_p_ic092.jpg</filename><folder>users/joselusava//santiago</folder><source><submittedBy>Jose Saca</submittedBy></source><imagesize><nrows>2850</nrows><ncols>4271</ncols></imagesize><object><name>m2_s01_010_p_ic092</name><deleted>0</deleted><verified>0</verified><occluded>no</occluded><attributes></attributes><parts><hasparts></hasparts><ispartof></ispartof></parts><date>21-09-20 23:59:03:057</date><id>0</id><type>bounding_box</type><polygon><username>anonymous</username><pt><x>1099</x><y>373</y><time>21-09-20 23:58:53:523</time></pt><pt><x>3186</x><y>373</y><time>21-09-20 23:58:55:104</time></pt><pt><x>3186</x><y>2684</y><time>undefined</time></pt><pt><x>1099</x><y>2684</y><time>undefined</time></pt><closed_date>21-09-20 23:58:55:105</closed_date></polygon></object></annotation>