<annotation><filename>m4_s04_047_p.jpg</filename><folder>users/joselusava//kath/kath_m4_047</folder><source><submittedBy>Jose Saca</submittedBy></source><imagesize><nrows>2970</nrows><ncols>4451</ncols></imagesize><object><name>m4_s04_047_p</name><deleted>0</deleted><verified>0</verified><occluded>no</occluded><attributes></attributes><parts><hasparts></hasparts><ispartof></ispartof></parts><date>24-10-20 13:27:36:033</date><id>0</id><polygon><username>anonymous</username><pt><x>1582</x><y>290</y><time>24-10-20 13:27:01:658</time></pt><pt><x>1671</x><y>2747</y><time>24-10-20 13:27:04:360</time></pt><pt><x>2777</x><y>2770</y><time>24-10-20 13:27:06:714</time></pt><pt><x>2762</x><y>245</y><time>24-10-20 13:27:08:402</time></pt><closed_date>24-10-20 13:27:10:168</closed_date></polygon></object></annotation>