<annotation><filename>m3_s01_002_p_ic099.jpg</filename><folder>users/joselusava//santiago_3</folder><source><submittedBy>Jose Saca</submittedBy></source><imagesize><nrows>2970</nrows><ncols>4451</ncols></imagesize><object><name>m3_s01_002_p_ic099</name><deleted>0</deleted><verified>0</verified><occluded>no</occluded><attributes></attributes><parts><hasparts></hasparts><ispartof></ispartof></parts><date>29-10-20 13:43:06:344</date><id>0</id><type>bounding_box</type><polygon><username>anonymous</username><pt><x>782</x><y>596</y><time>29-10-20 13:43:02:744</time></pt><pt><x>3409</x><y>596</y><time>29-10-20 13:43:04:223</time></pt><pt><x>3409</x><y>2377</y><time>undefined</time></pt><pt><x>782</x><y>2377</y><time>undefined</time></pt><closed_date>29-10-20 13:43:04:224</closed_date></polygon></object></annotation>