<annotation><filename>m1_s02_065_p_ic039.jpg</filename><folder>users/joselusava//valeria/sala2_065_ic</folder><source><submittedBy>Jose Saca</submittedBy></source><imagesize><nrows>2000</nrows><ncols>2992</ncols></imagesize><object><name>m1_s02_065_p_ic039</name><deleted>0</deleted><verified>0</verified><occluded>no</occluded><attributes></attributes><parts><hasparts></hasparts><ispartof></ispartof></parts><date>25-08-20 23:28:15:965</date><id>0</id><type>bounding_box</type><polygon><username>anonymous</username><pt><x>138</x><y>245</y><time>25-08-20 23:28:07:448</time></pt><pt><x>2705</x><y>245</y><time>25-08-20 23:28:12:070</time></pt><pt><x>2705</x><y>1933</y><time>undefined</time></pt><pt><x>138</x><y>1933</y><time>undefined</time></pt><closed_date>25-08-20 23:28:12:072</closed_date></polygon></object></annotation>