<annotation><filename>m4_s05_052_p_ic057.jpg</filename><folder>users/joselusava//santiago_2</folder><source><submittedBy>Jose Saca</submittedBy></source><imagesize><nrows>2910</nrows><ncols>4361</ncols></imagesize><object><name>m4_s05_052_p_ic057</name><deleted>0</deleted><verified>0</verified><occluded>no</occluded><attributes></attributes><parts><hasparts></hasparts><ispartof></ispartof></parts><date>07-10-20 22:33:56:867</date><id>0</id><type>bounding_box</type><polygon><username>anonymous</username><pt><x>1327</x><y>644</y><time>07-10-20 22:33:53:557</time></pt><pt><x>2844</x><y>644</y><time>07-10-20 22:33:55:071</time></pt><pt><x>2844</x><y>2494</y><time>undefined</time></pt><pt><x>1327</x><y>2494</y><time>undefined</time></pt><closed_date>07-10-20 22:33:55:072</closed_date></polygon></object></annotation>