<annotation><filename>m4_s07_105_p_nic066.jpg</filename><folder>users/joselusava//kath/m4_105/nic</folder><source><submittedBy>Jose Saca</submittedBy></source><imagesize><nrows>2970</nrows><ncols>4451</ncols></imagesize><object><name>m4_s07_105_p_nic066</name><deleted>0</deleted><verified>0</verified><occluded>no</occluded><attributes></attributes><parts><hasparts></hasparts><ispartof></ispartof></parts><date>03-11-20 09:03:04:625</date><id>0</id><type>bounding_box</type><polygon><username>anonymous</username><pt><x>2999</x><y>1793</y><time>03-11-20 09:03:00:123</time></pt><pt><x>3902</x><y>1793</y><time>03-11-20 09:03:01:920</time></pt><pt><x>3902</x><y>586</y><time>undefined</time></pt><pt><x>2999</x><y>586</y><time>undefined</time></pt><closed_date>03-11-20 09:03:01:921</closed_date></polygon></object></annotation>