<annotation><filename>m4_s10_154_p_nic019.jpg</filename><folder>users/joselusava//valeria/m04_s10_154_nic</folder><source><submittedBy>Jose Saca</submittedBy></source><imagesize><nrows>2970</nrows><ncols>4451</ncols></imagesize><object><name>m4_s10_154_p_nic019</name><deleted>0</deleted><verified>0</verified><occluded>no</occluded><attributes></attributes><parts><hasparts></hasparts><ispartof></ispartof></parts><date>14-10-20 12:35:18:464</date><id>0</id><type>bounding_box</type><polygon><username>anonymous</username><pt><x>137</x><y>2542</y><time>14-10-20 12:35:13:579</time></pt><pt><x>1873</x><y>2542</y><time>14-10-20 12:35:15:458</time></pt><pt><x>1873</x><y>623</y><time>undefined</time></pt><pt><x>137</x><y>623</y><time>undefined</time></pt><closed_date>14-10-20 12:35:15:460</closed_date></polygon></object></annotation>