<annotation><filename>m4_s10_154_p_nic086.jpg</filename><folder>users/joselusava//valeria/m04_s10_154_nic</folder><source><submittedBy>Jose Saca</submittedBy></source><imagesize><nrows>2970</nrows><ncols>4451</ncols></imagesize><object><name>m4_s10_154_p_nic086</name><deleted>0</deleted><verified>0</verified><occluded>no</occluded><attributes></attributes><parts><hasparts></hasparts><ispartof></ispartof></parts><date>14-10-20 15:56:57:647</date><id>0</id><type>bounding_box</type><polygon><username>anonymous</username><pt><x>560</x><y>2422</y><time>14-10-20 15:56:52:729</time></pt><pt><x>1759</x><y>2422</y><time>14-10-20 15:56:54:233</time></pt><pt><x>1759</x><y>560</y><time>undefined</time></pt><pt><x>560</x><y>560</y><time>undefined</time></pt><closed_date>14-10-20 15:56:54:234</closed_date></polygon></object></annotation>