<annotation><filename>m2_s06_253_x.jpg</filename><folder>users/joselusava//museos2020</folder><source><submittedBy>Jose Saca</submittedBy></source><imagesize><nrows>2910</nrows><ncols>4361</ncols></imagesize><object><name>m2_s06_253_x</name><deleted>0</deleted><verified>0</verified><occluded>no</occluded><attributes></attributes><parts><hasparts></hasparts><ispartof></ispartof></parts><date>27-09-20 21:58:00:271</date><id>0</id><type>bounding_box</type><polygon><username>anonymous</username><pt><x>437</x><y>781</y><time>27-09-20 21:57:45:647</time></pt><pt><x>4267</x><y>781</y><time>27-09-20 21:57:51:519</time></pt><pt><x>4267</x><y>2259</y><time>undefined</time></pt><pt><x>437</x><y>2259</y><time>undefined</time></pt><closed_date>27-09-20 21:57:51:520</closed_date></polygon></object></annotation>