<annotation><filename>m4_s12_185_p_nic041.jpg</filename><folder>users/joselusava//valeria/m04_s12_185_nic</folder><source><submittedBy>Jose Saca</submittedBy></source><imagesize><nrows>2910</nrows><ncols>4361</ncols></imagesize><object><name>m4_s12_185_p_nic041</name><deleted>0</deleted><verified>0</verified><occluded>no</occluded><attributes></attributes><parts><hasparts></hasparts><ispartof></ispartof></parts><date>17-10-20 23:09:45:294</date><id>0</id><type>bounding_box</type><polygon><username>anonymous</username><pt><x>2921</x><y>2132</y><time>17-10-20 23:09:36:537</time></pt><pt><x>649</x><y>2132</y><time>17-10-20 23:09:40:510</time></pt><pt><x>649</x><y>39</y><time>undefined</time></pt><pt><x>2921</x><y>39</y><time>undefined</time></pt><closed_date>17-10-20 23:09:40:513</closed_date></polygon></object></annotation>