<annotation><filename>m2_s06_250_p_nic078.jpg</filename><folder>users/joselusava//m2_jsv/250</folder><source><submittedBy>Jose Saca</submittedBy></source><imagesize><nrows>2910</nrows><ncols>4361</ncols></imagesize><object><name>m2_s06_250_p_nic078</name><deleted>0</deleted><verified>0</verified><occluded>no</occluded><attributes></attributes><parts><hasparts></hasparts><ispartof></ispartof></parts><date>30-09-20 11:56:50:228</date><id>0</id><type>bounding_box</type><polygon><username>anonymous</username><pt><x>984</x><y>670</y><time>30-09-20 11:56:48:265</time></pt><pt><x>4335</x><y>670</y><time>30-09-20 11:56:49:584</time></pt><pt><x>4335</x><y>2194</y><time>undefined</time></pt><pt><x>984</x><y>2194</y><time>undefined</time></pt><closed_date>30-09-20 11:56:49:584</closed_date></polygon></object></annotation>