<annotation><filename>m2_s01_001_p_nic089.jpg</filename><folder>users/joselusava//santiago</folder><source><submittedBy>Jose Saca</submittedBy></source><imagesize><nrows>2850</nrows><ncols>4271</ncols></imagesize><object><name>m2_s01_001_p_nic089</name><deleted>0</deleted><verified>0</verified><occluded>no</occluded><attributes></attributes><parts><hasparts></hasparts><ispartof></ispartof></parts><date>19-09-20 23:41:00:249</date><id>0</id><type>bounding_box</type><polygon><username>anonymous</username><pt><x>494</x><y>606</y><time>19-09-20 23:40:48:334</time></pt><pt><x>1997</x><y>606</y><time>19-09-20 23:40:50:787</time></pt><pt><x>1997</x><y>2007</y><time>undefined</time></pt><pt><x>494</x><y>2007</y><time>undefined</time></pt><closed_date>19-09-20 23:40:50:788</closed_date></polygon></object></annotation>