<annotation><filename>m4_s02_021_p_nic051.jpg</filename><folder>users/joselusava//santiago_2</folder><source><submittedBy>Jose Saca</submittedBy></source><imagesize><nrows>2910</nrows><ncols>4361</ncols></imagesize><object><name>m4_s02_021_p_nic051</name><deleted>0</deleted><verified>0</verified><occluded>no</occluded><attributes></attributes><parts><hasparts></hasparts><ispartof></ispartof></parts><date>05-10-20 11:10:07:513</date><id>0</id><type>bounding_box</type><polygon><username>anonymous</username><pt><x>852</x><y>835</y><time>05-10-20 11:10:03:700</time></pt><pt><x>1815</x><y>835</y><time>05-10-20 11:10:05:476</time></pt><pt><x>1815</x><y>2519</y><time>undefined</time></pt><pt><x>852</x><y>2519</y><time>undefined</time></pt><closed_date>05-10-20 11:10:05:477</closed_date></polygon></object></annotation>