<annotation><filename>m4_s12_185_p_nic095.jpg</filename><folder>users/joselusava//valeria/m04_s12_185_nic</folder><source><submittedBy>Jose Saca</submittedBy></source><imagesize><nrows>2910</nrows><ncols>4361</ncols></imagesize><object><name>m4_s12_185_p_nic095</name><deleted>0</deleted><verified>0</verified><occluded>no</occluded><attributes></attributes><parts><hasparts></hasparts><ispartof></ispartof></parts><date>18-10-20 00:04:56:988</date><id>0</id><type>bounding_box</type><polygon><username>anonymous</username><pt><x>1651</x><y>2636</y><time>18-10-20 00:04:50:489</time></pt><pt><x>4292</x><y>2636</y><time>18-10-20 00:04:53:166</time></pt><pt><x>4292</x><y>358</y><time>undefined</time></pt><pt><x>1651</x><y>358</y><time>undefined</time></pt><closed_date>18-10-20 00:04:53:168</closed_date></polygon></object></annotation>