<annotation><filename>m3_s01_023_p_nic030.jpg</filename><folder>users/joselusava//santiago_3</folder><source><submittedBy>Jose Saca</submittedBy></source><imagesize><nrows>2970</nrows><ncols>4451</ncols></imagesize><object><name>m3_s01_023_p_nic030</name><deleted>0</deleted><verified>0</verified><occluded>no</occluded><attributes></attributes><parts><hasparts></hasparts><ispartof></ispartof></parts><date>06-11-20 09:15:42:166</date><id>0</id><type>bounding_box</type><polygon><username>anonymous</username><pt><x>1503</x><y>264</y><time>06-11-20 09:15:38:536</time></pt><pt><x>3141</x><y>264</y><time>06-11-20 09:15:39:810</time></pt><pt><x>3141</x><y>2056</y><time>undefined</time></pt><pt><x>1503</x><y>2056</y><time>undefined</time></pt><closed_date>06-11-20 09:15:39:811</closed_date></polygon></object></annotation>