<annotation><filename>m4_s10_164_p_nic095.jpg</filename><folder>users/joselusava//santiago_2</folder><source><submittedBy>Jose Saca</submittedBy></source><imagesize><nrows>2970</nrows><ncols>4451</ncols></imagesize><object><name>m4_s10_164_p_nic095</name><deleted>0</deleted><verified>0</verified><occluded>no</occluded><attributes></attributes><parts><hasparts></hasparts><ispartof></ispartof></parts><date>14-10-20 16:25:14:450</date><id>0</id><type>bounding_box</type><polygon><username>anonymous</username><pt><x>2663</x><y>2049</y><time>14-10-20 16:25:12:270</time></pt><pt><x>3341</x><y>2049</y><time>14-10-20 16:25:12:916</time></pt><pt><x>3341</x><y>2709</y><time>undefined</time></pt><pt><x>2663</x><y>2709</y><time>undefined</time></pt><closed_date>14-10-20 16:25:12:917</closed_date></polygon></object></annotation>