<annotation><filename>img_m1_s10_303_p_nic052.jpg</filename><folder>users/joselusava//santiago</folder><source><submittedBy>Jose Saca</submittedBy></source><imagesize><nrows>3200</nrows><ncols>4800</ncols></imagesize><object><name>m1_s10_303_p_nic052</name><deleted>0</deleted><verified>0</verified><occluded>no</occluded><attributes></attributes><parts><hasparts></hasparts><ispartof></ispartof></parts><date>01-09-20 22:00:22:777</date><id>0</id><type>bounding_box</type><polygon><username>anonymous</username><pt><x>1566</x><y>580</y><time>01-09-20 22:00:14:507</time></pt><pt><x>2304</x><y>580</y><time>01-09-20 22:00:16:009</time></pt><pt><x>2304</x><y>1335</y><time>undefined</time></pt><pt><x>1566</x><y>1335</y><time>undefined</time></pt><closed_date>01-09-20 22:00:16:010</closed_date></polygon></object></annotation>