<annotation><filename>m2_s06_250_p_ic027.jpg</filename><folder>users/joselusava//valeria/m2_sala06_250_ic</folder><source><submittedBy>Jose Saca</submittedBy></source><imagesize><nrows>2910</nrows><ncols>4361</ncols></imagesize><object><name>m2_s06_250_p_ic027</name><deleted>0</deleted><verified>0</verified><occluded>no</occluded><attributes></attributes><parts><hasparts></hasparts><ispartof></ispartof></parts><date>30-09-20 22:25:01:511</date><id>0</id><type>bounding_box</type><polygon><username>anonymous</username><pt><x>4051</x><y>2491</y><time>30-09-20 22:24:55:335</time></pt><pt><x>474</x><y>2491</y><time>30-09-20 22:24:57:779</time></pt><pt><x>474</x><y>788</y><time>undefined</time></pt><pt><x>4051</x><y>788</y><time>undefined</time></pt><closed_date>30-09-20 22:24:57:780</closed_date></polygon></object></annotation>