<annotation><filename>m4_s10_157_p.jpg</filename><folder>users/joselusava//valeria/m04_s10_157_ic</folder><source><submittedBy>Jose Saca</submittedBy></source><imagesize><nrows>2970</nrows><ncols>4451</ncols></imagesize><object><name>m4_s10_157_p</name><deleted>0</deleted><verified>0</verified><occluded>no</occluded><attributes></attributes><parts><hasparts></hasparts><ispartof></ispartof></parts><date>12-10-20 15:21:05:932</date><id>0</id><type>bounding_box</type><polygon><username>anonymous</username><pt><x>968</x><y>2784</y><time>12-10-20 15:15:58:405</time></pt><pt><x>3223</x><y>2784</y><time>12-10-20 15:16:00:964</time></pt><pt><x>3223</x><y>197</y><time>undefined</time></pt><pt><x>968</x><y>197</y><time>undefined</time></pt><closed_date>12-10-20 15:16:00:965</closed_date></polygon></object></annotation>