<annotation><filename>m1_s02_052_p_ic087.jpg</filename><folder>users/joselusava//valeria/sala2_052_ic</folder><source><submittedBy>Jose Saca</submittedBy></source><imagesize><nrows>3200</nrows><ncols>4800</ncols></imagesize><object><name>m1_s02_052_p_ic087</name><deleted>0</deleted><verified>0</verified><occluded>no</occluded><attributes></attributes><parts><hasparts></hasparts><ispartof></ispartof></parts><date>25-08-20 19:55:49:890</date><id>0</id><type>bounding_box</type><polygon><username>anonymous</username><pt><x>607</x><y>16</y><time>25-08-20 19:55:43:604</time></pt><pt><x>4354</x><y>16</y><time>25-08-20 19:55:46:237</time></pt><pt><x>4354</x><y>3109</y><time>undefined</time></pt><pt><x>607</x><y>3109</y><time>undefined</time></pt><closed_date>25-08-20 19:55:46:237</closed_date></polygon></object></annotation>