<annotation><filename>m2_s01_024_p_nic089.jpg</filename><folder>users/joselusava//santiago</folder><source><submittedBy>Jose Saca</submittedBy></source><imagesize><nrows>2850</nrows><ncols>4271</ncols></imagesize><object><name>m2_s01_024_p_nic089</name><deleted>0</deleted><verified>0</verified><occluded>no</occluded><attributes></attributes><parts><hasparts></hasparts><ispartof></ispartof></parts><date>25-09-20 15:53:20:490</date><id>0</id><type>bounding_box</type><polygon><username>anonymous</username><pt><x>3081</x><y>167</y><time>25-09-20 15:53:17:739</time></pt><pt><x>3924</x><y>167</y><time>25-09-20 15:53:18:450</time></pt><pt><x>3924</x><y>1471</y><time>undefined</time></pt><pt><x>3081</x><y>1471</y><time>undefined</time></pt><closed_date>25-09-20 15:53:18:451</closed_date></polygon></object></annotation>