<annotation><filename>m1_s02_036_p_nic059.jpg</filename><folder>users/joselusava//valeria/sala2_036_nic</folder><source><submittedBy>Jose Saca</submittedBy></source><imagesize><nrows>3200</nrows><ncols>4800</ncols></imagesize><object><name>m1_s02_036_p_nic058</name><deleted>0</deleted><verified>0</verified><occluded>no</occluded><attributes/><parts><hasparts/><ispartof/></parts><date>27-08-20 00:11:57:786</date><id>0</id><type>bounding_box</type><polygon><username>anonymous</username><pt><x>2872</x><y>150</y><time>27-08-20 00:11:50:315</time></pt><pt><x>4161</x><y>150</y><time>27-08-20 00:11:54:195</time></pt><pt><x>4161</x><y>1310</y><time>undefined</time></pt><pt><x>2872</x><y>1310</y><time>undefined</time></pt><closed_date>27-08-20 00:11:54:196</closed_date></polygon></object><object><name>m1_s02_036_p_nic059</name><deleted>0</deleted><verified>0</verified><occluded>no</occluded><attributes></attributes><parts><hasparts></hasparts><ispartof></ispartof></parts><date>27-08-20 00:40:56:458</date><id>1</id><type>bounding_box</type><polygon><username>anonymous</username><pt><x>2862</x><y>145</y><time>27-08-20 00:40:45:372</time></pt><pt><x>4150</x><y>145</y><time>27-08-20 00:40:47:963</time></pt><pt><x>4150</x><y>1337</y><time>undefined</time></pt><pt><x>2862</x><y>1337</y><time>undefined</time></pt><closed_date>27-08-20 00:40:47:964</closed_date></polygon></object></annotation>