<annotation><filename>m2_s01_001_p_ic013.jpg</filename><folder>users/joselusava//santiago</folder><source><submittedBy>Jose Saca</submittedBy></source><imagesize><nrows>2850</nrows><ncols>4271</ncols></imagesize><object><name>m2_s01_001_p_ic013</name><deleted>0</deleted><verified>0</verified><occluded>no</occluded><attributes></attributes><parts><hasparts></hasparts><ispartof></ispartof></parts><date>18-09-20 22:29:26:420</date><id>0</id><type>bounding_box</type><polygon><username>anonymous</username><pt><x>904</x><y>369</y><time>18-09-20 22:29:14:021</time></pt><pt><x>3491</x><y>369</y><time>18-09-20 22:29:16:441</time></pt><pt><x>3491</x><y>2651</y><time>undefined</time></pt><pt><x>904</x><y>2651</y><time>undefined</time></pt><closed_date>18-09-20 22:29:16:441</closed_date></polygon></object></annotation>