<annotation><filename>m4_s03_032_x.jpg</filename><folder>users/joselusava//kath/m4_x</folder><source><submittedBy>Jose Saca</submittedBy></source><imagesize><nrows>3899</nrows><ncols>5844</ncols></imagesize><object><name>m4_s03_032_x</name><deleted>0</deleted><verified>0</verified><occluded>no</occluded><attributes></attributes><parts><hasparts></hasparts><ispartof></ispartof></parts><date>24-10-20 12:14:07:674</date><id>0</id><polygon><username>anonymous</username><pt><x>1003</x><y>322</y><time>24-10-20 12:13:59:459</time></pt><pt><x>1199</x><y>3489</y><time>24-10-20 12:14:00:684</time></pt><pt><x>4606</x><y>3457</y><time>24-10-20 12:14:01:808</time></pt><pt><x>4713</x><y>271</y><time>24-10-20 12:14:03:368</time></pt><closed_date>24-10-20 12:14:04:693</closed_date></polygon></object></annotation>