<annotation><filename>m4_s10_164_p_nic059.jpg</filename><folder>users/joselusava//santiago_2</folder><source><submittedBy>Jose Saca</submittedBy></source><imagesize><nrows>2970</nrows><ncols>4451</ncols></imagesize><object><name>m4_s10_164_p_nic059</name><deleted>0</deleted><verified>0</verified><occluded>no</occluded><attributes></attributes><parts><hasparts></hasparts><ispartof></ispartof></parts><date>14-10-20 13:38:40:469</date><id>0</id><type>bounding_box</type><polygon><username>anonymous</username><pt><x>2228</x><y>1928</y><time>14-10-20 13:38:37:605</time></pt><pt><x>2745</x><y>1928</y><time>14-10-20 13:38:38:511</time></pt><pt><x>2745</x><y>2606</y><time>undefined</time></pt><pt><x>2228</x><y>2606</y><time>undefined</time></pt><closed_date>14-10-20 13:38:38:512</closed_date></polygon></object></annotation>