<annotation><filename>m1_s02_065_p_ic057.jpg</filename><folder>users/joselusava//valeria/sala2_065_ic</folder><source><submittedBy>Jose Saca</submittedBy></source><imagesize><nrows>2000</nrows><ncols>2992</ncols></imagesize><object><name>m1_s02_065_p_ic057</name><deleted>0</deleted><verified>0</verified><occluded>no</occluded><attributes></attributes><parts><hasparts></hasparts><ispartof></ispartof></parts><date>26-08-20 00:11:01:827</date><id>0</id><type>bounding_box</type><polygon><username>anonymous</username><pt><x>104</x><y>245</y><time>26-08-20 00:10:56:370</time></pt><pt><x>2560</x><y>245</y><time>26-08-20 00:10:58:529</time></pt><pt><x>2560</x><y>1889</y><time>undefined</time></pt><pt><x>104</x><y>1889</y><time>undefined</time></pt><closed_date>26-08-20 00:10:58:529</closed_date></polygon></object></annotation>