<annotation><filename>m4_s04_039_p_nic082.jpg</filename><folder>users/joselusava//santiago_2</folder><source><submittedBy>Jose Saca</submittedBy></source><imagesize><nrows>2970</nrows><ncols>4451</ncols></imagesize><object><name>m4_s04_039_p_nic082</name><deleted>0</deleted><verified>0</verified><occluded>no</occluded><attributes></attributes><parts><hasparts></hasparts><ispartof></ispartof></parts><date>21-10-20 22:15:59:632</date><id>0</id><type>bounding_box</type><polygon><username>anonymous</username><pt><x>1828</x><y>760</y><time>21-10-20 22:15:48:987</time></pt><pt><x>2584</x><y>760</y><time>21-10-20 22:15:50:421</time></pt><pt><x>2584</x><y>2859</y><time>undefined</time></pt><pt><x>1828</x><y>2859</y><time>undefined</time></pt><closed_date>21-10-20 22:15:50:422</closed_date></polygon></object></annotation>