<annotation><filename>m4_s05_055_p_ic037.jpg</filename><folder>users/joselusava//valeria/m4_s05_055_ic</folder><source><submittedBy>Jose Saca</submittedBy></source><imagesize><nrows>2910</nrows><ncols>4361</ncols></imagesize><object><name>m4_s05_055_p_ic037</name><deleted>0</deleted><verified>0</verified><occluded>no</occluded><attributes></attributes><parts><hasparts></hasparts><ispartof></ispartof></parts><date>08-10-20 22:18:02:457</date><id>0</id><type>bounding_box</type><polygon><username>anonymous</username><pt><x>1516</x><y>546</y><time>08-10-20 22:17:57:358</time></pt><pt><x>2965</x><y>546</y><time>08-10-20 22:17:59:489</time></pt><pt><x>2965</x><y>2348</y><time>undefined</time></pt><pt><x>1516</x><y>2348</y><time>undefined</time></pt><closed_date>08-10-20 22:17:59:490</closed_date></polygon></object></annotation>