<annotation><filename>m2_s01_010_p_ic090.jpg</filename><folder>users/joselusava//santiago</folder><source><submittedBy>Jose Saca</submittedBy></source><imagesize><nrows>2850</nrows><ncols>4271</ncols></imagesize><object><name>m2_s01_010_p_ic090</name><deleted>0</deleted><verified>0</verified><occluded>no</occluded><attributes></attributes><parts><hasparts></hasparts><ispartof></ispartof></parts><date>21-09-20 23:54:53:044</date><id>0</id><type>bounding_box</type><polygon><username>anonymous</username><pt><x>1235</x><y>234</y><time>21-09-20 23:54:44:864</time></pt><pt><x>3064</x><y>234</y><time>21-09-20 23:54:46:418</time></pt><pt><x>3064</x><y>2331</y><time>undefined</time></pt><pt><x>1235</x><y>2331</y><time>undefined</time></pt><closed_date>21-09-20 23:54:46:420</closed_date></polygon></object></annotation>