<annotation><filename>m2_s02_159_x.jpg</filename><folder>users/joselusava//m2_jsv</folder><source><submittedBy>Jose Saca</submittedBy></source><imagesize><nrows>2910</nrows><ncols>4361</ncols></imagesize><object><name>m2_s02_159_x</name><deleted>0</deleted><verified>0</verified><occluded>no</occluded><attributes></attributes><parts><hasparts></hasparts><ispartof></ispartof></parts><date>20-09-20 16:44:53:769</date><id>0</id><type>bounding_box</type><polygon><username>anonymous</username><pt><x>2916</x><y>2194</y><time>20-09-20 16:44:51:636</time></pt><pt><x>1367</x><y>2194</y><time>20-09-20 16:44:52:630</time></pt><pt><x>1367</x><y>749</y><time>undefined</time></pt><pt><x>2916</x><y>749</y><time>undefined</time></pt><closed_date>20-09-20 16:44:52:630</closed_date></polygon></object></annotation>