<annotation><filename>m2_s01_024_p_ic084.jpg</filename><folder>users/joselusava//santiago</folder><source><submittedBy>Jose Saca</submittedBy></source><imagesize><nrows>2850</nrows><ncols>4271</ncols></imagesize><object><name>m2_s01_024_p_ic084</name><deleted>0</deleted><verified>0</verified><occluded>no</occluded><attributes></attributes><parts><hasparts></hasparts><ispartof></ispartof></parts><date>24-09-20 23:01:06:718</date><id>0</id><type>bounding_box</type><polygon><username>anonymous</username><pt><x>1228</x><y>119</y><time>24-09-20 23:00:56:784</time></pt><pt><x>2953</x><y>119</y><time>24-09-20 23:01:00:281</time></pt><pt><x>2953</x><y>2831</y><time>undefined</time></pt><pt><x>1228</x><y>2831</y><time>undefined</time></pt><closed_date>24-09-20 23:01:00:282</closed_date></polygon></object></annotation>