<annotation><filename>m4_s09_138_p_nic039.jpg</filename><folder>users/joselusava//santiago_2</folder><source><submittedBy>Jose Saca</submittedBy></source><imagesize><nrows>2970</nrows><ncols>4451</ncols></imagesize><object><name>m4_s09_138_p_nic039</name><deleted>0</deleted><verified>0</verified><occluded>no</occluded><attributes></attributes><parts><hasparts></hasparts><ispartof></ispartof></parts><date>23-10-20 13:47:57:638</date><id>0</id><type>bounding_box</type><polygon><username>anonymous</username><pt><x>1878</x><y>743</y><time>23-10-20 13:47:54:102</time></pt><pt><x>4348</x><y>743</y><time>23-10-20 13:47:55:038</time></pt><pt><x>4348</x><y>1860</y><time>undefined</time></pt><pt><x>1878</x><y>1860</y><time>undefined</time></pt><closed_date>23-10-20 13:47:55:039</closed_date></polygon></object></annotation>