<annotation><filename>m1_s01_017_p_ic089.jpg</filename><folder>users/joselusava//santiago</folder><source><submittedBy>Jose Saca</submittedBy></source><imagesize><nrows>3200</nrows><ncols>4800</ncols></imagesize><object><name>m1_s01_017_p_ic089</name><deleted>0</deleted><verified>0</verified><occluded>no</occluded><attributes></attributes><parts><hasparts></hasparts><ispartof></ispartof></parts><date>10-09-20 23:15:12:893</date><id>0</id><type>bounding_box</type><polygon><username>anonymous</username><pt><x>1739</x><y>1325</y><time>10-09-20 23:15:04:943</time></pt><pt><x>3124</x><y>1325</y><time>10-09-20 23:15:07:267</time></pt><pt><x>3124</x><y>2516</y><time>undefined</time></pt><pt><x>1739</x><y>2516</y><time>undefined</time></pt><closed_date>10-09-20 23:15:07:268</closed_date></polygon></object></annotation>