<annotation><filename>m4_s12_185_p_nic053.jpg</filename><folder>users/joselusava//valeria/m04_s12_185_nic</folder><source><submittedBy>Jose Saca</submittedBy></source><imagesize><nrows>2910</nrows><ncols>4361</ncols></imagesize><object><name>m4_s12_185_p_nic053</name><deleted>0</deleted><verified>0</verified><occluded>no</occluded><attributes></attributes><parts><hasparts></hasparts><ispartof></ispartof></parts><date>17-10-20 23:21:17:705</date><id>0</id><type>bounding_box</type><polygon><username>anonymous</username><pt><x>2194</x><y>2233</y><time>17-10-20 23:21:12:699</time></pt><pt><x>4074</x><y>2233</y><time>17-10-20 23:21:14:712</time></pt><pt><x>4074</x><y>252</y><time>undefined</time></pt><pt><x>2194</x><y>252</y><time>undefined</time></pt><closed_date>17-10-20 23:21:14:713</closed_date></polygon></object></annotation>