<annotation><filename>m2_s01_032_p_nic051.jpg</filename><folder>users/joselusava//santiago_2</folder><source><submittedBy>Jose Saca</submittedBy></source><imagesize><nrows>2850</nrows><ncols>4271</ncols></imagesize><object><name>m2_s01_032_p_nic051</name><deleted>0</deleted><verified>0</verified><occluded>no</occluded><attributes></attributes><parts><hasparts></hasparts><ispartof></ispartof></parts><date>30-09-20 20:49:32:334</date><id>0</id><type>bounding_box</type><polygon><username>anonymous</username><pt><x>2314</x><y>299</y><time>30-09-20 20:49:27:783</time></pt><pt><x>3064</x><y>299</y><time>30-09-20 20:49:30:278</time></pt><pt><x>3064</x><y>1259</y><time>undefined</time></pt><pt><x>2314</x><y>1259</y><time>undefined</time></pt><closed_date>30-09-20 20:49:30:280</closed_date></polygon></object></annotation>