<annotation><filename>m2_s06_244_p_nic038.jpg</filename><folder>users/joselusava//museos2020</folder><source><submittedBy>Jose Saca</submittedBy></source><imagesize><nrows>2910</nrows><ncols>4361</ncols></imagesize><object><name>m2_s06_244_p_ic038</name><deleted>0</deleted><verified>0</verified><occluded>no</occluded><attributes></attributes><parts><hasparts></hasparts><ispartof></ispartof></parts><date>25-09-20 18:50:22:565</date><id>0</id><type>bounding_box</type><polygon><username>anonymous</username><pt><x>2389</x><y>590</y><time>25-09-20 18:50:16:603</time></pt><pt><x>3970</x><y>590</y><time>25-09-20 18:50:17:920</time></pt><pt><x>3970</x><y>1255</y><time>undefined</time></pt><pt><x>2389</x><y>1255</y><time>undefined</time></pt><closed_date>25-09-20 18:50:17:921</closed_date></polygon></object></annotation>