<annotation><filename>m4_s04_037_p_nic037.jpg</filename><folder>users/joselusava//santiago_2</folder><source><submittedBy>Jose Saca</submittedBy></source><imagesize><nrows>2970</nrows><ncols>4451</ncols></imagesize><object><name>m4_s04_037_p_nic037</name><deleted>0</deleted><verified>0</verified><occluded>no</occluded><attributes></attributes><parts><hasparts></hasparts><ispartof></ispartof></parts><date>19-10-20 22:16:25:538</date><id>0</id><type>bounding_box</type><polygon><username>anonymous</username><pt><x>485</x><y>810</y><time>19-10-20 22:16:15:632</time></pt><pt><x>1303</x><y>810</y><time>19-10-20 22:16:16:894</time></pt><pt><x>1303</x><y>1910</y><time>undefined</time></pt><pt><x>485</x><y>1910</y><time>undefined</time></pt><closed_date>19-10-20 22:16:16:895</closed_date></polygon></object></annotation>