<annotation><filename>m1_s06_141_p_nic096.jpg</filename><folder>users/joselusava//jacob_2/141nic</folder><source><submittedBy>Jose Saca</submittedBy></source><imagesize><nrows>2736</nrows><ncols>4100</ncols></imagesize><object><name>m1_s06_141_p_nic096</name><deleted>0</deleted><verified>0</verified><occluded>no</occluded><attributes></attributes><parts><hasparts></hasparts><ispartof></ispartof></parts><date>06-09-20 01:27:04:451</date><id>0</id><type>bounding_box</type><polygon><username>anonymous</username><pt><x>3692</x><y>1899</y><time>06-09-20 01:27:00:437</time></pt><pt><x>2543</x><y>1899</y><time>06-09-20 01:27:03:507</time></pt><pt><x>2543</x><y>302</y><time>undefined</time></pt><pt><x>3692</x><y>302</y><time>undefined</time></pt><closed_date>06-09-20 01:27:03:507</closed_date></polygon></object></annotation>