<annotation><filename>m4_s10_154_p_ic038.jpg</filename><folder>users/joselusava//valeria/m04_s10_154_ic</folder><source><submittedBy>Jose Saca</submittedBy></source><imagesize><nrows>2970</nrows><ncols>4451</ncols></imagesize><object><name>m4_s10_154_p_ic038</name><deleted>0</deleted><verified>0</verified><occluded>no</occluded><attributes></attributes><parts><hasparts></hasparts><ispartof></ispartof></parts><date>13-10-20 22:00:00:657</date><id>0</id><type>bounding_box</type><polygon><username>anonymous</username><pt><x>1742</x><y>2753</y><time>13-10-20 21:57:49:142</time></pt><pt><x>3044</x><y>2753</y><time>13-10-20 21:57:51:169</time></pt><pt><x>3044</x><y>223</y><time>undefined</time></pt><pt><x>1742</x><y>223</y><time>undefined</time></pt><closed_date>13-10-20 21:57:51:170</closed_date></polygon></object></annotation>