<annotation><filename>m4_s06_081_x.jpg</filename><folder>users/joselusava//kath/m4_x</folder><source><submittedBy>Jose Saca</submittedBy></source><imagesize><nrows>2970</nrows><ncols>4451</ncols></imagesize><object><name>m4_s06_081_x</name><deleted>0</deleted><verified>0</verified><occluded>no</occluded><attributes></attributes><parts><hasparts></hasparts><ispartof></ispartof></parts><date>20-10-20 09:45:46:649</date><id>0</id><polygon><username>anonymous</username><pt><x>1437</x><y>207</y><time>20-10-20 09:45:39:317</time></pt><pt><x>3157</x><y>231</y><time>20-10-20 09:45:40:361</time></pt><pt><x>3244</x><y>2903</y><time>20-10-20 09:45:41:542</time></pt><pt><x>1101</x><y>2831</y><time>20-10-20 09:45:42:696</time></pt><closed_date>20-10-20 09:45:43:802</closed_date></polygon></object></annotation>