<annotation><filename>m1_s02_029_p_ic098.jpg</filename><folder>users/joselusava//valeria/sala2_029_ic</folder><source><submittedBy>Jose Saca</submittedBy></source><imagesize><nrows>3200</nrows><ncols>4800</ncols></imagesize><object><name>m1_s02_029_p_ic098</name><deleted>0</deleted><verified>0</verified><occluded>no</occluded><attributes></attributes><parts><hasparts></hasparts><ispartof></ispartof></parts><date>22-08-20 21:39:19:301</date><id>0</id><type>bounding_box</type><polygon><username>anonymous</username><pt><x>1638</x><y>311</y><time>22-08-20 21:39:12:751</time></pt><pt><x>2974</x><y>311</y><time>22-08-20 21:39:15:412</time></pt><pt><x>2974</x><y>2609</y><time>undefined</time></pt><pt><x>1638</x><y>2609</y><time>undefined</time></pt><closed_date>22-08-20 21:39:15:413</closed_date></polygon></object></annotation>