<annotation><filename>m2_s02_112_x.jpg</filename><folder>users/joselusava//m2_jsv</folder><source><submittedBy>Jose Saca</submittedBy></source><imagesize><nrows>2910</nrows><ncols>4361</ncols></imagesize><object><name>m2_s02_112_x</name><deleted>0</deleted><verified>0</verified><occluded>no</occluded><attributes></attributes><parts><hasparts></hasparts><ispartof></ispartof></parts><date>19-09-20 23:24:13:119</date><id>0</id><type>bounding_box</type><polygon><username>anonymous</username><pt><x>3221</x><y>2498</y><time>19-09-20 23:24:10:920</time></pt><pt><x>1201</x><y>2498</y><time>19-09-20 23:24:12:262</time></pt><pt><x>1201</x><y>479</y><time>undefined</time></pt><pt><x>3221</x><y>479</y><time>undefined</time></pt><closed_date>19-09-20 23:24:12:263</closed_date></polygon></object></annotation>