<annotation><filename>m4_s07_105_p_nic096.jpg</filename><folder>users/joselusava//kath/m4_105/nic</folder><source><submittedBy>Jose Saca</submittedBy></source><imagesize><nrows>2970</nrows><ncols>4451</ncols></imagesize><object><name>m4_s07_105_p_nic096</name><deleted>0</deleted><verified>0</verified><occluded>no</occluded><attributes></attributes><parts><hasparts></hasparts><ispartof></ispartof></parts><date>05-11-20 13:57:16:396</date><id>0</id><type>bounding_box</type><polygon><username>anonymous</username><pt><x>2835</x><y>2850</y><time>05-11-20 13:57:11:090</time></pt><pt><x>1932</x><y>2850</y><time>05-11-20 13:57:12:643</time></pt><pt><x>1932</x><y>1423</y><time>undefined</time></pt><pt><x>2835</x><y>1423</y><time>undefined</time></pt><closed_date>05-11-20 13:57:12:644</closed_date></polygon></object></annotation>