<annotation><filename>m3_s01_023_p_nic019.jpg</filename><folder>users/joselusava//santiago_3</folder><source><submittedBy>Jose Saca</submittedBy></source><imagesize><nrows>2970</nrows><ncols>4451</ncols></imagesize><object><name>m3_s01_023_p_nic019</name><deleted>0</deleted><verified>0</verified><occluded>no</occluded><attributes></attributes><parts><hasparts></hasparts><ispartof></ispartof></parts><date>06-11-20 08:59:03:633</date><id>0</id><type>bounding_box</type><polygon><username>anonymous</username><pt><x>693</x><y>985</y><time>06-11-20 08:58:59:835</time></pt><pt><x>3191</x><y>985</y><time>06-11-20 08:59:01:343</time></pt><pt><x>3191</x><y>2774</y><time>undefined</time></pt><pt><x>693</x><y>2774</y><time>undefined</time></pt><closed_date>06-11-20 08:59:01:345</closed_date></polygon></object></annotation>