<annotation><filename>m1_s02_029_p_ic036.jpg</filename><folder>users/joselusava//valeria/sala2_029_ic</folder><source><submittedBy>Jose Saca</submittedBy></source><imagesize><nrows>3200</nrows><ncols>4800</ncols></imagesize><object><name>m1_s02_029_p_ic036</name><deleted>0</deleted><verified>0</verified><occluded>no</occluded><attributes></attributes><parts><hasparts></hasparts><ispartof></ispartof></parts><date>22-08-20 19:09:56:241</date><id>0</id><type>bounding_box</type><polygon><username>anonymous</username><pt><x>1310</x><y>64</y><time>22-08-20 19:09:38:989</time></pt><pt><x>3248</x><y>64</y><time>22-08-20 19:09:44:605</time></pt><pt><x>3248</x><y>3012</y><time>undefined</time></pt><pt><x>1310</x><y>3012</y><time>undefined</time></pt><closed_date>22-08-20 19:09:44:605</closed_date></polygon></object></annotation>