<annotation><filename>m4_s06_070_x.jpg</filename><folder>users/joselusava//kath/m4_x</folder><source><submittedBy>Jose Saca</submittedBy></source><imagesize><nrows>2970</nrows><ncols>4451</ncols></imagesize><object><name>m4_s06_070_x</name><deleted>0</deleted><verified>0</verified><occluded>no</occluded><attributes></attributes><parts><hasparts></hasparts><ispartof></ispartof></parts><date>20-10-20 09:37:26:865</date><id>0</id><polygon><username>anonymous</username><pt><x>1125</x><y>120</y><time>20-10-20 09:37:19:949</time></pt><pt><x>928</x><y>2610</y><time>20-10-20 09:37:21:049</time></pt><pt><x>3460</x><y>2528</y><time>20-10-20 09:37:22:002</time></pt><pt><x>3157</x><y>43</y><time>20-10-20 09:37:23:081</time></pt><closed_date>20-10-20 09:37:24:550</closed_date></polygon></object></annotation>