<annotation><filename>m2_s01_054_p_ic047.jpg</filename><folder>users/joselusava//kath</folder><source><submittedBy>Jose Saca</submittedBy></source><imagesize><nrows>2850</nrows><ncols>4271</ncols></imagesize><object><name>m2_s01_054_p_ic047</name><deleted>0</deleted><verified>0</verified><occluded>no</occluded><attributes></attributes><parts><hasparts></hasparts><ispartof></ispartof></parts><date>29-09-20 23:25:48:277</date><id>0</id><type>bounding_box</type><polygon><username>anonymous</username><pt><x>1102</x><y>246</y><time>29-09-20 23:25:41:430</time></pt><pt><x>2759</x><y>246</y><time>29-09-20 23:25:45:063</time></pt><pt><x>2759</x><y>2639</y><time>undefined</time></pt><pt><x>1102</x><y>2639</y><time>undefined</time></pt><closed_date>29-09-20 23:25:45:064</closed_date></polygon></object></annotation>