<annotation><filename>m2_s06_244_p.jpg</filename><folder>users/joselusava//museos2020</folder><source><submittedBy>Jose Saca</submittedBy></source><imagesize><nrows>2910</nrows><ncols>4361</ncols></imagesize><object><name>m2_s06_244_p</name><deleted>0</deleted><verified>0</verified><occluded>no</occluded><attributes></attributes><parts><hasparts></hasparts><ispartof></ispartof></parts><date>22-09-20 11:42:39:910</date><id>0</id><polygon><username>anonymous</username><pt><x>1104</x><y>1011</y><time>22-09-20 11:42:20:179</time></pt><pt><x>466</x><y>2258</y><time>22-09-20 11:42:21:737</time></pt><pt><x>3620</x><y>2286</y><time>22-09-20 11:42:23:544</time></pt><pt><x>3118</x><y>1025</y><time>22-09-20 11:42:25:000</time></pt><closed_date>22-09-20 11:42:26:512</closed_date></polygon></object></annotation>