<annotation><filename>m2_s03_252_p_nic007.jpg</filename><folder>users/joselusava//valeria/m2_sala03_252_nic</folder><source><submittedBy>Jose Saca</submittedBy></source><imagesize><nrows>2910</nrows><ncols>4361</ncols></imagesize><object><name>m2_s06_252_p_nic007</name><deleted>0</deleted><verified>0</verified><occluded>no</occluded><attributes></attributes><parts><hasparts></hasparts><ispartof></ispartof></parts><date>26-09-20 18:19:26:563</date><id>0</id><type>bounding_box</type><polygon><username>anonymous</username><pt><x>3687</x><y>1276</y><time>26-09-20 18:19:17:717</time></pt><pt><x>2164</x><y>1276</y><time>26-09-20 18:19:20:764</time></pt><pt><x>2164</x><y>378</y><time>undefined</time></pt><pt><x>3687</x><y>378</y><time>undefined</time></pt><closed_date>26-09-20 18:19:20:766</closed_date></polygon></object></annotation>