<annotation><filename>m2_s01_034_p_nic097.jpg</filename><folder>users/joselusava//kath</folder><source><submittedBy>Jose Saca</submittedBy></source><imagesize><nrows>2850</nrows><ncols>4271</ncols></imagesize><object><name>m2_s01_034_p_nic097</name><deleted>0</deleted><verified>0</verified><occluded>no</occluded><attributes></attributes><parts><hasparts></hasparts><ispartof></ispartof></parts><date>25-09-20 21:27:42:636</date><id>0</id><polygon><username>anonymous</username><pt><x>186</x><y>258</y><time>25-09-20 21:27:31:008</time></pt><pt><x>422</x><y>1797</y><time>25-09-20 21:27:35:445</time></pt><pt><x>1332</x><y>1482</y><time>25-09-20 21:27:37:152</time></pt><pt><x>1189</x><y>158</y><time>25-09-20 21:27:38:219</time></pt><closed_date>25-09-20 21:27:39:300</closed_date></polygon></object></annotation>