<annotation><filename>m2_s01_034_p_nic013.jpg</filename><folder>users/joselusava//kath</folder><source><submittedBy>Jose Saca</submittedBy></source><imagesize><nrows>2850</nrows><ncols>4271</ncols></imagesize><object><name>m2_s01_034_p_nic013</name><deleted>0</deleted><verified>0</verified><occluded>no</occluded><attributes></attributes><parts><hasparts></hasparts><ispartof></ispartof></parts><date>25-09-20 17:32:02:955</date><id>0</id><type>bounding_box</type><polygon><username>anonymous</username><pt><x>358</x><y>995</y><time>25-09-20 17:31:54:767</time></pt><pt><x>1446</x><y>995</y><time>25-09-20 17:31:59:898</time></pt><pt><x>1446</x><y>2478</y><time>undefined</time></pt><pt><x>358</x><y>2478</y><time>undefined</time></pt><closed_date>25-09-20 17:31:59:899</closed_date></polygon></object></annotation>