<annotation><filename>m2_s01_018_p_ic099.jpg</filename><folder>users/joselusava//santiago_2</folder><source><submittedBy>Jose Saca</submittedBy></source><imagesize><nrows>2850</nrows><ncols>4271</ncols></imagesize><object><name>m2_s01_018_p_ic099</name><deleted>0</deleted><verified>0</verified><occluded>no</occluded><attributes></attributes><parts><hasparts></hasparts><ispartof></ispartof></parts><date>28-09-20 18:54:37:669</date><id>0</id><type>bounding_box</type><polygon><username>anonymous</username><pt><x>1648</x><y>769</y><time>28-09-20 18:54:30:726</time></pt><pt><x>2693</x><y>769</y><time>28-09-20 18:54:31:648</time></pt><pt><x>2693</x><y>2023</y><time>undefined</time></pt><pt><x>1648</x><y>2023</y><time>undefined</time></pt><closed_date>28-09-20 18:54:31:648</closed_date></polygon></object></annotation>