<annotation><filename>m1_s01_017_p_ic042.jpg</filename><folder>users/joselusava//santiago</folder><source><submittedBy>Jose Saca</submittedBy></source><imagesize><nrows>3200</nrows><ncols>4800</ncols></imagesize><object><name>m1_s01_017_p_ic042</name><deleted>0</deleted><verified>0</verified><occluded>no</occluded><attributes></attributes><parts><hasparts></hasparts><ispartof></ispartof></parts><date>10-09-20 22:14:52:985</date><id>0</id><type>bounding_box</type><polygon><username>anonymous</username><pt><x>1379</x><y>932</y><time>10-09-20 22:14:43:457</time></pt><pt><x>3517</x><y>932</y><time>10-09-20 22:14:46:783</time></pt><pt><x>3517</x><y>2135</y><time>undefined</time></pt><pt><x>1379</x><y>2135</y><time>undefined</time></pt><closed_date>10-09-20 22:14:46:784</closed_date></polygon></object></annotation>