<annotation><filename>m2_s05_236_p_nic042.jpg</filename><folder>users/joselusava//museos2020</folder><source><submittedBy>Jose Saca</submittedBy></source><imagesize><nrows>2910</nrows><ncols>4361</ncols></imagesize><object><name>m2_s05_236_p_nic042</name><deleted>0</deleted><verified>0</verified><occluded>no</occluded><attributes></attributes><parts><hasparts></hasparts><ispartof></ispartof></parts><date>17-09-20 07:50:07:531</date><id>0</id><type>bounding_box</type><polygon><username>anonymous</username><pt><x>121</x><y>414</y><time>17-09-20 07:50:00:116</time></pt><pt><x>2645</x><y>414</y><time>17-09-20 07:50:01:503</time></pt><pt><x>2645</x><y>2329</y><time>undefined</time></pt><pt><x>121</x><y>2329</y><time>undefined</time></pt><closed_date>17-09-20 07:50:01:504</closed_date></polygon></object></annotation>