<annotation><filename>m1_s01_017_p_nic075.jpg</filename><folder>users/joselusava//santiago</folder><source><submittedBy>Jose Saca</submittedBy></source><imagesize><nrows>3200</nrows><ncols>4800</ncols></imagesize><object><name>m1_s01_017_p_nic075</name><deleted>0</deleted><verified>0</verified><occluded>no</occluded><attributes></attributes><parts><hasparts></hasparts><ispartof></ispartof></parts><date>11-09-20 19:46:07:740</date><id>0</id><type>bounding_box</type><polygon><username>anonymous</username><pt><x>3045</x><y>1379</y><time>11-09-20 19:46:01:215</time></pt><pt><x>3625</x><y>1379</y><time>11-09-20 19:46:02:302</time></pt><pt><x>3625</x><y>1760</y><time>undefined</time></pt><pt><x>3045</x><y>1760</y><time>undefined</time></pt><closed_date>11-09-20 19:46:02:303</closed_date></polygon></object></annotation>