<annotation><filename>m3_s01_010_p_ic063.jpg</filename><folder>users/joselusava//m4_js/m3/10/ic</folder><source><submittedBy>Jose Saca</submittedBy></source><imagesize><nrows>2970</nrows><ncols>4451</ncols></imagesize><object><name>m3_s01_010_p_ic063</name><deleted>0</deleted><verified>0</verified><occluded>no</occluded><attributes></attributes><parts><hasparts></hasparts><ispartof></ispartof></parts><date>29-10-20 13:15:11:218</date><id>0</id><type>bounding_box</type><polygon><username>anonymous</username><pt><x>3088</x><y>2715</y><time>29-10-20 13:15:09:053</time></pt><pt><x>1097</x><y>2715</y><time>29-10-20 13:15:10:249</time></pt><pt><x>1097</x><y>351</y><time>undefined</time></pt><pt><x>3088</x><y>351</y><time>undefined</time></pt><closed_date>29-10-20 13:15:10:250</closed_date></polygon></object></annotation>