<annotation><filename>m3_s01_018_p_ic074.jpg</filename><folder>users/joselusava//m4_js/18/ic</folder><source><submittedBy>Jose Saca</submittedBy></source><imagesize><nrows>2970</nrows><ncols>4451</ncols></imagesize><object><name>m3_s01_018_p_ic074</name><deleted>0</deleted><verified>0</verified><occluded>no</occluded><attributes></attributes><parts><hasparts></hasparts><ispartof></ispartof></parts><date>05-11-20 14:32:18:144</date><id>0</id><type>bounding_box</type><polygon><username>anonymous</username><pt><x>3525</x><y>2809</y><time>05-11-20 14:32:15:969</time></pt><pt><x>568</x><y>2809</y><time>05-11-20 14:32:17:524</time></pt><pt><x>568</x><y>200</y><time>undefined</time></pt><pt><x>3525</x><y>200</y><time>undefined</time></pt><closed_date>05-11-20 14:32:17:524</closed_date></polygon></object></annotation>