<annotation><filename>m4_s06_089_p_nic017.jpg</filename><folder>users/joselusava//santiago_2</folder><source><submittedBy>Jose Saca</submittedBy></source><imagesize><nrows>2970</nrows><ncols>4451</ncols></imagesize><object><name>m4_s06_089_p_nic017</name><deleted>0</deleted><verified>0</verified><occluded>no</occluded><attributes></attributes><parts><hasparts></hasparts><ispartof></ispartof></parts><date>12-10-20 20:47:05:453</date><id>0</id><type>bounding_box</type><polygon><username>anonymous</username><pt><x>2495</x><y>418</y><time>12-10-20 20:47:00:453</time></pt><pt><x>4044</x><y>418</y><time>12-10-20 20:47:02:381</time></pt><pt><x>4044</x><y>2199</y><time>undefined</time></pt><pt><x>2495</x><y>2199</y><time>undefined</time></pt><closed_date>12-10-20 20:47:02:381</closed_date></polygon></object></annotation>