<annotation><filename>m1_s02_065_p_nic023.jpg</filename><folder>users/joselusava//valeria/sala2_065_nic</folder><source><submittedBy>Jose Saca</submittedBy></source><imagesize><nrows>2000</nrows><ncols>2992</ncols></imagesize><object><name>m1_s02_065_p_nic023</name><deleted>0</deleted><verified>0</verified><occluded>no</occluded><attributes></attributes><parts><hasparts></hasparts><ispartof></ispartof></parts><date>27-08-20 22:25:09:400</date><id>0</id><type>bounding_box</type><polygon><username>anonymous</username><pt><x>2644</x><y>1812</y><time>27-08-20 22:25:03:496</time></pt><pt><x>1081</x><y>1812</y><time>27-08-20 22:25:05:649</time></pt><pt><x>1081</x><y>1084</y><time>undefined</time></pt><pt><x>2644</x><y>1084</y><time>undefined</time></pt><closed_date>27-08-20 22:25:05:650</closed_date></polygon></object></annotation>