<annotation><filename>m1_s06_144_p_nic004.jpg</filename><folder>users/joselusava//jacob_2/144nic</folder><source><submittedBy>Jose Saca</submittedBy></source><imagesize><nrows>2736</nrows><ncols>4100</ncols></imagesize><object><name>m1_s06_144_p_nic004</name><deleted>0</deleted><verified>0</verified><occluded>no</occluded><attributes></attributes><parts><hasparts></hasparts><ispartof></ispartof></parts><date>08-09-20 01:51:17:692</date><id>0</id><type>bounding_box</type><polygon><username>anonymous</username><pt><x>3683</x><y>1817</y><time>08-09-20 01:51:15:342</time></pt><pt><x>1931</x><y>1817</y><time>08-09-20 01:51:17:002</time></pt><pt><x>1931</x><y>442</y><time>undefined</time></pt><pt><x>3683</x><y>442</y><time>undefined</time></pt><closed_date>08-09-20 01:51:17:002</closed_date></polygon></object></annotation>