<annotation><filename>m2_s01_034_p_nic035.jpg</filename><folder>users/joselusava//kath</folder><source><submittedBy>Jose Saca</submittedBy></source><imagesize><nrows>2850</nrows><ncols>4271</ncols></imagesize><object><name>m2_s01_034_p_nic035</name><deleted>0</deleted><verified>0</verified><occluded>no</occluded><attributes></attributes><parts><hasparts></hasparts><ispartof></ispartof></parts><date>25-09-20 19:48:35:515</date><id>0</id><type>bounding_box</type><polygon><username>anonymous</username><pt><x>286</x><y>637</y><time>25-09-20 19:48:28:967</time></pt><pt><x>1332</x><y>637</y><time>25-09-20 19:48:32:000</time></pt><pt><x>1332</x><y>2098</y><time>undefined</time></pt><pt><x>286</x><y>2098</y><time>undefined</time></pt><closed_date>25-09-20 19:48:32:001</closed_date></polygon></object></annotation>