<annotation><filename>m2_s02_190_p_ic083.jpg</filename><folder>users/joselusava//m2_jsv/190/ic</folder><source><submittedBy>Jose Saca</submittedBy></source><imagesize><nrows>2910</nrows><ncols>4361</ncols></imagesize><object><name>m2_s02_190_p_ic083</name><deleted>0</deleted><verified>0</verified><occluded>no</occluded><attributes></attributes><parts><hasparts></hasparts><ispartof></ispartof></parts><date>21-09-20 14:42:43:199</date><id>0</id><type>bounding_box</type><polygon><username>anonymous</username><pt><x>1274</x><y>277</y><time>21-09-20 14:42:40:139</time></pt><pt><x>3156</x><y>277</y><time>21-09-20 14:42:42:460</time></pt><pt><x>3156</x><y>2696</y><time>undefined</time></pt><pt><x>1274</x><y>2696</y><time>undefined</time></pt><closed_date>21-09-20 14:42:42:460</closed_date></polygon></object></annotation>