<annotation><filename>m2_s01_056_p_ic043.jpg</filename><folder>users/joselusava//m2_jsv/56/ic</folder><source><submittedBy>Jose Saca</submittedBy></source><imagesize><nrows>2850</nrows><ncols>4271</ncols></imagesize><object><name>m2_s01_056_p_ic043</name><deleted>0</deleted><verified>0</verified><occluded>no</occluded><attributes></attributes><parts><hasparts></hasparts><ispartof></ispartof></parts><date>28-09-20 21:40:01:657</date><id>0</id><type>bounding_box</type><polygon><username>anonymous</username><pt><x>3210</x><y>2802</y><time>28-09-20 21:39:59:851</time></pt><pt><x>1070</x><y>2802</y><time>28-09-20 21:40:00:941</time></pt><pt><x>1070</x><y>51</y><time>undefined</time></pt><pt><x>3210</x><y>51</y><time>undefined</time></pt><closed_date>28-09-20 21:40:00:941</closed_date></polygon></object></annotation>