<annotation><filename>m2_s05_236_p_ic022.jpg</filename><folder>users/joselusava//museos2020</folder><source><submittedBy>Jose Saca</submittedBy></source><imagesize><nrows>2910</nrows><ncols>4361</ncols></imagesize><object><name>m2_s05_236_p_ic022</name><deleted>0</deleted><verified>0</verified><occluded>no</occluded><attributes></attributes><parts><hasparts></hasparts><ispartof></ispartof></parts><date>16-09-20 18:09:50:385</date><id>0</id><type>bounding_box</type><polygon><username>anonymous</username><pt><x>200</x><y>121</y><time>16-09-20 18:09:39:221</time></pt><pt><x>4044</x><y>121</y><time>16-09-20 18:09:43:862</time></pt><pt><x>4044</x><y>2826</y><time>undefined</time></pt><pt><x>200</x><y>2826</y><time>undefined</time></pt><closed_date>16-09-20 18:09:43:863</closed_date></polygon></object></annotation>