<annotation><filename>m2_s01_010_p_ic015.jpg</filename><folder>users/joselusava//santiago</folder><source><submittedBy>Jose Saca</submittedBy></source><imagesize><nrows>2850</nrows><ncols>4271</ncols></imagesize><object><name>m2_s01_010_p_ic015</name><deleted>0</deleted><verified>0</verified><occluded>no</occluded><attributes></attributes><parts><hasparts></hasparts><ispartof></ispartof></parts><date>21-09-20 15:14:25:365</date><id>0</id><type>bounding_box</type><polygon><username>anonymous</username><pt><x>1298</x><y>426</y><time>21-09-20 15:14:16:279</time></pt><pt><x>2904</x><y>426</y><time>21-09-20 15:14:18:847</time></pt><pt><x>2904</x><y>2190</y><time>undefined</time></pt><pt><x>1298</x><y>2190</y><time>undefined</time></pt><closed_date>21-09-20 15:14:18:848</closed_date></polygon></object></annotation>