<annotation><filename>m4_s03_025_p_ic075.jpg</filename><folder>users/joselusava//m4_js/m3/25</folder><source><submittedBy>Jose Saca</submittedBy></source><imagesize><nrows>2910</nrows><ncols>4361</ncols></imagesize><object><name>m4_s03_025_p_ic075</name><deleted>0</deleted><verified>0</verified><occluded>no</occluded><attributes></attributes><parts><hasparts></hasparts><ispartof></ispartof></parts><date>09-11-20 11:17:45:685</date><id>0</id><type>bounding_box</type><polygon><username>anonymous</username><pt><x>4196</x><y>244</y><time>09-11-20 11:17:43:836</time></pt><pt><x>670</x><y>244</y><time>09-11-20 11:17:44:976</time></pt><pt><x>670</x><y>2324</y><time>undefined</time></pt><pt><x>4196</x><y>2324</y><time>undefined</time></pt><closed_date>09-11-20 11:17:44:976</closed_date></polygon></object></annotation>