<annotation><filename>m1_s06_144_p_nic064.jpg</filename><folder>users/joselusava//jacob_2/144nic</folder><source><submittedBy>Jose Saca</submittedBy></source><imagesize><nrows>2736</nrows><ncols>4100</ncols></imagesize><object><name>m1_s06_144_p_nic064</name><deleted>0</deleted><verified>0</verified><occluded>no</occluded><attributes></attributes><parts><hasparts></hasparts><ispartof></ispartof></parts><date>08-09-20 02:22:29:522</date><id>0</id><type>bounding_box</type><polygon><username>anonymous</username><pt><x>2185</x><y>2545</y><time>08-09-20 02:22:27:076</time></pt><pt><x>573</x><y>2545</y><time>08-09-20 02:22:28:821</time></pt><pt><x>573</x><y>1121</y><time>undefined</time></pt><pt><x>2185</x><y>1121</y><time>undefined</time></pt><closed_date>08-09-20 02:22:28:821</closed_date></polygon></object></annotation>