<annotation><filename>img_m1_s10_303_p_nic019.jpg</filename><folder>users/joselusava//santiago</folder><source><submittedBy>Jose Saca</submittedBy></source><imagesize><nrows>3200</nrows><ncols>4800</ncols></imagesize><object><name>m1_s10_303_p_nic019</name><deleted>0</deleted><verified>0</verified><occluded>no</occluded><attributes></attributes><parts><hasparts></hasparts><ispartof></ispartof></parts><date>01-09-20 20:01:44:340</date><id>0</id><type>bounding_box</type><polygon><username>anonymous</username><pt><x>673</x><y>2088</y><time>01-09-20 20:01:36:464</time></pt><pt><x>2243</x><y>2088</y><time>01-09-20 20:01:37:840</time></pt><pt><x>2243</x><y>2919</y><time>undefined</time></pt><pt><x>673</x><y>2919</y><time>undefined</time></pt><closed_date>01-09-20 20:01:37:841</closed_date></polygon></object></annotation>