<annotation><filename>m1_s01_004_p_nic017.jpg</filename><folder>users/joselusava//valeria_apoyo/sala01_004_nic</folder><source><submittedBy>Jose Saca</submittedBy></source><imagesize><nrows>3200</nrows><ncols>4800</ncols></imagesize><object><name>m1_s01_004_p_nic017</name><deleted>0</deleted><verified>0</verified><occluded>no</occluded><attributes></attributes><parts><hasparts></hasparts><ispartof></ispartof></parts><date>16-09-20 18:06:13:205</date><id>0</id><type>bounding_box</type><polygon><username>anonymous</username><pt><x>4576</x><y>1000</y><time>16-09-20 18:05:56:968</time></pt><pt><x>1588</x><y>1000</y><time>16-09-20 18:05:59:835</time></pt><pt><x>1588</x><y>212</y><time>undefined</time></pt><pt><x>4576</x><y>212</y><time>undefined</time></pt><closed_date>16-09-20 18:05:59:836</closed_date></polygon></object></annotation>