<annotation><filename>m4_s05_055_p_nic030.jpg</filename><folder>users/joselusava//valeria/m4_s05_055_nic</folder><source><submittedBy>Jose Saca</submittedBy></source><imagesize><nrows>2910</nrows><ncols>4361</ncols></imagesize><object><name>m4_s05_055_p_nic030</name><deleted>0</deleted><verified>0</verified><occluded>no</occluded><attributes></attributes><parts><hasparts></hasparts><ispartof></ispartof></parts><date>09-10-20 17:15:02:193</date><id>0</id><type>bounding_box</type><polygon><username>anonymous</username><pt><x>2425</x><y>2800</y><time>09-10-20 17:14:53:704</time></pt><pt><x>3957</x><y>2800</y><time>09-10-20 17:14:57:038</time></pt><pt><x>3957</x><y>1246</y><time>undefined</time></pt><pt><x>2425</x><y>1246</y><time>undefined</time></pt><closed_date>09-10-20 17:14:57:039</closed_date></polygon></object></annotation>