<annotation><filename>m4_s05_055_p_nic038.jpg</filename><folder>users/joselusava//valeria/m4_s05_055_nic</folder><source><submittedBy>Jose Saca</submittedBy></source><imagesize><nrows>2910</nrows><ncols>4361</ncols></imagesize><object><name>m4_s05_055_p_nic038</name><deleted>0</deleted><verified>0</verified><occluded>no</occluded><attributes></attributes><parts><hasparts></hasparts><ispartof></ispartof></parts><date>09-10-20 17:22:52:957</date><id>0</id><type>bounding_box</type><polygon><username>anonymous</username><pt><x>2811</x><y>1742</y><time>09-10-20 17:22:47:782</time></pt><pt><x>4051</x><y>1742</y><time>09-10-20 17:22:49:918</time></pt><pt><x>4051</x><y>187</y><time>undefined</time></pt><pt><x>2811</x><y>187</y><time>undefined</time></pt><closed_date>09-10-20 17:22:49:919</closed_date></polygon></object></annotation>