<annotation><filename>m2_s06_250_p_ic043.jpg</filename><folder>users/joselusava//valeria/m2_sala06_250_ic</folder><source><submittedBy>Jose Saca</submittedBy></source><imagesize><nrows>2910</nrows><ncols>4361</ncols></imagesize><object><name>m2_s06_250_p_ic043</name><deleted>0</deleted><verified>0</verified><occluded>no</occluded><attributes></attributes><parts><hasparts></hasparts><ispartof></ispartof></parts><date>30-09-20 23:31:34:235</date><id>0</id><type>bounding_box</type><polygon><username>anonymous</username><pt><x>3208</x><y>2596</y><time>30-09-20 23:31:26:078</time></pt><pt><x>209</x><y>2596</y><time>30-09-20 23:31:29:981</time></pt><pt><x>209</x><y>524</y><time>undefined</time></pt><pt><x>3208</x><y>524</y><time>undefined</time></pt><closed_date>30-09-20 23:31:29:982</closed_date></polygon></object></annotation>