<annotation><filename>m1_s06_144_p_ic100.jpg</filename><folder>users/joselusava//jacob_2/144ic</folder><source><submittedBy>Jose Saca</submittedBy></source><imagesize><nrows>2736</nrows><ncols>4100</ncols></imagesize><object><name>m1_s06_144_p_ic100</name><deleted>0</deleted><verified>0</verified><occluded>no</occluded><attributes></attributes><parts><hasparts></hasparts><ispartof></ispartof></parts><date>08-09-20 01:48:12:295</date><id>0</id><type>bounding_box</type><polygon><username>anonymous</username><pt><x>2995</x><y>2463</y><time>08-09-20 01:48:09:903</time></pt><pt><x>835</x><y>2463</y><time>08-09-20 01:48:11:426</time></pt><pt><x>835</x><y>450</y><time>undefined</time></pt><pt><x>2995</x><y>450</y><time>undefined</time></pt><closed_date>08-09-20 01:48:11:426</closed_date></polygon></object></annotation>