<annotation><filename>m2_s03_219_p_nic044.jpg</filename><folder>users/joselusava//valeria/m2_sala03_219_nic</folder><source><submittedBy>Jose Saca</submittedBy></source><imagesize><nrows>2910</nrows><ncols>4361</ncols></imagesize><object><name>m2_s03_219_p_nic044</name><deleted>0</deleted><verified>0</verified><occluded>no</occluded><attributes></attributes><parts><hasparts></hasparts><ispartof></ispartof></parts><date>29-09-20 17:59:51:443</date><id>0</id><type>bounding_box</type><polygon><username>anonymous</username><pt><x>3412</x><y>2690</y><time>29-09-20 17:59:46:326</time></pt><pt><x>2144</x><y>2690</y><time>29-09-20 17:59:48:037</time></pt><pt><x>2144</x><y>1053</y><time>undefined</time></pt><pt><x>3412</x><y>1053</y><time>undefined</time></pt><closed_date>29-09-20 17:59:48:038</closed_date></polygon></object></annotation>