<annotation><filename>m2_s01_032_p_ic076.jpg</filename><folder>users/joselusava//santiago_2</folder><source><submittedBy>Jose Saca</submittedBy></source><imagesize><nrows>2850</nrows><ncols>4271</ncols></imagesize><object><name>m2_s01_032_p_ic076</name><deleted>0</deleted><verified>0</verified><occluded>no</occluded><attributes></attributes><parts><hasparts></hasparts><ispartof></ispartof></parts><date>30-09-20 16:57:03:168</date><id>0</id><type>bounding_box</type><polygon><username>anonymous</username><pt><x>1234</x><y>147</y><time>30-09-20 16:56:57:457</time></pt><pt><x>3148</x><y>147</y><time>30-09-20 16:57:00:999</time></pt><pt><x>3148</x><y>2779</y><time>undefined</time></pt><pt><x>1234</x><y>2779</y><time>undefined</time></pt><closed_date>30-09-20 16:57:01:000</closed_date></polygon></object></annotation>