<annotation><filename>m4_s03_025_p_nic001.jpg</filename><folder>users/joselusava//santiago_3</folder><source><submittedBy>Jose Saca</submittedBy></source><imagesize><nrows>2910</nrows><ncols>4361</ncols></imagesize><object><name>m4_s03_025_p_nic001</name><deleted>0</deleted><verified>0</verified><occluded>no</occluded><attributes></attributes><parts><hasparts></hasparts><ispartof></ispartof></parts><date>07-11-20 22:57:11:542</date><id>0</id><type>bounding_box</type><polygon><username>anonymous</username><pt><x>1885</x><y>1270</y><time>07-11-20 22:57:07:981</time></pt><pt><x>4170</x><y>1270</y><time>07-11-20 22:57:09:600</time></pt><pt><x>4170</x><y>2609</y><time>undefined</time></pt><pt><x>1885</x><y>2609</y><time>undefined</time></pt><closed_date>07-11-20 22:57:09:602</closed_date></polygon></object></annotation>