<annotation><filename>m2_s06_250_p_nic099.jpg</filename><folder>users/joselusava//m2_jsv/250</folder><source><submittedBy>Jose Saca</submittedBy></source><imagesize><nrows>2910</nrows><ncols>4361</ncols></imagesize><object><name>m2_s06_250_p_nic099</name><deleted>0</deleted><verified>0</verified><occluded>no</occluded><attributes></attributes><parts><hasparts></hasparts><ispartof></ispartof></parts><date>30-09-20 12:04:37:648</date><id>0</id><type>bounding_box</type><polygon><username>anonymous</username><pt><x>3081</x><y>435</y><time>30-09-20 12:04:35:494</time></pt><pt><x>61</x><y>435</y><time>30-09-20 12:04:36:882</time></pt><pt><x>61</x><y>2246</y><time>undefined</time></pt><pt><x>3081</x><y>2246</y><time>undefined</time></pt><closed_date>30-09-20 12:04:36:883</closed_date></polygon></object></annotation>