<annotation><filename>m2_s07_264_p_nic037.jpg</filename><folder>users/joselusava//valeria/sala7_264_nic</folder><source><submittedBy>Jose Saca</submittedBy></source><imagesize><nrows>2910</nrows><ncols>4361</ncols></imagesize><object><name>m2_s07_264_p_nic037</name><deleted>0</deleted><verified>0</verified><occluded>no</occluded><attributes></attributes><parts><hasparts></hasparts><ispartof></ispartof></parts><date>23-09-20 20:03:25:039</date><id>0</id><type>bounding_box</type><polygon><username>anonymous</username><pt><x>204</x><y>1951</y><time>23-09-20 20:03:19:885</time></pt><pt><x>1510</x><y>1951</y><time>23-09-20 20:03:21:919</time></pt><pt><x>1510</x><y>187</y><time>undefined</time></pt><pt><x>204</x><y>187</y><time>undefined</time></pt><closed_date>23-09-20 20:03:21:920</closed_date></polygon></object></annotation>