<annotation><filename>m2_s02_092_x.jpg</filename><folder>users/joselusava//m2_jsv</folder><source><submittedBy>Jose Saca</submittedBy></source><imagesize><nrows>2910</nrows><ncols>4361</ncols></imagesize><object><name>m2_s02_092_x</name><deleted>0</deleted><verified>0</verified><occluded>no</occluded><attributes></attributes><parts><hasparts></hasparts><ispartof></ispartof></parts><date>19-09-20 23:13:06:791</date><id>0</id><type>bounding_box</type><polygon><username>anonymous</username><pt><x>1558</x><y>609</y><time>19-09-20 23:13:04:828</time></pt><pt><x>2690</x><y>609</y><time>19-09-20 23:13:06:265</time></pt><pt><x>2690</x><y>2281</y><time>undefined</time></pt><pt><x>1558</x><y>2281</y><time>undefined</time></pt><closed_date>19-09-20 23:13:06:266</closed_date></polygon></object></annotation>