<annotation><filename>m2_s06_250_p_nic051.jpg</filename><folder>users/joselusava//m2_jsv/250</folder><source><submittedBy>Jose Saca</submittedBy></source><imagesize><nrows>2910</nrows><ncols>4361</ncols></imagesize><object><name>m2_s06_250_p_nic051</name><deleted>0</deleted><verified>0</verified><occluded>no</occluded><attributes></attributes><parts><hasparts></hasparts><ispartof></ispartof></parts><date>30-09-20 11:45:07:520</date><id>0</id><type>bounding_box</type><polygon><username>anonymous</username><pt><x>4126</x><y>1532</y><time>30-09-20 11:45:05:465</time></pt><pt><x>1306</x><y>1532</y><time>30-09-20 11:45:06:818</time></pt><pt><x>1306</x><y>2899</y><time>undefined</time></pt><pt><x>4126</x><y>2899</y><time>undefined</time></pt><closed_date>30-09-20 11:45:06:818</closed_date></polygon></object></annotation>