<annotation><filename>m2_s03_219_p_nic046.jpg</filename><folder>users/joselusava//valeria/m2_sala03_219_nic</folder><source><submittedBy>Jose Saca</submittedBy></source><imagesize><nrows>2910</nrows><ncols>4361</ncols></imagesize><object><name>m2_s03_219_p_nic046</name><deleted>0</deleted><verified>0</verified><occluded>no</occluded><attributes></attributes><parts><hasparts></hasparts><ispartof></ispartof></parts><date>29-09-20 18:03:37:830</date><id>0</id><type>bounding_box</type><polygon><username>anonymous</username><pt><x>2838</x><y>2673</y><time>29-09-20 18:03:29:087</time></pt><pt><x>3913</x><y>2673</y><time>29-09-20 18:03:31:037</time></pt><pt><x>3913</x><y>882</y><time>undefined</time></pt><pt><x>2838</x><y>882</y><time>undefined</time></pt><closed_date>29-09-20 18:03:31:038</closed_date></polygon></object></annotation>