<annotation><filename>m2_s02_190_p_nic027.jpg</filename><folder>users/joselusava//m2_jsv/190/nic</folder><source><submittedBy>Jose Saca</submittedBy></source><imagesize><nrows>2910</nrows><ncols>4361</ncols></imagesize><object><name>m2_s02_190_p_nic027</name><deleted>0</deleted><verified>0</verified><occluded>no</occluded><attributes></attributes><parts><hasparts></hasparts><ispartof></ispartof></parts><date>21-09-20 14:59:47:550</date><id>0</id><type>bounding_box</type><polygon><username>anonymous</username><pt><x>2777</x><y>2855</y><time>21-09-20 14:59:45:345</time></pt><pt><x>1619</x><y>2855</y><time>21-09-20 14:59:46:821</time></pt><pt><x>1619</x><y>1523</y><time>undefined</time></pt><pt><x>2777</x><y>1523</y><time>undefined</time></pt><closed_date>21-09-20 14:59:46:822</closed_date></polygon></object></annotation>