<annotation><filename>m4_s02_021_p_nic061.jpg</filename><folder>users/joselusava//santiago_2</folder><source><submittedBy>Jose Saca</submittedBy></source><imagesize><nrows>2910</nrows><ncols>4361</ncols></imagesize><object><name>m4_s02_021_p_nic061</name><deleted>0</deleted><verified>0</verified><occluded>no</occluded><attributes></attributes><parts><hasparts></hasparts><ispartof></ispartof></parts><date>05-10-20 11:16:52:556</date><id>0</id><type>bounding_box</type><polygon><username>anonymous</username><pt><x>2695</x><y>142</y><time>05-10-20 11:16:49:396</time></pt><pt><x>3620</x><y>142</y><time>05-10-20 11:16:50:845</time></pt><pt><x>3620</x><y>1905</y><time>undefined</time></pt><pt><x>2695</x><y>1905</y><time>undefined</time></pt><closed_date>05-10-20 11:16:50:846</closed_date></polygon></object></annotation>