<annotation><filename>m1_s06_168_p_nic099.jpg</filename><folder>users/joselusava//jacob_2/168nic</folder><source><submittedBy>Jose Saca</submittedBy></source><imagesize><nrows>2736</nrows><ncols>4100</ncols></imagesize><object><name>m1_s06_168_p_nic099</name><deleted>0</deleted><verified>0</verified><occluded>no</occluded><attributes></attributes><parts><hasparts></hasparts><ispartof></ispartof></parts><date>09-09-20 11:04:20:408</date><id>0</id><type>bounding_box</type><polygon><username>anonymous</username><pt><x>671</x><y>2030</y><time>09-09-20 11:04:17:943</time></pt><pt><x>1694</x><y>2030</y><time>09-09-20 11:04:19:667</time></pt><pt><x>1694</x><y>417</y><time>undefined</time></pt><pt><x>671</x><y>417</y><time>undefined</time></pt><closed_date>09-09-20 11:04:19:668</closed_date></polygon></object></annotation>