<annotation><filename>img_m1_s03-04_101_p_nic086.jpg</filename><folder>users/joselusava//valeria/sala3y4_101_nic</folder><source><submittedBy>Jose Saca</submittedBy></source><imagesize><nrows>3200</nrows><ncols>4800</ncols></imagesize><object><name>m1_s03_s04_101_p_nic086</name><deleted>0</deleted><verified>0</verified><occluded>no</occluded><attributes></attributes><parts><hasparts></hasparts><ispartof></ispartof></parts><date>30-08-20 01:17:33:128</date><id>0</id><type>bounding_box</type><polygon><username>anonymous</username><pt><x>3139</x><y>1988</y><time>30-08-20 01:17:25:675</time></pt><pt><x>24</x><y>1988</y><time>30-08-20 01:17:29:634</time></pt><pt><x>24</x><y>691</y><time>undefined</time></pt><pt><x>3139</x><y>691</y><time>undefined</time></pt><closed_date>30-08-20 01:17:29:636</closed_date></polygon></object></annotation>