<annotation><filename>m1_s06_141_p_ic053.jpg</filename><folder>users/joselusava//jacob_2/141ic</folder><source><submittedBy>Jose Saca</submittedBy></source><imagesize><nrows>2736</nrows><ncols>4100</ncols></imagesize><object><name>m1_s06_141_p_ic053</name><deleted>0</deleted><verified>0</verified><occluded>no</occluded><attributes></attributes><parts><hasparts></hasparts><ispartof></ispartof></parts><date>04-09-20 22:53:17:051</date><id>0</id><type>bounding_box</type><polygon><username>anonymous</username><pt><x>900</x><y>7</y><time>04-09-20 22:53:13:633</time></pt><pt><x>2997</x><y>7</y><time>04-09-20 22:53:16:166</time></pt><pt><x>2997</x><y>2510</y><time>undefined</time></pt><pt><x>900</x><y>2510</y><time>undefined</time></pt><closed_date>04-09-20 22:53:16:166</closed_date></polygon></object></annotation>