<annotation><filename>m2_s02_085_p_ic085.jpg</filename><folder>users/joselusava//m2_jsv/85/ic</folder><source><submittedBy>Jose Saca</submittedBy></source><imagesize><nrows>2910</nrows><ncols>4361</ncols></imagesize><object><name>m2_s02_085_p_ic085</name><deleted>0</deleted><verified>0</verified><occluded>no</occluded><attributes></attributes><parts><hasparts></hasparts><ispartof></ispartof></parts><date>17-09-20 20:08:40:784</date><id>0</id><type>bounding_box</type><polygon><username>anonymous</username><pt><x>1184</x><y>418</y><time>17-09-20 20:08:39:158</time></pt><pt><x>3325</x><y>418</y><time>17-09-20 20:08:40:313</time></pt><pt><x>3325</x><y>2411</y><time>undefined</time></pt><pt><x>1184</x><y>2411</y><time>undefined</time></pt><closed_date>17-09-20 20:08:40:313</closed_date></polygon></object></annotation>