<annotation><filename>m1_s01_017_p_ic019.jpg</filename><folder>users/joselusava//santiago</folder><source><submittedBy>Jose Saca</submittedBy></source><imagesize><nrows>3200</nrows><ncols>4800</ncols></imagesize><object><name>m1_s01_017_p_ic019</name><deleted>0</deleted><verified>0</verified><occluded>no</occluded><attributes></attributes><parts><hasparts></hasparts><ispartof></ispartof></parts><date>10-09-20 14:21:56:099</date><id>0</id><type>bounding_box</type><polygon><username>anonymous</username><pt><x>1807</x><y>972</y><time>10-09-20 14:21:45:750</time></pt><pt><x>3218</x><y>972</y><time>10-09-20 14:21:48:066</time></pt><pt><x>3218</x><y>2066</y><time>undefined</time></pt><pt><x>1807</x><y>2066</y><time>undefined</time></pt><closed_date>10-09-20 14:21:48:068</closed_date></polygon></object></annotation>