<annotation><filename>m1_s02_052_p_ic019.jpg</filename><folder>users/joselusava//valeria/sala2_052_ic</folder><source><submittedBy>Jose Saca</submittedBy></source><imagesize><nrows>3200</nrows><ncols>4800</ncols></imagesize><object><name>m1_s02_052_p_ic019</name><deleted>0</deleted><verified>0</verified><occluded>no</occluded><attributes></attributes><parts><hasparts></hasparts><ispartof></ispartof></parts><date>25-08-20 16:11:03:366</date><id>0</id><type>bounding_box</type><polygon><username>anonymous</username><pt><x>209</x><y>5</y><time>25-08-20 16:10:54:100</time></pt><pt><x>3828</x><y>5</y><time>25-08-20 16:10:59:641</time></pt><pt><x>3828</x><y>2330</y><time>undefined</time></pt><pt><x>209</x><y>2330</y><time>undefined</time></pt><closed_date>25-08-20 16:10:59:642</closed_date></polygon></object></annotation>