<annotation><filename>m2_s05_236_p_ic012.jpg</filename><folder>users/joselusava//museos2020</folder><source><submittedBy>Jose Saca</submittedBy></source><imagesize><nrows>2910</nrows><ncols>4361</ncols></imagesize><object><name>m2_s05_236_p_ic012</name><deleted>0</deleted><verified>0</verified><occluded>no</occluded><attributes></attributes><parts><hasparts></hasparts><ispartof></ispartof></parts><date>16-09-20 17:58:29:942</date><id>0</id><type>bounding_box</type><polygon><username>anonymous</username><pt><x>223</x><y>126</y><time>16-09-20 17:58:20:921</time></pt><pt><x>4342</x><y>126</y><time>16-09-20 17:58:23:252</time></pt><pt><x>4342</x><y>2761</y><time>undefined</time></pt><pt><x>223</x><y>2761</y><time>undefined</time></pt><closed_date>16-09-20 17:58:23:253</closed_date></polygon></object></annotation>