<annotation><filename>m2_s02_200_x.jpg</filename><folder>users/joselusava//m2_jsv</folder><source><submittedBy>Jose Saca</submittedBy></source><imagesize><nrows>2910</nrows><ncols>4361</ncols></imagesize><object><name>m2_s02_200_x</name><deleted>0</deleted><verified>0</verified><occluded>no</occluded><attributes></attributes><parts><hasparts></hasparts><ispartof></ispartof></parts><date>20-09-20 17:06:36:724</date><id>0</id><type>bounding_box</type><polygon><username>anonymous</username><pt><x>3395</x><y>2429</y><time>20-09-20 17:06:34:572</time></pt><pt><x>1132</x><y>2429</y><time>20-09-20 17:06:36:113</time></pt><pt><x>1132</x><y>836</y><time>undefined</time></pt><pt><x>3395</x><y>836</y><time>undefined</time></pt><closed_date>20-09-20 17:06:36:113</closed_date></polygon></object></annotation>