<annotation><filename>m4_s10_165_x.jpg</filename><folder>users/joselusava//kath/m4_x</folder><source><submittedBy>Jose Saca</submittedBy></source><imagesize><nrows>2970</nrows><ncols>4451</ncols></imagesize><object><name>m4_s10_165_x</name><deleted>0</deleted><verified>0</verified><occluded>no</occluded><attributes></attributes><parts><hasparts></hasparts><ispartof></ispartof></parts><date>21-10-20 12:17:11:322</date><id>0</id><polygon><username>anonymous</username><pt><x>884</x><y>466</y><time>21-10-20 12:16:55:051</time></pt><pt><x>875</x><y>2816</y><time>21-10-20 12:16:56:197</time></pt><pt><x>3263</x><y>2831</y><time>21-10-20 12:16:57:163</time></pt><pt><x>3258</x><y>457</y><time>21-10-20 12:16:58:614</time></pt><closed_date>21-10-20 12:17:00:139</closed_date></polygon></object></annotation>