<annotation><filename>m2_s03_201_p_nic050.jpg</filename><folder>users/joselusava//valeria/m2_sala03_201_nic</folder><source><submittedBy>Jose Saca</submittedBy></source><imagesize><nrows>2910</nrows><ncols>4361</ncols></imagesize><object><name>m2_s03_201_p_nic050</name><deleted>0</deleted><verified>0</verified><occluded>no</occluded><attributes></attributes><parts><hasparts></hasparts><ispartof></ispartof></parts><date>29-09-20 23:25:22:530</date><id>0</id><type>bounding_box</type><polygon><username>anonymous</username><pt><x>2370</x><y>2596</y><time>29-09-20 23:25:13:964</time></pt><pt><x>4222</x><y>2596</y><time>29-09-20 23:25:19:165</time></pt><pt><x>4222</x><y>750</y><time>undefined</time></pt><pt><x>2370</x><y>750</y><time>undefined</time></pt><closed_date>29-09-20 23:25:19:166</closed_date></polygon></object></annotation>