<annotation><filename>m4_s04_045_p_ic094.jpg</filename><folder>users/joselusava//valeria/m04_s04_45_ic</folder><source><submittedBy>Jose Saca</submittedBy></source><imagesize><nrows>2970</nrows><ncols>4451</ncols></imagesize><object><name>m4_s04_045_p_ic094</name><deleted>0</deleted><verified>0</verified><occluded>no</occluded><attributes></attributes><parts><hasparts></hasparts><ispartof></ispartof></parts><date>19-10-20 23:52:20:178</date><id>0</id><type>bounding_box</type><polygon><username>anonymous</username><pt><x>1639</x><y>2633</y><time>19-10-20 23:52:11:302</time></pt><pt><x>2896</x><y>2633</y><time>19-10-20 23:52:13:862</time></pt><pt><x>2896</x><y>263</y><time>undefined</time></pt><pt><x>1639</x><y>263</y><time>undefined</time></pt><closed_date>19-10-20 23:52:13:863</closed_date></polygon></object></annotation>