<annotation><filename>m2_s01_032_p_ic066.jpg</filename><folder>users/joselusava//santiago_2</folder><source><submittedBy>Jose Saca</submittedBy></source><imagesize><nrows>2850</nrows><ncols>4271</ncols></imagesize><object><name>m2_s01_032_p_ic066</name><deleted>0</deleted><verified>0</verified><occluded>no</occluded><attributes></attributes><parts><hasparts></hasparts><ispartof></ispartof></parts><date>30-09-20 16:47:24:329</date><id>0</id><type>bounding_box</type><polygon><username>anonymous</username><pt><x>1282</x><y>375</y><time>30-09-20 16:47:20:282</time></pt><pt><x>2824</x><y>375</y><time>30-09-20 16:47:22:389</time></pt><pt><x>2824</x><y>2414</y><time>undefined</time></pt><pt><x>1282</x><y>2414</y><time>undefined</time></pt><closed_date>30-09-20 16:47:22:390</closed_date></polygon></object></annotation>