<annotation><filename>m2_s01_024_p_nic091.jpg</filename><folder>users/joselusava//santiago</folder><source><submittedBy>Jose Saca</submittedBy></source><imagesize><nrows>2850</nrows><ncols>4271</ncols></imagesize><object><name>m2_s01_024_p_nic091</name><deleted>0</deleted><verified>0</verified><occluded>no</occluded><attributes></attributes><parts><hasparts></hasparts><ispartof></ispartof></parts><date>25-09-20 15:54:21:846</date><id>0</id><type>bounding_box</type><polygon><username>anonymous</username><pt><x>3017</x><y>58</y><time>25-09-20 15:54:14:557</time></pt><pt><x>3962</x><y>58</y><time>25-09-20 15:54:15:235</time></pt><pt><x>3962</x><y>1891</y><time>undefined</time></pt><pt><x>3017</x><y>1891</y><time>undefined</time></pt><closed_date>25-09-20 15:54:15:235</closed_date></polygon></object></annotation>