<annotation><filename>m1_s02_029_p_ic012.jpg</filename><folder>users/joselusava//valeria/sala2_029_ic</folder><source><submittedBy>Jose Saca</submittedBy></source><imagesize><nrows>2000</nrows><ncols>2992</ncols></imagesize><object><name>m1_s02_029_p_ic012</name><deleted>0</deleted><verified>0</verified><occluded>no</occluded><attributes></attributes><parts><hasparts></hasparts><ispartof></ispartof></parts><date>22-08-20 17:32:19:009</date><id>0</id><type>bounding_box</type><polygon><username>anonymous</username><pt><x>584</x><y>3</y><time>22-08-20 17:31:45:106</time></pt><pt><x>2238</x><y>3</y><time>22-08-20 17:31:52:919</time></pt><pt><x>2238</x><y>1990</y><time>undefined</time></pt><pt><x>584</x><y>1990</y><time>undefined</time></pt><closed_date>22-08-20 17:31:52:921</closed_date></polygon></object></annotation>