<annotation><filename>m2_s03_201_p_nic024.jpg</filename><folder>users/joselusava//valeria/m2_sala03_201_nic</folder><source><submittedBy>Jose Saca</submittedBy></source><imagesize><nrows>2910</nrows><ncols>4361</ncols></imagesize><object><name>m2_s03_201_p_nic024</name><deleted>0</deleted><verified>0</verified><occluded>no</occluded><attributes></attributes><parts><hasparts></hasparts><ispartof></ispartof></parts><date>29-09-20 22:59:25:013</date><id>0</id><type>bounding_box</type><polygon><username>anonymous</username><pt><x>1527</x><y>2734</y><time>29-09-20 22:59:19:362</time></pt><pt><x>3312</x><y>2734</y><time>29-09-20 22:59:21:372</time></pt><pt><x>3312</x><y>976</y><time>undefined</time></pt><pt><x>1527</x><y>976</y><time>undefined</time></pt><closed_date>29-09-20 22:59:21:373</closed_date></polygon></object></annotation>