<annotation><filename>m3_s01_002_p_ic034.jpg</filename><folder>users/joselusava//santiago_3</folder><source><submittedBy>Jose Saca</submittedBy></source><imagesize><nrows>2970</nrows><ncols>4451</ncols></imagesize><object><name>m3_s01_002_p_ic034</name><deleted>0</deleted><verified>0</verified><occluded>no</occluded><attributes></attributes><parts><hasparts></hasparts><ispartof></ispartof></parts><date>28-10-20 18:49:55:440</date><id>0</id><type>bounding_box</type><polygon><username>anonymous</username><pt><x>496</x><y>225</y><time>28-10-20 18:49:50:168</time></pt><pt><x>4098</x><y>225</y><time>28-10-20 18:49:51:654</time></pt><pt><x>4098</x><y>2477</y><time>undefined</time></pt><pt><x>496</x><y>2477</y><time>undefined</time></pt><closed_date>28-10-20 18:49:51:654</closed_date></polygon></object></annotation>