<annotation><filename>m4_s06_089_p_nic064.jpg</filename><folder>users/joselusava//santiago_2</folder><source><submittedBy>Jose Saca</submittedBy></source><imagesize><nrows>2970</nrows><ncols>4451</ncols></imagesize><object><name>m4_s06_089_p_nic064</name><deleted>0</deleted><verified>0</verified><occluded>no</occluded><attributes></attributes><parts><hasparts></hasparts><ispartof></ispartof></parts><date>12-10-20 21:55:55:065</date><id>0</id><type>bounding_box</type><polygon><username>anonymous</username><pt><x>2938</x><y>660</y><time>12-10-20 21:55:51:566</time></pt><pt><x>3902</x><y>660</y><time>12-10-20 21:55:52:877</time></pt><pt><x>3902</x><y>2270</y><time>undefined</time></pt><pt><x>2938</x><y>2270</y><time>undefined</time></pt><closed_date>12-10-20 21:55:52:879</closed_date></polygon></object></annotation>