<annotation><filename>m4_s10_157_p_ic050.jpg</filename><folder>users/joselusava//valeria/m04_s10_157_nic</folder><source><submittedBy>Jose Saca</submittedBy></source><imagesize><nrows>2970</nrows><ncols>4451</ncols></imagesize><object><name>m4_s10_157_p_nic050</name><deleted>0</deleted><verified>0</verified><occluded>no</occluded><attributes></attributes><parts><hasparts></hasparts><ispartof></ispartof></parts><date>12-10-20 21:02:24:055</date><id>0</id><type>bounding_box</type><polygon><username>anonymous</username><pt><x>4331</x><y>2706</y><time>12-10-20 21:02:16:495</time></pt><pt><x>2357</x><y>2706</y><time>12-10-20 21:02:18:418</time></pt><pt><x>2357</x><y>422</y><time>undefined</time></pt><pt><x>4331</x><y>422</y><time>undefined</time></pt><closed_date>12-10-20 21:02:18:419</closed_date></polygon></object></annotation>