<annotation><filename>m2_s01_056_p_nic078.jpg</filename><folder>users/joselusava//m2_jsv/56/nic</folder><source><submittedBy>Jose Saca</submittedBy></source><imagesize><nrows>2850</nrows><ncols>4271</ncols></imagesize><object><name>m2_s01_056_p_nic078</name><deleted>0</deleted><verified>0</verified><occluded>no</occluded><attributes></attributes><parts><hasparts></hasparts><ispartof></ispartof></parts><date>28-09-20 22:33:40:270</date><id>0</id><type>bounding_box</type><polygon><username>anonymous</username><pt><x>2980</x><y>2734</y><time>28-09-20 22:33:38:935</time></pt><pt><x>1554</x><y>2734</y><time>28-09-20 22:33:39:757</time></pt><pt><x>1554</x><y>1180</y><time>undefined</time></pt><pt><x>2980</x><y>1180</y><time>undefined</time></pt><closed_date>28-09-20 22:33:39:757</closed_date></polygon></object></annotation>