<annotation><filename>m1_s01_004_p_nic093.jpg</filename><folder>users/joselusava//valeria_apoyo/sala01_004_nic</folder><source><submittedBy>Jose Saca</submittedBy></source><imagesize><nrows>3200</nrows><ncols>4800</ncols></imagesize><object><name>m1_s01_004_p_nic093</name><deleted>0</deleted><verified>0</verified><occluded>no</occluded><attributes></attributes><parts><hasparts></hasparts><ispartof></ispartof></parts><date>17-09-20 20:35:56:588</date><id>0</id><type>bounding_box</type><polygon><username>anonymous</username><pt><x>315</x><y>1788</y><time>17-09-20 20:35:49:631</time></pt><pt><x>3079</x><y>1788</y><time>17-09-20 20:35:52:069</time></pt><pt><x>3079</x><y>1024</y><time>undefined</time></pt><pt><x>315</x><y>1024</y><time>undefined</time></pt><closed_date>17-09-20 20:35:52:071</closed_date></polygon></object></annotation>