<annotation><filename>m4_s02_015_p_nic042.jpg</filename><folder>users/joselusava//m4_js/15nic</folder><source><submittedBy>Jose Saca</submittedBy></source><imagesize><nrows>2910</nrows><ncols>4361</ncols></imagesize><object><name>m4_s02_015_p_nic042</name><deleted>0</deleted><verified>0</verified><occluded>no</occluded><attributes></attributes><parts><hasparts></hasparts><ispartof></ispartof></parts><date>06-10-20 19:59:43:236</date><id>0</id><type>bounding_box</type><polygon><username>anonymous</username><pt><x>4022</x><y>1454</y><time>06-10-20 19:59:40:950</time></pt><pt><x>2629</x><y>1454</y><time>06-10-20 19:59:42:380</time></pt><pt><x>2629</x><y>-9</y><time>undefined</time></pt><pt><x>4022</x><y>-9</y><time>undefined</time></pt><closed_date>06-10-20 19:59:42:380</closed_date></polygon></object></annotation>