<annotation><filename>m2_s06_250_p_nic024.jpg</filename><folder>users/joselusava//m2_jsv/250</folder><source><submittedBy>Jose Saca</submittedBy></source><imagesize><nrows>2910</nrows><ncols>4361</ncols></imagesize><object><name>m2_s06_250_p_nic024</name><deleted>0</deleted><verified>0</verified><occluded>no</occluded><attributes></attributes><parts><hasparts></hasparts><ispartof></ispartof></parts><date>30-09-20 11:29:41:631</date><id>0</id><type>bounding_box</type><polygon><username>anonymous</username><pt><x>2646</x><y>2028</y><time>30-09-20 11:29:38:610</time></pt><pt><x>9</x><y>2028</y><time>30-09-20 11:29:40:887</time></pt><pt><x>9</x><y>810</y><time>undefined</time></pt><pt><x>2646</x><y>810</y><time>undefined</time></pt><closed_date>30-09-20 11:29:40:887</closed_date></polygon></object></annotation>