<annotation><filename>img_m1_s10_303_p_nic037.jpg</filename><folder>users/joselusava//santiago</folder><source><submittedBy>Jose Saca</submittedBy></source><imagesize><nrows>3200</nrows><ncols>4800</ncols></imagesize><object><name>m1_s10_303_p_nic037</name><deleted>0</deleted><verified>0</verified><occluded>no</occluded><attributes></attributes><parts><hasparts></hasparts><ispartof></ispartof></parts><date>01-09-20 20:32:53:484</date><id>0</id><type>bounding_box</type><polygon><username>anonymous</username><pt><x>328</x><y>2063</y><time>01-09-20 20:32:44:634</time></pt><pt><x>1483</x><y>2063</y><time>01-09-20 20:32:46:886</time></pt><pt><x>1483</x><y>3034</y><time>undefined</time></pt><pt><x>328</x><y>3034</y><time>undefined</time></pt><closed_date>01-09-20 20:32:46:887</closed_date></polygon></object></annotation>