<annotation><filename>m2_s06_244_p_nic009.jpg</filename><folder>users/joselusava//museos2020</folder><source><submittedBy>Jose Saca</submittedBy></source><imagesize><nrows>2910</nrows><ncols>4361</ncols></imagesize><object><name>m2_s06_244_p_nic009</name><deleted>0</deleted><verified>0</verified><occluded>no</occluded><attributes></attributes><parts><hasparts></hasparts><ispartof></ispartof></parts><date>24-09-20 19:52:18:616</date><id>0</id><type>bounding_box</type><polygon><username>anonymous</username><pt><x>1288</x><y>256</y><time>24-09-20 19:52:09:149</time></pt><pt><x>3045</x><y>256</y><time>24-09-20 19:52:11:062</time></pt><pt><x>3045</x><y>1009</y><time>undefined</time></pt><pt><x>1288</x><y>1009</y><time>undefined</time></pt><closed_date>24-09-20 19:52:11:063</closed_date></polygon></object></annotation>