<annotation><filename>m4_s09_138_p_ic034.jpg</filename><folder>users/joselusava//santiago_2</folder><source><submittedBy>Jose Saca</submittedBy></source><imagesize><nrows>2970</nrows><ncols>4451</ncols></imagesize><object><name>m4_s09_138_p_ic034</name><deleted>0</deleted><verified>0</verified><occluded>no</occluded><attributes></attributes><parts><hasparts></hasparts><ispartof></ispartof></parts><date>22-10-20 14:06:45:105</date><id>0</id><type>bounding_box</type><polygon><username>anonymous</username><pt><x>146</x><y>393</y><time>22-10-20 14:06:40:859</time></pt><pt><x>4391</x><y>393</y><time>22-10-20 14:06:42:767</time></pt><pt><x>4391</x><y>2499</y><time>undefined</time></pt><pt><x>146</x><y>2499</y><time>undefined</time></pt><closed_date>22-10-20 14:06:42:767</closed_date></polygon></object></annotation>