<annotation><filename>m1_s06_186_p_ic054.jpg</filename><folder>users/joselusava//jacob_2/186ic</folder><source><submittedBy>Jose Saca</submittedBy></source><imagesize><nrows>2736</nrows><ncols>4100</ncols></imagesize><object><name>s06_186_p_ic054</name><deleted>0</deleted><verified>0</verified><occluded>no</occluded><attributes></attributes><parts><hasparts></hasparts><ispartof></ispartof></parts><date>09-09-20 11:47:53:282</date><id>0</id><type>bounding_box</type><polygon><username>anonymous</username><pt><x>794</x><y>2447</y><time>09-09-20 11:47:51:441</time></pt><pt><x>2995</x><y>2447</y><time>09-09-20 11:47:52:543</time></pt><pt><x>2995</x><y>213</y><time>undefined</time></pt><pt><x>794</x><y>213</y><time>undefined</time></pt><closed_date>09-09-20 11:47:52:544</closed_date></polygon></object></annotation>