<annotation><filename>m2_s01_054_p_ic092.jpg</filename><folder>users/joselusava//kath</folder><source><submittedBy>Jose Saca</submittedBy></source><imagesize><nrows>2850</nrows><ncols>4271</ncols></imagesize><object><name>m2_s01_054_p_ic092</name><deleted>0</deleted><verified>0</verified><occluded>no</occluded><attributes></attributes><parts><hasparts></hasparts><ispartof></ispartof></parts><date>30-09-20 10:49:05:594</date><id>0</id><type>bounding_box</type><polygon><username>anonymous</username><pt><x>1390</x><y>344</y><time>30-09-20 10:49:00:288</time></pt><pt><x>2885</x><y>344</y><time>30-09-20 10:49:02:987</time></pt><pt><x>2885</x><y>2703</y><time>undefined</time></pt><pt><x>1390</x><y>2703</y><time>undefined</time></pt><closed_date>30-09-20 10:49:02:987</closed_date></polygon></object></annotation>