<annotation><filename>m1_s01_021_p_ic079.jpg</filename><folder>users/joselusava//santiago</folder><source><submittedBy>Jose Saca</submittedBy></source><imagesize><nrows>3200</nrows><ncols>4800</ncols></imagesize><object><name>m1_s01_021_p_ic079</name><deleted>0</deleted><verified>0</verified><occluded>no</occluded><attributes></attributes><parts><hasparts></hasparts><ispartof></ispartof></parts><date>15-09-20 00:04:11:393</date><id>0</id><type>bounding_box</type><polygon><username>anonymous</username><pt><x>1296</x><y>727</y><time>15-09-20 00:04:03:401</time></pt><pt><x>2696</x><y>727</y><time>15-09-20 00:04:05:447</time></pt><pt><x>2696</x><y>2516</y><time>undefined</time></pt><pt><x>1296</x><y>2516</y><time>undefined</time></pt><closed_date>15-09-20 00:04:05:448</closed_date></polygon></object></annotation>