<annotation><filename>m3_s01_013_p_ic015.jpg</filename><folder>users/joselusava//valeria/m03_s01_13_ic</folder><source><submittedBy>Jose Saca</submittedBy></source><imagesize><nrows>2970</nrows><ncols>4451</ncols></imagesize><object><name>m3_s01_013_p_ic015</name><deleted>0</deleted><verified>0</verified><occluded>no</occluded><attributes></attributes><parts><hasparts></hasparts><ispartof></ispartof></parts><date>28-10-20 22:27:47:830</date><id>0</id><type>bounding_box</type><polygon><username>anonymous</username><pt><x>171</x><y>2702</y><time>28-10-20 22:27:40:189</time></pt><pt><x>3633</x><y>2702</y><time>28-10-20 22:27:44:264</time></pt><pt><x>3633</x><y>188</y><time>undefined</time></pt><pt><x>171</x><y>188</y><time>undefined</time></pt><closed_date>28-10-20 22:27:44:266</closed_date></polygon></object></annotation>