<annotation><filename>m2_s06_250_p_ic083.jpg</filename><folder>users/joselusava//valeria/m2_sala06_250_ic</folder><source><submittedBy>Jose Saca</submittedBy></source><imagesize><nrows>2910</nrows><ncols>4361</ncols></imagesize><object><name>m2_s06_250_p_ic082</name><deleted>0</deleted><verified>0</verified><occluded>no</occluded><attributes></attributes><parts><hasparts></hasparts><ispartof></ispartof></parts><date>01-10-20 00:17:10:251</date><id>0</id><type>bounding_box</type><polygon><username>anonymous</username><pt><x>336</x><y>1742</y><time>01-10-20 00:17:04:903</time></pt><pt><x>4111</x><y>1742</y><time>01-10-20 00:17:07:313</time></pt><pt><x>4111</x><y>832</y><time>undefined</time></pt><pt><x>336</x><y>832</y><time>undefined</time></pt><closed_date>01-10-20 00:17:07:314</closed_date></polygon></object></annotation>