<annotation><filename>m4_s03_025_p_nic036.jpg</filename><folder>users/joselusava//santiago_3</folder><source><submittedBy>Jose Saca</submittedBy></source><imagesize><nrows>2910</nrows><ncols>4361</ncols></imagesize><object><name>m4_s03_025_p_nic036</name><deleted>0</deleted><verified>0</verified><occluded>no</occluded><attributes></attributes><parts><hasparts></hasparts><ispartof></ispartof></parts><date>07-11-20 23:51:03:842</date><id>0</id><type>bounding_box</type><polygon><username>anonymous</username><pt><x>1469</x><y>874</y><time>07-11-20 23:50:52:804</time></pt><pt><x>4110</x><y>874</y><time>07-11-20 23:50:54:119</time></pt><pt><x>4110</x><y>2137</y><time>undefined</time></pt><pt><x>1469</x><y>2137</y><time>undefined</time></pt><closed_date>07-11-20 23:50:54:120</closed_date></polygon></object></annotation>