<annotation><filename>m1_s06_186_p_ic037.jpg</filename><folder>users/joselusava//jacob_2/186ic</folder><source><submittedBy>Jose Saca</submittedBy></source><imagesize><nrows>2736</nrows><ncols>4100</ncols></imagesize><object><name>s06_186_p_ic037</name><deleted>0</deleted><verified>0</verified><occluded>no</occluded><attributes></attributes><parts><hasparts></hasparts><ispartof></ispartof></parts><date>09-09-20 11:30:27:288</date><id>0</id><type>bounding_box</type><polygon><username>anonymous</username><pt><x>1449</x><y>2537</y><time>09-09-20 11:30:25:578</time></pt><pt><x>2578</x><y>2537</y><time>09-09-20 11:30:26:638</time></pt><pt><x>2578</x><y>57</y><time>undefined</time></pt><pt><x>1449</x><y>57</y><time>undefined</time></pt><closed_date>09-09-20 11:30:26:638</closed_date></polygon></object></annotation>