<annotation><filename>m4_s07_105_p_ic028.jpg</filename><folder>users/joselusava//kath/m4_105</folder><source><submittedBy>Jose Saca</submittedBy></source><imagesize><nrows>2970</nrows><ncols>4451</ncols></imagesize><object><name>m4_s07_105_p_ic028</name><deleted>0</deleted><verified>0</verified><occluded>no</occluded><attributes></attributes><parts><hasparts></hasparts><ispartof></ispartof></parts><date>29-10-20 08:04:34:002</date><id>0</id><type>bounding_box</type><polygon><username>anonymous</username><pt><x>1379</x><y>2658</y><time>29-10-20 08:04:29:011</time></pt><pt><x>2802</x><y>2658</y><time>29-10-20 08:04:31:544</time></pt><pt><x>2802</x><y>490</y><time>undefined</time></pt><pt><x>1379</x><y>490</y><time>undefined</time></pt><closed_date>29-10-20 08:04:31:544</closed_date></polygon></object></annotation>