<annotation><filename>m2_s06_244_p_nic004.jpg</filename><folder>users/joselusava//museos2020</folder><source><submittedBy>Jose Saca</submittedBy></source><imagesize><nrows>2910</nrows><ncols>4361</ncols></imagesize><object><name>m2_s06_244_p_nic004</name><deleted>0</deleted><verified>0</verified><occluded>no</occluded><attributes></attributes><parts><hasparts></hasparts><ispartof></ispartof></parts><date>24-09-20 19:48:57:142</date><id>0</id><type>bounding_box</type><polygon><username>anonymous</username><pt><x>2027</x><y>1083</y><time>24-09-20 19:48:49:395</time></pt><pt><x>3858</x><y>1083</y><time>24-09-20 19:48:50:979</time></pt><pt><x>3858</x><y>1869</y><time>undefined</time></pt><pt><x>2027</x><y>1869</y><time>undefined</time></pt><closed_date>24-09-20 19:48:50:981</closed_date></polygon></object></annotation>