<annotation><filename>m4_s05_052_p_ic050.jpg</filename><folder>users/joselusava//santiago_2</folder><source><submittedBy>Jose Saca</submittedBy></source><imagesize><nrows>2910</nrows><ncols>4361</ncols></imagesize><object><name>m4_s05_052_p_ic050</name><deleted>0</deleted><verified>0</verified><occluded>no</occluded><attributes></attributes><parts><hasparts></hasparts><ispartof></ispartof></parts><date>07-10-20 22:28:23:525</date><id>0</id><type>bounding_box</type><polygon><username>anonymous</username><pt><x>1251</x><y>398</y><time>07-10-20 22:28:19:849</time></pt><pt><x>2896</x><y>398</y><time>07-10-20 22:28:21:419</time></pt><pt><x>2896</x><y>2283</y><time>undefined</time></pt><pt><x>1251</x><y>2283</y><time>undefined</time></pt><closed_date>07-10-20 22:28:21:421</closed_date></polygon></object></annotation>