<annotation><filename>m2_s03_201_p_nic072.jpg</filename><folder>users/joselusava//valeria/m2_sala03_201_nic</folder><source><submittedBy>Jose Saca</submittedBy></source><imagesize><nrows>2910</nrows><ncols>4361</ncols></imagesize><object><name>m2_s03_201_p_nic072</name><deleted>0</deleted><verified>0</verified><occluded>no</occluded><attributes></attributes><parts><hasparts></hasparts><ispartof></ispartof></parts><date>29-09-20 23:49:14:242</date><id>0</id><type>bounding_box</type><polygon><username>anonymous</username><pt><x>2116</x><y>2811</y><time>29-09-20 23:49:08:136</time></pt><pt><x>3886</x><y>2811</y><time>29-09-20 23:49:10:898</time></pt><pt><x>3886</x><y>821</y><time>undefined</time></pt><pt><x>2116</x><y>821</y><time>undefined</time></pt><closed_date>29-09-20 23:49:10:899</closed_date></polygon></object></annotation>