<annotation><filename>m1_s01_021_p_ic031.jpg</filename><folder>users/joselusava//santiago</folder><source><submittedBy>Jose Saca</submittedBy></source><imagesize><nrows>3200</nrows><ncols>4800</ncols></imagesize><object><name>m1_s01_021_p_ic031</name><deleted>0</deleted><verified>0</verified><occluded>no</occluded><attributes></attributes><parts><hasparts></hasparts><ispartof></ispartof></parts><date>14-09-20 22:57:23:121</date><id>0</id><type>bounding_box</type><polygon><username>anonymous</username><pt><x>1778</x><y>842</y><time>14-09-20 22:57:14:937</time></pt><pt><x>2952</x><y>842</y><time>14-09-20 22:57:16:721</time></pt><pt><x>2952</x><y>2271</y><time>undefined</time></pt><pt><x>1778</x><y>2271</y><time>undefined</time></pt><closed_date>14-09-20 22:57:16:722</closed_date></polygon></object></annotation>