<annotation><filename>m4_s07_105_p_nic017.jpg</filename><folder>users/joselusava//kath/m4_105/nic</folder><source><submittedBy>Jose Saca</submittedBy></source><imagesize><nrows>2970</nrows><ncols>4451</ncols></imagesize><object><name>m4_s07_105_p_nic017</name><deleted>0</deleted><verified>0</verified><occluded>no</occluded><attributes></attributes><parts><hasparts></hasparts><ispartof></ispartof></parts><date>29-10-20 09:31:09:952</date><id>0</id><type>bounding_box</type><polygon><username>anonymous</username><pt><x>264</x><y>2562</y><time>29-10-20 09:31:06:112</time></pt><pt><x>1201</x><y>2562</y><time>29-10-20 09:31:07:895</time></pt><pt><x>1201</x><y>947</y><time>undefined</time></pt><pt><x>264</x><y>947</y><time>undefined</time></pt><closed_date>29-10-20 09:31:07:895</closed_date></polygon></object></annotation>