<annotation><filename>m2_s05_236_p_ic076.jpg</filename><folder>users/joselusava//museos2020</folder><source><submittedBy>Jose Saca</submittedBy></source><imagesize><nrows>2910</nrows><ncols>4361</ncols></imagesize><object><name>m2_s05_236_p_ic076</name><deleted>0</deleted><verified>0</verified><occluded>no</occluded><attributes></attributes><parts><hasparts></hasparts><ispartof></ispartof></parts><date>16-09-20 19:15:52:924</date><id>0</id><type>bounding_box</type><polygon><username>anonymous</username><pt><x>298</x><y>279</y><time>16-09-20 19:15:46:446</time></pt><pt><x>4244</x><y>279</y><time>16-09-20 19:15:47:986</time></pt><pt><x>4244</x><y>2752</y><time>undefined</time></pt><pt><x>298</x><y>2752</y><time>undefined</time></pt><closed_date>16-09-20 19:15:47:988</closed_date></polygon></object></annotation>