<annotation><filename>m2_s06_244_p_nic006.jpg</filename><folder>users/joselusava//museos2020</folder><source><submittedBy>Jose Saca</submittedBy></source><imagesize><nrows>2910</nrows><ncols>4361</ncols></imagesize><object><name>m2_s06_244_p_nic006</name><deleted>0</deleted><verified>0</verified><occluded>no</occluded><attributes></attributes><parts><hasparts></hasparts><ispartof></ispartof></parts><date>24-09-20 19:50:20:968</date><id>0</id><type>bounding_box</type><polygon><username>anonymous</username><pt><x>1976</x><y>776</y><time>24-09-20 19:50:09:076</time></pt><pt><x>3798</x><y>776</y><time>24-09-20 19:50:10:981</time></pt><pt><x>3798</x><y>1567</y><time>undefined</time></pt><pt><x>1976</x><y>1567</y><time>undefined</time></pt><closed_date>24-09-20 19:50:10:982</closed_date></polygon></object></annotation>