<annotation><filename>m2_s03_248_p_nic038.jpg</filename><folder>users/joselusava//museos2020</folder><source><submittedBy>Jose Saca</submittedBy></source><imagesize><nrows>2910</nrows><ncols>4361</ncols></imagesize><object><name>m2_s03_248_p_nic038</name><deleted>0</deleted><verified>0</verified><occluded>no</occluded><attributes></attributes><parts><hasparts></hasparts><ispartof></ispartof></parts><date>27-09-20 16:56:39:253</date><id>0</id><polygon><username>anonymous</username><pt><x>1818</x><y>544</y><time>27-09-20 16:56:30:302</time></pt><pt><x>4007</x><y>465</y><time>27-09-20 16:56:31:315</time></pt><pt><x>3375</x><y>1190</y><time>27-09-20 16:56:32:042</time></pt><pt><x>1660</x><y>800</y><time>27-09-20 16:56:33:337</time></pt><closed_date>27-09-20 16:56:34:361</closed_date></polygon></object></annotation>