<annotation><filename>m1_s01_021_p_ic100.jpg</filename><folder>users/joselusava//santiago</folder><source><submittedBy>Jose Saca</submittedBy></source><imagesize><nrows>3200</nrows><ncols>4800</ncols></imagesize><object><name>m1_s01_021_p_ic100</name><deleted>0</deleted><verified>0</verified><occluded>no</occluded><attributes></attributes><parts><hasparts></hasparts><ispartof></ispartof></parts><date>15-09-20 00:30:10:500</date><id>0</id><type>bounding_box</type><polygon><username>anonymous</username><pt><x>288</x><y>986</y><time>15-09-20 00:30:03:002</time></pt><pt><x>1105</x><y>986</y><time>15-09-20 00:30:04:278</time></pt><pt><x>1105</x><y>1868</y><time>undefined</time></pt><pt><x>288</x><y>1868</y><time>undefined</time></pt><closed_date>15-09-20 00:30:04:280</closed_date></polygon></object></annotation>