<annotation><filename>m4_s05_052_p_ic062.jpg</filename><folder>users/joselusava//santiago_2</folder><source><submittedBy>Jose Saca</submittedBy></source><imagesize><nrows>2910</nrows><ncols>4361</ncols></imagesize><object><name>m4_s05_052_p_ic062</name><deleted>0</deleted><verified>0</verified><occluded>no</occluded><attributes></attributes><parts><hasparts></hasparts><ispartof></ispartof></parts><date>07-10-20 22:38:39:251</date><id>0</id><type>bounding_box</type><polygon><username>anonymous</username><pt><x>1133</x><y>471</y><time>07-10-20 22:38:35:029</time></pt><pt><x>2934</x><y>471</y><time>07-10-20 22:38:37:246</time></pt><pt><x>2934</x><y>2432</y><time>undefined</time></pt><pt><x>1133</x><y>2432</y><time>undefined</time></pt><closed_date>07-10-20 22:38:37:247</closed_date></polygon></object></annotation>