<annotation><filename>m4_s09_138_p_ic077.jpg</filename><folder>users/joselusava//santiago_2</folder><source><submittedBy>Jose Saca</submittedBy></source><imagesize><nrows>2970</nrows><ncols>4451</ncols></imagesize><object><name>m4_s09_138_p_ic077</name><deleted>0</deleted><verified>0</verified><occluded>no</occluded><attributes></attributes><parts><hasparts></hasparts><ispartof></ispartof></parts><date>22-10-20 20:50:44:693</date><id>0</id><type>bounding_box</type><polygon><username>anonymous</username><pt><x>328</x><y>471</y><time>22-10-20 20:50:41:284</time></pt><pt><x>3966</x><y>471</y><time>22-10-20 20:50:42:730</time></pt><pt><x>3966</x><y>2492</y><time>undefined</time></pt><pt><x>328</x><y>2492</y><time>undefined</time></pt><closed_date>22-10-20 20:50:42:732</closed_date></polygon></object></annotation>