<annotation><filename>m1_s01_017_p_ic056.jpg</filename><folder>users/joselusava//santiago</folder><source><submittedBy>Jose Saca</submittedBy></source><imagesize><nrows>3200</nrows><ncols>4800</ncols></imagesize><object><name>m1_s01_017_p_ic056</name><deleted>0</deleted><verified>0</verified><occluded>no</occluded><attributes></attributes><parts><hasparts></hasparts><ispartof></ispartof></parts><date>10-09-20 22:32:00:534</date><id>0</id><type>bounding_box</type><polygon><username>anonymous</username><pt><x>1811</x><y>1202</y><time>10-09-20 22:31:51:366</time></pt><pt><x>2894</x><y>1202</y><time>10-09-20 22:31:54:088</time></pt><pt><x>2894</x><y>2009</y><time>undefined</time></pt><pt><x>1811</x><y>2009</y><time>undefined</time></pt><closed_date>10-09-20 22:31:54:089</closed_date></polygon></object></annotation>