<annotation><filename>m1_s02_052_p_ic049.jpg</filename><folder>users/joselusava//valeria/sala2_052_ic</folder><source><submittedBy>Jose Saca</submittedBy></source><imagesize><nrows>3200</nrows><ncols>4800</ncols></imagesize><object><name>m1_s02_052_p_ic049</name><deleted>0</deleted><verified>0</verified><occluded>no</occluded><attributes></attributes><parts><hasparts></hasparts><ispartof></ispartof></parts><date>25-08-20 18:30:52:623</date><id>0</id><type>bounding_box</type><polygon><username>anonymous</username><pt><x>612</x><y>11</y><time>25-08-20 18:30:45:314</time></pt><pt><x>4263</x><y>11</y><time>25-08-20 18:30:49:099</time></pt><pt><x>4263</x><y>3200</y><time>undefined</time></pt><pt><x>612</x><y>3200</y><time>undefined</time></pt><closed_date>25-08-20 18:30:49:101</closed_date></polygon></object></annotation>