<annotation><filename>m2_s03_201_p_nic063.jpg</filename><folder>users/joselusava//valeria/m2_sala03_201_nic</folder><source><submittedBy>Jose Saca</submittedBy></source><imagesize><nrows>2910</nrows><ncols>4361</ncols></imagesize><object><name>m2_s03_201_p_nic063</name><deleted>0</deleted><verified>0</verified><occluded>no</occluded><attributes></attributes><parts><hasparts></hasparts><ispartof></ispartof></parts><date>29-09-20 23:40:17:469</date><id>0</id><type>bounding_box</type><polygon><username>anonymous</username><pt><x>1841</x><y>2353</y><time>29-09-20 23:40:10:251</time></pt><pt><x>61</x><y>2353</y><time>29-09-20 23:40:13:519</time></pt><pt><x>61</x><y>165</y><time>undefined</time></pt><pt><x>1841</x><y>165</y><time>undefined</time></pt><closed_date>29-09-20 23:40:13:520</closed_date></polygon></object></annotation>