<annotation><filename>m2_s05_236_p_ic071.jpg</filename><folder>users/joselusava//museos2020</folder><source><submittedBy>Jose Saca</submittedBy></source><imagesize><nrows>2910</nrows><ncols>4361</ncols></imagesize><object><name>m2_s05_236_p_ic071</name><deleted>0</deleted><verified>0</verified><occluded>no</occluded><attributes></attributes><parts><hasparts></hasparts><ispartof></ispartof></parts><date>16-09-20 19:12:25:358</date><id>0</id><type>bounding_box</type><polygon><username>anonymous</username><pt><x>418</x><y>311</y><time>16-09-20 19:12:14:031</time></pt><pt><x>3984</x><y>311</y><time>16-09-20 19:12:15:268</time></pt><pt><x>3984</x><y>2766</y><time>undefined</time></pt><pt><x>418</x><y>2766</y><time>undefined</time></pt><closed_date>16-09-20 19:12:15:269</closed_date></polygon></object></annotation>