<annotation><filename>m1_s01_001_p_ic056.jpg</filename><folder>users/joselusava//juancarlos</folder><source><submittedBy>Jose Saca</submittedBy></source><imagesize><nrows>2000</nrows><ncols>2992</ncols></imagesize><object><name>m1_s01_001_p_ic056</name><deleted>0</deleted><verified>0</verified><occluded>no</occluded><attributes></attributes><parts><hasparts></hasparts><ispartof></ispartof></parts><date>31-08-20 17:09:20:295</date><id>0</id><type>bounding_box</type><polygon><username>anonymous</username><pt><x>845</x><y>659</y><time>31-08-20 17:09:11:307</time></pt><pt><x>2133</x><y>659</y><time>31-08-20 17:09:15:630</time></pt><pt><x>2133</x><y>1602</y><time>undefined</time></pt><pt><x>845</x><y>1602</y><time>undefined</time></pt><closed_date>31-08-20 17:09:15:632</closed_date></polygon></object></annotation>