<annotation><filename>m1_s06_141_p_nic044.jpg</filename><folder>users/joselusava//jacob_2/141nic</folder><source><submittedBy>Jose Saca</submittedBy></source><imagesize><nrows>2736</nrows><ncols>4100</ncols></imagesize><object><name>m1_s06_141_p_nic044</name><deleted>0</deleted><verified>0</verified><occluded>no</occluded><attributes></attributes><parts><hasparts></hasparts><ispartof></ispartof></parts><date>05-09-20 19:45:44:589</date><id>0</id><type>bounding_box</type><polygon><username>anonymous</username><pt><x>1736</x><y>1671</y><time>05-09-20 19:45:40:882</time></pt><pt><x>677</x><y>1671</y><time>05-09-20 19:45:43:630</time></pt><pt><x>677</x><y>155</y><time>undefined</time></pt><pt><x>1736</x><y>155</y><time>undefined</time></pt><closed_date>05-09-20 19:45:43:630</closed_date></polygon></object></annotation>