<annotation><filename>m2_s05_236_p_nic037.jpg</filename><folder>users/joselusava//museos2020</folder><source><submittedBy>Jose Saca</submittedBy></source><imagesize><nrows>2910</nrows><ncols>4361</ncols></imagesize><object><name>m2_s05_236_p_nic037</name><deleted>0</deleted><verified>0</verified><occluded>no</occluded><attributes></attributes><parts><hasparts></hasparts><ispartof></ispartof></parts><date>17-09-20 07:11:06:861</date><id>0</id><type>bounding_box</type><polygon><username>anonymous</username><pt><x>581</x><y>56</y><time>17-09-20 07:10:59:599</time></pt><pt><x>3133</x><y>56</y><time>17-09-20 07:11:00:913</time></pt><pt><x>3133</x><y>1925</y><time>undefined</time></pt><pt><x>581</x><y>1925</y><time>undefined</time></pt><closed_date>17-09-20 07:11:00:914</closed_date></polygon></object></annotation>