<annotation><filename>m2_s01_054_p_ic074.jpg</filename><folder>users/joselusava//kath</folder><source><submittedBy>Jose Saca</submittedBy></source><imagesize><nrows>2850</nrows><ncols>4271</ncols></imagesize><object><name>m2_s01_054_p_ic074</name><deleted>0</deleted><verified>0</verified><occluded>no</occluded><attributes></attributes><parts><hasparts></hasparts><ispartof></ispartof></parts><date>29-09-20 23:52:41:373</date><id>0</id><type>bounding_box</type><polygon><username>anonymous</username><pt><x>1046</x><y>147</y><time>29-09-20 23:52:35:682</time></pt><pt><x>2801</x><y>147</y><time>29-09-20 23:52:38:592</time></pt><pt><x>2801</x><y>2773</y><time>undefined</time></pt><pt><x>1046</x><y>2773</y><time>undefined</time></pt><closed_date>29-09-20 23:52:38:592</closed_date></polygon></object></annotation>