<annotation><filename>m4_s10_164_p_nic079.jpg</filename><folder>users/joselusava//santiago_2</folder><source><submittedBy>Jose Saca</submittedBy></source><imagesize><nrows>2970</nrows><ncols>4451</ncols></imagesize><object><name>m4_s10_164_p_nic079</name><deleted>0</deleted><verified>0</verified><occluded>no</occluded><attributes></attributes><parts><hasparts></hasparts><ispartof></ispartof></parts><date>14-10-20 16:15:41:580</date><id>0</id><type>bounding_box</type><polygon><username>anonymous</username><pt><x>1349</x><y>453</y><time>14-10-20 16:15:38:680</time></pt><pt><x>1849</x><y>453</y><time>14-10-20 16:15:39:576</time></pt><pt><x>1849</x><y>1099</y><time>undefined</time></pt><pt><x>1349</x><y>1099</y><time>undefined</time></pt><closed_date>14-10-20 16:15:39:578</closed_date></polygon></object></annotation>