<annotation><filename>m4_s10_154_p_nic018.jpg</filename><folder>users/joselusava//valeria/m04_s10_154_nic</folder><source><submittedBy>Jose Saca</submittedBy></source><imagesize><nrows>2970</nrows><ncols>4451</ncols></imagesize><object><name>m4_s10_154_p_nic018</name><deleted>0</deleted><verified>0</verified><occluded>no</occluded><attributes></attributes><parts><hasparts></hasparts><ispartof></ispartof></parts><date>14-10-20 12:34:28:127</date><id>0</id><type>bounding_box</type><polygon><username>anonymous</username><pt><x>137</x><y>2210</y><time>14-10-20 12:34:23:016</time></pt><pt><x>1948</x><y>2210</y><time>14-10-20 12:34:24:748</time></pt><pt><x>1948</x><y>406</y><time>undefined</time></pt><pt><x>137</x><y>406</y><time>undefined</time></pt><closed_date>14-10-20 12:34:24:749</closed_date></polygon></object></annotation>