<annotation><filename>m2_s07_264_p_ic006.jpg</filename><folder>users/joselusava//valeria/sala7_264_ic</folder><source><submittedBy>Jose Saca</submittedBy></source><imagesize><nrows>2910</nrows><ncols>4361</ncols></imagesize><object><name>m2_s07_264_p_ic006</name><deleted>0</deleted><verified>0</verified><occluded>no</occluded><attributes></attributes><parts><hasparts></hasparts><ispartof></ispartof></parts><date>22-09-20 17:49:18:919</date><id>0</id><type>bounding_box</type><polygon><username>anonymous</username><pt><x>1306</x><y>176</y><time>22-09-20 17:49:12:452</time></pt><pt><x>2866</x><y>176</y><time>22-09-20 17:49:14:633</time></pt><pt><x>2866</x><y>2486</y><time>undefined</time></pt><pt><x>1306</x><y>2486</y><time>undefined</time></pt><closed_date>22-09-20 17:49:14:634</closed_date></polygon></object></annotation>