<annotation><filename>m4_s10_164_p_nic067.jpg</filename><folder>users/joselusava//santiago_2</folder><source><submittedBy>Jose Saca</submittedBy></source><imagesize><nrows>2970</nrows><ncols>4451</ncols></imagesize><object><name>m4_s10_164_p_nic067</name><deleted>0</deleted><verified>0</verified><occluded>no</occluded><attributes></attributes><parts><hasparts></hasparts><ispartof></ispartof></parts><date>14-10-20 13:48:22:955</date><id>0</id><type>bounding_box</type><polygon><username>anonymous</username><pt><x>3384</x><y>1332</y><time>14-10-20 13:48:19:592</time></pt><pt><x>3852</x><y>1332</y><time>14-10-20 13:48:20:483</time></pt><pt><x>3852</x><y>1913</y><time>undefined</time></pt><pt><x>3384</x><y>1913</y><time>undefined</time></pt><closed_date>14-10-20 13:48:20:485</closed_date></polygon></object></annotation>