<annotation><filename>m3_s01_023_p_ic010.jpg</filename><folder>users/joselusava//santiago_3</folder><source><submittedBy>Jose Saca</submittedBy></source><imagesize><nrows>2970</nrows><ncols>4451</ncols></imagesize><object><name>m3_s01_023_p_ic010</name><deleted>0</deleted><verified>0</verified><occluded>no</occluded><attributes></attributes><parts><hasparts></hasparts><ispartof></ispartof></parts><date>04-11-20 18:43:47:218</date><id>0</id><type>bounding_box</type><polygon><username>anonymous</username><pt><x>600</x><y>314</y><time>04-11-20 18:43:42:816</time></pt><pt><x>3795</x><y>314</y><time>04-11-20 18:43:44:537</time></pt><pt><x>3795</x><y>2588</y><time>undefined</time></pt><pt><x>600</x><y>2588</y><time>undefined</time></pt><closed_date>04-11-20 18:43:44:537</closed_date></polygon></object></annotation>