<annotation><filename>m4_s12_186_p_ic007.jpg</filename><folder>users/joselusava//m4_js/186/ic</folder><source><submittedBy>Jose Saca</submittedBy></source><imagesize><nrows>3899</nrows><ncols>5844</ncols></imagesize><object><name>m4_s12_186_p_ic006</name><deleted>0</deleted><verified>0</verified><occluded>no</occluded><attributes></attributes><parts><hasparts></hasparts><ispartof></ispartof></parts><date>18-10-20 10:12:21:269</date><id>0</id><type>bounding_box</type><polygon><username>anonymous</username><pt><x>1925</x><y>245</y><time>18-10-20 10:12:19:813</time></pt><pt><x>3978</x><y>245</y><time>18-10-20 10:12:20:751</time></pt><pt><x>3978</x><y>3721</y><time>undefined</time></pt><pt><x>1925</x><y>3721</y><time>undefined</time></pt><closed_date>18-10-20 10:12:20:752</closed_date></polygon></object></annotation>