<annotation><filename>m2_s03_248_p_ic019.jpg</filename><folder>users/joselusava//museos2020</folder><source><submittedBy>Jose Saca</submittedBy></source><imagesize><nrows>2910</nrows><ncols>4361</ncols></imagesize><object><name>m2_s03_248_p_ic019</name><deleted>0</deleted><verified>0</verified><occluded>no</occluded><attributes></attributes><parts><hasparts></hasparts><ispartof></ispartof></parts><date>27-09-20 08:04:42:449</date><id>0</id><type>bounding_box</type><polygon><username>anonymous</username><pt><x>14</x><y>437</y><time>27-09-20 08:04:34:114</time></pt><pt><x>4356</x><y>437</y><time>27-09-20 08:04:36:599</time></pt><pt><x>4356</x><y>2078</y><time>undefined</time></pt><pt><x>14</x><y>2078</y><time>undefined</time></pt><closed_date>27-09-20 08:04:36:600</closed_date></polygon></object></annotation>