<annotation><filename>m2_s01_024_p_nic045.jpg</filename><folder>users/joselusava//santiago</folder><source><submittedBy>Jose Saca</submittedBy></source><imagesize><nrows>2850</nrows><ncols>4271</ncols></imagesize><object><name>m2_s01_024_p_nic045</name><deleted>0</deleted><verified>0</verified><occluded>no</occluded><attributes></attributes><parts><hasparts></hasparts><ispartof></ispartof></parts><date>25-09-20 14:35:59:209</date><id>0</id><type>bounding_box</type><polygon><username>anonymous</username><pt><x>622</x><y>817</y><time>25-09-20 14:35:51:419</time></pt><pt><x>1420</x><y>817</y><time>25-09-20 14:35:52:452</time></pt><pt><x>1420</x><y>2164</y><time>undefined</time></pt><pt><x>622</x><y>2164</y><time>undefined</time></pt><closed_date>25-09-20 14:35:52:453</closed_date></polygon></object></annotation>