<annotation><filename>m4_s07_105_p_ic013.jpg</filename><folder>users/joselusava//kath/m4_105</folder><source><submittedBy>Jose Saca</submittedBy></source><imagesize><nrows>2970</nrows><ncols>4451</ncols></imagesize><object><name>m4_s07_105_p_ic013</name><deleted>0</deleted><verified>0</verified><occluded>no</occluded><attributes></attributes><parts><hasparts></hasparts><ispartof></ispartof></parts><date>25-10-20 09:18:58:846</date><id>0</id><type>bounding_box</type><polygon><username>anonymous</username><pt><x>1855</x><y>389</y><time>25-10-20 09:18:38:672</time></pt><pt><x>2725</x><y>389</y><time>25-10-20 09:18:41:618</time></pt><pt><x>2725</x><y>2552</y><time>undefined</time></pt><pt><x>1855</x><y>2552</y><time>undefined</time></pt><closed_date>25-10-20 09:18:41:618</closed_date></polygon></object></annotation>