<annotation><filename>m2_s01_018_p_ic043.jpg</filename><folder>users/joselusava//santiago_2</folder><source><submittedBy>Jose Saca</submittedBy></source><imagesize><nrows>2850</nrows><ncols>4271</ncols></imagesize><object><name>m2_s01_018_p_ic043</name><deleted>0</deleted><verified>0</verified><occluded>no</occluded><attributes></attributes><parts><hasparts></hasparts><ispartof></ispartof></parts><date>28-09-20 16:29:16:104</date><id>0</id><type>bounding_box</type><polygon><username>anonymous</username><pt><x>1375</x><y>975</y><time>28-09-20 16:29:08:718</time></pt><pt><x>2754</x><y>975</y><time>28-09-20 16:29:10:018</time></pt><pt><x>2754</x><y>2584</y><time>undefined</time></pt><pt><x>1375</x><y>2584</y><time>undefined</time></pt><closed_date>28-09-20 16:29:10:022</closed_date></polygon></object></annotation>