<annotation><filename>m4_s03_025_p_nic070.jpg</filename><folder>users/joselusava//santiago_3</folder><source><submittedBy>Jose Saca</submittedBy></source><imagesize><nrows>2910</nrows><ncols>4361</ncols></imagesize><object><name>m4_s03_025_p_nic070</name><deleted>0</deleted><verified>0</verified><occluded>no</occluded><attributes></attributes><parts><hasparts></hasparts><ispartof></ispartof></parts><date>08-11-20 13:59:03:916</date><id>0</id><type>bounding_box</type><polygon><username>anonymous</username><pt><x>679</x><y>1256</y><time>08-11-20 13:58:59:454</time></pt><pt><x>3592</x><y>1256</y><time>08-11-20 13:59:01:162</time></pt><pt><x>3592</x><y>2602</y><time>undefined</time></pt><pt><x>679</x><y>2602</y><time>undefined</time></pt><closed_date>08-11-20 13:59:01:164</closed_date></polygon></object></annotation>