<annotation><filename>m1_s02_036_p.jpg</filename><folder>users/joselusava//valeria/sala2_036_ic</folder><source><submittedBy>Jose Saca</submittedBy></source><imagesize><nrows>3200</nrows><ncols>4800</ncols></imagesize><object><name>m1_s02_036_p</name><deleted>0</deleted><verified>0</verified><occluded>no</occluded><attributes></attributes><parts><hasparts></hasparts><ispartof></ispartof></parts><date>23-08-20 01:02:44:790</date><id>0</id><type>bounding_box</type><polygon><username>anonymous</username><pt><x>1176</x><y>274</y><time>23-08-20 01:00:18:123</time></pt><pt><x>4086</x><y>274</y><time>23-08-20 01:00:25:116</time></pt><pt><x>4086</x><y>2770</y><time>undefined</time></pt><pt><x>1176</x><y>2770</y><time>undefined</time></pt><closed_date>23-08-20 01:00:25:117</closed_date></polygon></object></annotation>