<annotation><filename>m2_s01_024_p_nic015.jpg</filename><folder>users/joselusava//santiago</folder><source><submittedBy>Jose Saca</submittedBy></source><imagesize><nrows>2850</nrows><ncols>4271</ncols></imagesize><object><name>m2_s01_024_p_nic015</name><deleted>0</deleted><verified>0</verified><occluded>no</occluded><attributes></attributes><parts><hasparts></hasparts><ispartof></ispartof></parts><date>25-09-20 13:39:10:733</date><id>0</id><type>bounding_box</type><polygon><username>anonymous</username><pt><x>676</x><y>1109</y><time>25-09-20 13:39:02:750</time></pt><pt><x>1789</x><y>1109</y><time>25-09-20 13:39:04:582</time></pt><pt><x>1789</x><y>2693</y><time>undefined</time></pt><pt><x>676</x><y>2693</y><time>undefined</time></pt><closed_date>25-09-20 13:39:04:583</closed_date></polygon></object></annotation>