<annotation><filename>m2_s06_244_p_ic097.jpg</filename><folder>users/joselusava//museos2020</folder><source><submittedBy>Jose Saca</submittedBy></source><imagesize><nrows>2910</nrows><ncols>4361</ncols></imagesize><object><name>m2_s06_244_p_ic097</name><deleted>0</deleted><verified>0</verified><occluded>no</occluded><attributes></attributes><parts><hasparts></hasparts><ispartof></ispartof></parts><date>23-09-20 09:31:07:549</date><id>0</id><type>bounding_box</type><polygon><username>anonymous</username><pt><x>387</x><y>323</y><time>23-09-20 09:30:59:252</time></pt><pt><x>4057</x><y>323</y><time>23-09-20 09:31:01:675</time></pt><pt><x>4057</x><y>2716</y><time>undefined</time></pt><pt><x>387</x><y>2716</y><time>undefined</time></pt><closed_date>23-09-20 09:31:01:677</closed_date></polygon></object></annotation>