<annotation><filename>m4_s05_055_p_ic043.jpg</filename><folder>users/joselusava//valeria/m4_s05_055_ic</folder><source><submittedBy>Jose Saca</submittedBy></source><imagesize><nrows>2910</nrows><ncols>4361</ncols></imagesize><object><name>m4_s05_055_p_ic043</name><deleted>0</deleted><verified>0</verified><occluded>no</occluded><attributes></attributes><parts><hasparts></hasparts><ispartof></ispartof></parts><date>08-10-20 22:23:40:061</date><id>0</id><type>bounding_box</type><polygon><username>anonymous</username><pt><x>1499</x><y>518</y><time>08-10-20 22:23:32:790</time></pt><pt><x>2927</x><y>518</y><time>08-10-20 22:23:35:669</time></pt><pt><x>2927</x><y>2486</y><time>undefined</time></pt><pt><x>1499</x><y>2486</y><time>undefined</time></pt><closed_date>08-10-20 22:23:35:670</closed_date></polygon></object></annotation>