<annotation><filename>m4_s02_021_p_nic037.jpg</filename><folder>users/joselusava//santiago_2</folder><source><submittedBy>Jose Saca</submittedBy></source><imagesize><nrows>2910</nrows><ncols>4361</ncols></imagesize><object><name>m4_s02_021_p_nic037</name><deleted>0</deleted><verified>0</verified><occluded>no</occluded><attributes></attributes><parts><hasparts></hasparts><ispartof></ispartof></parts><date>04-10-20 22:24:57:737</date><id>0</id><type>bounding_box</type><polygon><username>anonymous</username><pt><x>2889</x><y>423</y><time>04-10-20 22:24:54:958</time></pt><pt><x>3832</x><y>423</y><time>04-10-20 22:24:55:955</time></pt><pt><x>3832</x><y>2158</y><time>undefined</time></pt><pt><x>2889</x><y>2158</y><time>undefined</time></pt><closed_date>04-10-20 22:24:55:955</closed_date></polygon></object></annotation>