<annotation><filename>m2_s01_054_p_nic059.jpg</filename><folder>users/joselusava//kath</folder><source><submittedBy>Jose Saca</submittedBy></source><imagesize><nrows>2850</nrows><ncols>4271</ncols></imagesize><object><name>m2_s01_054_p_nic059</name><deleted>0</deleted><verified>0</verified><occluded>no</occluded><attributes></attributes><parts><hasparts></hasparts><ispartof></ispartof></parts><date>30-09-20 11:48:20:290</date><id>0</id><polygon><username>anonymous</username><pt><x>3145</x><y>1460</y><time>30-09-20 11:48:10:829</time></pt><pt><x>3124</x><y>2639</y><time>30-09-20 11:48:12:235</time></pt><pt><x>3910</x><y>2492</y><time>30-09-20 11:48:13:735</time></pt><pt><x>3819</x><y>1292</y><time>30-09-20 11:48:15:378</time></pt><closed_date>30-09-20 11:48:16:871</closed_date></polygon></object></annotation>