<annotation><filename>m4_s05_052_p_ic040.jpg</filename><folder>users/joselusava//santiago_2</folder><source><submittedBy>Jose Saca</submittedBy></source><imagesize><nrows>2910</nrows><ncols>4361</ncols></imagesize><object><name>m4_s05_052_p_ic040</name><deleted>0</deleted><verified>0</verified><occluded>no</occluded><attributes></attributes><parts><hasparts></hasparts><ispartof></ispartof></parts><date>07-10-20 22:07:57:149</date><id>0</id><type>bounding_box</type><polygon><username>anonymous</username><pt><x>1258</x><y>665</y><time>07-10-20 22:07:53:518</time></pt><pt><x>2917</x><y>665</y><time>07-10-20 22:07:54:759</time></pt><pt><x>2917</x><y>2377</y><time>undefined</time></pt><pt><x>1258</x><y>2377</y><time>undefined</time></pt><closed_date>07-10-20 22:07:54:761</closed_date></polygon></object></annotation>