<annotation><filename>m1_s06_186_p_ic026.jpg</filename><folder>users/joselusava//jacob_2/186ic</folder><source><submittedBy>Jose Saca</submittedBy></source><imagesize><nrows>2736</nrows><ncols>4100</ncols></imagesize><object><name>s06_186_p_ic026</name><deleted>0</deleted><verified>0</verified><occluded>no</occluded><attributes></attributes><parts><hasparts></hasparts><ispartof></ispartof></parts><date>09-09-20 11:26:26:500</date><id>0</id><type>bounding_box</type><polygon><username>anonymous</username><pt><x>3192</x><y>2586</y><time>09-09-20 11:26:23:180</time></pt><pt><x>1080</x><y>2586</y><time>09-09-20 11:26:25:771</time></pt><pt><x>1080</x><y>0</y><time>undefined</time></pt><pt><x>3192</x><y>0</y><time>undefined</time></pt><closed_date>09-09-20 11:26:25:772</closed_date></polygon></object></annotation>