<annotation><filename>m3_s01_013_p_nic054.jpg</filename><folder>users/joselusava//valeria/m03_s01_13_nic</folder><source><submittedBy>Jose Saca</submittedBy></source><imagesize><nrows>2970</nrows><ncols>4451</ncols></imagesize><object><name>m3_s01_013_p_nic054</name><deleted>0</deleted><verified>0</verified><occluded>no</occluded><attributes></attributes><parts><hasparts></hasparts><ispartof></ispartof></parts><date>06-11-20 23:33:57:447</date><id>0</id><type>bounding_box</type><polygon><username>anonymous</username><pt><x>2959</x><y>2656</y><time>06-11-20 23:33:51:915</time></pt><pt><x>211</x><y>2656</y><time>06-11-20 23:33:54:569</time></pt><pt><x>211</x><y>588</y><time>undefined</time></pt><pt><x>2959</x><y>588</y><time>undefined</time></pt><closed_date>06-11-20 23:33:54:570</closed_date></polygon></object></annotation>