<annotation><filename>img_m1_s03-04_101_p_ic097.jpg</filename><folder>users/joselusava//valeria/sala3y4_101_ic</folder><source><submittedBy>Jose Saca</submittedBy></source><imagesize><nrows>3200</nrows><ncols>4800</ncols></imagesize><object><name>m1_s03_s04_101_p_ic097</name><deleted>0</deleted><verified>0</verified><occluded>no</occluded><attributes></attributes><parts><hasparts></hasparts><ispartof></ispartof></parts><date>29-08-20 02:09:07:700</date><id>0</id><type>bounding_box</type><polygon><username>anonymous</username><pt><x>1018</x><y>2885</y><time>29-08-20 02:08:58:686</time></pt><pt><x>4545</x><y>2885</y><time>29-08-20 02:09:03:130</time></pt><pt><x>4545</x><y>115</y><time>undefined</time></pt><pt><x>1018</x><y>115</y><time>undefined</time></pt><closed_date>29-08-20 02:09:03:131</closed_date></polygon></object></annotation>