<annotation><filename>m4_s05_055_p_nic011.jpg</filename><folder>users/joselusava//valeria/m4_s05_055_nic</folder><source><submittedBy>Jose Saca</submittedBy></source><imagesize><nrows>2910</nrows><ncols>4361</ncols></imagesize><object><name>m4_s05_055_p_nic011</name><deleted>0</deleted><verified>0</verified><occluded>no</occluded><attributes></attributes><parts><hasparts></hasparts><ispartof></ispartof></parts><date>09-10-20 15:40:55:420</date><id>0</id><type>bounding_box</type><polygon><username>anonymous</username><pt><x>2596</x><y>226</y><time>09-10-20 15:40:48:958</time></pt><pt><x>1157</x><y>226</y><time>09-10-20 15:40:51:683</time></pt><pt><x>1157</x><y>1753</y><time>undefined</time></pt><pt><x>2596</x><y>1753</y><time>undefined</time></pt><closed_date>09-10-20 15:40:51:684</closed_date></polygon></object></annotation>