<annotation><filename>m2_s03_201_p_nic078.jpg</filename><folder>users/joselusava//valeria/m2_sala03_201_nic</folder><source><submittedBy>Jose Saca</submittedBy></source><imagesize><nrows>2910</nrows><ncols>4361</ncols></imagesize><object><name>m2_s03_201_p_nic078</name><deleted>0</deleted><verified>0</verified><occluded>no</occluded><attributes></attributes><parts><hasparts></hasparts><ispartof></ispartof></parts><date>29-09-20 23:55:22:606</date><id>0</id><type>bounding_box</type><polygon><username>anonymous</username><pt><x>2227</x><y>2232</y><time>29-09-20 23:55:17:252</time></pt><pt><x>358</x><y>2232</y><time>29-09-20 23:55:19:153</time></pt><pt><x>358</x><y>99</y><time>undefined</time></pt><pt><x>2227</x><y>99</y><time>undefined</time></pt><closed_date>29-09-20 23:55:19:155</closed_date></polygon></object></annotation>