<annotation><filename>m4_s02_021_p_nic064.jpg</filename><folder>users/joselusava//santiago_2</folder><source><submittedBy>Jose Saca</submittedBy></source><imagesize><nrows>2910</nrows><ncols>4361</ncols></imagesize><object><name>m4_s02_021_p_nic064</name><deleted>0</deleted><verified>0</verified><occluded>no</occluded><attributes></attributes><parts><hasparts></hasparts><ispartof></ispartof></parts><date>05-10-20 11:18:59:561</date><id>0</id><type>bounding_box</type><polygon><username>anonymous</username><pt><x>603</x><y>191</y><time>05-10-20 11:18:54:313</time></pt><pt><x>1455</x><y>191</y><time>05-10-20 11:18:56:033</time></pt><pt><x>1455</x><y>1905</y><time>undefined</time></pt><pt><x>603</x><y>1905</y><time>undefined</time></pt><closed_date>05-10-20 11:18:56:034</closed_date></polygon></object></annotation>