<annotation><filename>m4_s12_186_p_nic078.jpg</filename><folder>users/joselusava//m4_js/186/nic</folder><source><submittedBy>Jose Saca</submittedBy></source><imagesize><nrows>3899</nrows><ncols>5844</ncols></imagesize><object><name>m4_s12_186_p_nic077</name><deleted>0</deleted><verified>0</verified><occluded>no</occluded><attributes></attributes><parts><hasparts></hasparts><ispartof></ispartof></parts><date>18-10-20 12:15:28:237</date><id>0</id><type>bounding_box</type><polygon><username>anonymous</username><pt><x>5797</x><y>408</y><time>18-10-20 12:15:25:828</time></pt><pt><x>3511</x><y>408</y><time>18-10-20 12:15:27:610</time></pt><pt><x>3511</x><y>3651</y><time>undefined</time></pt><pt><x>5797</x><y>3651</y><time>undefined</time></pt><closed_date>18-10-20 12:15:27:610</closed_date></polygon></object></annotation>