<annotation><filename>m4_s05_052_p_nic092.jpg</filename><folder>users/joselusava//santiago_2</folder><source><submittedBy>Jose Saca</submittedBy></source><imagesize><nrows>2910</nrows><ncols>4361</ncols></imagesize><object><name>m4_s05_052_p_nic092</name><deleted>0</deleted><verified>0</verified><occluded>no</occluded><attributes></attributes><parts><hasparts></hasparts><ispartof></ispartof></parts><date>08-10-20 22:43:51:636</date><id>0</id><type>bounding_box</type><polygon><username>anonymous</username><pt><x>2577</x><y>527</y><time>08-10-20 22:43:47:913</time></pt><pt><x>3974</x><y>527</y><time>08-10-20 22:43:49:374</time></pt><pt><x>3974</x><y>2106</y><time>undefined</time></pt><pt><x>2577</x><y>2106</y><time>undefined</time></pt><closed_date>08-10-20 22:43:49:374</closed_date></polygon></object></annotation>