<annotation><filename>m1_s02_029_p_nic031.jpg</filename><folder>users/joselusava//valeria/sala2_029_nic</folder><source><submittedBy>Jose Saca</submittedBy></source><imagesize><nrows>3200</nrows><ncols>4800</ncols></imagesize><object><name>m1_s02_029_p_nic031</name><deleted>0</deleted><verified>0</verified><occluded>no</occluded><attributes></attributes><parts><hasparts></hasparts><ispartof></ispartof></parts><date>26-08-20 18:32:17:684</date><id>0</id><type>bounding_box</type><polygon><username>anonymous</username><pt><x>2717</x><y>279</y><time>26-08-20 18:32:08:162</time></pt><pt><x>3635</x><y>279</y><time>26-08-20 18:32:13:121</time></pt><pt><x>3635</x><y>1482</y><time>undefined</time></pt><pt><x>2717</x><y>1482</y><time>undefined</time></pt><closed_date>26-08-20 18:32:13:122</closed_date></polygon></object></annotation>