<annotation><filename>m4_s04_045_p_nic075.jpg</filename><folder>users/joselusava//valeria/m04_s04_45_nic</folder><source><submittedBy>Jose Saca</submittedBy></source><imagesize><nrows>2970</nrows><ncols>4451</ncols></imagesize><object><name>m4_s04_045_p_nic075</name><deleted>0</deleted><verified>0</verified><occluded>no</occluded><attributes></attributes><parts><hasparts></hasparts><ispartof></ispartof></parts><date>20-10-20 15:34:38:692</date><id>0</id><type>bounding_box</type><polygon><username>anonymous</username><pt><x>3181</x><y>1948</y><time>20-10-20 15:34:34:240</time></pt><pt><x>3730</x><y>1948</y><time>20-10-20 15:34:35:890</time></pt><pt><x>3730</x><y>1251</y><time>undefined</time></pt><pt><x>3181</x><y>1251</y><time>undefined</time></pt><closed_date>20-10-20 15:34:35:890</closed_date></polygon></object></annotation>