<annotation><filename>img_m1_s03-04_108_p_nic069.jpg</filename><folder>users/joselusava//valeria/sala3y4_108_nic</folder><source><submittedBy>Jose Saca</submittedBy></source><imagesize><nrows>3200</nrows><ncols>4800</ncols></imagesize><object><name>m1_s03_s04_108_p_nic069</name><deleted>0</deleted><verified>0</verified><occluded>no</occluded><attributes></attributes><parts><hasparts></hasparts><ispartof></ispartof></parts><date>02-09-20 20:58:15:403</date><id>0</id><type>bounding_box</type><polygon><username>anonymous</username><pt><x>24</x><y>3176</y><time>02-09-20 20:58:06:288</time></pt><pt><x>3824</x><y>3176</y><time>02-09-20 20:58:10:576</time></pt><pt><x>3824</x><y>1588</y><time>undefined</time></pt><pt><x>24</x><y>1588</y><time>undefined</time></pt><closed_date>02-09-20 20:58:10:577</closed_date></polygon></object></annotation>