<annotation><filename>m3_s01_018_p_nic071.jpg</filename><folder>users/joselusava//m4_js/18/nic</folder><source><submittedBy>Jose Saca</submittedBy></source><imagesize><nrows>2970</nrows><ncols>4451</ncols></imagesize><object><name>m3_s01_018_p_nic071</name><deleted>0</deleted><verified>0</verified><occluded>no</occluded><attributes></attributes><parts><hasparts></hasparts><ispartof></ispartof></parts><date>05-11-20 18:13:52:367</date><id>0</id><type>bounding_box</type><polygon><username>anonymous</username><pt><x>4088</x><y>2957</y><time>05-11-20 18:13:50:630</time></pt><pt><x>498</x><y>2957</y><time>05-11-20 18:13:51:800</time></pt><pt><x>498</x><y>591</y><time>undefined</time></pt><pt><x>4088</x><y>591</y><time>undefined</time></pt><closed_date>05-11-20 18:13:51:801</closed_date></polygon></object></annotation>