<annotation><filename>m4_s04_037_p_ic036.jpg</filename><folder>users/joselusava//santiago_2</folder><source><submittedBy>Jose Saca</submittedBy></source><imagesize><nrows>2970</nrows><ncols>4451</ncols></imagesize><object><name>m4_s04_037_p_ic036</name><deleted>0</deleted><verified>0</verified><occluded>no</occluded><attributes></attributes><parts><hasparts></hasparts><ispartof></ispartof></parts><date>17-10-20 22:06:47:276</date><id>0</id><type>bounding_box</type><polygon><username>anonymous</username><pt><x>1753</x><y>496</y><time>17-10-20 22:06:42:629</time></pt><pt><x>2902</x><y>496</y><time>17-10-20 22:06:43:690</time></pt><pt><x>2902</x><y>2285</y><time>undefined</time></pt><pt><x>1753</x><y>2285</y><time>undefined</time></pt><closed_date>17-10-20 22:06:43:691</closed_date></polygon></object></annotation>