<annotation><filename>m4_s11_178_p_ic005.jpg</filename><folder>users/joselusava//museos2020/jc</folder><source><submittedBy>Jose Saca</submittedBy></source><imagesize><nrows>2970</nrows><ncols>4451</ncols></imagesize><object><name>m4_s11_178_p_ic005</name><deleted>0</deleted><verified>0</verified><occluded>no</occluded><attributes></attributes><parts><hasparts></hasparts><ispartof></ispartof></parts><date>15-10-20 20:42:48:051</date><id>0</id><type>bounding_box</type><polygon><username>anonymous</username><pt><x>1535</x><y>743</y><time>15-10-20 20:42:44:931</time></pt><pt><x>2763</x><y>743</y><time>15-10-20 20:42:46:215</time></pt><pt><x>2763</x><y>2149</y><time>undefined</time></pt><pt><x>1535</x><y>2149</y><time>undefined</time></pt><closed_date>15-10-20 20:42:46:217</closed_date></polygon></object></annotation>