<annotation><filename>m2_s01_034_p_nic068.jpg</filename><folder>users/joselusava//kath</folder><source><submittedBy>Jose Saca</submittedBy></source><imagesize><nrows>2850</nrows><ncols>4271</ncols></imagesize><object><name>m2_s01_034_p_nic068</name><deleted>0</deleted><verified>0</verified><occluded>no</occluded><attributes></attributes><parts><hasparts></hasparts><ispartof></ispartof></parts><date>25-09-20 20:35:48:778</date><id>0</id><polygon><username>anonymous</username><pt><x>215</x><y>766</y><time>25-09-20 20:35:40:775</time></pt><pt><x>1131</x><y>537</y><time>25-09-20 20:35:41:988</time></pt><pt><x>1382</x><y>2055</y><time>25-09-20 20:35:43:181</time></pt><pt><x>473</x><y>2198</y><time>25-09-20 20:35:44:437</time></pt><closed_date>25-09-20 20:35:46:115</closed_date></polygon></object></annotation>