<annotation><filename>m1_s01_005_p_nic081.jpg</filename><folder>users/joselusava//museos2020</folder><source><submittedBy>Jose Saca</submittedBy></source><imagesize><nrows>2000</nrows><ncols>2992</ncols></imagesize><object><name>m1_s01_005_p_nic081</name><deleted>0</deleted><verified>0</verified><occluded>no</occluded><attributes></attributes><parts><hasparts></hasparts><ispartof></ispartof></parts><date>14-09-20 11:52:38:068</date><id>0</id><type>bounding_box</type><polygon><username>anonymous</username><pt><x>1962</x><y>1319</y><time>14-09-20 11:52:28:741</time></pt><pt><x>2265</x><y>1319</y><time>14-09-20 11:52:29:673</time></pt><pt><x>2265</x><y>1703</y><time>undefined</time></pt><pt><x>1962</x><y>1703</y><time>undefined</time></pt><closed_date>14-09-20 11:52:29:675</closed_date></polygon></object></annotation>