<annotation><filename>m2_s01_032_p_ic055.jpg</filename><folder>users/joselusava//santiago_2</folder><source><submittedBy>Jose Saca</submittedBy></source><imagesize><nrows>2850</nrows><ncols>4271</ncols></imagesize><object><name>m2_s01_032_p_ic055</name><deleted>0</deleted><verified>0</verified><occluded>no</occluded><attributes></attributes><parts><hasparts></hasparts><ispartof></ispartof></parts><date>30-09-20 15:45:29:929</date><id>0</id><type>bounding_box</type><polygon><username>anonymous</username><pt><x>1188</x><y>234</y><time>30-09-20 15:45:26:237</time></pt><pt><x>3091</x><y>234</y><time>30-09-20 15:45:28:004</time></pt><pt><x>3091</x><y>2721</y><time>undefined</time></pt><pt><x>1188</x><y>2721</y><time>undefined</time></pt><closed_date>30-09-20 15:45:28:005</closed_date></polygon></object></annotation>