<annotation><filename>m2_s06_250_p_nic008.jpg</filename><folder>users/joselusava//m2_jsv/250</folder><source><submittedBy>Jose Saca</submittedBy></source><imagesize><nrows>2910</nrows><ncols>4361</ncols></imagesize><object><name>m2_s06_250_p_nic008</name><deleted>0</deleted><verified>0</verified><occluded>no</occluded><attributes></attributes><parts><hasparts></hasparts><ispartof></ispartof></parts><date>30-09-20 11:23:58:222</date><id>0</id><type>bounding_box</type><polygon><username>anonymous</username><pt><x>3900</x><y>2577</y><time>30-09-20 11:23:56:309</time></pt><pt><x>296</x><y>2577</y><time>30-09-20 11:23:57:475</time></pt><pt><x>296</x><y>1053</y><time>undefined</time></pt><pt><x>3900</x><y>1053</y><time>undefined</time></pt><closed_date>30-09-20 11:23:57:475</closed_date></polygon></object></annotation>