<annotation><filename>m4_s04_037_p_nic025.jpg</filename><folder>users/joselusava//santiago_2</folder><source><submittedBy>Jose Saca</submittedBy></source><imagesize><nrows>2970</nrows><ncols>4451</ncols></imagesize><object><name>m4_s04_037_p_nic025</name><deleted>0</deleted><verified>0</verified><occluded>no</occluded><attributes></attributes><parts><hasparts></hasparts><ispartof></ispartof></parts><date>19-10-20 22:08:07:367</date><id>0</id><type>bounding_box</type><polygon><username>anonymous</username><pt><x>1792</x><y>1171</y><time>19-10-20 22:08:00:039</time></pt><pt><x>2834</x><y>1171</y><time>19-10-20 22:08:01:336</time></pt><pt><x>2834</x><y>2913</y><time>undefined</time></pt><pt><x>1792</x><y>2913</y><time>undefined</time></pt><closed_date>19-10-20 22:08:01:337</closed_date></polygon></object></annotation>