<annotation><filename>m3_s01_010_p_ic080.jpg</filename><folder>users/joselusava//m4_js/m3/10/ic</folder><source><submittedBy>Jose Saca</submittedBy></source><imagesize><nrows>2970</nrows><ncols>4451</ncols></imagesize><object><name>m3_s01_010_p_ic080</name><deleted>0</deleted><verified>0</verified><occluded>no</occluded><attributes></attributes><parts><hasparts></hasparts><ispartof></ispartof></parts><date>29-10-20 13:22:38:467</date><id>0</id><type>bounding_box</type><polygon><username>anonymous</username><pt><x>3919</x><y>2609</y><time>29-10-20 13:22:36:614</time></pt><pt><x>479</x><y>2609</y><time>29-10-20 13:22:37:636</time></pt><pt><x>479</x><y>128</y><time>undefined</time></pt><pt><x>3919</x><y>128</y><time>undefined</time></pt><closed_date>29-10-20 13:22:37:637</closed_date></polygon></object></annotation>