<annotation><filename>m2_s01_034_p_ic067.jpg</filename><folder>users/joselusava//kath</folder><source><submittedBy>Jose Saca</submittedBy></source><imagesize><nrows>2850</nrows><ncols>4271</ncols></imagesize><object><name>m2_s01_034_p_ic067</name><deleted>0</deleted><verified>0</verified><occluded>no</occluded><attributes></attributes><parts><hasparts></hasparts><ispartof></ispartof></parts><date>25-09-20 16:36:38:271</date><id>0</id><polygon><username>anonymous</username><pt><x>1110</x><y>79</y><time>25-09-20 16:36:21:138</time></pt><pt><x>1253</x><y>2578</y><time>25-09-20 16:36:23:900</time></pt><pt><x>2735</x><y>2614</y><time>25-09-20 16:36:28:127</time></pt><pt><x>2714</x><y>115</y><time>25-09-20 16:36:30:868</time></pt><closed_date>25-09-20 16:36:32:719</closed_date></polygon></object></annotation>