<annotation><filename>m4_s10_158_x.jpg</filename><folder>users/joselusava//kath/m4_x</folder><source><submittedBy>Jose Saca</submittedBy></source><imagesize><nrows>2970</nrows><ncols>4451</ncols></imagesize><object><name>m4_s10_158_x</name><deleted>0</deleted><verified>0</verified><occluded>no</occluded><attributes></attributes><parts><hasparts></hasparts><ispartof></ispartof></parts><date>21-10-20 12:08:47:545</date><id>0</id><type>bounding_box</type><polygon><username>anonymous</username><pt><x>942</x><y>130</y><time>21-10-20 12:08:42:973</time></pt><pt><x>3417</x><y>130</y><time>21-10-20 12:08:44:656</time></pt><pt><x>3417</x><y>2759</y><time>undefined</time></pt><pt><x>942</x><y>2759</y><time>undefined</time></pt><closed_date>21-10-20 12:08:44:658</closed_date></polygon></object></annotation>