<annotation><filename>m2_s01_024_p_nic090.jpg</filename><folder>users/joselusava//santiago</folder><source><submittedBy>Jose Saca</submittedBy></source><imagesize><nrows>2850</nrows><ncols>4271</ncols></imagesize><object><name>m2_s01_024_p_nic090</name><deleted>0</deleted><verified>0</verified><occluded>no</occluded><attributes></attributes><parts><hasparts></hasparts><ispartof></ispartof></parts><date>25-09-20 15:50:53:452</date><id>0</id><type>bounding_box</type><polygon><username>anonymous</username><pt><x>2978</x><y>103</y><time>25-09-20 15:50:45:860</time></pt><pt><x>3982</x><y>103</y><time>25-09-20 15:50:46:541</time></pt><pt><x>3982</x><y>1558</y><time>undefined</time></pt><pt><x>2978</x><y>1558</y><time>undefined</time></pt><closed_date>25-09-20 15:50:46:541</closed_date></polygon></object></annotation>