<annotation><filename>m1_s02_036_p_ic099.jpg</filename><folder>users/joselusava//valeria/sala2_036_ic</folder><source><submittedBy>Jose Saca</submittedBy></source><imagesize><nrows>3200</nrows><ncols>4800</ncols></imagesize><object><name>m1_s01_036_p_ic099</name><deleted>0</deleted><verified>0</verified><occluded>no</occluded><attributes></attributes><parts><hasparts></hasparts><ispartof></ispartof></parts><date>23-08-20 23:56:28:329</date><id>0</id><type>bounding_box</type><polygon><username>anonymous</username><pt><x>1197</x><y>408</y><time>23-08-20 23:56:20:908</time></pt><pt><x>3893</x><y>408</y><time>23-08-20 23:56:24:412</time></pt><pt><x>3893</x><y>2776</y><time>undefined</time></pt><pt><x>1197</x><y>2776</y><time>undefined</time></pt><closed_date>23-08-20 23:56:24:413</closed_date></polygon></object></annotation>