<annotation><filename>m2_s01_044_x.jpg</filename><folder>users/joselusava//juancarlos</folder><source><submittedBy>Jose Saca</submittedBy></source><imagesize><nrows>2850</nrows><ncols>4271</ncols></imagesize><object><name>m2_s01_044_x</name><deleted>0</deleted><verified>0</verified><occluded>no</occluded><attributes></attributes><parts><hasparts></hasparts><ispartof></ispartof></parts><date>28-09-20 11:05:15:231</date><id>0</id><type>bounding_box</type><polygon><username>anonymous</username><pt><x>1129</x><y>182</y><time>28-09-20 11:05:05:866</time></pt><pt><x>2946</x><y>182</y><time>28-09-20 11:05:10:170</time></pt><pt><x>2946</x><y>2545</y><time>undefined</time></pt><pt><x>1129</x><y>2545</y><time>undefined</time></pt><closed_date>28-09-20 11:05:10:171</closed_date></polygon></object></annotation>