<annotation><filename>m4_s06_066_x.jpg</filename><folder>users/joselusava//kath/m4_x</folder><source><submittedBy>Jose Saca</submittedBy></source><imagesize><nrows>2970</nrows><ncols>4451</ncols></imagesize><object><name>m4_s06_066_x</name><deleted>0</deleted><verified>0</verified><occluded>no</occluded><attributes></attributes><parts><hasparts></hasparts><ispartof></ispartof></parts><date>20-10-20 09:34:19:803</date><id>0</id><polygon><username>anonymous</username><pt><x>1677</x><y>260</y><time>20-10-20 09:34:10:513</time></pt><pt><x>1543</x><y>2403</y><time>20-10-20 09:34:11:645</time></pt><pt><x>2879</x><y>2441</y><time>20-10-20 09:34:13:516</time></pt><pt><x>2787</x><y>211</y><time>20-10-20 09:34:14:468</time></pt><closed_date>20-10-20 09:34:15:258</closed_date></polygon></object></annotation>