<annotation><filename>m1_s01_005_p_ic044.jpg</filename><folder>users/joselusava//jacob/sala1/ic</folder><source><submittedBy>Jose Saca</submittedBy></source><imagesize><nrows>2000</nrows><ncols>2992</ncols></imagesize><object><name>m1_s01_005_p_ic044</name><deleted>0</deleted><verified>0</verified><occluded>no</occluded><attributes></attributes><parts><hasparts></hasparts><ispartof></ispartof></parts><date>14-09-20 20:30:22:876</date><id>0</id><type>bounding_box</type><polygon><username>anonymous</username><pt><x>1999</x><y>1416</y><time>14-09-20 20:30:21:245</time></pt><pt><x>1023</x><y>1416</y><time>14-09-20 20:30:22:277</time></pt><pt><x>1023</x><y>446</y><time>undefined</time></pt><pt><x>1999</x><y>446</y><time>undefined</time></pt><closed_date>14-09-20 20:30:22:277</closed_date></polygon></object></annotation>