<annotation><filename>m4_s04_047_p_nic063.jpg</filename><folder>users/joselusava//kath/kath_m4_047/nic</folder><source><submittedBy>Jose Saca</submittedBy></source><imagesize><nrows>2970</nrows><ncols>4451</ncols></imagesize><object><name>m4_s04_047_p_nic063</name><deleted>0</deleted><verified>0</verified><occluded>no</occluded><attributes></attributes><parts><hasparts></hasparts><ispartof></ispartof></parts><date>24-10-20 19:21:33:718</date><id>0</id><type>bounding_box</type><polygon><username>anonymous</username><pt><x>965</x><y>2784</y><time>24-10-20 19:21:27:794</time></pt><pt><x>1797</x><y>2784</y><time>24-10-20 19:21:30:328</time></pt><pt><x>1797</x><y>1173</y><time>undefined</time></pt><pt><x>965</x><y>1173</y><time>undefined</time></pt><closed_date>24-10-20 19:21:30:329</closed_date></polygon></object></annotation>