<annotation><filename>m1_s06_144_p_nic045.jpg</filename><folder>users/joselusava//jacob_2/144nic</folder><source><submittedBy>Jose Saca</submittedBy></source><imagesize><nrows>2736</nrows><ncols>4100</ncols></imagesize><object><name>m1_s06_144_p_nic045</name><deleted>0</deleted><verified>0</verified><occluded>no</occluded><attributes></attributes><parts><hasparts></hasparts><ispartof></ispartof></parts><date>08-09-20 02:13:55:529</date><id>0</id><type>bounding_box</type><polygon><username>anonymous</username><pt><x>2136</x><y>1007</y><time>08-09-20 02:13:52:482</time></pt><pt><x>3552</x><y>1007</y><time>08-09-20 02:13:54:568</time></pt><pt><x>3552</x><y>2602</y><time>undefined</time></pt><pt><x>2136</x><y>2602</y><time>undefined</time></pt><closed_date>08-09-20 02:13:54:568</closed_date></polygon></object></annotation>