<annotation><filename>m2_s06_250_p_ic022.jpg</filename><folder>users/joselusava//valeria/m2_sala06_250_ic</folder><source><submittedBy>Jose Saca</submittedBy></source><imagesize><nrows>2910</nrows><ncols>4361</ncols></imagesize><object><name>m2_s06_250_p_ic022</name><deleted>0</deleted><verified>0</verified><occluded>no</occluded><attributes></attributes><parts><hasparts></hasparts><ispartof></ispartof></parts><date>30-09-20 22:20:23:382</date><id>0</id><type>bounding_box</type><polygon><username>anonymous</username><pt><x>193</x><y>2309</y><time>30-09-20 22:20:17:351</time></pt><pt><x>4183</x><y>2309</y><time>30-09-20 22:20:19:638</time></pt><pt><x>4183</x><y>1339</y><time>undefined</time></pt><pt><x>193</x><y>1339</y><time>undefined</time></pt><closed_date>30-09-20 22:20:19:639</closed_date></polygon></object></annotation>