<annotation><filename>m2_s02_085_p_nic081.jpg</filename><folder>users/joselusava//m2_jsv/85/nic</folder><source><submittedBy>Jose Saca</submittedBy></source><imagesize><nrows>2910</nrows><ncols>4361</ncols></imagesize><object><name>m2_s02_085_p_nic081</name><deleted>0</deleted><verified>0</verified><occluded>no</occluded><attributes></attributes><parts><hasparts></hasparts><ispartof></ispartof></parts><date>19-09-20 22:56:27:241</date><id>0</id><type>bounding_box</type><polygon><username>anonymous</username><pt><x>3395</x><y>635</y><time>19-09-20 22:56:25:535</time></pt><pt><x>4048</x><y>635</y><time>19-09-20 22:56:26:650</time></pt><pt><x>4048</x><y>1419</y><time>undefined</time></pt><pt><x>3395</x><y>1419</y><time>undefined</time></pt><closed_date>19-09-20 22:56:26:651</closed_date></polygon></object></annotation>