<annotation><filename>m4_s02_015_p_nic054.jpg</filename><folder>users/joselusava//m4_js/caca</folder><source><submittedBy>Jose Saca</submittedBy></source><imagesize><nrows>2910</nrows><ncols>4361</ncols></imagesize><object><name>m4_s02_015_p_nic054</name><deleted>0</deleted><verified>0</verified><occluded>no</occluded><attributes></attributes><parts><hasparts></hasparts><ispartof></ispartof></parts><date>02-11-20 21:13:56:404</date><id>0</id><type>bounding_box</type><polygon><username>anonymous</username><pt><x>1567</x><y>2568</y><time>02-11-20 21:13:54:164</time></pt><pt><x>305</x><y>2568</y><time>02-11-20 21:13:55:142</time></pt><pt><x>305</x><y>992</y><time>undefined</time></pt><pt><x>1567</x><y>992</y><time>undefined</time></pt><closed_date>02-11-20 21:13:55:142</closed_date></polygon></object></annotation>