<annotation><filename>m2_s01_018_p_nic085.jpg</filename><folder>users/joselusava//santiago_2</folder><source><submittedBy>Jose Saca</submittedBy></source><imagesize><nrows>2850</nrows><ncols>4271</ncols></imagesize><object><name>m2_s01_018_p_nic085</name><deleted>0</deleted><verified>0</verified><occluded>no</occluded><attributes></attributes><parts><hasparts></hasparts><ispartof></ispartof></parts><date>29-09-20 19:04:59:098</date><id>0</id><type>bounding_box</type><polygon><username>anonymous</username><pt><x>2629</x><y>894</y><time>29-09-20 19:04:56:251</time></pt><pt><x>3324</x><y>894</y><time>29-09-20 19:04:57:068</time></pt><pt><x>3324</x><y>1613</y><time>undefined</time></pt><pt><x>2629</x><y>1613</y><time>undefined</time></pt><closed_date>29-09-20 19:04:57:069</closed_date></polygon></object></annotation>