<annotation><filename>m2_s03_202_x.jpg</filename><folder>users/joselusava//juancarlos</folder><source><submittedBy>Jose Saca</submittedBy></source><imagesize><nrows>2910</nrows><ncols>4361</ncols></imagesize><object><name>m2_s03_202_x</name><deleted>0</deleted><verified>0</verified><occluded>no</occluded><attributes></attributes><parts><hasparts></hasparts><ispartof></ispartof></parts><date>30-09-20 16:00:49:026</date><id>0</id><type>bounding_box</type><polygon><username>anonymous</username><pt><x>1174</x><y>535</y><time>30-09-20 16:00:38:555</time></pt><pt><x>2893</x><y>535</y><time>30-09-20 16:00:42:386</time></pt><pt><x>2893</x><y>2534</y><time>undefined</time></pt><pt><x>1174</x><y>2534</y><time>undefined</time></pt><closed_date>30-09-20 16:00:42:387</closed_date></polygon></object></annotation>