<annotation><filename>m2_s01_024_p_nic072.jpg</filename><folder>users/joselusava//santiago</folder><source><submittedBy>Jose Saca</submittedBy></source><imagesize><nrows>2850</nrows><ncols>4271</ncols></imagesize><object><name>m2_s01_024_p_nic072</name><deleted>0</deleted><verified>0</verified><occluded>no</occluded><attributes></attributes><parts><hasparts></hasparts><ispartof></ispartof></parts><date>25-09-20 15:30:12:642</date><id>0</id><type>bounding_box</type><polygon><username>anonymous</username><pt><x>2289</x><y>125</y><time>25-09-20 15:30:04:749</time></pt><pt><x>3206</x><y>125</y><time>25-09-20 15:30:05:809</time></pt><pt><x>3206</x><y>2151</y><time>undefined</time></pt><pt><x>2289</x><y>2151</y><time>undefined</time></pt><closed_date>25-09-20 15:30:05:809</closed_date></polygon></object></annotation>