<annotation><filename>m2_s07_276_x.jpg</filename><folder>users/joselusava//museos2020</folder><source><submittedBy>Jose Saca</submittedBy></source><imagesize><nrows>2910</nrows><ncols>4361</ncols></imagesize><object><name>m2_s07_276_x</name><deleted>0</deleted><verified>0</verified><occluded>no</occluded><attributes></attributes><parts><hasparts></hasparts><ispartof></ispartof></parts><date>27-09-20 22:17:59:046</date><id>0</id><type>bounding_box</type><polygon><username>anonymous</username><pt><x>581</x><y>511</y><time>27-09-20 22:17:51:856</time></pt><pt><x>3961</x><y>511</y><time>27-09-20 22:17:53:522</time></pt><pt><x>3961</x><y>2543</y><time>undefined</time></pt><pt><x>581</x><y>2543</y><time>undefined</time></pt><closed_date>27-09-20 22:17:53:522</closed_date></polygon></object></annotation>