<annotation><filename>m2_s01_058_p_nic003.jpg</filename><folder>users/joselusava//m2_jsv/58/nic</folder><source><submittedBy>Jose Saca</submittedBy></source><imagesize><nrows>2850</nrows><ncols>4271</ncols></imagesize><object><name>m2_s01_058_p_nic003</name><deleted>0</deleted><verified>0</verified><occluded>no</occluded><attributes></attributes><parts><hasparts></hasparts><ispartof></ispartof></parts><date>29-09-20 21:09:38:392</date><id>0</id><type>bounding_box</type><polygon><username>anonymous</username><pt><x>2600</x><y>673</y><time>29-09-20 21:09:36:097</time></pt><pt><x>4254</x><y>673</y><time>29-09-20 21:09:37:351</time></pt><pt><x>4254</x><y>1901</y><time>undefined</time></pt><pt><x>2600</x><y>1901</y><time>undefined</time></pt><closed_date>29-09-20 21:09:37:351</closed_date></polygon></object></annotation>