<annotation><filename>m2_s01_024_p_nic047.jpg</filename><folder>users/joselusava//santiago</folder><source><submittedBy>Jose Saca</submittedBy></source><imagesize><nrows>2850</nrows><ncols>4271</ncols></imagesize><object><name>m2_s01_024_p_nic047</name><deleted>0</deleted><verified>0</verified><occluded>no</occluded><attributes></attributes><parts><hasparts></hasparts><ispartof></ispartof></parts><date>25-09-20 14:38:54:749</date><id>0</id><type>bounding_box</type><polygon><username>anonymous</username><pt><x>616</x><y>712</y><time>25-09-20 14:38:50:172</time></pt><pt><x>1564</x><y>712</y><time>25-09-20 14:38:51:172</time></pt><pt><x>1564</x><y>2202</y><time>undefined</time></pt><pt><x>616</x><y>2202</y><time>undefined</time></pt><closed_date>25-09-20 14:38:51:172</closed_date></polygon></object></annotation>