<annotation><filename>m1_s06_141_p_ic045.jpg</filename><folder>users/joselusava//jacob_2/141ic</folder><source><submittedBy>Jose Saca</submittedBy></source><imagesize><nrows>2736</nrows><ncols>4100</ncols></imagesize><object><name>m1_s06_141_p_ic045</name><deleted>0</deleted><verified>0</verified><occluded>no</occluded><attributes></attributes><parts><hasparts></hasparts><ispartof></ispartof></parts><date>04-09-20 22:40:36:777</date><id>0</id><type>bounding_box</type><polygon><username>anonymous</username><pt><x>1154</x><y>2627</y><time>04-09-20 22:40:33:832</time></pt><pt><x>2832</x><y>2627</y><time>04-09-20 22:40:35:997</time></pt><pt><x>2832</x><y>286</y><time>undefined</time></pt><pt><x>1154</x><y>286</y><time>undefined</time></pt><closed_date>04-09-20 22:40:35:997</closed_date></polygon></object></annotation>