<annotation><filename>m2_s03_219_p_nic034.jpg</filename><folder>users/joselusava//valeria/m2_sala03_219_nic</folder><source><submittedBy>Jose Saca</submittedBy></source><imagesize><nrows>2910</nrows><ncols>4361</ncols></imagesize><object><name>m2_s03_219_p_nic034</name><deleted>0</deleted><verified>0</verified><occluded>no</occluded><attributes></attributes><parts><hasparts></hasparts><ispartof></ispartof></parts><date>29-09-20 17:49:22:837</date><id>0</id><type>bounding_box</type><polygon><username>anonymous</username><pt><x>1306</x><y>2056</y><time>29-09-20 17:49:16:709</time></pt><pt><x>165</x><y>2056</y><time>29-09-20 17:49:19:384</time></pt><pt><x>165</x><y>171</y><time>undefined</time></pt><pt><x>1306</x><y>171</y><time>undefined</time></pt><closed_date>29-09-20 17:49:19:385</closed_date></polygon></object></annotation>