<annotation><filename>m4_s06_089_p_ic027.jpg</filename><folder>users/joselusava//santiago_2</folder><source><submittedBy>Jose Saca</submittedBy></source><imagesize><nrows>2970</nrows><ncols>4451</ncols></imagesize><object><name>m4_s06_089_p_ic027</name><deleted>0</deleted><verified>0</verified><occluded>no</occluded><attributes></attributes><parts><hasparts></hasparts><ispartof></ispartof></parts><date>11-10-20 17:54:44:799</date><id>0</id><type>bounding_box</type><polygon><username>anonymous</username><pt><x>1506</x><y>495</y><time>11-10-20 17:54:41:153</time></pt><pt><x>3143</x><y>495</y><time>11-10-20 17:54:42:781</time></pt><pt><x>3143</x><y>2383</y><time>undefined</time></pt><pt><x>1506</x><y>2383</y><time>undefined</time></pt><closed_date>11-10-20 17:54:42:783</closed_date></polygon></object></annotation>