<annotation><filename>m2_s01_054_p_ic068.jpg</filename><folder>users/joselusava//kath</folder><source><submittedBy>Jose Saca</submittedBy></source><imagesize><nrows>2850</nrows><ncols>4271</ncols></imagesize><object><name>m2_s01_054_p_ic068</name><deleted>0</deleted><verified>0</verified><occluded>no</occluded><attributes></attributes><parts><hasparts></hasparts><ispartof></ispartof></parts><date>29-09-20 23:46:58:555</date><id>0</id><type>bounding_box</type><polygon><username>anonymous</username><pt><x>1418</x><y>400</y><time>29-09-20 23:46:52:348</time></pt><pt><x>2660</x><y>400</y><time>29-09-20 23:46:55:509</time></pt><pt><x>2660</x><y>2569</y><time>undefined</time></pt><pt><x>1418</x><y>2569</y><time>undefined</time></pt><closed_date>29-09-20 23:46:55:509</closed_date></polygon></object></annotation>