<annotation><filename>m2_s02_085_p_ic003.jpg</filename><folder>users/joselusava//m2_jsv/85/ic</folder><source><submittedBy>Jose Saca</submittedBy></source><imagesize><nrows>2910</nrows><ncols>4361</ncols></imagesize><object><name>m2_s02_085_p_ic003</name><deleted>0</deleted><verified>0</verified><occluded>no</occluded><attributes></attributes><parts><hasparts></hasparts><ispartof></ispartof></parts><date>16-09-20 13:27:42:288</date><id>0</id><type>bounding_box</type><polygon><username>anonymous</username><pt><x>1610</x><y>714</y><time>16-09-20 13:27:39:530</time></pt><pt><x>2768</x><y>714</y><time>16-09-20 13:27:41:596</time></pt><pt><x>2768</x><y>2098</y><time>undefined</time></pt><pt><x>1610</x><y>2098</y><time>undefined</time></pt><closed_date>16-09-20 13:27:41:596</closed_date></polygon></object></annotation>