<annotation><filename>m1_s06_144_p_ic019.jpg</filename><folder>users/joselusava//jacob_2/144ic</folder><source><submittedBy>Jose Saca</submittedBy></source><imagesize><nrows>2736</nrows><ncols>4100</ncols></imagesize><object><name>m1_s06_144_p_ic019</name><deleted>0</deleted><verified>0</verified><occluded>no</occluded><attributes></attributes><parts><hasparts></hasparts><ispartof></ispartof></parts><date>07-09-20 02:28:11:077</date><id>0</id><type>bounding_box</type><polygon><username>anonymous</username><pt><x>827</x><y>188</y><time>07-09-20 02:28:05:920</time></pt><pt><x>3576</x><y>188</y><time>07-09-20 02:28:08:465</time></pt><pt><x>3576</x><y>2521</y><time>undefined</time></pt><pt><x>827</x><y>2521</y><time>undefined</time></pt><closed_date>07-09-20 02:28:08:466</closed_date></polygon></object></annotation>