<annotation><filename>m1_s06_144_p_nic076.jpg</filename><folder>users/joselusava//jacob_2/144nic</folder><source><submittedBy>Jose Saca</submittedBy></source><imagesize><nrows>2736</nrows><ncols>4100</ncols></imagesize><object><name>m1_s06_144_p_nic076</name><deleted>0</deleted><verified>0</verified><occluded>no</occluded><attributes></attributes><parts><hasparts></hasparts><ispartof></ispartof></parts><date>08-09-20 13:57:13:750</date><id>0</id><type>bounding_box</type><polygon><username>anonymous</username><pt><x>3888</x><y>2592</y><time>08-09-20 13:57:10:897</time></pt><pt><x>2209</x><y>2592</y><time>08-09-20 13:57:13:045</time></pt><pt><x>2209</x><y>1068</y><time>undefined</time></pt><pt><x>3888</x><y>1068</y><time>undefined</time></pt><closed_date>08-09-20 13:57:13:045</closed_date></polygon></object></annotation>