<annotation><filename>m4_s09_138_p_ic033.jpg</filename><folder>users/joselusava//santiago_2</folder><source><submittedBy>Jose Saca</submittedBy></source><imagesize><nrows>2970</nrows><ncols>4451</ncols></imagesize><object><name>m4_s09_138_p_ic033</name><deleted>0</deleted><verified>0</verified><occluded>no</occluded><attributes></attributes><parts><hasparts></hasparts><ispartof></ispartof></parts><date>22-10-20 14:06:09:097</date><id>0</id><type>bounding_box</type><polygon><username>anonymous</username><pt><x>125</x><y>582</y><time>22-10-20 14:06:04:427</time></pt><pt><x>4366</x><y>582</y><time>22-10-20 14:06:06:559</time></pt><pt><x>4366</x><y>2506</y><time>undefined</time></pt><pt><x>125</x><y>2506</y><time>undefined</time></pt><closed_date>22-10-20 14:06:06:561</closed_date></polygon></object></annotation>