<annotation><filename>m2_s01_054_p_nic001.jpg</filename><folder>users/joselusava//kath</folder><source><submittedBy>Jose Saca</submittedBy></source><imagesize><nrows>2850</nrows><ncols>4271</ncols></imagesize><object><name>m2_s01_054_p_nic001</name><deleted>0</deleted><verified>0</verified><occluded>no</occluded><attributes></attributes><parts><hasparts></hasparts><ispartof></ispartof></parts><date>30-09-20 10:56:28:231</date><id>0</id><type>bounding_box</type><polygon><username>anonymous</username><pt><x>2850</x><y>1411</y><time>30-09-20 10:56:23:450</time></pt><pt><x>3742</x><y>1411</y><time>30-09-20 10:56:25:682</time></pt><pt><x>3742</x><y>2457</y><time>undefined</time></pt><pt><x>2850</x><y>2457</y><time>undefined</time></pt><closed_date>30-09-20 10:56:25:683</closed_date></polygon></object></annotation>