<annotation><filename>m2_s01_034_p_nic021.jpg</filename><folder>users/joselusava//kath</folder><source><submittedBy>Jose Saca</submittedBy></source><imagesize><nrows>2850</nrows><ncols>4271</ncols></imagesize><object><name>m2_s01_034_p_nic021</name><deleted>0</deleted><verified>0</verified><occluded>no</occluded><attributes></attributes><parts><hasparts></hasparts><ispartof></ispartof></parts><date>25-09-20 19:34:22:312</date><id>0</id><type>bounding_box</type><polygon><username>anonymous</username><pt><x>2793</x><y>852</y><time>25-09-20 19:34:08:592</time></pt><pt><x>3688</x><y>852</y><time>25-09-20 19:34:11:848</time></pt><pt><x>3688</x><y>2399</y><time>undefined</time></pt><pt><x>2793</x><y>2399</y><time>undefined</time></pt><closed_date>25-09-20 19:34:11:849</closed_date></polygon></object></annotation>