<annotation><filename>m1_s01_021_p_ic015.jpg</filename><folder>users/joselusava//santiago</folder><source><submittedBy>Jose Saca</submittedBy></source><imagesize><nrows>3200</nrows><ncols>4800</ncols></imagesize><object><name>m1_s01_021_p_ic015</name><deleted>0</deleted><verified>0</verified><occluded>no</occluded><attributes></attributes><parts><hasparts></hasparts><ispartof></ispartof></parts><date>14-09-20 22:05:07:696</date><id>0</id><type>bounding_box</type><polygon><username>anonymous</username><pt><x>1893</x><y>835</y><time>14-09-20 22:04:58:505</time></pt><pt><x>3096</x><y>835</y><time>14-09-20 22:05:01:241</time></pt><pt><x>3096</x><y>2354</y><time>undefined</time></pt><pt><x>1893</x><y>2354</y><time>undefined</time></pt><closed_date>14-09-20 22:05:01:241</closed_date></polygon></object></annotation>