<annotation><filename>m3_s01_013_p_ic070.jpg</filename><folder>users/joselusava//valeria/m03_s01_13_ic</folder><source><submittedBy>Jose Saca</submittedBy></source><imagesize><nrows>2970</nrows><ncols>4451</ncols></imagesize><object><name>m3_s01_013_p_ic069</name><deleted>0</deleted><verified>0</verified><occluded>no</occluded><attributes></attributes><parts><hasparts></hasparts><ispartof></ispartof></parts><date>01-11-20 09:20:56:640</date><id>0</id><type>bounding_box</type><polygon><username>anonymous</username><pt><x>3758</x><y>2919</y><time>01-11-20 09:20:43:660</time></pt><pt><x>902</x><y>2919</y><time>01-11-20 09:20:49:027</time></pt><pt><x>902</x><y>223</y><time>undefined</time></pt><pt><x>3758</x><y>223</y><time>undefined</time></pt><closed_date>01-11-20 09:20:49:029</closed_date></polygon></object></annotation>