<annotation><filename>m2_s01_024_p_nic032.jpg</filename><folder>users/joselusava//santiago</folder><source><submittedBy>Jose Saca</submittedBy></source><imagesize><nrows>2850</nrows><ncols>4271</ncols></imagesize><object><name>m2_s01_024_p_nic032</name><deleted>0</deleted><verified>0</verified><occluded>no</occluded><attributes></attributes><parts><hasparts></hasparts><ispartof></ispartof></parts><date>25-09-20 13:59:57:104</date><id>0</id><type>bounding_box</type><polygon><username>anonymous</username><pt><x>263</x><y>574</y><time>25-09-20 13:59:49:597</time></pt><pt><x>1177</x><y>574</y><time>25-09-20 13:59:51:429</time></pt><pt><x>1177</x><y>1959</y><time>undefined</time></pt><pt><x>263</x><y>1959</y><time>undefined</time></pt><closed_date>25-09-20 13:59:51:429</closed_date></polygon></object></annotation>