<annotation><filename>m2_s01_034_p_ic034.jpg</filename><folder>users/joselusava//kath</folder><source><submittedBy>Jose Saca</submittedBy></source><imagesize><nrows>2850</nrows><ncols>4271</ncols></imagesize><object><name>m2_s01_034_p_ic034</name><deleted>0</deleted><verified>0</verified><occluded>no</occluded><attributes></attributes><parts><hasparts></hasparts><ispartof></ispartof></parts><date>25-09-20 13:39:53:947</date><id>0</id><polygon><username>anonymous</username><pt><x>1532</x><y>286</y><time>25-09-20 13:39:41:325</time></pt><pt><x>1332</x><y>2664</y><time>25-09-20 13:39:42:949</time></pt><pt><x>3051</x><y>2671</y><time>25-09-20 13:39:44:379</time></pt><pt><x>2764</x><y>222</y><time>25-09-20 13:39:45:872</time></pt><closed_date>25-09-20 13:39:47:502</closed_date></polygon></object></annotation>