<annotation><filename>m4_s09_149_x.jpg</filename><folder>users/joselusava//kath/m4_x</folder><source><submittedBy>Jose Saca</submittedBy></source><imagesize><nrows>2970</nrows><ncols>4451</ncols></imagesize><object><name>m4_s09_149_x</name><deleted>0</deleted><verified>0</verified><occluded>no</occluded><attributes></attributes><parts><hasparts></hasparts><ispartof></ispartof></parts><date>21-10-20 11:58:57:346</date><id>0</id><type>bounding_box</type><polygon><username>anonymous</username><pt><x>1423</x><y>346</y><time>21-10-20 11:58:48:593</time></pt><pt><x>3124</x><y>346</y><time>21-10-20 11:58:50:971</time></pt><pt><x>3124</x><y>2600</y><time>undefined</time></pt><pt><x>1423</x><y>2600</y><time>undefined</time></pt><closed_date>21-10-20 11:58:50:971</closed_date></polygon></object></annotation>