<annotation><filename>m4_s10_157_p_ic088.jpg</filename><folder>users/joselusava//valeria/m04_s10_157_ic</folder><source><submittedBy>Jose Saca</submittedBy></source><imagesize><nrows>2970</nrows><ncols>4451</ncols></imagesize><object><name>m4_s10_157_p_ic088</name><deleted>0</deleted><verified>0</verified><occluded>no</occluded><attributes></attributes><parts><hasparts></hasparts><ispartof></ispartof></parts><date>12-10-20 18:19:56:058</date><id>0</id><type>bounding_box</type><polygon><username>anonymous</username><pt><x>1311</x><y>2762</y><time>12-10-20 18:19:49:643</time></pt><pt><x>3398</x><y>2762</y><time>12-10-20 18:19:52:216</time></pt><pt><x>3398</x><y>416</y><time>undefined</time></pt><pt><x>1311</x><y>416</y><time>undefined</time></pt><closed_date>12-10-20 18:19:52:216</closed_date></polygon></object></annotation>