<annotation><filename>m4_s04_039_p_ic063.jpg</filename><folder>users/joselusava//santiago_2</folder><source><submittedBy>Jose Saca</submittedBy></source><imagesize><nrows>2970</nrows><ncols>4451</ncols></imagesize><object><name>m4_s04_039_p_ic063</name><deleted>0</deleted><verified>0</verified><occluded>no</occluded><attributes></attributes><parts><hasparts></hasparts><ispartof></ispartof></parts><date>20-10-20 22:10:27:750</date><id>0</id><type>bounding_box</type><polygon><username>anonymous</username><pt><x>1703</x><y>96</y><time>20-10-20 22:10:21:964</time></pt><pt><x>2460</x><y>96</y><time>20-10-20 22:10:24:546</time></pt><pt><x>2460</x><y>2909</y><time>undefined</time></pt><pt><x>1703</x><y>2909</y><time>undefined</time></pt><closed_date>20-10-20 22:10:24:548</closed_date></polygon></object></annotation>