<annotation><filename>m2_s06_244_p_ic012.jpg</filename><folder>users/joselusava//museos2020</folder><source><submittedBy>Jose Saca</submittedBy></source><imagesize><nrows>2910</nrows><ncols>4361</ncols></imagesize><object><name>m2_s06_244_p_ic012</name><deleted>0</deleted><verified>0</verified><occluded>no</occluded><attributes></attributes><parts><hasparts></hasparts><ispartof></ispartof></parts><date>22-09-20 11:59:40:535</date><id>0</id><type>bounding_box</type><polygon><username>anonymous</username><pt><x>1319</x><y>1075</y><time>22-09-20 11:59:26:032</time></pt><pt><x>3118</x><y>1075</y><time>22-09-20 11:59:27:962</time></pt><pt><x>3118</x><y>1885</y><time>undefined</time></pt><pt><x>1319</x><y>1885</y><time>undefined</time></pt><closed_date>22-09-20 11:59:27:963</closed_date></polygon></object></annotation>