<annotation><filename>m1_s10_291_x.jpg</filename><folder>users/joselusava//santiago</folder><source><submittedBy>Jose Saca</submittedBy></source><imagesize><nrows>3200</nrows><ncols>4800</ncols></imagesize><object><name>m1_s10_291_x</name><deleted>0</deleted><verified>0</verified><occluded>no</occluded><attributes></attributes><parts><hasparts></hasparts><ispartof></ispartof></parts><date>28-08-20 16:31:10:367</date><id>0</id><type>bounding_box</type><polygon><username>anonymous</username><pt><x>1368</x><y>324</y><time>28-08-20 16:30:59:751</time></pt><pt><x>3495</x><y>324</y><time>28-08-20 16:31:02:154</time></pt><pt><x>3495</x><y>2908</y><time>undefined</time></pt><pt><x>1368</x><y>2908</y><time>undefined</time></pt><closed_date>28-08-20 16:31:02:156</closed_date></polygon></object></annotation>