<annotation><filename>m4_s10_154_p_nic003.jpg</filename><folder>users/joselusava//valeria/m04_s10_154_nic</folder><source><submittedBy>Jose Saca</submittedBy></source><imagesize><nrows>2970</nrows><ncols>4451</ncols></imagesize><object><name>m4_s10_154_p_nic003</name><deleted>0</deleted><verified>0</verified><occluded>no</occluded><attributes></attributes><parts><hasparts></hasparts><ispartof></ispartof></parts><date>13-10-20 23:30:47:594</date><id>0</id><type>bounding_box</type><polygon><username>anonymous</username><pt><x>2519</x><y>2450</y><time>13-10-20 23:30:41:877</time></pt><pt><x>4061</x><y>2450</y><time>13-10-20 23:30:44:221</time></pt><pt><x>4061</x><y>771</y><time>undefined</time></pt><pt><x>2519</x><y>771</y><time>undefined</time></pt><closed_date>13-10-20 23:30:44:224</closed_date></polygon></object></annotation>