<annotation><filename>img_m1_s03-04_101_p_nic006.jpg</filename><folder>users/joselusava//valeria/sala3y4_101_nic</folder><source><submittedBy>Jose Saca</submittedBy></source><imagesize><nrows>3200</nrows><ncols>4800</ncols></imagesize><object><name>m1_s03_s04_101_p_nic006</name><deleted>0</deleted><verified>0</verified><occluded>no</occluded><attributes></attributes><parts><hasparts></hasparts><ispartof></ispartof></parts><date>29-08-20 22:48:00:172</date><id>0</id><type>bounding_box</type><polygon><username>anonymous</username><pt><x>4685</x><y>1352</y><time>29-08-20 22:47:53:236</time></pt><pt><x>382</x><y>1352</y><time>29-08-20 22:47:55:943</time></pt><pt><x>382</x><y>139</y><time>undefined</time></pt><pt><x>4685</x><y>139</y><time>undefined</time></pt><closed_date>29-08-20 22:47:55:945</closed_date></polygon></object></annotation>