<annotation><filename>img_m1_s10_303_p_nic090.jpg</filename><folder>users/joselusava//santiago</folder><source><submittedBy>Jose Saca</submittedBy></source><imagesize><nrows>3200</nrows><ncols>4800</ncols></imagesize><object><name>m1_s10_303_p_nic090</name><deleted>0</deleted><verified>0</verified><occluded>no</occluded><attributes></attributes><parts><hasparts></hasparts><ispartof></ispartof></parts><date>01-09-20 23:10:15:782</date><id>0</id><type>bounding_box</type><polygon><username>anonymous</username><pt><x>371</x><y>583</y><time>01-09-20 23:10:07:568</time></pt><pt><x>1141</x><y>583</y><time>01-09-20 23:10:08:916</time></pt><pt><x>1141</x><y>1289</y><time>undefined</time></pt><pt><x>371</x><y>1289</y><time>undefined</time></pt><closed_date>01-09-20 23:10:08:917</closed_date></polygon></object></annotation>