<annotation><filename>m2_s05_236_p_ic049.jpg</filename><folder>users/joselusava//museos2020</folder><source><submittedBy>Jose Saca</submittedBy></source><imagesize><nrows>2910</nrows><ncols>4361</ncols></imagesize><object><name>m2_s05_236_p_ic049</name><deleted>0</deleted><verified>0</verified><occluded>no</occluded><attributes></attributes><parts><hasparts></hasparts><ispartof></ispartof></parts><date>16-09-20 18:41:45:038</date><id>0</id><type>bounding_box</type><polygon><username>anonymous</username><pt><x>590</x><y>172</y><time>16-09-20 18:41:26:871</time></pt><pt><x>4174</x><y>172</y><time>16-09-20 18:41:28:995</time></pt><pt><x>4174</x><y>2719</y><time>undefined</time></pt><pt><x>590</x><y>2719</y><time>undefined</time></pt><closed_date>16-09-20 18:41:28:997</closed_date></polygon></object></annotation>