<annotation><filename>m2_s01_054_p_nic094.jpg</filename><folder>users/joselusava//kath</folder><source><submittedBy>Jose Saca</submittedBy></source><imagesize><nrows>2850</nrows><ncols>4271</ncols></imagesize><object><name>m2_s01_054_p_nic094</name><deleted>0</deleted><verified>0</verified><occluded>no</occluded><attributes></attributes><parts><hasparts></hasparts><ispartof></ispartof></parts><date>30-09-20 22:11:23:343</date><id>0</id><polygon><username>kath</username><pt><x>2548</x><y>618</y><time>30-09-20 22:11:10:802</time></pt><pt><x>2682</x><y>2345</y><time>30-09-20 22:11:12:669</time></pt><pt><x>3784</x><y>2352</y><time>30-09-20 22:11:14:171</time></pt><pt><x>3931</x><y>618</y><time>30-09-20 22:11:15:758</time></pt><closed_date>30-09-20 22:11:17:674</closed_date></polygon></object></annotation>