<annotation><filename>m4_s05_060_p_ic098.jpg</filename><folder>users/joselusava//m4_js/60/ic</folder><source><submittedBy>Jose Saca</submittedBy></source><imagesize><nrows>2910</nrows><ncols>4361</ncols></imagesize><object><name>m4_s05_060_p_ic098</name><deleted>0</deleted><verified>0</verified><occluded>no</occluded><attributes></attributes><parts><hasparts></hasparts><ispartof></ispartof></parts><date>13-10-20 16:11:29:883</date><id>0</id><type>bounding_box</type><polygon><username>anonymous</username><pt><x>4169</x><y>2463</y><time>13-10-20 16:11:27:491</time></pt><pt><x>157</x><y>2463</y><time>13-10-20 16:11:29:066</time></pt><pt><x>157</x><y>366</y><time>undefined</time></pt><pt><x>4169</x><y>366</y><time>undefined</time></pt><closed_date>13-10-20 16:11:29:066</closed_date></polygon></object></annotation>