<annotation><filename>m4_s05_055_p_ic062.jpg</filename><folder>users/joselusava//valeria/m4_s05_055_ic</folder><source><submittedBy>Jose Saca</submittedBy></source><imagesize><nrows>2910</nrows><ncols>4361</ncols></imagesize><object><name>m4_s05_055_p_ic062</name><deleted>0</deleted><verified>0</verified><occluded>no</occluded><attributes></attributes><parts><hasparts></hasparts><ispartof></ispartof></parts><date>08-10-20 22:42:11:166</date><id>0</id><type>bounding_box</type><polygon><username>anonymous</username><pt><x>1190</x><y>331</y><time>08-10-20 22:42:05:395</time></pt><pt><x>3208</x><y>331</y><time>08-10-20 22:42:07:658</time></pt><pt><x>3208</x><y>2447</y><time>undefined</time></pt><pt><x>1190</x><y>2447</y><time>undefined</time></pt><closed_date>08-10-20 22:42:07:659</closed_date></polygon></object></annotation>