<annotation><filename>m4_s04_037_p_nic089.jpg</filename><folder>users/joselusava//santiago_2</folder><source><submittedBy>Jose Saca</submittedBy></source><imagesize><nrows>2970</nrows><ncols>4451</ncols></imagesize><object><name>m4_s04_037_p_nic089</name><deleted>0</deleted><verified>0</verified><occluded>no</occluded><attributes></attributes><parts><hasparts></hasparts><ispartof></ispartof></parts><date>19-10-20 22:55:03:615</date><id>0</id><type>bounding_box</type><polygon><username>anonymous</username><pt><x>2981</x><y>236</y><time>19-10-20 22:54:57:186</time></pt><pt><x>3898</x><y>236</y><time>19-10-20 22:54:58:165</time></pt><pt><x>3898</x><y>1678</y><time>undefined</time></pt><pt><x>2981</x><y>1678</y><time>undefined</time></pt><closed_date>19-10-20 22:54:58:167</closed_date></polygon></object></annotation>