<annotation><filename>m1_s01_017_p_nic087.jpg</filename><folder>users/joselusava//santiago</folder><source><submittedBy>Jose Saca</submittedBy></source><imagesize><nrows>3200</nrows><ncols>4800</ncols></imagesize><object><name>m1_s01_017_p_nic087</name><deleted>0</deleted><verified>0</verified><occluded>no</occluded><attributes></attributes><parts><hasparts></hasparts><ispartof></ispartof></parts><date>11-09-20 20:01:22:191</date><id>0</id><type>bounding_box</type><polygon><username>anonymous</username><pt><x>634</x><y>1483</y><time>11-09-20 20:01:14:167</time></pt><pt><x>1173</x><y>1483</y><time>11-09-20 20:01:15:169</time></pt><pt><x>1173</x><y>1915</y><time>undefined</time></pt><pt><x>634</x><y>1915</y><time>undefined</time></pt><closed_date>11-09-20 20:01:15:170</closed_date></polygon></object></annotation>