<annotation><filename>m3_s01_023_p_ic090.jpg</filename><folder>users/joselusava//santiago_3</folder><source><submittedBy>Jose Saca</submittedBy></source><imagesize><nrows>2970</nrows><ncols>4451</ncols></imagesize><object><name>m3_s01_023_p_ic090</name><deleted>0</deleted><verified>0</verified><occluded>no</occluded><attributes></attributes><parts><hasparts></hasparts><ispartof></ispartof></parts><date>04-11-20 21:05:55:564</date><id>0</id><type>bounding_box</type><polygon><username>anonymous</username><pt><x>607</x><y>803</y><time>04-11-20 21:05:51:355</time></pt><pt><x>4155</x><y>803</y><time>04-11-20 21:05:53:224</time></pt><pt><x>4155</x><y>2592</y><time>undefined</time></pt><pt><x>607</x><y>2592</y><time>undefined</time></pt><closed_date>04-11-20 21:05:53:226</closed_date></polygon></object></annotation>