<annotation><filename>m2_s05_236_p_nic020.jpg</filename><folder>users/joselusava//museos2020</folder><source><submittedBy>Jose Saca</submittedBy></source><imagesize><nrows>2910</nrows><ncols>4361</ncols></imagesize><object><name>m2_s05_236_p_nic020</name><deleted>0</deleted><verified>0</verified><occluded>no</occluded><attributes></attributes><parts><hasparts></hasparts><ispartof></ispartof></parts><date>17-09-20 06:56:25:269</date><id>0</id><type>bounding_box</type><polygon><username>anonymous</username><pt><x>846</x><y>1111</y><time>17-09-20 06:56:13:690</time></pt><pt><x>3156</x><y>1111</y><time>17-09-20 06:56:15:259</time></pt><pt><x>3156</x><y>2817</y><time>undefined</time></pt><pt><x>846</x><y>2817</y><time>undefined</time></pt><closed_date>17-09-20 06:56:15:260</closed_date></polygon></object></annotation>