<annotation><filename>m4_s07_105_p_nic074.jpg</filename><folder>users/joselusava//kath/m4_105/nic</folder><source><submittedBy>Jose Saca</submittedBy></source><imagesize><nrows>2970</nrows><ncols>4451</ncols></imagesize><object><name>m4_s07_105_p_nic074</name><deleted>0</deleted><verified>0</verified><occluded>no</occluded><attributes></attributes><parts><hasparts></hasparts><ispartof></ispartof></parts><date>03-11-20 09:08:09:327</date><id>0</id><type>bounding_box</type><polygon><username>anonymous</username><pt><x>3359</x><y>1865</y><time>03-11-20 09:07:59:557</time></pt><pt><x>4133</x><y>1865</y><time>03-11-20 09:08:01:174</time></pt><pt><x>4133</x><y>332</y><time>undefined</time></pt><pt><x>3359</x><y>332</y><time>undefined</time></pt><closed_date>03-11-20 09:08:01:176</closed_date></polygon></object></annotation>