<annotation><filename>m2_s01_056_p_ic004.jpg</filename><folder>users/joselusava//m2_jsv/56/ic</folder><source><submittedBy>Jose Saca</submittedBy></source><imagesize><nrows>2850</nrows><ncols>4271</ncols></imagesize><object><name>m2_s01_056_p_ic004</name><deleted>0</deleted><verified>0</verified><occluded>no</occluded><attributes></attributes><parts><hasparts></hasparts><ispartof></ispartof></parts><date>28-09-20 21:25:53:383</date><id>0</id><type>bounding_box</type><polygon><username>anonymous</username><pt><x>2853</x><y>2768</y><time>28-09-20 21:25:50:683</time></pt><pt><x>1257</x><y>2768</y><time>28-09-20 21:25:52:038</time></pt><pt><x>1257</x><y>297</y><time>undefined</time></pt><pt><x>2853</x><y>297</y><time>undefined</time></pt><closed_date>28-09-20 21:25:52:038</closed_date></polygon></object></annotation>