<annotation><filename>m4_s10_157_p_ic090.jpg</filename><folder>users/joselusava//valeria/m04_s10_157_ic</folder><source><submittedBy>Jose Saca</submittedBy></source><imagesize><nrows>2970</nrows><ncols>4451</ncols></imagesize><object><name>m4_s10_157_p_ic090</name><deleted>0</deleted><verified>0</verified><occluded>no</occluded><attributes></attributes><parts><hasparts></hasparts><ispartof></ispartof></parts><date>12-10-20 18:21:48:535</date><id>0</id><type>bounding_box</type><polygon><username>anonymous</username><pt><x>1339</x><y>2829</y><time>12-10-20 18:21:41:895</time></pt><pt><x>3448</x><y>2829</y><time>12-10-20 18:21:44:916</time></pt><pt><x>3448</x><y>506</y><time>undefined</time></pt><pt><x>1339</x><y>506</y><time>undefined</time></pt><closed_date>12-10-20 18:21:44:917</closed_date></polygon></object></annotation>