<annotation><filename>m4_s11_176_p_ic064.jpg</filename><folder>users/joselusava//m4_js/176/ic</folder><source><submittedBy>Jose Saca</submittedBy></source><imagesize><nrows>2970</nrows><ncols>4451</ncols></imagesize><object><name>m4_s11_176_p_ic064</name><deleted>0</deleted><verified>0</verified><occluded>no</occluded><attributes></attributes><parts><hasparts></hasparts><ispartof></ispartof></parts><date>15-10-20 09:54:45:419</date><id>0</id><type>bounding_box</type><polygon><username>anonymous</username><pt><x>2958</x><y>2514</y><time>15-10-20 09:54:43:464</time></pt><pt><x>1182</x><y>2514</y><time>15-10-20 09:54:44:778</time></pt><pt><x>1182</x><y>764</y><time>undefined</time></pt><pt><x>2958</x><y>764</y><time>undefined</time></pt><closed_date>15-10-20 09:54:44:778</closed_date></polygon></object></annotation>