<annotation><filename>m1_s01_001_p_ic029.jpg</filename><folder>users/joselusava//juancarlos</folder><source><submittedBy>Jose Saca</submittedBy></source><imagesize><nrows>2000</nrows><ncols>2992</ncols></imagesize><object><name>m1_s01_001_p_ic029</name><deleted>0</deleted><verified>0</verified><occluded>no</occluded><attributes></attributes><parts><hasparts></hasparts><ispartof></ispartof></parts><date>26-08-20 20:15:49:507</date><id>0</id><type>bounding_box</type><polygon><username>anonymous</username><pt><x>920</x><y>769</y><time>26-08-20 20:15:39:103</time></pt><pt><x>2064</x><y>769</y><time>26-08-20 20:15:42:392</time></pt><pt><x>2064</x><y>1606</y><time>undefined</time></pt><pt><x>920</x><y>1606</y><time>undefined</time></pt><closed_date>26-08-20 20:15:42:393</closed_date></polygon></object></annotation>