<annotation><filename>m4_s04_039_p_ic019.jpg</filename><folder>users/joselusava//santiago_2</folder><source><submittedBy>Jose Saca</submittedBy></source><imagesize><nrows>2970</nrows><ncols>4451</ncols></imagesize><object><name>m4_s04_039_p_ic019</name><deleted>0</deleted><verified>0</verified><occluded>no</occluded><attributes></attributes><parts><hasparts></hasparts><ispartof></ispartof></parts><date>20-10-20 14:04:00:757</date><id>0</id><type>bounding_box</type><polygon><username>anonymous</username><pt><x>1903</x><y>211</y><time>20-10-20 14:03:55:832</time></pt><pt><x>2763</x><y>211</y><time>20-10-20 14:03:58:552</time></pt><pt><x>2763</x><y>2952</y><time>undefined</time></pt><pt><x>1903</x><y>2952</y><time>undefined</time></pt><closed_date>20-10-20 14:03:58:553</closed_date></polygon></object></annotation>