<annotation><filename>m2_s01_034_p_ic031.jpg</filename><folder>users/joselusava//kath</folder><source><submittedBy>Jose Saca</submittedBy></source><imagesize><nrows>2850</nrows><ncols>4271</ncols></imagesize><object><name>m2_s01_034_p_ic030</name><deleted>0</deleted><verified>0</verified><occluded>no</occluded><attributes></attributes><parts><hasparts></hasparts><ispartof></ispartof></parts><date>25-09-20 13:31:07:072</date><id>0</id><polygon><username>anonymous</username><pt><x>1494</x><y>341</y><time>25-09-20 13:30:46:064</time></pt><pt><x>1356</x><y>2661</y><time>25-09-20 13:30:47:645</time></pt><pt><x>3002</x><y>2647</y><time>25-09-20 13:30:49:500</time></pt><pt><x>2625</x><y>276</y><time>25-09-20 13:31:01:521</time></pt><closed_date>25-09-20 13:31:03:564</closed_date></polygon></object></annotation>