<annotation><filename>m1_s01_001_p_ic044.jpg</filename><folder>users/joselusava//juancarlos</folder><source><submittedBy>Jose Saca</submittedBy></source><imagesize><nrows>2000</nrows><ncols>2992</ncols></imagesize><object><name>m1_s01_001_p_ic044</name><deleted>1</deleted><verified>0</verified><occluded>no</occluded><attributes></attributes><parts><hasparts></hasparts><ispartof></ispartof></parts><date>31-08-20 11:56:19:078</date><id>0</id><type>bounding_box</type><polygon><username>anonymous</username><pt><x>1036</x><y>828</y><time>31-08-20 11:55:56:936</time></pt><pt><x>1934</x><y>828</y><time>31-08-20 11:55:59:823</time></pt><pt><x>1934</x><y>1619</y><time>undefined</time></pt><pt><x>1036</x><y>1619</y><time>undefined</time></pt><closed_date>31-08-20 11:55:59:825</closed_date></polygon></object><object><name>m1_s01_001_p_ic044</name><deleted>0</deleted><verified>0</verified><occluded>no</occluded><attributes></attributes><parts><hasparts></hasparts><ispartof></ispartof></parts><date>31-08-20 11:58:15:013</date><id>1</id><type>bounding_box</type><polygon><username>anonymous</username><pt><x>1106</x><y>887</y><time>31-08-20 11:58:04:117</time></pt><pt><x>1896</x><y>887</y><time>31-08-20 11:58:08:549</time></pt><pt><x>1896</x><y>1522</y><time>undefined</time></pt><pt><x>1106</x><y>1522</y><time>undefined</time></pt><closed_date>31-08-20 11:58:08:550</closed_date></polygon></object></annotation>