<annotation><filename>m1_s01_004_p_nic037.jpg</filename><folder>users/joselusava//valeria_apoyo/sala01_004_nic</folder><source><submittedBy>Jose Saca</submittedBy></source><imagesize><nrows>3200</nrows><ncols>4800</ncols></imagesize><object><name>m1_s01_004_p_nic037</name><deleted>0</deleted><verified>0</verified><occluded>no</occluded><attributes></attributes><parts><hasparts></hasparts><ispartof></ispartof></parts><date>16-09-20 21:33:39:956</date><id>0</id><type>bounding_box</type><polygon><username>anonymous</username><pt><x>73</x><y>3182</y><time>16-09-20 21:33:30:593</time></pt><pt><x>4788</x><y>3182</y><time>16-09-20 21:33:33:860</time></pt><pt><x>4788</x><y>1776</y><time>undefined</time></pt><pt><x>73</x><y>1776</y><time>undefined</time></pt><closed_date>16-09-20 21:33:33:862</closed_date></polygon></object></annotation>