<annotation><filename>m1_s06_168_p_nic060.jpg</filename><folder>users/joselusava//jacob_2/168nic</folder><source><submittedBy>Jose Saca</submittedBy></source><imagesize><nrows>2736</nrows><ncols>4100</ncols></imagesize><object><name>m1_s06_168_p_nic060</name><deleted>0</deleted><verified>0</verified><occluded>no</occluded><attributes></attributes><parts><hasparts></hasparts><ispartof></ispartof></parts><date>08-09-20 23:21:49:741</date><id>0</id><type>bounding_box</type><polygon><username>anonymous</username><pt><x>1689</x><y>1566</y><time>08-09-20 23:21:47:263</time></pt><pt><x>935</x><y>1566</y><time>08-09-20 23:21:49:020</time></pt><pt><x>935</x><y>172</y><time>undefined</time></pt><pt><x>1689</x><y>172</y><time>undefined</time></pt><closed_date>08-09-20 23:21:49:021</closed_date></polygon></object></annotation>