<annotation><filename>m2_s01_058_p_ic095.jpg</filename><folder>users/joselusava//m2_jsv/58/ic</folder><source><submittedBy>Jose Saca</submittedBy></source><imagesize><nrows>2850</nrows><ncols>4271</ncols></imagesize><object><name>m2_s01_058_p_ic095</name><deleted>0</deleted><verified>0</verified><occluded>no</occluded><attributes></attributes><parts><hasparts></hasparts><ispartof></ispartof></parts><date>29-09-20 21:02:19:886</date><id>0</id><type>bounding_box</type><polygon><username>anonymous</username><pt><x>3632</x><y>350</y><time>29-09-20 21:02:17:733</time></pt><pt><x>350</x><y>350</y><time>29-09-20 21:02:18:906</time></pt><pt><x>350</x><y>2745</y><time>undefined</time></pt><pt><x>3632</x><y>2745</y><time>undefined</time></pt><closed_date>29-09-20 21:02:18:906</closed_date></polygon></object></annotation>