<annotation><filename>m2_s05_236_p_ic068.jpg</filename><folder>users/joselusava//museos2020</folder><source><submittedBy>Jose Saca</submittedBy></source><imagesize><nrows>2910</nrows><ncols>4361</ncols></imagesize><object><name>m2_s05_236_p_ic068</name><deleted>0</deleted><verified>0</verified><occluded>no</occluded><attributes></attributes><parts><hasparts></hasparts><ispartof></ispartof></parts><date>16-09-20 19:09:00:722</date><id>0</id><type>bounding_box</type><polygon><username>anonymous</username><pt><x>107</x><y>274</y><time>16-09-20 19:08:50:651</time></pt><pt><x>3524</x><y>274</y><time>16-09-20 19:08:51:768</time></pt><pt><x>3524</x><y>2864</y><time>undefined</time></pt><pt><x>107</x><y>2864</y><time>undefined</time></pt><closed_date>16-09-20 19:08:51:768</closed_date></polygon></object></annotation>