<annotation><filename>m4_s02_015_p_nic074.jpg</filename><folder>users/joselusava//m4_js/15nic</folder><source><submittedBy>Jose Saca</submittedBy></source><imagesize><nrows>2910</nrows><ncols>4361</ncols></imagesize><object><name>m4_s02_015_p_nic074</name><deleted>0</deleted><verified>0</verified><occluded>no</occluded><attributes></attributes><parts><hasparts></hasparts><ispartof></ispartof></parts><date>06-10-20 20:12:01:520</date><id>0</id><type>bounding_box</type><polygon><username>anonymous</username><pt><x>1863</x><y>305</y><time>06-10-20 20:11:58:472</time></pt><pt><x>17</x><y>305</y><time>06-10-20 20:12:00:535</time></pt><pt><x>17</x><y>2176</y><time>undefined</time></pt><pt><x>1863</x><y>2176</y><time>undefined</time></pt><closed_date>06-10-20 20:12:00:535</closed_date></polygon></object></annotation>