<annotation><filename>m4_s11_178_p_ic084.jpg</filename><folder>users/joselusava//santiago_2</folder><source><submittedBy>Jose Saca</submittedBy></source><imagesize><nrows>2970</nrows><ncols>4451</ncols></imagesize><object><name>m4_s11_178_p_ic084</name><deleted>0</deleted><verified>0</verified><occluded>no</occluded><attributes></attributes><parts><hasparts></hasparts><ispartof></ispartof></parts><date>15-10-20 22:22:46:118</date><id>0</id><type>bounding_box</type><polygon><username>anonymous</username><pt><x>1599</x><y>657</y><time>15-10-20 22:22:43:070</time></pt><pt><x>2752</x><y>657</y><time>15-10-20 22:22:44:366</time></pt><pt><x>2752</x><y>2242</y><time>undefined</time></pt><pt><x>1599</x><y>2242</y><time>undefined</time></pt><closed_date>15-10-20 22:22:44:367</closed_date></polygon></object></annotation>