<annotation><filename>m1_s01_017_p_nic091.jpg</filename><folder>users/joselusava//santiago</folder><source><submittedBy>Jose Saca</submittedBy></source><imagesize><nrows>3200</nrows><ncols>4800</ncols></imagesize><object><name>m1_s01_017_p_nic091</name><deleted>0</deleted><verified>0</verified><occluded>no</occluded><attributes></attributes><parts><hasparts></hasparts><ispartof></ispartof></parts><date>11-09-20 20:06:00:067</date><id>0</id><type>bounding_box</type><polygon><username>anonymous</username><pt><x>763</x><y>1173</y><time>11-09-20 20:05:51:971</time></pt><pt><x>1267</x><y>1173</y><time>11-09-20 20:05:53:376</time></pt><pt><x>1267</x><y>1728</y><time>undefined</time></pt><pt><x>763</x><y>1728</y><time>undefined</time></pt><closed_date>11-09-20 20:05:53:377</closed_date></polygon></object></annotation>