<annotation><filename>m2_s02_085_p_nic098.jpg</filename><folder>users/joselusava//m2_jsv/85/nic</folder><source><submittedBy>Jose Saca</submittedBy></source><imagesize><nrows>2910</nrows><ncols>4361</ncols></imagesize><object><name>m2_s02_085_p_nic098</name><deleted>0</deleted><verified>0</verified><occluded>no</occluded><attributes></attributes><parts><hasparts></hasparts><ispartof></ispartof></parts><date>19-09-20 23:07:55:882</date><id>0</id><type>bounding_box</type><polygon><username>anonymous</username><pt><x>2159</x><y>1793</y><time>19-09-20 23:07:54:251</time></pt><pt><x>2812</x><y>1793</y><time>19-09-20 23:07:55:264</time></pt><pt><x>2812</x><y>2498</y><time>undefined</time></pt><pt><x>2159</x><y>2498</y><time>undefined</time></pt><closed_date>19-09-20 23:07:55:265</closed_date></polygon></object></annotation>