<annotation><filename>m2_s02_129_p_nic017.jpg</filename><folder>users/joselusava//m2_jsv/129/nic</folder><source><submittedBy>Jose Saca</submittedBy></source><imagesize><nrows>2910</nrows><ncols>4361</ncols></imagesize><object><name>m2_s02_129_p_nic017</name><deleted>0</deleted><verified>0</verified><occluded>no</occluded><attributes></attributes><parts><hasparts></hasparts><ispartof></ispartof></parts><date>24-09-20 19:49:28:276</date><id>0</id><type>bounding_box</type><polygon><username>anonymous</username><pt><x>1227</x><y>1428</y><time>24-09-20 19:49:25:388</time></pt><pt><x>17</x><y>1428</y><time>24-09-20 19:49:26:760</time></pt><pt><x>17</x><y>400</y><time>undefined</time></pt><pt><x>1227</x><y>400</y><time>undefined</time></pt><closed_date>24-09-20 19:49:26:760</closed_date></polygon></object></annotation>