<annotation><filename>m1_s02_065_p_nic064.jpg</filename><folder>users/joselusava//valeria/sala2_065_nic</folder><source><submittedBy>Jose Saca</submittedBy></source><imagesize><nrows>2000</nrows><ncols>2992</ncols></imagesize><object><name>m1_s02_065_p_nic064</name><deleted>0</deleted><verified>0</verified><occluded>no</occluded><attributes></attributes><parts><hasparts></hasparts><ispartof></ispartof></parts><date>27-08-20 23:49:52:423</date><id>0</id><type>bounding_box</type><polygon><username>anonymous</username><pt><x>1621</x><y>1282</y><time>27-08-20 23:49:46:327</time></pt><pt><x>188</x><y>1282</y><time>27-08-20 23:49:48:296</time></pt><pt><x>188</x><y>809</y><time>undefined</time></pt><pt><x>1621</x><y>809</y><time>undefined</time></pt><closed_date>27-08-20 23:49:48:297</closed_date></polygon></object></annotation>