<annotation><filename>m2_s01_024_p_ic068.jpg</filename><folder>users/joselusava//santiago</folder><source><submittedBy>Jose Saca</submittedBy></source><imagesize><nrows>2850</nrows><ncols>4271</ncols></imagesize><object><name>m2_s01_024_p_ic068</name><deleted>0</deleted><verified>0</verified><occluded>no</occluded><attributes></attributes><parts><hasparts></hasparts><ispartof></ispartof></parts><date>24-09-20 22:38:46:342</date><id>0</id><type>bounding_box</type><polygon><username>anonymous</username><pt><x>1189</x><y>32</y><time>24-09-20 22:38:38:147</time></pt><pt><x>2866</x><y>32</y><time>24-09-20 22:38:40:057</time></pt><pt><x>2866</x><y>2388</y><time>undefined</time></pt><pt><x>1189</x><y>2388</y><time>undefined</time></pt><closed_date>24-09-20 22:38:40:058</closed_date></polygon></object></annotation>