<annotation><filename>m4_s03_025_p_nic013.jpg</filename><folder>users/joselusava//santiago_3</folder><source><submittedBy>Jose Saca</submittedBy></source><imagesize><nrows>2910</nrows><ncols>4361</ncols></imagesize><object><name>m4_s03_025_p_nic013</name><deleted>0</deleted><verified>0</verified><occluded>no</occluded><attributes></attributes><parts><hasparts></hasparts><ispartof></ispartof></parts><date>07-11-20 23:09:13:134</date><id>0</id><type>bounding_box</type><polygon><username>anonymous</username><pt><x>430</x><y>238</y><time>07-11-20 23:09:08:481</time></pt><pt><x>2683</x><y>238</y><time>07-11-20 23:09:10:593</time></pt><pt><x>2683</x><y>1640</y><time>undefined</time></pt><pt><x>430</x><y>1640</y><time>undefined</time></pt><closed_date>07-11-20 23:09:10:594</closed_date></polygon></object></annotation>