<annotation><filename>m4_s02_015_p_nic022.jpg</filename><folder>users/joselusava//m4_js/caca</folder><source><submittedBy>Jose Saca</submittedBy></source><imagesize><nrows>2910</nrows><ncols>4361</ncols></imagesize><object><name>m4_s02_015_p_nic022</name><deleted>0</deleted><verified>0</verified><occluded>no</occluded><attributes></attributes><parts><hasparts></hasparts><ispartof></ispartof></parts><date>02-11-20 21:11:42:286</date><id>0</id><type>bounding_box</type><polygon><username>anonymous</username><pt><x>4161</x><y>975</y><time>02-11-20 21:11:40:245</time></pt><pt><x>2768</x><y>975</y><time>02-11-20 21:11:41:701</time></pt><pt><x>2768</x><y>2707</y><time>undefined</time></pt><pt><x>4161</x><y>2707</y><time>undefined</time></pt><closed_date>02-11-20 21:11:41:701</closed_date></polygon></object></annotation>