<annotation><filename>m4_s12_185_p_ic050.jpg</filename><folder>users/joselusava//valeria/m04_s12_185_ic</folder><source><submittedBy>Jose Saca</submittedBy></source><imagesize><nrows>2910</nrows><ncols>4361</ncols></imagesize><object><name>m4_s12_185_p_ic050</name><deleted>0</deleted><verified>0</verified><occluded>no</occluded><attributes></attributes><parts><hasparts></hasparts><ispartof></ispartof></parts><date>17-10-20 17:17:05:595</date><id>0</id><type>bounding_box</type><polygon><username>anonymous</username><pt><x>3430</x><y>2787</y><time>17-10-20 17:16:58:644</time></pt><pt><x>1035</x><y>2787</y><time>17-10-20 17:17:01:017</time></pt><pt><x>1035</x><y>319</y><time>undefined</time></pt><pt><x>3430</x><y>319</y><time>undefined</time></pt><closed_date>17-10-20 17:17:01:018</closed_date></polygon></object></annotation>