<annotation><filename>m3_s01_013_p_ic039.jpg</filename><folder>users/joselusava//valeria/m03_s01_13_ic</folder><source><submittedBy>Jose Saca</submittedBy></source><imagesize><nrows>2970</nrows><ncols>4451</ncols></imagesize><object><name>m3_s01_013_p_ic038</name><deleted>0</deleted><verified>0</verified><occluded>no</occluded><attributes></attributes><parts><hasparts></hasparts><ispartof></ispartof></parts><date>29-10-20 13:42:36:110</date><id>0</id><type>bounding_box</type><polygon><username>anonymous</username><pt><x>3901</x><y>2724</y><time>29-10-20 13:42:30:497</time></pt><pt><x>520</x><y>2724</y><time>29-10-20 13:42:33:084</time></pt><pt><x>520</x><y>297</y><time>undefined</time></pt><pt><x>3901</x><y>297</y><time>undefined</time></pt><closed_date>29-10-20 13:42:33:085</closed_date></polygon></object></annotation>