<annotation><filename>m1_s06_144_p_ic055.jpg</filename><folder>users/joselusava//jacob_2/144ic</folder><source><submittedBy>Jose Saca</submittedBy></source><imagesize><nrows>2736</nrows><ncols>4100</ncols></imagesize><object><name>m1_s06_144_p_ic055</name><deleted>0</deleted><verified>0</verified><occluded>no</occluded><attributes></attributes><parts><hasparts></hasparts><ispartof></ispartof></parts><date>07-09-20 15:24:42:511</date><id>0</id><type>bounding_box</type><polygon><username>anonymous</username><pt><x>734</x><y>57</y><time>07-09-20 15:24:39:129</time></pt><pt><x>3847</x><y>57</y><time>07-09-20 15:24:41:742</time></pt><pt><x>3847</x><y>2617</y><time>undefined</time></pt><pt><x>734</x><y>2617</y><time>undefined</time></pt><closed_date>07-09-20 15:24:41:742</closed_date></polygon></object></annotation>