<annotation><filename>m1_s02_036_p_nic083.jpg</filename><folder>users/joselusava//valeria/sala2_036_nic</folder><source><submittedBy>Jose Saca</submittedBy></source><imagesize><nrows>3200</nrows><ncols>4800</ncols></imagesize><object><name>m1_s02_036_p_nic083</name><deleted>0</deleted><verified>0</verified><occluded>no</occluded><attributes></attributes><parts><hasparts></hasparts><ispartof></ispartof></parts><date>27-08-20 12:51:48:814</date><id>0</id><type>bounding_box</type><polygon><username>anonymous</username><pt><x>1541</x><y>2126</y><time>27-08-20 12:51:41:896</time></pt><pt><x>677</x><y>2126</y><time>27-08-20 12:51:44:772</time></pt><pt><x>677</x><y>1026</y><time>undefined</time></pt><pt><x>1541</x><y>1026</y><time>undefined</time></pt><closed_date>27-08-20 12:51:44:773</closed_date></polygon></object></annotation>