<annotation><filename>m2_s03_201_p_ic074.jpg</filename><folder>users/joselusava//eg</folder><source><submittedBy>Jose Saca</submittedBy></source><imagesize><nrows>2910</nrows><ncols>4361</ncols></imagesize><object><name>m2_s03_201_p_ic074</name><deleted>0</deleted><verified>0</verified><occluded>no</occluded><attributes></attributes><parts><hasparts></hasparts><ispartof></ispartof></parts><date>17-09-20 07:45:33:878</date><id>0</id><type>bounding_box</type><polygon><username>anonymous</username><pt><x>1204</x><y>2638</y><time>17-09-20 07:45:21:030</time></pt><pt><x>3218</x><y>2638</y><time>17-09-20 07:45:23:459</time></pt><pt><x>3218</x><y>122</y><time>undefined</time></pt><pt><x>1204</x><y>122</y><time>undefined</time></pt><closed_date>17-09-20 07:45:23:459</closed_date></polygon></object></annotation>