<annotation><filename>m1_s06_186_p_nic031.jpg</filename><folder>users/joselusava//jacob_2/186nic</folder><source><submittedBy>Jose Saca</submittedBy></source><imagesize><nrows>2736</nrows><ncols>4100</ncols></imagesize><object><name>m1_s06_186_p_nic031</name><deleted>0</deleted><verified>0</verified><occluded>no</occluded><attributes></attributes><parts><hasparts></hasparts><ispartof></ispartof></parts><date>09-09-20 23:12:42:906</date><id>0</id><type>bounding_box</type><polygon><username>anonymous</username><pt><x>2128</x><y>2561</y><time>09-09-20 23:12:40:983</time></pt><pt><x>3650</x><y>2561</y><time>09-09-20 23:12:42:250</time></pt><pt><x>3650</x><y>818</y><time>undefined</time></pt><pt><x>2128</x><y>818</y><time>undefined</time></pt><closed_date>09-09-20 23:12:42:250</closed_date></polygon></object></annotation>