<annotation><filename>m4_s10_157_p_ic064.jpg</filename><folder>users/joselusava//valeria/m04_s10_157_nic</folder><source><submittedBy>Jose Saca</submittedBy></source><imagesize><nrows>2970</nrows><ncols>4451</ncols></imagesize><object><name>m4_s10_157_p_nic064</name><deleted>0</deleted><verified>0</verified><occluded>no</occluded><attributes></attributes><parts><hasparts></hasparts><ispartof></ispartof></parts><date>12-10-20 21:28:50:617</date><id>0</id><type>bounding_box</type><polygon><username>anonymous</username><pt><x>411</x><y>2329</y><time>12-10-20 21:28:44:389</time></pt><pt><x>2177</x><y>2329</y><time>12-10-20 21:28:47:146</time></pt><pt><x>2177</x><y>135</y><time>undefined</time></pt><pt><x>411</x><y>135</y><time>undefined</time></pt><closed_date>12-10-20 21:28:47:147</closed_date></polygon></object></annotation>