<annotation><filename>m1_s01_004_p_nic050.jpg</filename><folder>users/joselusava//valeria_apoyo/sala01_004_nic</folder><source><submittedBy>Jose Saca</submittedBy></source><imagesize><nrows>3200</nrows><ncols>4800</ncols></imagesize><object><name>m1_s01_004_p_nic050</name><deleted>0</deleted><verified>0</verified><occluded>no</occluded><attributes></attributes><parts><hasparts></hasparts><ispartof></ispartof></parts><date>17-09-20 14:54:20:729</date><id>0</id><type>bounding_box</type><polygon><username>anonymous</username><pt><x>61</x><y>3073</y><time>17-09-20 14:54:09:559</time></pt><pt><x>3230</x><y>3073</y><time>17-09-20 14:54:12:543</time></pt><pt><x>3230</x><y>1370</y><time>undefined</time></pt><pt><x>61</x><y>1370</y><time>undefined</time></pt><closed_date>17-09-20 14:54:12:545</closed_date></polygon></object></annotation>