<annotation><filename>img_m1_s03-04_101_p_nic046.jpg</filename><folder>users/joselusava//valeria/sala3y4_101_nic</folder><source><submittedBy>Jose Saca</submittedBy></source><imagesize><nrows>3200</nrows><ncols>4800</ncols></imagesize><object><name>m1_s03_s04_101_p_nic046</name><deleted>0</deleted><verified>0</verified><occluded>no</occluded><attributes></attributes><parts><hasparts></hasparts><ispartof></ispartof></parts><date>30-08-20 00:00:35:828</date><id>0</id><type>bounding_box</type><polygon><username>anonymous</username><pt><x>4000</x><y>3030</y><time>30-08-20 00:00:29:209</time></pt><pt><x>1764</x><y>3030</y><time>30-08-20 00:00:31:991</time></pt><pt><x>1764</x><y>1782</y><time>undefined</time></pt><pt><x>4000</x><y>1782</y><time>undefined</time></pt><closed_date>30-08-20 00:00:31:991</closed_date></polygon></object></annotation>