<annotation><filename>m4_s04_037_p_nic095.jpg</filename><folder>users/joselusava//santiago_2</folder><source><submittedBy>Jose Saca</submittedBy></source><imagesize><nrows>2970</nrows><ncols>4451</ncols></imagesize><object><name>m4_s04_037_p_nic095</name><deleted>0</deleted><verified>0</verified><occluded>no</occluded><attributes></attributes><parts><hasparts></hasparts><ispartof></ispartof></parts><date>19-10-20 22:58:39:159</date><id>0</id><type>bounding_box</type><polygon><username>anonymous</username><pt><x>2749</x><y>960</y><time>19-10-20 22:58:36:613</time></pt><pt><x>3720</x><y>960</y><time>19-10-20 22:58:37:336</time></pt><pt><x>3720</x><y>2445</y><time>undefined</time></pt><pt><x>2749</x><y>2445</y><time>undefined</time></pt><closed_date>19-10-20 22:58:37:337</closed_date></polygon></object></annotation>