<annotation><filename>m1_s02_065_p_ic013.jpg</filename><folder>users/joselusava//valeria/sala2_065_ic</folder><source><submittedBy>Jose Saca</submittedBy></source><imagesize><nrows>2000</nrows><ncols>2992</ncols></imagesize><object><name>m1_s02_065_p_ic013</name><deleted>0</deleted><verified>0</verified><occluded>no</occluded><attributes></attributes><parts><hasparts></hasparts><ispartof></ispartof></parts><date>25-08-20 21:37:17:522</date><id>0</id><type>bounding_box</type><polygon><username>anonymous</username><pt><x>218</x><y>275</y><time>25-08-20 21:37:07:455</time></pt><pt><x>2779</x><y>275</y><time>25-08-20 21:37:12:046</time></pt><pt><x>2779</x><y>1919</y><time>undefined</time></pt><pt><x>218</x><y>1919</y><time>undefined</time></pt><closed_date>25-08-20 21:37:12:047</closed_date></polygon></object></annotation>