<annotation><filename>m2_s01_056_p_nic088.jpg</filename><folder>users/joselusava//m2_jsv/56/nic</folder><source><submittedBy>Jose Saca</submittedBy></source><imagesize><nrows>2850</nrows><ncols>4271</ncols></imagesize><object><name>m2_s01_056_p_nic088</name><deleted>0</deleted><verified>0</verified><occluded>no</occluded><attributes></attributes><parts><hasparts></hasparts><ispartof></ispartof></parts><date>28-09-20 22:36:58:003</date><id>0</id><type>bounding_box</type><polygon><username>anonymous</username><pt><x>4101</x><y>1987</y><time>28-09-20 22:36:56:019</time></pt><pt><x>2980</x><y>1987</y><time>28-09-20 22:36:57:342</time></pt><pt><x>2980</x><y>433</y><time>undefined</time></pt><pt><x>4101</x><y>433</y><time>undefined</time></pt><closed_date>28-09-20 22:36:57:343</closed_date></polygon></object></annotation>