<annotation><filename>m2_s07_262_x.jpg</filename><folder>users/joselusava//museos2020</folder><source><submittedBy>Jose Saca</submittedBy></source><imagesize><nrows>2910</nrows><ncols>4361</ncols></imagesize><object><name>m2_s07_262_x</name><deleted>0</deleted><verified>0</verified><occluded>no</occluded><attributes></attributes><parts><hasparts></hasparts><ispartof></ispartof></parts><date>27-09-20 22:07:52:422</date><id>0</id><type>bounding_box</type><polygon><username>anonymous</username><pt><x>697</x><y>330</y><time>27-09-20 22:07:44:247</time></pt><pt><x>3696</x><y>330</y><time>27-09-20 22:07:45:924</time></pt><pt><x>3696</x><y>2561</y><time>undefined</time></pt><pt><x>697</x><y>2561</y><time>undefined</time></pt><closed_date>27-09-20 22:07:45:926</closed_date></polygon></object></annotation>