<annotation><filename>m1_s01_017_p_nic016.jpg</filename><folder>users/joselusava//santiago</folder><source><submittedBy>Jose Saca</submittedBy></source><imagesize><nrows>3200</nrows><ncols>4800</ncols></imagesize><object><name>m1_s01_017_p_nic016</name><deleted>0</deleted><verified>0</verified><occluded>no</occluded><attributes></attributes><parts><hasparts></hasparts><ispartof></ispartof></parts><date>11-09-20 18:34:06:209</date><id>0</id><type>bounding_box</type><polygon><username>anonymous</username><pt><x>2440</x><y>2430</y><time>11-09-20 18:33:58:342</time></pt><pt><x>2948</x><y>2430</y><time>11-09-20 18:33:59:757</time></pt><pt><x>2948</x><y>2844</y><time>undefined</time></pt><pt><x>2440</x><y>2844</y><time>undefined</time></pt><closed_date>11-09-20 18:33:59:758</closed_date></polygon></object></annotation>