<annotation><filename>m4_s05_060_p_ic020.jpg</filename><folder>users/joselusava//m4_js/60/ic</folder><source><submittedBy>Jose Saca</submittedBy></source><imagesize><nrows>2910</nrows><ncols>4361</ncols></imagesize><object><name>m4_s05_060_p_ic020</name><deleted>0</deleted><verified>0</verified><occluded>no</occluded><attributes></attributes><parts><hasparts></hasparts><ispartof></ispartof></parts><date>13-10-20 15:42:20:220</date><id>0</id><type>bounding_box</type><polygon><username>anonymous</username><pt><x>4196</x><y>2254</y><time>13-10-20 15:42:17:674</time></pt><pt><x>575</x><y>2254</y><time>13-10-20 15:42:19:447</time></pt><pt><x>575</x><y>575</y><time>undefined</time></pt><pt><x>4196</x><y>575</y><time>undefined</time></pt><closed_date>13-10-20 15:42:19:447</closed_date></polygon></object></annotation>