<annotation><filename>m4_s10_154_p_nic049.jpg</filename><folder>users/joselusava//valeria/m04_s10_154_nic</folder><source><submittedBy>Jose Saca</submittedBy></source><imagesize><nrows>2970</nrows><ncols>4451</ncols></imagesize><object><name>m4_s10_154_p_nic049</name><deleted>0</deleted><verified>0</verified><occluded>no</occluded><attributes></attributes><parts><hasparts></hasparts><ispartof></ispartof></parts><date>14-10-20 13:07:34:242</date><id>0</id><type>bounding_box</type><polygon><username>anonymous</username><pt><x>371</x><y>2816</y><time>14-10-20 13:07:28:964</time></pt><pt><x>1525</x><y>2816</y><time>14-10-20 13:07:30:919</time></pt><pt><x>1525</x><y>1062</y><time>undefined</time></pt><pt><x>371</x><y>1062</y><time>undefined</time></pt><closed_date>14-10-20 13:07:30:920</closed_date></polygon></object></annotation>