<annotation><filename>m1_s01_001_p_nic040.jpg</filename><folder>users/joselusava//juancarlos</folder><source><submittedBy>Jose Saca</submittedBy></source><imagesize><nrows>3200</nrows><ncols>4800</ncols></imagesize><object><name>m1_s01_001_p_nic040</name><deleted>0</deleted><verified>0</verified><occluded>no</occluded><attributes></attributes><parts><hasparts></hasparts><ispartof></ispartof></parts><date>02-09-20 16:03:26:622</date><id>0</id><type>bounding_box</type><polygon><username>anonymous</username><pt><x>2582</x><y>1727</y><time>02-09-20 16:03:11:554</time></pt><pt><x>4182</x><y>1727</y><time>02-09-20 16:03:15:228</time></pt><pt><x>4182</x><y>2739</y><time>undefined</time></pt><pt><x>2582</x><y>2739</y><time>undefined</time></pt><closed_date>02-09-20 16:03:15:230</closed_date></polygon></object></annotation>