<annotation><filename>m2_s01_056_p_nic082.jpg</filename><folder>users/joselusava//m2_jsv/56/nic</folder><source><submittedBy>Jose Saca</submittedBy></source><imagesize><nrows>2850</nrows><ncols>4271</ncols></imagesize><object><name>m2_s01_056_p_nic082</name><deleted>0</deleted><verified>0</verified><occluded>no</occluded><attributes></attributes><parts><hasparts></hasparts><ispartof></ispartof></parts><date>28-09-20 22:34:55:562</date><id>0</id><type>bounding_box</type><polygon><username>anonymous</username><pt><x>1605</x><y>1970</y><time>28-09-20 22:34:54:095</time></pt><pt><x>161</x><y>1970</y><time>28-09-20 22:34:54:914</time></pt><pt><x>161</x><y>603</y><time>undefined</time></pt><pt><x>1605</x><y>603</y><time>undefined</time></pt><closed_date>28-09-20 22:34:54:915</closed_date></polygon></object></annotation>