<annotation><filename>m2_s01_018_p_ic030.jpg</filename><folder>users/joselusava//santiago_2</folder><source><submittedBy>Jose Saca</submittedBy></source><imagesize><nrows>2850</nrows><ncols>4271</ncols></imagesize><object><name>m2_s01_018_p_ic030</name><deleted>0</deleted><verified>0</verified><occluded>no</occluded><attributes></attributes><parts><hasparts></hasparts><ispartof></ispartof></parts><date>28-09-20 16:13:01:182</date><id>0</id><type>bounding_box</type><polygon><username>anonymous</username><pt><x>1372</x><y>859</y><time>28-09-20 16:12:51:441</time></pt><pt><x>2844</x><y>859</y><time>28-09-20 16:12:54:799</time></pt><pt><x>2844</x><y>2597</y><time>undefined</time></pt><pt><x>1372</x><y>2597</y><time>undefined</time></pt><closed_date>28-09-20 16:12:54:801</closed_date></polygon></object></annotation>