<annotation><filename>m1_s02_029_p_nic063.jpg</filename><folder>users/joselusava//valeria/sala2_029_nic</folder><source><submittedBy>Jose Saca</submittedBy></source><imagesize><nrows>3200</nrows><ncols>4800</ncols></imagesize><object><name>m1_s02_029_p_nic063</name><deleted>0</deleted><verified>0</verified><occluded>no</occluded><attributes></attributes><parts><hasparts></hasparts><ispartof></ispartof></parts><date>26-08-20 19:56:30:971</date><id>0</id><type>bounding_box</type><polygon><username>anonymous</username><pt><x>3071</x><y>1514</y><time>26-08-20 19:56:26:103</time></pt><pt><x>4397</x><y>1514</y><time>26-08-20 19:56:27:769</time></pt><pt><x>4397</x><y>2856</y><time>undefined</time></pt><pt><x>3071</x><y>2856</y><time>undefined</time></pt><closed_date>26-08-20 19:56:27:770</closed_date></polygon></object></annotation>