<annotation><filename>img_m1_s10_303_p_nic043.jpg</filename><folder>users/joselusava//santiago</folder><source><submittedBy>Jose Saca</submittedBy></source><imagesize><nrows>3200</nrows><ncols>4800</ncols></imagesize><object><name>m1_s10_303_p_nic043</name><deleted>0</deleted><verified>0</verified><occluded>no</occluded><attributes></attributes><parts><hasparts></hasparts><ispartof></ispartof></parts><date>01-09-20 21:21:13:675</date><id>0</id><type>bounding_box</type><polygon><username>anonymous</username><pt><x>3729</x><y>1641</y><time>01-09-20 21:21:04:895</time></pt><pt><x>4478</x><y>1641</y><time>01-09-20 21:21:06:971</time></pt><pt><x>4478</x><y>2415</y><time>undefined</time></pt><pt><x>3729</x><y>2415</y><time>undefined</time></pt><closed_date>01-09-20 21:21:06:972</closed_date></polygon></object></annotation>