<annotation><filename>m2_s02_129_p_nic007.jpg</filename><folder>users/joselusava//m2_jsv/129/nic</folder><source><submittedBy>Jose Saca</submittedBy></source><imagesize><nrows>2910</nrows><ncols>4361</ncols></imagesize><object><name>m2_s02_129_p_nic007</name><deleted>0</deleted><verified>0</verified><occluded>no</occluded><attributes></attributes><parts><hasparts></hasparts><ispartof></ispartof></parts><date>24-09-20 19:45:50:326</date><id>0</id><type>bounding_box</type><polygon><username>anonymous</username><pt><x>3934</x><y>1314</y><time>24-09-20 19:45:48:230</time></pt><pt><x>2899</x><y>1314</y><time>24-09-20 19:45:49:488</time></pt><pt><x>2899</x><y>35</y><time>undefined</time></pt><pt><x>3934</x><y>35</y><time>undefined</time></pt><closed_date>24-09-20 19:45:49:488</closed_date></polygon></object></annotation>