<annotation><filename>m4_s03_025_p_nic086.jpg</filename><folder>users/joselusava//santiago_3</folder><source><submittedBy>Jose Saca</submittedBy></source><imagesize><nrows>2910</nrows><ncols>4361</ncols></imagesize><object><name>m4_s03_025_p_nic086</name><deleted>0</deleted><verified>0</verified><occluded>no</occluded><attributes></attributes><parts><hasparts></hasparts><ispartof></ispartof></parts><date>08-11-20 14:25:27:205</date><id>0</id><type>bounding_box</type><polygon><username>anonymous</username><pt><x>315</x><y>616</y><time>08-11-20 14:25:22:843</time></pt><pt><x>2679</x><y>616</y><time>08-11-20 14:25:24:819</time></pt><pt><x>2679</x><y>2050</y><time>undefined</time></pt><pt><x>315</x><y>2050</y><time>undefined</time></pt><closed_date>08-11-20 14:25:24:821</closed_date></polygon></object></annotation>