<annotation><filename>m4_s05_055_p_nic077.jpg</filename><folder>users/joselusava//valeria/m4_s05_055_nic</folder><source><submittedBy>Jose Saca</submittedBy></source><imagesize><nrows>2910</nrows><ncols>4361</ncols></imagesize><object><name>m4_s05_055_p_nic077</name><deleted>0</deleted><verified>0</verified><occluded>no</occluded><attributes></attributes><parts><hasparts></hasparts><ispartof></ispartof></parts><date>09-10-20 18:09:21:023</date><id>0</id><type>bounding_box</type><polygon><username>anonymous</username><pt><x>209</x><y>529</y><time>09-10-20 18:09:16:527</time></pt><pt><x>1637</x><y>529</y><time>09-10-20 18:09:18:056</time></pt><pt><x>1637</x><y>2083</y><time>undefined</time></pt><pt><x>209</x><y>2083</y><time>undefined</time></pt><closed_date>09-10-20 18:09:18:057</closed_date></polygon></object></annotation>