<annotation><filename>m2_s05_236_p_nic068.jpg</filename><folder>users/joselusava//museos2020</folder><source><submittedBy>Jose Saca</submittedBy></source><imagesize><nrows>2910</nrows><ncols>4361</ncols></imagesize><object><name>m2_s05_236_p_nic068</name><deleted>0</deleted><verified>0</verified><occluded>no</occluded><attributes></attributes><parts><hasparts></hasparts><ispartof></ispartof></parts><date>17-09-20 08:54:31:115</date><id>0</id><type>bounding_box</type><polygon><username>anonymous</username><pt><x>646</x><y>985</y><time>17-09-20 08:54:23:644</time></pt><pt><x>2808</x><y>985</y><time>17-09-20 08:54:25:201</time></pt><pt><x>2808</x><y>2812</y><time>undefined</time></pt><pt><x>646</x><y>2812</y><time>undefined</time></pt><closed_date>17-09-20 08:54:25:203</closed_date></polygon></object></annotation>