<annotation><filename>m2_s07_264_p_nic011.jpg</filename><folder>users/joselusava//valeria/sala7_264_nic</folder><source><submittedBy>Jose Saca</submittedBy></source><imagesize><nrows>2910</nrows><ncols>4361</ncols></imagesize><object><name>m2_s07_264_p_nic011</name><deleted>0</deleted><verified>0</verified><occluded>no</occluded><attributes></attributes><parts><hasparts></hasparts><ispartof></ispartof></parts><date>23-09-20 19:28:38:683</date><id>0</id><type>bounding_box</type><polygon><username>anonymous</username><pt><x>1328</x><y>1846</y><time>23-09-20 19:28:32:974</time></pt><pt><x>2574</x><y>1846</y><time>23-09-20 19:28:35:261</time></pt><pt><x>2574</x><y>276</y><time>undefined</time></pt><pt><x>1328</x><y>276</y><time>undefined</time></pt><closed_date>23-09-20 19:28:35:262</closed_date></polygon></object></annotation>