<annotation><filename>m2_s06_250_p_nic014.jpg</filename><folder>users/joselusava//m2_jsv/250</folder><source><submittedBy>Jose Saca</submittedBy></source><imagesize><nrows>2910</nrows><ncols>4361</ncols></imagesize><object><name>m2_s06_250_p_nic014</name><deleted>0</deleted><verified>0</verified><occluded>no</occluded><attributes></attributes><parts><hasparts></hasparts><ispartof></ispartof></parts><date>30-09-20 11:26:00:172</date><id>0</id><type>bounding_box</type><polygon><username>anonymous</username><pt><x>4309</x><y>1889</y><time>30-09-20 11:25:58:623</time></pt><pt><x>1384</x><y>1889</y><time>30-09-20 11:25:59:617</time></pt><pt><x>1384</x><y>531</y><time>undefined</time></pt><pt><x>4309</x><y>531</y><time>undefined</time></pt><closed_date>30-09-20 11:25:59:617</closed_date></polygon></object></annotation>