<annotation><filename>m4_s04_045_p_nic040.jpg</filename><folder>users/joselusava//valeria/m04_s04_45_nic</folder><source><submittedBy>Jose Saca</submittedBy></source><imagesize><nrows>2970</nrows><ncols>4451</ncols></imagesize><object><name>m4_s04_045_p_nic040</name><deleted>0</deleted><verified>0</verified><occluded>no</occluded><attributes></attributes><parts><hasparts></hasparts><ispartof></ispartof></parts><date>20-10-20 14:38:09:009</date><id>0</id><type>bounding_box</type><polygon><username>anonymous</username><pt><x>3535</x><y>1736</y><time>20-10-20 14:38:05:530</time></pt><pt><x>4278</x><y>1736</y><time>20-10-20 14:38:06:659</time></pt><pt><x>4278</x><y>565</y><time>undefined</time></pt><pt><x>3535</x><y>565</y><time>undefined</time></pt><closed_date>20-10-20 14:38:06:660</closed_date></polygon></object></annotation>