<annotation><filename>m2_s03_252_p_ic037.jpg</filename><folder>users/joselusava//valeria/m2_sala03_252_ic</folder><source><submittedBy>Jose Saca</submittedBy></source><imagesize><nrows>2910</nrows><ncols>4361</ncols></imagesize><object><name>m2_s06_252_p_ic035</name><deleted>0</deleted><verified>0</verified><occluded>no</occluded><attributes/><parts><hasparts/><ispartof/></parts><date>25-09-20 22:36:50:803</date><id>0</id><type>bounding_box</type><polygon><username>anonymous</username><pt><x>502</x><y>788</y><time>25-09-20 22:36:44:259</time></pt><pt><x>3566</x><y>788</y><time>25-09-20 22:36:46:882</time></pt><pt><x>3566</x><y>2679</y><time>undefined</time></pt><pt><x>502</x><y>2679</y><time>undefined</time></pt><closed_date>25-09-20 22:36:46:883</closed_date></polygon></object><object><name>m2_s06_252_p_ic037</name><deleted>0</deleted><verified>0</verified><occluded>no</occluded><attributes></attributes><parts><hasparts></hasparts><ispartof></ispartof></parts><date>26-09-20 23:42:43:135</date><id>1</id><type>bounding_box</type><polygon><username>anonymous</username><pt><x>502</x><y>766</y><time>26-09-20 23:42:36:593</time></pt><pt><x>3555</x><y>766</y><time>26-09-20 23:42:39:627</time></pt><pt><x>3555</x><y>2673</y><time>undefined</time></pt><pt><x>502</x><y>2673</y><time>undefined</time></pt><closed_date>26-09-20 23:42:39:629</closed_date></polygon></object></annotation>