<annotation><filename>m1_s06_168_p_ic100.jpg</filename><folder>users/joselusava//jacob_2/168ic</folder><source><submittedBy>Jose Saca</submittedBy></source><imagesize><nrows>2736</nrows><ncols>4100</ncols></imagesize><object><name>m1_s06_168_p_ic100</name><deleted>0</deleted><verified>0</verified><occluded>no</occluded><attributes></attributes><parts><hasparts></hasparts><ispartof></ispartof></parts><date>08-09-20 22:56:08:623</date><id>0</id><type>bounding_box</type><polygon><username>anonymous</username><pt><x>1604</x><y>2439</y><time>08-09-20 22:56:06:508</time></pt><pt><x>2398</x><y>2439</y><time>08-09-20 22:56:07:920</time></pt><pt><x>2398</x><y>368</y><time>undefined</time></pt><pt><x>1604</x><y>368</y><time>undefined</time></pt><closed_date>08-09-20 22:56:07:920</closed_date></polygon></object></annotation>