<annotation><filename>m2_s01_024_p_ic087.jpg</filename><folder>users/joselusava//santiago</folder><source><submittedBy>Jose Saca</submittedBy></source><imagesize><nrows>2850</nrows><ncols>4271</ncols></imagesize><object><name>m2_s01_024_p_ic087</name><deleted>0</deleted><verified>0</verified><occluded>no</occluded><attributes></attributes><parts><hasparts></hasparts><ispartof></ispartof></parts><date>24-09-20 23:04:49:820</date><id>0</id><type>bounding_box</type><polygon><username>anonymous</username><pt><x>898</x><y>212</y><time>24-09-20 23:04:41:754</time></pt><pt><x>2690</x><y>212</y><time>24-09-20 23:04:43:847</time></pt><pt><x>2690</x><y>2844</y><time>undefined</time></pt><pt><x>898</x><y>2844</y><time>undefined</time></pt><closed_date>24-09-20 23:04:43:848</closed_date></polygon></object></annotation>