<annotation><filename>m3_s01_023_p_nic048.jpg</filename><folder>users/joselusava//santiago_3</folder><source><submittedBy>Jose Saca</submittedBy></source><imagesize><nrows>2970</nrows><ncols>4451</ncols></imagesize><object><name>m3_s01_023_p_nic048</name><deleted>0</deleted><verified>0</verified><occluded>no</occluded><attributes></attributes><parts><hasparts></hasparts><ispartof></ispartof></parts><date>06-11-20 09:34:27:411</date><id>0</id><type>bounding_box</type><polygon><username>anonymous</username><pt><x>521</x><y>468</y><time>06-11-20 09:34:23:395</time></pt><pt><x>2449</x><y>468</y><time>06-11-20 09:34:25:299</time></pt><pt><x>2449</x><y>2474</y><time>undefined</time></pt><pt><x>521</x><y>2474</y><time>undefined</time></pt><closed_date>06-11-20 09:34:25:301</closed_date></polygon></object></annotation>