<annotation><filename>m2_s01_018_p_ic061.jpg</filename><folder>users/joselusava//santiago_2</folder><source><submittedBy>Jose Saca</submittedBy></source><imagesize><nrows>2850</nrows><ncols>4271</ncols></imagesize><object><name>m2_s01_018_p_ic061</name><deleted>0</deleted><verified>0</verified><occluded>no</occluded><attributes></attributes><parts><hasparts></hasparts><ispartof></ispartof></parts><date>28-09-20 17:48:04:436</date><id>0</id><type>bounding_box</type><polygon><username>anonymous</username><pt><x>1523</x><y>561</y><time>28-09-20 17:47:56:323</time></pt><pt><x>2674</x><y>561</y><time>28-09-20 17:47:57:208</time></pt><pt><x>2674</x><y>1843</y><time>undefined</time></pt><pt><x>1523</x><y>1843</y><time>undefined</time></pt><closed_date>28-09-20 17:47:57:210</closed_date></polygon></object></annotation>