<annotation><filename>m2_s07_264_p_ic063.jpg</filename><folder>users/joselusava//valeria/sala7_264_ic</folder><source><submittedBy>Jose Saca</submittedBy></source><imagesize><nrows>2910</nrows><ncols>4361</ncols></imagesize><object><name>m2_s07_264_p_ic063</name><deleted>0</deleted><verified>0</verified><occluded>no</occluded><attributes></attributes><parts><hasparts></hasparts><ispartof></ispartof></parts><date>23-09-20 11:35:09:003</date><id>0</id><type>bounding_box</type><polygon><username>anonymous</username><pt><x>1273</x><y>358</y><time>23-09-20 11:35:03:598</time></pt><pt><x>2767</x><y>358</y><time>23-09-20 11:35:05:453</time></pt><pt><x>2767</x><y>2353</y><time>undefined</time></pt><pt><x>1273</x><y>2353</y><time>undefined</time></pt><closed_date>23-09-20 11:35:05:454</closed_date></polygon></object></annotation>