<annotation><filename>m2_s01_018_p_nic062.jpg</filename><folder>users/joselusava//santiago_2</folder><source><submittedBy>Jose Saca</submittedBy></source><imagesize><nrows>2850</nrows><ncols>4271</ncols></imagesize><object><name>m2_s01_018_p_nic062</name><deleted>0</deleted><verified>0</verified><occluded>no</occluded><attributes></attributes><parts><hasparts></hasparts><ispartof></ispartof></parts><date>29-09-20 18:22:51:109</date><id>0</id><type>bounding_box</type><polygon><username>anonymous</username><pt><x>3139</x><y>946</y><time>29-09-20 18:22:47:783</time></pt><pt><x>3610</x><y>946</y><time>29-09-20 18:22:48:873</time></pt><pt><x>3610</x><y>1558</y><time>undefined</time></pt><pt><x>3139</x><y>1558</y><time>undefined</time></pt><closed_date>29-09-20 18:22:48:873</closed_date></polygon></object></annotation>