<annotation><filename>m1_s01_001_p_nic060.jpg</filename><folder>users/joselusava//juancarlos</folder><source><submittedBy>Jose Saca</submittedBy></source><imagesize><nrows>3200</nrows><ncols>4800</ncols></imagesize><object><name>m1_s01_001_p_nic060</name><deleted>0</deleted><verified>0</verified><occluded>no</occluded><attributes></attributes><parts><hasparts></hasparts><ispartof></ispartof></parts><date>09-09-20 17:10:09:241</date><id>0</id><type>bounding_box</type><polygon><username>anonymous</username><pt><x>1461</x><y>2497</y><time>09-09-20 17:09:51:207</time></pt><pt><x>2467</x><y>2497</y><time>09-09-20 17:09:55:703</time></pt><pt><x>2467</x><y>2976</y><time>undefined</time></pt><pt><x>1461</x><y>2976</y><time>undefined</time></pt><closed_date>09-09-20 17:09:55:704</closed_date></polygon></object></annotation>