<annotation><filename>m1_s02_029_p_nic066.jpg</filename><folder>users/joselusava//valeria/sala2_029_nic</folder><source><submittedBy>Jose Saca</submittedBy></source><imagesize><nrows>3200</nrows><ncols>4800</ncols></imagesize><object><name>m1_s02_029_p_nic066</name><deleted>0</deleted><verified>0</verified><occluded>no</occluded><attributes></attributes><parts><hasparts></hasparts><ispartof></ispartof></parts><date>26-08-20 20:02:56:831</date><id>0</id><type>bounding_box</type><polygon><username>anonymous</username><pt><x>2797</x><y>1815</y><time>26-08-20 20:02:50:150</time></pt><pt><x>3839</x><y>1815</y><time>26-08-20 20:02:53:409</time></pt><pt><x>3839</x><y>2899</y><time>undefined</time></pt><pt><x>2797</x><y>2899</y><time>undefined</time></pt><closed_date>26-08-20 20:02:53:410</closed_date></polygon></object></annotation>