<annotation><filename>m2_s03_219_p_ic032.jpg</filename><folder>users/joselusava//valeria/m2_sala03_219_ic</folder><source><submittedBy>Jose Saca</submittedBy></source><imagesize><nrows>2910</nrows><ncols>4361</ncols></imagesize><object><name>m2_s03_219_p_ic032</name><deleted>0</deleted><verified>0</verified><occluded>no</occluded><attributes></attributes><parts><hasparts></hasparts><ispartof></ispartof></parts><date>29-09-20 00:11:01:749</date><id>0</id><type>bounding_box</type><polygon><username>anonymous</username><pt><x>1135</x><y>265</y><time>29-09-20 00:10:55:883</time></pt><pt><x>3373</x><y>265</y><time>29-09-20 00:10:57:747</time></pt><pt><x>3373</x><y>2574</y><time>undefined</time></pt><pt><x>1135</x><y>2574</y><time>undefined</time></pt><closed_date>29-09-20 00:10:57:748</closed_date></polygon></object></annotation>