<annotation><filename>m2_s01_018_p_nic015.jpg</filename><folder>users/joselusava//santiago_2</folder><source><submittedBy>Jose Saca</submittedBy></source><imagesize><nrows>2850</nrows><ncols>4271</ncols></imagesize><object><name>m2_s01_018_p_nic015</name><deleted>0</deleted><verified>0</verified><occluded>no</occluded><attributes></attributes><parts><hasparts></hasparts><ispartof></ispartof></parts><date>28-09-20 19:43:14:932</date><id>0</id><type>bounding_box</type><polygon><username>anonymous</username><pt><x>407</x><y>1523</y><time>28-09-20 19:43:04:216</time></pt><pt><x>1125</x><y>1523</y><time>28-09-20 19:43:05:158</time></pt><pt><x>1125</x><y>2289</y><time>undefined</time></pt><pt><x>407</x><y>2289</y><time>undefined</time></pt><closed_date>28-09-20 19:43:05:159</closed_date></polygon></object></annotation>