<annotation><filename>m4_s11_176_p_nic027.jpg</filename><folder>users/joselusava//m4_js/176/nic</folder><source><submittedBy>Jose Saca</submittedBy></source><imagesize><nrows>2970</nrows><ncols>4451</ncols></imagesize><object><name>m4_s11_176_p_nic027</name><deleted>0</deleted><verified>0</verified><occluded>no</occluded><attributes></attributes><parts><hasparts></hasparts><ispartof></ispartof></parts><date>15-10-20 11:31:39:562</date><id>0</id><type>bounding_box</type><polygon><username>anonymous</username><pt><x>3221</x><y>2964</y><time>15-10-20 11:31:37:883</time></pt><pt><x>796</x><y>2964</y><time>15-10-20 11:31:39:027</time></pt><pt><x>796</x><y>1142</y><time>undefined</time></pt><pt><x>3221</x><y>1142</y><time>undefined</time></pt><closed_date>15-10-20 11:31:39:027</closed_date></polygon></object></annotation>