<annotation><filename>m1_s01_021_p_nic085.jpg</filename><folder>users/joselusava//santiago</folder><source><submittedBy>Jose Saca</submittedBy></source><imagesize><nrows>3200</nrows><ncols>4800</ncols></imagesize><object><name>m1_s01_021_p_nic085</name><deleted>0</deleted><verified>0</verified><occluded>no</occluded><attributes></attributes><parts><hasparts></hasparts><ispartof></ispartof></parts><date>16-09-20 22:13:57:903</date><id>0</id><type>bounding_box</type><polygon><username>anonymous</username><pt><x>788</x><y>1821</y><time>16-09-20 22:13:49:682</time></pt><pt><x>1433</x><y>1821</y><time>16-09-20 22:13:51:725</time></pt><pt><x>1433</x><y>2538</y><time>undefined</time></pt><pt><x>788</x><y>2538</y><time>undefined</time></pt><closed_date>16-09-20 22:13:51:726</closed_date></polygon></object></annotation>