<annotation><filename>m4_s02_021_p_ic008.jpg</filename><folder>users/joselusava//santiago_2</folder><source><submittedBy>Jose Saca</submittedBy></source><imagesize><nrows>3000</nrows><ncols>4496</ncols></imagesize><object><name>m4_s02_021_p_ic008</name><deleted>0</deleted><verified>0</verified><occluded>no</occluded><attributes></attributes><parts><hasparts></hasparts><ispartof></ispartof></parts><date>02-10-20 15:14:42:911</date><id>0</id><type>bounding_box</type><polygon><username>anonymous</username><pt><x>1746</x><y>264</y><time>02-10-20 15:14:36:341</time></pt><pt><x>3011</x><y>264</y><time>02-10-20 15:14:39:617</time></pt><pt><x>3011</x><y>2875</y><time>undefined</time></pt><pt><x>1746</x><y>2875</y><time>undefined</time></pt><closed_date>02-10-20 15:14:39:618</closed_date></polygon></object></annotation>