<annotation><filename>m1_s01_004_p_ic071.jpg</filename><folder>users/joselusava//valeria_apoyo/sala001_004ic_ok</folder><source><submittedBy>Jose Saca</submittedBy></source><imagesize><nrows>2000</nrows><ncols>2992</ncols></imagesize><object><name>m1_s01_004_p_ic071</name><deleted>0</deleted><verified>0</verified><occluded>no</occluded><attributes></attributes><parts><hasparts></hasparts><ispartof></ispartof></parts><date>16-09-20 01:12:02:092</date><id>0</id><type>bounding_box</type><polygon><username>anonymous</username><pt><x>2977</x><y>1568</y><time>16-09-20 01:10:27:297</time></pt><pt><x>15</x><y>1568</y><time>16-09-20 01:10:30:177</time></pt><pt><x>15</x><y>447</y><time>undefined</time></pt><pt><x>2977</x><y>447</y><time>undefined</time></pt><closed_date>16-09-20 01:10:30:178</closed_date></polygon></object></annotation>