<annotation><filename>m3_s01_013_p_nic024.jpg</filename><folder>users/joselusava//valeria/m03_s01_13_nic</folder><source><submittedBy>Jose Saca</submittedBy></source><imagesize><nrows>2970</nrows><ncols>4451</ncols></imagesize><object><name>m3_s01_013_p_nic024</name><deleted>0</deleted><verified>0</verified><occluded>no</occluded><attributes></attributes><parts><hasparts></hasparts><ispartof></ispartof></parts><date>06-11-20 21:13:39:465</date><id>0</id><type>bounding_box</type><polygon><username>anonymous</username><pt><x>1399</x><y>2913</y><time>06-11-20 21:13:33:669</time></pt><pt><x>4112</x><y>2913</y><time>06-11-20 21:13:36:197</time></pt><pt><x>4112</x><y>765</y><time>undefined</time></pt><pt><x>1399</x><y>765</y><time>undefined</time></pt><closed_date>06-11-20 21:13:36:198</closed_date></polygon></object></annotation>