<annotation><filename>m2_s01_032_p_nic077.jpg</filename><folder>users/joselusava//santiago_2</folder><source><submittedBy>Jose Saca</submittedBy></source><imagesize><nrows>2850</nrows><ncols>4271</ncols></imagesize><object><name>m2_s01_032_p_nic077</name><deleted>0</deleted><verified>0</verified><occluded>no</occluded><attributes></attributes><parts><hasparts></hasparts><ispartof></ispartof></parts><date>30-09-20 21:15:22:158</date><id>0</id><type>bounding_box</type><polygon><username>anonymous</username><pt><x>2928</x><y>597</y><time>30-09-20 21:15:09:074</time></pt><pt><x>3824</x><y>597</y><time>30-09-20 21:15:09:953</time></pt><pt><x>3824</x><y>1639</y><time>undefined</time></pt><pt><x>2928</x><y>1639</y><time>undefined</time></pt><closed_date>30-09-20 21:15:09:954</closed_date></polygon></object></annotation>