<annotation><filename>m3_s01_013_p_nic097.jpg</filename><folder>users/joselusava//valeria/m03_s01_13_nic</folder><source><submittedBy>Jose Saca</submittedBy></source><imagesize><nrows>2970</nrows><ncols>4451</ncols></imagesize><object><name>m3_s01_013_p_nic097</name><deleted>0</deleted><verified>0</verified><occluded>no</occluded><attributes></attributes><parts><hasparts></hasparts><ispartof></ispartof></parts><date>07-11-20 00:27:34:370</date><id>0</id><type>bounding_box</type><polygon><username>anonymous</username><pt><x>1982</x><y>2861</y><time>07-11-20 00:27:29:275</time></pt><pt><x>3912</x><y>2861</y><time>07-11-20 00:27:31:232</time></pt><pt><x>3912</x><y>640</y><time>undefined</time></pt><pt><x>1982</x><y>640</y><time>undefined</time></pt><closed_date>07-11-20 00:27:31:234</closed_date></polygon></object></annotation>