<annotation><filename>m2_s07_264_p_nic099.jpg</filename><folder>users/joselusava//valeria/sala7_264_nic</folder><source><submittedBy>Jose Saca</submittedBy></source><imagesize><nrows>2910</nrows><ncols>4361</ncols></imagesize><object><name>m2_s07_264_p_nic099</name><deleted>0</deleted><verified>0</verified><occluded>no</occluded><attributes></attributes><parts><hasparts></hasparts><ispartof></ispartof></parts><date>23-09-20 21:52:39:763</date><id>0</id><type>bounding_box</type><polygon><username>anonymous</username><pt><x>3897</x><y>2221</y><time>23-09-20 21:52:32:694</time></pt><pt><x>2160</x><y>2221</y><time>23-09-20 21:52:35:044</time></pt><pt><x>2160</x><y>419</y><time>undefined</time></pt><pt><x>3897</x><y>419</y><time>undefined</time></pt><closed_date>23-09-20 21:52:35:045</closed_date></polygon></object></annotation>