<annotation><filename>m2_s01_018_p_nic056.jpg</filename><folder>users/joselusava//santiago_2</folder><source><submittedBy>Jose Saca</submittedBy></source><imagesize><nrows>2850</nrows><ncols>4271</ncols></imagesize><object><name>m2_s01_018_p_nic056</name><deleted>0</deleted><verified>0</verified><occluded>no</occluded><attributes></attributes><parts><hasparts></hasparts><ispartof></ispartof></parts><date>28-09-20 22:02:15:908</date><id>0</id><type>bounding_box</type><polygon><username>anonymous</username><pt><x>1517</x><y>441</y><time>28-09-20 22:02:13:423</time></pt><pt><x>1880</x><y>441</y><time>28-09-20 22:02:14:186</time></pt><pt><x>1880</x><y>953</y><time>undefined</time></pt><pt><x>1517</x><y>953</y><time>undefined</time></pt><closed_date>28-09-20 22:02:14:187</closed_date></polygon></object></annotation>