<annotation><filename>m2_s01_032_p_nic018.jpg</filename><folder>users/joselusava//santiago_2</folder><source><submittedBy>Jose Saca</submittedBy></source><imagesize><nrows>2850</nrows><ncols>4271</ncols></imagesize><object><name>m2_s01_032_p_nic018</name><deleted>0</deleted><verified>0</verified><occluded>no</occluded><attributes></attributes><parts><hasparts></hasparts><ispartof></ispartof></parts><date>30-09-20 17:54:19:249</date><id>0</id><type>bounding_box</type><polygon><username>anonymous</username><pt><x>2406</x><y>1259</y><time>30-09-20 17:54:16:298</time></pt><pt><x>3444</x><y>1259</y><time>30-09-20 17:54:17:127</time></pt><pt><x>3444</x><y>2582</y><time>undefined</time></pt><pt><x>2406</x><y>2582</y><time>undefined</time></pt><closed_date>30-09-20 17:54:17:128</closed_date></polygon></object></annotation>