<annotation><filename>m4_s04_047_p_ic041.jpg</filename><folder>users/joselusava//kath/kath_m4_047</folder><source><submittedBy>Jose Saca</submittedBy></source><imagesize><nrows>2970</nrows><ncols>4451</ncols></imagesize><object><name>m4_s04_047_p_ic041</name><deleted>0</deleted><verified>0</verified><occluded>no</occluded><attributes></attributes><parts><hasparts></hasparts><ispartof></ispartof></parts><date>24-10-20 14:04:35:392</date><id>0</id><type>bounding_box</type><polygon><username>anonymous</username><pt><x>1775</x><y>223</y><time>24-10-20 14:04:28:827</time></pt><pt><x>2836</x><y>223</y><time>24-10-20 14:04:32:850</time></pt><pt><x>2836</x><y>2680</y><time>undefined</time></pt><pt><x>1775</x><y>2680</y><time>undefined</time></pt><closed_date>24-10-20 14:04:32:851</closed_date></polygon></object></annotation>