<annotation><filename>img_m1_s03-04_101_p_nic034.jpg</filename><folder>users/joselusava//valeria/sala3y4_101_nic</folder><source><submittedBy>Jose Saca</submittedBy></source><imagesize><nrows>3200</nrows><ncols>4800</ncols></imagesize><object><name>m1_s03_s04_101_p_nic034</name><deleted>0</deleted><verified>0</verified><occluded>no</occluded><attributes></attributes><parts><hasparts></hasparts><ispartof></ispartof></parts><date>29-08-20 23:34:01:197</date><id>0</id><type>bounding_box</type><polygon><username>anonymous</username><pt><x>4788</x><y>3182</y><time>29-08-20 23:33:54:664</time></pt><pt><x>1248</x><y>3182</y><time>29-08-20 23:33:57:562</time></pt><pt><x>1248</x><y>1545</y><time>undefined</time></pt><pt><x>4788</x><y>1545</y><time>undefined</time></pt><closed_date>29-08-20 23:33:57:563</closed_date></polygon></object></annotation>