<annotation><filename>m1_s01_017_p_nic060.jpg</filename><folder>users/joselusava//santiago</folder><source><submittedBy>Jose Saca</submittedBy></source><imagesize><nrows>3200</nrows><ncols>4800</ncols></imagesize><object><name>m1_s01_017_p_nic060</name><deleted>0</deleted><verified>0</verified><occluded>no</occluded><attributes></attributes><parts><hasparts></hasparts><ispartof></ispartof></parts><date>11-09-20 19:27:59:926</date><id>0</id><type>bounding_box</type><polygon><username>anonymous</username><pt><x>3002</x><y>2458</y><time>11-09-20 19:27:51:713</time></pt><pt><x>3542</x><y>2458</y><time>11-09-20 19:27:52:833</time></pt><pt><x>3542</x><y>2808</y><time>undefined</time></pt><pt><x>3002</x><y>2808</y><time>undefined</time></pt><closed_date>11-09-20 19:27:52:835</closed_date></polygon></object></annotation>