<annotation><filename>m4_s10_164_p_nic028.jpg</filename><folder>users/joselusava//santiago_2</folder><source><submittedBy>Jose Saca</submittedBy></source><imagesize><nrows>2970</nrows><ncols>4451</ncols></imagesize><object><name>m4_s10_164_p_nic028</name><deleted>0</deleted><verified>0</verified><occluded>no</occluded><attributes></attributes><parts><hasparts></hasparts><ispartof></ispartof></parts><date>13-10-20 23:53:39:382</date><id>0</id><type>bounding_box</type><polygon><username>anonymous</username><pt><x>2017</x><y>1871</y><time>13-10-20 23:53:35:981</time></pt><pt><x>2663</x><y>1871</y><time>13-10-20 23:53:37:375</time></pt><pt><x>2663</x><y>2549</y><time>undefined</time></pt><pt><x>2017</x><y>2549</y><time>undefined</time></pt><closed_date>13-10-20 23:53:37:376</closed_date></polygon></object></annotation>