<annotation><filename>m4_s05_060_p_nic001.jpg</filename><folder>users/joselusava//m4_js/60/nic</folder><source><submittedBy>Jose Saca</submittedBy></source><imagesize><nrows>2910</nrows><ncols>4361</ncols></imagesize><object><name>m4_s05_060_p_nic001</name><deleted>0</deleted><verified>0</verified><occluded>no</occluded><attributes></attributes><parts><hasparts></hasparts><ispartof></ispartof></parts><date>13-10-20 20:59:17:226</date><id>0</id><type>bounding_box</type><polygon><username>anonymous</username><pt><x>4344</x><y>2873</y><time>13-10-20 20:59:12:866</time></pt><pt><x>870</x><y>2873</y><time>13-10-20 20:59:14:693</time></pt><pt><x>870</x><y>1062</y><time>undefined</time></pt><pt><x>4344</x><y>1062</y><time>undefined</time></pt><closed_date>13-10-20 20:59:14:693</closed_date></polygon></object></annotation>