<annotation><filename>m2_s06_244_p_nic046.jpg</filename><folder>users/joselusava//museos2020</folder><source><submittedBy>Jose Saca</submittedBy></source><imagesize><nrows>2910</nrows><ncols>4361</ncols></imagesize><object><name>m2_s06_244_p_ic046</name><deleted>0</deleted><verified>0</verified><occluded>no</occluded><attributes></attributes><parts><hasparts></hasparts><ispartof></ispartof></parts><date>25-09-20 18:58:29:633</date><id>0</id><type>bounding_box</type><polygon><username>anonymous</username><pt><x>442</x><y>1227</y><time>25-09-20 18:58:21:326</time></pt><pt><x>1990</x><y>1227</y><time>25-09-20 18:58:23:414</time></pt><pt><x>1990</x><y>1976</y><time>undefined</time></pt><pt><x>442</x><y>1976</y><time>undefined</time></pt><closed_date>25-09-20 18:58:23:415</closed_date></polygon></object></annotation>