<annotation><filename>m1_s06_168_p_nic040.jpg</filename><folder>users/joselusava//jacob_2/168nic</folder><source><submittedBy>Jose Saca</submittedBy></source><imagesize><nrows>2736</nrows><ncols>4100</ncols></imagesize><object><name>m1_s06_168_p_nic040</name><deleted>0</deleted><verified>0</verified><occluded>no</occluded><attributes></attributes><parts><hasparts></hasparts><ispartof></ispartof></parts><date>08-09-20 23:14:29:961</date><id>0</id><type>bounding_box</type><polygon><username>anonymous</username><pt><x>319</x><y>2709</y><time>08-09-20 23:14:27:001</time></pt><pt><x>1277</x><y>2709</y><time>08-09-20 23:14:28:757</time></pt><pt><x>1277</x><y>1007</y><time>undefined</time></pt><pt><x>319</x><y>1007</y><time>undefined</time></pt><closed_date>08-09-20 23:14:28:757</closed_date></polygon></object></annotation>