<annotation><filename>m4_s12_185_p_ic097.jpg</filename><folder>users/joselusava//valeria/m04_s12_185_ic</folder><source><submittedBy>Jose Saca</submittedBy></source><imagesize><nrows>2910</nrows><ncols>4361</ncols></imagesize><object><name>m4_s12_185_p_ic097</name><deleted>0</deleted><verified>0</verified><occluded>no</occluded><attributes></attributes><parts><hasparts></hasparts><ispartof></ispartof></parts><date>17-10-20 19:00:50:110</date><id>0</id><type>bounding_box</type><polygon><username>anonymous</username><pt><x>1002</x><y>2899</y><time>17-10-20 19:00:44:335</time></pt><pt><x>3106</x><y>2899</y><time>17-10-20 19:00:46:372</time></pt><pt><x>3106</x><y>330</y><time>undefined</time></pt><pt><x>1002</x><y>330</y><time>undefined</time></pt><closed_date>17-10-20 19:00:46:373</closed_date></polygon></object></annotation>