<annotation><filename>m4_s04_037_p_ic075.jpg</filename><folder>users/joselusava//santiago_2</folder><source><submittedBy>Jose Saca</submittedBy></source><imagesize><nrows>2970</nrows><ncols>4451</ncols></imagesize><object><name>m4_s04_037_p_ic075</name><deleted>0</deleted><verified>0</verified><occluded>no</occluded><attributes></attributes><parts><hasparts></hasparts><ispartof></ispartof></parts><date>18-10-20 22:02:41:624</date><id>0</id><type>bounding_box</type><polygon><username>anonymous</username><pt><x>1553</x><y>532</y><time>18-10-20 22:02:37:093</time></pt><pt><x>2881</x><y>532</y><time>18-10-20 22:02:39:179</time></pt><pt><x>2881</x><y>2477</y><time>undefined</time></pt><pt><x>1553</x><y>2477</y><time>undefined</time></pt><closed_date>18-10-20 22:02:39:181</closed_date></polygon></object></annotation>