<annotation><filename>m2_s07_264_p_nic031.jpg</filename><folder>users/joselusava//valeria/sala7_264_nic</folder><source><submittedBy>Jose Saca</submittedBy></source><imagesize><nrows>2910</nrows><ncols>4361</ncols></imagesize><object><name>m2_s07_264_p_nic031</name><deleted>0</deleted><verified>0</verified><occluded>no</occluded><attributes></attributes><parts><hasparts></hasparts><ispartof></ispartof></parts><date>23-09-20 19:55:46:797</date><id>0</id><type>bounding_box</type><polygon><username>anonymous</username><pt><x>452</x><y>2706</y><time>23-09-20 19:55:41:633</time></pt><pt><x>1863</x><y>2706</y><time>23-09-20 19:55:43:639</time></pt><pt><x>1863</x><y>1075</y><time>undefined</time></pt><pt><x>452</x><y>1075</y><time>undefined</time></pt><closed_date>23-09-20 19:55:43:640</closed_date></polygon></object></annotation>