<annotation><filename>m1_s02_065_p_ic018.jpg</filename><folder>users/joselusava//valeria/sala2_065_ic</folder><source><submittedBy>Jose Saca</submittedBy></source><imagesize><nrows>2000</nrows><ncols>2992</ncols></imagesize><object><name>m1_s02_065_p_ic018</name><deleted>0</deleted><verified>0</verified><occluded>no</occluded><attributes></attributes><parts><hasparts></hasparts><ispartof></ispartof></parts><date>25-08-20 21:49:10:877</date><id>0</id><type>bounding_box</type><polygon><username>anonymous</username><pt><x>114</x><y>198</y><time>25-08-20 21:49:02:104</time></pt><pt><x>2923</x><y>198</y><time>25-08-20 21:49:06:759</time></pt><pt><x>2923</x><y>1886</y><time>undefined</time></pt><pt><x>114</x><y>1886</y><time>undefined</time></pt><closed_date>25-08-20 21:49:06:761</closed_date></polygon></object></annotation>