<annotation><filename>m2_s05_236_p_ic009.jpg</filename><folder>users/joselusava//museos2020</folder><source><submittedBy>Jose Saca</submittedBy></source><imagesize><nrows>2910</nrows><ncols>4361</ncols></imagesize><object><name>m2_s05_236_p_ic009</name><deleted>0</deleted><verified>0</verified><occluded>no</occluded><attributes></attributes><parts><hasparts></hasparts><ispartof></ispartof></parts><date>16-09-20 17:55:39:620</date><id>0</id><type>bounding_box</type><polygon><username>anonymous</username><pt><x>358</x><y>60</y><time>16-09-20 17:55:26:896</time></pt><pt><x>4156</x><y>60</y><time>16-09-20 17:55:29:658</time></pt><pt><x>4156</x><y>2757</y><time>undefined</time></pt><pt><x>358</x><y>2757</y><time>undefined</time></pt><closed_date>16-09-20 17:55:29:660</closed_date></polygon></object></annotation>