<annotation><filename>img_m1_s03-04_108_p_ic032.jpg</filename><folder>users/joselusava//valeria/sala3y4_108_ic</folder><source><submittedBy>Jose Saca</submittedBy></source><imagesize><nrows>3200</nrows><ncols>4800</ncols></imagesize><object><name>m1_s03_s04_108_p_ic032</name><deleted>0</deleted><verified>0</verified><occluded>no</occluded><attributes></attributes><parts><hasparts></hasparts><ispartof></ispartof></parts><date>30-08-20 22:45:55:864</date><id>0</id><type>bounding_box</type><polygon><username>anonymous</username><pt><x>4764</x><y>3182</y><time>30-08-20 22:45:44:214</time></pt><pt><x>0</x><y>3182</y><time>30-08-20 22:45:50:350</time></pt><pt><x>0</x><y>921</y><time>undefined</time></pt><pt><x>4764</x><y>921</y><time>undefined</time></pt><closed_date>30-08-20 22:45:50:351</closed_date></polygon></object></annotation>