<annotation><filename>m2_s01_018_p_ic011.jpg</filename><folder>users/joselusava//santiago_2</folder><source><submittedBy>Jose Saca</submittedBy></source><imagesize><nrows>3000</nrows><ncols>4496</ncols></imagesize><object><name>m2_s01_018_p_ic011</name><deleted>0</deleted><verified>0</verified><occluded>no</occluded><attributes></attributes><parts><hasparts></hasparts><ispartof></ispartof></parts><date>26-09-20 18:47:13:602</date><id>0</id><type>bounding_box</type><polygon><username>anonymous</username><pt><x>1637</x><y>938</y><time>26-09-20 18:47:09:616</time></pt><pt><x>2993</x><y>938</y><time>26-09-20 18:47:11:564</time></pt><pt><x>2993</x><y>2335</y><time>undefined</time></pt><pt><x>1637</x><y>2335</y><time>undefined</time></pt><closed_date>26-09-20 18:47:11:565</closed_date></polygon></object></annotation>