<annotation><filename>m2_s01_054_p_ic090.jpg</filename><folder>users/joselusava//kath</folder><source><submittedBy>Jose Saca</submittedBy></source><imagesize><nrows>2850</nrows><ncols>4271</ncols></imagesize><object><name>m2_s01_054_p_ic090</name><deleted>0</deleted><verified>0</verified><occluded>no</occluded><attributes></attributes><parts><hasparts></hasparts><ispartof></ispartof></parts><date>30-09-20 00:06:51:215</date><id>0</id><type>bounding_box</type><polygon><username>anonymous</username><pt><x>1250</x><y>267</y><time>30-09-20 00:06:45:146</time></pt><pt><x>2927</x><y>267</y><time>30-09-20 00:06:48:269</time></pt><pt><x>2927</x><y>2787</y><time>undefined</time></pt><pt><x>1250</x><y>2787</y><time>undefined</time></pt><closed_date>30-09-20 00:06:48:270</closed_date></polygon></object></annotation>