<annotation><filename>m1_s01_004_p_ic022.jpg</filename><folder>users/joselusava//valeria_apoyo/sala001_004ic_ok</folder><source><submittedBy>Jose Saca</submittedBy></source><imagesize><nrows>2000</nrows><ncols>2992</ncols></imagesize><object><name>m1_s01_004_p_ic022</name><deleted>0</deleted><verified>0</verified><occluded>no</occluded><attributes></attributes><parts><hasparts></hasparts><ispartof></ispartof></parts><date>15-09-20 22:28:23:833</date><id>0</id><type>bounding_box</type><polygon><username>anonymous</username><pt><x>34</x><y>1439</y><time>15-09-20 22:28:13:996</time></pt><pt><x>2386</x><y>1439</y><time>15-09-20 22:28:17:411</time></pt><pt><x>2386</x><y>557</y><time>undefined</time></pt><pt><x>34</x><y>557</y><time>undefined</time></pt><closed_date>15-09-20 22:28:17:411</closed_date></polygon></object></annotation>