<annotation><filename>m1_s01_005_p_ic070.jpg</filename><folder>users/joselusava//jacob/sala1/ic</folder><source><submittedBy>Jose Saca</submittedBy></source><imagesize><nrows>2000</nrows><ncols>2992</ncols></imagesize><object><name>m1_s01_005_p_ic070</name><deleted>0</deleted><verified>0</verified><occluded>no</occluded><attributes></attributes><parts><hasparts></hasparts><ispartof></ispartof></parts><date>14-09-20 20:46:35:346</date><id>0</id><type>bounding_box</type><polygon><username>anonymous</username><pt><x>993</x><y>559</y><time>14-09-20 20:46:33:735</time></pt><pt><x>2034</x><y>559</y><time>14-09-20 20:46:34:794</time></pt><pt><x>2034</x><y>1422</y><time>undefined</time></pt><pt><x>993</x><y>1422</y><time>undefined</time></pt><closed_date>14-09-20 20:46:34:794</closed_date></polygon></object></annotation>