<annotation><filename>m4_s09_138_p_ic041.jpg</filename><folder>users/joselusava//santiago_2</folder><source><submittedBy>Jose Saca</submittedBy></source><imagesize><nrows>2970</nrows><ncols>4451</ncols></imagesize><object><name>m4_s09_138_p_ic041</name><deleted>0</deleted><verified>0</verified><occluded>no</occluded><attributes></attributes><parts><hasparts></hasparts><ispartof></ispartof></parts><date>22-10-20 16:34:31:244</date><id>0</id><type>bounding_box</type><polygon><username>anonymous</username><pt><x>289</x><y>386</y><time>22-10-20 16:34:27:104</time></pt><pt><x>4337</x><y>386</y><time>22-10-20 16:34:29:051</time></pt><pt><x>4337</x><y>2588</y><time>undefined</time></pt><pt><x>289</x><y>2588</y><time>undefined</time></pt><closed_date>22-10-20 16:34:29:051</closed_date></polygon></object></annotation>