<annotation><filename>m4_s02_021_p_nic041.jpg</filename><folder>users/joselusava//santiago_2</folder><source><submittedBy>Jose Saca</submittedBy></source><imagesize><nrows>2910</nrows><ncols>4361</ncols></imagesize><object><name>m4_s02_021_p_nic041</name><deleted>0</deleted><verified>0</verified><occluded>no</occluded><attributes></attributes><parts><hasparts></hasparts><ispartof></ispartof></parts><date>04-10-20 22:27:50:893</date><id>0</id><type>bounding_box</type><polygon><username>anonymous</username><pt><x>2432</x><y>87</y><time>04-10-20 22:27:47:335</time></pt><pt><x>3492</x><y>87</y><time>04-10-20 22:27:48:452</time></pt><pt><x>3492</x><y>1781</y><time>undefined</time></pt><pt><x>2432</x><y>1781</y><time>undefined</time></pt><closed_date>04-10-20 22:27:48:452</closed_date></polygon></object></annotation>