<annotation><filename>m3_s01_023_p_ic004.jpg</filename><folder>users/joselusava//museos2020/jc</folder><source><submittedBy>Jose Saca</submittedBy></source><imagesize><nrows>2970</nrows><ncols>4451</ncols></imagesize><object><name>m3_s01_023_p_ic004</name><deleted>0</deleted><verified>0</verified><occluded>no</occluded><attributes></attributes><parts><hasparts></hasparts><ispartof></ispartof></parts><date>04-11-20 18:38:44:627</date><id>0</id><type>bounding_box</type><polygon><username>anonymous</username><pt><x>1392</x><y>450</y><time>04-11-20 18:38:36:635</time></pt><pt><x>3113</x><y>450</y><time>04-11-20 18:38:38:414</time></pt><pt><x>3113</x><y>2506</y><time>undefined</time></pt><pt><x>1392</x><y>2506</y><time>undefined</time></pt><closed_date>04-11-20 18:38:38:414</closed_date></polygon></object></annotation>