<annotation><filename>m2_s06_250_p.jpg</filename><folder>users/joselusava//valeria/m2_sala06_250_ic</folder><source><submittedBy>Jose Saca</submittedBy></source><imagesize><nrows>2910</nrows><ncols>4361</ncols></imagesize><object><name>m2_s06_250_p</name><deleted>0</deleted><verified>0</verified><occluded>no</occluded><attributes></attributes><parts><hasparts></hasparts><ispartof></ispartof></parts><date>30-09-20 21:34:38:963</date><id>0</id><type>bounding_box</type><polygon><username>anonymous</username><pt><x>325</x><y>1901</y><time>30-09-20 21:32:16:634</time></pt><pt><x>4111</x><y>1901</y><time>30-09-20 21:32:19:500</time></pt><pt><x>4111</x><y>772</y><time>undefined</time></pt><pt><x>325</x><y>772</y><time>undefined</time></pt><closed_date>30-09-20 21:32:19:501</closed_date></polygon></object></annotation>