<annotation><filename>m1_s01_017_p_nic012.jpg</filename><folder>users/joselusava//santiago</folder><source><submittedBy>Jose Saca</submittedBy></source><imagesize><nrows>3200</nrows><ncols>4800</ncols></imagesize><object><name>m1_s01_017_p_nic012</name><deleted>0</deleted><verified>0</verified><occluded>no</occluded><attributes></attributes><parts><hasparts></hasparts><ispartof></ispartof></parts><date>11-09-20 18:29:02:670</date><id>0</id><type>bounding_box</type><polygon><username>anonymous</username><pt><x>626</x><y>2019</y><time>11-09-20 18:28:54:817</time></pt><pt><x>1227</x><y>2019</y><time>11-09-20 18:28:55:895</time></pt><pt><x>1227</x><y>2376</y><time>undefined</time></pt><pt><x>626</x><y>2376</y><time>undefined</time></pt><closed_date>11-09-20 18:28:55:897</closed_date></polygon></object></annotation>