<annotation><filename>m4_s04_047_p_nic002.jpg</filename><folder>users/joselusava//kath/kath_m4_047/nic</folder><source><submittedBy>Jose Saca</submittedBy></source><imagesize><nrows>2970</nrows><ncols>4451</ncols></imagesize><object><name>m4_s04_047_p_nic002</name><deleted>0</deleted><verified>0</verified><occluded>no</occluded><attributes></attributes><parts><hasparts></hasparts><ispartof></ispartof></parts><date>24-10-20 17:59:31:373</date><id>0</id><type>bounding_box</type><polygon><username>anonymous</username><pt><x>2881</x><y>379</y><time>24-10-20 17:59:25:510</time></pt><pt><x>3920</x><y>379</y><time>24-10-20 17:59:28:257</time></pt><pt><x>3920</x><y>2718</y><time>undefined</time></pt><pt><x>2881</x><y>2718</y><time>undefined</time></pt><closed_date>24-10-20 17:59:28:259</closed_date></polygon></object></annotation>