<annotation><filename>m2_s06_244_p_ic027.jpg</filename><folder>users/joselusava//museos2020</folder><source><submittedBy>Jose Saca</submittedBy></source><imagesize><nrows>2910</nrows><ncols>4361</ncols></imagesize><object><name>m2_s06_244_p_ic027</name><deleted>0</deleted><verified>0</verified><occluded>no</occluded><attributes></attributes><parts><hasparts></hasparts><ispartof></ispartof></parts><date>22-09-20 12:55:08:672</date><id>0</id><type>bounding_box</type><polygon><username>anonymous</username><pt><x>1247</x><y>1003</y><time>22-09-20 12:55:00:744</time></pt><pt><x>3197</x><y>1003</y><time>22-09-20 12:55:02:371</time></pt><pt><x>3197</x><y>1935</y><time>undefined</time></pt><pt><x>1247</x><y>1935</y><time>undefined</time></pt><closed_date>22-09-20 12:55:02:372</closed_date></polygon></object></annotation>