<annotation><filename>m4_s06_089_p_nic072.jpg</filename><folder>users/joselusava//santiago_2</folder><source><submittedBy>Jose Saca</submittedBy></source><imagesize><nrows>2970</nrows><ncols>4451</ncols></imagesize><object><name>m4_s06_089_p_nic072</name><deleted>0</deleted><verified>0</verified><occluded>no</occluded><attributes></attributes><parts><hasparts></hasparts><ispartof></ispartof></parts><date>12-10-20 22:01:27:011</date><id>0</id><type>bounding_box</type><polygon><username>anonymous</username><pt><x>632</x><y>300</y><time>12-10-20 22:01:23:592</time></pt><pt><x>1474</x><y>300</y><time>12-10-20 22:01:25:011</time></pt><pt><x>1474</x><y>1867</y><time>undefined</time></pt><pt><x>632</x><y>1867</y><time>undefined</time></pt><closed_date>12-10-20 22:01:25:012</closed_date></polygon></object></annotation>