<annotation><filename>m4_s04_045_p_nic057.jpg</filename><folder>users/joselusava//valeria/m04_s04_45_nic</folder><source><submittedBy>Jose Saca</submittedBy></source><imagesize><nrows>2970</nrows><ncols>4451</ncols></imagesize><object><name>m4_s04_045_p_nic057</name><deleted>0</deleted><verified>0</verified><occluded>no</occluded><attributes></attributes><parts><hasparts></hasparts><ispartof></ispartof></parts><date>20-10-20 15:13:09:234</date><id>0</id><type>bounding_box</type><polygon><username>anonymous</username><pt><x>3518</x><y>2028</y><time>20-10-20 15:13:04:700</time></pt><pt><x>4135</x><y>2028</y><time>20-10-20 15:13:06:123</time></pt><pt><x>4135</x><y>1205</y><time>undefined</time></pt><pt><x>3518</x><y>1205</y><time>undefined</time></pt><closed_date>20-10-20 15:13:06:125</closed_date></polygon></object></annotation>