<annotation><filename>m2_s03_201_p_ic079.jpg</filename><folder>users/joselusava//eg</folder><source><submittedBy>Jose Saca</submittedBy></source><imagesize><nrows>2910</nrows><ncols>4361</ncols></imagesize><object><name>m2_s03_201_p_ic079</name><deleted>0</deleted><verified>0</verified><occluded>no</occluded><attributes></attributes><parts><hasparts></hasparts><ispartof></ispartof></parts><date>17-09-20 07:51:46:519</date><id>0</id><type>bounding_box</type><polygon><username>anonymous</username><pt><x>1082</x><y>394</y><time>17-09-20 07:51:35:806</time></pt><pt><x>3053</x><y>394</y><time>17-09-20 07:51:38:344</time></pt><pt><x>3053</x><y>2509</y><time>undefined</time></pt><pt><x>1082</x><y>2509</y><time>undefined</time></pt><closed_date>17-09-20 07:51:38:346</closed_date></polygon></object></annotation>