<annotation><filename>m2_s02_125_x.jpg</filename><folder>users/joselusava//m2_jsv</folder><source><submittedBy>Jose Saca</submittedBy></source><imagesize><nrows>2910</nrows><ncols>4361</ncols></imagesize><object><name>m2_s02_125_x</name><deleted>0</deleted><verified>0</verified><occluded>no</occluded><attributes></attributes><parts><hasparts></hasparts><ispartof></ispartof></parts><date>19-09-20 23:29:46:900</date><id>0</id><type>bounding_box</type><polygon><username>anonymous</username><pt><x>2986</x><y>2185</y><time>19-09-20 23:29:45:258</time></pt><pt><x>1158</x><y>2185</y><time>19-09-20 23:29:46:348</time></pt><pt><x>1158</x><y>749</y><time>undefined</time></pt><pt><x>2986</x><y>749</y><time>undefined</time></pt><closed_date>19-09-20 23:29:46:348</closed_date></polygon></object></annotation>