<annotation><filename>m1_s06_168_p_nic021.jpg</filename><folder>users/joselusava//jacob_2/168nic</folder><source><submittedBy>Jose Saca</submittedBy></source><imagesize><nrows>2736</nrows><ncols>4100</ncols></imagesize><object><name>m1_s06_168_p_nic021</name><deleted>0</deleted><verified>0</verified><occluded>no</occluded><attributes></attributes><parts><hasparts></hasparts><ispartof></ispartof></parts><date>08-09-20 23:06:22:365</date><id>0</id><type>bounding_box</type><polygon><username>anonymous</username><pt><x>2030</x><y>2521</y><time>08-09-20 23:06:20:302</time></pt><pt><x>3290</x><y>2521</y><time>08-09-20 23:06:21:820</time></pt><pt><x>3290</x><y>1048</y><time>undefined</time></pt><pt><x>2030</x><y>1048</y><time>undefined</time></pt><closed_date>08-09-20 23:06:21:820</closed_date></polygon></object></annotation>