<annotation><filename>m1_s06_186_p_nic060.jpg</filename><folder>users/joselusava//jacob_2/186nic</folder><source><submittedBy>Jose Saca</submittedBy></source><imagesize><nrows>2736</nrows><ncols>4100</ncols></imagesize><object><name>m1_s06_186_p_nic060</name><deleted>0</deleted><verified>0</verified><occluded>no</occluded><attributes></attributes><parts><hasparts></hasparts><ispartof></ispartof></parts><date>09-09-20 23:23:44:003</date><id>0</id><type>bounding_box</type><polygon><username>anonymous</username><pt><x>2390</x><y>892</y><time>09-09-20 23:23:42:090</time></pt><pt><x>3445</x><y>892</y><time>09-09-20 23:23:43:533</time></pt><pt><x>3445</x><y>2480</y><time>undefined</time></pt><pt><x>2390</x><y>2480</y><time>undefined</time></pt><closed_date>09-09-20 23:23:43:533</closed_date></polygon></object></annotation>