<annotation><filename>m4_s11_178_p_nic096.jpg</filename><folder>users/joselusava//santiago_2</folder><source><submittedBy>Jose Saca</submittedBy></source><imagesize><nrows>2970</nrows><ncols>4451</ncols></imagesize><object><name>m4_s11_178_p_nic096</name><deleted>0</deleted><verified>0</verified><occluded>no</occluded><attributes></attributes><parts><hasparts></hasparts><ispartof></ispartof></parts><date>16-10-20 11:53:38:416</date><id>0</id><type>bounding_box</type><polygon><username>anonymous</username><pt><x>2706</x><y>1556</y><time>16-10-20 11:53:35:097</time></pt><pt><x>3730</x><y>1556</y><time>16-10-20 11:53:36:403</time></pt><pt><x>3730</x><y>2638</y><time>undefined</time></pt><pt><x>2706</x><y>2638</y><time>undefined</time></pt><closed_date>16-10-20 11:53:36:403</closed_date></polygon></object></annotation>