<annotation><filename>m4_s10_154_p_nic053.jpg</filename><folder>users/joselusava//valeria/m04_s10_154_nic</folder><source><submittedBy>Jose Saca</submittedBy></source><imagesize><nrows>2970</nrows><ncols>4451</ncols></imagesize><object><name>m4_s10_154_p_nic053</name><deleted>0</deleted><verified>0</verified><occluded>no</occluded><attributes></attributes><parts><hasparts></hasparts><ispartof></ispartof></parts><date>14-10-20 13:11:05:180</date><id>0</id><type>bounding_box</type><polygon><username>anonymous</username><pt><x>3484</x><y>2028</y><time>14-10-20 13:10:59:805</time></pt><pt><x>2633</x><y>2028</y><time>14-10-20 13:11:01:983</time></pt><pt><x>2633</x><y>583</y><time>undefined</time></pt><pt><x>3484</x><y>583</y><time>undefined</time></pt><closed_date>14-10-20 13:11:01:984</closed_date></polygon></object></annotation>