<annotation><filename>m2_s06_244_p_ic023.jpg</filename><folder>users/joselusava//museos2020</folder><source><submittedBy>Jose Saca</submittedBy></source><imagesize><nrows>2910</nrows><ncols>4361</ncols></imagesize><object><name>m2_s06_244_p_ic023</name><deleted>0</deleted><verified>0</verified><occluded>no</occluded><attributes></attributes><parts><hasparts></hasparts><ispartof></ispartof></parts><date>22-09-20 12:48:18:438</date><id>0</id><type>bounding_box</type><polygon><username>anonymous</username><pt><x>1161</x><y>1032</y><time>22-09-20 12:47:57:697</time></pt><pt><x>3018</x><y>1032</y><time>22-09-20 12:48:01:146</time></pt><pt><x>3018</x><y>1770</y><time>undefined</time></pt><pt><x>1161</x><y>1770</y><time>undefined</time></pt><closed_date>22-09-20 12:48:01:147</closed_date></polygon></object></annotation>