<annotation><filename>m2_s03_219_p_ic004.jpg</filename><folder>users/joselusava//valeria/m2_sala03_219_ic</folder><source><submittedBy>Jose Saca</submittedBy></source><imagesize><nrows>2910</nrows><ncols>4361</ncols></imagesize><object><name>m2_s03_219_p_ic004</name><deleted>0</deleted><verified>0</verified><occluded>no</occluded><attributes></attributes><parts><hasparts></hasparts><ispartof></ispartof></parts><date>28-09-20 23:37:17:818</date><id>0</id><type>bounding_box</type><polygon><username>anonymous</username><pt><x>1356</x><y>50</y><time>28-09-20 23:37:11:668</time></pt><pt><x>3075</x><y>50</y><time>28-09-20 23:37:14:093</time></pt><pt><x>3075</x><y>2651</y><time>undefined</time></pt><pt><x>1356</x><y>2651</y><time>undefined</time></pt><closed_date>28-09-20 23:37:14:094</closed_date></polygon></object></annotation>