<annotation><filename>m4_s10_164_p_nic082.jpg</filename><folder>users/joselusava//santiago_2</folder><source><submittedBy>Jose Saca</submittedBy></source><imagesize><nrows>2970</nrows><ncols>4451</ncols></imagesize><object><name>m4_s10_164_p_nic082</name><deleted>0</deleted><verified>0</verified><occluded>no</occluded><attributes></attributes><parts><hasparts></hasparts><ispartof></ispartof></parts><date>14-10-20 16:17:33:409</date><id>0</id><type>bounding_box</type><polygon><username>anonymous</username><pt><x>560</x><y>732</y><time>14-10-20 16:17:30:498</time></pt><pt><x>1025</x><y>732</y><time>14-10-20 16:17:31:165</time></pt><pt><x>1025</x><y>1324</y><time>undefined</time></pt><pt><x>560</x><y>1324</y><time>undefined</time></pt><closed_date>14-10-20 16:17:31:165</closed_date></polygon></object></annotation>